标题,地址,户型,面积,朝向,装修情况,层数,建造时间,楼型,总价,每平米单价,关注人数,带看次数,发布时间,标签,详情链接,房源标签,核心卖点,小区介绍,周边配套,交通出行,税费解析,权属抵押,上次交易,挂牌时间,交易权属,房屋用途,房屋年限,产权所属,抵押信息,交易属性,户型分间,解析状态
此房满五唯一，税费少，业主诚意卖,"中海日辉台 , 坂田",2室1厅,63.43平米,东,简装,中楼层(共6层),2005年,塔楼,270 万,42567 元,38,,,近地铁 | VR看装修 | 房本满五年,https://sz.lianjia.com/ershoufang/105109226514.html,地铁 | VR看装修 | 房本满五年,房子满五年唯一，税费少，视野开阔，采光充足,小区英文名Sunshine Aloha，整体采用夏威夷情态建筑群落风格，住宅楼型为多层与小高层相结合，户型主要以小三房为主。备案名称日辉台花园，是坂田容ji率低的小区，才1.7，达到别墅的容ji率，绿hua率65%，最早一栋拿预售的时间是2004年9月22日。,小区西南处2公里有坂田天虹、佳华大型商场，小区北面有万科城饮食街，西门100米就是公园,1.地铁，十号线贝尔站就在楼下，连接华南城，华为，莲花山，会展zhong心，福田口岸 2.高速，2公里到G94珠三角，2.5公里上清平高速，3.5公里上南坪快速 3.公交，有34条公交线路，快速直达深圳各个板块,,,2010-12-01,2021-11-11,商品房,普通住宅,满五年,非共有,无抵押,挂牌时间:2021-11-11 | 交易权属:商品房 | 上次交易:2010-12-01 | 房屋用途:普通住宅 | 房屋年限:满五年 | 产权所属:非共有 | 抵押信息:无抵押 | 房本备件:已上传房本照片,客厅 / 20.95平米 / 东 / 落地窗 ; 卧室A / 12.3平米 / 无 / 未知窗户类型 ; 卧室B / 8.27平米 / 无 / 未知窗户类型 ; 厨房 / 4.59平米 / 无 / 普通窗 ; 卫生间 / 3.37平米 / 南 / 落地窗 ; 阳台A / 2.85平米 / 东 / 普通窗 ; 阳台B / 3.58平米 / 北 东 南 / 普通窗,
地铁口物业，电梯房，位置佳，业主诚心出售，欢迎带看,"绿怡居 , 坂田",1室1厅,51.53平米,南,,高楼层(共23层),2003年,板塔结合,180 万,34932 元,0,,,近地铁 | VR房源,https://sz.lianjia.com/ershoufang/105115359150.html,地铁 | VR房源,地铁口物业，带电梯，交通便利，位置佳，欢迎带看。,绿怡居与富豪花园是同一个开发商建造，小区是由低层楼梯房，和高层电梯房组成。占地6000平共909户，1992年批地2003年竣工，与占地约27000㎡共425户的富豪花园共享一个大园林，同一个物业。小区北门就是环中线坂田A出口，是真正的地铁口小区,绿怡居位于龙岗区布吉镇坂田长坑地段布龙公路168号，1到4楼有6000㎡底商，北侧有万科商写综合体在建。300米旭景二期内有旭景幼稚园。400m有大族云峰商场；距小区300米有两万㎡万科里。2km内有阳光湾畔、8号仓、坂田天虹等商场。1km有坂田医院,"交通四通八达,小区在布龙路坂雪岗大道两大动脉交汇西南侧,南面1km上坂银南坪,通达福田南山方便；东面两个灯位上清平水官,通达罗湖盐田惠州；西侧2km上G94,通达宝安东莞广州；北达天安和华为。北门即5号线坂田地铁口,1站换10号线到福田口岸,东门即公交站",,,暂无数据,2023-11-17,商品房,普通住宅,暂无数据,非共有,有抵押,挂牌时间:2023-11-17 | 交易权属:商品房 | 上次交易:暂无数据 | 房屋用途:普通住宅 | 房屋年限:暂无数据 | 产权所属:非共有 | 抵押信息:有抵押 | 房本备件:未上传房本照片,客厅 / 16.93平米 / 北 / 普通窗 ; 卧室 / 9.83平米 / 北 / 普通窗 ; 厨房 / 2.77平米 / 东 / 普通窗 ; 卫 / 4.23平米 / 无 / 无窗 ; 阳台 / 4.68平米 / 北 东 / 普通窗,
信义嘉御山 4室2厅 南,"信义嘉御山 , 坂田",4室2厅,169.78平米,南,,高楼层(共31层),2013年,板塔结合,1090 万,64201 元,0,,12天以前发布,近地铁 | VR房源,https://sz.lianjia.com/ershoufang/105122243441.html,地铁 | VR房源,,,,,,,暂无数据,2025-09-25,商品房,普通住宅,暂无数据,非共有,有抵押 900万元,挂牌时间:2025-09-25 | 交易权属:商品房 | 上次交易:暂无数据 | 房屋用途:普通住宅 | 房屋年限:暂无数据 | 产权所属:非共有 | 抵押信息:有抵押 900万元 | 房本备件:未上传房本照片,客厅 / 47.45平米 / 无 / 未知窗户类型 ; 卧室A / 12.62平米 / 南 / 普通窗 ; 卧室B / 8.69平米 / 北 / 落地窗 ; 卧室C / 34.03平米 / 无 / 未知窗户类型 ; 卧室D / 13.6平米 / 南 / 普通窗 ; 厨房 / 7.14平米 / 北 / 落地窗 ; 卫生间A / 3.92平米 / 无 / 未知窗户类型 ; 卫生间B / 4.93平米 / 无 / 未知窗户类型 ; 阳台A / 7.11平米 / 西 北 东 / 落地窗 ; 阳台B / 8.78平米 / 西 东 南 / 普通窗 ; 储物间 / 2.41平米 / 无 / 无窗 ; 过道A / 1.49平米 / 无 / 无窗 ; 过道B / 4.05平米 / 无 / 无窗,
地铁口 高楼层户型方正 满两年税费少 高楼层视野开阔,"和成嘉业 , 坂田",3室2厅,92.63平米,东北,精装,中楼层(共31层),2020年,,470 万,50740 元,3,,,近地铁 | VR看装修 | 房本满五年,https://sz.lianjia.com/ershoufang/105118566315.html,地铁 | VR看装修 | 房本满五年,满两年税费少  价格可谈 坂田次新小区，保养好可直接拎包入住,"小区由金和成开发和管理,于2016年批地,2020年入伙,共有800多户,两层车库,车位不紧张,车位1：1，主力户型为82-89-91-118-140平,3-5房都是带装修交楼,采光好,围合式建筑风格,人车分流,小区地势高,通风好,",小区自带乒乓球室、棋牌室及锻炼器材广场。门口有华润万家，钱大妈，龙华大润发沃尔玛往返车等满足业主的日常需求。步行700米可至杨美美食街，鑫华盛百货，美家福百货等。距离深圳坂田医院2500米。3公里内有坂田天虹，佳华领汇广场，8号仓，星河。,（参靠高德地图）地铁5号线杨美站C出口792米，西至前海湾东至黄贝岭。东南门M572路可直达终点深圳北站或步行792米至杨美地铁公交站有多条公交路线可达深圳各区域。可直上布龙路、清平、南坪、水官，坂银隧道已建成通车，实现10公里至福田皇岗立交。,,,2019-12-05,2024-10-12,商品房,普通住宅,满五年,非共有,有抵押 240万元 招商银行,挂牌时间:2024-10-12 | 交易权属:商品房 | 上次交易:2019-12-05 | 房屋用途:普通住宅 | 房屋年限:满五年 | 产权所属:非共有 | 抵押信息:有抵押 240万元 招商银行 | 房本备件:已上传房本照片,客厅 / 19.92平米 / 西北 / 普通窗 ; 卧室A / 6.73平米 / 东北 / 普通窗 ; 卧室B / 13.27平米 / 无 / 未知窗户类型 ; 卧室C / 8.57平米 / 无 / 未知窗户类型 ; 厨房 / 6.55平米 / 东北 / 普通窗 ; 卫A / 3.61平米 / 东南 / 普通窗 ; 卫B / 3.09平米 / 东北 / 普通窗 ; 阳台 / 4.53平米 / 西南 西北 东北 / 普通窗 ; 过道 / 2.93平米 / 无 / 无窗,
此房满五年红本，前后大院子，适合养老居住.,"万科四季花城二期 , 坂田",3室2厅,103.55平米,东,简装,6层,2000年,板楼,520 万,50218 元,39,,,近地铁 | VR看装修,https://sz.lianjia.com/ershoufang/105113472473.html,地铁 | VR看装修,"此房满五年红本，前后大院子，适合养老居住,院子有两个，",小区由万科地产集团开发，一共有36个独立苑，共分七期开发，花园式小区，绿化植被很多，带露天游泳池和健身会所及相应运动器械供住户健身，社区运动氛围棒；万科物业24小时严格管控，夜间有保安巡逻，外人基本无法随意出入，人车分流，充分保护行人安全。,小区内有博雅幼儿园、海丽达幼儿园等，商场类有华润万家，五和购物广场、海达和成购物广场、坂田民营市场等。医疗类有深圳坂田医院、龙华人民医院、布吉医院。,小区东门距离地铁5号线和10号线50米，地铁连接的站点有深圳北站、布吉、太安、黄贝岭、宝安、前海湾（以上都为地铁中转站）交通发达，有布龙路、梅观高速、机荷高速、南坪快速等，乘坐公交或驾车出行到福田、罗湖、南山等地较方便城社康医院（小区内）；,,,暂无数据,2023-04-24,商品房,普通住宅,暂无数据,非共有,无抵押,挂牌时间:2023-04-24 | 交易权属:商品房 | 上次交易:暂无数据 | 房屋用途:普通住宅 | 房屋年限:暂无数据 | 产权所属:非共有 | 抵押信息:无抵押 | 房本备件:未上传房本照片,客厅 / 34.77平米 / 西 东 / 普通窗 ; 卧室A / 14.16平米 / 西 / 落地窗 ; 卧室B / 8.18平米 / 西 / 普通窗 ; 卧室C / 13.64平米 / 东 / 普通窗 ; 厨房 / 5.67平米 / 西 / 普通窗 ; 卫生间 / 3.47平米 / 北 / 普通窗 ; 花园A / 22.98平米 / 北 东 南 / 普通窗 ; 花园B / 14.86平米 / 西 北 南 / 普通窗 ; 过道 / 3.14平米 / 无 / 无窗,
红本满五 税费低 地铁近  双阳台 采光好 三楼很通透,"万科四季花城二期 , 坂田",3室2厅,103.28平米,东,简装,6层,2000年,板楼,425 万,41151 元,4,,23天以前发布,VR看装修 | 房本满五年 | 随时看房,https://sz.lianjia.com/ershoufang/105122132309.html,VR看装修 | 房本满五年 | 随时看房,红本满五年，租费低，双地铁口，前后双阳台，急卖急卖急卖,小区由万科地产集团开发，一共有36个独立苑，共分七期开发，花园式小区，绿化植被很多，带露天游泳池和健身会所及相应运动器械供住户健身，社区运动氛围棒；万科物业24小时严格管控，夜间有保安巡逻，外人基本无法随意出入，人车分流，充分保护行人,小区内有2个公立幼儿园、海丽达等，商场类有华润万家，海达和成购物广场、伍和五广场，8号仓奥特莱斯等。深圳坂田医院、第二儿童医院，花城社康医院（小区内）；网球场，篮球场，健身会所等！,地铁5号线和10号线五和站A口，交通发达，小区旁边有布龙路、梅观高速、机荷高速、南坪快速等，乘坐公交或驾车出行到福田、罗湖、南山等地较方便（距离信息来源于百度地图）还有在修的深大城际和深惠城际,,,2011-01-31,2025-09-14,商品房,普通住宅,满五年,非共有,无抵押,挂牌时间:2025-09-14 | 交易权属:商品房 | 上次交易:2011-01-31 | 房屋用途:普通住宅 | 房屋年限:满五年 | 产权所属:非共有 | 抵押信息:无抵押 | 房本备件:已上传房本照片,客厅 / 35.11平米 / 西 东 / 普通窗 ; 卧室A / 16.59平米 / 无 / 未知窗户类型 ; 卧室B / 9.92平米 / 西 / 落地窗 ; 卧室C / 8.2平米 / 西 / 落地窗 ; 厨房 / 5.47平米 / 西 / 普通窗 ; 卫A / 4.37平米 / 北 / 普通窗 ; 卫B / 3.01平米 / 东 / 普通窗 ; 阳台A / 3.85平米 / 北 东 东北 南 东南 / 普通窗 ; 阳台B / 3.23平米 / 西 北 / 普通窗,
四季花城50平花园 精装修 可以直接拎包入住,"万科四季花城六期 , 坂田",3室2厅,116.01平米,东南,,低楼层(共7层),2002年,板楼,560 万,48272 元,7,,,近地铁 | VR看装修 | 随时看房,https://sz.lianjia.com/ershoufang/105120104596.html,地铁 | VR看装修 | 随时看房,产权满五年，税少，50平花园 位置安静,小区由万科地产集团开发，一共有36个独立苑，共分七期开发，花园式小区，绿化植被很多，带露天游泳池和健身会所及相应运动器械供住户健身，社区运动氛围棒；万科物业24小时严格管控，夜间有保安巡逻，外人基本无法随意出入，人车分流，充分保护行人!,小区内有2个公立幼儿园、海丽达幼儿园，华润万家，五和购物广场、海达和成购物广场、坂田民营市场等。医疗类有深圳坂田医院、龙华人民医院、布吉医院花城社康医院（小区内）；银行为招商银行、中国银行、民生银行自助机及平安银行等，各式卖菜.,地铁5号线和10号线五和站A口350米，交通发达，小区旁边有布龙路、梅观高速、机荷高速、南坪快速等，乘坐公交或驾车出行到福田、罗湖、南山等地较方便（距离信息来源于百度地图）还有在修的深大城际和深惠城际,,,暂无数据,2025-03-19,商品房,普通住宅,暂无数据,共有,无抵押,挂牌时间:2025-03-19 | 交易权属:商品房 | 上次交易:暂无数据 | 房屋用途:普通住宅 | 房屋年限:暂无数据 | 产权所属:共有 | 抵押信息:无抵押 | 房本备件:未上传房本照片,客厅 / 29.85平米 / 东 / 落地窗 ; 餐厅 / 12.94平米 / 西 北 南 / 落地窗 ; 卧室A / 12.52平米 / 无 / 未知窗户类型 ; 卧室B / 12.47平米 / 西南 东北 东南 / 落地窗 ; 卧室C / 16.19平米 / 南 / 普通窗 ; 厨房 / 6.45平米 / 西 / 普通窗 ; 卫A / 3.4平米 / 东 / 普通窗 ; 卫B / 4.33平米 / 南 / 普通窗 ; 阳台A / 5.71平米 / 东 / 落地窗 ; 阳台B / 7.82平米 / 西 东 南 / 普通窗 ; 过道 / 6.56平米 / 无 / 无窗,
华为地铁口，四米五层高精装复式，通燃气高层采光好,"华创云轩 , 坂田",2室2厅,34.15平米,东南,精装,21层,2018年,板楼,106 万,31040 元,6,,,近地铁 | 房本满五年 | 随时看房,https://sz.lianjia.com/ershoufang/105108595483.html,地铁 | 房本满五年 | 随时看房,华为地铁口，四米五层高精装复式，通燃气高层采光好,华创云轩占地面积：12553平方米 共2栋，其中A栋20层，B栋21层 小区有地下停车场车位充足，有四层商场，4楼为空中花园。,配套有楼下四层的长龙mall商场，万科城风情购物街、天虹商场、坂田购物广场，天安云谷大型商场，百佳华商场，小区自带上下四层的商场,华创云轩位于深圳市龙岗区坂雪岗科技城， 华为总部基地，交通便利，梅观高速、南坪快速、坂雪岗大道等交通，坂银隧道已开通去往罗湖福田很便利,,,2018-05-15,2021-09-01,商品房,商业办公类,满五年,非共有,有抵押 79万元 金融公司垫资,挂牌时间:2021-09-01 | 交易权属:商品房 | 上次交易:2018-05-15 | 房屋用途:商业办公类 | 房屋年限:满五年 | 产权所属:非共有 | 抵押信息:有抵押 79万元 金融公司垫资 | 房本备件:已上传房本照片,客厅 / 14.93平米 / 南 / 落地窗 ; 卧室A / 7.18平米 / 南 / 落地窗 ; 卧室B / 6.11平米 / 北 / 普通窗 ; 厨房 / 3.41平米 / 北 / 普通窗 ; 卫 / 2.53平米 / 北 / 普通窗 ; 过道 / 3.98平米 / 无 / 无窗,
嘉霖华禧，朝南三房，看花园，采光好，装修保养好,"嘉霖华禧 , 坂田",3室2厅,87.22平米,南,精装,高楼层(共33层),2017年,塔楼,370 万,42422 元,9,,,近地铁 | VR看装修 | 随时看房,https://sz.lianjia.com/ershoufang/105118954304.html,地铁 | VR看装修 | 随时看房,满五年，少量欠款，中高楼层，朝南看花园，采光好，自住装修,嘉霖华禧小区位于深圳市龙岗区坂田街道，由深圳市嘉兴福房地产开发建成，总建筑面积78718.8，总占地面积18361.9，共计房屋773户，小区物业为深圳市嘉盈物业！,,小区位于深圳市坂雪岗科技城坂澜大道与环城北路交汇处，属于深圳中部发展轴心。坂澜大道、坂银通道、梅观高速、机荷高速等多条高速、快速干道出入，交通十分便利. 地铁10号线雪象站已通车，小区门口有：市人民医院坂田院区公交站，有直达深圳各个区域,,,2024-11-18,2024-11-18,商品房,普通住宅,未满两年,非共有,有抵押 230万元,挂牌时间:2024-11-18 | 交易权属:商品房 | 上次交易:2024-11-18 | 房屋用途:普通住宅 | 房屋年限:未满两年 | 产权所属:非共有 | 抵押信息:有抵押 230万元 | 房本备件:已上传房本照片,客厅 / 25.25平米 / 南 / 普通窗 ; 卧室A / 8.64平米 / 无 / 未知窗户类型 ; 卧室B / 11平米 / 无 / 未知窗户类型 ; 卧室C / 9.58平米 / 无 / 未知窗户类型 ; 厨房 / 5.92平米 / 西 / 普通窗 ; 卫 / 4.02平米 / 无 / 未知窗户类型 ; 阳台 / 4.64平米 / 南 / 普通窗 ; 过道 / 4.13平米 / 无 / 无窗,
佳兆业一期，华为旁，中高楼层采光好视野开阔，带入户,"佳兆业中央广场一期 , 坂田",3室2厅,88.65平米,北,精装,低楼层(共48层),2013年,塔楼,460 万,51890 元,0,,,近地铁 | VR看装修 | 房本满五年 | 随时看房,https://sz.lianjia.com/ershoufang/105120941399.html,地铁 | VR看装修 | 房本满五年 | 随时看房,房子满五年非唯一红本在手，精装修，保养好，可拎包入住。,小区总共分为6期开发建设，壹万多户的大社区，总占地约三十万，项目总建面约壹佰捌拾万平左右，十五万平米综合MALL，加270米酒店（六期项目），新社区，人车分流，社区有自己的健身广场和花园，园林式社区,新社区，人车分流，24小时保安轮流值班，社区有自己的健身广场和花园，园林式社区。依托高新技术产业园，佳兆业城市广场物业形态丰富，集住宅、酒店于一体。小区左边是天安云谷、华为总部基地，配套齐全,10号线双地铁物业，项目是挨着坂雪岗大道和坂澜大道，沿着坂雪岗大道可以去梅林关，也可以转布龙路转南坪快速和水官高速，也可以从转贝尔路再转梅关高速，上坂澜大道可以去观澜也可以去平湖；多条公交路线直达罗湖、福田，交通很便利,,,2013-08-19,2025-06-03,商品房,普通住宅,满五年,非共有,无抵押,挂牌时间:2025-06-03 | 交易权属:商品房 | 上次交易:2013-08-19 | 房屋用途:普通住宅 | 房屋年限:满五年 | 产权所属:非共有 | 抵押信息:无抵押 | 房本备件:已上传房本照片,客厅 / 25.92平米 / 北 南 / 普通窗 ; 卧室A / 8.78平米 / 无 / 未知窗户类型 ; 卧室B / 13.69平米 / 无 / 未知窗户类型 ; 卧室C / 8.14平米 / 无 / 未知窗户类型 ; 厨房 / 5.04平米 / 西 / 普通窗 ; 卫A / 4.56平米 / 无 / 未知窗户类型 ; 卫B / 3.78平米 / 北 / 普通窗 ; 阳台A / 3.06平米 / 西 / 普通窗 ; 阳台B / 4.74平米 / 西 北 东 / 普通窗 ; 过道 / 2.99平米 / 无 / 无窗 ; 门厅 / 8.93平米 / 北 / 落地窗,
南向 三房两卫 高楼层 双地铁口 配套好,"佳兆业中央广场三期 , 坂田",3室2厅,86.57平米,南,精装,46层,2015年,塔楼,430 万,49671 元,1,,31天以前发布,近地铁 | VR看装修 | 随时看房,https://sz.lianjia.com/ershoufang/105122049461.html,地铁 | VR看装修 | 随时看房,南向 三房两卫 高楼层 双地铁口 配套好,小区总共分为6期开发的大楼盘。3个幼儿园：自带综合MALL，加270米万豪酒店（六期项目），二期的地理位置很好，小区东门门口200米就是地铁口雪象站,,项目是在坂雪岗大道和坂澜大道，沿着坂雪岗大道可以去梅林关（去关内方向）、也可以转布龙路转南坪快速和水官高速，也可以从转贝尔路再转梅关高速，上坂澜大道可以去观澜也可以去平湖。交通很方便。高速交通：梅观高速、清平高速、坂雪岗大道、南坪快速。,此房是满五年家庭不唯一，没有增值税，有1%的个税和1%的契税,,暂无数据,2025-09-07,商品房,普通住宅,暂无数据,非共有,无抵押,挂牌时间:2025-09-07 | 交易权属:商品房 | 上次交易:暂无数据 | 房屋用途:普通住宅 | 房屋年限:暂无数据 | 产权所属:非共有 | 抵押信息:无抵押 | 房本备件:未上传房本照片,客厅 / 21.17平米 / 无 / 未知窗户类型 ; 卧室A / 8.74平米 / 西北 / 落地窗 ; 卧室B / 11.09平米 / 无 / 未知窗户类型 ; 卧室C / 9.43平米 / 西南 / 普通窗 ; 厨房 / 7.24平米 / 西北 / 普通窗 ; 卫A / 3.16平米 / 无 / 普通窗 ; 卫B / 3.18平米 / 西北 / 普通窗 ; 阳台A / 4.58平米 / 西北 / 普通窗 ; 阳台B / 5.82平米 / 西南 东南 / 普通窗 ; 过道 / 5.4平米 / 无 / 无窗,
大阳台，满五年唯一，业主自住，近地铁次新房,"龙岸花园一期 , 坂田",4室2厅,128.39平米,南 北,,中楼层(共32层),2010年,板塔结合,815 万,63479 元,4,,,近地铁 | VR房源,https://sz.lianjia.com/ershoufang/105117963416.html,地铁 | VR房源,全新装修满五年自己住看房都方便,龙岸花园位于雅园路和华南路交汇处，一期二期是二手房，楼间距宽，中间是湖和别墅，三期是新房在建,,龙岸花园位于雅园路和华南路交汇处，地铁10号线光雅园站200米，地理位置安静，小区被半山包围，两条高速，梅观高速和南平快速，民康路直达。小区门口是公交站台，数十条公交线路去深圳北站,,,暂无数据,2024-08-15,商品房,普通住宅,暂无数据,非共有,有抵押 600万元,挂牌时间:2024-08-15 | 交易权属:商品房 | 上次交易:暂无数据 | 房屋用途:普通住宅 | 房屋年限:暂无数据 | 产权所属:非共有 | 抵押信息:有抵押 600万元 | 房本备件:未上传房本照片,客厅 / 39.29平米 / 北 南 / 普通窗 ; 卧室A / 11.5平米 / 无 / 未知窗户类型 ; 卧室B / 13.79平米 / 无 / 未知窗户类型 ; 卧室C / 9.09平米 / 北 / 落地窗 ; 卧室D / 8.99平米 / 北 / 落地窗 ; 厨房 / 8平米 / 南 / 普通窗 ; 卫A / 5.55平米 / 北 / 落地窗 ; 卫B / 3.11平米 / 无 / 无窗 ; 阳台A / 7.61平米 / 西 南 / 普通窗 ; 阳台B / 4.44平米 / 西 北 / 普通窗 ; 过道 / 5.44平米 / 无 / 无窗 ; 衣帽间 / 7.68平米 / 无 / 无窗,
龙岸花园高楼层，视野开阔，客厅出阳台，税费少,"龙岸花园一期 , 坂田",4室2厅,128.7平米,南,精装,高楼层(共32层),2010年,塔楼,815 万,63326 元,4,,,近地铁 | VR房源 | 随时看房,https://sz.lianjia.com/ershoufang/105121337741.html,地铁 | VR房源 | 随时看房,房子满五年，自己住的装修保养好买来可拎包入住,龙岸花园位于雅园路和华南路交汇处，一期二期是二手房，楼间距宽，中间是湖和别墅，三期是新房在建,,龙岸花园位于雅园路和华南路交汇处，地铁10号线光雅园站200米，地理位置安静，小区被半山包围，两条高速，梅观高速和南平快速，民康路直达。小区门口是公交站台，数十条公交线路去深圳北站,,,暂无数据,2025-07-05,商品房,普通住宅,暂无数据,非共有,无抵押,挂牌时间:2025-07-05 | 交易权属:商品房 | 上次交易:暂无数据 | 房屋用途:普通住宅 | 房屋年限:暂无数据 | 产权所属:非共有 | 抵押信息:无抵押 | 房本备件:未上传房本照片,客厅 / 36.97平米 / 北 南 / 落地窗 ; 书房 / 9.05平米 / 北 / 落地窗 ; 卧室A / 11.66平米 / 南 / 普通窗 ; 卧室B / 14.04平米 / 南 / 落地窗 ; 卧室C / 9.36平米 / 北 / 落地窗 ; 厨房 / 10.96平米 / 南 / 落地窗 ; 卫A / 4.32平米 / 北 / 落地窗 ; 卫B / 6.48平米 / 北 东 / 落地窗 ; 阳台A / 10.11平米 / 南 / 普通窗 ; 阳台B / 5.62平米 / 南 / 落地窗 ; 阳台C / 7.48平米 / 北 / 落地窗 ; 储物间 / 3.09平米 / 无 / 无窗 ; 阁楼 / 6.93平米 / 北 / 落地窗 ; 过道 / 5.39平米 / 无 / 无窗,
华晖瑞禧九成新温馨精装房，保养好，价格亲人,"华晖瑞禧 , 坂田",2室2厅,82.02平米,南,精装,高楼层(共41层),2020年,塔楼,340 万,41454 元,5,,,近地铁 | VR看装修 | 随时看房,https://sz.lianjia.com/ershoufang/105117614147.html,地铁 | VR看装修 | 随时看房,此房户方正 精装修 安静舒适 适合居住,2020年次新小区，小区位于银湖山1公里处，距鸡公山隧道1.5公里，方便到达罗湖，福田，南山。自带幼儿园，充足停车位，楼下买生活所需也方便,享受 15 年一站式，首先项目自带一所 9 班约 3000 ㎡幼儿园，同时在项目西北约 500 米处有一所 9 年一贯制的公立——坂田实验（30 班小、15 班中）。另外，项目南面为规划教育用地，3 公里范围内还有一所全国唯一的科学高中。,两横四纵”成熟交通路网体系（两横：布龙路、南坪快速；四纵：五和大道、坂雪岗大道、梅观高速、清平高速）；邻近地铁5号线坂田站； 地处鸡公山通道首排，约一刻钟直达福田区，建立起快速通达全城的半小时生活圈。,,,暂无数据,2024-07-15,商品房,普通住宅,暂无数据,非共有,有抵押,挂牌时间:2024-07-15 | 交易权属:商品房 | 上次交易:暂无数据 | 房屋用途:普通住宅 | 房屋年限:暂无数据 | 产权所属:非共有 | 抵押信息:有抵押 | 房本备件:未上传房本照片,客厅 / 25.49平米 / 无 / 未知窗户类型 ; 卧室A / 10.1平米 / 东 / 普通窗 ; 卧室B / 6.79平米 / 西 / 落地窗 ; 厨房 / 5.17平米 / 西 / 普通窗 ; 卫 / 3.62平米 / 西 / 普通窗 ; 阳台 / 3.52平米 / 东 / 普通窗 ; 门厅 / 5.59平米 / 无 / 未知窗户类型,
华为地铁站楼上，朝南复式精致2房，位置安静，保养好,"华创云轩 , 坂田",2室2厅,32.62平米,北,精装,20层,2018年,塔楼,102 万,31270 元,4,,,近地铁 | 随时看房,https://sz.lianjia.com/ershoufang/105120432347.html,地铁 | 随时看房,华为地铁站楼上，朝南复式精致2房，位置安静，保养好,华创云轩占地面积：12553平方米 共2栋，其中A栋20层，B栋21层 小区有地下停车场，车位充足，有四层商场，4楼的空中花园有夜光跑道和健身器材以及儿童游乐区,复式户型，精致装修，保养好，适合年轻人。近华为、百瑞达、天安云谷等写字楼，深受年轻人喜欢,坂雪岗大道旁，5公里到达坂银通道福田，楼下地铁十号线华为站D出口，交通便利,,,暂无数据,2025-04-17,商品房,商业办公类,暂无数据,非共有,有抵押 50万元 银行 客户偿还,挂牌时间:2025-04-17 | 交易权属:商品房 | 上次交易:暂无数据 | 房屋用途:商业办公类 | 房屋年限:暂无数据 | 产权所属:非共有 | 抵押信息:有抵押 50万元 银行 客户偿还 | 房本备件:未上传房本照片,客厅 / 14.94平米 / 北 / 落地窗 ; 卧室A / 6.35平米 / 南 / 普通窗 ; 卧室B / 7.49平米 / 无 / 未知窗户类型 ; 厨房 / 3.24平米 / 南 / 普通窗 ; 卫 / 2.62平米 / 南 / 普通窗 ; 过道 / 4.02平米 / 无 / 无窗,
佳兆业一期，看花园3+1，保养好，随时可看，厅出阳台,"佳兆业中央广场一期 , 坂田",4室2厅,87.88平米,西南 东北,精装,高楼层(共47层),2013年,板楼,466 万,53027 元,3,,,近地铁 | VR房源,https://sz.lianjia.com/ershoufang/105120604120.html,地铁 | VR房源,满五年，厅正出阳台，南北通透，看小区花园，景观好 安静 高楼层,总共分为6期，大型社区，3个幼儿园：大型综合MALL，加270米酒店（六期项目），一期位置安静。离地铁商场最近，近天安云谷，步行即可，环境好，合适居家,新社区，人车分流，24小时保安轮流值班，社区有自己的健身广场和花园，园林式社区。占地约300000平，建面约1800000平米，依托高新技术产业园，佳兆业城市广场物业形态丰富，集住宅、酒店于一体。小区左边是天安云谷、华为总部。,地铁十号线雪象站A出口，沿着坂雪岗大道可以去梅林关（去关内方向）、也可以转布龙路转南坪快速和水官高速，也可以从转贝尔路再转梅关高速，上坂澜大道可以去观澜也可以去平湖。交通很方便。高速交通：梅观高速、清平高速、坂雪岗大道、南坪快速。,,,暂无数据,2025-05-03,商品房,普通住宅,暂无数据,非共有,无抵押,挂牌时间:2025-05-03 | 交易权属:商品房 | 上次交易:暂无数据 | 房屋用途:普通住宅 | 房屋年限:暂无数据 | 产权所属:非共有 | 抵押信息:无抵押 | 房本备件:未上传房本照片,客厅 / 25.75平米 / 北 南 / 落地窗 ; 卧室A / 8.54平米 / 无 / 未知窗户类型 ; 卧室B / 16.41平米 / 无 / 未知窗户类型 ; 卧室C / 7.74平米 / 无 / 未知窗户类型 ; 厨房 / 5.03平米 / 东 / 落地窗 ; 卫A / 4.02平米 / 北 / 普通窗 ; 卫B / 4.81平米 / 北 / 普通窗 ; 阳台A / 2.75平米 / 东 / 落地窗 ; 阳台B / 5.01平米 / 西 北 东 / 普通窗 ; 入户花园 / 8.43平米 / 北 / 落地窗 ; 过道 / 3.02平米 / 无 / 无窗,
地铁口精装3房 次新小区 车位充足 满5急售,"嘉霖华禧 , 坂田",3室2厅,87.22平米,南,精装,低楼层(共33层),2017年,塔楼,380 万,43568 元,16,,,近地铁 | VR房源 | 房本满五年,https://sz.lianjia.com/ershoufang/105114796259.html,地铁 | VR房源 | 房本满五年,此房满5年唯一，精装朝南，位置安静，诚心出售,,,出门即是地铁十号线雪象站，5个站可转乘5号线，2个站可到深圳北，出行方便快捷；,,,2016-09-21,2023-09-13,商品房,普通住宅,满五年,非共有,有抵押 350万元 平安银行 客户偿还,挂牌时间:2023-09-13 | 交易权属:商品房 | 上次交易:2016-09-21 | 房屋用途:普通住宅 | 房屋年限:满五年 | 产权所属:非共有 | 抵押信息:有抵押 350万元 平安银行 客户偿还 | 房本备件:已上传房本照片,客厅 / 25.1平米 / 南 / 普通窗 ; 卧室A / 5.74平米 / 无 / 未知窗户类型 ; 卧室B / 11.94平米 / 无 / 未知窗户类型 ; 卧室C / 8.47平米 / 无 / 未知窗户类型 ; 厨房 / 5.82平米 / 西 / 普通窗 ; 卫生间A / 3.6平米 / 北 / 普通窗 ; 卫生间B / 3.97平米 / 西 / 落地窗 ; 阳台 / 4.73平米 / 南 / 普通窗 ; 过道 / 2.82平米 / 无 / 无窗,
三房两卫  南向  业主诚心卖  随时方便看房,"佳兆业中央广场一期 , 坂田",3室1厅,88.85平米,东南,精装,低楼层(共46层),2013年,板楼,430 万,48397 元,1,,10天以前发布,近地铁 | VR看装修 | 随时看房,https://sz.lianjia.com/ershoufang/105122270905.html,地铁 | VR看装修 | 随时看房,满五年，高层，景观好，视野好，通透，采光好。,小区规模：总共分为6期，万大户的大盘，总占地约，项目总建面约平米。3个幼儿园：平米综合MALL，加270米酒店（六期项目），二期的地理位置在其他几期的中间位置，分别被一期、三期、五期环抱，位置安静,新社区，人车分流，24小时保安轮流值班，社区有自己的健身广场和花园，园林式社区。占地约万平，建面约万平米，依托高新技术产业园，佳兆业城市广场物业形态丰富，集住宅、酒店于一体。小区左边是天安云谷、华为总部,地铁10号线岗头雪象站口，项目是靠着坂雪岗大道和坂澜大道，沿着坂雪岗大道可以去梅林关，也可以转布龙路转南坪快速和水官高速，也可以从转贝尔路再转梅关高速，上坂澜大道可以去观澜也可以去平湖。地铁7月开通。高速交通：梅观高速、清平高速、坂雪岗大道,,,暂无数据,2025-09-27,商品房,普通住宅,暂无数据,非共有,有抵押 30万元,挂牌时间:2025-09-27 | 交易权属:商品房 | 上次交易:暂无数据 | 房屋用途:普通住宅 | 房屋年限:暂无数据 | 产权所属:非共有 | 抵押信息:有抵押 30万元 | 房本备件:未上传房本照片,客厅 / 24.18平米 / 东南 / 落地窗 ; 卧室A / 9.59平米 / 东北 / 落地窗 ; 卧室B / 13.19平米 / 无 / 未知窗户类型 ; 卧室C / 8.64平米 / 东南 / 普通窗 ; 厨房 / 5.69平米 / 东北 / 普通窗 ; 卫A / 3.7平米 / 无 / 普通窗 ; 卫B / 2.96平米 / 无 / 未知窗户类型 ; 阳台A / 5.55平米 / 东北 / 普通窗 ; 阳台B / 5.96平米 / 西南 东北 东南 / 普通窗 ; 过道 / 2.77平米 / 无 / 无窗,
复式两层高使用率不占用购房ME价格便宜21年交楼精装,"佳兆业城市广场五期 , 坂田",2室2厅,51.72平米,东 东北,精装,中楼层(共39层),2019年,塔楼,121 万,23396 元,3,,,近地铁,https://sz.lianjia.com/ershoufang/105121285576.html,地铁,复式两层高使用率不占用购房ME价格便宜21年交楼精装,龙岗坂田科技城·坂雪岗大道与雪岗北路交汇处 物业：佳兆业 开 发 商：宝吉工艺品 占地面积：约30望㎡ 建筑面积：约180望㎡,社区人车分流，24小时保安轮流值班社区有自己的游泳池健身广场和花园园林式社区小区自带佳兆业商场物业形态丰富集酒店写字楼于一体小区旁边是天安云谷以及华为总部，49栋写字楼小区旁有三甲吉华医院在建,地铁十号线雪象站A出口/岗头B出口，沿着坂雪岗大道可以去梅林关（去关内方向）、也可以转布龙路转南坪快速和水官高速，也可以从转贝尔路再转梅关高速，上坂澜大道可以去观澜也可以去平湖。交通很方便。高速交通：梅观高速、清平高速、坂雪岗大道、南坪快速,,,暂无数据,2025-07-01,商品房,商业办公类,暂无数据,非共有,有抵押 50万元 中国银行还欠50万左右 客户偿还,挂牌时间:2025-07-01 | 交易权属:商品房 | 上次交易:暂无数据 | 房屋用途:商业办公类 | 房屋年限:暂无数据 | 产权所属:非共有 | 抵押信息:有抵押 50万元 中国银行还欠50万左右 客户偿还 | 房本备件:未上传房本照片,客厅 / 24.82平米 / 东 / 落地窗 ; 卧室A / 7.27平米 / 无 / 无窗 ; 卧室B / 7.33平米 / 无 / 无窗 ; 卫 / 3.78平米 / 无 / 无窗 ; 过道 / 4.84平米 / 无 / 无窗,
旭景佳园电梯1房，实用面积高，生活配套成熟,"珠江旭景佳园 , 坂田",1室1厅,41.53平米,东南,精装,中楼层(共18层),2008年,塔楼,180 万,43343 元,1,,,近地铁 | VR看装修 | 随时看房,https://sz.lianjia.com/ershoufang/105119949081.html,地铁 | VR看装修 | 随时看房,可变户型，刚需户型，好出手，生活配套成熟,小区分3期开发，近1500户，地铁口物业，紧靠银湖山和坂银隧道，地理位置优越，进出关内外方便。小区房价处于区域谷值，同区域二手房对比有很大的优势。所以有很多关内的客户在此小区置业。生活配套成熟，是刚需值得购买的小区。,二期内有旭景幼稚园。小区东南侧3千㎡底商，南侧有大族云峰商场已开业；距小区300米有两万㎡万科里。2km内有阳光湾畔、8号仓、坂田天虹、万科广场等商场。1km有坂田医院。,"四通八达,小区邻布龙路坂雪岗大道两大动脉,南面1km上坂银南坪,通达福田南山方便；东面两个灯位上清平水官,通达罗湖盐田惠州；西侧2km上G94,1h到宝安东莞广州；北达天安和华为。250米到5号线坂田地铁口,1站换10号线到福田口岸。小区东门150m到公交站。",,,暂无数据,2025-03-06,商品房,普通住宅,暂无数据,非共有,有抵押 180万元 招商银行,挂牌时间:2025-03-06 | 交易权属:商品房 | 上次交易:暂无数据 | 房屋用途:普通住宅 | 房屋年限:暂无数据 | 产权所属:非共有 | 抵押信息:有抵押 180万元 招商银行 | 房本备件:未上传房本照片,客厅 / 15.47平米 / 无 / 未知窗户类型 ; 卧室 / 8.81平米 / 东 / 落地飘窗 ; 卫 / 3.11平米 / 北 / 普通窗 ; 入户花园 / 5.18平米 / 北 / 普通窗,
地铁口次新房  业主诚心卖 精装交楼保养好,"儒骏城立方 , 坂田",3室2厅,79.55平米,北 东南,,高楼层(共21层),2017年,板塔结合,378 万,47518 元,12,,,近地铁 | VR看装修,https://sz.lianjia.com/ershoufang/105117548060.html,地铁 | VR看装修,业主诚心卖 精装交楼保养好 楼下有商场  50米坂田地铁 交通方便,小区位于布龙路与坂雪岗大道交汇处，是2017年12月底入伙的。小区占地10200㎡，是由三栋住宅和一栋写字楼组成，共273户，实行人车分流，车位充足，楼下商 业已经完善，很好的解决了伙食问题。邻坂田B口,小区步行500米可至扬马市场（数据来源百度地图），方圆2公里内有平安公园、银湖山森林公园、坂田医院、坂田天虹，万科里，星河COCOpark、8号仓等，配套完善，可以满足基本的生活需求。小区斜对方万科在建300000㎡商写综合体,百度地图显示小区50米可到深圳市交通轨道5号线环中线坂田站B出口一站到五和可转10号线。二千米车程可上清平、南坪、梅观等快速路；直通福田南山罗湖布龙路和坂雪岗线路公交车可到深圳每个区域，3站到深圳北高铁站，交通便利,,,暂无数据,2024-07-08,商品房,普通住宅,暂无数据,非共有,有抵押 建设银行,挂牌时间:2024-07-08 | 交易权属:商品房 | 上次交易:暂无数据 | 房屋用途:普通住宅 | 房屋年限:暂无数据 | 产权所属:非共有 | 抵押信息:有抵押 建设银行 | 房本备件:未上传房本照片,客厅 / 22.18平米 / 东南 / 普通窗 ; 卧室A / 9.97平米 / 东南 / 落地窗 ; 卧室B / 13.53平米 / 无 / 未知窗户类型 ; 卧室C / 5.65平米 / 西南 / 落地窗 ; 厨房 / 4.87平米 / 西南 / 普通窗 ; 卫 / 4.04平米 / 无 / 普通窗 ; 阳台A / 3.99平米 / 西南 东南 / 普通窗 ; 阳台B / 4.4平米 / 西南 / 普通窗 ; 过道 / 2.71平米 / 无 / 无窗,
精装两房两卫  楼下就有地铁  小区自带商场,"华创云轩 , 坂田",2室1厅,39.72平米,北,精装,20层,2018年,塔楼,128 万,32226 元,2,,,近地铁 | 随时看房,https://sz.lianjia.com/ershoufang/105120877105.html,地铁 | 随时看房,此房业主诚心出售 四米五层高精装复式，门口10号线地铁口,华创云轩占地面积：12553平方米 共2栋，其中A栋20层，B栋21层 小区有地下停车场车位充足，有四层商场，4楼为空中花园。,有万科城风情购物街、天虹商场、坂田购物广场，天安云谷大型商场，百佳华商场。,华创云轩位于深圳市龙岗区坂雪岗科技城， 华为总部基地，交通便利，梅观高速、南坪快速、坂雪岗大道等交通，坂银隧道也通车了，去往罗湖福田很便利，10号线的华为站就在楼下20米处。,,,暂无数据,2025-05-27,商品房,商业办公类,暂无数据,非共有,有抵押 30万元,挂牌时间:2025-05-27 | 交易权属:商品房 | 上次交易:暂无数据 | 房屋用途:商业办公类 | 房屋年限:暂无数据 | 产权所属:非共有 | 抵押信息:有抵押 30万元 | 房本备件:未上传房本照片,客厅 / 19.38平米 / 北 / 落地窗 ; 卧室A / 5.23平米 / 北 / 普通窗 ; 卧室B / 8.94平米 / 北 / 落地窗 ; 厨房 / 2.94平米 / 北 / 普通窗 ; 卫A / 2.71平米 / 北 / 普通窗 ; 卫B / 1.56平米 / 北 / 普通窗 ; 过道 / 5.14平米 / 无 / 无窗,
地铁口，佳兆业城市广场五期，精装一房一厅，业主急售,"佳兆业城市广场五期 , 坂田",1室1厅,47.48平米,东,精装,高楼层(共39层),2019年,塔楼,88 万,18535 元,2,,,近地铁,https://sz.lianjia.com/ershoufang/105121363715.html,地铁,此房朝东，看花园，高楼层，视野和通风都比较好，业主急售,小区规划大型雪象体育公园，三十万商 业综合MALL，270米层高五星国际酒店，百度测量1公 里范围内雪象医院、肖传国医院，地铁10号线雪象、岗头双地铁口，坂银隧道去福田南山交通便捷。,新社区人车分流，24小时保安轮流值班社区有自己的健身广场和花园园林式社区占地约300000平建面约1800000平米依托高新技术产业园佳兆业城市广场物业形态丰富集酒店于一体小区左边是天安云谷华为总部,地铁十号线雪象站A出口，沿着坂雪岗大道可以去梅林关（去关内方向）、也可以转布龙路转南坪快速和水官高速，也可以从转贝尔路再转梅关高速，上坂澜大道可以去观澜也可以去平湖。交通很方便。高速交通：梅观高速、清平高速、坂雪岗大道、南坪快速。,,,暂无数据,2025-07-07,商品房,商业办公类,暂无数据,非共有,有抵押 45万元,挂牌时间:2025-07-07 | 交易权属:商品房 | 上次交易:暂无数据 | 房屋用途:商业办公类 | 房屋年限:暂无数据 | 产权所属:非共有 | 抵押信息:有抵押 45万元 | 房本备件:未上传房本照片,客厅 / 14.33平米 / 无 / 无窗 ; 卧室 / 7.93平米 / 无 / 未知窗户类型 ; 卫 / 2.72平米 / 无 / 无窗 ; 储物间 / 2.69平米 / 无 / 无窗,
佳华领汇一期  大四房  格局方正实用  采光通透,"佳华领汇广场 , 坂田",4室2厅,89.98平米,西南,精装,低楼层(共32层),2008年,塔楼,480 万,53346 元,6,,,近地铁 | VR看装修 | 随时看房,https://sz.lianjia.com/ershoufang/105117150656.html,地铁 | VR看装修 | 随时看房,此房公司产权 唯一，花园社区，地铁口沿线，配套齐全,,"配套：
小区楼下就是佳华商场，麦当劳，木屋烧烤等，就是坂田天虹商场，旁边还有坂田市场等居家休闲娱乐购物场所","交通出行：
小区楼下有公交车站台 ，距离十号线坂田北地铁口670米，出行便利",,,2009-09-11,2024-05-31,商品房,普通住宅,未满两年,非共有,有抵押 100万元 金融贷款100多万,挂牌时间:2024-05-31 | 交易权属:商品房 | 上次交易:2009-09-11 | 房屋用途:普通住宅 | 房屋年限:未满两年 | 产权所属:非共有 | 抵押信息:有抵押 100万元 金融贷款100多万 | 房本备件:已上传房本照片,客厅 / 28.89平米 / 西南 / 普通窗 ; 书房 / 4.97平米 / 东南 / 落地窗 ; 卧室A / 8.19平米 / 西南 / 普通窗 ; 卧室B / 12.89平米 / 无 / 未知窗户类型 ; 卧室C / 7.17平米 / 无 / 未知窗户类型 ; 厨房 / 4.72平米 / 无 / 普通窗 ; 卫A / 2.52平米 / 西北 / 普通窗 ; 卫B / 3.85平米 / 东南 / 落地窗 ; 阳台A / 3.18平米 / 西南 / 普通窗 ; 阳台B / 3.07平米 / 西南 / 普通窗 ; 阳台C / 4.95平米 / 西南 西北 / 普通窗,
坂田次新小区三房，满五唯一税费少，诚心出售,"华晖瑞禧 , 坂田",3室1厅,89.56平米,东南 南,精装,中楼层(共32层),2020年,塔楼,408 万,45557 元,8,,,近地铁 | VR房源,https://sz.lianjia.com/ershoufang/105121161824.html,地铁 | VR房源,坂田次新小区三房，满五唯一税费少，诚心出售,2020年次新小区，小区位于银湖山1公里处，距鸡公山隧道1.5公里，方便到达罗湖，福田，南山。自带幼儿园，充足停车位，楼下买生活所需也方便,享受 15 年一站式，首先项目自带一所 9 班约 3000 ㎡幼儿园，同时在项目西北约 500 米处有一所 9 年一贯制的公立——坂田实验（30 班小、15 班中）。另外，项目南面为规划教育用地，3 公里范围内还有一所全国唯一的科学高中。,两横四纵”成熟交通路网体系（两横：布龙路、南坪快速；四纵：五和大道、坂雪岗大道、梅观高速、清平高速）；邻近地铁5号线坂田站； 地处鸡公山通道首排，约一刻钟直达福田区，建立起快速通达全城的半小时生活圈。,,,暂无数据,2025-06-20,商品房,普通住宅,暂无数据,非共有,有抵押 390万元,挂牌时间:2025-06-20 | 交易权属:商品房 | 上次交易:暂无数据 | 房屋用途:普通住宅 | 房屋年限:暂无数据 | 产权所属:非共有 | 抵押信息:有抵押 390万元 | 房本备件:未上传房本照片,客厅 / 26.39平米 / 南 / 普通窗 ; 卧室A / 9.17平米 / 无 / 未知窗户类型 ; 卧室B / 4.52平米 / 西 / 普通窗 ; 卧室C / 10.88平米 / 南 / 落地窗 ; 厨房 / 6.51平米 / 西 / 普通窗 ; 卫 / 4.81平米 / 西 / 普通窗 ; 阳台 / 4.18平米 / 南 / 普通窗 ; 过道 / 2.67平米 / 无 / 无窗,
次新小区 看房有密码 急卖  朝南光线充足 停车位充足,"佳兆业城市广场五期 , 坂田",3室2厅,88.62平米,南,精装,低楼层(共43层),2019年,板楼,435 万,49086 元,9,,,近地铁 | VR看装修 | 随时看房,https://sz.lianjia.com/ershoufang/105120952646.html,地铁 | VR看装修 | 随时看房,房子满五年不唯一 带储物间 朝南采光通风好 次新房 配套好,小区总共分为6期，壹万多户的大盘，总占地约三十万，项目总建面约壹佰捌拾万平米。3个幼儿园：十五万平米综合MALL，加270米酒店（六期项目），二期的地理位置在其他几期的中间位置，分别被一期、三期、五期环抱，位置安静,新社区，人车分流，24小时保安轮流值班，社区有自己的健身广场和花园，园林式社区。占地约三十万平，建面约壹佰捌拾万平米，依托高新技术产业园，佳兆业城市广场物业形态丰富，集住宅、酒店于一体。小区左边是天安云谷、华为总部基地，配套齐全,项目靠着坂雪岗大道和坂澜大道，沿着坂雪岗大道可以去梅林关（去关内方向）、也可以转布龙路转南坪快速和水官高速，也可以从转贝尔路再转梅关高速，上坂澜大道可以去观澜也可以去平湖。地铁10号线两个地铁口，岗头站和雪象站，交通便利。,,,暂无数据,2025-06-04,商品房,普通住宅,暂无数据,非共有,有抵押,挂牌时间:2025-06-04 | 交易权属:商品房 | 上次交易:暂无数据 | 房屋用途:普通住宅 | 房屋年限:暂无数据 | 产权所属:非共有 | 抵押信息:有抵押 | 房本备件:未上传房本照片,客厅 / 19.25平米 / 北 / 普通窗 ; 卧室A / 9.78平米 / 无 / 未知窗户类型 ; 卧室B / 11.65平米 / 无 / 未知窗户类型 ; 卧室C / 10.05平米 / 北 / 普通窗 ; 厨房 / 8.22平米 / 北 / 普通窗 ; 卫A / 3.45平米 / 北 / 普通窗 ; 卫B / 3.24平米 / 北 / 普通窗 ; 阳台A / 4.85平米 / 北 / 普通窗 ; 阳台B / 6.83平米 / 北 / 普通窗 ; 储物间 / 6.18平米 / 无 / 无窗 ; 过道 / 5.03平米 / 无 / 无窗,
嘉御山五期，精装四房，中间楼层，花园泳池景观,"信义嘉御山5期 , 坂田",4室1厅,88.84平米,东南,精装,中楼层(共39层),2016年,塔楼,680 万,76543 元,0,,11天以前发布,VR看装修 | 随时看房,https://sz.lianjia.com/ershoufang/105122255638.html,VR看装修 | 随时看房,业主21年花几十万豪装，自住保养好，中间楼层，视野景观非常好.,,,开车出行：小区出来贝尔路可快速上G94梅关高速，坂雪岗大道上坂银通道直通福田南山。 地铁出行：10号线坂田北站，10号线5号线中转站五和站。 公交出行：里石排站，坂田市场站，坂田路口站，坂田路口北站等,,,暂无数据,2025-09-26,商品房,普通住宅,暂无数据,非共有,无抵押,挂牌时间:2025-09-26 | 交易权属:商品房 | 上次交易:暂无数据 | 房屋用途:普通住宅 | 房屋年限:暂无数据 | 产权所属:非共有 | 抵押信息:无抵押 | 房本备件:未上传房本照片,客厅 / 27.35平米 / 无 / 未知窗户类型 ; 卧室A / 10.1平米 / 南 / 普通窗 ; 卧室B / 6.03平米 / 西 南 / 普通窗 ; 卧室C / 13.6平米 / 无 / 未知窗户类型 ; 卧室D / 9.53平米 / 无 / 未知窗户类型 ; 厨房 / 4.13平米 / 南 / 普通窗 ; 卫A / 3.73平米 / 无 / 普通窗 ; 卫B / 4.31平米 / 南 / 普通窗 ; 阳台A / 2.1平米 / 南 / 普通窗 ; 阳台B / 4.67平米 / 东 南 / 普通窗 ; 过道 / 2.98平米 / 无 / 无窗,
精装修大3房 套内实用110平 带入户和储物间,"佳兆业中央广场三期 , 坂田",3室2厅,89.14平米,北,精装,44层,2016年,塔楼,520 万,58336 元,7,,,近地铁 | VR看装修 | 房本满五年 | 随时看房,https://sz.lianjia.com/ershoufang/105120071408.html,地铁 | VR看装修 | 房本满五年 | 随时看房,此房满5年，税费少，实用110平，精装修,,,出门即是地铁十号线雪象站和岗头站，规划的还有地铁27号线在这边；,,,2017-04-25,2025-03-16,商品房,普通住宅,满五年,非共有,有抵押 200万元 建设银行 客户偿还,挂牌时间:2025-03-16 | 交易权属:商品房 | 上次交易:2017-04-25 | 房屋用途:普通住宅 | 房屋年限:满五年 | 产权所属:非共有 | 抵押信息:有抵押 200万元 建设银行 客户偿还 | 房本备件:已上传房本照片,客厅 / 32.72平米 / 无 / 未知窗户类型 ; 卧室A / 7.55平米 / 无 / 未知窗户类型 ; 卧室B / 12.66平米 / 无 / 未知窗户类型 ; 卧室C / 7.93平米 / 无 / 落地窗 ; 卧室D / 6.99平米 / 西 / 落地窗 ; 厨房 / 8.92平米 / 西 / 落地窗 ; 卫A / 3.15平米 / 北 / 普通窗 ; 卫B / 4.31平米 / 无 / 未知窗户类型 ; 阳台A / 3.62平米 / 北 东 / 普通窗 ; 阳台B / 3.56平米 / 西 / 落地窗 ; 过道 / 4.85平米 / 无 / 无窗,
大族云峰 坂田次新小区 南向毛坯4房 可自行设计,"大族云峰二期 , 坂田",4室2厅,104.1平米,南,毛坯,30层,2021年,板楼,600 万,57637 元,0,,,近地铁 | VR看装修 | 随时看房,https://sz.lianjia.com/ershoufang/105121412500.html,地铁 | VR看装修 | 随时看房,"南向4房，一手格局可自行装修,产权满五唯一",本小区于2021年年底交楼，新小区，分一二期开发，此小区为二期，共四栋，每栋分两个单元，楼间距宽，无任何遮挡，停车位充足,,距离小区800米有坂田地铁站，楼下有公交站台，毗 邻坂银通道，去往福田、罗湖、南山都方便,房屋产权：此房为商品房，非核 心区可直接购买，税费：此房业主满五唯一，只需交契税,,暂无数据,2025-07-11,商品房,普通住宅,暂无数据,非共有,有抵押 270万元 建设银行 客户偿还,挂牌时间:2025-07-11 | 交易权属:商品房 | 上次交易:暂无数据 | 房屋用途:普通住宅 | 房屋年限:暂无数据 | 产权所属:非共有 | 抵押信息:有抵押 270万元 建设银行 客户偿还 | 房本备件:未上传房本照片,客厅 / 27.19平米 / 南 / 普通窗 ; 卧室A / 6.17平米 / 无 / 未知窗户类型 ; 卧室B / 7.58平米 / 北 / 落地窗 ; 卧室C / 13.63平米 / 无 / 未知窗户类型 ; 卧室D / 9.88平米 / 无 / 未知窗户类型 ; 厨房 / 4.89平米 / 东 / 普通窗 ; 卫A / 4.32平米 / 无 / 普通窗 ; 卫B / 4.44平米 / 南 / 普通窗 ; 阳台A / 2.26平米 / 东 / 普通窗 ; 阳台B / 5.01平米 / 东 南 / 普通窗 ; 过道 / 2.96平米 / 无 / 无窗,
户型方正， 电梯小高层， 看花园,"珠江旭景佳园 , 坂田",2室2厅,77.92平米,北,,低楼层(共23层),2008年,塔楼,299 万,38373 元,11,,,近地铁 | VR房源 | 随时看房,https://sz.lianjia.com/ershoufang/105121454850.html,地铁 | VR房源 | 随时看房,坂田地铁口600米，旁边阳光湾畔mall商场，户型方正，电梯小高层,小区分3期开发，近1500户，地铁口物业，紧靠银湖山和坂银隧道，地理位置优越，进出关内外方便。小区房价处于区域谷值，同区域二手房对比有很大的优势。所以有很多关内的客户在此小区置业。生活配套成熟，是刚需值得购买的小区,二期内有旭景幼园。小区东南侧3千㎡底商，南侧有大族云峰商场已开业；距小区300米有两万㎡万科里。2km内有阳光湾畔、8号仓、坂田天虹等商场。1km有坂田医院,"四通八达,小区邻布龙路坂雪岗大道两大动脉,南面1km上坂银南坪,通达福田南山方便；东面两个灯位上清平水官,通达罗湖盐田惠州；西侧2km上G94,1h到宝安东莞广州；北达天安和华为。250米到5号线坂田地铁口,1站换10号线到福田口岸。小区东门150m到公交站。",,,暂无数据,2025-07-15,商品房,普通住宅,暂无数据,非共有,有抵押 160万元,挂牌时间:2025-07-15 | 交易权属:商品房 | 上次交易:暂无数据 | 房屋用途:普通住宅 | 房屋年限:暂无数据 | 产权所属:非共有 | 抵押信息:有抵押 160万元 | 房本备件:未上传房本照片,客厅 / 22.52平米 / 北 / 落地窗 ; 卧室A / 14.26平米 / 无 / 未知窗户类型 ; 卧室B / 7.76平米 / 北 / 落地飘窗 ; 厨房 / 5.25平米 / 西 / 落地窗 ; 卫 / 3.23平米 / 无 / 落地窗 ; 阳台A / 2.19平米 / 西 / 落地窗 ; 阳台B / 4.41平米 / 西 北 东 / 落地窗,
坂田18年次新房标杆，南北通格局4房，教育就在家门,"信义嘉御山5期 , 坂田",4室2厅,88.93平米,西南,精装,低楼层(共39层),2016年,塔楼,622 万,69943 元,12,,,VR看装修,https://sz.lianjia.com/ershoufang/105112651597.html,VR看装修,18年次新房大社区，南北通格局朝南向，教育就在家门,小区下面自带底层店铺，开发商自持，目前已全部进驻，包括中西式餐饮、教育培训、婴幼儿用品，便利店及坂田天虹旗舰店，生活方便，小区内有幼儿园，家门口尽享优质生活。,,"开车出行：小区出来贝尔路可快速上G94梅关高速，坂雪岗大道上坂银通道直通福田南山。
地铁出行：10号线坂田北站，10号线5号线中转站五和站。 
公交出行：里石排站，坂田市场站，坂田路口站，坂田路口北站等",,,暂无数据,2023-02-14,商品房,普通住宅,暂无数据,非共有,有抵押 280万元 农业银行 金融公司垫资,挂牌时间:2023-02-14 | 交易权属:商品房 | 上次交易:暂无数据 | 房屋用途:普通住宅 | 房屋年限:暂无数据 | 产权所属:非共有 | 抵押信息:有抵押 280万元 农业银行 金融公司垫资 | 房本备件:未上传房本照片,客厅 / 29.96平米 / 无 / 未知窗户类型 ; 卧室A / 7.22平米 / 西南 / 普通窗 ; 卧室B / 9.03平米 / 西南 / 普通窗 ; 卧室C / 17.32平米 / 无 / 未知窗户类型 ; 卧室D / 6.25平米 / 东北 / 普通窗 ; 厨房 / 5.06平米 / 无 / 未知窗户类型 ; 卫生间A / 5.1平米 / 无 / 未知窗户类型 ; 卫生间B / 3.84平米 / 无 / 未知窗户类型 ; 阳台A / 5.23平米 / 西南 西北 / 普通窗 ; 阳台B / 1.49平米 / 北 / 落地窗,
中间楼层。采光好，看房方便，房间空间大,"万科四季花城六期 , 坂田",3室2厅,114.66平米,东,简装,中楼层(共6层),2002年,板楼,450 万,39247 元,1,,28天以前发布,近地铁 | VR看装修 | 随时看房,https://sz.lianjia.com/ershoufang/105122076281.html,地铁 | VR看装修 | 随时看房,楼层好，房间大，看房方便，采光好,小区由万科地产集团开发，一共有36个独立苑，共分七期开发，花园式小区，绿化植被很多，带露天游泳池和健身会所及相应运动器械供住户健身，社区运动氛围棒；万科物业24小时严格管控，夜间有保安巡逻，外人基本无法随意出入，人车分流，充分保护行人,小区内有2个公立幼儿园、海丽达等，商场类有华润万家，海达和成购物广场、伍和五广场，8号仓奥特莱斯等。深圳坂田医院、第二儿童医院，花城社康医院（小区内）；网球场，篮球场，健身会所等,地铁5号线和10号线五和站A口，交通发达，小区旁边有布龙路、梅观高速、机荷高速、南坪快速等，乘坐公交或驾车出行到福田、罗湖、南山等地较方便（距离信息来源于百度地图）还有在修的深大城际和深惠城际,,,暂无数据,2025-09-09,商品房,普通住宅,暂无数据,非共有,无抵押,挂牌时间:2025-09-09 | 交易权属:商品房 | 上次交易:暂无数据 | 房屋用途:普通住宅 | 房屋年限:暂无数据 | 产权所属:非共有 | 抵押信息:无抵押 | 房本备件:未上传房本照片,客厅 / 29.47平米 / 西 东 / 落地窗 ; 卧室A / 16.29平米 / 西 北 / 普通窗 ; 卧室B / 12.33平米 / 西北 东北 东南 / 落地窗 ; 卧室C / 9.53平米 / 无 / 未知窗户类型 ; 厨房 / 6.26平米 / 西 / 普通窗 ; 卫A / 4.33平米 / 西 / 普通窗 ; 卫B / 3.5平米 / 东 / 普通窗 ; 阳台A / 3.53平米 / 西 北 南 / 普通窗 ; 阳台B / 5.57平米 / 北 东 / 普通窗 ; 过道 / 5.44平米 / 无 / 无窗 ; 衣帽间 / 2.77平米 / 无 / 无窗,
高楼层 电梯房  有入户 诚心出售  视野无遮挡,"万科第五园三期 , 坂田",4室2厅,118平米,南,简装,中楼层(共19层),2007年,塔楼,565 万,47882 元,37,,,VR看装修,https://sz.lianjia.com/ershoufang/105118111665.html,VR看装修,楼层位置好  视野开阔  有入户 诚心卖,万科第五园中式建筑风格，小区分九期开发，该房位于第三期高层。环境好有泳池，小区绿化好，低密度，以别墅和叠加别墅为主，有山有水位置安静适合居家！,,小区门口就是第五园公交总站，有各路公交可以到达福田、南山、龙华，同时3个公交站可到达坂田地铁口，800米坂银通道，1000米10号线雅园站。,,,暂无数据,2024-08-29,商品房,普通住宅,暂无数据,共有,有抵押 501万元 银行 金融公司垫资,挂牌时间:2024-08-29 | 交易权属:商品房 | 上次交易:暂无数据 | 房屋用途:普通住宅 | 房屋年限:暂无数据 | 产权所属:共有 | 抵押信息:有抵押 501万元 银行 金融公司垫资 | 房本备件:未上传房本照片,客厅 / 32.82平米 / 无 / 未知窗户类型 ; 卧室A / 14.9平米 / 无 / 未知窗户类型 ; 卧室B / 8.41平米 / 无 / 未知窗户类型 ; 卧室C / 9.14平米 / 无 / 未知窗户类型 ; 卧室D / 7.35平米 / 北 / 普通窗 ; 厨房 / 5.13平米 / 南 / 普通窗 ; 卫A / 4.54平米 / 北 / 普通窗 ; 卫B / 3.02平米 / 北 / 普通窗 ; 阳台 / 4.43平米 / 无 / 未知窗户类型 ; 入户花园 / 14.91平米 / 西 北 / 普通窗,
第五园大社区四房厅出阳台业主诚售,"万科第五园五期 , 坂田",4室2厅,152.23平米,南,简装,中楼层(共14层),2009年,板楼,680 万,44670 元,7,,,VR看装修 | 房本满五年 | 随时看房,https://sz.lianjia.com/ershoufang/105120222152.html,VR看装修 | 房本满五年 | 随时看房,此房一手业主满五年，户型方正大四房，位置安静景观！,万科第五园共分九期开发，目前整个项目已经开发完毕且已售磬，万科物业管理下小区是封闭式的管理。 2010年开发建筑，小区人车分流，车位充足地下车库两层，小区自带游泳池 网球场 儿童娱乐场 老人休闲室，社康.,小区自带华润万家便利，同花顺餐厅，钱大妈，水果先生，百果园。 1.5公里内有万科第五园九期万科里、坂田手造文化街、8号仓、阳光湾畔、海达和城等大型商场,坂银通道坂田首站楼盘，去福田很便捷，小区出门200米有公交站台，去华为和民治方向的车都有，还有一个去会展市内的车，里城公交总站有去科技园的车，自驾车出门右转就直通南坪快速或是坂银隧道,,,2009-10-10,2025-03-28,商品房,普通住宅,满五年,非共有,无抵押,挂牌时间:2025-03-28 | 交易权属:商品房 | 上次交易:2009-10-10 | 房屋用途:普通住宅 | 房屋年限:满五年 | 产权所属:非共有 | 抵押信息:无抵押 | 房本备件:已上传房本照片,客厅 / 29.78平米 / 北 / 落地窗 ; 餐厅 / 12.34平米 / 北 / 普通窗 ; 卧室01 / 12.96平米 / 北 / 普通窗 ; 卧室02 / 8.48平米 / 无 / 未知窗户类型 ; 卧室03 / 9.54平米 / 无 / 未知窗户类型 ; 卧室04 / 18.89平米 / 无 / 未知窗户类型 ; 厨房 / 6.45平米 / 北 / 普通窗 ; 卫01 / 3.62平米 / 北 / 普通窗 ; 卫02 / 6.64平米 / 北 / 普通窗 ; 阳台01 / 9.93平米 / 北 / 普通窗 ; 阳台02 / 9.37平米 / 北 / 普通窗 ; 过道 / 5.5平米 / 无 / 无窗 ; 衣帽间 / 6.56平米 / 无 / 无窗,
大族云峰 坂田次新小区 南向毛坯4房 可自行设计,"大族云峰二期 , 坂田",4室2厅,104.1平米,南,毛坯,30层,2021年,板楼,600 万,57637 元,0,,,近地铁 | VR看装修 | 随时看房,https://sz.lianjia.com/ershoufang/105121412500.html,地铁 | VR看装修 | 随时看房,"南向4房，一手格局可自行装修,产权满五唯一",本小区于2021年年底交楼，新小区，分一二期开发，此小区为二期，共四栋，每栋分两个单元，楼间距宽，无任何遮挡，停车位充足,,距离小区800米有坂田地铁站，楼下有公交站台，毗 邻坂银通道，去往福田、罗湖、南山都方便,房屋产权：此房为商品房，非核 心区可直接购买，税费：此房业主满五唯一，只需交契税,,暂无数据,2025-07-11,商品房,普通住宅,暂无数据,非共有,有抵押 270万元 建设银行 客户偿还,挂牌时间:2025-07-11 | 交易权属:商品房 | 上次交易:暂无数据 | 房屋用途:普通住宅 | 房屋年限:暂无数据 | 产权所属:非共有 | 抵押信息:有抵押 270万元 建设银行 客户偿还 | 房本备件:未上传房本照片,客厅 / 27.19平米 / 南 / 普通窗 ; 卧室A / 6.17平米 / 无 / 未知窗户类型 ; 卧室B / 7.58平米 / 北 / 落地窗 ; 卧室C / 13.63平米 / 无 / 未知窗户类型 ; 卧室D / 9.88平米 / 无 / 未知窗户类型 ; 厨房 / 4.89平米 / 东 / 普通窗 ; 卫A / 4.32平米 / 无 / 普通窗 ; 卫B / 4.44平米 / 南 / 普通窗 ; 阳台A / 2.26平米 / 东 / 普通窗 ; 阳台B / 5.01平米 / 东 南 / 普通窗 ; 过道 / 2.96平米 / 无 / 无窗,
中上楼层，满五年，东边户， 通风采光都很好,"诺德中央道 , 坂田",2室1厅,68.7平米,南,,中楼层(共33层),2014年,板楼,295 万,42941 元,4,,,VR看装修 | 随时看房,https://sz.lianjia.com/ershoufang/105121673885.html,VR看装修 | 随时看房,中上楼层，满五年，东边户 通风采光都很好,,楼下自带餐厅和便利店，能满足日常生活需求。坂田街道办200米，400米大族云峰商场，万科里购物广场680米，华润万家旭景佳园分店760米，坂田手造文化街1000米，650米处有银湖山郊野公园，还有钓鱼场，配套比较齐全。,"四通八达,小区邻布龙路坂雪岗大道两大动脉,南面1km上坂银南坪,通达福田南山方便；东面两个灯位上清平水官,通达罗湖盐田惠州；西北侧2km上G94,1h到宝安东莞广州；北达天安和华为。250米到5号线坂田地铁口,1站换10号线到福田口岸",,,暂无数据,2025-08-04,商品房,普通住宅,暂无数据,非共有,无抵押,挂牌时间:2025-08-04 | 交易权属:商品房 | 上次交易:暂无数据 | 房屋用途:普通住宅 | 房屋年限:暂无数据 | 产权所属:非共有 | 抵押信息:无抵押 | 房本备件:未上传房本照片,客厅 / 21.98平米 / 北 / 普通窗 ; 卧室A / 9.63平米 / 无 / 未知窗户类型 ; 卧室B / 8.46平米 / 无 / 未知窗户类型 ; 厨房 / 4.28平米 / 北 / 普通窗 ; 卫 / 3.45平米 / 无 / 未知窗户类型 ; 阳台A / 1.33平米 / 北 / 普通窗 ; 阳台B / 4.48平米 / 北 / 普通窗,
高品质大三房；正南向大3房2卫+三开间正南的南北通,"大族云峰一期 , 坂田",3室2厅,102.9平米,南,精装,32层,2019年,板塔结合,549 万,53353 元,2,,,近地铁 | VR房源 | 房本满五年 | 随时看房,https://sz.lianjia.com/ershoufang/105121681261.html,地铁 | VR房源 | 房本满五年 | 随时看房,此房业主急卖 看房子方便 业主诚心卖的,小区由4栋住宅围合建成，楼间距宽，住家舒适，次新小区，现代园林布景美观，人车分离,楼下就是商体湾畔Mall，去万科里，天虹商场，8号仓，星河CocoPark也很方便，坂田医院，银湖山郊野公园,坂银隧道首站，直抵福田，全方位立体交通，地铁：十号线雅园站、五和站--五号线坂田站，3站深圳北。,,,2018-12-25,2025-08-05,商品房,普通住宅,满五年,非共有,有抵押 390万元 上海银行 业主自还,挂牌时间:2025-08-05 | 交易权属:商品房 | 上次交易:2018-12-25 | 房屋用途:普通住宅 | 房屋年限:满五年 | 产权所属:非共有 | 抵押信息:有抵押 390万元 上海银行 业主自还 | 房本备件:已上传房本照片,客厅 / 27.75平米 / 北 / 普通窗 ; 卧室A / 9.94平米 / 北 / 落地窗 ; 卧室B / 14.4平米 / 北 / 落地窗 ; 卧室C / 7.46平米 / 北 / 落地窗 ; 厨房 / 7.71平米 / 北 / 落地窗 ; 卫A / 4.18平米 / 北 / 普通窗 ; 卫B / 4.39平米 / 无 / 未知窗户类型 ; 阳台 / 4.76平米 / 北 / 普通窗 ; 过道 / 2.89平米 / 无 / 无窗,
房子装修好，楼层好，视野宽阔，釆光充足,"大族云峰一期 , 坂田",3室2厅,103.41平米,北,精装,32层,2019年,板塔结合,535 万,51736 元,7,,,近地铁 | VR房源,https://sz.lianjia.com/ershoufang/105117603962.html,地铁 | VR房源,房子装修好，楼层好，视野宽阔，釆光充足，配套设施齐全,,,坂银隧道十分直达福田，全方位立体交通，地铁，十号线光雅园，五号线坂田站和五和地铁站，交通十分便利,,,暂无数据,2024-07-14,商品房,普通住宅,暂无数据,非共有,有抵押 250万元,挂牌时间:2024-07-14 | 交易权属:商品房 | 上次交易:暂无数据 | 房屋用途:普通住宅 | 房屋年限:暂无数据 | 产权所属:非共有 | 抵押信息:有抵押 250万元 | 房本备件:未上传房本照片,客厅 / 24.09平米 / 东北 / 普通窗 ; 卧室A / 10.47平米 / 无 / 未知窗户类型 ; 卧室B / 15.11平米 / 无 / 未知窗户类型 ; 卧室C / 7.58平米 / 西南 西北 / 落地窗 ; 厨房 / 5.59平米 / 西北 / 普通窗 ; 卫生间A / 3.77平米 / 西北 / 普通窗 ; 卫生间B / 4.22平米 / 无 / 普通窗 ; 阳台A / 4.67平米 / 西北 东北 / 普通窗 ; 阳台B / 2.38平米 / 西北 / 普通窗 ; 过道A / 3.34平米 / 无 / 无窗 ; 过道B / 3平米 / 无 / 无窗,
红本在手 全屋高档装修 看山看水 南北通透,"星河银湖谷 , 坂田",5室1厅,189.09平米,南 北,精装,高楼层(共47层),2016年,板塔结合,1350 万,71395 元,3,,,VR看装修,https://sz.lianjia.com/ershoufang/105113497250.html,VR看装修,业主自己住，全屋新中式设计精装，户型方正诚心卖，南北通透...,开发商：星河地产，星河WORLD 人车分流的规划设计，港式入户大堂，览山阅湖全景视野。约12栋商务楼群，集300米高层双子塔地和生态写字楼于一体，是金融产业、高新科技、创新产业的总部型经济,,10号线雅宝站C出口，已经开通。南平快速延长线，新彩隧道，坂银隧道，梅关高速，五大交通便捷到到达深圳各区。 坂银遂道已经通车，去往罗湖福田近,,,暂无数据,2023-04-27,商品房,普通住宅,暂无数据,非共有,无抵押,挂牌时间:2023-04-27 | 交易权属:商品房 | 上次交易:暂无数据 | 房屋用途:普通住宅 | 房屋年限:暂无数据 | 产权所属:非共有 | 抵押信息:无抵押 | 房本备件:未上传房本照片,客厅 / 46.15平米 / 无 / 未知窗户类型 ; 书房 / 10.03平米 / 西北 / 落地窗 ; 卧室A / 12.04平米 / 东南 / 落地窗 ; 卧室B / 9.91平米 / 无 / 未知窗户类型 ; 卧室C / 25.33平米 / 无 / 未知窗户类型 ; 卧室D / 15.18平米 / 无 / 未知窗户类型 ; 厨房 / 8.32平米 / 西北 / 落地窗 ; 卫生间A / 7.96平米 / 东北 / 落地窗 ; 卫生间B / 5.67平米 / 无 / 未知窗户类型 ; 卫生间C / 5.73平米 / 无 / 未知窗户类型 ; 阳台A / 9.58平米 / 东 / 落地窗 ; 阳台B / 3.07平米 / 西 / 落地窗 ; 储物间 / 5.39平米 / 东南 / 落地窗 ; 门厅 / 3.14平米 / 无 / 无窗 ; 过道A / 2.7平米 / 无 / 无窗 ; 过道B / 8.05平米 / 无 / 无窗,
百万装修 拎包入住，中高层正南看花园 景观视野很好,"信义嘉御山 , 坂田",4室2厅,137.52平米,南,精装,中楼层(共33层),2015年,板塔结合,838 万,60937 元,2,,,近地铁 | VR看装修 | 房本满五年,https://sz.lianjia.com/ershoufang/105120648476.html,地铁 | VR看装修 | 房本满五年,此房满五唯一，中高楼层，正南看花园，百万装修，自住保养好,信义嘉御山大一期分三期开发（1-3期）共3008户。2013-2015年底交房，小区内有泳池，2-4房户型都有，66平-77平2房，83-88平3房，86平 复式4房3卫；117-217平 改善大户型，户型很全面，适合各种需求的客户。,"信义在坂田开发的大社区的，小区一共有8期，1期楼下天虹商场有星巴克，奈雪，喜茶，面点王，健身会所，SAP等，2017年年底还开了佳华商场MAX.CITY.,有海底捞，探鱼等餐饮名店，还有电影院，电玩城等业态。",信义嘉御山是双地铁物业，地铁5号线“五和站”+10号线“坂田北站”，小区停车场出来拐个弯就上梅观高速G94去福田南山都很便利，小区门口也有多路公交达深圳各地，地铁+公交+自驾，都方便快捷。,,,2014-11-07,2025-05-07,商品房,普通住宅,满五年,共有,有抵押 900万元 民生银行,挂牌时间:2025-05-07 | 交易权属:商品房 | 上次交易:2014-11-07 | 房屋用途:普通住宅 | 房屋年限:满五年 | 产权所属:共有 | 抵押信息:有抵押 900万元 民生银行 | 房本备件:已上传房本照片,客厅 / 31.99平米 / 北 / 普通窗 ; 卧室01 / 16.83平米 / 无 / 未知窗户类型 ; 卧室02 / 11.16平米 / 无 / 未知窗户类型 ; 卧室03 / 13.02平米 / 无 / 未知窗户类型 ; 卧室04 / 7.63平米 / 北 / 普通窗 ; 厨房 / 6.78平米 / 无 / 未知窗户类型 ; 卫01 / 4.75平米 / 无 / 未知窗户类型 ; 卫02 / 4.48平米 / 北 / 落地窗 ; 阳台 / 5.78平米 / 北 / 普通窗 ; 入户花园 / 11.04平米 / 北 / 普通窗 ; 过道 / 5.89平米 / 无 / 无窗,
满五年，万科里南向视野佳，次新顶楼,"万科紫悦山 , 坂田",3室1厅,88.56平米,南,,高楼层(共33层),2016年,板楼,460 万,51943 元,18,,,VR房源 | 房本满五年 | 随时看房,https://sz.lianjia.com/ershoufang/105114861622.html,VR房源 | 房本满五年 | 随时看房,此房满五年，朝南视野好，自带万科里生活便利,万科次新社区2016年年底交房 3房2厅2卫 开发商统一精装修，细节方面设计很人性化，进门玄关做了鞋柜，主人房带衣帽间，客厅主卧朝南向 房子在小区中间，装修保养的很好无任何浪费面积,万科房地产开发，2016年底精装修交楼，总共6栋住宅，1栋幼儿园，小区自带游泳池， 自带20000平商场，有喜茶、星巴克等喝下午茶的休闲地方，有钱大妈、肉联邦等买菜店，天虹微喔等日常购物场所，还入驻了社康；小区停车位充足，人车分流。,万科紫悦山位于坂雪岗大道东面，楼下有公车站台，门口多路公车经过，位处坂银隧道出入口位置，另外门口有坂雪岗大道连接南坪和清平、水官高速等，可快速到达南山、福田、罗湖；距10号线南坑站及5号线坂田站均1.3公里,,,2014-04-14,2023-09-20,商品房,普通住宅,满五年,非共有,有抵押,挂牌时间:2023-09-20 | 交易权属:商品房 | 上次交易:2014-04-14 | 房屋用途:普通住宅 | 房屋年限:满五年 | 产权所属:非共有 | 抵押信息:有抵押 | 房本备件:已上传房本照片,客厅 / 31.29平米 / 无 / 未知窗户类型 ; 卧室A / 11.73平米 / 西南 西北 / 落地窗 ; 卧室B / 7.1平米 / 无 / 未知窗户类型 ; 卧室C / 8.53平米 / 无 / 未知窗户类型 ; 厨房 / 4.18平米 / 西南 / 普通窗 ; 卫生间A / 4.18平米 / 东北 / 普通窗 ; 卫生间B / 2.89平米 / 东北 / 普通窗 ; 阳台 / 2.84平米 / 东北 / 普通窗 ; 过道 / 2.52平米 / 无 / 无窗,
地铁口两房，安静看花园，采光好,"万科第五园四期 , 坂田",2室2厅,69.86平米,西,精装,中楼层(共18层),2010年,塔楼,350 万,50101 元,3,,,近地铁 | VR看装修,https://sz.lianjia.com/ershoufang/105121417793.html,地铁 | VR看装修,户型通透，得房率98%，仅需契税，低密度，高楼间距,万科里城，也叫万科第五园四期，小区总共七栋楼，楼间距很宽，楼跟楼互不影响。自带泳池、篮球场和羽毛球场等娱乐场地。小区人车分流，绿化面积大，小孩老人娱乐场地都有。是第五园九期中环境比较好的一期，生活氛围很好！,小区自带4000平购物街，100米坂田手造文化美食一条街，150米有早餐、理发店，钱大妈，第五园二、五期的华润万家，九期的万科里等；距离坂田医院约2.5公里。3公里内有坂田天虹，百佳华，8号仓。,小区门口就是第五园公交总站，有各路公交可以到达福田、南山、龙华，同时3个公交站可到达坂田地铁口，800米坂银通道，700米10号线雅园站。,,,暂无数据,2025-07-12,商品房,普通住宅,暂无数据,共有,有抵押 100万元,挂牌时间:2025-07-12 | 交易权属:商品房 | 上次交易:暂无数据 | 房屋用途:普通住宅 | 房屋年限:暂无数据 | 产权所属:共有 | 抵押信息:有抵押 100万元 | 房本备件:未上传房本照片,客厅 / 27.09平米 / 西 / 普通窗 ; 卧室A / 10.32平米 / 无 / 未知窗户类型 ; 卧室B / 8.84平米 / 无 / 无窗 ; 卧室C / 8.01平米 / 西 / 落地窗 ; 厨房 / 5.25平米 / 南 / 普通窗 ; 卫 / 2.29平米 / 东 / 普通窗 ; 阳台A / 2.56平米 / 南 / 普通窗 ; 阳台B / 4.29平米 / 西 / 普通窗,
此房业主诚心卖，宽景端户带地下室。,"万科城二期 , 坂田",5室2厅,146.18平米,东南 西南,精装,低楼层(共3层),2006年,塔楼,980 万,67041 元,2,,,近地铁 | VR房源 | 随时看房,https://sz.lianjia.com/ershoufang/105118808187.html,地铁 | VR房源 | 随时看房,此房业主诚心卖，看房方便。户型方正装修保养好，五个房间。,房子所在小区万科城，是万科统一的综合性大社区，小区内自带约3000㎡的风情步行街包含餐饮，服饰，银行，等配套，有大概7000㎡的人工湖，小区内从35㎡的单房到200多平的联排别墅，户型齐全，万科城里有多层楼梯房和中高层电梯房，电梯房的视野都很开阔。,配套设施齐全，万科城餐饮配套，包括百度烤肉、华润万家、肯德基、湘江老厨、名典、丹桂轩等品牌商家！有中国银行ATM、建设银行；门口就是公交站交通便利.,地理位置优越，梅观高速、机荷高速、清平高，公交路线317、328、334、335、339、391、981、993、994、995内、995外、b666、b667、e8、m221，和地铁10线华为站，出行方便。,,,暂无数据,2024-11-04,商品房,普通住宅,暂无数据,非共有,有抵押 630万元,挂牌时间:2024-11-04 | 交易权属:商品房 | 上次交易:暂无数据 | 房屋用途:普通住宅 | 房屋年限:暂无数据 | 产权所属:非共有 | 抵押信息:有抵押 630万元 | 房本备件:未上传房本照片,客厅A / 37.13平米 / 无 / 无窗 ; 客厅B / 44.03平米 / 北 / 普通窗 ; 卧室A / 12.15平米 / 无 / 无窗 ; 卧室B / 13.32平米 / 北 / 普通窗 ; 卧室C / 10.41平米 / 南 / 普通窗 ; 卧室D / 18.4平米 / 南 / 落地窗 ; 卧室E / 13.24平米 / 北 / 落地窗 ; 厨房 / 8.26平米 / 南 / 普通窗 ; 卫A / 4.17平米 / 西 / 普通窗 ; 卫B / 5.32平米 / 西 / 普通窗 ; 卫C / 3.38平米 / 西 / 普通窗 ; 露台A / 4.37平米 / 无 / 无窗 ; 露台B / 15.75平米 / 西 北 东 / 普通窗 ; 露台C / 3.27平米 / 南 / 普通窗 ; 花园 / 24.4平米 / 西 北 东 / 普通窗 ; 入户花园 / 13.76平米 / 无 / 无窗 ; 楼梯间 / 4.05平米 / 无 / 无窗 ; 过道 / 7.4平米 / 无 / 无窗,
此房满五年，TA单排户型，户型通透，采光好,"万科城三期 , 坂田",3室2厅,163.07平米,南,精装,1层,2007年,塔楼,980 万,60097 元,2,,27天以前发布,近地铁 | VR房源 | 随时看房,https://sz.lianjia.com/ershoufang/105122088513.html,地铁 | VR房源 | 随时看房,此房满五年，TA户型，户型通透，采光好，带私家车位,万科城由万科集团开发，密度低，小区物业管理较为严格，外人基本无法随意出入，小区的花园干净整洁，一直保养的比较好。另外小区内有游泳池和健身会所，社区氛围比较运动阳光。小区环境优美，花园舒服，有露天泳池，健身场所,,地理位置优越，梅观高速、机荷高速、清平高，公交路线317、328等，和地铁10线华为站，出行方便，此房距离10号线华为A出口约200米距离（该数据由百度地图提供）,,,暂无数据,2025-09-11,商品房,普通住宅,暂无数据,非共有,无抵押,挂牌时间:2025-09-11 | 交易权属:商品房 | 上次交易:暂无数据 | 房屋用途:普通住宅 | 房屋年限:暂无数据 | 产权所属:非共有 | 抵押信息:无抵押 | 房本备件:未上传房本照片,餐厅 / 25.3平米 / 西 / 普通窗 ; 客厅A / 28.47平米 / 南 / 普通窗 ; 客厅B / 27.61平米 / 南 / 落地窗 ; 卧室A / 14.51平米 / 南 / 普通窗 ; 卧室B / 19.89平米 / 北 / 落地窗 ; 卧室C / 24.11平米 / 北 南 / 落地窗 ; 厨房 / 8.31平米 / 西 北 / 普通窗 ; 卫A / 2.83平米 / 北 / 普通窗 ; 卫B / 3.34平米 / 无 / 无窗 ; 卫C / 5.17平米 / 北 / 普通窗 ; 阳台A / 17.08平米 / 西 东 南 / 普通窗 ; 阳台B / 13.37平米 / 西 东 南 / 普通窗 ; 阳台C / 13.7平米 / 西 北 东 南 / 落地窗 ; 入户花园 / 17.32平米 / 无 / 无窗 ; 过道A / 11.24平米 / 无 / 无窗 ; 过道B / 6.72平米 / 东 / 落地窗,
朝南看银湖山 小区安静 客厅出阳台 满五年税费低,"佳兆业上品雅园 , 坂田",2室1厅,75.41平米,南,精装,32层,2010年,塔楼,385 万,51055 元,0,,21天以前发布,近地铁 | VR看装修,https://sz.lianjia.com/ershoufang/105122158111.html,地铁 | VR看装修,朝南看银湖山 小区安静 客厅出阳台 满五年税费低,上品雅园占地四万五千平，由7栋高层住宅合围式组成，人车分流，共1745户，1600个车位，管理费2.6元每平米，车位200元每月。户型多为两房和三房，佳兆业物业管理，2011年精装交楼的次新社区，常住人员均为80后青年及父母带孙家庭。底商已面开业.,小区自带泳池，乒乓球室、棋牌室及锻炼器材广场。门口有华润万家，钱大妈，龙华大润发沃尔玛往返车等满足业主的日常需求。步行700米可至杨美美食街，美家福百货等。距离深圳坂田医院2500米。3公里内有坂田天虹，佳华领汇广场，8号仓，和成嘉业,（参考高德地图）地铁5号线杨美站C出口792米，西至前海湾东至黄贝岭。东南门M572路可直达终点深圳北站或步行792米至杨美地铁公交站有多条公交路线可达深圳各区域。可直上布龙路、清平、南坪、水官，规划中坂银隧道建成通车后可实现10公里至福田皇岗立交,,,暂无数据,2025-09-17,商品房,普通住宅,暂无数据,非共有,有抵押 384万元 银行,挂牌时间:2025-09-17 | 交易权属:商品房 | 上次交易:暂无数据 | 房屋用途:普通住宅 | 房屋年限:暂无数据 | 产权所属:非共有 | 抵押信息:有抵押 384万元 银行 | 房本备件:未上传房本照片,客厅 / 26.42平米 / 西 东 南 / 普通窗 ; 卧室A / 12.66平米 / 无 / 未知窗户类型 ; 卧室B / 9.09平米 / 无 / 未知窗户类型 ; 厨房 / 4.93平米 / 东 / 普通窗 ; 卫 / 4.48平米 / 东 / 普通窗 ; 阳台A / 3.09平米 / 北 东 南 / 普通窗 ; 阳台B / 7.44平米 / 西 南 / 普通窗 ; 过道 / 2.98平米 / 无 / 无窗,
第五园四期次新房，花园泳池景观，满五唯一，得房率高,"万科第五园四期 , 坂田",2室1厅,70.04平米,西,精装,低楼层(共18层),2010年,塔楼,348 万,49686 元,7,,,近地铁 | VR看装修 | 房本满五年 | 随时看房,https://sz.lianjia.com/ershoufang/105120929556.html,地铁 | VR看装修 | 房本满五年 | 随时看房,看花园泳池，户型通透，得房率98%，满五唯一，低密度，高楼间距,万科里城，也叫万科第五园四期，小区总共七栋楼，楼间距很宽，楼跟楼互不影响。自带泳池、篮球场和羽毛球场等娱乐场地。小区人车分流，绿化面积大，小孩老人娱乐场地都有。是第五园九期中环境比较好的一期，生活氛围很好！,小区自带4000平购物街，100米坂田手造文化美食一条街，150米有早餐、理发店，钱大妈，第五园二、五期的华润万家，九期的万科里等；距离坂田医院约2.5公里。3公里内有坂田天虹，百佳华，8号仓。,小区门口就是第五园公交总站，有各路公交可以到达福田、南山、龙华，同时3个公交站可到达坂田地铁口，800米坂银通道，700米10号线雅园站。,,,2020-09-25,2025-06-02,商品房,普通住宅,满五年,非共有,有抵押 280万元 中国工商银行股份有限公司深圳龙华支行,挂牌时间:2025-06-02 | 交易权属:商品房 | 上次交易:2020-09-25 | 房屋用途:普通住宅 | 房屋年限:满五年 | 产权所属:非共有 | 抵押信息:有抵押 280万元 中国工商银行股份有限公司深圳龙华支行 | 房本备件:已上传房本照片,客厅 / 26.77平米 / 北 / 普通窗 ; 卧室A / 12.97平米 / 北 / 落地窗 ; 卧室B / 10.12平米 / 北 / 落地窗 ; 厨房 / 5.26平米 / 北 / 落地窗 ; 卫 / 2.34平米 / 北 / 普通窗 ; 阳台A / 4.21平米 / 北 / 普通窗 ; 阳台B / 4.13平米 / 北 / 落地窗 ; 阳台C / 3.97平米 / 北 / 落地窗,
电梯2房有阁楼   满五年   无个税    诚心出售,"万科第五园三期 , 坂田",4室1厅,84.14平米,西南,精装,低楼层(共23层),2008年,塔楼,400 万,47540 元,5,,,VR房源 | 随时看房,https://sz.lianjia.com/ershoufang/105121329293.html,VR房源 | 随时看房,此房满五年唯一  自住 保养好  诚心出售,万科第五园总建面八十万平米，共分九期开发，目前整个项目已经开发完毕且已售磬，纯中式徽派建筑风格，也是目前深圳第二大楼盘。来到第五园就会有一种回归自然的感觉,,小区门口就是第五园公交总站，有各路公交可以到达福田、南山、龙华，同时3个公交站可到达坂田地铁口，800米坂银通道，700米10号线雅园站。,房子是商品房  满五年  唯一   招行有欠款 买家同行办理按揭申请  可带押过户,,暂无数据,2025-07-04,商品房,普通住宅,暂无数据,非共有,有抵押 280万元 招商银行 业主自还,挂牌时间:2025-07-04 | 交易权属:商品房 | 上次交易:暂无数据 | 房屋用途:普通住宅 | 房屋年限:暂无数据 | 产权所属:非共有 | 抵押信息:有抵押 280万元 招商银行 业主自还 | 房本备件:未上传房本照片,客厅 / 34.95平米 / 西南 东南 / 落地窗 ; 卧室A / 11.36平米 / 无 / 未知窗户类型 ; 卧室B / 8.41平米 / 无 / 未知窗户类型 ; 卧室C / 6.76平米 / 东南 / 落地窗 ; 厨房 / 4.99平米 / 西南 / 普通窗 ; 卫 / 3.6平米 / 东南 / 普通窗 ; 阳台A / 5.51平米 / 西南 东北 / 普通窗 ; 阳台B / 1.73平米 / 西南 / 普通窗,
88平的三房两卫正出阳台看花园,"佳兆业中央广场一期 , 坂田",3室2厅,88.65平米,南,精装,低楼层(共48层),2013年,塔楼,430 万,48506 元,0,,,近地铁 | VR看装修 | 随时看房,https://sz.lianjia.com/ershoufang/105121953820.html,地铁 | VR看装修 | 随时看房,双卫全明设计：主卧独立明卫（带飘窗+干湿分离）。,,,出行方便，公交好多条线，地铁岗头和雪象两个地铁口，几个红绿灯就上高速，非常便利。,,,暂无数据,2025-08-29,商品房,普通住宅,暂无数据,非共有,无抵押,挂牌时间:2025-08-29 | 交易权属:商品房 | 上次交易:暂无数据 | 房屋用途:普通住宅 | 房屋年限:暂无数据 | 产权所属:非共有 | 抵押信息:无抵押 | 房本备件:未上传房本照片,客厅 / 22.24平米 / 南 / 普通窗 ; 卧室A / 9.4平米 / 东 / 落地窗 ; 卧室B / 11.86平米 / 无 / 未知窗户类型 ; 卧室C / 9.28平米 / 无 / 未知窗户类型 ; 厨房 / 4.92平米 / 东 / 落地窗 ; 卫A / 3.93平米 / 无 / 落地窗 ; 卫B / 2.68平米 / 东 / 普通窗 ; 阳台A / 3.09平米 / 东 / 落地窗 ; 阳台B / 6.03平米 / 东 南 / 普通窗 ; 过道 / 2.92平米 / 无 / 无窗,
地铁口次新房 高使用率 4房 看山景 小区环境优,"星河银湖谷 , 坂田",4室2厅,86.49平米,东南,精装,低楼层(共48层),2016年,板塔结合,588 万,67985 元,3,,,近地铁 | VR房源 | 随时看房,https://sz.lianjia.com/ershoufang/105118704696.html,地铁 | VR房源 | 随时看房,南向 视野好 看花园 采光充足 住家装修保养好 业主诚心,星河WORLD银湖谷住宅面积为200000㎡，拥有5500㎡园林和泳池，人车分流的规划设计，港式入户大堂，览山阅湖景视野。约700000㎡商务楼群，集300米高层双子塔地和生态写字楼于一体，是金融产业、高新科技、创新产业的总部型经济聚集地。,出则繁华，入则宁静：大型写字楼产业集群，星河双子塔，星河商场，三山5水环抱。10号线地铁。,10号线雅宝站，已经开通。南平快速延长线，新彩隧道，坂银隧道，梅关高速，五大交通便捷到到达深圳各区。 坂银遂道已经通车去往罗湖福田近。,,,暂无数据,2024-10-25,商品房,普通住宅,暂无数据,非共有,有抵押 250万元 中国银行 客户偿还,挂牌时间:2024-10-25 | 交易权属:商品房 | 上次交易:暂无数据 | 房屋用途:普通住宅 | 房屋年限:暂无数据 | 产权所属:非共有 | 抵押信息:有抵押 250万元 中国银行 客户偿还 | 房本备件:未上传房本照片,客厅 / 24.03平米 / 南 / 普通窗 ; 卧室A / 7.67平米 / 南 / 落地窗 ; 卧室B / 13.01平米 / 无 / 未知窗户类型 ; 卧室C / 5.75平米 / 西 / 落地窗 ; 卧室D / 6.46平米 / 西 / 普通窗 ; 厨房 / 5.09平米 / 无 / 普通窗 ; 卫生间A / 4.84平米 / 无 / 未知窗户类型 ; 卫生间B / 4.06平米 / 北 / 普通窗 ; 阳台A / 4.31平米 / 西 南 / 普通窗 ; 阳台B / 2.52平米 / 西 / 普通窗 ; 过道 / 4.69平米 / 无 / 无窗,
近地铁，顶楼大阳台，五园稀有上叠，配套齐全,"万科第五园二期 , 坂田",4室1厅,164.22平米,南,精装,低楼层(共3层),2006年,板塔结合,1180 万,71855 元,15,,,VR房源 | 随时看房,https://sz.lianjia.com/ershoufang/105116374571.html,VR房源 | 随时看房,满五不唯一 ，叠拼三层复式，客厅挑空，带天台花园.,,五园南门和北门出行口都有一个华润万家，万科里的商圈（在万科第五园九期），生活配套设施完善，距离1200米8号仓可以大型购物，喝茶，看电影，还有坂田医院， 一个南坑水库 一个钓鱼场所休闲场，两个登山口可以爬银湖山,,,,暂无数据,2024-03-16,商品房,普通住宅,暂无数据,非共有,无抵押,挂牌时间:2024-03-16 | 交易权属:商品房 | 上次交易:暂无数据 | 房屋用途:普通住宅 | 房屋年限:暂无数据 | 产权所属:非共有 | 抵押信息:无抵押 | 房本备件:未上传房本照片,客厅 / 54.14平米 / 北 南 / 普通窗 ; 书房 / 13.76平米 / 北 南 / 落地窗 ; 卧室A / 18.5平米 / 北 东 / 落地窗 ; 卧室B / 8.92平米 / 北 / 落地窗 ; 卧室C / 15.54平米 / 北 / 普通窗 ; 厨房 / 10.75平米 / 西 / 普通窗 ; 卫生间A / 3.33平米 / 东 / 普通窗 ; 卫生间B / 7.86平米 / 西 南 / 普通窗 ; 阳台A / 14.03平米 / 南 / 普通窗 ; 阳台B / 1.81平米 / 西 北 东 / 普通窗 ; 阳台C / 8.57平米 / 北 东 / 落地窗 ; 露台 / 56.11平米 / 无 / 普通窗 ; 储物间 / 2.45平米 / 南 / 普通窗 ; 过道 / 11.9平米 / 西 / 普通窗 ; 衣帽间 / 3.42平米 / 东 / 普通窗,
万科顶楼两层复式加天台花园，看山看水，有固定车位,"万科第五园八期 , 坂田",4室1厅,89平米,南,精装,18层,2009年,板楼,898 万,100899 元,6,,,VR房源 | 随时看房,https://sz.lianjia.com/ershoufang/105121327013.html,VR房源 | 随时看房,此房满五年不唯一，两层复式加天台花园，带固定车位,,,,,,暂无数据,2025-07-04,商品房,普通住宅,暂无数据,非共有,有抵押 500万元 浙商银行 金融公司垫资,挂牌时间:2025-07-04 | 交易权属:商品房 | 上次交易:暂无数据 | 房屋用途:普通住宅 | 房屋年限:暂无数据 | 产权所属:非共有 | 抵押信息:有抵押 500万元 浙商银行 金融公司垫资 | 房本备件:未上传房本照片,餐厅 / 18.52平米 / 北 南 / 落地窗 ; 客厅A / 22.36平米 / 南 / 普通窗 ; 客厅B / 18.44平米 / 东 南 / 落地窗 ; 卧室A / 11.82平米 / 无 / 未知窗户类型 ; 卧室B / 7.81平米 / 无 / 未知窗户类型 ; 卧室C / 17.99平米 / 南 / 落地窗 ; 卧室D / 9.34平米 / 北 / 普通窗 ; 厨房 / 7.03平米 / 东 东南 / 普通窗 ; 卫A / 5.13平米 / 北 / 普通窗 ; 卫B / 4.22平米 / 北 / 普通窗 ; 阳台A / 6.29平米 / 东 南 / 普通窗 ; 露台（按现状绘制，如有偏差，以产权证明为准） / 17.16平米 / 北 西北 东北 南 东南 / 落地窗 ; 储 / 3.2平米 / 东南 / 普通窗 ; 衣帽间 / 8.03平米 / 无 / 无窗,
旭景佳园1期朝南看花园，位置安静的3房,"珠江旭景佳园 , 坂田",3室2厅,89.85平米,南,,低楼层(共18层),2008年,塔楼,375 万,41737 元,0,,27天以前发布,近地铁 | VR看装修 | 房本满五年,https://sz.lianjia.com/ershoufang/105122087211.html,地铁 | VR看装修 | 房本满五年,房子已经满了5年，在深圳就这套房子，税费少,小区分3期开发，近1500户，地铁口物业，紧靠银湖山和坂银隧道，地理位置优越，进出关内外方便。小区房价处于区域谷值，同区域二手房对比有很大的优势。所以有很多关内的客户在此小区置业。生活配套成熟，是刚需值得购买的小区,二期内有旭景幼园。小区东南侧3千㎡底商，南侧有大族云峰商场已开业；距小区300米有两万㎡万科里。2km内有阳光湾畔、8号仓、坂田天虹等商场。1km有坂田医院,"四通八达,小区邻布龙路坂雪岗大道两大动脉,南面1km上坂银南坪,通达福田南山方便；东面两个灯位上清平水官,通达罗湖盐田惠州；西侧2km上G94,1h到宝安东莞广州；北达天安和华为。250米到5号线坂田地铁口,1站换10号线到福田口岸。小区东门150m到公交站。",,,2001-06-22,2025-09-10,商品房,普通住宅,满五年,非共有,有抵押,挂牌时间:2025-09-10 | 交易权属:商品房 | 上次交易:2001-06-22 | 房屋用途:普通住宅 | 房屋年限:满五年 | 产权所属:非共有 | 抵押信息:有抵押 | 房本备件:已上传房本照片,客厅 / 28.66平米 / 南 / 普通窗 ; 卧室A / 11.18平米 / 无 / 未知窗户类型 ; 卧室B / 9.65平米 / 无 / 未知窗户类型 ; 卧室C / 7.24平米 / 无 / 未知窗户类型 ; 厨房 / 4.63平米 / 北 / 落地窗 ; 卫 / 3.48平米 / 北 / 普通窗 ; 阳台A / 4.34平米 / 西 东 南 / 普通窗 ; 阳台B / 1.71平米 / 北 / 落地窗,
春华四季园湖边复式房148平米看湖景安静,"春华四季园一期 , 坂田",4室1厅,148.24平米,西,简装,低楼层(共9层),2006年,板塔结合,718 万,48435 元,1,,,VR房源 | 随时看房,https://sz.lianjia.com/ershoufang/105121974555.html,VR房源 | 随时看房,春华四季园湖边复式房148平米看湖景安静,小区总建筑面积430000㎡，总规划户数约3300户，拥有完善的配套设施，6000㎡的湖坡，1000米的风情街，室外泳池及室内恒温泳池、3000㎡的运动场地、幼儿园等，金光华物业。二期户型丰富多样，包括70㎡的两房.95-100㎡左右的三房.136-158㎡的四房五房 141..,"：
小区自带：小区一条街、华润万家、特蕾丝幼儿园、游泳馆、网球场、篮球场、羽毛球场、休闲会所等配套，生活购物便利，购物：8号仓奥特莱斯、龙华名车广场，东门离阳光湾畔购物广场、海达和成购物广场",,,,暂无数据,2025-08-31,商品房,普通住宅,暂无数据,非共有,有抵押 100万元 欠款业主自己还 业主自还,挂牌时间:2025-08-31 | 交易权属:商品房 | 上次交易:暂无数据 | 房屋用途:普通住宅 | 房屋年限:暂无数据 | 产权所属:非共有 | 抵押信息:有抵押 100万元 欠款业主自己还 业主自还 | 房本备件:未上传房本照片,客厅 / 47.97平米 / 无 / 未知窗户类型 ; 卧室A / 9.63平米 / 无 / 普通窗 ; 卧室B / 26.51平米 / 西北 / 落地窗 ; 卧室C / 19.34平米 / 东南 / 普通窗 ; 卧室D / 13.07平米 / 东南 / 普通窗 ; 厨房 / 6.56平米 / 无 / 普通窗 ; 卫A / 4.1平米 / 无 / 未知窗户类型 ; 卫B / 6.16平米 / 无 / 未知窗户类型 ; 卫C / 3.8平米 / 无 / 无窗 ; 阳台A / 15.99平米 / 无 / 未知窗户类型 ; 阳台B / 8.38平米 / 西南 东北 东南 / 普通窗 ; 入户花园 / 11.76平米 / 西南 / 普通窗 ; 过道 / 16.93平米 / 无 / 无窗 ; 衣帽间 / 5.81平米 / 无 / 无窗,
朝南三房一卫  视野采光号 业主诚心卖,"佳兆业中央广场一期 , 坂田",3室2厅,89.69平米,东南,精装,中楼层(共48层),2013年,塔楼,405 万,45156 元,5,,,近地铁 | VR看装修 | 房本满五年 | 随时看房,https://sz.lianjia.com/ershoufang/105121503701.html,地铁 | VR看装修 | 房本满五年 | 随时看房,中高楼层，采光好，视野好，朝南方向，双地铁口。,小区规划大型雪象体育公园，三十万商 业综合MALL，270米层高五星国际酒店，百度测量1公 里范围内雪象医院、肖传国医院，地铁10号线雪象、岗头双地铁口，坂银隧道去福田南山交通便捷。,,地铁十号线雪象站A出口，沿着坂雪岗大道可以去梅林关（去关内方向）、也可以转布龙路转南坪快速和水官高速，也可以从转贝尔路再转梅关高速，上坂澜大道可以去观澜也可以去平湖。交通很方便。高速交通：梅观高速、清平高速、坂雪岗大道、南坪快速。,,,2020-05-22,2025-07-19,商品房,普通住宅,满五年,非共有,有抵押 40万元,挂牌时间:2025-07-19 | 交易权属:商品房 | 上次交易:2020-05-22 | 房屋用途:普通住宅 | 房屋年限:满五年 | 产权所属:非共有 | 抵押信息:有抵押 40万元 | 房本备件:已上传房本照片,客厅 / 21.07平米 / 南 / 普通窗 ; 卧室A / 9.31平米 / 西 / 落地窗 ; 卧室B / 10.78平米 / 南 / 落地窗 ; 卧室C / 8.64平米 / 南 / 落地窗 ; 厨房 / 5.04平米 / 西 / 普通窗 ; 卫 / 3.91平米 / 无 / 普通窗 ; 阳台A / 2.13平米 / 西 / 普通窗 ; 阳台B / 5.13平米 / 西 南 / 普通窗 ; 过道 / 3.01平米 / 无 / 无窗,
四季花城电梯三房，南向满五年唯一，业主诚心卖！,"万科四季花城一期 , 坂田",3室1厅,89.28平米,西南,简装,低楼层(共9层),2000年,板塔结合,398 万,44579 元,7,,,近地铁 | VR看装修 | 随时看房,https://sz.lianjia.com/ershoufang/105120257212.html,,,,,,,,,,,,,,,,,failed: Failed to fetch detail page after 3 attempts: https://sz.lianjia.com/ershoufang/105120257212.html
新上低密度大阳台两房 满五年 红本在手 业主置业大房,"万科第五园四期 , 坂田",2室2厅,69.31平米,东南,精装,中楼层(共18层),2010年,塔楼,350 万,50498 元,0,,10天以前发布,近地铁 | VR房源 | 随时看房,https://sz.lianjia.com/ershoufang/105122276798.html,地铁 | VR房源 | 随时看房,此房满五不唯一，低于指导价出售，大阳台 近地铁,万科里城，也叫万科第五园四期，小区总共七栋楼，楼间距很宽，楼跟楼互不影响。自带泳池、篮球场和羽毛球场等娱乐场地。小区人车分流，绿化面积大，小孩老人娱乐场地都有。是第五园九期中环境比较好的一期，生活氛围很好！,小区自带4000平购物街，100米坂田手造文化美食一条街，150米有早餐、理发店，钱大妈，第五园二、五期的华润万家，九期的万科里等；距离坂田医院约2.5公里。3公里内有坂田天虹，佳华，8号仓。,第五园公交总站就在楼下地铁十号线南坑A口到小区只有450米左右10号线,此房满五年，红本在手，不唯一，税费各付，交易成本低。业主好说话,,暂无数据,2025-09-28,商品房,普通住宅,暂无数据,非共有,无抵押,挂牌时间:2025-09-28 | 交易权属:商品房 | 上次交易:暂无数据 | 房屋用途:普通住宅 | 房屋年限:暂无数据 | 产权所属:非共有 | 抵押信息:无抵押 | 房本备件:未上传房本照片,客厅 / 27.17平米 / 东 / 落地窗 ; 卧室A / 12.58平米 / 东 / 落地窗 ; 卧室B / 10.55平米 / 无 / 未知窗户类型 ; 厨房 / 5.34平米 / 北 / 落地窗 ; 卫 / 2.31平米 / 西 / 普通窗 ; 阳台A / 4.18平米 / 东 / 落地窗 ; 阳台B / 4.16平米 / 东 / 落地窗 ; 阳台C / 2.63平米 / 北 / 落地窗,
正南向端头大两房，中间楼层采光通风好,"万科第五园四期 , 坂田",2室2厅,69.72平米,南,简装,高楼层(共18层),2010年,塔楼,370 万,53070 元,7,,,近地铁 | VR看装修 | 随时看房,https://sz.lianjia.com/ershoufang/105119228393.html,地铁 | VR看装修 | 随时看房,正南向端头大两房，中间楼层采光通风好,万科里城，也叫万科第五园四期，小区总共七栋楼，楼间距很宽，楼跟楼互不影响。自带泳池、篮球场和羽毛球场等娱乐场地。小区人车分流，绿化面积大，小孩老人娱乐场地都有。是第五园九期中环境比较好的一期，生活氛围很好！,小区自带4000平购物街，100米坂田手造文化美食一条街，150米有早餐、理发店，钱大妈，第五园二、五期的华润万家，九期的万科里等；距离坂田医院约2.5公里。3公里内有坂田天虹，佳华，8号仓。,小区门口就是第五园公交总站，有各路公交可以到达福田、南山、龙华，同时3个公交站可到达坂田地铁口，800米坂银通道，700米10号线雅园站。,,,暂无数据,2024-12-17,商品房,普通住宅,暂无数据,共有,有抵押 100万元 中国农业银行股份有限公司深圳深南支行,挂牌时间:2024-12-17 | 交易权属:商品房 | 上次交易:暂无数据 | 房屋用途:普通住宅 | 房屋年限:暂无数据 | 产权所属:共有 | 抵押信息:有抵押 100万元 中国农业银行股份有限公司深圳深南支行 | 房本备件:未上传房本照片,客厅 / 28.74平米 / 南 / 普通窗 ; 卧室A / 12.53平米 / 西 南 / 落地窗 ; 卧室B / 8.88平米 / 西 / 落地窗 ; 厨房 / 8.96平米 / 西 / 落地窗 ; 卫 / 2.46平米 / 北 / 普通窗 ; 阳台A / 4.4平米 / 南 / 普通窗 ; 阳台B / 4.33平米 / 南 / 落地窗,
少有电梯顶楼复式，二层不计面积，实用率高，端头安静,"万科四季花城七期 , 坂田",5室2厅,106.71平米,南,,高楼层(共8层),2003年,板楼,589 万,55197 元,8,,,近地铁 | VR房源 | 随时看房,https://sz.lianjia.com/ershoufang/105121575247.html,地铁 | VR房源 | 随时看房,此房是电梯9楼复式，使用率高，朝南，看花园无遮挡，端头位置,小区由万科地产集团开发，一共有36个独立苑，共分七期开发，花园式小区，绿化植被很多，带露天游泳池和健身会所及相应运动器械供住户健身，社区运动氛围棒；万科物业24小时严格管控，夜间有保安巡逻，外人基本无法随意出入，人车分流，充分保护行人!,小区内有2个公立幼儿园、海丽达幼儿园，华润万家，五和购物广场、海达和成购物广场、坂田民营市场等。医疗类有深圳坂田医院、第二儿童医院院、布吉医院花城社康医院（小区内）；,地铁5号线和10号线五和站A口500米，交通发达，小区旁边有布龙路、梅观高速、机荷高速、南坪快速等，乘坐公交或驾车出行到福田、罗湖、南山等地较方便（距离信息来源于百度地图）还有在修的深大城际和深惠城际,,,暂无数据,2025-07-26,商品房,普通住宅,暂无数据,非共有,有抵押,挂牌时间:2025-07-26 | 交易权属:商品房 | 上次交易:暂无数据 | 房屋用途:普通住宅 | 房屋年限:暂无数据 | 产权所属:非共有 | 抵押信息:有抵押 | 房本备件:未上传房本照片,,
电梯朝南大两房，近地铁，全新装修，满五唯一税费低,"万科四季花城二期 , 坂田",2室2厅,64.64平米,南,,11层,2000年,板楼,335 万,51826 元,11,,,VR房源,https://sz.lianjia.com/ershoufang/105119594680.html,VR房源,此房在二期，近地铁近、，朝南看花园，带电梯，精装修，保养好,小区由万科地产集团开发，一共有36个独立苑，共分七期开发，花园式小区，绿化植被很多，带露天游泳池和健身会所及相应运动器械供住户健身，社区运动氛围棒；万科物业24小时严格管控，夜间有保安巡逻，外人基本无法随意出入，人车分流，充分保护行人!,距离坂田天虹1000米，距离坂田民营市场100米，距离8号仓300米，距离星河银湖谷商场直线距离1000米，距离星河商场和上河坊购物广场2000米，（数据来自百度地图）,小区东门距离地铁5号线和10号线双地铁口100米，地铁连接的站点有深圳北站、布吉、太安、黄贝岭、宝安、前海湾（以上都为地铁中转站）交通发达，有布龙路、梅观高速、机荷高速、南坪快速等，乘坐公交或驾车出行到福田、罗湖、南山等地较方便。,,,暂无数据,2025-02-07,商品房,普通住宅,暂无数据,共有,有抵押,挂牌时间:2025-02-07 | 交易权属:商品房 | 上次交易:暂无数据 | 房屋用途:普通住宅 | 房屋年限:暂无数据 | 产权所属:共有 | 抵押信息:有抵押 | 房本备件:未上传房本照片,客厅 / 23.74平米 / 东南 / 落地窗 ; 卧室A / 7.15平米 / 东北 / 落地窗 ; 卧室B / 10.89平米 / 无 / 未知窗户类型 ; 厨房 / 3.2平米 / 东北 / 普通窗 ; 卫 / 3.42平米 / 西北 / 普通窗 ; 阳台 / 3.93平米 / 东 / 落地窗,
花城格局优质顶楼复式，可以拎包入住。,"万科四季花城四期 , 坂田",3室1厅,72.78平米,南,精装,高楼层(共6层),2002年,板塔结合,398 万,54686 元,18,,,VR房源 | 随时看房,https://sz.lianjia.com/ershoufang/105118057954.html,VR房源 | 随时看房,此房是花城目前顶楼复式格局优质，精装修，可拎包入住.,万科大社区，配套齐全，适合居家的楼盘，小区的绿化好，1.4低密度,小区内有博雅、曼京、海丽达幼儿园等，商场类有华润万家，海达和成购物广场、阳光湾畔，8号仓奥特莱斯等。医疗类有深圳坂田医院、布吉医院花城社康医院（小区内）；网球场，篮球场，健身会所等！,小区东门距离地铁5号线和10号线50米，地铁连接的站点有深圳北站、布吉、太安、黄贝岭、宝安、前海湾（以上都为地铁中转站）交通发达，有布龙路、梅观高速、机荷高速、南坪快速等，乘坐公交或驾车出行到福田、罗湖、南山等地较方便,,,暂无数据,2024-08-24,商品房,普通住宅,暂无数据,非共有,有抵押,挂牌时间:2024-08-24 | 交易权属:商品房 | 上次交易:暂无数据 | 房屋用途:普通住宅 | 房屋年限:暂无数据 | 产权所属:非共有 | 抵押信息:有抵押 | 房本备件:未上传房本照片,客厅 / 33.88平米 / 无 / 未知窗户类型 ; 卧室A / 12.38平米 / 东 / 普通窗 ; 卧室B / 7.33平米 / 西 / 普通窗 ; 卧室C / 11.17平米 / 北 东 / 普通窗 ; 厨房 / 5.49平米 / 北 / 普通窗 ; 卫A / 4.2平米 / 东 / 普通窗 ; 卫B / 4.28平米 / 东 / 普通窗 ; 阳台A / 3.59平米 / 北 东 东北 南 东南 / 普通窗 ; 阳台B / 3.51平米 / 西 北 南 / 落地窗 ; 阳台C / 5.55平米 / 东 / 普通窗 ; 储物间 / 1.94平米 / 无 / 无窗 ; 过道 / 8.66平米 / 无 / 无窗,
此房三年才出的户型，2T3户南北对流采光通风佳,"信义嘉御山 , 坂田",3室2厅,83.87平米,北,精装,低楼层(共31层),2013年,板塔结合,510 万,60809 元,14,,,近地铁 | VR看装修 | 房本满五年,https://sz.lianjia.com/ershoufang/105121021472.html,地铁 | VR看装修 | 房本满五年,此房三年才出的户型，2T3户南北对流采光通风效果佳,信义嘉御豪园分三期开发，占地近100000平米，建面400000平，共3008户。2013-2015年底交房，小区内有泳池，配套有公里龙岗机关幼儿园，户型多样，66平-77平，方正通透的两房；83-88平，朝南或南北的三房户型；85平 复式 四房三卫；117-217平 改善大户型,"信义嘉御山是坂田新的大社区的，小区一共有8期，目前1-5期已经交房入住，6-8期还没有开盘的，坂田北地铁口的大盘，一期楼下有天虹商场，有星巴克，面点王，健身会所，SAP等，17年地还开了佳华商场MAX.CITY.,有海底捞，探鱼等餐饮名店",小区是双地铁10&5号线物业，到深圳北站两个地铁站，信义嘉御山小区采用人车分流，绿化面积大，24小时封闭物业管理，居住环境舒适。,,,2015-07-21,2025-06-09,商品房,普通住宅,满五年,非共有,有抵押 170万元 客户偿还,挂牌时间:2025-06-09 | 交易权属:商品房 | 上次交易:2015-07-21 | 房屋用途:普通住宅 | 房屋年限:满五年 | 产权所属:非共有 | 抵押信息:有抵押 170万元 客户偿还 | 房本备件:已上传房本照片,客厅 / 24.65平米 / 北 / 落地窗 ; 卧室A / 20.38平米 / 无 / 未知窗户类型 ; 卧室B / 9.61平米 / 无 / 未知窗户类型 ; 卧室C / 8.68平米 / 无 / 未知窗户类型 ; 厨房 / 5.39平米 / 无 / 未知窗户类型 ; 卫A / 3.64平米 / 无 / 未知窗户类型 ; 卫B / 3.06平米 / 无 / 未知窗户类型 ; 阳台 / 4.94平米 / 北 / 普通窗 ; 过道 / 4.36平米 / 无 / 无窗,
地铁口朝南向安静大2房 精装修 满5急售,"中海日辉台 , 坂田",2室2厅,65.03平米,南,精装,中楼层(共6层),2005年,塔楼,288 万,44288 元,4,,,近地铁 | VR看装修 | 房本满五年 | 随时看房,https://sz.lianjia.com/ershoufang/105120953676.html,地铁 | VR看装修 | 房本满五年 | 随时看房,此房满5年，厅出阳台朝南向，位置安静,,,小区出门即是十号线地铁口贝尔路站，目前还在修建地铁25号线与贝尔路站交汇，如果自驾的话，2个红绿灯可上梅观高速，出行便捷；,,,2009-12-09,2025-06-04,商品房,普通住宅,满五年,非共有,有抵押 30万元 兴业银行 业主自还,挂牌时间:2025-06-04 | 交易权属:商品房 | 上次交易:2009-12-09 | 房屋用途:普通住宅 | 房屋年限:满五年 | 产权所属:非共有 | 抵押信息:有抵押 30万元 兴业银行 业主自还 | 房本备件:已上传房本照片,客厅 / 21.13平米 / 北 / 落地窗 ; 卧室A / 9平米 / 无 / 未知窗户类型 ; 卧室B / 10.81平米 / 北 / 落地窗 ; 厨房 / 4.41平米 / 北 / 普通窗 ; 卫 / 3.38平米 / 北 / 普通窗 ; 阳台A / 1.3平米 / 北 / 落地窗 ; 阳台B / 4.71平米 / 北 / 普通窗 ; 阳台C / 2.19平米 / 北 / 普通窗,
此房满五唯一，方正通透，厅出阳台，安静舒适,"万科第五园八期 , 坂田",3室2厅,89.22平米,南,精装,18层,2009年,,465 万,52119 元,12,,,近地铁 | VR看装修,https://sz.lianjia.com/ershoufang/105119827991.html,地铁 | VR看装修,此房满五唯一，方正通透，厅出阳台，看小区花园，安静舒适,小区是万科物业，24小时安保，管家是服务。小区绿化好，有多个草坪很安静，车位充足，楼下就是社康，地铁在旁边。,,,房子满五唯一，只有契税，没有个税，交易简单。业主自住保养好。,,暂无数据,2025-02-25,商品房,普通住宅,暂无数据,非共有,有抵押 450万元 客户偿还,挂牌时间:2025-02-25 | 交易权属:商品房 | 上次交易:暂无数据 | 房屋用途:普通住宅 | 房屋年限:暂无数据 | 产权所属:非共有 | 抵押信息:有抵押 450万元 客户偿还 | 房本备件:未上传房本照片,客厅 / 24.08平米 / 无 / 未知窗户类型 ; 书房 / 5.43平米 / 西北 / 落地窗 ; 卧室A / 12.34平米 / 无 / 未知窗户类型 ; 卧室B / 7.78平米 / 无 / 未知窗户类型 ; 卧室C / 7.24平米 / 无 / 未知窗户类型 ; 厨房 / 3.88平米 / 西北 / 普通窗 ; 卫 / 4.65平米 / 无 / 未知窗户类型 ; 阳台 / 6.11平米 / 东北 东南 / 普通窗 ; 过道 / 4.9平米 / 无 / 无窗 ; 门厅 / 3.22平米 / 西北 东北 / 普通窗,
一房一厅 看花园 双地铁口 精装修,"佳兆业城市广场五期 , 坂田",1室1厅,47.48平米,南,精装,高楼层(共39层),2019年,塔楼,100 万,21062 元,0,,,近地铁 | VR房源,https://sz.lianjia.com/ershoufang/105121949257.html,地铁 | VR房源,一房一厅 看花园 双地铁口 精装修,小区规划大型雪象体育公园，三十万商 业综合MALL，270米层高五星国际酒店，百度测量1公 里范围内雪象医院、肖传国医院，地铁10号线雪象、岗头双地铁口，坂银隧道去福田南山交通便捷。,新社区人车分流，24小时保安轮流值班社区有自己的健身广场和花园园林式社区占地约300000平建面约1800000平米依托高新技术产业园佳兆业城市广场物业形态丰富集酒店于一体小区左边是天安云谷华为总部,地铁十号线雪象站A出口，沿着坂雪岗大道可以去梅林关（去关内方向）、也可以转布龙路转南坪快速和水官高速，也可以从转贝尔路再转梅关高速，上坂澜大道可以去观澜也可以去平湖。交通很方便。高速交通：梅观高速、清平高速、坂雪岗大道、南坪快速。,,,暂无数据,2025-08-29,商品房,商务公寓,暂无数据,非共有,有抵押 50万元,挂牌时间:2025-08-29 | 交易权属:商品房 | 上次交易:暂无数据 | 房屋用途:商务公寓 | 房屋年限:暂无数据 | 产权所属:非共有 | 抵押信息:有抵押 50万元 | 房本备件:未上传房本照片,客厅 / 14.59平米 / 无 / 无窗 ; 卧室 / 7.87平米 / 无 / 未知窗户类型 ; 卫 / 2.68平米 / 无 / 无窗 ; 储物间 / 2.62平米 / 无 / 无窗,
嘉御山 精装三房，小区中间位置 满五年 诚售,"信义嘉御山 , 坂田",3室2厅,86.67平米,北,精装,26层,2013年,板塔结合,515 万,59421 元,1,,,近地铁 | VR看装修 | 房本满五年,https://sz.lianjia.com/ershoufang/105119782562.html,地铁 | VR看装修 | 房本满五年,嘉御山 精装三房，小区中间位置 满五年 诚售,信义嘉御豪园分三期开发，占地近100000平米，建面400000平，共3008户。2013-2015年底交房，小区内有泳池，配套有公里龙岗机关幼儿园，户型多样，66平-77平，方正通透的两房；83-88平，朝南或南北的三房户型；85平 复式 四房三卫；117-217平 改善大户型。,信义嘉御山是坂田新的大社区的，小区一共有7期，目前1-5期已经交房入住，坂田双地铁口的大盘，一期楼下有天虹商场，有星巴克，KFC，面点王，健身会所，SAP等配套成熟，还开了佳华商场MAX.CITY有海底捞，探鱼等餐饮名店 各大银行围绕小区、旁边有大企业华为..,双地铁10号线、5号线物业，到深圳北站两个地铁站，信义嘉御山小区采用人车分流，绿化面积大，24小时封闭物业管理，居住环境舒适。,,,2016-03-28,2025-02-21,商品房,普通住宅,满五年,非共有,有抵押 500万元 客户偿还,挂牌时间:2025-02-21 | 交易权属:商品房 | 上次交易:2016-03-28 | 房屋用途:普通住宅 | 房屋年限:满五年 | 产权所属:非共有 | 抵押信息:有抵押 500万元 客户偿还 | 房本备件:已上传房本照片,客厅 / 24.9平米 / 北 南 / 落地窗 ; 卧室A / 18.28平米 / 北 南 / 落地窗 ; 卧室B / 10.52平米 / 北 / 落地窗 ; 卧室C / 8.8平米 / 北 / 普通窗 ; 厨房 / 5.66平米 / 南 / 普通窗 ; 卫A / 3.64平米 / 南 / 落地窗 ; 卫B / 3.4平米 / 南 / 落地窗 ; 阳台 / 5.88平米 / 西 北 东 / 普通窗 ; 过道 / 4.3平米 / 无 / 无窗,
高楼层精装，配套完备，近地铁中海3房,"中海月朗苑 , 坂田",3室1厅,102.35平米,西南,,中楼层(共18层),2006年,板楼,498 万,48657 元,18,,,近地铁 | VR房源 | 随时看房,https://sz.lianjia.com/ershoufang/105119207559.html,地铁 | VR房源 | 随时看房,房子全新装修拧包入住，格局无暗房，楼层好。,中海月朗苑项目位于深圳市龙岗区布吉坂田南，中海物业，距梅林关口约4公里（来自百度地图），上南坪快速很便捷，用地基本为矩形，住宅楼型为多层，小高层，高层相结合，拥有近20000平方米的花园，小区完全人车分流，展现一种宽适、自然、休闲、的生活氛,本小区位于万科第五园旁边，享万科配套，小区北门有200平左右的平方商场，可以解决日常所需，100M左右可以到坂田手造文化街，1000M到8号仓购物广场。（来自高德),"地铁十号线光雅园站离小区600米
小区出门就有公交站台,M300，393，M123，M572，621，M155等，东边是坂雪岗大道接南坪快速、坂银隧道直通福田笋岗路与北环大道，西边五和大道接梅观高速，地铁十号线光雅园站，交通便利。（来自百度",,,暂无数据,2024-12-15,商品房,普通住宅,暂无数据,非共有,有抵押,挂牌时间:2024-12-15 | 交易权属:商品房 | 上次交易:暂无数据 | 房屋用途:普通住宅 | 房屋年限:暂无数据 | 产权所属:非共有 | 抵押信息:有抵押 | 房本备件:未上传房本照片,客厅 / 40.14平米 / 西 东 / 落地窗 ; 卧室A / 9.81平米 / 无 / 未知窗户类型 ; 卧室B / 16.47平米 / 南 / 普通窗 ; 卧室C / 13.28平米 / 无 / 未知窗户类型 ; 厨房 / 6.67平米 / 西 / 普通窗 ; 卫生间A / 4.81平米 / 无 / 未知窗户类型 ; 卫生间B / 4.94平米 / 无 / 未知窗户类型 ; 阳台 / 4.34平米 / 西 东 南 / 普通窗,
大族云峰 坂田蕞受年轻人喜欢的次新小区,"大族云峰二期 , 坂田",4室2厅,106.56平米,南,精装,30层,2021年,板楼,599 万,56213 元,2,,,近地铁 | VR看装修,https://sz.lianjia.com/ershoufang/105122011917.html,地铁 | VR看装修,房子装修花了40个W，4改三格局，装修保养维护好，近福田,,楼下就是自带的商业，大族湾畔MALL，开车出行方便，一个红绿灯上坂银，15分钟到达福田罗湖，楼下自带幼儿园，坂田实验书包，1公里到达新开万科商业广场,,,,暂无数据,2025-09-03,商品房,普通住宅,暂无数据,非共有,有抵押 330万元 招商银行 金融公司垫资,挂牌时间:2025-09-03 | 交易权属:商品房 | 上次交易:暂无数据 | 房屋用途:普通住宅 | 房屋年限:暂无数据 | 产权所属:非共有 | 抵押信息:有抵押 330万元 招商银行 金融公司垫资 | 房本备件:未上传房本照片,,
十号地铁口南坑站 公园社区 高扩展 业主急售,"万科第五园四期 , 坂田",3室2厅,89.13平米,南,精装,高楼层(共26层),2011年,板楼,575 万,64513 元,1,,,近地铁 | VR房源,https://sz.lianjia.com/ershoufang/105120492281.html,地铁 | VR房源,十号地铁口南坑站 公园社区 高扩展 业主急售,万科里城，也叫万科第五园四期，小区总共七栋楼，楼间距很宽，楼跟楼互不影响。自带泳池、篮球场和羽毛球场等娱乐场地。小区人车分流，绿化面积大，小孩老人娱乐场地都有。是第五园九期中环境比较好的一期，生活氛围很好！,,小区门口就是第五园公交总站，有各路公交可以到达福田、南山、龙华，同时3个公交站可到达坂田地铁口，800米坂银通道，400米10号线南坑站。,,,暂无数据,2025-04-22,商品房,普通住宅,暂无数据,非共有,有抵押 580万元,挂牌时间:2025-04-22 | 交易权属:商品房 | 上次交易:暂无数据 | 房屋用途:普通住宅 | 房屋年限:暂无数据 | 产权所属:非共有 | 抵押信息:有抵押 580万元 | 房本备件:未上传房本照片,客厅 / 30.22平米 / 西南 / 落地窗 ; 卧室A / 21.5平米 / 西南 西北 / 落地窗 ; 卧室B / 9.52平米 / 东北 / 落地窗 ; 卧室C / 9.17平米 / 东北 / 落地窗 ; 厨房 / 4.93平米 / 西南 / 落地窗 ; 卫生间A / 5.03平米 / 无 / 未知窗户类型 ; 卫生间B / 4.37平米 / 东北 / 普通窗 ; 阳台 / 10.17平米 / 西南 南 / 落地窗,
高楼层视野好朝南光线好 满五年税费少,"佳兆业上品雅园 , 坂田",2室1厅,72.83平米,南,精装,30层,2010年,塔楼,360 万,49431 元,0,,,VR看装修 | 随时看房,https://sz.lianjia.com/ershoufang/105121705393.html,VR看装修 | 随时看房,楼层高视野好 朝南朝向好 小区安静 看花园  满五年税费低,上品雅园占地四万五千平，由7栋高层住宅合围式组成，人车分流，共1745户，1600个车位，管理费2.6元每平米，车位200元每月。户型多为两房和三房，佳兆业物业管理，2011年精装交楼的次新社区，常住人员均为80后青年及父母带孙家庭。底商已面开业.,小区自带泳池，乒乓球室、棋牌室及锻炼器材广场。门口有华润万家，钱大妈，龙华大润发沃尔玛往返车等满足业主的日常需求。步行700米可至杨美美食街，美家福百货等。距离深圳坂田医院2500米。3公里内有坂田天虹，佳华领汇广场，8号仓，和成嘉业,（参考高德地图）地铁5号线杨美站C出口792米，西至前海湾东至黄贝岭。东南门M572路可直达终点深圳北站或步行792米至杨美地铁公交站有多条公交路线可达深圳各区域。可直上布龙路、清平、南坪、水官，规划中坂银隧道建成通车后可实现10公里至福田皇岗立交,,,暂无数据,2025-08-07,商品房,普通住宅,暂无数据,非共有,无抵押,挂牌时间:2025-08-07 | 交易权属:商品房 | 上次交易:暂无数据 | 房屋用途:普通住宅 | 房屋年限:暂无数据 | 产权所属:非共有 | 抵押信息:无抵押 | 房本备件:未上传房本照片,客厅 / 26.4平米 / 西南 西北 东北 / 普通窗 ; 卧室A / 7.28平米 / 西南 / 普通窗 ; 卧室B / 13.04平米 / 无 / 未知窗户类型 ; 厨房 / 5.21平米 / 东北 / 普通窗 ; 卫 / 4.66平米 / 无 / 未知窗户类型 ; 阳台A / 9平米 / 西南 西北 东南 / 普通窗 ; 阳台B / 2.77平米 / 西北 东北 东南 / 普通窗 ; 过道 / 3.06平米 / 无 / 无窗,
坂田次新大盘 信义嘉御山大平层出售，看房方便,"信义嘉御山 , 坂田",4室2厅,133.38平米,东南,精装,中楼层(共33层),2013年,板塔结合,780 万,58480 元,19,,,近地铁 | VR看装修 | 随时看房,https://sz.lianjia.com/ershoufang/105117574323.html,地铁 | VR看装修 | 随时看房,此房中高楼层客厅出阳台，看小区花园和泳池采光视野都很棒,信义嘉御山大一期分三期开发（1-3期）共3008户。2013-2015年底交房，小区内有泳池，2-4房户型都有，66平-77平2房，83-88平3房，86平 复式4房3卫；117-217平 改善大户型，户型很全面，适合各种需求的客户。,"信义在坂田开发的大社区的，小区一共有8期，1期楼下天虹商场有星巴克，奈雪，喜茶，面点王，健身会所，SAP等，2017年年底还开了佳华商场MAX.CITY.,有海底捞，探鱼等餐饮名店，还有电影院，电玩城等业态。",信义嘉御山是双地铁物业，地铁5号线“五和站”+10号线“坂田北站”，小区停车场出来拐个弯就上梅观高速G94去福田南山都很便利，小区门口也有多路公交达深圳各地，地铁+公交+自驾，都方便快捷。,,,暂无数据,2024-07-11,商品房,普通住宅,暂无数据,非共有,无抵押,挂牌时间:2024-07-11 | 交易权属:商品房 | 上次交易:暂无数据 | 房屋用途:普通住宅 | 房屋年限:暂无数据 | 产权所属:非共有 | 抵押信息:无抵押 | 房本备件:未上传房本照片,客厅 / 37.39平米 / 北 东 / 落地窗 ; 卧室A / 13.73平米 / 无 / 未知窗户类型 ; 卧室B / 11.2平米 / 无 / 未知窗户类型 ; 卧室C / 16.56平米 / 无 / 未知窗户类型 ; 卧室D / 9.97平米 / 北 / 普通窗 ; 厨房 / 5.97平米 / 无 / 未知窗户类型 ; 卫A / 4.96平米 / 无 / 未知窗户类型 ; 卫B / 4.69平米 / 无 / 未知窗户类型 ; 阳台 / 5.22平米 / 北 东 / 普通窗 ; 储物间 / 4.27平米 / 无 / 无窗 ; 过道 / 5.93平米 / 无 / 无窗,
璞悦山少有安静景观大四房 可办3张停车卡 满五红本,"璞悦山 , 坂田",4室1厅,170.4平米,西南,精装,高楼层(共33层),2013年,板楼,918 万,53874 元,10,,,VR看装修,https://sz.lianjia.com/ershoufang/105118858082.html,VR看装修,此房有入户花园安静看山看水景观好 满五红本税少,万科璞悦山，小区绿化，环境好，且小区后面有业主私家登山道，有钓鱼场，适合全家游玩，小区内有会所，有泳池，社区自带幼儿园，生活也很便利。现代中式建筑风格，树木林立郁郁葱葱，花草遍地，芬芳满园，适合生活居家。,"100米处是万科里购物，星巴克，钱大妈。300米处是万科第五园五期乐购，百果园，湾畔MALL。手造文化街，星河CoCo Park,奥特莱斯，8号仓，万科广场等",,,,暂无数据,2024-11-09,商品房,普通住宅,暂无数据,非共有,无抵押,挂牌时间:2024-11-09 | 交易权属:商品房 | 上次交易:暂无数据 | 房屋用途:普通住宅 | 房屋年限:暂无数据 | 产权所属:非共有 | 抵押信息:无抵押 | 房本备件:未上传房本照片,客厅 / 38.93平米 / 西南 / 普通窗 ; 卧室A / 14.43平米 / 西南 东南 / 落地窗 ; 卧室B / 14.19平米 / 西南 / 落地窗 ; 卧室C / 21.9平米 / 西南 西北 / 落地窗 ; 卧室D / 10.3平米 / 东北 / 落地窗 ; 厨房 / 7.58平米 / 东北 / 落地窗 ; 卫A / 4.47平米 / 东南 / 普通窗 ; 卫B / 4.28平米 / 东北 / 落地窗 ; 卫C / 7.65平米 / 东北 / 普通窗 ; 阳台A / 7.68平米 / 西南 西北 东南 / 普通窗 ; 阳台B / 3.35平米 / 东北 / 落地窗 ; 过道 / 3.53平米 / 无 / 无窗 ; 门厅 / 8.55平米 / 东北 / 普通窗,
此房满五红本花园中间位置，双阳台户型好业主诚售！,"万科四季花城七期 , 坂田",3室1厅,105.46平米,东 西,精装,高楼层(共6层),2003年,板楼,395 万,37455 元,5,,,近地铁 | VR看装修 | 随时看房,https://sz.lianjia.com/ershoufang/105120558407.html,地铁 | VR看装修 | 随时看房,此房满五红本，花园中间位置，双阳台，户型好，业主诚售,小区由万科地产集团开发，一共有36个独立苑，共分七期开发，花园式小区，绿化植被很多，带露天游泳池和健身会所及相应运动器械供住户健身，社区运动氛围棒；万科物业24小时严格管控，夜间有保安巡逻，外人基本无法随意出入，人车分流，充分保护行人!,,地铁5号线和10号线五和站A口，交通发达，小区旁边有布龙路、梅观高速、机荷高速、南坪快速等，乘坐公交或驾车出行到福田、罗湖、南山等地较方便（距离信息来源于百度地图）还有在修的深大城际和深惠城际,,,暂无数据,2025-04-28,商品房,普通住宅,暂无数据,非共有,无抵押,挂牌时间:2025-04-28 | 交易权属:商品房 | 上次交易:暂无数据 | 房屋用途:普通住宅 | 房屋年限:暂无数据 | 产权所属:非共有 | 抵押信息:无抵押 | 房本备件:未上传房本照片,客厅 / 28.85平米 / 西 / 普通窗 ; 卧室A / 17.77平米 / 无 / 未知窗户类型 ; 卧室B / 10.25平米 / 无 / 未知窗户类型 ; 卧室C / 7.53平米 / 东 / 普通窗 ; 厨房 / 8.3平米 / 东 / 普通窗 ; 卫A / 4.25平米 / 北 / 普通窗 ; 卫B / 2.81平米 / 西 / 普通窗 ; 阳台A / 6平米 / 西 北 / 普通窗 ; 阳台B / 2.62平米 / 北 东 东北 / 普通窗 ; 过道 / 3.78平米 / 无 / 无窗,
此房高楼层 精装修 户型采光日照很好 业主诚心出售,"和成嘉业 , 坂田",3室2厅,81.86平米,西,,高楼层(共33层),2020年,板楼,410 万,50086 元,4,,,近地铁 | VR看装修,https://sz.lianjia.com/ershoufang/105121158106.html,地铁 | VR看装修,此房高楼层 精装修 户型采光日照很好 业主诚心出售,"小区由金合成开发和管理,于2016年批地,2019年入伙,共有800多户,两层车库,车位不紧张,车位1：1.8，主力户型为80-89-91-118-1140平,3-5房都是带装修交楼,采光好,围合式建筑风格,人车分流,小区地势高,通风好,居住舒适度高",小区自带乒乓球室、棋牌室及锻炼器材广场。门口有华润万家，钱大妈，龙华大润发沃尔玛往返车等满足业主的日常需求。步行700米可至杨美美食街，鑫华盛百货，美家福百货等。距离深圳坂田医院2500米。3公里内有坂田天虹，佳华领汇广场，8号仓，星河。,（参靠高德地图）地铁5号线杨美站C出口792米，西至前海湾东至黄贝岭。东南门M572路可直达终点深圳北站或步行792米至杨美地铁公交站有多条公交路线可达深圳各区域。可直上布龙路、清平、南坪、水官，坂银隧道已建成通车，实现10公里至福田皇岗立交。,,,暂无数据,2025-06-20,商品房,普通住宅,暂无数据,非共有,有抵押,挂牌时间:2025-06-20 | 交易权属:商品房 | 上次交易:暂无数据 | 房屋用途:普通住宅 | 房屋年限:暂无数据 | 产权所属:非共有 | 抵押信息:有抵押 | 房本备件:未上传房本照片,客厅 / 18.72平米 / 北 / 普通窗 ; 卧室A / 12.95平米 / 无 / 未知窗户类型 ; 卧室B / 5.5平米 / 北 / 普通窗 ; 卧室C / 7.85平米 / 北 / 普通窗 ; 厨房 / 7.02平米 / 北 / 普通窗 ; 卫 / 3.5平米 / 北 / 普通窗 ; 阳台 / 4.73平米 / 北 / 普通窗 ; 过道 / 3.35平米 / 无 / 无窗,
坂田地铁口交通方便，满五税费少，户型方正实用率高,"德润荣君府 , 坂田",4室2厅,89.83平米,东,精装,高楼层(共39层),2017年,板楼,555 万,61784 元,4,,,近地铁 | VR看装修 | 随时看房,https://sz.lianjia.com/ershoufang/105121200977.html,地铁 | VR看装修 | 随时看房,坂田地铁口交通方便，满五税费少，户型方正实用率高,2017年底交房的次新小区，全电梯高层，共7栋，由住宅和公寓（1栋）组成，合围起来楼下有花园和泳池，可供休憩玩耍。自带上千平商ye配套，日常基本生活需求能得到满足，地下3层停车库，1：1配置，再也不用担心停车的问题了。,楼下自带幼稚园、5千㎡底商。布龙路以北万科十几万㎡商写综合体建设中，西侧在建华侨城住宅、幼儿园及和美外国语项目（30班1500位置）。距小区100米有大型万科综合体 1km有两万㎡万科里。2km内有阳光湾畔、8号仓、坂田天虹等商场。北为坂田医院,5号线坂田地铁口大约700米，去宝安或者罗湖都很方便。 小区门口就是公交站； 小区前面是坂雪岗大道和布龙路，自驾的话，1千米内可以上南坪快速，再走水官高速到龙岗，梅观高速到观澜和东莞，或者经梅林关，新彩隧道进福田，罗湖和南山都很方便。,,,暂无数据,2025-06-24,商品房,普通住宅,暂无数据,非共有,有抵押 190万元 业主自还,挂牌时间:2025-06-24 | 交易权属:商品房 | 上次交易:暂无数据 | 房屋用途:普通住宅 | 房屋年限:暂无数据 | 产权所属:非共有 | 抵押信息:有抵押 190万元 业主自还 | 房本备件:未上传房本照片,客厅 / 30.54平米 / 北 南 / 普通窗 ; 卧室A / 11.51平米 / 无 / 未知窗户类型 ; 卧室B / 7.01平米 / 无 / 未知窗户类型 ; 卧室C / 7.61平米 / 无 / 未知窗户类型 ; 卧室D / 6.7平米 / 无 / 未知窗户类型 ; 厨房 / 6.07平米 / 南 / 普通窗 ; 卫A / 3.63平米 / 无 / 未知窗户类型 ; 卫B / 3.69平米 / 无 / 未知窗户类型 ; 阳台 / 3.82平米 / 南 / 普通窗,
双层入户 南北透透 客厅带一个大的阳台 精装修,"春华四季园二期 , 坂田",3室1厅,67.45平米,南,精装,高楼层(共17层),2007年,板塔结合,368 万,54559 元,1,,,VR房源 | 房本满五年 | 随时看房,https://sz.lianjia.com/ershoufang/105120443414.html,VR房源 | 房本满五年 | 随时看房,此房满5年唯一 朝南 南北透通 精装修 很适合住家,小区是拥有43栋的大型花园小区，小区基本上都是11层和17层高的小高层，密度低，小区绿化好，带一个2000平米的人工湖，环境很宜人。,小区自带：小区一条街、华润万家、特蕾丝幼儿园、游泳馆、网球场、篮球场、羽毛球场、休闲会所等配套，生活购物便利，购物：8号仓奥特莱斯、龙华名车广场，东门离阳光湾畔购物广场、海达和成购物广场,小区离地铁五和站1000米，深圳北站2公里，小区南门有多趟公交车直达南山，罗湖，福田，开车可以直接在南门上梅观高速转南坪快速，机荷高速，关口位置，交通便利,,,2015-05-14,2025-04-17,商品房,普通住宅,满五年,非共有,有抵押,挂牌时间:2025-04-17 | 交易权属:商品房 | 上次交易:2015-05-14 | 房屋用途:普通住宅 | 房屋年限:满五年 | 产权所属:非共有 | 抵押信息:有抵押 | 房本备件:已上传房本照片,客厅 / 24.1平米 / 南 / 落地窗 ; 卧室A / 13.4平米 / 无 / 未知窗户类型 ; 卧室B / 6.75平米 / 北 / 落地窗 ; 卧室C / 10.73平米 / 西 / 普通窗 ; 厨房 / 4.16平米 / 北 / 普通窗 ; 卫 / 3.84平米 / 北 / 落地窗 ; 阳台A / 18.67平米 / 西 南 / 落地窗 ; 阳台B / 6.75平米 / 西 北 东 / 落地窗,
满五唯一，实用面积大 双层入户挑空,"中海月朗苑 , 坂田",3室1厅,69.78平米,南 北,精装,高楼层(共11层),2006年,板楼,366 万,52451 元,4,,,近地铁 | VR房源,https://sz.lianjia.com/ershoufang/105121612717.html,地铁 | VR房源,满五唯一，实用面积大 双层入户挑空,中海月朗苑项目位于深圳市龙岗区布吉坂田南，距梅林关口约4公里，距坂银隧道1.9公里（来自百度地图），上南坪快速很便捷，用地基本为矩形，住宅楼型为多层，小高层，高层相结合，拥有近20000平方米的花园，小区完全人车分流，展现一种宽适、自然、休闲生活。,,小区东边坂雪岗大道接南坪快速、西边五和大道接梅观高速，近坂银隧道口，直通福田笋岗路与北环大道；近地铁10号线南坑站及光雅园站，直线距离约700米，交通便利。,,,暂无数据,2025-07-30,商品房,普通住宅,暂无数据,非共有,有抵押 100万元,挂牌时间:2025-07-30 | 交易权属:商品房 | 上次交易:暂无数据 | 房屋用途:普通住宅 | 房屋年限:暂无数据 | 产权所属:非共有 | 抵押信息:有抵押 100万元 | 房本备件:未上传房本照片,客厅 / 36.97平米 / 无 / 未知窗户类型 ; 卧室A / 10.78平米 / 无 / 未知窗户类型 ; 卧室B / 8.34平米 / 无 / 未知窗户类型 ; 卧室C / 8.05平米 / 无 / 无窗 ; 厨房 / 4.11平米 / 南 / 普通窗 ; 卫 / 5.14平米 / 无 / 未知窗户类型 ; 阳台A / 2.27平米 / 南 / 普通窗 ; 阳台B / 5.56平米 / 北 / 落地窗 ; 储物间 / 5.1平米 / 北 / 落地窗 ; 楼梯间 / 3.07平米 / 北 / 落地窗 ; 过道 / 3.56平米 / 无 / 无窗,
坂田电梯高层次新房，东向3房，保养好,"大族云峰一期 , 坂田",3室2厅,92.19平米,东南,精装,高楼层(共29层),2019年,板塔结合,488 万,52935 元,5,,,近地铁 | VR看装修 | 房本满五年,https://sz.lianjia.com/ershoufang/105119409324.html,地铁 | VR看装修 | 房本满五年,次新小区，停车位充足，人车分流，花园大，生活配套齐全,小区分2期，共8栋住宅围合建成，楼间距宽，住家舒适，次新小区，现代园林布景美观，人车分离。,楼下就是商场 ，2020年次新房，小区很安静 ， 环境好 ，房子外墙也比较新 ，物业很好 ，24小时安保。,从小区出发900米到坂田地铁口（数据来自百度地图）出行方便，坂雪岗大道就在小区左侧面，一个红绿灯，直到坂垠通道入口，过了通道就是福田上步路，出行方便，门口就有公交车站。,,,2019-01-07,2025-01-05,商品房,普通住宅,满五年,非共有,有抵押 300万元 工商银行,挂牌时间:2025-01-05 | 交易权属:商品房 | 上次交易:2019-01-07 | 房屋用途:普通住宅 | 房屋年限:满五年 | 产权所属:非共有 | 抵押信息:有抵押 300万元 工商银行 | 房本备件:已上传房本照片,客厅 / 26.77平米 / 东 / 普通窗 ; 卧室A / 8.91平米 / 无 / 未知窗户类型 ; 卧室B / 12.24平米 / 无 / 未知窗户类型 ; 卧室C / 6.77平米 / 北 / 落地窗 ; 厨房 / 6.57平米 / 北 / 落地窗 ; 卫A / 2.44平米 / 无 / 无窗 ; 卫B / 1.88平米 / 无 / 无窗 ; 阳台 / 4.53平米 / 北 东 / 普通窗 ; 过道 / 2.97平米 / 无 / 无窗,
五和双地铁口，户型方正通透，满五唯一税费少,"和成世纪名园 , 坂田",2室2厅,72.13平米,南,,中楼层(共29层),2014年,板楼,340 万,47138 元,0,,26天以前发布,近地铁 | VR看装修,https://sz.lianjia.com/ershoufang/105122095473.html,地铁 | VR看装修,此房满五唯一，户型方正，采光好，配套齐全，交通便利。,和成世纪名园位于五和大道和布龙路交汇处东南角，五和地铁口B出口，项目由深圳市金安业房地产开发有限公司打造的现代化都市综合体项目。小区有3栋高层和1栋写字楼，写字楼和住宅分开管理，小区停车位充足，有3层地下停.,和成世纪自己带三层的购物广场，电影院等，1公里有坂田万致天地，天虹，佳华领汇，8号仓大型的购物广场，2公里内有银湖山效野公园,地铁：5号线五和站，10号线五和，在建的深大城际（33号线）26年开通，高速：清平高速--直通清水河，龙景立交转清平高速至布龙路；南平快速：直通福田，南山（均免费）坂银隧道：将坂田与银湖山之间建设坂银隧道,,,暂无数据,2025-09-11,商品房,普通住宅,暂无数据,共有,有抵押,挂牌时间:2025-09-11 | 交易权属:商品房 | 上次交易:暂无数据 | 房屋用途:普通住宅 | 房屋年限:暂无数据 | 产权所属:共有 | 抵押信息:有抵押 | 房本备件:未上传房本照片,客厅 / 20.83平米 / 南 / 落地窗 ; 卧室A / 11.21平米 / 南 / 落地窗 ; 卧室B / 9.44平米 / 南 / 落地窗 ; 厨房 / 4.87平米 / 南 / 落地窗 ; 卫 / 2.77平米 / 无 / 落地窗 ; 阳台A / 6.36平米 / 南 / 落地窗 ; 阳台B / 2.46平米 / 南 / 落地窗,
满五年，花园中间位置 园林景观,"万科四季花城二期 , 坂田",2室2厅,62.63平米,北,精装,11层,2000年,板楼,305 万,48699 元,5,,,VR看装修,https://sz.lianjia.com/ershoufang/105120235882.html,VR看装修,此房满五年，花园好位置 刚需置业,小区由万科地产集团开发，一共有36个独立苑，共分七期开发，花园式小区，绿化植被很多，带露天游泳池和健身会所及相应运动器械供住户健身，社区运动氛围棒；万科物业24小时严格管控，夜间有保安巡逻，外人基本无法随意出入，人车分流，充分保护行人安全。,小区内有曼京、海丽达幼儿园等，商场类有华润万家，海达和成购物广场、阳光湾畔，8号仓奥特莱斯等。医疗类有深圳坂田医院、布吉医院花城社康医院（小区内）；网球场，篮球场，健身会所等！,此房距离地铁5号线和10号线A口和200米，交通发达，小区旁边有布龙路、梅观高速、机荷高速、南坪快速等，乘坐公交或驾车出行到福田、罗湖、南山等地较方便（距离信息来源于百度地图,,,暂无数据,2025-03-30,商品房,普通住宅,暂无数据,非共有,有抵押 183万元 中国银行 业主自还,挂牌时间:2025-03-30 | 交易权属:商品房 | 上次交易:暂无数据 | 房屋用途:普通住宅 | 房屋年限:暂无数据 | 产权所属:非共有 | 抵押信息:有抵押 183万元 中国银行 业主自还 | 房本备件:未上传房本照片,客厅 / 21.15平米 / 北 / 落地窗 ; 卧室01 / 11.87平米 / 无 / 未知窗户类型 ; 卧室02 / 5.98平米 / 北 / 落地窗 ; 厨房 / 3.35平米 / 北 / 普通窗 ; 卫 / 3.25平米 / 北 / 普通窗 ; 阳台 / 3.87平米 / 北 / 落地窗,
坂田小区使用率高 满五唯一红本,"中海月朗苑 , 坂田",4室2厅,88.58平米,北,精装,中楼层(共11层),2006年,板楼,448 万,50576 元,8,,,近地铁 | VR房源,https://sz.lianjia.com/ershoufang/105118766598.html,地铁 | VR房源,房子满五唯一红本税少，使用率高,中海月朗苑项目位于深圳市龙岗区布吉坂田南，中海物业，距梅林关口约4公里（来自百度地图），上南坪快速很便捷，用地基本为矩形，住宅楼型为多层，小高层，高层相结合，拥有近20000平方米的花园，小区完全人车分流，展现一种宽适、自然、休闲、的生活氛围,楼下就有钱大妈，平方商场，药店等能满足平时的日常所需；两公里内有八号仓，坂田天虹，阳光湾畔 等购物商场。,"10号地铁线700米，步行，小区北门出来就是公交站。 小区门口就是公交站台，M300,M572,393,621,东边坂雪岗大道接南坪快速、西边五和大道接梅观高速，交通便利，地铁十号线，坂银隧道直通福田笋岗路与北环大道，交通便利！",,,暂无数据,2024-10-31,商品房,普通住宅,暂无数据,非共有,无抵押,挂牌时间:2024-10-31 | 交易权属:商品房 | 上次交易:暂无数据 | 房屋用途:普通住宅 | 房屋年限:暂无数据 | 产权所属:非共有 | 抵押信息:无抵押 | 房本备件:未上传房本照片,客厅 / 23.31平米 / 北 / 落地窗 ; 卧室A / 10.51平米 / 无 / 未知窗户类型 ; 卧室B / 14.33平米 / 无 / 未知窗户类型 ; 卧室C / 9.69平米 / 无 / 未知窗户类型 ; 卧室D / 17.43平米 / 北 / 落地窗 ; 厨房 / 4.14平米 / 北 / 普通窗 ; 卫 / 4.32平米 / 无 / 未知窗户类型 ; 阳台A / 2.72平米 / 北 / 普通窗 ; 阳台B / 7.06平米 / 北 / 普通窗 ; 入户花园 / 19.75平米 / 北 / 落地窗 ; 过道 / 3.68平米 / 无 / 无窗,
业主诚心卖，精装修可拎包入住，,"春华四季园二期 , 坂田",3室2厅,74.37平米,东南,精装,高楼层(共17层),2007年,板塔结合,358 万,48138 元,2,,,VR看装修 | 房本满五年,https://sz.lianjia.com/ershoufang/105117406281.html,VR看装修 | 房本满五年,春华四季园二期客厅出阳台的三房一卫 楼层高位置好 满五唯一,小区总建筑面积430000㎡，总规划户数约3300户，拥有完善的配套设施，6000㎡的湖坡，1000米的风情街，室外泳池及室内恒温泳池、3000㎡的运动场地、幼儿园等，金光华物业。二期户型丰富多样，包括70㎡的两房.95-100㎡左右的三房.136-158㎡的四房五房 141㎡的..,小区自带：小区一条街、华润万家、特蕾丝幼儿园、游泳馆、网球场、篮球场、羽毛球场、休闲会所等配套，生活购物便利，购物：8号仓奥特莱斯、龙华名车广场，东门离阳光湾畔购物广场、海达和成购物广场,,,,2009-04-14,2024-06-25,商品房,普通住宅,满五年,非共有,有抵押 350万元 建行 业主自还,挂牌时间:2024-06-25 | 交易权属:商品房 | 上次交易:2009-04-14 | 房屋用途:普通住宅 | 房屋年限:满五年 | 产权所属:非共有 | 抵押信息:有抵押 350万元 建行 业主自还 | 房本备件:已上传房本照片,客厅 / 42.06平米 / 东南 / 普通窗 ; 卧室A / 8.92平米 / 东北 / 落地窗 ; 卧室B / 17.57平米 / 西南 西北 东北 东南 / 落地窗 ; 卫 / 3.76平米 / 东北 / 普通窗 ; 阳台 / 4.49平米 / 西南 东南 / 普通窗 ; 储物间 / 8.35平米 / 无 / 未知窗户类型,
万科第五园璞悦山横厅户型高楼层看山看湖,"璞悦山 , 坂田",4室2厅,175平米,南,,中楼层(共33层),2013年,板楼,1150 万,65715 元,8,,,VR看装修,https://sz.lianjia.com/ershoufang/105119062597.html,VR看装修,万科精装修双套间大四房，视野开阔，满五唯一，景观好,万科璞悦山，小区绿化，环境好，且小区后面有业主私家登山道，有钓鱼场，适合全家游玩，小区内有会所，有泳池，社区自带幼儿园，生活也很便利。现代中式建筑风格，树木林立郁郁葱葱，花草遍地，芬芳满园，适合生活居家。,"100米处是万科里购物，星巴克，钱大妈。300米处是万科第五园五期华润万家，百果园。手造文化街，星河CoCo Park,奥特莱斯，8号仓等",小区出门就可上南坪快速，去南山宝安很方便，上坂银隧道去到罗湖福田。出行方便，看房方便。,,,暂无数据,2024-11-29,商品房,普通住宅,暂无数据,非共有,有抵押 900万元,挂牌时间:2024-11-29 | 交易权属:商品房 | 上次交易:暂无数据 | 房屋用途:普通住宅 | 房屋年限:暂无数据 | 产权所属:非共有 | 抵押信息:有抵押 900万元 | 房本备件:未上传房本照片,客厅 / 70.22平米 / 西南 / 落地窗 ; 卧室A / 14.43平米 / 无 / 未知窗户类型 ; 卧室B / 15.29平米 / 东南 / 落地窗 ; 卧室C / 11.97平米 / 无 / 未知窗户类型 ; 卧室D / 17.27平米 / 无 / 未知窗户类型 ; 厨房 / 7.47平米 / 西北 / 落地窗 ; 卫A / 3.86平米 / 东北 / 普通窗 ; 卫B / 5.7平米 / 东南 / 普通窗 ; 卫C / 7.37平米 / 西北 / 普通窗 ; 阳台 / 2.72平米 / 西北 / 落地窗 ; 衣帽间 / 3.11平米 / 无 / 无窗,
坂田地铁口次新小区安静舒适业主诚心卖,"和成嘉业 , 坂田",3室2厅,91.77平米,南,精装,低楼层(共31层),2020年,,490 万,53395 元,1,,,近地铁 | VR看装修,https://sz.lianjia.com/ershoufang/105120606139.html,地铁 | VR看装修,此房满五唯一，交通便利，朝南，户型方正，业主诚心卖,"小区由金和成开发和管理,于2016年批地,2019年入伙,共有800多户,两层车库,车位不紧张,车位1：1，主力户型为80-89-91-118-140平,3-5房都是带装修交楼,采光好,围合式建筑风格,人车分流,小区地势高,通风好。",小区自带乒乓球室、棋牌室及锻炼器材广场。门口有华润万家，钱大妈，龙华大润发沃尔玛往返车等满足业主的日常需求。步行700米可至杨美美食街，鑫华盛百货，美家福百货等。距离深圳坂田医院2500米。3公里内有坂田天虹，佳华领汇广场，8号仓，星河。,（参靠高德地图）地铁5号线杨美站C出口792米，西至前海湾东至黄贝岭。东南门M572路可直达终点深圳北站或步行792米至杨美地铁公交站有多条公交路线可达深圳各区域。可直上布龙路、清平、南坪、水官，坂银隧道已建成通车，实现10公里至福田皇岗立交,,,暂无数据,2025-05-03,商品房,普通住宅,暂无数据,非共有,有抵押 200万元,挂牌时间:2025-05-03 | 交易权属:商品房 | 上次交易:暂无数据 | 房屋用途:普通住宅 | 房屋年限:暂无数据 | 产权所属:非共有 | 抵押信息:有抵押 200万元 | 房本备件:未上传房本照片,客厅 / 20.39平米 / 北 / 普通窗 ; 卧室01 / 9.61平米 / 无 / 未知窗户类型 ; 卧室02 / 13.4平米 / 无 / 未知窗户类型 ; 卧室03 / 6.29平米 / 北 / 普通窗 ; 厨房 / 6.31平米 / 北 / 普通窗 ; 卫01 / 3.91平米 / 无 / 无窗 ; 卫02 / 2.87平米 / 北 / 普通窗 ; 阳台 / 5平米 / 北 / 普通窗 ; 过道 / 2.82平米 / 无 / 无窗,
南向瞰山景，坂银3房，近地铁双电梯,"万科第五园三期 , 坂田",3室2厅,82.72平米,南,精装,中楼层(共19层),2007年,塔楼,415 万,50170 元,4,,,VR房源,https://sz.lianjia.com/ershoufang/105114781376.html,VR房源,此房高楼层，南向看银湖山景。满五不唯一，业主自住保养好。,坂田万科第五园徽派建筑风格小区，私密性十足，人车分流，非 常安静。小区总占地2 5完平方米，位于坂雪岗片区南端内最 大的居住社区，万科物业管理。,,小区出门即上坂银通道、南坪快速、快速通达罗湖，福田，南山，驾车出行非 常方便，家门口有一所幼儿园。,,,暂无数据,2023-09-12,商品房,普通住宅,暂无数据,非共有,有抵押 200万元 北京银行 客户偿还,挂牌时间:2023-09-12 | 交易权属:商品房 | 上次交易:暂无数据 | 房屋用途:普通住宅 | 房屋年限:暂无数据 | 产权所属:非共有 | 抵押信息:有抵押 200万元 北京银行 客户偿还 | 房本备件:未上传房本照片,客厅 / 25.82平米 / 南 / 普通窗 ; 卧室A / 6.2平米 / 西 / 落地窗 ; 卧室B / 8.59平米 / 无 / 未知窗户类型 ; 卧室C / 11.35平米 / 无 / 未知窗户类型 ; 厨房 / 4.79平米 / 南 / 普通窗 ; 卫生间 / 3.66平米 / 西 / 普通窗 ; 阳台A / 5.23平米 / 北 南 / 普通窗 ; 阳台B / 1.78平米 / 南 / 普通窗 ; 储物间 / 5.48平米 / 西 / 落地窗 ; 过道 / 1.68平米 / 无 / 无窗,
5号线坂田地铁口，电梯高层3房，南向，满五年红本！,"珠江旭景佳园 , 坂田",3室2厅,90.27平米,南,简装,高楼层(共18层),2008年,塔楼,375 万,41543 元,7,,,近地铁 | VR看装修 | 房本满五年 | 随时看房,https://sz.lianjia.com/ershoufang/105111015081.html,地铁 | VR看装修 | 房本满五年 | 随时看房,满五年红本，朝正南看花园，电梯高层，离五号线坂田站350米。,小区分3期开发，近1500户，地铁口物业，紧靠银湖山和坂银隧道，地理位置优越，进出关内外方便。小区房价处于区域谷值，同区域二手房对比有很大的优势。所以有很多关内的客户在此小区置业。生活配套成熟，是刚需值得购买的小区。,二期内有旭景幼稚园。小区东南侧3千㎡底商，南侧有大族云峰商场已开业；距小区300米有两万㎡万科里。2km内有阳光湾畔、8号仓、坂田天虹等商场。1km有坂田医院。,"四通八达,小区邻布龙路坂雪岗大道两大动脉,南面1km上坂银南坪,通达福田南山方便；东面两个灯位上清平水官,通达罗湖盐田惠州；西侧2km上G94,1h到宝安东莞广州；北达天安和华为。250米到5号线坂田地铁口,1站换10号线到福田口岸。小区东门150m到公交站。",,,2015-07-06,2022-07-17,商品房,普通住宅,满五年,非共有,有抵押 162万元 建设银行,挂牌时间:2022-07-17 | 交易权属:商品房 | 上次交易:2015-07-06 | 房屋用途:普通住宅 | 房屋年限:满五年 | 产权所属:非共有 | 抵押信息:有抵押 162万元 建设银行 | 房本备件:已上传房本照片,客厅 / 29.23平米 / 南 / 普通窗 ; 卧室A / 8.44平米 / 无 / 未知窗户类型 ; 卧室B / 5.8平米 / 东 / 落地窗 ; 卧室C / 14.23平米 / 无 / 未知窗户类型 ; 厨房 / 4.35平米 / 无 / 无窗 ; 卫生间 / 3.37平米 / 东 / 普通窗 ; 阳台 / 4.82平米 / 南 / 普通窗,
房子户型方正，红本在手，看房方便,"中海月朗苑 , 坂田",4室1厅,103.54平米,南,,低楼层(共18层),2006年,板楼,560 万,54086 元,0,,,近地铁 | VR看装修,https://sz.lianjia.com/ershoufang/105121597692.html,地铁 | VR看装修,房子户型方正，红本在手，看房方便,中海月朗苑项目位于深圳市龙岗区布吉坂田南，中海物业，距梅林关口约4公里（来自百度地图），上南坪快速很便捷，用地基本为矩形，住宅楼型为多层，小高层，高层相结合，拥有近20000平方米的花园，小区完全人车分流，展现一种宽适、自然、休闲、的生活氛围,本小区位于万科第五园旁边，享万科配套，小区北门有200平左右的平方商场，可以解决日常所需，100M左右可以到坂田手造文化街，1000M到8号仓购物广场。（来自高德),"小区出门就有公交站台,M300，393，M123，M572，621，M155等，东边是坂雪岗大道接南坪快速、坂银隧道直通福田笋岗路与北环大道，西边五和大道接梅观高速，地铁十号线光雅园站，交通便利。（来自百度）",,,暂无数据,2025-07-28,商品房,普通住宅,暂无数据,非共有,无抵押,挂牌时间:2025-07-28 | 交易权属:商品房 | 上次交易:暂无数据 | 房屋用途:普通住宅 | 房屋年限:暂无数据 | 产权所属:非共有 | 抵押信息:无抵押 | 房本备件:未上传房本照片,客厅 / 41.53平米 / 无 / 未知窗户类型 ; 卧室A / 15.25平米 / 南 / 普通窗 ; 卧室B / 9.2平米 / 无 / 未知窗户类型 ; 卧室C / 5.96平米 / 南 / 落地窗 ; 卧室D / 7.87平米 / 无 / 未知窗户类型 ; 厨房 / 5.3平米 / 南 / 普通窗 ; 卫A / 4.21平米 / 无 / 未知窗户类型 ; 卫B / 4.65平米 / 无 / 未知窗户类型 ; 阳台A / 3.87平米 / 西 东 南 / 普通窗 ; 阳台B / 3.47平米 / 南 / 普通窗 ; 过道 / 2.61平米 / 无 / 无窗,
全拓展三期四房，4房+2拓展+入户+主卧阳台，满五红本,"万科第五园三期 , 坂田",4室2厅,118平米,南,,低楼层(共19层),2007年,塔楼,710 万,60170 元,2,,,VR看装修,https://sz.lianjia.com/ershoufang/105118291195.html,VR看装修,全拓展三期四房，4房+2拓展+入户+主卧阳台，满五红本税费少,万科·第五园徽派建筑元素和晋派建筑元素风格，将传统与现代、中式与西式很好地嫁接和结合，营造出适合中国人居住的传统居住环境，个性的白墙黛瓦、变通的小窗、细纹的墙脚、清砖的步行道、密集的青竹林、天井绿化、不可窥视镂空墙、通而不透的屏风。,自带商.业，现有链家、钱大妈、星巴克、爱上饭、缪氏川菜、乐期餐厅等进驻，附.近有坂田国际中.心、坂田手造文化街、星河Cocopark、奥特莱斯等；文体：6500㎡运动公园，包含5个泳池、10个羽毛球场、2个篮球场，1个网球场。,轨道交通：地铁5号线坂田站A出口1公里，地铁10号线雅园站750米；交通干线：500米坂银通道、南坪快速，布龙路、坂雪岗大道、五和大道、梅关高速、清平高速、水管高速、沈海高速等。距五园幼儿园公交站200米（此数据来源于百度地图）。,,,暂无数据,2024-09-15,商品房,普通住宅,暂无数据,共有,无抵押,挂牌时间:2024-09-15 | 交易权属:商品房 | 上次交易:暂无数据 | 房屋用途:普通住宅 | 房屋年限:暂无数据 | 产权所属:共有 | 抵押信息:无抵押 | 房本备件:未上传房本照片,客厅 / 31.59平米 / 无 / 未知窗户类型 ; 餐厅 / 7.47平米 / 东 / 落地窗 ; 书房 / 7.47平米 / 北 / 落地窗 ; 卧室A / 16.53平米 / 西 东 南 / 落地窗 ; 卧室B / 9.55平米 / 无 / 未知窗户类型 ; 卧室C / 9.5平米 / 无 / 未知窗户类型 ; 卧室D / 7.16平米 / 北 / 普通窗 ; 厨房 / 5.11平米 / 无 / 无窗 ; 卫A / 4.69平米 / 无 / 无窗 ; 卫B / 4.74平米 / 北 / 普通窗 ; 门厅 / 14.33平米 / 西 北 / 落地窗,
南向中高层三房两卫  通风采光佳  满五唯一,"嘉霖华禧 , 坂田",3室1厅,87.3平米,南,简装,高楼层(共33层),2017年,塔楼,405 万,46392 元,2,,,近地铁 | VR看装修 | 房本满五年,https://sz.lianjia.com/ershoufang/105119921186.html,地铁 | VR看装修 | 房本满五年,房子满五唯一，中高层南向三房两卫，业主诚意出售,嘉霖华禧小区绿化好，密度低，位置安静，地势高通风采光好，适合居住,,,房子是满五唯一的，业主诚意出售，户型方正实用，采光通风好，税费少,,2016-03-04,2025-03-04,商品房,普通住宅,满五年,非共有,有抵押 300万元,挂牌时间:2025-03-04 | 交易权属:商品房 | 上次交易:2016-03-04 | 房屋用途:普通住宅 | 房屋年限:满五年 | 产权所属:非共有 | 抵押信息:有抵押 300万元 | 房本备件:已上传房本照片,客厅 / 23.8平米 / 南 / 普通窗 ; 卧室A / 8.71平米 / 无 / 未知窗户类型 ; 卧室B / 12.34平米 / 无 / 未知窗户类型 ; 卧室C / 5.7平米 / 无 / 未知窗户类型 ; 厨房 / 5.43平米 / 西 / 普通窗 ; 卫A / 4.08平米 / 无 / 未知窗户类型 ; 卫B / 3.7平米 / 无 / 普通窗 ; 阳台A / 4.86平米 / 南 / 普通窗 ; 阳台B / 2.2平米 / 西 / 普通窗 ; 过道 / 2.86平米 / 无 / 无窗,
1站可到福田 星河大型综合体 89平4房 次新小区,"星河银湖谷 , 坂田",4室2厅,88.51平米,南,,低楼层(共48层),2016年,板塔结合,730 万,82477 元,0,,,近地铁 | VR看装修,https://sz.lianjia.com/ershoufang/105118974878.html,地铁 | VR看装修,此房满五唯一免个税，业主自住的精装，买来即刻拎包入住。,星河银湖谷住宅小区共7栋，玻璃外观和干挂陶板立面，有园林和泳池，人车分流的规划设计，港式入户大堂，览山阅湖景视野。星河双子塔、星河生态综合体、星河雅宝山体公园和星河圣境庙堂于一体，湖光山水，共享舒适生活！,,10号线雅宝站C出口，走路5min。南平快速延长线，新彩隧道，坂银隧道，梅关高速，五大交通便捷到到达深圳各区。 坂银遂道已经通车，去往罗湖福田近 房主自荐(业主对房源的描述),,,暂无数据,2024-11-21,商品房,普通住宅,暂无数据,非共有,有抵押 400万元 农业银行 客户偿还,挂牌时间:2024-11-21 | 交易权属:商品房 | 上次交易:暂无数据 | 房屋用途:普通住宅 | 房屋年限:暂无数据 | 产权所属:非共有 | 抵押信息:有抵押 400万元 农业银行 客户偿还 | 房本备件:未上传房本照片,客厅 / 27.15平米 / 南 / 落地窗 ; 卧室A / 7.38平米 / 东 / 落地窗 ; 卧室B / 5.56平米 / 东 / 落地窗 ; 卧室C / 14.24平米 / 南 / 落地窗 ; 卧室D / 7.88平米 / 南 / 落地窗 ; 厨房 / 5.48平米 / 东 / 普通窗 ; 卫A / 4.06平米 / 无 / 无窗 ; 卫B / 3.89平米 / 东 / 落地窗 ; 阳台 / 4.15平米 / 东 南 / 落地窗 ; 过道 / 3.03平米 / 无 / 无窗,
星河银湖谷 4室1厅 南 北,"星河银湖谷 , 坂田",4室1厅,87.57平米,南 北,精装,高楼层(共48层),2016年,板塔结合,720 万,82220 元,3,,,近地铁 | VR看装修,https://sz.lianjia.com/ershoufang/105121060617.html,地铁 | VR看装修,,,,,,,暂无数据,2025-06-12,商品房,普通住宅,暂无数据,非共有,有抵押,挂牌时间:2025-06-12 | 交易权属:商品房 | 上次交易:暂无数据 | 房屋用途:普通住宅 | 房屋年限:暂无数据 | 产权所属:非共有 | 抵押信息:有抵押 | 房本备件:未上传房本照片,客厅 / 25.37平米 / 北 / 落地窗 ; 卧室A / 8.29平米 / 无 / 未知窗户类型 ; 卧室B / 7.7平米 / 无 / 未知窗户类型 ; 卧室C / 13.67平米 / 无 / 未知窗户类型 ; 卧室D / 4.96平米 / 北 / 落地窗 ; 厨房 / 6.34平米 / 北 / 普通窗 ; 卫A / 4.61平米 / 无 / 未知窗户类型 ; 卫B / 4.09平米 / 北 / 普通窗 ; 阳台 / 5.25平米 / 北 / 普通窗 ; 过道 / 4.39平米 / 无 / 无窗,
三房两卫，双地铁次新房，视野采光佳,"嘉霖华禧 , 坂田",3室2厅,87.13平米,南 北,,低楼层(共33层),2017年,塔楼,428 万,49123 元,1,,,近地铁 | VR看装修 | 房本满五年,https://sz.lianjia.com/ershoufang/105117279010.html,地铁 | VR看装修 | 房本满五年,朝南三房两卫 视野采光好 满五年 保养好,小区介绍： 嘉霖华禧项目是嘉霖集团继大鹏PURE33璞岸、龙岗珑禧、坪山大万文化广场后推出的又一城市标杆力作。2017年入伙小区总共6栋，项目产品包含37-65平米1-3房70年产权平层、复式产品及74-119㎡ 品质3-5房品质住宅，均为片区主流户型,项目是坂雪岗科技新城平米恢弘力作，本项目占地面积约万平米，总建筑面积约万平米，包含住宅、商务办公、临街等物业形态，坂田文化正在建设,交通出行： 项目位于深圳市坂雪岗科技城坂澜大道与环城北路交汇处，属于深圳中部发展轴心。坂澜大道、坂银通道、梅观高速、机荷高速等多条高速、快速干道出入，交通十分便利. 地铁10号线雪象站已通车。,,,2016-06-30,2024-06-13,商品房,普通住宅,满五年,非共有,有抵押 60万元 客户偿还,挂牌时间:2024-06-13 | 交易权属:商品房 | 上次交易:2016-06-30 | 房屋用途:普通住宅 | 房屋年限:满五年 | 产权所属:非共有 | 抵押信息:有抵押 60万元 客户偿还 | 房本备件:已上传房本照片,客厅 / 25.6平米 / 南 / 普通窗 ; 卧室A / 8.41平米 / 无 / 未知窗户类型 ; 卧室B / 10.84平米 / 无 / 未知窗户类型 ; 卧室C / 5.73平米 / 无 / 未知窗户类型 ; 厨房 / 5.84平米 / 西 / 普通窗 ; 卫A / 1.78平米 / 西 / 落地窗 ; 卫B / 3.59平米 / 北 / 普通窗 ; 阳台 / 4.9平米 / 南 / 普通窗 ; 储 / 2.29平米 / 无 / 无窗 ; 过道 / 4.12平米 / 无 / 无窗,
和成嘉业业主诚心卖房多推荐好户型采光好,"和成嘉业 , 坂田",3室2厅,91.27平米,东北,,低楼层(共30层),2020年,,550 万,60261 元,2,,,近地铁 | VR看装修,https://sz.lianjia.com/ershoufang/105119048622.html,地铁 | VR看装修,坂田次新小区，保养好可直接拎包入住,"小区介绍： 小区由金和成开发和管理,于2016年批地,2020年入伙,共有800多户,两层车库,车位不紧张,车位1：1，主力户型为82-89-91-118-140平,3-5房都是带装修交楼,采光好,围合式建筑风格,人车分流,小区地势高,通风好,",小区自带乒乓球室、棋牌室及锻炼器材广场。门口有华润万家，钱大妈，龙华大润发沃尔玛往返车等满足业主的日常需求。步行700米可至杨美美食街，鑫华盛百货，美家福百货等。距离深圳坂田医院2500米。3公里内有坂田天虹，佳华领汇广场，8号仓，星河。,交通出行： （参靠高德地图）地铁5号线杨美站C出口792米，西至前海湾东至黄贝岭。东南门M572路可直达终点深圳北站或步行792米至杨美地铁公交站有多条公交路线可达深圳各区域。可直上布龙路、清平、南坪、水官，坂银隧道已建成通车，实现10公里至福田皇岗立..,,,暂无数据,2024-11-28,商品房,普通住宅,暂无数据,非共有,有抵押,挂牌时间:2024-11-28 | 交易权属:商品房 | 上次交易:暂无数据 | 房屋用途:普通住宅 | 房屋年限:暂无数据 | 产权所属:非共有 | 抵押信息:有抵押 | 房本备件:未上传房本照片,客厅 / 19.92平米 / 北 / 落地窗 ; 卧室A / 6.6平米 / 东 / 普通窗 ; 卧室B / 13.2平米 / 无 / 未知窗户类型 ; 卧室C / 9.4平米 / 无 / 未知窗户类型 ; 厨房 / 6.55平米 / 东 / 普通窗 ; 卫A / 3.61平米 / 南 / 普通窗 ; 卫B / 3.16平米 / 东 / 普通窗 ; 阳台 / 4.53平米 / 西 北 东 / 落地窗 ; 过道 / 2.93平米 / 无 / 无窗,
满五年唯一，诚售，红本顶楼房，明亮卧,"台湾花园 , 坂田",2室1厅,87.21平米,南,,高楼层(共7层),1993年,板塔结合,350 万,40134 元,5,,,近地铁 | VR房源 | 房本满五年,https://sz.lianjia.com/ershoufang/105114766782.html,地铁 | VR房源 | 房本满五年,此房满五年唯一 红本在手  南北通 业主诚心出售,,小区旁边就是坂田市场，买菜购物方便，小区的南面一路之隔是坂田市场，有餐饮、购物、影院、娱乐一条龙。在西边的吉华路和五和大道交汇处是坂田天虹旗舰店，银行、培训机构、餐饮、购物等一应俱全。,小区楼下80米就是地铁十号线（坂田北站），可以直达福田口岸。,,,2005-11-22,2023-09-10,商品房,普通住宅,满五年,非共有,无抵押,挂牌时间:2023-09-10 | 交易权属:商品房 | 上次交易:2005-11-22 | 房屋用途:普通住宅 | 房屋年限:满五年 | 产权所属:非共有 | 抵押信息:无抵押 | 房本备件:已上传房本照片,客厅 / 23.3平米 / 南 / 落地窗 ; 卧室A / 10.46平米 / 北 / 普通窗 ; 卧室B / 14.42平米 / 南 / 普通窗 ; 厨房 / 7.15平米 / 北 / 普通窗 ; 卫生间 / 2.83平米 / 北 / 普通窗 ; 阳台 / 4.01平米 / 西 南 / 落地窗 ; 门厅 / 1.71平米 / 无 / 无窗 ; 过道A / 2.03平米 / 无 / 无窗 ; 过道B / 1.67平米 / 无 / 无窗,
房子满五年红本在手，在小区门口出入比较方便,"春华四季园二期 , 坂田",4室2厅,123.01平米,东南,,中楼层(共11层),2007年,板塔结合,680 万,55281 元,0,,,近地铁 | VR房源,https://sz.lianjia.com/ershoufang/105120272218.html,地铁 | VR房源,房子满五年红本在手，在小区门口出入比较方便,,小区旁边是8号仓奥特莱斯，1公里左右是有一个深圳的儿童医院，1公里左右还有一个体育公园，2公里以内有2个水库,三地铁口围绕，出行便利，小区旁边100米可以上梅关高速，开车也是比较便利,,,暂无数据,2025-04-02,商品房,普通住宅,暂无数据,非共有,无抵押,挂牌时间:2025-04-02 | 交易权属:商品房 | 上次交易:暂无数据 | 房屋用途:普通住宅 | 房屋年限:暂无数据 | 产权所属:非共有 | 抵押信息:无抵押 | 房本备件:未上传房本照片,客厅 / 32.36平米 / 南 / 普通窗 ; 卧室A / 14.13平米 / 南 / 普通窗 ; 卧室B / 21.17平米 / 无 / 未知窗户类型 ; 卧室C / 13.55平米 / 北 东 / 落地窗 ; 卧室D / 10.79平米 / 无 / 无窗 ; 厨房 / 16.42平米 / 北 东 / 落地窗 ; 卫A / 4平米 / 无 / 未知窗户类型 ; 卫B / 3.59平米 / 东 / 普通窗 ; 阳台 / 14.05平米 / 南 / 普通窗 ; 过道 / 4.99平米 / 无 / 无窗,
坂田天虹双地铁口准新房科技城外国语小三房,"佳华领汇广场 , 坂田",3室1厅,81.7平米,东北,精装,中楼层(共32层),2016年,塔楼,480 万,58752 元,2,,,近地铁 | VR房源,https://sz.lianjia.com/ershoufang/105115187332.html,地铁 | VR房源,稀有三房户型，大阳台，视野开阔无遮挡，房东住家装修保养用心,,,交通配套齐全，五和坂田北双地铁口，上梅观高速和水官高速都比较方便，1公里到南坪快速和布龙公路。,,,暂无数据,2023-10-29,商品房,普通住宅,暂无数据,非共有,有抵押 浦发银行,挂牌时间:2023-10-29 | 交易权属:商品房 | 上次交易:暂无数据 | 房屋用途:普通住宅 | 房屋年限:暂无数据 | 产权所属:非共有 | 抵押信息:有抵押 浦发银行 | 房本备件:未上传房本照片,客厅 / 26.39平米 / 东北 / 普通窗 ; 卧室A / 10.68平米 / 无 / 未知窗户类型 ; 卧室B / 8.9平米 / 无 / 未知窗户类型 ; 卧室C / 6.48平米 / 西北 / 落地窗 ; 厨房 / 8.69平米 / 东北 / 落地窗 ; 卫生间 / 2.91平米 / 西北 / 普通窗 ; 阳台 / 4.51平米 / 西北 东北 东南 / 普通窗,
春华四季园158平大五房  实用168平 高楼层 视野开阔,"春华四季园二期 , 坂田",5室2厅,158平米,南,,中楼层(共11层),2007年,板塔结合,932 万,58988 元,0,,,VR看装修,https://sz.lianjia.com/ershoufang/105121465951.html,VR看装修,满五年高楼层，视野好，使用168平,总规划户数约3000户。6000平方米的湖坡、1000米的风情街——右一坊、室外泳池及室内恒温泳池、3000平方米的运动场地、幼儿园等等。二期户型产品丰富多样，包括70平方米左右的两房、95－122平方米左右的三房、136－157平方米的四-五房！,小区自带：小区一条街、华润万家、特蕾丝幼儿园、游泳馆、网球场、篮球场、羽毛球场、休闲会所等配套，生活购物便利，购物：8号仓奥特莱斯、龙华名车广场，东门离阳光湾畔购物广场、海达和成购物广场,小区离地铁五和站1500米，深圳北站2公里，小区南门有多趟公交车直达南山，罗湖，福田，开车可以直接在南门上梅观高速转南坪快速，机荷高速，关口位置，交通便利,,,暂无数据,2025-07-16,商品房,普通住宅,暂无数据,非共有,无抵押,挂牌时间:2025-07-16 | 交易权属:商品房 | 上次交易:暂无数据 | 房屋用途:普通住宅 | 房屋年限:暂无数据 | 产权所属:非共有 | 抵押信息:无抵押 | 房本备件:未上传房本照片,客厅 / 50.07平米 / 无 / 未知窗户类型 ; 餐厅 / 13.72平米 / 北 / 普通窗 ; 书房 / 14.81平米 / 南 / 落地窗 ; 卧室A / 8.89平米 / 北 / 普通窗 ; 卧室B / 10.88平米 / 无 / 未知窗户类型 ; 卧室C / 19.14平米 / 南 / 落地窗 ; 厨房 / 15.21平米 / 北 / 落地窗 ; 卫A / 3.53平米 / 南 / 普通窗 ; 卫B / 6.99平米 / 西 / 普通窗 ; 阳台 / 18.93平米 / 西 北 东 南 / 落地窗 ; 过道 / 4.93平米 / 无 / 无窗,
次新小区，精装三房，业主诚意出售,"大族云峰二期 , 坂田",3室2厅,91.3平米,西,精装,29层,2021年,板塔结合,600 万,65718 元,0,,,近地铁 | VR看装修,https://sz.lianjia.com/ershoufang/105120408871.html,地铁 | VR看装修,房子满两年，费用少，装修保养的还不错，中间楼层，买来即入住,小区2017年批地，于2022交楼，次新小区，分一二期开发，此小区为二期，低密度，共4栋，每栋分两个单元，楼间距宽，无任何遮挡，停车位充足车位宽,楼下就是商场湾畔Mall，去万科里，天虹商场，8号仓，星河CocoPark也很方便，坂田医院，银湖山郊野公园,"此房位置不错，出行方便，地铁公交驾车都方便，门口就是公交站，离坂田地铁A出口800米距离（数据来源百度地图),小区东边是坂雪岗大道，这条大道连接坂银通道，开车去福田罗湖很方便，过了坂银隧道就到福田银湖，大大缩短了去往城区的时间。",,,暂无数据,2025-04-15,商品房,普通住宅,暂无数据,非共有,有抵押 180万元 交通银行 业主自还,挂牌时间:2025-04-15 | 交易权属:商品房 | 上次交易:暂无数据 | 房屋用途:普通住宅 | 房屋年限:暂无数据 | 产权所属:非共有 | 抵押信息:有抵押 180万元 交通银行 业主自还 | 房本备件:未上传房本照片,客厅 / 26.67平米 / 北 / 普通窗 ; 卧室A / 6.32平米 / 北 / 落地窗 ; 卧室B / 12.45平米 / 无 / 未知窗户类型 ; 卧室C / 9.55平米 / 无 / 未知窗户类型 ; 厨房 / 5.5平米 / 无 / 未知窗户类型 ; 卫A / 2.55平米 / 无 / 无窗 ; 卫B / 3.15平米 / 北 / 普通窗 ; 阳台 / 4.7平米 / 北 / 普通窗 ; 过道 / 4.57平米 / 无 / 无窗,
五和地铁口电梯小两房商务公寓！,"润创兴时代公寓 , 坂田",2室1厅,50.43平米,南,简装,中楼层(共29层),2014年,板楼,180 万,35694 元,1,,,近地铁 | VR房源,https://sz.lianjia.com/ershoufang/105121289482.html,地铁 | VR房源,此房满五年，电梯房，精装修，交通便利！,创兴时代是由深圳润创兴有限公司开发的现代青年居住生活区，位于龙岗坂田布龙路与五和大道交汇处（万科四季花城北侧），共1栋2座，A座为29层的商务公寓，B座为11层的创意办公楼，总建筑面积46910.80平，其中商务公寓25587平，办公楼7500平,坂田医院；中行、农行、平安银行等；万科万致天地广场，阳光湾畔 百货、天虹商场；五和地铁口D出口；,5号线和十号线五和地铁站D出口200米（来自高德地图）；区域主干道布龙路、五和大道；三大高速：梅观高速、水官高速、清平高速；2条快速路：南坪快速、新彩快速；坂银通道可直达福田，南山，罗湖,,,暂无数据,2025-07-01,商品房,商务公寓,暂无数据,非共有,有抵押 45万元 商业银行 业主自还,挂牌时间:2025-07-01 | 交易权属:商品房 | 上次交易:暂无数据 | 房屋用途:商务公寓 | 房屋年限:暂无数据 | 产权所属:非共有 | 抵押信息:有抵押 45万元 商业银行 业主自还 | 房本备件:未上传房本照片,客厅 / 16.43平米 / 南 / 普通窗 ; 卧室A / 5.45平米 / 南 / 落地窗 ; 卧室B / 8.91平米 / 无 / 未知窗户类型 ; 厨房 / 3.11平米 / 南 / 普通窗 ; 卫 / 3.56平米 / 无 / 普通窗 ; 阳台A / 1.34平米 / 南 / 普通窗 ; 阳台B / 2.46平米 / 南 / 普通窗,
店长推荐 花园复式 业主诚意卖 位置安静 精装修,"信义嘉御山 , 坂田",4室2厅,86.48平米,西南,,高楼层(共27层),2015年,板塔结合,755 万,87304 元,63,,,近地铁 | VR房源 | 房本满五年,https://sz.lianjia.com/ershoufang/105109101921.html,地铁 | VR房源 | 房本满五年,满五年唯一，欠款不多，业主自住装修好,信义嘉御山小区是信贤房地产开发的，小区物业为开发商自己的物业：信勤物业。小区采用24小时封闭式管理，每个出入口都是有保安值勤，居住在本小区舒适又安心。小区有15栋住宅楼，总户数3000多户，小区花园面积大，下班后下花园就可以跑步锻炼,信义嘉御山是坂田新的大社区的，小区一共有8期，目前1-5期已经交房入住，坂田双地铁口的大盘，一期楼下有天虹商场，有星巴克，KFC，面点王，健身会所，SAP等配套成熟，还开了佳华商场MAX.CITY有海底捞，探鱼等餐饮名店 各大银行围绕小区、旁边有大企业华为..,双地铁10号线、5号线物业，到深圳北站两个地铁站，信义嘉御山小区采用人车分流，绿化面积大，24小时封闭物业管理，居住环境舒适,,,2015-03-30,2021-10-26,商品房,普通住宅,满五年,非共有,无抵押,挂牌时间:2021-10-26 | 交易权属:商品房 | 上次交易:2015-03-30 | 房屋用途:普通住宅 | 房屋年限:满五年 | 产权所属:非共有 | 抵押信息:无抵押 | 房本备件:已上传房本照片,客厅 / 27.19平米 / 西南 / 普通窗 ; 书房 / 7.07平米 / 东南 / 落地窗 ; 卧室A / 9.11平米 / 无 / 未知窗户类型 ; 卧室B / 7.5平米 / 无 / 未知窗户类型 ; 卧室C / 9.58平米 / 无 / 未知窗户类型 ; 卧室D / 13.33平米 / 无 / 未知窗户类型 ; 厨房 / 8.25平米 / 无 / 未知窗户类型 ; 卫生间A / 3.79平米 / 无 / 未知窗户类型 ; 卫生间B / 3.87平米 / 无 / 未知窗户类型 ; 阳台 / 5.86平米 / 西南 东南 / 普通窗 ; 楼梯间 / 13.31平米 / 无 / 无窗 ; 门厅 / 7.15平米 / 东南 / 普通窗,
近地铁复式，带花园，5.1米层高，嘉霖华禧次新房,"嘉霖华禧 , 坂田",2室1厅,64.21平米,南,,中楼层(共7层),2017年,板楼,258 万,40181 元,11,,,近地铁 | VR房源,https://sz.lianjia.com/ershoufang/105112682391.html,地铁 | VR房源,此房精装修，保持好，社区新，空间利用很大,,,小区自带公交站，出行很方便，开车走板兰大道很好没有堵车，高效节省您的时间 地铁十号线雪象站,,,暂无数据,2023-02-16,商品房,商务公寓,暂无数据,非共有,有抵押 6万元,挂牌时间:2023-02-16 | 交易权属:商品房 | 上次交易:暂无数据 | 房屋用途:商务公寓 | 房屋年限:暂无数据 | 产权所属:非共有 | 抵押信息:有抵押 6万元 | 房本备件:未上传房本照片,客厅 / 29.71平米 / 西南 / 普通窗 ; 卧室A / 17.03平米 / 东北 / 落地窗 ; 卧室B / 5.63平米 / 无 / 无窗 ; 厨房 / 4.6平米 / 东北 / 普通窗 ; 卫A / 2.73平米 / 无 / 无窗 ; 卫生间B / 3.83平米 / 无 / 无窗 ; 阳台 / 1.71平米 / 西南 西北 / 普通窗 ; 过道 / 5.35平米 / 无 / 无窗,
嘉霖华禧复式公寓装修好交通便利环境佳,"嘉霖华禧 , 坂田",1室1厅,39.06平米,南,精装,中楼层(共7层),2017年,塔楼,190 万,48644 元,0,,,近地铁 | VR房源,https://sz.lianjia.com/ershoufang/105120910932.html,地铁 | VR房源,此房地铁口，满5年，急售，精装修，拎包即可入住,小区围合式园林，共6栋楼，环境优美，绿化高，空气好，地势高，户户采光足，通风好；,,出门即是地铁十号线雪象站，步行可达，小区门口还有大型公交站台，交通便捷；,,,暂无数据,2025-05-30,商品房,商务公寓,暂无数据,非共有,有抵押,挂牌时间:2025-05-30 | 交易权属:商品房 | 上次交易:暂无数据 | 房屋用途:商务公寓 | 房屋年限:暂无数据 | 产权所属:非共有 | 抵押信息:有抵押 | 房本备件:未上传房本照片,客厅 / 17.51平米 / 东南 / 落地窗 ; 卧室 / 15.17平米 / 无 / 无窗 ; 厨房 / 4.8平米 / 无 / 无窗 ; 卫 / 3.84平米 / 无 / 无窗,
地铁口精装复式小户型 高租金 易出租,"佳兆业中央广场六期 , 坂田",2室2厅,47.35平米,东南,精装,低楼层(共41层),2020年,塔楼,218 万,46041 元,0,,,近地铁,https://sz.lianjia.com/ershoufang/105117426859.html,地铁,此房满5年，精装修，保养好，高租金，易出租,,,出门即是地铁十号线岗头站和雪象站，还有大型公共站台，步行可达；,购买满5年，登记原价高，现价低，交易差额少，税费少，购买成本低；,,暂无数据,2024-06-27,商品房,商业办公类,暂无数据,非共有,无抵押,挂牌时间:2024-06-27 | 交易权属:商品房 | 上次交易:暂无数据 | 房屋用途:商业办公类 | 房屋年限:暂无数据 | 产权所属:非共有 | 抵押信息:无抵押 | 房本备件:未上传房本照片,客厅 / 22.66平米 / 无 / 未知窗户类型 ; 卧室A / 7.53平米 / 无 / 无窗 ; 卧室B / 7.71平米 / 无 / 无窗 ; 卫 / 3.59平米 / 无 / 无窗 ; 过道 / 4.64平米 / 无 / 无窗,
满五年 通透复试公寓  带花园  诚心出售采光好,"嘉霖华禧 , 坂田",2室2厅,64.21平米,东南,,高楼层(共7层),2017年,板楼,360 万,56067 元,0,,,近地铁 | VR房源 | 房本满五年,https://sz.lianjia.com/ershoufang/105118770539.html,地铁 | VR房源 | 房本满五年,满五年，通透，复试公寓，看房方便，带花园，诚心出售，采光好。,嘉霖华禧小区楼龄比较新，17年交房的小区，项目是嘉霖集团继大鹏PURE33璞岸、龙岗珑禧、坪山大万文化广场后推出的又一城市标杆力作。小区总共6栋，项目产品包含37-65平米1-3房70年产权平层、复式产品及74-119㎡ 品质3-5房品质住宅，均为片区主流户型。,新社区，人车分流，24小时保安轮流值班，社区有自己的健身广场和花园，园林式社区。依托高新技术产业园，佳兆业城市广场物业形态丰富，集、酒店于一体。小区左边是天安云谷、华为总部基地，配套齐全,项目是靠着坂雪岗大道和坂澜大道，沿着坂雪岗大道可以去梅林关（去关内方向）、也可以转布龙路转南坪快速和水官高速，也可以从转贝尔路再转梅关高速，上坂澜大道可以去观澜也可以去平湖。地铁10号,,,2019-07-05,2024-11-01,商品房,商务公寓,满五年,非共有,无抵押,挂牌时间:2024-11-01 | 交易权属:商品房 | 上次交易:2019-07-05 | 房屋用途:商务公寓 | 房屋年限:满五年 | 产权所属:非共有 | 抵押信息:无抵押 | 房本备件:已上传房本照片,客厅 / 29.66平米 / 东 / 普通窗 ; 卧室A / 6.33平米 / 无 / 无窗 ; 卧室B / 17.18平米 / 西 / 落地窗 ; 厨房 / 4.48平米 / 西 / 普通窗 ; 卫A / 2.55平米 / 无 / 无窗 ; 卫B / 3.89平米 / 无 / 无窗 ; 阳台 / 3.28平米 / 东 / 普通窗 ; 过道 / 5.27平米 / 无 / 无窗 ; 门厅 / 1.85平米 / 无 / 无窗,
中间楼层 刚需实用小四房大阳台 地铁口 配套成熟,"佳兆业中央广场三期 , 坂田",4室1厅,90.17平米,西北,精装,46层,2016年,塔楼,540 万,59887 元,20,,,近地铁 | VR看装修 | 房本满五年,https://sz.lianjia.com/ershoufang/105109515443.html,地铁 | VR看装修 | 房本满五年,中间楼层 刚需实用小四房大阳台 地铁口 配套成熟,小区规模：总共分为6期，大型社区，3个幼儿园：大型综合MALL，加270米酒店（六期项目），一期位置安静。离地铁商场最近，近天安云谷，步行即可，环境好，合适居家,新社区，人车分流，24小时保安轮流值班，社区有自己的健身广场和花园，园林式社区。依托高新技术产业园，佳兆业城市广场物业形态丰富，集住宅、酒店于一体。小区左边是天安云谷、华为总部基地，配套齐全,项目是靠着坂雪岗大道和坂澜大道，沿着坂雪岗大道可以去梅林关（去关内方向）、也可以转布龙路转南坪快速和水官高速，也可以从转贝尔路再转梅关高速，上坂澜大道可以去观澜也可以去平湖。地铁10号线两个地铁口，岗头站和雪象站。,,,2016-01-25,2021-12-20,商品房,普通住宅,满五年,非共有,有抵押 250万元,挂牌时间:2021-12-20 | 交易权属:商品房 | 上次交易:2016-01-25 | 房屋用途:普通住宅 | 房屋年限:满五年 | 产权所属:非共有 | 抵押信息:有抵押 250万元 | 房本备件:已上传房本照片,客厅 / 22.63平米 / 北 / 落地窗 ; 卧室A / 7.15平米 / 北 / 普通窗 ; 卧室B / 6.61平米 / 无 / 未知窗户类型 ; 卧室C / 10.47平米 / 无 / 未知窗户类型 ; 卧室D / 5.55平米 / 无 / 普通窗 ; 厨房 / 7.2平米 / 西 / 普通窗 ; 卫生间A / 3.89平米 / 北 / 普通窗 ; 卫生间B / 4.08平米 / 南 / 普通窗 ; 阳台A / 7.24平米 / 北 东 / 普通窗 ; 阳台B / 3.45平米 / 西 / 普通窗 ; 过道 / 4.4平米 / 无 / 无窗,
华为旁低总价，地铁物业，满五税费少，业主诚意卖。,"嘉霖华禧 , 坂田",3室1厅,79.13平米,南,精装,中楼层(共33层),2017年,塔楼,480 万,60660 元,25,,,近地铁 | VR看装修 | 房本满五年,https://sz.lianjia.com/ershoufang/105106422427.html,地铁 | VR看装修 | 房本满五年,满五税费少，户型方正，采光好，实用率高。,嘉霖华禧项目是嘉霖集团继大鹏PURE33璞岸、龙岗珑禧、坪山大万文化广场后推出的又一城市标杆力作。小区总共6栋，项目产品包含37-65平米1-3房70年产权平层、复式产品及74-119㎡ 品质3-5房品质住宅，均为片区主流户型.,项目是坂雪岗科技新城平米恢弘力作，本项目占地面积约万平米，总建筑面积约万平米，包含住宅、商务办公、临街等物业形态,项目位于深圳市坂雪岗科技城坂澜大道与环城北路交汇处，属于深圳中部发展轴心。坂澜大道、坂银通道、梅观高速、机荷高速等多条高速、快速干道出入，交通十分便利. 地铁10号线雪象站。,,,2016-08-21,2021-02-20,商品房,普通住宅,满五年,非共有,有抵押 225万元,挂牌时间:2021-02-20 | 交易权属:商品房 | 上次交易:2016-08-21 | 房屋用途:普通住宅 | 房屋年限:满五年 | 产权所属:非共有 | 抵押信息:有抵押 225万元 | 房本备件:已上传房本照片,客厅 / 27.96平米 / 南 / 普通窗 ; 书房 / 5.49平米 / 无 / 未知窗户类型 ; 卧室A / 10.22平米 / 无 / 未知窗户类型 ; 卧室B / 8.18平米 / 无 / 未知窗户类型 ; 厨房 / 4.07平米 / 东 / 普通窗 ; 卫生间 / 3.59平米 / 无 / 普通窗 ; 阳台A / 4.85平米 / 南 / 普通窗 ; 阳台B / 2.14平米 / 东 / 普通窗,
东南向中高楼层、采光通风视野好、满五税费少,"信义嘉御山 , 坂田",4室2厅,140.3平米,东南,精装,中楼层(共31层),2013年,板塔结合,1080 万,76978 元,1,,,近地铁 | VR房源,https://sz.lianjia.com/ershoufang/105116606299.html,地铁 | VR房源,此房为东南向，看花园泳池，中间楼层，满五年税费低,信义嘉御山是坂田新的大社区的，小区一共有8期，目前1-5期已经交房入住，坂田双地铁口的大盘，一期楼下有天虹商场，有星巴克，KFC，面点王，健身会所，SAP等配套成熟，还开了佳华商场MAX.CITY有海底捞，探鱼等餐饮名店 各大银行围绕小区、旁边有大企华为,小区下面自带底层店铺，开发商自持，目前已全部进驻，包括中西式餐饮、教育培训、婴幼儿用品，便利店及坂田天虹旗舰店，生活方便，小区内有幼儿园，家门口尽享优质生活。,开车出行：小区出来贝尔路可快速上G94梅关高速，坂雪岗大道上坂银通道直通福田南山。 地铁出行：10号线坂田北站，10号线5号线中转站五和站。 公交出行：里石排站，坂田市场站，坂田路口站，坂田路口北站等,,,暂无数据,2024-04-07,商品房,普通住宅,暂无数据,非共有,有抵押 700万元,挂牌时间:2024-04-07 | 交易权属:商品房 | 上次交易:暂无数据 | 房屋用途:普通住宅 | 房屋年限:暂无数据 | 产权所属:非共有 | 抵押信息:有抵押 700万元 | 房本备件:未上传房本照片,,
华为旁大花园社区，天虹楼上朝南大三房 初次出售,"信义嘉御山 , 坂田",3室2厅,89.78平米,南,,26层,2013年,板塔结合,569 万,63378 元,1,,,近地铁 | VR房源,https://sz.lianjia.com/ershoufang/105120243419.html,地铁 | VR房源,房子产权满五年 么有增值税，朝南向 楼下就是天虹商场,信义嘉御山小区占地十万平，新加坡风情花园园林，总共15栋 容积2.8 . 小区很大 有泳池 很适合有家庭有老人的居住,距离386米 是10号线坂田北站，800米是10+5号双线地铁五和站，楼下是坂田天虹商场和佳华MAXcity商场，往北400米处 25号线黄君山站在建。坂田菜市场,,,,暂无数据,2025-03-31,商品房,普通住宅,暂无数据,非共有,有抵押 450万元 工商银行 金融公司垫资,挂牌时间:2025-03-31 | 交易权属:商品房 | 上次交易:暂无数据 | 房屋用途:普通住宅 | 房屋年限:暂无数据 | 产权所属:非共有 | 抵押信息:有抵押 450万元 工商银行 金融公司垫资 | 房本备件:未上传房本照片,客厅 / 27.37平米 / 无 / 未知窗户类型 ; 卧室A / 9.57平米 / 南 / 普通窗 ; 卧室B / 15.08平米 / 无 / 未知窗户类型 ; 卧室C / 6.4平米 / 东 / 普通窗 ; 厨房 / 5.63平米 / 东 / 普通窗 ; 卫 / 5.01平米 / 无 / 未知窗户类型 ; 阳台 / 5.69平米 / 西 东 南 / 普通窗 ; 过道 / 3.18平米 / 无 / 无窗,
春华 四季 园端头 复式  四房,"春华四季园二期 , 坂田",4室2厅,142平米,南,精装,中楼层(共12层),2007年,板塔结合,860 万,60564 元,1,,,VR房源,https://sz.lianjia.com/ershoufang/105118256935.html,VR房源,此房满五年唯一，端户复式，装修保养好,小区车位充足，达到1：1.1，小区配套也齐全，各种生活必须商店小区都有。小区自带有配套成人和儿童泳池，保障大人小孩都能在合适的水位游泳，小区有篮球场，羽毛球场和各类体育健身设施,小区配套齐全，教育，商场，医院等都在500米范围内。五和交通枢纽，梅观快速，出行便利,,,,暂无数据,2024-09-11,商品房,普通住宅,暂无数据,非共有,无抵押,挂牌时间:2024-09-11 | 交易权属:商品房 | 上次交易:暂无数据 | 房屋用途:普通住宅 | 房屋年限:暂无数据 | 产权所属:非共有 | 抵押信息:无抵押 | 房本备件:未上传房本照片,客厅 / 56.94平米 / 西北 东南 / 普通窗 ; 卧室A / 7.8平米 / 无 / 未知窗户类型 ; 卧室B / 11.66平米 / 西北 / 落地窗 ; 卧室C / 9.12平米 / 西北 / 落地窗 ; 卧室D / 19.6平米 / 东南 / 落地窗 ; 厨房 / 5.68平米 / 西南 / 普通窗 ; 卫A / 3.43平米 / 西南 / 普通窗 ; 卫B / 7.5平米 / 无 / 未知窗户类型 ; 阳台A / 9.36平米 / 东南 / 普通窗 ; 阳台B / 9.6平米 / 西 西北 / 落地窗 ; 阳台C / 12.12平米 / 东 / 落地窗 ; 过道 / 11.4平米 / 无 / 无窗 ; 衣帽间A / 3.55平米 / 西南 / 普通窗 ; 衣帽间B / 11.02平米 / 无 / 无窗,
五和双地铁口物业，南北通格局，120平4房2卫，采光好,"泓瀚苑 , 坂田",4室2厅,121.02平米,南 北,简装,高楼层(共8层),2000年,塔楼,399 万,32970 元,3,,,近地铁 | VR房源 | 房本满五年,https://sz.lianjia.com/ershoufang/105117587306.html,地铁 | VR房源 | 房本满五年,此房满五年，户型方正实用，高楼层，南北通格局，采光 通风好,,有坂田商 业广场，过红绿灯是百佳华、巨幕电影院、品牌餐饮（爱婉婷、海底捞、星巴克等），过马路是坂田天虹等，配套齐全，生活便利,小区自驾出行出小区沿着吉华路往东可以达到布吉、罗湖、龙岗等区域，往西600米到达龙华区，往南上梅观高速-皇岗北路到达福田区，经梅观高速-南坪快速-北环大道直抵南山，距5号线五和站约300多米路程，两站到达深圳北站高铁站，可以换乘4号线，,,,2009-10-26,2024-07-12,商品房,普通住宅,满五年,非共有,有抵押 300万元 兴业银行,挂牌时间:2024-07-12 | 交易权属:商品房 | 上次交易:2009-10-26 | 房屋用途:普通住宅 | 房屋年限:满五年 | 产权所属:非共有 | 抵押信息:有抵押 300万元 兴业银行 | 房本备件:已上传房本照片,客厅 / 34.77平米 / 东南 / 普通窗 ; 卧室A / 8.44平米 / 西北 / 普通窗 ; 卧室B / 10.46平米 / 西北 / 普通窗 ; 卧室C / 15.5平米 / 东南 / 落地窗 ; 卧室D / 9.78平米 / 东南 / 普通窗 ; 厨房 / 6.89平米 / 西北 / 普通窗 ; 卫生间A / 5.43平米 / 西北 / 普通窗 ; 卫生间B / 2.79平米 / 西南 / 普通窗 ; 阳台A / 4.33平米 / 西南 西北 东北 / 普通窗 ; 阳台B / 4.82平米 / 西南 东南 / 普通窗,
房子朝南户型方正标准的3房1卫，业主诚心出售,"星光之约 , 坂田",3室2厅,95.31平米,南,,高楼层(共10层),2003年,板楼,477 万,50048 元,2,,,近地铁 | VR看装修 | 随时看房,https://sz.lianjia.com/ershoufang/105118905735.html,地铁 | VR看装修 | 随时看房,房子朝南户型方正标准的3房1卫，业主诚心出售,星光之约花园位于坂田于龙华民治交界处，10号线雅宝站地鉄口，近梅林关。小区有6栋住宅楼，1-3栋为楼梯，4-6栋为电梯，全部是小高层建筑，主要是两房--四房户型，小区四周不临路，菲常安静，内部有篮球场、游泳池,小区门口有一些商铺，有钱大妈，卖蔬菜，卖早餐的及一些零售店。小区距离星河WORLD cocopark商场（捌万㎡）步行约600米；距离8号仓奥特莱斯商场步行约1.7公里；距离南坑农贸市场步行约1公里；小区距离雅宝山体公园步行约1.2公里；距离五和社康忠心约1.6..,小区大门口是五和大道，路边有星光之约公交站台，10号线南坑站和雅宝站距离小区都是约500米左右。五和大道与坂雪岗大道、布龙路、龙华大道，民治大道等多条主干道衔接，小区到梅林关仅2个红绿灯，小区2公里范围内覆盖梅观高速，南坪快速，坂银通道等快速路,,,暂无数据,2024-11-14,商品房,普通住宅,暂无数据,非共有,有抵押,挂牌时间:2024-11-14 | 交易权属:商品房 | 上次交易:暂无数据 | 房屋用途:普通住宅 | 房屋年限:暂无数据 | 产权所属:非共有 | 抵押信息:有抵押 | 房本备件:未上传房本照片,客厅 / 25.23平米 / 北 南 / 落地窗 ; 卧室A / 9.34平米 / 无 / 未知窗户类型 ; 卧室B / 14.21平米 / 无 / 未知窗户类型 ; 卧室C / 9.39平米 / 无 / 未知窗户类型 ; 厨房 / 5.23平米 / 南 / 普通窗 ; 卫 / 4.98平米 / 南 / 普通窗 ; 阳台 / 4.13平米 / 西 东 南 / 普通窗 ; 过道 / 4.67平米 / 无 / 无窗,
采光佳，坂田北静谧空间，双地铁次新房，花园景观,"佳兆业城市广场五期 , 坂田",2室1厅,51.22平米,东南,简装,低楼层(共39层),2019年,塔楼,180 万,35143 元,2,,,近地铁 | 房本满五年,https://sz.lianjia.com/ershoufang/105114078802.html,地铁 | 房本满五年,房子采光视野好 安静看花园，可看坂田北景观 诚心出售,小区规模总共分为6期大型社区，3个幼儿园大型综合MALL加270米酒店六期项目一期位置安静离地铁商场最近近天安云谷步行即可环境好合适,全新社区人车分流，24小时保安轮流值班社区有自己的健身广场和花园园林式社区依托高新技术产业园佳兆业城市广场物业形态丰富集酒店于一体旁边就是天安云谷华为总部,项目是挨着坂雪岗大道和坂澜大道，沿着坂雪岗大道可以去梅林关（去关内方向）、也可以转布龙路转南坪快速和水官高速，也可以从转贝尔路再转梅关高速，上坂澜大道可以去观澜也可以去平湖。交通很方便。高速交通：梅观高速、清平高速、坂雪岗大道、南坪快速,,,2018-07-22,2023-06-26,商品房,商业办公类,满五年,非共有,有抵押 60万元,挂牌时间:2023-06-26 | 交易权属:商品房 | 上次交易:2018-07-22 | 房屋用途:商业办公类 | 房屋年限:满五年 | 产权所属:非共有 | 抵押信息:有抵押 60万元 | 房本备件:已上传房本照片,客厅 / 24.81平米 / 东 / 落地窗 ; 卧室A / 7.07平米 / 无 / 无窗 ; 卧室B / 7.32平米 / 无 / 无窗 ; 卫生间 / 3.77平米 / 无 / 无窗 ; 过道 / 2.15平米 / 无 / 无窗,
城广五期80平复式2房，端头户。,"佳兆业城市广场五期 , 坂田",2室2厅,79.7平米,东南,,低楼层(共39层),2019年,塔楼,260 万,32623 元,3,,,近地铁,https://sz.lianjia.com/ershoufang/105114979588.html,地铁,此房满五年不唯一，城广五期80平复式2房，端头户。,新社区人车分流，24小时保安轮流值班小区内有自己的健身广场和花园园林式社区自带大泳池健身场所会所配套齐全,佳兆业城市广场社区依托高新技术产业园物业形态丰富集酒店大型综合体配套于一体小区旁边就是天安云谷华为总部,10号线岗头站地铁口300米，10号线雪象地铁口300米。梅观高速。,,,暂无数据,2023-10-07,商品房,商业办公类,暂无数据,非共有,无抵押,挂牌时间:2023-10-07 | 交易权属:商品房 | 上次交易:暂无数据 | 房屋用途:商业办公类 | 房屋年限:暂无数据 | 产权所属:非共有 | 抵押信息:无抵押 | 房本备件:未上传房本照片,客厅 / 30.34平米 / 北 东 / 落地窗 ; 卧室A / 8.76平米 / 北 / 落地窗 ; 卧室B / 16.05平米 / 南 / 落地窗 ; 卫生间A / 5.17平米 / 无 / 未知窗户类型 ; 卫生间B / 4.87平米 / 无 / 未知窗户类型,
精装 使用率高 两面采光 业主诚心出售,"佳兆业城市广场五期 , 坂田",3室2厅,77.5平米,东南,精装,高楼层(共39层),2019年,塔楼,329 万,42452 元,1,,,近地铁 | 随时看房,https://sz.lianjia.com/ershoufang/105118428289.html,地铁 | 随时看房,精装 使用率高 两面采光业主 诚心出售,小区规模：总共分为6期开发的大楼盘，总占地约300000，全部项目总建面约1800000平米。3个幼儿园：自带综合MALL，加270米万豪酒店（六期项目），五期的地理位置很好，小区东门门口200米就是地铁口雪象站,小区是新社区人车分流车位充足，24小时保安轮流值班社区有自己的健身广场和花园园林式社区依托高新技术产业园物业形态丰富集酒店于一体隔壁就是天安云谷华为总部旁边大型shoppingmall也正在建设中,项目是着坂雪岗大道和坂澜大道，沿着坂雪岗大道可以去梅林关（去关内方向）、也可以转布龙路转南坪快速和水官高速，也可以从转贝尔路再转梅关高速，上坂澜大道可以去观澜也可以去平湖。高速交通：梅观高速、清平高速、坂雪岗大道、南坪快速，坂银通道等,,,暂无数据,2024-09-28,商品房,商业办公类,暂无数据,非共有,有抵押 100万元,挂牌时间:2024-09-28 | 交易权属:商品房 | 上次交易:暂无数据 | 房屋用途:商业办公类 | 房屋年限:暂无数据 | 产权所属:非共有 | 抵押信息:有抵押 100万元 | 房本备件:未上传房本照片,,
2室一厅住宅区公寓，民水民电，业主急售,"德润荣君府 , 坂田",2室1厅,61.56平米,南 北,,低楼层(共31层),2017年,板楼,260 万,42236 元,5,,,近地铁 | VR房源,https://sz.lianjia.com/ershoufang/105114325641.html,地铁 | VR房源,配套设施齐全，就在地铁口边上，交通方便，价格可谈,"2017年底交房的次新小区，全电梯高层，共7栋，由住宅和公寓（1栋）组成，合围起来楼下有花园和泳池，可供休憩玩耍。自带上千平商ye配套，日常基本生活需求能得到满足，地下3层停车库，1：1配置,停车位宽松。",楼下自带幼稚园、5千㎡底商。布龙路以北万科商写综合体建设中，西侧在建华侨城住宅、幼儿园及和美外国语项目（30班1500位置）。距小区1km有两万㎡万科里。2km内有阳光湾畔、8号仓、坂田天虹等商场。北为坂田医院,5号线坂田地铁口大约700米，去宝安或者罗湖都很方便。 小区门口就是公交站； 小区前面是坂雪岗大道和布龙路，自驾的话，1千米内可以上南坪快速，再走水官高速到龙岗，梅观高速到观澜和东莞，或者经梅林关，新彩隧道进福田，罗湖和南山都很方便。,,,暂无数据,2023-07-24,商品房,公寓,暂无数据,非共有,无抵押,挂牌时间:2023-07-24 | 交易权属:商品房 | 上次交易:暂无数据 | 房屋用途:公寓 | 房屋年限:暂无数据 | 产权所属:非共有 | 抵押信息:无抵押 | 房本备件:未上传房本照片,客厅 / 23.01平米 / 西 / 普通窗 ; 卧室A / 9.6平米 / 无 / 未知窗户类型 ; 卧室B / 9.75平米 / 无 / 未知窗户类型 ; 卫生间 / 3.59平米 / 无 / 未知窗户类型 ; 阳台 / 1.25平米 / 西 / 普通窗,
总价低 税费少 业主诚心卖 看房方便,"润创兴时代公寓 , 坂田",3室2厅,69.2平米,南,精装,低楼层(共29层),2014年,板楼,230 万,33237 元,5,,,近地铁 | VR房源 | 房本满五年,https://sz.lianjia.com/ershoufang/105107096114.html,地铁 | VR房源 | 房本满五年,5号线&10号线五和双地铁口物业， 低总价3房通燃气带阳台,,,楼下就是10号线&5号线地铁站，地铁站处有好几十路公交经过，快捷的通达深圳市各个区域。,,,2014-12-13,2021-04-22,商品房,商务公寓,满五年,非共有,有抵押 180万元 上海浦东发展银行股份有限公司深圳分行 金融公司垫资,挂牌时间:2021-04-22 | 交易权属:商品房 | 上次交易:2014-12-13 | 房屋用途:商务公寓 | 房屋年限:满五年 | 产权所属:非共有 | 抵押信息:有抵押 180万元 上海浦东发展银行股份有限公司深圳分行 金融公司垫资 | 房本备件:已上传房本照片,客厅 / 22.11平米 / 南 / 普通窗 ; 卧室A / 10.02平米 / 无 / 未知窗户类型 ; 卧室B / 7.04平米 / 西 / 落地窗 ; 厨房 / 3.71平米 / 北 / 普通窗 ; 卫生间 / 3.7平米 / 无 / 未知窗户类型 ; 阳台 / 3.87平米 / 南 / 普通窗 ; 储物间 / 4.04平米 / 无 / 未知窗户类型,
佳兆业城市广场一期带入户四房两卫诚心出售,"佳兆业中央广场一期 , 坂田",4室1厅,89.44平米,南,精装,中楼层(共47层),2013年,板楼,530 万,59258 元,2,,,近地铁 | VR房源 | 房本满五年,https://sz.lianjia.com/ershoufang/105119361420.html,地铁 | VR房源 | 房本满五年,华为旁邻近天安云谷，采光好，看花园，带入户，视野好,小区总共分为6期开发建设，壹万多户的大社区，总占地约三十万，项目总建面约壹佰捌拾万平左右，十五万平米综合MALL，加270米酒店（六期项目），新社区，人车分流，社区有自己的健身广场和花园，园林式社区,新社区，人车分流，24小时保安轮流值班，社区有自己的健身广场和花园，园林式社区。依托高新技术产业园，佳兆业城市广场物业形态丰富，集住宅、酒店于一体。小区左边是天安云谷、华为总部基地，配套齐全,10号线双地铁物业，27号线已规划，项目是挨着坂雪岗大道和坂澜大道，沿着坂雪岗大道可以去梅林关，也可以转布龙路转南坪快速和水官高速，也可以从转贝尔路再转梅关高速，上坂澜大道可以去观澜也可以去平湖；多条公交路线直达罗湖、福田，交通很便利,,,2016-05-10,2024-12-31,商品房,普通住宅,满五年,非共有,有抵押,挂牌时间:2024-12-31 | 交易权属:商品房 | 上次交易:2016-05-10 | 房屋用途:普通住宅 | 房屋年限:满五年 | 产权所属:非共有 | 抵押信息:有抵押 | 房本备件:已上传房本照片,客厅 / 26.61平米 / 北 南 / 落地窗 ; 多功能间 / 8.47平米 / 北 / 落地窗 ; 卧室A / 8.92平米 / 北 / 普通窗 ; 卧室B / 14.75平米 / 无 / 未知窗户类型 ; 卧室C / 7.93平米 / 无 / 未知窗户类型 ; 厨房 / 5.35平米 / 西 / 落地窗 ; 卫生间A / 3.31平米 / 无 / 未知窗户类型 ; 卫生间B / 5.04平米 / 无 / 未知窗户类型 ; 阳台A / 6.57平米 / 西 北 东 / 落地窗 ; 阳台B / 3.76平米 / 西 北 / 普通窗 ; 阳台C / 2.7平米 / 西 / 落地窗 ; 过道 / 3.08平米 / 无 / 无窗,
朝北带入户诚心出售中高楼层采光好,"佳兆业中央广场一期 , 坂田",3室1厅,89.3平米,北,,中楼层(共47层),2013年,板楼,508 万,56887 元,0,,,近地铁 | VR房源,https://sz.lianjia.com/ershoufang/105120504338.html,地铁 | VR房源,朝北带入户，诚心出售，中高楼层。满五不唯一税费少,小区规模：总共分为6期，10000大户的大盘，总占地约300000，项目总建面约1800000平米。3个幼儿园：150000平米综合MALL，加270米酒店（六期项目），二期的地理位置在其他几期的中间位置，分别被一期、三期、五期环抱，位置安静。,新社区，人车分流，24小时保安轮流值班，社区有自己的健身广场和花园，园林式社区。占地约300000平，建面约1800000平米，依托高新技术产业园，佳兆业城市广场物业形态丰富，集住宅、酒店于一体。小区左边是天安云谷、华为总部,地铁10号线岗头雪象站口，项目是靠着坂雪岗大道和坂澜大道，沿着坂雪岗大道可以去梅林关，也可以转布龙路转南坪快速和水官高速，也可以从转贝尔路再转梅关高速，上坂澜大道可以去观澜也可以去平湖。地铁7月开通。高速交通：梅观高速、清平高速、坂雪岗大道,,,暂无数据,2025-04-23,商品房,普通住宅,暂无数据,非共有,无抵押,挂牌时间:2025-04-23 | 交易权属:商品房 | 上次交易:暂无数据 | 房屋用途:普通住宅 | 房屋年限:暂无数据 | 产权所属:非共有 | 抵押信息:无抵押 | 房本备件:未上传房本照片,客厅 / 21.37平米 / 西南 东北 / 落地窗 ; 卧室A / 7.82平米 / 无 / 未知窗户类型 ; 卧室B / 14.52平米 / 无 / 未知窗户类型 ; 卧室C / 8.45平米 / 东北 / 普通窗 ; 厨房 / 5.16平米 / 西北 / 落地窗 ; 卫生间A / 4.54平米 / 无 / 未知窗户类型 ; 卫生间B / 3.56平米 / 无 / 未知窗户类型 ; 阳台A / 2平米 / 西南 / 落地窗 ; 阳台B / 9.23平米 / 西北 东北 东南 / 普通窗 ; 过道 / 3.21平米 / 无 / 无窗 ; 门厅 / 9.8平米 / 东北 / 落地窗,
城市广场三期高楼层看水库、精装修五房诚心卖,"佳兆业中央广场三期 , 坂田",5室2厅,89平米,北,精装,46层,2016年,塔楼,598 万,67192 元,2,,,近地铁 | VR看装修,https://sz.lianjia.com/ershoufang/105118312513.html,地铁 | VR看装修,此房满五唯一、额外带一个储物间以及入户，高楼层看水库。,小区由佳兆业开发建设，是深圳本地比较由实力的开发商，自己的物业管理团队，24小时轮班值守。小区配套成熟。一共分六期开发，每一期的花园都独立分开，人车分流。举步天安云谷商务区，华为总部基地。,社区有自己的健身广场和花园，园林式社区。小区自带佳兆业商场，物业形态丰富，集住宅、酒店、公寓、写字楼于一体，小区旁边是天安云谷以及华为总部，49栋写字楼。,小区是挨着坂雪岗大道和坂澜大道，沿着坂雪岗大道可以去梅林关（去关内方向）、也可以转布龙路转南坪快速和水官高速，也可以从转贝尔路再转梅关高速，上坂澜大道。地铁是10号线雪象站和岗头站、直达福田口岸。,,,暂无数据,2024-09-18,商品房,普通住宅,暂无数据,非共有,有抵押 中信银行 业主自还,挂牌时间:2024-09-18 | 交易权属:商品房 | 上次交易:暂无数据 | 房屋用途:普通住宅 | 房屋年限:暂无数据 | 产权所属:非共有 | 抵押信息:有抵押 中信银行 业主自还 | 房本备件:未上传房本照片,客厅 / 27.72平米 / 北 / 落地窗 ; 书房 / 5.94平米 / 北 / 落地窗 ; 卧室A / 5.89平米 / 东 / 普通窗 ; 卧室B / 7.8平米 / 无 / 普通窗 ; 卧室C / 12.87平米 / 无 / 未知窗户类型 ; 卧室D / 7.55平米 / 无 / 未知窗户类型 ; 厨房 / 9.19平米 / 东 / 普通窗 ; 卫A / 3.85平米 / 无 / 未知窗户类型 ; 卫B / 3.29平米 / 无 / 未知窗户类型 ; 阳台A / 3.34平米 / 东 / 普通窗 ; 阳台B / 5.1平米 / 北 东 / 落地窗 ; 过道 / 5.01平米 / 无 / 无窗,
银湖山下精装三房 自住装修保养好 满五年,"诺德中央道 , 坂田",3室2厅,89.13平米,东南,,中楼层(共33层),2014年,板楼,430 万,48245 元,3,,,VR看装修,https://sz.lianjia.com/ershoufang/105115163735.html,VR看装修,此房满五年，保养好，看房方便，价格可以谈,中铁诺德秉承中铁诺德系一贯精工品质，为城市打造精品住宅。项目总占地约46000平米，总建筑面积约280000平米，规划住宅2000余套，共分4期开发，其中一期住宅600余套，户型为66-120平米2-4房。,楼下自带餐厅和便利店，能满足日常生活需求。坂田街道办200米，万科里购物广场680米，华润万家旭景佳园分店760米，坂田手造文化街1000米，650米处有银湖山郊野公园，还有钓鱼场，配套比较齐全。,"小区门口有公交站台，公交线路有B 742, M 300, M 221等，可到深圳北站，民治，平湖，清湖，福田高铁站。400米上坂雪岗大道，离地铁5号线杨美站1公里，坂田站1.3公里，1.3公里上布龙路，1.5公里上南坪快速和坂银通道，到福田很便捷。",,,暂无数据,2023-10-26,商品房,普通住宅,暂无数据,非共有,有抵押 370万元,挂牌时间:2023-10-26 | 交易权属:商品房 | 上次交易:暂无数据 | 房屋用途:普通住宅 | 房屋年限:暂无数据 | 产权所属:非共有 | 抵押信息:有抵押 370万元 | 房本备件:未上传房本照片,客厅 / 38.46平米 / 无 / 未知窗户类型 ; 卧室A / 13.01平米 / 南 / 普通窗 ; 卧室B / 7.69平米 / 无 / 未知窗户类型 ; 卧室C / 5.69平米 / 北 / 普通窗 ; 厨房 / 4.65平米 / 北 / 普通窗 ; 卫生间A / 4.13平米 / 无 / 未知窗户类型 ; 卫生间B / 3.8平米 / 无 / 未知窗户类型 ; 阳台A / 3.8平米 / 南 / 普通窗 ; 阳台B / 1.42平米 / 北 / 普通窗,
坂田地铁口精装单间公寓地铁100米,"德润荣君府 , 坂田",1室0厅,29.97平米,东南,精装,中楼层(共31层),2017年,板楼,137 万,45713 元,0,,,近地铁 | VR房源,https://sz.lianjia.com/ershoufang/105118434361.html,地铁 | VR房源,坂田地铁口精装单间公寓地铁100米,,"商场：楼下自带商场，万科广场，湾畔mall，cocopark
地铁：5号线坂田站在楼下
快速路：坂银通道，南坪快速，水官，珠三角环线高速",,,,暂无数据,2024-09-28,商品房,公寓,暂无数据,非共有,有抵押 70万元,挂牌时间:2024-09-28 | 交易权属:商品房 | 上次交易:暂无数据 | 房屋用途:公寓 | 房屋年限:暂无数据 | 产权所属:非共有 | 抵押信息:有抵押 70万元 | 房本备件:未上传房本照片,卧室 / 18.65平米 / 无 / 未知窗户类型 ; 卫生间 / 2.43平米 / 无 / 无窗,
高使用率三房  东北向看花园位置安静 业主诚心卖,"信义嘉御山5期 , 坂田",3室1厅,70.88平米,东北,精装,低楼层(共39层),2016年,塔楼,516 万,72800 元,0,,,VR看装修,https://sz.lianjia.com/ershoufang/105119131222.html,VR看装修,房子满五唯一 税费少 东北向看花园位置安静  装修保养好,2017年交房的次新房，楼栋为塔楼设计，本房为传统户型，直厅的格局。进门口边上的房间面积约十平，不计入产证面积，本小区设计为错层阳台，故本小区阳台飘窗面积不计入产证，使用率在99%以上。,小区下面自带底层店铺，开发商自持，目前已全部进驻，包括中西式餐饮、教育培训、婴幼儿用品，便利店及坂田天虹旗舰店，生活方便，小区内有幼儿园，家门口尽享优质生活，小区南侧是MIX City7层楼综合商心街区，有百佳华chao市，海底捞，麦当劳，星巴克等品..,开车出行：小区出来贝尔路可快速上G94梅关高速，坂雪岗大道上坂银通道直通福田南山。 地铁出行：10号线坂田北站，10号线5号线中转站五和站。 公交出行：里石排站，坂田市场站，坂田路口站，坂田路口北站,,,暂无数据,2024-12-06,商品房,普通住宅,暂无数据,非共有,有抵押 300万元 兴业银行 客户偿还,挂牌时间:2024-12-06 | 交易权属:商品房 | 上次交易:暂无数据 | 房屋用途:普通住宅 | 房屋年限:暂无数据 | 产权所属:非共有 | 抵押信息:有抵押 300万元 兴业银行 客户偿还 | 房本备件:未上传房本照片,客厅 / 25.73平米 / 东北 / 落地窗 ; 卧室A / 12.03平米 / 无 / 未知窗户类型 ; 卧室B / 7.25平米 / 西北 / 普通窗 ; 卧室C / 9.03平米 / 东北 / 普通窗 ; 厨房 / 3.4平米 / 西北 / 普通窗 ; 卫 / 3.77平米 / 西南 / 普通窗 ; 阳台A / 3.79平米 / 西北 东北 东南 / 普通窗 ; 阳台B / 1.38平米 / 西北 / 普通窗 ; 过道 / 2.57平米 / 无 / 无窗,
安静次新房，近地铁高层三房，东南朝南卧，精装修,"信义嘉御山5期 , 坂田",3室1厅,72.64平米,东南,精装,高楼层(共39层),2016年,塔楼,550 万,75716 元,3,,,VR看装修,https://sz.lianjia.com/ershoufang/105117051011.html,VR看装修,此房东南向高楼层看花园位置安静，自住保养好。,,小区下面自带底层店铺，开发商自持，目前已全部进驻，包括中西式餐饮、教育培训、婴幼儿用品，便利店及坂田天虹旗舰店，生活方便，小区内有幼儿园，家门口尽享优质生活，小区南侧是MIX City7层楼综合商心街区，有百佳华chao市，海底捞，麦当劳，星巴克等..,开车出行：小区出来贝尔路可快速上G94梅关高速，坂雪岗大道上坂银通道直通福田南山。 地铁出行：10号线坂田北站，10号线5号线中转站五和站。 公交出行：里石排站，坂田市场站，坂田路口站，坂田路口北站等,,,暂无数据,2024-05-21,商品房,普通住宅,暂无数据,非共有,有抵押 200万元 客户偿还,挂牌时间:2024-05-21 | 交易权属:商品房 | 上次交易:暂无数据 | 房屋用途:普通住宅 | 房屋年限:暂无数据 | 产权所属:非共有 | 抵押信息:有抵押 200万元 客户偿还 | 房本备件:未上传房本照片,客厅 / 28.54平米 / 无 / 未知窗户类型 ; 卧室A / 9.1平米 / 西南 / 普通窗 ; 卧室B / 8.04平米 / 西南 / 普通窗 ; 卧室C / 11.07平米 / 无 / 未知窗户类型 ; 厨房 / 3.94平米 / 西南 / 普通窗 ; 卫 / 3.63平米 / 无 / 普通窗 ; 阳台A / 1.98平米 / 西南 / 普通窗 ; 阳台B / 4.03平米 / 东北 南 / 落地窗,
地铁口物业 满五年红本在手 业主诚心出售,"台湾花园 , 坂田",3室2厅,87.21平米,南 北,简装,中楼层(共7层),1993年,板塔结合,268 万,30731 元,34,,,近地铁 | VR看装修 | 房本满五年 | 随时看房,https://sz.lianjia.com/ershoufang/105107267045.html,地铁 | VR看装修 | 房本满五年 | 随时看房,此房满五年，红本在手，一梯两户，南北通透，业主诚心出售,,小区旁边就是坂田市场，买菜购物方便，小区的南面一路之隔是坂田市场，有餐饮、购物、影院、娱乐一条龙。在西边的吉华路和五和大道交汇处是坂田天虹旗舰店，银行、培训机构、餐饮、购物等一应俱全。,小区楼下80米就是地铁十号线（坂田北站），可以直达福田口岸。,,,2011-05-11,2021-05-09,商品房,普通住宅,满五年,非共有,无抵押,挂牌时间:2021-05-09 | 交易权属:商品房 | 上次交易:2011-05-11 | 房屋用途:普通住宅 | 房屋年限:满五年 | 产权所属:非共有 | 抵押信息:无抵押 | 房本备件:已上传房本照片,客厅 / 26.81平米 / 西北 / 普通窗 ; 卧室A / 8.87平米 / 东南 / 普通窗 ; 卧室B / 5.13平米 / 无 / 无窗 ; 卧室C / 10.99平米 / 西北 / 普通窗 ; 厨房 / 7.19平米 / 东南 / 普通窗 ; 卫生间 / 3.47平米 / 东南 / 普通窗 ; 阳台 / 4.12平米 / 西南 北 西北 / 普通窗 ; 门厅 / 1.6平米 / 无 / 无窗,
地铁口物业 小高层带电梯 和广东省实验校为邻刚需正好,"高发悦驰苑 , 坂田",2室1厅,67.69平米,东南,,中楼层(共6层),2015年,板楼,238 万,35161 元,9,,,近地铁 | VR看装修,https://sz.lianjia.com/ershoufang/105118591865.html,地铁 | VR看装修,地铁口物业 和公园对望 和广东省实验校为邻刚需正好,小区2015年建设的次新小区，总层高6楼，有电梯。 小区不大，一共两栋,,小区距离地铁10号线雪象站400米左右，位于坂澜大道上，往南去梅林关（去关内方向）、也可以转布龙路转南坪快速和水官高速，也可以从转贝尔路再转梅关高速，上坂澜大道可以去观澜也可以去平湖。高速交通：梅观高速、清平高速、坂雪岗大道、南坪快速,,,暂无数据,2024-10-15,商品房,普通住宅,暂无数据,非共有,有抵押,挂牌时间:2024-10-15 | 交易权属:商品房 | 上次交易:暂无数据 | 房屋用途:普通住宅 | 房屋年限:暂无数据 | 产权所属:非共有 | 抵押信息:有抵押 | 房本备件:未上传房本照片,客厅 / 18.69平米 / 西南 / 普通窗 ; 卧室A / 9.93平米 / 无 / 未知窗户类型 ; 卧室B / 9.79平米 / 西南 / 落地窗 ; 厨房 / 4.76平米 / 东北 / 普通窗 ; 卫 / 4.46平米 / 东北 / 普通窗 ; 阳台 / 2.9平米 / 西南 / 普通窗,
坂田地铁口4房，满五税费少，户型方正实用率高,"德润荣君府 , 坂田",4室2厅,89.83平米,南,,低楼层(共39层),2017年,板楼,533 万,59335 元,10,,,近地铁 | VR房源 | 房本满五年 | 随时看房,https://sz.lianjia.com/ershoufang/105118357461.html,地铁 | VR房源 | 房本满五年 | 随时看房,坂田地铁口交通方便，满五税费少，户型方正实用率高,2017年底交房的次新小区，全电梯高层，共7栋，由住宅和公寓（1栋）组成，合围起来楼下有花园和泳池，可供休憩玩耍。自带上千平商ye配套，日常基本生活需求能得到满足，地下3层停车库，1：1配置，再也不用担心停车的问题了。,楼下自带幼稚园、5千㎡底商。布龙路以北万科十几万㎡商写综合体建设中，西侧在建华侨城住宅、幼儿园及和美外国语项目（30班1500位置）。距小区1km有两万㎡万科里。2km内有阳光湾畔、8号仓、坂田天虹等商场。北为坂田医院,5号线坂田地铁口大约700米，去宝安或者罗湖都很方便。 小区门口就是公交站； 小区前面是坂雪岗大道和布龙路，自驾的话，1千米内可以上南坪快速，再走水官高速到龙岗，梅观高速到观澜和东莞，或者经梅林关，新彩隧道进福田，罗湖和南山都很方便。,,,2017-01-01,2024-09-21,商品房,普通住宅,满五年,非共有,有抵押 220万元,挂牌时间:2024-09-21 | 交易权属:商品房 | 上次交易:2017-01-01 | 房屋用途:普通住宅 | 房屋年限:满五年 | 产权所属:非共有 | 抵押信息:有抵押 220万元 | 房本备件:已上传房本照片,客厅 / 30.62平米 / 西南 东北 / 普通窗 ; 卧室A / 11.08平米 / 无 / 未知窗户类型 ; 卧室B / 7.24平米 / 无 / 未知窗户类型 ; 卧室C / 6.53平米 / 无 / 未知窗户类型 ; 厨房 / 5.82平米 / 西南 / 普通窗 ; 卫生间A / 3.7平米 / 无 / 未知窗户类型 ; 卫生间B / 3.66平米 / 无 / 未知窗户类型 ; 阳台 / 3.88平米 / 西南 / 普通窗 ; 储物间 / 6.5平米 / 无 / 未知窗户类型,
嘉御山四房两卫诚心出售带储物间,"信义嘉御山5期 , 坂田",4室2厅,89平米,西南 南,精装,低楼层(共39层),2016年,塔楼,622 万,69888 元,3,,,VR看装修 | 房本满五年,https://sz.lianjia.com/ershoufang/105114567247.html,VR看装修 | 房本满五年,此房满五年免增值税；阳台正出朝南视野开阔日照时间长，保养好,,小区花园大 人车分流，两层地下停车场；楼下就是科技城外国语 ；佳华MAXCITY商场和坂田天虹 营业面积过十万平,,,业主是一手买来过的，房子状况挺不错的，产权满五年 免增值税。,2016-02-05,2023-08-20,商品房,普通住宅,满五年,非共有,有抵押 285万元 农业银行 客户偿还,挂牌时间:2023-08-20 | 交易权属:商品房 | 上次交易:2016-02-05 | 房屋用途:普通住宅 | 房屋年限:满五年 | 产权所属:非共有 | 抵押信息:有抵押 285万元 农业银行 客户偿还 | 房本备件:已上传房本照片,客厅 / 10.66平米 / 无 / 无窗 ; 卧室A / 9.25平米 / 东南 / 普通窗 ; 卧室B / 5.87平米 / 东北 东南 / 普通窗 ; 卧室C / 13.9平米 / 无 / 未知窗户类型 ; 卧室D / 9.26平米 / 无 / 未知窗户类型 ; 厨房 / 4.6平米 / 东南 / 普通窗 ; 卫A / 3.62平米 / 无 / 普通窗 ; 卫B / 4.31平米 / 无 / 未知窗户类型 ; 阳台 / 2.06平米 / 东南 / 普通窗 ; 储物间 / 17.1平米 / 西南 东南 / 落地窗 ; 过道 / 3.15平米 / 无 / 无窗 ; 门厅 / 6.34平米 / 无 / 无窗 ; 衣帽间 / 5.76平米 / 东南 / 普通窗,
精装复式两房  看房方便 楼下就是地铁口,"华创云轩 , 坂田",2室1厅,25.57平米,北,精装,20层,2018年,塔楼,116 万,45366 元,0,,,近地铁,https://sz.lianjia.com/ershoufang/105120483798.html,地铁,此房业主诚心出售 四米五层高精装复式，门口10号线地铁口物业,华创云轩占地面积：12553平方米 共2栋，其中A栋20层，B栋21层 小区有地下停车场车位充足，有四层商场，4楼为空中花园。,有万科城风情购物街、天虹商场、坂田购物广场，天安云谷大型商场，百佳华商场。,华创云轩位于深圳市龙岗区坂雪岗科技城， 华为总部基地，交通便利，梅观高速、南坪快速、坂雪岗大道等交通，坂银隧道也通车了，去往罗湖福田很便利，10号线的华为站就在楼下20米处。,,,暂无数据,2025-04-21,商品房,商业办公类,暂无数据,非共有,无抵押,挂牌时间:2025-04-21 | 交易权属:商品房 | 上次交易:暂无数据 | 房屋用途:商业办公类 | 房屋年限:暂无数据 | 产权所属:非共有 | 抵押信息:无抵押 | 房本备件:未上传房本照片,客厅 / 12.95平米 / 北 / 落地窗 ; 卧室A / 6.29平米 / 无 / 未知窗户类型 ; 卧室B / 5.67平米 / 南 / 普通窗 ; 厨房 / 3.39平米 / 南 / 普通窗 ; 卫 / 2.09平米 / 无 / 无窗 ; 过道 / 3.71平米 / 无 / 无窗,
此房子唯一位置安静  看花园  全新装修 保养好,"联发天境雅居 , 坂田",3室2厅,88.83平米,东南,精装,低楼层(共31层),,塔楼,530 万,59665 元,0,,,VR看装修,https://sz.lianjia.com/ershoufang/105120265377.html,VR看装修,此房子唯一位置安静  看花园  全新装修 保养好,联发·天境雅居临地铁10号线华为站，占地面积由拥有38年开发建设经验的国企联发打造。位于“坂雪岗科技城”片区，是全市中部发展轴的核位置轴，片区已有300+国家高新企业进驻、约精英人才聚集。,,人文配套：坂田国际艺术（在建中）、云里梦想乐园。 自然配套：山公园、樟坑径郊野公园、银湖山郊野公园、甘坑水库等公园,,,暂无数据,2025-04-01,商品房,普通住宅,暂无数据,非共有,有抵押,挂牌时间:2025-04-01 | 交易权属:商品房 | 上次交易:暂无数据 | 房屋用途:普通住宅 | 房屋年限:暂无数据 | 产权所属:非共有 | 抵押信息:有抵押 | 房本备件:未上传房本照片,客厅 / 22.09平米 / 西南 / 普通窗 ; 卧室01 / 8.88平米 / 无 / 未知窗户类型 ; 卧室02 / 13.24平米 / 无 / 未知窗户类型 ; 卧室03 / 7.01平米 / 无 / 未知窗户类型 ; 厨房 / 6.02平米 / 东南 / 普通窗 ; 卫01 / 3.67平米 / 东南 / 普通窗 ; 卫02 / 3.69平米 / 东北 / 普通窗 ; 阳台 / 4.61平米 / 西南 东南 / 普通窗 ; 过道 / 2.88平米 / 无 / 无窗,
佳华领汇广场king公馆 1室1厅 东,"佳华领汇广场king公馆 , 坂田",1室1厅,35.51平米,东,精装,中楼层(共22层),2017年,塔楼,158 万,44495 元,1,,,近地铁 | VR房源,https://sz.lianjia.com/ershoufang/105120316620.html,地铁 | VR房源,,,,,,,暂无数据,2025-04-07,商品房,商务公寓,暂无数据,非共有,有抵押 60万元 上海银行 客户偿还,挂牌时间:2025-04-07 | 交易权属:商品房 | 上次交易:暂无数据 | 房屋用途:商务公寓 | 房屋年限:暂无数据 | 产权所属:非共有 | 抵押信息:有抵押 60万元 上海银行 客户偿还 | 房本备件:未上传房本照片,客厅 / 13.83平米 / 北 / 落地窗 ; 卧室 / 12.41平米 / 无 / 无窗 ; 厨房 / 4平米 / 北 / 普通窗 ; 卫 / 2.93平米 / 无 / 无窗,
地铁口公园旁次新小区3＋2户型 满5急售,"佳兆业城市广场五期 , 坂田",3室2厅,91.34平米,西北,精装,中楼层(共43层),2019年,板楼,515 万,56383 元,0,,,近地铁 | VR看装修,https://sz.lianjia.com/ershoufang/105121451234.html,地铁 | VR看装修,此房满5不唯一 带入户和储物间 高楼层 视野开阔,小区围合式园林，带5层地下停车场，车位充足，2021年入伙，次新小区；,,出门即是十号线地铁口雪象站，步行可达，小区门口还有公交站台，出行便捷；,,,暂无数据,2025-07-15,商品房,普通住宅,暂无数据,非共有,有抵押 210万元 中国银行 客户偿还,挂牌时间:2025-07-15 | 交易权属:商品房 | 上次交易:暂无数据 | 房屋用途:普通住宅 | 房屋年限:暂无数据 | 产权所属:非共有 | 抵押信息:有抵押 210万元 中国银行 客户偿还 | 房本备件:未上传房本照片,客厅 / 25.86平米 / 东北 / 落地窗 ; 卧室A / 6.94平米 / 无 / 普通窗 ; 卧室B / 12.12平米 / 无 / 未知窗户类型 ; 卧室C / 7.95平米 / 无 / 未知窗户类型 ; 厨房 / 5.93平米 / 西北 / 普通窗 ; 卫A / 3.84平米 / 无 / 未知窗户类型 ; 卫B / 4.54平米 / 无 / 未知窗户类型 ; 阳台A / 5.19平米 / 西北 / 普通窗 ; 阳台B / 3.64平米 / 西北 东北 / 普通窗 ; 储物间 / 6.11平米 / 西北 / 普通窗 ; 过道 / 3.19平米 / 无 / 无窗,
5号线坂田地铁口100米，坂银首站，次新房，电梯三房,"德润荣君府 , 坂田",3室2厅,89平米,南,,低楼层(共36层),2008年,板楼,600 万,67416 元,2,,,近地铁 | VR看装修,https://sz.lianjia.com/ershoufang/105116812502.html,地铁 | VR看装修,5号线坂田地铁口100米，坂银首站，次新房，电梯三房，车位充足。,2017年底交房的次新小区，全电梯高层，共7栋，由住宅和公寓（1栋）组成，合围起来楼下有花园和泳池，可供休憩玩耍。自带上千平商-业配套，日常基本生活需求能得到满足，地下3层停车库，人车分流，1：1配置。,小区200米有坂田医院，2公里内有阳光湾畔，坂田天虹，8号仓，星河cocopark大型商场，目前小区200米还有100000平万科大型商场在正在修建。,5号线坂田地铁口大约100米，去宝安或者罗湖都很方便。 小区门口就是公交站； 小区前面是坂雪岗大道和布龙路，自驾的话，1千米内可以上南坪快速，再走水官高速到龙岗，梅观高速到观澜和东莞，或者经梅林关，新彩隧道进福田，罗湖和南山都很方便。,,,暂无数据,2024-04-26,商品房,普通住宅,暂无数据,非共有,无抵押,挂牌时间:2024-04-26 | 交易权属:商品房 | 上次交易:暂无数据 | 房屋用途:普通住宅 | 房屋年限:暂无数据 | 产权所属:非共有 | 抵押信息:无抵押 | 房本备件:未上传房本照片,客厅 / 24.37平米 / 南 / 落地窗 ; 卧室A / 11.39平米 / 无 / 未知窗户类型 ; 卧室B / 9.05平米 / 无 / 未知窗户类型 ; 厨房 / 5.4平米 / 东 / 普通窗 ; 卫A / 3.65平米 / 无 / 未知窗户类型 ; 卫B / 3.96平米 / 无 / 普通窗 ; 阳台A / 4.14平米 / 南 / 落地窗 ; 阳台B / 2.56平米 / 东 / 普通窗 ; 过道 / 3.08平米 / 无 / 无窗 ; 衣帽间 / 9.65平米 / 无 / 未知窗户类型,
地铁口精装复式2房 70年产权,"嘉霖华禧 , 坂田",2室2厅,64.21平米,西南,精装,中楼层(共7层),2017年,板楼,268 万,41739 元,0,,,近地铁 | VR房源 | 随时看房,https://sz.lianjia.com/ershoufang/105118470958.html,地铁 | VR房源 | 随时看房,此房红本满5年，精装修，诚心出售,,出门即是十号线地铁口雪象站，步行可达，旁边还有雪竹径公园、坂田文体大楼等；,,,,暂无数据,2024-10-02,商品房,商务公寓,暂无数据,非共有,无抵押,挂牌时间:2024-10-02 | 交易权属:商品房 | 上次交易:暂无数据 | 房屋用途:商务公寓 | 房屋年限:暂无数据 | 产权所属:非共有 | 抵押信息:无抵押 | 房本备件:未上传房本照片,客厅 / 29.37平米 / 西南 / 普通窗 ; 卧室A / 17.3平米 / 东北 / 落地窗 ; 卧室B / 5.81平米 / 无 / 无窗 ; 厨房 / 4.63平米 / 东北 / 普通窗 ; 卫A / 2.63平米 / 无 / 无窗 ; 卫B / 3.92平米 / 无 / 无窗 ; 阳台 / 1.62平米 / 西南 / 普通窗 ; 过道 / 5.4平米 / 无 / 无窗,
佳华领汇广场 4室1厅 东南,"佳华领汇广场 , 坂田",4室1厅,88.8平米,东南,,低楼层(共32层),2016年,塔楼,590 万,66442 元,1,,,近地铁 | VR房源,https://sz.lianjia.com/ershoufang/105118837946.html,地铁 | VR房源,,,,,,,暂无数据,2024-11-07,商品房,普通住宅,暂无数据,非共有,有抵押 580万元 南粤银行 金融公司垫资,挂牌时间:2024-11-07 | 交易权属:商品房 | 上次交易:暂无数据 | 房屋用途:普通住宅 | 房屋年限:暂无数据 | 产权所属:非共有 | 抵押信息:有抵押 580万元 南粤银行 金融公司垫资 | 房本备件:未上传房本照片,客厅 / 31.14平米 / 无 / 未知窗户类型 ; 卧室A / 12.82平米 / 无 / 未知窗户类型 ; 卧室B / 8.56平米 / 西北 / 落地窗 ; 卧室C / 5.3平米 / 无 / 未知窗户类型 ; 卧室D / 6.84平米 / 西北 / 落地窗 ; 厨房 / 6.51平米 / 西北 / 普通窗 ; 卫A / 4.27平米 / 西南 / 落地窗 ; 卫B / 3.74平米 / 西南 / 落地窗 ; 阳台 / 5.39平米 / 西南 东北 东南 / 普通窗,
10号线地铁口，星河电梯南向，精装修大五房三卫，安静,"星河银湖谷 , 坂田",5室2厅,189.02平米,南,,低楼层(共47层),2016年,板塔结合,1888 万,99884 元,0,,,VR房源,https://sz.lianjia.com/ershoufang/105119463609.html,VR房源,10号线地铁口，星河电梯南向，精装修大五房三卫，安静,星河WORLD银湖谷住宅，拥有5500㎡园林和泳池，人车分流的规划设计，港式入户大堂，览山阅湖景视野。商务楼群，集300米高层双子塔地和生态写字楼于一体，是金融产业、高新科技、创新产业的总部型经济聚集地,梅林关口，深圳北站商圈，片区交通不断完善，27年星河匠心集大成之作，自持运营大量物业，星河斥巨资打造航母级综合体，万亿园区产业助力持续。,10号线雅宝站100米左右。南平快速延长线，新彩隧道，坂银隧道，梅关高速，五大交通便捷到到达深圳各区。 坂银遂道已经通车去往罗湖福田近,,,暂无数据,2025-01-11,商品房,普通住宅,暂无数据,非共有,有抵押,挂牌时间:2025-01-11 | 交易权属:商品房 | 上次交易:暂无数据 | 房屋用途:普通住宅 | 房屋年限:暂无数据 | 产权所属:非共有 | 抵押信息:有抵押 | 房本备件:未上传房本照片,客厅 / 56.72平米 / 无 / 未知窗户类型 ; 卧室A / 10.62平米 / 无 / 未知窗户类型 ; 卧室B / 15.86平米 / 西北 / 落地窗 ; 卧室C / 26.11平米 / 无 / 未知窗户类型 ; 卧室D / 9.16平米 / 无 / 未知窗户类型 ; 卧室E / 12.47平米 / 东南 / 落地窗 ; 厨房 / 8.44平米 / 西北 / 普通窗 ; 卫生间A / 5.71平米 / 无 / 未知窗户类型 ; 卫生间B / 5.79平米 / 无 / 未知窗户类型 ; 卫生间C / 8.09平米 / 无 / 未知窗户类型 ; 阳台A / 3.49平米 / 西南 西北 东北 / 普通窗 ; 阳台B / 7.6平米 / 西南 东北 东南 / 普通窗 ; 过道 / 8.42平米 / 无 / 无窗,
10号线雅园站700米，顶楼复式，红本，看花园，安静,"中海月朗苑 , 坂田",5室2厅,136.85平米,南 北,,高楼层(共11层),2006年,板楼,1200 万,87688 元,3,,,近地铁 | VR房源,https://sz.lianjia.com/ershoufang/105116842671.html,地铁 | VR房源,10号线雅园站700米，顶楼复式，红本，南北均看花园，安静，满五,中海月朗苑项目位于深圳市龙岗区布吉坂田南，中海物业，距梅林关口约4公里（来自百度地图），上南坪快速很便捷，用地基本为矩形，住宅楼型为多层，小高层，高层相结合，拥有近20000平方米的花园，小区完全人车分流，展现一种宽适、自然、休闲、的生活氛围。,本小区位于万科第五园旁边，尽享万科配套，自身带商-业，小区北门100平有平方chao市，可以解决日常所需，200米可以到坂田手造文化街，800米到8号仓购物广场,小区门口就有公交站，M572、393、M155、M300、612、高峰37路等、西边五和大道接梅观高速，交通便利，地铁10号线雅园站700米，坂银隧道直通福田笋岗路与北环大道，小区东边坂雪岗大道接南坪快速/坂银通道，西边五和大道接梅观高速，交通便利。,,,暂无数据,2024-04-30,商品房,普通住宅,暂无数据,非共有,无抵押,挂牌时间:2024-04-30 | 交易权属:商品房 | 上次交易:暂无数据 | 房屋用途:普通住宅 | 房屋年限:暂无数据 | 产权所属:非共有 | 抵押信息:无抵押 | 房本备件:未上传房本照片,客厅 / 64.46平米 / 无 / 未知窗户类型 ; 卧室A / 11.85平米 / 无 / 未知窗户类型 ; 卧室B / 7.92平米 / 无 / 未知窗户类型 ; 卧室C / 8.71平米 / 无 / 未知窗户类型 ; 卧室D / 23.85平米 / 无 / 未知窗户类型 ; 卧室E / 15.93平米 / 无 / 未知窗户类型 ; 卫生间A / 5.81平米 / 无 / 未知窗户类型 ; 卫生间B / 4.06平米 / 无 / 未知窗户类型 ; 阳台 / 7.18平米 / 西 北 东 / 普通窗 ; 储物间 / 7.43平米 / 北 / 普通窗 ; 过道 / 15.91平米 / 无 / 无窗,
满五唯一税费少，中高层，看花园视野开阔、采光好,"信义嘉御山 , 坂田",2室1厅,68.58平米,东南,,中楼层(共27层),2015年,板塔结合,500 万,72908 元,0,,,近地铁 | VR看装修,https://sz.lianjia.com/ershoufang/105115687788.html,地铁 | VR看装修,满五唯一税费少，中高层，看花园视野开阔、采光好,信义嘉御豪园分三期开发，占地近100000平米，建面400000平，共3008户。2013-2015年底交房，小区内有泳池，配套有公里龙岗机关幼儿园，户型多样，66平-77平，方正通透的两房；83-88平，朝南或南北的三房户型；85平 复式 四房三卫；117-217平 改善大户型。,信义嘉御山是坂田新的大社区的，小区一共有8期，目前1-5期已经交房入住，坂田双地铁口的大盘，一期楼下有天虹商场，有星巴克，KFC，面点王，健身会所，SAP等配套成熟，还开了佳华商场MAX.CITY有海底捞，探鱼等餐饮名店 各大银行围绕小区、旁边有大企华为,双地铁10号线、5号线地铁，到深圳北站两个地铁站，信义嘉御山小区采用人车分流，绿化面积大，24小时封闭物业管理，居住环境舒适。,,,暂无数据,2023-12-24,商品房,普通住宅,暂无数据,非共有,无抵押,挂牌时间:2023-12-24 | 交易权属:商品房 | 上次交易:暂无数据 | 房屋用途:普通住宅 | 房屋年限:暂无数据 | 产权所属:非共有 | 抵押信息:无抵押 | 房本备件:未上传房本照片,客厅 / 27.66平米 / 无 / 未知窗户类型 ; 卧室A / 12.98平米 / 东南 / 普通窗 ; 卧室B / 12.1平米 / 无 / 未知窗户类型 ; 厨房 / 4.66平米 / 无 / 未知窗户类型 ; 卫 / 4.08平米 / 无 / 未知窗户类型 ; 阳台 / 7.47平米 / 西南 东北 东南 / 普通窗,
佳兆业城市广场五期，朝南3+1，中间楼层，看花园,"佳兆业城市广场五期 , 坂田",3室2厅,90.15平米,南 北,精装,低楼层(共43层),2019年,板楼,580 万,64338 元,0,,,近地铁 | VR看装修 | 房本满五年,https://sz.lianjia.com/ershoufang/105117369451.html,地铁 | VR看装修 | 房本满五年,"21年交房的次新小区，南北通透，3+1户型,使用率高,做二次精装",总共分为6期10000户的大盘，总占地约300000，建面约1800000平米。3个幼儿园，150000平米综合MALL，万豪酒店（六期项目）,新社区，人车分流，24小时保安轮流值班，园林式社区。占地约300000平，建面约1800000平米，依托高新技术产业园，佳兆业城市广场物业形态丰富，集住宅、酒店于一体，小区左边是天安云谷、华为总部。,地铁10号线：岗头~雪象站口，项目是靠着坂雪岗大道和坂澜大道，沿着坂雪岗大道可以去梅林关，也可以转布龙路转南坪快速和水官高速，也可以从转贝尔路再转梅关高速，上坂澜大道可以去观澜也可以去平湖。高速交通：梅观高速、清平高速、坂雪岗大道。,,,2018-03-15,2024-06-22,商品房,普通住宅,满五年,非共有,有抵押 286万元 建行 客户偿还,挂牌时间:2024-06-22 | 交易权属:商品房 | 上次交易:2018-03-15 | 房屋用途:普通住宅 | 房屋年限:满五年 | 产权所属:非共有 | 抵押信息:有抵押 286万元 建行 客户偿还 | 房本备件:已上传房本照片,客厅 / 25.82平米 / 东北 / 落地窗 ; 卧室A / 7.76平米 / 无 / 未知窗户类型 ; 卧室B / 12.12平米 / 无 / 未知窗户类型 ; 卧室C / 6.92平米 / 无 / 落地窗 ; 厨房 / 5.64平米 / 东南 / 落地窗 ; 卫A / 4.4平米 / 无 / 未知窗户类型 ; 卫B / 4.28平米 / 无 / 未知窗户类型 ; 阳台A / 3.65平米 / 东 / 落地窗 ; 阳台B / 5.31平米 / 东南 / 落地窗 ; 储物间 / 6.22平米 / 东南 / 普通窗 ; 过道 / 3.35平米 / 无 / 无窗,
星河银湖谷 安静视野佳 好楼层 次新房 双子塔一路之隔,"星河银湖谷 , 坂田",4室2厅,88.83平米,东南,精装,低楼层(共47层),2016年,板塔结合,715 万,80491 元,0,,,VR看装修 | 随时看房,https://sz.lianjia.com/ershoufang/105120452855.html,VR看装修 | 随时看房,此房看花园满五年 家庭不唯一住房 ，看小区花园，保养好,星河银湖谷住宅小区共7栋，玻璃外观和干挂陶板立面，有园林和泳池，人车分流的规划设计，港式入户大堂，览山阅湖景视野。星河双子塔、星河生态综合体、星河雅宝山体公园和星河圣境庙堂于一体，湖光山水，共享舒适生活！,,出行便利，10号线雅宝站离小区200米左右。直通南坪快速，新彩隧道，坂银隧道，梅关高速，五大交通便捷到到达深圳各区， 坂银遂道去往罗湖福田南山都方便。,,,暂无数据,2025-04-18,商品房,普通住宅,暂无数据,共有,有抵押 400 金融公司垫资,挂牌时间:2025-04-18 | 交易权属:商品房 | 上次交易:暂无数据 | 房屋用途:普通住宅 | 房屋年限:暂无数据 | 产权所属:共有 | 抵押信息:有抵押 400 金融公司垫资 | 房本备件:未上传房本照片,客厅 / 29.92平米 / 北 / 普通窗 ; 卧室01 / 7.44平米 / 北 / 落地窗 ; 卧室02 / 14.49平米 / 北 / 落地窗 ; 卧室03 / 9.99平米 / 北 / 落地窗 ; 厨房 / 6.54平米 / 北 / 普通窗 ; 卫01 / 3.91平米 / 无 / 无窗 ; 卫02 / 3.98平米 / 北 / 落地窗 ; 阳台 / 5.7平米 / 北 / 普通窗 ; 衣帽间 / 5.75平米 / 北 / 落地窗,
德润荣君府 4室2厅 南 北,"德润荣君府 , 坂田",4室2厅,89.83平米,南 北,精装,中楼层(共39层),2017年,板楼,600 万,66793 元,0,,30天以前发布,近地铁 | VR看装修 | 房本满五年,https://sz.lianjia.com/ershoufang/105122059714.html,地铁 | VR看装修 | 房本满五年,,,,,,,2018-10-25,2025-09-08,商品房,普通住宅,满五年,非共有,有抵押,挂牌时间:2025-09-08 | 交易权属:商品房 | 上次交易:2018-10-25 | 房屋用途:普通住宅 | 房屋年限:满五年 | 产权所属:非共有 | 抵押信息:有抵押 | 房本备件:已上传房本照片,客厅 / 30.63平米 / 北 南 / 普通窗 ; 卧室A / 11.37平米 / 无 / 未知窗户类型 ; 卧室B / 6.82平米 / 无 / 未知窗户类型 ; 卧室C / 7.56平米 / 无 / 未知窗户类型 ; 卧室D / 6.5平米 / 无 / 未知窗户类型 ; 厨房 / 5.87平米 / 南 / 普通窗 ; 卫A / 3.66平米 / 无 / 未知窗户类型 ; 卫B / 3.78平米 / 无 / 未知窗户类型 ; 阳台 / 4.04平米 / 南 / 普通窗,
段经理推荐银湖山一房 装修保养好 业主换房诚心出售,"万科第五园三期 , 坂田",1室1厅,39.5平米,北,,低楼层(共15层),2007年,塔楼,226 万,57216 元,1,,,近地铁 | VR房源,https://sz.lianjia.com/ershoufang/105116826912.html,地铁 | VR房源,"坂银南坪门户,0灯位上坂银南坪通达福田南山,万科物业,正南大阳台",万科·第五园徽派建筑元素和晋派建筑元素风格，将传统与现代、中式与西式很好地嫁接和结合，营造出适合中国人居住的传统居住环境，个性的白墙黛瓦、变通的小窗、细纹的墙脚、清砖的步行道、密集的青竹林、天井绿化、不可窥视镂空墙、通而不透的屏风。,自带21000平商.业，现有链家、钱大妈、星巴克、爱上饭、缪氏川菜、乐期餐厅等进驻，附.近有坂田国际中.心、坂田手造文化街、星河Cocopark、奥特莱斯等；文体：6500㎡运动公园，包含5个泳池、10个羽毛球场、2个篮球场，1个网球场。,轨道交通：地铁5号线坂田站A出口1公里，地铁10号线雅园站750米；交通干线：500米坂银通道、南坪快速，布龙路、坂雪岗大道、五和大道、梅关高速、清平高速、水官高速、沈海高速等。距五园幼儿园公交站200米（此数据来源于百度地图）。,,,暂无数据,2024-04-28,商品房,普通住宅,暂无数据,非共有,有抵押 130万元,挂牌时间:2024-04-28 | 交易权属:商品房 | 上次交易:暂无数据 | 房屋用途:普通住宅 | 房屋年限:暂无数据 | 产权所属:非共有 | 抵押信息:有抵押 130万元 | 房本备件:未上传房本照片,卧室 / 22平米 / 西 北 / 落地窗 ; 厨房 / 4.32平米 / 北 / 普通窗 ; 卫生间 / 2.8平米 / 北 / 普通窗 ; 阳台 / 5.91平米 / 西 北 南 / 普通窗,
10号线雅园站，南向电梯3房，满五，红本，看花园,"阳光第五季 , 坂田",3室2厅,94.53平米,南,,低楼层(共17层),2008年,板塔结合,498 万,52682 元,3,,,近地铁 | VR房源,https://sz.lianjia.com/ershoufang/105118305009.html,地铁 | VR房源,10号线雅园站，南向电梯3房，满五，红本，看花园,阳光第五季位于坂田五和大道旁，万科四季花城南侧，小区占地17314㎡，建筑面积48480㎡，由两栋11层两栋17层的小高层组成，计488套单位。主要面向年轻人士定位，主力户型在70㎡－108㎡，结构合理，布局实用，地铁口物业，金地物管。,距离小区200米处有一个大型的8号仓奥特莱斯购物广场，阳光湾畔购物距离小区150米，坂田医院距离小区1000米，离坂田天虹1500米。 2公里范围内有坂田手造文化街、星河cococity、佳华maxcit购物广场、银湖山脉森林公园群。,楼下100米就是10号线雅园站地铁口，直达福田口岸；900米达到五和地铁站 可以换乘5号线至宝安/前海 梅观高速上下口也是在1千米范围内，开车到福田南山 也很便利。,,,暂无数据,2024-09-16,商品房,普通住宅,暂无数据,非共有,无抵押,挂牌时间:2024-09-16 | 交易权属:商品房 | 上次交易:暂无数据 | 房屋用途:普通住宅 | 房屋年限:暂无数据 | 产权所属:非共有 | 抵押信息:无抵押 | 房本备件:未上传房本照片,客厅 / 31.69平米 / 无 / 未知窗户类型 ; 卧室A / 9.21平米 / 无 / 未知窗户类型 ; 卧室B / 12.44平米 / 无 / 未知窗户类型 ; 卧室C / 7.83平米 / 南 / 普通窗 ; 厨房 / 4.28平米 / 西 / 普通窗 ; 卫A / 3.1平米 / 东 / 普通窗 ; 卫B / 3.46平米 / 西 / 普通窗 ; 阳台A / 1.87平米 / 西 / 普通窗 ; 阳台B / 3.98平米 / 西 南 / 普通窗,
朝南看花园位置安静业主诚意出售！,"华晖瑞禧 , 坂田",3室2厅,99.95平米,南,,中楼层(共43层),2020年,塔楼,530 万,53027 元,2,,,近地铁 | VR看装修,https://sz.lianjia.com/ershoufang/105116217174.html,地铁 | VR看装修,房子属于业主自住的装修保养好，买来可直接拎包入住！,2020年次新小区，小区位于银湖山1公里处，距鸡公山隧道1.5公里，方便到达罗湖，福田，南山。自带幼儿园，充足停车位，楼下买生活所需也方便,享受 15 年一站式，首先项目自带一所 9 班约 3000 ㎡幼儿园，同时在项目西北约 500 米处有一所 9 年一贯制的公立——坂田实验（30 班小、15 班中）。另外，项目南面为规划教育用地，3 公里范围内还有一所全国唯一的科学高中。,两横四纵”成熟交通路网体系（两横：布龙路、南坪快速；四纵：五和大道、坂雪岗大道、梅观高速、清平高速）；邻近地铁5号线坂田站； 地处鸡公山通道首排，约一刻钟直达福田区，建立起快速通达全城的半小时生活圈。,,,暂无数据,2024-03-03,商品房,普通住宅,暂无数据,非共有,有抵押 业主自还,挂牌时间:2024-03-03 | 交易权属:商品房 | 上次交易:暂无数据 | 房屋用途:普通住宅 | 房屋年限:暂无数据 | 产权所属:非共有 | 抵押信息:有抵押 业主自还 | 房本备件:未上传房本照片,客厅 / 21.4平米 / 南 / 落地窗 ; 卧室A / 11.15平米 / 无 / 未知窗户类型 ; 卧室B / 14.25平米 / 无 / 未知窗户类型 ; 卧室C / 4.47平米 / 东 / 落地窗 ; 厨房 / 5.4平米 / 东 / 落地窗 ; 卫A / 3.31平米 / 东 / 普通窗 ; 卫B / 3.7平米 / 无 / 落地窗 ; 阳台A / 4.39平米 / 南 / 落地窗 ; 阳台B / 2.37平米 / 东 / 落地窗 ; 过道 / 3.37平米 / 无 / 无窗,
此房南向采光视野好，户型方正实用，业主自住保养好,"信义嘉御山 , 坂田",2室1厅,69.79平米,南,精装,26层,2013年,板塔结合,468 万,67059 元,4,,,近地铁 | VR看装修,https://sz.lianjia.com/ershoufang/105118472105.html,地铁 | VR看装修,此房南向采光视野好，户型方正实用，业主自住保养好,信义嘉御豪园分三期开发，占地近100000平米，建面400000平，共3008户。2013-2015年底交房，小区内有泳池，配套有公里龙岗机关幼儿园，户型多样，66平-77平，方正通透的两房；83-88平，朝南或南北的三房户型；85平 复式 四房三卫；117-217平 改善大户型。,信义嘉御山是坂田新的大社区的，小区一共有8期，目前1-5期已经交房入住，坂田双地铁口的大盘，一期楼下有天虹商场，有星巴克，KFC，面点王，健身会所，SAP等配套成熟，还开了佳华商场MAX.CITY有海底捞，探鱼等餐饮名店 各大银行围绕小区、旁边有大企业..,双地铁10号线、5号线物业，到深圳北站两个地铁站，信义嘉御山小区采用人车分流，绿化面积大，24小时封闭物业管理，居住环境舒适,,,暂无数据,2024-10-02,商品房,普通住宅,暂无数据,非共有,有抵押 200万元,挂牌时间:2024-10-02 | 交易权属:商品房 | 上次交易:暂无数据 | 房屋用途:普通住宅 | 房屋年限:暂无数据 | 产权所属:非共有 | 抵押信息:有抵押 200万元 | 房本备件:未上传房本照片,客厅 / 27.73平米 / 南 / 落地窗 ; 卧室A / 13.06平米 / 南 / 普通窗 ; 卧室B / 12.08平米 / 西 南 / 落地窗 ; 厨房 / 4.72平米 / 南 / 普通窗 ; 卫 / 3.88平米 / 北 / 落地窗 ; 阳台 / 7.27平米 / 西 东 南 / 普通窗,
四季花城新装修电梯四房  采光通风好  位置安静,"万科四季花城七期 , 坂田",4室2厅,130.66平米,南,精装,中楼层(共8层),2003年,板楼,666 万,50972 元,9,,,近地铁 | VR看装修,https://sz.lianjia.com/ershoufang/105120275791.html,地铁 | VR看装修,此房南北通格局，采光充足，楼层好，视野开阔，配套设施齐全,小区是万科开发，人文环境好，小区绿化和环境也很不错，也是万科自己的物业公司，安保设施也是值得信赖,,,,,2024-09-02,2025-04-02,商品房,普通住宅,未满两年,非共有,有抵押 531万元 建设银行 客户偿还,挂牌时间:2025-04-02 | 交易权属:商品房 | 上次交易:2024-09-02 | 房屋用途:普通住宅 | 房屋年限:未满两年 | 产权所属:非共有 | 抵押信息:有抵押 531万元 建设银行 客户偿还 | 房本备件:已上传房本照片,客厅 / 34.39平米 / 西 南 / 落地窗 ; 卧室01 / 7.8平米 / 南 / 落地窗 ; 卧室02 / 17.12平米 / 南 / 普通窗 ; 卧室03 / 11.64平米 / 无 / 未知窗户类型 ; 卧室04 / 12.48平米 / 无 / 未知窗户类型 ; 厨房 / 6.32平米 / 西 南 / 普通窗 ; 卫01 / 4.32平米 / 南 / 普通窗 ; 卫02 / 2.73平米 / 北 / 普通窗 ; 阳台01 / 5.15平米 / 西 南 / 普通窗 ; 阳台02 / 2.95平米 / 西 东 南 / 普通窗 ; 过道 / 4.96平米 / 无 / 无窗,
坂银通道坂田地铁口，精装电梯三房，东南向看花园安静,"珠江旭景佳园 , 坂田",3室2厅,89.9平米,东南,,低楼层(共18层),2008年,塔楼,528 万,58732 元,0,,,近地铁 | VR房源,https://sz.lianjia.com/ershoufang/105115164929.html,地铁 | VR房源,坂银通道，坂田地铁口，东南向，看花园，安静，新装修，房子新,布龙路与坂雪岗大道交汇处，占地约52000平由2栋低层洋房和8栋电梯楼围合而成，共1419户分三期开发，金地物业，物业很贴心，一期三期人车分流，二期内有幼儿园，泳池，三期相对较小，被中铁，碧桂园，大族五个新楼盘围绕，未来楼下是一条成熟的商-业街。,生活便利，小区西侧3千㎡底商，南侧有50000平大族云峰商场，2020年年底开业；距小区300米有两万㎡万科里。2km内有阳光湾畔、8号仓、坂田天虹等商场。1km有坂田医院。,"小区东门150m到公交站。四通八达,小区邻布龙路坂雪岗大道两大动脉,南面1km上坂银南坪,通达福田南山方便；东面两个灯位上清平水官,通达罗湖盐田惠州；北达天安云谷和华为。500米到5号线坂田地铁口,1站换10号线到福田口岸。",,,暂无数据,2023-10-26,商品房,普通住宅,暂无数据,非共有,有抵押,挂牌时间:2023-10-26 | 交易权属:商品房 | 上次交易:暂无数据 | 房屋用途:普通住宅 | 房屋年限:暂无数据 | 产权所属:非共有 | 抵押信息:有抵押 | 房本备件:未上传房本照片,,
5号线坂田地铁口，电梯精装修4房，南向安静中间楼层,"德润荣君府 , 坂田",4室2厅,123.72平米,南,,中楼层(共41层),2017年,板楼,880 万,71129 元,8,,,近地铁 | VR看装修,https://sz.lianjia.com/ershoufang/105110627444.html,地铁 | VR看装修,5号线坂田地铁口，电梯精装修4房，南向安静中间楼层,德润荣君府位于龙岗区坂田布龙路与坂雪岗大道交汇处，交通十分便利，地铁五号线坂田站及地铁10号线五和站，出行方便，小区内部车位充足。,小区楼下自带幼儿园，游泳池，另有约4000平左右的各项配套，华润万家，万科里，扬马市场，万科云里梦想乐园，小区旁边即将建成万科综合体，双地铁口，坂银通道入口，交通十分便利。,百度地图显示小区50米可到环中线坂田站A出口、二千米车程可上清平、南坪、梅观等快速路；直通福田 南山 罗湖 布龙路和坂雪岗线路公交车可到深圳每个景点。,,,暂无数据,2022-05-29,商品房,普通住宅,暂无数据,非共有,有抵押,挂牌时间:2022-05-29 | 交易权属:商品房 | 上次交易:暂无数据 | 房屋用途:普通住宅 | 房屋年限:暂无数据 | 产权所属:非共有 | 抵押信息:有抵押 | 房本备件:未上传房本照片,客厅 / 37.16平米 / 无 / 未知窗户类型 ; 卧室A / 10.02平米 / 无 / 未知窗户类型 ; 卧室B / 10.15平米 / 无 / 未知窗户类型 ; 卧室C / 17.43平米 / 无 / 未知窗户类型 ; 卧室D / 12.64平米 / 无 / 未知窗户类型 ; 厨房 / 7.43平米 / 南 / 普通窗 ; 卫生间A / 5.65平米 / 北 / 落地窗 ; 卫生间B / 3.64平米 / 西 / 落地窗 ; 阳台 / 6.92平米 / 西 东 南 / 落地窗,
次新小区人车分流  满五  高楼层通风好视野佳 装修好,"嘉霖华禧 , 坂田",3室2厅,85.28平米,南,精装,高楼层(共33层),2017年,塔楼,405 万,47491 元,4,,,近地铁 | VR看装修 | 房本满五年,https://sz.lianjia.com/ershoufang/105118988915.html,地铁 | VR看装修 | 房本满五年,次新小区人车分流  满五  高楼层通风好视野佳 装修好,嘉霖华禧项目是嘉霖集团继大鹏PURE33璞岸、龙岗珑禧、坪山大万文化广场后推出的又一城市标杆力作。2017年入伙小区总共6栋，项目产品包含37-65平米1-3房70年产权平层、复式产品及74-119㎡ 品质3-5房品质住宅，均为片区主流户型,项目是坂雪岗科技新城平米恢弘力作，本项目占地面积约万平米，总建筑面积约万平米，包含住宅、商务办公、临街等物业形态，坂田文化正在建设,项目位于深圳市坂雪岗科技城坂澜大道与环城北路交汇处，属于深圳中部发展轴心。坂澜大道、坂银通道、梅观高速、机荷高速等多条高速、快速干道出入，交通十分便利. 地铁10号线雪象站已通车。,,,2016-08-26,2024-11-22,商品房,普通住宅,满五年,非共有,有抵押 200万元 建行,挂牌时间:2024-11-22 | 交易权属:商品房 | 上次交易:2016-08-26 | 房屋用途:普通住宅 | 房屋年限:满五年 | 产权所属:非共有 | 抵押信息:有抵押 200万元 建行 | 房本备件:已上传房本照片,客厅 / 23.74平米 / 南 / 普通窗 ; 卧室A / 8.55平米 / 无 / 未知窗户类型 ; 卧室B / 12.39平米 / 无 / 未知窗户类型 ; 卧室C / 5.78平米 / 无 / 未知窗户类型 ; 厨房 / 5.4平米 / 西 / 普通窗 ; 卫A / 4.08平米 / 无 / 未知窗户类型 ; 卫B / 3.63平米 / 无 / 普通窗 ; 阳台A / 5.01平米 / 南 / 普通窗 ; 阳台B / 2.85平米 / 西 / 普通窗 ; 过道 / 2.77平米 / 无 / 无窗,
嘉霖华禧精装修三房出售，朝南，业主诚心出售,"嘉霖华禧 , 坂田",3室2厅,81.84平米,南,精装,中楼层(共15层),2017年,塔楼,410 万,50098 元,2,,,近地铁 | VR看装修,https://sz.lianjia.com/ershoufang/105119756553.html,地铁 | VR看装修,房子满五年，红本在手的，过户快。,嘉霖华禧总占地18361平方米，总建筑面积78718平方米，共计773套房，两栋公寓，4栋住宅。小区人车分流，24小时保安执勤。,,,,,暂无数据,2025-02-20,商品房,普通住宅,暂无数据,非共有,无抵押,挂牌时间:2025-02-20 | 交易权属:商品房 | 上次交易:暂无数据 | 房屋用途:普通住宅 | 房屋年限:暂无数据 | 产权所属:非共有 | 抵押信息:无抵押 | 房本备件:未上传房本照片,客厅 / 21.24平米 / 南 / 普通窗 ; 卧室A / 8.53平米 / 无 / 未知窗户类型 ; 卧室B / 11.82平米 / 无 / 未知窗户类型 ; 卧室C / 5.85平米 / 无 / 未知窗户类型 ; 厨房 / 6平米 / 西 / 普通窗 ; 卫A / 3.62平米 / 无 / 未知窗户类型 ; 卫B / 3.62平米 / 无 / 普通窗 ; 阳台A / 4.96平米 / 南 / 普通窗 ; 阳台B / 2.05平米 / 西 / 普通窗 ; 过道 / 2.79平米 / 无 / 无窗,
精装2房，安静看花园，看房方便,"佳兆业城市广场五期 , 坂田",2室1厅,49.63平米,东南,精装,低楼层(共39层),2019年,塔楼,143 万,28814 元,2,,,近地铁,https://sz.lianjia.com/ershoufang/105121207876.html,地铁,精装2房，安静看花园，看房方便,总共分为6期大型社区，3个幼儿园大型综合MALL加270米酒店六期项目一期位置安静离地铁商场最近近天安云谷步行即可环境,新社区人车分流，24小时保安轮流值班社区有自己的健身广场和花园园林式社区依托高新技术产业园佳兆业城市广场物业形态丰富集酒店于一体小区左边是天安云谷华为总部基地配套齐,项目是靠着坂雪岗大道和坂澜大道，沿着坂雪岗大道可以去梅林关（去关内方向）、也可以转布龙路转南坪快速和水官高速，也可以从转贝尔路再转梅关高速，上坂澜大道可以去观澜也可以去平湖。地铁10号线两个地铁口，岗头站和雪象站,,,暂无数据,2025-06-24,商品房,商业办公类,暂无数据,非共有,无抵押,挂牌时间:2025-06-24 | 交易权属:商品房 | 上次交易:暂无数据 | 房屋用途:商业办公类 | 房屋年限:暂无数据 | 产权所属:非共有 | 抵押信息:无抵押 | 房本备件:未上传房本照片,客厅 / 19.56平米 / 北 / 落地窗 ; 卧室A / 7.22平米 / 无 / 无窗 ; 卧室B / 7.22平米 / 无 / 无窗 ; 厨房 / 4.64平米 / 无 / 无窗 ; 卫 / 3.8平米 / 无 / 无窗 ; 过道 / 4.76平米 / 无 / 无窗,
民水、民电、通燃气，地铁口物业，大阳台，通风采光好,"润创兴时代公寓 , 坂田",3室1厅,69.19平米,南,简装,中楼层(共29层),2014年,板楼,230 万,33242 元,15,,,近地铁 | VR房源 | 房本满五年,https://sz.lianjia.com/ershoufang/105113465038.html,地铁 | VR房源 | 房本满五年,5号线&10号线五和双地铁口物业3房通燃气带阳台,创兴时代是由深圳润创兴有限公司开发的现代青年居住生活区，位于龙岗坂田布龙路与五和大道交汇处（万科四季花城北侧），共1栋2座，A座为29层的商务公寓，B座为11层的创意办公楼，总建筑面积46910.80平，其中商务公寓25587平，办公楼7500平,,五和地铁站D出口200米（来自高德地图）；区域主干道布龙路、五和大道；三大高速：梅观高速、水官高速、清平高速；2条快速路：南坪快速、新彩快速；坂银通道可直达福田，南山，罗湖。,,,2014-03-25,2023-04-24,商品房,商务公寓,满五年,共有,有抵押 建设银行 金融公司垫资,挂牌时间:2023-04-24 | 交易权属:商品房 | 上次交易:2014-03-25 | 房屋用途:商务公寓 | 房屋年限:满五年 | 产权所属:共有 | 抵押信息:有抵押 建设银行 金融公司垫资 | 房本备件:已上传房本照片,客厅 / 22.11平米 / 南 / 普通窗 ; 卧室A / 3.82平米 / 无 / 未知窗户类型 ; 卧室B / 6.55平米 / 西 / 落地窗 ; 卧室C / 9.71平米 / 无 / 未知窗户类型 ; 厨房 / 3.75平米 / 无 / 未知窗户类型 ; 卫生间 / 3.48平米 / 无 / 未知窗户类型 ; 阳台 / 3.72平米 / 南 / 普通窗,
万科第五园五期一本证大三房，业主重新装修带固定车位,"万科第五园五期 , 坂田",3室2厅,127.08平米,南,精装,中楼层(共14层),2009年,板楼,605 万,47608 元,4,,,VR看装修,https://sz.lianjia.com/ershoufang/105116718667.html,VR看装修,房子满五唯一红本手，带一个固定车位,第五园五期和六期是合在一起的，五期由12栋小高层组成，楼间距都很宽阔，小区花园跟公园差不多，绿化好，小孩，老人都有规划单独的娱乐的地方,,,,,暂无数据,2024-04-17,商品房,普通住宅,暂无数据,非共有,无抵押,挂牌时间:2024-04-17 | 交易权属:商品房 | 上次交易:暂无数据 | 房屋用途:普通住宅 | 房屋年限:暂无数据 | 产权所属:非共有 | 抵押信息:无抵押 | 房本备件:未上传房本照片,客厅 / 28.91平米 / 东南 / 普通窗 ; 卧室A / 20.15平米 / 无 / 未知窗户类型 ; 卧室B / 12.39平米 / 无 / 未知窗户类型 ; 卧室C / 12.5平米 / 无 / 未知窗户类型 ; 厨房 / 7.15平米 / 无 / 无窗 ; 卫A / 6.2平米 / 东北 / 普通窗 ; 卫B / 5.18平米 / 西南 / 普通窗 ; 阳台A / 6.89平米 / 西南 东北 东南 / 普通窗 ; 阳台B / 3.71平米 / 西南 / 普通窗 ; 过道 / 4.41平米 / 无 / 无窗,
春华四季园电梯朝南看花园 平面大三房 自住 楼层高,"春华四季园二期 , 坂田",3室2厅,71平米,南,,高楼层(共17层),2007年,板塔结合,449 万,63240 元,0,,,VR房源,https://sz.lianjia.com/ershoufang/105119045531.html,VR房源,春华四季园电梯朝南看花园 平面大三房 自住 楼层高 安静满五年,小区总建筑面积430000㎡，总规划户数约3300户，拥有完善的配套设施，6000㎡的湖坡，1000米的风情街，室外泳池及室内恒温泳池、3000㎡的运动场地、幼儿园等，金光华物业。二期户型丰富多样，包括70㎡的两房.95-100㎡左右的三房.136-158㎡的四房五房 141㎡的..,小区自带：小区一条街、华润万家、特蕾丝幼儿园、游泳馆、网球场、篮球场、羽毛球场、休闲会所等配套，生活购物便利，购物：8号仓奥特莱斯、龙华名车广场，东门离阳光湾畔购物广场、海达和成购物广场,,,,2023-05-06,2024-11-28,商品房,普通住宅,暂无数据,非共有,无抵押,挂牌时间:2024-11-28 | 交易权属:商品房 | 上次交易:2023-05-06 | 房屋用途:普通住宅 | 房屋年限:暂无数据 | 产权所属:非共有 | 抵押信息:无抵押 | 房本备件:已上传房本照片,客厅 / 21.45平米 / 无 / 未知窗户类型 ; 卧室A / 13.49平米 / 南 / 普通窗 ; 卧室B / 7.16平米 / 北 / 普通窗 ; 卧室C / 14.83平米 / 北 南 / 落地窗 ; 厨房 / 6.56平米 / 北 / 普通窗 ; 卫 / 3.77平米 / 北 / 普通窗 ; 阳台A / 3.63平米 / 西 东 南 / 普通窗 ; 阳台B / 6.63平米 / 西 北 东 / 普通窗 ; 入户花园 / 15.05平米 / 北 / 落地窗,
房子满五年 复式四房 客厅和三个房间朝南 位置安静,"万科第五园六期 , 坂田",4室2厅,148.93平米,南,精装,高楼层(共13层),2011年,板楼,998 万,67012 元,8,,,VR房源,https://sz.lianjia.com/ershoufang/105118992099.html,VR房源,房子满五年 复式四房 客厅和三个房间朝南 位置安静,万科第五园总建面伍拾叁万平米，共分九期开发，目前整个项目已经开发完毕且已售磬，纯中式徽派建筑风格，也是目前深圳第二大楼盘。来到第五园就会有一种熟悉的感觉，回到乡村的院落的感觉，怀旧恋家的朋友来到第五园就会想到自己的家乡。,小区内有三所幼儿园，明道幼儿园，有二所教育，分别是科高五园，以及科高五和,小区出门100米有公交站台，去华为和民治方向的车都有，还有一个去会展市内的车，里城公交总站有去科技园的车，自驾车出门右转就直通南坪快速.,,,暂无数据,2024-11-22,商品房,普通住宅,暂无数据,非共有,有抵押,挂牌时间:2024-11-22 | 交易权属:商品房 | 上次交易:暂无数据 | 房屋用途:普通住宅 | 房屋年限:暂无数据 | 产权所属:非共有 | 抵押信息:有抵押 | 房本备件:未上传房本照片,客厅 / 40.69平米 / 南 / 落地窗 ; 卧室A / 14.47平米 / 南 / 落地窗 ; 卧室B / 17.71平米 / 南 / 落地窗 ; 卧室C / 9.09平米 / 无 / 未知窗户类型 ; 厨房 / 9.89平米 / 北 / 落地窗 ; 卫A / 3平米 / 北 / 落地窗 ; 卫B / 4.92平米 / 北 / 普通窗 ; 卫C / 3.34平米 / 无 / 无窗 ; 阳台A / 7.64平米 / 西 南 / 落地窗 ; 阳台B / 5.33平米 / 东 南 / 落地窗 ; 阳台C / 7.53平米 / 西 南 / 落地窗 ; 阳台D / 5.44平米 / 东 南 / 落地窗 ; 入户花园 / 8.4平米 / 北 / 落地窗 ; 过道 / 14.47平米 / 北 / 落地窗,
万科精装修电梯大三房，南向，安静看花园，单证大阳台,"万科第五园五期 , 坂田",3室2厅,111.36平米,南,,低楼层(共19层),2010年,板塔结合,773 万,69415 元,2,,,VR房源,https://sz.lianjia.com/ershoufang/105115709015.html,VR房源,万科精装修电梯大三房，南向，安静看花园，单证，大阳台，景观好,万科第五园五期2010年开发建筑，人车分流，车位充足，地下车库两层，自带游泳池、网球场、儿童娱乐场、老人休闲室。自带华润万家生活，钱大妈生鲜店，水果先生，百果园，早餐店等。,五期与六八期打通，园林，休闲配套，消费等都是共享，地势高，楼下有小三制，和义务读书体系，不用过马路，一站式解决娃娃好好读书，天天向上，五期带游泳池，网球场，和儿童游乐场等，八期有很多草坪，可养宠物等，南面是银湖山效野公园，和南坑公园等,坂银通道首站，通道已开通，去福田很便捷，小区出门200米有公交站台，附件有地铁10号线南坑站，去华为和民治方向的车都有，还有一个去会展市内的车，里城公交总站有去科技园的车，自驾车出门右转就直通南坪快速。,,,暂无数据,2023-12-27,商品房,普通住宅,暂无数据,非共有,有抵押,挂牌时间:2023-12-27 | 交易权属:商品房 | 上次交易:暂无数据 | 房屋用途:普通住宅 | 房屋年限:暂无数据 | 产权所属:非共有 | 抵押信息:有抵押 | 房本备件:未上传房本照片,客厅 / 32.28平米 / 南 / 普通窗 ; 卧室A / 19.34平米 / 无 / 未知窗户类型 ; 卧室B / 15.95平米 / 东 南 / 落地窗 ; 卧室C / 10.59平米 / 无 / 未知窗户类型 ; 厨房 / 5.13平米 / 西 / 普通窗 ; 卫生间A / 4.38平米 / 东 / 普通窗 ; 卫生间B / 3.55平米 / 西 / 普通窗 ; 阳台A / 6.15平米 / 东 南 / 普通窗 ; 阳台B / 2.54平米 / 西 / 普通窗,
业主自住的，保养不错，小区看花园使用率高,"佳华领汇广场 , 坂田",3室2厅,87.91平米,东南,精装,低楼层(共32层),2016年,塔楼,568 万,64612 元,0,,,近地铁 | VR看装修,https://sz.lianjia.com/ershoufang/105118048377.html,地铁 | VR看装修,业主自住的，保养不错，小区看花园使用率高,佳华领汇广场是2014年批地，目前分两期开发，一期由3栋6座住宅组成的围合式花园小区，户型多样，从70多平两房到130平的五房，可以满足从刚需到改善各种人群需求，二期位于一期东侧，隔路相临，主要为商办类型，包括一个上下7层大型商场,佳华领汇广场是2014年批地，目前分两期开发，一期由3栋6座住宅组成的围合式花园小区，户型多样，从70多平两房到130平的五房，可以满足从刚需到改善各种人群需求，二期位于一期东侧，隔路相临，主要为商办类型，包括一个上下7层大型商场,小区自驾出行出小区沿着吉华路往东可以达到布吉、罗湖、龙岗等区域，往西600米到达龙华区，往南上梅观高速-皇岗北路到达福田区，经梅观高速-南坪快速-北环大道直抵南山，距5号线五和站约800米路程，两站到达深圳北站高铁站，可以换乘4号线，10号线到福田口..,,,暂无数据,2024-08-23,商品房,普通住宅,暂无数据,非共有,有抵押 580万元 广发 金融公司垫资,挂牌时间:2024-08-23 | 交易权属:商品房 | 上次交易:暂无数据 | 房屋用途:普通住宅 | 房屋年限:暂无数据 | 产权所属:非共有 | 抵押信息:有抵押 580万元 广发 金融公司垫资 | 房本备件:未上传房本照片,客厅 / 29.73平米 / 西北 东南 / 落地窗 ; 餐厅 / 15.03平米 / 西北 / 落地窗 ; 卧室A / 8.51平米 / 无 / 未知窗户类型 ; 卧室B / 18.82平米 / 西南 东北 东南 / 落地窗 ; 卧室C / 9.87平米 / 西北 / 落地窗 ; 厨房 / 5.57平米 / 西北 / 落地窗 ; 卫A / 2.62平米 / 东北 / 落地窗 ; 卫B / 3.24平米 / 西北 / 落地窗 ; 阳台A / 5.43平米 / 西南 东南 / 普通窗 ; 阳台B / 2.29平米 / 西北 / 落地窗,
新上位置安静四房 带两个私家车位 看游泳池看花园,"万科第五园五期 , 坂田",4室2厅,143.05平米,南 北,精装,中楼层(共19层),2010年,板塔结合,830 万,58022 元,6,,,VR看装修 | 随时看房,https://sz.lianjia.com/ershoufang/105119818956.html,VR看装修 | 随时看房,此房满五年，红本在手 唯一 交易税费少 三面采光 通风保养好,万科第五园共分九期开发，目前整个项目已经开发完毕且已售磬，万科物业管理下小区是封闭式的管理。 2010年开发建筑，小区人车分流，车位充足地下车库两层，小区自带游泳池 网球场 儿童娱乐场 老人休闲室，社康.,,坂银通道坂田首站楼盘，去福田很便捷，小区出门200米有公交站台，去华为和民治方向的车都有，还有一个去会展市内的车，里城公交总站有去科技园的车，自驾车出门右转就直通南坪快速或是坂银隧道,,,2025-02-25,2025-02-24,商品房,普通住宅,未满两年,非共有,无抵押,挂牌时间:2025-02-24 | 交易权属:商品房 | 上次交易:2025-02-25 | 房屋用途:普通住宅 | 房屋年限:未满两年 | 产权所属:非共有 | 抵押信息:无抵押 | 房本备件:已上传房本照片,客厅 / 31.29平米 / 西 北 / 落地窗 ; 卧室A / 14.86平米 / 东 / 落地窗 ; 卧室B / 10.62平米 / 无 / 未知窗户类型 ; 卧室C / 8.66平米 / 无 / 未知窗户类型 ; 卧室D / 18.92平米 / 无 / 未知窗户类型 ; 厨房 / 6.31平米 / 西 / 普通窗 ; 卫A / 4.81平米 / 北 / 普通窗 ; 卫B / 5.23平米 / 南 / 普通窗 ; 阳台A / 6.26平米 / 西 南 / 普通窗 ; 阳台B / 4.81平米 / 北 / 普通窗 ; 过道 / 5.57平米 / 无 / 无窗 ; 门厅 / 11.17平米 / 西 / 普通窗 ; 衣帽间 / 5.44平米 / 无 / 无窗,
坂田地铁口户型方正精装修通透安静,"珠江旭景佳园 , 坂田",3室2厅,89.49平米,南,简装,高楼层(共18层),2008年,塔楼,430 万,48051 元,11,,,近地铁 | VR看装修,https://sz.lianjia.com/ershoufang/105113304735.html,地铁 | VR看装修,此房满5年 珠江旭景 坂田地铁口 户型方正,小区分3期开发，近1500户，地铁口物业，紧靠银湖山和坂银隧道，地理位置优越，进出关内外方便。小区房价处于区域谷值，同区域二手房对比有很大的优势。所以有很多关内的客户在此小区置业。生活配套成熟，是刚需值得购买的小区,二期内有旭景幼稚园。小区东南侧3千㎡底商，南侧有大族云峰商场已开业；距小区300米有两万㎡万科里。2km内有阳光湾畔、8号仓、坂田天虹等商场。1km有坂田医院。,"四通八达,小区邻布龙路坂雪岗大道两大动脉,南面1km上坂银南坪,通达福田南山方便；东面两个灯位上清平水官,通达罗湖盐田惠州；西侧2km上G94,1h到宝安东莞广州；北达天安和华为。250米到5号线坂田地铁口,1站换10号线到福田口岸。小区东门150m到公交站。",,,暂无数据,2023-04-09,商品房,普通住宅,暂无数据,共有,有抵押,挂牌时间:2023-04-09 | 交易权属:商品房 | 上次交易:暂无数据 | 房屋用途:普通住宅 | 房屋年限:暂无数据 | 产权所属:共有 | 抵押信息:有抵押 | 房本备件:未上传房本照片,客厅 / 26.41平米 / 东南 / 普通窗 ; 卧室A / 8.13平米 / 无 / 未知窗户类型 ; 卧室B / 7.07平米 / 无 / 未知窗户类型 ; 卧室C / 11平米 / 东南 / 落地飘窗 ; 厨房 / 5.57平米 / 西北 / 普通窗 ; 卫生间 / 3.69平米 / 西北 / 普通窗 ; 阳台A / 2.21平米 / 西北 东北 / 普通窗 ; 阳台B / 4.53平米 / 西南 东北 东南 / 普通窗,
精装 双地铁口 复式两房 装修好,"佳兆业城市广场五期 , 坂田",2室1厅,52.85平米,西南,精装,中楼层(共39层),2019年,塔楼,188 万,35573 元,1,,,近地铁,https://sz.lianjia.com/ershoufang/105119134359.html,地铁,精装 双地铁口 复式两房 装修好,小区规模总共分为6期每一期为单独的一个封闭的小院由保安24值守自带3个幼儿园一期有露天游泳池综合MALL加270米酒店六期，项目五期离10号线雪象地铁口165米距离深圳大学坂田附属XUE校200米,新社区人车分流，24小时保安轮流值班社区有自己的健身广场和花园园林式社区，建面约壹佰捌拾万平米依托高新技术产业园佳兆业城市广场物业形态丰富集酒店于一体，小区左边是天安云谷华为总部基地配套齐全还有雪竹径公园甘坑古镇。,项目是靠着坂雪岗大道和坂澜大道，沿着坂雪岗大道可以去梅林关（去关内方向）、也可以转布龙路转南坪快速和水官高速，也可以从转贝尔路再转梅关高速，上坂澜大道可以去观澜也可以去平湖。地铁10号线两个地铁口，岗头站和雪象站。,,,暂无数据,2024-12-07,商品房,商业办公类,暂无数据,非共有,有抵押 60万元,挂牌时间:2024-12-07 | 交易权属:商品房 | 上次交易:暂无数据 | 房屋用途:商业办公类 | 房屋年限:暂无数据 | 产权所属:非共有 | 抵押信息:有抵押 60万元 | 房本备件:未上传房本照片,客厅 / 25.03平米 / 无 / 未知窗户类型 ; 卧室A / 7.16平米 / 无 / 无窗 ; 卧室B / 7.23平米 / 无 / 无窗 ; 卫 / 3.8平米 / 无 / 无窗 ; 过道 / 4.79平米 / 无 / 无窗,
地铁联排 上下4层 安静宜居 全新毛坯 随时看,"龙岸花园一期 , 坂田",5室2厅,218.71平米,南,毛坯,2层,2009年,板塔结合,2450 万,112021 元,0,,,近地铁 | VR房源,https://sz.lianjia.com/ershoufang/105116959913.html,地铁 | VR房源,安静位置 带电梯 户型新颖通透 南北向 位置靠边隐私好 全新毛坯,小区地势高亢 有山有湖 风景如画 车位充足 安静宜居近地铁 康养胜地,小区门口就是大型繁华商场星河焖物商城；星巴克、必胜客、优衣库、博纳影院、农业银行、华润万象、苏宁易购。交通更加四通八达，步行500米直达4号线白石龙地铁站（米数来源于百度地图），榜下梅龙大道汇蔡公寓站每大近50条公交线路过,出门就是公交站 乘坐公交可达坂田、布吉、龙华、福田等四通八达 距地铁10号线雅园站仅200米 距地铁10号线雅宝站仅480米,,,暂无数据,2024-05-11,商品房,普通住宅,暂无数据,非共有,无抵押,挂牌时间:2024-05-11 | 交易权属:商品房 | 上次交易:暂无数据 | 房屋用途:普通住宅 | 房屋年限:暂无数据 | 产权所属:非共有 | 抵押信息:无抵押 | 房本备件:未上传房本照片,客厅 / 66.94平米 / 西南 东北 / 普通窗 ; 多功能间 / 37.02平米 / 西南 / 普通窗 ; 卧室A / 10.55平米 / 西南 / 普通窗 ; 卧室B / 11.36平米 / 西南 / 落地窗 ; 卧室C / 14.83平米 / 东北 / 普通窗 ; 卧室D / 21.68平米 / 西北 东北 / 落地窗 ; 厨房 / 6.03平米 / 西南 / 普通窗 ; 卫生间A / 3.8平米 / 东南 / 普通窗 ; 卫生间B / 3.33平米 / 无 / 无窗 ; 卫生间C / 5.93平米 / 东北 / 普通窗 ; 卫生间D / 6.71平米 / 西南 / 普通窗 ; 阳台A / 13.82平米 / 东北 东南 / 普通窗 ; 阳台B / 1.24平米 / 西南 西北 东南 / 普通窗 ; 阳台C / 14.09平米 / 东北 / 普通窗 ; 露台A / 26.17平米 / 西南 西北 东南 / 普通窗 ; 露台B / 12.07平米 / 西南 西北 东北 东南 / 普通窗 ; 花园 / 27.81平米 / 西南 西北 东南 / 普通窗 ; 储物间 / 44.34平米 / 无 / 无窗 ; 入户花园 / 17.15平米 / 西南 东南 / 普通窗 ; 天井 / 3.84平米 / 无 / 无窗 ; 电梯 / 3.52平米 / 无 / 无窗 ; 楼梯间A / 18.62平米 / 无 / 无窗 ; 楼梯间B / 16.21平米 / 西北 东北 / 落地窗 ; 楼梯间C / 7.47平米 / 东北 / 普通窗,
精装复式两房，楼下就有地铁，设施完善。,"华创云轩 , 坂田",2室1厅,32平米,南,精装,21层,2018年,板楼,150 万,46875 元,0,,,近地铁 | 随时看房,https://sz.lianjia.com/ershoufang/105119525972.html,地铁 | 随时看房,此房位于华为总部旁，复式上下两层，使用率高，楼下就是地铁。,华创云轩占地面积：12553平方米 共2栋，其中A栋20层，B栋21层 小区有地下停车场车位充足，有四层商场，4楼为空中花园。,配套有万科城购物街、天虹商场、坂田购物广场，天安云谷大型商场，佳兆业城市广场，楼下上下四层的商场,近华为基地，区域交通纵横交错十分便利，纵向有：梅观高速、清坪高速，坂雪岗大道，五和大道，横向布龙路，有南坪快速、等陆路交通通达全城。地铁有：5号线和10号 线，其中华为站距离小区约20m（数据来自百度地图）,,,2018-10-17,2025-01-19,商品房,商业办公类,未满两年,非共有,有抵押,挂牌时间:2025-01-19 | 交易权属:商品房 | 上次交易:2018-10-17 | 房屋用途:商业办公类 | 房屋年限:未满两年 | 产权所属:非共有 | 抵押信息:有抵押 | 房本备件:已上传房本照片,客厅 / 12.71平米 / 北 / 落地窗 ; 卧室A / 6.12平米 / 北 / 落地窗 ; 卧室B / 5.78平米 / 北 / 普通窗 ; 厨房 / 3.34平米 / 北 / 普通窗 ; 卫 / 2.11平米 / 北 / 普通窗 ; 过道 / 3.91平米 / 无 / 无窗,
5号线坂田地铁口，精装修电梯四房高实用率，通透户型,"儒骏城立方 , 坂田",4室2厅,89.82平米,南 北,,中楼层(共21层),2017年,板塔结合,520 万,57894 元,3,,,VR房源,https://sz.lianjia.com/ershoufang/105119765818.html,VR房源,5号线坂田地铁口，精装修电梯四房高实用率，次新小区，通透户型,位于布龙路与坂雪岗交汇处，小区2017年交房，占地面积约10200平米，由3栋住宅楼和1栋办公楼组成，共273户，人车分流，小区自带步行街，生活氛围好!,百度地图显示小区步行500米可至扬马市场，方圆2公里内有平安公园、银湖山森林公园、坂田医院、坂田天虹，万科里，星河商城，8号仓等，配套完善，可以满足基本的生活需求。,百度地图显示小区50米可到深圳市交通轨道5号线环中线坂田站B出口、二千米车程可上清平、南坪、梅观等快速路；直通福田南山罗湖布龙路和坂雪岗线路公交车可到深圳每个区域，3站到深圳北高铁站，交通便利,,,暂无数据,2025-02-20,商品房,普通住宅,暂无数据,非共有,有抵押,挂牌时间:2025-02-20 | 交易权属:商品房 | 上次交易:暂无数据 | 房屋用途:普通住宅 | 房屋年限:暂无数据 | 产权所属:非共有 | 抵押信息:有抵押 | 房本备件:未上传房本照片,客厅 / 24.7平米 / 无 / 未知窗户类型 ; 卧室A / 6.78平米 / 东南 / 落地窗 ; 卧室B / 10.39平米 / 无 / 未知窗户类型 ; 卧室C / 7.5平米 / 无 / 未知窗户类型 ; 卧室D / 6.92平米 / 西北 / 落地窗 ; 厨房 / 5.23平米 / 无 / 普通窗 ; 卫生间A / 3.19平米 / 西南 / 普通窗 ; 卫生间B / 4.73平米 / 无 / 未知窗户类型 ; 阳台A / 5.35平米 / 西南 / 普通窗 ; 阳台B / 4.65平米 / 西南 西北 / 普通窗 ; 过道 / 3.11平米 / 无 / 无窗,
朝南向 位置安静 业主自住 装修保养好,"佳兆业中央广场一期 , 坂田",3室2厅,89.28平米,东南,精装,低楼层(共47层),2013年,板楼,480 万,53764 元,2,,,近地铁 | VR看装修 | 房本满五年,https://sz.lianjia.com/ershoufang/105119167470.html,地铁 | VR看装修 | 房本满五年,房子朝南向，业主自住，全屋二次装修，装修保养好。,新社区，人车分流，24小时保安轮流值班，小区内有自己的健身广场和花园，园林式社区，自带大泳池，健身场所、会所，配套齐全，居家舒适。,佳兆业城市广场社区依托高新技术产业园，物业形态丰富，集住宅、酒店、大型综合体配套于一体，小区旁边就是天安云谷、华为总部。,10号线双地铁口物业，项目是挨着坂雪岗大道和坂澜大道，沿着坂雪岗大道可以去梅林关，也可以转布龙路转南坪快速和水官高速，也可以从转贝尔路再转梅关高速，上坂澜大道可以去观澜也可以去平湖；多条公交路线直达罗湖、福田，交通很便利。,,,2018-06-22,2024-12-10,商品房,普通住宅,满五年,共有,有抵押 160万元,挂牌时间:2024-12-10 | 交易权属:商品房 | 上次交易:2018-06-22 | 房屋用途:普通住宅 | 房屋年限:满五年 | 产权所属:共有 | 抵押信息:有抵押 160万元 | 房本备件:已上传房本照片,客厅 / 22.01平米 / 无 / 未知窗户类型 ; 卧室A / 7.02平米 / 南 / 落地窗 ; 卧室B / 10.52平米 / 无 / 未知窗户类型 ; 卧室C / 8.68平米 / 无 / 未知窗户类型 ; 厨房 / 5.71平米 / 东 / 普通窗 ; 卫 / 3.89平米 / 无 / 无窗 ; 阳台 / 6.45平米 / 西 东 南 / 落地窗 ; 过道 / 2.9平米 / 无 / 无窗,
新出朝南3加1户型，客厅出阳台 位置安静,"佳兆业城市广场五期 , 坂田",4室2厅,89.71平米,南,精装,中楼层(共43层),2019年,板楼,480 万,53506 元,2,,,近地铁 | VR看装修,https://sz.lianjia.com/ershoufang/105120191377.html,地铁 | VR看装修,此房子满五年唯一 税费少，只需要交个契税就可以 红本在手,,新社区人车分流，24小时保安轮流值班社区有自己的健身广场和花园园林式社区依托高新技术产业园佳兆业城市广场物业形态丰富集酒店于一体隔壁就是天安云谷华为总部 楼下就 是雪象地铁站 出行方便,项目是挨着坂雪岗大道和坂澜大道，沿着坂雪岗大道可以去梅林关（去关内方向）、也可以转布龙路转南坪快速和水官高速，也可以从转贝尔路再转梅关高速，上坂澜大道可以去观澜也可以去平湖。交通很方便。高速交通：梅观高速、清平高速、坂雪岗大道、南坪快速,,,暂无数据,2025-03-26,商品房,普通住宅,暂无数据,非共有,无抵押,挂牌时间:2025-03-26 | 交易权属:商品房 | 上次交易:暂无数据 | 房屋用途:普通住宅 | 房屋年限:暂无数据 | 产权所属:非共有 | 抵押信息:无抵押 | 房本备件:未上传房本照片,客厅 / 19.51平米 / 无 / 落地窗 ; 书房 / 6.02平米 / 无 / 落地窗 ; 卧室A / 9.47平米 / 无 / 未知窗户类型 ; 卧室B / 11.57平米 / 无 / 未知窗户类型 ; 卧室C / 10.46平米 / 无 / 普通窗 ; 厨房 / 8.16平米 / 无 / 落地窗 ; 卫A / 3.31平米 / 无 / 普通窗 ; 卫B / 3.05平米 / 无 / 落地窗 ; 阳台A / 4.69平米 / 无 / 落地窗 ; 阳台B / 6.74平米 / 无 / 落地窗 ; 过道 / 5.03平米 / 无 / 无窗,
坂田地铁口，配套齐全大四房。家门口级全方位配套。,"德润荣君府 , 坂田",4室2厅,125.38平米,西南 东北,精装,低楼层(共41层),2017年,板楼,830 万,66199 元,0,,27天以前发布,近地铁 | VR看装修 | 房本满五年,https://sz.lianjia.com/ershoufang/105122085757.html,地铁 | VR看装修 | 房本满五年,此房满五唯一，周边配套齐全，户型格局方正，125平大四房。,德润荣君府是2017年建成的次新小区。共6栋楼1060户。有地下车库，人车分流。全封闭式社区安全有保障。小区环境好，绿化高，有泳池和幼儿园。梯户比2梯4户。物业是自持的德润物业，物业费3.5元/㎡/月。小区楼下有商业街铺。,周边配套完善地铁:150m左右到坂田地铁站A口。商业:100米范围内一路之隔是新加坡风格的万科广场。教育:小区有一所幼儿园。一路之隔，还有龙岗外国语。200m到坂田实验。,,,,2017-06-18,2025-09-10,商品房,普通住宅,满五年,非共有,有抵押 385万元 客户偿还,挂牌时间:2025-09-10 | 交易权属:商品房 | 上次交易:2017-06-18 | 房屋用途:普通住宅 | 房屋年限:满五年 | 产权所属:非共有 | 抵押信息:有抵押 385万元 客户偿还 | 房本备件:已上传房本照片,客厅 / 31.83平米 / 无 / 未知窗户类型 ; 卧室A / 10.05平米 / 无 / 未知窗户类型 ; 卧室B / 9.77平米 / 无 / 未知窗户类型 ; 卧室C / 17.19平米 / 无 / 未知窗户类型 ; 卧室D / 12.46平米 / 无 / 未知窗户类型 ; 厨房 / 7.47平米 / 南 / 普通窗 ; 卫A / 5.48平米 / 无 / 未知窗户类型 ; 卫B / 3.62平米 / 东 / 落地窗 ; 阳台 / 6.39平米 / 西 东 南 / 普通窗 ; 过道 / 5.01平米 / 无 / 无窗,
梅林关电梯两房 满五年红本在手唯一,"星光之约 , 坂田",2室1厅,74.85平米,北,,中楼层(共10层),2003年,板楼,350 万,46761 元,3,,,近地铁 | VR看装修,https://sz.lianjia.com/ershoufang/105117095580.html,地铁 | VR看装修,满五红本 10号线地铁口，有花园，户型方正实用，诚心出售。,星光之约花园位于坂田于龙华民治交界处，10号线雅宝站地鉄口，近梅林关。小区1998年批，2004年入住，小区有6栋住宅楼，1-3栋为楼梯，4-6栋为电梯，全部是小高层建筑，主要是两房--四房户型，小区四周不临路，菲常安静，内部有篮球场、游泳池、休闲广场等设施,小区门口有一些商铺，有钱大妈，卖蔬菜，卖早餐的及一些零售店。小区距离星河WORLD cocopark商场，步行约600米左右；距离8号仓奥特莱斯商场步行约1.7公里；距离南坑农贸市场步行约1公里；小区距离雅宝山体公园步行约1.2公里；距离五和社康忠心约1.6公里。,,此房满五年，红本在手，唯一，只有一个点的契税，成本少，诚心卖。,,暂无数据,2024-05-25,商品房,普通住宅,暂无数据,共有,无抵押,挂牌时间:2024-05-25 | 交易权属:商品房 | 上次交易:暂无数据 | 房屋用途:普通住宅 | 房屋年限:暂无数据 | 产权所属:共有 | 抵押信息:无抵押 | 房本备件:未上传房本照片,客厅 / 23.19平米 / 北 / 普通窗 ; 卧室A / 9.95平米 / 东 / 落地窗 ; 卧室B / 10.35平米 / 无 / 未知窗户类型 ; 厨房 / 6.2平米 / 西 / 普通窗 ; 卫 / 3.51平米 / 东 / 普通窗 ; 阳台 / 3.76平米 / 西 北 东 / 普通窗 ; 过道 / 1.71平米 / 无 / 无窗,
5号线沿线大四房业主诚意出售看房方便,"泓瀚苑 , 坂田",4室2厅,119.72平米,南,简装,高楼层(共8层),2000年,塔楼,360 万,30071 元,2,,,近地铁 | VR房源 | 随时看房,https://sz.lianjia.com/ershoufang/105118062482.html,地铁 | VR房源 | 随时看房,此房满五年，户型方正实用，高楼层，南北通格局，采光 通风好,,有坂田商 业广场，过红绿灯是百佳华、巨幕电影院、品牌餐饮（爱婉婷、海底捞、星巴克等），过马路是坂田天虹等，配套齐全，生活便利,小区自驾出行出小区沿着吉华路往东可以达到布吉、罗湖、龙岗等区域，往西600米到达龙华区，往南上梅观高速-皇岗北路到达福田区，经梅观高速-南坪快速-北环大道直抵南山，距5号线五和站约300多米路程，两站到达深圳北站高铁站，可以换乘4号线,,,暂无数据,2024-08-25,商品房,普通住宅,暂无数据,共有,有抵押 客户偿还,挂牌时间:2024-08-25 | 交易权属:商品房 | 上次交易:暂无数据 | 房屋用途:普通住宅 | 房屋年限:暂无数据 | 产权所属:共有 | 抵押信息:有抵押 客户偿还 | 房本备件:未上传房本照片,客厅 / 21.67平米 / 东南 / 普通窗 ; 餐厅 / 12.1平米 / 无 / 无窗 ; 卧室A / 8.5平米 / 西北 / 普通窗 ; 卧室B / 10.76平米 / 西北 / 普通窗 ; 卧室C / 15.37平米 / 东南 / 落地窗 ; 卧室D / 10.59平米 / 东南 / 普通窗 ; 厨房 / 8.67平米 / 西北 东北 / 普通窗 ; 卫A / 5.12平米 / 西北 / 普通窗 ; 卫B / 2.97平米 / 无 / 无窗 ; 阳台A / 3.23平米 / 西北 东北 / 普通窗 ; 阳台B / 4.39平米 / 西南 东南 / 普通窗,
坂银隧道，次新大5房 2梯3户 高实用，停车方便,"大族云峰一期 , 坂田",5室3厅,166平米,南 北,,30层,2019年,板塔结合,1150 万,69278 元,0,,,近地铁 | VR看装修,https://sz.lianjia.com/ershoufang/105121870565.html,地铁 | VR看装修,此房业主两套房 看房子提前预约有租客 业主诚心卖的,小区由4栋住宅围合建成，楼间距宽，住家舒适，次新小区，现代园林布景美观，人车分离,楼下就是商体湾畔Mall，去万科里，天虹商场，8号仓，星河CocoPark也很方便，坂田医院，银湖山郊野公园,坂银隧道首站，直抵福田，全方位立体交通，地铁：十号线雅园站、五和站--五号线坂田站，3站深圳北,,,暂无数据,2025-08-21,商品房,普通住宅,暂无数据,非共有,有抵押 200万元 上海银行,挂牌时间:2025-08-21 | 交易权属:商品房 | 上次交易:暂无数据 | 房屋用途:普通住宅 | 房屋年限:暂无数据 | 产权所属:非共有 | 抵押信息:有抵押 200万元 上海银行 | 房本备件:未上传房本照片,客厅 / 33.4平米 / 无 / 未知窗户类型 ; 卧室A / 9.86平米 / 南 / 落地窗 ; 卧室B / 18.45平米 / 无 / 未知窗户类型 ; 卧室C / 8.05平米 / 北 / 落地窗 ; 卧室D / 8.49平米 / 无 / 未知窗户类型 ; 厨房 / 6.92平米 / 北 / 普通窗 ; 卫A / 5.19平米 / 无 / 未知窗户类型 ; 卫B / 5.99平米 / 无 / 未知窗户类型 ; 阳台A / 6.92平米 / 西 南 / 普通窗 ; 阳台B / 3.32平米 / 北 东 / 普通窗 ; 储物间 / 13.14平米 / 无 / 未知窗户类型 ; 过道 / 5.64平米 / 无 / 无窗 ; 门厅 / 7.04平米 / 北 / 落地窗 ; 衣 / 2.43平米 / 无 / 无窗,
春华四季园二期 6室2厅 南,"春华四季园二期 , 坂田",6室2厅,140.66平米,南,,高楼层(共6层),2007年,板塔结合,1150 万,81758 元,0,,,VR房源,https://sz.lianjia.com/ershoufang/105121952816.html,VR房源,,,,,,,2024-09-20,2025-08-29,商品房,普通住宅,未满两年,非共有,无抵押,挂牌时间:2025-08-29 | 交易权属:商品房 | 上次交易:2024-09-20 | 房屋用途:普通住宅 | 房屋年限:未满两年 | 产权所属:非共有 | 抵押信息:无抵押 | 房本备件:已上传房本照片,客厅 / 29.25平米 / 南 / 普通窗 ; 餐厅 / 25.65平米 / 无 / 无窗 ; 卧室A / 4.32平米 / 东 南 / 落地窗 ; 卧室B / 7.54平米 / 无 / 未知窗户类型 ; 卧室C / 22.42平米 / 无 / 未知窗户类型 ; 卧室D / 14.13平米 / 无 / 未知窗户类型 ; 卧室E / 7.75平米 / 无 / 无窗 ; 卧室F / 25.24平米 / 北 / 落地窗 ; 厨房 / 5.96平米 / 西 / 普通窗 ; 卫A / 3.45平米 / 西 / 普通窗 ; 卫B / 7.49平米 / 无 / 未知窗户类型 ; 卫C / 3.53平米 / 西 / 普通窗 ; 卫D / 3.71平米 / 无 / 无窗 ; 阳台 / 8.91平米 / 南 / 普通窗 ; 露台（按现状绘制，如有偏差，以产权证明为准） / 29.41平米 / 南 / 普通窗 ; 储物间 / 2.98平米 / 无 / 无窗 ; 过道A / 10.97平米 / 无 / 无窗 ; 过道B / 27.97平米 / 无 / 无窗 ; 衣帽间 / 11.56平米 / 无 / 未知窗户类型,
城市广场 少有放卖 满五唯一 中间楼层大阳台 有入户,"佳兆业中央广场三期 , 坂田",4室1厅,176.94平米,南 北,精装,45层,2015年,塔楼,1050 万,59343 元,4,,,近地铁 | VR看装修 | 房本满五年,https://sz.lianjia.com/ershoufang/105114361092.html,地铁 | VR看装修 | 房本满五年,满五唯一，南北朝向，正出大阳台，少有户型，少有放售。,小区规划大型雪象体育公园，三十万商 业综合MALL，270米层高五星国际酒店，百度测量1公 里范围内雪象医院、肖传国医院，地铁10号线雪象、岗头双地铁口，坂银隧道去福田南山交通便捷。,,地铁十号线雪象站A出口，沿着坂雪岗大道可以去梅林关（去关内方向）、也可以转布龙路转南坪快速和水官高速，也可以从转贝尔路再转梅关高速，上坂澜大道可以去观澜也可以去平湖。交通很方便。高速交通：梅观高速、清平高速、坂雪岗大道、南坪快速。,,,2019-01-01,2023-07-28,商品房,普通住宅,满五年,非共有,有抵押,挂牌时间:2023-07-28 | 交易权属:商品房 | 上次交易:2019-01-01 | 房屋用途:普通住宅 | 房屋年限:满五年 | 产权所属:非共有 | 抵押信息:有抵押 | 房本备件:已上传房本照片,客厅 / 52.43平米 / 北 南 / 普通窗 ; 卧室A / 12.01平米 / 南 / 落地窗 ; 卧室B / 16.2平米 / 无 / 未知窗户类型 ; 卧室C / 13.73平米 / 无 / 未知窗户类型 ; 卧室D / 11.88平米 / 北 / 落地窗 ; 厨房 / 9.6平米 / 北 / 普通窗 ; 卫生间A / 5.49平米 / 西 / 普通窗 ; 卫生间B / 5.62平米 / 北 / 普通窗 ; 阳台A / 13.94平米 / 南 / 普通窗 ; 阳台B / 5.67平米 / 南 / 落地窗 ; 阳台C / 3.81平米 / 西 北 东 / 普通窗 ; 过道 / 6.2平米 / 无 / 无窗 ; 门厅 / 15.13平米 / 北 / 落地窗,
旭景精致2房，保养好，只交契税,"珠江旭景佳园 , 坂田",2室1厅,41.53平米,南,精装,中楼层(共18层),2008年,塔楼,248 万,59716 元,2,,,近地铁 | VR看装修,https://sz.lianjia.com/ershoufang/105120033999.html,地铁 | VR看装修,旭景精致2房，保养好，只交契税,小区分3期开发，近1500户，地铁口物业，紧靠银湖山和坂银隧道，地理位置优越，进出关内外方便。小区房价处于区域谷值，同区域二手房对比有很大的优势。所以有很多关内的客户在此小区置业。生活配套成熟，是刚需值得购买的小区。,二期内有旭景幼稚园。小区东南侧3千㎡底商，南侧有大族云峰商场已开业；距小区300米有两万㎡万科里。2km内有阳光湾畔、8号仓、坂田天虹等商场。1km有坂田医院。,"四通八达,小区邻布龙路坂雪岗大道两大动脉,南面1km上坂银、南坪,通达福田、南山方便；东面两个灯位上清平、水官,通达罗湖盐田惠州；北达天安和华为。600米到5号线坂田地铁口,1站换10号线到福田口岸。小区东门50m到公交站。",,,暂无数据,2025-03-13,商品房,普通住宅,暂无数据,非共有,有抵押 银行,挂牌时间:2025-03-13 | 交易权属:商品房 | 上次交易:暂无数据 | 房屋用途:普通住宅 | 房屋年限:暂无数据 | 产权所属:非共有 | 抵押信息:有抵押 银行 | 房本备件:未上传房本照片,客厅 / 14.5平米 / 无 / 无窗 ; 卧室A / 8.71平米 / 东南 / 落地飘窗 ; 卧室B / 5.73平米 / 无 / 未知窗户类型 ; 厨房 / 3.05平米 / 西南 西北 / 落地窗 ; 卫 / 3.16平米 / 西南 / 普通窗,
精装的复式，年租金4个百分点以上,"华创云轩 , 坂田",2室1厅,32.62平米,北,,20层,2018年,塔楼,106 万,32496 元,1,,,近地铁 | 随时看房,https://sz.lianjia.com/ershoufang/105122026853.html,地铁 | 随时看房,朝北看天安云谷，无遮挡，开门后南北对流.通燃气,,小区配套成熟 一二楼为长龙mall，齐集吃喝玩乐。 10号地铁在侧，尽享出行便捷。 马路对望是万科城小区，共享万科城风情街和社康门诊。 医疗；距离800米有深圳肖传国医院（专科医院），距离约1.3公里有深圳远东妇产医院。,环保出行楼下经常停有共享单车以下距离数据来源百度地图地铁：10号线华为站D出口约50米下楼即可享受地铁出行公交站华为单身宿舍北距离约180米距离象角塘西约330米距离万科城实验站约330米,,,暂无数据,2025-09-05,商品房,商业办公类,暂无数据,非共有,无抵押,挂牌时间:2025-09-05 | 交易权属:商品房 | 上次交易:暂无数据 | 房屋用途:商业办公类 | 房屋年限:暂无数据 | 产权所属:非共有 | 抵押信息:无抵押 | 房本备件:未上传房本照片,客厅 / 14.9平米 / 北 / 落地窗 ; 卧室A / 7.44平米 / 无 / 未知窗户类型 ; 卧室B / 6.42平米 / 南 / 普通窗 ; 厨房 / 3.31平米 / 南 / 普通窗 ; 卫 / 2.66平米 / 南 / 普通窗 ; 过道 / 3.99平米 / 无 / 无窗,
双地铁口 双面采光 复式两房 中间楼层 东南向,"佳兆业城市广场五期 , 坂田",2室2厅,78.75平米,东南,精装,中楼层(共39层),2019年,塔楼,338 万,42921 元,0,,,近地铁,https://sz.lianjia.com/ershoufang/105118457031.html,地铁,双地铁口  双面采光  复式两房 两卫 次新房 东南向,新社区人车分流，24小时保安轮流值班小区内有自己的健身广场和花园园林式社区自带大泳池健身场所会所配套齐,,10号线地铁物业雪象A和岗头C出口100~200米，项目是挨着坂雪岗大道和坂澜大道，沿着坂雪岗大道可以去梅林关，也可以转布龙路转南坪快速和水官高速，也可以从转贝尔路再转梅关高速，上坂澜大道可以去观澜也可以去平湖；多条公交路线直达罗湖、福田，交通便利,,,暂无数据,2024-09-30,商品房,商业办公类,暂无数据,非共有,有抵押,挂牌时间:2024-09-30 | 交易权属:商品房 | 上次交易:暂无数据 | 房屋用途:商业办公类 | 房屋年限:暂无数据 | 产权所属:非共有 | 抵押信息:有抵押 | 房本备件:未上传房本照片,客厅 / 29.92平米 / 西南 南 / 落地窗 ; 卧室A / 8.67平米 / 南 / 落地窗 ; 卧室B / 16.1平米 / 南 / 落地窗 ; 卫A / 5.27平米 / 南 / 落地窗 ; 卫B / 4.98平米 / 南 / 落地窗 ; 过道 / 7.46平米 / 西南 / 落地窗,
此房户型方正南北通双地铁口物业,"金洲嘉丽园 , 坂田",3室2厅,96.28平米,北,精装,7层,2003年,板楼,435 万,45181 元,1,,,近地铁 | VR房源 | 房本满五年,https://sz.lianjia.com/ershoufang/105119452479.html,地铁 | VR房源,此房户型方正南北通双地铁口物业有大花园,金洲物业于2002年批地，05年建成。管理费1元每平方， 由12栋多层住宅正南正北向排成，共580户，240个车位，户型分别是两房、三房，一楼带花园，六楼顶楼带天台花园。内设有幼儿园、游泳池、篮球场，小孩有滑滑梯，老人有健身器材等,步行150米内有扬马菜市场、260米内有公园，文体广场，600米内有工、农、中、建、招商等银行营业厅；3000米半径圈内配套有：城立方，万科里，星河COCOpark、8号仓、银湖山森林公园、坂田医院、坂田天虹、坂田手造文化街,小区位于两条地铁线的中间，5号线的坂田站和10号线的坂田北，门口就是公交站台，到那里都比较方便，离坂银通道两个站,,,2004-04-23,2025-01-10,商品房,普通住宅,未满两年,非共有,有抵押 390万元 农商银行,挂牌时间:2025-01-10 | 交易权属:商品房 | 上次交易:2004-04-23 | 房屋用途:普通住宅 | 房屋年限:未满两年 | 产权所属:非共有 | 抵押信息:有抵押 390万元 农商银行 | 房本备件:已上传房本照片,客厅 / 29.52平米 / 北 / 普通窗 ; 卧室A / 8.23平米 / 北 / 落地飘窗 ; 卧室B / 13.46平米 / 南 / 普通窗 ; 卧室C / 8.44平米 / 南 / 普通窗 ; 厨房 / 5.58平米 / 无 / 无窗 ; 卫A / 4.14平米 / 北 / 普通窗 ; 卫B / 3.9平米 / 北 / 普通窗 ; 阳台A / 5.4平米 / 西 北 / 普通窗 ; 阳台B / 3.24平米 / 无 / 无窗 ; 露台（按现状绘制，如有偏差，以产权证明为准） / 29.62平米 / 西 南 / 普通窗 ; 过道 / 3.15平米 / 无 / 无窗,
底楼复式，自带花园院子，朝南向,"佳兆业中央广场三期 , 坂田",5室3厅,144.33平米,南,,45层,2015年,塔楼,760 万,52658 元,6,,,近地铁 | VR房源 | 随时看房,https://sz.lianjia.com/ershoufang/105112460831.html,地铁 | VR房源 | 随时看房,底楼复式，自带花园院子，朝南向,2017年新小区，一共分六期建设，人车分流，居住氛围好。。。。。,新社区，人车分流，24小时保安轮流值班，社区有自己的健身广场和花园，园林式社区。依托高新技术产业园，佳兆业城市广场物业形态丰富，集住宅、酒店于一体。隔壁就是天安云谷、华为总部。,项目是挨着坂雪岗大道和坂澜大道，沿着坂雪岗大道可以去梅林关（去关内方向）、也可以转布龙路转南坪快速和水官高速，也可以从转贝尔路再转梅关高速，上坂澜大道可以去观澜也可以去平湖。交通很方便。高速交通：梅观高速、清平高速、坂雪岗大道、南坪快速,,,暂无数据,2023-01-25,商品房,普通住宅,暂无数据,非共有,有抵押 610万元,挂牌时间:2023-01-25 | 交易权属:商品房 | 上次交易:暂无数据 | 房屋用途:普通住宅 | 房屋年限:暂无数据 | 产权所属:非共有 | 抵押信息:有抵押 610万元 | 房本备件:未上传房本照片,客厅 / 28.6平米 / 北 南 / 普通窗 ; 卧室A / 8.18平米 / 无 / 未知窗户类型 ; 卧室B / 12.03平米 / 无 / 未知窗户类型 ; 卧室C / 10.6平米 / 无 / 无窗 ; 卧室D / 11.29平米 / 无 / 未知窗户类型 ; 卧室E / 12.28平米 / 无 / 未知窗户类型 ; 卫生间A / 2.47平米 / 北 / 普通窗 ; 卫生间B / 3.85平米 / 北 / 普通窗 ; 卫生间C / 2.5平米 / 北 / 普通窗 ; 阳台 / 6.84平米 / 西 南 / 普通窗 ; 储物间 / 7.45平米 / 西 / 落地窗 ; 过道 / 9.07平米 / 西 / 落地窗,
佳兆业悦峰，四房两厅三卫，南北通透户型,"佳兆业悦峰 , 坂田",5室2厅,125.51平米,南 北,精装,高楼层(共27层),2013年,板塔结合,1050 万,83659 元,0,,,近地铁 | VR房源,https://sz.lianjia.com/ershoufang/105117688562.html,地铁 | VR房源,大花园小区，南北通透格局，视野宽广，交通便利,佳兆业悦峰是佳兆业开发商，是上市房企排名靠前的开发商，开发商实力雄厚，佳兆业物业也是比较优质的物业管理公司，为小区高品质生活保驾护航。该小区是2013年次新小区，佳兆业物业，容积2.5，车位1：1带有室内篮球场，生活配套较齐全，居住舒适,,有地铁5号线杨美站C出口900米（参考高德地图），4站抵深圳北站深圳东站，西至赤湾东至黄贝岭。或步行400米至宏扬公交站也有多条公交路线可达深圳各区域。衔接各大高速快速，3公里内直上布龙路、清平高速、水官高速，南坪快速、梅观高速、坂银通道等,,,暂无数据,2024-07-21,商品房,普通住宅,暂无数据,共有,无抵押,挂牌时间:2024-07-21 | 交易权属:商品房 | 上次交易:暂无数据 | 房屋用途:普通住宅 | 房屋年限:暂无数据 | 产权所属:共有 | 抵押信息:无抵押 | 房本备件:未上传房本照片,客厅 / 41.58平米 / 北 南 / 落地窗 ; 卧室A / 12.47平米 / 无 / 未知窗户类型 ; 卧室B / 15.32平米 / 北 东 / 落地窗 ; 卧室C / 16.1平米 / 无 / 未知窗户类型 ; 卧室D / 13.22平米 / 南 / 普通窗 ; 厨房 / 7.6平米 / 北 / 普通窗 ; 卫A / 4.44平米 / 北 / 普通窗 ; 卫B / 4.38平米 / 北 / 普通窗 ; 卫C / 4.25平米 / 北 / 普通窗 ; 阳台A / 2.14平米 / 北 / 普通窗 ; 阳台B / 8.37平米 / 东 南 / 普通窗 ; 阳台C / 8.34平米 / 东 南 / 普通窗 ; 储物间 / 4.95平米 / 无 / 无窗 ; 过道 / 10.34平米 / 无 / 无窗 ; 衣帽间 / 3.24平米 / 无 / 无窗,
满五年  税费少   自住方便看房,"星光之约 , 坂田",2室1厅,70.99平米,南,,低楼层(共6层),2002年,板楼,420 万,59164 元,1,,,近地铁 | VR房源,https://sz.lianjia.com/ershoufang/105118732192.html,地铁 | VR房源,此房满五年唯一，带大院子，适合有老人的家庭，10号线南坑站,星光之约花园位于坂田梅坂大道南。小区1998年批地，2004年入住，小区有6栋住宅楼，1-3栋为楼梯，4-6栋为电梯，全部是小高层建筑，主要是两房--四房户型，小区四周不临路，安静，内部有篮球场、休闲广场等设施。,小区门口是临街商铺，有钱大妈，各式餐饮，生活集市等。小区距离星河WORLD cocopark商场只有600米左右；距离8号仓奥特莱斯商场约1.7公里；距离南坑农贸市场约1公里；小区距离雅宝山体公园约1.2公里。,小区大门口是五和大道，路边有星光之约公交站台，10号线南坑站和雅宝站距离小区都是约500米左右。五和大道与坂雪岗大道、布龙路、龙华大道，民治大道等多条主干道衔接，小区到梅林关仅2个红绿灯，小区2公里范围内覆盖梅观高速，南坪快速，坂银通道等快速路。,,,暂无数据,2024-10-28,商品房,普通住宅,暂无数据,非共有,有抵押 22万元 农业银行 金融公司垫资,挂牌时间:2024-10-28 | 交易权属:商品房 | 上次交易:暂无数据 | 房屋用途:普通住宅 | 房屋年限:暂无数据 | 产权所属:非共有 | 抵押信息:有抵押 22万元 农业银行 金融公司垫资 | 房本备件:未上传房本照片,客厅 / 27.33平米 / 南 / 普通窗 ; 卧室A / 9.27平米 / 无 / 未知窗户类型 ; 卧室B / 12.81平米 / 南 / 普通窗 ; 厨房 / 5.84平米 / 东 / 普通窗 ; 卫 / 4.36平米 / 无 / 无窗 ; 露台 / 22.49平米 / 西 东 南 / 普通窗,
业主诚心卖，10号线地铁口好出租，户型方正诚心卖,"华创云轩 , 坂田",2室2厅,29平米,南 北,精装,20层,2018年,塔楼,127 万,43794 元,60,,,近地铁 | VR房源,https://sz.lianjia.com/ershoufang/105109480008.html,地铁 | VR房源,业主诚心卖，10号线地铁口 好出租，采光通风好 户型方正实用,华创云轩占地面积：12553平方米 共2栋，其中A栋20层，B栋21层 小区有地下停车场车位充足，有四层商场，4楼为空中花园,配套有万科城购物街、天虹商场、坂田购物广场，天安云谷大型商场，佳兆业城市广场，楼下上下四层的商场,拥有立体的交通网络：地铁10号线华为站就在小区楼下，坂银通道已开通，项目直达市区，上机荷、清平、梅关，通达全城!,,,暂无数据,2021-12-14,商品房,商务公寓,暂无数据,非共有,无抵押,挂牌时间:2021-12-14 | 交易权属:商品房 | 上次交易:暂无数据 | 房屋用途:商务公寓 | 房屋年限:暂无数据 | 产权所属:非共有 | 抵押信息:无抵押 | 房本备件:未上传房本照片,客厅 / 12.87平米 / 北 / 落地窗 ; 卧室A / 5.74平米 / 东北 / 普通窗 ; 卧室B / 6.18平米 / 无 / 未知窗户类型 ; 厨房 / 3.29平米 / 南 / 普通窗 ; 卫生间 / 2.04平米 / 南 / 普通窗 ; 过道 / 3.52平米 / 无 / 无窗,
高楼层东南向大4房 满五唯一 红本在手 业主诚心出售,"信义嘉御山 , 坂田",4室2厅,140.3平米,东南,精装,高楼层(共31层),2013年,板塔结合,920 万,65574 元,1,,,近地铁 | VR看装修 | 房本满五年,https://sz.lianjia.com/ershoufang/105117974115.html,地铁 | VR看装修 | 房本满五年,此房满五年唯一，红本在手。朝向东南，高楼层 业主诚心出售,信义嘉御豪园分三期开发，占地近100000平米，建面400000平，共3008户。2013-2015年底交房，小区内有泳池，配套有公立幼儿园，户型多样，66平-77平方正通透的两房；83-88平朝南或南北的三房户型；85平复式四房三卫；117-217平 改善大户型。,小区东面800米处有一市政公园--黄君山公园，公园旁龙岗区国际艺术场馆在建中；小区自带坂田天虹旗舰店 过马路还有百佳华MAX CITY商场，购物吃饭都是很方便的,轨道交通10号线坂田北站400米，5+10号线交汇的五和站890米；吉华路和五和大道交汇处有公交站台有几十路公交经过通达全市各个区域；小区停车场出口出来转个弯上G94高速，出行很方便。,,,2014-04-12,2024-08-16,商品房,普通住宅,满五年,非共有,无抵押,挂牌时间:2024-08-16 | 交易权属:商品房 | 上次交易:2014-04-12 | 房屋用途:普通住宅 | 房屋年限:满五年 | 产权所属:非共有 | 抵押信息:无抵押 | 房本备件:已上传房本照片,客厅 / 34.3平米 / 无 / 未知窗户类型 ; 卧室A / 11.95平米 / 东南 / 普通窗 ; 卧室B / 12.85平米 / 无 / 未知窗户类型 ; 卧室C / 18.24平米 / 无 / 未知窗户类型 ; 卧室D / 10.72平米 / 西南 西北 / 落地窗 ; 厨房 / 6.25平米 / 西北 / 普通窗 ; 卫A / 6.06平米 / 无 / 未知窗户类型 ; 卫B / 3.13平米 / 西北 / 普通窗 ; 阳台 / 8.9平米 / 西南 东北 东南 / 普通窗 ; 过道 / 7.27平米 / 无 / 无窗 ; 门厅 / 5.41平米 / 西南 / 普通窗,
一楼花园地下室，配套齐全四房，近地铁精装叠院,"万科第五园一期 , 坂田",4室2厅,141.46平米,南 北,精装,低楼层(共3层),2006年,塔楼,985 万,69631 元,19,,,近地铁 | VR房源,https://sz.lianjia.com/ershoufang/105116698489.html,地铁 | VR房源,房子使用面积大，两层实用有280平，有两个花园，看房方便,"由万科地产开发管理,于2000年批地,2006年开盘,毛坯交楼,合院洋房的面积有76-96-106-107平等,一楼带有地下室和六楼为平顶复式,另有叠院洋房和别墅区,自带游泳池,华润万家,和购物一条街等,中式文化园林,闹中取静,园中有景,低密度,位于第五园中轴地带!",五园南门和北门出行口都有一个华润万家，万科里的商圈（在万科第五园九期），生活配套设施完善，距离1200米8号仓可以大型购物，喝茶，看电影，还有坂田医院， 一个南坑水库 一个钓鱼场所休闲场，两个登山口可以爬银湖山。,"第五园共为一至九期,由四条路分开,共有六个板块,门口有南坪,清平等高速,坂银隧道已开通,第五园八期自带公交总站,另有轨道交通从福田到平湖,经过坂田有九个站,第五园有设站,步行1000米可到。",,,暂无数据,2024-04-16,商品房,普通住宅,暂无数据,共有,无抵押,挂牌时间:2024-04-16 | 交易权属:商品房 | 上次交易:暂无数据 | 房屋用途:普通住宅 | 房屋年限:暂无数据 | 产权所属:共有 | 抵押信息:无抵押 | 房本备件:未上传房本照片,客厅 / 27.42平米 / 南 / 普通窗 ; 餐厅 / 19.96平米 / 南 / 普通窗 ; 卧室A / 44.45平米 / 北 / 普通窗 ; 卧室B / 13.3平米 / 北 / 普通窗 ; 卧室C / 9.03平米 / 北 / 落地窗 ; 卧室D / 19.82平米 / 无 / 未知窗户类型 ; 厨房 / 9.89平米 / 北 / 普通窗 ; 卫生间A / 4.74平米 / 无 / 无窗 ; 卫生间B / 3.27平米 / 西 / 普通窗 ; 卫生间C / 4.02平米 / 东 南 / 普通窗 ; 露台 / 10.67平米 / 无 / 无窗 ; 过道 / 5.92平米 / 无 / 无窗 ; 入户花园A / 22.27平米 / 西 东 南 / 普通窗 ; 入户花园B / 28.36平米 / 南 / 普通窗,
四季花城复式出售，南北向，位置安静,"万科四季花城七期 , 坂田",5室2厅,104.6平米,南 北,,高楼层(共6层),2003年,板楼,550 万,52582 元,2,,,近地铁 | VR房源,https://sz.lianjia.com/ershoufang/105114849021.html,地铁 | VR房源,房子满五年， 南北向，位置安静，复式房，带露台,小区由万科地产集团开发，一共有36个独立苑，共分七期开发，花园式小区，绿化植被很多，带露天游泳池和健身会所及相应运动器械供住户健身，社区运动氛围棒；万科物业24小时严格管控，夜间有保安巡逻，外人基本无法随意出入，人车分流，充分保护行人安全。,小区内有博雅、曼京、海丽达幼儿园等，商场类有华润万家，海达和成购物广场、阳光湾畔，8号仓奥特莱斯等。医疗类有深圳坂田医院、布吉医院花城社康医院（小区内）；网球场，篮球场，健身会所等！,此房距离地铁5号线和10号线A口，交通发达，小区旁边有布龙路、梅观高速、机荷高速、南坪快速等，乘坐公交或驾车出行到福田、罗湖、南山等地较方便（距离信息来源于百度地图）,,,暂无数据,2023-09-19,商品房,普通住宅,暂无数据,非共有,有抵押,挂牌时间:2023-09-19 | 交易权属:商品房 | 上次交易:暂无数据 | 房屋用途:普通住宅 | 房屋年限:暂无数据 | 产权所属:非共有 | 抵押信息:有抵押 | 房本备件:未上传房本照片,客厅 / 34.51平米 / 北 南 / 普通窗 ; 卧室A / 15.66平米 / 南 / 落地飘窗 ; 卧室B / 10.52平米 / 无 / 未知窗户类型 ; 卧室C / 7.83平米 / 北 / 普通窗 ; 卧室D / 9.23平米 / 北 / 普通窗 ; 卧室E / 16.08平米 / 无 / 未知窗户类型 ; 厨房 / 5.12平米 / 北 / 普通窗 ; 卫A / 4.36平米 / 东 / 普通窗 ; 卫B / 3.07平米 / 南 / 普通窗 ; 卫C / 2.43平米 / 南 / 普通窗 ; 阳台A / 4.84平米 / 西 西南 南 东南 / 普通窗 ; 阳台B / 2.82平米 / 北 东 / 普通窗 ; 过道 / 2.76平米 / 无 / 无窗 ; 过道 / 42.01平米 / 北 东 南 / 落地窗,
即买即住 南北通透  精装保养好,"万科第五园五期 , 坂田",3室2厅,127.1平米,南 北,精装,高楼层(共14层),2009年,板塔结合,650 万,51141 元,5,,,VR看装修,https://sz.lianjia.com/ershoufang/105120358191.html,VR看装修,即买即住 南北通透  精装保养好,万科第五园五期2010年开发建筑，人车分流，车位充足，地下车库两层，自带游泳池、网球场、儿童娱乐场、老人休闲室。自带华润万家生活，钱大妈生鲜店，水果先生，百果园，早餐店等。,五期与六八期打通，园林，休闲配套，消费等都是共享，地势高，楼下有小三制，和义务读书体系，不用过马路，一站式解决娃娃好好读书，天天向上，五期带游泳池，网球场，和儿童游乐场等，八期有很多草坪，可养宠物等，南面是银湖山效野公园，和南坑公园等,坂银通道坂田首站楼盘，去福田很便捷，小区出门200米有公交站台，去华为和民治方向的车都有，还有一个去会展市内的车，里城公交总站有去科技园的车，自驾车出门右转就直通南坪快速或是坂银隧道,,,暂无数据,2025-04-10,商品房,普通住宅,暂无数据,非共有,无抵押,挂牌时间:2025-04-10 | 交易权属:商品房 | 上次交易:暂无数据 | 房屋用途:普通住宅 | 房屋年限:暂无数据 | 产权所属:非共有 | 抵押信息:无抵押 | 房本备件:未上传房本照片,客厅 / 36.64平米 / 无 / 未知窗户类型 ; 卧室A / 20.01平米 / 无 / 未知窗户类型 ; 卧室B / 11.81平米 / 无 / 未知窗户类型 ; 卧室C / 8.21平米 / 北 / 落地窗 ; 卫A / 5.17平米 / 北 / 普通窗 ; 卫B / 4.39平米 / 北 / 普通窗 ; 阳台A / 4.38平米 / 北 / 落地窗 ; 阳台B / 4.93平米 / 北 / 落地窗 ; 过道 / 2.9平米 / 无 / 无窗,
此房楼层适中，朝南，看花园采光视野好，房子满五税少,"佳兆业中央广场一期 , 坂田",3室2厅,87.57平米,南,精装,中楼层(共48层),2013年,塔楼,520 万,59382 元,0,,,近地铁 | VR看装修,https://sz.lianjia.com/ershoufang/105116645939.html,地铁 | VR看装修,此房楼层适中，朝南，看花园采光视野好，房子满五税少,次新社区，人车分流，小区内有健身广场和花园，园林式社区，自带大泳池，健身场所、会所，配套齐全，居家舒适。,社区依托高新技术产业园，物业形态丰富，集住宅、酒店、大型综合体配套于一体，小区旁边就是天安云谷、华为总部，前后双地铁口。,10号线双地铁物业，项目是挨着坂雪岗大道和坂澜大道，沿着坂雪岗大道可以去梅林关，也可以转布龙路转南坪快速和水官高速，也可以从转贝尔路再转梅关高速，上坂澜大道可以去观澜也可以去平湖；多条公交路线直达罗湖、福田，交通很便利。,,,暂无数据,2024-04-11,商品房,普通住宅,暂无数据,非共有,有抵押 金融公司垫资,挂牌时间:2024-04-11 | 交易权属:商品房 | 上次交易:暂无数据 | 房屋用途:普通住宅 | 房屋年限:暂无数据 | 产权所属:非共有 | 抵押信息:有抵押 金融公司垫资 | 房本备件:未上传房本照片,客厅 / 20.91平米 / 南 / 普通窗 ; 卧室A / 9.2平米 / 无 / 未知窗户类型 ; 卧室B / 10.85平米 / 无 / 未知窗户类型 ; 卧室C / 9.54平米 / 东 / 落地窗 ; 厨房 / 4.91平米 / 东 / 普通窗 ; 卫 / 4.01平米 / 无 / 普通窗 ; 阳台A / 5.26平米 / 东 南 / 普通窗 ; 阳台B / 2.75平米 / 东 / 普通窗 ; 过道 / 2.99平米 / 无 / 无窗,
高楼层视野好，南北通看湖景4+1房,"龙岸花园一期 , 坂田",5室2厅,122.53平米,南 北,,高楼层(共32层),2010年,板塔结合,850 万,69371 元,1,,,近地铁 | VR房源 | 随时看房,https://sz.lianjia.com/ershoufang/105121620545.html,地铁 | VR房源 | 随时看房,此房已经满五年，南北通透视野开阔。,小区分三期开发，以大面积为主，占地110000平米，总户数1360户，2.0的密度，舒适改善型小区,,,房子已经满五年了，业主可以自己合证，没有个税，契税1%，没有增值税。,,暂无数据,2025-07-30,商品房,普通住宅,暂无数据,非共有,有抵押 400万元 农业银行 客户偿还,挂牌时间:2025-07-30 | 交易权属:商品房 | 上次交易:暂无数据 | 房屋用途:普通住宅 | 房屋年限:暂无数据 | 产权所属:非共有 | 抵押信息:有抵押 400万元 农业银行 客户偿还 | 房本备件:未上传房本照片,客厅 / 36.54平米 / 北 南 / 落地窗 ; 卧室A / 9.91平米 / 南 / 普通窗 ; 卧室B / 13.85平米 / 南 / 普通窗 ; 卧室C / 9.28平米 / 北 / 落地窗 ; 卧室D / 9.25平米 / 无 / 未知窗户类型 ; 卧室E / 8.73平米 / 北 / 落地窗 ; 厨房 / 9.32平米 / 南 / 普通窗 ; 卫A / 3.92平米 / 北 / 落地窗 ; 卫B / 4.33平米 / 北 / 落地窗 ; 阳台A / 8.98平米 / 东 南 / 普通窗 ; 阳台B / 5.95平米 / 南 / 普通窗 ; 阳台C / 5.93平米 / 北 / 落地窗 ; 阳台D / 9.74平米 / 北 / 落地窗 ; 过道 / 5.25平米 / 无 / 无窗 ; 衣帽间 / 2.42平米 / 西 / 普通窗,
满五年、格局通透、采光很不错，看房方便。,"嘉霖华禧 , 坂田",3室2厅,77.08平米,南,简装,高楼层(共15层),2017年,塔楼,430 万,55787 元,0,,,近地铁 | VR看装修,https://sz.lianjia.com/ershoufang/105118218663.html,地铁 | VR看装修,此房满五年产权优质、格局通透、采光很不错，看房方便。,嘉霖华禧小区位于深圳市龙岗区坂田街道，由深圳市嘉兴福房地产开发建成，总建筑面积78718.8，总占地面积18361.9，共计房屋773户，小区物业为深圳市嘉盈物业！,,小区位于深圳市坂雪岗科技城坂澜大道与环城北路交汇处，属于深圳中部发展轴心。坂澜大道、坂银通道、梅观高速、机荷高速等多条高速、快速干道出入，交通十分便利. 地铁10号线雪象站已通车，小区门口有：市人民医院坂田院区公交站，有直达深圳各个区域！,,,暂无数据,2024-09-08,商品房,普通住宅,暂无数据,非共有,无抵押,挂牌时间:2024-09-08 | 交易权属:商品房 | 上次交易:暂无数据 | 房屋用途:普通住宅 | 房屋年限:暂无数据 | 产权所属:非共有 | 抵押信息:无抵押 | 房本备件:未上传房本照片,客厅 / 19.06平米 / 西南 / 普通窗 ; 卧室A / 4.65平米 / 无 / 未知窗户类型 ; 卧室B / 9.47平米 / 无 / 未知窗户类型 ; 卧室C / 8.28平米 / 无 / 未知窗户类型 ; 厨房 / 5.36平米 / 东北 东南 / 落地窗 ; 卫 / 4.39平米 / 东北 / 落地窗 ; 阳台A / 3.16平米 / 东北 / 落地窗 ; 阳台B / 5平米 / 西南 / 普通窗 ; 过道 / 3.07平米 / 无 / 无窗,
坂田地铁口精装4房满五年南北朝向,"儒骏城立方 , 坂田",4室2厅,87.32平米,东,简装,高楼层(共27层),2017年,板塔结合,480 万,54971 元,1,,,近地铁 | VR看装修,https://sz.lianjia.com/ershoufang/105121932233.html,地铁 | VR看装修,此房满五不唯一，纯地铁上盖物业5号线地铁口50米坂田站。,小区位于坂田地铁口B出口处，有一栋甲级写字楼及3栋住宅组成，总成高23层，属于少有的低密度地铁口小区。,,,,此房属于业主家庭二套房产，满五年，有抵押贷款，可以带押过户，无增值税,暂无数据,2025-08-27,商品房,普通住宅,暂无数据,非共有,有抵押,挂牌时间:2025-08-27 | 交易权属:商品房 | 上次交易:暂无数据 | 房屋用途:普通住宅 | 房屋年限:暂无数据 | 产权所属:非共有 | 抵押信息:有抵押 | 房本备件:未上传房本照片,客厅 / 23.54平米 / 北 / 落地窗 ; 书房 / 4.38平米 / 南 / 落地窗 ; 卧室A / 11.17平米 / 无 / 未知窗户类型 ; 卧室B / 13.03平米 / 南 / 落地窗 ; 卧室C / 11.13平米 / 南 / 落地窗 ; 厨房 / 4.07平米 / 北 / 落地窗 ; 卫A / 5.6平米 / 无 / 未知窗户类型 ; 卫B / 4.02平米 / 东 / 普通窗 ; 阳台A / 2.06平米 / 西 北 / 落地窗 ; 阳台B / 4.38平米 / 西 北 东 / 落地窗 ; 过道 / 3.76平米 / 无 / 无窗 ; 门厅 / 3.03平米 / 无 / 无窗,
地铁口物业雪象A出口200米满五唯一正规四房实用面积大,"佳兆业中央广场三期 , 坂田",3室2厅,88.94平米,北,,45层,2015年,塔楼,568 万,63864 元,3,,,近地铁 | VR看装修,https://sz.lianjia.com/ershoufang/105117375337.html,地铁 | VR看装修,满五唯一，装修保养好，目前正规四房，实用面积大视野开濶,小区规模：总共分为6期开发的大楼盘。3个幼儿园：自带综合MALL，加270米万豪酒店（六期项目），二期的地理位置很好，小区东门门口200米就是地铁口雪象站,全新社区，人车分流，24小时保安轮流值班，社区有自己的健身广场和花园，园林式社区。占地约三十万平，建面约一百八十万平米，依托高新技术产业园，佳兆业城市广场物业形态丰富，集住宅、酒店于一体。旁边就是天安云谷、华为总部。,项目是挨着坂雪岗大道和坂澜大道，沿着坂雪岗大道可以去梅林关（去关内方向）、也可以转布龙路转南坪快速和水官高速，也可以从转贝尔路再转梅关高速，上坂澜大道可以去观澜也可以去平湖。交通很方便。高速交通：梅观高速、清平高速、坂雪岗大道、南坪快速.,,,暂无数据,2024-06-22,商品房,普通住宅,暂无数据,非共有,有抵押,挂牌时间:2024-06-22 | 交易权属:商品房 | 上次交易:暂无数据 | 房屋用途:普通住宅 | 房屋年限:暂无数据 | 产权所属:非共有 | 抵押信息:有抵押 | 房本备件:未上传房本照片,客厅 / 33.66平米 / 北 / 落地窗 ; 卧室A / 8.04平米 / 无 / 未知窗户类型 ; 卧室B / 12.37平米 / 无 / 未知窗户类型 ; 卧室C / 8.13平米 / 无 / 未知窗户类型 ; 厨房 / 8.54平米 / 西 / 落地窗 ; 卫A / 3.29平米 / 北 / 普通窗 ; 卫B / 4.12平米 / 无 / 未知窗户类型 ; 阳台A / 3.67平米 / 北 东 / 普通窗 ; 阳台B / 3.53平米 / 西 / 落地窗 ; 储物间 / 5.31平米 / 无 / 无窗 ; 过道 / 5.36平米 / 无 / 无窗,
精装3房 南北向 看花园 安静  随时看房,"万科四季花城六期 , 坂田",3室2厅,105.8平米,南,简装,低楼层(共6层),2002年,板塔结合,490 万,46314 元,0,,,近地铁 | VR看装修,https://sz.lianjia.com/ershoufang/105119183571.html,地铁 | VR看装修,此房在六期，花园中间位置，安静，自住精装修，楼层好,四季花城是万科开发的大型住宅小区，物业管理公司也是万科的，小区环境好，管理有序。小区内各项完善，生活购物、文体康娱等很方便,小区东边约300米有两个购物广场，分别是伍和五，海达和成购物广场；小区南面300米左右有8号仓购物广场；小区北边约800米是天虹商场,万科四季花城在坂田比较好的位置，布龙路与五和大道交汇，地铁5号线与10号线在五和站换成。小区出门地铁口、公交站都有，地铁两站到深圳北站，交通出行很方便,,,暂无数据,2024-12-12,商品房,普通住宅,暂无数据,非共有,有抵押 260万元 建行和公积金,挂牌时间:2024-12-12 | 交易权属:商品房 | 上次交易:暂无数据 | 房屋用途:普通住宅 | 房屋年限:暂无数据 | 产权所属:非共有 | 抵押信息:有抵押 260万元 建行和公积金 | 房本备件:未上传房本照片,客厅 / 34.39平米 / 南 / 普通窗 ; 卧室A / 16.68平米 / 无 / 未知窗户类型 ; 卧室B / 9.35平米 / 北 / 落地窗 ; 卧室C / 8.08平米 / 北 / 普通窗 ; 厨房 / 6.41平米 / 北 / 普通窗 ; 卫A / 4.29平米 / 北 / 普通窗 ; 卫B / 3.23平米 / 东 / 普通窗 ; 阳台A / 4.29平米 / 西 东 南 / 普通窗 ; 阳台B / 2.65平米 / 北 东 / 普通窗 ; 过道 / 2.54平米 / 无 / 无窗,
满两年业主诚心卖，坂田热闹地段,"台湾花园 , 坂田",3室2厅,80.29平米,南,,低楼层(共7层),1992年,板塔结合,300 万,37365 元,1,,,近地铁 | VR看装修,https://sz.lianjia.com/ershoufang/105121289305.html,地铁 | VR看装修,使用率高没有增值税小区少有楼层低户型,小区地处坂田繁华商圈，由4栋多个单元组成。步梯房top7层，板楼结构一层两户，坐北朝南，采光充足，小区内自带幼儿园。出行方便，小区边生活气息浓厚。,小区旁边就是坂田市场，买菜购物方便，小区的南面一路之隔是坂田市场，有餐饮、购物、影院、娱乐一条龙。在西边的吉华路和五和大道交汇处是坂田天虹旗舰店，银行、培训机构、餐饮、购物等一应俱全。,小区楼下80米就是地铁十号线（坂田北站），可以直达福田口岸。一站到五和可转5号线，往返布吉深圳东和深圳北高铁。,,,暂无数据,2025-07-01,商品房,普通住宅,暂无数据,非共有,有抵押,挂牌时间:2025-07-01 | 交易权属:商品房 | 上次交易:暂无数据 | 房屋用途:普通住宅 | 房屋年限:暂无数据 | 产权所属:非共有 | 抵押信息:有抵押 | 房本备件:未上传房本照片,客厅 / 21.61平米 / 西北 东南 / 普通窗 ; 卧室A / 13.48平米 / 东南 / 普通窗 ; 卧室B / 7.88平米 / 西北 / 普通窗 ; 卧室C / 5.31平米 / 无 / 无窗 ; 厨房 / 4.56平米 / 西北 / 普通窗 ; 卫 / 3.39平米 / 西北 / 普通窗 ; 阳台 / 5.35平米 / 西南 东北 东南 / 普通窗 ; 过道 / 1.81平米 / 无 / 无窗,
电梯大四房，精装房拎包入住，2020年交付。,"华晖瑞禧 , 坂田",4室2厅,142.24平米,南,精装,低楼层(共43层),2020年,塔楼,780 万,54837 元,0,,,近地铁 | VR看装修,https://sz.lianjia.com/ershoufang/105120342619.html,地铁 | VR看装修,户型方正，客厅大阳台正南朝向看银湖山景，精装修买来直接入,2020年次新小区，小区位于银湖山1公里处，距鸡公山隧道1.5公里，方便到达罗湖，福田，南山。自带幼儿园，充足停车位，楼下买生活所需也方便,享受 15 年一站式，首先项目自带一所 9 班约 3000 ㎡幼儿园，同时在项目西北约 500 米处有一所 9 年一贯制的公立——坂田实验（30 班小、15 班中）。另外，项目南面为规划教育用地，3 公里范围内还有一所全国唯一的科学高中。,两横四纵”成熟交通路网体系（两横：布龙路、南坪快速；四纵：五和大道、坂雪岗大道、梅观高速、清平高速）；邻近地铁5号线坂田站； 地处鸡公山通道首排，约一刻钟直达福田区，建立起快速通达全城的半小时生活圈。,,,暂无数据,2025-04-09,商品房,普通住宅,暂无数据,非共有,有抵押 500万元 建设银行 金融公司垫资,挂牌时间:2025-04-09 | 交易权属:商品房 | 上次交易:暂无数据 | 房屋用途:普通住宅 | 房屋年限:暂无数据 | 产权所属:非共有 | 抵押信息:有抵押 500万元 建设银行 金融公司垫资 | 房本备件:未上传房本照片,客厅 / 38.75平米 / 北 / 普通窗 ; 卧室A / 15.63平米 / 无 / 未知窗户类型 ; 卧室B / 11.01平米 / 无 / 未知窗户类型 ; 卧室C / 11.04平米 / 无 / 未知窗户类型 ; 卧室D / 9.53平米 / 无 / 未知窗户类型 ; 厨房 / 7.83平米 / 北 / 普通窗 ; 卫A / 4.29平米 / 北 / 普通窗 ; 卫B / 2.5平米 / 北 / 落地窗 ; 阳台 / 6.57平米 / 北 / 普通窗,
说看房就看房 别墅区1房天花板,"十二橡树庄园一期 , 坂田",2室1厅,68.09平米,东南,简装,16层,2011年,板楼,360 万,52872 元,5,,,近地铁 | VR看装修,https://sz.lianjia.com/ershoufang/105115356886.html,地铁 | VR看装修,中间位置，东南向高楼层，安静，近景看花园，远景看银湖山,十二橡树是深圳唯一原石山别墅、深圳唯一电梯别墅、区域唯一台地别墅、230米礼宾大道、深圳唯一径端路设计、纯智能化小区”，双拼、TH、叠拼及小高层平面房，经典的北美庄园范本，是现代别墅生活新潮流,此房小区所在位置配套好，交通方便，较近的一个大型海达和成购物广场在五和地铁站B出口处，距离小区约600米，较近的综合市场距离小区约500米。小区北面300米有坂田医院,小区北面是布龙路，东面300米是坂雪岗大道，南面200米是永香路，西面400米是五和大道，各大要道相互交汇四通八达。小区还是双地铁口物业，地铁环中线的坂田站与五和站分布于小区东西两侧约步行500米,,,暂无数据,2023-11-17,商品房,普通住宅,暂无数据,非共有,无抵押,挂牌时间:2023-11-17 | 交易权属:商品房 | 上次交易:暂无数据 | 房屋用途:普通住宅 | 房屋年限:暂无数据 | 产权所属:非共有 | 抵押信息:无抵押 | 房本备件:未上传房本照片,客厅 / 20.25平米 / 东南 / 普通窗 ; 卧室A / 11.47平米 / 东南 / 普通窗 ; 卧室B / 5.22平米 / 无 / 无窗 ; 厨房 / 4.98平米 / 东南 / 普通窗 ; 卫 / 4.04平米 / 无 / 无窗 ; 阳台A / 5.5平米 / 东南 / 普通窗 ; 阳台B / 8.08平米 / 东南 / 普通窗,
电梯房 采光充足 交通便利 配套完整 通勤福田南山方便,"阳光第五季 , 坂田",3室2厅,71.76平米,南,精装,中楼层(共11层),2008年,塔楼,370 万,51561 元,1,,,近地铁 | VR看装修 | 房本满五年,https://sz.lianjia.com/ershoufang/105121267001.html,地铁 | VR看装修 | 房本满五年,此房满五唯一，楼层好，采光充足，交通便利，厅出..,小区是2008年小区，物业费3.85/平米，一梯四户，车位比1比0.5，停车月卡200/月阳光第五季位于坂田五和大道旁，万科四季花城南侧，小区占地17314㎡，建筑面积48480㎡，由两栋11层两栋17层的小高层组成，计488套单位。主要面向年轻人士定位，主力户型在70㎡..,距离小区200米处有一个大型的8号仓奥特莱斯购物广场，坂田医院距离小区1000米，离坂田天虹1500米。 2公里范围内有坂田手造文化街、星河cococity、佳华maxcit购物广场、银湖山森林公园。,近地铁，出小区即可到地铁口，开车去福田南山都很方便，很不错，楼下50米就是10号线地铁口，直达福田口岸；900米达到五和地铁站 可以换乘5号线至宝安/前海 梅观高速上下口也是在1千米范围内，开车到福田南山也很便利。,,,2009-09-24,2025-06-29,商品房,普通住宅,满五年,共有,有抵押 40万元 银行 客户偿还,挂牌时间:2025-06-29 | 交易权属:商品房 | 上次交易:2009-09-24 | 房屋用途:普通住宅 | 房屋年限:满五年 | 产权所属:共有 | 抵押信息:有抵押 40万元 银行 客户偿还 | 房本备件:已上传房本照片,客厅 / 19.76平米 / 无 / 未知窗户类型 ; 卧室A / 8.13平米 / 南 / 落地窗 ; 卧室B / 11.35平米 / 南 / 普通窗 ; 卧室C / 8.39平米 / 无 / 未知窗户类型 ; 厨房 / 4.31平米 / 无 / 无窗 ; 卫 / 3.34平米 / 西 / 普通窗 ; 阳台 / 3.83平米 / 西 南 / 普通窗 ; 储物间 / 3.62平米 / 北 / 普通窗 ; 门厅 / 5.95平米 / 无 / 无窗,
花城低楼层大三房朝南，满五年精装修税费少！,"万科四季花城六期 , 坂田",3室1厅,106.44平米,南,,低楼层(共9层),2002年,板楼,558 万,52424 元,13,,,近地铁 | VR看装修 | 房本满五年,https://sz.lianjia.com/ershoufang/105112676331.html,地铁 | VR看装修 | 房本满五年,此房满五年精装修税费少，朝南安静，位置好！,小区由万科地产集团开发，一共有36个独立苑，共分七期开发，花园式小区，绿化植被很多，带露天游泳池和健身会所及相应运动器械供住户健身，社区运动氛围棒；万科物业24小时严格管控，夜间有保安巡逻，外人基本无法随意出入，人车分流，充分保护行人安全,小区内有博雅幼儿园、海丽达幼儿园等，商场类有华润万家，五和购物广场、海达和成购物广场、坂田民营市场等。医疗类有深圳坂田医院、龙华人民医院、布吉医院花城社康医院（小区内）；银行为招商银行、中国银行、民生银行自助机及平安银行等，各式卖菜.,小区东门距离地铁5号线和10号线50米，地铁连接的站点有深圳北站、布吉、太安、黄贝岭、宝安、前海湾（以上都为地铁中转站）交通发达，有布龙路、梅观高速、机荷高速、南坪快速等，乘坐公交或驾车出行到福田、罗湖、南山等地较方便,,,2013-03-04,2023-02-16,商品房,普通住宅,满五年,非共有,无抵押,挂牌时间:2023-02-16 | 交易权属:商品房 | 上次交易:2013-03-04 | 房屋用途:普通住宅 | 房屋年限:满五年 | 产权所属:非共有 | 抵押信息:无抵押 | 房本备件:已上传房本照片,客厅 / 33.94平米 / 北 南 / 普通窗 ; 卧室A / 17.37平米 / 无 / 未知窗户类型 ; 卧室B / 10.64平米 / 北 / 落地窗 ; 卧室C / 8.78平米 / 无 / 未知窗户类型 ; 厨房 / 4.45平米 / 北 / 普通窗 ; 卫生间A / 4.39平米 / 东 / 普通窗 ; 卫生间B / 3.16平米 / 南 / 普通窗 ; 阳台A / 4.56平米 / 西 东 南 / 普通窗 ; 阳台B / 5.44平米 / 北 东 / 普通窗,
红本次新房，南向卧室，双地铁精装三房，双电梯,"诺德中央道 , 坂田",3室2厅,88.89平米,东南,精装,低楼层(共34层),2014年,塔楼,410 万,46125 元,3,,,近地铁 | VR看装修,https://sz.lianjia.com/ershoufang/105114188919.html,地铁 | VR看装修,坂田离福田，罗湖近，电梯房，小区较新，车位足,,,距5号线地铁站约900米，自驾上南坪快速1000米，到坂雪岗大道100米，方便通过鸡公山隧道，很快到达罗湖，福田，龙华，龙岗等地。,,,暂无数据,2023-07-08,商品房,普通住宅,暂无数据,非共有,无抵押,挂牌时间:2023-07-08 | 交易权属:商品房 | 上次交易:暂无数据 | 房屋用途:普通住宅 | 房屋年限:暂无数据 | 产权所属:非共有 | 抵押信息:无抵押 | 房本备件:未上传房本照片,客厅 / 24.13平米 / 西南 / 普通窗 ; 卧室A / 7.15平米 / 无 / 未知窗户类型 ; 卧室B / 11.82平米 / 无 / 未知窗户类型 ; 卧室C / 6.63平米 / 西北 / 普通窗 ; 厨房 / 5.12平米 / 西北 / 普通窗 ; 卫生间 / 3.6平米 / 无 / 未知窗户类型 ; 阳台 / 5平米 / 西南 / 普通窗 ; 过道 / 4.29平米 / 无 / 无窗,
湖边四层洋房 带车位看湖景 位置安静 户型已改好,"春华四季园一期 , 坂田",4室1厅,172.63平米,东,,高楼层(共5层),2006年,板塔结合,1380 万,79940 元,0,,,VR房源 | 随时看房,https://sz.lianjia.com/ershoufang/105121490125.html,VR房源 | 随时看房,湖边四层洋房 带车位看湖景 位置安静 户型已改好,龙华数一数二围合式花园大社区！成熟环境优美，低密度，使用面积大,小区自带：小区一条街、华润万家、特蕾丝幼儿园、游泳馆、网球场、篮球场、羽毛球场、休闲会所等配套，生活购物便利，购物：8号仓奥特莱斯、龙华名车广场，东门离阳光湾畔购物广场、海达和成购物广场,华南路和民康路交汇处，旁边是梅观高速可以去福田南山，观澜东莞，交通便利，深圳中轴。,,,暂无数据,2025-07-18,商品房,普通住宅,暂无数据,非共有,有抵押 600万元 民生银行 金融公司垫资,挂牌时间:2025-07-18 | 交易权属:商品房 | 上次交易:暂无数据 | 房屋用途:普通住宅 | 房屋年限:暂无数据 | 产权所属:非共有 | 抵押信息:有抵押 600万元 民生银行 金融公司垫资 | 房本备件:未上传房本照片,,
华为旁，采光好，看花园，带入户，视野好。,"佳兆业中央广场一期 , 坂田",4室1厅,89.52平米,南,,高楼层(共47层),2013年,板楼,500 万,55854 元,0,,,近地铁 | VR房源,https://sz.lianjia.com/ershoufang/105119383212.html,地铁 | VR房源,佳兆业城市一期，华为旁，采光好，看花园，带入户，视野好。,小区总共分为6期开发建设，壹万多户的大社区，总占地约三十万，项目总建面约壹佰捌拾万平左右，十五万平米综合MALL，加270米酒店（六期项目），新社区，人车分流，社区有自己的健身广场和花园，园林式社区,新社区，人车分流，24小时保安轮流值班，社区有自己的健身广场和花园，园林式社区。依托高新技术产业园，佳兆业城市广场物业形态丰富，集住宅、酒店于一体。小区左边是天安云谷、华为总部基地，配套齐全,10号线双地铁物业，项目是挨着坂雪岗大道和坂澜大道，沿着坂雪岗大道可以去梅林关，也可以转布龙路转南坪快速和水官高速，也可以从转贝尔路再转梅关高速，上坂澜大道可以去观澜也可以去平湖；多条公交路线直达罗湖、福田，交通很便利,,,暂无数据,2025-01-02,商品房,普通住宅,暂无数据,非共有,有抵押 390万元,挂牌时间:2025-01-02 | 交易权属:商品房 | 上次交易:暂无数据 | 房屋用途:普通住宅 | 房屋年限:暂无数据 | 产权所属:非共有 | 抵押信息:有抵押 390万元 | 房本备件:未上传房本照片,客厅 / 26.6平米 / 北 南 / 落地窗 ; 卧室A / 5.15平米 / 北 / 落地窗 ; 卧室B / 6.95平米 / 北 / 普通窗 ; 卧室C / 14.85平米 / 无 / 未知窗户类型 ; 卧室D / 7.86平米 / 无 / 未知窗户类型 ; 厨房 / 5.07平米 / 西 / 落地窗 ; 卫生间A / 3.78平米 / 无 / 未知窗户类型 ; 卫生间B / 4.81平米 / 无 / 未知窗户类型 ; 阳台A / 6.92平米 / 西 北 东 / 普通窗 ; 阳台B / 3.01平米 / 西 / 落地窗 ; 过道 / 3.1平米 / 无 / 无窗 ; 门厅 / 3.1平米 / 无 / 无窗,
次新社区 复式结构 面积实用 价格实惠,"嘉霖华禧 , 坂田",1室1厅,36.7平米,北,精装,高楼层(共7层),2017年,塔楼,150 万,40872 元,0,,,近地铁 | VR房源 | 房本满五年,https://sz.lianjia.com/ershoufang/105118959719.html,地铁 | VR房源 | 房本满五年,房子面积实用，复式上下两层，布局温馨，价格便宜,嘉霖华禧位于深圳市龙岗区坂田，由深圳市嘉兴福房地产开发建成，总建筑面积78718.8，总占地面积18361.9，共计房屋773户，项目占地面积约万平米，总建筑面积约万平米，包含住宅、商务办公、临街等物业形态,,项目位于深圳市坂雪岗科技城坂澜大道与环城北路交汇处，属于深圳中部发展轴心。坂澜大道、坂银通道、梅观高速、机荷高速等多条高速、快速干道出入，交通十分便利. 地铁10号线雪象站已通车，小区门口有：市人民医院坂田院区公交站，有直达深圳各个区域,,,2016-07-21,2024-11-19,商品房,商务公寓,满五年,非共有,无抵押,挂牌时间:2024-11-19 | 交易权属:商品房 | 上次交易:2016-07-21 | 房屋用途:商务公寓 | 房屋年限:满五年 | 产权所属:非共有 | 抵押信息:无抵押 | 房本备件:已上传房本照片,客厅 / 16.32平米 / 西北 / 落地窗 ; 卧室 / 14.65平米 / 无 / 无窗 ; 厨房 / 4.72平米 / 无 / 无窗 ; 卫 / 3.74平米 / 无 / 无窗,
南向自住大四房 板楼花园中间位置 看房方便,"万科第五园五期 , 坂田",4室1厅,88.7平米,南,精装,中楼层(共19层),2010年,板塔结合,780 万,87937 元,1,,,VR看装修 | 房本满五年,https://sz.lianjia.com/ershoufang/105118747594.html,VR看装修 | 房本满五年,此房业主自住保养好  小区中间位置三面采光安静 看泳池和花园,万科第五园共分九期开发，目前整个项目已经开发完毕且已售磬，万科物业管理下小区是封闭式的管理。 2010年开发建筑，小区人车分流，车位充足地下车库两层，小区自带游泳池 网球场 儿童娱乐场 老人休闲室，社康.,,坂银通道坂田首站楼盘，去福田很便捷，小区出门200米有公交站台，去华为和民治方向的车都有，还有一个去会展市内的车，里城公交总站有去科技园的车，自驾车出门右转就直通南坪快速或是坂银隧道,,,2013-02-27,2024-10-30,商品房,普通住宅,满五年,非共有,无抵押,挂牌时间:2024-10-30 | 交易权属:商品房 | 上次交易:2013-02-27 | 房屋用途:普通住宅 | 房屋年限:满五年 | 产权所属:非共有 | 抵押信息:无抵押 | 房本备件:已上传房本照片,客厅 / 30.81平米 / 西 北 / 落地窗 ; 卧室A / 15.25平米 / 东 / 落地窗 ; 卧室B / 9.82平米 / 无 / 未知窗户类型 ; 卧室C / 8.6平米 / 无 / 未知窗户类型 ; 卧室D / 24.53平米 / 无 / 未知窗户类型 ; 厨房 / 6.5平米 / 西 / 普通窗 ; 卫A / 4.82平米 / 无 / 无窗 ; 卫B / 5.14平米 / 南 / 普通窗 ; 阳台 / 5.78平米 / 西 南 / 普通窗 ; 储物间 / 4.89平米 / 北 / 普通窗 ; 过道 / 5.63平米 / 无 / 无窗 ; 门厅 / 11.41平米 / 西 / 普通窗,
云谷科技园旁双地铁口大复式，高租金，急售,"佳兆业中央广场六期 , 坂田",5室2厅,258平米,西北,精装,高楼层(共41层),2020年,塔楼,465 万,18024 元,1,,,近地铁,https://sz.lianjia.com/ershoufang/105118596073.html,地铁,此房红本在手，精装复式，易出租，高租金，急售,,,地铁十号线地铁口岗头站和雪象站，步行可达；如果自驾，2个红绿灯可上高速；,,,2023-12-25,2024-10-15,商品房,商业办公类,未满两年,非共有,无抵押,挂牌时间:2024-10-15 | 交易权属:商品房 | 上次交易:2023-12-25 | 房屋用途:商业办公类 | 房屋年限:未满两年 | 产权所属:非共有 | 抵押信息:无抵押 | 房本备件:已上传房本照片,客厅 / 20.12平米 / 北 / 落地窗 ; 卧室A / 7.49平米 / 无 / 无窗 ; 卧室B / 8.14平米 / 无 / 无窗 ; 厨房 / 4.62平米 / 无 / 无窗 ; 卫 / 3.68平米 / 无 / 无窗 ; 过道 / 4.87平米 / 无 / 无窗,
南北大3房，中间位置，双阳台，看花园和别墅，精装修,"万科四季花城六期 , 坂田",3室2厅,105.19平米,东南,,中楼层(共6层),2002年,板塔结合,490 万,46583 元,31,,,近地铁 | VR看装修,https://sz.lianjia.com/ershoufang/105118511447.html,地铁 | VR看装修,此房在六期，花园中间位置，安静，自住精装修，保养很好！,四季花城是万科开发的大型住宅小区，物业管理公司也是万科的，小区环境好，管理有序。小区内各项完善，生活购物、文体康娱等很方便。,小区东边约300米有两个购物广场，分别是伍和五，海达和成购物广场；小区南面300米左右有8号仓购物广场；小区北边约800米是天虹商场,万科四季花城在坂田比较好的位置，布龙路与五和大道交汇，地铁5号线与10号线在五和站换成。小区出门地铁口、公交站都有，地铁两站到深圳北站，交通出行很方便,,,暂无数据,2024-10-06,商品房,普通住宅,暂无数据,非共有,无抵押,挂牌时间:2024-10-06 | 交易权属:商品房 | 上次交易:暂无数据 | 房屋用途:普通住宅 | 房屋年限:暂无数据 | 产权所属:非共有 | 抵押信息:无抵押 | 房本备件:未上传房本照片,客厅 / 35.4平米 / 北 南 / 普通窗 ; 卧室A / 16.65平米 / 无 / 未知窗户类型 ; 卧室B / 10.69平米 / 无 / 未知窗户类型 ; 卧室C / 8.82平米 / 无 / 未知窗户类型 ; 厨房 / 5.17平米 / 南 / 普通窗 ; 卫A / 4.44平米 / 东 / 普通窗 ; 卫B / 3.05平米 / 北 / 普通窗 ; 阳台A / 5.28平米 / 西 北 东 / 普通窗 ; 阳台B / 2.98平米 / 西 东 南 / 普通窗 ; 过道 / 2.52平米 / 无 / 无窗,
次顶楼 自主保养好 业主诚心出售,"富豪花园 , 坂田",3室2厅,81.45平米,北 南,,高楼层(共7层),2003年,,340 万,41744 元,2,,,VR看装修,https://sz.lianjia.com/ershoufang/105120487479.html,VR看装修,正地铁口，生活配套齐全，楼层视野好，采光充足，房子保养不错,富豪花园双地铁口，5号线环中线坂田站和10号线五和站，地理位置优越，出行方便，一直以来关注度比较高，小区户型方正朝向好主要价格低，深受刚需客户喜欢，环境绿化也不错。,小区位于龙岗区布吉镇坂田长坑地段布龙公路168号，北侧有万科商写综合体在建。300米旭景二期内有旭景幼稚园。400m有大族云峰商场；距小区300米有两万㎡万科里。2km内有阳光湾畔、8号仓、坂田天虹等商场。1km有坂田医院。,"交通四通八达,小区在布龙路坂雪岗大道两大动脉交汇西南侧,南面1km上坂银南坪,通达福田南山方便；东面两个灯位上清平水官,通达罗湖盐田惠州；西侧2km上G94,通达宝安东莞广州；北达天安和华为。北门即5号线坂田地铁口,1站换10号线到福田口岸,东门即公交站。",,,暂无数据,2025-04-22,商品房,普通住宅,暂无数据,非共有,有抵押,挂牌时间:2025-04-22 | 交易权属:商品房 | 上次交易:暂无数据 | 房屋用途:普通住宅 | 房屋年限:暂无数据 | 产权所属:非共有 | 抵押信息:有抵押 | 房本备件:未上传房本照片,客厅 / 22.58平米 / 北 / 普通窗 ; 卧室01 / 12.55平米 / 北 / 普通窗 ; 卧室02 / 13.9平米 / 北 / 普通窗 ; 卧室03 / 11.14平米 / 北 / 普通窗 ; 厨房 / 5.6平米 / 北 / 普通窗 ; 卫 / 2.41平米 / 北 / 普通窗,
低密度小区，房子满五唯一，高使用率,"龙岸花园一期 , 坂田",4室2厅,84.31平米,南,,低楼层(共32层),2010年,塔楼,620 万,73539 元,0,,,近地铁 | VR房源,https://sz.lianjia.com/ershoufang/105121179360.html,地铁 | VR房源,低密度小区，房子满五唯一，高使用率,龙岸占地约100000㎡，总建筑面积约270000㎡，约180㎡的半山叠墅，约220㎡的半山联排双拼；不仅可以观赏到内部园林景观，还可以远望民治水库和塘朗山、银湖山等外部自然景观；二期园林因地制宜，规划成退台式的布局,,龙岸花园位于雅园路和华南路交汇处，地铁10号线光雅园站200米，地理位置安静，小区被半山包围，两条高速，梅观高速和南平快速，民康路直达。小区门口是公交站台，多条公交线路去深圳北站。,,,暂无数据,2025-06-22,商品房,普通住宅,暂无数据,非共有,有抵押 50万元 农行,挂牌时间:2025-06-22 | 交易权属:商品房 | 上次交易:暂无数据 | 房屋用途:普通住宅 | 房屋年限:暂无数据 | 产权所属:非共有 | 抵押信息:有抵押 50万元 农行 | 房本备件:未上传房本照片,客厅 / 31.47平米 / 北 / 落地窗 ; 书房 / 6.64平米 / 北 / 落地窗 ; 卧室A / 9.01平米 / 北 / 落地窗 ; 卧室B / 13.86平米 / 北 / 落地窗 ; 厨房 / 3.57平米 / 无 / 无窗 ; 卫 / 4.67平米 / 北 / 落地窗 ; 阳台 / 7.89平米 / 北 / 落地窗 ; 储物间 / 5.96平米 / 北 / 落地窗 ; 门厅 / 8.55平米 / 北 / 落地窗,
正南向看银湖山景，视野开阔，满五唯一，自己重新装修,"佳兆业悦峰 , 坂田",3室2厅,86.74平米,东南,精装,高楼层(共33层),2013年,板塔结合,530 万,61103 元,3,,,近地铁 | VR看装修 | 房本满五年,https://sz.lianjia.com/ershoufang/105118697669.html,地铁 | VR看装修 | 房本满五年,满五唯一，朝南向看花园，看银湖山梧桐山，视野开阔,佳兆业悦峰是佳兆业开发商，是上市房企排名靠前的开发商，开发商实力雄厚，佳兆业物业也是比较优质的物业管理公司，为小区高品质生活保驾护航。该小区是2013年次新小区，佳兆业物业，容积2.5，车位1：1带有室内篮球场，生活配套较齐全，居住舒适,,有地铁5号线杨美站C出口900米（参考高德地图），4站抵深圳北站深圳东站，西至赤湾东至黄贝岭。或步行400米至宏扬公交站也有多条公交路线可达深圳各区域。衔接各大高速快速，3公里内直上布龙路、清平高速、水官高速，南坪快速、梅观高速、坂银通道等,,,2020-03-26,2024-10-25,商品房,普通住宅,满五年,非共有,有抵押,挂牌时间:2024-10-25 | 交易权属:商品房 | 上次交易:2020-03-26 | 房屋用途:普通住宅 | 房屋年限:满五年 | 产权所属:非共有 | 抵押信息:有抵押 | 房本备件:已上传房本照片,客厅 / 26.78平米 / 南 / 落地窗 ; 卧室A / 9.46平米 / 无 / 未知窗户类型 ; 卧室B / 8.66平米 / 无 / 未知窗户类型 ; 卧室C / 12.86平米 / 无 / 未知窗户类型 ; 厨房 / 6.12平米 / 西 / 普通窗 ; 卫A / 2.43平米 / 无 / 无窗 ; 卫B / 4.53平米 / 西 / 普通窗 ; 阳台 / 5.65平米 / 南 / 落地窗 ; 过道 / 3.62平米 / 无 / 无窗,
第五园152平米大四房，多阳台出售,"万科第五园五期 , 坂田",5室2厅,152.26平米,南,,中楼层(共14层),2009年,板塔结合,800 万,52542 元,3,,,VR看装修,https://sz.lianjia.com/ershoufang/105119712744.html,VR看装修,此房一本证四房二厅二卫，有拓展外阳台。,万科第五园是由万科地产开发，总建面530000㎡，共分九期开发，目前整个项目已经开发完毕且已售磬，万科物业管理下小区是封闭式的管理。福田的后花园。,万科第五园九期万科里购物广场，800米坂田手造文化街，1.5公里有8号仓、阳光湾畔、海达和城等大型商场，购物休闲一条龙服务。600米有银湖山公园，有登山跑道，钓鱼场    社区里有篮球场，网球场，游泳池。,小区出门100米有公交站台，去华为和民治方向的车都有，还有一个去会展市内的车，里城公交总站有去科技园的车，自驾车出门右转就直通南坪快速和坂银隧道,,,暂无数据,2025-02-16,商品房,普通住宅,暂无数据,共有,有抵押,挂牌时间:2025-02-16 | 交易权属:商品房 | 上次交易:暂无数据 | 房屋用途:普通住宅 | 房屋年限:暂无数据 | 产权所属:共有 | 抵押信息:有抵押 | 房本备件:未上传房本照片,客厅 / 27.49平米 / 东 / 落地窗 ; 卧室A / 26.02平米 / 无 / 未知窗户类型 ; 卧室B / 9.7平米 / 无 / 未知窗户类型 ; 卧室C / 8.04平米 / 西 / 落地窗 ; 卧室D / 12.74平米 / 西 / 普通窗 ; 厨房 / 5.42平米 / 东 / 普通窗 ; 卫A / 6.81平米 / 南 / 普通窗 ; 卫B / 3.72平米 / 北 / 普通窗 ; 阳台A / 4.77平米 / 西 北 南 / 落地窗 ; 阳台B / 7.86平米 / 西 北 / 普通窗 ; 过道 / 5.47平米 / 无 / 无窗 ; 门厅 / 16.51平米 / 东 / 普通窗,
华为地铁口 带燃气 空中花园 复式两房,"华创云轩 , 坂田",2室1厅,32.35平米,北,精装,21层,2018年,板楼,160 万,49460 元,0,,,近地铁 | VR房源,https://sz.lianjia.com/ershoufang/105120600363.html,地铁 | VR房源,华为地铁口，带燃气，空中花园，复式两房,华创云轩占地面积：12553平方米 共2栋，其中A栋20层，B栋21层 小区有地下停车场车位充足，有四层商场，四层为空中花园,,华创云轩位于深圳市龙岗区坂雪岗科技城， 华为总部基地，交通便利，梅观高速、南坪快速、坂雪岗大道等交通，坂银隧道也即将通车，去往罗湖福田很便利,,,暂无数据,2025-05-02,商品房,商务公寓,暂无数据,共有,有抵押,挂牌时间:2025-05-02 | 交易权属:商品房 | 上次交易:暂无数据 | 房屋用途:商务公寓 | 房屋年限:暂无数据 | 产权所属:共有 | 抵押信息:有抵押 | 房本备件:未上传房本照片,客厅 / 14.84平米 / 北 / 落地窗 ; 卧室A / 7.21平米 / 北 / 落地窗 ; 卧室B / 6.5平米 / 南 / 普通窗 ; 厨房 / 3.21平米 / 南 / 普通窗 ; 卫生间 / 2.82平米 / 南 / 普通窗 ; 过道 / 3.92平米 / 无 / 无窗,
业主 诚心 出售 银湖谷，安静,"星河银湖谷 , 坂田",4室1厅,88.21平米,东北,,低楼层(共48层),2016年,板塔结合,606 万,68700 元,2,,,近地铁 | VR看装修,https://sz.lianjia.com/ershoufang/105120359990.html,地铁 | VR看装修,此房满五年，红本在手，不唯一，自住，诚心出售的,星河WORLD银湖谷住宅面积为200000㎡，拥有5500㎡园林和泳池，人车分流的规划设计，港式入户大堂，览山阅湖景视野。约700000㎡商务楼群，集300米高层双子塔地和生态写字楼于一体，是金融产业、高新科技、创新产业的总部型经济聚集地,梅林关口，深圳北站商圈，片区交通不断完善，27年星河匠心集大成之作，自持运营大量物业，星河斥巨资打造1600000平航母级综合体，万亿园区产业助力持续 约750000平米联盟。,10号线雅宝站，已经开通。南平快速延长线，新彩隧道，坂银隧道，梅关高速，五大交通便捷到到达深圳各区。 坂银遂道已经通车去往罗湖福田近,,,暂无数据,2025-04-10,商品房,普通住宅,暂无数据,非共有,有抵押 380万元 中国银行 金融公司垫资,挂牌时间:2025-04-10 | 交易权属:商品房 | 上次交易:暂无数据 | 房屋用途:普通住宅 | 房屋年限:暂无数据 | 产权所属:非共有 | 抵押信息:有抵押 380万元 中国银行 金融公司垫资 | 房本备件:未上传房本照片,客厅 / 25.46平米 / 东北 / 普通窗 ; 卧室01 / 13.72平米 / 无 / 未知窗户类型 ; 卧室02 / 6.9平米 / 东北 / 落地窗 ; 卧室03 / 7.38平米 / 东北 / 落地窗 ; 卧室04 / 6.91平米 / 东北 / 落地窗 ; 厨房 / 4.44平米 / 西北 / 落地窗 ; 卫01 / 4.52平米 / 西北 / 落地窗 ; 卫02 / 3.82平米 / 西南 / 落地窗 ; 阳台01 / 5.6平米 / 西北 东北 东南 / 普通窗 ; 阳台02 / 1.67平米 / 西北 / 落地窗 ; 过道 / 3.76平米 / 无 / 无窗,
华为旁边，贝尔路地铁口，东南向看花园,"中海日辉台 , 坂田",3室2厅,92.8平米,东南,,中楼层(共11层),2005年,塔楼,420 万,45259 元,2,,,近地铁 | VR房源,https://sz.lianjia.com/ershoufang/105121214961.html,地铁 | VR房源,华为旁边，贝尔路地铁口，东南向看花园,中海开发商，自持物业，打造夏威夷风情园林，低密度，高绿化覆盖。小区内有游泳池，活动中 心泛会所，篮球场，儿童游乐活动场地。,出门2公里范围内，有天虹商场，百佳华商场，世纪华贸商场，坂田医院，雪竹径公园，贝尔公园等，生活休闲方便。,门口双地铁：10号，25号线（在建设）。10号线2站到五和站链接5号环中线，西通龙华、宝安、南山，东达龙岗、罗湖。接深圳北站和深圳东站两大交通枢纽。10号线北通平湖【双拥街】，南通罗湖【福田口岸】，交通便捷。 陆路交通：坂雪岗大道，五河大道.,,,暂无数据,2025-06-25,商品房,普通住宅,暂无数据,非共有,有抵押,挂牌时间:2025-06-25 | 交易权属:商品房 | 上次交易:暂无数据 | 房屋用途:普通住宅 | 房屋年限:暂无数据 | 产权所属:非共有 | 抵押信息:有抵押 | 房本备件:未上传房本照片,客厅 / 23.47平米 / 西 / 落地窗 ; 卧室A / 10.16平米 / 无 / 未知窗户类型 ; 卧室B / 8.01平米 / 无 / 未知窗户类型 ; 卧室C / 12.93平米 / 无 / 未知窗户类型 ; 厨房 / 5.56平米 / 西 / 普通窗 ; 卫A / 3.28平米 / 无 / 未知窗户类型 ; 卫B / 4.89平米 / 无 / 未知窗户类型 ; 阳台A / 4.06平米 / 西 北 / 普通窗 ; 阳台B / 2.54平米 / 西 / 普通窗 ; 过道 / 4.49平米 / 无 / 无窗,
10号线华为地铁口 带燃气复式两房 空中花园,"华创云轩 , 坂田",2室1厅,30.12平米,东南,精装,21层,2018年,板楼,115 万,38181 元,0,,,近地铁 | 房本满五年 | 随时看房,https://sz.lianjia.com/ershoufang/105121577305.html,地铁 | 房本满五年 | 随时看房,10号线华为地铁口 带燃气复式两房 空中花园,华创云轩占地面积：12553平方米 共2栋，其中A栋20层，B栋21层 小区有地下停车场车位充足，有四层商场，4楼为空中花园。,配套有楼下三层的商场，有万科城风情购物街、天虹商场、坂田购物广场，天安云谷大型商场，百佳华商场.,华创云轩位于深圳市龙岗区坂雪岗科技城， 华为总部基地，交通便利，梅观高速、南坪快速、坂雪岗大道等交通，去往罗湖福田很便利，10号线的华为站就在楼下,,,2012-10-11,2025-07-26,商品房,商业办公类,满五年,非共有,有抵押,挂牌时间:2025-07-26 | 交易权属:商品房 | 上次交易:2012-10-11 | 房屋用途:商业办公类 | 房屋年限:满五年 | 产权所属:非共有 | 抵押信息:有抵押 | 房本备件:已上传房本照片,客厅 / 12.52平米 / 南 / 落地窗 ; 卧室A / 5.72平米 / 北 / 普通窗 ; 卧室B / 6.03平米 / 无 / 未知窗户类型 ; 厨房 / 3.21平米 / 北 / 普通窗 ; 卫 / 2.13平米 / 北 / 普通窗 ; 过道 / 3.67平米 / 无 / 无窗,
五和双地铁口 创兴时代南向三房 业主诚心出售,"润创兴时代公寓 , 坂田",3室2厅,69.19平米,南,精装,高楼层(共29层),2014年,板楼,245 万,35410 元,1,,,近地铁 | VR房源,https://sz.lianjia.com/ershoufang/105120645899.html,地铁 | VR房源,此房户型方正，采光好，配套齐全交通便利。,创兴时代是由深圳润创兴有限公司开发的现代青年居住生活区，位于龙岗坂田布龙路与五和大道交汇处（万科四季花城北侧），共1栋2座，A座为29层的商务公寓，B座为11层的创意办公楼，总建筑面积46910.80平，其中商务公寓25587平，办公楼7500平,坂田医院；中行、农行、平安银行等；万科万致天地广场，阳光湾畔 百货、天虹商场；五和地铁口D出口；,5号线和十号线五和地铁站D出口200米（来自高德地图）；区域主干道布龙路、五和大道；三大高速：梅观高速、水官高速、清平高速；2条快速路：南坪快速、新彩快速；坂银通道可直达福田，南山，罗湖。,,,暂无数据,2025-05-07,商品房,商务公寓,暂无数据,非共有,无抵押,挂牌时间:2025-05-07 | 交易权属:商品房 | 上次交易:暂无数据 | 房屋用途:商务公寓 | 房屋年限:暂无数据 | 产权所属:非共有 | 抵押信息:无抵押 | 房本备件:未上传房本照片,客厅 / 21.53平米 / 北 / 落地窗 ; 书房 / 4.06平米 / 北 / 落地窗 ; 卧室01 / 10.34平米 / 北 / 落地窗 ; 卧室02 / 6.93平米 / 北 / 落地窗 ; 厨房 / 3.8平米 / 北 / 普通窗 ; 卫 / 4.15平米 / 北 / 落地窗 ; 阳台 / 3.95平米 / 北 / 落地窗,
佳兆业中央广场三期 3室1厅 南,"佳兆业中央广场三期 , 坂田",3室1厅,88.44平米,南,简装,46层,2016年,塔楼,480 万,54275 元,0,,,近地铁 | VR看装修,https://sz.lianjia.com/ershoufang/105121468374.html,地铁 | VR看装修,,,,,,,暂无数据,2025-07-16,商品房,普通住宅,暂无数据,非共有,有抵押 业主自还,挂牌时间:2025-07-16 | 交易权属:商品房 | 上次交易:暂无数据 | 房屋用途:普通住宅 | 房屋年限:暂无数据 | 产权所属:非共有 | 抵押信息:有抵押 业主自还 | 房本备件:未上传房本照片,客厅 / 35.17平米 / 西南 / 落地窗 ; 卧室A / 8.54平米 / 西南 / 普通窗 ; 卧室B / 9.31平米 / 无 / 未知窗户类型 ; 卧室C / 7.68平米 / 西北 / 落地窗 ; 厨房 / 8.33平米 / 西北 / 普通窗 ; 卫生间 / 3.11平米 / 无 / 无窗 ; 阳台A / 5.09平米 / 西南 东南 / 普通窗 ; 阳台B / 3.68平米 / 西北 / 普通窗,
精装修一房一厅，五和枢纽旁，交通便利,"润创兴时代公寓 , 坂田",1室1厅,31.42平米,南,精装,低楼层(共29层),2014年,板楼,140 万,44558 元,0,,,近地铁 | VR房源,https://sz.lianjia.com/ershoufang/105121409231.html,地铁 | VR房源,此房满五年，电梯房，精装修，交通便利！,创兴时代是由深圳润创兴有限公司开发的现代青年居住生活区，位于龙岗坂田布龙路与五和大道交汇处（万科四季花城北侧），共1栋2座，B座为29层的商务公寓，A座为11层的创意办公楼，总建筑面积46910.80平，其中商务公寓25587平，办公楼7500平,坂田医院；中行、农行、平安银行等；万科万致天地广场，阳光湾畔 百货、天虹商场；五和地铁口D出口。,5号线和十号线五和地铁站D出口200米（来自高德地图）；区域主干道布龙路、五和大道；三大高速：梅观高速、水官高速、清平高速；2条快速路：南坪快速、新彩快速；坂银通道可直达福田，南山，罗湖,,,暂无数据,2025-07-11,商品房,商务公寓,暂无数据,非共有,有抵押,挂牌时间:2025-07-11 | 交易权属:商品房 | 上次交易:暂无数据 | 房屋用途:商务公寓 | 房屋年限:暂无数据 | 产权所属:非共有 | 抵押信息:有抵押 | 房本备件:未上传房本照片,,
设计师亲装顶楼复式，装修创意上过CCTV的交换空间栏目,"万科第五园二期 , 坂田",5室2厅,105.94平米,南,精装,高楼层(共6层),2006年,板塔结合,700 万,66076 元,130,,,VR房源,https://sz.lianjia.com/ershoufang/105109757394.html,VR房源,设计师亲装顶楼复式，装修创意上过CCTV的交换空间栏目,"此房位于第五园一二期,低密度中式人文大宅,骨子里的中国形象,原创现代风格,深圳中式园林大盘,就属一二期最正宗,有合院洋房73-76-84-96-106-107-112平,一楼带地下室,顶楼为复式,一梯两户,户型方正,实用大方,另外有叠院和别墅等。",自带商.业，现有链家、钱大妈、星巴克、爱上饭、缪氏川菜、乐期餐厅等进驻，附.近有坂田国际中.心、坂田手造文化街、星河Cocopark、奥特莱斯等；文体：6500㎡运动公园，包含5个泳池、10个羽毛球场、2个篮球场，1个网球场。,轨道交通：地铁5号线坂田站A出口1公里，地铁10号线雅园站A1，规划中的21号线坂田南站 交通干线：500米坂银通道、南坪快速，布龙路、坂雪岗大道、五和大道、梅关高速、清平高速、水管高速、沈海高速等。 距五园幼儿园公交站200米（此数据来源于百度地图）。,,,暂无数据,2022-02-10,商品房,普通住宅,暂无数据,非共有,有抵押 400万元 中信银行股份有限公司深圳分行,挂牌时间:2022-02-10 | 交易权属:商品房 | 上次交易:暂无数据 | 房屋用途:普通住宅 | 房屋年限:暂无数据 | 产权所属:非共有 | 抵押信息:有抵押 400万元 中信银行股份有限公司深圳分行 | 房本备件:未上传房本照片,客厅 / 38.84平米 / 西南 南 东南 / 落地窗 ; 卧室A / 10.72平米 / 无 / 未知窗户类型 ; 卧室B / 8.08平米 / 东北 / 普通窗 ; 卧室C / 11.31平米 / 西南 / 落地窗 ; 卧室D / 23.57平米 / 东北 东南 / 普通窗 ; 卧室E / 13.85平米 / 南 / 落地窗 ; 厨房 / 8.3平米 / 西北 / 普通窗 ; 卫A / 2.97平米 / 无 / 无窗 ; 卫B / 4.54平米 / 东北 / 普通窗 ; 阳台 / 33.03平米 / 西北 东北 东南 / 普通窗 ; 过道A / 14.25平米 / 西南 / 普通窗 ; 过道B / 9.38平米 / 无 / 无窗,
万科城看别墅视野，东南向两房，位置安静，中高楼层,"万科城三期 , 坂田",2室2厅,69.43平米,东南,,高楼层(共21层),2007年,塔楼,299 万,43065 元,6,,,近地铁 | VR看装修 | 房本满五年 | 随时看房,https://sz.lianjia.com/ershoufang/105114844253.html,地铁 | VR看装修 | 房本满五年 | 随时看房,此房是标准两房户型，朝向好，东南向，视野是看小区别墅区,小区由万科集团开发自带蔬菜水果服装店，花园干净整洁一直保养的比较好另外小区内有游泳池和健身会所篮球场羽毛球场整体1.1左右密度以别墅和洋房为主的低密度小区居住体验很好,,,税费有个税一个点，首套契税1个点，无增值税，其它还有银行评估费和按揭费少量,,2008-09-12,2023-09-19,商品房,普通住宅,满五年,非共有,有抵押,挂牌时间:2023-09-19 | 交易权属:商品房 | 上次交易:2008-09-12 | 房屋用途:普通住宅 | 房屋年限:满五年 | 产权所属:非共有 | 抵押信息:有抵押 | 房本备件:已上传房本照片,客厅 / 19.01平米 / 东 / 落地窗 ; 卧室A / 10.22平米 / 东 / 落地窗 ; 卧室B / 8.49平米 / 南 / 落地窗 ; 厨房 / 2.89平米 / 北 / 普通窗 ; 卫 / 3.31平米 / 西 / 普通窗 ; 阳台 / 3.99平米 / 西 东 / 普通窗,
坂银隧道首站第五园精装南北	四房高楼层视野开阔,"万科紫悦山 , 坂田",4室2厅,124平米,南,精装,高楼层(共39层),2016年,板楼,690 万,55646 元,5,,,VR看装修,https://sz.lianjia.com/ershoufang/105111330920.html,VR看装修,楼层高视野开阔，户型方正实用,小区是万科房地产开发，2016年底精装修交楼，总共6栋住宅，一幼儿园，小区自带2000平商场，入住率高达90%以上。主要户型88-89平3房两卫，124平4房两卫。,小区楼下就是万科里商场，钱大妈，便利店，招商银行营业厅，社区医院在小区车库进口位置，小区正门有广场，可供散步遛弯,"第五园九期位于坂雪岗大道东面,楼下有公车站台,门口多路公车经过,人车分流，车位充足坂银隧道出入口位置，出小区直接上，另外门口有坂雪岗大道连接南坪和清平，水官高速等，往返于南山,福田罗湖方便",,,暂无数据,2022-08-25,商品房,普通住宅,暂无数据,非共有,有抵押 200万元,挂牌时间:2022-08-25 | 交易权属:商品房 | 上次交易:暂无数据 | 房屋用途:普通住宅 | 房屋年限:暂无数据 | 产权所属:非共有 | 抵押信息:有抵押 200万元 | 房本备件:未上传房本照片,客厅 / 37.04平米 / 南 / 普通窗 ; 书房 / 8.93平米 / 无 / 未知窗户类型 ; 卧室A / 15.26平米 / 西 南 / 落地窗 ; 卧室B / 9.6平米 / 无 / 未知窗户类型 ; 卧室C / 10.34平米 / 无 / 未知窗户类型 ; 厨房 / 6平米 / 无 / 未知窗户类型 ; 卫生间A / 4.13平米 / 北 / 普通窗 ; 卫生间B / 3.23平米 / 北 / 普通窗 ; 阳台 / 9.23平米 / 西 南 / 普通窗,
红本在手，万科城联排别墅，配套完备，大阳台安静,"万科城二期 , 坂田",4室2厅,157.74平米,西南,简装,1层,2006年,板楼,990 万,62762 元,11,,,近地铁 | VR房源 | 房本满五年 | 随时看房,https://sz.lianjia.com/ershoufang/105117450639.html,地铁 | VR房源 | 房本满五年 | 随时看房,朝南位置安静，自带车库，地下室相当于一楼，红本在手满五年,万科城，成熟大社区，入住率高，里面配套完善，有中国银行，建设银行，兴业银行等，有关东风，丹桂轩，湘菜等吃饭喝茶不用愁，万科城里面还有游泳池，球馆，会所等休闲娱乐设施,,,,,2006-10-25,2024-06-29,商品房,普通住宅,满五年,非共有,无抵押,挂牌时间:2024-06-29 | 交易权属:商品房 | 上次交易:2006-10-25 | 房屋用途:普通住宅 | 房屋年限:满五年 | 产权所属:非共有 | 抵押信息:无抵押 | 房本备件:已上传房本照片,客厅 / 32.33平米 / 东北 / 落地窗 ; 餐厅 / 18.57平米 / 西南 西北 东南 / 落地窗 ; 卧室A / 19.52平米 / 西南 东北 / 普通窗 ; 卧室B / 14.41平米 / 西南 东北 / 落地窗 ; 卧室C / 13.45平米 / 西北 东北 / 落地窗 ; 卧室D / 22.47平米 / 西南 / 落地窗 ; 厨房 / 6.45平米 / 西北 东北 / 普通窗 ; 卫A / 6.09平米 / 无 / 无窗 ; 卫B / 3.21平米 / 西南 / 普通窗 ; 卫C / 4.62平米 / 东北 / 普通窗 ; 阳台A / 6.93平米 / 西南 / 普通窗 ; 阳台B / 7.09平米 / 西南 西北 东南 / 普通窗 ; 阳台C / 2.9平米 / 东北 / 普通窗 ; 阳台D / 14.03平米 / 西南 西北 东北 / 普通窗 ; 储物间 / 3.33平米 / 西南 / 普通窗 ; 过道A / 11.17平米 / 东南 / 落地窗 ; 过道B / 9.33平米 / 东 东南 / 普通窗 ; 过道C / 6.79平米 / 西南 东 / 落地窗,
正南向端头大两房，中间楼层采光通风好,"万科第五园四期 , 坂田",2室2厅,69.72平米,南,简装,高楼层(共18层),2010年,塔楼,370 万,53070 元,7,,,近地铁 | VR看装修 | 随时看房,https://sz.lianjia.com/ershoufang/105119228393.html,地铁 | VR看装修 | 随时看房,正南向端头大两房，中间楼层采光通风好,万科里城，也叫万科第五园四期，小区总共七栋楼，楼间距很宽，楼跟楼互不影响。自带泳池、篮球场和羽毛球场等娱乐场地。小区人车分流，绿化面积大，小孩老人娱乐场地都有。是第五园九期中环境比较好的一期，生活氛围很好！,小区自带4000平购物街，100米坂田手造文化美食一条街，150米有早餐、理发店，钱大妈，第五园二、五期的华润万家，九期的万科里等；距离坂田医院约2.5公里。3公里内有坂田天虹，佳华，8号仓。,小区门口就是第五园公交总站，有各路公交可以到达福田、南山、龙华，同时3个公交站可到达坂田地铁口，800米坂银通道，700米10号线雅园站。,,,暂无数据,2024-12-17,商品房,普通住宅,暂无数据,共有,有抵押 100万元 中国农业银行股份有限公司深圳深南支行,挂牌时间:2024-12-17 | 交易权属:商品房 | 上次交易:暂无数据 | 房屋用途:普通住宅 | 房屋年限:暂无数据 | 产权所属:共有 | 抵押信息:有抵押 100万元 中国农业银行股份有限公司深圳深南支行 | 房本备件:未上传房本照片,客厅 / 28.74平米 / 南 / 普通窗 ; 卧室A / 12.53平米 / 西 南 / 落地窗 ; 卧室B / 8.88平米 / 西 / 落地窗 ; 厨房 / 8.96平米 / 西 / 落地窗 ; 卫 / 2.46平米 / 北 / 普通窗 ; 阳台A / 4.4平米 / 南 / 普通窗 ; 阳台B / 4.33平米 / 南 / 落地窗,
四季花城电梯三房，南向满五年唯一，业主诚心卖！,"万科四季花城一期 , 坂田",3室1厅,89.28平米,西南,简装,低楼层(共9层),2000年,板塔结合,398 万,44579 元,7,,,近地铁 | VR看装修 | 随时看房,https://sz.lianjia.com/ershoufang/105120257212.html,,,,,,,,,,,,,,,,,failed: Failed to fetch detail page after 3 attempts: https://sz.lianjia.com/ershoufang/105120257212.html
少有电梯顶楼复式，二层不计面积，实用率高，端头安静,"万科四季花城七期 , 坂田",5室2厅,106.71平米,南,,高楼层(共8层),2003年,板楼,589 万,55197 元,8,,,近地铁 | VR房源 | 随时看房,https://sz.lianjia.com/ershoufang/105121575247.html,地铁 | VR房源 | 随时看房,此房是电梯9楼复式，使用率高，朝南，看花园无遮挡，端头位置,小区由万科地产集团开发，一共有36个独立苑，共分七期开发，花园式小区，绿化植被很多，带露天游泳池和健身会所及相应运动器械供住户健身，社区运动氛围棒；万科物业24小时严格管控，夜间有保安巡逻，外人基本无法随意出入，人车分流，充分保护行人!,小区内有2个公立幼儿园、海丽达幼儿园，华润万家，五和购物广场、海达和成购物广场、坂田民营市场等。医疗类有深圳坂田医院、第二儿童医院院、布吉医院花城社康医院（小区内）；,地铁5号线和10号线五和站A口500米，交通发达，小区旁边有布龙路、梅观高速、机荷高速、南坪快速等，乘坐公交或驾车出行到福田、罗湖、南山等地较方便（距离信息来源于百度地图）还有在修的深大城际和深惠城际,,,暂无数据,2025-07-26,商品房,普通住宅,暂无数据,非共有,有抵押,挂牌时间:2025-07-26 | 交易权属:商品房 | 上次交易:暂无数据 | 房屋用途:普通住宅 | 房屋年限:暂无数据 | 产权所属:非共有 | 抵押信息:有抵押 | 房本备件:未上传房本照片,,
新上低密度大阳台两房 满五年 红本在手 业主置业大房,"万科第五园四期 , 坂田",2室2厅,69.31平米,东南,精装,中楼层(共18层),2010年,塔楼,350 万,50498 元,0,,10天以前发布,近地铁 | VR房源 | 随时看房,https://sz.lianjia.com/ershoufang/105122276798.html,地铁 | VR房源 | 随时看房,此房满五不唯一，低于指导价出售，大阳台 近地铁,万科里城，也叫万科第五园四期，小区总共七栋楼，楼间距很宽，楼跟楼互不影响。自带泳池、篮球场和羽毛球场等娱乐场地。小区人车分流，绿化面积大，小孩老人娱乐场地都有。是第五园九期中环境比较好的一期，生活氛围很好！,小区自带4000平购物街，100米坂田手造文化美食一条街，150米有早餐、理发店，钱大妈，第五园二、五期的华润万家，九期的万科里等；距离坂田医院约2.5公里。3公里内有坂田天虹，佳华，8号仓。,第五园公交总站就在楼下地铁十号线南坑A口到小区只有450米左右10号线,此房满五年，红本在手，不唯一，税费各付，交易成本低。业主好说话,,暂无数据,2025-09-28,商品房,普通住宅,暂无数据,非共有,无抵押,挂牌时间:2025-09-28 | 交易权属:商品房 | 上次交易:暂无数据 | 房屋用途:普通住宅 | 房屋年限:暂无数据 | 产权所属:非共有 | 抵押信息:无抵押 | 房本备件:未上传房本照片,客厅 / 27.17平米 / 东 / 落地窗 ; 卧室A / 12.58平米 / 东 / 落地窗 ; 卧室B / 10.55平米 / 无 / 未知窗户类型 ; 厨房 / 5.34平米 / 北 / 落地窗 ; 卫 / 2.31平米 / 西 / 普通窗 ; 阳台A / 4.18平米 / 东 / 落地窗 ; 阳台B / 4.16平米 / 东 / 落地窗 ; 阳台C / 2.63平米 / 北 / 落地窗,
电梯朝南大两房，近地铁，全新装修，满五唯一税费低,"万科四季花城二期 , 坂田",2室2厅,64.64平米,南,,11层,2000年,板楼,335 万,51826 元,11,,,VR房源,https://sz.lianjia.com/ershoufang/105119594680.html,VR房源,此房在二期，近地铁近、，朝南看花园，带电梯，精装修，保养好,小区由万科地产集团开发，一共有36个独立苑，共分七期开发，花园式小区，绿化植被很多，带露天游泳池和健身会所及相应运动器械供住户健身，社区运动氛围棒；万科物业24小时严格管控，夜间有保安巡逻，外人基本无法随意出入，人车分流，充分保护行人!,距离坂田天虹1000米，距离坂田民营市场100米，距离8号仓300米，距离星河银湖谷商场直线距离1000米，距离星河商场和上河坊购物广场2000米，（数据来自百度地图）,小区东门距离地铁5号线和10号线双地铁口100米，地铁连接的站点有深圳北站、布吉、太安、黄贝岭、宝安、前海湾（以上都为地铁中转站）交通发达，有布龙路、梅观高速、机荷高速、南坪快速等，乘坐公交或驾车出行到福田、罗湖、南山等地较方便。,,,暂无数据,2025-02-07,商品房,普通住宅,暂无数据,共有,有抵押,挂牌时间:2025-02-07 | 交易权属:商品房 | 上次交易:暂无数据 | 房屋用途:普通住宅 | 房屋年限:暂无数据 | 产权所属:共有 | 抵押信息:有抵押 | 房本备件:未上传房本照片,客厅 / 23.74平米 / 东南 / 落地窗 ; 卧室A / 7.15平米 / 东北 / 落地窗 ; 卧室B / 10.89平米 / 无 / 未知窗户类型 ; 厨房 / 3.2平米 / 东北 / 普通窗 ; 卫 / 3.42平米 / 西北 / 普通窗 ; 阳台 / 3.93平米 / 东 / 落地窗,
装修保养好满五年朝正南，诚心出售,"诺德中央道 , 坂田",3室2厅,87.15平米,南,精装,中楼层(共33层),2014年,塔楼,380 万,43603 元,7,,,近地铁 | VR看装修 | 房本满五年,https://sz.lianjia.com/ershoufang/105121015765.html,地铁 | VR看装修 | 房本满五年,此房满五唯一，格局好，光线好，业主诚心卖,中铁诺德秉承中铁诺德系一贯精工品质，为城市打造精品住宅。，规划住宅2000余套，共分4期开发，其中一期住宅600余套，户型为66-120平米2-4房,楼下带有餐厅和便利店，能满足日常生活需求，坂田街道办200米，步行600米有银湖山郊野公园与坂田钓鱼场，万科里购物广场860米，华润万家760米，坂田手造文化街1000米,,,,2016-06-15,2025-06-09,商品房,普通住宅,满五年,非共有,有抵押 180万元 招商银行,挂牌时间:2025-06-09 | 交易权属:商品房 | 上次交易:2016-06-15 | 房屋用途:普通住宅 | 房屋年限:满五年 | 产权所属:非共有 | 抵押信息:有抵押 180万元 招商银行 | 房本备件:已上传房本照片,客厅 / 23.18平米 / 北 / 落地窗 ; 卧室A / 7.09平米 / 无 / 未知窗户类型 ; 卧室B / 12.42平米 / 无 / 未知窗户类型 ; 卧室C / 4.91平米 / 北 / 普通窗 ; 厨房 / 4.09平米 / 北 / 落地窗 ; 卫A / 3.89平米 / 北 / 普通窗 ; 卫B / 3.79平米 / 北 / 落地窗 ; 阳台A / 4.05平米 / 北 / 落地窗 ; 阳台B / 2平米 / 北 / 落地窗 ; 过道 / 2.62平米 / 无 / 无窗,
花城格局优质顶楼复式，可以拎包入住。,"万科四季花城四期 , 坂田",3室1厅,72.78平米,南,精装,高楼层(共6层),2002年,板塔结合,398 万,54686 元,18,,,VR房源 | 随时看房,https://sz.lianjia.com/ershoufang/105118057954.html,VR房源 | 随时看房,此房是花城目前顶楼复式格局优质，精装修，可拎包入住.,万科大社区，配套齐全，适合居家的楼盘，小区的绿化好，1.4低密度,小区内有博雅、曼京、海丽达幼儿园等，商场类有华润万家，海达和成购物广场、阳光湾畔，8号仓奥特莱斯等。医疗类有深圳坂田医院、布吉医院花城社康医院（小区内）；网球场，篮球场，健身会所等！,小区东门距离地铁5号线和10号线50米，地铁连接的站点有深圳北站、布吉、太安、黄贝岭、宝安、前海湾（以上都为地铁中转站）交通发达，有布龙路、梅观高速、机荷高速、南坪快速等，乘坐公交或驾车出行到福田、罗湖、南山等地较方便,,,暂无数据,2024-08-24,商品房,普通住宅,暂无数据,非共有,有抵押,挂牌时间:2024-08-24 | 交易权属:商品房 | 上次交易:暂无数据 | 房屋用途:普通住宅 | 房屋年限:暂无数据 | 产权所属:非共有 | 抵押信息:有抵押 | 房本备件:未上传房本照片,客厅 / 33.88平米 / 无 / 未知窗户类型 ; 卧室A / 12.38平米 / 东 / 普通窗 ; 卧室B / 7.33平米 / 西 / 普通窗 ; 卧室C / 11.17平米 / 北 东 / 普通窗 ; 厨房 / 5.49平米 / 北 / 普通窗 ; 卫A / 4.2平米 / 东 / 普通窗 ; 卫B / 4.28平米 / 东 / 普通窗 ; 阳台A / 3.59平米 / 北 东 东北 南 东南 / 普通窗 ; 阳台B / 3.51平米 / 西 北 南 / 落地窗 ; 阳台C / 5.55平米 / 东 / 普通窗 ; 储物间 / 1.94平米 / 无 / 无窗 ; 过道 / 8.66平米 / 无 / 无窗,
四季花城二期电梯高层两房，满五唯一,"万科四季花城二期 , 坂田",2室2厅,63.09平米,北,,11层,2000年,板楼,268 万,42479 元,5,,,VR看装修,https://sz.lianjia.com/ershoufang/105121912360.html,VR看装修,四季花城电梯高层两房，南北方向，满五唯一，业主诚心卖，有钥匙,小区由万科地产开发，一共有36个独立院子，共七期开发，花园式的小区，绿化植很多，带露天的泳池和健身会所及相应运动器材，社区运动氛围好：万科物业24小时严格管控，夜间有保安巡逻，外人基本无法随意出入，人车分流，充分保护行人的安全,小区里面有博雅幼儿园，海利达幼儿园，商场有华润，五和购物广场，海达和成购物广场，坂田民营市场等，医疗有坂田医院，龙华人民医院，深圳第二儿童医院，花城社康。5号线10号线地铁口，门口公交车站，城轨,,,,暂无数据,2025-08-25,商品房,普通住宅,暂无数据,非共有,有抵押 243万元 银行 业主自还,挂牌时间:2025-08-25 | 交易权属:商品房 | 上次交易:暂无数据 | 房屋用途:普通住宅 | 房屋年限:暂无数据 | 产权所属:非共有 | 抵押信息:有抵押 243万元 银行 业主自还 | 房本备件:未上传房本照片,客厅 / 21.26平米 / 西北 东南 / 普通窗 ; 卧室A / 6.04平米 / 西北 / 落地窗 ; 卧室B / 11.31平米 / 西北 东南 / 落地窗 ; 厨房 / 3.3平米 / 东北 / 普通窗 ; 卫 / 3.38平米 / 东南 / 普通窗 ; 阳台 / 3.97平米 / 西南 西北 东北 / 普通窗,
南向安静，业主资金周转 价格看中可谈,"信义嘉御山5期 , 坂田",4室2厅,88.62平米,西南,精装,低楼层(共39层),2016年,塔楼,570 万,64320 元,1,,,VR看装修,https://sz.lianjia.com/ershoufang/105120841923.html,VR看装修,此房满五年，中楼层朝西南，采光好，视野好，房子保养不错,,小区下面自带底层店铺，开发商自持，目前已全部进驻，包括中西式餐饮、教育培训、婴幼儿用品，便利店及坂田天虹旗舰店，生活方便，小区内有幼儿园，家门口尽享优质生活，小区南侧是MIX City7层楼综合商心街区，有百佳华chao市，海底捞，麦当劳，星巴克等..,开车出行：小区出来贝尔路可快速上G94梅关高速，坂雪岗大道上坂银通道直通福田南山。 地铁出行：10号线坂田北站，10号线5号线中转站五和站。 公交出行：里石排站，坂田市场站，坂田路口站，坂田路口北站等,,,暂无数据,2025-05-24,商品房,普通住宅,暂无数据,非共有,有抵押 254万元 兴业银行 业主自还,挂牌时间:2025-05-24 | 交易权属:商品房 | 上次交易:暂无数据 | 房屋用途:普通住宅 | 房屋年限:暂无数据 | 产权所属:非共有 | 抵押信息:有抵押 254万元 兴业银行 业主自还 | 房本备件:未上传房本照片,客厅 / 23.76平米 / 无 / 未知窗户类型 ; 卧室A / 9.11平米 / 北 / 普通窗 ; 卧室B / 6.04平米 / 北 东 / 普通窗 ; 卧室C / 13.65平米 / 无 / 未知窗户类型 ; 卧室D / 9.8平米 / 西 / 普通窗 ; 厨房 / 4.31平米 / 北 / 普通窗 ; 卫A / 3.7平米 / 无 / 普通窗 ; 卫B / 4.13平米 / 无 / 未知窗户类型 ; 阳台A / 1.94平米 / 北 / 普通窗 ; 阳台B / 5.46平米 / 西 北 南 / 普通窗 ; 过道 / 2.95平米 / 无 / 无窗 ; 门厅 / 6.43平米 / 无 / 无窗,
大三房两卫精装修，正南向采光好位置安静,"万科第五园五期 , 坂田",3室2厅,111.54平米,南,精装,中楼层(共17层),2010年,板塔结合,590 万,52896 元,5,,,VR看装修,https://sz.lianjia.com/ershoufang/105120107078.html,VR看装修,大三房两卫精装修，正南向采光好位置安静，装修保养好,万科第五园五期小区密度低，门口就是幼儿园和科高五园，居住舒适，出行就是坂雪岗大道，到南山福田都很方便,万科第五园九期万科里购物广场，800米坂田手造文化街，1.5公里有8号仓、阳光湾畔、海达和城等大型商场，购物休闲一条龙服务。600米有银湖山公园，有登山跑道，钓鱼场 社区里有篮球场，网球场，游泳池。,小区出门100米有公交站台，去华为和民治方向的车都有，还有一个去会展市内的车，里城公交总站有去科技园的车，自驾车出门右转就直通南坪快速和坂银隧道,,,暂无数据,2025-03-19,商品房,普通住宅,暂无数据,非共有,有抵押 260万元 客户偿还,挂牌时间:2025-03-19 | 交易权属:商品房 | 上次交易:暂无数据 | 房屋用途:普通住宅 | 房屋年限:暂无数据 | 产权所属:非共有 | 抵押信息:有抵押 260万元 客户偿还 | 房本备件:未上传房本照片,客厅 / 32.59平米 / 南 / 落地窗 ; 卧室A / 10.16平米 / 无 / 未知窗户类型 ; 卧室B / 10.79平米 / 南 / 落地窗 ; 卧室C / 19.26平米 / 无 / 未知窗户类型 ; 厨房 / 5.11平米 / 西 / 普通窗 ; 卫A / 3.89平米 / 西 / 普通窗 ; 卫B / 4.76平米 / 东 / 普通窗 ; 阳台A / 2.51平米 / 西 / 普通窗 ; 阳台B / 12.07平米 / 东 南 / 落地窗 ; 过道 / 2.72平米 / 无 / 无窗,
精装修四房两卫，朝南看花园，看房方便,"佳兆业中央广场三期 , 坂田",4室2厅,89.26平米,东南,精装,45层,2016年,塔楼,438 万,49071 元,1,,13天以前发布,近地铁 | VR看装修,https://sz.lianjia.com/ershoufang/105122237716.html,地铁 | VR看装修,朝南看花园，中间楼层，诚心出售 方正通透 安静宜居 带储物间,小区规划大型雪象体育公园，三十万商 业综合MALL，270米层高五星国际酒店，百度测量1公 里范围内雪象医院、肖传国医院，地铁10号线雪象、岗头双地铁口，坂银隧道去福田南山交通便捷。,新社区，人车分流，24小时保安轮流值班，社区有自己的健身广场和花园，园林式社区。占地约300000平，建面约1800000平米，依托高新技术产业园，佳兆业城市广场物业形态丰富，集住宅、酒店于一体。小区左边是天安云谷、华为总部,地铁十号线雪象站A出口，沿着坂雪岗大道可以去梅林关（去关内方向）、也可以转布龙路转南坪快速和水官高速，也可以从转贝尔路再转梅关高速，上坂澜大道可以去观澜也可以去平湖。交通很方便。高速交通：梅观高速、清平高速、坂雪岗大道、南坪快速。,,,暂无数据,2025-09-25,商品房,普通住宅,暂无数据,非共有,有抵押 380万元 金融公司垫资,挂牌时间:2025-09-25 | 交易权属:商品房 | 上次交易:暂无数据 | 房屋用途:普通住宅 | 房屋年限:暂无数据 | 产权所属:非共有 | 抵押信息:有抵押 380万元 金融公司垫资 | 房本备件:未上传房本照片,客厅 / 23.37平米 / 无 / 未知窗户类型 ; 卧室A / 9.3平米 / 南 / 普通窗 ; 卧室B / 10.89平米 / 无 / 未知窗户类型 ; 卧室C / 8.74平米 / 东 / 落地窗 ; 卧室D / 4.34平米 / 无 / 普通窗 ; 厨房 / 7.95平米 / 东 / 普通窗 ; 卫A / 3.91平米 / 东 / 普通窗 ; 卫B / 3.46平米 / 无 / 普通窗 ; 阳台A / 5.26平米 / 西 南 / 普通窗 ; 阳台B / 5.89平米 / 东 / 普通窗 ; 过道 / 4.91平米 / 无 / 无窗,
2021年次新电梯3房，生活配套成熟，到关内方便,"华晖瑞禧 , 坂田",3室2厅,99.95平米,南,精装,中楼层(共43层),2020年,塔楼,450 万,45023 元,0,,,近地铁 | VR房源,https://sz.lianjia.com/ershoufang/105121985473.html,地铁 | VR房源,次新房，深圳中轴，去哪都方便，生活配套成熟,2021年次新小区，小区位于银湖山1公里处，距鸡公山隧道1.5公里，方便到达罗湖，福田，南山。自带幼儿园，充足停车位，楼下买生活所需也方便。,享受 15 年一站式，首先项目自带一所 9 班约 3000 ㎡幼儿园，同时在项目西北约 500 米处有一所 9 年一贯制的公立——坂田实验（30 班小、15 班中）。另外，项目南面为规划教育用地，3 公里范围内还有一所全国唯一的科学高中。,两横四纵”成熟交通路网体系（两横：布龙路、南坪快速；四纵：五和大道、坂雪岗大道、梅观高速、清平高速）；邻近地铁5号线坂田站； 地处鸡公山通道首排，约一刻钟直达福田区，建立起快速通达全城的半小时生活圈。,,,2021-04-15,2025-09-01,商品房,普通住宅,暂无数据,非共有,有抵押 280万元 工商银行,挂牌时间:2025-09-01 | 交易权属:商品房 | 上次交易:2021-04-15 | 房屋用途:普通住宅 | 房屋年限:暂无数据 | 产权所属:非共有 | 抵押信息:有抵押 280万元 工商银行 | 房本备件:已上传房本照片,客厅 / 20.99平米 / 南 / 普通窗 ; 卧室A / 10.98平米 / 无 / 未知窗户类型 ; 卧室B / 14.09平米 / 无 / 未知窗户类型 ; 卧室C / 4.66平米 / 东 / 落地窗 ; 厨房 / 5.38平米 / 东 / 落地窗 ; 卫A / 3.24平米 / 东 / 普通窗 ; 卫B / 3.8平米 / 无 / 落地窗 ; 阳台A / 4.77平米 / 南 / 普通窗 ; 阳台B / 2.41平米 / 东 / 落地窗 ; 过道 / 3.58平米 / 无 / 无窗,
坂银隧道首站 太阳雨精装高楼层三房 业主诚售,"太阳雨家园 , 坂田",3室1厅,85.08平米,东南,,高楼层(共26层),2016年,板塔结合,410 万,48190 元,3,,,VR看装修,https://sz.lianjia.com/ershoufang/105117711827.html,VR看装修,此房户型方正实用，高楼层采光佳，看山看水,小区共由五栋高层组成，2016年的次新社区，拥有城市繁华与绿色生态双重资源，坐拥南坑自然水库、鸡公山、银湖山等山体郊野公园，人车分流，台地园林设计，难得置身繁华，却得原生态山林滋养！小区地势高通风很好，有大片的休闲娱乐场所，很受住户喜欢。,小区拥有城市繁华与绿色生态双重资源，有南坑自然水库、鸡公山、银湖山等山体郊野公园，同时对接罗湖、福田市区。小区楼间距宽阔，视野好，采光好，绿化好，环境舒适。在璞悦山和嘉悦山家园之间，有万科里购物，星巴克，满足您的购物需求。,小区位于坂雪岗大道与环城南路交汇处，门口有公交站，坂银通道首站，开车500米可上南坪快速。从小区步行至坂田地铁站约1.3公里，杨美地铁站约1.2公里。,,,暂无数据,2024-07-24,商品房,普通住宅,暂无数据,非共有,有抵押 建行,挂牌时间:2024-07-24 | 交易权属:商品房 | 上次交易:暂无数据 | 房屋用途:普通住宅 | 房屋年限:暂无数据 | 产权所属:非共有 | 抵押信息:有抵押 建行 | 房本备件:未上传房本照片,客厅 / 25.55平米 / 南 / 普通窗 ; 卧室A / 8.11平米 / 无 / 未知窗户类型 ; 卧室B / 11.46平米 / 南 / 普通窗 ; 卧室C / 5.13平米 / 东 / 落地窗 ; 厨房 / 3.97平米 / 东 / 普通窗 ; 卫 / 4.44平米 / 北 / 普通窗 ; 阳台A / 5.08平米 / 东 南 / 普通窗 ; 阳台B / 3.86平米 / 西 东 南 / 普通窗 ; 阳台C / 1.99平米 / 东 / 普通窗 ; 过道 / 2.78平米 / 无 / 无窗,
满五 位置安静 户型通途带前后花园,"珠江旭景佳园 , 坂田",3室2厅,125.58平米,东南,精装,中楼层(共5层),2007年,,625 万,49770 元,11,,,近地铁 | VR房源 | 房本满五年,https://sz.lianjia.com/ershoufang/105112135487.html,地铁 | VR房源 | 房本满五年,前后大花园  花园面积百平  业主精致装修,"旭景佳园分3期开发,分别070809年交楼,约1500户,金地物业。5号线坂田地铁口,地理位置优越,邻银湖山梅林关,四通八达。综合户型配套物业各维度,属坂田南北性价较高小区,坂银开通后成为福田后花园,加之价格低,实属福田南山通勤的刚需客户之不二选择",小区东南侧3千㎡底商，南侧大族云峰商场，2020年年底开业；距小区300米有两万㎡万科里。2km内有阳光湾畔、8号仓、坂田天虹等商场。1km有坂田医院,"四通八达,小区邻布龙路坂雪岗大道两大动脉,南面1km上坂银南坪,通达福田南山方便；东面两个灯位上清平水官,通达罗湖盐田惠州；西侧2km上G94,1h到宝安东莞广州；北达天安和华为。250米到5号线坂田地铁口,1站换10号线到福田口岸。小区东门150m到公交站。",,,2012-04-18,2022-11-26,商品房,普通住宅,满五年,非共有,无抵押,挂牌时间:2022-11-26 | 交易权属:商品房 | 上次交易:2012-04-18 | 房屋用途:普通住宅 | 房屋年限:满五年 | 产权所属:非共有 | 抵押信息:无抵押 | 房本备件:已上传房本照片,客厅 / 52.02平米 / 南 / 普通窗 ; 书房 / 16.98平米 / 西 东 / 普通窗 ; 卧室A / 10.9平米 / 北 / 普通窗 ; 卧室B / 23.99平米 / 西 南 / 普通窗 ; 厨房 / 23.13平米 / 北 东 / 普通窗 ; 卫生间A / 6.13平米 / 无 / 无窗 ; 卫生间B / 5.17平米 / 南 / 普通窗 ; 花园A / 47.45平米 / 西 北 东 / 普通窗 ; 花园B / 41.39平米 / 西 南 / 普通窗 ; 储物间 / 9.1平米 / 东 / 落地窗 ; 衣帽间 / 11.1平米 / 东 / 落地窗,
南向二楼，位置安静，看房随时方便有钥匙,"万科城一期 , 坂田",3室2厅,111.6平米,南 北,简装,低楼层(共6层),2005年,塔楼,560 万,50180 元,0,,27天以前发布,近地铁 | VR看装修 | 随时看房,https://sz.lianjia.com/ershoufang/105122087484.html,地铁 | VR看装修 | 随时看房,南北通透格局，户型方正，业主诚心卖,小区由万科集团开发，小区物业管理较为严格，外人基本无法随意出入，小区的花园干净整洁，一直保养的比较好。另外小区内有游泳池和健身会所，社区氛围比较运动阳光。2.小区环境优美，花园舒服，有露天泳池，健身场所。小区物业24小时在线，安全方便。,万科城，成熟大社区，入住率高，里面配套完善，有中国银行，工商银行，兴业银行等，有关东风，丹桂轩等吃饭喝茶不用愁，万科城里面还有游泳池，球馆，会所等休闲娱乐设施，双地铁口：贝尔路站、华为站,,,,暂无数据,2025-09-10,商品房,普通住宅,暂无数据,非共有,无抵押,挂牌时间:2025-09-10 | 交易权属:商品房 | 上次交易:暂无数据 | 房屋用途:普通住宅 | 房屋年限:暂无数据 | 产权所属:非共有 | 抵押信息:无抵押 | 房本备件:未上传房本照片,客厅 / 30.53平米 / 东 南 / 落地窗 ; 卧室A / 10.45平米 / 北 / 普通窗 ; 卧室B / 8.17平米 / 无 / 未知窗户类型 ; 卧室C / 19.32平米 / 南 / 落地窗 ; 厨房 / 6.87平米 / 北 / 普通窗 ; 卫A / 2.71平米 / 东 / 普通窗 ; 卫B / 4.19平米 / 北 / 普通窗 ; 阳台A / 2.83平米 / 西 北 / 普通窗 ; 阳台B / 2.54平米 / 西 北 东 / 普通窗 ; 阳台C / 7.13平米 / 西 东 南 / 落地窗 ; 储物间 / 3.14平米 / 无 / 无窗 ; 过道 / 6.4平米 / 无 / 无窗,
10号线地铁口  科外及华为旁 大三房 诚心出售 有钥匙,"信义嘉御山 , 坂田",3室2厅,88.54平米,南,精装,低楼层(共33层),2015年,板塔结合,495 万,55907 元,7,,,近地铁 | VR看装修 | 房本满五年 | 随时看房,https://sz.lianjia.com/ershoufang/105120567958.html,地铁 | VR看装修 | 房本满五年 | 随时看房,此房满五年唯一，位置安静 无遮挡 朝南  采光好 配套齐全,信义嘉御豪园分3期开发，占地近100000平米，建面400000平，共3008户。2013-2015年底交房，小区内有泳池，下楼就有公立幼儿园，户型多样，66平-77平方正2房；83-88平朝南或南北的3房；85平复式4房3卫；117-217平改善大平层，小区人车分流设计。,信义嘉御山是坂田次新的大社区的，小区一共有8期，目前基本都已经交房入住，坂田双地铁口的大盘，一期楼下有天虹商场，有星巴克，KFC，奈雪等，有健身会所等配套成熟，还有佳华商场MAX.CITY，有海底捞，探鱼等餐饮名店 各大银行围绕小区、旁边有大企业.,步行约600米到10号线坂田北站，900米五和交通枢纽站（5号，10号与在建的深大城际33号在五和站交汇），信义嘉御山小区下楼有3个公交站台，通达深圳市各区域都很方便。车库出来掉头左转就可快速上G94珠三角环线，地铁，公交，智驾出行都是很方便的。,"房屋产权：此房是业主个人产权商品房
税费金额：满五年且唯一 ，平安银行有欠款可以带押过户",,2015-12-17,2025-04-29,商品房,普通住宅,满五年,非共有,有抵押 385万元 平安,挂牌时间:2025-04-29 | 交易权属:商品房 | 上次交易:2015-12-17 | 房屋用途:普通住宅 | 房屋年限:满五年 | 产权所属:非共有 | 抵押信息:有抵押 385万元 平安 | 房本备件:已上传房本照片,客厅 / 28.09平米 / 南 / 落地窗 ; 卧室A / 6.21平米 / 北 东 / 普通窗 ; 卧室B / 15.86平米 / 东 南 / 落地窗 ; 卧室C / 9.32平米 / 南 / 普通窗 ; 厨房 / 6.1平米 / 无 / 未知窗户类型 ; 卫 / 3.59平米 / 北 / 普通窗 ; 阳台 / 7.14平米 / 西 东 南 / 普通窗 ; 过道 / 3.06平米 / 无 / 无窗,
次新小区 精修装朝南向三房 近公园人车分流,"嘉霖华禧 , 坂田",3室1厅,77.45平米,东南 南,精装,低楼层(共33层),2017年,塔楼,345 万,44545 元,7,,,近地铁 | VR看装修,https://sz.lianjia.com/ershoufang/105120116894.html,地铁 | VR看装修,次新小区 精修装朝南向三房 近公园人车分流,嘉霖华禧小区楼龄比较新，17年交房的小区，项目是嘉霖集团继大鹏PURE33璞岸、龙岗珑禧、坪山大万文化广场后推出的又一城市标杆力作。小区总共6栋，项目产品包含37-65平米1-3房70年产权平层、复式产品及74-119㎡ 品质3-5房品质住宅，均为片区主流户型,新社区，人车分流，24小时保安轮流值班，社区有自己的健身广场和花园，园林式社区。依托高新技术产业园，佳兆业城市广场物业形态丰富，集、酒店于一体。小区左边是天安云谷、华为总部基地，配套齐全,项目是靠着坂雪岗大道和坂澜大道，沿着坂雪岗大道可以去梅林关（去关内方向）、也可以转布龙路转南坪快速和水官高速，也可以从转贝尔路再转梅关高速，上坂澜大道可以去观澜也可以去平湖。地铁10号,,,暂无数据,2025-03-20,商品房,普通住宅,暂无数据,非共有,无抵押,挂牌时间:2025-03-20 | 交易权属:商品房 | 上次交易:暂无数据 | 房屋用途:普通住宅 | 房屋年限:暂无数据 | 产权所属:非共有 | 抵押信息:无抵押 | 房本备件:未上传房本照片,客厅 / 23.8平米 / 南 / 落地窗 ; 卧室A / 9.15平米 / 无 / 未知窗户类型 ; 卧室B / 10.51平米 / 无 / 未知窗户类型 ; 卧室C / 5.79平米 / 无 / 未知窗户类型 ; 厨房 / 5.18平米 / 东 / 落地窗 ; 卫 / 3.68平米 / 无 / 落地窗 ; 阳台A / 5.06平米 / 南 / 落地窗 ; 阳台B / 2.99平米 / 东 / 落地窗 ; 过道 / 2.73平米 / 无 / 无窗,
信义嘉御山真复式4房3卫装修好高楼层,"信义嘉御山 , 坂田",4室2厅,85.36平米,东北,精装,高楼层(共29层),2013年,板塔结合,608 万,71228 元,5,,,近地铁 | VR房源,https://sz.lianjia.com/ershoufang/105121616546.html,地铁 | VR房源,信义嘉御山真复式4房3卫装修好拎包入住高楼层,信义嘉御豪园分3期开发，占地近100000平米，建面400000平，共3008户。2013-2015年底交房，小区内有泳池，下楼就有公立幼儿园，户型多样，66平-78平方正2房；83-88平朝南或南北的3房；85平复式4房3卫；117-217平改善大平层，小区人车分流设计。,信义嘉御山是坂田次新的大社区的，小区一共有8期，目前基本都已经交房入住，坂田双地铁口的大盘，一期楼下有天虹商场，有星巴克，KFC，奈雪等，有健身会所等配套成熟，还有佳华商场MAX.CITY，有海底捞，探鱼等餐饮名店 各大银行围绕小区、旁边有大企业.,步行约600米到10号线坂田北站，900米五和交通枢纽站（5号，10号与在建的深大城际33号在五和站交汇），信义嘉御山小区下楼有3个公交站台，通达深圳市各区域都很方便。车库出来掉头左转就可快速上G94珠三角环线，地铁，公交，智驾出行都是很方便的。,,,暂无数据,2025-07-30,商品房,普通住宅,暂无数据,非共有,有抵押 300万元 中国银行,挂牌时间:2025-07-30 | 交易权属:商品房 | 上次交易:暂无数据 | 房屋用途:普通住宅 | 房屋年限:暂无数据 | 产权所属:非共有 | 抵押信息:有抵押 300万元 中国银行 | 房本备件:未上传房本照片,客厅 / 22平米 / 东北 / 落地窗 ; 卧室A / 8.82平米 / 无 / 未知窗户类型 ; 卧室B / 10.02平米 / 无 / 未知窗户类型 ; 卧室C / 18.4平米 / 东北 / 落地窗 ; 卧室D / 5.72平米 / 西北 / 落地窗 ; 厨房 / 7.52平米 / 无 / 未知窗户类型 ; 卫A / 4.63平米 / 北 / 普通窗 ; 卫B / 2.68平米 / 西北 / 落地窗 ; 卫C / 4.39平米 / 西北 / 普通窗 ; 阳台A / 5.73平米 / 西北 东北 / 落地窗 ; 阳台B / 6平米 / 西北 东北 / 落地窗 ; 过道 / 4.48平米 / 无 / 无窗 ; 门厅 / 4.81平米 / 西北 / 普通窗,
东南向三房，满五唯一带押过户 中高楼层安静,"佳兆业中央广场一期 , 坂田",3室1厅,88.04平米,东南,精装,高楼层(共47层),2013年,塔楼,395 万,44866 元,5,,22天以前发布,近地铁 | VR房源 | 随时看房,https://sz.lianjia.com/ershoufang/105122146274.html,地铁 | VR房源 | 随时看房,满五唯一可带押过户，中高层东南向三房，位置安静保养好。,小区规模：总共分为6期，10000大户的大盘，总占地约300000，项目总建面约1800000平米。3个幼儿园：150000平米综合MALL，加270米酒店（六期项目），二期的地理位置在其他几期的中间位置，分别被一期、三期、五期环抱，位置安静。,新社区，人车分流，24小时保安轮流值班，社区有自己的健身广场和花园，园林式社区。占地约300000平，建面约1800000平米，依托高新技术产业园，佳兆业城市广场物业形态丰富，集住宅、酒店于一体。小区左边是天安云谷、华为总部,地铁10号线岗头雪象站口，项目是靠着坂雪岗大道和坂澜大道，沿着坂雪岗大道可以去梅林关，也可以转布龙路转南坪快速和水官高速，也可以从转贝尔路再转梅关高速，上坂澜大道可以去观澜也可以去平湖。地铁7月开通。高速交通：梅观高速、清平高速、坂雪岗大道,,,暂无数据,2025-09-16,商品房,普通住宅,暂无数据,非共有,有抵押 280万元 中信银行 业主自还,挂牌时间:2025-09-16 | 交易权属:商品房 | 上次交易:暂无数据 | 房屋用途:普通住宅 | 房屋年限:暂无数据 | 产权所属:非共有 | 抵押信息:有抵押 280万元 中信银行 业主自还 | 房本备件:未上传房本照片,客厅 / 21.09平米 / 东南 / 落地窗 ; 卧室A / 9.17平米 / 东北 / 落地窗 ; 卧室B / 10.83平米 / 无 / 未知窗户类型 ; 卧室C / 7.66平米 / 东南 / 普通窗 ; 厨房 / 5.01平米 / 东北 / 普通窗 ; 卫 / 3.9平米 / 无 / 普通窗 ; 阳台A / 2.08平米 / 东北 / 普通窗 ; 阳台B / 6平米 / 西南 东北 东南 / 普通窗 ; 过道 / 2.96平米 / 无 / 无窗,
地铁雅宝站罕见大平层六房三卫南向全新精装修,"星河银湖谷 , 坂田",6室2厅,189.16平米,南 北,精装,低楼层(共47层),2016年,板塔结合,1300 万,68725 元,0,,9天以前发布,VR房源 | 随时看房,https://sz.lianjia.com/ershoufang/105122284828.html,VR房源 | 随时看房,全新精装修大平层南向位置安静诚意出售,星河WORLD银湖谷住宅面积为200000㎡，拥有5500㎡园林和泳池，人车分流的规划设计，港式入户大堂，览山阅湖景视野。约700000㎡商务楼群，集300米高层双子塔地和生态写字楼于一体.有大型商业综合体购物公园，有山有水，生活、购物、休闲非常便利。,,,,,暂无数据,2025-09-29,商品房,普通住宅,暂无数据,非共有,有抵押 800万元 邮政银行 客户偿还,挂牌时间:2025-09-29 | 交易权属:商品房 | 上次交易:暂无数据 | 房屋用途:普通住宅 | 房屋年限:暂无数据 | 产权所属:非共有 | 抵押信息:有抵押 800万元 邮政银行 客户偿还 | 房本备件:未上传房本照片,客厅 / 50.18平米 / 无 / 未知窗户类型 ; 卧室A / 5.56平米 / 南 / 落地窗 ; 卧室B / 12.23平米 / 南 / 落地窗 ; 卧室C / 9.73平米 / 南 / 落地窗 ; 卧室D / 25.9平米 / 无 / 未知窗户类型 ; 卧室E / 16.05平米 / 北 / 落地窗 ; 卧室F / 10.54平米 / 北 / 落地窗 ; 厨房 / 8.61平米 / 北 / 普通窗 ; 卫A / 7.44平米 / 无 / 未知窗户类型 ; 卫B / 5.58平米 / 无 / 未知窗户类型 ; 卫C / 5.49平米 / 无 / 未知窗户类型 ; 阳台A / 10.49平米 / 西 东 南 / 普通窗 ; 阳台B / 4.04平米 / 西 北 / 普通窗 ; 过道 / 8.23平米 / 无 / 无窗,
朝南向看花园，客厅出阳台，视野开阔位置安静,"佳兆业中央广场三期 , 坂田",3室2厅,89.21平米,南,精装,44层,2016年,塔楼,453 万,50780 元,3,,,近地铁 | VR看装修,https://sz.lianjia.com/ershoufang/105118232510.html,地铁 | VR看装修,此房满五，唯一，朝南向看花园，客厅出阳台，视野开阔位置安静,佳兆业城市广场是华为天安云谷一公里范围内的唯一的次新盘，三期于2016年年底交房。 物业是佳兆业物业，每个小区都带有儿童游乐场。小区自带3000平健身会所和恒温游泳池。,,1. 双地铁口出行，近地铁十号线雪象站和岗头站 2. 北临坂李大道~坂澜大道，可以直通珠三角环线高速。,,,暂无数据,2024-09-09,商品房,普通住宅,暂无数据,非共有,有抵押 435万元,挂牌时间:2024-09-09 | 交易权属:商品房 | 上次交易:暂无数据 | 房屋用途:普通住宅 | 房屋年限:暂无数据 | 产权所属:非共有 | 抵押信息:有抵押 435万元 | 房本备件:未上传房本照片,客厅 / 23.48平米 / 南 / 普通窗 ; 卧室A / 8.18平米 / 东 / 落地窗 ; 卧室B / 10.59平米 / 无 / 未知窗户类型 ; 卧室C / 9.28平米 / 无 / 未知窗户类型 ; 厨房 / 7.24平米 / 东 / 落地窗 ; 卫A / 3.4平米 / 无 / 落地窗 ; 卫B / 3.55平米 / 东 / 普通窗 ; 阳台A / 6.17平米 / 东 / 落地窗 ; 阳台B / 4.77平米 / 东 南 / 普通窗 ; 储物间 / 6.13平米 / 无 / 无窗 ; 过道 / 4.97平米 / 无 / 无窗,
金色半山 复式四房 中间楼层 安静,"万科金色半山 , 坂田",4室2厅,142.81平米,南,简装,15层,2011年,板楼,740 万,51818 元,3,,25天以前发布,VR房源,https://sz.lianjia.com/ershoufang/105122117026.html,VR房源,此房满五年 ，红本在手 中间楼层 朝南 安静,（参靠高德地图）地铁5号线杨美站C出口1400米，西至前海湾东至黄贝岭。门口M572路可直达终点深圳北站或步行700米至宏扬公交站也有多条公交路线可达深圳各区域。无缝衔接直上布龙路、清平、南坪、水官，坂银隧道建成通车实现10公里至福田北环大道。,万科金色半山是项目是西班牙建筑风格，是万科历经万科城、兰乔圣菲、清林径之后的西班牙风格力作。植物分布众多， 户型方正，楼间距宽，可享受约14000平 古埃尔公园 的庭院景观及泳池景观，万科物业有保障,,,,暂无数据,2025-09-13,商品房,普通住宅,暂无数据,非共有,无抵押,挂牌时间:2025-09-13 | 交易权属:商品房 | 上次交易:暂无数据 | 房屋用途:普通住宅 | 房屋年限:暂无数据 | 产权所属:非共有 | 抵押信息:无抵押 | 房本备件:未上传房本照片,客厅 / 32.01平米 / 南 / 落地窗 ; 卧室A / 12.88平米 / 南 / 落地窗 ; 卧室B / 9.04平米 / 北 / 普通窗 ; 卧室C / 12.95平米 / 南 / 落地窗 ; 卧室D / 17.25平米 / 南 / 落地窗 ; 厨房 / 5.1平米 / 北 / 普通窗 ; 卫A / 3平米 / 无 / 无窗 ; 卫B / 3平米 / 无 / 无窗 ; 卫C / 5.14平米 / 北 / 普通窗 ; 阳台A / 6.94平米 / 西 南 / 落地窗 ; 阳台B / 7.01平米 / 西 南 / 落地窗 ; 过道 / 10.07平米 / 北 / 落地窗 ; 门厅 / 7.75平米 / 无 / 无窗 ; 衣帽间 / 3.85平米 / 无 / 无窗,
佳兆业悦峰花园3房2厅2卫花园中间南北通透业主急售,"佳兆业悦峰 , 坂田",3室2厅,83.97平米,南 北,精装,高楼层(共17层),2013年,板塔结合,458 万,54544 元,10,,,近地铁 | VR看装修 | 随时看房,https://sz.lianjia.com/ershoufang/105116720892.html,地铁 | VR看装修 | 随时看房,房率高.看小区花园安静视野好房子，动静分区，私密性,佳兆业悦峰是佳兆业开发商，是上市房企排名靠前的开发商，开发商实力雄厚，佳兆业物业也是比较优质的物业管理公司，为小区高品质生活保驾护航。该小区是2015年次新小区，佳兆业物业，容积2.5，车位1：1带有室内篮球场，生活配套较齐全，居住舒适,省一级资质半山幼儿园，深实验9年制，科学高中，距离上学的地方都在步行300至900米内，家长接或者自行上下学都很方便，住在此小区生活便利，小孩上学方便，上班出行方便,地铁5号线杨美站C出口800米（高德地图参考），4站抵深圳北站深圳东站，西至前海湾东至黄贝岭。或步行400米至宏扬公交站也有多条公交路线可达深圳各区域。无缝衔接各大高速，直上布龙路、清平、南坪、水官，规划中坂银隧道通车后可实现10公里至福田北环。,,,暂无数据,2024-04-17,商品房,普通住宅,暂无数据,非共有,无抵押,挂牌时间:2024-04-17 | 交易权属:商品房 | 上次交易:暂无数据 | 房屋用途:普通住宅 | 房屋年限:暂无数据 | 产权所属:非共有 | 抵押信息:无抵押 | 房本备件:未上传房本照片,客厅 / 29.87平米 / 无 / 未知窗户类型 ; 卧室A / 8.79平米 / 北 / 普通窗 ; 卧室B / 13.56平米 / 无 / 未知窗户类型 ; 卧室C / 6.07平米 / 无 / 未知窗户类型 ; 厨房 / 4.64平米 / 无 / 落地窗 ; 卫A / 4.77平米 / 北 / 落地窗 ; 卫B / 4.04平米 / 南 / 落地窗 ; 阳台A / 7.02平米 / 西 北 东 / 普通窗 ; 阳台B / 1.63平米 / 西 / 落地窗 ; 衣帽间 / 3.04平米 / 南 / 普通窗,
深实门口的上品雅园 客厅正出 双露台 大3房2卫,"佳兆业上品雅园 , 坂田",3室2厅,88.35平米,南 东北,简装,31层,2010年,塔楼,500 万,56594 元,13,,,VR看装修,https://sz.lianjia.com/ershoufang/105118969304.html,VR看装修,深实门口的上品雅园 客厅正出 双露台，看小区花园，位置安静,上品雅园占地四万五千平，由7栋高层住宅合围式组成，人车分流，共1745户，1600个车位，管理费2.6元每平米，车位200元每月。户型多为两房和三房，佳兆业物业管理，2011年精装交楼的次新社区，常住人员均为80后青年及父母带孙家庭。底商已面开业.,小区自带泳池，乒乓球室、棋牌室及锻炼器材广场。门口有华润万家，钱大妈，龙华大润发沃尔玛往返车等满足业主的日常需求。步行700米可至杨美美食街，美家福百货等。距离深圳坂田医院2500米。3公里内有坂田天虹，佳华领汇广场，8号仓，和成嘉业,（参考高德地图）地铁5号线杨美站C出口792米，西至前海湾东至黄贝岭。东南门M572路可直达终点深圳北站或步行792米至杨美地铁公交站有多条公交路线可达深圳各区域。可直上布龙路、清平、南坪、水官，规划中坂银隧道建成通车后可实现10公里至福田皇岗立交,,,暂无数据,2024-11-20,商品房,普通住宅,暂无数据,非共有,无抵押,挂牌时间:2024-11-20 | 交易权属:商品房 | 上次交易:暂无数据 | 房屋用途:普通住宅 | 房屋年限:暂无数据 | 产权所属:非共有 | 抵押信息:无抵押 | 房本备件:未上传房本照片,客厅 / 19.94平米 / 北 / 普通窗 ; 卧室A / 8.07平米 / 北 / 落地窗 ; 卧室B / 7.96平米 / 北 / 落地窗 ; 卧室C / 13.28平米 / 北 / 落地窗 ; 厨房 / 4.95平米 / 北 / 落地窗 ; 卫A / 3.32平米 / 北 / 普通窗 ; 卫B / 3.74平米 / 北 / 普通窗 ; 阳台A / 9.13平米 / 北 / 普通窗 ; 阳台B / 7.42平米 / 北 / 普通窗 ; 阳台C / 2.41平米 / 北 / 落地窗 ; 过道 / 4.26平米 / 无 / 无窗 ; 门厅 / 3.5平米 / 北 / 普通窗,
新上看花园朝南3房  满五年唯一 位置安静 业主有心卖,"和成嘉业 , 坂田",3室2厅,81.27平米,东南,精装,低楼层(共30层),2020年,,399 万,49096 元,2,,21天以前发布,近地铁 | VR看装修 | 房本满五年 | 随时看房,https://sz.lianjia.com/ershoufang/105122154799.html,地铁 | VR看装修 | 房本满五年 | 随时看房,此房满五唯一，交通便利，朝南，户型方正，业主诚心卖,"小区由金和成开发和管理,于2016年批地,2019年入伙,共有800多户,两层车库,车位不紧张,车位1：1，主力户型为80-89-91-118-140平,3-5房都是带装修交楼,采光好,围合式建筑风格,人车分流,小区地势高,通风好。",小区自带乒乓球室、棋牌室及锻炼器材广场。门口有华润万家，钱大妈，龙华大润发沃尔玛往返车等满足业主的日常需求。步行700米可至杨美美食街，鑫华盛百货，美家福百货等。距离深圳坂田医院2500米。3公里内有坂田天虹，佳华领汇广场，8号仓，星河。,（参考高德地图）地铁5号线杨美站C出口792米，西至前海湾东至黄贝岭。东南门M572路可直达终点深圳北站或步行792米至杨美地铁公交站有多条公交路线可达深圳各区域。可直上布龙路、清平、南坪、水官，坂银隧道已建成通车，实现10公里至福田皇岗立交,,,2020-03-14,2025-09-17,商品房,普通住宅,满五年,非共有,有抵押 280万元 中国工商银行股份有限公司深圳东门支行,挂牌时间:2025-09-17 | 交易权属:商品房 | 上次交易:2020-03-14 | 房屋用途:普通住宅 | 房屋年限:满五年 | 产权所属:非共有 | 抵押信息:有抵押 280万元 中国工商银行股份有限公司深圳东门支行 | 房本备件:已上传房本照片,客厅 / 22.92平米 / 东南 / 普通窗 ; 卧室A / 11.56平米 / 无 / 未知窗户类型 ; 卧室B / 7.65平米 / 西南 / 普通窗 ; 卧室C / 8.98平米 / 无 / 未知窗户类型 ; 厨房 / 5.2平米 / 西南 / 普通窗 ; 卫 / 3.35平米 / 西北 / 普通窗 ; 阳台 / 4.43平米 / 东南 / 普通窗,
华为旁，高层视野好，南北通透，看水库。,"佳兆业中央广场一期 , 坂田",3室2厅,93.12平米,南 北,精装,高楼层(共48层),2013年,塔楼,420 万,45104 元,7,,,近地铁 | VR看装修 | 随时看房,https://sz.lianjia.com/ershoufang/105117431543.html,地铁 | VR看装修 | 随时看房,满五年，高层，看水库，景观好，视野好，通透，采光好。,小区规模：总共分为6期，万大户的大盘，总占地约，项目总建面约平米。3个幼儿园：平米综合MALL，加270米酒店（六期项目），二期的地理位置在其他几期的中间位置，分别被一期、三期、五期环抱，位置安静,新社区，人车分流，24小时保安轮流值班，社区有自己的健身广场和花园，园林式社区。占地约万平，建面约万平米，依托高新技术产业园，佳兆业城市广场物业形态丰富，集住宅、酒店于一体。小区左边是天安云谷、华为总部,地铁10号线岗头雪象站口，项目是靠着坂雪岗大道和坂澜大道，沿着坂雪岗大道可以去梅林关，也可以转布龙路转南坪快速和水官高速，也可以从转贝尔路再转梅关高速，上坂澜大道可以去观澜也可以去平湖。地铁7月开通。高速交通：梅观高速、清平高速、坂雪岗大道,,,暂无数据,2024-06-27,商品房,普通住宅,暂无数据,共有,有抵押 280万元,挂牌时间:2024-06-27 | 交易权属:商品房 | 上次交易:暂无数据 | 房屋用途:普通住宅 | 房屋年限:暂无数据 | 产权所属:共有 | 抵押信息:有抵押 280万元 | 房本备件:未上传房本照片,客厅 / 26.88平米 / 北 南 / 落地窗 ; 卧室A / 8.15平米 / 无 / 未知窗户类型 ; 卧室B / 13.83平米 / 无 / 未知窗户类型 ; 卧室C / 9.01平米 / 无 / 未知窗户类型 ; 厨房 / 5.27平米 / 西 / 落地窗 ; 卫A / 4.27平米 / 北 / 普通窗 ; 卫B / 4.15平米 / 北 / 普通窗 ; 阳台A / 5.77平米 / 西 北 东 / 普通窗 ; 阳台B / 3.43平米 / 西 / 落地窗 ; 入户花园 / 8.87平米 / 北 / 落地窗 ; 过道 / 3.23平米 / 无 / 无窗,
满五年唯一，诚售，红本顶楼房，明亮卧,"台湾花园 , 坂田",2室1厅,87.21平米,南,,高楼层(共7层),1993年,板塔结合,350 万,40134 元,5,,,近地铁 | VR房源 | 房本满五年,https://sz.lianjia.com/ershoufang/105114766782.html,地铁 | VR房源 | 房本满五年,此房满五年唯一 红本在手  南北通 业主诚心出售,,小区旁边就是坂田市场，买菜购物方便，小区的南面一路之隔是坂田市场，有餐饮、购物、影院、娱乐一条龙。在西边的吉华路和五和大道交汇处是坂田天虹旗舰店，银行、培训机构、餐饮、购物等一应俱全。,小区楼下80米就是地铁十号线（坂田北站），可以直达福田口岸。,,,2005-11-22,2023-09-10,商品房,普通住宅,满五年,非共有,无抵押,挂牌时间:2023-09-10 | 交易权属:商品房 | 上次交易:2005-11-22 | 房屋用途:普通住宅 | 房屋年限:满五年 | 产权所属:非共有 | 抵押信息:无抵押 | 房本备件:已上传房本照片,客厅 / 23.3平米 / 南 / 落地窗 ; 卧室A / 10.46平米 / 北 / 普通窗 ; 卧室B / 14.42平米 / 南 / 普通窗 ; 厨房 / 7.15平米 / 北 / 普通窗 ; 卫生间 / 2.83平米 / 北 / 普通窗 ; 阳台 / 4.01平米 / 西 南 / 落地窗 ; 门厅 / 1.71平米 / 无 / 无窗 ; 过道A / 2.03平米 / 无 / 无窗 ; 过道B / 1.67平米 / 无 / 无窗,
房子满五年红本在手，在小区门口出入比较方便,"春华四季园二期 , 坂田",4室2厅,123.01平米,东南,,中楼层(共11层),2007年,板塔结合,680 万,55281 元,0,,,近地铁 | VR房源,https://sz.lianjia.com/ershoufang/105120272218.html,地铁 | VR房源,房子满五年红本在手，在小区门口出入比较方便,,小区旁边是8号仓奥特莱斯，1公里左右是有一个深圳的儿童医院，1公里左右还有一个体育公园，2公里以内有2个水库,三地铁口围绕，出行便利，小区旁边100米可以上梅关高速，开车也是比较便利,,,暂无数据,2025-04-02,商品房,普通住宅,暂无数据,非共有,无抵押,挂牌时间:2025-04-02 | 交易权属:商品房 | 上次交易:暂无数据 | 房屋用途:普通住宅 | 房屋年限:暂无数据 | 产权所属:非共有 | 抵押信息:无抵押 | 房本备件:未上传房本照片,客厅 / 32.36平米 / 南 / 普通窗 ; 卧室A / 14.13平米 / 南 / 普通窗 ; 卧室B / 21.17平米 / 无 / 未知窗户类型 ; 卧室C / 13.55平米 / 北 东 / 落地窗 ; 卧室D / 10.79平米 / 无 / 无窗 ; 厨房 / 16.42平米 / 北 东 / 落地窗 ; 卫A / 4平米 / 无 / 未知窗户类型 ; 卫B / 3.59平米 / 东 / 普通窗 ; 阳台 / 14.05平米 / 南 / 普通窗 ; 过道 / 4.99平米 / 无 / 无窗,
坂田天虹双地铁口准新房科技城外国语小三房,"佳华领汇广场 , 坂田",3室1厅,81.7平米,东北,精装,中楼层(共32层),2016年,塔楼,480 万,58752 元,2,,,近地铁 | VR房源,https://sz.lianjia.com/ershoufang/105115187332.html,地铁 | VR房源,稀有三房户型，大阳台，视野开阔无遮挡，房东住家装修保养用心,,,交通配套齐全，五和坂田北双地铁口，上梅观高速和水官高速都比较方便，1公里到南坪快速和布龙公路。,,,暂无数据,2023-10-29,商品房,普通住宅,暂无数据,非共有,有抵押 浦发银行,挂牌时间:2023-10-29 | 交易权属:商品房 | 上次交易:暂无数据 | 房屋用途:普通住宅 | 房屋年限:暂无数据 | 产权所属:非共有 | 抵押信息:有抵押 浦发银行 | 房本备件:未上传房本照片,客厅 / 26.39平米 / 东北 / 普通窗 ; 卧室A / 10.68平米 / 无 / 未知窗户类型 ; 卧室B / 8.9平米 / 无 / 未知窗户类型 ; 卧室C / 6.48平米 / 西北 / 落地窗 ; 厨房 / 8.69平米 / 东北 / 落地窗 ; 卫生间 / 2.91平米 / 西北 / 普通窗 ; 阳台 / 4.51平米 / 西北 东北 东南 / 普通窗,
春华四季园158平大五房  实用168平 高楼层 视野开阔,"春华四季园二期 , 坂田",5室2厅,158平米,南,,中楼层(共11层),2007年,板塔结合,932 万,58988 元,0,,,VR看装修,https://sz.lianjia.com/ershoufang/105121465951.html,VR看装修,满五年高楼层，视野好，使用168平,总规划户数约3000户。6000平方米的湖坡、1000米的风情街——右一坊、室外泳池及室内恒温泳池、3000平方米的运动场地、幼儿园等等。二期户型产品丰富多样，包括70平方米左右的两房、95－122平方米左右的三房、136－157平方米的四-五房！,小区自带：小区一条街、华润万家、特蕾丝幼儿园、游泳馆、网球场、篮球场、羽毛球场、休闲会所等配套，生活购物便利，购物：8号仓奥特莱斯、龙华名车广场，东门离阳光湾畔购物广场、海达和成购物广场,小区离地铁五和站1500米，深圳北站2公里，小区南门有多趟公交车直达南山，罗湖，福田，开车可以直接在南门上梅观高速转南坪快速，机荷高速，关口位置，交通便利,,,暂无数据,2025-07-16,商品房,普通住宅,暂无数据,非共有,无抵押,挂牌时间:2025-07-16 | 交易权属:商品房 | 上次交易:暂无数据 | 房屋用途:普通住宅 | 房屋年限:暂无数据 | 产权所属:非共有 | 抵押信息:无抵押 | 房本备件:未上传房本照片,客厅 / 50.07平米 / 无 / 未知窗户类型 ; 餐厅 / 13.72平米 / 北 / 普通窗 ; 书房 / 14.81平米 / 南 / 落地窗 ; 卧室A / 8.89平米 / 北 / 普通窗 ; 卧室B / 10.88平米 / 无 / 未知窗户类型 ; 卧室C / 19.14平米 / 南 / 落地窗 ; 厨房 / 15.21平米 / 北 / 落地窗 ; 卫A / 3.53平米 / 南 / 普通窗 ; 卫B / 6.99平米 / 西 / 普通窗 ; 阳台 / 18.93平米 / 西 北 东 南 / 落地窗 ; 过道 / 4.93平米 / 无 / 无窗,
次新小区，精装三房，业主诚意出售,"大族云峰二期 , 坂田",3室2厅,91.3平米,西,精装,29层,2021年,板塔结合,600 万,65718 元,0,,,近地铁 | VR看装修,https://sz.lianjia.com/ershoufang/105120408871.html,地铁 | VR看装修,房子满两年，费用少，装修保养的还不错，中间楼层，买来即入住,小区2017年批地，于2022交楼，次新小区，分一二期开发，此小区为二期，低密度，共4栋，每栋分两个单元，楼间距宽，无任何遮挡，停车位充足车位宽,楼下就是商场湾畔Mall，去万科里，天虹商场，8号仓，星河CocoPark也很方便，坂田医院，银湖山郊野公园,"此房位置不错，出行方便，地铁公交驾车都方便，门口就是公交站，离坂田地铁A出口800米距离（数据来源百度地图),小区东边是坂雪岗大道，这条大道连接坂银通道，开车去福田罗湖很方便，过了坂银隧道就到福田银湖，大大缩短了去往城区的时间。",,,暂无数据,2025-04-15,商品房,普通住宅,暂无数据,非共有,有抵押 180万元 交通银行 业主自还,挂牌时间:2025-04-15 | 交易权属:商品房 | 上次交易:暂无数据 | 房屋用途:普通住宅 | 房屋年限:暂无数据 | 产权所属:非共有 | 抵押信息:有抵押 180万元 交通银行 业主自还 | 房本备件:未上传房本照片,客厅 / 26.67平米 / 北 / 普通窗 ; 卧室A / 6.32平米 / 北 / 落地窗 ; 卧室B / 12.45平米 / 无 / 未知窗户类型 ; 卧室C / 9.55平米 / 无 / 未知窗户类型 ; 厨房 / 5.5平米 / 无 / 未知窗户类型 ; 卫A / 2.55平米 / 无 / 无窗 ; 卫B / 3.15平米 / 北 / 普通窗 ; 阳台 / 4.7平米 / 北 / 普通窗 ; 过道 / 4.57平米 / 无 / 无窗,
五和地铁口电梯小两房商务公寓！,"润创兴时代公寓 , 坂田",2室1厅,50.43平米,南,简装,中楼层(共29层),2014年,板楼,180 万,35694 元,1,,,近地铁 | VR房源,https://sz.lianjia.com/ershoufang/105121289482.html,地铁 | VR房源,此房满五年，电梯房，精装修，交通便利！,创兴时代是由深圳润创兴有限公司开发的现代青年居住生活区，位于龙岗坂田布龙路与五和大道交汇处（万科四季花城北侧），共1栋2座，A座为29层的商务公寓，B座为11层的创意办公楼，总建筑面积46910.80平，其中商务公寓25587平，办公楼7500平,坂田医院；中行、农行、平安银行等；万科万致天地广场，阳光湾畔 百货、天虹商场；五和地铁口D出口；,5号线和十号线五和地铁站D出口200米（来自高德地图）；区域主干道布龙路、五和大道；三大高速：梅观高速、水官高速、清平高速；2条快速路：南坪快速、新彩快速；坂银通道可直达福田，南山，罗湖,,,暂无数据,2025-07-01,商品房,商务公寓,暂无数据,非共有,有抵押 45万元 商业银行 业主自还,挂牌时间:2025-07-01 | 交易权属:商品房 | 上次交易:暂无数据 | 房屋用途:商务公寓 | 房屋年限:暂无数据 | 产权所属:非共有 | 抵押信息:有抵押 45万元 商业银行 业主自还 | 房本备件:未上传房本照片,客厅 / 16.43平米 / 南 / 普通窗 ; 卧室A / 5.45平米 / 南 / 落地窗 ; 卧室B / 8.91平米 / 无 / 未知窗户类型 ; 厨房 / 3.11平米 / 南 / 普通窗 ; 卫 / 3.56平米 / 无 / 普通窗 ; 阳台A / 1.34平米 / 南 / 普通窗 ; 阳台B / 2.46平米 / 南 / 普通窗,
东南向中高楼层、采光通风视野好、满五税费少,"信义嘉御山 , 坂田",4室2厅,140.3平米,东南,精装,中楼层(共31层),2013年,板塔结合,1080 万,76978 元,1,,,近地铁 | VR房源,https://sz.lianjia.com/ershoufang/105116606299.html,地铁 | VR房源,此房为东南向，看花园泳池，中间楼层，满五年税费低,信义嘉御山是坂田新的大社区的，小区一共有8期，目前1-5期已经交房入住，坂田双地铁口的大盘，一期楼下有天虹商场，有星巴克，KFC，面点王，健身会所，SAP等配套成熟，还开了佳华商场MAX.CITY有海底捞，探鱼等餐饮名店 各大银行围绕小区、旁边有大企华为,小区下面自带底层店铺，开发商自持，目前已全部进驻，包括中西式餐饮、教育培训、婴幼儿用品，便利店及坂田天虹旗舰店，生活方便，小区内有幼儿园，家门口尽享优质生活。,开车出行：小区出来贝尔路可快速上G94梅关高速，坂雪岗大道上坂银通道直通福田南山。 地铁出行：10号线坂田北站，10号线5号线中转站五和站。 公交出行：里石排站，坂田市场站，坂田路口站，坂田路口北站等,,,暂无数据,2024-04-07,商品房,普通住宅,暂无数据,非共有,有抵押 700万元,挂牌时间:2024-04-07 | 交易权属:商品房 | 上次交易:暂无数据 | 房屋用途:普通住宅 | 房屋年限:暂无数据 | 产权所属:非共有 | 抵押信息:有抵押 700万元 | 房本备件:未上传房本照片,,
春华 四季 园端头 复式  四房,"春华四季园二期 , 坂田",4室2厅,142平米,南,精装,中楼层(共12层),2007年,板塔结合,860 万,60564 元,1,,,VR房源,https://sz.lianjia.com/ershoufang/105118256935.html,VR房源,此房满五年唯一，端户复式，装修保养好,小区车位充足，达到1：1.1，小区配套也齐全，各种生活必须商店小区都有。小区自带有配套成人和儿童泳池，保障大人小孩都能在合适的水位游泳，小区有篮球场，羽毛球场和各类体育健身设施,小区配套齐全，教育，商场，医院等都在500米范围内。五和交通枢纽，梅观快速，出行便利,,,,暂无数据,2024-09-11,商品房,普通住宅,暂无数据,非共有,无抵押,挂牌时间:2024-09-11 | 交易权属:商品房 | 上次交易:暂无数据 | 房屋用途:普通住宅 | 房屋年限:暂无数据 | 产权所属:非共有 | 抵押信息:无抵押 | 房本备件:未上传房本照片,客厅 / 56.94平米 / 西北 东南 / 普通窗 ; 卧室A / 7.8平米 / 无 / 未知窗户类型 ; 卧室B / 11.66平米 / 西北 / 落地窗 ; 卧室C / 9.12平米 / 西北 / 落地窗 ; 卧室D / 19.6平米 / 东南 / 落地窗 ; 厨房 / 5.68平米 / 西南 / 普通窗 ; 卫A / 3.43平米 / 西南 / 普通窗 ; 卫B / 7.5平米 / 无 / 未知窗户类型 ; 阳台A / 9.36平米 / 东南 / 普通窗 ; 阳台B / 9.6平米 / 西 西北 / 落地窗 ; 阳台C / 12.12平米 / 东 / 落地窗 ; 过道 / 11.4平米 / 无 / 无窗 ; 衣帽间A / 3.55平米 / 西南 / 普通窗 ; 衣帽间B / 11.02平米 / 无 / 无窗,
华为旁大花园社区，天虹楼上朝南大三房 初次出售,"信义嘉御山 , 坂田",3室2厅,89.78平米,南,,26层,2013年,板塔结合,569 万,63378 元,1,,,近地铁 | VR房源,https://sz.lianjia.com/ershoufang/105120243419.html,地铁 | VR房源,房子产权满五年 么有增值税，朝南向 楼下就是天虹商场,信义嘉御山小区占地十万平，新加坡风情花园园林，总共15栋 容积2.8 . 小区很大 有泳池 很适合有家庭有老人的居住,距离386米 是10号线坂田北站，800米是10+5号双线地铁五和站，楼下是坂田天虹商场和佳华MAXcity商场，往北400米处 25号线黄君山站在建。坂田菜市场,,,,暂无数据,2025-03-31,商品房,普通住宅,暂无数据,非共有,有抵押 450万元 工商银行 金融公司垫资,挂牌时间:2025-03-31 | 交易权属:商品房 | 上次交易:暂无数据 | 房屋用途:普通住宅 | 房屋年限:暂无数据 | 产权所属:非共有 | 抵押信息:有抵押 450万元 工商银行 金融公司垫资 | 房本备件:未上传房本照片,客厅 / 27.37平米 / 无 / 未知窗户类型 ; 卧室A / 9.57平米 / 南 / 普通窗 ; 卧室B / 15.08平米 / 无 / 未知窗户类型 ; 卧室C / 6.4平米 / 东 / 普通窗 ; 厨房 / 5.63平米 / 东 / 普通窗 ; 卫 / 5.01平米 / 无 / 未知窗户类型 ; 阳台 / 5.69平米 / 西 东 南 / 普通窗 ; 过道 / 3.18平米 / 无 / 无窗,
城市广场五期，精装3+1户型，朝南 次新小区,"佳兆业城市广场五期 , 坂田",4室2厅,89.71平米,南,精装,低楼层(共43层),2019年,板楼,438 万,48824 元,5,,,近地铁 | VR房源,https://sz.lianjia.com/ershoufang/105120568317.html,地铁 | VR房源,城市广场五期，精装3+1户型，朝南 次新小区，房子满五年 红本,小区总共分为6期，壹万多户的大盘，总占地约三十万，项目总建面约壹佰捌拾万平米。3个幼儿园：十五万平米综合MALL，加270米酒店（六期项目），二期的地理位置在其他几期的中间位置，分别被一期、三期、五期环抱，位置安静。,新社区，人车分流，24小时保安轮流值班，社区有自己的健身广场和花园，园林式社区。占地约三十万平，建面约壹佰捌拾万平米，依托高新技术产业园，佳兆业城市广场物业形态丰富，集住宅、酒店于一体。小区左边是天安云谷、华为总部基地，配套齐全,项目靠着坂雪岗大道和坂澜大道，沿着坂雪岗大道可以去梅林关（去关内方向）、也可以转布龙路转南坪快速和水官高速，也可以从转贝尔路再转梅关高速，上坂澜大道可以去观澜也可以去平湖。地铁10号线两个地铁口，岗头站和雪象站，交通便利。,,,暂无数据,2025-04-29,商品房,普通住宅,暂无数据,非共有,无抵押,挂牌时间:2025-04-29 | 交易权属:商品房 | 上次交易:暂无数据 | 房屋用途:普通住宅 | 房屋年限:暂无数据 | 产权所属:非共有 | 抵押信息:无抵押 | 房本备件:未上传房本照片,客厅 / 19.72平米 / 南 / 普通窗 ; 卧室A / 11.47平米 / 无 / 未知窗户类型 ; 卧室B / 10.07平米 / 东 / 落地窗 ; 卧室C / 10.03平米 / 无 / 未知窗户类型 ; 厨房 / 8.88平米 / 东 / 普通窗 ; 卫生间A / 3.34平米 / 东 / 普通窗 ; 卫生间B / 3.13平米 / 无 / 普通窗 ; 阳台A / 7.53平米 / 东 / 普通窗 ; 阳台B / 4.47平米 / 东 南 / 普通窗 ; 储物间 / 6.12平米 / 无 / 无窗 ; 过道 / 4.92平米 / 无 / 无窗,
保养很好，安静，复式楼，干净卫生。。。,"华创云轩 , 坂田",2室1厅,29.61平米,北,精装,20层,2018年,塔楼,114.8 万,38771 元,0,,,近地铁,https://sz.lianjia.com/ershoufang/105118652912.html,地铁,"复式使用率高,地铁口华为旁,易出租,通燃气","：
华创云轩占地面积：12553平方米 共2栋，其中A栋20层，B栋21层 小区有地下停车场车位充足，有四层商场，4楼为空中花园",,"：
10号线华为站D出口就是本小区，5minute上梅观高速，20minute到福田和罗湖，30minute到南山，交通便利，人群是IT和电商集群！","：
房子属于商办公性质业主割爱因为低于原购买价出售只有3个点契税和卖新房一样税费成本值得入手",,暂无数据,2024-10-21,商品房,商业办公类,暂无数据,非共有,无抵押,挂牌时间:2024-10-21 | 交易权属:商品房 | 上次交易:暂无数据 | 房屋用途:商业办公类 | 房屋年限:暂无数据 | 产权所属:非共有 | 抵押信息:无抵押 | 房本备件:未上传房本照片,客厅 / 12.76平米 / 北 / 落地窗 ; 卧室A / 5.59平米 / 南 / 普通窗 ; 卧室B / 6.98平米 / 无 / 未知窗户类型 ; 厨房 / 3.22平米 / 南 / 普通窗 ; 卫 / 2.07平米 / 南 / 普通窗 ; 过道 / 3.66平米 / 无 / 无窗,
精装修三房两卫，业主自住，看房方便,"佳兆业中央广场一期 , 坂田",3室2厅,88.28平米,东南,,高楼层(共47层),2013年,塔楼,490 万,55506 元,2,,,近地铁 | VR看装修,https://sz.lianjia.com/ershoufang/105118655284.html,地铁 | VR看装修,朝南三房两卫， 看花园安静， 采光充足,小区规模：总共分为6期，大型社区，3个幼儿园：大型综合MALL，加270米酒店（六期项目）。,新社区，人车分流，24小时保安轮流值班，社区有自己的健身广场和花园，园林式社区。小区自带佳兆业九万平商场，物业形态丰富，集住宅、酒店、公寓、写字楼于一体，小区旁边是天安云谷以及华为总部，49栋写字楼。旁边有大型公园（雪竹径公园、JI创公园）,项目位于坂雪岗大道和坂澜大道处，沿着坂雪岗大道可以去梅林关（去关内方向）、也可以转布龙路转南坪快速和水官高速，也可以从转贝尔路再转梅关高速，上坂澜大道可以去观澜也可以去平湖。高速交通：梅观高速、清平高速、坂雪岗大道、南坪快速，地铁10号线。,,,暂无数据,2024-10-21,商品房,普通住宅,暂无数据,非共有,无抵押,挂牌时间:2024-10-21 | 交易权属:商品房 | 上次交易:暂无数据 | 房屋用途:普通住宅 | 房屋年限:暂无数据 | 产权所属:非共有 | 抵押信息:无抵押 | 房本备件:未上传房本照片,客厅 / 22.37平米 / 东 / 普通窗 ; 卧室A / 8.95平米 / 无 / 未知窗户类型 ; 卧室B / 11.63平米 / 无 / 未知窗户类型 ; 卧室C / 9.68平米 / 北 / 落地窗 ; 厨房 / 4.62平米 / 北 / 落地窗 ; 卫A / 2.74平米 / 北 / 普通窗 ; 卫B / 4.05平米 / 无 / 落地窗 ; 阳台A / 5.44平米 / 北 东 / 普通窗 ; 阳台B / 4.84平米 / 北 / 落地窗 ; 过道 / 2.94平米 / 无 / 无窗,
带入户的3加1户型方正实用看花园 价格低安静,"佳兆业中央广场一期 , 坂田",3室2厅,88.93平米,南 北,简装,低楼层(共47层),2013年,板楼,425 万,47791 元,1,,,近地铁 | VR看装修,https://sz.lianjia.com/ershoufang/105121789454.html,地铁 | VR看装修,满二年  税费少  欠款少  业主诚心卖  价格实惠,,新社区，人车分流，24小时保安轮流值班，社区有自己的健身广场和花园，园林式社区。依托高新技术产业园，佳兆业城市广场物业形态丰富，集住宅、酒店于一体。小区左边是天安云谷、华为总部基地，配套齐全,项目是靠着坂雪岗大道和坂澜大道，沿着坂雪岗大道可以去梅林关（去关内方向）、也可以转布龙路转南坪快速和水官高速，也可以从转贝尔路再转梅关高速，上坂澜大道可以去观澜也可以去平湖。地铁10号线两个地铁口，岗头站和雪象站,,,暂无数据,2025-08-14,商品房,普通住宅,暂无数据,非共有,有抵押 150万元 农业银行,挂牌时间:2025-08-14 | 交易权属:商品房 | 上次交易:暂无数据 | 房屋用途:普通住宅 | 房屋年限:暂无数据 | 产权所属:非共有 | 抵押信息:有抵押 150万元 农业银行 | 房本备件:未上传房本照片,客厅 / 20.8平米 / 北 南 / 落地窗 ; 卧室A / 7.83平米 / 无 / 未知窗户类型 ; 卧室B / 14.42平米 / 无 / 未知窗户类型 ; 卧室C / 8.65平米 / 北 / 普通窗 ; 厨房 / 4.75平米 / 东 / 落地窗 ; 卫A / 4.31平米 / 南 / 普通窗 ; 卫B / 3.6平米 / 南 / 普通窗 ; 阳台A / 2.49平米 / 南 / 落地窗 ; 阳台B / 5.59平米 / 西 北 东 / 普通窗 ; 过道 / 2.96平米 / 无 / 无窗 ; 门厅 / 9.8平米 / 北 / 落地窗,
华创云轩高层南向精装修配套全诚心出,"华创云轩 , 坂田",2室1厅,30.73平米,南,精装,21层,2018年,板楼,138 万,44908 元,0,,,近地铁,https://sz.lianjia.com/ershoufang/105119906203.html,地铁,楼层好，朝向南，采光视野好，红本在手无抵押。华为总部边。,华创云轩占地面积：12553平方米 共2栋，其中A栋20层，B栋21层 小区有地下停车场车位充足，有四层商场，4楼为空中花园。,配套有万科城购物街、天虹商场、坂田购物广场，天安云谷大型商场，佳兆业城市广场，楼下上下四层的商场,近华为基地，区域交通纵横交错十分便利，纵向有：梅观高速、清坪高速，坂雪岗大道，五和大道，横向布龙路，有南坪快速、等陆路交通通达全城。地铁有：5号线和10号 线，其中华为站距离小区约20m。,,,暂无数据,2025-03-03,商品房,商业办公类,暂无数据,非共有,无抵押,挂牌时间:2025-03-03 | 交易权属:商品房 | 上次交易:暂无数据 | 房屋用途:商业办公类 | 房屋年限:暂无数据 | 产权所属:非共有 | 抵押信息:无抵押 | 房本备件:未上传房本照片,客厅 / 13.36平米 / 南 / 落地窗 ; 卧室01 / 6.9平米 / 无 / 未知窗户类型 ; 卧室02 / 5.66平米 / 北 / 普通窗 ; 厨房 / 3.24平米 / 北 / 普通窗 ; 卫 / 2.03平米 / 北 / 普通窗 ; 过道 / 3.82平米 / 无 / 无窗,
别墅区的高层看别墅2梯2户 直接拎包入住,"正展逸园 , 坂田",3室2厅,128.38平米,南,精装,中楼层(共22层),2017年,板楼,700 万,54526 元,2,,,VR看装修,https://sz.lianjia.com/ershoufang/105116813090.html,VR看装修,2梯2户朝南看别墅通透大阳台南向看别墅视野开阔采光好房子,,,,,,2020-11-07,2024-04-26,商品房,普通住宅,暂无数据,非共有,有抵押 客户偿还,挂牌时间:2024-04-26 | 交易权属:商品房 | 上次交易:2020-11-07 | 房屋用途:普通住宅 | 房屋年限:暂无数据 | 产权所属:非共有 | 抵押信息:有抵押 客户偿还 | 房本备件:已上传房本照片,客厅 / 35.97平米 / 北 南 / 落地窗 ; 卧室A / 13.84平米 / 无 / 未知窗户类型 ; 卧室B / 8.96平米 / 无 / 未知窗户类型 ; 卧室C / 10.22平米 / 北 / 落地窗 ; 厨房 / 5.19平米 / 北 / 落地窗 ; 卫A / 7.69平米 / 无 / 未知窗户类型 ; 卫B / 4.77平米 / 无 / 未知窗户类型 ; 阳台A / 6.96平米 / 西 东 南 / 普通窗 ; 阳台B / 3.86平米 / 西 北 / 落地窗 ; 储物间 / 3.79平米 / 南 / 落地窗 ; 过道 / 3.48平米 / 无 / 无窗,
华为地铁站楼上，朝南复式精致2房，位置安静，保养好,"华创云轩 , 坂田",2室1厅,30.73平米,南,精装,21层,2018年,板楼,135 万,43932 元,1,,,近地铁,https://sz.lianjia.com/ershoufang/105118118962.html,地铁,华为地铁站楼上，朝南复式精致2房，位置安静，保养好,华创云轩占地面积：12553平方米 共2栋，其中A栋20层，B栋21层 小区有地下停车场，车位充足，有四层商场，4楼的空中花园有夜光跑道和健身器材以及儿童游乐区,复式户型，精致装修，保养好，适合年轻人。近华为、百瑞达、天安云谷等写字楼，深受年轻人喜欢,坂雪岗大道旁，5公里到达坂银通道福田，楼下地铁十号线华为站D出口，交通便利,,,暂无数据,2024-08-30,商品房,商业办公类,暂无数据,非共有,有抵押 60万元 邮政储蓄 客户偿还,挂牌时间:2024-08-30 | 交易权属:商品房 | 上次交易:暂无数据 | 房屋用途:商业办公类 | 房屋年限:暂无数据 | 产权所属:非共有 | 抵押信息:有抵押 60万元 邮政储蓄 客户偿还 | 房本备件:未上传房本照片,客厅 / 13.3平米 / 南 / 落地窗 ; 卧室A / 5.86平米 / 北 / 普通窗 ; 卧室B / 6.9平米 / 南 / 落地窗 ; 厨房 / 3.31平米 / 北 / 普通窗 ; 卫 / 2.1平米 / 北 / 普通窗 ; 过道 / 6平米 / 无 / 无窗,
华晖瑞禧 3室1厅 南,"华晖瑞禧 , 坂田",3室1厅,102平米,南,,中楼层(共41层),2020年,塔楼,600 万,58824 元,0,,,近地铁 | VR房源,https://sz.lianjia.com/ershoufang/105121802232.html,地铁 | VR房源,,,,,,,暂无数据,2025-08-15,商品房,普通住宅,暂无数据,非共有,暂无数据,挂牌时间:2025-08-15 | 交易权属:商品房 | 上次交易:暂无数据 | 房屋用途:普通住宅 | 房屋年限:暂无数据 | 产权所属:非共有 | 抵押信息:暂无数据 | 房本备件:未上传房本照片,客厅 / 25.16平米 / 南 / 普通窗 ; 卧室A / 9.39平米 / 无 / 未知窗户类型 ; 卧室B / 12.36平米 / 南 / 落地窗 ; 卧室C / 6.67平米 / 西 / 普通窗 ; 厨房 / 5.96平米 / 北 / 普通窗 ; 卫A / 3.88平米 / 无 / 未知窗户类型 ; 卫B / 3.63平米 / 北 / 普通窗 ; 阳台 / 3.66平米 / 南 / 普通窗 ; 过道 / 4.06平米 / 无 / 无窗,
朝南向高实用两房，安静看小区，自住诚心卖,"信义嘉御山 , 坂田",2室1厅,69.37平米,东南,精装,低楼层(共33层),2013年,板塔结合,440 万,63428 元,0,,,近地铁 | VR看装修 | 房本满五年,https://sz.lianjia.com/ershoufang/105119637516.html,地铁 | VR看装修 | 房本满五年,朝南向高实用两房，安静看小区，自住诚心卖,信义嘉御豪园分三期开发，占地近100000平米，建面400000平，共3008户。2013-2015年底交房，小区内有泳池，配套有公里龙岗机关幼儿园，户型多样，66平-77平，方正通透的两房；83-88平，朝南或南北的三房户型；85平 复式 四房三卫；117-217平 改善大户型。,信义嘉御山是坂田新的大社区的，小区一共有8期，目前1-5期已经交房入住，坂田双地铁口的大盘，一期楼下有天虹商场，有星巴克，KFC，面点王，健身会所，SAP等配套成熟，还开了佳华商场MAX.CITY有海底捞，探鱼等餐饮名店 各大银行围绕小区、旁边有大企华为,开车出行：小区出来贝尔路可快速上G94梅关高速，坂雪岗大道上坂银通道直通福田南山。 地铁出行：10号线坂田北站，10号线5号线中转站五和站。 公交出行：里石排站，坂田市场站，坂田路口站，坂田路口北站等,,,2017-09-11,2025-02-10,商品房,普通住宅,满五年,非共有,有抵押 30万元,挂牌时间:2025-02-10 | 交易权属:商品房 | 上次交易:2017-09-11 | 房屋用途:普通住宅 | 房屋年限:满五年 | 产权所属:非共有 | 抵押信息:有抵押 30万元 | 房本备件:已上传房本照片,客厅 / 27.82平米 / 西北 东北 东南 / 落地窗 ; 卧室A / 13.1平米 / 无 / 未知窗户类型 ; 卧室B / 11.15平米 / 无 / 未知窗户类型 ; 厨房 / 4.56平米 / 无 / 未知窗户类型 ; 卫 / 3.94平米 / 无 / 未知窗户类型 ; 阳台 / 6.32平米 / 西南 西北 东北 东南 / 普通窗,
三房两卫，双地铁次新房，视野采光佳,"嘉霖华禧 , 坂田",3室2厅,87.13平米,南 北,,低楼层(共33层),2017年,塔楼,428 万,49123 元,1,,,近地铁 | VR看装修 | 房本满五年,https://sz.lianjia.com/ershoufang/105117279010.html,地铁 | VR看装修 | 房本满五年,朝南三房两卫 视野采光好 满五年 保养好,小区介绍： 嘉霖华禧项目是嘉霖集团继大鹏PURE33璞岸、龙岗珑禧、坪山大万文化广场后推出的又一城市标杆力作。2017年入伙小区总共6栋，项目产品包含37-65平米1-3房70年产权平层、复式产品及74-119㎡ 品质3-5房品质住宅，均为片区主流户型,项目是坂雪岗科技新城平米恢弘力作，本项目占地面积约万平米，总建筑面积约万平米，包含住宅、商务办公、临街等物业形态，坂田文化正在建设,交通出行： 项目位于深圳市坂雪岗科技城坂澜大道与环城北路交汇处，属于深圳中部发展轴心。坂澜大道、坂银通道、梅观高速、机荷高速等多条高速、快速干道出入，交通十分便利. 地铁10号线雪象站已通车。,,,2016-06-30,2024-06-13,商品房,普通住宅,满五年,非共有,有抵押 60万元 客户偿还,挂牌时间:2024-06-13 | 交易权属:商品房 | 上次交易:2016-06-30 | 房屋用途:普通住宅 | 房屋年限:满五年 | 产权所属:非共有 | 抵押信息:有抵押 60万元 客户偿还 | 房本备件:已上传房本照片,客厅 / 25.6平米 / 南 / 普通窗 ; 卧室A / 8.41平米 / 无 / 未知窗户类型 ; 卧室B / 10.84平米 / 无 / 未知窗户类型 ; 卧室C / 5.73平米 / 无 / 未知窗户类型 ; 厨房 / 5.84平米 / 西 / 普通窗 ; 卫A / 1.78平米 / 西 / 落地窗 ; 卫B / 3.59平米 / 北 / 普通窗 ; 阳台 / 4.9平米 / 南 / 普通窗 ; 储 / 2.29平米 / 无 / 无窗 ; 过道 / 4.12平米 / 无 / 无窗,
房子朝南户型方正标准的3房1卫，业主诚心出售,"星光之约 , 坂田",3室2厅,95.31平米,南,,高楼层(共10层),2003年,板楼,477 万,50048 元,2,,,近地铁 | VR看装修 | 随时看房,https://sz.lianjia.com/ershoufang/105118905735.html,地铁 | VR看装修 | 随时看房,房子朝南户型方正标准的3房1卫，业主诚心出售,星光之约花园位于坂田于龙华民治交界处，10号线雅宝站地鉄口，近梅林关。小区有6栋住宅楼，1-3栋为楼梯，4-6栋为电梯，全部是小高层建筑，主要是两房--四房户型，小区四周不临路，菲常安静，内部有篮球场、游泳池,小区门口有一些商铺，有钱大妈，卖蔬菜，卖早餐的及一些零售店。小区距离星河WORLD cocopark商场（捌万㎡）步行约600米；距离8号仓奥特莱斯商场步行约1.7公里；距离南坑农贸市场步行约1公里；小区距离雅宝山体公园步行约1.2公里；距离五和社康忠心约1.6..,小区大门口是五和大道，路边有星光之约公交站台，10号线南坑站和雅宝站距离小区都是约500米左右。五和大道与坂雪岗大道、布龙路、龙华大道，民治大道等多条主干道衔接，小区到梅林关仅2个红绿灯，小区2公里范围内覆盖梅观高速，南坪快速，坂银通道等快速路,,,暂无数据,2024-11-14,商品房,普通住宅,暂无数据,非共有,有抵押,挂牌时间:2024-11-14 | 交易权属:商品房 | 上次交易:暂无数据 | 房屋用途:普通住宅 | 房屋年限:暂无数据 | 产权所属:非共有 | 抵押信息:有抵押 | 房本备件:未上传房本照片,客厅 / 25.23平米 / 北 南 / 落地窗 ; 卧室A / 9.34平米 / 无 / 未知窗户类型 ; 卧室B / 14.21平米 / 无 / 未知窗户类型 ; 卧室C / 9.39平米 / 无 / 未知窗户类型 ; 厨房 / 5.23平米 / 南 / 普通窗 ; 卫 / 4.98平米 / 南 / 普通窗 ; 阳台 / 4.13平米 / 西 东 南 / 普通窗 ; 过道 / 4.67平米 / 无 / 无窗,
采光佳，坂田北静谧空间，双地铁次新房，花园景观,"佳兆业城市广场五期 , 坂田",2室1厅,51.22平米,东南,简装,低楼层(共39层),2019年,塔楼,180 万,35143 元,2,,,近地铁 | 房本满五年,https://sz.lianjia.com/ershoufang/105114078802.html,地铁 | 房本满五年,房子采光视野好 安静看花园，可看坂田北景观 诚心出售,小区规模总共分为6期大型社区，3个幼儿园大型综合MALL加270米酒店六期项目一期位置安静离地铁商场最近近天安云谷步行即可环境好合适,全新社区人车分流，24小时保安轮流值班社区有自己的健身广场和花园园林式社区依托高新技术产业园佳兆业城市广场物业形态丰富集酒店于一体旁边就是天安云谷华为总部,项目是挨着坂雪岗大道和坂澜大道，沿着坂雪岗大道可以去梅林关（去关内方向）、也可以转布龙路转南坪快速和水官高速，也可以从转贝尔路再转梅关高速，上坂澜大道可以去观澜也可以去平湖。交通很方便。高速交通：梅观高速、清平高速、坂雪岗大道、南坪快速,,,2018-07-22,2023-06-26,商品房,商业办公类,满五年,非共有,有抵押 60万元,挂牌时间:2023-06-26 | 交易权属:商品房 | 上次交易:2018-07-22 | 房屋用途:商业办公类 | 房屋年限:满五年 | 产权所属:非共有 | 抵押信息:有抵押 60万元 | 房本备件:已上传房本照片,客厅 / 24.81平米 / 东 / 落地窗 ; 卧室A / 7.07平米 / 无 / 无窗 ; 卧室B / 7.32平米 / 无 / 无窗 ; 卫生间 / 3.77平米 / 无 / 无窗 ; 过道 / 2.15平米 / 无 / 无窗,
精装 使用率高 两面采光 业主诚心出售,"佳兆业城市广场五期 , 坂田",3室2厅,77.5平米,东南,精装,高楼层(共39层),2019年,塔楼,329 万,42452 元,1,,,近地铁 | 随时看房,https://sz.lianjia.com/ershoufang/105118428289.html,地铁 | 随时看房,精装 使用率高 两面采光业主 诚心出售,小区规模：总共分为6期开发的大楼盘，总占地约300000，全部项目总建面约1800000平米。3个幼儿园：自带综合MALL，加270米万豪酒店（六期项目），五期的地理位置很好，小区东门门口200米就是地铁口雪象站,小区是新社区人车分流车位充足，24小时保安轮流值班社区有自己的健身广场和花园园林式社区依托高新技术产业园物业形态丰富集酒店于一体隔壁就是天安云谷华为总部旁边大型shoppingmall也正在建设中,项目是着坂雪岗大道和坂澜大道，沿着坂雪岗大道可以去梅林关（去关内方向）、也可以转布龙路转南坪快速和水官高速，也可以从转贝尔路再转梅关高速，上坂澜大道可以去观澜也可以去平湖。高速交通：梅观高速、清平高速、坂雪岗大道、南坪快速，坂银通道等,,,暂无数据,2024-09-28,商品房,商业办公类,暂无数据,非共有,有抵押 100万元,挂牌时间:2024-09-28 | 交易权属:商品房 | 上次交易:暂无数据 | 房屋用途:商业办公类 | 房屋年限:暂无数据 | 产权所属:非共有 | 抵押信息:有抵押 100万元 | 房本备件:未上传房本照片,,
城广五期80平复式2房，端头户。,"佳兆业城市广场五期 , 坂田",2室2厅,79.7平米,东南,,低楼层(共39层),2019年,塔楼,260 万,32623 元,3,,,近地铁,https://sz.lianjia.com/ershoufang/105114979588.html,地铁,此房满五年不唯一，城广五期80平复式2房，端头户。,新社区人车分流，24小时保安轮流值班小区内有自己的健身广场和花园园林式社区自带大泳池健身场所会所配套齐全,佳兆业城市广场社区依托高新技术产业园物业形态丰富集酒店大型综合体配套于一体小区旁边就是天安云谷华为总部,10号线岗头站地铁口300米，10号线雪象地铁口300米。梅观高速。,,,暂无数据,2023-10-07,商品房,商业办公类,暂无数据,非共有,无抵押,挂牌时间:2023-10-07 | 交易权属:商品房 | 上次交易:暂无数据 | 房屋用途:商业办公类 | 房屋年限:暂无数据 | 产权所属:非共有 | 抵押信息:无抵押 | 房本备件:未上传房本照片,客厅 / 30.34平米 / 北 东 / 落地窗 ; 卧室A / 8.76平米 / 北 / 落地窗 ; 卧室B / 16.05平米 / 南 / 落地窗 ; 卫生间A / 5.17平米 / 无 / 未知窗户类型 ; 卫生间B / 4.87平米 / 无 / 未知窗户类型,
嘉霖华禧，三房一卫，业主诚心卖,"嘉霖华禧 , 坂田",3室2厅,77.45平米,南,,中楼层(共33层),2017年,塔楼,420 万,54229 元,1,,,近地铁 | VR看装修 | 房本满五年,https://sz.lianjia.com/ershoufang/105119884104.html,地铁 | VR看装修 | 房本满五年,南向 厅出阳台 密度低 三房1卫 业主诚心卖,,,小区自带公交站，出行很方便，开车走板兰大道很好没有堵车，高效节省您的时间 地铁十号线雪象站,,,2017-07-23,2025-03-01,商品房,普通住宅,满五年,非共有,有抵押 40万元,挂牌时间:2025-03-01 | 交易权属:商品房 | 上次交易:2017-07-23 | 房屋用途:普通住宅 | 房屋年限:满五年 | 产权所属:非共有 | 抵押信息:有抵押 40万元 | 房本备件:已上传房本照片,客厅 / 25.55平米 / 南 / 普通窗 ; 卧室A / 5.56平米 / 无 / 未知窗户类型 ; 卧室B / 10.62平米 / 无 / 未知窗户类型 ; 卧室C / 8.48平米 / 无 / 未知窗户类型 ; 厨房 / 6.51平米 / 东 / 普通窗 ; 卫生间 / 3.64平米 / 无 / 无窗 ; 阳台B / 5.13平米 / 南 / 普通窗 ; 过道 / 2.86平米 / 无 / 无窗,
高发悦驰苑，经典两房，带电梯，地铁口，满五年,"高发悦驰苑 , 坂田",2室1厅,74.54平米,南 北,简装,中楼层(共6层),2015年,板楼,370 万,49638 元,7,,,近地铁 | VR看装修,https://sz.lianjia.com/ershoufang/105114498345.html,地铁 | VR看装修,小户型两房，与广东实验相邻，低密度，次新盘，有电梯,位于华为科技城，坐落在坂澜大道雪象第二幼儿园南侧，项目为6层洋房社区，只有2栋楼，分AB两座。低密度。15年建成并出售的电梯房 ，17年交楼，产权年限96年批地50年，属于住宅性质红本商品房。,,小区距离地铁10号线雪象站400米左右，位于坂澜大道上，往南去梅林关（去关内方向）、也可以转布龙路转南坪快速和水官高速，也可以从转贝尔路再转梅关高速，上坂澜大道可以去观澜也可以去平湖。高速交通：梅观高速、清平高速、坂雪岗大道、南坪快速,,,暂无数据,2023-08-12,商品房,普通住宅,暂无数据,非共有,无抵押,挂牌时间:2023-08-12 | 交易权属:商品房 | 上次交易:暂无数据 | 房屋用途:普通住宅 | 房屋年限:暂无数据 | 产权所属:非共有 | 抵押信息:无抵押 | 房本备件:未上传房本照片,客厅 / 22.93平米 / 南 / 普通窗 ; 卧室A / 10.91平米 / 南 / 落地窗 ; 卧室B / 10.12平米 / 东 / 落地窗 ; 厨房 / 5.84平米 / 东 / 落地窗 ; 卫生间 / 3.51平米 / 东 / 普通窗 ; 阳台 / 4.13平米 / 南 / 普通窗,
嘉霖华禧，朝南三房，看花园，采光好，装修保养好,"嘉霖华禧 , 坂田",3室1厅,87.13平米,东南,精装,高楼层(共33层),2017年,塔楼,408 万,46827 元,0,,,近地铁 | VR看装修,https://sz.lianjia.com/ershoufang/105120726384.html,地铁 | VR看装修,满五年，红本在手，中高楼层，朝南看花园，采光好，自住装修,嘉霖华禧小区位于深圳市龙岗区坂田街道，由深圳市嘉兴福房地产开发建成，总建筑面积78718.8，总占地面积18361.9，共计房屋773户，小区物业为深圳市嘉盈物业！,,小区位于深圳市坂雪岗科技城坂澜大道与环城北路交汇处，属于深圳中部发展轴心。坂澜大道、坂银通道、梅观高速、机荷高速等多条高速、快速干道出入，交通十分便利. 地铁10号线雪象站已通车，小区门口有：市人民医院坂田院区公交站，有直达深圳各个区域,,,暂无数据,2025-05-14,商品房,普通住宅,暂无数据,非共有,有抵押 397万元,挂牌时间:2025-05-14 | 交易权属:商品房 | 上次交易:暂无数据 | 房屋用途:普通住宅 | 房屋年限:暂无数据 | 产权所属:非共有 | 抵押信息:有抵押 397万元 | 房本备件:未上传房本照片,客厅 / 23.92平米 / 北 / 普通窗 ; 卧室A / 8.31平米 / 无 / 未知窗户类型 ; 卧室B / 12.03平米 / 无 / 未知窗户类型 ; 卧室C / 5.73平米 / 无 / 未知窗户类型 ; 厨房 / 5.43平米 / 北 / 普通窗 ; 卫A / 4.08平米 / 无 / 未知窗户类型 ; 卫B / 3.59平米 / 北 / 普通窗 ; 阳台A / 5.07平米 / 北 / 普通窗 ; 阳台B / 2.89平米 / 北 / 普通窗 ; 过道 / 2.72平米 / 无 / 无窗,
南向中高层三房两卫  通风采光佳  满五唯一,"嘉霖华禧 , 坂田",3室1厅,87.3平米,南,简装,高楼层(共33层),2017年,塔楼,405 万,46392 元,2,,,近地铁 | VR看装修 | 房本满五年,https://sz.lianjia.com/ershoufang/105119921186.html,地铁 | VR看装修 | 房本满五年,房子满五唯一，中高层南向三房两卫，业主诚意出售,嘉霖华禧小区绿化好，密度低，位置安静，地势高通风采光好，适合居住,,,房子是满五唯一的，业主诚意出售，户型方正实用，采光通风好，税费少,,2016-03-04,2025-03-04,商品房,普通住宅,满五年,非共有,有抵押 300万元,挂牌时间:2025-03-04 | 交易权属:商品房 | 上次交易:2016-03-04 | 房屋用途:普通住宅 | 房屋年限:满五年 | 产权所属:非共有 | 抵押信息:有抵押 300万元 | 房本备件:已上传房本照片,客厅 / 23.8平米 / 南 / 普通窗 ; 卧室A / 8.71平米 / 无 / 未知窗户类型 ; 卧室B / 12.34平米 / 无 / 未知窗户类型 ; 卧室C / 5.7平米 / 无 / 未知窗户类型 ; 厨房 / 5.43平米 / 西 / 普通窗 ; 卫A / 4.08平米 / 无 / 未知窗户类型 ; 卫B / 3.7平米 / 无 / 普通窗 ; 阳台A / 4.86平米 / 南 / 普通窗 ; 阳台B / 2.2平米 / 西 / 普通窗 ; 过道 / 2.86平米 / 无 / 无窗,
全拓展三期四房，4房+2拓展+入户+主卧阳台，满五红本,"万科第五园三期 , 坂田",4室2厅,118平米,南,,低楼层(共19层),2007年,塔楼,710 万,60170 元,2,,,VR看装修,https://sz.lianjia.com/ershoufang/105118291195.html,VR看装修,全拓展三期四房，4房+2拓展+入户+主卧阳台，满五红本税费少,万科·第五园徽派建筑元素和晋派建筑元素风格，将传统与现代、中式与西式很好地嫁接和结合，营造出适合中国人居住的传统居住环境，个性的白墙黛瓦、变通的小窗、细纹的墙脚、清砖的步行道、密集的青竹林、天井绿化、不可窥视镂空墙、通而不透的屏风。,自带商.业，现有链家、钱大妈、星巴克、爱上饭、缪氏川菜、乐期餐厅等进驻，附.近有坂田国际中.心、坂田手造文化街、星河Cocopark、奥特莱斯等；文体：6500㎡运动公园，包含5个泳池、10个羽毛球场、2个篮球场，1个网球场。,轨道交通：地铁5号线坂田站A出口1公里，地铁10号线雅园站750米；交通干线：500米坂银通道、南坪快速，布龙路、坂雪岗大道、五和大道、梅关高速、清平高速、水管高速、沈海高速等。距五园幼儿园公交站200米（此数据来源于百度地图）。,,,暂无数据,2024-09-15,商品房,普通住宅,暂无数据,共有,无抵押,挂牌时间:2024-09-15 | 交易权属:商品房 | 上次交易:暂无数据 | 房屋用途:普通住宅 | 房屋年限:暂无数据 | 产权所属:共有 | 抵押信息:无抵押 | 房本备件:未上传房本照片,客厅 / 31.59平米 / 无 / 未知窗户类型 ; 餐厅 / 7.47平米 / 东 / 落地窗 ; 书房 / 7.47平米 / 北 / 落地窗 ; 卧室A / 16.53平米 / 西 东 南 / 落地窗 ; 卧室B / 9.55平米 / 无 / 未知窗户类型 ; 卧室C / 9.5平米 / 无 / 未知窗户类型 ; 卧室D / 7.16平米 / 北 / 普通窗 ; 厨房 / 5.11平米 / 无 / 无窗 ; 卫A / 4.69平米 / 无 / 无窗 ; 卫B / 4.74平米 / 北 / 普通窗 ; 门厅 / 14.33平米 / 西 北 / 落地窗,
业主诚心卖，高层东向采光视野好，红本在手,"佳华领汇广场king公馆 , 坂田",1室1厅,35.52平米,东,精装,高楼层(共22层),2017年,塔楼,160 万,45046 元,0,,,近地铁 | VR房源 | 房本满五年,https://sz.lianjia.com/ershoufang/105121734919.html,地铁 | VR房源 | 房本满五年,此房产权清晰，红本在手，高层东向采光视野好，装修保养好,华领汇广场是2014年批地，目前分两期开发，一期由3栋6座住宅组成的围合式花园小区，户型多样，从70多平两房到130平的五房，可以满足从刚需到改善各种人群需求，二期位于一期东侧，隔路相临，主要为商办类型，包括一个上下7层大型商场。,北边有坂田天虹旗舰商场，楼下就是上下七层百佳华mx city购物商场，东边有坂田市场，大新购物广场、国惠康，1.2公里有坂田医院。,小区位于五和大道与吉华路交汇处，南边布龙路，去往，龙华、布吉、福田罗湖方便，小区往南500米是5号线的五和的地铁站，门口有坂田天虹公交站，五和路口公交站。10号线今年开通坂田北站走路到地铁口300米。,,,2016-08-12,2025-08-09,商品房,商务公寓,满五年,非共有,无抵押,挂牌时间:2025-08-09 | 交易权属:商品房 | 上次交易:2016-08-12 | 房屋用途:商务公寓 | 房屋年限:满五年 | 产权所属:非共有 | 抵押信息:无抵押 | 房本备件:已上传房本照片,客厅 / 13.31平米 / 西 / 落地窗 ; 卧室 / 10.76平米 / 无 / 无窗 ; 厨房 / 4.33平米 / 东 / 普通窗 ; 卫 / 2.72平米 / 无 / 无窗,
通透大3房，双阳台，看花园，安静，满五唯一,"万科四季花城七期 , 坂田",3室2厅,104.53平米,南 北,,中楼层(共6层),2003年,板楼,520 万,49747 元,0,,,近地铁 | VR看装修,https://sz.lianjia.com/ershoufang/105121219214.html,地铁 | VR看装修,此房满五红本唯一，客厅餐厅双阳台，南北通透，一手业主，税费低,小区由万科地产集团开发，一共有36个独立苑，共分七期开发，花园式小区，绿化植被很多，带露天游泳池和健身会所及相应运动器械供住户健身，社区运动氛围棒；万科物业24小时严格管控，夜间有保安巡逻，外人基本无法随意出入，人车分流，充分保护行人,小区内有2个公立幼儿园、海丽达等，商场类有华润万家，海达和成购物广场、伍和五广场，8号仓奥特莱斯等。深圳坂田医院、第二儿童医院，花城社康医院（小区内）；网球场，篮球场，健身会所等！,地铁5号线和10号线五和站A口，交通发达，小区旁边有布龙路、梅观高速、机荷高速、南坪快速等，乘坐公交或驾车出行到福田、罗湖、南山等地较方便（距离信息来源于百度地图）还有在修的深大城际和深惠城际,,,暂无数据,2025-06-25,商品房,普通住宅,暂无数据,共有,无抵押,挂牌时间:2025-06-25 | 交易权属:商品房 | 上次交易:暂无数据 | 房屋用途:普通住宅 | 房屋年限:暂无数据 | 产权所属:共有 | 抵押信息:无抵押 | 房本备件:未上传房本照片,客厅 / 37.17平米 / 北 / 普通窗 ; 卧室A / 8.04平米 / 北 / 落地飘窗 ; 卧室B / 9.2平米 / 北 / 落地飘窗 ; 卧室C / 15.71平米 / 北 / 落地飘窗 ; 厨房 / 5.06平米 / 北 / 普通窗 ; 卫A / 3.17平米 / 北 / 普通窗 ; 卫B / 4.3平米 / 北 / 普通窗 ; 阳台A / 3.51平米 / 北 / 普通窗 ; 阳台B / 4.98平米 / 北 / 普通窗,
此房满五年唯一，南向4房，视野好，厅正出阳台,"佳兆业中央广场三期 , 坂田",4室2厅,88.63平米,南,简装,46层,2016年,塔楼,630 万,71083 元,1,,,近地铁 | VR看装修 | 房本满五年 | 随时看房,https://sz.lianjia.com/ershoufang/105113910497.html,地铁 | VR看装修 | 房本满五年 | 随时看房,此房满五年唯一，南向4房，视野好，厅正出阳台。户型方正。,新社区，人车分流，24小时保安轮流值班，小区内有自己的健身广场和花园，园林式社区，自带大泳池，健身场所、会所，配套齐全，居家舒适。,佳兆业城市广场社区依托高新技术产业园，物业形态丰富，集住宅、酒店、大型综合体配套于一体，小区旁边就是天安云谷、华为总部。,,,,2018-06-15,2023-06-07,商品房,普通住宅,满五年,非共有,有抵押 479万元 客户偿还,挂牌时间:2023-06-07 | 交易权属:商品房 | 上次交易:2018-06-15 | 房屋用途:普通住宅 | 房屋年限:满五年 | 产权所属:非共有 | 抵押信息:有抵押 479万元 客户偿还 | 房本备件:已上传房本照片,客厅 / 32.63平米 / 无 / 未知窗户类型 ; 卧室A / 7.47平米 / 无 / 未知窗户类型 ; 卧室B / 12.42平米 / 无 / 未知窗户类型 ; 卧室C / 7.66平米 / 无 / 普通窗 ; 卧室D / 6.9平米 / 西 / 普通窗 ; 厨房 / 8.72平米 / 西 / 普通窗 ; 卫A / 3.19平米 / 北 / 普通窗 ; 卫B / 4.07平米 / 北 / 普通窗 ; 阳台A / 3.67平米 / 北 东 / 普通窗 ; 阳台B / 3.77平米 / 西 / 普通窗 ; 过道 / 4.91平米 / 无 / 无窗,
双地铁，安静次新房，高使用率，配套全，业主诚售,"佳兆业城市广场五期 , 坂田",4室2厅,91.65平米,北,,高楼层(共43层),2019年,板楼,580 万,63285 元,3,,,近地铁 | VR房源,https://sz.lianjia.com/ershoufang/105112001193.html,地铁 | VR房源,此户型使用率高 近地铁 上学近 业主诚心出售,小区规模：总共分为6期，大型社区，3个幼儿园：大型综合MALL，加270米酒店（六期项目），一期位置安静。离地铁商场最近，近天安云谷，步行即可，环境好，合适,新社区，人车分流，24小时保安轮流值班，社区有自己的健身广场和花园，园林式社区。依托高新技术产业园，佳兆业城市广场物业形态丰富，集、酒店于一体。小区左边是天安云谷、华为总部基地，配套齐全,项目是靠着坂雪岗大道和坂澜大道，沿着坂雪岗大道可以去梅林关（去关内方向）、也可以转布龙路转南坪快速和水官高速，也可以从转贝尔路再转梅关高速，上坂澜大道可以去观澜也可以去平湖，地铁10号,,,暂无数据,2022-11-10,商品房,普通住宅,暂无数据,非共有,有抵押,挂牌时间:2022-11-10 | 交易权属:商品房 | 上次交易:暂无数据 | 房屋用途:普通住宅 | 房屋年限:暂无数据 | 产权所属:非共有 | 抵押信息:有抵押 | 房本备件:未上传房本照片,客厅 / 26.16平米 / 东 / 落地窗 ; 卧室A / 12.69平米 / 无 / 未知窗户类型 ; 卧室B / 7.87平米 / 无 / 未知窗户类型 ; 卧室C / 6.99平米 / 无 / 普通窗 ; 厨房 / 5.96平米 / 北 / 普通窗 ; 卫生间A / 4.45平米 / 无 / 未知窗户类型 ; 卫生间B / 4.48平米 / 无 / 未知窗户类型 ; 阳台A / 3.6平米 / 北 东 / 普通窗 ; 阳台B / 5.04平米 / 北 / 普通窗 ; 储物间 / 5.99平米 / 北 / 普通窗 ; 过道 / 3.14平米 / 无 / 无窗,
精装复式两房  看房方便 楼下就是地铁口,"华创云轩 , 坂田",2室1厅,25.57平米,北,精装,20层,2018年,塔楼,116 万,45366 元,0,,,近地铁,https://sz.lianjia.com/ershoufang/105120483798.html,地铁,此房业主诚心出售 四米五层高精装复式，门口10号线地铁口物业,华创云轩占地面积：12553平方米 共2栋，其中A栋20层，B栋21层 小区有地下停车场车位充足，有四层商场，4楼为空中花园。,有万科城风情购物街、天虹商场、坂田购物广场，天安云谷大型商场，百佳华商场。,华创云轩位于深圳市龙岗区坂雪岗科技城， 华为总部基地，交通便利，梅观高速、南坪快速、坂雪岗大道等交通，坂银隧道也通车了，去往罗湖福田很便利，10号线的华为站就在楼下20米处。,,,暂无数据,2025-04-21,商品房,商业办公类,暂无数据,非共有,无抵押,挂牌时间:2025-04-21 | 交易权属:商品房 | 上次交易:暂无数据 | 房屋用途:商业办公类 | 房屋年限:暂无数据 | 产权所属:非共有 | 抵押信息:无抵押 | 房本备件:未上传房本照片,客厅 / 12.95平米 / 北 / 落地窗 ; 卧室A / 6.29平米 / 无 / 未知窗户类型 ; 卧室B / 5.67平米 / 南 / 普通窗 ; 厨房 / 3.39平米 / 南 / 普通窗 ; 卫 / 2.09平米 / 无 / 无窗 ; 过道 / 3.71平米 / 无 / 无窗,
地铁口物业 小高层带电梯 和广东省实验校为邻刚需正好,"高发悦驰苑 , 坂田",2室1厅,67.69平米,东南,,中楼层(共6层),2015年,板楼,238 万,35161 元,9,,,近地铁 | VR看装修,https://sz.lianjia.com/ershoufang/105118591865.html,地铁 | VR看装修,地铁口物业 和公园对望 和广东省实验校为邻刚需正好,小区2015年建设的次新小区，总层高6楼，有电梯。 小区不大，一共两栋,,小区距离地铁10号线雪象站400米左右，位于坂澜大道上，往南去梅林关（去关内方向）、也可以转布龙路转南坪快速和水官高速，也可以从转贝尔路再转梅关高速，上坂澜大道可以去观澜也可以去平湖。高速交通：梅观高速、清平高速、坂雪岗大道、南坪快速,,,暂无数据,2024-10-15,商品房,普通住宅,暂无数据,非共有,有抵押,挂牌时间:2024-10-15 | 交易权属:商品房 | 上次交易:暂无数据 | 房屋用途:普通住宅 | 房屋年限:暂无数据 | 产权所属:非共有 | 抵押信息:有抵押 | 房本备件:未上传房本照片,客厅 / 18.69平米 / 西南 / 普通窗 ; 卧室A / 9.93平米 / 无 / 未知窗户类型 ; 卧室B / 9.79平米 / 西南 / 落地窗 ; 厨房 / 4.76平米 / 东北 / 普通窗 ; 卫 / 4.46平米 / 东北 / 普通窗 ; 阳台 / 2.9平米 / 西南 / 普通窗,
地铁口物业 满五年红本在手 业主诚心出售,"台湾花园 , 坂田",3室2厅,87.21平米,南 北,简装,中楼层(共7层),1993年,板塔结合,268 万,30731 元,34,,,近地铁 | VR看装修 | 房本满五年 | 随时看房,https://sz.lianjia.com/ershoufang/105107267045.html,地铁 | VR看装修 | 房本满五年 | 随时看房,此房满五年，红本在手，一梯两户，南北通透，业主诚心出售,,小区旁边就是坂田市场，买菜购物方便，小区的南面一路之隔是坂田市场，有餐饮、购物、影院、娱乐一条龙。在西边的吉华路和五和大道交汇处是坂田天虹旗舰店，银行、培训机构、餐饮、购物等一应俱全。,小区楼下80米就是地铁十号线（坂田北站），可以直达福田口岸。,,,2011-05-11,2021-05-09,商品房,普通住宅,满五年,非共有,无抵押,挂牌时间:2021-05-09 | 交易权属:商品房 | 上次交易:2011-05-11 | 房屋用途:普通住宅 | 房屋年限:满五年 | 产权所属:非共有 | 抵押信息:无抵押 | 房本备件:已上传房本照片,客厅 / 26.81平米 / 西北 / 普通窗 ; 卧室A / 8.87平米 / 东南 / 普通窗 ; 卧室B / 5.13平米 / 无 / 无窗 ; 卧室C / 10.99平米 / 西北 / 普通窗 ; 厨房 / 7.19平米 / 东南 / 普通窗 ; 卫生间 / 3.47平米 / 东南 / 普通窗 ; 阳台 / 4.12平米 / 西南 北 西北 / 普通窗 ; 门厅 / 1.6平米 / 无 / 无窗,
坂田地铁口4房，满五税费少，户型方正实用率高,"德润荣君府 , 坂田",4室2厅,89.83平米,南,,低楼层(共39层),2017年,板楼,533 万,59335 元,10,,,近地铁 | VR房源 | 房本满五年 | 随时看房,https://sz.lianjia.com/ershoufang/105118357461.html,地铁 | VR房源 | 房本满五年 | 随时看房,坂田地铁口交通方便，满五税费少，户型方正实用率高,2017年底交房的次新小区，全电梯高层，共7栋，由住宅和公寓（1栋）组成，合围起来楼下有花园和泳池，可供休憩玩耍。自带上千平商ye配套，日常基本生活需求能得到满足，地下3层停车库，1：1配置，再也不用担心停车的问题了。,楼下自带幼稚园、5千㎡底商。布龙路以北万科十几万㎡商写综合体建设中，西侧在建华侨城住宅、幼儿园及和美外国语项目（30班1500位置）。距小区1km有两万㎡万科里。2km内有阳光湾畔、8号仓、坂田天虹等商场。北为坂田医院,5号线坂田地铁口大约700米，去宝安或者罗湖都很方便。 小区门口就是公交站； 小区前面是坂雪岗大道和布龙路，自驾的话，1千米内可以上南坪快速，再走水官高速到龙岗，梅观高速到观澜和东莞，或者经梅林关，新彩隧道进福田，罗湖和南山都很方便。,,,2017-01-01,2024-09-21,商品房,普通住宅,满五年,非共有,有抵押 220万元,挂牌时间:2024-09-21 | 交易权属:商品房 | 上次交易:2017-01-01 | 房屋用途:普通住宅 | 房屋年限:满五年 | 产权所属:非共有 | 抵押信息:有抵押 220万元 | 房本备件:已上传房本照片,客厅 / 30.62平米 / 西南 东北 / 普通窗 ; 卧室A / 11.08平米 / 无 / 未知窗户类型 ; 卧室B / 7.24平米 / 无 / 未知窗户类型 ; 卧室C / 6.53平米 / 无 / 未知窗户类型 ; 厨房 / 5.82平米 / 西南 / 普通窗 ; 卫生间A / 3.7平米 / 无 / 未知窗户类型 ; 卫生间B / 3.66平米 / 无 / 未知窗户类型 ; 阳台 / 3.88平米 / 西南 / 普通窗 ; 储物间 / 6.5平米 / 无 / 未知窗户类型,
高使用率三房  东北向看花园位置安静 业主诚心卖,"信义嘉御山5期 , 坂田",3室1厅,70.88平米,东北,精装,低楼层(共39层),2016年,塔楼,516 万,72800 元,0,,,VR看装修,https://sz.lianjia.com/ershoufang/105119131222.html,VR看装修,房子满五唯一 税费少 东北向看花园位置安静  装修保养好,2017年交房的次新房，楼栋为塔楼设计，本房为传统户型，直厅的格局。进门口边上的房间面积约十平，不计入产证面积，本小区设计为错层阳台，故本小区阳台飘窗面积不计入产证，使用率在99%以上。,小区下面自带底层店铺，开发商自持，目前已全部进驻，包括中西式餐饮、教育培训、婴幼儿用品，便利店及坂田天虹旗舰店，生活方便，小区内有幼儿园，家门口尽享优质生活，小区南侧是MIX City7层楼综合商心街区，有百佳华chao市，海底捞，麦当劳，星巴克等品..,开车出行：小区出来贝尔路可快速上G94梅关高速，坂雪岗大道上坂银通道直通福田南山。 地铁出行：10号线坂田北站，10号线5号线中转站五和站。 公交出行：里石排站，坂田市场站，坂田路口站，坂田路口北站,,,暂无数据,2024-12-06,商品房,普通住宅,暂无数据,非共有,有抵押 300万元 兴业银行 客户偿还,挂牌时间:2024-12-06 | 交易权属:商品房 | 上次交易:暂无数据 | 房屋用途:普通住宅 | 房屋年限:暂无数据 | 产权所属:非共有 | 抵押信息:有抵押 300万元 兴业银行 客户偿还 | 房本备件:未上传房本照片,客厅 / 25.73平米 / 东北 / 落地窗 ; 卧室A / 12.03平米 / 无 / 未知窗户类型 ; 卧室B / 7.25平米 / 西北 / 普通窗 ; 卧室C / 9.03平米 / 东北 / 普通窗 ; 厨房 / 3.4平米 / 西北 / 普通窗 ; 卫 / 3.77平米 / 西南 / 普通窗 ; 阳台A / 3.79平米 / 西北 东北 东南 / 普通窗 ; 阳台B / 1.38平米 / 西北 / 普通窗 ; 过道 / 2.57平米 / 无 / 无窗,
安静次新房，近地铁高层三房，东南朝南卧，精装修,"信义嘉御山5期 , 坂田",3室1厅,72.64平米,东南,精装,高楼层(共39层),2016年,塔楼,550 万,75716 元,3,,,VR看装修,https://sz.lianjia.com/ershoufang/105117051011.html,VR看装修,此房东南向高楼层看花园位置安静，自住保养好。,,小区下面自带底层店铺，开发商自持，目前已全部进驻，包括中西式餐饮、教育培训、婴幼儿用品，便利店及坂田天虹旗舰店，生活方便，小区内有幼儿园，家门口尽享优质生活，小区南侧是MIX City7层楼综合商心街区，有百佳华chao市，海底捞，麦当劳，星巴克等..,开车出行：小区出来贝尔路可快速上G94梅关高速，坂雪岗大道上坂银通道直通福田南山。 地铁出行：10号线坂田北站，10号线5号线中转站五和站。 公交出行：里石排站，坂田市场站，坂田路口站，坂田路口北站等,,,暂无数据,2024-05-21,商品房,普通住宅,暂无数据,非共有,有抵押 200万元 客户偿还,挂牌时间:2024-05-21 | 交易权属:商品房 | 上次交易:暂无数据 | 房屋用途:普通住宅 | 房屋年限:暂无数据 | 产权所属:非共有 | 抵押信息:有抵押 200万元 客户偿还 | 房本备件:未上传房本照片,客厅 / 28.54平米 / 无 / 未知窗户类型 ; 卧室A / 9.1平米 / 西南 / 普通窗 ; 卧室B / 8.04平米 / 西南 / 普通窗 ; 卧室C / 11.07平米 / 无 / 未知窗户类型 ; 厨房 / 3.94平米 / 西南 / 普通窗 ; 卫 / 3.63平米 / 无 / 普通窗 ; 阳台A / 1.98平米 / 西南 / 普通窗 ; 阳台B / 4.03平米 / 东北 南 / 落地窗,
嘉御山四房两卫诚心出售带储物间,"信义嘉御山5期 , 坂田",4室2厅,89平米,西南 南,精装,低楼层(共39层),2016年,塔楼,622 万,69888 元,3,,,VR看装修 | 房本满五年,https://sz.lianjia.com/ershoufang/105114567247.html,VR看装修 | 房本满五年,此房满五年免增值税；阳台正出朝南视野开阔日照时间长，保养好,,小区花园大 人车分流，两层地下停车场；楼下就是科技城外国语 ；佳华MAXCITY商场和坂田天虹 营业面积过十万平,,,业主是一手买来过的，房子状况挺不错的，产权满五年 免增值税。,2016-02-05,2023-08-20,商品房,普通住宅,满五年,非共有,有抵押 285万元 农业银行 客户偿还,挂牌时间:2023-08-20 | 交易权属:商品房 | 上次交易:2016-02-05 | 房屋用途:普通住宅 | 房屋年限:满五年 | 产权所属:非共有 | 抵押信息:有抵押 285万元 农业银行 客户偿还 | 房本备件:已上传房本照片,客厅 / 10.66平米 / 无 / 无窗 ; 卧室A / 9.25平米 / 东南 / 普通窗 ; 卧室B / 5.87平米 / 东北 东南 / 普通窗 ; 卧室C / 13.9平米 / 无 / 未知窗户类型 ; 卧室D / 9.26平米 / 无 / 未知窗户类型 ; 厨房 / 4.6平米 / 东南 / 普通窗 ; 卫A / 3.62平米 / 无 / 普通窗 ; 卫B / 4.31平米 / 无 / 未知窗户类型 ; 阳台 / 2.06平米 / 东南 / 普通窗 ; 储物间 / 17.1平米 / 西南 东南 / 落地窗 ; 过道 / 3.15平米 / 无 / 无窗 ; 门厅 / 6.34平米 / 无 / 无窗 ; 衣帽间 / 5.76平米 / 东南 / 普通窗,
民水、民电、通燃气，地铁口物业，大阳台，通风采光好,"润创兴时代公寓 , 坂田",3室1厅,69.19平米,南,简装,中楼层(共29层),2014年,板楼,230 万,33242 元,15,,,近地铁 | VR房源 | 房本满五年,https://sz.lianjia.com/ershoufang/105113465038.html,地铁 | VR房源 | 房本满五年,5号线&10号线五和双地铁口物业3房通燃气带阳台,创兴时代是由深圳润创兴有限公司开发的现代青年居住生活区，位于龙岗坂田布龙路与五和大道交汇处（万科四季花城北侧），共1栋2座，A座为29层的商务公寓，B座为11层的创意办公楼，总建筑面积46910.80平，其中商务公寓25587平，办公楼7500平,,五和地铁站D出口200米（来自高德地图）；区域主干道布龙路、五和大道；三大高速：梅观高速、水官高速、清平高速；2条快速路：南坪快速、新彩快速；坂银通道可直达福田，南山，罗湖。,,,2014-03-25,2023-04-24,商品房,商务公寓,满五年,共有,有抵押 建设银行 金融公司垫资,挂牌时间:2023-04-24 | 交易权属:商品房 | 上次交易:2014-03-25 | 房屋用途:商务公寓 | 房屋年限:满五年 | 产权所属:共有 | 抵押信息:有抵押 建设银行 金融公司垫资 | 房本备件:已上传房本照片,客厅 / 22.11平米 / 南 / 普通窗 ; 卧室A / 3.82平米 / 无 / 未知窗户类型 ; 卧室B / 6.55平米 / 西 / 落地窗 ; 卧室C / 9.71平米 / 无 / 未知窗户类型 ; 厨房 / 3.75平米 / 无 / 未知窗户类型 ; 卫生间 / 3.48平米 / 无 / 未知窗户类型 ; 阳台 / 3.72平米 / 南 / 普通窗,
中间楼层 刚需实用小四房大阳台 地铁口 配套成熟,"佳兆业中央广场三期 , 坂田",4室1厅,90.17平米,西北,精装,46层,2016年,塔楼,540 万,59887 元,20,,,近地铁 | VR看装修 | 房本满五年,https://sz.lianjia.com/ershoufang/105109515443.html,地铁 | VR看装修 | 房本满五年,中间楼层 刚需实用小四房大阳台 地铁口 配套成熟,小区规模：总共分为6期，大型社区，3个幼儿园：大型综合MALL，加270米酒店（六期项目），一期位置安静。离地铁商场最近，近天安云谷，步行即可，环境好，合适居家,新社区，人车分流，24小时保安轮流值班，社区有自己的健身广场和花园，园林式社区。依托高新技术产业园，佳兆业城市广场物业形态丰富，集住宅、酒店于一体。小区左边是天安云谷、华为总部基地，配套齐全,项目是靠着坂雪岗大道和坂澜大道，沿着坂雪岗大道可以去梅林关（去关内方向）、也可以转布龙路转南坪快速和水官高速，也可以从转贝尔路再转梅关高速，上坂澜大道可以去观澜也可以去平湖。地铁10号线两个地铁口，岗头站和雪象站。,,,2016-01-25,2021-12-20,商品房,普通住宅,满五年,非共有,有抵押 250万元,挂牌时间:2021-12-20 | 交易权属:商品房 | 上次交易:2016-01-25 | 房屋用途:普通住宅 | 房屋年限:满五年 | 产权所属:非共有 | 抵押信息:有抵押 250万元 | 房本备件:已上传房本照片,客厅 / 22.63平米 / 北 / 落地窗 ; 卧室A / 7.15平米 / 北 / 普通窗 ; 卧室B / 6.61平米 / 无 / 未知窗户类型 ; 卧室C / 10.47平米 / 无 / 未知窗户类型 ; 卧室D / 5.55平米 / 无 / 普通窗 ; 厨房 / 7.2平米 / 西 / 普通窗 ; 卫生间A / 3.89平米 / 北 / 普通窗 ; 卫生间B / 4.08平米 / 南 / 普通窗 ; 阳台A / 7.24平米 / 北 东 / 普通窗 ; 阳台B / 3.45平米 / 西 / 普通窗 ; 过道 / 4.4平米 / 无 / 无窗,
2室一厅住宅区公寓，民水民电，业主急售,"德润荣君府 , 坂田",2室1厅,61.56平米,南 北,,低楼层(共31层),2017年,板楼,260 万,42236 元,5,,,近地铁 | VR房源,https://sz.lianjia.com/ershoufang/105114325641.html,地铁 | VR房源,配套设施齐全，就在地铁口边上，交通方便，价格可谈,"2017年底交房的次新小区，全电梯高层，共7栋，由住宅和公寓（1栋）组成，合围起来楼下有花园和泳池，可供休憩玩耍。自带上千平商ye配套，日常基本生活需求能得到满足，地下3层停车库，1：1配置,停车位宽松。",楼下自带幼稚园、5千㎡底商。布龙路以北万科商写综合体建设中，西侧在建华侨城住宅、幼儿园及和美外国语项目（30班1500位置）。距小区1km有两万㎡万科里。2km内有阳光湾畔、8号仓、坂田天虹等商场。北为坂田医院,5号线坂田地铁口大约700米，去宝安或者罗湖都很方便。 小区门口就是公交站； 小区前面是坂雪岗大道和布龙路，自驾的话，1千米内可以上南坪快速，再走水官高速到龙岗，梅观高速到观澜和东莞，或者经梅林关，新彩隧道进福田，罗湖和南山都很方便。,,,暂无数据,2023-07-24,商品房,公寓,暂无数据,非共有,无抵押,挂牌时间:2023-07-24 | 交易权属:商品房 | 上次交易:暂无数据 | 房屋用途:公寓 | 房屋年限:暂无数据 | 产权所属:非共有 | 抵押信息:无抵押 | 房本备件:未上传房本照片,客厅 / 23.01平米 / 西 / 普通窗 ; 卧室A / 9.6平米 / 无 / 未知窗户类型 ; 卧室B / 9.75平米 / 无 / 未知窗户类型 ; 卫生间 / 3.59平米 / 无 / 未知窗户类型 ; 阳台 / 1.25平米 / 西 / 普通窗,
华为旁低总价，地铁物业，满五税费少，业主诚意卖。,"嘉霖华禧 , 坂田",3室1厅,79.13平米,南,精装,中楼层(共33层),2017年,塔楼,480 万,60660 元,25,,,近地铁 | VR看装修 | 房本满五年,https://sz.lianjia.com/ershoufang/105106422427.html,地铁 | VR看装修 | 房本满五年,满五税费少，户型方正，采光好，实用率高。,嘉霖华禧项目是嘉霖集团继大鹏PURE33璞岸、龙岗珑禧、坪山大万文化广场后推出的又一城市标杆力作。小区总共6栋，项目产品包含37-65平米1-3房70年产权平层、复式产品及74-119㎡ 品质3-5房品质住宅，均为片区主流户型.,项目是坂雪岗科技新城平米恢弘力作，本项目占地面积约万平米，总建筑面积约万平米，包含住宅、商务办公、临街等物业形态,项目位于深圳市坂雪岗科技城坂澜大道与环城北路交汇处，属于深圳中部发展轴心。坂澜大道、坂银通道、梅观高速、机荷高速等多条高速、快速干道出入，交通十分便利. 地铁10号线雪象站。,,,2016-08-21,2021-02-20,商品房,普通住宅,满五年,非共有,有抵押 225万元,挂牌时间:2021-02-20 | 交易权属:商品房 | 上次交易:2016-08-21 | 房屋用途:普通住宅 | 房屋年限:满五年 | 产权所属:非共有 | 抵押信息:有抵押 225万元 | 房本备件:已上传房本照片,客厅 / 27.96平米 / 南 / 普通窗 ; 书房 / 5.49平米 / 无 / 未知窗户类型 ; 卧室A / 10.22平米 / 无 / 未知窗户类型 ; 卧室B / 8.18平米 / 无 / 未知窗户类型 ; 厨房 / 4.07平米 / 东 / 普通窗 ; 卫生间 / 3.59平米 / 无 / 普通窗 ; 阳台A / 4.85平米 / 南 / 普通窗 ; 阳台B / 2.14平米 / 东 / 普通窗,
城市广场三期高楼层看水库、精装修五房诚心卖,"佳兆业中央广场三期 , 坂田",5室2厅,89平米,北,精装,46层,2016年,塔楼,598 万,67192 元,2,,,近地铁 | VR看装修,https://sz.lianjia.com/ershoufang/105118312513.html,地铁 | VR看装修,此房满五唯一、额外带一个储物间以及入户，高楼层看水库。,小区由佳兆业开发建设，是深圳本地比较由实力的开发商，自己的物业管理团队，24小时轮班值守。小区配套成熟。一共分六期开发，每一期的花园都独立分开，人车分流。举步天安云谷商务区，华为总部基地。,社区有自己的健身广场和花园，园林式社区。小区自带佳兆业商场，物业形态丰富，集住宅、酒店、公寓、写字楼于一体，小区旁边是天安云谷以及华为总部，49栋写字楼。,小区是挨着坂雪岗大道和坂澜大道，沿着坂雪岗大道可以去梅林关（去关内方向）、也可以转布龙路转南坪快速和水官高速，也可以从转贝尔路再转梅关高速，上坂澜大道。地铁是10号线雪象站和岗头站、直达福田口岸。,,,暂无数据,2024-09-18,商品房,普通住宅,暂无数据,非共有,有抵押 中信银行 业主自还,挂牌时间:2024-09-18 | 交易权属:商品房 | 上次交易:暂无数据 | 房屋用途:普通住宅 | 房屋年限:暂无数据 | 产权所属:非共有 | 抵押信息:有抵押 中信银行 业主自还 | 房本备件:未上传房本照片,客厅 / 27.72平米 / 北 / 落地窗 ; 书房 / 5.94平米 / 北 / 落地窗 ; 卧室A / 5.89平米 / 东 / 普通窗 ; 卧室B / 7.8平米 / 无 / 普通窗 ; 卧室C / 12.87平米 / 无 / 未知窗户类型 ; 卧室D / 7.55平米 / 无 / 未知窗户类型 ; 厨房 / 9.19平米 / 东 / 普通窗 ; 卫A / 3.85平米 / 无 / 未知窗户类型 ; 卫B / 3.29平米 / 无 / 未知窗户类型 ; 阳台A / 3.34平米 / 东 / 普通窗 ; 阳台B / 5.1平米 / 北 东 / 落地窗 ; 过道 / 5.01平米 / 无 / 无窗,
朝北带入户诚心出售中高楼层采光好,"佳兆业中央广场一期 , 坂田",3室1厅,89.3平米,北,,中楼层(共47层),2013年,板楼,508 万,56887 元,0,,,近地铁 | VR房源,https://sz.lianjia.com/ershoufang/105120504338.html,地铁 | VR房源,朝北带入户，诚心出售，中高楼层。满五不唯一税费少,小区规模：总共分为6期，10000大户的大盘，总占地约300000，项目总建面约1800000平米。3个幼儿园：150000平米综合MALL，加270米酒店（六期项目），二期的地理位置在其他几期的中间位置，分别被一期、三期、五期环抱，位置安静。,新社区，人车分流，24小时保安轮流值班，社区有自己的健身广场和花园，园林式社区。占地约300000平，建面约1800000平米，依托高新技术产业园，佳兆业城市广场物业形态丰富，集住宅、酒店于一体。小区左边是天安云谷、华为总部,地铁10号线岗头雪象站口，项目是靠着坂雪岗大道和坂澜大道，沿着坂雪岗大道可以去梅林关，也可以转布龙路转南坪快速和水官高速，也可以从转贝尔路再转梅关高速，上坂澜大道可以去观澜也可以去平湖。地铁7月开通。高速交通：梅观高速、清平高速、坂雪岗大道,,,暂无数据,2025-04-23,商品房,普通住宅,暂无数据,非共有,无抵押,挂牌时间:2025-04-23 | 交易权属:商品房 | 上次交易:暂无数据 | 房屋用途:普通住宅 | 房屋年限:暂无数据 | 产权所属:非共有 | 抵押信息:无抵押 | 房本备件:未上传房本照片,客厅 / 21.37平米 / 西南 东北 / 落地窗 ; 卧室A / 7.82平米 / 无 / 未知窗户类型 ; 卧室B / 14.52平米 / 无 / 未知窗户类型 ; 卧室C / 8.45平米 / 东北 / 普通窗 ; 厨房 / 5.16平米 / 西北 / 落地窗 ; 卫生间A / 4.54平米 / 无 / 未知窗户类型 ; 卫生间B / 3.56平米 / 无 / 未知窗户类型 ; 阳台A / 2平米 / 西南 / 落地窗 ; 阳台B / 9.23平米 / 西北 东北 东南 / 普通窗 ; 过道 / 3.21平米 / 无 / 无窗 ; 门厅 / 9.8平米 / 东北 / 落地窗,
佳兆业城市广场一期带入户四房两卫诚心出售,"佳兆业中央广场一期 , 坂田",4室1厅,89.44平米,南,精装,中楼层(共47层),2013年,板楼,530 万,59258 元,2,,,近地铁 | VR房源 | 房本满五年,https://sz.lianjia.com/ershoufang/105119361420.html,地铁 | VR房源 | 房本满五年,华为旁邻近天安云谷，采光好，看花园，带入户，视野好,小区总共分为6期开发建设，壹万多户的大社区，总占地约三十万，项目总建面约壹佰捌拾万平左右，十五万平米综合MALL，加270米酒店（六期项目），新社区，人车分流，社区有自己的健身广场和花园，园林式社区,新社区，人车分流，24小时保安轮流值班，社区有自己的健身广场和花园，园林式社区。依托高新技术产业园，佳兆业城市广场物业形态丰富，集住宅、酒店于一体。小区左边是天安云谷、华为总部基地，配套齐全,10号线双地铁物业，27号线已规划，项目是挨着坂雪岗大道和坂澜大道，沿着坂雪岗大道可以去梅林关，也可以转布龙路转南坪快速和水官高速，也可以从转贝尔路再转梅关高速，上坂澜大道可以去观澜也可以去平湖；多条公交路线直达罗湖、福田，交通很便利,,,2016-05-10,2024-12-31,商品房,普通住宅,满五年,非共有,有抵押,挂牌时间:2024-12-31 | 交易权属:商品房 | 上次交易:2016-05-10 | 房屋用途:普通住宅 | 房屋年限:满五年 | 产权所属:非共有 | 抵押信息:有抵押 | 房本备件:已上传房本照片,客厅 / 26.61平米 / 北 南 / 落地窗 ; 多功能间 / 8.47平米 / 北 / 落地窗 ; 卧室A / 8.92平米 / 北 / 普通窗 ; 卧室B / 14.75平米 / 无 / 未知窗户类型 ; 卧室C / 7.93平米 / 无 / 未知窗户类型 ; 厨房 / 5.35平米 / 西 / 落地窗 ; 卫生间A / 3.31平米 / 无 / 未知窗户类型 ; 卫生间B / 5.04平米 / 无 / 未知窗户类型 ; 阳台A / 6.57平米 / 西 北 东 / 落地窗 ; 阳台B / 3.76平米 / 西 北 / 普通窗 ; 阳台C / 2.7平米 / 西 / 落地窗 ; 过道 / 3.08平米 / 无 / 无窗,
总价低 税费少 业主诚心卖 看房方便,"润创兴时代公寓 , 坂田",3室2厅,69.2平米,南,精装,低楼层(共29层),2014年,板楼,230 万,33237 元,5,,,近地铁 | VR房源 | 房本满五年,https://sz.lianjia.com/ershoufang/105107096114.html,地铁 | VR房源 | 房本满五年,5号线&10号线五和双地铁口物业， 低总价3房通燃气带阳台,,,楼下就是10号线&5号线地铁站，地铁站处有好几十路公交经过，快捷的通达深圳市各个区域。,,,2014-12-13,2021-04-22,商品房,商务公寓,满五年,非共有,有抵押 180万元 上海浦东发展银行股份有限公司深圳分行 金融公司垫资,挂牌时间:2021-04-22 | 交易权属:商品房 | 上次交易:2014-12-13 | 房屋用途:商务公寓 | 房屋年限:满五年 | 产权所属:非共有 | 抵押信息:有抵押 180万元 上海浦东发展银行股份有限公司深圳分行 金融公司垫资 | 房本备件:已上传房本照片,客厅 / 22.11平米 / 南 / 普通窗 ; 卧室A / 10.02平米 / 无 / 未知窗户类型 ; 卧室B / 7.04平米 / 西 / 落地窗 ; 厨房 / 3.71平米 / 北 / 普通窗 ; 卫生间 / 3.7平米 / 无 / 未知窗户类型 ; 阳台 / 3.87平米 / 南 / 普通窗 ; 储物间 / 4.04平米 / 无 / 未知窗户类型,
银湖山下精装三房 自住装修保养好 满五年,"诺德中央道 , 坂田",3室2厅,89.13平米,东南,,中楼层(共33层),2014年,板楼,430 万,48245 元,3,,,VR看装修,https://sz.lianjia.com/ershoufang/105115163735.html,VR看装修,此房满五年，保养好，看房方便，价格可以谈,中铁诺德秉承中铁诺德系一贯精工品质，为城市打造精品住宅。项目总占地约46000平米，总建筑面积约280000平米，规划住宅2000余套，共分4期开发，其中一期住宅600余套，户型为66-120平米2-4房。,楼下自带餐厅和便利店，能满足日常生活需求。坂田街道办200米，万科里购物广场680米，华润万家旭景佳园分店760米，坂田手造文化街1000米，650米处有银湖山郊野公园，还有钓鱼场，配套比较齐全。,"小区门口有公交站台，公交线路有B 742, M 300, M 221等，可到深圳北站，民治，平湖，清湖，福田高铁站。400米上坂雪岗大道，离地铁5号线杨美站1公里，坂田站1.3公里，1.3公里上布龙路，1.5公里上南坪快速和坂银通道，到福田很便捷。",,,暂无数据,2023-10-26,商品房,普通住宅,暂无数据,非共有,有抵押 370万元,挂牌时间:2023-10-26 | 交易权属:商品房 | 上次交易:暂无数据 | 房屋用途:普通住宅 | 房屋年限:暂无数据 | 产权所属:非共有 | 抵押信息:有抵押 370万元 | 房本备件:未上传房本照片,客厅 / 38.46平米 / 无 / 未知窗户类型 ; 卧室A / 13.01平米 / 南 / 普通窗 ; 卧室B / 7.69平米 / 无 / 未知窗户类型 ; 卧室C / 5.69平米 / 北 / 普通窗 ; 厨房 / 4.65平米 / 北 / 普通窗 ; 卫生间A / 4.13平米 / 无 / 未知窗户类型 ; 卫生间B / 3.8平米 / 无 / 未知窗户类型 ; 阳台A / 3.8平米 / 南 / 普通窗 ; 阳台B / 1.42平米 / 北 / 普通窗,
朝南看花园位置安静业主诚意出售！,"华晖瑞禧 , 坂田",3室2厅,99.95平米,南,,中楼层(共43层),2020年,塔楼,530 万,53027 元,2,,,近地铁 | VR看装修,https://sz.lianjia.com/ershoufang/105116217174.html,地铁 | VR看装修,房子属于业主自住的装修保养好，买来可直接拎包入住！,2020年次新小区，小区位于银湖山1公里处，距鸡公山隧道1.5公里，方便到达罗湖，福田，南山。自带幼儿园，充足停车位，楼下买生活所需也方便,享受 15 年一站式，首先项目自带一所 9 班约 3000 ㎡幼儿园，同时在项目西北约 500 米处有一所 9 年一贯制的公立——坂田实验（30 班小、15 班中）。另外，项目南面为规划教育用地，3 公里范围内还有一所全国唯一的科学高中。,两横四纵”成熟交通路网体系（两横：布龙路、南坪快速；四纵：五和大道、坂雪岗大道、梅观高速、清平高速）；邻近地铁5号线坂田站； 地处鸡公山通道首排，约一刻钟直达福田区，建立起快速通达全城的半小时生活圈。,,,暂无数据,2024-03-03,商品房,普通住宅,暂无数据,非共有,有抵押 业主自还,挂牌时间:2024-03-03 | 交易权属:商品房 | 上次交易:暂无数据 | 房屋用途:普通住宅 | 房屋年限:暂无数据 | 产权所属:非共有 | 抵押信息:有抵押 业主自还 | 房本备件:未上传房本照片,客厅 / 21.4平米 / 南 / 落地窗 ; 卧室A / 11.15平米 / 无 / 未知窗户类型 ; 卧室B / 14.25平米 / 无 / 未知窗户类型 ; 卧室C / 4.47平米 / 东 / 落地窗 ; 厨房 / 5.4平米 / 东 / 落地窗 ; 卫A / 3.31平米 / 东 / 普通窗 ; 卫B / 3.7平米 / 无 / 落地窗 ; 阳台A / 4.39平米 / 南 / 落地窗 ; 阳台B / 2.37平米 / 东 / 落地窗 ; 过道 / 3.37平米 / 无 / 无窗,
5号线坂田地铁口，电梯精装修4房，南向安静中间楼层,"德润荣君府 , 坂田",4室2厅,123.72平米,南,,中楼层(共41层),2017年,板楼,880 万,71129 元,8,,,近地铁 | VR看装修,https://sz.lianjia.com/ershoufang/105110627444.html,地铁 | VR看装修,5号线坂田地铁口，电梯精装修4房，南向安静中间楼层,德润荣君府位于龙岗区坂田布龙路与坂雪岗大道交汇处，交通十分便利，地铁五号线坂田站及地铁10号线五和站，出行方便，小区内部车位充足。,小区楼下自带幼儿园，游泳池，另有约4000平左右的各项配套，华润万家，万科里，扬马市场，万科云里梦想乐园，小区旁边即将建成万科综合体，双地铁口，坂银通道入口，交通十分便利。,百度地图显示小区50米可到环中线坂田站A出口、二千米车程可上清平、南坪、梅观等快速路；直通福田 南山 罗湖 布龙路和坂雪岗线路公交车可到深圳每个景点。,,,暂无数据,2022-05-29,商品房,普通住宅,暂无数据,非共有,有抵押,挂牌时间:2022-05-29 | 交易权属:商品房 | 上次交易:暂无数据 | 房屋用途:普通住宅 | 房屋年限:暂无数据 | 产权所属:非共有 | 抵押信息:有抵押 | 房本备件:未上传房本照片,客厅 / 37.16平米 / 无 / 未知窗户类型 ; 卧室A / 10.02平米 / 无 / 未知窗户类型 ; 卧室B / 10.15平米 / 无 / 未知窗户类型 ; 卧室C / 17.43平米 / 无 / 未知窗户类型 ; 卧室D / 12.64平米 / 无 / 未知窗户类型 ; 厨房 / 7.43平米 / 南 / 普通窗 ; 卫生间A / 5.65平米 / 北 / 落地窗 ; 卫生间B / 3.64平米 / 西 / 落地窗 ; 阳台 / 6.92平米 / 西 东 南 / 落地窗,
此房南向采光视野好，户型方正实用，业主自住保养好,"信义嘉御山 , 坂田",2室1厅,69.79平米,南,精装,26层,2013年,板塔结合,468 万,67059 元,4,,,近地铁 | VR看装修,https://sz.lianjia.com/ershoufang/105118472105.html,地铁 | VR看装修,此房南向采光视野好，户型方正实用，业主自住保养好,信义嘉御豪园分三期开发，占地近100000平米，建面400000平，共3008户。2013-2015年底交房，小区内有泳池，配套有公里龙岗机关幼儿园，户型多样，66平-77平，方正通透的两房；83-88平，朝南或南北的三房户型；85平 复式 四房三卫；117-217平 改善大户型。,信义嘉御山是坂田新的大社区的，小区一共有8期，目前1-5期已经交房入住，坂田双地铁口的大盘，一期楼下有天虹商场，有星巴克，KFC，面点王，健身会所，SAP等配套成熟，还开了佳华商场MAX.CITY有海底捞，探鱼等餐饮名店 各大银行围绕小区、旁边有大企业..,双地铁10号线、5号线物业，到深圳北站两个地铁站，信义嘉御山小区采用人车分流，绿化面积大，24小时封闭物业管理，居住环境舒适,,,暂无数据,2024-10-02,商品房,普通住宅,暂无数据,非共有,有抵押 200万元,挂牌时间:2024-10-02 | 交易权属:商品房 | 上次交易:暂无数据 | 房屋用途:普通住宅 | 房屋年限:暂无数据 | 产权所属:非共有 | 抵押信息:有抵押 200万元 | 房本备件:未上传房本照片,客厅 / 27.73平米 / 南 / 落地窗 ; 卧室A / 13.06平米 / 南 / 普通窗 ; 卧室B / 12.08平米 / 西 南 / 落地窗 ; 厨房 / 4.72平米 / 南 / 普通窗 ; 卫 / 3.88平米 / 北 / 落地窗 ; 阳台 / 7.27平米 / 西 东 南 / 普通窗,
精装2房，安静看花园，看房方便,"佳兆业城市广场五期 , 坂田",2室1厅,49.63平米,东南,精装,低楼层(共39层),2019年,塔楼,143 万,28814 元,2,,,近地铁,https://sz.lianjia.com/ershoufang/105121207876.html,地铁,精装2房，安静看花园，看房方便,总共分为6期大型社区，3个幼儿园大型综合MALL加270米酒店六期项目一期位置安静离地铁商场最近近天安云谷步行即可环境,新社区人车分流，24小时保安轮流值班社区有自己的健身广场和花园园林式社区依托高新技术产业园佳兆业城市广场物业形态丰富集酒店于一体小区左边是天安云谷华为总部基地配套齐,项目是靠着坂雪岗大道和坂澜大道，沿着坂雪岗大道可以去梅林关（去关内方向）、也可以转布龙路转南坪快速和水官高速，也可以从转贝尔路再转梅关高速，上坂澜大道可以去观澜也可以去平湖。地铁10号线两个地铁口，岗头站和雪象站,,,暂无数据,2025-06-24,商品房,商业办公类,暂无数据,非共有,无抵押,挂牌时间:2025-06-24 | 交易权属:商品房 | 上次交易:暂无数据 | 房屋用途:商业办公类 | 房屋年限:暂无数据 | 产权所属:非共有 | 抵押信息:无抵押 | 房本备件:未上传房本照片,客厅 / 19.56平米 / 北 / 落地窗 ; 卧室A / 7.22平米 / 无 / 无窗 ; 卧室B / 7.22平米 / 无 / 无窗 ; 厨房 / 4.64平米 / 无 / 无窗 ; 卫 / 3.8平米 / 无 / 无窗 ; 过道 / 4.76平米 / 无 / 无窗,
次新小区人车分流  满五  高楼层通风好视野佳 装修好,"嘉霖华禧 , 坂田",3室2厅,85.28平米,南,精装,高楼层(共33层),2017年,塔楼,405 万,47491 元,4,,,近地铁 | VR看装修 | 房本满五年,https://sz.lianjia.com/ershoufang/105118988915.html,地铁 | VR看装修 | 房本满五年,次新小区人车分流  满五  高楼层通风好视野佳 装修好,嘉霖华禧项目是嘉霖集团继大鹏PURE33璞岸、龙岗珑禧、坪山大万文化广场后推出的又一城市标杆力作。2017年入伙小区总共6栋，项目产品包含37-65平米1-3房70年产权平层、复式产品及74-119㎡ 品质3-5房品质住宅，均为片区主流户型,项目是坂雪岗科技新城平米恢弘力作，本项目占地面积约万平米，总建筑面积约万平米，包含住宅、商务办公、临街等物业形态，坂田文化正在建设,项目位于深圳市坂雪岗科技城坂澜大道与环城北路交汇处，属于深圳中部发展轴心。坂澜大道、坂银通道、梅观高速、机荷高速等多条高速、快速干道出入，交通十分便利. 地铁10号线雪象站已通车。,,,2016-08-26,2024-11-22,商品房,普通住宅,满五年,非共有,有抵押 200万元 建行,挂牌时间:2024-11-22 | 交易权属:商品房 | 上次交易:2016-08-26 | 房屋用途:普通住宅 | 房屋年限:满五年 | 产权所属:非共有 | 抵押信息:有抵押 200万元 建行 | 房本备件:已上传房本照片,客厅 / 23.74平米 / 南 / 普通窗 ; 卧室A / 8.55平米 / 无 / 未知窗户类型 ; 卧室B / 12.39平米 / 无 / 未知窗户类型 ; 卧室C / 5.78平米 / 无 / 未知窗户类型 ; 厨房 / 5.4平米 / 西 / 普通窗 ; 卫A / 4.08平米 / 无 / 未知窗户类型 ; 卫B / 3.63平米 / 无 / 普通窗 ; 阳台A / 5.01平米 / 南 / 普通窗 ; 阳台B / 2.85平米 / 西 / 普通窗 ; 过道 / 2.77平米 / 无 / 无窗,
坂银通道坂田地铁口，精装电梯三房，东南向看花园安静,"珠江旭景佳园 , 坂田",3室2厅,89.9平米,东南,,低楼层(共18层),2008年,塔楼,528 万,58732 元,0,,,近地铁 | VR房源,https://sz.lianjia.com/ershoufang/105115164929.html,地铁 | VR房源,坂银通道，坂田地铁口，东南向，看花园，安静，新装修，房子新,布龙路与坂雪岗大道交汇处，占地约52000平由2栋低层洋房和8栋电梯楼围合而成，共1419户分三期开发，金地物业，物业很贴心，一期三期人车分流，二期内有幼儿园，泳池，三期相对较小，被中铁，碧桂园，大族五个新楼盘围绕，未来楼下是一条成熟的商-业街。,生活便利，小区西侧3千㎡底商，南侧有50000平大族云峰商场，2020年年底开业；距小区300米有两万㎡万科里。2km内有阳光湾畔、8号仓、坂田天虹等商场。1km有坂田医院。,"小区东门150m到公交站。四通八达,小区邻布龙路坂雪岗大道两大动脉,南面1km上坂银南坪,通达福田南山方便；东面两个灯位上清平水官,通达罗湖盐田惠州；北达天安云谷和华为。500米到5号线坂田地铁口,1站换10号线到福田口岸。",,,暂无数据,2023-10-26,商品房,普通住宅,暂无数据,非共有,有抵押,挂牌时间:2023-10-26 | 交易权属:商品房 | 上次交易:暂无数据 | 房屋用途:普通住宅 | 房屋年限:暂无数据 | 产权所属:非共有 | 抵押信息:有抵押 | 房本备件:未上传房本照片,,
四季花城新装修电梯四房  采光通风好  位置安静,"万科四季花城七期 , 坂田",4室2厅,130.66平米,南,精装,中楼层(共8层),2003年,板楼,666 万,50972 元,9,,,近地铁 | VR看装修,https://sz.lianjia.com/ershoufang/105120275791.html,地铁 | VR看装修,此房南北通格局，采光充足，楼层好，视野开阔，配套设施齐全,小区是万科开发，人文环境好，小区绿化和环境也很不错，也是万科自己的物业公司，安保设施也是值得信赖,,,,,2024-09-02,2025-04-02,商品房,普通住宅,未满两年,非共有,有抵押 531万元 建设银行 客户偿还,挂牌时间:2025-04-02 | 交易权属:商品房 | 上次交易:2024-09-02 | 房屋用途:普通住宅 | 房屋年限:未满两年 | 产权所属:非共有 | 抵押信息:有抵押 531万元 建设银行 客户偿还 | 房本备件:已上传房本照片,客厅 / 34.39平米 / 西 南 / 落地窗 ; 卧室01 / 7.8平米 / 南 / 落地窗 ; 卧室02 / 17.12平米 / 南 / 普通窗 ; 卧室03 / 11.64平米 / 无 / 未知窗户类型 ; 卧室04 / 12.48平米 / 无 / 未知窗户类型 ; 厨房 / 6.32平米 / 西 南 / 普通窗 ; 卫01 / 4.32平米 / 南 / 普通窗 ; 卫02 / 2.73平米 / 北 / 普通窗 ; 阳台01 / 5.15平米 / 西 南 / 普通窗 ; 阳台02 / 2.95平米 / 西 东 南 / 普通窗 ; 过道 / 4.96平米 / 无 / 无窗,
嘉霖华禧精装修三房出售，朝南，业主诚心出售,"嘉霖华禧 , 坂田",3室2厅,81.84平米,南,精装,中楼层(共15层),2017年,塔楼,410 万,50098 元,2,,,近地铁 | VR看装修,https://sz.lianjia.com/ershoufang/105119756553.html,地铁 | VR看装修,房子满五年，红本在手的，过户快。,嘉霖华禧总占地18361平方米，总建筑面积78718平方米，共计773套房，两栋公寓，4栋住宅。小区人车分流，24小时保安执勤。,,,,,暂无数据,2025-02-20,商品房,普通住宅,暂无数据,非共有,无抵押,挂牌时间:2025-02-20 | 交易权属:商品房 | 上次交易:暂无数据 | 房屋用途:普通住宅 | 房屋年限:暂无数据 | 产权所属:非共有 | 抵押信息:无抵押 | 房本备件:未上传房本照片,客厅 / 21.24平米 / 南 / 普通窗 ; 卧室A / 8.53平米 / 无 / 未知窗户类型 ; 卧室B / 11.82平米 / 无 / 未知窗户类型 ; 卧室C / 5.85平米 / 无 / 未知窗户类型 ; 厨房 / 6平米 / 西 / 普通窗 ; 卫A / 3.62平米 / 无 / 未知窗户类型 ; 卫B / 3.62平米 / 无 / 普通窗 ; 阳台A / 4.96平米 / 南 / 普通窗 ; 阳台B / 2.05平米 / 西 / 普通窗 ; 过道 / 2.79平米 / 无 / 无窗,
段经理推荐银湖山一房 装修保养好 业主换房诚心出售,"万科第五园三期 , 坂田",1室1厅,39.5平米,北,,低楼层(共15层),2007年,塔楼,226 万,57216 元,1,,,近地铁 | VR房源,https://sz.lianjia.com/ershoufang/105116826912.html,地铁 | VR房源,"坂银南坪门户,0灯位上坂银南坪通达福田南山,万科物业,正南大阳台",万科·第五园徽派建筑元素和晋派建筑元素风格，将传统与现代、中式与西式很好地嫁接和结合，营造出适合中国人居住的传统居住环境，个性的白墙黛瓦、变通的小窗、细纹的墙脚、清砖的步行道、密集的青竹林、天井绿化、不可窥视镂空墙、通而不透的屏风。,自带21000平商.业，现有链家、钱大妈、星巴克、爱上饭、缪氏川菜、乐期餐厅等进驻，附.近有坂田国际中.心、坂田手造文化街、星河Cocopark、奥特莱斯等；文体：6500㎡运动公园，包含5个泳池、10个羽毛球场、2个篮球场，1个网球场。,轨道交通：地铁5号线坂田站A出口1公里，地铁10号线雅园站750米；交通干线：500米坂银通道、南坪快速，布龙路、坂雪岗大道、五和大道、梅关高速、清平高速、水官高速、沈海高速等。距五园幼儿园公交站200米（此数据来源于百度地图）。,,,暂无数据,2024-04-28,商品房,普通住宅,暂无数据,非共有,有抵押 130万元,挂牌时间:2024-04-28 | 交易权属:商品房 | 上次交易:暂无数据 | 房屋用途:普通住宅 | 房屋年限:暂无数据 | 产权所属:非共有 | 抵押信息:有抵押 130万元 | 房本备件:未上传房本照片,卧室 / 22平米 / 西 北 / 落地窗 ; 厨房 / 4.32平米 / 北 / 普通窗 ; 卫生间 / 2.8平米 / 北 / 普通窗 ; 阳台 / 5.91平米 / 西 北 南 / 普通窗,
10号线雅园站，南向电梯3房，满五，红本，看花园,"阳光第五季 , 坂田",3室2厅,94.53平米,南,,低楼层(共17层),2008年,板塔结合,498 万,52682 元,3,,,近地铁 | VR房源,https://sz.lianjia.com/ershoufang/105118305009.html,地铁 | VR房源,10号线雅园站，南向电梯3房，满五，红本，看花园,阳光第五季位于坂田五和大道旁，万科四季花城南侧，小区占地17314㎡，建筑面积48480㎡，由两栋11层两栋17层的小高层组成，计488套单位。主要面向年轻人士定位，主力户型在70㎡－108㎡，结构合理，布局实用，地铁口物业，金地物管。,距离小区200米处有一个大型的8号仓奥特莱斯购物广场，阳光湾畔购物距离小区150米，坂田医院距离小区1000米，离坂田天虹1500米。 2公里范围内有坂田手造文化街、星河cococity、佳华maxcit购物广场、银湖山脉森林公园群。,楼下100米就是10号线雅园站地铁口，直达福田口岸；900米达到五和地铁站 可以换乘5号线至宝安/前海 梅观高速上下口也是在1千米范围内，开车到福田南山 也很便利。,,,暂无数据,2024-09-16,商品房,普通住宅,暂无数据,非共有,无抵押,挂牌时间:2024-09-16 | 交易权属:商品房 | 上次交易:暂无数据 | 房屋用途:普通住宅 | 房屋年限:暂无数据 | 产权所属:非共有 | 抵押信息:无抵押 | 房本备件:未上传房本照片,客厅 / 31.69平米 / 无 / 未知窗户类型 ; 卧室A / 9.21平米 / 无 / 未知窗户类型 ; 卧室B / 12.44平米 / 无 / 未知窗户类型 ; 卧室C / 7.83平米 / 南 / 普通窗 ; 厨房 / 4.28平米 / 西 / 普通窗 ; 卫A / 3.1平米 / 东 / 普通窗 ; 卫B / 3.46平米 / 西 / 普通窗 ; 阳台A / 1.87平米 / 西 / 普通窗 ; 阳台B / 3.98平米 / 西 南 / 普通窗,
德润荣君府 4室2厅 南 北,"德润荣君府 , 坂田",4室2厅,89.83平米,南 北,精装,中楼层(共39层),2017年,板楼,600 万,66793 元,0,,30天以前发布,近地铁 | VR看装修 | 房本满五年,https://sz.lianjia.com/ershoufang/105122059714.html,地铁 | VR看装修 | 房本满五年,,,,,,,2018-10-25,2025-09-08,商品房,普通住宅,满五年,非共有,有抵押,挂牌时间:2025-09-08 | 交易权属:商品房 | 上次交易:2018-10-25 | 房屋用途:普通住宅 | 房屋年限:满五年 | 产权所属:非共有 | 抵押信息:有抵押 | 房本备件:已上传房本照片,客厅 / 30.63平米 / 北 南 / 普通窗 ; 卧室A / 11.37平米 / 无 / 未知窗户类型 ; 卧室B / 6.82平米 / 无 / 未知窗户类型 ; 卧室C / 7.56平米 / 无 / 未知窗户类型 ; 卧室D / 6.5平米 / 无 / 未知窗户类型 ; 厨房 / 5.87平米 / 南 / 普通窗 ; 卫A / 3.66平米 / 无 / 未知窗户类型 ; 卫B / 3.78平米 / 无 / 未知窗户类型 ; 阳台 / 4.04平米 / 南 / 普通窗,
房子装修保养好适合刚需改善家庭小朋友出行方便,"佳兆业悦峰 , 坂田",3室2厅,86.7平米,南,精装,低楼层(共33层),2013年,板塔结合,600 万,69205 元,1,,,近地铁 | VR房源 | 房本满五年,https://sz.lianjia.com/ershoufang/105120372524.html,地铁 | VR房源 | 房本满五年,此房满五唯一装修保养好，小区配套成熟,,,地铁5号线杨美站C出口800米（高德地图参考），4站抵深圳北站深圳东站，西至前海湾东至黄贝岭。或步行400米至宏扬公交站也有多条公交路线可达深圳各区域。无缝衔接各大高速，直上布龙路、清平、南坪、水官，规划中坂银隧道通车后可实现10公里至福田北环,,,2016-12-14,2025-04-11,商品房,普通住宅,满五年,非共有,有抵押 金融公司垫资,挂牌时间:2025-04-11 | 交易权属:商品房 | 上次交易:2016-12-14 | 房屋用途:普通住宅 | 房屋年限:满五年 | 产权所属:非共有 | 抵押信息:有抵押 金融公司垫资 | 房本备件:已上传房本照片,客厅 / 26.62平米 / 北 / 落地窗 ; 卧室A / 12.6平米 / 北 / 落地窗 ; 卧室B / 5.46平米 / 北 / 落地窗 ; 卧室C / 9.36平米 / 北 / 落地窗 ; 厨房 / 6.55平米 / 无 / 未知窗户类型 ; 卫A / 4.95平米 / 北 / 普通窗 ; 卫B / 2.32平米 / 无 / 无窗 ; 阳台 / 5.87平米 / 北 / 落地窗 ; 过道 / 6.36平米 / 无 / 无窗,
南北通大三房 通风采光好 安静位置,"万科四季花城六期 , 坂田",3室1厅,104.56平米,南,简装,中楼层(共6层),2002年,板楼,508 万,48585 元,0,,,近地铁 | VR看装修,https://sz.lianjia.com/ershoufang/105119104423.html,地铁 | VR看装修,南北通大三房 通风采光好 安静位置,小区由万科地产集团开发，一共有36个独立苑，共分七期开发，花园式小区，绿化植被很多，带露天游泳池和健身会所及相应运动器械供住户健身，社区运动氛围棒；万科物业24小时严格管控，夜间有保安巡逻，外人基本无法随意出入，人车分流，充分保护行人安全。,小区内有2个公立幼儿园、海丽达等，商场类有华润万家，海达和成购物广场、伍和五广场，8号仓奥特莱斯等。深圳坂田医院、第二儿童医院，花城社康医院（小区内）；网球场，篮球场，健身会所等！,此房距离地铁5号线和10号线A口和400米，交通发达，小区旁边有布龙路、梅观高速、机荷高速、南坪快速等，乘坐公交或驾车出行到福田、罗湖、南山等地较方便（距离信息来源于百度地图）,,,暂无数据,2024-12-04,商品房,普通住宅,暂无数据,非共有,无抵押,挂牌时间:2024-12-04 | 交易权属:商品房 | 上次交易:暂无数据 | 房屋用途:普通住宅 | 房屋年限:暂无数据 | 产权所属:非共有 | 抵押信息:无抵押 | 房本备件:未上传房本照片,客厅 / 21.58平米 / 南 / 普通窗 ; 餐厅 / 10.9平米 / 北 / 普通窗 ; 卧室A / 7.8平米 / 北 / 普通窗 ; 卧室B / 10.21平米 / 无 / 未知窗户类型 ; 卧室C / 17.79平米 / 无 / 未知窗户类型 ; 厨房 / 4.9平米 / 北 / 普通窗 ; 卫A / 2.73平米 / 南 / 普通窗 ; 卫B / 4.31平米 / 西 / 普通窗 ; 阳台A / 4.58平米 / 西 北 / 普通窗 ; 阳台B / 5.25平米 / 西 南 / 普通窗 ; 过道 / 3.6平米 / 无 / 无窗,
此房满五年，南向，客厅出阳台，诚心出售,"佳兆业悦峰2期 , 坂田",3室2厅,86.96平米,南,,低楼层(共33层),2015年,板塔结合,504 万,57958 元,1,,,VR房源,https://sz.lianjia.com/ershoufang/105115345179.html,VR房源,此房满五年，南向，客厅出阳台，诚心出售,小区自带泳池，篮球场，羽毛球场及锻炼器材小广场。楼下有华润万家，钱大妈，南北药行，优口果鲜，理发美容，悦峰社康等满足业主的日常需求。步行700米可至杨美美食街，有各类美食，鑫华盛百货，美家福百货等。距离深圳坂田医院2500米。,,有地铁5号线杨美站C出口900米（参考高德地图），2站换乘10号线，4站抵深圳北站深圳东站。或步行400米至宏扬公交站也有多条公交路线可达深圳各区域。衔接各大高速快速，3公里内直上布龙路、清平高速、水官高速，南坪快速、梅观高速、坂银通道等,,,暂无数据,2023-11-16,商品房,普通住宅,暂无数据,非共有,无抵押,挂牌时间:2023-11-16 | 交易权属:商品房 | 上次交易:暂无数据 | 房屋用途:普通住宅 | 房屋年限:暂无数据 | 产权所属:非共有 | 抵押信息:无抵押 | 房本备件:未上传房本照片,客厅 / 30.42平米 / 南 / 普通窗 ; 卧室A / 9.18平米 / 无 / 未知窗户类型 ; 卧室B / 7.95平米 / 无 / 未知窗户类型 ; 厨房 / 4.48平米 / 西 / 普通窗 ; 卫生间 / 2.38平米 / 无 / 普通窗 ; 阳台A / 4.34平米 / 西 / 普通窗 ; 阳台B / 5.38平米 / 南 / 普通窗 ; 储物间A / 13.3平米 / 无 / 未知窗户类型 ; 储物间B / 4.52平米 / 西 / 普通窗,
通透三房两卫高楼层看花园业主诚心出售,"信义嘉御山 , 坂田",3室2厅,87.95平米,北,,26层,2013年,板塔结合,580 万,65947 元,7,,,近地铁 | VR看装修 | 房本满五年,https://sz.lianjia.com/ershoufang/105118155083.html,地铁 | VR看装修 | 房本满五年,此房满五唯一，高楼层，南北通端户，通风采光好,信义嘉御豪园分三期开发，占地近100000平米，建面400000平，共3008户。2013-2015年底交房，小区内有泳池，配套有公里龙岗机关幼儿园，户型多样，66平-77平，方正通透的两房；83-88平，朝南或南北的三房户型；85平 复式 四房三卫；117-217平 改善大户型。,信义嘉御山是坂田新的大社区的，小区一共有7期，目前1-5期已经交房入住，坂田双地铁口的大盘，一期楼下有天虹商场，有星巴克，KFC，面点王，健身会所，SAP等配套成熟，还开了佳华商场MAX.CITY有海底捞，探鱼等餐饮名店 各大银行围绕小区、旁边有大企业华为..,双地铁10号线、5号线物业，到深圳北站两个地铁站，信义嘉御山小区采用人车分流，绿化面积大，24小时封闭物业管理，居住环境舒适。,,,2016-06-07,2024-09-02,商品房,普通住宅,满五年,共有,有抵押 540万元,挂牌时间:2024-09-02 | 交易权属:商品房 | 上次交易:2016-06-07 | 房屋用途:普通住宅 | 房屋年限:满五年 | 产权所属:共有 | 抵押信息:有抵押 540万元 | 房本备件:已上传房本照片,客厅 / 25.22平米 / 北 南 / 落地窗 ; 卧室A / 8.45平米 / 无 / 未知窗户类型 ; 卧室B / 10.27平米 / 无 / 未知窗户类型 ; 卧室C / 18.82平米 / 无 / 未知窗户类型 ; 厨房 / 5.44平米 / 无 / 未知窗户类型 ; 卫A / 3.54平米 / 无 / 未知窗户类型 ; 卫B / 3.53平米 / 无 / 未知窗户类型 ; 阳台 / 5.43平米 / 西 北 东 / 普通窗 ; 过道 / 4.55平米 / 无 / 无窗,
佳华领汇双地铁口大三房  配套全齐,"佳华领汇广场 , 坂田",3室2厅,90.08平米,东南,精装,中楼层(共31层),2016年,板塔结合,510 万,56617 元,0,,,近地铁 | VR看装修,https://sz.lianjia.com/ershoufang/105121793357.html,地铁 | VR看装修,房子是满五唯一看房方便通透户型大三房,佳华领汇一期是住宅，二期是6层的商场综合体，隔路相望是天虹商场坂田店，吃喝玩乐一应俱全,,地铁现有10号线和5号线已开通，10号线坂田北站A 出口320米，10号线 和5号线  交汇的五和D出口860米，走路都可以到达。 开车到G94很方便，可转南坪快速往宝安CBD和南山,,,暂无数据,2025-08-15,商品房,普通住宅,暂无数据,非共有,有抵押 260万元 建行 客户偿还,挂牌时间:2025-08-15 | 交易权属:商品房 | 上次交易:暂无数据 | 房屋用途:普通住宅 | 房屋年限:暂无数据 | 产权所属:非共有 | 抵押信息:有抵押 260万元 建行 客户偿还 | 房本备件:未上传房本照片,客厅 / 28.07平米 / 东南 / 落地窗 ; 卧室A / 6.55平米 / 无 / 未知窗户类型 ; 卧室B / 8.21平米 / 无 / 未知窗户类型 ; 卧室C / 13.23平米 / 无 / 未知窗户类型 ; 厨房 / 6.77平米 / 东 / 落地窗 ; 卫 / 4.45平米 / 无 / 未知窗户类型 ; 阳台 / 4.99平米 / 东南 / 普通窗,
满五唯一红本在手，位置安静楼层好，看小区花园。,"佳兆业中央广场一期 , 坂田",4室2厅,119.24平米,北,,低楼层(共47层),2013年,塔楼,638 万,53506 元,0,,,近地铁 | VR看装修,https://sz.lianjia.com/ershoufang/105120194822.html,地铁 | VR看装修,房满五年唯一红本在手，位置安静楼层好，看小区花园。,全新社区，人车分流，24小时保安轮流值班，小区内有自己的健身广场和花园，园林式社区，自带2000平米大泳池，，依托高新技术产业园，佳兆业城市广场物业形态丰富，集住宅、酒店于一体，旁边就是天安云谷、华为总部。,新社区，人车分流，24小时保安轮流值班，社区有自己的健身广场和花园，园林式社区。占地约300000平，建面约1800000平米，依托高新技术产业园，佳兆业城市广场物业形态丰富，集住宅、酒店于一体。小区左边是天安云谷、华为总部,地铁十号线雪象站A出口，沿着坂雪岗大道可以去梅林关（去关内方向）、也可以转布龙路转南坪快速和水官高速，也可以从转贝尔路再转梅关高速，上坂澜大道可以去观澜也可以去平湖。交通很方便。高速交通：梅观高速、清平高速、坂雪岗大道、南坪快速。,,,暂无数据,2025-03-26,商品房,普通住宅,暂无数据,非共有,无抵押,挂牌时间:2025-03-26 | 交易权属:商品房 | 上次交易:暂无数据 | 房屋用途:普通住宅 | 房屋年限:暂无数据 | 产权所属:非共有 | 抵押信息:无抵押 | 房本备件:未上传房本照片,客厅 / 25.55平米 / 西 东 / 落地窗 ; 卧室A / 7.65平米 / 西 / 普通窗 ; 卧室B / 11.32平米 / 无 / 未知窗户类型 ; 卧室C / 17.38平米 / 无 / 未知窗户类型 ; 卧室D / 10.21平米 / 无 / 未知窗户类型 ; 厨房 / 4.58平米 / 南 / 落地窗 ; 卫A / 4.1平米 / 西 / 普通窗 ; 卫B / 4.59平米 / 东 / 普通窗 ; 阳台A / 6.49平米 / 西 北 南 / 普通窗 ; 阳台B / 2.37平米 / 东 / 落地窗 ; 过道 / 6.79平米 / 无 / 无窗 ; 门厅 / 9.6平米 / 西 / 落地窗,
精装修南向，户型方正，次新房，交通出行方便。,"华晖瑞禧 , 坂田",3室2厅,89.95平米,南 西南,,中楼层(共32层),2020年,塔楼,526 万,58477 元,0,,,近地铁 | VR看装修,https://sz.lianjia.com/ershoufang/105119726656.html,地铁 | VR看装修,精装修，电梯，南向，户型方正，次新房，交通出行方便。,2021年次新小区，小区位于银湖山1公里处，距鸡公山隧道1.5公里，方便到达罗湖，福田，南山。自带幼儿园，充足停车位，楼下买生活所需也方便。,享受 15 年一站式，首先项目自带一所 9 班约 3000 ㎡幼儿园，同时在项目西北约 500 米处有一所 9 年一贯制的公立——坂田实验（30 班小、15 班中）。另外，项目南面为规划教育用地，3 公里范围内还有一所全国唯一的科学高中。,两横四纵”成熟交通路网体系（两横：布龙路、南坪快速；四纵：五和大道、坂雪岗大道、梅观高速、清平高速）；邻近地铁5号线坂田站； 地处鸡公山通道首排，约一刻钟直达福田区，建立起快速通达全城的半小时生活圈。,,,暂无数据,2025-02-18,商品房,普通住宅,暂无数据,非共有,有抵押,挂牌时间:2025-02-18 | 交易权属:商品房 | 上次交易:暂无数据 | 房屋用途:普通住宅 | 房屋年限:暂无数据 | 产权所属:非共有 | 抵押信息:有抵押 | 房本备件:未上传房本照片,客厅 / 26.38平米 / 东南 / 普通窗 ; 卧室A / 8.94平米 / 无 / 未知窗户类型 ; 卧室B / 4.56平米 / 西南 / 普通窗 ; 卧室C / 10.52平米 / 东南 / 落地窗 ; 厨房 / 6.47平米 / 西南 / 普通窗 ; 卫 / 5平米 / 西南 / 普通窗 ; 阳台 / 4.37平米 / 东南 / 普通窗 ; 过道 / 2.73平米 / 无 / 无窗,
德润荣君府：五号线坂田地铁站物业 精装 花园中间位置,"德润荣君府 , 坂田",3室2厅,88.9平米,南,,中楼层(共41层),2017年,板楼,598 万,67267 元,0,,,近地铁 | VR看装修,https://sz.lianjia.com/ershoufang/105120611812.html,地铁 | VR看装修,满五年位置安静 通风采光好税少出行便利 装修保养好,2017年底交房的次新小区，全电梯高层，共7栋，由住宅和公寓（1栋）组成，合围起来楼下有花园和泳池，可供休憩玩耍。自带上千平商ye配套，日常基本生活需求能得到满足，地下3层停车库，1：1配置，再也不用担心停车的问题了。小区环境优美 有儿童娱乐场所,此房是88.96平电梯三房，中间楼层，客厅带阳台朝南小区园林景观，推窗见绿。满五年，税少。,5号线坂田地铁口大约700米，去宝安或者罗湖都很方便。 小区门口就是公交站； 小区前面是坂雪岗大道和布龙路，自驾的话，1千米内可以上南坪快速，再走水官高速到龙岗，梅观高速到观澜和东莞，或者经梅林关，新彩隧道进福田，罗湖和南山都很方便。,,,暂无数据,2025-05-03,商品房,普通住宅,暂无数据,非共有,有抵押,挂牌时间:2025-05-03 | 交易权属:商品房 | 上次交易:暂无数据 | 房屋用途:普通住宅 | 房屋年限:暂无数据 | 产权所属:非共有 | 抵押信息:有抵押 | 房本备件:未上传房本照片,客厅 / 25.77平米 / 北 / 落地窗 ; 卧室01 / 10.04平米 / 无 / 未知窗户类型 ; 卧室02 / 11.87平米 / 无 / 未知窗户类型 ; 卧室03 / 8.29平米 / 无 / 未知窗户类型 ; 厨房 / 7.54平米 / 北 / 普通窗 ; 卫01 / 4.1平米 / 无 / 无窗 ; 卫02 / 3.95平米 / 无 / 未知窗户类型 ; 阳台 / 4.53平米 / 北 / 落地窗 ; 过道 / 3.02平米 / 无 / 无窗,
此房满五唯一，税费少，保养不错。正地铁口,"富豪花园 , 坂田",3室1厅,100.74平米,南,,高楼层(共7层),1993年,,410 万,40699 元,1,,,VR房源,https://sz.lianjia.com/ershoufang/105118737892.html,VR房源,此房满五唯一，税费少，房子才装修两年保养不错。正地铁口,,,5号线正地铁口物业，交通很方便，开车可以上南坪和坂银，布龙路，去布吉，南山，福田。罗湖都很方便,,,暂无数据,2024-10-29,商品房,普通住宅,暂无数据,非共有,有抵押,挂牌时间:2024-10-29 | 交易权属:商品房 | 上次交易:暂无数据 | 房屋用途:普通住宅 | 房屋年限:暂无数据 | 产权所属:非共有 | 抵押信息:有抵押 | 房本备件:未上传房本照片,客厅 / 32.07平米 / 北 南 / 普通窗 ; 卧室A / 10.8平米 / 南 / 普通窗 ; 卧室B / 14.1平米 / 南 / 普通窗 ; 卧室C / 8.14平米 / 北 / 普通窗 ; 厨房 / 4.27平米 / 北 / 普通窗 ; 卫 / 3.84平米 / 北 / 普通窗 ; 阳台A / 4.62平米 / 西 东 南 / 普通窗 ; 阳台B / 2.38平米 / 无 / 无窗 ; 过道 / 4.38平米 / 无 / 无窗,
春华四季园复式出售，位置安静，朝南,"春华四季园二期 , 坂田",4室2厅,140.9平米,南,,低楼层(共12层),2007年,板塔结合,750 万,53230 元,4,,,VR房源,https://sz.lianjia.com/ershoufang/105115970639.html,VR房源,房子满五年，业主自己在住，安静位置,总规划户数3063户。6000平方米的湖坡、1000米的风情街——右一坊、室外泳池及室内恒温泳池、3000平方米的运动场地、幼儿园等等。二期户型产品丰富多样，包括70平方米左右的两房、95－122平方米左右的三房、136－157平方米的四-五房！,小区自带：小区一条街、华润万家、特蕾丝幼儿园、游泳馆、网球场、篮球场、羽毛球场、休闲会所等配套，生活购物便利，购物：8号仓奥特莱斯、龙华名车广场，东门离阳光湾畔购物广场、海达和成购物广场,小区离地铁五和站1500米，深圳北站2公里，小区南门有多趟公交车直达南山，罗湖，福田，开车可以直接在南门上梅观高速转南坪快速，机荷高速，关口位置，交通便利,,,暂无数据,2024-01-28,商品房,普通住宅,暂无数据,非共有,有抵押,挂牌时间:2024-01-28 | 交易权属:商品房 | 上次交易:暂无数据 | 房屋用途:普通住宅 | 房屋年限:暂无数据 | 产权所属:非共有 | 抵押信息:有抵押 | 房本备件:未上传房本照片,客厅 / 30.2平米 / 南 / 普通窗 ; 餐厅 / 25.2平米 / 无 / 无窗 ; 卧室A / 7.59平米 / 无 / 未知窗户类型 ; 卧室B / 13.33平米 / 无 / 未知窗户类型 ; 卧室C / 23.5平米 / 无 / 未知窗户类型 ; 厨房 / 5.91平米 / 西 / 普通窗 ; 卫A / 3.38平米 / 西 / 普通窗 ; 卫B / 3.51平米 / 西 / 普通窗 ; 卫C / 7.41平米 / 无 / 未知窗户类型 ; 阳台 / 12.2平米 / 东 南 / 普通窗 ; 储物间 / 3.5平米 / 南 / 落地窗 ; 过道 / 19.09平米 / 无 / 无窗 ; 衣帽间 / 5.97平米 / 无 / 无窗,
佳兆业城市广场五期 3室2厅 西南,"佳兆业城市广场五期 , 坂田",3室2厅,83.42平米,西南,精装,高楼层(共39层),2019年,塔楼,220 万,26373 元,4,,,近地铁 | VR房源,https://sz.lianjia.com/ershoufang/105118490447.html,地铁 | VR房源,,,,,,,暂无数据,2024-10-04,商品房,商务公寓,暂无数据,非共有,有抵押 120万元,挂牌时间:2024-10-04 | 交易权属:商品房 | 上次交易:暂无数据 | 房屋用途:商务公寓 | 房屋年限:暂无数据 | 产权所属:非共有 | 抵押信息:有抵押 120万元 | 房本备件:未上传房本照片,客厅 / 12.97平米 / 无 / 无窗 ; 卧室A / 6.53平米 / 无 / 无窗 ; 卧室B / 8.12平米 / 无 / 未知窗户类型 ; 卧室C / 6.26平米 / 无 / 未知窗户类型 ; 厨房 / 7.5平米 / 无 / 无窗 ; 卫 / 5.06平米 / 无 / 无窗,
四房使用面积大，带露台，看房方便，价格惊喜,"佳华领汇广场 , 坂田",4室2厅,89.83平米,东北,精装,低楼层(共32层),2016年,板塔结合,500 万,55661 元,0,,,近地铁 | VR看装修 | 随时看房,https://sz.lianjia.com/ershoufang/105121267743.html,地铁 | VR看装修 | 随时看房,使用面积大，很多空间可以利用，看房方便,佳华领汇一期是住宅，二期是6层的商场综合体，隔路相望是天虹商场坂田店，吃喝玩乐一应俱全,,地铁现有10号线和5号线已开通，10号线坂田北站A 出口320米，10+5交汇的五和D出口860米，走路都可以到达。 开车到G94很方便，可转南坪快速往宝安CBD和南山,,,暂无数据,2025-06-29,商品房,普通住宅,暂无数据,非共有,无抵押,挂牌时间:2025-06-29 | 交易权属:商品房 | 上次交易:暂无数据 | 房屋用途:普通住宅 | 房屋年限:暂无数据 | 产权所属:非共有 | 抵押信息:无抵押 | 房本备件:未上传房本照片,客厅 / 28.85平米 / 北 / 普通窗 ; 书房 / 4.67平米 / 东 / 落地窗 ; 卧室A / 7.5平米 / 无 / 未知窗户类型 ; 卧室B / 12.68平米 / 无 / 未知窗户类型 ; 卧室C / 7.9平米 / 无 / 未知窗户类型 ; 厨房 / 7.38平米 / 无 / 无窗 ; 卫A / 3.71平米 / 东 / 普通窗 ; 卫B / 2.56平米 / 西 / 普通窗 ; 阳台 / 4.85平米 / 西 北 / 普通窗,
春华四季园110平米朝南大3房客厅带大阳台,"春华四季园一期 , 坂田",3室2厅,110.86平米,南,,中楼层(共11层),2006年,板楼,568 万,51236 元,1,,,近地铁 | VR看装修,https://sz.lianjia.com/ershoufang/105121151074.html,地铁 | VR看装修,春华四季园110平米朝南大3房客厅带大阳台,小区总建筑面积430000㎡，总规划户数约3300户，拥有完善的配套设施，6000㎡的湖坡，1000米的风情街，室外泳池及室内恒温泳池、3000㎡的运动场地、幼儿园等，金光华物业。二期户型丰富多样，包括70㎡的两房.95-100㎡左右的三房.136-158㎡的四房五房 141..,小区自带：小区一条街、华润万家、特蕾丝幼儿园、游泳馆、网球场、篮球场、羽毛球场、休闲会所等配套，生活购物便利，购物：8号仓奥特莱斯、龙华名车广场，东门离阳光湾畔购物广场、海达和成购物广场,,,,暂无数据,2025-06-20,商品房,普通住宅,暂无数据,非共有,有抵押 300万元 华润经营贷 业主自还,挂牌时间:2025-06-20 | 交易权属:商品房 | 上次交易:暂无数据 | 房屋用途:普通住宅 | 房屋年限:暂无数据 | 产权所属:非共有 | 抵押信息:有抵押 300万元 华润经营贷 业主自还 | 房本备件:未上传房本照片,客厅 / 52.01平米 / 北 / 普通窗 ; 卧室A / 11.42平米 / 北 / 落地窗 ; 卧室B / 12.78平米 / 北 / 落地窗 ; 厨房 / 7.17平米 / 北 / 落地窗 ; 卫 / 3.81平米 / 无 / 未知窗户类型 ; 阳台 / 11.88平米 / 北 / 普通窗 ; 储物间 / 20.38平米 / 北 / 普通窗,
四季花城一楼 价格低于市场 南北通透  采光无忧,"万科四季花城六期 , 坂田",3室2厅,101.32平米,南 北,简装,低楼层(共6层),2001年,板塔结合,448 万,44217 元,0,,,近地铁 | VR看装修 | 房本满五年,https://sz.lianjia.com/ershoufang/105121831049.html,地铁 | VR看装修 | 房本满五年,此房满五年 户型方正 位置安静 配套齐全 交通方便,小区由万科地产集团开发，一共有36个独立苑，共分七期开发，花园式小区，绿化植被很多，带露天游泳池和健身会所及相应运动器械供住户健身，社区运动氛围棒；万科物业24小时严格管控，夜间有保安巡逻，外人基本无法随意出入，人车分流，充分保护行人!,小区内有2个公立幼儿园、海丽达幼儿园，华润万家，五和购物广场、海达和成购物广场、坂田民营市场等。医疗类有深圳坂田医院、龙华人民医院、布吉医院花城社康医院（小区内）；银行为招商银行、中国银行、民生银行自助机及平安银行等，各式卖菜.,地铁5号线和10号线五和站A口350米，交通发达，小区旁边有布龙路、梅观高速、机荷高速、南坪快速等，乘坐公交或驾车出行到福田、罗湖、南山等地较方便（距离信息来源于百度地图）还有在修的深大城际和深惠城际,,,2004-12-10,2025-08-18,商品房,普通住宅,满五年,非共有,有抵押 中国银行 客户偿还,挂牌时间:2025-08-18 | 交易权属:商品房 | 上次交易:2004-12-10 | 房屋用途:普通住宅 | 房屋年限:满五年 | 产权所属:非共有 | 抵押信息:有抵押 中国银行 客户偿还 | 房本备件:已上传房本照片,客厅 / 31.67平米 / 西 东 / 普通窗 ; 卧室A / 16.85平米 / 无 / 未知窗户类型 ; 卧室B / 9.66平米 / 无 / 未知窗户类型 ; 卧室C / 8.01平米 / 西 / 普通窗 ; 厨房 / 5.05平米 / 西 / 普通窗 ; 卫 / 2.79平米 / 东 / 普通窗 ; 阳台A / 5.42平米 / 北 东 / 普通窗 ; 阳台B / 1.53平米 / 西 北 / 普通窗 ; 储 / 4.22平米 / 北 / 普通窗 ; 过道 / 3.17平米 / 无 / 无窗,
坂田百万大盘3房，满5唯一，业主自住保养好,"信义嘉御山 , 坂田",3室1厅,87.95平米,南 北,精装,26层,2013年,板塔结合,538 万,61172 元,1,,,近地铁 | VR房源 | 房本满五年,https://sz.lianjia.com/ershoufang/105121496386.html,地铁 | VR房源 | 房本满五年,坂田次新房嘉御山，3房2卫诚意出售，自住保养好看房方便,小区自带底层店铺，开发商自持，目前已全部进驻，包括中西式餐饮、教育培训、婴幼儿用品，便利店及坂田天虹旗舰店，生活方便，小区内有幼儿园，家门口尽享优质生活。,信义嘉御山是坂田新的大社区的，小区一共有8期，目前1-5期已经交房入住，坂田双地铁口的大盘，一期楼下有天虹商场，有星巴克，KFC，面点王，健身会所，SAP等配套成熟，还开了佳华商场MAX.CITY有海底捞，探鱼等餐饮名店 各大银行围绕小区、旁边有大企华为,开车出行：小区出来贝尔路可快速上G94梅关高速，坂雪岗大道上坂银通道直通福田南山。 地铁出行：10号线坂田北站，10号线5号线中转站五和站。 公交出行：里石排站，坂田市场站，坂田路口站，坂田路口北站等。5期有专门接驳五和站的小巴士。,,,2020-05-13,2025-07-19,商品房,普通住宅,满五年,非共有,有抵押 500万元 建设银行 金融公司垫资,挂牌时间:2025-07-19 | 交易权属:商品房 | 上次交易:2020-05-13 | 房屋用途:普通住宅 | 房屋年限:满五年 | 产权所属:非共有 | 抵押信息:有抵押 500万元 建设银行 金融公司垫资 | 房本备件:已上传房本照片,客厅 / 26.22平米 / 北 南 / 落地窗 ; 卧室A / 8.55平米 / 无 / 未知窗户类型 ; 卧室B / 10.15平米 / 无 / 未知窗户类型 ; 卧室C / 19.05平米 / 无 / 未知窗户类型 ; 厨房 / 5.48平米 / 无 / 未知窗户类型 ; 卫A / 3.57平米 / 无 / 未知窗户类型 ; 卫B / 3.56平米 / 无 / 未知窗户类型 ; 阳台 / 4.66平米 / 西 北 东 / 普通窗 ; 过道 / 4.55平米 / 无 / 无窗,
电梯大3房，双阳台，南北向，无遮挡，新装修拎包入住,"万科四季花城七期 , 坂田",3室2厅,107.25平米,南 北,,高楼层(共9层),2003年,板楼,580 万,54080 元,0,,,近地铁 | VR看装修,https://sz.lianjia.com/ershoufang/105121386097.html,地铁 | VR看装修,电梯高楼层，客厅餐厅双阳台，通透户型，全新装修，保养好,小区由万科地产集团开发，一共有36个独立苑，共分七期开发，花园式小区，绿化植被很多，带露天游泳池和健身会所及相应运动器械供住户健身，社区运动氛围棒；万科物业24小时严格管控，夜间有保安巡逻，外人基本无法随意出入，人车分流，充分保护行人,小区内有2个公立幼儿园、海丽达等，商场类有华润万家，海达和成购物广场、伍和五广场，8号仓奥特莱斯等。深圳坂田医院、第二儿童医院，花城社康医院（小区内）；网球场，篮球场，健身会所等！,地铁5号线和10号线五和站A口，交通发达，小区旁边有布龙路、梅观高速、机荷高速、南坪快速等，乘坐公交或驾车出行到福田、罗湖、南山等地较方便（距离信息来源于百度地图）还有在修的深大城际和深惠城际,,,暂无数据,2025-07-09,商品房,普通住宅,暂无数据,非共有,无抵押,挂牌时间:2025-07-09 | 交易权属:商品房 | 上次交易:暂无数据 | 房屋用途:普通住宅 | 房屋年限:暂无数据 | 产权所属:非共有 | 抵押信息:无抵押 | 房本备件:未上传房本照片,客厅 / 19.41平米 / 南 / 普通窗 ; 餐厅 / 13.41平米 / 北 / 普通窗 ; 卧室A / 15.8平米 / 南 / 落地飘窗 ; 卧室B / 9.53平米 / 北 / 落地飘窗 ; 卧室C / 8.09平米 / 北 / 普通窗 ; 厨房 / 4.85平米 / 北 / 普通窗 ; 卫A / 4.24平米 / 西 / 普通窗 ; 卫B / 3.04平米 / 南 / 普通窗 ; 阳台A / 4.79平米 / 西 西南 东 南 东南 / 普通窗 ; 阳台B / 2.95平米 / 西 北 东 / 普通窗 ; 过道 / 2.51平米 / 无 / 无窗,
正南朝向 三房两卫 中高楼层 视野开阔,"嘉霖华禧 , 坂田",3室2厅,87.13平米,南,,中楼层(共33层),2017年,塔楼,400 万,45909 元,1,,,近地铁 | VR看装修 | 随时看房,https://sz.lianjia.com/ershoufang/105104060904.html,地铁 | VR看装修 | 随时看房,房子视野开阔，无遮挡；采光好，业主诚心出售,,新社区，人车分流，24小时保安轮流值班，社区有自己的健身广场和花园，园林式社区。依托高新技术产业园，物业形态丰富，集商业和住宅于一体大型综合社区。小区左边是天安云谷、华为总部基地，配套齐全,项目是靠着坂雪岗大道和坂澜大道，沿着坂雪岗大道可以去梅林关（去关内方向）、也可以转布龙路转南坪快速和水官高速，也可以从转贝尔路再转梅关高速，上坂澜大道可以去观澜也可以去平湖。地铁10号,,,暂无数据,2020-04-10,商品房,普通住宅,暂无数据,非共有,有抵押 250万元 客户偿还,挂牌时间:2020-04-10 | 交易权属:商品房 | 上次交易:暂无数据 | 房屋用途:普通住宅 | 房屋年限:暂无数据 | 产权所属:非共有 | 抵押信息:有抵押 250万元 客户偿还 | 房本备件:未上传房本照片,客厅 / 23.74平米 / 南 / 普通窗 ; 卧室A / 8.46平米 / 无 / 未知窗户类型 ; 卧室B / 12.32平米 / 无 / 未知窗户类型 ; 卧室C / 5.86平米 / 无 / 未知窗户类型 ; 厨房 / 5.51平米 / 西 / 普通窗 ; 卫生间A / 4.24平米 / 无 / 未知窗户类型 ; 卫生间B / 3.59平米 / 无 / 普通窗 ; 阳台A / 4.79平米 / 南 / 普通窗 ; 阳台B / 2.15平米 / 西 / 普通窗 ; 过道 / 2.83平米 / 无 / 无窗,
诚心出售，看房方便，朝南看银湖山。,"诺德中央道 , 坂田",3室2厅,86.92平米,南,,高楼层(共33层),2014年,塔楼,440 万,50622 元,0,,,近地铁 | VR看装修,https://sz.lianjia.com/ershoufang/105119977779.html,地铁 | VR看装修,坂田位于深圳中轴，一个红绿灯上坂银和南坪到南山罗湖福田,中铁诺德秉承中铁诺德系一贯精工品质，为城市打造精品住宅。，规划住宅2000余套，共分4期开发，其中一期住宅600余套，户型为66-120平米2-4房。,楼下自带餐厅和便利店，能满足日常生活需求。坂田街道办200米，400米大族云峰商场，万科里购物广场680米，华润万家旭景佳园分店760米，坂田手造文化街1000米，650米处有银湖山郊野公园，还有钓鱼场，配套比较齐全。,"四通八达,小区邻布龙路坂雪岗大道两大动脉,南面1km上坂银南坪,通达福田南山方便；东面两个灯位上清平水官,通达罗湖盐田惠州；西北侧2km上G94,1h到宝安东莞广州；北达天安和华为。900米到5号线坂田地铁口,1站换10号线到福田口岸。小区南门就是坂银隧道。",,,暂无数据,2025-03-09,商品房,普通住宅,暂无数据,共有,有抵押 客户偿还,挂牌时间:2025-03-09 | 交易权属:商品房 | 上次交易:暂无数据 | 房屋用途:普通住宅 | 房屋年限:暂无数据 | 产权所属:共有 | 抵押信息:有抵押 客户偿还 | 房本备件:未上传房本照片,客厅 / 23.29平米 / 北 / 普通窗 ; 卧室A / 6.97平米 / 北 / 落地窗 ; 卧室B / 12.71平米 / 北 / 落地窗 ; 卧室C / 5.2平米 / 北 / 普通窗 ; 厨房 / 4.43平米 / 北 / 落地窗 ; 卫A / 4.02平米 / 无 / 未知窗户类型 ; 卫B / 3.74平米 / 北 / 落地窗 ; 阳台A / 4.21平米 / 北 / 普通窗 ; 阳台B / 6.68平米 / 北 / 落地窗 ; 过道 / 2.64平米 / 无 / 无窗,
装修保养好，看房有钥匙，采光好,"诺德中央道 , 坂田",3室2厅,89.23平米,南,,中楼层(共33层),2014年,板楼,440 万,49311 元,1,,,VR房源,https://sz.lianjia.com/ershoufang/105118451315.html,VR房源,业主诚心卖，看房有钥匙，满五唯一红本，诚意出售看房方便,,楼下自带餐厅和便利店，能满足日常生活需求。坂田街道办200米，万科里购物广场680米，华润万家旭景佳园分店760米，坂田手造文化街1000米，650米处有银湖山郊野公园，还有钓鱼场，配套比较齐全。,距5号线地铁站约900米，自驾上南坪快速1000米，到坂雪岗大道100米，方便通过鸡公山隧道，很快到达罗湖，福田，龙华，龙岗,,,暂无数据,2024-09-30,商品房,普通住宅,暂无数据,非共有,有抵押,挂牌时间:2024-09-30 | 交易权属:商品房 | 上次交易:暂无数据 | 房屋用途:普通住宅 | 房屋年限:暂无数据 | 产权所属:非共有 | 抵押信息:有抵押 | 房本备件:未上传房本照片,,
四季花城顶楼复式 实用面积140平 满五年 税少,"万科四季花城七期 , 坂田",5室2厅,85.28平米,东南,,高楼层(共6层),2003年,板楼,515 万,60390 元,2,,,近地铁 | VR房源,https://sz.lianjia.com/ershoufang/105121213710.html,地铁 | VR房源,此房满五年，精装修顶楼复式！高实用,小区由万科地产集团开发，一共有36个独立苑，共分七期开发，花园式小区，绿化植被很多，带露天游泳池和健身会所及相应运动器械供住户健身，社区运动氛围棒；万科物业24小时严格管控，夜间有保安巡逻，外人基本无法随意出入，人车分流，充分保护行人!,小区内有2个公立幼儿园、海丽达幼儿园，华润万家，五和购物广场、海达和成购物广场、坂田民营市场等。医疗类有深圳坂田医院、龙华人民医院、布吉医院花城社康医院（小区内）；银行为招商银行、中国银行、民生银行自助机及平安银行等，各式卖菜.,地铁5号线和10号线五和站A口350米，交通发达，小区旁边有布龙路、梅观高速、机荷高速、南坪快速等，乘坐公交或驾车出行到福田、罗湖、南山等地较方便（距离信息来源于百度地图）还有在修的深大城际和深惠城际,,,暂无数据,2025-06-25,商品房,普通住宅,暂无数据,非共有,无抵押,挂牌时间:2025-06-25 | 交易权属:商品房 | 上次交易:暂无数据 | 房屋用途:普通住宅 | 房屋年限:暂无数据 | 产权所属:非共有 | 抵押信息:无抵押 | 房本备件:未上传房本照片,客厅 / 36.61平米 / 西 西南 西北 东 / 落地窗 ; 卧室A / 12.53平米 / 西 / 落地飘窗 ; 卧室B / 9.22平米 / 东 / 普通窗 ; 卧室C / 13.15平米 / 西 / 普通窗 ; 卧室D / 8.14平米 / 东 / 普通窗 ; 厨房 / 4.53平米 / 东 / 普通窗 ; 卫A / 4.59平米 / 东 / 普通窗 ; 卫B / 3.25平米 / 西 / 普通窗 ; 阳台 / 5.42平米 / 北 东 南 / 普通窗 ; 露台（按现状绘制，如有偏差，以产权证明为准） / 13.65平米 / 西 北 东 / 普通窗 ; 储物间 / 7.19平米 / 无 / 无窗 ; 过道 / 15.36平米 / 东 / 普通窗,
地铁口 朝南大三房双阳台设计 通风采光好 业主诚售,"德润荣君府 , 坂田",3室2厅,88.9平米,南 北,精装,中楼层(共41层),2017年,板楼,580 万,65242 元,0,,,近地铁 | VR看装修,https://sz.lianjia.com/ershoufang/105121812059.html,地铁 | VR看装修,业主产权清晰税费少 朝南位置安静看花园,,楼下自带幼稚园、5千㎡底商。布龙路以北万科十万㎡商写综合体建设中，西侧在建华侨城住宅、幼儿园及和美外国语项目（30班1500位置）。距小区1km有两万㎡万科里。2km内有阳光湾畔、8号仓、坂田天虹等商场。北为坂田医院,5号线坂田地铁口大约700米，去宝安或者罗湖都很方便。 小区门口就是公交站； 小区前面是坂雪岗大道和布龙路，自驾的话，1千米内可以上南坪快速，再走水官高速到龙岗，梅观高速到观澜和东莞，或者经梅林关，新彩隧道进福田，罗湖和南山都很方便。,,,暂无数据,2025-08-16,商品房,普通住宅,暂无数据,非共有,有抵押 210万元 中国农业银行股份有限公司深圳中心区支行 业主自还,挂牌时间:2025-08-16 | 交易权属:商品房 | 上次交易:暂无数据 | 房屋用途:普通住宅 | 房屋年限:暂无数据 | 产权所属:非共有 | 抵押信息:有抵押 210万元 中国农业银行股份有限公司深圳中心区支行 业主自还 | 房本备件:未上传房本照片,客厅 / 25.77平米 / 南 / 普通窗 ; 卧室A / 10.26平米 / 无 / 未知窗户类型 ; 卧室B / 12.24平米 / 无 / 未知窗户类型 ; 卧室C / 8.21平米 / 无 / 未知窗户类型 ; 厨房 / 5.4平米 / 东 / 普通窗 ; 卫A / 3.86平米 / 无 / 未知窗户类型 ; 卫B / 4.04平米 / 无 / 普通窗 ; 阳台A / 4.83平米 / 南 / 普通窗 ; 阳台B / 2.73平米 / 东 / 普通窗 ; 过道 / 3.02平米 / 无 / 无窗,
佳兆业一期   高楼层三房   看水库景观好,"佳兆业中央广场一期 , 坂田",3室1厅,89平米,东北,精装,高楼层(共49层),2013年,塔楼,448 万,50338 元,1,,,近地铁 | VR看装修,https://sz.lianjia.com/ershoufang/105119083899.html,地铁 | VR看装修,满五年 格局方正实用 通风采光视野好 自住精装,佳兆业城市广场是华为天安云谷一公里范围内的唯一的次新盘，一共有六期开发，六期在建中。一到五期全部交房。 物业是佳兆业物业，每个小区都带有儿童游乐场。小区自带3000平健身会所和恒温游泳池。,新社区，人车分流，24小时保安轮流值班，社区有自己的健身广场和花园，园林式社区。依托高新技术产业园，佳兆业城市广场物业形态丰富，集住宅、酒店于一体。小区左边是天安云谷、华为总部基地，配套齐全,项目是靠着坂雪岗大道和坂澜大道，沿着坂雪岗大道可以去梅林关（去关内方向）、也可以转布龙路转南坪快速和水官高速，也可以从转贝尔路再转梅关高速，上坂澜大道可以去观澜也可以去平湖。地铁10号线两个地铁口，岗头站和雪象站,,,暂无数据,2024-12-02,商品房,普通住宅,暂无数据,非共有,有抵押,挂牌时间:2024-12-02 | 交易权属:商品房 | 上次交易:暂无数据 | 房屋用途:普通住宅 | 房屋年限:暂无数据 | 产权所属:非共有 | 抵押信息:有抵押 | 房本备件:未上传房本照片,客厅 / 23.89平米 / 西北 / 落地窗 ; 卧室A / 9.56平米 / 无 / 未知窗户类型 ; 卧室B / 12.74平米 / 无 / 未知窗户类型 ; 卧室C / 8.79平米 / 西北 / 普通窗 ; 厨房 / 4.97平米 / 西南 / 普通窗 ; 卫A / 3.96平米 / 无 / 普通窗 ; 卫B / 3.02平米 / 西南 / 普通窗 ; 阳台A / 2.68平米 / 西南 / 普通窗 ; 阳台B / 6.68平米 / 西南 西北 东北 / 普通窗 ; 过道 / 2.91平米 / 无 / 无窗,
复式两房诚心出售  楼下就有地铁,"华创云轩 , 坂田",2室1厅,32.62平米,南,精装,20层,2018年,塔楼,155 万,47517 元,0,,,近地铁,https://sz.lianjia.com/ershoufang/105121526494.html,地铁,"复式使用率高,地铁口华为旁,易出租,通燃气",华创云轩占地面积：12553平方米 共2栋，其中A栋20层，B栋21层 小区有地下停车场车位充足，有四层商场，4楼为空中花园,,近华为基地，区域交通纵横交错十分便利，纵向有：梅观高速、清坪高速，坂雪岗大道，五和大道，横向布龙路，有南坪快速、等陆路交通通达全城。地铁有：5号线和10号线，其中华为站距离小区约20m（数据来自百度地图）,房子属于商办公性质业主割爱因为低于原购买价出售只有3个点契税和卖新房一样税费成本值得入手,,暂无数据,2025-07-22,商品房,商业办公类,暂无数据,非共有,有抵押,挂牌时间:2025-07-22 | 交易权属:商品房 | 上次交易:暂无数据 | 房屋用途:商业办公类 | 房屋年限:暂无数据 | 产权所属:非共有 | 抵押信息:有抵押 | 房本备件:未上传房本照片,客厅 / 14.74平米 / 南 / 落地窗 ; 卧室A / 6.55平米 / 北 / 普通窗 ; 卧室B / 7.23平米 / 南 / 落地窗 ; 厨房 / 3.19平米 / 北 / 普通窗 ; 卫 / 2.63平米 / 北 / 普通窗 ; 过道 / 3.97平米 / 无 / 无窗,
少有户型，一楼带28.5平露台，有加空，端户，满五唯一,"万科四季花城四期 , 坂田",4室2厅,111.77平米,东 西,简装,低楼层(共6层),2002年,板塔结合,485 万,43393 元,22,,,VR看装修,https://sz.lianjia.com/ershoufang/105119707474.html,VR看装修,此房满五唯一，少有户型，带大露台，有加快，等于二楼，不潮湿,小区由万科地产集团开发，一共有36个独立苑，共分七期开发，花园式小区，绿化植被很多，带露天游泳池和健身会所及相应运动器械供住户健身，社区运动氛围棒；万科物业24小时严格管控，夜间有保安巡逻，外人基本无法随意出入，人车分流，充分保护行人!,小区内有2个公立幼儿园、海丽达幼儿园，华润万家，五和购物广场、海达和成购物广场、坂田民营市场等。医疗类有深圳坂田医院、龙华人民医院、布吉医院花城社康医院（小区内）；银行为招商银行、中国银行、民生银行自助机及平安银行等，各式卖菜.,地铁5号线和10号线五和站A口300米，交通发达，小区旁边有布龙路、梅观高速、机荷高速、南坪快速等，乘坐公交或驾车出行到福田、罗湖、南山等地较方便（距离信息来源于百度地图）还有在修的深大城际和深惠城际,,,暂无数据,2025-02-16,商品房,普通住宅,暂无数据,非共有,有抵押,挂牌时间:2025-02-16 | 交易权属:商品房 | 上次交易:暂无数据 | 房屋用途:普通住宅 | 房屋年限:暂无数据 | 产权所属:非共有 | 抵押信息:有抵押 | 房本备件:未上传房本照片,客厅 / 14.18平米 / 西 / 落地窗 ; 卧室A / 12.95平米 / 北 / 普通窗 ; 卧室B / 12.58平米 / 西北 东北 东南 / 落地窗 ; 卧室C / 8.53平米 / 东 / 落地窗 ; 卧室D / 15.01平米 / 东 / 落地窗 ; 厨房 / 6.41平米 / 西 / 普通窗 ; 卫A / 4.27平米 / 北 / 普通窗 ; 卫B / 3.48平米 / 东 / 普通窗 ; 阳台A / 3.38平米 / 西 北 东 / 普通窗 ; 阳台B / 28.45平米 / 北 东 南 / 落地窗 ; 过道 / 5.37平米 / 无 / 无窗 ; 衣帽间 / 2.62平米 / 无 / 无窗,
万科四季花城大3房，业主自住，新装修,"万科四季花城三期 , 坂田",3室2厅,106.66平米,南 北,,中楼层(共7层),2001年,板楼,440 万,41253 元,10,,,近地铁 | VR看装修,https://sz.lianjia.com/ershoufang/105117670480.html,地铁 | VR看装修,此房是三期大3房，南北向，双阳台，自住精装修，保养好！,小区由万科地产集团开发，一共有36个独立苑，共分七期开发，花园式小区，绿化植被很多，带露天游泳池和健身会所及相应运动器械供住户健身，社区运动氛围棒；万科物业24小时严格管控，夜间有保安巡逻，外人基本无法随意出入，人车分流，充分保护行人安全。,小区内有2个公立幼儿园、海丽达等，商场类有华润万家，海达和成购物广场、伍和五广场，8号仓奥特莱斯等。深圳坂田医院、第二儿童医院，花城社康医院（小区内）；网球场，篮球场，健身会所等！,此房距离地铁5号线和10号线A口和200米，交通发达，小区旁边有布龙路、梅观高速、机荷高速、南坪快速等，乘坐公交或驾车出行到福田、罗湖、南山等地较方便（距离信息来源于百度地图）,,,暂无数据,2024-07-20,商品房,普通住宅,暂无数据,非共有,有抵押,挂牌时间:2024-07-20 | 交易权属:商品房 | 上次交易:暂无数据 | 房屋用途:普通住宅 | 房屋年限:暂无数据 | 产权所属:非共有 | 抵押信息:有抵押 | 房本备件:未上传房本照片,客厅 / 31.09平米 / 南 / 普通窗 ; 卧室A / 17.68平米 / 无 / 未知窗户类型 ; 卧室B / 10.44平米 / 无 / 未知窗户类型 ; 卧室C / 8.27平米 / 北 / 普通窗 ; 厨房 / 6.46平米 / 北 / 普通窗 ; 卫A / 4.28平米 / 西 / 普通窗 ; 卫B / 2.83平米 / 南 / 普通窗 ; 阳台A / 5.44平米 / 西 南 / 普通窗 ; 阳台B / 3.33平米 / 西 北 / 普通窗 ; 过道 / 3.18平米 / 无 / 无窗,
家门口10号线地铁人流旺租金收益高,"华创云轩 , 坂田",2室1厅,38.68平米,北,,21层,2018年,板楼,148 万,38263 元,1,,,近地铁,https://sz.lianjia.com/ershoufang/105120720968.html,地铁,业主诚心出售 四米五层高精装复式，楼下10号线地铁D出口，,华创云轩占地面积：12553平方米 共2栋，其中A栋20层，B栋21层 小区有地下停车场车位充足，有四层商场，4楼为空中花园。,配套有楼下四层的商场，有万科城风情购物街、天虹商场、坂田购物广场，天安云谷大型商场，百佳华商场，小区自带上下四层的商场。,华创云轩位于深圳市龙岗区坂雪岗科技城， 华为总部基地，交通便利，梅观高速、南坪快速、坂雪岗大道等交通，坂银隧道也通车了，去往罗湖福田很便利，10号线的华为站就在楼下20米处,,,暂无数据,2025-05-14,商品房,商业办公类,暂无数据,非共有,无抵押,挂牌时间:2025-05-14 | 交易权属:商品房 | 上次交易:暂无数据 | 房屋用途:商业办公类 | 房屋年限:暂无数据 | 产权所属:非共有 | 抵押信息:无抵押 | 房本备件:未上传房本照片,客厅 / 19.82平米 / 北 / 落地窗 ; 卧室A / 5.14平米 / 南 / 普通窗 ; 卧室B / 9.06平米 / 北 / 落地窗 ; 厨房 / 3.01平米 / 南 / 普通窗 ; 卫A / 2.67平米 / 南 / 普通窗 ; 卫B / 1.67平米 / 南 / 普通窗 ; 过道 / 5.2平米 / 无 / 无窗,
东南4房，业主诚心卖，价格实惠,"佳华领汇广场 , 坂田",4室2厅,89.89平米,东南,,中楼层(共32层),2016年,塔楼,550 万,61186 元,0,,,近地铁 | VR看装修,https://sz.lianjia.com/ershoufang/105121977587.html,地铁 | VR看装修,满五，诚心卖，安静，东南看公园，价格实惠,佳华领汇一期是住宅，二期是6层的商场综合体，隔路相望是天虹商场坂田店，吃喝玩乐一应俱全,,地铁现有10号线和5号线已开通，10号线坂田北站A 出口320米，10+5交汇的五和D出口860米，走路都可以到达。 开车到G94很方便，可转南坪快速往宝安CBD和南山,,,暂无数据,2025-08-31,商品房,普通住宅,暂无数据,非共有,有抵押,挂牌时间:2025-08-31 | 交易权属:商品房 | 上次交易:暂无数据 | 房屋用途:普通住宅 | 房屋年限:暂无数据 | 产权所属:非共有 | 抵押信息:有抵押 | 房本备件:未上传房本照片,客厅 / 28.6平米 / 东南 / 普通窗 ; 书房 / 4.36平米 / 西南 / 落地窗 ; 卧室A / 7.34平米 / 无 / 未知窗户类型 ; 卧室B / 12.88平米 / 无 / 未知窗户类型 ; 卧室C / 7.8平米 / 无 / 未知窗户类型 ; 厨房 / 7.52平米 / 东南 / 落地窗 ; 卫A / 3.8平米 / 西南 / 落地窗 ; 卫B / 2.46平米 / 东北 / 普通窗 ; 阳台 / 5.44平米 / 东北 东南 / 普通窗,
地铁口 电梯复式 少有户型 带天台花园 高实用,"中海日辉台 , 坂田",4室2厅,141.79平米,南,,高楼层(共11层),2005年,塔楼,848 万,59807 元,4,,,近地铁 | VR房源,https://sz.lianjia.com/ershoufang/105116436577.html,地铁 | VR房源,此房花园中间位置此户型使用面积大三层复式,小区为夏威夷风情园林，环境优美，配套完善，设施齐全，游泳池、假山、湖景、儿童 娱乐设施等等齐全，人车分流，居家安全，中海物业，管理完善；,小区东侧是贝尔公园，西侧是金山公园和正在建设的深圳国际艺术馆，东北侧是雪竹径公园；三大商场：天虹、佳华、世纪华贸,小区楼下就是地铁十号线贝尔路站，3个站可到五和地铁口转5号线，2个站可到深圳北，如果自驾，2个红绿灯可到梅观快速；,,,暂无数据,2024-03-21,商品房,普通住宅,暂无数据,非共有,无抵押,挂牌时间:2024-03-21 | 交易权属:商品房 | 上次交易:暂无数据 | 房屋用途:普通住宅 | 房屋年限:暂无数据 | 产权所属:非共有 | 抵押信息:无抵押 | 房本备件:未上传房本照片,客厅 / 28.71平米 / 无 / 落地窗 ; 餐厅 / 8.88平米 / 无 / 未知窗户类型 ; 卧室A / 13.98平米 / 无 / 落地窗 ; 卧室B / 13.87平米 / 无 / 落地窗 ; 卧室C / 15.78平米 / 无 / 普通窗 ; 卧室D / 9.56平米 / 无 / 普通窗 ; 厨房 / 6.29平米 / 无 / 普通窗 ; 卫A / 5.69平米 / 无 / 未知窗户类型 ; 卫B / 7.81平米 / 无 / 普通窗 ; 阳台A / 4.3平米 / 无 / 普通窗 ; 阳台B / 3.81平米 / 无 / 普通窗 ; 阳台C / 4.72平米 / 无 / 普通窗 ; 阳台D / 4.65平米 / 无 / 普通窗 ; 阳台E / 14.51平米 / 无 / 普通窗 ; 过道A / 4.26平米 / 无 / 无窗 ; 过道B / 11.28平米 / 无 / 无窗 ; 过道C / 6.88平米 / 无 / 无窗,
中海朝南两房，满五唯一，近地铁安静居，急售,"中海日辉台 , 坂田",2室2厅,62.99平米,南,精装,中楼层(共6层),2005年,塔楼,290 万,46040 元,6,,,近地铁 | VR看装修 | 房本满五年,https://sz.lianjia.com/ershoufang/105115516689.html,地铁 | VR看装修 | 房本满五年,中海朝南两房 满五唯一 中间楼层 位置安静,整体采用夏威夷情态建筑群落风格，住宅楼型为多层与小高层相结合，户型主要以小三房为主。备案名称日辉台花园，是坂田容ji率**的小区，才1.7，达到别墅的容ji率，绿hua率65%，最早一栋拿预售的时间是2004年9月22日。,2公里处有坂田天虹、佳华大型商场，小区北面有万科城饮食街，西门100米就是公园,1.地铁，十号线贝尔站就在楼下，连接华南城，华为，莲花山，会展zhong心，福田口岸 2.高速，2公里到G94珠三角，2.5公里上清平高速，3.5公里上南坪快速 3.公交，有34条公交线路，快速直达深圳各个板块,,,2017-03-15,2023-12-04,商品房,普通住宅,满五年,非共有,无抵押,挂牌时间:2023-12-04 | 交易权属:商品房 | 上次交易:2017-03-15 | 房屋用途:普通住宅 | 房屋年限:满五年 | 产权所属:非共有 | 抵押信息:无抵押 | 房本备件:已上传房本照片,客厅 / 20.95平米 / 南 / 落地窗 ; 卧室A / 12.11平米 / 无 / 未知窗户类型 ; 卧室B / 7.88平米 / 无 / 未知窗户类型 ; 厨房 / 4.52平米 / 无 / 普通窗 ; 卫 / 3.3平米 / 东 / 落地窗 ; 阳台A / 3.1平米 / 南 / 普通窗 ; 阳台B / 3.59平米 / 西 东 南 / 普通窗,
一楼带花园，有车位，中间位置的小洋房,"万科四季花城七期 , 坂田",6室2厅,187平米,南,,低楼层(共4层),2003年,板楼,1056 万,56471 元,4,,,近地铁 | VR房源 | 房本满五年,https://sz.lianjia.com/ershoufang/105112075863.html,地铁 | VR房源 | 房本满五年,一楼带花园，有车位，中间位置的小洋房,小区由万科地产集团开发，一共有36个独立苑，共分七期开发，花园式小区，绿化植被很多，带露天游泳池和健身会所及相应运动器械供住户健身，社区运动氛围棒；万科物业24小时严格管控，夜间有保安巡逻，外人基本无法随意出入，人车分流，充分保护行人安全。,小区内有博雅、曼京、海丽达幼儿园等，商场类有华润万家，海达和成购物广场、阳光湾畔，8号仓奥特莱斯等。医疗类有深圳坂田医院、布吉医院花城社康医院（小区内）；网球场，篮球场，健身会所等！,此房距离地铁5号线和10号线A口和200米，交通发达，小区旁边有布龙路、梅观高速、机荷高速、南坪快速等，乘坐公交或驾车出行到福田、罗湖、南山等地较方便（距离信息来源于百度地图）,,,2009-03-16,2022-11-19,商品房,普通住宅,满五年,非共有,无抵押,挂牌时间:2022-11-19 | 交易权属:商品房 | 上次交易:2009-03-16 | 房屋用途:普通住宅 | 房屋年限:满五年 | 产权所属:非共有 | 抵押信息:无抵押 | 房本备件:已上传房本照片,客厅 / 28.47平米 / 北 / 落地窗 ; 餐厅 / 22.73平米 / 北 东 / 落地窗 ; 卧室A / 36.05平米 / 无 / 落地窗 ; 卧室B / 11.8平米 / 无 / 未知窗户类型 ; 卧室C / 8.72平米 / 南 / 落地窗 ; 卧室D / 16.7平米 / 无 / 无窗 ; 厨房 / 6.57平米 / 无 / 无窗 ; 卫A / 2.37平米 / 无 / 无窗 ; 卫B / 3.06平米 / 无 / 无窗 ; 卫C / 4.54平米 / 无 / 无窗 ; 储物间 / 10.25平米 / 无 / 落地窗 ; 过道 / 3.68平米 / 无 / 无窗 ; 门厅 / 2.12平米 / 无 / 无窗 ; 楼梯间A / 10.67平米 / 无 / 无窗 ; 楼梯间B / 10.84平米 / 西 南 / 落地窗,
嘉御山复式4房 高楼层 视野开阔 装修好,"信义嘉御山 , 坂田",4室2厅,85.36平米,西南,精装,中楼层(共29层),2013年,板塔结合,618 万,72400 元,0,,23天以前发布,近地铁 | VR房源,https://sz.lianjia.com/ershoufang/105122134714.html,地铁 | VR房源,价格实惠 ，看房方便，急售，寻找有缘人,信义嘉御豪园分三期开发，共3008户。2013-2015年底交房，小区内有泳池，配套有公里龙岗机关幼儿园，户型多样，66平-77平，方正通透的两房；83-88平，朝南或南北的三房户型；85平 复式 四房三卫；117-217平 改善大户型。,,双地铁物业（5&10号线），到深圳北站2个地铁站。 公交：楼下就有坂田路口北、坂田天虹公交站，有十几路公交经过，通达深圳市各个区域。 自驾出行也只很翻方便，小区出来快速上珠三角环线，五和大道主干道链接多条快速路。,,,暂无数据,2025-09-15,商品房,普通住宅,暂无数据,非共有,有抵押 450万元 客户偿还,挂牌时间:2025-09-15 | 交易权属:商品房 | 上次交易:暂无数据 | 房屋用途:普通住宅 | 房屋年限:暂无数据 | 产权所属:非共有 | 抵押信息:有抵押 450万元 客户偿还 | 房本备件:未上传房本照片,客厅 / 23.83平米 / 西南 / 普通窗 ; 书房 / 5.6平米 / 东南 / 落地窗 ; 卧室A / 8.95平米 / 无 / 未知窗户类型 ; 卧室B / 18平米 / 西南 / 落地窗 ; 卧室C / 9.72平米 / 无 / 未知窗户类型 ; 厨房 / 6平米 / 东南 / 普通窗 ; 卫A / 2.94平米 / 东南 / 落地窗 ; 卫B / 4.23平米 / 东南 / 普通窗 ; 卫C / 2.65平米 / 东南 / 落地窗 ; 阳台A / 5.89平米 / 西南 东南 / 普通窗 ; 阳台B / 1.72平米 / 西南 东北 东南 / 落地窗 ; 过道 / 4.65平米 / 无 / 无窗 ; 门厅 / 4.33平米 / 东南 / 普通窗,
嘉霖华禧，诚心出售，采光好，复式1房1厅，税少。,"嘉霖华禧 , 坂田",1室1厅,41平米,南,,中楼层(共7层),2017年,塔楼,130 万,31708 元,3,,,近地铁 | VR房源,https://sz.lianjia.com/ershoufang/105119024019.html,地铁 | VR房源,复式1房1厅，视野好，采光好，税费少，诚心出售。,嘉霖华禧小区楼龄比较新，17年交房的小区，项目是嘉霖集团继大鹏PURE33璞岸、龙岗珑禧、坪山大万文化广场后推出的又一城市标杆力作。小区总共6栋项目产品包含37-65平米1-3房70年产权平层、复式产品及74-119㎡ 品质3-5房品质住,新社区，人车分流，24小时保安轮流值班，社区有自己的健身广场和花园，园林式社区。依托高新技术产业园，佳兆业城市广场物业形态丰富，集、酒店于一体。小区左边是天安云谷、华为总部基地，配套齐全,项目是靠着坂雪岗大道和坂澜大道，沿着坂雪岗大道可以去梅林关（去关内方向）、也可以转布龙路转南坪快速和水官高速，也可以从转贝尔路再转梅关高速，上坂澜大道可以去观澜也可以去平湖。地铁10号,,,暂无数据,2024-11-26,商品房,商务公寓,暂无数据,非共有,有抵押,挂牌时间:2024-11-26 | 交易权属:商品房 | 上次交易:暂无数据 | 房屋用途:商务公寓 | 房屋年限:暂无数据 | 产权所属:非共有 | 抵押信息:有抵押 | 房本备件:未上传房本照片,客厅 / 24.11平米 / 北 / 落地窗 ; 卧室 / 17.42平米 / 无 / 无窗 ; 卫 / 4.29平米 / 无 / 无窗,
万科单证复式，精装修，安静，带地下室，上下三层,"万科第五园六期 , 坂田",5室3厅,159.7平米,南,,低楼层(共13层),2011年,板楼,1100 万,68880 元,12,,,VR房源 | 房本满五年 | 随时看房,https://sz.lianjia.com/ershoufang/105108293931.html,VR房源 | 房本满五年 | 随时看房,万科单证复式，精装修，安静，带地下室，上下三层，诚意出售。,万科第五园六期2010年开发建筑，人车分流，车位充足，配套共享的五期带有游泳池、网球场、儿童娱乐场、老人休闲室，华润万家，同花顺餐厅，钱大妈，水果先生，百果园，早餐店等。,300米有万科第五园九期万科里购物广场，800米坂田手造文化街，1.5公里有8号仓、阳光湾畔、海达和城等大型商场，购物休闲一条龙服务。600米有银湖山公园，有登山跑道，钓鱼场。,坂银通道首站，已开通，去福田很便捷，小区出门200米有公交站台，去华为和民治方向的车都有，还有一个去会展市内的车，里城公交总站有去科技园的车，自驾车出门右转就直通南坪快速。,,,2010-09-11,2021-08-07,商品房,普通住宅,满五年,非共有,有抵押,挂牌时间:2021-08-07 | 交易权属:商品房 | 上次交易:2010-09-11 | 房屋用途:普通住宅 | 房屋年限:满五年 | 产权所属:非共有 | 抵押信息:有抵押 | 房本备件:已上传房本照片,客厅A / 45.82平米 / 北 / 普通窗 ; 客厅B / 35.86平米 / 北 / 普通窗 ; 卧室A / 13.59平米 / 无 / 无窗 ; 卧室B / 18.13平米 / 无 / 无窗 ; 卧室C / 6.49平米 / 北 / 普通窗 ; 卧室D / 16.94平米 / 北 / 普通窗 ; 卧室E / 15.1平米 / 北 / 普通窗 ; 卫A / 4.59平米 / 北 / 普通窗 ; 卫B / 4.55平米 / 北 / 普通窗 ; 卫C / 5.8平米 / 北 / 普通窗 ; 卫D / 5.86平米 / 北 / 普通窗 ; 卫E / 2.69平米 / 北 / 普通窗 ; 阳台A / 11.01平米 / 无 / 无窗 ; 阳台B / 8.67平米 / 北 / 普通窗 ; 花园A（按现状绘制，如有偏差，以产权证明为准） / 32.92平米 / 北 / 普通窗 ; 花园B（按现状绘制，如有偏差，以产权证明为准） / 38.33平米 / 北 / 普通窗 ; 过道 / 18.87平米 / 无 / 无窗 ; 衣帽间A / 4.72平米 / 无 / 无窗 ; 衣帽间B / 4.66平米 / 无 / 无窗 ; 衣帽间C / 4.55平米 / 无 / 无窗,
坂田次新3+1 安静看花园满五唯一看房方便,"佳兆业中央广场一期 , 坂田",4室2厅,89.57平米,南,精装,高楼层(共47层),2013年,板楼,570 万,63638 元,0,,,近地铁 | VR看装修 | 房本满五年,https://sz.lianjia.com/ershoufang/105115410208.html,地铁 | VR看装修 | 房本满五年,满五唯一看花园，高楼层通风采光好。,总共分为6期，大型社区，3个幼儿园：大型综合MALL，加270米酒店（六期项目），一期位置安静。离地铁商场最近，近天安云谷，步行即可，环境好，合适居家,新社区，人车分流，24小时保安轮流值班，社区有自己的健身广场和花园，园林式社区。依托高新技术产业园，佳兆业城市广场物业形态丰富，集住宅、酒店于一体。小区左边是天安云谷、华为总部基地，配套齐全,项目是靠着坂雪岗大道和坂澜大道，沿着坂雪岗大道可以去梅林关（去关内方向）、也可以转布龙路转南坪快速和水官高速，也可以从转贝尔路再转梅关高速，上坂澜大道可以去观澜也可以去平湖。地铁10号线两个地铁口，岗头站和雪象站,,,2016-04-06,2023-11-23,商品房,普通住宅,满五年,非共有,有抵押 100万元,挂牌时间:2023-11-23 | 交易权属:商品房 | 上次交易:2016-04-06 | 房屋用途:普通住宅 | 房屋年限:满五年 | 产权所属:非共有 | 抵押信息:有抵押 100万元 | 房本备件:已上传房本照片,客厅 / 26.73平米 / 北 南 / 落地窗 ; 卧室A / 8.52平米 / 无 / 未知窗户类型 ; 卧室B / 14.87平米 / 无 / 未知窗户类型 ; 卧室C / 7.76平米 / 无 / 未知窗户类型 ; 厨房 / 5.22平米 / 西 / 普通窗 ; 卫A / 4.74平米 / 无 / 未知窗户类型 ; 卫B / 3.74平米 / 无 / 未知窗户类型 ; 阳台A / 4.81平米 / 西 北 东 / 普通窗 ; 阳台B / 3.3平米 / 西 / 普通窗 ; 入户花园 / 8.69平米 / 北 / 落地窗 ; 过道 / 2.9平米 / 无 / 无窗,
日辉台满五唯一，业主诚心出售！,"中海日辉台 , 坂田",3室1厅,89.69平米,北,精装,中楼层(共6层),2005年,塔楼,450 万,50173 元,0,,,近地铁 | VR房源,https://sz.lianjia.com/ershoufang/105117810436.html,地铁 | VR房源,地铁口满五唯一南北精装3房位置安静,小区是05年中海开发建设的，物业也是中海公司负责管理。小区一共有七栋，每一栋分为几个单元，总户数是690户，多数以居家为主。小区有自己的幼儿园以及泳池，篮球场以及儿童游玩场地,,小区门口就是地铁10号线的贝尔路站 ，直达福田各处，与5号线在五和地铁站交汇 去宝安 南山也很方便；离华为坂田基地也近 可以走路上下班,,,暂无数据,2024-08-02,商品房,普通住宅,暂无数据,非共有,有抵押 200万元 建行,挂牌时间:2024-08-02 | 交易权属:商品房 | 上次交易:暂无数据 | 房屋用途:普通住宅 | 房屋年限:暂无数据 | 产权所属:非共有 | 抵押信息:有抵押 200万元 建行 | 房本备件:未上传房本照片,客厅 / 24.31平米 / 西北 / 落地窗 ; 卧室A / 13.88平米 / 无 / 未知窗户类型 ; 卧室B / 7.36平米 / 东南 / 落地窗 ; 卧室C / 9.85平米 / 无 / 未知窗户类型 ; 厨房 / 5.11平米 / 西北 / 普通窗 ; 卫生间A / 5.07平米 / 西北 / 落地窗 ; 卫生间B / 3.42平米 / 无 / 未知窗户类型 ; 阳台A / 2平米 / 西北 / 普通窗 ; 阳台B / 4.2平米 / 西南 西北 / 普通窗 ; 过道 / 4.69平米 / 无 / 无窗,
华为旁四米五层高精装复式，地铁口，朝南看花园通燃气,"华创云轩 , 坂田",2室1厅,29.08平米,南,精装,20层,2018年,塔楼,119 万,40922 元,6,,,近地铁 | 随时看房,https://sz.lianjia.com/ershoufang/105114805045.html,地铁 | 随时看房,华为旁四米五层高精装复式，门口地铁口，朝南看花园通燃气高..,华创云轩占地面积：12553平方米 共2栋，其中A栋20层，B栋21层 小区有地下停车场车位充足，有四层商场，4楼为空中花园,地铁十号线华为站，旁边是华为总部，2公里范围内佳华领汇mall和天虹mall等多个大型购物商场，三甲综合医院吉华医院正在建设，9月份深圳人民医院坂田院区投入使用,,,,暂无数据,2023-09-14,商品房,商业办公类,暂无数据,非共有,有抵押 65万元 中行 客户偿还,挂牌时间:2023-09-14 | 交易权属:商品房 | 上次交易:暂无数据 | 房屋用途:商业办公类 | 房屋年限:暂无数据 | 产权所属:非共有 | 抵押信息:有抵押 65万元 中行 客户偿还 | 房本备件:未上传房本照片,客厅 / 13.01平米 / 南 / 落地窗 ; 卧室A / 5.75平米 / 南 / 普通窗 ; 卧室B / 6.76平米 / 无 / 未知窗户类型 ; 厨房 / 3.22平米 / 北 / 普通窗 ; 卫生间 / 2.01平米 / 北 / 普通窗 ; 过道 / 3.79平米 / 无 / 无窗,
南北向高楼层客厅餐厅双阳台通透户型位置安静优选好房,"万科四季花城七期 , 坂田",3室2厅,105.44平米,南,简装,高楼层(共6层),2003年,板楼,436 万,41351 元,0,,24天以前发布,近地铁 | VR看装修 | 房本满五年 | 随时看房,https://sz.lianjia.com/ershoufang/105122121860.html,地铁 | VR看装修 | 房本满五年 | 随时看房,此房红本满五年唯一住宅有学中心位置南北向,小区由万科地产集团开发，一共有36个独立苑，共分七期开发，花园式小区，绿化植被很多，带露天游泳池和健身会所及相应运动器械供住户健身，社区运动氛围棒；万科物业24小时严格管控，夜间有保安巡逻，外人基本无法随意出入，人车分流，充分保护行人,小区内有2个公立幼儿园、海丽达等，商场类有华润万家，海达和成购物广场、伍和五广场，8号仓奥特莱斯等。深圳坂田医院、第二儿童医院，花城社康医院（小区内）；网球场，篮球场，健身会所等！,地铁5号线和10号线五和站A口，交通发达，小区旁边有布龙路、梅观高速、机荷高速、南坪快速等，乘坐公交或驾车出行到福田、罗湖、南山等地较方便（距离信息来源于百度地图）还有在修的深大城际和深惠城际,,,2013-04-23,2025-09-13,商品房,普通住宅,满五年,非共有,有抵押 40万元 中国工商银行 客户偿还,挂牌时间:2025-09-13 | 交易权属:商品房 | 上次交易:2013-04-23 | 房屋用途:普通住宅 | 房屋年限:满五年 | 产权所属:非共有 | 抵押信息:有抵押 40万元 中国工商银行 客户偿还 | 房本备件:已上传房本照片,客厅 / 34.85平米 / 北 南 / 普通窗 ; 卧室A / 15.44平米 / 北 / 落地飘窗 ; 卧室B / 10.62平米 / 无 / 未知窗户类型 ; 卧室C / 8.78平米 / 无 / 未知窗户类型 ; 厨房 / 5.17平米 / 南 / 普通窗 ; 卫A / 4.35平米 / 东 / 普通窗 ; 卫B / 3.12平米 / 北 / 普通窗 ; 阳台A / 4.7平米 / 西 北 西北 东 / 普通窗 ; 阳台B / 3.2平米 / 东 南 / 普通窗 ; 过道 / 2.46平米 / 无 / 无窗,
万科南向单间精装修 坂银通道首站，满五唯一，电梯房,"万科第五园五期 , 坂田",1室0厅,42.29平米,南,,中楼层(共12层),2009年,塔楼,280 万,66210 元,45,,,VR看装修 | 房本满五年,https://sz.lianjia.com/ershoufang/105106523260.html,VR看装修 | 房本满五年,第五园南向单间，坂银通道首站，满五唯一，电梯房，保养很好。,万科第五园五期2010年开发建筑，人车分流，车位充足，地下车库两层，自带游泳池、网球场、儿童娱乐场、老人休闲室。自带华润万家便利超市，同花顺餐厅，钱大妈，水果先生，百果园，早餐店等。,300米有万科第五园九期万科里购物广场，800米坂田手造文化街，1公里有8号仓、阳光湾畔、海达和城等大型商场，购物休闲一条龙服务。800米有银湖山公园，有登山跑道，钓鱼场。,坂银通道首站，通道已开通，去福田很便捷，小区出门200米有公交站台，去华为和民治方向的车都有，还有一个去会展市内的车，里城公交总站有去科技园的车，自驾车出门右转就直通南坪快速。,,,2015-06-25,2021-03-02,商品房,普通住宅,满五年,非共有,有抵押,挂牌时间:2021-03-02 | 交易权属:商品房 | 上次交易:2015-06-25 | 房屋用途:普通住宅 | 房屋年限:满五年 | 产权所属:非共有 | 抵押信息:有抵押 | 房本备件:已上传房本照片,卧室 / 18.46平米 / 无 / 未知窗户类型 ; 厨房 / 4.81平米 / 无 / 无窗 ; 卫生间 / 3.95平米 / 西北 / 普通窗,
低密度小区，房子满五唯一，高使用率,"龙岸花园一期 , 坂田",4室2厅,84.31平米,南,,低楼层(共32层),2010年,塔楼,620 万,73539 元,0,,,近地铁 | VR房源,https://sz.lianjia.com/ershoufang/105121179360.html,地铁 | VR房源,低密度小区，房子满五唯一，高使用率,龙岸占地约100000㎡，总建筑面积约270000㎡，约180㎡的半山叠墅，约220㎡的半山联排双拼；不仅可以观赏到内部园林景观，还可以远望民治水库和塘朗山、银湖山等外部自然景观；二期园林因地制宜，规划成退台式的布局,,龙岸花园位于雅园路和华南路交汇处，地铁10号线光雅园站200米，地理位置安静，小区被半山包围，两条高速，梅观高速和南平快速，民康路直达。小区门口是公交站台，多条公交线路去深圳北站。,,,暂无数据,2025-06-22,商品房,普通住宅,暂无数据,非共有,有抵押 50万元 农行,挂牌时间:2025-06-22 | 交易权属:商品房 | 上次交易:暂无数据 | 房屋用途:普通住宅 | 房屋年限:暂无数据 | 产权所属:非共有 | 抵押信息:有抵押 50万元 农行 | 房本备件:未上传房本照片,客厅 / 31.47平米 / 北 / 落地窗 ; 书房 / 6.64平米 / 北 / 落地窗 ; 卧室A / 9.01平米 / 北 / 落地窗 ; 卧室B / 13.86平米 / 北 / 落地窗 ; 厨房 / 3.57平米 / 无 / 无窗 ; 卫 / 4.67平米 / 北 / 落地窗 ; 阳台 / 7.89平米 / 北 / 落地窗 ; 储物间 / 5.96平米 / 北 / 落地窗 ; 门厅 / 8.55平米 / 北 / 落地窗,
春华四季园二期 3室2厅 南,"春华四季园二期 , 坂田",3室2厅,108.94平米,南,,中楼层(共11层),2007年,板塔结合,568 万,52139 元,3,,,VR看装修,https://sz.lianjia.com/ershoufang/105116397188.html,VR看装修,,,,,,,2021-04-09,2024-03-18,商品房,普通住宅,暂无数据,非共有,有抵押 295万元 招商银行 客户偿还,挂牌时间:2024-03-18 | 交易权属:商品房 | 上次交易:2021-04-09 | 房屋用途:普通住宅 | 房屋年限:暂无数据 | 产权所属:非共有 | 抵押信息:有抵押 295万元 招商银行 客户偿还 | 房本备件:已上传房本照片,客厅 / 48.39平米 / 无 / 未知窗户类型 ; 书房 / 6.3平米 / 北 / 落地窗 ; 卧室A / 13.32平米 / 北 / 落地窗 ; 卧室B / 10.03平米 / 无 / 未知窗户类型 ; 卧室C / 19.06平米 / 西 东 南 / 落地窗 ; 厨房 / 10.02平米 / 北 / 普通窗 ; 卫A / 3.54平米 / 无 / 未知窗户类型 ; 卫B / 3.48平米 / 东 / 落地窗 ; 阳台 / 4.73平米 / 北 / 普通窗,
佳兆业五期复式两房，精装修，私密性好,"佳兆业城市广场五期 , 坂田",2室1厅,52.29平米,西南,精装,低楼层(共39层),2019年,塔楼,170 万,32511 元,1,,,近地铁,https://sz.lianjia.com/ershoufang/105114728053.html,地铁,复式两房，税费少，南向，双地铁口，精装两房，私密性好,小区规划大型雪象体育公园，三十万商 业综合MALL，270米层高五星国际酒店，百度测量1公 里范围内雪象医院、肖传国医院，地铁10号线雪象、岗头双地铁口，坂银隧道去福田南山交通便捷。,新社区人车分流，24小时保安轮流值班，社区有自己的健身广场和花园，园林式社区，占地约300000平，建面约1800000平米，依托高新技术产业园，佳兆业城市广场物业形态丰富，小区左边是天安云谷、华为总部。,地铁十号线雪象站A出口，沿着坂雪岗大道可以去梅林关（去关内方向）、也可以转布龙路转南坪快速和水官高速，也可以从转贝尔路再转梅关高速，上坂澜大道可以去观澜也可以去平湖。交通很方便。高速交通：梅观高速、清平高速、坂雪岗大道、南坪快速,,,暂无数据,2023-09-06,商品房,商业办公类,暂无数据,非共有,有抵押,挂牌时间:2023-09-06 | 交易权属:商品房 | 上次交易:暂无数据 | 房屋用途:商业办公类 | 房屋年限:暂无数据 | 产权所属:非共有 | 抵押信息:有抵押 | 房本备件:未上传房本照片,客厅 / 24.43平米 / 西 / 落地窗 ; 卧室A / 7.07平米 / 无 / 无窗 ; 卧室B / 7.13平米 / 无 / 无窗 ; 卫生间 / 3.74平米 / 无 / 无窗 ; 过道 / 4.72平米 / 无 / 无窗,
次新社区 复式结构 面积实用 价格实惠,"嘉霖华禧 , 坂田",1室1厅,36.7平米,北,精装,高楼层(共7层),2017年,塔楼,150 万,40872 元,0,,,近地铁 | VR房源 | 房本满五年,https://sz.lianjia.com/ershoufang/105118959719.html,地铁 | VR房源 | 房本满五年,房子面积实用，复式上下两层，布局温馨，价格便宜,嘉霖华禧位于深圳市龙岗区坂田，由深圳市嘉兴福房地产开发建成，总建筑面积78718.8，总占地面积18361.9，共计房屋773户，项目占地面积约万平米，总建筑面积约万平米，包含住宅、商务办公、临街等物业形态,,项目位于深圳市坂雪岗科技城坂澜大道与环城北路交汇处，属于深圳中部发展轴心。坂澜大道、坂银通道、梅观高速、机荷高速等多条高速、快速干道出入，交通十分便利. 地铁10号线雪象站已通车，小区门口有：市人民医院坂田院区公交站，有直达深圳各个区域,,,2016-07-21,2024-11-19,商品房,商务公寓,满五年,非共有,无抵押,挂牌时间:2024-11-19 | 交易权属:商品房 | 上次交易:2016-07-21 | 房屋用途:商务公寓 | 房屋年限:满五年 | 产权所属:非共有 | 抵押信息:无抵押 | 房本备件:已上传房本照片,客厅 / 16.32平米 / 西北 / 落地窗 ; 卧室 / 14.65平米 / 无 / 无窗 ; 厨房 / 4.72平米 / 无 / 无窗 ; 卫 / 3.74平米 / 无 / 无窗,
诺德中央道 3室1厅 东南 南,"诺德中央道 , 坂田",3室1厅,87.15平米,东南 南,,低楼层(共33层),2014年,塔楼,420 万,48193 元,0,,,近地铁 | VR看装修 | 房本满五年,https://sz.lianjia.com/ershoufang/105120078983.html,地铁 | VR看装修 | 房本满五年,,,,,,,2014-12-26,2025-03-17,商品房,普通住宅,满五年,共有,暂无数据,挂牌时间:2025-03-17 | 交易权属:商品房 | 上次交易:2014-12-26 | 房屋用途:普通住宅 | 房屋年限:满五年 | 产权所属:共有 | 抵押信息:暂无数据 | 房本备件:已上传房本照片,客厅 / 22.91平米 / 东南 / 普通窗 ; 卧室A / 7.34平米 / 无 / 未知窗户类型 ; 卧室B / 12.63平米 / 无 / 未知窗户类型 ; 卧室C / 5.16平米 / 东北 / 普通窗 ; 厨房 / 4.22平米 / 东北 / 普通窗 ; 卫A / 3.87平米 / 无 / 未知窗户类型 ; 卫B / 3.85平米 / 无 / 普通窗 ; 阳台A / 4.36平米 / 东南 / 普通窗 ; 阳台B / 1.7平米 / 东北 / 普通窗 ; 过道 / 2.74平米 / 无 / 无窗,
宽景洋房一楼复式带固定车位带花园，少有户型在出售！,"万科四季花城七期 , 坂田",5室2厅,187.52平米,南,,低楼层(共4层),2003年,板楼,1020 万,54395 元,2,,,近地铁 | VR房源,https://sz.lianjia.com/ershoufang/105120011501.html,地铁 | VR房源,满五年唯一，业主诚心出售，一楼复式带花园带车位！,小区由万科地产集团开发，一共有36个独立苑，共分七期开发，花园式小区，绿化植被很多，带露天游泳池和健身会所及相应运动器械供住户健身，社区运动氛围棒；万科物业24小时严格管控，夜间有保安巡逻，外人基本无法随意出入，人车分流，充分保护行人安全,小区内有博雅幼儿园、海丽达幼儿园等，商场类有华润万家，五和购物广场、海达和成购物广场、坂田民营市场等。医疗类有深圳坂田医院、龙华人民医院、布吉医院花城社康医院（小区内）；银行为招商银行、中国银行、民生银行自助机及平安银行等，各式卖菜.,,,,暂无数据,2025-03-11,商品房,普通住宅,暂无数据,非共有,有抵押 420万元 金融公司垫资,挂牌时间:2025-03-11 | 交易权属:商品房 | 上次交易:暂无数据 | 房屋用途:普通住宅 | 房屋年限:暂无数据 | 产权所属:非共有 | 抵押信息:有抵押 420万元 金融公司垫资 | 房本备件:未上传房本照片,客厅 / 25.71平米 / 北 / 落地窗 ; 餐厅 / 22.59平米 / 北 东 / 落地窗 ; 卧室A / 47.57平米 / 无 / 落地窗 ; 卧室B / 11.78平米 / 南 / 落地窗 ; 卧室C / 10平米 / 南 / 落地窗 ; 卧室D / 13.15平米 / 无 / 无窗 ; 厨房 / 6.01平米 / 无 / 无窗 ; 卫A / 4.16平米 / 无 / 无窗 ; 卫B / 2.92平米 / 无 / 无窗 ; 卫C / 4.45平米 / 无 / 无窗 ; 过道 / 3.85平米 / 无 / 无窗 ; 门厅 / 1.91平米 / 北 / 落地窗 ; 楼梯间A / 6平米 / 无 / 无窗 ; 楼梯间B / 7.91平米 / 西 / 落地窗 ; 衣帽间 / 5.5平米 / 无 / 无窗,
华为旁，采光好，看花园，带入户，视野好。,"佳兆业中央广场一期 , 坂田",4室1厅,89.52平米,南,,高楼层(共47层),2013年,板楼,500 万,55854 元,0,,,近地铁 | VR房源,https://sz.lianjia.com/ershoufang/105119383212.html,地铁 | VR房源,佳兆业城市一期，华为旁，采光好，看花园，带入户，视野好。,小区总共分为6期开发建设，壹万多户的大社区，总占地约三十万，项目总建面约壹佰捌拾万平左右，十五万平米综合MALL，加270米酒店（六期项目），新社区，人车分流，社区有自己的健身广场和花园，园林式社区,新社区，人车分流，24小时保安轮流值班，社区有自己的健身广场和花园，园林式社区。依托高新技术产业园，佳兆业城市广场物业形态丰富，集住宅、酒店于一体。小区左边是天安云谷、华为总部基地，配套齐全,10号线双地铁物业，项目是挨着坂雪岗大道和坂澜大道，沿着坂雪岗大道可以去梅林关，也可以转布龙路转南坪快速和水官高速，也可以从转贝尔路再转梅关高速，上坂澜大道可以去观澜也可以去平湖；多条公交路线直达罗湖、福田，交通很便利,,,暂无数据,2025-01-02,商品房,普通住宅,暂无数据,非共有,有抵押 390万元,挂牌时间:2025-01-02 | 交易权属:商品房 | 上次交易:暂无数据 | 房屋用途:普通住宅 | 房屋年限:暂无数据 | 产权所属:非共有 | 抵押信息:有抵押 390万元 | 房本备件:未上传房本照片,客厅 / 26.6平米 / 北 南 / 落地窗 ; 卧室A / 5.15平米 / 北 / 落地窗 ; 卧室B / 6.95平米 / 北 / 普通窗 ; 卧室C / 14.85平米 / 无 / 未知窗户类型 ; 卧室D / 7.86平米 / 无 / 未知窗户类型 ; 厨房 / 5.07平米 / 西 / 落地窗 ; 卫生间A / 3.78平米 / 无 / 未知窗户类型 ; 卫生间B / 4.81平米 / 无 / 未知窗户类型 ; 阳台A / 6.92平米 / 西 北 东 / 普通窗 ; 阳台B / 3.01平米 / 西 / 落地窗 ; 过道 / 3.1平米 / 无 / 无窗 ; 门厅 / 3.1平米 / 无 / 无窗,
四季花城大两房 厅出阳台 看小区园林景观 满五年税少,"万科四季花城六期 , 坂田",2室2厅,72.76平米,东,,高楼层(共6层),2002年,板塔结合,358 万,49203 元,3,,,近地铁 | VR看装修 | 随时看房,https://sz.lianjia.com/ershoufang/105121796348.html,地铁 | VR看装修 | 随时看房,此房满五年，刚需首选，看房有钥匙。,小区由万科地产集团开发，一共有36个独立苑，共分七期开发，花园式小区，绿化植被很多，带露天游泳池和健身会所及相应运动器械供住户健身，社区运动氛围棒；万科物业24小时严格管控，夜间有保安巡逻，外人基本无法随意出入，人车分流，充分保护行人!,小区内有2个公立幼儿园、海丽达幼儿园，华润万家，五和购物广场、海达和成购物广场、坂田民营市场等。医疗类有深圳坂田医院、龙华人民医院、布吉医院花城社康医院（小区内）；银行为招商银行、中国银行、民生银行自助机及平安银行等，各式卖菜.,地铁5号线和10号线五和站A口350米，交通发达，小区旁边有布龙路、梅观高速、机荷高速、南坪快速等，乘坐公交或驾车出行到福田、罗湖、南山等地较方便（距离信息来源于百度地图）还有在修的深大城际和深惠城际,,,暂无数据,2025-08-15,商品房,普通住宅,暂无数据,非共有,有抵押 60万元 业主自还,挂牌时间:2025-08-15 | 交易权属:商品房 | 上次交易:暂无数据 | 房屋用途:普通住宅 | 房屋年限:暂无数据 | 产权所属:非共有 | 抵押信息:有抵押 60万元 业主自还 | 房本备件:未上传房本照片,客厅 / 27.99平米 / 东 / 普通窗 ; 卧室A / 11.69平米 / 西 / 普通窗 ; 卧室B / 9.35平米 / 无 / 未知窗户类型 ; 厨房 / 3.82平米 / 南 / 普通窗 ; 卫 / 3.68平米 / 东 / 普通窗 ; 阳台A / 3.94平米 / 北 东 东北 南 / 普通窗 ; 阳台B / 3.35平米 / 西 北 / 普通窗,
南北大3房，中间位置，双阳台，看花园和别墅，精装修,"万科四季花城六期 , 坂田",3室2厅,105.19平米,东南,,中楼层(共6层),2002年,板塔结合,490 万,46583 元,31,,,近地铁 | VR看装修,https://sz.lianjia.com/ershoufang/105118511447.html,地铁 | VR看装修,此房在六期，花园中间位置，安静，自住精装修，保养很好！,四季花城是万科开发的大型住宅小区，物业管理公司也是万科的，小区环境好，管理有序。小区内各项完善，生活购物、文体康娱等很方便。,小区东边约300米有两个购物广场，分别是伍和五，海达和成购物广场；小区南面300米左右有8号仓购物广场；小区北边约800米是天虹商场,万科四季花城在坂田比较好的位置，布龙路与五和大道交汇，地铁5号线与10号线在五和站换成。小区出门地铁口、公交站都有，地铁两站到深圳北站，交通出行很方便,,,暂无数据,2024-10-06,商品房,普通住宅,暂无数据,非共有,无抵押,挂牌时间:2024-10-06 | 交易权属:商品房 | 上次交易:暂无数据 | 房屋用途:普通住宅 | 房屋年限:暂无数据 | 产权所属:非共有 | 抵押信息:无抵押 | 房本备件:未上传房本照片,客厅 / 35.4平米 / 北 南 / 普通窗 ; 卧室A / 16.65平米 / 无 / 未知窗户类型 ; 卧室B / 10.69平米 / 无 / 未知窗户类型 ; 卧室C / 8.82平米 / 无 / 未知窗户类型 ; 厨房 / 5.17平米 / 南 / 普通窗 ; 卫A / 4.44平米 / 东 / 普通窗 ; 卫B / 3.05平米 / 北 / 普通窗 ; 阳台A / 5.28平米 / 西 北 东 / 普通窗 ; 阳台B / 2.98平米 / 西 东 南 / 普通窗 ; 过道 / 2.52平米 / 无 / 无窗,
云谷科技园旁双地铁口大复式，高租金，急售,"佳兆业中央广场六期 , 坂田",5室2厅,258平米,西北,精装,高楼层(共41层),2020年,塔楼,465 万,18024 元,1,,,近地铁,https://sz.lianjia.com/ershoufang/105118596073.html,,,,,,,,,,,,,,,,,"failed: HTTPSConnectionPool(host='sz.lianjia.com', port=443): Read timed out."
华为地铁站楼上，朝南复式精致2房，保养好,"华创云轩 , 坂田",2室2厅,30.2平米,南,,21层,2016年,板楼,105 万,34769 元,1,,28天以前发布,近地铁,https://sz.lianjia.com/ershoufang/105122076055.html,地铁,华为地铁站楼上，朝南复式精致2房，保养好,华创云轩占地面积：12553平方米 共2栋，其中A栋20层，B栋21层 小区有地下停车场，车位充足，有四层商场，4楼的空中花园有夜光跑道和健身器材以及儿童游乐区,复式户型，精致装修，保养好，适合年轻人。近华为、百瑞达、天安云谷等写字楼，深受年轻人喜欢,坂雪岗大道旁，5公里到达坂银通道福田，楼下地铁十号线华为站D出口，交通便利,,,暂无数据,2025-09-09,商品房,商业办公类,暂无数据,非共有,无抵押,挂牌时间:2025-09-09 | 交易权属:商品房 | 上次交易:暂无数据 | 房屋用途:商业办公类 | 房屋年限:暂无数据 | 产权所属:非共有 | 抵押信息:无抵押 | 房本备件:未上传房本照片,客厅 / 12.68平米 / 南 / 落地窗 ; 卧室A / 5.73平米 / 北 / 普通窗 ; 卧室B / 6.34平米 / 无 / 未知窗户类型 ; 厨房 / 3.19平米 / 北 / 普通窗 ; 卫 / 2.18平米 / 北 / 普通窗 ; 过道 / 3.65平米 / 无 / 无窗,
装修保养好，看房有钥匙，采光好,"诺德中央道 , 坂田",3室2厅,89.23平米,南,,中楼层(共33层),2014年,板楼,440 万,49311 元,1,,,VR房源,https://sz.lianjia.com/ershoufang/105118451315.html,VR房源,业主诚心卖，看房有钥匙，满五唯一红本，诚意出售看房方便,,楼下自带餐厅和便利店，能满足日常生活需求。坂田街道办200米，万科里购物广场680米，华润万家旭景佳园分店760米，坂田手造文化街1000米，650米处有银湖山郊野公园，还有钓鱼场，配套比较齐全。,距5号线地铁站约900米，自驾上南坪快速1000米，到坂雪岗大道100米，方便通过鸡公山隧道，很快到达罗湖，福田，龙华，龙岗,,,暂无数据,2024-09-30,商品房,普通住宅,暂无数据,非共有,有抵押,挂牌时间:2024-09-30 | 交易权属:商品房 | 上次交易:暂无数据 | 房屋用途:普通住宅 | 房屋年限:暂无数据 | 产权所属:非共有 | 抵押信息:有抵押 | 房本备件:未上传房本照片,,
佳兆业一期   高楼层三房   看水库景观好,"佳兆业中央广场一期 , 坂田",3室1厅,89平米,东北,精装,高楼层(共49层),2013年,塔楼,448 万,50338 元,1,,,近地铁 | VR看装修,https://sz.lianjia.com/ershoufang/105119083899.html,地铁 | VR看装修,满五年 格局方正实用 通风采光视野好 自住精装,佳兆业城市广场是华为天安云谷一公里范围内的唯一的次新盘，一共有六期开发，六期在建中。一到五期全部交房。 物业是佳兆业物业，每个小区都带有儿童游乐场。小区自带3000平健身会所和恒温游泳池。,新社区，人车分流，24小时保安轮流值班，社区有自己的健身广场和花园，园林式社区。依托高新技术产业园，佳兆业城市广场物业形态丰富，集住宅、酒店于一体。小区左边是天安云谷、华为总部基地，配套齐全,项目是靠着坂雪岗大道和坂澜大道，沿着坂雪岗大道可以去梅林关（去关内方向）、也可以转布龙路转南坪快速和水官高速，也可以从转贝尔路再转梅关高速，上坂澜大道可以去观澜也可以去平湖。地铁10号线两个地铁口，岗头站和雪象站,,,暂无数据,2024-12-02,商品房,普通住宅,暂无数据,非共有,有抵押,挂牌时间:2024-12-02 | 交易权属:商品房 | 上次交易:暂无数据 | 房屋用途:普通住宅 | 房屋年限:暂无数据 | 产权所属:非共有 | 抵押信息:有抵押 | 房本备件:未上传房本照片,客厅 / 23.89平米 / 西北 / 落地窗 ; 卧室A / 9.56平米 / 无 / 未知窗户类型 ; 卧室B / 12.74平米 / 无 / 未知窗户类型 ; 卧室C / 8.79平米 / 西北 / 普通窗 ; 厨房 / 4.97平米 / 西南 / 普通窗 ; 卫A / 3.96平米 / 无 / 普通窗 ; 卫B / 3.02平米 / 西南 / 普通窗 ; 阳台A / 2.68平米 / 西南 / 普通窗 ; 阳台B / 6.68平米 / 西南 西北 东北 / 普通窗 ; 过道 / 2.91平米 / 无 / 无窗,
四房使用面积大，带露台，看房方便，价格惊喜,"佳华领汇广场 , 坂田",4室2厅,89.83平米,东北,精装,低楼层(共32层),2016年,板塔结合,500 万,55661 元,0,,,近地铁 | VR看装修 | 随时看房,https://sz.lianjia.com/ershoufang/105121267743.html,地铁 | VR看装修 | 随时看房,使用面积大，很多空间可以利用，看房方便,佳华领汇一期是住宅，二期是6层的商场综合体，隔路相望是天虹商场坂田店，吃喝玩乐一应俱全,,地铁现有10号线和5号线已开通，10号线坂田北站A 出口320米，10+5交汇的五和D出口860米，走路都可以到达。 开车到G94很方便，可转南坪快速往宝安CBD和南山,,,暂无数据,2025-06-29,商品房,普通住宅,暂无数据,非共有,无抵押,挂牌时间:2025-06-29 | 交易权属:商品房 | 上次交易:暂无数据 | 房屋用途:普通住宅 | 房屋年限:暂无数据 | 产权所属:非共有 | 抵押信息:无抵押 | 房本备件:未上传房本照片,客厅 / 28.85平米 / 北 / 普通窗 ; 书房 / 4.67平米 / 东 / 落地窗 ; 卧室A / 7.5平米 / 无 / 未知窗户类型 ; 卧室B / 12.68平米 / 无 / 未知窗户类型 ; 卧室C / 7.9平米 / 无 / 未知窗户类型 ; 厨房 / 7.38平米 / 无 / 无窗 ; 卫A / 3.71平米 / 东 / 普通窗 ; 卫B / 2.56平米 / 西 / 普通窗 ; 阳台 / 4.85平米 / 西 北 / 普通窗,
春华四季园110平米朝南大3房客厅带大阳台,"春华四季园一期 , 坂田",3室2厅,110.86平米,南,,中楼层(共11层),2006年,板楼,568 万,51236 元,1,,,近地铁 | VR看装修,https://sz.lianjia.com/ershoufang/105121151074.html,地铁 | VR看装修,春华四季园110平米朝南大3房客厅带大阳台,小区总建筑面积430000㎡，总规划户数约3300户，拥有完善的配套设施，6000㎡的湖坡，1000米的风情街，室外泳池及室内恒温泳池、3000㎡的运动场地、幼儿园等，金光华物业。二期户型丰富多样，包括70㎡的两房.95-100㎡左右的三房.136-158㎡的四房五房 141..,小区自带：小区一条街、华润万家、特蕾丝幼儿园、游泳馆、网球场、篮球场、羽毛球场、休闲会所等配套，生活购物便利，购物：8号仓奥特莱斯、龙华名车广场，东门离阳光湾畔购物广场、海达和成购物广场,,,,暂无数据,2025-06-20,商品房,普通住宅,暂无数据,非共有,有抵押 300万元 华润经营贷 业主自还,挂牌时间:2025-06-20 | 交易权属:商品房 | 上次交易:暂无数据 | 房屋用途:普通住宅 | 房屋年限:暂无数据 | 产权所属:非共有 | 抵押信息:有抵押 300万元 华润经营贷 业主自还 | 房本备件:未上传房本照片,客厅 / 52.01平米 / 北 / 普通窗 ; 卧室A / 11.42平米 / 北 / 落地窗 ; 卧室B / 12.78平米 / 北 / 落地窗 ; 厨房 / 7.17平米 / 北 / 落地窗 ; 卫 / 3.81平米 / 无 / 未知窗户类型 ; 阳台 / 11.88平米 / 北 / 普通窗 ; 储物间 / 20.38平米 / 北 / 普通窗,
春华四季园复式出售，位置安静，朝南,"春华四季园二期 , 坂田",4室2厅,140.9平米,南,,低楼层(共12层),2007年,板塔结合,750 万,53230 元,4,,,VR房源,https://sz.lianjia.com/ershoufang/105115970639.html,VR房源,房子满五年，业主自己在住，安静位置,总规划户数3063户。6000平方米的湖坡、1000米的风情街——右一坊、室外泳池及室内恒温泳池、3000平方米的运动场地、幼儿园等等。二期户型产品丰富多样，包括70平方米左右的两房、95－122平方米左右的三房、136－157平方米的四-五房！,小区自带：小区一条街、华润万家、特蕾丝幼儿园、游泳馆、网球场、篮球场、羽毛球场、休闲会所等配套，生活购物便利，购物：8号仓奥特莱斯、龙华名车广场，东门离阳光湾畔购物广场、海达和成购物广场,小区离地铁五和站1500米，深圳北站2公里，小区南门有多趟公交车直达南山，罗湖，福田，开车可以直接在南门上梅观高速转南坪快速，机荷高速，关口位置，交通便利,,,暂无数据,2024-01-28,商品房,普通住宅,暂无数据,非共有,有抵押,挂牌时间:2024-01-28 | 交易权属:商品房 | 上次交易:暂无数据 | 房屋用途:普通住宅 | 房屋年限:暂无数据 | 产权所属:非共有 | 抵押信息:有抵押 | 房本备件:未上传房本照片,客厅 / 30.2平米 / 南 / 普通窗 ; 餐厅 / 25.2平米 / 无 / 无窗 ; 卧室A / 7.59平米 / 无 / 未知窗户类型 ; 卧室B / 13.33平米 / 无 / 未知窗户类型 ; 卧室C / 23.5平米 / 无 / 未知窗户类型 ; 厨房 / 5.91平米 / 西 / 普通窗 ; 卫A / 3.38平米 / 西 / 普通窗 ; 卫B / 3.51平米 / 西 / 普通窗 ; 卫C / 7.41平米 / 无 / 未知窗户类型 ; 阳台 / 12.2平米 / 东 南 / 普通窗 ; 储物间 / 3.5平米 / 南 / 落地窗 ; 过道 / 19.09平米 / 无 / 无窗 ; 衣帽间 / 5.97平米 / 无 / 无窗,
四季花城南北向电梯大四房 前后看花园 满五年 税费少,"万科四季花城六期 , 坂田",4室1厅,123.08平米,南,,高楼层(共9层),2002年,板塔结合,586 万,47612 元,10,,,近地铁 | VR看装修,https://sz.lianjia.com/ershoufang/105112918046.html,地铁 | VR看装修,高楼层南北向电梯四房户型方正看花园,小区由万科地产集团开发，一共有36个独立苑，共分七期开发，花园式小区，绿化植被很多，带露天游泳池和健身会所及相应运动器械供住户健身，社区运动氛围棒；万科物业24小时严格管控，夜间有保安巡逻，外人基本无法随意出入，人车分流，充分保护行人安全,小区内有博雅、曼京、海丽达幼儿园等，商场类有华润万家，海达和成购物广场、阳光湾畔，8号仓奥特莱斯等。医疗类有深圳坂田医院、布吉医院花城社康医院（小区内）；网球场，篮球场，健身会所等！,此房距离地铁5号线和10号线A口和200米，交通发达，小区旁边有布龙路、梅观高速、机荷高速、南坪快速等，乘坐公交或驾车出行到福田、罗湖、南山等地较方便（距离信息来源于百度地图）,,,暂无数据,2023-03-06,商品房,普通住宅,暂无数据,非共有,无抵押,挂牌时间:2023-03-06 | 交易权属:商品房 | 上次交易:暂无数据 | 房屋用途:普通住宅 | 房屋年限:暂无数据 | 产权所属:非共有 | 抵押信息:无抵押 | 房本备件:未上传房本照片,客厅 / 40.04平米 / 西北 东南 / 普通窗 ; 书房 / 12.95平米 / 西北 / 普通窗 ; 卧室A / 8.52平米 / 无 / 未知窗户类型 ; 卧室B / 8.02平米 / 无 / 未知窗户类型 ; 卧室C / 14.81平米 / 无 / 未知窗户类型 ; 厨房 / 4.83平米 / 东南 / 普通窗 ; 卫生间A / 2.57平米 / 东北 / 普通窗 ; 卫生间B / 4.06平米 / 东南 / 普通窗 ; 阳台A / 2.83平米 / 西南 东北 东南 / 普通窗 ; 阳台B / 5.08平米 / 西南 西北 / 普通窗,
地铁口 朝南大三房双阳台设计 通风采光好 业主诚售,"德润荣君府 , 坂田",3室2厅,88.9平米,南 北,精装,中楼层(共41层),2017年,板楼,580 万,65242 元,0,,,近地铁 | VR看装修,https://sz.lianjia.com/ershoufang/105121812059.html,地铁 | VR看装修,业主产权清晰税费少 朝南位置安静看花园,,楼下自带幼稚园、5千㎡底商。布龙路以北万科十万㎡商写综合体建设中，西侧在建华侨城住宅、幼儿园及和美外国语项目（30班1500位置）。距小区1km有两万㎡万科里。2km内有阳光湾畔、8号仓、坂田天虹等商场。北为坂田医院,5号线坂田地铁口大约700米，去宝安或者罗湖都很方便。 小区门口就是公交站； 小区前面是坂雪岗大道和布龙路，自驾的话，1千米内可以上南坪快速，再走水官高速到龙岗，梅观高速到观澜和东莞，或者经梅林关，新彩隧道进福田，罗湖和南山都很方便。,,,暂无数据,2025-08-16,商品房,普通住宅,暂无数据,非共有,有抵押 210万元 中国农业银行股份有限公司深圳中心区支行 业主自还,挂牌时间:2025-08-16 | 交易权属:商品房 | 上次交易:暂无数据 | 房屋用途:普通住宅 | 房屋年限:暂无数据 | 产权所属:非共有 | 抵押信息:有抵押 210万元 中国农业银行股份有限公司深圳中心区支行 业主自还 | 房本备件:未上传房本照片,客厅 / 25.77平米 / 南 / 普通窗 ; 卧室A / 10.26平米 / 无 / 未知窗户类型 ; 卧室B / 12.24平米 / 无 / 未知窗户类型 ; 卧室C / 8.21平米 / 无 / 未知窗户类型 ; 厨房 / 5.4平米 / 东 / 普通窗 ; 卫A / 3.86平米 / 无 / 未知窗户类型 ; 卫B / 4.04平米 / 无 / 普通窗 ; 阳台A / 4.83平米 / 南 / 普通窗 ; 阳台B / 2.73平米 / 东 / 普通窗 ; 过道 / 3.02平米 / 无 / 无窗,
四季花城顶楼复式 实用面积140平 满五年 税少,"万科四季花城七期 , 坂田",5室2厅,85.28平米,东南,,高楼层(共6层),2003年,板楼,515 万,60390 元,2,,,近地铁 | VR房源,https://sz.lianjia.com/ershoufang/105121213710.html,地铁 | VR房源,此房满五年，精装修顶楼复式！高实用,小区由万科地产集团开发，一共有36个独立苑，共分七期开发，花园式小区，绿化植被很多，带露天游泳池和健身会所及相应运动器械供住户健身，社区运动氛围棒；万科物业24小时严格管控，夜间有保安巡逻，外人基本无法随意出入，人车分流，充分保护行人!,小区内有2个公立幼儿园、海丽达幼儿园，华润万家，五和购物广场、海达和成购物广场、坂田民营市场等。医疗类有深圳坂田医院、龙华人民医院、布吉医院花城社康医院（小区内）；银行为招商银行、中国银行、民生银行自助机及平安银行等，各式卖菜.,地铁5号线和10号线五和站A口350米，交通发达，小区旁边有布龙路、梅观高速、机荷高速、南坪快速等，乘坐公交或驾车出行到福田、罗湖、南山等地较方便（距离信息来源于百度地图）还有在修的深大城际和深惠城际,,,暂无数据,2025-06-25,商品房,普通住宅,暂无数据,非共有,无抵押,挂牌时间:2025-06-25 | 交易权属:商品房 | 上次交易:暂无数据 | 房屋用途:普通住宅 | 房屋年限:暂无数据 | 产权所属:非共有 | 抵押信息:无抵押 | 房本备件:未上传房本照片,客厅 / 36.61平米 / 西 西南 西北 东 / 落地窗 ; 卧室A / 12.53平米 / 西 / 落地飘窗 ; 卧室B / 9.22平米 / 东 / 普通窗 ; 卧室C / 13.15平米 / 西 / 普通窗 ; 卧室D / 8.14平米 / 东 / 普通窗 ; 厨房 / 4.53平米 / 东 / 普通窗 ; 卫A / 4.59平米 / 东 / 普通窗 ; 卫B / 3.25平米 / 西 / 普通窗 ; 阳台 / 5.42平米 / 北 东 南 / 普通窗 ; 露台（按现状绘制，如有偏差，以产权证明为准） / 13.65平米 / 西 北 东 / 普通窗 ; 储物间 / 7.19平米 / 无 / 无窗 ; 过道 / 15.36平米 / 东 / 普通窗,
儒骏城立方 标准4房2卫 户型方正 满五唯一 次新房急售,"儒骏城立方 , 坂田",4室2厅,103.68平米,南,精装,高楼层(共27层),2017年,板塔结合,600 万,57871 元,0,,,近地铁 | VR看装修,https://sz.lianjia.com/ershoufang/105122021124.html,地铁 | VR看装修,此房满五唯一，正5号线地铁口物业 2017年底次新房，视野开阔！,小区位于布龙路与坂雪岗大道交汇处，是2017年入伙的。小区是由三栋住宅和一栋写字楼组成，共273户，实行人车分流，小区生活便利。,,百度地图显示小区50米可到深圳市交通轨道5号线环中线坂田站B出口、二千米车程可上清平、南坪、梅观等快速路；直通福田 南山 罗湖 布龙路和坂雪岗线路公交车可到深圳每个区域，3站到深圳北高铁站，交通便利,,,暂无数据,2025-09-04,商品房,普通住宅,暂无数据,非共有,有抵押 浙商银行股份有限公司深圳分行,挂牌时间:2025-09-04 | 交易权属:商品房 | 上次交易:暂无数据 | 房屋用途:普通住宅 | 房屋年限:暂无数据 | 产权所属:非共有 | 抵押信息:有抵押 浙商银行股份有限公司深圳分行 | 房本备件:未上传房本照片,客厅 / 28.65平米 / 南 / 普通窗 ; 卧室A / 12.64平米 / 南 / 落地窗 ; 卧室B / 17.09平米 / 无 / 未知窗户类型 ; 卧室C / 8.4平米 / 西 / 落地窗 ; 卧室D / 5.95平米 / 北 / 落地窗 ; 厨房 / 6.5平米 / 西 / 普通窗 ; 卫A / 4.14平米 / 西 / 普通窗 ; 卫B / 4.16平米 / 北 / 普通窗 ; 阳台A / 5.71平米 / 西 南 / 普通窗 ; 阳台B / 2.91平米 / 西 / 普通窗 ; 过道 / 4.94平米 / 无 / 无窗,
此房满五年，南向，客厅出阳台，诚心出售,"佳兆业悦峰2期 , 坂田",3室2厅,86.96平米,南,,低楼层(共33层),2015年,板塔结合,504 万,57958 元,1,,,VR房源,https://sz.lianjia.com/ershoufang/105115345179.html,VR房源,此房满五年，南向，客厅出阳台，诚心出售,小区自带泳池，篮球场，羽毛球场及锻炼器材小广场。楼下有华润万家，钱大妈，南北药行，优口果鲜，理发美容，悦峰社康等满足业主的日常需求。步行700米可至杨美美食街，有各类美食，鑫华盛百货，美家福百货等。距离深圳坂田医院2500米。,,有地铁5号线杨美站C出口900米（参考高德地图），2站换乘10号线，4站抵深圳北站深圳东站。或步行400米至宏扬公交站也有多条公交路线可达深圳各区域。衔接各大高速快速，3公里内直上布龙路、清平高速、水官高速，南坪快速、梅观高速、坂银通道等,,,暂无数据,2023-11-16,商品房,普通住宅,暂无数据,非共有,无抵押,挂牌时间:2023-11-16 | 交易权属:商品房 | 上次交易:暂无数据 | 房屋用途:普通住宅 | 房屋年限:暂无数据 | 产权所属:非共有 | 抵押信息:无抵押 | 房本备件:未上传房本照片,客厅 / 30.42平米 / 南 / 普通窗 ; 卧室A / 9.18平米 / 无 / 未知窗户类型 ; 卧室B / 7.95平米 / 无 / 未知窗户类型 ; 厨房 / 4.48平米 / 西 / 普通窗 ; 卫生间 / 2.38平米 / 无 / 普通窗 ; 阳台A / 4.34平米 / 西 / 普通窗 ; 阳台B / 5.38平米 / 南 / 普通窗 ; 储物间A / 13.3平米 / 无 / 未知窗户类型 ; 储物间B / 4.52平米 / 西 / 普通窗,
信义嘉御山 朝南三房 位置安静 视野好,"信义嘉御山 , 坂田",3室2厅,83.37平米,南,精装,高楼层(共17层),2015年,板塔结合,475 万,56975 元,18,,,近地铁 | VR房源 | 随时看房,https://sz.lianjia.com/ershoufang/105119615622.html,地铁 | VR房源 | 随时看房,信义嘉御山 朝南三房 位置安静 视野好 满五年唯一税费低,信义嘉御豪园分三期开发，共3008户。2013-2015年底交房，小区内有泳池，配套有公里龙岗机关幼儿园，户型多样，66平-77平，方正通透的两房；83-88平，朝南或南北的三房户型；85平 复式 四房三卫；117-217平 改善大户型。双地铁10号线、5号线物业，到深圳北.,信义嘉御山是坂田新的大社区的，小区一共有8期，目前1-5期已经交房入住，坂田双地铁口的大盘，一期楼下有天虹商场，有星巴克，KFC，面点王，健身会所，SAP等配套成熟，还开了佳华商场MAX.CITY有海底捞，探鱼等餐饮名店 各大银行围绕小区、旁边有大企华为,,,,暂无数据,2025-02-09,商品房,普通住宅,暂无数据,非共有,无抵押,挂牌时间:2025-02-09 | 交易权属:商品房 | 上次交易:暂无数据 | 房屋用途:普通住宅 | 房屋年限:暂无数据 | 产权所属:非共有 | 抵押信息:无抵押 | 房本备件:未上传房本照片,客厅 / 25.87平米 / 南 / 落地窗 ; 卧室A / 9.65平米 / 南 / 普通窗 ; 卧室B / 16.24平米 / 无 / 未知窗户类型 ; 卧室C / 6.89平米 / 西 / 普通窗 ; 厨房 / 3.25平米 / 西 / 普通窗 ; 卫 / 3.83平米 / 北 / 普通窗 ; 阳台 / 6平米 / 西 东 南 / 普通窗 ; 过道 / 2.99平米 / 无 / 无窗,
第五园三期116平高楼层拓展相当到位的5房出售,"万科第五园三期 , 坂田",5室2厅,116.62平米,南,,高楼层(共23层),2008年,塔楼,675 万,57881 元,3,,,VR房源,https://sz.lianjia.com/ershoufang/105121155487.html,VR房源,此房户型好拓展很到位可以做5+1房,万科第五园三期为徽派建筑元素，有高层，叠苑，别墅组成，小区共三栋高层分九个单元，其余皆为叠院及别墅，密度较低，带泳池。万科物业，管理较..,,社区低密度人少 人行电动自行车少 人行道宽敞溜娃安全方便 坂银隧道首站社区，交通四通八达，出门直上坂雪岗大道，接驳南坪、清平的快速线路，近坂田手造文化街、万科广场等，星河Cocopark 八号仓等，10号线南坑站 5号线坂田站,,,暂无数据,2025-06-20,商品房,普通住宅,暂无数据,非共有,有抵押,挂牌时间:2025-06-20 | 交易权属:商品房 | 上次交易:暂无数据 | 房屋用途:普通住宅 | 房屋年限:暂无数据 | 产权所属:非共有 | 抵押信息:有抵押 | 房本备件:未上传房本照片,客厅 / 32.65平米 / 无 / 未知窗户类型 ; 书房 / 8.75平米 / 北 / 落地窗 ; 卧室A / 14.79平米 / 无 / 未知窗户类型 ; 卧室B / 9.17平米 / 无 / 未知窗户类型 ; 卧室C / 8.56平米 / 无 / 未知窗户类型 ; 卧室D / 7.24平米 / 东北 / 普通窗 ; 厨房 / 5.28平米 / 无 / 落地窗 ; 卫A / 4.71平米 / 东北 / 落地窗 ; 卫B / 2.98平米 / 东北 / 普通窗 ; 阳台A / 7.59平米 / 东南 / 落地窗 ; 阳台B / 5.92平米 / 东 / 落地窗 ; 门厅 / 4.82平米 / 无 / 无窗,
精装五房，业主自住，看房方便。,"和成嘉业 , 坂田",5室2厅,140.62平米,东南,精装,低楼层(共32层),,,880 万,62581 元,0,,,近地铁 | VR看装修,https://sz.lianjia.com/ershoufang/105119399903.html,地铁 | VR看装修,坂田次新房精装修保养很好大5房,"小区由金和成开发和管理,于2016年批地,2019年入伙,共有800多户,两层车库,车位不紧张,车位1：1，主力户型为80-89-91-118-140平,3-5房都是带装修交楼,采光好,围合式建筑风格,人车分流,小区地势高,通风好。",小区自带乒乓球室、棋牌室及锻炼器材广场。门口有华润万家，钱大妈，龙华大润发沃尔玛往返车等满足业主的日常需求。步行700米可至杨美美食街，鑫华盛百货，美家福百货等。距离深圳坂田医院2500米。3公里内有坂田天虹，佳华领汇广场，8号仓，星河。,（参靠高德地图）地铁5号线杨美站C出口792米，西至前海湾东至黄贝岭。东南门M572路可直达终点深圳北站或步行792米至杨美地铁公交站有多条公交路线可达深圳各区域。可直上布龙路、清平、南坪、水官，坂银隧道已建成通车，实现10公里至福田皇岗立交。,,,暂无数据,2025-01-04,商品房,普通住宅,暂无数据,非共有,无抵押,挂牌时间:2025-01-04 | 交易权属:商品房 | 上次交易:暂无数据 | 房屋用途:普通住宅 | 房屋年限:暂无数据 | 产权所属:非共有 | 抵押信息:无抵押 | 房本备件:未上传房本照片,客厅 / 27.84平米 / 北 南 / 普通窗 ; 卧室A / 9.3平米 / 无 / 未知窗户类型 ; 卧室B / 8.47平米 / 北 / 普通窗 ; 卧室C / 13.87平米 / 无 / 未知窗户类型 ; 卧室D / 10.85平米 / 无 / 未知窗户类型 ; 卧室E / 10.71平米 / 无 / 未知窗户类型 ; 厨房 / 5.99平米 / 南 / 普通窗 ; 卫A / 3.65平米 / 无 / 未知窗户类型 ; 卫B / 4.26平米 / 北 / 普通窗 ; 阳台A / 6.66平米 / 西 北 / 普通窗 ; 阳台B / 3.47平米 / 西 南 / 普通窗 ; 过道 / 7.84平米 / 无 / 无窗 ; 衣帽间 / 3.96平米 / 无 / 无窗,
万科四季花城七期 3室1厅 南 北,"万科四季花城七期 , 坂田",3室1厅,105平米,南 北,,低楼层(共6层),2003年,板楼,580 万,55239 元,0,,,近地铁 | VR看装修 | 房本满五年,https://sz.lianjia.com/ershoufang/105114937977.html,地铁 | VR看装修 | 房本满五年,,,,,,,2016-10-12,2023-09-30,商品房,普通住宅,满五年,非共有,无抵押,挂牌时间:2023-09-30 | 交易权属:商品房 | 上次交易:2016-10-12 | 房屋用途:普通住宅 | 房屋年限:满五年 | 产权所属:非共有 | 抵押信息:无抵押 | 房本备件:已上传房本照片,客厅 / 37.79平米 / 北 南 / 普通窗 ; 卧室A / 7.78平米 / 北 / 普通窗 ; 卧室B / 10.45平米 / 无 / 未知窗户类型 ; 卧室C / 15.78平米 / 南 / 普通窗 ; 厨房 / 5.26平米 / 北 / 普通窗 ; 卫生间A / 3.07平米 / 南 / 普通窗 ; 卫生间B / 4.41平米 / 东 / 普通窗 ; 阳台A / 3.04平米 / 北 / 普通窗 ; 阳台B / 15.01平米 / 西 东 南 / 普通窗,
看房方便，双地铁精装次新房，诚心出售,"嘉霖华禧 , 坂田",3室2厅,64.2平米,南,精装,中楼层(共7层),2017年,板楼,268 万,41745 元,4,,,近地铁 | VR房源 | 房本满五年 | 随时看房,https://sz.lianjia.com/ershoufang/105106013950.html,地铁 | VR房源 | 房本满五年 | 随时看房,华为旁低总价，地铁物业，有钥匙，总价低小户型,嘉霖华禧项目是嘉霖集团继大鹏PURE33璞岸、龙岗珑禧、坪山大万文化广场后推出的又一城市项目。小区总共6栋，项目产品包含37-65平米1-3房70年产权平层、复式产品及74-119㎡ 3-5房品质住宅。,项目是坂雪岗科技新城，包含住宅、商务办公、临街等物业形态，华为总部基地，2500多家科研机构。,项目位于深圳市坂雪岗科技城坂澜大道与环城北路交汇处，属于深圳中部发展轴心。坂澜大道、坂银通道、梅观高速、机荷高速等多条高速、快速干道出入，交通便利，地铁10号线雪象站。,,,2016-04-09,2020-12-13,商品房,商务公寓,满五年,非共有,无抵押,挂牌时间:2020-12-13 | 交易权属:商品房 | 上次交易:2016-04-09 | 房屋用途:商务公寓 | 房屋年限:满五年 | 产权所属:非共有 | 抵押信息:无抵押 | 房本备件:已上传房本照片,客厅 / 30.09平米 / 无 / 无窗 ; 卧室A / 6.2平米 / 无 / 无窗 ; 卧室B / 17.76平米 / 西北 / 落地窗 ; 厨房 / 4.66平米 / 西北 / 普通窗 ; 卫A / 2.71平米 / 无 / 无窗 ; 卫生间B / 3.75平米 / 无 / 无窗 ; 阳台 / 1.89平米 / 东南 / 普通窗 ; 过道 / 5.86平米 / 无 / 无窗,
户型方正朝向好，业主自己住保养好，业主变现诚心卖,"佳兆业中央广场一期 , 坂田",3室1厅,89.23平米,南,简装,低楼层(共47层),2013年,板楼,430 万,48191 元,7,,,近地铁 | VR看装修 | 房本满五年,https://sz.lianjia.com/ershoufang/105112769788.html,地铁 | VR看装修 | 房本满五年,户型方正朝向好，业主自己住保养好，业主变现诚心卖,总共分为6期，大型社区，3个幼儿园：大型综合MALL，加270米酒店（六期项目），一期位置安静。离地铁商场最近，近天安云谷，步行即可，环境好，合适居家,新社区，人车分流，24小时保安轮流值班，社区有自己的健身广场和花园，园林式社区。依托高新技术产业园，佳兆业城市广场物业形态丰富，集住宅、酒店于一体。小区左边是天安云谷、华为总部基地，配套齐全,项目是靠着坂雪岗大道和坂澜大道，沿着坂雪岗大道可以去梅林关（去关内方向）、也可以转布龙路转南坪快速和水官高速，也可以从转贝尔路再转梅关高速，上坂澜大道可以去观澜也可以去平湖。地铁10号线两个地铁口，岗头站和雪象站,,,2018-03-30,2023-02-23,商品房,普通住宅,满五年,非共有,有抵押 200万元,挂牌时间:2023-02-23 | 交易权属:商品房 | 上次交易:2018-03-30 | 房屋用途:普通住宅 | 房屋年限:满五年 | 产权所属:非共有 | 抵押信息:有抵押 200万元 | 房本备件:已上传房本照片,客厅 / 21.03平米 / 南 / 落地窗 ; 卧室A / 8.68平米 / 无 / 未知窗户类型 ; 卧室B / 10.64平米 / 无 / 未知窗户类型 ; 卧室C / 7.26平米 / 南 / 普通窗 ; 厨房 / 4.97平米 / 西 / 普通窗 ; 卫生间 / 3.75平米 / 无 / 普通窗 ; 阳台A / 2.11平米 / 西 / 普通窗 ; 阳台B / 6.8平米 / 西 东 南 / 普通窗 ; 过道 / 3.07平米 / 无 / 无窗,
城市广场3房朝南 价格便宜 看花园,"佳兆业中央广场三期 , 坂田",3室1厅,88.69平米,南,简装,45层,2016年,塔楼,475 万,53558 元,6,,,近地铁 | VR看装修,https://sz.lianjia.com/ershoufang/105118757789.html,地铁 | VR看装修,高楼层2个卫生间 看山景观 业主自己住,,佳兆业城市广场社区依托高新技术产业园，物业形态丰富，集住宅、酒店、大型综合体配套于一体，小区旁边就是天安云谷、华为总部,10号线地铁物业，项目是挨着坂雪岗大道和坂澜大道，沿着坂雪岗大道可以去梅林关，也可以转布龙路转南坪快速和水官高速，也可以从转贝尔路再转梅关高速，上坂澜大道可以去观澜也可以去平湖；多条公交路线直达罗湖、福田，交通很便利,此房子是深圳不唯一税费少，欠款少赎楼费也少，随时可以看房价格可以商量,,暂无数据,2024-10-31,商品房,普通住宅,暂无数据,非共有,有抵押 客户偿还,挂牌时间:2024-10-31 | 交易权属:商品房 | 上次交易:暂无数据 | 房屋用途:普通住宅 | 房屋年限:暂无数据 | 产权所属:非共有 | 抵押信息:有抵押 客户偿还 | 房本备件:未上传房本照片,客厅 / 28.28平米 / 南 / 落地窗 ; 卧室A / 9.39平米 / 无 / 未知窗户类型 ; 卧室B / 10.04平米 / 无 / 未知窗户类型 ; 卧室C / 8.92平米 / 南 / 普通窗 ; 厨房 / 8.22平米 / 东 / 普通窗 ; 卫A / 4.32平米 / 无 / 普通窗 ; 卫B / 3.42平米 / 东 / 普通窗 ; 阳台A / 1.41平米 / 东 / 普通窗 ; 阳台B / 5.51平米 / 西 南 / 普通窗 ; 过道 / 3平米 / 无 / 无窗,
税费少，楼层佳，南朝向，视野开阔，采光通透,"嘉霖华禧 , 坂田",3室1厅,77.45平米,南,精装,中楼层(共33层),2017年,塔楼,430 万,55520 元,0,,,近地铁 | VR房源,https://sz.lianjia.com/ershoufang/105118158122.html,地铁 | VR房源,房子满五唯一，税费少，采光好，朝南看文体大楼。,嘉霖华禧项目是嘉霖集团继龙岗珑禧、坪山大万文化广场后推出的又一城市标杆力作。2017年入伙小区总共6栋，项目产品包含37-65平米1-3房70年产权平层、复式产品及74-119㎡ 品质3-5房品质住宅，均为片区主流户型。,小区距散步运动公园方便，团建，亲子，遛娃的好去处，生活采购，医疗，教育资源，配套全面。,项目位于深圳市坂雪岗科技城坂澜大道与环城北路交汇处，属于深圳中部发展轴心。坂澜大道、坂银通道、梅观高速、机荷高速等多条高速、快速干道出入，交通十分便利. 地铁10号线雪象站已通车。,,,暂无数据,2024-09-02,商品房,普通住宅,暂无数据,非共有,有抵押 150万元 建设银行 客户偿还,挂牌时间:2024-09-02 | 交易权属:商品房 | 上次交易:暂无数据 | 房屋用途:普通住宅 | 房屋年限:暂无数据 | 产权所属:非共有 | 抵押信息:有抵押 150万元 建设银行 客户偿还 | 房本备件:未上传房本照片,客厅 / 25.85平米 / 南 / 普通窗 ; 卧室A / 5.58平米 / 无 / 未知窗户类型 ; 卧室B / 10.22平米 / 无 / 未知窗户类型 ; 卧室C / 8.99平米 / 无 / 未知窗户类型 ; 厨房 / 5.85平米 / 东 / 普通窗 ; 卫 / 3.67平米 / 无 / 无窗 ; 阳台 / 4.68平米 / 南 / 普通窗 ; 过道 / 2.69平米 / 无 / 无窗,
此房满五年红本在手，看四季花城小山头，景观好安静,"春华四季园一期 , 坂田",2室1厅,69.57平米,南,,中楼层(共11层),2006年,板楼,440 万,63246 元,2,,,近地铁 | VR房源,https://sz.lianjia.com/ershoufang/105118292641.html,地铁 | VR房源,此房满五年红本在手，看四季花城小山头，景观好安静,总规划户数约3000户。6000平方米的湖坡、1000米的风情街——右一坊、室外泳池及室内恒温泳池、3000平方米的运动场地、幼儿园等等。二期户型产品丰富多样，包括70平方米左右的两房、95－122平方米左右的三房、136－157平方米的四-五房！,,,,,暂无数据,2024-09-15,商品房,普通住宅,暂无数据,非共有,无抵押,挂牌时间:2024-09-15 | 交易权属:商品房 | 上次交易:暂无数据 | 房屋用途:普通住宅 | 房屋年限:暂无数据 | 产权所属:非共有 | 抵押信息:无抵押 | 房本备件:未上传房本照片,客厅 / 22.22平米 / 东南 / 普通窗 ; 卧室A / 5.97平米 / 无 / 未知窗户类型 ; 卧室B / 12.31平米 / 无 / 未知窗户类型 ; 厨房 / 4.65平米 / 西北 / 普通窗 ; 卫生间 / 4.8平米 / 西北 / 落地窗 ; 阳台 / 10.2平米 / 西南 东北 东南 / 普通窗 ; 过道A / 1.92平米 / 无 / 无窗 ; 过道B / 8.52平米 / 无 / 无窗,
双地铁口，满五唯一，明亮卧，税费低，精致两房带花园,"高发悦驰苑 , 坂田",2室1厅,61平米,南 北,精装,低楼层(共6层),2015年,板楼,290 万,47541 元,39,,,近地铁 | VR房源 | 房本满五年,https://sz.lianjia.com/ershoufang/105114982073.html,地铁 | VR房源 | 房本满五年,此房满五唯一，带私家小花园可种花种菜，业主自住 装修保养好。,位于华为科技城，坐落在坂澜大道雪象第二幼儿园南侧，项目为6层洋房社区，只有2栋楼，分AB两座。低密度。15年建成并出售的电梯房 ，17年交楼，产权年限96年批地50年，属于住宅性质红本商品房。,,地铁10号线雪象站，百度地图显示距离约300多米，去福田只有6个站。隔壁有坂澜大道、梅观高速、沈海高速，出行方便。,,,2015-11-25,2023-10-07,商品房,普通住宅,满五年,非共有,有抵押 100万元,挂牌时间:2023-10-07 | 交易权属:商品房 | 上次交易:2015-11-25 | 房屋用途:普通住宅 | 房屋年限:满五年 | 产权所属:非共有 | 抵押信息:有抵押 100万元 | 房本备件:已上传房本照片,客厅 / 18.93平米 / 无 / 无窗 ; 卧室A / 9.88平米 / 东南 / 普通窗 ; 卧室B / 10.65平米 / 东南 / 普通窗 ; 厨房 / 4.79平米 / 西北 / 普通窗 ; 卫生间 / 4.43平米 / 西北 / 普通窗 ; 花园 / 24.65平米 / 西南 东北 东南 / 普通窗 ; 过道A / 2.97平米 / 无 / 无窗 ; 过道B / 3.67平米 / 西南 / 落地窗,
坂银首站精装复式  标准婆媳房 南向安静看园景,"万科第五园六期 , 坂田",4室2厅,142.9平米,南 北,精装,中楼层(共13层),2011年,板楼,798 万,55844 元,5,,,VR房源 | 房本满五年 | 随时看房,https://sz.lianjia.com/ershoufang/105119623945.html,VR房源 | 房本满五年 | 随时看房,坂银首站精装复式 标准婆媳房 南向安静看园景,万科第五园六期2010年开发建筑12年入伙，人车分流，车位充足，配套共享的五期带有游泳池、网球场、儿童娱乐场、老人休闲室，乐购商场，万科里商场，钱大妈，百果园，早餐店等。,,社区低密度人少 人行电动自行车少 人行道宽敞溜娃安全方便 坂银隧道首站社区，交通四通八达，出门直上坂雪岗大道，接驳南坪、清平的快速线路，近坂田手造文化街、万科广场等，星河Cocopark 八号仓等，10号线南坑站 5号线坂田站,,,2010-08-17,2025-02-09,商品房,普通住宅,满五年,非共有,无抵押,挂牌时间:2025-02-09 | 交易权属:商品房 | 上次交易:2010-08-17 | 房屋用途:普通住宅 | 房屋年限:满五年 | 产权所属:非共有 | 抵押信息:无抵押 | 房本备件:已上传房本照片,客厅 / 31.92平米 / 南 / 普通窗 ; 卧室A / 13.02平米 / 南 / 普通窗 ; 卧室B / 10.55平米 / 无 / 未知窗户类型 ; 卧室C / 12.84平米 / 南 / 普通窗 ; 卧室D / 17.49平米 / 南 / 落地窗 ; 厨房 / 5.03平米 / 北 / 普通窗 ; 卫A / 3.02平米 / 无 / 无窗 ; 卫B / 3.09平米 / 无 / 无窗 ; 卫C / 5.03平米 / 北 / 普通窗 ; 阳台A / 5.54平米 / 西 南 / 普通窗 ; 阳台B / 2.85平米 / 西 南 / 普通窗 ; 过道 / 10.11平米 / 北 / 落地窗 ; 门厅 / 8.73平米 / 北 / 落地窗 ; 衣帽间 / 3.76平米 / 无 / 无窗,
和成嘉业 3室2厅 南,"和成嘉业 , 坂田",3室2厅,90.03平米,南,,高楼层(共31层),2020年,,529 万,58759 元,2,,,近地铁 | VR看装修,https://sz.lianjia.com/ershoufang/105118839191.html,地铁 | VR看装修,,,,,,,暂无数据,2024-11-07,商品房,普通住宅,暂无数据,非共有,有抵押 业主自还,挂牌时间:2024-11-07 | 交易权属:商品房 | 上次交易:暂无数据 | 房屋用途:普通住宅 | 房屋年限:暂无数据 | 产权所属:非共有 | 抵押信息:有抵押 业主自还 | 房本备件:未上传房本照片,客厅 / 20.44平米 / 南 / 普通窗 ; 卧室A / 6.02平米 / 西 / 普通窗 ; 卧室B / 13.08平米 / 无 / 未知窗户类型 ; 卧室C / 9.35平米 / 无 / 未知窗户类型 ; 厨房 / 5.99平米 / 西 / 普通窗 ; 卫A / 3.71平米 / 无 / 无窗 ; 卫B / 2.91平米 / 西 / 普通窗 ; 阳台 / 4.57平米 / 西 南 / 普通窗 ; 过道 / 3平米 / 无 / 无窗,
万科四季花城客厅挑高6米，带私家车位和80平天台花园,"万科四季花城七期 , 坂田",5室1厅,203.86平米,南,精装,中楼层(共4层),2003年,板楼,1100 万,53959 元,7,,,近地铁 | VR房源 | 房本满五年,https://sz.lianjia.com/ershoufang/105117241172.html,地铁 | VR房源 | 房本满五年,万科四季花城客厅挑高6米，带私家车位和80平天台花园,小区由万科地产集团开发，一共有36个独立苑，共分七期开发，花园式小区，绿化植被很多，带露天游泳池和健身会所及相应运动器械供住户健身，社区运动氛围棒；万科物业24小时严格管控，夜间有保安巡逻，外人基本无法随意出入，人车分流，充分保护行人安全。,"：
小区内有博雅、曼京、海丽达幼儿园等，商场类有华润万家，海达和成购物广场、阳光湾畔，8号仓奥特莱斯等。医疗类有深圳坂田医院、布吉医院花城社康医院（小区内）；网球场，篮球场，健身会所等！",此房距离地铁5号线和10号线A口和600米，交通发达，小区旁边有布龙路、梅观高速、机荷高速、南坪快速等，乘坐公交或驾车出行到福田、罗湖、南山等地较方便（距离信息来源于百度地图）,,,2007-07-25,2024-06-09,商品房,普通住宅,满五年,非共有,无抵押,挂牌时间:2024-06-09 | 交易权属:商品房 | 上次交易:2007-07-25 | 房屋用途:普通住宅 | 房屋年限:满五年 | 产权所属:非共有 | 抵押信息:无抵押 | 房本备件:已上传房本照片,客厅 / 46.39平米 / 东 南 / 落地窗 ; 餐厅 / 11.27平米 / 北 / 落地窗 ; 卧室A / 17.34平米 / 无 / 未知窗户类型 ; 卧室B / 8.78平米 / 南 / 落地窗 ; 卧室C / 16.38平米 / 无 / 无窗 ; 卧室D / 16.63平米 / 南 / 落地窗 ; 厨房 / 6.21平米 / 南 / 普通窗 ; 卫A / 3.97平米 / 西 / 普通窗 ; 卫B / 4.6平米 / 西 / 普通窗 ; 阳台 / 3.66平米 / 西 / 普通窗 ; 露台（按现状绘制，如有偏差，以产权证明为准） / 82.44平米 / 西 北 东 南 / 普通窗 ; 储物间 / 4.04平米 / 北 / 普通窗 ; 楼梯间 / 9.02平米 / 无 / 无窗 ; 过道 / 18.11平米 / 无 / 未知窗户类型 ; 衣帽间 / 7.43平米 / 南 / 落地窗,
精装复式两房，地铁口，诚心出售,"华创云轩 , 坂田",2室1厅,29.61平米,南,精装,21层,2018年,板楼,160 万,54036 元,0,,,近地铁,https://sz.lianjia.com/ershoufang/105118816925.html,地铁,此房位于华为总部旁，复式上下两层，面积使用，中间楼层。,华创云轩占地面积：12553平方米 共2栋，其中A栋20层，B栋21层 小区有地下停车场车位充足，有四层商场，4楼为空中花园。,配套有万科城购物街、天虹商场、坂田购物广场，天安云谷大型商场，佳兆业城市广场，楼下上下四层的商场,小区楼下50米是地铁10号线华为站 小区门口有华为北公交站台 出行很便利,,,暂无数据,2024-11-05,商品房,商业办公类,暂无数据,非共有,无抵押,挂牌时间:2024-11-05 | 交易权属:商品房 | 上次交易:暂无数据 | 房屋用途:商业办公类 | 房屋年限:暂无数据 | 产权所属:非共有 | 抵押信息:无抵押 | 房本备件:未上传房本照片,客厅 / 14.62平米 / 南 / 落地窗 ; 卧室A / 6.3平米 / 北 / 普通窗 ; 卧室B / 7.65平米 / 无 / 未知窗户类型 ; 厨房 / 3.23平米 / 北 / 普通窗 ; 卫 / 2.66平米 / 北 / 普通窗 ; 过道 / 3.71平米 / 无 / 无窗,
三期1楼复式，采光好，视野没遮挡。,"佳兆业中央广场三期 , 坂田",6室2厅,138.67平米,南,,46层,2016年,塔楼,960 万,69230 元,0,,,近地铁 | VR房源,https://sz.lianjia.com/ershoufang/105120845008.html,地铁 | VR房源,此房是三期楼复式，视野没有被遮挡，采光好。,小区规划大型雪象体育公园，三十万商 业综合MALL，270米层高五星国际酒店，百度测量1公 里范围内雪象医院、肖传国医院，地铁10号线雪象、岗头双地铁口，坂银隧道去福田南山交通便捷。,新社区，人车分流，24小时保安轮流值班，社区有自己的健身广场和花园，园林式社区。占地约300000平，建面约1800000平米，依托高新技术产业园，佳兆业城市广场物业形态丰富，集住宅、酒店于一体。小区左边是天安云谷、华为总部,"：
地铁十号线雪象站A出口，沿着坂雪岗大道可以去梅林关（去关内方向）、也可以转布龙路转南坪快速和水官高速，也可以从转贝尔路再转梅关高速，上坂澜大道可以去观澜也可以去平湖。交通很方便。高速交通：梅观高速、清平高速、坂雪岗大道、南坪快速。",,,暂无数据,2025-05-24,商品房,普通住宅,暂无数据,非共有,有抵押,挂牌时间:2025-05-24 | 交易权属:商品房 | 上次交易:暂无数据 | 房屋用途:普通住宅 | 房屋年限:暂无数据 | 产权所属:非共有 | 抵押信息:有抵押 | 房本备件:未上传房本照片,客厅 / 17.32平米 / 北 / 普通窗 ; 卧室A / 18.12平米 / 无 / 无窗 ; 卧室B / 14.42平米 / 无 / 无窗 ; 卧室C / 8.8平米 / 北 / 普通窗 ; 卧室D / 9.43平米 / 北 / 落地窗 ; 卧室E / 6.57平米 / 无 / 无窗 ; 卧室F / 14.59平米 / 北 / 普通窗 ; 卧室G / 8.59平米 / 北 / 普通窗 ; 卧室H / 9.21平米 / 北 / 落地窗 ; 厨房 / 5.59平米 / 北 / 普通窗 ; 卫A / 3.61平米 / 北 / 普通窗 ; 卫B / 5.05平米 / 北 / 普通窗 ; 卫C / 3.61平米 / 北 / 普通窗 ; 阳台A / 3.54平米 / 无 / 无窗 ; 阳台B / 7.66平米 / 北 / 普通窗 ; 阳台C / 11.09平米 / 北 / 普通窗 ; 阳台D / 3.79平米 / 北 / 普通窗 ; 储 / 1.77平米 / 无 / 无窗 ; 过道A / 7.1平米 / 无 / 无窗 ; 过道B / 28.45平米 / 无 / 未知窗户类型 ; 过道C / 18.06平米 / 无 / 未知窗户类型,
电梯高层次新房，方正大4房，坂银通道首排离关内近！,"华晖瑞禧 , 坂田",4室2厅,142.91平米,南 北,精装,高楼层(共43层),2020年,塔楼,720 万,50382 元,5,,,近地铁 | VR看装修,https://sz.lianjia.com/ershoufang/105116096599.html,地铁 | VR看装修,户型方正，客厅大阳台正南朝向看银湖山景，精装修买来直接入住。,2020年次新小区，小区位于银湖山1公里处，距鸡公山隧道1.5公里，方便到达罗湖，福田，南山。自带幼儿园，充足停车位，楼下买生活所需也方便。,享受 15 年一站式，首先项目自带一所 9 班约 3000 ㎡幼儿园，同时在项目西北约 500 米处有一所 9 年一贯制的公立——坂田实验（30 班小、15 班中）。另外，项目南面为规划教育用地，3 公里范围内还有一所全国唯一的科学高中。,两横四纵”成熟交通路网体系（两横：布龙路、南坪快速；四纵：五和大道、坂雪岗大道、梅观高速、清平高速）；邻近地铁5号线坂田站； 地处鸡公山通道首排，约一刻钟直达福田区，建立起快速通达全城的半小时生活圈。,,,暂无数据,2024-02-22,商品房,普通住宅,暂无数据,非共有,有抵押 570万元 浦发银行,挂牌时间:2024-02-22 | 交易权属:商品房 | 上次交易:暂无数据 | 房屋用途:普通住宅 | 房屋年限:暂无数据 | 产权所属:非共有 | 抵押信息:有抵押 570万元 浦发银行 | 房本备件:未上传房本照片,客厅 / 43.97平米 / 西 南 / 落地窗 ; 卧室A / 15.98平米 / 无 / 未知窗户类型 ; 卧室B / 10.73平米 / 无 / 未知窗户类型 ; 卧室C / 9.27平米 / 无 / 未知窗户类型 ; 卧室D / 10.46平米 / 无 / 未知窗户类型 ; 厨房 / 7.61平米 / 东 / 普通窗 ; 卫A / 4.6平米 / 东 / 普通窗 ; 卫B / 5.46平米 / 北 / 落地窗,
拎包即住，配套完备，安静宜居，佳兆业悦峰复式四房,"佳兆业悦峰2期 , 坂田",4室2厅,131.63平米,南,精装,低楼层(共28层),2015年,,888 万,67462 元,0,,,VR房源 | 房本满五年,https://sz.lianjia.com/ershoufang/105117326031.html,VR房源 | 房本满五年,此房满五年，朝南，看花园，两层端户精装复式自住保养好,佳兆业悦峰是佳兆业开发商，是上市房企排名靠前的开发商，开发商实力雄厚，佳兆业物业也是比较优质的物业管理公司，为小区高品质生活保驾护航。该小区是2013年竣工2015年交房的次新小区，佳兆业物业，容积2.5，车位1：1带有室内篮球场，生活配套较齐全。,,有地铁5号线杨美站C出口900米（参考高德地图），4站抵深圳北站深圳东站，西至赤湾东至黄贝岭。或步行400米至宏扬公交站也有多条公交路线可达深圳各区域。衔接各大高速快速，3公里内直上布龙路、清平高速、水官高速，南坪快速、梅观高速、坂银通道等,,,2015-02-12,2024-06-18,商品房,普通住宅,满五年,非共有,有抵押,挂牌时间:2024-06-18 | 交易权属:商品房 | 上次交易:2015-02-12 | 房屋用途:普通住宅 | 房屋年限:满五年 | 产权所属:非共有 | 抵押信息:有抵押 | 房本备件:已上传房本照片,客厅 / 41.92平米 / 西南 东北 东南 / 落地窗 ; 卧室A / 14.62平米 / 无 / 未知窗户类型 ; 卧室B / 16.52平米 / 无 / 未知窗户类型 ; 卧室C / 14.37平米 / 西南 / 落地窗 ; 卧室D / 8.02平米 / 东北 / 普通窗 ; 厨房 / 6.26平米 / 东北 / 普通窗 ; 卫A / 3.99平米 / 无 / 未知窗户类型 ; 卫B / 4.01平米 / 无 / 未知窗户类型 ; 卫C / 4.37平米 / 东北 / 普通窗 ; 阳台A / 6.44平米 / 西南 / 落地窗 ; 阳台B / 0.97平米 / 东南 / 普通窗 ; 阳台C / 6.97平米 / 西南 / 落地窗 ; 过道 / 19.81平米 / 无 / 未知窗户类型,
此房满五年 高楼层  视野开阔  电梯房  税费少,"星光之约 , 坂田",3室2厅,94.58平米,南,,高楼层(共10层),2002年,板楼,430 万,45465 元,0,,,近地铁 | VR房源 | 房本满五年,https://sz.lianjia.com/ershoufang/105121919612.html,地铁 | VR房源 | 房本满五年,此房装修保养好，满五年，三房两卫，高楼层，采光充足。,星光之约花园位于坂田梅坂大道南。小区1998年批地，2004年入住，小区有6栋住宅楼，1-3栋为楼梯，4-6栋为电梯，全部是小高层建筑，主要是两房--四房户型，小区四周不临路，安静，内部有篮球场、休闲广场等设施。,小区门口是临街商铺，有钱大妈，各式餐饮，生活集市等。小区距离星河WORLD cocopark商场只有600米左右；距离8号仓奥特莱斯商场约1.7公里；距离南坑农贸市场约1公里；小区距离雅宝山体公园约1.2公里。,小区大门口是五和大道，路边有星光之约公交站台，10号线南坑站和雅宝站距离小区都是约500米左右。五和大道与坂雪岗大道、布龙路、龙华大道，民治大道等多条主干道衔接，小区到梅林关仅2个红绿灯，小区2公里范围内覆盖梅观高速，南坪快速，坂银通道等快速路。,,,2003-07-24,2025-08-26,商品房,普通住宅,满五年,非共有,有抵押 350万元 建行 金融公司垫资,挂牌时间:2025-08-26 | 交易权属:商品房 | 上次交易:2003-07-24 | 房屋用途:普通住宅 | 房屋年限:满五年 | 产权所属:非共有 | 抵押信息:有抵押 350万元 建行 金融公司垫资 | 房本备件:已上传房本照片,客厅 / 24.26平米 / 北 / 普通窗 ; 卧室A / 9.47平米 / 无 / 未知窗户类型 ; 卧室B / 14.29平米 / 无 / 未知窗户类型 ; 卧室C / 8.43平米 / 无 / 未知窗户类型 ; 厨房 / 4.3平米 / 西 / 落地窗 ; 卫A / 4.28平米 / 南 / 普通窗 ; 卫B / 4.1平米 / 无 / 落地窗 ; 阳台A / 4.93平米 / 西 北 / 普通窗 ; 阳台B / 1.87平米 / 西 / 落地窗 ; 过道 / 2.94平米 / 无 / 无窗,
此房户型方正，南北通，业主装修布置得体。,"和成嘉业 , 坂田",3室1厅,91.21平米,南 北,,低楼层(共30层),2020年,,505 万,55367 元,2,,,近地铁 | VR看装修,https://sz.lianjia.com/ershoufang/105116927712.html,地铁 | VR看装修,业主诚心卖，房子利用率较高，高楼层视野开阔，居家舒适。,"小区由金合成开发和管理,于2016年批地,2019年入伙,共有800多户,两层车库,车位不紧张,车位1：1，主力户型为80-89-91-118-1140平,3-5房都是带装修交楼,采光好,围合式建筑风格,人车分流,小区地势高,通风好,",小区自带乒乓球室、棋牌室及锻炼器材广场。门口有华润万家，钱大妈，龙华大润发沃尔玛往返车等满足业主的日常需求。步行700米可至杨美美食街，鑫华盛百货，美家福百货等。距离深圳坂田医院2500米。3公里内有坂田天虹，佳华领汇广场，8号仓，星河。,参靠高德地图）地铁5号线杨美站C出口792米，西至前海湾东至黄贝岭。东南门M572路可直达终点深圳北站或步行792米至杨美地铁公交站有多条公交路线可达深圳各区域。可直上布龙路、清平、南坪、水官，坂银隧道已建成通车，实现10公里至福田皇岗立交。,,,暂无数据,2024-05-08,商品房,普通住宅,暂无数据,非共有,有抵押 300万元 工商银行罗湖支行 客户偿还,挂牌时间:2024-05-08 | 交易权属:商品房 | 上次交易:暂无数据 | 房屋用途:普通住宅 | 房屋年限:暂无数据 | 产权所属:非共有 | 抵押信息:有抵押 300万元 工商银行罗湖支行 客户偿还 | 房本备件:未上传房本照片,客厅 / 20.01平米 / 北 / 普通窗 ; 卧室A / 6.89平米 / 西 / 普通窗 ; 卧室B / 13.05平米 / 无 / 未知窗户类型 ; 卧室C / 9.68平米 / 无 / 未知窗户类型 ; 厨房 / 5.98平米 / 西 / 普通窗 ; 卫A / 3.86平米 / 南 / 普通窗 ; 卫B / 3.09平米 / 西 / 普通窗 ; 阳台 / 4.58平米 / 北 东 / 普通窗 ; 过道 / 2.98平米 / 无 / 无窗,
新装修，套内使用面积达180多平，4阳台，楼层好,"万科第五园六期 , 坂田",4室2厅,153.3平米,南,,中楼层(共20层),2011年,板塔结合,1080 万,70451 元,0,,,VR房源,https://sz.lianjia.com/ershoufang/105121996101.html,VR房源,新装修，套内使用面积达180多平，4阳台，楼层好，采光充足。,,,小区出门100米有公交站台，去华为和民治、福田、罗湖方向的车都有，自驾车出门右转就直通南坪快速.坂银通道已经开通，去福田、南山、罗湖很方便。,,,暂无数据,2025-09-02,商品房,普通住宅,暂无数据,非共有,有抵押,挂牌时间:2025-09-02 | 交易权属:商品房 | 上次交易:暂无数据 | 房屋用途:普通住宅 | 房屋年限:暂无数据 | 产权所属:非共有 | 抵押信息:有抵押 | 房本备件:未上传房本照片,客厅 / 40.84平米 / 北 东 / 落地窗 ; 多功能间 / 21.32平米 / 北 / 落地窗 ; 卧室A / 24.27平米 / 无 / 未知窗户类型 ; 卧室B / 8.29平米 / 南 / 落地窗 ; 卧室C / 14.07平米 / 南 / 普通窗 ; 厨房 / 10.17平米 / 北 / 普通窗 ; 卫生间A / 5.39平米 / 西 / 普通窗 ; 卫生间B / 5.69平米 / 东 / 落地窗 ; 阳台A / 2.78平米 / 西 东 南 / 落地窗 ; 阳台B / 5.61平米 / 南 / 普通窗 ; 阳台C / 4.37平米 / 东 / 落地窗 ; 阳台D / 8.07平米 / 北 / 落地窗 ; 阳台E / 8.75平米 / 北 / 落地窗 ; 储物间A / 8.77平米 / 南 / 落地窗 ; 储物间B / 5.13平米 / 无 / 无窗 ; 过道 / 7平米 / 无 / 无窗 ; 门厅 / 3平米 / 无 / 无窗,
佳兆业城广三期，满五年，中间楼层，看花园，4+1户型,"佳兆业中央广场三期 , 坂田",4室2厅,122.3平米,西南 东北,精装,45层,2016年,塔楼,758 万,61979 元,0,,,近地铁 | VR看装修,https://sz.lianjia.com/ershoufang/105119249133.html,地铁 | VR看装修,三期4+1户型，高楼层看花园，满五年，位置安静，诚心出售,小区规模：总共分为6期10000户的大盘，总占地约300000，建面约1800000平米。3个幼儿园，150000平米综合MALL，万豪酒店（六期项目）。,新社区，人车分流，车位充足，24小时保安轮流值班，社区有自己的健身广场和花园，园林式社区，依托高新技术产业园，佳兆业城市广场物业形态丰富，集住宅、酒店于一体。隔壁就是天安云谷、华为总部。,地铁10号线：岗头~雪象站口，项目是靠着坂雪岗大道和坂澜大道，沿着坂雪岗大道可以去梅林关，也可以转布龙路转南坪快速和水官高速，也可以从转贝尔路再转梅关高速，上坂澜大道可以去观澜也可以去平湖。高速交通：梅观高速、清平高速、坂雪岗大道。,,,暂无数据,2024-12-19,商品房,普通住宅,暂无数据,非共有,有抵押 200万元,挂牌时间:2024-12-19 | 交易权属:商品房 | 上次交易:暂无数据 | 房屋用途:普通住宅 | 房屋年限:暂无数据 | 产权所属:非共有 | 抵押信息:有抵押 200万元 | 房本备件:未上传房本照片,客厅 / 18.12平米 / 无 / 无窗 ; 卧室A / 10.19平米 / 东北 / 普通窗 ; 卧室B / 10.81平米 / 东北 / 落地窗 ; 卧室C / 16.17平米 / 无 / 未知窗户类型 ; 卧室D / 8.62平米 / 无 / 普通窗 ; 厨房 / 7.71平米 / 西北 / 普通窗 ; 卫A / 4.28平米 / 东北 / 普通窗 ; 卫B / 3.34平米 / 无 / 未知窗户类型 ; 阳台A / 6.7平米 / 东北 东南 / 普通窗 ; 阳台B / 3.04平米 / 西北 / 普通窗 ; 储物间 / 25.31平米 / 东北 / 落地窗 ; 过道 / 6.79平米 / 无 / 无窗,
苑中苑位置，前后双阳台，满五年唯一,"万科四季花城二期 , 坂田",3室1厅,100.44平米,南,,6层,2000年,板楼,435 万,43310 元,8,,,近地铁 | VR房源,https://sz.lianjia.com/ershoufang/105118720523.html,地铁 | VR房源,满五年唯一，中间安静位置，前后双阳台,小区由万科地产集团开发，一共有36个独立苑，共分七期开发，花园式小区，绿化植被很多，带露天游泳池和健身会所及相应运动器械供住户健身，社区运动氛围棒；万科物业24小时严格管控，夜间有保安巡逻，外人基本无法随意出入，人车分流，充分保护行人安全。,"：
小区内有博雅、曼京、海丽达幼儿园，花城社康，网球场，篮球场；三个泳池，健身会所等；附近商场有万科广场，8号仓，天虹，百佳华；附近医疗：坂田医院，深圳市第二儿童医院等；附近公园：黄金山公园，银湖山郊野公园",小区东门距离地铁5号线和10号线双地铁口50米，地铁连接的站点有深圳北站、布吉、太安、黄贝岭、宝安、前海湾（以上都为地铁中转站）交通发达，有布龙路、梅观高速、机荷高速、南坪快速等，乘坐公交或驾车出行到福田、罗湖、南山等地较方便。,,,暂无数据,2024-10-27,商品房,普通住宅,暂无数据,非共有,有抵押 230万元 银行 客户偿还,挂牌时间:2024-10-27 | 交易权属:商品房 | 上次交易:暂无数据 | 房屋用途:普通住宅 | 房屋年限:暂无数据 | 产权所属:非共有 | 抵押信息:有抵押 230万元 银行 客户偿还 | 房本备件:未上传房本照片,客厅 / 35.49平米 / 北 南 / 普通窗 ; 卧室A / 7.2平米 / 北 / 普通窗 ; 卧室B / 8.7平米 / 北 / 落地窗 ; 卧室C / 15.45平米 / 无 / 未知窗户类型 ; 厨房 / 4.84平米 / 北 / 普通窗 ; 卫生间A / 3.19平米 / 西 / 普通窗 ; 卫生间B / 4.02平米 / 北 / 普通窗 ; 阳台A / 2.63平米 / 北 / 普通窗 ; 阳台B / 4.79平米 / 西 东 南 / 普通窗,
双地铁口物业，此房适合老人小孩居住,"和成嘉业 , 坂田",5室1厅,140.61平米,南 北,,低楼层(共32层),2020年,,930 万,66141 元,0,,,近地铁 | VR房源 | 随时看房,https://sz.lianjia.com/ershoufang/105121762559.html,地铁 | VR房源 | 随时看房,此房南北通，采光好，看房方便看房,"小区由金合成开发和管理,于2016年批地,2019年入伙,共有800多户,两层车库,车位不紧张,车位1：1.8，主力户型为80-89-91-118-1140平,3-5房都是带装修交楼,采光好,围合式建筑风格,人车分流,小区地势高,通风好,居住舒适度高",小区自带乒乓球室、棋牌室及锻炼器材广场。门口有华润万家，钱大妈，龙华大润发沃尔玛往返车等满足业主的日常需求。步行700米可至杨美美食街，鑫华盛百货，美家福百货等。距离深圳坂田医院2500米。3公里内有坂田天虹，佳华领汇广场，8号仓，星河。,（参靠高德地图）地铁5号线杨美站C出口792米，西至前海湾东至黄贝岭。东南门M572路可直达终点深圳北站或步行792米至杨美地铁公交站有多条公交路线可达深圳各区域。可直上布龙路、清平、南坪、水官，坂银隧道已建成通车，实现10公里至福田皇岗立交。,,,暂无数据,2025-08-12,商品房,普通住宅,暂无数据,非共有,无抵押,挂牌时间:2025-08-12 | 交易权属:商品房 | 上次交易:暂无数据 | 房屋用途:普通住宅 | 房屋年限:暂无数据 | 产权所属:非共有 | 抵押信息:无抵押 | 房本备件:未上传房本照片,客厅 / 27.43平米 / 北 南 / 普通窗 ; 卧室A / 9.29平米 / 无 / 未知窗户类型 ; 卧室B / 8.58平米 / 北 / 普通窗 ; 卧室C / 13.87平米 / 无 / 未知窗户类型 ; 卧室D / 10.84平米 / 无 / 未知窗户类型 ; 卧室E / 11.14平米 / 无 / 未知窗户类型 ; 厨房 / 5.92平米 / 南 / 普通窗 ; 卫A / 3.86平米 / 无 / 未知窗户类型 ; 卫B / 4.39平米 / 北 / 普通窗 ; 阳台A / 6.56平米 / 北 东 / 普通窗 ; 阳台B / 3.4平米 / 东 南 / 普通窗 ; 过道 / 7.9平米 / 无 / 无窗 ; 衣帽间 / 4.04平米 / 无 / 无窗,
即刻入住，双地铁精装次新，大3房,"佳兆业中央广场三期 , 坂田",3室1厅,88.95平米,北,精装,46层,2015年,塔楼,548 万,61608 元,106,,,近地铁 | VR看装修 | 房本满五年,https://sz.lianjia.com/ershoufang/105104026967.html,地铁 | VR看装修 | 房本满五年,城市广场二期三房两卫，带入户，带储物间，精装修，安静位置,全新社区，人车分流，24小时保安轮流值班，社区有自己的健身广场和花园，园林式社区。占地约***平，建面约***平米，依托高新技术产业园，佳兆业城市广场物业形态丰富，集住宅、酒店于一体。旁边就是天安云谷、华为总部,,10号线地铁物业，项目是挨着坂雪岗大道和坂澜大道，沿着坂雪岗大道可以去梅林关，也可以转布龙路转南坪快速和水官高速，也可以从转贝尔路再转梅关高速，上坂澜大道可以去观澜也可以去平湖；多条公交路线直达罗湖、福田，交通很便利。,,,2014-03-03,2020-04-06,商品房,普通住宅,满五年,非共有,有抵押 110万元,挂牌时间:2020-04-06 | 交易权属:商品房 | 上次交易:2014-03-03 | 房屋用途:普通住宅 | 房屋年限:满五年 | 产权所属:非共有 | 抵押信息:有抵押 110万元 | 房本备件:已上传房本照片,客厅 / 34.81平米 / 无 / 未知窗户类型 ; 卧室A / 7.47平米 / 无 / 未知窗户类型 ; 卧室B / 11.7平米 / 无 / 未知窗户类型 ; 卧室C / 8.09平米 / 无 / 未知窗户类型 ; 厨房 / 5.5平米 / 西 / 普通窗 ; 卫生间A / 3.69平米 / 北 / 普通窗 ; 卫生间B / 3.77平米 / 无 / 未知窗户类型 ; 阳台A / 3.79平米 / 北 东 / 普通窗 ; 阳台B / 4.73平米 / 西 / 普通窗 ; 储物间 / 4.24平米 / 无 / 未知窗户类型 ; 过道A / 2.15平米 / 无 / 无窗 ; 过道B / 3.31平米 / 无 / 无窗,
朝南2+2房视野好满五年诚心出售,"春华四季园一期 , 坂田",4室2厅,68.99平米,南,精装,高楼层(共11层),2006年,板楼,428 万,62038 元,0,,,近地铁 | VR房源,https://sz.lianjia.com/ershoufang/105121743125.html,地铁 | VR房源,朝南2+2房视野好满五年诚心出售,小区分一二期开发，共43栋，3000户，一期人车分流，近小区人工湖，位置安静，居家大社区,小区自带：小区一条街、华润万家、特蕾丝幼儿园、游泳馆、网球场、篮球场、羽毛球场、休闲会所等配套，生活购物便利，购物：8号仓奥特莱斯、龙华名车广场，东门离阳光湾畔购物广场、海达和成购物广场,小区离地铁五和站1500米，深圳北站2公里，小区南门有多趟公交车直达南山，罗湖，福田，开车可以直接在南门上梅观高速转南坪快速，机荷高速，关口位置，交通便利,,,暂无数据,2025-08-10,商品房,普通住宅,暂无数据,非共有,有抵押 200万元,挂牌时间:2025-08-10 | 交易权属:商品房 | 上次交易:暂无数据 | 房屋用途:普通住宅 | 房屋年限:暂无数据 | 产权所属:非共有 | 抵押信息:有抵押 200万元 | 房本备件:未上传房本照片,客厅 / 25.9平米 / 南 / 落地窗 ; 卧室A / 7.53平米 / 无 / 未知窗户类型 ; 卧室B / 12.59平米 / 无 / 未知窗户类型 ; 卧室C / 11.1平米 / 西 南 / 落地窗 ; 厨房 / 5.55平米 / 北 / 普通窗 ; 卫 / 3.66平米 / 无 / 未知窗户类型 ; 阳台 / 4.96平米 / 西 南 / 落地窗 ; 阁楼 / 7.03平米 / 南 / 落地窗,
佳华领汇三房，通风采光不错 ，诚心卖,"佳华领汇广场 , 坂田",3室2厅,88.02平米,南 北,精装,高楼层(共32层),2016年,塔楼,538 万,61123 元,0,,,近地铁 | VR看装修 | 随时看房,https://sz.lianjia.com/ershoufang/105121646356.html,地铁 | VR看装修 | 随时看房,满五看房比较方便，诚心卖，通风不错。。,佳华领汇一期是住宅，二期是6层的商场综合体，隔路相望是天虹商场坂田店，吃喝玩乐一应俱全,,地铁现有10号线和5号线已开通，10号线坂田北站A 出口320米，10+5交汇的五和D出口860米，走路都可以到达。 开车到G94很方便，可转南坪快速往宝安CBD和南山,,,暂无数据,2025-08-01,商品房,普通住宅,暂无数据,非共有,有抵押 330万元,挂牌时间:2025-08-01 | 交易权属:商品房 | 上次交易:暂无数据 | 房屋用途:普通住宅 | 房屋年限:暂无数据 | 产权所属:非共有 | 抵押信息:有抵押 330万元 | 房本备件:未上传房本照片,客厅 / 37平米 / 无 / 未知窗户类型 ; 卧室A / 11.81平米 / 西南 / 落地窗 ; 卧室B / 8.63平米 / 无 / 未知窗户类型 ; 卧室C / 9.06平米 / 东北 / 落地窗 ; 厨房 / 6.01平米 / 东北 / 普通窗 ; 卫A / 3.6平米 / 东南 / 落地窗 ; 卫B / 2.58平米 / 无 / 未知窗户类型 ; 阳台A / 5.08平米 / 西南 西北 东南 / 落地窗 ; 阳台B / 5.28平米 / 西南 西北 / 普通窗 ; 阳台C / 1.95平米 / 东北 / 普通窗,
高楼层，采光佳，正南朝向，诚心出售,"诺德中央道 , 坂田",3室2厅,89.38平米,南,精装,高楼层(共33层),2014年,板楼,447 万,50012 元,0,,,VR看装修,https://sz.lianjia.com/ershoufang/105121809521.html,VR看装修,高楼层，正南朝向，采光佳，精装修保养好，诚心出售,,楼下自带餐厅和便利店，能满足日常生活需求。坂田街道办200米，400米大族云峰商场，万科里购物广场680米，华润万家旭景佳园分店760米，坂田手造文化街1000米，650米处有银湖山郊野公园，还有钓鱼场，配套比较齐全,"四通八达,小区邻布龙路坂雪岗大道两大动脉,南面1km上坂银南坪,通达福田南山方便；东面两个灯位上清平水官,通达罗湖盐田惠州；西北侧2km上G94,1h到宝安东莞广州；北达天安和华为。250米到5号线坂田地铁口,1站换10号线到福田口岸。小区南门就是坂银隧道",,,2023-06-10,2025-08-16,商品房,普通住宅,暂无数据,非共有,有抵押 230万元 招商银行 客户偿还,挂牌时间:2025-08-16 | 交易权属:商品房 | 上次交易:2023-06-10 | 房屋用途:普通住宅 | 房屋年限:暂无数据 | 产权所属:非共有 | 抵押信息:有抵押 230万元 招商银行 客户偿还 | 房本备件:已上传房本照片,客厅 / 32.46平米 / 无 / 未知窗户类型 ; 卧室A / 12.85平米 / 南 / 普通窗 ; 卧室B / 7.46平米 / 无 / 未知窗户类型 ; 卧室C / 11.77平米 / 北 / 普通窗 ; 厨房 / 4.8平米 / 北 / 普通窗 ; 卫A / 3.9平米 / 北 / 普通窗 ; 卫B / 3.9平米 / 北 / 普通窗 ; 阳台A / 3.96平米 / 南 / 普通窗 ; 阳台B / 1.55平米 / 北 / 普通窗,
复式两房 地铁口 有小区 燃气,"华创云轩 , 坂田",2室1厅,29.08平米,南,精装,20层,2018年,塔楼,140 万,48144 元,0,,,近地铁 | 随时看房,https://sz.lianjia.com/ershoufang/105117777244.html,地铁 | 随时看房,华为地铁口，复式，有小区，带燃气，出行方便,华创云轩占地面积12553平，共2栋。小区地下车位充足，自带四层商场,旁边是华为总部，2公里范围内有四万平的佳华领汇mall和天虹mall等多个大型购物商场，三甲综合医院吉华医院正在建设，9月份深圳人民医院坂田院区投入使用,交通便利，拥有立体的交通网络：地铁10号线华为站RDO下楼即到，10号线地铁已开通，坂银通道已开通，项目直达市区！机荷、清平、梅观、南坪，通达全,,,暂无数据,2024-07-30,商品房,商业办公类,暂无数据,共有,有抵押 60万元,挂牌时间:2024-07-30 | 交易权属:商品房 | 上次交易:暂无数据 | 房屋用途:商业办公类 | 房屋年限:暂无数据 | 产权所属:共有 | 抵押信息:有抵押 60万元 | 房本备件:未上传房本照片,客厅 / 12.98平米 / 北 / 落地窗 ; 卧室A / 5.65平米 / 南 / 普通窗 ; 卧室B / 6.75平米 / 无 / 未知窗户类型 ; 厨房 / 3.33平米 / 南 / 普通窗 ; 卫 / 2.05平米 / 南 / 普通窗 ; 过道 / 3.84平米 / 无 / 无窗,
中间楼层 南北通透三房 户型方正 精装修 采光充足,"万科四季花城三期 , 坂田",3室2厅,106.85平米,南 北,,中楼层(共7层),2001年,板楼,468 万,43800 元,2,,,近地铁 | VR看装修,https://sz.lianjia.com/ershoufang/105119266191.html,地铁 | VR看装修,中间楼层 南北通透三房 户型方正 精装修 采光充足,小区由万科地产集团开发，一共有36个独立苑，共分七期开发，花园式小区，绿化植被很多，带露天游泳池和健身会所及相应运动器械供住户健身，社区运动氛围棒；万科物业24小时严格管控，夜间有保安巡逻，外人基本无法随意出入，人车分流，充分保护行人安全。,小区内有博雅幼儿园、海丽达幼儿园等，商场类有华润万家，五和购物广场、海达和成购物广场、坂田民营市场等。医疗类有深圳坂田医院、龙华人民医院、布吉医院花城社康医院（小区内）；银行为招商银行、中国银行、民生银行自助机及平安银行等，各式卖菜.,小区东门距离地铁5号线和10号线100米，地铁连接的站点有深圳北站、布吉、太安、黄贝岭、宝安、前海湾（以上都为地铁中转站）交通发达，有布龙路、梅观高速、机荷高速、南坪快速等，乘坐公交或驾车出行到福田、罗湖、南山等地较方便,,,暂无数据,2024-12-21,商品房,普通住宅,暂无数据,非共有,有抵押 300万元 招商银行 金融公司垫资,挂牌时间:2024-12-21 | 交易权属:商品房 | 上次交易:暂无数据 | 房屋用途:普通住宅 | 房屋年限:暂无数据 | 产权所属:非共有 | 抵押信息:有抵押 300万元 招商银行 金融公司垫资 | 房本备件:未上传房本照片,客厅 / 33.18平米 / 北 南 / 普通窗 ; 卧室A / 8.03平米 / 北 / 普通窗 ; 卧室B / 10.35平米 / 无 / 未知窗户类型 ; 卧室C / 17.87平米 / 无 / 未知窗户类型 ; 厨房 / 5.17平米 / 北 / 普通窗 ; 卫A / 2.81平米 / 南 / 普通窗 ; 卫B / 4.38平米 / 东 / 普通窗 ; 阳台A / 3.21平米 / 北 东 / 普通窗 ; 阳台B / 5.26平米 / 东 南 / 普通窗 ; 过道 / 3.24平米 / 无 / 无窗,
贝尔路地铁站楼上，有入户花园，朝南看园林的3-1房,"中海日辉台 , 坂田",3室2厅,94.29平米,南,,中楼层(共8层),2005年,塔楼,480 万,50907 元,3,,,近地铁 | VR看装修,https://sz.lianjia.com/ershoufang/105119273384.html,地铁 | VR看装修,贝尔路地铁站楼上，有入户花园，朝南看园林的3-1房,中海开发商，自持物业，打造夏威夷风情园林，低密度，高绿化覆盖。小区内有游泳池，活动中 心泛会所，篮球场，儿童游乐活动场地,出门2公里范围内，有天虹商场，百佳华商场，世纪华贸商场，坂田医院，雪竹径公园，贝尔公园等，生活休闲方便,门口双地铁：10号，25号线（在建设）。10号线2站到五河站链接5号环中线，西通龙华、宝安、南山，东达龙岗、罗湖。接深圳北站和深圳东站两大交通枢纽。10号线北通平湖【双拥街】，南通罗湖【福田口岸】，交通便捷。 陆路交通：坂雪岗大道，五河大道，G94高速,,,暂无数据,2024-12-22,商品房,普通住宅,暂无数据,非共有,无抵押,挂牌时间:2024-12-22 | 交易权属:商品房 | 上次交易:暂无数据 | 房屋用途:普通住宅 | 房屋年限:暂无数据 | 产权所属:非共有 | 抵押信息:无抵押 | 房本备件:未上传房本照片,客厅 / 20.35平米 / 南 / 落地窗 ; 卧室A / 12.59平米 / 无 / 未知窗户类型 ; 卧室B / 8.54平米 / 无 / 未知窗户类型 ; 卧室C / 8.68平米 / 无 / 未知窗户类型 ; 厨房 / 5.15平米 / 北 / 普通窗 ; 卫A / 3.97平米 / 无 / 未知窗户类型 ; 卫B / 4.22平米 / 无 / 未知窗户类型 ; 阳台A / 3.76平米 / 东 南 / 普通窗 ; 阳台B / 2.49平米 / 西 北 / 普通窗 ; 入户花园 / 13.89平米 / 北 / 落地窗 ; 过道 / 3.04平米 / 无 / 无窗,
四季花城南北向三房出售，户型方正，红本在手,"万科四季花城三期 , 坂田",3室2厅,105.4平米,南 北,,中楼层(共7层),2001年,板楼,480 万,45541 元,0,,,近地铁 | VR看装修 | 随时看房,https://sz.lianjia.com/ershoufang/105121988213.html,地铁 | VR看装修 | 随时看房,房子南北向，双阳台， 户型方正，红本在手，看房有钥匙!,小区由万科地产集团开发，一共有36个独立苑，共分七期开发，花园式小区，绿化植被很多，带露天游泳池和健身会所及相应运动器械供住户健身，社区运动氛围棒；万科物业24小时严格管控，夜间有保安巡逻，外人基本无法随意出入，人车分流，充分保护行人安全。,小区内有博雅、曼京、海丽达幼儿园等，商场类有华润万家，海达和成购物广场、阳光湾畔，8号仓奥特莱斯等。医疗类有深圳坂田医院、布吉医院花城社康医院（小区内）；网球场，篮球场，健身会所等！,此房距离地铁5号线和10号线300米，交通方便，小区旁边有布龙路、梅观高速、机荷高速、南坪快速等，乘坐公交或驾车出行到福田、罗湖、南山等地较方便（距离信息来源于百度地图）,,,暂无数据,2025-09-01,商品房,普通住宅,暂无数据,共有,无抵押,挂牌时间:2025-09-01 | 交易权属:商品房 | 上次交易:暂无数据 | 房屋用途:普通住宅 | 房屋年限:暂无数据 | 产权所属:共有 | 抵押信息:无抵押 | 房本备件:未上传房本照片,客厅 / 32.81平米 / 北 南 / 普通窗 ; 卧室A / 17.36平米 / 无 / 未知窗户类型 ; 卧室B / 10.32平米 / 无 / 未知窗户类型 ; 卧室C / 8.16平米 / 北 / 普通窗 ; 厨房 / 4.96平米 / 北 / 普通窗 ; 卫A / 4.31平米 / 西 / 普通窗 ; 卫B / 2.76平米 / 南 / 普通窗 ; 阳台A / 5.6平米 / 西 南 / 普通窗 ; 阳台B / 3.52平米 / 西 北 西北 / 普通窗 ; 过道 / 3.11平米 / 无 / 无窗,
华晖瑞禧次新南向精装3房户型，满五唯一，看房方便,"华晖瑞禧 , 坂田",3室2厅,85.44平米,南,,低楼层(共32层),2020年,塔楼,480 万,56180 元,1,,,近地铁 | VR看装修,https://sz.lianjia.com/ershoufang/105117913348.html,地铁 | VR看装修,房子是全新精装修的次新房，南向，户型方正，业主诚心出售,2021年次新小区，小区位于银湖山1公里处，距鸡公山隧道1.5公里，方便到达罗湖，福田，南山。自带幼儿园，充足停车位，楼下买生活所需也方便。,享受 15 年一站式，首先项目自带一所 9 班约 3000 ㎡幼儿园，同时在项目西北约 500 米处有一所 9 年一贯制的公立——坂田实验（30 班小、15 班中）。另外，项目南面为规划教育用地，3 公里范围内还有一所全国唯一的科学高中。,两横四纵”成熟交通路网体系（两横：布龙路、南坪快速；四纵：五和大道、坂雪岗大道、梅观高速、清平高速）；邻近地铁5号线坂田站； 地处鸡公山通道首排，约一刻钟直达福田区，建立起快速通达全城的半小时生活圈。,,,暂无数据,2024-08-11,商品房,普通住宅,暂无数据,共有,有抵押 220万元 工行 客户偿还,挂牌时间:2024-08-11 | 交易权属:商品房 | 上次交易:暂无数据 | 房屋用途:普通住宅 | 房屋年限:暂无数据 | 产权所属:共有 | 抵押信息:有抵押 220万元 工行 客户偿还 | 房本备件:未上传房本照片,客厅 / 24.46平米 / 南 / 落地窗 ; 卧室A / 6.7平米 / 东 / 普通窗 ; 卧室B / 4.54平米 / 东 / 普通窗 ; 卧室C / 10.91平米 / 南 / 落地窗 ; 厨房 / 6.38平米 / 东 / 普通窗 ; 卫 / 4.57平米 / 东 / 普通窗 ; 阳台 / 3.82平米 / 南 / 落地窗 ; 过道 / 2.83平米 / 无 / 无窗,
地铁 高层景观 方正安静宜居 朝南看园景 拎包入住,"和成嘉业 , 坂田",4室2厅,118.63平米,南,精装,高楼层(共30层),2020年,,750 万,63222 元,0,,,近地铁 | VR看装修,https://sz.lianjia.com/ershoufang/105118636148.html,地铁 | VR看装修,地铁次新社区 楼层好 保养状态好 拎包入住,小区2021年交付的新社区，小区车位充足，小区内有幼儿园和空中儿童乐园。自带商场有盒马鲜生、麦当劳、乐凯撒、乐有家、健身房等，小区青靠杨美实验，与华为宿會（华为荔枝苑）为邻。门口就是公交站。房子装修保养的很不错。,,坂田地铁口步行800米地铁口物业  驱车走版银隧道15千米到罗湖  18千米到福田,,,暂无数据,2024-10-19,商品房,普通住宅,暂无数据,非共有,有抵押 --- 客户偿还,挂牌时间:2024-10-19 | 交易权属:商品房 | 上次交易:暂无数据 | 房屋用途:普通住宅 | 房屋年限:暂无数据 | 产权所属:非共有 | 抵押信息:有抵押 --- 客户偿还 | 房本备件:未上传房本照片,客厅 / 24.07平米 / 北 南 / 落地窗 ; 卧室A / 9.88平米 / 无 / 未知窗户类型 ; 卧室B / 10.05平米 / 无 / 未知窗户类型 ; 卧室C / 11.67平米 / 无 / 未知窗户类型 ; 卧室D / 8.5平米 / 南 / 普通窗 ; 厨房 / 5.74平米 / 东 / 普通窗 ; 卫A / 5.33平米 / 无 / 未知窗户类型 ; 卫B / 4.18平米 / 南 / 普通窗 ; 阳台 / 5.34平米 / 北 / 落地窗 ; 过道 / 4.6平米 / 无 / 无窗 ; 门厅 / 3.23平米 / 北 / 落地窗 ; 衣帽间 / 3.64平米 / 无 / 无窗,
坂田双地铁楼层视野开阔 装修保养好，业主诚心出售,"和成嘉业 , 坂田",3室2厅,90.61平米,南,精装,低楼层(共30层),2020年,,515 万,56837 元,2,,,近地铁 | VR看装修,https://sz.lianjia.com/ershoufang/105118686301.html,地铁 | VR看装修,坂田双地铁楼层视野开阔 装修保养好，业主诚心出售,"小区由金合成开发和管理,于2016年批地,2019年入伙,共有800多户,两层车库,车位不紧张,车位1：1，主力户型为80-89-91-118-1140平,3-5房都是带装修交楼,采光好,围合式建筑风格,人车分流,小区地势高,通风好,",小区自带乒乓球室、棋牌室及锻炼器材广场。门口有华润万家，钱大妈，龙华大润发沃尔玛往返车等满足业主的日常需求。步行700米可至杨美美食街，鑫华盛百货，美家福百货等。距离深圳坂田医院2500米。3公里内有坂田天虹，佳华领汇广场，8号仓，星河,参靠高德地图）地铁5号线杨美站C出口792米，西至前海湾东至黄贝岭。东南门M572路可直达终点深圳北站或步行792米至杨美地铁公交站有多条公交路线可达深圳各区域。可直上布龙路、清平、南坪、水官，坂银隧道已建成通车，实现10公里至福田皇岗立交,,,暂无数据,2024-10-24,商品房,普通住宅,暂无数据,非共有,无抵押,挂牌时间:2024-10-24 | 交易权属:商品房 | 上次交易:暂无数据 | 房屋用途:普通住宅 | 房屋年限:暂无数据 | 产权所属:非共有 | 抵押信息:无抵押 | 房本备件:未上传房本照片,客厅 / 20.64平米 / 南 / 落地窗 ; 卧室A / 5.7平米 / 东 / 普通窗 ; 卧室B / 13.1平米 / 无 / 未知窗户类型 ; 卧室C / 8.93平米 / 无 / 未知窗户类型 ; 厨房 / 6.14平米 / 东 / 普通窗 ; 卫A / 4.02平米 / 无 / 无窗 ; 卫B / 2.94平米 / 东 / 普通窗 ; 阳台 / 4.98平米 / 东 南 / 落地窗 ; 过道 / 2.88平米 / 无 / 无窗,
三期朝南大三房中间楼层，朝南通透采光好离地铁近,"万科四季花城三期 , 坂田",3室2厅,105.71平米,南,简装,中楼层(共6层),2001年,板楼,463 万,43800 元,1,,,近地铁 | VR看装修 | 房本满五年,https://sz.lianjia.com/ershoufang/105120315547.html,地铁 | VR看装修 | 房本满五年,此房满五红本税少，楼层好，朝南，位置安静，适合居家。,小区由万科地产集团开发，一共有36个独立苑，共分七期开发，花园式小区，绿化植被很多，带露天游泳池和健身会所及相应运动器械供住户健身，社区运动氛围棒；万科物业24小时严格管控，夜间有保安巡逻，外人基本无法随意出入，人车分流，充分保护行人安全。,小区内有2个公立幼儿园、海丽达幼儿园，华润万家，五和购物广场、海达和成购物广场、坂田民营市场等。医疗类有深圳坂田医院、龙华人民医院、布吉医院花城社康医院（小区内）；银行为招商银行、中国银行、民生银行自助机及平安银行等，各式卖菜.,地铁5号线和10号线五和站A口200米，交通发达，小区旁边有布龙路、梅观高速、机荷高速、南坪快速等，乘坐公交或驾车出行到福田、罗湖、南山等地较方便（距离信息来源于百度地图）还有在修的深大城际和深惠城际,,,2001-07-13,2025-04-07,商品房,普通住宅,满五年,非共有,无抵押,挂牌时间:2025-04-07 | 交易权属:商品房 | 上次交易:2001-07-13 | 房屋用途:普通住宅 | 房屋年限:满五年 | 产权所属:非共有 | 抵押信息:无抵押 | 房本备件:已上传房本照片,客厅 / 21.8平米 / 南 / 普通窗 ; 餐厅 / 10.1平米 / 北 / 普通窗 ; 卧室01 / 17.61平米 / 无 / 未知窗户类型 ; 卧室02 / 10.29平米 / 无 / 未知窗户类型 ; 卧室03 / 7.59平米 / 北 / 普通窗 ; 厨房 / 4.98平米 / 北 / 普通窗 ; 卫01 / 4.4平米 / 西 / 普通窗 ; 卫02 / 2.79平米 / 南 / 普通窗 ; 阳台01 / 5.96平米 / 西 南 / 普通窗 ; 阳台02 / 3.51平米 / 西 北 西北 / 普通窗 ; 过道 / 3.97平米 / 无 / 无窗,
精装3房  出行便利 朝南看花园安静,"春华四季园一期 , 坂田",3室2厅,96平米,东,简装,高楼层(共11层),2006年,板楼,490 万,51042 元,0,,,VR看装修,https://sz.lianjia.com/ershoufang/105116965558.html,VR看装修,此房满五年，税费少 看四季花城小山头，景观好安静,总规划户数约3000户。6000平方米的湖坡、1000米的风情街——右一坊、室外泳池及室内恒温泳池、3000平方米的运动场地、幼儿园等等。二期户型产品丰富多样，包括70平方米左右的两房、95－122平方米左右的三房、136－157平方米的四-五房！,,,,,暂无数据,2024-05-12,商品房,普通住宅,暂无数据,非共有,无抵押,挂牌时间:2024-05-12 | 交易权属:商品房 | 上次交易:暂无数据 | 房屋用途:普通住宅 | 房屋年限:暂无数据 | 产权所属:非共有 | 抵押信息:无抵押 | 房本备件:未上传房本照片,客厅 / 34.73平米 / 无 / 未知窗户类型 ; 卧室A / 14.78平米 / 东 / 普通窗 ; 卧室B / 9.38平米 / 无 / 未知窗户类型 ; 卧室C / 9.38平米 / 无 / 未知窗户类型 ; 厨房 / 4.63平米 / 西 / 普通窗 ; 卫A / 3.28平米 / 南 / 普通窗 ; 卫B / 4.16平米 / 无 / 未知窗户类型 ; 阳台 / 9.68平米 / 西 北 东 南 / 普通窗 ; 门厅 / 4.79平米 / 西 / 落地窗,
满五年 大88户型  看花园 随时可看,"佳兆业中央广场三期 , 坂田",3室2厅,88.03平米,西北,精装,46层,2015年,塔楼,550 万,62479 元,0,,,近地铁 | VR看装修,https://sz.lianjia.com/ershoufang/105120237731.html,地铁 | VR看装修,满五年大88平方正通透看花园位置安静随时可,小区规模：总共分为6期开发的大楼盘。3个幼儿园：自带综合MALL，加270米万豪酒店（六期项目），二期的地理位置很好，小区东门门口200米就是地铁口雪象站。,新社区，人车分流，车位充足，24小时保安轮流值班，社区有自己的健身广场和花园，园林式社区。依托高新技术产业园，佳兆业城市广场物业形态丰富，集住宅、酒店于一体。隔壁就是天安云谷、华为总部。,项目是在坂雪岗大道和坂澜大道，沿着坂雪岗大道可以去梅林关（去关内方向）、也可以转布龙路转南坪快速和水官高速，也可以从转贝尔路再转梅关高速，上坂澜大道可以去观澜也可以去平湖。交通很方便。高速交通：梅观高速、清平高速、坂雪岗大道、南坪快速。,,,暂无数据,2025-03-30,商品房,普通住宅,暂无数据,非共有,有抵押,挂牌时间:2025-03-30 | 交易权属:商品房 | 上次交易:暂无数据 | 房屋用途:普通住宅 | 房屋年限:暂无数据 | 产权所属:非共有 | 抵押信息:有抵押 | 房本备件:未上传房本照片,客厅 / 33.73平米 / 北 / 落地窗 ; 卧室01 / 7.92平米 / 无 / 未知窗户类型 ; 卧室02 / 12.3平米 / 无 / 未知窗户类型 ; 卧室03 / 8.13平米 / 无 / 未知窗户类型 ; 厨房 / 8.55平米 / 西 / 普通窗 ; 卫01 / 3.05平米 / 无 / 未知窗户类型 ; 卫02 / 3.55平米 / 北 / 普通窗 ; 阳台01 / 5.67平米 / 西 北 / 普通窗 ; 阳台02 / 3.85平米 / 西 / 普通窗 ; 储物间 / 4.49平米 / 无 / 无窗 ; 过道 / 5.36平米 / 无 / 无窗,
新上带60平天台花园顶楼复式 满五年 红本在手 诚卖,"万科第五园一期 , 坂田",3室2厅,76.54平米,东南,简装,高楼层(共6层),2006年,塔楼,488 万,63758 元,5,,,VR房源 | 房本满五年 | 随时看房,https://sz.lianjia.com/ershoufang/105121799319.html,VR房源 | 房本满五年 | 随时看房,五园少有复式 结构合理实用率高 采光好景观佳,第五园一二期是万科当年倾力打造的中式别墅区，上建筑专业教科书的案例，苏州有四大园林因此取名第五园小区主要以别墅为主辅以少量的叠院和洋房配有老房子和会所一手业主当时很多文化人抢购喜欢中式的客户可以关注,,社区低密度人少 人行电动自行车少 人行道宽敞溜娃安全方便 坂银隧道首站社区，交通四通八达，出门直上坂雪岗大道，接驳南坪、清平的快速线路，近坂田手造文化街、万科广场等，星河Cocopark 八号仓等，10号线南坑站 5号线坂田站,,,2015-08-20,2025-08-15,商品房,普通住宅,满五年,非共有,无抵押,挂牌时间:2025-08-15 | 交易权属:商品房 | 上次交易:2015-08-20 | 房屋用途:普通住宅 | 房屋年限:满五年 | 产权所属:非共有 | 抵押信息:无抵押 | 房本备件:已上传房本照片,,
2栋165平百万装修6房 高楼层看湖景 红本在手,"龙岸花园一期 , 坂田",6室2厅,165.38平米,南,精装,中楼层(共32层),2010年,板塔结合,1200 万,72561 元,1,,,近地铁 | VR看装修,https://sz.lianjia.com/ershoufang/105120183811.html,地铁 | VR看装修,2栋165平百万装修6房 正南向高楼层看湖景 红本在手,这是一个低密度小区，十多年前都能做到这么高的品质，地库那时候都能做到4层，目前的新楼盘也不过如此，所以一开始定位的客户跟普通住宅都不同。小区细节设计到位，健身和游乐设施都设在架空层，不怕淋雨不怕太阳晒，冬天不怕风，夏天又很通风。,有八号仓奥特莱斯，星河综合体，天虹购物商场，小区楼下有钱大妈,出小区门口200米就是地铁10号线雅园站，开车直接上梅观高速直达福田，前海，南山,,,暂无数据,2025-03-25,商品房,普通住宅,暂无数据,非共有,无抵押,挂牌时间:2025-03-25 | 交易权属:商品房 | 上次交易:暂无数据 | 房屋用途:普通住宅 | 房屋年限:暂无数据 | 产权所属:非共有 | 抵押信息:无抵押 | 房本备件:未上传房本照片,客厅 / 55.91平米 / 南 / 普通窗 ; 卧室A / 16.99平米 / 东 南 / 落地窗 ; 卧室B / 11.63平米 / 南 / 普通窗 ; 卧室C / 18.01平米 / 西 南 / 落地窗 ; 卧室D / 7.98平米 / 西 / 落地窗 ; 厨房 / 15平米 / 东 / 落地窗 ; 卫A / 4.92平米 / 东 / 落地窗 ; 卫B / 6.36平米 / 西 / 落地窗 ; 阳台 / 17.36平米 / 南 / 普通窗 ; 门厅 / 5.06平米 / 西 / 普通窗 ; 衣帽间 / 11.11平米 / 东 / 落地窗,
地铁次新  高层景观  看房方便  统一精装 拎包入住,"和成嘉业 , 坂田",3室2厅,81.81平米,西北,精装,低楼层(共33层),2020年,板楼,440 万,53784 元,3,,,近地铁 | VR看装修,https://sz.lianjia.com/ershoufang/105118622704.html,地铁 | VR看装修,次新房 拎包入住 楼层好 保养状态好 拎包入住,小区2021年交付的新社区，小区车位充足，小区内有幼儿园和空中儿童乐园。 自带商场有盒马鲜生、麦当劳、乐凯撒、乐有家、健身房等，小区青靠杨美实验，与华为宿會（华为荔枝苑）为邻。门口就是公交站。房子装修保养的很不错。,,坂田地铁口步行800米地铁口物业 驱车走版银隧道15千米到罗湖 18千米到福田,,,暂无数据,2024-10-17,商品房,普通住宅,暂无数据,非共有,有抵押 --- 客户偿还,挂牌时间:2024-10-17 | 交易权属:商品房 | 上次交易:暂无数据 | 房屋用途:普通住宅 | 房屋年限:暂无数据 | 产权所属:非共有 | 抵押信息:有抵押 --- 客户偿还 | 房本备件:未上传房本照片,客厅 / 21.07平米 / 北 / 普通窗 ; 卧室A / 8.77平米 / 无 / 未知窗户类型 ; 卧室B / 11.95平米 / 无 / 未知窗户类型 ; 卧室C / 7.13平米 / 西 / 普通窗 ; 厨房 / 6.03平米 / 东 / 普通窗 ; 卫 / 3.83平米 / 东 / 普通窗 ; 阳台 / 4.29平米 / 西 北 / 普通窗 ; 过道 / 2.73平米 / 无 / 无窗,
诺德中央道 4室1厅 南,"诺德中央道 , 坂田",4室1厅,118.83平米,南,精装,中楼层(共33层),2014年,板楼,620 万,52176 元,0,,,VR房源,https://sz.lianjia.com/ershoufang/105118498902.html,VR房源,,,,,,,暂无数据,2024-10-05,商品房,普通住宅,暂无数据,非共有,有抵押 招商银行 客户偿还,挂牌时间:2024-10-05 | 交易权属:商品房 | 上次交易:暂无数据 | 房屋用途:普通住宅 | 房屋年限:暂无数据 | 产权所属:非共有 | 抵押信息:有抵押 招商银行 客户偿还 | 房本备件:未上传房本照片,客厅 / 28.03平米 / 东南 / 普通窗 ; 卧室A / 9.06平米 / 无 / 未知窗户类型 ; 卧室B / 17.89平米 / 无 / 未知窗户类型 ; 卧室C / 9.81平米 / 无 / 未知窗户类型 ; 卧室D / 5.52平米 / 西南 / 普通窗 ; 厨房 / 5.68平米 / 西南 / 落地窗 ; 卫A / 4.79平米 / 无 / 未知窗户类型 ; 卫B / 4.24平米 / 无 / 落地窗 ; 阳台A / 6.84平米 / 西南 东南 / 普通窗 ; 阳台B / 4.97平米 / 南 / 落地窗 ; 过道 / 4.09平米 / 无 / 无窗,
新上银湖山旁大两房 满五年 红本在手 唯一 业主换房诚,"诺德中央道 , 坂田",2室1厅,70.14平米,南 北,精装,中楼层(共33层),2014年,塔楼,318 万,45338 元,3,,,近地铁 | VR房源 | 随时看房,https://sz.lianjia.com/ershoufang/105121680553.html,地铁 | VR房源 | 随时看房,中上楼层，满五年，红本在手，唯一 通风采光都很好,,楼下自带餐厅和便利店，能满足日常生活需求。坂田街道办200米，400米大族云峰商场，万科里购物广场680米，华润万家旭景佳园分店760米，坂田手造文化街1000米，650米处有银湖山郊野公园，还有钓鱼场，配套比较齐全。,"四通八达,小区邻布龙路坂雪岗大道两大动脉,南面1km上坂银南坪,通达福田南山方便；东面两个灯位上清平水官,通达罗湖盐田惠州；西北侧2km上G94,1h到宝安东莞广州；北达天安和华为。250米到5号线坂田地铁口,1站换10号线到福田口岸。小区南门就是..",此房税费低，只有契税，满五年红本在手唯一，价格可以谈，业主诚心卖,,暂无数据,2025-08-05,商品房,普通住宅,暂无数据,非共有,无抵押,挂牌时间:2025-08-05 | 交易权属:商品房 | 上次交易:暂无数据 | 房屋用途:普通住宅 | 房屋年限:暂无数据 | 产权所属:非共有 | 抵押信息:无抵押 | 房本备件:未上传房本照片,客厅 / 22.23平米 / 北 / 普通窗 ; 卧室A / 8.81平米 / 无 / 未知窗户类型 ; 卧室B / 9.69平米 / 无 / 未知窗户类型 ; 厨房 / 4.19平米 / 北 / 普通窗 ; 卫 / 3.7平米 / 东 / 普通窗 ; 阳台A / 4.33平米 / 西 北 / 普通窗 ; 阳台B / 1.77平米 / 北 / 普通窗,
带入户花园 阁楼 带电梯小高层,"春华四季园二期 , 坂田",3室2厅,67.44平米,东南,简装,低楼层(共17层),2007年,板塔结合,410 万,60795 元,1,,,VR房源 | 房本满五年,https://sz.lianjia.com/ershoufang/105119999108.html,VR房源 | 房本满五年,使用率很高有带入户花园 带阁楼 业主诚心出售 满五唯一,小区是拥有43栋的大型花园小区，小区基本上都是11层和17层高的小高层，密度低，小区绿化好，带一个2000平米的人工湖，环境很宜人。,小区旁边是8号仓奥特莱斯，1公里左右是有一个深圳的儿童医院，1公里左右还有一个体育公园，2公里以内有2个水库,小区离地铁五和站800米，深圳北站2公里，小区南门有多趟公交车直达南山，罗湖，福田，开车可以直接在南门上梅观高速转南坪快速，机荷高速，关口位置，交通便利,,,2008-07-15,2025-03-10,商品房,普通住宅,满五年,非共有,有抵押 业主自还,挂牌时间:2025-03-10 | 交易权属:商品房 | 上次交易:2008-07-15 | 房屋用途:普通住宅 | 房屋年限:满五年 | 产权所属:非共有 | 抵押信息:有抵押 业主自还 | 房本备件:已上传房本照片,客厅 / 23.87平米 / 南 / 普通窗 ; 卧室A / 13.16平米 / 无 / 未知窗户类型 ; 卧室B / 7.03平米 / 北 / 落地窗 ; 卧室C / 8.51平米 / 西 / 落地窗 ; 厨房 / 4.12平米 / 北 / 普通窗 ; 卫 / 3.83平米 / 北 / 落地窗 ; 阳台 / 19.86平米 / 西 南 / 普通窗 ; 楼梯间 / 2.16平米 / 无 / 无窗,
望月楼边安静带花园大四房 装修保养很好,"万科四季花城六期 , 坂田",4室2厅,128.91平米,西南,,低楼层(共9层),2002年,板塔结合,598 万,46389 元,2,,,近地铁 | VR房源 | 房本满五年,https://sz.lianjia.com/ershoufang/105121959858.html,地铁 | VR房源 | 房本满五年,安静位置西南朝向大四房约40平花Y 装修保养好,小区由万科地产集团开发，一共有36个独立苑，共分七期开发，花园式小区，绿化植被很多，带露天游泳池和健身会所及相应运动器械供住户健身，社区运动氛围棒；万科物业24小时严格管控，夜间有保安巡逻，外人基本无法随意出入，人车分流，充分保护行人!,小区内有2个公立幼儿园、海丽达幼儿园，华润万家，五和购物广场、海达和成购物广场、坂田民营市场等。医疗类有深圳坂田医院、龙华人民医院、布吉医院花城社康医院（小区内）；银行为招商银行、中国银行、民生银行自助机及平安银行等，各式卖菜.,地铁5号线和10号线五和站A口350米，交通发达，小区旁边有布龙路、梅观高速、机荷高速、南坪快速等，乘坐公交或驾车出行到福田、罗湖、南山等地较方便（距离信息来源于百度地图）还有在修的深大城际和深惠城际,,,2015-05-21,2025-08-30,商品房,普通住宅,满五年,非共有,有抵押 430万元 招商银行,挂牌时间:2025-08-30 | 交易权属:商品房 | 上次交易:2015-05-21 | 房屋用途:普通住宅 | 房屋年限:满五年 | 产权所属:非共有 | 抵押信息:有抵押 430万元 招商银行 | 房本备件:已上传房本照片,客厅 / 34.85平米 / 西 南 / 落地窗 ; 卧室A / 8.41平米 / 西 / 落地窗 ; 卧室B / 18.04平米 / 北 / 落地窗 ; 卧室C / 12.09平米 / 北 东 / 落地窗 ; 卧室D / 12平米 / 北 东 / 落地窗 ; 厨房 / 5.94平米 / 西 南 / 落地窗 ; 卫A / 3.95平米 / 南 / 普通窗 ; 卫B / 3.16平米 / 东 / 落地窗 ; 阳台 / 6.08平米 / 西 南 / 落地窗 ; 花园（按现状绘制，如有偏差，以产权证明为准） / 37.79平米 / 西 北 东 / 落地窗 ; 过道 / 5.18平米 / 无 / 无窗,
华为旁，大88，3+2，带入户储物间，通透,"佳兆业中央广场三期 , 坂田",4室1厅,89.01平米,南 北,精装,46层,2016年,塔楼,515 万,57859 元,4,,,近地铁 | VR房源,https://sz.lianjia.com/ershoufang/105118865910.html,地铁 | VR房源,满五年不唯一，带入户带储物间，3+2户型，通透户型。,小区规模：总共分为6期，10000大户的大盘，总占地约300000，项目总建面约1800000平米。3个幼儿园：150000平米综合MALL，加270米酒店（六期项目），二期的地理位置在其他几期的中间位置，分别被一期、三期、五期环抱，位置安静。,新社区，人车分流，24小时保安轮流值班，社区有自己的健身广场和花园，园林式社区。占地约300000平，建面约1800000平米，依托高新技术产业园，佳兆业城市广场物业形态丰富，集住宅、酒店于一体。小区左边是天安云谷、华为总部,地铁10号线岗头雪象站口，项目是靠着坂雪岗大道和坂澜大道，沿着坂雪岗大道可以去梅林关，也可以转布龙路转南坪快速和水官高速，也可以从转贝尔路再转梅关高速，上坂澜大道可以去观澜也可以去平湖。地铁7月开通。高速交通：梅观高速、清平高速、坂雪岗大道,,,暂无数据,2024-11-10,商品房,普通住宅,暂无数据,非共有,有抵押 270万元,挂牌时间:2024-11-10 | 交易权属:商品房 | 上次交易:暂无数据 | 房屋用途:普通住宅 | 房屋年限:暂无数据 | 产权所属:非共有 | 抵押信息:有抵押 270万元 | 房本备件:未上传房本照片,客厅 / 34.78平米 / 北 / 落地窗 ; 卧室A / 7.51平米 / 无 / 未知窗户类型 ; 卧室B / 12.62平米 / 无 / 未知窗户类型 ; 卧室C / 7.68平米 / 无 / 普通窗 ; 厨房 / 9.07平米 / 西 / 普通窗 ; 卫A / 3.24平米 / 北 / 普通窗 ; 卫B / 3.75平米 / 无 / 未知窗户类型 ; 阳台A / 3.98平米 / 北 东 / 普通窗 ; 阳台B / 3.86平米 / 西 / 普通窗 ; 储物间 / 7.15平米 / 西 / 普通窗 ; 过道 / 4.91平米 / 无 / 无窗,
"精装四房视野开阔,近地铁，次新房","星河银湖谷 , 坂田",4室1厅,88.25平米,西北,,高楼层(共48层),2016年,板塔结合,600 万,67989 元,0,,,近地铁 | VR看装修,https://sz.lianjia.com/ershoufang/105118078936.html,地铁 | VR看装修,房子满五唯一，高楼层视野开阔，业主自住保养很好,星河银湖谷住宅小区共7栋，玻璃外观和干挂陶板立面，有园林和游泳池，人车分流的规划设计。,足球场，羽毛球场，网球场，篮球场，健身房，游泳池，一应俱全。,小区距离10号线雅宝站200米左右。直通南坪快速，新彩隧道，坂银隧道，梅观高速，五大交通便捷到达深圳各区。,,,暂无数据,2024-08-26,商品房,普通住宅,暂无数据,非共有,有抵押 540万元 招商银行,挂牌时间:2024-08-26 | 交易权属:商品房 | 上次交易:暂无数据 | 房屋用途:普通住宅 | 房屋年限:暂无数据 | 产权所属:非共有 | 抵押信息:有抵押 540万元 招商银行 | 房本备件:未上传房本照片,客厅 / 24.95平米 / 东北 / 普通窗 ; 卧室A / 6.43平米 / 东北 / 落地窗 ; 卧室B / 7.75平米 / 东北 / 落地窗 ; 卧室C / 5.34平米 / 西北 / 落地窗 ; 卧室D / 14.4平米 / 无 / 未知窗户类型 ; 厨房 / 6.35平米 / 西南 西北 / 落地窗 ; 卫A / 3.79平米 / 无 / 无窗 ; 卫B / 3.87平米 / 西南 / 落地窗 ; 阳台 / 5.1平米 / 西北 东北 东南 / 普通窗 ; 过道 / 3.3平米 / 无 / 无窗,
满五唯一 厅出阳台 4+1房 带入户、储物间和大平台花园,"佳兆业城市广场五期 , 坂田",5室2厅,123.71平米,北,精装,低楼层(共43层),2019年,板楼,680 万,54968 元,2,,,近地铁 | VR看装修 | 房本满五年,https://sz.lianjia.com/ershoufang/105118643101.html,地铁 | VR看装修 | 房本满五年,满五唯一 厅出阳台 4+1房 带入户、储物间和大平台花园,小区规模：总共分为6期，每一期为单独的一个封闭的小院，由保安24值守。自带3个幼儿园，一期有露天游泳池，综合MALL，加270米酒店（六期项目），五期住宅，离10号线雪象地铁口165米，距离深圳大学坂田附属XUE校200米。,新社区，人车分流，24小时保安轮流值班，社区有自己的健身广场和花园，园林式社区。建面约壹佰捌拾万平米，依托高新技术产业园，佳兆业城市广场物业形态丰富，集住宅、酒店于一体。小区左边是天安云谷、华为总部基地，配套齐全，还有雪竹径公园，甘坑古镇,项目是靠着坂雪岗大道和坂澜大道，沿着坂雪岗大道可以去梅林关（去关内方向）、也可以转布龙路转南坪快速和水官高速，也可以从转贝尔路再转梅关高速，上坂澜大道可以去观澜也可以去平湖。地铁10号线两个地铁口，岗头站和雪象站。,,,2018-06-17,2024-10-20,商品房,普通住宅,满五年,非共有,有抵押 300万元,挂牌时间:2024-10-20 | 交易权属:商品房 | 上次交易:2018-06-17 | 房屋用途:普通住宅 | 房屋年限:满五年 | 产权所属:非共有 | 抵押信息:有抵押 300万元 | 房本备件:已上传房本照片,客厅 / 37.09平米 / 北 / 落地窗 ; 卧室A / 8.64平米 / 无 / 未知窗户类型 ; 卧室B / 8.46平米 / 无 / 未知窗户类型 ; 卧室C / 13.59平米 / 无 / 未知窗户类型 ; 卧室D / 7.53平米 / 南 / 落地窗 ; 卧室E / 6.14平米 / 东 / 普通窗 ; 厨房 / 7.66平米 / 东 / 普通窗 ; 卫A / 4.24平米 / 无 / 未知窗户类型 ; 卫B / 4.61平米 / 无 / 普通窗 ; 阳台A / 5.25平米 / 北 东 / 普通窗 ; 阳台B / 3.64平米 / 东 / 普通窗 ; 过道 / 4.83平米 / 无 / 无窗,
信义嘉御山，10号线坂田北，华为总部旁，坂田天虹,"信义嘉御山5期 , 坂田",4室2厅,88.72平米,西北,精装,高楼层(共39层),2016年,塔楼,595 万,67065 元,5,,,VR看装修,https://sz.lianjia.com/ershoufang/105119499992.html,VR看装修,房子满五年，主要视野开阔，实用率高，适合刚需上车群体,本小区人车分流，大社区大绿化。本房在泳池边上，小区中间位置，中间楼层视野景观很好，在家里就可以看到小区的花园和泳池，东南向采光好又安静，价格比其他楼栋贵一些，适合对房屋居住品质要求高的群体。,小区下面自带底层店铺，开发商自持，目前已全部进驻，包括中西式餐饮、教育培训、婴幼儿用品，便利店及坂田天虹旗舰店，生活方便，小区内有幼儿园，家门口尽享优质生活，小区南侧是MIX City7层楼综合商心街区，有百佳华chao市，海底捞，麦当劳，星巴克等品牌.,小区出来贝尔路可快速上G94梅关高速，坂雪岗大道上坂银通道直通福田南山。 地铁出行：10号线坂田北站，10号线5号线中转站五和站。 楼下有6-7个公交站去往福田，南山，罗湖，龙华，龙岗，宝安，都有很多选择，交通便捷！！,,,暂无数据,2025-01-16,商品房,普通住宅,暂无数据,非共有,有抵押 500万元 客户偿还,挂牌时间:2025-01-16 | 交易权属:商品房 | 上次交易:暂无数据 | 房屋用途:普通住宅 | 房屋年限:暂无数据 | 产权所属:非共有 | 抵押信息:有抵押 500万元 客户偿还 | 房本备件:未上传房本照片,客厅 / 27.49平米 / 无 / 未知窗户类型 ; 卧室01 / 13.4平米 / 无 / 未知窗户类型 ; 卧室02 / 9.42平米 / 北 / 普通窗 ; 卧室03 / 5.86平米 / 北 / 普通窗 ; 卧室04 / 7.35平米 / 北 / 普通窗 ; 厨房 / 3.89平米 / 北 / 普通窗 ; 卫01 / 4.33平米 / 无 / 未知窗户类型 ; 卫02 / 3.76平米 / 北 / 普通窗 ; 阳台01 / 5.94平米 / 北 / 普通窗 ; 阳台02 / 1.94平米 / 北 / 普通窗 ; 过道 / 3.12平米 / 无 / 无窗,
带私家花园 中空挑高 上下5层 通透户型满五年业主诚售,"十二橡树庄园二期 , 坂田",8室3厅,256.1平米,东南,简装,4层,2011年,,2400 万,93714 元,3,,,近地铁 | VR房源 | 房本满五年,https://sz.lianjia.com/ershoufang/105120036605.html,地铁 | VR房源 | 房本满五年,此房满五年 位置安静上下5层已经全部拓展 业主诚心卖,十二橡树是深圳唯一原石山别墅、深圳唯一电梯别墅、区域唯一台地别墅、230米礼宾大道、深圳唯一径端路设计、纯智能化小区，双拼、叠拼及小高层平面房，经典的北美庄园范本，是现代别墅生活新潮流。目前属于万科物业。,此房小区所在位置安静，鸟语花香，交通方便，较近的一个大型商场海达和成购物广场在五和地铁站B出口处，距离小区约600米， 阳光湾畔，坂田天虹商场，八号仓商场等，较近的综合市场扬马菜市场距离小区约500米，小区北面300米有坂田医院。,小区北面50米是布龙路，东面300米是坂雪岗大道，南面200米是永香路，西面400米是五和大道，各大要道相互交汇四通八达。 小区还是双地铁坂田，五和环中线分布于小区东西两侧约步行500米。目前还有一条十号线平湖到福田口岸的地铁线。 即将开通的坂银通道。,,,2020-09-04,2025-03-13,商品房,普通住宅,满五年,非共有,有抵押 客户偿还,挂牌时间:2025-03-13 | 交易权属:商品房 | 上次交易:2020-09-04 | 房屋用途:普通住宅 | 房屋年限:满五年 | 产权所属:非共有 | 抵押信息:有抵押 客户偿还 | 房本备件:已上传房本照片,客厅 / 76.16平米 / 西 北 南 / 落地窗 ; 卧室A / 49.89平米 / 北 南 / 普通窗 ; 卧室B / 27.97平米 / 北 / 普通窗 ; 卧室C / 14.12平米 / 北 / 普通窗 ; 卧室D / 19.16平米 / 北 / 普通窗 ; 卧室E / 22.15平米 / 北 南 / 落地窗 ; 卧室F / 15.38平米 / 北 / 普通窗 ; 卧室G / 14.83平米 / 北 / 普通窗 ; 卧室H / 22.15平米 / 南 / 普通窗 ; 厨房 / 7.21平米 / 北 / 普通窗 ; 卫A / 4.78平米 / 无 / 无窗 ; 卫B / 2.34平米 / 无 / 无窗 ; 卫C / 3.52平米 / 南 / 普通窗 ; 卫D / 7.21平米 / 无 / 无窗 ; 卫E / 4平米 / 南 / 普通窗 ; 卫F / 6.42平米 / 南 / 普通窗 ; 阳台A / 12.93平米 / 南 / 普通窗 ; 阳台B / 4.81平米 / 北 / 普通窗 ; 阳台C / 9.89平米 / 南 / 普通窗 ; 阳台D / 4.08平米 / 北 / 普通窗 ; 阳台E / 3.93平米 / 北 / 普通窗 ; 阳台F / 20.91平米 / 西 东 南 / 普通窗 ; 阳台G / 49.87平米 / 西 北 东 / 普通窗 ; 过道A / 11.8平米 / 西 / 普通窗 ; 过道B / 13.29平米 / 西 / 落地窗 ; 过道C / 13.49平米 / 西 / 落地窗 ; 过道D / 12.01平米 / 西 / 落地窗 ; 衣帽间 / 9.61平米 / 南 / 普通窗,
温馨大三房装修保养好高楼层业主诚意出售,"和成嘉业 , 坂田",3室2厅,91.21平米,北,,高楼层(共30层),2020年,,526 万,57670 元,3,,,近地铁 | VR看装修,https://sz.lianjia.com/ershoufang/105119340680.html,地铁 | VR看装修,温馨大三房装修保养好高楼层业主诚意出售,"小区由金合成开发和管理,于2016年批地,2019年入伙,共有800多户,两层车库,车位不紧张,车位1：1，主力户型为80-89-91-118-1140平,3-5房都是带装修交楼,采光好,围合式建筑风格,人车分流,小区地势高,通风好,",小区自带乒乓球室、棋牌室及锻炼器材广场。门口有华润万家，钱大妈，龙华大润发沃尔玛往返车等满足业主的日常需求。步行700米可至杨美美食街，鑫华盛百货，美家福百货等。距离深圳坂田医院2500米。3公里内有坂田天虹，佳华领汇广场，8号仓，星河,参靠高德地图）地铁5号线杨美站C出口792米，西至前海湾东至黄贝岭。东南门M572路可直达终点深圳北站或步行792米至杨美地铁公交站有多条公交路线可达深圳各区域。可直上布龙路、清平、南坪、水官，坂银隧道已建成通车，实现10公里至福田皇岗立交,,,暂无数据,2024-12-29,商品房,普通住宅,暂无数据,非共有,有抵押 267万元,挂牌时间:2024-12-29 | 交易权属:商品房 | 上次交易:暂无数据 | 房屋用途:普通住宅 | 房屋年限:暂无数据 | 产权所属:非共有 | 抵押信息:有抵押 267万元 | 房本备件:未上传房本照片,客厅 / 20.14平米 / 北 / 普通窗 ; 卧室A / 7.13平米 / 西 / 普通窗 ; 卧室B / 13.66平米 / 无 / 未知窗户类型 ; 卧室C / 9.12平米 / 无 / 未知窗户类型 ; 厨房 / 6.23平米 / 西 / 普通窗 ; 卫A / 3.77平米 / 南 / 普通窗 ; 卫B / 3.18平米 / 西 / 普通窗 ; 阳台 / 4.61平米 / 西 北 / 普通窗 ; 过道 / 2.9平米 / 无 / 无窗,
地铁口低密社区百万装修南向大5房满五年诚售,"龙岸花园一期 , 坂田",6室2厅,165.33平米,南,精装,低楼层(共32层),2010年,板塔结合,995 万,60183 元,3,,,近地铁 | VR看装修,https://sz.lianjia.com/ershoufang/105117544052.html,地铁 | VR看装修,此房满五年，装修保养好。朝南位置安静看花园，业主诚心卖。,龙岸占地约100000㎡，总建筑面积约270000㎡，约180㎡的半山叠墅，约220㎡的半山联排双拼；不仅可以观赏到内部园林景观，还可以远望民治水库和塘朗山、银湖山等外部自然景观；二期园林因地制宜，规划成退台式的布局。,,龙岸花园位于雅园路和华南路交汇处，地理位置安静，小区被半山包围，两条高速，梅观高速和南平快速，民康路直达。小区门口是公交站台，数十条公交线路去深圳北站去往全国各地！,,,暂无数据,2024-07-08,商品房,普通住宅,暂无数据,非共有,无抵押,挂牌时间:2024-07-08 | 交易权属:商品房 | 上次交易:暂无数据 | 房屋用途:普通住宅 | 房屋年限:暂无数据 | 产权所属:非共有 | 抵押信息:无抵押 | 房本备件:未上传房本照片,客厅 / 52.56平米 / 无 / 未知窗户类型 ; 卧室A / 25.19平米 / 北 南 / 落地窗 ; 卧室B / 17.88平米 / 无 / 未知窗户类型 ; 卧室C / 26.17平米 / 北 南 / 落地窗 ; 卧室D / 9.02平米 / 无 / 无窗 ; 厨房 / 7.95平米 / 东 / 普通窗 ; 卫A / 4.29平米 / 东 / 落地窗 ; 卫B / 6.91平米 / 西 / 落地窗 ; 阳台A / 11.06平米 / 无 / 未知窗户类型 ; 阳台B / 10.8平米 / 西 北 / 普通窗 ; 储物间 / 6.32平米 / 无 / 无窗 ; 门厅 / 7.78平米 / 北 / 落地窗 ; 衣帽间 / 10.37平米 / 西 / 落地窗,
带大露台，小区入口不靠路出行便利，朝南看花园安静,"春华四季园一期 , 坂田",4室2厅,95.21平米,南 北,,低楼层(共11层),2006年,板楼,508 万,53356 元,6,,,VR看装修 | 房本满五年,https://sz.lianjia.com/ershoufang/105117237071.html,VR看装修 | 房本满五年,此房满五年唯一，带个大露台，朝南看花园安静通风阳光好。,这个小区很大，总共有43栋，小区成熟，楼下各类衣食住行都在小区得到解决，以及小孩子的各种兴趣班培训都很方便。小区车位充足，达到1:1.3，停车方便。出行到达五和地铁口步行即可到达。,,,,,2019-06-12,2024-06-08,商品房,普通住宅,满五年,非共有,有抵押,挂牌时间:2024-06-08 | 交易权属:商品房 | 上次交易:2019-06-12 | 房屋用途:普通住宅 | 房屋年限:满五年 | 产权所属:非共有 | 抵押信息:有抵押 | 房本备件:已上传房本照片,客厅 / 39.34平米 / 北 南 / 普通窗 ; 卧室A / 20.19平米 / 无 / 未知窗户类型 ; 卧室B / 8.36平米 / 南 / 普通窗 ; 卧室C / 9.68平米 / 北 / 普通窗 ; 厨房 / 4.48平米 / 无 / 普通窗 ; 卫A / 2.27平米 / 西 / 普通窗 ; 卫B / 4.33平米 / 北 / 普通窗 ; 阳台A / 6.74平米 / 东 南 / 普通窗 ; 阳台B / 9.01平米 / 西 南 / 普通窗 ; 阳台C / 17.64平米 / 北 / 普通窗,
信义嘉御山五期复式五房实用采光视野好生活便利,"信义嘉御山5期 , 坂田",5室1厅,100.21平米,东北,精装,中楼层(共39层),2016年,板塔结合,930 万,92806 元,0,,,近地铁 | VR房源,https://sz.lianjia.com/ershoufang/105121963242.html,地铁 | VR房源,此房格局好，实用面积大，楼层好，视野采光俱佳，业主诚心售。,信义嘉御山是坂田新的大社区的，小区一共有5期，坂田双地铁口的大盘，一期楼下有天虹商场，有星巴克，KFC，面点王，健身会所，SAP等配套成熟，还开了佳华商场MAX.CITY有海底捞，探鱼等餐饮名店 各大银行围绕小区、旁边有大企业华为.,,地铁出行：10号线坂田北站，10号线5号线中转站五和站。未来是五和交通枢纽，畅行深圳各地。 公交出行：里石排站，坂田市场站，坂田路口站，坂田路口北站等。1.东临五和大道接梅观，龙华，福田畅行。2.接坂银通道，畅通罗湖，福田。,,,暂无数据,2025-08-30,商品房,普通住宅,暂无数据,非共有,有抵押,挂牌时间:2025-08-30 | 交易权属:商品房 | 上次交易:暂无数据 | 房屋用途:普通住宅 | 房屋年限:暂无数据 | 产权所属:非共有 | 抵押信息:有抵押 | 房本备件:未上传房本照片,客厅 / 34.32平米 / 东 / 普通窗 ; 卧室A / 10.8平米 / 无 / 未知窗户类型 ; 卧室B / 13.02平米 / 北 / 普通窗 ; 卧室C / 10.71平米 / 无 / 未知窗户类型 ; 卧室D / 21.94平米 / 无 / 未知窗户类型 ; 卧室E / 7.32平米 / 无 / 未知窗户类型 ; 厨房 / 8.24平米 / 无 / 未知窗户类型 ; 卫A / 3.48平米 / 北 / 普通窗 ; 卫B / 3.67平米 / 无 / 未知窗户类型 ; 卫C / 8.13平米 / 北 / 普通窗 ; 阳台A / 6.5平米 / 北 东 / 普通窗 ; 阳台B / 1.74平米 / 西 北 东 / 普通窗 ; 过道 / 6.88平米 / 无 / 无窗 ; 衣帽间 / 12.26平米 / 无 / 无窗,
中式花园房，配套齐全，近地铁，顶楼大阳台,"万科第五园一期 , 坂田",4室2厅,105.43平米,南,简装,高楼层(共6层),2006年,塔楼,628 万,59566 元,9,,,VR房源 | 随时看房,https://sz.lianjia.com/ershoufang/105114510993.html,VR房源 | 随时看房,此房满五年 唯一 带60平的天台花园 换房诚心出售 明厨明卫,此房所在小区建于2008年，高层户型为75~89平方二至三房，110-115三至四房，叠加别墅136~150平四至五房，小区楼间距大，小区24小时有保安巡逻，安全舒适，带两层地下车库，车位充足！,五园南门和北门出行口都有一个华润万家，万科里的商圈（在万科第五园九期），生活配套设施完善，距离1200米8号仓可以大型购物，喝茶，看电影，还有坂田医院 一个南坑水库 一个钓鱼场所休闲场，两个登山口可以爬银湖山,轨道交通：地铁5号线坂田站A出口1公里，地铁10号线雅园站A1，规划中的21号线坂田南站 交通干线：500米坂银通道、南坪快速，布龙路、坂雪岗大道、五和大道、梅关高速、清平高速、水管高速、沈海高速等。 距五园幼儿园公交站200米（此数据来源于百度地图）。,,,暂无数据,2023-08-14,商品房,普通住宅,暂无数据,非共有,有抵押 400万元 客户偿还,挂牌时间:2023-08-14 | 交易权属:商品房 | 上次交易:暂无数据 | 房屋用途:普通住宅 | 房屋年限:暂无数据 | 产权所属:非共有 | 抵押信息:有抵押 400万元 客户偿还 | 房本备件:未上传房本照片,客厅 / 31.75平米 / 西南 东南 / 落地窗 ; 卧室A / 9.72平米 / 无 / 未知窗户类型 ; 卧室B / 7.24平米 / 西南 / 普通窗 ; 卧室C / 16.39平米 / 西南 / 落地窗 ; 卧室D / 18.16平米 / 西北 / 普通窗 ; 厨房 / 5.27平米 / 西北 / 普通窗 ; 卫生间A / 3.97平米 / 东北 / 普通窗 ; 卫生间B / 5.67平米 / 无 / 普通窗 ; 阳台A / 7.36平米 / 西南 西北 东南 / 落地窗 ; 阳台B / 4.22平米 / 西北 / 普通窗 ; 过道 / 2.91平米 / 无 / 无窗,
春华四季园110平米朝南大3房客厅带大阳台,"春华四季园一期 , 坂田",3室2厅,110平米,南,,中楼层(共11层),2006年,板楼,560 万,50910 元,0,,,近地铁 | VR看装修,https://sz.lianjia.com/ershoufang/105121562374.html,地铁 | VR看装修,春华四季园110平米朝南大3房客厅带大阳台,小区总建筑面积430000㎡，总规划户数约3300户，拥有完善的配套设施，6000㎡的湖坡，1000米的风情街，室外泳池及室内恒温泳池、3000㎡的运动场地、幼儿园等，金光华物业。二期户型丰富多样，包括70㎡的两房.95-100㎡左右的三房.136-158㎡的四房五房 141..,小区自带：小区一条街、华润万家、特蕾丝幼儿园、游泳馆、网球场、篮球场、羽毛球场、休闲会所等配套，生活购物便利，购物：8号仓奥特莱斯、龙华名车广场，东门离阳光湾畔购物广场、海达和成购物广场,,,,暂无数据,2025-07-25,商品房,普通住宅,暂无数据,非共有,有抵押,挂牌时间:2025-07-25 | 交易权属:商品房 | 上次交易:暂无数据 | 房屋用途:普通住宅 | 房屋年限:暂无数据 | 产权所属:非共有 | 抵押信息:有抵押 | 房本备件:未上传房本照片,客厅 / 50.22平米 / 无 / 未知窗户类型 ; 卧室A / 11.29平米 / 无 / 未知窗户类型 ; 卧室B / 8.55平米 / 无 / 未知窗户类型 ; 卧室C / 16.39平米 / 南 / 落地窗 ; 厨房 / 4.23平米 / 无 / 无窗 ; 卫A / 4.89平米 / 无 / 未知窗户类型 ; 卫B / 3.3平米 / 西 / 普通窗 ; 阳台 / 10.63平米 / 西 东 南 / 落地窗 ; 过道 / 8.03平米 / 无 / 无窗,
坂田地铁口｜轻奢高配次新房｜满五唯一｜双阳台泳景房,"德润荣君府 , 坂田",3室2厅,89.71平米,东南,精装,低楼层(共36层),2017年,板楼,600 万,66883 元,0,,,近地铁 | VR看装修 | 房本满五年,https://sz.lianjia.com/ershoufang/105121564619.html,地铁 | VR看装修 | 房本满五年,坂田A口 次新楼满五 豪装0甲醛 泳池观景 居家楼层,坂田地铁A口2018年交楼的次新品质社区，由7栋围合而成，闹中取静。小区内部配备大型中央泳池、精致花园及充足休闲设施，居住氛围浓厚。本房源位于小区中间位置，安静无噪音干扰，推窗见景，居住舒适度极高。马路对面即为万科里商业体，生活便利性无可挑剔,,"地铁无缝衔接： 出门即是地铁5号线坂田站A口，名副其实地铁上盖物业，通勤福田、罗湖、南山均极其便利。
路网四通八达： 驾车出门即上布龙路，可快速接驳坂银通道、南坪快速等城市主干道，约30分钟速达福田、罗湖中心区，通勤效率极高。",,,2015-12-08,2025-07-25,商品房,普通住宅,满五年,非共有,有抵押 170万元 农行 客户偿还,挂牌时间:2025-07-25 | 交易权属:商品房 | 上次交易:2015-12-08 | 房屋用途:普通住宅 | 房屋年限:满五年 | 产权所属:非共有 | 抵押信息:有抵押 170万元 农行 客户偿还 | 房本备件:已上传房本照片,客厅 / 24.85平米 / 南 / 普通窗 ; 卧室A / 8.51平米 / 无 / 未知窗户类型 ; 卧室B / 11.23平米 / 无 / 未知窗户类型 ; 卧室C / 9.5平米 / 无 / 未知窗户类型 ; 厨房 / 5.49平米 / 西 / 普通窗 ; 卫A / 4.1平米 / 无 / 普通窗 ; 卫B / 3.71平米 / 无 / 未知窗户类型 ; 阳台A / 2.43平米 / 西 / 普通窗 ; 阳台B / 4.33平米 / 南 / 普通窗 ; 过道 / 3.03平米 / 无 / 无窗,
新上龙岸花园 端头位别墅 三面采光 拓展面积大！,"龙岸花园一期 , 坂田",6室2厅,219.46平米,南 北,简装,2层,2010年,板塔结合,2520 万,114828 元,1,,,近地铁 | VR房源 | 房本满五年,https://sz.lianjia.com/ershoufang/105118066154.html,地铁 | VR房源 | 房本满五年,端头户型，带侧面大花园，上下4层，三面采光！,龙岸占地约100000㎡，总建筑面积约270000㎡，约180㎡的半山叠墅，约220㎡的半山联排双拼；不仅可以观赏到内部园林景观，还可以远望民治水库和塘朗山、银湖山等外部自然景观；二期园林因地制宜，规划成退台式的布局。,,龙岸花园位于雅园路和华南路交汇处，地铁10号线光雅园站200米，地理位置安静，小区被半山包围，两条高速，梅观高速和南平快速，民康路直达。小区门口是公交站台，数十条公交线路去深圳北站。,,,2011-09-07,2024-08-25,商品房,普通住宅,满五年,非共有,有抵押 金融公司垫资,挂牌时间:2024-08-25 | 交易权属:商品房 | 上次交易:2011-09-07 | 房屋用途:普通住宅 | 房屋年限:满五年 | 产权所属:非共有 | 抵押信息:有抵押 金融公司垫资 | 房本备件:已上传房本照片,客厅 / 36.02平米 / 南 / 普通窗 ; 餐厅 / 37.06平米 / 北 东 / 落地窗 ; 书房 / 20.38平米 / 东 南 / 落地窗 ; 卧室A / 15.36平米 / 南 / 普通窗 ; 多功能间A / 36.44平米 / 北 / 普通窗 ; 卧室B / 16.48平米 / 北 / 落地窗 ; 多功能间B / 36.44平米 / 无 / 无窗 ; 多功能间C / 35.47平米 / 西 北 南 / 落地窗 ; 厨房 / 7.03平米 / 东 / 普通窗 ; 卫A / 3.52平米 / 无 / 无窗 ; 卫B / 8.31平米 / 北 / 普通窗 ; 卫C / 3.34平米 / 东 / 普通窗 ; 阳台A / 15.52平米 / 东 南 / 普通窗 ; 阳台B / 12.65平米 / 东 南 / 普通窗 ; 阳台C / 1.43平米 / 西 北 东 / 普通窗 ; 阳台D / 5.3平米 / 无 / 无窗 ; 阳台E / 11.15平米 / 西 北 东 南 / 普通窗 ; 露台 / 26.76平米 / 西 北 东 / 普通窗 ; 储A / 4.56平米 / 无 / 无窗 ; 储B / 3.83平米 / 无 / 无窗 ; 过道 / 3.26平米 / 无 / 无窗 ; 楼梯间A / 21.05平米 / 东 / 普通窗 ; 楼梯间B / 9.5平米 / 无 / 无窗 ; 衣帽间 / 3.69平米 / 无 / 无窗,
佳兆业城市广场地铁口花园中间位置安静带入户保养好,"佳兆业中央广场一期 , 坂田",4室1厅,119.24平米,南 北,精装,低楼层(共47层),2013年,塔楼,685 万,57448 元,0,,,近地铁 | VR看装修,https://sz.lianjia.com/ershoufang/105120456567.html,地铁 | VR看装修,此房在花园中间位置安静带入户花园通透户型厅出阳台自住保养好,新社区，人车分流，24小时保安轮流值班，社区有自己的健身广场和花园，园林式社区。占地约300000平，建面约1800000平米，依托高新技术产业园，佳兆业城市广场物业形态丰富，集住宅、酒店于一体。小区左边是天安云谷、华为总部,地铁十号线雪象站A出口，沿着坂雪岗大道可以去梅林关（去关内方向）、也可以转布龙路转南坪快速和水官高速，也可以从转贝尔路再转梅关高速，上坂澜大道可以去观澜也可以去平湖。交通很方便。高速交通：梅观高速、清平高速、坂雪岗大道、南坪快速,,,,暂无数据,2025-04-19,商品房,普通住宅,暂无数据,非共有,有抵押 350万元 金融公司垫资,挂牌时间:2025-04-19 | 交易权属:商品房 | 上次交易:暂无数据 | 房屋用途:普通住宅 | 房屋年限:暂无数据 | 产权所属:非共有 | 抵押信息:有抵押 350万元 金融公司垫资 | 房本备件:未上传房本照片,客厅 / 32.13平米 / 北 / 落地窗 ; 卧室01 / 9.32平米 / 北 / 落地窗 ; 卧室02 / 11.09平米 / 北 / 落地窗 ; 卧室03 / 17.08平米 / 北 / 落地窗 ; 卧室04 / 10.37平米 / 北 / 落地窗 ; 厨房 / 4.18平米 / 北 / 落地窗 ; 卫01 / 3.66平米 / 北 / 普通窗 ; 卫02 / 4.96平米 / 北 / 普通窗 ; 阳台 / 2.44平米 / 北 / 落地窗 ; 过道 / 6.92平米 / 无 / 无窗 ; 门厅 / 9.4平米 / 北 / 落地窗,
带私家车位！！！月朗苑小3房，客厅正南出阳台看花园,"中海月朗苑 , 坂田",2室1厅,70.54平米,南,简装,高楼层(共11层),2006年,板楼,375 万,53162 元,5,,,近地铁 | VR房源,https://sz.lianjia.com/ershoufang/105121116465.html,地铁 | VR房源,满五年，客厅正南出阳台看花园，有私家车位可单购,中海月朗苑项目位于深圳市龙岗区布吉坂田南，距梅林关口约4公里（来自百度地图），上南坪快速很便捷，用地基本为矩形，住宅楼型为多层，小高层，高层相结合，拥有近20000平方米的花园，小区完全人车分流，展现一种宽适、自然、休闲、的生活氛。,"小区带有商铺：平方生活购物 、钱大妈、健身房，再远点约700米湾畔Mall大型购物，万科里。约2.5公里范围内：万科广场，星河COCOPARK,八号仓奥特莱斯，天虹商场等。旁边有银湖山郊野公园，坂田集团钓鱼场，南坑水库，正坑水库。平时休闲时可以钩钩鱼等。",小区东边坂雪岗大道接南坪快速、西边五和大道接梅观高速，近坂银隧道口，直通福田笋岗路与北环大道；近地铁10号线南坑站及光雅园站，直线距离约700米，交通便利。,,,暂无数据,2025-06-17,商品房,普通住宅,暂无数据,非共有,有抵押 100万元,挂牌时间:2025-06-17 | 交易权属:商品房 | 上次交易:暂无数据 | 房屋用途:普通住宅 | 房屋年限:暂无数据 | 产权所属:非共有 | 抵押信息:有抵押 100万元 | 房本备件:未上传房本照片,客厅 / 30.56平米 / 南 / 落地窗 ; 卧室01 / 12.75平米 / 无 / 未知窗户类型 ; 卧室02 / 9.81平米 / 无 / 未知窗户类型 ; 厨房 / 7.07平米 / 北 / 普通窗 ; 卫 / 4.09平米 / 无 / 未知窗户类型 ; 阳台 / 4.8平米 / 西 南 / 落地窗,
房子面积实用 带入户花园储物间 无遮挡采光保养好,"佳兆业中央广场三期 , 坂田",4室1厅,121.72平米,北,简装,45层,2016年,塔楼,780 万,64082 元,16,,,近地铁 | VR看装修 | 房本满五年,https://sz.lianjia.com/ershoufang/105110380182.html,地铁 | VR看装修 | 房本满五年,房子面积实用 带入户花园储物间 无遮挡采光保养好,新社区，人车分流，24小时保安轮流值班，小区内有自己的健身广场和花园，园林式社区，自带大泳池，健身场所、会所，配套齐全，居家舒适。,佳兆业城市广场社区依托高新技术产业园，物业形态丰富，集住宅、酒店、大型综合体配套于一体，小区旁边就是天安云谷、华为总部。,,,,2016-07-19,2022-04-25,商品房,普通住宅,满五年,非共有,有抵押 260万元 客户偿还,挂牌时间:2022-04-25 | 交易权属:商品房 | 上次交易:2016-07-19 | 房屋用途:普通住宅 | 房屋年限:满五年 | 产权所属:非共有 | 抵押信息:有抵押 260万元 客户偿还 | 房本备件:已上传房本照片,,
高楼层  位置安静 东南朝向  保养好,"佳兆业中央广场一期 , 坂田",3室2厅,89.18平米,东南,精装,高楼层(共46层),2013年,板楼,435 万,48778 元,7,,,近地铁 | VR看装修 | 房本满五年,https://sz.lianjia.com/ershoufang/105118853335.html,地铁 | VR看装修 | 房本满五年,满五唯一两卫侧出阳台。视野开阔，户型方正 ，南向,总共分为6期开发的大楼盘。3个幼儿园：自带综合MALL，加270米万豪酒店（六期项目在建），二期的地理位置很好，小区大门离地铁口近,,地铁十号线雪象站A出口，沿着坂雪岗大道可以去梅林关（去关内方向）、也可以转布龙路转南坪快速和水官高速，也可以从转贝尔路再转梅关高速，上坂澜大道可以去观澜也可以去平湖。交通很方便。高速交通：梅观高速、清平高速、坂雪岗大道、南坪快速,,,2013-11-01,2024-11-09,商品房,普通住宅,满五年,非共有,无抵押,挂牌时间:2024-11-09 | 交易权属:商品房 | 上次交易:2013-11-01 | 房屋用途:普通住宅 | 房屋年限:满五年 | 产权所属:非共有 | 抵押信息:无抵押 | 房本备件:已上传房本照片,客厅 / 24.09平米 / 东南 / 落地窗 ; 卧室A / 8.56平米 / 东南 / 落地窗 ; 卧室B / 12.93平米 / 无 / 未知窗户类型 ; 卧室C / 9.8平米 / 西南 / 落地窗 ; 厨房 / 4.52平米 / 西南 / 普通窗 ; 卫A / 2.99平米 / 西南 / 普通窗 ; 卫B / 3.93平米 / 无 / 普通窗 ; 阳台A / 6.49平米 / 东 / 落地窗 ; 阳台B / 3.68平米 / 西南 / 普通窗 ; 过道 / 2.91平米 / 无 / 无窗,
一楼花园地下室，配套齐全四房，近地铁精装叠院,"万科第五园一期 , 坂田",4室2厅,141.46平米,南 北,精装,低楼层(共3层),2006年,塔楼,985 万,69631 元,19,,,近地铁 | VR房源,https://sz.lianjia.com/ershoufang/105116698489.html,地铁 | VR房源,房子使用面积大，两层实用有280平，有两个花园，看房方便,"由万科地产开发管理,于2000年批地,2006年开盘,毛坯交楼,合院洋房的面积有76-96-106-107平等,一楼带有地下室和六楼为平顶复式,另有叠院洋房和别墅区,自带游泳池,华润万家,和购物一条街等,中式文化园林,闹中取静,园中有景,低密度,位于第五园中轴地带!",五园南门和北门出行口都有一个华润万家，万科里的商圈（在万科第五园九期），生活配套设施完善，距离1200米8号仓可以大型购物，喝茶，看电影，还有坂田医院， 一个南坑水库 一个钓鱼场所休闲场，两个登山口可以爬银湖山。,"第五园共为一至九期,由四条路分开,共有六个板块,门口有南坪,清平等高速,坂银隧道已开通,第五园八期自带公交总站,另有轨道交通从福田到平湖,经过坂田有九个站,第五园有设站,步行1000米可到。",,,暂无数据,2024-04-16,商品房,普通住宅,暂无数据,共有,无抵押,挂牌时间:2024-04-16 | 交易权属:商品房 | 上次交易:暂无数据 | 房屋用途:普通住宅 | 房屋年限:暂无数据 | 产权所属:共有 | 抵押信息:无抵押 | 房本备件:未上传房本照片,客厅 / 27.42平米 / 南 / 普通窗 ; 餐厅 / 19.96平米 / 南 / 普通窗 ; 卧室A / 44.45平米 / 北 / 普通窗 ; 卧室B / 13.3平米 / 北 / 普通窗 ; 卧室C / 9.03平米 / 北 / 落地窗 ; 卧室D / 19.82平米 / 无 / 未知窗户类型 ; 厨房 / 9.89平米 / 北 / 普通窗 ; 卫生间A / 4.74平米 / 无 / 无窗 ; 卫生间B / 3.27平米 / 西 / 普通窗 ; 卫生间C / 4.02平米 / 东 南 / 普通窗 ; 露台 / 10.67平米 / 无 / 无窗 ; 过道 / 5.92平米 / 无 / 无窗 ; 入户花园A / 22.27平米 / 西 东 南 / 普通窗 ; 入户花园B / 28.36平米 / 南 / 普通窗,
天虹商场楼上，近地铁，南向精修两房,"信义嘉御山 , 坂田",2室2厅,74平米,南,精装,26层,2013年,板塔结合,450 万,60811 元,0,,,近地铁 | VR看装修,https://sz.lianjia.com/ershoufang/105121737426.html,地铁 | VR看装修,满五唯一红本，南向高楼层，视野无遮挡，保养好,信义嘉御豪园分3期开发，占地近100000平米，建面400000平，共3008户。2013-2015年底交房，小区内有泳池，下楼就有幼儿园，户型多样，66平-77平方正2房；83-88平朝南或南北的3房；85平复式4房3卫；117-217平改善大平层，小区人车分流设计。,信义嘉御山是坂田次新大社区，一期楼下天虹商场，有星巴克，KFC，必胜客，奈雪，喜茶，泸溪河，华为，小米，中航健身会所等商家，过马路还有佳华商场MAX.CITY有海底捞，探鱼等餐饮名店，还有招行，建行，江苏银行围绕小区，整体配套很全生活便利,双地铁10号线、5号线物业，到深圳北站两个地铁站，信义嘉御山小区采用人车分流，绿化面积大，24小时封闭物业管理，居住环境舒适。,,,暂无数据,2025-08-10,商品房,普通住宅,暂无数据,非共有,有抵押 219万元 农业银行 客户偿还,挂牌时间:2025-08-10 | 交易权属:商品房 | 上次交易:暂无数据 | 房屋用途:普通住宅 | 房屋年限:暂无数据 | 产权所属:非共有 | 抵押信息:有抵押 219万元 农业银行 客户偿还 | 房本备件:未上传房本照片,客厅 / 30.27平米 / 西南 东北 东南 / 落地窗 ; 卧室A / 15.81平米 / 南 / 落地窗 ; 卧室B / 8.58平米 / 西南 / 普通窗 ; 厨房 / 4.61平米 / 无 / 未知窗户类型 ; 卫 / 4.44平米 / 东南 / 落地窗 ; 阳台 / 6.06平米 / 西南 西北 东南 / 普通窗 ; 过道 / 2.87平米 / 无 / 无窗,
自住次新楼盘，格局方正，南北通透  户型好，保养好,"联发天境雅居 , 坂田",4室2厅,111.7平米,南 北,精装,低楼层(共31层),,塔楼,630 万,56402 元,2,,,VR看装修,https://sz.lianjia.com/ershoufang/105120673042.html,VR看装修,自住次新楼盘，格局方正，南北通透  户型好，保养好,联发天境雅居小区位于深圳市龙岗区坂田街道，地铁10号线华为站500米，该小区由拥有38年开发建设经验的国企联发集团打造，位于“坂雪岗科技城”片区，是全市中部发展轴的HX位置，汇聚了300+国家高新企业。,医疗配套片区内有深圳市人民医院坂田院区香港中文大学深圳直属医院在建中等带双地铁口贝尔站和华为站不到一公里有坂田天虹和百佳华出行便利生活配套齐全,,,,暂无数据,2025-05-09,商品房,普通住宅,暂无数据,共有,无抵押,挂牌时间:2025-05-09 | 交易权属:商品房 | 上次交易:暂无数据 | 房屋用途:普通住宅 | 房屋年限:暂无数据 | 产权所属:共有 | 抵押信息:无抵押 | 房本备件:未上传房本照片,,
满足刚需三件套：交通好、地段好...,"泓瀚苑 , 坂田",3室1厅,59.26平米,南,,中楼层(共8层),2002年,塔楼,280 万,47250 元,0,,24天以前发布,近地铁 | VR房源,https://sz.lianjia.com/ershoufang/105122127979.html,地铁 | VR房源,交通好地铁5号和10号线加五和枢纽，地段商业成熟,,有坂田商 业广场，过红绿灯是百佳华、巨幕电影院、品牌餐饮（爱婉婷、海底捞、星巴克等），过马路是坂田天虹等，配套齐全，生活便利,小区自驾出行出小区沿着吉华路往东可以达到布吉、罗湖、龙岗等区域，往西600米到达龙华区，往南上梅观高速-皇岗北路到达福田区，经梅观高速-南坪快速-北环大道直抵南山，享受5号线（五和站）和10号线（坂田北站），未来深大城际深惠城际,,,暂无数据,2025-09-14,商品房,普通住宅,暂无数据,非共有,有抵押 108万元,挂牌时间:2025-09-14 | 交易权属:商品房 | 上次交易:暂无数据 | 房屋用途:普通住宅 | 房屋年限:暂无数据 | 产权所属:非共有 | 抵押信息:有抵押 108万元 | 房本备件:未上传房本照片,客厅 / 23.29平米 / 无 / 无窗 ; 卧室A / 6.23平米 / 西北 / 普通窗 ; 卧室B / 9平米 / 西北 / 普通窗 ; 卧室C / 6.85平米 / 东北 / 普通窗 ; 厨房 / 4.62平米 / 北 西北 东北 / 落地窗 ; 卫生间 / 2.56平米 / 无 / 无窗,
金洲嘉丽园 3室1厅 南,"金洲嘉丽园 , 坂田",3室1厅,89平米,南,,7层,2003年,塔楼,340 万,38203 元,3,,,近地铁 | VR房源,https://sz.lianjia.com/ershoufang/105120308470.html,地铁 | VR房源,,,,,,,暂无数据,2025-04-06,商品房,普通住宅,暂无数据,非共有,无抵押,挂牌时间:2025-04-06 | 交易权属:商品房 | 上次交易:暂无数据 | 房屋用途:普通住宅 | 房屋年限:暂无数据 | 产权所属:非共有 | 抵押信息:无抵押 | 房本备件:未上传房本照片,客厅 / 27.45平米 / 北 / 普通窗 ; 卧室A / 9.38平米 / 北 / 落地飘窗 ; 卧室B / 9.15平米 / 北 / 落地飘窗 ; 卧室C / 11.9平米 / 南 / 落地飘窗 ; 厨房 / 5.5平米 / 东 / 普通窗 ; 卫 / 4.63平米 / 南 / 普通窗 ; 阳台A / 5.47平米 / 北 东 / 普通窗 ; 阳台B / 2.72平米 / 东 / 普通窗 ; 过道 / 2.49平米 / 无 / 无窗,
近华为低密度地铁口惊喜价格电梯3房,"中海日辉台 , 坂田",3室2厅,92.8平米,西南,,中楼层(共11层),2005年,塔楼,410 万,44182 元,16,,,近地铁 | VR看装修 | 随时看房,https://sz.lianjia.com/ershoufang/105115470268.html,地铁 | VR看装修 | 随时看房,满五年中海日辉台电梯3房低于参考价,小区是05年中海集团开发建设的，物业也是中海公司负责管理。小区总7栋楼，1、2、7栋电梯房，4、5、6栋楼梯房，4栋可直达地下车库；小区的绿化高，环境舒适；小区有4块游玩区域，篮球场、游泳池、乒乓球台；娱乐设施充足,,地铁十号线距离小区100米，出门便是地铁口，快捷到达福田区。坂银通道直达罗湖、福田，2站到五和枢纽可转5号地铁，深大城际（在建设），深惠城际（在建设）；公交站台有3个站点，交通便利,,,暂无数据,2023-11-29,商品房,普通住宅,暂无数据,非共有,有抵押 230万元 招商银行 客户偿还,挂牌时间:2023-11-29 | 交易权属:商品房 | 上次交易:暂无数据 | 房屋用途:普通住宅 | 房屋年限:暂无数据 | 产权所属:非共有 | 抵押信息:有抵押 230万元 招商银行 客户偿还 | 房本备件:未上传房本照片,客厅 / 23.52平米 / 西 / 落地窗 ; 卧室A / 10.16平米 / 无 / 未知窗户类型 ; 卧室B / 8.06平米 / 无 / 未知窗户类型 ; 卧室C / 13.51平米 / 无 / 未知窗户类型 ; 厨房 / 5.38平米 / 西 / 普通窗 ; 卫A / 3.29平米 / 无 / 未知窗户类型 ; 卫B / 4.9平米 / 无 / 未知窗户类型 ; 阳台A / 2.38平米 / 西 / 普通窗 ; 阳台B / 4.24平米 / 西 北 / 普通窗 ; 过道 / 4.41平米 / 无 / 无窗,
中海月朗苑三房 采光好 视野开阔,"中海月朗苑 , 坂田",3室2厅,78.25平米,北,精装,高楼层(共11层),2006年,板楼,378 万,48307 元,11,,,近地铁 | VR看装修,https://sz.lianjia.com/ershoufang/105118308772.html,地铁 | VR看装修,10号线雅园地铁口，电梯可三房，视野开阔，采光好，高实用率,中海月朗苑项目位于深圳市龙岗区布吉坂田南，距梅林关口约4公里，距坂银隧道1.9公里（来自百度地图），上南坪快速很便捷，用地基本为矩形，住宅楼型为多层，小高层，高层相结合，拥有近20000平方米的花园，小区完全人车分流，展现一种宽适、自然、休闲生活。,本小区位于万科第五园西面，南面是科高五和，小区北门有200平左右的平方商场可以解决日常所需，100M左右可以到坂田手造文化街，800M到8号仓购物广场来自百度地图,小区西面700米是地铁10号线光雅园站，小区东边坂雪岗大道接南坪快速、西边五和大道接梅观高速，近坂银隧道口，直通福田笋岗路与北环大道，交通便利。,,,暂无数据,2024-09-17,商品房,普通住宅,暂无数据,非共有,有抵押 80万元,挂牌时间:2024-09-17 | 交易权属:商品房 | 上次交易:暂无数据 | 房屋用途:普通住宅 | 房屋年限:暂无数据 | 产权所属:非共有 | 抵押信息:有抵押 80万元 | 房本备件:未上传房本照片,客厅 / 30.7平米 / 无 / 未知窗户类型 ; 卧室A / 8.08平米 / 北 / 普通窗 ; 卧室B / 10.15平米 / 无 / 未知窗户类型 ; 卧室C / 11.4平米 / 北 / 普通窗 ; 厨房 / 4.6平米 / 东 / 普通窗 ; 卫 / 4.21平米 / 无 / 未知窗户类型 ; 阳台 / 3.82平米 / 北 东 / 普通窗,
万科第五园徽式住宅业主自住好房诚意出售,"万科第五园三期 , 坂田",4室2厅,117.28平米,东南,,高楼层(共23层),2008年,塔楼,658 万,56106 元,6,,,VR看装修,https://sz.lianjia.com/ershoufang/105116221594.html,VR看装修,此房满五唯一，坐北朝南的高层，采光充足，视野开阔，无遮挡,万科第五园三期为徽派建筑元素和晋派建筑元素风格，将传统与现代、中式与西式很好地嫁接和结合，在清砖的步行道行走，穿过密集的青竹林小路，清风拂面，令人心旷神怡；小区共三栋高层分九个单元，其余皆为叠院及别墅，密度较低，带泳池。万科物业管理好,小区近银湖山及正坑水库，周末散心好去处；生活方便，带有2个华润chao市（五期和一期）、万科里商场（九期），小区2公里范围内有湾畔mall商场、奥特莱斯8号仓、星河Cocopark、坂田天虹、佳华购物广场等，还有个手造文化街可闲暇时间去闲逛,距离地铁5号线坂田站步行距离1.3公里，地铁10号线光雅园站约700米，坂银通道已通车，去罗湖福田很方便。交通干线：布龙路、坂雪岗大道、五和大道、梅关高速、南坪快速、清平高速、水管高速、沈海高速等。距五园幼儿园公交站200米（此数据来源于百度地图）,,,暂无数据,2024-03-03,商品房,普通住宅,暂无数据,非共有,无抵押,挂牌时间:2024-03-03 | 交易权属:商品房 | 上次交易:暂无数据 | 房屋用途:普通住宅 | 房屋年限:暂无数据 | 产权所属:非共有 | 抵押信息:无抵押 | 房本备件:未上传房本照片,客厅 / 33.06平米 / 无 / 未知窗户类型 ; 卧室A / 6.42平米 / 东北 / 普通窗 ; 卧室B / 9.33平米 / 无 / 未知窗户类型 ; 卧室C / 8.66平米 / 无 / 未知窗户类型 ; 卧室D / 15.24平米 / 西南 / 普通窗 ; 厨房 / 5.2平米 / 西南 / 普通窗 ; 卫A / 2.93平米 / 东北 / 普通窗 ; 卫B / 4.68平米 / 东北 / 普通窗 ; 阳台 / 3.17平米 / 西南 / 普通窗 ; 入户花园 / 15平米 / 北 / 落地窗,
满五唯一 税少  南向看花园 视野开阔 看房方便,"信义嘉御山 , 坂田",3室2厅,117平米,南,精装,中楼层(共31层),2013年,板塔结合,750 万,64103 元,4,,,近地铁 | VR看装修,https://sz.lianjia.com/ershoufang/105116428453.html,地铁 | VR看装修,满五唯一 税少  南向看花园 视野开阔 看房方便,信义嘉御豪园分三期开发，共3008户。2013-2015年底交房，小区内有泳池，配套有公里龙岗机关幼儿园，户型多样，66平-77平，方正通透的两房；83-88平，朝南或南北的三房户型；85平 复式 四房三卫；117-217平 改善大户型。,,双地铁10号线、5号线，距离五和站800米、坂田北站300米（百度地图），1公里可以上珠三角环线高速,,,暂无数据,2024-03-21,商品房,普通住宅,暂无数据,非共有,有抵押 330万元,挂牌时间:2024-03-21 | 交易权属:商品房 | 上次交易:暂无数据 | 房屋用途:普通住宅 | 房屋年限:暂无数据 | 产权所属:非共有 | 抵押信息:有抵押 330万元 | 房本备件:未上传房本照片,客厅 / 35.13平米 / 无 / 未知窗户类型 ; 卧室A / 15.4平米 / 无 / 未知窗户类型 ; 卧室B / 11.62平米 / 无 / 未知窗户类型 ; 卧室C / 18.43平米 / 东南 / 普通窗 ; 厨房 / 7.83平米 / 东北 / 普通窗 ; 卫A / 4.95平米 / 无 / 未知窗户类型 ; 卫B / 3.66平米 / 东北 / 普通窗 ; 阳台 / 11.22平米 / 西南 东北 东南 / 普通窗 ; 入户花园 / 7.46平米 / 西南 / 普通窗 ; 过道 / 1.2平米 / 无 / 无窗,
大阳台，满五税费低，次新房，璞悦山4室,"璞悦山 , 坂田",4室2厅,175.46平米,南,精装,32层,2013年,板楼,950 万,54144 元,13,,,VR看装修 | 房本满五年,https://sz.lianjia.com/ershoufang/105115765504.html,VR看装修 | 房本满五年,万科精装修双套间大四房，视野开阔，满五唯一，高楼层景观好！,万科璞悦山，小区绿化，环境好，且小区后面有业主私家登山道，有钓鱼场，适合全家游玩，小区内有会所，有泳池，社区自带幼儿园，生活也很便利。现代中式建筑风格，树木林立郁郁葱葱，花草遍地，芬芳满园，适合生活居家。,"100米处是万科里购物，星巴克，钱大妈。300米处是万科第五园五期华润万家，百果园。手造文化街，星河CoCo Park,奥特莱斯，8号仓等！",小区出门就可上南坪快速，去南山宝安很方便，上坂银隧道去到罗湖福田。出行方便，看房方便！,,,2014-11-05,2024-01-03,商品房,普通住宅,满五年,非共有,有抵押 800万元,挂牌时间:2024-01-03 | 交易权属:商品房 | 上次交易:2014-11-05 | 房屋用途:普通住宅 | 房屋年限:满五年 | 产权所属:非共有 | 抵押信息:有抵押 800万元 | 房本备件:已上传房本照片,客厅 / 42.84平米 / 南 / 落地窗 ; 卧室A / 11.14平米 / 南 / 落地窗 ; 卧室B / 12.88平米 / 南 / 落地窗 ; 卧室C / 20.28平米 / 南 / 落地窗 ; 卧室D / 10.68平米 / 北 / 落地窗 ; 厨房 / 6.78平米 / 北 / 普通窗 ; 卫A / 4.11平米 / 无 / 无窗 ; 卫B / 7.41平米 / 北 / 普通窗 ; 卫C / 4.89平米 / 北 / 落地窗 ; 阳台A / 7.68平米 / 西 东 南 / 落地窗 ; 阳台B / 2.31平米 / 北 / 落地窗 ; 过道 / 3.28平米 / 无 / 无窗 ; 衣帽间 / 3.06平米 / 无 / 无窗,
坂田地铁口三房两卫，次新房，满五年唯一，高楼层,"德润荣君府 , 坂田",3室2厅,87.37平米,南,,高楼层(共41层),2017年,板楼,610 万,69819 元,4,,,近地铁 | VR看装修,https://sz.lianjia.com/ershoufang/105112307637.html,地铁 | VR看装修,坂田地铁口标准三房，次新房，满五年唯一，高楼层,,楼下自带幼稚园、5000㎡底商。布龙路以北万科100000㎡商写综合体建设中，西侧在建华侨城住宅、幼儿园及和美外国语项目（30班1500位置）。距小区1000有两万㎡万科里。2000内有阳光湾畔、8号仓、坂田天虹、大族云峰等商场。,"四通八达,小区邻布龙路坂雪岗大道两大动脉,南面1km上坂银南坪,通达福田南山方便；东面两个灯位上清平水官,通达罗湖盐田惠州；西北侧2km上G94,1 h到宝安东莞广州；北达天安和华为。150米到5号线坂田地铁口,0.5km到5&10号线换乘站五和，10站到福田口岸。",,,暂无数据,2022-12-19,商品房,普通住宅,暂无数据,非共有,有抵押 200万元,挂牌时间:2022-12-19 | 交易权属:商品房 | 上次交易:暂无数据 | 房屋用途:普通住宅 | 房屋年限:暂无数据 | 产权所属:非共有 | 抵押信息:有抵押 200万元 | 房本备件:未上传房本照片,客厅 / 24.33平米 / 无 / 未知窗户类型 ; 卧室A / 8.61平米 / 无 / 未知窗户类型 ; 卧室B / 13.46平米 / 无 / 未知窗户类型 ; 卧室C / 8.14平米 / 无 / 未知窗户类型 ; 厨房 / 5.75平米 / 南 / 普通窗 ; 卫生间A / 4.89平米 / 无 / 未知窗户类型 ; 卫生间B / 4.68平米 / 无 / 未知窗户类型 ; 阳台 / 4.85平米 / 西 东 南 / 普通窗 ; 过道 / 2.86平米 / 无 / 无窗,
坂田地铁口低密度大社区，电梯中高楼层，满五年，诚售,"十二橡树庄园一期 , 坂田",3室2厅,72.13平米,南,,高楼层(共15层),2011年,板楼,367 万,50881 元,16,,,近地铁 | VR看装修 | 随时看房,https://sz.lianjia.com/ershoufang/105113957471.html,地铁 | VR看装修 | 随时看房,满五年，电梯房实用率高，小区低密度社区绿化好居住舒适,十二橡树是深圳唯一原石山别墅、深圳唯一电梯别墅、区域唯一台地别墅、230米礼宾大道、深圳唯一径端路设计、纯智能化小区 ，双拼、叠拼及小高层平面房，经典的北美庄园范本，是现代别墅生活新潮流。目前属于万科物业,此房小区所在位置安静，鸟语花香，交通方便，较近的一个大型商场海达和成购物广场在五和地铁站B出口处，距离小区约600米， 阳光湾畔，坂田天虹商场，八号仓商场等，较近的综合市场扬马菜市场距离小区约500米，小区北面300米有坂田医院。,小区北面50米是布龙路，东面300米是坂雪岗大道，南面200米是永香路，西面400米是五和大道，各大要道相互交汇四通八达。 小区还是双地铁坂田，五和环中线分布于小区东西两侧约步行500米。目前还有一条十号线平湖到福田口岸的地铁线。 即将开通的坂银通道,,,暂无数据,2023-06-11,商品房,普通住宅,暂无数据,非共有,有抵押 160万元,挂牌时间:2023-06-11 | 交易权属:商品房 | 上次交易:暂无数据 | 房屋用途:普通住宅 | 房屋年限:暂无数据 | 产权所属:非共有 | 抵押信息:有抵押 160万元 | 房本备件:未上传房本照片,客厅 / 16.83平米 / 北 东 / 普通窗 ; 卧室A / 7.55平米 / 无 / 未知窗户类型 ; 卧室B / 9.64平米 / 北 / 普通窗 ; 卧室C / 15.56平米 / 无 / 未知窗户类型 ; 厨房 / 6.08平米 / 北 / 落地窗 ; 卫生间 / 4.51平米 / 东 / 落地窗 ; 阳台A / 2.99平米 / 北 / 落地窗 ; 阳台B / 9.27平米 / 北 东 / 普通窗 ; 过道 / 12.33平米 / 无 / 无窗,
特殊户型有50平大露台朝南向诚心出售,"珠江旭景佳园 , 坂田",2室1厅,79.82平米,东南 南,,低楼层(共11层),2007年,塔楼,370 万,46355 元,8,,,近地铁 | VR房源,https://sz.lianjia.com/ershoufang/105114116103.html,地铁 | VR房源,业主诚心出售，看房方便。。。。。。。。。。。。。。。,小区分3期开发，近1500户，地铁口物业，紧靠银湖山和坂银隧道，地理位置优越，进出关内外方便。小区房价处于区域谷值，同区域二手房对比有很大的优势。所以有很多关内的客户在此小区置业。生活配套成熟，是刚需值得购买的小区。,二期内有旭景幼稚园。小区东南侧3千㎡底商，南侧有大族云峰商场已开业；距小区300米有两万㎡万科里。2km内有阳光湾畔、8号仓、坂田天虹等商场。1km有坂田医院。,"四通八达,小区邻布龙路坂雪岗大道两大动脉,南面1km上坂银南坪,通达福田南山方便；东面两个灯位上清平水官,通达罗湖盐田惠州；西侧2km上G94,1h到宝安东莞广州；北达天安和华为。250米到5号线坂田地铁口,1站换10号线到福田口岸。小区东门150m到公交站。",,,暂无数据,2023-06-30,商品房,普通住宅,暂无数据,非共有,有抵押 客户偿还,挂牌时间:2023-06-30 | 交易权属:商品房 | 上次交易:暂无数据 | 房屋用途:普通住宅 | 房屋年限:暂无数据 | 产权所属:非共有 | 抵押信息:有抵押 客户偿还 | 房本备件:未上传房本照片,客厅 / 11.95平米 / 南 / 落地窗 ; 餐厅 / 12.81平米 / 无 / 无窗 ; 卧室A / 9.65平米 / 无 / 未知窗户类型 ; 卧室B / 13.51平米 / 西 南 / 落地窗 ; 厨房 / 4.27平米 / 无 / 无窗 ; 卫生间 / 3.63平米 / 西 / 普通窗 ; 阳台A / 2.58平米 / 无 / 无窗 ; 阳台B / 7.73平米 / 南 / 落地窗 ; 过道 / 2.25平米 / 无 / 无窗,
房子阳台朝北通透户型 采光通风好 视野开阔实用率高,"和成嘉业 , 坂田",5室2厅,140.61平米,南 北,精装,低楼层(共32层),2021年,,830 万,59029 元,0,,,近地铁 | VR看装修,https://sz.lianjia.com/ershoufang/105117703444.html,地铁 | VR看装修,房子阳台朝北通透户型 采光通风好 视野开阔实用率高,"小区由金合成开发和管理,于2016年批地,2019年入伙,共有800多户,两层车库,车位不紧张,车位1：1，主力户型为80-89-91-118-140平,3-5房都是带装修交楼,采光好,围合式建筑风格,人车分流,小区地势高,通风好。",小区自带乒乓球室、棋牌室及锻炼器材广场。门口有华润万家，钱大妈，龙华大润发沃尔玛往返车等满足业主的日常需求。步行700米可至杨美美食街，鑫华盛百货，美家福百货等。距离深圳坂田医院2500米。3公里内有坂田天虹，佳华领汇广场，8号仓，星河。,（参靠高德地图）地铁5号线杨美站C出口792米，西至前海湾东至黄贝岭。东南门M572路可直达终点深圳北站或步行792米至杨美地铁公交站有多条公交路线可达深圳各区域。可直上布龙路、清平、南坪、水官，坂银隧道已建成通车，实现10公里至福田皇岗立交。,,,暂无数据,2024-07-23,商品房,普通住宅,暂无数据,非共有,有抵押 0万元 工商银行 客户偿还,挂牌时间:2024-07-23 | 交易权属:商品房 | 上次交易:暂无数据 | 房屋用途:普通住宅 | 房屋年限:暂无数据 | 产权所属:非共有 | 抵押信息:有抵押 0万元 工商银行 客户偿还 | 房本备件:未上传房本照片,客厅 / 27.43平米 / 北 南 / 普通窗 ; 卧室A / 9.42平米 / 无 / 未知窗户类型 ; 卧室B / 8.52平米 / 北 / 普通窗 ; 卧室C / 13.88平米 / 无 / 未知窗户类型 ; 卧室D / 10.54平米 / 无 / 未知窗户类型 ; 卧室E / 10.55平米 / 无 / 未知窗户类型 ; 厨房 / 6.06平米 / 南 / 普通窗 ; 卫A / 3.77平米 / 无 / 未知窗户类型 ; 卫B / 4.26平米 / 北 / 普通窗 ; 阳台A / 6.8平米 / 西 北 / 普通窗 ; 阳台B / 3.26平米 / 西 南 / 普通窗 ; 过道 / 7.87平米 / 无 / 无窗 ; 衣帽间 / 3.86平米 / 无 / 无窗,
南北向位置安静三房两卫 满五唯一 红本,"万科第五园五期 , 坂田",3室1厅,127.08平米,南,精装,低楼层(共14层),2009年,板楼,616 万,48474 元,3,,,VR看装修 | 随时看房,https://sz.lianjia.com/ershoufang/105117952526.html,VR看装修 | 随时看房,此房满5年唯一 户型方正朝花园 朝南 精装修 户型方正,五期与六八期打通，园林，休闲配套，消费等都是共享，地势高，楼下有小，学，不用过马路，五期带游泳池，网球场，和儿童游乐场等，八期有很多草坪，可养宠物等，南面是银湖山效野公园，和南坑公园等,,200米有万科第五园公交总站，去华为、民治、会展市内、科技园的车都有。小区位于坂雪岗大道300米，400米上南坪快速，马路四通八达交通便利，到福田很便捷，今年6月份坂银隧道开通，连接坂田首站，到福田华强北，罗湖都很方便，深圳北站几个地铁站就到了,,,暂无数据,2024-08-14,商品房,普通住宅,暂无数据,非共有,无抵押,挂牌时间:2024-08-14 | 交易权属:商品房 | 上次交易:暂无数据 | 房屋用途:普通住宅 | 房屋年限:暂无数据 | 产权所属:非共有 | 抵押信息:无抵押 | 房本备件:未上传房本照片,客厅 / 28.11平米 / 无 / 未知窗户类型 ; 卧室A / 19.86平米 / 无 / 未知窗户类型 ; 卧室B / 11.81平米 / 无 / 未知窗户类型 ; 卧室C / 10.18平米 / 东南 / 落地窗 ; 厨房 / 5.33平米 / 西南 / 普通窗 ; 卫A / 5.17平米 / 东北 / 普通窗 ; 卫B / 3.93平米 / 西南 / 普通窗 ; 阳台A / 5.98平米 / 东 / 落地窗 ; 阳台B / 1.9平米 / 西南 / 普通窗 ; 过道 / 3.98平米 / 无 / 无窗,
电梯叠院，坐北朝南，拓展的面积多,"十二橡树庄园二期 , 坂田",5室2厅,178.3平米,南,精装,高楼层(共5层),2012年,,1380 万,77398 元,3,,,近地铁 | VR房源,https://sz.lianjia.com/ershoufang/105115536505.html,地铁 | VR房源,房子是电梯叠院，坐北朝南，拓展的面积多,十二橡树是深圳唯一原石山别墅、深圳唯一电梯别墅、区域唯一台地别墅、230米礼宾大道、深圳唯一径端路设计、纯智能化小区”，双拼、TH、叠拼及小高层平面房，经典的北美庄园范本，是现代别墅生活新潮流,此房小区所在位置配套好，交通方便，较近的一个大型海达和成购物广场在五和地铁站B出口处，距离小区约600米，较近的综合市场距离小区约500米。小区北面300米有坂田医院,小区北面是布龙路，东面300米是坂雪岗大道，南面200米是永香路，西面400米是五和大道，各大要道相互交汇四通八达。小区还是双地铁口物业，地铁环中线的坂田站与五和站分布于小区东西两侧约步行500米。,,,暂无数据,2023-12-06,商品房,普通住宅,暂无数据,非共有,有抵押 910万元 客户偿还,挂牌时间:2023-12-06 | 交易权属:商品房 | 上次交易:暂无数据 | 房屋用途:普通住宅 | 房屋年限:暂无数据 | 产权所属:非共有 | 抵押信息:有抵押 910万元 客户偿还 | 房本备件:未上传房本照片,客厅 / 62.42平米 / 南 / 落地窗 ; 餐厅 / 9.41平米 / 北 / 普通窗 ; 书房A / 8.27平米 / 无 / 无窗 ; 卧室A / 8.77平米 / 北 / 普通窗 ; 书房B / 20.95平米 / 北 / 普通窗 ; 卧室B / 14.82平米 / 北 / 普通窗 ; 卧室C / 9.58平米 / 北 / 普通窗 ; 卧室D / 10.43平米 / 南 / 普通窗 ; 卧室E / 11.22平米 / 北 / 普通窗 ; 卧室F / 23.87平米 / 南 / 普通窗 ; 厨房 / 6.86平米 / 西 / 普通窗 ; 卫生间A / 3.9平米 / 西 / 普通窗 ; 卫生间B / 3.07平米 / 西 / 普通窗 ; 卫生间C / 3.77平米 / 西 / 普通窗 ; 卫生间D / 10.41平米 / 西 / 普通窗 ; 阳台 / 5.75平米 / 东 南 / 普通窗 ; 露台 / 39.73平米 / 西 北 东 南 / 普通窗 ; 门厅 / 5.4平米 / 南 / 落地窗 ; 过道A / 27.28平米 / 南 / 普通窗 ; 过道B / 7.63平米 / 无 / 无窗 ; 过道C / 8.11平米 / 无 / 无窗 ; 衣帽间 / 19.75平米 / 南 / 普通窗,
配套齐全 近地铁口 次新房 满五年税费少 诚心出售,"和成嘉业 , 坂田",3室2厅,90.61平米,东南,精装,低楼层(共30层),2020年,,500 万,55182 元,3,,,近地铁 | VR看装修,https://sz.lianjia.com/ershoufang/105118269104.html,地铁 | VR看装修,朝南视野开阔 满五年位置安静看花园 业主诚心卖,"小区由金和成开发和管理,于2016年批地,2020年入伙,共有800多户,两层车库,车位不紧张,车位1：1，主力户型为82-89-91-118-140平,3-5房都是带装修交楼,采光好,围合式建筑风格,人车分流,小区地势高,通风好,",小区自带乒乓球室、棋牌室及锻炼器材广场。门口有华润万家，钱大妈，龙华大润发沃尔玛往返车等满足业主的日常需求。步行700米可至杨美美食街，鑫华盛百货，美家福百货等。距离深圳坂田医院2500米。3公里内有坂田天虹，佳华领汇广场，8号仓，星河。,（参靠高德地图）地铁5号线杨美站C出口792米，西至前海湾东至黄贝岭。东南门M572路可直达终点深圳北站或步行792米至杨美地铁公交站有多条公交路线可达深圳各区域。可直上布龙路、清平、南坪、水官，坂银隧道已建成通车，实现10公里至福田皇岗立交。,,,暂无数据,2024-09-12,商品房,普通住宅,暂无数据,非共有,有抵押 200万元 农业银行,挂牌时间:2024-09-12 | 交易权属:商品房 | 上次交易:暂无数据 | 房屋用途:普通住宅 | 房屋年限:暂无数据 | 产权所属:非共有 | 抵押信息:有抵押 200万元 农业银行 | 房本备件:未上传房本照片,客厅 / 20.98平米 / 北 / 普通窗 ; 卧室01 / 9.16平米 / 无 / 未知窗户类型 ; 卧室02 / 13.07平米 / 无 / 未知窗户类型 ; 卧室03 / 6.03平米 / 北 / 普通窗 ; 厨房 / 6.02平米 / 北 / 普通窗 ; 卫01 / 4.08平米 / 无 / 无窗 ; 卫02 / 2.91平米 / 北 / 普通窗 ; 阳台 / 4.58平米 / 北 / 普通窗 ; 过道 / 2.79平米 / 无 / 无窗,
德润荣君府5房3卫大平层，毛坯房,"德润荣君府 , 坂田",5室2厅,235.96平米,南,毛坯,低楼层(共28层),2017年,板楼,1490 万,63147 元,0,,,近地铁 | VR房源,https://sz.lianjia.com/ershoufang/105121042978.html,地铁 | VR房源,5号线坂田正地铁口，次新小区大平层两梯两户，户型方正实用率高,2017年底交房的次新小区，全电梯高层，共7栋，由住宅和公寓（1栋）组成，合围起来楼下有花园和泳池，可供休憩玩耍。自带上千平商ye配套，日常基本生活需求能得到满足，地下3层停车库，1：1配置，再也不用担心停车的问题了。,楼下自带幼稚园、5千㎡底商。布龙路以北万科十几万㎡商写综合体建设中，西侧在建华侨城住宅、幼儿园及和美外国语项目（30班1500位置）。距小区1km有两万㎡万科里。2km内有阳光湾畔、8号仓、坂田天虹等商场。北为坂田医院,5号线坂田地铁口和10号线五和站大约700米，去宝安或者罗湖都很方便。 小区门口就是公交站； 小区前面是坂雪岗大道和布龙路，自驾的话，1千米内可以上南坪快速，再走水官高速到龙岗，梅观高速到观澜和东莞，或者经梅林关，新彩隧道进福田，罗湖和南山都方便,,,暂无数据,2025-06-11,商品房,普通住宅,暂无数据,非共有,无抵押,挂牌时间:2025-06-11 | 交易权属:商品房 | 上次交易:暂无数据 | 房屋用途:普通住宅 | 房屋年限:暂无数据 | 产权所属:非共有 | 抵押信息:无抵押 | 房本备件:未上传房本照片,客厅 / 58.04平米 / 无 / 未知窗户类型 ; 卧室A / 12.82平米 / 无 / 未知窗户类型 ; 卧室B / 10.16平米 / 无 / 未知窗户类型 ; 卧室C / 26.55平米 / 无 / 未知窗户类型 ; 卧室D / 16.66平米 / 无 / 未知窗户类型 ; 卧室E / 14.81平米 / 北 / 落地窗 ; 厨房 / 10.14平米 / 北 / 落地窗 ; 卫A / 8.58平米 / 无 / 未知窗户类型 ; 卫B / 6.82平米 / 无 / 未知窗户类型 ; 卫C / 3.75平米 / 无 / 无窗 ; 阳台A / 5.16平米 / 北 / 普通窗 ; 阳台B / 7.51平米 / 北 / 落地窗 ; 阳台C / 12.51平米 / 北 / 普通窗 ; 过道 / 7.08平米 / 无 / 无窗 ; 门厅 / 8.18平米 / 无 / 无窗,
坂田次新小区三房，满五唯一税费少，诚心出售,"和成嘉业 , 坂田",3室2厅,90.87平米,北,,高楼层(共31层),2020年,,495 万,54474 元,3,,,近地铁 | VR房源,https://sz.lianjia.com/ershoufang/105121325104.html,地铁 | VR房源,坂田次新小区三房，满五唯一税费少，诚心出售,"小区由金和成开发和管理,于2016年批地,2019年入伙,共有800多户,两层车库,车位不紧张,车位1：1，主力户型为80-89-91-118-140平,3-5房都是带装修交楼,采光好,围合式建筑风格,人车分流,小区地势高,通风好。","小区由金和成开发和管理,于2016年批地,2019年入伙,共有800多户,两层车库,车位不紧张,车位1：1，主力户型为80-89-91-118-140平,3-5房都是带装修交楼,采光好,围合式建筑风格,人车分流,小区地势高,通风好。",地铁5号线杨美站C出口792米，西至前海湾东至黄贝岭。东南门M572路可直达终点深圳北站或步行792米至杨美地铁公交站有多条公交路线可达深圳各区域。可直上布龙路、清平、南坪、水官，坂银隧道已建成通车，实现10公里至福田皇岗立交。,,,暂无数据,2025-07-04,商品房,普通住宅,暂无数据,非共有,有抵押,挂牌时间:2025-07-04 | 交易权属:商品房 | 上次交易:暂无数据 | 房屋用途:普通住宅 | 房屋年限:暂无数据 | 产权所属:非共有 | 抵押信息:有抵押 | 房本备件:未上传房本照片,客厅 / 19.7平米 / 北 / 落地窗 ; 卧室A / 7.11平米 / 西 / 普通窗 ; 卧室B / 13.27平米 / 无 / 未知窗户类型 ; 卧室C / 9.68平米 / 无 / 未知窗户类型 ; 厨房 / 6.32平米 / 西 / 普通窗 ; 卫A / 3.82平米 / 南 / 普通窗 ; 卫B / 3.16平米 / 西 / 普通窗 ; 阳台 / 4.42平米 / 西 北 东 / 落地窗 ; 过道 / 2.87平米 / 无 / 无窗,
中海日辉台 3室1厅 东南,"中海日辉台 , 坂田",3室1厅,121.59平米,东南,,中楼层(共11层),2005年,塔楼,550 万,45234 元,2,,,近地铁 | VR看装修 | 随时看房,https://sz.lianjia.com/ershoufang/105121547918.html,地铁 | VR看装修 | 随时看房,,,,,,,暂无数据,2025-07-24,商品房,普通住宅,暂无数据,非共有,无抵押,挂牌时间:2025-07-24 | 交易权属:商品房 | 上次交易:暂无数据 | 房屋用途:普通住宅 | 房屋年限:暂无数据 | 产权所属:非共有 | 抵押信息:无抵押 | 房本备件:未上传房本照片,客厅 / 35.78平米 / 西北 东南 / 落地窗 ; 卧室A / 17.4平米 / 北 / 落地窗 ; 卧室B / 9.66平米 / 东南 / 落地窗 ; 卧室C / 9.98平米 / 东南 / 落地窗 ; 厨房 / 8.59平米 / 西北 东北 东南 / 落地窗 ; 卫A / 5.91平米 / 无 / 未知窗户类型 ; 卫B / 3.42平米 / 东北 / 普通窗 ; 阳台A / 4.69平米 / 西北 东北 / 普通窗 ; 阳台B / 3.47平米 / 东北 东南 / 普通窗 ; 阳台C / 4.77平米 / 东南 / 普通窗,
佳兆业城广地铁口100米中间楼层朝南车位充足,"佳兆业城市广场五期 , 坂田",4室2厅,89.78平米,南,精装,中楼层(共43层),2019年,板楼,438 万,48786 元,3,,,近地铁 | VR看装修 | 随时看房,https://sz.lianjia.com/ershoufang/105120241175.html,地铁 | VR看装修 | 随时看房,满五唯一税少，中间楼层朝南视野开阔，正地铁口雪象A车位充足,小区规模：总共分为6期开发的大楼盘。3个幼儿园：自带综合MALL，加270米万豪酒店（六期项目），二期的地理位置很好，小区东门门口200米就是地铁口雪象站,新社区，人车分流，车位充足，24小时保安轮流值班，社区有自己的健身广场和花园，园林式社区。依托高新技术产业园，佳兆业城市广场物业形态丰富，集住宅、酒店于一体。隔壁就是天安云谷、华为总部,项目是在坂雪岗大道和坂澜大道，沿着坂雪岗大道可以去梅林关（去关内方向）、也可以转布龙路转南坪快速和水官高速，也可以从转贝尔路再转梅关高速，上坂澜大道可以去观澜也可以去平湖。交通很方便。高速交通：梅观高速、清平高速、坂雪岗大道、南坪快速。,,,暂无数据,2025-03-30,商品房,普通住宅,暂无数据,非共有,有抵押 280万元,挂牌时间:2025-03-30 | 交易权属:商品房 | 上次交易:暂无数据 | 房屋用途:普通住宅 | 房屋年限:暂无数据 | 产权所属:非共有 | 抵押信息:有抵押 280万元 | 房本备件:未上传房本照片,客厅 / 19.84平米 / 西南 / 普通窗 ; 卧室01 / 9.6平米 / 无 / 未知窗户类型 ; 卧室02 / 11.5平米 / 无 / 未知窗户类型 ; 卧室03 / 9.95平米 / 西北 / 普通窗 ; 厨房 / 8.31平米 / 西北 / 普通窗 ; 卫01 / 3.29平米 / 西北 / 普通窗 ; 卫02 / 3.29平米 / 无 / 普通窗 ; 阳台01 / 4.66平米 / 西南 西北 / 普通窗 ; 阳台02 / 6.81平米 / 西北 / 普通窗 ; 储物间 / 6.03平米 / 无 / 无窗 ; 过道 / 4.92平米 / 无 / 无窗,
房子满五年，东南向看花园，采光好，视野好，保养不错,"信义嘉御山5期 , 坂田",4室2厅,89.95平米,西南,精装,高楼层(共39层),2016年,塔楼,655 万,72819 元,0,,,VR看装修,https://sz.lianjia.com/ershoufang/105120323832.html,VR看装修,房子满五年，东南向看花园，采光好，视野好，自住保养不错,本小区是16年开盘，17年精装交楼，人车分流动静分离，目前车位能满足一家一车的需求，无需排队办理车位。小区的住户大部分都是华为或者福田上班人群。楼龄新，住户年轻。楼下的底商已全部开业基本满足日常生活需求。,小区下面自带底层店铺，开发商自持，目前已全部进驻，包括中西式餐饮、教育培训、婴幼儿用品，便利店及坂田天虹旗舰店，生活方便，小区内有幼儿园，家门口尽享优质生活，小区南侧是MIX City7层楼综合商心街区，有百佳华chao市，海底捞，麦当劳，星巴克等.,开车出行：小区出来贝尔路可快速上G94梅关高速，坂雪岗大道上坂银通道直通福田南山。 地铁出行：10号线坂田北站，10号线5号线中转站五和站。 公交出行：里石排站，坂田市场站，坂田路口站，坂田路口北站等,,,暂无数据,2025-04-07,商品房,普通住宅,暂无数据,非共有,有抵押 业主自还,挂牌时间:2025-04-07 | 交易权属:商品房 | 上次交易:暂无数据 | 房屋用途:普通住宅 | 房屋年限:暂无数据 | 产权所属:非共有 | 抵押信息:有抵押 业主自还 | 房本备件:未上传房本照片,客厅 / 24.59平米 / 无 / 未知窗户类型 ; 卧室A / 6.61平米 / 北 / 普通窗 ; 卧室B / 9.33平米 / 北 / 普通窗 ; 卧室C / 16.87平米 / 无 / 未知窗户类型 ; 卧室D / 6.24平米 / 北 / 普通窗 ; 厨房 / 4.95平米 / 北 / 普通窗 ; 卫A / 4.9平米 / 无 / 未知窗户类型 ; 卫B / 4.13平米 / 无 / 未知窗户类型 ; 阳台A / 5.08平米 / 北 / 普通窗 ; 阳台B / 1.33平米 / 北 / 普通窗 ; 过道 / 2.33平米 / 无 / 无窗 ; 门厅 / 3.87平米 / 无 / 无窗,
楼层好，视野开阔，无遮挡，地铁近,"荷棠里 , 坂田",3室2厅,88.64平米,西南,精装,中楼层(共32层),2024年,板楼,617 万,69608 元,3,,,近地铁 | VR看装修,https://sz.lianjia.com/ershoufang/105120822928.html,地铁 | VR看装修,税费少。楼层好，视野开阔，无遮挡，地铁近,侨城荷棠里项目坐拥坂田站、五和站双地铁口。项目由2栋高层住宅，1栋高层酒店及裙楼组成。物业形态涵盖住宅、办公、酒店。小区配套社区、社区健康、邮政所、社区老年人日间照料，配套较为完善，日常需求便捷无忧,项目分布有德润荣君府、十二橡树庄园等多成熟住宅，还有多沿街底商，一路之隔是万科广场，1.5公里内有海达和成购物广场、阳光湾畔、坂田天虹、坂田广场和8号仓等。还有吉华医院、深圳人民医院坂田分院,项目有5、10号线两条地铁线经过。东、西向各有1个地铁站，向东是地铁10号线坂田站；向西是地铁5号线五和站。 500米内公交站集中分布在东西两侧，坂田医院站最近。有坂雪岗大道、五和大道交汇，也可上水官高速自驾便捷。,,,暂无数据,2025-05-22,商品房,普通住宅,暂无数据,非共有,有抵押 银行,挂牌时间:2025-05-22 | 交易权属:商品房 | 上次交易:暂无数据 | 房屋用途:普通住宅 | 房屋年限:暂无数据 | 产权所属:非共有 | 抵押信息:有抵押 银行 | 房本备件:未上传房本照片,客厅 / 28.3平米 / 北 / 落地窗 ; 卧室A / 8.5平米 / 北 / 落地窗 ; 卧室B / 13.56平米 / 无 / 未知窗户类型 ; 卧室C / 5.87平米 / 无 / 未知窗户类型 ; 卫A / 3.41平米 / 北 / 普通窗 ; 卫B / 3.4平米 / 北 / 普通窗 ; 阳台 / 5.41平米 / 北 / 落地窗 ; 过道 / 2.44平米 / 无 / 无窗,
城广五期91平精装三房 高楼层 采光佳 诚心出售,"佳兆业城市广场五期 , 坂田",3室2厅,91.58平米,北,精装,高楼层(共43层),2019年,板楼,466 万,50885 元,3,,,近地铁 | VR看装修 | 随时看房,https://sz.lianjia.com/ershoufang/105120615357.html,地铁 | VR看装修 | 随时看房,此房满五年，高楼层 通风视野佳，诚心出售,小区总共分为6期，壹万多户的大盘，总占地约三十万，项目总建面约壹佰捌拾万平米。3个幼儿园：十五万平米综合MALL，加270米酒店（六期项目），五期的地理位置在其他几期的中间位置，分别被一期、三期、五期环抱，位置安静。,新社区，人车分流，24小时保安轮流值班，社区有自己的健身广场和花园，园林式社区。占地约三十万平，建面约壹佰捌拾万平米，依托高新技术产业园，佳兆业城市广场物业形态丰富，集住宅、酒店于一体。小区左边是天安云谷、华为总部基地，配套齐全,项目靠着坂雪岗大道和坂澜大道，沿着坂雪岗大道可以去梅林关（去关内方向）、也可以转布龙路转南坪快速和水官高速，也可以从转贝尔路再转梅关高速，上坂澜大道可以去观澜也可以去平湖。地铁10号线两个地铁口，岗头站和雪象站，交通便利。,,,暂无数据,2025-05-04,商品房,普通住宅,暂无数据,非共有,有抵押 408万元 中信 金融公司垫资,挂牌时间:2025-05-04 | 交易权属:商品房 | 上次交易:暂无数据 | 房屋用途:普通住宅 | 房屋年限:暂无数据 | 产权所属:非共有 | 抵押信息:有抵押 408万元 中信 金融公司垫资 | 房本备件:未上传房本照片,客厅 / 25.73平米 / 北 / 落地窗 ; 卧室A / 7.82平米 / 无 / 未知窗户类型 ; 卧室B / 12.28平米 / 无 / 未知窗户类型 ; 卧室C / 6.77平米 / 北 / 落地窗 ; 厨房 / 5.98平米 / 北 / 落地窗 ; 卫A / 4.5平米 / 无 / 未知窗户类型 ; 卫B / 4.31平米 / 无 / 未知窗户类型 ; 阳台A / 4.01平米 / 北 / 普通窗 ; 阳台B / 5.01平米 / 北 / 落地窗 ; 储物间 / 7.43平米 / 北 / 普通窗 ; 过道 / 3.25平米 / 无 / 无窗,
坂田地铁口电梯房，户型方正，业主诚心出售,"绿怡居 , 坂田",2室2厅,81.53平米,南,,中楼层(共23层),2003年,板塔结合,307 万,37655 元,0,,,近地铁 | VR房源,https://sz.lianjia.com/ershoufang/105120376558.html,地铁 | VR房源,房子已经满了5年，没有个税，买家只需要缴纳契税,绿怡居与富豪花园是同一个开发商建造，小区是由低层楼梯房，和高层电梯房组成。占地6000平共909户，1992年批地2003年竣工，与占地约27000㎡共425户的富豪花园共享一个大园林，同一个物业。小区北门就是环中线坂田A出口，是真正的地铁口小区,小区位于龙岗区布吉镇坂田长坑地段布龙公路168号，北侧有万科商写综合体在建。300米旭景二期内有旭景幼稚园。700米有大族云峰商场；距小区300米有两万㎡万科里。2km内有阳光湾畔、8号仓、坂田天虹等商场。1km有坂田医院。,"交通四通八达,小区在布龙路坂雪岗大道两大动脉交汇西南侧,南面1km上坂银南坪,通达福田南山方便；东面两个灯位上清平水官,通达罗湖盐田惠州；西侧2km上G94,通达宝安东莞广州；北达天安和华为。北门即5号线坂田地铁口,1站换10号线到福田口岸,东门即公交站",,,暂无数据,2025-04-12,商品房,普通住宅,暂无数据,非共有,有抵押,挂牌时间:2025-04-12 | 交易权属:商品房 | 上次交易:暂无数据 | 房屋用途:普通住宅 | 房屋年限:暂无数据 | 产权所属:非共有 | 抵押信息:有抵押 | 房本备件:未上传房本照片,客厅 / 29.22平米 / 北 南 / 普通窗 ; 卧室A / 9.49平米 / 西 / 普通窗 ; 卧室B / 8.66平米 / 西 / 普通窗 ; 厨房 / 4.84平米 / 北 / 普通窗 ; 卫 / 3.67平米 / 北 / 普通窗 ; 阳台 / 4.98平米 / 西 / 普通窗,
坂田地铁口物业 次新社区大四房 高楼层采光好,"大族云峰一期 , 坂田",4室2厅,140.8平米,南,精装,30层,2019年,板塔结合,950 万,67472 元,4,,,近地铁 | VR看装修,https://sz.lianjia.com/ershoufang/105114955240.html,地铁 | VR看装修,房子满五唯一免个税 高楼层视野开阔 业主自住装修保养好,,小区分二期开发，小区配套有游泳池，儿童娱乐区，休息区，小区自己带湾畔MALL，满足购物娱乐需求。,,房子明年七月满五年，目前交易有全额增值税，个税，契税，城建等费用，实际以现税费清意为为准,,暂无数据,2023-10-03,商品房,普通住宅,暂无数据,非共有,有抵押 530万元,挂牌时间:2023-10-03 | 交易权属:商品房 | 上次交易:暂无数据 | 房屋用途:普通住宅 | 房屋年限:暂无数据 | 产权所属:非共有 | 抵押信息:有抵押 530万元 | 房本备件:未上传房本照片,客厅 / 40.23平米 / 东 南 / 落地窗 ; 卧室A / 8.8平米 / 西 / 落地窗 ; 卧室B / 12.62平米 / 无 / 未知窗户类型 ; 卧室C / 16.64平米 / 无 / 未知窗户类型 ; 卧室D / 10.59平米 / 无 / 未知窗户类型 ; 厨房 / 8.29平米 / 西 / 普通窗 ; 卫生间A / 3.74平米 / 西 / 普通窗 ; 卫生间B / 4.22平米 / 无 / 未知窗户类型 ; 阳台 / 5.39平米 / 西 东 南 / 落地窗,
电梯大4房，高楼层，视野好，全新精装修，拎包入住,"万科四季花城六期 , 坂田",4室2厅,127.9平米,南 西,,高楼层(共9层),2002年,板塔结合,658 万,51447 元,15,,,近地铁 | VR看装修,https://sz.lianjia.com/ershoufang/105115298867.html,地铁 | VR看装修,电梯大四房，适合居家。全新装修，保养很好，看山景，视野好！,小区由万科地产集团开发，一共有36个独立苑，共分七期开发，花园式小区，绿化植被很多，带露天游泳池和健身会所及相应运动器械供住户健身，社区运动氛围棒；万科物业24小时严格管控，夜间有保安巡逻，外人基本无法随意出入，,小区内有博雅、曼京、海丽达幼儿园等，商场类有华润万家，海达和成购物广场、阳光湾畔，8号仓奥特莱斯等。医疗类有深圳坂田医院、布吉医院花城社康医院（小区内）；网球场，篮球场，健身会所等！,交通出行： 此房距离地铁5号线和10号线A口和300米，交通发达，小区旁边有布龙路、梅观高速、机荷高速、南坪快速等，乘坐公交或驾车出行到福田、罗湖、南山等地较方便（距离信息来源于百度地图）,,,暂无数据,2023-11-10,商品房,普通住宅,暂无数据,非共有,有抵押,挂牌时间:2023-11-10 | 交易权属:商品房 | 上次交易:暂无数据 | 房屋用途:普通住宅 | 房屋年限:暂无数据 | 产权所属:非共有 | 抵押信息:有抵押 | 房本备件:未上传房本照片,客厅 / 31.72平米 / 西 南 / 落地窗 ; 卧室A / 10.92平米 / 无 / 未知窗户类型 ; 卧室B / 15.07平米 / 北 / 落地飘窗 ; 卧室C / 9.54平米 / 无 / 未知窗户类型 ; 卧室D / 9.16平米 / 南 / 落地窗 ; 厨房 / 7.54平米 / 西 南 / 普通窗 ; 卫A / 2.89平米 / 北 / 普通窗 ; 卫B / 4.32平米 / 南 / 普通窗 ; 阳台A / 7.1平米 / 西 南 / 普通窗 ; 阳台B / 2.3平米 / 南 / 普通窗 ; 储 / 1.39平米 / 无 / 无窗 ; 过道 / 6.62平米 / 无 / 无窗,
嘉御山中间位置三房安静 装修好 看花园,"信义嘉御山 , 坂田",3室1厅,84.36平米,西北,精装,低楼层(共31层),2013年,板楼,580 万,68753 元,10,,,近地铁 | VR看装修 | 随时看房,https://sz.lianjia.com/ershoufang/105110740698.html,地铁 | VR看装修 | 随时看房,此房满五不唯一，配套齐全，采光充足，位置安静,,,地铁5号线五和站已通车，10号线坂田北已通车 还有大型公交站台，多路公交；,,房子目前是满五年不唯一，业主因为要换房，所以才考虑出售此房子。,暂无数据,2022-06-13,商品房,普通住宅,暂无数据,非共有,无抵押,挂牌时间:2022-06-13 | 交易权属:商品房 | 上次交易:暂无数据 | 房屋用途:普通住宅 | 房屋年限:暂无数据 | 产权所属:非共有 | 抵押信息:无抵押 | 房本备件:未上传房本照片,客厅 / 25.51平米 / 西北 东南 / 落地窗 ; 卧室A / 19.76平米 / 无 / 未知窗户类型 ; 卧室B / 10.13平米 / 无 / 未知窗户类型 ; 卧室C / 8.61平米 / 无 / 未知窗户类型 ; 厨房 / 5.54平米 / 无 / 未知窗户类型 ; 卫生间A / 3.07平米 / 无 / 未知窗户类型 ; 卫生间B / 3.74平米 / 无 / 未知窗户类型 ; 阳台 / 4.43平米 / 西南 西北 东北 / 普通窗 ; 过道 / 4.7平米 / 无 / 无窗,
朝南大两房 靠山看花园 红本在手业主急卖,"金洲嘉丽园 , 坂田",2室2厅,68.82平米,东南 南,精装,6层,2004年,板楼,280 万,40686 元,16,,,VR房源 | 房本满五年 | 随时看房,https://sz.lianjia.com/ershoufang/105114505604.html,VR房源 | 房本满五年 | 随时看房,满五年不唯一  红本在手 朝南 中间位置 安静  东南朝向,金洲物业2002年批地，05年建成。管理费1元每平，占地约29000平米， 由12栋多层住宅正南正北向排成，共580户，240个车位，户型分别是两房、三房，一楼和顶楼带花园！内有幼儿园、泳池、生活广场，常住人员均是有为青年住家的一家老小，生活氛围好。,,社区距环中线坂田C出口约600米步行.10号线地铁坂田北站。70米内公交站台金洲嘉丽园站有：B668.B815.B903.M233.M374.M379.M448.M481 .321等等17条公汽等；开车两公里内即可上清平、梅观，水官 .南坪等快速路及高速，坂银通道。,,这套房子是红本在手的，不用赎楼，税费少，手续快， 如果资金快，很快就可以办理过户，,2006-05-10,2023-08-13,商品房,普通住宅,满五年,共有,无抵押,挂牌时间:2023-08-13 | 交易权属:商品房 | 上次交易:2006-05-10 | 房屋用途:普通住宅 | 房屋年限:满五年 | 产权所属:共有 | 抵押信息:无抵押 | 房本备件:已上传房本照片,客厅 / 25.95平米 / 南 / 普通窗 ; 卧室A / 11.28平米 / 南 / 落地飘窗 ; 卧室B / 8.56平米 / 东 / 落地飘窗 ; 厨房 / 4.21平米 / 东 / 普通窗 ; 卫生间 / 3.22平米 / 东 / 普通窗 ; 阳台A / 4.5平米 / 东 南 / 普通窗 ; 阳台B / 4.24平米 / 东 / 普通窗 ; 过道 / 1.14平米 / 无 / 无窗,
佳兆业中央广场三期带入户+储物间3+1户型,"佳兆业中央广场三期 , 坂田",3室2厅,85.53平米,北,简装,45层,2016年,塔楼,499 万,58343 元,9,,,近地铁 | VR看装修 | 房本满五年 | 随时看房,https://sz.lianjia.com/ershoufang/105116069436.html,地铁 | VR看装修 | 房本满五年 | 随时看房,满五年，高楼层视野宽阔，采光充足，装修保养好；,,新社区，人车分流，24小时保安轮流值班，社区有自己的健身广场和花园，园林式社区。依托高新技术产业园，佳兆业城市广场物业形态丰富，集住宅、酒店于一体。隔壁就是天安云谷、华为总部。,项目是挨着坂雪岗大道和坂澜大道，沿着坂雪岗大道可以去梅林关（去关内方向）、也可以转布龙路转南坪快速和水官高速，也可以从转贝尔路再转梅关高速，上坂澜大道可以去观澜也可以去平湖。交通很方便。高速交通：梅观高速、清平高速、坂雪岗大道、南坪快速,,,2016-01-19,2024-02-20,商品房,普通住宅,满五年,非共有,有抵押 400万元,挂牌时间:2024-02-20 | 交易权属:商品房 | 上次交易:2016-01-19 | 房屋用途:普通住宅 | 房屋年限:满五年 | 产权所属:非共有 | 抵押信息:有抵押 400万元 | 房本备件:已上传房本照片,客厅 / 32.15平米 / 北 / 落地窗 ; 卧室A / 8.08平米 / 无 / 未知窗户类型 ; 卧室B / 12.75平米 / 无 / 未知窗户类型 ; 卧室C / 8.88平米 / 无 / 普通窗 ; 卧室D / 6.03平米 / 西 / 普通窗 ; 厨房 / 9.39平米 / 西 / 普通窗 ; 卫A / 3.64平米 / 北 / 普通窗 ; 卫B / 4.16平米 / 无 / 未知窗户类型 ; 阳台A / 4.15平米 / 北 东 / 普通窗 ; 阳台B / 4.58平米 / 西 / 普通窗 ; 过道 / 5.51平米 / 无 / 无窗,
五园简装大开间户型，采光足看房方便,"万科第五园五期 , 坂田",1室0厅,42.29平米,南,简装,中楼层(共12层),2009年,塔楼,248 万,58643 元,3,,,VR看装修,https://sz.lianjia.com/ershoufang/105115305100.html,VR看装修,房子采光足，业主诚心出售，房子保养不错,万科第五园五期2010年开发建筑人车分流车位充足地下车库两层自带游泳池网球场儿童娱乐场老人休闲室，自带华润万家，钱大妈，水果先生，百果园早餐店等,300米有万科第五园九期万科里购物广场，800米坂田手造文化街，1公里有8号仓、阳光湾畔、海达和城等大型商场，购物休闲一条龙服务。800米有银湖山公园，有登山跑道，钓鱼场。,坂银通道首站，通道已开通，去福田很便捷，小区出门200米有公交站台，去华为和民治方向的车都有，还有一个去会展市内的车，里城公交总站有去科技园的车，自驾车出门右转就直通南坪快速。,,,暂无数据,2023-11-11,商品房,普通住宅,暂无数据,共有,有抵押 60万元 建设银行 客户偿还,挂牌时间:2023-11-11 | 交易权属:商品房 | 上次交易:暂无数据 | 房屋用途:普通住宅 | 房屋年限:暂无数据 | 产权所属:共有 | 抵押信息:有抵押 60万元 建设银行 客户偿还 | 房本备件:未上传房本照片,卧室 / 15.43平米 / 无 / 未知窗户类型 ; 厨房 / 4.71平米 / 无 / 无窗 ; 卫生间 / 3.97平米 / 西北 / 普通窗 ; 阳台 / 3.42平米 / 无 / 未知窗户类型,
坂田地铁口三房两卫，次新房，满五年唯一，高楼层,"德润荣君府 , 坂田",3室2厅,87.37平米,南,,高楼层(共41层),2017年,板楼,610 万,69819 元,4,,,近地铁 | VR看装修,https://sz.lianjia.com/ershoufang/105112307637.html,地铁 | VR看装修,坂田地铁口标准三房，次新房，满五年唯一，高楼层,,楼下自带幼稚园、5000㎡底商。布龙路以北万科100000㎡商写综合体建设中，西侧在建华侨城住宅、幼儿园及和美外国语项目（30班1500位置）。距小区1000有两万㎡万科里。2000内有阳光湾畔、8号仓、坂田天虹、大族云峰等商场。,"四通八达,小区邻布龙路坂雪岗大道两大动脉,南面1km上坂银南坪,通达福田南山方便；东面两个灯位上清平水官,通达罗湖盐田惠州；西北侧2km上G94,1 h到宝安东莞广州；北达天安和华为。150米到5号线坂田地铁口,0.5km到5&10号线换乘站五和，10站到福田口岸。",,,暂无数据,2022-12-19,商品房,普通住宅,暂无数据,非共有,有抵押 200万元,挂牌时间:2022-12-19 | 交易权属:商品房 | 上次交易:暂无数据 | 房屋用途:普通住宅 | 房屋年限:暂无数据 | 产权所属:非共有 | 抵押信息:有抵押 200万元 | 房本备件:未上传房本照片,客厅 / 24.33平米 / 无 / 未知窗户类型 ; 卧室A / 8.61平米 / 无 / 未知窗户类型 ; 卧室B / 13.46平米 / 无 / 未知窗户类型 ; 卧室C / 8.14平米 / 无 / 未知窗户类型 ; 厨房 / 5.75平米 / 南 / 普通窗 ; 卫生间A / 4.89平米 / 无 / 未知窗户类型 ; 卫生间B / 4.68平米 / 无 / 未知窗户类型 ; 阳台 / 4.85平米 / 西 东 南 / 普通窗 ; 过道 / 2.86平米 / 无 / 无窗,
坂田地铁口低密度大社区，电梯中高楼层，满五年，诚售,"十二橡树庄园一期 , 坂田",3室2厅,72.13平米,南,,高楼层(共15层),2011年,板楼,367 万,50881 元,16,,,近地铁 | VR看装修 | 随时看房,https://sz.lianjia.com/ershoufang/105113957471.html,地铁 | VR看装修 | 随时看房,满五年，电梯房实用率高，小区低密度社区绿化好居住舒适,十二橡树是深圳唯一原石山别墅、深圳唯一电梯别墅、区域唯一台地别墅、230米礼宾大道、深圳唯一径端路设计、纯智能化小区 ，双拼、叠拼及小高层平面房，经典的北美庄园范本，是现代别墅生活新潮流。目前属于万科物业,此房小区所在位置安静，鸟语花香，交通方便，较近的一个大型商场海达和成购物广场在五和地铁站B出口处，距离小区约600米， 阳光湾畔，坂田天虹商场，八号仓商场等，较近的综合市场扬马菜市场距离小区约500米，小区北面300米有坂田医院。,小区北面50米是布龙路，东面300米是坂雪岗大道，南面200米是永香路，西面400米是五和大道，各大要道相互交汇四通八达。 小区还是双地铁坂田，五和环中线分布于小区东西两侧约步行500米。目前还有一条十号线平湖到福田口岸的地铁线。 即将开通的坂银通道,,,暂无数据,2023-06-11,商品房,普通住宅,暂无数据,非共有,有抵押 160万元,挂牌时间:2023-06-11 | 交易权属:商品房 | 上次交易:暂无数据 | 房屋用途:普通住宅 | 房屋年限:暂无数据 | 产权所属:非共有 | 抵押信息:有抵押 160万元 | 房本备件:未上传房本照片,客厅 / 16.83平米 / 北 东 / 普通窗 ; 卧室A / 7.55平米 / 无 / 未知窗户类型 ; 卧室B / 9.64平米 / 北 / 普通窗 ; 卧室C / 15.56平米 / 无 / 未知窗户类型 ; 厨房 / 6.08平米 / 北 / 落地窗 ; 卫生间 / 4.51平米 / 东 / 落地窗 ; 阳台A / 2.99平米 / 北 / 落地窗 ; 阳台B / 9.27平米 / 北 东 / 普通窗 ; 过道 / 12.33平米 / 无 / 无窗,
特殊户型有50平大露台朝南向诚心出售,"珠江旭景佳园 , 坂田",2室1厅,79.82平米,东南 南,,低楼层(共11层),2007年,塔楼,370 万,46355 元,8,,,近地铁 | VR房源,https://sz.lianjia.com/ershoufang/105114116103.html,地铁 | VR房源,业主诚心出售，看房方便。。。。。。。。。。。。。。。,小区分3期开发，近1500户，地铁口物业，紧靠银湖山和坂银隧道，地理位置优越，进出关内外方便。小区房价处于区域谷值，同区域二手房对比有很大的优势。所以有很多关内的客户在此小区置业。生活配套成熟，是刚需值得购买的小区。,二期内有旭景幼稚园。小区东南侧3千㎡底商，南侧有大族云峰商场已开业；距小区300米有两万㎡万科里。2km内有阳光湾畔、8号仓、坂田天虹等商场。1km有坂田医院。,"四通八达,小区邻布龙路坂雪岗大道两大动脉,南面1km上坂银南坪,通达福田南山方便；东面两个灯位上清平水官,通达罗湖盐田惠州；西侧2km上G94,1h到宝安东莞广州；北达天安和华为。250米到5号线坂田地铁口,1站换10号线到福田口岸。小区东门150m到公交站。",,,暂无数据,2023-06-30,商品房,普通住宅,暂无数据,非共有,有抵押 客户偿还,挂牌时间:2023-06-30 | 交易权属:商品房 | 上次交易:暂无数据 | 房屋用途:普通住宅 | 房屋年限:暂无数据 | 产权所属:非共有 | 抵押信息:有抵押 客户偿还 | 房本备件:未上传房本照片,客厅 / 11.95平米 / 南 / 落地窗 ; 餐厅 / 12.81平米 / 无 / 无窗 ; 卧室A / 9.65平米 / 无 / 未知窗户类型 ; 卧室B / 13.51平米 / 西 南 / 落地窗 ; 厨房 / 4.27平米 / 无 / 无窗 ; 卫生间 / 3.63平米 / 西 / 普通窗 ; 阳台A / 2.58平米 / 无 / 无窗 ; 阳台B / 7.73平米 / 南 / 落地窗 ; 过道 / 2.25平米 / 无 / 无窗,
电梯大4房，高楼层，视野好，全新精装修，拎包入住,"万科四季花城六期 , 坂田",4室2厅,127.9平米,南 西,,高楼层(共9层),2002年,板塔结合,658 万,51447 元,15,,,近地铁 | VR看装修,https://sz.lianjia.com/ershoufang/105115298867.html,地铁 | VR看装修,电梯大四房，适合居家。全新装修，保养很好，看山景，视野好！,小区由万科地产集团开发，一共有36个独立苑，共分七期开发，花园式小区，绿化植被很多，带露天游泳池和健身会所及相应运动器械供住户健身，社区运动氛围棒；万科物业24小时严格管控，夜间有保安巡逻，外人基本无法随意出入，,小区内有博雅、曼京、海丽达幼儿园等，商场类有华润万家，海达和成购物广场、阳光湾畔，8号仓奥特莱斯等。医疗类有深圳坂田医院、布吉医院花城社康医院（小区内）；网球场，篮球场，健身会所等！,交通出行： 此房距离地铁5号线和10号线A口和300米，交通发达，小区旁边有布龙路、梅观高速、机荷高速、南坪快速等，乘坐公交或驾车出行到福田、罗湖、南山等地较方便（距离信息来源于百度地图）,,,暂无数据,2023-11-10,商品房,普通住宅,暂无数据,非共有,有抵押,挂牌时间:2023-11-10 | 交易权属:商品房 | 上次交易:暂无数据 | 房屋用途:普通住宅 | 房屋年限:暂无数据 | 产权所属:非共有 | 抵押信息:有抵押 | 房本备件:未上传房本照片,客厅 / 31.72平米 / 西 南 / 落地窗 ; 卧室A / 10.92平米 / 无 / 未知窗户类型 ; 卧室B / 15.07平米 / 北 / 落地飘窗 ; 卧室C / 9.54平米 / 无 / 未知窗户类型 ; 卧室D / 9.16平米 / 南 / 落地窗 ; 厨房 / 7.54平米 / 西 南 / 普通窗 ; 卫A / 2.89平米 / 北 / 普通窗 ; 卫B / 4.32平米 / 南 / 普通窗 ; 阳台A / 7.1平米 / 西 南 / 普通窗 ; 阳台B / 2.3平米 / 南 / 普通窗 ; 储 / 1.39平米 / 无 / 无窗 ; 过道 / 6.62平米 / 无 / 无窗,
朝南大两房 靠山看花园 红本在手业主急卖,"金洲嘉丽园 , 坂田",2室2厅,68.82平米,东南 南,精装,6层,2004年,板楼,280 万,40686 元,16,,,VR房源 | 房本满五年 | 随时看房,https://sz.lianjia.com/ershoufang/105114505604.html,VR房源 | 房本满五年 | 随时看房,满五年不唯一  红本在手 朝南 中间位置 安静  东南朝向,金洲物业2002年批地，05年建成。管理费1元每平，占地约29000平米， 由12栋多层住宅正南正北向排成，共580户，240个车位，户型分别是两房、三房，一楼和顶楼带花园！内有幼儿园、泳池、生活广场，常住人员均是有为青年住家的一家老小，生活氛围好。,,社区距环中线坂田C出口约600米步行.10号线地铁坂田北站。70米内公交站台金洲嘉丽园站有：B668.B815.B903.M233.M374.M379.M448.M481 .321等等17条公汽等；开车两公里内即可上清平、梅观，水官 .南坪等快速路及高速，坂银通道。,,这套房子是红本在手的，不用赎楼，税费少，手续快， 如果资金快，很快就可以办理过户，,2006-05-10,2023-08-13,商品房,普通住宅,满五年,共有,无抵押,挂牌时间:2023-08-13 | 交易权属:商品房 | 上次交易:2006-05-10 | 房屋用途:普通住宅 | 房屋年限:满五年 | 产权所属:共有 | 抵押信息:无抵押 | 房本备件:已上传房本照片,客厅 / 25.95平米 / 南 / 普通窗 ; 卧室A / 11.28平米 / 南 / 落地飘窗 ; 卧室B / 8.56平米 / 东 / 落地飘窗 ; 厨房 / 4.21平米 / 东 / 普通窗 ; 卫生间 / 3.22平米 / 东 / 普通窗 ; 阳台A / 4.5平米 / 东 南 / 普通窗 ; 阳台B / 4.24平米 / 东 / 普通窗 ; 过道 / 1.14平米 / 无 / 无窗,
坂田地铁口物业 次新社区大四房 高楼层采光好,"大族云峰一期 , 坂田",4室2厅,140.8平米,南,精装,30层,2019年,板塔结合,950 万,67472 元,4,,,近地铁 | VR看装修,https://sz.lianjia.com/ershoufang/105114955240.html,地铁 | VR看装修,房子满五唯一免个税 高楼层视野开阔 业主自住装修保养好,,小区分二期开发，小区配套有游泳池，儿童娱乐区，休息区，小区自己带湾畔MALL，满足购物娱乐需求。,,房子明年七月满五年，目前交易有全额增值税，个税，契税，城建等费用，实际以现税费清意为为准,,暂无数据,2023-10-03,商品房,普通住宅,暂无数据,非共有,有抵押 530万元,挂牌时间:2023-10-03 | 交易权属:商品房 | 上次交易:暂无数据 | 房屋用途:普通住宅 | 房屋年限:暂无数据 | 产权所属:非共有 | 抵押信息:有抵押 530万元 | 房本备件:未上传房本照片,客厅 / 40.23平米 / 东 南 / 落地窗 ; 卧室A / 8.8平米 / 西 / 落地窗 ; 卧室B / 12.62平米 / 无 / 未知窗户类型 ; 卧室C / 16.64平米 / 无 / 未知窗户类型 ; 卧室D / 10.59平米 / 无 / 未知窗户类型 ; 厨房 / 8.29平米 / 西 / 普通窗 ; 卫生间A / 3.74平米 / 西 / 普通窗 ; 卫生间B / 4.22平米 / 无 / 未知窗户类型 ; 阳台 / 5.39平米 / 西 东 南 / 落地窗,
大阳台，满五税费低，次新房，璞悦山4室,"璞悦山 , 坂田",4室2厅,175.46平米,南,精装,32层,2013年,板楼,950 万,54144 元,13,,,VR看装修 | 房本满五年,https://sz.lianjia.com/ershoufang/105115765504.html,VR看装修 | 房本满五年,万科精装修双套间大四房，视野开阔，满五唯一，高楼层景观好！,万科璞悦山，小区绿化，环境好，且小区后面有业主私家登山道，有钓鱼场，适合全家游玩，小区内有会所，有泳池，社区自带幼儿园，生活也很便利。现代中式建筑风格，树木林立郁郁葱葱，花草遍地，芬芳满园，适合生活居家。,"100米处是万科里购物，星巴克，钱大妈。300米处是万科第五园五期华润万家，百果园。手造文化街，星河CoCo Park,奥特莱斯，8号仓等！",小区出门就可上南坪快速，去南山宝安很方便，上坂银隧道去到罗湖福田。出行方便，看房方便！,,,2014-11-05,2024-01-03,商品房,普通住宅,满五年,非共有,有抵押 800万元,挂牌时间:2024-01-03 | 交易权属:商品房 | 上次交易:2014-11-05 | 房屋用途:普通住宅 | 房屋年限:满五年 | 产权所属:非共有 | 抵押信息:有抵押 800万元 | 房本备件:已上传房本照片,客厅 / 42.84平米 / 南 / 落地窗 ; 卧室A / 11.14平米 / 南 / 落地窗 ; 卧室B / 12.88平米 / 南 / 落地窗 ; 卧室C / 20.28平米 / 南 / 落地窗 ; 卧室D / 10.68平米 / 北 / 落地窗 ; 厨房 / 6.78平米 / 北 / 普通窗 ; 卫A / 4.11平米 / 无 / 无窗 ; 卫B / 7.41平米 / 北 / 普通窗 ; 卫C / 4.89平米 / 北 / 落地窗 ; 阳台A / 7.68平米 / 西 东 南 / 落地窗 ; 阳台B / 2.31平米 / 北 / 落地窗 ; 过道 / 3.28平米 / 无 / 无窗 ; 衣帽间 / 3.06平米 / 无 / 无窗,
佳兆业中央广场三期带入户+储物间3+1户型,"佳兆业中央广场三期 , 坂田",3室2厅,85.53平米,北,简装,45层,2016年,塔楼,499 万,58343 元,9,,,近地铁 | VR看装修 | 房本满五年 | 随时看房,https://sz.lianjia.com/ershoufang/105116069436.html,地铁 | VR看装修 | 房本满五年 | 随时看房,满五年，高楼层视野宽阔，采光充足，装修保养好；,,新社区，人车分流，24小时保安轮流值班，社区有自己的健身广场和花园，园林式社区。依托高新技术产业园，佳兆业城市广场物业形态丰富，集住宅、酒店于一体。隔壁就是天安云谷、华为总部。,项目是挨着坂雪岗大道和坂澜大道，沿着坂雪岗大道可以去梅林关（去关内方向）、也可以转布龙路转南坪快速和水官高速，也可以从转贝尔路再转梅关高速，上坂澜大道可以去观澜也可以去平湖。交通很方便。高速交通：梅观高速、清平高速、坂雪岗大道、南坪快速,,,2016-01-19,2024-02-20,商品房,普通住宅,满五年,非共有,有抵押 400万元,挂牌时间:2024-02-20 | 交易权属:商品房 | 上次交易:2016-01-19 | 房屋用途:普通住宅 | 房屋年限:满五年 | 产权所属:非共有 | 抵押信息:有抵押 400万元 | 房本备件:已上传房本照片,客厅 / 32.15平米 / 北 / 落地窗 ; 卧室A / 8.08平米 / 无 / 未知窗户类型 ; 卧室B / 12.75平米 / 无 / 未知窗户类型 ; 卧室C / 8.88平米 / 无 / 普通窗 ; 卧室D / 6.03平米 / 西 / 普通窗 ; 厨房 / 9.39平米 / 西 / 普通窗 ; 卫A / 3.64平米 / 北 / 普通窗 ; 卫B / 4.16平米 / 无 / 未知窗户类型 ; 阳台A / 4.15平米 / 北 东 / 普通窗 ; 阳台B / 4.58平米 / 西 / 普通窗 ; 过道 / 5.51平米 / 无 / 无窗,
万科第五园徽式住宅业主自住好房诚意出售,"万科第五园三期 , 坂田",4室2厅,117.28平米,东南,,高楼层(共23层),2008年,塔楼,658 万,56106 元,6,,,VR看装修,https://sz.lianjia.com/ershoufang/105116221594.html,VR看装修,此房满五唯一，坐北朝南的高层，采光充足，视野开阔，无遮挡,万科第五园三期为徽派建筑元素和晋派建筑元素风格，将传统与现代、中式与西式很好地嫁接和结合，在清砖的步行道行走，穿过密集的青竹林小路，清风拂面，令人心旷神怡；小区共三栋高层分九个单元，其余皆为叠院及别墅，密度较低，带泳池。万科物业管理好,小区近银湖山及正坑水库，周末散心好去处；生活方便，带有2个华润chao市（五期和一期）、万科里商场（九期），小区2公里范围内有湾畔mall商场、奥特莱斯8号仓、星河Cocopark、坂田天虹、佳华购物广场等，还有个手造文化街可闲暇时间去闲逛,距离地铁5号线坂田站步行距离1.3公里，地铁10号线光雅园站约700米，坂银通道已通车，去罗湖福田很方便。交通干线：布龙路、坂雪岗大道、五和大道、梅关高速、南坪快速、清平高速、水管高速、沈海高速等。距五园幼儿园公交站200米（此数据来源于百度地图）,,,暂无数据,2024-03-03,商品房,普通住宅,暂无数据,非共有,无抵押,挂牌时间:2024-03-03 | 交易权属:商品房 | 上次交易:暂无数据 | 房屋用途:普通住宅 | 房屋年限:暂无数据 | 产权所属:非共有 | 抵押信息:无抵押 | 房本备件:未上传房本照片,客厅 / 33.06平米 / 无 / 未知窗户类型 ; 卧室A / 6.42平米 / 东北 / 普通窗 ; 卧室B / 9.33平米 / 无 / 未知窗户类型 ; 卧室C / 8.66平米 / 无 / 未知窗户类型 ; 卧室D / 15.24平米 / 西南 / 普通窗 ; 厨房 / 5.2平米 / 西南 / 普通窗 ; 卫A / 2.93平米 / 东北 / 普通窗 ; 卫B / 4.68平米 / 东北 / 普通窗 ; 阳台 / 3.17平米 / 西南 / 普通窗 ; 入户花园 / 15平米 / 北 / 落地窗,
满五唯一 税少  南向看花园 视野开阔 看房方便,"信义嘉御山 , 坂田",3室2厅,117平米,南,精装,中楼层(共31层),2013年,板塔结合,750 万,64103 元,4,,,近地铁 | VR看装修,https://sz.lianjia.com/ershoufang/105116428453.html,地铁 | VR看装修,满五唯一 税少  南向看花园 视野开阔 看房方便,信义嘉御豪园分三期开发，共3008户。2013-2015年底交房，小区内有泳池，配套有公里龙岗机关幼儿园，户型多样，66平-77平，方正通透的两房；83-88平，朝南或南北的三房户型；85平 复式 四房三卫；117-217平 改善大户型。,,双地铁10号线、5号线，距离五和站800米、坂田北站300米（百度地图），1公里可以上珠三角环线高速,,,暂无数据,2024-03-21,商品房,普通住宅,暂无数据,非共有,有抵押 330万元,挂牌时间:2024-03-21 | 交易权属:商品房 | 上次交易:暂无数据 | 房屋用途:普通住宅 | 房屋年限:暂无数据 | 产权所属:非共有 | 抵押信息:有抵押 330万元 | 房本备件:未上传房本照片,客厅 / 35.13平米 / 无 / 未知窗户类型 ; 卧室A / 15.4平米 / 无 / 未知窗户类型 ; 卧室B / 11.62平米 / 无 / 未知窗户类型 ; 卧室C / 18.43平米 / 东南 / 普通窗 ; 厨房 / 7.83平米 / 东北 / 普通窗 ; 卫A / 4.95平米 / 无 / 未知窗户类型 ; 卫B / 3.66平米 / 东北 / 普通窗 ; 阳台 / 11.22平米 / 西南 东北 东南 / 普通窗 ; 入户花园 / 7.46平米 / 西南 / 普通窗 ; 过道 / 1.2平米 / 无 / 无窗,
五园简装大开间户型，采光足看房方便,"万科第五园五期 , 坂田",1室0厅,42.29平米,南,简装,中楼层(共12层),2009年,塔楼,248 万,58643 元,3,,,VR看装修,https://sz.lianjia.com/ershoufang/105115305100.html,VR看装修,房子采光足，业主诚心出售，房子保养不错,万科第五园五期2010年开发建筑人车分流车位充足地下车库两层自带游泳池网球场儿童娱乐场老人休闲室，自带华润万家，钱大妈，水果先生，百果园早餐店等,300米有万科第五园九期万科里购物广场，800米坂田手造文化街，1公里有8号仓、阳光湾畔、海达和城等大型商场，购物休闲一条龙服务。800米有银湖山公园，有登山跑道，钓鱼场。,坂银通道首站，通道已开通，去福田很便捷，小区出门200米有公交站台，去华为和民治方向的车都有，还有一个去会展市内的车，里城公交总站有去科技园的车，自驾车出门右转就直通南坪快速。,,,暂无数据,2023-11-11,商品房,普通住宅,暂无数据,共有,有抵押 60万元 建设银行 客户偿还,挂牌时间:2023-11-11 | 交易权属:商品房 | 上次交易:暂无数据 | 房屋用途:普通住宅 | 房屋年限:暂无数据 | 产权所属:共有 | 抵押信息:有抵押 60万元 建设银行 客户偿还 | 房本备件:未上传房本照片,卧室 / 15.43平米 / 无 / 未知窗户类型 ; 厨房 / 4.71平米 / 无 / 无窗 ; 卫生间 / 3.97平米 / 西北 / 普通窗 ; 阳台 / 3.42平米 / 无 / 未知窗户类型,
万科璞悦山4房3卫，朝南向看山看水库无遮挡景观,"璞悦山 , 坂田",4室2厅,176平米,南,精装,33层,2013年,板楼,1120 万,63637 元,1,,,VR看装修,https://sz.lianjia.com/ershoufang/105119688207.html,VR看装修,此房有入户花园安静看山看水景观好 满五红本税少,万科璞悦山，小区绿化，环境好，且小区后面有业主私家登山道，有钓鱼场，适合全家游玩，小区内有会所，有泳池，社区自带幼儿园，生活也很便利。现代中式建筑风格，树木林立郁郁葱葱，花草遍地，芬芳满园，适合生活居家,"100米处是万科里购物，星巴克，钱大妈。300米处是万科第五园五期乐购，百果园，湾畔MALL。手造文化街，星河CoCo Park,奥特莱斯，8号仓，万科广场等",,,,暂无数据,2025-02-15,商品房,普通住宅,暂无数据,共有,无抵押,挂牌时间:2025-02-15 | 交易权属:商品房 | 上次交易:暂无数据 | 房屋用途:普通住宅 | 房屋年限:暂无数据 | 产权所属:共有 | 抵押信息:无抵押 | 房本备件:未上传房本照片,客厅 / 43.05平米 / 北 / 落地窗 ; 卧室A / 10.74平米 / 北 / 落地窗 ; 卧室B / 20.2平米 / 北 / 落地窗 ; 卧室C / 12.72平米 / 北 / 落地窗 ; 卧室D / 13.95平米 / 北 / 落地窗 ; 厨房 / 6.77平米 / 北 / 普通窗 ; 卫A / 4.75平米 / 北 / 落地窗 ; 卫B / 7.04平米 / 北 / 普通窗 ; 卫C / 4.2平米 / 无 / 无窗 ; 阳台A / 2.38平米 / 北 / 落地窗 ; 阳台B / 8.11平米 / 北 / 落地窗 ; 过道 / 3.33平米 / 无 / 无窗,
小区东门口人车分流，5房前后大阳台地铁口近,"春华四季园一期 , 坂田",5室2厅,95.21平米,南,简装,低楼层(共11层),2006年,板楼,498 万,52306 元,1,,,VR看装修 | 随时看房,https://sz.lianjia.com/ershoufang/105119136808.html,VR看装修 | 随时看房,此房满五年欠款少，楼下人车分流，小区入口位置出行生活便利,小区总共又43栋，社区很大，各种生活配套和娱乐健身配套齐全，自带一个2000平米人工湖，以及配套成人和幼儿园泳池和室内泳池，各种健身设施以及儿童游乐设施一应俱全。小区停车位1:1.3，车位充足,,,,,暂无数据,2024-12-07,商品房,普通住宅,暂无数据,非共有,无抵押,挂牌时间:2024-12-07 | 交易权属:商品房 | 上次交易:暂无数据 | 房屋用途:普通住宅 | 房屋年限:暂无数据 | 产权所属:非共有 | 抵押信息:无抵押 | 房本备件:未上传房本照片,,
佳兆业悦峰花园 复式四房 视野好 业主诚意出售,"佳兆业悦峰 , 坂田",4室2厅,110.98平米,南,精装,高楼层(共26层),2013年,板塔结合,778 万,70103 元,1,,,近地铁 | VR房源 | 房本满五年,https://sz.lianjia.com/ershoufang/105120593429.html,地铁 | VR房源 | 房本满五年,此房满五唯一，精装修 ，保养好，高楼层，采光通风好。,佳兆业悦峰是佳兆业开发商，是上市房企排名靠前的开发商，开发商实力雄厚，佳兆业物业也是比较优质的物业管理公司，为小区高品质生活保驾护航。该小区是2013年次新小区，佳兆业物业，容积2.5，车位1：1带有室内篮球场，生活配套较齐全，居住舒适。,,有地铁5号线杨美站C出口900米（参考高德地图），4站抵深圳北站深圳东站，西至赤湾东至黄贝岭。或步行400米至宏扬公交站也有多条公交路线可达深圳各区域。衔接各大高速快速，3公里内直上布龙路、清平高速、水官高速，南坪快速、梅观高速、坂银通道等,,,2014-11-13,2025-05-01,商品房,普通住宅,满五年,非共有,有抵押 银行,挂牌时间:2025-05-01 | 交易权属:商品房 | 上次交易:2014-11-13 | 房屋用途:普通住宅 | 房屋年限:满五年 | 产权所属:非共有 | 抵押信息:有抵押 银行 | 房本备件:已上传房本照片,客厅 / 34.04平米 / 北 / 落地窗 ; 卧室01 / 11.75平米 / 无 / 未知窗户类型 ; 卧室02 / 10.02平米 / 北 / 落地窗 ; 卧室03 / 13.07平米 / 北 / 落地窗 ; 卧室04 / 7.43平米 / 北 / 普通窗 ; 厨房 / 4.96平米 / 北 / 普通窗 ; 卫01 / 4.54平米 / 无 / 未知窗户类型 ; 卫02 / 4.47平米 / 无 / 未知窗户类型 ; 卫03 / 5.37平米 / 无 / 未知窗户类型 ; 阳台01 / 6.98平米 / 北 / 落地窗 ; 阳台02 / 7.1平米 / 北 / 落地窗 ; 过道 / 9.31平米 / 无 / 无窗 ; 衣帽间 / 5.09平米 / 无 / 无窗,
地铁口物业 精装大四房 户型方正格局好,"德润荣君府 , 坂田",4室2厅,123.72平米,南,,低楼层(共41层),2017年,板楼,850 万,68704 元,1,,,近地铁 | VR看装修,https://sz.lianjia.com/ershoufang/105119386886.html,地铁 | VR看装修,此房是地铁口物业 户型通透大四房客厅阳台看花园位置安静,2017年底交房的次新小区，全电梯高层，共7栋，由住宅和公寓（1栋）组成，合围起来楼下有花园和泳池，可供休憩玩耍。自带上千平商ye配套，日常基本生活需求能得到满足，地下3层停车库，1：1配置，再也不用担心停车的问题了。小区环境优美 有儿童娱乐场所,楼下自带幼稚园、5千㎡底商。布龙路以北万科十万㎡商写综合体建设中，西侧在建华侨城住宅、幼儿园及和美外国语项目（30班1500位置）。距小区1km有两万㎡万科里。2km内有阳光湾畔、8号仓、坂田天虹等商场。北为坂田医院,5号线坂田地铁口大约700米，去宝安或者罗湖都很方便。 小区门口就是公交站； 小区前面是坂雪岗大道和布龙路，自驾的话，1千米内可以上南坪快速，再走水官高速到龙岗，梅观高速到观澜和东莞，或者经梅林关，新彩隧道进福田，罗湖和南山都很方便。,,,暂无数据,2025-01-03,商品房,普通住宅,暂无数据,非共有,有抵押,挂牌时间:2025-01-03 | 交易权属:商品房 | 上次交易:暂无数据 | 房屋用途:普通住宅 | 房屋年限:暂无数据 | 产权所属:非共有 | 抵押信息:有抵押 | 房本备件:未上传房本照片,客厅 / 31.26平米 / 无 / 未知窗户类型 ; 卧室A / 12.34平米 / 无 / 未知窗户类型 ; 卧室B / 16.99平米 / 无 / 未知窗户类型 ; 卧室C / 10.15平米 / 无 / 未知窗户类型 ; 卧室D / 10.19平米 / 无 / 未知窗户类型 ; 厨房 / 7.39平米 / 西南 / 普通窗 ; 卫A / 3.68平米 / 无 / 未知窗户类型 ; 卫B / 5.57平米 / 无 / 未知窗户类型 ; 阳台 / 6.09平米 / 西南 西北 东南 / 普通窗 ; 过道 / 5.01平米 / 无 / 无窗,
星光之约：满5年 朝南2房 位置安静 视野开阔 近地铁,"星光之约 , 坂田",2室2厅,78.1平米,南,,高楼层(共9层),2002年,板楼,355 万,45455 元,0,,,近地铁 | VR房源,https://sz.lianjia.com/ershoufang/105118839872.html,地铁 | VR房源,位置安静 朝南2房带电梯 满5年,星光之约花园位于坂田于龙华民治交界处，10号线雅宝站地鉄口，近梅林关。小区有6栋住宅楼，1-3栋为楼梯，4-6栋为电梯，全部是小高层建筑，主要是两房--四房户型，小区四周不临路，菲常安静，内部有篮球场、游泳池,小区门口有一些商铺，有钱大妈，卖蔬菜，卖早餐的及一些零售店。小区距离星河WORLD cocopark商场（捌万㎡）步行约600米；距离8号仓奥特莱斯商场步行约1.7公里；距离南坑农贸市场步行约1公里；小区距离雅宝山体公园步行约1.2公里；距离五和社康忠心约1.6..,小区大门口是五和大道，路边有星光之约公交站台，10号线南坑站和雅宝站距离小区都是约500米左右。五和大道与坂雪岗大道、布龙路、龙华大道，民治大道等多条主干道衔接，小区到梅林关仅2个红绿灯，小区2公里范围内覆盖梅观高速，南坪快速，坂银通道等快速路,,,2020-01-01,2024-11-08,商品房,普通住宅,未满两年,非共有,有抵押,挂牌时间:2024-11-08 | 交易权属:商品房 | 上次交易:2020-01-01 | 房屋用途:普通住宅 | 房屋年限:未满两年 | 产权所属:非共有 | 抵押信息:有抵押 | 房本备件:已上传房本照片,客厅 / 31.14平米 / 南 / 普通窗 ; 卧室A / 12.48平米 / 无 / 未知窗户类型 ; 卧室B / 7.68平米 / 无 / 未知窗户类型 ; 厨房 / 5.35平米 / 西 / 落地窗 ; 卫 / 3.87平米 / 西 / 普通窗 ; 阳台 / 4.2平米 / 西 南 / 普通窗,
大族云峰 毛坯南向4房 高楼层 视野景观无遮挡,"大族云峰二期 , 坂田",4室2厅,102.65平米,南,毛坯,30层,2021年,板塔结合,610 万,59426 元,1,,,VR看装修 | 房本满五年 | 随时看房,https://sz.lianjia.com/ershoufang/105119700842.html,VR看装修 | 房本满五年 | 随时看房,高楼层南向4房，视野景观无遮挡，一手格局可自行装修,本小区于2021年年底交楼，新小区，分一二期开发，此小区为二期，共四栋，每栋分两个单元，楼间距宽，无任何遮挡，停车位充足,,距离小区800米有坂田地铁站，楼下有公交站台，毗 邻坂银通道，去往福田、罗湖、南山都方便,房屋产权：此房为商品房，非核 心区可直接购买，税费：此房业主满五唯一，只需交契税,,2020-03-25,2025-02-16,商品房,普通住宅,满五年,非共有,有抵押 华商银行 客户偿还,挂牌时间:2025-02-16 | 交易权属:商品房 | 上次交易:2020-03-25 | 房屋用途:普通住宅 | 房屋年限:满五年 | 产权所属:非共有 | 抵押信息:有抵押 华商银行 客户偿还 | 房本备件:已上传房本照片,客厅 / 27.26平米 / 南 / 普通窗 ; 卧室A / 9.95平米 / 无 / 未知窗户类型 ; 卧室B / 13.78平米 / 无 / 未知窗户类型 ; 卧室C / 7.47平米 / 东 / 落地窗 ; 卧室D / 5.84平米 / 无 / 未知窗户类型 ; 厨房 / 4.21平米 / 东 / 普通窗 ; 卫A / 3.29平米 / 东 / 普通窗 ; 卫B / 2.74平米 / 北 / 普通窗 ; 阳台A / 5.39平米 / 东 南 / 普通窗 ; 阳台B / 2.93平米 / 东 / 普通窗 ; 过道 / 4.62平米 / 无 / 无窗,
坂田地铁口物业，户型方正实用保养好，价格可以谈,"珠江旭景佳园 , 坂田",4室2厅,107.74平米,东北,,低楼层(共11层),2007年,塔楼,718 万,66642 元,7,,,近地铁 | VR看装修,https://sz.lianjia.com/ershoufang/105115651102.html,地铁 | VR看装修,近地铁交通方便，房子看花园位置安静，通风采光好实用率高，,小区分3期开发，近1500户，地铁口物业，紧靠银湖山和坂银隧道，地理位置优越，进出关内外方便。小区房价处于区域谷值，同区域二手房对比有很大的优势。所以有很多关内的客户在此小区置业。生活配套成熟，是刚需值得购买的小区。,旭景一期园林大人车分流，小区东南侧3千㎡底商，南侧有大族云峰商场已开业；距小区300米有两万㎡万科里。2km内有阳光湾畔、8号仓、坂田天虹等商场。1km有坂田医院。,"四通八达,小区邻布龙路坂雪岗大道两大动脉,南面1km上坂银南坪,通达福田南山方便；东面两个灯位上清平水官,通达罗湖盐田惠州；西侧2km上G94,1h到宝安东莞广州；北达天安和华为。250米到5号线坂田地铁口,1站换10号线到福田口岸。小区东门150m到公交站。",,,暂无数据,2023-12-20,商品房,普通住宅,暂无数据,非共有,有抵押 300万元,挂牌时间:2023-12-20 | 交易权属:商品房 | 上次交易:暂无数据 | 房屋用途:普通住宅 | 房屋年限:暂无数据 | 产权所属:非共有 | 抵押信息:有抵押 300万元 | 房本备件:未上传房本照片,客厅 / 26.62平米 / 北 南 / 落地窗 ; 卧室A / 8.37平米 / 北 / 落地窗 ; 卧室B / 9.74平米 / 无 / 未知窗户类型 ; 卧室C / 15平米 / 无 / 未知窗户类型 ; 卧室D / 8.24平米 / 南 / 普通窗 ; 厨房 / 7.6平米 / 南 / 普通窗 ; 卫生间A / 3.86平米 / 北 / 普通窗 ; 卫生间B / 3.57平米 / 南 / 普通窗 ; 阳台A / 7.84平米 / 北 / 落地窗 ; 阳台B / 17.15平米 / 东 南 / 普通窗 ; 过道 / 5.49平米 / 无 / 无窗 ; 衣帽间 / 2.63平米 / 无 / 无窗,
满五朝南大三房，业主诚心出售，市场价可谈,"珠江旭景佳园 , 坂田",3室2厅,105.18平米,南,简装,中楼层(共23层),2008年,塔楼,428 万,40693 元,7,,,近地铁 | VR看装修 | 房本满五年,https://sz.lianjia.com/ershoufang/105118560456.html,地铁 | VR看装修 | 房本满五年,满五不唯一，旁边就是坂田实验，地铁口六百米交通便利,小区是08年的电梯房，有游泳池和幼儿园，总共10栋楼，分三期，房子所在二期，四栋九个单元。,,,,,2016-10-06,2024-10-11,商品房,普通住宅,满五年,非共有,有抵押 200万元 客户偿还,挂牌时间:2024-10-11 | 交易权属:商品房 | 上次交易:2016-10-06 | 房屋用途:普通住宅 | 房屋年限:满五年 | 产权所属:非共有 | 抵押信息:有抵押 200万元 客户偿还 | 房本备件:已上传房本照片,客厅 / 24.74平米 / 南 / 普通窗 ; 卧室A / 8.65平米 / 无 / 未知窗户类型 ; 卧室B / 9.83平米 / 无 / 未知窗户类型 ; 卧室C / 14.04平米 / 无 / 未知窗户类型 ; 厨房 / 5.45平米 / 无 / 落地窗 ; 卫A / 3.4平米 / 东 / 普通窗 ; 卫B / 2.87平米 / 北 / 落地窗 ; 阳台A / 4.99平米 / 东 南 / 普通窗 ; 阳台B / 2.72平米 / 北 / 落地窗 ; 过道 / 3.8平米 / 无 / 无窗,
2年前精装修 买来不用再装修了,"华晖瑞禧 , 坂田",3室2厅,99.97平米,南,精装,低楼层(共43层),2020年,塔楼,530 万,53016 元,0,,,近地铁 | VR看装修,https://sz.lianjia.com/ershoufang/105116814246.html,地铁 | VR看装修,2年前精装修 买来不用再装修了,,,,,,暂无数据,2024-04-27,商品房,普通住宅,暂无数据,非共有,有抵押,挂牌时间:2024-04-27 | 交易权属:商品房 | 上次交易:暂无数据 | 房屋用途:普通住宅 | 房屋年限:暂无数据 | 产权所属:非共有 | 抵押信息:有抵押 | 房本备件:未上传房本照片,客厅 / 21.29平米 / 南 / 落地窗 ; 卧室A / 11.15平米 / 无 / 未知窗户类型 ; 卧室B / 14.12平米 / 无 / 未知窗户类型 ; 卧室C / 4.7平米 / 西 / 落地窗 ; 厨房 / 5.26平米 / 西 / 普通窗 ; 卫A / 3.3平米 / 西 / 普通窗 ; 卫B / 3.67平米 / 无 / 普通窗 ; 阳台A / 4.79平米 / 南 / 落地窗 ; 阳台B / 2.6平米 / 西 / 普通窗 ; 过道 / 3.42平米 / 无 / 无窗,
璞悦山精装四房，即买即住，大阳台，次新房,"璞悦山 , 坂田",4室1厅,170.4平米,西南,精装,低楼层(共33层),2013年,板楼,1070 万,62794 元,3,,,VR看装修,https://sz.lianjia.com/ershoufang/105117366965.html,VR看装修,此房户型格局方正实用带入户位置安静,万科top系住宅，604户全大户型，车位比1:2，物业管理优良，邻居素质高，是千金买房，万金买邻的优中之选,"100米处是万科里购物，星巴克，钱大妈。300米处是万科第五园五期华润万家，百果园。手造文化街，星河CoCo Park,奥特莱斯，8号仓等",小区出门就可上南坪快速，坂银通道，去南山宝安福田很方便，上坂银隧道去到罗湖福田。出行方便，看房方便。,,,暂无数据,2024-06-21,商品房,普通住宅,暂无数据,非共有,有抵押,挂牌时间:2024-06-21 | 交易权属:商品房 | 上次交易:暂无数据 | 房屋用途:普通住宅 | 房屋年限:暂无数据 | 产权所属:非共有 | 抵押信息:有抵押 | 房本备件:未上传房本照片,客厅 / 37.08平米 / 西南 / 普通窗 ; 卧室A / 14.31平米 / 西南 东南 / 落地窗 ; 卧室B / 14.74平米 / 西南 / 落地窗 ; 卧室C / 21.7平米 / 西南 西北 / 落地窗 ; 卧室D / 10.43平米 / 无 / 未知窗户类型 ; 厨房 / 7.72平米 / 东北 / 普通窗 ; 卫A / 4.71平米 / 东南 / 普通窗 ; 卫B / 7.82平米 / 东北 / 普通窗 ; 卫C / 4.44平米 / 东北 / 普通窗 ; 阳台A / 7.81平米 / 西南 西北 东南 / 普通窗 ; 阳台B / 3.35平米 / 东北 / 普通窗 ; 储物间 / 3.11平米 / 东北 / 落地窗 ; 过道 / 3.46平米 / 无 / 无窗 ; 门厅 / 5.6平米 / 无 / 无窗,
10号线地铁星河精装修四房，满五唯一，南向安静看花园,"星河银湖谷 , 坂田",4室1厅,87.83平米,南 北,精装,中楼层(共48层),2016年,板塔结合,770 万,87670 元,19,,,近地铁 | VR看装修,https://sz.lianjia.com/ershoufang/105114667386.html,地铁 | VR看装修,满五唯一，南向，安静，看花园，景观好，视野开阔，通透户型,星河银湖谷住宅小区共7栋，玻璃外观和干挂陶板立面，有园林和泳池，人车分流的规划设计，港式入户大堂，览山阅湖景视野。星河双子塔、星河生态综合体、星河雅宝山体公园和星河圣境庙堂于一体，湖光山水，共享舒适生活！,,出行便利，10号线雅宝站离小区200米左右。直通南坪快速，新彩隧道，坂银隧道，梅关高速，五大交通便捷到到达深圳各区， 坂银遂道去往罗湖福田南山都方便。,,,暂无数据,2023-08-31,商品房,普通住宅,暂无数据,非共有,无抵押,挂牌时间:2023-08-31 | 交易权属:商品房 | 上次交易:暂无数据 | 房屋用途:普通住宅 | 房屋年限:暂无数据 | 产权所属:非共有 | 抵押信息:无抵押 | 房本备件:未上传房本照片,客厅 / 26.22平米 / 无 / 未知窗户类型 ; 书房 / 5.31平米 / 无 / 落地窗 ; 卧室A / 8.83平米 / 无 / 落地窗 ; 卧室B / 7.56平米 / 无 / 落地窗 ; 卧室C / 13.81平米 / 无 / 未知窗户类型 ; 厨房 / 6.5平米 / 无 / 普通窗 ; 卫生间A / 4.21平米 / 无 / 普通窗 ; 卫生间B / 4.47平米 / 无 / 未知窗户类型 ; 阳台 / 5.07平米 / 无 / 落地窗 ; 过道 / 4.07平米 / 无 / 无窗,
罕有电梯美墅 通透 带入户花园 高实用率 看房方便 笋,"万科第五园六期 , 坂田",4室2厅,141.6平米,南,精装,中楼层(共14层),2011年,板楼,760 万,53673 元,2,,,VR房源,https://sz.lianjia.com/ershoufang/105121249536.html,VR房源,进门S大入户，套内实用面积大，不用等电梯。,万科第五园六期2010年开发建筑，人车分流，车位充足，配套共享的五期带有游泳池、网球场、儿童娱乐场、老人休闲室，华润万家，同花顺餐厅，钱大妈，水果先生，百果园，早餐店等。,300米有万科第五园九期万科里购物广场，800米坂田手造文化街，1.5公里有8号仓、阳光湾畔、海达和城等大型商场，购物休闲一条龙服务。600米有银湖山公园，有登山跑道，钓鱼场。,坂银通道首站，9千米去福田 11千米到罗湖，出门200米就是公交站台，去华为和民治方向的车都有，还有一个去会展市内的车，里城公交总站有去科技园的车，自驾车出门右转就直通南坪快速，四通八达去哪里都很便捷，,,,暂无数据,2025-06-28,商品房,普通住宅,暂无数据,非共有,无抵押,挂牌时间:2025-06-28 | 交易权属:商品房 | 上次交易:暂无数据 | 房屋用途:普通住宅 | 房屋年限:暂无数据 | 产权所属:非共有 | 抵押信息:无抵押 | 房本备件:未上传房本照片,客厅 / 32.09平米 / 西 / 普通窗 ; 卧室A / 12.86平米 / 西 / 普通窗 ; 卧室B / 10.31平米 / 无 / 未知窗户类型 ; 卧室C / 12.95平米 / 西 / 普通窗 ; 卧室D / 17.25平米 / 西 / 落地窗 ; 厨房 / 5.04平米 / 东 / 普通窗 ; 卫A / 3.03平米 / 无 / 无窗 ; 卫B / 3.02平米 / 无 / 无窗 ; 卫C / 4.96平米 / 东 / 普通窗 ; 阳台A / 5.67平米 / 西 北 南 / 普通窗 ; 阳台B / 1.27平米 / 西 北 南 / 普通窗 ; 过道 / 10.31平米 / 东 / 落地窗 ; 门厅 / 8.72平米 / 东 / 落地窗 ; 衣帽间 / 3.83平米 / 无 / 无窗,
低密度社区 二层复式，使用率130%，看湖景,"万科城一期 , 坂田",4室2厅,74.66平米,南 西,简装,低楼层(共2层),2005年,塔楼,490 万,65631 元,1,,,近地铁 | VR房源,https://sz.lianjia.com/ershoufang/105115630896.html,地铁 | VR房源,二层复式，使用率130%，满五年税费低，湖景房，视野难得,本小区是一个低密度的别墅区，环境优美、安静、舒适，出则繁华，入则宁静，适合一家老小居住，共享天伦之乐！,小区自带风情街，既有丹桂轩、肯德基、名典咖啡、可颂坊等大型连锁餐饮机构，也有湘菜、北方菜等菜系，百果园、理发店、便利店、艺术培训、学科培训等一应俱全。3公里范围还有坂田天虹商场、佳华领汇MAXCITY、天安云谷等大型商场，配套齐全，逛街购物方便,小区门口就是公交站台，双地铁口物业，10号线贝尔路站和华为站，交通便利,,,暂无数据,2023-12-17,商品房,普通住宅,暂无数据,非共有,有抵押,挂牌时间:2023-12-17 | 交易权属:商品房 | 上次交易:暂无数据 | 房屋用途:普通住宅 | 房屋年限:暂无数据 | 产权所属:非共有 | 抵押信息:有抵押 | 房本备件:未上传房本照片,客厅 / 23.1平米 / 东 / 普通窗 ; 餐厅 / 40.56平米 / 无 / 无窗 ; 卧室A / 6.99平米 / 无 / 无窗 ; 卧室B / 7.27平米 / 西 / 普通窗 ; 卧室C / 18.37平米 / 东 / 落地窗 ; 卫 / 3.48平米 / 无 / 无窗 ; 阳台A / 15.5平米 / 无 / 无窗 ; 阳台B / 1.01平米 / 北 东 南 / 普通窗 ; 过道 / 4.5平米 / 无 / 无窗,
新上银湖山旁大两房 满五年 红本在手 唯一 业主换房诚,"诺德中央道 , 坂田",2室1厅,70.14平米,南 北,精装,中楼层(共33层),2014年,塔楼,318 万,45338 元,3,,,近地铁 | VR房源 | 随时看房,https://sz.lianjia.com/ershoufang/105121680553.html,地铁 | VR房源 | 随时看房,中上楼层，满五年，红本在手，唯一 通风采光都很好,,楼下自带餐厅和便利店，能满足日常生活需求。坂田街道办200米，400米大族云峰商场，万科里购物广场680米，华润万家旭景佳园分店760米，坂田手造文化街1000米，650米处有银湖山郊野公园，还有钓鱼场，配套比较齐全。,"四通八达,小区邻布龙路坂雪岗大道两大动脉,南面1km上坂银南坪,通达福田南山方便；东面两个灯位上清平水官,通达罗湖盐田惠州；西北侧2km上G94,1h到宝安东莞广州；北达天安和华为。250米到5号线坂田地铁口,1站换10号线到福田口岸。小区南门就是..",此房税费低，只有契税，满五年红本在手唯一，价格可以谈，业主诚心卖,,暂无数据,2025-08-05,商品房,普通住宅,暂无数据,非共有,无抵押,挂牌时间:2025-08-05 | 交易权属:商品房 | 上次交易:暂无数据 | 房屋用途:普通住宅 | 房屋年限:暂无数据 | 产权所属:非共有 | 抵押信息:无抵押 | 房本备件:未上传房本照片,客厅 / 22.23平米 / 北 / 普通窗 ; 卧室A / 8.81平米 / 无 / 未知窗户类型 ; 卧室B / 9.69平米 / 无 / 未知窗户类型 ; 厨房 / 4.19平米 / 北 / 普通窗 ; 卫 / 3.7平米 / 东 / 普通窗 ; 阳台A / 4.33平米 / 西 北 / 普通窗 ; 阳台B / 1.77平米 / 北 / 普通窗,
满五唯一 厅出阳台 4+1房 带入户、储物间和大平台花园,"佳兆业城市广场五期 , 坂田",5室2厅,123.71平米,北,精装,低楼层(共43层),2019年,板楼,680 万,54968 元,2,,,近地铁 | VR看装修 | 房本满五年,https://sz.lianjia.com/ershoufang/105118643101.html,地铁 | VR看装修 | 房本满五年,满五唯一 厅出阳台 4+1房 带入户、储物间和大平台花园,小区规模：总共分为6期，每一期为单独的一个封闭的小院，由保安24值守。自带3个幼儿园，一期有露天游泳池，综合MALL，加270米酒店（六期项目），五期住宅，离10号线雪象地铁口165米，距离深圳大学坂田附属XUE校200米。,新社区，人车分流，24小时保安轮流值班，社区有自己的健身广场和花园，园林式社区。建面约壹佰捌拾万平米，依托高新技术产业园，佳兆业城市广场物业形态丰富，集住宅、酒店于一体。小区左边是天安云谷、华为总部基地，配套齐全，还有雪竹径公园，甘坑古镇,项目是靠着坂雪岗大道和坂澜大道，沿着坂雪岗大道可以去梅林关（去关内方向）、也可以转布龙路转南坪快速和水官高速，也可以从转贝尔路再转梅关高速，上坂澜大道可以去观澜也可以去平湖。地铁10号线两个地铁口，岗头站和雪象站。,,,2018-06-17,2024-10-20,商品房,普通住宅,满五年,非共有,有抵押 300万元,挂牌时间:2024-10-20 | 交易权属:商品房 | 上次交易:2018-06-17 | 房屋用途:普通住宅 | 房屋年限:满五年 | 产权所属:非共有 | 抵押信息:有抵押 300万元 | 房本备件:已上传房本照片,客厅 / 37.09平米 / 北 / 落地窗 ; 卧室A / 8.64平米 / 无 / 未知窗户类型 ; 卧室B / 8.46平米 / 无 / 未知窗户类型 ; 卧室C / 13.59平米 / 无 / 未知窗户类型 ; 卧室D / 7.53平米 / 南 / 落地窗 ; 卧室E / 6.14平米 / 东 / 普通窗 ; 厨房 / 7.66平米 / 东 / 普通窗 ; 卫A / 4.24平米 / 无 / 未知窗户类型 ; 卫B / 4.61平米 / 无 / 普通窗 ; 阳台A / 5.25平米 / 北 东 / 普通窗 ; 阳台B / 3.64平米 / 东 / 普通窗 ; 过道 / 4.83平米 / 无 / 无窗,
信义嘉御山，10号线坂田北，华为总部旁，坂田天虹,"信义嘉御山5期 , 坂田",4室2厅,88.72平米,西北,精装,高楼层(共39层),2016年,塔楼,595 万,67065 元,5,,,VR看装修,https://sz.lianjia.com/ershoufang/105119499992.html,VR看装修,房子满五年，主要视野开阔，实用率高，适合刚需上车群体,本小区人车分流，大社区大绿化。本房在泳池边上，小区中间位置，中间楼层视野景观很好，在家里就可以看到小区的花园和泳池，东南向采光好又安静，价格比其他楼栋贵一些，适合对房屋居住品质要求高的群体。,小区下面自带底层店铺，开发商自持，目前已全部进驻，包括中西式餐饮、教育培训、婴幼儿用品，便利店及坂田天虹旗舰店，生活方便，小区内有幼儿园，家门口尽享优质生活，小区南侧是MIX City7层楼综合商心街区，有百佳华chao市，海底捞，麦当劳，星巴克等品牌.,小区出来贝尔路可快速上G94梅关高速，坂雪岗大道上坂银通道直通福田南山。 地铁出行：10号线坂田北站，10号线5号线中转站五和站。 楼下有6-7个公交站去往福田，南山，罗湖，龙华，龙岗，宝安，都有很多选择，交通便捷！！,,,暂无数据,2025-01-16,商品房,普通住宅,暂无数据,非共有,有抵押 500万元 客户偿还,挂牌时间:2025-01-16 | 交易权属:商品房 | 上次交易:暂无数据 | 房屋用途:普通住宅 | 房屋年限:暂无数据 | 产权所属:非共有 | 抵押信息:有抵押 500万元 客户偿还 | 房本备件:未上传房本照片,客厅 / 27.49平米 / 无 / 未知窗户类型 ; 卧室01 / 13.4平米 / 无 / 未知窗户类型 ; 卧室02 / 9.42平米 / 北 / 普通窗 ; 卧室03 / 5.86平米 / 北 / 普通窗 ; 卧室04 / 7.35平米 / 北 / 普通窗 ; 厨房 / 3.89平米 / 北 / 普通窗 ; 卫01 / 4.33平米 / 无 / 未知窗户类型 ; 卫02 / 3.76平米 / 北 / 普通窗 ; 阳台01 / 5.94平米 / 北 / 普通窗 ; 阳台02 / 1.94平米 / 北 / 普通窗 ; 过道 / 3.12平米 / 无 / 无窗,
坂田地铁口｜轻奢高配次新房｜满五唯一｜双阳台泳景房,"德润荣君府 , 坂田",3室2厅,89.71平米,东南,精装,低楼层(共36层),2017年,板楼,600 万,66883 元,0,,,近地铁 | VR看装修 | 房本满五年,https://sz.lianjia.com/ershoufang/105121564619.html,地铁 | VR看装修 | 房本满五年,坂田A口 次新楼满五 豪装0甲醛 泳池观景 居家楼层,坂田地铁A口2018年交楼的次新品质社区，由7栋围合而成，闹中取静。小区内部配备大型中央泳池、精致花园及充足休闲设施，居住氛围浓厚。本房源位于小区中间位置，安静无噪音干扰，推窗见景，居住舒适度极高。马路对面即为万科里商业体，生活便利性无可挑剔,,"地铁无缝衔接： 出门即是地铁5号线坂田站A口，名副其实地铁上盖物业，通勤福田、罗湖、南山均极其便利。
路网四通八达： 驾车出门即上布龙路，可快速接驳坂银通道、南坪快速等城市主干道，约30分钟速达福田、罗湖中心区，通勤效率极高。",,,2015-12-08,2025-07-25,商品房,普通住宅,满五年,非共有,有抵押 170万元 农行 客户偿还,挂牌时间:2025-07-25 | 交易权属:商品房 | 上次交易:2015-12-08 | 房屋用途:普通住宅 | 房屋年限:满五年 | 产权所属:非共有 | 抵押信息:有抵押 170万元 农行 客户偿还 | 房本备件:已上传房本照片,客厅 / 24.85平米 / 南 / 普通窗 ; 卧室A / 8.51平米 / 无 / 未知窗户类型 ; 卧室B / 11.23平米 / 无 / 未知窗户类型 ; 卧室C / 9.5平米 / 无 / 未知窗户类型 ; 厨房 / 5.49平米 / 西 / 普通窗 ; 卫A / 4.1平米 / 无 / 普通窗 ; 卫B / 3.71平米 / 无 / 未知窗户类型 ; 阳台A / 2.43平米 / 西 / 普通窗 ; 阳台B / 4.33平米 / 南 / 普通窗 ; 过道 / 3.03平米 / 无 / 无窗,
信义嘉御山五期复式五房实用采光视野好生活便利,"信义嘉御山5期 , 坂田",5室1厅,100.21平米,东北,精装,中楼层(共39层),2016年,板塔结合,930 万,92806 元,0,,,近地铁 | VR房源,https://sz.lianjia.com/ershoufang/105121963242.html,地铁 | VR房源,此房格局好，实用面积大，楼层好，视野采光俱佳，业主诚心售。,信义嘉御山是坂田新的大社区的，小区一共有5期，坂田双地铁口的大盘，一期楼下有天虹商场，有星巴克，KFC，面点王，健身会所，SAP等配套成熟，还开了佳华商场MAX.CITY有海底捞，探鱼等餐饮名店 各大银行围绕小区、旁边有大企业华为.,,地铁出行：10号线坂田北站，10号线5号线中转站五和站。未来是五和交通枢纽，畅行深圳各地。 公交出行：里石排站，坂田市场站，坂田路口站，坂田路口北站等。1.东临五和大道接梅观，龙华，福田畅行。2.接坂银通道，畅通罗湖，福田。,,,暂无数据,2025-08-30,商品房,普通住宅,暂无数据,非共有,有抵押,挂牌时间:2025-08-30 | 交易权属:商品房 | 上次交易:暂无数据 | 房屋用途:普通住宅 | 房屋年限:暂无数据 | 产权所属:非共有 | 抵押信息:有抵押 | 房本备件:未上传房本照片,客厅 / 34.32平米 / 东 / 普通窗 ; 卧室A / 10.8平米 / 无 / 未知窗户类型 ; 卧室B / 13.02平米 / 北 / 普通窗 ; 卧室C / 10.71平米 / 无 / 未知窗户类型 ; 卧室D / 21.94平米 / 无 / 未知窗户类型 ; 卧室E / 7.32平米 / 无 / 未知窗户类型 ; 厨房 / 8.24平米 / 无 / 未知窗户类型 ; 卫A / 3.48平米 / 北 / 普通窗 ; 卫B / 3.67平米 / 无 / 未知窗户类型 ; 卫C / 8.13平米 / 北 / 普通窗 ; 阳台A / 6.5平米 / 北 东 / 普通窗 ; 阳台B / 1.74平米 / 西 北 东 / 普通窗 ; 过道 / 6.88平米 / 无 / 无窗 ; 衣帽间 / 12.26平米 / 无 / 无窗,
中式花园房，配套齐全，近地铁，顶楼大阳台,"万科第五园一期 , 坂田",4室2厅,105.43平米,南,简装,高楼层(共6层),2006年,塔楼,628 万,59566 元,9,,,VR房源 | 随时看房,https://sz.lianjia.com/ershoufang/105114510993.html,VR房源 | 随时看房,此房满五年 唯一 带60平的天台花园 换房诚心出售 明厨明卫,此房所在小区建于2008年，高层户型为75~89平方二至三房，110-115三至四房，叠加别墅136~150平四至五房，小区楼间距大，小区24小时有保安巡逻，安全舒适，带两层地下车库，车位充足！,五园南门和北门出行口都有一个华润万家，万科里的商圈（在万科第五园九期），生活配套设施完善，距离1200米8号仓可以大型购物，喝茶，看电影，还有坂田医院 一个南坑水库 一个钓鱼场所休闲场，两个登山口可以爬银湖山,轨道交通：地铁5号线坂田站A出口1公里，地铁10号线雅园站A1，规划中的21号线坂田南站 交通干线：500米坂银通道、南坪快速，布龙路、坂雪岗大道、五和大道、梅关高速、清平高速、水管高速、沈海高速等。 距五园幼儿园公交站200米（此数据来源于百度地图）。,,,暂无数据,2023-08-14,商品房,普通住宅,暂无数据,非共有,有抵押 400万元 客户偿还,挂牌时间:2023-08-14 | 交易权属:商品房 | 上次交易:暂无数据 | 房屋用途:普通住宅 | 房屋年限:暂无数据 | 产权所属:非共有 | 抵押信息:有抵押 400万元 客户偿还 | 房本备件:未上传房本照片,客厅 / 31.75平米 / 西南 东南 / 落地窗 ; 卧室A / 9.72平米 / 无 / 未知窗户类型 ; 卧室B / 7.24平米 / 西南 / 普通窗 ; 卧室C / 16.39平米 / 西南 / 落地窗 ; 卧室D / 18.16平米 / 西北 / 普通窗 ; 厨房 / 5.27平米 / 西北 / 普通窗 ; 卫生间A / 3.97平米 / 东北 / 普通窗 ; 卫生间B / 5.67平米 / 无 / 普通窗 ; 阳台A / 7.36平米 / 西南 西北 东南 / 落地窗 ; 阳台B / 4.22平米 / 西北 / 普通窗 ; 过道 / 2.91平米 / 无 / 无窗,
带大露台，小区入口不靠路出行便利，朝南看花园安静,"春华四季园一期 , 坂田",4室2厅,95.21平米,南 北,,低楼层(共11层),2006年,板楼,508 万,53356 元,6,,,VR看装修 | 房本满五年,https://sz.lianjia.com/ershoufang/105117237071.html,VR看装修 | 房本满五年,此房满五年唯一，带个大露台，朝南看花园安静通风阳光好。,这个小区很大，总共有43栋，小区成熟，楼下各类衣食住行都在小区得到解决，以及小孩子的各种兴趣班培训都很方便。小区车位充足，达到1:1.3，停车方便。出行到达五和地铁口步行即可到达。,,,,,2019-06-12,2024-06-08,商品房,普通住宅,满五年,非共有,有抵押,挂牌时间:2024-06-08 | 交易权属:商品房 | 上次交易:2019-06-12 | 房屋用途:普通住宅 | 房屋年限:满五年 | 产权所属:非共有 | 抵押信息:有抵押 | 房本备件:已上传房本照片,客厅 / 39.34平米 / 北 南 / 普通窗 ; 卧室A / 20.19平米 / 无 / 未知窗户类型 ; 卧室B / 8.36平米 / 南 / 普通窗 ; 卧室C / 9.68平米 / 北 / 普通窗 ; 厨房 / 4.48平米 / 无 / 普通窗 ; 卫A / 2.27平米 / 西 / 普通窗 ; 卫B / 4.33平米 / 北 / 普通窗 ; 阳台A / 6.74平米 / 东 南 / 普通窗 ; 阳台B / 9.01平米 / 西 南 / 普通窗 ; 阳台C / 17.64平米 / 北 / 普通窗,
新上龙岸花园 端头位别墅 三面采光 拓展面积大！,"龙岸花园一期 , 坂田",6室2厅,219.46平米,南 北,简装,2层,2010年,板塔结合,2520 万,114828 元,1,,,近地铁 | VR房源 | 房本满五年,https://sz.lianjia.com/ershoufang/105118066154.html,地铁 | VR房源 | 房本满五年,端头户型，带侧面大花园，上下4层，三面采光！,龙岸占地约100000㎡，总建筑面积约270000㎡，约180㎡的半山叠墅，约220㎡的半山联排双拼；不仅可以观赏到内部园林景观，还可以远望民治水库和塘朗山、银湖山等外部自然景观；二期园林因地制宜，规划成退台式的布局。,,龙岸花园位于雅园路和华南路交汇处，地铁10号线光雅园站200米，地理位置安静，小区被半山包围，两条高速，梅观高速和南平快速，民康路直达。小区门口是公交站台，数十条公交线路去深圳北站。,,,2011-09-07,2024-08-25,商品房,普通住宅,满五年,非共有,有抵押 金融公司垫资,挂牌时间:2024-08-25 | 交易权属:商品房 | 上次交易:2011-09-07 | 房屋用途:普通住宅 | 房屋年限:满五年 | 产权所属:非共有 | 抵押信息:有抵押 金融公司垫资 | 房本备件:已上传房本照片,客厅 / 36.02平米 / 南 / 普通窗 ; 餐厅 / 37.06平米 / 北 东 / 落地窗 ; 书房 / 20.38平米 / 东 南 / 落地窗 ; 卧室A / 15.36平米 / 南 / 普通窗 ; 多功能间A / 36.44平米 / 北 / 普通窗 ; 卧室B / 16.48平米 / 北 / 落地窗 ; 多功能间B / 36.44平米 / 无 / 无窗 ; 多功能间C / 35.47平米 / 西 北 南 / 落地窗 ; 厨房 / 7.03平米 / 东 / 普通窗 ; 卫A / 3.52平米 / 无 / 无窗 ; 卫B / 8.31平米 / 北 / 普通窗 ; 卫C / 3.34平米 / 东 / 普通窗 ; 阳台A / 15.52平米 / 东 南 / 普通窗 ; 阳台B / 12.65平米 / 东 南 / 普通窗 ; 阳台C / 1.43平米 / 西 北 东 / 普通窗 ; 阳台D / 5.3平米 / 无 / 无窗 ; 阳台E / 11.15平米 / 西 北 东 南 / 普通窗 ; 露台 / 26.76平米 / 西 北 东 / 普通窗 ; 储A / 4.56平米 / 无 / 无窗 ; 储B / 3.83平米 / 无 / 无窗 ; 过道 / 3.26平米 / 无 / 无窗 ; 楼梯间A / 21.05平米 / 东 / 普通窗 ; 楼梯间B / 9.5平米 / 无 / 无窗 ; 衣帽间 / 3.69平米 / 无 / 无窗,
星河银湖谷 4室1厅 西南,"星河银湖谷 , 坂田",4室1厅,88.02平米,西南,,高楼层(共48层),2016年,板塔结合,608 万,69076 元,0,,,近地铁 | VR房源,https://sz.lianjia.com/ershoufang/105121822179.html,地铁 | VR房源,,,,,,,暂无数据,2025-08-17,商品房,普通住宅,暂无数据,非共有,有抵押 金融公司垫资,挂牌时间:2025-08-17 | 交易权属:商品房 | 上次交易:暂无数据 | 房屋用途:普通住宅 | 房屋年限:暂无数据 | 产权所属:非共有 | 抵押信息:有抵押 金融公司垫资 | 房本备件:未上传房本照片,客厅 / 23.57平米 / 北 / 普通窗 ; 书房 / 5.46平米 / 北 / 落地窗 ; 卧室A / 8.08平米 / 北 / 落地窗 ; 卧室B / 18.72平米 / 北 / 落地窗 ; 卧室C / 9.59平米 / 北 / 落地窗 ; 厨房 / 5.25平米 / 无 / 无窗 ; 卫 / 4.56平米 / 北 / 普通窗 ; 阳台A / 5.41平米 / 北 / 普通窗 ; 过道 / 4.71平米 / 无 / 无窗,
高楼层视野佳，地铁口精装次新房，品质3房,"德润荣君府 , 坂田",3室2厅,88.96平米,南,精装,高楼层(共41层),2017年,板楼,550 万,61826 元,147,,,近地铁 | VR看装修 | 房本满五年,https://sz.lianjia.com/ershoufang/105104310553.html,地铁 | VR看装修 | 房本满五年,3房2卫户型方正使用率高 高楼层视野开阔 看银湖山景,德润荣君府由6栋，配有泳池，环形步道、阳光草地、儿童活动场、社区活动广场近2000平米奢华会所，奢华入户大堂、酒店级电梯、走廊.,"小区西面约500米是海达和成购物广场，南面约600米阳光湾畔商场，2公里内有8号仓 佳华商场 坂田天虹大型商场。星河COCOPARK,",项目北邻布龙路，东接坂雪岗大道，快速接驳五和大道、南坪快速，梅观高速、清平高速、水官高速等多条城市主干道坂银隧道可直达福田CBD、华强北商圈,,,2016-06-16,2020-05-10,商品房,普通住宅,满五年,非共有,有抵押 240万元 广东华兴银行 金融公司垫资,挂牌时间:2020-05-10 | 交易权属:商品房 | 上次交易:2016-06-16 | 房屋用途:普通住宅 | 房屋年限:满五年 | 产权所属:非共有 | 抵押信息:有抵押 240万元 广东华兴银行 金融公司垫资 | 房本备件:已上传房本照片,,
嘉霖华禧精装三房出售，理想家园的优质之选,"嘉霖华禧 , 坂田",3室2厅,77.08平米,南,,低楼层(共15层),2017年,塔楼,350 万,45408 元,2,,,近地铁 | VR看装修,https://sz.lianjia.com/ershoufang/105119455349.html,地铁 | VR看装修,满五唯一，税费少，房子格局方正，实用率高,小区绿化好，高于同区域多数小区。内部种植了各种树木、花卉和草坪，绿树成荫，花草繁盛，营造出宁静祥和的氛围，还设置了园林小径、休闲广场等，为居民提供了散步、休闲的好去处。,,交通：2公里内有4个地铁站，如10号线的雪象站、华为站等；70个公交站，出行便利。,,,暂无数据,2025-01-10,商品房,普通住宅,暂无数据,非共有,有抵押,挂牌时间:2025-01-10 | 交易权属:商品房 | 上次交易:暂无数据 | 房屋用途:普通住宅 | 房屋年限:暂无数据 | 产权所属:非共有 | 抵押信息:有抵押 | 房本备件:未上传房本照片,客厅 / 20.27平米 / 南 / 普通窗 ; 卧室A / 4.7平米 / 东 / 普通窗 ; 卧室B / 9.38平米 / 无 / 未知窗户类型 ; 卧室C / 7.94平米 / 无 / 未知窗户类型 ; 厨房 / 6.7平米 / 北 东 / 普通窗 ; 卫 / 4.57平米 / 北 / 落地窗 ; 阳台 / 4.79平米 / 南 / 普通窗 ; 过道 / 3.02平米 / 无 / 无窗,
装修新保养好 南向中间楼层视野好 使用率高,"佳兆业城市广场五期 , 坂田",4室2厅,89.71平米,南,精装,中楼层(共43层),2019年,板楼,460 万,51277 元,1,,,近地铁 | VR看装修,https://sz.lianjia.com/ershoufang/105119797394.html,地铁 | VR看装修,装修新保养好 南向中间楼层视野好 使用率高,,新社区，人车分流，24小时保安轮流值班，社区有自己的健身广场和花园，园林式社区。依托高新技术产业园，佳兆业城市广场物业形态丰富，集住宅、酒店于一体。隔壁就是天安云谷、华为总部。,项目是挨着坂雪岗大道和坂澜大道，沿着坂雪岗大道可以去梅林关（去关内方向）、也可以转布龙路转南坪快速和水官高速，也可以从转贝尔路再转梅关高速，上坂澜大道可以去观澜也可以去平湖。交通很方便。高速交通：梅观高速、清平高速、坂雪岗大道、南坪快速！,,,暂无数据,2025-02-23,商品房,普通住宅,暂无数据,共有,有抵押 80万元,挂牌时间:2025-02-23 | 交易权属:商品房 | 上次交易:暂无数据 | 房屋用途:普通住宅 | 房屋年限:暂无数据 | 产权所属:共有 | 抵押信息:有抵押 80万元 | 房本备件:未上传房本照片,客厅 / 19.29平米 / 南 / 普通窗 ; 卧室A / 9.62平米 / 无 / 未知窗户类型 ; 卧室B / 11.34平米 / 无 / 未知窗户类型 ; 卧室C / 10.38平米 / 东 / 普通窗 ; 卧室D / 6.13平米 / 无 / 落地窗 ; 厨房 / 8.75平米 / 东 / 落地窗 ; 卫A / 3.2平米 / 东 / 普通窗 ; 卫B / 3.11平米 / 无 / 落地窗 ; 阳台A / 4.69平米 / 东 南 / 普通窗 ; 阳台B / 6.49平米 / 东 / 落地窗 ; 过道 / 4.92平米 / 无 / 无窗,
民治低密墅区龙岸君粼三期高层住宅,"龙岸君粼 , 坂田",4室2厅,118平米,南,精装,32层,,板塔结合,880 万,74577 元,3,,,近地铁 | VR看装修 | 随时看房,https://sz.lianjia.com/ershoufang/105121261754.html,地铁 | VR看装修 | 随时看房,实用面积高，容积仅1.99，350米间楼距，绿化达60%,实用面积高，容积仅1.99，350米间楼距，绿化达60%，且总高只有32层洋房8层，小内区湖占地十万的大社区，8000元精装现全系国品际牌家电及央中空调无法复产制品,,位于深圳，中正心及圳深中轴线上，30分，通钟达全市各区，地铁两个站福到田，距市离民中，心仅8公里，开无车需等待红绿灯，仅需10分，钟。,,,暂无数据,2025-06-29,商品房,普通住宅,暂无数据,非共有,无抵押,挂牌时间:2025-06-29 | 交易权属:商品房 | 上次交易:暂无数据 | 房屋用途:普通住宅 | 房屋年限:暂无数据 | 产权所属:非共有 | 抵押信息:无抵押 | 房本备件:未上传房本照片,,
地铁口物业和公园对望，刚需正好,"高发悦驰苑 , 坂田",4室2厅,76平米,南,精装,低楼层(共6层),2015年,板楼,350 万,46053 元,0,,,近地铁 | VR看装修,https://sz.lianjia.com/ershoufang/105121075664.html,地铁 | VR看装修,地铁口四房物业和公园对望刚需正好,小区2015年建设的次新小区，总层高6楼，有电梯。 小区不大，一共两栋,,小区距离地铁10号线雪象站400米左右，位于坂澜大道上，往南去梅林关（去关内方向）、也可以转布龙路转南坪快速和水官高速，也可以从转贝尔路再转梅关高速，上坂澜大道可以去观澜也可以去平湖。高速交通：梅观高速、清平高速、坂雪岗大道、南坪快速,,,暂无数据,2025-06-13,商品房,普通住宅,暂无数据,非共有,有抵押 银行,挂牌时间:2025-06-13 | 交易权属:商品房 | 上次交易:暂无数据 | 房屋用途:普通住宅 | 房屋年限:暂无数据 | 产权所属:非共有 | 抵押信息:有抵押 银行 | 房本备件:未上传房本照片,,
万科金色半山花园3房2厅阳台朝南看花园业主诚意出售,"万科金色半山 , 坂田",3室2厅,89.05平米,南,精装,20层,2011年,板楼,528 万,59293 元,0,,12天以前发布,VR房源 | 随时看房,https://sz.lianjia.com/ershoufang/105122247940.html,VR房源 | 随时看房,户型方正，正南看花园，中高楼层，花园中间位置，业主诚心出售,万科金色半山是项目是西班牙建筑风格，是万科历经万科城、兰乔圣菲、清林径之后的西班牙风格力作。植物分布众多， 户型方正，楼间距宽，可享受约14000平 古埃尔公园 的庭院景观及泳池景观，万科物业有保障,,（参靠高德地图）地铁5号线杨美站C出口1400米，西至前海湾东至黄贝岭。门口M572路可直达终点深圳北站或步行700米至宏扬公交站也有多条公交路线可达深圳各区域。无缝衔接直上布龙路、清平、南坪、水官，规划中坂银隧道建成通车后可实现10公里至福田北环大道。,,,暂无数据,2025-09-25,商品房,普通住宅,暂无数据,非共有,有抵押 银行,挂牌时间:2025-09-25 | 交易权属:商品房 | 上次交易:暂无数据 | 房屋用途:普通住宅 | 房屋年限:暂无数据 | 产权所属:非共有 | 抵押信息:有抵押 银行 | 房本备件:未上传房本照片,,
三期精装修两房，位置安静，采光好，户型方正！,"万科四季花城三期 , 坂田",2室2厅,72.32平米,西,简装,中楼层(共7层),2001年,板楼,348 万,48120 元,11,,,近地铁 | VR看装修 | 随时看房,https://sz.lianjia.com/ershoufang/105113675390.html,地铁 | VR看装修 | 随时看房,此房红本满五年不唯一，中间楼层，位置安静户型方正！,小区由万科地产集团开发，一共有36个独立苑，共分七期开发，花园式小区，绿化植被很多，带露天游泳池和健身会所及相应运动器械供住户健身，社区运动氛围棒；万科物业24小时严格管控，夜间有保安巡逻，外人基本无法随意出入，人车分流，充分保护行人安全。,小区内有博雅幼儿园、海丽达幼儿园等，商场类有华润万家，五和购物广场、海达和成购物广场、坂田民营市场等。医疗类有深圳坂田医院、龙华人民医院、布吉医院花城社康医院（小区内）；银行为招商银行、中国银行、民生银行自助机及平安银行等，各式卖菜.,小区东门距离地铁5号线和10号线50米，地铁连接的站点有深圳北站、布吉、太安、黄贝岭、宝安、前海湾（以上都为地铁中转站）交通发达，有布龙路、梅观高速、机荷高速、南坪快速等，乘坐公交或驾车出行到福田、罗湖、南山等地较方便,,,暂无数据,2023-05-14,商品房,普通住宅,暂无数据,非共有,无抵押,挂牌时间:2023-05-14 | 交易权属:商品房 | 上次交易:暂无数据 | 房屋用途:普通住宅 | 房屋年限:暂无数据 | 产权所属:非共有 | 抵押信息:无抵押 | 房本备件:未上传房本照片,客厅 / 27.68平米 / 西 / 普通窗 ; 卧室A / 11.71平米 / 东 / 普通窗 ; 卧室B / 9.43平米 / 无 / 未知窗户类型 ; 厨房 / 3.94平米 / 北 / 普通窗 ; 卫生间 / 3.69平米 / 西 / 普通窗 ; 阳台A / 3.69平米 / 西 北 南 / 普通窗 ; 阳台B / 2.48平米 / 北 东 南 / 普通窗,
万科大社区，朝南俯瞰整个第五园别墅区，视野采光好,"万科第五园三期 , 坂田",2室1厅,82平米,南,,高楼层(共15层),2007年,塔楼,478 万,58293 元,1,,,近地铁 | VR看装修,https://sz.lianjia.com/ershoufang/105120256388.html,地铁 | VR看装修,大露台两房，安静宜居，业主诚售，看房方便,万科第五园三期为徽派建筑元素和晋派建筑元素风格，将传统与现代、中式与西式很好地嫁接和结合，在清砖的步行道行走，穿过密集的青竹林小路，清风拂面，令人心旷神怡；小区共三栋高层分九个单元，其余皆为叠院及别墅，密度较低，带泳池。万科物业管理好,小区近银湖山及正坑水库，周末散心好去处；生活方便，带有2个华润chao市（五期和一期）、万科里商场（九期），小区2公里范围内有湾畔mall商场、奥特莱斯8号仓、星河Cocopark、坂田天虹、佳华购物广场等，还有个手造文化街可闲暇时间去闲逛,距离地铁5号线坂田站步行距离1.3公里，地铁10号线光雅园站约700米，坂银通道已通车，去罗湖福田很方便。交通干线：布龙路、坂雪岗大道、五和大道、梅关高速、南坪快速、清平高速、水管高速、沈海高速等。距五园幼儿园公交站200米（此数据来源于百度地图）,,,暂无数据,2025-04-01,商品房,普通住宅,暂无数据,非共有,有抵押,挂牌时间:2025-04-01 | 交易权属:商品房 | 上次交易:暂无数据 | 房屋用途:普通住宅 | 房屋年限:暂无数据 | 产权所属:非共有 | 抵押信息:有抵押 | 房本备件:未上传房本照片,客厅 / 30.9平米 / 南 / 落地窗 ; 卧室A / 11.87平米 / 南 / 落地窗 ; 卧室B / 8.75平米 / 无 / 未知窗户类型 ; 厨房 / 5.1平米 / 南 / 普通窗 ; 卫生间 / 3.55平米 / 东 / 普通窗 ; 阳台A / 1.84平米 / 南 / 普通窗 ; 阳台B / 13.28平米 / 南 / 落地窗,
五和双地铁口 电梯高楼层精装4房2卫  诚心出售,"和成世纪名园 , 坂田",4室2厅,90.14平米,南 北,精装,高楼层(共29层),2014年,板楼,540 万,59907 元,3,,,近地铁 | VR看装修,https://sz.lianjia.com/ershoufang/105119943191.html,地铁 | VR看装修,此房税费少，南北通透 户型方正采光好，配套齐全，交通方便。,1 和成世纪名园位于五和大道和布龙路交汇处东南角，五和地铁口B出口，项目由深圳市金安业房地产开发有限公司打造的现代化都市综合体项目。小区有3栋高层和1栋写字楼，写字楼和住宅分开管理，小区停车位充足，有3层地下停.,和成世纪自己带三层的购物广场，电影院等，1公里有坂田万致天地，天虹，佳华领汇，8号仓大型的购物广场，2公里内有银湖山效野公园,地铁：5号线五和站，10号线五和，在建的深大城际（33号线）26年开通，高速：清平高速--直通清水河，龙景立交转清平高速至布龙路；南平快速：直通福田，南山（均免费）坂银隧道：将坂田与银湖山之间建设坂银隧道,,,暂无数据,2025-03-06,商品房,普通住宅,暂无数据,非共有,有抵押 360万元 浙商银行 客户偿还,挂牌时间:2025-03-06 | 交易权属:商品房 | 上次交易:暂无数据 | 房屋用途:普通住宅 | 房屋年限:暂无数据 | 产权所属:非共有 | 抵押信息:有抵押 360万元 浙商银行 客户偿还 | 房本备件:未上传房本照片,客厅 / 22.51平米 / 无 / 未知窗户类型 ; 卧室A / 9.33平米 / 南 / 落地窗 ; 卧室B / 8.45平米 / 南 / 普通窗 ; 卧室C / 13.17平米 / 无 / 未知窗户类型 ; 卧室D / 5.66平米 / 北 / 落地窗 ; 厨房 / 4.41平米 / 北 / 普通窗 ; 卫A / 4.79平米 / 无 / 未知窗户类型 ; 卫B / 3.43平米 / 北 / 落地窗 ; 阳台 / 7.49平米 / 南 / 普通窗 ; 过道 / 2.56平米 / 无 / 无窗 ; 门厅 / 3.85平米 / 无 / 无窗,
满五年唯一，装修好，中间楼层，采光好。,"嘉霖华禧 , 坂田",5室2厅,120平米,南 北,,高楼层(共33层),2017年,塔楼,730 万,60834 元,1,,,近地铁 | VR看装修,https://sz.lianjia.com/ershoufang/105118554585.html,地铁 | VR看装修,满五年唯一，中间楼层，无遮挡，视野好。,嘉霖华禧小区楼龄比较新，17年交房的小区，项目是嘉霖集团继大鹏PURE33璞岸、龙岗珑禧、坪山大万文化广场后推出的又一城市标杆力作。小区总共6栋，项目产品包含37-65平米1-3房70年产权平层、复式产品及74-119㎡ 品质3-5房品质住宅，均为片区主流户型。,新社区，人车分流，24小时保安轮流值班，社区有自己的健身广场和花园，园林式社区。依托高新技术产业园，佳兆业城市广场物业形态丰富，集、酒店于一体。小区左边是天安云谷、华为总部基地，配套齐全,项目是靠着坂雪岗大道和坂澜大道，沿着坂雪岗大道可以去梅林关（去关内方向）、也可以转布龙路转南坪快速和水官高速，也可以从转贝尔路再转梅关高速，上坂澜大道可以去观澜也可以去平湖。地铁10号,,,暂无数据,2024-10-11,商品房,普通住宅,暂无数据,非共有,有抵押,挂牌时间:2024-10-11 | 交易权属:商品房 | 上次交易:暂无数据 | 房屋用途:普通住宅 | 房屋年限:暂无数据 | 产权所属:非共有 | 抵押信息:有抵押 | 房本备件:未上传房本照片,客厅 / 27.81平米 / 北 南 / 落地窗 ; 卧室A / 9.57平米 / 无 / 未知窗户类型 ; 卧室B / 10.23平米 / 无 / 未知窗户类型 ; 卧室C / 14.66平米 / 无 / 未知窗户类型 ; 卧室D / 8.75平米 / 无 / 未知窗户类型 ; 厨房 / 4.52平米 / 北 南 / 落地窗 ; 卫A / 6.58平米 / 无 / 未知窗户类型 ; 卫B / 4.71平米 / 无 / 未知窗户类型 ; 阳台A / 5.65平米 / 西 北 东 / 普通窗 ; 阳台B / 2.53平米 / 西 南 / 普通窗 ; 入户花园 / 10.74平米 / 北 / 落地窗 ; 过道 / 4.13平米 / 无 / 无窗,
满五唯一  新装修四房带入户 电梯高层 景观视野开阔,"佳兆业中央广场一期 , 坂田",4室2厅,117.69平米,南 北,精装,高楼层(共48层),2013年,塔楼,685 万,58204 元,1,,,近地铁 | VR看装修,https://sz.lianjia.com/ershoufang/105119468731.html,地铁 | VR看装修,满五唯一  新装修四房带入户 电梯高层 景观视野开阔,总共分为6期，大型社区，3个幼儿园：大型综合MALL，加270米酒店（六期项目），一期位置安静。离地铁商场最近，近天安云谷，步行即可，环境好，合适居家,新社区，人车分流，24小时保安轮流值班，社区有自己的健身广场和花园，园林式社区。依托高新技术产业园，佳兆业城市广场物业形态丰富，集住宅、酒店于一体。小区左边是天安云谷、华为总部基地，配套齐全,项目是靠着坂雪岗大道和坂澜大道，沿着坂雪岗大道可以去梅林关（去关内方向）、也可以转布龙路转南坪快速和水官高速，也可以从转贝尔路再转梅关高速，上坂澜大道可以去观澜也可以去平湖。地铁10号线两个地铁口，岗头站和雪象站,此房是满五年 家庭唯一  没有增值税，也没有个税，只有1%的契税...,,暂无数据,2025-01-12,商品房,普通住宅,暂无数据,非共有,有抵押,挂牌时间:2025-01-12 | 交易权属:商品房 | 上次交易:暂无数据 | 房屋用途:普通住宅 | 房屋年限:暂无数据 | 产权所属:非共有 | 抵押信息:有抵押 | 房本备件:未上传房本照片,客厅 / 25.75平米 / 北 南 / 落地窗 ; 卧室A / 10.47平米 / 无 / 未知窗户类型 ; 卧室B / 17.43平米 / 无 / 未知窗户类型 ; 卧室C / 11.39平米 / 无 / 未知窗户类型 ; 卧室D / 8.12平米 / 北 / 普通窗 ; 厨房 / 4.56平米 / 东 / 普通窗 ; 卫A / 4.88平米 / 无 / 未知窗户类型 ; 卫B / 4.23平米 / 无 / 未知窗户类型 ; 阳台A / 2.39平米 / 南 / 普通窗 ; 阳台B / 6.17平米 / 西 北 东 / 普通窗 ; 过道 / 7.03平米 / 无 / 无窗 ; 门厅 / 9.36平米 / 北 / 落地窗,
双地铁口户型方正采光好，房间布置德体,"金洲嘉丽园 , 坂田",2室1厅,65.72平米,东北,,7层,2004年,板楼,272 万,41388 元,5,,,近地铁 | VR看装修,https://sz.lianjia.com/ershoufang/105119687326.html,地铁 | VR看装修,此房三楼适合老人小孩居住房子保养的很好,金洲嘉丽园楼盘位于深圳龙岗区坂田北路与华台路交汇处，占地面积2. 九万 余平方米，建筑面积4. 八万平方米，12栋低密度多层住宅组成。,商场国惠康大新百货，扬马综合市场，国惠康商场，医院坂田，中国银行建设银行；农业银，泳池会，所阅览室棋牌室羽毛球场洗衣店网球场篮球场,小区边是坂雪岗大道上；门口就是多路通往关内的公交，出行是方便。地铁坂田站5号线10号线,,,暂无数据,2025-02-15,商品房,普通住宅,暂无数据,非共有,有抵押 140万元 招商银行 客户偿还,挂牌时间:2025-02-15 | 交易权属:商品房 | 上次交易:暂无数据 | 房屋用途:普通住宅 | 房屋年限:暂无数据 | 产权所属:非共有 | 抵押信息:有抵押 140万元 招商银行 客户偿还 | 房本备件:未上传房本照片,客厅 / 23.25平米 / 北 / 普通窗 ; 卧室A / 10.09平米 / 北 / 落地飘窗 ; 卧室B / 9.38平米 / 西 / 落地飘窗 ; 厨房 / 4.23平米 / 东 / 普通窗 ; 卫 / 3.29平米 / 西 / 普通窗 ; 阳台 / 4.86平米 / 西 北 东 / 普通窗,
地铁口南北通精装2房 满5红本,"星光之约 , 坂田",2室2厅,74.53平米,南 北,精装,低楼层(共10层),2003年,板楼,350 万,46961 元,1,,,近地铁 | VR看装修,https://sz.lianjia.com/ershoufang/105119115425.html,地铁 | VR看装修,此房满五红本，地铁口南北通精装2房，安静舒适,星光之约花园位于坂田于龙华民治交界处，10号线雅宝站地鉄口，近梅林关。小区1998年批，2004年入住，小区有6栋住宅楼，1-3栋为楼梯，4-6栋为电梯，全部是小高层建筑，主要是两房--四房户型，小区四周不临路，菲常安静，内部有篮球场、游泳池、休闲广场等,小区门口有一些商铺，有钱大妈，卖早餐的及一些零售店。小区距离星河WORLD cocopark商场（8萬㎡）步行约600米；距离8号仓奥特莱斯商场步行约1.7公里；距离南坑农贸市场步行约1公里；小区距离雅宝山体公园步行约1.2公里,星光之约花园交通便利，10号线地铁口200米左右，配套齐全，小区位置安静，适合居家。,,,暂无数据,2024-12-05,商品房,普通住宅,暂无数据,非共有,无抵押,挂牌时间:2024-12-05 | 交易权属:商品房 | 上次交易:暂无数据 | 房屋用途:普通住宅 | 房屋年限:暂无数据 | 产权所属:非共有 | 抵押信息:无抵押 | 房本备件:未上传房本照片,客厅 / 24.91平米 / 北 南 / 落地窗 ; 卧室A / 8.59平米 / 无 / 未知窗户类型 ; 卧室B / 11.63平米 / 无 / 未知窗户类型 ; 厨房 / 5.22平米 / 南 / 落地窗 ; 卫 / 3.57平米 / 东 / 普通窗 ; 阳台 / 5.79平米 / 西 东 南 / 落地窗,
金洲嘉丽园 2室1厅 南 北,"金洲嘉丽园 , 坂田",2室1厅,72.05平米,南 北,精装,7层,2004年,板楼,280 万,38862 元,0,,25天以前发布,近地铁 | VR房源 | 房本满五年,https://sz.lianjia.com/ershoufang/105122116530.html,地铁 | VR房源 | 房本满五年,,,,,,,2009-05-18,2025-09-13,商品房,普通住宅,满五年,共有,有抵押 210万元 建行,挂牌时间:2025-09-13 | 交易权属:商品房 | 上次交易:2009-05-18 | 房屋用途:普通住宅 | 房屋年限:满五年 | 产权所属:共有 | 抵押信息:有抵押 210万元 建行 | 房本备件:已上传房本照片,客厅 / 27.12平米 / 北 南 / 普通窗 ; 卧室A / 10.4平米 / 北 / 落地飘窗 ; 卧室B / 8.55平米 / 南 / 落地飘窗 ; 厨房 / 4.66平米 / 无 / 普通窗 ; 卫 / 3.22平米 / 南 / 普通窗 ; 阳台A / 2.55平米 / 北 / 普通窗 ; 阳台B / 5.11平米 / 东 南 / 普通窗,
南向四房，安静看花园，业主诚心卖,"佳华领汇广场 , 坂田",4室2厅,89.98平米,南,精装,低楼层(共32层),2016年,塔楼,510 万,56680 元,3,,,近地铁 | VR看装修 | 房本满五年,https://sz.lianjia.com/ershoufang/105119257098.html,地铁 | VR看装修 | 房本满五年,满五唯一 ，诚心卖                                        ..,佳华领汇一期是住宅，二期是6层的商场综合体，隔路相望是天虹商场坂田店，吃喝玩乐一应俱全,,地铁现有10号线和5号线已开通，10号线坂田北站A 出口320米，10+5交汇的五和D出口860米，走路都可以到达。 开车到G94很方便，可转南坪快速往宝安CBD和南山,,,2015-11-25,2024-12-20,商品房,普通住宅,满五年,非共有,有抵押 200万元,挂牌时间:2024-12-20 | 交易权属:商品房 | 上次交易:2015-11-25 | 房屋用途:普通住宅 | 房屋年限:满五年 | 产权所属:非共有 | 抵押信息:有抵押 200万元 | 房本备件:已上传房本照片,客厅 / 26.92平米 / 西南 / 普通窗 ; 卧室A / 12.86平米 / 无 / 未知窗户类型 ; 卧室B / 7.54平米 / 无 / 未知窗户类型 ; 卧室C / 4.55平米 / 东南 / 落地窗 ; 卧室D / 7.55平米 / 无 / 未知窗户类型 ; 厨房 / 6.12平米 / 无 / 落地窗 ; 卫A / 3.59平米 / 东南 / 落地窗 ; 卫B / 3.41平米 / 西北 / 普通窗 ; 阳台A / 4.94平米 / 西南 西北 / 普通窗 ; 阳台B / 2.4平米 / 西南 / 落地窗,
新上122平大4房  中高楼层景观好,"佳兆业中央广场三期 , 坂田",4室2厅,122.32平米,东南 西北,精装,46层,2016年,塔楼,728 万,59517 元,0,,,近地铁 | VR房源,https://sz.lianjia.com/ershoufang/105122037449.html,地铁 | VR房源,满五，中高楼层阳台看花园位置安静 ，自住装修保养好,小区规划大型雪象体育公园，三十万商 业综合MALL，270米层高五星国际酒店，百度测量1公 里范围内雪象医院、肖传国医院，地铁10号线雪象、岗头双地铁口，坂银隧道去福田南山交通便捷。,,地铁十号线雪象站A出口200米，沿着坂雪岗大道可以去梅林关（去关内方向）、也可以转布龙路转南坪快速和水官高速，也可以从转贝尔路再转梅关高速，上坂澜大道可以去观澜也可以去平湖。交通很方便。高速交通：梅观高速、清平高速、坂雪岗大道、南坪快速。,,,暂无数据,2025-09-06,商品房,普通住宅,暂无数据,非共有,无抵押,挂牌时间:2025-09-06 | 交易权属:商品房 | 上次交易:暂无数据 | 房屋用途:普通住宅 | 房屋年限:暂无数据 | 产权所属:非共有 | 抵押信息:无抵押 | 房本备件:未上传房本照片,客厅 / 43.59平米 / 西北 / 落地窗 ; 卧室A / 10.24平米 / 西北 / 普通窗 ; 卧室B / 11.28平米 / 无 / 未知窗户类型 ; 卧室C / 16.13平米 / 无 / 未知窗户类型 ; 卧室D / 8.47平米 / 无 / 普通窗 ; 厨房 / 7.49平米 / 东北 / 普通窗 ; 卫A / 4.52平米 / 西北 / 普通窗 ; 卫B / 3.51平米 / 无 / 未知窗户类型 ; 阳台A / 5.53平米 / 西南 西北 / 普通窗 ; 阳台B / 2.79平米 / 东北 / 普通窗 ; 过道 / 6.95平米 / 无 / 无窗,
嘉霖华禧 2室2厅 南,"嘉霖华禧 , 坂田",2室2厅,63平米,南,,高楼层(共7层),2017年,塔楼,199 万,31588 元,0,,,近地铁 | VR房源,https://sz.lianjia.com/ershoufang/105121141631.html,地铁 | VR房源,,,,,,,暂无数据,2025-06-19,商品房,商务公寓,暂无数据,非共有,有抵押 120万元 客户偿还,挂牌时间:2025-06-19 | 交易权属:商品房 | 上次交易:暂无数据 | 房屋用途:商务公寓 | 房屋年限:暂无数据 | 产权所属:非共有 | 抵押信息:有抵押 120万元 客户偿还 | 房本备件:未上传房本照片,,
三阳台 南向三房两卫 楼层佳 厅出阳台 采光好,"佳兆业中央广场三期 , 坂田",3室2厅,89平米,南,精装,46层,2016年,塔楼,480 万,53933 元,0,,,近地铁 | VR看装修,https://sz.lianjia.com/ershoufang/105121452827.html,地铁 | VR看装修,三阳台 南向三房两卫 楼层佳 厅出阳台 采光好,小区规模：总共分为6期的大盘，总占地约，项目总建面约18。3个幼儿园：综合MALL，加270米酒店（六期项目），地铁10号线双地铁口物业,新社区，人车分流，车位充足，24小时保安轮流值班，社区有自己的健身广场和花园，园林式社区。依托高新技术产业园，佳兆业城市广场物业形态丰富，集住宅、酒店于一体。隔壁就是天安云谷、华为总部旁,项目位于坂雪岗大道和坂澜大道处，沿着坂雪岗大道可以去梅林关（去关内方向）、也可以转布龙路转南坪快速和水官高速，也可以从转贝尔路再转梅关高速，上坂澜大道可以去观澜也可以去平湖。高速交通：梅观高速、清平高速、坂雪岗大道、南坪快速，地铁10号线,,,暂无数据,2025-07-15,商品房,普通住宅,暂无数据,非共有,有抵押 业主自还,挂牌时间:2025-07-15 | 交易权属:商品房 | 上次交易:暂无数据 | 房屋用途:普通住宅 | 房屋年限:暂无数据 | 产权所属:非共有 | 抵押信息:有抵押 业主自还 | 房本备件:未上传房本照片,,
坂田地铁口 精装东南四房 高楼层视野好,"华晖瑞禧 , 坂田",4室2厅,103.9平米,东南,,中楼层(共32层),2020年,塔楼,580 万,55823 元,1,,,近地铁 | VR房源,https://sz.lianjia.com/ershoufang/105118424180.html,地铁 | VR房源,此房开发商统一精装 户型方正实用 生活配套成熟 交通便利,2021年次新小区，小区位于银湖山1公里处，距鸡公山隧道1.5公里，方便到达罗湖，福田，南山。自带幼儿园，充足停车位，楼下买生活所需也方便。,项目自带一所 9 班约 3000 ㎡幼儿园，同时在项目西北约 500 米处有一所 9 年一贯制的公立——坂田实验（30 班小、15 班中）。另外，项目南面为规划教育用地，3 公里范围内还有一所全国唯一的科学高中。,两横四纵”成熟交通路网体系（两横：布龙路、南坪快速；四纵：五和大道、坂雪岗大道、梅观高速、清平高速）；邻近地铁5号线坂田站； 地处鸡公山通道首排，约一刻钟直达福田区，建立起快速通达全城的半小时生活圈。,,,暂无数据,2024-09-27,商品房,普通住宅,暂无数据,非共有,有抵押,挂牌时间:2024-09-27 | 交易权属:商品房 | 上次交易:暂无数据 | 房屋用途:普通住宅 | 房屋年限:暂无数据 | 产权所属:非共有 | 抵押信息:有抵押 | 房本备件:未上传房本照片,客厅 / 23.88平米 / 东南 / 普通窗 ; 卧室A / 7.77平米 / 西北 / 落地窗 ; 卧室B / 6.56平米 / 无 / 未知窗户类型 ; 卧室C / 7.93平米 / 无 / 未知窗户类型 ; 卧室D / 9.77平米 / 东南 / 落地窗 ; 厨房 / 4.62平米 / 东南 / 普通窗 ; 卫A / 4.18平米 / 西北 / 普通窗 ; 卫B / 4.7平米 / 无 / 未知窗户类型 ; 阳台 / 4.56平米 / 东南 / 普通窗 ; 门厅 / 3.19平米 / 无 / 无窗 ; 衣帽间 / 3.53平米 / 无 / 无窗,
朝南精装房 地铁10号线物业 业主诚心出售,"佳兆业城市广场五期 , 坂田",2室1厅,47.75平米,南,简装,低楼层(共39层),2019年,塔楼,125 万,26179 元,3,,,近地铁,https://sz.lianjia.com/ershoufang/105114193531.html,地铁,朝南精装房上下两层复式， 地铁10号线物业  业主诚心出售,,,地铁10号线双地铁口物业岗头B出口，还有雪象A出口，距离小区200米左右，门口公交站去往福田 龙华交通便利,,,暂无数据,2023-07-08,商品房,商业办公类,暂无数据,非共有,有抵押 有抵押,挂牌时间:2023-07-08 | 交易权属:商品房 | 上次交易:暂无数据 | 房屋用途:商业办公类 | 房屋年限:暂无数据 | 产权所属:非共有 | 抵押信息:有抵押 有抵押 | 房本备件:未上传房本照片,客厅 / 22.5平米 / 南 / 落地窗 ; 卧室A / 7.08平米 / 无 / 无窗 ; 卧室B / 7.34平米 / 无 / 无窗 ; 卫 / 3.72平米 / 无 / 无窗 ; 过道 / 4.7平米 / 无 / 无窗,
地铁10号线华为站旁  复式两房  自带商圈,"华创云轩 , 坂田",2室1厅,29.61平米,北,精装,20层,2018年,塔楼,103 万,34786 元,0,,25天以前发布,近地铁 | 随时看房,https://sz.lianjia.com/ershoufang/105122110717.html,地铁 | 随时看房,"复式使用率高,地铁口华为旁,易出租,通燃气",华创云轩占地面积：12553平方米 共2栋，其中A栋20层，B栋21层 小区有地下停车场车位充足，有四层商场，4楼为空中花园,,近华为基地，区域交通纵横交错十分便利，纵向有：梅观高速、清坪高速，坂雪岗大道，五和大道，横向布龙路，有南坪快速、等陆路交通通达全城。地铁有：5号线和10号线，其中华为站距离小区约20m（数据来自百度地图）,房子属于商办公性质业主割爱因为低于原购买价出售只有3个点契税和卖新房一样税费成本值得入手,,暂无数据,2025-09-12,商品房,商业办公类,暂无数据,非共有,无抵押,挂牌时间:2025-09-12 | 交易权属:商品房 | 上次交易:暂无数据 | 房屋用途:商业办公类 | 房屋年限:暂无数据 | 产权所属:非共有 | 抵押信息:无抵押 | 房本备件:未上传房本照片,客厅 / 13.28平米 / 北 / 落地窗 ; 卧室A / 5.71平米 / 南 / 普通窗 ; 卧室B / 6.59平米 / 无 / 未知窗户类型 ; 厨房 / 3.26平米 / 南 / 普通窗 ; 卫 / 2.13平米 / 南 / 普通窗 ; 过道 / 3.8平米 / 无 / 无窗,
佳华领汇广场 89平朝南四房 带走廊 位置安静,"佳华领汇广场 , 坂田",4室2厅,88.8平米,东南,精装,中楼层(共32层),2017年,塔楼,559 万,62951 元,0,,,近地铁 | VR看装修 | 随时看房,https://sz.lianjia.com/ershoufang/105116585335.html,地铁 | VR看装修 | 随时看房,满五年唯一，欠款少 南北通端户，户型方正实用，使用率高,佳华领汇广场是2014年批地，目前分两期开发，一期由3栋6座住宅组成的围合式花园小区，户型多样，从70多平两房到130平的五房，可以满足从刚需到改善各种人群需求，二期位于一期东侧，隔路相临，主要为商办类型，包括一个上下7层大型商场,佳华领汇广场东侧二期为商务办公和一个上下7层五wan平的商场（Mxcity）组成，商场已于2017年12月底开业，包括百佳华旗下大型生活商场、巨幕电影院、品牌餐饮（爱婉婷、海底捞、星巴克等），过马路是坂田天虹等，配套齐全，生活便利。,小区自驾出行出小区沿着吉华路往东可以达到布吉、罗湖、龙岗等区域，往西600米到达龙华区，往南上梅观高速-皇岗北路到达福田区，经梅观高速-南坪快速-北环大道直抵南山，距5号线五和站约800米路程，两站到达深圳北站高铁站，可以换乘4号线，10号线到福田口岸,,,暂无数据,2024-04-05,商品房,普通住宅,暂无数据,共有,有抵押 100万元 江苏银行 金融公司垫资,挂牌时间:2024-04-05 | 交易权属:商品房 | 上次交易:暂无数据 | 房屋用途:普通住宅 | 房屋年限:暂无数据 | 产权所属:共有 | 抵押信息:有抵押 100万元 江苏银行 金融公司垫资 | 房本备件:未上传房本照片,客厅 / 27.17平米 / 无 / 未知窗户类型 ; 卧室A / 13.44平米 / 无 / 未知窗户类型 ; 卧室B / 8.37平米 / 西北 / 落地窗 ; 卧室C / 5.29平米 / 无 / 未知窗户类型 ; 卧室D / 6.36平米 / 西北 / 落地窗 ; 厨房 / 4.93平米 / 西北 / 普通窗 ; 卫A / 4.25平米 / 西南 / 落地窗 ; 卫B / 3.84平米 / 西南 / 落地窗 ; 阳台A / 5.21平米 / 西南 东北 东南 / 普通窗 ; 阳台B / 3.95平米 / 西北 / 普通窗,
奶油风的设计风格 2024年新装修的  看花园 朝南安静,"佳兆业中央广场三期 , 坂田",4室2厅,142.88平米,南,精装,45层,2015年,塔楼,785 万,54942 元,1,,,近地铁 | VR看装修,https://sz.lianjia.com/ershoufang/105121538216.html,地铁 | VR看装修,房子是朝南看花园，去年业主全部重新装修的，自已住不方便拍实勘,,小区规划大型雪竹径公园，综合MALL，小区自带大综合体（待开发）270米层高五星国际酒店（待开发），百度测量1公 里范围内深圳市人民医院坂田分院、肖传国医院，地铁10号线雪象、岗头双地铁口，坂银隧道去福田南山交通便捷。,地铁十号线雪象站A出口，直达平湖与福田口岸，沿着坂雪岗大道可以去梅林关（去关内方向）、也可以转布龙路转南坪快速和水官高速，也可以从转贝尔路再转梅关高速，上坂澜大道可以去观澜也可以去平湖。交通很方便。高速交通：梅观快速、清平高速、坂雪岗大道.,,,暂无数据,2025-07-23,商品房,普通住宅,暂无数据,非共有,有抵押 业主自还,挂牌时间:2025-07-23 | 交易权属:商品房 | 上次交易:暂无数据 | 房屋用途:普通住宅 | 房屋年限:暂无数据 | 产权所属:非共有 | 抵押信息:有抵押 业主自还 | 房本备件:未上传房本照片,客厅 / 44.56平米 / 南 / 普通窗 ; 卧室A / 9.75平米 / 西 / 落地窗 ; 卧室B / 17.34平米 / 南 / 落地窗 ; 卧室C / 12.84平米 / 无 / 未知窗户类型 ; 厨房 / 7.93平米 / 东 / 普通窗 ; 卫A / 5.81平米 / 西 / 普通窗 ; 卫B / 4.09平米 / 东 / 普通窗 ; 阳台A / 7.14平米 / 东 南 / 普通窗 ; 阳台B / 4.09平米 / 东 / 普通窗 ; 储A / 1.91平米 / 无 / 无窗 ; 储物间B / 3.76平米 / 东 / 普通窗,
坂田地铁口珠江旭景家园二房朝南,"珠江旭景佳园 , 坂田",2室2厅,79.66平米,南 北,精装,中楼层(共11层),2007年,塔楼,380 万,47703 元,0,,,近地铁 | VR看装修,https://sz.lianjia.com/ershoufang/105121826277.html,地铁 | VR看装修,装修保养好，朝南向看花园位置安静，一期花园大，离地铁口近,小区分3期开发，近1500户，地铁口物业，紧靠银湖山和坂银隧道，地理位置优越，进出关内外方便。小区房价处于区域谷值，同区域二手房对比有很大的优势。所以有很多关内的客户在此小区置业。生活配套成熟，是刚需值得购买的小区。,小区东南侧3千㎡底商，南侧有大族云峰商场已开业；距小区300米有两万㎡万科里。2km内还有阳光湾畔、8号仓、坂田天虹等商场。1km有坂田医院。,"小区邻布龙路坂雪岗大道两大动脉,南面1km上坂银南坪,通达福田南山方便；东面两个灯位上清平水官,通达罗湖盐田惠州；西侧2km上G94,1h到宝安东莞广州；北达天安和华为。250米到5号线坂田地铁口,1站换10号线到福田口岸。小区东门150m到公交站。",,,2022-02-15,2025-08-17,商品房,普通住宅,暂无数据,共有,有抵押 240万元 招商银行160万，公积金80万 客户偿还,挂牌时间:2025-08-17 | 交易权属:商品房 | 上次交易:2022-02-15 | 房屋用途:普通住宅 | 房屋年限:暂无数据 | 产权所属:共有 | 抵押信息:有抵押 240万元 招商银行160万，公积金80万 客户偿还 | 房本备件:已上传房本照片,客厅 / 27.05平米 / 南 / 落地窗 ; 卧室A / 12.98平米 / 西 南 / 落地窗 ; 卧室B / 9.73平米 / 无 / 未知窗户类型 ; 厨房 / 4.17平米 / 西 / 普通窗 ; 卫 / 3.44平米 / 西 / 普通窗 ; 阳台A / 7.66平米 / 南 / 落地窗 ; 阳台B / 2.57平米 / 西 / 普通窗,
坂银隧道南向大三房，高楼层看山景,"万科第五园六期 , 坂田",3室1厅,124.12平米,南,,高楼层(共10层),2011年,板塔结合,750 万,60426 元,0,,,VR看装修,https://sz.lianjia.com/ershoufang/105121955796.html,VR看装修,房子处于中高楼层采光视野都很好，满五年不唯一，可以合证。,第五园六期又名顶峰，于2011年开盘，带装修交楼，2013年入伙，共有6栋，其中5-6栋为复式结构，1-4栋均为二梯三户，户型一样，前后看花园，与五期打通，园林和生活配套共享，环境优雅，人车分流， 车位充足，居住品质高，口碑好,100米有万科第五园九期万科里购物广场，500米坂田手造文化街，1.2公里万科广场，1.5公里有8号仓、阳光湾畔、海达和城等大型商场，购物休闲一条龙服务。600米有银湖山公园，有登山跑道，钓鱼场,,,,暂无数据,2025-08-29,商品房,普通住宅,暂无数据,非共有,无抵押,挂牌时间:2025-08-29 | 交易权属:商品房 | 上次交易:暂无数据 | 房屋用途:普通住宅 | 房屋年限:暂无数据 | 产权所属:非共有 | 抵押信息:无抵押 | 房本备件:未上传房本照片,客厅 / 34.28平米 / 西南 / 普通窗 ; 卧室A / 15.28平米 / 无 / 未知窗户类型 ; 卧室B / 10.67平米 / 西南 / 普通窗 ; 卧室C / 9.97平米 / 无 / 未知窗户类型 ; 厨房 / 5.63平米 / 西北 / 普通窗 ; 卫A / 4.65平米 / 东南 / 普通窗 ; 卫B / 3.72平米 / 西北 / 普通窗 ; 阳台A / 11.86平米 / 西南 西北 东南 / 普通窗 ; 阳台B / 2.37平米 / 西北 / 普通窗 ; 过道 / 3.43平米 / 无 / 无窗,
璞悦山 4室2厅 南,"璞悦山 , 坂田",4室2厅,241.66平米,南,毛坯,3层,2013年,板楼,3000 万,124142 元,0,,,VR房源,https://sz.lianjia.com/ershoufang/105121604374.html,VR房源,,,,,,,暂无数据,2025-07-29,商品房,别墅,暂无数据,非共有,无抵押,挂牌时间:2025-07-29 | 交易权属:商品房 | 上次交易:暂无数据 | 房屋用途:别墅 | 房屋年限:暂无数据 | 产权所属:非共有 | 抵押信息:无抵押 | 房本备件:未上传房本照片,,
德润荣君府5房3卫大平层，毛坯房,"德润荣君府 , 坂田",5室2厅,235.96平米,南,毛坯,低楼层(共28层),2017年,板楼,1490 万,63147 元,0,,,近地铁 | VR房源,https://sz.lianjia.com/ershoufang/105121042978.html,地铁 | VR房源,5号线坂田正地铁口，次新小区大平层两梯两户，户型方正实用率高,2017年底交房的次新小区，全电梯高层，共7栋，由住宅和公寓（1栋）组成，合围起来楼下有花园和泳池，可供休憩玩耍。自带上千平商ye配套，日常基本生活需求能得到满足，地下3层停车库，1：1配置，再也不用担心停车的问题了。,楼下自带幼稚园、5千㎡底商。布龙路以北万科十几万㎡商写综合体建设中，西侧在建华侨城住宅、幼儿园及和美外国语项目（30班1500位置）。距小区1km有两万㎡万科里。2km内有阳光湾畔、8号仓、坂田天虹等商场。北为坂田医院,5号线坂田地铁口和10号线五和站大约700米，去宝安或者罗湖都很方便。 小区门口就是公交站； 小区前面是坂雪岗大道和布龙路，自驾的话，1千米内可以上南坪快速，再走水官高速到龙岗，梅观高速到观澜和东莞，或者经梅林关，新彩隧道进福田，罗湖和南山都方便,,,暂无数据,2025-06-11,商品房,普通住宅,暂无数据,非共有,无抵押,挂牌时间:2025-06-11 | 交易权属:商品房 | 上次交易:暂无数据 | 房屋用途:普通住宅 | 房屋年限:暂无数据 | 产权所属:非共有 | 抵押信息:无抵押 | 房本备件:未上传房本照片,客厅 / 58.04平米 / 无 / 未知窗户类型 ; 卧室A / 12.82平米 / 无 / 未知窗户类型 ; 卧室B / 10.16平米 / 无 / 未知窗户类型 ; 卧室C / 26.55平米 / 无 / 未知窗户类型 ; 卧室D / 16.66平米 / 无 / 未知窗户类型 ; 卧室E / 14.81平米 / 北 / 落地窗 ; 厨房 / 10.14平米 / 北 / 落地窗 ; 卫A / 8.58平米 / 无 / 未知窗户类型 ; 卫B / 6.82平米 / 无 / 未知窗户类型 ; 卫C / 3.75平米 / 无 / 无窗 ; 阳台A / 5.16平米 / 北 / 普通窗 ; 阳台B / 7.51平米 / 北 / 落地窗 ; 阳台C / 12.51平米 / 北 / 普通窗 ; 过道 / 7.08平米 / 无 / 无窗 ; 门厅 / 8.18平米 / 无 / 无窗,
满五，一楼双阳台带花园通透，不潮湿！,"万科四季花城六期 , 坂田",3室1厅,106.15平米,东,,低楼层(共6层),2002年,板楼,475 万,44748 元,0,,,近地铁 | VR看装修 | 房本满五年 | 随时看房,https://sz.lianjia.com/ershoufang/105118164222.html,地铁 | VR看装修 | 房本满五年 | 随时看房,"：
满五，一楼双阳台带花园通透，不潮湿！",小区由万科地产集团开发，一共有36个独立苑，共分七期开发，花园式小区，绿化植被很多，带露天游泳池和健身会所及相应运动器械供住户健身，社区运动氛围棒；万科物业24小时严格管控，夜间有保安巡逻，外人基本无法随意出入，人车分流，充分保护行人安全,小区内有博雅、曼京、海丽达幼儿园等，商场类有华润万家，海达和成购物广场、阳光湾畔，8号仓奥特莱斯等。医疗类有深圳坂田医院、布吉医院花城社康医院（小区内）；网球场，篮球场，健身会所等,此房距离地铁5号线和10号线A口和180米，交通发达，小区旁边有布龙路、梅观高速、机荷高速、南坪快速等，乘坐公交或驾车出行到福田、罗湖、南山等地较方便（距离信息来源于百度地图）,,,2003-10-24,2024-09-03,商品房,普通住宅,满五年,非共有,无抵押,挂牌时间:2024-09-03 | 交易权属:商品房 | 上次交易:2003-10-24 | 房屋用途:普通住宅 | 房屋年限:满五年 | 产权所属:非共有 | 抵押信息:无抵押 | 房本备件:已上传房本照片,客厅 / 38.06平米 / 西 东 / 普通窗 ; 卧室A / 16.68平米 / 无 / 未知窗户类型 ; 卧室B / 10.8平米 / 无 / 未知窗户类型 ; 卧室C / 8.78平米 / 无 / 未知窗户类型 ; 厨房 / 5.43平米 / 西 / 普通窗 ; 卫 / 3.05平米 / 东 / 普通窗 ; 阳台A / 5.35平米 / 北 东 南 / 普通窗 ; 阳台B / 3.02平米 / 西 北 南 / 普通窗 ; 储 / 4.44平米 / 北 / 普通窗,
红本在手南向看花园，业主换房，横厅大三房。,"万科金色半山 , 坂田",3室2厅,114.91平米,南,,20层,2011年,板楼,670 万,58307 元,7,,,VR看装修,https://sz.lianjia.com/ershoufang/105118506009.html,VR看装修,此房满五，红本在手南向看花园，业主换房，横厅大三房。,小区是品牌万科物业贴心管家服务，一共700多户，人车分流，小区绿意盎然、小高层，法式建筑风格,,1个红绿灯上南坪快速，水官高速，杨美站800米，交通方便，门口有3个公交车直接到地铁口,,,暂无数据,2024-10-06,商品房,普通住宅,暂无数据,非共有,无抵押,挂牌时间:2024-10-06 | 交易权属:商品房 | 上次交易:暂无数据 | 房屋用途:普通住宅 | 房屋年限:暂无数据 | 产权所属:非共有 | 抵押信息:无抵押 | 房本备件:未上传房本照片,客厅 / 31.04平米 / 南 / 落地窗 ; 卧室A / 9.25平米 / 北 / 落地窗 ; 卧室B / 9.43平米 / 北 / 落地窗 ; 卧室C / 16.42平米 / 无 / 未知窗户类型 ; 厨房 / 4.85平米 / 南 / 落地窗 ; 卫A / 4.45平米 / 北 / 普通窗 ; 卫B / 5.18平米 / 北 / 普通窗 ; 阳台 / 10.68平米 / 南 / 落地窗 ; 衣帽间 / 3.84平米 / 北 / 普通窗,
万科城一期，位置安静一比一使用面积,"万科城一期 , 坂田",4室2厅,96.81平米,南,精装,中楼层(共11层),2005年,塔楼,700 万,72307 元,3,,,近地铁 | VR房源,https://sz.lianjia.com/ershoufang/105118468863.html,地铁 | VR房源,万科城一期 位置安静一比一使用面积,小区由万科集团开发，小区物业管理较为严格，外人基本无法随意出入，小区的花园干净整洁，一直保养的比较好。另外小区内有游泳池和健身会所，社区氛围比较运动阳光。2.小区环境优美，花园舒服，有露天泳池，健身场,万科城，成熟大社区，入住率高，里面配套完善，有中国银行，工商银行，兴业银行等，有关东风，丹桂轩等吃饭喝茶不用愁，万科城里面还有游泳池，球馆，会所等休闲娱乐设施。,,,,2025-09-08,2024-10-01,商品房,普通住宅,未满两年,非共有,有抵押 客户偿还,挂牌时间:2024-10-01 | 交易权属:商品房 | 上次交易:2025-09-08 | 房屋用途:普通住宅 | 房屋年限:未满两年 | 产权所属:非共有 | 抵押信息:有抵押 客户偿还 | 房本备件:已上传房本照片,客厅 / 27.59平米 / 西南 / 落地窗 ; 餐厅 / 12.14平米 / 无 / 无窗 ; 书房 / 13.17平米 / 无 / 落地窗 ; 卧室A / 12.53平米 / 西北 / 普通窗 ; 卧室B / 7.87平米 / 无 / 未知窗户类型 ; 卧室C / 11.44平米 / 西南 / 落地窗 ; 卧室D / 13.94平米 / 无 / 落地窗 ; 厨房 / 6.94平米 / 东北 / 普通窗 ; 卫生间A / 2.79平米 / 东北 / 普通窗 ; 卫生间B / 3.32平米 / 无 / 无窗 ; 阳台 / 7.45平米 / 西南 西北 东北 / 普通窗 ; 储物间 / 3.39平米 / 无 / 普通窗 ; 楼梯间 / 4.98平米 / 西南 东南 / 落地窗 ; 衣帽间 / 3.46平米 / 无 / 无窗,
中间好楼层诚意出售看房提前采光通风佳,"信义嘉御山 , 坂田",2室2厅,74平米,西南,精装,26层,2013年,板塔结合,468 万,63244 元,1,,,近地铁 | VR看装修 | 房本满五年,https://sz.lianjia.com/ershoufang/105118711534.html,地铁 | VR看装修 | 房本满五年,房子中间楼层，采光通风佳，满五年，配套设施齐全。,信义嘉御豪园分三期开发，占地近100000平米，建面400000平，共3008户。2013-2015年底交房，小区内有泳池，配套有公里龙岗机关幼儿园，户型多样，66平-77平，方正通透的两房；83-88平，朝南或南北的三房户型；85平 复式 四房三卫；117-217平 改善大户型。,"信义嘉御山是坂田新的大社区的，小区一共有8期，目前1-5期已经交房入住，6-8期还没有开盘的，坂田北地铁口的大盘，一期楼下有天虹商场，有星巴克，面点王，健身会所，SAP等，佳华商场MAX.CITY.,有海底捞，探鱼等餐饮名店",双地铁10号线、5号线物业，到深圳北站两个地铁站，信义嘉御山小区采用人车分流，绿化面积大，24小时封闭物业管理，居住环境舒适,,,2019-05-23,2024-10-26,商品房,普通住宅,满五年,非共有,有抵押,挂牌时间:2024-10-26 | 交易权属:商品房 | 上次交易:2019-05-23 | 房屋用途:普通住宅 | 房屋年限:满五年 | 产权所属:非共有 | 抵押信息:有抵押 | 房本备件:已上传房本照片,客厅 / 30.69平米 / 无 / 未知窗户类型 ; 卧室A / 16.14平米 / 无 / 未知窗户类型 ; 卧室B / 9.08平米 / 无 / 未知窗户类型 ; 厨房 / 4.45平米 / 无 / 未知窗户类型 ; 卫 / 4.48平米 / 东 / 落地窗 ; 阳台 / 4.56平米 / 东 南 / 普通窗 ; 过道 / 2.85平米 / 无 / 无窗,
坂田地铁口 102平4房实用92% 朝南 带全新精装,"大族云峰二期 , 坂田",4室2厅,102.9平米,东南,,30层,2021年,板楼,628 万,61031 元,0,,,近地铁 | VR看装修,https://sz.lianjia.com/ershoufang/105118577043.html,地铁 | VR看装修,102平4房高使用，围合式花园小区，车位充足 学 校家门口,本小区于2021年年底交楼，新小区，分一二期开发，此小区为二期，共四栋，每栋分两个单元，楼间距宽，无任何遮挡，停车位充足,距离小区800米有坂田地铁站，楼下有公交站台，毗 邻坂银通道，去往福田、罗湖、南山都方便,,,,暂无数据,2024-10-13,商品房,普通住宅,暂无数据,非共有,有抵押 260万元 工商银行 金融公司垫资,挂牌时间:2024-10-13 | 交易权属:商品房 | 上次交易:暂无数据 | 房屋用途:普通住宅 | 房屋年限:暂无数据 | 产权所属:非共有 | 抵押信息:有抵押 260万元 工商银行 金融公司垫资 | 房本备件:未上传房本照片,客厅 / 27.99平米 / 南 / 普通窗 ; 卧室A / 6.28平米 / 无 / 未知窗户类型 ; 卧室B / 7.77平米 / 东 / 落地窗 ; 卧室C / 12.07平米 / 无 / 未知窗户类型 ; 卧室D / 10平米 / 无 / 未知窗户类型 ; 厨房 / 6.32平米 / 东 / 普通窗 ; 卫A / 4.27平米 / 北 / 普通窗 ; 卫B / 3.16平米 / 东 / 普通窗 ; 阳台 / 5.16平米 / 东 南 / 普通窗 ; 过道 / 4.46平米 / 无 / 无窗,
满五唯一红本在手，看银湖山散发出售,"诺德中央道 , 坂田",3室2厅,87.58平米,东南,精装,低楼层(共33层),2014年,板楼,410 万,46815 元,2,,,VR看装修 | 房本满五年 | 随时看房,https://sz.lianjia.com/ershoufang/105118565921.html,VR看装修 | 房本满五年 | 随时看房,精装修，满五唯一红本在手，近福田、罗湖，次新小区，中间楼层,,坂田街道办200米，400米大族云峰商场，万科里购物广场680米，华润万家旭景佳园分店760米，坂田手造文化街1000米，650米处有银湖山郊野公园，还有钓鱼场，万科广场1.5公里，生活配套齐全,小区门口有公交站台，可直达深圳北站，明治，平湖，清湖，福田高铁站。400米坂雪岗大道，5号线杨美站900米、坂田站1公里，1公里上布龙路，900米上南坪快速和坂银通道，到福田很便捷。,,满五唯一红本在手，产权清晰，业主因为要换房所以出售此房，诚心出售,2014-11-18,2024-10-12,商品房,普通住宅,满五年,非共有,无抵押,挂牌时间:2024-10-12 | 交易权属:商品房 | 上次交易:2014-11-18 | 房屋用途:普通住宅 | 房屋年限:满五年 | 产权所属:非共有 | 抵押信息:无抵押 | 房本备件:已上传房本照片,客厅 / 23.64平米 / 东南 / 普通窗 ; 卧室A / 4.87平米 / 东北 / 普通窗 ; 卧室B / 7.39平米 / 无 / 未知窗户类型 ; 卧室C / 12.8平米 / 无 / 未知窗户类型 ; 厨房 / 4.12平米 / 东北 / 普通窗 ; 卫A / 4.09平米 / 无 / 普通窗 ; 卫B / 3.97平米 / 无 / 未知窗户类型 ; 阳台A / 1.66平米 / 东北 / 普通窗 ; 阳台B / 4.92平米 / 东北 东南 / 普通窗 ; 过道 / 2.48平米 / 无 / 无窗,
2020年次新房，业主诚意出售，可以看银湖山景,"华晖瑞禧 , 坂田",3室2厅,99.97平米,南,,中楼层(共43层),2020年,塔楼,490 万,49015 元,0,,,近地铁 | VR看装修,https://sz.lianjia.com/ershoufang/105119014611.html,地铁 | VR看装修,客厅出阳台高楼层视野开阔，开发商精装修标准,2020年次新小区，小区位于银湖山1公里处，距鸡公山隧道1.5公里，方便到达罗湖，福田，南山。自带幼儿园，充足停车位，楼下买生活所需也方便,享受 15 年一站式，首先项目自带一所 9 班约 3000 ㎡幼儿园，同时在项目西北约 500 米处有一所 9 年一贯制的公立——坂田实验（30 班小、15 班中）。另外，项目南面为规划教育用地，3 公里范围内还有一所全国唯一的科学高中。,两横四纵”成熟交通路网体系（两横：布龙路、南坪快速；四纵：五和大道、坂雪岗大道、梅观高速、清平高速）；邻近地铁5号线坂田站； 地处鸡公山通道首排，约一刻钟直达福田区，建立起快速通达全城的半小时生活圈。,,,暂无数据,2024-11-25,商品房,普通住宅,暂无数据,非共有,有抵押 业主自还,挂牌时间:2024-11-25 | 交易权属:商品房 | 上次交易:暂无数据 | 房屋用途:普通住宅 | 房屋年限:暂无数据 | 产权所属:非共有 | 抵押信息:有抵押 业主自还 | 房本备件:未上传房本照片,客厅 / 21.29平米 / 南 / 普通窗 ; 卧室A / 11.22平米 / 无 / 未知窗户类型 ; 卧室B / 14.23平米 / 无 / 未知窗户类型 ; 卧室C / 4.7平米 / 东 / 落地窗 ; 厨房 / 5.47平米 / 东 / 普通窗 ; 卫A / 3.19平米 / 东 / 普通窗 ; 卫B / 3.66平米 / 无 / 普通窗 ; 阳台A / 4.79平米 / 南 / 普通窗 ; 阳台B / 2.39平米 / 东 / 普通窗 ; 过道 / 3.35平米 / 无 / 无窗,
信义嘉御山5期 满五唯一看花园安静实用厅出阳台装修好,"信义嘉御山5期 , 坂田",4室2厅,88.84平米,南,精装,高楼层(共39层),2016年,塔楼,650 万,73166 元,2,,,VR看装修 | 房本满五年,https://sz.lianjia.com/ershoufang/105119090859.html,VR看装修 | 房本满五年,本房满5唯一产权，红本在手，南北通，采光好，视野佳。,小区得房率高 约89平做四房两卫，很好用；新加坡园林风格 物业管理很好 很干净；地下两层停车场 人车分流 很安全。,小区下面自带底层店铺，开发商自持，目前已全部进驻，包括中西式餐饮、教育培训、婴幼儿用品，便利店及坂田天虹旗舰店，生活方便，小区内有幼儿园，家门口尽享优质生活，小区南侧是MIX City7层楼综合商心街区，有百佳华chao市，海底捞，麦当劳，星巴克等.,双地铁物业（5&10号线），到深圳北站2个地铁站，目前还有25号线黄君山站在建中。 公交：楼下就有坂田路口北、坂田天虹公交站，有十几路公交经过，通达深圳市各个区域。 自驾出行也只很翻方便，小区出来快速上珠三角环线，五和大道主干道链接多条快速路。,产权满五年唯一 可以免增值税和个人所得税，交易税费低 节省交易成本。买家买首套房契税只有1% 跟买新房一样。,,2016-02-21,2024-12-02,商品房,普通住宅,满五年,非共有,有抵押 615万元 民生银行 客户偿还,挂牌时间:2024-12-02 | 交易权属:商品房 | 上次交易:2016-02-21 | 房屋用途:普通住宅 | 房屋年限:满五年 | 产权所属:非共有 | 抵押信息:有抵押 615万元 民生银行 客户偿还 | 房本备件:已上传房本照片,客厅 / 28.15平米 / 东 / 落地窗 ; 卧室A / 9.64平米 / 无 / 未知窗户类型 ; 卧室B / 14.01平米 / 无 / 未知窗户类型 ; 卧室C / 5.92平米 / 西 南 / 普通窗 ; 卧室D / 10.7平米 / 南 / 普通窗 ; 厨房 / 4平米 / 南 / 普通窗 ; 卫A / 4.25平米 / 南 / 普通窗 ; 卫B / 3.74平米 / 无 / 普通窗 ; 阳台A / 3.88平米 / 东 南 / 普通窗 ; 阳台B / 1.98平米 / 南 / 普通窗 ; 过道 / 2.99平米 / 无 / 无窗,
产证243.98平米顶楼上下三层复式 客厅中空6米挑高客厅,"春华四季园二期 , 坂田",6室2厅,243.98平米,南,,高楼层(共11层),2007年,板塔结合,1650 万,67629 元,6,,,VR房源,https://sz.lianjia.com/ershoufang/105119001208.html,VR房源,产证243.98平米顶楼上下三层复式 客厅中空6米挑高客厅,小区总建筑面积430000㎡，总规划户数约3300户，拥有完善的配套设施，6000㎡的湖坡，1000米的风情街，室外泳池及室内恒温泳池、3000㎡的运动场地、幼儿园等，金光华物业。二期户型丰富多样，包括70㎡的两房.95-100㎡左右的三房.136-158㎡的四房五房 141㎡的..,小区自带：小区一条街、华润万家、特蕾丝幼儿园、游泳馆、网球场、篮球场、羽毛球场、休闲会所等配套，生活购物便利，购物：8号仓奥特莱斯、龙华名车广场，东门离阳光湾畔购物广场、海达和成购物广场,,,,暂无数据,2024-11-23,商品房,普通住宅,暂无数据,非共有,有抵押 160万元 农商行 业主自还,挂牌时间:2024-11-23 | 交易权属:商品房 | 上次交易:暂无数据 | 房屋用途:普通住宅 | 房屋年限:暂无数据 | 产权所属:非共有 | 抵押信息:有抵押 160万元 农商行 业主自还 | 房本备件:未上传房本照片,客厅 / 95.51平米 / 南 / 落地窗 ; 书房 / 8.56平米 / 北 / 落地窗 ; 多功能间 / 120.98平米 / 北 东 南 / 落地窗 ; 卧室A / 24.28平米 / 无 / 未知窗户类型 ; 卧室B / 10.81平米 / 北 / 落地窗 ; 卧室C / 20.02平米 / 北 / 落地窗 ; 卧室D / 26.13平米 / 南 / 落地窗 ; 卧室E / 20.24平米 / 北 / 落地窗 ; 卧室F / 14.18平米 / 北 / 落地窗 ; 卧室G / 9.82平米 / 北 / 落地窗 ; 厨房 / 15.94平米 / 北 / 普通窗 ; 卫A / 5.39平米 / 东 / 普通窗 ; 卫B / 6.26平米 / 南 / 普通窗 ; 卫C / 10.49平米 / 南 / 普通窗 ; 卫D / 5.62平米 / 北 / 普通窗 ; 露台A / 5.57平米 / 南 / 普通窗 ; 露台B / 32.36平米 / 西 南 / 落地窗 ; 储 / 3.38平米 / 北 南 / 落地窗 ; 楼梯间 / 5.16平米 / 无 / 无窗 ; 过道 / 25.09平米 / 无 / 无窗 ; 衣帽间 / 13.88平米 / 无 / 无窗,
坂田地铁口 精装修通风采光好 业主诚心出售,"万科·万致天地 , 坂田",1室1厅,32.52平米,北,,低楼层(共29层),2022年,塔楼,130 万,39976 元,5,,,近地铁,https://sz.lianjia.com/ershoufang/105119023385.html,地铁,地铁口物业，配套齐全，此房南向，精装修，通风采光好。,,,1，5号线坂田地铁口物业，去宝安或者罗湖都很方便。2，小区门口就是公交站；3，小区前面是坂雪岗大道和布龙路，自驾的话，可以上南坪快速，再走水官高速到龙岗，梅观高速到观澜和东莞，或者经梅林关，新彩隧道进福田、罗湖和南山都很方便。,,,2022-09-09,2024-11-26,商品房,商业办公类,暂无数据,非共有,无抵押,挂牌时间:2024-11-26 | 交易权属:商品房 | 上次交易:2022-09-09 | 房屋用途:商业办公类 | 房屋年限:暂无数据 | 产权所属:非共有 | 抵押信息:无抵押 | 房本备件:已上传房本照片,客厅 / 17.51平米 / 无 / 未知窗户类型 ; 卧室 / 11.34平米 / 无 / 无窗 ; 卫 / 1.28平米 / 无 / 无窗,
五和地铁口四房，看小区花园，满五唯一税费少,"和成世纪名园 , 坂田",4室2厅,89.33平米,北,,中楼层(共31层),2014年,板楼,550 万,61570 元,1,,,近地铁 | VR看装修,https://sz.lianjia.com/ershoufang/105119014734.html,地铁 | VR看装修,五和地铁口四房，看小区花园，满五唯一税费少,和成世纪名园位于五和大道和布龙路交汇处东南角，五和地铁站B出口旁边，于2014年交房。项目是由深圳市金安业房地产开发有限公司打造的现代化都市综合体项目。小区有三栋高层和一栋写字楼，写字楼和住宅分开管理，社区楼下配套有人人乐百货。,,地铁：5号线，10号线五和站，在建五和枢纽2026年通车，高速：清平高速--直通清水河，龙景立交转清平高速至布龙路；南平快速：直通福田，南山（均免费）坂银隧道：将坂田与银湖山之间建设坂银隧道，形成特区内外一条新的联系通道和公交主走廊,,,暂无数据,2024-11-25,商品房,普通住宅,暂无数据,非共有,有抵押,挂牌时间:2024-11-25 | 交易权属:商品房 | 上次交易:暂无数据 | 房屋用途:普通住宅 | 房屋年限:暂无数据 | 产权所属:非共有 | 抵押信息:有抵押 | 房本备件:未上传房本照片,客厅 / 22.56平米 / 无 / 未知窗户类型 ; 卧室A / 7.09平米 / 北 / 落地窗 ; 卧室B / 8.3平米 / 无 / 未知窗户类型 ; 卧室C / 13.63平米 / 无 / 未知窗户类型 ; 卧室D / 5.68平米 / 南 / 落地窗 ; 厨房 / 4.36平米 / 南 / 普通窗 ; 卫A / 3.38平米 / 北 / 普通窗 ; 卫B / 5.01平米 / 无 / 未知窗户类型 ; 阳台A / 9.66平米 / 北 / 普通窗 ; 阳台B / 1.74平米 / 东 南 / 普通窗 ; 过道 / 4.2平米 / 无 / 无窗 ; 门厅 / 2.93平米 / 无 / 无窗,
纯毛坯原滋原味大三房，朝东向业主诚心出售,"大族云峰一期 , 坂田",3室2厅,92.19平米,东,,中楼层(共29层),2019年,板塔结合,679 万,73653 元,0,,,近地铁 | VR看装修,https://sz.lianjia.com/ershoufang/105119138284.html,地铁 | VR看装修,纯毛坯原滋原味大三房，朝东向业主诚心出售,,楼下就是商场湾畔Mall，去万科里，天虹商场，8号仓，星河CocoPark也很方便，坂田医院，银湖山郊野公园。,,,,暂无数据,2024-12-07,商品房,普通住宅,暂无数据,非共有,有抵押,挂牌时间:2024-12-07 | 交易权属:商品房 | 上次交易:暂无数据 | 房屋用途:普通住宅 | 房屋年限:暂无数据 | 产权所属:非共有 | 抵押信息:有抵押 | 房本备件:未上传房本照片,客厅 / 25.63平米 / 北 / 普通窗 ; 卧室01 / 12.39平米 / 北 / 落地窗 ; 卧室02 / 9.1平米 / 无 / 未知窗户类型 ; 卧室03 / 7.03平米 / 北 / 落地窗 ; 厨房 / 8.1平米 / 北 / 普通窗 ; 卫 / 4.34平米 / 无 / 无窗 ; 阳台 / 4.15平米 / 北 / 普通窗 ; 过道 / 2.77平米 / 无 / 无窗,
坂田次新社区 看花园景观 大三房装修很好 安静不吵,"大族云峰一期 , 坂田",3室2厅,103.41平米,东北,精装,32层,2019年,板塔结合,610 万,58989 元,4,,,近地铁 | VR看装修,https://sz.lianjia.com/ershoufang/105119404288.html,地铁 | VR看装修,此房满五唯一只交契税高楼层看花园景观通透户型,本小区于2020交楼，次新小区，分一二期开发，此小区为一期，共三栋，每栋分两个单元，楼间距宽，无任何遮挡，停车位充足。,,距离小区800米有坂田地铁站，楼下有公交站台，毗 邻坂银通道，去往福田、罗湖、南山都方便,房屋产权：此房为商品房，可直接购买， 税费：此房业主满五唯一，只需交契税,,暂无数据,2025-01-04,商品房,普通住宅,暂无数据,非共有,无抵押,挂牌时间:2025-01-04 | 交易权属:商品房 | 上次交易:暂无数据 | 房屋用途:普通住宅 | 房屋年限:暂无数据 | 产权所属:非共有 | 抵押信息:无抵押 | 房本备件:未上传房本照片,客厅 / 29.2平米 / 东北 / 落地窗 ; 卧室A / 9.94平米 / 无 / 未知窗户类型 ; 卧室B / 14.95平米 / 无 / 未知窗户类型 ; 卧室C / 7.39平米 / 西南 西北 / 落地窗 ; 厨房 / 6.4平米 / 无 / 未知窗户类型 ; 卫A / 4.01平米 / 西北 / 普通窗 ; 卫B / 4.32平米 / 无 / 无窗 ; 阳台 / 5.55平米 / 西北 东 / 落地窗 ; 过道 / 2.97平米 / 无 / 无窗,
标准大四房全新装修买来可拎包入住无增值税,"大族云峰二期 , 坂田",4室2厅,106.56平米,北,,30层,2021年,板楼,700 万,65691 元,1,,,近地铁 | VR看装修,https://sz.lianjia.com/ershoufang/105118583155.html,地铁 | VR看装修,标准大四房全新装修买来可拎包入住无增值税,,楼下就是商场湾畔Mall，去万科里，天虹商场，8号仓，星河CocoPark也很方便，坂田医院，银湖山郊野公园。,,,,暂无数据,2024-10-14,商品房,普通住宅,暂无数据,非共有,有抵押 280万元,挂牌时间:2024-10-14 | 交易权属:商品房 | 上次交易:暂无数据 | 房屋用途:普通住宅 | 房屋年限:暂无数据 | 产权所属:非共有 | 抵押信息:有抵押 280万元 | 房本备件:未上传房本照片,客厅 / 27.47平米 / 北 南 / 落地窗 ; 卧室A / 8.07平米 / 无 / 未知窗户类型 ; 卧室B / 10.14平米 / 无 / 未知窗户类型 ; 卧室C / 23.83平米 / 无 / 未知窗户类型 ; 厨房 / 6.89平米 / 西 / 普通窗 ; 卫A / 4.44平米 / 南 / 普通窗 ; 卫B / 4.02平米 / 南 / 普通窗 ; 阳台 / 5.15平米 / 西 北 东 / 落地窗 ; 过道 / 1.8平米 / 无 / 无窗,
南北通透双阳台 3+1户型 视野开阔 楼层高,"嘉霖华禧 , 坂田",4室2厅,88.82平米,南 北,,低楼层(共33层),2017年,塔楼,420 万,47287 元,1,,,近地铁 | VR看装修 | 房本满五年,https://sz.lianjia.com/ershoufang/105118336955.html,地铁 | VR看装修 | 房本满五年,满五不唯一 南北通透双阳台 3+1户型 视野开阔 楼层高,嘉霖华禧小区楼龄比较新，17年交房的小区，项目是嘉霖集团继大鹏PURE33璞岸、龙岗珑禧、坪山大万文化广场后推出的又一城市标杆力作。小区总共6栋，项目产品包含37-65平米1-3房70年产权平层、复式产品及74-119㎡ 品质3-5房品质住宅，均为片区主流户型。,10号线地铁口雪像站万科保利华润佳兆业开发商聚集该区域项目华为全球总部基地，2500多家科研机构坂雪岗科技城恢弘力作本项目占地面积19000平米总建筑面积约78000平米包含住宅商务办公临街商铺等物业形态,项目位于深圳市坂雪岗科技城坂澜大道与环城北路交汇处，属于深圳中部发展轴心。坂澜大道、坂银通道、梅观高速、机荷高速等多条高速、快速干道出入。楼下就是嘉霖华禧公交车站，还有十号线，交通十分便利,,,2016-05-25,2024-09-20,商品房,普通住宅,满五年,非共有,有抵押 200万元 银行 客户偿还,挂牌时间:2024-09-20 | 交易权属:商品房 | 上次交易:2016-05-25 | 房屋用途:普通住宅 | 房屋年限:满五年 | 产权所属:非共有 | 抵押信息:有抵押 200万元 银行 客户偿还 | 房本备件:已上传房本照片,客厅 / 23.72平米 / 北 南 / 普通窗 ; 卧室A / 8.93平米 / 无 / 未知窗户类型 ; 卧室B / 12.97平米 / 无 / 未知窗户类型 ; 卧室C / 8.03平米 / 无 / 未知窗户类型 ; 卧室D / 5.35平米 / 北 / 落地窗 ; 厨房 / 4.39平米 / 南 / 普通窗 ; 卫A / 4.25平米 / 无 / 未知窗户类型 ; 卫B / 4.7平米 / 无 / 未知窗户类型 ; 阳台A / 3.17平米 / 西 南 / 普通窗 ; 阳台B / 4.21平米 / 西 北 / 普通窗 ; 过道 / 2.9平米 / 无 / 无窗,
高楼层视野开阔 配套齐全 交通方便 次新小区 地铁口,"和成嘉业 , 坂田",3室2厅,91.16平米,东南,精装,高楼层(共30层),2020年,,525 万,57592 元,2,,,近地铁 | VR看装修 | 房本满五年,https://sz.lianjia.com/ershoufang/105118459585.html,地铁 | VR看装修 | 房本满五年,高楼层视野开阔 装修保养好，业主诚心出售,"小区由金合成开发和管理,于2016年批地,2019年入伙,共有800多户,两层车库,车位不紧张,车位1：1，主力户型为80-89-91-118-1140平,3-5房都是带装修交楼,采光好,围合式建筑风格,人车分流,小区地势高,通风好,",小区自带乒乓球室、棋牌室及锻炼器材广场。门口有华润万家，钱大妈，龙华大润发沃尔玛往返车等满足业主的日常需求。步行700米可至杨美美食街，鑫华盛百货，美家福百货等。距离深圳坂田医院2500米。3公里内有坂田天虹，佳华领汇广场，8号仓，星河。,参靠高德地图）地铁5号线杨美站C出口792米，西至前海湾东至黄贝岭。东南门M572路可直达终点深圳北站或步行792米至杨美地铁公交站有多条公交路线可达深圳各区域。可直上布龙路、清平、南坪、水官，坂银隧道已建成通车，实现10公里至福田皇岗立交。,,,2019-12-25,2024-09-30,商品房,普通住宅,满五年,非共有,无抵押,挂牌时间:2024-09-30 | 交易权属:商品房 | 上次交易:2019-12-25 | 房屋用途:普通住宅 | 房屋年限:满五年 | 产权所属:非共有 | 抵押信息:无抵押 | 房本备件:已上传房本照片,客厅 / 20.77平米 / 南 / 普通窗 ; 卧室A / 7.63平米 / 无 / 未知窗户类型 ; 卧室B / 13.12平米 / 无 / 未知窗户类型 ; 卧室C / 9.71平米 / 南 / 普通窗 ; 厨房 / 5.66平米 / 东 / 普通窗 ; 卫A / 3.66平米 / 无 / 无窗 ; 卫B / 3.43平米 / 东 / 普通窗 ; 阳台 / 4.56平米 / 东 南 / 普通窗 ; 过道 / 2.89平米 / 无 / 无窗,
依云山庄朝南大复式 上下两层 自己住保养好 山水小区,"依云山庄 , 坂田",4室2厅,161.86平米,南,,中楼层(共7层),2007年,板塔结合,718 万,44360 元,2,,,近地铁 | VR房源 | 房本满五年,https://sz.lianjia.com/ershoufang/105119094759.html,地铁 | VR房源 | 房本满五年,依云山庄朝南大复式 上下两层 自己住保养好 山水小区，满五年,小区位置安静，人车分流，新加坡园林设计，环境优美，前无遮挡，后方靠山，小区主要是以别墅为主，5栋别墅2栋洋房，依山傍水，乃坂田安静祥和的净土，适合安身居家人士居住,,小区位于坂田北部，在雪象村，佳兆业城市广场旁边，是坂澜大道与坂李大道的交接口，开车方便，距离十号线雪象站一街之隔,,,2018-02-26,2024-12-03,商品房,普通住宅,满五年,非共有,有抵押 560万元 金融公司垫资,挂牌时间:2024-12-03 | 交易权属:商品房 | 上次交易:2018-02-26 | 房屋用途:普通住宅 | 房屋年限:满五年 | 产权所属:非共有 | 抵押信息:有抵押 560万元 金融公司垫资 | 房本备件:已上传房本照片,客厅 / 43.07平米 / 西南 东北 东南 / 落地窗 ; 卧室A / 9.7平米 / 无 / 未知窗户类型 ; 卧室B / 11平米 / 西南 / 落地窗 ; 卧室C / 21.77平米 / 西南 / 落地飘窗 ; 卧室D / 18.66平米 / 东北 东南 / 落地窗 ; 厨房 / 6.55平米 / 东北 / 普通窗 ; 卫A / 4.58平米 / 西南 / 普通窗 ; 卫B / 3.44平米 / 西南 / 普通窗 ; 卫C / 3.23平米 / 无 / 无窗 ; 卫D / 2.76平米 / 无 / 无窗 ; 阳台A / 5.15平米 / 西南 西北 东南 / 落地窗 ; 阳台B / 5.97平米 / 北 东南 / 落地窗 ; 入户花园 / 11.26平米 / 东北 东南 / 落地窗 ; 过道 / 8.87平米 / 东北 / 普通窗,
佳兆业六期，平层三房，精装修，私密性好，停车位充足,"佳兆业中央广场六期 , 坂田",3室1厅,86平米,南,精装,高楼层(共41层),2020年,塔楼,220 万,25582 元,4,,,近地铁,https://sz.lianjia.com/ershoufang/105118631680.html,地铁,平层大三房，交易税费少，双地铁口，精装修，私密性好,小区规划大型雪象体育公园，三十万商 业综合MALL，270米层高五星国际酒店，百度测量1公 里范围内雪象医院、肖传国医院，地铁10号线雪象、岗头双地铁口，坂银隧道去福田南山交通便捷。,新社区人车分流，24小时保安轮流值班，社区有自己的健身广场和花园，园林式社区，占地约300000平，建面约1800000平米，依托高新技术产业园，佳兆业城市广场物业形态丰富，小区左边是天安云谷、华为总部。,地铁十号线雪象站A出口，沿着坂雪岗大道可以去梅林关（去关内方向）、也可以转布龙路转南坪快速和水官高速，也可以从转贝尔路再转梅关高速，上坂澜大道可以去观澜也可以去平湖。交通很方便。高速交通：梅观高速、清平高速、坂雪岗大道、南坪快速。,,,暂无数据,2024-10-18,商品房,商业办公类,暂无数据,非共有,无抵押,挂牌时间:2024-10-18 | 交易权属:商品房 | 上次交易:暂无数据 | 房屋用途:商业办公类 | 房屋年限:暂无数据 | 产权所属:非共有 | 抵押信息:无抵押 | 房本备件:未上传房本照片,客厅 / 14.66平米 / 无 / 无窗 ; 卧室A / 6.72平米 / 无 / 无窗 ; 卧室B / 7.15平米 / 西 / 落地窗 ; 卧室C / 6.63平米 / 西 / 落地窗 ; 厨房 / 6.63平米 / 无 / 无窗 ; 卫 / 4.32平米 / 无 / 无窗,
坂田大三房 业主诚心卖 中间楼层 朝南采光好,"阳明公寓 , 坂田",3室2厅,92.11平米,南,,中楼层(共8层),1998年,板塔结合,330 万,35827 元,13,,,近地铁 | VR看装修 | 随时看房,https://sz.lianjia.com/ershoufang/105106317484.html,地铁 | VR看装修 | 随时看房,房子满五唯一，红本在手，朝南采光好，业主卖房诚意高,,小区落下就是坂田市场，买菜购物很方便，有餐饮、购物、影院、娱乐。小区西面的吉华路和五和大道交汇处是坂田天虹旗舰店以及Max City、银行、培训机构、餐饮、休闲娱乐等一应俱全,地铁交通：距离10号地铁坂田北地铁站约150米，距离5号线地铁五和地铁站约800米。（数据来源百度地图）,,,暂无数据,2021-01-23,商品房,普通住宅,暂无数据,非共有,无抵押,挂牌时间:2021-01-23 | 交易权属:商品房 | 上次交易:暂无数据 | 房屋用途:普通住宅 | 房屋年限:暂无数据 | 产权所属:非共有 | 抵押信息:无抵押 | 房本备件:未上传房本照片,客厅 / 21.06平米 / 无 / 无窗 ; 卧室A / 12.8平米 / 东北 / 普通窗 ; 卧室B / 9.86平米 / 东北 东南 / 普通窗 ; 卧室C / 9.78平米 / 无 / 无窗 ; 卫生间A / 1.88平米 / 东北 / 普通窗 ; 卫生间B / 2.37平米 / 无 / 无窗 ; 阳台 / 8.93平米 / 无 / 无窗,
悦峰复式四房 动静分区 私密性好 满五唯一 使用率高,"佳兆业悦峰2期 , 坂田",4室2厅,121.38平米,南,精装,低楼层(共28层),2015年,,832 万,68546 元,15,,,VR房源 | 房本满五年,https://sz.lianjia.com/ershoufang/105107869017.html,VR房源 | 房本满五年,满五唯一 朝南看花园 业主诚心出售 户型方正 居住舒适,小区自带泳池，篮球场，羽毛球场及锻炼器材小广场。楼下有华润万家，钱大妈，南北药行，优口果鲜，理发美容，悦峰社康等满足业主的日常需求。步行700米可至杨美美食街，有各类美食，鑫华盛百货，美家福百货等。距离深圳坂田医院2500米,,有地铁5号线杨美站C出口，4站抵深圳北站深圳东站，西至前海湾东至黄贝岭。或步行400米至宏扬公交站也有多条公交路线可达深圳各区域。无缝衔接各大高速，直上布龙路、清平、南坪、水官，规划中坂银隧道通车后可实现10公里至福田北环大道,,,2015-12-27,2021-07-06,商品房,普通住宅,满五年,共有,有抵押,挂牌时间:2021-07-06 | 交易权属:商品房 | 上次交易:2015-12-27 | 房屋用途:普通住宅 | 房屋年限:满五年 | 产权所属:共有 | 抵押信息:有抵押 | 房本备件:已上传房本照片,客厅 / 22.02平米 / 西南 东南 / 落地窗 ; 餐厅 / 15.44平米 / 东北 / 普通窗 ; 卧室A / 12.01平米 / 西南 / 普通窗 ; 卧室B / 7.72平米 / 东北 / 普通窗 ; 卧室C / 13.15平米 / 西南 / 普通窗 ; 卧室D / 17.4平米 / 西南 东南 / 落地窗 ; 厨房 / 4.91平米 / 东北 / 普通窗 ; 卫生间A / 4.55平米 / 东北 / 普通窗 ; 卫生间B / 4.36平米 / 东北 / 普通窗 ; 卫生间C / 5.23平米 / 东北 / 普通窗 ; 阳台A / 3.26平米 / 西南 东南 / 普通窗 ; 阳台B / 3.51平米 / 西南 东南 / 普通窗 ; 储物间 / 5.23平米 / 无 / 无窗 ; 过道A / 4.29平米 / 无 / 无窗 ; 过道B / 9.45平米 / 无 / 无窗,
户型方正，装修保养好，业主诚心卖，满五年，大社区,"信义嘉御山 , 坂田",5室2厅,137.52平米,南,精装,低楼层(共33层),2015年,板塔结合,830 万,60355 元,7,,,近地铁 | VR看装修,https://sz.lianjia.com/ershoufang/105110519469.html,地铁 | VR看装修,此房朝南看花园，4+1户型，装修保养可以，位置安静，满五年,信义嘉御豪园分三期开发，共3008户。2013-2015年底交房，小区内有泳池，配套有公里龙岗机关幼儿园，户型多样，66平-77平，方正通透的两房；83-88平，朝南或南北的三房户型；85平 复式 四房三卫；117-217平 改善大户型。,地铁五号线（五和站）和十号线（坂田北站）可以到达罗湖、宝安、南山、福田、平湖等区域；开车去往福田线路：项目北侧贝尔路-梅观高速-彩田路、坂银通道已于2020年4月28号正式通车、快步抵达福田。小区有坂田天虹、五和路口北、坂田市场等公交站，直达全市,地铁：双地铁10号线坂田北站、5号线五和站，到深圳北站两个地铁站。 公交：楼下就有坂田路口北、坂田天虹公交站，有十几路公交经过，通达深圳市各个区域。 自驾出行也只很翻方便，小区出来快速上珠三角环线，五和大道主干道链接多条快速路。,,,暂无数据,2022-05-14,商品房,普通住宅,暂无数据,非共有,有抵押 140万元 客户偿还,挂牌时间:2022-05-14 | 交易权属:商品房 | 上次交易:暂无数据 | 房屋用途:普通住宅 | 房屋年限:暂无数据 | 产权所属:非共有 | 抵押信息:有抵押 140万元 客户偿还 | 房本备件:未上传房本照片,客厅 / 51.08平米 / 无 / 未知窗户类型 ; 卧室A / 13.03平米 / 无 / 未知窗户类型 ; 卧室B / 11.12平米 / 无 / 未知窗户类型 ; 卧室C / 17.24平米 / 无 / 未知窗户类型 ; 卧室D / 8.29平米 / 西 北 / 普通窗 ; 卫生间A / 4.63平米 / 无 / 未知窗户类型 ; 卫生间B / 4.62平米 / 无 / 未知窗户类型 ; 阳台 / 5.54平米 / 西 南 / 落地窗 ; 储物间 / 5.22平米 / 无 / 无窗,
平层两房好房华为地铁口出行方便,"嘉霖华禧 , 坂田",2室2厅,60.3平米,南,精装,中楼层(共7层),2017年,塔楼,230 万,38143 元,4,,,近地铁 | VR房源,https://sz.lianjia.com/ershoufang/105117484776.html,地铁 | VR房源,格局方正平层两房端户居住舒服业主诚意出售,,,,,,暂无数据,2024-07-02,商品房,商务公寓,暂无数据,非共有,有抵押 110万元 业主自还,挂牌时间:2024-07-02 | 交易权属:商品房 | 上次交易:暂无数据 | 房屋用途:商务公寓 | 房屋年限:暂无数据 | 产权所属:非共有 | 抵押信息:有抵押 110万元 业主自还 | 房本备件:未上传房本照片,客厅 / 18.43平米 / 西北 / 落地窗 ; 卧室A / 10.03平米 / 西南 西北 / 落地窗 ; 卧室B / 5.78平米 / 西南 / 落地窗 ; 厨房 / 4.06平米 / 西南 / 普通窗 ; 卫 / 4.17平米 / 无 / 无窗,
富豪花园满五唯一中间楼层看房方便,"富豪花园 , 坂田",4室1厅,96.53平米,南 北,精装,中楼层(共7层),1994年,,330 万,34187 元,1,,,VR房源,https://sz.lianjia.com/ershoufang/105117269613.html,VR房源,此房满五唯一，税费少，房子才装修两年保养不错。正地铁口,,,5号线正地铁口物业，交通很方便，开车可以上南坪和坂银，布龙路，去布吉，南山，福田。罗湖都很方便,,,暂无数据,2024-06-12,商品房,普通住宅,暂无数据,非共有,有抵押 100万元 银行,挂牌时间:2024-06-12 | 交易权属:商品房 | 上次交易:暂无数据 | 房屋用途:普通住宅 | 房屋年限:暂无数据 | 产权所属:非共有 | 抵押信息:有抵押 100万元 银行 | 房本备件:未上传房本照片,客厅 / 24.96平米 / 西 西南 东 南 / 普通窗 ; 卧室A / 8.3平米 / 西南 / 普通窗 ; 卧室B / 8.17平米 / 南 / 普通窗 ; 卧室C / 15.63平米 / 东 南 / 普通窗 ; 卧室D / 11.27平米 / 北 东 / 普通窗 ; 厨房 / 10.4平米 / 北 东 / 普通窗 ; 卫生间 / 3.2平米 / 无 / 无窗,
一楼带20平花园，朝南三房户型，位置安静税少自住装修,"万科四季花城四期 , 坂田",3室2厅,116.88平米,南 北,精装,低楼层(共8层),2002年,板塔结合,588 万,50309 元,14,,,近地铁 | VR看装修 | 房本满五年,https://sz.lianjia.com/ershoufang/105116270673.html,地铁 | VR看装修 | 房本满五年,一楼带前后花园，红本满五年唯一有，精装自住,小区由万科地产集团开发，一共有36个独立苑，共分七期开发，花园式小区，绿化植被很多，带露天游泳池和健身会所及相应运动器械供住户健身，社区运动氛围棒；万科物业24小时严格管控，夜间有保安巡逻，外人基本无法随意出入，人车分流，充分保护行人安全。,小区内有博雅、曼京、海丽达幼儿园等，商场类有华润万家，海达和成购物广场、阳光湾畔，8号仓奥特莱斯等。医疗类有深圳坂田医院、布吉医院花城社康医院（小区内）；网球场，篮球场，健身会所等！,此房距离地铁5号线和10号线A口和200米，交通发达，小区旁边有布龙路、梅观高速、机荷高速、南坪快速等，乘坐公交或驾车出行到福田、罗湖、南山等地较方便（距离信息来源于百度地图）,,,2006-11-28,2024-03-07,商品房,普通住宅,满五年,非共有,有抵押 300万元 银行.商贷和经营贷，可以自行搞定 业主自还,挂牌时间:2024-03-07 | 交易权属:商品房 | 上次交易:2006-11-28 | 房屋用途:普通住宅 | 房屋年限:满五年 | 产权所属:非共有 | 抵押信息:有抵押 300万元 银行.商贷和经营贷，可以自行搞定 业主自还 | 房本备件:已上传房本照片,客厅 / 33.23平米 / 北 南 / 落地窗 ; 卧室A / 17.04平米 / 南 / 落地窗 ; 卧室B / 13.99平米 / 北 / 落地窗 ; 卧室C / 15.34平米 / 北 东 / 落地窗 ; 厨房 / 4.74平米 / 北 / 普通窗 ; 卫A / 4.1平米 / 西 / 普通窗 ; 卫B / 3.38平米 / 南 / 普通窗 ; 阳台A / 25.24平米 / 西 东 南 / 落地窗 ; 阳台B / 2.61平米 / 西 北 / 普通窗 ; 过道 / 3.82平米 / 无 / 无窗,
坂田地铁口三房，看花园位置安静，满五年自住保养好,"珠江旭景佳园 , 坂田",3室2厅,89.85平米,南,,中楼层(共18层),2017年,塔楼,410 万,45632 元,7,,,近地铁 | VR看装修,https://sz.lianjia.com/ershoufang/105116166394.html,地铁 | VR看装修,近地铁交通方便，看花园房子位置安静，已经满了5年，诚售,"旭景佳园01年6月批地,分3期开发,分别070809年交楼,共1419户,金地物业。5号线坂田地铁口,地理位置优越,邻银湖山梅林关,四通八达。综合户型配套物业各维度,属坂田南北性价较高小区,坂银开通后成为福田后花园,加之价格低,实属福田南山通勤的刚需客户之不二选择",二期内有旭景幼稚园。三期人车分流，小区有3千㎡底商，南侧有坂田湾畔配套；距小区300米有两万㎡万科里。2km内有阳光湾畔、8号仓、坂田天虹等商场。1km有坂田医院。,"四通八达,小区邻布龙路坂雪岗大道两大动脉,南面1km上坂银南坪,通达福田南山方便；东面两个灯位上清平水官,通达罗湖盐田惠州；西侧2km上G94,通达宝安东莞广州；北达天安和华为。350米到5号线坂田地铁口,1站换10号线到福田口岸。小区东门150m就是公交站。",,,暂无数据,2024-02-28,商品房,普通住宅,暂无数据,非共有,有抵押 业主自还,挂牌时间:2024-02-28 | 交易权属:商品房 | 上次交易:暂无数据 | 房屋用途:普通住宅 | 房屋年限:暂无数据 | 产权所属:非共有 | 抵押信息:有抵押 业主自还 | 房本备件:未上传房本照片,客厅 / 29.06平米 / 南 / 普通窗 ; 卧室A / 11.2平米 / 无 / 未知窗户类型 ; 卧室B / 9.68平米 / 无 / 未知窗户类型 ; 卧室C / 7.23平米 / 无 / 未知窗户类型 ; 厨房 / 4.6平米 / 北 / 普通窗 ; 卫 / 3.47平米 / 北 / 普通窗 ; 阳台A / 3.74平米 / 西 东 南 / 普通窗 ; 阳台B / 1.67平米 / 北 / 普通窗,
地铁次新小区，精装四房高使用率，固定车位,"儒骏城立方 , 坂田",4室2厅,87.32平米,东北,,低楼层(共27层),2017年,板塔结合,519 万,59437 元,11,,,近地铁 | VR房源,https://sz.lianjia.com/ershoufang/105116283817.html,地铁 | VR房源,此房为地铁口次新物业，南北向精装四房，高使用率，满五唯一,小区位于布龙路与坂雪岗大道交汇处，是2017年入伙的。小区是由三栋住宅和一栋写字楼组成，共273户，实行人车分流，小区生活便利。,小区步行500米可至扬马市场，方圆2公里内有平安公园、银湖山森林公园、坂田医院、坂田天虹，万科里，星河商城，8号仓等，配套完善，可以满足基本的生活需求,"交通其便利，步行3min可抵达5号线坂田站，步行5min可抵达10号线五和站。
坂银通道15min可抵达福田区，五和枢纽2025年投入使用，半小时抵达南山前海，坐拥五条轨道线 （两条地铁、三条城际），开启城际小时生活圈。",,,暂无数据,2024-03-08,商品房,普通住宅,暂无数据,非共有,有抵押 228万元,挂牌时间:2024-03-08 | 交易权属:商品房 | 上次交易:暂无数据 | 房屋用途:普通住宅 | 房屋年限:暂无数据 | 产权所属:非共有 | 抵押信息:有抵押 228万元 | 房本备件:未上传房本照片,客厅 / 31.15平米 / 北 / 落地窗 ; 卧室A / 10.97平米 / 无 / 未知窗户类型 ; 卧室B / 13.59平米 / 南 / 落地窗 ; 卧室C / 10.77平米 / 南 / 落地窗 ; 卧室D / 9.36平米 / 西 / 落地窗 ; 厨房 / 4.47平米 / 北 / 落地窗 ; 卫生间A / 5.24平米 / 无 / 未知窗户类型 ; 卫生间B / 4.09平米 / 西 / 普通窗 ; 阳台A / 2.17平米 / 北 东 / 落地窗 ; 阳台B / 4.44平米 / 西 北 / 落地窗,
配套齐全，交通方便，使用率高。,"佳兆业城市广场五期 , 坂田",3室2厅,89.53平米,东南,,低楼层(共39层),2019年,塔楼,230 万,25690 元,1,,,近地铁,https://sz.lianjia.com/ershoufang/105116827560.html,地铁,配套齐全，交通方便，使用率高。,小区规模：总共分为6期开发的大楼盘，总占地约300000，全部项目总建面约1800000平米。3个幼儿园：自带综合MALL，加270米万豪酒店（六期项目），五期的地理位置很好，小区东门门口200米就是地铁口雪象站,小区是新社区人车分流车位充足，24小时保安轮流值班社区有自己的健身广场和花园园林式社区依托高新技术产业园物业形态丰富集酒店于一体隔壁就是天安云谷华为总部旁边大型shoppingmall也正在建设中,项目是着坂雪岗大道和坂澜大道，沿着坂雪岗大道可以去梅林关（去关内方向）、也可以转布龙路转南坪快速和水官高速，也可以从转贝尔路再转梅关高速，上坂澜大道可以去观澜也可以去平湖。高速交通：梅观高速、清平高速、坂雪岗大道、南坪快速，坂银通道等,,,暂无数据,2024-04-28,商品房,商业办公类,暂无数据,共有,有抵押 81万元,挂牌时间:2024-04-28 | 交易权属:商品房 | 上次交易:暂无数据 | 房屋用途:商业办公类 | 房屋年限:暂无数据 | 产权所属:共有 | 抵押信息:有抵押 81万元 | 房本备件:未上传房本照片,客厅 / 32.06平米 / 北 / 落地窗 ; 卧室A / 12.52平米 / 西 北 / 落地窗 ; 卧室B / 12.26平米 / 西 北 / 落地窗 ; 卧室C / 8.19平米 / 北 / 落地窗 ; 卫A / 4.81平米 / 北 / 落地窗 ; 卫B / 4.41平米 / 北 / 落地窗 ; 过道 / 11.66平米 / 无 / 无窗,
户型方正 餐客厅及主卧南北对流 看花园视野好,"信义嘉御山 , 坂田",3室2厅,87.71平米,北,,低楼层(共27层),2015年,板塔结合,620 万,70688 元,4,,,近地铁 | VR看装修,https://sz.lianjia.com/ershoufang/105114263307.html,地铁 | VR看装修,户型方正，餐客厅及主卧南北对流，采光好，看花园视野好,信义嘉御山是坂田新的大社区的，小区一共有8期，目前1-5期已经交房入住，坂田双地铁口的大盘，一期楼下有天虹商场，有星巴克，KFC，面点王，健身会所，SAP等配套成熟，还开了佳华商场MAX.CITY有海底捞，探鱼等餐饮名店 各大银行围绕小区、旁边有大企华为,,地铁5号线五和站已通车，10号线坂田北已通车 还有大型公交站台，多路公交；,,,暂无数据,2023-07-16,商品房,普通住宅,暂无数据,共有,有抵押 120,挂牌时间:2023-07-16 | 交易权属:商品房 | 上次交易:暂无数据 | 房屋用途:普通住宅 | 房屋年限:暂无数据 | 产权所属:共有 | 抵押信息:有抵押 120 | 房本备件:未上传房本照片,客厅 / 25.08平米 / 无 / 未知窗户类型 ; 卧室A / 9.06平米 / 北 / 普通窗 ; 卧室B / 10.2平米 / 无 / 未知窗户类型 ; 卧室C / 19.21平米 / 无 / 未知窗户类型 ; 厨房 / 5.53平米 / 无 / 未知窗户类型 ; 卫生间A / 3.78平米 / 无 / 未知窗户类型 ; 卫生间B / 3.37平米 / 无 / 未知窗户类型 ; 阳台 / 6.04平米 / 西 北 东 / 普通窗 ; 过道 / 4.95平米 / 无 / 无窗,
新装修大四房 带入户 电梯高层景观视野开阔,"佳兆业中央广场一期 , 坂田",4室2厅,117.71平米,南,精装,高楼层(共48层),2013年,塔楼,665 万,56495 元,3,,,近地铁 | VR看装修,https://sz.lianjia.com/ershoufang/105114651400.html,地铁 | VR看装修,新装修大四房 带入户 电梯高层景观视野开阔,总共分为6期，大型社区，3个幼儿园：大型综合MALL，加270米酒店（六期项目），一期位置安静。离地铁商场最近，近天安云谷，步行即可，环境好，合适居家,新社区，人车分流，24小时保安轮流值班，社区有自己的健身广场和花园，园林式社区。依托高新技术产业园，佳兆业城市广场物业形态丰富，集住宅、酒店于一体。小区左边是天安云谷、华为总部基地，配套齐全,项目是靠着坂雪岗大道和坂澜大道，沿着坂雪岗大道可以去梅林关（去关内方向）、也可以转布龙路转南坪快速和水官高速，也可以从转贝尔路再转梅关高速，上坂澜大道可以去观澜也可以去平湖。地铁10号线两个地铁口，岗头站和雪象站,,,暂无数据,2023-08-29,商品房,普通住宅,暂无数据,非共有,有抵押 300万元 银行 客户偿还,挂牌时间:2023-08-29 | 交易权属:商品房 | 上次交易:暂无数据 | 房屋用途:普通住宅 | 房屋年限:暂无数据 | 产权所属:非共有 | 抵押信息:有抵押 300万元 银行 客户偿还 | 房本备件:未上传房本照片,客厅 / 25.57平米 / 北 南 / 落地窗 ; 卧室A / 10.18平米 / 无 / 未知窗户类型 ; 卧室B / 17.39平米 / 无 / 未知窗户类型 ; 卧室C / 11.03平米 / 无 / 未知窗户类型 ; 卧室D / 7.7平米 / 北 / 普通窗 ; 厨房 / 4.52平米 / 东 / 普通窗 ; 卫生间A / 4.45平米 / 南 / 普通窗 ; 卫生间B / 4.22平米 / 北 / 普通窗 ; 阳台A / 2.39平米 / 南 / 普通窗 ; 阳台B / 6.55平米 / 西 北 东 / 普通窗 ; 过道 / 7.2平米 / 无 / 无窗 ; 门厅 / 10.01平米 / 北 / 落地窗,
小区近地铁，步行800米左右。小区带幼儿园,"珠江旭景佳园 , 坂田",1室1厅,65.19平米,东南,精装,低楼层(共24层),2008年,塔楼,290 万,44486 元,5,,,近地铁 | VR看装修,https://sz.lianjia.com/ershoufang/105113380109.html,地铁 | VR看装修,有入户，朝东南 采光很好没有主路安静,小区分3期开发，近1500户，地铁口物业，紧靠银湖山和梅林关，地理位置优越，进出关内外方便。小区房价优惠，同区域二手房对比有很大的优势。所以有很多关内的客户在此小区置业。生活配套成熟，是刚需值得购买的小区。,小区距坂田地铁口600米。小区旁边大族云峰商场。1公里还有阳光湾畔，8号仓，坂田天虹等等。距银湖山1.5公里，坂银隧道1.5公里，到关内更方便。,5号线坂田地铁口大约600米，去宝安或者罗湖都很方便。小区门口就是公交站；小区前面是坂雪岗大道和布龙路，自驾的话，1000米可以上南坪快速，再走水官高速到龙岗，梅观高速到观澜和东莞，或者经梅林关，新彩隧道进福田，罗湖和南山都很方便,,,暂无数据,2023-04-16,商品房,普通住宅,暂无数据,非共有,无抵押,挂牌时间:2023-04-16 | 交易权属:商品房 | 上次交易:暂无数据 | 房屋用途:普通住宅 | 房屋年限:暂无数据 | 产权所属:非共有 | 抵押信息:无抵押 | 房本备件:未上传房本照片,客厅 / 22.22平米 / 东南 / 普通窗 ; 卧室 / 11.05平米 / 东南 / 落地飘窗 ; 厨房 / 4.5平米 / 东北 / 普通窗 ; 卫生间 / 3.64平米 / 东北 / 普通窗 ; 阳台 / 6.04平米 / 西南 东北 东南 / 普通窗 ; 门厅 / 3.97平米 / 东北 / 落地窗,
高层安静，朝南看花园，正出阳台，随看随签,"信义嘉御山5期 , 坂田",3室2厅,72.89平米,南 北,精装,高楼层(共39层),2016年,塔楼,550 万,75457 元,5,,,VR看装修 | 房本满五年,https://sz.lianjia.com/ershoufang/105115296410.html,VR看装修 | 房本满五年,此房东南向看花园位置三房 厅出阳台，得房率高。,,小区下面自带底层店铺，开发商自持，目前已全部进驻，包括中西式餐饮、教育培训、婴幼儿用品，便利店及坂田天虹旗舰店，生活方便，小区内有幼儿园，家门口尽享优质生活，小区南侧是MIX City7层楼综合商心街区，有百佳华chao市，海底捞，麦当劳，星巴克等品牌.,开车出行：小区出来贝尔路可快速上G94梅关高速，坂雪岗大道上坂银通道直通福田南山。 地铁出行：10号线坂田北站，10号线5号线中转站五和站。 公交出行：里石排站，坂田市场站，坂田路口站，坂田路口北站等,,,2019-04-19,2023-11-10,商品房,普通住宅,满五年,非共有,有抵押 448万元 客户偿还,挂牌时间:2023-11-10 | 交易权属:商品房 | 上次交易:2019-04-19 | 房屋用途:普通住宅 | 房屋年限:满五年 | 产权所属:非共有 | 抵押信息:有抵押 448万元 客户偿还 | 房本备件:已上传房本照片,客厅 / 27.95平米 / 东南 / 落地窗 ; 卧室A / 11.23平米 / 无 / 未知窗户类型 ; 卧室B / 8.13平米 / 西南 / 普通窗 ; 卧室C / 9.33平米 / 西南 / 普通窗 ; 厨房 / 3.78平米 / 西南 / 普通窗 ; 卫 / 3.82平米 / 无 / 普通窗 ; 阳台A / 4.05平米 / 西南 东南 / 普通窗 ; 阳台B / 2.02平米 / 西南 / 普通窗,
四季花城复式出售，南北向，位置安静,"万科四季花城七期 , 坂田",5室2厅,104.6平米,南 北,,高楼层(共6层),2003年,板楼,550 万,52582 元,2,,,近地铁 | VR房源,https://sz.lianjia.com/ershoufang/105114849021.html,地铁 | VR房源,房子满五年， 南北向，位置安静，复式房，带露台,小区由万科地产集团开发，一共有36个独立苑，共分七期开发，花园式小区，绿化植被很多，带露天游泳池和健身会所及相应运动器械供住户健身，社区运动氛围棒；万科物业24小时严格管控，夜间有保安巡逻，外人基本无法随意出入，人车分流，充分保护行人安全。,小区内有博雅、曼京、海丽达幼儿园等，商场类有华润万家，海达和成购物广场、阳光湾畔，8号仓奥特莱斯等。医疗类有深圳坂田医院、布吉医院花城社康医院（小区内）；网球场，篮球场，健身会所等！,此房距离地铁5号线和10号线A口，交通发达，小区旁边有布龙路、梅观高速、机荷高速、南坪快速等，乘坐公交或驾车出行到福田、罗湖、南山等地较方便（距离信息来源于百度地图）,,,暂无数据,2023-09-19,商品房,普通住宅,暂无数据,非共有,有抵押,挂牌时间:2023-09-19 | 交易权属:商品房 | 上次交易:暂无数据 | 房屋用途:普通住宅 | 房屋年限:暂无数据 | 产权所属:非共有 | 抵押信息:有抵押 | 房本备件:未上传房本照片,客厅 / 34.51平米 / 北 南 / 普通窗 ; 卧室A / 15.66平米 / 南 / 落地飘窗 ; 卧室B / 10.52平米 / 无 / 未知窗户类型 ; 卧室C / 7.83平米 / 北 / 普通窗 ; 卧室D / 9.23平米 / 北 / 普通窗 ; 卧室E / 16.08平米 / 无 / 未知窗户类型 ; 厨房 / 5.12平米 / 北 / 普通窗 ; 卫A / 4.36平米 / 东 / 普通窗 ; 卫B / 3.07平米 / 南 / 普通窗 ; 卫C / 2.43平米 / 南 / 普通窗 ; 阳台A / 4.84平米 / 西 西南 南 东南 / 普通窗 ; 阳台B / 2.82平米 / 北 东 / 普通窗 ; 过道 / 2.76平米 / 无 / 无窗 ; 过道 / 42.01平米 / 北 东 南 / 落地窗,
高楼层东南向大4房 满五唯一 红本在手 业主诚心出售,"信义嘉御山 , 坂田",4室2厅,140.3平米,东南,精装,高楼层(共31层),2013年,板塔结合,920 万,65574 元,1,,,近地铁 | VR看装修 | 房本满五年,https://sz.lianjia.com/ershoufang/105117974115.html,地铁 | VR看装修 | 房本满五年,此房满五年唯一，红本在手。朝向东南，高楼层 业主诚心出售,信义嘉御豪园分三期开发，占地近100000平米，建面400000平，共3008户。2013-2015年底交房，小区内有泳池，配套有公立幼儿园，户型多样，66平-77平方正通透的两房；83-88平朝南或南北的三房户型；85平复式四房三卫；117-217平 改善大户型。,小区东面800米处有一市政公园--黄君山公园，公园旁龙岗区国际艺术场馆在建中；小区自带坂田天虹旗舰店 过马路还有百佳华MAX CITY商场，购物吃饭都是很方便的,轨道交通10号线坂田北站400米，5+10号线交汇的五和站890米；吉华路和五和大道交汇处有公交站台有几十路公交经过通达全市各个区域；小区停车场出口出来转个弯上G94高速，出行很方便。,,,2014-04-12,2024-08-16,商品房,普通住宅,满五年,非共有,无抵押,挂牌时间:2024-08-16 | 交易权属:商品房 | 上次交易:2014-04-12 | 房屋用途:普通住宅 | 房屋年限:满五年 | 产权所属:非共有 | 抵押信息:无抵押 | 房本备件:已上传房本照片,客厅 / 34.3平米 / 无 / 未知窗户类型 ; 卧室A / 11.95平米 / 东南 / 普通窗 ; 卧室B / 12.85平米 / 无 / 未知窗户类型 ; 卧室C / 18.24平米 / 无 / 未知窗户类型 ; 卧室D / 10.72平米 / 西南 西北 / 落地窗 ; 厨房 / 6.25平米 / 西北 / 普通窗 ; 卫A / 6.06平米 / 无 / 未知窗户类型 ; 卫B / 3.13平米 / 西北 / 普通窗 ; 阳台 / 8.9平米 / 西南 东北 东南 / 普通窗 ; 过道 / 7.27平米 / 无 / 无窗 ; 门厅 / 5.41平米 / 西南 / 普通窗,
满五年  税费少   自住方便看房,"星光之约 , 坂田",2室1厅,70.99平米,南,,低楼层(共6层),2002年,板楼,420 万,59164 元,1,,,近地铁 | VR房源,https://sz.lianjia.com/ershoufang/105118732192.html,地铁 | VR房源,此房满五年唯一，带大院子，适合有老人的家庭，10号线南坑站,星光之约花园位于坂田梅坂大道南。小区1998年批地，2004年入住，小区有6栋住宅楼，1-3栋为楼梯，4-6栋为电梯，全部是小高层建筑，主要是两房--四房户型，小区四周不临路，安静，内部有篮球场、休闲广场等设施。,小区门口是临街商铺，有钱大妈，各式餐饮，生活集市等。小区距离星河WORLD cocopark商场只有600米左右；距离8号仓奥特莱斯商场约1.7公里；距离南坑农贸市场约1公里；小区距离雅宝山体公园约1.2公里。,小区大门口是五和大道，路边有星光之约公交站台，10号线南坑站和雅宝站距离小区都是约500米左右。五和大道与坂雪岗大道、布龙路、龙华大道，民治大道等多条主干道衔接，小区到梅林关仅2个红绿灯，小区2公里范围内覆盖梅观高速，南坪快速，坂银通道等快速路。,,,暂无数据,2024-10-28,商品房,普通住宅,暂无数据,非共有,有抵押 22万元 农业银行 金融公司垫资,挂牌时间:2024-10-28 | 交易权属:商品房 | 上次交易:暂无数据 | 房屋用途:普通住宅 | 房屋年限:暂无数据 | 产权所属:非共有 | 抵押信息:有抵押 22万元 农业银行 金融公司垫资 | 房本备件:未上传房本照片,客厅 / 27.33平米 / 南 / 普通窗 ; 卧室A / 9.27平米 / 无 / 未知窗户类型 ; 卧室B / 12.81平米 / 南 / 普通窗 ; 厨房 / 5.84平米 / 东 / 普通窗 ; 卫 / 4.36平米 / 无 / 无窗 ; 露台 / 22.49平米 / 西 东 南 / 普通窗,
高楼层视野好、朝花园位置安静业主诚心卖,"大族云峰一期 , 坂田",3室2厅,102.64平米,北,,32层,2019年,板塔结合,598 万,58262 元,0,,,近地铁 | VR看装修,https://sz.lianjia.com/ershoufang/105117797578.html,地铁 | VR看装修,高楼层视野好、朝花园位置安静业主诚心卖,,楼下就是商场湾畔Mall，去万科里，天虹商场，8号仓，星河CocoPark也很方便，坂田医院，银湖山郊野公园。,坂银隧道首站，直抵福田，全方位立体交通，地铁：十号线雅园站，五号线坂田站和五和站，3站深圳北。,,,暂无数据,2024-08-01,商品房,普通住宅,暂无数据,非共有,有抵押 中国建设银行股份有限公司深圳市分行,挂牌时间:2024-08-01 | 交易权属:商品房 | 上次交易:暂无数据 | 房屋用途:普通住宅 | 房屋年限:暂无数据 | 产权所属:非共有 | 抵押信息:有抵押 中国建设银行股份有限公司深圳市分行 | 房本备件:未上传房本照片,客厅 / 26.82平米 / 北 南 / 普通窗 ; 卧室A / 9.37平米 / 无 / 未知窗户类型 ; 卧室B / 14.83平米 / 无 / 未知窗户类型 ; 卧室C / 7.13平米 / 南 / 落地窗 ; 厨房 / 7.47平米 / 西 / 落地窗 ; 卫A / 4.2平米 / 南 / 普通窗 ; 卫B / 4.28平米 / 无 / 未知窗户类型 ; 阳台 / 5.39平米 / 西 北 东 / 普通窗 ; 过道 / 3.02平米 / 无 / 无窗,
春华四季园2加2户型 厅出阳台朝南 满五年红本唯一,"春华四季园一期 , 坂田",4室2厅,69.02平米,东南,,中楼层(共11层),2006年,板楼,400 万,57955 元,9,,,近地铁 | VR房源,https://sz.lianjia.com/ershoufang/105115840215.html,地铁 | VR房源,此房满五年红本唯一免个税，朝南，实用面积80平,"：
总规划户数约3000户。6000平方米的湖坡、1000米的风情街——右一坊、室外泳池及室内恒温泳池、3000平方米的运动场地、幼儿园等等。二期户型产品丰富多样，包括70平方米左右的两房、95－122平方米左右的三房、136－157平方米的四-五房！",小区自带：小区一条街、华润万家、特蕾丝幼儿园、游泳馆、网球场、篮球场、羽毛球场、休闲会所等配套，生活购物便利，购物：8号仓奥特莱斯、龙华名车广场，东门离阳光湾畔购物广场、海达和成购物广场,小区离地铁五和站1500米，深圳北站2公里，小区南门有多趟公交车直达南山，罗湖，福田，开车可以直接在南门上梅观高速转南坪快速，机荷高速，关口位置，交通便利,,,暂无数据,2024-01-11,商品房,普通住宅,暂无数据,非共有,无抵押,挂牌时间:2024-01-11 | 交易权属:商品房 | 上次交易:暂无数据 | 房屋用途:普通住宅 | 房屋年限:暂无数据 | 产权所属:非共有 | 抵押信息:无抵押 | 房本备件:未上传房本照片,客厅 / 29.37平米 / 南 / 落地窗 ; 卧室A / 7.92平米 / 东 南 / 落地窗 ; 卧室B / 12.32平米 / 无 / 未知窗户类型 ; 卧室C / 7.63平米 / 无 / 未知窗户类型 ; 厨房 / 5.68平米 / 北 / 落地窗 ; 卫 / 3.66平米 / 无 / 未知窗户类型 ; 阳台 / 5.36平米 / 东 南 / 落地窗 ; 储物间 / 6.59平米 / 南 / 落地窗,
佳兆业悦峰，四房两厅三卫，南北通透户型,"佳兆业悦峰 , 坂田",5室2厅,125.51平米,南 北,精装,高楼层(共27层),2013年,板塔结合,1050 万,83659 元,0,,,近地铁 | VR房源,https://sz.lianjia.com/ershoufang/105117688562.html,地铁 | VR房源,大花园小区，南北通透格局，视野宽广，交通便利,佳兆业悦峰是佳兆业开发商，是上市房企排名靠前的开发商，开发商实力雄厚，佳兆业物业也是比较优质的物业管理公司，为小区高品质生活保驾护航。该小区是2013年次新小区，佳兆业物业，容积2.5，车位1：1带有室内篮球场，生活配套较齐全，居住舒适,,有地铁5号线杨美站C出口900米（参考高德地图），4站抵深圳北站深圳东站，西至赤湾东至黄贝岭。或步行400米至宏扬公交站也有多条公交路线可达深圳各区域。衔接各大高速快速，3公里内直上布龙路、清平高速、水官高速，南坪快速、梅观高速、坂银通道等,,,暂无数据,2024-07-21,商品房,普通住宅,暂无数据,共有,无抵押,挂牌时间:2024-07-21 | 交易权属:商品房 | 上次交易:暂无数据 | 房屋用途:普通住宅 | 房屋年限:暂无数据 | 产权所属:共有 | 抵押信息:无抵押 | 房本备件:未上传房本照片,客厅 / 41.58平米 / 北 南 / 落地窗 ; 卧室A / 12.47平米 / 无 / 未知窗户类型 ; 卧室B / 15.32平米 / 北 东 / 落地窗 ; 卧室C / 16.1平米 / 无 / 未知窗户类型 ; 卧室D / 13.22平米 / 南 / 普通窗 ; 厨房 / 7.6平米 / 北 / 普通窗 ; 卫A / 4.44平米 / 北 / 普通窗 ; 卫B / 4.38平米 / 北 / 普通窗 ; 卫C / 4.25平米 / 北 / 普通窗 ; 阳台A / 2.14平米 / 北 / 普通窗 ; 阳台B / 8.37平米 / 东 南 / 普通窗 ; 阳台C / 8.34平米 / 东 南 / 普通窗 ; 储物间 / 4.95平米 / 无 / 无窗 ; 过道 / 10.34平米 / 无 / 无窗 ; 衣帽间 / 3.24平米 / 无 / 无窗,
信义嘉御山朝南向经典二房诚心出售,"信义嘉御山 , 坂田",2室2厅,69.79平米,南,,26层,2013年,板塔结合,445 万,63763 元,0,,,近地铁 | VR看装修 | 房本满五年,https://sz.lianjia.com/ershoufang/105120129286.html,地铁 | VR看装修 | 房本满五年,朝南采光好，经典大二房，布局合理。,信义嘉御豪园分三期开发，占地近100000平米，建面400000平，共3008户。2013-2015年底交房，小区内有泳池，配套有公里龙岗机关幼儿园，户型多样，66平-77平，方正通透的两房；83-88平，朝南或南北的三房户型；85平 复式 四房三卫；117-217平 改善大户型。,信义嘉御山是坂田新的大社区的，小区一共有8期，坂田双地铁口的大盘，一期楼下有天虹商场，有星巴克，KFC，面点王，健身会所，SAP等配套成熟，还开了佳华商场MAX.CITY有海底捞，探鱼等餐饮名店 各大银行围绕小区、旁边有大企华为。,双地铁10号线、5号线物业，到深圳北站两个地铁站，信义嘉御山小区采用人车分流，绿化面积大，24小时封闭物业管理，居住环境舒适。,,,2015-01-26,2025-03-21,商品房,普通住宅,满五年,非共有,无抵押,挂牌时间:2025-03-21 | 交易权属:商品房 | 上次交易:2015-01-26 | 房屋用途:普通住宅 | 房屋年限:满五年 | 产权所属:非共有 | 抵押信息:无抵押 | 房本备件:已上传房本照片,客厅 / 28.03平米 / 无 / 未知窗户类型 ; 卧室A / 11.97平米 / 无 / 未知窗户类型 ; 卧室B / 13.48平米 / 南 / 普通窗 ; 厨房 / 4.4平米 / 无 / 未知窗户类型 ; 卫生间 / 4.07平米 / 无 / 未知窗户类型 ; 阳台 / 7.3平米 / 西 东 南 / 普通窗,
业主诚心卖，10号线地铁口好出租，户型方正诚心卖,"华创云轩 , 坂田",2室2厅,29平米,南 北,精装,20层,2018年,塔楼,127 万,43794 元,60,,,近地铁 | VR房源,https://sz.lianjia.com/ershoufang/105109480008.html,地铁 | VR房源,业主诚心卖，10号线地铁口 好出租，采光通风好 户型方正实用,华创云轩占地面积：12553平方米 共2栋，其中A栋20层，B栋21层 小区有地下停车场车位充足，有四层商场，4楼为空中花园,配套有万科城购物街、天虹商场、坂田购物广场，天安云谷大型商场，佳兆业城市广场，楼下上下四层的商场,拥有立体的交通网络：地铁10号线华为站就在小区楼下，坂银通道已开通，项目直达市区，上机荷、清平、梅关，通达全城!,,,暂无数据,2021-12-14,商品房,商务公寓,暂无数据,非共有,无抵押,挂牌时间:2021-12-14 | 交易权属:商品房 | 上次交易:暂无数据 | 房屋用途:商务公寓 | 房屋年限:暂无数据 | 产权所属:非共有 | 抵押信息:无抵押 | 房本备件:未上传房本照片,客厅 / 12.87平米 / 北 / 落地窗 ; 卧室A / 5.74平米 / 东北 / 普通窗 ; 卧室B / 6.18平米 / 无 / 未知窗户类型 ; 厨房 / 3.29平米 / 南 / 普通窗 ; 卫生间 / 2.04平米 / 南 / 普通窗 ; 过道 / 3.52平米 / 无 / 无窗,
此房户型方正南北通双地铁口物业,"金洲嘉丽园 , 坂田",3室2厅,96.28平米,北,精装,7层,2003年,板楼,435 万,45181 元,1,,,近地铁 | VR房源 | 房本满五年,https://sz.lianjia.com/ershoufang/105119452479.html,地铁 | VR房源,此房户型方正南北通双地铁口物业有大花园,金洲物业于2002年批地，05年建成。管理费1元每平方， 由12栋多层住宅正南正北向排成，共580户，240个车位，户型分别是两房、三房，一楼带花园，六楼顶楼带天台花园。内设有幼儿园、游泳池、篮球场，小孩有滑滑梯，老人有健身器材等,步行150米内有扬马菜市场、260米内有公园，文体广场，600米内有工、农、中、建、招商等银行营业厅；3000米半径圈内配套有：城立方，万科里，星河COCOpark、8号仓、银湖山森林公园、坂田医院、坂田天虹、坂田手造文化街,小区位于两条地铁线的中间，5号线的坂田站和10号线的坂田北，门口就是公交站台，到那里都比较方便，离坂银通道两个站,,,2004-04-23,2025-01-10,商品房,普通住宅,未满两年,非共有,有抵押 390万元 农商银行,挂牌时间:2025-01-10 | 交易权属:商品房 | 上次交易:2004-04-23 | 房屋用途:普通住宅 | 房屋年限:未满两年 | 产权所属:非共有 | 抵押信息:有抵押 390万元 农商银行 | 房本备件:已上传房本照片,客厅 / 29.52平米 / 北 / 普通窗 ; 卧室A / 8.23平米 / 北 / 落地飘窗 ; 卧室B / 13.46平米 / 南 / 普通窗 ; 卧室C / 8.44平米 / 南 / 普通窗 ; 厨房 / 5.58平米 / 无 / 无窗 ; 卫A / 4.14平米 / 北 / 普通窗 ; 卫B / 3.9平米 / 北 / 普通窗 ; 阳台A / 5.4平米 / 西 北 / 普通窗 ; 阳台B / 3.24平米 / 无 / 无窗 ; 露台（按现状绘制，如有偏差，以产权证明为准） / 29.62平米 / 西 南 / 普通窗 ; 过道 / 3.15平米 / 无 / 无窗,
新出朝南3加1户型，客厅出阳台 位置安静,"佳兆业城市广场五期 , 坂田",4室2厅,89.71平米,南,精装,中楼层(共43层),2019年,板楼,480 万,53506 元,2,,,近地铁 | VR看装修,https://sz.lianjia.com/ershoufang/105120191377.html,地铁 | VR看装修,此房子满五年唯一 税费少，只需要交个契税就可以 红本在手,,新社区人车分流，24小时保安轮流值班社区有自己的健身广场和花园园林式社区依托高新技术产业园佳兆业城市广场物业形态丰富集酒店于一体隔壁就是天安云谷华为总部 楼下就 是雪象地铁站 出行方便,项目是挨着坂雪岗大道和坂澜大道，沿着坂雪岗大道可以去梅林关（去关内方向）、也可以转布龙路转南坪快速和水官高速，也可以从转贝尔路再转梅关高速，上坂澜大道可以去观澜也可以去平湖。交通很方便。高速交通：梅观高速、清平高速、坂雪岗大道、南坪快速,,,暂无数据,2025-03-26,商品房,普通住宅,暂无数据,非共有,无抵押,挂牌时间:2025-03-26 | 交易权属:商品房 | 上次交易:暂无数据 | 房屋用途:普通住宅 | 房屋年限:暂无数据 | 产权所属:非共有 | 抵押信息:无抵押 | 房本备件:未上传房本照片,客厅 / 19.51平米 / 无 / 落地窗 ; 书房 / 6.02平米 / 无 / 落地窗 ; 卧室A / 9.47平米 / 无 / 未知窗户类型 ; 卧室B / 11.57平米 / 无 / 未知窗户类型 ; 卧室C / 10.46平米 / 无 / 普通窗 ; 厨房 / 8.16平米 / 无 / 落地窗 ; 卫A / 3.31平米 / 无 / 普通窗 ; 卫B / 3.05平米 / 无 / 落地窗 ; 阳台A / 4.69平米 / 无 / 落地窗 ; 阳台B / 6.74平米 / 无 / 落地窗 ; 过道 / 5.03平米 / 无 / 无窗,
梅林关电梯两房 满五年红本在手唯一,"星光之约 , 坂田",2室1厅,74.85平米,北,,中楼层(共10层),2003年,板楼,350 万,46761 元,3,,,近地铁 | VR看装修,https://sz.lianjia.com/ershoufang/105117095580.html,地铁 | VR看装修,满五红本 10号线地铁口，有花园，户型方正实用，诚心出售。,星光之约花园位于坂田于龙华民治交界处，10号线雅宝站地鉄口，近梅林关。小区1998年批，2004年入住，小区有6栋住宅楼，1-3栋为楼梯，4-6栋为电梯，全部是小高层建筑，主要是两房--四房户型，小区四周不临路，菲常安静，内部有篮球场、游泳池、休闲广场等设施,小区门口有一些商铺，有钱大妈，卖蔬菜，卖早餐的及一些零售店。小区距离星河WORLD cocopark商场，步行约600米左右；距离8号仓奥特莱斯商场步行约1.7公里；距离南坑农贸市场步行约1公里；小区距离雅宝山体公园步行约1.2公里；距离五和社康忠心约1.6公里。,,此房满五年，红本在手，唯一，只有一个点的契税，成本少，诚心卖。,,暂无数据,2024-05-25,商品房,普通住宅,暂无数据,共有,无抵押,挂牌时间:2024-05-25 | 交易权属:商品房 | 上次交易:暂无数据 | 房屋用途:普通住宅 | 房屋年限:暂无数据 | 产权所属:共有 | 抵押信息:无抵押 | 房本备件:未上传房本照片,客厅 / 23.19平米 / 北 / 普通窗 ; 卧室A / 9.95平米 / 东 / 落地窗 ; 卧室B / 10.35平米 / 无 / 未知窗户类型 ; 厨房 / 6.2平米 / 西 / 普通窗 ; 卫 / 3.51平米 / 东 / 普通窗 ; 阳台 / 3.76平米 / 西 北 东 / 普通窗 ; 过道 / 1.71平米 / 无 / 无窗,
5号线沿线大四房业主诚意出售看房方便,"泓瀚苑 , 坂田",4室2厅,119.72平米,南,简装,高楼层(共8层),2000年,塔楼,360 万,30071 元,2,,,近地铁 | VR房源 | 随时看房,https://sz.lianjia.com/ershoufang/105118062482.html,地铁 | VR房源 | 随时看房,此房满五年，户型方正实用，高楼层，南北通格局，采光 通风好,,有坂田商 业广场，过红绿灯是百佳华、巨幕电影院、品牌餐饮（爱婉婷、海底捞、星巴克等），过马路是坂田天虹等，配套齐全，生活便利,小区自驾出行出小区沿着吉华路往东可以达到布吉、罗湖、龙岗等区域，往西600米到达龙华区，往南上梅观高速-皇岗北路到达福田区，经梅观高速-南坪快速-北环大道直抵南山，距5号线五和站约300多米路程，两站到达深圳北站高铁站，可以换乘4号线,,,暂无数据,2024-08-25,商品房,普通住宅,暂无数据,共有,有抵押 客户偿还,挂牌时间:2024-08-25 | 交易权属:商品房 | 上次交易:暂无数据 | 房屋用途:普通住宅 | 房屋年限:暂无数据 | 产权所属:共有 | 抵押信息:有抵押 客户偿还 | 房本备件:未上传房本照片,客厅 / 21.67平米 / 东南 / 普通窗 ; 餐厅 / 12.1平米 / 无 / 无窗 ; 卧室A / 8.5平米 / 西北 / 普通窗 ; 卧室B / 10.76平米 / 西北 / 普通窗 ; 卧室C / 15.37平米 / 东南 / 落地窗 ; 卧室D / 10.59平米 / 东南 / 普通窗 ; 厨房 / 8.67平米 / 西北 东北 / 普通窗 ; 卫A / 5.12平米 / 西北 / 普通窗 ; 卫B / 2.97平米 / 无 / 无窗 ; 阳台A / 3.23平米 / 西北 东北 / 普通窗 ; 阳台B / 4.39平米 / 西南 东南 / 普通窗,
朝南向 位置安静 业主自住 装修保养好,"佳兆业中央广场一期 , 坂田",3室2厅,89.28平米,东南,精装,低楼层(共47层),2013年,板楼,480 万,53764 元,2,,,近地铁 | VR看装修 | 房本满五年,https://sz.lianjia.com/ershoufang/105119167470.html,地铁 | VR看装修 | 房本满五年,房子朝南向，业主自住，全屋二次装修，装修保养好。,新社区，人车分流，24小时保安轮流值班，小区内有自己的健身广场和花园，园林式社区，自带大泳池，健身场所、会所，配套齐全，居家舒适。,佳兆业城市广场社区依托高新技术产业园，物业形态丰富，集住宅、酒店、大型综合体配套于一体，小区旁边就是天安云谷、华为总部。,10号线双地铁口物业，项目是挨着坂雪岗大道和坂澜大道，沿着坂雪岗大道可以去梅林关，也可以转布龙路转南坪快速和水官高速，也可以从转贝尔路再转梅关高速，上坂澜大道可以去观澜也可以去平湖；多条公交路线直达罗湖、福田，交通很便利。,,,2018-06-22,2024-12-10,商品房,普通住宅,满五年,共有,有抵押 160万元,挂牌时间:2024-12-10 | 交易权属:商品房 | 上次交易:2018-06-22 | 房屋用途:普通住宅 | 房屋年限:满五年 | 产权所属:共有 | 抵押信息:有抵押 160万元 | 房本备件:已上传房本照片,客厅 / 22.01平米 / 无 / 未知窗户类型 ; 卧室A / 7.02平米 / 南 / 落地窗 ; 卧室B / 10.52平米 / 无 / 未知窗户类型 ; 卧室C / 8.68平米 / 无 / 未知窗户类型 ; 厨房 / 5.71平米 / 东 / 普通窗 ; 卫 / 3.89平米 / 无 / 无窗 ; 阳台 / 6.45平米 / 西 东 南 / 落地窗 ; 过道 / 2.9平米 / 无 / 无窗,
精装的复式，年租金4个百分点以上,"华创云轩 , 坂田",2室1厅,32.62平米,北,,20层,2018年,塔楼,106 万,32496 元,1,,,近地铁 | 随时看房,https://sz.lianjia.com/ershoufang/105122026853.html,地铁 | 随时看房,朝北看天安云谷，无遮挡，开门后南北对流.通燃气,,小区配套成熟 一二楼为长龙mall，齐集吃喝玩乐。 10号地铁在侧，尽享出行便捷。 马路对望是万科城小区，共享万科城风情街和社康门诊。 医疗；距离800米有深圳肖传国医院（专科医院），距离约1.3公里有深圳远东妇产医院。,环保出行楼下经常停有共享单车以下距离数据来源百度地图地铁：10号线华为站D出口约50米下楼即可享受地铁出行公交站华为单身宿舍北距离约180米距离象角塘西约330米距离万科城实验站约330米,,,暂无数据,2025-09-05,商品房,商业办公类,暂无数据,非共有,无抵押,挂牌时间:2025-09-05 | 交易权属:商品房 | 上次交易:暂无数据 | 房屋用途:商业办公类 | 房屋年限:暂无数据 | 产权所属:非共有 | 抵押信息:无抵押 | 房本备件:未上传房本照片,客厅 / 14.9平米 / 北 / 落地窗 ; 卧室A / 7.44平米 / 无 / 未知窗户类型 ; 卧室B / 6.42平米 / 南 / 普通窗 ; 厨房 / 3.31平米 / 南 / 普通窗 ; 卫 / 2.66平米 / 南 / 普通窗 ; 过道 / 3.99平米 / 无 / 无窗,
坂银隧道，次新大5房 2梯3户 高实用，停车方便,"大族云峰一期 , 坂田",5室3厅,166平米,南 北,,30层,2019年,板塔结合,1150 万,69278 元,0,,,近地铁 | VR看装修,https://sz.lianjia.com/ershoufang/105121870565.html,地铁 | VR看装修,此房业主两套房 看房子提前预约有租客 业主诚心卖的,小区由4栋住宅围合建成，楼间距宽，住家舒适，次新小区，现代园林布景美观，人车分离,楼下就是商体湾畔Mall，去万科里，天虹商场，8号仓，星河CocoPark也很方便，坂田医院，银湖山郊野公园,坂银隧道首站，直抵福田，全方位立体交通，地铁：十号线雅园站、五和站--五号线坂田站，3站深圳北,,,暂无数据,2025-08-21,商品房,普通住宅,暂无数据,非共有,有抵押 200万元 上海银行,挂牌时间:2025-08-21 | 交易权属:商品房 | 上次交易:暂无数据 | 房屋用途:普通住宅 | 房屋年限:暂无数据 | 产权所属:非共有 | 抵押信息:有抵押 200万元 上海银行 | 房本备件:未上传房本照片,客厅 / 33.4平米 / 无 / 未知窗户类型 ; 卧室A / 9.86平米 / 南 / 落地窗 ; 卧室B / 18.45平米 / 无 / 未知窗户类型 ; 卧室C / 8.05平米 / 北 / 落地窗 ; 卧室D / 8.49平米 / 无 / 未知窗户类型 ; 厨房 / 6.92平米 / 北 / 普通窗 ; 卫A / 5.19平米 / 无 / 未知窗户类型 ; 卫B / 5.99平米 / 无 / 未知窗户类型 ; 阳台A / 6.92平米 / 西 南 / 普通窗 ; 阳台B / 3.32平米 / 北 东 / 普通窗 ; 储物间 / 13.14平米 / 无 / 未知窗户类型 ; 过道 / 5.64平米 / 无 / 无窗 ; 门厅 / 7.04平米 / 北 / 落地窗 ; 衣 / 2.43平米 / 无 / 无窗,
旭景精致2房，保养好，只交契税,"珠江旭景佳园 , 坂田",2室1厅,41.53平米,南,精装,中楼层(共18层),2008年,塔楼,248 万,59716 元,2,,,近地铁 | VR看装修,https://sz.lianjia.com/ershoufang/105120033999.html,地铁 | VR看装修,旭景精致2房，保养好，只交契税,小区分3期开发，近1500户，地铁口物业，紧靠银湖山和坂银隧道，地理位置优越，进出关内外方便。小区房价处于区域谷值，同区域二手房对比有很大的优势。所以有很多关内的客户在此小区置业。生活配套成熟，是刚需值得购买的小区。,二期内有旭景幼稚园。小区东南侧3千㎡底商，南侧有大族云峰商场已开业；距小区300米有两万㎡万科里。2km内有阳光湾畔、8号仓、坂田天虹等商场。1km有坂田医院。,"四通八达,小区邻布龙路坂雪岗大道两大动脉,南面1km上坂银、南坪,通达福田、南山方便；东面两个灯位上清平、水官,通达罗湖盐田惠州；北达天安和华为。600米到5号线坂田地铁口,1站换10号线到福田口岸。小区东门50m到公交站。",,,暂无数据,2025-03-13,商品房,普通住宅,暂无数据,非共有,有抵押 银行,挂牌时间:2025-03-13 | 交易权属:商品房 | 上次交易:暂无数据 | 房屋用途:普通住宅 | 房屋年限:暂无数据 | 产权所属:非共有 | 抵押信息:有抵押 银行 | 房本备件:未上传房本照片,客厅 / 14.5平米 / 无 / 无窗 ; 卧室A / 8.71平米 / 东南 / 落地飘窗 ; 卧室B / 5.73平米 / 无 / 未知窗户类型 ; 厨房 / 3.05平米 / 西南 西北 / 落地窗 ; 卫 / 3.16平米 / 西南 / 普通窗,
坂田地铁口，配套齐全大四房。家门口级全方位配套。,"德润荣君府 , 坂田",4室2厅,125.38平米,西南 东北,精装,低楼层(共41层),2017年,板楼,830 万,66199 元,0,,27天以前发布,近地铁 | VR看装修 | 房本满五年,https://sz.lianjia.com/ershoufang/105122085757.html,地铁 | VR看装修 | 房本满五年,此房满五唯一，周边配套齐全，户型格局方正，125平大四房。,德润荣君府是2017年建成的次新小区。共6栋楼1060户。有地下车库，人车分流。全封闭式社区安全有保障。小区环境好，绿化高，有泳池和幼儿园。梯户比2梯4户。物业是自持的德润物业，物业费3.5元/㎡/月。小区楼下有商业街铺。,周边配套完善地铁:150m左右到坂田地铁站A口。商业:100米范围内一路之隔是新加坡风格的万科广场。教育:小区有一所幼儿园。一路之隔，还有龙岗外国语。200m到坂田实验。,,,,2017-06-18,2025-09-10,商品房,普通住宅,满五年,非共有,有抵押 385万元 客户偿还,挂牌时间:2025-09-10 | 交易权属:商品房 | 上次交易:2017-06-18 | 房屋用途:普通住宅 | 房屋年限:满五年 | 产权所属:非共有 | 抵押信息:有抵押 385万元 客户偿还 | 房本备件:已上传房本照片,客厅 / 31.83平米 / 无 / 未知窗户类型 ; 卧室A / 10.05平米 / 无 / 未知窗户类型 ; 卧室B / 9.77平米 / 无 / 未知窗户类型 ; 卧室C / 17.19平米 / 无 / 未知窗户类型 ; 卧室D / 12.46平米 / 无 / 未知窗户类型 ; 厨房 / 7.47平米 / 南 / 普通窗 ; 卫A / 5.48平米 / 无 / 未知窗户类型 ; 卫B / 3.62平米 / 东 / 落地窗 ; 阳台 / 6.39平米 / 西 东 南 / 普通窗 ; 过道 / 5.01平米 / 无 / 无窗,
春华四季园二期 6室2厅 南,"春华四季园二期 , 坂田",6室2厅,140.66平米,南,,高楼层(共6层),2007年,板塔结合,1150 万,81758 元,0,,,VR房源,https://sz.lianjia.com/ershoufang/105121952816.html,VR房源,,,,,,,2024-09-20,2025-08-29,商品房,普通住宅,未满两年,非共有,无抵押,挂牌时间:2025-08-29 | 交易权属:商品房 | 上次交易:2024-09-20 | 房屋用途:普通住宅 | 房屋年限:未满两年 | 产权所属:非共有 | 抵押信息:无抵押 | 房本备件:已上传房本照片,客厅 / 29.25平米 / 南 / 普通窗 ; 餐厅 / 25.65平米 / 无 / 无窗 ; 卧室A / 4.32平米 / 东 南 / 落地窗 ; 卧室B / 7.54平米 / 无 / 未知窗户类型 ; 卧室C / 22.42平米 / 无 / 未知窗户类型 ; 卧室D / 14.13平米 / 无 / 未知窗户类型 ; 卧室E / 7.75平米 / 无 / 无窗 ; 卧室F / 25.24平米 / 北 / 落地窗 ; 厨房 / 5.96平米 / 西 / 普通窗 ; 卫A / 3.45平米 / 西 / 普通窗 ; 卫B / 7.49平米 / 无 / 未知窗户类型 ; 卫C / 3.53平米 / 西 / 普通窗 ; 卫D / 3.71平米 / 无 / 无窗 ; 阳台 / 8.91平米 / 南 / 普通窗 ; 露台（按现状绘制，如有偏差，以产权证明为准） / 29.41平米 / 南 / 普通窗 ; 储物间 / 2.98平米 / 无 / 无窗 ; 过道A / 10.97平米 / 无 / 无窗 ; 过道B / 27.97平米 / 无 / 无窗 ; 衣帽间 / 11.56平米 / 无 / 未知窗户类型,
城市广场 少有放卖 满五唯一 中间楼层大阳台 有入户,"佳兆业中央广场三期 , 坂田",4室1厅,176.94平米,南 北,精装,45层,2015年,塔楼,1050 万,59343 元,4,,,近地铁 | VR看装修 | 房本满五年,https://sz.lianjia.com/ershoufang/105114361092.html,地铁 | VR看装修 | 房本满五年,满五唯一，南北朝向，正出大阳台，少有户型，少有放售。,小区规划大型雪象体育公园，三十万商 业综合MALL，270米层高五星国际酒店，百度测量1公 里范围内雪象医院、肖传国医院，地铁10号线雪象、岗头双地铁口，坂银隧道去福田南山交通便捷。,,地铁十号线雪象站A出口，沿着坂雪岗大道可以去梅林关（去关内方向）、也可以转布龙路转南坪快速和水官高速，也可以从转贝尔路再转梅关高速，上坂澜大道可以去观澜也可以去平湖。交通很方便。高速交通：梅观高速、清平高速、坂雪岗大道、南坪快速。,,,2019-01-01,2023-07-28,商品房,普通住宅,满五年,非共有,有抵押,挂牌时间:2023-07-28 | 交易权属:商品房 | 上次交易:2019-01-01 | 房屋用途:普通住宅 | 房屋年限:满五年 | 产权所属:非共有 | 抵押信息:有抵押 | 房本备件:已上传房本照片,客厅 / 52.43平米 / 北 南 / 普通窗 ; 卧室A / 12.01平米 / 南 / 落地窗 ; 卧室B / 16.2平米 / 无 / 未知窗户类型 ; 卧室C / 13.73平米 / 无 / 未知窗户类型 ; 卧室D / 11.88平米 / 北 / 落地窗 ; 厨房 / 9.6平米 / 北 / 普通窗 ; 卫生间A / 5.49平米 / 西 / 普通窗 ; 卫生间B / 5.62平米 / 北 / 普通窗 ; 阳台A / 13.94平米 / 南 / 普通窗 ; 阳台B / 5.67平米 / 南 / 落地窗 ; 阳台C / 3.81平米 / 西 北 东 / 普通窗 ; 过道 / 6.2平米 / 无 / 无窗 ; 门厅 / 15.13平米 / 北 / 落地窗,
底楼复式，自带花园院子，朝南向,"佳兆业中央广场三期 , 坂田",5室3厅,144.33平米,南,,45层,2015年,塔楼,760 万,52658 元,6,,,近地铁 | VR房源 | 随时看房,https://sz.lianjia.com/ershoufang/105112460831.html,地铁 | VR房源 | 随时看房,底楼复式，自带花园院子，朝南向,2017年新小区，一共分六期建设，人车分流，居住氛围好。。。。。,新社区，人车分流，24小时保安轮流值班，社区有自己的健身广场和花园，园林式社区。依托高新技术产业园，佳兆业城市广场物业形态丰富，集住宅、酒店于一体。隔壁就是天安云谷、华为总部。,项目是挨着坂雪岗大道和坂澜大道，沿着坂雪岗大道可以去梅林关（去关内方向）、也可以转布龙路转南坪快速和水官高速，也可以从转贝尔路再转梅关高速，上坂澜大道可以去观澜也可以去平湖。交通很方便。高速交通：梅观高速、清平高速、坂雪岗大道、南坪快速,,,暂无数据,2023-01-25,商品房,普通住宅,暂无数据,非共有,有抵押 610万元,挂牌时间:2023-01-25 | 交易权属:商品房 | 上次交易:暂无数据 | 房屋用途:普通住宅 | 房屋年限:暂无数据 | 产权所属:非共有 | 抵押信息:有抵押 610万元 | 房本备件:未上传房本照片,客厅 / 28.6平米 / 北 南 / 普通窗 ; 卧室A / 8.18平米 / 无 / 未知窗户类型 ; 卧室B / 12.03平米 / 无 / 未知窗户类型 ; 卧室C / 10.6平米 / 无 / 无窗 ; 卧室D / 11.29平米 / 无 / 未知窗户类型 ; 卧室E / 12.28平米 / 无 / 未知窗户类型 ; 卫生间A / 2.47平米 / 北 / 普通窗 ; 卫生间B / 3.85平米 / 北 / 普通窗 ; 卫生间C / 2.5平米 / 北 / 普通窗 ; 阳台 / 6.84平米 / 西 南 / 普通窗 ; 储物间 / 7.45平米 / 西 / 落地窗 ; 过道 / 9.07平米 / 西 / 落地窗,
双地铁口 双面采光 复式两房 中间楼层 东南向,"佳兆业城市广场五期 , 坂田",2室2厅,78.75平米,东南,精装,中楼层(共39层),2019年,塔楼,338 万,42921 元,0,,,近地铁,https://sz.lianjia.com/ershoufang/105118457031.html,地铁,双地铁口  双面采光  复式两房 两卫 次新房 东南向,新社区人车分流，24小时保安轮流值班小区内有自己的健身广场和花园园林式社区自带大泳池健身场所会所配套齐,,10号线地铁物业雪象A和岗头C出口100~200米，项目是挨着坂雪岗大道和坂澜大道，沿着坂雪岗大道可以去梅林关，也可以转布龙路转南坪快速和水官高速，也可以从转贝尔路再转梅关高速，上坂澜大道可以去观澜也可以去平湖；多条公交路线直达罗湖、福田，交通便利,,,暂无数据,2024-09-30,商品房,商业办公类,暂无数据,非共有,有抵押,挂牌时间:2024-09-30 | 交易权属:商品房 | 上次交易:暂无数据 | 房屋用途:商业办公类 | 房屋年限:暂无数据 | 产权所属:非共有 | 抵押信息:有抵押 | 房本备件:未上传房本照片,客厅 / 29.92平米 / 西南 南 / 落地窗 ; 卧室A / 8.67平米 / 南 / 落地窗 ; 卧室B / 16.1平米 / 南 / 落地窗 ; 卫A / 5.27平米 / 南 / 落地窗 ; 卫B / 4.98平米 / 南 / 落地窗 ; 过道 / 7.46平米 / 西南 / 落地窗,
高楼层，采光好，视野开阔，业主自主保养好,"大族云峰一期 , 坂田",3室1厅,104.27平米,西南,精装,高楼层(共29层),2019年,板塔结合,675 万,64736 元,1,,,近地铁 | VR房源,https://sz.lianjia.com/ershoufang/105120799819.html,地铁 | VR房源,高实用 精装修，居住舒适，围合式花园小区，车位充足，楼层好,本小区2019年年底交楼，次新小区，分一二期开发，此小区为一期，共四栋， 楼间距宽，无任何遮挡，楼间距宽，住家舒适，人车分流，园林布景美观,楼下就是商场湾畔MaⅡ，星河CocoPark也很方便，去万科里，8号仓，坂田医院，银湖山郊野公园,坂银隧道首站，去福田、罗湖、南山都很方便，地铁：双地铁，十号线雅园站，五号线坂田站和五和站，3站到深圳北,,,暂无数据,2025-05-20,商品房,普通住宅,暂无数据,非共有,有抵押,挂牌时间:2025-05-20 | 交易权属:商品房 | 上次交易:暂无数据 | 房屋用途:普通住宅 | 房屋年限:暂无数据 | 产权所属:非共有 | 抵押信息:有抵押 | 房本备件:未上传房本照片,客厅 / 30.26平米 / 西 东 / 落地窗 ; 书房 / 7.57平米 / 东 / 落地窗 ; 卧室A / 15.09平米 / 无 / 未知窗户类型 ; 卧室B / 9.85平米 / 无 / 未知窗户类型 ; 厨房 / 8.4平米 / 北 / 落地窗 ; 卫生间A / 4.25平米 / 无 / 未知窗户类型 ; 卫生间B / 4.03平米 / 东 / 普通窗 ; 阳台 / 4.56平米 / 西 北 / 落地窗,
坂田五和双地铁口 和成世纪大两房 电梯高楼层诚售,"和成世纪名园 , 坂田",2室2厅,80.25平米,南,精装,高楼层(共29层),2014年,板楼,388 万,48349 元,3,,,近地铁 | VR看装修,https://sz.lianjia.com/ershoufang/105117124035.html,地铁 | VR看装修,此房满五唯一南向厅出阳台 格局采光好 配套齐全 交通便利,和成世纪名园位于五和大道和布龙路交汇处东南角，五和地铁站B出口旁边，于2014年交房。项目是由深圳市金安业房地产开发有限公司打造的现代化都市综合体项目。小区有三栋高层和一栋写字楼，写字楼和住宅分开管理，社区楼下配套有人人乐百货。,和成世纪自己带三层的购物广场，里面有人人乐，万宁，博雅电影院等，1公里有坂田天虹，佳华领汇，8号仓大型的购物广场，2公里内有银湖山效野公园,地铁：5号线，十号线五和站，在建五和枢纽2026年通车，高速：清平高速--直通清水河，龙景立交转清平高速至布龙路；南平快速：直通福田，南山（均免费）坂银隧道：将坂田与银湖山之间建设坂银隧道，形成特区内外一条新的联系通道和公交主走廊,,,暂无数据,2024-05-28,商品房,普通住宅,暂无数据,非共有,有抵押 建设银行 业主自还,挂牌时间:2024-05-28 | 交易权属:商品房 | 上次交易:暂无数据 | 房屋用途:普通住宅 | 房屋年限:暂无数据 | 产权所属:非共有 | 抵押信息:有抵押 建设银行 业主自还 | 房本备件:未上传房本照片,客厅 / 29.39平米 / 北 南 / 普通窗 ; 卧室A / 12.92平米 / 东 南 / 落地窗 ; 卧室B / 12.48平米 / 无 / 未知窗户类型 ; 厨房 / 4.83平米 / 南 / 落地窗 ; 卫 / 2.78平米 / 无 / 落地窗 ; 阳台A / 2.44平米 / 南 / 落地窗 ; 阳台B / 5.58平米 / 东 南 / 普通窗,
坂田北地铁口 中楼层 满五唯一 刚需上车房,"阳明公寓 , 坂田",1室1厅,36.69平米,南,简装,中楼层(共8层),1998年,板塔结合,108 万,29436 元,3,,,近地铁 | VR看装修 | 房本满五年,https://sz.lianjia.com/ershoufang/105117975578.html,地铁 | VR看装修 | 房本满五年,此房满五唯一税费少 地铁口物业 刚需上车,,,小区在坂田的中间位置，十字路口各个方向都有公交站台，几十路公交车通达全城；小区最近的地铁有2条，5号线和10号线，距离最近的10号线坂田北地铁站约100米距离、距离五和地铁站约500米（数据来源百度地图）。一个红路灯就能上梅观高速，开车出行方便。,,,2019-11-20,2024-08-16,商品房,普通住宅,满五年,非共有,有抵押 32万元 业主自还,挂牌时间:2024-08-16 | 交易权属:商品房 | 上次交易:2019-11-20 | 房屋用途:普通住宅 | 房屋年限:满五年 | 产权所属:非共有 | 抵押信息:有抵押 32万元 业主自还 | 房本备件:已上传房本照片,客厅 / 7.36平米 / 东北 / 普通窗 ; 卧室 / 5.92平米 / 无 / 无窗 ; 厨房 / 2.21平米 / 无 / 普通窗 ; 卫 / 3.33平米 / 西南 / 普通窗 ; 阳台 / 2.23平米 / 东北 / 普通窗 ; 过道 / 5.52平米 / 无 / 无窗,
真复式 高拓高实用 东南向视野开阔 随时可看 急售,"信义嘉御山 , 坂田",4室2厅,85.41平米,东南,精装,中楼层(共29层),2013年,板塔结合,630 万,73762 元,4,,,近地铁 | VR房源,https://sz.lianjia.com/ershoufang/105115842583.html,地铁 | VR房源,此房红本满5唯一，真复式，4房3卫，高拓高实用，东南向无遮挡；,,小区自带四层天虹商场，过天桥还有四层佳华商场，可以满足日常购物的各种需要；,三地铁围绕，南向是地铁十号线和五号线交汇站五和站，东向是十号线坂田北站，以上都已通车，北向是在修建的地铁25号线黄君山站；如果自驾2个红绿灯可上梅观高速；,,,暂无数据,2024-01-11,商品房,普通住宅,暂无数据,非共有,无抵押,挂牌时间:2024-01-11 | 交易权属:商品房 | 上次交易:暂无数据 | 房屋用途:普通住宅 | 房屋年限:暂无数据 | 产权所属:非共有 | 抵押信息:无抵押 | 房本备件:未上传房本照片,客厅 / 24.02平米 / 南 / 普通窗 ; 卧室A / 9.34平米 / 无 / 未知窗户类型 ; 卧室B / 5.47平米 / 无 / 未知窗户类型 ; 卧室C / 9.97平米 / 无 / 未知窗户类型 ; 卧室D / 18.36平米 / 南 / 落地窗 ; 厨房 / 5.87平米 / 无 / 未知窗户类型 ; 卫A / 2.94平米 / 西 / 落地窗 ; 卫B / 2.58平米 / 西 / 落地窗 ; 卫C / 4.62平米 / 西 / 普通窗 ; 阳台 / 5.63平米 / 西 南 / 普通窗 ; 过道 / 4.83平米 / 无 / 无窗 ; 门厅 / 4.57平米 / 西 / 普通窗,
业主有心卖，满五唯一，看合适可以谈，看房提前预约,"佳兆业城市广场五期 , 坂田",3室2厅,89.65平米,东南,精装,高楼层(共43层),2019年,板楼,480 万,53542 元,0,,,近地铁 | VR看装修,https://sz.lianjia.com/ershoufang/105121621632.html,地铁 | VR看装修,"1：满五唯一，税费低，
2:保养比较好，整个小区次新户型最好..",2019年次新的小区靠近深大学校，地铁10号线户型使用率超110整个小区最好的户型,,,,,2025-08-10,2025-07-30,商品房,普通住宅,未满两年,非共有,有抵押,挂牌时间:2025-07-30 | 交易权属:商品房 | 上次交易:2025-08-10 | 房屋用途:普通住宅 | 房屋年限:未满两年 | 产权所属:非共有 | 抵押信息:有抵押 | 房本备件:已上传房本照片,客厅 / 19.46平米 / 南 / 普通窗 ; 卧室A / 9.36平米 / 无 / 未知窗户类型 ; 卧室B / 11.78平米 / 无 / 未知窗户类型 ; 卧室C / 10.33平米 / 东 / 普通窗 ; 厨房 / 8.44平米 / 东 / 普通窗 ; 卫A / 3.11平米 / 东 / 普通窗 ; 卫B / 3.1平米 / 无 / 普通窗 ; 阳台A / 4.82平米 / 东 南 / 普通窗 ; 阳台B / 6.89平米 / 东 / 普通窗 ; 储物间 / 6.26平米 / 无 / 无窗 ; 过道 / 5.02平米 / 无 / 无窗,
十号线光雅园站 大三房两卫 满五唯一少税 诚售,"阳光第五季 , 坂田",3室1厅,107平米,南,,低楼层(共17层),2008年,板塔结合,458 万,42804 元,2,,,近地铁 | VR看装修,https://sz.lianjia.com/ershoufang/105121478629.html,地铁 | VR看装修,此房满五唯一，户型方正，采光好，配套齐全，交通便利。,小区是2008年小区，物业费3.85/平米，一梯四户，车位比1比0.5，停车月卡200/月阳光第五季位于坂田五和大道旁，万科四季花城南侧，小区占地17314㎡，建筑面积48480㎡，由两栋11层两栋17层的小高层组成，计488套单位。主要面向年轻人士定位,距离小区200米处有一个大型的8号仓奥特莱斯购物广场，坂田医院距离小区1000米，离坂田天虹1500米。 2公里范围内有坂田手造文化街、星河、佳华购物广场、银湖山森林公园。,近地铁，出小区即可到地铁口，开车去福田南山都很方便，很不错，楼下50米就是10号线地铁口，直达福田口岸；900米达到五和地铁站 可以换乘5号线至宝安/前海 梅观高速上下口也是在1千米范围内，开车到福田南山也很便利。,,,暂无数据,2025-07-17,商品房,普通住宅,暂无数据,非共有,无抵押,挂牌时间:2025-07-17 | 交易权属:商品房 | 上次交易:暂无数据 | 房屋用途:普通住宅 | 房屋年限:暂无数据 | 产权所属:非共有 | 抵押信息:无抵押 | 房本备件:未上传房本照片,客厅 / 35.63平米 / 无 / 未知窗户类型 ; 卧室A / 8.17平米 / 北 / 落地飘窗 ; 卧室B / 8.98平米 / 北 / 落地飘窗 ; 卧室C / 15.56平米 / 无 / 未知窗户类型 ; 厨房 / 5.76平米 / 西 北 / 普通窗 ; 卫A / 2.44平米 / 东 / 普通窗 ; 卫B / 4.36平米 / 无 / 未知窗户类型 ; 阳台 / 2.33平米 / 西 南 / 普通窗 ; 门厅 / 6.3平米 / 北 南 / 普通窗,
临湖四层洋房 看湖景 业主自己住保养好,"春华四季园一期 , 坂田",4室2厅,172.64平米,东南,,高楼层(共5层),2006年,板塔结合,1100 万,63717 元,0,,,VR房源,https://sz.lianjia.com/ershoufang/105118649334.html,VR房源,临湖四层洋房 看湖景 业主自己住保养好,小区位于民康路与华南路交汇处，小区分两期开发，总占地19900平，总建面442000平，总户数3063户，车位1：0.8。小区配套完善，6000平的湖泊，1000平的街区，一个室外泳池和一个室内恒温泳池，羽毛球场，篮球场，网球场一应俱全。,"商场：楼下自带一条1000米的街区，1公里范围内有8号仓，五和伍广场，星河cocopark，民治天虹等
公园：1公里范围内梦清公园，民治体育公园
医疗：500米范围深圳市第二儿童医院
文体：深圳市美术馆，深圳市图书馆，深圳市演艺馆，深圳市展览馆","地铁： 1.5公里5号线和10号线五和站，在建深大/深惠/广深城际，1.2公里5号线民治站
快速路：珠三角环线高速，南坪快速，坂银通道，新彩隧道
公交：南门楼下有公交通达各区",,,暂无数据,2024-10-20,商品房,普通住宅,暂无数据,非共有,有抵押,挂牌时间:2024-10-20 | 交易权属:商品房 | 上次交易:暂无数据 | 房屋用途:普通住宅 | 房屋年限:暂无数据 | 产权所属:非共有 | 抵押信息:有抵押 | 房本备件:未上传房本照片,客厅 / 73.4平米 / 东 / 普通窗 ; 卧室A / 18平米 / 无 / 普通窗 ; 卧室B / 12.54平米 / 无 / 未知窗户类型 ; 卧室C / 28.57平米 / 无 / 普通窗 ; 卧室D / 27.18平米 / 无 / 普通窗 ; 厨房 / 5.44平米 / 无 / 无窗 ; 卫A / 4.34平米 / 无 / 无窗 ; 卫B / 4.99平米 / 无 / 普通窗 ; 卫C / 4.3平米 / 无 / 无窗 ; 卫D / 8.42平米 / 无 / 普通窗 ; 露台A / 13.36平米 / 东 / 普通窗 ; 露台B / 12.98平米 / 无 / 普通窗 ; 露台C / 9.74平米 / 无 / 普通窗 ; 露台D / 5.13平米 / 无 / 普通窗 ; 露台E / 38.38平米 / 无 / 普通窗 ; 储物间 / 12.59平米 / 无 / 普通窗 ; 门厅 / 9.32平米 / 西 / 普通窗 ; 过道A / 27.03平米 / 无 / 无窗 ; 过道B / 19.49平米 / 无 / 无窗 ; 过道C / 21.68平米 / 无 / 普通窗 ; 衣帽间 / 4.81平米 / 无 / 无窗,
近地铁安静次新房，花园景观，满五年唯一,"嘉霖华禧 , 坂田",3室2厅,90.23平米,东,精装,高楼层(共15层),2017年,塔楼,430 万,47656 元,9,,,近地铁 | VR看装修,https://sz.lianjia.com/ershoufang/105110962991.html,地铁 | VR看装修,满五年唯一 看花园 三房 视野开阔 业主精心装修,,1. 10号线地铁口雪像站。 2. 万科、保利、华润开发商聚集该区域项目旧~改。 3. 华为全球总部基地，2500多家科研机构。,,,,暂无数据,2022-07-10,商品房,普通住宅,暂无数据,非共有,有抵押 220万元 中国银行 金融公司垫资,挂牌时间:2022-07-10 | 交易权属:商品房 | 上次交易:暂无数据 | 房屋用途:普通住宅 | 房屋年限:暂无数据 | 产权所属:非共有 | 抵押信息:有抵押 220万元 中国银行 金融公司垫资 | 房本备件:未上传房本照片,客厅 / 28.47平米 / 北 / 普通窗 ; 卧室A / 8.26平米 / 无 / 未知窗户类型 ; 卧室B / 13.7平米 / 无 / 未知窗户类型 ; 卧室C / 5.94平米 / 无 / 未知窗户类型 ; 厨房 / 4.81平米 / 南 / 落地窗 ; 卫生间A / 4.28平米 / 无 / 未知窗户类型 ; 卫生间B / 1.43平米 / 无 / 未知窗户类型 ; 阳台 / 5.02平米 / 北 / 普通窗,
此房满五年，高楼层朝东南采光好视野好房子保养不错,"信义嘉御山5期 , 坂田",4室2厅,88.89平米,东南,精装,高楼层(共39层),2016年,塔楼,657 万,73912 元,0,,,VR房源,https://sz.lianjia.com/ershoufang/105120787159.html,VR房源,此房满五年，中高楼层朝东南，采光好，视野好，房子保养不错,,小区下面自带底层店铺，开发商自持，目前已全部进驻，包括中西式餐饮、教育培训、婴幼儿用品，便利店及坂田天虹旗舰店，生活方便，小区内有幼儿园，家门口尽享优质生活，小区南侧是MIX City7层楼综合商心街区，有百佳华chao市，海底捞，麦当劳，星巴克等..,"：
开车出行：小区出来贝尔路可快速上G94梅关高速，坂雪岗大道上坂银通道直通福田南山。 地铁出行：10号线坂田北站，10号线5号线中转站五和站。 公交出行：里石排站，坂田市场站，坂田路口站，坂田路口北站等",,,暂无数据,2025-05-19,商品房,普通住宅,暂无数据,非共有,有抵押,挂牌时间:2025-05-19 | 交易权属:商品房 | 上次交易:暂无数据 | 房屋用途:普通住宅 | 房屋年限:暂无数据 | 产权所属:非共有 | 抵押信息:有抵押 | 房本备件:未上传房本照片,客厅 / 27.27平米 / 无 / 未知窗户类型 ; 卧室A / 9.71平米 / 无 / 未知窗户类型 ; 卧室B / 13.83平米 / 无 / 未知窗户类型 ; 卧室C / 6.08平米 / 西南 西北 / 普通窗 ; 卧室D / 9.56平米 / 西南 / 普通窗 ; 厨房 / 3.96平米 / 西南 / 普通窗 ; 卫A / 4.25平米 / 无 / 未知窗户类型 ; 卫B / 3.85平米 / 无 / 普通窗 ; 阳台A / 4.02平米 / 西南 东南 / 普通窗 ; 阳台B / 2.04平米 / 西南 / 普通窗 ; 过道 / 3.12平米 / 无 / 无窗,
南北通透四房，业主诚心卖，价格可谈,"信义嘉御山5期 , 坂田",4室2厅,88.97平米,南 北,精装,低楼层(共39层),2016年,塔楼,660 万,74183 元,0,,,VR看装修,https://sz.lianjia.com/ershoufang/105120791475.html,VR看装修,通风采光好，业主诚心卖，看房方便。,信义嘉御山是坂田新的大社区的，小区一共有5期，坂田双地铁口的大盘，一期楼下有天虹商场，有星巴克，KFC，面点王，健身会所，SAP等配套成熟，还开了佳华商场MAX.CITY有海底捞，探鱼等餐饮名店 各大银行围绕小区、旁边有大企业华为,,地铁出行：10号线坂田北站，10号线5号线中转站五和站。未来是五和交通枢纽，畅行深圳各地。 公交出行：里石排站，坂田市场站，坂田路口站，坂田路口北站等。1.东临五和大道接梅观，龙华，福田畅行。2.接坂银通道，畅通罗湖，福田,,,暂无数据,2025-05-20,商品房,普通住宅,暂无数据,非共有,有抵押 200万元,挂牌时间:2025-05-20 | 交易权属:商品房 | 上次交易:暂无数据 | 房屋用途:普通住宅 | 房屋年限:暂无数据 | 产权所属:非共有 | 抵押信息:有抵押 200万元 | 房本备件:未上传房本照片,客厅 / 28.33平米 / 北 / 落地窗 ; 卧室A / 7.94平米 / 北 / 普通窗 ; 卧室B / 12.94平米 / 无 / 未知窗户类型 ; 卧室C / 9.68平米 / 北 / 普通窗 ; 卧室D / 8.48平米 / 北 / 普通窗 ; 厨房 / 5.35平米 / 北 / 普通窗 ; 卫A / 4.66平米 / 北 / 落地窗 ; 卫B / 4.43平米 / 北 / 落地窗 ; 阳台A / 1.76平米 / 北 / 普通窗 ; 阳台B / 5.57平米 / 北 / 普通窗 ; 过道 / 3.32平米 / 无 / 无窗,
十二橡树庄园一期 2室1厅 南,"十二橡树庄园一期 , 坂田",2室1厅,72.62平米,南,简装,中楼层(共13层),2011年,板楼,432 万,59488 元,0,,,近地铁 | VR看装修,https://sz.lianjia.com/ershoufang/105121965209.html,地铁 | VR看装修,,,,,,,暂无数据,2025-08-30,商品房,普通住宅,暂无数据,非共有,无抵押,挂牌时间:2025-08-30 | 交易权属:商品房 | 上次交易:暂无数据 | 房屋用途:普通住宅 | 房屋年限:暂无数据 | 产权所属:非共有 | 抵押信息:无抵押 | 房本备件:未上传房本照片,客厅 / 13.28平米 / 北 / 普通窗 ; 卧室A / 14.95平米 / 北 / 落地窗 ; 卧室B / 10.92平米 / 无 / 未知窗户类型 ; 卧室C / 13.98平米 / 南 / 普通窗 ; 厨房 / 5.69平米 / 北 / 普通窗 ; 卫 / 3.99平米 / 无 / 未知窗户类型 ; 阳台A / 3.98平米 / 北 / 普通窗 ; 阳台B / 2.5平米 / 北 / 普通窗 ; 阳台C / 6.51平米 / 西 南 / 普通窗 ; 过道 / 4.35平米 / 无 / 无窗,
信义嘉御山交通便捷，得房率高，带电梯商品房装修好,"信义嘉御山 , 坂田",2室1厅,76.38平米,南,精装,26层,2013年,板塔结合,466 万,61011 元,0,,,近地铁 | VR看装修 | 房本满五年,https://sz.lianjia.com/ershoufang/105121265701.html,地铁 | VR看装修 | 房本满五年,满五年现在唯一红本，南向高楼层，视野无遮挡，保养好,信义嘉御豪园分3期开发，占地近100000平米，建面400000平，共3008户。2013-2015年底交房，小区内有泳池，下楼就有幼儿园，户型多样，66平-77平方正2房；83-88平朝南或南北的3房；85平复式4房3卫；117-217平改善大平层，小区人车分流设计。,信义嘉御山是坂田次新大社区，一期楼下天虹商场，有星巴克，KFC，必胜客，奈雪，喜茶，泸溪河，华为，小米，中航健身会所等商家，过马路还有佳华商场MAX.CITY有海底捞，探鱼等餐饮名店，还有招行，建行，江苏银行围绕小区，整体配套很全生活便利,双地铁10号线、5号线物业，到深圳北站两个地铁站，信义嘉御山小区采用人车分流，绿化面积大，24小时封闭物业管理，居住环境舒适。,,,2013-12-12,2025-06-29,商品房,普通住宅,满五年,非共有,无抵押,挂牌时间:2025-06-29 | 交易权属:商品房 | 上次交易:2013-12-12 | 房屋用途:普通住宅 | 房屋年限:满五年 | 产权所属:非共有 | 抵押信息:无抵押 | 房本备件:已上传房本照片,客厅 / 26.78平米 / 无 / 未知窗户类型 ; 卧室A / 13.16平米 / 南 / 普通窗 ; 卧室B / 11.22平米 / 无 / 未知窗户类型 ; 厨房 / 3.96平米 / 北 / 普通窗 ; 卫 / 3.93平米 / 无 / 未知窗户类型 ; 阳台 / 7.27平米 / 西 东 南 / 普通窗,
满五唯一带入户 精装修 自住保养好 看山看水 视野好,"佳兆业中央广场三期 , 坂田",4室2厅,89.07平米,南 北,,44层,2016年,塔楼,538 万,60402 元,1,,,近地铁 | VR看装修,https://sz.lianjia.com/ershoufang/105120767648.html,地铁 | VR看装修,满五唯一进门带入户 精装修 自住保养好 看山看水 视野好,,新社区，人车分流，24小时保安轮流值班，社区有自己的健身广场和花园，园林式社区。依托高新技术产业园，佳兆业城市广场物业形态丰富，集住宅、酒店于一体。隔壁就是天安云谷、华为总部。,项目是挨着坂雪岗大道和坂澜大道，沿着坂雪岗大道可以去梅林关（去关内方向）、也可以转布龙路转南坪快速和水官高速，也可以从转贝尔路再转梅关高速，上坂澜大道可以去观澜也可以去平湖。交通很方便。高速交通：梅观高速、清平高速、坂雪岗大道、南坪快速,这个房子是满五年，业主家庭里面的唯一住宅，只有1%的契税.....,,暂无数据,2025-05-17,商品房,普通住宅,暂无数据,共有,有抵押,挂牌时间:2025-05-17 | 交易权属:商品房 | 上次交易:暂无数据 | 房屋用途:普通住宅 | 房屋年限:暂无数据 | 产权所属:共有 | 抵押信息:有抵押 | 房本备件:未上传房本照片,客厅 / 33.84平米 / 北 / 落地窗 ; 卧室A / 7.57平米 / 北 / 落地窗 ; 卧室B / 12.36平米 / 北 / 落地窗 ; 卧室C / 7.69平米 / 北 / 落地窗 ; 厨房 / 9.3平米 / 北 / 落地窗 ; 卫A / 3.29平米 / 北 / 落地窗 ; 卫B / 4.23平米 / 无 / 未知窗户类型 ; 阳台A / 3.56平米 / 北 / 落地窗 ; 阳台B / 3.95平米 / 北 / 落地窗 ; 储物间 / 5.56平米 / 北 / 普通窗 ; 过道 / 4.93平米 / 无 / 无窗,
银湖谷朝南看山 且安静 装修保养好 可拎包入住,"星河银湖谷 , 坂田",4室1厅,86.49平米,南,精装,低楼层(共48层),2016年,板塔结合,670 万,77466 元,1,,,近地铁 | VR看装修 | 房本满五年,https://sz.lianjia.com/ershoufang/105121011810.html,地铁 | VR看装修 | 房本满五年,房子业主自己住，装修保养比较好，视野开阔没有遮挡，位置安静,小区定位档次高，依山傍水，环境优美，登山道链接银湖山郊野公园。小区出则繁华，如则宁静，离尘不离城。商场配套星河cocopark，地铁口与商场对接，比较便利。,,,,,2019-01-22,2025-06-08,商品房,普通住宅,满五年,非共有,有抵押 兴业银行500万,挂牌时间:2025-06-08 | 交易权属:商品房 | 上次交易:2019-01-22 | 房屋用途:普通住宅 | 房屋年限:满五年 | 产权所属:非共有 | 抵押信息:有抵押 兴业银行500万 | 房本备件:已上传房本照片,客厅 / 24.41平米 / 北 / 普通窗 ; 书房 / 5.63平米 / 北 / 落地窗 ; 卧室A / 8.17平米 / 北 / 落地窗 ; 卧室B / 15.39平米 / 无 / 未知窗户类型 ; 卧室C / 8.16平米 / 北 / 落地窗 ; 厨房 / 4.56平米 / 北 / 普通窗 ; 卫A / 3.95平米 / 无 / 未知窗户类型 ; 卫B / 3.78平米 / 北 / 普通窗 ; 阳台 / 5.49平米 / 北 / 普通窗 ; 过道 / 3.14平米 / 无 / 无窗,
东南向复式五房，中间楼层，业主诚心出售,"信义嘉御山5期 , 坂田",5室1厅,100.22平米,东南,精装,中楼层(共39层),2016年,板塔结合,850 万,84814 元,2,,,近地铁 | VR房源,https://sz.lianjia.com/ershoufang/105120756251.html,地铁 | VR房源,房子使用率高，精装修五房三卫，满五税费少，业主诚心出售,,,开车出行：小区出来贝尔路可快速上G94梅关高速，坂雪岗大道上坂银通道直通福田南山。 地铁出行：10号线坂田北站，10号线5号线中转站五和站。 公交出行：里石排站，坂田市场站，坂田路口站，坂田路口北站,,,暂无数据,2025-05-16,商品房,普通住宅,暂无数据,非共有,有抵押,挂牌时间:2025-05-16 | 交易权属:商品房 | 上次交易:暂无数据 | 房屋用途:普通住宅 | 房屋年限:暂无数据 | 产权所属:非共有 | 抵押信息:有抵押 | 房本备件:未上传房本照片,客厅 / 35.07平米 / 东 / 普通窗 ; 卧室A / 10.81平米 / 无 / 未知窗户类型 ; 卧室B / 13.21平米 / 南 / 普通窗 ; 卧室C / 30.99平米 / 无 / 未知窗户类型 ; 卧室D / 10.79平米 / 无 / 未知窗户类型 ; 卧室E / 7.3平米 / 无 / 未知窗户类型 ; 厨房 / 8.08平米 / 无 / 未知窗户类型 ; 卫A / 3.59平米 / 南 / 普通窗 ; 卫B / 3.52平米 / 无 / 未知窗户类型 ; 卫C / 8.15平米 / 南 / 普通窗 ; 阳台A / 6.28平米 / 东 南 / 普通窗 ; 阳台B / 1.82平米 / 西 东 南 / 普通窗 ; 储物间 / 3.26平米 / 无 / 无窗 ; 过道 / 6.95平米 / 无 / 无窗,
南向 安静 视野开阔 光照足 诚心卖 有钥匙,"大族云峰二期 , 坂田",3室1厅,94.3平米,南,毛坯,30层,2021年,板塔结合,570 万,60446 元,0,,,近地铁 | VR房源 | 随时看房,https://sz.lianjia.com/ershoufang/105121908883.html,地铁 | VR房源 | 随时看房,毛坯南向 安静 视野开阔 光照足 诚心卖 有钥匙,占地约2.6 ，总建面约17.3 ，共1栋4座8个单元。大族云峰2期共1048户，停车位共计1063个，其中地上290个（含充电桩车位185个），地下773个车位（含充电桩车位135个），车位比近1:1 小区2017年批地，于2022交楼，次新小区，分一二期开发，此小区为二期。,楼下就是商场湾畔Mall，去万科里，天虹商场，8号仓，星河CocoPark也很方便，坂田医院，银湖山郊野公园也近。,"此房位置不错，出行方便，地铁公交驾车都方便，门口就是公交站，离坂田地铁A出口800米距离（数据来源百度地图),小区东边是坂雪岗大道，这条大道连接坂银通道，开车去福田罗湖很方便，过了坂银隧道就到福田银湖，大大缩短了去往城区的时间。",,,暂无数据,2025-08-25,商品房,普通住宅,暂无数据,非共有,有抵押 江苏银行 客户偿还,挂牌时间:2025-08-25 | 交易权属:商品房 | 上次交易:暂无数据 | 房屋用途:普通住宅 | 房屋年限:暂无数据 | 产权所属:非共有 | 抵押信息:有抵押 江苏银行 客户偿还 | 房本备件:未上传房本照片,客厅 / 30.99平米 / 南 / 普通窗 ; 卧室A / 11.9平米 / 南 / 落地窗 ; 卧室B / 7.92平米 / 无 / 未知窗户类型 ; 卧室C / 8.4平米 / 无 / 未知窗户类型 ; 厨房 / 4.92平米 / 东 / 普通窗 ; 卫A / 4.43平米 / 无 / 未知窗户类型 ; 卫B / 2.56平米 / 北 / 普通窗 ; 阳台A / 5.19平米 / 东 南 / 普通窗 ; 阳台B / 2.46平米 / 北 东 / 普通窗,
佳华领汇广场 3室2厅 北,"佳华领汇广场 , 坂田",3室2厅,86平米,北,,中楼层(共32层),2016年,塔楼,460 万,53489 元,0,,,近地铁 | VR房源,https://sz.lianjia.com/ershoufang/105121051895.html,地铁 | VR房源,,,,,,,暂无数据,2025-06-11,商品房,普通住宅,暂无数据,非共有,无抵押,挂牌时间:2025-06-11 | 交易权属:商品房 | 上次交易:暂无数据 | 房屋用途:普通住宅 | 房屋年限:暂无数据 | 产权所属:非共有 | 抵押信息:无抵押 | 房本备件:未上传房本照片,客厅 / 16.37平米 / 无 / 普通窗 ; 卧室A / 10.21平米 / 无 / 未知窗户类型 ; 卧室B / 6.63平米 / 东北 / 普通窗 ; 卧室C / 10.27平米 / 东北 东南 / 普通窗 ; 卧室D / 6.57平米 / 西北 / 落地窗 ; 厨房 / 6.03平米 / 东北 / 普通窗 ; 卫 / 2.58平米 / 西北 / 普通窗 ; 阳台A / 2.51平米 / 东北 / 普通窗 ; 阳台B / 5.82平米 / 西北 东北 东南 / 普通窗 ; 过道 / 3.06平米 / 无 / 无窗,
精装3+2房，位置安静看花园，满五唯一税少，业主诚售,"佳兆业中央广场三期 , 坂田",3室2厅,88.03平米,南,精装,46层,2015年,塔楼,505 万,57367 元,3,,,近地铁 | VR看装修 | 房本满五年,https://sz.lianjia.com/ershoufang/105120212035.html,地铁 | VR看装修 | 房本满五年,满五唯一看花园，位置安静， 带入户花园和储物间，实用面积大,社区，总共分为6期，人车分流，24小时保安轮流值班，社区有自己的健身广场和花园，园林式社区。占地约300000平，建面约1800000平米，依托高新技术产业园，佳兆业城市广场物业形态丰富，集住宅、酒店于一体。小区左边是天安云谷、华为总部,社区，总共分为6期，人车分流，24小时保安轮流值班，社区有自己的健身广场和花园，园林式社区。占地约300000平，建面约1800000平米，依托高新技术产业园，佳兆业城市广场物业形态丰富，集住宅、酒店于一体。小区左边是天安云谷、华为总部,,,,2015-08-25,2025-03-28,商品房,普通住宅,满五年,非共有,有抵押 450万元 建设银行 客户偿还,挂牌时间:2025-03-28 | 交易权属:商品房 | 上次交易:2015-08-25 | 房屋用途:普通住宅 | 房屋年限:满五年 | 产权所属:非共有 | 抵押信息:有抵押 450万元 建设银行 客户偿还 | 房本备件:已上传房本照片,客厅 / 33.6平米 / 北 / 落地窗 ; 卧室01 / 7.92平米 / 无 / 未知窗户类型 ; 卧室02 / 12.25平米 / 无 / 未知窗户类型 ; 卧室03 / 8.19平米 / 无 / 未知窗户类型 ; 厨房 / 8.45平米 / 西 / 普通窗 ; 卫01 / 3.38平米 / 北 / 普通窗 ; 卫02 / 3.44平米 / 北 / 普通窗 ; 阳台01 / 6.93平米 / 北 / 普通窗 ; 阳台02 / 3.79平米 / 西 / 普通窗 ; 储物间 / 4.46平米 / 无 / 无窗 ; 过道 / 5.32平米 / 无 / 无窗,
嘉御山五期 中高层看花园4房，景观视野好，安静,"信义嘉御山5期 , 坂田",4室2厅,88.6平米,东北,精装,高楼层(共39层),2016年,塔楼,660 万,74493 元,1,,,VR看装修 | 房本满五年,https://sz.lianjia.com/ershoufang/105116917149.html,VR看装修 | 房本满五年,此房满五唯一，中高楼层，看花园，视野无遮挡，安静。,本小区是16年开盘，17年精装交楼，人车分流动静分离，目前车位能满足一家一车的需求，无需排队办理车位。小区的住户大部分都是华为或者福田上班人群。楼龄新，住户年轻。楼下的底商已全部开业基本满足日常生活需求。,小区北面华为总部绿道，以及gold山公园，从幼儿园到高中之前都在家门口。小区自带天虹购物广场，南面是佳华maxcity，以及刚开业的四星酒店云著酒店。菜市场就在小区东面200米坂田菜市场（2020.07.11重新装修开业）。,开车可直接上珠三角高速，经五和大道、坂雪岗大道连接水官高速和坂银隧道。地铁5号线五和站距离本小区直线距离1公里，距离预计2020.07.28正式的地铁10号线坂田北站走路300米。双地铁交汇。业主可以自由选择地铁还是自驾。,,,2016-03-12,2024-05-08,商品房,普通住宅,满五年,非共有,有抵押 305万元 中行 客户偿还,挂牌时间:2024-05-08 | 交易权属:商品房 | 上次交易:2016-03-12 | 房屋用途:普通住宅 | 房屋年限:满五年 | 产权所属:非共有 | 抵押信息:有抵押 305万元 中行 客户偿还 | 房本备件:已上传房本照片,客厅 / 27.29平米 / 东北 / 落地窗 ; 卧室A / 9.99平米 / 东南 / 普通窗 ; 卧室B / 6.18平米 / 西南 东南 / 普通窗 ; 卧室C / 13.61平米 / 无 / 未知窗户类型 ; 卧室D / 9.47平米 / 东北 / 普通窗 ; 厨房 / 3.93平米 / 东南 / 普通窗 ; 卫A / 3.9平米 / 无 / 普通窗 ; 卫B / 4.44平米 / 东南 / 落地窗 ; 阳台A / 1.97平米 / 东南 / 普通窗 ; 阳台B / 5.51平米 / 西北 东北 东南 / 普通窗 ; 过道 / 2.93平米 / 无 / 无窗,
首付5成买来随时可以出租或者自己都是可以的,"佳兆业城市广场五期 , 坂田",3室2厅,85.63平米,南,,高楼层(共39层),2019年,塔楼,195 万,22773 元,0,,,近地铁,https://sz.lianjia.com/ershoufang/105119096535.html,地铁,高楼层视野开阔，有稳定租约 诚意出售,新社区人车分流，24小时保安轮流值班社区有自己的健身广场和花园园林式社区依托高新技术产业园佳兆业城市广场物业形态丰富集酒店于一体隔壁就是天安云谷华为总部,,项目在坂雪岗大道和坂澜大道处，沿着坂雪岗大道可以去梅林关（去关内方向）、也可以转布龙路转南坪快速和水官高速，也可以从转贝尔路再转梅关高速，上坂澜大道可以去观澜也可以去平湖。交通很方便。高速交通：梅观高速、清平高速、坂雪岗大道、南坪快。,,,暂无数据,2024-12-03,商品房,商业办公类,暂无数据,非共有,有抵押 150万元 客户偿还,挂牌时间:2024-12-03 | 交易权属:商品房 | 上次交易:暂无数据 | 房屋用途:商业办公类 | 房屋年限:暂无数据 | 产权所属:非共有 | 抵押信息:有抵押 150万元 客户偿还 | 房本备件:未上传房本照片,客厅 / 20.78平米 / 无 / 无窗 ; 卧室A / 6.57平米 / 无 / 无窗 ; 卧室B / 8.26平米 / 无 / 未知窗户类型 ; 卧室C / 7.35平米 / 无 / 未知窗户类型 ; 卫 / 4.99平米 / 无 / 无窗,
电梯大4房红本满五年唯一精装位置好 无遮挡全屋风景,"万科四季花城二期 , 坂田",4室2厅,117.3平米,南,精装,9层,2000年,板楼,605 万,51578 元,0,,,近地铁 | VR看装修,https://sz.lianjia.com/ershoufang/105117296551.html,地铁 | VR看装修,电梯大4房红本满五年唯一精装租客住位置好 无遮挡全屋风景,小区由万科地产集团开发，一共有36个独立苑，共分七期开发，花园式小区，绿化植被很多，带露天游泳池和健身会所及相应运动器械供住户健身，社区运动氛围棒；万科物业24小时严格管控，夜间有保安巡逻，外人基本无法随意出入，人车分流，充分保护行人安全。,小区内有博雅、曼京、海丽达幼儿园等，商场类有华润万家，海达和成购物广场、阳光湾畔，8号仓奥特莱斯等。医疗类有深圳坂田医院、布吉医院花城社康医院（小区内）；网球场，篮球场，健身会所等！,此房距离地铁5号线和10号线A口和200米，交通发达，小区旁边有布龙路、梅观高速、机荷高速、南坪快速等，乘坐公交或驾车出行到福田、罗湖、南山等地较方便（距离信息来源于百度地图）,,,暂无数据,2024-06-15,商品房,普通住宅,暂无数据,非共有,无抵押,挂牌时间:2024-06-15 | 交易权属:商品房 | 上次交易:暂无数据 | 房屋用途:普通住宅 | 房屋年限:暂无数据 | 产权所属:非共有 | 抵押信息:无抵押 | 房本备件:未上传房本照片,客厅 / 33.75平米 / 北 南 / 普通窗 ; 卧室A / 9.37平米 / 无 / 未知窗户类型 ; 卧室B / 10.07平米 / 无 / 未知窗户类型 ; 厨房 / 6.19平米 / 南 / 普通窗 ; 卫 / 2.85平米 / 东 / 普通窗 ; 阳台A / 5.25平米 / 西 北 东 / 普通窗 ; 阳台B / 2.7平米 / 西 南 / 普通窗 ; 储物间A / 8.66平米 / 北 / 普通窗 ; 储物间B / 18.62平米 / 无 / 未知窗户类型 ; 过道 / 3.43平米 / 无 / 无窗,
四季花城南北向三房出售，位置安静,"万科四季花城二期 , 坂田",3室2厅,99.88平米,南 北,,6层,2000年,板楼,446 万,44654 元,10,,,近地铁 | VR看装修,https://sz.lianjia.com/ershoufang/105117557133.html,地铁 | VR看装修,房子南北向，位置安静，满五年，双阳台,小区由万科地产集团开发，一共有36个独立苑，共分七期开发，花园式小区，绿化植被很多，带露天游泳池和健身会所及相应运动器械供住户健身，社区运动氛围棒；万科物业24小时严格管控，夜间有保安巡逻，外人基本无法随意出入，人车分流，充分保护行人安全,小区内有博雅、曼京、海丽达幼儿园等，商场类有华润万家，海达和成购物广场、阳光湾畔，8号仓奥特莱斯等。医疗类有深圳坂田医院、布吉医院花城社康医院（小区内）；网球场，篮球场，健身会所等,此房距离地铁5号线和10号线A口和300米，交通发达，小区旁边有布龙路、梅观高速、机荷高速、南坪快速等，乘坐公交或驾车出行到福田、罗湖、南山等地较方便（距离信息来源于百度地图）,,,暂无数据,2024-07-09,商品房,普通住宅,暂无数据,非共有,无抵押,挂牌时间:2024-07-09 | 交易权属:商品房 | 上次交易:暂无数据 | 房屋用途:普通住宅 | 房屋年限:暂无数据 | 产权所属:非共有 | 抵押信息:无抵押 | 房本备件:未上传房本照片,客厅 / 35.35平米 / 南 / 普通窗 ; 卧室A / 6.9平米 / 北 / 落地窗 ; 卧室B / 8.67平米 / 北 / 落地窗 ; 卧室C / 14.77平米 / 无 / 未知窗户类型 ; 厨房 / 4.78平米 / 北 / 落地窗 ; 卫A / 3.35平米 / 东 / 普通窗 ; 卫B / 4.08平米 / 北 / 普通窗 ; 阳台A / 2.97平米 / 北 / 落地窗 ; 阳台B / 3.63平米 / 西 西南 东 南 东南 / 普通窗,
旭景佳园电梯89平3房，东南向，精装修，满五年,"珠江旭景佳园 , 坂田",3室2厅,89.43平米,东南,精装,中楼层(共24层),2008年,塔楼,410 万,45846 元,1,,,近地铁 | VR看装修 | 随时看房,https://sz.lianjia.com/ershoufang/105119845980.html,地铁 | VR看装修 | 随时看房,生活配套成熟，满五年，电梯房，坂田地铁口，保养好,小区分3期开发，近1500户，地铁口物业，紧靠银湖山和坂银隧道，地理位置优越，进出关内外方便。小区房价处于区域谷值，同区域二手房对比有很大的优势。所以有很多关内的客户在此小区置业。生活配套成熟，是刚需值得购买的小区。,二期内有旭景幼稚园。小区东南侧3千㎡底商，南侧有大族云峰商场已开业；距小区300米有两万㎡万科里。2km内有阳光湾畔、8号仓、坂田天虹、万科广场等商场。1km有坂田医院。,"四通八达,小区邻布龙路坂雪岗大道两大动脉,南面1km上坂银南坪,通达福田南山方便；东面两个灯位上清平水官,通达罗湖盐田惠州；西侧2km上G94,1h到宝安东莞广州；北达天安和华为。250米到5号线坂田地铁口,1站换10号线到福田口岸。小区东门150m到公交站。",,,暂无数据,2025-02-26,商品房,普通住宅,暂无数据,非共有,有抵押 广州银行,挂牌时间:2025-02-26 | 交易权属:商品房 | 上次交易:暂无数据 | 房屋用途:普通住宅 | 房屋年限:暂无数据 | 产权所属:非共有 | 抵押信息:有抵押 广州银行 | 房本备件:未上传房本照片,客厅 / 28.29平米 / 东南 / 落地窗 ; 卧室A / 10.84平米 / 东南 / 落地飘窗 ; 卧室B / 6.88平米 / 无 / 未知窗户类型 ; 卧室C / 8.31平米 / 无 / 未知窗户类型 ; 厨房 / 5.48平米 / 西北 / 落地窗 ; 卫 / 3.15平米 / 西北 / 普通窗 ; 阳台A / 4.67平米 / 西南 东北 东南 / 落地窗 ; 阳台B / 2.43平米 / 西北 东北 / 落地窗,
大族高层西北向精装三房，围合式花园小区，满五唯一,"大族云峰二期 , 坂田",3室2厅,91.03平米,西北,精装,29层,2021年,板塔结合,550 万,60420 元,1,,,近地铁 | VR看装修,https://sz.lianjia.com/ershoufang/105119472818.html,地铁 | VR看装修,高实用 精装修，居住舒适，围合式花园小区，车位充足，楼层好,本小区2021年年底交楼，新小区，分一二期开发，此小区为二期，共四栋，每栋分两个单元 楼间距宽，无任何遮挡，楼间距宽，住家舒适，人车分流，园林布景美观,楼下就是商场湾畔MaⅡ，星河CocoPark也很方便，去万科里，8号仓，坂田医院，银湖山郊野公园,坂银隧道首站，去福田、罗湖、南山都很方便，地铁：双地铁，十号线雅园站，五号线坂田站和五和站，3站到深圳北,,,暂无数据,2025-01-12,商品房,普通住宅,暂无数据,非共有,有抵押 建设银行,挂牌时间:2025-01-12 | 交易权属:商品房 | 上次交易:暂无数据 | 房屋用途:普通住宅 | 房屋年限:暂无数据 | 产权所属:非共有 | 抵押信息:有抵押 建设银行 | 房本备件:未上传房本照片,客厅 / 26.43平米 / 西北 / 普通窗 ; 卧室A / 6.62平米 / 东南 / 落地窗 ; 卧室B / 12.89平米 / 无 / 未知窗户类型 ; 卧室C / 9.78平米 / 无 / 未知窗户类型 ; 厨房 / 5.44平米 / 无 / 无窗 ; 卫A / 4.32平米 / 无 / 无窗 ; 卫B / 3.1平米 / 东南 / 普通窗 ; 阳台 / 4.75平米 / 西北 东北 / 普通窗 ; 过道 / 3.16平米 / 无 / 无窗,
近地铁精装四房，3电梯次新楼，满五低税,"星河银湖谷 , 坂田",4室2厅,151.64平米,南 北,精装,低楼层(共49层),2016年,板塔结合,1180 万,77816 元,0,,,VR看装修 | 房本满五年,https://sz.lianjia.com/ershoufang/105117606025.html,VR看装修 | 房本满五年,10号线地铁口，精装大四房，次新房小区，南北通,星河WORLD银湖谷住宅面积为200000㎡，拥有5500㎡园林和泳池，人车分流的规划设计，港式入户大堂，览山阅湖景视野。约700000㎡商务楼群，集300米高层双子塔地和生态写字楼于一体，是金融产业、高新科技、创新产业的总部型经济聚集地,梅林关口，深圳北站商圈，片区交通不断完善，27年星河匠心集大成之作，自持运营大量物业，星河斥巨资打造1600000平航母级综合体，万亿园区产业助力持续 约750000平米联盟。,10号线雅宝站，已经开通。南平快速延长线，新彩隧道，坂银隧道，梅关高速，五大交通便捷到到达深圳各区。 坂银遂道已经通车去往罗湖福田近,,,2018-06-17,2024-07-14,商品房,普通住宅,满五年,非共有,有抵押,挂牌时间:2024-07-14 | 交易权属:商品房 | 上次交易:2018-06-17 | 房屋用途:普通住宅 | 房屋年限:满五年 | 产权所属:非共有 | 抵押信息:有抵押 | 房本备件:已上传房本照片,客厅 / 47.12平米 / 无 / 未知窗户类型 ; 卧室A / 12.68平米 / 南 / 落地窗 ; 卧室B / 33.74平米 / 无 / 未知窗户类型 ; 卧室C / 10.36平米 / 无 / 未知窗户类型 ; 厨房 / 6.57平米 / 北 / 普通窗 ; 卫A / 8.8平米 / 西 / 落地窗 ; 卫B / 5.89平米 / 无 / 未知窗户类型 ; 阳台 / 6.22平米 / 西 南 / 普通窗 ; 过道 / 5.04平米 / 无 / 无窗,
坂田楼上南向标准3房看花园正出阳台,"信义嘉御山 , 坂田",3室1厅,83.4平米,南,精装,中楼层(共17层),2015年,板塔结合,548 万,65708 元,0,,,VR看装修,https://sz.lianjia.com/ershoufang/105118962952.html,VR看装修,此房满五唯一，正出阳台，看花园，业主自住看房方便,信义嘉御豪园分三期开发，占地近100000平米，建面400000平，共3008户。2013-2015年底交房，小区内有泳池，配套有公立幼儿园，户型多样，66平-77平方正通透的两房；83-88平朝南或南北的三房户型；85平复式四房三卫；117-217平 改善大户型。,"信义嘉御山是坂田新的大社区的，小区一共有8期，目前1-5期已经交房入住，6-8期还没有开盘的，坂田北地铁口的大盘，一期楼下有天虹商场，有星巴克，面点王，健身会所，SAP等，佳华商场MAX.CITY.,有海底捞，探鱼等餐饮名店",,,,暂无数据,2024-11-19,商品房,普通住宅,暂无数据,非共有,有抵押 200万元 华润银行 客户偿还,挂牌时间:2024-11-19 | 交易权属:商品房 | 上次交易:暂无数据 | 房屋用途:普通住宅 | 房屋年限:暂无数据 | 产权所属:非共有 | 抵押信息:有抵押 200万元 华润银行 客户偿还 | 房本备件:未上传房本照片,客厅 / 25.95平米 / 南 / 普通窗 ; 卧室A / 9.51平米 / 无 / 未知窗户类型 ; 卧室B / 16.42平米 / 无 / 未知窗户类型 ; 卧室C / 6.39平米 / 西 北 / 普通窗 ; 厨房 / 3.19平米 / 无 / 未知窗户类型 ; 卫 / 3.78平米 / 北 / 普通窗 ; 阳台 / 4.69平米 / 西 南 / 普通窗 ; 过道 / 3.1平米 / 无 / 无窗,
佳兆业五期朝南看花园，房子保养好，满五唯一。,"佳兆业城市广场五期 , 坂田",4室2厅,89.47平米,南,精装,中楼层(共43层),2019年,板楼,430 万,48061 元,0,,,近地铁 | VR看装修,https://sz.lianjia.com/ershoufang/105119323843.html,地铁 | VR看装修,房子满五唯一，朝南看花园，房子保养好,小区规模：总共分为6期开发的大楼盘。3个幼儿园：自带综合MALL，加270米万豪酒店（六期项目），五期的地理位置很好，小区大口200米就是地铁口雪象站，小区右侧就是书包,新社区，人车分流，车位充足，24小时保安轮流值班，社区有自己的健身广场和花园，园林式社区。依托高新技术产业园，佳兆业城市广场物业形态丰富，集住宅、酒店于一体。隔壁就是天安云谷、华为总部,项目是在坂雪岗大道和坂澜大道，沿着坂雪岗大道可以去梅林关（去关内方向）、也可以转布龙路转南坪快速和水官高速，也可以从转贝尔路再转梅关高速，上坂澜大道可以去观澜也可以去平湖。交通很方便。高速交通：梅观高速、清平高速、坂雪岗大道、南坪快速。,,,暂无数据,2024-12-27,商品房,普通住宅,暂无数据,非共有,有抵押,挂牌时间:2024-12-27 | 交易权属:商品房 | 上次交易:暂无数据 | 房屋用途:普通住宅 | 房屋年限:暂无数据 | 产权所属:非共有 | 抵押信息:有抵押 | 房本备件:未上传房本照片,客厅 / 19.78平米 / 南 / 普通窗 ; 卧室A / 9.86平米 / 无 / 未知窗户类型 ; 卧室B / 11.73平米 / 无 / 未知窗户类型 ; 卧室C / 10.04平米 / 西 / 普通窗 ; 卧室D / 6.16平米 / 无 / 普通窗 ; 厨房 / 8.53平米 / 西 / 普通窗 ; 卫A / 3.32平米 / 西 / 普通窗 ; 卫B / 3.18平米 / 无 / 普通窗 ; 阳台A / 4.68平米 / 西 南 / 普通窗 ; 阳台B / 7.16平米 / 西 / 普通窗 ; 过道 / 5.02平米 / 无 / 无窗,
南向大5房，小区中间位置看泳池,"信义嘉御山5期 , 坂田",5室1厅,131.32平米,东南,精装,中楼层(共38层),2016年,塔楼,1160 万,88334 元,2,,,VR房源,https://sz.lianjia.com/ershoufang/105120418021.html,VR房源,此房南向看花园，闹中取静，旁边有商场、地铁等,,小区旁边有天虹商场，百佳华购物，还有科技城外国语，公园旁边有龙岗艺术国际，500米距离有地铁10号线和5号线五和站，,小区旁边有多个公交车站、地铁站（5号和10号线）及高速（梅观高速和水官高速）出入口，,,,暂无数据,2025-04-15,商品房,普通住宅,暂无数据,非共有,有抵押,挂牌时间:2025-04-15 | 交易权属:商品房 | 上次交易:暂无数据 | 房屋用途:普通住宅 | 房屋年限:暂无数据 | 产权所属:非共有 | 抵押信息:有抵押 | 房本备件:未上传房本照片,客厅 / 34.78平米 / 无 / 未知窗户类型 ; 卧室A / 11.84平米 / 北 / 普通窗 ; 卧室B / 9.22平米 / 无 / 未知窗户类型 ; 卧室C / 8.48平米 / 北 / 普通窗 ; 卧室D / 15.71平米 / 无 / 未知窗户类型 ; 卧室E / 12.23平米 / 北 / 普通窗 ; 厨房 / 4.87平米 / 北 / 落地窗 ; 卫A / 5.11平米 / 北 / 普通窗 ; 卫B / 4.05平米 / 北 / 落地窗 ; 卫C / 4.54平米 / 无 / 未知窗户类型 ; 阳台A / 2.47平米 / 北 / 落地窗 ; 阳台B / 7.09平米 / 北 / 普通窗 ; 过道 / 7.02平米 / 无 / 无窗 ; 衣帽间 / 2.41平米 / 无 / 无窗,
带入户3＋1房，俯瞰一线山湖美景,"佳兆业中央广场一期 , 坂田",4室2厅,88.96平米,北,精装,中楼层(共48层),2013年,塔楼,500 万,56206 元,3,,,近地铁 | VR看装修,https://sz.lianjia.com/ershoufang/105120610094.html,地铁 | VR看装修,此房满5唯一 精装修 保养干净,,,出门即是十号线地铁口岗头站和雪象站，规划好的还有地铁27号线；,,,暂无数据,2025-05-03,商品房,普通住宅,暂无数据,非共有,有抵押 350万元 中信银行 客户偿还,挂牌时间:2025-05-03 | 交易权属:商品房 | 上次交易:暂无数据 | 房屋用途:普通住宅 | 房屋年限:暂无数据 | 产权所属:非共有 | 抵押信息:有抵押 350万元 中信银行 客户偿还 | 房本备件:未上传房本照片,客厅 / 21.24平米 / 北 / 落地窗 ; 卧室A / 8.05平米 / 北 / 落地窗 ; 卧室B / 13.4平米 / 北 / 落地窗 ; 卧室C / 8.92平米 / 北 / 落地窗 ; 厨房 / 5.61平米 / 北 / 普通窗 ; 卫A / 4.34平米 / 北 / 普通窗 ; 卫B / 3.4平米 / 北 / 普通窗 ; 阳台A / 4.91平米 / 北 / 普通窗 ; 阳台B / 2.3平米 / 北 / 普通窗 ; 入户花园 / 9.7平米 / 北 / 落地窗 ; 过道 / 3.12平米 / 无 / 无窗,
大四房 南向 厅出阳台 满五唯一 看花园泳池，得房率高,"佳兆业中央广场一期 , 坂田",4室2厅,122.46平米,南,精装,中楼层(共49层),2013年,塔楼,790 万,64511 元,1,,,近地铁 | VR房源,https://sz.lianjia.com/ershoufang/105118459280.html,地铁 | VR房源,正规大四房 南向 厅出阳台 满五唯一 看花园看泳池，得房率高,佳兆业城市广场是华为天安云谷一公里范围内的唯一的次新盘，三期于2015年年底交房。 物业是佳兆业物业，每个小区都带有儿童游乐场。小区自带3000平健身会所和恒温游泳池。,新社区，人车分流，24小时保安轮流值班，社区有自己的健身广场和花园，园林式社区。小区自带佳兆业商场，物业形态丰富，集住宅、酒店、公寓、写字楼于一体，小区旁边是天安云谷以及华为总部，49栋写字楼。两公里内有三甲吉华医院在建。,项目位于坂雪岗大道和坂澜大道处，沿着坂雪岗大道可以去梅林关（去关内方向）、也可以转布龙路转南坪快速和水官高速，也可以从转贝尔路再转梅关高速，上坂澜大道可以去观澜也可以去平湖。高速交通：梅观高速、清平高速、坂雪岗大道、南坪快速，地铁10号线,,,暂无数据,2024-09-30,商品房,普通住宅,暂无数据,非共有,有抵押,挂牌时间:2024-09-30 | 交易权属:商品房 | 上次交易:暂无数据 | 房屋用途:普通住宅 | 房屋年限:暂无数据 | 产权所属:非共有 | 抵押信息:有抵押 | 房本备件:未上传房本照片,客厅 / 27.48平米 / 西 东 / 普通窗 ; 卧室A / 10.18平米 / 无 / 未知窗户类型 ; 卧室B / 19.31平米 / 无 / 未知窗户类型 ; 卧室C / 13.01平米 / 无 / 未知窗户类型 ; 卧室D / 10.38平米 / 无 / 未知窗户类型 ; 厨房 / 6.24平米 / 南 / 普通窗 ; 卫生间A / 4.78平米 / 无 / 未知窗户类型 ; 卫生间B / 5.03平米 / 无 / 未知窗户类型 ; 阳台A / 2.71平米 / 西 / 普通窗 ; 阳台B / 8.11平米 / 北 东 南 / 普通窗 ; 储物间 / 3.19平米 / 南 / 普通窗 ; 门厅 / 9.64平米 / 东 / 落地窗 ; 过道A / 1.8平米 / 无 / 无窗 ; 过道B / 4.78平米 / 无 / 无窗,
进门带40平的入户花园，大理石的地板，换房诚心出售,"万科第五园五期 , 坂田",3室2厅,131.27平米,南 北,,中楼层(共19层),2010年,板塔结合,820 万,62467 元,1,,,VR看装修,https://sz.lianjia.com/ershoufang/105119000289.html,VR看装修,此房带40平的入户花园 通风采光好 看房方便 装修保养好,五期和六八期打通，园林，休闲配套，消费等都是共享，地势高，五期带游泳池，网球场，和儿童游乐场等，八期有很多草坪，可养宠物等，南面是银湖山效野公园，和南坑公园等。,小区自带华润万家便利，同花顺餐厅，钱大妈，水果先生，百果园。 1.5公里内有万科第五园九期万科里、坂田手造文化街、8号仓、阳光湾畔、海达和城等大型商场,"雪岗大道直通南坪快速。去罗湖,福田很便捷，小区出门有公交站台，自驾车出门右转，交通便利。",,,暂无数据,2024-11-23,商品房,普通住宅,暂无数据,非共有,无抵押,挂牌时间:2024-11-23 | 交易权属:商品房 | 上次交易:暂无数据 | 房屋用途:普通住宅 | 房屋年限:暂无数据 | 产权所属:非共有 | 抵押信息:无抵押 | 房本备件:未上传房本照片,客厅 / 44.59平米 / 西北 东北 / 落地窗 ; 卧室A / 13.75平米 / 西南 西北 / 落地窗 ; 卧室B / 8.9平米 / 西南 / 落地窗 ; 卧室C / 14.78平米 / 西南 / 落地窗 ; 厨房 / 5.49平米 / 东北 / 落地窗 ; 卫A / 4.31平米 / 西北 / 普通窗 ; 卫B / 5.02平米 / 东南 / 普通窗 ; 阳台 / 4.6平米 / 东北 / 落地窗 ; 过道 / 4.75平米 / 无 / 无窗 ; 门厅 / 5.78平米 / 西南 / 普通窗 ; 衣帽间 / 3.96平米 / 无 / 无窗,
坂田嘉御山 南北通格局大2房诚意出售,"信义嘉御山 , 坂田",2室2厅,75.12平米,西北,精装,低楼层(共33层),2015年,板塔结合,448 万,59638 元,0,,,近地铁 | VR房源,https://sz.lianjia.com/ershoufang/105121004982.html,地铁 | VR房源,本房产权满5唯一，红本在手自住保养好,"信义嘉御山小区采用人车分流，绿化面积大，24小时封闭物业管理，居住环境舒适。信义嘉御山是坂田新的大社区的，小区一共有7期，目前1-6期已经交房入住，本房所在的是大一期共有3008户的大社区,",一期楼下有天虹商场，有星巴克，KFC，面点王，健身会所，SAP等配套成熟，还开了佳华商场MAX.CITY有海底捞，探鱼等餐饮名店 各大银行围绕小区、旁边有大企业华为,3地铁物业10号线、5号线已经通车，25号线在建中。小区停车场出来拐个弯就上梅观高速G94去福田南山都很便利，小区门口也有多路公交达深圳各地，地铁+公交+自驾，都方便快捷。,,,暂无数据,2025-06-08,商品房,普通住宅,暂无数据,非共有,无抵押,挂牌时间:2025-06-08 | 交易权属:商品房 | 上次交易:暂无数据 | 房屋用途:普通住宅 | 房屋年限:暂无数据 | 产权所属:非共有 | 抵押信息:无抵押 | 房本备件:未上传房本照片,客厅 / 30.25平米 / 无 / 未知窗户类型 ; 卧室A / 9.14平米 / 西北 / 普通窗 ; 卧室B / 17.82平米 / 无 / 未知窗户类型 ; 厨房 / 5.08平米 / 西北 / 普通窗 ; 卫生间 / 3.03平米 / 东南 / 落地窗 ; 阳台 / 5.76平米 / 西南 西北 东北 / 普通窗,
21年次新小区 大族云峰精装四房 高楼层保养好,"大族云峰二期 , 坂田",4室2厅,106.56平米,北,,30层,2021年,板塔结合,685 万,64284 元,0,,,VR看装修,https://sz.lianjia.com/ershoufang/105119267891.html,VR看装修,此房马上要满5年 唯一 税费少 安静舒适业主自住装修保养好,小区由4栋住宅围合建成，楼间距宽，住家舒适，次新小区，现代园林布景美观，人车分离,楼下就是商场湾畔Mall，去万科里，天虹商场，8号仓，星河CocoPark也很方便，坂田医院，银湖山郊野公园,"此房位置不错，出行方便，地铁公交驾车都方便，门口就是公交站，离坂田地铁A出口800米距离（数据来源百度地图),小区东边是坂雪岗大道，这条大道连接坂银通道，开车去福田罗湖很方便，过了坂银隧道就到福田银湖，大大缩短了去往城区的时间。",,,暂无数据,2024-12-21,商品房,普通住宅,暂无数据,非共有,无抵押,挂牌时间:2024-12-21 | 交易权属:商品房 | 上次交易:暂无数据 | 房屋用途:普通住宅 | 房屋年限:暂无数据 | 产权所属:非共有 | 抵押信息:无抵押 | 房本备件:未上传房本照片,客厅 / 26.7平米 / 北 南 / 普通窗 ; 卧室A / 7.93平米 / 无 / 未知窗户类型 ; 卧室B / 10.22平米 / 无 / 未知窗户类型 ; 卧室C / 15.4平米 / 无 / 未知窗户类型 ; 卧室D / 6.95平米 / 南 / 落地窗 ; 厨房 / 4.73平米 / 西 / 落地窗 ; 卫A / 4.4平米 / 南 / 普通窗 ; 卫B / 4.21平米 / 南 / 普通窗 ; 阳台A / 5.04平米 / 西 北 / 普通窗 ; 阳台B / 1.69平米 / 西 / 落地窗 ; 过道 / 2.94平米 / 无 / 无窗,
精装修，保养的好，可以拎包入住,"万科四季花城二期 , 坂田",3室2厅,98.03平米,南,精装,6层,2000年,板楼,490 万,49985 元,2,,,近地铁 | VR看装修,https://sz.lianjia.com/ershoufang/105118702943.html,地铁 | VR看装修,距离地铁口50米。朝南北户型。采光好。精装修，可以直接入住,小区由万科地产集团开发，一共有36个独立苑，共分七期开发，花园式小区，绿化植被很多，带露天游泳池和健身会所及相应运动器械供住户健身，社区运动氛围棒；万科物业24小时严格管（，夜间有保安巡逻，外人基本无法随意出入，人车分流，充分保护行人,小区内有博雅幼儿园、海丽达幼儿园等，商场类有华润万家，五和购物广场、海达和成购物广场、坂田民营市场等。医疗类有深圳坂田医院、龙华人民医院、布吉医院花城社康医院（小区内）；银行为招商银行、中国银行、民生银行自助机及平安银行等，各式卖菜.,此房距离地铁5号线和10号线A口和200米，交通发达，小区旁边有布龙路、梅观高速、机荷高速、南坪快速等，乘坐公交或驾车出行到福田、罗湖、南山等地较方便（距离信息来源于百度地图,,,暂无数据,2024-10-25,商品房,普通住宅,暂无数据,非共有,有抵押 银行,挂牌时间:2024-10-25 | 交易权属:商品房 | 上次交易:暂无数据 | 房屋用途:普通住宅 | 房屋年限:暂无数据 | 产权所属:非共有 | 抵押信息:有抵押 银行 | 房本备件:未上传房本照片,客厅 / 38.99平米 / 北 南 / 普通窗 ; 卧室A / 8.86平米 / 北 / 落地窗 ; 卧室B / 18.73平米 / 无 / 未知窗户类型 ; 厨房 / 4.64平米 / 北 / 普通窗 ; 卫 / 8.04平米 / 西 / 普通窗 ; 阳台A / 2.6平米 / 北 / 普通窗 ; 阳台B / 3.21平米 / 西 西南 东 南 东南 / 普通窗,
原始风格，创意空间充足，可肆意挥洒，围合式花园小区,"大族云峰二期 , 坂田",4室2厅,106.56平米,南 北,毛坯,30层,2021年,板楼,660 万,61937 元,0,,,近地铁 | VR看装修 | 随时看房,https://sz.lianjia.com/ershoufang/105119612485.html,地铁 | VR看装修 | 随时看房,原始风格，创意空间充足，可肆意挥洒，围合式花园小区，,本小区2021年年底交楼，新小区，分一二期开发，此小区为二期，共四栋，每栋分两个单元，楼间距宽，无任何遮挡，楼间距宽，住家舒适，人车分流，园林布景美观,楼下就是商场湾畔MaⅡ，星河CocoPark也很方便，去万科里，8号仓，坂田医院，银湖山郊野公园,坂银隧道首站，去福田、罗湖、南山都很方便，地铁：双地铁，十号线雅园站，五号线坂田站和五和站，3站到深圳北,,,暂无数据,2025-02-08,商品房,普通住宅,暂无数据,非共有,无抵押,挂牌时间:2025-02-08 | 交易权属:商品房 | 上次交易:暂无数据 | 房屋用途:普通住宅 | 房屋年限:暂无数据 | 产权所属:非共有 | 抵押信息:无抵押 | 房本备件:未上传房本照片,客厅 / 27.01平米 / 北 南 / 普通窗 ; 卧室A / 7.98平米 / 无 / 未知窗户类型 ; 卧室B / 9.89平米 / 无 / 未知窗户类型 ; 卧室C / 15.37平米 / 无 / 未知窗户类型 ; 卧室D / 7.05平米 / 南 / 落地窗 ; 厨房 / 4.94平米 / 西 / 普通窗 ; 卫A / 4.22平米 / 南 / 普通窗 ; 卫B / 4.19平米 / 南 / 普通窗 ; 阳台A / 4.54平米 / 西 北 / 普通窗 ; 阳台B / 1.94平米 / 西 / 普通窗 ; 过道 / 2.88平米 / 无 / 无窗,
坂田地铁口南向三房，满五年红本，诚心出售,"珠江旭景佳园 , 坂田",3室2厅,105.18平米,南 北,,中楼层(共23层),2008年,塔楼,450 万,42784 元,0,,,近地铁 | VR房源 | 随时看房,https://sz.lianjia.com/ershoufang/105121022697.html,地铁 | VR房源 | 随时看房,坂田地铁口，全南向三房，满五年红本诚心出售,小区是08年的电梯房，有游泳池和幼儿园，总共10栋楼，分三期，房子所在二期，四栋九个单元。,,,,,暂无数据,2025-06-09,商品房,普通住宅,暂无数据,非共有,有抵押,挂牌时间:2025-06-09 | 交易权属:商品房 | 上次交易:暂无数据 | 房屋用途:普通住宅 | 房屋年限:暂无数据 | 产权所属:非共有 | 抵押信息:有抵押 | 房本备件:未上传房本照片,客厅 / 24.67平米 / 南 / 普通窗 ; 卧室A / 8.72平米 / 无 / 未知窗户类型 ; 卧室B / 9.74平米 / 无 / 未知窗户类型 ; 卧室C / 13.74平米 / 无 / 未知窗户类型 ; 厨房 / 5.35平米 / 无 / 落地窗 ; 卫A / 3.29平米 / 东 / 普通窗 ; 卫B / 3.06平米 / 北 / 落地窗 ; 阳台A / 5.42平米 / 东 南 / 普通窗 ; 阳台B / 2.62平米 / 北 / 落地窗 ; 过道 / 3.83平米 / 无 / 无窗,
自住物业 重新装修配置定制柜，艺术漆加家私电器,"联发天境雅居 , 坂田",3室2厅,88.78平米,东南,精装,高楼层(共31层),2024年,塔楼,525 万,59135 元,3,,,VR看装修 | 随时看房,https://sz.lianjia.com/ershoufang/105121150717.html,VR看装修 | 随时看房,此房满二唯一格局楼层好视野宽阔采光充足,联发天境雅居小区位于深圳市龙岗区坂田街道，地铁10号线华为站500米，该小区由拥有38年开发建设经验的国企联发集团打造，位于“坂雪岗科技城”片区，是全市中部发展轴的HX位置，汇聚了300+国家高新企业。,,,,,2022-05-28,2025-06-20,商品房,普通住宅,暂无数据,非共有,有抵押 300万元 中国银行 金融公司垫资,挂牌时间:2025-06-20 | 交易权属:商品房 | 上次交易:2022-05-28 | 房屋用途:普通住宅 | 房屋年限:暂无数据 | 产权所属:非共有 | 抵押信息:有抵押 300万元 中国银行 金融公司垫资 | 房本备件:已上传房本照片,客厅 / 22.67平米 / 东 / 落地窗 ; 卧室A / 8.75平米 / 无 / 未知窗户类型 ; 卧室B / 13.2平米 / 无 / 未知窗户类型 ; 卧室C / 7.19平米 / 无 / 未知窗户类型 ; 厨房 / 5.93平米 / 北 / 普通窗 ; 卫A / 3.64平米 / 北 / 普通窗 ; 卫B / 3.72平米 / 西 / 普通窗 ; 阳台 / 4.75平米 / 北 东 / 落地窗 ; 过道 / 2.82平米 / 无 / 无窗,
业主自住保养好，朝南看花园，中间楼层，安静舒适。,"佳兆业中央广场一期 , 坂田",3室2厅,87.48平米,南,精装,中楼层(共48层),2013年,塔楼,415 万,47440 元,3,,,近地铁 | VR看装修,https://sz.lianjia.com/ershoufang/105120405761.html,地铁 | VR看装修,房子满五唯一，税费少业主自住保养好，朝南正看花园非常安静。,小区总共分为6期开发建设，壹万多户的大社区，总占地约三十万，项目总建面约壹佰捌拾万平左右，十五万平米综合MALL，加270米酒店（六期项目），新社区，人车分流，社区有自己的健身广场和花园，园林式社区。,新社区，人车分流，24小时保安轮流值班，社区有自己的健身广场和花园，园林式社区。依托高新技术产业园，佳兆业城市广场物业形态丰富，集住宅、酒店于一体。小区左边是天安云谷、华为总部基地，配套齐全。,10号线双地铁物业，项目是挨着坂雪岗大道和坂澜大道，沿着坂雪岗大道可以去梅林关，也可以转布龙路转南坪快速和水官高速，也可以从转贝尔路再转梅关高速，上坂澜大道可以去观澜也可以去平湖；多条公交路线直达罗湖、福田，交通很便利。,,,暂无数据,2025-04-14,商品房,普通住宅,暂无数据,非共有,有抵押,挂牌时间:2025-04-14 | 交易权属:商品房 | 上次交易:暂无数据 | 房屋用途:普通住宅 | 房屋年限:暂无数据 | 产权所属:非共有 | 抵押信息:有抵押 | 房本备件:未上传房本照片,客厅 / 21.25平米 / 南 / 落地窗 ; 卧室01 / 7.78平米 / 南 / 普通窗 ; 卧室02 / 10.61平米 / 南 / 落地窗 ; 卧室03 / 9.44平米 / 西 / 落地窗 ; 厨房 / 4.53平米 / 西 / 落地窗 ; 卫 / 3.93平米 / 无 / 落地窗 ; 阳台01 / 6.28平米 / 西 东 南 / 普通窗 ; 阳台02 / 2.35平米 / 西 / 落地窗 ; 过道 / 3平米 / 无 / 无窗,
佳兆业中央广场三期实用三房诚意出售,"佳兆业中央广场三期 , 坂田",3室1厅,88.53平米,南,精装,46层,2015年,塔楼,495 万,55914 元,0,,,近地铁 | VR看装修,https://sz.lianjia.com/ershoufang/105121901020.html,地铁 | VR看装修,位置好，装修保养不错，近学校地铁。,,小区规划大型雪竹径公园，综合MALL，小区自带大综合体（待开发）270米层高五星国际酒店（待开发），百度测量1公 里范围内深圳市人民医院坂田分院、肖传国医院，地铁10号线雪象、岗头双地铁口，坂银隧道去福田南山交通便捷。,地铁十号线雪象站A出口，直达平湖与福田口岸，沿着坂雪岗大道可以去梅林关（去关内方向）、也可以转布龙路转南坪快速和水官高速，也可以从转贝尔路再转梅关高速，上坂澜大道可以去观澜也可以去平湖。交通很方便。高速交通：梅观快速、清平高速、坂雪岗大道..,,,暂无数据,2025-08-24,商品房,普通住宅,暂无数据,非共有,无抵押,挂牌时间:2025-08-24 | 交易权属:商品房 | 上次交易:暂无数据 | 房屋用途:普通住宅 | 房屋年限:暂无数据 | 产权所属:非共有 | 抵押信息:无抵押 | 房本备件:未上传房本照片,客厅 / 26.86平米 / 西南 / 落地窗 ; 卧室A / 8.23平米 / 东南 / 落地窗 ; 卧室B / 10.42平米 / 无 / 未知窗户类型 ; 卧室C / 8.76平米 / 西南 / 普通窗 ; 厨房 / 6.72平米 / 东南 / 落地窗 ; 卫生间A / 2.87平米 / 无 / 落地窗 ; 卫生间B / 3.55平米 / 东南 / 普通窗 ; 阳台A / 3.61平米 / 东南 / 落地窗 ; 阳台B / 5.82平米 / 西南 西北 / 普通窗,
双地铁 坂田天虹 精装四房 装修保养好 拧包入住那种,"佳华领汇广场 , 坂田",4室1厅,87.82平米,东 西,精装,低楼层(共32层),2016年,板塔结合,546 万,62173 元,1,,,近地铁 | VR房源,https://sz.lianjia.com/ershoufang/105114644923.html,地铁 | VR房源,此房满五唯一，东西通，装修保养好，业主诚心出售！,佳华领汇广场是2014年批地，目前分两期开发，一期由3栋6座住宅组成的围合式花园小区，户型多样，从70多平两房到130平的五房，可以满足从刚需到改善各种人群需求，二期位于一期东侧，隔路相临，主要为商办类型，包括一个上下7层大型商场。,佳华领汇广场东侧二期为商务办公和一个上下7层的大商场（Max city）组成，商场已于2017年12月底开业、巨幕电影院、品牌餐饮（爱婉亭、海底捞、星巴克等），过马路是坂田天虹等，配套齐全，生活便利。,小区自驾出行出小区沿着吉华路往东可以达到布吉、罗湖、龙岗等区域，往西600米到达龙华区，往南上梅观高速-皇岗北路到达福田区，经梅观高速-南坪快速-北环大道直抵南山，距5号线五和站约800米路程，两站到达深圳北站高铁站，可以换乘4号线。,,,暂无数据,2023-08-28,商品房,普通住宅,暂无数据,非共有,有抵押 170万元 银行 客户偿还,挂牌时间:2023-08-28 | 交易权属:商品房 | 上次交易:暂无数据 | 房屋用途:普通住宅 | 房屋年限:暂无数据 | 产权所属:非共有 | 抵押信息:有抵押 170万元 银行 客户偿还 | 房本备件:未上传房本照片,客厅 / 20.11平米 / 无 / 未知窗户类型 ; 卧室A / 10.11平米 / 西 / 落地窗 ; 卧室B / 9.59平米 / 无 / 未知窗户类型 ; 卧室C / 14.42平米 / 无 / 未知窗户类型 ; 卧室D / 12平米 / 东 / 普通窗 ; 厨房 / 6.91平米 / 西 / 普通窗 ; 卫A / 2.82平米 / 无 / 未知窗户类型 ; 卫生间B / 3.82平米 / 无 / 未知窗户类型 ; 阳台A / 4.7平米 / 西 / 普通窗 ; 阳台B / 6.72平米 / 东 南 / 普通窗,
坂田地铁口，户型方正，满五年唯一税费少,"儒骏城立方 , 坂田",3室2厅,81.32平米,南,,低楼层(共21层),2017年,板塔结合,438 万,53862 元,2,,,VR看装修,https://sz.lianjia.com/ershoufang/105119321597.html,VR看装修,坂田地铁口，户型方正，满五年唯一红本，诚意出售,《儒骏城立方》地铁口，楼下自带商场，写字楼综合体，旁边是坂田的大商场，万科广场,,,满五年唯一，税费少，只需要交契税即可，首套1个点，二套1.5个点，交易方便快捷。,,暂无数据,2024-12-27,商品房,普通住宅,暂无数据,非共有,无抵押,挂牌时间:2024-12-27 | 交易权属:商品房 | 上次交易:暂无数据 | 房屋用途:普通住宅 | 房屋年限:暂无数据 | 产权所属:非共有 | 抵押信息:无抵押 | 房本备件:未上传房本照片,客厅 / 21.41平米 / 北 / 落地窗 ; 卧室A / 10.43平米 / 北 / 落地窗 ; 卧室B / 13.96平米 / 北 / 落地窗 ; 卧室C / 6.39平米 / 北 / 落地窗 ; 厨房 / 4.97平米 / 北 / 落地窗 ; 卫A / 2.96平米 / 北 / 普通窗 ; 卫B / 3.81平米 / 北 / 落地窗 ; 阳台A / 3.99平米 / 北 / 落地窗 ; 阳台B / 2.15平米 / 北 / 落地窗 ; 过道 / 2.98平米 / 无 / 无窗,
满五年，税费少。四房三卫舒适大户型，适合一家人居住,"万科第五园六期 , 坂田",4室1厅,141.87平米,南,,中楼层(共14层),2011年,板楼,720 万,50751 元,4,,,VR房源,https://sz.lianjia.com/ershoufang/105117684517.html,VR房源,此房满五年，税费少。四房三卫舒适大户型，适合一家人居住,万科第五园是由万科地产开发，总建面530000㎡，共分九期开发，目前整个项目已经开发完毕且已售磬，万科物业管理下小区是封闭式的管理。车位很充足的。,,小区出门100米有公交站台，去华为和民治方向的车都有，还有一个去会展市内的车，里城公交总站有去科技园的车，自驾车出门右转就直通南坪快速.,,,暂无数据,2024-07-21,商品房,普通住宅,暂无数据,非共有,有抵押,挂牌时间:2024-07-21 | 交易权属:商品房 | 上次交易:暂无数据 | 房屋用途:普通住宅 | 房屋年限:暂无数据 | 产权所属:非共有 | 抵押信息:有抵押 | 房本备件:未上传房本照片,客厅 / 32.18平米 / 西 南 / 落地窗 ; 卧室A / 12.84平米 / 西 / 普通窗 ; 卧室B / 13.15平米 / 西 / 普通窗 ; 卧室C / 17.49平米 / 西 / 落地窗 ; 厨房 / 4.89平米 / 东 / 普通窗 ; 卫A / 3.11平米 / 无 / 无窗 ; 卫B / 3.1平米 / 无 / 无窗 ; 卫C / 4.9平米 / 东 / 普通窗 ; 阳台A / 8.55平米 / 西 北 东 南 / 落地窗 ; 阳台B / 1.04平米 / 西 北 南 / 普通窗 ; 储物间 / 10.81平米 / 无 / 未知窗户类型 ; 过道 / 10.32平米 / 东 / 落地窗 ; 门厅 / 8.33平米 / 东 / 落地窗 ; 衣帽间 / 3.76平米 / 无 / 无窗,
信义御珑豪园，中高楼层三房，安静看花园,"信义嘉御山5期 , 坂田",3室2厅,71.19平米,东北,精装,中楼层(共39层),2016年,塔楼,530 万,74449 元,0,,,VR看装修,https://sz.lianjia.com/ershoufang/105121435320.html,VR看装修,中高楼层，安静看花园，得房率高，卧室没有对视,嘉御山是坂田的次新大社区，小区一共分7期建设，目前都已经交房入住，坂田双地铁口的大盘，一期楼下有天虹商场，有星巴克，KFC，肯德基、健身会所，SAP等配套成熟，佳华商场MAX.CITY有海底捞，探鱼等餐饮名店 各大银行围绕小区、旁边有大企华为,小区下面自带底层店铺，开发商自持，目前已全部进驻，包括中西式餐饮、教育培训、婴幼儿用品，便利店及坂田天虹旗舰店，生活方便，小区内有幼儿园，家门口尽享优质生活，小区南侧是MIX City7层楼综合商心街区，有百佳华cao市，海底捞，麦当劳，星巴克等等,开车出行：小区出来贝尔路可快速上G94梅关高速，坂雪岗大道上坂银通道直通福田南山。 地铁出行：10号线坂田北站，10号线5号线中转站五和站。 公交出行：里石排站，坂田市场站，坂田路口站，坂田路口北站等,,,暂无数据,2025-07-13,商品房,普通住宅,暂无数据,非共有,无抵押,挂牌时间:2025-07-13 | 交易权属:商品房 | 上次交易:暂无数据 | 房屋用途:普通住宅 | 房屋年限:暂无数据 | 产权所属:非共有 | 抵押信息:无抵押 | 房本备件:未上传房本照片,客厅 / 25.62平米 / 东北 / 落地窗 ; 卧室A / 7.83平米 / 东北 / 普通窗 ; 卧室B / 7.31平米 / 西北 / 普通窗 ; 卧室C / 11.56平米 / 北 / 落地窗 ; 厨房 / 3.48平米 / 西北 / 普通窗 ; 卫 / 3.76平米 / 西南 / 普通窗 ; 阳台A / 1.45平米 / 西北 / 普通窗 ; 阳台B / 4.36平米 / 西北 东北 东南 / 普通窗 ; 过道 / 2.64平米 / 无 / 无窗,
安静看园林三房，满五唯一，中高楼层，业主诚心卖,"信义嘉御山5期 , 坂田",3室2厅,71.19平米,东北,精装,中楼层(共39层),2016年,塔楼,530 万,74449 元,0,,,VR看装修,https://sz.lianjia.com/ershoufang/105121753473.html,VR看装修,安静看园林三房，满五唯一，中高楼层，装修保养好，业主诚心卖,嘉御山是坂田的次新大社区，小区一共分7期建设，目前都已经交房入住，坂田双地铁口的大盘，一期楼下有天虹商场，有星巴克，KFC，肯德基、健身会所，SAP等配套成熟，佳华商场MAX.CITY有海底捞，探鱼等餐饮名店 各大银行围绕小区、旁边有大企华为,小区下面自带底层店铺，开发商自持，目前已全部进驻，包括中西式餐饮、教育培训、婴幼儿用品，便利店及坂田天虹旗舰店，生活方便，小区内有幼儿园，家门口尽享优质生活，小区南侧是MIX City7层楼综合商心街区，有百佳华cao市，海底捞，麦当劳，星巴克等等,开车出行：小区出来贝尔路可快速上G94梅关高速，坂雪岗大道上坂银通道直通福田南山。 地铁出行：10号线坂田北站，10号线5号线中转站五和站。 公交出行：里石排站，坂田市场站，坂田路口站，坂田路口北站等,,,暂无数据,2025-08-11,商品房,普通住宅,暂无数据,非共有,有抵押 500万元 民生银行 客户偿还,挂牌时间:2025-08-11 | 交易权属:商品房 | 上次交易:暂无数据 | 房屋用途:普通住宅 | 房屋年限:暂无数据 | 产权所属:非共有 | 抵押信息:有抵押 500万元 民生银行 客户偿还 | 房本备件:未上传房本照片,客厅 / 25.51平米 / 东北 / 落地窗 ; 卧室A / 8.58平米 / 东北 / 普通窗 ; 卧室B / 7.12平米 / 西北 / 普通窗 ; 卧室C / 11.9平米 / 北 东北 / 落地窗 ; 厨房 / 3.48平米 / 西北 / 普通窗 ; 卫 / 3.86平米 / 西南 / 普通窗 ; 阳台A / 1.66平米 / 西北 / 普通窗 ; 阳台B / 4.11平米 / 西北 东北 东南 / 普通窗 ; 过道 / 2.71平米 / 无 / 无窗,
空间利用高，次新装修可以直接领包入住，业主诚意出手,"佳华领汇广场 , 坂田",4室2厅,89.85平米,东北,精装,低楼层(共32层),2016年,板塔结合,556 万,61881 元,2,,,近地铁 | VR看装修,https://sz.lianjia.com/ershoufang/105122039808.html,地铁 | VR看装修,空间利用高，次新装修可以直接领包入住，业主诚意出手,佳华领汇一期是住宅，二期是6层的商场综合体，隔路相望是天虹商场坂田店，吃喝玩乐一应俱全,,地铁现有10号线和5号线已开通，10号线坂田北站A 出口320米，10+5交汇的五和D出口860米，走路都可以到达。 开车到G94很方便，可转南坪快速往宝安CBD和南山,,,暂无数据,2025-09-06,商品房,普通住宅,暂无数据,非共有,无抵押,挂牌时间:2025-09-06 | 交易权属:商品房 | 上次交易:暂无数据 | 房屋用途:普通住宅 | 房屋年限:暂无数据 | 产权所属:非共有 | 抵押信息:无抵押 | 房本备件:未上传房本照片,客厅 / 29.19平米 / 东北 / 普通窗 ; 书房 / 4.22平米 / 东南 / 落地窗 ; 卧室A / 7.55平米 / 东南 / 落地窗 ; 卧室B / 12.86平米 / 东北 / 落地窗 ; 卧室C / 7.92平米 / 东北 / 落地窗 ; 厨房 / 7.75平米 / 东北 / 落地窗 ; 卫A / 3.99平米 / 东南 / 落地窗 ; 卫B / 2.48平米 / 西北 / 普通窗 ; 阳台 / 5.15平米 / 西北 东北 / 普通窗,
满五年唯一，税费少，正出阳台，楼层好，自住保养好,"信义嘉御山 , 坂田",4室2厅,134.01平米,西南 西北,精装,高楼层(共31层),2013年,板塔结合,830 万,61936 元,3,,,近地铁 | VR看装修,https://sz.lianjia.com/ershoufang/105114717912.html,地铁 | VR看装修,满五年唯一，税费少，正出阳台，楼层好，自住保养好,信义嘉御豪园分三期开发，共3008户。2013-2015年底交房，小区内有泳池，配套有公里龙岗机关幼儿园，户型多样，66平-77平，方正通透的两房；83-88平，朝南或南北的三房户型；85平 复式 四房三卫；117-217平 改善大户型。,信义嘉御山是坂田新的大社区的，小区一共有8期，目前1-5期已经交房入住，坂田双地铁口的大盘，一期楼下有天虹商场，有星巴克，KFC，面点王，健身会所，SAP等配套成熟，还开了佳华商场MAX.CITY有海底捞，探鱼等餐饮名店 各大银行围绕小区、旁边有大企华为,双地铁10号线、5号线物业，到深圳北站两个地铁站，信义嘉御山小区采用人车分流，绿化面积大，24小时封闭物业管理，居住环境舒适。,,,暂无数据,2023-09-05,商品房,普通住宅,暂无数据,非共有,有抵押 190万元,挂牌时间:2023-09-05 | 交易权属:商品房 | 上次交易:暂无数据 | 房屋用途:普通住宅 | 房屋年限:暂无数据 | 产权所属:非共有 | 抵押信息:有抵押 190万元 | 房本备件:未上传房本照片,客厅 / 31.13平米 / 西北 / 普通窗 ; 卧室A / 12.43平米 / 无 / 未知窗户类型 ; 卧室B / 11.31平米 / 西北 / 落地窗 ; 卧室C / 19.97平米 / 无 / 未知窗户类型 ; 卧室D / 13.31平米 / 无 / 未知窗户类型 ; 厨房 / 6.6平米 / 东南 / 普通窗 ; 卫生间A / 5.65平米 / 无 / 未知窗户类型 ; 卫生间B / 3.15平米 / 东南 / 普通窗 ; 阳台 / 11平米 / 西南 西北 / 普通窗 ; 过道 / 7.66平米 / 无 / 无窗 ; 门厅 / 5.63平米 / 西南 / 普通窗,
嘉御山137大4房 满五年红本在手 税费少 高楼层,"信义嘉御山 , 坂田",4室2厅,137.42平米,南 西南,精装,高楼层(共33层),2015年,板塔结合,828 万,60254 元,12,,,近地铁 | VR看装修 | 房本满五年,https://sz.lianjia.com/ershoufang/105110781609.html,地铁 | VR看装修 | 房本满五年,此房满五唯一，红本在手，税费少，配套齐全，采光充足，位置安静,,,地铁5号线五和站已通车，10号线坂田北已通车 还有大型公交站台，多路公交；,,房子目前是满五年红本在手，业主因为要换房，所以才考虑出售此房子。,2015-05-04,2022-06-18,商品房,普通住宅,满五年,共有,无抵押,挂牌时间:2022-06-18 | 交易权属:商品房 | 上次交易:2015-05-04 | 房屋用途:普通住宅 | 房屋年限:满五年 | 产权所属:共有 | 抵押信息:无抵押 | 房本备件:已上传房本照片,客厅 / 33.28平米 / 无 / 未知窗户类型 ; 卧室A / 13.03平米 / 无 / 未知窗户类型 ; 卧室B / 11.16平米 / 无 / 未知窗户类型 ; 卧室C / 15.68平米 / 无 / 未知窗户类型 ; 卧室D / 8.97平米 / 西 北 / 普通窗 ; 厨房 / 6.66平米 / 无 / 未知窗户类型 ; 卫生间A / 4.8平米 / 无 / 未知窗户类型 ; 卫生间B / 4.77平米 / 无 / 未知窗户类型 ; 阳台 / 5.42平米 / 西 南 / 普通窗 ; 储物间 / 5.22平米 / 无 / 无窗 ; 过道 / 6.5平米 / 无 / 无窗 ; 门厅 / 4.47平米 / 西 / 普通窗,
次新小区，配套强，使用率高，业主诚心卖,"星河银湖谷 , 坂田",4室2厅,88.2平米,南,精装,中楼层(共47层),2016年,板塔结合,655 万,74264 元,4,,,VR看装修 | 房本满五年,https://sz.lianjia.com/ershoufang/105118508889.html,VR看装修 | 房本满五年,此房户型方正，楼层好，安静，业主诚心卖,小区品质高，泳池大，小区物业好，星河物业，国家一级物业，围合式小区，小区业主素质高，基本都是高收人人群，地下停车场三场，停车位充足。,,,,,2019-05-17,2024-10-06,商品房,普通住宅,满五年,非共有,有抵押 170万元 招商银行 金融公司垫资,挂牌时间:2024-10-06 | 交易权属:商品房 | 上次交易:2019-05-17 | 房屋用途:普通住宅 | 房屋年限:满五年 | 产权所属:非共有 | 抵押信息:有抵押 170万元 招商银行 金融公司垫资 | 房本备件:已上传房本照片,客厅 / 27.17平米 / 东南 / 普通窗 ; 卧室A / 5.75平米 / 西南 / 落地窗 ; 卧室B / 13.31平米 / 无 / 未知窗户类型 ; 卧室C / 7.83平米 / 东南 / 落地窗 ; 卧室D / 9.59平米 / 东南 / 落地窗 ; 厨房 / 6.29平米 / 西南 / 普通窗 ; 卫A / 4.02平米 / 西北 / 普通窗 ; 卫B / 4.1平米 / 西北 / 落地窗 ; 阳台 / 4.66平米 / 西南 东北 东南 / 普通窗 ; 过道 / 2.84平米 / 无 / 无窗,
经典大三房，朝南看花园，诚意出售,"万科金色半山 , 坂田",3室2厅,115平米,南,,20层,2011年,板楼,650 万,56522 元,1,,,VR看装修,https://sz.lianjia.com/ershoufang/105121631230.html,VR看装修,满五年红本在手户型朝南看花园通风采光好,万科金色半山是项目是西班牙建筑风格，是万科历经万科城、兰乔圣菲、清林径之后的西班牙风格力作。植物分布众多， 户型方正，楼间距宽，可享受约14000平 古埃尔公园 的庭院景观及泳池景观，万科物业有保障。,小区自带泳池，儿童海盗乐园、乒乓球室、图书室、棋牌室及锻炼器材广场。门口有华润万家，培训机构，水果店、龙华沃尔玛往返车等满足业主的日常需求。步行900米可至杨美美食街，有各类美食，鑫华盛百货，美家福百,1个红绿灯上南坪快速，水官高速，清平高速，距离杨美站800米，交通方便，门口有3个公交车直接到地铁口,,,暂无数据,2025-07-31,商品房,普通住宅,暂无数据,非共有,无抵押,挂牌时间:2025-07-31 | 交易权属:商品房 | 上次交易:暂无数据 | 房屋用途:普通住宅 | 房屋年限:暂无数据 | 产权所属:非共有 | 抵押信息:无抵押 | 房本备件:未上传房本照片,客厅 / 28.09平米 / 南 / 落地窗 ; 卧室A / 9.63平米 / 北 / 落地窗 ; 卧室B / 9.56平米 / 北 / 落地窗 ; 卧室C / 20.61平米 / 无 / 未知窗户类型 ; 厨房 / 4.77平米 / 南 / 落地窗 ; 卫生间A / 4.35平米 / 北 / 普通窗 ; 卫生间B / 5.34平米 / 北 / 普通窗 ; 阳台 / 10.91平米 / 南 / 落地窗 ; 门厅 / 2.77平米 / 无 / 无窗,
银湖山下次次新房，诺德中铁精装大复试，唯一免个税,"诺德中央道 , 坂田",4室1厅,137.62平米,南,精装,高楼层(共34层),2014年,塔楼,660 万,47959 元,1,,,近地铁 | VR房源,https://sz.lianjia.com/ershoufang/105118116128.html,地铁 | VR房源,大复试精装修拎包入住业主自住家保养好唯一免个税,,,开车出门很方便，上南坪，水官，清平都方便，近5号线，10号线地铁、,,,暂无数据,2024-08-30,商品房,普通住宅,暂无数据,非共有,有抵押 业主自还,挂牌时间:2024-08-30 | 交易权属:商品房 | 上次交易:暂无数据 | 房屋用途:普通住宅 | 房屋年限:暂无数据 | 产权所属:非共有 | 抵押信息:有抵押 业主自还 | 房本备件:未上传房本照片,客厅A / 29.84平米 / 北 南 / 普通窗 ; 客厅B / 18.13平米 / 南 / 普通窗 ; 卧室A / 10.86平米 / 北 / 普通窗 ; 卧室B / 11.5平米 / 北 / 普通窗 ; 卧室C / 10.96平米 / 北 / 落地窗 ; 厨房 / 6.46平米 / 东 / 普通窗 ; 卫A / 4.18平米 / 北 / 普通窗 ; 卫B / 4.02平米 / 北 / 普通窗 ; 阳台A / 3.37平米 / 北 / 普通窗 ; 阳台B / 3.04平米 / 北 / 普通窗 ; 衣帽间 / 6.34平米 / 东 / 落地窗,
地铁口物业 户型方正实用  厅出阳台景观好 业主诚心卖,"德润荣君府 , 坂田",2室1厅,61.21平米,南,简装,中楼层(共31层),2017年,板楼,260 万,42477 元,2,,,近地铁 | VR房源 | 房本满五年,https://sz.lianjia.com/ershoufang/105117242967.html,地铁 | VR房源 | 房本满五年,此房满五年   交通便利   通风采光好   视野景观开阔,"2017年底交房的次新小区，全电梯高层，共7栋，由住宅和公寓（1栋）组成，合围起来楼下有花园和泳池，可供休憩玩耍。自带上千平商ye配套，日常基本生活需求能得到满足，地下3层停车库，1：1配置,停车位宽松。",楼下自带幼稚园和底商。布龙路以北万科商写综合体建设中，西侧在建华侨城住宅、幼儿园及和美外国语项目（30班1500位置）。距小区1千米有湾畔Mall和万科里、2千米近8号仓、坂田天虹等商场。北为坂田医院.,百度地图显示小区50米可到5号环中线坂田站A出口，小区楼下有公交站，前面是坂雪岗大道和布龙路，近坂银通道，梅关高速，南坪快速，通达深圳各区。,,,2016-05-19,2024-06-09,商品房,商务公寓,满五年,非共有,有抵押,挂牌时间:2024-06-09 | 交易权属:商品房 | 上次交易:2016-05-19 | 房屋用途:商务公寓 | 房屋年限:满五年 | 产权所属:非共有 | 抵押信息:有抵押 | 房本备件:已上传房本照片,客厅 / 22.38平米 / 东南 / 普通窗 ; 卧室A / 9.46平米 / 无 / 未知窗户类型 ; 卧室B / 10.1平米 / 无 / 未知窗户类型 ; 卫生间 / 3.53平米 / 无 / 未知窗户类型 ; 阳台 / 1.94平米 / 东南 / 普通窗,
此房户型方，正采光好南北通，交通方便,"儒骏城立方 , 坂田",3室2厅,89平米,南,,中楼层(共21层),2017年,板塔结合,500 万,56180 元,0,,,近地铁 | VR看装修,https://sz.lianjia.com/ershoufang/105121555495.html,地铁 | VR看装修,此房满五唯一税少，地铁口物业，装修保养好，使用率高,小区位于布龙路与坂雪岗大道交汇处，是2017年12月底入伙的。小区是由三栋住宅和一栋写字楼组成，共273户，实行人车分流，小区生活便利。,百度地图显示小区步行500米可至扬马市场，方圆2公里内有平安公园、银湖山森林公园、坂田医院、坂田天虹，万科里，星河商城，8号仓等，配套完善，可以满足基本的生活需求,百度地图显示小区50米可到深圳市交通轨道5号线环中线坂田站B出口二千米车程清平南坪梅观等快速路直通福田南山罗湖布龙路和坂雪岗线路公交车可到深圳每个区域，3站到深圳北高铁站交通便利,,,暂无数据,2025-07-24,商品房,普通住宅,暂无数据,非共有,有抵押 170万元 中信银行 客户偿还,挂牌时间:2025-07-24 | 交易权属:商品房 | 上次交易:暂无数据 | 房屋用途:普通住宅 | 房屋年限:暂无数据 | 产权所属:非共有 | 抵押信息:有抵押 170万元 中信银行 客户偿还 | 房本备件:未上传房本照片,客厅 / 25.89平米 / 西北 / 落地窗 ; 卧室A / 9.27平米 / 西北 / 落地窗 ; 卧室B / 21.13平米 / 西北 东南 / 落地窗 ; 卧室C / 8.83平米 / 无 / 无窗 ; 厨房 / 5.75平米 / 无 / 无窗 ; 卫A / 4.23平米 / 无 / 未知窗户类型 ; 卫B / 5.29平米 / 无 / 未知窗户类型 ; 阳台A / 5.45平米 / 西南 西北 东北 / 落地窗 ; 阳台B / 3.49平米 / 无 / 无窗 ; 过道 / 2.26平米 / 无 / 无窗,
春华四季园一期客厅出阳台3房 朝南 安静,"春华四季园一期 , 坂田",3室2厅,99平米,南,简装,低楼层(共17层),2006年,板塔结合,480 万,48485 元,4,,,近地铁 | VR看装修,https://sz.lianjia.com/ershoufang/105118647469.html,地铁 | VR看装修,春华四季园一期客厅出阳台3房 朝南 安静,小区总建筑面积430000㎡，总规划户数约3300户，拥有完善的配套设施，6000㎡的湖坡，1000米的风情街，室外泳池及室内恒温泳池、3000㎡的运动场地、幼儿园等，金光华物业。二期户型丰富多样，包括70㎡的两房.95-100㎡左右的三房.136-158㎡的四房五房 141㎡的,,,,,暂无数据,2024-10-20,商品房,普通住宅,暂无数据,非共有,有抵押 300万元 工行 业主自还,挂牌时间:2024-10-20 | 交易权属:商品房 | 上次交易:暂无数据 | 房屋用途:普通住宅 | 房屋年限:暂无数据 | 产权所属:非共有 | 抵押信息:有抵押 300万元 工行 业主自还 | 房本备件:未上传房本照片,客厅 / 24.65平米 / 南 / 普通窗 ; 卧室A / 8.22平米 / 无 / 未知窗户类型 ; 卧室B / 14.06平米 / 无 / 未知窗户类型 ; 卧室C / 8.25平米 / 南 / 普通窗 ; 厨房 / 4.63平米 / 东 / 普通窗 ; 卫A / 4.56平米 / 无 / 普通窗 ; 卫B / 4.15平米 / 东 南 / 落地窗 ; 阳台A / 5.5平米 / 东 / 普通窗 ; 阳台B / 12.91平米 / 东 南 / 普通窗 ; 入户花园 / 6.46平米 / 无 / 无窗 ; 过道A / 3.47平米 / 无 / 无窗 ; 过道B / 2.35平米 / 无 / 无窗,
业主自住房 保养好，满五唯一，西南朝向,"星河银湖谷 , 坂田",4室2厅,87.61平米,西南,精装,中楼层(共48层),2016年,板塔结合,660 万,75334 元,3,,,近地铁 | VR看装修 | 随时看房,https://sz.lianjia.com/ershoufang/105117539160.html,地铁 | VR看装修 | 随时看房,房子满五唯一，西南朝向，业主诚意卖高楼层采光好。,星河银湖谷住宅小区总共7栋住宅，玻璃外观和干挂陶板立面，有园林和泳池，人车分流的规划设计，港式入户大堂，览山阅湖景视野。星河双子塔、星河生态综合体、星河雅宝山体公园和星河圣境庙堂于一体，湖光山水，共享舒适生活,,出行便利，10号线雅宝站离小区200米左右。直通南坪快速，新彩隧道，坂银隧道，梅关高速，五大交通便捷到达深圳各区， 坂银遂道去往罗湖福田南山都方便。,,,暂无数据,2024-07-07,商品房,普通住宅,暂无数据,非共有,有抵押 400万元 建行 业主自还,挂牌时间:2024-07-07 | 交易权属:商品房 | 上次交易:暂无数据 | 房屋用途:普通住宅 | 房屋年限:暂无数据 | 产权所属:非共有 | 抵押信息:有抵押 400万元 建行 业主自还 | 房本备件:未上传房本照片,客厅 / 25.49平米 / 南 / 普通窗 ; 卧室A / 7.77平米 / 南 / 落地窗 ; 卧室B / 13.98平米 / 无 / 未知窗户类型 ; 卧室C / 5.69平米 / 东 / 落地窗 ; 卧室D / 8.42平米 / 东 / 落地窗 ; 厨房 / 4.85平米 / 东 / 普通窗 ; 卫A / 4.74平米 / 无 / 未知窗户类型 ; 卫B / 4.08平米 / 北 / 普通窗 ; 阳台 / 5.01平米 / 西 东 南 / 普通窗 ; 过道 / 4.57平米 / 无 / 无窗,
此房满五年 红本在手 两层复试带院子,"中海月朗苑 , 坂田",4室2厅,90.81平米,南,,低楼层(共18层),2006年,板楼,694 万,76424 元,9,,,近地铁 | VR房源,https://sz.lianjia.com/ershoufang/105116974093.html,地铁 | VR房源,此房满五年 红本在手 两层复试带院子,中海月朗苑项目位于深圳市龙岗区布吉坂田南，距梅林关口约4公里，距坂银隧道1.9公里（来自百度地图），上南坪快速很便捷，用地基本为矩形，住宅楼型为多层，小高层，高层相结合，拥有近20000平方米的花园，小区完全人车分流，展现一种宽适、自然、休闲生活。,本小区位于万科第五园旁边南面是科高五和小区北门有200平左右的平方商场可以解决日常所需，100M左右可以到坂田手造文化街，800M到8号仓购物广场来自百度地图,小区西面700米是地铁10号线光雅园站，小区东边坂雪岗大道接南坪快速、西边五和大道接梅观高速，近坂银隧道口，直通福田笋岗路与北环大道，交通便利。,,,暂无数据,2024-05-13,商品房,普通住宅,暂无数据,非共有,有抵押,挂牌时间:2024-05-13 | 交易权属:商品房 | 上次交易:暂无数据 | 房屋用途:普通住宅 | 房屋年限:暂无数据 | 产权所属:非共有 | 抵押信息:有抵押 | 房本备件:未上传房本照片,餐厅 / 35.07平米 / 北 / 普通窗 ; 客厅A / 24.95平米 / 南 / 普通窗 ; 客厅B / 35.23平米 / 无 / 落地窗 ; 卧室A / 15.24平米 / 南 / 普通窗 ; 卧室B / 14.49平米 / 南 / 普通窗 ; 卧室C / 11.43平米 / 南 / 普通窗 ; 卧室D / 7.81平米 / 无 / 未知窗户类型 ; 卧室E / 9.16平米 / 无 / 普通窗 ; 卧室F / 15.31平米 / 无 / 普通窗 ; 卧室G / 8.04平米 / 无 / 未知窗户类型 ; 厨房A / 7.46平米 / 东 / 普通窗 ; 厨房B / 4.46平米 / 无 / 普通窗 ; 卫A / 3.62平米 / 北 / 落地窗 ; 卫B / 4.1平米 / 无 / 未知窗户类型 ; 卫C / 4.89平米 / 无 / 落地窗 ; 卫D / 4.22平米 / 无 / 未知窗户类型 ; 阳台A / 2.8平米 / 无 / 普通窗 ; 阳台B / 10.66平米 / 无 / 普通窗 ; 阳台C / 44.85平米 / 无 / 普通窗 ; 入户花园 / 18.08平米 / 东 南 / 普通窗 ; 过道 / 2.68平米 / 无 / 无窗,
佳兆业城市广场|小高层|双阳台|带入户花园,"佳兆业中央广场一期 , 坂田",3室1厅,88.26平米,北,精装,低楼层(共48层),2013年,塔楼,470 万,53252 元,1,,,近地铁 | VR看装修,https://sz.lianjia.com/ershoufang/105118806925.html,地铁 | VR看装修,此房楼层适中，朝南，看小区外围，采光视野好，,小区规划大型雪象体育公园，三十万商 业综合MALL，270米层高五星国际酒店，百度测量1公 里范围内雪象医院、肖传国医院，地铁10号线雪象、岗头双地铁口，坂银隧道去福田南山交通便捷。,,地铁十号线雪象站A出口，沿着坂雪岗大道可以去梅林关（去关内方向）、也可以转布龙路转南坪快速和水官高速，也可以从转贝尔路再转梅关高速，上坂澜大道可以去观澜也可以去平湖。交通很方便。高速交通：梅观高速、清平高速、坂雪岗大道、南坪快速。,,,暂无数据,2024-11-04,商品房,普通住宅,暂无数据,非共有,无抵押,挂牌时间:2024-11-04 | 交易权属:商品房 | 上次交易:暂无数据 | 房屋用途:普通住宅 | 房屋年限:暂无数据 | 产权所属:非共有 | 抵押信息:无抵押 | 房本备件:未上传房本照片,客厅 / 26.21平米 / 北 南 / 落地窗 ; 卧室A / 8.38平米 / 无 / 未知窗户类型 ; 卧室B / 14.28平米 / 无 / 未知窗户类型 ; 卧室C / 7.84平米 / 无 / 未知窗户类型 ; 厨房 / 5.09平米 / 东 / 落地窗 ; 卫A / 4.71平米 / 南 / 普通窗 ; 卫B / 3.46平米 / 南 / 普通窗 ; 阳台A / 7.56平米 / 西 北 东 / 普通窗 ; 阳台B / 2.44平米 / 东 / 落地窗 ; 入户花园 / 8.78平米 / 北 / 落地窗 ; 过道 / 2.91平米 / 无 / 无窗,
坂田地铁口物业，户型方正通透，78平大两房,"珠江旭景佳园 , 坂田",2室2厅,78.72平米,西北,,中楼层(共23层),2008年,塔楼,360 万,45732 元,0,,,近地铁 | VR看装修,https://sz.lianjia.com/ershoufang/105116773951.html,地铁 | VR看装修,地铁口600米，近坂田隧道交通方便，户型方正实用率高,小区分3期开发，近1500户，地铁口物业，紧靠银湖山和坂银隧道，地理位置优越，进出关内外方便。小区房价处于区域谷值，同区域二手房对比有很大的优势。所以有很多关内的客户在此小区置业。生活配套成熟，是刚需值得购买的小区。,二期内有旭景幼稚园。小区东南侧3千㎡底商，南侧有大族云峰商场已开业；距小区300米有两万㎡万科里。2km内有阳光湾畔、8号仓、坂田天虹等商场。1km有坂田医院。,"四通八达,小区邻布龙路坂雪岗大道两大动脉,南面1km上坂银南坪,通达福田南山方便；东面两个灯位上清平水官,通达罗湖盐田惠州；西侧2km上G94,1h到宝安东莞广州；北达天安和华为。250米到5号线坂田地铁口,1站换10号线到福田口岸。小区东门150m到公交站。",,,暂无数据,2024-04-23,商品房,普通住宅,暂无数据,非共有,有抵押 300万元,挂牌时间:2024-04-23 | 交易权属:商品房 | 上次交易:暂无数据 | 房屋用途:普通住宅 | 房屋年限:暂无数据 | 产权所属:非共有 | 抵押信息:有抵押 300万元 | 房本备件:未上传房本照片,客厅 / 24.07平米 / 北 南 / 落地窗 ; 卧室A / 7.53平米 / 北 / 落地飘窗 ; 卧室B / 13.41平米 / 北 南 / 落地飘窗 ; 厨房 / 4.16平米 / 东 / 落地窗 ; 卫 / 3.26平米 / 南 / 普通窗 ; 阳台A / 3.79平米 / 北 / 落地窗 ; 阳台B / 2.13平米 / 东 南 / 落地窗,
梅林关口双地铁物业，南向正规两房楼层好，装修保养好,"星光之约 , 坂田",2室1厅,74.5平米,南 北,精装,中楼层(共7层),2002年,板楼,310 万,41611 元,2,,,近地铁 | VR看装修,https://sz.lianjia.com/ershoufang/105118489982.html,地铁 | VR看装修,房子是中间楼层电梯楼，标准两房格局方正，朝南向，采光好。,星光之约花园位于坂田于龙华民治交界处，10号线雅宝站地鉄口，近梅林关。小区1998年批，2004年入住，小区有6栋住宅楼，1-3栋为楼梯，4-6栋为电梯，全部是小高层建筑，主要是两房--四房户型，小区四周不临路，菲常安静，内部有篮球场、游泳池、休闲广场等设施,小区门口有一些商铺，有钱大妈，卖蔬菜，卖早餐的及一些零售店。小区距离星河WORLD cocopark商场，步行约600米左右；距离8号仓奥特莱斯商场步行约1.7公里；距离南坑农贸市场步行约1公里；小区距离雅宝山体公园步行约1.2公里；距离五和社康忠心约1.6公里。,小区大门口是五和大道，路边有星光之约公交站台，10号线南坑站和雅宝站距离小区都是约500米左右。五和大道与坂雪岗大道、布龙路、龙华大道，民治大道等多条主干道衔接，小区到梅林关仅2个红绿灯，小区2公里范围内覆盖梅观高速，南坪快速，坂银通道等快速路,,,暂无数据,2024-10-04,商品房,普通住宅,暂无数据,非共有,有抵押,挂牌时间:2024-10-04 | 交易权属:商品房 | 上次交易:暂无数据 | 房屋用途:普通住宅 | 房屋年限:暂无数据 | 产权所属:非共有 | 抵押信息:有抵押 | 房本备件:未上传房本照片,客厅 / 25.63平米 / 南 / 普通窗 ; 卧室A / 8.38平米 / 北 / 普通窗 ; 卧室B / 12.09平米 / 无 / 未知窗户类型 ; 厨房 / 4.84平米 / 西 / 落地窗 ; 卫 / 4.23平米 / 无 / 落地窗 ; 阳台A / 1.92平米 / 西 / 落地窗 ; 阳台B / 4.83平米 / 西 南 / 普通窗,
两层复式 ，二层不计面积，格局好，税费低,"万科四季花城三期 , 坂田",6室2厅,104.82平米,南 北,精装,高楼层(共7层),2001年,板楼,600 万,57241 元,4,,,近地铁 | VR房源,https://sz.lianjia.com/ershoufang/105118604258.html,地铁 | VR房源,房是复式 ，二层不计面积，格局好，税费低,小区由万科地产集团开发，一共有36个独立苑，共分七期开发，花园式小区，绿化植被很多，带露天游泳池和健身会所及相应运动器械供住户健身，社区运动氛围棒；万科物业24小时严格管控，夜间有保安巡逻，外人基本无法随意出入，人车分流，充分保护行人安全,小区内有2个公立，海丽达双语3个幼儿园等，商场类有华润万家，海达和成购物广场、阳光湾畔，8号仓奥特莱斯等。医疗类有深圳坂田医院、布吉医院花城社康医院（小区内）；网球场，篮球场，健身会所等！,此房距离地铁5号线和10号线A口和300米，交通发达，小区旁边有布龙路、梅观高速、机荷高速、南坪快速等，乘坐公交或驾车出行到福田、罗湖、南山等地较方便（距离信息来源于百度地图）,,,暂无数据,2024-10-16,商品房,普通住宅,暂无数据,非共有,有抵押 华润银行,挂牌时间:2024-10-16 | 交易权属:商品房 | 上次交易:暂无数据 | 房屋用途:普通住宅 | 房屋年限:暂无数据 | 产权所属:非共有 | 抵押信息:有抵押 华润银行 | 房本备件:未上传房本照片,客厅 / 39.81平米 / 北 / 普通窗 ; 多功能间 / 32.13平米 / 北 / 落地窗 ; 卧室A / 17.42平米 / 无 / 未知窗户类型 ; 卧室B / 7.72平米 / 北 / 普通窗 ; 卧室C / 8.65平米 / 无 / 未知窗户类型 ; 卧室D / 17.3平米 / 北 / 普通窗 ; 卧室E / 8.21平米 / 北 / 普通窗 ; 卧室F / 7.71平米 / 北 / 普通窗 ; 厨房 / 6.61平米 / 北 / 普通窗 ; 卫A / 4.33平米 / 北 / 普通窗 ; 卫B / 2.86平米 / 北 / 普通窗 ; 阳台A / 6.05平米 / 北 / 普通窗 ; 阳台B / 4.08平米 / 北 / 普通窗 ; 阳台C / 6.27平米 / 北 / 普通窗,
满五年唯一 税费少， 装修保养好可以拎包入住，看山景,"星河银湖谷 , 坂田",4室2厅,88.51平米,南,,低楼层(共48层),2016年,板塔结合,671 万,75811 元,4,,,近地铁 | VR看装修,https://sz.lianjia.com/ershoufang/105118395776.html,地铁 | VR看装修,满五年唯一 ，税费少， 装修保养好可以拎包入住，看山景。,开发商：星河地产，星河WORLD 人车分流的规划设计，港式入户大堂，览山阅湖全景视野。约12栋商务楼群，集300米高层双子塔地和生态写字楼于一体，是金融产业、高新科技、创新产业的总部型经济。,星河QQPARK大型旗舰购物商场，奥特莱斯8号仓，龙岗图书馆，体育体育公园，业余生活精神丰富多样。,10号线雅宝站C出口，去年8月开通。南平快速延长线，新彩隧道，坂银隧道，梅关高速，五大交通便捷到到达深圳各区。 坂银遂道已经通车，去往罗湖福田近,,,暂无数据,2024-09-25,商品房,普通住宅,暂无数据,非共有,有抵押,挂牌时间:2024-09-25 | 交易权属:商品房 | 上次交易:暂无数据 | 房屋用途:普通住宅 | 房屋年限:暂无数据 | 产权所属:非共有 | 抵押信息:有抵押 | 房本备件:未上传房本照片,客厅 / 26.4平米 / 南 / 普通窗 ; 卧室A / 7.52平米 / 南 / 落地窗 ; 卧室B / 11.43平米 / 南 / 落地飘窗 ; 卧室C / 5.13平米 / 东 / 落地窗 ; 卧室D / 6.74平米 / 东 / 普通窗 ; 厨房 / 5.84平米 / 东 / 普通窗 ; 卫A / 4.05平米 / 东 / 落地窗 ; 卫B / 3.74平米 / 无 / 无窗 ; 阳台 / 5.12平米 / 东 南 / 普通窗 ; 过道 / 3.01平米 / 无 / 无窗,
一楼前后院子 业主自住 装修保养好,"万科四季花城四期 , 坂田",3室2厅,88.22平米,南,简装,低楼层(共6层),2002年,板塔结合,488 万,55317 元,4,,,VR房源,https://sz.lianjia.com/ershoufang/105117536427.html,VR房源,一楼前后院子 业主自住 装修保养好,小区由万科地产集团开发，一共有36个独立苑，共分七期开发，花园式小区，绿化植被很多，带露天3个游泳池和健身会所及相应运动器械供住户健身，社区运动氛围棒；万科物业24小时严格管控，夜间有保安巡逻，外人基本无法随意出入，人车分流，充分保...,小区内有博雅幼儿园、海丽达幼儿园等，商场类有华润万家，五和伍购物广场、海达和成购物广场、坂田民营市场等。医疗类有深圳坂田医院、龙华人民医院、布吉医院花城社康医院（小区内）；银行为招商银行、中国银行、民生银行自助机及平安银行等，各式卖菜..,此房距离地铁5号线和10号线A口和200米，交通发达，小区旁边有布龙路、梅观高速、机荷高速、南坪快速等，乘坐公交或驾车出行到福田、罗湖、南山等地较方便（距离信息来源于百度地图）,,,暂无数据,2024-07-07,商品房,普通住宅,暂无数据,非共有,有抵押,挂牌时间:2024-07-07 | 交易权属:商品房 | 上次交易:暂无数据 | 房屋用途:普通住宅 | 房屋年限:暂无数据 | 产权所属:非共有 | 抵押信息:有抵押 | 房本备件:未上传房本照片,客厅 / 28.52平米 / 西 西南 南 东南 / 普通窗 ; 卧室A / 10.17平米 / 北 / 落地窗 ; 卧室B / 7.91平米 / 北 / 落地窗 ; 卧室C / 13.52平米 / 南 / 普通窗 ; 厨房 / 5.06平米 / 北 / 落地窗 ; 卫生间 / 4.88平米 / 北 / 普通窗 ; 阳台 / 13.44平米 / 北 / 落地窗 ; 花园 / 18.31平米 / 西 南 / 普通窗,
嘉御山9栋高楼层精装5房 诚心卖,"信义嘉御山5期 , 坂田",5室2厅,143.12平米,东南,精装,中楼层(共38层),2016年,板楼,1000 万,69872 元,0,,,近地铁 | VR看装修 | 随时看房,https://sz.lianjia.com/ershoufang/105118277534.html,地铁 | VR看装修 | 随时看房,此房在小区的中间位置 朝南看花园泳池 视野比较好 业主诚心卖,,,,,,2021-01-05,2024-09-13,商品房,普通住宅,暂无数据,非共有,无抵押,挂牌时间:2024-09-13 | 交易权属:商品房 | 上次交易:2021-01-05 | 房屋用途:普通住宅 | 房屋年限:暂无数据 | 产权所属:非共有 | 抵押信息:无抵押 | 房本备件:已上传房本照片,客厅 / 38.72平米 / 无 / 未知窗户类型 ; 卧室A / 6.97平米 / 西 / 普通窗 ; 卧室B / 10.65平米 / 西 北 / 普通窗 ; 卧室C / 18.28平米 / 无 / 未知窗户类型 ; 卧室D / 10.95平米 / 无 / 未知窗户类型 ; 卧室E / 11.98平米 / 南 / 普通窗 ; 厨房 / 6.21平米 / 无 / 普通窗 ; 卫A / 4.33平米 / 北 / 普通窗 ; 卫B / 5.58平米 / 无 / 未知窗户类型 ; 阳台A / 2.96平米 / 北 / 普通窗 ; 阳台B / 8.46平米 / 西 东 南 / 普通窗 ; 过道 / 6.22平米 / 无 / 无窗 ; 衣帽间 / 2.16平米 / 无 / 无窗,
精装一本证大宅，带20平大阳台，位置好采光充足,"佳兆业中央广场三期 , 坂田",4室2厅,176.53平米,南,精装,45层,2015年,塔楼,976 万,55289 元,6,,,近地铁 | VR看装修 | 房本满五年,https://sz.lianjia.com/ershoufang/105115330319.html,地铁 | VR看装修 | 房本满五年,满五唯一，朝南位置好，一本证带20平大阳台，精装修保养好,小区规划大型雪象体育公园，三十万商 业综合MALL，270米层高五星国际酒店，百度测量1公 里范围内雪象医院、肖传国医院，地铁10号线雪象、岗头双地铁口，坂银隧道去福田南山交通便捷。,,地铁十号线雪象站A出口，沿着坂雪岗大道可以去梅林关（去关内方向）、也可以转布龙路转南坪快速和水官高速，也可以从转贝尔路再转梅关高速，上坂澜大道可以去观澜也可以去平湖。交通很方便。高速交通：梅观高速、清平高速、坂雪岗大道、南坪快速。,,,2014-06-30,2023-11-14,商品房,普通住宅,满五年,非共有,有抵押 1000万元 厦门银行 客户偿还,挂牌时间:2023-11-14 | 交易权属:商品房 | 上次交易:2014-06-30 | 房屋用途:普通住宅 | 房屋年限:满五年 | 产权所属:非共有 | 抵押信息:有抵押 1000万元 厦门银行 客户偿还 | 房本备件:已上传房本照片,客厅 / 52.9平米 / 北 南 / 落地窗 ; 卧室A / 11.37平米 / 北 / 落地窗 ; 卧室B / 13.4平米 / 无 / 未知窗户类型 ; 卧室C / 17.2平米 / 无 / 未知窗户类型 ; 卧室D / 13.44平米 / 南 / 普通窗 ; 厨房 / 9.78平米 / 北 / 普通窗 ; 卫A / 6.01平米 / 北 / 普通窗 ; 卫B / 5.32平米 / 东 / 普通窗 ; 阳台A / 3.63平米 / 北 东 / 落地窗 ; 阳台B / 13.69平米 / 南 / 普通窗 ; 储物间 / 3.55平米 / 无 / 无窗 ; 过道 / 4.96平米 / 无 / 无窗 ; 门厅 / 12.88平米 / 北 / 落地窗,
地铁口物业高发悦驰2017年次新小区,"高发悦驰苑 , 坂田",2室1厅,74.64平米,南,精装,低楼层(共6层),2015年,板楼,280 万,37514 元,0,,,近地铁 | VR看装修,https://sz.lianjia.com/ershoufang/105122012724.html,地铁 | VR看装修,坂田雪象地铁口满五唯一，电梯小高层,位于华为科技城，坐落在坂澜大道雪象第二幼儿园南侧，项目为6层洋房社区，只有2栋楼，分AB两座。低密度。15年建成并出售的电梯房 ，17年交楼，产权年限96年批地50年，属于住宅性质红本商品房。,,小区距离地铁10号线雪象站400米左右，位于坂澜大道上，往南去梅林关（去关内方向）、也可以转布龙路转南坪快速和水官高速，也可以从转贝尔路再转梅关高速，上坂澜大道可以去观澜也可以去平湖。高速交通：梅观高速、清平高速、坂雪岗大道、南坪快速,,,暂无数据,2025-09-04,商品房,普通住宅,暂无数据,非共有,有抵押,挂牌时间:2025-09-04 | 交易权属:商品房 | 上次交易:暂无数据 | 房屋用途:普通住宅 | 房屋年限:暂无数据 | 产权所属:非共有 | 抵押信息:有抵押 | 房本备件:未上传房本照片,客厅 / 22.77平米 / 西南 / 落地窗 ; 卧室A / 10.71平米 / 西南 / 落地窗 ; 卧室B / 9.67平米 / 西北 / 落地窗 ; 厨房 / 5.69平米 / 西北 / 普通窗 ; 卫 / 3.4平米 / 西北 / 普通窗 ; 阳台 / 4.07平米 / 西南 / 落地窗,
房子采光通风很好，全屋定制柜子,"华创云轩 , 坂田",2室1厅,39.64平米,南,精装,20层,2018年,塔楼,150 万,37841 元,1,,17天以前发布,近地铁,https://sz.lianjia.com/ershoufang/105122197657.html,地铁,业主诚心出售，门口10号线地铁口，华为总部旁，通燃气，易出租,华创云轩占地面积：12553平方米 共2栋，其中A栋20层，B栋21层 小区有地下停车场车位充足，有四层商场，4楼为空中花园,有万科城风情购物街、天虹商场、坂田购物广场，天安云谷大型商场，百佳华商场。,华创云轩位于深圳市龙岗区坂雪岗科技城， 华为总部基地，交通便利，梅观高速、南坪快速、坂雪岗大道等交通，坂银隧道也通车了，去往罗湖福田很便利，10号线的华为站就在楼下20米处。,,,暂无数据,2025-09-20,商品房,商业办公类,暂无数据,共有,无抵押,挂牌时间:2025-09-20 | 交易权属:商品房 | 上次交易:暂无数据 | 房屋用途:商业办公类 | 房屋年限:暂无数据 | 产权所属:共有 | 抵押信息:无抵押 | 房本备件:未上传房本照片,客厅 / 20.19平米 / 南 / 落地窗 ; 卧室A / 5.29平米 / 北 / 普通窗 ; 卧室B / 9.18平米 / 南 / 落地窗 ; 厨房 / 3.06平米 / 北 / 普通窗 ; 卫A / 2.76平米 / 北 / 普通窗 ; 卫B / 1.58平米 / 北 / 普通窗 ; 过道 / 5.21平米 / 无 / 无窗,
绿怡居 1室1厅 南,"绿怡居 , 坂田",1室1厅,45.54平米,南,,中楼层(共23层),2003年,板塔结合,203 万,44577 元,1,,26天以前发布,近地铁 | VR房源,https://sz.lianjia.com/ershoufang/105122101758.html,地铁 | VR房源,,,,,,,暂无数据,2025-09-12,商品房,普通住宅,暂无数据,非共有,有抵押,挂牌时间:2025-09-12 | 交易权属:商品房 | 上次交易:暂无数据 | 房屋用途:普通住宅 | 房屋年限:暂无数据 | 产权所属:非共有 | 抵押信息:有抵押 | 房本备件:未上传房本照片,客厅 / 10.73平米 / 无 / 无窗 ; 卧室 / 9.77平米 / 北 / 普通窗 ; 厨房 / 2.88平米 / 西 / 普通窗 ; 卫 / 2.84平米 / 西 / 普通窗 ; 阳台 / 4.64平米 / 西 北 / 普通窗 ; 过道 / 3.32平米 / 无 / 无窗,
龙岸花园花园6房出售，朝南，三个阳台,"龙岸花园一期 , 坂田",6室2厅,168.75平米,东南,,低楼层(共32层),2010年,塔楼,1170 万,69334 元,3,,,近地铁 | VR看装修,https://sz.lianjia.com/ershoufang/105117207272.html,地铁 | VR看装修,房子位置安静，业主自己在住，6房，三个阳台，朝南向,龙岸花园位于雅园路和华南路交汇处，一期二期是二手房，楼间距宽，中间是湖和别墅，三期是新房在建,家门口有八号仓奥特莱斯购物，龙华名车广场，星河雅宝星河WORLD综合体,龙岸花园位于雅园路和华南路交汇处，地铁10号线光雅园站200米，地理位置安静，小区被半山包围，两条高速，梅观高速和南平快速，民康路直达。小区门口是公交站台，数十条公交线路去深圳北站,,,暂无数据,2024-06-05,商品房,普通住宅,暂无数据,非共有,有抵押,挂牌时间:2024-06-05 | 交易权属:商品房 | 上次交易:暂无数据 | 房屋用途:普通住宅 | 房屋年限:暂无数据 | 产权所属:非共有 | 抵押信息:有抵押 | 房本备件:未上传房本照片,客厅 / 46.71平米 / 无 / 未知窗户类型 ; 书房 / 8.24平米 / 东 / 落地窗 ; 卧室A / 18.3平米 / 南 / 普通窗 ; 卧室B / 13.67平米 / 无 / 未知窗户类型 ; 卧室C / 10.97平米 / 南 / 落地窗 ; 卧室D / 8.83平米 / 无 / 落地窗 ; 厨房 / 7.2平米 / 西 / 落地窗 ; 卫A / 4.32平米 / 无 / 未知窗户类型 ; 卫B / 5.07平米 / 无 / 未知窗户类型 ; 阳台A / 8.53平米 / 北 东 南 / 普通窗 ; 阳台B / 11.06平米 / 西 北 南 / 落地窗 ; 阳台C / 6.78平米 / 西 / 落地窗 ; 储物间 / 12.55平米 / 无 / 未知窗户类型 ; 过道 / 5.29平米 / 无 / 无窗 ; 门厅 / 5.21平米 / 东 / 落地窗,
富豪花园 2室2厅 南,"富豪花园 , 坂田",2室2厅,83.58平米,南,简装,高楼层(共7层),1993年,,255 万,30510 元,11,,,VR房源 | 房本满五年,https://sz.lianjia.com/ershoufang/105118161261.html,VR房源 | 房本满五年,,,,,,,2009-06-18,2024-09-03,商品房,普通住宅,满五年,非共有,无抵押,挂牌时间:2024-09-03 | 交易权属:商品房 | 上次交易:2009-06-18 | 房屋用途:普通住宅 | 房屋年限:满五年 | 产权所属:非共有 | 抵押信息:无抵押 | 房本备件:已上传房本照片,客厅 / 19.2平米 / 东 / 普通窗 ; 餐厅 / 11.35平米 / 西 / 普通窗 ; 卧室A / 9.88平米 / 南 / 普通窗 ; 卧室B / 13.46平米 / 西 / 普通窗 ; 厨房 / 4.07平米 / 西 / 普通窗 ; 卫 / 3.63平米 / 西 / 普通窗 ; 阳台A / 3.11平米 / 无 / 无窗 ; 阳台B / 4.93平米 / 无 / 无窗,
嘉御山，南北通透五房，看花园，满五唯一，诚意出售,"佳兆业中央广场一期 , 坂田",5室2厅,151.91平米,南 北,精装,中楼层(共49层),2013年,塔楼,900 万,59246 元,0,,,近地铁 | VR房源,https://sz.lianjia.com/ershoufang/105115079239.html,地铁 | VR房源,满五年唯一，南北通透，看花园，正出阳台，位置安静，诚心出售,全新社区，人车分流，24小时保安轮流值班，小区内有自己的健身广场和花园，园林式社区，自带2000平米大泳池，，依托高新技术产业园，佳兆业城市广场物业形态丰富，集住宅、酒店于一体，旁边就是天安云谷、华为总部。,新社区，人车分流，24小时保安轮流值班，社区有自己的健身广场和花园，园林式社区。占地约300000平，建面约1800000平米，依托高新技术产业园，佳兆业城市广场物业形态丰富，集住宅、酒店于一体。小区左边是天安云谷、华为总部,地铁十号线雪象站A出口，沿着坂雪岗大道可以去梅林关（去关内方向）、也可以转布龙路转南坪快速和水官高速，也可以从转贝尔路再转梅关高速，上坂澜大道可以去观澜也可以去平湖。交通很方便。高速交通：梅观高速、清平高速、坂雪岗大道、南坪快速。,,,暂无数据,2023-10-17,商品房,普通住宅,暂无数据,非共有,有抵押 600万元 浙商银行 金融公司垫资,挂牌时间:2023-10-17 | 交易权属:商品房 | 上次交易:暂无数据 | 房屋用途:普通住宅 | 房屋年限:暂无数据 | 产权所属:非共有 | 抵押信息:有抵押 600万元 浙商银行 金融公司垫资 | 房本备件:未上传房本照片,客厅 / 28.84平米 / 东南 / 普通窗 ; 卧室A / 11.99平米 / 无 / 未知窗户类型 ; 卧室B / 11.18平米 / 无 / 未知窗户类型 ; 卧室C / 14.13平米 / 无 / 未知窗户类型 ; 卧室D / 12.87平米 / 无 / 未知窗户类型 ; 卧室E / 14.28平米 / 无 / 未知窗户类型 ; 厨房 / 8.52平米 / 西北 / 落地窗 ; 卫生间A / 6.84平米 / 东北 / 普通窗 ; 卫生间B / 5.34平米 / 无 / 未知窗户类型 ; 阳台A / 7.62平米 / 西南 东北 东南 / 普通窗 ; 过道 / 9.3平米 / 无 / 无窗 ; 门厅 / 10.79平米 / 东南 / 落地窗,
满五唯一，视野开阔，采光好，户型方正。,"星河银湖谷 , 坂田",4室1厅,87.02平米,南,,中楼层(共48层),2016年,板塔结合,680 万,78143 元,5,,,近地铁 | VR房源,https://sz.lianjia.com/ershoufang/105118450306.html,地铁 | VR房源,满五唯一，视野开阔，采光好，户型方正。,星河银湖谷住宅小区共7栋，玻璃外观和干挂陶板立面，有园林和泳池，人车分流的规划设计，港式入户大堂，览山阅湖景视野。星河双子塔、星河生态综合体、星河雅宝山体公园和星河圣境庙堂于一体，湖光山水，共享舒适生活！,,出行便利，10号线雅宝站离小区200米左右。直通南坪快速，新彩隧道，坂银隧道，梅关高速，五大交通便捷到到达深圳各区， 坂银遂道去往罗湖福田南山都方便,,,暂无数据,2024-09-30,商品房,普通住宅,暂无数据,非共有,有抵押 300万元,挂牌时间:2024-09-30 | 交易权属:商品房 | 上次交易:暂无数据 | 房屋用途:普通住宅 | 房屋年限:暂无数据 | 产权所属:非共有 | 抵押信息:有抵押 300万元 | 房本备件:未上传房本照片,客厅 / 22.96平米 / 东南 / 普通窗 ; 卧室A / 8.51平米 / 东南 / 落地窗 ; 卧室B / 13.02平米 / 无 / 未知窗户类型 ; 卧室C / 5.99平米 / 西南 / 普通窗 ; 卧室D / 6.32平米 / 西南 / 落地窗 ; 厨房 / 5.4平米 / 无 / 落地窗 ; 卫生间A / 4.92平米 / 无 / 未知窗户类型 ; 卫生间B / 3.76平米 / 西北 / 普通窗 ; 阳台A / 4.17平米 / 西南 东南 / 普通窗 ; 阳台B / 2.77平米 / 西南 南 / 落地窗 ; 过道 / 4.56平米 / 无 / 无窗,
新上房源  三期3房  满5唯一    中间楼层景观好,"佳兆业中央广场三期 , 坂田",3室2厅,87.63平米,西北,,46层,2016年,塔楼,458 万,52266 元,1,,,近地铁 | VR看装修,https://sz.lianjia.com/ershoufang/105116045713.html,地铁 | VR看装修,此房满五年唯一，中间楼层，视野好，侧出阳台,新社区，人车分流，24小时保安轮流值班，小区内有自己的健身广场和花园，园林式社区，自带大泳池，健身场所、会所，配套齐全，居家舒适。,佳兆业城市广场社区依托高新技术产业园，物业形态丰富，集住宅、酒店、大型综合体配套于一体，小区旁边就是天安云谷、华为总部,10号线岗头站地铁口300米，10号线雪象地铁口300米。梅观高速,,,暂无数据,2024-02-18,商品房,普通住宅,暂无数据,非共有,有抵押,挂牌时间:2024-02-18 | 交易权属:商品房 | 上次交易:暂无数据 | 房屋用途:普通住宅 | 房屋年限:暂无数据 | 产权所属:非共有 | 抵押信息:有抵押 | 房本备件:未上传房本照片,客厅 / 24.97平米 / 无 / 未知窗户类型 ; 卧室A / 7.56平米 / 无 / 未知窗户类型 ; 卧室B / 12.3平米 / 无 / 未知窗户类型 ; 卧室C / 7.41平米 / 无 / 落地窗 ; 厨房 / 6.72平米 / 西 南 / 落地窗 ; 卫A / 3.22平米 / 北 / 普通窗 ; 卫B / 3.92平米 / 无 / 未知窗户类型 ; 阳台A / 3.59平米 / 北 东 / 普通窗 ; 阳台B / 2.88平米 / 西 / 落地窗 ; 过道 / 4.77平米 / 无 / 无窗,
坂田次新小区高层，朝南向，通风采光好，位置安静，,"诺德中央道 , 坂田",3室2厅,77.52平米,南,精装,高楼层(共33层),2014年,板楼,399 万,51471 元,0,,,VR看装修,https://sz.lianjia.com/ershoufang/105118158279.html,VR看装修,高层，朝南向，通风采光好，位置安静，,,楼下自带餐厅和便利店，能满足日常生活需求。坂田街道办200米，400米大族云峰商场，万科里购物广场680米，华润万家旭景佳园分店760米，坂田手造文化街1000米，650米处有银湖山郊野公园，还有钓鱼场，配套比较齐全,"四通八达,小区邻布龙路坂雪岗大道两大动脉,南面1km上坂银南坪,通达福田南山方便；东面两个灯位上清平水官,通达罗湖盐田惠州；西北侧2km上G94,1h到宝安东莞广州；北达天安和华为。250米到5号线坂田地铁口,1站换10号线到福田口岸。",,,暂无数据,2024-09-02,商品房,普通住宅,暂无数据,非共有,无抵押,挂牌时间:2024-09-02 | 交易权属:商品房 | 上次交易:暂无数据 | 房屋用途:普通住宅 | 房屋年限:暂无数据 | 产权所属:非共有 | 抵押信息:无抵押 | 房本备件:未上传房本照片,客厅 / 27.37平米 / 南 / 普通窗 ; 卧室A / 5.73平米 / 南 / 普通窗 ; 卧室B / 13.63平米 / 无 / 未知窗户类型 ; 卧室C / 6.47平米 / 东 / 普通窗 ; 厨房 / 4.1平米 / 东 / 普通窗 ; 卫 / 3.54平米 / 北 / 普通窗 ; 阳台A / 4.79平米 / 南 / 普通窗 ; 阳台B / 1.58平米 / 东 / 普通窗,
适合自住家庭，装修居家实用装修，房子红本在手税费低,"春华四季园一期 , 坂田",3室2厅,99.77平米,东,,低楼层(共11层),2006年,板塔结合,760 万,76176 元,0,,,VR看装修,https://sz.lianjia.com/ershoufang/105118283214.html,VR看装修,适合自住家庭，装修居家实用装修，房子红本在手税费低,小区分一二期开发，共43栋，3000户，一期人车分流，近小区人工湖，位置安静，居家大社区,,华南路和民康路交汇处，旁边是梅观高速可以去福田南山，观澜东莞，交通便利，深圳中轴,,,暂无数据,2024-09-14,商品房,普通住宅,暂无数据,共有,有抵押 500万元,挂牌时间:2024-09-14 | 交易权属:商品房 | 上次交易:暂无数据 | 房屋用途:普通住宅 | 房屋年限:暂无数据 | 产权所属:共有 | 抵押信息:有抵押 500万元 | 房本备件:未上传房本照片,客厅 / 8.62平米 / 无 / 无窗 ; 卧室A / 14.24平米 / 东 / 落地窗 ; 卧室B / 19.56平米 / 东 南 / 落地窗 ; 卧室C / 8.42平米 / 无 / 未知窗户类型 ; 卧室D / 9.25平米 / 北 / 普通窗 ; 厨房 / 8.36平米 / 无 / 无窗 ; 卫A / 5.39平米 / 无 / 无窗 ; 卫B / 2.94平米 / 东 / 普通窗 ; 卫C / 3.27平米 / 北 / 普通窗 ; 过道 / 21.4平米 / 无 / 未知窗户类型 ; 衣帽间 / 9.64平米 / 无 / 无窗,
5号线坂田站旭景佳园精装两房 满五税少 价格可谈,"珠江旭景佳园 , 坂田",2室2厅,79.66平米,南,精装,中楼层(共11层),2007年,塔楼,392 万,49210 元,4,,,近地铁 | VR看装修,https://sz.lianjia.com/ershoufang/105118143859.html,地铁 | VR看装修,5号线坂田站旭景佳园精装两房 满五税少 价格可谈,小区分3期开发，近1500户，地铁口物业，紧靠银湖山和坂银隧道，地理位置优越，进出关内外方便。小区房价处于区域谷值，同区域二手房对比有很大的优势。所以有很多关内的客户在此小区置业。生活配套成熟，是刚需值得购买的小区。,二期内有旭景幼稚园。小区东南侧3千㎡底商，南侧有大族云峰商场已开业；距小区300米有两万㎡万科里。2km内有阳光湾畔、8号仓、坂田天虹等商场。1km有坂田医院。,"四通八达,小区邻布龙路坂雪岗大道两大动脉,南面1km上坂银南坪,通达福田南山方便；东面两个灯位上清平水官,通达罗湖盐田惠州；西侧2km上G94,1h到宝安东莞广州；北达天安和华为。250米到5号线坂田地铁口,1站换10号线到福田口岸。小区东门150m到公交站。",,,暂无数据,2024-09-01,商品房,普通住宅,暂无数据,非共有,无抵押,挂牌时间:2024-09-01 | 交易权属:商品房 | 上次交易:暂无数据 | 房屋用途:普通住宅 | 房屋年限:暂无数据 | 产权所属:非共有 | 抵押信息:无抵押 | 房本备件:未上传房本照片,客厅 / 20.35平米 / 南 / 落地窗 ; 卧室A / 13.46平米 / 东 南 / 落地窗 ; 卧室B / 9.73平米 / 无 / 未知窗户类型 ; 卧室C / 3.73平米 / 无 / 无窗 ; 厨房 / 4.16平米 / 东 / 落地窗 ; 卫 / 3.42平米 / 东 / 普通窗 ; 阳台A / 7.73平米 / 南 / 落地窗 ; 阳台B / 2.69平米 / 东 / 落地窗 ; 过道 / 2.19平米 / 无 / 无窗,
次新房，配套完善，嘉御山三房，红本安静,"信义嘉御山 , 坂田",3室2厅,89.35平米,东北,毛坯,低楼层(共27层),2016年,板塔结合,600 万,67152 元,28,,,近地铁 | VR看装修 | 随时看房,https://sz.lianjia.com/ershoufang/105109085392.html,地铁 | VR看装修 | 随时看房,满五年红本，业主诚意卖房，寻找有缘客户,信义嘉御豪园分三期开发，占地近100000平米，建面400000平，共3008户。2013-2015年底交房，小区内有泳池，配套有公里龙岗机关幼儿园，户型多样，66平-77平，方正通透的两房；83-88平，朝南或南北的三房户型；85平 复式 四房三卫；117-217平 改善大户型。,"信义嘉御山是坂田新的大社区的，小区一共有8期，目前1-5期已经交房入住，6-8期还没有开盘的，坂田北地铁口的大盘，一期楼下有天虹商场，有星巴克，面点王，健身会所，SAP等，17年地还开了佳华商场MAX.CITY.,有海底捞，探鱼等餐饮名店",小区在五和大道与吉华路交汇处，五和大道南北向，吉华路东西向，均是坂田的交通主干道。公交站台有坂田天虹，五和路口北，五和路口，坂田市场。地铁轨道交通有地铁5号线和地铁10号线，距离最近的地铁站为5号线五和站和10号线坂田北站。,,,暂无数据,2021-10-24,商品房,普通住宅,暂无数据,非共有,有抵押 120万元 中国建设银行 金融公司垫资,挂牌时间:2021-10-24 | 交易权属:商品房 | 上次交易:暂无数据 | 房屋用途:普通住宅 | 房屋年限:暂无数据 | 产权所属:非共有 | 抵押信息:有抵押 120万元 中国建设银行 金融公司垫资 | 房本备件:未上传房本照片,客厅 / 21.95平米 / 无 / 未知窗户类型 ; 卧室A / 9.55平米 / 无 / 未知窗户类型 ; 卧室B / 6.81平米 / 无 / 未知窗户类型 ; 卧室C / 20.13平米 / 无 / 未知窗户类型 ; 厨房 / 6.15平米 / 无 / 未知窗户类型 ; 卫生间A / 3.55平米 / 无 / 未知窗户类型 ; 卫生间B / 3.49平米 / 无 / 未知窗户类型 ; 阳台 / 4.81平米 / 西北 东北 东南 / 普通窗 ; 储物间 / 1.76平米 / 无 / 无窗 ; 过道 / 1.46平米 / 无 / 无窗 ; 门厅 / 8.09平米 / 西南 / 普通窗,
上下三层的顶楼洋房，带电梯有独立的私家车位,"春华四季园一期 , 坂田",5室2厅,172.67平米,南,,高楼层(共5层),2006年,板楼,1200 万,69497 元,3,,,VR房源,https://sz.lianjia.com/ershoufang/105118246981.html,VR房源,上下三层的顶楼洋房，带电梯有独立的私家车位，满五年自己住,小区总建筑面积430000㎡，总规划户数约3300户，拥有完善的配套设施，6000㎡的湖坡，1000米的风情街，室外泳池及室内恒温泳池、3000㎡的运动场地、幼儿园等，金光华物业。二期户型丰富多样，包括70㎡的两房.95-100㎡左右的三房.136-158㎡的四房五房 141㎡的,小区自带：小区一条街、华润万家、特蕾丝幼儿园、游泳馆、网球场、篮球场、羽毛球场、休闲会所等配套，生活购物便利，购物：8号仓奥特莱斯、龙华名车广场，东门离阳光湾畔购物广场、海达和成购物广场,,,,暂无数据,2024-09-10,商品房,普通住宅,暂无数据,非共有,有抵押 600万元 金融公司垫资,挂牌时间:2024-09-10 | 交易权属:商品房 | 上次交易:暂无数据 | 房屋用途:普通住宅 | 房屋年限:暂无数据 | 产权所属:非共有 | 抵押信息:有抵押 600万元 金融公司垫资 | 房本备件:未上传房本照片,客厅 / 29.66平米 / 东 / 普通窗 ; 餐厅 / 34.52平米 / 西 / 普通窗 ; 卧室A / 27.48平米 / 东 / 普通窗 ; 卧室B / 14.5平米 / 无 / 未知窗户类型 ; 卧室C / 11.9平米 / 无 / 未知窗户类型 ; 卧室D / 30.93平米 / 东 / 落地窗 ; 卧室E / 11.82平米 / 无 / 无窗 ; 卧室F / 53.32平米 / 西 / 普通窗 ; 厨房 / 5.42平米 / 西 / 普通窗 ; 卫A / 4.5平米 / 无 / 未知窗户类型 ; 卫B / 7.22平米 / 无 / 未知窗户类型 ; 卫C / 3.55平米 / 无 / 无窗 ; 卫D / 6.37平米 / 无 / 无窗 ; 卫E / 7.13平米 / 西 / 普通窗 ; 阳台A / 13.84平米 / 西 东 / 普通窗 ; 阳台B / 9.31平米 / 东 / 普通窗 ; 阳台C / 15.09平米 / 北 东 南 / 落地窗 ; 阳台D / 8.99平米 / 西 / 普通窗 ; 过道A / 15.29平米 / 无 / 无窗 ; 过道B / 14.33平米 / 无 / 无窗 ; 衣帽间 / 3.51平米 / 无 / 无窗,
银湖谷朝南看山 且安静 装修保养好 可拎包入住,"星河银湖谷 , 坂田",4室1厅,86.49平米,南,精装,低楼层(共48层),2016年,板塔结合,670 万,77466 元,1,,,近地铁 | VR看装修 | 房本满五年,https://sz.lianjia.com/ershoufang/105121011810.html,地铁 | VR看装修 | 房本满五年,房子业主自己住，装修保养比较好，视野开阔没有遮挡，位置安静,小区定位档次高，依山傍水，环境优美，登山道链接银湖山郊野公园。小区出则繁华，如则宁静，离尘不离城。商场配套星河cocopark，地铁口与商场对接，比较便利。,,,,,2019-01-22,2025-06-08,商品房,普通住宅,满五年,非共有,有抵押 兴业银行500万,挂牌时间:2025-06-08 | 交易权属:商品房 | 上次交易:2019-01-22 | 房屋用途:普通住宅 | 房屋年限:满五年 | 产权所属:非共有 | 抵押信息:有抵押 兴业银行500万 | 房本备件:已上传房本照片,客厅 / 24.41平米 / 北 / 普通窗 ; 书房 / 5.63平米 / 北 / 落地窗 ; 卧室A / 8.17平米 / 北 / 落地窗 ; 卧室B / 15.39平米 / 无 / 未知窗户类型 ; 卧室C / 8.16平米 / 北 / 落地窗 ; 厨房 / 4.56平米 / 北 / 普通窗 ; 卫A / 3.95平米 / 无 / 未知窗户类型 ; 卫B / 3.78平米 / 北 / 普通窗 ; 阳台 / 5.49平米 / 北 / 普通窗 ; 过道 / 3.14平米 / 无 / 无窗,
星河精装修南向大户型，景观好，视野开阔，诚意出售,"星河银湖谷 , 坂田",6室2厅,146.22平米,南,,中楼层(共47层),2016年,板塔结合,1250 万,85488 元,0,,,VR房源,https://sz.lianjia.com/ershoufang/105121001460.html,VR房源,星河精装修南向大户型，景观好，视野开阔，诚意出售,星河WORLD银湖谷住宅面积为200000㎡，拥有5500㎡园林和泳池，人车分流的规划设计，港式入户大堂，览山阅湖景视野。约700000㎡商务楼群，集300米高层双子塔地和生态写字楼于一体，是金融产业、高新科技、创新产业的总部型经济聚集地,梅林关口，深圳北站商圈，片区交通不断完善，27年星河匠心集大成之作，自持运营大量物业，星河斥巨资打造1600000平航母级综合体，万亿园区产业助力持续 约750000平米联盟。,10号线雅宝站，已经开通。南平快速延长线，新彩隧道，坂银隧道，梅关高速，五大交通便捷到到达深圳各区。 坂银遂道已经通车去往罗湖福田近,,,暂无数据,2025-06-07,商品房,普通住宅,暂无数据,非共有,无抵押,挂牌时间:2025-06-07 | 交易权属:商品房 | 上次交易:暂无数据 | 房屋用途:普通住宅 | 房屋年限:暂无数据 | 产权所属:非共有 | 抵押信息:无抵押 | 房本备件:未上传房本照片,客厅 / 25.31平米 / 无 / 无窗 ; 卧室A / 11.27平米 / 北 / 落地窗 ; 卧室B / 13.48平米 / 无 / 未知窗户类型 ; 卧室C / 15.8平米 / 北 东 / 落地窗 ; 卧室D / 18.67平米 / 东 / 普通窗 ; 卧室E / 8.84平米 / 无 / 未知窗户类型 ; 卧室F / 17.87平米 / 无 / 未知窗户类型 ; 厨房 / 7.63平米 / 南 / 普通窗 ; 卫生间A / 5.66平米 / 无 / 未知窗户类型 ; 卫生间B / 7.92平米 / 无 / 未知窗户类型 ; 阳台A / 4.64平米 / 北 东 南 / 普通窗 ; 阳台B / 2.69平米 / 南 / 普通窗,
嘉御山五期 次新3房  中高楼层房子 满五不唯一,"信义嘉御山5期 , 坂田",3室2厅,71.19平米,东,简装,高楼层(共39层),2016年,塔楼,560 万,78663 元,0,,,VR看装修,https://sz.lianjia.com/ershoufang/105121434653.html,VR看装修,坂田信义 72平3房，位置安静 高楼层，西南朝向,本小区人车分流，大社区大绿化。本房在泳池边上，小区中间位置，中间楼层视野景观很好，在家里就可以看到小区的花园和泳池，东南向采光好又安静，价格比其他楼栋贵一些，适合对房屋居住品质要求高的群体。,小区下面自带底层店铺，开发商自持，目前已全部进驻，包括中西式餐饮、教育培训、婴幼儿用品，便利店及坂田天虹旗舰店，生活方便，小区内有幼儿园，家门口尽享优质生活，小区南侧是MIX City7层楼综合商心街区，有百佳华chao市，海底捞，麦当劳，星巴克等品牌.,,,,暂无数据,2025-07-13,商品房,普通住宅,暂无数据,非共有,有抵押 220万元 兴业 银行 客户偿还,挂牌时间:2025-07-13 | 交易权属:商品房 | 上次交易:暂无数据 | 房屋用途:普通住宅 | 房屋年限:暂无数据 | 产权所属:非共有 | 抵押信息:有抵押 220万元 兴业 银行 客户偿还 | 房本备件:未上传房本照片,客厅 / 25.09平米 / 无 / 未知窗户类型 ; 卧室A / 7.21平米 / 西北 / 普通窗 ; 卧室B / 12.23平米 / 无 / 未知窗户类型 ; 卧室C / 8.27平米 / 东北 / 普通窗 ; 厨房 / 5.13平米 / 西北 / 普通窗 ; 卫 / 3.76平米 / 西南 / 普通窗 ; 阳台 / 4.06平米 / 西北 东北 东南 / 普通窗 ; 过道 / 2.63平米 / 无 / 无窗,
此房南北通，户型方正，光线好，双地铁,"金洲嘉丽园 , 坂田",2室1厅,68.63平米,南 北,,7层,2004年,板楼,285 万,41528 元,0,,,近地铁 | VR房源 | 随时看房,https://sz.lianjia.com/ershoufang/105120934964.html,地铁 | VR房源 | 随时看房,此房满五唯一，适合老人和小孩居住,金洲嘉丽园楼盘位于深圳龙岗区坂田北路与华台路交汇处，占地面积2. 九万 余平方米，建筑面积4. 八万平方米，12栋低密度多层住宅组成。,金洲嘉丽园楼盘位于深圳龙岗区坂田北路与华台路交汇处，占地面积2. 九万 余平方米，建筑面积4. 八万平方米，12栋低密度多层住宅组成。,小区边是坂雪岗大道上；门口就是多路通往关内的公交，出行是方便。地铁坂田站5号线10号线,,,暂无数据,2025-06-02,商品房,普通住宅,暂无数据,非共有,无抵押,挂牌时间:2025-06-02 | 交易权属:商品房 | 上次交易:暂无数据 | 房屋用途:普通住宅 | 房屋年限:暂无数据 | 产权所属:非共有 | 抵押信息:无抵押 | 房本备件:未上传房本照片,客厅 / 27.46平米 / 北 南 / 普通窗 ; 卧室A / 7.74平米 / 南 / 落地飘窗 ; 卧室B / 10.93平米 / 北 / 落地飘窗 ; 厨房 / 4.83平米 / 西 / 普通窗 ; 卫 / 3.09平米 / 南 / 普通窗 ; 阳台 / 4.63平米 / 西 南 / 普通窗,
佳兆业中央广场三期 4室2厅 南 北,"佳兆业中央广场三期 , 坂田",4室2厅,141平米,南 北,精装,46层,2015年,塔楼,820 万,58157 元,1,,,近地铁 | VR看装修,https://sz.lianjia.com/ershoufang/105121110788.html,地铁 | VR看装修,,,,,,,暂无数据,2025-06-16,商品房,普通住宅,暂无数据,共有,无抵押,挂牌时间:2025-06-16 | 交易权属:商品房 | 上次交易:暂无数据 | 房屋用途:普通住宅 | 房屋年限:暂无数据 | 产权所属:共有 | 抵押信息:无抵押 | 房本备件:未上传房本照片,客厅 / 47.66平米 / 北 / 落地窗 ; 卧室A / 11.71平米 / 北 / 普通窗 ; 卧室B / 13.5平米 / 无 / 未知窗户类型 ; 卧室C / 19.46平米 / 无 / 未知窗户类型 ; 卧室D / 9.71平米 / 无 / 未知窗户类型 ; 厨房 / 7.17平米 / 北 / 落地窗 ; 卫A / 5.23平米 / 无 / 未知窗户类型 ; 卫B / 3.49平米 / 无 / 未知窗户类型 ; 阳台A / 14.13平米 / 北 / 普通窗 ; 阳台B / 4.73平米 / 北 / 落地窗 ; 储物间 / 3.78平米 / 北 / 普通窗 ; 过道 / 8.24平米 / 无 / 无窗,
此房满五年，高楼层朝东南采光好视野好房子保养不错,"信义嘉御山5期 , 坂田",4室2厅,88.89平米,东南,精装,高楼层(共39层),2016年,塔楼,657 万,73912 元,0,,,VR房源,https://sz.lianjia.com/ershoufang/105120787159.html,VR房源,此房满五年，中高楼层朝东南，采光好，视野好，房子保养不错,,小区下面自带底层店铺，开发商自持，目前已全部进驻，包括中西式餐饮、教育培训、婴幼儿用品，便利店及坂田天虹旗舰店，生活方便，小区内有幼儿园，家门口尽享优质生活，小区南侧是MIX City7层楼综合商心街区，有百佳华chao市，海底捞，麦当劳，星巴克等..,"：
开车出行：小区出来贝尔路可快速上G94梅关高速，坂雪岗大道上坂银通道直通福田南山。 地铁出行：10号线坂田北站，10号线5号线中转站五和站。 公交出行：里石排站，坂田市场站，坂田路口站，坂田路口北站等",,,暂无数据,2025-05-19,商品房,普通住宅,暂无数据,非共有,有抵押,挂牌时间:2025-05-19 | 交易权属:商品房 | 上次交易:暂无数据 | 房屋用途:普通住宅 | 房屋年限:暂无数据 | 产权所属:非共有 | 抵押信息:有抵押 | 房本备件:未上传房本照片,客厅 / 27.27平米 / 无 / 未知窗户类型 ; 卧室A / 9.71平米 / 无 / 未知窗户类型 ; 卧室B / 13.83平米 / 无 / 未知窗户类型 ; 卧室C / 6.08平米 / 西南 西北 / 普通窗 ; 卧室D / 9.56平米 / 西南 / 普通窗 ; 厨房 / 3.96平米 / 西南 / 普通窗 ; 卫A / 4.25平米 / 无 / 未知窗户类型 ; 卫B / 3.85平米 / 无 / 普通窗 ; 阳台A / 4.02平米 / 西南 东南 / 普通窗 ; 阳台B / 2.04平米 / 西南 / 普通窗 ; 过道 / 3.12平米 / 无 / 无窗,
东南向复式五房，中间楼层，业主诚心出售,"信义嘉御山5期 , 坂田",5室1厅,100.22平米,东南,精装,中楼层(共39层),2016年,板塔结合,850 万,84814 元,2,,,近地铁 | VR房源,https://sz.lianjia.com/ershoufang/105120756251.html,地铁 | VR房源,房子使用率高，精装修五房三卫，满五税费少，业主诚心出售,,,开车出行：小区出来贝尔路可快速上G94梅关高速，坂雪岗大道上坂银通道直通福田南山。 地铁出行：10号线坂田北站，10号线5号线中转站五和站。 公交出行：里石排站，坂田市场站，坂田路口站，坂田路口北站,,,暂无数据,2025-05-16,商品房,普通住宅,暂无数据,非共有,有抵押,挂牌时间:2025-05-16 | 交易权属:商品房 | 上次交易:暂无数据 | 房屋用途:普通住宅 | 房屋年限:暂无数据 | 产权所属:非共有 | 抵押信息:有抵押 | 房本备件:未上传房本照片,客厅 / 35.07平米 / 东 / 普通窗 ; 卧室A / 10.81平米 / 无 / 未知窗户类型 ; 卧室B / 13.21平米 / 南 / 普通窗 ; 卧室C / 30.99平米 / 无 / 未知窗户类型 ; 卧室D / 10.79平米 / 无 / 未知窗户类型 ; 卧室E / 7.3平米 / 无 / 未知窗户类型 ; 厨房 / 8.08平米 / 无 / 未知窗户类型 ; 卫A / 3.59平米 / 南 / 普通窗 ; 卫B / 3.52平米 / 无 / 未知窗户类型 ; 卫C / 8.15平米 / 南 / 普通窗 ; 阳台A / 6.28平米 / 东 南 / 普通窗 ; 阳台B / 1.82平米 / 西 东 南 / 普通窗 ; 储物间 / 3.26平米 / 无 / 无窗 ; 过道 / 6.95平米 / 无 / 无窗,
佳华领汇广场 3室2厅 北,"佳华领汇广场 , 坂田",3室2厅,86平米,北,,中楼层(共32层),2016年,塔楼,460 万,53489 元,0,,,近地铁 | VR房源,https://sz.lianjia.com/ershoufang/105121051895.html,地铁 | VR房源,,,,,,,暂无数据,2025-06-11,商品房,普通住宅,暂无数据,非共有,无抵押,挂牌时间:2025-06-11 | 交易权属:商品房 | 上次交易:暂无数据 | 房屋用途:普通住宅 | 房屋年限:暂无数据 | 产权所属:非共有 | 抵押信息:无抵押 | 房本备件:未上传房本照片,客厅 / 16.37平米 / 无 / 普通窗 ; 卧室A / 10.21平米 / 无 / 未知窗户类型 ; 卧室B / 6.63平米 / 东北 / 普通窗 ; 卧室C / 10.27平米 / 东北 东南 / 普通窗 ; 卧室D / 6.57平米 / 西北 / 落地窗 ; 厨房 / 6.03平米 / 东北 / 普通窗 ; 卫 / 2.58平米 / 西北 / 普通窗 ; 阳台A / 2.51平米 / 东北 / 普通窗 ; 阳台B / 5.82平米 / 西北 东北 东南 / 普通窗 ; 过道 / 3.06平米 / 无 / 无窗,
中海电梯两房，精装修，保养好，满五年,"中海日辉台 , 坂田",2室1厅,63.05平米,北,精装,高楼层(共11层),2005年,塔楼,296 万,46947 元,2,,,近地铁 | VR看装修 | 房本满五年,https://sz.lianjia.com/ershoufang/105120339050.html,地铁 | VR看装修 | 房本满五年,中海电梯两房，精装修，保养好，满五年，楼层高，位置好。,,东侧是贝尔公园，西侧是金山公园和正在建设的深圳国际艺术馆，东北侧是雪竹径公园；三大商场：坂田天虹、佳华大型、世纪华贸。,,,,2014-01-01,2025-04-09,商品房,普通住宅,满五年,非共有,有抵押 60万元 中国银行 客户偿还,挂牌时间:2025-04-09 | 交易权属:商品房 | 上次交易:2014-01-01 | 房屋用途:普通住宅 | 房屋年限:满五年 | 产权所属:非共有 | 抵押信息:有抵押 60万元 中国银行 客户偿还 | 房本备件:已上传房本照片,客厅 / 20.87平米 / 北 / 落地窗 ; 卧室01 / 12.52平米 / 无 / 未知窗户类型 ; 卧室02 / 8.96平米 / 北 / 落地窗 ; 厨房 / 4.98平米 / 无 / 落地窗 ; 卫 / 3.16平米 / 东 / 落地窗 ; 阳台01 / 2.42平米 / 北 / 落地窗 ; 阳台02 / 3.76平米 / 北 东 / 普通窗,
旭景一期电梯中间楼层，精装修，东南看花园,"珠江旭景佳园 , 坂田",3室2厅,106.07平米,东南,精装,中楼层(共11层),2007年,塔楼,510 万,48082 元,0,,,近地铁 | VR看装修,https://sz.lianjia.com/ershoufang/105121233803.html,地铁 | VR看装修,新修保养好，生活配套成熟，花园大，出行方便,小区分3期开发，近1500户，地铁口物业，紧靠银湖山和坂银隧道，地理位置优越，进出关内外方便。小区房价处于区域谷值，同区域二手房对比有很大的优势。所以有很多关内的客户在此小区置业。生活配套成熟，是刚需值得购买的小区。,二期内有旭景幼稚园。小区东南侧3千㎡底商，南侧有大族云峰商场已开业；距小区300米有两万㎡万科里。2km内有阳光湾畔、8号仓、万科广场，坂田天虹等商场。1km有坂田医院。,"四通八达,小区邻布龙路坂雪岗大道两大动脉,南面1km上坂银南坪,通达福田南山方便；东面两个灯位上清平水官,通达罗湖盐田惠州；西侧2km上G94,1h到宝安东莞广州；北达天安和华为。250米到5号线坂田地铁口,1站换10号线到福田口岸。小区东门150m到公交站。",,,暂无数据,2025-06-27,商品房,普通住宅,暂无数据,非共有,有抵押 130万元 北京银行,挂牌时间:2025-06-27 | 交易权属:商品房 | 上次交易:暂无数据 | 房屋用途:普通住宅 | 房屋年限:暂无数据 | 产权所属:非共有 | 抵押信息:有抵押 130万元 北京银行 | 房本备件:未上传房本照片,客厅 / 28.78平米 / 北 / 落地窗 ; 卧室A / 15.41平米 / 无 / 未知窗户类型 ; 卧室B / 8.41平米 / 无 / 未知窗户类型 ; 卧室C / 8.85平米 / 无 / 未知窗户类型 ; 厨房 / 5.61平米 / 北 / 落地窗 ; 卫A / 3.22平米 / 北 / 普通窗 ; 卫B / 2.55平米 / 北 / 普通窗 ; 阳台A / 5.18平米 / 北 / 落地窗 ; 阳台B / 2.07平米 / 北 / 落地窗 ; 过道 / 2.13平米 / 无 / 无窗,
电梯高层2房，位置安静，户型方正，客厅出阳台！,"珠江旭景佳园 , 坂田",2室2厅,78.8平米,北,精装,高楼层(共23层),2008年,塔楼,335 万,42513 元,0,,,近地铁 | VR看装修,https://sz.lianjia.com/ershoufang/105120147899.html,地铁 | VR看装修,电梯高层视野好，位置也安静，户型方正，生活配套齐全！,小区分3期开发，近1500户，地铁口物业，紧靠银湖山和坂银隧道，地理位置优越，进出关内外方便。小区房价处于区域谷值，同区域二手房对比有很大的优势。所以有很多关内的客户在此小区置业。生活配套成熟，是刚需值得购买的小区。,二期内有旭景幼稚园。小区东南侧3千㎡底商，南侧有大族云峰商场已开业；距小区300米有两万㎡万科里。2km内有阳光湾畔、8号仓、坂田天虹、万科广场等商场。1km有坂田医院。,"四通八达,小区邻布龙路坂雪岗大道两大动脉,南面1km上坂银南坪,通达福田南山方便；东面两个灯位上清平水官,通达罗湖盐田惠州；西侧2km上G94,1h到宝安东莞广州；北达天安和华为。250米到5号线坂田地铁口,1站换10号线到福田口岸。小区东门150m到公交站。",,,暂无数据,2025-03-22,商品房,普通住宅,暂无数据,非共有,无抵押,挂牌时间:2025-03-22 | 交易权属:商品房 | 上次交易:暂无数据 | 房屋用途:普通住宅 | 房屋年限:暂无数据 | 产权所属:非共有 | 抵押信息:无抵押 | 房本备件:未上传房本照片,客厅 / 24.05平米 / 北 南 / 普通窗 ; 卧室A / 13.16平米 / 北 南 / 落地飘窗 ; 卧室B / 7.65平米 / 北 / 落地飘窗 ; 厨房 / 4.09平米 / 西 / 普通窗 ; 卫 / 3.23平米 / 南 / 普通窗 ; 阳台A / 2.39平米 / 西 南 / 普通窗 ; 阳台B / 4.84平米 / 西 北 / 普通窗,
此房2021年交楼新小区，配套好，,"华晖瑞禧 , 坂田",3室2厅,85.2平米,东南,精装,高楼层(共41层),2020年,塔楼,510 万,59860 元,1,,,近地铁 | VR看装修,https://sz.lianjia.com/ershoufang/105120550236.html,地铁 | VR看装修,此房2021年交楼新小区，配套好，,2021年次新小区，小区位于银湖山1公里处，距鸡公山隧道1.5公里，方便到达罗湖，福田，南山。自带幼儿园，充足停车位，楼下买生活所需也方便。,享受 15 年一站式，首先项目自带一所 9 班约 3000 ㎡幼儿园，同时在项目西北约 500 米处有一所 9 年一贯制的公立——坂田实验（30 班小、15 班中）。另外，项目南面为规划教育用地，3 公里范围内还有一所全国唯一的科学高中。,两横四纵”成熟交通路网体系（两横：布龙路、南坪快速；四纵：五和大道、坂雪岗大道、梅观高速、清平高速）；邻近地铁5号线坂田站； 地处鸡公山通道首排，约一刻钟直达福田区，建立起快速通达全城的半小时生活圈。,,,暂无数据,2025-04-27,商品房,普通住宅,暂无数据,非共有,有抵押,挂牌时间:2025-04-27 | 交易权属:商品房 | 上次交易:暂无数据 | 房屋用途:普通住宅 | 房屋年限:暂无数据 | 产权所属:非共有 | 抵押信息:有抵押 | 房本备件:未上传房本照片,客厅 / 25.31平米 / 南 / 普通窗 ; 卧室A / 11.26平米 / 无 / 未知窗户类型 ; 卧室B / 8.65平米 / 北 / 落地窗 ; 卧室C / 7.31平米 / 无 / 未知窗户类型 ; 厨房 / 4.92平米 / 北 / 普通窗 ; 卫 / 3.52平米 / 无 / 未知窗户类型 ; 阳台 / 3.85平米 / 南 / 普通窗,
满五唯一带入户 精装修 自住保养好 看山看水 视野好,"佳兆业中央广场三期 , 坂田",4室2厅,89.07平米,南 北,,44层,2016年,塔楼,538 万,60402 元,1,,,近地铁 | VR看装修,https://sz.lianjia.com/ershoufang/105120767648.html,地铁 | VR看装修,满五唯一进门带入户 精装修 自住保养好 看山看水 视野好,,新社区，人车分流，24小时保安轮流值班，社区有自己的健身广场和花园，园林式社区。依托高新技术产业园，佳兆业城市广场物业形态丰富，集住宅、酒店于一体。隔壁就是天安云谷、华为总部。,项目是挨着坂雪岗大道和坂澜大道，沿着坂雪岗大道可以去梅林关（去关内方向）、也可以转布龙路转南坪快速和水官高速，也可以从转贝尔路再转梅关高速，上坂澜大道可以去观澜也可以去平湖。交通很方便。高速交通：梅观高速、清平高速、坂雪岗大道、南坪快速,这个房子是满五年，业主家庭里面的唯一住宅，只有1%的契税.....,,暂无数据,2025-05-17,商品房,普通住宅,暂无数据,共有,有抵押,挂牌时间:2025-05-17 | 交易权属:商品房 | 上次交易:暂无数据 | 房屋用途:普通住宅 | 房屋年限:暂无数据 | 产权所属:共有 | 抵押信息:有抵押 | 房本备件:未上传房本照片,客厅 / 33.84平米 / 北 / 落地窗 ; 卧室A / 7.57平米 / 北 / 落地窗 ; 卧室B / 12.36平米 / 北 / 落地窗 ; 卧室C / 7.69平米 / 北 / 落地窗 ; 厨房 / 9.3平米 / 北 / 落地窗 ; 卫A / 3.29平米 / 北 / 落地窗 ; 卫B / 4.23平米 / 无 / 未知窗户类型 ; 阳台A / 3.56平米 / 北 / 落地窗 ; 阳台B / 3.95平米 / 北 / 落地窗 ; 储物间 / 5.56平米 / 北 / 普通窗 ; 过道 / 4.93平米 / 无 / 无窗,
一楼大带花园。大阳台。南北朝向，位置安静。税少,"万科四季花城二期 , 坂田",3室1厅,96.15平米,北,简装,6层,2000年,板楼,546 万,56787 元,4,,,VR房源,https://sz.lianjia.com/ershoufang/105120344836.html,VR房源,带大花园。大阳台，位置安静，税少，诚心卖,小区由万科地产集团开发，一共有36个独立苑，共分七期开发，花园式小区，绿化植被很多，带露天3个游泳池和健身会所及相应运动器械供住户健身，社区运动氛围棒；万科物业24小时严格管控，夜间有保安巡逻，外人基本无法随意出入，人车分流，充分保...,（小区内有博雅幼儿园、海丽达幼儿园等，商场类有华润万家，五和伍购物广场、海达和成购物广场、坂田民营市场等。医疗类有深圳坂田医院、龙华人民医院、布吉医院花城社康医院（小区内）；银行为招商银行、中国银行、民生银行自助机及平安银行等，各式卖菜..,此房距离地铁5号线和10号线A口和200米，交通发达，小区旁边有布龙路、梅观高速、机荷高速、南坪快速等，乘坐公交或驾车出行到福田、罗湖、南山等地较方便（距离信息来源于百度地图）,满五年。业主深圳唯一一套住房，没有个税，满两年，没有增值税。客户只需交契税,,暂无数据,2025-04-09,商品房,普通住宅,暂无数据,非共有,有抵押 370万元 平安银行,挂牌时间:2025-04-09 | 交易权属:商品房 | 上次交易:暂无数据 | 房屋用途:普通住宅 | 房屋年限:暂无数据 | 产权所属:非共有 | 抵押信息:有抵押 370万元 平安银行 | 房本备件:未上传房本照片,客厅 / 33.34平米 / 北 南 / 落地窗 ; 卧室A / 6.85平米 / 南 / 普通窗 ; 卧室B / 8.22平米 / 南 / 落地窗 ; 卧室C / 15.62平米 / 无 / 未知窗户类型 ; 厨房 / 4.98平米 / 南 / 普通窗 ; 卫A / 3.1平米 / 东 / 普通窗 ; 卫B / 4.14平米 / 南 / 普通窗 ; 阳台A / 8.21平米 / 南 / 普通窗 ; 阳台B / 4.11平米 / 南 / 落地窗 ; 阳台C / 19.38平米 / 西 北 / 落地窗 ; 过道 / 2.34平米 / 无 / 无窗,
诚心卖，12栋中间位置，房子保养好，看房方便。,"信义嘉御山 , 坂田",4室2厅,140.3平米,东南,精装,中楼层(共31层),2013年,板塔结合,828 万,59017 元,5,,,近地铁 | VR看装修 | 房本满五年,https://sz.lianjia.com/ershoufang/105119626039.html,地铁 | VR看装修 | 房本满五年,"看花园泳池，房子自住的保养好
科外加持",信义嘉御豪园分3期开发，占地近100000平米，建面400000平，共3008户。2013-2015年底交房，小区内有泳池，下楼就有幼儿园，户型多样，66平-77平方正2房；83-88平朝南或南北的3房；85平复式4房3卫；117-217平改善大平层，小区人车分流设计。,信义嘉御山是坂田次新大社区，一期楼下天虹商场，有星巴克，KFC，必胜客，奈雪，喜茶，泸溪河，华为，小米，中航健身会所等商家，过马路还有佳华商场MAX.CITY有海底捞，探鱼等餐饮名店，还有招行，建行，江苏银行围绕小区，整体配套很全生活便利,双地铁物业（5&10号线），到深圳北站2个地铁站。 公交：楼下就有坂田路口北、坂田天虹公交站，有十几路公交经过，通达深圳市各个区域。 自驾出行也只很翻方便，小区出来快速上珠三角环线，五和大道主干道链接多条快速路,,,2017-02-18,2025-02-09,商品房,普通住宅,满五年,非共有,有抵押 200万元,挂牌时间:2025-02-09 | 交易权属:商品房 | 上次交易:2017-02-18 | 房屋用途:普通住宅 | 房屋年限:满五年 | 产权所属:非共有 | 抵押信息:有抵押 200万元 | 房本备件:已上传房本照片,客厅 / 34.17平米 / 无 / 未知窗户类型 ; 卧室A / 10.37平米 / 西南 西北 / 落地窗 ; 卧室B / 17.71平米 / 无 / 未知窗户类型 ; 卧室C / 13.01平米 / 无 / 未知窗户类型 ; 卧室D / 11.92平米 / 东南 / 普通窗 ; 厨房 / 6.35平米 / 西北 / 普通窗 ; 卫A / 4.9平米 / 西北 / 普通窗 ; 卫B / 6.05平米 / 无 / 未知窗户类型 ; 阳台 / 8.76平米 / 西南 东北 东南 / 普通窗 ; 过道 / 5.96平米 / 无 / 无窗 ; 门厅 / 5.6平米 / 西南 / 普通窗,
百万装修 中楼层 南北通采光通风视野好，满五唯一,"佳兆业中央广场一期 , 坂田",5室2厅,149.19平米,东南 西北,精装,中楼层(共46层),2013年,板楼,790 万,52953 元,3,,,近地铁 | VR看装修 | 房本满五年,https://sz.lianjia.com/ershoufang/105120458961.html,地铁 | VR看装修 | 房本满五年,此房满五唯一，适中楼层，南北通透，百万装修，保养好,全新社区，人车分流，24小时保安轮流值班，小区内有自己的健身广场和花园，园林式社区，自带2000平米大泳池，，依托高新技术产业园，佳兆业城市广场物业形态丰富，集住宅、酒店于一体，旁边就是天安云谷、华为总部。,,小区位于坂澜大到和中浩一楼的交汇处， 坂银隧道已开通，大大缩短了坂田到福田的车程， 楼下地铁10号线岗头站和雪象北站双地铁口 ， 高速交通：梅观高速、清平高速、坂雪岗大道、南坪快速，坂银通道，地铁10号线岗头站。,,,2014-09-11,2025-04-19,商品房,普通住宅,满五年,非共有,有抵押 160万元 中国银行,挂牌时间:2025-04-19 | 交易权属:商品房 | 上次交易:2014-09-11 | 房屋用途:普通住宅 | 房屋年限:满五年 | 产权所属:非共有 | 抵押信息:有抵押 160万元 中国银行 | 房本备件:已上传房本照片,客厅 / 27.91平米 / 北 / 普通窗 ; 书房 / 23.84平米 / 北 / 落地窗 ; 卧室01 / 14.63平米 / 北 / 落地窗 ; 卧室02 / 13.56平米 / 北 / 落地窗 ; 卧室03 / 14.11平米 / 北 / 落地窗 ; 厨房 / 8.96平米 / 北 / 普通窗 ; 卫01 / 3.29平米 / 北 / 普通窗 ; 卫02 / 5.45平米 / 北 / 普通窗 ; 阳台 / 7.23平米 / 北 / 普通窗 ; 过道 / 9.39平米 / 无 / 无窗 ; 门厅 / 10.7平米 / 北 / 落地窗 ; 衣帽间 / 3.21平米 / 无 / 无窗,
带入户3＋1房，俯瞰一线山湖美景,"佳兆业中央广场一期 , 坂田",4室2厅,88.96平米,北,精装,中楼层(共48层),2013年,塔楼,500 万,56206 元,3,,,近地铁 | VR看装修,https://sz.lianjia.com/ershoufang/105120610094.html,地铁 | VR看装修,此房满5唯一 精装修 保养干净,,,出门即是十号线地铁口岗头站和雪象站，规划好的还有地铁27号线；,,,暂无数据,2025-05-03,商品房,普通住宅,暂无数据,非共有,有抵押 350万元 中信银行 客户偿还,挂牌时间:2025-05-03 | 交易权属:商品房 | 上次交易:暂无数据 | 房屋用途:普通住宅 | 房屋年限:暂无数据 | 产权所属:非共有 | 抵押信息:有抵押 350万元 中信银行 客户偿还 | 房本备件:未上传房本照片,客厅 / 21.24平米 / 北 / 落地窗 ; 卧室A / 8.05平米 / 北 / 落地窗 ; 卧室B / 13.4平米 / 北 / 落地窗 ; 卧室C / 8.92平米 / 北 / 落地窗 ; 厨房 / 5.61平米 / 北 / 普通窗 ; 卫A / 4.34平米 / 北 / 普通窗 ; 卫B / 3.4平米 / 北 / 普通窗 ; 阳台A / 4.91平米 / 北 / 普通窗 ; 阳台B / 2.3平米 / 北 / 普通窗 ; 入户花园 / 9.7平米 / 北 / 落地窗 ; 过道 / 3.12平米 / 无 / 无窗,
此房正出阳台 带储物间 带入户 中间楼层 安静 视野好,"佳兆业中央广场三期 , 坂田",4室2厅,88.62平米,南 北,精装,46层,2016年,塔楼,568 万,64094 元,2,,,近地铁 | VR看装修 | 随时看房,https://sz.lianjia.com/ershoufang/105120237322.html,地铁 | VR看装修 | 随时看房,正出阳台 带储物间和入户 中间楼层 业主有加装，保养好.,小区规模：总共分为6期开发的大楼盘。3个幼儿园：自带综合MALL，加270米万豪酒店（六期项目），二期的地理位置很好，小区东门门口200米就是地铁口雪象站,,项目是在坂雪岗大道和坂澜大道，沿着坂雪岗大道可以去梅林关（去关内方向）、也可以转布龙路转南坪快速和水官高速，也可以从转贝尔路再转梅关高速，上坂澜大道可以去观澜也可以去平湖。交通很方便。高速交通：梅观高速、清平高速、坂雪岗大道、南坪快速。,此房是满五年家庭不唯一，没有增值税，有1%的个税和1%的契税...,,暂无数据,2025-03-30,商品房,普通住宅,暂无数据,非共有,有抵押,挂牌时间:2025-03-30 | 交易权属:商品房 | 上次交易:暂无数据 | 房屋用途:普通住宅 | 房屋年限:暂无数据 | 产权所属:非共有 | 抵押信息:有抵押 | 房本备件:未上传房本照片,客厅 / 33.01平米 / 东北 / 落地窗 ; 卧室A / 7.58平米 / 无 / 未知窗户类型 ; 卧室B / 12.73平米 / 无 / 未知窗户类型 ; 卧室C / 7.75平米 / 无 / 无窗 ; 卧室D / 6.84平米 / 东南 / 普通窗 ; 厨房 / 8.84平米 / 无 / 无窗 ; 卫A / 3.35平米 / 东北 / 普通窗 ; 卫B / 3.98平米 / 无 / 未知窗户类型 ; 阳台A / 4.85平米 / 东 / 落地窗 ; 阳台B / 3.44平米 / 无 / 无窗 ; 过道 / 5平米 / 无 / 无窗,
业主急售，满五唯一，红本，价格可谈,"信义嘉御山 , 坂田",4室2厅,133.38平米,东南,精装,低楼层(共33层),2013年,板塔结合,850 万,63728 元,0,,,近地铁 | VR房源,https://sz.lianjia.com/ershoufang/105119976856.html,地铁 | VR房源,1.满五唯一，看房方便，价格可谈 。,信义嘉御豪园分三期开发，共3008户。2013-2015年底交房，小区内有泳池，配套有公里龙岗机关幼儿园，户型多样，66平-77平，方正通透的两房；83-88平，朝南或南北的三房户型；85平 复式 四房三卫；117-217平 改善大户型,信义嘉御山是坂田新的大社区的，小区一共有8期，目前1-5期已经交房入住，坂田双地铁口的大盘，一期楼下有天虹商场，有星巴克，KFC，面点王，健身会所，SAP等配套成熟，还开了佳华商场MAX.CITY有海底捞，探鱼等餐饮名店 各大银行围绕小区、旁边有大企业华为..,双地铁物业（5&10号线），到深圳北站2个地铁站。 公交：楼下就有坂田路口北、坂田天虹公交站，有十几路公交经过，通达深圳市各个区域。 自驾出行也只很翻方便，小区出来快速上珠三角环线，五和大道主干道链接多条快速路。,,,暂无数据,2025-03-09,商品房,普通住宅,暂无数据,非共有,无抵押,挂牌时间:2025-03-09 | 交易权属:商品房 | 上次交易:暂无数据 | 房屋用途:普通住宅 | 房屋年限:暂无数据 | 产权所属:非共有 | 抵押信息:无抵押 | 房本备件:未上传房本照片,客厅 / 43.21平米 / 无 / 未知窗户类型 ; 卧室A / 10.52平米 / 北 / 普通窗 ; 卧室B / 16.8平米 / 无 / 未知窗户类型 ; 卧室C / 10.89平米 / 无 / 未知窗户类型 ; 卧室D / 13.4平米 / 东 / 普通窗 ; 厨房 / 5.88平米 / 无 / 未知窗户类型 ; 卫生间A / 4.75平米 / 无 / 未知窗户类型 ; 卫生间B / 4.69平米 / 无 / 未知窗户类型 ; 阳台 / 7.24平米 / 北 东 南 / 普通窗 ; 储物间 / 4.25平米 / 无 / 无窗,
佳兆业五期朝南看花园，房子保养好，满五唯一。,"佳兆业城市广场五期 , 坂田",4室2厅,89.47平米,南,精装,中楼层(共43层),2019年,板楼,430 万,48061 元,0,,,近地铁 | VR看装修,https://sz.lianjia.com/ershoufang/105119323843.html,地铁 | VR看装修,房子满五唯一，朝南看花园，房子保养好,小区规模：总共分为6期开发的大楼盘。3个幼儿园：自带综合MALL，加270米万豪酒店（六期项目），五期的地理位置很好，小区大口200米就是地铁口雪象站，小区右侧就是书包,新社区，人车分流，车位充足，24小时保安轮流值班，社区有自己的健身广场和花园，园林式社区。依托高新技术产业园，佳兆业城市广场物业形态丰富，集住宅、酒店于一体。隔壁就是天安云谷、华为总部,项目是在坂雪岗大道和坂澜大道，沿着坂雪岗大道可以去梅林关（去关内方向）、也可以转布龙路转南坪快速和水官高速，也可以从转贝尔路再转梅关高速，上坂澜大道可以去观澜也可以去平湖。交通很方便。高速交通：梅观高速、清平高速、坂雪岗大道、南坪快速。,,,暂无数据,2024-12-27,商品房,普通住宅,暂无数据,非共有,有抵押,挂牌时间:2024-12-27 | 交易权属:商品房 | 上次交易:暂无数据 | 房屋用途:普通住宅 | 房屋年限:暂无数据 | 产权所属:非共有 | 抵押信息:有抵押 | 房本备件:未上传房本照片,客厅 / 19.78平米 / 南 / 普通窗 ; 卧室A / 9.86平米 / 无 / 未知窗户类型 ; 卧室B / 11.73平米 / 无 / 未知窗户类型 ; 卧室C / 10.04平米 / 西 / 普通窗 ; 卧室D / 6.16平米 / 无 / 普通窗 ; 厨房 / 8.53平米 / 西 / 普通窗 ; 卫A / 3.32平米 / 西 / 普通窗 ; 卫B / 3.18平米 / 无 / 普通窗 ; 阳台A / 4.68平米 / 西 南 / 普通窗 ; 阳台B / 7.16平米 / 西 / 普通窗 ; 过道 / 5.02平米 / 无 / 无窗,
南向大5房，小区中间位置看泳池,"信义嘉御山5期 , 坂田",5室1厅,131.32平米,东南,精装,中楼层(共38层),2016年,塔楼,1160 万,88334 元,2,,,VR房源,https://sz.lianjia.com/ershoufang/105120418021.html,VR房源,此房南向看花园，闹中取静，旁边有商场、地铁等,,小区旁边有天虹商场，百佳华购物，还有科技城外国语，公园旁边有龙岗艺术国际，500米距离有地铁10号线和5号线五和站，,小区旁边有多个公交车站、地铁站（5号和10号线）及高速（梅观高速和水官高速）出入口，,,,暂无数据,2025-04-15,商品房,普通住宅,暂无数据,非共有,有抵押,挂牌时间:2025-04-15 | 交易权属:商品房 | 上次交易:暂无数据 | 房屋用途:普通住宅 | 房屋年限:暂无数据 | 产权所属:非共有 | 抵押信息:有抵押 | 房本备件:未上传房本照片,客厅 / 34.78平米 / 无 / 未知窗户类型 ; 卧室A / 11.84平米 / 北 / 普通窗 ; 卧室B / 9.22平米 / 无 / 未知窗户类型 ; 卧室C / 8.48平米 / 北 / 普通窗 ; 卧室D / 15.71平米 / 无 / 未知窗户类型 ; 卧室E / 12.23平米 / 北 / 普通窗 ; 厨房 / 4.87平米 / 北 / 落地窗 ; 卫A / 5.11平米 / 北 / 普通窗 ; 卫B / 4.05平米 / 北 / 落地窗 ; 卫C / 4.54平米 / 无 / 未知窗户类型 ; 阳台A / 2.47平米 / 北 / 落地窗 ; 阳台B / 7.09平米 / 北 / 普通窗 ; 过道 / 7.02平米 / 无 / 无窗 ; 衣帽间 / 2.41平米 / 无 / 无窗,
二楼带平台大五房满五年免个税业主诚心出售,"龙岸花园二期 , 坂田",5室2厅,162.57平米,南,,低楼层(共30层),2010年,,950 万,58437 元,1,,,近地铁 | VR看装修,https://sz.lianjia.com/ershoufang/105121344631.html,地铁 | VR看装修,二楼带平台大五房满五年免个税业主诚心出售,龙岸占地约100000㎡，总建筑面积约270000㎡，约180㎡的半山叠墅，约220㎡的半山联排双拼；不仅可以观赏到内部园林景观，还可以远望民治水库和塘朗山、银湖山等外部自然景观；二期园林因地制宜，规划成退台式的布局,,龙岸花园位于雅园路和华南路交汇处，地铁10号线光雅园站200米，地理位置安静，小区被半山包围，两条高速，梅观高速和南平快速，民康路直达。小区门口是公交站台，多条公交线路去深圳北站。,,,暂无数据,2025-07-05,商品房,普通住宅,暂无数据,非共有,无抵押,挂牌时间:2025-07-05 | 交易权属:商品房 | 上次交易:暂无数据 | 房屋用途:普通住宅 | 房屋年限:暂无数据 | 产权所属:非共有 | 抵押信息:无抵押 | 房本备件:未上传房本照片,,
嘉御山5期精装修标准4房，看花园全景，中间楼层采光好,"信义嘉御山5期 , 坂田",4室2厅,88.75平米,东北,,中楼层(共39层),2016年,塔楼,625 万,70423 元,1,,,VR看装修,https://sz.lianjia.com/ershoufang/105119926090.html,VR看装修,此房周边配套设施齐全，楼下就是科技城外国语54班书包,,,小区旁边有地铁5号线五和站和10号线坂田北站，25号线会在28年开通，五和大道旁边有梅观高速。公交车有多条线路配套。,,,暂无数据,2025-03-04,商品房,普通住宅,暂无数据,非共有,无抵押,挂牌时间:2025-03-04 | 交易权属:商品房 | 上次交易:暂无数据 | 房屋用途:普通住宅 | 房屋年限:暂无数据 | 产权所属:非共有 | 抵押信息:无抵押 | 房本备件:未上传房本照片,客厅 / 27.22平米 / 东北 / 落地窗 ; 卧室A / 9.53平米 / 东北 / 普通窗 ; 卧室B / 13.46平米 / 无 / 未知窗户类型 ; 卧室C / 5.86平米 / 西南 西北 / 普通窗 ; 卧室D / 7.37平米 / 西北 / 普通窗 ; 厨房 / 3.98平米 / 西北 / 普通窗 ; 卫A / 4.31平米 / 无 / 未知窗户类型 ; 卫B / 3.98平米 / 无 / 普通窗 ; 阳台A / 5.32平米 / 西北 东北 东南 / 普通窗 ; 阳台B / 2.16平米 / 西北 / 普通窗 ; 过道 / 2.98平米 / 无 / 无窗,
万科四季花城大三房，离地铁口100米,"万科四季花城二期 , 坂田",3室2厅,103.36平米,南 北,,6层,2000年,板楼,450 万,43538 元,3,,,近地铁 | VR看装修,https://sz.lianjia.com/ershoufang/105120850921.html,地铁 | VR看装修,此房满五唯一，业主很急着卖，离五和地铁A出口100米的 距离,小区由万科集团开发，一共36个独立的院子。共分七期开发，花园式小区，绿化植很多。带露天泳池和健身会所及相应机械供住户健身，社区氛围感强：万科物业24小时严格管控，夜间有保安巡逻，外人基本无法随意出入，人车分流，充分保护行人安全。,距离坂田天虹1000米，距离坂田民营市场100米，距离八号仓300米，距离星河商场和上河坊购物广场2000米（数据来源于百度）,地铁口5号线和10号线A 出口，交通发达，小区旁边有布龙路，梅关高速，机荷机场，南坪快速等，乘车公交出行到福田，罗湖，南山等地比较方便（距离来源于百度地图）还有深大城际和深惠城际,,,暂无数据,2025-05-25,商品房,普通住宅,暂无数据,非共有,有抵押,挂牌时间:2025-05-25 | 交易权属:商品房 | 上次交易:暂无数据 | 房屋用途:普通住宅 | 房屋年限:暂无数据 | 产权所属:非共有 | 抵押信息:有抵押 | 房本备件:未上传房本照片,客厅 / 33.19平米 / 北 / 落地窗 ; 卧室A / 16.44平米 / 无 / 未知窗户类型 ; 卧室B / 9.9平米 / 北 / 落地窗 ; 卧室C / 8.31平米 / 北 / 落地窗 ; 厨房 / 5.37平米 / 北 / 普通窗 ; 卫A / 4.36平米 / 北 / 普通窗 ; 卫B / 2.97平米 / 北 / 普通窗 ; 阳台A / 3.65平米 / 北 / 普通窗 ; 阳台B / 2.53平米 / 北 / 落地窗 ; 过道 / 2.51平米 / 无 / 无窗,
中间楼层 通风好，保养好，朝南三房两卫，看花园,"佳兆业中央广场一期 , 坂田",3室1厅,88.92平米,南,精装,中楼层(共48层),2013年,塔楼,468 万,52632 元,0,,,近地铁 | VR看装修,https://sz.lianjia.com/ershoufang/105121721231.html,地铁 | VR看装修,保养好，朝南看花园，安静看泳池，中间楼层，客厅出阳台,小区规模：总共分为6期10000户的大盘，总占地约300000，全部项目总建面约1800000平米。3个幼儿园：150000平米综合MALL，加270米豪酒店（六期项目,新社区，人车分流，24小时保安轮流值班，社区有自己的健身广场和花园，园林式社区。小区自带佳兆业9宛平商场，物业形态丰富，集住宅、酒店、公寓、写字楼于一体，小区旁边是天安云谷以及华为总部，49栋写字楼。两公里内有三甲吉华医院在建,项目是挨着坂雪岗大道和坂澜大道，沿着坂雪岗大道可以去梅林关（去关内方向）、也可以转布龙路转南坪快速和水官高速，也可以从转贝尔路再转梅关高速，上坂澜大道可以去观澜也可以去平湖。交通很方便。地铁十号线，岗头站和雪象站，双地铁口,,,暂无数据,2025-08-08,商品房,普通住宅,暂无数据,非共有,有抵押 银行 客户偿还,挂牌时间:2025-08-08 | 交易权属:商品房 | 上次交易:暂无数据 | 房屋用途:普通住宅 | 房屋年限:暂无数据 | 产权所属:非共有 | 抵押信息:有抵押 银行 客户偿还 | 房本备件:未上传房本照片,客厅 / 22.71平米 / 南 / 普通窗 ; 卧室A / 9.6平米 / 西 / 落地窗 ; 卧室B / 11.84平米 / 无 / 未知窗户类型 ; 卧室C / 9.06平米 / 无 / 未知窗户类型 ; 厨房 / 4.76平米 / 西 / 落地窗 ; 卫A / 3.98平米 / 无 / 落地窗 ; 卫B / 2.56平米 / 无 / 未知窗户类型 ; 阳台A / 3.26平米 / 西 / 落地窗 ; 阳台B / 5.77平米 / 西 南 / 普通窗 ; 过道 / 2.88平米 / 无 / 无窗,
小区中间位，位置安静，无遮挡，业主诚心出售,"嘉霖华禧 , 坂田",5室1厅,119.99平米,东南,精装,中楼层(共33层),2017年,塔楼,620 万,51671 元,1,,,近地铁 | VR房源 | 房本满五年,https://sz.lianjia.com/ershoufang/105121313889.html,地铁 | VR房源 | 房本满五年,满五年，不唯一，中间楼层，无遮挡，视野好。,嘉霖华禧小区楼龄比较新，17年交房的小区，项目是嘉霖集团继大鹏PURE33璞岸、龙岗珑禧、坪山大万文化广场后推出的又一城市标杆力作。小区总共6栋，项目产品包含37-65平米1-3房70年产权平层、复式产品及74-119㎡ 品质3-5房品质住宅，均为片区主流户型。,新社区，人车分流，24小时保安轮流值班，社区有自己的健身广场和花园，园林式社区。依托高新技术产业园，佳兆业城市广场物业形态丰富，集、酒店于一体。小区左边是天安云谷、华为总部基地，配套齐全,项目是靠着坂雪岗大道和坂澜大道，沿着坂雪岗大道可以去梅林关（去关内方向）、也可以转布龙路转南坪快速和水官高速，也可以从转贝尔路再转梅关高速，上坂澜大道可以去观澜也可以去平湖。地铁10号,,,2016-08-06,2025-07-03,商品房,普通住宅,满五年,非共有,有抵押 170万元 银行,挂牌时间:2025-07-03 | 交易权属:商品房 | 上次交易:2016-08-06 | 房屋用途:普通住宅 | 房屋年限:满五年 | 产权所属:非共有 | 抵押信息:有抵押 170万元 银行 | 房本备件:已上传房本照片,客厅 / 30.56平米 / 北 南 / 普通窗 ; 卧室A / 6.79平米 / 北 / 落地窗 ; 卧室B / 9.63平米 / 无 / 未知窗户类型 ; 卧室C / 10.19平米 / 无 / 未知窗户类型 ; 卧室D / 16.94平米 / 无 / 未知窗户类型 ; 卧室E / 8.46平米 / 无 / 未知窗户类型 ; 厨房 / 4.36平米 / 南 / 普通窗 ; 卫A / 4.56平米 / 无 / 未知窗户类型 ; 卫B / 5.1平米 / 无 / 未知窗户类型 ; 阳台A / 5.58平米 / 西 北 东 / 普通窗 ; 阳台B / 3.87平米 / 西 南 / 普通窗 ; 过道 / 4.34平米 / 无 / 无窗,
地铁精装四房 南北通 通风采光好,"信城缙华府 , 坂田",4室2厅,114.29平米,南,,低楼层(共33层),,塔楼,625 万,54686 元,1,,,近地铁 | VR房源,https://sz.lianjia.com/ershoufang/105121686681.html,地铁 | VR房源,此房 南北通 距离杨美地铁口500米采光充足看小区,"小区建筑面积72419㎡，物业费4.8,元/平，车位比1:1.13，",有地铁5号线杨美站C出口500米（参考高德地图），4站抵深圳北站深圳东站，西至赤湾东至黄贝岭。或步行400米至宏扬公交站也有多条公交路线可达深圳各区域。衔接各大高速快速，3公里内直上布龙路、清平高速、水官高速，南坪快速、梅观高速、坂银通道等,,,,暂无数据,2025-08-05,商品房,普通住宅,暂无数据,非共有,无抵押,挂牌时间:2025-08-05 | 交易权属:商品房 | 上次交易:暂无数据 | 房屋用途:普通住宅 | 房屋年限:暂无数据 | 产权所属:非共有 | 抵押信息:无抵押 | 房本备件:未上传房本照片,客厅 / 26.12平米 / 无 / 未知窗户类型 ; 卧室01 / 15.95平米 / 无 / 未知窗户类型 ; 卧室02 / 8.15平米 / 南 / 普通窗 ; 卧室03 / 7.22平米 / 无 / 未知窗户类型 ; 卧室04 / 7.04平米 / 无 / 未知窗户类型 ; 厨房 / 5.27平米 / 北 / 普通窗 ; 卫01 / 3.89平米 / 无 / 未知窗户类型 ; 卫02 / 3.55平米 / 无 / 未知窗户类型 ; 阳台 / 8.88平米 / 南 / 普通窗 ; 过道 / 5.25平米 / 无 / 无窗 ; 门厅 / 2.32平米 / 无 / 无窗,
毛坯高楼层，视野采光好，东南向，户型方正，安静,"大族云峰二期 , 坂田",3室2厅,90.82平米,西北,毛坯,29层,2021年,板塔结合,550 万,60560 元,0,,,近地铁 | VR看装修 | 随时看房,https://sz.lianjia.com/ershoufang/105121785108.html,地铁 | VR看装修 | 随时看房,精装修 东南向 安静 视野开阔 光照足 诚心卖 有钥匙,占地约2.6 ，总建面约17.3 ，共1栋4座8个单元。大族云峰2期共1048户，停车位共计1063个，其中地上290个（含充电桩车位185个），地下773个车位（含充电桩车位135个），车位比近1:1 小区2017年批地，于2022交楼，次新小区，分一二期开发，此小区为二期。,楼下就是商场湾畔Mall，去万科里，天虹商场，8号仓，星河CocoPark也很方便，坂田医院，银湖山郊野公园也近。,"此房位置不错，出行方便，地铁公交驾车都方便，门口就是公交站，离坂田地铁A出口800米距离（数据来源百度地图),小区东边是坂雪岗大道，这条大道连接坂银通道，开车去福田罗湖很方便，过了坂银隧道就到福田银湖，大大缩短了去往城区的时间。",,,暂无数据,2025-08-14,商品房,普通住宅,暂无数据,非共有,有抵押,挂牌时间:2025-08-14 | 交易权属:商品房 | 上次交易:暂无数据 | 房屋用途:普通住宅 | 房屋年限:暂无数据 | 产权所属:非共有 | 抵押信息:有抵押 | 房本备件:未上传房本照片,,
带入户花园 房子已经满了5年  税费少,"珠江旭景佳园 , 坂田",2室2厅,76.58平米,北,,高楼层(共24层),2008年,塔楼,345 万,45051 元,0,,,近地铁 | VR房源 | 房本满五年,https://sz.lianjia.com/ershoufang/105121464562.html,地铁 | VR房源 | 房本满五年,房子已经满了5年  税费少  带入户花园,小区分3期开发，近1500户，地铁口物业，紧靠银湖山和坂银隧道，地理位置优越，进出关内外方便。小区房价处于区域谷值，同区域二手房对比有很大的优势。所以有很多关内的客户在此小区置业。生活配套成熟，是刚需值得购买的小区,二期内有旭景幼稚园。小区东南侧3千㎡底商，南侧有大族云峰商场已开业；距小区300米有两万㎡万科里。2km内有阳光湾畔、8号仓、坂田天虹、万科广场等商场。1km有坂田医院。,"四通八达,小区邻布龙路坂雪岗大道两大动脉,南面1km上坂银南坪,通达福田南山方便；东面两个灯位上清平水官,通达罗湖盐田惠州；西侧2km上G94,1h到宝安东莞广州；北达天安和华为。250米到5号线坂田地铁口,1站换10号线到福田口岸。小区东门150m到公交站。",,,2013-12-23,2025-07-16,商品房,普通住宅,满五年,非共有,有抵押,挂牌时间:2025-07-16 | 交易权属:商品房 | 上次交易:2013-12-23 | 房屋用途:普通住宅 | 房屋年限:满五年 | 产权所属:非共有 | 抵押信息:有抵押 | 房本备件:已上传房本照片,客厅 / 21.38平米 / 北 / 落地窗 ; 卧室01 / 10.7平米 / 北 / 落地飘窗 ; 卧室02 / 9.24平米 / 无 / 未知窗户类型 ; 厨房 / 4.19平米 / 北 / 普通窗 ; 卫 / 3.36平米 / 北 / 普通窗 ; 阳台01 / 4.58平米 / 北 / 落地窗 ; 阳台02 / 3.89平米 / 北 / 落地窗 ; 门厅 / 2.2平米 / 无 / 无窗,
通透朝向，户型方正全新装修未住过人。,"信城缙华府 , 坂田",4室2厅,114.29平米,南,精装,低楼层(共33层),,塔楼,614 万,53723 元,0,,,近地铁 | VR看装修,https://sz.lianjia.com/ershoufang/105121793612.html,地铁 | VR看装修,通透朝向，户型方正全新装修未住过人。,"小区建筑面积72419㎡，物业费4.8,元/平，车位比1:1.13，",有地铁5号线杨美站C出口500米（参考高德地图），4站抵深圳北站深圳东站，西至赤湾东至黄贝岭。或步行400米至宏扬公交站也有多条公交路线可达深圳各区域。衔接各大高速快速，3公里内直上布龙路、清平高速、水官高速，南坪快速、梅观高速、坂银通道等,,,,暂无数据,2025-08-15,商品房,普通住宅,暂无数据,非共有,无抵押,挂牌时间:2025-08-15 | 交易权属:商品房 | 上次交易:暂无数据 | 房屋用途:普通住宅 | 房屋年限:暂无数据 | 产权所属:非共有 | 抵押信息:无抵押 | 房本备件:未上传房本照片,客厅 / 26.06平米 / 无 / 未知窗户类型 ; 卧室A / 8.27平米 / 南 / 普通窗 ; 卧室B / 15.53平米 / 无 / 未知窗户类型 ; 卧室C / 7.09平米 / 无 / 未知窗户类型 ; 卧室D / 7.09平米 / 无 / 未知窗户类型 ; 厨房 / 5.28平米 / 北 / 普通窗 ; 卫A / 3.86平米 / 无 / 未知窗户类型 ; 卫B / 3.51平米 / 无 / 未知窗户类型 ; 阳台 / 8.91平米 / 南 / 普通窗 ; 过道 / 5.08平米 / 无 / 无窗 ; 门厅 / 2.3平米 / 无 / 无窗,
3期大88平，3+2房，位置安静，保养好，9成新,"佳兆业中央广场三期 , 坂田",4室2厅,87.58平米,北,精装,45层,2016年,塔楼,518 万,59146 元,3,,,近地铁 | VR看装修 | 房本满五年 | 随时看房,https://sz.lianjia.com/ershoufang/105121721291.html,地铁 | VR看装修 | 房本满五年 | 随时看房,3期大88平，3+2房，位置安静，保养好，9成新,社区，总共分为6期，人车分流，24小时保安轮流值班，社区有自己的健身广场和花园，园林式社区。占地约300000平，建面约1800000平米，依托高新技术产业园，佳兆业城市广场物业形态丰富，集住宅、酒店于一体。小区左边是天安云谷、华为总部,,项目是在坂雪岗大道和坂澜大道，沿着坂雪岗大道可以去梅林关（去关内方向）、也可以转布龙路转南坪快速和水官高速，也可以从转贝尔路再转梅关高速，上坂澜大道可以去观澜也可以去平湖。交通很方便。高速交通：梅观高速、清平高速、坂雪岗大道、南坪快速。,,,2018-05-16,2025-08-08,商品房,普通住宅,满五年,非共有,无抵押,挂牌时间:2025-08-08 | 交易权属:商品房 | 上次交易:2018-05-16 | 房屋用途:普通住宅 | 房屋年限:满五年 | 产权所属:非共有 | 抵押信息:无抵押 | 房本备件:已上传房本照片,客厅 / 32.17平米 / 北 / 落地窗 ; 书房 / 5.98平米 / 西 / 普通窗 ; 卧室A / 8.34平米 / 无 / 未知窗户类型 ; 卧室B / 12.49平米 / 无 / 未知窗户类型 ; 卧室C / 8.59平米 / 无 / 普通窗 ; 厨房 / 9.36平米 / 西 / 普通窗 ; 卫A / 3.53平米 / 北 / 普通窗 ; 卫B / 3.95平米 / 无 / 未知窗户类型 ; 阳台A / 4.25平米 / 北 东 / 普通窗 ; 阳台B / 4.94平米 / 西 / 普通窗 ; 过道 / 5.42平米 / 无 / 无窗,
佳兆业中央广场三期 4室2厅 南 北,"佳兆业中央广场三期 , 坂田",4室2厅,89平米,南 北,精装,46层,2015年,塔楼,580 万,65169 元,0,,,近地铁 | VR看装修 | 随时看房,https://sz.lianjia.com/ershoufang/105121990102.html,地铁 | VR看装修 | 随时看房,,,,,,,暂无数据,2025-09-02,商品房,普通住宅,暂无数据,非共有,无抵押,挂牌时间:2025-09-02 | 交易权属:商品房 | 上次交易:暂无数据 | 房屋用途:普通住宅 | 房屋年限:暂无数据 | 产权所属:非共有 | 抵押信息:无抵押 | 房本备件:未上传房本照片,客厅 / 33.58平米 / 北 / 落地窗 ; 书房 / 6.36平米 / 西 / 普通窗 ; 卧室A / 7.69平米 / 无 / 未知窗户类型 ; 卧室B / 12.11平米 / 无 / 未知窗户类型 ; 卧室C / 7.67平米 / 无 / 未知窗户类型 ; 厨房 / 8.03平米 / 西 / 普通窗 ; 卫A / 3.32平米 / 北 / 落地窗 ; 卫B / 3.92平米 / 无 / 未知窗户类型 ; 阳台A / 1.7平米 / 西 / 普通窗 ; 阳台B / 7.21平米 / 北 / 落地窗 ; 过道 / 5.15平米 / 无 / 无窗,
旭景佳园一期电梯3房，安静位置，有钥匙随时看房,"珠江旭景佳园 , 坂田",3室2厅,89.38平米,南,简装,低楼层(共18层),2008年,塔楼,400 万,44753 元,0,,23天以前发布,近地铁 | VR看装修 | 房本满五年 | 随时看房,https://sz.lianjia.com/ershoufang/105122130903.html,地铁 | VR看装修 | 房本满五年 | 随时看房,花园小区，离地铁口近，小区安静位置，方正户型，带电梯，,小区分3期开发，近1500户，地铁口物业，紧靠银湖山和坂银隧道，地理位置优越，进出关内外方便。小区房价处于区域谷值，同区域二手房对比有很大的优势。所以有很多关内的客户在此小区置业。生活配套成熟，是刚需值得购买的小区。,二期内有旭景幼稚园。小区东南侧3千㎡底商，南侧有大族云峰商场；距小区300米有两万㎡万科里。2km内有阳光湾畔、8号仓、坂田天虹，万科广场等商场。1km有坂田医院。,"四通八达,小区邻布龙路坂雪岗大道两大动脉,南面1km上坂银南坪,通达福田南山方便；东面两个灯位上清平水官,通达罗湖盐田惠州；西侧2km上G94,1h到宝安东莞广州；北达天安和华为。250米到5号线坂田地铁口,1站换10号线到福田口岸。小区东门150m到公交站。",,,2012-08-01,2025-09-14,商品房,普通住宅,满五年,非共有,有抵押 350万元 邮政,挂牌时间:2025-09-14 | 交易权属:商品房 | 上次交易:2012-08-01 | 房屋用途:普通住宅 | 房屋年限:满五年 | 产权所属:非共有 | 抵押信息:有抵押 350万元 邮政 | 房本备件:已上传房本照片,客厅 / 26.76平米 / 南 / 普通窗 ; 卧室A / 10.42平米 / 南 / 落地飘窗 ; 卧室B / 8.5平米 / 北 / 落地飘窗 ; 卧室C / 7.76平米 / 无 / 未知窗户类型 ; 厨房 / 4.66平米 / 北 / 普通窗 ; 卫 / 3.53平米 / 北 / 普通窗 ; 阳台 / 4.14平米 / 西 东 南 / 普通窗 ; 门厅 / 4.15平米 / 北 / 落地窗,
坂田嘉御山精装次新房4居室，全新未入住过,"信义嘉御山5期 , 坂田",4室2厅,88.92平米,东南,精装,低楼层(共39层),2016年,塔楼,690 万,77598 元,5,,,VR看装修 | 随时看房,https://sz.lianjia.com/ershoufang/105116376226.html,VR看装修 | 随时看房,本房满5年红本，楼层舒适，东南朝向看花园,小区自带底层店铺，开发商自持，目前已全部进驻，包括中西式餐饮、教育培训、婴幼儿用品，便利店及坂田天虹旗舰店，生活方便，小区内有幼儿园，家门口尽享优质生活。,"信义嘉御山是坂田新的大社区的，小区一共有8期，目前1-5期已经交房入住，6-8期还没有开盘的，坂田北地铁口的大盘，一期楼下有天虹商场，有星巴克，面点王，健身会所，SAP等，17年地还开了佳华商场MAX.CITY.,有海底捞，探鱼等餐饮名店",开车出行：小区出来贝尔路可快速上G94梅关高速，坂雪岗大道上坂银通道直通福田南山。 地铁出行：10号线坂田北站，10号线5号线中转站五和站。 公交出行：里石排站，坂田市场站，坂田路口站，坂田路口北站等。5期有专门接驳五和站的小巴士。,,,暂无数据,2024-03-16,商品房,普通住宅,暂无数据,非共有,无抵押,挂牌时间:2024-03-16 | 交易权属:商品房 | 上次交易:暂无数据 | 房屋用途:普通住宅 | 房屋年限:暂无数据 | 产权所属:非共有 | 抵押信息:无抵押 | 房本备件:未上传房本照片,客厅 / 28.78平米 / 无 / 未知窗户类型 ; 卧室A / 8.31平米 / 东南 / 普通窗 ; 卧室B / 9.93平米 / 无 / 未知窗户类型 ; 卧室C / 12.69平米 / 无 / 未知窗户类型 ; 卧室D / 7.89平米 / 西北 东北 / 普通窗 ; 厨房 / 5.41平米 / 无 / 未知窗户类型 ; 卫A / 4.68平米 / 无 / 未知窗户类型 ; 卫B / 4.4平米 / 无 / 未知窗户类型 ; 阳台A / 4.07平米 / 西南 东北 东南 / 普通窗 ; 阳台B / 1.85平米 / 西北 东北 / 普通窗 ; 过道 / 3.23平米 / 无 / 无窗,
信义嘉御山 3室2厅 南,"信义嘉御山 , 坂田",3室2厅,87.51平米,南,,中楼层(共33层),2015年,板塔结合,580 万,66279 元,0,,11天以前发布,近地铁 | VR房源,https://sz.lianjia.com/ershoufang/105122254822.html,地铁 | VR房源,,,,,,,暂无数据,2025-09-26,商品房,普通住宅,暂无数据,非共有,有抵押 505万元,挂牌时间:2025-09-26 | 交易权属:商品房 | 上次交易:暂无数据 | 房屋用途:普通住宅 | 房屋年限:暂无数据 | 产权所属:非共有 | 抵押信息:有抵押 505万元 | 房本备件:未上传房本照片,客厅 / 26.85平米 / 无 / 未知窗户类型 ; 卧室A / 10.54平米 / 无 / 未知窗户类型 ; 卧室B / 15.21平米 / 无 / 未知窗户类型 ; 卧室C / 9.31平米 / 南 / 普通窗 ; 厨房 / 5.99平米 / 无 / 未知窗户类型 ; 卫 / 3.58平米 / 北 / 落地窗 ; 阳台 / 6.35平米 / 西 东 南 / 普通窗 ; 过道 / 4.3平米 / 无 / 无窗,
佳兆业城市广场三期 大88 3+2房 厅出阳台,"佳兆业中央广场三期 , 坂田",3室1厅,89.09平米,北,精装,46层,2016年,塔楼,560 万,62858 元,0,,,近地铁 | VR看装修,https://sz.lianjia.com/ershoufang/105115966926.html,地铁 | VR看装修,此房满五年唯一 带入户带储物间的中高楼层看山看水采光好视野,此房是在佳兆业城市广场三期，2017年12月份入伙的小区比较新环境很好 带入户，带储物间进门是入户客厅带阳台看山看水 主卧朝南 带卫生间 户型布局很合理卫生间是干湿分离没有浪费面积,新社区，人车分流，车位充足，24小时保安轮流值班，社区有自己的健身广场和花园，园林式社区，依托高新技术产业园，佳兆业城市广场物业形态丰富，集住宅、酒店于一体。隔壁就是天安云谷、华为总部。,,,,暂无数据,2024-01-27,商品房,普通住宅,暂无数据,非共有,无抵押,挂牌时间:2024-01-27 | 交易权属:商品房 | 上次交易:暂无数据 | 房屋用途:普通住宅 | 房屋年限:暂无数据 | 产权所属:非共有 | 抵押信息:无抵押 | 房本备件:未上传房本照片,客厅 / 32.71平米 / 北 / 落地窗 ; 卧室A / 7.57平米 / 无 / 未知窗户类型 ; 卧室B / 13.16平米 / 无 / 未知窗户类型 ; 卧室C / 7.38平米 / 无 / 落地窗 ; 卧室D / 6.71平米 / 西 / 落地窗 ; 厨房 / 8.93平米 / 西 / 落地窗 ; 卫A / 3.05平米 / 北 / 普通窗 ; 卫B / 4.32平米 / 无 / 未知窗户类型 ; 阳台A / 5.57平米 / 西 北 / 普通窗 ; 阳台B / 3.73平米 / 西 / 落地窗 ; 过道 / 4.79平米 / 无 / 无窗,
全新未入住大四房位置安静看小区湖景,"佳兆业中央广场三期 , 坂田",4室2厅,122.32平米,南 北,精装,46层,2016年,塔楼,720 万,58863 元,5,,,近地铁 | VR看装修 | 随时看房,https://sz.lianjia.com/ershoufang/105114721218.html,地铁 | VR看装修 | 随时看房,满五，阳台看花园位置安静 全新没有入住过,小区规划大型雪象体育公园，三十万商 业综合MALL，270米层高五星国际酒店，百度测量1公 里范围内雪象医院、肖传国医院，地铁10号线雪象、岗头双地铁口，坂银隧道去福田南山交通便捷。,,,,,暂无数据,2023-09-05,商品房,普通住宅,暂无数据,非共有,有抵押 200万元 银行 客户偿还,挂牌时间:2023-09-05 | 交易权属:商品房 | 上次交易:暂无数据 | 房屋用途:普通住宅 | 房屋年限:暂无数据 | 产权所属:非共有 | 抵押信息:有抵押 200万元 银行 客户偿还 | 房本备件:未上传房本照片,客厅 / 44.23平米 / 西北 / 落地窗 ; 卧室A / 10.31平米 / 西北 / 普通窗 ; 卧室B / 11.07平米 / 无 / 未知窗户类型 ; 卧室C / 16.37平米 / 无 / 未知窗户类型 ; 卧室D / 8.81平米 / 无 / 落地窗 ; 厨房 / 7.66平米 / 东北 / 落地窗 ; 卫A / 4.54平米 / 西北 / 普通窗 ; 卫B / 3.34平米 / 无 / 未知窗户类型 ; 阳台A / 5.28平米 / 西南 西北 / 普通窗 ; 阳台B / 2.78平米 / 东北 / 落地窗 ; 过道 / 6.91平米 / 无 / 无窗,
大阳台次新房，南向卧高楼层，银湖山下,"星河银湖谷 , 坂田",4室1厅,151.89平米,南,,高楼层(共49层),2016年,板塔结合,1199 万,78939 元,4,,,VR房源,https://sz.lianjia.com/ershoufang/105115708645.html,VR房源,10号线地铁口，精装修大四房，次新房小区，南北通,星河WORLD银湖谷住宅面积为200000㎡，拥有5500㎡园林和泳池，人车分流的规划设计，港式入户大堂，览山阅湖景视野。约700000㎡商务楼群，集300米高层双子塔地和生态写字楼于一体，是金融产业、高新科技、创新产业的总部型经济聚集地,梅林关口，深圳北站商圈，片区交通不断完善，27年星河匠心集大成之作，自持运营大量物业，星河斥巨资打造1600000平航母级综合体，万亿园区产业助力持续 约750000平米联盟。,10号线雅宝站，已经开通。南平快速延长线，新彩隧道，坂银隧道，梅关高速，五大交通便捷到到达深圳各区。 坂银遂道已经通车去往罗湖福田近,,,暂无数据,2023-12-27,商品房,普通住宅,暂无数据,非共有,有抵押 70万元,挂牌时间:2023-12-27 | 交易权属:商品房 | 上次交易:暂无数据 | 房屋用途:普通住宅 | 房屋年限:暂无数据 | 产权所属:非共有 | 抵押信息:有抵押 70万元 | 房本备件:未上传房本照片,客厅 / 48.89平米 / 无 / 未知窗户类型 ; 卧室A / 13.56平米 / 无 / 未知窗户类型 ; 卧室B / 24.85平米 / 无 / 未知窗户类型 ; 卧室C / 9.92平米 / 无 / 未知窗户类型 ; 卧室D / 12.69平米 / 无 / 未知窗户类型 ; 厨房 / 7.48平米 / 北 / 普通窗 ; 卫生间A / 8.26平米 / 无 / 未知窗户类型 ; 卫生间B / 6.36平米 / 无 / 未知窗户类型 ; 阳台A / 7.19平米 / 西 东 南 / 普通窗 ; 阳台B / 2.65平米 / 北 东 / 普通窗,
嘉御山五期次新89平4房2卫，中高楼层 朝东看花园泳池,"信义嘉御山5期 , 坂田",4室2厅,88.84平米,东南,精装,高楼层(共39层),2016年,塔楼,650 万,73166 元,1,,,VR看装修,https://sz.lianjia.com/ershoufang/105116110830.html,VR看装修,此房满五年红本，中高楼层，全阳朝向，朝东看花园泳池景观视野好,信义嘉御山小区采用人车分流，绿化面积大，24小时封闭物业管理，居住环境舒适。御珑豪园为嘉御山第5期开发产品，2018年精装交付，小区内有泳池，69-72平3居室，88-89平4居室，100平复式5房，125平以上大平层5房，得房率高使用面积大于房本面积。,信义嘉御山是坂田新的大社区的，小区一共有8期，目前1-5期已经交房入住，坂田双地铁口的大盘，一期楼下有天虹商场，有星巴克，KFC，面点王，健身会所，SAP等配套成熟，还开了佳华商场MAX.CITY有海底捞，探鱼等餐饮名店 各大银行围绕小区、旁边有大企华为,双地铁物业10&5号线，到深圳北站2个地铁站，小区楼下有小型公交接驳五和地铁站，小区停车场出来可以快速上梅观高速（G94)可以快速通达深圳福田南山区域。往南可以走坂银通道快速到达福田区。,,,暂无数据,2024-02-23,商品房,普通住宅,暂无数据,非共有,无抵押,挂牌时间:2024-02-23 | 交易权属:商品房 | 上次交易:暂无数据 | 房屋用途:普通住宅 | 房屋年限:暂无数据 | 产权所属:非共有 | 抵押信息:无抵押 | 房本备件:未上传房本照片,客厅 / 27.73平米 / 无 / 未知窗户类型 ; 卧室A / 10.1平米 / 南 / 普通窗 ; 卧室B / 5.87平米 / 西 南 / 普通窗 ; 卧室C / 13.52平米 / 无 / 未知窗户类型 ; 卧室D / 9.52平米 / 东 / 普通窗 ; 厨房 / 4.24平米 / 南 / 普通窗 ; 卫A / 3.81平米 / 无 / 普通窗 ; 卫B / 4.24平米 / 无 / 未知窗户类型 ; 阳台A / 2.09平米 / 南 / 普通窗 ; 阳台B / 5.83平米 / 北 东 南 / 普通窗 ; 过道 / 3.03平米 / 无 / 无窗,
此房满五唯一、红本在手，业主急售,"佳兆业中央广场一期 , 坂田",4室2厅,122.75平米,南,精装,高楼层(共49层),2013年,塔楼,700 万,57027 元,2,,,近地铁 | VR看装修,https://sz.lianjia.com/ershoufang/105117842466.html,地铁 | VR看装修,满五年唯一朝南看花园正出阳台位置安静诚心出售,全新社区，人车分流，24小时保安轮流值班，小区内有自己的健身广场和花园，园林式社区，自带2000平米大泳池，，依托高新技术产业园，佳兆业城市广场物业形态丰富，集住宅、酒店于一体，旁边就是天安云谷、华为总部。,,地铁十号线雪象站A出口，沿着坂雪岗大道可以去梅林关（去关内方向）、也可以转布龙路转南坪快速和水官高速，也可以从转贝尔路再转梅关高速，上坂澜大道可以去观澜也可以去平湖。交通很方便。高速交通：梅观高速、清平高速、坂雪岗大道、南坪快速。,,,暂无数据,2024-08-05,商品房,普通住宅,暂无数据,非共有,无抵押,挂牌时间:2024-08-05 | 交易权属:商品房 | 上次交易:暂无数据 | 房屋用途:普通住宅 | 房屋年限:暂无数据 | 产权所属:非共有 | 抵押信息:无抵押 | 房本备件:未上传房本照片,客厅 / 26.65平米 / 西北 东南 / 落地窗 ; 卧室A / 10.19平米 / 无 / 未知窗户类型 ; 卧室B / 12.71平米 / 无 / 未知窗户类型 ; 卧室C / 19.09平米 / 无 / 未知窗户类型 ; 卧室D / 10.39平米 / 无 / 未知窗户类型 ; 厨房 / 6.18平米 / 东北 / 落地窗 ; 卫A / 5.02平米 / 无 / 未知窗户类型 ; 卫B / 5.05平米 / 无 / 未知窗户类型 ; 阳台A / 7.73平米 / 西南 东北 东南 / 普通窗 ; 阳台B / 2.59平米 / 西北 / 落地窗 ; 阳台C / 2.92平米 / 东北 / 落地窗 ; 过道 / 6.91平米 / 无 / 无窗 ; 门厅 / 9.41平米 / 东南 / 落地窗,
地铁口 公园旁 精装大单间 急售,"嘉霖华禧 , 坂田",1室1厅,36.7平米,东 东南,精装,低楼层(共7层),2017年,塔楼,90 万,24524 元,7,,,近地铁 | VR房源 | 房本满五年,https://sz.lianjia.com/ershoufang/105117515587.html,地铁 | VR房源 | 房本满五年,此房地铁口，满5年，急售，精装修，拎包即可入住,小区围合式园林，共6栋楼，环境优美，绿化高，空气好，地势高，户户采光足，通风好；,,出门即是地铁十号线雪象站，步行可达，小区门口还有大型公交站台，交通便捷；,,,2016-05-13,2024-07-05,商品房,商务公寓,满五年,非共有,有抵押 70万元 建设银行 客户偿还,挂牌时间:2024-07-05 | 交易权属:商品房 | 上次交易:2016-05-13 | 房屋用途:商务公寓 | 房屋年限:满五年 | 产权所属:非共有 | 抵押信息:有抵押 70万元 建设银行 客户偿还 | 房本备件:已上传房本照片,卧室 / 22.44平米 / 西北 / 落地窗 ; 卫A / 1.24平米 / 无 / 无窗 ; 卫B / 1.46平米 / 无 / 无窗,
临湖复式六房双阳台，带入户南北通使用率高小区中间位,"春华四季园一期 , 坂田",6室1厅,148.25平米,南 北,精装,中楼层(共9层),2006年,板塔结合,850 万,57336 元,2,,,VR房源 | 房本满五年,https://sz.lianjia.com/ershoufang/105117162799.html,VR房源 | 房本满五年,此房满五年唯一，使用率高带入户双阳台，小区中间位临湖复式,小区车位充足，达到1：1.1，小区配套也齐全，各种生活必须商店小区都有。小区自带有配套成人和儿童泳池，保障大人小孩都能在合适的水位游泳，小区有篮球场，羽毛球场和各类体育健身设施,小区配套齐全，教育，商场，医院等都在500米范围内。五和交通枢纽，梅观快速，出行便利,华南路和民康路交汇处，旁边是梅观高速可以去福田南山，观澜东莞，交通便利，深圳中轴。,,,2014-04-02,2024-06-01,商品房,普通住宅,满五年,非共有,有抵押 300万元 招商银行,挂牌时间:2024-06-01 | 交易权属:商品房 | 上次交易:2014-04-02 | 房屋用途:普通住宅 | 房屋年限:满五年 | 产权所属:非共有 | 抵押信息:有抵押 300万元 招商银行 | 房本备件:已上传房本照片,客厅 / 56.5平米 / 西 / 普通窗 ; 卧室A / 8.9平米 / 无 / 无窗 ; 卧室B / 21.32平米 / 西 / 普通窗 ; 卧室C / 6.61平米 / 无 / 无窗 ; 卧室D / 9.64平米 / 无 / 无窗 ; 卧室E / 5.76平米 / 无 / 无窗 ; 卧室F / 19.57平米 / 北 东 南 / 落地窗 ; 厨房 / 4.92平米 / 东 / 普通窗 ; 卫A / 4.15平米 / 无 / 未知窗户类型 ; 卫B / 4.29平米 / 无 / 未知窗户类型 ; 卫C / 3.84平米 / 无 / 无窗 ; 阳台A / 12.78平米 / 西 北 东 南 / 普通窗 ; 阳台B / 10.72平米 / 西 南 / 普通窗 ; 楼梯间 / 6.59平米 / 无 / 无窗 ; 门厅 / 8.09平米 / 东 / 普通窗 ; 过道A / 2.5平米 / 无 / 无窗 ; 过道B / 6.27平米 / 无 / 无窗,
此房红本满5唯一，看花园位置安静，急售,"佳兆业中央广场一期 , 坂田",5室2厅,148.87平米,北,,中楼层(共46层),2013年,板楼,790 万,53067 元,3,,,近地铁 | VR看装修,https://sz.lianjia.com/ershoufang/105118078654.html,地铁 | VR看装修,此房红本满五唯一税费少，业主诚意出售，看花园，位置安静,佳兆业城市广场总共分六期开发，包括以三房为主体的住宅，还有复式的公寓，其中一期共有7栋，小区有露天游泳池，还有一所幼儿园,,出门即是地铁十号线岗头站和雪象站，还有公交站台，出行方便快捷；,,,暂无数据,2024-08-26,商品房,普通住宅,暂无数据,非共有,有抵押 550万元,挂牌时间:2024-08-26 | 交易权属:商品房 | 上次交易:暂无数据 | 房屋用途:普通住宅 | 房屋年限:暂无数据 | 产权所属:非共有 | 抵押信息:有抵押 550万元 | 房本备件:未上传房本照片,客厅 / 28.75平米 / 西北 / 落地窗 ; 卧室A / 11.49平米 / 无 / 未知窗户类型 ; 卧室B / 11.49平米 / 无 / 未知窗户类型 ; 卧室C / 14.62平米 / 无 / 未知窗户类型 ; 卧室D / 13.46平米 / 无 / 未知窗户类型 ; 卧室E / 13.7平米 / 无 / 未知窗户类型 ; 厨房 / 5.29平米 / 无 / 落地窗 ; 卫A / 3.34平米 / 东北 / 普通窗 ; 卫B / 5.27平米 / 东南 / 普通窗 ; 阳台A / 8.41平米 / 西南 西北 东北 / 普通窗 ; 阳台B / 3.93平米 / 东南 / 落地窗 ; 入户花园 / 9.41平米 / 西北 / 落地窗 ; 过道 / 9.53平米 / 无 / 无窗 ; 衣帽间 / 3.32平米 / 无 / 无窗,
此房子朝南客厅出阳台 2卫 精装,"佳兆业中央广场一期 , 坂田",3室2厅,89.57平米,南,精装,低楼层(共47层),2013年,板楼,455 万,50799 元,1,,,近地铁 | VR看装修 | 随时看房,https://sz.lianjia.com/ershoufang/105119700720.html,地铁 | VR看装修 | 随时看房,此房子朝南客厅出阳台 2卫 精装,,佳兆业城市广场社区依托高新技术产业园，物业形态丰富，集住宅、酒店、大型综合体配套于一体，小区旁边就是天安云谷、华为总部,10号线地铁物业，项目是挨着坂雪岗大道和坂澜大道，沿着坂雪岗大道可以去梅林关，也可以转布龙路转南坪快速和水官高速，也可以从转贝尔路再转梅关高速，上坂澜大道可以去观澜也可以去平湖；多条公交路线直达罗湖、福田，交通很便利,此房子是深圳不唯一税费少，欠款少赎楼费也少，随时可以看房价格可以商量,,2020-08-12,2025-02-16,商品房,普通住宅,未满两年,非共有,无抵押,挂牌时间:2025-02-16 | 交易权属:商品房 | 上次交易:2020-08-12 | 房屋用途:普通住宅 | 房屋年限:未满两年 | 产权所属:非共有 | 抵押信息:无抵押 | 房本备件:已上传房本照片,客厅 / 22.08平米 / 南 / 普通窗 ; 卧室A / 8.72平米 / 无 / 未知窗户类型 ; 卧室B / 11.61平米 / 无 / 未知窗户类型 ; 卧室C / 9.11平米 / 无 / 未知窗户类型 ; 厨房 / 4.77平米 / 东 / 普通窗 ; 卫A / 2.6平米 / 东 / 普通窗 ; 卫B / 3.84平米 / 无 / 普通窗 ; 阳台A / 5.89平米 / 东 南 / 普通窗 ; 阳台B / 4.1平米 / 东 / 普通窗 ; 过道 / 2.85平米 / 无 / 无窗,
诚心出售。。。。。。。。。。。。。。。。。。,"珠江旭景佳园 , 坂田",2室1厅,77.98平米,南,,中楼层(共18层),2008年,塔楼,353 万,45269 元,6,,,近地铁 | VR看装修,https://sz.lianjia.com/ershoufang/105115779073.html,地铁 | VR看装修,方正2房看花园，位置安静，客厅外带大阳台，满五年，距地铁口..,,二期内有旭景幼稚园。小区东南侧3千㎡底商，南侧有大族云峰商场已开业；距小区300米有两万㎡万科里。2km内有阳光湾畔、8号仓、坂田天虹等商场。1km有坂田医院。,"四通八达,小区邻布龙路坂雪岗大道两大动脉,南面1km上坂银、南坪,通达福田、南山方便；东面两个灯位上清平、水官,通达罗湖盐田惠州；北达天安和华为。600米到5号线坂田地铁口,1站换10号线到福田口岸。小区东门50m到公交站。",,,暂无数据,2024-01-05,商品房,普通住宅,暂无数据,非共有,有抵押 业主自还,挂牌时间:2024-01-05 | 交易权属:商品房 | 上次交易:暂无数据 | 房屋用途:普通住宅 | 房屋年限:暂无数据 | 产权所属:非共有 | 抵押信息:有抵押 业主自还 | 房本备件:未上传房本照片,客厅 / 22.9平米 / 南 / 普通窗 ; 卧室A / 8.84平米 / 无 / 未知窗户类型 ; 卧室B / 11.11平米 / 南 / 落地飘窗 ; 厨房 / 4.3平米 / 西 / 普通窗 ; 卫生间 / 3.6平米 / 西 / 普通窗 ; 阳台 / 4.35平米 / 南 / 普通窗 ; 门厅 / 6.83平米 / 西 / 落地窗,
10号线雅宝站，星河精装修大四房，南向视野好看银湖山,"星河银湖谷 , 坂田",5室2厅,140.49平米,南,,高楼层(共47层),2016年,板塔结合,1196 万,85131 元,2,,,VR看装修,https://sz.lianjia.com/ershoufang/105118471585.html,VR看装修,10号线雅宝站，星河精装修大四房，南向视野好看银湖山,星河银湖谷住宅小区总共7栋住宅，玻璃外观和干挂陶板立面，有园林和泳池，人车分流的规划设计，港式入户大堂，览山阅湖景视野。星河双子塔、星河生态综合体、星河雅宝山体公园和星河圣境庙堂于一体，湖光山水，共享舒适生活！,梅林关口，深圳北站商圈，片区交通不断完善，27年星河匠心集大成之作，自持运营大量物业，星河斥巨资打造航母级综合体，万亿园区产业助力持续。,出行便利，10号线雅宝站离小区200米左右。直通南坪快速，新彩隧道，坂银隧道，梅关高速，五大交通便捷到达深圳各区， 坂银遂道去往罗湖福田南山都方便。,,,暂无数据,2024-10-02,商品房,普通住宅,暂无数据,非共有,无抵押,挂牌时间:2024-10-02 | 交易权属:商品房 | 上次交易:暂无数据 | 房屋用途:普通住宅 | 房屋年限:暂无数据 | 产权所属:非共有 | 抵押信息:无抵押 | 房本备件:未上传房本照片,客厅 / 36.74平米 / 东南 / 普通窗 ; 卧室A / 8.55平米 / 东北 / 落地窗 ; 卧室B / 8.72平米 / 东北 / 落地窗 ; 卧室C / 15.24平米 / 东 / 落地窗 ; 卧室D / 11.89平米 / 无 / 未知窗户类型 ; 卧室E / 9.03平米 / 西南 / 落地窗 ; 厨房 / 9.51平米 / 西南 / 普通窗 ; 卫A / 6.52平米 / 无 / 未知窗户类型 ; 卫B / 2.52平米 / 西南 / 落地窗 ; 阳台 / 6.72平米 / 西南 东北 东南 / 普通窗 ; 过道 / 3.32平米 / 无 / 无窗,
星河银湖谷 4室2厅 西南,"星河银湖谷 , 坂田",4室2厅,89平米,西南,,中楼层(共48层),2016年,板塔结合,700 万,78652 元,6,,,近地铁 | VR看装修,https://sz.lianjia.com/ershoufang/105118551138.html,地铁 | VR看装修,,,,,,,暂无数据,2024-10-11,商品房,普通住宅,暂无数据,非共有,有抵押 100万元 业主自还,挂牌时间:2024-10-11 | 交易权属:商品房 | 上次交易:暂无数据 | 房屋用途:普通住宅 | 房屋年限:暂无数据 | 产权所属:非共有 | 抵押信息:有抵押 100万元 业主自还 | 房本备件:未上传房本照片,客厅 / 31.85平米 / 南 / 落地窗 ; 卧室A / 8.07平米 / 西南 / 落地窗 ; 卧室B / 13.03平米 / 无 / 未知窗户类型 ; 卧室C / 5.86平米 / 东南 / 落地窗 ; 卧室D / 8.19平米 / 东南 / 普通窗 ; 厨房 / 5.82平米 / 东南 / 普通窗 ; 卫A / 4.55平米 / 无 / 未知窗户类型 ; 卫B / 3.7平米 / 东北 / 普通窗 ; 过道 / 4.75平米 / 无 / 无窗,
佳兆业悦峰 三房两厅两位 朝南户型,"佳兆业悦峰 , 坂田",3室2厅,79.7平米,南,简装,低楼层(共17层),2013年,板塔结合,458 万,57466 元,2,,,近地铁 | VR看装修,https://sz.lianjia.com/ershoufang/105118447546.html,地铁 | VR看装修,此房朝南户型，彩光通风好，视野宽阔,佳兆业悦峰是佳兆业开发商，是上市房企排名靠前的开发商，开发商实力雄厚，佳兆业物业也是比较优质的物业管理公司，为小区高品质生活保驾护航。该小区是2013年次新小区，佳兆业物业，容积2.5，车位1：1带有室内篮球场，生活配套较齐全，居住舒适,,有地铁5号线杨美站C出口900米（参考高德地图），4站抵深圳北站深圳东站，西至赤湾东至黄贝岭。或步行400米至宏扬公交站也有多条公交路线可达深圳各区域。衔接各大高速快速，3公里内直上布龙路、清平高速、水官高速，南坪快速、梅观高速、坂银通道等,,,暂无数据,2024-09-30,商品房,普通住宅,暂无数据,共有,有抵押,挂牌时间:2024-09-30 | 交易权属:商品房 | 上次交易:暂无数据 | 房屋用途:普通住宅 | 房屋年限:暂无数据 | 产权所属:共有 | 抵押信息:有抵押 | 房本备件:未上传房本照片,客厅 / 23.47平米 / 南 / 落地窗 ; 卧室A / 12.18平米 / 无 / 未知窗户类型 ; 卧室B / 7.25平米 / 无 / 未知窗户类型 ; 卧室C / 8.31平米 / 无 / 未知窗户类型 ; 厨房 / 4.59平米 / 东 / 落地窗 ; 卫A / 4.51平米 / 东 / 普通窗 ; 卫B / 2.47平米 / 无 / 落地窗 ; 阳台A / 4.62平米 / 南 / 落地窗 ; 阳台B / 2.97平米 / 东 / 落地窗 ; 过道 / 3.16平米 / 无 / 无窗,
经典户型焕新颜，两房巧变三房，中层采光+灵动分区,"信义嘉御山 , 坂田",3室2厅,66.34平米,东南 西北,精装,低楼层(共33层),2015年,板塔结合,435 万,65572 元,1,,,近地铁 | VR房源 | 房本满五年,https://sz.lianjia.com/ershoufang/105121014104.html,地铁 | VR房源 | 房本满五年,"此房满五唯一，爆改神户型，空间利用max,秒变三房不拥挤通透方正",信义嘉御山大一期分三期开发（1-3期）共3008户。2013-2015年底交房，小区内有泳池，2-4房户型都有，66平-77平2房，83-88平3房，86平 复式4房3卫；117-217平 改善大户型，户型很全面，适合各种需求的客户。,"信义在坂田开发的大社区的，小区一共有8期，1期楼下天虹商场有星巴克，奈雪，喜茶，面点王，健身会所，SAP等，2017年年底还开了佳华商场MAX.CITY.,有海底捞，探鱼等餐饮名店，还有电影院，电玩城等业态。",信义嘉御山是双地铁物业，地铁5号线“五和站”+10号线“坂田北站”，小区停车场出来拐个弯就上梅观高速G94去福田南山都很便利，小区门口也有多路公交达深圳各地，地铁+公交+自驾，都方便快捷。,,,2014-11-22,2025-06-08,商品房,普通住宅,满五年,非共有,有抵押,挂牌时间:2025-06-08 | 交易权属:商品房 | 上次交易:2014-11-22 | 房屋用途:普通住宅 | 房屋年限:满五年 | 产权所属:非共有 | 抵押信息:有抵押 | 房本备件:已上传房本照片,客厅 / 25.01平米 / 西北 南 / 落地窗 ; 卧室A / 7.16平米 / 无 / 未知窗户类型 ; 卧室B / 8.89平米 / 无 / 未知窗户类型 ; 卧室C / 8.89平米 / 西北 / 普通窗 ; 厨房 / 5.29平米 / 无 / 未知窗户类型 ; 卫 / 2.66平米 / 东北 / 普通窗 ; 阳台 / 5.09平米 / 西南 西北 东北 / 普通窗,
地铁口物业华为基地满五年中高楼层厅双阳台安静舒适,"佳兆业中央广场三期 , 坂田",4室2厅,123.99平米,北,精装,45层,2015年,塔楼,736 万,59360 元,0,,,近地铁 | VR看装修,https://sz.lianjia.com/ershoufang/105121123415.html,地铁 | VR看装修,满五唯一中高楼层厅双阳台佳兆业城市广场二期业主重新装修.,小区规模：总共分为6期开发的大楼盘。3个幼儿园：自带综合MALL，加270米万豪酒店（六期项目），二期的地理位置很好，小区东门门口200米就是地铁口雪象站,新社区，人车分流，车位充足，24小时保安轮流值班，社区有自己的健身广场和花园，园林式社区。依托高新技术产业园，佳兆业城市广场物业形态丰富，集住宅、酒店于一体。隔壁就是天安云谷、华为总部。,项目是在坂雪岗大道和坂澜大道，沿着坂雪岗大道可以去梅林关（去关内方向）、也可以转布龙路转南坪快速和水官高速，也可以从转贝尔路再转梅关高速，上坂澜大道可以去观澜也可以去平湖。交通很方便。高速交通：梅观高速、清平高速、坂雪岗大道、南坪快速。,,,暂无数据,2025-06-18,商品房,普通住宅,暂无数据,非共有,有抵押 600万元,挂牌时间:2025-06-18 | 交易权属:商品房 | 上次交易:暂无数据 | 房屋用途:普通住宅 | 房屋年限:暂无数据 | 产权所属:非共有 | 抵押信息:有抵押 600万元 | 房本备件:未上传房本照片,客厅 / 34.97平米 / 北 / 落地窗 ; 卧室A / 7.4平米 / 北 / 落地窗 ; 卧室B / 9.19平米 / 无 / 未知窗户类型 ; 卧室C / 20.47平米 / 无 / 未知窗户类型 ; 卧室D / 11.38平米 / 无 / 未知窗户类型 ; 厨房 / 7.19平米 / 东 / 落地窗 ; 卫A / 4.15平米 / 北 / 普通窗 ; 卫B / 5.19平米 / 北 / 普通窗 ; 阳台A / 6.98平米 / 北 东 / 普通窗 ; 阳台B / 4.36平米 / 东 / 落地窗 ; 储物间 / 4.92平米 / 东 / 普通窗 ; 过道 / 7.55平米 / 无 / 无窗 ; 门厅 / 3.94平米 / 无 / 无窗,
银湖谷精装4房 满5 楼层佳户型好  业主诚售,"星河银湖谷 , 坂田",4室1厅,87.73平米,东,,中楼层(共48层),2016年,板塔结合,650 万,74091 元,1,,,近地铁 | VR看装修,https://sz.lianjia.com/ershoufang/105121182145.html,地铁 | VR看装修,满五唯一，自住装修 保养好 ，楼层佳  使用率高,星河WORLD银湖谷住宅面积为200000㎡，拥有5500㎡园林和泳池，人车分流的规划设计，港式入户大堂，览山阅湖景视野。约700000㎡商务楼群，集300米高层双子塔地和生态写字楼于一体，是金融产业、高新科技、创新产业的总部型经济聚集地,梅林关口，深圳北站商圈，片区交通不断完善，27年星河匠心集大成之作，自持运营大量物业，星河斥巨资打造1600000平航母级综合体，万亿园区产业助力持续 约750000平米联盟。500米左右有恒温游泳池，网球场 篮球场，羽毛球场馆，地铁650米左右,10号线雅宝站，已经开通。南平快速延长线，新彩隧道，坂银隧道，梅关高速，五大交通便捷到到达深圳各区。 坂银遂道已经通车去往罗湖福田近,,,暂无数据,2025-06-22,商品房,普通住宅,暂无数据,非共有,有抵押 230万元 招商银行 金融公司垫资,挂牌时间:2025-06-22 | 交易权属:商品房 | 上次交易:暂无数据 | 房屋用途:普通住宅 | 房屋年限:暂无数据 | 产权所属:非共有 | 抵押信息:有抵押 230万元 招商银行 金融公司垫资 | 房本备件:未上传房本照片,客厅 / 24.78平米 / 北 / 落地窗 ; 卧室A / 7.27平米 / 北 / 落地窗 ; 卧室B / 21.63平米 / 无 / 未知窗户类型 ; 卧室C / 6.65平米 / 北 / 普通窗 ; 厨房 / 4.3平米 / 北 / 普通窗 ; 卫A / 3.34平米 / 北 / 落地窗 ; 卫B / 3.7平米 / 北 / 普通窗 ; 阳台A / 4.39平米 / 北 / 落地窗 ; 阳台B / 3.84平米 / 北 / 普通窗 ; 过道 / 2.81平米 / 无 / 无窗,
精装三加一户型，业主诚心出售，看房提前预约,"佳兆业中央广场三期 , 坂田",4室2厅,83.53平米,南,精装,46层,2016年,塔楼,430 万,51479 元,2,,,近地铁 | VR看装修,https://sz.lianjia.com/ershoufang/105119510989.html,地铁 | VR看装修,中高楼层，采光好，视野好，朝南方向，双地铁口。,小区规划大型雪象体育公园，三十万商 业综合MALL，270米层高五星国际酒店，百度测量1公 里范围内雪象医院、肖传国医院，地铁10号线雪象、岗头双地铁口，坂银隧道去福田南山交通便捷。,新社区，人车分流，24小时保安轮流值班，社区有自己的健身广场和花园，园林式社区。占地约300000平，建面约1800000平米，依托高新技术产业园，佳兆业城市广场物业形态丰富，集住宅、酒店于一体。小区左边是天安云谷、华为总部,地铁十号线雪象站A出口，沿着坂雪岗大道可以去梅林关（去关内方向）、也可以转布龙路转南坪快速和水官高速，也可以从转贝尔路再转梅关高速，上坂澜大道可以去观澜也可以去平湖。交通很方便。高速交通：梅观高速、清平高速、坂雪岗大道、南坪快速。,,,暂无数据,2025-01-17,商品房,普通住宅,暂无数据,非共有,有抵押 30万元,挂牌时间:2025-01-17 | 交易权属:商品房 | 上次交易:暂无数据 | 房屋用途:普通住宅 | 房屋年限:暂无数据 | 产权所属:非共有 | 抵押信息:有抵押 30万元 | 房本备件:未上传房本照片,客厅 / 23.35平米 / 东南 / 落地窗 ; 卧室A / 7.04平米 / 东北 / 落地窗 ; 卧室B / 8.99平米 / 无 / 未知窗户类型 ; 卧室C / 8.69平米 / 东南 / 普通窗 ; 卧室D / 7.36平米 / 东南 / 普通窗 ; 厨房 / 7.64平米 / 东北 / 普通窗 ; 卫 / 2.58平米 / 无 / 普通窗 ; 阳台A / 3.06平米 / 东北 / 普通窗 ; 阳台B / 4.82平米 / 西南 东南 / 普通窗 ; 过道 / 5.89平米 / 无 / 无窗,
看花园的3房，近期出，看房方便,"信义嘉御山5期 , 坂田",3室2厅,71.19平米,东,精装,中楼层(共39层),2016年,塔楼,526 万,73887 元,0,,,VR看装修,https://sz.lianjia.com/ershoufang/105121802055.html,VR看装修,"1.满五红本看花园泳池，安静 ，
2.看房方便",信义嘉御山是坂田新的大社区的，小区一共有5期，坂田双地铁口的大盘，一期楼下有天虹商场，有星巴克，KFC，面点王，健身会所，SAP等配套成熟，还开了佳华商场MAX.CITY有海底捞，探鱼等餐饮名店 各大银行围绕小区、旁边有大企业华为,,地铁出行：10号线坂田北站，10号线5号线中转站五和站。未来是五和交通枢纽，畅行深圳各地。 公交出行：里石排站，坂田市场站，坂田路口站，坂田路口北站等。1.东临五和大道接梅观，龙华，福田畅行。2.接 坂银通道，畅通罗湖，福田,,,暂无数据,2025-08-15,商品房,普通住宅,暂无数据,非共有,无抵押,挂牌时间:2025-08-15 | 交易权属:商品房 | 上次交易:暂无数据 | 房屋用途:普通住宅 | 房屋年限:暂无数据 | 产权所属:非共有 | 抵押信息:无抵押 | 房本备件:未上传房本照片,客厅 / 25.61平米 / 无 / 未知窗户类型 ; 卧室A / 8.81平米 / 东北 / 普通窗 ; 卧室B / 7.35平米 / 西北 / 普通窗 ; 卧室C / 11.94平米 / 北 东北 / 落地窗 ; 厨房 / 3.38平米 / 西北 / 普通窗 ; 卫 / 3.57平米 / 西南 / 普通窗 ; 阳台A / 1.52平米 / 西北 / 普通窗 ; 阳台B / 3.89平米 / 西北 东北 东南 / 普通窗 ; 过道 / 2.49平米 / 无 / 无窗,
春华四季园一期 5室2厅 东南,"春华四季园一期 , 坂田",5室2厅,141.06平米,东南,,中楼层(共11层),2006年,板塔结合,730 万,51752 元,0,,,VR房源,https://sz.lianjia.com/ershoufang/105121335707.html,VR房源,,,,,,,暂无数据,2025-07-05,商品房,普通住宅,暂无数据,非共有,无抵押,挂牌时间:2025-07-05 | 交易权属:商品房 | 上次交易:暂无数据 | 房屋用途:普通住宅 | 房屋年限:暂无数据 | 产权所属:非共有 | 抵押信息:无抵押 | 房本备件:未上传房本照片,客厅 / 39.98平米 / 无 / 未知窗户类型 ; 卧室A / 11.82平米 / 南 / 落地窗 ; 卧室B / 19.1平米 / 无 / 未知窗户类型 ; 卧室C / 6.67平米 / 无 / 未知窗户类型 ; 卧室D / 16.26平米 / 无 / 未知窗户类型 ; 卧室E / 9.54平米 / 北 / 落地窗 ; 厨房 / 5.62平米 / 北 / 普通窗 ; 卫A / 3.73平米 / 西 / 普通窗 ; 卫B / 5.36平米 / 北 / 落地窗 ; 阳台A / 6.04平米 / 东 南 / 落地窗 ; 阳台B / 10.06平米 / 西 北 / 落地窗 ; 过道 / 8.47平米 / 无 / 无窗 ; 门厅 / 3.67平米 / 北 / 普通窗,
满五唯一，采光通风效果佳，业主诚心卖,"信义嘉御山 , 坂田",4室2厅,134.34平米,西北,精装,低楼层(共31层),2013年,板塔结合,820 万,61040 元,1,,,近地铁 | VR看装修,https://sz.lianjia.com/ershoufang/105121622743.html,地铁 | VR看装修,满五唯一，采光通风效果佳，业主诚心卖,信义嘉御豪园分三期开发，占地近100000平米，建面400000平，共3008户。2013-2015年底交房，小区内有泳池，配套有公里龙岗机关幼儿园，户型多样，66平-77平，方正通透的两房；83-88平，朝南或南北的三房户型；85平 复式 四房三卫；117-217平 改善大户型,"信义嘉御山是坂田新的大社区的，小区一共有8期，目前1-5期已经交房入住，6-8期还没有开盘的，坂田北地铁口的大盘，一期楼下有天虹商场，有星巴克，面点王，健身会所，SAP等，17年地还开了佳华商场MAX.CITY.,有海底捞，探鱼等餐饮名店",信义嘉御山是双地铁物业，地铁5号线“五和站”+10号线“坂田北站”，小区停车场出来拐个弯就上梅观高速G94去福田南山都很便利，小区门口也有多路公交达深圳各地，地铁+公交+自驾，都方便快捷。,,,暂无数据,2025-07-30,商品房,普通住宅,暂无数据,非共有,有抵押 60万元 交通银行,挂牌时间:2025-07-30 | 交易权属:商品房 | 上次交易:暂无数据 | 房屋用途:普通住宅 | 房屋年限:暂无数据 | 产权所属:非共有 | 抵押信息:有抵押 60万元 交通银行 | 房本备件:未上传房本照片,客厅 / 34.37平米 / 西北 / 普通窗 ; 卧室A / 12.67平米 / 无 / 未知窗户类型 ; 卧室B / 19.58平米 / 无 / 未知窗户类型 ; 卧室C / 11.19平米 / 西北 / 落地窗 ; 卧室D / 11.93平米 / 无 / 未知窗户类型 ; 厨房 / 6.19平米 / 东南 / 普通窗 ; 卫A / 3.24平米 / 东南 / 普通窗 ; 卫B / 6.36平米 / 无 / 未知窗户类型 ; 阳台 / 9.06平米 / 西北 东北 / 普通窗 ; 入户花园 / 5.85平米 / 无 / 未知窗户类型 ; 过道 / 7.16平米 / 无 / 无窗,
新上业主换房诚心出售四房 随时看房,"星河银湖谷 , 坂田",4室2厅,88.02平米,西南,,高楼层(共48层),2016年,板塔结合,668 万,75892 元,0,,,近地铁 | VR看装修,https://sz.lianjia.com/ershoufang/105121911691.html,地铁 | VR看装修,百米处有星河COCOPARK商场，雅宝学校就在小区，雅宝站200米,开发商：星河地产，星河WORLD 人车分流的规划设计，港式入户大堂，览山阅湖全景视野。约12栋商务楼群，集300米高层双子塔地和生态写字楼于一体，是金融产业、高新科技、创新产业的总部型经济,梅林关口，深圳北站商圈，片区交通不断完善，27年星河匠心集大成之作，自持运营大量物业，星河斥巨资打造1600000平航母级综合体，万亿园区产业助力持续 约750000平米联盟。,出行便利，10号线雅宝站离小区200米左右。直通南坪快速，新彩隧道，坂银隧道，梅关高速，五大交通便捷到到达深圳各区， 坂银遂道去往罗湖福田南山都方便。,,,暂无数据,2025-08-25,商品房,普通住宅,暂无数据,非共有,有抵押,挂牌时间:2025-08-25 | 交易权属:商品房 | 上次交易:暂无数据 | 房屋用途:普通住宅 | 房屋年限:暂无数据 | 产权所属:非共有 | 抵押信息:有抵押 | 房本备件:未上传房本照片,客厅 / 24.83平米 / 西南 / 普通窗 ; 卧室A / 7.72平米 / 西南 / 落地窗 ; 卧室B / 5.59平米 / 东南 / 落地窗 ; 卧室C / 6.32平米 / 东南 / 普通窗 ; 厨房 / 4.26平米 / 无 / 普通窗 ; 卫 / 4.06平米 / 东北 / 普通窗 ; 阳台A / 6.14平米 / 西南 西北 东南 / 普通窗 ; 阳台B / 2.28平米 / 东南 / 普通窗 ; 储物间 / 19.64平米 / 无 / 未知窗户类型 ; 过道 / 4.52平米 / 无 / 无窗,
信义嘉御山朝南2房高楼层户型方正阳台客厅正出采光好,"信义嘉御山 , 坂田",2室2厅,70.86平米,南,,高楼层(共17层),2015年,板塔结合,435 万,61389 元,0,,,近地铁 | VR看装修 | 随时看房,https://sz.lianjia.com/ershoufang/105121655832.html,地铁 | VR看装修 | 随时看房,信义嘉御山朝南2房高楼层户型方正阳台客厅正出采光好，格局通透,信义嘉御豪园分3期开发，占地近100000平米，建面400000平，共3008户。2013-2015年底交房，小区内有泳池，下楼就有公立幼儿园，户型多样，66平-78平方正2房；83-88平朝南或南北的3房；85平复式4房3卫；117-217平改善大平层，小区人车分流设计。,信义嘉御山是坂田次新的大社区的，小区一共有8期，目前基本都已经交房入住，坂田双地铁口的大盘，一期楼下有天虹商场，有星巴克，KFC，奈雪等，有健身会所等配套成熟，还有佳华商场MAX.CITY，有海底捞，探鱼等餐饮名店 各大银行围绕小区、旁边有大企业.,步行约600米到10号线坂田北站，900米五和交通枢纽站（5号，10号与在建的深大城际33号在五和站交汇），信义嘉御山小区下楼有3个公交站台，通达深圳市各区域都很方便。车库出来掉头左转就可快速上G94珠三角环线，地铁，公交，智驾出行都是很方便的。,,,暂无数据,2025-08-02,商品房,普通住宅,暂无数据,非共有,无抵押,挂牌时间:2025-08-02 | 交易权属:商品房 | 上次交易:暂无数据 | 房屋用途:普通住宅 | 房屋年限:暂无数据 | 产权所属:非共有 | 抵押信息:无抵押 | 房本备件:未上传房本照片,客厅 / 26.81平米 / 南 / 落地窗 ; 卧室A / 10.98平米 / 无 / 未知窗户类型 ; 卧室B / 13.33平米 / 无 / 未知窗户类型 ; 厨房 / 3.47平米 / 北 / 普通窗 ; 卫 / 4.1平米 / 无 / 未知窗户类型 ; 阳台 / 4.72平米 / 东 南 / 普通窗,
高发悦驰苑，南北通透四房，带电梯，地铁口，满五年,"高发悦驰苑 , 坂田",4室2厅,84.73平米,南 北,精装,低楼层(共6层),2015年,板楼,322 万,38004 元,1,,,近地铁 | VR看装修,https://sz.lianjia.com/ershoufang/105121444561.html,地铁 | VR看装修,小区端户四房，与广东实验相邻，低密度，次新盘，有电梯,位于华为科技城，坐落在坂澜大道雪象第二幼儿园南侧，项目为6层洋房社区，只有2栋楼，分AB两座。低密度。15年建成并出售的电梯房 ，17年交楼，产权年限96年批地50年，属于住宅性质红本商品房。,,小区距离地铁10号线雪象站400米左右，位于坂澜大道上，往南去梅林关（去关内方向）、也可以转布龙路转南坪快速和水官高速，也可以从转贝尔路再转梅关高速，上坂澜大道可以去观澜也可以去平湖。高速交通：梅观高速、清平高速、坂雪岗大道、南坪快速,,,暂无数据,2025-07-14,商品房,普通住宅,暂无数据,非共有,有抵押,挂牌时间:2025-07-14 | 交易权属:商品房 | 上次交易:暂无数据 | 房屋用途:普通住宅 | 房屋年限:暂无数据 | 产权所属:非共有 | 抵押信息:有抵押 | 房本备件:未上传房本照片,客厅 / 23.13平米 / 西南 / 落地窗 ; 卧室A / 6.2平米 / 东北 / 落地窗 ; 卧室B / 6.12平米 / 东北 / 落地窗 ; 卧室C / 7.77平米 / 无 / 未知窗户类型 ; 卧室D / 11.05平米 / 西南 / 落地窗 ; 厨房 / 4.28平米 / 西北 / 普通窗 ; 卫 / 4.09平米 / 东北 / 普通窗 ; 阳台 / 3.33平米 / 西南 / 落地窗,
星河银湖谷 4室1厅 东北,"星河银湖谷 , 坂田",4室1厅,89平米,东北,精装,高楼层(共48层),2016年,板塔结合,598 万,67192 元,0,,,近地铁 | VR房源,https://sz.lianjia.com/ershoufang/105121758120.html,地铁 | VR房源,,,,,,,暂无数据,2025-08-12,商品房,普通住宅,暂无数据,非共有,有抵押 业主自还,挂牌时间:2025-08-12 | 交易权属:商品房 | 上次交易:暂无数据 | 房屋用途:普通住宅 | 房屋年限:暂无数据 | 产权所属:非共有 | 抵押信息:有抵押 业主自还 | 房本备件:未上传房本照片,客厅 / 29.32平米 / 东北 / 普通窗 ; 卧室A / 7.05平米 / 东北 / 落地窗 ; 卧室B / 6.99平米 / 东北 / 落地窗 ; 卧室C / 7.07平米 / 东北 / 落地窗 ; 卧室D / 14.27平米 / 无 / 未知窗户类型 ; 厨房 / 4.68平米 / 西北 / 普通窗 ; 卫生间A / 4.24平米 / 无 / 未知窗户类型 ; 卫生间B / 3.76平米 / 西南 / 普通窗 ; 阳台A / 4.91平米 / 西北 东北 东南 / 普通窗 ; 阳台B / 1.72平米 / 西北 / 普通窗,
大阳台次新房，南向卧高楼层，银湖山下,"星河银湖谷 , 坂田",4室1厅,151.89平米,南,,高楼层(共49层),2016年,板塔结合,1199 万,78939 元,4,,,VR房源,https://sz.lianjia.com/ershoufang/105115708645.html,VR房源,10号线地铁口，精装修大四房，次新房小区，南北通,星河WORLD银湖谷住宅面积为200000㎡，拥有5500㎡园林和泳池，人车分流的规划设计，港式入户大堂，览山阅湖景视野。约700000㎡商务楼群，集300米高层双子塔地和生态写字楼于一体，是金融产业、高新科技、创新产业的总部型经济聚集地,梅林关口，深圳北站商圈，片区交通不断完善，27年星河匠心集大成之作，自持运营大量物业，星河斥巨资打造1600000平航母级综合体，万亿园区产业助力持续 约750000平米联盟。,10号线雅宝站，已经开通。南平快速延长线，新彩隧道，坂银隧道，梅关高速，五大交通便捷到到达深圳各区。 坂银遂道已经通车去往罗湖福田近,,,暂无数据,2023-12-27,商品房,普通住宅,暂无数据,非共有,有抵押 70万元,挂牌时间:2023-12-27 | 交易权属:商品房 | 上次交易:暂无数据 | 房屋用途:普通住宅 | 房屋年限:暂无数据 | 产权所属:非共有 | 抵押信息:有抵押 70万元 | 房本备件:未上传房本照片,客厅 / 48.89平米 / 无 / 未知窗户类型 ; 卧室A / 13.56平米 / 无 / 未知窗户类型 ; 卧室B / 24.85平米 / 无 / 未知窗户类型 ; 卧室C / 9.92平米 / 无 / 未知窗户类型 ; 卧室D / 12.69平米 / 无 / 未知窗户类型 ; 厨房 / 7.48平米 / 北 / 普通窗 ; 卫生间A / 8.26平米 / 无 / 未知窗户类型 ; 卫生间B / 6.36平米 / 无 / 未知窗户类型 ; 阳台A / 7.19平米 / 西 东 南 / 普通窗 ; 阳台B / 2.65平米 / 北 东 / 普通窗,
嘉御山五期次新89平4房2卫，中高楼层 朝东看花园泳池,"信义嘉御山5期 , 坂田",4室2厅,88.84平米,东南,精装,高楼层(共39层),2016年,塔楼,650 万,73166 元,1,,,VR看装修,https://sz.lianjia.com/ershoufang/105116110830.html,VR看装修,此房满五年红本，中高楼层，全阳朝向，朝东看花园泳池景观视野好,信义嘉御山小区采用人车分流，绿化面积大，24小时封闭物业管理，居住环境舒适。御珑豪园为嘉御山第5期开发产品，2018年精装交付，小区内有泳池，69-72平3居室，88-89平4居室，100平复式5房，125平以上大平层5房，得房率高使用面积大于房本面积。,信义嘉御山是坂田新的大社区的，小区一共有8期，目前1-5期已经交房入住，坂田双地铁口的大盘，一期楼下有天虹商场，有星巴克，KFC，面点王，健身会所，SAP等配套成熟，还开了佳华商场MAX.CITY有海底捞，探鱼等餐饮名店 各大银行围绕小区、旁边有大企华为,双地铁物业10&5号线，到深圳北站2个地铁站，小区楼下有小型公交接驳五和地铁站，小区停车场出来可以快速上梅观高速（G94)可以快速通达深圳福田南山区域。往南可以走坂银通道快速到达福田区。,,,暂无数据,2024-02-23,商品房,普通住宅,暂无数据,非共有,无抵押,挂牌时间:2024-02-23 | 交易权属:商品房 | 上次交易:暂无数据 | 房屋用途:普通住宅 | 房屋年限:暂无数据 | 产权所属:非共有 | 抵押信息:无抵押 | 房本备件:未上传房本照片,客厅 / 27.73平米 / 无 / 未知窗户类型 ; 卧室A / 10.1平米 / 南 / 普通窗 ; 卧室B / 5.87平米 / 西 南 / 普通窗 ; 卧室C / 13.52平米 / 无 / 未知窗户类型 ; 卧室D / 9.52平米 / 东 / 普通窗 ; 厨房 / 4.24平米 / 南 / 普通窗 ; 卫A / 3.81平米 / 无 / 普通窗 ; 卫B / 4.24平米 / 无 / 未知窗户类型 ; 阳台A / 2.09平米 / 南 / 普通窗 ; 阳台B / 5.83平米 / 北 东 南 / 普通窗 ; 过道 / 3.03平米 / 无 / 无窗,
客厅出阳台正看湖景且满五年无增值税,"春华四季园一期 , 坂田",4室2厅,146.29平米,南,,高楼层(共17层),2006年,板塔结合,748 万,51132 元,0,,,近地铁 | VR房源 | 房本满五年,https://sz.lianjia.com/ershoufang/105115943453.html,地铁 | VR房源 | 房本满五年,房子属于小区中高楼层视野好正看小区人工湖，业主诚意出售！,小区分一二期开发，共43栋，3000户，一期人车分流，近小区人工湖，位置安静，居家大社区,,,,,2012-12-17,2024-01-24,商品房,普通住宅,满五年,非共有,无抵押,挂牌时间:2024-01-24 | 交易权属:商品房 | 上次交易:2012-12-17 | 房屋用途:普通住宅 | 房屋年限:满五年 | 产权所属:非共有 | 抵押信息:无抵押 | 房本备件:已上传房本照片,客厅 / 37.94平米 / 无 / 未知窗户类型 ; 卧室A / 11.85平米 / 北 / 落地窗 ; 卧室B / 20.72平米 / 北 / 普通窗 ; 卧室C / 12.21平米 / 北 / 落地窗 ; 卧室D / 11.76平米 / 北 / 落地窗 ; 厨房 / 6.29平米 / 北 / 落地窗 ; 卫A / 5.75平米 / 北 / 落地窗 ; 卫B / 3.61平米 / 北 / 落地窗 ; 阳台 / 10.27平米 / 北 / 普通窗 ; 储物间 / 9.04平米 / 北 / 落地窗 ; 入户花园 / 17.34平米 / 北 / 落地窗,
星河双字塔2019年看银湖山 满五年 唯一换房诚心出售,"星河银湖谷 , 坂田",4室2厅,151.73平米,南 北,,低楼层(共49层),2016年,板塔结合,1168 万,76979 元,3,,,VR房源,https://sz.lianjia.com/ershoufang/105119324283.html,VR房源,满五唯一，视野开阔，看山看公园，楼层好，采购光好，东南向,开发商：星河地产，星河WORLD 人车分流的规划设计，港式入户大堂，览山阅湖全景视野。约12栋商务楼群，集300米高层双子塔地和生态写字楼于一体，是金融产业、高新科技、创新产业的总部型经济,,10号线雅宝站C出口，去年8月开通。南平快速延长线，新彩隧道，坂银隧道，梅关高速，五大交通便捷到到达深圳各区。 坂银遂道已经通车，去往罗湖福田近,,,暂无数据,2024-12-27,商品房,普通住宅,暂无数据,非共有,有抵押 银行,挂牌时间:2024-12-27 | 交易权属:商品房 | 上次交易:暂无数据 | 房屋用途:普通住宅 | 房屋年限:暂无数据 | 产权所属:非共有 | 抵押信息:有抵押 银行 | 房本备件:未上传房本照片,客厅 / 40.23平米 / 无 / 未知窗户类型 ; 卧室A / 12.87平米 / 南 / 落地窗 ; 卧室B / 23.33平米 / 无 / 未知窗户类型 ; 卧室C / 10.82平米 / 西 北 / 落地窗 ; 卧室D / 11.65平米 / 北 / 落地窗 ; 厨房 / 7.84平米 / 北 / 普通窗 ; 卫生间A / 7.48平米 / 无 / 未知窗户类型 ; 卫生间B / 5.92平米 / 无 / 未知窗户类型 ; 阳台A / 7.22平米 / 西 东 南 / 普通窗 ; 阳台B / 2.64平米 / 北 东 / 普通窗 ; 过道 / 6.15平米 / 无 / 无窗,
旭景佳园2期，电梯2房，户型方正，大阳台,"珠江旭景佳园 , 坂田",2室2厅,77.94平米,北,精装,中楼层(共23层),2008年,塔楼,350 万,44907 元,6,,,近地铁 | VR看装修,https://sz.lianjia.com/ershoufang/105118695350.html,地铁 | VR看装修,安静位置，电梯，配套成熟，地铁近，出行方便,小区分3期开发，近1500户，地铁口物业，紧靠银湖山和坂银隧道，地理位置优越，进出关内外方便。小区房价处于区域谷值，同区域二手房对比有很大的优势。所以有很多关内的客户在此小区置业。生活配套成熟，是刚需值得购买的小区。,二期内有旭景幼稚园。小区东南侧3千㎡底商，南侧有大族云峰商场已开业；距小区300米有两万㎡万科里。2km内有阳光湾畔、8号仓、坂田天虹等商场。1km有坂田医院。,"四通八达,小区邻布龙路坂雪岗大道两大动脉,南面1km上坂银南坪,通达福田南山方便；东面两个灯位上清平水官,通达罗湖盐田惠州；西侧2km上G94,1h到宝安东莞广州；北达天安和华为。250米到5号线坂田地铁口,1站换10号线到福田口岸。小区东门150m到公交站。",,,暂无数据,2024-10-25,商品房,普通住宅,暂无数据,非共有,有抵押 40万元 中国,挂牌时间:2024-10-25 | 交易权属:商品房 | 上次交易:暂无数据 | 房屋用途:普通住宅 | 房屋年限:暂无数据 | 产权所属:非共有 | 抵押信息:有抵押 40万元 中国 | 房本备件:未上传房本照片,客厅 / 21.41平米 / 北 / 落地窗 ; 卧室A / 10.65平米 / 无 / 未知窗户类型 ; 卧室B / 8.95平米 / 无 / 未知窗户类型 ; 厨房 / 4.8平米 / 北 / 落地窗 ; 卫 / 3.58平米 / 西 / 普通窗 ; 阳台 / 8.8平米 / 西 北 / 落地窗 ; 过道 / 2.83平米 / 西 / 普通窗,
客厅出阳台，3加2户型，南北通，高楼层,"佳兆业中央广场三期 , 坂田",4室2厅,89.47平米,北,简装,46层,2016年,塔楼,568 万,63485 元,0,,,近地铁 | VR看装修,https://sz.lianjia.com/ershoufang/105119693779.html,地铁 | VR看装修,客厅出阳台，3加2户型，南北通，高楼层,小区规模：总共分为6期开发的大楼盘。3个幼儿园：自带综合MALL，加270米万豪酒店（六期项目），二期的地理位置很好，小区东门门口200米就是地铁口雪象站。,,地铁十号线雪象站A出口200米，沿着坂雪岗大道可以去梅林关（去关内方向）、也可以转布龙路转南坪快速和水官高速，也可以从转贝尔路再转梅关高速，上坂澜大道可以去观澜也可以去平湖。交通很方便。高速交通：梅观高速、清平高速、坂雪岗大道、南坪快速。,,,暂无数据,2025-02-15,商品房,普通住宅,暂无数据,非共有,有抵押 客户偿还,挂牌时间:2025-02-15 | 交易权属:商品房 | 上次交易:暂无数据 | 房屋用途:普通住宅 | 房屋年限:暂无数据 | 产权所属:非共有 | 抵押信息:有抵押 客户偿还 | 房本备件:未上传房本照片,客厅 / 34.24平米 / 北 / 落地窗 ; 卧室A / 7.65平米 / 无 / 未知窗户类型 ; 卧室B / 12.9平米 / 无 / 未知窗户类型 ; 卧室C / 7.87平米 / 北 / 普通窗 ; 卧室D / 5.42平米 / 北 / 普通窗 ; 厨房 / 8.64平米 / 北 / 普通窗 ; 卫A / 3.25平米 / 北 / 普通窗 ; 卫B / 3.82平米 / 北 / 普通窗 ; 阳台A / 5.05平米 / 北 / 普通窗 ; 阳台B / 4平米 / 北 / 普通窗 ; 过道 / 4.86平米 / 无 / 无窗,
高楼层，朝南看花园，看房方便，红本，诚心出售,"佳兆业悦峰 , 坂田",3室2厅,86.71平米,南,,中楼层(共32层),2013年,板塔结合,658 万,75886 元,2,,,近地铁 | VR看装修,https://sz.lianjia.com/ershoufang/105118511065.html,地铁 | VR看装修,高楼层，看花园，看房方便诚心放卖，比较大空间,小区自带泳池，篮球场，羽毛球场及锻炼器材小广场。楼下有华润万家社区店，钱大妈，南北药行，优口果鲜，理发美容，悦峰社康等满足业主的日常需求。步行700米可至杨美美食街，有各类美食，鑫华盛百货，美家福百货等。距离深圳坂田医院2500米,,有地铁5号线杨美站C出口900米（参考高德地图），4站抵深圳北站深圳东站，西至赤湾东至黄贝岭。或步行400米至宏扬公交站也有多条公交路线可达深圳各区域。衔接各大高速快速，3公里内直上布龙路、清平高速、水官高速，南坪快速、梅观高速、坂银通道等通达全..,,,暂无数据,2024-10-06,商品房,普通住宅,暂无数据,非共有,无抵押,挂牌时间:2024-10-06 | 交易权属:商品房 | 上次交易:暂无数据 | 房屋用途:普通住宅 | 房屋年限:暂无数据 | 产权所属:非共有 | 抵押信息:无抵押 | 房本备件:未上传房本照片,客厅 / 26.17平米 / 南 / 普通窗 ; 卧室A / 13.54平米 / 无 / 未知窗户类型 ; 卧室B / 8.49平米 / 无 / 未知窗户类型 ; 卧室C / 9.16平米 / 无 / 未知窗户类型 ; 厨房 / 4.6平米 / 东 / 普通窗 ; 卫A / 4.69平米 / 东 / 普通窗 ; 卫B / 2.47平米 / 无 / 普通窗 ; 阳台A / 6.01平米 / 南 / 普通窗 ; 阳台B / 2.42平米 / 东 / 普通窗 ; 过道 / 3.72平米 / 无 / 无窗,
新上房源  业主诚心出售 安静通风好,"星河银湖谷 , 坂田",4室2厅,87.95平米,东 北 东北,,低楼层(共48层),2016年,板塔结合,640 万,72769 元,3,,,近地铁 | VR看装修,https://sz.lianjia.com/ershoufang/105118823424.html,地铁 | VR看装修,此房满五年 唯一    户型方正 通透,星河银湖谷住宅小区共7栋，玻璃外观和干挂陶板立面，有园林和泳池，人车分流的规划设计，港式入户大堂，览山阅湖景视野。星河双子塔、星河生态综合体、星河雅宝山体公园和星河圣境庙堂于一体，湖光山水，共享舒适生活！,,出行便利，10号线雅宝站离小区200米左右。直通南坪快速，新彩隧道，坂银隧道，梅关高速，五大交通便捷到到达深圳各区， 坂银遂道去往罗湖福田南山都方便。,,,暂无数据,2024-11-06,商品房,普通住宅,暂无数据,非共有,有抵押,挂牌时间:2024-11-06 | 交易权属:商品房 | 上次交易:暂无数据 | 房屋用途:普通住宅 | 房屋年限:暂无数据 | 产权所属:非共有 | 抵押信息:有抵押 | 房本备件:未上传房本照片,客厅 / 25.02平米 / 北 / 普通窗 ; 卧室A / 7.16平米 / 北 / 落地窗 ; 卧室B / 7.04平米 / 北 / 落地窗 ; 卧室C / 6.81平米 / 北 / 落地窗 ; 卧室D / 13.89平米 / 无 / 未知窗户类型 ; 厨房 / 4.32平米 / 东 / 普通窗 ; 卫A / 4.03平米 / 南 / 普通窗 ; 卫B / 4.38平米 / 东 / 落地窗 ; 阳台A / 5.42平米 / 西 北 东 / 普通窗 ; 阳台B / 1.59平米 / 东 / 普通窗 ; 过道 / 3.84平米 / 无 / 无窗,
临湖复式六房双阳台，带入户南北通使用率高小区中间位,"春华四季园一期 , 坂田",6室1厅,148.25平米,南 北,精装,中楼层(共9层),2006年,板塔结合,850 万,57336 元,2,,,VR房源 | 房本满五年,https://sz.lianjia.com/ershoufang/105117162799.html,VR房源 | 房本满五年,此房满五年唯一，使用率高带入户双阳台，小区中间位临湖复式,小区车位充足，达到1：1.1，小区配套也齐全，各种生活必须商店小区都有。小区自带有配套成人和儿童泳池，保障大人小孩都能在合适的水位游泳，小区有篮球场，羽毛球场和各类体育健身设施,小区配套齐全，教育，商场，医院等都在500米范围内。五和交通枢纽，梅观快速，出行便利,华南路和民康路交汇处，旁边是梅观高速可以去福田南山，观澜东莞，交通便利，深圳中轴。,,,2014-04-02,2024-06-01,商品房,普通住宅,满五年,非共有,有抵押 300万元 招商银行,挂牌时间:2024-06-01 | 交易权属:商品房 | 上次交易:2014-04-02 | 房屋用途:普通住宅 | 房屋年限:满五年 | 产权所属:非共有 | 抵押信息:有抵押 300万元 招商银行 | 房本备件:已上传房本照片,客厅 / 56.5平米 / 西 / 普通窗 ; 卧室A / 8.9平米 / 无 / 无窗 ; 卧室B / 21.32平米 / 西 / 普通窗 ; 卧室C / 6.61平米 / 无 / 无窗 ; 卧室D / 9.64平米 / 无 / 无窗 ; 卧室E / 5.76平米 / 无 / 无窗 ; 卧室F / 19.57平米 / 北 东 南 / 落地窗 ; 厨房 / 4.92平米 / 东 / 普通窗 ; 卫A / 4.15平米 / 无 / 未知窗户类型 ; 卫B / 4.29平米 / 无 / 未知窗户类型 ; 卫C / 3.84平米 / 无 / 无窗 ; 阳台A / 12.78平米 / 西 北 东 南 / 普通窗 ; 阳台B / 10.72平米 / 西 南 / 普通窗 ; 楼梯间 / 6.59平米 / 无 / 无窗 ; 门厅 / 8.09平米 / 东 / 普通窗 ; 过道A / 2.5平米 / 无 / 无窗 ; 过道B / 6.27平米 / 无 / 无窗,
此房红本满5唯一，看花园位置安静，急售,"佳兆业中央广场一期 , 坂田",5室2厅,148.87平米,北,,中楼层(共46层),2013年,板楼,790 万,53067 元,3,,,近地铁 | VR看装修,https://sz.lianjia.com/ershoufang/105118078654.html,地铁 | VR看装修,此房红本满五唯一税费少，业主诚意出售，看花园，位置安静,佳兆业城市广场总共分六期开发，包括以三房为主体的住宅，还有复式的公寓，其中一期共有7栋，小区有露天游泳池，还有一所幼儿园,,出门即是地铁十号线岗头站和雪象站，还有公交站台，出行方便快捷；,,,暂无数据,2024-08-26,商品房,普通住宅,暂无数据,非共有,有抵押 550万元,挂牌时间:2024-08-26 | 交易权属:商品房 | 上次交易:暂无数据 | 房屋用途:普通住宅 | 房屋年限:暂无数据 | 产权所属:非共有 | 抵押信息:有抵押 550万元 | 房本备件:未上传房本照片,客厅 / 28.75平米 / 西北 / 落地窗 ; 卧室A / 11.49平米 / 无 / 未知窗户类型 ; 卧室B / 11.49平米 / 无 / 未知窗户类型 ; 卧室C / 14.62平米 / 无 / 未知窗户类型 ; 卧室D / 13.46平米 / 无 / 未知窗户类型 ; 卧室E / 13.7平米 / 无 / 未知窗户类型 ; 厨房 / 5.29平米 / 无 / 落地窗 ; 卫A / 3.34平米 / 东北 / 普通窗 ; 卫B / 5.27平米 / 东南 / 普通窗 ; 阳台A / 8.41平米 / 西南 西北 东北 / 普通窗 ; 阳台B / 3.93平米 / 东南 / 落地窗 ; 入户花园 / 9.41平米 / 西北 / 落地窗 ; 过道 / 9.53平米 / 无 / 无窗 ; 衣帽间 / 3.32平米 / 无 / 无窗,
此房子朝南客厅出阳台 2卫 精装,"佳兆业中央广场一期 , 坂田",3室2厅,89.57平米,南,精装,低楼层(共47层),2013年,板楼,455 万,50799 元,1,,,近地铁 | VR看装修 | 随时看房,https://sz.lianjia.com/ershoufang/105119700720.html,地铁 | VR看装修 | 随时看房,此房子朝南客厅出阳台 2卫 精装,,佳兆业城市广场社区依托高新技术产业园，物业形态丰富，集住宅、酒店、大型综合体配套于一体，小区旁边就是天安云谷、华为总部,10号线地铁物业，项目是挨着坂雪岗大道和坂澜大道，沿着坂雪岗大道可以去梅林关，也可以转布龙路转南坪快速和水官高速，也可以从转贝尔路再转梅关高速，上坂澜大道可以去观澜也可以去平湖；多条公交路线直达罗湖、福田，交通很便利,此房子是深圳不唯一税费少，欠款少赎楼费也少，随时可以看房价格可以商量,,2020-08-12,2025-02-16,商品房,普通住宅,未满两年,非共有,无抵押,挂牌时间:2025-02-16 | 交易权属:商品房 | 上次交易:2020-08-12 | 房屋用途:普通住宅 | 房屋年限:未满两年 | 产权所属:非共有 | 抵押信息:无抵押 | 房本备件:已上传房本照片,客厅 / 22.08平米 / 南 / 普通窗 ; 卧室A / 8.72平米 / 无 / 未知窗户类型 ; 卧室B / 11.61平米 / 无 / 未知窗户类型 ; 卧室C / 9.11平米 / 无 / 未知窗户类型 ; 厨房 / 4.77平米 / 东 / 普通窗 ; 卫A / 2.6平米 / 东 / 普通窗 ; 卫B / 3.84平米 / 无 / 普通窗 ; 阳台A / 5.89平米 / 东 南 / 普通窗 ; 阳台B / 4.1平米 / 东 / 普通窗 ; 过道 / 2.85平米 / 无 / 无窗,
精装复式三套房子一起出售，双地铁。,"佳兆业中央广场六期 , 坂田",8室3厅,226.45平米,东南,精装,中楼层(共41层),2020年,塔楼,570 万,25172 元,2,,,近地铁,https://sz.lianjia.com/ershoufang/105118747467.html,地铁,复式精装房，交易税费少，双地铁口，精装修，私密性好,小区规划大型雪象体育公园，三十万商 业综合MALL，270米层高五星国际酒店，百度测量1公 里范围内雪象医院、肖传国医院，地铁10号线雪象、岗头双地铁口，坂银隧道去福田南山交通便捷。,新社区人车分流，24小时保安轮流值班，社区有自己的健身广场和花园，园林式社区，占地约300000平，建面约1800000平米，依托高新技术产业园，佳兆业城市广场物业形态丰富，小区左边是天安云谷、华为总部。,地铁十号线雪象站A出口，沿着坂雪岗大道可以去梅林关（去关内方向）、也可以转布龙路转南坪快速和水官高速，也可以从转贝尔路再转梅关高速，上坂澜大道可以去观澜也可以去平湖。交通很方便。高速交通：梅观高速、清平高速、坂雪岗大道、南坪快速。,,,暂无数据,2024-10-30,商品房,商业办公类,暂无数据,非共有,有抵押,挂牌时间:2024-10-30 | 交易权属:商品房 | 上次交易:暂无数据 | 房屋用途:商业办公类 | 房屋年限:暂无数据 | 产权所属:非共有 | 抵押信息:有抵押 | 房本备件:未上传房本照片,客厅 / 36.73平米 / 西南 / 落地窗 ; 卧室A / 6.39平米 / 无 / 无窗 ; 卧室B / 12.76平米 / 无 / 无窗 ; 卧室C / 5.83平米 / 无 / 无窗 ; 卫A / 4.45平米 / 无 / 无窗 ; 卫B / 2.23平米 / 无 / 无窗 ; 过道 / 2.96平米 / 无 / 无窗 ; 衣 / 2.63平米 / 无 / 无窗,
中海电梯两房，看房有钥匙，满五年红本在手,"中海日辉台 , 坂田",2室2厅,65.55平米,东北,,中楼层(共11层),2005年,塔楼,298 万,45462 元,10,,,近地铁 | VR房源 | 随时看房,https://sz.lianjia.com/ershoufang/105119884537.html,地铁 | VR房源 | 随时看房,中海电梯两房，看房有钥匙，满五年红本在手,,东侧是贝尔公园，西侧是金山公园和正在建设的深圳国际艺术馆，东北侧是雪竹径公园；三大商场：坂田天虹、佳华大型、世纪华贸,地铁：10号线地铁，贝尔路A口就在小区楼下，出行便捷。2站转换5号环中线，再2站接驳深圳北站枢纽，高铁接驳全国各地。 陆路交通：挨着坂雪岗大道，南北走向主干道，往南穿过坂银通道进入罗湖，出行便捷。小区往西环线高速，接驳通达全城...,,,暂无数据,2025-03-01,商品房,普通住宅,暂无数据,非共有,无抵押,挂牌时间:2025-03-01 | 交易权属:商品房 | 上次交易:暂无数据 | 房屋用途:普通住宅 | 房屋年限:暂无数据 | 产权所属:非共有 | 抵押信息:无抵押 | 房本备件:未上传房本照片,客厅 / 21.05平米 / 北 / 落地窗 ; 卧室A / 7.81平米 / 西 北 / 落地窗 ; 卧室B / 11.8平米 / 西 北 / 落地窗 ; 厨房 / 5.25平米 / 无 / 普通窗 ; 卫 / 3.34平米 / 东 / 落地窗 ; 阳台A / 3.59平米 / 北 东 / 普通窗 ; 阳台B / 3.28平米 / 北 / 普通窗,
10号线雅宝站，星河精装修大四房，南向视野好看银湖山,"星河银湖谷 , 坂田",5室2厅,140.49平米,南,,高楼层(共47层),2016年,板塔结合,1196 万,85131 元,2,,,VR看装修,https://sz.lianjia.com/ershoufang/105118471585.html,VR看装修,10号线雅宝站，星河精装修大四房，南向视野好看银湖山,星河银湖谷住宅小区总共7栋住宅，玻璃外观和干挂陶板立面，有园林和泳池，人车分流的规划设计，港式入户大堂，览山阅湖景视野。星河双子塔、星河生态综合体、星河雅宝山体公园和星河圣境庙堂于一体，湖光山水，共享舒适生活！,梅林关口，深圳北站商圈，片区交通不断完善，27年星河匠心集大成之作，自持运营大量物业，星河斥巨资打造航母级综合体，万亿园区产业助力持续。,出行便利，10号线雅宝站离小区200米左右。直通南坪快速，新彩隧道，坂银隧道，梅关高速，五大交通便捷到达深圳各区， 坂银遂道去往罗湖福田南山都方便。,,,暂无数据,2024-10-02,商品房,普通住宅,暂无数据,非共有,无抵押,挂牌时间:2024-10-02 | 交易权属:商品房 | 上次交易:暂无数据 | 房屋用途:普通住宅 | 房屋年限:暂无数据 | 产权所属:非共有 | 抵押信息:无抵押 | 房本备件:未上传房本照片,客厅 / 36.74平米 / 东南 / 普通窗 ; 卧室A / 8.55平米 / 东北 / 落地窗 ; 卧室B / 8.72平米 / 东北 / 落地窗 ; 卧室C / 15.24平米 / 东 / 落地窗 ; 卧室D / 11.89平米 / 无 / 未知窗户类型 ; 卧室E / 9.03平米 / 西南 / 落地窗 ; 厨房 / 9.51平米 / 西南 / 普通窗 ; 卫A / 6.52平米 / 无 / 未知窗户类型 ; 卫B / 2.52平米 / 西南 / 落地窗 ; 阳台 / 6.72平米 / 西南 东北 东南 / 普通窗 ; 过道 / 3.32平米 / 无 / 无窗,
星河银湖谷 4室2厅 西南,"星河银湖谷 , 坂田",4室2厅,89平米,西南,,中楼层(共48层),2016年,板塔结合,700 万,78652 元,6,,,近地铁 | VR看装修,https://sz.lianjia.com/ershoufang/105118551138.html,地铁 | VR看装修,,,,,,,暂无数据,2024-10-11,商品房,普通住宅,暂无数据,非共有,有抵押 100万元 业主自还,挂牌时间:2024-10-11 | 交易权属:商品房 | 上次交易:暂无数据 | 房屋用途:普通住宅 | 房屋年限:暂无数据 | 产权所属:非共有 | 抵押信息:有抵押 100万元 业主自还 | 房本备件:未上传房本照片,客厅 / 31.85平米 / 南 / 落地窗 ; 卧室A / 8.07平米 / 西南 / 落地窗 ; 卧室B / 13.03平米 / 无 / 未知窗户类型 ; 卧室C / 5.86平米 / 东南 / 落地窗 ; 卧室D / 8.19平米 / 东南 / 普通窗 ; 厨房 / 5.82平米 / 东南 / 普通窗 ; 卫A / 4.55平米 / 无 / 未知窗户类型 ; 卫B / 3.7平米 / 东北 / 普通窗 ; 过道 / 4.75平米 / 无 / 无窗,
地铁口 公园旁 精装大单间 急售,"嘉霖华禧 , 坂田",1室1厅,36.7平米,东 东南,精装,低楼层(共7层),2017年,塔楼,90 万,24524 元,7,,,近地铁 | VR房源 | 房本满五年,https://sz.lianjia.com/ershoufang/105117515587.html,地铁 | VR房源 | 房本满五年,此房地铁口，满5年，急售，精装修，拎包即可入住,小区围合式园林，共6栋楼，环境优美，绿化高，空气好，地势高，户户采光足，通风好；,,出门即是地铁十号线雪象站，步行可达，小区门口还有大型公交站台，交通便捷；,,,2016-05-13,2024-07-05,商品房,商务公寓,满五年,非共有,有抵押 70万元 建设银行 客户偿还,挂牌时间:2024-07-05 | 交易权属:商品房 | 上次交易:2016-05-13 | 房屋用途:商务公寓 | 房屋年限:满五年 | 产权所属:非共有 | 抵押信息:有抵押 70万元 建设银行 客户偿还 | 房本备件:已上传房本照片,卧室 / 22.44平米 / 西北 / 落地窗 ; 卫A / 1.24平米 / 无 / 无窗 ; 卫B / 1.46平米 / 无 / 无窗,
佳兆业悦峰 三房两厅两位 朝南户型,"佳兆业悦峰 , 坂田",3室2厅,79.7平米,南,简装,低楼层(共17层),2013年,板塔结合,458 万,57466 元,2,,,近地铁 | VR看装修,https://sz.lianjia.com/ershoufang/105118447546.html,地铁 | VR看装修,此房朝南户型，彩光通风好，视野宽阔,佳兆业悦峰是佳兆业开发商，是上市房企排名靠前的开发商，开发商实力雄厚，佳兆业物业也是比较优质的物业管理公司，为小区高品质生活保驾护航。该小区是2013年次新小区，佳兆业物业，容积2.5，车位1：1带有室内篮球场，生活配套较齐全，居住舒适,,有地铁5号线杨美站C出口900米（参考高德地图），4站抵深圳北站深圳东站，西至赤湾东至黄贝岭。或步行400米至宏扬公交站也有多条公交路线可达深圳各区域。衔接各大高速快速，3公里内直上布龙路、清平高速、水官高速，南坪快速、梅观高速、坂银通道等,,,暂无数据,2024-09-30,商品房,普通住宅,暂无数据,共有,有抵押,挂牌时间:2024-09-30 | 交易权属:商品房 | 上次交易:暂无数据 | 房屋用途:普通住宅 | 房屋年限:暂无数据 | 产权所属:共有 | 抵押信息:有抵押 | 房本备件:未上传房本照片,客厅 / 23.47平米 / 南 / 落地窗 ; 卧室A / 12.18平米 / 无 / 未知窗户类型 ; 卧室B / 7.25平米 / 无 / 未知窗户类型 ; 卧室C / 8.31平米 / 无 / 未知窗户类型 ; 厨房 / 4.59平米 / 东 / 落地窗 ; 卫A / 4.51平米 / 东 / 普通窗 ; 卫B / 2.47平米 / 无 / 落地窗 ; 阳台A / 4.62平米 / 南 / 落地窗 ; 阳台B / 2.97平米 / 东 / 落地窗 ; 过道 / 3.16平米 / 无 / 无窗,
一楼带前后大花园 。精装修，离地铁口50米。安静随时,"万科四季花城二期 , 坂田",3室2厅,99.49平米,东,精装,6层,2000年,板楼,580 万,58298 元,8,,,近地铁 | VR看装修 | 随时看房,https://sz.lianjia.com/ershoufang/105118352420.html,地铁 | VR看装修 | 随时看房,带有前后大花园50平。装修好。地铁口50米。满五红本,小区由万科地产集团开发，一共有36个独立苑，共分七期开发，花园式小区，绿化植被很多，带露天3个游泳池和健身会所及相应运动器械供住户健身，社区运动氛围棒；万科物业24小时严格管控，夜间有保安巡逻，外人基本无法随意出入，人车分流，充分保...,（小区内有博雅幼儿园、海丽达幼儿园等，商场类有华润万家，五和购物广场、海达和成购物广场、坂田民营市场等。医疗类有深圳坂田医院、龙华人民医院、布吉医院花城社康医院（小区内）；银行为招商银行、中国银行、民生银行自助机及平安银行等，各式卖菜....,此房距离地铁5号线和10号线A口和200米，交通发达，小区旁边有布龙路、梅观高速、机荷高速、南坪快速等，乘坐公交或驾车出行到福田、罗湖、南山等地较方便（距离信息来源于百度地图）,,,暂无数据,2024-09-21,商品房,普通住宅,暂无数据,非共有,无抵押,挂牌时间:2024-09-21 | 交易权属:商品房 | 上次交易:暂无数据 | 房屋用途:普通住宅 | 房屋年限:暂无数据 | 产权所属:非共有 | 抵押信息:无抵押 | 房本备件:未上传房本照片,客厅 / 34.81平米 / 西 东 / 落地窗 ; 卧室A / 17.74平米 / 西 / 落地窗 ; 卧室B / 17.37平米 / 东 / 落地窗 ; 厨房 / 5.72平米 / 西 / 普通窗 ; 卫A / 4.59平米 / 东 / 普通窗 ; 卫B / 3.51平米 / 北 / 普通窗 ; 阳台A / 13.12平米 / 西 北 南 / 普通窗 ; 阳台B / 24.21平米 / 北 东 南 / 落地窗,
坂银通道口，南向电梯四房精装修，满五唯一，税费少,"诺德中央道 , 坂田",4室2厅,118.83平米,东南,,中楼层(共33层),2014年,板楼,488 万,41068 元,3,,,VR房源,https://sz.lianjia.com/ershoufang/105118715480.html,VR房源,坂银通道口，南向电梯四房精装修，满五唯一，税费少， 保养好,,项目约500米有万科第五园商 业街、坂田手造文化街、阳光湾畔、天虹和八号仓购物广场 附 近有坂田医院、银湖山郊野公园和钓鱼场等,"四通八达,小区邻布龙路坂雪岗大道两大动脉,南面1km上坂银南坪,通达福田南山方便；东面两个灯位上清平水官,通达罗湖盐田惠州；西北侧2km上G94,1h到宝安东莞广州；北达天安和华为。250米到5号线坂田地铁口,1站换10号线到福田口岸。小区南门就是公交站",,,暂无数据,2024-10-27,商品房,普通住宅,暂无数据,非共有,有抵押,挂牌时间:2024-10-27 | 交易权属:商品房 | 上次交易:暂无数据 | 房屋用途:普通住宅 | 房屋年限:暂无数据 | 产权所属:非共有 | 抵押信息:有抵押 | 房本备件:未上传房本照片,客厅 / 32.31平米 / 东南 / 普通窗 ; 卧室A / 9.1平米 / 无 / 未知窗户类型 ; 卧室B / 17.8平米 / 无 / 未知窗户类型 ; 卧室C / 9.41平米 / 无 / 未知窗户类型 ; 卧室D / 5.49平米 / 西南 / 普通窗 ; 厨房 / 5.45平米 / 无 / 无窗 ; 卫生间A / 4.57平米 / 东南 / 普通窗 ; 卫生间B / 4.46平米 / 无 / 无窗 ; 阳台A / 6.9平米 / 西南 东南 / 普通窗 ; 阳台B / 5.47平米 / 无 / 无窗,
精装三房，配套设施完善，交通便利,"佳兆业城市广场五期 , 坂田",3室1厅,88平米,东 南,精装,高楼层(共39层),2019年,塔楼,280 万,31819 元,5,,,近地铁,https://sz.lianjia.com/ershoufang/105118856976.html,地铁,业主诚意出售，精装修，提前预约看房,小区总共分为6期10000户的大盘，总占地约300000平，全部项目总建面约1800000平米。150000平米综合MALL，加270米万豪酒店（六期项目）,全新社区，人车分流，24小时保安轮流值班，社区有自己的健身广场和花园，园林式社区。占地约300000平，建面约1800000平米，依托高新技术产业园，佳兆业城市广场物业形态丰富。旁边就是天安云谷、华为总部。,项目是挨着坂雪岗大道和坂澜大道，沿着坂雪岗大道可以去梅林关（去关内方向）、也可以转布龙路转南坪快速和水官高速，也可以从转贝尔路再转梅关高速，上坂澜大道可以去观澜也可以去平湖。交通很方便。地铁十号线，岗头站和雪象站，双地铁口。,,,暂无数据,2024-11-09,商品房,商业办公类,暂无数据,非共有,无抵押,挂牌时间:2024-11-09 | 交易权属:商品房 | 上次交易:暂无数据 | 房屋用途:商业办公类 | 房屋年限:暂无数据 | 产权所属:非共有 | 抵押信息:无抵押 | 房本备件:未上传房本照片,客厅 / 14.45平米 / 无 / 未知窗户类型 ; 卧室A / 9.71平米 / 无 / 未知窗户类型 ; 卧室B / 4.32平米 / 无 / 未知窗户类型 ; 卧室C / 6.2平米 / 无 / 未知窗户类型 ; 厨房 / 7.61平米 / 无 / 无窗 ; 卫 / 4.43平米 / 无 / 未知窗户类型,
客厅主卧通透大两房，安静，保养不错,"信义嘉御山 , 坂田",2室2厅,73.51平米,西北,精装,低楼层(共33层),2013年,板塔结合,436 万,59312 元,1,,,近地铁 | VR看装修,https://sz.lianjia.com/ershoufang/105118879720.html,地铁 | VR看装修,客厅主卧通透，安静，主卧较大，使用率高，装修保养好,信义嘉御豪园分三期开发，占地近100000平米，建面400000平，共3008户。2013-2015年底交房，小区内有泳池，配套有公里龙岗机关幼儿园，户型多样，66平-77平，方正通透的两房；83-88平，朝南或南北的三房户型；85平 复式 四房三卫；117-217平 改善大户型,信义嘉御山是坂田新的大社区的，小区一共有8期，目前1-5期已经交房入住，坂田双地铁口的大盘，一期楼下有天虹商场，有星巴克，KFC，面点王，健身会所，SAP等配套成熟，还开了佳华商场MAX.CITY有海底捞，探鱼等餐饮名店 各大银行围绕小区、旁边有大企华为,双地铁10号线、5号线物业，到深圳北站两个地铁站，信义嘉御山小区采用人车分流，绿化面积大，24小时封闭物业管理，居住环境舒适。,,,暂无数据,2024-11-12,商品房,普通住宅,暂无数据,非共有,有抵押 80万元 金融公司垫资,挂牌时间:2024-11-12 | 交易权属:商品房 | 上次交易:暂无数据 | 房屋用途:普通住宅 | 房屋年限:暂无数据 | 产权所属:非共有 | 抵押信息:有抵押 80万元 金融公司垫资 | 房本备件:未上传房本照片,客厅 / 25.66平米 / 西北 东南 / 落地窗 ; 卧室A / 8.91平米 / 无 / 未知窗户类型 ; 卧室B / 18.5平米 / 无 / 未知窗户类型 ; 厨房 / 5.14平米 / 西北 / 普通窗 ; 卫 / 4.57平米 / 东南 / 落地窗 ; 阳台 / 4.03平米 / 西南 西北 东北 / 普通窗 ; 储 / 0.74平米 / 无 / 无窗 ; 过道 / 2.15平米 / 无 / 无窗,
泓瀚苑4房，配套全，双地铁，满五唯一，税费低,"泓瀚苑 , 坂田",4室2厅,120.88平米,东南,精装,中楼层(共8层),2000年,塔楼,358 万,29617 元,6,,,近地铁 | VR房源 | 房本满五年,https://sz.lianjia.com/ershoufang/105115609989.html,地铁 | VR房源 | 房本满五年,此房满五唯一，中楼层，采光通风好，南北通端户，离地铁口五百米,,有坂田商 业广场，过红绿灯是百佳华、巨幕电影院、品牌餐饮（爱婉婷、海底捞、星巴克等），过马路是坂田天虹等，配套齐全，生活便利,小区自驾出行出小区沿着吉华路往东可以达到布吉、罗湖、龙岗等区域，往西600米到达龙华区，往南上梅观高速-皇岗北路到达福田区，经梅观高速-南坪快速-北环大道直抵南山，距5号线五和站约300多米路程，两站到达深圳北站高铁站，可以换乘4号线，,,,2007-05-28,2023-12-14,商品房,普通住宅,满五年,非共有,有抵押 333万元 建行,挂牌时间:2023-12-14 | 交易权属:商品房 | 上次交易:2007-05-28 | 房屋用途:普通住宅 | 房屋年限:满五年 | 产权所属:非共有 | 抵押信息:有抵押 333万元 建行 | 房本备件:已上传房本照片,客厅 / 34.8平米 / 东南 / 普通窗 ; 卧室A / 8.33平米 / 西北 / 落地窗 ; 卧室B / 10.78平米 / 西北 / 普通窗 ; 卧室C / 16.37平米 / 无 / 未知窗户类型 ; 卧室D / 10.69平米 / 东南 / 普通窗 ; 厨房 / 7.31平米 / 西北 / 落地窗 ; 卫A / 3.11平米 / 西北 / 普通窗 ; 卫生间B / 3.07平米 / 西南 / 普通窗 ; 阳台A / 4.03平米 / 西南 东南 / 普通窗 ; 阳台B / 4.89平米 / 西南 西北 东北 / 落地窗,
满五唯一朝南两卫视野开阔带大粗放三阳台,"佳兆业中央广场三期 , 坂田",3室2厅,89平米,南,精装,45层,2016年,塔楼,449 万,50450 元,5,,,近地铁 | VR看装修 | 随时看房,https://sz.lianjia.com/ershoufang/105116109590.html,地铁 | VR看装修 | 随时看房,满五唯一朝南两卫视野开阔带大粗放三阳台,小区规模：总共分为6期开发的大楼盘。3个幼儿园：自带综合MALL，加270米万豪酒店（六期项目在建），二期的地理位置很好，小区大门离地铁口近,,地铁十号线雪象站A出口，沿着坂雪岗大道可以去梅林关（去关内方向）、也可以转布龙路转南坪快速和水官高速，也可以从转贝尔路再转梅关高速，上坂澜大道可以去观澜也可以去平湖。交通很方便。高速交通：梅观高速、清平高速、坂雪岗大道、南坪快速,,,暂无数据,2024-02-23,商品房,普通住宅,暂无数据,非共有,有抵押 300万元 招商 金融公司垫资,挂牌时间:2024-02-23 | 交易权属:商品房 | 上次交易:暂无数据 | 房屋用途:普通住宅 | 房屋年限:暂无数据 | 产权所属:非共有 | 抵押信息:有抵押 300万元 招商 金融公司垫资 | 房本备件:未上传房本照片,客厅 / 28.92平米 / 南 / 落地窗 ; 卧室A / 6.32平米 / 东 / 普通窗 ; 卧室B / 10.46平米 / 无 / 未知窗户类型 ; 卧室C / 9.03平米 / 南 / 普通窗 ; 厨房 / 8.74平米 / 东 / 普通窗 ; 卫A / 4.54平米 / 无 / 普通窗 ; 卫B / 3.6平米 / 东 / 普通窗 ; 阳台A / 2.49平米 / 东 / 普通窗 ; 阳台B / 3.01平米 / 东 / 普通窗 ; 阳台C / 4.89平米 / 西 南 / 普通窗 ; 过道 / 3.08平米 / 无 / 无窗,
双地铁口户型方正采光好，房间布置德体,"金洲嘉丽园 , 坂田",2室1厅,65.72平米,东北,,7层,2004年,板楼,272 万,41388 元,5,,,近地铁 | VR看装修,https://sz.lianjia.com/ershoufang/105119687326.html,地铁 | VR看装修,此房三楼适合老人小孩居住房子保养的很好,金洲嘉丽园楼盘位于深圳龙岗区坂田北路与华台路交汇处，占地面积2. 九万 余平方米，建筑面积4. 八万平方米，12栋低密度多层住宅组成。,商场国惠康大新百货，扬马综合市场，国惠康商场，医院坂田，中国银行建设银行；农业银，泳池会，所阅览室棋牌室羽毛球场洗衣店网球场篮球场,小区边是坂雪岗大道上；门口就是多路通往关内的公交，出行是方便。地铁坂田站5号线10号线,,,暂无数据,2025-02-15,商品房,普通住宅,暂无数据,非共有,有抵押 140万元 招商银行 客户偿还,挂牌时间:2025-02-15 | 交易权属:商品房 | 上次交易:暂无数据 | 房屋用途:普通住宅 | 房屋年限:暂无数据 | 产权所属:非共有 | 抵押信息:有抵押 140万元 招商银行 客户偿还 | 房本备件:未上传房本照片,客厅 / 23.25平米 / 北 / 普通窗 ; 卧室A / 10.09平米 / 北 / 落地飘窗 ; 卧室B / 9.38平米 / 西 / 落地飘窗 ; 厨房 / 4.23平米 / 东 / 普通窗 ; 卫 / 3.29平米 / 西 / 普通窗 ; 阳台 / 4.86平米 / 西 北 东 / 普通窗,
此房满五年税费少，业主很诚心出售，可约看房,"佳兆业中央广场三期 , 坂田",3室2厅,88.44平米,南,精装,46层,2015年,塔楼,470 万,53144 元,3,,,近地铁 | VR看装修,https://sz.lianjia.com/ershoufang/105119854496.html,地铁 | VR看装修,该房源户型方正实用、面积大，朝向好、居住舒适。楼龄新环境好，,,社区有自己的健身广场和花园，园林式社区。小区自带佳兆业商场，物业形态丰富，集住宅、酒店、公寓、写字楼于一体，小区旁边是天安云谷以及华为总部，49栋写字楼。,小区是挨着坂雪岗大道和坂澜大道，沿着坂雪岗大道可以去梅林关（去关内方向）、也可以转布龙路转南坪快速和水官高速，也可以从转贝尔路再转梅关高速，上坂澜大道。地铁是10号线雪象站和岗头站、直达福田口岸。,,,暂无数据,2025-02-27,商品房,普通住宅,暂无数据,非共有,有抵押 70万元,挂牌时间:2025-02-27 | 交易权属:商品房 | 上次交易:暂无数据 | 房屋用途:普通住宅 | 房屋年限:暂无数据 | 产权所属:非共有 | 抵押信息:有抵押 70万元 | 房本备件:未上传房本照片,客厅 / 20.69平米 / 无 / 未知窗户类型 ; 卧室A / 8.87平米 / 南 / 普通窗 ; 卧室B / 10.63平米 / 无 / 未知窗户类型 ; 卧室C / 7.95平米 / 西 / 落地窗 ; 厨房 / 7.47平米 / 西 / 普通窗 ; 卫A / 3.59平米 / 西 / 普通窗 ; 卫B / 2.96平米 / 无 / 普通窗 ; 阳台A / 5.75平米 / 东 南 / 普通窗 ; 阳台B / 3.22平米 / 西 / 普通窗 ; 过道 / 4.79平米 / 无 / 无窗,
小区环境优美，近地铁，三房诚售，配套齐全,"中海月朗苑 , 坂田",3室2厅,90.49平米,北,简装,中楼层(共11层),2006年,板楼,498 万,55034 元,4,,,近地铁 | VR看装修,https://sz.lianjia.com/ershoufang/105117775011.html,地铁 | VR看装修,已满五年不唯一，小区自带花园泳池,中海月朗苑项目位于深圳市龙岗区布吉坂田南，中海物业，距梅林关口约4公里（来自百度地图），上南坪快速很便捷，用地基本为矩形，住宅楼型为多层，小高层，高层相结合，拥有近20000平方米的花园，小区完全人车分流，展现一种宽适、自然、休闲、的生活氛围,本小区位于万科第五园旁边，尽享万科配套，小区北门有200平左右的生活市场，可以解决日常所需，100米左右可以到坂田手造文化街（来源百度地图）,"小区出门就有公交站台,M300，393，M123，M572，621，M155等，东边是坂雪岗大道接南坪快速、坂银隧道直通福田笋岗路与北环大道，西边五和大道接梅观高速，地铁十号线光雅园站，交通便利。（来自百度）",,,暂无数据,2024-07-30,商品房,普通住宅,暂无数据,非共有,有抵押 400万元,挂牌时间:2024-07-30 | 交易权属:商品房 | 上次交易:暂无数据 | 房屋用途:普通住宅 | 房屋年限:暂无数据 | 产权所属:非共有 | 抵押信息:有抵押 400万元 | 房本备件:未上传房本照片,客厅 / 34.85平米 / 无 / 未知窗户类型 ; 卧室A / 8.39平米 / 东 南 / 落地窗 ; 卧室B / 14.7平米 / 南 / 普通窗 ; 卧室C / 7.65平米 / 无 / 未知窗户类型 ; 厨房 / 3.99平米 / 北 / 普通窗 ; 卫A / 4.24平米 / 无 / 未知窗户类型 ; 卫B / 3.11平米 / 无 / 未知窗户类型 ; 阳台A / 4.01平米 / 东 南 / 普通窗 ; 阳台B / 3.73平米 / 北 / 普通窗 ; 过道 / 3.56平米 / 无 / 无窗,
落地窗视野风景好 朝南户型方正 现代装修安静舒适,"大族云峰二期 , 坂田",4室2厅,101.67平米,东南,精装,29层,2021年,板塔结合,660 万,64916 元,6,,,近地铁 | VR看装修 | 房本满五年,https://sz.lianjia.com/ershoufang/105120236550.html,地铁 | VR看装修 | 房本满五年,此房满五唯一，楼层好，视野采光好，装修好，业主诚心出售,小区2017年批地，于2022交楼，次新小区，分一二期开发，此小区为二期，低密度，共4栋，每栋分两个单元，楼间距宽，无任何遮挡，停车位充足车位宽,楼下就是商场湾畔Mall，去万科里，天虹商场，8号仓，星河CocoPark也很方便，坂田医院，银湖山郊野公园,距离小区650多米有坂田，五和和光雅园地铁站，楼下有公交站台，近坂银通道以及南坪清平梅关快速，去往福田、罗湖、南山等各区都方便！,,,2020-01-10,2025-03-30,商品房,普通住宅,满五年,共有,有抵押 332万元 交通银行 金融公司垫资,挂牌时间:2025-03-30 | 交易权属:商品房 | 上次交易:2020-01-10 | 房屋用途:普通住宅 | 房屋年限:满五年 | 产权所属:共有 | 抵押信息:有抵押 332万元 交通银行 金融公司垫资 | 房本备件:已上传房本照片,客厅 / 30.35平米 / 东南 / 落地窗 ; 书房 / 6.12平米 / 西北 / 落地窗 ; 卧室01 / 9.51平米 / 无 / 未知窗户类型 ; 卧室02 / 13.77平米 / 无 / 未知窗户类型 ; 卧室03 / 5.43平米 / 西北 / 普通窗 ; 厨房 / 3.91平米 / 西南 / 普通窗 ; 卫01 / 2.02平米 / 西北 / 普通窗 ; 卫02 / 4.05平米 / 无 / 无窗 ; 阳台 / 5.36平米 / 南 / 落地窗 ; 过道 / 2.41平米 / 无 / 无窗,
地铁口精装朝南3房  安静舒适 采光通风好,"星光之约 , 坂田",3室2厅,96.48平米,南,,高楼层(共6层),2001年,板楼,390 万,40423 元,0,,,近地铁 | VR看装修,https://sz.lianjia.com/ershoufang/105119515608.html,地铁 | VR看装修,此房满5年，地铁口朝南精装3房  中间楼层  户型方正,"：
小区位于坂田于龙华民治交界处，10号线雅宝站地鉄口，近梅林关。小区1998年批，2004年入住，小区有6栋住宅楼，1-3栋为楼梯，4-6栋为电梯，全部是小高层建筑，主要是两房--四房户型，小区四周不临路，菲常安静，内部有篮球场、游泳池、休闲广场...",小区门口有一些商铺，有钱大妈，卖蔬菜，卖早餐的及一些零售店。小区距离星河WORLD cocopark商场（8萬㎡）步行约600米；距离8号仓奥特莱斯商场步行约1.7公里；距离南坑农贸市场步行约1公里；小区距离雅宝山体公园步行约1.2公里；距离五和社康忠心约1.6公里,10号线地铁口400米左右，深圳北高铁站地铁3个站，4号，6号地铁1800米左右.,个人所得税，契税各一个点，满五年非唯一   有少量欠款，业主可以自己赎楼,,暂无数据,2025-01-18,商品房,普通住宅,暂无数据,非共有,有抵押 20万元 农业银行,挂牌时间:2025-01-18 | 交易权属:商品房 | 上次交易:暂无数据 | 房屋用途:普通住宅 | 房屋年限:暂无数据 | 产权所属:非共有 | 抵押信息:有抵押 20万元 农业银行 | 房本备件:未上传房本照片,客厅 / 33.65平米 / 无 / 未知窗户类型 ; 卧室A / 9.89平米 / 西 / 普通窗 ; 卧室B / 12.14平米 / 南 / 普通窗 ; 卧室C / 10.67平米 / 无 / 未知窗户类型 ; 厨房 / 5.73平米 / 南 / 普通窗 ; 卫 / 4.45平米 / 南 / 普通窗 ; 阳台A / 3.89平米 / 东 南 / 普通窗 ; 阳台B / 2.1平米 / 南 / 普通窗,
地铁10号线交通方便，刚需三房,"天景山庄东区 , 坂田",3室2厅,80.93平米,东南,,中楼层(共8层),2011年,板塔结合,297 万,36699 元,7,,,近地铁 | VR房源,https://sz.lianjia.com/ershoufang/105118454754.html,地铁 | VR房源,中间楼层，使用率高，位置安静，满年，红.本,天景山庄小区位于坂田南片区，毗临梅林关，小区于1996年批地，1998年建成、分东西两区、共有60多栋楼，是一个纯居社区。,小区门口就有生活便利的社区便利店，肉菜市场，往前走400米距离到星河COCO PARK大型购物商场，1.5公里左右还有阳光湾畔，8号仓，3公里左右可以到坂田医院,小区位于五和大道与环城路交汇处，地铁十号线南坑站50米，交通便利！,,,暂无数据,2024-09-30,商品房,普通住宅,暂无数据,非共有,有抵押 185万元,挂牌时间:2024-09-30 | 交易权属:商品房 | 上次交易:暂无数据 | 房屋用途:普通住宅 | 房屋年限:暂无数据 | 产权所属:非共有 | 抵押信息:有抵押 185万元 | 房本备件:未上传房本照片,客厅 / 26.65平米 / 无 / 未知窗户类型 ; 卧室A / 6.01平米 / 南 / 普通窗 ; 卧室B / 11.47平米 / 无 / 未知窗户类型 ; 卧室C / 7.45平米 / 无 / 未知窗户类型 ; 厨房 / 6.84平米 / 西 / 普通窗 ; 卫 / 4.29平米 / 无 / 无窗 ; 阳台 / 3.8平米 / 西 南 / 落地窗 ; 过道 / 3.58平米 / 无 / 无窗,
嘉霖华禧 2室2厅 南,"嘉霖华禧 , 坂田",2室2厅,63平米,南,,高楼层(共7层),2017年,塔楼,199 万,31588 元,0,,,近地铁 | VR房源,https://sz.lianjia.com/ershoufang/105121141631.html,地铁 | VR房源,,,,,,,暂无数据,2025-06-19,商品房,商务公寓,暂无数据,非共有,有抵押 120万元 客户偿还,挂牌时间:2025-06-19 | 交易权属:商品房 | 上次交易:暂无数据 | 房屋用途:商务公寓 | 房屋年限:暂无数据 | 产权所属:非共有 | 抵押信息:有抵押 120万元 客户偿还 | 房本备件:未上传房本照片,,
新上122平大4房  中高楼层景观好,"佳兆业中央广场三期 , 坂田",4室2厅,122.32平米,东南 西北,精装,46层,2016年,塔楼,728 万,59517 元,0,,,近地铁 | VR房源,https://sz.lianjia.com/ershoufang/105122037449.html,地铁 | VR房源,满五，中高楼层阳台看花园位置安静 ，自住装修保养好,小区规划大型雪象体育公园，三十万商 业综合MALL，270米层高五星国际酒店，百度测量1公 里范围内雪象医院、肖传国医院，地铁10号线雪象、岗头双地铁口，坂银隧道去福田南山交通便捷。,,地铁十号线雪象站A出口200米，沿着坂雪岗大道可以去梅林关（去关内方向）、也可以转布龙路转南坪快速和水官高速，也可以从转贝尔路再转梅关高速，上坂澜大道可以去观澜也可以去平湖。交通很方便。高速交通：梅观高速、清平高速、坂雪岗大道、南坪快速。,,,暂无数据,2025-09-06,商品房,普通住宅,暂无数据,非共有,无抵押,挂牌时间:2025-09-06 | 交易权属:商品房 | 上次交易:暂无数据 | 房屋用途:普通住宅 | 房屋年限:暂无数据 | 产权所属:非共有 | 抵押信息:无抵押 | 房本备件:未上传房本照片,客厅 / 43.59平米 / 西北 / 落地窗 ; 卧室A / 10.24平米 / 西北 / 普通窗 ; 卧室B / 11.28平米 / 无 / 未知窗户类型 ; 卧室C / 16.13平米 / 无 / 未知窗户类型 ; 卧室D / 8.47平米 / 无 / 普通窗 ; 厨房 / 7.49平米 / 东北 / 普通窗 ; 卫A / 4.52平米 / 西北 / 普通窗 ; 卫B / 3.51平米 / 无 / 未知窗户类型 ; 阳台A / 5.53平米 / 西南 西北 / 普通窗 ; 阳台B / 2.79平米 / 东北 / 普通窗 ; 过道 / 6.95平米 / 无 / 无窗,
金洲嘉丽园 2室1厅 南 北,"金洲嘉丽园 , 坂田",2室1厅,72.05平米,南 北,精装,7层,2004年,板楼,280 万,38862 元,0,,25天以前发布,近地铁 | VR房源 | 房本满五年,https://sz.lianjia.com/ershoufang/105122116530.html,地铁 | VR房源 | 房本满五年,,,,,,,2009-05-18,2025-09-13,商品房,普通住宅,满五年,共有,有抵押 210万元 建行,挂牌时间:2025-09-13 | 交易权属:商品房 | 上次交易:2009-05-18 | 房屋用途:普通住宅 | 房屋年限:满五年 | 产权所属:共有 | 抵押信息:有抵押 210万元 建行 | 房本备件:已上传房本照片,客厅 / 27.12平米 / 北 南 / 普通窗 ; 卧室A / 10.4平米 / 北 / 落地飘窗 ; 卧室B / 8.55平米 / 南 / 落地飘窗 ; 厨房 / 4.66平米 / 无 / 普通窗 ; 卫 / 3.22平米 / 南 / 普通窗 ; 阳台A / 2.55平米 / 北 / 普通窗 ; 阳台B / 5.11平米 / 东 南 / 普通窗,
佳兆业中央广场三期实用三房诚意出售,"佳兆业中央广场三期 , 坂田",3室1厅,88.53平米,南,精装,46层,2015年,塔楼,495 万,55914 元,0,,,近地铁 | VR看装修,https://sz.lianjia.com/ershoufang/105121901020.html,地铁 | VR看装修,位置好，装修保养不错，近学校地铁。,,小区规划大型雪竹径公园，综合MALL，小区自带大综合体（待开发）270米层高五星国际酒店（待开发），百度测量1公 里范围内深圳市人民医院坂田分院、肖传国医院，地铁10号线雪象、岗头双地铁口，坂银隧道去福田南山交通便捷。,地铁十号线雪象站A出口，直达平湖与福田口岸，沿着坂雪岗大道可以去梅林关（去关内方向）、也可以转布龙路转南坪快速和水官高速，也可以从转贝尔路再转梅关高速，上坂澜大道可以去观澜也可以去平湖。交通很方便。高速交通：梅观快速、清平高速、坂雪岗大道..,,,暂无数据,2025-08-24,商品房,普通住宅,暂无数据,非共有,无抵押,挂牌时间:2025-08-24 | 交易权属:商品房 | 上次交易:暂无数据 | 房屋用途:普通住宅 | 房屋年限:暂无数据 | 产权所属:非共有 | 抵押信息:无抵押 | 房本备件:未上传房本照片,客厅 / 26.86平米 / 西南 / 落地窗 ; 卧室A / 8.23平米 / 东南 / 落地窗 ; 卧室B / 10.42平米 / 无 / 未知窗户类型 ; 卧室C / 8.76平米 / 西南 / 普通窗 ; 厨房 / 6.72平米 / 东南 / 落地窗 ; 卫生间A / 2.87平米 / 无 / 落地窗 ; 卫生间B / 3.55平米 / 东南 / 普通窗 ; 阳台A / 3.61平米 / 东南 / 落地窗 ; 阳台B / 5.82平米 / 西南 西北 / 普通窗,
信义嘉御山中高层，2+1房，满五唯一，精装自住,"信义嘉御山 , 坂田",3室2厅,77.99平米,北,精装,中楼层(共17层),2015年,板塔结合,500 万,64111 元,11,,,VR看装修 | 房本满五年,https://sz.lianjia.com/ershoufang/105113043442.html,VR看装修 | 房本满五年,此房中高楼层，方正实用，满五唯一，税费少；,信义嘉御豪园分三期开发，共3008户。2013-2015年底交房，小区内有泳池，配套有公里龙岗机关幼儿园，户型多样，66平-77平，方正通透的两房；83-88平，朝南或南北的三房户型；85平 复式 四房三卫；117-217平 改善大户型。,,双地铁10号线、5号线物业，到深圳北站两个地铁站，信义嘉御山小区采用人车分流，绿化面积大，24小时封闭物业管理，居住环境舒适,,,2018-05-18,2023-03-17,商品房,普通住宅,满五年,非共有,有抵押 160万元 中国银行,挂牌时间:2023-03-17 | 交易权属:商品房 | 上次交易:2018-05-18 | 房屋用途:普通住宅 | 房屋年限:满五年 | 产权所属:非共有 | 抵押信息:有抵押 160万元 中国银行 | 房本备件:已上传房本照片,客厅 / 24.78平米 / 无 / 未知窗户类型 ; 卧室A / 13.35平米 / 北 / 普通窗 ; 卧室B / 11.31平米 / 无 / 未知窗户类型 ; 卧室C / 4.72平米 / 南 / 普通窗 ; 厨房 / 6.1平米 / 北 / 普通窗 ; 卫生间 / 4.16平米 / 东 / 落地窗 ; 阳台 / 7.17平米 / 西 北 东 / 普通窗 ; 过道 / 1.23平米 / 无 / 无窗,
次新小区嘉御豪园不多 见中高楼层绝 好三房两卫 精装,"信义嘉御山 , 坂田",3室1厅,88.35平米,东北,精装,中楼层(共27层),2015年,板塔结合,630 万,71308 元,2,,,近地铁 | VR看装修,https://sz.lianjia.com/ershoufang/105116537771.html,地铁 | VR看装修,次新小区 坂田天虹楼层不多见 中高楼层 靓房 精装三房两卫,信义嘉御豪园分三期开发，共3008户。2013-2015年底交房，小区内有泳池，配套有公里龙岗机关幼儿园，户型多样，66平-77平，方正通透的两房；83-88平，朝南或南北的三房户型；85平 复式 四房三卫；117-217平 改善大户型。,"信义嘉御山是坂田新的大社区的，小区一共有8期，目前1-5期已经交房入住，6-8期还没有开盘的，坂田北地铁口的大盘，一期楼下有天虹商场，有星巴克，面点王，健身会所，SAP等，17年地还开了佳华商场MAX.CITY.,有海底捞，探鱼等餐饮名店。",小区在坂田的中间位置，下楼天虹十字路口各个方向都有公交站台，几十路公交车通达全城；小区最近的地铁有2条，5号线和10号线，距离最近的10号线坂田北地铁站约400米距离、距离五和地铁站约800米（数据来源百度地图）。出地库就是五和大道，开车出行方便。,,,暂无数据,2024-03-31,商品房,普通住宅,暂无数据,非共有,有抵押 70万元 公积金 业主自还,挂牌时间:2024-03-31 | 交易权属:商品房 | 上次交易:暂无数据 | 房屋用途:普通住宅 | 房屋年限:暂无数据 | 产权所属:非共有 | 抵押信息:有抵押 70万元 公积金 业主自还 | 房本备件:未上传房本照片,客厅 / 26.08平米 / 无 / 未知窗户类型 ; 卧室A / 9.07平米 / 东北 / 普通窗 ; 卧室B / 10.81平米 / 无 / 未知窗户类型 ; 卧室C / 19.9平米 / 无 / 未知窗户类型 ; 厨房 / 6.03平米 / 无 / 未知窗户类型 ; 卫生间A / 3.62平米 / 无 / 未知窗户类型 ; 卫生间B / 3.47平米 / 无 / 未知窗户类型 ; 阳台 / 6.29平米 / 西北 东北 东南 / 普通窗 ; 过道 / 5.01平米 / 无 / 无窗,
朝南五房，看花园，满五唯一税费少，业主诚意出售,"佳兆业中央广场一期 , 坂田",5室2厅,148.57平米,西北,精装,低楼层(共46层),2013年,板楼,800 万,53847 元,2,,,近地铁 | VR看装修,https://sz.lianjia.com/ershoufang/105111997809.html,地铁 | VR看装修,朝南五房，看花园，满五唯一税费少，业主诚意出售,佳兆业城市广场总共分六期开发，包括以三房为主体的住宅，还有复式的公寓，其中一期共有7栋，小区有露天游泳池，还有一所幼儿园,10号线地铁高速交通：梅观高速、清平高速、坂雪岗大道.综合MALL，加270米万豪酒店（六期项目），人车分流，适宜居家,10号线地铁口物业，项目是靠着坂雪岗大道和坂澜大道，沿着坂雪岗大道可以去梅林关（去关内方向）、也可以转布龙路转南坪快速和水官高速，也可以从转贝尔路再转梅关高速，上坂澜大道可以去观澜也可以去平湖。高速交通：梅观高速、清平高速,,,暂无数据,2022-11-10,商品房,普通住宅,暂无数据,非共有,无抵押,挂牌时间:2022-11-10 | 交易权属:商品房 | 上次交易:暂无数据 | 房屋用途:普通住宅 | 房屋年限:暂无数据 | 产权所属:非共有 | 抵押信息:无抵押 | 房本备件:未上传房本照片,客厅 / 28.88平米 / 无 / 未知窗户类型 ; 卧室A / 14.24平米 / 无 / 未知窗户类型 ; 卧室B / 13.49平米 / 无 / 未知窗户类型 ; 卧室C / 14.37平米 / 无 / 未知窗户类型 ; 卧室D / 10.83平米 / 无 / 未知窗户类型 ; 卧室E / 9.85平米 / 西 / 普通窗 ; 厨房 / 9.13平米 / 东 / 落地窗 ; 卫A / 5.43平米 / 东 / 普通窗 ; 卫B / 3.48平米 / 北 / 普通窗 ; 阳台 / 7.73平米 / 西 北 南 / 普通窗 ; 入户花园 / 10.06平米 / 西 / 落地窗 ; 过道 / 9.7平米 / 无 / 无窗 ; 衣帽间 / 3.21平米 / 无 / 无窗,
满五年顶楼，出行无忧，南向宜居，楼下即地铁,"家和花园北区 , 坂田",3室1厅,73.87平米,北,,高楼层(共6层),2004年,板楼,330 万,44674 元,1,,,近地铁 | VR看装修,https://sz.lianjia.com/ershoufang/105114997881.html,地铁 | VR看装修,房子满五年，楼下地铁口，南向，房间大小适中出行便利,家和花园分南北区，南区1-6栋，北区7-8栋，均为6层楼梯房，实用率高达95%，小区门口就是10号线地铁站南坑站，出行方便,,房子门口就是10号线南坑站，门口的五和大道直通福田和北站，门口有公交车站，车次选择多。,,,暂无数据,2023-10-08,商品房,普通住宅,暂无数据,非共有,有抵押,挂牌时间:2023-10-08 | 交易权属:商品房 | 上次交易:暂无数据 | 房屋用途:普通住宅 | 房屋年限:暂无数据 | 产权所属:非共有 | 抵押信息:有抵押 | 房本备件:未上传房本照片,客厅 / 24.1平米 / 北 / 普通窗 ; 卧室A / 8.66平米 / 无 / 未知窗户类型 ; 卧室B / 9.38平米 / 无 / 未知窗户类型 ; 卧室C / 5.54平米 / 东 / 普通窗 ; 厨房 / 4.26平米 / 南 / 普通窗 ; 卫生间 / 4.01平米 / 南 / 普通窗 ; 阳台 / 4.47平米 / 北 东 / 普通窗 ; 过道 / 3.5平米 / 无 / 无窗,
嘉御山，南北通透五房，看花园，满五唯一，诚意出售,"佳兆业中央广场一期 , 坂田",5室2厅,151.91平米,南 北,精装,中楼层(共49层),2013年,塔楼,900 万,59246 元,0,,,近地铁 | VR房源,https://sz.lianjia.com/ershoufang/105115079239.html,地铁 | VR房源,满五年唯一，南北通透，看花园，正出阳台，位置安静，诚心出售,全新社区，人车分流，24小时保安轮流值班，小区内有自己的健身广场和花园，园林式社区，自带2000平米大泳池，，依托高新技术产业园，佳兆业城市广场物业形态丰富，集住宅、酒店于一体，旁边就是天安云谷、华为总部。,新社区，人车分流，24小时保安轮流值班，社区有自己的健身广场和花园，园林式社区。占地约300000平，建面约1800000平米，依托高新技术产业园，佳兆业城市广场物业形态丰富，集住宅、酒店于一体。小区左边是天安云谷、华为总部,地铁十号线雪象站A出口，沿着坂雪岗大道可以去梅林关（去关内方向）、也可以转布龙路转南坪快速和水官高速，也可以从转贝尔路再转梅关高速，上坂澜大道可以去观澜也可以去平湖。交通很方便。高速交通：梅观高速、清平高速、坂雪岗大道、南坪快速。,,,暂无数据,2023-10-17,商品房,普通住宅,暂无数据,非共有,有抵押 600万元 浙商银行 金融公司垫资,挂牌时间:2023-10-17 | 交易权属:商品房 | 上次交易:暂无数据 | 房屋用途:普通住宅 | 房屋年限:暂无数据 | 产权所属:非共有 | 抵押信息:有抵押 600万元 浙商银行 金融公司垫资 | 房本备件:未上传房本照片,客厅 / 28.84平米 / 东南 / 普通窗 ; 卧室A / 11.99平米 / 无 / 未知窗户类型 ; 卧室B / 11.18平米 / 无 / 未知窗户类型 ; 卧室C / 14.13平米 / 无 / 未知窗户类型 ; 卧室D / 12.87平米 / 无 / 未知窗户类型 ; 卧室E / 14.28平米 / 无 / 未知窗户类型 ; 厨房 / 8.52平米 / 西北 / 落地窗 ; 卫生间A / 6.84平米 / 东北 / 普通窗 ; 卫生间B / 5.34平米 / 无 / 未知窗户类型 ; 阳台A / 7.62平米 / 西南 东北 东南 / 普通窗 ; 过道 / 9.3平米 / 无 / 无窗 ; 门厅 / 10.79平米 / 东南 / 落地窗,
佳兆业城市广场三期大三房业主诚心出售，,"佳兆业中央广场三期 , 坂田",4室2厅,123平米,东北,精装,45层,2016年,塔楼,758 万,61627 元,0,,,近地铁 | VR看装修,https://sz.lianjia.com/ershoufang/105120431584.html,地铁 | VR看装修,门口一个房间是不在房产证的面积，满五税费少,,,楼下就是10号线地铁口雪象站、岗头站。佳兆业位于坂雪岗与布澜大道交汇处，旁边有梅观高速，清平高速，南坪快速，坂银隧道等城市主干道,,,暂无数据,2025-04-16,商品房,普通住宅,暂无数据,非共有,无抵押,挂牌时间:2025-04-16 | 交易权属:商品房 | 上次交易:暂无数据 | 房屋用途:普通住宅 | 房屋年限:暂无数据 | 产权所属:非共有 | 抵押信息:无抵押 | 房本备件:未上传房本照片,客厅 / 44.44平米 / 东北 / 落地窗 ; 卧室A / 10.11平米 / 东北 / 普通窗 ; 卧室B / 11.01平米 / 无 / 未知窗户类型 ; 卧室C / 16.15平米 / 无 / 未知窗户类型 ; 卧室D / 8.44平米 / 无 / 普通窗 ; 厨房 / 7.74平米 / 西北 / 普通窗 ; 卫A / 4.37平米 / 东北 / 普通窗 ; 卫B / 3.61平米 / 西南 / 普通窗 ; 阳台A / 5.53平米 / 东北 东南 / 普通窗 ; 阳台B / 2.71平米 / 西北 / 普通窗 ; 过道 / 6.87平米 / 无 / 无窗,
房子满五年 高楼层 采光很好 南向 楼间距宽看花园,"佳兆业中央广场一期 , 坂田",3室2厅,88.92平米,南,简装,高楼层(共48层),2013年,塔楼,438 万,49258 元,0,,,近地铁 | VR看装修 | 随时看房,https://sz.lianjia.com/ershoufang/105121730282.html,地铁 | VR看装修 | 随时看房,房子满五年 高楼层 采光超好 朝南 楼间距宽看花园诚心出售,次新社区，人车分流，24小时保安轮流值班，社区有自己的健身广场和花园，园林式社区。占地约3O万平，建面约I8O万平米，依托高新技术产业园，佳兆业城市广场物业形态丰富，旁边就是天安云谷、华为总部。,,小区是挨着坂雪岗大道和坂澜大道，沿着坂雪岗大道可以去梅林关（去关内方向）、也可以转布龙路转南坪快速和水官高速，也可以从转贝尔路再转梅关高速，上坂澜大道可以去观澜也可以去平湖。交通很方便。高速交通：梅观高速、清平高速、坂雪岗大道、南坪快速.,,,暂无数据,2025-08-09,商品房,普通住宅,暂无数据,非共有,有抵押 90万元 银行,挂牌时间:2025-08-09 | 交易权属:商品房 | 上次交易:暂无数据 | 房屋用途:普通住宅 | 房屋年限:暂无数据 | 产权所属:非共有 | 抵押信息:有抵押 90万元 银行 | 房本备件:未上传房本照片,客厅 / 21.89平米 / 南 / 落地窗 ; 卧室A / 7.48平米 / 南 / 普通窗 ; 卧室B / 12.17平米 / 无 / 未知窗户类型 ; 卧室C / 9.31平米 / 西 / 落地窗 ; 厨房 / 4.93平米 / 西 / 普通窗 ; 卫A / 2.67平米 / 西 / 普通窗 ; 卫B / 4.02平米 / 无 / 普通窗 ; 阳台A / 6.27平米 / 西 东 南 / 普通窗 ; 阳台B / 3.3平米 / 西 / 普通窗 ; 过道 / 2.87平米 / 无 / 无窗,
次新小区精装修，满五唯一税费少，诚心出售,"华晖瑞禧 , 坂田",4室2厅,103.9平米,东南,精装,中楼层(共32层),2020年,塔楼,596 万,57363 元,0,,,近地铁 | VR看装修,https://sz.lianjia.com/ershoufang/105121778639.html,地铁 | VR看装修,业主重新装修，储物超级足，东南的视野超级棒,2020年次新小区，小区位于银湖山1公里处，距鸡公山隧道1.5公里，方便到达罗湖，福田，南山。自带幼儿园，充足停车位，楼下买生活所需也方便,,两横四纵”成熟交通路网体系（两横：布龙路、南坪快速；四纵：五和大道、坂雪岗大道、梅观高速、清平高速）；邻近地铁5号线坂田站； 地处鸡公山通道首排，约一刻钟直达福田区，建立起快速通达全城的半小时生活圈。,,,暂无数据,2025-08-13,商品房,普通住宅,暂无数据,非共有,有抵押 380万元 工商银行,挂牌时间:2025-08-13 | 交易权属:商品房 | 上次交易:暂无数据 | 房屋用途:普通住宅 | 房屋年限:暂无数据 | 产权所属:非共有 | 抵押信息:有抵押 380万元 工商银行 | 房本备件:未上传房本照片,客厅 / 24.21平米 / 东南 / 普通窗 ; 卧室A / 7.15平米 / 西北 / 落地窗 ; 卧室B / 6.74平米 / 无 / 未知窗户类型 ; 卧室C / 8.15平米 / 无 / 未知窗户类型 ; 卧室D / 14.09平米 / 东南 / 落地窗 ; 厨房 / 4.47平米 / 东南 / 普通窗 ; 卫A / 4.17平米 / 西北 / 普通窗 ; 卫B / 5.07平米 / 无 / 未知窗户类型 ; 阳台 / 4.19平米 / 东南 / 普通窗 ; 门厅 / 3.07平米 / 无 / 无窗,
业主诚意出售，东向朝花园，安静舒适，满五唯一,"信义嘉御山5期 , 坂田",4室2厅,88.75平米,东北,精装,高楼层(共39层),2016年,塔楼,620 万,69860 元,0,,,VR看装修 | 房本满五年 | 随时看房,https://sz.lianjia.com/ershoufang/105121716384.html,VR看装修 | 房本满五年 | 随时看房,此房满五唯一，税费少; 高楼层，东北看花园，视野无遮挡，采光好,,小区下面自带底层店铺，开发商自持，目前已全部进驻，包括中西式餐饮、教育培训、婴幼儿用品，便利店及坂田天虹旗舰店，生活方便，小区内有幼儿园，家门口尽享优质生活，小区南侧是MIX City7层楼综合商心街区，有百佳华chao市，海底捞，麦当劳，星巴克等..,开车出行:小区出来贝尔路可快速上G94梅关高速，坂雪岗大道上坂银通道直通福田南山。地铁出行:10号线坂田北站，10号线5号线中转站五和站。公交出行:里石排站，坂田市场站，坂田路口站，坂田路口北站等,,,2016-02-19,2025-08-08,商品房,普通住宅,满五年,非共有,有抵押 50万元 业主自还,挂牌时间:2025-08-08 | 交易权属:商品房 | 上次交易:2016-02-19 | 房屋用途:普通住宅 | 房屋年限:满五年 | 产权所属:非共有 | 抵押信息:有抵押 50万元 业主自还 | 房本备件:已上传房本照片,客厅 / 27.35平米 / 无 / 未知窗户类型 ; 卧室A / 9.29平米 / 东北 / 普通窗 ; 卧室B / 13.96平米 / 无 / 未知窗户类型 ; 卧室C / 6.17平米 / 西南 西北 / 普通窗 ; 卧室D / 7.44平米 / 西北 / 普通窗 ; 厨房 / 4.05平米 / 西北 / 普通窗 ; 卫A / 4.1平米 / 无 / 未知窗户类型 ; 卫B / 3.64平米 / 无 / 普通窗 ; 阳台A / 6.15平米 / 西北 东北 东南 / 普通窗 ; 阳台B / 1.78平米 / 西北 / 普通窗 ; 过道 / 2.9平米 / 无 / 无窗,
春华四季园一期 3室2厅 南,"春华四季园一期 , 坂田",3室2厅,110.86平米,南,精装,中楼层(共11层),2006年,板楼,598 万,53942 元,0,,,近地铁 | VR看装修 | 随时看房,https://sz.lianjia.com/ershoufang/105120827498.html,地铁 | VR看装修 | 随时看房,,,,,,,暂无数据,2025-05-23,商品房,普通住宅,暂无数据,非共有,有抵押 金融公司垫资,挂牌时间:2025-05-23 | 交易权属:商品房 | 上次交易:暂无数据 | 房屋用途:普通住宅 | 房屋年限:暂无数据 | 产权所属:非共有 | 抵押信息:有抵押 金融公司垫资 | 房本备件:未上传房本照片,客厅 / 40.84平米 / 北 / 落地窗 ; 卧室A / 16.23平米 / 北 / 普通窗 ; 卧室B / 8.77平米 / 无 / 未知窗户类型 ; 卧室C / 14.03平米 / 无 / 未知窗户类型 ; 厨房 / 4.14平米 / 无 / 无窗 ; 卫A / 3.49平米 / 北 / 普通窗 ; 卫B / 4.7平米 / 无 / 未知窗户类型 ; 阳台A / 5.35平米 / 北 / 普通窗 ; 阳台B / 5.88平米 / 北 / 普通窗 ; 过道 / 5.31平米 / 无 / 无窗,
二楼带平台大五房满五年免个税业主诚心出售,"龙岸花园二期 , 坂田",5室2厅,162.57平米,南,,低楼层(共30层),2010年,,950 万,58437 元,1,,,近地铁 | VR看装修,https://sz.lianjia.com/ershoufang/105121344631.html,地铁 | VR看装修,二楼带平台大五房满五年免个税业主诚心出售,龙岸占地约100000㎡，总建筑面积约270000㎡，约180㎡的半山叠墅，约220㎡的半山联排双拼；不仅可以观赏到内部园林景观，还可以远望民治水库和塘朗山、银湖山等外部自然景观；二期园林因地制宜，规划成退台式的布局,,龙岸花园位于雅园路和华南路交汇处，地铁10号线光雅园站200米，地理位置安静，小区被半山包围，两条高速，梅观高速和南平快速，民康路直达。小区门口是公交站台，多条公交线路去深圳北站。,,,暂无数据,2025-07-05,商品房,普通住宅,暂无数据,非共有,无抵押,挂牌时间:2025-07-05 | 交易权属:商品房 | 上次交易:暂无数据 | 房屋用途:普通住宅 | 房屋年限:暂无数据 | 产权所属:非共有 | 抵押信息:无抵押 | 房本备件:未上传房本照片,,
旭景佳园电梯89平3房，带精装修，满五年唯一红本,"珠江旭景佳园 , 坂田",3室2厅,89.46平米,东南,精装,低楼层(共24层),2008年,塔楼,428 万,47843 元,3,,,近地铁 | VR看装修,https://sz.lianjia.com/ershoufang/105120084509.html,地铁 | VR看装修,满五年唯一无个税无增值税，精装修拎包入住，生活配套齐全。,小区分3期开发，近1500户，地铁口物业，紧靠银湖山和坂银隧道，地理位置优越，进出关内外方便。小区房价处于区域谷值，同区域二手房对比有很大的优势。所以有很多关内的客户在此小区置业。生活配套成熟，是刚需值得购买的小区。,二期内有旭景幼稚园。小区东南侧3千㎡底商，南侧有大族云峰商场已开业；距小区300米有两万㎡万科里。2km内有阳光湾畔、8号仓、坂田天虹、万科广场等商场。1km有坂田医院。,"四通八达,小区邻布龙路坂雪岗大道两大动脉,南面1km上坂银南坪,通达福田南山方便；东面两个灯位上清平水官,通达罗湖盐田惠州；西侧2km上G94,1h到宝安东莞广州；北达天安和华为。600米到5号线坂田地铁口,1站换10号线到福田口岸。小区东门100m到公交站。",,,暂无数据,2025-03-17,商品房,普通住宅,暂无数据,非共有,有抵押 150万元 广发银行,挂牌时间:2025-03-17 | 交易权属:商品房 | 上次交易:暂无数据 | 房屋用途:普通住宅 | 房屋年限:暂无数据 | 产权所属:非共有 | 抵押信息:有抵押 150万元 广发银行 | 房本备件:未上传房本照片,客厅 / 30.15平米 / 西北 东南 / 落地窗 ; 卧室A / 10.72平米 / 东南 / 落地飘窗 ; 卧室B / 8.35平米 / 无 / 未知窗户类型 ; 厨房 / 8.07平米 / 西 / 落地窗 ; 卫 / 3.28平米 / 西北 / 普通窗 ; 阳台 / 5.03平米 / 西南 东北 东南 / 落地窗 ; 储物间 / 6.59平米 / 无 / 未知窗户类型,
此房子是3加1户型 有一个储物间不算面积,"佳兆业中央广场三期 , 坂田",4室2厅,83.69平米,南,精装,45层,2016年,塔楼,430 万,51381 元,5,,,近地铁 | VR房源,https://sz.lianjia.com/ershoufang/105121054486.html,地铁 | VR房源,此房子满五年不唯一  高楼层 朝南看花园,次新社区，人车分流，小区内有健身广场和花园，园林式社区，自带大泳池，健身场所、会所，配套齐全，居家舒适。,社区依托高新技术产业园，物业形态丰富，集住宅、酒店、大型综合体配套于一体，小区旁边就是天安云谷、华为总部，前后双地铁口,10号线双地铁物业，项目是挨着坂雪岗大道和坂澜大道，沿着坂雪岗大道可以去梅林关，也可以转布龙路转南坪快速和水官高速，也可以从转贝尔路再转梅关高速，上坂澜大道可以去观澜也可以去平湖；多条公交路线直达罗湖、福田，交通很便利。,,,暂无数据,2025-06-11,商品房,普通住宅,暂无数据,非共有,无抵押,挂牌时间:2025-06-11 | 交易权属:商品房 | 上次交易:暂无数据 | 房屋用途:普通住宅 | 房屋年限:暂无数据 | 产权所属:非共有 | 抵押信息:无抵押 | 房本备件:未上传房本照片,客厅 / 25.44平米 / 西南 / 落地窗 ; 卧室A / 6.95平米 / 西北 / 落地窗 ; 卧室B / 9.19平米 / 无 / 未知窗户类型 ; 卧室C / 8.48平米 / 西南 / 普通窗 ; 厨房 / 7.91平米 / 西北 / 普通窗 ; 卫 / 2.79平米 / 无 / 普通窗 ; 阳台A / 2.43平米 / 西北 / 普通窗 ; 阳台B / 5.07平米 / 西南 东南 / 普通窗 ; 储物间 / 4.6平米 / 无 / 未知窗户类型 ; 过道 / 5.69平米 / 无 / 无窗,
一楼大带花园。大阳台。南北朝向，位置安静。税少,"万科四季花城二期 , 坂田",3室1厅,96.15平米,北,简装,6层,2000年,板楼,546 万,56787 元,4,,,VR房源,https://sz.lianjia.com/ershoufang/105120344836.html,VR房源,带大花园。大阳台，位置安静，税少，诚心卖,小区由万科地产集团开发，一共有36个独立苑，共分七期开发，花园式小区，绿化植被很多，带露天3个游泳池和健身会所及相应运动器械供住户健身，社区运动氛围棒；万科物业24小时严格管控，夜间有保安巡逻，外人基本无法随意出入，人车分流，充分保...,（小区内有博雅幼儿园、海丽达幼儿园等，商场类有华润万家，五和伍购物广场、海达和成购物广场、坂田民营市场等。医疗类有深圳坂田医院、龙华人民医院、布吉医院花城社康医院（小区内）；银行为招商银行、中国银行、民生银行自助机及平安银行等，各式卖菜..,此房距离地铁5号线和10号线A口和200米，交通发达，小区旁边有布龙路、梅观高速、机荷高速、南坪快速等，乘坐公交或驾车出行到福田、罗湖、南山等地较方便（距离信息来源于百度地图）,满五年。业主深圳唯一一套住房，没有个税，满两年，没有增值税。客户只需交契税,,暂无数据,2025-04-09,商品房,普通住宅,暂无数据,非共有,有抵押 370万元 平安银行,挂牌时间:2025-04-09 | 交易权属:商品房 | 上次交易:暂无数据 | 房屋用途:普通住宅 | 房屋年限:暂无数据 | 产权所属:非共有 | 抵押信息:有抵押 370万元 平安银行 | 房本备件:未上传房本照片,客厅 / 33.34平米 / 北 南 / 落地窗 ; 卧室A / 6.85平米 / 南 / 普通窗 ; 卧室B / 8.22平米 / 南 / 落地窗 ; 卧室C / 15.62平米 / 无 / 未知窗户类型 ; 厨房 / 4.98平米 / 南 / 普通窗 ; 卫A / 3.1平米 / 东 / 普通窗 ; 卫B / 4.14平米 / 南 / 普通窗 ; 阳台A / 8.21平米 / 南 / 普通窗 ; 阳台B / 4.11平米 / 南 / 落地窗 ; 阳台C / 19.38平米 / 西 北 / 落地窗 ; 过道 / 2.34平米 / 无 / 无窗,
电梯高层2房，位置安静，户型方正，客厅出阳台！,"珠江旭景佳园 , 坂田",2室2厅,78.8平米,北,精装,高楼层(共23层),2008年,塔楼,335 万,42513 元,0,,,近地铁 | VR看装修,https://sz.lianjia.com/ershoufang/105120147899.html,地铁 | VR看装修,电梯高层视野好，位置也安静，户型方正，生活配套齐全！,小区分3期开发，近1500户，地铁口物业，紧靠银湖山和坂银隧道，地理位置优越，进出关内外方便。小区房价处于区域谷值，同区域二手房对比有很大的优势。所以有很多关内的客户在此小区置业。生活配套成熟，是刚需值得购买的小区。,二期内有旭景幼稚园。小区东南侧3千㎡底商，南侧有大族云峰商场已开业；距小区300米有两万㎡万科里。2km内有阳光湾畔、8号仓、坂田天虹、万科广场等商场。1km有坂田医院。,"四通八达,小区邻布龙路坂雪岗大道两大动脉,南面1km上坂银南坪,通达福田南山方便；东面两个灯位上清平水官,通达罗湖盐田惠州；西侧2km上G94,1h到宝安东莞广州；北达天安和华为。250米到5号线坂田地铁口,1站换10号线到福田口岸。小区东门150m到公交站。",,,暂无数据,2025-03-22,商品房,普通住宅,暂无数据,非共有,无抵押,挂牌时间:2025-03-22 | 交易权属:商品房 | 上次交易:暂无数据 | 房屋用途:普通住宅 | 房屋年限:暂无数据 | 产权所属:非共有 | 抵押信息:无抵押 | 房本备件:未上传房本照片,客厅 / 24.05平米 / 北 南 / 普通窗 ; 卧室A / 13.16平米 / 北 南 / 落地飘窗 ; 卧室B / 7.65平米 / 北 / 落地飘窗 ; 厨房 / 4.09平米 / 西 / 普通窗 ; 卫 / 3.23平米 / 南 / 普通窗 ; 阳台A / 2.39平米 / 西 南 / 普通窗 ; 阳台B / 4.84平米 / 西 北 / 普通窗,
此房2021年交楼新小区，配套好，,"华晖瑞禧 , 坂田",3室2厅,85.2平米,东南,精装,高楼层(共41层),2020年,塔楼,510 万,59860 元,1,,,近地铁 | VR看装修,https://sz.lianjia.com/ershoufang/105120550236.html,地铁 | VR看装修,此房2021年交楼新小区，配套好，,2021年次新小区，小区位于银湖山1公里处，距鸡公山隧道1.5公里，方便到达罗湖，福田，南山。自带幼儿园，充足停车位，楼下买生活所需也方便。,享受 15 年一站式，首先项目自带一所 9 班约 3000 ㎡幼儿园，同时在项目西北约 500 米处有一所 9 年一贯制的公立——坂田实验（30 班小、15 班中）。另外，项目南面为规划教育用地，3 公里范围内还有一所全国唯一的科学高中。,两横四纵”成熟交通路网体系（两横：布龙路、南坪快速；四纵：五和大道、坂雪岗大道、梅观高速、清平高速）；邻近地铁5号线坂田站； 地处鸡公山通道首排，约一刻钟直达福田区，建立起快速通达全城的半小时生活圈。,,,暂无数据,2025-04-27,商品房,普通住宅,暂无数据,非共有,有抵押,挂牌时间:2025-04-27 | 交易权属:商品房 | 上次交易:暂无数据 | 房屋用途:普通住宅 | 房屋年限:暂无数据 | 产权所属:非共有 | 抵押信息:有抵押 | 房本备件:未上传房本照片,客厅 / 25.31平米 / 南 / 普通窗 ; 卧室A / 11.26平米 / 无 / 未知窗户类型 ; 卧室B / 8.65平米 / 北 / 落地窗 ; 卧室C / 7.31平米 / 无 / 未知窗户类型 ; 厨房 / 4.92平米 / 北 / 普通窗 ; 卫 / 3.52平米 / 无 / 未知窗户类型 ; 阳台 / 3.85平米 / 南 / 普通窗,
星河精装修南向大户型，景观好，视野开阔，诚意出售,"星河银湖谷 , 坂田",6室2厅,146.22平米,南,,中楼层(共47层),2016年,板塔结合,1250 万,85488 元,0,,,VR房源,https://sz.lianjia.com/ershoufang/105121001460.html,VR房源,星河精装修南向大户型，景观好，视野开阔，诚意出售,星河WORLD银湖谷住宅面积为200000㎡，拥有5500㎡园林和泳池，人车分流的规划设计，港式入户大堂，览山阅湖景视野。约700000㎡商务楼群，集300米高层双子塔地和生态写字楼于一体，是金融产业、高新科技、创新产业的总部型经济聚集地,梅林关口，深圳北站商圈，片区交通不断完善，27年星河匠心集大成之作，自持运营大量物业，星河斥巨资打造1600000平航母级综合体，万亿园区产业助力持续 约750000平米联盟。,10号线雅宝站，已经开通。南平快速延长线，新彩隧道，坂银隧道，梅关高速，五大交通便捷到到达深圳各区。 坂银遂道已经通车去往罗湖福田近,,,暂无数据,2025-06-07,商品房,普通住宅,暂无数据,非共有,无抵押,挂牌时间:2025-06-07 | 交易权属:商品房 | 上次交易:暂无数据 | 房屋用途:普通住宅 | 房屋年限:暂无数据 | 产权所属:非共有 | 抵押信息:无抵押 | 房本备件:未上传房本照片,客厅 / 25.31平米 / 无 / 无窗 ; 卧室A / 11.27平米 / 北 / 落地窗 ; 卧室B / 13.48平米 / 无 / 未知窗户类型 ; 卧室C / 15.8平米 / 北 东 / 落地窗 ; 卧室D / 18.67平米 / 东 / 普通窗 ; 卧室E / 8.84平米 / 无 / 未知窗户类型 ; 卧室F / 17.87平米 / 无 / 未知窗户类型 ; 厨房 / 7.63平米 / 南 / 普通窗 ; 卫生间A / 5.66平米 / 无 / 未知窗户类型 ; 卫生间B / 7.92平米 / 无 / 未知窗户类型 ; 阳台A / 4.64平米 / 北 东 南 / 普通窗 ; 阳台B / 2.69平米 / 南 / 普通窗,
嘉御山五期 次新3房  中高楼层房子 满五不唯一,"信义嘉御山5期 , 坂田",3室2厅,71.19平米,东,简装,高楼层(共39层),2016年,塔楼,560 万,78663 元,0,,,VR看装修,https://sz.lianjia.com/ershoufang/105121434653.html,VR看装修,坂田信义 72平3房，位置安静 高楼层，西南朝向,本小区人车分流，大社区大绿化。本房在泳池边上，小区中间位置，中间楼层视野景观很好，在家里就可以看到小区的花园和泳池，东南向采光好又安静，价格比其他楼栋贵一些，适合对房屋居住品质要求高的群体。,小区下面自带底层店铺，开发商自持，目前已全部进驻，包括中西式餐饮、教育培训、婴幼儿用品，便利店及坂田天虹旗舰店，生活方便，小区内有幼儿园，家门口尽享优质生活，小区南侧是MIX City7层楼综合商心街区，有百佳华chao市，海底捞，麦当劳，星巴克等品牌.,,,,暂无数据,2025-07-13,商品房,普通住宅,暂无数据,非共有,有抵押 220万元 兴业 银行 客户偿还,挂牌时间:2025-07-13 | 交易权属:商品房 | 上次交易:暂无数据 | 房屋用途:普通住宅 | 房屋年限:暂无数据 | 产权所属:非共有 | 抵押信息:有抵押 220万元 兴业 银行 客户偿还 | 房本备件:未上传房本照片,客厅 / 25.09平米 / 无 / 未知窗户类型 ; 卧室A / 7.21平米 / 西北 / 普通窗 ; 卧室B / 12.23平米 / 无 / 未知窗户类型 ; 卧室C / 8.27平米 / 东北 / 普通窗 ; 厨房 / 5.13平米 / 西北 / 普通窗 ; 卫 / 3.76平米 / 西南 / 普通窗 ; 阳台 / 4.06平米 / 西北 东北 东南 / 普通窗 ; 过道 / 2.63平米 / 无 / 无窗,
此房南北通，户型方正，光线好，双地铁,"金洲嘉丽园 , 坂田",2室1厅,68.63平米,南 北,,7层,2004年,板楼,285 万,41528 元,0,,,近地铁 | VR房源 | 随时看房,https://sz.lianjia.com/ershoufang/105120934964.html,地铁 | VR房源 | 随时看房,此房满五唯一，适合老人和小孩居住,金洲嘉丽园楼盘位于深圳龙岗区坂田北路与华台路交汇处，占地面积2. 九万 余平方米，建筑面积4. 八万平方米，12栋低密度多层住宅组成。,金洲嘉丽园楼盘位于深圳龙岗区坂田北路与华台路交汇处，占地面积2. 九万 余平方米，建筑面积4. 八万平方米，12栋低密度多层住宅组成。,小区边是坂雪岗大道上；门口就是多路通往关内的公交，出行是方便。地铁坂田站5号线10号线,,,暂无数据,2025-06-02,商品房,普通住宅,暂无数据,非共有,无抵押,挂牌时间:2025-06-02 | 交易权属:商品房 | 上次交易:暂无数据 | 房屋用途:普通住宅 | 房屋年限:暂无数据 | 产权所属:非共有 | 抵押信息:无抵押 | 房本备件:未上传房本照片,客厅 / 27.46平米 / 北 南 / 普通窗 ; 卧室A / 7.74平米 / 南 / 落地飘窗 ; 卧室B / 10.93平米 / 北 / 落地飘窗 ; 厨房 / 4.83平米 / 西 / 普通窗 ; 卫 / 3.09平米 / 南 / 普通窗 ; 阳台 / 4.63平米 / 西 南 / 普通窗,
佳兆业中央广场三期 4室2厅 南 北,"佳兆业中央广场三期 , 坂田",4室2厅,141平米,南 北,精装,46层,2015年,塔楼,820 万,58157 元,1,,,近地铁 | VR看装修,https://sz.lianjia.com/ershoufang/105121110788.html,地铁 | VR看装修,,,,,,,暂无数据,2025-06-16,商品房,普通住宅,暂无数据,共有,无抵押,挂牌时间:2025-06-16 | 交易权属:商品房 | 上次交易:暂无数据 | 房屋用途:普通住宅 | 房屋年限:暂无数据 | 产权所属:共有 | 抵押信息:无抵押 | 房本备件:未上传房本照片,客厅 / 47.66平米 / 北 / 落地窗 ; 卧室A / 11.71平米 / 北 / 普通窗 ; 卧室B / 13.5平米 / 无 / 未知窗户类型 ; 卧室C / 19.46平米 / 无 / 未知窗户类型 ; 卧室D / 9.71平米 / 无 / 未知窗户类型 ; 厨房 / 7.17平米 / 北 / 落地窗 ; 卫A / 5.23平米 / 无 / 未知窗户类型 ; 卫B / 3.49平米 / 无 / 未知窗户类型 ; 阳台A / 14.13平米 / 北 / 普通窗 ; 阳台B / 4.73平米 / 北 / 落地窗 ; 储物间 / 3.78平米 / 北 / 普通窗 ; 过道 / 8.24平米 / 无 / 无窗,
七十万装修好房，102平朝南看花园，户型方正安静不吵,"大族云峰二期 , 坂田",4室2厅,101.67平米,东南,精装,29层,2021年,板塔结合,685 万,67375 元,1,,,近地铁 | VR房源,https://sz.lianjia.com/ershoufang/105120692035.html,地铁 | VR房源,业主装修花费七十万，全屋空调，户型朝南，安静不吵！,小区近银湖山及正坑水库，周末散心好去处；生活方便、小区一期有湾畔mall商场、3公里内有万科广场综合体、奥特莱斯8号仓、星河Cocopark、坂田天虹、佳华购物广场等，还有个手造文化街可闲暇时间去闲逛,,距离小区650多米有坂田，五和和光雅园地铁站，楼下有公交站台，近坂银通道以及南坪清平梅关快速，去往福田、罗湖、南山等各区都方便！,,,暂无数据,2025-05-11,商品房,普通住宅,暂无数据,非共有,有抵押,挂牌时间:2025-05-11 | 交易权属:商品房 | 上次交易:暂无数据 | 房屋用途:普通住宅 | 房屋年限:暂无数据 | 产权所属:非共有 | 抵押信息:有抵押 | 房本备件:未上传房本照片,客厅 / 48.65平米 / 东北 东南 / 落地窗 ; 卧室A / 16.9平米 / 无 / 未知窗户类型 ; 卧室B / 11.17平米 / 西北 / 普通窗 ; 卫 / 3.06平米 / 无 / 无窗 ; 阳台 / 4.88平米 / 东 / 落地窗,
花园中间位置中间楼层 看双子塔，视野开阔。,"星河银湖谷 , 坂田",3室1厅,89.05平米,东南 南,精装,低楼层(共48层),2016年,板塔结合,625 万,70186 元,0,,,近地铁 | VR房源,https://sz.lianjia.com/ershoufang/105120793662.html,地铁 | VR房源,花园中间位置 看游泳池 安静 中间楼层 看双子塔，视野开阔。,星河银湖谷住宅小区共7栋，玻璃外观和干挂陶板立面，有园林和泳池，人车分流的规划设计，港式入户大堂，览山阅湖景视野。星河双子塔、星河生态综合体、星河雅宝山体公园和星河圣境庙堂于一体，湖光山水，共享舒适生活！,,,,,暂无数据,2025-05-20,商品房,普通住宅,暂无数据,非共有,无抵押,挂牌时间:2025-05-20 | 交易权属:商品房 | 上次交易:暂无数据 | 房屋用途:普通住宅 | 房屋年限:暂无数据 | 产权所属:非共有 | 抵押信息:无抵押 | 房本备件:未上传房本照片,客厅 / 26.67平米 / 东南 / 普通窗 ; 卧室A / 8.11平米 / 东南 / 落地窗 ; 卧室B / 14.1平米 / 无 / 未知窗户类型 ; 卧室C / 6.68平米 / 东北 / 落地窗 ; 厨房 / 4.53平米 / 东北 / 落地窗 ; 卫A / 3.84平米 / 无 / 落地窗 ; 卫B / 3.82平米 / 东北 / 落地窗 ; 阳台A / 4.82平米 / 东北 东南 / 普通窗 ; 阳台B / 2.89平米 / 东北 / 落地窗 ; 过道 / 3.12平米 / 无 / 无窗 ; 衣帽间 / 5.68平米 / 东北 / 落地窗,
银湖谷精装大四房 看山景 车位足 配套全,"星河银湖谷 , 坂田",4室2厅,146.22平米,东南,精装,中楼层(共47层),2016年,板塔结合,1100 万,75230 元,1,,,VR看装修 | 房本满五年,https://sz.lianjia.com/ershoufang/105119707836.html,VR看装修 | 房本满五年,房子满五年，户型格局好，远看银湖山，视野开阔，采光充足,小区是星河开发，环境好，位置也不错，配套设置很全，能满足生活教育交通一切需求，而且近,,,,,2015-12-01,2025-02-16,商品房,普通住宅,满五年,非共有,有抵押 800万元 招商银行 金融公司垫资,挂牌时间:2025-02-16 | 交易权属:商品房 | 上次交易:2015-12-01 | 房屋用途:普通住宅 | 房屋年限:满五年 | 产权所属:非共有 | 抵押信息:有抵押 800万元 招商银行 金融公司垫资 | 房本备件:已上传房本照片,客厅 / 34.58平米 / 东南 / 普通窗 ; 卧室A / 19.83平米 / 无 / 未知窗户类型 ; 卧室B / 13.15平米 / 东北 东南 / 落地窗 ; 卧室C / 12.68平米 / 无 / 未知窗户类型 ; 卧室D / 9.35平米 / 东北 / 落地窗 ; 厨房 / 9.84平米 / 西南 / 普通窗 ; 卫A / 6.51平米 / 无 / 未知窗户类型 ; 卫B / 3.56平米 / 无 / 未知窗户类型 ; 阳台 / 7.41平米 / 西南 东北 东南 / 普通窗 ; 过道 / 2.98平米 / 无 / 无窗 ; 门厅 / 4.34平米 / 无 / 无窗 ; 衣帽间 / 8.11平米 / 东南 / 落地窗,
大四房 南向 厅出阳台 满五唯一 看花园泳池，得房率高,"佳兆业中央广场一期 , 坂田",4室2厅,122.46平米,南,精装,中楼层(共49层),2013年,塔楼,790 万,64511 元,1,,,近地铁 | VR房源,https://sz.lianjia.com/ershoufang/105118459280.html,地铁 | VR房源,正规大四房 南向 厅出阳台 满五唯一 看花园看泳池，得房率高,佳兆业城市广场是华为天安云谷一公里范围内的唯一的次新盘，三期于2015年年底交房。 物业是佳兆业物业，每个小区都带有儿童游乐场。小区自带3000平健身会所和恒温游泳池。,新社区，人车分流，24小时保安轮流值班，社区有自己的健身广场和花园，园林式社区。小区自带佳兆业商场，物业形态丰富，集住宅、酒店、公寓、写字楼于一体，小区旁边是天安云谷以及华为总部，49栋写字楼。两公里内有三甲吉华医院在建。,项目位于坂雪岗大道和坂澜大道处，沿着坂雪岗大道可以去梅林关（去关内方向）、也可以转布龙路转南坪快速和水官高速，也可以从转贝尔路再转梅关高速，上坂澜大道可以去观澜也可以去平湖。高速交通：梅观高速、清平高速、坂雪岗大道、南坪快速，地铁10号线,,,暂无数据,2024-09-30,商品房,普通住宅,暂无数据,非共有,有抵押,挂牌时间:2024-09-30 | 交易权属:商品房 | 上次交易:暂无数据 | 房屋用途:普通住宅 | 房屋年限:暂无数据 | 产权所属:非共有 | 抵押信息:有抵押 | 房本备件:未上传房本照片,客厅 / 27.48平米 / 西 东 / 普通窗 ; 卧室A / 10.18平米 / 无 / 未知窗户类型 ; 卧室B / 19.31平米 / 无 / 未知窗户类型 ; 卧室C / 13.01平米 / 无 / 未知窗户类型 ; 卧室D / 10.38平米 / 无 / 未知窗户类型 ; 厨房 / 6.24平米 / 南 / 普通窗 ; 卫生间A / 4.78平米 / 无 / 未知窗户类型 ; 卫生间B / 5.03平米 / 无 / 未知窗户类型 ; 阳台A / 2.71平米 / 西 / 普通窗 ; 阳台B / 8.11平米 / 北 东 南 / 普通窗 ; 储物间 / 3.19平米 / 南 / 普通窗 ; 门厅 / 9.64平米 / 东 / 落地窗 ; 过道A / 1.8平米 / 无 / 无窗 ; 过道B / 4.78平米 / 无 / 无窗,
坂田楼上南向标准3房看花园正出阳台,"信义嘉御山 , 坂田",3室1厅,83.4平米,南,精装,中楼层(共17层),2015年,板塔结合,548 万,65708 元,0,,,VR看装修,https://sz.lianjia.com/ershoufang/105118962952.html,VR看装修,此房满五唯一，正出阳台，看花园，业主自住看房方便,信义嘉御豪园分三期开发，占地近100000平米，建面400000平，共3008户。2013-2015年底交房，小区内有泳池，配套有公立幼儿园，户型多样，66平-77平方正通透的两房；83-88平朝南或南北的三房户型；85平复式四房三卫；117-217平 改善大户型。,"信义嘉御山是坂田新的大社区的，小区一共有8期，目前1-5期已经交房入住，6-8期还没有开盘的，坂田北地铁口的大盘，一期楼下有天虹商场，有星巴克，面点王，健身会所，SAP等，佳华商场MAX.CITY.,有海底捞，探鱼等餐饮名店",,,,暂无数据,2024-11-19,商品房,普通住宅,暂无数据,非共有,有抵押 200万元 华润银行 客户偿还,挂牌时间:2024-11-19 | 交易权属:商品房 | 上次交易:暂无数据 | 房屋用途:普通住宅 | 房屋年限:暂无数据 | 产权所属:非共有 | 抵押信息:有抵押 200万元 华润银行 客户偿还 | 房本备件:未上传房本照片,客厅 / 25.95平米 / 南 / 普通窗 ; 卧室A / 9.51平米 / 无 / 未知窗户类型 ; 卧室B / 16.42平米 / 无 / 未知窗户类型 ; 卧室C / 6.39平米 / 西 北 / 普通窗 ; 厨房 / 3.19平米 / 无 / 未知窗户类型 ; 卫 / 3.78平米 / 北 / 普通窗 ; 阳台 / 4.69平米 / 西 南 / 普通窗 ; 过道 / 3.1平米 / 无 / 无窗,
华为旁，佳兆业城市广场三期，4房，满五年唯一。,"佳兆业中央广场三期 , 坂田",4室2厅,89.78平米,东南 西南,精装,46层,2016年,塔楼,460 万,51237 元,2,,,近地铁 | VR看装修 | 随时看房,https://sz.lianjia.com/ershoufang/105119667105.html,地铁 | VR看装修 | 随时看房,此房满五年唯一，89平4房，视野开阔采光好。,小区规模：总共分为6期开发的大楼盘。3个幼儿园：自带综合MALL，加270米万豪酒店（六期项目），二期的地理位置很好，小区东门门口200米就是地铁口雪象站。,新社区，人车分流，车位充足，24小时保安轮流值班，社区有自己的健身广场和花园，园林式社区。依托高新技术产业园，佳兆业城市广场物业形态丰富，集住宅、酒店于一体。隔壁就是天安云谷、华为总部,项目是在坂雪岗大道和坂澜大道，沿着坂雪岗大道可以去梅林关（去关内方向）、也可以转布龙路转南坪快速和水官高速，也可以从转贝尔路再转梅关高速，上坂澜大道可以去观澜也可以去平湖。交通很方便。高速交通：梅观高速、清平高速、坂雪岗大道、南坪快速。,,,暂无数据,2025-02-13,商品房,普通住宅,暂无数据,非共有,有抵押,挂牌时间:2025-02-13 | 交易权属:商品房 | 上次交易:暂无数据 | 房屋用途:普通住宅 | 房屋年限:暂无数据 | 产权所属:非共有 | 抵押信息:有抵押 | 房本备件:未上传房本照片,客厅 / 22.45平米 / 北 / 落地窗 ; 卧室01 / 7.41平米 / 北 / 普通窗 ; 卧室02 / 6.33平米 / 北 / 落地窗 ; 卧室03 / 10.05平米 / 北 / 落地窗 ; 卧室04 / 5.61平米 / 北 / 普通窗 ; 厨房 / 7.2平米 / 北 / 普通窗 ; 卫01 / 3.93平米 / 北 / 普通窗 ; 卫02 / 3.89平米 / 北 / 普通窗 ; 阳台01 / 7.23平米 / 北 / 普通窗 ; 阳台02 / 3.46平米 / 北 / 普通窗 ; 过道 / 4.35平米 / 无 / 无窗,
2020年次新房小区南北对流大四房通风采光好,"华晖瑞禧 , 坂田",4室2厅,142.91平米,南,,高楼层(共43层),2020年,塔楼,680 万,47583 元,2,,,近地铁 | VR看装修,https://sz.lianjia.com/ershoufang/105119232287.html,地铁 | VR看装修,此房业主诚心出售，带装修，保养好。,2020年次新小区，小区位于银湖山1公里处，距鸡公山隧道1.5公里，方便到达罗湖，福田，南山。自带幼儿园，充足停车位，楼下买生活所需也方便,享受 15 年一站式，首先项目自带一所 9 班约 3000 ㎡幼儿园，同时在项目西北约 500 米处有一所 9 年一贯制的公立——坂田实验（30 班小、15 班中）。另外，项目南面为规划教育用地，3 公里范围内还有一所全国唯一的科学高中。,两横四纵”成熟交通路网体系（两横：布龙路、南坪快速；四纵：五和大道、坂雪岗大道、梅观高速、清平高速）；邻近地铁5号线坂田站； 地处鸡公山通道首排，约一刻钟直达福田区，建立起快速通达全城的半小时生活圈。,,,暂无数据,2024-12-17,商品房,普通住宅,暂无数据,非共有,有抵押,挂牌时间:2024-12-17 | 交易权属:商品房 | 上次交易:暂无数据 | 房屋用途:普通住宅 | 房屋年限:暂无数据 | 产权所属:非共有 | 抵押信息:有抵押 | 房本备件:未上传房本照片,客厅 / 36.63平米 / 南 / 普通窗 ; 卧室A / 15.4平米 / 无 / 未知窗户类型 ; 卧室B / 10.73平米 / 无 / 未知窗户类型 ; 卧室C / 9.41平米 / 无 / 未知窗户类型 ; 卧室D / 10.79平米 / 无 / 未知窗户类型 ; 厨房 / 7.86平米 / 东 / 普通窗 ; 卫A / 4.57平米 / 东 / 普通窗 ; 卫B / 5.18平米 / 北 / 落地窗 ; 阳台 / 6.91平米 / 西 南 / 普通窗,
次房106平四房 全新毛坯，通风采光好,"大族云峰二期 , 坂田",4室2厅,104.09平米,南,,30层,2021年,板塔结合,600 万,57643 元,2,,,VR看装修 | 随时看房,https://sz.lianjia.com/ershoufang/105118451842.html,VR看装修 | 随时看房,此房一手业主，随时可以看房，楼间距宽,占地约2.6 ，总建面约17.3 ，共1栋4座8个单元。大族云峰2期共1048户，停车位共计1063个，其中地上290个（含充电桩车位185个），地下773个车位（含充电桩车位135个），车位比近1:1,大族云峰位于坂田南片区总建面约45分两期开发项目自带建面4.3的shoppingmall和公立车位比为1:1自身配套较为完善南向规划有图书馆博物馆福利院等市政配套,,,,暂无数据,2024-09-30,商品房,普通住宅,暂无数据,共有,有抵押,挂牌时间:2024-09-30 | 交易权属:商品房 | 上次交易:暂无数据 | 房屋用途:普通住宅 | 房屋年限:暂无数据 | 产权所属:共有 | 抵押信息:有抵押 | 房本备件:未上传房本照片,客厅 / 27.34平米 / 南 / 普通窗 ; 卧室A / 6.03平米 / 无 / 未知窗户类型 ; 卧室B / 7.52平米 / 北 / 落地窗 ; 卧室C / 13.72平米 / 无 / 未知窗户类型 ; 卧室D / 10平米 / 无 / 未知窗户类型 ; 厨房 / 4.91平米 / 西 / 普通窗 ; 卫A / 4.26平米 / 无 / 普通窗 ; 卫B / 4.4平米 / 南 / 普通窗 ; 阳台A / 2.39平米 / 西 / 普通窗 ; 阳台B / 4.88平米 / 西 南 / 普通窗 ; 过道 / 2.97平米 / 无 / 无窗,
业主自住保养好，朝南看花园，中间楼层，安静舒适。,"佳兆业中央广场一期 , 坂田",3室2厅,87.48平米,南,精装,中楼层(共48层),2013年,塔楼,415 万,47440 元,3,,,近地铁 | VR看装修,https://sz.lianjia.com/ershoufang/105120405761.html,地铁 | VR看装修,房子满五唯一，税费少业主自住保养好，朝南正看花园非常安静。,小区总共分为6期开发建设，壹万多户的大社区，总占地约三十万，项目总建面约壹佰捌拾万平左右，十五万平米综合MALL，加270米酒店（六期项目），新社区，人车分流，社区有自己的健身广场和花园，园林式社区。,新社区，人车分流，24小时保安轮流值班，社区有自己的健身广场和花园，园林式社区。依托高新技术产业园，佳兆业城市广场物业形态丰富，集住宅、酒店于一体。小区左边是天安云谷、华为总部基地，配套齐全。,10号线双地铁物业，项目是挨着坂雪岗大道和坂澜大道，沿着坂雪岗大道可以去梅林关，也可以转布龙路转南坪快速和水官高速，也可以从转贝尔路再转梅关高速，上坂澜大道可以去观澜也可以去平湖；多条公交路线直达罗湖、福田，交通很便利。,,,暂无数据,2025-04-14,商品房,普通住宅,暂无数据,非共有,有抵押,挂牌时间:2025-04-14 | 交易权属:商品房 | 上次交易:暂无数据 | 房屋用途:普通住宅 | 房屋年限:暂无数据 | 产权所属:非共有 | 抵押信息:有抵押 | 房本备件:未上传房本照片,客厅 / 21.25平米 / 南 / 落地窗 ; 卧室01 / 7.78平米 / 南 / 普通窗 ; 卧室02 / 10.61平米 / 南 / 落地窗 ; 卧室03 / 9.44平米 / 西 / 落地窗 ; 厨房 / 4.53平米 / 西 / 落地窗 ; 卫 / 3.93平米 / 无 / 落地窗 ; 阳台01 / 6.28平米 / 西 东 南 / 普通窗 ; 阳台02 / 2.35平米 / 西 / 落地窗 ; 过道 / 3平米 / 无 / 无窗,
坂田嘉御山 南北通格局大2房诚意出售,"信义嘉御山 , 坂田",2室2厅,75.12平米,西北,精装,低楼层(共33层),2015年,板塔结合,448 万,59638 元,0,,,近地铁 | VR房源,https://sz.lianjia.com/ershoufang/105121004982.html,地铁 | VR房源,本房产权满5唯一，红本在手自住保养好,"信义嘉御山小区采用人车分流，绿化面积大，24小时封闭物业管理，居住环境舒适。信义嘉御山是坂田新的大社区的，小区一共有7期，目前1-6期已经交房入住，本房所在的是大一期共有3008户的大社区,",一期楼下有天虹商场，有星巴克，KFC，面点王，健身会所，SAP等配套成熟，还开了佳华商场MAX.CITY有海底捞，探鱼等餐饮名店 各大银行围绕小区、旁边有大企业华为,3地铁物业10号线、5号线已经通车，25号线在建中。小区停车场出来拐个弯就上梅观高速G94去福田南山都很便利，小区门口也有多路公交达深圳各地，地铁+公交+自驾，都方便快捷。,,,暂无数据,2025-06-08,商品房,普通住宅,暂无数据,非共有,无抵押,挂牌时间:2025-06-08 | 交易权属:商品房 | 上次交易:暂无数据 | 房屋用途:普通住宅 | 房屋年限:暂无数据 | 产权所属:非共有 | 抵押信息:无抵押 | 房本备件:未上传房本照片,客厅 / 30.25平米 / 无 / 未知窗户类型 ; 卧室A / 9.14平米 / 西北 / 普通窗 ; 卧室B / 17.82平米 / 无 / 未知窗户类型 ; 厨房 / 5.08平米 / 西北 / 普通窗 ; 卫生间 / 3.03平米 / 东南 / 落地窗 ; 阳台 / 5.76平米 / 西南 西北 东北 / 普通窗,
原始风格，创意空间充足，可肆意挥洒，围合式花园小区,"大族云峰二期 , 坂田",4室2厅,106.56平米,南 北,毛坯,30层,2021年,板楼,660 万,61937 元,0,,,近地铁 | VR看装修 | 随时看房,https://sz.lianjia.com/ershoufang/105119612485.html,地铁 | VR看装修 | 随时看房,原始风格，创意空间充足，可肆意挥洒，围合式花园小区，,本小区2021年年底交楼，新小区，分一二期开发，此小区为二期，共四栋，每栋分两个单元，楼间距宽，无任何遮挡，楼间距宽，住家舒适，人车分流，园林布景美观,楼下就是商场湾畔MaⅡ，星河CocoPark也很方便，去万科里，8号仓，坂田医院，银湖山郊野公园,坂银隧道首站，去福田、罗湖、南山都很方便，地铁：双地铁，十号线雅园站，五号线坂田站和五和站，3站到深圳北,,,暂无数据,2025-02-08,商品房,普通住宅,暂无数据,非共有,无抵押,挂牌时间:2025-02-08 | 交易权属:商品房 | 上次交易:暂无数据 | 房屋用途:普通住宅 | 房屋年限:暂无数据 | 产权所属:非共有 | 抵押信息:无抵押 | 房本备件:未上传房本照片,客厅 / 27.01平米 / 北 南 / 普通窗 ; 卧室A / 7.98平米 / 无 / 未知窗户类型 ; 卧室B / 9.89平米 / 无 / 未知窗户类型 ; 卧室C / 15.37平米 / 无 / 未知窗户类型 ; 卧室D / 7.05平米 / 南 / 落地窗 ; 厨房 / 4.94平米 / 西 / 普通窗 ; 卫A / 4.22平米 / 南 / 普通窗 ; 卫B / 4.19平米 / 南 / 普通窗 ; 阳台A / 4.54平米 / 西 北 / 普通窗 ; 阳台B / 1.94平米 / 西 / 普通窗 ; 过道 / 2.88平米 / 无 / 无窗,
坂田地铁口南向三房，满五年红本，诚心出售,"珠江旭景佳园 , 坂田",3室2厅,105.18平米,南 北,,中楼层(共23层),2008年,塔楼,450 万,42784 元,0,,,近地铁 | VR房源 | 随时看房,https://sz.lianjia.com/ershoufang/105121022697.html,地铁 | VR房源 | 随时看房,坂田地铁口，全南向三房，满五年红本诚心出售,小区是08年的电梯房，有游泳池和幼儿园，总共10栋楼，分三期，房子所在二期，四栋九个单元。,,,,,暂无数据,2025-06-09,商品房,普通住宅,暂无数据,非共有,有抵押,挂牌时间:2025-06-09 | 交易权属:商品房 | 上次交易:暂无数据 | 房屋用途:普通住宅 | 房屋年限:暂无数据 | 产权所属:非共有 | 抵押信息:有抵押 | 房本备件:未上传房本照片,客厅 / 24.67平米 / 南 / 普通窗 ; 卧室A / 8.72平米 / 无 / 未知窗户类型 ; 卧室B / 9.74平米 / 无 / 未知窗户类型 ; 卧室C / 13.74平米 / 无 / 未知窗户类型 ; 厨房 / 5.35平米 / 无 / 落地窗 ; 卫A / 3.29平米 / 东 / 普通窗 ; 卫B / 3.06平米 / 北 / 落地窗 ; 阳台A / 5.42平米 / 东 南 / 普通窗 ; 阳台B / 2.62平米 / 北 / 落地窗 ; 过道 / 3.83平米 / 无 / 无窗,
自住物业 重新装修配置定制柜，艺术漆加家私电器,"联发天境雅居 , 坂田",3室2厅,88.78平米,东南,精装,高楼层(共31层),2024年,塔楼,525 万,59135 元,3,,,VR看装修 | 随时看房,https://sz.lianjia.com/ershoufang/105121150717.html,VR看装修 | 随时看房,此房满二唯一格局楼层好视野宽阔采光充足,联发天境雅居小区位于深圳市龙岗区坂田街道，地铁10号线华为站500米，该小区由拥有38年开发建设经验的国企联发集团打造，位于“坂雪岗科技城”片区，是全市中部发展轴的HX位置，汇聚了300+国家高新企业。,,,,,2022-05-28,2025-06-20,商品房,普通住宅,暂无数据,非共有,有抵押 300万元 中国银行 金融公司垫资,挂牌时间:2025-06-20 | 交易权属:商品房 | 上次交易:2022-05-28 | 房屋用途:普通住宅 | 房屋年限:暂无数据 | 产权所属:非共有 | 抵押信息:有抵押 300万元 中国银行 金融公司垫资 | 房本备件:已上传房本照片,客厅 / 22.67平米 / 东 / 落地窗 ; 卧室A / 8.75平米 / 无 / 未知窗户类型 ; 卧室B / 13.2平米 / 无 / 未知窗户类型 ; 卧室C / 7.19平米 / 无 / 未知窗户类型 ; 厨房 / 5.93平米 / 北 / 普通窗 ; 卫A / 3.64平米 / 北 / 普通窗 ; 卫B / 3.72平米 / 西 / 普通窗 ; 阳台 / 4.75平米 / 北 东 / 落地窗 ; 过道 / 2.82平米 / 无 / 无窗,
坂田次新小区四房，高楼层保养好，诚售,"大族云峰二期 , 坂田",4室2厅,101.67平米,南,,29层,2021年,板塔结合,660 万,64916 元,0,,,近地铁 | VR看装修,https://sz.lianjia.com/ershoufang/105119669552.html,地铁 | VR看装修,此房高楼层南向看小区，视野好，住居舒适；交通便利,小区由4栋住宅围合建成，楼间距宽，住家舒适，次新小区，现代园林布景美观，人车分离,,"此房位置不错，出行方便，地铁公交驾车都方便，门口就是公交站，离坂田地铁A出口800米距离（数据来源百度地图),小区东边是坂雪岗大道，这条大道连接坂银通道，开车去福田罗湖很方便，过了坂银隧道就到福田银湖，大大缩短了去往城区的时间。",,,暂无数据,2025-02-13,商品房,普通住宅,暂无数据,非共有,无抵押,挂牌时间:2025-02-13 | 交易权属:商品房 | 上次交易:暂无数据 | 房屋用途:普通住宅 | 房屋年限:暂无数据 | 产权所属:非共有 | 抵押信息:无抵押 | 房本备件:未上传房本照片,客厅 / 27.08平米 / 北 / 普通窗 ; 卧室01 / 9.4平米 / 无 / 未知窗户类型 ; 卧室02 / 11.28平米 / 无 / 未知窗户类型 ; 卧室03 / 5.77平米 / 北 / 落地窗 ; 卧室04 / 5.74平米 / 北 / 普通窗 ; 厨房 / 6.44平米 / 北 / 普通窗 ; 卫01 / 2.92平米 / 北 / 落地窗 ; 卫02 / 4.28平米 / 无 / 无窗 ; 阳台 / 5.57平米 / 北 / 普通窗 ; 过道 / 4.52平米 / 无 / 无窗,
深圳地理几何轴心 顶楼复式 单层面积80多平,"儒骏城立方 , 坂田",6室2厅,87.32平米,北,,高楼层(共27层),2017年,板塔结合,798 万,91388 元,1,,,近地铁 | VR房源,https://sz.lianjia.com/ershoufang/105120464304.html,地铁 | VR房源,房本面积87平米，顶楼复式，上下2层单层面积80多平。9.5成..,小区位于布龙路与坂雪岗大道交汇处，是2017年12月底入伙的。小区是由三栋住宅和一栋写字楼组成，共273户，地下三层停车位，500多个车位，实行人车分流，小区生活便利,百度地图显示小区步行500米可至扬马市场，方圆2公里内有平安公园、银湖山森林公园、坂田医院、坂田天虹，万科里，星河商城，8号仓等，配套完善，可以满足基本的生活需求,百度地图显示小区50米可到深圳市交通轨道5号线环中线坂田站B出口二千米车程清平南坪梅观等快速路直通福田南山罗湖布龙路和坂雪岗线路公交车可到深圳每个区域，3站到深圳北高铁站交通便利,,,暂无数据,2025-04-19,商品房,普通住宅,暂无数据,非共有,有抵押,挂牌时间:2025-04-19 | 交易权属:商品房 | 上次交易:暂无数据 | 房屋用途:普通住宅 | 房屋年限:暂无数据 | 产权所属:非共有 | 抵押信息:有抵押 | 房本备件:未上传房本照片,客厅01 / 50.13平米 / 北 / 落地窗 ; 客厅02 / 31.6平米 / 北 / 落地窗 ; 卧室01 / 11.07平米 / 无 / 未知窗户类型 ; 卧室02 / 11.51平米 / 北 / 落地窗 ; 卧室03 / 9.63平米 / 北 / 落地窗 ; 卧室04 / 16平米 / 北 / 落地窗 ; 卧室05 / 12.45平米 / 北 / 落地窗 ; 卧室06 / 10.95平米 / 北 / 普通窗 ; 厨房01 / 6.5平米 / 北 / 普通窗 ; 厨房02 / 4.82平米 / 北 / 普通窗 ; 卫01 / 4.18平米 / 北 / 普通窗 ; 卫02 / 5.17平米 / 北 / 落地窗 ; 阳台 / 3.14平米 / 北 / 落地窗 ; 门厅 / 3.22平米 / 无 / 无窗 ; 衣帽间 / 4.39平米 / 北 / 普通窗,
银湖谷大户型看山看水库的房源，诚心出售,"星河银湖谷 , 坂田",4室1厅,140.73平米,南,精装,中楼层(共47层),2016年,板塔结合,1180 万,83849 元,3,,,VR看装修 | 随时看房,https://sz.lianjia.com/ershoufang/105119456228.html,VR看装修 | 随时看房,此房满五年，红本在手，唯一，自住，诚心出售的,星河WORLD银湖谷住宅面积为200000㎡，拥有5500㎡园林和泳池，人车分流的规划设计，港式入户大堂，览山阅湖景视野。约700000㎡商务楼群，集300米高层双子塔地和生态写字楼于一体，是金融产业、高新科技、创新产业的总部型经济聚集地,梅林关口，深圳北站商圈，片区交通不断完善，27年星河匠心集大成之作，自持运营大量物业，星河斥巨资打造1600000平航母级综合体，万亿园区产业助力持续 约750000平米联盟。,10号线雅宝站，已经开通。南平快速延长线，新彩隧道，坂银隧道，梅关高速，五大交通便捷到到达深圳各区。 坂银遂道已经通车去往罗湖福田近,,,暂无数据,2025-01-10,商品房,普通住宅,暂无数据,非共有,有抵押 380万元 光大银行 金融公司垫资,挂牌时间:2025-01-10 | 交易权属:商品房 | 上次交易:暂无数据 | 房屋用途:普通住宅 | 房屋年限:暂无数据 | 产权所属:非共有 | 抵押信息:有抵押 380万元 光大银行 金融公司垫资 | 房本备件:未上传房本照片,客厅 / 32.33平米 / 南 / 普通窗 ; 书房 / 9.8平米 / 西 / 落地窗 ; 卧室A / 15.44平米 / 南 / 普通窗 ; 卧室B / 11.67平米 / 无 / 未知窗户类型 ; 卧室C / 8.05平米 / 东 / 普通窗 ; 卧室D / 8.26平米 / 东 / 普通窗 ; 厨房 / 9.44平米 / 西 / 普通窗 ; 卫A / 5.34平米 / 无 / 未知窗户类型 ; 卫B / 3.86平米 / 西 / 落地窗 ; 阳台 / 7.26平米 / 西 东 南 / 普通窗 ; 门厅 / 4.37平米 / 无 / 无窗,
进门带40平的入户花园，大理石的地板，换房诚心出售,"万科第五园五期 , 坂田",3室2厅,131.27平米,南 北,,中楼层(共19层),2010年,板塔结合,820 万,62467 元,1,,,VR看装修,https://sz.lianjia.com/ershoufang/105119000289.html,VR看装修,此房带40平的入户花园 通风采光好 看房方便 装修保养好,五期和六八期打通，园林，休闲配套，消费等都是共享，地势高，五期带游泳池，网球场，和儿童游乐场等，八期有很多草坪，可养宠物等，南面是银湖山效野公园，和南坑公园等。,小区自带华润万家便利，同花顺餐厅，钱大妈，水果先生，百果园。 1.5公里内有万科第五园九期万科里、坂田手造文化街、8号仓、阳光湾畔、海达和城等大型商场,"雪岗大道直通南坪快速。去罗湖,福田很便捷，小区出门有公交站台，自驾车出门右转，交通便利。",,,暂无数据,2024-11-23,商品房,普通住宅,暂无数据,非共有,无抵押,挂牌时间:2024-11-23 | 交易权属:商品房 | 上次交易:暂无数据 | 房屋用途:普通住宅 | 房屋年限:暂无数据 | 产权所属:非共有 | 抵押信息:无抵押 | 房本备件:未上传房本照片,客厅 / 44.59平米 / 西北 东北 / 落地窗 ; 卧室A / 13.75平米 / 西南 西北 / 落地窗 ; 卧室B / 8.9平米 / 西南 / 落地窗 ; 卧室C / 14.78平米 / 西南 / 落地窗 ; 厨房 / 5.49平米 / 东北 / 落地窗 ; 卫A / 4.31平米 / 西北 / 普通窗 ; 卫B / 5.02平米 / 东南 / 普通窗 ; 阳台 / 4.6平米 / 东北 / 落地窗 ; 过道 / 4.75平米 / 无 / 无窗 ; 门厅 / 5.78平米 / 西南 / 普通窗 ; 衣帽间 / 3.96平米 / 无 / 无窗,
一楼4房带29平米花园，小区中间位置，双阳台通透户型,"万科四季花城二期 , 坂田",4室2厅,117.3平米,南 北,,9层,2000年,板楼,620 万,52856 元,6,,,近地铁 | VR房源,https://sz.lianjia.com/ershoufang/105119352762.html,地铁 | VR房源,此房是4房户型，满五年，红本在手。一楼带29平花园，位置安静,小区由万科地产集团开发，一共有36个独立苑，共分七期开发，花园式小区，绿化植被很多，带露天游泳池和健身会所及相应运动器械供住户健身，社区运动氛围棒；万科物业24小时严格管控，夜间有保安巡逻，外人基本无法随意出入，人车分流，充分保护行人!,小区内有博雅、曼京、海丽达幼儿园等，商场类有华润万家，海达和成购物广场、阳光湾畔，8号仓奥特莱斯等。医疗类有深圳坂田医院、布吉医院花城社康医院（小区内）；网球场，篮球场，健身会所等！,地铁5号线和10号线五和站A口200米，交通发达，小区旁边有布龙路、梅观高速、机荷高速、南坪快速等，乘坐公交或驾车出行到福田、罗湖、南山等地较方便（距离信息来源于百度地图）还有在修的深大城际和深惠城际,,,暂无数据,2024-12-30,商品房,普通住宅,暂无数据,非共有,无抵押,挂牌时间:2024-12-30 | 交易权属:商品房 | 上次交易:暂无数据 | 房屋用途:普通住宅 | 房屋年限:暂无数据 | 产权所属:非共有 | 抵押信息:无抵押 | 房本备件:未上传房本照片,客厅 / 34.4平米 / 南 / 落地窗 ; 卧室A / 9.17平米 / 无 / 未知窗户类型 ; 卧室B / 10.19平米 / 无 / 未知窗户类型 ; 卧室C / 14.07平米 / 北 / 普通窗 ; 厨房 / 6.05平米 / 南 / 普通窗 ; 卫A / 2.82平米 / 西 / 普通窗 ; 卫B / 3.98平米 / 南 / 普通窗 ; 阳台A / 2.89平米 / 南 / 落地窗 ; 阳台B / 5.19平米 / 无 / 无窗 ; 露台 / 24.91平米 / 西 北 东 / 普通窗 ; 过道 / 3.19平米 / 无 / 无窗 ; 衣帽间 / 9.52平米 / 无 / 无窗,
满二唯一税费少 自住保养好 朝南看花园安静 采光好,"佳兆业中央广场三期 , 坂田",3室1厅,88.47平米,南,精装,46层,2016年,塔楼,488 万,55160 元,0,,,近地铁 | VR看装修,https://sz.lianjia.com/ershoufang/105120529764.html,地铁 | VR看装修,此房只交契税，房子是自住的，有定制家私，保养很好，可以不咨询,,,,,,暂无数据,2025-04-25,商品房,普通住宅,暂无数据,共有,有抵押 406万元 中国银行,挂牌时间:2025-04-25 | 交易权属:商品房 | 上次交易:暂无数据 | 房屋用途:普通住宅 | 房屋年限:暂无数据 | 产权所属:共有 | 抵押信息:有抵押 406万元 中国银行 | 房本备件:未上传房本照片,客厅 / 28.22平米 / 北 / 普通窗 ; 卧室01 / 9.19平米 / 北 / 落地窗 ; 卧室02 / 10.42平米 / 北 / 落地窗 ; 卧室03 / 6.11平米 / 北 / 落地窗 ; 厨房 / 8.1平米 / 北 / 普通窗 ; 卫01 / 3.39平米 / 北 / 普通窗 ; 卫02 / 4.98平米 / 北 / 普通窗 ; 阳台01 / 5.09平米 / 北 / 普通窗 ; 阳台02 / 3.14平米 / 北 / 普通窗 ; 储物间 / 6.19平米 / 无 / 无窗 ; 过道 / 2.9平米 / 无 / 无窗,
高实用 精装修，居住舒适，围合式花园小区,"大族云峰二期 , 坂田",4室2厅,103.75平米,南,精装,30层,2021年,板塔结合,608 万,58603 元,1,,,VR看装修,https://sz.lianjia.com/ershoufang/105120534421.html,VR看装修,高实用 精装修，居住舒适，围合式花园小区，车位充足，楼层好,本小区2020年年底交楼，次新小区，分一二期开发，此小区为一期，共四栋， 楼间距宽，无任何遮挡，楼间距宽，住家舒适，人车分流，园林布景美观,楼下就是商场湾畔MaⅡ，星河CocoPark也很方便，去万科里，8号仓，坂田医院，银湖山郊野公园,坂银隧道首站，去福田、罗湖、南山都很方便，地铁：双地铁，十号线雅园站，五号线坂田站和五和站，3站到深圳北,,,暂无数据,2025-04-26,商品房,普通住宅,暂无数据,非共有,有抵押,挂牌时间:2025-04-26 | 交易权属:商品房 | 上次交易:暂无数据 | 房屋用途:普通住宅 | 房屋年限:暂无数据 | 产权所属:非共有 | 抵押信息:有抵押 | 房本备件:未上传房本照片,客厅 / 27.42平米 / 北 / 普通窗 ; 卧室01 / 13.76平米 / 无 / 未知窗户类型 ; 卧室02 / 9.8平米 / 无 / 未知窗户类型 ; 卧室03 / 6.03平米 / 无 / 未知窗户类型 ; 卧室04 / 7.42平米 / 北 / 落地窗 ; 厨房 / 4.93平米 / 北 / 普通窗 ; 卫01 / 4.4平米 / 北 / 普通窗 ; 卫02 / 2.69平米 / 北 / 普通窗 ; 阳台01 / 5.29平米 / 北 / 普通窗 ; 阳台02 / 2.2平米 / 北 / 普通窗 ; 过道 / 4.49平米 / 无 / 无窗,
佳兆业城市广场，南向大三房，3梯3户 高楼层景观好,"佳兆业中央广场三期 , 坂田",3室2厅,144.01平米,南,精装,45层,2015年,塔楼,748 万,51941 元,1,,,近地铁 | VR看装修,https://sz.lianjia.com/ershoufang/105121368337.html,地铁 | VR看装修,城市广场二期，南向大三房，3梯3户 高楼层景观好,小区规模：总共分为6期壹万户的大盘，总占地约三十万，全部项目总建面约一百八拾万平米。3个幼儿园：十五万平米综合MALL，加270米万豪酒店（六期项目），二期的地理位置在其他几期的中间位置，分别被一期、四期、五期环抱，位置属于几期中最安静的。,,地铁十号线雪象站A出口200米，沿着坂雪岗大道可以去梅林关（去关内方向）、也可以转布龙路转南坪快速和水官高速，也可以从转贝尔路再转梅关高速，上坂澜大道可以去观澜也可以去平湖。交通很方便。高速交通：梅观高速、清平高速、坂雪岗大道、南坪快速。,,,暂无数据,2025-07-08,商品房,普通住宅,暂无数据,非共有,有抵押,挂牌时间:2025-07-08 | 交易权属:商品房 | 上次交易:暂无数据 | 房屋用途:普通住宅 | 房屋年限:暂无数据 | 产权所属:非共有 | 抵押信息:有抵押 | 房本备件:未上传房本照片,客厅 / 22.41平米 / 无 / 无窗 ; 卧室A / 14.3平米 / 无 / 未知窗户类型 ; 卧室B / 21.78平米 / 南 / 普通窗 ; 卧室C / 18.72平米 / 无 / 未知窗户类型 ; 卧室D / 10.1平米 / 西 / 落地窗 ; 厨房 / 8.12平米 / 东 / 落地窗 ; 卫A / 4.07平米 / 东 / 普通窗 ; 卫B / 5.32平米 / 西 / 普通窗 ; 阳台A / 7.33平米 / 东 南 / 普通窗 ; 阳台B / 5.77平米 / 东 / 落地窗 ; 储物间 / 3.86平米 / 东 / 普通窗,
2023年装修 改善轻奢大三房 大客厅朝南 看花园安静,"佳兆业中央广场三期 , 坂田",4室2厅,142.88平米,南 北,,45层,2015年,塔楼,770 万,53892 元,0,,,近地铁 | VR看装修,https://sz.lianjia.com/ershoufang/105121527682.html,地铁 | VR看装修,朝南的格局看花园的位置安静  阔绰的户型,,小区规划大型雪竹径公园，综合MALL，小区自带大综合体（待开发）270米层高五星国际酒店（待开发），百度测量1公 里范围内深圳市人民医院坂田分院、肖传国医院，地铁10号线雪象、岗头双地铁口，坂银隧道去福田南山交通便捷。,地铁十号线雪象站A出口，直达平湖与福田口岸，沿着坂雪岗大道可以去梅林关（去关内方向）、也可以转布龙路转南坪快速和水官高速，也可以从转贝尔路再转梅关高速，上坂澜大道可以去观澜也可以去平湖。交通很方便。高速交通：梅观快速、清平高速、坂雪岗大道..,,,暂无数据,2025-07-22,商品房,普通住宅,暂无数据,非共有,有抵押,挂牌时间:2025-07-22 | 交易权属:商品房 | 上次交易:暂无数据 | 房屋用途:普通住宅 | 房屋年限:暂无数据 | 产权所属:非共有 | 抵押信息:有抵押 | 房本备件:未上传房本照片,,
坂田地铁口，朝南看花园的横厅3房，视野阳光都好,"珠江旭景佳园 , 坂田",3室2厅,89.49平米,东南,,中楼层(共18层),2008年,塔楼,380 万,42463 元,3,,,近地铁 | VR看装修,https://sz.lianjia.com/ershoufang/105121484952.html,地铁 | VR看装修,朝南看花园，户型方正，每个房间都是明窗,小区分3期开发，近1500户，地铁口物业，紧靠银湖山和坂银隧道，地理位置优越，进出关内外方便。小区房价处于区域谷值，同区域二手房对比有很大的优势。所以有很多关内的客户在此小区置业。生活配套成熟，是刚需值得购买的小区。,二期内有旭景幼稚园。小区东南侧3千㎡底商，南侧有大族云峰商场已开业；距小区300米有两万㎡万科里。2km内有阳光湾畔、8号仓、坂田天虹、万科广场等商场。1km有坂田医院。,"四通八达,小区邻布龙路坂雪岗大道两大动脉,南面1km上坂银南坪,通达福田南山方便；东面两个灯位上清平水官,通达罗湖盐田惠州；西侧2km上G94,1h到宝安东莞广州；北达天安和华为。250米到5号线坂田地铁口,1站换10号线到福田口岸。小区东门150m到公交站。",,,暂无数据,2025-07-18,商品房,普通住宅,暂无数据,非共有,有抵押 邮政,挂牌时间:2025-07-18 | 交易权属:商品房 | 上次交易:暂无数据 | 房屋用途:普通住宅 | 房屋年限:暂无数据 | 产权所属:非共有 | 抵押信息:有抵押 邮政 | 房本备件:未上传房本照片,客厅 / 26.29平米 / 东南 / 落地窗 ; 卧室A / 10.96平米 / 东南 / 落地飘窗 ; 卧室B / 7.01平米 / 无 / 未知窗户类型 ; 卧室C / 8.04平米 / 无 / 未知窗户类型 ; 厨房 / 5.58平米 / 西北 / 落地窗 ; 卫 / 3.7平米 / 西北 / 普通窗 ; 阳台A / 4.8平米 / 东 / 落地窗 ; 阳台B / 2.3平米 / 西 / 落地窗,
5号线坂田地铁口，电梯精装公寓，70年产权民水民电！,"德润荣君府 , 坂田",1室1厅,45平米,东,精装,低楼层(共31层),2017年,板楼,260 万,57778 元,0,,,近地铁 | VR房源,https://sz.lianjia.com/ershoufang/105115627964.html,地铁 | VR房源,近地铁口，公交站。70年产权，民水民电。,2017年底交房的次新小区，全电梯高层，共7栋，由住宅和公寓（1栋）组成，合围起来楼下有花园和泳池，可供休憩玩耍。自带上千平商ye配套，日常基本生活需求能得到满足，地下3层停车库，1：1配置，再也不用担心停车的问题了。,德润荣君府旁文化产业聚集，华为坐落于坂田；有华润万家、天虹商场、8号仓奥特莱斯等成熟配套；还有众多水库，银湖山、梅林山、塘朗山三个郊野公园连成一体。,小区地处坂田科技新城与龙华新区交汇处，位于地铁环中线坂田地铁站A出口。项目北邻布龙路，东接坂雪岗大道，接驳五和大道、南坪快速，梅观高速、清平高速、水官高速等多条城市主干道，预计2017年底开通的坂银隧道可直达福田商圈、华强北商圈。,,,暂无数据,2023-12-17,商品房,公寓,暂无数据,非共有,有抵押,挂牌时间:2023-12-17 | 交易权属:商品房 | 上次交易:暂无数据 | 房屋用途:公寓 | 房屋年限:暂无数据 | 产权所属:非共有 | 抵押信息:有抵押 | 房本备件:未上传房本照片,卧室 / 24.23平米 / 无 / 未知窗户类型 ; 厨房 / 2.3平米 / 东 / 普通窗 ; 卫 / 3.54平米 / 无 / 无窗 ; 阳台 / 2.29平米 / 东 / 普通窗,
比房产证面积还要大2倍的露台，罕有户型，近地铁！,"万科四季花城二期 , 坂田",3室2厅,84.22平米,东 南,,6层,2000年,板楼,770 万,91428 元,3,,,近地铁 | VR房源,https://sz.lianjia.com/ershoufang/105119238038.html,地铁 | VR房源,此房满五红本唯一，带180平大露台，仅此一家，近地铁，方便！,小区由万科地产集团开发，一共有36个独立苑，共分七期开发，花园式小区，绿化植被很多，带露天游泳池和健身会所及相应运动器械供住户健身，社区运动氛围棒；万科物业24小时严格管控，夜间有保安巡逻，外人基本无法随意出入，人车分流，充分保护行人安全。,距离坂田天虹1000米，距离坂田民营市场100米，距离8号仓300米，距离星河银湖谷商场直线距离1000米，距离星河商场和上河坊购物广场2000米，（数据来自百度地图）,地铁5号线和10号线五和站A口，交通发达，小区旁边有布龙路、梅观高速、机荷高速、南坪快速等，乘坐公交或驾车出行到福田、罗湖、南山等地较方便（距离信息来源于百度地图）还有在修的深大城际和深惠城际,,,暂无数据,2024-12-18,商品房,普通住宅,暂无数据,非共有,无抵押,挂牌时间:2024-12-18 | 交易权属:商品房 | 上次交易:暂无数据 | 房屋用途:普通住宅 | 房屋年限:暂无数据 | 产权所属:非共有 | 抵押信息:无抵押 | 房本备件:未上传房本照片,客厅 / 30.79平米 / 东 南 / 普通窗 ; 卧室A / 8.37平米 / 西 / 落地窗 ; 卧室B / 7.21平米 / 南 / 普通窗 ; 卧室C / 14.36平米 / 东 南 / 普通窗 ; 厨房 / 4.63平米 / 东 / 普通窗 ; 卫 / 2.31平米 / 南 / 普通窗 ; 露台(不在证件有效面积内) / 107.58平米 / 西 北 东 南 / 普通窗,
坂田2022年精装修电梯三房两卫，保养好安静看花园,"大族云峰二期 , 坂田",3室2厅,94.5平米,东北,,30层,2021年,板塔结合,590 万,62434 元,4,,,VR看装修,https://sz.lianjia.com/ershoufang/105119319014.html,VR看装修,坂田2022年精装修电梯三房两卫，保养好安静看花园,小区二期由4栋住宅围合建成，楼间距宽，住家舒适，次新小区，现代园林布景美观，人车分离。,楼下就是商场 ，2020年次新房，小区很安静 ， 环境好 ，房子外墙也新 ，物业很好 ，24小时安保。,从小区出发900米到坂田地铁口（数据来自百度地图）出行方便，坂雪岗大道就在小区左侧面，一个红绿灯，直到坂垠通道入口，过了通道就是福田上步路，出行方便，门口就有公交车站。,,,暂无数据,2024-12-27,商品房,普通住宅,暂无数据,非共有,有抵押,挂牌时间:2024-12-27 | 交易权属:商品房 | 上次交易:暂无数据 | 房屋用途:普通住宅 | 房屋年限:暂无数据 | 产权所属:非共有 | 抵押信息:有抵押 | 房本备件:未上传房本照片,客厅 / 26.93平米 / 东北 / 落地窗 ; 卧室A / 9.85平米 / 无 / 未知窗户类型 ; 卧室B / 13.65平米 / 无 / 未知窗户类型 ; 卧室C / 7.01平米 / 东南 / 落地窗 ; 厨房 / 6.71平米 / 东南 / 普通窗 ; 卫A / 3.25平米 / 东南 / 普通窗 ; 卫B / 4.27平米 / 无 / 无窗 ; 阳台 / 4.95平米 / 东 / 落地窗 ; 过道 / 3.03平米 / 无 / 无窗,
地铁口公园旁次新小区高层朝南安静3房,"嘉霖华禧 , 坂田",3室2厅,85.28平米,南,精装,高楼层(共33层),2017年,塔楼,390 万,45732 元,0,,,近地铁 | VR看装修,https://sz.lianjia.com/ershoufang/105121374309.html,地铁 | VR看装修,此房满5年，客厅带阳台，高楼层，朝南向，无遮挡,小区围合式园林，共6栋楼，自带地下停车场，人车分流，低密度，绿化高，环境好；,,出门即是十号线地铁口雪象站，小区楼下还有公交站台，出行便捷；,,,暂无数据,2025-07-08,商品房,普通住宅,暂无数据,非共有,有抵押 180万元 中国银行 客户偿还,挂牌时间:2025-07-08 | 交易权属:商品房 | 上次交易:暂无数据 | 房屋用途:普通住宅 | 房屋年限:暂无数据 | 产权所属:非共有 | 抵押信息:有抵押 180万元 中国银行 客户偿还 | 房本备件:未上传房本照片,客厅 / 23.8平米 / 南 / 普通窗 ; 卧室A / 5.52平米 / 无 / 未知窗户类型 ; 卧室B / 12.46平米 / 无 / 未知窗户类型 ; 卧室C / 8.51平米 / 无 / 未知窗户类型 ; 厨房 / 5.44平米 / 西 / 普通窗 ; 卫A / 3.55平米 / 北 / 普通窗 ; 卫B / 3.88平米 / 无 / 未知窗户类型 ; 阳台A / 1.82平米 / 西 / 普通窗 ; 阳台B / 5.05平米 / 南 / 普通窗 ; 过道 / 2.79平米 / 无 / 无窗,
四季花城精装修三房，保养好，业主急卖！,"万科四季花城二期 , 坂田",3室2厅,99.3平米,北,精装,6层,2000年,板楼,442 万,44512 元,2,,,VR看装修 | 房本满五年,https://sz.lianjia.com/ershoufang/105121839640.html,VR看装修 | 房本满五年,此房满五年唯一，精装修，业主急卖，看房方便！,小区由万科地产集团开发，一共有36个独立苑，共分七期开发，花园式小区，绿化植被很多，带露天游泳池和健身会所及相应运动器械供住户健身，社区运动氛围棒；万科物业24小时严格管控，夜间有保安巡逻，外人基本无法随意出入，人车分流，充分保护行人安全,小区内有博雅幼儿园、海丽达幼儿园等，商场类有华润万家，五和购物广场、海达和成购物广场、坂田民营市场等。医疗类有深圳坂田医院、龙华人民医院、布吉医院花城社康医院（小区内）；银行为招商银行、中国银行、民生银行自助机及平安银行等，各式卖菜.,,,,2016-03-04,2025-08-19,商品房,普通住宅,满五年,非共有,有抵押 200万元 招商银行 金融公司垫资,挂牌时间:2025-08-19 | 交易权属:商品房 | 上次交易:2016-03-04 | 房屋用途:普通住宅 | 房屋年限:满五年 | 产权所属:非共有 | 抵押信息:有抵押 200万元 招商银行 金融公司垫资 | 房本备件:已上传房本照片,客厅 / 32.5平米 / 北 南 / 普通窗 ; 卧室A / 16平米 / 无 / 未知窗户类型 ; 卧室B / 8.63平米 / 南 / 落地窗 ; 卧室C / 7.08平米 / 南 / 普通窗 ; 厨房 / 4.63平米 / 南 / 普通窗 ; 卫A / 3.52平米 / 南 / 普通窗 ; 卫B / 3.08平米 / 西 / 普通窗 ; 阳台A / 4.53平米 / 西 北 东 东北 / 普通窗 ; 阳台B / 2.57平米 / 南 / 普通窗 ; 过道 / 1.88平米 / 无 / 无窗,
佳兆业中央广场六期 2室1厅 南,"佳兆业中央广场六期 , 坂田",2室1厅,51.06平米,南,精装,中楼层(共41层),2020年,塔楼,140 万,27419 元,0,,,近地铁,https://sz.lianjia.com/ershoufang/105121897189.html,地铁,,,,,,,暂无数据,2025-08-24,商品房,商业办公类,暂无数据,非共有,有抵押,挂牌时间:2025-08-24 | 交易权属:商品房 | 上次交易:暂无数据 | 房屋用途:商业办公类 | 房屋年限:暂无数据 | 产权所属:非共有 | 抵押信息:有抵押 | 房本备件:未上传房本照片,客厅 / 25.46平米 / 无 / 未知窗户类型 ; 卧室A / 7.38平米 / 无 / 无窗 ; 卧室B / 7.91平米 / 无 / 无窗 ; 卫 / 3.62平米 / 无 / 无窗 ; 过道 / 4.71平米 / 无 / 无窗,
大平层 中间楼层  看花园位置安静  红本在手,"佳兆业城市广场五期 , 坂田",4室2厅,123.71平米,北,精装,中楼层(共43层),2020年,板楼,680 万,54968 元,6,,,近地铁 | VR看装修 | 随时看房,https://sz.lianjia.com/ershoufang/105112466889.html,地铁 | VR看装修 | 随时看房,1.此房红本在手！ 2.房子装修比其他同户型风格更年轻！,小区总共分为6期10000户的大盘，总占地约300000平，全部项目总建面约1800000平米。3个幼儿园：150000平米综合MALL，加270米万豪酒店（六期项目），二期的地理位置在其他几期的中间位置，分别被一期、三期、五期环抱，位置安静。,全新社区，人车分流，24小时保安轮流值班，社区有自己的健身广场和花园，园林式社区。占地约300000平，建面约1800000平米，依托高新技术产业园，佳兆业城市广场物业形态丰富，集住宅、酒店于一体。旁边就是天安云谷、华为总部。,项目是挨着坂雪岗大道和坂澜大道，沿着坂雪岗大道可以去梅林关（去关内方向）、也可以转布龙路转南坪快速和水官高速，也可以从转贝尔路再转梅关高速，上坂澜大道可以去观澜也可以去平湖。交通很方便。地铁十号线，岗头站和雪象站，双地铁口。,,,暂无数据,2023-01-28,商品房,普通住宅,暂无数据,非共有,无抵押,挂牌时间:2023-01-28 | 交易权属:商品房 | 上次交易:暂无数据 | 房屋用途:普通住宅 | 房屋年限:暂无数据 | 产权所属:非共有 | 抵押信息:无抵押 | 房本备件:未上传房本照片,客厅 / 36.4平米 / 东北 / 落地窗 ; 卧室A / 9.03平米 / 无 / 未知窗户类型 ; 卧室B / 8.47平米 / 无 / 未知窗户类型 ; 卧室C / 13.52平米 / 无 / 未知窗户类型 ; 卧室D / 7.58平米 / 西南 / 落地窗 ; 卧室E / 6.32平米 / 东南 / 普通窗 ; 厨房 / 7.77平米 / 东南 / 普通窗 ; 卫生间A / 4.4平米 / 无 / 未知窗户类型 ; 卫生间B / 4.7平米 / 无 / 普通窗 ; 阳台A / 5.02平米 / 东北 东南 / 普通窗 ; 阳台B / 3.71平米 / 东南 / 普通窗 ; 过道 / 4.98平米 / 无 / 无窗,
客厅出阳台正看湖景且满五年无增值税,"春华四季园一期 , 坂田",4室2厅,146.29平米,南,,高楼层(共17层),2006年,板塔结合,748 万,51132 元,0,,,近地铁 | VR房源 | 房本满五年,https://sz.lianjia.com/ershoufang/105115943453.html,地铁 | VR房源 | 房本满五年,房子属于小区中高楼层视野好正看小区人工湖，业主诚意出售！,小区分一二期开发，共43栋，3000户，一期人车分流，近小区人工湖，位置安静，居家大社区,,,,,2012-12-17,2024-01-24,商品房,普通住宅,满五年,非共有,无抵押,挂牌时间:2024-01-24 | 交易权属:商品房 | 上次交易:2012-12-17 | 房屋用途:普通住宅 | 房屋年限:满五年 | 产权所属:非共有 | 抵押信息:无抵押 | 房本备件:已上传房本照片,客厅 / 37.94平米 / 无 / 未知窗户类型 ; 卧室A / 11.85平米 / 北 / 落地窗 ; 卧室B / 20.72平米 / 北 / 普通窗 ; 卧室C / 12.21平米 / 北 / 落地窗 ; 卧室D / 11.76平米 / 北 / 落地窗 ; 厨房 / 6.29平米 / 北 / 落地窗 ; 卫A / 5.75平米 / 北 / 落地窗 ; 卫B / 3.61平米 / 北 / 落地窗 ; 阳台 / 10.27平米 / 北 / 普通窗 ; 储物间 / 9.04平米 / 北 / 落地窗 ; 入户花园 / 17.34平米 / 北 / 落地窗,
满五年 东南向 侧出阳台 位置安静 诚心出售,"佳兆业中央广场一期 , 坂田",5室2厅,151.91平米,东南,精装,低楼层(共49层),2013年,塔楼,800 万,52663 元,1,,,近地铁 | VR房源,https://sz.lianjia.com/ershoufang/105115501580.html,地铁 | VR房源,满五年 看花园 侧出阳台 位置安静诚心出售,全新社区，人车分流，24小时保安轮流值班，小区内有自己的健身广场和花园，园林式社区，自带2000平米大泳池，，依托高新技术产业园，佳兆业城市广场物业形态丰富，集住宅、酒店于一体，旁边就是天安云谷、华为总部。,,地铁十号线雪象站A出口，沿着坂雪岗大道可以去梅林关（去关内方向）、也可以转布龙路转南坪快速和水官高速，也可以从转贝尔路再转梅关高速，上坂澜大道可以去观澜也可以去平湖。交通很方便。高速交通：梅观高速、清平高速、坂雪岗大道、南坪快速。,,,暂无数据,2023-12-03,商品房,普通住宅,暂无数据,非共有,无抵押,挂牌时间:2023-12-03 | 交易权属:商品房 | 上次交易:暂无数据 | 房屋用途:普通住宅 | 房屋年限:暂无数据 | 产权所属:非共有 | 抵押信息:无抵押 | 房本备件:未上传房本照片,客厅 / 28.15平米 / 无 / 未知窗户类型 ; 卧室A / 10.35平米 / 东南 / 普通窗 ; 卧室B / 11.17平米 / 无 / 未知窗户类型 ; 卧室C / 13.9平米 / 无 / 未知窗户类型 ; 卧室D / 12.72平米 / 无 / 未知窗户类型 ; 卧室E / 14.25平米 / 无 / 未知窗户类型 ; 厨房 / 4.85平米 / 无 / 无窗 ; 卫A / 3.27平米 / 东北 / 普通窗 ; 卫B / 5.46平米 / 无 / 未知窗户类型 ; 阳台A / 7.15平米 / 西南 东北 东南 / 普通窗 ; 阳台B / 3.77平米 / 无 / 无窗 ; 入户花园 / 11.24平米 / 东南 / 落地窗 ; 过道 / 9.61平米 / 无 / 无窗 ; 衣帽间 / 3.48平米 / 无 / 无窗,
此房位置安静户型通透装修保养良好,"信义嘉御山5期 , 坂田",4室1厅,89平米,东南,精装,中楼层(共38层),2016年,塔楼,688 万,77304 元,3,,,VR房源,https://sz.lianjia.com/ershoufang/105115168397.html,,,,,,,,,,,,,,,,,
佳兆业一期，次新精装三房，厅出阳台，安静视野佳,"佳兆业中央广场一期 , 坂田",3室2厅,89.33平米,南,精装,中楼层(共48层),2013年,塔楼,475 万,53174 元,0,,,近地铁 | VR看装修 | 随时看房,https://sz.lianjia.com/ershoufang/105116947589.html,地铁 | VR看装修 | 随时看房,朝南三房两卫，看小区花园，精装保养好，中高楼层视野好,总共分为6期，大型社区，3个幼儿园：大型综合MALL，加270米酒店（六期项目），一期位置安静。离地铁商场最近，近天安云谷，步行即可，环境好，合适居家,新社区，人车分流，24小时保安轮流值班，社区有自己的健身广场和花园，园林式社区。依托高新技术产业园，佳兆业城市广场物业形态丰富，集住宅、酒店于一体。小区左边是天安云谷、华为总部基地，配套齐全。,项目是在坂雪岗大道和坂澜大道，沿着坂雪岗大道可以去梅林关（去关内方向）、也可以转布龙路转南坪快速和水官高速，也可以从转贝尔路再转梅关高速，上坂澜大道可以去观澜也可以去平湖。交通很方便。高速交通：梅观高速、清平高速、坂雪岗大道、南坪快速。,,,暂无数据,2024-05-10,商品房,普通住宅,暂无数据,非共有,有抵押 270万元,挂牌时间:2024-05-10 | 交易权属:商品房 | 上次交易:暂无数据 | 房屋用途:普通住宅 | 房屋年限:暂无数据 | 产权所属:非共有 | 抵押信息:有抵押 270万元 | 房本备件:未上传房本照片,客厅 / 22.05平米 / 南 / 普通窗 ; 卧室A / 9.17平米 / 无 / 未知窗户类型 ; 卧室B / 11.93平米 / 无 / 未知窗户类型 ; 卧室C / 9.48平米 / 东 / 落地窗 ; 厨房 / 5.11平米 / 东 / 落地窗 ; 卫A / 2.55平米 / 东 / 普通窗 ; 卫B / 4.13平米 / 无 / 落地窗 ; 阳台A / 5.67平米 / 东 南 / 普通窗 ; 阳台B / 4.81平米 / 东 / 落地窗 ; 过道 / 2.91平米 / 无 / 无窗,
旭景佳园一期 低密度社区采光好 地铁口 福田后花园,"珠江旭景佳园 , 坂田",3室2厅,121.2平米,南,简装,中楼层(共5层),2007年,,730 万,60232 元,4,,,近地铁 | VR看装修,https://sz.lianjia.com/ershoufang/105114177650.html,地铁 | VR看装修,旭景佳园一期 低密度社区采光好 地铁口 福田后花园,小区分3期开发，近1500户，地铁口物业，紧靠银湖山和梅林关，地理位置优越，进出关内外方便。小区房价优惠，同区域二手房对比有很大的优势。所以有很多关内的客户在此小区置业。生活配套成熟，是刚需值得购买的小区。,小区距坂田地铁口600米。小区旁边大族云峰商场已开业投入使用。万科里距小区300米。1公里还有阳光湾畔，8号仓，坂田天虹等等。距银湖山1.5公里，坂银隧道1.5公里，到关内更方便。,5号线坂田地铁口大约600米，去宝安或者罗湖都很方便。小区门口就是公交站；小区前面是坂雪岗大道和布龙路，自驾的话，1000米可以上南坪快速，再走水官高速到龙岗，梅观高速到观澜和东莞，或者经梅林关，新彩隧道进福田，罗湖和南山都很方便,,,暂无数据,2023-07-07,商品房,普通住宅,暂无数据,非共有,有抵押 510万元 建设银行 客户偿还,挂牌时间:2023-07-07 | 交易权属:商品房 | 上次交易:暂无数据 | 房屋用途:普通住宅 | 房屋年限:暂无数据 | 产权所属:非共有 | 抵押信息:有抵押 510万元 建设银行 客户偿还 | 房本备件:未上传房本照片,客厅 / 41.89平米 / 北 南 / 落地窗 ; 卧室A / 19.19平米 / 西 南 / 落地飘窗 ; 卧室B / 8.16平米 / 西 北 / 落地窗 ; 卧室C / 10.28平米 / 北 / 落地飘窗 ; 厨房 / 6.25平米 / 北 / 落地窗 ; 卫生间A / 5.41平米 / 南 / 普通窗 ; 卫生间B / 5.52平米 / 北 / 普通窗 ; 阳台A / 7.26平米 / 西 东 南 / 落地窗 ; 阳台B / 4.5平米 / 西 北 / 落地窗 ; 阳台C / 2.52平米 / 北 / 落地窗,
朝南向视野无遮挡业主诚心出售看上再议价,"大族云峰二期 , 坂田",4室2厅,102.9平米,南,毛坯,30层,2021年,板塔结合,600 万,58310 元,3,,,VR看装修 | 随时看房,https://sz.lianjia.com/ershoufang/105118840326.html,VR看装修 | 随时看房,此房是大族云峰二期朝南向，原本户型是四房，毛坯原始结构,大族地产开发，大族自已的物业，小区共分二期开发，此房是二期的产品，2019发售2021年入伙，小区人车分流，车位比1：1,,,,,暂无数据,2024-11-08,商品房,普通住宅,暂无数据,非共有,有抵押 540万元 客户偿还,挂牌时间:2024-11-08 | 交易权属:商品房 | 上次交易:暂无数据 | 房屋用途:普通住宅 | 房屋年限:暂无数据 | 产权所属:非共有 | 抵押信息:有抵押 540万元 客户偿还 | 房本备件:未上传房本照片,客厅 / 27.34平米 / 南 / 普通窗 ; 卧室A / 6.02平米 / 无 / 未知窗户类型 ; 卧室B / 7.53平米 / 西 / 落地窗 ; 卧室C / 13.72平米 / 无 / 未知窗户类型 ; 卧室D / 9.69平米 / 无 / 未知窗户类型 ; 厨房 / 4.22平米 / 西 / 普通窗 ; 卫A / 4.4平米 / 北 / 普通窗 ; 卫B / 3.14平米 / 西 / 普通窗 ; 阳台A / 2.65平米 / 西 / 普通窗 ; 阳台B / 5.17平米 / 西 南 / 普通窗 ; 过道 / 2.9平米 / 无 / 无窗,
凤姐推房业主急腾名三房 满五年红本在手,"万科四季花城二期 , 坂田",3室1厅,105.57平米,南,,6层,2000年,板楼,478 万,45279 元,10,,,近地铁 | VR看装修,https://sz.lianjia.com/ershoufang/105115916300.html,地铁 | VR看装修,满五年，红本在手，业主腾名诚心出售，看房方便,小区由万科地产集团开发，一共有36个独立苑，共分七期开发，花园式小区，绿化植被很多，带露天游泳池和健身会所及相应运动器械供住户健身，社区运动氛围棒；万科物业24小时严格管控，夜间有保安巡逻，外人基本无法随意出入，人车分流，充分保护行人安全,小区内有博雅幼儿园、海丽达幼儿园等，商场类有华润万家，五和购物广场、海达和成购物广场、坂田民营市场等。医疗类有深圳坂田医院、龙华人民医院、布吉医院花城社康医院（小区内）；银行为招商银行、中国银行、民生银行自助机及平安银行等，各式卖菜.,小区东门距离地铁5号线和10号线50米，地铁连接的站点有深圳北站、布吉、太安、黄贝岭、宝安、前海湾（以上都为地铁中转站）交通发达，有布龙路、梅观高速、机荷高速、南坪快速等，乘坐公交或驾车出行到福田、罗湖、南山等地较方便,,,暂无数据,2024-01-20,商品房,普通住宅,暂无数据,非共有,无抵押,挂牌时间:2024-01-20 | 交易权属:商品房 | 上次交易:暂无数据 | 房屋用途:普通住宅 | 房屋年限:暂无数据 | 产权所属:非共有 | 抵押信息:无抵押 | 房本备件:未上传房本照片,客厅 / 34.34平米 / 西 东 / 普通窗 ; 卧室A / 13.91平米 / 无 / 未知窗户类型 ; 卧室B / 12.61平米 / 西南 东北 东南 / 落地窗 ; 卧室C / 8.23平米 / 东 / 落地窗 ; 厨房 / 4.6平米 / 东 / 普通窗 ; 卫A / 4.04平米 / 西 / 普通窗 ; 卫B / 3.58平米 / 东 / 普通窗 ; 阳台A / 3.91平米 / 西 西南 北 西北 南 / 普通窗 ; 阳台B / 2.03平米 / 东 / 普通窗 ; 衣帽间 / 2.98平米 / 无 / 无窗,
旭景一期电梯正南，2加1户型 ，看小区花园，精装修,"珠江旭景佳园 , 坂田",3室2厅,77.57平米,南,精装,中楼层(共11层),2008年,塔楼,400 万,51567 元,7,,,近地铁 | VR看装修,https://sz.lianjia.com/ershoufang/105117353888.html,地铁 | VR看装修,满五年唯一税少，正南2加1户型 ，客厅有阳台看花园。精装修！,小区分3期开发，近1500户，地铁口物业，紧靠银湖山和坂银隧道，地理位置优越，进出关内外方便。小区房价处于区域谷值，同区域二手房对比有很大的优势。所以有很多关内的客户在此小区置业。生活配套成熟，是刚需值得购买的小区。,二期内有旭景幼稚园。小区东南侧3千㎡底商，南侧有大族云峰商场已开业；距小区300米有两万㎡万科里。2km内有阳光湾畔、8号仓、坂田天虹等商场。1km有坂田医院。,"四通八达,小区邻布龙路坂雪岗大道两大动脉,南面1km上坂银南坪,通达福田南山方便；东面两个灯位上清平水官,通达罗湖盐田惠州；西侧2km上G94,1h到宝安东莞广州；北达天安和华为。250米到5号线坂田地铁口,1站换10号线到福田口岸。小区东门150m到公交站。",,,暂无数据,2024-06-20,商品房,普通住宅,暂无数据,非共有,有抵押 59万元 平安,挂牌时间:2024-06-20 | 交易权属:商品房 | 上次交易:暂无数据 | 房屋用途:普通住宅 | 房屋年限:暂无数据 | 产权所属:非共有 | 抵押信息:有抵押 59万元 平安 | 房本备件:未上传房本照片,客厅 / 20.42平米 / 南 / 普通窗 ; 卧室A / 3.97平米 / 东 / 落地窗 ; 卧室B / 12.26平米 / 南 / 落地飘窗 ; 厨房 / 4.4平米 / 东 / 普通窗 ; 卫 / 3.63平米 / 东 / 普通窗 ; 阳台 / 4.46平米 / 南 / 普通窗 ; 储物间 / 9.48平米 / 无 / 未知窗户类型 ; 门厅 / 4.72平米 / 无 / 无窗,
2021年次新小区，精装修，电梯3房，正南户型,"华晖瑞禧 , 坂田",3室2厅,101.95平米,南,精装,高楼层(共41层),2020年,塔楼,570 万,55910 元,4,,,近地铁 | VR看装修,https://sz.lianjia.com/ershoufang/105118612926.html,地铁 | VR看装修,家居精装修 拎包入住 实用电梯3房 生活配套成熟 交通出行便利,2021年次新小区，小区位于银湖山1公里处，距鸡公山隧道1.5公里，方便到达罗湖，福田，南山。自带幼儿园，充足停车位，楼下买生活所需也方便。有坂田手造文化街，银湖山公园绿道可供散步，楼下近商场湾畔mall，步行可至2024年新开的商场万科坂田广场。,首先项目自带一所 9 班约 3000 ㎡幼儿园，同时在项目西北约 500 米处有一所 坂田实验（30 班小、15 班中）。另外，项目南面为规划教育用地，3 公里范围内还有一所全国唯一的科学高中。,两横四纵”成熟交通路网体系（两横：布龙路、南坪快速；四纵：五和大道、坂雪岗大道、梅观高速、清平高速）；邻近地铁5号线坂田站； 地处鸡公山通道首排，约一刻钟直达福田区，建立起快速通达全城的半小时生活圈。,,,2021-06-15,2024-10-17,商品房,普通住宅,暂无数据,非共有,有抵押 270万元 银行 业主自还,挂牌时间:2024-10-17 | 交易权属:商品房 | 上次交易:2021-06-15 | 房屋用途:普通住宅 | 房屋年限:暂无数据 | 产权所属:非共有 | 抵押信息:有抵押 270万元 银行 业主自还 | 房本备件:已上传房本照片,客厅 / 25.74平米 / 南 / 落地窗 ; 卧室A / 7.1平米 / 东 / 普通窗 ; 卧室B / 12.35平米 / 无 / 未知窗户类型 ; 卧室C / 10.2平米 / 无 / 未知窗户类型 ; 厨房 / 5.47平米 / 北 / 普通窗 ; 卫A / 3.87平米 / 北 / 普通窗 ; 卫B / 3.03平米 / 北 / 普通窗 ; 阳台 / 4.12平米 / 南 / 落地窗 ; 过道 / 3.09平米 / 无 / 无窗,
朝南3房，客厅正阳台，通风采光视野好，自住保养好,"信义嘉御山 , 坂田",3室1厅,88.44平米,南,,26层,2013年,板塔结合,550 万,62190 元,0,,13天以前发布,近地铁 | VR看装修,https://sz.lianjia.com/ershoufang/105122235685.html,地铁 | VR看装修,朝南3房，客厅正阳台，通风采光视野好，自住保养好,信义嘉御豪园分3期开发，占地近100000平米，建面400000平，共3008户。2013-2015年底交房，小区内有泳池，下楼就有公立幼儿园，户型多样，66平-78平方正2房；83-88平朝南或南北的3房；85平复式4房3卫；117-217平改善大平层，小区人车分流设计。,信义嘉御山是坂田次新的大社区的，小区一共有8期，目前基本都已经交房入住，坂田双地铁口的大盘，一期楼下有天虹商场，有星巴克，KFC，奈雪等，有健身会所等配套成熟，还有佳华商场MAX.CITY，有海底捞，探鱼等餐饮名店 各大银行围绕小区、旁边有大企业.,,业主深圳一套，无个税，就只要契税。无增值税，可以做带押过户无赎楼费。,,暂无数据,2025-09-25,商品房,普通住宅,暂无数据,非共有,有抵押,挂牌时间:2025-09-25 | 交易权属:商品房 | 上次交易:暂无数据 | 房屋用途:普通住宅 | 房屋年限:暂无数据 | 产权所属:非共有 | 抵押信息:有抵押 | 房本备件:未上传房本照片,客厅 / 24.77平米 / 无 / 未知窗户类型 ; 卧室A / 9.4平米 / 无 / 未知窗户类型 ; 卧室B / 16.02平米 / 无 / 未知窗户类型 ; 卧室C / 6.1平米 / 西 / 普通窗 ; 厨房 / 3.8平米 / 无 / 未知窗户类型 ; 卫 / 3.86平米 / 北 / 普通窗 ; 阳台 / 4.65平米 / 西 南 / 普通窗 ; 过道 / 3.04平米 / 无 / 无窗,
客厅朝南出阳台电梯大4房，采光好，入户花园面积大,"阳光第五季 , 坂田",4室2厅,107平米,南 北,简装,低楼层(共17层),2008年,板塔结合,550 万,51402 元,0,,12天以前发布,近地铁 | VR看装修,https://sz.lianjia.com/ershoufang/105122252618.html,地铁 | VR看装修,小区少有的客厅出阳台，入户花园面积大，采光好，南北通，,阳光第五季位于坂田五和大道旁，万科四季花城南侧，小区占地17314㎡，建筑面积48480㎡，由两栋11层两栋17层的小高层组成，计488套单位。主要面向年轻人士定位，主力户型在70㎡－108㎡，结构合理，布局实用。,距离小区200米处有一个大型的8号仓奥特莱斯购物广场，坂田医院距离小区1000米，离坂田天虹1500米。 2公里范围内有坂田手造文化街、星河cococity、佳华maxcit购物广场、万科广场、银湖山森林公园。,楼下150米就是10号线地铁口，直达福田口岸；900米达到五和地铁站 可以换乘5号线至宝安/前海 梅观高速上下口也是在1千米范围内，开车到福田南山也很便利。,,,暂无数据,2025-09-26,商品房,普通住宅,暂无数据,非共有,有抵押 客户偿还,挂牌时间:2025-09-26 | 交易权属:商品房 | 上次交易:暂无数据 | 房屋用途:普通住宅 | 房屋年限:暂无数据 | 产权所属:非共有 | 抵押信息:有抵押 客户偿还 | 房本备件:未上传房本照片,客厅 / 35.35平米 / 南 / 普通窗 ; 卧室A / 7.19平米 / 西 / 落地窗 ; 卧室B / 19.5平米 / 南 / 落地窗 ; 卧室C / 10.24平米 / 无 / 未知窗户类型 ; 卧室D / 9.22平米 / 无 / 未知窗户类型 ; 厨房 / 7.21平米 / 北 / 普通窗 ; 卫A / 4.23平米 / 无 / 未知窗户类型 ; 卫B / 2.4平米 / 西 / 普通窗 ; 阳台A / 6.6平米 / 西 南 / 普通窗 ; 阳台B / 2.91平米 / 北 / 普通窗 ; 入户花园 / 10.8平米 / 无 / 无窗,
星河银湖谷 4室2厅 南,"星河银湖谷 , 坂田",4室2厅,151.73平米,南,精装,中楼层(共49层),2016年,板塔结合,1150 万,75793 元,2,,22天以前发布,VR看装修 | 房本满五年 | 随时看房,https://sz.lianjia.com/ershoufang/105122148641.html,VR看装修 | 房本满五年 | 随时看房,,,,,,,2017-09-16,2025-09-16,商品房,普通住宅,满五年,非共有,无抵押,挂牌时间:2025-09-16 | 交易权属:商品房 | 上次交易:2017-09-16 | 房屋用途:普通住宅 | 房屋年限:满五年 | 产权所属:非共有 | 抵押信息:无抵押 | 房本备件:已上传房本照片,客厅 / 40.94平米 / 无 / 未知窗户类型 ; 卧室A / 13.12平米 / 南 / 落地窗 ; 卧室B / 22.59平米 / 无 / 未知窗户类型 ; 卧室C / 10.29平米 / 西 北 / 落地窗 ; 卧室D / 9.25平米 / 北 / 落地窗 ; 厨房 / 10.13平米 / 北 东 / 普通窗 ; 卫A / 7.9平米 / 无 / 未知窗户类型 ; 卫B / 6.25平米 / 无 / 未知窗户类型 ; 阳台 / 6.95平米 / 西 东 南 / 普通窗 ; 过道 / 6.1平米 / 无 / 无窗,
实惠大2房  楼层低 价钱更低 安静 采光无遮挡,"华晖瑞禧 , 坂田",2室1厅,81.4平米,西南,精装,低楼层(共41层),2017年,塔楼,370 万,45455 元,0,,,近地铁 | VR看装修,https://sz.lianjia.com/ershoufang/105121513578.html,地铁 | VR看装修,安静楼H 次新社区 保养如新 拎包入住,华晖瑞禧小区位于坂雪岗大道与永香路交汇处，两个红绿灯直上坂银隧道，开车出行链接福田罗湖区域很便捷。根据高德地图显示；小区大门口距离5号线坂田地铁口约850米，,公园；5公里有银湖山自然景观郊野公园（总面积为14.3公里），正甘坑水库，南坑水库，雅宝水库，民治水库，四大水库环山抱湖，满足日常生活休闲活动。商场； 小区自带裙楼底商，一路之隔为中大型湾畔MALL购物生活去处，以及星河WORLD.COCO Park.,出门右转20米就是公交站 直达福田 罗湖 龙华 梅林关； 出门左转580米就是地铁十号线雅园地铁站 直达福田梅林关 坂田平湖和龙华； 小区交通便利 出门就是公交站 9千米可以到福田 11千米到福田 生活配套设施齐全 生活十分便利！,,,暂无数据,2025-07-20,商品房,普通住宅,暂无数据,非共有,有抵押,挂牌时间:2025-07-20 | 交易权属:商品房 | 上次交易:暂无数据 | 房屋用途:普通住宅 | 房屋年限:暂无数据 | 产权所属:非共有 | 抵押信息:有抵押 | 房本备件:未上传房本照片,客厅 / 24.86平米 / 无 / 未知窗户类型 ; 卧室A / 9.79平米 / 东北 / 普通窗 ; 卧室B / 7.01平米 / 西南 / 落地窗 ; 厨房 / 5.13平米 / 西南 / 普通窗 ; 卫 / 3.43平米 / 西南 / 普通窗 ; 阳台 / 3.64平米 / 东北 / 普通窗 ; 门厅 / 5.63平米 / 无 / 未知窗户类型,
带入户花园储物间 面积实用 厅出阳台 装修保养好,"佳兆业中央广场三期 , 坂田",3室2厅,88.56平米,北,精装,46层,2015年,塔楼,560 万,63234 元,0,,,近地铁 | VR房源 | 房本满五年,https://sz.lianjia.com/ershoufang/105122013133.html,地铁 | VR房源 | 房本满五年,带入户以及储物间，面积实用，厅出阳台，位置安静，装修保养好。,小区总共分为6期开发，综合类型的一个大社区，二期的地理位置在其他几期的中间位置，分别被一期、三期、五期环抱，位置安静，次新社区，人车分流，小区内有自己的健身广场和花园，园林式社区，自带健身场所、会所，配套齐全。,佳兆业城市广场社区依托高新技术产业园，物业形态丰富，集住宅、公寓、酒店、大型综合体配套于一体，小区旁边就是天安云谷、华为总部，十号线双地铁口。,10号线岗头、雪象双地铁口物业，项目挨着坂雪岗大道和坂澜大道，沿着坂雪岗大道可以去梅林关，也可以转布龙路转南坪快速和水官高速，也可以从转贝尔路再转梅关高速，上坂澜大道可以去观澜也可以去平湖；多条公交路线直达罗湖、福田，交通很便利。,,,2014-06-09,2025-09-04,商品房,普通住宅,满五年,非共有,有抵押 480万元,挂牌时间:2025-09-04 | 交易权属:商品房 | 上次交易:2014-06-09 | 房屋用途:普通住宅 | 房屋年限:满五年 | 产权所属:非共有 | 抵押信息:有抵押 480万元 | 房本备件:已上传房本照片,客厅 / 28.18平米 / 无 / 普通窗 ; 书房 / 5.67平米 / 无 / 落地窗 ; 卧室A / 7.53平米 / 无 / 未知窗户类型 ; 卧室B / 12.28平米 / 无 / 未知窗户类型 ; 卧室C / 7.67平米 / 无 / 未知窗户类型 ; 厨房 / 8.17平米 / 无 / 落地窗 ; 卫生间A / 3.83平米 / 无 / 未知窗户类型 ; 卫生间B / 5.25平米 / 无 / 未知窗户类型 ; 阳台A / 3.68平米 / 无 / 落地窗 ; 阳台B / 5.13平米 / 无 / 普通窗 ; 储物间 / 3.82平米 / 无 / 无窗 ; 过道 / 3.08平米 / 无 / 无窗,
中间楼层 南向 带储物间 的房率高 业主诚心卖房,"佳兆业中央广场三期 , 坂田",3室2厅,88.61平米,东南 南 西南,精装,45层,2016年,塔楼,480 万,54170 元,0,,,近地铁 | VR看装修,https://sz.lianjia.com/ershoufang/105121665043.html,地铁 | VR看装修,中间楼层 南向 带储物间 的房率高 业主诚心卖房,小区规模：总共分为6期开发的大楼盘。3个幼儿园：自带综合MALL，加270米万豪酒店（六期项目），二期的地理位置很好，小区东门门口200米就是地铁口雪象站。,新社区，人车分流，车位充足，24小时保安轮流值班，社区有自己的健身广场和花园，园林式社区。依托高新技术产业园，佳兆业城市广场物业形态丰富，集住宅、酒店于一体。隔壁就是天安云谷、华为总部。,,,,暂无数据,2025-08-03,商品房,普通住宅,暂无数据,非共有,无抵押,挂牌时间:2025-08-03 | 交易权属:商品房 | 上次交易:暂无数据 | 房屋用途:普通住宅 | 房屋年限:暂无数据 | 产权所属:非共有 | 抵押信息:无抵押 | 房本备件:未上传房本照片,客厅 / 28.09平米 / 南 / 落地窗 ; 卧室A / 9.07平米 / 南 / 普通窗 ; 卧室B / 10.35平米 / 无 / 未知窗户类型 ; 卧室C / 6.14平米 / 西 / 落地窗 ; 厨房 / 7.78平米 / 西 / 普通窗 ; 卫A / 3.46平米 / 西 / 普通窗 ; 卫生间B / 5.47平米 / 西 / 普通窗 ; 阳台A / 5.22平米 / 东 南 / 普通窗 ; 阳台B / 3.16平米 / 西 / 普通窗 ; 储物间 / 3.42平米 / 无 / 无窗 ; 过道A / 3.06平米 / 无 / 无窗 ; 过道B / 1.83平米 / 无 / 无窗,
户型方方正正，室内光线充足通风良好位置安静居家舒适,"佳兆业中央广场三期 , 坂田",3室2厅,88.83平米,东南,精装,46层,2016年,塔楼,430 万,48408 元,2,,,近地铁 | VR看装修 | 随时看房,https://sz.lianjia.com/ershoufang/105116340087.html,地铁 | VR看装修 | 随时看房,南向三房两卫 次卧还多一个阳台 中间楼 位置安静,新社区，人车分流，24小时保安轮流值班，小区内有自己的健身广场和花园，园林式社区，自带大泳池，健身场所、会所，配套齐全，居家舒适,佳兆业城市广场社区依托高新技术产业园，物业形态丰富，集住宅、酒店、大型综合体配套于一体，小区旁边就是天安云谷、华为总部,10号线地铁物业，项目是挨着坂雪岗大道和坂澜大道，沿着坂雪岗大道可以去梅林关，也可以转布龙路转南坪快速和水官高速，也可以从转贝尔路再转梅关高速，上坂澜大道可以去观澜也可以去平湖；多条公交路线直达罗湖、福田，交通很便利,,,暂无数据,2024-03-13,商品房,普通住宅,暂无数据,非共有,无抵押,挂牌时间:2024-03-13 | 交易权属:商品房 | 上次交易:暂无数据 | 房屋用途:普通住宅 | 房屋年限:暂无数据 | 产权所属:非共有 | 抵押信息:无抵押 | 房本备件:未上传房本照片,客厅 / 28.72平米 / 无 / 未知窗户类型 ; 卧室A / 9.05平米 / 南 / 普通窗 ; 卧室B / 10.7平米 / 无 / 未知窗户类型 ; 卧室C / 6.32平米 / 西 / 普通窗 ; 厨房 / 8.21平米 / 西 / 普通窗 ; 卫A / 3.5平米 / 西 / 普通窗 ; 卫B / 4.24平米 / 无 / 普通窗 ; 阳台A / 4.83平米 / 东 南 / 普通窗 ; 阳台B / 1.96平米 / 西 / 普通窗 ; 阳台C / 2.78平米 / 西 / 普通窗 ; 过道 / 3.07平米 / 无 / 无窗,
坂田十二橡树庄园大别墅 一百平大露台花园 次新房精品,"十二橡树庄园二期 , 坂田",7室2厅,253.8平米,南,简装,上叠(共4层),2011年,,2100 万,82743 元,47,,,近地铁 | VR房源 | 房本满五年,https://sz.lianjia.com/ershoufang/105103251277.html,地铁 | VR房源 | 房本满五年,此房，为万科物业小区里高品质别墅，中铁九局目前在办公，,十二橡树是深圳唯一原石山别墅、深圳唯一电梯别墅、区域唯一台地别墅、230米礼宾大道、深圳唯一径端路设计、纯智能化小区，双拼、叠拼及小高层平面房，经典的北美庄园范本，是现代别墅生活新潮流。目前属于万科物业,"此房小区所在位置安静，鸟语花香，交通方便，较近的一个大型商场海达和成购物广场在五和地铁站B出口处，距离小区约600米，
阳光湾畔，坂田天虹商场，八号仓商场等，较近的综合市场扬马菜市场距离小区约500米，小区北面300米有坂田医院。","小区北面50米是布龙路，东面300米是坂雪岗大道，南面200米是永香路，西面400米是五和大道，各大要道相互交汇四通八达。
小区还是双地铁坂田，五和环中线分布于小区东西两侧约步行500米。目前还有一条十号线平湖到福田口岸的地铁线。
即将开通的坂银通道",,,2010-12-16,2019-10-25,商品房,别墅,满五年,非共有,有抵押 中国银行 业主自还,挂牌时间:2019-10-25 | 交易权属:商品房 | 上次交易:2010-12-16 | 房屋用途:别墅 | 房屋年限:满五年 | 产权所属:非共有 | 抵押信息:有抵押 中国银行 业主自还 | 房本备件:已上传房本照片,客厅A / 40.12平米 / 南 / 普通窗 ; 客厅B / 50.74平米 / 北 南 / 落地窗 ; 卧室A / 42.79平米 / 无 / 落地窗 ; 多功能间A / 50.82平米 / 无 / 普通窗 ; 卧室B / 38.36平米 / 无 / 落地窗 ; 多功能间B / 35.83平米 / 无 / 普通窗 ; 卫生间A / 3.58平米 / 无 / 普通窗 ; 卫生间B / 3.85平米 / 无 / 落地窗 ; 卫生间C / 8.89平米 / 无 / 普通窗 ; 卫生间D / 3.77平米 / 无 / 落地窗 ; 阳台A / 34.36平米 / 西 北 东 / 普通窗 ; 阳台B / 7.68平米 / 无 / 普通窗 ; 阳台C / 5.07平米 / 无 / 普通窗 ; 阳台D / 7.22平米 / 无 / 落地窗 ; 阳台E / 3.96平米 / 无 / 普通窗 ; 阳台F / 3.76平米 / 无 / 普通窗 ; 露台 / 32.35平米 / 无 / 普通窗 ; 花园A / 34.47平米 / 无 / 普通窗 ; 花园B / 41.17平米 / 西 东 南 / 普通窗 ; 储物间A / 19.4平米 / 无 / 无窗 ; 储物间B / 13.37平米 / 无 / 无窗 ; 储物间C / 18.83平米 / 无 / 无窗 ; 过道 / 1.86平米 / 无 / 无窗 ; 楼梯间A / 13.07平米 / 无 / 无窗 ; 楼梯间B / 13.57平米 / 无 / 无窗 ; 楼梯间C / 15.04平米 / 无 / 无窗 ; 楼梯间D / 13.64平米 / 无 / 无窗 ; 楼梯间E / 4.99平米 / 无 / 无窗 ; 衣帽间A / 11.3平米 / 无 / 无窗,
地铁口，大社区，位置安静，购物方便,"信义嘉御山5期 , 坂田",4室2厅,88.47平米,西北,精装,低楼层(共39层),2016年,塔楼,590 万,66690 元,2,,,VR房源,https://sz.lianjia.com/ershoufang/105114062439.html,VR房源,地铁口，大社区，位置安静，购物方便,,,小区出来贝尔路可快速上G94梅关高速，坂雪岗大道上坂银通道直通福田南山。 地铁出行：10号线坂田北站，10号线5号线中转站五和站。 楼下有6-7个公交站去往福田，南山，罗湖，龙华，龙岗，宝安，都有很多选择，交通便捷！！！,,,暂无数据,2023-06-24,商品房,普通住宅,暂无数据,非共有,有抵押 300万元,挂牌时间:2023-06-24 | 交易权属:商品房 | 上次交易:暂无数据 | 房屋用途:普通住宅 | 房屋年限:暂无数据 | 产权所属:非共有 | 抵押信息:有抵押 300万元 | 房本备件:未上传房本照片,客厅 / 31.72平米 / 西南 / 落地窗 ; 卧室A / 7.45平米 / 西北 / 普通窗 ; 卧室B / 9.45平米 / 西南 / 普通窗 ; 卧室C / 13.93平米 / 西 / 落地窗 ; 卧室D / 6平米 / 东北 西北 / 普通窗 ; 厨房 / 3.94平米 / 西北 / 普通窗 ; 卫生间A / 4.58平米 / 西北 / 落地窗 ; 卫生间B / 3.92平米 / 无 / 普通窗 ; 阳台A / 1.84平米 / 西北 / 普通窗 ; 阳台B / 5.66平米 / 东南 西北 西南 / 普通窗,
小区少见高使用率花园复式 满五唯一 hao装 ZY空调,"信义嘉御山 , 坂田",4室2厅,86.48平米,西南,精装,中楼层(共27层),2013年,板塔结合,795 万,91929 元,9,,,近地铁 | VR房源 | 房本满五年,https://sz.lianjia.com/ershoufang/105114110566.html,地铁 | VR房源 | 房本满五年,小区少见高使用率花园复式、满五年唯一、hao装、带ZY空调,信义嘉御山小区是信贤房地产开发的，小区物业为开发商自己的物业：信勤物业。小区采用24小时封闭式管理，每个出入口都是有保安值勤，居住在本小区舒适又安心。小区有15栋住宅楼，总户数3000多户，小区花园面积大，下班后下花园就可以跑步锻炼,信义嘉御山是坂田新的大社区的，小区一共有8期，目前1-5期已经交房入住，坂田双地铁口的大盘，一期楼下有天虹商场，有星巴克，KFC，面点王，健身会所，SAP等配套成熟，还开了佳华商场MAX.CITY有海底捞，探鱼等餐饮名店 各大银行围绕小区、旁边有大企业华为..,双地铁10号线、5号线物业，到深圳北站两个地铁站，信义嘉御山小区采用人车分流，绿化面积大，24小时封闭物业管理，居住环境舒适,,,2014-10-23,2023-06-29,商品房,普通住宅,满五年,非共有,有抵押,挂牌时间:2023-06-29 | 交易权属:商品房 | 上次交易:2014-10-23 | 房屋用途:普通住宅 | 房屋年限:满五年 | 产权所属:非共有 | 抵押信息:有抵押 | 房本备件:已上传房本照片,客厅 / 30.64平米 / 西南 / 普通窗 ; 卧室A / 9.52平米 / 无 / 未知窗户类型 ; 卧室B / 11.45平米 / 东南 / 落地窗 ; 卧室C / 9.55平米 / 无 / 未知窗户类型 ; 卧室D / 15.37平米 / 西南 / 普通窗 ; 厨房 / 4.74平米 / 无 / 未知窗户类型 ; 卫生间A / 3.51平米 / 无 / 未知窗户类型 ; 卫生间B / 7.71平米 / 东南 / 落地窗 ; 阳台A / 5.84平米 / 西南 东南 / 普通窗 ; 阳台B / 6.08平米 / 西南 东南 / 普通窗 ; 过道 / 11.38平米 / 无 / 无窗 ; 门厅 / 7.38平米 / 东南 / 普通窗,
厅出阳台，大三房，近地铁，精装修保养好，诚意急卖,"万科四季花城二期 , 坂田",3室2厅,107.06平米,东 西,简装,6层,2000年,板楼,445 万,41566 元,0,,,VR看装修 | 随时看房,https://sz.lianjia.com/ershoufang/105121097814.html,VR看装修 | 随时看房,厅出阳台，大三房，近地铁，精装修保养好，诚意急卖。,小区由万科地产集团开发，一共有36个独立苑，共分七期开发，花园式小区，绿化植被很多，带露天游泳池和健身会所及相应运动器械供住户健身，社区运动氛围棒；万科物业24小时严格管控，夜间有保安巡逻，外人基本无法随意出入，人车分流，充分保护行人安全。,小区内有博雅幼儿园、海丽达幼儿园等，商场类有华润万家，五和购物广场、海达和成购物广场、坂田民营市场等。医疗类有深圳坂田医院、龙华人民医院、布吉医院花城社康医院（小区内）；银行为招商银行、中国银行、民生银行自助机及平安银行等，各式卖菜.,小区东门距离地铁5号线和10号线100米，地铁连接的站点有深圳北站、布吉、太安、黄贝岭、宝安、前海湾（以上都为地铁中转站）交通发达，有布龙路、梅观高速、机荷高速、南坪快速等，乘坐公交或驾车出行到福田、罗湖、南山等地较方便,,,暂无数据,2025-06-15,商品房,普通住宅,暂无数据,共有,有抵押,挂牌时间:2025-06-15 | 交易权属:商品房 | 上次交易:暂无数据 | 房屋用途:普通住宅 | 房屋年限:暂无数据 | 产权所属:共有 | 抵押信息:有抵押 | 房本备件:未上传房本照片,客厅 / 32.21平米 / 西 东 / 普通窗 ; 卧室A / 8.22平米 / 东 / 普通窗 ; 卧室B / 12.52平米 / 西北 东北 东南 / 落地窗 ; 卧室C / 12.82平米 / 西 北 / 落地窗 ; 厨房 / 4.83平米 / 东 / 普通窗 ; 卫A / 3.57平米 / 东 / 普通窗 ; 卫B / 4.58平米 / 西 / 普通窗 ; 阳台A / 2.18平米 / 东 / 普通窗 ; 阳台B / 4.16平米 / 西 北 南 / 普通窗 ; 过道 / 2.52平米 / 无 / 无窗 ; 衣帽间 / 2.95平米 / 无 / 无窗,
看别墅景观大两房带大阳台满五唯一,"万科第五园三期 , 坂田",2室1厅,86.5平米,南,,中楼层(共15层),2007年,塔楼,398 万,46012 元,1,,,近地铁 | VR房源,https://sz.lianjia.com/ershoufang/105121741257.html,地铁 | VR房源,南向大阳台，看别墅山景，装修保养好，满五唯一税费少，端户安静,万科·第五园徽派建筑元素和晋派建筑元素风格，将传统与现代、中式与西式很好地嫁接和结合，营造出适合中国人居住的传统居住环境，个性的白墙黛瓦、变通的小窗、细纹的墙脚、清砖的步行道、密集的青竹林、天井绿化、不可窥视镂空墙、通而不透的屏风。,"小区自带21000㎡商.业，300米有万科里和湾畔MALL, 2公里有万科广场，8号仓奥特莱斯，星河C0C0PARK，附.近有坂田国际中.心、坂田手造文化街；文体：6500㎡运动公园，包含5个泳池、10个羽毛球场、2个篮球场，1个网球场。",第五园三期位于雅园路与环城南路交汇处，步行800米到10号线光雅园站，三站即达福田。步行1.3公里到坂田地铁站，可直达南山、龙华、罗湖。开车经坂银隧道，10分即达福田。小区门口是第五园三期公交站，有各路公交可以到达福田、南山、龙华。,,,暂无数据,2025-08-10,商品房,普通住宅,暂无数据,非共有,有抵押,挂牌时间:2025-08-10 | 交易权属:商品房 | 上次交易:暂无数据 | 房屋用途:普通住宅 | 房屋年限:暂无数据 | 产权所属:非共有 | 抵押信息:有抵押 | 房本备件:未上传房本照片,客厅 / 32.87平米 / 南 / 普通窗 ; 卧室A / 11.57平米 / 南 / 落地窗 ; 卧室B / 8.84平米 / 无 / 未知窗户类型 ; 厨房 / 4.99平米 / 南 / 普通窗 ; 卫 / 3.49平米 / 西 / 普通窗 ; 阳台A / 1.67平米 / 南 / 普通窗 ; 阳台B / 7.63平米 / 南 / 普通窗 ; 阳台C / 5.04平米 / 西 南 / 落地窗,
城广五期 精装修自住 楼下是雪象地铁口 朝南看花园,"佳兆业城市广场五期 , 坂田",3室2厅,89.65平米,南,精装,高楼层(共43层),2019年,板楼,448 万,49973 元,1,,,近地铁 | VR看装修 | 房本满五年,https://sz.lianjia.com/ershoufang/105121125243.html,地铁 | VR看装修 | 房本满五年,此房满五年唯一 有欠款 业主自已住  看房预约 业主诚心出售,小区总共分为6期，壹万多户的大盘，总占地约三十万，项目总建面约壹佰捌拾万平米。3个幼儿园：十五万平米综合MALL，加270米酒店（六期项目），二期的地理位置在其他几期的中间位置，分别被一期、三期、五期环抱，位置安静,新社区，人车分流，24小时保安轮流值班，社区有自己的健身广场和花园，园林式社区。占地约三十万平，建面约壹佰捌拾万平米，依托高新技术产业园，佳兆业城市广场物业形态丰富，集住宅、酒店于一体。小区左边是天安云谷、华为总部基地，配套齐全,项目靠着坂雪岗大道和坂澜大道，沿着坂雪岗大道可以去梅林关（去关内方向）、也可以转布龙路转南坪快速和水官高速，也可以从转贝尔路再转梅关高速，上坂澜大道可以去观澜也可以去平湖。地铁10号线两个地铁口，岗头站和雪象站，交通便利。,,,2017-12-24,2025-06-18,商品房,普通住宅,满五年,非共有,有抵押,挂牌时间:2025-06-18 | 交易权属:商品房 | 上次交易:2017-12-24 | 房屋用途:普通住宅 | 房屋年限:满五年 | 产权所属:非共有 | 抵押信息:有抵押 | 房本备件:已上传房本照片,客厅 / 20.03平米 / 北 / 落地窗 ; 卧室A / 9.57平米 / 无 / 未知窗户类型 ; 卧室B / 11.98平米 / 无 / 未知窗户类型 ; 卧室C / 9.77平米 / 北 / 普通窗 ; 厨房 / 18.43平米 / 北 / 普通窗 ; 卫A / 3.25平米 / 北 / 普通窗 ; 卫B / 3.06平米 / 无 / 无窗 ; 阳台A / 4.2平米 / 北 / 落地窗 ; 阳台B / 3.63平米 / 北 / 普通窗 ; 过道 / 4.84平米 / 无 / 无窗,
春华四季园一期 3室3厅 南,"春华四季园一期 , 坂田",3室3厅,100.46平米,南,,低楼层(共17层),2006年,板塔结合,580 万,57735 元,0,,27天以前发布,近地铁 | VR房源,https://sz.lianjia.com/ershoufang/105122085982.html,地铁 | VR房源,,,,,,,暂无数据,2025-09-10,商品房,普通住宅,暂无数据,非共有,暂无数据,挂牌时间:2025-09-10 | 交易权属:商品房 | 上次交易:暂无数据 | 房屋用途:普通住宅 | 房屋年限:暂无数据 | 产权所属:非共有 | 抵押信息:暂无数据 | 房本备件:未上传房本照片,客厅 / 32.87平米 / 无 / 未知窗户类型 ; 卧室A / 10.78平米 / 西南 / 普通窗 ; 卧室B / 8.42平米 / 无 / 未知窗户类型 ; 卧室C / 9.24平米 / 无 / 未知窗户类型 ; 卧室D / 8.43平米 / 东北 / 落地窗 ; 厨房 / 5.22平米 / 东北 / 普通窗 ; 卫A / 4.63平米 / 西南 / 普通窗 ; 卫B / 3.73平米 / 无 / 未知窗户类型 ; 阳台 / 11.56平米 / 西南 西北 / 普通窗 ; 入户花园 / 17.68平米 / 东北 / 落地窗 ; 过道A / 2.81平米 / 无 / 无窗 ; 过道B / 8.46平米 / 西南 东 / 落地窗,
满五 次新小区 带入户花园储物间 实用 保养好 中层,"佳兆业城市广场五期 , 坂田",3室2厅,91.58平米,西北,精装,高楼层(共43层),2019年,板楼,500 万,54598 元,0,,,近地铁 | VR看装修 | 房本满五年 | 随时看房,https://sz.lianjia.com/ershoufang/105122000947.html,地铁 | VR看装修 | 房本满五年 | 随时看房,满五 次新小区 带入户花园储物间 实用 保养好 中层 定制家私,小区总共分为6期，壹万多户的大盘，总占地约三十万，项目总建面约壹佰捌拾万平米。3个幼儿园：十五万平米综合MALL，加270米酒店（六期项目），二期的地理位置在其他几期的中间位置，分别被一期、三期、五期环抱，位置安静。,,地铁十号线雪象站A出口，沿着坂雪岗大道可以去梅林关（去关内方向）、也可以转布龙路转南坪快速和水官高速，也可以从转贝尔路再转梅关高速，上坂澜大道可以去观澜也可以去平湖。交通很方便。高速交通：梅观高速、清平高速、坂雪岗大道、南坪快速,,,2018-03-28,2025-09-02,商品房,普通住宅,满五年,非共有,有抵押 客户偿还,挂牌时间:2025-09-02 | 交易权属:商品房 | 上次交易:2018-03-28 | 房屋用途:普通住宅 | 房屋年限:满五年 | 产权所属:非共有 | 抵押信息:有抵押 客户偿还 | 房本备件:已上传房本照片,客厅 / 26.27平米 / 北 / 落地窗 ; 卧室A / 7.82平米 / 无 / 未知窗户类型 ; 卧室B / 12.28平米 / 无 / 未知窗户类型 ; 卧室C / 6.77平米 / 无 / 落地窗 ; 卧室D / 6.16平米 / 东 / 落地窗 ; 厨房 / 5.86平米 / 东 / 落地窗 ; 卫A / 4.5平米 / 无 / 未知窗户类型 ; 卫B / 3.96平米 / 无 / 未知窗户类型 ; 阳台A / 3.81平米 / 北 东 / 落地窗 ; 阳台B / 4.94平米 / 东 / 落地窗 ; 过道 / 3.25平米 / 无 / 无窗,
佳兆业城市广场五期 2室1厅 东,"佳兆业城市广场五期 , 坂田",2室1厅,50.11平米,东,,中楼层(共39层),2019年,塔楼,126 万,25145 元,1,,,近地铁,https://sz.lianjia.com/ershoufang/105121398662.html,地铁,,,,,,,暂无数据,2025-07-10,商品房,商业办公类,暂无数据,非共有,有抵押 80万元 兴业银行 业主自还,挂牌时间:2025-07-10 | 交易权属:商品房 | 上次交易:暂无数据 | 房屋用途:商业办公类 | 房屋年限:暂无数据 | 产权所属:非共有 | 抵押信息:有抵押 80万元 兴业银行 业主自还 | 房本备件:未上传房本照片,客厅 / 24.64平米 / 东 / 落地窗 ; 卧室A / 7.34平米 / 无 / 无窗 ; 卧室B / 7.62平米 / 无 / 无窗 ; 卫 / 3.73平米 / 无 / 无窗 ; 过道 / 4.71平米 / 无 / 无窗,
月朗苑少有一楼复式 带花园 实用率高，满五年,"中海月朗苑 , 坂田",3室2厅,46.38平米,南,,低楼层(共18层),2006年,板楼,508 万,109530 元,1,,12天以前发布,近地铁 | VR房源,https://sz.lianjia.com/ershoufang/105122252532.html,地铁 | VR房源,月朗苑少有一楼复式 带花园 实用率高，满五年,小区是中海地产开发，2007年房子，民水民电，小区绿化好，环境挺不错，物业也是中海自己的物业。,和万科第五园为邻，共享成熟社区配套，近南坪快速、板银通道，交通也便利。,,,,暂无数据,2025-09-26,商品房,普通住宅,暂无数据,非共有,有抵押 165万元,挂牌时间:2025-09-26 | 交易权属:商品房 | 上次交易:暂无数据 | 房屋用途:普通住宅 | 房屋年限:暂无数据 | 产权所属:非共有 | 抵押信息:有抵押 165万元 | 房本备件:未上传房本照片,客厅 / 30.86平米 / 北 / 落地窗 ; 卧室A / 9.18平米 / 北 / 普通窗 ; 卧室B / 13.54平米 / 北 / 普通窗 ; 卧室C / 5.7平米 / 无 / 无窗 ; 厨房 / 5.81平米 / 无 / 无窗 ; 卫生间A / 4.15平米 / 无 / 无窗 ; 卫生间B / 5.14平米 / 无 / 无窗 ; 阳台A / 18.56平米 / 西 北 东 / 落地窗 ; 阳台B / 18.24平米 / 西 北 东 / 普通窗 ; 过道 / 7.34平米 / 无 / 无窗,
双拼户型 使用面积大 通透四房 接受市场价急售,"十二橡树庄园一期 , 坂田",2室1厅,68.09平米,南,,中楼层(共13层),2011年,板楼,395 万,58012 元,0,,,近地铁 | VR看装修,https://sz.lianjia.com/ershoufang/105121965236.html,地铁 | VR看装修,双拼户型 使用面积大 通透大四房接受市场价急售,十二橡树是深圳唯一原石山别墅、深圳唯一电梯别墅、区域唯一台地别墅、230米礼宾大道、深圳唯一径端路设计、纯智能化小区 ，双拼、叠拼及小高层平面房，经典的北美庄园范本，是现代别墅生活新潮流。目前属于万科物业管理。,此房小区所在位置安静，鸟语花香，交通方便，较近的一个大型商场海达和成购物广场在五和地铁站B出口处，距离小区约600米， 万科生活广场，阳光湾畔，坂田天虹商场，八号仓商场等，较近的综合市场扬马菜市场距离小区约500米，小区北面300米有坂田医院,小区北面50米是布龙路，东面300米是坂雪岗大道，南面200米是永香路，西面400米是五和大道，各大要道相互交汇四通八达。 小区还是双地铁坂田，五和环中线分布于小区东西两侧约步行500米。目前还有一条十号线平湖到福田口岸的地铁线，已开通的坂银通道。,,,暂无数据,2025-08-30,商品房,普通住宅,暂无数据,非共有,无抵押,挂牌时间:2025-08-30 | 交易权属:商品房 | 上次交易:暂无数据 | 房屋用途:普通住宅 | 房屋年限:暂无数据 | 产权所属:非共有 | 抵押信息:无抵押 | 房本备件:未上传房本照片,客厅 / 23.87平米 / 南 / 普通窗 ; 卧室A / 13.04平米 / 无 / 未知窗户类型 ; 卧室B / 4.56平米 / 南 / 落地窗 ; 厨房 / 4.26平米 / 南 / 普通窗 ; 卫 / 4.03平米 / 无 / 无窗 ; 阳台 / 3.29平米 / 南 / 普通窗,
嘉御山三房 诚心出售 满五年红本 高层日照采光好,"信义嘉御山 , 坂田",3室2厅,66.34平米,东南 西北,简装,高楼层(共33层),2015年,板塔结合,410 万,61803 元,3,,,近地铁 | VR看装修,https://sz.lianjia.com/ershoufang/105121588807.html,地铁 | VR看装修,此房满五年红本在手 看房方便业主诚心出售,信义嘉御山小区比较大占地一拾万平绿化42新加坡东南亚园林风格容积只有3.2楼间距很宽总共15栋总户数3008户小区自带游泳池和三个儿童幼儿区整个小区户型比较大可使用面积大,小区门口是坂田天虹商场 总共4楼层 ，一路之隔是佳华商场 MAXcity . 菜市场也只有380米 走路就可以到。,,,,暂无数据,2025-07-27,商品房,普通住宅,暂无数据,非共有,无抵押,挂牌时间:2025-07-27 | 交易权属:商品房 | 上次交易:暂无数据 | 房屋用途:普通住宅 | 房屋年限:暂无数据 | 产权所属:非共有 | 抵押信息:无抵押 | 房本备件:未上传房本照片,客厅 / 25.09平米 / 西北 东 / 落地窗 ; 书房 / 6.41平米 / 东南 / 落地窗 ; 卧室A / 9.43平米 / 西北 / 落地窗 ; 卧室B / 8.82平米 / 西北 / 普通窗 ; 厨房 / 5.06平米 / 西北 / 普通窗 ; 卫 / 2.57平米 / 西南 / 普通窗 ; 阳台 / 5.38平米 / 西南 西北 东北 / 普通窗,
中浩吉祥花园 2室2厅 南,"中浩吉祥花园 , 坂田",2室2厅,74.78平米,南,,高楼层(共7层),,板塔结合,238 万,31827 元,0,,19天以前发布,近地铁 | VR看装修 | 房本满五年,https://sz.lianjia.com/ershoufang/105122180336.html,地铁 | VR看装修 | 房本满五年,,,,,,,2010-08-03,2025-09-19,商品房,普通住宅,满五年,非共有,有抵押 欠建行205万,挂牌时间:2025-09-19 | 交易权属:商品房 | 上次交易:2010-08-03 | 房屋用途:普通住宅 | 房屋年限:满五年 | 产权所属:非共有 | 抵押信息:有抵押 欠建行205万 | 房本备件:已上传房本照片,客厅 / 28.7平米 / 西南 / 普通窗 ; 卧室A / 6.55平米 / 西南 / 普通窗 ; 卧室B / 11.42平米 / 西南 / 普通窗 ; 厨房 / 4.96平米 / 东南 / 普通窗 ; 卫 / 3.81平米 / 东南 / 普通窗 ; 阳台A / 4.52平米 / 西南 东南 / 普通窗 ; 阳台B / 3.14平米 / 东南 / 普通窗,
星河银湖谷 5室1厅 东南,"星河银湖谷 , 坂田",5室1厅,140.1平米,东南,,中楼层(共47层),2016年,板塔结合,1145 万,81728 元,0,,,VR房源 | 随时看房,https://sz.lianjia.com/ershoufang/105122001859.html,VR房源 | 随时看房,,,,,,,暂无数据,2025-09-03,商品房,普通住宅,暂无数据,非共有,无抵押,挂牌时间:2025-09-03 | 交易权属:商品房 | 上次交易:暂无数据 | 房屋用途:普通住宅 | 房屋年限:暂无数据 | 产权所属:非共有 | 抵押信息:无抵押 | 房本备件:未上传房本照片,客厅 / 39.2平米 / 北 / 普通窗 ; 卧室A / 8.29平米 / 北 / 落地窗 ; 卧室B / 8.32平米 / 无 / 未知窗户类型 ; 卧室C / 15.06平米 / 北 / 落地窗 ; 卧室D / 12.07平米 / 无 / 未知窗户类型 ; 卧室E / 8.99平米 / 北 / 落地窗 ; 厨房 / 7.27平米 / 北 / 普通窗 ; 卫A / 6.48平米 / 无 / 未知窗户类型 ; 卫B / 3.99平米 / 北 / 落地窗 ; 阳台A / 5.03平米 / 北 / 普通窗 ; 阳台B / 2.41平米 / 北 / 普通窗,
房子满五年 高楼层 采光很好 南向 楼间距宽看花园,"佳兆业中央广场一期 , 坂田",3室2厅,88.92平米,南,简装,高楼层(共48层),2013年,塔楼,438 万,49258 元,0,,,近地铁 | VR看装修 | 随时看房,https://sz.lianjia.com/ershoufang/105121730282.html,地铁 | VR看装修 | 随时看房,房子满五年 高楼层 采光超好 朝南 楼间距宽看花园诚心出售,次新社区，人车分流，24小时保安轮流值班，社区有自己的健身广场和花园，园林式社区。占地约3O万平，建面约I8O万平米，依托高新技术产业园，佳兆业城市广场物业形态丰富，旁边就是天安云谷、华为总部。,,小区是挨着坂雪岗大道和坂澜大道，沿着坂雪岗大道可以去梅林关（去关内方向）、也可以转布龙路转南坪快速和水官高速，也可以从转贝尔路再转梅关高速，上坂澜大道可以去观澜也可以去平湖。交通很方便。高速交通：梅观高速、清平高速、坂雪岗大道、南坪快速.,,,暂无数据,2025-08-09,商品房,普通住宅,暂无数据,非共有,有抵押 90万元 银行,挂牌时间:2025-08-09 | 交易权属:商品房 | 上次交易:暂无数据 | 房屋用途:普通住宅 | 房屋年限:暂无数据 | 产权所属:非共有 | 抵押信息:有抵押 90万元 银行 | 房本备件:未上传房本照片,客厅 / 21.89平米 / 南 / 落地窗 ; 卧室A / 7.48平米 / 南 / 普通窗 ; 卧室B / 12.17平米 / 无 / 未知窗户类型 ; 卧室C / 9.31平米 / 西 / 落地窗 ; 厨房 / 4.93平米 / 西 / 普通窗 ; 卫A / 2.67平米 / 西 / 普通窗 ; 卫B / 4.02平米 / 无 / 普通窗 ; 阳台A / 6.27平米 / 西 东 南 / 普通窗 ; 阳台B / 3.3平米 / 西 / 普通窗 ; 过道 / 2.87平米 / 无 / 无窗,
次新小区精装修，满五唯一税费少，诚心出售,"华晖瑞禧 , 坂田",4室2厅,103.9平米,东南,精装,中楼层(共32层),2020年,塔楼,596 万,57363 元,0,,,近地铁 | VR看装修,https://sz.lianjia.com/ershoufang/105121778639.html,地铁 | VR看装修,业主重新装修，储物超级足，东南的视野超级棒,2020年次新小区，小区位于银湖山1公里处，距鸡公山隧道1.5公里，方便到达罗湖，福田，南山。自带幼儿园，充足停车位，楼下买生活所需也方便,,两横四纵”成熟交通路网体系（两横：布龙路、南坪快速；四纵：五和大道、坂雪岗大道、梅观高速、清平高速）；邻近地铁5号线坂田站； 地处鸡公山通道首排，约一刻钟直达福田区，建立起快速通达全城的半小时生活圈。,,,暂无数据,2025-08-13,商品房,普通住宅,暂无数据,非共有,有抵押 380万元 工商银行,挂牌时间:2025-08-13 | 交易权属:商品房 | 上次交易:暂无数据 | 房屋用途:普通住宅 | 房屋年限:暂无数据 | 产权所属:非共有 | 抵押信息:有抵押 380万元 工商银行 | 房本备件:未上传房本照片,客厅 / 24.21平米 / 东南 / 普通窗 ; 卧室A / 7.15平米 / 西北 / 落地窗 ; 卧室B / 6.74平米 / 无 / 未知窗户类型 ; 卧室C / 8.15平米 / 无 / 未知窗户类型 ; 卧室D / 14.09平米 / 东南 / 落地窗 ; 厨房 / 4.47平米 / 东南 / 普通窗 ; 卫A / 4.17平米 / 西北 / 普通窗 ; 卫B / 5.07平米 / 无 / 未知窗户类型 ; 阳台 / 4.19平米 / 东南 / 普通窗 ; 门厅 / 3.07平米 / 无 / 无窗,
业主诚意出售，东向朝花园，安静舒适，满五唯一,"信义嘉御山5期 , 坂田",4室2厅,88.75平米,东北,精装,高楼层(共39层),2016年,塔楼,620 万,69860 元,0,,,VR看装修 | 房本满五年 | 随时看房,https://sz.lianjia.com/ershoufang/105121716384.html,VR看装修 | 房本满五年 | 随时看房,此房满五唯一，税费少; 高楼层，东北看花园，视野无遮挡，采光好,,小区下面自带底层店铺，开发商自持，目前已全部进驻，包括中西式餐饮、教育培训、婴幼儿用品，便利店及坂田天虹旗舰店，生活方便，小区内有幼儿园，家门口尽享优质生活，小区南侧是MIX City7层楼综合商心街区，有百佳华chao市，海底捞，麦当劳，星巴克等..,开车出行:小区出来贝尔路可快速上G94梅关高速，坂雪岗大道上坂银通道直通福田南山。地铁出行:10号线坂田北站，10号线5号线中转站五和站。公交出行:里石排站，坂田市场站，坂田路口站，坂田路口北站等,,,2016-02-19,2025-08-08,商品房,普通住宅,满五年,非共有,有抵押 50万元 业主自还,挂牌时间:2025-08-08 | 交易权属:商品房 | 上次交易:2016-02-19 | 房屋用途:普通住宅 | 房屋年限:满五年 | 产权所属:非共有 | 抵押信息:有抵押 50万元 业主自还 | 房本备件:已上传房本照片,客厅 / 27.35平米 / 无 / 未知窗户类型 ; 卧室A / 9.29平米 / 东北 / 普通窗 ; 卧室B / 13.96平米 / 无 / 未知窗户类型 ; 卧室C / 6.17平米 / 西南 西北 / 普通窗 ; 卧室D / 7.44平米 / 西北 / 普通窗 ; 厨房 / 4.05平米 / 西北 / 普通窗 ; 卫A / 4.1平米 / 无 / 未知窗户类型 ; 卫B / 3.64平米 / 无 / 普通窗 ; 阳台A / 6.15平米 / 西北 东北 东南 / 普通窗 ; 阳台B / 1.78平米 / 西北 / 普通窗 ; 过道 / 2.9平米 / 无 / 无窗,
精装3+2房，位置安静看花园，满五唯一税少，业主诚售,"佳兆业中央广场三期 , 坂田",3室2厅,88.03平米,南,精装,46层,2015年,塔楼,505 万,57367 元,3,,,近地铁 | VR看装修 | 房本满五年,https://sz.lianjia.com/ershoufang/105120212035.html,地铁 | VR看装修 | 房本满五年,满五唯一看花园，位置安静， 带入户花园和储物间，实用面积大,社区，总共分为6期，人车分流，24小时保安轮流值班，社区有自己的健身广场和花园，园林式社区。占地约300000平，建面约1800000平米，依托高新技术产业园，佳兆业城市广场物业形态丰富，集住宅、酒店于一体。小区左边是天安云谷、华为总部,社区，总共分为6期，人车分流，24小时保安轮流值班，社区有自己的健身广场和花园，园林式社区。占地约300000平，建面约1800000平米，依托高新技术产业园，佳兆业城市广场物业形态丰富，集住宅、酒店于一体。小区左边是天安云谷、华为总部,,,,2015-08-25,2025-03-28,商品房,普通住宅,满五年,非共有,有抵押 450万元 建设银行 客户偿还,挂牌时间:2025-03-28 | 交易权属:商品房 | 上次交易:2015-08-25 | 房屋用途:普通住宅 | 房屋年限:满五年 | 产权所属:非共有 | 抵押信息:有抵押 450万元 建设银行 客户偿还 | 房本备件:已上传房本照片,客厅 / 33.6平米 / 北 / 落地窗 ; 卧室01 / 7.92平米 / 无 / 未知窗户类型 ; 卧室02 / 12.25平米 / 无 / 未知窗户类型 ; 卧室03 / 8.19平米 / 无 / 未知窗户类型 ; 厨房 / 8.45平米 / 西 / 普通窗 ; 卫01 / 3.38平米 / 北 / 普通窗 ; 卫02 / 3.44平米 / 北 / 普通窗 ; 阳台01 / 6.93平米 / 北 / 普通窗 ; 阳台02 / 3.79平米 / 西 / 普通窗 ; 储物间 / 4.46平米 / 无 / 无窗 ; 过道 / 5.32平米 / 无 / 无窗,
春华四季园一期 3室2厅 南,"春华四季园一期 , 坂田",3室2厅,110.86平米,南,精装,中楼层(共11层),2006年,板楼,598 万,53942 元,0,,,近地铁 | VR看装修 | 随时看房,https://sz.lianjia.com/ershoufang/105120827498.html,地铁 | VR看装修 | 随时看房,,,,,,,暂无数据,2025-05-23,商品房,普通住宅,暂无数据,非共有,有抵押 金融公司垫资,挂牌时间:2025-05-23 | 交易权属:商品房 | 上次交易:暂无数据 | 房屋用途:普通住宅 | 房屋年限:暂无数据 | 产权所属:非共有 | 抵押信息:有抵押 金融公司垫资 | 房本备件:未上传房本照片,客厅 / 40.84平米 / 北 / 落地窗 ; 卧室A / 16.23平米 / 北 / 普通窗 ; 卧室B / 8.77平米 / 无 / 未知窗户类型 ; 卧室C / 14.03平米 / 无 / 未知窗户类型 ; 厨房 / 4.14平米 / 无 / 无窗 ; 卫A / 3.49平米 / 北 / 普通窗 ; 卫B / 4.7平米 / 无 / 未知窗户类型 ; 阳台A / 5.35平米 / 北 / 普通窗 ; 阳台B / 5.88平米 / 北 / 普通窗 ; 过道 / 5.31平米 / 无 / 无窗,
南北通透四房，业主诚心卖，价格可谈,"信义嘉御山5期 , 坂田",4室2厅,88.97平米,南 北,精装,低楼层(共39层),2016年,塔楼,660 万,74183 元,0,,,VR看装修,https://sz.lianjia.com/ershoufang/105120791475.html,VR看装修,通风采光好，业主诚心卖，看房方便。,信义嘉御山是坂田新的大社区的，小区一共有5期，坂田双地铁口的大盘，一期楼下有天虹商场，有星巴克，KFC，面点王，健身会所，SAP等配套成熟，还开了佳华商场MAX.CITY有海底捞，探鱼等餐饮名店 各大银行围绕小区、旁边有大企业华为,,地铁出行：10号线坂田北站，10号线5号线中转站五和站。未来是五和交通枢纽，畅行深圳各地。 公交出行：里石排站，坂田市场站，坂田路口站，坂田路口北站等。1.东临五和大道接梅观，龙华，福田畅行。2.接坂银通道，畅通罗湖，福田,,,暂无数据,2025-05-20,商品房,普通住宅,暂无数据,非共有,有抵押 200万元,挂牌时间:2025-05-20 | 交易权属:商品房 | 上次交易:暂无数据 | 房屋用途:普通住宅 | 房屋年限:暂无数据 | 产权所属:非共有 | 抵押信息:有抵押 200万元 | 房本备件:未上传房本照片,客厅 / 28.33平米 / 北 / 落地窗 ; 卧室A / 7.94平米 / 北 / 普通窗 ; 卧室B / 12.94平米 / 无 / 未知窗户类型 ; 卧室C / 9.68平米 / 北 / 普通窗 ; 卧室D / 8.48平米 / 北 / 普通窗 ; 厨房 / 5.35平米 / 北 / 普通窗 ; 卫A / 4.66平米 / 北 / 落地窗 ; 卫B / 4.43平米 / 北 / 落地窗 ; 阳台A / 1.76平米 / 北 / 普通窗 ; 阳台B / 5.57平米 / 北 / 普通窗 ; 过道 / 3.32平米 / 无 / 无窗,
嘉御山新上南北通大两房 落地窗 适中楼层  满五唯一,"信义嘉御山 , 坂田",2室2厅,73.51平米,东南 西北,精装,中楼层(共33层),2013年,板塔结合,468 万,63665 元,0,,,近地铁 | VR看装修 | 房本满五年,https://sz.lianjia.com/ershoufang/105120468239.html,地铁 | VR看装修 | 房本满五年,此房满五唯一，适中楼层，南北通透，采光通风好，装修保养好,信义嘉御豪园分三期开发，占地近100000平米，建面400000平，共3008户。2013-2015年底交房，小区内有泳池，配套有公里龙岗机关幼儿园，户型多样，66平-77平，方正通透的两房；83-88平，朝南或南北的三房户型；85平 复式 四房三卫；117-217平 改善大户型,"信义嘉御山是坂田新的大社区的，小区一共有8期，目前1-5期已经交房入住，6-8期还没有开盘的，坂田北地铁口的大盘，一期楼下有天虹商场，有星巴克，面点王，健身会所，SAP等，17年地还开了佳华商场MAX.CITY.,有海底捞，探鱼等餐饮名店",小区是双地铁10&5号线物业，到深圳北站两个地铁站，信义嘉御山小区采用人车分流，绿化面积大，24小时封闭物业管理，居住环境舒适。,,,2013-01-23,2025-04-20,商品房,普通住宅,满五年,非共有,有抵押 建行,挂牌时间:2025-04-20 | 交易权属:商品房 | 上次交易:2013-01-23 | 房屋用途:普通住宅 | 房屋年限:满五年 | 产权所属:非共有 | 抵押信息:有抵押 建行 | 房本备件:已上传房本照片,客厅 / 24.6平米 / 无 / 未知窗户类型 ; 卧室01 / 18.93平米 / 无 / 未知窗户类型 ; 卧室02 / 9.18平米 / 北 / 普通窗 ; 厨房 / 5.29平米 / 无 / 未知窗户类型 ; 卫 / 4.52平米 / 无 / 未知窗户类型 ; 阳台 / 5.05平米 / 北 / 普通窗 ; 过道 / 3.02平米 / 无 / 无窗,
银湖谷高楼层看水库银湖山户型诚心出售,"星河银湖谷 , 坂田",4室2厅,146.22平米,东南,精装,高楼层(共47层),2016年,板塔结合,1300 万,88908 元,1,,,VR看装修,https://sz.lianjia.com/ershoufang/105121293690.html,VR看装修,此房满五年，唯一，业主自住，诚心出售的，,星河WORLD银湖谷住宅面积为200000㎡，拥有5500㎡园林和泳池，人车分流的规划设计，港式入户大堂，览山阅湖景视野。约700000㎡商务楼群，集300米高层双子塔地和生态写字楼于一体，是金融产业、高新科技、创新产业的总部型经济聚集地,梅林关口，深圳北站商圈，片区交通不断完善，27年星河匠心集大成之作，自持运营大量物业，星河斥巨资打造1600000平航母级综合体，万亿园区产业助力持续 约750000平米联盟。,10号线雅宝站，已经开通。南平快速延长线，新彩隧道，坂银隧道，梅关高速，五大交通便捷到到达深圳各区。 坂银遂道已经通车去往罗湖福田近,,,暂无数据,2025-07-01,商品房,普通住宅,暂无数据,非共有,有抵押 500万元 招商 客户偿还,挂牌时间:2025-07-01 | 交易权属:商品房 | 上次交易:暂无数据 | 房屋用途:普通住宅 | 房屋年限:暂无数据 | 产权所属:非共有 | 抵押信息:有抵押 500万元 招商 客户偿还 | 房本备件:未上传房本照片,客厅 / 56.28平米 / 无 / 未知窗户类型 ; 卧室A / 9.15平米 / 东北 / 落地窗 ; 卧室B / 13.35平米 / 东北 东南 / 落地窗 ; 卧室C / 27.03平米 / 东南 / 落地窗 ; 厨房 / 10.25平米 / 西南 / 普通窗 ; 卫A / 2.89平米 / 无 / 未知窗户类型 ; 卫B / 6.78平米 / 无 / 未知窗户类型 ; 阳台 / 6.32平米 / 西南 东北 东南 / 普通窗,
四季花城中间楼层大三房 出门就是地铁口 满五年税少,"万科四季花城二期 , 坂田",3室2厅,98.36平米,东 西,,6层,2000年,板楼,480 万,48801 元,1,,,近地铁 | VR看装修,https://sz.lianjia.com/ershoufang/105120979068.html,地铁 | VR看装修,户型方正三房，中间楼层，满五年，税费少。,小区由万科地产集团开发，一共有36个独立苑，共分七期开发，花园式小区，绿化植被很多，带露天游泳池和健身会所及相应运动器械供住户健身，社区运动氛围棒；万科物业24小时严格管控，夜间有保安巡逻，外人基本无法随意出入，人车分流，充分保护行人!,小区内有2个公立幼儿园、海丽达幼儿园，华润万家，五和购物广场、海达和成购物广场、坂田民营市场等。医疗类有深圳坂田医院、龙华人民医院、布吉医院花城社康医院（小区内）；银行为招商银行、中国银行、民生银行自助机及平安银行等，各式卖菜.,地铁5号线和10号线五和站A口350米，交通发达，小区旁边有布龙路、梅观高速、机荷高速、南坪快速等，乘坐公交或驾车出行到福田、罗湖、南山等地较方便（距离信息来源于百度地图）还有在修的深大城际和深惠城际,,,暂无数据,2025-06-06,商品房,普通住宅,暂无数据,非共有,有抵押 106万元,挂牌时间:2025-06-06 | 交易权属:商品房 | 上次交易:暂无数据 | 房屋用途:普通住宅 | 房屋年限:暂无数据 | 产权所属:非共有 | 抵押信息:有抵押 106万元 | 房本备件:未上传房本照片,客厅 / 32.96平米 / 西 东 / 普通窗 ; 卧室A / 7.12平米 / 东 / 普通窗 ; 卧室B / 8.41平米 / 东 / 落地窗 ; 卧室C / 15.56平米 / 无 / 未知窗户类型 ; 厨房 / 4.79平米 / 东 / 普通窗 ; 卫A / 3.1平米 / 南 / 普通窗 ; 卫B / 4平米 / 东 / 普通窗 ; 阳台A / 2.78平米 / 东 / 普通窗 ; 阳台B / 4.45平米 / 西 西南 北 西北 南 / 普通窗 ; 过道 / 2.27平米 / 无 / 无窗,
看了就喜欢的户型，一手业主从未入住，户型方正格局,"信义嘉御山 , 坂田",4室2厅,143.77平米,东南,精装,低楼层(共31层),2013年,板塔结合,860 万,59818 元,0,,,近地铁 | VR房源,https://sz.lianjia.com/ershoufang/105121290121.html,地铁 | VR房源,小区在售户型 中间位置 中间楼层，东南向 业主非常诚意卖,信义嘉御山 新加坡风情园林小区，绿化好 环境优，小区里 游泳池儿童游乐场健身花园 公立幼儿园一应俱全；人车分流 花园很大 小区内无障碍跑道一圈约一公里，很适合家里有老人小孩儿 ，和喜欢散步跑步的家庭居住,"信义嘉御山是坂田新的大社区的，小区一共有8期，目前1-5期已经交房入住，6-8期还没有开盘的，坂田北地铁口的大盘，一期楼下有天虹商场，有星巴克，面点王，健身会所，SAP等，17年地还开了佳华商场MAX.CITY.,有海底捞，探鱼等餐饮名店",小区在五和大道与吉华路交汇处，五和大道南北向，吉华路东西向，均是坂田的交通主干道。公交站台有坂田天虹，五和路口北，五和路口，坂田市场。地铁轨道交通有地铁5号线和地铁10号线，距离最近的地铁站为5号线五和站和10号线坂田北站,,,暂无数据,2025-07-01,商品房,普通住宅,暂无数据,非共有,无抵押,挂牌时间:2025-07-01 | 交易权属:商品房 | 上次交易:暂无数据 | 房屋用途:普通住宅 | 房屋年限:暂无数据 | 产权所属:非共有 | 抵押信息:无抵押 | 房本备件:未上传房本照片,客厅 / 31.61平米 / 西北 东南 / 落地窗 ; 卧室A / 14.38平米 / 东南 / 普通窗 ; 卧室B / 11.84平米 / 无 / 未知窗户类型 ; 卧室C / 23.75平米 / 无 / 未知窗户类型 ; 卧室D / 8.8平米 / 西北 / 落地窗 ; 厨房 / 7.48平米 / 西北 / 普通窗 ; 卫A / 4.95平米 / 西北 / 普通窗 ; 卫B / 4.22平米 / 西北 / 普通窗 ; 阳台A / 7.41平米 / 西南 东北 东南 / 普通窗 ; 阳台B / 5.67平米 / 西北 东北 / 普通窗 ; 阳台C / 0.81平米 / 西北 / 普通窗 ; 入户花园 / 6.21平米 / 东南 / 普通窗 ; 过道 / 6.14平米 / 无 / 无窗 ; 衣帽间 / 3.81平米 / 无 / 未知窗户类型,
安静看花园大四房，诚心卖  ，价格有大空间,"信义嘉御山 , 坂田",4室2厅,140.49平米,东南,精装,低楼层(共31层),2013年,板塔结合,950 万,67621 元,1,,,近地铁 | VR房源,https://sz.lianjia.com/ershoufang/105121380295.html,地铁 | VR房源,满五，自住看房方便，看小区花园,信义嘉御豪园分三期开发，共3008户。2013-2015年底交房，小区内有泳池，配套有公里龙岗机关幼儿园，户型多样，66平-77平，方正通透的两房；83-88平，朝南或南北的三房户型；85平 复式 四房三卫；117-217平 改善大户型。,信义嘉御山是坂田新的大社区的，坂田双地铁口的大盘，一期楼下有天虹商场，有星巴克，KFC，面点王，健身会所，SAP等配套成熟，还开了佳华商场MAX.CITY有海底捞，探鱼等餐饮名店 各大银行围绕小区、旁边有大企业华为..,双地铁物业（5&10号线），到深圳北站2个地铁站。 公交：楼下就有坂田路口北、坂田天虹公交站，有十几路公交经过，通达深圳市各个区域。 自驾出行也只很翻方便，小区出来快速上珠三角环线，五和大道主干道链接多条快速路。,,,暂无数据,2025-07-09,商品房,普通住宅,暂无数据,非共有,有抵押 70万元,挂牌时间:2025-07-09 | 交易权属:商品房 | 上次交易:暂无数据 | 房屋用途:普通住宅 | 房屋年限:暂无数据 | 产权所属:非共有 | 抵押信息:有抵押 70万元 | 房本备件:未上传房本照片,客厅 / 34.46平米 / 东南 / 普通窗 ; 卧室A / 11.97平米 / 无 / 未知窗户类型 ; 卧室B / 12.85平米 / 无 / 未知窗户类型 ; 卧室C / 29.4平米 / 西南 西北 南 / 落地窗 ; 厨房 / 6.04平米 / 西北 / 普通窗 ; 卫A / 6.02平米 / 无 / 未知窗户类型 ; 卫B / 4.96平米 / 西北 / 普通窗 ; 阳台 / 9.21平米 / 西南 东南 / 普通窗 ; 过道 / 4.97平米 / 无 / 无窗 ; 门厅 / 5.51平米 / 西南 / 普通窗,
高发悦驰苑，南北通透四房，带电梯，地铁口，满五年,"高发悦驰苑 , 坂田",4室2厅,84.73平米,南 北,精装,低楼层(共6层),2015年,板楼,322 万,38004 元,1,,,近地铁 | VR看装修,https://sz.lianjia.com/ershoufang/105121444561.html,地铁 | VR看装修,小区端户四房，与广东实验相邻，低密度，次新盘，有电梯,位于华为科技城，坐落在坂澜大道雪象第二幼儿园南侧，项目为6层洋房社区，只有2栋楼，分AB两座。低密度。15年建成并出售的电梯房 ，17年交楼，产权年限96年批地50年，属于住宅性质红本商品房。,,小区距离地铁10号线雪象站400米左右，位于坂澜大道上，往南去梅林关（去关内方向）、也可以转布龙路转南坪快速和水官高速，也可以从转贝尔路再转梅关高速，上坂澜大道可以去观澜也可以去平湖。高速交通：梅观高速、清平高速、坂雪岗大道、南坪快速,,,暂无数据,2025-07-14,商品房,普通住宅,暂无数据,非共有,有抵押,挂牌时间:2025-07-14 | 交易权属:商品房 | 上次交易:暂无数据 | 房屋用途:普通住宅 | 房屋年限:暂无数据 | 产权所属:非共有 | 抵押信息:有抵押 | 房本备件:未上传房本照片,客厅 / 23.13平米 / 西南 / 落地窗 ; 卧室A / 6.2平米 / 东北 / 落地窗 ; 卧室B / 6.12平米 / 东北 / 落地窗 ; 卧室C / 7.77平米 / 无 / 未知窗户类型 ; 卧室D / 11.05平米 / 西南 / 落地窗 ; 厨房 / 4.28平米 / 西北 / 普通窗 ; 卫 / 4.09平米 / 东北 / 普通窗 ; 阳台 / 3.33平米 / 西南 / 落地窗,
朝南位置安静，提前约随时看房可拎包入住,"联发天境雅居 , 坂田",3室2厅,88.59平米,南,精装,中楼层(共31层),2024年,板楼,518 万,58472 元,2,,,VR看装修,https://sz.lianjia.com/ershoufang/105121214903.html,VR看装修,精装三房，朝向好，位置安静，买来可拎包入住,联发·天境雅居临地铁10号线华为站，占地面积由拥有38年开发建设经验的国企联发打造。位于“坂雪岗科技城”片区，是全市中部发展轴的核位置轴，片区已有300+国家高新企业进驻、约精英人才聚集。,医疗配套片区内有深圳市人民医院坂田院区香港中文大学深圳直属医院在建中等带双地铁口贝尔站和华为站不到一公里有坂田天虹和百佳华出行便利生活配套齐全,,,,2022-06-01,2025-06-25,商品房,普通住宅,暂无数据,非共有,有抵押 350万元 农村商业银行 金融公司垫资,挂牌时间:2025-06-25 | 交易权属:商品房 | 上次交易:2022-06-01 | 房屋用途:普通住宅 | 房屋年限:暂无数据 | 产权所属:非共有 | 抵押信息:有抵押 350万元 农村商业银行 金融公司垫资 | 房本备件:已上传房本照片,客厅 / 22.24平米 / 北 / 普通窗 ; 卧室A / 8.82平米 / 无 / 未知窗户类型 ; 卧室B / 13.08平米 / 无 / 未知窗户类型 ; 卧室C / 6.93平米 / 无 / 未知窗户类型 ; 厨房 / 5.94平米 / 北 / 普通窗 ; 卫A / 3.64平米 / 北 / 普通窗 ; 卫B / 3.58平米 / 北 / 普通窗 ; 阳台 / 4.27平米 / 北 / 普通窗 ; 过道 / 2.8平米 / 无 / 无窗,
刚需2＋1房南北对流得房率91%,"金洲嘉丽园 , 坂田",2室1厅,73.32平米,北,简装,7层,2003年,板楼,280 万,38189 元,2,,,近地铁 | VR房源 | 随时看房,https://sz.lianjia.com/ershoufang/105121759834.html,地铁 | VR房源 | 随时看房,满五唯一税费低，户型方正，得房率高，南北对流好通风,"金洲物业，2002年批地，2005年建成，管理费一元每平，占地约29,000平米，由12栋多层住宅，正南正北向组成，小区共580户，240个车位，户型分别是两房三房，1楼和顶楼带花园，小区内有公立幼儿园，游泳池生活广场，生活便利，友好邻居氛围好。",小区南面距离约230m有坂田扬马综合市场，集中批发零售包含肉菜生活用品等等,,,,暂无数据,2025-08-12,商品房,普通住宅,暂无数据,非共有,有抵押,挂牌时间:2025-08-12 | 交易权属:商品房 | 上次交易:暂无数据 | 房屋用途:普通住宅 | 房屋年限:暂无数据 | 产权所属:非共有 | 抵押信息:有抵押 | 房本备件:未上传房本照片,客厅 / 27.82平米 / 北 / 普通窗 ; 卧室A / 12.94平米 / 无 / 未知窗户类型 ; 卧室B / 8.1平米 / 北 / 落地飘窗 ; 厨房 / 5.43平米 / 西 / 普通窗 ; 卫 / 3.32平米 / 北 / 普通窗 ; 阳台A / 4.07平米 / 西 / 普通窗 ; 阳台B / 4.65平米 / 西 北 / 普通窗,
信义嘉御山朝南2房高楼层户型方正阳台客厅正出采光好,"信义嘉御山 , 坂田",2室2厅,70.86平米,南,,高楼层(共17层),2015年,板塔结合,435 万,61389 元,0,,,近地铁 | VR看装修 | 随时看房,https://sz.lianjia.com/ershoufang/105121655832.html,地铁 | VR看装修 | 随时看房,信义嘉御山朝南2房高楼层户型方正阳台客厅正出采光好，格局通透,信义嘉御豪园分3期开发，占地近100000平米，建面400000平，共3008户。2013-2015年底交房，小区内有泳池，下楼就有公立幼儿园，户型多样，66平-78平方正2房；83-88平朝南或南北的3房；85平复式4房3卫；117-217平改善大平层，小区人车分流设计。,信义嘉御山是坂田次新的大社区的，小区一共有8期，目前基本都已经交房入住，坂田双地铁口的大盘，一期楼下有天虹商场，有星巴克，KFC，奈雪等，有健身会所等配套成熟，还有佳华商场MAX.CITY，有海底捞，探鱼等餐饮名店 各大银行围绕小区、旁边有大企业.,步行约600米到10号线坂田北站，900米五和交通枢纽站（5号，10号与在建的深大城际33号在五和站交汇），信义嘉御山小区下楼有3个公交站台，通达深圳市各区域都很方便。车库出来掉头左转就可快速上G94珠三角环线，地铁，公交，智驾出行都是很方便的。,,,暂无数据,2025-08-02,商品房,普通住宅,暂无数据,非共有,无抵押,挂牌时间:2025-08-02 | 交易权属:商品房 | 上次交易:暂无数据 | 房屋用途:普通住宅 | 房屋年限:暂无数据 | 产权所属:非共有 | 抵押信息:无抵押 | 房本备件:未上传房本照片,客厅 / 26.81平米 / 南 / 落地窗 ; 卧室A / 10.98平米 / 无 / 未知窗户类型 ; 卧室B / 13.33平米 / 无 / 未知窗户类型 ; 厨房 / 3.47平米 / 北 / 普通窗 ; 卫 / 4.1平米 / 无 / 未知窗户类型 ; 阳台 / 4.72平米 / 东 南 / 普通窗,
地铁口，满五红本，小区自启动翻新，得房率高,"富豪花园 , 坂田",2室2厅,84.41平米,南,简装,中楼层(共7层),2003年,,269 万,31869 元,0,,,VR看装修,https://sz.lianjia.com/ershoufang/105121919850.html,VR看装修,地铁口，满五红本，小区自启动翻新，得房率高,,,,,,暂无数据,2025-08-26,商品房,普通住宅,暂无数据,非共有,无抵押,挂牌时间:2025-08-26 | 交易权属:商品房 | 上次交易:暂无数据 | 房屋用途:普通住宅 | 房屋年限:暂无数据 | 产权所属:非共有 | 抵押信息:无抵押 | 房本备件:未上传房本照片,,
高楼层 通风好 采光和视野好 三房两卫带入户,"佳兆业中央广场三期 , 坂田",3室1厅,88.02平米,北,精装,46层,2015年,塔楼,585 万,66463 元,0,,,近地铁 | VR看装修,https://sz.lianjia.com/ershoufang/105121171248.html,地铁 | VR看装修,高楼层 通风好，喜欢采光和视野好的客户。三房两卫带入户,小区规模：总共分为6期10000户的大盘，总占地约300000，全部项目总建面约1800000平米。3个幼儿园：150000平米综合MALL，加270米豪酒店（六期项目,新社区，人车分流，24小时保安轮流值班，社区有自己的健身广场和花园，园林式社区。小区自带佳兆业9宛平商场，物业形态丰富，集住宅、酒店、公寓、写字楼于一体，小区旁边是天安云谷以及华为总部，49栋写字楼。两公里内有三甲吉华医院在建,项目是挨着坂雪岗大道和坂澜大道，沿着坂雪岗大道可以去梅林关（去关内方向）、也可以转布龙路转南坪快速和水官高速，也可以从转贝尔路再转梅关高速，上坂澜大道可以去观澜也可以去平湖。交通很方便。地铁十号线，岗头站和雪象站，双地铁口,,,暂无数据,2025-06-21,商品房,普通住宅,暂无数据,共有,有抵押 银行 业主自还,挂牌时间:2025-06-21 | 交易权属:商品房 | 上次交易:暂无数据 | 房屋用途:普通住宅 | 房屋年限:暂无数据 | 产权所属:共有 | 抵押信息:有抵押 银行 业主自还 | 房本备件:未上传房本照片,客厅 / 28.6平米 / 北 / 落地窗 ; 卧室A / 4.74平米 / 无 / 无窗 ; 卧室B / 8.48平米 / 无 / 未知窗户类型 ; 卧室C / 12.28平米 / 无 / 未知窗户类型 ; 卧室D / 8.61平米 / 无 / 未知窗户类型 ; 厨房 / 8.9平米 / 北 / 普通窗 ; 卫A / 3.36平米 / 北 / 普通窗 ; 卫B / 3.81平米 / 无 / 未知窗户类型 ; 阳台A / 3.95平米 / 北 / 普通窗 ; 阳台B / 3.49平米 / 北 / 普通窗 ; 储物间 / 4.38平米 / 无 / 无窗 ; 过道 / 5.39平米 / 无 / 无窗,
星河银湖谷 4室1厅 东北,"星河银湖谷 , 坂田",4室1厅,89平米,东北,精装,高楼层(共48层),2016年,板塔结合,598 万,67192 元,0,,,近地铁 | VR房源,https://sz.lianjia.com/ershoufang/105121758120.html,地铁 | VR房源,,,,,,,暂无数据,2025-08-12,商品房,普通住宅,暂无数据,非共有,有抵押 业主自还,挂牌时间:2025-08-12 | 交易权属:商品房 | 上次交易:暂无数据 | 房屋用途:普通住宅 | 房屋年限:暂无数据 | 产权所属:非共有 | 抵押信息:有抵押 业主自还 | 房本备件:未上传房本照片,客厅 / 29.32平米 / 东北 / 普通窗 ; 卧室A / 7.05平米 / 东北 / 落地窗 ; 卧室B / 6.99平米 / 东北 / 落地窗 ; 卧室C / 7.07平米 / 东北 / 落地窗 ; 卧室D / 14.27平米 / 无 / 未知窗户类型 ; 厨房 / 4.68平米 / 西北 / 普通窗 ; 卫生间A / 4.24平米 / 无 / 未知窗户类型 ; 卫生间B / 3.76平米 / 西南 / 普通窗 ; 阳台A / 4.91平米 / 西北 东北 东南 / 普通窗 ; 阳台B / 1.72平米 / 西北 / 普通窗,
万科四季花城花城大三房，小区中间位置,"万科四季花城二期 , 坂田",3室2厅,106.49平米,东,,6层,2000年,板楼,450 万,42258 元,1,,26天以前发布,近地铁 | VR看装修,https://sz.lianjia.com/ershoufang/105122095748.html,地铁 | VR看装修,房子满五年，业主自己在住，小区中间位置，安静，近地铁口。,小区由万科地产集团开发，一共有36个独立苑，共分七期开发，花园式小区，绿化植被很多，带露天游泳池和健身会所及相应运动器械供住户健身，社区运动氛围棒；万科物业24小时严格管控，夜间有保安巡逻，外人基本无法随意出入，人车分流，充分保护行人安全。,小区内有博雅、曼京、海丽达幼儿园等，商场类有华润万家，海达和成购物广场、阳光湾畔，8号仓奥特莱斯等。医疗类有深圳坂田医院、布吉医院花城社康医院（小区内）；网球场，篮球场，健身会所等！,此房距离地铁5号线和10号线300米，交通方便，小区旁边有布龙路、梅观高速、机荷高速、南坪快速等，乘坐公交或驾车出行到福田、罗湖、南山等地较方便（距离信息来源于百度地图）,,,暂无数据,2025-09-11,商品房,普通住宅,暂无数据,共有,无抵押,挂牌时间:2025-09-11 | 交易权属:商品房 | 上次交易:暂无数据 | 房屋用途:普通住宅 | 房屋年限:暂无数据 | 产权所属:共有 | 抵押信息:无抵押 | 房本备件:未上传房本照片,客厅 / 27.62平米 / 西 / 落地窗 ; 卧室A / 8.4平米 / 东 / 落地窗 ; 卧室B / 12.48平米 / 西北 东北 东南 / 落地窗 ; 卧室C / 12.84平米 / 北 / 普通窗 ; 厨房 / 6.02平米 / 东 / 普通窗 ; 卫 / 3.41平米 / 东 / 普通窗 ; 阳台A / 2.5平米 / 北 东 / 普通窗 ; 阳台B / 2.74平米 / 西 北 东 / 普通窗 ; 储物间 / 6.14平米 / 北 / 普通窗 ; 过道 / 3.09平米 / 无 / 无窗 ; 衣帽间 / 3.89平米 / 无 / 无窗,
银湖山下 带大入户少有户型 保养好 园林大 南向视野宽,"万科第五园六期 , 坂田",3室2厅,124.12平米,东南,精装,高楼层(共20层),2011年,板楼,750 万,60426 元,1,,,VR看装修 | 随时看房,https://sz.lianjia.com/ershoufang/105122011356.html,VR看装修 | 随时看房,"房子处于中高楼层视野看山看水，
户型方正朝南和朝北都有阳台",小区绿化率高，非常适宜居家，带小孩吃完饭下来散散步 ，小区还带有户外游泳池，户外健身器材，十分宜居。,,,,,2020-01-01,2025-09-03,商品房,普通住宅,未满两年,非共有,无抵押,挂牌时间:2025-09-03 | 交易权属:商品房 | 上次交易:2020-01-01 | 房屋用途:普通住宅 | 房屋年限:未满两年 | 产权所属:非共有 | 抵押信息:无抵押 | 房本备件:已上传房本照片,客厅 / 32.99平米 / 西 北 / 落地窗 ; 卧室A / 19.72平米 / 西 南 / 落地窗 ; 卧室B / 8.43平米 / 南 / 普通窗 ; 卧室C / 13.6平米 / 南 / 普通窗 ; 厨房 / 5.7平米 / 无 / 无窗 ; 卫A / 4.24平米 / 无 / 无窗 ; 卫B / 4.82平米 / 东 / 普通窗 ; 阳台A / 3.58平米 / 北 / 落地窗 ; 阳台B / 8.52平米 / 北 / 普通窗 ; 阳台C / 8.12平米 / 西 东 南 / 普通窗 ; 入户花园 / 32.16平米 / 北 南 / 落地窗 ; 过道 / 4.9平米 / 无 / 无窗 ; 衣帽间 / 3.95平米 / 无 / 无窗,
春华四季园一期 5室2厅 东南,"春华四季园一期 , 坂田",5室2厅,141.06平米,东南,,中楼层(共11层),2006年,板塔结合,730 万,51752 元,0,,,VR房源,https://sz.lianjia.com/ershoufang/105121335707.html,VR房源,,,,,,,暂无数据,2025-07-05,商品房,普通住宅,暂无数据,非共有,无抵押,挂牌时间:2025-07-05 | 交易权属:商品房 | 上次交易:暂无数据 | 房屋用途:普通住宅 | 房屋年限:暂无数据 | 产权所属:非共有 | 抵押信息:无抵押 | 房本备件:未上传房本照片,客厅 / 39.98平米 / 无 / 未知窗户类型 ; 卧室A / 11.82平米 / 南 / 落地窗 ; 卧室B / 19.1平米 / 无 / 未知窗户类型 ; 卧室C / 6.67平米 / 无 / 未知窗户类型 ; 卧室D / 16.26平米 / 无 / 未知窗户类型 ; 卧室E / 9.54平米 / 北 / 落地窗 ; 厨房 / 5.62平米 / 北 / 普通窗 ; 卫A / 3.73平米 / 西 / 普通窗 ; 卫B / 5.36平米 / 北 / 落地窗 ; 阳台A / 6.04平米 / 东 南 / 落地窗 ; 阳台B / 10.06平米 / 西 北 / 落地窗 ; 过道 / 8.47平米 / 无 / 无窗 ; 门厅 / 3.67平米 / 北 / 普通窗,
看花园的3房，近期出，看房方便,"信义嘉御山5期 , 坂田",3室2厅,71.19平米,东,精装,中楼层(共39层),2016年,塔楼,526 万,73887 元,0,,,VR看装修,https://sz.lianjia.com/ershoufang/105121802055.html,VR看装修,"1.满五红本看花园泳池，安静 ，
2.看房方便",信义嘉御山是坂田新的大社区的，小区一共有5期，坂田双地铁口的大盘，一期楼下有天虹商场，有星巴克，KFC，面点王，健身会所，SAP等配套成熟，还开了佳华商场MAX.CITY有海底捞，探鱼等餐饮名店 各大银行围绕小区、旁边有大企业华为,,地铁出行：10号线坂田北站，10号线5号线中转站五和站。未来是五和交通枢纽，畅行深圳各地。 公交出行：里石排站，坂田市场站，坂田路口站，坂田路口北站等。1.东临五和大道接梅观，龙华，福田畅行。2.接 坂银通道，畅通罗湖，福田,,,暂无数据,2025-08-15,商品房,普通住宅,暂无数据,非共有,无抵押,挂牌时间:2025-08-15 | 交易权属:商品房 | 上次交易:暂无数据 | 房屋用途:普通住宅 | 房屋年限:暂无数据 | 产权所属:非共有 | 抵押信息:无抵押 | 房本备件:未上传房本照片,客厅 / 25.61平米 / 无 / 未知窗户类型 ; 卧室A / 8.81平米 / 东北 / 普通窗 ; 卧室B / 7.35平米 / 西北 / 普通窗 ; 卧室C / 11.94平米 / 北 东北 / 落地窗 ; 厨房 / 3.38平米 / 西北 / 普通窗 ; 卫 / 3.57平米 / 西南 / 普通窗 ; 阳台A / 1.52平米 / 西北 / 普通窗 ; 阳台B / 3.89平米 / 西北 东北 东南 / 普通窗 ; 过道 / 2.49平米 / 无 / 无窗,
满五唯一，采光通风效果佳，业主诚心卖,"信义嘉御山 , 坂田",4室2厅,134.34平米,西北,精装,低楼层(共31层),2013年,板塔结合,820 万,61040 元,1,,,近地铁 | VR看装修,https://sz.lianjia.com/ershoufang/105121622743.html,地铁 | VR看装修,满五唯一，采光通风效果佳，业主诚心卖,信义嘉御豪园分三期开发，占地近100000平米，建面400000平，共3008户。2013-2015年底交房，小区内有泳池，配套有公里龙岗机关幼儿园，户型多样，66平-77平，方正通透的两房；83-88平，朝南或南北的三房户型；85平 复式 四房三卫；117-217平 改善大户型,"信义嘉御山是坂田新的大社区的，小区一共有8期，目前1-5期已经交房入住，6-8期还没有开盘的，坂田北地铁口的大盘，一期楼下有天虹商场，有星巴克，面点王，健身会所，SAP等，17年地还开了佳华商场MAX.CITY.,有海底捞，探鱼等餐饮名店",信义嘉御山是双地铁物业，地铁5号线“五和站”+10号线“坂田北站”，小区停车场出来拐个弯就上梅观高速G94去福田南山都很便利，小区门口也有多路公交达深圳各地，地铁+公交+自驾，都方便快捷。,,,暂无数据,2025-07-30,商品房,普通住宅,暂无数据,非共有,有抵押 60万元 交通银行,挂牌时间:2025-07-30 | 交易权属:商品房 | 上次交易:暂无数据 | 房屋用途:普通住宅 | 房屋年限:暂无数据 | 产权所属:非共有 | 抵押信息:有抵押 60万元 交通银行 | 房本备件:未上传房本照片,客厅 / 34.37平米 / 西北 / 普通窗 ; 卧室A / 12.67平米 / 无 / 未知窗户类型 ; 卧室B / 19.58平米 / 无 / 未知窗户类型 ; 卧室C / 11.19平米 / 西北 / 落地窗 ; 卧室D / 11.93平米 / 无 / 未知窗户类型 ; 厨房 / 6.19平米 / 东南 / 普通窗 ; 卫A / 3.24平米 / 东南 / 普通窗 ; 卫B / 6.36平米 / 无 / 未知窗户类型 ; 阳台 / 9.06平米 / 西北 东北 / 普通窗 ; 入户花园 / 5.85平米 / 无 / 未知窗户类型 ; 过道 / 7.16平米 / 无 / 无窗,
新上业主换房诚心出售四房 随时看房,"星河银湖谷 , 坂田",4室2厅,88.02平米,西南,,高楼层(共48层),2016年,板塔结合,668 万,75892 元,0,,,近地铁 | VR看装修,https://sz.lianjia.com/ershoufang/105121911691.html,地铁 | VR看装修,百米处有星河COCOPARK商场，雅宝学校就在小区，雅宝站200米,开发商：星河地产，星河WORLD 人车分流的规划设计，港式入户大堂，览山阅湖全景视野。约12栋商务楼群，集300米高层双子塔地和生态写字楼于一体，是金融产业、高新科技、创新产业的总部型经济,梅林关口，深圳北站商圈，片区交通不断完善，27年星河匠心集大成之作，自持运营大量物业，星河斥巨资打造1600000平航母级综合体，万亿园区产业助力持续 约750000平米联盟。,出行便利，10号线雅宝站离小区200米左右。直通南坪快速，新彩隧道，坂银隧道，梅关高速，五大交通便捷到到达深圳各区， 坂银遂道去往罗湖福田南山都方便。,,,暂无数据,2025-08-25,商品房,普通住宅,暂无数据,非共有,有抵押,挂牌时间:2025-08-25 | 交易权属:商品房 | 上次交易:暂无数据 | 房屋用途:普通住宅 | 房屋年限:暂无数据 | 产权所属:非共有 | 抵押信息:有抵押 | 房本备件:未上传房本照片,客厅 / 24.83平米 / 西南 / 普通窗 ; 卧室A / 7.72平米 / 西南 / 落地窗 ; 卧室B / 5.59平米 / 东南 / 落地窗 ; 卧室C / 6.32平米 / 东南 / 普通窗 ; 厨房 / 4.26平米 / 无 / 普通窗 ; 卫 / 4.06平米 / 东北 / 普通窗 ; 阳台A / 6.14平米 / 西南 西北 东南 / 普通窗 ; 阳台B / 2.28平米 / 东南 / 普通窗 ; 储物间 / 19.64平米 / 无 / 未知窗户类型 ; 过道 / 4.52平米 / 无 / 无窗,
独门独户自住精装修，高楼层，视野采光好，客厅出阳台,"阳光第五季 , 坂田",3室2厅,77.71平米,北,,高楼层(共17层),2008年,板塔结合,365 万,46970 元,2,,,近地铁 | VR看装修,https://sz.lianjia.com/ershoufang/105115098919.html,地铁 | VR看装修,此房位置好，高楼层，视野采光好，客厅正出阳台，看房方便！,阳光第五季占地17314平方米，总建筑面积48480平方米，由2005年2月1号批地，2007年6月交楼，总共4栋，488户，都是电梯房，物业由深圳市碧桂园物业管理有限公司管理；管理费：2.3元平米月,距离小区200米处有一个大型的8号仓奥特莱斯购物广场，阳光湾畔购物商场距离小区150米，坂田医院距离小区1000米。离坂田天虹1500米,地铁物业到五和地铁站直线距离760米，小区东门200米是十号线雅园站。旁边就是五和大道，有几十路公交经过，公交出行或者驾车出行都很方便,,,暂无数据,2023-10-19,商品房,普通住宅,暂无数据,非共有,有抵押,挂牌时间:2023-10-19 | 交易权属:商品房 | 上次交易:暂无数据 | 房屋用途:普通住宅 | 房屋年限:暂无数据 | 产权所属:非共有 | 抵押信息:有抵押 | 房本备件:未上传房本照片,客厅 / 28.27平米 / 北 / 普通窗 ; 卧室A / 5.97平米 / 北 / 落地窗 ; 卧室B / 11.27平米 / 无 / 未知窗户类型 ; 卧室C / 9.14平米 / 无 / 未知窗户类型 ; 厨房 / 4.03平米 / 南 / 普通窗 ; 卫生间 / 3.48平米 / 东 / 普通窗 ; 阳台 / 4.73平米 / 西 北 / 普通窗,
高楼层 朝南  经典户型 视野开阔 看房方便,"信义嘉御山5期 , 坂田",4室2厅,88.6平米,西南,精装,高楼层(共39层),2016年,塔楼,628 万,70881 元,0,,,VR看装修,https://sz.lianjia.com/ershoufang/105121839038.html,VR看装修,满五唯一，精装修，拎包入住，看房配合，诚意出售！,,,坂田北地铁站，五和地铁站，梅关高速，开车还是坐车都方便，楼下还有坂田天虹！,,,暂无数据,2025-08-19,商品房,普通住宅,暂无数据,非共有,有抵押,挂牌时间:2025-08-19 | 交易权属:商品房 | 上次交易:暂无数据 | 房屋用途:普通住宅 | 房屋年限:暂无数据 | 产权所属:非共有 | 抵押信息:有抵押 | 房本备件:未上传房本照片,客厅 / 27.24平米 / 无 / 未知窗户类型 ; 卧室A / 9.28平米 / 无 / 未知窗户类型 ; 卧室B / 13.1平米 / 无 / 未知窗户类型 ; 卧室C / 6.08平米 / 西北 东北 / 普通窗 ; 卧室D / 9.53平米 / 西北 / 普通窗 ; 厨房 / 4.11平米 / 西北 / 普通窗 ; 卫A / 4.34平米 / 无 / 未知窗户类型 ; 卫B / 3.86平米 / 无 / 普通窗 ; 阳台A / 3.86平米 / 西南 西北 / 普通窗 ; 阳台B / 1.96平米 / 西北 / 普通窗 ; 过道 / 3.04平米 / 无 / 无窗,
地铁物业，次新房，实用面积大，位置安静,"佳兆业城市广场五期 , 坂田",3室2厅,90.15平米,北,精装,低楼层(共43层),2019年,板楼,460 万,51027 元,1,,,近地铁 | VR看装修 | 随时看房,https://sz.lianjia.com/ershoufang/105119768297.html,地铁 | VR看装修 | 随时看房,此房子满五年唯一 税费少，只需要交个契税就可以，业主急售,,新社区人车分流，24小时保安轮流值班社区有自己的健身广场和花园园林式社区依托高新技术产业园佳兆业城市广场物业形态丰富集酒店于一体隔壁就是天安云谷华为总部 楼下就 是雪象地铁站 出行方便,项目是挨着坂雪岗大道和坂澜大道，沿着坂雪岗大道可以去梅林关（去关内方向）、也可以转布龙路转南坪快速和水官高速，也可以从转贝尔路再转梅关高速，上坂澜大道可以去观澜也可以去平湖。交通很方便。高速交通：梅观高速、清平高速、坂雪岗大道、南坪快速,,,暂无数据,2025-02-20,商品房,普通住宅,暂无数据,非共有,无抵押,挂牌时间:2025-02-20 | 交易权属:商品房 | 上次交易:暂无数据 | 房屋用途:普通住宅 | 房屋年限:暂无数据 | 产权所属:非共有 | 抵押信息:无抵押 | 房本备件:未上传房本照片,客厅 / 25.7平米 / 东北 / 落地窗 ; 卧室A / 7.76平米 / 无 / 未知窗户类型 ; 卧室B / 12.04平米 / 无 / 未知窗户类型 ; 卧室C / 7.01平米 / 无 / 普通窗 ; 厨房 / 5.84平米 / 东南 / 普通窗 ; 卫A / 4.58平米 / 无 / 未知窗户类型 ; 卫B / 4.17平米 / 无 / 未知窗户类型 ; 阳台A / 3.55平米 / 东北 东南 / 普通窗 ; 阳台B / 5.26平米 / 东南 / 普通窗 ; 储物间 / 6.18平米 / 东南 / 普通窗 ; 过道 / 3.29平米 / 无 / 无窗,
精装2房，诚心卖 ，价格有空间,"信义嘉御山 , 坂田",2室2厅,66.34平米,西北,,高楼层(共33层),2015年,板塔结合,450 万,67833 元,0,,,近地铁 | VR看装修,https://sz.lianjia.com/ershoufang/105121421625.html,地铁 | VR看装修,1.看房方便 诚心卖   价格有空间,信义嘉御豪园分3期开发，占地近100000平米，建面400000平，共3008户。2013-2015年底交房，小区内有泳池，下楼就有幼儿园，户型多样，66平-77平方正2房；83-88平朝南或南北的3房；85平复式4房3卫；117-217平改善大平层，小区人车分流设计。,信义嘉御山是坂田次新大社区，一期楼下天虹商场，有星巴克，KFC，必胜客，奈雪，喜茶，泸溪河，华为，小米，中航健身会所等商家，过马路还有佳华商场MAX.CITY有海底捞，探鱼等餐饮名店，还有招行，建行，江苏银行围绕小区，整体配套很全生活便利,双地铁物业（5&10号线），到深圳北站2个地铁站。 公交：楼下就有坂田路口北、坂田天虹公交站，有十几路公交经过，通达深圳市各个区域。 自驾出行也只很翻方便，小区出来快速上珠三角环线，五和大道主干道链接多条快速路,,,暂无数据,2025-07-12,商品房,普通住宅,暂无数据,非共有,有抵押 100万元,挂牌时间:2025-07-12 | 交易权属:商品房 | 上次交易:暂无数据 | 房屋用途:普通住宅 | 房屋年限:暂无数据 | 产权所属:非共有 | 抵押信息:有抵押 100万元 | 房本备件:未上传房本照片,客厅 / 25.29平米 / 无 / 未知窗户类型 ; 卧室A / 16.21平米 / 无 / 未知窗户类型 ; 卧室B / 8.55平米 / 无 / 未知窗户类型 ; 厨房 / 5.35平米 / 无 / 未知窗户类型 ; 卫 / 2.59平米 / 东北 / 普通窗 ; 阳台 / 3.37平米 / 西南 西北 东北 / 普通窗,
电梯正南大3房2卫，满五年，生活配套成熟,"珠江旭景佳园 , 坂田",3室2厅,105.18平米,南,简装,低楼层(共23层),2008年,塔楼,470 万,44686 元,0,,,近地铁 | VR看装修,https://sz.lianjia.com/ershoufang/105121334152.html,地铁 | VR看装修,全南户型，客厅，3个卧室全南向，双卫，公交地铁都方便,小区分3期开发，近1500户，地铁口物业，紧靠银湖山和坂银隧道，地理位置优越，进出关内外方便。小区房价处于区域谷值，同区域二手房对比有很大的优势。所以有很多关内的客户在此小区置业。生活配套成熟，是刚需值得购买的小区。,二期内有旭景幼稚园。小区东南侧3千㎡底商，南侧有大族云峰商场已开业；距小区300米有两万㎡万科里。2km内有阳光湾畔、8号仓、万科广场，坂田天虹等商场。1km有坂田医院。,"四通八达,小区邻布龙路坂雪岗大道两大动脉,南面1km上坂银南坪,通达福田南山方便；东面两个灯位上清平水官,通达罗湖盐田惠州；西侧2km上G94,1h到宝安东莞广州；北达天安和华为。650米到5号线坂田地铁口,1站换10号线到福田口岸。小区东门150m到公交站。",,,暂无数据,2025-07-05,商品房,普通住宅,暂无数据,非共有,有抵押 300万元 工商银行,挂牌时间:2025-07-05 | 交易权属:商品房 | 上次交易:暂无数据 | 房屋用途:普通住宅 | 房屋年限:暂无数据 | 产权所属:非共有 | 抵押信息:有抵押 300万元 工商银行 | 房本备件:未上传房本照片,客厅 / 24.99平米 / 南 / 落地窗 ; 卧室A / 8.69平米 / 无 / 未知窗户类型 ; 卧室B / 9.87平米 / 无 / 未知窗户类型 ; 卧室C / 13.99平米 / 无 / 未知窗户类型 ; 厨房 / 8.07平米 / 北 / 落地窗 ; 卫A / 2.95平米 / 无 / 无窗 ; 卫B / 3.29平米 / 东 / 普通窗 ; 阳台 / 5.46平米 / 东 南 / 落地窗 ; 过道 / 3.88平米 / 无 / 无窗,
此房满五唯一税少，地铁口物业，装修保养好，使用率高,"儒骏城立方 , 坂田",3室2厅,79.55平米,东南,精装,中楼层(共21层),2017年,板塔结合,395 万,49655 元,0,,,近地铁 | VR看装修,https://sz.lianjia.com/ershoufang/105121947641.html,地铁 | VR看装修,此房满五唯一税少，地铁口物业，装修保养好，使用率高,小区位于布龙路与坂雪岗大道交汇处，是2017年12月底入伙的。小区是由三栋住宅和一栋写字楼组成，共273户，实行人车分流，小区生活便利。,百度地图显示小区步行500米可至扬马市场，方圆2公里内有平安公园、银湖山森林公园、坂田医院、坂田天虹，万科里，星河商城，8号仓等，配套完善，可以满足基本的生活需求,百度地图显示小区50米可到深圳市交通轨道5号线环中线坂田站B出口二千米车程清平南坪梅观等快速路直通福田南山罗湖布龙路和坂雪岗线路公交车可到深圳每个区域，3站到深圳北高铁站交通便利,,,暂无数据,2025-08-29,商品房,普通住宅,暂无数据,非共有,有抵押 350万元 邮储 客户偿还,挂牌时间:2025-08-29 | 交易权属:商品房 | 上次交易:暂无数据 | 房屋用途:普通住宅 | 房屋年限:暂无数据 | 产权所属:非共有 | 抵押信息:有抵押 350万元 邮储 客户偿还 | 房本备件:未上传房本照片,客厅 / 21.97平米 / 东南 / 普通窗 ; 卧室A / 9.99平米 / 东南 / 落地窗 ; 卧室B / 13.47平米 / 无 / 未知窗户类型 ; 卧室C / 5.5平米 / 西南 / 落地窗 ; 厨房 / 4.78平米 / 西南 / 普通窗 ; 卫 / 4.09平米 / 无 / 普通窗 ; 阳台A / 3.85平米 / 西南 东南 / 普通窗 ; 阳台B / 4.03平米 / 西南 / 普通窗 ; 过道 / 2.66平米 / 无 / 无窗,
朝南看花园，采光视野好，业主随看随签,"信义嘉御山5期 , 坂田",3室2厅,72平米,南,精装,低楼层(共39层),2016年,塔楼,520 万,72223 元,0,,,VR看装修,https://sz.lianjia.com/ershoufang/105115902075.html,VR看装修,朝南看花园，采光视野好，业主随看随签,小区下面自带底层店铺，开发商自持，目前已全部进驻，包括中西式餐饮、教育培训、婴幼儿用品，便利店及坂田天虹旗舰店，生活方便，小区内有幼儿园，家门口尽享优质生活，小区南侧是MIX City7层楼综合商心街区，有百佳华chao市，海底捞，麦当劳，星巴克等.,开车出行：小区出来贝尔路可快速上G94梅关高速，坂雪岗大道上坂银通道直通福田南山。 地铁出行：10号线坂田北站，10号线5号线中转站五和站。 公交出行：里石排站，坂田市场站，坂田路口站，坂田路口北站等,,,,暂无数据,2024-01-18,商品房,普通住宅,暂无数据,非共有,有抵押 327万元,挂牌时间:2024-01-18 | 交易权属:商品房 | 上次交易:暂无数据 | 房屋用途:普通住宅 | 房屋年限:暂无数据 | 产权所属:非共有 | 抵押信息:有抵押 327万元 | 房本备件:未上传房本照片,客厅 / 24.75平米 / 无 / 未知窗户类型 ; 卧室A / 12.04平米 / 无 / 未知窗户类型 ; 卧室B / 7.96平米 / 东北 / 普通窗 ; 卧室C / 9.23平米 / 东北 / 普通窗 ; 厨房 / 3.98平米 / 东北 / 普通窗 ; 卫 / 4.22平米 / 无 / 普通窗 ; 阳台A / 3.89平米 / 西南 东北 东南 / 普通窗 ; 阳台B / 1.72平米 / 东北 / 普通窗 ; 门厅 / 3.86平米 / 无 / 无窗,
自住精装 高楼层电梯朝南大两房  拎包入住,"和成世纪名园 , 坂田",2室1厅,72.13平米,南,,中楼层(共29层),2014年,板楼,415 万,57536 元,0,,,近地铁 | VR看装修,https://sz.lianjia.com/ershoufang/105116587526.html,地铁 | VR看装修,正地铁口物业  高楼层电梯朝南大两房，位置安静，看房提前约。,小区是2014年入住的新楼盘，有住宅、写字楼和购物广场等，小区车位也充足，楼下地铁口，日常生活方便，小区入住率也高,和成世纪自己带三层的购物广场，里面有人人乐，万宁，电影院等，1公里有坂田天虹，佳华领汇，8号仓大型的购物广场，2公里内有银湖山效野公园,地铁：5号线五和站，十号线五和站换乘，高速：清平高速--直通清水河，龙景立交转清平高速至布龙路；南平快速：直通福田，南山（均免费）坂银隧道：将坂田与银湖山之间建设坂银隧道，形成特区内外一条新的联系通道和公交主走廊,,,暂无数据,2024-04-05,商品房,普通住宅,暂无数据,非共有,无抵押,挂牌时间:2024-04-05 | 交易权属:商品房 | 上次交易:暂无数据 | 房屋用途:普通住宅 | 房屋年限:暂无数据 | 产权所属:非共有 | 抵押信息:无抵押 | 房本备件:未上传房本照片,客厅 / 19.69平米 / 南 / 落地窗 ; 卧室A / 11.41平米 / 无 / 未知窗户类型 ; 卧室B / 8.77平米 / 南 / 落地窗 ; 厨房 / 4.79平米 / 南 / 普通窗 ; 卫 / 2.67平米 / 无 / 普通窗 ; 阳台A / 6.4平米 / 西 南 / 落地窗 ; 阳台B / 2.28平米 / 南 / 普通窗,
佳兆业城市华为旁，采光好，看花园，带入户，视野好,"佳兆业中央广场一期 , 坂田",3室1厅,88.65平米,北,简装,低楼层(共48层),2013年,塔楼,428 万,48280 元,4,,,近地铁 | VR看装修,https://sz.lianjia.com/ershoufang/105119964262.html,地铁 | VR看装修,佳兆业城市一期，华为旁，采光好，看花园，带入户，视野好。,小区总共分为6期开发建设，壹万多户的大社区，总占地约三十万，项目总建面约壹佰捌拾万平左右，十五万平米综合MALL，加270米酒店（六期项目），新社区，人车分流，社区有自己的健身广场和花园，园林式社区,新社区，人车分流，24小时保安轮流值班，社区有自己的健身广场和花园，园林式社区。依托高新技术产业园，佳兆业城市广场物业形态丰富，集住宅、酒店于一体。小区左边是天安云谷、华为总部基地，配套齐全,10号线双地铁物业，项目是挨着坂雪岗大道和坂澜大道，沿着坂雪岗大道可以去梅林关，也可以转布龙路转南坪快速和水官高速，也可以从转贝尔路再转梅关高速，上坂澜大道可以去观澜也可以去平湖；多条公交路线直达罗湖、福田，交通很便利,,,暂无数据,2025-03-07,商品房,普通住宅,暂无数据,非共有,无抵押,挂牌时间:2025-03-07 | 交易权属:商品房 | 上次交易:暂无数据 | 房屋用途:普通住宅 | 房屋年限:暂无数据 | 产权所属:非共有 | 抵押信息:无抵押 | 房本备件:未上传房本照片,客厅 / 25.81平米 / 北 南 / 普通窗 ; 卧室A / 8.19平米 / 无 / 未知窗户类型 ; 卧室B / 13.8平米 / 无 / 未知窗户类型 ; 卧室C / 8.75平米 / 无 / 未知窗户类型 ; 厨房 / 5.21平米 / 西 / 普通窗 ; 卫生间A / 4.55平米 / 无 / 未知窗户类型 ; 卫生间B / 4.08平米 / 无 / 未知窗户类型 ; 阳台A / 4.92平米 / 西 北 东 / 普通窗 ; 阳台B / 2.89平米 / 西 / 普通窗 ; 过道 / 3.11平米 / 无 / 无窗 ; 门厅 / 8.83平米 / 北 / 落地窗,
大族云峰二期 4室2厅 东南,"大族云峰二期 , 坂田",4室2厅,102.9平米,东南,,30层,2021年,板楼,630 万,61225 元,0,,,近地铁 | VR看装修 | 随时看房,https://sz.lianjia.com/ershoufang/105119720458.html,地铁 | VR看装修 | 随时看房,,,,,,,暂无数据,2025-02-17,商品房,普通住宅,暂无数据,非共有,有抵押,挂牌时间:2025-02-17 | 交易权属:商品房 | 上次交易:暂无数据 | 房屋用途:普通住宅 | 房屋年限:暂无数据 | 产权所属:非共有 | 抵押信息:有抵押 | 房本备件:未上传房本照片,客厅 / 27.1平米 / 南 / 普通窗 ; 卧室A / 9.84平米 / 无 / 未知窗户类型 ; 卧室B / 13.76平米 / 无 / 未知窗户类型 ; 卧室C / 7.54平米 / 东 / 落地窗 ; 卧室D / 5.99平米 / 无 / 未知窗户类型 ; 厨房 / 4.28平米 / 东 / 普通窗 ; 卫A / 3.3平米 / 东 / 普通窗 ; 卫B / 2.64平米 / 无 / 未知窗户类型 ; 阳台A / 5.01平米 / 东 南 / 普通窗 ; 阳台B / 2.57平米 / 东 / 普通窗 ; 过道 / 4.57平米 / 无 / 无窗,
新上朝南小3房，全新精装修，拎包入住，满二税费低！,"万科四季花城四期 , 坂田",3室2厅,88.87平米,南 北,,高楼层(共6层),2002年,板塔结合,420 万,47261 元,18,,,VR房源,https://sz.lianjia.com/ershoufang/105119577177.html,VR房源,方正小3房，格局好，业主全新装修，品牌家私电器，环保实用,小区由万科地产集团开发，一共有36个独立苑，共分七期开发，花园式小区，绿化植被很多，带露天游泳池和健身会所及相应运动器械供住户健身，社区运动氛围棒；万科物业24小时严格管控，夜间有保安巡逻，外人基本无法随意出入，人车分流，充分保护行人!,距离坂田天虹1000米，距离坂田民营市场100米，距离8号仓300米，距离星河银湖谷商场直线距离1000米，距离星河商场和上河坊购物广场2000米，（数据来自百度地图）,小区东门距离地铁5号线和10号线双地铁口200米，地铁连接的站点有深圳北站、布吉、太安、黄贝岭、宝安、前海湾（以上都为地铁中转站）交通发达，有布龙路、梅观高速、机荷高速、南坪快速等，乘坐公交或驾车出行到福田、罗湖、南山等地较方便。,,,暂无数据,2025-02-05,商品房,普通住宅,暂无数据,非共有,有抵押,挂牌时间:2025-02-05 | 交易权属:商品房 | 上次交易:暂无数据 | 房屋用途:普通住宅 | 房屋年限:暂无数据 | 产权所属:非共有 | 抵押信息:有抵押 | 房本备件:未上传房本照片,客厅 / 17.67平米 / 东 南 东南 / 落地窗 ; 餐厅 / 10.59平米 / 无 / 无窗 ; 卧室A / 9.73平米 / 西北 / 普通窗 ; 卧室B / 11.09平米 / 西北 / 落地窗 ; 卧室C / 13平米 / 无 / 未知窗户类型 ; 厨房 / 5.12平米 / 西北 / 普通窗 ; 卫 / 4.69平米 / 西北 / 普通窗 ; 阳台 / 4.13平米 / 西北 / 普通窗,
佳兆业正地铁口物业100米业主重新装修地下车库五层,"佳兆业城市广场五期 , 坂田",3室2厅,89.78平米,南,精装,中楼层(共43层),2019年,板楼,480 万,53465 元,7,,,近地铁 | VR看装修,https://sz.lianjia.com/ershoufang/105119083516.html,地铁 | VR看装修,业主从未出租过的全新装修3房2厅2卫新装修停车位相当充足,小区规模：总共分为6期开发的大楼盘。3个幼儿园：自带综合MALL，加270米万豪酒店（六期项目），二期的地理位置很好，小区东门门口200米就是地铁口雪象站。,新社区，人车分流，车位充足，24小时保安轮流值班，社区有自己的健身广场和花园，园林式社区。依托高新技术产业园，佳兆业城市广场物业形态丰富，集住宅、酒店于一体。隔壁就是天安云谷、华为总部。,项目是在坂雪岗大道和坂澜大道，沿着坂雪岗大道可以去梅林关（去关内方向）、也可以转布龙路转南坪快速和水官高速，也可以从转贝尔路再转梅关高速，上坂澜大道可以去观澜也可以去平湖。交通很方便。高速交通：梅观高速、清平高速、坂雪岗大道、南坪快速。,,,暂无数据,2024-12-02,商品房,普通住宅,暂无数据,非共有,有抵押 20万元,挂牌时间:2024-12-02 | 交易权属:商品房 | 上次交易:暂无数据 | 房屋用途:普通住宅 | 房屋年限:暂无数据 | 产权所属:非共有 | 抵押信息:有抵押 20万元 | 房本备件:未上传房本照片,客厅 / 19.63平米 / 南 / 落地窗 ; 卧室A / 9.97平米 / 无 / 未知窗户类型 ; 卧室B / 11.83平米 / 无 / 未知窗户类型 ; 卧室C / 10.53平米 / 东 / 普通窗 ; 厨房 / 17.71平米 / 东 / 落地窗 ; 卫A / 2.97平米 / 东 / 普通窗 ; 卫B / 3.25平米 / 无 / 无窗 ; 阳台A / 4.31平米 / 东 南 / 落地窗 ; 阳台B / 3.7平米 / 东 / 落地窗 ; 过道 / 5.04平米 / 无 / 无窗,
坂田地铁口，电梯高楼层采光好，满五唯一税费少,"珠江旭景佳园 , 坂田",2室1厅,77.91平米,北,,高楼层(共23层),2008年,塔楼,336 万,43127 元,1,,,近地铁 | VR看装修,https://sz.lianjia.com/ershoufang/105120033920.html,地铁 | VR看装修,坂田地铁口，电梯高楼层采光好，满五唯一税费少,小区分3期开发，近1500户，地铁口物业，紧靠银湖山和坂银隧道，地理位置优越，进出关内外方便。小区房价处于区域谷值，同区域二手房对比有很大的优势。所以有很多关内的客户在此小区置业。生活配套成熟，是刚需值得购买的小区,二期内有旭景幼稚园。小区东南侧3千㎡底商，南侧有大族云峰商场已开业；距小区300米有两万㎡万科里。2km内有阳光湾畔、8号仓、坂田天虹、万科广场等商场。1km有坂田医院。,"四通八达,小区邻布龙路坂雪岗大道两大动脉,南面1km上坂银南坪,通达福田南山方便；东面两个灯位上清平水官,通达罗湖盐田惠州；西侧2km上G94,1h到宝安东莞广州；北达天安和华为。250米到5号线坂田地铁口,1站换10号线到福田口岸。小区东门150m到公交站。",,,暂无数据,2025-03-13,商品房,普通住宅,暂无数据,非共有,有抵押,挂牌时间:2025-03-13 | 交易权属:商品房 | 上次交易:暂无数据 | 房屋用途:普通住宅 | 房屋年限:暂无数据 | 产权所属:非共有 | 抵押信息:有抵押 | 房本备件:未上传房本照片,客厅 / 22.29平米 / 北 / 普通窗 ; 卧室A / 14.17平米 / 无 / 未知窗户类型 ; 卧室B / 7.7平米 / 北 / 落地飘窗 ; 厨房 / 5.11平米 / 西 / 落地窗 ; 卫 / 3.25平米 / 无 / 落地窗 ; 阳台A / 2.16平米 / 西 / 落地窗 ; 阳台B / 4.96平米 / 西 北 东 / 普通窗,
依云山庄朝南大复式 上下两层 自己住保养好 山水小区,"依云山庄 , 坂田",4室2厅,161.86平米,南,,中楼层(共7层),2007年,板塔结合,718 万,44360 元,2,,,近地铁 | VR房源 | 房本满五年,https://sz.lianjia.com/ershoufang/105119094759.html,地铁 | VR房源 | 房本满五年,依云山庄朝南大复式 上下两层 自己住保养好 山水小区，满五年,小区位置安静，人车分流，新加坡园林设计，环境优美，前无遮挡，后方靠山，小区主要是以别墅为主，5栋别墅2栋洋房，依山傍水，乃坂田安静祥和的净土，适合安身居家人士居住,,小区位于坂田北部，在雪象村，佳兆业城市广场旁边，是坂澜大道与坂李大道的交接口，开车方便，距离十号线雪象站一街之隔,,,2018-02-26,2024-12-03,商品房,普通住宅,满五年,非共有,有抵押 560万元 金融公司垫资,挂牌时间:2024-12-03 | 交易权属:商品房 | 上次交易:2018-02-26 | 房屋用途:普通住宅 | 房屋年限:满五年 | 产权所属:非共有 | 抵押信息:有抵押 560万元 金融公司垫资 | 房本备件:已上传房本照片,客厅 / 43.07平米 / 西南 东北 东南 / 落地窗 ; 卧室A / 9.7平米 / 无 / 未知窗户类型 ; 卧室B / 11平米 / 西南 / 落地窗 ; 卧室C / 21.77平米 / 西南 / 落地飘窗 ; 卧室D / 18.66平米 / 东北 东南 / 落地窗 ; 厨房 / 6.55平米 / 东北 / 普通窗 ; 卫A / 4.58平米 / 西南 / 普通窗 ; 卫B / 3.44平米 / 西南 / 普通窗 ; 卫C / 3.23平米 / 无 / 无窗 ; 卫D / 2.76平米 / 无 / 无窗 ; 阳台A / 5.15平米 / 西南 西北 东南 / 落地窗 ; 阳台B / 5.97平米 / 北 东南 / 落地窗 ; 入户花园 / 11.26平米 / 东北 东南 / 落地窗 ; 过道 / 8.87平米 / 东北 / 普通窗,
产证243.98平米顶楼上下三层复式 客厅中空6米挑高客厅,"春华四季园二期 , 坂田",6室2厅,243.98平米,南,,高楼层(共11层),2007年,板塔结合,1650 万,67629 元,6,,,VR房源,https://sz.lianjia.com/ershoufang/105119001208.html,VR房源,产证243.98平米顶楼上下三层复式 客厅中空6米挑高客厅,小区总建筑面积430000㎡，总规划户数约3300户，拥有完善的配套设施，6000㎡的湖坡，1000米的风情街，室外泳池及室内恒温泳池、3000㎡的运动场地、幼儿园等，金光华物业。二期户型丰富多样，包括70㎡的两房.95-100㎡左右的三房.136-158㎡的四房五房 141㎡的..,小区自带：小区一条街、华润万家、特蕾丝幼儿园、游泳馆、网球场、篮球场、羽毛球场、休闲会所等配套，生活购物便利，购物：8号仓奥特莱斯、龙华名车广场，东门离阳光湾畔购物广场、海达和成购物广场,,,,暂无数据,2024-11-23,商品房,普通住宅,暂无数据,非共有,有抵押 160万元 农商行 业主自还,挂牌时间:2024-11-23 | 交易权属:商品房 | 上次交易:暂无数据 | 房屋用途:普通住宅 | 房屋年限:暂无数据 | 产权所属:非共有 | 抵押信息:有抵押 160万元 农商行 业主自还 | 房本备件:未上传房本照片,客厅 / 95.51平米 / 南 / 落地窗 ; 书房 / 8.56平米 / 北 / 落地窗 ; 多功能间 / 120.98平米 / 北 东 南 / 落地窗 ; 卧室A / 24.28平米 / 无 / 未知窗户类型 ; 卧室B / 10.81平米 / 北 / 落地窗 ; 卧室C / 20.02平米 / 北 / 落地窗 ; 卧室D / 26.13平米 / 南 / 落地窗 ; 卧室E / 20.24平米 / 北 / 落地窗 ; 卧室F / 14.18平米 / 北 / 落地窗 ; 卧室G / 9.82平米 / 北 / 落地窗 ; 厨房 / 15.94平米 / 北 / 普通窗 ; 卫A / 5.39平米 / 东 / 普通窗 ; 卫B / 6.26平米 / 南 / 普通窗 ; 卫C / 10.49平米 / 南 / 普通窗 ; 卫D / 5.62平米 / 北 / 普通窗 ; 露台A / 5.57平米 / 南 / 普通窗 ; 露台B / 32.36平米 / 西 南 / 落地窗 ; 储 / 3.38平米 / 北 南 / 落地窗 ; 楼梯间 / 5.16平米 / 无 / 无窗 ; 过道 / 25.09平米 / 无 / 无窗 ; 衣帽间 / 13.88平米 / 无 / 无窗,
坂田地铁口 精装修通风采光好 业主诚心出售,"万科·万致天地 , 坂田",1室1厅,32.52平米,北,,低楼层(共29层),2022年,塔楼,130 万,39976 元,5,,,近地铁,https://sz.lianjia.com/ershoufang/105119023385.html,地铁,地铁口物业，配套齐全，此房南向，精装修，通风采光好。,,,1，5号线坂田地铁口物业，去宝安或者罗湖都很方便。2，小区门口就是公交站；3，小区前面是坂雪岗大道和布龙路，自驾的话，可以上南坪快速，再走水官高速到龙岗，梅观高速到观澜和东莞，或者经梅林关，新彩隧道进福田、罗湖和南山都很方便。,,,2022-09-09,2024-11-26,商品房,商业办公类,暂无数据,非共有,无抵押,挂牌时间:2024-11-26 | 交易权属:商品房 | 上次交易:2022-09-09 | 房屋用途:商业办公类 | 房屋年限:暂无数据 | 产权所属:非共有 | 抵押信息:无抵押 | 房本备件:已上传房本照片,客厅 / 17.51平米 / 无 / 未知窗户类型 ; 卧室 / 11.34平米 / 无 / 无窗 ; 卫 / 1.28平米 / 无 / 无窗,
五和地铁口四房，看小区花园，满五唯一税费少,"和成世纪名园 , 坂田",4室2厅,89.33平米,北,,中楼层(共31层),2014年,板楼,550 万,61570 元,1,,,近地铁 | VR看装修,https://sz.lianjia.com/ershoufang/105119014734.html,地铁 | VR看装修,五和地铁口四房，看小区花园，满五唯一税费少,和成世纪名园位于五和大道和布龙路交汇处东南角，五和地铁站B出口旁边，于2014年交房。项目是由深圳市金安业房地产开发有限公司打造的现代化都市综合体项目。小区有三栋高层和一栋写字楼，写字楼和住宅分开管理，社区楼下配套有人人乐百货。,,地铁：5号线，10号线五和站，在建五和枢纽2026年通车，高速：清平高速--直通清水河，龙景立交转清平高速至布龙路；南平快速：直通福田，南山（均免费）坂银隧道：将坂田与银湖山之间建设坂银隧道，形成特区内外一条新的联系通道和公交主走廊,,,暂无数据,2024-11-25,商品房,普通住宅,暂无数据,非共有,有抵押,挂牌时间:2024-11-25 | 交易权属:商品房 | 上次交易:暂无数据 | 房屋用途:普通住宅 | 房屋年限:暂无数据 | 产权所属:非共有 | 抵押信息:有抵押 | 房本备件:未上传房本照片,客厅 / 22.56平米 / 无 / 未知窗户类型 ; 卧室A / 7.09平米 / 北 / 落地窗 ; 卧室B / 8.3平米 / 无 / 未知窗户类型 ; 卧室C / 13.63平米 / 无 / 未知窗户类型 ; 卧室D / 5.68平米 / 南 / 落地窗 ; 厨房 / 4.36平米 / 南 / 普通窗 ; 卫A / 3.38平米 / 北 / 普通窗 ; 卫B / 5.01平米 / 无 / 未知窗户类型 ; 阳台A / 9.66平米 / 北 / 普通窗 ; 阳台B / 1.74平米 / 东 南 / 普通窗 ; 过道 / 4.2平米 / 无 / 无窗 ; 门厅 / 2.93平米 / 无 / 无窗,
纯毛坯原滋原味大三房，朝东向业主诚心出售,"大族云峰一期 , 坂田",3室2厅,92.19平米,东,,中楼层(共29层),2019年,板塔结合,679 万,73653 元,0,,,近地铁 | VR看装修,https://sz.lianjia.com/ershoufang/105119138284.html,地铁 | VR看装修,纯毛坯原滋原味大三房，朝东向业主诚心出售,,楼下就是商场湾畔Mall，去万科里，天虹商场，8号仓，星河CocoPark也很方便，坂田医院，银湖山郊野公园。,,,,暂无数据,2024-12-07,商品房,普通住宅,暂无数据,非共有,有抵押,挂牌时间:2024-12-07 | 交易权属:商品房 | 上次交易:暂无数据 | 房屋用途:普通住宅 | 房屋年限:暂无数据 | 产权所属:非共有 | 抵押信息:有抵押 | 房本备件:未上传房本照片,客厅 / 25.63平米 / 北 / 普通窗 ; 卧室01 / 12.39平米 / 北 / 落地窗 ; 卧室02 / 9.1平米 / 无 / 未知窗户类型 ; 卧室03 / 7.03平米 / 北 / 落地窗 ; 厨房 / 8.1平米 / 北 / 普通窗 ; 卫 / 4.34平米 / 无 / 无窗 ; 阳台 / 4.15平米 / 北 / 普通窗 ; 过道 / 2.77平米 / 无 / 无窗,
坂田次新社区 看花园景观 大三房装修很好 安静不吵,"大族云峰一期 , 坂田",3室2厅,103.41平米,东北,精装,32层,2019年,板塔结合,610 万,58989 元,4,,,近地铁 | VR看装修,https://sz.lianjia.com/ershoufang/105119404288.html,地铁 | VR看装修,此房满五唯一只交契税高楼层看花园景观通透户型,本小区于2020交楼，次新小区，分一二期开发，此小区为一期，共三栋，每栋分两个单元，楼间距宽，无任何遮挡，停车位充足。,,距离小区800米有坂田地铁站，楼下有公交站台，毗 邻坂银通道，去往福田、罗湖、南山都方便,房屋产权：此房为商品房，可直接购买， 税费：此房业主满五唯一，只需交契税,,暂无数据,2025-01-04,商品房,普通住宅,暂无数据,非共有,无抵押,挂牌时间:2025-01-04 | 交易权属:商品房 | 上次交易:暂无数据 | 房屋用途:普通住宅 | 房屋年限:暂无数据 | 产权所属:非共有 | 抵押信息:无抵押 | 房本备件:未上传房本照片,客厅 / 29.2平米 / 东北 / 落地窗 ; 卧室A / 9.94平米 / 无 / 未知窗户类型 ; 卧室B / 14.95平米 / 无 / 未知窗户类型 ; 卧室C / 7.39平米 / 西南 西北 / 落地窗 ; 厨房 / 6.4平米 / 无 / 未知窗户类型 ; 卫A / 4.01平米 / 西北 / 普通窗 ; 卫B / 4.32平米 / 无 / 无窗 ; 阳台 / 5.55平米 / 西北 东 / 落地窗 ; 过道 / 2.97平米 / 无 / 无窗,
高楼层视野开阔 配套齐全 交通方便 次新小区 地铁口,"和成嘉业 , 坂田",3室2厅,91.16平米,东南,精装,高楼层(共30层),2020年,,525 万,57592 元,2,,,近地铁 | VR看装修 | 房本满五年,https://sz.lianjia.com/ershoufang/105118459585.html,地铁 | VR看装修 | 房本满五年,高楼层视野开阔 装修保养好，业主诚心出售,"小区由金合成开发和管理,于2016年批地,2019年入伙,共有800多户,两层车库,车位不紧张,车位1：1，主力户型为80-89-91-118-1140平,3-5房都是带装修交楼,采光好,围合式建筑风格,人车分流,小区地势高,通风好,",小区自带乒乓球室、棋牌室及锻炼器材广场。门口有华润万家，钱大妈，龙华大润发沃尔玛往返车等满足业主的日常需求。步行700米可至杨美美食街，鑫华盛百货，美家福百货等。距离深圳坂田医院2500米。3公里内有坂田天虹，佳华领汇广场，8号仓，星河。,参靠高德地图）地铁5号线杨美站C出口792米，西至前海湾东至黄贝岭。东南门M572路可直达终点深圳北站或步行792米至杨美地铁公交站有多条公交路线可达深圳各区域。可直上布龙路、清平、南坪、水官，坂银隧道已建成通车，实现10公里至福田皇岗立交。,,,2019-12-25,2024-09-30,商品房,普通住宅,满五年,非共有,无抵押,挂牌时间:2024-09-30 | 交易权属:商品房 | 上次交易:2019-12-25 | 房屋用途:普通住宅 | 房屋年限:满五年 | 产权所属:非共有 | 抵押信息:无抵押 | 房本备件:已上传房本照片,客厅 / 20.77平米 / 南 / 普通窗 ; 卧室A / 7.63平米 / 无 / 未知窗户类型 ; 卧室B / 13.12平米 / 无 / 未知窗户类型 ; 卧室C / 9.71平米 / 南 / 普通窗 ; 厨房 / 5.66平米 / 东 / 普通窗 ; 卫A / 3.66平米 / 无 / 无窗 ; 卫B / 3.43平米 / 东 / 普通窗 ; 阳台 / 4.56平米 / 东 南 / 普通窗 ; 过道 / 2.89平米 / 无 / 无窗,
2020年次新房，业主诚意出售，可以看银湖山景,"华晖瑞禧 , 坂田",3室2厅,99.97平米,南,,中楼层(共43层),2020年,塔楼,490 万,49015 元,0,,,近地铁 | VR看装修,https://sz.lianjia.com/ershoufang/105119014611.html,地铁 | VR看装修,客厅出阳台高楼层视野开阔，开发商精装修标准,2020年次新小区，小区位于银湖山1公里处，距鸡公山隧道1.5公里，方便到达罗湖，福田，南山。自带幼儿园，充足停车位，楼下买生活所需也方便,享受 15 年一站式，首先项目自带一所 9 班约 3000 ㎡幼儿园，同时在项目西北约 500 米处有一所 9 年一贯制的公立——坂田实验（30 班小、15 班中）。另外，项目南面为规划教育用地，3 公里范围内还有一所全国唯一的科学高中。,两横四纵”成熟交通路网体系（两横：布龙路、南坪快速；四纵：五和大道、坂雪岗大道、梅观高速、清平高速）；邻近地铁5号线坂田站； 地处鸡公山通道首排，约一刻钟直达福田区，建立起快速通达全城的半小时生活圈。,,,暂无数据,2024-11-25,商品房,普通住宅,暂无数据,非共有,有抵押 业主自还,挂牌时间:2024-11-25 | 交易权属:商品房 | 上次交易:暂无数据 | 房屋用途:普通住宅 | 房屋年限:暂无数据 | 产权所属:非共有 | 抵押信息:有抵押 业主自还 | 房本备件:未上传房本照片,客厅 / 21.29平米 / 南 / 普通窗 ; 卧室A / 11.22平米 / 无 / 未知窗户类型 ; 卧室B / 14.23平米 / 无 / 未知窗户类型 ; 卧室C / 4.7平米 / 东 / 落地窗 ; 厨房 / 5.47平米 / 东 / 普通窗 ; 卫A / 3.19平米 / 东 / 普通窗 ; 卫B / 3.66平米 / 无 / 普通窗 ; 阳台A / 4.79平米 / 南 / 普通窗 ; 阳台B / 2.39平米 / 东 / 普通窗 ; 过道 / 3.35平米 / 无 / 无窗,
信义嘉御山5期 满五唯一看花园安静实用厅出阳台装修好,"信义嘉御山5期 , 坂田",4室2厅,88.84平米,南,精装,高楼层(共39层),2016年,塔楼,650 万,73166 元,2,,,VR看装修 | 房本满五年,https://sz.lianjia.com/ershoufang/105119090859.html,VR看装修 | 房本满五年,本房满5唯一产权，红本在手，南北通，采光好，视野佳。,小区得房率高 约89平做四房两卫，很好用；新加坡园林风格 物业管理很好 很干净；地下两层停车场 人车分流 很安全。,小区下面自带底层店铺，开发商自持，目前已全部进驻，包括中西式餐饮、教育培训、婴幼儿用品，便利店及坂田天虹旗舰店，生活方便，小区内有幼儿园，家门口尽享优质生活，小区南侧是MIX City7层楼综合商心街区，有百佳华chao市，海底捞，麦当劳，星巴克等.,双地铁物业（5&10号线），到深圳北站2个地铁站，目前还有25号线黄君山站在建中。 公交：楼下就有坂田路口北、坂田天虹公交站，有十几路公交经过，通达深圳市各个区域。 自驾出行也只很翻方便，小区出来快速上珠三角环线，五和大道主干道链接多条快速路。,产权满五年唯一 可以免增值税和个人所得税，交易税费低 节省交易成本。买家买首套房契税只有1% 跟买新房一样。,,2016-02-21,2024-12-02,商品房,普通住宅,满五年,非共有,有抵押 615万元 民生银行 客户偿还,挂牌时间:2024-12-02 | 交易权属:商品房 | 上次交易:2016-02-21 | 房屋用途:普通住宅 | 房屋年限:满五年 | 产权所属:非共有 | 抵押信息:有抵押 615万元 民生银行 客户偿还 | 房本备件:已上传房本照片,客厅 / 28.15平米 / 东 / 落地窗 ; 卧室A / 9.64平米 / 无 / 未知窗户类型 ; 卧室B / 14.01平米 / 无 / 未知窗户类型 ; 卧室C / 5.92平米 / 西 南 / 普通窗 ; 卧室D / 10.7平米 / 南 / 普通窗 ; 厨房 / 4平米 / 南 / 普通窗 ; 卫A / 4.25平米 / 南 / 普通窗 ; 卫B / 3.74平米 / 无 / 普通窗 ; 阳台A / 3.88平米 / 东 南 / 普通窗 ; 阳台B / 1.98平米 / 南 / 普通窗 ; 过道 / 2.99平米 / 无 / 无窗,
次新盘南向看山景采光好，无对视无噪音，直通地铁城际,"荷棠里 , 坂田",3室2厅,89.07平米,南,,高楼层(共33层),,板楼,568 万,63771 元,4,,,近地铁 | VR看装修 | 随时看房,https://sz.lianjia.com/ershoufang/105119509814.html,地铁 | VR看装修 | 随时看房,房子红本在手，税费少。楼层好，视野开阔，无遮挡，地铁近,侨城荷棠里项目坐拥坂田站、五和站双地铁口。项目由2栋高层住宅，1栋高层酒店及裙楼组成。物业形态涵盖住宅、办公、酒店。小区配套社区、社区健康、邮政所、社区老年人日间照料，配套较为完善，日常需求便捷无忧,项目分布有德润荣君府、十二橡树庄园等多成熟住宅，还有多沿街底商，一路之隔是万科广场，1.5公里内有海达和成购物广场、阳光湾畔、坂田天虹、坂田广场和8号仓等。还有吉华医院、深圳人民医院坂田分院,项目有5、10号线两条地铁线经过。东、西向各有1个地铁站，向东是地铁10号线坂田站；向西是地铁5号线五和站。 500米内公交站集中分布在东西两侧，坂田医院站最近。有坂雪岗大道、五和大道交汇，也可上水官高速自驾便捷。,,,暂无数据,2025-01-17,商品房,普通住宅,暂无数据,非共有,无抵押,挂牌时间:2025-01-17 | 交易权属:商品房 | 上次交易:暂无数据 | 房屋用途:普通住宅 | 房屋年限:暂无数据 | 产权所属:非共有 | 抵押信息:无抵押 | 房本备件:未上传房本照片,客厅 / 22.34平米 / 东南 / 普通窗 ; 卧室A / 5.65平米 / 东南 / 普通窗 ; 卧室B / 13.56平米 / 无 / 未知窗户类型 ; 卧室C / 5.67平米 / 无 / 未知窗户类型 ; 厨房 / 5.51平米 / 无 / 未知窗户类型 ; 卫A / 3.32平米 / 东北 / 普通窗 ; 卫B / 3.3平米 / 西北 / 普通窗 ; 阳台 / 5.63平米 / 东北 东南 / 普通窗 ; 过道 / 5.75平米 / 无 / 无窗,
坂田地铁口南向一房一厅，业主急卖满五唯一,"珠江旭景佳园 , 坂田",1室1厅,65.24平米,东南 南,简装,低楼层(共24层),2008年,塔楼,247 万,37861 元,2,,,近地铁 | VR看装修,https://sz.lianjia.com/ershoufang/105119852392.html,地铁 | VR看装修,5号线坂田地铁口400米南向1房1厅，诚心卖，随时看房,布龙路与坂雪岗大道交汇处，共1419户分三期开发，此房在二期，金地物业，物业很贴心，一期三期人车分流，二期内有幼儿园，泳池，三期相对较小，被中铁，碧桂园，大族五个新楼盘围绕，未来楼下是一条成熟的商-业街。,生活便利，小区东南侧3千㎡底商，南侧有50000㎡大族云峰商场，2020年年底开业；距小区300米有两万㎡万科里。2km内有阳光湾畔、8号仓、坂田天虹等商场。1km有坂田医院。,"小区东门100米到公交站。四通八达,小区邻布龙路坂雪岗大道两大动脉,南面1km上坂银南坪,通达福田南山方便；东面两个灯位上清平水官,通达罗湖盐田惠州；北达天安云谷和华为。500米到5号线坂田地铁口,1站换10号线到福田口岸。",,,暂无数据,2025-02-27,商品房,普通住宅,暂无数据,非共有,有抵押 240万元 农业银行 客户偿还,挂牌时间:2025-02-27 | 交易权属:商品房 | 上次交易:暂无数据 | 房屋用途:普通住宅 | 房屋年限:暂无数据 | 产权所属:非共有 | 抵押信息:有抵押 240万元 农业银行 客户偿还 | 房本备件:未上传房本照片,客厅 / 21.78平米 / 东南 / 落地窗 ; 卧室 / 11.26平米 / 东南 / 落地飘窗 ; 厨房 / 4.44平米 / 东北 / 普通窗 ; 卫 / 3.53平米 / 东北 / 普通窗 ; 阳台 / 5.37平米 / 西南 东北 东南 / 落地窗 ; 门厅 / 3.89平米 / 东北 / 落地窗,
佳兆业悦峰 精装复式 朝南 看花园 安静,"佳兆业悦峰 , 坂田",4室2厅,110.44平米,南,精装,中楼层(共27层),2013年,板塔结合,818 万,74068 元,0,,,近地铁 | VR房源,https://sz.lianjia.com/ershoufang/105121040318.html,地铁 | VR房源,此房精装四房复式，看花园 南向，安静，装修保养好。,佳兆业悦峰是佳兆业开发商，是上市房企排名靠前的开发商，开发商实力雄厚，佳兆业物业也是比较优质的物业管理公司，为小区高品质生活保驾护航。该小区是2013年次新小区，佳兆业物业，容积2.5，车位1：1带有室内篮球场，生活配套较齐全，居住舒适。,,有地铁5号线杨美站C出口900米（参考高德地图），4站抵深圳北站深圳东站，西至赤湾东至黄贝岭。或步行400米至宏扬公交站也有多条公交路线可达深圳各区域。衔接各大高速快速，3公里内直上布龙路、清平高速、水官高速，南坪快速、梅观高速、坂银通道等,,,暂无数据,2025-06-11,商品房,普通住宅,暂无数据,非共有,有抵押 300万元 银行,挂牌时间:2025-06-11 | 交易权属:商品房 | 上次交易:暂无数据 | 房屋用途:普通住宅 | 房屋年限:暂无数据 | 产权所属:非共有 | 抵押信息:有抵押 300万元 银行 | 房本备件:未上传房本照片,客厅 / 28.64平米 / 西北 东南 / 落地窗 ; 卧室A / 11.53平米 / 无 / 未知窗户类型 ; 卧室B / 9.49平米 / 东南 / 落地窗 ; 卧室C / 12.7平米 / 无 / 未知窗户类型 ; 卧室D / 7.31平米 / 西北 / 普通窗 ; 厨房 / 4.8平米 / 西北 / 普通窗 ; 卫A / 4.49平米 / 西北 / 普通窗 ; 卫B / 4.61平米 / 西北 / 普通窗 ; 卫C / 5.37平米 / 西北 / 普通窗 ; 阳台A / 6.88平米 / 西南 东南 / 落地窗 ; 阳台B / 6.97平米 / 西南 东南 / 落地窗 ; 过道A / 4.47平米 / 无 / 无窗 ; 过道B / 8.84平米 / 无 / 无窗 ; 衣帽间 / 5.03平米 / 无 / 无窗,
高层3+2户型 采光视野好 户型实用 装修保养好,"佳兆业中央广场三期 , 坂田",3室2厅,88.63平米,东北,精装,45层,2015年,塔楼,600 万,67698 元,0,,,近地铁 | VR房源 | 房本满五年,https://sz.lianjia.com/ershoufang/105121252203.html,地铁 | VR房源 | 房本满五年,带入户带储物间，面积实用，看花园安静，高楼层视野采光好,小区总共分为6期开发，综合类型的一个大社区，二期的地理位置在其他几期的中间位置，分别被一期、三期、五期环抱，位置安静，次新社区，人车分流，小区内有自己的健身广场和花园，园林式社区，自带健身场所、会所，配套齐全。,佳兆业城市广场社区依托高新技术产业园，物业形态丰富，集住宅、公寓、酒店、大型综合体配套于一体，小区旁边就是天安云谷、华为总部。,10号线岗头、雪象双地铁口物业，项目挨着坂雪岗大道和坂澜大道，沿着坂雪岗大道可以去梅林关，也可以转布龙路转南坪快速和水官高速，也可以从转贝尔路再转梅关高速，上坂澜大道可以去观澜也可以去平湖；多条公交路线直达罗湖、福田，交通很便利。,,,2017-04-17,2025-06-28,商品房,普通住宅,满五年,非共有,有抵押 200万元 金融公司垫资,挂牌时间:2025-06-28 | 交易权属:商品房 | 上次交易:2017-04-17 | 房屋用途:普通住宅 | 房屋年限:满五年 | 产权所属:非共有 | 抵押信息:有抵押 200万元 金融公司垫资 | 房本备件:已上传房本照片,客厅 / 39.54平米 / 无 / 未知窗户类型 ; 卧室A / 8.56平米 / 无 / 未知窗户类型 ; 卧室B / 12.87平米 / 无 / 未知窗户类型 ; 卧室C / 8.17平米 / 无 / 未知窗户类型 ; 厨房 / 8.38平米 / 东 / 普通窗 ; 卫生间A / 4.31平米 / 无 / 未知窗户类型 ; 卫生间B / 3.07平米 / 北 / 落地窗 ; 阳台A / 4.7平米 / 东 / 普通窗 ; 阳台B / 4.04平米 / 西 北 / 落地窗 ; 储物间 / 4.1平米 / 无 / 无窗,
此房满五年唯一位置安静无遮挡朝东采光好配套齐全,"信义嘉御山 , 坂田",3室2厅,87.51平米,东,精装,高楼层(共33层),2015年,板塔结合,580 万,66279 元,0,,,近地铁 | VR看装修,https://sz.lianjia.com/ershoufang/105121185874.html,地铁 | VR看装修,此房满五年唯一，位置安静 无遮挡 朝东 采光好 配套齐全,信义嘉御豪园分3期开发，占地近100000平米，建面400000平，共3008户。2013-2015年底交房，小区内有泳池，下楼就有公立幼儿园，户型多样，66平-77平方正2房；83-88平朝南或南北的3房；85平复式4房3卫；117-217平改善大平层，小区人车分流设计。,信义嘉御山是坂田次新的大社区的，小区一共有8期，目前基本都已经交房入住，坂田双地铁口的大盘，一期楼下有天虹商场，有星巴克，KFC，奈雪等，有健身会所等配套成熟，还有佳华商场MAX.CITY，有海底捞，探鱼等餐饮名店 各大银行围绕小区、旁边有大企业.,步行约600米到10号线坂田北站，900米五和交通枢纽站（5号，10号与在建的深大城际33号在五和站交汇），信义嘉御山小区下楼有3个公交站台，通达深圳市各区域都很方便。车库出来掉头左转就可快速上G94珠三角环线，地铁，公交，智驾出行都是很方便的。,,,暂无数据,2025-06-22,商品房,普通住宅,暂无数据,非共有,无抵押,挂牌时间:2025-06-22 | 交易权属:商品房 | 上次交易:暂无数据 | 房屋用途:普通住宅 | 房屋年限:暂无数据 | 产权所属:非共有 | 抵押信息:无抵押 | 房本备件:未上传房本照片,客厅 / 27.08平米 / 无 / 未知窗户类型 ; 卧室A / 9.32平米 / 无 / 未知窗户类型 ; 卧室B / 14.62平米 / 无 / 未知窗户类型 ; 卧室C / 11.08平米 / 无 / 未知窗户类型 ; 厨房 / 5.94平米 / 无 / 未知窗户类型 ; 卫 / 3.59平米 / 无 / 未知窗户类型 ; 阳台 / 5.1平米 / 北 / 普通窗 ; 过道 / 4.35平米 / 无 / 无窗,
大客厅40平左右，业主诚心出售,"诺德中央道 , 坂田",3室2厅,89.2平米,南,精装,低楼层(共33层),2014年,板楼,415 万,46525 元,0,,,VR看装修,https://sz.lianjia.com/ershoufang/105121302889.html,VR看装修,实用面积比较多，阳台朝正南向，客厅接近40平左右，,,楼下自带餐厅和便利店，能满足日常生活需求。坂田街道办200米，400米大族云峰商场，万科里购物广场680米，华润万家旭景佳园分店760米，坂田手造文化街1000米，650米处有银湖山郊野公园，还有钓鱼场，配套比较齐全,"四通八达,小区邻布龙路坂雪岗大道两大动脉,南面1km上坂银南坪,通达福田南山方便；东面两个灯位上清平水官,通达罗湖盐田惠州；西北侧2km上G94,1h到宝安东莞广州；北达天安和华为。250米到5号线坂田地铁口,1站换10号线到福田口岸。小区南门就是坂银隧道",,,暂无数据,2025-07-02,商品房,普通住宅,暂无数据,非共有,无抵押,挂牌时间:2025-07-02 | 交易权属:商品房 | 上次交易:暂无数据 | 房屋用途:普通住宅 | 房屋年限:暂无数据 | 产权所属:非共有 | 抵押信息:无抵押 | 房本备件:未上传房本照片,客厅 / 28.82平米 / 无 / 未知窗户类型 ; 餐厅 / 9.34平米 / 北 / 普通窗 ; 卧室A / 13.02平米 / 南 / 落地窗 ; 卧室B / 6.61平米 / 北 / 落地窗 ; 卧室C / 5.61平米 / 北 / 普通窗 ; 厨房 / 6.54平米 / 北 / 普通窗 ; 卫 / 4.02平米 / 无 / 未知窗户类型 ; 阳台 / 4.27平米 / 南 / 落地窗 ; 储 / 3.92平米 / 无 / 未知窗户类型,
中间楼层朝南安静看花园带储物间满五唯一税少,"佳兆业中央广场三期 , 坂田",4室2厅,88.94平米,南,精装,44层,2016年,塔楼,469 万,52733 元,0,,,近地铁 | VR看装修,https://sz.lianjia.com/ershoufang/105121476618.html,地铁 | VR看装修,满五唯一税少朝南看花园安静带储物间双地铁口物业,次新社区，人车分流，小区内有健身广场和花园，园林式社区，自带大泳池，健身场所、会所，配套齐全，居家舒适。,社区依托高新技术产业园，物业形态丰富，集住宅、酒店、大型综合体配套于一体，小区旁边就是天安云谷、华为总部，前后双地铁口,10号线双地铁物业，项目是挨着坂雪岗大道和坂澜大道，沿着坂雪岗大道可以去梅林关，也可以转布龙路转南坪快速和水官高速，也可以从转贝尔路再转梅关高速，上坂澜大道可以去观澜也可以去平湖；多条公交路线直达罗湖、福田，交通很便利。,,,暂无数据,2025-07-17,商品房,普通住宅,暂无数据,非共有,有抵押 190万元 中国银行,挂牌时间:2025-07-17 | 交易权属:商品房 | 上次交易:暂无数据 | 房屋用途:普通住宅 | 房屋年限:暂无数据 | 产权所属:非共有 | 抵押信息:有抵押 190万元 中国银行 | 房本备件:未上传房本照片,客厅 / 23.33平米 / 无 / 未知窗户类型 ; 书房 / 7.44平米 / 无 / 普通窗 ; 卧室A / 8.96平米 / 南 / 普通窗 ; 卧室B / 10.55平米 / 无 / 未知窗户类型 ; 卧室C / 8.35平米 / 无 / 未知窗户类型 ; 厨房 / 7.32平米 / 东 / 普通窗 ; 卫A / 3.44平米 / 东 / 普通窗 ; 卫B / 3.28平米 / 无 / 普通窗 ; 阳台A / 4.93平米 / 西 南 / 普通窗 ; 阳台B / 5.53平米 / 东 / 普通窗 ; 过道 / 4.85平米 / 无 / 无窗,
次新小区次新房，户型方正装修好，位置安静朝东南。,"信义君御山 , 坂田",3室2厅,89.86平米,东南,精装,中楼层(共24层),2022年,板塔结合,540 万,60094 元,3,,,VR看装修,https://sz.lianjia.com/ershoufang/105121304697.html,VR看装修,东南朝向精致三房，户型好 装修好 保养好。业主诚心出售,,小区一路之隔的就是深中，附 近有医院 还有万科商场和地铁等配套均在2公里范围内。,,,,2022-08-04,2025-07-02,商品房,普通住宅,暂无数据,非共有,有抵押 220万元 业主自还,挂牌时间:2025-07-02 | 交易权属:商品房 | 上次交易:2022-08-04 | 房屋用途:普通住宅 | 房屋年限:暂无数据 | 产权所属:非共有 | 抵押信息:有抵押 220万元 业主自还 | 房本备件:已上传房本照片,客厅 / 28.71平米 / 无 / 未知窗户类型 ; 卧室A / 7.77平米 / 无 / 未知窗户类型 ; 卧室B / 7.58平米 / 西 北 / 落地窗 ; 卧室C / 12.43平米 / 无 / 未知窗户类型 ; 厨房 / 3.95平米 / 东 / 普通窗 ; 卫A / 3.67平米 / 无 / 未知窗户类型 ; 卫B / 4.84平米 / 无 / 未知窗户类型 ; 阳台 / 5.56平米 / 北 东 / 普通窗,
中海月亮朗苑3房2卫业主诚心出售,"中海月朗苑 , 坂田",3室2厅,103.84平米,南,,低楼层(共11层),2006年,板楼,500 万,48152 元,1,,,近地铁 | VR房源 | 随时看房,https://sz.lianjia.com/ershoufang/105121604779.html,地铁 | VR房源 | 随时看房,房子3房2卫，房子满五年，有2层阁楼，使用率高,中海月朗苑项目位于深圳市龙岗区布吉坂田南，中海物业，距梅林关口约4公里（来自百度地图），上南坪快速很便捷，用地基本为矩形，住宅楼型为多层，小高层，高层相结合，拥有近20000平方米的花园，小区完全人车分流，展现一种宽适、自然、休闲、的生活氛围,楼下就有钱大妈，平方商场，药店等能满足平时的日常所需；两公里内有八号仓，坂田天虹，阳光湾畔 等购物商场。,"10号地铁线700米，步行，小区北门出来就是公交站。 小区门口就是公交站台，M300,M572,393,621,东边坂雪岗大道接南坪快速、西边五和大道接梅观高速，交通便利，地铁十号线，坂银隧道直通福田笋岗路与北环大道，交通便利！",,,暂无数据,2025-07-29,商品房,普通住宅,暂无数据,非共有,有抵押 银行,挂牌时间:2025-07-29 | 交易权属:商品房 | 上次交易:暂无数据 | 房屋用途:普通住宅 | 房屋年限:暂无数据 | 产权所属:非共有 | 抵押信息:有抵押 银行 | 房本备件:未上传房本照片,,
满五唯一东南厅出阳台，中间楼层，安静看园林,"信义嘉御山5期 , 坂田",3室1厅,72.64平米,东南,,高楼层(共39层),2016年,塔楼,520 万,71586 元,1,,,VR看装修,https://sz.lianjia.com/ershoufang/105121625548.html,VR看装修,满五唯一税费少，东南朝向厅出阳台，中间楼层，安静看园林,嘉御山是坂田的次新大社区，小区一共分7期建设，目前都已经交房入住，坂田双地铁口的大盘，一期楼下有天虹商场，有星巴克，KFC，肯德基、健身会所，SAP等配套成熟，佳华商场MAX.CITY有海底捞，探鱼等餐饮名店 各大银行围绕小区、旁边有大企华为,小区下面自带底层店铺，开发商自持，目前已全部进驻，包括中西式餐饮、教育培训、婴幼儿用品，便利店及坂田天虹旗舰店，生活方便，小区内有幼儿园，家门口尽享优质生活，小区南侧是MIX City7层楼综合商心街区，有百佳华cao市，海底捞，麦当劳，星巴克等等,,,,暂无数据,2025-07-31,商品房,普通住宅,暂无数据,非共有,有抵押 客户偿还,挂牌时间:2025-07-31 | 交易权属:商品房 | 上次交易:暂无数据 | 房屋用途:普通住宅 | 房屋年限:暂无数据 | 产权所属:非共有 | 抵押信息:有抵押 客户偿还 | 房本备件:未上传房本照片,客厅 / 28.82平米 / 东南 / 落地窗 ; 卧室A / 9.2平米 / 西南 / 普通窗 ; 卧室B / 8.12平米 / 西南 / 普通窗 ; 卧室C / 11.66平米 / 无 / 未知窗户类型 ; 厨房 / 3.88平米 / 西南 / 普通窗 ; 卫 / 3.86平米 / 无 / 普通窗 ; 阳台A / 1.99平米 / 西南 / 普通窗 ; 阳台B / 3.53平米 / 西南 东南 / 普通窗,
坂田次新小区荷棠里业主诚心出售近地铁精装修,"荷棠里 , 坂田",3室2厅,89平米,东南,精装,中楼层(共33层),,板楼,600 万,67416 元,1,,,近地铁 | VR看装修,https://sz.lianjia.com/ershoufang/105121750350.html,地铁 | VR看装修,税费少。楼层好，视野开阔，无遮挡，地铁近,侨城荷棠里项目坐拥坂田站、五和站双地铁口。项目由2栋高层住宅，小区配套社区、社区健康、邮政所、社区老年人日间照料，配套较为完善，日常需求便捷,项目分布有德润荣君府、十二橡树庄园等多成熟住宅，还有多沿街底商，一路之隔是万科广场，1.5公里内有海达和成购物广场、阳光湾畔、坂田天虹、坂田广场和8号仓等。还有吉华医院、深圳人民医院坂田分院,项目有5、10号线两条地铁线经过。东、西向各有1个地铁站，向东是地铁10号线坂田站；向西是地铁5号线五和站。 500米内公交站集中分布在东西两侧，坂田医院站最近。有坂雪岗大道、五和大道交汇，也可上水官高速自驾便捷。,,,暂无数据,2025-08-11,商品房,普通住宅,暂无数据,非共有,有抵押,挂牌时间:2025-08-11 | 交易权属:商品房 | 上次交易:暂无数据 | 房屋用途:普通住宅 | 房屋年限:暂无数据 | 产权所属:非共有 | 抵押信息:有抵押 | 房本备件:未上传房本照片,客厅 / 22.99平米 / 东南 / 落地窗 ; 卧室A / 8.43平米 / 东南 / 落地窗 ; 卧室B / 13.46平米 / 无 / 未知窗户类型 ; 卧室C / 5.65平米 / 无 / 未知窗户类型 ; 厨房 / 4.61平米 / 东北 / 普通窗 ; 卫A / 3.28平米 / 东北 / 普通窗 ; 卫B / 3.06平米 / 西北 / 普通窗 ; 阳台 / 5.76平米 / 东 / 落地窗 ; 过道 / 2.97平米 / 无 / 无窗,
大阳台 高楼层东南朝向 红本满五年 业主诚心出售,"佳兆业中央广场一期 , 坂田",3室2厅,89.54平米,东南,精装,中楼层(共47层),2013年,板楼,412 万,46013 元,5,,,近地铁 | VR看装修 | 房本满五年 | 随时看房,https://sz.lianjia.com/ershoufang/105121637869.html,地铁 | VR看装修 | 房本满五年 | 随时看房,房子大阳台 红本满五年 高楼层东南朝向  业主诚心出售,次新社区，人车分流，24小时保安轮流值班，社区有自己的健身广场和花园，园林式社区。占地约3O万平，建面约I8O万平米，依托高新技术产业园，佳兆业城市广场物业形态丰富，旁边就是天安云谷、华为总部。,,项目是挨着坂雪岗大道和坂澜大道，沿着坂雪岗大道可以去梅林关（去关内方向）、也可以转布龙路转南坪快速和水官高速，也可以从转贝尔路再转梅关高速，上坂澜大道可以去观澜也可以去平湖。交通很方便。高速交通：梅观高速、清平高速、坂雪岗大道、南坪快速.,,,2013-05-15,2025-08-01,商品房,普通住宅,满五年,非共有,无抵押,挂牌时间:2025-08-01 | 交易权属:商品房 | 上次交易:2013-05-15 | 房屋用途:普通住宅 | 房屋年限:满五年 | 产权所属:非共有 | 抵押信息:无抵押 | 房本备件:已上传房本照片,客厅 / 21.12平米 / 南 / 普通窗 ; 卧室A / 9.34平米 / 东 / 落地窗 ; 卧室B / 11.11平米 / 无 / 未知窗户类型 ; 卧室C / 7.55平米 / 南 / 普通窗 ; 厨房 / 4.8平米 / 东 / 落地窗 ; 卫 / 3.86平米 / 无 / 落地窗 ; 阳台A / 2.01平米 / 东 / 落地窗 ; 阳台B / 9.95平米 / 东 南 / 普通窗 ; 过道 / 2.88平米 / 无 / 无窗,
地铁口精装大三房，中高层正南采光好，满五唯一无个税,"台湾花园 , 坂田",3室2厅,99.24平米,东南,精装,中楼层(共7层),1993年,板塔结合,380 万,38292 元,0,,,近地铁 | VR房源 | 房本满五年,https://sz.lianjia.com/ershoufang/105121093208.html,地铁 | VR房源 | 房本满五年,此房满五唯一，中高楼层，正南看花园，通风采光好,小区地处坂田繁华商圈，由4栋多个单元组成。步梯房top7层，板楼结构一层两户，坐北朝南，采光充足，小区内自带幼儿园。出行方便，小区边生活气息浓厚。,小区旁边就是坂田市场，买菜购物方便，小区的南面一路之隔是坂田市场，有餐饮、购物、影院、娱乐一条龙。在西边的吉华路和五和大道交汇处是坂田天虹旗舰店，银行、培训机构、餐饮、购物等一应俱全。,小区楼下100米就是地铁十号线（坂田北站），可以直达福田口岸。一站到五和可转5号线，往返布吉深圳东和深圳北高铁。,,,2013-12-04,2025-06-15,商品房,普通住宅,满五年,非共有,无抵押,挂牌时间:2025-06-15 | 交易权属:商品房 | 上次交易:2013-12-04 | 房屋用途:普通住宅 | 房屋年限:满五年 | 产权所属:非共有 | 抵押信息:无抵押 | 房本备件:已上传房本照片,客厅 / 29.36平米 / 东南 / 普通窗 ; 卧室A / 8.89平米 / 东南 / 普通窗 ; 卧室B / 10.76平米 / 西北 / 普通窗 ; 卧室C / 14.34平米 / 东南 / 普通窗 ; 厨房 / 7.09平米 / 西北 / 普通窗 ; 卫生间 / 2.98平米 / 西北 / 普通窗 ; 阳台 / 4.7平米 / 西南 东北 东南 / 普通窗,
百万装修业主自己住  安静位置南向中间楼层,"大族云峰一期 , 坂田",3室2厅,103.08平米,东南,精装,高楼层(共29层),2019年,板塔结合,640 万,62088 元,5,,,近地铁 | VR看装修 | 房本满五年,https://sz.lianjia.com/ershoufang/105121166355.html,地铁 | VR看装修 | 房本满五年,房子是小区中间位置中高楼层，近百万装修，满五年唯一少税,"小区地理位置是位于深圳中轴位置坂田，两个红绿灯可到达坂银隧道首站。
小区是2015年批的地，于2020年年底毛坯交付，次新小区，总楼层30层左右，属于低密度小区，车位配比高。
小区楼间距开阔，绿化高。生活便利很适合住家。",,"开车通勤：小区位于坂雪岗大道与永香路的交汇处，去福田罗湖以及南山都是比较便捷，承接福田后花园的城市外溢功能。
地铁通勤;小区j距离5号线坂田地铁站（以高德地图步行显示）1000米，换乘10线可快速直达福田。",,,2019-05-05,2025-06-21,商品房,普通住宅,满五年,非共有,有抵押,挂牌时间:2025-06-21 | 交易权属:商品房 | 上次交易:2019-05-05 | 房屋用途:普通住宅 | 房屋年限:满五年 | 产权所属:非共有 | 抵押信息:有抵押 | 房本备件:已上传房本照片,客厅 / 31.69平米 / 北 / 落地窗 ; 卧室A / 9.54平米 / 北 / 落地窗 ; 卧室B / 13.88平米 / 无 / 未知窗户类型 ; 卧室C / 7.92平米 / 北 / 落地窗 ; 厨房 / 3.83平米 / 北 / 普通窗 ; 卫A / 3.9平米 / 北 / 普通窗 ; 卫B / 3.11平米 / 无 / 无窗 ; 阳台 / 5.49平米 / 北 / 落地窗 ; 过道 / 4.22平米 / 无 / 无窗,
电梯2+1户型，已改3房，朝南看花园，满五红本诚售,"春华四季园二期 , 坂田",3室2厅,74.37平米,南,,低楼层(共17层),2007年,板塔结合,430 万,57820 元,0,,,VR看装修,https://sz.lianjia.com/ershoufang/105117797047.html,VR看装修,此房满五红本在手，花园式小区，南向电梯三房户型，位置安静！,总规划户数约3000户。6000平方米的湖坡、1000米的风情街——右一坊、室外泳池及室内恒温泳池、3000平方米的运动场地、幼儿园等等。二期户型产品丰富多样，包括70平方米左右的两房、95－122平方米左右的三房、136－157平方米的四-五房,小区一条街、华润万家、特蕾丝幼儿园、游泳馆、网球场、篮球场、羽毛球场、休闲会所等配套，生活购物其便利，购物：8号仓奥特莱斯、龙华名车广场，东门离阳光湾畔购物广场、海达和成购物广场,出行很方便，绿色出行可选择在五和坐地铁，小区南门就有公交车站台。如果是自驾的话，梅观高速就在小区南门800米左右，出行福田、南山、罗湖都很方便。,,,暂无数据,2024-08-01,商品房,普通住宅,暂无数据,非共有,无抵押,挂牌时间:2024-08-01 | 交易权属:商品房 | 上次交易:暂无数据 | 房屋用途:普通住宅 | 房屋年限:暂无数据 | 产权所属:非共有 | 抵押信息:无抵押 | 房本备件:未上传房本照片,客厅 / 36.3平米 / 西 / 落地窗 ; 卧室A / 8.66平米 / 西 / 落地窗 ; 卧室B / 12.91平米 / 无 / 普通窗 ; 卧室C / 11.12平米 / 无 / 未知窗户类型 ; 厨房 / 5.51平米 / 无 / 无窗 ; 卫 / 3.98平米 / 西 / 落地窗 ; 阳台 / 4.31平米 / 西 北 / 普通窗,
地铁口公园旁次新小区3＋2户型 满5急售,"佳兆业城市广场五期 , 坂田",3室2厅,91.34平米,西北,精装,中楼层(共43层),2019年,板楼,515 万,56383 元,0,,,近地铁 | VR看装修,https://sz.lianjia.com/ershoufang/105121451234.html,地铁 | VR看装修,此房满5不唯一 带入户和储物间 高楼层 视野开阔,小区围合式园林，带5层地下停车场，车位充足，2021年入伙，次新小区；,,出门即是十号线地铁口雪象站，步行可达，小区门口还有公交站台，出行便捷；,,,暂无数据,2025-07-15,商品房,普通住宅,暂无数据,非共有,有抵押 210万元 中国银行 客户偿还,挂牌时间:2025-07-15 | 交易权属:商品房 | 上次交易:暂无数据 | 房屋用途:普通住宅 | 房屋年限:暂无数据 | 产权所属:非共有 | 抵押信息:有抵押 210万元 中国银行 客户偿还 | 房本备件:未上传房本照片,客厅 / 25.86平米 / 东北 / 落地窗 ; 卧室A / 6.94平米 / 无 / 普通窗 ; 卧室B / 12.12平米 / 无 / 未知窗户类型 ; 卧室C / 7.95平米 / 无 / 未知窗户类型 ; 厨房 / 5.93平米 / 西北 / 普通窗 ; 卫A / 3.84平米 / 无 / 未知窗户类型 ; 卫B / 4.54平米 / 无 / 未知窗户类型 ; 阳台A / 5.19平米 / 西北 / 普通窗 ; 阳台B / 3.64平米 / 西北 东北 / 普通窗 ; 储物间 / 6.11平米 / 西北 / 普通窗 ; 过道 / 3.19平米 / 无 / 无窗,
10号线雅园站700米，顶楼复式，红本，看花园，安静,"中海月朗苑 , 坂田",5室2厅,136.85平米,南 北,,高楼层(共11层),2006年,板楼,1200 万,87688 元,3,,,近地铁 | VR房源,https://sz.lianjia.com/ershoufang/105116842671.html,地铁 | VR房源,10号线雅园站700米，顶楼复式，红本，南北均看花园，安静，满五,中海月朗苑项目位于深圳市龙岗区布吉坂田南，中海物业，距梅林关口约4公里（来自百度地图），上南坪快速很便捷，用地基本为矩形，住宅楼型为多层，小高层，高层相结合，拥有近20000平方米的花园，小区完全人车分流，展现一种宽适、自然、休闲、的生活氛围。,本小区位于万科第五园旁边，尽享万科配套，自身带商-业，小区北门100平有平方chao市，可以解决日常所需，200米可以到坂田手造文化街，800米到8号仓购物广场,小区门口就有公交站，M572、393、M155、M300、612、高峰37路等、西边五和大道接梅观高速，交通便利，地铁10号线雅园站700米，坂银隧道直通福田笋岗路与北环大道，小区东边坂雪岗大道接南坪快速/坂银通道，西边五和大道接梅观高速，交通便利。,,,暂无数据,2024-04-30,商品房,普通住宅,暂无数据,非共有,无抵押,挂牌时间:2024-04-30 | 交易权属:商品房 | 上次交易:暂无数据 | 房屋用途:普通住宅 | 房屋年限:暂无数据 | 产权所属:非共有 | 抵押信息:无抵押 | 房本备件:未上传房本照片,客厅 / 64.46平米 / 无 / 未知窗户类型 ; 卧室A / 11.85平米 / 无 / 未知窗户类型 ; 卧室B / 7.92平米 / 无 / 未知窗户类型 ; 卧室C / 8.71平米 / 无 / 未知窗户类型 ; 卧室D / 23.85平米 / 无 / 未知窗户类型 ; 卧室E / 15.93平米 / 无 / 未知窗户类型 ; 卫生间A / 5.81平米 / 无 / 未知窗户类型 ; 卫生间B / 4.06平米 / 无 / 未知窗户类型 ; 阳台 / 7.18平米 / 西 北 东 / 普通窗 ; 储物间 / 7.43平米 / 北 / 普通窗 ; 过道 / 15.91平米 / 无 / 无窗,
10号线地铁口，星河电梯南向，精装修大五房三卫，安静,"星河银湖谷 , 坂田",5室2厅,189.02平米,南,,低楼层(共47层),2016年,板塔结合,1888 万,99884 元,0,,,VR房源,https://sz.lianjia.com/ershoufang/105119463609.html,VR房源,10号线地铁口，星河电梯南向，精装修大五房三卫，安静,星河WORLD银湖谷住宅，拥有5500㎡园林和泳池，人车分流的规划设计，港式入户大堂，览山阅湖景视野。商务楼群，集300米高层双子塔地和生态写字楼于一体，是金融产业、高新科技、创新产业的总部型经济聚集地,梅林关口，深圳北站商圈，片区交通不断完善，27年星河匠心集大成之作，自持运营大量物业，星河斥巨资打造航母级综合体，万亿园区产业助力持续。,10号线雅宝站100米左右。南平快速延长线，新彩隧道，坂银隧道，梅关高速，五大交通便捷到到达深圳各区。 坂银遂道已经通车去往罗湖福田近,,,暂无数据,2025-01-11,商品房,普通住宅,暂无数据,非共有,有抵押,挂牌时间:2025-01-11 | 交易权属:商品房 | 上次交易:暂无数据 | 房屋用途:普通住宅 | 房屋年限:暂无数据 | 产权所属:非共有 | 抵押信息:有抵押 | 房本备件:未上传房本照片,客厅 / 56.72平米 / 无 / 未知窗户类型 ; 卧室A / 10.62平米 / 无 / 未知窗户类型 ; 卧室B / 15.86平米 / 西北 / 落地窗 ; 卧室C / 26.11平米 / 无 / 未知窗户类型 ; 卧室D / 9.16平米 / 无 / 未知窗户类型 ; 卧室E / 12.47平米 / 东南 / 落地窗 ; 厨房 / 8.44平米 / 西北 / 普通窗 ; 卫生间A / 5.71平米 / 无 / 未知窗户类型 ; 卫生间B / 5.79平米 / 无 / 未知窗户类型 ; 卫生间C / 8.09平米 / 无 / 未知窗户类型 ; 阳台A / 3.49平米 / 西南 西北 东北 / 普通窗 ; 阳台B / 7.6平米 / 西南 东北 东南 / 普通窗 ; 过道 / 8.42平米 / 无 / 无窗,
佳华领汇广场 4室1厅 东南,"佳华领汇广场 , 坂田",4室1厅,88.8平米,东南,,低楼层(共32层),2016年,塔楼,590 万,66442 元,1,,,近地铁 | VR房源,https://sz.lianjia.com/ershoufang/105118837946.html,地铁 | VR房源,,,,,,,暂无数据,2024-11-07,商品房,普通住宅,暂无数据,非共有,有抵押 580万元 南粤银行 金融公司垫资,挂牌时间:2024-11-07 | 交易权属:商品房 | 上次交易:暂无数据 | 房屋用途:普通住宅 | 房屋年限:暂无数据 | 产权所属:非共有 | 抵押信息:有抵押 580万元 南粤银行 金融公司垫资 | 房本备件:未上传房本照片,客厅 / 31.14平米 / 无 / 未知窗户类型 ; 卧室A / 12.82平米 / 无 / 未知窗户类型 ; 卧室B / 8.56平米 / 西北 / 落地窗 ; 卧室C / 5.3平米 / 无 / 未知窗户类型 ; 卧室D / 6.84平米 / 西北 / 落地窗 ; 厨房 / 6.51平米 / 西北 / 普通窗 ; 卫A / 4.27平米 / 西南 / 落地窗 ; 卫B / 3.74平米 / 西南 / 落地窗 ; 阳台 / 5.39平米 / 西南 东北 东南 / 普通窗,
星河银湖谷 安静视野佳 好楼层 次新房 双子塔一路之隔,"星河银湖谷 , 坂田",4室2厅,88.83平米,东南,精装,低楼层(共47层),2016年,板塔结合,715 万,80491 元,0,,,VR看装修 | 随时看房,https://sz.lianjia.com/ershoufang/105120452855.html,VR看装修 | 随时看房,此房看花园满五年 家庭不唯一住房 ，看小区花园，保养好,星河银湖谷住宅小区共7栋，玻璃外观和干挂陶板立面，有园林和泳池，人车分流的规划设计，港式入户大堂，览山阅湖景视野。星河双子塔、星河生态综合体、星河雅宝山体公园和星河圣境庙堂于一体，湖光山水，共享舒适生活！,,出行便利，10号线雅宝站离小区200米左右。直通南坪快速，新彩隧道，坂银隧道，梅关高速，五大交通便捷到到达深圳各区， 坂银遂道去往罗湖福田南山都方便。,,,暂无数据,2025-04-18,商品房,普通住宅,暂无数据,共有,有抵押 400 金融公司垫资,挂牌时间:2025-04-18 | 交易权属:商品房 | 上次交易:暂无数据 | 房屋用途:普通住宅 | 房屋年限:暂无数据 | 产权所属:共有 | 抵押信息:有抵押 400 金融公司垫资 | 房本备件:未上传房本照片,客厅 / 29.92平米 / 北 / 普通窗 ; 卧室01 / 7.44平米 / 北 / 落地窗 ; 卧室02 / 14.49平米 / 北 / 落地窗 ; 卧室03 / 9.99平米 / 北 / 落地窗 ; 厨房 / 6.54平米 / 北 / 普通窗 ; 卫01 / 3.91平米 / 无 / 无窗 ; 卫02 / 3.98平米 / 北 / 落地窗 ; 阳台 / 5.7平米 / 北 / 普通窗 ; 衣帽间 / 5.75平米 / 北 / 落地窗,
佳兆业城市广场五期，朝南3+1，中间楼层，看花园,"佳兆业城市广场五期 , 坂田",3室2厅,90.15平米,南 北,精装,低楼层(共43层),2019年,板楼,580 万,64338 元,0,,,近地铁 | VR看装修 | 房本满五年,https://sz.lianjia.com/ershoufang/105117369451.html,地铁 | VR看装修 | 房本满五年,"21年交房的次新小区，南北通透，3+1户型,使用率高,做二次精装",总共分为6期10000户的大盘，总占地约300000，建面约1800000平米。3个幼儿园，150000平米综合MALL，万豪酒店（六期项目）,新社区，人车分流，24小时保安轮流值班，园林式社区。占地约300000平，建面约1800000平米，依托高新技术产业园，佳兆业城市广场物业形态丰富，集住宅、酒店于一体，小区左边是天安云谷、华为总部。,地铁10号线：岗头~雪象站口，项目是靠着坂雪岗大道和坂澜大道，沿着坂雪岗大道可以去梅林关，也可以转布龙路转南坪快速和水官高速，也可以从转贝尔路再转梅关高速，上坂澜大道可以去观澜也可以去平湖。高速交通：梅观高速、清平高速、坂雪岗大道。,,,2018-03-15,2024-06-22,商品房,普通住宅,满五年,非共有,有抵押 286万元 建行 客户偿还,挂牌时间:2024-06-22 | 交易权属:商品房 | 上次交易:2018-03-15 | 房屋用途:普通住宅 | 房屋年限:满五年 | 产权所属:非共有 | 抵押信息:有抵押 286万元 建行 客户偿还 | 房本备件:已上传房本照片,客厅 / 25.82平米 / 东北 / 落地窗 ; 卧室A / 7.76平米 / 无 / 未知窗户类型 ; 卧室B / 12.12平米 / 无 / 未知窗户类型 ; 卧室C / 6.92平米 / 无 / 落地窗 ; 厨房 / 5.64平米 / 东南 / 落地窗 ; 卫A / 4.4平米 / 无 / 未知窗户类型 ; 卫B / 4.28平米 / 无 / 未知窗户类型 ; 阳台A / 3.65平米 / 东 / 落地窗 ; 阳台B / 5.31平米 / 东南 / 落地窗 ; 储物间 / 6.22平米 / 东南 / 普通窗 ; 过道 / 3.35平米 / 无 / 无窗,
满五唯一税费少，中高层，看花园视野开阔、采光好,"信义嘉御山 , 坂田",2室1厅,68.58平米,东南,,中楼层(共27层),2015年,板塔结合,500 万,72908 元,0,,,近地铁 | VR看装修,https://sz.lianjia.com/ershoufang/105115687788.html,地铁 | VR看装修,满五唯一税费少，中高层，看花园视野开阔、采光好,信义嘉御豪园分三期开发，占地近100000平米，建面400000平，共3008户。2013-2015年底交房，小区内有泳池，配套有公里龙岗机关幼儿园，户型多样，66平-77平，方正通透的两房；83-88平，朝南或南北的三房户型；85平 复式 四房三卫；117-217平 改善大户型。,信义嘉御山是坂田新的大社区的，小区一共有8期，目前1-5期已经交房入住，坂田双地铁口的大盘，一期楼下有天虹商场，有星巴克，KFC，面点王，健身会所，SAP等配套成熟，还开了佳华商场MAX.CITY有海底捞，探鱼等餐饮名店 各大银行围绕小区、旁边有大企华为,双地铁10号线、5号线地铁，到深圳北站两个地铁站，信义嘉御山小区采用人车分流，绿化面积大，24小时封闭物业管理，居住环境舒适。,,,暂无数据,2023-12-24,商品房,普通住宅,暂无数据,非共有,无抵押,挂牌时间:2023-12-24 | 交易权属:商品房 | 上次交易:暂无数据 | 房屋用途:普通住宅 | 房屋年限:暂无数据 | 产权所属:非共有 | 抵押信息:无抵押 | 房本备件:未上传房本照片,客厅 / 27.66平米 / 无 / 未知窗户类型 ; 卧室A / 12.98平米 / 东南 / 普通窗 ; 卧室B / 12.1平米 / 无 / 未知窗户类型 ; 厨房 / 4.66平米 / 无 / 未知窗户类型 ; 卫 / 4.08平米 / 无 / 未知窗户类型 ; 阳台 / 7.47平米 / 西南 东北 东南 / 普通窗,
双地铁口精装3房 红本满5唯一,"佳兆业中央广场一期 , 坂田",3室2厅,88.96平米,西北,精装,低楼层(共49层),2013年,塔楼,444 万,49911 元,1,,,近地铁 | VR看装修,https://sz.lianjia.com/ershoufang/105117167429.html,地铁 | VR看装修,此房红本满5唯一，3房2卫，精装修,,,出门就是地铁十号线岗头站和贝尔路站，还有大型公交站台，多路公交，出行四通八达；,,,暂无数据,2024-06-02,商品房,普通住宅,暂无数据,非共有,无抵押,挂牌时间:2024-06-02 | 交易权属:商品房 | 上次交易:暂无数据 | 房屋用途:普通住宅 | 房屋年限:暂无数据 | 产权所属:非共有 | 抵押信息:无抵押 | 房本备件:未上传房本照片,客厅 / 24.34平米 / 西北 / 落地窗 ; 卧室A / 9.46平米 / 无 / 未知窗户类型 ; 卧室B / 13.17平米 / 无 / 未知窗户类型 ; 卧室C / 8.15平米 / 西北 / 普通窗 ; 厨房 / 4.65平米 / 东北 / 普通窗 ; 卫A / 3.72平米 / 无 / 普通窗 ; 卫B / 2.88平米 / 无 / 未知窗户类型 ; 阳台A / 3.84平米 / 东北 / 普通窗 ; 阳台B / 6.59平米 / 西南 西北 东北 / 普通窗 ; 过道 / 2.78平米 / 无 / 无窗,
佳兆业城市广场看山看水正地铁口满五唯一带入户,"佳兆业中央广场一期 , 坂田",3室2厅,88.72平米,北,精装,高楼层(共48层),2013年,塔楼,520 万,58612 元,0,,,近地铁 | VR看装修,https://sz.lianjia.com/ershoufang/105119405656.html,地铁 | VR看装修,满五唯一，中高楼层，看山看水景观好，业主自住保养好,,佳兆业城市广场小区位于10号线雪象、岗头双地铁口旁边，门口也有公交站，平时的公共出行便捷；小区有天安云谷、雪象市场、万盛百货、坂田天虹、百佳华等，生活购物很方便,,房子是满五年家庭唯一住宅，个税和增值税都没有，只有1%的契税。,,暂无数据,2025-01-05,商品房,普通住宅,暂无数据,非共有,有抵押 280万元 工行 金融公司垫资,挂牌时间:2025-01-05 | 交易权属:商品房 | 上次交易:暂无数据 | 房屋用途:普通住宅 | 房屋年限:暂无数据 | 产权所属:非共有 | 抵押信息:有抵押 280万元 工行 金融公司垫资 | 房本备件:未上传房本照片,客厅 / 26.01平米 / 北 南 / 落地窗 ; 卧室A / 6.93平米 / 北 / 普通窗 ; 卧室B / 14.56平米 / 无 / 未知窗户类型 ; 卧室C / 7.81平米 / 无 / 未知窗户类型 ; 厨房 / 5.03平米 / 东 / 普通窗 ; 卫A / 4.93平米 / 南 / 普通窗 ; 卫B / 3.52平米 / 南 / 普通窗 ; 阳台A / 6.81平米 / 西 北 东 / 普通窗 ; 阳台B / 2.59平米 / 东 / 普通窗 ; 入户花园 / 8.47平米 / 北 / 落地窗 ; 过道 / 2.97平米 / 无 / 无窗,
佳华领汇广场king公馆 1室1厅 东,"佳华领汇广场king公馆 , 坂田",1室1厅,35.51平米,东,精装,中楼层(共22层),2017年,塔楼,158 万,44495 元,1,,,近地铁 | VR房源,https://sz.lianjia.com/ershoufang/105120316620.html,地铁 | VR房源,,,,,,,暂无数据,2025-04-07,商品房,商务公寓,暂无数据,非共有,有抵押 60万元 上海银行 客户偿还,挂牌时间:2025-04-07 | 交易权属:商品房 | 上次交易:暂无数据 | 房屋用途:商务公寓 | 房屋年限:暂无数据 | 产权所属:非共有 | 抵押信息:有抵押 60万元 上海银行 客户偿还 | 房本备件:未上传房本照片,客厅 / 13.83平米 / 北 / 落地窗 ; 卧室 / 12.41平米 / 无 / 无窗 ; 厨房 / 4平米 / 北 / 普通窗 ; 卫 / 2.93平米 / 无 / 无窗,
此房子唯一位置安静  看花园  全新装修 保养好,"联发天境雅居 , 坂田",3室2厅,88.83平米,东南,精装,低楼层(共31层),,塔楼,530 万,59665 元,0,,,VR看装修,https://sz.lianjia.com/ershoufang/105120265377.html,VR看装修,此房子唯一位置安静  看花园  全新装修 保养好,联发·天境雅居临地铁10号线华为站，占地面积由拥有38年开发建设经验的国企联发打造。位于“坂雪岗科技城”片区，是全市中部发展轴的核位置轴，片区已有300+国家高新企业进驻、约精英人才聚集。,,人文配套：坂田国际艺术（在建中）、云里梦想乐园。 自然配套：山公园、樟坑径郊野公园、银湖山郊野公园、甘坑水库等公园,,,暂无数据,2025-04-01,商品房,普通住宅,暂无数据,非共有,有抵押,挂牌时间:2025-04-01 | 交易权属:商品房 | 上次交易:暂无数据 | 房屋用途:普通住宅 | 房屋年限:暂无数据 | 产权所属:非共有 | 抵押信息:有抵押 | 房本备件:未上传房本照片,客厅 / 22.09平米 / 西南 / 普通窗 ; 卧室01 / 8.88平米 / 无 / 未知窗户类型 ; 卧室02 / 13.24平米 / 无 / 未知窗户类型 ; 卧室03 / 7.01平米 / 无 / 未知窗户类型 ; 厨房 / 6.02平米 / 东南 / 普通窗 ; 卫01 / 3.67平米 / 东南 / 普通窗 ; 卫02 / 3.69平米 / 东北 / 普通窗 ; 阳台 / 4.61平米 / 西南 东南 / 普通窗 ; 过道 / 2.88平米 / 无 / 无窗,
佳兆业悦峰，四房两厅三卫，南北通透户型,"佳兆业悦峰 , 坂田",5室2厅,125.51平米,南 北,精装,高楼层(共27层),2013年,板塔结合,1050 万,83659 元,0,,,近地铁 | VR房源,https://sz.lianjia.com/ershoufang/105117688562.html,地铁 | VR房源,大花园小区，南北通透格局，视野宽广，交通便利,佳兆业悦峰是佳兆业开发商，是上市房企排名靠前的开发商，开发商实力雄厚，佳兆业物业也是比较优质的物业管理公司，为小区高品质生活保驾护航。该小区是2013年次新小区，佳兆业物业，容积2.5，车位1：1带有室内篮球场，生活配套较齐全，居住舒适,,有地铁5号线杨美站C出口900米（参考高德地图），4站抵深圳北站深圳东站，西至赤湾东至黄贝岭。或步行400米至宏扬公交站也有多条公交路线可达深圳各区域。衔接各大高速快速，3公里内直上布龙路、清平高速、水官高速，南坪快速、梅观高速、坂银通道等,,,暂无数据,2024-07-21,商品房,普通住宅,暂无数据,共有,无抵押,挂牌时间:2024-07-21 | 交易权属:商品房 | 上次交易:暂无数据 | 房屋用途:普通住宅 | 房屋年限:暂无数据 | 产权所属:共有 | 抵押信息:无抵押 | 房本备件:未上传房本照片,客厅 / 41.58平米 / 北 南 / 落地窗 ; 卧室A / 12.47平米 / 无 / 未知窗户类型 ; 卧室B / 15.32平米 / 北 东 / 落地窗 ; 卧室C / 16.1平米 / 无 / 未知窗户类型 ; 卧室D / 13.22平米 / 南 / 普通窗 ; 厨房 / 7.6平米 / 北 / 普通窗 ; 卫A / 4.44平米 / 北 / 普通窗 ; 卫B / 4.38平米 / 北 / 普通窗 ; 卫C / 4.25平米 / 北 / 普通窗 ; 阳台A / 2.14平米 / 北 / 普通窗 ; 阳台B / 8.37平米 / 东 南 / 普通窗 ; 阳台C / 8.34平米 / 东 南 / 普通窗 ; 储物间 / 4.95平米 / 无 / 无窗 ; 过道 / 10.34平米 / 无 / 无窗 ; 衣帽间 / 3.24平米 / 无 / 无窗,
满五年  税费少   自住方便看房,"星光之约 , 坂田",2室1厅,70.99平米,南,,低楼层(共6层),2002年,板楼,420 万,59164 元,1,,,近地铁 | VR房源,https://sz.lianjia.com/ershoufang/105118732192.html,地铁 | VR房源,此房满五年唯一，带大院子，适合有老人的家庭，10号线南坑站,星光之约花园位于坂田梅坂大道南。小区1998年批地，2004年入住，小区有6栋住宅楼，1-3栋为楼梯，4-6栋为电梯，全部是小高层建筑，主要是两房--四房户型，小区四周不临路，安静，内部有篮球场、休闲广场等设施。,小区门口是临街商铺，有钱大妈，各式餐饮，生活集市等。小区距离星河WORLD cocopark商场只有600米左右；距离8号仓奥特莱斯商场约1.7公里；距离南坑农贸市场约1公里；小区距离雅宝山体公园约1.2公里。,小区大门口是五和大道，路边有星光之约公交站台，10号线南坑站和雅宝站距离小区都是约500米左右。五和大道与坂雪岗大道、布龙路、龙华大道，民治大道等多条主干道衔接，小区到梅林关仅2个红绿灯，小区2公里范围内覆盖梅观高速，南坪快速，坂银通道等快速路。,,,暂无数据,2024-10-28,商品房,普通住宅,暂无数据,非共有,有抵押 22万元 农业银行 金融公司垫资,挂牌时间:2024-10-28 | 交易权属:商品房 | 上次交易:暂无数据 | 房屋用途:普通住宅 | 房屋年限:暂无数据 | 产权所属:非共有 | 抵押信息:有抵押 22万元 农业银行 金融公司垫资 | 房本备件:未上传房本照片,客厅 / 27.33平米 / 南 / 普通窗 ; 卧室A / 9.27平米 / 无 / 未知窗户类型 ; 卧室B / 12.81平米 / 南 / 普通窗 ; 厨房 / 5.84平米 / 东 / 普通窗 ; 卫 / 4.36平米 / 无 / 无窗 ; 露台 / 22.49平米 / 西 东 南 / 普通窗,
业主诚心卖，10号线地铁口好出租，户型方正诚心卖,"华创云轩 , 坂田",2室2厅,29平米,南 北,精装,20层,2018年,塔楼,127 万,43794 元,60,,,近地铁 | VR房源,https://sz.lianjia.com/ershoufang/105109480008.html,地铁 | VR房源,业主诚心卖，10号线地铁口 好出租，采光通风好 户型方正实用,华创云轩占地面积：12553平方米 共2栋，其中A栋20层，B栋21层 小区有地下停车场车位充足，有四层商场，4楼为空中花园,配套有万科城购物街、天虹商场、坂田购物广场，天安云谷大型商场，佳兆业城市广场，楼下上下四层的商场,拥有立体的交通网络：地铁10号线华为站就在小区楼下，坂银通道已开通，项目直达市区，上机荷、清平、梅关，通达全城!,,,暂无数据,2021-12-14,商品房,商务公寓,暂无数据,非共有,无抵押,挂牌时间:2021-12-14 | 交易权属:商品房 | 上次交易:暂无数据 | 房屋用途:商务公寓 | 房屋年限:暂无数据 | 产权所属:非共有 | 抵押信息:无抵押 | 房本备件:未上传房本照片,客厅 / 12.87平米 / 北 / 落地窗 ; 卧室A / 5.74平米 / 东北 / 普通窗 ; 卧室B / 6.18平米 / 无 / 未知窗户类型 ; 厨房 / 3.29平米 / 南 / 普通窗 ; 卫生间 / 2.04平米 / 南 / 普通窗 ; 过道 / 3.52平米 / 无 / 无窗,
高楼层东南向大4房 满五唯一 红本在手 业主诚心出售,"信义嘉御山 , 坂田",4室2厅,140.3平米,东南,精装,高楼层(共31层),2013年,板塔结合,920 万,65574 元,1,,,近地铁 | VR看装修 | 房本满五年,https://sz.lianjia.com/ershoufang/105117974115.html,地铁 | VR看装修 | 房本满五年,此房满五年唯一，红本在手。朝向东南，高楼层 业主诚心出售,信义嘉御豪园分三期开发，占地近100000平米，建面400000平，共3008户。2013-2015年底交房，小区内有泳池，配套有公立幼儿园，户型多样，66平-77平方正通透的两房；83-88平朝南或南北的三房户型；85平复式四房三卫；117-217平 改善大户型。,小区东面800米处有一市政公园--黄君山公园，公园旁龙岗区国际艺术场馆在建中；小区自带坂田天虹旗舰店 过马路还有百佳华MAX CITY商场，购物吃饭都是很方便的,轨道交通10号线坂田北站400米，5+10号线交汇的五和站890米；吉华路和五和大道交汇处有公交站台有几十路公交经过通达全市各个区域；小区停车场出口出来转个弯上G94高速，出行很方便。,,,2014-04-12,2024-08-16,商品房,普通住宅,满五年,非共有,无抵押,挂牌时间:2024-08-16 | 交易权属:商品房 | 上次交易:2014-04-12 | 房屋用途:普通住宅 | 房屋年限:满五年 | 产权所属:非共有 | 抵押信息:无抵押 | 房本备件:已上传房本照片,客厅 / 34.3平米 / 无 / 未知窗户类型 ; 卧室A / 11.95平米 / 东南 / 普通窗 ; 卧室B / 12.85平米 / 无 / 未知窗户类型 ; 卧室C / 18.24平米 / 无 / 未知窗户类型 ; 卧室D / 10.72平米 / 西南 西北 / 落地窗 ; 厨房 / 6.25平米 / 西北 / 普通窗 ; 卫A / 6.06平米 / 无 / 未知窗户类型 ; 卫B / 3.13平米 / 西北 / 普通窗 ; 阳台 / 8.9平米 / 西南 东北 东南 / 普通窗 ; 过道 / 7.27平米 / 无 / 无窗 ; 门厅 / 5.41平米 / 西南 / 普通窗,
一楼花园地下室，配套齐全四房，近地铁精装叠院,"万科第五园一期 , 坂田",4室2厅,141.46平米,南 北,精装,低楼层(共3层),2006年,塔楼,985 万,69631 元,19,,,近地铁 | VR房源,https://sz.lianjia.com/ershoufang/105116698489.html,地铁 | VR房源,房子使用面积大，两层实用有280平，有两个花园，看房方便,"由万科地产开发管理,于2000年批地,2006年开盘,毛坯交楼,合院洋房的面积有76-96-106-107平等,一楼带有地下室和六楼为平顶复式,另有叠院洋房和别墅区,自带游泳池,华润万家,和购物一条街等,中式文化园林,闹中取静,园中有景,低密度,位于第五园中轴地带!",五园南门和北门出行口都有一个华润万家，万科里的商圈（在万科第五园九期），生活配套设施完善，距离1200米8号仓可以大型购物，喝茶，看电影，还有坂田医院， 一个南坑水库 一个钓鱼场所休闲场，两个登山口可以爬银湖山。,"第五园共为一至九期,由四条路分开,共有六个板块,门口有南坪,清平等高速,坂银隧道已开通,第五园八期自带公交总站,另有轨道交通从福田到平湖,经过坂田有九个站,第五园有设站,步行1000米可到。",,,暂无数据,2024-04-16,商品房,普通住宅,暂无数据,共有,无抵押,挂牌时间:2024-04-16 | 交易权属:商品房 | 上次交易:暂无数据 | 房屋用途:普通住宅 | 房屋年限:暂无数据 | 产权所属:共有 | 抵押信息:无抵押 | 房本备件:未上传房本照片,客厅 / 27.42平米 / 南 / 普通窗 ; 餐厅 / 19.96平米 / 南 / 普通窗 ; 卧室A / 44.45平米 / 北 / 普通窗 ; 卧室B / 13.3平米 / 北 / 普通窗 ; 卧室C / 9.03平米 / 北 / 落地窗 ; 卧室D / 19.82平米 / 无 / 未知窗户类型 ; 厨房 / 9.89平米 / 北 / 普通窗 ; 卫生间A / 4.74平米 / 无 / 无窗 ; 卫生间B / 3.27平米 / 西 / 普通窗 ; 卫生间C / 4.02平米 / 东 南 / 普通窗 ; 露台 / 10.67平米 / 无 / 无窗 ; 过道 / 5.92平米 / 无 / 无窗 ; 入户花园A / 22.27平米 / 西 东 南 / 普通窗 ; 入户花园B / 28.36平米 / 南 / 普通窗,
信义嘉御山朝南向经典二房诚心出售,"信义嘉御山 , 坂田",2室2厅,69.79平米,南,,26层,2013年,板塔结合,445 万,63763 元,0,,,近地铁 | VR看装修 | 房本满五年,https://sz.lianjia.com/ershoufang/105120129286.html,地铁 | VR看装修 | 房本满五年,朝南采光好，经典大二房，布局合理。,信义嘉御豪园分三期开发，占地近100000平米，建面400000平，共3008户。2013-2015年底交房，小区内有泳池，配套有公里龙岗机关幼儿园，户型多样，66平-77平，方正通透的两房；83-88平，朝南或南北的三房户型；85平 复式 四房三卫；117-217平 改善大户型。,信义嘉御山是坂田新的大社区的，小区一共有8期，坂田双地铁口的大盘，一期楼下有天虹商场，有星巴克，KFC，面点王，健身会所，SAP等配套成熟，还开了佳华商场MAX.CITY有海底捞，探鱼等餐饮名店 各大银行围绕小区、旁边有大企华为。,双地铁10号线、5号线物业，到深圳北站两个地铁站，信义嘉御山小区采用人车分流，绿化面积大，24小时封闭物业管理，居住环境舒适。,,,2015-01-26,2025-03-21,商品房,普通住宅,满五年,非共有,无抵押,挂牌时间:2025-03-21 | 交易权属:商品房 | 上次交易:2015-01-26 | 房屋用途:普通住宅 | 房屋年限:满五年 | 产权所属:非共有 | 抵押信息:无抵押 | 房本备件:已上传房本照片,客厅 / 28.03平米 / 无 / 未知窗户类型 ; 卧室A / 11.97平米 / 无 / 未知窗户类型 ; 卧室B / 13.48平米 / 南 / 普通窗 ; 厨房 / 4.4平米 / 无 / 未知窗户类型 ; 卫生间 / 4.07平米 / 无 / 未知窗户类型 ; 阳台 / 7.3平米 / 西 东 南 / 普通窗,
春华四季园2加2户型 厅出阳台朝南 满五年红本唯一,"春华四季园一期 , 坂田",4室2厅,69.02平米,东南,,中楼层(共11层),2006年,板楼,400 万,57955 元,9,,,近地铁 | VR房源,https://sz.lianjia.com/ershoufang/105115840215.html,地铁 | VR房源,此房满五年红本唯一免个税，朝南，实用面积80平,"：
总规划户数约3000户。6000平方米的湖坡、1000米的风情街——右一坊、室外泳池及室内恒温泳池、3000平方米的运动场地、幼儿园等等。二期户型产品丰富多样，包括70平方米左右的两房、95－122平方米左右的三房、136－157平方米的四-五房！",小区自带：小区一条街、华润万家、特蕾丝幼儿园、游泳馆、网球场、篮球场、羽毛球场、休闲会所等配套，生活购物便利，购物：8号仓奥特莱斯、龙华名车广场，东门离阳光湾畔购物广场、海达和成购物广场,小区离地铁五和站1500米，深圳北站2公里，小区南门有多趟公交车直达南山，罗湖，福田，开车可以直接在南门上梅观高速转南坪快速，机荷高速，关口位置，交通便利,,,暂无数据,2024-01-11,商品房,普通住宅,暂无数据,非共有,无抵押,挂牌时间:2024-01-11 | 交易权属:商品房 | 上次交易:暂无数据 | 房屋用途:普通住宅 | 房屋年限:暂无数据 | 产权所属:非共有 | 抵押信息:无抵押 | 房本备件:未上传房本照片,客厅 / 29.37平米 / 南 / 落地窗 ; 卧室A / 7.92平米 / 东 南 / 落地窗 ; 卧室B / 12.32平米 / 无 / 未知窗户类型 ; 卧室C / 7.63平米 / 无 / 未知窗户类型 ; 厨房 / 5.68平米 / 北 / 落地窗 ; 卫 / 3.66平米 / 无 / 未知窗户类型 ; 阳台 / 5.36平米 / 东 南 / 落地窗 ; 储物间 / 6.59平米 / 南 / 落地窗,
高楼层视野好、朝花园位置安静业主诚心卖,"大族云峰一期 , 坂田",3室2厅,102.64平米,北,,32层,2019年,板塔结合,598 万,58262 元,0,,,近地铁 | VR看装修,https://sz.lianjia.com/ershoufang/105117797578.html,地铁 | VR看装修,高楼层视野好、朝花园位置安静业主诚心卖,,楼下就是商场湾畔Mall，去万科里，天虹商场，8号仓，星河CocoPark也很方便，坂田医院，银湖山郊野公园。,坂银隧道首站，直抵福田，全方位立体交通，地铁：十号线雅园站，五号线坂田站和五和站，3站深圳北。,,,暂无数据,2024-08-01,商品房,普通住宅,暂无数据,非共有,有抵押 中国建设银行股份有限公司深圳市分行,挂牌时间:2024-08-01 | 交易权属:商品房 | 上次交易:暂无数据 | 房屋用途:普通住宅 | 房屋年限:暂无数据 | 产权所属:非共有 | 抵押信息:有抵押 中国建设银行股份有限公司深圳市分行 | 房本备件:未上传房本照片,客厅 / 26.82平米 / 北 南 / 普通窗 ; 卧室A / 9.37平米 / 无 / 未知窗户类型 ; 卧室B / 14.83平米 / 无 / 未知窗户类型 ; 卧室C / 7.13平米 / 南 / 落地窗 ; 厨房 / 7.47平米 / 西 / 落地窗 ; 卫A / 4.2平米 / 南 / 普通窗 ; 卫B / 4.28平米 / 无 / 未知窗户类型 ; 阳台 / 5.39平米 / 西 北 东 / 普通窗 ; 过道 / 3.02平米 / 无 / 无窗,
四季花城复式出售，南北向，位置安静,"万科四季花城七期 , 坂田",5室2厅,104.6平米,南 北,,高楼层(共6层),2003年,板楼,550 万,52582 元,2,,,近地铁 | VR房源,https://sz.lianjia.com/ershoufang/105114849021.html,地铁 | VR房源,房子满五年， 南北向，位置安静，复式房，带露台,小区由万科地产集团开发，一共有36个独立苑，共分七期开发，花园式小区，绿化植被很多，带露天游泳池和健身会所及相应运动器械供住户健身，社区运动氛围棒；万科物业24小时严格管控，夜间有保安巡逻，外人基本无法随意出入，人车分流，充分保护行人安全。,小区内有博雅、曼京、海丽达幼儿园等，商场类有华润万家，海达和成购物广场、阳光湾畔，8号仓奥特莱斯等。医疗类有深圳坂田医院、布吉医院花城社康医院（小区内）；网球场，篮球场，健身会所等！,此房距离地铁5号线和10号线A口，交通发达，小区旁边有布龙路、梅观高速、机荷高速、南坪快速等，乘坐公交或驾车出行到福田、罗湖、南山等地较方便（距离信息来源于百度地图）,,,暂无数据,2023-09-19,商品房,普通住宅,暂无数据,非共有,有抵押,挂牌时间:2023-09-19 | 交易权属:商品房 | 上次交易:暂无数据 | 房屋用途:普通住宅 | 房屋年限:暂无数据 | 产权所属:非共有 | 抵押信息:有抵押 | 房本备件:未上传房本照片,客厅 / 34.51平米 / 北 南 / 普通窗 ; 卧室A / 15.66平米 / 南 / 落地飘窗 ; 卧室B / 10.52平米 / 无 / 未知窗户类型 ; 卧室C / 7.83平米 / 北 / 普通窗 ; 卧室D / 9.23平米 / 北 / 普通窗 ; 卧室E / 16.08平米 / 无 / 未知窗户类型 ; 厨房 / 5.12平米 / 北 / 普通窗 ; 卫A / 4.36平米 / 东 / 普通窗 ; 卫B / 3.07平米 / 南 / 普通窗 ; 卫C / 2.43平米 / 南 / 普通窗 ; 阳台A / 4.84平米 / 西 西南 南 东南 / 普通窗 ; 阳台B / 2.82平米 / 北 东 / 普通窗 ; 过道 / 2.76平米 / 无 / 无窗 ; 过道 / 42.01平米 / 北 东 南 / 落地窗,
高层安静，朝南看花园，正出阳台，随看随签,"信义嘉御山5期 , 坂田",3室2厅,72.89平米,南 北,精装,高楼层(共39层),2016年,塔楼,550 万,75457 元,5,,,VR看装修 | 房本满五年,https://sz.lianjia.com/ershoufang/105115296410.html,VR看装修 | 房本满五年,此房东南向看花园位置三房 厅出阳台，得房率高。,,小区下面自带底层店铺，开发商自持，目前已全部进驻，包括中西式餐饮、教育培训、婴幼儿用品，便利店及坂田天虹旗舰店，生活方便，小区内有幼儿园，家门口尽享优质生活，小区南侧是MIX City7层楼综合商心街区，有百佳华chao市，海底捞，麦当劳，星巴克等品牌.,开车出行：小区出来贝尔路可快速上G94梅关高速，坂雪岗大道上坂银通道直通福田南山。 地铁出行：10号线坂田北站，10号线5号线中转站五和站。 公交出行：里石排站，坂田市场站，坂田路口站，坂田路口北站等,,,2019-04-19,2023-11-10,商品房,普通住宅,满五年,非共有,有抵押 448万元 客户偿还,挂牌时间:2023-11-10 | 交易权属:商品房 | 上次交易:2019-04-19 | 房屋用途:普通住宅 | 房屋年限:满五年 | 产权所属:非共有 | 抵押信息:有抵押 448万元 客户偿还 | 房本备件:已上传房本照片,客厅 / 27.95平米 / 东南 / 落地窗 ; 卧室A / 11.23平米 / 无 / 未知窗户类型 ; 卧室B / 8.13平米 / 西南 / 普通窗 ; 卧室C / 9.33平米 / 西南 / 普通窗 ; 厨房 / 3.78平米 / 西南 / 普通窗 ; 卫 / 3.82平米 / 无 / 普通窗 ; 阳台A / 4.05平米 / 西南 东南 / 普通窗 ; 阳台B / 2.02平米 / 西南 / 普通窗,
新出朝南3加1户型，客厅出阳台 位置安静,"佳兆业城市广场五期 , 坂田",4室2厅,89.71平米,南,精装,中楼层(共43层),2019年,板楼,480 万,53506 元,2,,,近地铁 | VR看装修,https://sz.lianjia.com/ershoufang/105120191377.html,地铁 | VR看装修,此房子满五年唯一 税费少，只需要交个契税就可以 红本在手,,新社区人车分流，24小时保安轮流值班社区有自己的健身广场和花园园林式社区依托高新技术产业园佳兆业城市广场物业形态丰富集酒店于一体隔壁就是天安云谷华为总部 楼下就 是雪象地铁站 出行方便,项目是挨着坂雪岗大道和坂澜大道，沿着坂雪岗大道可以去梅林关（去关内方向）、也可以转布龙路转南坪快速和水官高速，也可以从转贝尔路再转梅关高速，上坂澜大道可以去观澜也可以去平湖。交通很方便。高速交通：梅观高速、清平高速、坂雪岗大道、南坪快速,,,暂无数据,2025-03-26,商品房,普通住宅,暂无数据,非共有,无抵押,挂牌时间:2025-03-26 | 交易权属:商品房 | 上次交易:暂无数据 | 房屋用途:普通住宅 | 房屋年限:暂无数据 | 产权所属:非共有 | 抵押信息:无抵押 | 房本备件:未上传房本照片,客厅 / 19.51平米 / 无 / 落地窗 ; 书房 / 6.02平米 / 无 / 落地窗 ; 卧室A / 9.47平米 / 无 / 未知窗户类型 ; 卧室B / 11.57平米 / 无 / 未知窗户类型 ; 卧室C / 10.46平米 / 无 / 普通窗 ; 厨房 / 8.16平米 / 无 / 落地窗 ; 卫A / 3.31平米 / 无 / 普通窗 ; 卫B / 3.05平米 / 无 / 落地窗 ; 阳台A / 4.69平米 / 无 / 落地窗 ; 阳台B / 6.74平米 / 无 / 落地窗 ; 过道 / 5.03平米 / 无 / 无窗,
春华四季园二期 6室2厅 南,"春华四季园二期 , 坂田",6室2厅,140.66平米,南,,高楼层(共6层),2007年,板塔结合,1150 万,81758 元,0,,,VR房源,https://sz.lianjia.com/ershoufang/105121952816.html,VR房源,,,,,,,2024-09-20,2025-08-29,商品房,普通住宅,未满两年,非共有,无抵押,挂牌时间:2025-08-29 | 交易权属:商品房 | 上次交易:2024-09-20 | 房屋用途:普通住宅 | 房屋年限:未满两年 | 产权所属:非共有 | 抵押信息:无抵押 | 房本备件:已上传房本照片,客厅 / 29.25平米 / 南 / 普通窗 ; 餐厅 / 25.65平米 / 无 / 无窗 ; 卧室A / 4.32平米 / 东 南 / 落地窗 ; 卧室B / 7.54平米 / 无 / 未知窗户类型 ; 卧室C / 22.42平米 / 无 / 未知窗户类型 ; 卧室D / 14.13平米 / 无 / 未知窗户类型 ; 卧室E / 7.75平米 / 无 / 无窗 ; 卧室F / 25.24平米 / 北 / 落地窗 ; 厨房 / 5.96平米 / 西 / 普通窗 ; 卫A / 3.45平米 / 西 / 普通窗 ; 卫B / 7.49平米 / 无 / 未知窗户类型 ; 卫C / 3.53平米 / 西 / 普通窗 ; 卫D / 3.71平米 / 无 / 无窗 ; 阳台 / 8.91平米 / 南 / 普通窗 ; 露台（按现状绘制，如有偏差，以产权证明为准） / 29.41平米 / 南 / 普通窗 ; 储物间 / 2.98平米 / 无 / 无窗 ; 过道A / 10.97平米 / 无 / 无窗 ; 过道B / 27.97平米 / 无 / 无窗 ; 衣帽间 / 11.56平米 / 无 / 未知窗户类型,
坂银隧道，次新大5房 2梯3户 高实用，停车方便,"大族云峰一期 , 坂田",5室3厅,166平米,南 北,,30层,2019年,板塔结合,1150 万,69278 元,0,,,近地铁 | VR看装修,https://sz.lianjia.com/ershoufang/105121870565.html,地铁 | VR看装修,此房业主两套房 看房子提前预约有租客 业主诚心卖的,小区由4栋住宅围合建成，楼间距宽，住家舒适，次新小区，现代园林布景美观，人车分离,楼下就是商体湾畔Mall，去万科里，天虹商场，8号仓，星河CocoPark也很方便，坂田医院，银湖山郊野公园,坂银隧道首站，直抵福田，全方位立体交通，地铁：十号线雅园站、五和站--五号线坂田站，3站深圳北,,,暂无数据,2025-08-21,商品房,普通住宅,暂无数据,非共有,有抵押 200万元 上海银行,挂牌时间:2025-08-21 | 交易权属:商品房 | 上次交易:暂无数据 | 房屋用途:普通住宅 | 房屋年限:暂无数据 | 产权所属:非共有 | 抵押信息:有抵押 200万元 上海银行 | 房本备件:未上传房本照片,客厅 / 33.4平米 / 无 / 未知窗户类型 ; 卧室A / 9.86平米 / 南 / 落地窗 ; 卧室B / 18.45平米 / 无 / 未知窗户类型 ; 卧室C / 8.05平米 / 北 / 落地窗 ; 卧室D / 8.49平米 / 无 / 未知窗户类型 ; 厨房 / 6.92平米 / 北 / 普通窗 ; 卫A / 5.19平米 / 无 / 未知窗户类型 ; 卫B / 5.99平米 / 无 / 未知窗户类型 ; 阳台A / 6.92平米 / 西 南 / 普通窗 ; 阳台B / 3.32平米 / 北 东 / 普通窗 ; 储物间 / 13.14平米 / 无 / 未知窗户类型 ; 过道 / 5.64平米 / 无 / 无窗 ; 门厅 / 7.04平米 / 北 / 落地窗 ; 衣 / 2.43平米 / 无 / 无窗,
精装的复式，年租金4个百分点以上,"华创云轩 , 坂田",2室1厅,32.62平米,北,,20层,2018年,塔楼,106 万,32496 元,1,,,近地铁 | 随时看房,https://sz.lianjia.com/ershoufang/105122026853.html,地铁 | 随时看房,朝北看天安云谷，无遮挡，开门后南北对流.通燃气,,小区配套成熟 一二楼为长龙mall，齐集吃喝玩乐。 10号地铁在侧，尽享出行便捷。 马路对望是万科城小区，共享万科城风情街和社康门诊。 医疗；距离800米有深圳肖传国医院（专科医院），距离约1.3公里有深圳远东妇产医院。,环保出行楼下经常停有共享单车以下距离数据来源百度地图地铁：10号线华为站D出口约50米下楼即可享受地铁出行公交站华为单身宿舍北距离约180米距离象角塘西约330米距离万科城实验站约330米,,,暂无数据,2025-09-05,商品房,商业办公类,暂无数据,非共有,无抵押,挂牌时间:2025-09-05 | 交易权属:商品房 | 上次交易:暂无数据 | 房屋用途:商业办公类 | 房屋年限:暂无数据 | 产权所属:非共有 | 抵押信息:无抵押 | 房本备件:未上传房本照片,客厅 / 14.9平米 / 北 / 落地窗 ; 卧室A / 7.44平米 / 无 / 未知窗户类型 ; 卧室B / 6.42平米 / 南 / 普通窗 ; 厨房 / 3.31平米 / 南 / 普通窗 ; 卫 / 2.66平米 / 南 / 普通窗 ; 过道 / 3.99平米 / 无 / 无窗,
此房户型方正南北通双地铁口物业,"金洲嘉丽园 , 坂田",3室2厅,96.28平米,北,精装,7层,2003年,板楼,435 万,45181 元,1,,,近地铁 | VR房源 | 房本满五年,https://sz.lianjia.com/ershoufang/105119452479.html,地铁 | VR房源,此房户型方正南北通双地铁口物业有大花园,金洲物业于2002年批地，05年建成。管理费1元每平方， 由12栋多层住宅正南正北向排成，共580户，240个车位，户型分别是两房、三房，一楼带花园，六楼顶楼带天台花园。内设有幼儿园、游泳池、篮球场，小孩有滑滑梯，老人有健身器材等,步行150米内有扬马菜市场、260米内有公园，文体广场，600米内有工、农、中、建、招商等银行营业厅；3000米半径圈内配套有：城立方，万科里，星河COCOpark、8号仓、银湖山森林公园、坂田医院、坂田天虹、坂田手造文化街,小区位于两条地铁线的中间，5号线的坂田站和10号线的坂田北，门口就是公交站台，到那里都比较方便，离坂银通道两个站,,,2004-04-23,2025-01-10,商品房,普通住宅,未满两年,非共有,有抵押 390万元 农商银行,挂牌时间:2025-01-10 | 交易权属:商品房 | 上次交易:2004-04-23 | 房屋用途:普通住宅 | 房屋年限:未满两年 | 产权所属:非共有 | 抵押信息:有抵押 390万元 农商银行 | 房本备件:已上传房本照片,客厅 / 29.52平米 / 北 / 普通窗 ; 卧室A / 8.23平米 / 北 / 落地飘窗 ; 卧室B / 13.46平米 / 南 / 普通窗 ; 卧室C / 8.44平米 / 南 / 普通窗 ; 厨房 / 5.58平米 / 无 / 无窗 ; 卫A / 4.14平米 / 北 / 普通窗 ; 卫B / 3.9平米 / 北 / 普通窗 ; 阳台A / 5.4平米 / 西 北 / 普通窗 ; 阳台B / 3.24平米 / 无 / 无窗 ; 露台（按现状绘制，如有偏差，以产权证明为准） / 29.62平米 / 西 南 / 普通窗 ; 过道 / 3.15平米 / 无 / 无窗,
底楼复式，自带花园院子，朝南向,"佳兆业中央广场三期 , 坂田",5室3厅,144.33平米,南,,45层,2015年,塔楼,760 万,52658 元,6,,,近地铁 | VR房源 | 随时看房,https://sz.lianjia.com/ershoufang/105112460831.html,地铁 | VR房源 | 随时看房,底楼复式，自带花园院子，朝南向,2017年新小区，一共分六期建设，人车分流，居住氛围好。。。。。,新社区，人车分流，24小时保安轮流值班，社区有自己的健身广场和花园，园林式社区。依托高新技术产业园，佳兆业城市广场物业形态丰富，集住宅、酒店于一体。隔壁就是天安云谷、华为总部。,项目是挨着坂雪岗大道和坂澜大道，沿着坂雪岗大道可以去梅林关（去关内方向）、也可以转布龙路转南坪快速和水官高速，也可以从转贝尔路再转梅关高速，上坂澜大道可以去观澜也可以去平湖。交通很方便。高速交通：梅观高速、清平高速、坂雪岗大道、南坪快速,,,暂无数据,2023-01-25,商品房,普通住宅,暂无数据,非共有,有抵押 610万元,挂牌时间:2023-01-25 | 交易权属:商品房 | 上次交易:暂无数据 | 房屋用途:普通住宅 | 房屋年限:暂无数据 | 产权所属:非共有 | 抵押信息:有抵押 610万元 | 房本备件:未上传房本照片,客厅 / 28.6平米 / 北 南 / 普通窗 ; 卧室A / 8.18平米 / 无 / 未知窗户类型 ; 卧室B / 12.03平米 / 无 / 未知窗户类型 ; 卧室C / 10.6平米 / 无 / 无窗 ; 卧室D / 11.29平米 / 无 / 未知窗户类型 ; 卧室E / 12.28平米 / 无 / 未知窗户类型 ; 卫生间A / 2.47平米 / 北 / 普通窗 ; 卫生间B / 3.85平米 / 北 / 普通窗 ; 卫生间C / 2.5平米 / 北 / 普通窗 ; 阳台 / 6.84平米 / 西 南 / 普通窗 ; 储物间 / 7.45平米 / 西 / 落地窗 ; 过道 / 9.07平米 / 西 / 落地窗,
双地铁口 双面采光 复式两房 中间楼层 东南向,"佳兆业城市广场五期 , 坂田",2室2厅,78.75平米,东南,精装,中楼层(共39层),2019年,塔楼,338 万,42921 元,0,,,近地铁,https://sz.lianjia.com/ershoufang/105118457031.html,地铁,双地铁口  双面采光  复式两房 两卫 次新房 东南向,新社区人车分流，24小时保安轮流值班小区内有自己的健身广场和花园园林式社区自带大泳池健身场所会所配套齐,,10号线地铁物业雪象A和岗头C出口100~200米，项目是挨着坂雪岗大道和坂澜大道，沿着坂雪岗大道可以去梅林关，也可以转布龙路转南坪快速和水官高速，也可以从转贝尔路再转梅关高速，上坂澜大道可以去观澜也可以去平湖；多条公交路线直达罗湖、福田，交通便利,,,暂无数据,2024-09-30,商品房,商业办公类,暂无数据,非共有,有抵押,挂牌时间:2024-09-30 | 交易权属:商品房 | 上次交易:暂无数据 | 房屋用途:商业办公类 | 房屋年限:暂无数据 | 产权所属:非共有 | 抵押信息:有抵押 | 房本备件:未上传房本照片,客厅 / 29.92平米 / 西南 南 / 落地窗 ; 卧室A / 8.67平米 / 南 / 落地窗 ; 卧室B / 16.1平米 / 南 / 落地窗 ; 卫A / 5.27平米 / 南 / 落地窗 ; 卫B / 4.98平米 / 南 / 落地窗 ; 过道 / 7.46平米 / 西南 / 落地窗,
朝南向 位置安静 业主自住 装修保养好,"佳兆业中央广场一期 , 坂田",3室2厅,89.28平米,东南,精装,低楼层(共47层),2013年,板楼,480 万,53764 元,2,,,近地铁 | VR看装修 | 房本满五年,https://sz.lianjia.com/ershoufang/105119167470.html,地铁 | VR看装修 | 房本满五年,房子朝南向，业主自住，全屋二次装修，装修保养好。,新社区，人车分流，24小时保安轮流值班，小区内有自己的健身广场和花园，园林式社区，自带大泳池，健身场所、会所，配套齐全，居家舒适。,佳兆业城市广场社区依托高新技术产业园，物业形态丰富，集住宅、酒店、大型综合体配套于一体，小区旁边就是天安云谷、华为总部。,10号线双地铁口物业，项目是挨着坂雪岗大道和坂澜大道，沿着坂雪岗大道可以去梅林关，也可以转布龙路转南坪快速和水官高速，也可以从转贝尔路再转梅关高速，上坂澜大道可以去观澜也可以去平湖；多条公交路线直达罗湖、福田，交通很便利。,,,2018-06-22,2024-12-10,商品房,普通住宅,满五年,共有,有抵押 160万元,挂牌时间:2024-12-10 | 交易权属:商品房 | 上次交易:2018-06-22 | 房屋用途:普通住宅 | 房屋年限:满五年 | 产权所属:共有 | 抵押信息:有抵押 160万元 | 房本备件:已上传房本照片,客厅 / 22.01平米 / 无 / 未知窗户类型 ; 卧室A / 7.02平米 / 南 / 落地窗 ; 卧室B / 10.52平米 / 无 / 未知窗户类型 ; 卧室C / 8.68平米 / 无 / 未知窗户类型 ; 厨房 / 5.71平米 / 东 / 普通窗 ; 卫 / 3.89平米 / 无 / 无窗 ; 阳台 / 6.45平米 / 西 东 南 / 落地窗 ; 过道 / 2.9平米 / 无 / 无窗,
5号线坂田正地铁田，电梯高层朝南1房，满五年唯一红本,"绿怡居 , 坂田",1室1厅,51.54平米,南,简装,高楼层(共23层),2003年,板塔结合,260 万,50447 元,5,,,近地铁 | VR房源 | 房本满五年,https://sz.lianjia.com/ershoufang/105111407407.html,地铁 | VR房源 | 房本满五年,此房满五年唯一红本，税少。楼下就是5号线坂田站和公交站！,小区位于正地铁口，交通出行方便。生活配套齐全，完全可以满足生活所需。,50米坂田地铁站，300米坂田医院，100米有幼儿园，距湾畔MALL900米。,,,,2010-05-04,2022-09-02,商品房,普通住宅,满五年,非共有,无抵押,挂牌时间:2022-09-02 | 交易权属:商品房 | 上次交易:2010-05-04 | 房屋用途:普通住宅 | 房屋年限:满五年 | 产权所属:非共有 | 抵押信息:无抵押 | 房本备件:已上传房本照片,客厅 / 16.92平米 / 南 / 普通窗 ; 卧室 / 10.09平米 / 南 / 普通窗 ; 厨房 / 2.86平米 / 西 / 普通窗 ; 卫生间 / 4.28平米 / 无 / 无窗 ; 阳台 / 4.74平米 / 西 西南 南 / 普通窗,
5号线坂田地铁口，高实用大3房，满五年唯一税少！,"富豪花园 , 坂田",3室2厅,96.53平米,南,简装,中楼层(共7层),2003年,,320 万,33151 元,3,,,VR看装修,https://sz.lianjia.com/ershoufang/105114869173.html,VR看装修,满五年唯一税少，正地铁口，高实用率，位置安静！,富豪花园双地铁口，5号线环中线坂田站和10号线五和站，地理位置优越，出行方便，一直以来关注度比较高，小区户型方正朝向好主要价格低，深受刚需客户喜欢，环境绿化也不错。,小区位于龙岗区布吉镇坂田长坑地段布龙公路168号，北侧有万科商写综合体在建。300米旭景二期内有旭景幼稚园。700米有大族云峰商场；距小区300米有两万㎡万科里。2km内有阳光湾畔、8号仓、坂田天虹等商场。1km有坂田医院。,"交通四通八达,小区在布龙路坂雪岗大道两大动脉交汇西南侧,南面1km上坂银南坪,通达福田南山方便；东面两个灯位上清平水官,通达罗湖盐田惠州；西侧2km上G94,通达宝安东莞广州；北达天安和华为。北门即5号线坂田地铁口,1站换10号线到福田口岸,东门即公交站。",,,暂无数据,2023-09-21,商品房,普通住宅,暂无数据,非共有,有抵押 51万元 建设,挂牌时间:2023-09-21 | 交易权属:商品房 | 上次交易:暂无数据 | 房屋用途:普通住宅 | 房屋年限:暂无数据 | 产权所属:非共有 | 抵押信息:有抵押 51万元 建设 | 房本备件:未上传房本照片,客厅 / 32.75平米 / 西 南 / 普通窗 ; 卧室A / 8.55平米 / 西 / 普通窗 ; 卧室B / 11.53平米 / 北 东 / 普通窗 ; 卧室C / 15.46平米 / 东 南 / 普通窗 ; 厨房 / 5.01平米 / 东 / 普通窗 ; 卫生间 / 3.33平米 / 北 / 普通窗 ; 阳台 / 3.66平米 / 东 东北 / 普通窗,
坂田2021年电梯大4房，正南无遮挡，户型方正，精装修,"华晖瑞禧 , 坂田",4室2厅,143.29平米,南 北,精装,高楼层(共43层),2020年,塔楼,1000 万,69789 元,0,,,近地铁 | VR看装修,https://sz.lianjia.com/ershoufang/105118574815.html,地铁 | VR看装修,电梯高层，正南视野好，精装修，次新房，深圳中轴，停车位充足,2021年次新小区，小区位于银湖山1公里处，距鸡公山隧道1.5公里，方便到达罗湖，福田，南山。自带幼儿园，充足停车位，楼下买生活所需也方便。,享受 15 年一站式，首先项目自带一所 9 班约 3000 ㎡幼儿园，同时在项目西北约 500 米处有一所 9 年一贯制的公立——坂田实验（30 班小、15 班中）。另外，项目南面为规划教育用地，3 公里范围内还有一所全国唯一的科学高中。,两横四纵”成熟交通路网体系（两横：布龙路、南坪快速；四纵：五和大道、坂雪岗大道、梅观高速、清平高速）；邻近地铁5号线坂田站； 地处鸡公山通道首排，约一刻钟直达福田区，建立起快速通达全城的半小时生活圈。,,,暂无数据,2024-10-13,商品房,普通住宅,暂无数据,非共有,有抵押 广发银行100多万,挂牌时间:2024-10-13 | 交易权属:商品房 | 上次交易:暂无数据 | 房屋用途:普通住宅 | 房屋年限:暂无数据 | 产权所属:非共有 | 抵押信息:有抵押 广发银行100多万 | 房本备件:未上传房本照片,客厅 / 34.33平米 / 南 / 落地窗 ; 卧室A / 29.73平米 / 北 南 / 落地窗 ; 卧室B / 9.98平米 / 无 / 未知窗户类型 ; 卧室C / 10.27平米 / 无 / 未知窗户类型 ; 厨房 / 7.65平米 / 东 / 普通窗 ; 卫A / 4.52平米 / 东 / 普通窗 ; 卫B / 5.53平米 / 北 / 落地窗 ; 阳台 / 6.98平米 / 西 南 / 落地窗,
银湖山下 带大入户少有户型 保养好 园林大 南向视野宽,"万科第五园六期 , 坂田",3室2厅,124.12平米,东南,精装,高楼层(共20层),2011年,板楼,750 万,60426 元,1,,,VR看装修 | 随时看房,https://sz.lianjia.com/ershoufang/105122011356.html,VR看装修 | 随时看房,"房子处于中高楼层视野看山看水，
户型方正朝南和朝北都有阳台",小区绿化率高，非常适宜居家，带小孩吃完饭下来散散步 ，小区还带有户外游泳池，户外健身器材，十分宜居。,,,,,2020-01-01,2025-09-03,商品房,普通住宅,未满两年,非共有,无抵押,挂牌时间:2025-09-03 | 交易权属:商品房 | 上次交易:2020-01-01 | 房屋用途:普通住宅 | 房屋年限:未满两年 | 产权所属:非共有 | 抵押信息:无抵押 | 房本备件:已上传房本照片,客厅 / 32.99平米 / 西 北 / 落地窗 ; 卧室A / 19.72平米 / 西 南 / 落地窗 ; 卧室B / 8.43平米 / 南 / 普通窗 ; 卧室C / 13.6平米 / 南 / 普通窗 ; 厨房 / 5.7平米 / 无 / 无窗 ; 卫A / 4.24平米 / 无 / 无窗 ; 卫B / 4.82平米 / 东 / 普通窗 ; 阳台A / 3.58平米 / 北 / 落地窗 ; 阳台B / 8.52平米 / 北 / 普通窗 ; 阳台C / 8.12平米 / 西 东 南 / 普通窗 ; 入户花园 / 32.16平米 / 北 南 / 落地窗 ; 过道 / 4.9平米 / 无 / 无窗 ; 衣帽间 / 3.95平米 / 无 / 无窗,
嘉御山三房 诚心出售 满五年红本 高层日照采光好,"信义嘉御山 , 坂田",3室2厅,66.34平米,东南 西北,简装,高楼层(共33层),2015年,板塔结合,410 万,61803 元,3,,,近地铁 | VR看装修,https://sz.lianjia.com/ershoufang/105121588807.html,地铁 | VR看装修,此房满五年红本在手 看房方便业主诚心出售,信义嘉御山小区比较大占地一拾万平绿化42新加坡东南亚园林风格容积只有3.2楼间距很宽总共15栋总户数3008户小区自带游泳池和三个儿童幼儿区整个小区户型比较大可使用面积大,小区门口是坂田天虹商场 总共4楼层 ，一路之隔是佳华商场 MAXcity . 菜市场也只有380米 走路就可以到。,,,,暂无数据,2025-07-27,商品房,普通住宅,暂无数据,非共有,无抵押,挂牌时间:2025-07-27 | 交易权属:商品房 | 上次交易:暂无数据 | 房屋用途:普通住宅 | 房屋年限:暂无数据 | 产权所属:非共有 | 抵押信息:无抵押 | 房本备件:未上传房本照片,客厅 / 25.09平米 / 西北 东 / 落地窗 ; 书房 / 6.41平米 / 东南 / 落地窗 ; 卧室A / 9.43平米 / 西北 / 落地窗 ; 卧室B / 8.82平米 / 西北 / 普通窗 ; 厨房 / 5.06平米 / 西北 / 普通窗 ; 卫 / 2.57平米 / 西南 / 普通窗 ; 阳台 / 5.38平米 / 西南 西北 东北 / 普通窗,
中浩吉祥花园 2室2厅 南,"中浩吉祥花园 , 坂田",2室2厅,74.78平米,南,,高楼层(共7层),,板塔结合,238 万,31827 元,0,,19天以前发布,近地铁 | VR看装修 | 房本满五年,https://sz.lianjia.com/ershoufang/105122180336.html,地铁 | VR看装修 | 房本满五年,,,,,,,2010-08-03,2025-09-19,商品房,普通住宅,满五年,非共有,有抵押 欠建行205万,挂牌时间:2025-09-19 | 交易权属:商品房 | 上次交易:2010-08-03 | 房屋用途:普通住宅 | 房屋年限:满五年 | 产权所属:非共有 | 抵押信息:有抵押 欠建行205万 | 房本备件:已上传房本照片,客厅 / 28.7平米 / 西南 / 普通窗 ; 卧室A / 6.55平米 / 西南 / 普通窗 ; 卧室B / 11.42平米 / 西南 / 普通窗 ; 厨房 / 4.96平米 / 东南 / 普通窗 ; 卫 / 3.81平米 / 东南 / 普通窗 ; 阳台A / 4.52平米 / 西南 东南 / 普通窗 ; 阳台B / 3.14平米 / 东南 / 普通窗,
实惠大2房  楼层低 价钱更低 安静 采光无遮挡,"华晖瑞禧 , 坂田",2室1厅,81.4平米,西南,精装,低楼层(共41层),2017年,塔楼,370 万,45455 元,0,,,近地铁 | VR看装修,https://sz.lianjia.com/ershoufang/105121513578.html,地铁 | VR看装修,安静楼H 次新社区 保养如新 拎包入住,华晖瑞禧小区位于坂雪岗大道与永香路交汇处，两个红绿灯直上坂银隧道，开车出行链接福田罗湖区域很便捷。根据高德地图显示；小区大门口距离5号线坂田地铁口约850米，,公园；5公里有银湖山自然景观郊野公园（总面积为14.3公里），正甘坑水库，南坑水库，雅宝水库，民治水库，四大水库环山抱湖，满足日常生活休闲活动。商场； 小区自带裙楼底商，一路之隔为中大型湾畔MALL购物生活去处，以及星河WORLD.COCO Park.,出门右转20米就是公交站 直达福田 罗湖 龙华 梅林关； 出门左转580米就是地铁十号线雅园地铁站 直达福田梅林关 坂田平湖和龙华； 小区交通便利 出门就是公交站 9千米可以到福田 11千米到福田 生活配套设施齐全 生活十分便利！,,,暂无数据,2025-07-20,商品房,普通住宅,暂无数据,非共有,有抵押,挂牌时间:2025-07-20 | 交易权属:商品房 | 上次交易:暂无数据 | 房屋用途:普通住宅 | 房屋年限:暂无数据 | 产权所属:非共有 | 抵押信息:有抵押 | 房本备件:未上传房本照片,客厅 / 24.86平米 / 无 / 未知窗户类型 ; 卧室A / 9.79平米 / 东北 / 普通窗 ; 卧室B / 7.01平米 / 西南 / 落地窗 ; 厨房 / 5.13平米 / 西南 / 普通窗 ; 卫 / 3.43平米 / 西南 / 普通窗 ; 阳台 / 3.64平米 / 东北 / 普通窗 ; 门厅 / 5.63平米 / 无 / 未知窗户类型,
带入户花园储物间 面积实用 厅出阳台 装修保养好,"佳兆业中央广场三期 , 坂田",3室2厅,88.56平米,北,精装,46层,2015年,塔楼,560 万,63234 元,0,,,近地铁 | VR房源 | 房本满五年,https://sz.lianjia.com/ershoufang/105122013133.html,地铁 | VR房源 | 房本满五年,带入户以及储物间，面积实用，厅出阳台，位置安静，装修保养好。,小区总共分为6期开发，综合类型的一个大社区，二期的地理位置在其他几期的中间位置，分别被一期、三期、五期环抱，位置安静，次新社区，人车分流，小区内有自己的健身广场和花园，园林式社区，自带健身场所、会所，配套齐全。,佳兆业城市广场社区依托高新技术产业园，物业形态丰富，集住宅、公寓、酒店、大型综合体配套于一体，小区旁边就是天安云谷、华为总部，十号线双地铁口。,10号线岗头、雪象双地铁口物业，项目挨着坂雪岗大道和坂澜大道，沿着坂雪岗大道可以去梅林关，也可以转布龙路转南坪快速和水官高速，也可以从转贝尔路再转梅关高速，上坂澜大道可以去观澜也可以去平湖；多条公交路线直达罗湖、福田，交通很便利。,,,2014-06-09,2025-09-04,商品房,普通住宅,满五年,非共有,有抵押 480万元,挂牌时间:2025-09-04 | 交易权属:商品房 | 上次交易:2014-06-09 | 房屋用途:普通住宅 | 房屋年限:满五年 | 产权所属:非共有 | 抵押信息:有抵押 480万元 | 房本备件:已上传房本照片,客厅 / 28.18平米 / 无 / 普通窗 ; 书房 / 5.67平米 / 无 / 落地窗 ; 卧室A / 7.53平米 / 无 / 未知窗户类型 ; 卧室B / 12.28平米 / 无 / 未知窗户类型 ; 卧室C / 7.67平米 / 无 / 未知窗户类型 ; 厨房 / 8.17平米 / 无 / 落地窗 ; 卫生间A / 3.83平米 / 无 / 未知窗户类型 ; 卫生间B / 5.25平米 / 无 / 未知窗户类型 ; 阳台A / 3.68平米 / 无 / 落地窗 ; 阳台B / 5.13平米 / 无 / 普通窗 ; 储物间 / 3.82平米 / 无 / 无窗 ; 过道 / 3.08平米 / 无 / 无窗,
客厅朝南出阳台电梯大4房，采光好，入户花园面积大,"阳光第五季 , 坂田",4室2厅,107平米,南 北,简装,低楼层(共17层),2008年,板塔结合,550 万,51402 元,0,,12天以前发布,近地铁 | VR看装修,https://sz.lianjia.com/ershoufang/105122252618.html,地铁 | VR看装修,小区少有的客厅出阳台，入户花园面积大，采光好，南北通，,阳光第五季位于坂田五和大道旁，万科四季花城南侧，小区占地17314㎡，建筑面积48480㎡，由两栋11层两栋17层的小高层组成，计488套单位。主要面向年轻人士定位，主力户型在70㎡－108㎡，结构合理，布局实用。,距离小区200米处有一个大型的8号仓奥特莱斯购物广场，坂田医院距离小区1000米，离坂田天虹1500米。 2公里范围内有坂田手造文化街、星河cococity、佳华maxcit购物广场、万科广场、银湖山森林公园。,楼下150米就是10号线地铁口，直达福田口岸；900米达到五和地铁站 可以换乘5号线至宝安/前海 梅观高速上下口也是在1千米范围内，开车到福田南山也很便利。,,,暂无数据,2025-09-26,商品房,普通住宅,暂无数据,非共有,有抵押 客户偿还,挂牌时间:2025-09-26 | 交易权属:商品房 | 上次交易:暂无数据 | 房屋用途:普通住宅 | 房屋年限:暂无数据 | 产权所属:非共有 | 抵押信息:有抵押 客户偿还 | 房本备件:未上传房本照片,客厅 / 35.35平米 / 南 / 普通窗 ; 卧室A / 7.19平米 / 西 / 落地窗 ; 卧室B / 19.5平米 / 南 / 落地窗 ; 卧室C / 10.24平米 / 无 / 未知窗户类型 ; 卧室D / 9.22平米 / 无 / 未知窗户类型 ; 厨房 / 7.21平米 / 北 / 普通窗 ; 卫A / 4.23平米 / 无 / 未知窗户类型 ; 卫B / 2.4平米 / 西 / 普通窗 ; 阳台A / 6.6平米 / 西 南 / 普通窗 ; 阳台B / 2.91平米 / 北 / 普通窗 ; 入户花园 / 10.8平米 / 无 / 无窗,
星河银湖谷 4室2厅 南,"星河银湖谷 , 坂田",4室2厅,151.73平米,南,精装,中楼层(共49层),2016年,板塔结合,1150 万,75793 元,2,,22天以前发布,VR看装修 | 房本满五年 | 随时看房,https://sz.lianjia.com/ershoufang/105122148641.html,VR看装修 | 房本满五年 | 随时看房,,,,,,,2017-09-16,2025-09-16,商品房,普通住宅,满五年,非共有,无抵押,挂牌时间:2025-09-16 | 交易权属:商品房 | 上次交易:2017-09-16 | 房屋用途:普通住宅 | 房屋年限:满五年 | 产权所属:非共有 | 抵押信息:无抵押 | 房本备件:已上传房本照片,客厅 / 40.94平米 / 无 / 未知窗户类型 ; 卧室A / 13.12平米 / 南 / 落地窗 ; 卧室B / 22.59平米 / 无 / 未知窗户类型 ; 卧室C / 10.29平米 / 西 北 / 落地窗 ; 卧室D / 9.25平米 / 北 / 落地窗 ; 厨房 / 10.13平米 / 北 东 / 普通窗 ; 卫A / 7.9平米 / 无 / 未知窗户类型 ; 卫B / 6.25平米 / 无 / 未知窗户类型 ; 阳台 / 6.95平米 / 西 东 南 / 普通窗 ; 过道 / 6.1平米 / 无 / 无窗,
旭景佳园一期电梯3房，安静位置，有钥匙随时看房,"珠江旭景佳园 , 坂田",3室2厅,89.38平米,南,简装,低楼层(共18层),2008年,塔楼,400 万,44753 元,0,,23天以前发布,近地铁 | VR看装修 | 房本满五年 | 随时看房,https://sz.lianjia.com/ershoufang/105122130903.html,地铁 | VR看装修 | 房本满五年 | 随时看房,花园小区，离地铁口近，小区安静位置，方正户型，带电梯，,小区分3期开发，近1500户，地铁口物业，紧靠银湖山和坂银隧道，地理位置优越，进出关内外方便。小区房价处于区域谷值，同区域二手房对比有很大的优势。所以有很多关内的客户在此小区置业。生活配套成熟，是刚需值得购买的小区。,二期内有旭景幼稚园。小区东南侧3千㎡底商，南侧有大族云峰商场；距小区300米有两万㎡万科里。2km内有阳光湾畔、8号仓、坂田天虹，万科广场等商场。1km有坂田医院。,"四通八达,小区邻布龙路坂雪岗大道两大动脉,南面1km上坂银南坪,通达福田南山方便；东面两个灯位上清平水官,通达罗湖盐田惠州；西侧2km上G94,1h到宝安东莞广州；北达天安和华为。250米到5号线坂田地铁口,1站换10号线到福田口岸。小区东门150m到公交站。",,,2012-08-01,2025-09-14,商品房,普通住宅,满五年,非共有,有抵押 350万元 邮政,挂牌时间:2025-09-14 | 交易权属:商品房 | 上次交易:2012-08-01 | 房屋用途:普通住宅 | 房屋年限:满五年 | 产权所属:非共有 | 抵押信息:有抵押 350万元 邮政 | 房本备件:已上传房本照片,客厅 / 26.76平米 / 南 / 普通窗 ; 卧室A / 10.42平米 / 南 / 落地飘窗 ; 卧室B / 8.5平米 / 北 / 落地飘窗 ; 卧室C / 7.76平米 / 无 / 未知窗户类型 ; 厨房 / 4.66平米 / 北 / 普通窗 ; 卫 / 3.53平米 / 北 / 普通窗 ; 阳台 / 4.14平米 / 西 东 南 / 普通窗 ; 门厅 / 4.15平米 / 北 / 落地窗,
星河银湖谷 5室1厅 东南,"星河银湖谷 , 坂田",5室1厅,140.1平米,东南,,中楼层(共47层),2016年,板塔结合,1145 万,81728 元,0,,,VR房源 | 随时看房,https://sz.lianjia.com/ershoufang/105122001859.html,VR房源 | 随时看房,,,,,,,暂无数据,2025-09-03,商品房,普通住宅,暂无数据,非共有,无抵押,挂牌时间:2025-09-03 | 交易权属:商品房 | 上次交易:暂无数据 | 房屋用途:普通住宅 | 房屋年限:暂无数据 | 产权所属:非共有 | 抵押信息:无抵押 | 房本备件:未上传房本照片,客厅 / 39.2平米 / 北 / 普通窗 ; 卧室A / 8.29平米 / 北 / 落地窗 ; 卧室B / 8.32平米 / 无 / 未知窗户类型 ; 卧室C / 15.06平米 / 北 / 落地窗 ; 卧室D / 12.07平米 / 无 / 未知窗户类型 ; 卧室E / 8.99平米 / 北 / 落地窗 ; 厨房 / 7.27平米 / 北 / 普通窗 ; 卫A / 6.48平米 / 无 / 未知窗户类型 ; 卫B / 3.99平米 / 北 / 落地窗 ; 阳台A / 5.03平米 / 北 / 普通窗 ; 阳台B / 2.41平米 / 北 / 普通窗,
中间楼层 南向 带储物间 的房率高 业主诚心卖房,"佳兆业中央广场三期 , 坂田",3室2厅,88.61平米,东南 南 西南,精装,45层,2016年,塔楼,480 万,54170 元,0,,,近地铁 | VR看装修,https://sz.lianjia.com/ershoufang/105121665043.html,地铁 | VR看装修,中间楼层 南向 带储物间 的房率高 业主诚心卖房,小区规模：总共分为6期开发的大楼盘。3个幼儿园：自带综合MALL，加270米万豪酒店（六期项目），二期的地理位置很好，小区东门门口200米就是地铁口雪象站。,新社区，人车分流，车位充足，24小时保安轮流值班，社区有自己的健身广场和花园，园林式社区。依托高新技术产业园，佳兆业城市广场物业形态丰富，集住宅、酒店于一体。隔壁就是天安云谷、华为总部。,,,,暂无数据,2025-08-03,商品房,普通住宅,暂无数据,非共有,无抵押,挂牌时间:2025-08-03 | 交易权属:商品房 | 上次交易:暂无数据 | 房屋用途:普通住宅 | 房屋年限:暂无数据 | 产权所属:非共有 | 抵押信息:无抵押 | 房本备件:未上传房本照片,客厅 / 28.09平米 / 南 / 落地窗 ; 卧室A / 9.07平米 / 南 / 普通窗 ; 卧室B / 10.35平米 / 无 / 未知窗户类型 ; 卧室C / 6.14平米 / 西 / 落地窗 ; 厨房 / 7.78平米 / 西 / 普通窗 ; 卫A / 3.46平米 / 西 / 普通窗 ; 卫生间B / 5.47平米 / 西 / 普通窗 ; 阳台A / 5.22平米 / 东 南 / 普通窗 ; 阳台B / 3.16平米 / 西 / 普通窗 ; 储物间 / 3.42平米 / 无 / 无窗 ; 过道A / 3.06平米 / 无 / 无窗 ; 过道B / 1.83平米 / 无 / 无窗,
朝南3房，客厅正阳台，通风采光视野好，自住保养好,"信义嘉御山 , 坂田",3室1厅,88.44平米,南,,26层,2013年,板塔结合,550 万,62190 元,0,,13天以前发布,近地铁 | VR看装修,https://sz.lianjia.com/ershoufang/105122235685.html,地铁 | VR看装修,朝南3房，客厅正阳台，通风采光视野好，自住保养好,信义嘉御豪园分3期开发，占地近100000平米，建面400000平，共3008户。2013-2015年底交房，小区内有泳池，下楼就有公立幼儿园，户型多样，66平-78平方正2房；83-88平朝南或南北的3房；85平复式4房3卫；117-217平改善大平层，小区人车分流设计。,信义嘉御山是坂田次新的大社区的，小区一共有8期，目前基本都已经交房入住，坂田双地铁口的大盘，一期楼下有天虹商场，有星巴克，KFC，奈雪等，有健身会所等配套成熟，还有佳华商场MAX.CITY，有海底捞，探鱼等餐饮名店 各大银行围绕小区、旁边有大企业.,,业主深圳一套，无个税，就只要契税。无增值税，可以做带押过户无赎楼费。,,暂无数据,2025-09-25,商品房,普通住宅,暂无数据,非共有,有抵押,挂牌时间:2025-09-25 | 交易权属:商品房 | 上次交易:暂无数据 | 房屋用途:普通住宅 | 房屋年限:暂无数据 | 产权所属:非共有 | 抵押信息:有抵押 | 房本备件:未上传房本照片,客厅 / 24.77平米 / 无 / 未知窗户类型 ; 卧室A / 9.4平米 / 无 / 未知窗户类型 ; 卧室B / 16.02平米 / 无 / 未知窗户类型 ; 卧室C / 6.1平米 / 西 / 普通窗 ; 厨房 / 3.8平米 / 无 / 未知窗户类型 ; 卫 / 3.86平米 / 北 / 普通窗 ; 阳台 / 4.65平米 / 西 南 / 普通窗 ; 过道 / 3.04平米 / 无 / 无窗,
星河银湖谷 4室1厅 东北,"星河银湖谷 , 坂田",4室1厅,89平米,东北,精装,高楼层(共48层),2016年,板塔结合,598 万,67192 元,0,,,近地铁 | VR房源,https://sz.lianjia.com/ershoufang/105121758120.html,地铁 | VR房源,,,,,,,暂无数据,2025-08-12,商品房,普通住宅,暂无数据,非共有,有抵押 业主自还,挂牌时间:2025-08-12 | 交易权属:商品房 | 上次交易:暂无数据 | 房屋用途:普通住宅 | 房屋年限:暂无数据 | 产权所属:非共有 | 抵押信息:有抵押 业主自还 | 房本备件:未上传房本照片,客厅 / 29.32平米 / 东北 / 普通窗 ; 卧室A / 7.05平米 / 东北 / 落地窗 ; 卧室B / 6.99平米 / 东北 / 落地窗 ; 卧室C / 7.07平米 / 东北 / 落地窗 ; 卧室D / 14.27平米 / 无 / 未知窗户类型 ; 厨房 / 4.68平米 / 西北 / 普通窗 ; 卫生间A / 4.24平米 / 无 / 未知窗户类型 ; 卫生间B / 3.76平米 / 西南 / 普通窗 ; 阳台A / 4.91平米 / 西北 东北 东南 / 普通窗 ; 阳台B / 1.72平米 / 西北 / 普通窗,
万科四季花城花城大三房，小区中间位置,"万科四季花城二期 , 坂田",3室2厅,106.49平米,东,,6层,2000年,板楼,450 万,42258 元,1,,26天以前发布,近地铁 | VR看装修,https://sz.lianjia.com/ershoufang/105122095748.html,地铁 | VR看装修,房子满五年，业主自己在住，小区中间位置，安静，近地铁口。,小区由万科地产集团开发，一共有36个独立苑，共分七期开发，花园式小区，绿化植被很多，带露天游泳池和健身会所及相应运动器械供住户健身，社区运动氛围棒；万科物业24小时严格管控，夜间有保安巡逻，外人基本无法随意出入，人车分流，充分保护行人安全。,小区内有博雅、曼京、海丽达幼儿园等，商场类有华润万家，海达和成购物广场、阳光湾畔，8号仓奥特莱斯等。医疗类有深圳坂田医院、布吉医院花城社康医院（小区内）；网球场，篮球场，健身会所等！,此房距离地铁5号线和10号线300米，交通方便，小区旁边有布龙路、梅观高速、机荷高速、南坪快速等，乘坐公交或驾车出行到福田、罗湖、南山等地较方便（距离信息来源于百度地图）,,,暂无数据,2025-09-11,商品房,普通住宅,暂无数据,共有,无抵押,挂牌时间:2025-09-11 | 交易权属:商品房 | 上次交易:暂无数据 | 房屋用途:普通住宅 | 房屋年限:暂无数据 | 产权所属:共有 | 抵押信息:无抵押 | 房本备件:未上传房本照片,客厅 / 27.62平米 / 西 / 落地窗 ; 卧室A / 8.4平米 / 东 / 落地窗 ; 卧室B / 12.48平米 / 西北 东北 东南 / 落地窗 ; 卧室C / 12.84平米 / 北 / 普通窗 ; 厨房 / 6.02平米 / 东 / 普通窗 ; 卫 / 3.41平米 / 东 / 普通窗 ; 阳台A / 2.5平米 / 北 东 / 普通窗 ; 阳台B / 2.74平米 / 西 北 东 / 普通窗 ; 储物间 / 6.14平米 / 北 / 普通窗 ; 过道 / 3.09平米 / 无 / 无窗 ; 衣帽间 / 3.89平米 / 无 / 无窗,
坂田地铁10号线佳兆业二期中高楼层满五唯一,"佳兆业中央广场三期 , 坂田",4室2厅,142.29平米,东北,精装,46层,2015年,塔楼,820 万,57629 元,1,,30天以前发布,近地铁 | VR房源,https://sz.lianjia.com/ershoufang/105122053739.html,地铁 | VR房源,此房满五唯一，中高楼层，看房方便，地铁口100米非常安静,小区规划大型雪象体育公园，三十万商 业综合MALL，270米层高五星国际酒店，百度测量1公 里范围内雪象医院、肖传国医院，地铁10号线雪象、岗头双地铁口，坂银隧道去福田南山交通便捷。,,地铁十号线雪象站A出口200米，沿着坂雪岗大道可以去梅林关（去关内方向）、也可以转布龙路转南坪快速和水官高速，也可以从转贝尔路再转梅关高速，上坂澜大道可以去观澜也可以去平湖。交通很方便。高速交通：梅观高速、清平高速、坂雪岗大道、南坪快速。,,,暂无数据,2025-09-07,商品房,普通住宅,暂无数据,非共有,无抵押,挂牌时间:2025-09-07 | 交易权属:商品房 | 上次交易:暂无数据 | 房屋用途:普通住宅 | 房屋年限:暂无数据 | 产权所属:非共有 | 抵押信息:无抵押 | 房本备件:未上传房本照片,客厅 / 48.89平米 / 北 / 落地窗 ; 卧室A / 12.21平米 / 北 / 落地窗 ; 卧室B / 13.02平米 / 无 / 未知窗户类型 ; 卧室C / 19.97平米 / 无 / 未知窗户类型 ; 卧室D / 9.11平米 / 无 / 未知窗户类型 ; 厨房 / 7.59平米 / 西 / 普通窗 ; 卫A / 5.51平米 / 无 / 未知窗户类型 ; 卫B / 3.55平米 / 无 / 未知窗户类型 ; 阳台A / 6.45平米 / 北 东 / 落地窗 ; 阳台B / 4.66平米 / 西 / 普通窗 ; 储物间 / 4.02平米 / 西 / 普通窗 ; 过道 / 8.35平米 / 无 / 无窗,
刚需2＋1房南北对流得房率91%,"金洲嘉丽园 , 坂田",2室1厅,73.32平米,北,简装,7层,2003年,板楼,280 万,38189 元,2,,,近地铁 | VR房源 | 随时看房,https://sz.lianjia.com/ershoufang/105121759834.html,地铁 | VR房源 | 随时看房,满五唯一税费低，户型方正，得房率高，南北对流好通风,"金洲物业，2002年批地，2005年建成，管理费一元每平，占地约29,000平米，由12栋多层住宅，正南正北向组成，小区共580户，240个车位，户型分别是两房三房，1楼和顶楼带花园，小区内有公立幼儿园，游泳池生活广场，生活便利，友好邻居氛围好。",小区南面距离约230m有坂田扬马综合市场，集中批发零售包含肉菜生活用品等等,,,,暂无数据,2025-08-12,商品房,普通住宅,暂无数据,非共有,有抵押,挂牌时间:2025-08-12 | 交易权属:商品房 | 上次交易:暂无数据 | 房屋用途:普通住宅 | 房屋年限:暂无数据 | 产权所属:非共有 | 抵押信息:有抵押 | 房本备件:未上传房本照片,客厅 / 27.82平米 / 北 / 普通窗 ; 卧室A / 12.94平米 / 无 / 未知窗户类型 ; 卧室B / 8.1平米 / 北 / 落地飘窗 ; 厨房 / 5.43平米 / 西 / 普通窗 ; 卫 / 3.32平米 / 北 / 普通窗 ; 阳台A / 4.07平米 / 西 / 普通窗 ; 阳台B / 4.65平米 / 西 北 / 普通窗,
高楼层 通风好 采光和视野好 三房两卫带入户,"佳兆业中央广场三期 , 坂田",3室1厅,88.02平米,北,精装,46层,2015年,塔楼,585 万,66463 元,0,,,近地铁 | VR看装修,https://sz.lianjia.com/ershoufang/105121171248.html,地铁 | VR看装修,高楼层 通风好，喜欢采光和视野好的客户。三房两卫带入户,小区规模：总共分为6期10000户的大盘，总占地约300000，全部项目总建面约1800000平米。3个幼儿园：150000平米综合MALL，加270米豪酒店（六期项目,新社区，人车分流，24小时保安轮流值班，社区有自己的健身广场和花园，园林式社区。小区自带佳兆业9宛平商场，物业形态丰富，集住宅、酒店、公寓、写字楼于一体，小区旁边是天安云谷以及华为总部，49栋写字楼。两公里内有三甲吉华医院在建,项目是挨着坂雪岗大道和坂澜大道，沿着坂雪岗大道可以去梅林关（去关内方向）、也可以转布龙路转南坪快速和水官高速，也可以从转贝尔路再转梅关高速，上坂澜大道可以去观澜也可以去平湖。交通很方便。地铁十号线，岗头站和雪象站，双地铁口,,,暂无数据,2025-06-21,商品房,普通住宅,暂无数据,共有,有抵押 银行 业主自还,挂牌时间:2025-06-21 | 交易权属:商品房 | 上次交易:暂无数据 | 房屋用途:普通住宅 | 房屋年限:暂无数据 | 产权所属:共有 | 抵押信息:有抵押 银行 业主自还 | 房本备件:未上传房本照片,客厅 / 28.6平米 / 北 / 落地窗 ; 卧室A / 4.74平米 / 无 / 无窗 ; 卧室B / 8.48平米 / 无 / 未知窗户类型 ; 卧室C / 12.28平米 / 无 / 未知窗户类型 ; 卧室D / 8.61平米 / 无 / 未知窗户类型 ; 厨房 / 8.9平米 / 北 / 普通窗 ; 卫A / 3.36平米 / 北 / 普通窗 ; 卫B / 3.81平米 / 无 / 未知窗户类型 ; 阳台A / 3.95平米 / 北 / 普通窗 ; 阳台B / 3.49平米 / 北 / 普通窗 ; 储物间 / 4.38平米 / 无 / 无窗 ; 过道 / 5.39平米 / 无 / 无窗,
春华四季园一期 5室2厅 东南,"春华四季园一期 , 坂田",5室2厅,141.06平米,东南,,中楼层(共11层),2006年,板塔结合,730 万,51752 元,0,,,VR房源,https://sz.lianjia.com/ershoufang/105121335707.html,VR房源,,,,,,,暂无数据,2025-07-05,商品房,普通住宅,暂无数据,非共有,无抵押,挂牌时间:2025-07-05 | 交易权属:商品房 | 上次交易:暂无数据 | 房屋用途:普通住宅 | 房屋年限:暂无数据 | 产权所属:非共有 | 抵押信息:无抵押 | 房本备件:未上传房本照片,客厅 / 39.98平米 / 无 / 未知窗户类型 ; 卧室A / 11.82平米 / 南 / 落地窗 ; 卧室B / 19.1平米 / 无 / 未知窗户类型 ; 卧室C / 6.67平米 / 无 / 未知窗户类型 ; 卧室D / 16.26平米 / 无 / 未知窗户类型 ; 卧室E / 9.54平米 / 北 / 落地窗 ; 厨房 / 5.62平米 / 北 / 普通窗 ; 卫A / 3.73平米 / 西 / 普通窗 ; 卫B / 5.36平米 / 北 / 落地窗 ; 阳台A / 6.04平米 / 东 南 / 落地窗 ; 阳台B / 10.06平米 / 西 北 / 落地窗 ; 过道 / 8.47平米 / 无 / 无窗 ; 门厅 / 3.67平米 / 北 / 普通窗,
双拼户型 使用面积大 通透四房 接受市场价急售,"十二橡树庄园一期 , 坂田",2室1厅,68.09平米,南,,中楼层(共13层),2011年,板楼,395 万,58012 元,0,,,近地铁 | VR看装修,https://sz.lianjia.com/ershoufang/105121965236.html,地铁 | VR看装修,双拼户型 使用面积大 通透大四房接受市场价急售,十二橡树是深圳唯一原石山别墅、深圳唯一电梯别墅、区域唯一台地别墅、230米礼宾大道、深圳唯一径端路设计、纯智能化小区 ，双拼、叠拼及小高层平面房，经典的北美庄园范本，是现代别墅生活新潮流。目前属于万科物业管理。,此房小区所在位置安静，鸟语花香，交通方便，较近的一个大型商场海达和成购物广场在五和地铁站B出口处，距离小区约600米， 万科生活广场，阳光湾畔，坂田天虹商场，八号仓商场等，较近的综合市场扬马菜市场距离小区约500米，小区北面300米有坂田医院,小区北面50米是布龙路，东面300米是坂雪岗大道，南面200米是永香路，西面400米是五和大道，各大要道相互交汇四通八达。 小区还是双地铁坂田，五和环中线分布于小区东西两侧约步行500米。目前还有一条十号线平湖到福田口岸的地铁线，已开通的坂银通道。,,,暂无数据,2025-08-30,商品房,普通住宅,暂无数据,非共有,无抵押,挂牌时间:2025-08-30 | 交易权属:商品房 | 上次交易:暂无数据 | 房屋用途:普通住宅 | 房屋年限:暂无数据 | 产权所属:非共有 | 抵押信息:无抵押 | 房本备件:未上传房本照片,客厅 / 23.87平米 / 南 / 普通窗 ; 卧室A / 13.04平米 / 无 / 未知窗户类型 ; 卧室B / 4.56平米 / 南 / 落地窗 ; 厨房 / 4.26平米 / 南 / 普通窗 ; 卫 / 4.03平米 / 无 / 无窗 ; 阳台 / 3.29平米 / 南 / 普通窗,
看了就喜欢的户型，一手业主从未入住，户型方正格局,"信义嘉御山 , 坂田",4室2厅,143.77平米,东南,精装,低楼层(共31层),2013年,板塔结合,860 万,59818 元,0,,,近地铁 | VR房源,https://sz.lianjia.com/ershoufang/105121290121.html,地铁 | VR房源,小区在售户型 中间位置 中间楼层，东南向 业主非常诚意卖,信义嘉御山 新加坡风情园林小区，绿化好 环境优，小区里 游泳池儿童游乐场健身花园 公立幼儿园一应俱全；人车分流 花园很大 小区内无障碍跑道一圈约一公里，很适合家里有老人小孩儿 ，和喜欢散步跑步的家庭居住,"信义嘉御山是坂田新的大社区的，小区一共有8期，目前1-5期已经交房入住，6-8期还没有开盘的，坂田北地铁口的大盘，一期楼下有天虹商场，有星巴克，面点王，健身会所，SAP等，17年地还开了佳华商场MAX.CITY.,有海底捞，探鱼等餐饮名店",小区在五和大道与吉华路交汇处，五和大道南北向，吉华路东西向，均是坂田的交通主干道。公交站台有坂田天虹，五和路口北，五和路口，坂田市场。地铁轨道交通有地铁5号线和地铁10号线，距离最近的地铁站为5号线五和站和10号线坂田北站,,,暂无数据,2025-07-01,商品房,普通住宅,暂无数据,非共有,无抵押,挂牌时间:2025-07-01 | 交易权属:商品房 | 上次交易:暂无数据 | 房屋用途:普通住宅 | 房屋年限:暂无数据 | 产权所属:非共有 | 抵押信息:无抵押 | 房本备件:未上传房本照片,客厅 / 31.61平米 / 西北 东南 / 落地窗 ; 卧室A / 14.38平米 / 东南 / 普通窗 ; 卧室B / 11.84平米 / 无 / 未知窗户类型 ; 卧室C / 23.75平米 / 无 / 未知窗户类型 ; 卧室D / 8.8平米 / 西北 / 落地窗 ; 厨房 / 7.48平米 / 西北 / 普通窗 ; 卫A / 4.95平米 / 西北 / 普通窗 ; 卫B / 4.22平米 / 西北 / 普通窗 ; 阳台A / 7.41平米 / 西南 东北 东南 / 普通窗 ; 阳台B / 5.67平米 / 西北 东北 / 普通窗 ; 阳台C / 0.81平米 / 西北 / 普通窗 ; 入户花园 / 6.21平米 / 东南 / 普通窗 ; 过道 / 6.14平米 / 无 / 无窗 ; 衣帽间 / 3.81平米 / 无 / 未知窗户类型,
安静看花园大四房，诚心卖  ，价格有大空间,"信义嘉御山 , 坂田",4室2厅,140.49平米,东南,精装,低楼层(共31层),2013年,板塔结合,950 万,67621 元,1,,,近地铁 | VR房源,https://sz.lianjia.com/ershoufang/105121380295.html,地铁 | VR房源,满五，自住看房方便，看小区花园,信义嘉御豪园分三期开发，共3008户。2013-2015年底交房，小区内有泳池，配套有公里龙岗机关幼儿园，户型多样，66平-77平，方正通透的两房；83-88平，朝南或南北的三房户型；85平 复式 四房三卫；117-217平 改善大户型。,信义嘉御山是坂田新的大社区的，坂田双地铁口的大盘，一期楼下有天虹商场，有星巴克，KFC，面点王，健身会所，SAP等配套成熟，还开了佳华商场MAX.CITY有海底捞，探鱼等餐饮名店 各大银行围绕小区、旁边有大企业华为..,双地铁物业（5&10号线），到深圳北站2个地铁站。 公交：楼下就有坂田路口北、坂田天虹公交站，有十几路公交经过，通达深圳市各个区域。 自驾出行也只很翻方便，小区出来快速上珠三角环线，五和大道主干道链接多条快速路。,,,暂无数据,2025-07-09,商品房,普通住宅,暂无数据,非共有,有抵押 70万元,挂牌时间:2025-07-09 | 交易权属:商品房 | 上次交易:暂无数据 | 房屋用途:普通住宅 | 房屋年限:暂无数据 | 产权所属:非共有 | 抵押信息:有抵押 70万元 | 房本备件:未上传房本照片,客厅 / 34.46平米 / 东南 / 普通窗 ; 卧室A / 11.97平米 / 无 / 未知窗户类型 ; 卧室B / 12.85平米 / 无 / 未知窗户类型 ; 卧室C / 29.4平米 / 西南 西北 南 / 落地窗 ; 厨房 / 6.04平米 / 西北 / 普通窗 ; 卫A / 6.02平米 / 无 / 未知窗户类型 ; 卫B / 4.96平米 / 西北 / 普通窗 ; 阳台 / 9.21平米 / 西南 东南 / 普通窗 ; 过道 / 4.97平米 / 无 / 无窗 ; 门厅 / 5.51平米 / 西南 / 普通窗,
高发悦驰苑，南北通透四房，带电梯，地铁口，满五年,"高发悦驰苑 , 坂田",4室2厅,84.73平米,南 北,精装,低楼层(共6层),2015年,板楼,322 万,38004 元,1,,,近地铁 | VR看装修,https://sz.lianjia.com/ershoufang/105121444561.html,地铁 | VR看装修,小区端户四房，与广东实验相邻，低密度，次新盘，有电梯,位于华为科技城，坐落在坂澜大道雪象第二幼儿园南侧，项目为6层洋房社区，只有2栋楼，分AB两座。低密度。15年建成并出售的电梯房 ，17年交楼，产权年限96年批地50年，属于住宅性质红本商品房。,,小区距离地铁10号线雪象站400米左右，位于坂澜大道上，往南去梅林关（去关内方向）、也可以转布龙路转南坪快速和水官高速，也可以从转贝尔路再转梅关高速，上坂澜大道可以去观澜也可以去平湖。高速交通：梅观高速、清平高速、坂雪岗大道、南坪快速,,,暂无数据,2025-07-14,商品房,普通住宅,暂无数据,非共有,有抵押,挂牌时间:2025-07-14 | 交易权属:商品房 | 上次交易:暂无数据 | 房屋用途:普通住宅 | 房屋年限:暂无数据 | 产权所属:非共有 | 抵押信息:有抵押 | 房本备件:未上传房本照片,客厅 / 23.13平米 / 西南 / 落地窗 ; 卧室A / 6.2平米 / 东北 / 落地窗 ; 卧室B / 6.12平米 / 东北 / 落地窗 ; 卧室C / 7.77平米 / 无 / 未知窗户类型 ; 卧室D / 11.05平米 / 西南 / 落地窗 ; 厨房 / 4.28平米 / 西北 / 普通窗 ; 卫 / 4.09平米 / 东北 / 普通窗 ; 阳台 / 3.33平米 / 西南 / 落地窗,
朝南位置安静，提前约随时看房可拎包入住,"联发天境雅居 , 坂田",3室2厅,88.59平米,南,精装,中楼层(共31层),2024年,板楼,518 万,58472 元,2,,,VR看装修,https://sz.lianjia.com/ershoufang/105121214903.html,VR看装修,精装三房，朝向好，位置安静，买来可拎包入住,联发·天境雅居临地铁10号线华为站，占地面积由拥有38年开发建设经验的国企联发打造。位于“坂雪岗科技城”片区，是全市中部发展轴的核位置轴，片区已有300+国家高新企业进驻、约精英人才聚集。,医疗配套片区内有深圳市人民医院坂田院区香港中文大学深圳直属医院在建中等带双地铁口贝尔站和华为站不到一公里有坂田天虹和百佳华出行便利生活配套齐全,,,,2022-06-01,2025-06-25,商品房,普通住宅,暂无数据,非共有,有抵押 350万元 农村商业银行 金融公司垫资,挂牌时间:2025-06-25 | 交易权属:商品房 | 上次交易:2022-06-01 | 房屋用途:普通住宅 | 房屋年限:暂无数据 | 产权所属:非共有 | 抵押信息:有抵押 350万元 农村商业银行 金融公司垫资 | 房本备件:已上传房本照片,客厅 / 22.24平米 / 北 / 普通窗 ; 卧室A / 8.82平米 / 无 / 未知窗户类型 ; 卧室B / 13.08平米 / 无 / 未知窗户类型 ; 卧室C / 6.93平米 / 无 / 未知窗户类型 ; 厨房 / 5.94平米 / 北 / 普通窗 ; 卫A / 3.64平米 / 北 / 普通窗 ; 卫B / 3.58平米 / 北 / 普通窗 ; 阳台 / 4.27平米 / 北 / 普通窗 ; 过道 / 2.8平米 / 无 / 无窗,
信义嘉御山朝南2房高楼层户型方正阳台客厅正出采光好,"信义嘉御山 , 坂田",2室2厅,70.86平米,南,,高楼层(共17层),2015年,板塔结合,435 万,61389 元,0,,,近地铁 | VR看装修 | 随时看房,https://sz.lianjia.com/ershoufang/105121655832.html,地铁 | VR看装修 | 随时看房,信义嘉御山朝南2房高楼层户型方正阳台客厅正出采光好，格局通透,信义嘉御豪园分3期开发，占地近100000平米，建面400000平，共3008户。2013-2015年底交房，小区内有泳池，下楼就有公立幼儿园，户型多样，66平-78平方正2房；83-88平朝南或南北的3房；85平复式4房3卫；117-217平改善大平层，小区人车分流设计。,信义嘉御山是坂田次新的大社区的，小区一共有8期，目前基本都已经交房入住，坂田双地铁口的大盘，一期楼下有天虹商场，有星巴克，KFC，奈雪等，有健身会所等配套成熟，还有佳华商场MAX.CITY，有海底捞，探鱼等餐饮名店 各大银行围绕小区、旁边有大企业.,步行约600米到10号线坂田北站，900米五和交通枢纽站（5号，10号与在建的深大城际33号在五和站交汇），信义嘉御山小区下楼有3个公交站台，通达深圳市各区域都很方便。车库出来掉头左转就可快速上G94珠三角环线，地铁，公交，智驾出行都是很方便的。,,,暂无数据,2025-08-02,商品房,普通住宅,暂无数据,非共有,无抵押,挂牌时间:2025-08-02 | 交易权属:商品房 | 上次交易:暂无数据 | 房屋用途:普通住宅 | 房屋年限:暂无数据 | 产权所属:非共有 | 抵押信息:无抵押 | 房本备件:未上传房本照片,客厅 / 26.81平米 / 南 / 落地窗 ; 卧室A / 10.98平米 / 无 / 未知窗户类型 ; 卧室B / 13.33平米 / 无 / 未知窗户类型 ; 厨房 / 3.47平米 / 北 / 普通窗 ; 卫 / 4.1平米 / 无 / 未知窗户类型 ; 阳台 / 4.72平米 / 东 南 / 普通窗,
满五唯一，采光通风效果佳，业主诚心卖,"信义嘉御山 , 坂田",4室2厅,134.34平米,西北,精装,低楼层(共31层),2013年,板塔结合,820 万,61040 元,1,,,近地铁 | VR看装修,https://sz.lianjia.com/ershoufang/105121622743.html,地铁 | VR看装修,满五唯一，采光通风效果佳，业主诚心卖,信义嘉御豪园分三期开发，占地近100000平米，建面400000平，共3008户。2013-2015年底交房，小区内有泳池，配套有公里龙岗机关幼儿园，户型多样，66平-77平，方正通透的两房；83-88平，朝南或南北的三房户型；85平 复式 四房三卫；117-217平 改善大户型,"信义嘉御山是坂田新的大社区的，小区一共有8期，目前1-5期已经交房入住，6-8期还没有开盘的，坂田北地铁口的大盘，一期楼下有天虹商场，有星巴克，面点王，健身会所，SAP等，17年地还开了佳华商场MAX.CITY.,有海底捞，探鱼等餐饮名店",信义嘉御山是双地铁物业，地铁5号线“五和站”+10号线“坂田北站”，小区停车场出来拐个弯就上梅观高速G94去福田南山都很便利，小区门口也有多路公交达深圳各地，地铁+公交+自驾，都方便快捷。,,,暂无数据,2025-07-30,商品房,普通住宅,暂无数据,非共有,有抵押 60万元 交通银行,挂牌时间:2025-07-30 | 交易权属:商品房 | 上次交易:暂无数据 | 房屋用途:普通住宅 | 房屋年限:暂无数据 | 产权所属:非共有 | 抵押信息:有抵押 60万元 交通银行 | 房本备件:未上传房本照片,客厅 / 34.37平米 / 西北 / 普通窗 ; 卧室A / 12.67平米 / 无 / 未知窗户类型 ; 卧室B / 19.58平米 / 无 / 未知窗户类型 ; 卧室C / 11.19平米 / 西北 / 落地窗 ; 卧室D / 11.93平米 / 无 / 未知窗户类型 ; 厨房 / 6.19平米 / 东南 / 普通窗 ; 卫A / 3.24平米 / 东南 / 普通窗 ; 卫B / 6.36平米 / 无 / 未知窗户类型 ; 阳台 / 9.06平米 / 西北 东北 / 普通窗 ; 入户花园 / 5.85平米 / 无 / 未知窗户类型 ; 过道 / 7.16平米 / 无 / 无窗,
新上业主换房诚心出售四房 随时看房,"星河银湖谷 , 坂田",4室2厅,88.02平米,西南,,高楼层(共48层),2016年,板塔结合,668 万,75892 元,0,,,近地铁 | VR看装修,https://sz.lianjia.com/ershoufang/105121911691.html,地铁 | VR看装修,百米处有星河COCOPARK商场，雅宝学校就在小区，雅宝站200米,开发商：星河地产，星河WORLD 人车分流的规划设计，港式入户大堂，览山阅湖全景视野。约12栋商务楼群，集300米高层双子塔地和生态写字楼于一体，是金融产业、高新科技、创新产业的总部型经济,梅林关口，深圳北站商圈，片区交通不断完善，27年星河匠心集大成之作，自持运营大量物业，星河斥巨资打造1600000平航母级综合体，万亿园区产业助力持续 约750000平米联盟。,出行便利，10号线雅宝站离小区200米左右。直通南坪快速，新彩隧道，坂银隧道，梅关高速，五大交通便捷到到达深圳各区， 坂银遂道去往罗湖福田南山都方便。,,,暂无数据,2025-08-25,商品房,普通住宅,暂无数据,非共有,有抵押,挂牌时间:2025-08-25 | 交易权属:商品房 | 上次交易:暂无数据 | 房屋用途:普通住宅 | 房屋年限:暂无数据 | 产权所属:非共有 | 抵押信息:有抵押 | 房本备件:未上传房本照片,客厅 / 24.83平米 / 西南 / 普通窗 ; 卧室A / 7.72平米 / 西南 / 落地窗 ; 卧室B / 5.59平米 / 东南 / 落地窗 ; 卧室C / 6.32平米 / 东南 / 普通窗 ; 厨房 / 4.26平米 / 无 / 普通窗 ; 卫 / 4.06平米 / 东北 / 普通窗 ; 阳台A / 6.14平米 / 西南 西北 东南 / 普通窗 ; 阳台B / 2.28平米 / 东南 / 普通窗 ; 储物间 / 19.64平米 / 无 / 未知窗户类型 ; 过道 / 4.52平米 / 无 / 无窗,
南向 安静 视野开阔 光照足 诚心卖 有钥匙,"大族云峰二期 , 坂田",3室1厅,94.3平米,南,毛坯,30层,2021年,板塔结合,570 万,60446 元,0,,,近地铁 | VR房源 | 随时看房,https://sz.lianjia.com/ershoufang/105121908883.html,地铁 | VR房源 | 随时看房,毛坯南向 安静 视野开阔 光照足 诚心卖 有钥匙,占地约2.6 ，总建面约17.3 ，共1栋4座8个单元。大族云峰2期共1048户，停车位共计1063个，其中地上290个（含充电桩车位185个），地下773个车位（含充电桩车位135个），车位比近1:1 小区2017年批地，于2022交楼，次新小区，分一二期开发，此小区为二期。,楼下就是商场湾畔Mall，去万科里，天虹商场，8号仓，星河CocoPark也很方便，坂田医院，银湖山郊野公园也近。,"此房位置不错，出行方便，地铁公交驾车都方便，门口就是公交站，离坂田地铁A出口800米距离（数据来源百度地图),小区东边是坂雪岗大道，这条大道连接坂银通道，开车去福田罗湖很方便，过了坂银隧道就到福田银湖，大大缩短了去往城区的时间。",,,暂无数据,2025-08-25,商品房,普通住宅,暂无数据,非共有,有抵押 江苏银行 客户偿还,挂牌时间:2025-08-25 | 交易权属:商品房 | 上次交易:暂无数据 | 房屋用途:普通住宅 | 房屋年限:暂无数据 | 产权所属:非共有 | 抵押信息:有抵押 江苏银行 客户偿还 | 房本备件:未上传房本照片,客厅 / 30.99平米 / 南 / 普通窗 ; 卧室A / 11.9平米 / 南 / 落地窗 ; 卧室B / 7.92平米 / 无 / 未知窗户类型 ; 卧室C / 8.4平米 / 无 / 未知窗户类型 ; 厨房 / 4.92平米 / 东 / 普通窗 ; 卫A / 4.43平米 / 无 / 未知窗户类型 ; 卫B / 2.56平米 / 北 / 普通窗 ; 阳台A / 5.19平米 / 东 南 / 普通窗 ; 阳台B / 2.46平米 / 北 东 / 普通窗,
嘉御山新上南北通大两房 落地窗 适中楼层  满五唯一,"信义嘉御山 , 坂田",2室2厅,73.51平米,东南 西北,精装,中楼层(共33层),2013年,板塔结合,468 万,63665 元,0,,,近地铁 | VR看装修 | 房本满五年,https://sz.lianjia.com/ershoufang/105120468239.html,地铁 | VR看装修 | 房本满五年,此房满五唯一，适中楼层，南北通透，采光通风好，装修保养好,信义嘉御豪园分三期开发，占地近100000平米，建面400000平，共3008户。2013-2015年底交房，小区内有泳池，配套有公里龙岗机关幼儿园，户型多样，66平-77平，方正通透的两房；83-88平，朝南或南北的三房户型；85平 复式 四房三卫；117-217平 改善大户型,"信义嘉御山是坂田新的大社区的，小区一共有8期，目前1-5期已经交房入住，6-8期还没有开盘的，坂田北地铁口的大盘，一期楼下有天虹商场，有星巴克，面点王，健身会所，SAP等，17年地还开了佳华商场MAX.CITY.,有海底捞，探鱼等餐饮名店",小区是双地铁10&5号线物业，到深圳北站两个地铁站，信义嘉御山小区采用人车分流，绿化面积大，24小时封闭物业管理，居住环境舒适。,,,2013-01-23,2025-04-20,商品房,普通住宅,满五年,非共有,有抵押 建行,挂牌时间:2025-04-20 | 交易权属:商品房 | 上次交易:2013-01-23 | 房屋用途:普通住宅 | 房屋年限:满五年 | 产权所属:非共有 | 抵押信息:有抵押 建行 | 房本备件:已上传房本照片,客厅 / 24.6平米 / 无 / 未知窗户类型 ; 卧室01 / 18.93平米 / 无 / 未知窗户类型 ; 卧室02 / 9.18平米 / 北 / 普通窗 ; 厨房 / 5.29平米 / 无 / 未知窗户类型 ; 卫 / 4.52平米 / 无 / 未知窗户类型 ; 阳台 / 5.05平米 / 北 / 普通窗 ; 过道 / 3.02平米 / 无 / 无窗,
春华四季园一期 3室3厅 南,"春华四季园一期 , 坂田",3室3厅,100.46平米,南,,低楼层(共17层),2006年,板塔结合,580 万,57735 元,0,,27天以前发布,近地铁 | VR房源,https://sz.lianjia.com/ershoufang/105122085982.html,地铁 | VR房源,,,,,,,暂无数据,2025-09-10,商品房,普通住宅,暂无数据,非共有,暂无数据,挂牌时间:2025-09-10 | 交易权属:商品房 | 上次交易:暂无数据 | 房屋用途:普通住宅 | 房屋年限:暂无数据 | 产权所属:非共有 | 抵押信息:暂无数据 | 房本备件:未上传房本照片,客厅 / 32.87平米 / 无 / 未知窗户类型 ; 卧室A / 10.78平米 / 西南 / 普通窗 ; 卧室B / 8.42平米 / 无 / 未知窗户类型 ; 卧室C / 9.24平米 / 无 / 未知窗户类型 ; 卧室D / 8.43平米 / 东北 / 落地窗 ; 厨房 / 5.22平米 / 东北 / 普通窗 ; 卫A / 4.63平米 / 西南 / 普通窗 ; 卫B / 3.73平米 / 无 / 未知窗户类型 ; 阳台 / 11.56平米 / 西南 西北 / 普通窗 ; 入户花园 / 17.68平米 / 东北 / 落地窗 ; 过道A / 2.81平米 / 无 / 无窗 ; 过道B / 8.46平米 / 西南 东 / 落地窗,
看别墅景观大两房带大阳台满五唯一,"万科第五园三期 , 坂田",2室1厅,86.5平米,南,,中楼层(共15层),2007年,塔楼,398 万,46012 元,1,,,近地铁 | VR房源,https://sz.lianjia.com/ershoufang/105121741257.html,地铁 | VR房源,南向大阳台，看别墅山景，装修保养好，满五唯一税费少，端户安静,万科·第五园徽派建筑元素和晋派建筑元素风格，将传统与现代、中式与西式很好地嫁接和结合，营造出适合中国人居住的传统居住环境，个性的白墙黛瓦、变通的小窗、细纹的墙脚、清砖的步行道、密集的青竹林、天井绿化、不可窥视镂空墙、通而不透的屏风。,"小区自带21000㎡商.业，300米有万科里和湾畔MALL, 2公里有万科广场，8号仓奥特莱斯，星河C0C0PARK，附.近有坂田国际中.心、坂田手造文化街；文体：6500㎡运动公园，包含5个泳池、10个羽毛球场、2个篮球场，1个网球场。",第五园三期位于雅园路与环城南路交汇处，步行800米到10号线光雅园站，三站即达福田。步行1.3公里到坂田地铁站，可直达南山、龙华、罗湖。开车经坂银隧道，10分即达福田。小区门口是第五园三期公交站，有各路公交可以到达福田、南山、龙华。,,,暂无数据,2025-08-10,商品房,普通住宅,暂无数据,非共有,有抵押,挂牌时间:2025-08-10 | 交易权属:商品房 | 上次交易:暂无数据 | 房屋用途:普通住宅 | 房屋年限:暂无数据 | 产权所属:非共有 | 抵押信息:有抵押 | 房本备件:未上传房本照片,客厅 / 32.87平米 / 南 / 普通窗 ; 卧室A / 11.57平米 / 南 / 落地窗 ; 卧室B / 8.84平米 / 无 / 未知窗户类型 ; 厨房 / 4.99平米 / 南 / 普通窗 ; 卫 / 3.49平米 / 西 / 普通窗 ; 阳台A / 1.67平米 / 南 / 普通窗 ; 阳台B / 7.63平米 / 南 / 普通窗 ; 阳台C / 5.04平米 / 西 南 / 落地窗,
毛坯高楼层，视野采光好，东南向，户型方正，安静,"大族云峰二期 , 坂田",3室2厅,90.82平米,西北,毛坯,29层,2021年,板塔结合,550 万,60560 元,0,,,近地铁 | VR看装修 | 随时看房,https://sz.lianjia.com/ershoufang/105121785108.html,地铁 | VR看装修 | 随时看房,精装修 东南向 安静 视野开阔 光照足 诚心卖 有钥匙,占地约2.6 ，总建面约17.3 ，共1栋4座8个单元。大族云峰2期共1048户，停车位共计1063个，其中地上290个（含充电桩车位185个），地下773个车位（含充电桩车位135个），车位比近1:1 小区2017年批地，于2022交楼，次新小区，分一二期开发，此小区为二期。,楼下就是商场湾畔Mall，去万科里，天虹商场，8号仓，星河CocoPark也很方便，坂田医院，银湖山郊野公园也近。,"此房位置不错，出行方便，地铁公交驾车都方便，门口就是公交站，离坂田地铁A出口800米距离（数据来源百度地图),小区东边是坂雪岗大道，这条大道连接坂银通道，开车去福田罗湖很方便，过了坂银隧道就到福田银湖，大大缩短了去往城区的时间。",,,暂无数据,2025-08-14,商品房,普通住宅,暂无数据,非共有,有抵押,挂牌时间:2025-08-14 | 交易权属:商品房 | 上次交易:暂无数据 | 房屋用途:普通住宅 | 房屋年限:暂无数据 | 产权所属:非共有 | 抵押信息:有抵押 | 房本备件:未上传房本照片,,
带入户花园 房子已经满了5年  税费少,"珠江旭景佳园 , 坂田",2室2厅,76.58平米,北,,高楼层(共24层),2008年,塔楼,345 万,45051 元,0,,,近地铁 | VR房源 | 房本满五年,https://sz.lianjia.com/ershoufang/105121464562.html,地铁 | VR房源 | 房本满五年,房子已经满了5年  税费少  带入户花园,小区分3期开发，近1500户，地铁口物业，紧靠银湖山和坂银隧道，地理位置优越，进出关内外方便。小区房价处于区域谷值，同区域二手房对比有很大的优势。所以有很多关内的客户在此小区置业。生活配套成熟，是刚需值得购买的小区,二期内有旭景幼稚园。小区东南侧3千㎡底商，南侧有大族云峰商场已开业；距小区300米有两万㎡万科里。2km内有阳光湾畔、8号仓、坂田天虹、万科广场等商场。1km有坂田医院。,"四通八达,小区邻布龙路坂雪岗大道两大动脉,南面1km上坂银南坪,通达福田南山方便；东面两个灯位上清平水官,通达罗湖盐田惠州；西侧2km上G94,1h到宝安东莞广州；北达天安和华为。250米到5号线坂田地铁口,1站换10号线到福田口岸。小区东门150m到公交站。",,,2013-12-23,2025-07-16,商品房,普通住宅,满五年,非共有,有抵押,挂牌时间:2025-07-16 | 交易权属:商品房 | 上次交易:2013-12-23 | 房屋用途:普通住宅 | 房屋年限:满五年 | 产权所属:非共有 | 抵押信息:有抵押 | 房本备件:已上传房本照片,客厅 / 21.38平米 / 北 / 落地窗 ; 卧室01 / 10.7平米 / 北 / 落地飘窗 ; 卧室02 / 9.24平米 / 无 / 未知窗户类型 ; 厨房 / 4.19平米 / 北 / 普通窗 ; 卫 / 3.36平米 / 北 / 普通窗 ; 阳台01 / 4.58平米 / 北 / 落地窗 ; 阳台02 / 3.89平米 / 北 / 落地窗 ; 门厅 / 2.2平米 / 无 / 无窗,
小区中间位，位置安静，无遮挡，业主诚心出售,"嘉霖华禧 , 坂田",5室1厅,119.99平米,东南,精装,中楼层(共33层),2017年,塔楼,620 万,51671 元,1,,,近地铁 | VR房源 | 房本满五年,https://sz.lianjia.com/ershoufang/105121313889.html,地铁 | VR房源 | 房本满五年,满五年，不唯一，中间楼层，无遮挡，视野好。,嘉霖华禧小区楼龄比较新，17年交房的小区，项目是嘉霖集团继大鹏PURE33璞岸、龙岗珑禧、坪山大万文化广场后推出的又一城市标杆力作。小区总共6栋，项目产品包含37-65平米1-3房70年产权平层、复式产品及74-119㎡ 品质3-5房品质住宅，均为片区主流户型。,新社区，人车分流，24小时保安轮流值班，社区有自己的健身广场和花园，园林式社区。依托高新技术产业园，佳兆业城市广场物业形态丰富，集、酒店于一体。小区左边是天安云谷、华为总部基地，配套齐全,项目是靠着坂雪岗大道和坂澜大道，沿着坂雪岗大道可以去梅林关（去关内方向）、也可以转布龙路转南坪快速和水官高速，也可以从转贝尔路再转梅关高速，上坂澜大道可以去观澜也可以去平湖。地铁10号,,,2016-08-06,2025-07-03,商品房,普通住宅,满五年,非共有,有抵押 170万元 银行,挂牌时间:2025-07-03 | 交易权属:商品房 | 上次交易:2016-08-06 | 房屋用途:普通住宅 | 房屋年限:满五年 | 产权所属:非共有 | 抵押信息:有抵押 170万元 银行 | 房本备件:已上传房本照片,客厅 / 30.56平米 / 北 南 / 普通窗 ; 卧室A / 6.79平米 / 北 / 落地窗 ; 卧室B / 9.63平米 / 无 / 未知窗户类型 ; 卧室C / 10.19平米 / 无 / 未知窗户类型 ; 卧室D / 16.94平米 / 无 / 未知窗户类型 ; 卧室E / 8.46平米 / 无 / 未知窗户类型 ; 厨房 / 4.36平米 / 南 / 普通窗 ; 卫A / 4.56平米 / 无 / 未知窗户类型 ; 卫B / 5.1平米 / 无 / 未知窗户类型 ; 阳台A / 5.58平米 / 西 北 东 / 普通窗 ; 阳台B / 3.87平米 / 西 南 / 普通窗 ; 过道 / 4.34平米 / 无 / 无窗,
3期大88平，3+2房，位置安静，保养好，9成新,"佳兆业中央广场三期 , 坂田",4室2厅,87.58平米,北,精装,45层,2016年,塔楼,518 万,59146 元,3,,,近地铁 | VR看装修 | 房本满五年 | 随时看房,https://sz.lianjia.com/ershoufang/105121721291.html,地铁 | VR看装修 | 房本满五年 | 随时看房,3期大88平，3+2房，位置安静，保养好，9成新,社区，总共分为6期，人车分流，24小时保安轮流值班，社区有自己的健身广场和花园，园林式社区。占地约300000平，建面约1800000平米，依托高新技术产业园，佳兆业城市广场物业形态丰富，集住宅、酒店于一体。小区左边是天安云谷、华为总部,,项目是在坂雪岗大道和坂澜大道，沿着坂雪岗大道可以去梅林关（去关内方向）、也可以转布龙路转南坪快速和水官高速，也可以从转贝尔路再转梅关高速，上坂澜大道可以去观澜也可以去平湖。交通很方便。高速交通：梅观高速、清平高速、坂雪岗大道、南坪快速。,,,2018-05-16,2025-08-08,商品房,普通住宅,满五年,非共有,无抵押,挂牌时间:2025-08-08 | 交易权属:商品房 | 上次交易:2018-05-16 | 房屋用途:普通住宅 | 房屋年限:满五年 | 产权所属:非共有 | 抵押信息:无抵押 | 房本备件:已上传房本照片,客厅 / 32.17平米 / 北 / 落地窗 ; 书房 / 5.98平米 / 西 / 普通窗 ; 卧室A / 8.34平米 / 无 / 未知窗户类型 ; 卧室B / 12.49平米 / 无 / 未知窗户类型 ; 卧室C / 8.59平米 / 无 / 普通窗 ; 厨房 / 9.36平米 / 西 / 普通窗 ; 卫A / 3.53平米 / 北 / 普通窗 ; 卫B / 3.95平米 / 无 / 未知窗户类型 ; 阳台A / 4.25平米 / 北 东 / 普通窗 ; 阳台B / 4.94平米 / 西 / 普通窗 ; 过道 / 5.42平米 / 无 / 无窗,
地铁精装四房 南北通 通风采光好,"信城缙华府 , 坂田",4室2厅,114.29平米,南,,低楼层(共33层),,塔楼,625 万,54686 元,1,,,近地铁 | VR房源,https://sz.lianjia.com/ershoufang/105121686681.html,地铁 | VR房源,此房 南北通 距离杨美地铁口500米采光充足看小区,"小区建筑面积72419㎡，物业费4.8,元/平，车位比1:1.13，",有地铁5号线杨美站C出口500米（参考高德地图），4站抵深圳北站深圳东站，西至赤湾东至黄贝岭。或步行400米至宏扬公交站也有多条公交路线可达深圳各区域。衔接各大高速快速，3公里内直上布龙路、清平高速、水官高速，南坪快速、梅观高速、坂银通道等,,,,暂无数据,2025-08-05,商品房,普通住宅,暂无数据,非共有,无抵押,挂牌时间:2025-08-05 | 交易权属:商品房 | 上次交易:暂无数据 | 房屋用途:普通住宅 | 房屋年限:暂无数据 | 产权所属:非共有 | 抵押信息:无抵押 | 房本备件:未上传房本照片,客厅 / 26.12平米 / 无 / 未知窗户类型 ; 卧室01 / 15.95平米 / 无 / 未知窗户类型 ; 卧室02 / 8.15平米 / 南 / 普通窗 ; 卧室03 / 7.22平米 / 无 / 未知窗户类型 ; 卧室04 / 7.04平米 / 无 / 未知窗户类型 ; 厨房 / 5.27平米 / 北 / 普通窗 ; 卫01 / 3.89平米 / 无 / 未知窗户类型 ; 卫02 / 3.55平米 / 无 / 未知窗户类型 ; 阳台 / 8.88平米 / 南 / 普通窗 ; 过道 / 5.25平米 / 无 / 无窗 ; 门厅 / 2.32平米 / 无 / 无窗,
东南向五房带入户 安静 看花园 满五红本 税费少,"佳兆业中央广场一期 , 坂田",5室2厅,151.91平米,东南,,低楼层(共49层),2013年,塔楼,1000 万,65829 元,0,,21天以前发布,近地铁 | VR看装修,https://sz.lianjia.com/ershoufang/105122159050.html,地铁 | VR看装修,东南向五房带入户 安静 看花园 满五红本 税费少,小区规模：总共分为6期，大型社区，3个幼儿园：大型综合MALL，加270米酒店（六期项目）。,新社区，人车分流，24小时保安轮流值班，社区有自己的健身广场和花园，园林式社区。小区自带佳兆业九万平商场，物业形态丰富，集住宅、酒店、公寓、写字楼于一体，小区旁边是天安云谷以及华为总部，49栋写字楼。旁边有大型公园（雪竹径公园、JI创公园）,项目位于坂雪岗大道和坂澜大道处，沿着坂雪岗大道可以去梅林关（去关内方向）、也可以转布龙路转南坪快速和水官高速，也可以从转贝尔路再转梅关高速，上坂澜大道可以去观澜也可以去平湖。高速交通：梅观高速、清平高速、坂雪岗大道、南坪快速，地铁10号线。,,,暂无数据,2025-09-17,商品房,普通住宅,暂无数据,非共有,有抵押 500万元,挂牌时间:2025-09-17 | 交易权属:商品房 | 上次交易:暂无数据 | 房屋用途:普通住宅 | 房屋年限:暂无数据 | 产权所属:非共有 | 抵押信息:有抵押 500万元 | 房本备件:未上传房本照片,客厅 / 27.8平米 / 西北 东南 / 普通窗 ; 卧室A / 13.84平米 / 无 / 未知窗户类型 ; 卧室B / 13.12平米 / 无 / 未知窗户类型 ; 卧室C / 14.22平米 / 无 / 未知窗户类型 ; 卧室D / 10.95平米 / 无 / 未知窗户类型 ; 卧室E / 11.58平米 / 无 / 未知窗户类型 ; 厨房 / 4.89平米 / 无 / 无窗 ; 卫A / 5.61平米 / 无 / 未知窗户类型 ; 卫B / 3.45平米 / 东北 / 普通窗 ; 阳台A / 4.11平米 / 无 / 无窗 ; 阳台B / 7.73平米 / 西南 东北 东南 / 普通窗 ; 过道 / 9.53平米 / 无 / 无窗 ; 门厅 / 11.1平米 / 东南 / 落地窗 ; 衣帽间 / 3.4平米 / 无 / 无窗,
通透朝向，户型方正全新装修未住过人。,"信城缙华府 , 坂田",4室2厅,114.29平米,南,精装,低楼层(共33层),,塔楼,614 万,53723 元,0,,,近地铁 | VR看装修,https://sz.lianjia.com/ershoufang/105121793612.html,地铁 | VR看装修,通透朝向，户型方正全新装修未住过人。,"小区建筑面积72419㎡，物业费4.8,元/平，车位比1:1.13，",有地铁5号线杨美站C出口500米（参考高德地图），4站抵深圳北站深圳东站，西至赤湾东至黄贝岭。或步行400米至宏扬公交站也有多条公交路线可达深圳各区域。衔接各大高速快速，3公里内直上布龙路、清平高速、水官高速，南坪快速、梅观高速、坂银通道等,,,,暂无数据,2025-08-15,商品房,普通住宅,暂无数据,非共有,无抵押,挂牌时间:2025-08-15 | 交易权属:商品房 | 上次交易:暂无数据 | 房屋用途:普通住宅 | 房屋年限:暂无数据 | 产权所属:非共有 | 抵押信息:无抵押 | 房本备件:未上传房本照片,客厅 / 26.06平米 / 无 / 未知窗户类型 ; 卧室A / 8.27平米 / 南 / 普通窗 ; 卧室B / 15.53平米 / 无 / 未知窗户类型 ; 卧室C / 7.09平米 / 无 / 未知窗户类型 ; 卧室D / 7.09平米 / 无 / 未知窗户类型 ; 厨房 / 5.28平米 / 北 / 普通窗 ; 卫A / 3.86平米 / 无 / 未知窗户类型 ; 卫B / 3.51平米 / 无 / 未知窗户类型 ; 阳台 / 8.91平米 / 南 / 普通窗 ; 过道 / 5.08平米 / 无 / 无窗 ; 门厅 / 2.3平米 / 无 / 无窗,
佳兆业中央广场三期 4室2厅 南 北,"佳兆业中央广场三期 , 坂田",4室2厅,89平米,南 北,精装,46层,2015年,塔楼,580 万,65169 元,0,,,近地铁 | VR看装修 | 随时看房,https://sz.lianjia.com/ershoufang/105121990102.html,地铁 | VR看装修 | 随时看房,,,,,,,暂无数据,2025-09-02,商品房,普通住宅,暂无数据,非共有,无抵押,挂牌时间:2025-09-02 | 交易权属:商品房 | 上次交易:暂无数据 | 房屋用途:普通住宅 | 房屋年限:暂无数据 | 产权所属:非共有 | 抵押信息:无抵押 | 房本备件:未上传房本照片,客厅 / 33.58平米 / 北 / 落地窗 ; 书房 / 6.36平米 / 西 / 普通窗 ; 卧室A / 7.69平米 / 无 / 未知窗户类型 ; 卧室B / 12.11平米 / 无 / 未知窗户类型 ; 卧室C / 7.67平米 / 无 / 未知窗户类型 ; 厨房 / 8.03平米 / 西 / 普通窗 ; 卫A / 3.32平米 / 北 / 落地窗 ; 卫B / 3.92平米 / 无 / 未知窗户类型 ; 阳台A / 1.7平米 / 西 / 普通窗 ; 阳台B / 7.21平米 / 北 / 落地窗 ; 过道 / 5.15平米 / 无 / 无窗,
信义嘉御山 3室2厅 南,"信义嘉御山 , 坂田",3室2厅,87.51平米,南,,中楼层(共33层),2015年,板塔结合,580 万,66279 元,0,,11天以前发布,近地铁 | VR房源,https://sz.lianjia.com/ershoufang/105122254822.html,地铁 | VR房源,,,,,,,暂无数据,2025-09-26,商品房,普通住宅,暂无数据,非共有,有抵押 505万元,挂牌时间:2025-09-26 | 交易权属:商品房 | 上次交易:暂无数据 | 房屋用途:普通住宅 | 房屋年限:暂无数据 | 产权所属:非共有 | 抵押信息:有抵押 505万元 | 房本备件:未上传房本照片,客厅 / 26.85平米 / 无 / 未知窗户类型 ; 卧室A / 10.54平米 / 无 / 未知窗户类型 ; 卧室B / 15.21平米 / 无 / 未知窗户类型 ; 卧室C / 9.31平米 / 南 / 普通窗 ; 厨房 / 5.99平米 / 无 / 未知窗户类型 ; 卫 / 3.58平米 / 北 / 落地窗 ; 阳台 / 6.35平米 / 西 东 南 / 普通窗 ; 过道 / 4.3平米 / 无 / 无窗,
坂田地铁口朝南看花园精装3房诚售，楼层佳，通风好,"和成嘉业 , 坂田",3室2厅,91平米,南 北,,中楼层(共30层),2020年,,518 万,56924 元,1,,,近地铁 | VR看装修 | 随时看房,https://sz.lianjia.com/ershoufang/105119564562.html,地铁 | VR看装修 | 随时看房,房子已经满了5年，税费少，房子次新，布局合理,"小区由金和成开发和管理,于2016年批地,2019年入伙,共有800多户,两层车库,车位不紧张,车位1：1，主力户型为80-89-91-118-140平,3-5房都是带装修交楼,采光好,围合式建筑风格,人车分流,小区地势高,通风好。",小区自带乒乓球室、棋牌室及锻炼器材广场。门口有华润万家，钱大妈，龙华大润发沃尔玛往返车等满足业主的日常需求。步行700米可至杨美美食街，鑫华盛百货，美家福百货等。距离深圳坂田医院2500米。3公里内有坂田天虹，佳华领汇广场，8号仓，星河。,（参靠高德地图）地铁5号线杨美站C出口792米，西至前海湾东至黄贝岭。东南门M572路可直达终点深圳北站或步行792米至杨美地铁公交站有多条公交路线可达深圳各区域。可直上布龙路、清平、南坪、水官，坂银隧道已建成通车，实现10公里至福田皇岗立交。,,,暂无数据,2025-02-04,商品房,普通住宅,暂无数据,非共有,有抵押,挂牌时间:2025-02-04 | 交易权属:商品房 | 上次交易:暂无数据 | 房屋用途:普通住宅 | 房屋年限:暂无数据 | 产权所属:非共有 | 抵押信息:有抵押 | 房本备件:未上传房本照片,客厅 / 20.57平米 / 南 / 落地窗 ; 卧室A / 6.04平米 / 东 / 普通窗 ; 卧室B / 13.18平米 / 无 / 未知窗户类型 ; 卧室C / 9.26平米 / 无 / 未知窗户类型 ; 厨房 / 6.13平米 / 东 / 普通窗 ; 卫A / 3.88平米 / 无 / 无窗 ; 卫B / 2.98平米 / 东 / 普通窗 ; 阳台 / 4.74平米 / 东 南 / 落地窗 ; 过道 / 2.93平米 / 无 / 无窗,
方正大3房，客餐厅一体，双阳台，看花园和别墅，安静,"万科四季花城七期 , 坂田",3室2厅,104.93平米,东,,中楼层(共6层),2003年,板楼,428 万,40790 元,12,,,近地铁 | VR看装修,https://sz.lianjia.com/ershoufang/105119034449.html,地铁 | VR看装修,此房满五红本，花园中间位置，双阳台，通透户型，业主诚售！,小区由万科地产集团开发，一共有36个独立苑，共分七期开发，花园式小区，绿化植被很多，带露天游泳池和健身会所及相应运动器械供住户健身，社区运动氛围棒；万科物业24小时严格管控，夜间有保安巡逻，外人基本无法随意出入，人车分流，充分保护行人!,距离坂田天虹1000米，距离坂田民营市场100米，距离8号仓300米，距离星河银湖谷商场直线距离1000米，距离星河商场和上河坊购物广场2000米，（数据来自百度地图）,地铁5号线和10号线五和站A口，交通发达，小区旁边有布龙路、梅观高速、机荷高速、南坪快速等，乘坐公交或驾车出行到福田、罗湖、南山等地较方便（距离信息来源于百度地图）还有在修的深大城际和深惠城际,,,暂无数据,2024-11-27,商品房,普通住宅,暂无数据,非共有,无抵押,挂牌时间:2024-11-27 | 交易权属:商品房 | 上次交易:暂无数据 | 房屋用途:普通住宅 | 房屋年限:暂无数据 | 产权所属:非共有 | 抵押信息:无抵押 | 房本备件:未上传房本照片,客厅 / 34.57平米 / 西 东 / 普通窗 ; 卧室A / 15.8平米 / 东 / 落地飘窗 ; 卧室B / 9.55平米 / 西 / 落地飘窗 ; 卧室C / 8.06平米 / 西 / 落地飘窗 ; 厨房 / 4.97平米 / 西 / 普通窗 ; 卫A / 4.44平米 / 北 / 普通窗 ; 卫B / 3.11平米 / 东 / 普通窗 ; 阳台A / 4.33平米 / 北 东 南 东南 / 普通窗 ; 阳台B / 2.84平米 / 西 北 / 普通窗 ; 过道 / 2.64平米 / 无 / 无窗,
坂银通道万科精装大一房一厅，安静端户，门前可养花草,"万科第五园五期 , 坂田",1室1厅,85.72平米,西南,,高楼层(共12层),2009年,塔楼,450 万,52497 元,0,,,VR房源,https://sz.lianjia.com/ershoufang/105118981971.html,VR房源,坂银通道旁万科精装修大一房一厅，安静端户，门前可养花草,万科第五园五期2010年开发建筑，人车分流，车位充足，地下车库两层，自带游泳池、网球场、儿童娱乐场、老人休闲室。自带华润万家生活，钱大妈生鲜店，水果先生，百果园，早餐店等。,五期与六八期打通，园林，休闲配套，消费等都是共享，地势高，五期带游泳池，网球场，和儿童游乐场等，八期有很多草坪，可养宠物等，南面是银湖山效野公园，和南坑公园等,坂银通道首站，通道已开通，去福田很便捷，小区出门200米有公交站台，800米有地铁10号线南坑站，去华为和民治方向的车都有，还有一个去会展市内的车，里城公交总站有去科技园的车，自驾车出门右转就直通南坪快速。,,,暂无数据,2024-11-21,商品房,普通住宅,暂无数据,非共有,有抵押,挂牌时间:2024-11-21 | 交易权属:商品房 | 上次交易:暂无数据 | 房屋用途:普通住宅 | 房屋年限:暂无数据 | 产权所属:非共有 | 抵押信息:有抵押 | 房本备件:未上传房本照片,客厅 / 24.57平米 / 无 / 未知窗户类型 ; 卧室 / 24.63平米 / 无 / 未知窗户类型 ; 卫生间 / 8.06平米 / 无 / 未知窗户类型 ; 阳台 / 4.28平米 / 无 / 未知窗户类型,
信义嘉御山五期 89平朝南四房 位置安静 视野开拓,"信义嘉御山5期 , 坂田",4室2厅,88.84平米,南,精装,中楼层(共39层),2016年,塔楼,645 万,72603 元,3,,,VR房源 | 随时看房,https://sz.lianjia.com/ershoufang/105119643623.html,VR房源 | 随时看房,此房满五不年唯一、楼层高、视野开阔、采光通风很好、看房提前约,,本小区人车分流，大社区绿化高。高楼层 视野景观很好，在家里就可以看到小区的花园和泳池，采光好又通风，适合对房屋居住品质要求高的群体。小区自带底层店铺，开发商自持，目前已全部进驻，包括中西式餐饮、教育培训、婴幼儿用品，便利店及坂田天虹,地铁5号线五和站已通车，10号线坂田北已通车 还有大型公交站台、四通八达,,,暂无数据,2025-02-11,商品房,普通住宅,暂无数据,非共有,有抵押 535万元 建设银行 金融公司垫资,挂牌时间:2025-02-11 | 交易权属:商品房 | 上次交易:暂无数据 | 房屋用途:普通住宅 | 房屋年限:暂无数据 | 产权所属:非共有 | 抵押信息:有抵押 535万元 建设银行 金融公司垫资 | 房本备件:未上传房本照片,客厅 / 33.54平米 / 无 / 未知窗户类型 ; 卧室A / 9.42平米 / 东南 / 普通窗 ; 卧室B / 5.83平米 / 东北 东南 / 普通窗 ; 卧室C / 14.17平米 / 无 / 未知窗户类型 ; 卧室D / 8.99平米 / 西南 / 普通窗 ; 厨房 / 4.34平米 / 东南 / 普通窗 ; 卫生间A / 3.58平米 / 无 / 普通窗 ; 卫生间B / 4.22平米 / 无 / 未知窗户类型 ; 阳台A / 1.9平米 / 东南 / 普通窗 ; 阳台B / 6.14平米 / 西南 西北 东南 / 普通窗 ; 储物间 / 5.57平米 / 东南 / 普通窗,
经典户型焕新颜，两房巧变三房，中层采光+灵动分区,"信义嘉御山 , 坂田",3室2厅,66.34平米,东南 西北,精装,低楼层(共33层),2015年,板塔结合,435 万,65572 元,1,,,近地铁 | VR房源 | 房本满五年,https://sz.lianjia.com/ershoufang/105121014104.html,地铁 | VR房源 | 房本满五年,"此房满五唯一，爆改神户型，空间利用max,秒变三房不拥挤通透方正",信义嘉御山大一期分三期开发（1-3期）共3008户。2013-2015年底交房，小区内有泳池，2-4房户型都有，66平-77平2房，83-88平3房，86平 复式4房3卫；117-217平 改善大户型，户型很全面，适合各种需求的客户。,"信义在坂田开发的大社区的，小区一共有8期，1期楼下天虹商场有星巴克，奈雪，喜茶，面点王，健身会所，SAP等，2017年年底还开了佳华商场MAX.CITY.,有海底捞，探鱼等餐饮名店，还有电影院，电玩城等业态。",信义嘉御山是双地铁物业，地铁5号线“五和站”+10号线“坂田北站”，小区停车场出来拐个弯就上梅观高速G94去福田南山都很便利，小区门口也有多路公交达深圳各地，地铁+公交+自驾，都方便快捷。,,,2014-11-22,2025-06-08,商品房,普通住宅,满五年,非共有,有抵押,挂牌时间:2025-06-08 | 交易权属:商品房 | 上次交易:2014-11-22 | 房屋用途:普通住宅 | 房屋年限:满五年 | 产权所属:非共有 | 抵押信息:有抵押 | 房本备件:已上传房本照片,客厅 / 25.01平米 / 西北 南 / 落地窗 ; 卧室A / 7.16平米 / 无 / 未知窗户类型 ; 卧室B / 8.89平米 / 无 / 未知窗户类型 ; 卧室C / 8.89平米 / 西北 / 普通窗 ; 厨房 / 5.29平米 / 无 / 未知窗户类型 ; 卫 / 2.66平米 / 东北 / 普通窗 ; 阳台 / 5.09平米 / 西南 西北 东北 / 普通窗,
银湖谷精装4房 满5 楼层佳户型好  业主诚售,"星河银湖谷 , 坂田",4室1厅,87.73平米,东,,中楼层(共48层),2016年,板塔结合,650 万,74091 元,1,,,近地铁 | VR看装修,https://sz.lianjia.com/ershoufang/105121182145.html,地铁 | VR看装修,满五唯一，自住装修 保养好 ，楼层佳  使用率高,星河WORLD银湖谷住宅面积为200000㎡，拥有5500㎡园林和泳池，人车分流的规划设计，港式入户大堂，览山阅湖景视野。约700000㎡商务楼群，集300米高层双子塔地和生态写字楼于一体，是金融产业、高新科技、创新产业的总部型经济聚集地,梅林关口，深圳北站商圈，片区交通不断完善，27年星河匠心集大成之作，自持运营大量物业，星河斥巨资打造1600000平航母级综合体，万亿园区产业助力持续 约750000平米联盟。500米左右有恒温游泳池，网球场 篮球场，羽毛球场馆，地铁650米左右,10号线雅宝站，已经开通。南平快速延长线，新彩隧道，坂银隧道，梅关高速，五大交通便捷到到达深圳各区。 坂银遂道已经通车去往罗湖福田近,,,暂无数据,2025-06-22,商品房,普通住宅,暂无数据,非共有,有抵押 230万元 招商银行 金融公司垫资,挂牌时间:2025-06-22 | 交易权属:商品房 | 上次交易:暂无数据 | 房屋用途:普通住宅 | 房屋年限:暂无数据 | 产权所属:非共有 | 抵押信息:有抵押 230万元 招商银行 金融公司垫资 | 房本备件:未上传房本照片,客厅 / 24.78平米 / 北 / 落地窗 ; 卧室A / 7.27平米 / 北 / 落地窗 ; 卧室B / 21.63平米 / 无 / 未知窗户类型 ; 卧室C / 6.65平米 / 北 / 普通窗 ; 厨房 / 4.3平米 / 北 / 普通窗 ; 卫A / 3.34平米 / 北 / 落地窗 ; 卫B / 3.7平米 / 北 / 普通窗 ; 阳台A / 4.39平米 / 北 / 落地窗 ; 阳台B / 3.84平米 / 北 / 普通窗 ; 过道 / 2.81平米 / 无 / 无窗,
精装三加一户型，业主诚心出售，看房提前预约,"佳兆业中央广场三期 , 坂田",4室2厅,83.53平米,南,精装,46层,2016年,塔楼,430 万,51479 元,2,,,近地铁 | VR看装修,https://sz.lianjia.com/ershoufang/105119510989.html,地铁 | VR看装修,中高楼层，采光好，视野好，朝南方向，双地铁口。,小区规划大型雪象体育公园，三十万商 业综合MALL，270米层高五星国际酒店，百度测量1公 里范围内雪象医院、肖传国医院，地铁10号线雪象、岗头双地铁口，坂银隧道去福田南山交通便捷。,新社区，人车分流，24小时保安轮流值班，社区有自己的健身广场和花园，园林式社区。占地约300000平，建面约1800000平米，依托高新技术产业园，佳兆业城市广场物业形态丰富，集住宅、酒店于一体。小区左边是天安云谷、华为总部,地铁十号线雪象站A出口，沿着坂雪岗大道可以去梅林关（去关内方向）、也可以转布龙路转南坪快速和水官高速，也可以从转贝尔路再转梅关高速，上坂澜大道可以去观澜也可以去平湖。交通很方便。高速交通：梅观高速、清平高速、坂雪岗大道、南坪快速。,,,暂无数据,2025-01-17,商品房,普通住宅,暂无数据,非共有,有抵押 30万元,挂牌时间:2025-01-17 | 交易权属:商品房 | 上次交易:暂无数据 | 房屋用途:普通住宅 | 房屋年限:暂无数据 | 产权所属:非共有 | 抵押信息:有抵押 30万元 | 房本备件:未上传房本照片,客厅 / 23.35平米 / 东南 / 落地窗 ; 卧室A / 7.04平米 / 东北 / 落地窗 ; 卧室B / 8.99平米 / 无 / 未知窗户类型 ; 卧室C / 8.69平米 / 东南 / 普通窗 ; 卧室D / 7.36平米 / 东南 / 普通窗 ; 厨房 / 7.64平米 / 东北 / 普通窗 ; 卫 / 2.58平米 / 无 / 普通窗 ; 阳台A / 3.06平米 / 东北 / 普通窗 ; 阳台B / 4.82平米 / 西南 东南 / 普通窗 ; 过道 / 5.89平米 / 无 / 无窗,
地铁口物业华为基地满五年中高楼层厅双阳台安静舒适,"佳兆业中央广场三期 , 坂田",4室2厅,123.99平米,北,精装,45层,2015年,塔楼,736 万,59360 元,0,,,近地铁 | VR看装修,https://sz.lianjia.com/ershoufang/105121123415.html,地铁 | VR看装修,满五唯一中高楼层厅双阳台佳兆业城市广场二期业主重新装修.,小区规模：总共分为6期开发的大楼盘。3个幼儿园：自带综合MALL，加270米万豪酒店（六期项目），二期的地理位置很好，小区东门门口200米就是地铁口雪象站,新社区，人车分流，车位充足，24小时保安轮流值班，社区有自己的健身广场和花园，园林式社区。依托高新技术产业园，佳兆业城市广场物业形态丰富，集住宅、酒店于一体。隔壁就是天安云谷、华为总部。,项目是在坂雪岗大道和坂澜大道，沿着坂雪岗大道可以去梅林关（去关内方向）、也可以转布龙路转南坪快速和水官高速，也可以从转贝尔路再转梅关高速，上坂澜大道可以去观澜也可以去平湖。交通很方便。高速交通：梅观高速、清平高速、坂雪岗大道、南坪快速。,,,暂无数据,2025-06-18,商品房,普通住宅,暂无数据,非共有,有抵押 600万元,挂牌时间:2025-06-18 | 交易权属:商品房 | 上次交易:暂无数据 | 房屋用途:普通住宅 | 房屋年限:暂无数据 | 产权所属:非共有 | 抵押信息:有抵押 600万元 | 房本备件:未上传房本照片,客厅 / 34.97平米 / 北 / 落地窗 ; 卧室A / 7.4平米 / 北 / 落地窗 ; 卧室B / 9.19平米 / 无 / 未知窗户类型 ; 卧室C / 20.47平米 / 无 / 未知窗户类型 ; 卧室D / 11.38平米 / 无 / 未知窗户类型 ; 厨房 / 7.19平米 / 东 / 落地窗 ; 卫A / 4.15平米 / 北 / 普通窗 ; 卫B / 5.19平米 / 北 / 普通窗 ; 阳台A / 6.98平米 / 北 东 / 普通窗 ; 阳台B / 4.36平米 / 东 / 落地窗 ; 储物间 / 4.92平米 / 东 / 普通窗 ; 过道 / 7.55平米 / 无 / 无窗 ; 门厅 / 3.94平米 / 无 / 无窗,
凤姐推房业主急腾名三房 满五年红本在手,"万科四季花城二期 , 坂田",3室1厅,105.57平米,南,,6层,2000年,板楼,478 万,45279 元,10,,,近地铁 | VR看装修,https://sz.lianjia.com/ershoufang/105115916300.html,地铁 | VR看装修,满五年，红本在手，业主腾名诚心出售，看房方便,小区由万科地产集团开发，一共有36个独立苑，共分七期开发，花园式小区，绿化植被很多，带露天游泳池和健身会所及相应运动器械供住户健身，社区运动氛围棒；万科物业24小时严格管控，夜间有保安巡逻，外人基本无法随意出入，人车分流，充分保护行人安全,小区内有博雅幼儿园、海丽达幼儿园等，商场类有华润万家，五和购物广场、海达和成购物广场、坂田民营市场等。医疗类有深圳坂田医院、龙华人民医院、布吉医院花城社康医院（小区内）；银行为招商银行、中国银行、民生银行自助机及平安银行等，各式卖菜.,小区东门距离地铁5号线和10号线50米，地铁连接的站点有深圳北站、布吉、太安、黄贝岭、宝安、前海湾（以上都为地铁中转站）交通发达，有布龙路、梅观高速、机荷高速、南坪快速等，乘坐公交或驾车出行到福田、罗湖、南山等地较方便,,,暂无数据,2024-01-20,商品房,普通住宅,暂无数据,非共有,无抵押,挂牌时间:2024-01-20 | 交易权属:商品房 | 上次交易:暂无数据 | 房屋用途:普通住宅 | 房屋年限:暂无数据 | 产权所属:非共有 | 抵押信息:无抵押 | 房本备件:未上传房本照片,客厅 / 34.34平米 / 西 东 / 普通窗 ; 卧室A / 13.91平米 / 无 / 未知窗户类型 ; 卧室B / 12.61平米 / 西南 东北 东南 / 落地窗 ; 卧室C / 8.23平米 / 东 / 落地窗 ; 厨房 / 4.6平米 / 东 / 普通窗 ; 卫A / 4.04平米 / 西 / 普通窗 ; 卫B / 3.58平米 / 东 / 普通窗 ; 阳台A / 3.91平米 / 西 西南 北 西北 南 / 普通窗 ; 阳台B / 2.03平米 / 东 / 普通窗 ; 衣帽间 / 2.98平米 / 无 / 无窗,
旭景一期电梯正南，2加1户型 ，看小区花园，精装修,"珠江旭景佳园 , 坂田",3室2厅,77.57平米,南,精装,中楼层(共11层),2008年,塔楼,400 万,51567 元,7,,,近地铁 | VR看装修,https://sz.lianjia.com/ershoufang/105117353888.html,地铁 | VR看装修,满五年唯一税少，正南2加1户型 ，客厅有阳台看花园。精装修！,小区分3期开发，近1500户，地铁口物业，紧靠银湖山和坂银隧道，地理位置优越，进出关内外方便。小区房价处于区域谷值，同区域二手房对比有很大的优势。所以有很多关内的客户在此小区置业。生活配套成熟，是刚需值得购买的小区。,二期内有旭景幼稚园。小区东南侧3千㎡底商，南侧有大族云峰商场已开业；距小区300米有两万㎡万科里。2km内有阳光湾畔、8号仓、坂田天虹等商场。1km有坂田医院。,"四通八达,小区邻布龙路坂雪岗大道两大动脉,南面1km上坂银南坪,通达福田南山方便；东面两个灯位上清平水官,通达罗湖盐田惠州；西侧2km上G94,1h到宝安东莞广州；北达天安和华为。250米到5号线坂田地铁口,1站换10号线到福田口岸。小区东门150m到公交站。",,,暂无数据,2024-06-20,商品房,普通住宅,暂无数据,非共有,有抵押 59万元 平安,挂牌时间:2024-06-20 | 交易权属:商品房 | 上次交易:暂无数据 | 房屋用途:普通住宅 | 房屋年限:暂无数据 | 产权所属:非共有 | 抵押信息:有抵押 59万元 平安 | 房本备件:未上传房本照片,客厅 / 20.42平米 / 南 / 普通窗 ; 卧室A / 3.97平米 / 东 / 落地窗 ; 卧室B / 12.26平米 / 南 / 落地飘窗 ; 厨房 / 4.4平米 / 东 / 普通窗 ; 卫 / 3.63平米 / 东 / 普通窗 ; 阳台 / 4.46平米 / 南 / 普通窗 ; 储物间 / 9.48平米 / 无 / 未知窗户类型 ; 门厅 / 4.72平米 / 无 / 无窗,
旭景佳园一期 低密度社区采光好 地铁口 福田后花园,"珠江旭景佳园 , 坂田",3室2厅,121.2平米,南,简装,中楼层(共5层),2007年,,730 万,60232 元,4,,,近地铁 | VR看装修,https://sz.lianjia.com/ershoufang/105114177650.html,地铁 | VR看装修,旭景佳园一期 低密度社区采光好 地铁口 福田后花园,小区分3期开发，近1500户，地铁口物业，紧靠银湖山和梅林关，地理位置优越，进出关内外方便。小区房价优惠，同区域二手房对比有很大的优势。所以有很多关内的客户在此小区置业。生活配套成熟，是刚需值得购买的小区。,小区距坂田地铁口600米。小区旁边大族云峰商场已开业投入使用。万科里距小区300米。1公里还有阳光湾畔，8号仓，坂田天虹等等。距银湖山1.5公里，坂银隧道1.5公里，到关内更方便。,5号线坂田地铁口大约600米，去宝安或者罗湖都很方便。小区门口就是公交站；小区前面是坂雪岗大道和布龙路，自驾的话，1000米可以上南坪快速，再走水官高速到龙岗，梅观高速到观澜和东莞，或者经梅林关，新彩隧道进福田，罗湖和南山都很方便,,,暂无数据,2023-07-07,商品房,普通住宅,暂无数据,非共有,有抵押 510万元 建设银行 客户偿还,挂牌时间:2023-07-07 | 交易权属:商品房 | 上次交易:暂无数据 | 房屋用途:普通住宅 | 房屋年限:暂无数据 | 产权所属:非共有 | 抵押信息:有抵押 510万元 建设银行 客户偿还 | 房本备件:未上传房本照片,客厅 / 41.89平米 / 北 南 / 落地窗 ; 卧室A / 19.19平米 / 西 南 / 落地飘窗 ; 卧室B / 8.16平米 / 西 北 / 落地窗 ; 卧室C / 10.28平米 / 北 / 落地飘窗 ; 厨房 / 6.25平米 / 北 / 落地窗 ; 卫生间A / 5.41平米 / 南 / 普通窗 ; 卫生间B / 5.52平米 / 北 / 普通窗 ; 阳台A / 7.26平米 / 西 东 南 / 落地窗 ; 阳台B / 4.5平米 / 西 北 / 落地窗 ; 阳台C / 2.52平米 / 北 / 落地窗,
诚心出售。。。。。。。。。。。。。。。。。。,"珠江旭景佳园 , 坂田",2室1厅,77.98平米,南,,中楼层(共18层),2008年,塔楼,353 万,45269 元,6,,,近地铁 | VR看装修,https://sz.lianjia.com/ershoufang/105115779073.html,地铁 | VR看装修,方正2房看花园，位置安静，客厅外带大阳台，满五年，距地铁口..,,二期内有旭景幼稚园。小区东南侧3千㎡底商，南侧有大族云峰商场已开业；距小区300米有两万㎡万科里。2km内有阳光湾畔、8号仓、坂田天虹等商场。1km有坂田医院。,"四通八达,小区邻布龙路坂雪岗大道两大动脉,南面1km上坂银、南坪,通达福田、南山方便；东面两个灯位上清平、水官,通达罗湖盐田惠州；北达天安和华为。600米到5号线坂田地铁口,1站换10号线到福田口岸。小区东门50m到公交站。",,,暂无数据,2024-01-05,商品房,普通住宅,暂无数据,非共有,有抵押 业主自还,挂牌时间:2024-01-05 | 交易权属:商品房 | 上次交易:暂无数据 | 房屋用途:普通住宅 | 房屋年限:暂无数据 | 产权所属:非共有 | 抵押信息:有抵押 业主自还 | 房本备件:未上传房本照片,客厅 / 22.9平米 / 南 / 普通窗 ; 卧室A / 8.84平米 / 无 / 未知窗户类型 ; 卧室B / 11.11平米 / 南 / 落地飘窗 ; 厨房 / 4.3平米 / 西 / 普通窗 ; 卫生间 / 3.6平米 / 西 / 普通窗 ; 阳台 / 4.35平米 / 南 / 普通窗 ; 门厅 / 6.83平米 / 西 / 落地窗,
10号线雅宝站，星河精装修大四房，南向视野好看银湖山,"星河银湖谷 , 坂田",5室2厅,140.49平米,南,,高楼层(共47层),2016年,板塔结合,1196 万,85131 元,2,,,VR看装修,https://sz.lianjia.com/ershoufang/105118471585.html,VR看装修,10号线雅宝站，星河精装修大四房，南向视野好看银湖山,星河银湖谷住宅小区总共7栋住宅，玻璃外观和干挂陶板立面，有园林和泳池，人车分流的规划设计，港式入户大堂，览山阅湖景视野。星河双子塔、星河生态综合体、星河雅宝山体公园和星河圣境庙堂于一体，湖光山水，共享舒适生活！,梅林关口，深圳北站商圈，片区交通不断完善，27年星河匠心集大成之作，自持运营大量物业，星河斥巨资打造航母级综合体，万亿园区产业助力持续。,出行便利，10号线雅宝站离小区200米左右。直通南坪快速，新彩隧道，坂银隧道，梅关高速，五大交通便捷到达深圳各区， 坂银遂道去往罗湖福田南山都方便。,,,暂无数据,2024-10-02,商品房,普通住宅,暂无数据,非共有,无抵押,挂牌时间:2024-10-02 | 交易权属:商品房 | 上次交易:暂无数据 | 房屋用途:普通住宅 | 房屋年限:暂无数据 | 产权所属:非共有 | 抵押信息:无抵押 | 房本备件:未上传房本照片,客厅 / 36.74平米 / 东南 / 普通窗 ; 卧室A / 8.55平米 / 东北 / 落地窗 ; 卧室B / 8.72平米 / 东北 / 落地窗 ; 卧室C / 15.24平米 / 东 / 落地窗 ; 卧室D / 11.89平米 / 无 / 未知窗户类型 ; 卧室E / 9.03平米 / 西南 / 落地窗 ; 厨房 / 9.51平米 / 西南 / 普通窗 ; 卫A / 6.52平米 / 无 / 未知窗户类型 ; 卫B / 2.52平米 / 西南 / 落地窗 ; 阳台 / 6.72平米 / 西南 东北 东南 / 普通窗 ; 过道 / 3.32平米 / 无 / 无窗,
星河银湖谷 4室2厅 西南,"星河银湖谷 , 坂田",4室2厅,89平米,西南,,中楼层(共48层),2016年,板塔结合,700 万,78652 元,6,,,近地铁 | VR看装修,https://sz.lianjia.com/ershoufang/105118551138.html,地铁 | VR看装修,,,,,,,暂无数据,2024-10-11,商品房,普通住宅,暂无数据,非共有,有抵押 100万元 业主自还,挂牌时间:2024-10-11 | 交易权属:商品房 | 上次交易:暂无数据 | 房屋用途:普通住宅 | 房屋年限:暂无数据 | 产权所属:非共有 | 抵押信息:有抵押 100万元 业主自还 | 房本备件:未上传房本照片,客厅 / 31.85平米 / 南 / 落地窗 ; 卧室A / 8.07平米 / 西南 / 落地窗 ; 卧室B / 13.03平米 / 无 / 未知窗户类型 ; 卧室C / 5.86平米 / 东南 / 落地窗 ; 卧室D / 8.19平米 / 东南 / 普通窗 ; 厨房 / 5.82平米 / 东南 / 普通窗 ; 卫A / 4.55平米 / 无 / 未知窗户类型 ; 卫B / 3.7平米 / 东北 / 普通窗 ; 过道 / 4.75平米 / 无 / 无窗,
地铁口 公园旁 精装大单间 急售,"嘉霖华禧 , 坂田",1室1厅,36.7平米,东 东南,精装,低楼层(共7层),2017年,塔楼,90 万,24524 元,7,,,近地铁 | VR房源 | 房本满五年,https://sz.lianjia.com/ershoufang/105117515587.html,地铁 | VR房源 | 房本满五年,此房地铁口，满5年，急售，精装修，拎包即可入住,小区围合式园林，共6栋楼，环境优美，绿化高，空气好，地势高，户户采光足，通风好；,,出门即是地铁十号线雪象站，步行可达，小区门口还有大型公交站台，交通便捷；,,,2016-05-13,2024-07-05,商品房,商务公寓,满五年,非共有,有抵押 70万元 建设银行 客户偿还,挂牌时间:2024-07-05 | 交易权属:商品房 | 上次交易:2016-05-13 | 房屋用途:商务公寓 | 房屋年限:满五年 | 产权所属:非共有 | 抵押信息:有抵押 70万元 建设银行 客户偿还 | 房本备件:已上传房本照片,卧室 / 22.44平米 / 西北 / 落地窗 ; 卫A / 1.24平米 / 无 / 无窗 ; 卫B / 1.46平米 / 无 / 无窗,
佳兆业一期，次新精装三房，厅出阳台，安静视野佳,"佳兆业中央广场一期 , 坂田",3室2厅,89.33平米,南,精装,中楼层(共48层),2013年,塔楼,475 万,53174 元,0,,,近地铁 | VR看装修 | 随时看房,https://sz.lianjia.com/ershoufang/105116947589.html,地铁 | VR看装修 | 随时看房,朝南三房两卫，看小区花园，精装保养好，中高楼层视野好,总共分为6期，大型社区，3个幼儿园：大型综合MALL，加270米酒店（六期项目），一期位置安静。离地铁商场最近，近天安云谷，步行即可，环境好，合适居家,新社区，人车分流，24小时保安轮流值班，社区有自己的健身广场和花园，园林式社区。依托高新技术产业园，佳兆业城市广场物业形态丰富，集住宅、酒店于一体。小区左边是天安云谷、华为总部基地，配套齐全。,项目是在坂雪岗大道和坂澜大道，沿着坂雪岗大道可以去梅林关（去关内方向）、也可以转布龙路转南坪快速和水官高速，也可以从转贝尔路再转梅关高速，上坂澜大道可以去观澜也可以去平湖。交通很方便。高速交通：梅观高速、清平高速、坂雪岗大道、南坪快速。,,,暂无数据,2024-05-10,商品房,普通住宅,暂无数据,非共有,有抵押 270万元,挂牌时间:2024-05-10 | 交易权属:商品房 | 上次交易:暂无数据 | 房屋用途:普通住宅 | 房屋年限:暂无数据 | 产权所属:非共有 | 抵押信息:有抵押 270万元 | 房本备件:未上传房本照片,客厅 / 22.05平米 / 南 / 普通窗 ; 卧室A / 9.17平米 / 无 / 未知窗户类型 ; 卧室B / 11.93平米 / 无 / 未知窗户类型 ; 卧室C / 9.48平米 / 东 / 落地窗 ; 厨房 / 5.11平米 / 东 / 落地窗 ; 卫A / 2.55平米 / 东 / 普通窗 ; 卫B / 4.13平米 / 无 / 落地窗 ; 阳台A / 5.67平米 / 东 南 / 普通窗 ; 阳台B / 4.81平米 / 东 / 落地窗 ; 过道 / 2.91平米 / 无 / 无窗,
朝南向视野无遮挡业主诚心出售看上再议价,"大族云峰二期 , 坂田",4室2厅,102.9平米,南,毛坯,30层,2021年,板塔结合,600 万,58310 元,3,,,VR看装修 | 随时看房,https://sz.lianjia.com/ershoufang/105118840326.html,VR看装修 | 随时看房,此房是大族云峰二期朝南向，原本户型是四房，毛坯原始结构,大族地产开发，大族自已的物业，小区共分二期开发，此房是二期的产品，2019发售2021年入伙，小区人车分流，车位比1：1,,,,,暂无数据,2024-11-08,商品房,普通住宅,暂无数据,非共有,有抵押 540万元 客户偿还,挂牌时间:2024-11-08 | 交易权属:商品房 | 上次交易:暂无数据 | 房屋用途:普通住宅 | 房屋年限:暂无数据 | 产权所属:非共有 | 抵押信息:有抵押 540万元 客户偿还 | 房本备件:未上传房本照片,客厅 / 27.34平米 / 南 / 普通窗 ; 卧室A / 6.02平米 / 无 / 未知窗户类型 ; 卧室B / 7.53平米 / 西 / 落地窗 ; 卧室C / 13.72平米 / 无 / 未知窗户类型 ; 卧室D / 9.69平米 / 无 / 未知窗户类型 ; 厨房 / 4.22平米 / 西 / 普通窗 ; 卫A / 4.4平米 / 北 / 普通窗 ; 卫B / 3.14平米 / 西 / 普通窗 ; 阳台A / 2.65平米 / 西 / 普通窗 ; 阳台B / 5.17平米 / 西 南 / 普通窗 ; 过道 / 2.9平米 / 无 / 无窗,
即将满五年装修保养好三房两卫好房出售,"大族云峰二期 , 坂田",3室2厅,94.29平米,东北,精装,30层,2021年,板塔结合,598 万,63422 元,3,,,VR看装修,https://sz.lianjia.com/ershoufang/105119876138.html,VR看装修,小区2017年批地，于2020交楼，次新小区，分一二期开发，此小..,小区2017年批地，于2020交楼，次新小区，分一二期开发，此小区为二期，低密度，总共4栋，每栋分两个单元，楼间距宽，无任何遮挡，停车位充足车位宽。,小区近银湖山及正坑水库，周末散心好去处；生活方便、小区一期有湾畔mall商场、3公里内有万科广场综合体、奥特莱斯8号仓、星河Cocopark、坂田天虹、佳华购物广场等，还有个手造文化街可闲暇时间去闲逛,距离小区650多米有坂田地铁站，楼下有公交站台，近坂银通道以及南坪清平梅关快速，去往福田、罗湖、南山等各区都方便！,,,暂无数据,2025-03-01,商品房,普通住宅,暂无数据,非共有,有抵押 交通银行,挂牌时间:2025-03-01 | 交易权属:商品房 | 上次交易:暂无数据 | 房屋用途:普通住宅 | 房屋年限:暂无数据 | 产权所属:非共有 | 抵押信息:有抵押 交通银行 | 房本备件:未上传房本照片,客厅 / 27.83平米 / 西北 / 落地窗 ; 卧室A / 9.7平米 / 无 / 未知窗户类型 ; 卧室B / 13.81平米 / 无 / 未知窗户类型 ; 卧室C / 6.71平米 / 西南 / 落地窗 ; 厨房 / 5.29平米 / 西南 / 普通窗 ; 卫A / 3.24平米 / 西南 / 普通窗 ; 卫B / 3平米 / 无 / 无窗 ; 阳台 / 5.5平米 / 西 / 落地窗 ; 过道 / 4.52平米 / 无 / 无窗,
电梯高层视野采光好，生活配套齐全。,"珠江旭景佳园 , 坂田",3室1厅,106.07平米,东南,简装,中楼层(共11层),2007年,塔楼,450 万,42425 元,0,,,近地铁 | VR看装修 | 随时看房,https://sz.lianjia.com/ershoufang/105121606864.html,地铁 | VR看装修 | 随时看房,电梯高层视野采光好，j近地铁，万科，商场，公园等生活配套齐.,小区分3期开发，近1500户，地铁口物业，紧靠银湖山和坂银隧道，地理位置优越，进出关内外方便。小区房价处于区域谷值，同区域二手房对比有很大的优势。所以有很多关内的客户在此小区置业。生活配套成熟，是刚需值得购买的小区。,小区内有旭景幼稚园。小区东南侧3千㎡底商，南侧有大族云峰商场已开业；距小区300米有两万㎡万科里。2km内有阳光湾畔、8号仓、坂田天虹、万科广场等商场。1km有坂田医院。,"四通八达,小区邻布龙路坂雪岗大道两大动脉,南面1km上坂银南坪,通达福田南山方便；东面两个灯位上清平水官,通达罗湖盐田惠州；西侧2km上G94,1h到宝安东莞广州；北达天安和华为。250米到5号线坂田地铁口,1站换10号线到福田口岸。小区东门150m到公交站。",,,暂无数据,2025-07-29,商品房,普通住宅,暂无数据,非共有,无抵押,挂牌时间:2025-07-29 | 交易权属:商品房 | 上次交易:暂无数据 | 房屋用途:普通住宅 | 房屋年限:暂无数据 | 产权所属:非共有 | 抵押信息:无抵押 | 房本备件:未上传房本照片,客厅 / 32.47平米 / 东南 / 普通窗 ; 卧室A / 13.53平米 / 东南 / 落地飘窗 ; 卧室B / 8.43平米 / 无 / 未知窗户类型 ; 卧室C / 6.73平米 / 西北 / 落地飘窗 ; 厨房 / 5.71平米 / 西北 / 普通窗 ; 卫 / 3.81平米 / 西北 / 普通窗 ; 阳台A / 4.94平米 / 西南 东北 东南 / 普通窗 ; 阳台B / 2.32平米 / 西南 西北 东北 / 普通窗,
中间层，视野无遮挡采光好，满五税少，户型方正,"信义嘉御山 , 坂田",2室2厅,71.81平米,西北,精装,中楼层(共33层),2013年,板塔结合,399 万,55564 元,1,,,近地铁 | VR看装修,https://sz.lianjia.com/ershoufang/105121117053.html,地铁 | VR看装修,中间层，满五年，交易税费少，户型方正，采光好，诚心卖,信义嘉御豪园分三期开发，占地近100000平米，建面400000平，共3008户。2013-2015年底交房，小区内有泳池，配套有公里龙岗机关幼儿园，户型多样，66平-77平，方正通透的两房；83-88平，朝南或南北的三房户型；85平 复式 四房三卫；117-217平 改善大户型。,信义嘉御山是坂田新的大社区的，小区一共有8期，目前1-5期已经交房入住，坂田双地铁口的大盘，一期楼下有天虹商场，有星巴克，KFC，面点王，健身会所，SAP等配套成熟，还开了佳华商场MAX.CITY有海底捞，探鱼等餐饮名店 各大银行围绕小区、旁边有大企华为,,,,暂无数据,2025-06-17,商品房,普通住宅,暂无数据,非共有,无抵押,挂牌时间:2025-06-17 | 交易权属:商品房 | 上次交易:暂无数据 | 房屋用途:普通住宅 | 房屋年限:暂无数据 | 产权所属:非共有 | 抵押信息:无抵押 | 房本备件:未上传房本照片,客厅 / 25.46平米 / 北 / 落地窗 ; 卧室A / 8.92平米 / 北 / 普通窗 ; 卧室B / 15.35平米 / 北 / 落地窗 ; 厨房 / 4.5平米 / 无 / 未知窗户类型 ; 卫 / 4.56平米 / 北 / 落地窗 ; 阳台 / 6.77平米 / 北 / 普通窗 ; 过道 / 2.92平米 / 无 / 无窗,
业主诚心出售，满五唯一，南北通透，户型入户带平台,"信义嘉御山5期 , 坂田",4室2厅,88.06平米,西南 东北,精装,高楼层(共39层),2016年,塔楼,680 万,77221 元,0,,,VR看装修,https://sz.lianjia.com/ershoufang/105121007469.html,VR看装修,房子是满五唯一税费少的南北通透的格局高楼层景观视野好，,小区介绍:本小区是16年开盘，17年精装交楼，人车分流动静分离，目前车位能满足一家一车的需求，无需排队办理车位。小区的住户大部分都是华为或者福田上班人群。楼龄新，住户年轻。楼下的底商已全部开业基本满足日常生活需求。,小区下面自带底层店铺，开发商自持，目前已全部进驻，包括中西式餐饮、教育培训、婴幼儿用品，便利店及坂田天虹旗舰店，生活方便，小区内有幼儿园，家门口尽享优质生活，小区南侧是MIX City7层楼综合商心街区，有百佳华chao市，海底捞，麦当劳，星巴克等.,开车出行:小区出来贝尔路可快速上G94梅关高速，坂雪岗大道上坂银通道直通福田南山。地铁出行:10号线坂田北站，10号线5号线中转站五和站。公交出行:里石排站，坂田市场站，坂田路口站，坂田路口北站,,,2016-09-10,2025-06-08,商品房,普通住宅,未满两年,非共有,有抵押 400万元 银行 客户偿还,挂牌时间:2025-06-08 | 交易权属:商品房 | 上次交易:2016-09-10 | 房屋用途:普通住宅 | 房屋年限:未满两年 | 产权所属:非共有 | 抵押信息:有抵押 400万元 银行 客户偿还 | 房本备件:已上传房本照片,客厅 / 24.71平米 / 北 / 落地窗 ; 卧室A / 8.11平米 / 北 / 普通窗 ; 卧室B / 9.84平米 / 无 / 未知窗户类型 ; 卧室C / 12.26平米 / 无 / 未知窗户类型 ; 卧室D / 7.89平米 / 北 / 普通窗 ; 厨房 / 5.25平米 / 无 / 未知窗户类型 ; 卫A / 4.46平米 / 无 / 未知窗户类型 ; 卫B / 4.53平米 / 无 / 未知窗户类型 ; 阳台A / 4.06平米 / 北 / 普通窗 ; 阳台B / 1.99平米 / 北 / 普通窗 ; 过道 / 3.25平米 / 无 / 无窗 ; 门厅 / 3.71平米 / 无 / 无窗,
电梯两房，高楼层，南北向。税费少，采光通风好,"万科四季花城二期 , 坂田",2室1厅,64.62平米,南 北,,9层,2000年,板楼,380 万,58806 元,0,,,VR房源,https://sz.lianjia.com/ershoufang/105120882131.html,VR房源,带电梯，楼层好。视野开阔。税费少。户型方正,小区由万科地产集团开发，一共有36个独立苑，共分七期开发，花园式小区，绿化植被很多，带露天3个游泳池和健身会所及相应运动器械供住户健身，社区运动氛围棒；万科物业24小时严格管控，夜间有保安巡逻，外人基本无法随意出入，人车分流，充分保...,（小区内有博雅幼儿园、海丽达幼儿园等，商场类有华润万家，五和购物广场、海达和成购物广场、坂田民营市场等。医疗类有深圳坂田医院、万科大型商场，银行为招商银行、中国银行、民生银行自助机及平安银行等，各式卖菜...,房距离地铁5号线和10号线A口和200米，交通发达，小区旁边有布龙路、梅观高速、机荷高速、南坪快速等，乘坐公交或驾车出行到福田、罗湖、南山等地较方便（距离面有公立书包六年级。初中是科技城外国语。成绩都很好，坐地铁一站到达信息来源于百度地图）,业主深圳只有一套房，没有个税，满五年，没有增值税。房产证在手。没有欠款,,暂无数据,2025-05-28,商品房,普通住宅,暂无数据,非共有,无抵押,挂牌时间:2025-05-28 | 交易权属:商品房 | 上次交易:暂无数据 | 房屋用途:普通住宅 | 房屋年限:暂无数据 | 产权所属:非共有 | 抵押信息:无抵押 | 房本备件:未上传房本照片,客厅 / 20.09平米 / 北 / 普通窗 ; 卧室A / 9.15平米 / 无 / 未知窗户类型 ; 卧室B / 7.75平米 / 南 / 落地窗 ; 厨房 / 4.6平米 / 北 / 普通窗 ; 卫 / 3.83平米 / 南 / 普通窗 ; 阳台 / 3.69平米 / 西 北 东 / 普通窗,
业主自住采光好位置安静视野开阔,"佳兆业中央广场三期 , 坂田",4室2厅,83.47平米,南,精装,45层,2016年,塔楼,408 万,48880 元,3,,,近地铁 | VR看装修 | 房本满五年,https://sz.lianjia.com/ershoufang/105120500504.html,地铁 | VR看装修 | 房本满五年,业主自住采光好格局配套设施齐全交通便利,小区规划大型雪象体育公园，三十万商 业综合MALL，270米层高五星国际酒店，百度测量1公 里范围内雪象医院、肖传国医院，地铁10号线雪象、岗头双地铁口，坂银隧道去福田南山交通便捷,新社区，人车分流，24小时保安轮流值班，社区有自己的健身广场和花园，园林式社区。占地约300000平，建面约1800000平米，依托高新技术产业园，佳兆业城市广场物业形态丰富，集住宅、酒店于一体。小区左边是天安云谷、华为总部,地铁十号线雪象站A出口，沿着坂雪岗大道可以去梅林关（去关内方向）、也可以转布龙路转南坪快速和水官高速，也可以从转贝尔路再转梅关高速，上坂澜大道可以去观澜也可以去平湖。交通很方便。高速交通：梅观高速、清平高速、坂雪岗大道、南坪快速。,,,2018-11-02,2025-04-23,商品房,普通住宅,满五年,非共有,有抵押 300万元,挂牌时间:2025-04-23 | 交易权属:商品房 | 上次交易:2018-11-02 | 房屋用途:普通住宅 | 房屋年限:满五年 | 产权所属:非共有 | 抵押信息:有抵押 300万元 | 房本备件:已上传房本照片,客厅 / 23.4平米 / 北 / 普通窗 ; 卧室A / 6.94平米 / 无 / 未知窗户类型 ; 卧室B / 8.29平米 / 北 / 落地窗 ; 卧室C / 8.97平米 / 北 / 落地窗 ; 卧室D / 7.01平米 / 北 / 落地窗 ; 厨房 / 7.51平米 / 北 / 普通窗 ; 卫 / 2.84平米 / 北 / 普通窗 ; 阳台A / 4.99平米 / 北 / 普通窗 ; 阳台B / 3.35平米 / 北 / 普通窗 ; 过道 / 5.82平米 / 无 / 无窗,
坂田2021年电梯正南3房，户型方正，保养好！,"华晖瑞禧 , 坂田",3室2厅,101.86平米,南,精装,低楼层(共41层),2020年,塔楼,530 万,52033 元,1,,,近地铁 | VR房源,https://sz.lianjia.com/ershoufang/105118784062.html,地铁 | VR房源,精装修，电梯，南向，户型方正，次新房，交通出行方便。,2021年次新小区，小区位于银湖山1公里处，距鸡公山隧道1.5公里，方便到达罗湖，福田，南山。自带幼儿园，充足停车位，楼下买生活所需也方便。,享受 15 年一站式，首先项目自带一所 9 班约 3000 ㎡幼儿园，同时在项目西北约 500 米处有一所 9 年一贯制的公立——坂田实验（30 班小、15 班中）。另外，项目南面为规划教育用地，3 公里范围内还有一所全国唯一的科学高中。,两横四纵”成熟交通路网体系（两横：布龙路、南坪快速；四纵：五和大道、坂雪岗大道、梅观高速、清平高速）；邻近地铁5号线坂田站； 地处鸡公山通道首排，约一刻钟直达福田区，建立起快速通达全城的半小时生活圈。,,,暂无数据,2024-11-02,商品房,普通住宅,暂无数据,非共有,无抵押,挂牌时间:2024-11-02 | 交易权属:商品房 | 上次交易:暂无数据 | 房屋用途:普通住宅 | 房屋年限:暂无数据 | 产权所属:非共有 | 抵押信息:无抵押 | 房本备件:未上传房本照片,客厅 / 25.34平米 / 南 / 普通窗 ; 卧室A / 6.75平米 / 西 / 普通窗 ; 卧室B / 12.26平米 / 南 / 落地窗 ; 卧室C / 9.6平米 / 无 / 未知窗户类型 ; 厨房 / 6.1平米 / 无 / 未知窗户类型 ; 卫A / 3.83平米 / 无 / 未知窗户类型 ; 卫B / 3.67平米 / 北 / 普通窗 ; 阳台 / 3.7平米 / 南 / 普通窗 ; 过道 / 4平米 / 无 / 无窗,
新上房源南向三房加一房看花园诚心出售,"佳兆业中央广场三期 , 坂田",4室2厅,88.87平米,南,简装,45层,2016年,塔楼,458 万,51536 元,4,,,近地铁 | VR看装修 | 随时看房,https://sz.lianjia.com/ershoufang/105116389624.html,地铁 | VR看装修 | 随时看房,使用率高 高楼层南向三房加一房  采光通风好,新社区，人车分流，24小时保安轮流值班，社区有自己的健身广场和花园，园林式社区。占地约300000平，建面约1800000平米，依托高新技术产业园，佳兆业城市广场物业形态丰富，集住宅、酒店于一体。,小区规划大型雪象体育公园，三十万商 业综合MALL，270米层高五星国际酒店，百度测量1公 里范围内雪象医院、肖传国医院，地铁10号线雪象、岗头双地铁口，坂银隧道去福田南山交通便捷。,地铁十号线雪象站A出口，沿着坂雪岗大道可以去梅林关（去关内方向）、也可以转布龙路转南坪快速和水官高速，也可以从转贝尔路再转梅关高速，上坂澜大道可以去观澜也可以去平湖。交通很方便。高速交通：梅观高速、清平高速、坂雪岗大道、南坪快速,,,暂无数据,2024-03-17,商品房,普通住宅,暂无数据,非共有,有抵押 260万元,挂牌时间:2024-03-17 | 交易权属:商品房 | 上次交易:暂无数据 | 房屋用途:普通住宅 | 房屋年限:暂无数据 | 产权所属:非共有 | 抵押信息:有抵押 260万元 | 房本备件:未上传房本照片,客厅 / 22.94平米 / 南 / 落地窗 ; 卧室A / 9.22平米 / 南 / 普通窗 ; 卧室B / 11平米 / 无 / 未知窗户类型 ; 卧室C / 8.52平米 / 无 / 未知窗户类型 ; 厨房 / 7.93平米 / 东 / 普通窗 ; 卫A / 3.82平米 / 东 / 普通窗 ; 卫B / 3.56平米 / 无 / 普通窗 ; 阳台A / 5.19平米 / 西 南 / 普通窗 ; 阳台B / 5.9平米 / 东 / 普通窗 ; 储物间 / 3.33平米 / 无 / 无窗 ; 过道 / 4.96平米 / 无 / 无窗,
视野好 无遮挡 业主诚心出售 南向五房,"星河银湖谷 , 坂田",5室2厅,140平米,南,,低楼层(共49层),2016年,板塔结合,1199 万,85643 元,0,,,VR看装修,https://sz.lianjia.com/ershoufang/105118822698.html,VR看装修,房子满五年，户型格局好，远看银湖山，视野开阔，采光充足,小区是星河开发，环境好，位置也不错，配套设置很全，能满足生活教育交通一切需求，而且近，地铁10号线200米距离,,,,,暂无数据,2024-11-06,商品房,普通住宅,暂无数据,非共有,无抵押,挂牌时间:2024-11-06 | 交易权属:商品房 | 上次交易:暂无数据 | 房屋用途:普通住宅 | 房屋年限:暂无数据 | 产权所属:非共有 | 抵押信息:无抵押 | 房本备件:未上传房本照片,客厅 / 48.55平米 / 西 南 / 普通窗 ; 卧室A / 8.55平米 / 东 / 落地窗 ; 卧室B / 8.5平米 / 东 / 落地窗 ; 卧室C / 15.26平米 / 东 南 / 落地窗 ; 卧室D / 11.69平米 / 无 / 未知窗户类型 ; 卧室E / 9.02平米 / 西 / 落地窗 ; 卫A / 6.24平米 / 无 / 未知窗户类型 ; 卫B / 4.08平米 / 西 / 落地窗 ; 阳台 / 6.17平米 / 西 东 南 / 普通窗,
嘉御山5期自住高楼层精装4房 保养好,"信义嘉御山5期 , 坂田",4室1厅,88.55平米,东南,精装,高楼层(共39层),2016年,塔楼,640 万,72276 元,2,,,VR看装修 | 房本满五年,https://sz.lianjia.com/ershoufang/105118742446.html,VR看装修 | 房本满五年,此房满5年唯一住宅 自己住 保养好 业主换房诚心卖,,开车出行：小区出来贝尔路可快速上G94梅关高速，坂雪岗大道上坂银通道、南坪快速，直通福田南山。 地铁出行：10号线坂田北站，10号线5号线中转站五和站。 公交出行：里石排站，坂田市场站，坂田路口站，坂田路口北站等,,,,2018-07-17,2024-10-29,商品房,普通住宅,满五年,非共有,有抵押 470万元 客户偿还,挂牌时间:2024-10-29 | 交易权属:商品房 | 上次交易:2018-07-17 | 房屋用途:普通住宅 | 房屋年限:满五年 | 产权所属:非共有 | 抵押信息:有抵押 470万元 客户偿还 | 房本备件:已上传房本照片,客厅 / 27.1平米 / 无 / 未知窗户类型 ; 卧室A / 9.59平米 / 北 / 普通窗 ; 卧室B / 5.8平米 / 西 北 / 普通窗 ; 卧室C / 12.99平米 / 无 / 未知窗户类型 ; 卧室D / 9.5平米 / 无 / 未知窗户类型 ; 厨房 / 4.21平米 / 北 / 普通窗 ; 卫A / 3.64平米 / 无 / 普通窗 ; 卫B / 4.32平米 / 北 / 落地窗 ; 阳台A / 1.95平米 / 北 / 普通窗 ; 阳台B / 4.12平米 / 北 东 / 普通窗 ; 过道 / 3.09平米 / 无 / 无窗,
坂田佳兆业悦峰安静三房，装修保养好,"佳兆业悦峰 , 坂田",3室1厅,83.99平米,北,精装,低楼层(共17层),2013年,板塔结合,588 万,70009 元,2,,,近地铁 | VR看装修,https://sz.lianjia.com/ershoufang/105118803212.html,地铁 | VR看装修,悦峰精装看小区园林，安静视野好，看房方便,小区自带泳池，篮球场，羽毛球场及锻炼器材小广场。楼下有华润万家社区店，钱大妈，南北药行，优口果鲜，理发美容，悦峰社康等满足业主的日常需求。步行700米可至杨美美食街，有各类美食，鑫华盛百货，美家福百货等。距离深圳坂田医院2500米,,有地铁5号线杨美站C出口900米（参考高德地图），4站抵深圳北站深圳东站，西至赤湾东至黄贝岭。或步行400米至宏扬公交站也有多条公交路线可达深圳各区域。衔接各大高速快速，3公里内直上布龙路、清平高速、水官高速，南坪快速、梅观高速、坂银通道等,,,暂无数据,2024-11-04,商品房,普通住宅,暂无数据,非共有,有抵押,挂牌时间:2024-11-04 | 交易权属:商品房 | 上次交易:暂无数据 | 房屋用途:普通住宅 | 房屋年限:暂无数据 | 产权所属:非共有 | 抵押信息:有抵押 | 房本备件:未上传房本照片,客厅 / 22.96平米 / 西 北 东 / 落地窗 ; 餐厅 / 11.83平米 / 南 / 落地窗 ; 卧室A / 10.25平米 / 北 / 普通窗 ; 卧室B / 12.86平米 / 北 / 落地窗 ; 卧室C / 6.03平米 / 南 / 落地窗 ; 厨房 / 4.85平米 / 无 / 普通窗 ; 卫A / 4.75平米 / 北 / 落地窗 ; 卫B / 4.15平米 / 南 / 落地窗 ; 阳台A / 3.14平米 / 西 北 / 普通窗 ; 阳台B / 2平米 / 西 / 普通窗 ; 衣帽间 / 2.82平米 / 南 / 普通窗,
佳兆业三期一楼复式5房，精装修，随时可看，满五年,"佳兆业中央广场三期 , 坂田",5室2厅,164.23平米,南,精装,46层,2016年,塔楼,920 万,56019 元,4,,,近地铁 | VR房源 | 随时看房,https://sz.lianjia.com/ershoufang/105119073304.html,地铁 | VR房源 | 随时看房,三期一楼复式5房，精装修，朝南向，得房率高，采光不影响,小区总共分为6期10000户的大盘，总占地约300000平，全部项目总建面约1800000平米。3个幼儿园：150000平米综合MALL，加270米万豪酒店（六期项目），二期的地理位置在其他几期的中间位置，分别被一期、三期、五期环抱，位置安静,次新社区，人车分流，24小时保安轮流值班，社区有自己的健身广场和花园，园林式社区。占地约300000平，建面约1800000平米，依托高新技术产业园，佳兆业城市广场物业形态丰富，集住宅、酒店于一体。旁边就是天安云谷、华为总部,项目是挨着坂雪岗大道和坂澜大道，沿着坂雪岗大道可以去梅林关（去关内方向）、也可以转布龙路转南坪快速和水官高速，也可以从转贝尔路再转梅关高速，上坂澜大道可以去观澜也可以去平湖。交通很方便。地铁十号线，岗头站和雪象站，双地铁口,,,暂无数据,2024-12-01,商品房,普通住宅,暂无数据,非共有,有抵押 900万元,挂牌时间:2024-12-01 | 交易权属:商品房 | 上次交易:暂无数据 | 房屋用途:普通住宅 | 房屋年限:暂无数据 | 产权所属:非共有 | 抵押信息:有抵押 900万元 | 房本备件:未上传房本照片,,
视野开阔 满五年 唯一 有可谈空间，诚心卖,"星河银湖谷 , 坂田",4室1厅,87.73平米,东北,,中楼层(共48层),2016年,板塔结合,648 万,73863 元,2,,,近地铁 | VR看装修,https://sz.lianjia.com/ershoufang/105118683697.html,地铁 | VR看装修,满五年 唯一，一手业主，纯毛坯，无遮挡。,星河银湖谷住宅小区共7栋，玻璃外观和干挂陶板立面，有园林和泳池，人车分流的规划设计，港式入户大堂，览山阅湖景视野。星河双子塔、星河生态综合体、星河雅宝山体公园和星河圣境庙堂于一体，湖光山水，共享舒适生活！,,出行便利，10号线雅宝站离小区200米左右。直通南坪快速，新彩隧道，坂银隧道，梅关高速，五大交通便捷到到达深圳各区， 坂银遂道去往罗湖福田南山都方便,,,暂无数据,2024-10-23,商品房,普通住宅,暂无数据,非共有,有抵押,挂牌时间:2024-10-23 | 交易权属:商品房 | 上次交易:暂无数据 | 房屋用途:普通住宅 | 房屋年限:暂无数据 | 产权所属:非共有 | 抵押信息:有抵押 | 房本备件:未上传房本照片,客厅 / 25.43平米 / 东北 / 普通窗 ; 卧室A / 15.16平米 / 无 / 未知窗户类型 ; 卧室B / 5.37平米 / 西北 / 落地窗 ; 卧室C / 7.24平米 / 东北 / 落地窗 ; 卧室D / 7.26平米 / 东北 / 落地窗 ; 厨房 / 4.53平米 / 西北 / 普通窗 ; 卫A / 3.95平米 / 西南 / 普通窗 ; 卫B / 4.39平米 / 西南 / 落地窗 ; 阳台A / 2.19平米 / 西南 / 普通窗 ; 阳台B / 4.29平米 / 西北 东北 东南 / 普通窗 ; 过道 / 2.95平米 / 无 / 无窗,
实拍小区安静位置 3加1户型 诚心出售 随时看房！,"中海月朗苑 , 坂田",3室2厅,101.95平米,北,精装,中楼层(共18层),2006年,板塔结合,488 万,47867 元,5,,,近地铁 | VR看装修,https://sz.lianjia.com/ershoufang/105119404829.html,地铁 | VR看装修,此房今年满2年，唯一，没有增值税，交易成交本低！,中海月朗苑项目位于深圳市龙岗区布吉坂田南，距梅林关口约4公里，距坂银隧道1.9公里（来自百度地图），上南坪快速很便捷，用地基本为矩形，住宅楼型为多层，小高层，高层相结合，拥有近20000平方米的花园，小区完全人车分流，展现一种宽适、自然、休闲生活。,,小区东边坂雪岗大道接南坪快速、西边五和大道接梅观高速，近坂银隧道口，直通福田笋岗路与北环大道；近地铁10号线南坑站及光雅园站，直线距离约700米，交通便利。,,,2023-03-22,2025-01-05,商品房,普通住宅,暂无数据,非共有,有抵押 金融公司垫资,挂牌时间:2025-01-05 | 交易权属:商品房 | 上次交易:2023-03-22 | 房屋用途:普通住宅 | 房屋年限:暂无数据 | 产权所属:非共有 | 抵押信息:有抵押 金融公司垫资 | 房本备件:已上传房本照片,客厅 / 29.31平米 / 无 / 未知窗户类型 ; 餐厅 / 20.79平米 / 东 / 落地窗 ; 卧室A / 8.36平米 / 东 / 落地窗 ; 卧室B / 12.83平米 / 北 / 普通窗 ; 卧室C / 10.29平米 / 北 / 落地窗 ; 厨房 / 5.38平米 / 无 / 普通窗 ; 卫A / 5.07平米 / 无 / 未知窗户类型 ; 卫B / 2.81平米 / 西 / 普通窗 ; 阳台A / 4.21平米 / 西 北 东 / 普通窗 ; 阳台B / 3.94平米 / 西 / 普通窗,
嘉御山南向三房，精装修，正出阳台，看花园，安静,"信义嘉御山 , 坂田",3室2厅,89.61平米,东南,精装,低楼层(共33层),2013年,板塔结合,570 万,63609 元,9,,,近地铁 | VR看装修 | 房本满五年,https://sz.lianjia.com/ershoufang/105108953278.html,地铁 | VR看装修 | 房本满五年,此房东南朝向，正出阳台，通风好；看小区花园，视野好，安静；,信义嘉御豪园分三期开发，共3008户。2013-2015年底交房，小区内有泳池，配套有公里龙岗机关幼儿园，户型多样，66平-77平，方正通透的两房；83-88平，朝南或南北的三房户型；85平 复式 四房三卫；117-217平 改善大户型。,信义嘉御山是坂田新的大社区，小区一共有七期，目前1-5期已经交房入住，坂田双地铁口的大盘，一期楼下有天虹商场，有星巴克，KFC，面点王，健身会所，SAP等配套成熟，还开了佳华商场MAX.CITY有海底捞，探鱼等餐饮名店 各大银行围绕小区、旁边有大企业华为..,,,,2013-01-23,2021-10-08,商品房,普通住宅,满五年,非共有,有抵押 70万元 交通银行 业主自还,挂牌时间:2021-10-08 | 交易权属:商品房 | 上次交易:2013-01-23 | 房屋用途:普通住宅 | 房屋年限:满五年 | 产权所属:非共有 | 抵押信息:有抵押 70万元 交通银行 业主自还 | 房本备件:已上传房本照片,客厅 / 30.66平米 / 无 / 未知窗户类型 ; 卧室A / 8.23平米 / 东 / 普通窗 ; 卧室B / 15.09平米 / 无 / 未知窗户类型 ; 卧室C / 9.29平米 / 无 / 未知窗户类型 ; 厨房 / 5.79平米 / 无 / 未知窗户类型 ; 卫生间 / 4.38平米 / 北 / 普通窗 ; 阳台 / 4.47平米 / 东 南 / 普通窗,
满五唯一，配套全，安静大2房，嘉御山近三地铁,"信义嘉御山 , 坂田",2室2厅,70.75平米,东南,精装,低楼层(共33层),2015年,板塔结合,428 万,60495 元,6,,,近地铁 | VR看装修 | 房本满五年,https://sz.lianjia.com/ershoufang/105117471480.html,,,,,,,,,,,,,,,,,failed: Failed to fetch detail page after 3 attempts: https://sz.lianjia.com/ershoufang/105117471480.html
坂田地铁口电梯100平大3房，业主自住保养好，满五年,"绿怡居 , 坂田",3室2厅,100.7平米,南,精装,中楼层(共23层),2003年,板塔结合,430 万,42702 元,6,,,近地铁 | VR房源 | 房本满五年,https://sz.lianjia.com/ershoufang/105115326755.html,地铁 | VR房源 | 房本满五年,正地铁口，满五年，有电梯，自住保养好买来直接住,富豪花园双地铁口，5号线环中线坂田站和10号线五和站，地理位置优越，出行方便，一直以来关注度比较高，小区户型方正朝向好主要价格低，深受刚需客户喜欢，环境绿化也不错。,小区位于龙岗区布吉镇坂田长坑地段布龙公路168号，北侧有万科商写综合体在建。300米旭景二期内有旭景幼稚园。700米有大族云峰商场；距小区300米有两万㎡万科里。2km内有阳光湾畔、8号仓、坂田天虹等商场。1km有坂田医院。,"交通四通八达,小区在布龙路坂雪岗大道两大动脉交汇西南侧,南面1km上坂银南坪,通达福田南山方便；东面两个灯位上清平水官,通达罗湖盐田惠州；西侧2km上G94,通达宝安东莞广州；北达天安和华为。北门即5号线坂田地铁口,1站换10号线到福田口岸,东门即公交站。",,,2009-07-16,2023-11-14,商品房,普通住宅,满五年,非共有,有抵押 380万元 兴业银行,挂牌时间:2023-11-14 | 交易权属:商品房 | 上次交易:2009-07-16 | 房屋用途:普通住宅 | 房屋年限:满五年 | 产权所属:非共有 | 抵押信息:有抵押 380万元 兴业银行 | 房本备件:已上传房本照片,客厅 / 27.62平米 / 西 / 普通窗 ; 卧室A / 8.49平米 / 南 / 普通窗 ; 卧室B / 12.16平米 / 南 / 普通窗 ; 卧室C / 8.58平米 / 南 / 普通窗 ; 厨房 / 3.59平米 / 西 / 普通窗 ; 卫A / 2.74平米 / 东 / 普通窗 ; 卫B / 3.69平米 / 无 / 无窗 ; 阳台A / 4.59平米 / 西 南 / 普通窗 ; 阳台B / 4.66平米 / 东 南 / 普通窗,
满五年顶楼，出行无忧，南向宜居，楼下即地铁,"家和花园北区 , 坂田",3室1厅,73.87平米,北,,高楼层(共6层),2004年,板楼,330 万,44674 元,1,,,近地铁 | VR看装修,https://sz.lianjia.com/ershoufang/105114997881.html,地铁 | VR看装修,房子满五年，楼下地铁口，南向，房间大小适中出行便利,家和花园分南北区，南区1-6栋，北区7-8栋，均为6层楼梯房，实用率高达95%，小区门口就是10号线地铁站南坑站，出行方便,,房子门口就是10号线南坑站，门口的五和大道直通福田和北站，门口有公交车站，车次选择多。,,,暂无数据,2023-10-08,商品房,普通住宅,暂无数据,非共有,有抵押,挂牌时间:2023-10-08 | 交易权属:商品房 | 上次交易:暂无数据 | 房屋用途:普通住宅 | 房屋年限:暂无数据 | 产权所属:非共有 | 抵押信息:有抵押 | 房本备件:未上传房本照片,客厅 / 24.1平米 / 北 / 普通窗 ; 卧室A / 8.66平米 / 无 / 未知窗户类型 ; 卧室B / 9.38平米 / 无 / 未知窗户类型 ; 卧室C / 5.54平米 / 东 / 普通窗 ; 厨房 / 4.26平米 / 南 / 普通窗 ; 卫生间 / 4.01平米 / 南 / 普通窗 ; 阳台 / 4.47平米 / 北 东 / 普通窗 ; 过道 / 3.5平米 / 无 / 无窗,
嘉御山，南北通透五房，看花园，满五唯一，诚意出售,"佳兆业中央广场一期 , 坂田",5室2厅,151.91平米,南 北,精装,中楼层(共49层),2013年,塔楼,900 万,59246 元,0,,,近地铁 | VR房源,https://sz.lianjia.com/ershoufang/105115079239.html,地铁 | VR房源,满五年唯一，南北通透，看花园，正出阳台，位置安静，诚心出售,全新社区，人车分流，24小时保安轮流值班，小区内有自己的健身广场和花园，园林式社区，自带2000平米大泳池，，依托高新技术产业园，佳兆业城市广场物业形态丰富，集住宅、酒店于一体，旁边就是天安云谷、华为总部。,新社区，人车分流，24小时保安轮流值班，社区有自己的健身广场和花园，园林式社区。占地约300000平，建面约1800000平米，依托高新技术产业园，佳兆业城市广场物业形态丰富，集住宅、酒店于一体。小区左边是天安云谷、华为总部,地铁十号线雪象站A出口，沿着坂雪岗大道可以去梅林关（去关内方向）、也可以转布龙路转南坪快速和水官高速，也可以从转贝尔路再转梅关高速，上坂澜大道可以去观澜也可以去平湖。交通很方便。高速交通：梅观高速、清平高速、坂雪岗大道、南坪快速。,,,暂无数据,2023-10-17,商品房,普通住宅,暂无数据,非共有,有抵押 600万元 浙商银行 金融公司垫资,挂牌时间:2023-10-17 | 交易权属:商品房 | 上次交易:暂无数据 | 房屋用途:普通住宅 | 房屋年限:暂无数据 | 产权所属:非共有 | 抵押信息:有抵押 600万元 浙商银行 金融公司垫资 | 房本备件:未上传房本照片,客厅 / 28.84平米 / 东南 / 普通窗 ; 卧室A / 11.99平米 / 无 / 未知窗户类型 ; 卧室B / 11.18平米 / 无 / 未知窗户类型 ; 卧室C / 14.13平米 / 无 / 未知窗户类型 ; 卧室D / 12.87平米 / 无 / 未知窗户类型 ; 卧室E / 14.28平米 / 无 / 未知窗户类型 ; 厨房 / 8.52平米 / 西北 / 落地窗 ; 卫生间A / 6.84平米 / 东北 / 普通窗 ; 卫生间B / 5.34平米 / 无 / 未知窗户类型 ; 阳台A / 7.62平米 / 西南 东北 东南 / 普通窗 ; 过道 / 9.3平米 / 无 / 无窗 ; 门厅 / 10.79平米 / 东南 / 落地窗,
首付5成买来随时可以出租或者自己都是可以的,"佳兆业城市广场五期 , 坂田",3室2厅,85.63平米,南,,高楼层(共39层),2019年,塔楼,195 万,22773 元,0,,,近地铁,https://sz.lianjia.com/ershoufang/105119096535.html,地铁,高楼层视野开阔，有稳定租约 诚意出售,新社区人车分流，24小时保安轮流值班社区有自己的健身广场和花园园林式社区依托高新技术产业园佳兆业城市广场物业形态丰富集酒店于一体隔壁就是天安云谷华为总部,,项目在坂雪岗大道和坂澜大道处，沿着坂雪岗大道可以去梅林关（去关内方向）、也可以转布龙路转南坪快速和水官高速，也可以从转贝尔路再转梅关高速，上坂澜大道可以去观澜也可以去平湖。交通很方便。高速交通：梅观高速、清平高速、坂雪岗大道、南坪快。,,,暂无数据,2024-12-03,商品房,商业办公类,暂无数据,非共有,有抵押 150万元 客户偿还,挂牌时间:2024-12-03 | 交易权属:商品房 | 上次交易:暂无数据 | 房屋用途:商业办公类 | 房屋年限:暂无数据 | 产权所属:非共有 | 抵押信息:有抵押 150万元 客户偿还 | 房本备件:未上传房本照片,客厅 / 20.78平米 / 无 / 无窗 ; 卧室A / 6.57平米 / 无 / 无窗 ; 卧室B / 8.26平米 / 无 / 未知窗户类型 ; 卧室C / 7.35平米 / 无 / 未知窗户类型 ; 卫 / 4.99平米 / 无 / 无窗,
电梯大4房红本满五年唯一精装位置好 无遮挡全屋风景,"万科四季花城二期 , 坂田",4室2厅,117.3平米,南,精装,9层,2000年,板楼,605 万,51578 元,0,,,近地铁 | VR看装修,https://sz.lianjia.com/ershoufang/105117296551.html,地铁 | VR看装修,电梯大4房红本满五年唯一精装租客住位置好 无遮挡全屋风景,小区由万科地产集团开发，一共有36个独立苑，共分七期开发，花园式小区，绿化植被很多，带露天游泳池和健身会所及相应运动器械供住户健身，社区运动氛围棒；万科物业24小时严格管控，夜间有保安巡逻，外人基本无法随意出入，人车分流，充分保护行人安全。,小区内有博雅、曼京、海丽达幼儿园等，商场类有华润万家，海达和成购物广场、阳光湾畔，8号仓奥特莱斯等。医疗类有深圳坂田医院、布吉医院花城社康医院（小区内）；网球场，篮球场，健身会所等！,此房距离地铁5号线和10号线A口和200米，交通发达，小区旁边有布龙路、梅观高速、机荷高速、南坪快速等，乘坐公交或驾车出行到福田、罗湖、南山等地较方便（距离信息来源于百度地图）,,,暂无数据,2024-06-15,商品房,普通住宅,暂无数据,非共有,无抵押,挂牌时间:2024-06-15 | 交易权属:商品房 | 上次交易:暂无数据 | 房屋用途:普通住宅 | 房屋年限:暂无数据 | 产权所属:非共有 | 抵押信息:无抵押 | 房本备件:未上传房本照片,客厅 / 33.75平米 / 北 南 / 普通窗 ; 卧室A / 9.37平米 / 无 / 未知窗户类型 ; 卧室B / 10.07平米 / 无 / 未知窗户类型 ; 厨房 / 6.19平米 / 南 / 普通窗 ; 卫 / 2.85平米 / 东 / 普通窗 ; 阳台A / 5.25平米 / 西 北 东 / 普通窗 ; 阳台B / 2.7平米 / 西 南 / 普通窗 ; 储物间A / 8.66平米 / 北 / 普通窗 ; 储物间B / 18.62平米 / 无 / 未知窗户类型 ; 过道 / 3.43平米 / 无 / 无窗,
满五年唯一朝向东南看花园位置安静带入户,"佳兆业中央广场一期 , 坂田",5室2厅,152.14平米,东南,精装,高楼层(共49层),2013年,塔楼,780 万,51269 元,3,,,近地铁 | VR房源 | 房本满五年,https://sz.lianjia.com/ershoufang/105116309794.html,地铁 | VR房源 | 房本满五年,满五年唯一朝向东南看花园位置安静诚心出售,全新社区，人车分流，24小时保安轮流值班，小区内有自己的健身广场和花园，园林式社区，自带2000平米大泳池，，依托高新技术产业园，佳兆业城市广场物业形态丰富，集住宅、酒店于一体，旁边就是天安云谷、华为总部。,新社区，人车分流，24小时保安轮流值班，社区有自己的健身广场和花园，园林式社区。占地约300000平，建面约1800000平米，依托高新技术产业园，佳兆业城市广场物业形态丰富，集住宅、酒店于一体。小区左边是天安云谷、华为总部,地铁十号线雪象站A出口，沿着坂雪岗大道可以去梅林关（去关内方向）、也可以转布龙路转南坪快速和水官高速，也可以从转贝尔路再转梅关高速，上坂澜大道可以去观澜也可以去平湖。交通很方便。高速交通：梅观高速、清平高速、坂雪岗大道、南坪快速。,,,2014-11-22,2024-03-11,商品房,普通住宅,满五年,非共有,有抵押 160万元 金融公司垫资,挂牌时间:2024-03-11 | 交易权属:商品房 | 上次交易:2014-11-22 | 房屋用途:普通住宅 | 房屋年限:满五年 | 产权所属:非共有 | 抵押信息:有抵押 160万元 金融公司垫资 | 房本备件:已上传房本照片,客厅 / 38.05平米 / 西北 东南 / 落地窗 ; 卧室A / 10.28平米 / 西北 / 普通窗 ; 卧室B / 11.59平米 / 无 / 未知窗户类型 ; 卧室C / 17.93平米 / 无 / 未知窗户类型 ; 卧室D / 13.05平米 / 无 / 未知窗户类型 ; 卧室E / 14.17平米 / 无 / 未知窗户类型 ; 厨房 / 5.06平米 / 无 / 落地窗 ; 卫生间A / 3.31平米 / 东北 / 普通窗 ; 卫生间B / 5.29平米 / 无 / 未知窗户类型 ; 阳台A / 7.87平米 / 西南 西北 东北 / 普通窗 ; 阳台B / 3.62平米 / 东南 / 落地窗 ; 门厅 / 11.4平米 / 西北 / 落地窗,
四季花城南北向三房出售，位置安静,"万科四季花城二期 , 坂田",3室2厅,99.88平米,南 北,,6层,2000年,板楼,446 万,44654 元,10,,,近地铁 | VR看装修,https://sz.lianjia.com/ershoufang/105117557133.html,地铁 | VR看装修,房子南北向，位置安静，满五年，双阳台,小区由万科地产集团开发，一共有36个独立苑，共分七期开发，花园式小区，绿化植被很多，带露天游泳池和健身会所及相应运动器械供住户健身，社区运动氛围棒；万科物业24小时严格管控，夜间有保安巡逻，外人基本无法随意出入，人车分流，充分保护行人安全,小区内有博雅、曼京、海丽达幼儿园等，商场类有华润万家，海达和成购物广场、阳光湾畔，8号仓奥特莱斯等。医疗类有深圳坂田医院、布吉医院花城社康医院（小区内）；网球场，篮球场，健身会所等,此房距离地铁5号线和10号线A口和300米，交通发达，小区旁边有布龙路、梅观高速、机荷高速、南坪快速等，乘坐公交或驾车出行到福田、罗湖、南山等地较方便（距离信息来源于百度地图）,,,暂无数据,2024-07-09,商品房,普通住宅,暂无数据,非共有,无抵押,挂牌时间:2024-07-09 | 交易权属:商品房 | 上次交易:暂无数据 | 房屋用途:普通住宅 | 房屋年限:暂无数据 | 产权所属:非共有 | 抵押信息:无抵押 | 房本备件:未上传房本照片,客厅 / 35.35平米 / 南 / 普通窗 ; 卧室A / 6.9平米 / 北 / 落地窗 ; 卧室B / 8.67平米 / 北 / 落地窗 ; 卧室C / 14.77平米 / 无 / 未知窗户类型 ; 厨房 / 4.78平米 / 北 / 落地窗 ; 卫A / 3.35平米 / 东 / 普通窗 ; 卫B / 4.08平米 / 北 / 普通窗 ; 阳台A / 2.97平米 / 北 / 落地窗 ; 阳台B / 3.63平米 / 西 西南 东 南 东南 / 普通窗,
华创云轩 2室1厅 南,"华创云轩 , 坂田",2室1厅,26平米,南,精装,21层,2018年,板楼,118 万,45385 元,0,,,近地铁,https://sz.lianjia.com/ershoufang/105119252397.html,地铁,,,,,,,暂无数据,2024-12-19,商品房,商业办公类,暂无数据,非共有,无抵押,挂牌时间:2024-12-19 | 交易权属:商品房 | 上次交易:暂无数据 | 房屋用途:商业办公类 | 房屋年限:暂无数据 | 产权所属:非共有 | 抵押信息:无抵押 | 房本备件:未上传房本照片,客厅 / 13.17平米 / 北 / 落地窗 ; 卧室A / 6.3平米 / 无 / 未知窗户类型 ; 卧室B / 3.48平米 / 南 / 普通窗 ; 厨房 / 3.51平米 / 南 / 普通窗 ; 卫 / 2.22平米 / 无 / 无窗 ; 过道 / 3.86平米 / 无 / 无窗,
精装复式三房 南北向精装修顶楼复式！高实用,"万科四季花城二期 , 坂田",3室1厅,100.63平米,南,,6层,2000年,板楼,480 万,47700 元,4,,,近地铁 | VR房源 | 随时看房,https://sz.lianjia.com/ershoufang/105118333347.html,地铁 | VR房源 | 随时看房,此房满两年红本在手，南北向精装修顶楼复式！高实用,小区由万科地产集团开发，一共有36个独立苑，共分七期开发，花园式小区，绿化植被很多，带露天游泳池和健身会所及相应运动器械供住户健身，社区运动氛围棒；万科物业24小时严格管控，夜间有保安巡逻，外人基本无法随意出入，人车分流，充分保护行人安全,小区内有博雅幼儿园、海丽达幼儿园等，商场类有华润万家，五和购物广场、海达和成购物广场、坂田民营市场等。医疗类有深圳坂田医院、龙华人民医院、布吉医院花城社康医院（小区内）；银行为招商银行、中国银行、民生银行自助机及平安银行等，各式卖菜,小区东门距离地铁5号线和10号线50米，地铁连接的站点有深圳北站、布吉、太安、黄贝岭、宝安、前海湾（以上都为地铁中转站）交通发达，有布龙路、梅观高速、机荷高速、南坪快速等，乘坐公交或驾车出行到福田、罗湖、南山等地较方便,,,暂无数据,2024-09-19,商品房,普通住宅,暂无数据,共有,无抵押,挂牌时间:2024-09-19 | 交易权属:商品房 | 上次交易:暂无数据 | 房屋用途:普通住宅 | 房屋年限:暂无数据 | 产权所属:共有 | 抵押信息:无抵押 | 房本备件:未上传房本照片,客厅 / 39.62平米 / 北 南 / 普通窗 ; 卧室A / 15.23平米 / 无 / 未知窗户类型 ; 卧室B / 8.85平米 / 北 / 落地窗 ; 卧室C / 17.41平米 / 西 北 / 落地窗 ; 厨房 / 7.48平米 / 西 北 / 普通窗 ; 卫A / 4.07平米 / 北 / 普通窗 ; 卫B / 3.18平米 / 西 / 普通窗 ; 卫C / 9.73平米 / 北 南 / 落地窗 ; 阳台A / 2.52平米 / 西 西南 东 南 / 普通窗 ; 阳台B / 2.71平米 / 北 / 普通窗 ; 阳台C / 0.94平米 / 北 / 普通窗 ; 阳台D / 8.07平米 / 西 北 东 / 普通窗 ; 过道A / 2.01平米 / 无 / 无窗 ; 过道B / 20.16平米 / 北 / 普通窗,
嘉御山五期 中高层看花园4房，景观视野好，安静,"信义嘉御山5期 , 坂田",4室2厅,88.6平米,东北,精装,高楼层(共39层),2016年,塔楼,660 万,74493 元,1,,,VR看装修 | 房本满五年,https://sz.lianjia.com/ershoufang/105116917149.html,VR看装修 | 房本满五年,此房满五唯一，中高楼层，看花园，视野无遮挡，安静。,本小区是16年开盘，17年精装交楼，人车分流动静分离，目前车位能满足一家一车的需求，无需排队办理车位。小区的住户大部分都是华为或者福田上班人群。楼龄新，住户年轻。楼下的底商已全部开业基本满足日常生活需求。,小区北面华为总部绿道，以及gold山公园，从幼儿园到高中之前都在家门口。小区自带天虹购物广场，南面是佳华maxcity，以及刚开业的四星酒店云著酒店。菜市场就在小区东面200米坂田菜市场（2020.07.11重新装修开业）。,开车可直接上珠三角高速，经五和大道、坂雪岗大道连接水官高速和坂银隧道。地铁5号线五和站距离本小区直线距离1公里，距离预计2020.07.28正式的地铁10号线坂田北站走路300米。双地铁交汇。业主可以自由选择地铁还是自驾。,,,2016-03-12,2024-05-08,商品房,普通住宅,满五年,非共有,有抵押 305万元 中行 客户偿还,挂牌时间:2024-05-08 | 交易权属:商品房 | 上次交易:2016-03-12 | 房屋用途:普通住宅 | 房屋年限:满五年 | 产权所属:非共有 | 抵押信息:有抵押 305万元 中行 客户偿还 | 房本备件:已上传房本照片,客厅 / 27.29平米 / 东北 / 落地窗 ; 卧室A / 9.99平米 / 东南 / 普通窗 ; 卧室B / 6.18平米 / 西南 东南 / 普通窗 ; 卧室C / 13.61平米 / 无 / 未知窗户类型 ; 卧室D / 9.47平米 / 东北 / 普通窗 ; 厨房 / 3.93平米 / 东南 / 普通窗 ; 卫A / 3.9平米 / 无 / 普通窗 ; 卫B / 4.44平米 / 东南 / 落地窗 ; 阳台A / 1.97平米 / 东南 / 普通窗 ; 阳台B / 5.51平米 / 西北 东北 东南 / 普通窗 ; 过道 / 2.93平米 / 无 / 无窗,
嘉御山五期次新3房，中高楼层，全南朝向，采光好,"信义嘉御山5期 , 坂田",3室2厅,72.46平米,西南,精装,中楼层(共39层),2016年,塔楼,550 万,75904 元,0,,,VR看装修 | 房本满五年,https://sz.lianjia.com/ershoufang/105118862892.html,VR看装修 | 房本满五年,此房满五唯一，中高楼层，全南朝向，采光通风好，视野开阔无遮挡,2017年交房的次新房，楼栋为塔楼设计，本房为传统户型，直厅的格局。进门口边上的房间面积约十平，不计入产证面积，本小区设计为错层阳台，故本小区阳台飘窗面积不计入产证，使用率在99%以上。,小区下面自带底层店铺，开发商自持，目前已全部进驻，包括中西式餐饮、教育培训、婴幼儿用品，便利店及坂田天虹旗舰店，生活方便，小区内有幼儿园，家门口尽享优质生活，小区南侧是MIX City7层楼综合商心街区，有百佳华chao市，海底捞，麦当劳，星巴克等品..,开车出行：小区出来贝尔路可快速上G94梅关高速，坂雪岗大道上坂银通道直通福田南山。 地铁出行：10号线坂田北站，10号线5号线中转站五和站。 公交出行：里石排站，坂田市场站，坂田路口站，坂田路口北站,,,2016-02-28,2024-11-10,商品房,普通住宅,满五年,非共有,有抵押 兴业银行,挂牌时间:2024-11-10 | 交易权属:商品房 | 上次交易:2016-02-28 | 房屋用途:普通住宅 | 房屋年限:满五年 | 产权所属:非共有 | 抵押信息:有抵押 兴业银行 | 房本备件:已上传房本照片,客厅 / 24.51平米 / 西南 / 落地窗 ; 卧室01 / 12.03平米 / 西南 南 / 落地窗 ; 卧室02 / 8.3平米 / 东南 / 普通窗 ; 卧室03 / 9.46平米 / 东南 / 普通窗 ; 厨房 / 3.78平米 / 东南 / 普通窗 ; 卫 / 3.77平米 / 无 / 普通窗 ; 阳台01 / 3.92平米 / 西南 西北 东南 / 普通窗 ; 阳台02 / 1.91平米 / 东南 / 普通窗 ; 门厅 / 4.06平米 / 无 / 无窗,
户型方正 客厅出阳台 采光通风好 税费少,"信义嘉御山 , 坂田",2室1厅,66.34平米,西北,精装,低楼层(共33层),2015年,板塔结合,395 万,59542 元,2,,,近地铁 | VR看装修 | 房本满五年,https://sz.lianjia.com/ershoufang/105112970535.html,地铁 | VR看装修 | 房本满五年,满五年，不唯一住宅，税费少，户型方正客厅出阳台，卧室大,,,,房子是商品房住宅，满五年，不唯一住宅，有少量欠款。产生的税费只有个税和契税各一个点,,2015-03-12,2023-03-11,商品房,普通住宅,满五年,非共有,有抵押 90万元 客户偿还,挂牌时间:2023-03-11 | 交易权属:商品房 | 上次交易:2015-03-12 | 房屋用途:普通住宅 | 房屋年限:满五年 | 产权所属:非共有 | 抵押信息:有抵押 90万元 客户偿还 | 房本备件:已上传房本照片,客厅 / 24.35平米 / 西北 南 / 落地窗 ; 卧室A / 16.09平米 / 无 / 未知窗户类型 ; 卧室B / 8.83平米 / 无 / 未知窗户类型 ; 厨房 / 5.18平米 / 西北 / 普通窗 ; 卫生间 / 2.5平米 / 东北 / 普通窗 ; 阳台 / 4.08平米 / 西南 西北 / 普通窗 ; 过道 / 1.74平米 / 无 / 无窗,
坂田地铁口物业，精装四房业主诚意出售,"十二橡树庄园一期 , 坂田",4室2厅,156平米,东南,,16层,2011年,板楼,915 万,58654 元,2,,,近地铁 | VR看装修 | 随时看房,https://sz.lianjia.com/ershoufang/105115959963.html,地铁 | VR看装修 | 随时看房,此房满5年 朝南朝花园 小区密度低 适合居住,十二橡树是深圳唯一原石山别墅、深圳唯一电梯别墅、区域唯一台地别墅、230米礼宾大道、深圳唯一径端路设计、纯智能化小区”，双拼、TH、叠拼及小高层平面房，经典的北美庄园范本，是现代别墅生活新潮流,此房小区所在位置配套好，交通方便，较近的一个大型海达和成购物广场在五和地铁站B出口处，距离小区约600米，较近的综合市场距离小区约500米。小区北面300米有坂田医院,小区北面是布龙路，东面300米是坂雪岗大道，南面200米是永香路，西面400米是五和大道，各大要道相互交汇四通八达。小区还是双地铁口物业，地铁环中线的坂田站与五和站分布于小区东西两侧约步行500米。,,,暂无数据,2024-01-26,商品房,普通住宅,暂无数据,非共有,有抵押,挂牌时间:2024-01-26 | 交易权属:商品房 | 上次交易:暂无数据 | 房屋用途:普通住宅 | 房屋年限:暂无数据 | 产权所属:非共有 | 抵押信息:有抵押 | 房本备件:未上传房本照片,客厅 / 49.08平米 / 西北 东南 / 落地窗 ; 卧室A / 15.5平米 / 无 / 未知窗户类型 ; 卧室B / 12.84平米 / 无 / 未知窗户类型 ; 卧室C / 23.7平米 / 无 / 未知窗户类型 ; 卧室D / 19.22平米 / 无 / 未知窗户类型 ; 厨房 / 8.21平米 / 西北 / 普通窗 ; 卫A / 5.72平米 / 西北 / 普通窗 ; 卫B / 4.51平米 / 东南 / 普通窗 ; 阳台A / 3.46平米 / 西北 / 普通窗 ; 阳台B / 5.36平米 / 无 / 未知窗户类型 ; 阳台C / 13.61平米 / 东南 / 普通窗 ; 阳台D / 9.62平米 / 东南 / 落地窗 ; 过道 / 7.01平米 / 无 / 无窗 ; 衣帽间 / 4.33平米 / 无 / 无窗,
坂田2020年次新房，电梯高层西南向3房，保养好！,"华晖瑞禧 , 坂田",3室2厅,89.56平米,西南,,中楼层(共32层),2020年,塔楼,530 万,59179 元,1,,,近地铁 | VR看装修 | 房本满五年,https://sz.lianjia.com/ershoufang/105114704496.html,地铁 | VR看装修 | 房本满五年,坂田关内首排，方便到达福田，罗湖，南山，次新房，电梯高层。,2020年次新小区，小区位于银湖山1公里处，距鸡公山隧道1.5公里，方便到达罗湖，福田，南山。自带幼儿园，充足停车位，楼下买生活所需也方便。,,两横四纵”成熟交通路网体系（两横：布龙路、南坪快速；四纵：五和大道、坂雪岗大道、梅观高速、清平高速）；邻近地铁5号线坂田站； 地处鸡公山通道首排，约一刻钟直达福田区，建立起快速通达全城的半小时生活圈。,,,2020-07-01,2023-09-04,商品房,普通住宅,满五年,非共有,有抵押 400万元 建设,挂牌时间:2023-09-04 | 交易权属:商品房 | 上次交易:2020-07-01 | 房屋用途:普通住宅 | 房屋年限:满五年 | 产权所属:非共有 | 抵押信息:有抵押 400万元 建设 | 房本备件:已上传房本照片,客厅 / 29.4平米 / 西南 / 普通窗 ; 卧室A / 9.09平米 / 无 / 未知窗户类型 ; 卧室B / 4.6平米 / 东南 / 普通窗 ; 卧室C / 10.67平米 / 西南 / 落地窗 ; 厨房 / 6.69平米 / 东南 / 普通窗 ; 卫生间 / 5平米 / 东南 / 普通窗 ; 阳台 / 4.22平米 / 西南 / 普通窗,
红本满五年 看小区花园 位置安静  使用面积120平以上,"佳兆业中央广场三期 , 坂田",4室2厅,122.3平米,南 北,精装,45层,2016年,塔楼,690 万,56419 元,2,,,近地铁 | VR看装修 | 随时看房,https://sz.lianjia.com/ershoufang/105119327995.html,地铁 | VR看装修 | 随时看房,房子满五年红本在手 看花园视野开阔 使用面积120平以上,次新社区，人车分流，小区内有自己的健身广场和花园，园林式社区，自带大泳池，健身场所、会所，配套齐全，居家舒适。,佳兆业城市广场社区依托高新技术产业园，物业形态丰富，集住宅、酒店、大型综合体配套于一体，小区旁边就是天安云谷、华为总部。,项目是挨着坂雪岗大道和坂澜大道，沿着坂雪岗大道可以去梅林关（去关内方向）、也可以转布龙路转南坪快速和水官高速，也可以从转贝尔路再转梅关高速，上坂澜大道可以去观澜也可以去平湖。交通很方便。高速交通：梅观高速、清平高速、坂雪岗大道、南坪快速。,,,暂无数据,2024-12-27,商品房,普通住宅,暂无数据,非共有,无抵押,挂牌时间:2024-12-27 | 交易权属:商品房 | 上次交易:暂无数据 | 房屋用途:普通住宅 | 房屋年限:暂无数据 | 产权所属:非共有 | 抵押信息:无抵押 | 房本备件:未上传房本照片,客厅 / 44.2平米 / 北 / 落地窗 ; 卧室A / 15.85平米 / 北 / 落地窗 ; 卧室B / 11.22平米 / 北 / 落地窗 ; 卧室C / 10.27平米 / 北 / 普通窗 ; 卧室D / 8.55平米 / 北 / 普通窗 ; 厨房 / 7.81平米 / 北 / 普通窗 ; 卫A / 4.04平米 / 无 / 未知窗户类型 ; 卫B / 3.55平米 / 无 / 未知窗户类型 ; 阳台A / 5.45平米 / 北 / 普通窗 ; 阳台B / 2.84平米 / 北 / 普通窗 ; 过道 / 6.8平米 / 无 / 无窗,
一手业主红本，南北通透居家优选,"佳兆业悦峰 , 坂田",3室2厅,88.79平米,南 北,精装,低楼层(共33层),2013年,板塔结合,600 万,67576 元,0,,,近地铁 | VR看装修,https://sz.lianjia.com/ershoufang/105112862747.html,地铁 | VR看装修,此房是大三房，带60平的平台花园 诚心出售。,小区绿化好，密度低，泳池， 球场，，社康，会所等等配套完善，,,,房子红本在手的，满五年，费用少，买入此房仅需契税，个人所得税即可,,暂无数据,2023-03-02,商品房,普通住宅,暂无数据,非共有,无抵押,挂牌时间:2023-03-02 | 交易权属:商品房 | 上次交易:暂无数据 | 房屋用途:普通住宅 | 房屋年限:暂无数据 | 产权所属:非共有 | 抵押信息:无抵押 | 房本备件:未上传房本照片,客厅 / 36.57平米 / 北 南 / 普通窗 ; 卧室A / 10.57平米 / 北 / 普通窗 ; 卧室B / 14.52平米 / 无 / 未知窗户类型 ; 卧室C / 8.68平米 / 无 / 未知窗户类型 ; 厨房 / 6.58平米 / 西 / 普通窗 ; 卫A / 4.45平米 / 无 / 未知窗户类型 ; 卫B / 4.29平米 / 无 / 未知窗户类型 ; 阳台A / 13.51平米 / 西 北 东 / 普通窗 ; 阳台B / 2.58平米 / 南 / 普通窗 ; 阳台C / 1.87平米 / 西 / 普通窗 ; 衣帽间 / 4.4平米 / 北 / 普通窗,
