标题,地址,户型,面积,朝向,装修情况,层数,建造时间,楼型,总价,每平米单价,关注人数,带看次数,发布时间,标签,详情链接,房源标签,核心卖点,小区介绍,周边配套,交通出行,税费解析,权属抵押,上次交易,挂牌时间,交易权属,房屋用途,房屋年限,产权所属,抵押信息,交易属性,户型分间,解析状态
正兆.茗语华苑 2室1厅 随时可看 价格可谈 高楼层,"正兆 · 茗语华苑 , 观澜",2室1厅,63.49平米,东南,简装,中楼层(共32层),2014年,,123 万,19374 元,7,,22天以前发布,VR看装修 | 随时看房,https://sz.lianjia.com/ershoufang/105122139631.html,VR看装修 | 随时看房,满五唯一 采光通透落地窗 高尔夫场地景观视野,"1.｜开发商 正兆.

2.｜小区一共7栋楼，1736户人家，容积率3.5，绿化率30%.

3.｜正兆物业管理，门禁岗位值班，物业费合理。","1.｜黎光社区公园.

2.｜大屏障森林公园，看荷花池满塘春色，登高望远强身健体.","1.｜龙华大道、梅观高速，40分钟直达福田.

2.｜M 510、M135楼下公交站直达4号线长湖站.",,,暂无数据,2025-09-15,商品房,普通住宅,暂无数据,非共有,无抵押,挂牌时间:2025-09-15 | 交易权属:商品房 | 上次交易:暂无数据 | 房屋用途:普通住宅 | 房屋年限:暂无数据 | 产权所属:非共有 | 抵押信息:无抵押 | 房本备件:未上传房本照片,,
户型方正，次新房，刚需优选，高实用率,"阳基御龙山 , 观澜",2室1厅,63.64平米,西南,精装,30层,2018年,板塔结合,210 万,32999 元,8,,,VR房源,https://sz.lianjia.com/ershoufang/105116848361.html,VR房源,户型方正，实用率高，刚需上车好房,小区2018年建成，总建筑面积117475，总占地面积20176.4，共计房屋1082户，小区物业公司为深圳市阳基物业管理有限公司，物业管理费3.8元/平方。小区有地面花园，绿化好，有儿童乐园，康乐设施，文体馆，有12班公立幼儿园，门口还有社区公园。,,交通方便，小区门口有公交站，公交可以直达龙华，也可以转乘地铁，离长湖地铁站约1.3公里。,,,暂无数据,2024-04-30,商品房,普通住宅,暂无数据,非共有,有抵押 客户偿还,挂牌时间:2024-04-30 | 交易权属:商品房 | 上次交易:暂无数据 | 房屋用途:普通住宅 | 房屋年限:暂无数据 | 产权所属:非共有 | 抵押信息:有抵押 客户偿还 | 房本备件:未上传房本照片,客厅 / 21.22平米 / 西南 / 普通窗 ; 卧室A / 7.3平米 / 西北 / 落地窗 ; 卧室B / 10.96平米 / 西南 / 落地窗 ; 厨房 / 4.65平米 / 西北 / 普通窗 ; 卫生间 / 2.93平米 / 西北 / 落地窗 ; 阳台 / 3.47平米 / 西南 / 普通窗,
花园水库双景生态宜居配套完善满五唯一,"招商锦绣观园 , 观澜",2室2厅,63.88平米,东北,简装,中楼层(共28层),2014年,板楼,176 万,27552 元,2,,,VR看装修 | 房本满五年,https://sz.lianjia.com/ershoufang/105120770708.html,VR看装修 | 房本满五年,临茜坑水库享优美生态，自带公立幼儿园，主力 65 平两房。,,,,满五唯一，可免增值税及个人所得税，购房者仅需承担少量契税，购房成本低。,,2011-07-02,2025-05-18,商品房,普通住宅,满五年,共有,无抵押,挂牌时间:2025-05-18 | 交易权属:商品房 | 上次交易:2011-07-02 | 房屋用途:普通住宅 | 房屋年限:满五年 | 产权所属:共有 | 抵押信息:无抵押 | 房本备件:已上传房本照片,,
临茜坑水库享优美生态朝花园安静,"招商锦绣观园 , 观澜",2室2厅,61.65平米,东北,简装,低楼层(共28层),2014年,板楼,150 万,24331 元,9,,,VR看装修 | 房本满五年 | 随时看房,https://sz.lianjia.com/ershoufang/105121352349.html,VR看装修 | 房本满五年 | 随时看房,满五唯一、花园风景房、安静生态宜居、配套完善，自带公立幼儿园,小区内有公立幼儿园，两公里左右有两所公交书包、福城天虹、茜坑和竹村双地铁口。楼下有社康、党群、室内恒温游泳池、洗修车店等各类生活配套齐全。,,前后门均有公交站台，两个站到茜坑、竹村地铁口，自驾可通过机荷高速、观澜大道出行。,,,2014-03-06,2025-07-06,商品房,普通住宅,满五年,共有,无抵押,挂牌时间:2025-07-06 | 交易权属:商品房 | 上次交易:2014-03-06 | 房屋用途:普通住宅 | 房屋年限:满五年 | 产权所属:共有 | 抵押信息:无抵押 | 房本备件:已上传房本照片,客厅 / 19.56平米 / 东北 / 普通窗 ; 卧室A / 6.34平米 / 东南 / 普通窗 ; 卧室B / 8.51平米 / 东北 / 普通窗 ; 厨房 / 4.67平米 / 无 / 普通窗 ; 卫 / 1.96平米 / 东南 / 普通窗 ; 阳台A / 1.8平米 / 东北 / 普通窗 ; 阳台B / 3.72平米 / 东北 / 普通窗,
此房满五唯一，格局好，楼层适中,"正兆 · 茗语华苑 , 观澜",2室2厅,63.93平米,东南,简装,低楼层(共32层),2014年,塔楼,125 万,19553 元,13,,,VR看装修 | 随时看房,https://sz.lianjia.com/ershoufang/105121197373.html,VR看装修 | 随时看房,此房满五唯一，业主诚心卖，价格可谈，低楼层，无噪音,,22号线地铁在建，步行500米到，出门就有公交站，高速在旁边，半小时到福田,,,,暂无数据,2025-06-24,商品房,普通住宅,暂无数据,非共有,无抵押,挂牌时间:2025-06-24 | 交易权属:商品房 | 上次交易:暂无数据 | 房屋用途:普通住宅 | 房屋年限:暂无数据 | 产权所属:非共有 | 抵押信息:无抵押 | 房本备件:未上传房本照片,,
中森公园华府精装大4房，看花园，高楼层，视野开阔,"中森公园华府 , 观澜",4室2厅,121.82平米,南 北,简装,高楼层(共30层),2019年,板塔结合,355 万,29142 元,10,,,VR房源,https://sz.lianjia.com/ershoufang/105114650220.html,VR房源,房子是装修好的，目前空置，看房都很方便的。,环境优美，双公园，精心布置叠溪谷、栖风林、半月湾等六大主题公园，居住舒适度高。,,,,,暂无数据,2023-08-29,商品房,普通住宅,暂无数据,非共有,有抵押 工商银行,挂牌时间:2023-08-29 | 交易权属:商品房 | 上次交易:暂无数据 | 房屋用途:普通住宅 | 房屋年限:暂无数据 | 产权所属:非共有 | 抵押信息:有抵押 工商银行 | 房本备件:未上传房本照片,客厅 / 28.56平米 / 无 / 未知窗户类型 ; 卧室A / 11.92平米 / 无 / 未知窗户类型 ; 卧室B / 8.66平米 / 南 / 落地窗 ; 卧室C / 12.02平米 / 无 / 未知窗户类型 ; 卧室D / 10.49平米 / 无 / 未知窗户类型 ; 厨房 / 8.21平米 / 东 南 / 普通窗 ; 卫生间A / 4.38平米 / 无 / 未知窗户类型 ; 卫生间B / 4.62平米 / 南 / 落地窗 ; 阳台 / 6.79平米 / 西 北 东 / 普通窗 ; 过道 / 6.24平米 / 无 / 无窗 ; 衣帽间 / 5.68平米 / 无 / 无窗,
诚意卖，地铁口好房，户型方正，采光通风好,"合正观澜汇二期 , 观澜",3室2厅,96.06平米,东南 西北,精装,32层,2023年,板塔结合,420 万,43723 元,1,,,近地铁 | VR看装修,https://sz.lianjia.com/ershoufang/105120737832.html,地铁 | VR看装修,诚意卖，地铁口好房，户型方正，采光通风好，出行便利，配套齐全,小区楼下有社区花园，儿童娱乐设施，老人活动区域，地铁就在楼下，出行交通便利，绿化设施完善，图书管就在楼下，社区安静舒适。,,地铁就在小区楼下，公交车站也在楼下，主交通观澜大道，离高速路口也近，出行便利,,,暂无数据,2025-05-15,商品房,普通住宅,暂无数据,非共有,无抵押,挂牌时间:2025-05-15 | 交易权属:商品房 | 上次交易:暂无数据 | 房屋用途:普通住宅 | 房屋年限:暂无数据 | 产权所属:非共有 | 抵押信息:无抵押 | 房本备件:未上传房本照片,,
观澜长湖地铁站全新3房1卫东南向视野佳拎包入住,"万科启城 , 观澜",3室2厅,79.13平米,东南,精装,低楼层(共48层),2023年,板塔结合,330 万,41704 元,2,,,近地铁 | VR看装修,https://sz.lianjia.com/ershoufang/105121089679.html,地铁 | VR看装修,此房是全新3房，全屋定制了家私电器可以拎包入住，近地铁站,,,,,,暂无数据,2025-06-14,商品房,普通住宅,暂无数据,非共有,有抵押,挂牌时间:2025-06-14 | 交易权属:商品房 | 上次交易:暂无数据 | 房屋用途:普通住宅 | 房屋年限:暂无数据 | 产权所属:非共有 | 抵押信息:有抵押 | 房本备件:未上传房本照片,,
体育公园隔壁 此新小区 精装三房诚心出售 看房方便,"珑门二期 , 观澜",3室2厅,82.62平米,东南,精装,33层,2018年,板塔结合,285 万,34496 元,0,,,VR看装修 | 房本满五年,https://sz.lianjia.com/ershoufang/105113738526.html,VR看装修 | 房本满五年,低楼层不恐高，房东30余万精装，南向看花园，82平刚需3房2卫,小区为全封闭式社区，人车分流地下3层停车场车位1:1.1，全智能社区刷卡到户，智能可视对讲系统，24小时安保及监控安全放心；小区为3梯6户公用部分宽敞舒适；小区临校背靠体育公园；2公里可到花仙谷生态园和绿色跑道，整体适合居家！,,门口E巴士和高快24等上下班快线高速直达福田/罗湖； 2公里4个红绿灯可上梅观高速和龙观快速！,,,2018-05-27,2023-05-20,商品房,普通住宅,满五年,非共有,有抵押 180万元 客户偿还,挂牌时间:2023-05-20 | 交易权属:商品房 | 上次交易:2018-05-27 | 房屋用途:普通住宅 | 房屋年限:满五年 | 产权所属:非共有 | 抵押信息:有抵押 180万元 客户偿还 | 房本备件:已上传房本照片,客厅 / 21.83平米 / 无 / 未知窗户类型 ; 卧室A / 5.8平米 / 北 东 / 落地窗 ; 卧室B / 12.07平米 / 无 / 未知窗户类型 ; 卧室C / 9平米 / 无 / 未知窗户类型 ; 厨房 / 5.85平米 / 北 东 / 落地窗 ; 卫生间A / 2.83平米 / 北 / 普通窗 ; 卫生间B / 4.01平米 / 东 南 / 落地窗 ; 阳台 / 2.12平米 / 西 东 南 / 普通窗 ; 过道 / 2.89平米 / 无 / 无窗,
地铁四号线 优质4房 精装修 满五唯一 税费少,"陶润懿峰 , 观澜",4室2厅,89.94平米,南,精装,高楼层(共32层),2016年,板楼,315 万,35024 元,10,,,近地铁 | VR看装修 | 房本满五年 | 随时看房,https://sz.lianjia.com/ershoufang/105106238433.html,地铁 | VR看装修 | 房本满五年 | 随时看房,精装四房 地铁四号线 南 北 通 通风采光好 板楼设计 满五唯一。,2017年2月1日精装交楼，小区很新。观澜河湿地公园就在小区旁边，车库出入口有新建一个公园环境优美，居民都喜欢在河边散步。龙华区政府就在小区北面，此外，观澜这边有近***平米的，片区发展.,观澜天虹 ，福城天虹 医院：观澜人民医院 邮局：中国邮政大和支局 银行：中国银行、工商银行、招商银行、农业银行、建设银行 其他：人民公园、新世纪广场。,,,,2015-08-20,2021-01-11,商品房,普通住宅,满五年,非共有,无抵押,挂牌时间:2021-01-11 | 交易权属:商品房 | 上次交易:2015-08-20 | 房屋用途:普通住宅 | 房屋年限:满五年 | 产权所属:非共有 | 抵押信息:无抵押 | 房本备件:已上传房本照片,客厅 / 25.3平米 / 南 / 普通窗 ; 卧室A / 4.97平米 / 无 / 未知窗户类型 ; 卧室B / 11.87平米 / 南 / 落地窗 ; 卧室C / 8.34平米 / 无 / 未知窗户类型 ; 卧室D / 6.68平米 / 南 / 落地窗 ; 厨房 / 3.82平米 / 无 / 未知窗户类型 ; 卫生间 / 6.2平米 / 无 / 未知窗户类型 ; 阳台 / 2.26平米 / 东 南 / 普通窗,
70年产权通天然气.，户型方正,"华盛峰荟名庭 , 观澜",3室1厅,56.18平米,南 北,简装,中楼层(共36层),2016年,板塔结合,128 万,22784 元,79,,,近地铁 | VR看装修 | 房本满五年 | 随时看房,https://sz.lianjia.com/ershoufang/105104523765.html,地铁 | VR看装修 | 房本满五年 | 随时看房,70年产权通天然气配套齐全，户型方正,深圳市华盛智地房地产开发有限公司。物业公司：深圳市华盛物业管理有限公司，小区24小时安保巡逻。小区内部配套：儿童游乐场，健身活动区，小区园林，游泳池。,商场：小区内异国风情街，餐饮街，综合购物超市大润发。医院：观澜人民医院，深圳伟光医院，广东医学院附属观澜医院邮局：观澜街道-富民邮政代办所银行：鼎业银行（观澜支行），深圳农村商.业银行（滨河支行）其他：观澜人民公园，九龙山，观澜河,,,,2015-08-28,2020-06-05,商品房,商务公寓,满五年,非共有,有抵押 42万元 客户偿还,挂牌时间:2020-06-05 | 交易权属:商品房 | 上次交易:2015-08-28 | 房屋用途:商务公寓 | 房屋年限:满五年 | 产权所属:非共有 | 抵押信息:有抵押 42万元 客户偿还 | 房本备件:已上传房本照片,客厅 / 12.59平米 / 南 / 落地窗 ; 卧室A / 5.46平米 / 南 / 普通窗 ; 卧室B / 7.86平米 / 无 / 未知窗户类型 ; 厨房 / 3.32平米 / 南 / 普通窗 ; 卫生间 / 2.76平米 / 无 / 无窗 ; 阳台 / 2.09平米 / 南 / 普通窗 ; 储物间 / 4.79平米 / 无 / 无窗,
招商锦绣观园，业主诚心卖，价格有商量。,"招商锦绣观园 , 观澜",2室1厅,62.8平米,东北,简装,低楼层(共28层),2014年,,155 万,24682 元,3,,,VR看装修,https://sz.lianjia.com/ershoufang/105121415256.html,VR看装修,此房设施配套齐全，业主保养的好，在小区里面朝花园，不吵。,背靠茜坑水库，是饮用水源保护区，后面不会再开发，空气质量优。,小区楼下有公交首末站，可以直达茜坑地铁站，也可以直达天虹购物中心。,,,,暂无数据,2025-07-11,商品房,普通住宅,暂无数据,共有,有抵押 10万元 业主自还,挂牌时间:2025-07-11 | 交易权属:商品房 | 上次交易:暂无数据 | 房屋用途:普通住宅 | 房屋年限:暂无数据 | 产权所属:共有 | 抵押信息:有抵押 10万元 业主自还 | 房本备件:未上传房本照片,,
福星雅园  1室0厅 东,"福星雅园  , 观澜",1室0厅,20.47平米,东,简装,高楼层(共12层),1999年,,23 万,11236 元,0,,4天以前发布,VR看装修 | 房本满五年,https://sz.lianjia.com/ershoufang/105122322022.html,VR看装修 | 房本满五年,,,,,,,1999-03-05,2025-10-03,商品房,普通住宅,满五年,非共有,无抵押,挂牌时间:2025-10-03 | 交易权属:商品房 | 上次交易:1999-03-05 | 房屋用途:普通住宅 | 房屋年限:满五年 | 产权所属:非共有 | 抵押信息:无抵押 | 房本备件:已上传房本照片,,
奥宸观壹城 2室2厅 东,"奥宸观壹城 , 观澜",2室2厅,63.69平米,东,,高楼层(共32层),2023年,板塔结合,180 万,28262 元,2,,23天以前发布,近地铁 | VR看装修,https://sz.lianjia.com/ershoufang/105122138369.html,地铁 | VR看装修,,,,,,,暂无数据,2025-09-15,商品房,普通住宅,暂无数据,非共有,无抵押,挂牌时间:2025-09-15 | 交易权属:商品房 | 上次交易:暂无数据 | 房屋用途:普通住宅 | 房屋年限:暂无数据 | 产权所属:非共有 | 抵押信息:无抵押 | 房本备件:未上传房本照片,,
珑门名苑，次新花园社区，人车分流，小区环境优美.,"珑门二期 , 观澜",3室2厅,76.56平米,西南,精装,33层,2018年,板塔结合,258 万,33700 元,3,,,VR看装修 | 随时看房,https://sz.lianjia.com/ershoufang/105119450082.html,VR看装修 | 随时看房,珑门名苑，次新花园社区，人车分流，车位充足，小区环境优美.,小区带花园，绿化高，三层地下停车位，车位充足，家门口公办 ，小区自带公办 ，小区环抱观澜文体公园，门口公交站，两大高速，交通方便,旁边有体育馆，体育公园，民法公园’旁边就是观光路直通梅观高速，接外环高速‘,旁边就是观光路直通梅观高速，接外环高速‘旁边有体育馆，体育公园，民法公园,,,暂无数据,2025-01-10,商品房,普通住宅,暂无数据,非共有,无抵押,挂牌时间:2025-01-10 | 交易权属:商品房 | 上次交易:暂无数据 | 房屋用途:普通住宅 | 房屋年限:暂无数据 | 产权所属:非共有 | 抵押信息:无抵押 | 房本备件:未上传房本照片,,
满五不唯一，精装修，大阳台，三房,"格澜郡二期 , 观澜",4室2厅,96.54平米,东南 西北,精装,高楼层(共18层),2007年,板塔结合,370 万,38327 元,3,,,VR房源 | 房本满五年,https://sz.lianjia.com/ershoufang/105119031009.html,,,,,,,,,,,,,,,,,failed: Failed to fetch detail page after 3 attempts: https://sz.lianjia.com/ershoufang/105119031009.html
"满五唯一红本在手,高层通风采光好,近公园购物商场","福星雅园  , 观澜",1室0厅,17.48平米,南,简装,低楼层(共12层),1999年,,23 万,13158 元,2,,,VR看装修 | 房本满五年,https://sz.lianjia.com/ershoufang/105121425540.html,VR看装修 | 房本满五年,"满五唯一红本在手,高层通风采光好,近公园购物商场",小区是观澜市政明星项目，低密度围合式大花园绿化高，环境优美适合居住,小区的购物商场，体育公园，书包教育都在楼下500米内适合老人小孩学龄儿童以及上班族居住,,,,1999-03-05,2025-07-12,商品房,普通住宅,满五年,非共有,无抵押,挂牌时间:2025-07-12 | 交易权属:商品房 | 上次交易:1999-03-05 | 房屋用途:普通住宅 | 房屋年限:满五年 | 产权所属:非共有 | 抵押信息:无抵押 | 房本备件:已上传房本照片,,
6米层高复式两层，近观澜河，配套完善,"美佳华首誉 , 观澜",2室1厅,65.55平米,西,精装,高楼层(共28层),2013年,板塔结合,180 万,27460 元,3,,,近地铁 | VR房源 | 随时看房,https://sz.lianjia.com/ershoufang/105121352751.html,地铁 | VR房源 | 随时看房,四号线茜坑地 铁旁70年产权民水民电通燃气带阳台的复式公寓,小区位于龙华新区政府南侧，观澜大道与环观南路交汇处，东临观澜河及沿河景观，南面市政公园，片区居住与商.业氛围较为浓厚，而且梅观高速改造为深圳南北向深南大道后交通更为便捷，边上就是福城天虹购物，和龙外福城校区,小区为观澜首创的一站式的集中体，包括：购物、餐饮、休闲、娱乐等多种业态小区，出门合正一二三期 未来有品牌商家进驻，已确定品牌主力店福城天虹、KFC、美佳华儿童乐园等品牌，未来会有影院、餐饮、娱乐等基本配套。苏宁电器、面点王、拾味馆、芳都酒..,,,,暂无数据,2025-07-06,商品房,商务公寓,暂无数据,非共有,无抵押,挂牌时间:2025-07-06 | 交易权属:商品房 | 上次交易:暂无数据 | 房屋用途:商务公寓 | 房屋年限:暂无数据 | 产权所属:非共有 | 抵押信息:无抵押 | 房本备件:未上传房本照片,,
此房满五年 位于中间楼层  通风采光好,"金地鹭湖1号 , 观澜",3室2厅,88.5平米,东北,精装,低楼层(共16层),2018年,塔楼,345 万,38984 元,5,,,VR房源 | 随时看房,https://sz.lianjia.com/ershoufang/105118167050.html,VR房源 | 随时看房,此房满五年 位于中间楼层 朝西南向 通风采光好,金地鹭湖1号位于龙华区观澜街道梅观高速与环观南路交汇处;鹭湖国际住区项目主打户型产品：建面89㎡三房。 项目占地面积约91197.68平方米，总建筑面积约164150平方米。,,轨道交通：有轨电车站台，高新园西站（电车接驳地铁4号线清湖地铁口），公交线路：公交（观澜高新园站）M567、M264、313、E4路等，高速公路：机荷高速公路、梅观高速公路，交通方便,,,暂无数据,2024-09-03,商品房,普通住宅,暂无数据,非共有,有抵押,挂牌时间:2024-09-03 | 交易权属:商品房 | 上次交易:暂无数据 | 房屋用途:普通住宅 | 房屋年限:暂无数据 | 产权所属:非共有 | 抵押信息:有抵押 | 房本备件:未上传房本照片,客厅 / 25.89平米 / 东 / 普通窗 ; 卧室A / 7.49平米 / 无 / 未知窗户类型 ; 卧室B / 9.28平米 / 北 / 落地窗 ; 卧室C / 13.84平米 / 无 / 未知窗户类型 ; 厨房 / 4.09平米 / 北 / 普通窗 ; 卫生间A / 4.07平米 / 西 / 普通窗 ; 卫生间B / 4.83平米 / 北 东南 / 普通窗 ; 阳台 / 3.5平米 / 东 / 普通窗 ; 过道 / 3.36平米 / 无 / 无窗,
中森次新房，毛坯，看花园安静，看房方便,"中森公园华府 , 观澜",2室2厅,69.22平米,南,毛坯,中楼层(共30层),2020年,板塔结合,220 万,31783 元,5,,,VR看装修 | 随时看房,https://sz.lianjia.com/ershoufang/105119645991.html,VR看装修 | 随时看房,看花园视野开拓，采光通风好，配套齐全，交通便利,开发商为深圳中森，是以房地产为产业的企业，主要以珠三角地区和成渝地区为发展区域。 在深圳有几个住宅地产项目，为人熟知的应该是科技园片区华润城邻居的英伦名苑1-3期，以及龙岗的中森双子座。,项目位于龙华区观澜板块，观湖街道的东南方位。所在区域是深圳中轴北的产业，南接坂田天安云谷、龙华宝能科技城，东连平湖金融与现代服务业基地，西临观澜高新产业园， 北为观澜传统制造业聚集地带。项目西侧约1.6公里处为鹭湖科技文化片区,距有轨电车1公里，接驳地铁：中森白鸽湖老村，位于环观南路，项目距离龙华有轨电车2号线的终点站下围站约1公里步行距离（百度地图测量，仅供参考），通过有轨电车接入深圳地铁轨道交通网络，目前已在地铁4号线清湖站接通，待2020年底4号线北延段开通后,,,2020-09-03,2025-02-11,商品房,普通住宅,未满两年,非共有,有抵押 194万元,挂牌时间:2025-02-11 | 交易权属:商品房 | 上次交易:2020-09-03 | 房屋用途:普通住宅 | 房屋年限:未满两年 | 产权所属:非共有 | 抵押信息:有抵押 194万元 | 房本备件:已上传房本照片,客厅 / 24.55平米 / 西 / 普通窗 ; 卧室A / 8.1平米 / 西 / 落地窗 ; 卧室B / 7.98平米 / 无 / 未知窗户类型 ; 厨房 / 5.56平米 / 无 / 未知窗户类型 ; 卫生间 / 4.26平米 / 无 / 未知窗户类型 ; 阳台A / 3.89平米 / 西 / 落地窗 ; 阳台B / 2.76平米 / 西 / 普通窗,
高得房率，安静楼栋，高楼层视野好,"合正观澜汇一期 , 观澜",3室2厅,89.47平米,南,毛坯,31层,2016年,板塔结合,465 万,51973 元,1,,,近地铁 | VR房源 | 随时看房,https://sz.lianjia.com/ershoufang/105121202453.html,地铁 | VR房源 | 随时看房,高楼层采光好通风好 ，得房率高户型， 安静满五唯一,合正品牌开发商，小区是2015年新社区，2017年7月毛坯交房，小区共计6栋，三梯六户，户型为75，80，83，88，89，125，141，180平米3-5房。小区自带泳池。楼下自带商.业。居住便捷舒适。,福成天虹商场就在楼下，购物便利。楼下就是茜坑地铁的B口，出行便利。商城，观影，餐饮，购物，休闲一站式,小区临.近观澜大道，交通便捷，4号线已开通，茜坑站。龙观快速接驳福龙路，直达福田香蜜湖，梅观高速，机荷高速,,,暂无数据,2025-06-24,商品房,普通住宅,暂无数据,非共有,无抵押,挂牌时间:2025-06-24 | 交易权属:商品房 | 上次交易:暂无数据 | 房屋用途:普通住宅 | 房屋年限:暂无数据 | 产权所属:非共有 | 抵押信息:无抵押 | 房本备件:未上传房本照片,客厅 / 36.21平米 / 北 / 普通窗 ; 卧室A / 7.71平米 / 北 / 落地窗 ; 卧室B / 13.92平米 / 无 / 未知窗户类型 ; 卧室C / 6.45平米 / 无 / 未知窗户类型 ; 厨房 / 4.78平米 / 北 / 普通窗 ; 卫生间A / 4.65平米 / 北 / 落地窗 ; 卫生间B / 4.74平米 / 无 / 未知窗户类型 ; 阳台 / 2.69平米 / 北 / 普通窗 ; 阳台 / 4.98平米 / 北 / 普通窗 ; 过道 / 4.12平米 / 无 / 无窗,
精装两房，已满五年，楼层好，看房方便。,"正兆 · 茗语华苑 , 观澜",2室2厅,63.51平米,东南,精装,高楼层(共32层),2014年,塔楼,138 万,21729 元,9,,,VR看装修 | 随时看房,https://sz.lianjia.com/ershoufang/105119627906.html,VR看装修 | 随时看房,此房满了五年，高楼层，业主诚心要卖，价格还可以聊的，税费少。,小区绿化30%，小区有图书馆，运动场业主10年买的房子7栋花园电梯小区，绿化30%，人车分流，小区有图书馆，少儿室内亲子室，运动场，乒乓球室。,,,,,2025-01-23,2025-02-10,商品房,普通住宅,未满两年,非共有,无抵押,挂牌时间:2025-02-10 | 交易权属:商品房 | 上次交易:2025-01-23 | 房屋用途:普通住宅 | 房屋年限:未满两年 | 产权所属:非共有 | 抵押信息:无抵押 | 房本备件:已上传房本照片,客厅 / 19.07平米 / 东南 / 普通窗 ; 卧室A / 7.72平米 / 无 / 未知窗户类型 ; 卧室B / 9.73平米 / 无 / 未知窗户类型 ; 厨房 / 3.81平米 / 无 / 普通窗 ; 卫生间 / 3平米 / 东北 / 普通窗 ; 阳台A / 2.41平米 / 东南 / 普通窗 ; 阳台B / 2.95平米 / 东南 / 普通窗,
华为基地旁 深圳的启点，从这里开始，圆你买房深圳梦,"福星雅园  , 观澜",1室1厅,28.78平米,东南,简装,低楼层(共12层),1999年,,34 万,11814 元,78,,,VR看装修 | 房本满五年,https://sz.lianjia.com/ershoufang/105117272620.html,VR看装修 | 房本满五年,精装修，上车门槛低，的住宅优秀的您值得拥有,,,,,房子是红本在手的，没有抵押给银行，几天内客户就可以拿到红本，相对于抵押的房子节省了一个月的时间,2014-07-02,2024-06-12,商品房,普通住宅,满五年,非共有,无抵押,挂牌时间:2024-06-12 | 交易权属:商品房 | 上次交易:2014-07-02 | 房屋用途:普通住宅 | 房屋年限:满五年 | 产权所属:非共有 | 抵押信息:无抵押 | 房本备件:已上传房本照片,卧室 / 13.78平米 / 无 / 未知窗户类型 ; 厨房 / 1.97平米 / 西南 / 普通窗 ; 卫 / 1.66平米 / 西南 / 普通窗,
观澜大社区，业主诚心出售，视野宽阔，楼层好。,"阳基御龙山 , 观澜",3室2厅,85.9平米,东南,精装,31层,2018年,板塔结合,275 万,32014 元,3,,,VR看装修 | 随时看房,https://sz.lianjia.com/ershoufang/105120547169.html,VR看装修 | 随时看房,观澜大社区，业主诚心出售，视野宽阔，楼层好。,阳基御龙山位于福城办事处福前路南侧，为山水资源同享的高品质纯居项目，共922户，1、2、3、5栋为住宅，适合居家人群,有比邻新天地、天虹商圈，观澜湖新城，购物、休闲、娱乐一应俱全；同时项目自带社区，生活便利，配套设施齐全。,小区门口左转就是公交车站，悦兴围村口：b766路;m225路;m285路;m337路;m464路等 距离港铁4号线延长线长湖站距离大概800米 日常交通出行方便,,,暂无数据,2025-04-27,商品房,普通住宅,暂无数据,非共有,无抵押,挂牌时间:2025-04-27 | 交易权属:商品房 | 上次交易:暂无数据 | 房屋用途:普通住宅 | 房屋年限:暂无数据 | 产权所属:非共有 | 抵押信息:无抵押 | 房本备件:未上传房本照片,,
招商锦绣观园 2室2厅 西南,"招商锦绣观园 , 观澜",2室2厅,63.88平米,西南,,低楼层(共28层),2014年,,158 万,24734 元,2,,,VR看装修 | 房本满五年,https://sz.lianjia.com/ershoufang/105121453204.html,VR看装修 | 房本满五年,看山景，安静，楼层适中，视野宽阔，采光充足，配套设施齐全。,园区环境好，有幼儿园、社康、社区活动室，园区广场人车分流，人文环境好，适合刚需家庭。,两公里左右有两所公交书包、福城天虹、茜坑和竹村双地铁口。楼下有社康、党群、室内恒温游泳池、洗修车店等各类生活配套齐全。,出小区大门就是龙华环城绿道入口、茜坑水库，两公里内有行知学校、天虹商场、茜坑地铁、茜坑露营广场。,,,2014-01-19,2025-07-15,商品房,普通住宅,满五年,非共有,有抵押 130万元,挂牌时间:2025-07-15 | 交易权属:商品房 | 上次交易:2014-01-19 | 房屋用途:普通住宅 | 房屋年限:满五年 | 产权所属:非共有 | 抵押信息:有抵押 130万元 | 房本备件:已上传房本照片,客厅 / 20.6平米 / 西南 / 落地窗 ; 卧室A / 6.37平米 / 西北 / 普通窗 ; 卧室B / 8.57平米 / 西南 / 普通窗 ; 厨房 / 4.54平米 / 西北 / 普通窗 ; 卫 / 2.13平米 / 无 / 无窗 ; 阳台A / 2.09平米 / 西 / 普通窗 ; 阳台B / 3.57平米 / 西南 / 落地窗,
格局方正，朝南，阳台朝南采光充足配套设施齐全,"陶润懿峰 , 观澜",4室2厅,89.12平米,南,精装,低楼层(共32层),2016年,板楼,313 万,35122 元,1,,,近地铁 | VR房源,https://sz.lianjia.com/ershoufang/105115815877.html,地铁 | VR房源,格局方正，朝南，阳台朝南采光充足配套设施齐全,,临观澜河湿地公园，环境及配套齐全，距离福城天虹及观澜汇新城近，临地铁四号线竹村站,交通配套齐全，有轨电车文澜站、地铁四号线竹村站，321、M267等多路公交车经过。,,,暂无数据,2024-01-09,商品房,普通住宅,暂无数据,非共有,无抵押,挂牌时间:2024-01-09 | 交易权属:商品房 | 上次交易:暂无数据 | 房屋用途:普通住宅 | 房屋年限:暂无数据 | 产权所属:非共有 | 抵押信息:无抵押 | 房本备件:未上传房本照片,客厅 / 22.1平米 / 南 / 普通窗 ; 卧室A / 7.98平米 / 无 / 未知窗户类型 ; 卧室B / 7.8平米 / 无 / 未知窗户类型 ; 卧室C / 10.77平米 / 南 / 落地窗 ; 厨房 / 4.34平米 / 北 / 普通窗 ; 卫生间 / 3.02平米 / 西 / 普通窗 ; 阳台 / 2.71平米 / 南 / 普通窗 ; 储物间 / 11.33平米 / 无 / 无窗 ; 过道 / 3.52平米 / 无 / 无窗,
四号线观澜地铁口南向方正两房，业主诚心出售，户型佳,"深业泰然观澜玫瑰苑 , 观澜",2室1厅,72.79平米,南,精装,31层,2016年,板塔结合,320 万,43963 元,0,,,近地铁 | VR房源,https://sz.lianjia.com/ershoufang/105120332402.html,地铁 | VR房源,房子中间楼层，南向采光通风好，业主诚心出售,小区为 综合体，以空中花园为分开住宅与商场。由深圳市国惠康国泰房地产开发有限公司开发，深业泰然（集团）有限公司控股，成立于1985年的深圳市属国有企业，注册资金8亿元，旗下拥有9家控股企业、2家参股企业。资历雄厚,主要配套：深圳市龙华区医院，兴万达，民乐福，百佳华，能满足生活上的需求,"小区门距离有轨轨电车-新澜站100米,，接驳4号线观澜站地铁口直达福田，楼下就是公交站吉盛酒店大公交站台，另外5公里上龙观快速，4公里上珠三角环线高速，各种交通设施配套齐全，出行便利",,,暂无数据,2025-04-08,商品房,普通住宅,暂无数据,非共有,有抵押,挂牌时间:2025-04-08 | 交易权属:商品房 | 上次交易:暂无数据 | 房屋用途:普通住宅 | 房屋年限:暂无数据 | 产权所属:非共有 | 抵押信息:有抵押 | 房本备件:未上传房本照片,客厅 / 20.46平米 / 南 / 普通窗 ; 卧室A / 9.06平米 / 无 / 未知窗户类型 ; 卧室B / 10.94平米 / 无 / 未知窗户类型 ; 厨房 / 4.5平米 / 南 / 普通窗 ; 卫生间 / 2.52平米 / 无 / 普通窗 ; 阳台A / 4.01平米 / 东 南 / 普通窗 ; 阳台B / 1.83平米 / 南 / 普通窗,
满五年，有附带露台可以种花种菜，使用面积大,"懿花园 , 观澜",3室2厅,85.75平米,东南,精装,高楼层(共10层),2014年,板楼,597 万,69621 元,19,,,VR房源,https://sz.lianjia.com/ershoufang/105115392624.html,VR房源,满五年，有附带露台可以种花种菜，使用面积大,和黄懿花园项目（盈峰翠邸）位于横坑水库边，总建筑面积153330㎡，住户共1295户。项目规划为地上建筑4-10层，地下2层，共59栋建筑(其中57栋住宅，2所幼儿园,,项目位于环观南路(即观天大道)以北，梅观高速以东；梅观高速、机荷高速； 公交站点： 观澜高新园-公交车站 招商观园-公交车站 宝德科技-公交车站,,,暂无数据,2023-11-21,商品房,普通住宅,暂无数据,非共有,有抵押,挂牌时间:2023-11-21 | 交易权属:商品房 | 上次交易:暂无数据 | 房屋用途:普通住宅 | 房屋年限:暂无数据 | 产权所属:非共有 | 抵押信息:有抵押 | 房本备件:未上传房本照片,客厅 / 23.32平米 / 无 / 未知窗户类型 ; 多功能间 / 47.68平米 / 西南 东北 东南 / 普通窗 ; 卧室A / 15.22平米 / 无 / 未知窗户类型 ; 卧室B / 10.5平米 / 无 / 落地窗 ; 卧室C / 6.13平米 / 无 / 普通窗 ; 厨房 / 5.2平米 / 无 / 无窗 ; 卫生间A / 3.53平米 / 无 / 普通窗 ; 卫生间B / 3.65平米 / 无 / 无窗 ; 阳台A / 6.11平米 / 无 / 普通窗 ; 阳台B / 12.18平米 / 西南 西北 东南 / 普通窗 ; 楼梯间 / 2.67平米 / 无 / 落地窗 ; 过道A / 2.97平米 / 无 / 无窗 ; 过道B / 2.89平米 / 西北 东南 / 落地窗,
湿地公园旁低密度小高层住宅，房子南北通透，采光好,"招商澜园 , 观澜",4室2厅,151.97平米,南 北,精装,中楼层(共17层),2010年,板塔结合,690 万,45404 元,0,,,近地铁 | VR看装修,https://sz.lianjia.com/ershoufang/105119380329.html,地铁 | VR看装修,房子户型方正，南北通透，中高楼层，采光通风佳,小区由招商地产开发，国家一级物业资质的招商物业管理，小区部分为南北两区，由十三栋高层组成，低密度，是个纯居住的大社区，自带6000平的大花园，人车分流，很适合有老人和小孩的客户，小区自带幼儿园，有固定车位,观澜街道办 休闲区域：世纪广场、观澜文化广场， 商场：设施天虹商场、观澜河湿地公园距离小区近在咫尺。龙华区政府距离小区2公里，属于区政府范围内。项目：地铁1公里的,小区门口就有公交站，途径的公交线众多，有轨电车在小区门口文澜站，直接到达清湖地铁口，竹村地铁口 800米，观澜大桥直接可以上机荷高速，多条公交线路到达罗湖，福田,,,暂无数据,2025-01-02,商品房,普通住宅,暂无数据,非共有,无抵押,挂牌时间:2025-01-02 | 交易权属:商品房 | 上次交易:暂无数据 | 房屋用途:普通住宅 | 房屋年限:暂无数据 | 产权所属:非共有 | 抵押信息:无抵押 | 房本备件:未上传房本照片,客厅 / 26.39平米 / 南 / 落地窗 ; 餐厅 / 9.87平米 / 北 / 落地窗 ; 卧室A / 9.52平米 / 无 / 未知窗户类型 ; 卧室B / 9.39平米 / 无 / 未知窗户类型 ; 卧室C / 11.64平米 / 无 / 未知窗户类型 ; 卧室D / 17.89平米 / 无 / 未知窗户类型 ; 卧室E / 13.07平米 / 无 / 未知窗户类型 ; 厨房 / 6.21平米 / 北 / 落地窗 ; 卫生间A / 3.12平米 / 北 / 普通窗 ; 卫生间B / 5.09平米 / 北 / 普通窗 ; 卫生间C / 4.57平米 / 南 / 普通窗 ; 阳台A / 3.61平米 / 西 北 东 / 落地窗 ; 阳台B / 8.73平米 / 西 东 南 / 落地窗 ; 过道 / 4.32平米 / 无 / 无窗 ; 门厅 / 5.87平米 / 南 / 落地窗,
业主诚心出售，朝南向看花园中间楼层采光通风佳三房！,"阳基御龙山 , 观澜",3室2厅,86.06平米,南,精装,31层,2018年,板塔结合,435 万,50547 元,0,,,VR房源,https://sz.lianjia.com/ershoufang/105115876425.html,VR房源,此房满五年，中间楼层，朝南向，采光通风好,阳基御龙山位于福城办事处福前路南侧，为山水资源同享的高品质纯居项目占地，共922户，其中1、2、3、5栋为住宅，4栋为项目自带的幼儿园,配套齐全，有比邻新天地、天虹商圈，观澜湖新城，购物、休闲、娱乐一应俱全；同时项目自带社区，生活便利,小区门口左转就是公交车站，悦兴围村口：b766路;m225路;m285路;m337路;m464路 距离港铁4号线延长线长湖站距离大概1.6公里 日常交通出行方便,,,暂无数据,2024-01-15,商品房,普通住宅,暂无数据,非共有,有抵押 230万元 农商银行 业主自还,挂牌时间:2024-01-15 | 交易权属:商品房 | 上次交易:暂无数据 | 房屋用途:普通住宅 | 房屋年限:暂无数据 | 产权所属:非共有 | 抵押信息:有抵押 230万元 农商银行 业主自还 | 房本备件:未上传房本照片,客厅 / 26.03平米 / 南 / 普通窗 ; 卧室A / 5.35平米 / 西 北 / 落地窗 ; 卧室B / 7.45平米 / 无 / 未知窗户类型 ; 卧室C / 13.99平米 / 无 / 未知窗户类型 ; 厨房 / 4.61平米 / 西 / 普通窗 ; 卫A / 2.41平米 / 无 / 无窗 ; 卫生间B / 4.26平米 / 西 / 落地窗 ; 阳台 / 4.75平米 / 南 / 普通窗 ; 过道 / 2.19平米 / 无 / 无窗,
龙华观澜 长湖 华盛峰荟精致一居室，买来可以马上入住,"华盛峰荟名庭 , 观澜",1室1厅,43.44平米,南,,中楼层(共36层),2016年,板塔结合,129 万,29697 元,0,,,近地铁 | VR房源,https://sz.lianjia.com/ershoufang/105121164559.html,地铁 | VR房源,房子维护保养好，满5年税费低。高楼层，采光佳,深圳市华盛智地房地产开发有限公司。物业公司：深圳市金洪物业管理服务有限公司，小区24小时安保巡逻。小区内部配套：儿童游乐场，健身活动区，小区园林，商场等,商场：天虹商场，为盛商场，农贸市场：龙华区医院 深圳市龙华新区慢性病防治.观澜医院竹村社区健康服务邮局：中国邮政 中国邮政 观澜邮政局银行：中国建设银行ATM 深圳市农村商.业银行ATM 中国农业银行ATM其他：格兰云天国际大酒店,地铁：4号线长湖站，公交;，福民影剧院;M337路M464路， 1经泗黎路与观光路，3个红绿灯到达梅观高速，梅观高速快速到达福田区； 2．通过观澜大道转机荷高速，可快速到达龙岗，宝安机场..,,,暂无数据,2025-06-21,商品房,商务公寓,暂无数据,非共有,有抵押,挂牌时间:2025-06-21 | 交易权属:商品房 | 上次交易:暂无数据 | 房屋用途:商务公寓 | 房屋年限:暂无数据 | 产权所属:非共有 | 抵押信息:有抵押 | 房本备件:未上传房本照片,客厅 / 11.21平米 / 西 / 落地窗 ; 卧室 / 9.82平米 / 无 / 未知窗户类型 ; 厨房 / 5.09平米 / 西 / 普通窗 ; 卫生间 / 4.08平米 / 无 / 无窗 ; 阳台 / 1.86平米 / 西 / 普通窗,
观湖园地面三层带花园带车位精装直接拎包入住钥匙在手,"观湖园 , 观澜",6室2厅,167.34平米,西北,精装,低楼层(共4层),2009年,板楼,1200 万,71711 元,0,,,VR房源 | 随时看房,https://sz.lianjia.com/ershoufang/105120549936.html,VR房源 | 随时看房,精装5房地面三层可直接拎包入住60平花园直接入户,小区地理位置安静，梅观高速，外环高速，小区里面无高层，整个小区占地37平方米，只有305栋,,,,,暂无数据,2025-04-27,商品房,普通住宅,暂无数据,非共有,有抵押 业主自还,挂牌时间:2025-04-27 | 交易权属:商品房 | 上次交易:暂无数据 | 房屋用途:普通住宅 | 房屋年限:暂无数据 | 产权所属:非共有 | 抵押信息:有抵押 业主自还 | 房本备件:未上传房本照片,,
仁山智水精装4房，业主自住，总高8层小洋房,"城建仁山智水花园一期 , 观澜",4室2厅,137.06平米,南,,高楼层(共9层),2013年,塔楼,840 万,61288 元,0,,,VR看装修,https://sz.lianjia.com/ershoufang/105121387062.html,VR看装修,仁山智水大4房，使用面积高，一梯两户，正南朝向总高8层。,小区是整个观澜片区的标杆住宅，整个小区是别墅跟平层组成，面积108平米到400平米不等。,,,,,暂无数据,2025-07-09,商品房,普通住宅,暂无数据,共有,有抵押,挂牌时间:2025-07-09 | 交易权属:商品房 | 上次交易:暂无数据 | 房屋用途:普通住宅 | 房屋年限:暂无数据 | 产权所属:共有 | 抵押信息:有抵押 | 房本备件:未上传房本照片,,
鹏瑞·颐璟府  89.00m 精装三居室 好房,"鹏瑞·颐璟府 , 观澜",3室2厅,89平米,南,精装,高楼层(共33层),2024年,塔楼,460 万,51686 元,0,,,VR看装修,https://sz.lianjia.com/ershoufang/105121507122.html,VR看装修,此房位于中高楼层 视野采光好 居家精装,鹏瑞颐璟府鹏瑞颐璟府联合 AUBE（欧博）建筑设计及园林景观设计，以三重叠景院落、三重门第礼序、三重会客厅、50余种花木，打造“推窗见景、出门见绿”的生活场景。社区房源量相对大，其选择面也相对广，可满足多层次的置业需求。,,,,,暂无数据,2025-07-20,商品房,普通住宅,暂无数据,非共有,有抵押,挂牌时间:2025-07-20 | 交易权属:商品房 | 上次交易:暂无数据 | 房屋用途:普通住宅 | 房屋年限:暂无数据 | 产权所属:非共有 | 抵押信息:有抵押 | 房本备件:未上传房本照片,,
观湖园临湖大双拼 花园大户型方正,"观湖园 , 观澜",5室2厅,251.1平米,南,毛坯,1层,2012年,板楼,1818 万,72402 元,1,,,VR房源 | 随时看房,https://sz.lianjia.com/ershoufang/105116549322.html,VR房源 | 随时看房,此房满五临湖双拼别墅看湖景花园大户型方正有全明地下室,观湖园项目位于龙华新区观澜镇，邻近梅观高速公路，在梅观高速观澜出口。小区占地面积：37.6、万平方米，东南亚园林景观设计。双拼跟独栋管理费是6.5平米，叠拼的管理费是4.9平米，小区安保严密，24小时巡逻监控,小区南门200米，有菜市场，商场能满足日常所需；距离观澜湖新城约5公 里，观澜湖新城是大型的 MALL，一系列品牌都已进驻，购物娱乐 都相当方便；距离观澜人民医院及伟光医院约6公里。,观湖园别墅小区邻近梅观高速公路，距离梅观高速观澜出口约1.5公里，去南山约33公里，罗湖约30公里，福田约28公里，交通如此便利的接轨市内生活圈。到观澜汽车站和观澜湖新城约五公里，观澜湖新城是大型的Shoig Mll，交通出行娱乐购物也是相当方便,,,暂无数据,2024-04-01,商品房,别墅,暂无数据,非共有,有抵押 客户偿还,挂牌时间:2024-04-01 | 交易权属:商品房 | 上次交易:暂无数据 | 房屋用途:别墅 | 房屋年限:暂无数据 | 产权所属:非共有 | 抵押信息:有抵押 客户偿还 | 房本备件:未上传房本照片,客厅 / 70.03平米 / 无 / 落地窗 ; 卧室A / 15.65平米 / 无 / 普通窗 ; 卧室B / 10.75平米 / 无 / 普通窗 ; 卧室C / 15.13平米 / 无 / 普通窗 ; 卧室D / 17.01平米 / 无 / 落地窗 ; 卧室E / 26.68平米 / 无 / 普通窗 ; 厨房 / 9.5平米 / 无 / 普通窗 ; 卫生间A / 3.15平米 / 无 / 无窗 ; 卫生间B / 4.45平米 / 无 / 无窗 ; 卫生间C / 6.43平米 / 无 / 普通窗 ; 卫生间D / 4.38平米 / 无 / 无窗 ; 卫生间E / 10.8平米 / 无 / 普通窗 ; 阳台A / 5.7平米 / 无 / 普通窗 ; 阳台B / 6.42平米 / 无 / 普通窗 ; 阳台C / 7.91平米 / 无 / 普通窗 ; 阳台D / 9.83平米 / 无 / 普通窗 ; 阳台E / 8.34平米 / 无 / 普通窗 ; 露台 / 69.7平米 / 西南 西北 东北 东南 / 普通窗 ; 储物间A / 81.86平米 / 无 / 落地窗 ; 储物间B / 15.6平米 / 无 / 无窗 ; 过道A / 9.63平米 / 无 / 无窗 ; 过道B / 7.09平米 / 无 / 无窗 ; 过道C / 7.47平米 / 无 / 无窗 ; 衣帽间 / 12.76平米 / 无 / 无窗,
精装修，阳台朝向好，无遮挡，室内安静,"中森公园华府 , 观澜",2室2厅,71.87平米,西南,,中楼层(共30层),2020年,板塔结合,310 万,43134 元,1,,,VR房源,https://sz.lianjia.com/ershoufang/105120055675.html,VR房源,精装修，阳台朝向好，无遮挡，室内安静，诚心出售,开发商为深圳中森，是以房地产为产业的企业，主要以珠三角地区和成渝地区为发展区域。 在深圳有几个住宅地产项目，为人熟知的应该是科技园片区华润城邻居的英伦名苑1-3期，以及龙岗的中森双子座,项目位于龙华区观澜板块，观湖街道的东南方位。所在区域是深圳中轴北的产业，南接坂田天安云谷、龙华宝能科技城，东连平湖金融与现代服务业基地，西临观澜高新产业园， 北为观澜传统制造业聚集地带,,,,暂无数据,2025-03-14,商品房,普通住宅,暂无数据,共有,有抵押,挂牌时间:2025-03-14 | 交易权属:商品房 | 上次交易:暂无数据 | 房屋用途:普通住宅 | 房屋年限:暂无数据 | 产权所属:共有 | 抵押信息:有抵押 | 房本备件:未上传房本照片,客厅 / 26.53平米 / 南 / 普通窗 ; 卧室A / 11.34平米 / 南 / 落地窗 ; 卧室B / 8.59平米 / 无 / 未知窗户类型 ; 厨房 / 5.1平米 / 南 / 普通窗 ; 卫生间 / 2.87平米 / 东 / 普通窗 ; 阳台 / 4.74平米 / 西 南 / 普通窗,
懿花园联排别墅端户 业主自住保养好 诚心卖,"懿花园 , 观澜",6室1厅,183.21平米,东南,精装,1层,2014年,板楼,1200 万,65499 元,0,,,VR房源,https://sz.lianjia.com/ershoufang/105119150861.html,VR房源,满五唯一，联排别墅端户，自带花园和停车位，保养好,小区由由和记黄埔地产(深圳)有限公司开发，位于横坑水库。有联排别墅和小高层组建而成，小区环境舒适宜人，自带底商，配套幼儿园，生活便利。,龙华医院（4600米百度地图测距），龙华综合医院（在建中3100米百度地图测距），新科技园社区健康服务。购物：商场（楼下），天虹（2400米百度地图测距）,,,,暂无数据,2024-12-09,商品房,普通住宅,暂无数据,非共有,有抵押,挂牌时间:2024-12-09 | 交易权属:商品房 | 上次交易:暂无数据 | 房屋用途:普通住宅 | 房屋年限:暂无数据 | 产权所属:非共有 | 抵押信息:有抵押 | 房本备件:未上传房本照片,客厅 / 43.28平米 / 无 / 落地窗 ; 卧室A / 9.22平米 / 无 / 普通窗 ; 卧室B / 13.97平米 / 无 / 未知窗户类型 ; 卧室C / 9.75平米 / 无 / 普通窗 ; 卧室D / 17.85平米 / 无 / 无窗 ; 卧室E / 12.16平米 / 无 / 无窗 ; 卧室F / 21.49平米 / 无 / 落地窗 ; 厨房 / 6.8平米 / 无 / 普通窗 ; 卫生间A / 3.32平米 / 无 / 普通窗 ; 卫B / 2.29平米 / 无 / 普通窗 ; 卫生间C / 3.79平米 / 无 / 普通窗 ; 卫生间D / 4.93平米 / 无 / 普通窗 ; 卫生间E / 3.75平米 / 无 / 普通窗 ; 卫生间F / 7.48平米 / 无 / 落地窗 ; 阳台A / 4.05平米 / 无 / 落地窗 ; 阳台B / 12.34平米 / 无 / 落地窗 ; 储物间A / 4.21平米 / 无 / 无窗 ; 储物间B / 3.72平米 / 无 / 无窗 ; 储物间C / 36.97平米 / 无 / 普通窗 ; 门厅 / 13.61平米 / 无 / 无窗 ; 过道A / 32.56平米 / 无 / 普通窗 ; 过道B / 3.26平米 / 无 / 无窗 ; 过道C / 7.46平米 / 无 / 无窗 ; 过道D / 7.64平米 / 无 / 无窗 ; 过道E / 3.59平米 / 无 / 无窗 ; 衣帽间 / 4.13平米 / 无 / 无窗,
金地天悦湾 小区中间位置 朝南看花园 毛坯原始格局,"金地天悦湾 , 观澜",4室2厅,164.39平米,南,,中楼层(共8层),2012年,板塔结合,780 万,47449 元,0,,,VR房源,https://sz.lianjia.com/ershoufang/105119906553.html,VR房源,此房满五年唯一，毛坯原始格局，小区中间位置安静,小区密度低，由164-447平小高层洋房，复式和别墅组成，纯大户型社区，车位1:2.3以上，小区自带人工湖，会所。,观澜湿地公园，新世纪广场、人民公园。商.业设施：观澜湖新城，天虹商场、格兰郡商.业街。教育设施、。医疗设施：龙华综合医院； 酒店：格兰云天大酒店。银行：平安，中行、工行、招行。,多维立体交通，多条公交线路途经，无论是福田，罗湖，南山还是通往宝安前海等区域便利，开车也十分方便.坐车除了公交以外还可以选择门口轻轨电车，无缝连接地铁四号线清湖站,,,暂无数据,2025-03-03,商品房,普通住宅,暂无数据,非共有,有抵押 300万元 银行 业主自还,挂牌时间:2025-03-03 | 交易权属:商品房 | 上次交易:暂无数据 | 房屋用途:普通住宅 | 房屋年限:暂无数据 | 产权所属:非共有 | 抵押信息:有抵押 300万元 银行 业主自还 | 房本备件:未上传房本照片,客厅 / 35.34平米 / 南 / 普通窗 ; 餐厅 / 19.63平米 / 北 / 普通窗 ; 卧室A / 13.77平米 / 北 / 普通窗 ; 卧室B / 14.23平米 / 北 / 落地窗 ; 卧室C / 19.5平米 / 南 / 落地窗 ; 卧室D / 19.28平米 / 南 / 落地窗 ; 卫生间A / 4.49平米 / 西 / 普通窗 ; 卫生间B / 5.99平米 / 北 / 普通窗 ; 阳台A / 5.67平米 / 西 北 / 普通窗 ; 阳台B / 6.2平米 / 南 / 普通窗,
3大阳台，精装大3房，居住舒适，看园林和高尔夫景观,"观澜湖比佩亚区 , 观澜",3室2厅,156平米,东南,,中楼层(共7层),2011年,板塔结合,502 万,32180 元,4,,,VR看装修,https://sz.lianjia.com/ershoufang/105119434876.html,VR看装修,精装大3房，3大阳台，南北向，居住舒适，看园林和高尔夫景观,观澜湖已经形成国际高尔夫别墅住区，把背景相同、事业有成的人士聚集在一起，创造出生活与事业的平台。在10多平方公里的绿色王国上，建筑覆盖率不到1%，属于纯粹的高尔夫球场中/央物业，完全被球道环/绕，从住宅的任何一个角度，都可以观赏到绿色的景观,小区南门50亿观澜湖新城，观澜湖生态体育公园，观澜天虹商场，兴万达商场等，龙华人民医/院，塘厦人民医/院，小区内有会所/游泳池/健身房/高尔夫业主练习场/穿梭巴士等免费使用园区内有免费巴士接，多条公交直达，高尔夫大道，观光路，观澜大道，观平路等..,园区内有免费巴士接，多条公交直达，高尔夫大道，观光路，观澜大道，观平路等城市主干道环-绕，梅观高速观澜出口2公里，地铁4号线（观澜湖新城站）已开通，观澜湖免费班车随时出行！,,,暂无数据,2025-01-08,商品房,普通住宅,暂无数据,非共有,无抵押,挂牌时间:2025-01-08 | 交易权属:商品房 | 上次交易:暂无数据 | 房屋用途:普通住宅 | 房屋年限:暂无数据 | 产权所属:非共有 | 抵押信息:无抵押 | 房本备件:未上传房本照片,客厅 / 32.96平米 / 西北 东北 / 普通窗 ; 卧室A / 19.88平米 / 东北 / 普通窗 ; 卧室B / 11.51平米 / 无 / 未知窗户类型 ; 卧室C / 9.84平米 / 西北 / 普通窗 ; 厨房 / 6.37平米 / 西北 / 普通窗 ; 卫生间A / 8.61平米 / 无 / 无窗 ; 卫生间B / 4.3平米 / 无 / 无窗 ; 阳台A / 3.45平米 / 西北 东北 / 普通窗 ; 阳台B / 2.74平米 / 西南 西北 东北 / 普通窗 ; 阳台C / 10.35平米 / 西北 东北 东南 / 普通窗 ; 门厅 / 6.58平米 / 无 / 无窗 ; 衣帽间 / 5.51平米 / 无 / 无窗,
大独栋，上下五层，有天台，有花园，临湖水系，,"观湖园 , 观澜",6室2厅,163.08平米,东南,毛坯,3层,2012年,板楼,2242 万,137479 元,0,,,VR房源 | 随时看房,https://sz.lianjia.com/ershoufang/105117411783.html,VR房源 | 随时看房,带电梯位大独栋，上下五层，有天台，有花园，临湖水系，,,配套有农贸市场，门口就是龙华大道，配套完善，有网球场，蓝球场，游泳池，幼儿园。 房主自荐(业主对房源的描述,"：
观湖园别墅小区邻近梅观高速公路，距离梅观高速观澜出口约1.5公里，去南山约33公里，罗湖约30公里，福田约28公里，交通如此便利的接轨市内生活圈。到观澜汽车站和观澜湖新城约五公里l，交通出行娱乐购物也是相当方便",,,暂无数据,2024-06-26,商品房,别墅,暂无数据,非共有,有抵押 银行,挂牌时间:2024-06-26 | 交易权属:商品房 | 上次交易:暂无数据 | 房屋用途:别墅 | 房屋年限:暂无数据 | 产权所属:非共有 | 抵押信息:有抵押 银行 | 房本备件:未上传房本照片,客厅 / 60.98平米 / 西北 东南 / 落地窗 ; 卧室A / 13.82平米 / 东南 / 普通窗 ; 卧室B / 14.91平米 / 东南 / 普通窗 ; 卧室C / 10.63平米 / 西南 / 普通窗 ; 卫生间A / 4.13平米 / 东北 / 普通窗 ; 卫生间B / 9.12平米 / 西北 / 普通窗 ; 阳台A / 4.96平米 / 东北 东南 / 普通窗 ; 阳台B / 10.57平米 / 西南 东南 / 普通窗 ; 阳台C / 9.67平米 / 西南 西北 东北 / 普通窗 ; 阳台D / 103.28平米 / 无 / 普通窗 ; 过道 / 9.69平米 / 无 / 落地窗 ; 门厅 / 25.05平米 / 西北 东南 / 落地窗 ; 天井A / 3.72平米 / 无 / 无窗 ; 天井B / 2.98平米 / 无 / 无窗,
看湖景采光好位置高花园大客厅出阳台,"观湖园 , 观澜",4室2厅,175平米,东南,毛坯,上叠(共4层),2012年,板楼,920 万,52572 元,2,,,VR房源 | 随时看房,https://sz.lianjia.com/ershoufang/105115944413.html,VR房源 | 随时看房,"10年小区经验强烈推荐
叠拼带天台带88平地面大花园90平，",小区是别墅小区，主要是叠拼，双拼，独栋，叠下带花园，叠上带天台，双拼有花园，有天台，独栋，就是独门独院临湖单证双拼，东南朝向，一线湖景，位于园区别墅中间位置，安静。客厅前后花园，侧面阶梯花园，带车库，地下室。实际使用面积约,,,,,暂无数据,2024-01-24,商品房,别墅,暂无数据,非共有,有抵押,挂牌时间:2024-01-24 | 交易权属:商品房 | 上次交易:暂无数据 | 房屋用途:别墅 | 房屋年限:暂无数据 | 产权所属:非共有 | 抵押信息:有抵押 | 房本备件:未上传房本照片,客厅 / 46.18平米 / 无 / 落地飘窗 ; 卧室A / 10.43平米 / 无 / 普通窗 ; 卧室B / 15.96平米 / 无 / 普通窗 ; 卧室C / 12.79平米 / 无 / 普通窗 ; 卧室D / 18.73平米 / 无 / 落地飘窗 ; 厨房 / 9.13平米 / 无 / 普通窗 ; 卫生间A / 5.43平米 / 无 / 普通窗 ; 卫生间B / 3.87平米 / 无 / 无窗 ; 卫生间C / 4.22平米 / 无 / 普通窗 ; 卫生间D / 4.25平米 / 无 / 普通窗 ; 卫生间E / 6.98平米 / 无 / 无窗 ; 阳台A / 5.47平米 / 无 / 普通窗 ; 阳台B / 8.15平米 / 无 / 普通窗 ; 阳台C / 5.93平米 / 无 / 普通窗 ; 露台 / 67.81平米 / 无 / 普通窗 ; 楼梯间 / 7.06平米 / 无 / 普通窗 ; 过道 / 12.13平米 / 无 / 无窗,
满五年，通透户型，精装修，拎包入住，体育公园旁,"珑门二期 , 观澜",4室2厅,106.13平米,南 北,精装,中楼层(共32层),2018年,板塔结合,550 万,51824 元,0,,,VR房源 | 房本满五年,https://sz.lianjia.com/ershoufang/105115696096.html,VR房源 | 房本满五年,本房满五唯一 装修漂亮 四房两卫 看花园景观,小区有75-180平的不同户型，花园绿化面积大，在小区散步或晨跑都是可以的，楼下有生活，买这套房子，可以直接拎包入住,小区背靠公园，生态园，绿色跑道一应俱全，公共交通方便，生活配套齐全，整体适合居家。需要更多户型和楼盘价格对比分析欢迎咨询，希望能为您带来一次专业舒心的看房体验！,门口E巴士和高快24等上下班快线高速直达福田/罗湖； 2公里4个红绿灯可上梅观高速和龙观快速！,,,2018-04-28,2023-12-26,商品房,普通住宅,满五年,非共有,有抵押 客户偿还,挂牌时间:2023-12-26 | 交易权属:商品房 | 上次交易:2018-04-28 | 房屋用途:普通住宅 | 房屋年限:满五年 | 产权所属:非共有 | 抵押信息:有抵押 客户偿还 | 房本备件:已上传房本照片,客厅 / 33.13平米 / 无 / 未知窗户类型 ; 卧室A / 16.21平米 / 无 / 未知窗户类型 ; 卧室B / 9.85平米 / 无 / 未知窗户类型 ; 卧室C / 8.28平米 / 西 / 落地窗 ; 卧室D / 6.59平米 / 东 / 落地窗 ; 厨房 / 8.26平米 / 西 / 普通窗 ; 卫生间A / 5.51平米 / 西 / 落地窗 ; 卫B / 2.95平米 / 无 / 无窗 ; 阳台 / 6.35平米 / 东 南 / 普通窗,
深圳纯别墅小区  居住舒适  小区干净整洁,"观湖园 , 观澜",6室1厅,280.09平米,南,毛坯,1层,2012年,板楼,2660 万,94970 元,0,,,VR房源,https://sz.lianjia.com/ershoufang/105111246665.html,VR房源,中空挑高，深圳纯别墅小区，无高层，容积低,观湖园项目位于龙华新区观澜镇，邻近梅观高速公路，在梅观高速观澜出口。小区占地面积：37.6平方米，容积低，绿化高，东南亚园林景观设计。双拼跟独栋管理费是6.5平米，叠拼的管理费是4.95平米，小区安保严密，24小时巡逻监控,小区南门200米，有菜市场，能满足日常所需；距离观澜湖新城约5公 里，观澜湖新城是大型的，一系列品牌都已进驻，购物娱乐 都相当方便；距离观澜人民医院及伟光医院约6公里。,观湖园纯别墅小区邻近梅观高速公路，距离梅观高速观澜出口约1.5公里 ，去南山约33公里，罗湖约30公里，福田约28公里，交通如此便利的接轨 市内生活圈。到观澜汽车站和观澜湖新城约5公里。,,,暂无数据,2022-08-15,商品房,别墅,暂无数据,非共有,无抵押,挂牌时间:2022-08-15 | 交易权属:商品房 | 上次交易:暂无数据 | 房屋用途:别墅 | 房屋年限:暂无数据 | 产权所属:非共有 | 抵押信息:无抵押 | 房本备件:未上传房本照片,客厅 / 69.37平米 / 东北 东南 / 落地窗 ; 卧室A / 10.71平米 / 西北 / 普通窗 ; 卧室B / 15.93平米 / 西北 / 普通窗 ; 卧室C / 14.29平米 / 东南 / 普通窗 ; 卧室D / 17.01平米 / 无 / 落地窗 ; 卧室E / 39.61平米 / 无 / 普通窗 ; 卧室F / 17.28平米 / 西北 东南 / 落地窗 ; 厨房 / 9.55平米 / 西北 / 普通窗 ; 卫生间A / 3.28平米 / 无 / 无窗 ; 卫生间B / 6.47平米 / 西北 / 普通窗 ; 卫生间C / 4.48平米 / 无 / 无窗 ; 卫生间D / 4.66平米 / 无 / 无窗 ; 卫生间E / 10.76平米 / 无 / 普通窗 ; 卫生间F / 3.38平米 / 西北 / 普通窗 ; 阳台A / 5.64平米 / 东北 东南 / 普通窗 ; 阳台B / 4.27平米 / 西南 西北 东北 / 普通窗 ; 阳台C / 7.66平米 / 东北 东南 / 普通窗 ; 阳台D / 9.92平米 / 无 / 普通窗 ; 阳台E / 6.18平米 / 无 / 普通窗 ; 阳台F / 21.4平米 / 西南 西北 东北 / 普通窗 ; 露台 / 27.01平米 / 西南 东北 东南 / 普通窗 ; 车库 / 15.83平米 / 无 / 无窗 ; 地下室 / 82.21平米 / 无 / 落地窗 ; 过道A / 10.3平米 / 无 / 无窗 ; 过道B / 7.07平米 / 无 / 无窗 ; 过道C / 7.75平米 / 无 / 无窗,
华为老板为邻，观澜湖大宅，前后花园2300平，售6千万,"观澜湖 , 观澜",6室3厅,700平米,西南,毛坯,低楼层(共3层),,,5921 万,84586 元,3,,,VR房源,https://sz.lianjia.com/ershoufang/105113023679.html,VR房源,满五年，户型高档大 气，毛坯，后花园大。,观澜湖是香港骏豪集团开发，先开发高尔夫球场，再开发房产，房子依球场而建，保证到每套房子的景观和采光，小区低密度，居住环境优美，安静，小区南门口有观澜湖新城.生态体育公园等等，出则繁华，入则安静。,小区规划自带3200平方的12班中英双语幼儿园，观澜湖新城，高尔夫球场，观澜湖国际學校，地铁4号线，工商银行。观澜人民医院等,小区南门口是地铁四号线的观澜湖站，多条公交线经过，小区到宝安机场39公里（百度地图显示），小区到深圳北站20公里（百度地图显示），小区皇岗口岸30公里（百度地图显示），小区到龙华区人民医院11公里（百度地图显示）,,,暂无数据,2023-03-15,商品房,普通住宅,暂无数据,非共有,有抵押,挂牌时间:2023-03-15 | 交易权属:商品房 | 上次交易:暂无数据 | 房屋用途:普通住宅 | 房屋年限:暂无数据 | 产权所属:非共有 | 抵押信息:有抵押 | 房本备件:未上传房本照片,客厅 / 142.1平米 / 西南 西北 东北 / 普通窗 ; 卧室A / 14.44平米 / 东 东北 南 东南 / 普通窗 ; 卧室B / 27.41平米 / 无 / 落地窗 ; 卧室C / 23.78平米 / 无 / 普通窗 ; 卧室D / 14.4平米 / 无 / 落地窗 ; 卧室E / 23.64平米 / 无 / 普通窗 ; 卧室F / 32.41平米 / 无 / 落地窗 ; 卧室G / 20.84平米 / 无 / 普通窗 ; 厨房 / 30平米 / 西南 西北 / 普通窗 ; 卫生间A / 7.7平米 / 东北 / 普通窗 ; 卫生间B / 8.58平米 / 无 / 无窗 ; 卫生间C / 10.84平米 / 无 / 普通窗 ; 卫生间D / 7.38平米 / 无 / 普通窗 ; 卫生间E / 9.56平米 / 无 / 普通窗 ; 卫生间F / 25.13平米 / 无 / 普通窗 ; 卫生间G / 4.81平米 / 无 / 普通窗 ; 阳台A / 154.7平米 / 西南 西北 东南 / 普通窗 ; 阳台B / 32.85平米 / 无 / 普通窗 ; 阳台C / 8.68平米 / 无 / 普通窗 ; 阳台D / 4.27平米 / 无 / 普通窗 ; 花园 / 945.15平米 / 无 / 无窗 ; 储物间A / 517.27平米 / 无 / 无窗 ; 储物间B / 4.32平米 / 无 / 无窗 ; 车库 / 45.9平米 / 无 / 无窗 ; 阁楼 / 93.89平米 / 无 / 无窗 ; 入户花园 / 505.12平米 / 西北 东北 东南 / 普通窗 ; 地下室 / 413.93平米 / 无 / 无窗 ; 电梯A / 2.12平米 / 无 / 无窗 ; 过道A / 48.3平米 / 无 / 无窗 ; 电梯B / 1.98平米 / 西南 东北 / 落地窗 ; 过道B / 91.45平米 / 无 / 落地窗 ; 电梯C / 1.67平米 / 无 / 落地窗 ; 过道C / 53.82平米 / 无 / 落地窗 ; 电梯D / 3.3平米 / 无 / 无窗 ; 衣帽间A / 3.41平米 / 无 / 无窗 ; 衣帽间B / 4.18平米 / 无 / 无窗 ; 衣帽间C / 6.61平米 / 无 / 无窗,
大花园楼间距宽敞，高楼层通风采光好视野开阔,"万科九龙山 , 观澜",3室2厅,88.72平米,南,精装,高楼层(共33层),2016年,板楼,370 万,41705 元,0,,,VR看装修,https://sz.lianjia.com/ershoufang/105121972250.html,VR看装修,大花园楼间距宽敞，高楼层通风采光好视野开阔,小区绿景多，楼间距宽敞，停车位充足，住户素质高，邻里关系融洽，有幼儿园，小区物业管理严格，生活安心，小区门口就有公交站，方便出行,配套有观澜天虹、兴万达广场、比邻新天地、中航格澜郡商圈、观澜老镇商圈、深圳绿道5号线、楼盘旁就是九龙山生态园，茜坑水库、大水坑水库、狮径公园、观澜人民医院,,,,暂无数据,2025-08-31,商品房,普通住宅,暂无数据,非共有,有抵押,挂牌时间:2025-08-31 | 交易权属:商品房 | 上次交易:暂无数据 | 房屋用途:普通住宅 | 房屋年限:暂无数据 | 产权所属:非共有 | 抵押信息:有抵押 | 房本备件:未上传房本照片,,
临湖大双拼(单证)，中空客厅南北向，带私家码头大花园,"观湖园 , 观澜",7室1厅,348.25平米,西南,,1层,2009年,板楼,2420 万,69491 元,1,,,VR房源 | 随时看房,https://sz.lianjia.com/ershoufang/105117114793.html,VR房源 | 随时看房,此房满五唯一，西南朝向，带大花园，采光好，临湖带私家码头,观湖园项目位于龙华新区观澜镇，邻近梅观高速公路，在梅观高速观澜出口旁。小区占地面积：37.6 萬平方米，东南亚园林景观设计。双拼跟独栋管理费是6.5平米，叠拼的管理费是4.9平米，小区安保严密，24小时巡逻监控。,距离观澜湖新城约5公里，观澜湖新城是大型的Shop Mall，一系列品牌都有进驻新城，购物娱乐都相当方便。距离观澜人民医院及伟光医院约6公里。小区1公里范围内，碧澜外国语小.學，行知中.学,观湖园别墅小区邻近梅观高速公路，距离梅观高速观澜出口约1.5公里，去南山约33公里，罗湖约30公里，福田约28公里，交通如此便利的接轨市内生活圈。到观澜汽车站和观澜湖新城约五公里，观澜湖新城是大型的Shop Mall，交通出行娱乐购物也是相当方便,,,暂无数据,2024-05-27,商品房,普通住宅,暂无数据,非共有,有抵押 500万元 业主自还,挂牌时间:2024-05-27 | 交易权属:商品房 | 上次交易:暂无数据 | 房屋用途:普通住宅 | 房屋年限:暂无数据 | 产权所属:非共有 | 抵押信息:有抵押 500万元 业主自还 | 房本备件:未上传房本照片,客厅 / 94.96平米 / 东 南 / 普通窗 ; 书房 / 9.69平米 / 无 / 普通窗 ; 卧室A / 17.48平米 / 无 / 普通窗 ; 卧室B / 13.44平米 / 无 / 落地窗 ; 卧室C / 10.94平米 / 无 / 普通窗 ; 卧室D / 17.19平米 / 无 / 普通窗 ; 卧室E / 33.99平米 / 无 / 普通窗 ; 卧室F / 24.1平米 / 无 / 普通窗 ; 厨房 / 11.06平米 / 北 / 普通窗 ; 卫生间A / 4.08平米 / 无 / 无窗 ; 卫生间B / 3.47平米 / 无 / 普通窗 ; 卫生间C / 4.31平米 / 无 / 普通窗 ; 卫生间D / 3.52平米 / 无 / 普通窗 ; 卫生间E / 5.09平米 / 无 / 无窗 ; 卫生间F / 3.36平米 / 无 / 普通窗 ; 卫生间G / 11.74平米 / 无 / 普通窗 ; 卫生间H / 3.81平米 / 无 / 普通窗 ; 阳台A / 14.96平米 / 西 东 南 / 普通窗 ; 阳台B / 10.35平米 / 无 / 普通窗 ; 阳台C / 8.26平米 / 无 / 普通窗 ; 阳台D / 3.24平米 / 无 / 普通窗 ; 阳台E / 8.39平米 / 无 / 普通窗 ; 阳台F / 12.35平米 / 无 / 普通窗 ; 阳台G / 18.32平米 / 无 / 普通窗 ; 阳台H / 39.47平米 / 无 / 普通窗 ; 车库 / 12.79平米 / 无 / 无窗 ; 地下室 / 109.41平米 / 无 / 落地窗 ; 楼梯间 / 7.2平米 / 无 / 无窗 ; 过道A / 23.92平米 / 无 / 无窗 ; 过道B / 7.06平米 / 无 / 无窗 ; 衣帽间 / 7.39平米 / 无 / 无窗,
天悦湾三层大复式，看山看水，通风采光好,"金地天悦湾 , 观澜",5室2厅,192.96平米,西南,,高楼层(共8层),2012年,板塔结合,1490 万,77219 元,0,,,VR房源,https://sz.lianjia.com/ershoufang/105120792485.html,VR房源,此房满五年 高楼层视野开阔 四世同堂,项目位于宝安区观澜街道梅观高速与环观南路交汇处，地处观澜鹭湖国际社区，由金地集团开发建造，金地物业，分两期开发；友邻高尔夫球会，距福田18公里，真正享受城市近郊别墅生活，入则宁静，出则繁华。,,多维立体交通，多条公交线路途经，无论是福田，罗湖，南山还是通往宝安前海等区域便利，开车也十分方便.坐车除了公交以外还可以选择门口轻轨电车，无缝连接地铁四号线清湖站；,,,暂无数据,2025-05-20,商品房,普通住宅,暂无数据,非共有,无抵押,挂牌时间:2025-05-20 | 交易权属:商品房 | 上次交易:暂无数据 | 房屋用途:普通住宅 | 房屋年限:暂无数据 | 产权所属:非共有 | 抵押信息:无抵押 | 房本备件:未上传房本照片,,
4号线地铁站次新刚需3房 楼层佳视野好配套齐全,"万科启城 , 观澜",3室2厅,80.98平米,东南,,中楼层(共48层),2023年,板塔结合,400 万,49395 元,0,,,近地铁 | VR看装修,https://sz.lianjia.com/ershoufang/105119992492.html,地铁 | VR看装修,中高楼层次新高层三房，业主急卖，看房方便,小区环境不错，新式园林设计，适合刚需居家，，适合年轻人，围合式小区楼间距大,,"交通方便，出门800米就到地铁站长湖站，门口就是公交站，E36，M545,450,8分可以上梅观高速",,,2024-11-22,2025-03-10,商品房,普通住宅,未满两年,非共有,有抵押 按揭贷款,挂牌时间:2025-03-10 | 交易权属:商品房 | 上次交易:2024-11-22 | 房屋用途:普通住宅 | 房屋年限:未满两年 | 产权所属:非共有 | 抵押信息:有抵押 按揭贷款 | 房本备件:已上传房本照片,客厅 / 19平米 / 西 / 普通窗 ; 卧室A / 5.95平米 / 西 / 普通窗 ; 卧室B / 9.67平米 / 无 / 未知窗户类型 ; 卧室C / 5.93平米 / 无 / 未知窗户类型 ; 厨房 / 4.19平米 / 北 / 普通窗 ; 卫生间 / 6.82平米 / 东 / 落地窗 ; 阳台 / 6.34平米 / 西 / 普通窗 ; 过道 / 3.59平米 / 无 / 无窗,
双拼别墅  4房  2厅 3卫,"观湖园 , 观澜",4室1厅,194.88平米,东南,简装,3层,2012年,板楼,1023 万,52494 元,2,,,VR房源,https://sz.lianjia.com/ershoufang/105117290921.html,VR房源,双拼别墅上下5层开放式天台，花园150平东南朝向,观湖园项目位于龙华新区观澜镇，邻近梅观高速公路，在梅观高速观澜出口。小区占地面积：37.万平方米，东南亚园林景观设计。双拼跟独栋管理费是6.5平米，叠拼的管理费是4.9平米，小区安保严密，24小时巡逻监控,距离观澜湖新城约5公里，观澜湖新城是大型的Shoig Mll，一系列品牌都有进驻新城，购物娱乐都相当方便。距离观澜人民医院及伟光医院约6公里,观湖园别墅小区邻近梅观高速公路，距离梅观高速观澜出口约1.5公里，去南山约33公里，罗湖约30公里，福田约28公里，交通如此便利的接轨市内生活圈。到观澜汽车站和观澜湖新城约五公里，观澜湖新城是大型的Shoig Mll，交通出行娱乐购物也是相当方便,,,暂无数据,2024-06-14,商品房,别墅,暂无数据,非共有,有抵押,挂牌时间:2024-06-14 | 交易权属:商品房 | 上次交易:暂无数据 | 房屋用途:别墅 | 房屋年限:暂无数据 | 产权所属:非共有 | 抵押信息:有抵押 | 房本备件:未上传房本照片,客厅 / 47.08平米 / 西 北 / 普通窗 ; 书房 / 13.26平米 / 西 / 普通窗 ; 卧室A / 18.77平米 / 北 东 / 落地窗 ; 卧室B / 17.71平米 / 无 / 未知窗户类型 ; 卧室C / 18.99平米 / 北 / 普通窗 ; 卧室D / 14.83平米 / 南 / 普通窗 ; 厨房 / 6.45平米 / 南 / 普通窗 ; 卫A / 2.36平米 / 南 / 普通窗 ; 卫生间B / 4.35平米 / 西 / 普通窗 ; 卫生间C / 7.74平米 / 西 / 普通窗 ; 阳台A / 6.76平米 / 西 北 东 / 普通窗 ; 阳台B / 6.05平米 / 西 北 东 / 普通窗 ; 阳台C / 9.32平米 / 西 东 南 / 普通窗 ; 露台 / 46.39平米 / 西 北 东 南 / 普通窗 ; 地下室 / 41.08平米 / 西 / 普通窗 ; 过道A / 6.35平米 / 无 / 无窗 ; 过道B / 6.3平米 / 无 / 无窗 ; 过道C / 5.89平米 / 无 / 无窗 ; 衣帽间 / 7.68平米 / 无 / 无窗,
独栋别墅，带大花园毛坯。业主诚心出售,"观湖园 , 观澜",5室2厅,110.91平米,东南,,3层,2012年,板楼,751 万,67713 元,48,,,VR房源,https://sz.lianjia.com/ershoufang/105107957471.html,VR房源,独栋别墅，带大花园毛坯。业主诚心出售,观湖园项目位于龙华新区观澜镇，邻近梅观高速公路，在梅观高速观澜出口。小区占地面积：376000平方米，容积低，绿化高，东南亚园林景观设计。双拼跟独栋管理费是6.5平米，叠拼的管理费是4.95平米，小区安保严密，24小时巡逻监控。,小区南门200米，有菜市场，chao市能满足日常所需；距离观澜湖新城约5公 里，观澜湖新城是大型的SHOPING MALL，一系列品牌都已进驻，购物娱乐 都相当方便；距离观澜人民医院及伟光医院约6公里。,观湖园纯别墅小区邻近梅观高速公路，距离梅观高速观澜出口约1.5公里 ，去南山约33公里，罗湖约30公里，福田约28公里，交通如此便利的接轨 市内生活圈。到观澜汽车站和观澜湖新城约5公里。,,,暂无数据,2021-07-14,商品房,别墅,暂无数据,非共有,有抵押,挂牌时间:2021-07-14 | 交易权属:商品房 | 上次交易:暂无数据 | 房屋用途:别墅 | 房屋年限:暂无数据 | 产权所属:非共有 | 抵押信息:有抵押 | 房本备件:未上传房本照片,客厅 / 102.5平米 / 西南 西北 东北 东南 / 落地窗 ; 多功能间 / 107.41平米 / 无 / 普通窗 ; 卧室A / 68.31平米 / 无 / 普通窗 ; 卧室B / 33.45平米 / 无 / 普通窗 ; 卧室C / 56.54平米 / 无 / 落地飘窗 ; 阳台A / 9.24平米 / 无 / 普通窗 ; 阳台B / 4.42平米 / 无 / 普通窗 ; 阳台C / 5.53平米 / 无 / 普通窗 ; 露台 / 84.65平米 / 无 / 普通窗 ; 花园 / 98.26平米 / 西北 东北 东南 / 普通窗 ; 储物间 / 84.16平米 / 无 / 普通窗 ; 楼梯间 / 7.72平米 / 无 / 普通窗,
房子满五唯一，装修保养好，南向采光通风好,"阳基御龙山 , 观澜",3室2厅,86.06平米,南,精装,31层,2018年,板塔结合,295 万,34279 元,0,,,VR看装修 | 房本满五年,https://sz.lianjia.com/ershoufang/105121590249.html,VR看装修 | 房本满五年,房子满五唯一，业主自住的，装修保养好，南向采光通风好,阳基御龙山位于福城办事处福前路南侧，为山水资源同享的高品质纯居项目，共922户，1、2、3、5栋为住宅,配套齐全，有丰盛大地、天虹商圈，观澜湖新城，购物、休闲、娱乐一应俱全；同时项目自带社区，生活便利。,小区门口左转就是公交车站，悦兴围村口：b766路;m225路;m285路;m337路;m464路 距离港铁4号线延长线长湖站距离大概800米 日常交通出行方便,,,2018-08-07,2025-07-27,商品房,普通住宅,满五年,非共有,无抵押,挂牌时间:2025-07-27 | 交易权属:商品房 | 上次交易:2018-08-07 | 房屋用途:普通住宅 | 房屋年限:满五年 | 产权所属:非共有 | 抵押信息:无抵押 | 房本备件:已上传房本照片,,
福安雅园 4室2厅 东南 南,"福安雅园 , 观澜",4室2厅,120.28平米,东南 南,,低楼层(共34层),2015年,,360 万,29931 元,0,,,VR看装修 | 房本满五年,https://sz.lianjia.com/ershoufang/105121960097.html,VR看装修 | 房本满五年,,,,,,,2015-07-20,2025-08-30,商品房,普通住宅,满五年,共有,无抵押,挂牌时间:2025-08-30 | 交易权属:商品房 | 上次交易:2015-07-20 | 房屋用途:普通住宅 | 房屋年限:满五年 | 产权所属:共有 | 抵押信息:无抵押 | 房本备件:已上传房本照片,,
观澜次新小区万科启城精装3房东南向高楼层诚意出售,"万科启城 , 观澜",3室1厅,79平米,南,精装,中楼层(共48层),2023年,板塔结合,460 万,58228 元,0,,,近地铁 | VR房源,https://sz.lianjia.com/ershoufang/105120480440.html,地铁 | VR房源,小区刚交房1年左右，房子新，户型格局方正，东南向阳,小区人车分流，6栋高层，围合式花园，小区有泳池有儿童乐园，门口有长湖公园和三外，600米长湖地铁站，300米有菜市场，生活方便居家舒适,,,,,暂无数据,2025-04-21,商品房,普通住宅,暂无数据,非共有,有抵押 中国银行 金融公司垫资,挂牌时间:2025-04-21 | 交易权属:商品房 | 上次交易:暂无数据 | 房屋用途:普通住宅 | 房屋年限:暂无数据 | 产权所属:非共有 | 抵押信息:有抵押 中国银行 金融公司垫资 | 房本备件:未上传房本照片,客厅 / 18.85平米 / 西南 / 普通窗 ; 卧室A / 6.05平米 / 无 / 未知窗户类型 ; 卧室B / 9.89平米 / 无 / 未知窗户类型 ; 卧室C / 5.67平米 / 西南 / 普通窗 ; 厨房 / 4.07平米 / 西北 / 普通窗 ; 卫生间 / 6.53平米 / 东北 / 落地窗 ; 阳台 / 6.82平米 / 西南 / 普通窗 ; 过道 / 3.55平米 / 无 / 无窗,
业主忍痛割爱红本在手满五采光好视野开阔,"观湖园 , 观澜",4室2厅,192.21平米,东南,毛坯,上叠(共4层),2012年,板楼,980 万,50986 元,1,,,VR房源 | 随时看房,https://sz.lianjia.com/ershoufang/105121829018.html,VR房源 | 随时看房,纯别墅小区位置好红本在手满五采光好视野开阔,观湖园是一个纯别墅小区，适合喜欢花园，喜欢低密度小区的客户群体，有花园有天台,,,,,暂无数据,2025-08-18,商品房,别墅,暂无数据,非共有,无抵押,挂牌时间:2025-08-18 | 交易权属:商品房 | 上次交易:暂无数据 | 房屋用途:别墅 | 房屋年限:暂无数据 | 产权所属:非共有 | 抵押信息:无抵押 | 房本备件:未上传房本照片,,
观湖园独栋别墅6房2厅，东南朝向，看房方便,"观湖园 , 观澜",6室2厅,186.84平米,南,,3层,2012年,板楼,2221 万,118872 元,1,,,VR房源 | 随时看房,https://sz.lianjia.com/ershoufang/105117411764.html,VR房源 | 随时看房,此房满了五年，临水，视野开阔，户型方正，采光充足,得房率高，门口有很多停车位，方便停车 小区绿化高，环境好，车位充足。,,,,,暂无数据,2024-06-26,商品房,别墅,暂无数据,非共有,无抵押,挂牌时间:2024-06-26 | 交易权属:商品房 | 上次交易:暂无数据 | 房屋用途:别墅 | 房屋年限:暂无数据 | 产权所属:非共有 | 抵押信息:无抵押 | 房本备件:未上传房本照片,客厅 / 67.37平米 / 西北 东北 东南 / 落地窗 ; 卧室A / 13.9平米 / 无 / 无窗 ; 卧室B / 15.3平米 / 无 / 普通窗 ; 卧室C / 21.14平米 / 无 / 普通窗 ; 厨房 / 5.79平米 / 西南 / 普通窗 ; 卫生间A / 3.87平米 / 东北 / 普通窗 ; 卫生间B / 4.03平米 / 无 / 普通窗 ; 卫生间C / 4.08平米 / 无 / 普通窗 ; 卫生间D / 4.21平米 / 无 / 普通窗 ; 阳台A / 19.49平米 / 西南 西北 东北 / 普通窗 ; 阳台B / 4.91平米 / 无 / 普通窗 ; 阳台C / 6.85平米 / 无 / 普通窗 ; 阳台D / 5.3平米 / 无 / 普通窗 ; 地下室 / 109.97平米 / 无 / 落地窗 ; 天井A / 2.68平米 / 无 / 落地窗 ; 过道A / 12.67平米 / 东北 / 普通窗 ; 天井B / 3.77平米 / 无 / 无窗 ; 过道B / 13.98平米 / 无 / 无窗,
纯别墅区 毛坯4房 环境好 带二大露台 使用率高 带车位,"观湖园 , 观澜",5室1厅,192.21平米,西南,毛坯,上叠(共4层),2012年,板楼,750 万,39020 元,41,,,VR房源,https://sz.lianjia.com/ershoufang/105106274991.html,VR房源,容积低，绿化高，东南亚园林景观设计 毛坯4房 环境好带二大露台,观湖园项目位于龙华新区观澜镇，邻近梅观高速公路，在梅观高速观澜出口。小区占地面积：37.6弯平方米，容积低，绿化高，东南亚园林景观设计。双拼跟独栋管理费是6.5平米，叠拼的管理费是4.95平米，小区安保严密，24小时巡逻监控,小区南门200米，有菜市场，商场能满足日常所需；距离观澜湖新城约5公 里，观澜湖新城是大型的SHOPING MALL，一系列品牌都已进驻，购物娱乐 都相当方便；距离观澜人民医院及伟光医院约6公里。,观湖园纯别墅小区邻近梅观高速公路，距离梅观高速观澜出口约1.5公里 ，去南山约33公里，罗湖约30公里，福田约28公里，交通如此便利的接轨 市内生活圈。到观澜汽车站和观澜湖新城约5公里。,,,暂无数据,2021-01-16,商品房,别墅,暂无数据,非共有,无抵押,挂牌时间:2021-01-16 | 交易权属:商品房 | 上次交易:暂无数据 | 房屋用途:别墅 | 房屋年限:暂无数据 | 产权所属:非共有 | 抵押信息:无抵押 | 房本备件:未上传房本照片,客厅 / 51.95平米 / 西 东 南 / 落地窗 ; 卧室A / 9.79平米 / 无 / 未知窗户类型 ; 卧室B / 14.75平米 / 南 / 普通窗 ; 卧室C / 13.4平米 / 南 / 普通窗 ; 卧室D / 16.87平米 / 无 / 未知窗户类型 ; 卧室E / 8.21平米 / 南 / 普通窗 ; 厨房 / 9.67平米 / 西 / 普通窗 ; 卫生间A / 3.24平米 / 无 / 无窗 ; 卫生间B / 7.4平米 / 北 / 普通窗 ; 卫生间C / 10.12平米 / 北 / 普通窗 ; 阳台A / 31.38平米 / 西 南 / 普通窗 ; 阳台B / 6.28平米 / 西 北 / 普通窗 ; 阳台C / 4.23平米 / 西 南 / 普通窗 ; 阳台D / 35.57平米 / 西 北 东 南 / 普通窗 ; 储物间 / 4.28平米 / 无 / 无窗 ; 过道A / 9.56平米 / 无 / 无窗 ; 过道B / 8.3平米 / 北 / 普通窗 ; 过道C / 7.16平米 / 北 / 落地窗,
临湖双拼别墅 正看湖景  位置好 看房方便,"观湖园 , 观澜",6室2厅,247.49平米,南,毛坯,1层,2012年,板楼,1621 万,65498 元,1,,,VR房源 | 随时看房,https://sz.lianjia.com/ershoufang/105106236939.html,VR房源 | 随时看房,此方房户型方正，采光通透，视野开阔，带车位带院子，格局好.,,,,,,暂无数据,2021-01-11,商品房,别墅,暂无数据,非共有,有抵押,挂牌时间:2021-01-11 | 交易权属:商品房 | 上次交易:暂无数据 | 房屋用途:别墅 | 房屋年限:暂无数据 | 产权所属:非共有 | 抵押信息:有抵押 | 房本备件:未上传房本照片,客厅 / 68.6平米 / 西北 东北 / 落地窗 ; 卧室A / 13.67平米 / 无 / 普通窗 ; 卧室B / 11.39平米 / 无 / 普通窗 ; 卧室C / 14.42平米 / 无 / 普通窗 ; 卧室D / 17.47平米 / 无 / 未知窗户类型 ; 卧室E / 38.28平米 / 无 / 普通窗 ; 厨房 / 10.63平米 / 东南 / 普通窗 ; 卫生间A / 2.51平米 / 无 / 无窗 ; 卫生间B / 4.53平米 / 无 / 无窗 ; 卫生间C / 7.27平米 / 无 / 普通窗 ; 卫生间D / 4.49平米 / 无 / 无窗 ; 卫生间E / 11.95平米 / 无 / 普通窗 ; 阳台A / 5.79平米 / 西北 东北 / 普通窗 ; 阳台B / 8.87平米 / 无 / 普通窗 ; 阳台C / 8.21平米 / 无 / 普通窗 ; 阳台D / 11.05平米 / 无 / 普通窗 ; 阳台E / 8.18平米 / 无 / 普通窗 ; 露台 / 81.91平米 / 西南 西北 东北 东南 / 普通窗 ; 车库 / 14.53平米 / 无 / 无窗 ; 地下室 / 82.59平米 / 无 / 落地窗 ; 楼梯间 / 7.22平米 / 无 / 无窗 ; 过道A / 9.47平米 / 无 / 无窗 ; 过道B / 7.05平米 / 无 / 无窗,
满五税费少 东南看花园 重新精装采光好 诚意出售,"懿花园 , 观澜",3室2厅,89.79平米,东南,精装,中楼层(共10层),2013年,板楼,430 万,47890 元,26,,,VR看装修 | 房本满五年,https://sz.lianjia.com/ershoufang/105106475548.html,VR看装修 | 房本满五年,满五税费少 东南看花园 重新精装采光好 诚意出售,和黄懿花园也叫盈峰翠邸，由和记黄埔地产(深圳)有限公司开发，位于横坑水库。项目规划为地上建筑4-10层，地下2层，共59栋建筑(其中57栋住宅，2所幼儿园，及公建以地下室形式布置于地块南端)。 机动车位：600个；高层地库车位385个，多层地库车位200个,医疗：龙华中 心医院（4600米百度地图测距），龙华综合医院（在建中3100米百度地图测距），新科技园社区健康服务中 心。购物：宝 地利商场（楼下），佳又惠百货医院，天虹（2400米百度地图测距）,,,,2013-03-31,2021-02-25,商品房,普通住宅,满五年,非共有,有抵押,挂牌时间:2021-02-25 | 交易权属:商品房 | 上次交易:2013-03-31 | 房屋用途:普通住宅 | 房屋年限:满五年 | 产权所属:非共有 | 抵押信息:有抵押 | 房本备件:已上传房本照片,客厅 / 27.05平米 / 无 / 未知窗户类型 ; 卧室A / 10.64平米 / 西 北 南 / 落地窗 ; 卧室B / 19.84平米 / 西 东 南 / 落地窗 ; 卧室C / 5.87平米 / 南 / 普通窗 ; 厨房 / 6.36平米 / 西 / 普通窗 ; 卫生间A / 3.51平米 / 无 / 普通窗 ; 卫生间B / 3.5平米 / 西 / 普通窗 ; 阳台A / 5.47平米 / 西 / 普通窗 ; 阳台B / 6.31平米 / 东 南 / 普通窗 ; 储物间 / 5.23平米 / 西 北 / 落地窗,
观湖园  临湖  大双拼别墅   上下五层    花园200平,"观湖园 , 观澜",6室2厅,280平米,南,毛坯,1层,2012年,板楼,1836 万,65572 元,19,,,VR房源 | 房本满五年 | 随时看房,https://sz.lianjia.com/ershoufang/105105901522.html,VR房源 | 房本满五年 | 随时看房,纯别墅小区，临湖双拼别墅，看一线湖景,观湖园项目位于龙华新区观澜镇，邻近梅观高速公路，在梅观高速观澜出口旁。小区占地面积：37.***AN平方米，东南亚园林景观设计。双拼跟独栋管理费是6.5平米，叠拼的管理费是4.9平米，小区安保严密，24小时巡逻监控。,距离观澜湖新城约5公里，观澜湖新城是大型的Shoig Mll，一系列品牌都有进驻新城，购物娱乐都相当方便。距离观澜人民医院及伟光医院约6公里。小区到库坑小.學约1公里。,观湖园别墅小区邻近梅观高速公路，距离梅观高速观澜出口约1.5公里，去南山约33公里，罗湖约30公里，福田约28公里，交通如此便利的接轨市内生活圈。到观澜汽车站和观澜湖新城约五公里，观澜湖新城是大型的Shoig Mll，交通出行娱乐购物也是相当方便,,,2009-12-17,2020-11-29,商品房,别墅,满五年,非共有,无抵押,挂牌时间:2020-11-29 | 交易权属:商品房 | 上次交易:2009-12-17 | 房屋用途:别墅 | 房屋年限:满五年 | 产权所属:非共有 | 抵押信息:无抵押 | 房本备件:已上传房本照片,客厅 / 68.9平米 / 北 东 / 落地窗 ; 卧室A / 13.98平米 / 无 / 普通窗 ; 卧室B / 11.07平米 / 无 / 普通窗 ; 卧室C / 15.29平米 / 无 / 普通窗 ; 卧室D / 39.98平米 / 无 / 普通窗 ; 卧室E / 16.61平米 / 无 / 落地窗 ; 卧室F / 17.47平米 / 无 / 落地窗 ; 厨房 / 9.38平米 / 南 / 普通窗 ; 卫生间A / 3.19平米 / 无 / 无窗 ; 卫生间B / 6.44平米 / 无 / 普通窗 ; 卫生间C / 4.54平米 / 无 / 无窗 ; 卫生间D / 11.12平米 / 无 / 普通窗 ; 卫生间E / 4.45平米 / 无 / 无窗 ; 卫生间F / 3.62平米 / 无 / 普通窗 ; 阳台A / 5.72平米 / 北 东 / 普通窗 ; 阳台B / 7.47平米 / 无 / 普通窗 ; 阳台C / 6.34平米 / 无 / 普通窗 ; 阳台D / 8.88平米 / 无 / 普通窗 ; 阳台E / 9.44平米 / 无 / 普通窗 ; 阳台F / 26.12平米 / 无 / 普通窗 ; 阳台G / 21.6平米 / 无 / 普通窗 ; 车库 / 16.3平米 / 无 / 无窗 ; 地下室 / 83.08平米 / 无 / 落地窗 ; 过道A / 10.35平米 / 无 / 无窗 ; 过道B / 7.02平米 / 无 / 无窗 ; 过道C / 7.29平米 / 无 / 无窗,
满五唯一，有装修，192户型，朝南,"观湖园 , 观澜",4室2厅,192.21平米,南,精装,上叠(共4层),2009年,板楼,972 万,50570 元,26,,,VR房源 | 房本满五年,https://sz.lianjia.com/ershoufang/105104525435.html,VR房源 | 房本满五年,此房满五不唯一，装修完整，叠上户型，带天台！,观湖园项目位于龙华新区观澜镇，邻近梅观高速公路，在梅观高速观澜出口旁。小区占地面积：37.***平方米，东南亚园林景观设计。双拼跟独栋管理费是6.5平米，叠拼的管理费是4.9平米，小区安保严密，24小时巡逻监控。,距离观澜湖新城约5公里，观澜湖新城是大型的Shoig Mll，一系列品牌都有进驻新城，购物娱乐都相当方便。距离观澜人民医院及伟光医院约6公里。小区到库坑小.學约1公里。,观湖园别墅小区邻近梅观高速公路，距离梅观高速观澜出口约1.5公里，去南山约33公里，罗湖约30公里，福田约28公里，交通如此便利的接轨市内生活圈。到观澜汽车站和观澜湖新城约五公里，观澜湖新城是大型的Shoig Mll，交通出行娱乐购物也是相当方便,,,2015-07-31,2020-06-05,商品房,别墅,满五年,非共有,有抵押 70万元 银行,挂牌时间:2020-06-05 | 交易权属:商品房 | 上次交易:2015-07-31 | 房屋用途:别墅 | 房屋年限:满五年 | 产权所属:非共有 | 抵押信息:有抵押 70万元 银行 | 房本备件:已上传房本照片,客厅 / 57.79平米 / 无 / 落地窗 ; 书房 / 13.98平米 / 北 / 落地窗 ; 卧室A / 12.96平米 / 无 / 未知窗户类型 ; 卧室B / 13.38平米 / 无 / 普通窗 ; 卧室C / 15.3平米 / 无 / 普通窗 ; 卧室D / 18平米 / 无 / 未知窗户类型 ; 厨房 / 9.91平米 / 无 / 普通窗 ; 卫A / 2.15平米 / 无 / 无窗 ; 卫生间B / 6.19平米 / 无 / 普通窗 ; 卫生间C / 8.38平米 / 西南 / 普通窗 ; 阳台A / 6.52平米 / 无 / 普通窗 ; 露台A / 31.26平米 / 无 / 普通窗 ; 露台B / 32.4平米 / 无 / 普通窗 ; 过道A / 10.73平米 / 无 / 无窗 ; 过道B / 8.27平米 / 西南 / 普通窗 ; 过道C / 7.45平米 / 无 / 普通窗,
招商澜园 3室2厅 南,"招商澜园 , 观澜",3室2厅,86.99平米,南,简装,中楼层(共25层),2012年,板塔结合,410 万,47132 元,1,,,近地铁 | VR看装修,https://sz.lianjia.com/ershoufang/105118037371.html,地铁 | VR看装修,,,,,,,暂无数据,2024-08-22,商品房,普通住宅,暂无数据,非共有,无抵押,挂牌时间:2024-08-22 | 交易权属:商品房 | 上次交易:暂无数据 | 房屋用途:普通住宅 | 房屋年限:暂无数据 | 产权所属:非共有 | 抵押信息:无抵押 | 房本备件:未上传房本照片,客厅 / 29.99平米 / 东 南 / 落地窗 ; 卧室A / 7.42平米 / 无 / 未知窗户类型 ; 卧室B / 11.74平米 / 无 / 未知窗户类型 ; 卧室C / 11.02平米 / 无 / 未知窗户类型 ; 厨房 / 4.35平米 / 无 / 无窗 ; 卫生间 / 3.83平米 / 北 / 普通窗 ; 阳台 / 5.45平米 / 南 / 普通窗 ; 过道 / 4.07平米 / 无 / 无窗,
高坡别墅，门口邻水，满五年，没欠款，套内400平,"懿花园 , 观澜",5室2厅,198.27平米,南 西南,简装,1层,2013年,板楼,1260 万,63550 元,2,,,VR房源,https://sz.lianjia.com/ershoufang/105119629562.html,VR房源,地势高位，上下四层半使用率高，有花园，独立车位。,和黄懿花园也叫盈峰翠邸，由和记黄埔地产(深圳)有限公司开发，位于横坑水库。项目规划为地上建筑4-10层，地下2层，共59栋建筑(其中57栋住宅，2所幼儿园，及公建以地下室形式布置于地块南端)。 机动车位：600个；高层地库车位385个，多层地库车位200个,,公交线路：公交（宝安高新科技园、观澜高新科技园）794、627、663、668、866，517.264.921路等 高速公路：机荷高速公路、梅观高速公路。有轨电车高新区站距离小区300米。出行便利,,,暂无数据,2025-02-10,商品房,普通住宅,暂无数据,非共有,无抵押,挂牌时间:2025-02-10 | 交易权属:商品房 | 上次交易:暂无数据 | 房屋用途:普通住宅 | 房屋年限:暂无数据 | 产权所属:非共有 | 抵押信息:无抵押 | 房本备件:未上传房本照片,客厅A / 20.25平米 / 无 / 无窗 ; 客厅B / 50.44平米 / 无 / 落地窗 ; 卧室A / 9.89平米 / 无 / 普通窗 ; 卧室B / 16.78平米 / 无 / 未知窗户类型 ; 卧室C / 20.03平米 / 无 / 普通窗 ; 卧室D / 15.08平米 / 北 / 普通窗 ; 卧室E / 24.12平米 / 南 / 普通窗 ; 厨房 / 8.08平米 / 无 / 普通窗 ; 卫生间A / 3.61平米 / 无 / 无窗 ; 卫生间B / 2.21平米 / 无 / 普通窗 ; 卫生间C / 3.61平米 / 无 / 普通窗 ; 卫生间D / 4.96平米 / 无 / 普通窗 ; 卫生间E / 3.53平米 / 北 / 普通窗 ; 卫生间F / 7.39平米 / 无 / 无窗 ; 阳台A / 3.74平米 / 无 / 普通窗 ; 阳台B / 4.87平米 / 西 北 东 / 普通窗 ; 阳台C / 3.83平米 / 西 东 南 / 普通窗 ; 阳台D / 19.95平米 / 无 / 普通窗 ; 露台 / 40.94平米 / 无 / 普通窗 ; 储物间A / 3.52平米 / 无 / 无窗 ; 储物间B / 4.42平米 / 无 / 无窗 ; 车库 / 23.17平米 / 无 / 无窗 ; 过道A / 7.35平米 / 无 / 无窗 ; 过道B / 7.5平米 / 无 / 无窗 ; 过道C / 3.73平米 / 无 / 无窗 ; 衣帽间 / 3.92平米 / 无 / 无窗,
住家装修，小两房，正南向，看花园，安静，拎包入住。,"招商澜园 , 观澜",2室1厅,52.09平米,南,,中楼层(共25层),2010年,板塔结合,228 万,43771 元,1,,,近地铁 | VR看装修,https://sz.lianjia.com/ershoufang/105118856495.html,地铁 | VR看装修,住家装修，小两房，正南向，看花园，安静位置，拎包入住。,小区由招商局地产开发，国家一级物业资质的招商物业管理，小区部分为南北两区，由十三栋高层组成，低密度，是个纯居住的大社区，自带6000平的大花园，人车分流，很适合有老人和小孩的客户，小区自带幼儿园，有固定车位。,观澜街道办 休闲区域：新世纪广场、观澜文化广场， 商场：设施天虹商场、比邻新天地，观澜河湿地公园距离小区近在咫尺。龙华区政府距离小区2公里，属于新区政府辐射范围内。项目：现聚集多家大品牌开发商在此拿地。如：万科 卓 越，阳基,小区门口就有公交站，途径的公交线众多，有轨电车在小区门口文澜站，直接到达清湖地铁口，竹村地铁口 800米，观澜大桥直接可以上机荷高速，多条公交线路到达罗湖，福田,,,暂无数据,2024-11-09,商品房,普通住宅,暂无数据,非共有,有抵押,挂牌时间:2024-11-09 | 交易权属:商品房 | 上次交易:暂无数据 | 房屋用途:普通住宅 | 房屋年限:暂无数据 | 产权所属:非共有 | 抵押信息:有抵押 | 房本备件:未上传房本照片,客厅 / 20.31平米 / 南 / 普通窗 ; 卧室A / 5.45平米 / 南 / 普通窗 ; 卧室B / 6.86平米 / 南 / 普通窗 ; 厨房 / 4.66平米 / 南 / 普通窗 ; 卫 / 2.24平米 / 南 / 普通窗 ; 阳台 / 2.71平米 / 南 / 普通窗,
金地鹭湖1号 新上好房 居家精装好房,"金地鹭湖1号 , 观澜",3室1厅,89.49平米,东南,精装,16层,2015年,塔楼,418 万,46710 元,1,,,VR房源 | 房本满五年,https://sz.lianjia.com/ershoufang/105115825494.html,VR房源 | 房本满五年,此房朝南向看小区 ，安静不吵 ，居家精装好房,金地鹭湖1号位于龙华区观澜街道梅观高速与环观南路交汇处;鹭湖国际住区项目主打户型产品：建面89㎡三房。 项目占地面积约91197.68平方米，总建筑面积约164150平方米。,,轨道交通：有轨电车站台，高新园西站（电车接驳地铁4号线清湖地铁口），公交线路：公交（观澜高新园站）M567、M264、313、E4路等，高速公路：机荷高速公路、梅观高速公路，交通方便。,,,2019-08-30,2024-01-10,商品房,普通住宅,满五年,非共有,有抵押,挂牌时间:2024-01-10 | 交易权属:商品房 | 上次交易:2019-08-30 | 房屋用途:普通住宅 | 房屋年限:满五年 | 产权所属:非共有 | 抵押信息:有抵押 | 房本备件:已上传房本照片,客厅 / 26.02平米 / 南 / 普通窗 ; 卧室A / 12.86平米 / 无 / 未知窗户类型 ; 卧室B / 9.66平米 / 无 / 未知窗户类型 ; 卧室C / 6.48平米 / 北 / 落地窗 ; 厨房 / 4.77平米 / 北 / 普通窗 ; 卫生间A / 3.17平米 / 北 / 普通窗 ; 卫生间B / 4.74平米 / 东 / 普通窗 ; 阳台 / 4.79平米 / 南 / 普通窗,
一层产权面积，2层使用面积 使用面积大,"华盛峰荟名庭 , 观澜",3室1厅,54.98平米,南,精装,低楼层(共27层),2016年,板塔结合,223 万,40561 元,0,,,近地铁 | VR房源,https://sz.lianjia.com/ershoufang/105117785874.html,地铁 | VR房源,此房70年产权公寓，复式使用面积高！,深圳市华盛智地房地产开发有限公司。物业公司：深圳市金洪物业管理服务有限公司，小区24小时安保巡逻。小区内部配套：儿童游乐场，健身活动区，小区园林，商场等。,小区楼下观荟里墒业街，为盛抄市。医院：龙华中芯医院，深圳伟光医院，广东医学院附属观澜医院；其他：观澜人民公园，狮经公园，九龙山，观澜河。,,,,暂无数据,2024-07-31,商品房,商务公寓,暂无数据,非共有,有抵押,挂牌时间:2024-07-31 | 交易权属:商品房 | 上次交易:暂无数据 | 房屋用途:商务公寓 | 房屋年限:暂无数据 | 产权所属:非共有 | 抵押信息:有抵押 | 房本备件:未上传房本照片,客厅 / 19.6平米 / 东 / 落地窗 ; 卧室A / 11.52平米 / 东 / 落地窗 ; 卧室B / 15.92平米 / 东 / 落地窗 ; 卧室C / 12.59平米 / 东 / 落地窗 ; 厨房 / 3.4平米 / 东 / 普通窗 ; 卫生间A / 2.65平米 / 无 / 无窗 ; 卫生间B / 2.67平米 / 无 / 无窗 ; 过道 / 5.46平米 / 无 / 无窗,
九龙山体育公园 珑门名苑 精装三房 业主诚心售,"珑门 , 观澜",3室1厅,121.42平米,东南,,高楼层(共31层),2016年,板塔结合,580 万,47769 元,0,,,VR房源 | 随时看房,https://sz.lianjia.com/ershoufang/105119150800.html,VR房源 | 随时看房,大九龙山体育公园，精装复式三房，采光好，价格实惠,小区是15年次新小区，有三层地下停车库，人车分流，住家舒适，小区环境好，空气清晰。,,,,,暂无数据,2024-12-09,商品房,普通住宅,暂无数据,非共有,有抵押,挂牌时间:2024-12-09 | 交易权属:商品房 | 上次交易:暂无数据 | 房屋用途:普通住宅 | 房屋年限:暂无数据 | 产权所属:非共有 | 抵押信息:有抵押 | 房本备件:未上传房本照片,客厅 / 49.13平米 / 无 / 落地窗 ; 书房 / 6.58平米 / 东南 / 落地窗 ; 卧室A / 6.26平米 / 无 / 未知窗户类型 ; 卧室B / 15.18平米 / 无 / 未知窗户类型 ; 卧室C / 10.75平米 / 无 / 未知窗户类型 ; 厨房 / 5.44平米 / 无 / 未知窗户类型 ; 卫A / 2.94平米 / 无 / 落地窗 ; 卫生间B / 2.62平米 / 无 / 无窗 ; 卫生间C / 3.67平米 / 无 / 无窗 ; 过道 / 11.29平米 / 东南 / 落地窗,
户型小 使用率高70年产权复试公寓,"华盛峰荟名庭 , 观澜",3室1厅,56平米,西南,简装,低楼层(共27层),2016年,板塔结合,178 万,31786 元,1,,,近地铁 | VR房源,https://sz.lianjia.com/ershoufang/105119009145.html,地铁 | VR房源,地铁口   商场   户型小 使用率高70年产权复试公寓,,商场：天虹、人人乐，比邻新天地医院：观澜人民医院 深圳市龙华新区慢性病防治.观澜医院竹村社区健康服务邮局：中国邮政 中国邮政 观澜邮政局银行：中国建设银行ATM 深圳市农村商.业银行ATM 中国农业银行ATM其他：格兰云天国际大酒店,公交;，福民影剧院;M337路M464路， 1经泗黎路与观光路，3个红绿灯到达梅观高速，梅观高速快速到达福田区； 2．通过观澜大道转机荷高速，可快速到达龙岗，宝安机场..,,,暂无数据,2024-11-24,商品房,商务公寓,暂无数据,非共有,无抵押,挂牌时间:2024-11-24 | 交易权属:商品房 | 上次交易:暂无数据 | 房屋用途:商务公寓 | 房屋年限:暂无数据 | 产权所属:非共有 | 抵押信息:无抵押 | 房本备件:未上传房本照片,,
华盛观荟 方正三房 业主低于指导价出售,"华盛观荟名庭 , 观澜",3室2厅,79.44平米,东南,精装,中楼层(共32层),2018年,板塔结合,354 万,44562 元,1,,,近地铁 | VR房源,https://sz.lianjia.com/ershoufang/105118364609.html,地铁 | VR房源,此房满五唯一税费少 高楼层视野开阔,小区分两期开发，一期由公寓和住宅，二期三栋住宅。小区一期楼下是商 业，三楼是空中花园，三楼以上是住宅，一共有二栋一栋是公寓二栋是住宅，二期的小户型是2018年下半年才精装交房，次新房，居住舒适，二期自带泳池和园林,商场：楼下就是购物广场，以及天虹、人人乐，比邻新天地医院：观澜人民医院 深圳市龙华新区慢性病防治.观澜医院竹村社区健康服务邮局：中国邮政 中国邮政 观澜邮政局银行：中国建设银行，深圳市农村商.业银行。中国农业银行等，以及格兰云天酒店,公交;，福民影剧院;M337路M464路， 1经泗黎路与观光路，3个红绿灯到达梅观高速，梅观高速快速到达福田区； 2．通过观澜大道转机荷高速，可快速到达龙岗，宝安机场等等，出行方便。4号地铁离小区仅500米，换乘到深圳各区,,,暂无数据,2024-09-22,商品房,普通住宅,暂无数据,非共有,有抵押 100万元,挂牌时间:2024-09-22 | 交易权属:商品房 | 上次交易:暂无数据 | 房屋用途:普通住宅 | 房屋年限:暂无数据 | 产权所属:非共有 | 抵押信息:有抵押 100万元 | 房本备件:未上传房本照片,客厅 / 23.79平米 / 无 / 落地窗 ; 卧室A / 5.54平米 / 西北 / 普通窗 ; 卧室B / 12.64平米 / 无 / 未知窗户类型 ; 卧室C / 9.8平米 / 无 / 未知窗户类型 ; 厨房 / 4.44平米 / 西南 / 普通窗 ; 卫生间 / 4.61平米 / 东北 / 普通窗 ; 阳台 / 3.54平米 / 西北 / 落地窗 ; 储物间 / 1.95平米 / 无 / 无窗,
房子户型方正 采光通风良好 视野开阔,"万科九龙山 , 观澜",4室2厅,124.2平米,东南,精装,低楼层(共33层),2016年,板楼,485 万,39050 元,1,,,VR房源 | 房本满五年,https://sz.lianjia.com/ershoufang/105116475238.html,VR房源 | 房本满五年,此房满五唯一，精装修四房，高层视野好,,配套有观澜天虹、兴万达广场、比邻新天地、中航格澜郡商圈、观澜老镇商圈、深圳绿道5号线、茜坑水库、大水坑水库、狮径公园、观澜人民医院。,,房子满五年不唯一，有抵押欠款，赎楼费用可以跟业主协商，可面议！,,2016-02-26,2024-03-25,商品房,普通住宅,满五年,非共有,有抵押,挂牌时间:2024-03-25 | 交易权属:商品房 | 上次交易:2016-02-26 | 房屋用途:普通住宅 | 房屋年限:满五年 | 产权所属:非共有 | 抵押信息:有抵押 | 房本备件:已上传房本照片,客厅 / 37.93平米 / 无 / 无窗 ; 卧室A / 10.15平米 / 无 / 未知窗户类型 ; 卧室B / 9.6平米 / 无 / 未知窗户类型 ; 卧室C / 8.74平米 / 无 / 未知窗户类型 ; 卧室D / 15.52平米 / 南 / 落地窗 ; 厨房 / 5.62平米 / 南 / 普通窗 ; 卫生间A / 3.05平米 / 北 / 普通窗 ; 卫生间B / 4.04平米 / 北 / 普通窗 ; 阳台 / 9.36平米 / 无 / 无窗,
观荟高使用率 四房两卫户型 业主诚心出售,"华盛观荟名庭 , 观澜",4室1厅,89.32平米,南 北,精装,高楼层(共32层),2018年,板塔结合,412 万,46127 元,0,,,近地铁 | VR看装修 | 房本满五年 | 随时看房,https://sz.lianjia.com/ershoufang/105120657448.html,地铁 | VR看装修 | 房本满五年 | 随时看房,大4房 通风采光好 得房率高 南北通透配套齐全,,楼下就是为盛商场，隔壁新天虹、龙华三甲医院 深圳市龙华新区慢性病防治.观澜医院竹村社区健康服务邮局：中国邮政 中国邮政 观澜邮政局银行：中国建设银行，深圳市农村商.业银行。中国农业银行等，以及格兰云天酒店,长湖地铁口，福民影剧院;M337路M464路， 1经泗黎路与观光路，3个红绿灯到达梅观高速，梅观高速快速到达福田区； 2．通过观澜大道转机荷高速，可快速到达龙岗，宝安机场等等,,,2017-05-09,2025-05-08,商品房,普通住宅,满五年,非共有,无抵押,挂牌时间:2025-05-08 | 交易权属:商品房 | 上次交易:2017-05-09 | 房屋用途:普通住宅 | 房屋年限:满五年 | 产权所属:非共有 | 抵押信息:无抵押 | 房本备件:已上传房本照片,客厅 / 24.19平米 / 南 / 普通窗 ; 书房 / 5.86平米 / 西 / 普通窗 ; 卧室A / 6.19平米 / 西 / 普通窗 ; 卧室B / 13.35平米 / 无 / 未知窗户类型 ; 卧室C / 10.14平米 / 无 / 未知窗户类型 ; 厨房 / 4.38平米 / 西 / 普通窗 ; 卫生间A / 3.83平米 / 无 / 未知窗户类型 ; 卫生间B / 4.53平米 / 无 / 未知窗户类型 ; 阳台 / 4.73平米 / 西 南 / 普通窗 ; 过道 / 3.11平米 / 无 / 无窗,
金地鹭湖 方正三房 看小区安静不吵,"金地鹭湖1号 , 观澜",3室2厅,87.28平米,南,精装,中楼层(共16层),2016年,塔楼,410 万,46976 元,0,,,VR看装修,https://sz.lianjia.com/ershoufang/105121254289.html,VR看装修,此房满五唯一税费少 业主诚心出售,金地鹭湖1号位于龙华区观澜街道梅观高速与环观南路交汇处;鹭湖国际住区，项目主打户型产品：建面89㎡三房。 项目占地面积约91197.68平方米，总建筑面积约164150平方米，。位处2000亿龙华行.政、科技、生态三中.心,龙华外国语离小区1.5公里，鹭湖外国语离小区600米。近距离小区边培训机构多色多样，有舞蹈、画画、武术、钢琴等课外培训也有语数外等辅导培训。,多维立体城市干道:环观南路直通平湖，梅观高速直达福田，北通东莞，沈海高速连接深圳前海以及东部坪山以及惠州，潮汕。 龙华有轨电车无缝接驳地铁4号线清湖站。另有22+18号双地铁口（规划）。,,,暂无数据,2025-06-28,商品房,普通住宅,暂无数据,非共有,有抵押,挂牌时间:2025-06-28 | 交易权属:商品房 | 上次交易:暂无数据 | 房屋用途:普通住宅 | 房屋年限:暂无数据 | 产权所属:非共有 | 抵押信息:有抵押 | 房本备件:未上传房本照片,,
房产户型方正采光  通风良好  大院子  纯别墅小区里面,"观湖园 , 观澜",10室4厅,178.81平米,东南,,3层,2012年,板楼,2100 万,117444 元,0,,,VR房源,https://sz.lianjia.com/ershoufang/105120462284.html,VR房源,深圳纯别墅小区，无高层，容积低,观湖园项目位于龙华新区观澜镇，邻近梅观高速公路，在梅观高速观澜出口。小区占地面积：37.6平方米，容积低，绿化高，东南亚园林景观设计。双拼跟独栋管理费是6.5平米，叠拼的管理费是4.95平米，小区安保严密，24小时巡逻监控,小区南门200米，有菜市场，能满足日常所需；距离观澜湖新城约5公 里，观澜湖新城是大型的，一系列品牌都已进驻，购物娱乐 都相当方便；距离观澜人民医院及伟光医院约6公里,观湖园纯别墅小区邻近梅观高速公路，距离梅观高速观澜出口约1.5公里 ，去南山约33公里，罗湖约30公里，福田约28公里，交通如此便利的接轨 市内生活圈。到观澜汽车站和观澜湖新城约5公里。,,,暂无数据,2025-04-19,商品房,别墅,暂无数据,非共有,无抵押,挂牌时间:2025-04-19 | 交易权属:商品房 | 上次交易:暂无数据 | 房屋用途:别墅 | 房屋年限:暂无数据 | 产权所属:非共有 | 抵押信息:无抵押 | 房本备件:未上传房本照片,餐厅 / 16.89平米 / 无 / 无窗 ; 客厅A / 74.02平米 / 无 / 未知窗户类型 ; 客厅B / 21.12平米 / 无 / 普通窗 ; 卧室A / 27.14平米 / 无 / 普通窗 ; 卧室B / 17.82平米 / 无 / 未知窗户类型 ; 卧室C / 28.7平米 / 无 / 未知窗户类型 ; 卧室D / 17.83平米 / 无 / 未知窗户类型 ; 卧室E / 27.07平米 / 南 / 普通窗 ; 厨房 / 13.37平米 / 无 / 普通窗 ; 卫生间A / 5.53平米 / 无 / 普通窗 ; 卫生间B / 6.68平米 / 无 / 普通窗 ; 卫生间C / 9.04平米 / 无 / 普通窗 ; 卫生间D / 6.6平米 / 北 / 普通窗 ; 卫生间E / 8.84平米 / 东 / 普通窗 ; 阳台A / 8.76平米 / 无 / 普通窗 ; 阳台B / 8.14平米 / 西 东 南 / 普通窗 ; 过道A / 17.47平米 / 无 / 普通窗 ; 过道B / 12.03平米 / 无 / 普通窗 ; 过道C / 11.82平米 / 无 / 无窗,
万科物业 小区人车分流 位置安静 拎包入住,"万科九龙山 , 观澜",3室2厅,88.87平米,东南,精装,低楼层(共33层),2016年,板楼,305 万,34320 元,1,,,VR看装修,https://sz.lianjia.com/ershoufang/105120669619.html,VR看装修,此房满五唯一  东南朝向 位置安静 高楼层 标准三房,,小区楼下有市买菜也都方便，楼下也有公交车，开车出小区可以上快速路直达龙华红山和福田南山,,此房满五唯一 只需要交一个契税即可，税费低购入成本低，交易快,,暂无数据,2025-05-09,商品房,普通住宅,暂无数据,非共有,无抵押,挂牌时间:2025-05-09 | 交易权属:商品房 | 上次交易:暂无数据 | 房屋用途:普通住宅 | 房屋年限:暂无数据 | 产权所属:非共有 | 抵押信息:无抵押 | 房本备件:未上传房本照片,,
万科 双拼别（单证）低于原购价出售,"万科九龙山 , 观澜",5室2厅,180.5平米,南,毛坯,1层,2016年,板塔结合,1600 万,88643 元,1,,,VR房源 | 随时看房,https://sz.lianjia.com/ershoufang/105120676552.html,VR房源 | 随时看房,视野采光好，花园方正，低于原购价出售,次新小区，入住氛围不错，背靠九龙山，空气好，万科物业管理也很到位,,,,,暂无数据,2025-05-09,商品房,普通住宅,暂无数据,共有,无抵押,挂牌时间:2025-05-09 | 交易权属:商品房 | 上次交易:暂无数据 | 房屋用途:普通住宅 | 房屋年限:暂无数据 | 产权所属:共有 | 抵押信息:无抵押 | 房本备件:未上传房本照片,客厅 / 42.12平米 / 东 南 / 落地窗 ; 餐厅 / 16.86平米 / 东 / 普通窗 ; 卧室A / 13.71平米 / 北 东 / 落地窗 ; 卧室B / 24.33平米 / 东 南 / 落地窗 ; 卧室C / 13.35平米 / 北 东 / 落地窗 ; 卧室D / 17.53平米 / 南 / 普通窗 ; 卫生间A / 3.52平米 / 北 / 普通窗 ; 卫生间B / 3.53平米 / 北 / 普通窗 ; 阳台A / 11.76平米 / 西 东 南 / 普通窗 ; 阳台B / 34.87平米 / 西 东 南 / 普通窗 ; 储物间 / 9.44平米 / 北 / 普通窗 ; 过道A / 23.24平米 / 东 / 落地窗 ; 过道B / 4.97平米 / 无 / 无窗 ; 过道C / 17.57平米 / 无 / 无窗,
精装大四房 满五年税费少 花园中间居家舒适,"珑门 , 观澜",4室1厅,106.61平米,东 东北,简装,低楼层(共31层),2016年,板楼,470 万,44086 元,1,,,VR房源 | 随时看房,https://sz.lianjia.com/ershoufang/105121390364.html,VR房源 | 随时看房,本房装修漂亮 四房两卫 看花园景观 南向阳光好,小区有75-180平的不同户型，花园绿化面积大，在小区散步或晨跑都是可以的，楼下有生活，买这套房子，可以直接拎包入住,小区背靠公园，生态园，绿色跑道一应俱全，公共交通方便，生活配套齐全，整体适合居家。需要更多户型和楼盘价格对比分析欢迎咨询，希望能为您带来一次专业舒心的看房体验！,,,,暂无数据,2025-07-09,商品房,普通住宅,暂无数据,非共有,有抵押 200万元 招商银行 业主自还,挂牌时间:2025-07-09 | 交易权属:商品房 | 上次交易:暂无数据 | 房屋用途:普通住宅 | 房屋年限:暂无数据 | 产权所属:非共有 | 抵押信息:有抵押 200万元 招商银行 业主自还 | 房本备件:未上传房本照片,客厅 / 38.39平米 / 无 / 未知窗户类型 ; 卧室A / 15.97平米 / 无 / 未知窗户类型 ; 卧室B / 11.4平米 / 无 / 未知窗户类型 ; 卧室C / 8.23平米 / 东南 / 落地窗 ; 卧室D / 6.3平米 / 西北 / 落地窗 ; 厨房 / 4.04平米 / 东南 / 普通窗 ; 卫生间A / 4.15平米 / 东南 / 落地窗 ; 卫生间B / 2.91平米 / 东南 / 普通窗 ; 阳台 / 4.52平米 / 西南 西北 / 普通窗,
龙华观澜 长湖 华盛峰荟精致一居室，买来可以马上入住,"华盛峰荟名庭 , 观澜",1室1厅,43.44平米,南,,中楼层(共36层),2016年,板塔结合,129 万,29697 元,0,,,近地铁 | VR房源,https://sz.lianjia.com/ershoufang/105121164559.html,地铁 | VR房源,房子维护保养好，满5年税费低。高楼层，采光佳,深圳市华盛智地房地产开发有限公司。物业公司：深圳市金洪物业管理服务有限公司，小区24小时安保巡逻。小区内部配套：儿童游乐场，健身活动区，小区园林，商场等,商场：天虹商场，为盛商场，农贸市场：龙华区医院 深圳市龙华新区慢性病防治.观澜医院竹村社区健康服务邮局：中国邮政 中国邮政 观澜邮政局银行：中国建设银行ATM 深圳市农村商.业银行ATM 中国农业银行ATM其他：格兰云天国际大酒店,地铁：4号线长湖站，公交;，福民影剧院;M337路M464路， 1经泗黎路与观光路，3个红绿灯到达梅观高速，梅观高速快速到达福田区； 2．通过观澜大道转机荷高速，可快速到达龙岗，宝安机场..,,,暂无数据,2025-06-21,商品房,商务公寓,暂无数据,非共有,有抵押,挂牌时间:2025-06-21 | 交易权属:商品房 | 上次交易:暂无数据 | 房屋用途:商务公寓 | 房屋年限:暂无数据 | 产权所属:非共有 | 抵押信息:有抵押 | 房本备件:未上传房本照片,客厅 / 11.21平米 / 西 / 落地窗 ; 卧室 / 9.82平米 / 无 / 未知窗户类型 ; 厨房 / 5.09平米 / 西 / 普通窗 ; 卫生间 / 4.08平米 / 无 / 无窗 ; 阳台 / 1.86平米 / 西 / 普通窗,
四号线观澜地铁口南向方正两房，业主诚心出售，户型佳,"深业泰然观澜玫瑰苑 , 观澜",2室1厅,72.79平米,南,精装,31层,2016年,板塔结合,320 万,43963 元,0,,,近地铁 | VR房源,https://sz.lianjia.com/ershoufang/105120332402.html,地铁 | VR房源,房子中间楼层，南向采光通风好，业主诚心出售,小区为 综合体，以空中花园为分开住宅与商场。由深圳市国惠康国泰房地产开发有限公司开发，深业泰然（集团）有限公司控股，成立于1985年的深圳市属国有企业，注册资金8亿元，旗下拥有9家控股企业、2家参股企业。资历雄厚,主要配套：深圳市龙华区医院，兴万达，民乐福，百佳华，能满足生活上的需求,"小区门距离有轨轨电车-新澜站100米,，接驳4号线观澜站地铁口直达福田，楼下就是公交站吉盛酒店大公交站台，另外5公里上龙观快速，4公里上珠三角环线高速，各种交通设施配套齐全，出行便利",,,暂无数据,2025-04-08,商品房,普通住宅,暂无数据,非共有,有抵押,挂牌时间:2025-04-08 | 交易权属:商品房 | 上次交易:暂无数据 | 房屋用途:普通住宅 | 房屋年限:暂无数据 | 产权所属:非共有 | 抵押信息:有抵押 | 房本备件:未上传房本照片,客厅 / 20.46平米 / 南 / 普通窗 ; 卧室A / 9.06平米 / 无 / 未知窗户类型 ; 卧室B / 10.94平米 / 无 / 未知窗户类型 ; 厨房 / 4.5平米 / 南 / 普通窗 ; 卫生间 / 2.52平米 / 无 / 普通窗 ; 阳台A / 4.01平米 / 东 南 / 普通窗 ; 阳台B / 1.83平米 / 南 / 普通窗,
满五年，有附带露台可以种花种菜，使用面积大,"懿花园 , 观澜",3室2厅,85.75平米,东南,精装,高楼层(共10层),2014年,板楼,597 万,69621 元,19,,,VR房源,https://sz.lianjia.com/ershoufang/105115392624.html,VR房源,满五年，有附带露台可以种花种菜，使用面积大,和黄懿花园项目（盈峰翠邸）位于横坑水库边，总建筑面积153330㎡，住户共1295户。项目规划为地上建筑4-10层，地下2层，共59栋建筑(其中57栋住宅，2所幼儿园,,项目位于环观南路(即观天大道)以北，梅观高速以东；梅观高速、机荷高速； 公交站点： 观澜高新园-公交车站 招商观园-公交车站 宝德科技-公交车站,,,暂无数据,2023-11-21,商品房,普通住宅,暂无数据,非共有,有抵押,挂牌时间:2023-11-21 | 交易权属:商品房 | 上次交易:暂无数据 | 房屋用途:普通住宅 | 房屋年限:暂无数据 | 产权所属:非共有 | 抵押信息:有抵押 | 房本备件:未上传房本照片,客厅 / 23.32平米 / 无 / 未知窗户类型 ; 多功能间 / 47.68平米 / 西南 东北 东南 / 普通窗 ; 卧室A / 15.22平米 / 无 / 未知窗户类型 ; 卧室B / 10.5平米 / 无 / 落地窗 ; 卧室C / 6.13平米 / 无 / 普通窗 ; 厨房 / 5.2平米 / 无 / 无窗 ; 卫生间A / 3.53平米 / 无 / 普通窗 ; 卫生间B / 3.65平米 / 无 / 无窗 ; 阳台A / 6.11平米 / 无 / 普通窗 ; 阳台B / 12.18平米 / 西南 西北 东南 / 普通窗 ; 楼梯间 / 2.67平米 / 无 / 落地窗 ; 过道A / 2.97平米 / 无 / 无窗 ; 过道B / 2.89平米 / 西北 东南 / 落地窗,
湿地公园旁低密度小高层住宅，房子南北通透，采光好,"招商澜园 , 观澜",4室2厅,151.97平米,南 北,精装,中楼层(共17层),2010年,板塔结合,690 万,45404 元,0,,,近地铁 | VR看装修,https://sz.lianjia.com/ershoufang/105119380329.html,地铁 | VR看装修,房子户型方正，南北通透，中高楼层，采光通风佳,小区由招商地产开发，国家一级物业资质的招商物业管理，小区部分为南北两区，由十三栋高层组成，低密度，是个纯居住的大社区，自带6000平的大花园，人车分流，很适合有老人和小孩的客户，小区自带幼儿园，有固定车位,观澜街道办 休闲区域：世纪广场、观澜文化广场， 商场：设施天虹商场、观澜河湿地公园距离小区近在咫尺。龙华区政府距离小区2公里，属于区政府范围内。项目：地铁1公里的,小区门口就有公交站，途径的公交线众多，有轨电车在小区门口文澜站，直接到达清湖地铁口，竹村地铁口 800米，观澜大桥直接可以上机荷高速，多条公交线路到达罗湖，福田,,,暂无数据,2025-01-02,商品房,普通住宅,暂无数据,非共有,无抵押,挂牌时间:2025-01-02 | 交易权属:商品房 | 上次交易:暂无数据 | 房屋用途:普通住宅 | 房屋年限:暂无数据 | 产权所属:非共有 | 抵押信息:无抵押 | 房本备件:未上传房本照片,客厅 / 26.39平米 / 南 / 落地窗 ; 餐厅 / 9.87平米 / 北 / 落地窗 ; 卧室A / 9.52平米 / 无 / 未知窗户类型 ; 卧室B / 9.39平米 / 无 / 未知窗户类型 ; 卧室C / 11.64平米 / 无 / 未知窗户类型 ; 卧室D / 17.89平米 / 无 / 未知窗户类型 ; 卧室E / 13.07平米 / 无 / 未知窗户类型 ; 厨房 / 6.21平米 / 北 / 落地窗 ; 卫生间A / 3.12平米 / 北 / 普通窗 ; 卫生间B / 5.09平米 / 北 / 普通窗 ; 卫生间C / 4.57平米 / 南 / 普通窗 ; 阳台A / 3.61平米 / 西 北 东 / 落地窗 ; 阳台B / 8.73平米 / 西 东 南 / 落地窗 ; 过道 / 4.32平米 / 无 / 无窗 ; 门厅 / 5.87平米 / 南 / 落地窗,
观湖园地面三层带花园带车位精装直接拎包入住钥匙在手,"观湖园 , 观澜",6室2厅,167.34平米,西北,精装,低楼层(共4层),2009年,板楼,1200 万,71711 元,0,,,VR房源 | 随时看房,https://sz.lianjia.com/ershoufang/105120549936.html,VR房源 | 随时看房,精装5房地面三层可直接拎包入住60平花园直接入户,小区地理位置安静，梅观高速，外环高速，小区里面无高层，整个小区占地37平方米，只有305栋,,,,,暂无数据,2025-04-27,商品房,普通住宅,暂无数据,非共有,有抵押 业主自还,挂牌时间:2025-04-27 | 交易权属:商品房 | 上次交易:暂无数据 | 房屋用途:普通住宅 | 房屋年限:暂无数据 | 产权所属:非共有 | 抵押信息:有抵押 业主自还 | 房本备件:未上传房本照片,,
看湖景采光好位置高花园大客厅出阳台,"观湖园 , 观澜",4室2厅,175平米,东南,毛坯,上叠(共4层),2012年,板楼,920 万,52572 元,2,,,VR房源 | 随时看房,https://sz.lianjia.com/ershoufang/105115944413.html,VR房源 | 随时看房,"10年小区经验强烈推荐
叠拼带天台带88平地面大花园90平，",小区是别墅小区，主要是叠拼，双拼，独栋，叠下带花园，叠上带天台，双拼有花园，有天台，独栋，就是独门独院临湖单证双拼，东南朝向，一线湖景，位于园区别墅中间位置，安静。客厅前后花园，侧面阶梯花园，带车库，地下室。实际使用面积约,,,,,暂无数据,2024-01-24,商品房,别墅,暂无数据,非共有,有抵押,挂牌时间:2024-01-24 | 交易权属:商品房 | 上次交易:暂无数据 | 房屋用途:别墅 | 房屋年限:暂无数据 | 产权所属:非共有 | 抵押信息:有抵押 | 房本备件:未上传房本照片,客厅 / 46.18平米 / 无 / 落地飘窗 ; 卧室A / 10.43平米 / 无 / 普通窗 ; 卧室B / 15.96平米 / 无 / 普通窗 ; 卧室C / 12.79平米 / 无 / 普通窗 ; 卧室D / 18.73平米 / 无 / 落地飘窗 ; 厨房 / 9.13平米 / 无 / 普通窗 ; 卫生间A / 5.43平米 / 无 / 普通窗 ; 卫生间B / 3.87平米 / 无 / 无窗 ; 卫生间C / 4.22平米 / 无 / 普通窗 ; 卫生间D / 4.25平米 / 无 / 普通窗 ; 卫生间E / 6.98平米 / 无 / 无窗 ; 阳台A / 5.47平米 / 无 / 普通窗 ; 阳台B / 8.15平米 / 无 / 普通窗 ; 阳台C / 5.93平米 / 无 / 普通窗 ; 露台 / 67.81平米 / 无 / 普通窗 ; 楼梯间 / 7.06平米 / 无 / 普通窗 ; 过道 / 12.13平米 / 无 / 无窗,
业主诚心出售，朝南向看花园中间楼层采光通风佳三房！,"阳基御龙山 , 观澜",3室2厅,86.06平米,南,精装,31层,2018年,板塔结合,435 万,50547 元,0,,,VR房源,https://sz.lianjia.com/ershoufang/105115876425.html,VR房源,此房满五年，中间楼层，朝南向，采光通风好,阳基御龙山位于福城办事处福前路南侧，为山水资源同享的高品质纯居项目占地，共922户，其中1、2、3、5栋为住宅，4栋为项目自带的幼儿园,配套齐全，有比邻新天地、天虹商圈，观澜湖新城，购物、休闲、娱乐一应俱全；同时项目自带社区，生活便利,小区门口左转就是公交车站，悦兴围村口：b766路;m225路;m285路;m337路;m464路 距离港铁4号线延长线长湖站距离大概1.6公里 日常交通出行方便,,,暂无数据,2024-01-15,商品房,普通住宅,暂无数据,非共有,有抵押 230万元 农商银行 业主自还,挂牌时间:2024-01-15 | 交易权属:商品房 | 上次交易:暂无数据 | 房屋用途:普通住宅 | 房屋年限:暂无数据 | 产权所属:非共有 | 抵押信息:有抵押 230万元 农商银行 业主自还 | 房本备件:未上传房本照片,客厅 / 26.03平米 / 南 / 普通窗 ; 卧室A / 5.35平米 / 西 北 / 落地窗 ; 卧室B / 7.45平米 / 无 / 未知窗户类型 ; 卧室C / 13.99平米 / 无 / 未知窗户类型 ; 厨房 / 4.61平米 / 西 / 普通窗 ; 卫A / 2.41平米 / 无 / 无窗 ; 卫生间B / 4.26平米 / 西 / 落地窗 ; 阳台 / 4.75平米 / 南 / 普通窗 ; 过道 / 2.19平米 / 无 / 无窗,
本人深耕小区10年花园方正东南中空挑高缺点单层面积小,"观湖园 , 观澜",5室2厅,248.23平米,南,毛坯,1层,2012年,板楼,1560 万,62845 元,1,,,VR房源 | 房本满五年 | 随时看房,https://sz.lianjia.com/ershoufang/105115622051.html,VR房源 | 房本满五年 | 随时看房,本人深耕小区10年花园方正东南中空挑高位置高，有天有地有花园,小区是别墅小区没有高层采光视野都不错安静开车到深圳的东西南北便利目前在建设地铁属于价格地段,,,,,2010-03-26,2023-12-16,商品房,别墅,满五年,非共有,有抵押,挂牌时间:2023-12-16 | 交易权属:商品房 | 上次交易:2010-03-26 | 房屋用途:别墅 | 房屋年限:满五年 | 产权所属:非共有 | 抵押信息:有抵押 | 房本备件:已上传房本照片,客厅 / 68.41平米 / 西北 / 落地窗 ; 卧室A / 14.57平米 / 无 / 无窗 ; 卧室B / 11.09平米 / 无 / 普通窗 ; 卧室C / 13.49平米 / 无 / 无窗 ; 卧室D / 26.55平米 / 无 / 普通窗 ; 卧室E / 16.12平米 / 无 / 未知窗户类型 ; 厨房 / 10.62平米 / 东南 / 普通窗 ; 卫生间A / 6.95平米 / 无 / 普通窗 ; 卫生间B / 4.51平米 / 无 / 无窗 ; 卫生间C / 12.44平米 / 无 / 无窗 ; 卫生间D / 4.55平米 / 无 / 无窗 ; 阳台 / 8.14平米 / 无 / 普通窗 ; 储物间A / 5.75平米 / 无 / 无窗 ; 储物间B / 2.48平米 / 无 / 无窗 ; 储物间C / 14.3平米 / 无 / 无窗 ; 储物间D / 7.38平米 / 无 / 无窗 ; 储物间E / 6.63平米 / 无 / 无窗 ; 储物间F / 10.96平米 / 无 / 无窗 ; 储物间G / 45.29平米 / 无 / 无窗 ; 地下室 / 81.2平米 / 无 / 落地窗 ; 过道A / 10.31平米 / 无 / 无窗 ; 过道B / 7.1平米 / 无 / 无窗 ; 过道C / 6.75平米 / 无 / 无窗 ; 衣帽间 / 11.2平米 / 无 / 无窗,
次顶层端头端户，采光通风好视野佳，低于指导价出售！,"懿花园 , 观澜",3室2厅,89.68平米,西北,,高楼层(共10层),2014年,板楼,440 万,49064 元,3,,,VR房源,https://sz.lianjia.com/ershoufang/105115326636.html,VR房源,次顶层端头端户，采光通风好视野佳，低于指导价出售，装修漂亮,和黄懿花园也叫盈峰翠邸，由和记黄埔地产(深圳)有限公司开发，位于横坑水库。项目规划为地上建筑4-10层，地下2层，共59栋建筑(其中57栋住宅，2所幼儿园，及公建以地下室形式布置于地块南端)。 机动车位：600个；高层地库车位385个，多层地库车位200个,商场天虹观澜湖新城观澜人民医院邮局平安银行建设银行浦发银行工商银行农业银行其他樟坑径市场观澜高尔夫球会山水田园,公交线路：公交（宝安高新科技园、观澜高新科技园）794、627、663、668、866，517.264.921路等 高速公路：机荷高速公路、梅观高速公路。有轨电车高新区站距离小区300米。出行便利,,,暂无数据,2023-11-14,商品房,普通住宅,暂无数据,非共有,有抵押 200万元 . 业主自还,挂牌时间:2023-11-14 | 交易权属:商品房 | 上次交易:暂无数据 | 房屋用途:普通住宅 | 房屋年限:暂无数据 | 产权所属:非共有 | 抵押信息:有抵押 200万元 . 业主自还 | 房本备件:未上传房本照片,客厅 / 23.95平米 / 西 北 / 普通窗 ; 卧室A / 20.38平米 / 无 / 未知窗户类型 ; 卧室B / 6.61平米 / 无 / 未知窗户类型 ; 卧室C / 6.75平米 / 无 / 未知窗户类型 ; 厨房 / 6.7平米 / 西 / 普通窗 ; 卫生间A / 3.69平米 / 南 / 普通窗 ; 卫生间B / 3.04平米 / 无 / 普通窗 ; 阳台A / 2.81平米 / 西 / 普通窗 ; 阳台B / 5.87平米 / 西 北 / 普通窗 ; 过道 / 3.49平米 / 无 / 无窗,
4房  2厅  3卫   东南朝向    看房方便,"观湖园 , 观澜",4室2厅,170平米,南,毛坯,中楼层(共4层),2009年,板楼,649 万,38177 元,12,,,VR房源 | 房本满五年 | 随时看房,https://sz.lianjia.com/ershoufang/105113501092.html,VR房源 | 房本满五年 | 随时看房,叠加别墅，上下3层，有天台，有花园，,小区是纯别墅小区，和记黄埔开发，离梅观高速观澜出口2公里，现代东南亚风格，地块拥有人工湖泊约4 湾平方米，小区总共305栋，768户，870套，小区有叠加，双拼，独栋等多种户型,,下梅观高速2公里可达小区大门口，多条公交线路经过小区门口，地铁22号线年底动工，预计2025年通车（百度可查）,,,2011-01-28,2023-04-27,商品房,普通住宅,满五年,非共有,有抵押,挂牌时间:2023-04-27 | 交易权属:商品房 | 上次交易:2011-01-28 | 房屋用途:普通住宅 | 房屋年限:满五年 | 产权所属:非共有 | 抵押信息:有抵押 | 房本备件:已上传房本照片,客厅 / 47.82平米 / 无 / 未知窗户类型 ; 卧室A / 9.12平米 / 西北 / 落地窗 ; 卧室B / 8.69平米 / 东南 / 普通窗 ; 卧室C / 14.14平米 / 东南 / 普通窗 ; 卧室D / 15.36平米 / 无 / 未知窗户类型 ; 厨房 / 8.51平米 / 西南 / 普通窗 ; 卫生间A / 4.05平米 / 西北 / 普通窗 ; 卫生间B / 6.39平米 / 西北 / 普通窗 ; 卫生间C / 7.44平米 / 西北 / 普通窗 ; 阳台A / 3.87平米 / 西南 东北 东南 / 普通窗 ; 阳台B / 14.38平米 / 西南 西北 / 普通窗 ; 阳台C / 20.65平米 / 西南 东南 / 普通窗 ; 阳台D / 28.38平米 / 西南 西北 东南 / 普通窗 ; 过道A / 8.95平米 / 无 / 无窗 ; 过道B / 8.69平米 / 西北 / 普通窗 ; 过道C / 6.99平米 / 西北 东北 / 普通窗 ; 衣帽间 / 7.07平米 / 无 / 无窗,
一手毛坯，业主诚心出售，满五年税少,"深业泰然观澜玫瑰苑 , 观澜",3室2厅,88.71平米,南,毛坯,31层,2016年,板塔结合,358 万,40357 元,0,,,近地铁 | VR房源 | 随时看房,https://sz.lianjia.com/ershoufang/105121741691.html,地铁 | VR房源 | 随时看房,一手毛坯3房，中间位置安静，近地铁四号线观澜站,小区为 综合体，以空中花园为分开住宅与商场。由深圳市国惠康国泰房地产开发有限公司开发，深业泰然（集团）有限公司控股，成立于1985年的深圳市属国有企业，注册资金8亿元，旗下拥有9家控股企业、2家参股企业资历雄厚,小区自带商 .业，隔壁还有百佳华商场，马路跨国天桥是观澜老街,"小区门距离有轨轨电车-新澜站100米,，接驳清湖地铁口直达福田，楼下就是公交站吉盛酒店大公交站台，另外5公里上龙观快速，4公里上珠三角环线高速，各种交通设施配套齐全，出行便利",,,暂无数据,2025-08-10,商品房,普通住宅,暂无数据,非共有,有抵押 310万元 银行 金融公司垫资,挂牌时间:2025-08-10 | 交易权属:商品房 | 上次交易:暂无数据 | 房屋用途:普通住宅 | 房屋年限:暂无数据 | 产权所属:非共有 | 抵押信息:有抵押 310万元 银行 金融公司垫资 | 房本备件:未上传房本照片,客厅 / 26.14平米 / 东 / 普通窗 ; 卧室A / 7.34平米 / 无 / 未知窗户类型 ; 卧室B / 6.06平米 / 南 / 普通窗 ; 卧室C / 13.25平米 / 无 / 未知窗户类型 ; 厨房 / 4.43平米 / 南 / 普通窗 ; 卫生间 / 2.97平米 / 无 / 普通窗 ; 阳台A / 2.04平米 / 南 / 普通窗 ; 阳台B / 3平米 / 南 / 普通窗 ; 阳台C / 5.22平米 / 东 南 / 普通窗,
华盛观荟名庭 4室2厅 东北,"华盛观荟名庭 , 观澜",4室2厅,81平米,东北,精装,中楼层(共32层),2018年,板塔结合,330 万,40741 元,1,,,近地铁 | VR看装修,https://sz.lianjia.com/ershoufang/105121930835.html,地铁 | VR看装修,,,,,,,暂无数据,2025-08-27,商品房,普通住宅,暂无数据,非共有,有抵押 183万元,挂牌时间:2025-08-27 | 交易权属:商品房 | 上次交易:暂无数据 | 房屋用途:普通住宅 | 房屋年限:暂无数据 | 产权所属:非共有 | 抵押信息:有抵押 183万元 | 房本备件:未上传房本照片,客厅 / 26.8平米 / 东北 / 普通窗 ; 卧室A / 7.4平米 / 北 / 落地窗 ; 卧室B / 9.83平米 / 无 / 未知窗户类型 ; 卧室C / 7平米 / 东北 / 普通窗 ; 卧室D / 13.34平米 / 无 / 未知窗户类型 ; 厨房 / 4.93平米 / 无 / 未知窗户类型 ; 卫生间 / 4.92平米 / 无 / 未知窗户类型 ; 阳台 / 3.74平米 / 西北 东北 / 普通窗,
近地铁口精装三房 小区有泳池 户型方正 满五唯一 朝南,"阳基御龙山 , 观澜",3室1厅,76平米,南,精装,31层,2018年,板塔结合,406 万,53422 元,0,,,VR看装修,https://sz.lianjia.com/ershoufang/105120395782.html,VR看装修,近地铁口精装三房 小区有泳池 户型方正 满五唯一 朝南,阳基御龙山位于福前路与悦兴路交汇处，共922户，小区规划有4栋6座住宅，总层高为31-32层。园林自带幼儿园，游泳池，地下停车场，24小时封闭式管理，人车分流。,配套齐全，有比邻新天地、天虹商圈，观澜湖新城，购物、休闲、娱乐一应俱全；同时项目自带社区，生活便利,小区门口左转就是公交车站，悦兴围村口:b766路;m225路;m285路;m337路;m464路 距离港铁4号线延长线长湖站距离大概800米 日常交通出行方便,,,暂无数据,2025-04-13,商品房,普通住宅,暂无数据,共有,有抵押,挂牌时间:2025-04-13 | 交易权属:商品房 | 上次交易:暂无数据 | 房屋用途:普通住宅 | 房屋年限:暂无数据 | 产权所属:共有 | 抵押信息:有抵押 | 房本备件:未上传房本照片,客厅 / 21.17平米 / 西南 / 普通窗 ; 卧室A / 8.36平米 / 西南 / 普通窗 ; 卧室B / 12.6平米 / 西南 / 普通窗 ; 卧室C / 5.61平米 / 东南 / 普通窗 ; 厨房 / 5.29平米 / 东南 / 普通窗 ; 卫生间 / 3.78平米 / 东北 / 普通窗 ; 阳台 / 3.62平米 / 西南 东南 / 普通窗 ; 过道 / 2.9平米 / 无 / 无窗,
招商观园 5室2厅 东南,"招商观园 , 观澜",5室2厅,252.39平米,东南,毛坯,4层,2012年,塔楼,1200 万,47546 元,0,,,VR房源,https://sz.lianjia.com/ershoufang/105121854692.html,VR房源,,,,,,,2013-06-25,2025-08-20,商品房,普通住宅,未满两年,非共有,无抵押,挂牌时间:2025-08-20 | 交易权属:商品房 | 上次交易:2013-06-25 | 房屋用途:普通住宅 | 房屋年限:未满两年 | 产权所属:非共有 | 抵押信息:无抵押 | 房本备件:已上传房本照片,,
金地天悦湾看湖带大花园诚心出售,"金地天悦湾 , 观澜",5室2厅,294.83平米,南,精装,1层,2011年,板塔结合,3499 万,118679 元,0,,,VR房源 | 房本满五年,https://sz.lianjia.com/ershoufang/105121783563.html,VR房源 | 房本满五年,房子装修保养好业主自住诚心出售,项目位于宝安区观澜街道梅观高速与环观南路交汇处，地处观澜鹭湖国际社区，由金地集团开发建造，金地物业，分两期开发；友邻高尔夫球会，距福田18公里，真正享受城市近郊别墅生活，入则宁静，出则繁华。,观澜湿地公园，新世纪广场、人民公园。商.业设施：天虹商场、格兰郡商.业街。医疗设施：龙华新综合医院；观澜医院。宾馆酒店：格兰云天大酒店。银行：中国银行、工商银行、招商银行。,多维立体交通：多条公交线路途经，无论是福田，罗湖，南山，宝安，龙岗，还是通往前海等区域便利，开车也十分方便.坐车除了公交以外还可以选择轨道交通。轻轨电车，|无缝连接地铁四号线清湖站,,,2013-07-18,2025-08-14,商品房,别墅,满五年,非共有,有抵押 1400万元 北京银行股份有限公司,挂牌时间:2025-08-14 | 交易权属:商品房 | 上次交易:2013-07-18 | 房屋用途:别墅 | 房屋年限:满五年 | 产权所属:非共有 | 抵押信息:有抵押 1400万元 北京银行股份有限公司 | 房本备件:已上传房本照片,,
御龙山顶楼复式 俯瞰整个观澜 赏花 赏月 赏秋香,"阳基御龙山 , 观澜",5室2厅,97.85平米,西南,,31层,2018年,板塔结合,580 万,59275 元,0,,,VR房源 | 随时看房,https://sz.lianjia.com/ershoufang/105118622337.html,VR房源 | 随时看房,此房，满五年，不唯一，房子装修好，有租客，看房提前一天约,,"公园，九龙山公园，民法公园
医院，龙华区医院
商场，观澜天虹，福成天虹，观澜湖新城
教育：龙华第三外国语，观澜二中",,,,暂无数据,2024-10-17,商品房,普通住宅,暂无数据,共有,有抵押,挂牌时间:2024-10-17 | 交易权属:商品房 | 上次交易:暂无数据 | 房屋用途:普通住宅 | 房屋年限:暂无数据 | 产权所属:共有 | 抵押信息:有抵押 | 房本备件:未上传房本照片,,
中森公园华府125平大4房急售，户型方正，住家装修,"中森公园华府 , 观澜",4室2厅,124.85平米,东南,毛坯,低楼层(共30层),2020年,板塔结合,432 万,34602 元,0,,,VR房源 | 房本满五年,https://sz.lianjia.com/ershoufang/105115993108.html,VR房源 | 房本满五年,大平层，房子住家保养好，户型方正，,开发商为深圳中森，是以房地产为产业的企业，主要以珠三角地区和成渝地区为发展区域。 在深圳有几个住宅地产项目，为人熟知的应该是科技园片区华润城邻居的英伦名苑1-3期，以及龙岗的中森双子座。,项目位于龙华区观澜板块，观湖街道的东南方位。所在区域是深圳中轴北的产业，南接坂田天安云谷、龙华宝能科技城，东连平湖金融与现代服务业基地，西临观澜高新产业园， 北为观澜传统制造业聚集地带。项目西侧约1.6公里处为鹭湖科技文化片区，,距有轨电车1公里，接驳地铁：中森白鸽湖老村，位于环观南路，项目距离龙华有轨电车2号线的终点站下围站约1公里步行距离（百度地图测量，仅供参考），通过有轨电车接入深圳地铁轨道交通网络，目前已在地铁4号线清湖站接通，待2020年底4号线北延段开通后..,,,2015-06-17,2024-01-31,商品房,普通住宅,满五年,非共有,有抵押,挂牌时间:2024-01-31 | 交易权属:商品房 | 上次交易:2015-06-17 | 房屋用途:普通住宅 | 房屋年限:满五年 | 产权所属:非共有 | 抵押信息:有抵押 | 房本备件:已上传房本照片,客厅 / 30.39平米 / 无 / 未知窗户类型 ; 卧室A / 10.47平米 / 无 / 未知窗户类型 ; 卧室B / 7.58平米 / 北 / 落地窗 ; 卧室C / 19.8平米 / 无 / 未知窗户类型 ; 卧室D / 10.76平米 / 无 / 未知窗户类型 ; 厨房 / 7.11平米 / 南 / 普通窗 ; 卫生间A / 3.42平米 / 无 / 未知窗户类型 ; 卫生间B / 5.55平米 / 无 / 未知窗户类型 ; 阳台A / 3.02平米 / 南 / 普通窗 ; 阳台B / 5.38平米 / 东 南 / 普通窗 ; 过道 / 5.85平米 / 无 / 无窗 ; 衣帽间 / 3.65平米 / 无 / 无窗,
双阳台南北通户型，满五年业主诚心出售，4号线观澜站,"深业泰然观澜玫瑰苑 , 观澜",3室2厅,88.84平米,东南,,31层,2016年,板塔结合,320 万,36020 元,0,,,近地铁 | VR房源 | 房本满五年,https://sz.lianjia.com/ershoufang/105121379990.html,地铁 | VR房源 | 房本满五年,此房是南北通户型，带双阳台，满五年，楼下就是4号线观澜站。,,小区楼下自带商场，隔壁有百佳华大型商场，兴旺达广场，生活便利。,小区楼下就是龙华4号线观澜站，还有多条公交可选，观澜轻轨总站。,,一手业主，满五年红本在手，有少量欠款，产权清晰，办理过户手续快。,2015-03-18,2025-07-09,商品房,普通住宅,满五年,非共有,有抵押 126.8万元 客户偿还,挂牌时间:2025-07-09 | 交易权属:商品房 | 上次交易:2015-03-18 | 房屋用途:普通住宅 | 房屋年限:满五年 | 产权所属:非共有 | 抵押信息:有抵押 126.8万元 客户偿还 | 房本备件:已上传房本照片,,
正规户型，房子位子好，看上了可以谈,"龙光玖誉府 , 观澜",2室2厅,73.4平米,东南,精装,中楼层(共31层),2020年,塔楼,408 万,55586 元,2,,,近地铁 | VR看装修 | 房本满五年,https://sz.lianjia.com/ershoufang/105118086781.html,地铁 | VR看装修 | 房本满五年,开发商好物业好，位子好，房子采光通风好，楼下地铁站口，,龙光玖誉府为 “玖”系作品，是龙光品牌23年匠心打磨的又一力作。总占地面积约15000㎡，总建筑面积约85000㎡，项目精心规划有8000㎡ 图书馆及73-108㎡ 精品住宅，秉承龙光一直以来对品质的高标准，严要求，精心考量空间需求与体验，打造舒适宜居的人居高..,综合商场：3公里范围内有比邻新天地、楼下观澜天虹、图书馆.观澜汇合正广场、观荟里四大集中商场 医院：龙华中.心医院（三甲），文体：观湖文化体育（建设中）、鹭湖人文三馆（规划中）、观湖美术馆。,快速路网：项目已形成三横三纵交通格局。本项目东邻观澜大道，其中三横为“观光路、环观南路、机荷高速”；三纵为“龙观快速、观澜大道、梅观快速”。 2) 地铁：门口地铁4号延长线茜坑站，深圳北直通香港、到达福田会展中.,,,2018-11-15,2024-08-27,商品房,普通住宅,满五年,非共有,有抵押,挂牌时间:2024-08-27 | 交易权属:商品房 | 上次交易:2018-11-15 | 房屋用途:普通住宅 | 房屋年限:满五年 | 产权所属:非共有 | 抵押信息:有抵押 | 房本备件:已上传房本照片,客厅 / 26.67平米 / 西南 / 普通窗 ; 卧室A / 8.55平米 / 无 / 未知窗户类型 ; 卧室B / 10.24平米 / 无 / 未知窗户类型 ; 厨房 / 4.67平米 / 西北 / 普通窗 ; 卫生间 / 3.67平米 / 西北 / 普通窗 ; 阳台 / 4.1平米 / 西南 西北 / 普通窗,
陶润精装修五居室诚心出 保养好可拎包入住,"陶润懿峰 , 观澜",5室1厅,118.7平米,南,简装,高楼层(共32层),2016年,板塔结合,600 万,50548 元,0,,,近地铁 | VR看装修,https://sz.lianjia.com/ershoufang/105120837774.html,地铁 | VR看装修,此房子满五唯一，南北通户型格局，高楼层，视野宽阔，采光好,,小区的配套设施齐全，交通便利，生活无忧。小区花园自带游泳池，儿童游玩区，老人休闲连廊。与观澜河湿地公园为邻、地铁四号线竹村站、福城天虹购物商场、观澜天虹在小区旁边。,小区出行便利、楼下有公交站、观澜特色轻轨新澜站、地铁四号线竹村站距离800米。,,,暂无数据,2025-05-24,商品房,普通住宅,暂无数据,非共有,有抵押 300万元,挂牌时间:2025-05-24 | 交易权属:商品房 | 上次交易:暂无数据 | 房屋用途:普通住宅 | 房屋年限:暂无数据 | 产权所属:非共有 | 抵押信息:有抵押 300万元 | 房本备件:未上传房本照片,,
高楼层，朝向好，视野开阔，通风采光好。,"珑门二期 , 观澜",4室2厅,87.62平米,西北,,高楼层(共32层),2018年,板塔结合,365 万,41658 元,1,,,VR看装修,https://sz.lianjia.com/ershoufang/105120285559.html,VR看装修,高楼层，朝向好，视野开阔，通风采光好。,小区位于龙华区福前路和新丹路交汇处，2016年1月1日竣工，占地面积47000平方米，建筑面积249000平方米，共1600户。开发商：深圳市鹏城置业有限公司，物业公司 ：深圳市凯鸿物业管理有限公司 。车位比：1.1.1，物业管理费3.8元每平方。,小区内有绿化好，有儿童游乐场，有康乐健身设施。旁边是九龙山体育公园，内有游泳馆、篮球场、羽毛球场等。楼下有钱大妈、肯德鸡、有中国银行，生活配套完善。,,,,暂无数据,2025-04-03,商品房,普通住宅,暂无数据,非共有,有抵押 中国银行,挂牌时间:2025-04-03 | 交易权属:商品房 | 上次交易:暂无数据 | 房屋用途:普通住宅 | 房屋年限:暂无数据 | 产权所属:非共有 | 抵押信息:有抵押 中国银行 | 房本备件:未上传房本照片,客厅 / 26.21平米 / 西南 东南 / 普通窗 ; 卧室A / 6.43平米 / 东南 / 落地窗 ; 卧室B / 5.7平米 / 东 / 落地窗 ; 卧室C / 11.93平米 / 无 / 未知窗户类型 ; 卧室D / 8.98平米 / 无 / 未知窗户类型 ; 厨房 / 5.35平米 / 东 / 普通窗 ; 卫生间A / 2.9平米 / 无 / 无窗 ; 卫生间B / 4.13平米 / 东南 / 落地窗 ; 阳台 / 3.77平米 / 西南 西北 东南 / 普通窗 ; 过道 / 2.78平米 / 无 / 无窗,
观澜站A出口，精致小户型1房1厅，居家之选,"深业泰然观澜玫瑰苑 , 观澜",1室1厅,47.07平米,西南,,31层,2016年,板塔结合,258 万,54812 元,6,,,近地铁 | VR房源 | 房本满五年,https://sz.lianjia.com/ershoufang/105112075630.html,地铁 | VR房源 | 房本满五年,观澜站A出口，精致小户型1房1厅，居家之选,小区为 综合体，以空中花园为分开住宅与商场。由深圳市国惠康国泰房地产开发有限公司开发，深业泰然（集团）有限公司控股，成立于1985年的深圳市属国有企业，注册资金8亿元，旗下拥有9家控股企业、2家参股企业。资历雄厚,,小区门距离有轨轨电车-新澜站，接驳清湖地铁口直达福田，楼下就是公交站吉盛酒店大公交站台，另外5公里上龙观快速，4公里上珠三角环线高速，各种交通设施配套齐全，出行便利,,,2015-09-05,2022-11-19,商品房,普通住宅,满五年,非共有,有抵押 178万元 融资机构 业主自还,挂牌时间:2022-11-19 | 交易权属:商品房 | 上次交易:2015-09-05 | 房屋用途:普通住宅 | 房屋年限:满五年 | 产权所属:非共有 | 抵押信息:有抵押 178万元 融资机构 业主自还 | 房本备件:已上传房本照片,客厅 / 16.04平米 / 无 / 未知窗户类型 ; 卧室 / 9.12平米 / 北 / 普通窗 ; 厨房 / 3.33平米 / 北 / 普通窗 ; 卫生间 / 2.07平米 / 无 / 无窗 ; 阳台 / 3.52平米 / 北 东 / 普通窗,
看上看湖，客厅正出阳台.位置安静，,"懿花园 , 观澜",3室2厅,89.03平米,南,,中楼层(共10层),2014年,板楼,420 万,47176 元,1,,,VR看装修,https://sz.lianjia.com/ershoufang/105120328499.html,VR看装修,看上看湖，客厅正出阳台.位置安静，拎包入住,和黄懿花园也叫盈峰翠邸，由和记黄埔地产(深圳)有限公司开发，位于横坑水库。项目规划为地上建筑4-10层，地下2层，共59栋建筑(其中57栋住宅，2所幼儿园，及公建以地下室形式布置于地块南端)。 机动车位：600个；高层地库车位385个，多层地库车位200个,,公交线路：公交（宝安高新科技园、观澜高新科技园）794、627、663、668、866路等，出小区就是有轨电车站台，高速公路：机荷高速公路、梅观高速公路，交通方便。,,,暂无数据,2025-04-08,商品房,普通住宅,暂无数据,非共有,有抵押 广发 业主自还,挂牌时间:2025-04-08 | 交易权属:商品房 | 上次交易:暂无数据 | 房屋用途:普通住宅 | 房屋年限:暂无数据 | 产权所属:非共有 | 抵押信息:有抵押 广发 业主自还 | 房本备件:未上传房本照片,客厅 / 22.37平米 / 北 / 普通窗 ; 卧室A / 7.04平米 / 无 / 未知窗户类型 ; 卧室B / 7.56平米 / 无 / 未知窗户类型 ; 卧室C / 14.9平米 / 无 / 未知窗户类型 ; 厨房 / 5.43平米 / 西 / 落地窗 ; 卫生间A / 3.61平米 / 无 / 落地窗 ; 卫生间B / 3.39平米 / 南 / 普通窗 ; 阳台A / 3.61平米 / 西 / 落地窗 ; 阳台B / 5.8平米 / 西 北 / 普通窗 ; 过道 / 3.29平米 / 无 / 无窗 ; 衣帽间 / 4.95平米 / 南 / 普通窗,
红本在手，满五年，正南向，端头位，视野好。,"招商观园 , 观澜",3室1厅,87.55平米,南,,低楼层(共18层),2012年,塔楼,358 万,40891 元,0,,,VR房源,https://sz.lianjia.com/ershoufang/105120827038.html,VR房源,满五年，红本 在手，正南向，无遮挡，视野好，价格好谈,招商观园地块位于深圳市宝安区观澜街道环观南路北侧，与观澜高新技术园区隔路相望，邻进梅观高速、机荷高速，占地147595.156平方米，主力产品为140-180㎡大户型和单证89平,南面是高兴科技园，北面是横坑滨水公园，税务局（1000米百度地图 观湖中 心公园（737米百度地图 医疗龙华医院（4600米百度地图测距龙华综合医院在建中3100米百度地图测距新科技园社区健康服务商场楼下佳又惠百货医院天虹（2400米百度地图测距,有轨电车站台，高新园西站（电车接驳地铁4号线清湖地铁口），公交线路：公交（观澜高新园站）M567、M264、313、E4路等，高速公路：机荷高速公路、梅观高速公路，交通方便。,,,暂无数据,2025-05-23,商品房,普通住宅,暂无数据,非共有,无抵押,挂牌时间:2025-05-23 | 交易权属:商品房 | 上次交易:暂无数据 | 房屋用途:普通住宅 | 房屋年限:暂无数据 | 产权所属:非共有 | 抵押信息:无抵押 | 房本备件:未上传房本照片,客厅 / 31.41平米 / 南 / 普通窗 ; 卧室A / 6.55平米 / 东 / 落地窗 ; 卧室B / 10.78平米 / 无 / 未知窗户类型 ; 卧室C / 14.21平米 / 无 / 未知窗户类型 ; 厨房 / 5.39平米 / 南 / 普通窗 ; 卫生间 / 4.65平米 / 东 / 落地窗 ; 阳台A / 1.44平米 / 南 / 普通窗 ; 阳台B / 4.79平米 / 南 / 普通窗,
观湖园别墅 买过来就可以亲自装修 阳台景观没的说,"观湖园 , 观澜",4室1厅,150平米,东,毛坯,上叠(共4层),2012年,板楼,850 万,56667 元,0,,,VR房源,https://sz.lianjia.com/ershoufang/105121437766.html,VR房源,此房满五唯一，带花园以及车位，精装修可以拎包入住,,,,,,暂无数据,2025-07-14,商品房,别墅,暂无数据,非共有,无抵押,挂牌时间:2025-07-14 | 交易权属:商品房 | 上次交易:暂无数据 | 房屋用途:别墅 | 房屋年限:暂无数据 | 产权所属:非共有 | 抵押信息:无抵押 | 房本备件:未上传房本照片,客厅 / 49.72平米 / 无 / 未知窗户类型 ; 卧室A / 8.71平米 / 西南 / 落地窗 ; 卧室B / 17.54平米 / 东北 / 普通窗 ; 卧室C / 8.99平米 / 西南 / 落地窗 ; 卧室D / 14.71平米 / 东北 / 落地飘窗 ; 厨房 / 6.94平米 / 东南 / 普通窗 ; 卫生间A / 4.79平米 / 西南 / 普通窗 ; 卫生间B / 2.95平米 / 东南 / 普通窗 ; 卫生间C / 5.64平米 / 无 / 无窗 ; 卫生间D / 5.39平米 / 东南 / 普通窗 ; 阳台A / 5.38平米 / 西北 东北 东南 / 普通窗 ; 阳台B / 6.01平米 / 西北 东北 东南 / 普通窗 ; 阳台C / 7.59平米 / 西南 / 普通窗 ; 露台 / 56.65平米 / 西南 西北 东北 东南 / 普通窗 ; 楼梯间 / 7.6平米 / 西南 / 普通窗 ; 过道 / 10.49平米 / 无 / 无窗,
观澜长湖地铁站70年精装1室1厅近菜市场近公园近医院,"华盛峰荟名庭 , 观澜",1室1厅,43.63平米,东南,精装,低楼层(共36层),2016年,板塔结合,125 万,28651 元,0,,,近地铁 | VR房源,https://sz.lianjia.com/ershoufang/105121196046.html,地铁 | VR房源,房子是刚需小户型近地铁适合不想压力太大的朋友,,小区楼下有为盛百货，门口有菜市场，500米范围有公园，地铁，医院,,,,暂无数据,2025-06-23,商品房,商务公寓,暂无数据,非共有,有抵押,挂牌时间:2025-06-23 | 交易权属:商品房 | 上次交易:暂无数据 | 房屋用途:商务公寓 | 房屋年限:暂无数据 | 产权所属:非共有 | 抵押信息:有抵押 | 房本备件:未上传房本照片,,
七百平精装 户型通透 方正实用 带独立出库,"金地天悦湾 , 观澜",9室3厅,287.32平米,东南 西北,精装,1层,2011年,板塔结合,2600 万,90492 元,1,,,VR房源,https://sz.lianjia.com/ershoufang/105119697556.html,VR房源,南北通透的格局，超九成新的保养，七百平的使用面积，私家车库,项目位于宝安区观澜街道梅观高速与环观南路交汇处，地处观澜鹭湖国际社区，由金地集团开发建造，金地物业，分两期开发；友邻高尔夫球会，距福田18公里，真正享受城市近郊别墅生活，入则宁静，出则繁华。,观澜湿地公园，新世纪广场、人民公园。商.业设施：天虹商场、格兰郡商.业街。医疗设施：龙华新综合医院；观澜医院。宾馆酒店：格兰云天大酒店。银行：中国银行、工商银行、招商银行。,多维立体交通：多条公交线路途经，无论是福田，罗湖，南山，宝安，龙岗，还是通往前海等区域便利，开车也十分方便.坐车除了公交以外还可以选择轨道交通。轻轨电车，|无缝连接地铁四号线清湖站,,,暂无数据,2025-02-15,商品房,别墅,暂无数据,非共有,有抵押 1800万元,挂牌时间:2025-02-15 | 交易权属:商品房 | 上次交易:暂无数据 | 房屋用途:别墅 | 房屋年限:暂无数据 | 产权所属:非共有 | 抵押信息:有抵押 1800万元 | 房本备件:未上传房本照片,餐厅 / 23.04平米 / 东 / 落地窗 ; 客厅A / 69.5平米 / 无 / 落地窗 ; 客厅B / 41.65平米 / 无 / 无窗 ; 客厅C / 41.25平米 / 西 / 落地窗 ; 书房 / 16.21平米 / 北 东 / 普通窗 ; 卧室A / 20.57平米 / 无 / 无窗 ; 多功能间A / 37.03平米 / 无 / 无窗 ; 卧室B / 20.07平米 / 西 / 普通窗 ; 多功能间B / 12.14平米 / 无 / 无窗 ; 卧室C / 14.88平米 / 无 / 无窗 ; 多功能间C / 11.92平米 / 无 / 无窗 ; 卧室D / 15.39平米 / 无 / 无窗 ; 卧室E / 23.68平米 / 西 / 普通窗 ; 厨房A / 6.87平米 / 南 / 落地窗 ; 厨房B / 10.72平米 / 东 / 普通窗 ; 卫生间A / 4.03平米 / 无 / 无窗 ; 卫生间B / 5.86平米 / 无 / 无窗 ; 卫生间C / 5.44平米 / 无 / 无窗 ; 阳台A / 6.66平米 / 西 / 普通窗 ; 阳台B / 5.92平米 / 无 / 无窗 ; 阳台C / 5.87平米 / 西 南 / 普通窗 ; 露台 / 22.38平米 / 北 东 南 / 普通窗 ; 储物间A / 15.24平米 / 无 / 无窗 ; 储物间B / 5.99平米 / 无 / 无窗 ; 储物间C / 6.97平米 / 无 / 无窗 ; 储物间D / 10.93平米 / 无 / 无窗 ; 储物间E / 8.89平米 / 西 / 普通窗 ; 储物间F / 6.8平米 / 无 / 无窗 ; 储物间G / 12.68平米 / 西 / 普通窗 ; 储物间H / 7.56平米 / 无 / 无窗 ; 过道 / 3.19平米 / 无 / 无窗 ; 电梯A / 1.2平米 / 无 / 落地窗 ; 过道A / 19.83平米 / 无 / 无窗 ; 电梯B / 1.18平米 / 西 东 南 / 落地窗 ; 过道B / 17.46平米 / 无 / 无窗 ; 电梯C / 1.22平米 / 西 东 南 / 落地窗 ; 过道C / 18.95平米 / 无 / 无窗 ; 电梯D / 1.52平米 / 西 东 南 / 落地窗 ; 过道D / 17.96平米 / 无 / 无窗 ; 电梯E / 1.39平米 / 西 东 南 / 落地窗 ; 过道E / 2.95平米 / 无 / 无窗 ; 过道F / 19.95平米 / 北 / 普通窗,
金地天悦湾 临湖叠拼别墅 奢华精装,"金地天悦湾 , 观澜",7室4厅,255.75平米,东南,精装,下叠(共4层),2011年,板塔结合,1780 万,69600 元,5,,,VR房源,https://sz.lianjia.com/ershoufang/105118793704.html,VR房源,此房满五年 无增值税 业主自住奢华精装,项目具体位于宝安区观澜街道梅观高速与环观南路交汇处，地处观澜。占地约15.73。万 m2，建面约23。万m2。分两期开发；低密度法式小区；,,多维立体交通，多条公交线路途经，无论是福田，罗湖，南山还是通往宝安前海等区域便利，开车也十分方便.坐车除了公交以外还可以选择门口轻轨电车，无缝连接地铁四号线清湖站；,,,暂无数据,2024-11-03,商品房,别墅,暂无数据,非共有,有抵押,挂牌时间:2024-11-03 | 交易权属:商品房 | 上次交易:暂无数据 | 房屋用途:别墅 | 房屋年限:暂无数据 | 产权所属:非共有 | 抵押信息:有抵押 | 房本备件:未上传房本照片,餐厅 / 11.57平米 / 无 / 无窗 ; 客厅A / 55.21平米 / 东北 / 普通窗 ; 客厅B / 48.59平米 / 无 / 落地窗 ; 书房 / 9.63平米 / 无 / 落地窗 ; 多功能间 / 34.21平米 / 无 / 无窗 ; 卧室A / 25.08平米 / 东北 / 普通窗 ; 卧室B / 9.84平米 / 东北 / 普通窗 ; 卧室C / 13.16平米 / 无 / 无窗 ; 卧室D / 12.41平米 / 无 / 落地窗 ; 卧室E / 18.34平米 / 无 / 普通窗 ; 卧室F / 27.08平米 / 无 / 普通窗 ; 卧室G / 13.11平米 / 无 / 无窗 ; 厨房 / 8.7平米 / 无 / 普通窗 ; 卫生间A / 4.47平米 / 无 / 无窗 ; 卫生间B / 9.53平米 / 无 / 落地窗 ; 卫生间C / 2.97平米 / 无 / 普通窗 ; 卫生间D / 10.01平米 / 无 / 普通窗 ; 阳台A / 7.92平米 / 无 / 普通窗 ; 阳台B / 19.24平米 / 无 / 普通窗 ; 储物间A / 11.04平米 / 东南 / 普通窗 ; 储物间B / 10.7平米 / 无 / 无窗 ; 过道 / 18.16平米 / 无 / 无窗 ; 电梯A / 3.45平米 / 无 / 无窗 ; 过道A / 21.88平米 / 无 / 无窗 ; 电梯B / 2.53平米 / 无 / 无窗,
珑门名苑入手华为旁边4房配套齐全,"珑门二期 , 观澜",4室2厅,86.7平米,西南,简装,低楼层(共32层),2018年,板塔结合,355 万,40946 元,0,,,VR看装修,https://sz.lianjia.com/ershoufang/105120247790.html,VR看装修,额外多一个独立入户，高楼层，视野开阔,小区一字排开，采光与通风都无遮挡，绿化高，物业管理好，每栋入户大堂有8米高,,,,,暂无数据,2025-03-31,商品房,普通住宅,暂无数据,非共有,有抵押 客户偿还,挂牌时间:2025-03-31 | 交易权属:商品房 | 上次交易:暂无数据 | 房屋用途:普通住宅 | 房屋年限:暂无数据 | 产权所属:非共有 | 抵押信息:有抵押 客户偿还 | 房本备件:未上传房本照片,客厅 / 26.57平米 / 无 / 未知窗户类型 ; 卧室A / 6.43平米 / 东 / 落地窗 ; 卧室B / 8.53平米 / 无 / 未知窗户类型 ; 卧室C / 12.88平米 / 北 / 普通窗 ; 厨房 / 5.72平米 / 无 / 普通窗 ; 卫A / 3.33平米 / 北 东 / 落地窗 ; 卫生间B / 3.8平米 / 西 北 / 落地窗 ; 阳台A / 5.04平米 / 东 南 / 普通窗 ; 阳台B / 3.97平米 / 西 北 东 / 普通窗 ; 阳台C / 1.93平米 / 西 / 普通窗,
地铁口物业，配套完善，户型方正，高楼层朝南,"龙光玖誉府 , 观澜",2室2厅,73.4平米,南,精装,高楼层(共31层),2020年,塔楼,325 万,44278 元,4,,,近地铁 | VR看装修,https://sz.lianjia.com/ershoufang/105118418417.html,地铁 | VR看装修,地铁口物业，配套完善，户型方正，高楼层朝南,龙光玖誉府为 “玖”系作品，是龙光品牌23年匠心打磨的又一力作。总占地面积约15000㎡，总建筑面积约85000㎡，项目精心规划有8000㎡ 图书馆及73-108㎡ 精品住宅，秉承龙光一直以来对品质的高标准，严要求，精心考量空间需求与体验，打造舒适宜居的人居,综合商场：楼下就是系餐饮休闲购物于一体的福城天虹大型综合商场，休闲购物方便。3公里范围内有比邻新天地、观澜天虹、观澜汇合正广场、观荟里四大集中商场 医院：龙华中.心医院（三甲），文体：观湖文化体育（建设中）、鹭湖人文三馆（规划中）,1）快速路网：项目已形成三横三纵交通格局。本项目东邻观澜大道，其中三横为“观光路、环观南路、机荷高速”；三纵为“龙观快速、观澜大道、梅观快速”。 2) 地铁：楼下就是地铁4号延长线茜坑站，深圳北直通香港、到达福田会展,,,暂无数据,2024-09-27,商品房,普通住宅,暂无数据,非共有,有抵押 133万元 金融公司垫资,挂牌时间:2024-09-27 | 交易权属:商品房 | 上次交易:暂无数据 | 房屋用途:普通住宅 | 房屋年限:暂无数据 | 产权所属:非共有 | 抵押信息:有抵押 133万元 金融公司垫资 | 房本备件:未上传房本照片,客厅 / 25.49平米 / 西南 / 普通窗 ; 卧室A / 8.3平米 / 西 / 落地窗 ; 卧室B / 10.29平米 / 无 / 未知窗户类型 ; 厨房 / 6.1平米 / 西北 / 普通窗 ; 卫生间 / 3.51平米 / 西北 / 普通窗 ; 阳台 / 3.99平米 / 西南 西北 / 普通窗,
精致两房，湿地公园，环境好，业主诚意出售,"招商澜园 , 观澜",2室2厅,80平米,南,精装,中楼层(共17层),2010年,板塔结合,383 万,47875 元,0,,,近地铁 | VR看装修,https://sz.lianjia.com/ershoufang/105121690742.html,地铁 | VR看装修,房子户型精致，小区绿化高。业主诚意卖，价格好谈,小区由招商局地产开发，国家一级物业资质的招商物业管理，小区部分为南北两区，由十三栋高层组成，低密度，是个纯居住的大社区，自带6000平的大花园，人车分流，很适合有老人和小孩的客户，小区自带幼儿园，有固定车位。,观澜街道办 休闲区域：新世纪广场、观澜文化广场， 商场：设施天虹商场、比邻新天地，观澜河湿地公园距离小区近在咫尺。龙华区政府距离小区2公里，属于新区政府辐射范围内。项目：现聚集多家大品牌开发商在此拿地。如：万科 卓 越，阳基,小区门口就有公交站，途径的公交线众多，有轨电车在小区门口文澜站，直接到达清湖地铁口，竹村地铁口 800米，观澜大桥直接可以上机荷高速，多条公交线路到达罗湖，福田,,,暂无数据,2025-08-06,商品房,普通住宅,暂无数据,非共有,无抵押,挂牌时间:2025-08-06 | 交易权属:商品房 | 上次交易:暂无数据 | 房屋用途:普通住宅 | 房屋年限:暂无数据 | 产权所属:非共有 | 抵押信息:无抵押 | 房本备件:未上传房本照片,,
中层朝南视野开阔精装修三房一卫,"北宸之光家园 , 观澜",3室2厅,80.85平米,南,精装,中楼层(共52层),2023年,塔楼,338 万,41806 元,0,,,VR看装修,https://sz.lianjia.com/ershoufang/105120268743.html,VR看装修,精装修，视野开阔，光线好，交通便利。,"小区由3栋楼房组成,社区自带幼儿园,大泳池,儿童活动场地,刚需户型车位充足安保齐全。","配套齐全,有牛湖夜市街区、观澜湖新城,购物、休闲、娱乐一应俱全;同时项目自带社区购物,生活便利。",,,,暂无数据,2025-04-02,商品房,普通住宅,暂无数据,非共有,有抵押 260万元,挂牌时间:2025-04-02 | 交易权属:商品房 | 上次交易:暂无数据 | 房屋用途:普通住宅 | 房屋年限:暂无数据 | 产权所属:非共有 | 抵押信息:有抵押 260万元 | 房本备件:未上传房本照片,客厅 / 18.59平米 / 西南 / 普通窗 ; 卧室A / 5.84平米 / 无 / 未知窗户类型 ; 卧室B / 9.75平米 / 无 / 未知窗户类型 ; 卧室C / 5.96平米 / 西南 / 普通窗 ; 厨房 / 4平米 / 东南 / 普通窗 ; 卫生间 / 6.8平米 / 无 / 未知窗户类型 ; 阳台 / 6.56平米 / 西南 / 普通窗 ; 过道 / 3.56平米 / 无 / 无窗,
全新重装 好房 懿花园别墅 上下有六层,"懿花园 , 观澜",7室2厅,183.23平米,东南,精装,1层,2013年,板楼,1200 万,65492 元,6,,,VR房源,https://sz.lianjia.com/ershoufang/105115135355.html,VR房源,此房位置安静 业主全新重装 高扩展 上下有六层,和黄懿花园也叫盈峰翠邸，由和记黄埔地产(深圳)有限公司开发，位于横坑水库。项目规划为地上建筑4-10层，地下2层，共59栋建筑(其中57栋住宅，2所幼儿园，及公建以地下室形式布置于地块南端)。 机动车位：600个；高层地库车位385个，多层地库车位200个,,公交线路：公交（宝安高新科技园、观澜高新科技园）794、627、663、668、866，517.264.921路等 高速公路：机荷高速公路、梅观高速公路。有轨电车高新区站距离小区300米。出行便利,,,暂无数据,2023-10-23,商品房,普通住宅,暂无数据,非共有,有抵押,挂牌时间:2023-10-23 | 交易权属:商品房 | 上次交易:暂无数据 | 房屋用途:普通住宅 | 房屋年限:暂无数据 | 产权所属:非共有 | 抵押信息:有抵押 | 房本备件:未上传房本照片,客厅 / 46.2平米 / 南 / 落地窗 ; 卧室A / 10.68平米 / 无 / 普通窗 ; 卧室B / 17.6平米 / 南 / 落地窗 ; 卧室C / 13.99平米 / 无 / 未知窗户类型 ; 卧室D / 20.92平米 / 南 / 落地窗 ; 卧室E / 18.73平米 / 北 东 / 普通窗 ; 卧室F / 21.02平米 / 北 南 / 落地窗 ; 厨房 / 11.86平米 / 北 / 普通窗 ; 卫生间A / 3.63平米 / 无 / 无窗 ; 卫生间B / 4.84平米 / 南 / 普通窗 ; 卫生间C / 3.52平米 / 北 / 普通窗 ; 卫生间D / 7.32平米 / 无 / 无窗 ; 卫生间E / 3.7平米 / 北 / 普通窗 ; 卫生间F / 2.55平米 / 无 / 落地窗 ; 阳台 / 5.06平米 / 无 / 普通窗 ; 阳台B / 4.01平米 / 南 / 落地窗 ; 阳台C / 4.05平米 / 东 南 / 落地窗 ; 阳台D / 3.66平米 / 西 南 / 落地窗 ; 阳台E / 3.99平米 / 南 / 落地窗 ; 阳台F / 17.65平米 / 北 东 / 普通窗 ; 阳台G / 6.38平米 / 西 北 东 / 落地窗 ; 阳台H / 26.78平米 / 西 东 南 / 普通窗 ; 储物间A / 2平米 / 无 / 无窗 ; 储物间B / 6.3平米 / 无 / 无窗 ; 地下室 / 39.93平米 / 无 / 无窗 ; 过道A / 2.58平米 / 无 / 无窗 ; 过道B / 7.33平米 / 无 / 无窗 ; 过道C / 7.41平米 / 无 / 无窗 ; 过道D / 4.18平米 / 无 / 无窗 ; 过道E / 9平米 / 西 北 东 南 / 落地窗 ; 衣帽间 / 4.05平米 / 无 / 无窗,
观湖园叠墅花园200平，大花园,"观湖园 , 观澜",4室2厅,87.94平米,东南 南,毛坯,4层,2012年,板楼,925 万,105186 元,100,,,VR房源 | 房本满五年 | 随时看房,https://sz.lianjia.com/ershoufang/105106245386.html,VR房源 | 房本满五年 | 随时看房,满五，实际使用面积300，双停车位，花园面积大属于端头拐角位,观湖园位于龙华新区观澜镇，邻近梅观高速观澜出口。小区占地37.***平方米，容积低， 绿化高，现代东南亚园林景观设计，地块拥有人工湖泊约***平方米，小区总共305栋，768户，870套 ，小区有叠加，双拼，独栋等多种户型；小区安保严密，24小时巡逻监控,,观湖园纯别墅小区邻近梅观高速公路，地铁22号线年底动工，预计2025年通车（百度可查 ），距离梅观高速观澜出口约1.5公里，去南山约33公里，罗湖约30公里，福田约28公里，交通如此 便利的接轨市内生活圈。距观澜湖新城约2公里，交通出行娱乐购物也是相当方便,,,2015-06-17,2021-01-12,商品房,别墅,满五年,非共有,有抵押 50万元 客户偿还,挂牌时间:2021-01-12 | 交易权属:商品房 | 上次交易:2015-06-17 | 房屋用途:别墅 | 房屋年限:满五年 | 产权所属:非共有 | 抵押信息:有抵押 50万元 客户偿还 | 房本备件:已上传房本照片,,
陶润懿峰 5室2厅 南,"陶润懿峰 , 观澜",5室2厅,118.7平米,南,,高楼层(共32层),2016年,板塔结合,560 万,47178 元,0,,,近地铁 | VR看装修,https://sz.lianjia.com/ershoufang/105118469698.html,地铁 | VR看装修,,,,,,,暂无数据,2024-10-01,商品房,普通住宅,暂无数据,非共有,无抵押,挂牌时间:2024-10-01 | 交易权属:商品房 | 上次交易:暂无数据 | 房屋用途:普通住宅 | 房屋年限:暂无数据 | 产权所属:非共有 | 抵押信息:无抵押 | 房本备件:未上传房本照片,客厅 / 32.58平米 / 北 / 落地窗 ; 卧室A / 6.86平米 / 北 / 落地窗 ; 卧室B / 6.23平米 / 无 / 未知窗户类型 ; 卧室C / 9.82平米 / 无 / 未知窗户类型 ; 卧室D / 12.34平米 / 无 / 未知窗户类型 ; 卧室E / 10.08平米 / 无 / 未知窗户类型 ; 厨房 / 6.44平米 / 无 / 未知窗户类型 ; 卫生间A / 4.88平米 / 无 / 未知窗户类型 ; 卫生间B / 3.78平米 / 无 / 未知窗户类型 ; 阳台 / 5.96平米 / 北 / 普通窗 ; 过道 / 3.77平米 / 无 / 无窗,
龙华次新房中森公园华府3房出售，小区环境好，带公园,"中森公园华府 , 观澜",3室2厅,89.12平米,南,精装,低楼层(共30层),2016年,板塔结合,355 万,39834 元,0,,,VR房源 | 房本满五年,https://sz.lianjia.com/ershoufang/105117827330.html,VR房源 | 房本满五年,房子位置好，中间楼层，小区环境好，楼下就是白鸽湖公园,开发商为深圳中森，是以房地产为产业的企业，主要以珠三角地区和成渝地区为发展区域。 在深圳有几个住宅地产项目，为人熟知的应该是科技园片区华润城邻居的英伦名苑1-3期，以及龙岗的中森双子座,项目位于龙华区观澜板块，观湖街道的东南方位。所在区域是深圳中轴北的产业，南接坂田天安云谷、龙华宝能科技城，东连平湖金融与现代服务业基地，西临观澜高新产业园， 北为观澜传统制造业聚集地带。项目西侧约1.6公里处为鹭湖科技文化片区,,,,2017-05-26,2024-08-03,商品房,普通住宅,满五年,非共有,有抵押 50万元 公积金50 业主自还,挂牌时间:2024-08-03 | 交易权属:商品房 | 上次交易:2017-05-26 | 房屋用途:普通住宅 | 房屋年限:满五年 | 产权所属:非共有 | 抵押信息:有抵押 50万元 公积金50 业主自还 | 房本备件:已上传房本照片,客厅 / 24.52平米 / 无 / 无窗 ; 卧室A / 6.5平米 / 无 / 未知窗户类型 ; 卧室B / 12.77平米 / 无 / 未知窗户类型 ; 卧室C / 8.86平米 / 东南 / 落地窗 ; 厨房 / 3.9平米 / 西南 / 普通窗 ; 卫生间A / 3.56平米 / 无 / 普通窗 ; 卫生间B / 3.56平米 / 西南 / 普通窗 ; 阳台A / 1.73平米 / 西南 / 普通窗 ; 阳台B / 4.3平米 / 无 / 无窗 ; 过道 / 3.03平米 / 无 / 无窗,
文体公园 精装修复式 拎包即住  随时看房,"珑门二期 , 观澜",3室2厅,86.62平米,东南,精装,高楼层(共32层),2018年,板塔结合,437 万,50451 元,0,,,VR看装修 | 房本满五年,https://sz.lianjia.com/ershoufang/105120343594.html,VR看装修 | 房本满五年,珑门名苑，次新花园社区，人车分流，车位充足，小区环境优美.,小区带花园，绿化高，三层地下停车位，车位充足，家门口公办 ，小区自带公办 ，小区环抱观澜文体公园，门口公交站，两大高速，交通方便,,,,,2018-05-19,2025-04-09,商品房,普通住宅,满五年,非共有,有抵押 金融公司垫资,挂牌时间:2025-04-09 | 交易权属:商品房 | 上次交易:2018-05-19 | 房屋用途:普通住宅 | 房屋年限:满五年 | 产权所属:非共有 | 抵押信息:有抵押 金融公司垫资 | 房本备件:已上传房本照片,,
美佳华首誉 4室2厅 南,"美佳华首誉 , 观澜",4室2厅,193平米,南,精装,中楼层(共32层),2013年,板塔结合,950 万,49223 元,0,,,近地铁 | VR房源 | 随时看房,https://sz.lianjia.com/ershoufang/105120272611.html,地铁 | VR房源 | 随时看房,,,,,,,暂无数据,2025-04-02,商品房,商务公寓,暂无数据,非共有,有抵押,挂牌时间:2025-04-02 | 交易权属:商品房 | 上次交易:暂无数据 | 房屋用途:商务公寓 | 房屋年限:暂无数据 | 产权所属:非共有 | 抵押信息:有抵押 | 房本备件:未上传房本照片,客厅01 / 40.42平米 / 北 / 落地窗 ; 客厅02 / 43.31平米 / 北 / 落地窗 ; 餐厅 / 27.32平米 / 北 / 落地窗 ; 卧室01 / 10.7平米 / 无 / 未知窗户类型 ; 卧室02 / 10.41平米 / 无 / 未知窗户类型 ; 卧室03 / 40.62平米 / 北 / 落地窗 ; 厨房 / 8.68平米 / 北 / 普通窗 ; 卫01 / 3.53平米 / 北 / 普通窗 ; 卫02 / 3.47平米 / 北 / 普通窗 ; 卫03 / 8.41平米 / 北 / 落地窗 ; 阳台01 / 7.06平米 / 北 / 落地窗 ; 阳台02 / 8.12平米 / 北 / 落地窗,
出门就是公园，次新小区，环境好，拎包入住,"中森公园华府 , 观澜",3室1厅,71.85平米,南 北,,低楼层(共30层),2020年,板塔结合,307 万,42728 元,3,,,VR房源,https://sz.lianjia.com/ershoufang/105118535382.html,VR房源,出门就是公园，次新小区，环境好，精装三房，拎包入住。,开发商为深圳中森，是以房地产为产业的企业，主要以珠三角地区和成渝地区为发展区域。 在深圳有几个住宅地产项目，为人熟知的应该是科技园片区华润城邻居的英伦名苑1-3期，以及龙岗的中森双子座。,项目位于龙华区观澜板块，观湖街道的东南方位。所在区域是深圳中轴北的产业，南接坂田天安云谷、龙华宝能科技城，东连平湖金融与现代服务业基地，西临观澜高新产业园， 北为观澜传统制造业聚集地,,,,暂无数据,2024-10-09,商品房,普通住宅,暂无数据,非共有,有抵押,挂牌时间:2024-10-09 | 交易权属:商品房 | 上次交易:暂无数据 | 房屋用途:普通住宅 | 房屋年限:暂无数据 | 产权所属:非共有 | 抵押信息:有抵押 | 房本备件:未上传房本照片,客厅 / 14.28平米 / 东北 / 落地窗 ; 卧室A / 11.88平米 / 西南 / 落地窗 ; 卧室B / 8.39平米 / 无 / 未知窗户类型 ; 卧室C / 6.51平米 / 东北 / 落地窗 ; 厨房 / 7.65平米 / 东北 / 普通窗 ; 卫生间 / 3.79平米 / 西南 / 落地窗 ; 阳台 / 4.39平米 / 东北 / 落地窗 ; 过道 / 5.32平米 / 无 / 无窗,
临湖双拼，东南朝向，视野开阔，户型方正,"观湖园 , 观澜",5室1厅,248.24平米,东南,,1层,2009年,板楼,1750 万,70497 元,1,,,VR房源 | 房本满五年,https://sz.lianjia.com/ershoufang/105113270382.html,VR房源 | 房本满五年,此房东南朝向，湖面开阔，户型方正，视野好,,,梅观高速出口，交通便利，加上大外环高速，去机场，高铁站便利。门口的龙华大道目前正在拓宽，便于日后出行。,,有贷款，6月还款满三年，提前还款不会有罚息。业主卖房是想换房至福田区，有结婚考虑。,2020-07-14,2023-04-06,商品房,普通住宅,满五年,非共有,有抵押 800万元 中国建设银行,挂牌时间:2023-04-06 | 交易权属:商品房 | 上次交易:2020-07-14 | 房屋用途:普通住宅 | 房屋年限:满五年 | 产权所属:非共有 | 抵押信息:有抵押 800万元 中国建设银行 | 房本备件:已上传房本照片,客厅 / 81.84平米 / 东 南 / 普通窗 ; 卧室A / 14.41平米 / 南 / 普通窗 ; 卧室B / 12.59平米 / 北 / 普通窗 ; 卧室C / 14.05平米 / 北 / 普通窗 ; 卧室D / 37.46平米 / 南 / 普通窗 ; 卧室E / 16.96平米 / 无 / 未知窗户类型 ; 厨房 / 10.35平米 / 北 / 普通窗 ; 卫生间A / 7.44平米 / 北 / 普通窗 ; 卫生间B / 4.58平米 / 无 / 无窗 ; 卫生间C / 13.37平米 / 北 / 普通窗 ; 卫生间D / 4.65平米 / 无 / 无窗 ; 阳台A / 5.55平米 / 东 南 / 普通窗 ; 阳台B / 7.3平米 / 东 南 / 普通窗 ; 阳台C / 8.81平米 / 西 北 东 / 普通窗 ; 阳台D / 9.61平米 / 北 / 普通窗 ; 阳台E / 9.36平米 / 南 / 普通窗 ; 露台 / 79.05平米 / 西 北 东 南 / 普通窗 ; 储物间 / 2.6平米 / 无 / 无窗 ; 车库 / 14.37平米 / 无 / 无窗 ; 楼梯间 / 7.69平米 / 无 / 无窗 ; 过道 / 68.86平米 / 东 南 / 落地窗 ; 过道A / 8.57平米 / 无 / 无窗 ; 过道B / 7.31平米 / 无 / 无窗,
北宸之光家园 3房2卫 全新装修,"北宸之光家园 , 观澜",3室2厅,99平米,南 北,,低楼层(共49层),2023年,塔楼,510 万,51516 元,1,,,VR看装修 | 随时看房,https://sz.lianjia.com/ershoufang/105119825597.html,VR看装修 | 随时看房,近地铁精装三房保养如新，通风采光好价可谈,小区由3栋楼房组成，社区自带幼儿园，大泳池，儿童活动场地，刚需户型车位充足安保齐全,配套齐全，有牛湖夜市街区、观澜湖新城，购物、休闲、娱乐一应俱全；同时项目自带社区购物，生活便利,,,,暂无数据,2025-02-25,商品房,普通住宅,暂无数据,非共有,有抵押 310万元 建行,挂牌时间:2025-02-25 | 交易权属:商品房 | 上次交易:暂无数据 | 房屋用途:普通住宅 | 房屋年限:暂无数据 | 产权所属:非共有 | 抵押信息:有抵押 310万元 建行 | 房本备件:未上传房本照片,客厅 / 32.76平米 / 北 东 / 落地窗 ; 卧室A / 9.91平米 / 无 / 未知窗户类型 ; 卧室B / 6.86平米 / 无 / 未知窗户类型 ; 卧室C / 11.1平米 / 无 / 未知窗户类型 ; 厨房 / 4平米 / 东 / 普通窗 ; 卫生间A / 7平米 / 西 / 落地窗 ; 卫生间B / 4.38平米 / 西 / 落地窗 ; 衣 / 1.92平米 / 无 / 无窗,
近地铁公园，四房高层保养如新，读书方便,"华盛观荟名庭 , 观澜",4室1厅,80.73平米,东北,精装,高楼层(共32层),2018年,板塔结合,385 万,47690 元,1,,,近地铁 | VR房源 | 房本满五年,https://sz.lianjia.com/ershoufang/105115098116.html,地铁 | VR房源 | 房本满五年,近地铁公园，高层四房满五唯一，保养如新,小区分两期开发，一期由公寓和住宅，二期三栋住宅。小区一期楼下是商 业，三楼是空中花园，三楼以上是住宅，一共有二栋一栋是公寓二栋是住宅，二期的小户型是2018年下半年才精装交房，次新房，居住舒适，二期自带泳池和园林,商场：楼下就是购物广场，以及天虹、人人乐，比邻新天地医院：观澜人民医院 深圳市龙华新区慢性病防治.观澜医院竹村社区健康服务邮局：中国邮政 中国邮政 观澜邮政局银行：中国建设银行，深圳市农村商.业银行。中国农业银行等，以及格兰云天酒店,福民影剧院;M337路M464路， 1经泗黎路与观光路，3个红绿灯到达梅观高速，梅观高速快速到达福田区； 2．通过观澜大道转机荷高速，可快速到达龙岗，宝安机场等等，出行方便。4号地铁离小区仅500米，换乘到深圳各区,,,2014-12-24,2023-10-19,商品房,普通住宅,满五年,非共有,有抵押 建设银行,挂牌时间:2023-10-19 | 交易权属:商品房 | 上次交易:2014-12-24 | 房屋用途:普通住宅 | 房屋年限:满五年 | 产权所属:非共有 | 抵押信息:有抵押 建设银行 | 房本备件:已上传房本照片,客厅 / 18.15平米 / 西北 / 普通窗 ; 卧室A / 7.32平米 / 北 / 落地窗 ; 卧室B / 9.58平米 / 无 / 未知窗户类型 ; 卧室C / 7.19平米 / 西北 / 普通窗 ; 卧室D / 13.84平米 / 无 / 未知窗户类型 ; 厨房 / 4.97平米 / 无 / 未知窗户类型 ; 卫生间 / 5.03平米 / 无 / 未知窗户类型 ; 阳台 / 3.1平米 / 西南 西北 东北 / 普通窗 ; 过道A / 3.64平米 / 无 / 无窗 ; 过道B / 4.65平米 / 无 / 无窗,
中楼层，朝向好，视野开阔，通风采光好。,"珑门二期 , 观澜",4室2厅,87.6平米,南,精装,中楼层(共32层),2018年,板塔结合,419 万,47832 元,0,,,VR看装修,https://sz.lianjia.com/ershoufang/105121122811.html,VR看装修,中楼层，朝向好，视野开阔，通风采光好。,小区位于龙华区福前路和新丹路交汇处，2016年1月1日竣工，占地面积47000平方米，建筑面积249000平方米，共1600户。开发商：深圳市鹏城置业有限公司，物业公司 ：深圳市凯鸿物业管理有限公司 。车位比：1.1.1，物业管理费3.8元每平方。,小区内有绿化好，有儿童游乐场，有康乐健身设施。旁边是九龙山体育公园，内有游泳馆、篮球场、羽毛球场等。楼下有钱大妈、肯德鸡、有中国银行，生活配套完善。,,,,暂无数据,2025-06-17,商品房,普通住宅,暂无数据,非共有,有抵押,挂牌时间:2025-06-17 | 交易权属:商品房 | 上次交易:暂无数据 | 房屋用途:普通住宅 | 房屋年限:暂无数据 | 产权所属:非共有 | 抵押信息:有抵押 | 房本备件:未上传房本照片,,
珑门二期 4室2厅 南,"珑门二期 , 观澜",4室2厅,88平米,南,精装,33层,2018年,板塔结合,364.8 万,41455 元,0,,,VR看装修 | 随时看房,https://sz.lianjia.com/ershoufang/105121671268.html,VR看装修 | 随时看房,,,,,,,暂无数据,2025-08-04,商品房,普通住宅,暂无数据,共有,有抵押,挂牌时间:2025-08-04 | 交易权属:商品房 | 上次交易:暂无数据 | 房屋用途:普通住宅 | 房屋年限:暂无数据 | 产权所属:共有 | 抵押信息:有抵押 | 房本备件:未上传房本照片,,
联排别墅，满五唯一，上下5层，带固定车位。,"城建仁山智水花园一期 , 观澜",5室2厅,214平米,东南,,上叠(共1层),2013年,板楼,1600 万,74767 元,3,,,VR房源,https://sz.lianjia.com/ershoufang/105119827455.html,VR房源,联排别墅，满五唯一，上下5层，带固定车位急售，随时可看。,城建仁山智水花园位于鹭湖国际住枢地段，深圳市宝安区观澜街道环观南路北侧，东临富安路，南望观澜高新技术园，地处政府规划发展的观澜新区，小区由高层，洋房，上下叠加别墅，联排别墅组成， 毛坯交房 ，总共1445户，车位3150个。,商场：天虹商场、观澜湖新城，格兰郡购物街：观澜人民医院，邮局：中国邮政银行：工商银行、农业银行其他：陶贞源酒店、樟坑径市场、观澜高尔夫球会、山水田园、乡村俱乐部等,位于环观南路(即观天大道)以北，梅观高速以东；梅观高速、机荷高速，较近的公交站是观澜高新科技园、宝安高新技术园站，经过的路线有E4、772等。门前有电车站台，有轨电车直通4号线清湖站,,,暂无数据,2025-02-25,商品房,别墅,暂无数据,非共有,有抵押,挂牌时间:2025-02-25 | 交易权属:商品房 | 上次交易:暂无数据 | 房屋用途:别墅 | 房屋年限:暂无数据 | 产权所属:非共有 | 抵押信息:有抵押 | 房本备件:未上传房本照片,餐厅 / 19.86平米 / 东南 / 落地窗 ; 客厅A / 24.9平米 / 无 / 落地窗 ; 客厅B / 33.57平米 / 无 / 无窗 ; 客厅C / 33.15平米 / 西北 东南 / 落地窗 ; 卧室A / 12.38平米 / 西北 / 普通窗 ; 卧室B / 10.19平米 / 西北 / 普通窗 ; 卧室C / 11.81平米 / 西北 / 普通窗 ; 卧室D / 23.74平米 / 东南 / 落地窗 ; 厨房 / 4.99平米 / 西北 / 普通窗 ; 卫生间A / 3.97平米 / 无 / 普通窗 ; 卫生间B / 4.27平米 / 西北 / 普通窗 ; 卫生间C / 3.61平米 / 东南 / 普通窗 ; 卫生间D / 5.37平米 / 西北 东南 / 普通窗 ; 卫生间E / 5.77平米 / 东南 / 普通窗 ; 阳台A / 19.45平米 / 西南 东南 / 普通窗 ; 阳台B / 8.29平米 / 西北 / 普通窗 ; 阳台C / 26.41平米 / 西南 西北 东北 / 普通窗 ; 储物间 / 2.51平米 / 无 / 无窗 ; 地下室 / 11.27平米 / 无 / 无窗 ; 天井 / 10.49平米 / 无 / 无窗 ; 过道A / 11.68平米 / 无 / 无窗 ; 过道B / 11.9平米 / 东北 / 落地窗 ; 过道C / 15.08平米 / 东北 / 落地窗 ; 过道D / 10.38平米 / 东北 / 落地窗 ; 衣帽间 / 4.26平米 / 西北 / 普通窗,
万科启城，十年不遇的好房子，刚需三件套。,"华盛峰荟名庭 , 观澜",4室2厅,83平米,西北,,中楼层(共32层),2016年,板塔结合,368 万,44338 元,0,,,近地铁 | VR看装修,https://sz.lianjia.com/ershoufang/105121168665.html,地铁 | VR看装修,地铁口物业：步行544米达4号线长湖站，3站换乘深圳北站枢纽,"基础信息：2016年建成，华盛物业（3.6元/㎡·月），绿化35%，车位比1:0.8

配套设施：

500㎡露天泳池+环形跑道+儿童乐园

楼下大润发商场+异国风情街（麦当劳/银行/影院）",,"地铁：4号线长湖站（544米）+规划江围新村换乘站



公交：悦兴碧澜路口站（200米，M225/M285等10条线路）



自驾：3个红绿灯上梅观高速，直达福田CBD",,,暂无数据,2025-06-21,商品房,普通住宅,暂无数据,非共有,有抵押,挂牌时间:2025-06-21 | 交易权属:商品房 | 上次交易:暂无数据 | 房屋用途:普通住宅 | 房屋年限:暂无数据 | 产权所属:非共有 | 抵押信息:有抵押 | 房本备件:未上传房本照片,,
大边位 带150平大花园 下叠地面三层 精装6房 位置佳,"观湖园 , 观澜",6室2厅,183.33平米,西南,,下叠(共4层),2012年,板楼,1460 万,79638 元,0,,,VR房源,https://sz.lianjia.com/ershoufang/105118115173.html,VR房源,纯别墅区，下叠地面三层，少有户型，精装6房，带150平大花园,观湖园项目位于龙华新区观澜镇，邻近梅观高速公路，在梅观高速观澜出口。小区占地面积：37.6弯平方米，容积低，绿化高，东南亚园林景观设计。双拼跟独栋管理费是6.5平米，叠拼的管理费是4.95平米，小区安保严密，24小时巡逻监控,小区南门200米，有菜市场，商场能满足日常所需；距离观澜湖新城约5公 里，观澜湖新城是大型的SHOPING MALL，一系列品牌都已进驻，购物娱乐 都相当方便；距离观澜人民医院及伟光医院约6公里,观湖园别墅小区邻近梅观高速公路，距离梅观高速观澜出口约1.5公里，去南山约33公里，罗湖约30公里，福田约28公里，交通如此便利的接轨市内生活圈。到观澜汽车站和观澜湖新城约五公里，观澜湖新城是大型的Shoig Mll，交通出行娱乐购物也是相当方便,,,暂无数据,2024-08-30,商品房,别墅,暂无数据,非共有,有抵押,挂牌时间:2024-08-30 | 交易权属:商品房 | 上次交易:暂无数据 | 房屋用途:别墅 | 房屋年限:暂无数据 | 产权所属:非共有 | 抵押信息:有抵押 | 房本备件:未上传房本照片,客厅 / 85.24平米 / 无 / 落地窗 ; 卧室A / 17.33平米 / 无 / 普通窗 ; 卧室B / 14.18平米 / 无 / 普通窗 ; 卧室C / 9.1平米 / 无 / 落地窗 ; 卧室D / 12.48平米 / 无 / 落地窗 ; 卧室E / 30.43平米 / 无 / 未知窗户类型 ; 卧室F / 10.34平米 / 无 / 未知窗户类型 ; 厨房 / 16.49平米 / 无 / 普通窗 ; 卫生间A / 2.67平米 / 无 / 无窗 ; 卫生间B / 3.95平米 / 无 / 普通窗 ; 卫生间C / 6.86平米 / 无 / 无窗 ; 卫生间D / 4.76平米 / 无 / 普通窗 ; 卫生间E / 4.39平米 / 无 / 普通窗 ; 卫生间F / 10.16平米 / 无 / 普通窗 ; 阳台A / 9.62平米 / 无 / 普通窗 ; 阳台B / 7.24平米 / 无 / 落地窗 ; 过道A / 13.74平米 / 无 / 普通窗 ; 过道B / 13.27平米 / 无 / 普通窗 ; 衣帽间 / 8.39平米 / 无 / 无窗,
龙华四号线长湖站 万科启城高层三房业主诚售,"万科启城 , 观澜",3室1厅,80.98平米,南,精装,中楼层(共48层),2023年,板塔结合,364 万,44950 元,2,,,近地铁 | VR房源,https://sz.lianjia.com/ershoufang/105121785487.html,地铁 | VR房源,满五唯一，高层三房，业主急卖，看房方便,,,"交通方便，出门800米就到地铁站长湖站，门口就是公交站，E36，M545,450,8分可以上梅观高速",,,暂无数据,2025-08-14,商品房,普通住宅,暂无数据,非共有,有抵押 100万元 . 业主自还,挂牌时间:2025-08-14 | 交易权属:商品房 | 上次交易:暂无数据 | 房屋用途:普通住宅 | 房屋年限:暂无数据 | 产权所属:非共有 | 抵押信息:有抵押 100万元 . 业主自还 | 房本备件:未上传房本照片,客厅 / 19.07平米 / 西 / 落地窗 ; 卧室A / 5.7平米 / 西 / 落地窗 ; 卧室B / 10.23平米 / 无 / 未知窗户类型 ; 卧室C / 5.92平米 / 无 / 未知窗户类型 ; 厨房 / 3.93平米 / 南 / 普通窗 ; 卫生间A / 3.38平米 / 东 / 落地窗 ; 卫B / 2.21平米 / 东 / 落地窗 ; 阳台 / 6.36平米 / 西 / 落地窗 ; 过道 / 4.88平米 / 无 / 无窗,
地铁口，70年产权皆宜通风好采光好,"华盛峰荟名庭 , 观澜",4室2厅,89平米,南 北,,高楼层(共32层),2016年,板塔结合,438 万,49214 元,0,,,近地铁 | VR房源,https://sz.lianjia.com/ershoufang/105116711971.html,地铁 | VR房源,精装4房2卫，高楼层，产权清晰，自住保养好！,深圳市华盛智地房地产开发有限公司。物业公司：深圳市金洪物业管理服务有限公司，小区24小时安保巡逻。小区内部配套：儿童游乐场，健身活动区，小区园林，商场等。,小区楼下观荟里墒业街，为盛抄市。医院：龙华中芯医院，深圳伟光医院，广东医学院附属观澜医院；其他：观澜人民公园，狮经公园，九龙山，观澜河。,,,,暂无数据,2024-04-17,商品房,普通住宅,暂无数据,非共有,有抵押,挂牌时间:2024-04-17 | 交易权属:商品房 | 上次交易:暂无数据 | 房屋用途:普通住宅 | 房屋年限:暂无数据 | 产权所属:非共有 | 抵押信息:有抵押 | 房本备件:未上传房本照片,客厅 / 24.04平米 / 南 / 普通窗 ; 卧室A / 6.43平米 / 西 / 普通窗 ; 卧室B / 5.97平米 / 无 / 未知窗户类型 ; 卧室C / 13.31平米 / 无 / 未知窗户类型 ; 卧室D / 9.91平米 / 无 / 未知窗户类型 ; 厨房 / 3.93平米 / 西 / 普通窗 ; 卫生间A / 4.13平米 / 北 / 普通窗 ; 卫生间B / 4.5平米 / 西 / 落地窗 ; 阳台 / 4.7平米 / 西 南 / 普通窗 ; 过道 / 3.19平米 / 无 / 无窗,
房子户型方正 采光通风良好 视野开阔 高楼层,"观澜湖赛维纳 , 观澜",1室1厅,58.65平米,西南,精装,高楼层(共9层),2003年,板楼,201 万,34272 元,1,,,VR房源,https://sz.lianjia.com/ershoufang/105117351794.html,VR房源,观澜湖精装修住宅 一线高尔夫景观 满五唯一 保养好 采光充足,观澜湖已经形成国际高尔夫别墅住区，把背景相同、事业有成的人士聚集在一起，创造出生活与事业的平台。在10多平方公里的绿色王国上，建筑覆盖率不到1%，属于纯粹的高尔夫球场中/央物业，完全被球道环/绕，从住宅的任何一个角度，都可以观赏到绿色的景观,小区南门50亿观澜湖新城，观澜湖生态体育公园，观澜天虹商场，兴万达商场等，龙华人民医/院，塘厦人民医/院，小区内有会所/游泳池/健身房/高尔夫业主练习场/穿梭巴士等免费使用,园区内有免费巴士接，多条公交直达，高尔夫大道，观光路，观澜大道，观平路等城市主干道环-绕，梅观高速观澜出口2公里，地铁4号线（观澜湖新城站）已开通，观澜湖免费班车随时出行！,,,暂无数据,2024-06-20,商品房,普通住宅,暂无数据,非共有,有抵押 业主自还,挂牌时间:2024-06-20 | 交易权属:商品房 | 上次交易:暂无数据 | 房屋用途:普通住宅 | 房屋年限:暂无数据 | 产权所属:非共有 | 抵押信息:有抵押 业主自还 | 房本备件:未上传房本照片,卧室 / 34.35平米 / 西 / 普通窗 ; 卫生间 / 3.97平米 / 东 / 普通窗 ; 阳台 / 5.14平米 / 西 北 南 / 普通窗,
观湖园 6室1厅 东南,"观湖园 , 观澜",6室1厅,241平米,东南,,3层,2012年,板楼,1680 万,69710 元,0,,15天以前发布,VR房源,https://sz.lianjia.com/ershoufang/105122216074.html,VR房源,,,,,,,暂无数据,2025-09-22,商品房,普通住宅,暂无数据,非共有,有抵押,挂牌时间:2025-09-22 | 交易权属:商品房 | 上次交易:暂无数据 | 房屋用途:普通住宅 | 房屋年限:暂无数据 | 产权所属:非共有 | 抵押信息:有抵押 | 房本备件:未上传房本照片,客厅 / 59.06平米 / 西北 东北 / 普通窗 ; 卧室A / 12.45平米 / 无 / 普通窗 ; 卧室B / 16.62平米 / 无 / 落地飘窗 ; 卧室C / 15.11平米 / 无 / 未知窗户类型 ; 卧室D / 13.14平米 / 无 / 落地飘窗 ; 卧室E / 17.49平米 / 东南 / 落地飘窗 ; 卧室F / 21.24平米 / 西北 / 普通窗 ; 厨房 / 8.35平米 / 无 / 普通窗 ; 卫A / 2.92平米 / 无 / 无窗 ; 卫生间B / 4.67平米 / 无 / 普通窗 ; 卫生间C / 5.07平米 / 无 / 普通窗 ; 卫生间D / 4.27平米 / 东南 / 普通窗 ; 卫生间E / 7.67平米 / 东北 / 普通窗 ; 阳台A / 9.95平米 / 西南 西北 东北 / 普通窗 ; 阳台B / 4.67平米 / 西南 西北 东北 / 普通窗 ; 露台 / 64.54平米 / 无 / 普通窗 ; 花园 / 36.56平米 / 无 / 普通窗 ; 储物间 / 7.1平米 / 东南 / 普通窗 ; 地下室 / 38.28平米 / 无 / 普通窗 ; 楼梯间 / 8.47平米 / 无 / 无窗 ; 过道A / 17.02平米 / 无 / 无窗 ; 过道B / 10.9平米 / 无 / 无窗 ; 衣帽间 / 9.9平米 / 西北 / 普通窗,
联排别墅，安静位置，随时可看，端头位置。,"金地鹭湖1号 , 观澜",3室1厅,193.65平米,南,毛坯,3层,,板塔结合,1580 万,81591 元,0,,16天以前发布,VR房源 | 随时看房,https://sz.lianjia.com/ershoufang/105122210662.html,VR房源 | 随时看房,联排别墅，安静位置，随时可看，端头位置。,金地鹭湖1号，位于龙华区观澜街道梅观高速与环观南路交汇处。 鹭湖国际住区项目，主打户型产品：建面89平3房2卫。还有少量137平4房2卫，及190平复式。 项目占地面积约91197.68平方米，总建筑面积约164150平方米。,,有轨电车站台，高新园西站（电车接驳地铁4号线清湖地铁口），公交线路：公交（观澜高新园站）M567、M264、313、E4路等，高速公路：机荷高速公路、梅观高速公路，交通方便。,,,暂无数据,2025-09-22,商品房,别墅,暂无数据,非共有,有抵押 1000万元 徽商银行 金融公司垫资,挂牌时间:2025-09-22 | 交易权属:商品房 | 上次交易:暂无数据 | 房屋用途:别墅 | 房屋年限:暂无数据 | 产权所属:非共有 | 抵押信息:有抵押 1000万元 徽商银行 金融公司垫资 | 房本备件:未上传房本照片,,
招商观园 5室2厅 东南,"招商观园 , 观澜",5室2厅,252.39平米,东南,毛坯,4层,2012年,塔楼,1200 万,47546 元,0,,,VR房源,https://sz.lianjia.com/ershoufang/105121854590.html,VR房源,,,,,,,2013-06-25,2025-08-20,商品房,普通住宅,未满两年,非共有,无抵押,挂牌时间:2025-08-20 | 交易权属:商品房 | 上次交易:2013-06-25 | 房屋用途:普通住宅 | 房屋年限:未满两年 | 产权所属:非共有 | 抵押信息:无抵押 | 房本备件:已上传房本照片,,
楼层视野佳，经典户型，唯一业主自住，品质精装,"金地鹭湖1号 , 观澜",3室2厅,87.54平米,西南,精装,中楼层(共16层),2016年,塔楼,388 万,44323 元,37,,,VR房源,https://sz.lianjia.com/ershoufang/105116458412.html,VR房源,此房户型方正，住家装修品质好，中高楼层视野好。,鹭湖1号总共分两期，共11栋。位于龙华区观澜街道梅观高速与环观南路交汇处;鹭湖国际住区项目主打户型产品：建面89㎡三房。还有少量137平和190平复式。 项目占地面积约91197.68平方米，总建筑面积约164150平方米. 小区环境优美，依山傍水，空气质量好.,,多维立体城市干道:环观南路直通平湖，梅观高速直达福田，北通东莞，沈海高速连接深圳前海以及东部坪山以及惠州，潮汕。 龙华有轨电车无缝接驳地铁4号线清湖站。,,,暂无数据,2024-03-23,商品房,普通住宅,暂无数据,非共有,无抵押,挂牌时间:2024-03-23 | 交易权属:商品房 | 上次交易:暂无数据 | 房屋用途:普通住宅 | 房屋年限:暂无数据 | 产权所属:非共有 | 抵押信息:无抵押 | 房本备件:未上传房本照片,客厅 / 30.92平米 / 西南 / 落地窗 ; 卧室A / 13.9平米 / 无 / 未知窗户类型 ; 卧室B / 7.88平米 / 西南 / 落地窗 ; 卧室C / 7.42平米 / 西北 / 落地窗 ; 厨房 / 4.54平米 / 西北 / 普通窗 ; 卫生间A / 3.56平米 / 西北 / 普通窗 ; 卫生间B / 3.3平米 / 东北 / 普通窗 ; 过道 / 4.33平米 / 无 / 无窗,
中间楼层，安静位置，拎包入住，东南向，看小区全景。,"金地鹭湖1号 , 观澜",3室1厅,87.54平米,东南,精装,中楼层(共16层),2016年,塔楼,400 万,45694 元,1,,,VR房源,https://sz.lianjia.com/ershoufang/105119807290.html,VR房源,住家装修，看小区全景无遮挡，安静位置，拎包入住，随时可看。,金地鹭湖1号，位于龙华区观澜街道梅观高速与环观南路交汇处。 鹭湖国际住区项目，主打户型产品：建面89平3房2卫。还有少量137平4房2卫，及190平复式。 项目占地面积约91197.68平方米，总建筑面积约164150平方米。,,轨道交通：有轨电车站台，高新园西站（电车接驳地铁4号线清湖地铁口），公交线路：公交（观澜高新园站）M567、M264、313、E4路等，高速公路：机荷高速公路、梅观高速公路，交通方便。,,,暂无数据,2025-02-23,商品房,普通住宅,暂无数据,非共有,有抵押 250万元,挂牌时间:2025-02-23 | 交易权属:商品房 | 上次交易:暂无数据 | 房屋用途:普通住宅 | 房屋年限:暂无数据 | 产权所属:非共有 | 抵押信息:有抵押 250万元 | 房本备件:未上传房本照片,客厅 / 25.58平米 / 东北 / 落地窗 ; 卧室A / 12.79平米 / 无 / 未知窗户类型 ; 卧室B / 10.72平米 / 东北 / 落地窗 ; 卧室C / 7.91平米 / 无 / 未知窗户类型 ; 厨房 / 4.21平米 / 东南 / 普通窗 ; 卫A / 1.88平米 / 东南 / 普通窗 ; 卫生间B / 4平米 / 西南 / 普通窗 ; 阳台 / 3.96平米 / 东北 / 落地窗 ; 储物间 / 2.14平米 / 无 / 无窗 ; 过道 / 3.01平米 / 无 / 无窗,
观澜湖全新 装修 现代简约风格，1000平大花园,"观澜湖 , 观澜",6室2厅,260平米,南,精装,低楼层(共2层),,,4300 万,165385 元,5,,,VR房源,https://sz.lianjia.com/ershoufang/105119372782.html,VR房源,1000平大花园，新装修，可直接拎包入住,观澜湖在全深圳乃至全世界都很有名气，小区别墅座落在高尔夫球场与山水之间，环境很优美，空气也清新,,,,,暂无数据,2025-01-01,商品房,别墅,暂无数据,非共有,无抵押,挂牌时间:2025-01-01 | 交易权属:商品房 | 上次交易:暂无数据 | 房屋用途:别墅 | 房屋年限:暂无数据 | 产权所属:非共有 | 抵押信息:无抵押 | 房本备件:未上传房本照片,客厅 / 65.6平米 / 西 东 南 / 落地窗 ; 餐厅 / 20.32平米 / 南 / 普通窗 ; 卧室A / 12.54平米 / 西 / 普通窗 ; 卧室B / 14.2平米 / 西 北 / 落地窗 ; 卧室C / 4.94平米 / 东 / 普通窗 ; 卧室D / 13.7平米 / 西 北 / 普通窗 ; 卧室E / 21.92平米 / 东 南 / 普通窗 ; 厨房 / 13平米 / 北 南 / 普通窗 ; 卫A / 3.32平米 / 西 / 普通窗 ; 卫生间B / 5.35平米 / 东 / 普通窗 ; 卫C / 1.73平米 / 东 / 普通窗 ; 卫生间D / 5.28平米 / 无 / 无窗 ; 卫生间E / 4.3平米 / 西 / 普通窗 ; 卫生间F / 10.29平米 / 西 北 / 普通窗 ; 阳台A / 30.31平米 / 西 北 东 南 / 普通窗 ; 阳台B / 2.36平米 / 西 东 南 / 普通窗 ; 过道A / 7.79平米 / 东 / 普通窗 ; 过道B / 22.27平米 / 无 / 无窗 ; 衣帽间 / 5.57平米 / 东 / 普通窗,
美佳华首誉高层87平业主诚意卖,"美佳华首誉 , 观澜",3室1厅,87.05平米,东南,精装,高楼层(共31层),2013年,板塔结合,563 万,64676 元,0,,,近地铁 | VR房源,https://sz.lianjia.com/ershoufang/105117113834.html,地铁 | VR房源,大3房户型方正，装修很好，配套成熟，小区环境优美,美佳华首誉是集住宅、商务公寓一体的城市综合体。梅观快速、清平高速等，地铁4号线茜坑站200米左右 与深圳首条轻轨线交汇观澜站,地铁4号线茜坑站200米左右 与深圳首条轻轨线交汇观澜站小区为观澜首创的一站式的集中体，包括：购物、餐饮、休闲、娱乐等多种业态小区出门合正一二三期 未来有品牌商家进驻，已确定品牌主力店人人乐、KFC、美佳华儿童乐园等品牌，未来会有影院、餐饮、娱乐..,地铁4号线上盖茜坑站出口200米左右，目前公交线路有10余路，出行方便,,,暂无数据,2024-05-27,商品房,普通住宅,暂无数据,非共有,有抵押 300万元 民生银行 业主自还,挂牌时间:2024-05-27 | 交易权属:商品房 | 上次交易:暂无数据 | 房屋用途:普通住宅 | 房屋年限:暂无数据 | 产权所属:非共有 | 抵押信息:有抵押 300万元 民生银行 业主自还 | 房本备件:未上传房本照片,客厅 / 31.29平米 / 南 / 普通窗 ; 卧室A / 8.92平米 / 无 / 未知窗户类型 ; 卧室B / 7.71平米 / 西 / 普通窗 ; 卧室C / 11.12平米 / 无 / 未知窗户类型 ; 厨房 / 4.22平米 / 西 / 落地窗 ; 卫生间 / 3.26平米 / 无 / 落地窗 ; 阳台A / 1.89平米 / 西 / 落地窗 ; 阳台B / 8.62平米 / 南 / 普通窗,
地体口旁，通风好， 采光好，70年产权,"华盛峰荟名庭 , 观澜",4室2厅,77平米,东南,简装,低楼层(共27层),2016年,板塔结合,280 万,36364 元,2,,,近地铁 | VR房源 | 随时看房,https://sz.lianjia.com/ershoufang/105119506922.html,地铁 | VR房源 | 随时看房,房子南向，采光通风佳，业主诚心卖,深圳市华盛智地房地产开发有限公司。物业公司：深圳市金洪物业管理服务有限公司，小区24小时安保巡逻。小区内部配套：儿童游乐场，健身活动区，小区园林，商场等。,商场：天虹商场，为盛商场，农贸市场：龙华区医院 深圳市龙华新区慢性病防治.观澜医院竹村社区健康服务邮局：中国邮政 中国邮政 观澜邮政局银行：中国建设银行ATM 深圳市农村商.业银行ATM 中国农业银行ATM其他：格兰云天国际大酒店,地铁：4号线长湖站，公交;，福民影剧院;M337路M464路， 1经泗黎路与观光路，3个红绿灯到达梅观高速，梅观高速快速到达福田区； 2．通过观澜大道转机荷高速，可快速到达龙岗，宝安机场.,,,暂无数据,2025-01-17,商品房,商务公寓,暂无数据,非共有,有抵押 业主自还,挂牌时间:2025-01-17 | 交易权属:商品房 | 上次交易:暂无数据 | 房屋用途:商务公寓 | 房屋年限:暂无数据 | 产权所属:非共有 | 抵押信息:有抵押 业主自还 | 房本备件:未上传房本照片,客厅 / 19.4平米 / 北 东 / 落地窗 ; 卧室A / 7.08平米 / 北 / 落地窗 ; 卧室B / 7.58平米 / 北 / 落地窗 ; 卧室C / 8.44平米 / 北 / 落地窗 ; 卧室D / 14.67平米 / 东 / 落地窗 ; 厨房 / 4.05平米 / 东 / 普通窗 ; 卫生间A / 3.78平米 / 无 / 无窗 ; 卫生间B / 4.26平米 / 无 / 无窗 ; 阳台 / 3.23平米 / 东 / 落地窗 ; 过道 / 4.42平米 / 无 / 无窗 ; 过道B / 6.76平米 / 无 / 无窗,
东南朝向，视野开阔，通风采光好。,"珑门 , 观澜",3室1厅,81.55平米,南,精装,低楼层(共31层),2016年,板塔结合,298 万,36542 元,0,,,VR看装修 | 随时看房,https://sz.lianjia.com/ershoufang/105121354933.html,VR看装修 | 随时看房,东南朝向，视野开阔，通风采光好。,小区位于龙华区福前路和新丹路交汇处，2016年1月1日竣工，占地面积47000平方米，建筑面积249000平方米，共1600户。开发商：深圳市鹏城置业有限公司，物业公司 ：深圳市凯鸿物业管理有限公司 。车位比：1.1.1，物业管理费3.8元每平方。,小区内有绿化好，有儿童游乐场，有康乐健身设施。旁边是九龙山体育公园，内有游泳馆、篮球场、羽毛球场等。楼下有钱大妈、肯德鸡、有中国银行，生活配套完善。,,,,暂无数据,2025-07-06,商品房,普通住宅,暂无数据,非共有,无抵押,挂牌时间:2025-07-06 | 交易权属:商品房 | 上次交易:暂无数据 | 房屋用途:普通住宅 | 房屋年限:暂无数据 | 产权所属:非共有 | 抵押信息:无抵押 | 房本备件:未上传房本照片,客厅 / 22.04平米 / 西南 东南 / 普通窗 ; 卧室A / 5.76平米 / 北 / 落地窗 ; 卧室B / 12.14平米 / 无 / 未知窗户类型 ; 卧室C / 8.4平米 / 无 / 未知窗户类型 ; 厨房 / 5.65平米 / 北 / 落地窗 ; 卫生间A / 2.91平米 / 西北 / 普通窗 ; 卫生间B / 3.73平米 / 无 / 未知窗户类型 ; 阳台 / 2.62平米 / 西南 东北 东南 / 普通窗 ; 过道 / 2.83平米 / 无 / 无窗,
纯别墅小区，7房2厅，看房方便,"观湖园 , 观澜",7室2厅,183.63平米,东南,精装,上叠(共4层),2012年,板楼,1036 万,56418 元,1,,,VR房源,https://sz.lianjia.com/ershoufang/105120645257.html,VR房源,此房满五不唯一，采光通透，视野好，房间布局好，均带阳台。,,,,,,暂无数据,2025-05-07,商品房,别墅,暂无数据,非共有,有抵押 银行,挂牌时间:2025-05-07 | 交易权属:商品房 | 上次交易:暂无数据 | 房屋用途:别墅 | 房屋年限:暂无数据 | 产权所属:非共有 | 抵押信息:有抵押 银行 | 房本备件:未上传房本照片,,
水系联排，上下五层，全采光，带固定车位,"城建仁山智水花园二期 , 观澜",5室1厅,225.2平米,西南,毛坯,低楼层(共1层),2012年,板塔结合,2500 万,111013 元,0,,,VR房源,https://sz.lianjia.com/ershoufang/105115233309.html,VR房源,此房满五不唯一，红本在手，上下五层，使用率高；业主诚售,仁山智水由深圳市城市建设开发公司开发，小区占地近20平，总建筑面积为557584.63㎡，住宅282053.6㎡，商铺5860㎡，幼儿园3500.08㎡，建筑主体包括95栋住宅楼，其中有83栋低多层住宅及12高层，住宅共1445户，车位3158个,,公交线路：公交（观澜高新园站）M567、M264、313、E4路等，出小区约100有轨电车站台（电车接驳地铁4号线清湖地铁口），高速公路：机荷高速公路、梅观高速公路，交通方便,,,暂无数据,2023-11-03,商品房,普通住宅,暂无数据,非共有,无抵押,挂牌时间:2023-11-03 | 交易权属:商品房 | 上次交易:暂无数据 | 房屋用途:普通住宅 | 房屋年限:暂无数据 | 产权所属:非共有 | 抵押信息:无抵押 | 房本备件:未上传房本照片,客厅 / 70.66平米 / 西南 西北 东南 / 落地窗 ; 多功能间 / 88.27平米 / 无 / 落地窗 ; 卧室A / 10.18平米 / 东南 / 普通窗 ; 卧室B / 14.29平米 / 无 / 未知窗户类型 ; 卧室C / 11.81平米 / 无 / 落地窗 ; 卧室D / 24.25平米 / 西北 东南 / 落地窗 ; 厨房 / 6平米 / 东南 / 普通窗 ; 卫生间A / 5.6平米 / 无 / 无窗 ; 卫生间B / 5.5平米 / 无 / 无窗 ; 卫生间C / 6.14平米 / 无 / 普通窗 ; 卫生间D / 5.53平米 / 无 / 无窗 ; 卫生间E / 9.83平米 / 东南 / 普通窗 ; 阳台A / 26.61平米 / 无 / 无窗 ; 阳台B / 9.92平米 / 西南 西北 / 普通窗 ; 阳台C / 8.18平米 / 无 / 普通窗 ; 阳台D / 32.35平米 / 西南 西北 / 普通窗 ; 入户花园 / 43.23平米 / 西南 东北 东南 / 普通窗 ; 地下室 / 11.97平米 / 无 / 无窗 ; 过道A / 14.16平米 / 无 / 无窗 ; 过道B / 10.12平米 / 无 / 无窗 ; 衣帽间 / 6.6平米 / 无 / 无窗,
中间位，大阳台仁山水系联排，高实用面积，毛坯任装,"城建仁山智水花园一期 , 观澜",5室2厅,230.87平米,东北,毛坯,上叠(共1层),2013年,板楼,2230 万,96592 元,2,,,VR房源,https://sz.lianjia.com/ershoufang/105111869238.html,VR房源,水系联排，上下五层，满3年，业主诚意出售,仁山智水由深圳市城市建设开发公司开发，小区占地近20平，总建筑面积为557584.63㎡，住宅282053.6㎡，商铺5860㎡，幼儿园3500.08㎡，建筑主体包括95栋住宅楼，其中有83栋低多层住宅及8栋高层和4栋高层，住宅共1445户，车位3158个,医疗：龙华中 心医院（4600米百度地图测距），龙华综合医院（在建中300米百度地图测距），新科技园社区健康服务中 心。购物：宝 地利商场（楼下），佳又惠百货医院，天虹（2400米百度地图测距）,公交线路：公交（观澜高新园站）M567、M264、313、E4路等，出小区约100有轨电车站台（电车接驳地铁4号线清湖地铁口），高速公路：机荷高速公路、梅观高速公路，交通方便。,,,暂无数据,2022-10-26,商品房,别墅,暂无数据,非共有,有抵押 800万元 农业银行 金融公司垫资,挂牌时间:2022-10-26 | 交易权属:商品房 | 上次交易:暂无数据 | 房屋用途:别墅 | 房屋年限:暂无数据 | 产权所属:非共有 | 抵押信息:有抵押 800万元 农业银行 金融公司垫资 | 房本备件:未上传房本照片,客厅 / 70.33平米 / 无 / 未知窗户类型 ; 多功能间 / 90.71平米 / 无 / 无窗 ; 卧室A / 9.82平米 / 西南 / 落地窗 ; 卧室B / 13.97平米 / 无 / 未知窗户类型 ; 卧室C / 11.22平米 / 西南 / 落地窗 ; 卧室D / 24.43平米 / 西南 东北 / 落地窗 ; 厨房 / 5.78平米 / 西南 / 普通窗 ; 卫生间A / 3.93平米 / 无 / 无窗 ; 卫生间B / 5.58平米 / 无 / 无窗 ; 卫生间C / 6.15平米 / 西南 / 普通窗 ; 卫生间D / 5.52平米 / 无 / 无窗 ; 卫生间E / 1.93平米 / 无 / 无窗 ; 阳台A / 9.48平米 / 无 / 无窗 ; 阳台B / 21.64平米 / 无 / 无窗 ; 阳台C / 15平米 / 西北 东北 东南 / 普通窗 ; 阳台D / 8.46平米 / 西南 / 普通窗 ; 露台 / 33.2平米 / 西北 东北 东南 / 普通窗 ; 储物间 / 6.92平米 / 无 / 无窗 ; 楼梯间 / 11.78平米 / 无 / 无窗 ; 过道A / 13.95平米 / 无 / 无窗 ; 过道B / 9.59平米 / 无 / 无窗 ; 过道C / 7.83平米 / 西南 / 普通窗,
安静户型，舒适楼层，优质好房，诚意出售。,"懿花园 , 观澜",3室2厅,89.42平米,北,精装,中楼层(共10层),2013年,板楼,380 万,42497 元,1,,,VR看装修,https://sz.lianjia.com/ershoufang/105107675224.html,VR看装修,此房满五，房子保养的好，业主诚心出售。,小区是和记黄埔开发，整体港式风格，小区绿化美丽，社区够大，居住舒适度五星。,医疗：龙华中 心医院（4600米百度地图测距），龙华综合医院（在建中3100米百度地图测距），新科技园社区健康服务中 心。购物：宝 地利商场（楼下），佳又惠百货医院，天虹（2400米百度地图测距）,,,,暂无数据,2021-06-19,商品房,普通住宅,暂无数据,非共有,有抵押 业主自还,挂牌时间:2021-06-19 | 交易权属:商品房 | 上次交易:暂无数据 | 房屋用途:普通住宅 | 房屋年限:暂无数据 | 产权所属:非共有 | 抵押信息:有抵押 业主自还 | 房本备件:未上传房本照片,客厅 / 22.57平米 / 西北 / 普通窗 ; 卧室A / 6.81平米 / 无 / 未知窗户类型 ; 卧室B / 7.44平米 / 无 / 未知窗户类型 ; 卧室C / 14.73平米 / 无 / 未知窗户类型 ; 厨房 / 5.42平米 / 东北 / 普通窗 ; 卫A / 3.58平米 / 无 / 普通窗 ; 卫B / 3.41平米 / 东南 / 普通窗 ; 阳台A / 5.96平米 / 西北 东北 / 普通窗 ; 阳台B / 3.9平米 / 东北 / 普通窗 ; 过道 / 3.21平米 / 无 / 无窗 ; 衣帽间 / 4.88平米 / 东南 / 落地窗,
观湖园边位带花园   装修总裁亲自设计布局  格局好,"观湖园 , 观澜",6室2厅,146.45平米,东南,精装,上叠(共4层),2012年,板楼,1100 万,75111 元,28,,,VR房源 | 房本满五年,https://sz.lianjia.com/ershoufang/105114945525.html,VR房源 | 房本满五年,精致装修，格局为上，满五年税少，户型方正适用,观湖园项目位于宝安区观澜镇，邻近梅观高速公路，为梅观高速观澜出口旁观澜库坑A932-0011、A932-0253宗地；项目占地375851.875平方米，总建筑面积165540平方米，容积仅为0.44，,将发展为大型低密度豪hua住宅区，并附设会所及商ye设施。 观湖园位于深圳市观龙华新区观澜街道，比邻世界zhui大高尔夫——观澜湖高尔夫球会。,,,,2015-09-28,2023-10-02,商品房,别墅,满五年,非共有,有抵押 600万元 人民银行 客户偿还,挂牌时间:2023-10-02 | 交易权属:商品房 | 上次交易:2015-09-28 | 房屋用途:别墅 | 房屋年限:满五年 | 产权所属:非共有 | 抵押信息:有抵押 600万元 人民银行 客户偿还 | 房本备件:已上传房本照片,客厅 / 60.1平米 / 无 / 未知窗户类型 ; 卧室A / 22.62平米 / 无 / 落地窗 ; 卧室B / 13.02平米 / 无 / 未知窗户类型 ; 卧室C / 12.4平米 / 无 / 未知窗户类型 ; 卧室D / 24.35平米 / 无 / 普通窗 ; 卧室E / 11.55平米 / 无 / 落地窗 ; 厨房 / 8.29平米 / 无 / 无窗 ; 卫生间A / 3.65平米 / 无 / 无窗 ; 卫生间B / 6.4平米 / 无 / 未知窗户类型 ; 卫生间C / 4.16平米 / 无 / 无窗 ; 卫生间D / 3.38平米 / 无 / 无窗 ; 阳台A / 4.79平米 / 无 / 普通窗 ; 阳台C / 50.04平米 / 无 / 落地窗 ; 储物间A / 3.84平米 / 无 / 无窗 ; 储物间B / 8.56平米 / 无 / 普通窗 ; 过道 / 10.17平米 / 无 / 落地窗 ; 门厅 / 7.83平米 / 无 / 落地窗 ; 过道A / 9.56平米 / 无 / 无窗 ; 过道B / 10.99平米 / 无 / 无窗 ; 衣帽间A / 3.67平米 / 无 / 无窗,
福安雅园 中高楼层视野开阔 看花园 安静 户型方正,"福安雅园 , 观澜",2室2厅,68.47平米,南,精装,高楼层(共33层),2015年,,232 万,33884 元,0,,,VR房源,https://sz.lianjia.com/ershoufang/105121460198.html,VR房源,"满五不唯一红本在手,高层通风采光好,近公园购物商场",全深圳的标杆安居房社区，大社区，小区物业管理好，配套齐全，很适合老人小孩居住,小区楼下就是大型购物综合体丰盛大地购物，钱大妈，百果园，等日常生活配套,,,,暂无数据,2025-07-16,商品房,普通住宅,暂无数据,非共有,无抵押,挂牌时间:2025-07-16 | 交易权属:商品房 | 上次交易:暂无数据 | 房屋用途:普通住宅 | 房屋年限:暂无数据 | 产权所属:非共有 | 抵押信息:无抵押 | 房本备件:未上传房本照片,客厅 / 21.08平米 / 无 / 无窗 ; 卧室A / 8.67平米 / 南 / 落地窗 ; 卧室B / 11.17平米 / 无 / 未知窗户类型 ; 卧室C / 4.6平米 / 南 / 落地窗 ; 厨房 / 4.17平米 / 无 / 落地窗 ; 卫生间 / 3.04平米 / 西 / 普通窗 ; 阳台A / 2.81平米 / 南 / 落地窗,
观湖园独栋，带电梯井，户型方正，四面院子,"观湖园 , 观澜",7室2厅,163.08平米,东南,毛坯,3层,2012年,板楼,2100 万,128772 元,0,,,VR房源 | 房本满五年,https://sz.lianjia.com/ershoufang/105119100165.html,VR房源 | 房本满五年,独栋带两个房产证，户型方正，四面院子,,,,房屋权属为公司名下，税费比较多，目前还未交房产税，预估滞纳金较多，土地增值税预估是没有的。,,2014-06-10,2024-12-03,商品房,别墅,满五年,非共有,无抵押,挂牌时间:2024-12-03 | 交易权属:商品房 | 上次交易:2014-06-10 | 房屋用途:别墅 | 房屋年限:满五年 | 产权所属:非共有 | 抵押信息:无抵押 | 房本备件:已上传房本照片,客厅 / 61.38平米 / 无 / 落地窗 ; 卧室A / 10.91平米 / 无 / 普通窗 ; 卧室B / 14.99平米 / 无 / 普通窗 ; 卧室C / 13.89平米 / 无 / 普通窗 ; 卫生间A / 9.23平米 / 无 / 普通窗 ; 卫生间B / 4.08平米 / 无 / 普通窗 ; 阳台A / 9.79平米 / 无 / 普通窗 ; 阳台B / 5.36平米 / 无 / 普通窗 ; 露台A / 10.45平米 / 无 / 普通窗 ; 露台B / 103.95平米 / 西 北 东 南 / 普通窗 ; 过道 / 9.37平米 / 南 / 落地窗 ; 门厅 / 24.73平米 / 无 / 落地窗 ; 天井A / 3.5平米 / 无 / 无窗 ; 天井B / 2.96平米 / 无 / 无窗,
临湖大双拼，中空客厅，南北通，上下五层，大花园,"观湖园 , 观澜",6室2厅,250.75平米,南,毛坯,1层,2012年,板楼,1720 万,68595 元,0,,,VR房源,https://sz.lianjia.com/ershoufang/105103588548.html,VR房源,南北通，格局已经做好，花园280平，上下五层，业主诚心卖,观湖园一个纯别墅小区，占地37.***平方米，小区有3个湖，湖面宽度***平米，30%的绿化，游泳池，健身房都有，羽毛球场，篮球场,距离观澜湖新城约5公里，观澜湖新城是大型的Shopping Mall，一系列品牌都有进驻新城，购物娱乐都相当方便。距离观澜人民医院及伟光医院约6公里。小区到库坑小.學约1公里,观湖园别墅小区邻近梅观高速公路，距离梅观高速观澜出口约1.5公里，去南山约33公里，罗湖约30公里，福田约28公里，交通如此便利的接轨市内生活圈。到观澜汽车站和观澜湖新城约五公里，观澜湖新城是大型的Shopping Mall，交通出行娱乐购物也是相当方便,,,暂无数据,2019-12-22,商品房,别墅,暂无数据,非共有,有抵押 300万元,挂牌时间:2019-12-22 | 交易权属:商品房 | 上次交易:暂无数据 | 房屋用途:别墅 | 房屋年限:暂无数据 | 产权所属:非共有 | 抵押信息:有抵押 300万元 | 房本备件:未上传房本照片,客厅 / 70.5平米 / 西南 东南 / 落地窗 ; 卧室A / 14.07平米 / 西北 / 普通窗 ; 卧室B / 14.81平米 / 东南 / 普通窗 ; 卧室C / 11.46平米 / 西北 / 普通窗 ; 卧室D / 17.11平米 / 无 / 未知窗户类型 ; 卧室E / 38.47平米 / 东南 / 普通窗 ; 厨房 / 10.63平米 / 西北 / 普通窗 ; 卫A / 2.41平米 / 无 / 无窗 ; 卫生间B / 4.35平米 / 无 / 无窗 ; 卫生间C / 7.58平米 / 西北 / 普通窗 ; 卫生间D / 13.14平米 / 西北 / 普通窗 ; 卫生间E / 4.62平米 / 无 / 无窗 ; 阳台A / 5.82平米 / 西南 东南 / 普通窗 ; 阳台B / 8.84平米 / 西南 西北 东北 / 普通窗 ; 阳台C / 7.61平米 / 西南 东南 / 普通窗 ; 阳台D / 10.62平米 / 西南 西北 / 普通窗 ; 阳台E / 8.98平米 / 西南 东北 东南 / 普通窗 ; 露台 / 64.83平米 / 西南 西北 东北 东南 / 普通窗 ; 储物间A / 29.31平米 / 无 / 无窗 ; 储物间B / 28.04平米 / 无 / 无窗 ; 车库 / 13.94平米 / 无 / 无窗 ; 地下室 / 84.45平米 / 无 / 普通窗 ; 楼梯间 / 8.12平米 / 无 / 无窗 ; 过道A / 9.27平米 / 无 / 无窗 ; 过道B / 7.74平米 / 无 / 无窗,
精装两房，户型方正通透，采光良好。小区绿化30%,"正兆 · 茗语华苑 , 观澜",2室1厅,65平米,东南,,低楼层(共32层),2014年,塔楼,156 万,24000 元,1,,,VR房源,https://sz.lianjia.com/ershoufang/105117797744.html,VR房源,此套房子已经满了五年业主想近期出手,小区有图书馆，运动场业主10年买的房子7栋花园电梯小区，绿化30%，人车分流，小区有图书馆，少儿室内亲子室，运动场，乒乓球室。,,本小区楼下就有公交站台，公交车有m510 m627 m135等多路公交,,,暂无数据,2024-08-01,商品房,普通住宅,暂无数据,共有,无抵押,挂牌时间:2024-08-01 | 交易权属:商品房 | 上次交易:暂无数据 | 房屋用途:普通住宅 | 房屋年限:暂无数据 | 产权所属:共有 | 抵押信息:无抵押 | 房本备件:未上传房本照片,客厅 / 17.53平米 / 西 / 普通窗 ; 卧室A / 11.51平米 / 无 / 未知窗户类型 ; 卧室B / 8.18平米 / 无 / 未知窗户类型 ; 厨房 / 3.81平米 / 无 / 无窗 ; 卫生间 / 2.83平米 / 北 / 普通窗 ; 阳台A / 4.42平米 / 西 / 普通窗 ; 阳台B / 2.64平米 / 无 / 无窗,
精装修，阳台朝向好，无遮挡，室内安静，全新无居住。,"中森公园华府 , 观澜",2室2厅,71.87平米,东南,,低楼层(共30层),2020年,板塔结合,386 万,53709 元,0,,,VR看装修 | 房本满五年,https://sz.lianjia.com/ershoufang/105116119282.html,VR看装修 | 房本满五年,精装修，阳台朝向好，无遮挡，室内安静，全新无居住 ，诚心出售,开发商为深圳中森，是以房地产为产业的企业，主要以珠三角地区和成渝地区为发展区域。 在深圳有几个住宅地产项目，为人熟知的应该是科技园片区华润城邻居的英伦名苑1-3期，以及龙岗的中森双子座。,项目位于龙华区观澜板块，观湖街道的东南方位。所在区域是深圳中轴北的产业，南接坂田天安云谷、龙华宝能科技城，东连平湖金融与现代服务业基地，西临观澜高新产业园， 北为观澜传统制造业聚集地带,,,,2020-05-30,2024-02-24,商品房,普通住宅,满五年,非共有,有抵押 客户偿还,挂牌时间:2024-02-24 | 交易权属:商品房 | 上次交易:2020-05-30 | 房屋用途:普通住宅 | 房屋年限:满五年 | 产权所属:非共有 | 抵押信息:有抵押 客户偿还 | 房本备件:已上传房本照片,客厅 / 27.34平米 / 南 / 普通窗 ; 卧室A / 11.07平米 / 南 / 落地窗 ; 卧室B / 8.35平米 / 无 / 未知窗户类型 ; 厨房 / 5.02平米 / 南 / 普通窗 ; 卫生间 / 3.02平米 / 东 / 普通窗 ; 阳台 / 4.52平米 / 西 南 / 普通窗,
金地天悦湾小区联排别墅，业主装修精致。,"金地天悦湾 , 观澜",13室4厅,287.32平米,东南,精装,1层,2012年,板塔结合,2890 万,100585 元,1,,,VR房源,https://sz.lianjia.com/ershoufang/105111595542.html,VR房源,金地天悦湾小区联排别墅，业主装修精致。,项目位于宝安区观澜街道梅观高速与环观南路交汇处，地处观澜鹭湖国际社区，由金地集团开发建造，金地物业，分两期开发；友邻高尔夫球会，距福田18公里，真正享受城市近郊别墅生活，入则宁静，出则繁华。,休闲区域：观澜湿地公园，新世纪广场、人民公园。商.业设施：天虹商场、格兰郡商.业街。医疗设施：龙华新综合医院；观澜医院。宾馆酒店：格兰云天大酒店。银行：中国银行、工商银行、招商银行。,多维立体交通：多条公交线路途经，无论是福田，罗湖，南山，宝安，龙岗，还是通往前海等区域便利，开车也十分方便.坐车除了公交以外还可以选择轨道交通。轻轨电车，|无缝连接地铁四号线清湖站,,,暂无数据,2022-09-23,商品房,别墅,暂无数据,非共有,有抵押 700万元,挂牌时间:2022-09-23 | 交易权属:商品房 | 上次交易:暂无数据 | 房屋用途:别墅 | 房屋年限:暂无数据 | 产权所属:非共有 | 抵押信息:有抵押 700万元 | 房本备件:未上传房本照片,客厅 / 39.93平米 / 东北 / 普通窗 ; 餐厅 / 25.29平米 / 无 / 无窗 ; 书房 / 13.43平米 / 无 / 无窗 ; 卧室A / 10.77平米 / 无 / 无窗 ; 多功能间A / 35.9平米 / 无 / 无窗 ; 卧室B / 10.73平米 / 无 / 无窗 ; 多功能间B / 24.26平米 / 无 / 无窗 ; 卧室C / 9.5平米 / 西南 / 普通窗 ; 多功能间C / 30.03平米 / 西北 / 普通窗 ; 卧室D / 18.9平米 / 东北 / 普通窗 ; 卧室E / 24.48平米 / 西 西南 南 / 普通窗 ; 卧室F / 22.8平米 / 东北 / 普通窗 ; 卧室G / 16.44平米 / 西南 / 普通窗 ; 厨房 / 10.33平米 / 西南 / 普通窗 ; 卫生间A / 4.84平米 / 无 / 无窗 ; 卫生间B / 4.39平米 / 无 / 无窗 ; 卫生间C / 2.86平米 / 无 / 无窗 ; 卫生间D / 6.43平米 / 东北 / 普通窗 ; 卫生间E / 4.8平米 / 无 / 无窗 ; 卫生间F / 8.61平米 / 东北 / 普通窗 ; 阳台A / 9.92平米 / 无 / 无窗 ; 阳台B / 9.07平米 / 西南 西北 / 普通窗 ; 阳台C / 4.85平米 / 东北 / 普通窗 ; 阳台D / 9.59平米 / 西南 西北 东南 / 普通窗 ; 阳台E / 4.41平米 / 东北 东南 / 普通窗 ; 露台 / 27.27平米 / 西南 西北 东南 / 普通窗 ; 花园 / 50.54平米 / 西北 东北 东南 / 普通窗 ; 储物间A / 2.86平米 / 无 / 无窗 ; 储物间B / 4.92平米 / 无 / 无窗 ; 天井 / 12.58平米 / 无 / 无窗 ; 过道A / 25.75平米 / 无 / 无窗 ; 过道B / 19.88平米 / 无 / 无窗 ; 过道C / 29.42平米 / 无 / 无窗 ; 过道D / 20.49平米 / 无 / 无窗 ; 过道E / 24.73平米 / 无 / 无窗 ; 衣帽间A / 8.9平米 / 无 / 无窗 ; 衣帽间B / 10.11平米 / 无 / 无窗 ; 衣帽间C / 7.11平米 / 无 / 无窗,
纯别墅小区，中式别墅，采光好，通风通透,"观湖园 , 观澜",4室2厅,150.81平米,南,,中楼层(共4层),2009年,板楼,973 万,64519 元,5,,,VR房源 | 房本满五年 | 随时看房,https://sz.lianjia.com/ershoufang/105106215209.html,VR房源 | 房本满五年 | 随时看房,此房满5年，中式别墅，采光好，通风通透，东南向。自带车位,观湖园项目位于龙华新区观澜镇，邻近梅观高速公路，在梅观高速观澜出口。小区占地面积：37.***平方米，东南亚园林景观设计。双拼跟独栋管理费是6.5平米，叠拼的管理费是4.9平米，小区安保严密，24小时巡逻监控,距离观澜湖新城约5公里，观澜湖新城是大型的Shoig Mll，一系列品牌都有进驻新城，购物娱乐都相当方便。距离观澜人民医院及伟光医院约6公里,观湖园别墅小区邻近梅观高速公路，距离梅观高速观澜出口约1.5公里，去南山约33公里，罗湖约30公里，福田约28公里，交通如此便利的接轨市内生活圈。到观澜汽车站和观澜湖新城约五公里，观澜湖新城是大型的Shoig Mll，交通出行娱乐购物也是相当方便,,,2009-12-17,2021-01-08,商品房,普通住宅,满五年,非共有,有抵押,挂牌时间:2021-01-08 | 交易权属:商品房 | 上次交易:2009-12-17 | 房屋用途:普通住宅 | 房屋年限:满五年 | 产权所属:非共有 | 抵押信息:有抵押 | 房本备件:已上传房本照片,客厅 / 48.78平米 / 无 / 未知窗户类型 ; 卧室A / 9.02平米 / 东 / 落地窗 ; 卧室B / 16.16平米 / 西 / 普通窗 ; 卧室C / 9.91平米 / 东 / 落地窗 ; 卧室D / 15.56平米 / 西 / 落地飘窗 ; 厨房 / 6.86平米 / 南 / 普通窗 ; 卫生间A / 4.79平米 / 东 / 普通窗 ; 卫生间B / 2.89平米 / 南 / 普通窗 ; 卫生间C / 5.55平米 / 无 / 无窗 ; 卫生间D / 5.21平米 / 南 / 普通窗 ; 阳台A / 5.22平米 / 西 北 南 / 普通窗 ; 阳台B / 6.1平米 / 西 北 南 / 普通窗 ; 露台 / 70.17平米 / 西 北 东 南 / 普通窗 ; 储物间 / 12.47平米 / 东 南 / 普通窗 ; 楼梯间 / 7.97平米 / 无 / 无窗 ; 过道 / 10.16平米 / 无 / 无窗,
珑门二期 精装四房 满五唯一 随时可看,"珑门二期 , 观澜",4室2厅,105.98平米,南,精装,中楼层(共32层),2018年,板塔结合,514 万,48500 元,0,,,VR房源,https://sz.lianjia.com/ershoufang/105121142207.html,VR房源,此房满五唯一 业主急出手 看上价格可以聊。,,,,,,暂无数据,2025-06-19,商品房,普通住宅,暂无数据,非共有,有抵押 400万元 农业银行 金融公司垫资,挂牌时间:2025-06-19 | 交易权属:商品房 | 上次交易:暂无数据 | 房屋用途:普通住宅 | 房屋年限:暂无数据 | 产权所属:非共有 | 抵押信息:有抵押 400万元 农业银行 金融公司垫资 | 房本备件:未上传房本照片,客厅 / 36.94平米 / 无 / 未知窗户类型 ; 卧室A / 12.31平米 / 无 / 未知窗户类型 ; 卧室B / 11.6平米 / 无 / 未知窗户类型 ; 卧室C / 8.25平米 / 西南 / 落地窗 ; 卧室D / 6.21平米 / 东北 / 落地窗 ; 厨房 / 6.52平米 / 西南 / 普通窗 ; 卫生间A / 4.2平米 / 西南 / 落地窗 ; 卫生间B / 2.84平米 / 西南 / 落地窗 ; 阳台 / 4.2平米 / 西北 东北 / 普通窗 ; 衣帽间 / 3.83平米 / 无 / 无窗,
懿花园端头位别墅满五唯一红本在手 诚心出售,"懿花园 , 观澜",4室1厅,180.94平米,南 北,,1层,2012年,板楼,899 万,49685 元,0,,,VR房源,https://sz.lianjia.com/ershoufang/105121981890.html,VR房源,三层别墅，端户大花园，安静舒适，看山看水,和黄懿花园也叫盈峰翠邸，由和记黄埔地产(深圳)有限公司开发，位于横坑水库。项目规划为地上建筑4-10层，地下2层，共59栋建筑(其中57栋住宅，2所幼儿园，及公建以地下室形式布置于地块南端)。 机动车位：600个；高层地库车位385个，多层地库车位200个,医疗龙华人民第二医院（4600米百度地图测距龙华综合医院在建中3100米百度地图测距新科技园社区健康服务购物商场楼下佳又惠百货医院天虹（2400米百度地图测距,,,,暂无数据,2025-09-01,商品房,别墅,暂无数据,非共有,无抵押,挂牌时间:2025-09-01 | 交易权属:商品房 | 上次交易:暂无数据 | 房屋用途:别墅 | 房屋年限:暂无数据 | 产权所属:非共有 | 抵押信息:无抵押 | 房本备件:未上传房本照片,客厅 / 46.1平米 / 无 / 落地窗 ; 卧室A / 13.16平米 / 西 北 / 落地窗 ; 卧室B / 15.8平米 / 西 南 / 落地窗 ; 卧室C / 11.91平米 / 无 / 落地窗 ; 卧室D / 19.01平米 / 无 / 落地窗 ; 厨房 / 7.5平米 / 无 / 普通窗 ; 卫生间A / 2.29平米 / 无 / 普通窗 ; 卫生间B / 4.05平米 / 北 / 普通窗 ; 卫生间C / 4.83平米 / 南 / 普通窗 ; 卫生间D / 4.11平米 / 无 / 普通窗 ; 卫生间E / 7.82平米 / 无 / 落地窗 ; 阳台 / 1.84平米 / 无 / 普通窗 ; 阳台A / 3.28平米 / 无 / 普通窗 ; 阳台B / 4.37平米 / 西 东 南 / 普通窗 ; 阳台C / 4.02平米 / 无 / 普通窗 ; 露台 / 53.16平米 / 无 / 普通窗 ; 储物间 / 2.87平米 / 无 / 无窗 ; 过道A / 8.21平米 / 无 / 无窗 ; 过道B / 7.72平米 / 无 / 无窗 ; 过道C / 4.02平米 / 无 / 无窗 ; 衣帽间 / 4.96平米 / 无 / 无窗,
房子户型方正 采光通风良好 视野开阔,"万科九龙山 , 观澜",4室2厅,124.2平米,东南,精装,低楼层(共33层),2016年,板楼,485 万,39050 元,1,,,VR房源 | 房本满五年,https://sz.lianjia.com/ershoufang/105116475238.html,VR房源 | 房本满五年,此房满五唯一，精装修四房，高层视野好,,配套有观澜天虹、兴万达广场、比邻新天地、中航格澜郡商圈、观澜老镇商圈、深圳绿道5号线、茜坑水库、大水坑水库、狮径公园、观澜人民医院。,,房子满五年不唯一，有抵押欠款，赎楼费用可以跟业主协商，可面议！,,2016-02-26,2024-03-25,商品房,普通住宅,满五年,非共有,有抵押,挂牌时间:2024-03-25 | 交易权属:商品房 | 上次交易:2016-02-26 | 房屋用途:普通住宅 | 房屋年限:满五年 | 产权所属:非共有 | 抵押信息:有抵押 | 房本备件:已上传房本照片,客厅 / 37.93平米 / 无 / 无窗 ; 卧室A / 10.15平米 / 无 / 未知窗户类型 ; 卧室B / 9.6平米 / 无 / 未知窗户类型 ; 卧室C / 8.74平米 / 无 / 未知窗户类型 ; 卧室D / 15.52平米 / 南 / 落地窗 ; 厨房 / 5.62平米 / 南 / 普通窗 ; 卫生间A / 3.05平米 / 北 / 普通窗 ; 卫生间B / 4.04平米 / 北 / 普通窗 ; 阳台 / 9.36平米 / 无 / 无窗,
高坡别墅，门口邻水，满五年，没欠款，套内400平,"懿花园 , 观澜",5室2厅,198.27平米,南 西南,简装,1层,2013年,板楼,1260 万,63550 元,2,,,VR房源,https://sz.lianjia.com/ershoufang/105119629562.html,VR房源,地势高位，上下四层半使用率高，有花园，独立车位。,和黄懿花园也叫盈峰翠邸，由和记黄埔地产(深圳)有限公司开发，位于横坑水库。项目规划为地上建筑4-10层，地下2层，共59栋建筑(其中57栋住宅，2所幼儿园，及公建以地下室形式布置于地块南端)。 机动车位：600个；高层地库车位385个，多层地库车位200个,,公交线路：公交（宝安高新科技园、观澜高新科技园）794、627、663、668、866，517.264.921路等 高速公路：机荷高速公路、梅观高速公路。有轨电车高新区站距离小区300米。出行便利,,,暂无数据,2025-02-10,商品房,普通住宅,暂无数据,非共有,无抵押,挂牌时间:2025-02-10 | 交易权属:商品房 | 上次交易:暂无数据 | 房屋用途:普通住宅 | 房屋年限:暂无数据 | 产权所属:非共有 | 抵押信息:无抵押 | 房本备件:未上传房本照片,客厅A / 20.25平米 / 无 / 无窗 ; 客厅B / 50.44平米 / 无 / 落地窗 ; 卧室A / 9.89平米 / 无 / 普通窗 ; 卧室B / 16.78平米 / 无 / 未知窗户类型 ; 卧室C / 20.03平米 / 无 / 普通窗 ; 卧室D / 15.08平米 / 北 / 普通窗 ; 卧室E / 24.12平米 / 南 / 普通窗 ; 厨房 / 8.08平米 / 无 / 普通窗 ; 卫生间A / 3.61平米 / 无 / 无窗 ; 卫生间B / 2.21平米 / 无 / 普通窗 ; 卫生间C / 3.61平米 / 无 / 普通窗 ; 卫生间D / 4.96平米 / 无 / 普通窗 ; 卫生间E / 3.53平米 / 北 / 普通窗 ; 卫生间F / 7.39平米 / 无 / 无窗 ; 阳台A / 3.74平米 / 无 / 普通窗 ; 阳台B / 4.87平米 / 西 北 东 / 普通窗 ; 阳台C / 3.83平米 / 西 东 南 / 普通窗 ; 阳台D / 19.95平米 / 无 / 普通窗 ; 露台 / 40.94平米 / 无 / 普通窗 ; 储物间A / 3.52平米 / 无 / 无窗 ; 储物间B / 4.42平米 / 无 / 无窗 ; 车库 / 23.17平米 / 无 / 无窗 ; 过道A / 7.35平米 / 无 / 无窗 ; 过道B / 7.5平米 / 无 / 无窗 ; 过道C / 3.73平米 / 无 / 无窗 ; 衣帽间 / 3.92平米 / 无 / 无窗,
地铁口·合正观澜汇二期 | 全屋智能+德系精装,"合正观澜汇二期 , 观澜",3室2厅,95.92平米,南 北,精装,32层,2023年,,568 万,59217 元,0,,,近地铁 | VR房源 | 随时看房,https://sz.lianjia.com/ershoufang/105118618440.html,地铁 | VR房源 | 随时看房,房子南北通透，位置安静，视野开阔无遮挡，全新从未住人,,,,,,2021-01-16,2024-10-17,商品房,普通住宅,暂无数据,非共有,有抵押 350万元 金融公司垫资,挂牌时间:2024-10-17 | 交易权属:商品房 | 上次交易:2021-01-16 | 房屋用途:普通住宅 | 房屋年限:暂无数据 | 产权所属:非共有 | 抵押信息:有抵押 350万元 金融公司垫资 | 房本备件:已上传房本照片,客厅 / 28.5平米 / 北 东 南 / 落地窗 ; 卧室A / 14.07平米 / 南 / 普通窗 ; 卧室B / 7.56平米 / 南 / 普通窗 ; 卧室C / 8.47平米 / 北 / 普通窗 ; 厨房 / 5.28平米 / 南 / 普通窗 ; 卫生间A / 4.56平米 / 北 / 落地窗 ; 卫生间B / 4.66平米 / 南 / 普通窗 ; 过道 / 3.37平米 / 无 / 无窗,
观澜湖独栋大宅  带前后1100平大花园 看房随时方便,"观澜湖 , 观澜",5室3厅,601.68平米,东,毛坯,1层,2004年,板楼,5620 万,93406 元,6,,,VR房源 | 房本满五年,https://sz.lianjia.com/ershoufang/105106199467.html,VR房源 | 房本满五年,满五年，毛坯房，后花园临湖，看联系球场,观澜湖是香港骏豪集团开发，先开发高尔夫球场，再开发房产，房子依球场而建，保证到每套房子的景观和采,,小区南门口有地铁站和公交站，多条公交线经过，小区到宝安机场39公里（百度地图显示），小区到深圳北站20公里（百度地图显示），小区皇岗口岸30公里（百度地图显示），小区到龙华区人民医院11公里（百度地图显示）,,,2010-01-15,2021-01-06,商品房,别墅,满五年,非共有,无抵押,挂牌时间:2021-01-06 | 交易权属:商品房 | 上次交易:2010-01-15 | 房屋用途:别墅 | 房屋年限:满五年 | 产权所属:非共有 | 抵押信息:无抵押 | 房本备件:已上传房本照片,客厅 / 104.91平米 / 东 南 / 落地窗 ; 卧室A / 19.07平米 / 西 南 / 落地窗 ; 卧室B / 18.93平米 / 无 / 普通窗 ; 卧室C / 30.26平米 / 无 / 落地窗 ; 卧室D / 21.71平米 / 无 / 落地窗 ; 卧室E / 28.27平米 / 无 / 落地窗 ; 厨房 / 28.36平米 / 北 西北 东 东北 东南 / 普通窗 ; 卫生间A / 5.2平米 / 南 / 落地窗 ; 卫生间B / 5.24平米 / 无 / 普通窗 ; 卫生间C / 7.73平米 / 无 / 普通窗 ; 卫生间D / 12.12平米 / 无 / 普通窗 ; 卫生间E / 25.56平米 / 无 / 普通窗 ; 阳台A / 131.58平米 / 北 东 南 / 普通窗 ; 阳台B / 14.04平米 / 西 北 / 普通窗 ; 阳台C / 18.03平米 / 无 / 普通窗 ; 阳台D / 36.05平米 / 无 / 普通窗 ; 阳台E / 4.21平米 / 无 / 普通窗 ; 储物间A / 18.17平米 / 无 / 无窗 ; 储物间B / 13.33平米 / 无 / 无窗 ; 储物间C / 28.65平米 / 无 / 普通窗 ; 储物间D / 6.4平米 / 无 / 普通窗 ; 车库 / 43.38平米 / 无 / 无窗 ; 地下室 / 353.22平米 / 无 / 落地窗 ; 电梯A / 4.61平米 / 无 / 无窗 ; 过道A / 56.82平米 / 无 / 普通窗 ; 电梯B / 4.12平米 / 无 / 无窗 ; 过道B / 43.41平米 / 无 / 落地窗 ; 电梯C / 4.2平米 / 无 / 无窗 ; 电梯D / 4.52平米 / 无 / 无窗 ; 衣帽间A / 6.72平米 / 无 / 无窗,
房子满五年配套齐全，户型方正采光充足，小区舒适度高,"美佳华首誉 , 观澜",4室2厅,134.03平米,南,精装,中楼层(共28层),2013年,板塔结合,648 万,48348 元,8,,,近地铁 | VR房源 | 房本满五年,https://sz.lianjia.com/ershoufang/105108564387.html,地铁 | VR房源 | 房本满五年,房子满五年配套齐全，户型方正采光充足，适合家有老人小孩的..,小区位于龙华新区政府南侧，观澜大道与环观南路交汇处，北望百花山，东临观澜河及沿河景观，南面市政公园，片区居住与商.业氛围较为浓厚，而且梅观高速改造为深圳南北向深南大道后交通更为便捷。,天虹、人人乐，比邻新天地医院：观澜人民医院 深圳市龙华新区慢性病防治.观澜医院竹村社区健康服务邮局：中国邮政 中国邮政 观澜邮政局银行：中国建设银行ATM 深圳市农村商.业银行ATM 中国农业银行ATM其他：龙华政府,小区门口就有公交站，途径的公交线众多，有轨电车在小区门口文澜站，直接到达清湖地铁口，观澜大桥直接可以上机荷高速，多条公交线路到达罗湖，福田,,,2012-11-04,2021-08-29,商品房,普通住宅,满五年,非共有,无抵押,挂牌时间:2021-08-29 | 交易权属:商品房 | 上次交易:2012-11-04 | 房屋用途:普通住宅 | 房屋年限:满五年 | 产权所属:非共有 | 抵押信息:无抵押 | 房本备件:已上传房本照片,客厅 / 32.97平米 / 北 / 普通窗 ; 卧室A / 11.47平米 / 南 / 普通窗 ; 卧室B / 19.39平米 / 南 / 普通窗 ; 卧室C / 10.94平米 / 无 / 未知窗户类型 ; 卧室D / 11.29平米 / 北 / 落地窗 ; 厨房 / 7.5平米 / 南 / 普通窗 ; 卫生间A / 4.93平米 / 南 / 普通窗 ; 卫生间B / 4.75平米 / 无 / 未知窗户类型 ; 阳台A / 3.47平米 / 南 / 普通窗 ; 阳台B / 3.54平米 / 南 / 普通窗 ; 阳台C / 3.04平米 / 南 / 普通窗 ; 阳台D / 7.05平米 / 西 北 东 / 普通窗 ; 过道 / 4.75平米 / 无 / 无窗 ; 门厅 / 5.45平米 / 北 / 落地窗,
配套完善，双地铁口，高使用率，大阳台,"美佳华首誉 , 观澜",2室2厅,70.64平米,西,,中楼层(共28层),2013年,板塔结合,188 万,26614 元,10,,,近地铁 | VR房源 | 房本满五年,https://sz.lianjia.com/ershoufang/105110636631.html,地铁 | VR房源 | 房本满五年,4号线地铁口物业 使用率高，真复式户型层高6米,美佳华首誉是集住宅、商务公寓一体的城市综合体。梅观快速、清平高速等，地铁4号线茜坑站200米左右 与深圳首条轻轨线交汇观澜站,小区为观澜首创的一站式的集中体，包括：购物、餐饮、休闲、娱乐等多种业态。未来有品牌商家进驻，已确定品牌主力店人人乐、KFC、美佳华儿童乐园等品牌，未来会有影院、餐饮、娱乐等基本配套。苏宁电器、面点王、拾味馆、芳都酒楼等,地铁4号线茜坑站出口200米左右，目前公交线路有10余路，出行方便,,,2013-06-30,2022-05-31,商品房,商务公寓,满五年,非共有,有抵押 110万元,挂牌时间:2022-05-31 | 交易权属:商品房 | 上次交易:2013-06-30 | 房屋用途:商务公寓 | 房屋年限:满五年 | 产权所属:非共有 | 抵押信息:有抵押 110万元 | 房本备件:已上传房本照片,客厅 / 22.97平米 / 西北 / 落地窗 ; 卧室A / 21.5平米 / 西北 / 落地窗 ; 卧室B / 7.02平米 / 东南 / 普通窗 ; 厨房 / 3.9平米 / 东南 / 普通窗 ; 卫A / 2.59平米 / 西南 / 普通窗 ; 卫生间B / 3.84平米 / 东南 / 普通窗 ; 阳台 / 7.5平米 / 西北 / 落地窗 ; 过道 / 4.68平米 / 无 / 无窗,
观澜刚需住家好房子 价格便宜 高尔夫物业 小区环境好,"观澜湖赛维纳 , 观澜",3室1厅,97.46平米,东北,简装,中楼层(共15层),2002年,板楼,273 万,28012 元,9,,,VR房源 | 房本满五年 | 随时看房,https://sz.lianjia.com/ershoufang/105116890353.html,VR房源 | 房本满五年 | 随时看房,此房满五唯一，业主红本在手，购房成本低，税费少，刚需住家房子,观澜湖三期赛维纳小区，小区院落大，有业主专门高尔夫练习场地，免费穿梭巴士,,,,,2002-04-03,2024-05-05,商品房,普通住宅,满五年,非共有,无抵押,挂牌时间:2024-05-05 | 交易权属:商品房 | 上次交易:2002-04-03 | 房屋用途:普通住宅 | 房屋年限:满五年 | 产权所属:非共有 | 抵押信息:无抵押 | 房本备件:已上传房本照片,,
户型方正，西南朝向，实用率高，通风采光效,"阳基御龙山 , 观澜",3室1厅,77.77平米,西南,精装,30层,2018年,板塔结合,390 万,50148 元,0,,,VR房源 | 房本满五年,https://sz.lianjia.com/ershoufang/105116926629.html,VR房源 | 房本满五年,三房两厅一卫一阳，户型方正，西南朝向，实用率高，通风采光效,小区2018年建成，总建筑面积117475，总占地面积20176.4，共计房屋1082户，小区物业公司为深圳市阳基物业管理有限公司，物业管理费3.8元/平方。小区有地面花园，绿化好，有儿童乐园，康乐设施，文体馆，有12班公立幼儿园，门口还有社区公园。,,交通方便，小区门口有公交站，公交可以直达龙华，也可以转乘地铁，离长湖地铁站约1.3公里。,,,2019-07-15,2024-05-08,商品房,普通住宅,满五年,非共有,有抵押 客户偿还,挂牌时间:2024-05-08 | 交易权属:商品房 | 上次交易:2019-07-15 | 房屋用途:普通住宅 | 房屋年限:满五年 | 产权所属:非共有 | 抵押信息:有抵押 客户偿还 | 房本备件:已上传房本照片,客厅 / 21.15平米 / 西南 / 普通窗 ; 卧室A / 6平米 / 东南 / 落地窗 ; 卧室B / 12.57平米 / 无 / 未知窗户类型 ; 卧室C / 8.62平米 / 西南 / 普通窗 ; 厨房 / 4.93平米 / 东南 / 普通窗 ; 卫生间 / 3.58平米 / 东北 / 普通窗 ; 阳台 / 3.74平米 / 西南 东南 / 普通窗 ; 过道 / 2.58平米 / 无 / 无窗,
金地天悦湾 复式洋房 高品质法式府 邸,"金地天悦湾 , 观澜",4室2厅,199.35平米,东南,精装,中楼层(共8层),2011年,板塔结合,980 万,49160 元,8,,,VR房源 | 随时看房,https://sz.lianjia.com/ershoufang/105113981555.html,VR房源 | 随时看房,此房满五年 精装修 复式洋房 楼层好无遮挡 视野宽阔 采光充足,项目具体位于宝安区观澜街道梅观高速与环观南路交汇处，地处观澜。占地约15.73。万 m2，建面约23。万m2。分两期开发；低密度法式小区；,,多维立体交通，多条公交线路途经，无论是福田，罗湖，南山还是通往宝安前海等区域便利，开车也十分方便.坐车除了公交以外还可以选择门口轻轨电车，无缝连接地铁四号线清湖站；,,,暂无数据,2023-06-14,商品房,普通住宅,暂无数据,非共有,有抵押,挂牌时间:2023-06-14 | 交易权属:商品房 | 上次交易:暂无数据 | 房屋用途:普通住宅 | 房屋年限:暂无数据 | 产权所属:非共有 | 抵押信息:有抵押 | 房本备件:未上传房本照片,客厅 / 57.44平米 / 西南 西北 东南 / 落地窗 ; 卧室A / 15.59平米 / 东南 / 普通窗 ; 卧室B / 17.57平米 / 西 南 / 落地窗 ; 卧室C / 9.57平米 / 西 / 落地窗 ; 卧室D / 23.1平米 / 东 / 落地窗 ; 厨房 / 9.72平米 / 无 / 未知窗户类型 ; 卫生间A / 4.97平米 / 无 / 未知窗户类型 ; 卫生间B / 8.28平米 / 无 / 未知窗户类型 ; 阳台 / 13.36平米 / 东南 / 普通窗 ; 储物间 / 4.79平米 / 无 / 无窗 ; 过道 / 14.27平米 / 无 / 无窗,
精装大四房 实用面积高 南北通透 附带100多平大露台,"中森公园华府 , 观澜",4室2厅,121.82平米,南 北,精装,低楼层(共30层),2019年,板塔结合,635 万,52127 元,13,,,VR看装修 | 随时看房,https://sz.lianjia.com/ershoufang/105113436915.html,VR看装修 | 随时看房,精装大四房 南北通透  附带100平大露台,环境优美，双公园，精心布置叠溪谷、栖风林、半月湾等六大主题公园，居住舒适度高。,,,,,暂无数据,2023-04-21,商品房,普通住宅,暂无数据,非共有,有抵押 客户偿还,挂牌时间:2023-04-21 | 交易权属:商品房 | 上次交易:暂无数据 | 房屋用途:普通住宅 | 房屋年限:暂无数据 | 产权所属:非共有 | 抵押信息:有抵押 客户偿还 | 房本备件:未上传房本照片,,
招商澜园南区，高楼层视野好，满五唯一，带露台,"招商澜园 , 观澜",5室2厅,181.62平米,南,精装,高楼层(共17层),2010年,板塔结合,1190 万,65522 元,5,,,近地铁 | VR房源,https://sz.lianjia.com/ershoufang/105113625976.html,地铁 | VR房源,招商澜园南区，高楼层视野好，满五唯一，带露台,小区由招商局地产开发，国家一级物业资质的招商物业管理，小区部分为南北两区，由十三栋高层组成，低密度，是个纯居住的大社区，自带6000平的大花园，人车分流，很适合有老人和小孩的客户，小区自带幼儿园，有固定车位。,配套：观澜街道办 休闲区域：新世纪广场、观澜文化广场， 商场：设施天虹商场、比邻新天地，观澜河湿地公园距离小区近在咫尺。龙华区政府距离小区2公里，属于新区政府辐射范围内。项目：现聚集多家大品牌开发商在此拿地。如：万科 卓 越，阳基,小区门口就有公交站，途径的公交线众多，有轨电车在小区门口文澜站，直接到达清湖地铁口，竹村地铁口 800米，观澜大桥直接可以上机荷高速，多条公交线路到达罗湖，福田,,,暂无数据,2023-05-10,商品房,普通住宅,暂无数据,非共有,有抵押 150万元,挂牌时间:2023-05-10 | 交易权属:商品房 | 上次交易:暂无数据 | 房屋用途:普通住宅 | 房屋年限:暂无数据 | 产权所属:非共有 | 抵押信息:有抵押 150万元 | 房本备件:未上传房本照片,餐厅 / 11.62平米 / 无 / 普通窗 ; 客厅A / 39.87平米 / 无 / 普通窗 ; 客厅B / 49.11平米 / 无 / 落地窗 ; 卧室A / 13.83平米 / 无 / 落地窗 ; 卧室B / 10.19平米 / 无 / 落地窗 ; 卧室C / 19.92平米 / 南 / 落地窗 ; 卧室D / 15.95平米 / 北 南 / 落地窗 ; 卧室E / 22.51平米 / 无 / 落地窗 ; 厨房 / 6.78平米 / 无 / 普通窗 ; 卫生间A / 4.36平米 / 无 / 落地窗 ; 卫生间B / 8.59平米 / 北 / 落地窗 ; 卫生间C / 4.21平米 / 南 / 普通窗 ; 卫生间D / 4.56平米 / 无 / 落地窗 ; 阳台A / 6.86平米 / 无 / 普通窗 ; 阳台B / 4.54平米 / 无 / 普通窗 ; 阳台C / 5.37平米 / 南 / 落地窗 ; 阳台D / 14.12平米 / 无 / 普通窗 ; 阳台E / 99.22平米 / 无 / 普通窗 ; 储物间 / 9.67平米 / 北 / 普通窗 ; 洗衣房 / 2.91平米 / 无 / 落地窗 ; 门厅 / 13.62平米 / 无 / 落地窗 ; 过道A / 13.98平米 / 北 / 落地窗 ; 衣帽间 / 10.26平米 / 北 / 落地窗,
带精装修，房子满五税费少，景观无遮挡,"万科九龙山 , 观澜",3室2厅,88平米,东南,精装,高楼层(共33层),2016年,板楼,325 万,36932 元,1,,,VR看装修,https://sz.lianjia.com/ershoufang/105117539501.html,VR看装修,房子满五税费少，带精装修，高楼层视野好无遮挡，美景一览无余,,配套有观澜天虹、兴万达广场、比邻新天地、中航格澜郡商圈、观澜老镇商圈、深圳绿道5号线、楼盘旁就是九龙山生态园，茜坑水库、大水坑水库、狮径公园、观澜人民医院,,房子满五年不唯一，个税契税，银行无欠款红本在手，费用较少，业主考虑实收。费用由客户承担,,暂无数据,2024-07-07,商品房,普通住宅,暂无数据,非共有,有抵押 客户偿还,挂牌时间:2024-07-07 | 交易权属:商品房 | 上次交易:暂无数据 | 房屋用途:普通住宅 | 房屋年限:暂无数据 | 产权所属:非共有 | 抵押信息:有抵押 客户偿还 | 房本备件:未上传房本照片,客厅 / 25.91平米 / 南 / 普通窗 ; 卧室A / 8.48平米 / 无 / 未知窗户类型 ; 卧室B / 6.86平米 / 无 / 未知窗户类型 ; 卧室C / 11.79平米 / 东 南 / 落地窗 ; 厨房 / 4.67平米 / 东 / 普通窗 ; 卫A / 2.79平米 / 北 / 普通窗 ; 卫B / 2.88平米 / 无 / 无窗 ; 阳台 / 3.99平米 / 南 / 普通窗 ; 过道 / 4.42平米 / 无 / 无窗,
龙华观澜 2房 招商观园 业主自住 精装修 可拎包入住,"招商观园 , 观澜",2室1厅,74.76平米,东南,精装,中楼层(共18层),2012年,塔楼,280 万,37454 元,1,,,VR房源,https://sz.lianjia.com/ershoufang/105116569840.html,VR房源,此房满五年 精装修 过户快 保养好 可拎包入住,招商观园地块位于深圳市宝安区观澜街道环观南路北侧，与观澜高新技术园区隔路相望，邻进梅观高速、机荷高速，占地147595.156平方米，主力产品为140-180㎡大户型和单证89平.,南面是高兴科技园，北面是横坑滨水公园，税务局（1000米百度地图 观湖中 心公园（737米百度地图 医疗龙华医院（4600米百度地图测距龙华综合医院在建中3100米百度地图测距新科技园社区健康服务商场楼下佳又惠百货医院天虹（2400米百度地图测距,轨道交通：有轨电车站台，高新园西站（电车接驳地铁4号线清湖地铁口），公交线路：公交（观澜高新园站）M567、M264、313、E4路等，高速公路：机荷高速公路、梅观高速公路，交通方便。,,,暂无数据,2024-04-03,商品房,普通住宅,暂无数据,非共有,有抵押 50万元 业主自还,挂牌时间:2024-04-03 | 交易权属:商品房 | 上次交易:暂无数据 | 房屋用途:普通住宅 | 房屋年限:暂无数据 | 产权所属:非共有 | 抵押信息:有抵押 50万元 业主自还 | 房本备件:未上传房本照片,客厅 / 20.5平米 / 无 / 普通窗 ; 卧室A / 15.12平米 / 无 / 落地窗 ; 卧室B / 11.32平米 / 无 / 未知窗户类型 ; 厨房 / 3.05平米 / 无 / 普通窗 ; 卫生间 / 3平米 / 无 / 普通窗 ; 阳台 / 3.05平米 / 无 / 落地窗 ; 过道 / 7.85平米 / 无 / 无窗,
仁山智水，双拼别墅，花园400左右，钥匙在手,"城建仁山智水花园一期 , 观澜",5室3厅,429.22平米,东,,上叠(共1层),2013年,板楼,4555 万,106123 元,0,,,VR房源,https://sz.lianjia.com/ershoufang/105115782900.html,VR房源,仁山智水，双拼别墅，花园400左右，钥匙在手,城建仁山智水花园位于鹭湖国际住枢地段，深圳市宝安区观澜街道环观南路北侧，东临富安路，南望观澜高新技术园，地处政府规划发展的观澜新区，小区由高层，洋房，上下叠加别墅，联排别墅组成， 毛坯交房 ，总共1445户，车位3150,配套完善；离小区七公里有观澜湖新城，观澜湖新城是观澜湖集团花费50亿打造的大型购物娱乐综合商城，距离观澜天虹商场2.5公里，距离鹭湖社康中 心800米。环观南路已开通有轨电车，接驳清湖地铁站,,,,暂无数据,2024-01-05,商品房,别墅,暂无数据,非共有,有抵押 1000万左右,挂牌时间:2024-01-05 | 交易权属:商品房 | 上次交易:暂无数据 | 房屋用途:别墅 | 房屋年限:暂无数据 | 产权所属:非共有 | 抵押信息:有抵押 1000万左右 | 房本备件:未上传房本照片,客厅 / 98.46平米 / 西南 东北 东南 / 普通窗 ; 餐厅 / 68.62平米 / 无 / 普通窗 ; 卧室A / 13.37平米 / 东北 / 落地窗 ; 卧室B / 13.18平米 / 东北 东南 / 落地窗 ; 卧室C / 17.76平米 / 西南 / 普通窗 ; 卧室D / 42.95平米 / 西南 / 落地窗 ; 厨房 / 6.67平米 / 无 / 普通窗 ; 卫生间A / 6.58平米 / 西北 / 普通窗 ; 卫生间B / 4.3平米 / 西北 / 普通窗 ; 卫生间C / 6.36平米 / 东北 / 普通窗 ; 卫生间D / 23.76平米 / 西南 东北 / 落地窗 ; 阳台 / 13.21平米 / 西南 东南 / 普通窗 ; 阳台A / 14.53平米 / 无 / 无窗 ; 阳台B / 115.2平米 / 西南 西北 东南 / 普通窗 ; 储物间A / 8.39平米 / 东北 / 普通窗 ; 储物间B / 27.61平米 / 西南 东南 / 普通窗 ; 电梯A / 3.25平米 / 无 / 无窗 ; 过道A / 24.23平米 / 无 / 无窗 ; 电梯B / 3.32平米 / 无 / 无窗 ; 过道B / 45.6平米 / 无 / 无窗 ; 电梯C / 3.46平米 / 无 / 无窗 ; 过道C / 18.22平米 / 东北 / 落地窗 ; 电梯D / 3.4平米 / 无 / 无窗 ; 电梯E / 3.25平米 / 无 / 无窗 ; 衣帽间A / 7.24平米 / 西南 / 落地窗 ; 衣帽间B / 13.19平米 / 东北 / 普通窗,
高使用率 精装自住 拎包入住 通透户型,"招商观园 , 观澜",3室2厅,86.79平米,南,精装,中楼层(共18层),2012年,塔楼,398 万,45858 元,6,,,VR房源,https://sz.lianjia.com/ershoufang/105116557358.html,VR房源,高使用率 精装自住 拎包入住 通透户型,招商观园二期共由1、2、3、5、8、9、10、11栋组成，户型面积区间140-180平方米，产品包括市场罕见的板楼复式、洋房产品和少量90平米的园景舒适大两房单，户户安静赏湖、观园，户型设计皆方正实用，户户3个以上阳台.面积阔绰实用,"小区门口有有轨电车高兴科技园西站或高新科技园站,小区自带幼儿园,侧面是鹭湖,以及小区门口是捷顺写字楼和宝能科技,三一重工",招商观园在环观南路(即观天大道)以北，梅观高速以东；邻梅观高速（已于2014年4月1日取消高速收费）、机荷高速，较近的公交站是观澜高新科技园、宝安高新技术园站，经过的路线有E4、772等。有轨电车高新科技园西站，高新园站，出行方便,,,暂无数据,2024-04-02,商品房,普通住宅,暂无数据,非共有,有抵押,挂牌时间:2024-04-02 | 交易权属:商品房 | 上次交易:暂无数据 | 房屋用途:普通住宅 | 房屋年限:暂无数据 | 产权所属:非共有 | 抵押信息:有抵押 | 房本备件:未上传房本照片,客厅 / 33.6平米 / 无 / 未知窗户类型 ; 卧室A / 17.85平米 / 无 / 未知窗户类型 ; 卧室B / 14.06平米 / 南 / 普通窗 ; 卧室C / 11.57平米 / 无 / 未知窗户类型 ; 卧室D / 8.25平米 / 北 / 落地窗 ; 厨房 / 6.65平米 / 南 / 普通窗 ; 卫生间A / 3.56平米 / 北 / 普通窗 ; 卫生间B / 6.19平米 / 北 / 落地窗 ; 阳台A / 3.83平米 / 西 东 南 / 普通窗 ; 阳台B / 8.37平米 / 西 / 落地窗 ; 过道 / 7.31平米 / 无 / 无窗 ; 衣帽间 / 3.33平米 / 无 / 无窗,
近地铁高楼层，配套完善，招商澜园精装修，安静宜学,"招商澜园 , 观澜",1室1厅,52.08平米,南,精装,高楼层(共25层),2010年,板塔结合,210 万,40323 元,5,,,VR房源 | 房本满五年,https://sz.lianjia.com/ershoufang/105114295467.html,VR房源 | 房本满五年,招商澜园南区，高层，安静视野好，精装修。,小区由招商局地产开发，国家一级物业资质的招商物业管理，小区部分为南北两区，由十三栋高层组成，低密度，是个纯居住的大社区，自带6000平的大花园，人车分流，很适合有老人和小孩的客户，小区自带幼儿园，有固定车位。,配套：观澜街道办 休闲区域：新世纪广场、观澜文化广场， 商场：设施天虹商场、比邻新天地，观澜河湿地公园距离小区近在咫尺。龙华区政府距离小区2公里，属于新区政府辐射范围内。项目：现聚集多家大品牌开发商在此拿地。如：万科 卓 越，阳基,小区门口就有公交站，途径的公交线众多，有轨电车在小区门口文澜站，直接到达清湖地铁口，竹村地铁口 800米，观澜大桥直接可以上机荷高速，多条公交线路到达罗湖，福田,,,2020-05-26,2023-07-20,商品房,普通住宅,满五年,非共有,有抵押 150万元 客户偿还,挂牌时间:2023-07-20 | 交易权属:商品房 | 上次交易:2020-05-26 | 房屋用途:普通住宅 | 房屋年限:满五年 | 产权所属:非共有 | 抵押信息:有抵押 150万元 客户偿还 | 房本备件:已上传房本照片,卧室 / 28.19平米 / 南 / 普通窗 ; 厨房 / 4.12平米 / 南 / 普通窗 ; 卫生间 / 3.55平米 / 南 / 普通窗 ; 阳台 / 6.22平米 / 南 / 普通窗,
地铁口 精装3房 朝南向 楼下商场 位置安静 看房方便,"深业泰然观澜玫瑰苑 , 观澜",3室2厅,88.07平米,南,精装,31层,2016年,板塔结合,319 万,36222 元,3,,,近地铁 | VR房源 | 房本满五年,https://sz.lianjia.com/ershoufang/105114726324.html,地铁 | VR房源 | 房本满五年,此房精装3房业主自己住 保养好 位置安静，近地铁四号线观澜站,小区为 综合体，以空中花园为分开住宅与商场。由深圳市国惠康国泰房地产开发有限公司开发，深业泰然（集团）有限公司控股，成立于1985年的深圳市属国有企业，注册资金8亿元，旗下拥有9家控股企业、2家参股企业资历雄厚,小区自带商 .业，隔壁还有百佳华商场，马路跨国天桥是观澜老街,"小区门距离有轨轨电车-新澜站100米,，接驳清湖地铁口直达福田，楼下就是公交站吉盛酒店大公交站台，另外5公里上龙观快速，4公里上珠三角环线高速，各种交通设施配套齐全，出行便利",,,2019-02-25,2023-09-06,商品房,普通住宅,满五年,非共有,有抵押 15万元 客户偿还,挂牌时间:2023-09-06 | 交易权属:商品房 | 上次交易:2019-02-25 | 房屋用途:普通住宅 | 房屋年限:满五年 | 产权所属:非共有 | 抵押信息:有抵押 15万元 客户偿还 | 房本备件:已上传房本照片,客厅 / 31.01平米 / 东 / 落地窗 ; 卧室A / 10.43平米 / 无 / 未知窗户类型 ; 卧室B / 6.2平米 / 无 / 未知窗户类型 ; 卧室C / 10.12平米 / 东 / 普通窗 ; 厨房 / 5.71平米 / 南 / 落地窗 ; 卫生间 / 2.55平米 / 西 / 普通窗 ; 阳台 / 6.39平米 / 北 东 南 / 普通窗,
地铁口4号线 长湖站 华盛峰荟89平4房 满五年税费少,"华盛观荟名庭 , 观澜",3室2厅,79.51平米,南,精装,高楼层(共32层),2018年,板塔结合,300 万,37732 元,6,,,近地铁 | VR看装修 | 房本满五年,https://sz.lianjia.com/ershoufang/105119369794.html,地铁 | VR看装修 | 房本满五年,地铁口4号线 长湖站 华盛峰荟89平4房 满五年税费少,,小区楼下观荟里墒业街，为盛抄市。医院：龙华中芯医院，深圳伟光医院，广东医学院附属观澜医院；其他：观澜人民公园，狮经公园，九龙山，观澜河。,,,,2017-05-15,2025-01-01,商品房,普通住宅,满五年,非共有,无抵押,挂牌时间:2025-01-01 | 交易权属:商品房 | 上次交易:2017-05-15 | 房屋用途:普通住宅 | 房屋年限:满五年 | 产权所属:非共有 | 抵押信息:无抵押 | 房本备件:已上传房本照片,客厅 / 23.91平米 / 南 / 普通窗 ; 卧室A / 5.61平米 / 东 / 普通窗 ; 卧室B / 12.58平米 / 无 / 未知窗户类型 ; 卧室C / 10.42平米 / 无 / 未知窗户类型 ; 厨房 / 4.58平米 / 南 / 普通窗 ; 卫生间 / 4.55平米 / 北 / 普通窗 ; 阳台 / 3.28平米 / 西 东 南 / 普通窗 ; 储物间 / 2.13平米 / 无 / 无窗,
地铁口，高楼层，东南朝向，配套齐全,"合正观澜汇二期 , 观澜",3室2厅,96.28平米,东南,精装,29层,2023年,板塔结合,460 万,47778 元,0,,,近地铁 | VR房源,https://sz.lianjia.com/ershoufang/105119037927.html,地铁 | VR房源,地铁口物业 两年次新房  东南朝向 高楼层视野开阔,小区由6栋32层的住宅组一个围合式的花园，楼间距宽敞。花园游泳池，有儿童乐园，环形跑道。,楼下就是深圳第二大天虹商场，是集休闲娱乐、餐饮、购物为一体的综合商场，生活很方便，自带幼儿园。,200米到4号线茜坑地铁站，去龙华福田南山很方便。楼下有公交站。,,,2020-12-05,2024-11-27,商品房,普通住宅,暂无数据,非共有,有抵押,挂牌时间:2024-11-27 | 交易权属:商品房 | 上次交易:2020-12-05 | 房屋用途:普通住宅 | 房屋年限:暂无数据 | 产权所属:非共有 | 抵押信息:有抵押 | 房本备件:已上传房本照片,客厅 / 25.67平米 / 东 / 普通窗 ; 卧室A / 12.91平米 / 无 / 未知窗户类型 ; 卧室B / 6.66平米 / 无 / 未知窗户类型 ; 卧室C / 10.64平米 / 无 / 未知窗户类型 ; 厨房 / 4.77平米 / 北 / 普通窗 ; 卫生间A / 3.89平米 / 北 / 普通窗 ; 卫生间B / 4.05平米 / 西 / 普通窗 ; 阳台 / 4.93平米 / 北 东 / 普通窗 ; 过道 / 3.02平米 / 无 / 无窗,
4号线地铁口精装3房 保养好视野 配套齐全业主诚心出售,"华盛观荟名庭 , 观澜",3室1厅,79.51平米,东南,简装,高楼层(共32层),2018年,板塔结合,350 万,44020 元,0,,,近地铁 | VR看装修 | 房本满五年,https://sz.lianjia.com/ershoufang/105119865600.html,地铁 | VR看装修 | 房本满五年,楼间距宽敞，高楼层通风采光好视野开阔，满五唯一,,步行即到：外国语公立、4号线地铁、农贸菜市场、商市、医院，适合住家。,,,,2019-11-20,2025-02-28,商品房,普通住宅,满五年,非共有,有抵押 260万元 招商银行 业主自还,挂牌时间:2025-02-28 | 交易权属:商品房 | 上次交易:2019-11-20 | 房屋用途:普通住宅 | 房屋年限:满五年 | 产权所属:非共有 | 抵押信息:有抵押 260万元 招商银行 业主自还 | 房本备件:已上传房本照片,客厅 / 23.61平米 / 西南 / 普通窗 ; 卧室A / 5.43平米 / 西北 / 普通窗 ; 卧室B / 12.05平米 / 无 / 未知窗户类型 ; 卧室C / 10.27平米 / 无 / 未知窗户类型 ; 厨房 / 6.42平米 / 无 / 未知窗户类型 ; 卫生间 / 4.55平米 / 东北 / 普通窗 ; 阳台 / 3.84平米 / 西南 西北 东南 / 普通窗,
招商澜园南区单证、正南向、看花园户型、带车位、龙外,"招商澜园 , 观澜",3室2厅,88.83平米,南,精装,中楼层(共17层),2010年,板塔结合,381 万,42891 元,1,,,近地铁 | VR看装修,https://sz.lianjia.com/ershoufang/105119130535.html,地铁 | VR看装修,房子装修保养好、朝正南向、看花园、带车位、安静位置,招商澜园位于深圳市宝安区观澜街道大和路与环观南路交汇处，地处政府规划发展的观澜新中间区，并成为深圳新的城市象征。低密度的大型高尚社区，小区拥有1500㎡会所、约6000㎡花园、泳池、自带幼儿园：小蜜蜂幼儿园 后面湿地公园,公建配套：观澜街道办 休闲区域：新世纪广场、观澜文化广场， 商场：设施天虹商场、比邻新天地，观澜河湿地公园距离小区近在咫尺。龙华区政府距离小区2公里，属于新区政府辐射范围内。项目：现聚集多家大品牌开发商在此拿地。如：万科 卓 越，阳基,小区门口就有公交站，途径的公交线众多，有轨电车在小区门口文澜站，直接到达清湖地铁口，竹村地铁口 800米，观澜大桥直接可以上机荷高速，多条公交线路到达罗湖，福田,,,暂无数据,2024-12-06,商品房,普通住宅,暂无数据,非共有,有抵押,挂牌时间:2024-12-06 | 交易权属:商品房 | 上次交易:暂无数据 | 房屋用途:普通住宅 | 房屋年限:暂无数据 | 产权所属:非共有 | 抵押信息:有抵押 | 房本备件:未上传房本照片,客厅 / 31.01平米 / 南 / 普通窗 ; 卧室A / 7.62平米 / 西 / 落地窗 ; 卧室B / 11.59平米 / 无 / 未知窗户类型 ; 卧室C / 11.94平米 / 无 / 未知窗户类型 ; 厨房 / 4.5平米 / 无 / 无窗 ; 卫生间 / 3.85平米 / 无 / 无窗 ; 阳台 / 5.19平米 / 南 / 普通窗 ; 过道 / 4.24平米 / 无 / 无窗,
招商观园4-1-1-2 161.12m,"招商观园 , 观澜",4室1厅,161.12平米,南,,低楼层(共18层),2012年,塔楼,730 万,45308 元,3,,,VR房源 | 房本满五年,https://sz.lianjia.com/ershoufang/105119795340.html,VR房源 | 房本满五年,高使用率 精装自住 拎包入住 通透户型,招商观园地块位于深圳市宝安区观澜街道环观南路北侧，与观澜高新技术园区隔路相望，邻进梅观高速、机荷高速，占地147595.156平方米，招商观园2期将近期推出全新升级力作中.央园林湖景单位，主力产品为140-180㎡大户型和少量89平,南面是高兴科技园，北面是横坑滨水公园，税务局（1000米百度地图 观湖中 心公园（737米百度地图 医疗龙华医院（4600米百度地图测距龙华综合医院在建中3100米百度地图测距新科技园社区健康服务商场楼下佳又惠百货医院天虹（2400米百度地图测距,公交线路：公交（观澜高新园站）M567、M264、313、E4路等，出小区约50米 有轨电车站台（电车接驳地铁4号线清湖地铁口），高速公路：机荷高速公路、梅观高速公路，交通方便。,,,2012-07-17,2025-02-22,商品房,普通住宅,满五年,非共有,有抵押,挂牌时间:2025-02-22 | 交易权属:商品房 | 上次交易:2012-07-17 | 房屋用途:普通住宅 | 房屋年限:满五年 | 产权所属:非共有 | 抵押信息:有抵押 | 房本备件:已上传房本照片,客厅 / 33.67平米 / 北 / 普通窗 ; 卧室A / 8.74平米 / 北 / 落地窗 ; 卧室B / 20.1平米 / 北 东 / 普通窗 ; 卧室C / 13.12平米 / 南 / 落地窗 ; 卧室D / 11.71平米 / 无 / 未知窗户类型 ; 厨房 / 8.83平米 / 东 / 落地窗 ; 洗手间 / 2.48平米 / 无 / 无窗 ; 卫生间A / 7.7平米 / 无 / 未知窗户类型 ; 卫生间B / 3.56平米 / 南 / 普通窗 ; 阳台A / 13.59平米 / 北 东 / 普通窗 ; 阳台B / 5.97平米 / 西 北 东 / 普通窗 ; 储物间A / 2.59平米 / 无 / 无窗 ; 储物间B / 4.94平米 / 东 南 / 落地窗 ; 过道 / 7.57平米 / 无 / 无窗 ; 门厅 / 8.9平米 / 无 / 无窗 ; 衣帽间 / 7.66平米 / 无 / 无窗,
业主诚心出售，高层朝南采光通风佳,"华盛观荟名庭 , 观澜",4室2厅,89.27平米,东南,精装,高楼层(共32层),2016年,板塔结合,392 万,43912 元,1,,,近地铁 | VR房源 | 房本满五年 | 随时看房,https://sz.lianjia.com/ershoufang/105113784420.html,地铁 | VR房源 | 房本满五年 | 随时看房,房子满五唯一，业主诚心出售，高楼层，采光通风好,小区分两期开发，一期由公寓和住宅，二期三栋住宅。小区一期楼下是商 业，三楼是空中花园，三楼以上是住宅，一共有二栋一栋是公寓二栋是住宅，二期的小户型是2018年下半年才精装交房，次新房，居住舒适，二期自带泳池和园林,楼下就是大润发购物广场，以及天虹、人人乐，比邻新天地医院：观澜人民医院 深圳市龙华新区慢性病防治.观澜医院竹村社区健康服务邮局：中国邮政 中国邮政 观澜邮政局银行：中国建设银行，深圳市农村商.业银行。中国农业银行等，以及格兰云天酒店,福民影剧院;M337路M464路， 1经泗黎路与观光路，3个红绿灯到达梅观高速，梅观高速快速到达福田区； 2．通过观澜大道转机荷高速，可快速到达龙岗，宝安机场等等,,,2017-05-04,2023-05-25,商品房,普通住宅,满五年,非共有,有抵押 220万元,挂牌时间:2023-05-25 | 交易权属:商品房 | 上次交易:2017-05-04 | 房屋用途:普通住宅 | 房屋年限:满五年 | 产权所属:非共有 | 抵押信息:有抵押 220万元 | 房本备件:已上传房本照片,客厅 / 23.38平米 / 无 / 无窗 ; 卧室A / 13.36平米 / 无 / 未知窗户类型 ; 卧室B / 10.34平米 / 无 / 未知窗户类型 ; 卧室C / 5.76平米 / 无 / 普通窗 ; 厨房 / 4.19平米 / 无 / 普通窗 ; 卫生间A / 4.46平米 / 无 / 普通窗 ; 卫生间B / 4.1平米 / 无 / 普通窗 ; 阳台 / 4.7平米 / 无 / 无窗 ; 储物间 / 5.1平米 / 无 / 无窗 ; 过道 / 3.14平米 / 无 / 无窗,
精装3房2卫 中间楼层 户型方正 格局好 干净整洁漂亮,"珑门二期 , 观澜",3室2厅,82.64平米,东南,精装,中楼层(共33层),2018年,板塔结合,340 万,41143 元,1,,,VR房源 | 随时看房,https://sz.lianjia.com/ershoufang/105112269225.html,VR房源 | 随时看房,刚需置业3房，中间楼层，格局好，小区为全封闭式社区，干净整洁,小区为全封闭式社区，人车分流地下3层停车场车位1:1.1，全智能社区刷卡到户，智能可视对讲系统，24小时安保及监控安全放心；小区为3梯6户公用部分宽敞舒适；小区临校背靠体育公园；2公里可到花仙谷生态园和绿色跑道，整体适合居家！,,门口E巴士和高快24等上下班快线高速直达福田/罗湖； 2公里4个红绿灯可上梅观高速和龙观快速！,,,暂无数据,2022-12-13,商品房,普通住宅,暂无数据,非共有,有抵押 100万元 业主自还,挂牌时间:2022-12-13 | 交易权属:商品房 | 上次交易:暂无数据 | 房屋用途:普通住宅 | 房屋年限:暂无数据 | 产权所属:非共有 | 抵押信息:有抵押 100万元 业主自还 | 房本备件:未上传房本照片,客厅 / 22.49平米 / 无 / 未知窗户类型 ; 卧室A / 5.65平米 / 北 东 / 落地窗 ; 卧室B / 12.07平米 / 无 / 未知窗户类型 ; 卧室C / 8.88平米 / 无 / 未知窗户类型 ; 厨房 / 5.65平米 / 北 东 / 落地窗 ; 卫生间A / 3平米 / 北 / 普通窗 ; 卫生间B / 3.79平米 / 东 南 / 落地窗 ; 阳台 / 1.5平米 / 西 东 南 / 普通窗 ; 过道 / 2.89平米 / 无 / 无窗,
精装方正三房，满五唯一，离地铁近,"陶润懿峰 , 观澜",3室2厅,74.24平米,南,精装,高楼层(共32层),2016年,板塔结合,340 万,45798 元,2,,,近地铁 | VR房源,https://sz.lianjia.com/ershoufang/105114909369.html,地铁 | VR房源,此房满5唯一税费少，精装3房，地铁4号线朝南采光好通风好。,2016年3月左右，精装交楼小区很新，观澜河湿地公园就在小区旁边车库出入口有新建一个公园，环境优美，居民都喜欢在河边散步，龙华区政府就在小区北面，,观澜天虹，福城天虹。医院：龙华观澜医院，新建有一个观澜综合人民医院，银行：中国邮政大河支局，中国银行，工商银行，招商银行农业银行，建设银行，休闲娱乐：人民公园，新世纪广场，湿地公园,小区门口就有公交站，途经的公交线众多，多条线路到达福田，罗湖。正大门左边有轨道电车在小区门口，文澜站直到清湖地铁口，观澜大桥可以直接上济河高速，正大门右边700米竹村地铁口。,,,暂无数据,2023-09-26,商品房,普通住宅,暂无数据,非共有,无抵押,挂牌时间:2023-09-26 | 交易权属:商品房 | 上次交易:暂无数据 | 房屋用途:普通住宅 | 房屋年限:暂无数据 | 产权所属:非共有 | 抵押信息:无抵押 | 房本备件:未上传房本照片,客厅 / 26.47平米 / 南 / 普通窗 ; 卧室A / 10.26平米 / 无 / 未知窗户类型 ; 卧室B / 9.03平米 / 西 / 落地窗 ; 卧室C / 6平米 / 无 / 未知窗户类型 ; 厨房 / 4.57平米 / 无 / 未知窗户类型 ; 卫生间 / 2.6平米 / 西 / 普通窗 ; 阳台 / 4.11平米 / 南 / 普通窗,
采光通风良好 看一线高尔夫球场 景观好,"观澜湖赛维纳 , 观澜",1室1厅,63.52平米,北,精装,低楼层(共9层),2003年,板楼,145 万,22828 元,0,,,VR看装修,https://sz.lianjia.com/ershoufang/105118941247.html,VR看装修,观澜湖精装修住宅 一线高尔夫景观 满五唯一 保养好 采光充足,观澜湖已经形成国际高尔夫别墅住区，把背景相同、事业有成的人士聚集在一起，创造出生活与事业的平台。在10多平方公里的绿色王国上，建筑覆盖率不到1%，属于纯粹的高尔夫球场中/央物业，完全被球道环/绕，从住宅的任何一个角度，都可以观赏到绿色的景观,小区南门50亿观澜湖新城，观澜湖生态体育公园，观澜天虹商场，兴万达商场等，龙华人民医/院，塘厦人民医/院，小区内有会所/游泳池/健身房/高尔夫业主练习场/穿梭巴士等免费使用,园区内有免费巴士接，多条公交直达，高尔夫大道，观光路，观澜大道，观平路等城市主干道环-绕，梅观高速观澜出口2公里，地铁4号线（观澜湖新城站）已开通，观澜湖免费班车随时出行！,,,暂无数据,2024-11-17,商品房,普通住宅,暂无数据,非共有,有抵押,挂牌时间:2024-11-17 | 交易权属:商品房 | 上次交易:暂无数据 | 房屋用途:普通住宅 | 房屋年限:暂无数据 | 产权所属:非共有 | 抵押信息:有抵押 | 房本备件:未上传房本照片,,
餐客分离南北通，装修保养好。中高层,"合正观澜汇二期 , 观澜",3室2厅,96.06平米,南,精装,32层,2023年,板塔结合,410 万,42682 元,3,,,近地铁 | VR看装修,https://sz.lianjia.com/ershoufang/105120412141.html,地铁 | VR看装修,房子上车门槛低，户型通透装修保养好品牌开发商和物业,小区环境优美，绿化高，带儿童乐园，泳池和环形跑道。地下车库，车位充足楼间距宽阔，低密度，楼道宽敞明亮，入户大唐开阔,,"楼下四号线茜坑地铁口，接驳深圳北站，直达福田
观澜大道接驳珠三角环线高速，沈海高速，机荷高速。",房子属于普通住宅。购房税费低。只有契税和工本费。不需要赎楼费用。,,暂无数据,2025-04-15,商品房,普通住宅,暂无数据,非共有,有抵押 350万元 业主自还,挂牌时间:2025-04-15 | 交易权属:商品房 | 上次交易:暂无数据 | 房屋用途:普通住宅 | 房屋年限:暂无数据 | 产权所属:非共有 | 抵押信息:有抵押 350万元 业主自还 | 房本备件:未上传房本照片,客厅 / 20.43平米 / 北 南 / 落地窗 ; 卧室A / 8.52平米 / 无 / 未知窗户类型 ; 卧室B / 13.68平米 / 无 / 未知窗户类型 ; 卧室C / 7.6平米 / 无 / 未知窗户类型 ; 厨房 / 5.4平米 / 南 / 普通窗 ; 卫生间A / 5.32平米 / 无 / 未知窗户类型 ; 卫生间B / 4.61平米 / 南 / 普通窗 ; 阳台 / 4.45平米 / 北 东 / 普通窗 ; 过道A / 3.27平米 / 无 / 无窗 ; 过道B / 3.11平米 / 无 / 无窗,
上叠别墅，基本没住过，端头位东南向，实用面积高。,"城建仁山智水花园二期 , 观澜",6室3厅,194.69平米,南,,中楼层(共4层),2013年,板塔结合,1600 万,82182 元,1,,,VR房源 | 房本满五年,https://sz.lianjia.com/ershoufang/105120352081.html,VR房源 | 房本满五年,全新装修，基本没住，端头位，三面采光，品牌家私，拎包入住。,城建仁山智水花园位于鹭湖国际住枢地段，深圳市宝安区观澜街道环观南路北侧，东临富安路，南望观澜高新技术园，地处政府规划发展的观澜新区，小区由高层，洋房，上下叠加别墅，联排别墅组成， 毛坯交房 ，总共1445户，车位3150个。,商场：天虹商场、观澜湖新城，格兰郡购物街：观澜人民医院，邮局：中国邮政银行：工商银行、农业银行其他：陶贞源酒店、樟坑径市场、观澜高尔夫球会、山水田园、乡村俱乐部等,,,,2019-02-22,2025-04-10,商品房,普通住宅,满五年,非共有,有抵押 50万元,挂牌时间:2025-04-10 | 交易权属:商品房 | 上次交易:2019-02-22 | 房屋用途:普通住宅 | 房屋年限:满五年 | 产权所属:非共有 | 抵押信息:有抵押 50万元 | 房本备件:已上传房本照片,客厅 / 64.67平米 / 无 / 落地窗 ; 书房 / 9.13平米 / 无 / 落地窗 ; 卧室A / 14.39平米 / 无 / 未知窗户类型 ; 卧室B / 24.66平米 / 无 / 落地窗 ; 卧室C / 27.28平米 / 无 / 无窗 ; 卧室D / 17.44平米 / 无 / 未知窗户类型 ; 卧室E / 10.86平米 / 无 / 未知窗户类型 ; 厨房 / 8.88平米 / 无 / 普通窗 ; 卫生间A / 5.13平米 / 无 / 普通窗 ; 卫生间B / 6.92平米 / 无 / 普通窗 ; 卫C / 2.86平米 / 无 / 普通窗 ; 卫D / 2.39平米 / 西南 东北 / 普通窗 ; 阳台A / 13.45平米 / 无 / 普通窗 ; 阳台B / 8.99平米 / 西北 东北 东南 / 普通窗 ; 阁楼 / 31.79平米 / 无 / 落地窗 ; 过道A / 22.24平米 / 无 / 落地窗 ; 过道B / 22.95平米 / 东南 / 落地窗 ; 衣帽间 / 9.67平米 / 无 / 普通窗,
低密度小区，满五唯一好房，正朝南朝向，看房方便,"格澜郡二期 , 观澜",4室1厅,119.2平米,南,精装,中楼层(共11层),2007年,板塔结合,449 万,37668 元,2,,,近地铁 | VR看装修,https://sz.lianjia.com/ershoufang/105119881349.html,地铁 | VR看装修,房子满五唯一，税费少，视野开阔，业主诚意急卖,小区由中航开发，由30多栋小高层住宅组成，主力户型为70平至140平三房和143平至175平四房，小区有游泳池，人车分流。,观澜世纪广场，观澜河湿地走廊，观澜天虹商场，格澜郡步行街，福城天虹商场，格兰云天酒店龙华区政府。,有轨电车世纪广场站地铁茜坑站，公交车，观澜天虹站格澜郡站，沈海高速龙华北入口梅观高速观澜入口,,,暂无数据,2025-03-01,商品房,普通住宅,暂无数据,共有,无抵押,挂牌时间:2025-03-01 | 交易权属:商品房 | 上次交易:暂无数据 | 房屋用途:普通住宅 | 房屋年限:暂无数据 | 产权所属:共有 | 抵押信息:无抵押 | 房本备件:未上传房本照片,客厅 / 41.38平米 / 无 / 未知窗户类型 ; 卧室A / 9.11平米 / 无 / 无窗 ; 卧室B / 9.71平米 / 西 东南 / 落地窗 ; 卧室C / 15.77平米 / 无 / 未知窗户类型 ; 卧室D / 14.85平米 / 无 / 未知窗户类型 ; 厨房 / 5.19平米 / 东北 / 普通窗 ; 卫生间A / 4.04平米 / 西北 / 普通窗 ; 卫生间B / 3.71平米 / 西南 / 普通窗 ; 阳台 / 3.35平米 / 西北 东北 东南 / 普通窗 ; 过道 / 4.23平米 / 无 / 无窗,
两房一卫东南朝向风景好保养如新,"爱心家园 , 观澜",2室2厅,65.39平米,东南,精装,低楼层(共27层),,板塔结合,180 万,27528 元,1,,,VR房源,https://sz.lianjia.com/ershoufang/105120930334.html,VR房源,东南朝向通风，采光充足视野好，在建职业院校，地铁22号线；,,在建的地铁22号线，以及职业院校，上接东莞，下启深圳，交通便利。,,,,暂无数据,2025-06-02,商品房,普通住宅,暂无数据,非共有,无抵押,挂牌时间:2025-06-02 | 交易权属:商品房 | 上次交易:暂无数据 | 房屋用途:普通住宅 | 房屋年限:暂无数据 | 产权所属:非共有 | 抵押信息:无抵押 | 房本备件:未上传房本照片,客厅 / 20.76平米 / 西北 / 普通窗 ; 卧室A / 9.37平米 / 无 / 未知窗户类型 ; 卧室B / 6.6平米 / 无 / 未知窗户类型 ; 厨房 / 3.63平米 / 无 / 无窗 ; 卫生间 / 2.63平米 / 无 / 未知窗户类型 ; 阳台 / 3.89平米 / 西南 西北 / 普通窗 ; 过道 / 1.29平米 / 无 / 无窗 ; 门厅 / 7.57平米 / 西南 / 落地窗,
龙华区 精装别墅 自带车位 业主诚心 看房方便,"懿花园 , 观澜",4室2厅,181.62平米,西南 北,,1层,2014年,板楼,1190 万,65522 元,1,,,VR房源 | 随时看房,https://sz.lianjia.com/ershoufang/105110404282.html,VR房源 | 随时看房,房子产权清晰，业主重新装修过，位置好，通风采光好。,预计2014年3月入住 规划面积：85184.0平方米 建筑面积：205006.0平方米 开发商：和记黄埔地产（深圳）有限公司 物业费：花园洋房物业费3.8元/平方米*月、别墅单位物业费4.2元/平方米*月,天虹商场。休闲娱乐：横坑水库绿道。银行邮政：平安银行、建设银行。医疗：鹭湖社康。,"项目位于环观南路(即观天大道)以北，梅观高速以东；梅观高速、机荷高速；公交站点：观澜高新园-公交车站：e4路, m226路, m264路, m289路, m342路, 高峰专线51路, 机场4线招商观园-公交车站：m342路, 高峰专线51路宝德科技-公交车站：b73.",,,2025-03-27,2022-04-28,商品房,普通住宅,未满两年,非共有,有抵押,挂牌时间:2022-04-28 | 交易权属:商品房 | 上次交易:2025-03-27 | 房屋用途:普通住宅 | 房屋年限:未满两年 | 产权所属:非共有 | 抵押信息:有抵押 | 房本备件:已上传房本照片,客厅 / 48.57平米 / 无 / 无窗 ; 卧室A / 14.36平米 / 无 / 未知窗户类型 ; 卧室B / 22.02平米 / 西南 东南 / 普通窗 ; 卧室C / 16.4平米 / 无 / 普通窗 ; 卧室D / 25.34平米 / 无 / 普通窗 ; 厨房 / 8.73平米 / 东北 / 普通窗 ; 卫生间A / 3.18平米 / 东北 / 普通窗 ; 卫生间B / 3.67平米 / 东北 / 普通窗 ; 卫生间C / 4.81平米 / 西南 / 普通窗 ; 卫生间D / 7.24平米 / 无 / 无窗 ; 阳台A / 4.74平米 / 无 / 普通窗 ; 阳台B / 3.93平米 / 无 / 普通窗 ; 露台 / 52.24平米 / 西南 西北 东北 东南 / 普通窗 ; 楼梯间 / 3.73平米 / 无 / 无窗 ; 过道A / 7.95平米 / 无 / 无窗 ; 过道B / 7.98平米 / 无 / 无窗,
招商观园 4室2厅 南 北,"招商观园 , 观澜",4室2厅,140.08平米,南 北,,中楼层(共18层),2012年,塔楼,555 万,39621 元,1,,,VR看装修,https://sz.lianjia.com/ershoufang/105120355389.html,VR看装修,,,,,,,暂无数据,2025-04-10,商品房,普通住宅,暂无数据,非共有,有抵押,挂牌时间:2025-04-10 | 交易权属:商品房 | 上次交易:暂无数据 | 房屋用途:普通住宅 | 房屋年限:暂无数据 | 产权所属:非共有 | 抵押信息:有抵押 | 房本备件:未上传房本照片,客厅 / 31.71平米 / 西 / 普通窗 ; 卧室A / 7.59平米 / 西 / 落地窗 ; 卧室B / 15.9平米 / 西 / 普通窗 ; 卧室C / 16.11平米 / 无 / 未知窗户类型 ; 卧室D / 10.14平米 / 东 / 落地窗 ; 厨房 / 6.1平米 / 东 / 普通窗 ; 卫生间A / 3.86平米 / 西 / 落地窗 ; 卫生间B / 3.3平米 / 西 / 普通窗 ; 阳台A / 5.17平米 / 西 北 / 普通窗 ; 阳台B / 4.5平米 / 西 北 南 / 普通窗 ; 阳台C / 2.9平米 / 北 东 南 / 落地窗 ; 储物间 / 8.49平米 / 北 / 落地窗 ; 过道 / 9.97平米 / 无 / 无窗 ; 衣帽间 / 3.61平米 / 无 / 无窗,
金地鹭湖1号 3室2厅 西南,"金地鹭湖1号 , 观澜",3室2厅,89.54平米,西南,精装,高楼层(共16层),2015年,塔楼,435 万,48582 元,0,,,VR房源,https://sz.lianjia.com/ershoufang/105121178071.html,VR房源,,,,,,,暂无数据,2025-06-22,商品房,普通住宅,暂无数据,非共有,无抵押,挂牌时间:2025-06-22 | 交易权属:商品房 | 上次交易:暂无数据 | 房屋用途:普通住宅 | 房屋年限:暂无数据 | 产权所属:非共有 | 抵押信息:无抵押 | 房本备件:未上传房本照片,客厅 / 26.49平米 / 南 / 普通窗 ; 卧室A / 8.11平米 / 无 / 未知窗户类型 ; 卧室B / 12.83平米 / 无 / 未知窗户类型 ; 卧室C / 10.73平米 / 南 / 落地窗 ; 厨房 / 4.93平米 / 西 / 普通窗 ; 卫生间A / 4.43平米 / 无 / 未知窗户类型 ; 卫生间B / 3.18平米 / 西 / 普通窗 ; 阳台 / 3.15平米 / 东 南 / 普通窗 ; 过道 / 2.91平米 / 无 / 无窗,
高楼层，朝南向，安静位置，满五唯一，综合条件好,"金地鹭湖1号 , 观澜",3室1厅,88.93平米,南,精装,高楼层(共16层),2015年,塔楼,450 万,50602 元,0,,,VR看装修,https://sz.lianjia.com/ershoufang/105121859555.html,VR看装修,高楼层，朝南向，安静位置，满五唯一，入住时间短，综合条件好,鹭湖1号总共分两期，共11栋。位于龙华区观澜街道梅观高速与环观南路交汇处;鹭湖国际住区项目主打户型产品：建面89㎡三房。还有少量137平和190平复式。 项目占地面积约91197.68平方米，总建筑面积约164150平方米. 小区环境优美，依山傍水，空气质量好.,,公交线路：公交（宝安高新科技园、观澜高新科技园）794、627、663、668、866，517.264.921路等 高速公路：机荷高速公路、梅观高速公路。有轨电车高新区站距离小区300米。出行便利,,,暂无数据,2025-08-20,商品房,普通住宅,暂无数据,非共有,无抵押,挂牌时间:2025-08-20 | 交易权属:商品房 | 上次交易:暂无数据 | 房屋用途:普通住宅 | 房屋年限:暂无数据 | 产权所属:非共有 | 抵押信息:无抵押 | 房本备件:未上传房本照片,,
鹭湖壹号业主自住装修三房两卫业主诚心出售,"金地鹭湖1号 , 观澜",3室2厅,89平米,南 北,,16层,2015年,塔楼,370 万,41574 元,0,,,VR看装修,https://sz.lianjia.com/ershoufang/105121641363.html,VR看装修,此房满五年，户型方正，住家装修品质好，安静位置。,鹭湖1号总共分两期，共11栋。位于龙华区观澜街道梅观高速与环观南路交汇处;鹭湖国际住区项目主打户型产品:建面89㎡三房。还有少量137平和190平复式。项目占地面积约91197.68平方米，总建筑面积约164150平方米.小区环境优美，依山傍水，空气质量好.,,,,,暂无数据,2025-08-01,商品房,普通住宅,暂无数据,非共有,有抵押,挂牌时间:2025-08-01 | 交易权属:商品房 | 上次交易:暂无数据 | 房屋用途:普通住宅 | 房屋年限:暂无数据 | 产权所属:非共有 | 抵押信息:有抵押 | 房本备件:未上传房本照片,,
仁山智水 叠拼别墅 端头位置 朝东南 视野好 业主诚意,"城建仁山智水花园二期 , 观澜",5室2厅,219平米,东北,,下叠(共6层),,板塔结合,1400 万,63927 元,1,,,VR房源,https://sz.lianjia.com/ershoufang/105118211056.html,VR房源,此房满五年，原始格局，毛坯，价格还可以沟通,仁山智水由深圳市城市建设开发公司开发，小区占地近20平，总建筑面积为557584.63㎡，住宅282053.6㎡，商铺5860㎡，幼儿园3500.08㎡，建筑主体包括95栋住宅楼，其中有83栋低多层住宅及8栋高层和4栋高层，住宅共1445户，车位3158个,,公交线路：公交（观澜高新园站）M567、M264、313、E4路等，出小区约100有轨电车站台（电车接驳地铁4号线清湖地铁口），高速公路：机荷高速公路、梅观高速公路，交通方便,,,暂无数据,2024-09-07,商品房,别墅,暂无数据,非共有,无抵押,挂牌时间:2024-09-07 | 交易权属:商品房 | 上次交易:暂无数据 | 房屋用途:别墅 | 房屋年限:暂无数据 | 产权所属:非共有 | 抵押信息:无抵押 | 房本备件:未上传房本照片,客厅 / 27.34平米 / 东 / 普通窗 ; 餐厅 / 26.51平米 / 西 北 南 / 落地窗 ; 卧室A / 13.44平米 / 西 / 普通窗 ; 卧室B / 9.76平米 / 西 / 普通窗 ; 卧室C / 20.97平米 / 西 东 / 普通窗 ; 厨房 / 7.25平米 / 北 / 普通窗 ; 卫生间A / 6.24平米 / 无 / 未知窗户类型 ; 卫生间B / 5.19平米 / 无 / 未知窗户类型 ; 卫生间C / 4.95平米 / 东 / 普通窗 ; 阳台A / 4.04平米 / 北 / 普通窗 ; 阳台B / 11.94平米 / 北 东 / 普通窗 ; 阳台C / 11.55平米 / 西 北 / 普通窗 ; 阳台D / 4.08平米 / 北 东 / 普通窗 ; 过道 / 23.78平米 / 北 南 / 落地窗 ; 衣帽间 / 4.76平米 / 无 / 无窗,
观澜汇二期东南朝向自住全屋定制装修，门口天虹商场,"合正观澜汇二期 , 观澜",3室2厅,97.38平米,东南,精装,31层,2023年,,430 万,44157 元,0,,,近地铁 | VR房源,https://sz.lianjia.com/ershoufang/105121870795.html,地铁 | VR房源,全屋定制升级装修，保养好，可以拎包入住。东南朝向位置安静。,,,,,房子是只有契税，个人产权，红本在手，没有欠款，交易流程快。。,2021-01-27,2025-08-21,商品房,普通住宅,暂无数据,非共有,无抵押,挂牌时间:2025-08-21 | 交易权属:商品房 | 上次交易:2021-01-27 | 房屋用途:普通住宅 | 房屋年限:暂无数据 | 产权所属:非共有 | 抵押信息:无抵押 | 房本备件:已上传房本照片,客厅 / 25.6平米 / 东南 / 落地窗 ; 卧室A / 6.88平米 / 无 / 未知窗户类型 ; 卧室B / 12.89平米 / 无 / 未知窗户类型 ; 卧室C / 10.66平米 / 无 / 未知窗户类型 ; 厨房 / 4.56平米 / 东北 / 普通窗 ; 卫生间A / 4.26平米 / 西北 / 普通窗 ; 卫生间B / 3.83平米 / 东北 / 普通窗 ; 阳台 / 4.56平米 / 东 东北 东南 / 落地窗 ; 过道 / 3.05平米 / 无 / 无窗,
仁山智水 精装大四房 业主换房急卖 价格可谈 看房方便,"城建仁山智水花园一期 , 观澜",4室1厅,144平米,南,精装,中楼层(共22层),2015年,塔楼,930 万,64584 元,1,,,VR房源,https://sz.lianjia.com/ershoufang/105117305864.html,VR房源,房子满五唯一 税费少 三面全采光 使用面积达到150平,仁山智水由深圳市城市建设开发公司开发，小区占地近20平，总建筑面积为557584.63㎡，住宅282053.6㎡，商铺5860㎡，幼儿园3500.08㎡，建筑主体包括95栋住宅楼，其中有83栋低多层住宅及8栋高层和4栋高层，住宅共1445户，车位3158个,,公交线路：公交（观澜高新园站）M567、M264、313、E4路等，出小区约100有轨电车站台（电车接驳地铁4号线清湖地铁口），高速公路：机荷高速公路、梅观高速公路，交通方便。,,,暂无数据,2024-06-16,商品房,普通住宅,暂无数据,非共有,无抵押,挂牌时间:2024-06-16 | 交易权属:商品房 | 上次交易:暂无数据 | 房屋用途:普通住宅 | 房屋年限:暂无数据 | 产权所属:非共有 | 抵押信息:无抵押 | 房本备件:未上传房本照片,客厅 / 34.51平米 / 西北 / 普通窗 ; 卧室A / 10.43平米 / 西北 / 落地窗 ; 卧室B / 14.32平米 / 无 / 未知窗户类型 ; 卧室C / 18.72平米 / 无 / 未知窗户类型 ; 厨房 / 10.04平米 / 东南 / 普通窗 ; 卫生间A / 3.68平米 / 西北 / 普通窗 ; 卫生间B / 5.79平米 / 西北 / 普通窗 ; 阳台A / 8.33平米 / 西南 西北 东北 / 普通窗 ; 阳台B / 6.54平米 / 无 / 无窗 ; 储物间 / 15.1平米 / 无 / 无窗 ; 过道 / 6.82平米 / 无 / 无窗 ; 门厅 / 7.27平米 / 无 / 无窗,
90双层灵动空间买一层享两层 空间翻倍,"美佳华首誉 , 观澜",2室2厅,90平米,东南,精装,高楼层(共28层),2013年,板塔结合,347 万,38556 元,0,,,近地铁 | VR房源,https://sz.lianjia.com/ershoufang/105121653587.html,地铁 | VR房源,90双层灵动空间买一层享两层租金空间翻倍,"品牌开发商：美佳华集团打造，品质物业保障，社区维护度高。

低密宜居：绿化35%，闹中取静，居住舒适性优于普通公寓。

配套完善：自带购物综合体，下楼即享购物、餐饮、娱乐一站式服务。

独立产权：70年产权公寓（民水民电），远高商办类产品。",,"4号线（观澜湖站）步行约800米，30MIN直达深圳北站，50MIN到福田CBD。  
自驾：梅观高速、外环快速10MIN达龙华CBD，20MIN至龙岗/光明。",,,暂无数据,2025-08-02,商品房,商务公寓,暂无数据,非共有,有抵押 210万元 客户偿还,挂牌时间:2025-08-02 | 交易权属:商品房 | 上次交易:暂无数据 | 房屋用途:商务公寓 | 房屋年限:暂无数据 | 产权所属:非共有 | 抵押信息:有抵押 210万元 客户偿还 | 房本备件:未上传房本照片,,
住家装修，保养很好，满五唯一，视野好，光线好。,"招商澜园 , 观澜",2室1厅,53.57平米,南,精装,中楼层(共17层),2010年,板塔结合,259 万,48348 元,1,,,近地铁 | VR房源,https://sz.lianjia.com/ershoufang/105120306349.html,地铁 | VR房源,住家装修，保养很好，带固定车位，满五唯一，视野好，光线好。,小区由招商局地产开发，国家一级物业资质的招商物业管理，小区部分为南北两区，由十三栋高层组成，低密度，是个纯居住的大社区，自带6000平的大花园，人车分流，很适合有老人和小孩的客户，小区自带幼儿园，有固定车位,观澜街道办 休闲区域：新世纪广场、观澜文化广场， 商场：设施天虹商场、比邻新天地，观澜河湿地公园距离小区近在咫尺。龙华区政府距离小区2公里，属于新区政府辐射范围内。项目：现聚集多家大品牌开发商在此拿地。如：万科 卓 越，阳基,小区门口就有公交站，途径的公交线众多，有轨电车在小区门口文澜站，直接到达清湖地铁口，竹村地铁口 800米，观澜大桥直接可以上机荷高速，多条公交线路到达罗湖，福田,,,暂无数据,2025-04-06,商品房,普通住宅,暂无数据,非共有,有抵押 金融公司垫资,挂牌时间:2025-04-06 | 交易权属:商品房 | 上次交易:暂无数据 | 房屋用途:普通住宅 | 房屋年限:暂无数据 | 产权所属:非共有 | 抵押信息:有抵押 金融公司垫资 | 房本备件:未上传房本照片,客厅 / 25.14平米 / 西 / 落地窗 ; 卧室A / 6.2平米 / 无 / 未知窗户类型 ; 卧室B / 16.31平米 / 西 北 / 落地窗 ; 厨房 / 4.86平米 / 西 / 普通窗 ; 卫 / 1.87平米 / 西 / 普通窗,
满五唯一税费少大花园楼间距宽敞高楼层采光好视野开阔,"万科九龙山 , 观澜",3室1厅,87.16平米,东南,精装,高楼层(共33层),2016年,板楼,400 万,45893 元,0,,,VR房源 | 房本满五年,https://sz.lianjia.com/ershoufang/105118520256.html,VR房源 | 房本满五年,满五唯一税费少，大花园楼间距宽敞，高楼层通风采光好视野开阔,小区绿景多，楼间距宽敞，停车位充足，住户素质高，邻里关系融洽，有幼儿园，小区物业管理严格，生活安心，小区门口就有公交站，方便出行,配套有观澜天虹、兴万达广场、比邻新天地、中航格澜郡商圈、观澜老镇商圈、深圳绿道5号线、楼盘旁就是九龙山生态园，茜坑水库、大水坑水库、狮径公园、观澜人民医院,,,,2015-11-11,2024-10-07,商品房,普通住宅,满五年,非共有,有抵押 290万元 100万房贷+190万经营贷 业主自还,挂牌时间:2024-10-07 | 交易权属:商品房 | 上次交易:2015-11-11 | 房屋用途:普通住宅 | 房屋年限:满五年 | 产权所属:非共有 | 抵押信息:有抵押 290万元 100万房贷+190万经营贷 业主自还 | 房本备件:已上传房本照片,客厅 / 26平米 / 无 / 无窗 ; 卧室A / 8.8平米 / 无 / 未知窗户类型 ; 卧室B / 7.17平米 / 无 / 未知窗户类型 ; 卧室C / 11.72平米 / 西南 东南 / 落地窗 ; 厨房 / 4.6平米 / 西南 / 普通窗 ; 卫A / 2.69平米 / 西北 / 普通窗 ; 卫B / 2.84平米 / 无 / 无窗 ; 阳台 / 4.06平米 / 无 / 无窗 ; 过道 / 4.35平米 / 无 / 无窗,
税费低，双地铁口，高楼层安静，带装修复式,"奥宸观壹城 , 观澜",2室1厅,36平米,北,精装,高楼层(共21层),2017年,板塔结合,90 万,25000 元,47,,,近地铁 | VR房源,https://sz.lianjia.com/ershoufang/105116146419.html,地铁 | VR房源,地铁口带装修复式2房低税费 采光好,,离小区1.8公里观澜湖新城吃喝玩乐一体 离小区20米就是振能 小区自带幼儿园,距离小区800米左右地铁站4号线延长线松元厦站去往福田 区里小区200米左右公交车站M285路 321路去往火车站西广场 M361路去往龙华公交站 332路去往蛇口出行方便,,,暂无数据,2024-02-26,商品房,公寓,暂无数据,非共有,无抵押,挂牌时间:2024-02-26 | 交易权属:商品房 | 上次交易:暂无数据 | 房屋用途:公寓 | 房屋年限:暂无数据 | 产权所属:非共有 | 抵押信息:无抵押 | 房本备件:未上传房本照片,客厅 / 20.25平米 / 无 / 无窗 ; 卧室A / 9.62平米 / 北 / 落地窗 ; 卧室B / 6.2平米 / 无 / 无窗 ; 卫生间 / 2.66平米 / 无 / 无窗 ; 储物间 / 1.89平米 / 无 / 无窗 ; 过道 / 2.78平米 / 无 / 无窗,
次新房 楼下公园 高楼层 视野开阔 毛坯改造度高,"中森公园华府 , 观澜",3室2厅,88.54平米,南,毛坯,高楼层(共30层),2020年,板塔结合,328 万,37046 元,1,,,VR房源 | 随时看房,https://sz.lianjia.com/ershoufang/105116703897.html,VR房源 | 随时看房,次新房 楼下公园 高楼层 视野开阔 毛坯改造度高,开发商为深圳中森，是以房地产为产业的企业，主要以珠三角地区和成渝地区为发展区域。 在深圳有几个住宅地产项目，为人熟知的应该是科技园片区华润城邻居的英伦名苑1-3期，以及龙岗的中森双子座。,项目位于龙华区观澜板块，观湖街道的东南方位。所在区域是深圳中轴北的产业，南接坂田天安云谷、龙华宝能科技城，东连平湖金融与现代服务业基地，西临观澜高新产业园， 北为观澜传统制造业聚集地带,,,,暂无数据,2024-04-16,商品房,普通住宅,暂无数据,非共有,有抵押 银行,挂牌时间:2024-04-16 | 交易权属:商品房 | 上次交易:暂无数据 | 房屋用途:普通住宅 | 房屋年限:暂无数据 | 产权所属:非共有 | 抵押信息:有抵押 银行 | 房本备件:未上传房本照片,客厅 / 24.89平米 / 南 / 普通窗 ; 卧室A / 12.9平米 / 无 / 未知窗户类型 ; 卧室B / 6.62平米 / 无 / 未知窗户类型 ; 厨房 / 3.8平米 / 无 / 无窗 ; 卫生间A / 3.7平米 / 西 / 普通窗 ; 卫生间B / 3.52平米 / 无 / 无窗 ; 阳台A / 3.97平米 / 南 / 普通窗 ; 阳台B / 1.38平米 / 无 / 无窗 ; 阳台C / 2.88平米 / 西 南 / 普通窗 ; 储物间 / 4.33平米 / 无 / 无窗 ; 过道 / 3.16平米 / 无 / 无窗,
龙华观澜站 深业泰然玫瑰苑南向3房 精装保养好,"深业泰然观澜玫瑰苑 , 观澜",3室1厅,86.03平米,南,,31层,2016年,板塔结合,340 万,39522 元,0,,,近地铁 | VR房源,https://sz.lianjia.com/ershoufang/105117370136.html,地铁 | VR房源,满五年唯一，新装修业主保养好，高楼层采光好。,小区为 综合体，以空中花园为分开住宅与商场。由深圳市国惠康国泰房地产开发有限公司开发，深业泰然（集团）有限公司控股，成立于1985年的深圳市属国有企业，注册资金8亿元，旗下拥有9家控股企业、2家参股企业。资历雄厚,小区自带商 .业，隔壁还有百佳华商场，马路跨过天桥是观澜老街。,"小区门距离有轨轨电车-新澜站100米,，接驳清湖地铁口直达福田，楼下就是公交站吉盛酒店大公交站台，另外5公里上龙观快速，4公里上珠三角环线高速，各种交通设施配套齐全，出行便利。",,,暂无数据,2024-06-22,商品房,普通住宅,暂无数据,非共有,有抵押,挂牌时间:2024-06-22 | 交易权属:商品房 | 上次交易:暂无数据 | 房屋用途:普通住宅 | 房屋年限:暂无数据 | 产权所属:非共有 | 抵押信息:有抵押 | 房本备件:未上传房本照片,客厅 / 25.24平米 / 东南 / 普通窗 ; 卧室A / 8.46平米 / 无 / 未知窗户类型 ; 卧室B / 11.62平米 / 无 / 未知窗户类型 ; 卧室C / 12.79平米 / 无 / 未知窗户类型 ; 厨房 / 6.46平米 / 无 / 无窗 ; 卫生间 / 2.86平米 / 无 / 无窗 ; 阳台 / 4.27平米 / 东北 东南 / 普通窗,
独栋别墅 此房产权清晰 位置安静 业主诚意出售,"桂花别墅 , 观澜",10室6厅,188.96平米,南,,低楼层(共1层),,,1180 万,62448 元,10,,,近地铁 | VR房源 | 房本满五年,https://sz.lianjia.com/ershoufang/105111844869.html,地铁 | VR房源 | 房本满五年,独栋别墅 此房产权清晰 位置安静 业主诚意出售,,各大银行，兴万达商场，观澜老街步行街，百佳华综合体，过马路就是观澜小 学；1.2公里有龙华新区医院，配套完善能完全满足您日常生活所需；,"地铁4号线观澜站，轻轨新澜站100米,可到清湖地铁口直达福田，楼下就是公交站吉盛酒店大公交站台，另外5公里上龙观快速，4公里上珠三角环线高速。",,,2004-05-14,2022-10-23,商品房,别墅,满五年,非共有,有抵押,挂牌时间:2022-10-23 | 交易权属:商品房 | 上次交易:2004-05-14 | 房屋用途:别墅 | 房屋年限:满五年 | 产权所属:非共有 | 抵押信息:有抵押 | 房本备件:已上传房本照片,客厅A / 43.71平米 / 北 / 普通窗 ; 客厅B / 20.11平米 / 无 / 普通窗 ; 客厅C / 20.26平米 / 西 北 / 普通窗 ; 卧室A / 13.15平米 / 无 / 普通窗 ; 卧室B / 13.44平米 / 无 / 普通窗 ; 卧室C / 8.79平米 / 无 / 普通窗 ; 卧室D / 14.97平米 / 无 / 普通窗 ; 卧室E / 12.1平米 / 无 / 普通窗 ; 卧室F / 14.36平米 / 无 / 普通窗 ; 卧室G / 12.63平米 / 南 / 普通窗 ; 卧室H / 12.1平米 / 南 / 普通窗 ; 厨房A / 7.33平米 / 北 / 普通窗 ; 厨房B / 3.83平米 / 无 / 普通窗 ; 厨房C / 3.75平米 / 西 / 普通窗 ; 卫生间A / 3.9平米 / 无 / 无窗 ; 卫生间B / 2.85平米 / 无 / 普通窗 ; 卫生间C / 4.81平米 / 无 / 普通窗 ; 卫生间D / 6.22平米 / 无 / 普通窗 ; 卫生间E / 2.91平米 / 西 / 普通窗 ; 阳台 / 13.66平米 / 无 / 普通窗 ; 露台 / 72.58平米 / 西 北 东 南 / 普通窗 ; 储物间A / 52.63平米 / 西 北 / 普通窗 ; 储物间B / 4.7平米 / 无 / 普通窗 ; 过道 / 7.09平米 / 无 / 无窗 ; 门厅 / 62.59平米 / 西 东 南 / 普通窗 ; 楼梯间A / 18.4平米 / 无 / 无窗 ; 楼梯间B / 11.23平米 / 无 / 落地窗 ; 楼梯间C / 11.49平米 / 北 / 普通窗,
低税费，红本满五，南向卧室，龙华50年住宅,"福星雅园  , 观澜",1室0厅,17.54平米,西南,简装,低楼层(共12层),1999年,,24.2 万,13798 元,82,,,VR看装修 | 房本满五年,https://sz.lianjia.com/ershoufang/105115687084.html,VR看装修 | 房本满五年,价格低，可挂靠SH，有小孩的客户，有在建地铁22号线库坑,,,公交站有深雅五金塑料厂、塘前村，主干道有龙澜大道、观光路 、珠三角环线高速、深圳外环高速 ，地铁有在建22号线库坑站2公里,,房子是红本在手的，没有抵押给银行，几天内客户就可以拿到红本。相对抵押的房子节省了1个月的时间,2016-07-18,2023-12-24,商品房,普通住宅,满五年,非共有,无抵押,挂牌时间:2023-12-24 | 交易权属:商品房 | 上次交易:2016-07-18 | 房屋用途:普通住宅 | 房屋年限:满五年 | 产权所属:非共有 | 抵押信息:无抵押 | 房本备件:已上传房本照片,卧室 / 8.97平米 / 无 / 未知窗户类型 ; 卫 / 1.58平米 / 南 / 普通窗,
户型方正，实用率高，通风采光效果好，视野开阔,"阳基御龙山 , 观澜",2室2厅,63.64平米,西南,毛坯,30层,2018年,板塔结合,217.9 万,34240 元,5,,,VR房源 | 房本满五年 | 随时看房,https://sz.lianjia.com/ershoufang/105120538293.html,VR房源 | 房本满五年 | 随时看房,户型方正，实用率高，通风采光效果好，视野开阔,小区2018年建成，总建筑面积117475，总占地面积20176.4，共计房屋1082户，小区物业公司为深圳市阳基物业管理有限公司，物业管理费3.8元/平方。小区有地面花园，绿化好，有儿童乐园，康乐设施，文体馆，有12班公立幼儿园，门口还有社区公园。,,交通方便，小区门口有公交站，公交可以直达龙华，也可以转乘地铁，离长湖地铁站约1.3公里。,,,2019-08-03,2025-04-26,商品房,普通住宅,满五年,非共有,有抵押 150万元 农村商业银行 客户偿还,挂牌时间:2025-04-26 | 交易权属:商品房 | 上次交易:2019-08-03 | 房屋用途:普通住宅 | 房屋年限:满五年 | 产权所属:非共有 | 抵押信息:有抵押 150万元 农村商业银行 客户偿还 | 房本备件:已上传房本照片,客厅 / 19.7平米 / 南 / 普通窗 ; 卧室A / 10.65平米 / 无 / 未知窗户类型 ; 卧室B / 3.34平米 / 西 / 落地窗 ; 厨房 / 6.16平米 / 无 / 未知窗户类型 ; 卫生间 / 3.17平米 / 西 / 普通窗 ; 阳台 / 3.68平米 / 南 / 普通窗 ; 储物间 / 2.4平米 / 无 / 无窗 ; 过道 / 1.02平米 / 无 / 无窗,
南北对流 三面湖景 临湖别墅景观 全新精装 五房五卫,"金地鹭湖1号 , 观澜",5室2厅,192.2平米,南,精装,低楼层(共16层),2015年,塔楼,1200 万,62435 元,2,,,VR房源 | 房本满五年,https://sz.lianjia.com/ershoufang/105120480499.html,VR房源 | 房本满五年,满五年税少，通风好，采光租，鼎壕装修,鹭湖1号总共分两期，共11栋。位于龙华区观澜街道梅观高速与环观南路交汇处;鹭湖国际住区项目主打户型产品：建面89㎡三房。还有少量137平和190平复式。 项目占地面积约91197.68平方米，总建筑面积约164150平方米. 小区环境优美，依山傍水，空气质量好.,小区旁边有山有水，有绿道公园，环境优雅，安静舒适，依山傍水，花园里面人车分流，小区物业负责暖心，随叫随到，自带健身器材、小孩玩乐区，滑滑梯，恒温游泳池，不出小区就让老人小孩有健身游玩之处，适合家有老人和小孩的家庭，真正做到入则宁静。,,,,2015-12-21,2025-04-21,商品房,普通住宅,满五年,非共有,有抵押,挂牌时间:2025-04-21 | 交易权属:商品房 | 上次交易:2015-12-21 | 房屋用途:普通住宅 | 房屋年限:满五年 | 产权所属:非共有 | 抵押信息:有抵押 | 房本备件:已上传房本照片,,
看上看湖 天际大宅 高楼层 前后视野20公里无遮挡,"城建仁山智水花园三期 , 观澜",5室3厅,303平米,南 北,毛坯,高楼层(共41层),2016年,板楼,1600 万,52806 元,0,,,VR房源,https://sz.lianjia.com/ershoufang/105120487194.html,VR房源,此房满五年，红本在手，看山看湖，视野永无遮挡；业主诚售,仁山智水由深圳市城市建设开发公司开发，小区占地近20平，总建筑面积为557584.63㎡，住宅282053.6㎡，商铺5860㎡，幼儿园3500.08㎡，建筑主体包括95栋住宅楼，其中有83栋低多层住宅及8栋高层和4栋高层，住宅共1445户，车位3158个,,公交线路：公交（观澜高新园站）M567、M264、313、E4路等，出小区约100有轨电车站台（电车接驳地铁4号线清湖地铁口），高速公路：机荷高速公路、梅观高速公路，交通方便。,,,暂无数据,2025-04-22,商品房,普通住宅,暂无数据,非共有,无抵押,挂牌时间:2025-04-22 | 交易权属:商品房 | 上次交易:暂无数据 | 房屋用途:普通住宅 | 房屋年限:暂无数据 | 产权所属:非共有 | 抵押信息:无抵押 | 房本备件:未上传房本照片,,
地铁4号线 华盛观荟5房 得房率高 业主诚意出售,"华盛观荟名庭 , 观澜",5室2厅,141.72平米,南 北,毛坯,中楼层(共32层),2018年,板塔结合,670 万,47277 元,4,,,近地铁 | VR看装修 | 随时看房,https://sz.lianjia.com/ershoufang/105113082964.html,地铁 | VR看装修 | 随时看房,诚意出售4号线地铁口南北通透5房,小区分两期开发，一期由公寓和住宅，二期三栋住宅。小区一期楼下是商 业，三楼是空中花园，三楼以上是住宅，一共有二栋一栋是公寓二栋是住宅，二期的小户型是2018年下半年才精装交房，次新房，居住舒适，二期自带泳池和园林,商场：楼下就是购物广场，以及天虹、人人乐，比邻新天地医院：观澜人民医院 深圳市龙华新区慢性病防治.观澜医院竹村社区健康服务邮局：中国邮政 中国邮政 观澜邮政局银行：中国建设银行，深圳市农村商.业银行。中国农业银行等，以及格兰云天酒店,公交;，福民影剧院;M337路M464路， 1经泗黎路与观光路，3个红绿灯到达梅观高速，梅观高速快速到达福田区； 2．通过观澜大道转机荷高速，可快速到达龙岗，宝安机场等等，出行方便。4号地铁离小区仅500米，换乘到深圳各区,,,暂无数据,2023-03-20,商品房,普通住宅,暂无数据,非共有,有抵押 249万元 0 业主自还,挂牌时间:2023-03-20 | 交易权属:商品房 | 上次交易:暂无数据 | 房屋用途:普通住宅 | 房屋年限:暂无数据 | 产权所属:非共有 | 抵押信息:有抵押 249万元 0 业主自还 | 房本备件:未上传房本照片,客厅 / 39.67平米 / 北 南 / 普通窗 ; 卧室A / 10.58平米 / 无 / 未知窗户类型 ; 卧室B / 10.9平米 / 北 / 普通窗 ; 卧室C / 17.94平米 / 无 / 未知窗户类型 ; 卧室D / 13.7平米 / 无 / 未知窗户类型 ; 卧室E / 10.03平米 / 南 / 普通窗 ; 厨房 / 9.91平米 / 无 / 未知窗户类型 ; 卫生间A / 5.87平米 / 无 / 未知窗户类型 ; 卫生间B / 5.58平米 / 无 / 未知窗户类型 ; 阳台A / 2.54平米 / 西 北 东 / 普通窗 ; 阳台B / 8.24平米 / 西 东 南 / 普通窗,
奥宸观壹城69平米二房 精装修 视野景观好,"奥宸观壹城 , 观澜",2室2厅,69.77平米,东,,中楼层(共33层),2018年,板塔结合,250 万,35833 元,0,,12天以前发布,近地铁 | VR看装修,https://sz.lianjia.com/ershoufang/105122243357.html,地铁 | VR看装修,满二唯一 只需要契税  自住装修费花了五十个  业主急卖,目占地约五万，总建面达到三十万平米，并且规划为具有70-130平米的住宅、40-80平米的公寓、以及四万平米的商场，小区里面配有水系景观，娱乐健身场所，儿童游乐场等,项目对，面有杜鹃幼儿园未来项目规划自带3200平米的12班中英双语幼儿园同时项目地理位置较为靠观澜湖新城未来也可共享观澜商，业旗舰,项目位于观平路与人民路交汇处西北侧，地铁4号线  22号线松元夏站旁边，交通比较方便，有公车线路，和观澜汽车总站，有各区班车到达清湖地铁站,,,暂无数据,2025-09-25,商品房,普通住宅,暂无数据,非共有,无抵押,挂牌时间:2025-09-25 | 交易权属:商品房 | 上次交易:暂无数据 | 房屋用途:普通住宅 | 房屋年限:暂无数据 | 产权所属:非共有 | 抵押信息:无抵押 | 房本备件:未上传房本照片,,
珑门名苑，次新花园社区，人车分流，车位充足,"珑门 , 观澜",4室1厅,106平米,东南,毛坯,高楼层(共31层),2016年,板塔结合,435 万,41038 元,0,,,VR看装修,https://sz.lianjia.com/ershoufang/105121350245.html,VR看装修,珑门名苑，次新花园社区，人车分流，车位充足，小区环境优美.,小区带花园，绿化高，三层地下停车位，车位充足，家门口公办 ，小区自带公办 ，小区环抱观澜文体公园，门口公交站，两大高速，交通方便,旁边有体育馆，体育公园，民法公园’旁边就是观光路直通梅观高速，接外环高速‘,旁边就是观光路直通梅观高速，接外环高速‘旁边有体育馆，体育公园，民法公园,,,暂无数据,2025-07-06,商品房,普通住宅,暂无数据,非共有,无抵押,挂牌时间:2025-07-06 | 交易权属:商品房 | 上次交易:暂无数据 | 房屋用途:普通住宅 | 房屋年限:暂无数据 | 产权所属:非共有 | 抵押信息:无抵押 | 房本备件:未上传房本照片,,
地铁口公园旁边高楼层通透户型得房率高朝小区看花园,"华盛观荟名庭 , 观澜",4室2厅,118.23平米,南,精装,高楼层(共32层),2018年,板塔结合,530 万,44828 元,0,,,近地铁 | VR看装修 | 随时看房,https://sz.lianjia.com/ershoufang/105121463202.html,地铁 | VR看装修 | 随时看房,地铁口公园旁边中楼层通透户型得房率高朝小区看花园,深圳市华盛智地房地产开发有限公司。物业公司：深圳市华盛物业管理有限公司，小区24小时安保巡逻。小区内部配套：儿童游乐场，健身活动区，小区园林，游泳池,商场：小区内异国风情街，餐饮街，为盛商场。医院：龙华医院，深圳伟光医院，距离民法典公园300米，800米到达九龙山森林公园。,500米到过长湖地铁站，4号线可到达福田，楼下有公交站，3个红绿灯可以上梅关高速和龙澜快速，出行方便,,,暂无数据,2025-07-16,商品房,普通住宅,暂无数据,非共有,有抵押,挂牌时间:2025-07-16 | 交易权属:商品房 | 上次交易:暂无数据 | 房屋用途:普通住宅 | 房屋年限:暂无数据 | 产权所属:非共有 | 抵押信息:有抵押 | 房本备件:未上传房本照片,,
招商观园 2室2厅 南,"招商观园 , 观澜",2室2厅,89.58平米,南,,高楼层(共18层),2012年,塔楼,310 万,34606 元,0,,,VR看装修 | 房本满五年 | 随时看房,https://sz.lianjia.com/ershoufang/105121865367.html,VR看装修 | 房本满五年 | 随时看房,,,,,,,2012-11-21,2025-08-21,商品房,普通住宅,满五年,非共有,无抵押,挂牌时间:2025-08-21 | 交易权属:商品房 | 上次交易:2012-11-21 | 房屋用途:普通住宅 | 房屋年限:满五年 | 产权所属:非共有 | 抵押信息:无抵押 | 房本备件:已上传房本照片,,
带车位 澜园精装三房 保养好 满五年唯一,"招商澜园 , 观澜",3室2厅,82.07平米,南,精装,低楼层(共25层),2010年,板塔结合,386 万,47034 元,2,,,近地铁 | VR看装修 | 随时看房,https://sz.lianjia.com/ershoufang/105121297200.html,地铁 | VR看装修 | 随时看房,此房满五唯一，红本在手，朝南户型，精装修，安静不吵。,小区是招商置业开发，自带物业公司，小区管理好，治安严格，适合住家。,,,,房子业主一手买来没有欠款了，红本在手，产权清晰，办理过户手续快。,暂无数据,2025-07-02,商品房,普通住宅,暂无数据,非共有,无抵押,挂牌时间:2025-07-02 | 交易权属:商品房 | 上次交易:暂无数据 | 房屋用途:普通住宅 | 房屋年限:暂无数据 | 产权所属:非共有 | 抵押信息:无抵押 | 房本备件:未上传房本照片,,
在阳台可看高尔夫球场景观环境精装修免费停车位充足！,"观澜湖比佩亚区 , 观澜",1室1厅,79.78平米,东北,精装,低楼层(共7层),2011年,板塔结合,370 万,46378 元,2,,,VR看装修 | 房本满五年,https://sz.lianjia.com/ershoufang/105120025268.html,VR看装修 | 房本满五年,本住过i此小区高尔夫球场景观环境好精装修免费游泳,本人在此小区居住过一年，小区占地29平方公里分为深圳会所，东莞会所，黎光会所，乡村会所，白金管家服务,本人在此小区购买过这个小区的物业，小区比较新，环境好，物业服务好，孩子在里面活动空间环境好，建议喜欢安静。又要配套的朋友可选,,,,2020-08-14,2025-03-12,商品房,普通住宅,满五年,非共有,有抵押,挂牌时间:2025-03-12 | 交易权属:商品房 | 上次交易:2020-08-14 | 房屋用途:普通住宅 | 房屋年限:满五年 | 产权所属:非共有 | 抵押信息:有抵押 | 房本备件:已上传房本照片,卧室 / 41.81平米 / 东北 / 普通窗 ; 厨房 / 3.96平米 / 东北 / 落地窗 ; 卫生间 / 8.7平米 / 无 / 无窗 ; 阳台 / 4.63平米 / 西北 东北 东南 / 普通窗 ; 储物间 / 2.4平米 / 无 / 无窗,
满五刚需4房朝东南采光好，价格便宜,"珑门二期 , 观澜",4室2厅,87平米,东南,精装,33层,2018年,板塔结合,348 万,40000 元,0,,,VR看装修 | 房本满五年,https://sz.lianjia.com/ershoufang/105121503800.html,VR看装修 | 房本满五年,满五刚需4房朝东南采光好，价格便宜,小区为全封闭式社区，人车分流地下3层停车场车位1:1.1，全智能社区刷卡到户，智能可视对讲系统，24小时安保及监控安全放心；小区为3梯6户公用部分宽敞舒适；小区临校背靠体育公园；2公里可到花仙谷生态园和绿色跑道，整体适合居家,,门口E巴士和高快24等上下班快线高速直达福田/罗湖； 2公里4个红绿灯可上梅观高速和龙观快速！,,,2019-09-26,2025-07-19,商品房,普通住宅,满五年,非共有,有抵押 258万元 中国银行 业主自还,挂牌时间:2025-07-19 | 交易权属:商品房 | 上次交易:2019-09-26 | 房屋用途:普通住宅 | 房屋年限:满五年 | 产权所属:非共有 | 抵押信息:有抵押 258万元 中国银行 业主自还 | 房本备件:已上传房本照片,,
水库旁 绿道口 看山景 两室两厅,"招商锦绣观园 , 观澜",2室2厅,62平米,西南,精装,中楼层(共28层),2014年,板楼,188 万,30323 元,3,,,VR看装修,https://sz.lianjia.com/ershoufang/105121655560.html,VR看装修,看山景，安静，楼层适中，视野宽阔，采光充足，配套设施齐全。,,出小区大门就是龙华环城绿道入口、茜坑水库，两公里内有行知九年书包、天虹商场、茜坑地铁、茜坑露营广场。,小区有公交总站接驳到地铁口，出小区大门就上龙澜快速干道，转福龙路到市区半小时可达，到高速口三公里即可,,,暂无数据,2025-08-02,商品房,普通住宅,暂无数据,共有,无抵押,挂牌时间:2025-08-02 | 交易权属:商品房 | 上次交易:暂无数据 | 房屋用途:普通住宅 | 房屋年限:暂无数据 | 产权所属:共有 | 抵押信息:无抵押 | 房本备件:未上传房本照片,,
满五唯一，业主诚心卖，环境很好，依山傍水.,"招商锦绣观园 , 观澜",2室1厅,63.87平米,东南,简装,高楼层(共28层),2014年,板楼,188 万,29435 元,0,,26天以前发布,VR看装修 | 房本满五年 | 随时看房,https://sz.lianjia.com/ershoufang/105122099170.html,VR看装修 | 房本满五年 | 随时看房,满五唯一，业主诚心卖，环境很好，依山傍水，价格可以谈,适合刚需人群，一家三口，年轻上班族，老年退休人群，环境很好，空气nice,,,,,2014-01-04,2025-09-11,商品房,普通住宅,满五年,非共有,无抵押,挂牌时间:2025-09-11 | 交易权属:商品房 | 上次交易:2014-01-04 | 房屋用途:普通住宅 | 房屋年限:满五年 | 产权所属:非共有 | 抵押信息:无抵押 | 房本备件:已上传房本照片,,
金地鹭湖1号 4室2厅 南,"金地鹭湖1号 , 观澜",4室2厅,136平米,南,,高楼层(共16层),2015年,塔楼,688 万,50589 元,0,,,VR看装修,https://sz.lianjia.com/ershoufang/105121620737.html,VR看装修,,,,,,,暂无数据,2025-07-30,商品房,普通住宅,暂无数据,非共有,暂无数据,挂牌时间:2025-07-30 | 交易权属:商品房 | 上次交易:暂无数据 | 房屋用途:普通住宅 | 房屋年限:暂无数据 | 产权所属:非共有 | 抵押信息:暂无数据 | 房本备件:未上传房本照片,,
四号线观澜地铁站旁，小户型一房住宅，安静高楼层,"深业泰然观澜玫瑰苑 , 观澜",1室1厅,51.9平米,西,精装,31层,2016年,板塔结合,235 万,45280 元,0,,,近地铁 | VR看装修,https://sz.lianjia.com/ershoufang/105120041001.html,地铁 | VR看装修,房子安静位置，高楼层，采光通风佳,小区为 综合体，以空中花园为分开住宅与商场。由深圳市国惠康国泰房地产开发有限公司开发，深业泰然（集团）有限公司控股，成立于1985年的深圳市属国有企业，注册资金8亿元，旗下拥有9家控股企业、2家参股企业。资历雄厚,主要配套：深圳市龙华区医院，兴万达，民乐福，百佳华，能满足生活上的需求,"小区门距离有轨轨电车-新澜站100米,，接驳4号线观澜站地铁口直达福田，楼下就是公交站吉盛酒店大公交站台，另外5公里上龙观快速，4公里上珠三角环线高速，各种交通设施配套齐全，出行便利",,,暂无数据,2025-03-13,商品房,普通住宅,暂无数据,非共有,有抵押,挂牌时间:2025-03-13 | 交易权属:商品房 | 上次交易:暂无数据 | 房屋用途:普通住宅 | 房屋年限:暂无数据 | 产权所属:非共有 | 抵押信息:有抵押 | 房本备件:未上传房本照片,客厅 / 17.17平米 / 西北 / 普通窗 ; 卧室 / 11.72平米 / 无 / 未知窗户类型 ; 厨房 / 3.13平米 / 无 / 普通窗 ; 卫生间 / 3.19平米 / 西南 / 普通窗 ; 阳台A / 2.23平米 / 西北 / 普通窗 ; 阳台B / 3.73平米 / 西北 / 普通窗,
水系联排别墅 上下五层 带车位 花园 位置安静 诚售,"城建仁山智水花园二期 , 观澜",6室3厅,227.18平米,南,毛坯,上叠(共1层),,板塔结合,2200 万,96840 元,0,,,VR房源 | 随时看房,https://sz.lianjia.com/ershoufang/105120283807.html,VR房源 | 随时看房,水系联排别墅 上下5层 带花园+车位 扩展宽 位置安静 产权清晰,仁山智水由深圳市城市建设开发公司开发，小区占地近20平，总建筑面积为557584.63㎡，住宅282053.6㎡，商铺5860㎡，幼儿园3500.08㎡，建筑主体包括95栋住宅楼，其中有83栋低多层住宅及8栋高层和4栋高层，住宅共1445户，车位3158个,龙华医院（4600米百度地图测距龙华综合医院在建中3100米百度地图测距新科技园社区健康服务，宝利商场楼下佳又惠百货医院天虹（2400米百度地图测距,公交（观澜高新园站）M517、M264、313、E4路等，出小区约100有轨电车站台（电车接驳地铁4号线清湖地铁口），高速公路：机荷高速公路、梅观高速公路，交通方便。以后规划的有22号地铁线可看规划图,,,暂无数据,2025-04-03,商品房,别墅,暂无数据,非共有,无抵押,挂牌时间:2025-04-03 | 交易权属:商品房 | 上次交易:暂无数据 | 房屋用途:别墅 | 房屋年限:暂无数据 | 产权所属:非共有 | 抵押信息:无抵押 | 房本备件:未上传房本照片,客厅A / 87.11平米 / 无 / 落地窗 ; 客厅B / 69.62平米 / 无 / 未知窗户类型 ; 卧室A / 10.04平米 / 无 / 无窗 ; 卧室B / 13.31平米 / 无 / 未知窗户类型 ; 卧室C / 11.4平米 / 无 / 落地窗 ; 卧室D / 24.63平米 / 无 / 未知窗户类型 ; 厨房 / 5.93平米 / 无 / 普通窗 ; 卫生间A / 5.33平米 / 无 / 无窗 ; 卫生间B / 5.55平米 / 无 / 无窗 ; 卫生间C / 6.41平米 / 无 / 普通窗 ; 卫生间D / 5.64平米 / 无 / 无窗 ; 卫生间E / 9.42平米 / 东 / 普通窗 ; 阳台A / 16.25平米 / 无 / 普通窗 ; 阳台B / 9.5平米 / 无 / 普通窗 ; 阳台C / 8.25平米 / 西 / 普通窗 ; 地下室 / 11.6平米 / 无 / 无窗 ; 过道A / 13.91平米 / 无 / 无窗 ; 过道B / 9.75平米 / 无 / 无窗 ; 衣帽间 / 6.98平米 / 无 / 无窗,
金地天悦湾 5室1厅 东南,"金地天悦湾 , 观澜",5室1厅,198.8平米,东南,精装,中楼层(共8层),2011年,板塔结合,1180 万,59357 元,0,,,VR房源,https://sz.lianjia.com/ershoufang/105121438313.html,VR房源,,,,,,,暂无数据,2025-07-14,商品房,普通住宅,暂无数据,共有,有抵押,挂牌时间:2025-07-14 | 交易权属:商品房 | 上次交易:暂无数据 | 房屋用途:普通住宅 | 房屋年限:暂无数据 | 产权所属:共有 | 抵押信息:有抵押 | 房本备件:未上传房本照片,客厅 / 47.62平米 / 西南 东北 / 落地窗 ; 书房 / 5.8平米 / 东北 东南 / 落地窗 ; 卧室A / 16.51平米 / 西南 / 普通窗 ; 卧室B / 23.02平米 / 西南 / 落地窗 ; 卧室C / 9.66平米 / 东北 / 落地窗 ; 卧室D / 11.96平米 / 无 / 无窗 ; 厨房 / 8.07平米 / 东北 / 普通窗 ; 卫生间A / 4.9平米 / 无 / 未知窗户类型 ; 卫生间B / 3.56平米 / 东南 / 落地窗 ; 卫生间C / 3.83平米 / 东北 东南 / 落地窗 ; 阳台A / 10.48平米 / 西南 / 普通窗 ; 储物间 / 2.84平米 / 无 / 无窗 ; 入户花园 / 5.35平米 / 东北 东南 / 落地窗 ; 过道A / 4.81平米 / 无 / 无窗 ; 过道B / 15.54平米 / 无 / 无窗,
临茜坑水库享优美生态花园水库双景,"招商锦绣观园 , 观澜",2室2厅,63.84平米,东南,简装,高楼层(共28层),2014年,,185 万,28979 元,2,,,VR看装修 | 随时看房,https://sz.lianjia.com/ershoufang/105120531557.html,VR看装修 | 随时看房,自带公立幼儿园花园水库双景生态宜居配套完善,,两公里左右有两所公交书包、福城天虹、茜坑和竹村双地铁口。楼下有社康、党群、室内恒温游泳池、洗修车店等各类生活配套齐全。,前后门均有公交站，双地铁口中间，自驾可通过机荷高速、观澜大道出行。,,,2021-07-20,2025-04-25,商品房,普通住宅,暂无数据,共有,无抵押,挂牌时间:2025-04-25 | 交易权属:商品房 | 上次交易:2021-07-20 | 房屋用途:普通住宅 | 房屋年限:暂无数据 | 产权所属:共有 | 抵押信息:无抵押 | 房本备件:已上传房本照片,,
龙华观澜 复试精致装设 高楼层 通风采光佳 业主诚售,"华盛峰荟名庭 , 观澜",3室1厅,55.19平米,南 北,,中楼层(共27层),2016年,板塔结合,249 万,45117 元,2,,,近地铁 | VR房源,https://sz.lianjia.com/ershoufang/105115140199.html,地铁 | VR房源,装修保养好，楼层高采光好，税费低,深圳市华盛智地房地产开发有限公司。物业公司：深圳市华盛物业管理有限公司，小区24小时安保巡逻。小区内部配套：儿童游乐场，健身活动区，小区园林，游泳池。,观澜天虹、人人乐、比邻新天地、楼下大润发。医院：龙华中.心医院 深圳市龙华新区慢性病防治。邮局：中国邮政 中国邮政 观澜邮政局。银行：中国建设银行ATM 深圳市农村商.业银行ATM 中国农业银行ATM。其他：格兰云天国际大酒店。,楼下公交便利，M337&M464经泗黎路与观光路，三个红绿灯可达梅观高速智福田，观澜大道转机荷高速可达龙岗、宝安机场等，小区内车位充足。,,,暂无数据,2023-10-24,商品房,商务公寓,暂无数据,非共有,无抵押,挂牌时间:2023-10-24 | 交易权属:商品房 | 上次交易:暂无数据 | 房屋用途:商务公寓 | 房屋年限:暂无数据 | 产权所属:非共有 | 抵押信息:无抵押 | 房本备件:未上传房本照片,客厅 / 19.78平米 / 无 / 未知窗户类型 ; 卧室A / 9.1平米 / 西 / 普通窗 ; 卧室B / 14.53平米 / 无 / 未知窗户类型 ; 卧室C / 7.79平米 / 西 / 落地窗 ; 厨房 / 2.71平米 / 西 / 普通窗 ; 卫生间A / 2.88平米 / 无 / 无窗 ; 卫B / 2.31平米 / 无 / 无窗 ; 阳台 / 2.22平米 / 西 / 普通窗 ; 过道 / 4.41平米 / 无 / 无窗,
业主自己住，装修保养好，诚心出售，,"金泽花园 , 观澜",3室2厅,80.32平米,南 北,,中楼层(共7层),2002年,板楼,349 万,43452 元,1,,,近地铁 | VR房源,https://sz.lianjia.com/ershoufang/105118626101.html,地铁 | VR房源,此房满五唯一，自住装修保养好，光线是还可以的,,配套齐全，有比邻新天地、天虹商圈，观澜湖新城，购物、休闲、娱乐一应俱全；同时项目自带社区，生活便利,小区门口左转就是公交车站，悦兴围村口：b766路;m225路;m285路;m337路;m464路 距离港铁4号线延长线长湖站距离大概800米 日常交通出行方便,,,暂无数据,2024-10-18,商品房,普通住宅,暂无数据,非共有,有抵押,挂牌时间:2024-10-18 | 交易权属:商品房 | 上次交易:暂无数据 | 房屋用途:普通住宅 | 房屋年限:暂无数据 | 产权所属:非共有 | 抵押信息:有抵押 | 房本备件:未上传房本照片,客厅 / 15.53平米 / 无 / 无窗 ; 餐厅 / 8.46平米 / 西 南 / 普通窗 ; 卧室A / 10.15平米 / 西南 南 东南 / 落地窗 ; 卧室B / 13.92平米 / 西南 南 / 落地窗 ; 卧室C / 5.67平米 / 北 / 落地窗 ; 厨房 / 4.96平米 / 北 / 普通窗 ; 卫生间 / 2.41平米 / 北 / 普通窗 ; 阳台 / 1.44平米 / 南 / 普通窗,
远低于指导价 横厅三房两卫 带入户花园 税费少,"阳基御龙山 , 观澜",3室1厅,81.06平米,南,毛坯,31层,2018年,板塔结合,298 万,36763 元,6,,,VR看装修 | 随时看房,https://sz.lianjia.com/ershoufang/105112718843.html,VR看装修 | 随时看房,满五年 楼层/通风采光好，看房方便，价格实在,,,小区门口左转就是公交车站，悦兴围村口：b766路;m225路;m285路;m337路;m464路 距离港铁4号线延长线长湖站距离大概800米 日常交通出行方便,,,暂无数据,2023-02-19,商品房,普通住宅,暂无数据,非共有,有抵押 300万元 建设银行 客户偿还,挂牌时间:2023-02-19 | 交易权属:商品房 | 上次交易:暂无数据 | 房屋用途:普通住宅 | 房屋年限:暂无数据 | 产权所属:非共有 | 抵押信息:有抵押 300万元 建设银行 客户偿还 | 房本备件:未上传房本照片,客厅 / 25.17平米 / 无 / 未知窗户类型 ; 卧室A / 8.31平米 / 无 / 未知窗户类型 ; 卧室B / 6.01平米 / 西北 / 普通窗 ; 卧室C / 13.62平米 / 东北 东南 / 普通窗 ; 厨房 / 5.4平米 / 无 / 未知窗户类型 ; 卫生间A / 2.84平米 / 无 / 未知窗户类型 ; 卫生间B / 3.64平米 / 西北 / 普通窗 ; 阳台 / 4.32平米 / 西南 东北 东南 / 普通窗,
地铁口. 合正观澜汇二期 ，高楼层全屋德系智能装修 .,"合正观澜汇二期 , 观澜",3室2厅,97.45平米,西南,精装,33层,2023年,塔楼,478 万,49051 元,0,,,近地铁 | VR看装修,https://sz.lianjia.com/ershoufang/105121645449.html,地铁 | VR看装修,房源南向偏西，位置安静，高楼层 看小区泳池和园林 位置安静。,小区是2023年年初交楼的楼盘，总共6栋围合式组成 。总层高29层-33层，3梯5户和3梯6户组成。主力户型是96平的三房两卫和126平的四房两卫都带德系智能装修。,,,,,暂无数据,2025-08-01,商品房,普通住宅,暂无数据,非共有,无抵押,挂牌时间:2025-08-01 | 交易权属:商品房 | 上次交易:暂无数据 | 房屋用途:普通住宅 | 房屋年限:暂无数据 | 产权所属:非共有 | 抵押信息:无抵押 | 房本备件:未上传房本照片,客厅 / 25.83平米 / 西 / 普通窗 ; 卧室A / 9.53平米 / 无 / 未知窗户类型 ; 卧室B / 12.71平米 / 无 / 未知窗户类型 ; 卧室C / 6.74平米 / 无 / 未知窗户类型 ; 厨房 / 4.74平米 / 北 / 普通窗 ; 卫生间A / 4.06平米 / 北 / 普通窗 ; 卫生间B / 4.03平米 / 东 / 普通窗 ; 阳台 / 4.55平米 / 西 北 / 普通窗 ; 过道 / 3.64平米 / 无 / 无窗,
观澜长湖地铁口业主诚心出售温馨三房,"万科启城 , 观澜",3室2厅,81平米,东南,精装,高楼层(共48层),2023年,板塔结合,412 万,50865 元,1,,,近地铁 | VR看装修 | 随时看房,https://sz.lianjia.com/ershoufang/105120359188.html,地铁 | VR看装修 | 随时看房,房子高楼层，采光好，户型房子，适合居家。,小区人车分流，6栋高层，围合式花园，小区有泳池有儿童乐园，门口有民法和三外，700米长湖地铁站，300米有菜市场，生活方便居家舒适，,项目位于龙华区观澜板块，观湖街道的东南方位。所在区域是深圳中轴北的产业，南接坂田天安云谷、龙华宝能科技城，东连平湖金融与现代服务业基地，西临观澜高新产业园， 北为观澜传统制造业聚集地带,,,,暂无数据,2025-04-10,商品房,普通住宅,暂无数据,非共有,有抵押 200万元 中信 业主自还,挂牌时间:2025-04-10 | 交易权属:商品房 | 上次交易:暂无数据 | 房屋用途:普通住宅 | 房屋年限:暂无数据 | 产权所属:非共有 | 抵押信息:有抵押 200万元 中信 业主自还 | 房本备件:未上传房本照片,,
高层东南向三房近地铁，价格可谈,"北宸之光家园 , 观澜",3室1厅,80.85平米,东南,,高楼层(共52层),2023年,塔楼,395 万,48856 元,0,,,VR看装修,https://sz.lianjia.com/ershoufang/105118453453.html,VR看装修,高层精装三房近地铁，通风采光好价格可谈,小区由3栋楼房组成，社区自带幼儿园，大泳池，儿童活动场地，刚需户型车位充足安保齐全,配套齐全，有牛湖夜市街区、观澜湖新城，购物、休闲、娱乐一应俱全；同时项目自带社区购物，生活便利,,,,暂无数据,2024-09-30,商品房,普通住宅,暂无数据,非共有,有抵押 中国银行,挂牌时间:2024-09-30 | 交易权属:商品房 | 上次交易:暂无数据 | 房屋用途:普通住宅 | 房屋年限:暂无数据 | 产权所属:非共有 | 抵押信息:有抵押 中国银行 | 房本备件:未上传房本照片,客厅 / 18.75平米 / 南 / 普通窗 ; 卧室A / 6.2平米 / 无 / 未知窗户类型 ; 卧室B / 10.51平米 / 无 / 未知窗户类型 ; 卧室C / 5.8平米 / 南 / 普通窗 ; 厨房 / 3.96平米 / 西 / 普通窗 ; 卫生间 / 7.06平米 / 北 / 落地窗 ; 阳台 / 6.34平米 / 南 / 普通窗 ; 过道 / 3.58平米 / 无 / 无窗,
满五唯一住宅，精装修，领包入住,"阳基御龙山 , 观澜",3室2厅,86平米,南,,31层,2018年,板塔结合,310 万,36047 元,0,,,VR房源,https://sz.lianjia.com/ershoufang/105118687541.html,VR房源,房子满五唯一，精装修，装修漂亮，采光通风佳,阳基御龙山位于福城办事处福前路南侧，为山水资源同享的高品质纯居项目，共922户，1、2、3、5栋为住宅,配套齐全，有比邻新天地、天虹商圈，观澜湖新城，购物、休闲、娱乐一应俱全；同时项目自带社区，生活便利,小区门口左转就是公交车站，悦兴围村口：b766路;m225路;m285路;m337路;m464路 距离港铁4号线延长线长湖站距离大概800米 日常交通出行方便,,,暂无数据,2024-10-24,商品房,普通住宅,暂无数据,非共有,有抵押 220万元,挂牌时间:2024-10-24 | 交易权属:商品房 | 上次交易:暂无数据 | 房屋用途:普通住宅 | 房屋年限:暂无数据 | 产权所属:非共有 | 抵押信息:有抵押 220万元 | 房本备件:未上传房本照片,客厅 / 26.62平米 / 南 / 普通窗 ; 卧室A / 5.29平米 / 西 / 落地窗 ; 卧室B / 6.99平米 / 无 / 未知窗户类型 ; 卧室C / 14.05平米 / 无 / 未知窗户类型 ; 厨房 / 4.38平米 / 西 / 普通窗 ; 卫A / 1.77平米 / 北 / 普通窗 ; 卫生间B / 4.04平米 / 西 / 落地窗 ; 阳台 / 4.41平米 / 南 / 普通窗 ; 过道 / 2.06平米 / 无 / 无窗,
联排别墅 上下四层 全是套房 私家车位 诚售,"懿花园 , 观澜",4室2厅,183.5平米,南,简装,1层,2013年,板楼,1150 万,62671 元,2,,,VR房源 | 随时看房,https://sz.lianjia.com/ershoufang/105117540946.html,VR房源 | 随时看房,满五年税少 带私家车位 临横坑水库 绿化充足,,和黄懿花园也叫盈峰翠邸，由和记黄埔地产(深圳)有限公司开发，位于横坑水库。项目规划为地上建筑4-10层，地下2层，共59栋建筑(其中57栋住宅，2所幼儿园，及公建以地下室形式布置于地块南端)。 机动车位：600个；高层地库车位385个。,公交线路：公交（宝安高新科技园、观澜高新科技园）794、627、663、668、866，517.264.921路等 高速公路：机荷高速公路、梅观高速公路。有轨电车高新区站距离小区300米。出行便利,,,暂无数据,2024-07-08,商品房,别墅,暂无数据,非共有,有抵押 160万元 业主自还,挂牌时间:2024-07-08 | 交易权属:商品房 | 上次交易:暂无数据 | 房屋用途:别墅 | 房屋年限:暂无数据 | 产权所属:非共有 | 抵押信息:有抵押 160万元 业主自还 | 房本备件:未上传房本照片,客厅 / 46.86平米 / 无 / 落地窗 ; 卧室A / 14.19平米 / 无 / 未知窗户类型 ; 卧室B / 17.59平米 / 无 / 普通窗 ; 卧室C / 12.21平米 / 北 / 普通窗 ; 卧室D / 21.27平米 / 南 / 普通窗 ; 厨房 / 6.69平米 / 无 / 普通窗 ; 卫A / 1.96平米 / 无 / 普通窗 ; 卫生间B / 3.62平米 / 无 / 普通窗 ; 卫生间C / 4.84平米 / 无 / 普通窗 ; 卫生间D / 3.63平米 / 北 / 普通窗 ; 卫生间E / 7.28平米 / 无 / 无窗 ; 阳台A / 3.93平米 / 无 / 普通窗 ; 阳台B / 5平米 / 北 东 / 普通窗 ; 阳台C / 4.24平米 / 东 南 / 普通窗 ; 阳台D / 52.09平米 / 无 / 普通窗 ; 地下室 / 58.38平米 / 无 / 普通窗 ; 过道 / 3.78平米 / 无 / 无窗 ; 过道A / 17.49平米 / 无 / 无窗 ; 过道B / 7.42平米 / 无 / 无窗 ; 衣帽间 / 3.81平米 / 无 / 无窗,
户型方正，三房，适合三口之家在深圳的首套房选择,"奥宸观壹城 , 观澜",3室1厅,69.22平米,东 东南 南,精装,低楼层(共33层),2018年,板塔结合,268 万,38718 元,4,,,近地铁 | VR房源 | 房本满五年,https://sz.lianjia.com/ershoufang/105118004610.html,地铁 | VR房源 | 房本满五年,户型方正，三房，适合三口之家在深圳的首套房选择,,小区500米就是四号线松元厦地铁口，旁边G94，交通方便，出行便利 （2）楼下有自带商 业，1公里内观澜湖新城，百佳华商场，兴万达，民乐福等大型商场 （3）小区花园绿化高，居住环境高，适宜居家,距离小区800米左右地铁站4号线延长线松元厦站去往福田 区里小区200米左右公交车站M285路 321路去往火车站西广场 M361路去往龙华公交站 332路去往蛇口出行方便,,,2019-04-06,2024-08-19,商品房,普通住宅,满五年,非共有,有抵押 100万元 银行 业主自还,挂牌时间:2024-08-19 | 交易权属:商品房 | 上次交易:2019-04-06 | 房屋用途:普通住宅 | 房屋年限:满五年 | 产权所属:非共有 | 抵押信息:有抵押 100万元 银行 业主自还 | 房本备件:已上传房本照片,客厅 / 23.56平米 / 无 / 普通窗 ; 卧室A / 5.06平米 / 无 / 无窗 ; 卧室B / 5.74平米 / 无 / 落地窗 ; 卧室C / 11.05平米 / 无 / 未知窗户类型 ; 厨房 / 4.44平米 / 无 / 普通窗 ; 卫 / 2.45平米 / 无 / 普通窗 ; 阳台 / 3.48平米 / 无 / 普通窗,
东南向，建13平米，高使用率三房,"懿花园 , 观澜",3室2厅,89.23平米,东南,精装,低楼层(共10层),2013年,板楼,358 万,40122 元,1,,,VR看装修,https://sz.lianjia.com/ershoufang/105118874925.html,VR看装修,东南朝向，低楼层诚心卖，建13平阳台，采光无遮挡，,和黄懿花园也叫盈峰翠邸，由和记黄埔地产(深圳)有限公司开发，位于横坑水库。项目规划为地上建筑4-10层，地下2层，共59栋建筑(其中57栋住宅，2所幼儿园，及公建以地下室形式布置于地块南端)。 机动车位：600个；高层地库车位385个，多层地库车位200个,医疗龙华人民医院（4600米百度地图测距龙华综合医院在建中3100米百度地图测距新科技园社区健康服务购物商场楼下佳又惠百货医院天虹（2400米百度地图测距,公交线路：公交（宝安高新科技园、观澜高新科技园）794、627、663、668、866路等，出小区就是有轨电车站台，高速公路：机荷高速公路、梅观高速公路，交通方便。,,,暂无数据,2024-11-11,商品房,普通住宅,暂无数据,非共有,有抵押 30万元,挂牌时间:2024-11-11 | 交易权属:商品房 | 上次交易:暂无数据 | 房屋用途:普通住宅 | 房屋年限:暂无数据 | 产权所属:非共有 | 抵押信息:有抵押 30万元 | 房本备件:未上传房本照片,客厅 / 28.86平米 / 南 / 落地窗 ; 卧室A / 10.36平米 / 北 东 / 落地窗 ; 卧室B / 15.43平米 / 无 / 未知窗户类型 ; 卧室C / 9.59平米 / 南 / 落地窗 ; 厨房 / 5.51平米 / 东 / 普通窗 ; 卫生间A / 3.55平米 / 无 / 普通窗 ; 卫生间B / 3.59平米 / 东 / 普通窗 ; 阳台A / 3.9平米 / 东 / 普通窗 ; 阳台B / 7.92平米 / 西 东 南 / 落地窗 ; 过道 / 2.84平米 / 无 / 无窗,
奥宸观壹城二房  带装修 业主诚心卖,"奥宸观壹城 , 观澜",2室1厅,69.77平米,东,,高楼层(共33层),2018年,板塔结合,265 万,37982 元,7,,,近地铁 | VR看装修,https://sz.lianjia.com/ershoufang/105118213075.html,地铁 | VR看装修,满五唯一，税费少 看房方便 装修好 朝东,目占地约五万，总建面达到三十万平米，并且规划为具有70-130平米的住宅、40-80平米的公寓、以及四万平米的商场，小区里面配有水系景观，娱乐健身场所，儿童游乐场等,项目对，面有杜鹃幼儿园未来项目规划自带3200平米的12班中英双语幼儿园以及近的SHOPPINGMAL同时项目地理位置较为靠观澜湖新城未来也可共享观澜商，业旗舰,项目位于观平路与人民路交汇处西北侧，地铁4号线松元夏站旁边，交通比较方便，有公车线路，和观澜汽车总站，有各区班车到达清湖地铁站,,,暂无数据,2024-09-07,商品房,普通住宅,暂无数据,非共有,有抵押 70万元 农业银行 业主自还,挂牌时间:2024-09-07 | 交易权属:商品房 | 上次交易:暂无数据 | 房屋用途:普通住宅 | 房屋年限:暂无数据 | 产权所属:非共有 | 抵押信息:有抵押 70万元 农业银行 业主自还 | 房本备件:未上传房本照片,客厅 / 24.58平米 / 东 / 普通窗 ; 卧室A / 9.09平米 / 北 / 落地窗 ; 卧室B / 10.59平米 / 无 / 未知窗户类型 ; 厨房 / 4.61平米 / 北 / 普通窗 ; 卫生间 / 3.6平米 / 北 / 普通窗 ; 阳台 / 3.43平米 / 东 / 普通窗,
方正三房，诚意出售，近地铁出行便利,"陶润懿峰 , 观澜",3室2厅,74.74平米,南 北,精装,低楼层(共32层),2016年,板塔结合,408 万,54590 元,1,,,近地铁 | VR房源,https://sz.lianjia.com/ershoufang/105118473194.html,地铁 | VR房源,方正三房，诚心出售，环境优美住家温馨惬意,2016年的小区，精装交楼小区很新，观澜河湿地公园就在小区旁边车库出入口有新建一个公园，环境优美，居民都喜欢在河边散步，龙华区政府就在小区北面,观澜天虹，福城天虹。医院：龙华观澜医院，新建有一个观澜综合人民医院，银行：中国邮政大河支局，中国银行，工商银行，招商银行农业银行，建设银行，休闲娱乐：人民公园，新世纪广场，湿地公园,小区门口就有公交站，途经的公交线众多，多条线路到达福田，罗湖。正大门左边有轨道电车在小区门口，文澜站直到清湖地铁口，观澜大桥可以直接上济河高速，正大门右边700米竹村地铁口。,,,暂无数据,2024-10-02,商品房,普通住宅,暂无数据,非共有,有抵押 200万元,挂牌时间:2024-10-02 | 交易权属:商品房 | 上次交易:暂无数据 | 房屋用途:普通住宅 | 房屋年限:暂无数据 | 产权所属:非共有 | 抵押信息:有抵押 200万元 | 房本备件:未上传房本照片,客厅 / 25.58平米 / 西南 / 普通窗 ; 卧室A / 9.76平米 / 无 / 未知窗户类型 ; 卧室B / 8.75平米 / 东南 / 落地窗 ; 卧室C / 5.4平米 / 无 / 未知窗户类型 ; 厨房 / 4.05平米 / 东南 / 普通窗 ; 卫生间 / 2.97平米 / 东南 / 普通窗 ; 阳台 / 3.66平米 / 西南 / 普通窗,
户型方正，实用率高，高楼层，通风采光效果好,"阳基御龙山 , 观澜",3室2厅,77.93平米,东南,毛坯,31层,2018年,板塔结合,267.9 万,34378 元,3,,,VR看装修 | 随时看房,https://sz.lianjia.com/ershoufang/105117547737.html,VR看装修 | 随时看房,红本在手，费用低流程短，户型方正，实用率高，高楼层,小区2018年建成，总建筑面积117475，总占地面积20176.4，共计房屋1082户，小区物业公司为深圳市阳基物业管理有限公司，物业管理费3.8元/平方。小区有地面花园，绿化好，有儿童乐园，康乐设施，文体馆，有12班公立幼儿园，门口还有社区公园。,,交通方便，小区门口有公交站，公交可以直达龙华，也可以转乘地铁，离长湖地铁站约1.3公里。,,,暂无数据,2024-07-08,商品房,普通住宅,暂无数据,非共有,无抵押,挂牌时间:2024-07-08 | 交易权属:商品房 | 上次交易:暂无数据 | 房屋用途:普通住宅 | 房屋年限:暂无数据 | 产权所属:非共有 | 抵押信息:无抵押 | 房本备件:未上传房本照片,客厅 / 20.57平米 / 无 / 普通窗 ; 卧室A / 13.67平米 / 无 / 未知窗户类型 ; 卧室B / 8.65平米 / 无 / 未知窗户类型 ; 厨房 / 5.67平米 / 无 / 未知窗户类型 ; 卫生间 / 3.98平米 / 无 / 无窗 ; 阳台A / 5.63平米 / 无 / 普通窗 ; 阳台B / 3.72平米 / 无 / 普通窗 ; 过道 / 1.62平米 / 无 / 无窗,
奥宸观壹城36平复式 小户型 业主诚心卖,"奥宸观壹城 , 观澜",2室1厅,36.86平米,东北,,中楼层(共21层),2017年,板塔结合,88 万,23875 元,2,,24天以前发布,近地铁 | VR房源 | 随时看房,https://sz.lianjia.com/ershoufang/105122121037.html,地铁 | VR房源 | 随时看房,户型好 使用率 高   采光好,本小区环境优雅安静，小区人才分流，小区物业管理严格，小区自带健身器材，小孩玩乐区，恒温游泳池，不出小区老人小孩都有健身游玩之处，适合家有老人和小孩的家庭，真正做到入则宁静，移步繁华,离小区1.8公里观澜湖新城吃喝玩乐一体 离小区20米就是振能 小区自带幼儿园,距离小区800米左右地铁站4号线延长线松元厦站去往福田 区里小区200米左右公交车站M285路 321路去往火车站西广场 M361路去往龙华公交站 332路去往蛇口出行方便,,,暂无数据,2025-09-13,商品房,普通住宅,暂无数据,非共有,无抵押,挂牌时间:2025-09-13 | 交易权属:商品房 | 上次交易:暂无数据 | 房屋用途:普通住宅 | 房屋年限:暂无数据 | 产权所属:非共有 | 抵押信息:无抵押 | 房本备件:未上传房本照片,,
高楼层，带装修 方正三房，即买即住，固定车位,"招商澜园 , 观澜",3室2厅,82.68平米,南,精装,高楼层(共25层),2010年,板塔结合,350 万,42332 元,0,,,VR看装修,https://sz.lianjia.com/ershoufang/105118247158.html,VR看装修,视野采光好，小区环境好，高楼层，方正三房，买房有车位,小区由招商局地产开发，国家一级物业资质的招商物业管理，小区部分为南北两区，由十三栋高层组成，低密度，是个纯居住的大社区，自带6000平的大花园，人车分流，很适合有老人和小孩的客户，小区自带幼儿园，有1个固定车位。,观澜街道办 休闲区域：新世纪广场、观澜文化广场， 商场：设施天虹商场、比邻新天地，观澜河湿地公园距离小区近在咫尺。龙华区政府距离小区2公里，属于新区政府辐射范围内。项目：现聚集多家大品牌开发商在此拿地。如：万科 卓 越，金光华，阳基等,小区门口就有公交站，途径的公交线众多如：M313 M545 M287 M337 M320 M321 等，有轨电车在小区门口文澜站，直接到达清湖地铁口，竹村地铁口 800米，观澜大桥直接可以上机荷高速，多条公交线路到达罗湖，福田,,,暂无数据,2024-09-10,商品房,普通住宅,暂无数据,非共有,有抵押,挂牌时间:2024-09-10 | 交易权属:商品房 | 上次交易:暂无数据 | 房屋用途:普通住宅 | 房屋年限:暂无数据 | 产权所属:非共有 | 抵押信息:有抵押 | 房本备件:未上传房本照片,客厅 / 28.63平米 / 南 / 普通窗 ; 卧室A / 9.3平米 / 无 / 未知窗户类型 ; 卧室B / 8.82平米 / 东 南 / 落地窗 ; 卧室C / 13.54平米 / 无 / 未知窗户类型 ; 厨房 / 4.23平米 / 东 / 落地窗 ; 卫生间 / 3.85平米 / 东 / 普通窗 ; 阳台A / 2.22平米 / 东 / 落地窗 ; 阳台B / 5.18平米 / 南 / 普通窗,
4号线松元厦地铁口毛坯复式两房,"奥宸观壹城 , 观澜",2室1厅,36.72平米,北,毛坯,中楼层(共21层),2017年,板塔结合,75 万,20425 元,4,,,近地铁 | VR房源 | 房本满五年 | 随时看房,https://sz.lianjia.com/ershoufang/105120726721.html,地铁 | VR房源 | 房本满五年 | 随时看房,层高4.5米，已经搭板，可以按照自己喜好装修,,离小区1.8公里观澜湖新城吃喝玩乐一体 离小区20米就是振能 小区自带幼儿园,距离小区800米左右地铁站4号线延长线松元厦站去往福田 区里小区200米左右公交车站M285路 321路去往火车站西广场 M361路去往龙华公交站 332路去往蛇口出行方便,,,2017-03-27,2025-05-14,商品房,公寓,满五年,非共有,有抵押 28万元 业主自还,挂牌时间:2025-05-14 | 交易权属:商品房 | 上次交易:2017-03-27 | 房屋用途:公寓 | 房屋年限:满五年 | 产权所属:非共有 | 抵押信息:有抵押 28万元 业主自还 | 房本备件:已上传房本照片,客厅 / 23.7平米 / 北 / 落地窗 ; 卧室 / 24.04平米 / 无 / 落地窗,
奥宸观壹城69平2房 朝南中间层,"奥宸观壹城 , 观澜",2室2厅,69.22平米,西南,,中楼层(共33层),2018年,板塔结合,235 万,33950 元,1,,,近地铁 | VR看装修,https://sz.lianjia.com/ershoufang/105120600922.html,地铁 | VR看装修,满五唯一 税 费 少，户型采光好 业主诚 心 卖,小区占地40000，总建面达到300000平米，小区绿化好，并且规划为具有70-130平米的住宅、40-80平米的公寓、以及50000平米的业态，整体的规模未来在观澜也将不容小觑。尽管当前观澜片区发展不一，但奥宸观壹城交通及配套规划好,小区自带3200平12班幼儿园，旁边还有松元幼儿园。交通方便，有地铁4号线延长线-松元夏站，距离小区900米，商-业类：自带5商-业，及龙华最-大商-业-观澜湖新城,4号线松元厦站，距离600米（高德地图） 购物：观澜湖新城，有餐饮，培训，娱乐及一体化,,,暂无数据,2025-05-02,商品房,普通住宅,暂无数据,非共有,有抵押 90万元,挂牌时间:2025-05-02 | 交易权属:商品房 | 上次交易:暂无数据 | 房屋用途:普通住宅 | 房屋年限:暂无数据 | 产权所属:非共有 | 抵押信息:有抵押 90万元 | 房本备件:未上传房本照片,,
区政府旁，低密度大小区，宜居小区安静小三房,"格澜郡二期 , 观澜",3室2厅,86.01平米,南,精装,中楼层(共18层),2007年,板塔结合,360 万,41856 元,1,,,近地铁 | VR看装修,https://sz.lianjia.com/ershoufang/105121027951.html,地铁 | VR看装修,房子满五年，南向，中间楼层，安静户型，采光通风好,中航格澜郡位于深圳龙华新区观澜，东临大和路，西临沿河路，南起环观南路，北至工业大道。其北面即为观澜世纪广场与文化艺术场所，与观澜街道办仅一河之隔，可谓是尊贵地段，尽享观澜政治、文化、商 业的优势。整个小区为苏格兰风情大社区,综合商场：天虹商场、福城天虹、民乐福购物场所 医院：观澜人民医院 邮局：观澜邮局 银行：农业银行，浦发银行，建设银行，中国工商银行 其他：文化艺术场所、体育活动场所。,"深圳中航格澜郡公交站，途径中航格澜郡公交站的有B652路、B693路、M264路等6条公交线路.深圳中航格澜郡有7个公交站,分别是大和路口(157米),安佳工业园(193米),观澜天虹商场(419米),富士施乐(470米),格兰云天酒店(569米)等。另轻轨已经开通，出行更加方便。",,,暂无数据,2025-06-10,商品房,普通住宅,暂无数据,非共有,有抵押,挂牌时间:2025-06-10 | 交易权属:商品房 | 上次交易:暂无数据 | 房屋用途:普通住宅 | 房屋年限:暂无数据 | 产权所属:非共有 | 抵押信息:有抵押 | 房本备件:未上传房本照片,,
纯别墅小区  上下四层  前后花园  采光通风良好,"观湖园 , 观澜",10室4厅,65平米,东南,,3层,2012年,板楼,2090 万,321539 元,0,,,VR房源,https://sz.lianjia.com/ershoufang/105120462251.html,VR房源,深圳纯别墅小区，无高层，容积低,观湖园项目位于龙华新区观澜镇，邻近梅观高速公路，在梅观高速观澜出口。小区占地面积：37.6平方米，容积低，绿化高，东南亚园林景观设计。双拼跟独栋管理费是6.5平米，叠拼的管理费是4.95平米，小区安保严密，24小时巡逻监控,小区南门200米，有菜市场，能满足日常所需；距离观澜湖新城约5公 里，观澜湖新城是大型的，一系列品牌都已进驻，购物娱乐 都相当方便；距离观澜人民医院及伟光医院约6公里,观湖园纯别墅小区邻近梅观高速公路，距离梅观高速观澜出口约1.5公里 ，去南山约33公里，罗湖约30公里，福田约28公里，交通如此便利的接轨 市内生活圈。到观澜汽车站和观澜湖新城约5公里。,,,暂无数据,2025-04-19,商品房,别墅,暂无数据,非共有,无抵押,挂牌时间:2025-04-19 | 交易权属:商品房 | 上次交易:暂无数据 | 房屋用途:别墅 | 房屋年限:暂无数据 | 产权所属:非共有 | 抵押信息:无抵押 | 房本备件:未上传房本照片,卧室 / 17.24平米 / 无 / 未知窗户类型 ; 卫生间 / 6.7平米 / 北 / 普通窗,
满五年，看房方便，交易简单，随时签合同,"北宸之光家园 , 观澜",3室2厅,80.85平米,北,,高楼层(共52层),2023年,塔楼,298 万,36859 元,0,,,VR看装修 | 随时看房,https://sz.lianjia.com/ershoufang/105121006234.html,VR看装修 | 随时看房,满五年，社区有园林，安静，交通方便户型通透,小区由3栋楼房组成，社区自带幼儿园，大泳池，儿童活动场地，刚需户型车位充足安保齐全,配套齐全，有牛湖夜市街区、观澜湖新城，购物、休闲、娱乐一应俱全；同时项目自带社区购物，生活便利,,,,暂无数据,2025-06-08,商品房,普通住宅,暂无数据,非共有,有抵押 170万元,挂牌时间:2025-06-08 | 交易权属:商品房 | 上次交易:暂无数据 | 房屋用途:普通住宅 | 房屋年限:暂无数据 | 产权所属:非共有 | 抵押信息:有抵押 170万元 | 房本备件:未上传房本照片,客厅 / 18.66平米 / 东 / 普通窗 ; 卧室A / 6.01平米 / 无 / 未知窗户类型 ; 卧室B / 9.85平米 / 无 / 未知窗户类型 ; 卧室C / 5.84平米 / 东 / 普通窗 ; 厨房 / 4.04平米 / 南 / 普通窗 ; 卫生间 / 7.03平米 / 西 / 落地窗 ; 阳台 / 6.18平米 / 东 / 普通窗 ; 过道 / 3.55平米 / 无 / 无窗,
上下四层  精装修  采光通风良好  房子户型方正,"观湖园 , 观澜",4室1厅,192.21平米,南,,中楼层(共4层),2009年,板楼,998 万,51923 元,4,,,VR房源 | 随时看房,https://sz.lianjia.com/ershoufang/105121372577.html,VR房源 | 随时看房,"此房满五不唯一，上叠加别墅，采光通风好,",观湖园项目位于龙华新区观澜镇，邻近梅观高速公路，在梅观高速观澜出口旁。小区占地面积：37.6平方米，东南亚园林景观设计。双拼独栋叠拼，小区安保严密，24小时巡逻监控,距离观澜湖新城约5公里，观澜湖新城是大型的Shopping Mall，一系列品牌都有进驻新城，购物娱乐都相当方便。距离观澜人民医院及伟光医院约6公里。小区到库坑小.學约1公里,观湖园别墅小区邻近梅观高速公路，距离梅观高速观澜出口约1.5公里，去南山约33公里，罗湖约30公里，福田约28公里，交通如此便利的接轨市内生活圈。到观澜汽车站和观澜湖新城约五公里，观澜湖新城是大型的Shopping Mall，交通出行娱乐购物也是相当方便。,,,暂无数据,2025-07-08,商品房,普通住宅,暂无数据,非共有,有抵押 200万元,挂牌时间:2025-07-08 | 交易权属:商品房 | 上次交易:暂无数据 | 房屋用途:普通住宅 | 房屋年限:暂无数据 | 产权所属:非共有 | 抵押信息:有抵押 200万元 | 房本备件:未上传房本照片,,
低密度小区，高层，安静户型，业主诚售,"招商观园 , 观澜",3室1厅,88.66平米,南,简装,高楼层(共18层),2012年,塔楼,369 万,41620 元,0,,,VR房源 | 随时看房,https://sz.lianjia.com/ershoufang/105120628962.html,VR房源 | 随时看房,房子采光充足，中间安静楼层，看房方便,招商观园地块位于深圳市宝安区观澜街道环观南路北侧，与观澜高新技术园区隔路相望，邻进梅观高速、机荷高速，占地147595.156平方米，招商观园2期将近期推出全新升级力作中.央园林湖景单位,医疗龙华医院（4600米百度地图测距龙华综合医院在建中3100米百度地图测距新科技园社区健康服务,,,,暂无数据,2025-05-05,商品房,普通住宅,暂无数据,非共有,有抵押 业主自还,挂牌时间:2025-05-05 | 交易权属:商品房 | 上次交易:暂无数据 | 房屋用途:普通住宅 | 房屋年限:暂无数据 | 产权所属:非共有 | 抵押信息:有抵押 业主自还 | 房本备件:未上传房本照片,客厅 / 24.43平米 / 北 / 落地窗 ; 卧室A / 21平米 / 无 / 未知窗户类型 ; 卧室B / 9.42平米 / 无 / 未知窗户类型 ; 卧室C / 5.27平米 / 北 / 落地窗 ; 厨房 / 5.5平米 / 北 / 落地窗 ; 卫生间 / 4.95平米 / 无 / 无窗 ; 阳台 / 3.1平米 / 北 东 / 普通窗 ; 储物间 / 3.99平米 / 无 / 无窗 ; 过道 / 7.73平米 / 无 / 无窗,
观澜好房急售，户型方正，采光通风好,"懿花园 , 观澜",3室2厅,89平米,南,简装,中楼层(共10层),2013年,板楼,396 万,44495 元,1,,,VR看装修,https://sz.lianjia.com/ershoufang/105119942510.html,VR看装修,观澜好房急售，户型方正，采光通风好，业主诚心卖,和黄懿花园也叫盈峰翠邸，由和记黄埔地产(深圳)有限公司开发，位于横坑水库。项目规划为地上建筑4-10层，地下2层，共59栋建筑(其中57栋住宅，2所幼儿园，及公建以地下室形式布置于地块南端)。 机动车位：600个；高层地库车位385个，多层地库车位200个,,公交线路：公交（宝安高新科技园、观澜高新科技园）794、627、663、668、866，517.264.921路等 高速公路：机荷高速公路、梅观高速公路。有轨电车高新区站距离小区300米。出行便利,,,暂无数据,2025-03-06,商品房,普通住宅,暂无数据,非共有,无抵押,挂牌时间:2025-03-06 | 交易权属:商品房 | 上次交易:暂无数据 | 房屋用途:普通住宅 | 房屋年限:暂无数据 | 产权所属:非共有 | 抵押信息:无抵押 | 房本备件:未上传房本照片,客厅 / 24.08平米 / 南 / 普通窗 ; 卧室A / 10.62平米 / 北 东 / 落地窗 ; 卧室B / 15.77平米 / 无 / 未知窗户类型 ; 卧室C / 9.78平米 / 西 南 / 落地窗 ; 厨房 / 5.57平米 / 东 / 普通窗 ; 卫生间A / 3.66平米 / 北 / 普通窗 ; 卫生间B / 3.54平米 / 东 / 普通窗 ; 阳台A / 3.71平米 / 北 东 / 普通窗 ; 阳台B / 6.65平米 / 西 东 南 / 普通窗 ; 过道 / 2.89平米 / 无 / 无窗,
观澜湖精装大3房，3阳台朝南向，居住舒适，看园林美景,"观澜湖比佩亚区 , 观澜",3室2厅,155.77平米,南,,7层,2011年,板塔结合,580 万,37235 元,2,,,VR房源,https://sz.lianjia.com/ershoufang/105121079421.html,VR房源,观澜湖精装大3房，3阳台，朝南向，保养好，居住舒适，看园林美景,观澜湖已经形成国际高尔夫别墅住区，把背景相同、事业有成的人士聚集在一起，创造出生活与事业的平台。在10多平方公里的绿色王国上，建筑覆盖率不到1%，属于纯粹的高尔夫球场中/央物业，完全被球道环/绕，从住宅的任何一个角度，都可以观赏到绿色的景观,小区南门50亿观澜湖新城，观澜湖生态体育公园，观澜天虹商场，兴万达商场等，龙华人民医/院，塘厦人民医/院，小区内有会所/游泳池/健身房/高尔夫业主练习场/穿梭巴士等免费使用园区内有免费巴士接，多条公交直达，高尔夫大道，观光路，观澜大道，观平路等..,园区内有免费巴士接，多条公交直达，高尔夫大道，观光路，观澜大道，观平路等城市主干道环-绕，梅观高速观澜出口2公里，地铁4号线（观澜湖新城站）已开通，观澜湖免费班车随时出行！,,,暂无数据,2025-06-14,商品房,普通住宅,暂无数据,非共有,有抵押,挂牌时间:2025-06-14 | 交易权属:商品房 | 上次交易:暂无数据 | 房屋用途:普通住宅 | 房屋年限:暂无数据 | 产权所属:非共有 | 抵押信息:有抵押 | 房本备件:未上传房本照片,客厅 / 34.1平米 / 西 南 / 普通窗 ; 卧室A / 10.39平米 / 西 / 普通窗 ; 卧室B / 12.69平米 / 南 / 落地窗 ; 卧室C / 27.42平米 / 南 / 普通窗 ; 厨房 / 5.86平米 / 西 / 普通窗 ; 卫生间A / 4.19平米 / 无 / 无窗 ; 卫生间B / 9.25平米 / 东 / 普通窗 ; 阳台A / 3.43平米 / 西 南 / 普通窗 ; 阳台B / 3.45平米 / 西 北 南 / 普通窗 ; 阳台C / 11.7平米 / 西 东 南 / 普通窗 ; 过道 / 6.99平米 / 无 / 无窗,
观湖园 5室1厅 南,"观湖园 , 观澜",5室1厅,525平米,南,毛坯,3层,2012年,板楼,3530 万,67239 元,0,,,VR房源,https://sz.lianjia.com/ershoufang/105107726314.html,VR房源,,,,,,,暂无数据,2021-06-24,商品房,别墅,暂无数据,非共有,无抵押,挂牌时间:2021-06-24 | 交易权属:商品房 | 上次交易:暂无数据 | 房屋用途:别墅 | 房屋年限:暂无数据 | 产权所属:非共有 | 抵押信息:无抵押 | 房本备件:未上传房本照片,客厅 / 57.7平米 / 无 / 普通窗 ; 卧室A / 18.08平米 / 无 / 落地窗 ; 卧室B / 12.85平米 / 无 / 普通窗 ; 卧室C / 16.1平米 / 无 / 普通窗 ; 厨房 / 15.62平米 / 无 / 普通窗 ; 卫生间A / 4.78平米 / 无 / 普通窗 ; 卫生间B / 4.71平米 / 无 / 普通窗 ; 卫生间C / 4.45平米 / 无 / 普通窗 ; 阳台A / 8.68平米 / 无 / 普通窗 ; 阳台B / 19.45平米 / 无 / 普通窗 ; 阳台C / 28.64平米 / 无 / 普通窗 ; 露台 / 142.65平米 / 无 / 普通窗 ; 天井 / 3.79平米 / 无 / 无窗 ; 楼梯间 / 10.41平米 / 无 / 落地窗 ; 楼梯间A / 33.17平米 / 无 / 无窗 ; 楼梯间B / 15.51平米 / 无 / 无窗,
次新小区环境好带公园  位置安静,"中森公园华府 , 观澜",4室2厅,126.5平米,东南,,高楼层(共30层),2020年,板塔结合,560 万,44269 元,1,,,VR房源,https://sz.lianjia.com/ershoufang/105117261594.html,VR房源,高层采光好次新小区环境好 位置安静,开发商为深圳中森，是以房地产为产业的企业，主要以珠三角地区和成渝地区为发展区域。 在深圳有几个住宅地产项目，为人熟知的应该是科技园片区华润城邻居的英伦名苑1-3期，以及龙岗的中森双子座。,项目位于龙华区观澜板块，观湖街道的东南方位。所在区域是深圳中轴北的产业，南接坂田天安云谷、龙华宝能科技城，东连平湖金融与现代服务业基地，西临观澜高新产业园， 北为观澜传统制造业聚集地带。项目西侧约1.6公里处为鹭湖科技文化片区，,,,,暂无数据,2024-06-11,商品房,普通住宅,暂无数据,非共有,有抵押 230万元 客户偿还,挂牌时间:2024-06-11 | 交易权属:商品房 | 上次交易:暂无数据 | 房屋用途:普通住宅 | 房屋年限:暂无数据 | 产权所属:非共有 | 抵押信息:有抵押 230万元 客户偿还 | 房本备件:未上传房本照片,客厅 / 32.34平米 / 北 南 / 落地窗 ; 卧室A / 10.54平米 / 无 / 未知窗户类型 ; 卧室B / 7.2平米 / 北 / 落地窗 ; 卧室C / 18.13平米 / 无 / 未知窗户类型 ; 卧室D / 11.93平米 / 无 / 未知窗户类型 ; 厨房 / 10.55平米 / 南 / 普通窗 ; 卫生间A / 3.48平米 / 北 / 落地窗 ; 卫生间B / 4.83平米 / 南 / 落地窗 ; 阳台 / 4.31平米 / 西 东 南 / 落地窗 ; 过道A / 7.08平米 / 无 / 无窗 ; 过道B / 2.83平米 / 无 / 无窗,
优质楼层，环境佳，公园旁，次新阳光房,"中森公园华府 , 观澜",3室2厅,89.07平米,东北,,中楼层(共30层),2020年,板塔结合,436 万,48951 元,0,,,VR房源 | 房本满五年,https://sz.lianjia.com/ershoufang/105116300135.html,VR房源 | 房本满五年,次新房，小区环境好，带公园，楼层好，光线充足,开发商为深圳中森，是以房地产为产业的企业，主要以珠三角地区和成渝地区为发展区域。 在深圳有几个住宅地产项目，为人熟知的应该是科技园片区华润城邻居的英伦名苑1-3期，以及龙岗的中森双子座。,项目位于龙华区观澜板块，观湖街道的东南方位。所在区域是深圳中轴北的产业，南接坂田天安云谷、龙华宝能科技城，东连平湖金融与现代服务业基地，西临观澜高新产业园， 北为观澜传统制造业聚集地带。项目西侧约1.6公里处为鹭湖科技文化片区,,,,2020-05-05,2024-03-10,商品房,普通住宅,满五年,非共有,有抵押 200万元,挂牌时间:2024-03-10 | 交易权属:商品房 | 上次交易:2020-05-05 | 房屋用途:普通住宅 | 房屋年限:满五年 | 产权所属:非共有 | 抵押信息:有抵押 200万元 | 房本备件:已上传房本照片,客厅 / 26.18平米 / 无 / 未知窗户类型 ; 卧室A / 8.5平米 / 无 / 未知窗户类型 ; 卧室B / 14.14平米 / 无 / 未知窗户类型 ; 卧室C / 6.06平米 / 南 / 落地窗 ; 厨房 / 4.27平米 / 无 / 无窗 ; 卫生间A / 3.06平米 / 北 / 落地窗 ; 卫生间B / 5.66平米 / 北 / 落地窗 ; 阳台 / 2.76平米 / 北 / 普通窗 ; 储物间 / 2.1平米 / 无 / 无窗 ; 过道 / 3.03平米 / 无 / 无窗,
仁山智水三期高层视野开阔南北对流,"城建仁山智水花园三期 , 观澜",3室1厅,304.7平米,东南,毛坯,高楼层(共41层),2015年,板楼,1600 万,52511 元,1,,,VR房源,https://sz.lianjia.com/ershoufang/105110570067.html,VR房源,chao高层视野开阔南北对流板楼密度低,仁山智水由深圳市城市建设开发公司开发，小区占地近20平，总建筑面积为557584.63㎡，住宅282053.6㎡，商铺5860㎡，幼儿园3500.08㎡，建筑主体包括95栋住宅楼，其中有83栋低多层住宅及8栋高层和4栋高层，住宅共1445户，车位3158个,医疗龙华医院（4600米百度地图测距龙华综合医院在建中3100米百度地图测距新科技园社区健康服务购物利商场楼下佳又惠百货医院天虹（2400米百度地图测距,公交线路：公交（观澜高新园站）M567、M264、313、E4路等，出小区约100米 有轨电车站台（电车接驳地铁4号线清湖地铁口），高速公路：机荷高速公路、梅观高速公路，交通方便。,,,暂无数据,2022-05-21,商品房,普通住宅,暂无数据,非共有,无抵押,挂牌时间:2022-05-21 | 交易权属:商品房 | 上次交易:暂无数据 | 房屋用途:普通住宅 | 房屋年限:暂无数据 | 产权所属:非共有 | 抵押信息:无抵押 | 房本备件:未上传房本照片,客厅 / 70.97平米 / 南 / 普通窗 ; 卧室A / 11.68平米 / 无 / 未知窗户类型 ; 卧室B / 17.44平米 / 无 / 未知窗户类型 ; 卧室C / 53.16平米 / 无 / 未知窗户类型 ; 厨房 / 9.65平米 / 北 / 普通窗 ; 卫生间A / 8.22平米 / 北 / 普通窗 ; 卫生间B / 8.28平米 / 无 / 无窗 ; 卫生间C / 14.97平米 / 无 / 无窗 ; 阳台A / 38.61平米 / 北 / 普通窗 ; 阳台B / 11.34平米 / 无 / 无窗 ; 阳台C / 17.79平米 / 东 南 / 普通窗 ; 储物间A / 4.26平米 / 无 / 无窗 ; 储物间B / 11.73平米 / 无 / 未知窗户类型 ; 过道 / 14.69平米 / 无 / 无窗,
南北通透，享大阳台，一楼花园房，四房双卫,"格澜郡二期 , 观澜",4室2厅,95.8平米,南 北,精装,低楼层(共18层),2007年,板塔结合,514 万,53654 元,0,,,近地铁 | VR房源,https://sz.lianjia.com/ershoufang/105116263829.html,地铁 | VR房源,不满五年，四房两卫，有欠款。带80平花园。,小区由中航开发，由30多栋小高层住宅组成，主力户型为70平至140平三房和143平至175平四房。,大和世纪广场，观澜河湿地走廊，观澜天虹商场，格澜郡步行街，福城天虹商场，格兰云天酒店,有轨电车世纪广场站，地铁茜坑站，公交车观澜天虹站，格澜郡站，沈海高速龙华北入口，梅观高速观澜入口,,,暂无数据,2024-03-06,商品房,普通住宅,暂无数据,非共有,有抵押 290万元,挂牌时间:2024-03-06 | 交易权属:商品房 | 上次交易:暂无数据 | 房屋用途:普通住宅 | 房屋年限:暂无数据 | 产权所属:非共有 | 抵押信息:有抵押 290万元 | 房本备件:未上传房本照片,客厅 / 30.48平米 / 北 南 / 落地窗 ; 卧室A / 9.07平米 / 东 南 / 落地窗 ; 卧室B / 12.89平米 / 无 / 未知窗户类型 ; 卧室C / 10.62平米 / 无 / 未知窗户类型 ; 卧室D / 8.64平米 / 无 / 未知窗户类型 ; 厨房 / 5.58平米 / 无 / 无窗 ; 卫生间A / 3.26平米 / 西北 / 落地窗 ; 卫生间B / 3.44平米 / 南 / 落地窗 ; 阳台 / 7.68平米 / 东 南 / 落地窗 ; 储物间 / 4.46平米 / 无 / 无窗 ; 过道 / 2.33平米 / 无 / 无窗 ; 门厅 / 6平米 / 无 / 无窗,
满五唯一，红本在手。高实用率，楼层好，视野好！,"阳基御龙山 , 观澜",3室2厅,78.2平米,东南,精装,31层,2018年,板塔结合,260 万,33249 元,3,,,VR看装修,https://sz.lianjia.com/ershoufang/105121176110.html,VR看装修,满五唯一，红本在手。高实用率，楼层好，视野好！,小区围合式布局，范围大，绿化面积大，有幼儿园、游泳池等居住配套，旁边有绿道及小公园，饭后散步无需走远。,九龙山体育公园步行500米，龙华医院约800米，到地铁4号线长湖站约500米。龙华第三外国语和福城实验均在500米距离左右。,,,,暂无数据,2025-06-22,商品房,普通住宅,暂无数据,非共有,无抵押,挂牌时间:2025-06-22 | 交易权属:商品房 | 上次交易:暂无数据 | 房屋用途:普通住宅 | 房屋年限:暂无数据 | 产权所属:非共有 | 抵押信息:无抵押 | 房本备件:未上传房本照片,,
大大大院子 买三房得六房 朝南精装,"招商观园 , 观澜",3室2厅,88.73平米,西南,精装,低楼层(共18层),2012年,塔楼,620 万,69875 元,1,,,VR看装修,https://sz.lianjia.com/ershoufang/105120319616.html,VR看装修,税费各付，大院子，买三房得六房,招商观园地块位于深圳市宝安区观澜街道环观南路北侧，与观澜高新技术园区隔路相望，邻进梅观高速、机荷高速，占地147595.156平方米，招商观园2期将近期推出全新升级力作中.央园林湖景单位，主力产品为140-180㎡大户型和少量89平,,公交线路：公交（观澜高新园站）M567、M264、313、E4路等，出小区约50米 有轨电车站台（电车接驳地铁4号线清湖地铁口），高速公路：机荷高速公路、梅观高速公路，交通方便。,,,暂无数据,2025-04-07,商品房,普通住宅,暂无数据,非共有,无抵押,挂牌时间:2025-04-07 | 交易权属:商品房 | 上次交易:暂无数据 | 房屋用途:普通住宅 | 房屋年限:暂无数据 | 产权所属:非共有 | 抵押信息:无抵押 | 房本备件:未上传房本照片,客厅 / 32.24平米 / 南 / 落地窗 ; 书房 / 5.63平米 / 无 / 无窗 ; 卧室A / 6.8平米 / 无 / 无窗 ; 卧室B / 15.49平米 / 无 / 无窗 ; 卧室C / 8.41平米 / 无 / 未知窗户类型 ; 厨房 / 5.62平米 / 无 / 无窗 ; 卫A / 2.65平米 / 西 / 普通窗 ; 卫生间B / 3.22平米 / 南 / 普通窗 ; 储物间 / 2.24平米 / 无 / 无窗 ; 过道 / 3.29平米 / 无 / 无窗,
格澜郡经典户型、满五税少、也在诚心出,"格澜郡二期 , 观澜",4室2厅,145.55平米,南 北,精装,低楼层(共18层),2007年,板塔结合,550 万,37788 元,0,,,近地铁 | VR看装修,https://sz.lianjia.com/ershoufang/105121771538.html,地铁 | VR看装修,满五税少、业主诚心出、中间好楼层、使用率高,中航格澜郡位于深圳龙华新区观澜，东临大和路，西临沿河路，南起环观南路，北至工业大道。其北面即为观澜世纪广场与文化艺术场所，与观澜街道办仅一河之隔，可谓是尊贵地段，尽享观澜政治、文化、商 业的优势。整个小区为苏格兰风情大社区。,综合商场：天虹商场、福城天虹、民乐福购物场所 医院：观澜人民医院 邮局：观澜邮局 银行：农业银行，浦发银行，建设银行，中国工商银行 其他：文化艺术场所、体育活动场所,"深圳中航格澜郡公交站，途径中航格澜郡公交站的有B652路、B693路、M264路等6条公交线路.深圳中航格澜郡有7个公交站,分别是大和路口(157米),安佳工业园(193米),观澜天虹商场(419米),富士施乐(470米),格兰云天酒店(569米)等。另轻轨已经开通，出行更加方便。",,,暂无数据,2025-08-13,商品房,普通住宅,暂无数据,非共有,无抵押,挂牌时间:2025-08-13 | 交易权属:商品房 | 上次交易:暂无数据 | 房屋用途:普通住宅 | 房屋年限:暂无数据 | 产权所属:非共有 | 抵押信息:无抵押 | 房本备件:未上传房本照片,,
招商观园 3室1厅 南,"招商观园 , 观澜",3室1厅,88.92平米,南,简装,低楼层(共18层),2012年,塔楼,395 万,44422 元,0,,,VR房源 | 房本满五年,https://sz.lianjia.com/ershoufang/105121352827.html,VR房源 | 房本满五年,,,,,,,2016-01-28,2025-07-06,商品房,普通住宅,满五年,非共有,有抵押 金融公司垫资,挂牌时间:2025-07-06 | 交易权属:商品房 | 上次交易:2016-01-28 | 房屋用途:普通住宅 | 房屋年限:满五年 | 产权所属:非共有 | 抵押信息:有抵押 金融公司垫资 | 房本备件:已上传房本照片,,
宁静宜居，私享小院，懿花园精装复式,"懿花园 , 观澜",3室2厅,89平米,东南,精装,低楼层(共10层),2014年,板楼,500 万,56180 元,2,,,VR房源 | 房本满五年,https://sz.lianjia.com/ershoufang/105116904554.html,VR房源 | 房本满五年,此房满五年唯一 居家精装 复式洋房 带小院,和黄懿花园也叫盈峰翠邸，由和记黄埔地产(深圳)有限公司开发，位于横坑水库。项目规划为地上建筑4-10层，地下2层，共59栋建筑(其中57栋住宅，2所幼儿园，及公建以地下室形式布置于地块南端)。 机动车位：600个；高层地库车位385个，多层地库车位200个,,公交（宝安高新科技园、观澜高新科技园）794、331、517、286、E4路等，出小区就是有轨电车站台，高速公路：机荷高速公路、梅观高速公路，交通方便。,,,2008-01-01,2024-05-06,商品房,普通住宅,满五年,非共有,有抵押,挂牌时间:2024-05-06 | 交易权属:商品房 | 上次交易:2008-01-01 | 房屋用途:普通住宅 | 房屋年限:满五年 | 产权所属:非共有 | 抵押信息:有抵押 | 房本备件:已上传房本照片,客厅 / 24.16平米 / 无 / 落地窗 ; 书房 / 6.85平米 / 无 / 落地窗 ; 卧室A / 9.41平米 / 无 / 落地窗 ; 卧室B / 6.59平米 / 无 / 落地窗 ; 卧室C / 14.88平米 / 无 / 落地窗 ; 厨房 / 4.59平米 / 无 / 无窗 ; 卫生间A / 3.33平米 / 无 / 无窗 ; 卫生间B / 4.19平米 / 无 / 无窗 ; 阳台 / 1.97平米 / 无 / 落地窗 ; 储物间 / 5.94平米 / 无 / 落地窗 ; 过道 / 4.74平米 / 无 / 普通窗,
万科九龙山 4室1厅 南,"万科九龙山 , 观澜",4室1厅,124平米,南,,低楼层(共33层),2016年,板楼,530 万,42742 元,0,,25天以前发布,VR房源,https://sz.lianjia.com/ershoufang/105122107779.html,VR房源,,,,,,,暂无数据,2025-09-12,商品房,普通住宅,暂无数据,非共有,无抵押,挂牌时间:2025-09-12 | 交易权属:商品房 | 上次交易:暂无数据 | 房屋用途:普通住宅 | 房屋年限:暂无数据 | 产权所属:非共有 | 抵押信息:无抵押 | 房本备件:未上传房本照片,客厅 / 31.59平米 / 东南 / 普通窗 ; 卧室A / 10.1平米 / 无 / 未知窗户类型 ; 卧室B / 9.38平米 / 无 / 未知窗户类型 ; 卧室C / 8.73平米 / 无 / 未知窗户类型 ; 卧室D / 15.64平米 / 东北 东南 / 落地窗 ; 厨房 / 5.82平米 / 无 / 未知窗户类型 ; 卫生间A / 3.16平米 / 西北 / 普通窗 ; 卫生间B / 4.16平米 / 西北 / 普通窗 ; 阳台 / 8.98平米 / 东北 东南 / 普通窗 ; 过道 / 2.7平米 / 无 / 无窗 ; 门厅 / 2.92平米 / 无 / 无窗,
精装自住保养好，山清水秀，绿树围绕,"金地鹭湖1号 , 观澜",3室2厅,88.95平米,东南,,低楼层(共16层),2015年,塔楼,409 万,45981 元,0,,,VR房源,https://sz.lianjia.com/ershoufang/105115013005.html,VR房源,房子装修和保养很好，看房方便，环境优美,鹭湖1号总共分两期，共11栋。位于龙华区观澜街道梅观高速与环观南路交汇处;鹭湖国际住区项目主打户型产品：建面89㎡三房。还有少量137平和180平复式。 项目占地面积约91197.68平方米，总建筑面积约164150平方米. 小区环境优美，依山傍水，空气质量好,小区旁边有山有水，有绿道公园，环境优雅，安静舒适，依山傍水，花园里面人车分流，小区物业负责暖心，随叫随到，自带健身器材、小孩玩乐区，滑滑梯，恒温游泳池，不出小区就让老人小孩有健身游玩之处，适合家有老人和小孩的家庭，真正做到入则宁静,小区大门口有公交车M517，共享单车，旁边到有轨电车，无缝接驳地铁4号线清湖站。,,,暂无数据,2023-10-10,商品房,普通住宅,暂无数据,非共有,有抵押,挂牌时间:2023-10-10 | 交易权属:商品房 | 上次交易:暂无数据 | 房屋用途:普通住宅 | 房屋年限:暂无数据 | 产权所属:非共有 | 抵押信息:有抵押 | 房本备件:未上传房本照片,客厅 / 23.13平米 / 西南 / 普通窗 ; 卧室A / 12.03平米 / 无 / 未知窗户类型 ; 卧室B / 10.15平米 / 东南 / 落地窗 ; 卧室C / 11.77平米 / 无 / 未知窗户类型 ; 厨房 / 7.25平米 / 东南 / 普通窗 ; 卫A / 2.57平米 / 东南 / 普通窗 ; 卫生间B / 2.87平米 / 东南 / 普通窗 ; 阳台 / 4.4平米 / 西南 / 普通窗 ; 过道 / 3.37平米 / 无 / 无窗,
4号线茜坑站，大4房诚意出售，小区配套成熟，环境优美,"美佳华首誉 , 观澜",4室2厅,135平米,东南,精装,低楼层(共29层),2013年,板塔结合,680 万,50371 元,1,,,近地铁 | VR房源,https://sz.lianjia.com/ershoufang/105114319589.html,地铁 | VR房源,大4房户型方正，装修很好，配套成熟，小区环境优美,美佳华首誉是集住宅、商务公寓一体的城市综合体。梅观快速、清平高速等，地铁4号线茜坑站200米左右 与深圳首条轻轨线交汇观澜站,"：
小区为观澜首创的一站式的集中体，包括：购物、餐饮、休闲、娱乐等多种业态小区出门合正一二三期 未来有品牌商家进驻，已确定品牌主力店人人乐、KFC、美佳华儿童乐园等品牌，未来会有影院、餐饮、娱乐等基本配套。苏宁电器、面点王、拾味馆、芳都酒..",地铁4号线上盖茜坑站出口200米左右，目前公交线路有10余路，出行方便,,,暂无数据,2023-07-23,商品房,普通住宅,暂无数据,非共有,有抵押 客户偿还,挂牌时间:2023-07-23 | 交易权属:商品房 | 上次交易:暂无数据 | 房屋用途:普通住宅 | 房屋年限:暂无数据 | 产权所属:非共有 | 抵押信息:有抵押 客户偿还 | 房本备件:未上传房本照片,客厅 / 38.17平米 / 北 南 / 落地窗 ; 卧室A / 15.46平米 / 南 / 普通窗 ; 卧室B / 13.06平米 / 无 / 未知窗户类型 ; 卧室C / 9.83平米 / 北 / 落地窗 ; 卧室D / 14.33平米 / 无 / 未知窗户类型 ; 厨房 / 5.32平米 / 北 / 普通窗 ; 洗手间 / 2.16平米 / 无 / 无窗 ; 卫生间A / 3.57平米 / 西 / 普通窗 ; 卫生间B / 3.53平米 / 南 / 普通窗 ; 阳台A / 5.36平米 / 西 东 南 / 普通窗 ; 阳台B / 5.14平米 / 西 东 南 / 普通窗 ; 过道 / 4.41平米 / 无 / 无窗 ; 门厅 / 4.92平米 / 无 / 无窗,
满五唯一，带地下一层 物业放心有保障,"城建仁山智水花园二期 , 观澜",4室2厅,155.59平米,南,,低楼层(共9层),2013年,板塔结合,1250 万,80340 元,0,,,VR房源 | 房本满五年,https://sz.lianjia.com/ershoufang/105114582815.html,VR房源 | 房本满五年,观澜户型天花板，景观漂亮富人配套，物业放心有保障,城建仁山智水花园位于鹭湖国际住枢地段，深圳市宝安区观澜街道环观南路北侧，东临富安路，南望观澜高新技术园，地处政府规划发展的观澜新区，小区由高层，洋房，上下叠加别墅，联排别墅组成， 毛坯交房 ，总共1445户，车位3150,配套完善；离小区七公里有观澜湖新城，观澜湖新城是观澜湖集团花费50亿打造的大型购物娱乐综合商城，距离观澜天虹商场2.5公里，距离鹭湖社康中 心800米。环观南路已开通有轨电车，接驳清湖地铁站,,,,2014-11-04,2023-08-21,商品房,普通住宅,满五年,非共有,有抵押,挂牌时间:2023-08-21 | 交易权属:商品房 | 上次交易:2014-11-04 | 房屋用途:普通住宅 | 房屋年限:满五年 | 产权所属:非共有 | 抵押信息:有抵押 | 房本备件:已上传房本照片,客厅 / 58.66平米 / 西南 西北 东南 / 落地窗 ; 卧室A / 14.35平米 / 无 / 无窗 ; 卧室B / 13.55平米 / 东南 / 落地窗 ; 卧室C / 18.82平米 / 西北 / 落地窗 ; 厨房 / 6.67平米 / 无 / 无窗 ; 卫生间A / 3.61平米 / 无 / 无窗 ; 卫生间B / 5.83平米 / 无 / 无窗 ; 储物间A / 6.12平米 / 东南 / 普通窗 ; 储物间B / 5.08平米 / 无 / 无窗 ; 入户花园 / 7.1平米 / 无 / 无窗,
观澜万科大4房 户型方正 采光好 自住保养好 看房方便,"万科九龙山 , 观澜",4室2厅,124平米,南,精装,中楼层(共33层),2016年,板楼,480 万,38710 元,0,,,VR房源,https://sz.lianjia.com/ershoufang/105116439966.html,VR房源,此房满五唯一，精装四房两厅两卫，中间楼层，朝南，万科大社区。,小区绿景多，楼间距宽敞，停车位充足，住户素质高，邻里关系融洽，有幼儿园，小区物业管理严格，生活安心，小区门口就有公交站，方便出行。,小区楼下就有人人乐和钱大妈；配套有观澜天虹，兴万达广场、比邻新天地、观澜老街、龙华环城绿道、茜坑水库、大水坑水库、狮径公园、龙华中芯医院。,,,,暂无数据,2024-03-22,商品房,普通住宅,暂无数据,共有,有抵押 260万元 业主自还,挂牌时间:2024-03-22 | 交易权属:商品房 | 上次交易:暂无数据 | 房屋用途:普通住宅 | 房屋年限:暂无数据 | 产权所属:共有 | 抵押信息:有抵押 260万元 业主自还 | 房本备件:未上传房本照片,客厅 / 37.8平米 / 南 / 普通窗 ; 卧室A / 15.48平米 / 西 南 / 落地窗 ; 卧室B / 8.97平米 / 无 / 未知窗户类型 ; 卧室C / 9.81平米 / 无 / 未知窗户类型 ; 卧室D / 10.44平米 / 无 / 未知窗户类型 ; 厨房 / 6.02平米 / 南 / 普通窗 ; 卫生间A / 4.1平米 / 北 / 普通窗 ; 卫生间B / 3.25平米 / 北 / 普通窗 ; 阳台 / 8.43平米 / 南 / 普通窗,
临湖大双拼(单证)，挑客客厅共5层，带私家码头可垂钓,"观湖园 , 观澜",5室3厅,280.25平米,东南,,1层,2012年,板楼,1700 万,60661 元,0,,,VR房源 | 随时看房,https://sz.lianjia.com/ershoufang/105105672010.html,VR房源 | 随时看房,中空挑高客厅，满五不唯一，一线临湖，无遮档景观，前后大花园,观湖园项目位于龙华新区观澜镇，邻近梅观高速公路，在梅观高速观澜出口旁。小区占地面积：37.***平方米，东南亚园林景观设计。双拼跟独栋管理费是6.5平米，叠拼的管理费是4.9平米，小区安保严密，24小时巡逻监控。,距离观澜湖新城约5公里，观澜湖新城是大型的Shoig Mll，一系列品牌都有进驻新城，购物娱乐都相当方便。距离观澜人民医院及伟光医院约6公里。小区到库坑小.學约1公里。,观湖园别墅小区邻近梅观高速公路，距离梅观高速观澜出口约1.5公里，去南山约33公里，罗湖约30公里，福田约28公里，交通如此便利的接轨市内生活圈。到观澜汽车站和观澜湖新城约五公里，观澜湖新城是大型的Shoig Mll，交通出行娱乐购物也是相当方便,,,暂无数据,2020-10-31,商品房,别墅,暂无数据,非共有,有抵押,挂牌时间:2020-10-31 | 交易权属:商品房 | 上次交易:暂无数据 | 房屋用途:别墅 | 房屋年限:暂无数据 | 产权所属:非共有 | 抵押信息:有抵押 | 房本备件:未上传房本照片,客厅 / 68.24平米 / 无 / 落地窗 ; 多功能间 / 75.58平米 / 无 / 普通窗 ; 卧室A / 15.45平米 / 西 / 普通窗 ; 卧室B / 11.43平米 / 西 / 普通窗 ; 卧室C / 13.63平米 / 东 / 普通窗 ; 卧室D / 26.69平米 / 东 / 普通窗 ; 卧室E / 15.15平米 / 无 / 落地窗 ; 厨房 / 9.35平米 / 无 / 普通窗 ; 卫生间A / 3.06平米 / 无 / 无窗 ; 卫生间B / 4.32平米 / 无 / 无窗 ; 卫生间C / 6.06平米 / 西 / 普通窗 ; 卫生间D / 10.31平米 / 西 / 普通窗 ; 卫生间E / 3.75平米 / 无 / 普通窗 ; 阳台A / 5.21平米 / 无 / 普通窗 ; 阳台B / 5.63平米 / 西 北 南 / 普通窗 ; 阳台C / 7.35平米 / 东 南 / 普通窗 ; 阳台D / 9.9平米 / 西 南 / 普通窗 ; 阳台E / 7.29平米 / 东 南 / 普通窗 ; 露台 / 27.74平米 / 无 / 普通窗 ; 花园 / 95.59平米 / 无 / 普通窗 ; 储物间A / 7.09平米 / 无 / 无窗 ; 储物间B / 20.5平米 / 西 / 落地飘窗 ; 车库 / 12.51平米 / 无 / 无窗 ; 过道A / 10.37平米 / 无 / 无窗 ; 过道B / 6.78平米 / 无 / 无窗 ; 过道C / 6.02平米 / 无 / 无窗 ; 衣帽间 / 13.03平米 / 无 / 无窗,
经典3房，阳光南卧，近地铁高楼层，视野安静,"奥宸观壹城 , 观澜",3室1厅,78.96平米,南,,高楼层(共33层),2018年,板塔结合,300 万,37994 元,3,,,近地铁 | VR看装修,https://sz.lianjia.com/ershoufang/105113715849.html,地铁 | VR看装修,此房满五唯一，精装，保养好，业主诚意出售；看房提前约,小区500米就是四号线松元厦地铁口，旁边G94，交通方便，出行便利 （2）楼下有自带商 业，1公里内观澜湖新城，百佳华商场，兴万达，民乐福等大型商场 （3）小区花园绿化高，居住环境高，适宜居家,,观壹城地处观澜观平路振能学，校旁边，门口有公交站，两站可以到达观澜汽车站。600米内有场市场，购物市场等，居住上班带上学都是比较方便,,,暂无数据,2023-05-18,商品房,普通住宅,暂无数据,非共有,有抵押 220万元,挂牌时间:2023-05-18 | 交易权属:商品房 | 上次交易:暂无数据 | 房屋用途:普通住宅 | 房屋年限:暂无数据 | 产权所属:非共有 | 抵押信息:有抵押 220万元 | 房本备件:未上传房本照片,客厅 / 28.2平米 / 西南 / 普通窗 ; 卧室A / 6.39平米 / 无 / 未知窗户类型 ; 卧室B / 7.18平米 / 东南 / 落地窗 ; 卧室C / 11.55平米 / 无 / 未知窗户类型 ; 厨房 / 4.37平米 / 无 / 未知窗户类型 ; 卫生间 / 2.73平米 / 无 / 未知窗户类型 ; 阳台 / 5.76平米 / 西南 / 普通窗,
招商观园 正规三房 高楼层 业主急卖 看房方便,"招商观园 , 观澜",3室2厅,88.67平米,南,精装,高楼层(共18层),2012年,塔楼,359 万,40488 元,1,,,VR看装修 | 房本满五年,https://sz.lianjia.com/ershoufang/105117213624.html,VR看装修 | 房本满五年,满五年唯一  有少量欠款 自住装修的 看方便,,"小区门口有有轨电车高新科技园西站，或高新科技园站,小区自带幼儿园,侧面是鹭湖,以及在建的3馆一体。小区门口是捷顺写字楼和宝能科技,三一重工",招商观园在环观南路(即观天大道)以北，梅观高速以东；邻梅观高速（已于2014年4月1日取消高速收费）、机荷高速，较近的公交站是观澜高新科技园、宝安高新技术园站，经过的路线有E4、772等。有轨电车高新科技园西站，高新园站，出行方便,,,2020-06-17,2024-06-06,商品房,普通住宅,满五年,非共有,有抵押 340万元,挂牌时间:2024-06-06 | 交易权属:商品房 | 上次交易:2020-06-17 | 房屋用途:普通住宅 | 房屋年限:满五年 | 产权所属:非共有 | 抵押信息:有抵押 340万元 | 房本备件:已上传房本照片,客厅 / 30.93平米 / 西南 / 落地窗 ; 卧室A / 14.7平米 / 无 / 未知窗户类型 ; 卧室B / 10.83平米 / 无 / 未知窗户类型 ; 卧室C / 6.73平米 / 西北 / 落地窗 ; 厨房 / 5.73平米 / 西南 / 落地窗 ; 卫生间 / 4.72平米 / 无 / 未知窗户类型 ; 阳台A / 2.05平米 / 西南 / 落地窗 ; 阳台B / 5.38平米 / 西南 / 落地窗,
本人深耕观湖园10年 24小时看房方便发自内心喜欢,"观湖园 , 观澜",4室2厅,248平米,南,毛坯,1层,2012年,板楼,1600 万,64517 元,3,,,VR房源 | 随时看房,https://sz.lianjia.com/ershoufang/105112344514.html,VR房源 | 随时看房,满10年红本在手一线湖景看房24小时方便 花园280平 南北通可垂钓,小区是别墅小区，主要是叠拼，双拼，独栋，叠下带花园，叠上带天台，双拼有花园，有天台，独栋，就是独门独院临湖单证双拼，东南朝向，一线湖景，位于园区别墅中间位置，安静。客厅前后花园，侧面阶梯花园，带车库，地下室。实际使用面积约480平，花园20.,,,,,暂无数据,2022-12-28,商品房,别墅,暂无数据,非共有,无抵押,挂牌时间:2022-12-28 | 交易权属:商品房 | 上次交易:暂无数据 | 房屋用途:别墅 | 房屋年限:暂无数据 | 产权所属:非共有 | 抵押信息:无抵押 | 房本备件:未上传房本照片,客厅 / 69.99平米 / 西北 东北 / 落地窗 ; 卧室A / 14.9平米 / 西北 / 普通窗 ; 卧室B / 10.88平米 / 东南 / 普通窗 ; 卧室C / 15.57平米 / 东南 / 普通窗 ; 卧室D / 27.03平米 / 西北 / 普通窗 ; 卧室E / 16.7平米 / 东北 东南 / 落地窗 ; 厨房 / 9.8平米 / 东南 / 普通窗 ; 卫生间A / 3.15平米 / 无 / 无窗 ; 卫生间B / 4.57平米 / 无 / 无窗 ; 卫生间C / 6.74平米 / 东南 / 普通窗 ; 卫生间D / 10.67平米 / 东南 / 普通窗 ; 卫生间E / 4.62平米 / 西南 / 普通窗 ; 阳台A / 5.87平米 / 西北 东北 / 普通窗 ; 阳台B / 7.74平米 / 西北 东北 / 普通窗 ; 阳台C / 8平米 / 西南 东北 东南 / 普通窗 ; 阳台D / 8.52平米 / 西南 西北 东北 / 普通窗 ; 阳台E / 9.49平米 / 东北 东南 / 普通窗 ; 露台 / 84.08平米 / 西南 西北 东北 东南 / 普通窗 ; 车库 / 15.06平米 / 无 / 无窗 ; 地下室 / 81.44平米 / 西北 东北 / 落地窗 ; 楼梯间 / 7.37平米 / 无 / 无窗 ; 过道A / 9.74平米 / 无 / 无窗 ; 过道B / 6.87平米 / 无 / 无窗 ; 衣帽间 / 12.92平米 / 无 / 无窗,
观澜湖上堤 一楼复式 带200平花园 精装5房 看园林湖景,"观澜湖 , 观澜",5室2厅,94.88平米,西南,精装,低楼层(共13层),2007年,板塔结合,600 万,63238 元,14,,,VR房源,https://sz.lianjia.com/ershoufang/105107039043.html,VR房源,观澜湖上堤 一楼复式 带200平花园 已改建好 精装5房 看园林湖景,小区位于观澜湖高尔夫球会深圳会所里面，夏威夷热带休闲建筑风格，半月型空间规划，4栋复式，每栋10套，1梯2户，户户看园林，湖景，观澜湖已经形成国际高尔夫别墅住区，把背景相同、事业有成的人士聚集在一起，创造出生活与事业的平台,小区南门50亿观澜湖新城，观澜湖生态体育公园，观澜天虹商场，兴万达商场等，龙华人民医/院，塘厦人民医/院，小区内有会所/游泳池/健身房/高尔夫业主练习场/穿梭巴士等免费使用,园区内有免费巴士，多条公交直达，高尔夫大道，观光路，观澜大道，观平路等城市主干道环-绕，梅观高速观澜出口2公里，地铁4号线（观澜湖新城站）已开通，观澜湖免费班车随时出行,,,暂无数据,2021-04-18,商品房,普通住宅,暂无数据,非共有,有抵押,挂牌时间:2021-04-18 | 交易权属:商品房 | 上次交易:暂无数据 | 房屋用途:普通住宅 | 房屋年限:暂无数据 | 产权所属:非共有 | 抵押信息:有抵押 | 房本备件:未上传房本照片,客厅A / 40.51平米 / 东北 / 普通窗 ; 客厅B / 34.4平米 / 东北 / 普通窗 ; 卧室A / 13.75平米 / 西南 / 落地窗 ; 卧室B / 13.51平米 / 东北 东南 / 普通窗 ; 卧室C / 13.07平米 / 西南 东北 / 普通窗 ; 卧室D / 14.17平米 / 东北 / 普通窗 ; 卧室E / 22.28平米 / 西南 / 落地窗 ; 厨房 / 3.68平米 / 无 / 无窗 ; 卫A / 2.31平米 / 西南 / 落地窗 ; 卫生间B / 4.72平米 / 西南 / 落地窗 ; 卫生间C / 3.54平米 / 东南 / 普通窗 ; 卫生间D / 4.17平米 / 东北 东南 / 普通窗 ; 卫生间E / 3.41平米 / 东南 / 落地窗 ; 卫生间F / 4.5平米 / 西南 东南 / 落地窗 ; 阳台 / 23.87平米 / 东北 东南 / 普通窗 ; 储物间 / 3.34平米 / 无 / 无窗 ; 入户花园 / 147.31平米 / 西北 东 东北 东南 / 普通窗,
金地鹭湖精品4房，安静中间位置，品质装修,"金地鹭湖1号 , 观澜",4室2厅,135.95平米,东南 南 东,精装,中楼层(共16层),2015年,塔楼,670 万,49283 元,1,,,VR房源,https://sz.lianjia.com/ershoufang/105117473906.html,VR房源,精装4房， 位置安静 正南正北，中高楼层非顶楼 采光充足视野好,鹭湖1号位于龙华区观澜街道梅观高速与环观南路交汇处;鹭湖国际住区项目主打户型产品：建面89㎡三房。 项目占地面积约91197.68平方米，总建筑面积约164150平方米. 小区环境优美，依山傍水，空气好,,小区大门口有公交车M517，旁边到有轨电车，无缝接驳地铁4号线清湖站。,,,暂无数据,2024-07-01,商品房,普通住宅,暂无数据,非共有,有抵押 200万元 银行,挂牌时间:2024-07-01 | 交易权属:商品房 | 上次交易:暂无数据 | 房屋用途:普通住宅 | 房屋年限:暂无数据 | 产权所属:非共有 | 抵押信息:有抵押 200万元 银行 | 房本备件:未上传房本照片,客厅 / 33.73平米 / 西 东 / 普通窗 ; 卧室A / 8.67平米 / 无 / 未知窗户类型 ; 卧室B / 9.38平米 / 西 / 落地窗 ; 卧室C / 17.01平米 / 无 / 未知窗户类型 ; 卧室D / 10.84平米 / 无 / 未知窗户类型 ; 厨房 / 6.18平米 / 东 / 普通窗 ; 卫生间A / 4.8平米 / 西 / 普通窗 ; 卫生间B / 3.99平米 / 西 / 普通窗 ; 阳台A / 5.77平米 / 西 北 南 / 普通窗 ; 阳台B / 3.34平米 / 东 / 普通窗 ; 过道 / 3.59平米 / 无 / 无窗 ; 门厅 / 7.5平米 / 西 / 落地窗 ; 衣帽间 / 4.01平米 / 无 / 无窗,
澜园安静户型，业主诚心出售，南向舒适户型,"招商澜园 , 观澜",1室1厅,67.44平米,南,简装,中楼层(共11层),2010年,板塔结合,319 万,47302 元,0,,,近地铁 | VR看装修 | 随时看房,https://sz.lianjia.com/ershoufang/105118146026.html,地铁 | VR看装修 | 随时看房,此房满五年，业主诚心出售，南向舒适户型,招商澜园位于深圳市宝安区观澜街道大和路与环观南路交汇处，地处政府规划发展的观澜新中间区，并成为深圳新的城市象征。招商澜园是一座220000平米、低密度的大型高尚社区，小区拥有1500㎡会所、约6000㎡花园、泳池、幼儿园等,休闲区域：观澜湿地公园，新世纪广场、人民公园。商.业设施：天虹商场、国惠康商场、格兰郡商.业街。教育设施、医疗设施：观澜人民医院。宾馆酒店：格兰云天大酒店。银行：中国银行、工商银行、招商银行,小区交通方便，地铁4号延长线年底通车 出门就是富士施乐公交站和有轨电车文澜站，有大和路，龙澜快速，机嗬高速和梅观高速，不管是坐公交还是开车去各区都很方便,,,暂无数据,2024-09-01,商品房,普通住宅,暂无数据,非共有,有抵押 业主自还,挂牌时间:2024-09-01 | 交易权属:商品房 | 上次交易:暂无数据 | 房屋用途:普通住宅 | 房屋年限:暂无数据 | 产权所属:非共有 | 抵押信息:有抵押 业主自还 | 房本备件:未上传房本照片,客厅 / 13.89平米 / 西南 / 普通窗 ; 卧室 / 15.43平米 / 西南 / 普通窗 ; 厨房 / 6.38平米 / 西南 / 普通窗 ; 卫生间 / 4.39平米 / 西南 / 普通窗 ; 阳台 / 9.85平米 / 西南 西北 / 普通窗 ; 过道 / 4.47平米 / 无 / 无窗 ; 门厅 / 5.9平米 / 西南 / 落地窗,
美佳华首誉 业主诚心出售 户型方正 高楼层视野开阔,"美佳华首誉 , 观澜",3室2厅,90平米,南 北,,高楼层(共32层),2013年,板塔结合,318 万,35334 元,5,,,近地铁 | VR房源,https://sz.lianjia.com/ershoufang/105115648241.html,地铁 | VR房源,6米层高复式公寓 70年产权 民水民电 通燃气,小区位于龙华新区政府南侧，观澜大道与环观南路交汇处，北望百花山，东临观澜河及沿河景观，南面市政公园，片区居.住与商.业氛围较为浓厚，而且梅观高速改造为深圳南北向深南大道后交通更为便捷 美佳华首誉是集住宅、商务公， 寓、生态办公、一体的城市综体,小区为观澜首创的一站式的集中体，包括：购物、餐饮、休闲、娱乐等多种业态。未来有品牌商家进驻，已确定品牌主力店人人乐、KFC、美佳华儿童乐园等品牌，未来会有影院、餐饮、娱乐等基本配套。苏宁电器、面点王、拾味馆、芳都酒楼等,地铁4号线茜坑站出口300米左右，另距离公交车站田背路口300米，目前公交线路有10余路，出行方便,,,暂无数据,2023-12-19,商品房,商务公寓,暂无数据,非共有,无抵押,挂牌时间:2023-12-19 | 交易权属:商品房 | 上次交易:暂无数据 | 房屋用途:商务公寓 | 房屋年限:暂无数据 | 产权所属:非共有 | 抵押信息:无抵押 | 房本备件:未上传房本照片,客厅 / 30.4平米 / 无 / 落地窗 ; 卧室A / 9.17平米 / 无 / 未知窗户类型 ; 卧室B / 5.84平米 / 无 / 无窗 ; 卧室C / 22平米 / 无 / 未知窗户类型 ; 厨房 / 3.72平米 / 无 / 普通窗 ; 卫生间A / 2.65平米 / 无 / 落地窗 ; 卫生间B / 3.22平米 / 北 / 普通窗 ; 阳台 / 8.37平米 / 无 / 落地窗 ; 过道 / 7.53平米 / 无 / 无窗,
享高尔夫景观，大三房朝南，适合居家养老，度假旅游,"观澜湖赛维纳 , 观澜",3室1厅,131.49平米,西北,精装,中楼层(共15层),2002年,板楼,346.5 万,26352 元,5,,,VR房源 | 房本满五年,https://sz.lianjia.com/ershoufang/105115573385.html,VR房源 | 房本满五年,满五年诚心出售，看高尔夫球场景观，安静适合居家养老，度假旅游,,小区南门口有大型的购物商城，商城门口还有港铁四号线的观澜湖站。,多条公交直达，高尔夫大道，观光路，观澜大道，观平路等城市主干道环-绕，梅观高速观澜出口2公里，地铁4号线（观澜湖新城站）已开通，观澜湖免费班车随时出行！,,,2018-07-30,2023-12-10,商品房,普通住宅,满五年,非共有,有抵押 100万元 中国银行 业主自还,挂牌时间:2023-12-10 | 交易权属:商品房 | 上次交易:2018-07-30 | 房屋用途:普通住宅 | 房屋年限:满五年 | 产权所属:非共有 | 抵押信息:有抵押 100万元 中国银行 业主自还 | 房本备件:已上传房本照片,客厅 / 34.93平米 / 西 / 普通窗 ; 卧室A / 14.81平米 / 无 / 未知窗户类型 ; 卧室B / 9.39平米 / 无 / 未知窗户类型 ; 卧室C / 9.09平米 / 无 / 未知窗户类型 ; 厨房 / 11.17平米 / 东 / 普通窗 ; 卫生间A / 4.7平米 / 东 / 普通窗 ; 卫生间B / 4.08平米 / 东 / 普通窗 ; 阳台 / 2.44平米 / 西 / 普通窗 ; 储物间 / 3.06平米 / 无 / 无窗 ; 过道 / 5.17平米 / 无 / 无窗,
精装大三房 格局通透 业主诚意出售,"中森公园华府 , 观澜",3室2厅,88.62平米,南,,中楼层(共30层),2019年,板塔结合,397 万,44799 元,0,,,VR房源,https://sz.lianjia.com/ershoufang/105118453251.html,VR房源,精装大三房 格局通透 业主诚意出售,环境优美，双公园，精心布置叠溪谷、栖风林、半月湾等六大主题公园，居住舒适度高。,,,,,暂无数据,2024-09-30,商品房,普通住宅,暂无数据,非共有,有抵押,挂牌时间:2024-09-30 | 交易权属:商品房 | 上次交易:暂无数据 | 房屋用途:普通住宅 | 房屋年限:暂无数据 | 产权所属:非共有 | 抵押信息:有抵押 | 房本备件:未上传房本照片,客厅 / 24.69平米 / 东南 / 普通窗 ; 卧室A / 6.41平米 / 无 / 未知窗户类型 ; 卧室B / 13.16平米 / 无 / 未知窗户类型 ; 卧室C / 8.42平米 / 东南 / 落地窗 ; 厨房 / 6.09平米 / 东北 / 落地窗 ; 卫生间A / 3.44平米 / 无 / 无窗 ; 卫生间B / 3.57平米 / 东北 / 普通窗 ; 阳台 / 4.73平米 / 东北 东南 / 普通窗 ; 过道 / 3.08平米 / 无 / 无窗,
此房满五唯一，可红本在手，税费少，中间楼层采光好,"招商澜园 , 观澜",3室2厅,89.23平米,东南,,中楼层(共23层),2010年,板塔结合,435 万,48751 元,9,,,近地铁 | VR看装修 | 房本满五年,https://sz.lianjia.com/ershoufang/105110491551.html,地铁 | VR看装修 | 房本满五年,此房单证互型 满五唯一，可红本在手，税费少，中间楼层采光好,招商澜园位于深圳市宝安区观澜街道大和路与环观南路交汇处，地处政府规划发展的观澜新中间区，并成为深圳新的城市象征。低密度的大型高尚社区，小区拥有1500㎡会所、约6000㎡花园、泳池、自带幼儿园：小蜜蜂幼儿园 后面湿地公园,公建配套：观澜街道办 休闲区域：新世纪广场、观澜文化广场， 商场：设施天虹商场、比邻新天地，观澜河湿地公园距离小区近在咫尺。龙华区政府距离小区2公里，属于新区政府辐射范围内。项目：现聚集多家大品牌开发商在此拿地。如：万科 卓 越,小区门口就有公交站，途径的公交线众多，有轨电车在小区门口文澜站，直接到达清湖地铁口，竹村地铁口 800米，观澜大桥直接可以上机荷高速，多条公交线路到达罗湖，福田,,,2015-06-19,2022-05-10,商品房,普通住宅,满五年,非共有,有抵押 60万元 业主自还,挂牌时间:2022-05-10 | 交易权属:商品房 | 上次交易:2015-06-19 | 房屋用途:普通住宅 | 房屋年限:满五年 | 产权所属:非共有 | 抵押信息:有抵押 60万元 业主自还 | 房本备件:已上传房本照片,客厅 / 33.59平米 / 无 / 未知窗户类型 ; 卧室A / 7.31平米 / 无 / 未知窗户类型 ; 卧室B / 13.25平米 / 无 / 未知窗户类型 ; 卧室C / 11.2平米 / 无 / 未知窗户类型 ; 厨房 / 4.55平米 / 无 / 无窗 ; 卫生间 / 2.1平米 / 北 / 普通窗 ; 阳台 / 6.04平米 / 南 / 普通窗,
房子户型方正  采光通风良好 东南向 看一线高尔夫球场,"观澜湖赛维纳 , 观澜",1室1厅,51.12平米,东南,,中楼层(共9层),2003年,板楼,128 万,25040 元,2,,,VR看装修,https://sz.lianjia.com/ershoufang/105120437807.html,VR看装修,此房是住宅。70年产权。楼层高景色好，通风采光好。视野开阔。,小区绿化高，环境优美，有供业主休闲的高尔夫球场，小区停车免费，有免费穿梭巴士来往。,,,,,暂无数据,2025-04-17,商品房,普通住宅,暂无数据,非共有,有抵押 兴业银行股份有限公司深圳分行,挂牌时间:2025-04-17 | 交易权属:商品房 | 上次交易:暂无数据 | 房屋用途:普通住宅 | 房屋年限:暂无数据 | 产权所属:非共有 | 抵押信息:有抵押 兴业银行股份有限公司深圳分行 | 房本备件:未上传房本照片,卧室 / 26.23平米 / 东南 / 普通窗 ; 厨房 / 5.09平米 / 无 / 无窗 ; 卫生间 / 5.2平米 / 无 / 无窗 ; 阳台 / 15.15平米 / 西南 东北 东南 / 普通窗,
精装带花园别墅居住无压力带车位200平,"观湖园 , 观澜",4室2厅,80.81平米,西南,精装,低楼层(共4层),2009年,板楼,810 万,100236 元,2,,,VR房源 | 房本满五年 | 随时看房,https://sz.lianjia.com/ershoufang/105120969281.html,VR房源 | 房本满五年 | 随时看房,大花园精装修带车位拎包入住西南,观湖园是一个纯别墅小区，适合喜欢花园，喜欢低密度小区的客户群体,,,,,2014-04-01,2025-06-05,商品房,普通住宅,满五年,非共有,有抵押,挂牌时间:2025-06-05 | 交易权属:商品房 | 上次交易:2014-04-01 | 房屋用途:普通住宅 | 房屋年限:满五年 | 产权所属:非共有 | 抵押信息:有抵押 | 房本备件:已上传房本照片,客厅 / 50.62平米 / 无 / 普通窗 ; 餐厅 / 37.67平米 / 无 / 无窗 ; 卧室A / 7.96平米 / 无 / 普通窗 ; 卧室B / 9.07平米 / 无 / 无窗 ; 卧室C / 32.21平米 / 西 南 / 普通窗 ; 卧室D / 11.74平米 / 东 南 / 落地窗 ; 厨房 / 9平米 / 无 / 普通窗 ; 卫生间A / 5.26平米 / 无 / 无窗 ; 卫生间B / 4.89平米 / 南 / 普通窗 ; 卫生间C / 4.76平米 / 无 / 无窗 ; 阳台 / 9.76平米 / 西 北 南 / 普通窗 ; 储物间A / 6.1平米 / 无 / 无窗 ; 储物间B / 10.78平米 / 无 / 无窗 ; 楼梯间 / 22.27平米 / 南 / 普通窗,
位于金地鹭湖安静位置，看湖景和山景，少有的横厅户型,"金地鹭湖1号 , 观澜",3室2厅,89.33平米,东南,精装,中楼层(共16层),2015年,塔楼,460 万,51495 元,0,,,VR看装修,https://sz.lianjia.com/ershoufang/105120077331.html,VR看装修,满五唯一，横厅布局，户型使用率高，看湖景山景，楼层高，视野好,,"楼下
有公园，绿道，水库，环境优美！
书包
，商场就在旁边。。",,满五唯一，税费和买新房一样少。保养好，即买即住，省心省力省钱。,,暂无数据,2025-03-16,商品房,普通住宅,暂无数据,非共有,有抵押 业主自还,挂牌时间:2025-03-16 | 交易权属:商品房 | 上次交易:暂无数据 | 房屋用途:普通住宅 | 房屋年限:暂无数据 | 产权所属:非共有 | 抵押信息:有抵押 业主自还 | 房本备件:未上传房本照片,客厅 / 29.04平米 / 南 / 落地窗 ; 卧室A / 10.15平米 / 无 / 未知窗户类型 ; 卧室B / 14平米 / 无 / 未知窗户类型 ; 厨房 / 4.38平米 / 南 / 普通窗 ; 卫A / 2.7平米 / 北 / 普通窗 ; 卫生间B / 3.07平米 / 北 / 普通窗 ; 阳台 / 3.81平米 / 西 东 南 / 普通窗 ; 储物间 / 9.65平米 / 无 / 未知窗户类型,
横厅南北通户型，安静位置，拎包入住，随时可看。,"金地鹭湖1号 , 观澜",3室2厅,89.14平米,南,精装,中楼层(共16层),2015年,塔楼,430 万,48239 元,0,,,VR房源 | 房本满五年,https://sz.lianjia.com/ershoufang/105120789061.html,VR房源 | 房本满五年,南北通横厅户型，中间楼层，满五唯一税少，精装修,金地鹭湖1号，位于龙华区观澜街道梅观高速与环观南路交汇处。 鹭湖国际住区项目，主打户型产品：建面89平3房2卫。还有少量137平4房2卫，及190平复式。 项目占地面积约91197.68平方米，总建筑面积约164150平方米。,,轨道交通：有轨电车站台，高新园西站（电车接驳地铁4号线清湖地铁口），公交线路：公交（观澜高新园站）M567、M264、313、E4路等，高速公路：机荷高速公路、梅观高速公路，交通方便。,,,2017-05-23,2025-05-20,商品房,普通住宅,满五年,非共有,有抵押 230万元 农业银行,挂牌时间:2025-05-20 | 交易权属:商品房 | 上次交易:2017-05-23 | 房屋用途:普通住宅 | 房屋年限:满五年 | 产权所属:非共有 | 抵押信息:有抵押 230万元 农业银行 | 房本备件:已上传房本照片,,
红本满五唯一，精装修，南北通透,"深业泰然观澜玫瑰苑 , 观澜",3室2厅,88.84平米,南 北,,31层,2016年,板塔结合,375 万,42211 元,0,,,近地铁 | VR房源,https://sz.lianjia.com/ershoufang/105121047763.html,地铁 | VR房源,房子高楼层南北通透采光通风好业主诚心出售,小区为 综合体，以空中花园为分开住宅与商场。由深圳市国惠康国泰房地产开发有限公司开发，深业泰然（集团）有限公司控股，成立于1985年的深圳市属国有企业，注册资金8亿元，旗下拥有9家控股企业、2家参股企业。资历雄厚,主要配套：深圳市龙华区医院，兴万达，民乐福，百佳华，能满足生活上的需求,"小区门距离有轨轨电车-新澜站100米,，接驳4号线观澜站地铁口直达福田，楼下就是公交站吉盛酒店大公交站台，另外5公里上龙观快速，4公里上珠三角环线高速，各种交通设施配套齐全，出行便利",,,暂无数据,2025-06-11,商品房,普通住宅,暂无数据,非共有,有抵押 120万元 客户偿还,挂牌时间:2025-06-11 | 交易权属:商品房 | 上次交易:暂无数据 | 房屋用途:普通住宅 | 房屋年限:暂无数据 | 产权所属:非共有 | 抵押信息:有抵押 120万元 客户偿还 | 房本备件:未上传房本照片,客厅 / 28.22平米 / 西北 / 落地窗 ; 卧室A / 11.53平米 / 无 / 未知窗户类型 ; 卧室B / 7.14平米 / 无 / 未知窗户类型 ; 卧室C / 7.54平米 / 无 / 未知窗户类型 ; 厨房 / 4.24平米 / 无 / 无窗 ; 卫生间 / 4.08平米 / 西北 / 普通窗 ; 阳台A / 4.64平米 / 西南 西北 东北 / 普通窗 ; 阳台B / 2.32平米 / 无 / 无窗,
澜园南区双本证，住家装修保养很好，带固定车位低密度,"招商澜园 , 观澜",3室1厅,83.25平米,南,,低楼层(共11层),2010年,板塔结合,338 万,40601 元,4,,,近地铁 | VR房源 | 房本满五年,https://sz.lianjia.com/ershoufang/105119958523.html,地铁 | VR房源 | 房本满五年,住家装修，保养很好，带固定车位，大花园低密度。,小区由招商局地产开发，国家一级物业资质的招商物业管理，小区部分为南北两区，由十三栋高层组成，低密度，是个纯居住的大社区，自带6000平的大花园，人车分流，很适合有老人和小孩的客户，小区自带幼儿园，有固定车位。,观澜街道办 休闲区域：新世纪广场、观澜文化广场， 商场：设施天虹商场、比邻新天地，观澜河湿地公园距离小区近在咫尺。龙华区政府距离小区2公里，属于新区政府辐射范围内。项目：现聚集多家大品牌开发商在此拿地。如：万科 卓 越，阳基,小区门口就有公交站，途径的公交线众多，有轨电车在小区门口文澜站，直接到达清湖地铁口，竹村地铁口 800米，观澜大桥直接可以上机荷高速，多条公交线路到达罗湖，福田等地,,,2011-05-24,2025-03-07,商品房,普通住宅,满五年,非共有,有抵押,挂牌时间:2025-03-07 | 交易权属:商品房 | 上次交易:2011-05-24 | 房屋用途:普通住宅 | 房屋年限:满五年 | 产权所属:非共有 | 抵押信息:有抵押 | 房本备件:已上传房本照片,客厅 / 39.75平米 / 南 / 普通窗 ; 卧室A / 8.71平米 / 无 / 未知窗户类型 ; 卧室B / 11.39平米 / 无 / 未知窗户类型 ; 卧室C / 15.76平米 / 南 / 普通窗 ; 卧室D / 14.07平米 / 南 / 普通窗 ; 厨房 / 6.61平米 / 东 / 普通窗 ; 卫生间A / 5.71平米 / 无 / 未知窗户类型 ; 卫生间B / 4.83平米 / 无 / 未知窗户类型 ; 阳台A / 5.54平米 / 西 南 / 普通窗 ; 阳台B / 10.34平米 / 南 / 普通窗 ; 阳台C / 3.14平米 / 东 / 普通窗 ; 门厅 / 13.97平米 / 东 / 落地窗,
满五年居家精装格局中间楼层视野采光好,"城建仁山智水花园一期 , 观澜",4室1厅,144.14平米,南,精装,高楼层(共22层),2015年,塔楼,888 万,61607 元,1,,,VR看装修 | 房本满五年,https://sz.lianjia.com/ershoufang/105120088929.html,VR看装修 | 房本满五年,此房满五年居家精装格局中间楼层视野采光好,仁山智水由深圳市城市建设开发公司开发，小区占地近20平，总建筑面积为557584.63㎡，住宅282053.6㎡，商铺5860㎡，幼儿园3500.08㎡，建筑主体包括95栋住宅楼，其中有83栋低多层住宅及8栋高层和4栋高层，住宅共1445户，车位3158个,,公交线路：公交（观澜高新园站）M567、M264、313、E4路等，出小区约100米 有轨电车站台（电车接驳地铁4号线清湖地铁口），高速公路：机荷高速公路、梅观高速公路，交通方便，22号线2028年通车,,,2013-09-22,2025-03-17,商品房,普通住宅,满五年,非共有,有抵押 业主自还,挂牌时间:2025-03-17 | 交易权属:商品房 | 上次交易:2013-09-22 | 房屋用途:普通住宅 | 房屋年限:满五年 | 产权所属:非共有 | 抵押信息:有抵押 业主自还 | 房本备件:已上传房本照片,,
东南朝向 三面采光 拎包入住 诚心出售,"金地鹭湖1号 , 观澜",3室2厅,87.61平米,东南 南,精装,中楼层(共16层),2016年,塔楼,447 万,51022 元,0,,,VR看装修 | 随时看房,https://sz.lianjia.com/ershoufang/105120277071.html,VR看装修 | 随时看房,此房满五年，中间楼层，目前安静位置里的好选择。,小区介绍 鹭湖1号总共分两期，共11栋。位于龙华区观澜街道梅观高速与环观南路交汇处;鹭湖国际住区项目主打户型产品:建面89㎡三房。还有少量137平和190平复式。项目占地面积约91197.68平方米，总建筑面积约164150平方米.小区环境优美，依山傍水，空气质量好.,,轨道交通：有轨电车站台，高新园西站（电车接驳地铁4号线清湖地铁口），公交线路：公交（观澜高新园站）M567、M264、313、E4路等，高速公路：机荷高速公路、梅观高速公路，交通方便。,,,暂无数据,2025-04-02,商品房,普通住宅,暂无数据,非共有,无抵押,挂牌时间:2025-04-02 | 交易权属:商品房 | 上次交易:暂无数据 | 房屋用途:普通住宅 | 房屋年限:暂无数据 | 产权所属:非共有 | 抵押信息:无抵押 | 房本备件:未上传房本照片,客厅 / 26.01平米 / 东南 / 普通窗 ; 卧室A / 7.73平米 / 无 / 未知窗户类型 ; 卧室B / 14.12平米 / 无 / 未知窗户类型 ; 卧室C / 9.05平米 / 东南 / 落地窗 ; 厨房 / 4.04平米 / 东北 / 普通窗 ; 卫生间A / 4.03平米 / 西北 / 普通窗 ; 卫生间B / 3.36平米 / 东北 / 普通窗 ; 阳台 / 3.76平米 / 东南 / 普通窗 ; 过道 / 2.97平米 / 无 / 无窗,
满五唯一方正业主自住两房，业主诚心出售,"阳基御龙山 , 观澜",2室1厅,63.64平米,东南,精装,31层,2018年,板塔结合,238 万,37398 元,1,,,VR房源,https://sz.lianjia.com/ershoufang/105121586025.html,VR房源,房子满五唯一，东南朝向，采光通风好，业主自主装修，装修好,阳基御龙山位于福城办事处福前路南侧，为山水资源同享的高品质纯居项目，共922户，1、2、3、5栋为住宅,配套齐全，有比邻新天地、天虹商圈，观澜湖新城，购物、休闲、娱乐一应俱全；同时项目自带社区，生活便利,小区门口左转就是公交车站，悦兴围村口：b766路;m225路;m285路;m337路;m464路 距离港铁4号线延长线长湖站距离大概800米 日常交通出行方便,,,暂无数据,2025-07-27,商品房,普通住宅,暂无数据,非共有,有抵押,挂牌时间:2025-07-27 | 交易权属:商品房 | 上次交易:暂无数据 | 房屋用途:普通住宅 | 房屋年限:暂无数据 | 产权所属:非共有 | 抵押信息:有抵押 | 房本备件:未上传房本照片,客厅 / 20.99平米 / 东南 / 普通窗 ; 卧室A / 7.33平米 / 东北 / 落地窗 ; 卧室B / 10.94平米 / 无 / 未知窗户类型 ; 厨房 / 4.45平米 / 东北 / 普通窗 ; 卫生间 / 3.07平米 / 东北 / 落地窗 ; 阳台 / 3.38平米 / 东南 / 普通窗,
带院子的别墅，可5房2厅，东南朝向,"观湖园 , 观澜",1室3厅,87.67平米,南,毛坯,下叠(共4层),2012年,板楼,807 万,92050 元,5,,,VR房源 | 房本满五年 | 随时看房,https://sz.lianjia.com/ershoufang/105114983059.html,VR房源 | 房本满五年 | 随时看房,此房满五唯一，西南朝向，带大后花园，采光好，大阳台。,,,,屋产权：商品房个人 面积小于90，满五年 唯一一套，指导价低，如果按一次性付款税费则更有优势,,2011-09-28,2023-10-07,商品房,别墅,满五年,非共有,有抵押,挂牌时间:2023-10-07 | 交易权属:商品房 | 上次交易:2011-09-28 | 房屋用途:别墅 | 房屋年限:满五年 | 产权所属:非共有 | 抵押信息:有抵押 | 房本备件:已上传房本照片,客厅 / 51.84平米 / 西 南 / 普通窗 ; 卧室 / 8.72平米 / 东 / 落地飘窗 ; 厨房 / 9.97平米 / 南 / 普通窗 ; 卫生间A / 3.41平米 / 无 / 无窗 ; 卫生间B / 4.14平米 / 无 / 无窗 ; 阳台 / 7.69平米 / 西 北 南 / 普通窗 ; 地下室 / 136.81平米 / 无 / 普通窗,
中高楼层东南朝向，采光通风视野不错，业主诚心出售！,"华盛观荟名庭 , 观澜",3室2厅,79.51平米,东南 西南,精装,中楼层(共32层),2018年,板塔结合,348 万,43769 元,0,,,近地铁 | VR房源 | 房本满五年,https://sz.lianjia.com/ershoufang/105117306554.html,地铁 | VR房源 | 房本满五年,华盛观荟 地铁4号线 采光通风很好，中楼层朝南 满五年 税费低,小区分两期开发，一期由公寓和住宅，二期三栋住宅。小区一期楼下是商 业，三楼是空中花园，三楼以上是住宅，一共有二栋一栋是公寓二栋是住宅，二期的小户型是2018年下半年才精装交房，次新房，居住舒适，二期自带泳池和园林,楼下就是大润发购物广场，以及天虹、人人乐，比邻新天地医院：观澜人民医院 深圳市龙华新区慢性病防治.观澜医院竹村社区健康服务邮局：中国邮政 中国邮政 观澜邮政局银行：中国建设银行，深圳市农村商.业银行。中国农业银行等，以及格兰云天酒店,福民影剧院;M337路M464路， 1经泗黎路与观光路，3个红绿灯到达梅观高速，梅观高速快速到达福田区； 2．通过观澜大道转机荷高速，可快速到达龙岗，宝安机场等等,,,2018-06-20,2024-06-16,商品房,普通住宅,满五年,非共有,无抵押,挂牌时间:2024-06-16 | 交易权属:商品房 | 上次交易:2018-06-20 | 房屋用途:普通住宅 | 房屋年限:满五年 | 产权所属:非共有 | 抵押信息:无抵押 | 房本备件:已上传房本照片,客厅 / 23.74平米 / 东 / 普通窗 ; 卧室A / 5.49平米 / 北 / 普通窗 ; 卧室B / 12.65平米 / 无 / 未知窗户类型 ; 卧室C / 10.38平米 / 无 / 未知窗户类型 ; 厨房 / 4.61平米 / 东 / 普通窗 ; 卫生间 / 4.72平米 / 西 / 普通窗 ; 阳台 / 3.43平米 / 北 东 南 / 普通窗 ; 储物间 / 2.01平米 / 无 / 无窗,
中间楼层南向 满五年唯一税费少 自住装修,"招商观园 , 观澜",3室2厅,87.55平米,南,,低楼层(共18层),2012年,塔楼,330 万,37693 元,0,,,VR房源,https://sz.lianjia.com/ershoufang/105122022404.html,VR房源,中间楼层南向 满五年唯一税费少 自住装修,招商观园位于龙华区观澜街道环观南路北侧(观澜高新科技园站旁），是由深圳招商房地产有限公司规划、开发的小区，规划面积147595平方米，建筑面积222221平方米，小区由别墅 多层 小高层组成，容 积率1.5，居住舒适,龙华医院（4600米百度地图测距龙华综合医院在建中3100米百度地图测距新科技园社区健康服务购物商场楼下佳又惠百货医院天虹（2400米百度地图测距）,,,,暂无数据,2025-09-04,商品房,普通住宅,暂无数据,非共有,无抵押,挂牌时间:2025-09-04 | 交易权属:商品房 | 上次交易:暂无数据 | 房屋用途:普通住宅 | 房屋年限:暂无数据 | 产权所属:非共有 | 抵押信息:无抵押 | 房本备件:未上传房本照片,,
万科九龙山 优质好房 满五唯一 诚意卖,"万科九龙山 , 观澜",3室1厅,88.84平米,东南,精装,高楼层(共33层),2016年,板楼,315 万,35458 元,5,,,VR房源,https://sz.lianjia.com/ershoufang/105117820006.html,VR房源,房子满五唯一，税费少，高层采光好，视野开阔,小区一共1367户，外加100套商铺，车位比接近1：1.1，总建筑面积142000，总占地面积60600，小区物业公司为深圳市万科物业服务有限公司。,小区楼下就有商铺；配套有福城天虹，观澜天虹，兴万达广场、比邻新天地、观澜老街、龙华环城绿道、茜坑水库、大水坑水库、狮径公园、龙华中新医院。,,,,暂无数据,2024-08-03,商品房,普通住宅,暂无数据,非共有,有抵押 200万元,挂牌时间:2024-08-03 | 交易权属:商品房 | 上次交易:暂无数据 | 房屋用途:普通住宅 | 房屋年限:暂无数据 | 产权所属:非共有 | 抵押信息:有抵押 200万元 | 房本备件:未上传房本照片,客厅 / 25.72平米 / 东南 / 落地窗 ; 卧室A / 8.73平米 / 无 / 未知窗户类型 ; 卧室B / 7.36平米 / 无 / 未知窗户类型 ; 卧室C / 11.62平米 / 西南 东南 / 落地窗 ; 厨房 / 4.06平米 / 无 / 未知窗户类型 ; 卫A / 2.39平米 / 西北 / 普通窗 ; 卫B / 2.83平米 / 无 / 无窗 ; 阳台 / 3.99平米 / 东南 / 落地窗 ; 过道 / 4.55平米 / 无 / 无窗,
地铁口物业，配套完善，户型方正，高楼层视线采光好,"龙光玖誉府 , 观澜",3室2厅,88.45平米,南 北,精装,高楼层(共31层),2020年,塔楼,450 万,50877 元,0,,,近地铁 | VR看装修,https://sz.lianjia.com/ershoufang/105119816647.html,地铁 | VR看装修,地铁口物业，配套完善，户型方正，高楼层朝南,龙光玖誉府为 “玖”系作品，是龙光品牌23年匠心打磨的又一力作。总占地面积约15000㎡，总建筑面积约85000㎡，项目精心规划有8000㎡ 图书馆及73-108㎡ 精品住宅，秉承龙光一直以来对品质的高标准，严要求，精心考量空间需求与体验，打造舒适宜居的人居,综合商场：楼下就是系餐饮休闲购物于一体的福城天虹大型综合商场，休闲购物方便。3公里范围内有比邻新天地、观澜天虹、观澜汇合正广场、观荟里四大集中商场 医院：龙华中.心医院（三甲），文体：观湖文化体育（建设中）、鹭湖人文三馆（规划中）,本项目东邻观澜大道，其中三横为“观光路、环观南路、机荷高速”；三纵为“龙观快速、观澜大道、梅观快速”。 2) 地铁：楼下就是地铁4号延长线茜坑站，深圳北直通香港、到达福田会展,,,暂无数据,2025-02-24,商品房,普通住宅,暂无数据,非共有,有抵押 300万元 交通,挂牌时间:2025-02-24 | 交易权属:商品房 | 上次交易:暂无数据 | 房屋用途:普通住宅 | 房屋年限:暂无数据 | 产权所属:非共有 | 抵押信息:有抵押 300万元 交通 | 房本备件:未上传房本照片,客厅 / 25.85平米 / 南 / 普通窗 ; 卧室A / 6.95平米 / 无 / 未知窗户类型 ; 卧室B / 12.02平米 / 无 / 未知窗户类型 ; 卧室C / 8.05平米 / 无 / 未知窗户类型 ; 厨房 / 5.58平米 / 东 / 普通窗 ; 卫生间A / 3.99平米 / 无 / 无窗 ; 卫生间B / 3.7平米 / 东 / 落地窗 ; 阳台 / 4.7平米 / 东 南 / 普通窗 ; 过道 / 3.23平米 / 无 / 无窗,
长湖地铁口，高楼层视野开阔，诚意出售,"华盛峰荟名庭 , 观澜",4室2厅,89.49平米,南,精装,中楼层(共32层),2016年,板塔结合,364 万,40675 元,4,,,近地铁 | VR看装修,https://sz.lianjia.com/ershoufang/105118326870.html,地铁 | VR看装修,此房满五唯一，格局楼层好视野开阔配套设施齐全,小区分两期开发，一期由公寓和住宅，二期三栋住宅。小区一期楼下是商场，三楼是空中花园，三楼以上是住宅，一共有二栋一栋是公寓二栋是住宅，二期的小户型是2018年下半年才精装交房，次新房，居住舒适，二期自带游泳池，配套设施完善。,楼下就为盛购物商场，1.5公里可到达福城天虹： 观澜邮政局银行：中国建设银行。中国农业银行等，以及格兰云天酒店,,,,暂无数据,2024-09-19,商品房,普通住宅,暂无数据,非共有,有抵押 85万元 中国银行 业主自还,挂牌时间:2024-09-19 | 交易权属:商品房 | 上次交易:暂无数据 | 房屋用途:普通住宅 | 房屋年限:暂无数据 | 产权所属:非共有 | 抵押信息:有抵押 85万元 中国银行 业主自还 | 房本备件:未上传房本照片,客厅 / 24.13平米 / 南 / 普通窗 ; 卧室A / 6.25平米 / 西 / 普通窗 ; 卧室B / 6.04平米 / 无 / 未知窗户类型 ; 卧室C / 13.14平米 / 无 / 未知窗户类型 ; 卧室D / 9.79平米 / 无 / 未知窗户类型 ; 厨房 / 3.79平米 / 西 / 普通窗 ; 卫生间A / 4.06平米 / 北 / 普通窗 ; 卫生间B / 4.64平米 / 西 / 落地窗 ; 阳台 / 4.63平米 / 西 南 / 普通窗 ; 过道 / 3.35平米 / 无 / 无窗,
此房满五年，业主诚心出售，南向舒适户型,"招商澜园 , 观澜",3室2厅,82.68平米,南,精装,高楼层(共25层),2010年,板塔结合,420 万,50799 元,3,,,近地铁 | VR房源 | 房本满五年,https://sz.lianjia.com/ershoufang/105116173998.html,地铁 | VR房源 | 房本满五年,此房满五年，业主诚心出售，南向舒适户型,招商澜园位于深圳市宝安区观澜街道大和路与环观南路交汇处，地处政府规划发展的观澜新中间区，并成为深圳新的城市象征。招商澜园是一座220000平米、低密度的大型高尚社区，小区拥有1500㎡会所、约6000㎡花园、泳池、幼儿园等,休闲区域：观澜湿地公园，新世纪广场、人民公园。商.业设施：天虹商场、国惠康商场、格兰郡商.业街。教育设施、医疗设施：观澜人民医院。宾馆酒店：格兰云天大酒店。银行：中国银行、工商银行、招商银行,小区交通方便，地铁4号延长线年底通车 出门就是富士施乐公交站和有轨电车文澜站，有大和路，龙澜快速，机嗬高速和梅观高速，不管是坐公交还是开车去各区都很方便,,,2011-10-14,2024-02-28,商品房,普通住宅,满五年,非共有,无抵押,挂牌时间:2024-02-28 | 交易权属:商品房 | 上次交易:2011-10-14 | 房屋用途:普通住宅 | 房屋年限:满五年 | 产权所属:非共有 | 抵押信息:无抵押 | 房本备件:已上传房本照片,客厅 / 23.09平米 / 无 / 普通窗 ; 卧室A / 13.71平米 / 无 / 未知窗户类型 ; 卧室B / 8.46平米 / 无 / 落地窗 ; 卧室C / 8.75平米 / 无 / 未知窗户类型 ; 厨房 / 3.69平米 / 无 / 普通窗 ; 卫生间 / 3.87平米 / 无 / 普通窗 ; 阳台A / 1.96平米 / 无 / 普通窗 ; 阳台B / 8.84平米 / 无 / 普通窗 ; 过道 / 2.17平米 / 无 / 无窗,
满五唯一户型方正楼层适中方便出行,"招商锦绣观园 , 观澜",2室1厅,62.43平米,东南,简装,中楼层(共26层),2014年,塔楼,163 万,26110 元,7,,,VR看装修 | 房本满五年,https://sz.lianjia.com/ershoufang/105119864692.html,VR看装修 | 房本满五年,满五唯一税费低；户型方正，楼层适中，居住舒适度高。,位于龙华区观澜茜坑水库南侧，由招商地产开发，7 栋 28 层高层，共 2300 户，物业费 2.98 元 /㎡月。,,,,,2014-01-15,2025-02-28,商品房,普通住宅,满五年,非共有,有抵押 22万元 中国银行 业主自还,挂牌时间:2025-02-28 | 交易权属:商品房 | 上次交易:2014-01-15 | 房屋用途:普通住宅 | 房屋年限:满五年 | 产权所属:非共有 | 抵押信息:有抵押 22万元 中国银行 业主自还 | 房本备件:已上传房本照片,客厅 / 20.98平米 / 无 / 无窗 ; 卧室A / 8.67平米 / 东 / 普通窗 ; 卧室B / 6.16平米 / 北 / 普通窗 ; 厨房 / 4.52平米 / 无 / 普通窗 ; 卫 / 2.16平米 / 北 / 普通窗 ; 阳台A / 4.16平米 / 无 / 无窗 ; 阳台B / 1.69平米 / 西 / 普通窗,
招商锦绣观园 2室1厅 东北,"招商锦绣观园 , 观澜",2室1厅,62平米,东北,,中楼层(共28层),2014年,,170 万,27420 元,0,,25天以前发布,VR看装修 | 房本满五年 | 随时看房,https://sz.lianjia.com/ershoufang/105122105467.html,VR看装修 | 房本满五年 | 随时看房,,,,,,,2016-09-01,2025-09-12,商品房,普通住宅,满五年,非共有,有抵押 10万元 招商银行 业主自还,挂牌时间:2025-09-12 | 交易权属:商品房 | 上次交易:2016-09-01 | 房屋用途:普通住宅 | 房屋年限:满五年 | 产权所属:非共有 | 抵押信息:有抵押 10万元 招商银行 业主自还 | 房本备件:已上传房本照片,,
万科启城 3室1厅 东南,"万科启城 , 观澜",3室1厅,99平米,东南,,高楼层(共48层),2023年,板塔结合,450 万,45455 元,0,,,近地铁 | VR房源,https://sz.lianjia.com/ershoufang/105121862131.html,地铁 | VR房源,,,,,,,暂无数据,2025-08-21,商品房,普通住宅,暂无数据,非共有,暂无数据,挂牌时间:2025-08-21 | 交易权属:商品房 | 上次交易:暂无数据 | 房屋用途:普通住宅 | 房屋年限:暂无数据 | 产权所属:非共有 | 抵押信息:暂无数据 | 房本备件:未上传房本照片,客厅 / 21.49平米 / 西南 / 普通窗 ; 卧室A / 6.62平米 / 无 / 未知窗户类型 ; 卧室B / 12.36平米 / 无 / 未知窗户类型 ; 卧室C / 8.46平米 / 西南 / 普通窗 ; 厨房 / 4.19平米 / 西北 / 普通窗 ; 卫生间A / 7.32平米 / 东北 / 落地窗 ; 卫生间B / 3.64平米 / 西北 / 普通窗 ; 阳台 / 8.18平米 / 西南 / 普通窗 ; 过道 / 4.26平米 / 无 / 无窗,
业主自住的，装修保养好，南向采光通风好,"阳基御龙山 , 观澜",2室2厅,63.65平米,东南,,31层,2018年,板塔结合,230 万,36136 元,2,,,VR看装修 | 房本满五年,https://sz.lianjia.com/ershoufang/105121504841.html,VR看装修 | 房本满五年,房子满五唯一，业主自住的，装修保养好，南向采光通风好,阳基御龙山位于福城办事处福前路南侧，为山水资源同享的高品质纯居项目，共922户，1、2、3、5栋为住宅,配套齐全，有丰盛大地、天虹商圈，观澜湖新城，购物、休闲、娱乐一应俱全；同时项目自带社区，生活便利。,小区门口左转就是公交车站，悦兴围村口：b766路;m225路;m285路;m337路;m464路 距离港铁4号线延长线长湖站距离大概800米 日常交通出行方便,,,2017-06-11,2025-07-19,商品房,普通住宅,满五年,非共有,有抵押 100万元 农业银行 金融公司垫资,挂牌时间:2025-07-19 | 交易权属:商品房 | 上次交易:2017-06-11 | 房屋用途:普通住宅 | 房屋年限:满五年 | 产权所属:非共有 | 抵押信息:有抵押 100万元 农业银行 金融公司垫资 | 房本备件:已上传房本照片,,
自住精装修做了两房，满五年唯一,"招商澜园 , 观澜",2室1厅,52.12平米,南,精装,中楼层(共25层),2010年,板塔结合,225 万,43170 元,0,,,VR看装修,https://sz.lianjia.com/ershoufang/105121786038.html,VR看装修,精装修两房自住保养好，急卖满五唯一，业主置换看房方便,,,交通出行方便，小区门口是轻轨新澜站，800米出到竹村地铁站，家门口楼下湿地公园,,,暂无数据,2025-08-14,商品房,普通住宅,暂无数据,非共有,有抵押,挂牌时间:2025-08-14 | 交易权属:商品房 | 上次交易:暂无数据 | 房屋用途:普通住宅 | 房屋年限:暂无数据 | 产权所属:非共有 | 抵押信息:有抵押 | 房本备件:未上传房本照片,,
观澜湿地公园、优质社区，菁菁绿色、宜居小区,"招商澜园 , 观澜",1室1厅,151.48平米,南,精装,低楼层(共17层),2010年,板塔结合,698 万,46079 元,0,,31天以前发布,近地铁 | VR看装修,https://sz.lianjia.com/ershoufang/105122049865.html,地铁 | VR看装修,房子在小区中间，随时可合证，业主诚意卖，价格好谈,小区由招商地产开发，国家一级物业资质的招商物业管理，小区部分为南北两区，由十三栋高层组成，低密度，是个纯居住的大社区，自带6000平的大花园，人车分流，很适合有老人和小孩的客户，小区自带幼儿园，有固定车位,龙华区政府， 休闲区域：世纪广场， 商场：设施天虹商场、观澜河湿地公园距离小区近在咫尺。龙华区政府距离小区2公里，属于区政府范围内。交通：地铁竹村站800米,小区门口就有公交站，途径的公交线众多，有轨电车在小区门口文澜站，直接到达清湖地铁口，竹村地铁口 800米，观澜大桥直接可以上机荷高速，多条公交线路到达罗湖，福田,,,暂无数据,2025-09-07,商品房,普通住宅,暂无数据,非共有,无抵押,挂牌时间:2025-09-07 | 交易权属:商品房 | 上次交易:暂无数据 | 房屋用途:普通住宅 | 房屋年限:暂无数据 | 产权所属:非共有 | 抵押信息:无抵押 | 房本备件:未上传房本照片,,
万科九龙山安静户型 看山景 88平三房两厅两卫业主急卖,"万科九龙山 , 观澜",3室1厅,88.7平米,西南,精装,低楼层(共33层),2016年,板楼,310 万,34950 元,0,,,VR房源,https://sz.lianjia.com/ershoufang/105121995084.html,VR房源,满五唯一，安静户型，看山景，漂亮的三房,,,门口龙澜大道，距地铁4号线长湖地铁口3公里，公交直达地铁口，片区规划18号线,,,暂无数据,2025-09-02,商品房,普通住宅,暂无数据,非共有,无抵押,挂牌时间:2025-09-02 | 交易权属:商品房 | 上次交易:暂无数据 | 房屋用途:普通住宅 | 房屋年限:暂无数据 | 产权所属:非共有 | 抵押信息:无抵押 | 房本备件:未上传房本照片,客厅 / 25.95平米 / 南 / 落地窗 ; 卧室A / 8.3平米 / 无 / 未知窗户类型 ; 卧室B / 6.76平米 / 无 / 未知窗户类型 ; 卧室C / 11.46平米 / 东 南 / 落地窗 ; 厨房 / 4.62平米 / 东 / 普通窗 ; 卫生间A / 2.8平米 / 北 / 普通窗 ; 卫生间B / 2.89平米 / 无 / 无窗 ; 阳台 / 4.26平米 / 南 / 落地窗 ; 过道 / 4.49平米 / 无 / 无窗,
满五唯一高楼层，近地铁光线好，三房高使用率,"华盛观荟名庭 , 观澜",3室2厅,79.45平米,南,,高楼层(共32层),2016年,板塔结合,348 万,43802 元,3,,,近地铁 | VR房源,https://sz.lianjia.com/ershoufang/105113980380.html,地铁 | VR房源,近地铁满五唯一，花园小区视野开阔，高使用率,小区分两期开发，一期由公寓和住宅，二期三栋住宅。小区一期楼下是商 业，三楼是空中花园，三楼以上是住宅，一共有二栋一栋是公寓二栋是住宅，二期的小户型是2018年下半年才精装交房，次新房，居住舒适，二期自带泳池和园林,商场：楼下就是购物广场，以及天虹、人人乐，比邻新天地医院：观澜人民医院 深圳市龙华新区慢性病防治.观澜医院竹村社区健康服务邮局：中国邮政 中国邮政 观澜邮政局银行：中国建设银行，深圳市农村商.业银行。中国农业银行等，以及格兰云天酒店,公交;，福民影剧院;M337路M464路， 1经泗黎路与观光路，3个红绿灯到达梅观高速，梅观高速快速到达福田区； 2．通过观澜大道转机荷高速，可快速到达龙岗，宝安机场等等，出行方便。4号地铁离小区仅500米，换乘到深圳各区,,,暂无数据,2023-06-14,商品房,普通住宅,暂无数据,非共有,有抵押 190万元 建设银行,挂牌时间:2023-06-14 | 交易权属:商品房 | 上次交易:暂无数据 | 房屋用途:普通住宅 | 房屋年限:暂无数据 | 产权所属:非共有 | 抵押信息:有抵押 190万元 建设银行 | 房本备件:未上传房本照片,客厅 / 23.58平米 / 西南 / 普通窗 ; 卧室A / 11.99平米 / 西 / 落地窗 ; 卧室B / 10.52平米 / 西 / 落地窗 ; 卧室C / 5.36平米 / 西北 / 落地窗 ; 厨房 / 4.31平米 / 西南 / 普通窗 ; 卫生间 / 4.66平米 / 东北 / 普通窗 ; 阳台 / 2.87平米 / 西南 西北 东南 / 普通窗 ; 储物间 / 1.81平米 / 无 / 无窗,
安静宜居，精装2居，配套完善，招商澜园51平,"招商澜园 , 观澜",2室1厅,51.31平米,南,精装,中楼层(共17层),2010年,板塔结合,220 万,42877 元,0,,,近地铁 | VR房源 | 房本满五年,https://sz.lianjia.com/ershoufang/105117615056.html,地铁 | VR房源 | 房本满五年,此房满五年 安静位置 位于中间楼层,小区由招商局地产开发，国家一级物业资质的招商物业管理，小区部分为南北两区，由十三栋高层组成，低密度，是个纯居住的大社区，自带6000平的大花园，人车分流，很适合有老人和小孩的客户，小区自带幼儿园，有固定车位。,配套：观澜街道办 休闲区域：新世纪广场、观澜文化广场， 商场：设施天虹商场、比邻新天地，观澜河湿地公园距离小区近在咫尺。龙华区政府距离小区2公里，属于新区政府辐射范围内。项目：现聚集多家大品牌开发商在此拿地。如：万科 卓 越，阳基,小区门口就有公交站，途径的公交线众多，有轨电车在小区门口文澜站，直接到达清湖地铁口，竹村地铁口 800米，观澜大桥直接可以上机荷高速，多条公交线路到达罗湖，福田,,,2019-11-29,2024-07-15,商品房,普通住宅,满五年,非共有,有抵押,挂牌时间:2024-07-15 | 交易权属:商品房 | 上次交易:2019-11-29 | 房屋用途:普通住宅 | 房屋年限:满五年 | 产权所属:非共有 | 抵押信息:有抵押 | 房本备件:已上传房本照片,客厅 / 21.59平米 / 西 / 普通窗 ; 卧室A / 7.36平米 / 西 / 普通窗 ; 卧室B / 5.58平米 / 西 / 落地窗 ; 厨房 / 3.24平米 / 西 / 落地窗 ; 卫生间 / 3.54平米 / 西 / 普通窗 ; 阳台 / 2.65平米 / 西 / 普通窗,
房子中间楼层，采光通风好，业主诚心出售,"深业泰然观澜玫瑰苑 , 观澜",1室1厅,47.07平米,北,,31层,2016年,板塔结合,221 万,46952 元,0,,,近地铁 | VR房源,https://sz.lianjia.com/ershoufang/105120540531.html,地铁 | VR房源,房子中间楼层，采光通风好，业主诚心出售,小区为 综合体，以空中花园为分开住宅与商场。由深圳市国惠康国泰房地产开发有限公司开发，深业泰然（集团）有限公司控股，成立于1985年的深圳市属国有企业，注册资金8亿元，旗下拥有9家控股企业、2家参股企业。资历雄厚,主要配套：深圳市龙华区医院，兴万达，民乐福，百佳华，能满足生活上的需求,"小区门距离有轨轨电车-新澜站100米,，接驳4号线观澜站地铁口直达福田，楼下就是公交站吉盛酒店大公交站台，另外5公里上龙观快速，4公里上珠三角环线高速，各种交通设施配套齐全，出行便利",,,暂无数据,2025-04-26,商品房,普通住宅,暂无数据,非共有,有抵押,挂牌时间:2025-04-26 | 交易权属:商品房 | 上次交易:暂无数据 | 房屋用途:普通住宅 | 房屋年限:暂无数据 | 产权所属:非共有 | 抵押信息:有抵押 | 房本备件:未上传房本照片,客厅 / 15.73平米 / 无 / 未知窗户类型 ; 卧室 / 8.9平米 / 无 / 落地窗 ; 厨房 / 2.99平米 / 西北 / 普通窗 ; 卫 / 2.12平米 / 东北 / 普通窗 ; 阳台 / 3.26平米 / 西南 / 落地窗,
万科4房 华为旁 业主自住保养好 高楼层 满五唯一,"万科九龙山 , 观澜",4室2厅,124.38平米,东南,精装,高楼层(共33层),2016年,板楼,490 万,39396 元,2,,,VR房源 | 房本满五年,https://sz.lianjia.com/ershoufang/105118040679.html,VR房源 | 房本满五年,此房满五唯一，精装四房两厅两卫，高楼层，万科大社区。,,小区楼下就有人人乐和钱大妈；配套有观澜天虹，兴万达广场、比邻新天地、观澜老街、龙华环城绿道、茜坑水库、大水坑水库、狮径公园、龙华中芯医院。,,,,2018-10-23,2024-08-23,商品房,普通住宅,满五年,非共有,有抵押,挂牌时间:2024-08-23 | 交易权属:商品房 | 上次交易:2018-10-23 | 房屋用途:普通住宅 | 房屋年限:满五年 | 产权所属:非共有 | 抵押信息:有抵押 | 房本备件:已上传房本照片,客厅 / 37.42平米 / 南 / 落地窗 ; 卧室A / 15.71平米 / 西 南 / 落地窗 ; 卧室B / 8.57平米 / 无 / 未知窗户类型 ; 卧室C / 9.87平米 / 无 / 未知窗户类型 ; 卧室D / 10.5平米 / 无 / 未知窗户类型 ; 厨房 / 5.83平米 / 南 / 普通窗 ; 卫生间A / 4.4平米 / 北 / 普通窗 ; 卫B / 3.06平米 / 北 / 普通窗 ; 阳台 / 9.57平米 / 西 南 / 落地窗,
澜园红本在手，诚意出售，近地铁精装3房,"招商澜园 , 观澜",3室2厅,82.63平米,南,精装,低楼层(共25层),2010年,板塔结合,380 万,45989 元,10,,,近地铁 | VR房源,https://sz.lianjia.com/ershoufang/105117344101.html,地铁 | VR房源,此房满五唯一 红本在售 带精装 业主诚意出售,小区由招商局地产开发，国家物业资质的招商物业管理，小区部分为南北两区，由十三栋高层组成，低密度，是个纯居住的大社区，自带6000平的大花园，人车分流，很适合有老人和小孩的客户，小区自带幼儿园，有固定车位。,观澜街道办 休闲区域：新世纪广场、观澜文化广场， 商场：设施天虹商场、比邻新天地，观澜河湿地公园距离小区近在咫尺。龙华区政府距离小区2公里，属于新区政府辐射范围内。项目：现聚集多家大品牌开发商在此拿地。如：万科 卓 越，阳基,小区门口就有公交站，途径的公交线众多，有轨电车在小区门口文澜站，直接到达清湖地铁口，4号线竹村地铁口 800米，观澜大桥直接可以上机荷高速，多条公交线路到达罗湖，福田,,,暂无数据,2024-06-19,商品房,普通住宅,暂无数据,非共有,无抵押,挂牌时间:2024-06-19 | 交易权属:商品房 | 上次交易:暂无数据 | 房屋用途:普通住宅 | 房屋年限:暂无数据 | 产权所属:非共有 | 抵押信息:无抵押 | 房本备件:未上传房本照片,客厅 / 27.83平米 / 南 / 普通窗 ; 卧室A / 8.86平米 / 无 / 未知窗户类型 ; 卧室B / 8.62平米 / 东 南 / 落地窗 ; 卧室C / 11.6平米 / 无 / 未知窗户类型 ; 厨房 / 6平米 / 东 / 普通窗 ; 卫生间 / 4.33平米 / 东 / 普通窗 ; 阳台 / 5.1平米 / 南 / 普通窗 ; 过道 / 2.5平米 / 无 / 无窗,
户型小 通风好 使用率高70年产权复试公寓,"华盛峰荟名庭 , 观澜",3室1厅,57.52平米,东北,精装,中楼层(共27层),2016年,板塔结合,178 万,30946 元,16,,,近地铁 | VR房源,https://sz.lianjia.com/ershoufang/105118853686.html,地铁 | VR房源,户型小  使用率高70年产权复试公寓,,商场：天虹、人人乐，比邻新天地医院：观澜人民医院 深圳市龙华新区慢性病防治.观澜医院竹村社区健康服务邮局：中国邮政 中国邮政 观澜邮政局银行：中国建设银行ATM 深圳市农村商.业银行ATM 中国农业银行ATM其他：格兰云天国际大酒店,公交;，福民影剧院;M337路M464路， 1经泗黎路与观光路，3个红绿灯到达梅观高速，梅观高速快速到达福田区； 2．通过观澜大道转机荷高速，可快速到达龙岗，宝安机场..,,,暂无数据,2024-11-09,商品房,商务公寓,暂无数据,非共有,无抵押,挂牌时间:2024-11-09 | 交易权属:商品房 | 上次交易:暂无数据 | 房屋用途:商务公寓 | 房屋年限:暂无数据 | 产权所属:非共有 | 抵押信息:无抵押 | 房本备件:未上传房本照片,客厅 / 17.64平米 / 北 / 落地窗 ; 卧室A / 7.65平米 / 北 / 落地窗 ; 卧室B / 14.89平米 / 北 / 落地窗 ; 卧室C / 8.03平米 / 北 / 落地窗 ; 厨房 / 5.34平米 / 北 / 落地窗 ; 卫 / 2.03平米 / 无 / 无窗 ; 储物间 / 4.07平米 / 无 / 无窗 ; 过道A / 5.52平米 / 无 / 无窗 ; 过道B / 4.4平米 / 无 / 无窗,
满五唯一，红本在手，高层通风采光好，近公园购物商场,"福安雅园 , 观澜",2室1厅,68.21平米,南,精装,高楼层(共34层),2015年,,238 万,34893 元,0,,,VR看装修 | 房本满五年,https://sz.lianjia.com/ershoufang/105120904272.html,VR看装修 | 房本满五年,满五唯一，红本在手，高层通风采光好，近公园购物商场,全深圳的标杆安居房社区，大社区，小区物业管理好，配套齐全，很适合老人小孩居住,小区楼下就是大型购物综合体丰盛大地购物，钱大妈，百果园，等日常生活配套,,,,2017-09-15,2025-05-30,商品房,普通住宅,满五年,共有,有抵押 金融公司垫资,挂牌时间:2025-05-30 | 交易权属:商品房 | 上次交易:2017-09-15 | 房屋用途:普通住宅 | 房屋年限:满五年 | 产权所属:共有 | 抵押信息:有抵押 金融公司垫资 | 房本备件:已上传房本照片,,
观湖园 临湖别墅 带私家大花园  随时可看房,"观湖园 , 观澜",7室2厅,346.88平米,东南,毛坯,1层,2009年,板楼,1860 万,53621 元,0,,,VR房源 | 房本满五年 | 随时看房,https://sz.lianjia.com/ershoufang/105119151069.html,VR房源 | 房本满五年 | 随时看房,观湖园小区为纯别墅 小区环境优美 别墅空间足 带私家花园有300平,此小区为纯别墅小区 分为 叠加 双拼 临湖双拼和独栋等户型 小区内部环境优美  有三条湖泊,地铁是22号线的库坑站 目前在建中 教育方面有碧澜外国语和行知外国语,,,,2011-08-05,2024-12-09,商品房,普通住宅,满五年,非共有,有抵押 招商银行,挂牌时间:2024-12-09 | 交易权属:商品房 | 上次交易:2011-08-05 | 房屋用途:普通住宅 | 房屋年限:满五年 | 产权所属:非共有 | 抵押信息:有抵押 招商银行 | 房本备件:已上传房本照片,客厅 / 84.55平米 / 北 东 / 普通窗 ; 卧室A / 13.44平米 / 西 / 落地窗 ; 卧室B / 11.55平米 / 东 / 普通窗 ; 卧室C / 17.3平米 / 西 / 普通窗 ; 卧室D / 9.46平米 / 西 / 普通窗 ; 卧室E / 33.03平米 / 东 / 普通窗 ; 卧室F / 17.27平米 / 西 / 普通窗 ; 卧室G / 23.71平米 / 东 / 普通窗 ; 厨房 / 11.34平米 / 西 / 普通窗 ; 卫生间A / 3.61平米 / 无 / 无窗 ; 卫生间B / 3.9平米 / 北 / 普通窗 ; 卫生间C / 3.49平米 / 北 / 普通窗 ; 卫生间D / 4.94平米 / 无 / 无窗 ; 卫生间E / 3.39平米 / 西 / 普通窗 ; 卫生间F / 11.67平米 / 东 / 普通窗 ; 卫生间G / 3.4平米 / 西 / 普通窗 ; 卫生间H / 3.54平米 / 西 / 普通窗 ; 阳台A / 13.76平米 / 北 东 南 / 普通窗 ; 阳台B / 8.89平米 / 西 北 / 普通窗 ; 阳台C / 7.01平米 / 东 南 / 普通窗 ; 阳台D / 2.68平米 / 西 北 南 / 普通窗 ; 阳台E / 8.35平米 / 西 北 / 普通窗 ; 阳台F / 18.89平米 / 北 东 南 / 普通窗 ; 露台 / 17.75平米 / 西 北 南 / 普通窗 ; 露台B / 36.24平米 / 北 东 南 / 普通窗 ; 储物间 / 22.56平米 / 无 / 无窗 ; 地下室 / 106.25平米 / 无 / 落地窗 ; 门厅 / 8.06平米 / 无 / 无窗 ; 过道A / 23.84平米 / 无 / 无窗 ; 过道B / 6.9平米 / 无 / 无窗 ; 过道C / 7.09平米 / 无 / 无窗 ; 衣帽间 / 7.44平米 / 无 / 无窗,
正南向看花园景观 安静位置  采光视野好 满五年税费少,"万科九龙山 , 观澜",3室2厅,88.6平米,南,,低楼层(共33层),2016年,板楼,310 万,34989 元,0,,,VR看装修 | 随时看房,https://sz.lianjia.com/ershoufang/105121970957.html,VR看装修 | 随时看房,正南向看花园景观 安静位置  采光视野好 满五年税费少  方正,小区绿景多，楼间距宽敞，停车位充足，住户素质高，邻里关系融洽，有幼儿园，小区物业管理严格，生活安心，小区门口就有公交站，方便出行,配套有观澜天虹、兴万达广场、比邻新天地、中航格澜郡商圈、观澜老镇商圈、深圳绿道5号线、楼盘旁就是九龙山生态园，茜坑水库、大水坑水库、狮径公园、观澜人民医院,,,,暂无数据,2025-08-31,商品房,普通住宅,暂无数据,非共有,有抵押 经营贷 金融公司垫资,挂牌时间:2025-08-31 | 交易权属:商品房 | 上次交易:暂无数据 | 房屋用途:普通住宅 | 房屋年限:暂无数据 | 产权所属:非共有 | 抵押信息:有抵押 经营贷 金融公司垫资 | 房本备件:未上传房本照片,客厅 / 25.37平米 / 西南 / 普通窗 ; 卧室A / 8.52平米 / 无 / 未知窗户类型 ; 卧室B / 6.9平米 / 无 / 未知窗户类型 ; 卧室C / 11.47平米 / 东南 / 普通窗 ; 厨房 / 4.65平米 / 无 / 未知窗户类型 ; 卫生间A / 2.74平米 / 东北 / 普通窗 ; 卫生间B / 2.61平米 / 无 / 无窗 ; 阳台 / 4.42平米 / 西南 / 普通窗 ; 过道 / 4.33平米 / 无 / 无窗,
合证在手，业主诚售，招商观园精三房，看房无忧,"招商观园 , 观澜",3室2厅,88平米,南,简装,中楼层(共18层),2012年,塔楼,463 万,52614 元,0,,,VR房源 | 随时看房,https://sz.lianjia.com/ershoufang/105116495790.html,VR房源 | 随时看房,房子满五年 业主急卖 产权满五唯一 价格好谈 看房方便,招商观园地块位于深圳市宝安区观澜街道环观南路北侧，与观澜高新技术园区隔路相望，邻进梅观高速、机荷高速，占地147595.156平方米，主力产品为140-180㎡大户型和单证89平.,医疗龙华医院（4600米百度地图测距龙华综合医院在建中3100米百度地图测距新科技园社区健康服务商场楼下佳又惠百货医院天虹（2400米百度地图测距,轨道交通：有轨电车站台，高新园西站（电车接驳地铁4号线清湖地铁口），公交线路：公交（观澜高新园站）M567、M264、313、E4路等，高速公路：机荷高速公路、梅观高速公路，交通方便。,,,暂无数据,2024-03-27,商品房,普通住宅,暂无数据,非共有,有抵押,挂牌时间:2024-03-27 | 交易权属:商品房 | 上次交易:暂无数据 | 房屋用途:普通住宅 | 房屋年限:暂无数据 | 产权所属:非共有 | 抵押信息:有抵押 | 房本备件:未上传房本照片,客厅 / 13.79平米 / 东南 / 普通窗 ; 餐厅 / 4.98平米 / 无 / 无窗 ; 卧室A / 9.17平米 / 无 / 未知窗户类型 ; 卧室B / 6.22平米 / 西南 / 落地窗 ; 卧室C / 9.73平米 / 无 / 未知窗户类型 ; 厨房 / 3.91平米 / 无 / 无窗 ; 卫生间 / 3.16平米 / 无 / 无窗 ; 阳台A / 2.59平米 / 无 / 无窗 ; 阳台B / 6.11平米 / 西南 东北 东南 / 普通窗 ; 过道 / 15.17平米 / 无 / 无窗,
懿花园 精装修三房 业主诚心出售 看房方便,"懿花园 , 观澜",3室1厅,88.91平米,西南,简装,中楼层(共10层),2013年,板楼,399 万,44877 元,0,,,VR看装修,https://sz.lianjia.com/ershoufang/105115729594.html,VR看装修,此房满五年唯一，厅正出阳台， 看山景，带三阳台,小区是和记黄埔开发，万科物业，小区属于鹭湖国际住区中间位置，位置安静，依山傍水，小区总共33栋别墅，12栋洋房，密度低，舒适！ 业主自住装修，维护保养较好，稍作打理，即可拎包入住,医疗龙华医院（4600米百度地图测距龙华综合医院在建中3100米百度地图测距新科技园社区健康服务购物商场楼下佳又惠百货医院天虹（2400米百度地图测距,距有轨电车站390米（百度地图测距），公交线路：公交（宝安高新科技园、观澜高新科技园）794、627、663、668、866路等，高速公路：机荷高速公路、梅观高速公路，交通方便。,,,暂无数据,2023-12-29,商品房,普通住宅,暂无数据,非共有,有抵押 300万元,挂牌时间:2023-12-29 | 交易权属:商品房 | 上次交易:暂无数据 | 房屋用途:普通住宅 | 房屋年限:暂无数据 | 产权所属:非共有 | 抵押信息:有抵押 300万元 | 房本备件:未上传房本照片,客厅 / 23.88平米 / 西北 / 落地窗 ; 卧室A / 5.42平米 / 西北 / 普通窗 ; 卧室B / 7.57平米 / 西北 / 落地窗 ; 卧室C / 20.15平米 / 西北 东南 / 落地窗 ; 厨房 / 5.22平米 / 西南 / 普通窗 ; 卫A / 3.59平米 / 无 / 普通窗 ; 卫B / 3.42平米 / 东南 / 普通窗 ; 阳台A / 6.11平米 / 西南 西北 东北 / 普通窗 ; 阳台B / 4.14平米 / 西南 / 普通窗 ; 过道 / 3.15平米 / 无 / 无窗,
金地鹭湖1号 3室2厅 南,"金地鹭湖1号 , 观澜",3室2厅,89.41平米,南,,16层,2015年,塔楼,360 万,40264 元,2,,,VR看装修 | 房本满五年,https://sz.lianjia.com/ershoufang/105121932616.html,VR看装修 | 房本满五年,,,,,,,2015-02-12,2025-08-27,商品房,普通住宅,满五年,非共有,有抵押 85万元 业主自还,挂牌时间:2025-08-27 | 交易权属:商品房 | 上次交易:2015-02-12 | 房屋用途:普通住宅 | 房屋年限:满五年 | 产权所属:非共有 | 抵押信息:有抵押 85万元 业主自还 | 房本备件:已上传房本照片,,
美佳华首誉 6米层高不压抑 民水民电通燃气,"美佳华首誉 , 观澜",2室2厅,67.51平米,南 北,,中楼层(共28层),2013年,板塔结合,180 万,26663 元,2,,,近地铁 | VR房源,https://sz.lianjia.com/ershoufang/105114987634.html,地铁 | VR房源,高楼层视野开阔，配套齐全，大社区,小区位于龙华新区政府南侧，观澜大道与环观南路交汇处，北望百花山，东临观澜河及沿河景观，南面市政公园，片区居.住与商.业氛围较为浓厚，而且梅观高速改造为深圳南北向深南大道后交通更为便捷 美佳华首誉是集住宅、商务公， 寓、生态办公、一体的城市综体,小区为观澜首创的一站式的集中体，包括：购物、餐饮、休闲、娱乐等多种业态。未来有品牌商家进驻，已确定品牌主力店人人乐、KFC、美佳华儿童乐园等品牌，未来会有影院、餐饮、娱乐等基本配套。苏宁电器、面点王、拾味馆、芳都酒楼等,地铁4号线茜坑站出口300米左右，另距离公交车站田背路口300米，目前公交线路有10余路，出行方便,,,暂无数据,2023-10-07,商品房,商务公寓,暂无数据,非共有,无抵押,挂牌时间:2023-10-07 | 交易权属:商品房 | 上次交易:暂无数据 | 房屋用途:商务公寓 | 房屋年限:暂无数据 | 产权所属:非共有 | 抵押信息:无抵押 | 房本备件:未上传房本照片,,
近地铁公园，四房高层保养如新，读书方便,"华盛观荟名庭 , 观澜",4室1厅,80.73平米,东北,精装,高楼层(共32层),2018年,板塔结合,385 万,47690 元,1,,,近地铁 | VR房源 | 房本满五年,https://sz.lianjia.com/ershoufang/105115098116.html,地铁 | VR房源 | 房本满五年,近地铁公园，高层四房满五唯一，保养如新,小区分两期开发，一期由公寓和住宅，二期三栋住宅。小区一期楼下是商 业，三楼是空中花园，三楼以上是住宅，一共有二栋一栋是公寓二栋是住宅，二期的小户型是2018年下半年才精装交房，次新房，居住舒适，二期自带泳池和园林,商场：楼下就是购物广场，以及天虹、人人乐，比邻新天地医院：观澜人民医院 深圳市龙华新区慢性病防治.观澜医院竹村社区健康服务邮局：中国邮政 中国邮政 观澜邮政局银行：中国建设银行，深圳市农村商.业银行。中国农业银行等，以及格兰云天酒店,福民影剧院;M337路M464路， 1经泗黎路与观光路，3个红绿灯到达梅观高速，梅观高速快速到达福田区； 2．通过观澜大道转机荷高速，可快速到达龙岗，宝安机场等等，出行方便。4号地铁离小区仅500米，换乘到深圳各区,,,2014-12-24,2023-10-19,商品房,普通住宅,满五年,非共有,有抵押 建设银行,挂牌时间:2023-10-19 | 交易权属:商品房 | 上次交易:2014-12-24 | 房屋用途:普通住宅 | 房屋年限:满五年 | 产权所属:非共有 | 抵押信息:有抵押 建设银行 | 房本备件:已上传房本照片,客厅 / 18.15平米 / 西北 / 普通窗 ; 卧室A / 7.32平米 / 北 / 落地窗 ; 卧室B / 9.58平米 / 无 / 未知窗户类型 ; 卧室C / 7.19平米 / 西北 / 普通窗 ; 卧室D / 13.84平米 / 无 / 未知窗户类型 ; 厨房 / 4.97平米 / 无 / 未知窗户类型 ; 卫生间 / 5.03平米 / 无 / 未知窗户类型 ; 阳台 / 3.1平米 / 西南 西北 东北 / 普通窗 ; 过道A / 3.64平米 / 无 / 无窗 ; 过道B / 4.65平米 / 无 / 无窗,
中楼层，朝向好，视野开阔，通风采光好。,"珑门二期 , 观澜",4室2厅,87.6平米,南,精装,中楼层(共32层),2018年,板塔结合,419 万,47832 元,0,,,VR看装修,https://sz.lianjia.com/ershoufang/105121122811.html,VR看装修,中楼层，朝向好，视野开阔，通风采光好。,小区位于龙华区福前路和新丹路交汇处，2016年1月1日竣工，占地面积47000平方米，建筑面积249000平方米，共1600户。开发商：深圳市鹏城置业有限公司，物业公司 ：深圳市凯鸿物业管理有限公司 。车位比：1.1.1，物业管理费3.8元每平方。,小区内有绿化好，有儿童游乐场，有康乐健身设施。旁边是九龙山体育公园，内有游泳馆、篮球场、羽毛球场等。楼下有钱大妈、肯德鸡、有中国银行，生活配套完善。,,,,暂无数据,2025-06-17,商品房,普通住宅,暂无数据,非共有,有抵押,挂牌时间:2025-06-17 | 交易权属:商品房 | 上次交易:暂无数据 | 房屋用途:普通住宅 | 房屋年限:暂无数据 | 产权所属:非共有 | 抵押信息:有抵押 | 房本备件:未上传房本照片,,
毛坯两房 住宅 满五唯一红本在手,"奥宸观壹城 , 观澜",2室1厅,75.45平米,东南 东北,,中楼层(共32层),2023年,板塔结合,210 万,27834 元,0,,26天以前发布,近地铁 | VR房源 | 随时看房,https://sz.lianjia.com/ershoufang/105122103608.html,地铁 | VR房源 | 随时看房,毛坯两房 住宅 满五唯一红本在手,共3栋 12个单元；并且规划为具有70-130平米的住宅、40-80平米的公寓；楼下有菜市场；小区内布局合理；有2个人行主出入口，两个车库入口,离小区1.8公里观澜湖新城吃喝玩乐一体 离小区20米就是振能 小区自带幼儿园,,,,暂无数据,2025-09-12,商品房,普通住宅,暂无数据,非共有,无抵押,挂牌时间:2025-09-12 | 交易权属:商品房 | 上次交易:暂无数据 | 房屋用途:普通住宅 | 房屋年限:暂无数据 | 产权所属:非共有 | 抵押信息:无抵押 | 房本备件:未上传房本照片,客厅 / 26.06平米 / 无 / 未知窗户类型 ; 卧室A / 10.64平米 / 西 / 普通窗 ; 卧室B / 9.79平米 / 无 / 未知窗户类型 ; 厨房 / 4.17平米 / 东 / 普通窗 ; 卫生间 / 3.64平米 / 东 / 普通窗 ; 阳台A / 3.13平米 / 西 / 普通窗 ; 阳台B / 1.47平米 / 东 / 普通窗,
"满五唯一红本在手,高层通风采光好,近公园购物商场","福安雅园 , 观澜",2室1厅,69平米,东南,精装,低楼层(共34层),,,208 万,30145 元,1,,,VR房源,https://sz.lianjia.com/ershoufang/105121054882.html,VR房源,"满五唯一红本在手,高层通风采光好,近公园购物商场",全深圳的标杆安居房社区，大社区，小区物业管理好，配套齐全，很适合老人小孩居住,小区楼下就是大型购物综合体丰盛大地购物，钱大妈，百果园，等日常生活配套,,,,暂无数据,2025-06-12,商品房,普通住宅,暂无数据,共有,无抵押,挂牌时间:2025-06-12 | 交易权属:商品房 | 上次交易:暂无数据 | 房屋用途:普通住宅 | 房屋年限:暂无数据 | 产权所属:共有 | 抵押信息:无抵押 | 房本备件:未上传房本照片,客厅 / 21.45平米 / 无 / 无窗 ; 卧室A / 8.82平米 / 无 / 未知窗户类型 ; 卧室B / 11.76平米 / 无 / 未知窗户类型 ; 卧室C / 4.29平米 / 无 / 未知窗户类型 ; 厨房 / 4平米 / 无 / 落地窗 ; 卫 / 2.64平米 / 无 / 落地窗 ; 阳台 / 3.19平米 / 南 / 落地窗,
美佳华首誉 6米层高不压抑 民水民电通燃气,"美佳华首誉 , 观澜",2室2厅,67.51平米,南 北,,中楼层(共28层),2013年,板塔结合,180 万,26663 元,2,,,近地铁 | VR房源,https://sz.lianjia.com/ershoufang/105114987634.html,地铁 | VR房源,高楼层视野开阔，配套齐全，大社区,小区位于龙华新区政府南侧，观澜大道与环观南路交汇处，北望百花山，东临观澜河及沿河景观，南面市政公园，片区居.住与商.业氛围较为浓厚，而且梅观高速改造为深圳南北向深南大道后交通更为便捷 美佳华首誉是集住宅、商务公， 寓、生态办公、一体的城市综体,小区为观澜首创的一站式的集中体，包括：购物、餐饮、休闲、娱乐等多种业态。未来有品牌商家进驻，已确定品牌主力店人人乐、KFC、美佳华儿童乐园等品牌，未来会有影院、餐饮、娱乐等基本配套。苏宁电器、面点王、拾味馆、芳都酒楼等,地铁4号线茜坑站出口300米左右，另距离公交车站田背路口300米，目前公交线路有10余路，出行方便,,,暂无数据,2023-10-07,商品房,商务公寓,暂无数据,非共有,无抵押,挂牌时间:2023-10-07 | 交易权属:商品房 | 上次交易:暂无数据 | 房屋用途:商务公寓 | 房屋年限:暂无数据 | 产权所属:非共有 | 抵押信息:无抵押 | 房本备件:未上传房本照片,,
精装修，业主诚心出售，家私家电,"观澜豪园 , 观澜",2室2厅,100平米,东南,精装,低楼层(共6层),,板塔结合,300 万,30000 元,0,,,近地铁 | VR房源 | 房本满五年,https://sz.lianjia.com/ershoufang/105121438030.html,地铁 | VR房源 | 房本满五年,观澜湖精装修住宅一线高尔夫景观满五年保养好,"观澜湖已经形成国际高尔夫别墅住区，把背景相同、事业有成的人士聚集在一起，创	
造出生活与事业的平台。在10多平方公里的绿色王国上，建筑覆盖率不到1%，属于纯粹的高尔夫球场中/央物业，完全被球道环/绕，从住宅的任何一个角度，都可以观赏到绿色的景观。","小区南门50亿观澜湖新城，观澜湖生态体育公园，观澜天虹商场，兴万达商场等，龙	
华人民医/院，塘厦人民医/院，小区内有会所/游泳池/健身房/高尔夫业主练习场/穿梭巴士等免费使用。",,,,2014-12-31,2025-07-14,商品房,普通住宅,满五年,非共有,无抵押,挂牌时间:2025-07-14 | 交易权属:商品房 | 上次交易:2014-12-31 | 房屋用途:普通住宅 | 房屋年限:满五年 | 产权所属:非共有 | 抵押信息:无抵押 | 房本备件:已上传房本照片,,
单证户型，满五唯一，中间楼层，户型方正，南北朝向,"招商观园 , 观澜",3室1厅,87.85平米,南,,中楼层(共8层),2012年,塔楼,375 万,42687 元,1,,,VR看装修,https://sz.lianjia.com/ershoufang/105121718031.html,VR看装修,独立单证户型，满五年唯一，中间楼层，户型方正，南北朝向,,南面是高兴科技园，北面是横坑滨水公园，税务局（1000米百度地图 观湖中 心公园（737米百度地图 医疗龙华医院（4600米百度地图测距龙华综合医院在建中3100米百度地图测距新科技园社区健康服务商场楼下佳又惠百货医院天虹（2400米百度地图测距,招商观园是由招商集团开发的龙华观澜中间位置的居住片区，其中的低密度的大型住宅小区代表，车位比1：1.2，小区绿化面积大。实行人车分流。小区由9栋高层，49栋别墅组成，楼间距大，生活密度低，交通方便，门口轻轨直通4号线,,,暂无数据,2025-08-08,商品房,普通住宅,暂无数据,非共有,无抵押,挂牌时间:2025-08-08 | 交易权属:商品房 | 上次交易:暂无数据 | 房屋用途:普通住宅 | 房屋年限:暂无数据 | 产权所属:非共有 | 抵押信息:无抵押 | 房本备件:未上传房本照片,,
联排别墅 上下四层 一本证 无欠款 诚心出售,"招商观园 , 观澜",5室2厅,246平米,南,简装,1层,2012年,塔楼,1050 万,42683 元,1,,,VR房源 | 随时看房,https://sz.lianjia.com/ershoufang/105121671186.html,VR房源 | 随时看房,此房满五唯一，红本在售无欠款，环境优美，依山傍水。,招商观园地块位于深圳市宝安区观澜街道环观南路北侧，与观澜高新技术园区隔路相望，邻进梅观高速、机荷高速，占地147595.156平方米，招商观园2期将近期推出全新升级力作中.央园林湖景单位，主力产品为140-180㎡大户型和少量90平,,公交线路：公交（观澜高新园站）M567、M264、313、E4路等，出小区约100有轨电车站台（电车接驳地铁4号线清湖地铁口），高速公路：机荷高速公路、梅观高速公路，交通方便。,,,暂无数据,2025-08-04,商品房,别墅,暂无数据,非共有,无抵押,挂牌时间:2025-08-04 | 交易权属:商品房 | 上次交易:暂无数据 | 房屋用途:别墅 | 房屋年限:暂无数据 | 产权所属:非共有 | 抵押信息:无抵押 | 房本备件:未上传房本照片,,
精装修楼层佳户型好诚心出售 ，业主好沟通,"观澜湖赛维纳 , 观澜",3室1厅,99.69平米,东南,精装,高楼层(共17层),2002年,板楼,450 万,45140 元,0,,,VR房源 | 房本满五年,https://sz.lianjia.com/ershoufang/105121438245.html,VR房源 | 房本满五年,观澜湖精装修住宅一线高尔夫景观满五年保养好,"观澜湖已经形成国际高尔夫别墅住区，把背景相同、事业有成的人士聚集在一起，创	
造出生活与事业的平台。在10多平方公里的绿色王国上，建筑覆盖率不到1%，属于纯粹的高尔夫球场中/央物业，完全被球道环/绕，从住宅的任何一个角度，都可以观赏到绿色的景观。","小区南门50亿观澜湖新城，观澜湖生态体育公园，观澜天虹商场，兴万达商场等，龙	
华人民医/院，塘厦人民医/院，小区内有会所/游泳池/健身房/高尔夫业主练习场/穿梭巴士等免费使用。",,,,2018-01-31,2025-07-14,商品房,普通住宅,满五年,非共有,无抵押,挂牌时间:2025-07-14 | 交易权属:商品房 | 上次交易:2018-01-31 | 房屋用途:普通住宅 | 房屋年限:满五年 | 产权所属:非共有 | 抵押信息:无抵押 | 房本备件:已上传房本照片,客厅 / 34.22平米 / 北 南 / 落地窗 ; 卧室A / 9.1平米 / 无 / 未知窗户类型 ; 卧室B / 15.17平米 / 无 / 未知窗户类型 ; 卧室C / 8.75平米 / 无 / 未知窗户类型 ; 厨房 / 6.87平米 / 北 / 普通窗 ; 卫A / 1.54平米 / 北 / 普通窗 ; 卫生间B / 4.07平米 / 北 / 普通窗 ; 卫生间C / 4.94平米 / 北 / 普通窗 ; 阳台 / 2.36平米 / 南 / 普通窗 ; 储物间 / 4.02平米 / 北 / 普通窗 ; 过道 / 4.44平米 / 无 / 无窗,
标准 两房满五唯一红本在手毛坯,"奥宸观壹城 , 观澜",2室1厅,63.69平米,南,毛坯,高楼层(共32层),2023年,板塔结合,185 万,29047 元,3,,,近地铁 | VR房源 | 随时看房,https://sz.lianjia.com/ershoufang/105121206780.html,地铁 | VR房源 | 随时看房,毛坯两房 住宅 满五唯一红本在手,共3栋 12个单元；并且规划为具有70-130平米的住宅、40-80平米的公寓；楼下有菜市场；小区内布局合理；有2个人行主出入口，两个车库入口,离小区1.8公里观澜湖新城吃喝玩乐一体 离小区20米就是振能 小区自带幼儿园,距离小区800米左右地铁站4号线延长线松元厦站去往福田 区里小区200米左右公交车站M285路 321路去往火车站西广场 M361路去往龙华公交站 332路去往蛇口出行方便,,,暂无数据,2025-06-24,商品房,普通住宅,暂无数据,非共有,无抵押,挂牌时间:2025-06-24 | 交易权属:商品房 | 上次交易:暂无数据 | 房屋用途:普通住宅 | 房屋年限:暂无数据 | 产权所属:非共有 | 抵押信息:无抵押 | 房本备件:未上传房本照片,客厅 / 19.11平米 / 北 / 普通窗 ; 卧室A / 10.05平米 / 无 / 未知窗户类型 ; 卧室B / 10.88平米 / 无 / 未知窗户类型 ; 厨房 / 3.65平米 / 北 / 普通窗 ; 卫生间 / 2.78平米 / 北 / 普通窗 ; 阳台 / 3.19平米 / 北 / 普通窗 ; 阳台B / 2.03平米 / 北 / 普通窗,
观澜地铁站 房子位置安静 采光通风很好 业主诚意出售,"奥宸观壹城 , 观澜",3室2厅,78.81平米,南,,高楼层(共33层),2018年,板塔结合,299 万,37940 元,0,,,近地铁 | VR看装修,https://sz.lianjia.com/ershoufang/105121281357.html,地铁 | VR看装修,房子带精装修 位置好 业主诚售 装修保养好,小区介绍共4栋7个单元并且规划为具有70-130平米的住宅、40-80平米的公寓楼下有菜市场小区内布局合理有2个人行主出入口两个车库入口,来项目规划自带3200平米的12班中英双语幼儿园，同时项目地理位置较为靠观澜湖新城，未来也可共享的观澜旗舰。主要为地利百货、华润万家 7天连锁酒店等普通配套。兴万达广场 百佳华,项目位于观平路与人民路交汇处西北侧，交通比较方便，有公车线路，和观澜汽车总站，有各区公交，距离地铁700米松元厦站,,,暂无数据,2025-06-30,商品房,普通住宅,暂无数据,非共有,有抵押 120万元,挂牌时间:2025-06-30 | 交易权属:商品房 | 上次交易:暂无数据 | 房屋用途:普通住宅 | 房屋年限:暂无数据 | 产权所属:非共有 | 抵押信息:有抵押 120万元 | 房本备件:未上传房本照片,客厅 / 26.52平米 / 南 / 普通窗 ; 卧室A / 8.17平米 / 无 / 未知窗户类型 ; 卧室B / 7.22平米 / 西 / 落地窗 ; 卧室C / 11.16平米 / 无 / 未知窗户类型 ; 厨房 / 4.3平米 / 无 / 未知窗户类型 ; 卫生间 / 2.52平米 / 无 / 未知窗户类型 ; 阳台 / 6.29平米 / 南 / 普通窗,
观湖园 4室3厅 东南,"观湖园 , 观澜",4室3厅,88平米,东南,毛坯,下叠(共4层),2012年,板楼,850 万,96591 元,0,,,VR房源,https://sz.lianjia.com/ershoufang/105121438263.html,VR房源,,,,,,,暂无数据,2025-07-14,商品房,别墅,暂无数据,非共有,暂无数据,挂牌时间:2025-07-14 | 交易权属:商品房 | 上次交易:暂无数据 | 房屋用途:别墅 | 房屋年限:暂无数据 | 产权所属:非共有 | 抵押信息:暂无数据 | 房本备件:未上传房本照片,,
4房2卫 端头位三面采光 名雕百万精装,"招商观园 , 观澜",4室2厅,89.43平米,南,精装,下叠(共3层),2012年,塔楼,460 万,51437 元,0,,,VR房源,https://sz.lianjia.com/ershoufang/105121978076.html,VR房源,"别墅边端位2楼，三面采光
房子位置安静 使用率高",,,,,,暂无数据,2025-09-01,商品房,别墅,暂无数据,非共有,有抵押 200万元 建设银行 客户偿还,挂牌时间:2025-09-01 | 交易权属:商品房 | 上次交易:暂无数据 | 房屋用途:别墅 | 房屋年限:暂无数据 | 产权所属:非共有 | 抵押信息:有抵押 200万元 建设银行 客户偿还 | 房本备件:未上传房本照片,,
懿花园 3室2厅 东南,"懿花园 , 观澜",3室2厅,89.5平米,东南,,低楼层(共10层),2013年,板楼,388 万,43352 元,0,,,VR看装修,https://sz.lianjia.com/ershoufang/105121195657.html,VR看装修,,,,,,,暂无数据,2025-06-23,商品房,普通住宅,暂无数据,非共有,有抵押,挂牌时间:2025-06-23 | 交易权属:商品房 | 上次交易:暂无数据 | 房屋用途:普通住宅 | 房屋年限:暂无数据 | 产权所属:非共有 | 抵押信息:有抵押 | 房本备件:未上传房本照片,,
套内150平 南北对流 四个阳台 领包入住,"招商观园 , 观澜",4室2厅,140平米,南,精装,低楼层(共18层),2012年,塔楼,538 万,38429 元,1,,,VR看装修,https://sz.lianjia.com/ershoufang/105120801795.html,VR看装修,套内150平 南北对流 四个阳台 领包入住 满五唯一,招商观园地块位于深圳市宝安区观澜街道环观南路北侧，与观澜高新技术园区隔路相望，邻进梅观高速、机荷高速，占地147595.156平方米,本小区靠着横坑水库，环境优雅安静靠山靠水，小区人车分流，小区物业管理严格，小区自带健身器材、小孩玩乐区，恒温游泳池，不出小区老人小孩有健身游玩之处，适合家有老人和小孩的家庭，真正做到入则宁静，移步繁华,公交线路：公交（观澜高新园站）M567、M264、313、E4路等，出小区约100有轨电车站台（电车接驳地铁4号线清湖地铁口），高速公路：机荷高速公路、梅观高速公路，交通方便。,,,暂无数据,2025-05-21,商品房,普通住宅,暂无数据,非共有,有抵押 15万元,挂牌时间:2025-05-21 | 交易权属:商品房 | 上次交易:暂无数据 | 房屋用途:普通住宅 | 房屋年限:暂无数据 | 产权所属:非共有 | 抵押信息:有抵押 15万元 | 房本备件:未上传房本照片,,
地铁口4号线 长湖站 华盛峰荟82平3房 满五年税费少,"华盛峰荟名庭 , 观澜",3室2厅,82.91平米,南,,中楼层(共32层),2016年,板塔结合,318 万,38355 元,3,,,近地铁 | VR房源,https://sz.lianjia.com/ershoufang/105119975241.html,地铁 | VR房源,地铁口4号线 长湖站 华盛峰荟89平4房 满五年税费少,小区楼下观荟里墒业街，为盛抄市。医院：龙华中芯医院，深圳伟光医院，广东医学院附属观澜医院；其他：观澜人民公园，狮经公园，九龙山，观澜,,,,,暂无数据,2025-03-08,商品房,普通住宅,暂无数据,非共有,有抵押 310万元 经营贷欠310万 客户偿还,挂牌时间:2025-03-08 | 交易权属:商品房 | 上次交易:暂无数据 | 房屋用途:普通住宅 | 房屋年限:暂无数据 | 产权所属:非共有 | 抵押信息:有抵押 310万元 经营贷欠310万 客户偿还 | 房本备件:未上传房本照片,客厅 / 24.07平米 / 西南 / 普通窗 ; 卧室A / 4.98平米 / 西北 / 普通窗 ; 卧室B / 12.56平米 / 无 / 未知窗户类型 ; 卧室C / 9.63平米 / 无 / 未知窗户类型 ; 厨房 / 4.59平米 / 西南 / 普通窗 ; 卫生间 / 4.52平米 / 东北 / 普通窗 ; 阳台 / 3.23平米 / 西南 西北 东南 / 普通窗 ; 储物间 / 1.85平米 / 无 / 无窗,
此房满五年，居家精装，中高楼层视野宽阔，通风采光好,"金地鹭湖1号 , 观澜",3室1厅,89.12平米,南,,高楼层(共16层),2012年,塔楼,430 万,48250 元,0,,,VR看装修 | 房本满五年,https://sz.lianjia.com/ershoufang/105119868091.html,VR看装修 | 房本满五年,此房满五年，居家精装，中高楼层视野宽阔，通风采光好,鹭湖1号位于龙华区观澜街道梅观高速与环观南路交汇处;鹭湖国际住区项目主打户型产品：建面89㎡三房。 项目占地面积约91197.68平方米，总建筑面积约164150平方米,公交线路：公交（观澜高新园站）M567、M264、313、E4路等，有轨电车站台（电车接驳地铁4号线清湖地铁口），高速公路：机荷高速公路、梅观高速公路，交通方便。,,,,2016-09-24,2025-02-28,商品房,普通住宅,满五年,非共有,有抵押 50万元,挂牌时间:2025-02-28 | 交易权属:商品房 | 上次交易:2016-09-24 | 房屋用途:普通住宅 | 房屋年限:满五年 | 产权所属:非共有 | 抵押信息:有抵押 50万元 | 房本备件:已上传房本照片,客厅 / 21.54平米 / 南 / 普通窗 ; 卧室A / 8.4平米 / 南 / 普通窗 ; 卧室B / 7.58平米 / 东 / 落地窗 ; 卧室C / 13.02平米 / 无 / 未知窗户类型 ; 厨房 / 4.9平米 / 南 / 普通窗 ; 卫生间A / 3.35平米 / 西 / 普通窗 ; 卫生间B / 3.23平米 / 东 / 普通窗 ; 阳台 / 3.6平米 / 东 南 / 普通窗 ; 过道 / 6.36平米 / 无 / 无窗,
正南向，看花园，无遮挡，视野开阔，看房方便。,"金地鹭湖1号 , 观澜",3室1厅,89.35平米,南,,高楼层(共16层),2015年,塔楼,428 万,47902 元,0,,,VR看装修,https://sz.lianjia.com/ershoufang/105119318417.html,VR看装修,住家装修，中间楼层，安静位置，正南向，无遮挡视野开阔。,金地鹭湖1号，位于龙华区观澜街道梅观高速与环观南路交汇处。 鹭湖国际住区项目，主打户型产品：建面89平3房2卫。还有少量137平4房2卫，及190平复式。 项目占地面积约91197.68平方米，总建筑面积约164150平方米。,,轨道交通：有轨电车站台，高新园西站（电车接驳地铁4号线清湖地铁口），公交线路：公交（观澜高新园站）M567、M264、313、E4路等，高速公路：机荷高速公路、梅观高速公路，交通方便。,,,暂无数据,2024-12-26,商品房,普通住宅,暂无数据,非共有,有抵押,挂牌时间:2024-12-26 | 交易权属:商品房 | 上次交易:暂无数据 | 房屋用途:普通住宅 | 房屋年限:暂无数据 | 产权所属:非共有 | 抵押信息:有抵押 | 房本备件:未上传房本照片,客厅 / 26.92平米 / 南 / 普通窗 ; 卧室A / 6.56平米 / 北 / 落地窗 ; 卧室B / 9.4平米 / 无 / 未知窗户类型 ; 卧室C / 14.67平米 / 无 / 未知窗户类型 ; 厨房 / 5.37平米 / 北 / 普通窗 ; 卫生间 / 4.67平米 / 西 / 普通窗 ; 阳台 / 4.24平米 / 南 / 普通窗,
精装大五房，户型方正，业主自住，看房方便，诚心出售,"招商观园 , 观澜",4室2厅,140平米,南 北,简装,中楼层(共18层),2012年,塔楼,531 万,37929 元,0,,,VR房源,https://sz.lianjia.com/ershoufang/105120767883.html,VR房源,房子朝南，户型方正，采光通风佳，业主诚心卖,招商观园地块位于深圳市宝安区观澜街道环观南路北侧，与观澜高新技术园区隔路相望，邻进梅观高速、机荷高速，占地147595.156平方米,本小区靠着横坑水库，环境优雅安静靠山靠水，小区人车分流，小区物业管理严格，小区自带健身器材、小孩玩乐区，恒温游泳池，不出小区老人小孩有健身游玩之处，适合家有老人和小孩的家庭，真正做到入则宁静，移步繁华,公交线路：公交（观澜高新园站）M567、M264、313、E4路等，出小区约100有轨电车站台（电车接驳地铁4号线清湖地铁口），高速公路：机荷高速公路、梅观高速公路，交通方便。,,,暂无数据,2025-05-18,商品房,普通住宅,暂无数据,非共有,有抵押 招行,挂牌时间:2025-05-18 | 交易权属:商品房 | 上次交易:暂无数据 | 房屋用途:普通住宅 | 房屋年限:暂无数据 | 产权所属:非共有 | 抵押信息:有抵押 招行 | 房本备件:未上传房本照片,卧室 / 17.2平米 / 南 / 落地窗 ; 卫生间 / 4.73平米 / 南 / 普通窗 ; 阳台 / 4.52平米 / 西 东 南 / 落地窗,
招商澜园顶复装修好、三层半、高实用率、带两个车位,"招商澜园 , 观澜",6室2厅,219.47平米,南 北,精装,高楼层(共25层),2010年,板塔结合,1380 万,62879 元,5,,,VR房源,https://sz.lianjia.com/ershoufang/105118874807.html,VR房源,复式三层半高使用率、带两个私人车位、高楼层无遮挡视野,小区由招商局地产开发，国家一级物业资质的招商物业管理，小区部分为南北两区，由十三栋高层组成，低密度，是个纯居住的大社区，自带6000平的大花园，人车分流，很适合有老人和小孩的客户，小区自带幼儿园，商有观澜天虹,配套：观澜街道办 休闲区域：新世纪广场、观澜文化广场， 商场：设施天虹商场、比邻新天地，观澜河湿地公园距离小区近在咫尺。龙华区政府距离小区2公里，属于新区政府辐射范围内。项目：现聚集多家大品牌开发商在此拿地。如：万科 卓 越，阳基,小区门口就有公交站，途径的公交线众多，有轨电车在小区门口文澜站，直接到达清湖地铁口，竹村地铁口 800米，观澜大桥直接可以上机荷高速，多条公交线路到达罗湖，福田,,,暂无数据,2024-11-11,商品房,普通住宅,暂无数据,非共有,有抵押 700万元,挂牌时间:2024-11-11 | 交易权属:商品房 | 上次交易:暂无数据 | 房屋用途:普通住宅 | 房屋年限:暂无数据 | 产权所属:非共有 | 抵押信息:有抵押 700万元 | 房本备件:未上传房本照片,客厅A / 54.36平米 / 无 / 落地窗 ; 客厅B / 89.89平米 / 无 / 落地窗 ; 卧室A / 11.1平米 / 无 / 落地窗 ; 卧室B / 15.27平米 / 无 / 落地窗 ; 卧室C / 12.63平米 / 北 / 落地窗 ; 卧室D / 16.37平米 / 西 北 / 落地窗 ; 卧室E / 39.84平米 / 北 南 / 落地窗 ; 卧室F / 10.03平米 / 无 / 无窗 ; 厨房A / 10.26平米 / 无 / 普通窗 ; 厨房B / 13.13平米 / 无 / 普通窗 ; 卫生间A / 4.67平米 / 无 / 落地窗 ; 卫生间B / 3.88平米 / 南 / 普通窗 ; 卫生间C / 9.49平米 / 北 / 落地窗 ; 卫生间D / 4.03平米 / 无 / 落地窗 ; 阳台A / 4.56平米 / 无 / 普通窗 ; 阳台B / 6.96平米 / 无 / 普通窗 ; 阳台C / 6.46平米 / 南 / 普通窗 ; 阳台D / 4.66平米 / 无 / 普通窗 ; 阳台E / 6平米 / 无 / 普通窗 ; 阳台F / 129.78平米 / 无 / 普通窗 ; 门厅 / 12.67平米 / 无 / 落地窗 ; 过道A / 2.07平米 / 无 / 无窗 ; 过道B / 15.97平米 / 无 / 无窗 ; 过道C / 5.52平米 / 无 / 落地窗,
奥宸观壹城松元厦地铁口精装横厅三房两位急售,"奥宸观壹城 , 观澜",3室2厅,91.11平米,东北,精装,低楼层(共33层),2018年,板塔结合,309 万,33916 元,2,,,近地铁 | VR看装修,https://sz.lianjia.com/ershoufang/105120577709.html,地铁 | VR看装修,满五，装修保养好，横厅户型，使用率高,本小区环境优雅安静，小区人才分流，小区物业管理严格，小区自带健身器材，小孩玩乐区，恒温游泳池，不出小区老人小孩都有健身游玩之处，适合家有老人和小孩的家庭，真正做到入则宁静，移步繁华,离小区1.8公里观澜湖新城吃喝玩乐一体 离小区20米就是振能 小区自带幼儿园,距离小区800米左右地铁站4号线延长线松元厦站去往福田 区里小区200米左右公交车站M285路 321路去往火车站西广场 M361路去往龙华公交站 332路去往蛇口出行方便 房主自荐(业主对房源的描述),,,暂无数据,2025-04-30,商品房,普通住宅,暂无数据,非共有,有抵押 130万元,挂牌时间:2025-04-30 | 交易权属:商品房 | 上次交易:暂无数据 | 房屋用途:普通住宅 | 房屋年限:暂无数据 | 产权所属:非共有 | 抵押信息:有抵押 130万元 | 房本备件:未上传房本照片,,
龙华观澜水库风景好房，两室两厅二阳台,"招商锦绣观园 , 观澜",2室2厅,64.6平米,西南,简装,中楼层(共28层),2014年,塔楼,178 万,27555 元,1,,,VR看装修 | 房本满五年 | 随时看房,https://sz.lianjia.com/ershoufang/105120381427.html,VR看装修 | 房本满五年 | 随时看房,看山景，安静，楼层适中，视野宽阔，采光充足，配套设施齐全。,,出小区大门就是龙华环境绿道入口、茜坑水库，两公里内有行知学校、天虹商场、茜坑地铁、茜坑露营广场。,小区有公交总站接驳到地铁口，出小区大门就上龙澜快速干道，转福龙路到市区半小时可达，到高速口三公里即可。,,,2014-01-18,2025-04-12,商品房,普通住宅,满五年,非共有,无抵押,挂牌时间:2025-04-12 | 交易权属:商品房 | 上次交易:2014-01-18 | 房屋用途:普通住宅 | 房屋年限:满五年 | 产权所属:非共有 | 抵押信息:无抵押 | 房本备件:已上传房本照片,客厅 / 21.07平米 / 西北 / 普通窗 ; 卧室A / 6.24平米 / 东北 / 普通窗 ; 卧室B / 8.38平米 / 西北 / 普通窗 ; 厨房 / 4.49平米 / 无 / 普通窗 ; 卫 / 2.12平米 / 东北 / 普通窗 ; 阳台A / 1.25平米 / 西北 / 普通窗 ; 阳台B / 3.79平米 / 西北 / 普通窗,
仁山大平层，满五唯一，看房方便,"城建仁山智水花园三期 , 观澜",6室3厅,303.29平米,南,,低楼层(共41层),2016年,板楼,1600 万,52755 元,1,,,VR房源 | 随时看房,https://sz.lianjia.com/ershoufang/105119871981.html,VR房源 | 随时看房,此房满五年唯一，诚意出售，朝南看花园，位置安静,仁山智水由深圳市城市建设开发公司开发，小区占地近20平，总建筑面积为557584.63㎡，住宅282053.6㎡，商铺5860㎡，幼儿园3500.08㎡，建筑主体包括95栋住宅楼，其中有83栋低多层住宅及8栋高层和4栋高层，住宅共1445户，车位3158个,龙华医院（4600米百度地图测距龙华综合医院在建中3100米百度地图测距新科技园社区健康服务购物商场楼下佳又惠百货医院天虹（2400米百度地图测距），龙华外国语主校区，公立幼儿园,公交（观澜高新园站）M517、M264、313、E4路等，出小区约100有轨电车站台（电车接驳地铁4号线清湖地铁口），高速公路：机荷高速公路、梅观高速公路，交通方便。规划的有22号地铁线可看规划图,,,暂无数据,2025-02-28,商品房,普通住宅,暂无数据,非共有,有抵押 770万元,挂牌时间:2025-02-28 | 交易权属:商品房 | 上次交易:暂无数据 | 房屋用途:普通住宅 | 房屋年限:暂无数据 | 产权所属:非共有 | 抵押信息:有抵押 770万元 | 房本备件:未上传房本照片,客厅 / 70.04平米 / 北 南 / 普通窗 ; 卧室A / 12.02平米 / 北 / 普通窗 ; 卧室B / 17.56平米 / 无 / 未知窗户类型 ; 卧室C / 33.15平米 / 北 南 / 落地窗 ; 厨房 / 10.71平米 / 北 / 普通窗 ; 卫生间A / 7.71平米 / 无 / 未知窗户类型 ; 卫生间B / 15.17平米 / 无 / 未知窗户类型 ; 卫生间C / 7.88平米 / 北 / 普通窗 ; 阳台A / 15.38平米 / 北 / 普通窗 ; 阳台B / 56.25平米 / 北 / 普通窗 ; 阳台C / 15.83平米 / 无 / 未知窗户类型 ; 阳台D / 17.92平米 / 东 南 / 普通窗 ; 储物间 / 4.87平米 / 无 / 无窗 ; 过道 / 14.3平米 / 无 / 无窗,
刚需户型，毛坯原始户型，3房2卫，70年产权,"珑门二期 , 观澜",3室2厅,82平米,西北,毛坯,高楼层(共32层),2018年,板塔结合,320 万,39025 元,1,,,VR看装修,https://sz.lianjia.com/ershoufang/105113278624.html,VR看装修,刚需户型，毛坯原始户型，3房2卫，70年产权,小区为全封闭式社区，人车分流地下3层停车场车位1:1.1，全智能社区刷卡到户，智能可视对讲系统，24小时安保及监控安全放心；小区为3梯6户公用部分宽敞舒适；小区临校背靠体育公园；2公里可到花仙谷生态园和绿色跑道，整体适合居家！,小区背靠公园，生态园，绿色跑道一应俱全，公共交通方便，生活配套齐全，整体适合居家。需要更多户型和楼盘价格对比分析欢迎咨询，希望能为您带来一次专业舒心的看房体验！,门口E巴士和高快24等上下班快线高速直达福田/罗湖； 2公里4个红绿灯可上梅观高速和龙观快速！,,,暂无数据,2023-04-07,商品房,普通住宅,暂无数据,非共有,有抵押 330,挂牌时间:2023-04-07 | 交易权属:商品房 | 上次交易:暂无数据 | 房屋用途:普通住宅 | 房屋年限:暂无数据 | 产权所属:非共有 | 抵押信息:有抵押 330 | 房本备件:未上传房本照片,客厅 / 26.3平米 / 西北 东北 / 落地窗 ; 卧室A / 5.61平米 / 东北 东南 / 普通窗 ; 卧室B / 12.38平米 / 无 / 未知窗户类型 ; 卧室C / 8.77平米 / 无 / 未知窗户类型 ; 厨房 / 4.1平米 / 东北 / 普通窗 ; 卫生间A / 2.86平米 / 东南 / 普通窗 ; 卫生间B / 3.61平米 / 无 / 未知窗户类型 ; 阳台A / 1.17平米 / 东北 东南 / 普通窗 ; 阳台B / 2.53平米 / 西南 西北 东北 / 落地窗,
精装修，阳台朝向好，无遮挡，室内安静，全新无居住,"中森公园华府 , 观澜",3室2厅,89平米,东南,精装,高楼层(共30层),2020年,板塔结合,300 万,33708 元,7,,,VR房源,https://sz.lianjia.com/ershoufang/105118812891.html,VR房源,精装修，阳台朝向好，无遮挡，室内安静，全新无居住 ，诚心出售,开发商为深圳中森，是以房地产为产业的企业，主要以珠三角地区和成渝地区为发展区域。 在深圳有几个住宅地产项目，为人熟知的应该是科技园片区华润城邻居的英伦名苑1-3期，以及龙岗的中森双子座,项目位于龙华区观澜板块，观湖街道的东南方位。所在区域是深圳中轴北的产业，南接坂田天安云谷、龙华宝能科技城，东连平湖金融与现代服务业基地，西临观澜高新产业园， 北为观澜传统制造业聚集地带,,,,暂无数据,2024-11-05,商品房,普通住宅,暂无数据,非共有,有抵押 200万元 农村商业银行 客户偿还,挂牌时间:2024-11-05 | 交易权属:商品房 | 上次交易:暂无数据 | 房屋用途:普通住宅 | 房屋年限:暂无数据 | 产权所属:非共有 | 抵押信息:有抵押 200万元 农村商业银行 客户偿还 | 房本备件:未上传房本照片,客厅 / 24.97平米 / 南 / 普通窗 ; 卧室A / 6.32平米 / 无 / 未知窗户类型 ; 卧室B / 12.65平米 / 无 / 未知窗户类型 ; 卧室C / 8.82平米 / 南 / 落地窗 ; 厨房 / 5.58平米 / 西 / 普通窗 ; 卫生间A / 3.46平米 / 无 / 无窗 ; 卫生间B / 3.56平米 / 西 / 普通窗 ; 阳台 / 4.77平米 / 西 南 / 普通窗 ; 过道 / 3.06平米 / 无 / 无窗,
精装修，阳台朝向好，无遮挡，室内安静，诚心出售,"中森公园华府 , 观澜",3室2厅,89平米,南 北,,中楼层(共30层),2020年,板塔结合,350 万,39326 元,1,,,VR看装修,https://sz.lianjia.com/ershoufang/105121024917.html,VR看装修,精装修，阳台朝向好，无遮挡，室内安静，诚心出售,开发商为深圳中森，是以房地产为产业的企业，主要以珠三角地区和成渝地区为发展区域。 在深圳有几个住宅地产项目，为人熟知的应该是科技园片区华润城邻居的英伦名苑1-3期，以及龙岗的中森双子座,目位于龙华区观澜板块，观湖街道的东南方位。所在区域是深圳中轴北的产业，南接坂田天安云谷、龙华宝能科技城，东连平湖金融与现代服务业基地，西临观澜高新产业园， 北为观澜传统制造业聚集地带,,,,暂无数据,2025-06-09,商品房,普通住宅,暂无数据,非共有,有抵押,挂牌时间:2025-06-09 | 交易权属:商品房 | 上次交易:暂无数据 | 房屋用途:普通住宅 | 房屋年限:暂无数据 | 产权所属:非共有 | 抵押信息:有抵押 | 房本备件:未上传房本照片,,
高楼层，精装修，保养好，红本在手，,"观澜湖 , 观澜",2室1厅,106平米,西北,,中楼层(共11层),,板楼,230 万,21699 元,2,,,VR房源,https://sz.lianjia.com/ershoufang/105121732862.html,VR房源,观澜湖精装修住宅一线高尔夫景观满五年保养好,"观澜湖已经形成国际高尔夫别墅住区，把背景相同、事业有成的人士聚集在一起，创	
造出生活与事业的平台。在10多平方公里的绿色王国上，建筑覆盖率不到1%，属于纯粹的高尔夫球场中/央物业，完全被球道环/绕，从住宅的任何一个角度，都可以观赏到绿色的景观。","小区南门50亿观澜湖新城，观澜湖生态体育公园，观澜天虹商场，兴万达商场等，龙	
华人民医/院，塘厦人民医/院，小区内有会所/游泳池/健身房/高尔夫业主练习场/穿梭巴士等免费使用。",,,,暂无数据,2025-08-09,商品房,普通住宅,暂无数据,非共有,无抵押,挂牌时间:2025-08-09 | 交易权属:商品房 | 上次交易:暂无数据 | 房屋用途:普通住宅 | 房屋年限:暂无数据 | 产权所属:非共有 | 抵押信息:无抵押 | 房本备件:未上传房本照片,客厅 / 34.71平米 / 北 / 落地窗 ; 卧室A / 12平米 / 北 / 普通窗 ; 卧室B / 8.44平米 / 南 / 普通窗 ; 厨房 / 4.76平米 / 南 / 普通窗 ; 卫生间A / 4平米 / 南 / 落地窗 ; 卫生间B / 3.31平米 / 无 / 无窗 ; 阳台A / 12.4平米 / 西 北 东 南 / 普通窗 ; 阳台B / 2.1平米 / 南 / 普通窗 ; 阳台C / 2.61平米 / 西 东 南 / 普通窗,
高楼层 视野开阔 满五税少 价格好谈 看房方便,"金地鹭湖1号 , 观澜",3室2厅,88.73平米,东北,精装,高楼层(共16层),2015年,塔楼,403 万,45419 元,0,,,VR房源 | 随时看房,https://sz.lianjia.com/ershoufang/105116440595.html,VR房源 | 随时看房,户型好  精装三房   满五年  红本,鹭湖1号位于龙华区观澜街道梅观高速与环观南路交汇处;鹭湖国际住区项目主打户型产品：建面89㎡三房。 项目占地面积约91197.68平方米，总建筑面积约164150平方米。,,多维立体城市干道:环观南路直通平湖，梅观高速直达福田，北通东莞，沈海高速连接深圳前海以及东部坪山以及惠州，潮汕。 龙华有轨电车无缝接驳地铁4号线清湖站。,,,暂无数据,2024-03-22,商品房,普通住宅,暂无数据,非共有,有抵押 300万元,挂牌时间:2024-03-22 | 交易权属:商品房 | 上次交易:暂无数据 | 房屋用途:普通住宅 | 房屋年限:暂无数据 | 产权所属:非共有 | 抵押信息:有抵押 300万元 | 房本备件:未上传房本照片,客厅 / 25.75平米 / 南 / 落地窗 ; 卧室A / 12.96平米 / 无 / 未知窗户类型 ; 卧室B / 8.78平米 / 无 / 未知窗户类型 ; 卧室C / 10.6平米 / 南 / 落地窗 ; 厨房 / 3.49平米 / 东 / 普通窗 ; 卫生间A / 3.23平米 / 东 / 普通窗 ; 卫生间B / 4.48平米 / 北 / 普通窗 ; 阳台 / 3.84平米 / 南 / 落地窗 ; 过道 / 3.15平米 / 无 / 无窗,
城建仁山智水花园一期 4室1厅 南,"城建仁山智水花园一期 , 观澜",4室1厅,109.19平米,南,,中楼层(共29层),2015年,塔楼,818 万,74916 元,1,,22天以前发布,VR看装修,https://sz.lianjia.com/ershoufang/105122142223.html,VR看装修,,,,,,,暂无数据,2025-09-15,商品房,普通住宅,暂无数据,非共有,有抵押 银行,挂牌时间:2025-09-15 | 交易权属:商品房 | 上次交易:暂无数据 | 房屋用途:普通住宅 | 房屋年限:暂无数据 | 产权所属:非共有 | 抵押信息:有抵押 银行 | 房本备件:未上传房本照片,,
鹏瑞  2024年新交楼  方正三房 业主诚心出售 安静不吵,"鹏瑞·颐璟府 , 观澜",3室2厅,89.62平米,东南,精装,低楼层(共33层),2024年,塔楼,370 万,41286 元,6,,,VR看装修,https://sz.lianjia.com/ershoufang/105119659304.html,VR看装修,满两年税费少 户型方正无遮挡 通风采光好,鹏瑞颐璟府鹏瑞颐璟府联合 AUBE（欧博）建筑设计及园林景观设计，以三重叠景院落、三重门第礼序、三重会客厅、50余种花木，打造“推窗见景、出门见绿”的生活场景。社区房源量相对大，其选择面也相对广，可满足多层次的置业需求。,综合医院（在建）、图书馆（在建）、群艺馆（在建）、大剧院（在建）等区级配套；横坑滨水公园（在建）、石皮山公园（在建）等城市生态场地；,,,,暂无数据,2025-02-12,商品房,普通住宅,暂无数据,非共有,无抵押,挂牌时间:2025-02-12 | 交易权属:商品房 | 上次交易:暂无数据 | 房屋用途:普通住宅 | 房屋年限:暂无数据 | 产权所属:非共有 | 抵押信息:无抵押 | 房本备件:未上传房本照片,客厅 / 22.98平米 / 东 / 普通窗 ; 卧室A / 8.02平米 / 无 / 未知窗户类型 ; 卧室B / 13.05平米 / 无 / 未知窗户类型 ; 卧室C / 6.57平米 / 东 / 普通窗 ; 厨房 / 4.73平米 / 南 / 普通窗 ; 卫生间A / 4.03平米 / 西 / 落地窗 ; 卫生间B / 3.16平米 / 南 / 普通窗 ; 阳台 / 6.78平米 / 东 / 普通窗 ; 过道 / 3.63平米 / 无 / 无窗,
复式公寓，居住舒适，两房两卫格局，税费低,"陶润懿峰 , 观澜",2室1厅,52平米,北,精装,中楼层(共7层),2016年,塔楼,188 万,36154 元,7,,,近地铁 | VR房源,https://sz.lianjia.com/ershoufang/105116063543.html,地铁 | VR房源,复式公寓，居住舒适，三房两卫格局，税费低,2016年3月左右，精装交楼小区很新，观澜河湿地公园就在小区旁边车库出入口有新建一个公园，环境优美，居民都喜欢在河边散步，龙华区政府就在小区北面,观澜天虹，福城天虹。医院：龙华观澜医院，新建有一个观澜综合人民医院，银行：中国邮政大河支局，中国银行，工商银行，招商银行农业银行，建设银行，休闲娱乐：人民公园，新世纪广场，湿地公园,小区门口就有公交站，途经的公交线众多，多条线路到达福田，罗湖。正大门左边有轨道电车在小区门口，文澜站直到清湖地铁口，观澜大桥可以直接上济河高速，正大门右边700米竹村地铁口。,,,暂无数据,2024-02-20,商品房,普通住宅,暂无数据,非共有,有抵押,挂牌时间:2024-02-20 | 交易权属:商品房 | 上次交易:暂无数据 | 房屋用途:普通住宅 | 房屋年限:暂无数据 | 产权所属:非共有 | 抵押信息:有抵押 | 房本备件:未上传房本照片,客厅 / 21.19平米 / 北 / 落地窗 ; 卧室A / 9.35平米 / 北 / 落地窗 ; 卧室B / 7.91平米 / 北 / 落地窗 ; 厨房 / 4.6平米 / 北 / 普通窗 ; 卫生间A / 2.97平米 / 无 / 无窗 ; 卫生间B / 4.61平米 / 无 / 无窗 ; 阳台 / 1.95平米 / 北 / 普通窗 ; 过道 / 11.31平米 / 无 / 无窗,
视野开阔，花园心静谧，舒适安家,"招商观园 , 观澜",3室2厅,88.9平米,南,精装,中楼层(共18层),2012年,塔楼,385 万,43308 元,2,,,VR房源,https://sz.lianjia.com/ershoufang/105116462128.html,VR房源,花园中间位置，安静舒适，视野好,招商观园位于龙华区观澜街道环观南路北侧(观澜高新科技园站旁），是由深圳招商房地产有限公司规划、开发的小区，规划面积147595平方米，建筑面积222221平方米，小区由别墅 多层 小高层组成，容 积率1.5，居住舒适,龙华医院（4600米百度地图测距龙华综合医院在建中3100米百度地图测距新科技园社区健康服务购物商场楼下佳又惠百货医院天虹（2400米百度地图测距,,,,暂无数据,2024-03-24,商品房,普通住宅,暂无数据,非共有,有抵押 210万元 中国银行 客户偿还,挂牌时间:2024-03-24 | 交易权属:商品房 | 上次交易:暂无数据 | 房屋用途:普通住宅 | 房屋年限:暂无数据 | 产权所属:非共有 | 抵押信息:有抵押 210万元 中国银行 客户偿还 | 房本备件:未上传房本照片,客厅 / 26.28平米 / 东南 / 普通窗 ; 卧室A / 17.81平米 / 无 / 未知窗户类型 ; 卧室B / 9.68平米 / 西南 / 落地窗 ; 卧室C / 10.8平米 / 无 / 未知窗户类型 ; 厨房 / 3.83平米 / 无 / 无窗 ; 卫生间 / 3.69平米 / 无 / 无窗 ; 阳台 / 4.85平米 / 东南 / 普通窗 ; 门厅 / 9.14平米 / 西南 / 落地窗,
万科启城 3室2厅 东南,"万科启城 , 观澜",3室2厅,79.13平米,东南,精装,低楼层(共48层),2022年,板塔结合,338 万,42715 元,4,,,近地铁 | VR房源 | 随时看房,https://sz.lianjia.com/ershoufang/105119806471.html,地铁 | VR房源 | 随时看房,,,,,,,2025-02-20,2025-02-23,商品房,普通住宅,未满两年,非共有,有抵押,挂牌时间:2025-02-23 | 交易权属:商品房 | 上次交易:2025-02-20 | 房屋用途:普通住宅 | 房屋年限:未满两年 | 产权所属:非共有 | 抵押信息:有抵押 | 房本备件:已上传房本照片,客厅 / 15.29平米 / 南 / 普通窗 ; 卧室A / 5.56平米 / 无 / 未知窗户类型 ; 卧室B / 10.44平米 / 无 / 未知窗户类型 ; 卧室C / 5.25平米 / 南 / 普通窗 ; 厨房 / 4.38平米 / 西 / 普通窗 ; 卫生间 / 2.14平米 / 北 / 落地窗 ; 洗手间 / 1.16平米 / 无 / 无窗 ; 淋浴间 / 3.03平米 / 北 / 落地窗 ; 阳台 / 7.89平米 / 南 / 普通窗 ; 过道A / 3.27平米 / 无 / 无窗 ; 过道B / 3.39平米 / 无 / 无窗,
观澜次新小区万科启城精装3房东南向高楼层诚意出售,"万科启城 , 观澜",3室1厅,79平米,南,精装,中楼层(共48层),2023年,板塔结合,460 万,58228 元,0,,,近地铁 | VR房源,https://sz.lianjia.com/ershoufang/105120480440.html,地铁 | VR房源,小区刚交房1年左右，房子新，户型格局方正，东南向阳,小区人车分流，6栋高层，围合式花园，小区有泳池有儿童乐园，门口有长湖公园和三外，600米长湖地铁站，300米有菜市场，生活方便居家舒适,,,,,暂无数据,2025-04-21,商品房,普通住宅,暂无数据,非共有,有抵押 中国银行 金融公司垫资,挂牌时间:2025-04-21 | 交易权属:商品房 | 上次交易:暂无数据 | 房屋用途:普通住宅 | 房屋年限:暂无数据 | 产权所属:非共有 | 抵押信息:有抵押 中国银行 金融公司垫资 | 房本备件:未上传房本照片,客厅 / 18.85平米 / 西南 / 普通窗 ; 卧室A / 6.05平米 / 无 / 未知窗户类型 ; 卧室B / 9.89平米 / 无 / 未知窗户类型 ; 卧室C / 5.67平米 / 西南 / 普通窗 ; 厨房 / 4.07平米 / 西北 / 普通窗 ; 卫生间 / 6.53平米 / 东北 / 落地窗 ; 阳台 / 6.82平米 / 西南 / 普通窗 ; 过道 / 3.55平米 / 无 / 无窗,
满五年，通透户型，精装修，拎包入住，体育公园旁,"珑门二期 , 观澜",4室2厅,106.13平米,南 北,精装,中楼层(共32层),2018年,板塔结合,550 万,51824 元,0,,,VR房源 | 房本满五年,https://sz.lianjia.com/ershoufang/105115696096.html,VR房源 | 房本满五年,本房满五唯一 装修漂亮 四房两卫 看花园景观,小区有75-180平的不同户型，花园绿化面积大，在小区散步或晨跑都是可以的，楼下有生活，买这套房子，可以直接拎包入住,小区背靠公园，生态园，绿色跑道一应俱全，公共交通方便，生活配套齐全，整体适合居家。需要更多户型和楼盘价格对比分析欢迎咨询，希望能为您带来一次专业舒心的看房体验！,门口E巴士和高快24等上下班快线高速直达福田/罗湖； 2公里4个红绿灯可上梅观高速和龙观快速！,,,2018-04-28,2023-12-26,商品房,普通住宅,满五年,非共有,有抵押 客户偿还,挂牌时间:2023-12-26 | 交易权属:商品房 | 上次交易:2018-04-28 | 房屋用途:普通住宅 | 房屋年限:满五年 | 产权所属:非共有 | 抵押信息:有抵押 客户偿还 | 房本备件:已上传房本照片,客厅 / 33.13平米 / 无 / 未知窗户类型 ; 卧室A / 16.21平米 / 无 / 未知窗户类型 ; 卧室B / 9.85平米 / 无 / 未知窗户类型 ; 卧室C / 8.28平米 / 西 / 落地窗 ; 卧室D / 6.59平米 / 东 / 落地窗 ; 厨房 / 8.26平米 / 西 / 普通窗 ; 卫生间A / 5.51平米 / 西 / 落地窗 ; 卫B / 2.95平米 / 无 / 无窗 ; 阳台 / 6.35平米 / 东 南 / 普通窗,
4号线地铁站次新刚需3房 楼层佳视野好配套齐全,"万科启城 , 观澜",3室2厅,80.98平米,东南,,中楼层(共48层),2023年,板塔结合,400 万,49395 元,0,,,近地铁 | VR看装修,https://sz.lianjia.com/ershoufang/105119992492.html,地铁 | VR看装修,中高楼层次新高层三房，业主急卖，看房方便,小区环境不错，新式园林设计，适合刚需居家，，适合年轻人，围合式小区楼间距大,,"交通方便，出门800米就到地铁站长湖站，门口就是公交站，E36，M545,450,8分可以上梅观高速",,,2024-11-22,2025-03-10,商品房,普通住宅,未满两年,非共有,有抵押 按揭贷款,挂牌时间:2025-03-10 | 交易权属:商品房 | 上次交易:2024-11-22 | 房屋用途:普通住宅 | 房屋年限:未满两年 | 产权所属:非共有 | 抵押信息:有抵押 按揭贷款 | 房本备件:已上传房本照片,客厅 / 19平米 / 西 / 普通窗 ; 卧室A / 5.95平米 / 西 / 普通窗 ; 卧室B / 9.67平米 / 无 / 未知窗户类型 ; 卧室C / 5.93平米 / 无 / 未知窗户类型 ; 厨房 / 4.19平米 / 北 / 普通窗 ; 卫生间 / 6.82平米 / 东 / 落地窗 ; 阳台 / 6.34平米 / 西 / 普通窗 ; 过道 / 3.59平米 / 无 / 无窗,
房子满五唯一，装修保养好，南向采光通风好,"阳基御龙山 , 观澜",3室2厅,86.06平米,南,精装,31层,2018年,板塔结合,295 万,34279 元,0,,,VR看装修 | 房本满五年,https://sz.lianjia.com/ershoufang/105121590249.html,VR看装修 | 房本满五年,房子满五唯一，业主自住的，装修保养好，南向采光通风好,阳基御龙山位于福城办事处福前路南侧，为山水资源同享的高品质纯居项目，共922户，1、2、3、5栋为住宅,配套齐全，有丰盛大地、天虹商圈，观澜湖新城，购物、休闲、娱乐一应俱全；同时项目自带社区，生活便利。,小区门口左转就是公交车站，悦兴围村口：b766路;m225路;m285路;m337路;m464路 距离港铁4号线延长线长湖站距离大概800米 日常交通出行方便,,,2018-08-07,2025-07-27,商品房,普通住宅,满五年,非共有,无抵押,挂牌时间:2025-07-27 | 交易权属:商品房 | 上次交易:2018-08-07 | 房屋用途:普通住宅 | 房屋年限:满五年 | 产权所属:非共有 | 抵押信息:无抵押 | 房本备件:已上传房本照片,,
福安雅园 4室2厅 东南 南,"福安雅园 , 观澜",4室2厅,120.28平米,东南 南,,低楼层(共34层),2015年,,360 万,29931 元,0,,,VR看装修 | 房本满五年,https://sz.lianjia.com/ershoufang/105121960097.html,VR看装修 | 房本满五年,,,,,,,2015-07-20,2025-08-30,商品房,普通住宅,满五年,共有,无抵押,挂牌时间:2025-08-30 | 交易权属:商品房 | 上次交易:2015-07-20 | 房屋用途:普通住宅 | 房屋年限:满五年 | 产权所属:共有 | 抵押信息:无抵押 | 房本备件:已上传房本照片,,
鹏瑞·颐璟府  89.00m 精装三居室 好房,"鹏瑞·颐璟府 , 观澜",3室2厅,89平米,南,精装,高楼层(共33层),2024年,塔楼,460 万,51686 元,0,,,VR看装修,https://sz.lianjia.com/ershoufang/105121507122.html,VR看装修,此房位于中高楼层 视野采光好 居家精装,鹏瑞颐璟府鹏瑞颐璟府联合 AUBE（欧博）建筑设计及园林景观设计，以三重叠景院落、三重门第礼序、三重会客厅、50余种花木，打造“推窗见景、出门见绿”的生活场景。社区房源量相对大，其选择面也相对广，可满足多层次的置业需求。,,,,,暂无数据,2025-07-20,商品房,普通住宅,暂无数据,非共有,有抵押,挂牌时间:2025-07-20 | 交易权属:商品房 | 上次交易:暂无数据 | 房屋用途:普通住宅 | 房屋年限:暂无数据 | 产权所属:非共有 | 抵押信息:有抵押 | 房本备件:未上传房本照片,,
满五唯一，红本在手。高实用率，楼层好，视野好！,"阳基御龙山 , 观澜",3室2厅,88.02平米,南,,30层,2018年,板塔结合,418 万,47490 元,0,,,VR房源 | 房本满五年,https://sz.lianjia.com/ershoufang/105121852122.html,VR房源 | 房本满五年,满五唯一，红本在手。高实用率，楼层好，视野好！,小区围合式布局，范围大，绿化面积大，有幼儿园、游泳池等居住配套，旁边有绿道及小公园，饭后散步无需走远。,九龙山体育公园步行500米，龙华医院约800米，到地铁4号线长湖站约500米。三外和福城实验都很近。,,,,2019-08-01,2025-08-20,商品房,普通住宅,满五年,非共有,无抵押,挂牌时间:2025-08-20 | 交易权属:商品房 | 上次交易:2019-08-01 | 房屋用途:普通住宅 | 房屋年限:满五年 | 产权所属:非共有 | 抵押信息:无抵押 | 房本备件:已上传房本照片,客厅 / 28.79平米 / 无 / 未知窗户类型 ; 卧室A / 11.88平米 / 东南 / 落地窗 ; 卧室B / 8.08平米 / 无 / 未知窗户类型 ; 卧室C / 6.41平米 / 无 / 未知窗户类型 ; 厨房 / 4.73平米 / 东南 / 普通窗 ; 卫生间A / 3.66平米 / 西北 / 普通窗 ; 卫生间B / 3.02平米 / 西北 / 普通窗 ; 阳台A / 5.27平米 / 西南 东北 东南 / 普通窗 ; 衣帽间 / 6.37平米 / 西北 / 普通窗,
天悦湾三层大复式，看山看水，通风采光好,"金地天悦湾 , 观澜",5室2厅,192.96平米,西南,,高楼层(共8层),2012年,板塔结合,1490 万,77219 元,0,,,VR房源,https://sz.lianjia.com/ershoufang/105120792485.html,VR房源,此房满五年 高楼层视野开阔 四世同堂,项目位于宝安区观澜街道梅观高速与环观南路交汇处，地处观澜鹭湖国际社区，由金地集团开发建造，金地物业，分两期开发；友邻高尔夫球会，距福田18公里，真正享受城市近郊别墅生活，入则宁静，出则繁华。,,多维立体交通，多条公交线路途经，无论是福田，罗湖，南山还是通往宝安前海等区域便利，开车也十分方便.坐车除了公交以外还可以选择门口轻轨电车，无缝连接地铁四号线清湖站；,,,暂无数据,2025-05-20,商品房,普通住宅,暂无数据,非共有,无抵押,挂牌时间:2025-05-20 | 交易权属:商品房 | 上次交易:暂无数据 | 房屋用途:普通住宅 | 房屋年限:暂无数据 | 产权所属:非共有 | 抵押信息:无抵押 | 房本备件:未上传房本照片,,
大花园楼间距宽敞，高楼层通风采光好视野开阔,"万科九龙山 , 观澜",3室2厅,88.72平米,南,精装,高楼层(共33层),2016年,板楼,370 万,41705 元,0,,,VR看装修,https://sz.lianjia.com/ershoufang/105121972250.html,VR看装修,大花园楼间距宽敞，高楼层通风采光好视野开阔,小区绿景多，楼间距宽敞，停车位充足，住户素质高，邻里关系融洽，有幼儿园，小区物业管理严格，生活安心，小区门口就有公交站，方便出行,配套有观澜天虹、兴万达广场、比邻新天地、中航格澜郡商圈、观澜老镇商圈、深圳绿道5号线、楼盘旁就是九龙山生态园，茜坑水库、大水坑水库、狮径公园、观澜人民医院,,,,暂无数据,2025-08-31,商品房,普通住宅,暂无数据,非共有,有抵押,挂牌时间:2025-08-31 | 交易权属:商品房 | 上次交易:暂无数据 | 房屋用途:普通住宅 | 房屋年限:暂无数据 | 产权所属:非共有 | 抵押信息:有抵押 | 房本备件:未上传房本照片,,
满五唯一，有装修，192户型，朝南,"观湖园 , 观澜",4室2厅,192.21平米,南,精装,上叠(共4层),2009年,板楼,972 万,50570 元,26,,,VR房源 | 房本满五年,https://sz.lianjia.com/ershoufang/105104525435.html,VR房源 | 房本满五年,此房满五不唯一，装修完整，叠上户型，带天台！,观湖园项目位于龙华新区观澜镇，邻近梅观高速公路，在梅观高速观澜出口旁。小区占地面积：37.***平方米，东南亚园林景观设计。双拼跟独栋管理费是6.5平米，叠拼的管理费是4.9平米，小区安保严密，24小时巡逻监控。,距离观澜湖新城约5公里，观澜湖新城是大型的Shoig Mll，一系列品牌都有进驻新城，购物娱乐都相当方便。距离观澜人民医院及伟光医院约6公里。小区到库坑小.學约1公里。,观湖园别墅小区邻近梅观高速公路，距离梅观高速观澜出口约1.5公里，去南山约33公里，罗湖约30公里，福田约28公里，交通如此便利的接轨市内生活圈。到观澜汽车站和观澜湖新城约五公里，观澜湖新城是大型的Shoig Mll，交通出行娱乐购物也是相当方便,,,2015-07-31,2020-06-05,商品房,别墅,满五年,非共有,有抵押 70万元 银行,挂牌时间:2020-06-05 | 交易权属:商品房 | 上次交易:2015-07-31 | 房屋用途:别墅 | 房屋年限:满五年 | 产权所属:非共有 | 抵押信息:有抵押 70万元 银行 | 房本备件:已上传房本照片,客厅 / 57.79平米 / 无 / 落地窗 ; 书房 / 13.98平米 / 北 / 落地窗 ; 卧室A / 12.96平米 / 无 / 未知窗户类型 ; 卧室B / 13.38平米 / 无 / 普通窗 ; 卧室C / 15.3平米 / 无 / 普通窗 ; 卧室D / 18平米 / 无 / 未知窗户类型 ; 厨房 / 9.91平米 / 无 / 普通窗 ; 卫A / 2.15平米 / 无 / 无窗 ; 卫生间B / 6.19平米 / 无 / 普通窗 ; 卫生间C / 8.38平米 / 西南 / 普通窗 ; 阳台A / 6.52平米 / 无 / 普通窗 ; 露台A / 31.26平米 / 无 / 普通窗 ; 露台B / 32.4平米 / 无 / 普通窗 ; 过道A / 10.73平米 / 无 / 无窗 ; 过道B / 8.27平米 / 西南 / 普通窗 ; 过道C / 7.45平米 / 无 / 普通窗,
临湖双拼别墅   正看湖景 中空客厅   有改建,"观湖园 , 观澜",7室1厅,346.88平米,南,,1层,2009年,板楼,3582 万,103264 元,5,,,VR房源 | 房本满五年,https://sz.lianjia.com/ershoufang/105106236104.html,VR房源 | 房本满五年,临湖大双拼，中空客厅，改建好，带前后花园，配车库，景观靓,观湖园项目位于龙华新区观澜镇，邻近梅观高速公路，在梅观高速观澜出口旁。小区占地面积：37.6平方米，东南亚园林景观设计。双拼跟独栋管理费是6.5平米，叠拼的管理费是4.9平米，小区安保严密，24小时巡逻监控。,小区南门200米处有菜市场，小吃等日常所需配套；距离观澜湖新城约5公里，观澜湖新城是大型的Shoig Mll，一系列品牌都有进驻新城，购物娱乐都相当方便。距离观澜人民医院及伟光医院约6公里。小区到库坑小.學约1公里。,观湖园别墅小区邻近梅观高速公路，距离梅观高速观澜出口约1.5公里，去南山约33公里，罗湖约30公里，福田约28公里，交通如此便利的接轨市内生活圈。到观澜汽车站和观澜湖新城约五公里，观澜湖新城是大型的Shoig Mll，交通出行娱乐购物也是相当方便,,,2009-12-17,2021-01-11,商品房,普通住宅,满五年,非共有,无抵押,挂牌时间:2021-01-11 | 交易权属:商品房 | 上次交易:2009-12-17 | 房屋用途:普通住宅 | 房屋年限:满五年 | 产权所属:非共有 | 抵押信息:无抵押 | 房本备件:已上传房本照片,客厅 / 92.79平米 / 西 南 / 普通窗 ; 书房 / 9.65平米 / 无 / 普通窗 ; 卧室A / 17.47平米 / 无 / 普通窗 ; 卧室B / 13.77平米 / 无 / 落地窗 ; 卧室C / 11.8平米 / 无 / 普通窗 ; 卧室D / 17平米 / 无 / 普通窗 ; 卧室E / 33.47平米 / 无 / 普通窗 ; 卧室G / 23.68平米 / 无 / 普通窗 ; 厨房 / 11.55平米 / 北 / 普通窗 ; 卫生间A / 3.86平米 / 无 / 无窗 ; 卫生间B / 3.52平米 / 无 / 普通窗 ; 卫生间C / 3.94平米 / 无 / 普通窗 ; 卫生间D / 3.51平米 / 无 / 普通窗 ; 卫生间E / 5.06平米 / 无 / 无窗 ; 卫生间F / 3.43平米 / 无 / 普通窗 ; 卫生间G / 11.73平米 / 无 / 普通窗 ; 卫生间H / 3.69平米 / 无 / 普通窗 ; 阳台A / 15.22平米 / 西 东 南 / 普通窗 ; 阳台B / 9.65平米 / 无 / 普通窗 ; 阳台C / 7.64平米 / 无 / 普通窗 ; 阳台D / 2.83平米 / 无 / 普通窗 ; 阳台E / 8.24平米 / 无 / 普通窗 ; 阳台F / 10.51平米 / 无 / 普通窗 ; 露台A / 18.73平米 / 无 / 普通窗 ; 露台B / 32.56平米 / 无 / 普通窗 ; 车库 / 23.67平米 / 无 / 无窗 ; 地下室 / 196.07平米 / 无 / 普通窗 ; 楼梯间 / 7.24平米 / 无 / 无窗 ; 过道A / 21.59平米 / 无 / 无窗 ; 过道B / 6.94平米 / 无 / 无窗 ; 衣帽间 / 7.66平米 / 无 / 无窗,
纯别墅区 毛坯4房 环境好 带二大露台 使用率高 带车位,"观湖园 , 观澜",5室1厅,192.21平米,西南,毛坯,上叠(共4层),2012年,板楼,750 万,39020 元,41,,,VR房源,https://sz.lianjia.com/ershoufang/105106274991.html,VR房源,容积低，绿化高，东南亚园林景观设计 毛坯4房 环境好带二大露台,观湖园项目位于龙华新区观澜镇，邻近梅观高速公路，在梅观高速观澜出口。小区占地面积：37.6弯平方米，容积低，绿化高，东南亚园林景观设计。双拼跟独栋管理费是6.5平米，叠拼的管理费是4.95平米，小区安保严密，24小时巡逻监控,小区南门200米，有菜市场，商场能满足日常所需；距离观澜湖新城约5公 里，观澜湖新城是大型的SHOPING MALL，一系列品牌都已进驻，购物娱乐 都相当方便；距离观澜人民医院及伟光医院约6公里。,观湖园纯别墅小区邻近梅观高速公路，距离梅观高速观澜出口约1.5公里 ，去南山约33公里，罗湖约30公里，福田约28公里，交通如此便利的接轨 市内生活圈。到观澜汽车站和观澜湖新城约5公里。,,,暂无数据,2021-01-16,商品房,别墅,暂无数据,非共有,无抵押,挂牌时间:2021-01-16 | 交易权属:商品房 | 上次交易:暂无数据 | 房屋用途:别墅 | 房屋年限:暂无数据 | 产权所属:非共有 | 抵押信息:无抵押 | 房本备件:未上传房本照片,客厅 / 51.95平米 / 西 东 南 / 落地窗 ; 卧室A / 9.79平米 / 无 / 未知窗户类型 ; 卧室B / 14.75平米 / 南 / 普通窗 ; 卧室C / 13.4平米 / 南 / 普通窗 ; 卧室D / 16.87平米 / 无 / 未知窗户类型 ; 卧室E / 8.21平米 / 南 / 普通窗 ; 厨房 / 9.67平米 / 西 / 普通窗 ; 卫生间A / 3.24平米 / 无 / 无窗 ; 卫生间B / 7.4平米 / 北 / 普通窗 ; 卫生间C / 10.12平米 / 北 / 普通窗 ; 阳台A / 31.38平米 / 西 南 / 普通窗 ; 阳台B / 6.28平米 / 西 北 / 普通窗 ; 阳台C / 4.23平米 / 西 南 / 普通窗 ; 阳台D / 35.57平米 / 西 北 东 南 / 普通窗 ; 储物间 / 4.28平米 / 无 / 无窗 ; 过道A / 9.56平米 / 无 / 无窗 ; 过道B / 8.3平米 / 北 / 普通窗 ; 过道C / 7.16平米 / 北 / 落地窗,
临湖双拼别墅 正看湖景  位置好 看房方便,"观湖园 , 观澜",6室2厅,247.49平米,南,毛坯,1层,2012年,板楼,1621 万,65498 元,1,,,VR房源 | 随时看房,https://sz.lianjia.com/ershoufang/105106236939.html,VR房源 | 随时看房,此方房户型方正，采光通透，视野开阔，带车位带院子，格局好.,,,,,,暂无数据,2021-01-11,商品房,别墅,暂无数据,非共有,有抵押,挂牌时间:2021-01-11 | 交易权属:商品房 | 上次交易:暂无数据 | 房屋用途:别墅 | 房屋年限:暂无数据 | 产权所属:非共有 | 抵押信息:有抵押 | 房本备件:未上传房本照片,客厅 / 68.6平米 / 西北 东北 / 落地窗 ; 卧室A / 13.67平米 / 无 / 普通窗 ; 卧室B / 11.39平米 / 无 / 普通窗 ; 卧室C / 14.42平米 / 无 / 普通窗 ; 卧室D / 17.47平米 / 无 / 未知窗户类型 ; 卧室E / 38.28平米 / 无 / 普通窗 ; 厨房 / 10.63平米 / 东南 / 普通窗 ; 卫生间A / 2.51平米 / 无 / 无窗 ; 卫生间B / 4.53平米 / 无 / 无窗 ; 卫生间C / 7.27平米 / 无 / 普通窗 ; 卫生间D / 4.49平米 / 无 / 无窗 ; 卫生间E / 11.95平米 / 无 / 普通窗 ; 阳台A / 5.79平米 / 西北 东北 / 普通窗 ; 阳台B / 8.87平米 / 无 / 普通窗 ; 阳台C / 8.21平米 / 无 / 普通窗 ; 阳台D / 11.05平米 / 无 / 普通窗 ; 阳台E / 8.18平米 / 无 / 普通窗 ; 露台 / 81.91平米 / 西南 西北 东北 东南 / 普通窗 ; 车库 / 14.53平米 / 无 / 无窗 ; 地下室 / 82.59平米 / 无 / 落地窗 ; 楼梯间 / 7.22平米 / 无 / 无窗 ; 过道A / 9.47平米 / 无 / 无窗 ; 过道B / 7.05平米 / 无 / 无窗,
满五税费少 东南看花园 重新精装采光好 诚意出售,"懿花园 , 观澜",3室2厅,89.79平米,东南,精装,中楼层(共10层),2013年,板楼,430 万,47890 元,26,,,VR看装修 | 房本满五年,https://sz.lianjia.com/ershoufang/105106475548.html,VR看装修 | 房本满五年,满五税费少 东南看花园 重新精装采光好 诚意出售,和黄懿花园也叫盈峰翠邸，由和记黄埔地产(深圳)有限公司开发，位于横坑水库。项目规划为地上建筑4-10层，地下2层，共59栋建筑(其中57栋住宅，2所幼儿园，及公建以地下室形式布置于地块南端)。 机动车位：600个；高层地库车位385个，多层地库车位200个,医疗：龙华中 心医院（4600米百度地图测距），龙华综合医院（在建中3100米百度地图测距），新科技园社区健康服务中 心。购物：宝 地利商场（楼下），佳又惠百货医院，天虹（2400米百度地图测距）,,,,2013-03-31,2021-02-25,商品房,普通住宅,满五年,非共有,有抵押,挂牌时间:2021-02-25 | 交易权属:商品房 | 上次交易:2013-03-31 | 房屋用途:普通住宅 | 房屋年限:满五年 | 产权所属:非共有 | 抵押信息:有抵押 | 房本备件:已上传房本照片,客厅 / 27.05平米 / 无 / 未知窗户类型 ; 卧室A / 10.64平米 / 西 北 南 / 落地窗 ; 卧室B / 19.84平米 / 西 东 南 / 落地窗 ; 卧室C / 5.87平米 / 南 / 普通窗 ; 厨房 / 6.36平米 / 西 / 普通窗 ; 卫生间A / 3.51平米 / 无 / 普通窗 ; 卫生间B / 3.5平米 / 西 / 普通窗 ; 阳台A / 5.47平米 / 西 / 普通窗 ; 阳台B / 6.31平米 / 东 南 / 普通窗 ; 储物间 / 5.23平米 / 西 北 / 落地窗,
观湖园  临湖  大双拼别墅   上下五层    花园200平,"观湖园 , 观澜",6室2厅,280平米,南,毛坯,1层,2012年,板楼,1836 万,65572 元,19,,,VR房源 | 房本满五年 | 随时看房,https://sz.lianjia.com/ershoufang/105105901522.html,VR房源 | 房本满五年 | 随时看房,纯别墅小区，临湖双拼别墅，看一线湖景,观湖园项目位于龙华新区观澜镇，邻近梅观高速公路，在梅观高速观澜出口旁。小区占地面积：37.***AN平方米，东南亚园林景观设计。双拼跟独栋管理费是6.5平米，叠拼的管理费是4.9平米，小区安保严密，24小时巡逻监控。,距离观澜湖新城约5公里，观澜湖新城是大型的Shoig Mll，一系列品牌都有进驻新城，购物娱乐都相当方便。距离观澜人民医院及伟光医院约6公里。小区到库坑小.學约1公里。,观湖园别墅小区邻近梅观高速公路，距离梅观高速观澜出口约1.5公里，去南山约33公里，罗湖约30公里，福田约28公里，交通如此便利的接轨市内生活圈。到观澜汽车站和观澜湖新城约五公里，观澜湖新城是大型的Shoig Mll，交通出行娱乐购物也是相当方便,,,2009-12-17,2020-11-29,商品房,别墅,满五年,非共有,无抵押,挂牌时间:2020-11-29 | 交易权属:商品房 | 上次交易:2009-12-17 | 房屋用途:别墅 | 房屋年限:满五年 | 产权所属:非共有 | 抵押信息:无抵押 | 房本备件:已上传房本照片,客厅 / 68.9平米 / 北 东 / 落地窗 ; 卧室A / 13.98平米 / 无 / 普通窗 ; 卧室B / 11.07平米 / 无 / 普通窗 ; 卧室C / 15.29平米 / 无 / 普通窗 ; 卧室D / 39.98平米 / 无 / 普通窗 ; 卧室E / 16.61平米 / 无 / 落地窗 ; 卧室F / 17.47平米 / 无 / 落地窗 ; 厨房 / 9.38平米 / 南 / 普通窗 ; 卫生间A / 3.19平米 / 无 / 无窗 ; 卫生间B / 6.44平米 / 无 / 普通窗 ; 卫生间C / 4.54平米 / 无 / 无窗 ; 卫生间D / 11.12平米 / 无 / 普通窗 ; 卫生间E / 4.45平米 / 无 / 无窗 ; 卫生间F / 3.62平米 / 无 / 普通窗 ; 阳台A / 5.72平米 / 北 东 / 普通窗 ; 阳台B / 7.47平米 / 无 / 普通窗 ; 阳台C / 6.34平米 / 无 / 普通窗 ; 阳台D / 8.88平米 / 无 / 普通窗 ; 阳台E / 9.44平米 / 无 / 普通窗 ; 阳台F / 26.12平米 / 无 / 普通窗 ; 阳台G / 21.6平米 / 无 / 普通窗 ; 车库 / 16.3平米 / 无 / 无窗 ; 地下室 / 83.08平米 / 无 / 落地窗 ; 过道A / 10.35平米 / 无 / 无窗 ; 过道B / 7.02平米 / 无 / 无窗 ; 过道C / 7.29平米 / 无 / 无窗,
观澜湖长堤别墅  私家花园大 朝向好 价格美丽,"观澜湖 , 观澜",4室2厅,225.49平米,东南,简装,1层,2006年,板楼,2000 万,88696 元,1,,,VR房源 | 房本满五年,https://sz.lianjia.com/ershoufang/105117142757.html,VR房源 | 房本满五年,此房为双拼别墅，上下4层，满五年东南向，带装修，前后花园大,观澜湖高尔夫会所，长堤双拼别墅小区，小区绿色作物很高， 居住人群优质，,,,,,2016-11-03,2024-05-30,商品房,别墅,满五年,非共有,有抵押,挂牌时间:2024-05-30 | 交易权属:商品房 | 上次交易:2016-11-03 | 房屋用途:别墅 | 房屋年限:满五年 | 产权所属:非共有 | 抵押信息:有抵押 | 房本备件:已上传房本照片,客厅 / 63.2平米 / 无 / 落地窗 ; 餐厅 / 15.31平米 / 无 / 普通窗 ; 卧室A / 12.46平米 / 无 / 普通窗 ; 卧室B / 19.16平米 / 无 / 普通窗 ; 卧室C / 15.65平米 / 无 / 无窗 ; 卧室D / 10.97平米 / 无 / 普通窗 ; 卧室E / 20.37平米 / 无 / 普通窗 ; 卧室F / 29.73平米 / 无 / 普通窗 ; 卧室G / 10.35平米 / 无 / 普通窗 ; 卧室H / 15.42平米 / 无 / 无窗 ; 厨房 / 11.1平米 / 无 / 普通窗 ; 卫生间A / 3.77平米 / 无 / 无窗 ; 卫生间B / 9.33平米 / 无 / 普通窗 ; 卫生间C / 5.41平米 / 无 / 普通窗 ; 卫生间D / 6.46平米 / 无 / 普通窗 ; 卫生间E / 13.4平米 / 无 / 落地窗 ; 阳台A / 52.28平米 / 无 / 普通窗 ; 阳台B / 4.93平米 / 无 / 普通窗 ; 阳台C / 7.99平米 / 无 / 普通窗 ; 储物间 / 6.47平米 / 无 / 无窗 ; 阁楼 / 77.84平米 / 无 / 落地窗 ; 地下室 / 76.84平米 / 无 / 落地窗 ; 门厅 / 5.87平米 / 无 / 无窗 ; 过道A / 18.2平米 / 无 / 落地窗 ; 过道B / 10.24平米 / 无 / 落地窗 ; 过道C / 13.06平米 / 无 / 落地窗,
独栋 7房 2厅  花园300平,"观湖园 , 观澜",7室2厅,186.84平米,东南,毛坯,3层,2010年,板楼,2111 万,112985 元,1,,,VR房源 | 房本满五年,https://sz.lianjia.com/ershoufang/105119100079.html,VR房源 | 房本满五年,中式独栋别墅，中空大客厅，临湖带码头，配车库，花园300平,观湖园项目位于龙华新区观澜镇，邻近梅观高速公路，在梅观高速观澜出口。小区占地面积：37.6、万平方米，东南亚园林景观设计。双拼跟独栋管理费是6.5平米，叠拼的管理费是4.9平米，小区安保严密，24小时巡逻监控,距离观澜湖新城约5公里，观澜湖新城是大型的Shop MALL，一系列品牌都有进驻新城，购物娱乐都相当方便。距离观澜人民医院及伟光医院约6公里,观湖园别墅小区邻近梅观高速公路，距离梅观高速观澜出口约1.5公里，去南山约33公里，罗湖约30公里，福田约28公里，交通如此便利的接轨市内生活圈。到观澜汽车站和观澜湖新城约五公里，观澜湖新城是大型的Shoig Mll，交通出行娱乐购物也是相当方便,,,2014-06-10,2024-12-03,商品房,普通住宅,满五年,非共有,无抵押,挂牌时间:2024-12-03 | 交易权属:商品房 | 上次交易:2014-06-10 | 房屋用途:普通住宅 | 房屋年限:满五年 | 产权所属:非共有 | 抵押信息:无抵押 | 房本备件:已上传房本照片,客厅 / 67.09平米 / 北 东 南 / 落地窗 ; 卧室A / 21.35平米 / 西 北 / 普通窗 ; 卧室B / 15.29平米 / 南 / 普通窗 ; 卧室C / 14平米 / 南 / 普通窗 ; 厨房 / 5.77平米 / 西 / 普通窗 ; 卫生间A / 3.94平米 / 东 / 普通窗 ; 卫生间B / 4.42平米 / 西 / 普通窗 ; 卫生间C / 4.13平米 / 西 / 普通窗 ; 卫生间D / 3.91平米 / 东 / 普通窗 ; 阳台A / 20.4平米 / 西 北 东 / 普通窗 ; 阳台B / 6.21平米 / 西 北 / 普通窗 ; 阳台C / 6.7平米 / 西 东 南 / 普通窗 ; 阳台D / 5.32平米 / 东 南 / 普通窗 ; 地下室 / 110.14平米 / 北 东 / 落地窗 ; 天井A / 2.76平米 / 西 北 南 / 落地窗 ; 过道A / 12.9平米 / 东 / 普通窗 ; 天井B / 3.68平米 / 无 / 无窗 ; 过道B / 13.49平米 / 无 / 无窗,
观澜豪园 刚需住家小区 相近观澜湖新城 双拼大户型,"观澜豪园 , 观澜",4室2厅,97.56平米,东南,简装,中楼层(共8层),2000年,板塔结合,270 万,27676 元,28,,,近地铁 | VR房源 | 房本满五年,https://sz.lianjia.com/ershoufang/105116139868.html,地铁 | VR房源 | 房本满五年,"此房为一手业主出售，是一套双拼大户型,满足改善和换房的客户..",此小区是观澜湖房地产开发，物业为观澜湖骏高物业公司管理。小区为东南亚建筑风格，小高层建筑。,,,,,2001-05-23,2024-02-26,商品房,普通住宅,满五年,非共有,无抵押,挂牌时间:2024-02-26 | 交易权属:商品房 | 上次交易:2001-05-23 | 房屋用途:普通住宅 | 房屋年限:满五年 | 产权所属:非共有 | 抵押信息:无抵押 | 房本备件:已上传房本照片,客厅 / 55.28平米 / 无 / 普通窗 ; 卧室A / 9.06平米 / 无 / 落地窗 ; 卧室B / 9.49平米 / 无 / 无窗 ; 卧室C / 21平米 / 无 / 未知窗户类型 ; 卧室D / 12.16平米 / 无 / 落地窗 ; 厨房 / 7.97平米 / 无 / 普通窗 ; 卫生间A / 4.91平米 / 无 / 普通窗 ; 卫B / 2.68平米 / 无 / 普通窗 ; 卫C / 4.61平米 / 无 / 落地窗 ; 阳台 / 6.6平米 / 无 / 普通窗 ; 储物间 / 3.65平米 / 无 / 无窗 ; 过道 / 5.29平米 / 无 / 无窗,
观湖园独栋别墅6房2厅，东南朝向，看房方便,"观湖园 , 观澜",6室2厅,186.84平米,南,,3层,2012年,板楼,2221 万,118872 元,1,,,VR房源 | 随时看房,https://sz.lianjia.com/ershoufang/105117411764.html,VR房源 | 随时看房,此房满了五年，临水，视野开阔，户型方正，采光充足,得房率高，门口有很多停车位，方便停车 小区绿化高，环境好，车位充足。,,,,,暂无数据,2024-06-26,商品房,别墅,暂无数据,非共有,无抵押,挂牌时间:2024-06-26 | 交易权属:商品房 | 上次交易:暂无数据 | 房屋用途:别墅 | 房屋年限:暂无数据 | 产权所属:非共有 | 抵押信息:无抵押 | 房本备件:未上传房本照片,客厅 / 67.37平米 / 西北 东北 东南 / 落地窗 ; 卧室A / 13.9平米 / 无 / 无窗 ; 卧室B / 15.3平米 / 无 / 普通窗 ; 卧室C / 21.14平米 / 无 / 普通窗 ; 厨房 / 5.79平米 / 西南 / 普通窗 ; 卫生间A / 3.87平米 / 东北 / 普通窗 ; 卫生间B / 4.03平米 / 无 / 普通窗 ; 卫生间C / 4.08平米 / 无 / 普通窗 ; 卫生间D / 4.21平米 / 无 / 普通窗 ; 阳台A / 19.49平米 / 西南 西北 东北 / 普通窗 ; 阳台B / 4.91平米 / 无 / 普通窗 ; 阳台C / 6.85平米 / 无 / 普通窗 ; 阳台D / 5.3平米 / 无 / 普通窗 ; 地下室 / 109.97平米 / 无 / 落地窗 ; 天井A / 2.68平米 / 无 / 落地窗 ; 过道A / 12.67平米 / 东北 / 普通窗 ; 天井B / 3.77平米 / 无 / 无窗 ; 过道B / 13.98平米 / 无 / 无窗,
观澜湖长堤双别墅 清水毛坯房 位置好 花园大 好房子,"观澜湖 , 观澜",5室2厅,222.58平米,东南,毛坯,低楼层(共3层),1998年,板楼,1780 万,79972 元,7,,,VR房源,https://sz.lianjia.com/ershoufang/105117480379.html,VR房源,此房是双拼别墅 东莞产权 自然人可购 买满五唯一 带大花园,,,,,,暂无数据,2024-07-02,商品房,普通住宅,暂无数据,非共有,无抵押,挂牌时间:2024-07-02 | 交易权属:商品房 | 上次交易:暂无数据 | 房屋用途:普通住宅 | 房屋年限:暂无数据 | 产权所属:非共有 | 抵押信息:无抵押 | 房本备件:未上传房本照片,客厅 / 84.78平米 / 北 东 / 落地窗 ; 卧室A / 18.56平米 / 西 / 普通窗 ; 多功能间A / 144.73平米 / 北 东 / 落地窗 ; 卧室B / 5.35平米 / 无 / 普通窗 ; 多功能间B / 18.97平米 / 无 / 无窗 ; 卧室C / 33.97平米 / 南 / 普通窗 ; 卧室D / 14.08平米 / 北 东 / 普通窗 ; 卧室E / 6.78平米 / 无 / 无窗 ; 卧室F / 11.39平米 / 无 / 普通窗 ; 卧室G / 10.62平米 / 北 / 普通窗 ; 厨房 / 9.87平米 / 东 / 落地窗 ; 卫生间A / 2.38平米 / 北 / 普通窗 ; 卫生间B / 1.98平米 / 无 / 落地窗 ; 卫生间C / 4.91平米 / 无 / 无窗 ; 卫生间D / 4.29平米 / 东 / 普通窗 ; 卫生间E / 14.8平米 / 东 南 / 普通窗 ; 阳台A / 5.52平米 / 西 北 东 / 普通窗 ; 阳台B / 8.81平米 / 西 东 南 / 普通窗 ; 过道A / 8.03平米 / 无 / 落地窗 ; 过道B / 12.14平米 / 北 / 落地窗,
金地鹭湖1号 7室2厅 南 北,"金地鹭湖1号 , 观澜",7室2厅,192.89平米,南 北,,低楼层(共16层),2015年,塔楼,1228 万,63664 元,2,,,VR房源 | 房本满五年,https://sz.lianjia.com/ershoufang/105119710973.html,VR房源 | 房本满五年,,,,,,,2020-09-18,2025-02-16,商品房,普通住宅,满五年,非共有,有抵押,挂牌时间:2025-02-16 | 交易权属:商品房 | 上次交易:2020-09-18 | 房屋用途:普通住宅 | 房屋年限:满五年 | 产权所属:非共有 | 抵押信息:有抵押 | 房本备件:已上传房本照片,客厅 / 39.66平米 / 北 / 落地窗 ; 卧室A / 11.74平米 / 无 / 未知窗户类型 ; 卧室B / 11.52平米 / 无 / 未知窗户类型 ; 卧室C / 17.54平米 / 无 / 未知窗户类型 ; 卧室D / 10.19平米 / 无 / 未知窗户类型 ; 卧室E / 10.37平米 / 北 / 落地窗 ; 卧室F / 26.38平米 / 北 南 / 落地窗 ; 卧室G / 12.96平米 / 无 / 未知窗户类型 ; 厨房 / 10.73平米 / 北 / 落地窗 ; 卫生间A / 6.29平米 / 无 / 未知窗户类型 ; 卫生间B / 6.47平米 / 无 / 未知窗户类型 ; 过道A / 12.84平米 / 南 / 普通窗 ; 过道B / 11.75平米 / 南 / 落地窗,
满五年 高楼层 视野开阔 一梯两户 套内85平,"招商观园 , 观澜",3室2厅,88.36平米,南,精装,中楼层(共8层),2012年,塔楼,445 万,50363 元,2,,,VR房源 | 房本满五年,https://sz.lianjia.com/ershoufang/105115692750.html,VR房源 | 房本满五年,套内85平 正南向通透户型 高楼层无遮挡,招商观园地块位于深圳市宝安区观澜街道环观南路北侧，与观澜高新技术园区隔路相望，邻进梅观高速、机荷高速，占地147595.156平方米，主力产品为140-180㎡大户型和单证89平.,"南面是高兴科技园，北面是横坑滨水公园，税务局（1000米百度地图 观湖中 心公园（737米百度地图
医疗龙华医院（4600米百度地图测距龙华综合医院在建中3100米百度地图测距新科技园社区健康服务商场楼下佳又惠百货医院天虹（2400米百度地图测距",轨道交通：有轨电车站台，高新园西站（电车接驳地铁4号线清湖地铁口），公交线路：公交（观澜高新园站）M567、M264、313、E4路等，高速公路：机荷高速公路、梅观高速公路，交通方便。,,,2014-03-14,2023-12-25,商品房,普通住宅,满五年,非共有,有抵押 350万元 建行 金融公司垫资,挂牌时间:2023-12-25 | 交易权属:商品房 | 上次交易:2014-03-14 | 房屋用途:普通住宅 | 房屋年限:满五年 | 产权所属:非共有 | 抵押信息:有抵押 350万元 建行 金融公司垫资 | 房本备件:已上传房本照片,客厅 / 32.65平米 / 无 / 无窗 ; 卧室A / 20.55平米 / 无 / 未知窗户类型 ; 卧室B / 10.35平米 / 无 / 未知窗户类型 ; 卧室C / 8.83平米 / 东北 / 普通窗 ; 厨房 / 8.33平米 / 东北 / 普通窗 ; 卫生间 / 3.86平米 / 无 / 无窗,
满五唯一，动静分离，享舒适宁静生活，看湖景,"观湖园 , 观澜",4室1厅,363平米,南 北,,3层,2012年,板楼,2060 万,56750 元,1,,,VR房源 | 随时看房,https://sz.lianjia.com/ershoufang/105117407810.html,VR房源 | 随时看房,此房满五，动静分离，层次分明，看湖景,观湖园项目位于龙华新区观澜镇，邻近梅观高速公路，在梅观高速观澜出口。小区占地面积：37.6弯平方米，容积低，绿化高，东南亚园林景观设计。双拼跟独栋管理费是6.5平米，叠拼的管理费是4.95平米，小区安保严密，24小时巡逻监控,小区南门200米，有菜市场，商场能满足日常所需；距离观澜湖新城约5公 里，观澜湖新城是大型的SHOPING MALL，一系列品牌都已进驻，购物娱乐 都相当方便；距离观澜人民医院及伟光医院约6公里,观湖园别墅小区邻近梅观高速公路，距离梅观高速观澜出口约1.5公里，去南山约33公里，罗湖约30公里，福田约28公里，交通如此便利的接轨市内生活圈。到观澜汽车站和观澜湖新城约五公里，观澜湖新城是大型的Shoig Mll，交通出行娱乐购物也是相当方便,,,暂无数据,2024-06-25,商品房,别墅,暂无数据,非共有,无抵押,挂牌时间:2024-06-25 | 交易权属:商品房 | 上次交易:暂无数据 | 房屋用途:别墅 | 房屋年限:暂无数据 | 产权所属:非共有 | 抵押信息:无抵押 | 房本备件:未上传房本照片,,
龙华观澜华盛峰荟出租快民水民电成本低,"华盛峰荟名庭 , 观澜",3室1厅,56.08平米,南,精装,高楼层(共36层),2016年,板塔结合,125 万,22290 元,15,,,近地铁 | VR房源 | 房本满五年 | 随时看房,https://sz.lianjia.com/ershoufang/105116589579.html,地铁 | VR房源 | 房本满五年 | 随时看房,地铁口，70年产权，通燃气，民水民电，配套齐全,深圳市华盛智地房地产开发有限公司。物业公司：深圳市金洪物业管理服务有限公司，小区24小时安保巡逻。小区内部配套：儿童游乐场，健身活动区，小区园林，游泳池。,商场：小区楼下观荟里墒业街，为盛抄市。医院：龙华中芯医院，深圳伟光医院，广东医学院附属观澜医院；其他：观澜人民公园，狮经公园，九龙山，观澜河。,,,,2016-12-29,2024-04-05,商品房,商务公寓,满五年,非共有,有抵押 客户偿还,挂牌时间:2024-04-05 | 交易权属:商品房 | 上次交易:2016-12-29 | 房屋用途:商务公寓 | 房屋年限:满五年 | 产权所属:非共有 | 抵押信息:有抵押 客户偿还 | 房本备件:已上传房本照片,客厅 / 12.73平米 / 北 / 落地窗 ; 卧室A / 7.27平米 / 北 / 落地窗 ; 卧室B / 5.3平米 / 北 / 普通窗 ; 卧室C / 4.94平米 / 无 / 无窗 ; 厨房 / 3.58平米 / 北 / 普通窗 ; 卫生间 / 2.66平米 / 无 / 无窗 ; 阳台 / 1.57平米 / 北 / 普通窗,
独栋大宅，中空客厅，占地4000平，户型方正，位置高,"观澜湖 , 观澜",9室4厅,701.42平米,北,,低楼层(共3层),,,9330 万,133016 元,4,,,VR房源,https://sz.lianjia.com/ershoufang/105115513504.html,VR房源,独栋大宅，7.8米中空客厅，占地4000平，户型方正，一线高尔夫景,整个小区占地8平方公里，绿化覆盖99.7%，级风景区，环高尔夫球场，环境优美，空气清新，适合自住度假或养老,小区南门50亿观澜湖新城，观澜湖生态体育公园，观澜天虹商场，兴万达商场等，龙华人民医/院，塘厦人民医/院，小区内有会所/游泳池/健身房/高尔夫业主练习场/穿梭巴士等免费使用,园区内有免费巴士，多条公交直达，高尔夫大道，观光路，观澜大道，观平路等城市主干道环-绕，梅观高速观澜出口2公里，地铁4号线（观澜湖新城站）已开通，观澜湖免费班车随时出行,,,暂无数据,2023-12-04,商品房,普通住宅,暂无数据,非共有,无抵押,挂牌时间:2023-12-04 | 交易权属:商品房 | 上次交易:暂无数据 | 房屋用途:普通住宅 | 房屋年限:暂无数据 | 产权所属:非共有 | 抵押信息:无抵押 | 房本备件:未上传房本照片,客厅A / 27.89平米 / 无 / 无窗 ; 餐厅A / 53.38平米 / 北 / 落地窗 ; 客厅B / 52.06平米 / 北 / 落地窗 ; 餐厅B / 34.31平米 / 西 / 普通窗 ; 卧室A / 23.7平米 / 西 / 普通窗 ; 多功能间A / 50.74平米 / 无 / 无窗 ; 卧室B / 57.55平米 / 东 / 普通窗 ; 多功能间B / 16.23平米 / 西 北 / 落地窗 ; 卧室C / 25.92平米 / 北 / 普通窗 ; 多功能间C / 27.71平米 / 北 / 落地窗 ; 卧室D / 27.37平米 / 无 / 无窗 ; 卧室E / 17.42平米 / 南 / 普通窗 ; 卧室F / 35.67平米 / 北 / 普通窗 ; 厨房 / 24.88平米 / 无 / 无窗 ; 卫生间A / 13.53平米 / 西 / 普通窗 ; 卫生间B / 3.04平米 / 南 / 普通窗 ; 卫生间C / 9.25平米 / 西 / 普通窗 ; 卫生间D / 8.46平米 / 无 / 无窗 ; 卫生间E / 4.07平米 / 南 / 普通窗 ; 卫生间F / 8.1平米 / 北 / 普通窗 ; 阳台A / 34.17平米 / 西 北 / 普通窗 ; 阳台B / 6.43平米 / 无 / 无窗 ; 阳台C / 9.12平米 / 西 北 / 普通窗 ; 储物间A / 8.72平米 / 无 / 无窗 ; 储物间B / 39.63平米 / 无 / 无窗 ; 储物间C / 28.65平米 / 无 / 无窗 ; 储物间D / 103.48平米 / 无 / 无窗 ; 门厅 / 9.54平米 / 无 / 无窗 ; 电梯A / 7.06平米 / 无 / 无窗 ; 过道A / 27.62平米 / 北 / 落地窗 ; 电梯B / 3.78平米 / 无 / 无窗 ; 过道B / 58.25平米 / 无 / 无窗 ; 电梯C / 3.41平米 / 无 / 无窗 ; 过道C / 8.6平米 / 无 / 无窗 ; 电梯D / 3.48平米 / 无 / 无窗 ; 过道D / 14.99平米 / 南 / 普通窗 ; 过道E / 64.04平米 / 东 东北 南 东南 / 普通窗 ; 过道F / 55.19平米 / 东 东北 南 东南 / 落地窗 ; 过道G / 24.91平米 / 南 / 落地窗 ; 衣帽间A / 3.27平米 / 无 / 无窗 ; 衣帽间B / 4.74平米 / 无 / 无窗,
次新小区环境好带公园  位置安静,"中森公园华府 , 观澜",4室2厅,126.5平米,东南,,高楼层(共30层),2020年,板塔结合,560 万,44269 元,1,,,VR房源,https://sz.lianjia.com/ershoufang/105117261594.html,VR房源,高层采光好次新小区环境好 位置安静,开发商为深圳中森，是以房地产为产业的企业，主要以珠三角地区和成渝地区为发展区域。 在深圳有几个住宅地产项目，为人熟知的应该是科技园片区华润城邻居的英伦名苑1-3期，以及龙岗的中森双子座。,项目位于龙华区观澜板块，观湖街道的东南方位。所在区域是深圳中轴北的产业，南接坂田天安云谷、龙华宝能科技城，东连平湖金融与现代服务业基地，西临观澜高新产业园， 北为观澜传统制造业聚集地带。项目西侧约1.6公里处为鹭湖科技文化片区，,,,,暂无数据,2024-06-11,商品房,普通住宅,暂无数据,非共有,有抵押 230万元 客户偿还,挂牌时间:2024-06-11 | 交易权属:商品房 | 上次交易:暂无数据 | 房屋用途:普通住宅 | 房屋年限:暂无数据 | 产权所属:非共有 | 抵押信息:有抵押 230万元 客户偿还 | 房本备件:未上传房本照片,客厅 / 32.34平米 / 北 南 / 落地窗 ; 卧室A / 10.54平米 / 无 / 未知窗户类型 ; 卧室B / 7.2平米 / 北 / 落地窗 ; 卧室C / 18.13平米 / 无 / 未知窗户类型 ; 卧室D / 11.93平米 / 无 / 未知窗户类型 ; 厨房 / 10.55平米 / 南 / 普通窗 ; 卫生间A / 3.48平米 / 北 / 落地窗 ; 卫生间B / 4.83平米 / 南 / 落地窗 ; 阳台 / 4.31平米 / 西 东 南 / 落地窗 ; 过道A / 7.08平米 / 无 / 无窗 ; 过道B / 2.83平米 / 无 / 无窗,
观澜湖观澜豪园100平米，诚意出售,"观澜豪园 , 观澜",3室1厅,99.68平米,东南,精装,中楼层(共6层),2000年,板塔结合,350 万,35113 元,1,,,近地铁 | VR房源,https://sz.lianjia.com/ershoufang/105117130965.html,地铁 | VR房源,此房为为原始业主出售满5年价格合理，符合大多数购房者,此小区是观澜湖房地产开发，物业为观澜湖骏高物业公司管理。小区为东南亚建筑风格，小高层建筑,,,,,暂无数据,2024-05-29,商品房,普通住宅,暂无数据,非共有,有抵押,挂牌时间:2024-05-29 | 交易权属:商品房 | 上次交易:暂无数据 | 房屋用途:普通住宅 | 房屋年限:暂无数据 | 产权所属:非共有 | 抵押信息:有抵押 | 房本备件:未上传房本照片,客厅 / 35.04平米 / 东 / 普通窗 ; 卧室A / 7.9平米 / 无 / 未知窗户类型 ; 卧室B / 13.23平米 / 无 / 未知窗户类型 ; 卧室C / 4.95平米 / 北 / 普通窗 ; 厨房 / 4.44平米 / 北 / 普通窗 ; 卫生间 / 3.78平米 / 西 / 普通窗 ; 阳台 / 3.9平米 / 东北 / 普通窗,
仁山智水三期高层视野开阔南北对流,"城建仁山智水花园三期 , 观澜",3室1厅,304.7平米,东南,毛坯,高楼层(共41层),2015年,板楼,1600 万,52511 元,1,,,VR房源,https://sz.lianjia.com/ershoufang/105110570067.html,VR房源,chao高层视野开阔南北对流板楼密度低,仁山智水由深圳市城市建设开发公司开发，小区占地近20平，总建筑面积为557584.63㎡，住宅282053.6㎡，商铺5860㎡，幼儿园3500.08㎡，建筑主体包括95栋住宅楼，其中有83栋低多层住宅及8栋高层和4栋高层，住宅共1445户，车位3158个,医疗龙华医院（4600米百度地图测距龙华综合医院在建中3100米百度地图测距新科技园社区健康服务购物利商场楼下佳又惠百货医院天虹（2400米百度地图测距,公交线路：公交（观澜高新园站）M567、M264、313、E4路等，出小区约100米 有轨电车站台（电车接驳地铁4号线清湖地铁口），高速公路：机荷高速公路、梅观高速公路，交通方便。,,,暂无数据,2022-05-21,商品房,普通住宅,暂无数据,非共有,无抵押,挂牌时间:2022-05-21 | 交易权属:商品房 | 上次交易:暂无数据 | 房屋用途:普通住宅 | 房屋年限:暂无数据 | 产权所属:非共有 | 抵押信息:无抵押 | 房本备件:未上传房本照片,客厅 / 70.97平米 / 南 / 普通窗 ; 卧室A / 11.68平米 / 无 / 未知窗户类型 ; 卧室B / 17.44平米 / 无 / 未知窗户类型 ; 卧室C / 53.16平米 / 无 / 未知窗户类型 ; 厨房 / 9.65平米 / 北 / 普通窗 ; 卫生间A / 8.22平米 / 北 / 普通窗 ; 卫生间B / 8.28平米 / 无 / 无窗 ; 卫生间C / 14.97平米 / 无 / 无窗 ; 阳台A / 38.61平米 / 北 / 普通窗 ; 阳台B / 11.34平米 / 无 / 无窗 ; 阳台C / 17.79平米 / 东 南 / 普通窗 ; 储物间A / 4.26平米 / 无 / 无窗 ; 储物间B / 11.73平米 / 无 / 未知窗户类型 ; 过道 / 14.69平米 / 无 / 无窗,
满五唯一近地铁，户型方正光线好，价格可谈,"奥宸观壹城 , 观澜",4室1厅,108.45平米,西南,精装,低楼层(共34层),2015年,板塔结合,366 万,33749 元,3,,,近地铁 | VR看装修,https://sz.lianjia.com/ershoufang/105113892670.html,地铁 | VR看装修,户型方正价格可谈，近地铁满五唯一，精装修,占地约五万，总建面达到三十万平米，并且规划为具有70-130平米的住宅、40-80平米的公寓、以及四万平米的商场，小区里面配有水系景观，娱乐健身场所，儿童游乐场等,项目对，面有杜鹃幼儿园未来项目规划自带3200平米的12班中英双语幼儿园以及旁边的振能学，校，同时项目地理位置较为靠观澜湖新城未来也可共享观澜商，业旗舰！,项目位于观平路与人民路交汇处西北侧，地铁4号线松元夏站旁边，交通比较方便，有公车线路，和观澜汽车总站，有各区班车到达清湖地铁站，福田等,,,暂无数据,2023-06-05,商品房,普通住宅,暂无数据,非共有,有抵押 160万元 农村商业银行,挂牌时间:2023-06-05 | 交易权属:商品房 | 上次交易:暂无数据 | 房屋用途:普通住宅 | 房屋年限:暂无数据 | 产权所属:非共有 | 抵押信息:有抵押 160万元 农村商业银行 | 房本备件:未上传房本照片,客厅 / 33.13平米 / 西 / 落地窗 ; 卧室A / 5.6平米 / 东 / 落地窗 ; 卧室B / 9.07平米 / 无 / 未知窗户类型 ; 厨房 / 5.91平米 / 无 / 未知窗户类型 ; 卫生间A / 3.57平米 / 无 / 未知窗户类型 ; 阳台 / 5.48平米 / 西 / 普通窗 ; 储物间A / 10.51平米 / 东 / 落地窗 ; 储物间B / 21.04平米 / 无 / 未知窗户类型,
龙华观澜水库风景好房，两室两厅二阳台,"招商锦绣观园 , 观澜",2室2厅,64.6平米,西南,简装,中楼层(共28层),2014年,塔楼,178 万,27555 元,1,,,VR看装修 | 房本满五年 | 随时看房,https://sz.lianjia.com/ershoufang/105120381427.html,VR看装修 | 房本满五年 | 随时看房,看山景，安静，楼层适中，视野宽阔，采光充足，配套设施齐全。,,出小区大门就是龙华环境绿道入口、茜坑水库，两公里内有行知学校、天虹商场、茜坑地铁、茜坑露营广场。,小区有公交总站接驳到地铁口，出小区大门就上龙澜快速干道，转福龙路到市区半小时可达，到高速口三公里即可。,,,2014-01-18,2025-04-12,商品房,普通住宅,满五年,非共有,无抵押,挂牌时间:2025-04-12 | 交易权属:商品房 | 上次交易:2014-01-18 | 房屋用途:普通住宅 | 房屋年限:满五年 | 产权所属:非共有 | 抵押信息:无抵押 | 房本备件:已上传房本照片,客厅 / 21.07平米 / 西北 / 普通窗 ; 卧室A / 6.24平米 / 东北 / 普通窗 ; 卧室B / 8.38平米 / 西北 / 普通窗 ; 厨房 / 4.49平米 / 无 / 普通窗 ; 卫 / 2.12平米 / 东北 / 普通窗 ; 阳台A / 1.25平米 / 西北 / 普通窗 ; 阳台B / 3.79平米 / 西北 / 普通窗,
招商澜园顶复装修好、三层半、高实用率、带两个车位,"招商澜园 , 观澜",6室2厅,219.47平米,南 北,精装,高楼层(共25层),2010年,板塔结合,1380 万,62879 元,5,,,VR房源,https://sz.lianjia.com/ershoufang/105118874807.html,VR房源,复式三层半高使用率、带两个私人车位、高楼层无遮挡视野,小区由招商局地产开发，国家一级物业资质的招商物业管理，小区部分为南北两区，由十三栋高层组成，低密度，是个纯居住的大社区，自带6000平的大花园，人车分流，很适合有老人和小孩的客户，小区自带幼儿园，商有观澜天虹,配套：观澜街道办 休闲区域：新世纪广场、观澜文化广场， 商场：设施天虹商场、比邻新天地，观澜河湿地公园距离小区近在咫尺。龙华区政府距离小区2公里，属于新区政府辐射范围内。项目：现聚集多家大品牌开发商在此拿地。如：万科 卓 越，阳基,小区门口就有公交站，途径的公交线众多，有轨电车在小区门口文澜站，直接到达清湖地铁口，竹村地铁口 800米，观澜大桥直接可以上机荷高速，多条公交线路到达罗湖，福田,,,暂无数据,2024-11-11,商品房,普通住宅,暂无数据,非共有,有抵押 700万元,挂牌时间:2024-11-11 | 交易权属:商品房 | 上次交易:暂无数据 | 房屋用途:普通住宅 | 房屋年限:暂无数据 | 产权所属:非共有 | 抵押信息:有抵押 700万元 | 房本备件:未上传房本照片,客厅A / 54.36平米 / 无 / 落地窗 ; 客厅B / 89.89平米 / 无 / 落地窗 ; 卧室A / 11.1平米 / 无 / 落地窗 ; 卧室B / 15.27平米 / 无 / 落地窗 ; 卧室C / 12.63平米 / 北 / 落地窗 ; 卧室D / 16.37平米 / 西 北 / 落地窗 ; 卧室E / 39.84平米 / 北 南 / 落地窗 ; 卧室F / 10.03平米 / 无 / 无窗 ; 厨房A / 10.26平米 / 无 / 普通窗 ; 厨房B / 13.13平米 / 无 / 普通窗 ; 卫生间A / 4.67平米 / 无 / 落地窗 ; 卫生间B / 3.88平米 / 南 / 普通窗 ; 卫生间C / 9.49平米 / 北 / 落地窗 ; 卫生间D / 4.03平米 / 无 / 落地窗 ; 阳台A / 4.56平米 / 无 / 普通窗 ; 阳台B / 6.96平米 / 无 / 普通窗 ; 阳台C / 6.46平米 / 南 / 普通窗 ; 阳台D / 4.66平米 / 无 / 普通窗 ; 阳台E / 6平米 / 无 / 普通窗 ; 阳台F / 129.78平米 / 无 / 普通窗 ; 门厅 / 12.67平米 / 无 / 落地窗 ; 过道A / 2.07平米 / 无 / 无窗 ; 过道B / 15.97平米 / 无 / 无窗 ; 过道C / 5.52平米 / 无 / 落地窗,
奥宸观壹城松元厦地铁口精装横厅三房两位急售,"奥宸观壹城 , 观澜",3室2厅,91.11平米,东北,精装,低楼层(共33层),2018年,板塔结合,309 万,33916 元,2,,,近地铁 | VR看装修,https://sz.lianjia.com/ershoufang/105120577709.html,地铁 | VR看装修,满五，装修保养好，横厅户型，使用率高,本小区环境优雅安静，小区人才分流，小区物业管理严格，小区自带健身器材，小孩玩乐区，恒温游泳池，不出小区老人小孩都有健身游玩之处，适合家有老人和小孩的家庭，真正做到入则宁静，移步繁华,离小区1.8公里观澜湖新城吃喝玩乐一体 离小区20米就是振能 小区自带幼儿园,距离小区800米左右地铁站4号线延长线松元厦站去往福田 区里小区200米左右公交车站M285路 321路去往火车站西广场 M361路去往龙华公交站 332路去往蛇口出行方便 房主自荐(业主对房源的描述),,,暂无数据,2025-04-30,商品房,普通住宅,暂无数据,非共有,有抵押 130万元,挂牌时间:2025-04-30 | 交易权属:商品房 | 上次交易:暂无数据 | 房屋用途:普通住宅 | 房屋年限:暂无数据 | 产权所属:非共有 | 抵押信息:有抵押 130万元 | 房本备件:未上传房本照片,,
房子中间楼层，采光好，户型房子，适合居家,"万科启城 , 观澜",3室2厅,81平米,西南,,中楼层(共48层),2023年,板塔结合,410 万,50618 元,0,,,近地铁 | VR看装修,https://sz.lianjia.com/ershoufang/105120893884.html,地铁 | VR看装修,房子中间楼层，采光好，户型房子，适合居家,小区人车分流，6栋高层，围合式花园，小区有泳池有儿童乐园，门口有民法和三外，700米长湖地铁站，300米有菜市场，生活方便居家舒适，,项目位于龙华区观澜板块，观湖街道的东南方位。所在区域是深圳中轴北的产业，南接坂田天安云谷、龙华宝能科技城，东连平湖金融与现代服务业基地，西临观澜高新产业园， 北为观澜传统制造业聚集地带,,,,暂无数据,2025-05-29,商品房,普通住宅,暂无数据,非共有,有抵押,挂牌时间:2025-05-29 | 交易权属:商品房 | 上次交易:暂无数据 | 房屋用途:普通住宅 | 房屋年限:暂无数据 | 产权所属:非共有 | 抵押信息:有抵押 | 房本备件:未上传房本照片,,
此房满二年，精装修   看房提前预约,"鹏瑞·颐璟府 , 观澜",3室2厅,78.93平米,西南,,低楼层(共33层),,塔楼,380 万,48144 元,1,,,VR看装修,https://sz.lianjia.com/ershoufang/105121638047.html,VR看装修,此房满二年，精装修  只有契税 。。。。,鹏瑞颐璟府鹏瑞颐璟府联合 AUBE（欧博）建筑设计及园林景观设计，以三重叠景院落、三重门第礼序、三重会客厅、50余种花木，打造“推窗见景、出门见绿”的生活场景。社区房源量相对大，其选择面也相对广，可满足多层次的置业需求。,,,,,暂无数据,2025-08-01,商品房,普通住宅,暂无数据,非共有,有抵押 270万元 工商银行 客户偿还,挂牌时间:2025-08-01 | 交易权属:商品房 | 上次交易:暂无数据 | 房屋用途:普通住宅 | 房屋年限:暂无数据 | 产权所属:非共有 | 抵押信息:有抵押 270万元 工商银行 客户偿还 | 房本备件:未上传房本照片,客厅 / 22.49平米 / 西 / 普通窗 ; 卧室A / 9.27平米 / 无 / 未知窗户类型 ; 卧室B / 7.38平米 / 无 / 未知窗户类型 ; 卧室C / 9.07平米 / 无 / 未知窗户类型 ; 厨房 / 4.38平米 / 南 / 普通窗 ; 卫生间 / 4.29平米 / 东 / 普通窗 ; 阳台 / 3.8平米 / 西 南 / 普通窗 ; 过道 / 2.97平米 / 无 / 无窗,
经典3房，阳光南卧，近地铁高楼层，视野安静,"奥宸观壹城 , 观澜",3室1厅,78.96平米,南,,高楼层(共33层),2018年,板塔结合,300 万,37994 元,3,,,近地铁 | VR看装修,https://sz.lianjia.com/ershoufang/105113715849.html,地铁 | VR看装修,此房满五唯一，精装，保养好，业主诚意出售；看房提前约,小区500米就是四号线松元厦地铁口，旁边G94，交通方便，出行便利 （2）楼下有自带商 业，1公里内观澜湖新城，百佳华商场，兴万达，民乐福等大型商场 （3）小区花园绿化高，居住环境高，适宜居家,,观壹城地处观澜观平路振能学，校旁边，门口有公交站，两站可以到达观澜汽车站。600米内有场市场，购物市场等，居住上班带上学都是比较方便,,,暂无数据,2023-05-18,商品房,普通住宅,暂无数据,非共有,有抵押 220万元,挂牌时间:2023-05-18 | 交易权属:商品房 | 上次交易:暂无数据 | 房屋用途:普通住宅 | 房屋年限:暂无数据 | 产权所属:非共有 | 抵押信息:有抵押 220万元 | 房本备件:未上传房本照片,客厅 / 28.2平米 / 西南 / 普通窗 ; 卧室A / 6.39平米 / 无 / 未知窗户类型 ; 卧室B / 7.18平米 / 东南 / 落地窗 ; 卧室C / 11.55平米 / 无 / 未知窗户类型 ; 厨房 / 4.37平米 / 无 / 未知窗户类型 ; 卫生间 / 2.73平米 / 无 / 未知窗户类型 ; 阳台 / 5.76平米 / 西南 / 普通窗,
招商观园 正规三房 高楼层 业主急卖 看房方便,"招商观园 , 观澜",3室2厅,88.67平米,南,精装,高楼层(共18层),2012年,塔楼,359 万,40488 元,1,,,VR看装修 | 房本满五年,https://sz.lianjia.com/ershoufang/105117213624.html,VR看装修 | 房本满五年,满五年唯一  有少量欠款 自住装修的 看方便,,"小区门口有有轨电车高新科技园西站，或高新科技园站,小区自带幼儿园,侧面是鹭湖,以及在建的3馆一体。小区门口是捷顺写字楼和宝能科技,三一重工",招商观园在环观南路(即观天大道)以北，梅观高速以东；邻梅观高速（已于2014年4月1日取消高速收费）、机荷高速，较近的公交站是观澜高新科技园、宝安高新技术园站，经过的路线有E4、772等。有轨电车高新科技园西站，高新园站，出行方便,,,2020-06-17,2024-06-06,商品房,普通住宅,满五年,非共有,有抵押 340万元,挂牌时间:2024-06-06 | 交易权属:商品房 | 上次交易:2020-06-17 | 房屋用途:普通住宅 | 房屋年限:满五年 | 产权所属:非共有 | 抵押信息:有抵押 340万元 | 房本备件:已上传房本照片,客厅 / 30.93平米 / 西南 / 落地窗 ; 卧室A / 14.7平米 / 无 / 未知窗户类型 ; 卧室B / 10.83平米 / 无 / 未知窗户类型 ; 卧室C / 6.73平米 / 西北 / 落地窗 ; 厨房 / 5.73平米 / 西南 / 落地窗 ; 卫生间 / 4.72平米 / 无 / 未知窗户类型 ; 阳台A / 2.05平米 / 西南 / 落地窗 ; 阳台B / 5.38平米 / 西南 / 落地窗,
金地鹭湖精品4房，安静中间位置，品质装修,"金地鹭湖1号 , 观澜",4室2厅,135.95平米,东南 南 东,精装,中楼层(共16层),2015年,塔楼,670 万,49283 元,1,,,VR房源,https://sz.lianjia.com/ershoufang/105117473906.html,VR房源,精装4房， 位置安静 正南正北，中高楼层非顶楼 采光充足视野好,鹭湖1号位于龙华区观澜街道梅观高速与环观南路交汇处;鹭湖国际住区项目主打户型产品：建面89㎡三房。 项目占地面积约91197.68平方米，总建筑面积约164150平方米. 小区环境优美，依山傍水，空气好,,小区大门口有公交车M517，旁边到有轨电车，无缝接驳地铁4号线清湖站。,,,暂无数据,2024-07-01,商品房,普通住宅,暂无数据,非共有,有抵押 200万元 银行,挂牌时间:2024-07-01 | 交易权属:商品房 | 上次交易:暂无数据 | 房屋用途:普通住宅 | 房屋年限:暂无数据 | 产权所属:非共有 | 抵押信息:有抵押 200万元 银行 | 房本备件:未上传房本照片,客厅 / 33.73平米 / 西 东 / 普通窗 ; 卧室A / 8.67平米 / 无 / 未知窗户类型 ; 卧室B / 9.38平米 / 西 / 落地窗 ; 卧室C / 17.01平米 / 无 / 未知窗户类型 ; 卧室D / 10.84平米 / 无 / 未知窗户类型 ; 厨房 / 6.18平米 / 东 / 普通窗 ; 卫生间A / 4.8平米 / 西 / 普通窗 ; 卫生间B / 3.99平米 / 西 / 普通窗 ; 阳台A / 5.77平米 / 西 北 南 / 普通窗 ; 阳台B / 3.34平米 / 东 / 普通窗 ; 过道 / 3.59平米 / 无 / 无窗 ; 门厅 / 7.5平米 / 西 / 落地窗 ; 衣帽间 / 4.01平米 / 无 / 无窗,
澜园安静户型，业主诚心出售，南向舒适户型,"招商澜园 , 观澜",1室1厅,67.44平米,南,简装,中楼层(共11层),2010年,板塔结合,319 万,47302 元,0,,,近地铁 | VR看装修 | 随时看房,https://sz.lianjia.com/ershoufang/105118146026.html,地铁 | VR看装修 | 随时看房,此房满五年，业主诚心出售，南向舒适户型,招商澜园位于深圳市宝安区观澜街道大和路与环观南路交汇处，地处政府规划发展的观澜新中间区，并成为深圳新的城市象征。招商澜园是一座220000平米、低密度的大型高尚社区，小区拥有1500㎡会所、约6000㎡花园、泳池、幼儿园等,休闲区域：观澜湿地公园，新世纪广场、人民公园。商.业设施：天虹商场、国惠康商场、格兰郡商.业街。教育设施、医疗设施：观澜人民医院。宾馆酒店：格兰云天大酒店。银行：中国银行、工商银行、招商银行,小区交通方便，地铁4号延长线年底通车 出门就是富士施乐公交站和有轨电车文澜站，有大和路，龙澜快速，机嗬高速和梅观高速，不管是坐公交还是开车去各区都很方便,,,暂无数据,2024-09-01,商品房,普通住宅,暂无数据,非共有,有抵押 业主自还,挂牌时间:2024-09-01 | 交易权属:商品房 | 上次交易:暂无数据 | 房屋用途:普通住宅 | 房屋年限:暂无数据 | 产权所属:非共有 | 抵押信息:有抵押 业主自还 | 房本备件:未上传房本照片,客厅 / 13.89平米 / 西南 / 普通窗 ; 卧室 / 15.43平米 / 西南 / 普通窗 ; 厨房 / 6.38平米 / 西南 / 普通窗 ; 卫生间 / 4.39平米 / 西南 / 普通窗 ; 阳台 / 9.85平米 / 西南 西北 / 普通窗 ; 过道 / 4.47平米 / 无 / 无窗 ; 门厅 / 5.9平米 / 西南 / 落地窗,
阳基御龙山 3室1厅 西南,"阳基御龙山 , 观澜",3室1厅,76.37平米,西南,精装,31层,2018年,板塔结合,275 万,36009 元,3,,,VR房源,https://sz.lianjia.com/ershoufang/105121401742.html,VR房源,,,,,,,暂无数据,2025-07-10,商品房,普通住宅,暂无数据,非共有,有抵押,挂牌时间:2025-07-10 | 交易权属:商品房 | 上次交易:暂无数据 | 房屋用途:普通住宅 | 房屋年限:暂无数据 | 产权所属:非共有 | 抵押信息:有抵押 | 房本备件:未上传房本照片,客厅 / 22.48平米 / 西南 / 普通窗 ; 卧室A / 12.13平米 / 无 / 未知窗户类型 ; 卧室B / 7.34平米 / 西北 / 落地窗 ; 卧室C / 5.41平米 / 西北 / 落地窗 ; 厨房 / 3.49平米 / 东北 / 普通窗 ; 卫生间 / 4.04平米 / 西北 / 落地窗 ; 阳台 / 3.59平米 / 西南 / 普通窗 ; 过道 / 4.23平米 / 无 / 无窗,
红本满五唯一，精装修，南北通透,"深业泰然观澜玫瑰苑 , 观澜",3室2厅,88.84平米,南 北,,31层,2016年,板塔结合,375 万,42211 元,0,,,近地铁 | VR房源,https://sz.lianjia.com/ershoufang/105121047763.html,地铁 | VR房源,房子高楼层南北通透采光通风好业主诚心出售,小区为 综合体，以空中花园为分开住宅与商场。由深圳市国惠康国泰房地产开发有限公司开发，深业泰然（集团）有限公司控股，成立于1985年的深圳市属国有企业，注册资金8亿元，旗下拥有9家控股企业、2家参股企业。资历雄厚,主要配套：深圳市龙华区医院，兴万达，民乐福，百佳华，能满足生活上的需求,"小区门距离有轨轨电车-新澜站100米,，接驳4号线观澜站地铁口直达福田，楼下就是公交站吉盛酒店大公交站台，另外5公里上龙观快速，4公里上珠三角环线高速，各种交通设施配套齐全，出行便利",,,暂无数据,2025-06-11,商品房,普通住宅,暂无数据,非共有,有抵押 120万元 客户偿还,挂牌时间:2025-06-11 | 交易权属:商品房 | 上次交易:暂无数据 | 房屋用途:普通住宅 | 房屋年限:暂无数据 | 产权所属:非共有 | 抵押信息:有抵押 120万元 客户偿还 | 房本备件:未上传房本照片,客厅 / 28.22平米 / 西北 / 落地窗 ; 卧室A / 11.53平米 / 无 / 未知窗户类型 ; 卧室B / 7.14平米 / 无 / 未知窗户类型 ; 卧室C / 7.54平米 / 无 / 未知窗户类型 ; 厨房 / 4.24平米 / 无 / 无窗 ; 卫生间 / 4.08平米 / 西北 / 普通窗 ; 阳台A / 4.64平米 / 西南 西北 东北 / 普通窗 ; 阳台B / 2.32平米 / 无 / 无窗,
澜园南区双本证，住家装修保养很好，带固定车位低密度,"招商澜园 , 观澜",3室1厅,83.25平米,南,,低楼层(共11层),2010年,板塔结合,338 万,40601 元,4,,,近地铁 | VR房源 | 房本满五年,https://sz.lianjia.com/ershoufang/105119958523.html,地铁 | VR房源 | 房本满五年,住家装修，保养很好，带固定车位，大花园低密度。,小区由招商局地产开发，国家一级物业资质的招商物业管理，小区部分为南北两区，由十三栋高层组成，低密度，是个纯居住的大社区，自带6000平的大花园，人车分流，很适合有老人和小孩的客户，小区自带幼儿园，有固定车位。,观澜街道办 休闲区域：新世纪广场、观澜文化广场， 商场：设施天虹商场、比邻新天地，观澜河湿地公园距离小区近在咫尺。龙华区政府距离小区2公里，属于新区政府辐射范围内。项目：现聚集多家大品牌开发商在此拿地。如：万科 卓 越，阳基,小区门口就有公交站，途径的公交线众多，有轨电车在小区门口文澜站，直接到达清湖地铁口，竹村地铁口 800米，观澜大桥直接可以上机荷高速，多条公交线路到达罗湖，福田等地,,,2011-05-24,2025-03-07,商品房,普通住宅,满五年,非共有,有抵押,挂牌时间:2025-03-07 | 交易权属:商品房 | 上次交易:2011-05-24 | 房屋用途:普通住宅 | 房屋年限:满五年 | 产权所属:非共有 | 抵押信息:有抵押 | 房本备件:已上传房本照片,客厅 / 39.75平米 / 南 / 普通窗 ; 卧室A / 8.71平米 / 无 / 未知窗户类型 ; 卧室B / 11.39平米 / 无 / 未知窗户类型 ; 卧室C / 15.76平米 / 南 / 普通窗 ; 卧室D / 14.07平米 / 南 / 普通窗 ; 厨房 / 6.61平米 / 东 / 普通窗 ; 卫生间A / 5.71平米 / 无 / 未知窗户类型 ; 卫生间B / 4.83平米 / 无 / 未知窗户类型 ; 阳台A / 5.54平米 / 西 南 / 普通窗 ; 阳台B / 10.34平米 / 南 / 普通窗 ; 阳台C / 3.14平米 / 东 / 普通窗 ; 门厅 / 13.97平米 / 东 / 落地窗,
位于金地鹭湖安静位置，看湖景和山景，少有的横厅户型,"金地鹭湖1号 , 观澜",3室2厅,89.33平米,东南,精装,中楼层(共16层),2015年,塔楼,460 万,51495 元,0,,,VR看装修,https://sz.lianjia.com/ershoufang/105120077331.html,VR看装修,满五唯一，横厅布局，户型使用率高，看湖景山景，楼层高，视野好,,"楼下
有公园，绿道，水库，环境优美！
书包
，商场就在旁边。。",,满五唯一，税费和买新房一样少。保养好，即买即住，省心省力省钱。,,暂无数据,2025-03-16,商品房,普通住宅,暂无数据,非共有,有抵押 业主自还,挂牌时间:2025-03-16 | 交易权属:商品房 | 上次交易:暂无数据 | 房屋用途:普通住宅 | 房屋年限:暂无数据 | 产权所属:非共有 | 抵押信息:有抵押 业主自还 | 房本备件:未上传房本照片,客厅 / 29.04平米 / 南 / 落地窗 ; 卧室A / 10.15平米 / 无 / 未知窗户类型 ; 卧室B / 14平米 / 无 / 未知窗户类型 ; 厨房 / 4.38平米 / 南 / 普通窗 ; 卫A / 2.7平米 / 北 / 普通窗 ; 卫生间B / 3.07平米 / 北 / 普通窗 ; 阳台 / 3.81平米 / 西 东 南 / 普通窗 ; 储物间 / 9.65平米 / 无 / 未知窗户类型,
横厅南北通户型，安静位置，拎包入住，随时可看。,"金地鹭湖1号 , 观澜",3室2厅,89.14平米,南,精装,中楼层(共16层),2015年,塔楼,430 万,48239 元,0,,,VR房源 | 房本满五年,https://sz.lianjia.com/ershoufang/105120789061.html,VR房源 | 房本满五年,南北通横厅户型，中间楼层，满五唯一税少，精装修,金地鹭湖1号，位于龙华区观澜街道梅观高速与环观南路交汇处。 鹭湖国际住区项目，主打户型产品：建面89平3房2卫。还有少量137平4房2卫，及190平复式。 项目占地面积约91197.68平方米，总建筑面积约164150平方米。,,轨道交通：有轨电车站台，高新园西站（电车接驳地铁4号线清湖地铁口），公交线路：公交（观澜高新园站）M567、M264、313、E4路等，高速公路：机荷高速公路、梅观高速公路，交通方便。,,,2017-05-23,2025-05-20,商品房,普通住宅,满五年,非共有,有抵押 230万元 农业银行,挂牌时间:2025-05-20 | 交易权属:商品房 | 上次交易:2017-05-23 | 房屋用途:普通住宅 | 房屋年限:满五年 | 产权所属:非共有 | 抵押信息:有抵押 230万元 农业银行 | 房本备件:已上传房本照片,,
观澜湖赛维纳西南朝向顶楼户型，视野开阔采光好,"观澜湖赛维纳 , 观澜",1室1厅,60.48平米,西南,精装,高楼层(共9层),2003年,板楼,133 万,21991 元,2,,,VR看装修 | 房本满五年,https://sz.lianjia.com/ershoufang/105121427029.html,VR看装修 | 房本满五年,70年产权住宅，小区环境优美，配套齐全，价格实惠。,,,,,,2020-03-23,2025-07-13,商品房,普通住宅,满五年,非共有,无抵押,挂牌时间:2025-07-13 | 交易权属:商品房 | 上次交易:2020-03-23 | 房屋用途:普通住宅 | 房屋年限:满五年 | 产权所属:非共有 | 抵押信息:无抵押 | 房本备件:已上传房本照片,,
房子户型方正  采光通风良好 东南向 看一线高尔夫球场,"观澜湖赛维纳 , 观澜",1室1厅,51.12平米,东南,,中楼层(共9层),2003年,板楼,128 万,25040 元,2,,,VR看装修,https://sz.lianjia.com/ershoufang/105120437807.html,VR看装修,此房是住宅。70年产权。楼层高景色好，通风采光好。视野开阔。,小区绿化高，环境优美，有供业主休闲的高尔夫球场，小区停车免费，有免费穿梭巴士来往。,,,,,暂无数据,2025-04-17,商品房,普通住宅,暂无数据,非共有,有抵押 兴业银行股份有限公司深圳分行,挂牌时间:2025-04-17 | 交易权属:商品房 | 上次交易:暂无数据 | 房屋用途:普通住宅 | 房屋年限:暂无数据 | 产权所属:非共有 | 抵押信息:有抵押 兴业银行股份有限公司深圳分行 | 房本备件:未上传房本照片,卧室 / 26.23平米 / 东南 / 普通窗 ; 厨房 / 5.09平米 / 无 / 无窗 ; 卫生间 / 5.2平米 / 无 / 无窗 ; 阳台 / 15.15平米 / 西南 东北 东南 / 普通窗,
精装带花园别墅居住无压力带车位200平,"观湖园 , 观澜",4室2厅,80.81平米,西南,精装,低楼层(共4层),2009年,板楼,810 万,100236 元,2,,,VR房源 | 房本满五年 | 随时看房,https://sz.lianjia.com/ershoufang/105120969281.html,VR房源 | 房本满五年 | 随时看房,大花园精装修带车位拎包入住西南,观湖园是一个纯别墅小区，适合喜欢花园，喜欢低密度小区的客户群体,,,,,2014-04-01,2025-06-05,商品房,普通住宅,满五年,非共有,有抵押,挂牌时间:2025-06-05 | 交易权属:商品房 | 上次交易:2014-04-01 | 房屋用途:普通住宅 | 房屋年限:满五年 | 产权所属:非共有 | 抵押信息:有抵押 | 房本备件:已上传房本照片,客厅 / 50.62平米 / 无 / 普通窗 ; 餐厅 / 37.67平米 / 无 / 无窗 ; 卧室A / 7.96平米 / 无 / 普通窗 ; 卧室B / 9.07平米 / 无 / 无窗 ; 卧室C / 32.21平米 / 西 南 / 普通窗 ; 卧室D / 11.74平米 / 东 南 / 落地窗 ; 厨房 / 9平米 / 无 / 普通窗 ; 卫生间A / 5.26平米 / 无 / 无窗 ; 卫生间B / 4.89平米 / 南 / 普通窗 ; 卫生间C / 4.76平米 / 无 / 无窗 ; 阳台 / 9.76平米 / 西 北 南 / 普通窗 ; 储物间A / 6.1平米 / 无 / 无窗 ; 储物间B / 10.78平米 / 无 / 无窗 ; 楼梯间 / 22.27平米 / 南 / 普通窗,
高使用率，通透户型，安静精装房，拎包即住,"招商观园 , 观澜",2室2厅,53.25平米,南,精装,中楼层(共18层),2012年,塔楼,200 万,37559 元,1,,,VR看装修 | 房本满五年,https://sz.lianjia.com/ershoufang/105116557382.html,VR看装修 | 房本满五年,高使用率 精装自住 拎包入住 通透户型,招商观园二期共由1、2、3、5、8、9、10、11栋组成，户型面积区间140-180平方米，产品包括市场罕见的板楼复式、洋房产品和少量90平米的园景舒适大两房单，户户安静赏湖、观园，户型设计皆方正实用，户户3个以上阳台.面积阔绰实用,"小区门口有有轨电车高兴科技园西站或高新科技园站,小区自带幼儿园,侧面是鹭湖,以及小区门口是捷顺写字楼和宝能科技,三一重工",招商观园在环观南路(即观天大道)以北，梅观高速以东；邻梅观高速（已于2014年4月1日取消高速收费）、机荷高速，较近的公交站是观澜高新科技园、宝安高新技术园站，经过的路线有E4、772等。有轨电车高新科技园西站，高新园站，出行方便,,,2013-09-16,2024-04-02,商品房,普通住宅,满五年,非共有,有抵押,挂牌时间:2024-04-02 | 交易权属:商品房 | 上次交易:2013-09-16 | 房屋用途:普通住宅 | 房屋年限:满五年 | 产权所属:非共有 | 抵押信息:有抵押 | 房本备件:已上传房本照片,卧室 / 14.09平米 / 南 / 普通窗 ; 卫生间 / 3.54平米 / 北 / 普通窗 ; 阳台 / 3.74平米 / 西 东 南 / 普通窗 ; 衣帽间 / 3.29平米 / 无 / 无窗,
200平仁山智水，南北通透，优质生活，山湖美景,"城建仁山智水花园三期 , 观澜",5室2厅,200平米,南 北,,中楼层(共41层),2017年,板塔结合,1280 万,64000 元,1,,,VR房源,https://sz.lianjia.com/ershoufang/105117351331.html,VR房源,"：
房子满5 ，实用高，采光好，带车位的","：
仁山智水由深圳市城市建设开发公司开发，小区占地近20平，总建筑面积为557584.63㎡，住宅282053.6㎡，商铺5860㎡，幼儿园3500.08㎡，建筑主体包括95栋住宅楼，其中有83栋低多层住宅及8栋高层和4栋高层，住宅共1445户，车位3158个。。。",,公交线路：公交（观澜高新园站）M567、M264、313、E4路等，出小区约100有轨电车站台（电车接驳地铁4号线清湖地铁口），高速公路：机荷高速公路、梅观高速公路，交通方便,,,暂无数据,2024-06-20,商品房,普通住宅,暂无数据,非共有,无抵押,挂牌时间:2024-06-20 | 交易权属:商品房 | 上次交易:暂无数据 | 房屋用途:普通住宅 | 房屋年限:暂无数据 | 产权所属:非共有 | 抵押信息:无抵押 | 房本备件:未上传房本照片,客厅 / 57.62平米 / 北 南 / 落地窗 ; 卧室A / 10.47平米 / 北 / 普通窗 ; 卧室B / 12平米 / 无 / 未知窗户类型 ; 卧室C / 18.58平米 / 无 / 未知窗户类型 ; 卧室D / 20.67平米 / 无 / 未知窗户类型 ; 卧室E / 12.84平米 / 无 / 未知窗户类型 ; 厨房 / 10.34平米 / 南 / 普通窗 ; 卫生间A / 5.5平米 / 无 / 未知窗户类型 ; 卫生间B / 6.61平米 / 无 / 未知窗户类型 ; 卫生间C / 6.45平米 / 南 / 落地窗 ; 阳台A / 6.88平米 / 西 北 东 / 普通窗 ; 阳台B / 3.99平米 / 南 / 普通窗 ; 阳台C / 6.17平米 / 南 / 普通窗 ; 储物间 / 2.4平米 / 无 / 无窗 ; 过道A / 6.96平米 / 无 / 无窗 ; 过道B / 2.21平米 / 无 / 无窗,
通透格局好，户型方正，全明户型，装修保养好,"懿花园 , 观澜",3室2厅,89.61平米,南,简装,高楼层(共10层),2013年,板楼,397 万,44304 元,1,,,VR房源,https://sz.lianjia.com/ershoufang/105118006240.html,VR房源,通透格局好，户型方正，全明户型，装修保养好，,和黄懿花园也叫盈峰翠邸，由和记黄埔地产(深圳)有限公司开发，位于横坑水库。项目规划为地上建筑4-10层，地下2层，共59栋建筑(其中57栋住宅，2所幼儿园，及公建以地下室形式布置于地块南端)。 机动车位：600个；高层地库车位385个，多层地库车位200个。。。。,龙华外国语离小区1.5公里，鹭湖外国语离小区600米。近距离小区边培训机构多色多样，有舞蹈、画画、武术、钢琴等课外培训也有语数外等辅导培训。,公交线路：公交（宝安高新科技园、观澜高新科技园）794、627、663、668、866，517.264.921路等 高速公路：机荷高速公路、梅观高速公路。有轨电车高新区站距离小区300米。,,,暂无数据,2024-08-20,商品房,普通住宅,暂无数据,非共有,有抵押 240万元 银行,挂牌时间:2024-08-20 | 交易权属:商品房 | 上次交易:暂无数据 | 房屋用途:普通住宅 | 房屋年限:暂无数据 | 产权所属:非共有 | 抵押信息:有抵押 240万元 银行 | 房本备件:未上传房本照片,客厅 / 23.2平米 / 西南 / 普通窗 ; 卧室A / 10.36平米 / 西北 东北 / 落地窗 ; 卧室B / 15.55平米 / 无 / 未知窗户类型 ; 卧室C / 7.66平米 / 无 / 未知窗户类型 ; 厨房 / 5.08平米 / 西北 / 普通窗 ; 卫生间A / 3.76平米 / 无 / 普通窗 ; 卫生间B / 3.49平米 / 西北 / 普通窗 ; 阳台A / 3.68平米 / 西北 / 普通窗 ; 阳台B / 4.93平米 / 西南 西北 / 普通窗 ; 过道 / 3.11平米 / 无 / 无窗,
住家装修，花园位置，安静不吵，实用高，随时可看。,"招商观园 , 观澜",4室2厅,176.85平米,南 北,精装,低楼层(共18层),2012年,塔楼,630 万,35624 元,2,,,VR看装修 | 随时看房,https://sz.lianjia.com/ershoufang/105119464351.html,VR看装修 | 随时看房,住家装修，花园位置，安静不吵，实用面积高，随时可看，税费少。,招商观园地块位于深圳市宝安区观澜街道环观南路北侧，与观澜高新技术园区隔路相望，邻进梅观高速、机荷高速，占地147595.156平方米，主力产品为140-180㎡大户型和单证89平,南面是高兴科技园，北面是横坑滨水公园，税务局（1000米百度地图 观湖中 心公园（737米百度地图 医疗龙华医院（4600米百度地图测距龙华综合医院在建中3100米百度地图测距新科技园社区健康服务商场楼下佳又惠百货医院天虹（2400米百度地图测距,轨道交通：有轨电车站台，高新园西站（电车接驳地铁4号线清湖地铁口），公交线路：公交（观澜高新园站）M567、M264、313、E4路等，高速公路：机荷高速公路、梅观高速公路，交通方便。,,,暂无数据,2025-01-11,商品房,普通住宅,暂无数据,非共有,无抵押,挂牌时间:2025-01-11 | 交易权属:商品房 | 上次交易:暂无数据 | 房屋用途:普通住宅 | 房屋年限:暂无数据 | 产权所属:非共有 | 抵押信息:无抵押 | 房本备件:未上传房本照片,客厅 / 42.88平米 / 无 / 未知窗户类型 ; 书房 / 10.28平米 / 东南 / 落地窗 ; 卧室A / 9.62平米 / 无 / 未知窗户类型 ; 卧室B / 8.65平米 / 西南 / 普通窗 ; 卧室C / 12.26平米 / 无 / 未知窗户类型 ; 卧室D / 20.74平米 / 无 / 未知窗户类型 ; 厨房 / 9.5平米 / 东北 / 普通窗 ; 卫生间A / 2.96平米 / 无 / 普通窗 ; 卫生间B / 5.58平米 / 西南 / 普通窗 ; 卫生间C / 5.57平米 / 无 / 无窗 ; 阳台 / 2.56平米 / 东北 / 普通窗 ; 阳台A / 5.68平米 / 西北 东北 / 普通窗 ; 阳台C / 3.44平米 / 西南 东南 / 普通窗 ; 阳台D / 5.58平米 / 西南 东南 / 普通窗 ; 过道 / 21.7平米 / 无 / 无窗 ; 衣帽间 / 4.09平米 / 无 / 无窗,
满五年居家精装格局中间楼层视野采光好,"城建仁山智水花园一期 , 观澜",4室1厅,144.14平米,南,精装,高楼层(共22层),2015年,塔楼,888 万,61607 元,1,,,VR看装修 | 房本满五年,https://sz.lianjia.com/ershoufang/105120088929.html,VR看装修 | 房本满五年,此房满五年居家精装格局中间楼层视野采光好,仁山智水由深圳市城市建设开发公司开发，小区占地近20平，总建筑面积为557584.63㎡，住宅282053.6㎡，商铺5860㎡，幼儿园3500.08㎡，建筑主体包括95栋住宅楼，其中有83栋低多层住宅及8栋高层和4栋高层，住宅共1445户，车位3158个,,公交线路：公交（观澜高新园站）M567、M264、313、E4路等，出小区约100米 有轨电车站台（电车接驳地铁4号线清湖地铁口），高速公路：机荷高速公路、梅观高速公路，交通方便，22号线2028年通车,,,2013-09-22,2025-03-17,商品房,普通住宅,满五年,非共有,有抵押 业主自还,挂牌时间:2025-03-17 | 交易权属:商品房 | 上次交易:2013-09-22 | 房屋用途:普通住宅 | 房屋年限:满五年 | 产权所属:非共有 | 抵押信息:有抵押 业主自还 | 房本备件:已上传房本照片,,
东南朝向 三面采光 拎包入住 诚心出售,"金地鹭湖1号 , 观澜",3室2厅,87.61平米,东南 南,精装,中楼层(共16层),2016年,塔楼,447 万,51022 元,0,,,VR看装修 | 随时看房,https://sz.lianjia.com/ershoufang/105120277071.html,VR看装修 | 随时看房,此房满五年，中间楼层，目前安静位置里的好选择。,小区介绍 鹭湖1号总共分两期，共11栋。位于龙华区观澜街道梅观高速与环观南路交汇处;鹭湖国际住区项目主打户型产品:建面89㎡三房。还有少量137平和190平复式。项目占地面积约91197.68平方米，总建筑面积约164150平方米.小区环境优美，依山傍水，空气质量好.,,轨道交通：有轨电车站台，高新园西站（电车接驳地铁4号线清湖地铁口），公交线路：公交（观澜高新园站）M567、M264、313、E4路等，高速公路：机荷高速公路、梅观高速公路，交通方便。,,,暂无数据,2025-04-02,商品房,普通住宅,暂无数据,非共有,无抵押,挂牌时间:2025-04-02 | 交易权属:商品房 | 上次交易:暂无数据 | 房屋用途:普通住宅 | 房屋年限:暂无数据 | 产权所属:非共有 | 抵押信息:无抵押 | 房本备件:未上传房本照片,客厅 / 26.01平米 / 东南 / 普通窗 ; 卧室A / 7.73平米 / 无 / 未知窗户类型 ; 卧室B / 14.12平米 / 无 / 未知窗户类型 ; 卧室C / 9.05平米 / 东南 / 落地窗 ; 厨房 / 4.04平米 / 东北 / 普通窗 ; 卫生间A / 4.03平米 / 西北 / 普通窗 ; 卫生间B / 3.36平米 / 东北 / 普通窗 ; 阳台 / 3.76平米 / 东南 / 普通窗 ; 过道 / 2.97平米 / 无 / 无窗,
次新房，小区环境好，下楼就是白鸽湖公园 高楼层,"中森公园华府 , 观澜",3室1厅,88平米,南,精装,低楼层(共30层),2020年,板塔结合,390 万,44319 元,1,,,VR房源,https://sz.lianjia.com/ershoufang/105118790098.html,VR房源,次新房，小区环境好，下楼就是白鸽湖公园 高楼层,开发商为深圳中森，是以房地产为产业的企业，主要以珠三角地区和成渝地区为发展区域。 在深圳有几个住宅地产项目，为人熟知的应该是科技园片区华润城邻居的英伦名苑1-3期，以及龙岗的中森双子座。,项目位于龙华区观澜板块，观湖街道的东南方位。所在区域是深圳中轴北的产业，南接坂田天安云谷、龙华宝能科技城，东连平湖金融与现代服务业基地，西临观澜高新产业园， 北为观澜传统制造业聚集地带。项目西侧约1.6公里处为鹭湖科技文化片区，,距有轨电车1公里，接驳地铁：中森白鸽湖老村，位于环观南路，项目距离龙华有轨电车2号线的终点站下围站约1公里步行距离（百度地图测量，仅供参考），通过有轨电车接入深圳地铁轨道交通网络，目前已在地铁4号线清湖站接通，待2020年底4号线北延段开通后.,,,暂无数据,2024-11-02,商品房,普通住宅,暂无数据,非共有,有抵押,挂牌时间:2024-11-02 | 交易权属:商品房 | 上次交易:暂无数据 | 房屋用途:普通住宅 | 房屋年限:暂无数据 | 产权所属:非共有 | 抵押信息:有抵押 | 房本备件:未上传房本照片,客厅 / 24.68平米 / 南 / 普通窗 ; 卧室A / 6.46平米 / 无 / 未知窗户类型 ; 卧室B / 12.55平米 / 无 / 未知窗户类型 ; 卧室C / 8.61平米 / 南 / 落地窗 ; 厨房 / 3.97平米 / 东 / 普通窗 ; 卫生间A / 3.4平米 / 无 / 普通窗 ; 卫生间B / 3.68平米 / 东 / 普通窗 ; 阳台A / 1.84平米 / 东 / 普通窗 ; 阳台B / 4.67平米 / 东 南 / 普通窗 ; 过道 / 3.07平米 / 无 / 无窗,
学府旁 采光通风佳，业主诚心卖,"华盛峰荟名庭 , 观澜",3室2厅,54.98平米,东,精装,低楼层(共27层),2016年,板塔结合,149.5 万,27192 元,11,,,近地铁 | VR房源,https://sz.lianjia.com/ershoufang/105120327950.html,地铁 | VR房源,采光通风佳，业主诚心卖  配套齐全,深圳市华盛智地房地产开发有限公司。物业公司：深圳市金洪物业管理服务有限公司，小区24小时安保巡逻。小区内部配套：儿童游乐场，健身活动区，小区园林，商场等。,商场：天虹商场，为盛商场，农贸市场：龙华区医院 深圳市龙华新区慢性病防治.观澜医院竹村社区健康服务邮局：中国邮政 中国邮政 观澜邮政局银行：中国建设银行ATM 深圳市农村商.业银行ATM 中国农业银行ATM其他：格兰云天国际大酒店,地铁：4号线长湖站，公交;，福民影剧院;M337路M464路， 1经泗黎路与观光路，3个红绿灯到达梅观高速，梅观高速快速到达福田区； 2．通过观澜大道转机荷高速，可快速到达龙岗，宝安机场..,,,暂无数据,2025-04-08,商品房,商务公寓,暂无数据,非共有,无抵押,挂牌时间:2025-04-08 | 交易权属:商品房 | 上次交易:暂无数据 | 房屋用途:商务公寓 | 房屋年限:暂无数据 | 产权所属:非共有 | 抵押信息:无抵押 | 房本备件:未上传房本照片,客厅 / 22.55平米 / 无 / 未知窗户类型 ; 多功能间 / 3.06平米 / 无 / 无窗 ; 卧室A / 8.45平米 / 东 / 普通窗 ; 卧室B / 10.36平米 / 东 / 落地窗 ; 卧室C / 13.35平米 / 东 / 落地窗 ; 卫生间A / 2.6平米 / 无 / 无窗 ; 卫生间B / 2.73平米 / 无 / 无窗 ; 阳台 / 2.29平米 / 东 / 普通窗 ; 过道 / 5.27平米 / 无 / 无窗,
满五居住安静无遮挡交通便利配套成熟,"招商澜园 , 观澜",3室1厅,82.68平米,南,简装,低楼层(共25层),2010年,板塔结合,430 万,52008 元,1,,,近地铁 | VR看装修 | 房本满五年,https://sz.lianjia.com/ershoufang/105119253235.html,地铁 | VR看装修 | 房本满五年,满五居住安静无遮挡交通便利配套成熟,招商澜园建成2010年总共13栋，分2区南区和北区，物业费2.8元:总户数4582，车位比1:1.41，地下停车位物业管理费60元一个月本小区是低密小高层，社区人车分流，设有儿童游乐园，健身区草坪绿植，环境优美泳池以及会所。,,小区门口就有公交站，途径的公交线众多，有轨电车在小区门口文澜站，直接到达清湖地铁口4号线，观澜大桥直接可以上机荷高速，多条公交线路到达罗湖，福田楼下轻轨文澜站直达青湖地铁站，直达竹村地铁站1.1公里。,,,2018-01-16,2024-12-20,商品房,普通住宅,满五年,非共有,有抵押 70万元 公积金 业主自还,挂牌时间:2024-12-20 | 交易权属:商品房 | 上次交易:2018-01-16 | 房屋用途:普通住宅 | 房屋年限:满五年 | 产权所属:非共有 | 抵押信息:有抵押 70万元 公积金 业主自还 | 房本备件:已上传房本照片,客厅 / 28.87平米 / 南 / 落地窗 ; 卧室A / 9.3平米 / 无 / 未知窗户类型 ; 卧室B / 9平米 / 东 南 / 落地窗 ; 卧室C / 13.53平米 / 无 / 未知窗户类型 ; 厨房 / 6.02平米 / 东 / 落地窗 ; 卫生间 / 3.94平米 / 东 / 普通窗 ; 阳台 / 5.35平米 / 南 / 落地窗,
业主诚心出售，精装修三个阳台，视野开阔,"招商观园 , 观澜",4室1厅,163.4平米,南,简装,中楼层(共18层),2012年,塔楼,635 万,38862 元,1,,,VR看装修,https://sz.lianjia.com/ershoufang/105120551074.html,VR看装修,业主诚心出售，精装修三个阳台，视野开阔,招商观园地块位于深圳市宝安区观澜街道环观南路北侧，与观澜高新技术园区隔路相望，邻进梅观高速、机荷高速，占地147595.156平方米，主力产品为140-180㎡大户型和单证89平,南面是高兴科技园，北面是横坑滨水公园，税务局（1000米百度地图 观湖中 心公园（737米百度地图 医疗龙华医院（4600米百度地图测距龙华综合医院在建中3100米百度地图测距新科技园社区健康服务商场楼下佳又惠百货医院天虹（2400米百度地图测距,有轨电车站台，高新园西站（电车接驳地铁4号线清湖地铁口），公交线路：公交（观澜高新园站）M567、M264、313、E4路等，高速公路：机荷高速公路、梅观高速公路，交通方便。,,,暂无数据,2025-04-27,商品房,普通住宅,暂无数据,非共有,无抵押,挂牌时间:2025-04-27 | 交易权属:商品房 | 上次交易:暂无数据 | 房屋用途:普通住宅 | 房屋年限:暂无数据 | 产权所属:非共有 | 抵押信息:无抵押 | 房本备件:未上传房本照片,,
本人深耕观湖园10年 24小时看房方便发自内心喜欢,"观湖园 , 观澜",4室2厅,248平米,南,毛坯,1层,2012年,板楼,1600 万,64517 元,3,,,VR房源 | 随时看房,https://sz.lianjia.com/ershoufang/105112344514.html,VR房源 | 随时看房,满10年红本在手一线湖景看房24小时方便 花园280平 南北通可垂钓,小区是别墅小区，主要是叠拼，双拼，独栋，叠下带花园，叠上带天台，双拼有花园，有天台，独栋，就是独门独院临湖单证双拼，东南朝向，一线湖景，位于园区别墅中间位置，安静。客厅前后花园，侧面阶梯花园，带车库，地下室。实际使用面积约480平，花园20.,,,,,暂无数据,2022-12-28,商品房,别墅,暂无数据,非共有,无抵押,挂牌时间:2022-12-28 | 交易权属:商品房 | 上次交易:暂无数据 | 房屋用途:别墅 | 房屋年限:暂无数据 | 产权所属:非共有 | 抵押信息:无抵押 | 房本备件:未上传房本照片,客厅 / 69.99平米 / 西北 东北 / 落地窗 ; 卧室A / 14.9平米 / 西北 / 普通窗 ; 卧室B / 10.88平米 / 东南 / 普通窗 ; 卧室C / 15.57平米 / 东南 / 普通窗 ; 卧室D / 27.03平米 / 西北 / 普通窗 ; 卧室E / 16.7平米 / 东北 东南 / 落地窗 ; 厨房 / 9.8平米 / 东南 / 普通窗 ; 卫生间A / 3.15平米 / 无 / 无窗 ; 卫生间B / 4.57平米 / 无 / 无窗 ; 卫生间C / 6.74平米 / 东南 / 普通窗 ; 卫生间D / 10.67平米 / 东南 / 普通窗 ; 卫生间E / 4.62平米 / 西南 / 普通窗 ; 阳台A / 5.87平米 / 西北 东北 / 普通窗 ; 阳台B / 7.74平米 / 西北 东北 / 普通窗 ; 阳台C / 8平米 / 西南 东北 东南 / 普通窗 ; 阳台D / 8.52平米 / 西南 西北 东北 / 普通窗 ; 阳台E / 9.49平米 / 东北 东南 / 普通窗 ; 露台 / 84.08平米 / 西南 西北 东北 东南 / 普通窗 ; 车库 / 15.06平米 / 无 / 无窗 ; 地下室 / 81.44平米 / 西北 东北 / 落地窗 ; 楼梯间 / 7.37平米 / 无 / 无窗 ; 过道A / 9.74平米 / 无 / 无窗 ; 过道B / 6.87平米 / 无 / 无窗 ; 衣帽间 / 12.92平米 / 无 / 无窗,
4号线茜坑站，大4房诚意出售，小区配套成熟，环境优美,"美佳华首誉 , 观澜",4室2厅,135平米,东南,精装,低楼层(共29层),2013年,板塔结合,680 万,50371 元,1,,,近地铁 | VR房源,https://sz.lianjia.com/ershoufang/105114319589.html,地铁 | VR房源,大4房户型方正，装修很好，配套成熟，小区环境优美,美佳华首誉是集住宅、商务公寓一体的城市综合体。梅观快速、清平高速等，地铁4号线茜坑站200米左右 与深圳首条轻轨线交汇观澜站,"：
小区为观澜首创的一站式的集中体，包括：购物、餐饮、休闲、娱乐等多种业态小区出门合正一二三期 未来有品牌商家进驻，已确定品牌主力店人人乐、KFC、美佳华儿童乐园等品牌，未来会有影院、餐饮、娱乐等基本配套。苏宁电器、面点王、拾味馆、芳都酒..",地铁4号线上盖茜坑站出口200米左右，目前公交线路有10余路，出行方便,,,暂无数据,2023-07-23,商品房,普通住宅,暂无数据,非共有,有抵押 客户偿还,挂牌时间:2023-07-23 | 交易权属:商品房 | 上次交易:暂无数据 | 房屋用途:普通住宅 | 房屋年限:暂无数据 | 产权所属:非共有 | 抵押信息:有抵押 客户偿还 | 房本备件:未上传房本照片,客厅 / 38.17平米 / 北 南 / 落地窗 ; 卧室A / 15.46平米 / 南 / 普通窗 ; 卧室B / 13.06平米 / 无 / 未知窗户类型 ; 卧室C / 9.83平米 / 北 / 落地窗 ; 卧室D / 14.33平米 / 无 / 未知窗户类型 ; 厨房 / 5.32平米 / 北 / 普通窗 ; 洗手间 / 2.16平米 / 无 / 无窗 ; 卫生间A / 3.57平米 / 西 / 普通窗 ; 卫生间B / 3.53平米 / 南 / 普通窗 ; 阳台A / 5.36平米 / 西 东 南 / 普通窗 ; 阳台B / 5.14平米 / 西 东 南 / 普通窗 ; 过道 / 4.41平米 / 无 / 无窗 ; 门厅 / 4.92平米 / 无 / 无窗,
东南向 阳光充足 使用率高 满五唯一 无抵押,"福安雅园 , 观澜",3室2厅,89.34平米,东南,精装,低楼层(共34层),2015年,,258 万,28879 元,2,,,VR看装修,https://sz.lianjia.com/ershoufang/105119568261.html,VR看装修,东南向 阳光充足 使用率高 满五唯一 无抵押 中低楼层 低燥音,深圳标杆安居房大社区，14栋AB单元，目前居住人口上万，绿化专人管理，儿童游乐场，老人建身器材，篮球场，羽毛球场。,,大社区14栋分ABC区，东往福田会展公交站半小时，2刻钟上高速3个红绿灯，西公交站50米往公明，龙华，南向丰盛公交总站接轨4号线长湖地铁站，下楼20米。交通便利。,,,暂无数据,2025-02-04,商品房,普通住宅,暂无数据,非共有,有抵押,挂牌时间:2025-02-04 | 交易权属:商品房 | 上次交易:暂无数据 | 房屋用途:普通住宅 | 房屋年限:暂无数据 | 产权所属:非共有 | 抵押信息:有抵押 | 房本备件:未上传房本照片,客厅 / 25.16平米 / 无 / 无窗 ; 卧室A / 9.25平米 / 无 / 未知窗户类型 ; 卧室B / 9.43平米 / 无 / 未知窗户类型 ; 卧室C / 11.62平米 / 无 / 未知窗户类型 ; 厨房 / 3.99平米 / 无 / 无窗 ; 卫生间 / 3.15平米 / 无 / 无窗 ; 阳台A / 2.02平米 / 无 / 无窗 ; 阳台B / 4.3平米 / 无 / 无窗 ; 过道 / 2.18平米 / 无 / 无窗,
仁山别墅 满五年唯一 诚意出售 位置安静 精装修,"城建仁山智水花园一期 , 观澜",10室2厅,216.37平米,南,,低楼层(共1层),2015年,板楼,2690 万,124325 元,0,,,VR房源,https://sz.lianjia.com/ershoufang/105120964002.html,VR房源,此房满五年唯一 诚意出售 位置安静 精装修,仁山智水由深圳市城市建设开发公司开发，小区占地近20平，总建筑面积为557584.63㎡，住宅282053.6㎡，商铺5860㎡，幼儿园3500.08㎡，建筑主体包括95栋住宅楼，其中有83栋低多层住宅及8栋高层和4栋高层，住宅共1445户，车位3158个,龙华医院（4600米百度地图测距龙华综合医院在建中3100米百度地图测距新科技园社区健康服务购物商场楼下佳又惠百货医院天虹（2400米百度地图测距,公交（观澜高新园站）M517、M264、313、E4路等，出小区约100有轨电车站台（电车接驳地铁4号线清湖地铁口），高速公路：机荷高速公路、梅观高速公路，交通方便。以后规划的有22号地铁线可看规划图,,,暂无数据,2025-06-04,商品房,普通住宅,暂无数据,共有,有抵押 700万元,挂牌时间:2025-06-04 | 交易权属:商品房 | 上次交易:暂无数据 | 房屋用途:普通住宅 | 房屋年限:暂无数据 | 产权所属:共有 | 抵押信息:有抵押 700万元 | 房本备件:未上传房本照片,,
招商观园别墅区 奢装三房两厅复式 大百平米花园露台,"招商观园 , 观澜",3室2厅,85.22平米,东南,精装,低楼层(共3层),2012年,塔楼,650 万,76274 元,344,,,VR房源 | 房本满五年,https://sz.lianjia.com/ershoufang/105110620043.html,VR房源 | 房本满五年,此房居家奢装，次新房，多层结构顶复 带百平米露台花园,招商观园位于龙华区观澜街道环观南路北侧(观澜高新科技园站旁），是由深圳招商房地产有限公司规划、开发的小区，规划面积147595平方米，建筑面积222221平方米，小区由别墅 多层 小高层组成，容 积率1.5，居住舒适,医疗：龙华中 心医院（4600米百度地图测距），龙华综合医院（在建中3100米百度地图测距），新科技园社区健康服务中 心。购物：宝 地利商场（楼下），佳又惠百货医院，天虹（2400米百度地图测距）,公交线路：公交（观澜高新园站）M567、M264、313、E4路等，出小区约100米 有轨电车站台（电车接驳地铁4号线清湖地铁口），高速公路：机荷高速公路、梅观高速公路，交通方便。,,,2019-08-21,2022-05-28,商品房,普通住宅,满五年,共有,有抵押 250万元 客户偿还,挂牌时间:2022-05-28 | 交易权属:商品房 | 上次交易:2019-08-21 | 房屋用途:普通住宅 | 房屋年限:满五年 | 产权所属:共有 | 抵押信息:有抵押 250万元 客户偿还 | 房本备件:已上传房本照片,客厅 / 30.23平米 / 无 / 无窗 ; 卧室A / 12.86平米 / 东北 / 落地窗 ; 卧室B / 23.14平米 / 东北 / 落地窗 ; 卧室C / 21.5平米 / 西南 / 落地窗 ; 厨房 / 20.01平米 / 无 / 普通窗 ; 卫生间A / 4.6平米 / 无 / 无窗 ; 卫生间B / 4.47平米 / 无 / 无窗 ; 露台 / 17.15平米 / 东北 东南 / 普通窗 ; 露台A / 76.12平米 / 无 / 普通窗 ; 楼梯间 / 5.96平米 / 无 / 无窗 ; 衣帽间A / 3.8平米 / 无 / 无窗 ; 衣帽间B / 8.33平米 / 西南 / 普通窗,
招商澜园 方正大五房 高楼层视野开阔 看湿地公园,"招商澜园 , 观澜",1室1厅,63.26平米,东南,,高楼层(共17层),2010年,板塔结合,288 万,45527 元,2,,,近地铁 | VR房源 | 房本满五年,https://sz.lianjia.com/ershoufang/105117805902.html,地铁 | VR房源 | 房本满五年,满五税少 业主自住装修保养好 诚心出售,招商澜园位于深圳市宝安区观澜街道大和路与环观南路交汇处，地处政府规划发展的观澜新中间区，并成为深圳新的城市象征。低密度的大型高尚社区，小区拥有1500㎡会所、约6000㎡花园、泳池、自带幼儿园：小蜜蜂幼儿园 后面湿地公园,公建配套：观澜街道办 休闲区域：新世纪广场、观澜文化广场， 商场：设施天虹商场、比邻新天地，观澜河湿地公园距离小区近在咫尺。龙华区政府距离小区2公里，属于新区政府辐射范围内。项目：现聚集多家大品牌开发商在此拿地。,小区门口就有公交站，途径的公交线众多，有轨电车在小区门口文澜站，直接到达清湖地铁口，竹村地铁口 800米，观澜大桥直接可以上机荷高速，多条公交线路到达罗湖，福田,,,2011-08-15,2024-08-02,商品房,普通住宅,满五年,非共有,有抵押,挂牌时间:2024-08-02 | 交易权属:商品房 | 上次交易:2011-08-15 | 房屋用途:普通住宅 | 房屋年限:满五年 | 产权所属:非共有 | 抵押信息:有抵押 | 房本备件:已上传房本照片,客厅 / 29.97平米 / 东南 / 落地窗 ; 卧室 / 9.67平米 / 东南 / 落地窗 ; 卫生间 / 3.77平米 / 东南 / 普通窗 ; 阳台 / 9.18平米 / 东 东南 / 落地窗 ; 门厅 / 6.36平米 / 东南 / 落地窗,
业主诚心出售，89四房两卫，户型方正使用率高,"阳基御龙山 , 观澜",4室2厅,88.98平米,南,精装,31层,2017年,板塔结合,385 万,43269 元,0,,,VR房源,https://sz.lianjia.com/ershoufang/105114792153.html,VR房源,此房89做了四房，户型是很方正的，业主诚心出售,阳基御龙山位于福城办事处福前路南侧，为山水资源同享的高品质纯居项目，共922户，1、2、3、5栋为住宅,配套齐全，有比邻新天地、天虹商圈，观澜湖新城，购物、休闲、娱乐一应俱全；同时项目自带社区，生活便利,小区门口左转就是公交车站，悦兴围村口：b766路;m225路;m285路;m337路;m464路 距离港铁4号线延长线长湖站距离大概800米 日常交通出行方便,,,暂无数据,2023-09-13,商品房,普通住宅,暂无数据,非共有,有抵押 90万元 公积金,挂牌时间:2023-09-13 | 交易权属:商品房 | 上次交易:暂无数据 | 房屋用途:普通住宅 | 房屋年限:暂无数据 | 产权所属:非共有 | 抵押信息:有抵押 90万元 公积金 | 房本备件:未上传房本照片,客厅 / 27.42平米 / 无 / 未知窗户类型 ; 卧室A / 18.62平米 / 西 东 / 落地窗 ; 卧室B / 7.81平米 / 无 / 未知窗户类型 ; 卧室C / 6.11平米 / 无 / 未知窗户类型 ; 厨房 / 4.58平米 / 西 / 普通窗 ; 卫生间A / 3.2平米 / 东 / 落地窗 ; 卫生间B / 4.43平米 / 东 / 落地窗 ; 阳台 / 5.48平米 / 西 北 / 普通窗,
保养很好，拎包入住，花园安静位置，满五唯一163平,"招商观园 , 观澜",1室1厅,75.62平米,南 北,,中楼层(共18层),2012年,塔楼,340 万,44962 元,0,,,VR看装修 | 房本满五年,https://sz.lianjia.com/ershoufang/105115781068.html,VR看装修 | 房本满五年,保养很好，拎包入住，花园安静位置，满五唯一随时可看,招商观园地块位于深圳市宝安区观澜街道环观南路北侧，与观澜高新技术园区隔路相望，邻进梅观高速、机荷高速，占地147595.156平方米，招商观园2期将近期推出全新升级力作中.央园林湖景单位，主力产品为140-180㎡大户型和少量90平,医疗龙华医院（4600米百度地图测距龙华综合医院在建中3100米百度地图测距新科技园社区健康服务，购物宝利商场楼下佳又惠百货医院天虹（2400米百度地图测距,招商观园在环观南路(即观天大道)以北，梅观高速以东；邻梅观高速（已于2014年4月1日取消高速收费）、机荷高速，较近的公交站是观澜高新科技园、宝安高新技术园站，经过的路线有E4、772等。有轨电车高新科技园西站，高新园站，出行方便,,,2013-07-16,2024-01-05,商品房,普通住宅,满五年,非共有,无抵押,挂牌时间:2024-01-05 | 交易权属:商品房 | 上次交易:2013-07-16 | 房屋用途:普通住宅 | 房屋年限:满五年 | 产权所属:非共有 | 抵押信息:无抵押 | 房本备件:已上传房本照片,卧室 / 22.14平米 / 无 / 未知窗户类型 ; 卫生间 / 7.81平米 / 北 / 落地窗,
刚需好房，中森公园华府89平3房诚意出售，忍痛割爱,"中森公园华府 , 观澜",3室1厅,88.63平米,东南,精装,低楼层(共30层),2020年,板塔结合,350 万,39491 元,7,,,VR看装修,https://sz.lianjia.com/ershoufang/105115792961.html,VR看装修,次新房，户型方正，小区环境好，带公园,开发商为深圳中森，是以房地产为产业的企业，主要以珠三角地区和成渝地区为发展区域。 在深圳有几个住宅地产项目，为人熟知的应该是科技园片区华润城邻居的英伦名苑1-3期，以及龙岗的中森双子座。,项目位于龙华区观澜板块，观湖街道的东南方位。所在区域是深圳中轴北的产业，南接坂田天安云谷、龙华宝能科技城，东连平湖金融与现代服务业基地，西临观澜高新产业园， 北为观澜传统制造业聚集地带。项目西侧约1.6公里处为鹭湖科技文化片区，,距有轨电车1公里，接驳地铁：中森白鸽湖老村，位于环观南路，项目距离龙华有轨电车2号线的终点站下围站约1公里步行距离（百度地图测量，仅供参考），通过有轨电车接入深圳地铁轨道交通网络，目前已在地铁4号线清湖站接通，待2020年底4号线北延段开通后..,,,暂无数据,2024-01-06,商品房,普通住宅,暂无数据,非共有,有抵押,挂牌时间:2024-01-06 | 交易权属:商品房 | 上次交易:暂无数据 | 房屋用途:普通住宅 | 房屋年限:暂无数据 | 产权所属:非共有 | 抵押信息:有抵押 | 房本备件:未上传房本照片,客厅 / 24.72平米 / 西南 / 普通窗 ; 卧室A / 12.77平米 / 无 / 未知窗户类型 ; 卧室B / 8.91平米 / 西南 / 落地窗 ; 卧室C / 6.38平米 / 无 / 未知窗户类型 ; 厨房 / 5.92平米 / 东南 / 普通窗 ; 卫生间A / 3.64平米 / 东南 / 普通窗 ; 卫生间B / 3.38平米 / 无 / 无窗 ; 阳台 / 4.76平米 / 西南 东南 / 普通窗 ; 过道 / 3.14平米 / 无 / 无窗,
陶润懿峰 方正四房 业主自住装修保养好,"陶润懿峰 , 观澜",4室2厅,89.12平米,南,,中楼层(共32层),2016年,板楼,360 万,40395 元,2,,,近地铁 | VR房源,https://sz.lianjia.com/ershoufang/105118615272.html,地铁 | VR房源,高楼层采光通风好，视野开阔无遮挡,2017年2月1日精装交楼，小区很新。观澜河湿地公园就在小区旁边，车库出入口有新建一个公园环境优美，居民都喜欢在河边散步。龙华区政府就在小区北面,观澜天虹 ，福城天虹 医院：观澜人民医院 邮局：中国邮政大和支局 银行：中国银行、工商银行、招商银行、农业银行、建设银行 其他：人民公园、新世纪广场。,小区门口就有公交站，途径的公交线众多，有轨电车在小区门口文澜站，直接到达清湖地铁口，观澜大桥直接可以上机荷高速，多条公交线路到达罗湖，福田,,,暂无数据,2024-10-17,商品房,普通住宅,暂无数据,非共有,有抵押,挂牌时间:2024-10-17 | 交易权属:商品房 | 上次交易:暂无数据 | 房屋用途:普通住宅 | 房屋年限:暂无数据 | 产权所属:非共有 | 抵押信息:有抵押 | 房本备件:未上传房本照片,客厅 / 21.03平米 / 西南 / 普通窗 ; 卧室A / 6.57平米 / 西南 / 落地窗 ; 卧室B / 8.21平米 / 无 / 未知窗户类型 ; 卧室C / 11.41平米 / 西南 / 落地窗 ; 卧室D / 4.92平米 / 无 / 未知窗户类型 ; 厨房 / 3.69平米 / 东北 / 普通窗 ; 卫生间 / 6.37平米 / 东北 / 普通窗 ; 阳台 / 2.19平米 / 西南 / 普通窗 ; 过道 / 4.6平米 / 无 / 无窗,
澜园中高楼层，小户型业主诚心卖,"招商澜园 , 观澜",2室1厅,52.12平米,南,,中楼层(共25层),2010年,板塔结合,228 万,43746 元,1,,,VR房源,https://sz.lianjia.com/ershoufang/105116450165.html,VR房源,满五不唯一，中高楼层采光视野都不错，装修保养好，欢迎约看,本小区车位充足，人车分流，花园大配备儿童幼儿园，运动健身设施，阳光草坪等绿意盎然，24小时安保服务，舒适宜居，旁边就是观澜河湿地公园。,,,,,暂无数据,2024-03-23,商品房,普通住宅,暂无数据,非共有,有抵押 客户偿还,挂牌时间:2024-03-23 | 交易权属:商品房 | 上次交易:暂无数据 | 房屋用途:普通住宅 | 房屋年限:暂无数据 | 产权所属:非共有 | 抵押信息:有抵押 客户偿还 | 房本备件:未上传房本照片,客厅 / 11.89平米 / 南 / 普通窗 ; 卧室A / 14.59平米 / 南 / 落地窗 ; 卧室B / 6.4平米 / 无 / 无窗 ; 厨房 / 6.8平米 / 南 / 落地窗 ; 卫生间 / 2.94平米 / 南 / 普通窗,
精装三房，正南向，看花园全景，满五唯一，拎包入水。,"金地鹭湖1号 , 观澜",3室2厅,88.94平米,南,,高楼层(共16层),2015年,塔楼,373 万,41939 元,13,,,VR看装修 | 随时看房,https://sz.lianjia.com/ershoufang/105113170664.html,VR看装修 | 随时看房,精装三房，正南向，无遮挡视野开阔，满五唯一税费少。,金地鹭湖1号，位于龙华区观澜街道梅观高速与环观南路交汇处。 鹭湖国际住区项目，主打户型产品：建面89平3房2卫。还有少量137平4房2卫，及190平复式。 项目占地面积约91197.68平方米，总建筑面积约164150平方米。,,轨道交通：有轨电车站台，高新园西站（电车接驳地铁4号线清湖地铁口），公交线路：公交（观澜高新园站）M567、M264、313、E4路等，高速公路：机荷高速公路、梅观高速公路，交通方便。,,,暂无数据,2023-03-28,商品房,普通住宅,暂无数据,非共有,有抵押 330万元,挂牌时间:2023-03-28 | 交易权属:商品房 | 上次交易:暂无数据 | 房屋用途:普通住宅 | 房屋年限:暂无数据 | 产权所属:非共有 | 抵押信息:有抵押 330万元 | 房本备件:未上传房本照片,客厅 / 26.71平米 / 南 / 普通窗 ; 卧室A / 9.68平米 / 南 / 普通窗 ; 卧室B / 7.72平米 / 无 / 未知窗户类型 ; 卧室C / 12.67平米 / 无 / 未知窗户类型 ; 厨房 / 5.06平米 / 南 / 普通窗 ; 卫生间A / 3.23平米 / 东 / 普通窗 ; 卫生间B / 3.12平米 / 西 / 普通窗 ; 阳台 / 3.46平米 / 西 南 / 普通窗,
宁静宜居，私享小院，懿花园精装复式,"懿花园 , 观澜",3室2厅,89平米,东南,精装,低楼层(共10层),2014年,板楼,500 万,56180 元,2,,,VR房源 | 房本满五年,https://sz.lianjia.com/ershoufang/105116904554.html,VR房源 | 房本满五年,此房满五年唯一 居家精装 复式洋房 带小院,和黄懿花园也叫盈峰翠邸，由和记黄埔地产(深圳)有限公司开发，位于横坑水库。项目规划为地上建筑4-10层，地下2层，共59栋建筑(其中57栋住宅，2所幼儿园，及公建以地下室形式布置于地块南端)。 机动车位：600个；高层地库车位385个，多层地库车位200个,,公交（宝安高新科技园、观澜高新科技园）794、331、517、286、E4路等，出小区就是有轨电车站台，高速公路：机荷高速公路、梅观高速公路，交通方便。,,,2008-01-01,2024-05-06,商品房,普通住宅,满五年,非共有,有抵押,挂牌时间:2024-05-06 | 交易权属:商品房 | 上次交易:2008-01-01 | 房屋用途:普通住宅 | 房屋年限:满五年 | 产权所属:非共有 | 抵押信息:有抵押 | 房本备件:已上传房本照片,客厅 / 24.16平米 / 无 / 落地窗 ; 书房 / 6.85平米 / 无 / 落地窗 ; 卧室A / 9.41平米 / 无 / 落地窗 ; 卧室B / 6.59平米 / 无 / 落地窗 ; 卧室C / 14.88平米 / 无 / 落地窗 ; 厨房 / 4.59平米 / 无 / 无窗 ; 卫生间A / 3.33平米 / 无 / 无窗 ; 卫生间B / 4.19平米 / 无 / 无窗 ; 阳台 / 1.97平米 / 无 / 落地窗 ; 储物间 / 5.94平米 / 无 / 落地窗 ; 过道 / 4.74平米 / 无 / 普通窗,
万科九龙山 4室1厅 南,"万科九龙山 , 观澜",4室1厅,124平米,南,,低楼层(共33层),2016年,板楼,530 万,42742 元,0,,25天以前发布,VR房源,https://sz.lianjia.com/ershoufang/105122107779.html,VR房源,,,,,,,暂无数据,2025-09-12,商品房,普通住宅,暂无数据,非共有,无抵押,挂牌时间:2025-09-12 | 交易权属:商品房 | 上次交易:暂无数据 | 房屋用途:普通住宅 | 房屋年限:暂无数据 | 产权所属:非共有 | 抵押信息:无抵押 | 房本备件:未上传房本照片,客厅 / 31.59平米 / 东南 / 普通窗 ; 卧室A / 10.1平米 / 无 / 未知窗户类型 ; 卧室B / 9.38平米 / 无 / 未知窗户类型 ; 卧室C / 8.73平米 / 无 / 未知窗户类型 ; 卧室D / 15.64平米 / 东北 东南 / 落地窗 ; 厨房 / 5.82平米 / 无 / 未知窗户类型 ; 卫生间A / 3.16平米 / 西北 / 普通窗 ; 卫生间B / 4.16平米 / 西北 / 普通窗 ; 阳台 / 8.98平米 / 东北 东南 / 普通窗 ; 过道 / 2.7平米 / 无 / 无窗 ; 门厅 / 2.92平米 / 无 / 无窗,
高楼层 视野开阔 满五税少 价格好谈 看房方便,"金地鹭湖1号 , 观澜",3室2厅,88.73平米,东北,精装,高楼层(共16层),2015年,塔楼,403 万,45419 元,0,,,VR房源 | 随时看房,https://sz.lianjia.com/ershoufang/105116440595.html,VR房源 | 随时看房,户型好  精装三房   满五年  红本,鹭湖1号位于龙华区观澜街道梅观高速与环观南路交汇处;鹭湖国际住区项目主打户型产品：建面89㎡三房。 项目占地面积约91197.68平方米，总建筑面积约164150平方米。,,多维立体城市干道:环观南路直通平湖，梅观高速直达福田，北通东莞，沈海高速连接深圳前海以及东部坪山以及惠州，潮汕。 龙华有轨电车无缝接驳地铁4号线清湖站。,,,暂无数据,2024-03-22,商品房,普通住宅,暂无数据,非共有,有抵押 300万元,挂牌时间:2024-03-22 | 交易权属:商品房 | 上次交易:暂无数据 | 房屋用途:普通住宅 | 房屋年限:暂无数据 | 产权所属:非共有 | 抵押信息:有抵押 300万元 | 房本备件:未上传房本照片,客厅 / 25.75平米 / 南 / 落地窗 ; 卧室A / 12.96平米 / 无 / 未知窗户类型 ; 卧室B / 8.78平米 / 无 / 未知窗户类型 ; 卧室C / 10.6平米 / 南 / 落地窗 ; 厨房 / 3.49平米 / 东 / 普通窗 ; 卫生间A / 3.23平米 / 东 / 普通窗 ; 卫生间B / 4.48平米 / 北 / 普通窗 ; 阳台 / 3.84平米 / 南 / 落地窗 ; 过道 / 3.15平米 / 无 / 无窗,
南北通透，享大阳台，一楼花园房，四房双卫,"格澜郡二期 , 观澜",4室2厅,95.8平米,南 北,精装,低楼层(共18层),2007年,板塔结合,514 万,53654 元,0,,,近地铁 | VR房源,https://sz.lianjia.com/ershoufang/105116263829.html,地铁 | VR房源,不满五年，四房两卫，有欠款。带80平花园。,小区由中航开发，由30多栋小高层住宅组成，主力户型为70平至140平三房和143平至175平四房。,大和世纪广场，观澜河湿地走廊，观澜天虹商场，格澜郡步行街，福城天虹商场，格兰云天酒店,有轨电车世纪广场站，地铁茜坑站，公交车观澜天虹站，格澜郡站，沈海高速龙华北入口，梅观高速观澜入口,,,暂无数据,2024-03-06,商品房,普通住宅,暂无数据,非共有,有抵押 290万元,挂牌时间:2024-03-06 | 交易权属:商品房 | 上次交易:暂无数据 | 房屋用途:普通住宅 | 房屋年限:暂无数据 | 产权所属:非共有 | 抵押信息:有抵押 290万元 | 房本备件:未上传房本照片,客厅 / 30.48平米 / 北 南 / 落地窗 ; 卧室A / 9.07平米 / 东 南 / 落地窗 ; 卧室B / 12.89平米 / 无 / 未知窗户类型 ; 卧室C / 10.62平米 / 无 / 未知窗户类型 ; 卧室D / 8.64平米 / 无 / 未知窗户类型 ; 厨房 / 5.58平米 / 无 / 无窗 ; 卫生间A / 3.26平米 / 西北 / 落地窗 ; 卫生间B / 3.44平米 / 南 / 落地窗 ; 阳台 / 7.68平米 / 东 南 / 落地窗 ; 储物间 / 4.46平米 / 无 / 无窗 ; 过道 / 2.33平米 / 无 / 无窗 ; 门厅 / 6平米 / 无 / 无窗,
高楼层，精装修，保养好，红本在手，,"观澜湖 , 观澜",2室1厅,106平米,西北,,中楼层(共11层),,板楼,230 万,21699 元,2,,,VR房源,https://sz.lianjia.com/ershoufang/105121732862.html,VR房源,观澜湖精装修住宅一线高尔夫景观满五年保养好,"观澜湖已经形成国际高尔夫别墅住区，把背景相同、事业有成的人士聚集在一起，创	
造出生活与事业的平台。在10多平方公里的绿色王国上，建筑覆盖率不到1%，属于纯粹的高尔夫球场中/央物业，完全被球道环/绕，从住宅的任何一个角度，都可以观赏到绿色的景观。","小区南门50亿观澜湖新城，观澜湖生态体育公园，观澜天虹商场，兴万达商场等，龙	
华人民医/院，塘厦人民医/院，小区内有会所/游泳池/健身房/高尔夫业主练习场/穿梭巴士等免费使用。",,,,暂无数据,2025-08-09,商品房,普通住宅,暂无数据,非共有,无抵押,挂牌时间:2025-08-09 | 交易权属:商品房 | 上次交易:暂无数据 | 房屋用途:普通住宅 | 房屋年限:暂无数据 | 产权所属:非共有 | 抵押信息:无抵押 | 房本备件:未上传房本照片,客厅 / 34.71平米 / 北 / 落地窗 ; 卧室A / 12平米 / 北 / 普通窗 ; 卧室B / 8.44平米 / 南 / 普通窗 ; 厨房 / 4.76平米 / 南 / 普通窗 ; 卫生间A / 4平米 / 南 / 落地窗 ; 卫生间B / 3.31平米 / 无 / 无窗 ; 阳台A / 12.4平米 / 西 北 东 南 / 普通窗 ; 阳台B / 2.1平米 / 南 / 普通窗 ; 阳台C / 2.61平米 / 西 东 南 / 普通窗,
大大大院子 买三房得六房 朝南精装,"招商观园 , 观澜",3室2厅,88.73平米,西南,精装,低楼层(共18层),2012年,塔楼,620 万,69875 元,1,,,VR看装修,https://sz.lianjia.com/ershoufang/105120319616.html,VR看装修,税费各付，大院子，买三房得六房,招商观园地块位于深圳市宝安区观澜街道环观南路北侧，与观澜高新技术园区隔路相望，邻进梅观高速、机荷高速，占地147595.156平方米，招商观园2期将近期推出全新升级力作中.央园林湖景单位，主力产品为140-180㎡大户型和少量89平,,公交线路：公交（观澜高新园站）M567、M264、313、E4路等，出小区约50米 有轨电车站台（电车接驳地铁4号线清湖地铁口），高速公路：机荷高速公路、梅观高速公路，交通方便。,,,暂无数据,2025-04-07,商品房,普通住宅,暂无数据,非共有,无抵押,挂牌时间:2025-04-07 | 交易权属:商品房 | 上次交易:暂无数据 | 房屋用途:普通住宅 | 房屋年限:暂无数据 | 产权所属:非共有 | 抵押信息:无抵押 | 房本备件:未上传房本照片,客厅 / 32.24平米 / 南 / 落地窗 ; 书房 / 5.63平米 / 无 / 无窗 ; 卧室A / 6.8平米 / 无 / 无窗 ; 卧室B / 15.49平米 / 无 / 无窗 ; 卧室C / 8.41平米 / 无 / 未知窗户类型 ; 厨房 / 5.62平米 / 无 / 无窗 ; 卫A / 2.65平米 / 西 / 普通窗 ; 卫生间B / 3.22平米 / 南 / 普通窗 ; 储物间 / 2.24平米 / 无 / 无窗 ; 过道 / 3.29平米 / 无 / 无窗,
格澜郡经典户型、满五税少、也在诚心出,"格澜郡二期 , 观澜",4室2厅,145.55平米,南 北,精装,低楼层(共18层),2007年,板塔结合,550 万,37788 元,0,,,近地铁 | VR看装修,https://sz.lianjia.com/ershoufang/105121771538.html,地铁 | VR看装修,满五税少、业主诚心出、中间好楼层、使用率高,中航格澜郡位于深圳龙华新区观澜，东临大和路，西临沿河路，南起环观南路，北至工业大道。其北面即为观澜世纪广场与文化艺术场所，与观澜街道办仅一河之隔，可谓是尊贵地段，尽享观澜政治、文化、商 业的优势。整个小区为苏格兰风情大社区。,综合商场：天虹商场、福城天虹、民乐福购物场所 医院：观澜人民医院 邮局：观澜邮局 银行：农业银行，浦发银行，建设银行，中国工商银行 其他：文化艺术场所、体育活动场所,"深圳中航格澜郡公交站，途径中航格澜郡公交站的有B652路、B693路、M264路等6条公交线路.深圳中航格澜郡有7个公交站,分别是大和路口(157米),安佳工业园(193米),观澜天虹商场(419米),富士施乐(470米),格兰云天酒店(569米)等。另轻轨已经开通，出行更加方便。",,,暂无数据,2025-08-13,商品房,普通住宅,暂无数据,非共有,无抵押,挂牌时间:2025-08-13 | 交易权属:商品房 | 上次交易:暂无数据 | 房屋用途:普通住宅 | 房屋年限:暂无数据 | 产权所属:非共有 | 抵押信息:无抵押 | 房本备件:未上传房本照片,,
满五唯一，红本在手。高实用率，楼层好，视野好！,"阳基御龙山 , 观澜",3室2厅,78.2平米,东南,精装,31层,2018年,板塔结合,260 万,33249 元,3,,,VR看装修,https://sz.lianjia.com/ershoufang/105121176110.html,VR看装修,满五唯一，红本在手。高实用率，楼层好，视野好！,小区围合式布局，范围大，绿化面积大，有幼儿园、游泳池等居住配套，旁边有绿道及小公园，饭后散步无需走远。,九龙山体育公园步行500米，龙华医院约800米，到地铁4号线长湖站约500米。龙华第三外国语和福城实验均在500米距离左右。,,,,暂无数据,2025-06-22,商品房,普通住宅,暂无数据,非共有,无抵押,挂牌时间:2025-06-22 | 交易权属:商品房 | 上次交易:暂无数据 | 房屋用途:普通住宅 | 房屋年限:暂无数据 | 产权所属:非共有 | 抵押信息:无抵押 | 房本备件:未上传房本照片,,
视野开阔，花园心静谧，舒适安家,"招商观园 , 观澜",3室2厅,88.9平米,南,精装,中楼层(共18层),2012年,塔楼,385 万,43308 元,2,,,VR房源,https://sz.lianjia.com/ershoufang/105116462128.html,VR房源,花园中间位置，安静舒适，视野好,招商观园位于龙华区观澜街道环观南路北侧(观澜高新科技园站旁），是由深圳招商房地产有限公司规划、开发的小区，规划面积147595平方米，建筑面积222221平方米，小区由别墅 多层 小高层组成，容 积率1.5，居住舒适,龙华医院（4600米百度地图测距龙华综合医院在建中3100米百度地图测距新科技园社区健康服务购物商场楼下佳又惠百货医院天虹（2400米百度地图测距,,,,暂无数据,2024-03-24,商品房,普通住宅,暂无数据,非共有,有抵押 210万元 中国银行 客户偿还,挂牌时间:2024-03-24 | 交易权属:商品房 | 上次交易:暂无数据 | 房屋用途:普通住宅 | 房屋年限:暂无数据 | 产权所属:非共有 | 抵押信息:有抵押 210万元 中国银行 客户偿还 | 房本备件:未上传房本照片,客厅 / 26.28平米 / 东南 / 普通窗 ; 卧室A / 17.81平米 / 无 / 未知窗户类型 ; 卧室B / 9.68平米 / 西南 / 落地窗 ; 卧室C / 10.8平米 / 无 / 未知窗户类型 ; 厨房 / 3.83平米 / 无 / 无窗 ; 卫生间 / 3.69平米 / 无 / 无窗 ; 阳台 / 4.85平米 / 东南 / 普通窗 ; 门厅 / 9.14平米 / 西南 / 落地窗,
城建仁山智水花园一期 4室1厅 南,"城建仁山智水花园一期 , 观澜",4室1厅,109.19平米,南,,中楼层(共29层),2015年,塔楼,818 万,74916 元,1,,22天以前发布,VR看装修,https://sz.lianjia.com/ershoufang/105122142223.html,VR看装修,,,,,,,暂无数据,2025-09-15,商品房,普通住宅,暂无数据,非共有,有抵押 银行,挂牌时间:2025-09-15 | 交易权属:商品房 | 上次交易:暂无数据 | 房屋用途:普通住宅 | 房屋年限:暂无数据 | 产权所属:非共有 | 抵押信息:有抵押 银行 | 房本备件:未上传房本照片,,
鹏瑞  2024年新交楼  方正三房 业主诚心出售 安静不吵,"鹏瑞·颐璟府 , 观澜",3室2厅,89.62平米,东南,精装,低楼层(共33层),2024年,塔楼,370 万,41286 元,6,,,VR看装修,https://sz.lianjia.com/ershoufang/105119659304.html,VR看装修,满两年税费少 户型方正无遮挡 通风采光好,鹏瑞颐璟府鹏瑞颐璟府联合 AUBE（欧博）建筑设计及园林景观设计，以三重叠景院落、三重门第礼序、三重会客厅、50余种花木，打造“推窗见景、出门见绿”的生活场景。社区房源量相对大，其选择面也相对广，可满足多层次的置业需求。,综合医院（在建）、图书馆（在建）、群艺馆（在建）、大剧院（在建）等区级配套；横坑滨水公园（在建）、石皮山公园（在建）等城市生态场地；,,,,暂无数据,2025-02-12,商品房,普通住宅,暂无数据,非共有,无抵押,挂牌时间:2025-02-12 | 交易权属:商品房 | 上次交易:暂无数据 | 房屋用途:普通住宅 | 房屋年限:暂无数据 | 产权所属:非共有 | 抵押信息:无抵押 | 房本备件:未上传房本照片,客厅 / 22.98平米 / 东 / 普通窗 ; 卧室A / 8.02平米 / 无 / 未知窗户类型 ; 卧室B / 13.05平米 / 无 / 未知窗户类型 ; 卧室C / 6.57平米 / 东 / 普通窗 ; 厨房 / 4.73平米 / 南 / 普通窗 ; 卫生间A / 4.03平米 / 西 / 落地窗 ; 卫生间B / 3.16平米 / 南 / 普通窗 ; 阳台 / 6.78平米 / 东 / 普通窗 ; 过道 / 3.63平米 / 无 / 无窗,
复式公寓，居住舒适，两房两卫格局，税费低,"陶润懿峰 , 观澜",2室1厅,52平米,北,精装,中楼层(共7层),2016年,塔楼,188 万,36154 元,7,,,近地铁 | VR房源,https://sz.lianjia.com/ershoufang/105116063543.html,地铁 | VR房源,复式公寓，居住舒适，三房两卫格局，税费低,2016年3月左右，精装交楼小区很新，观澜河湿地公园就在小区旁边车库出入口有新建一个公园，环境优美，居民都喜欢在河边散步，龙华区政府就在小区北面,观澜天虹，福城天虹。医院：龙华观澜医院，新建有一个观澜综合人民医院，银行：中国邮政大河支局，中国银行，工商银行，招商银行农业银行，建设银行，休闲娱乐：人民公园，新世纪广场，湿地公园,小区门口就有公交站，途经的公交线众多，多条线路到达福田，罗湖。正大门左边有轨道电车在小区门口，文澜站直到清湖地铁口，观澜大桥可以直接上济河高速，正大门右边700米竹村地铁口。,,,暂无数据,2024-02-20,商品房,普通住宅,暂无数据,非共有,有抵押,挂牌时间:2024-02-20 | 交易权属:商品房 | 上次交易:暂无数据 | 房屋用途:普通住宅 | 房屋年限:暂无数据 | 产权所属:非共有 | 抵押信息:有抵押 | 房本备件:未上传房本照片,客厅 / 21.19平米 / 北 / 落地窗 ; 卧室A / 9.35平米 / 北 / 落地窗 ; 卧室B / 7.91平米 / 北 / 落地窗 ; 厨房 / 4.6平米 / 北 / 普通窗 ; 卫生间A / 2.97平米 / 无 / 无窗 ; 卫生间B / 4.61平米 / 无 / 无窗 ; 阳台 / 1.95平米 / 北 / 普通窗 ; 过道 / 11.31平米 / 无 / 无窗,
招商观园 3室1厅 南,"招商观园 , 观澜",3室1厅,88.92平米,南,简装,低楼层(共18层),2012年,塔楼,395 万,44422 元,0,,,VR房源 | 房本满五年,https://sz.lianjia.com/ershoufang/105121352827.html,VR房源 | 房本满五年,,,,,,,2016-01-28,2025-07-06,商品房,普通住宅,满五年,非共有,有抵押 金融公司垫资,挂牌时间:2025-07-06 | 交易权属:商品房 | 上次交易:2016-01-28 | 房屋用途:普通住宅 | 房屋年限:满五年 | 产权所属:非共有 | 抵押信息:有抵押 金融公司垫资 | 房本备件:已上传房本照片,,
纯别墅区 少有户型 地面三层 实用高带花园 户型方正,"观湖园 , 观澜",4室2厅,167.31平米,东南,,低楼层(共4层),2012年,板楼,875 万,52299 元,6,,,VR房源,https://sz.lianjia.com/ershoufang/105111621753.html,VR房源,纯别墅区 少有户型 地面三层 实用高有花园 户型方正,观湖园项目位于龙华新区观澜镇，邻近梅观高速公路，在梅观高速观澜出口。小区占地面积：37.6弯平方米，容积低，绿化高，东南亚园林景观设计。双拼跟独栋管理费是6.5平米，叠拼的管理费是4.95平米，小区安保严密，24小时巡逻监控,小区南门200米，有菜市场，商场能满足日常所需；距离观澜湖新城约5公 里，观澜湖新城是大型的SHOPING MALL，一系列品牌都已进驻，购物娱乐 都相当方便；距离观澜人民医院及伟光医院约6公里。,观湖园别墅小区邻近梅观高速公路，距离梅观高速观澜出口约1.5公里，去南山约33公里，罗湖约30公里，福田约28公里，交通如此便利的接轨市内生活圈。到观澜汽车站和观澜湖新城约五公里，观澜湖新城是大型的Shoig Mll，交通出行娱乐购物也是相当方便,,,暂无数据,2022-09-26,商品房,普通住宅,暂无数据,非共有,有抵押,挂牌时间:2022-09-26 | 交易权属:商品房 | 上次交易:暂无数据 | 房屋用途:普通住宅 | 房屋年限:暂无数据 | 产权所属:非共有 | 抵押信息:有抵押 | 房本备件:未上传房本照片,客厅 / 47.54平米 / 北 东 / 普通窗 ; 卧室A / 10.68平米 / 无 / 落地飘窗 ; 卧室B / 22.5平米 / 无 / 落地飘窗 ; 卧室C / 9.59平米 / 无 / 落地窗 ; 厨房 / 6.45平米 / 东 / 普通窗 ; 卫生间A / 5.4平米 / 南 / 普通窗 ; 卫生间B / 3.98平米 / 无 / 普通窗 ; 卫生间C / 16.3平米 / 无 / 普通窗 ; 阳台 / 8.76平米 / 西 北 东 / 普通窗 ; 储物间 / 4.01平米 / 无 / 无窗 ; 地下室 / 86.95平米 / 无 / 普通窗 ; 过道A / 11.73平米 / 无 / 未知窗户类型 ; 过道B / 10.64平米 / 无 / 普通窗,
仁山303平 大平层 视野无遮挡 南北通透,"城建仁山智水花园三期 , 观澜",4室2厅,303.57平米,南 北,,低楼层(共41层),2015年,板楼,1600 万,52707 元,0,,,VR房源,https://sz.lianjia.com/ershoufang/105111364537.html,VR房源,此房满五年税费少，小区中间安静不吵，楼层好，视野开阔,城建仁山智水花园位于鹭湖国际住枢地段，深圳市宝安区观澜街道环观南路北侧，东临富安路，南望观澜高新技术园，地处政府规划发展的观澜新区，小区由高层，洋房，上下叠加别墅，联排别墅组成， 毛坯交房 ，总共1445户，车位3150,配套完善；离小区七公里有观澜湖新城，观澜湖新城是观澜湖集团花费50亿打造的大型购物娱乐综合商城，距离观澜天虹商场2.5公里，距离鹭湖社康中 心800米。环观南路已开通有轨电车，接驳清湖地铁站。,社区位于环观南路以北，梅观高速以东；梅观高速、机荷高速，轻轨站是科技园东、宝安高新技术园站，经过的路线有E4、772等。,,,暂无数据,2022-08-29,商品房,普通住宅,暂无数据,共有,无抵押,挂牌时间:2022-08-29 | 交易权属:商品房 | 上次交易:暂无数据 | 房屋用途:普通住宅 | 房屋年限:暂无数据 | 产权所属:共有 | 抵押信息:无抵押 | 房本备件:未上传房本照片,客厅 / 85.37平米 / 南 / 普通窗 ; 卧室A / 12.06平米 / 北 / 普通窗 ; 卧室B / 18.37平米 / 无 / 未知窗户类型 ; 卧室C / 34.67平米 / 无 / 未知窗户类型 ; 厨房 / 9.55平米 / 北 / 普通窗 ; 卫生间A / 7.8平米 / 北 / 普通窗 ; 卫生间B / 8.34平米 / 东 / 落地窗 ; 卫生间C / 15.3平米 / 东 / 落地窗 ; 阳台A / 61.35平米 / 北 / 普通窗 ; 阳台B / 11.44平米 / 无 / 无窗 ; 阳台C / 17.05平米 / 东 南 / 普通窗 ; 阳台D / 16.8平米 / 北 东 / 落地窗 ; 储物间A / 4.49平米 / 无 / 无窗 ; 储物间B / 12.7平米 / 南 / 落地窗,
华盛观荟 看小区安静不吵 业主急售,"华盛观荟名庭 , 观澜",3室2厅,79.39平米,南,,中楼层(共32层),2016年,板塔结合,350 万,44087 元,3,,,近地铁 | VR房源,https://sz.lianjia.com/ershoufang/105114893200.html,地铁 | VR房源,满五年税费少，通透户型通风采光好。,小区分两期开发，一期由公寓和住宅，二期三栋住宅。小区一期楼下是商 业，三楼是空中花园，三楼以上是住宅，一共有二栋一栋是公寓二栋是住宅，二期的小户型是2018年下半年才精装交房，次新房，居住舒适，二期自带泳池和园林,商场：楼下就是购物广场，以及天虹、人人乐，比邻新天地医院：观澜人民医院 深圳市龙华新区慢性病防治.观澜医院竹村社区健康服务邮局：中国邮政 中国邮政 观澜邮政局银行：中国建设银行，深圳市农村商.业银行。中国农业银行等，以及格兰云天酒店,公交;，福民影剧院;M337路M464路， 1经泗黎路与观光路，3个红绿灯到达梅观高速，梅观高速快速到达福田区； 2．通过观澜大道转机荷高速，可快速到达龙岗，宝安机场等等，出行方便。4号地铁离小区仅500米，换乘到深圳各区,,,暂无数据,2023-09-24,商品房,普通住宅,暂无数据,非共有,有抵押,挂牌时间:2023-09-24 | 交易权属:商品房 | 上次交易:暂无数据 | 房屋用途:普通住宅 | 房屋年限:暂无数据 | 产权所属:非共有 | 抵押信息:有抵押 | 房本备件:未上传房本照片,客厅 / 23.54平米 / 东南 / 普通窗 ; 卧室A / 5.44平米 / 东北 / 普通窗 ; 卧室B / 12.35平米 / 无 / 未知窗户类型 ; 卧室C / 10.39平米 / 无 / 未知窗户类型 ; 厨房 / 4.57平米 / 东南 / 普通窗 ; 卫生间 / 4.59平米 / 西北 / 普通窗 ; 阳台 / 3.56平米 / 西南 东北 东南 / 普通窗 ; 储物间 / 2.42平米 / 无 / 无窗,
懿花园 方正三房 小区中间安静不吵,"懿花园 , 观澜",3室2厅,89.44平米,北,,中楼层(共10层),2014年,板楼,445 万,49755 元,0,,,VR看装修,https://sz.lianjia.com/ershoufang/105119504128.html,VR看装修,此房满五年税费少，视野开阔无遮挡！,和黄懿花园也叫盈峰翠邸，由和记黄埔地产(深圳)有限公司开发，位于横坑水库。项目规划为地上建筑4-10层，地下2层，共59栋建筑(其中57栋住宅，2所幼儿园，及公建以地下室形式布置于地块南端)。 机动车位：600个；高层地库车位385个，多层地库车位200个,医疗龙华医院（4600米百度地图测距龙华综合医院在建中3100米百度地图测距新科技园社区健康服务购物商场楼下佳又惠百货医院天虹（2400米百度地图测,公交线路：公交（宝安高新科技园、观澜高新科技园）794、627、663、668、866路等，出小区就是有轨电车站台，高速公路：机荷高速公路、梅观高速公路，交通方便。,,,暂无数据,2025-01-16,商品房,普通住宅,暂无数据,非共有,有抵押,挂牌时间:2025-01-16 | 交易权属:商品房 | 上次交易:暂无数据 | 房屋用途:普通住宅 | 房屋年限:暂无数据 | 产权所属:非共有 | 抵押信息:有抵押 | 房本备件:未上传房本照片,客厅 / 22.75平米 / 东北 / 普通窗 ; 卧室A / 6.67平米 / 无 / 未知窗户类型 ; 卧室B / 7.37平米 / 无 / 未知窗户类型 ; 卧室C / 14.96平米 / 无 / 未知窗户类型 ; 厨房 / 5.24平米 / 西北 / 普通窗 ; 卫生间A / 3.55平米 / 无 / 普通窗 ; 卫生间B / 3.37平米 / 西南 / 普通窗 ; 阳台A / 5.61平米 / 西北 东北 / 普通窗 ; 阳台B / 4.88平米 / 西南 / 普通窗 ; 阳台C / 4.76平米 / 西北 / 普通窗 ; 过道 / 3.53平米 / 无 / 无窗,
近华为富士康精装三房，采光通风好,"阳基御龙山 , 观澜",3室1厅,78平米,东南,,31层,2018年,板塔结合,297 万,38077 元,0,,,VR看装修,https://sz.lianjia.com/ershoufang/105121197824.html,VR看装修,满五唯一高层精装三房，价格可谈,小区2018年建成，总建筑面积117475，总占地面积20176.4，共计房屋1082户，小区物业公司为深圳市阳基物业管理有限公司，物业管理费3.8元/平方。小区有地面花园，绿化好，有儿童乐园，康乐设施，文体馆，有12班公立幼儿园，门口还有社区公园,配套齐全，有比邻新天地、天虹商圈，观澜湖新城，购物、休闲、娱乐一应俱全；同时项目自带社区，生活便利。,交通方便，小区门口有公交站，公交可以直达龙华，也可以转乘地铁，离长湖地铁站约1.3公里。,,,暂无数据,2025-06-24,商品房,普通住宅,暂无数据,非共有,有抵押 100万元 金融公司垫资,挂牌时间:2025-06-24 | 交易权属:商品房 | 上次交易:暂无数据 | 房屋用途:普通住宅 | 房屋年限:暂无数据 | 产权所属:非共有 | 抵押信息:有抵押 100万元 金融公司垫资 | 房本备件:未上传房本照片,客厅 / 21.79平米 / 东南 / 普通窗 ; 卧室A / 5.89平米 / 西南 / 普通窗 ; 卧室B / 13.07平米 / 无 / 未知窗户类型 ; 卧室C / 9.25平米 / 无 / 未知窗户类型 ; 厨房 / 4.6平米 / 西南 / 普通窗 ; 卫生间 / 3.92平米 / 西北 / 普通窗 ; 阳台 / 3.71平米 / 西南 东南 / 普通窗 ; 过道 / 2.73平米 / 无 / 无窗,
大社区，户型方正实用，视野开阔，近体育公园,"福安雅园 , 观澜",3室2厅,68.36平米,南,精装,中楼层(共34层),2014年,,260 万,38034 元,0,,,VR看装修,https://sz.lianjia.com/ershoufang/105120254256.html,VR看装修,满五唯一，视野宽阔 采光充足 配套设施齐全交通便利,深圳标杆安居房大社区，14栋24个单元，目前在居住人口上万人，绿化专人管理，儿童游乐场，成人建身区 ，篮球场，羽毛球场，100米九龙山体育公园。,,大社区24个单元，东往福田会展中芯公交站40分-，上高速10分-3个红绿灯，西公交站50米往公明，龙华，南向丰盛公交总站接轨4号线长湖地铁站，楼下20米。交通便利。,,,2020-01-01,2025-04-01,商品房,普通住宅,未满两年,非共有,无抵押,挂牌时间:2025-04-01 | 交易权属:商品房 | 上次交易:2020-01-01 | 房屋用途:普通住宅 | 房屋年限:未满两年 | 产权所属:非共有 | 抵押信息:无抵押 | 房本备件:已上传房本照片,客厅 / 21.15平米 / 无 / 无窗 ; 卧室A / 3.95平米 / 无 / 未知窗户类型 ; 卧室B / 11.87平米 / 无 / 未知窗户类型 ; 卧室C / 9.7平米 / 无 / 未知窗户类型 ; 厨房 / 6.09平米 / 东 / 落地窗 ; 卫生间 / 3.87平米 / 无 / 未知窗户类型,
观澜次新小区万科启城精装3房近地铁距离三外50米,"万科启城 , 观澜",3室2厅,79.13平米,东南 东北,精装,低楼层(共48层),2022年,板塔结合,367.8 万,46481 元,2,,,近地铁 | VR看装修,https://sz.lianjia.com/ershoufang/105120009640.html,地铁 | VR看装修,此房东南向，通风光线好，楼层好，视野宽阔,小区人车分流，6栋高层，围合式花园，小区有泳池有儿童乐园，门口有长湖公园和三外，600米长湖地铁站，300米有菜市场，生活方便居家舒适,,,,,暂无数据,2025-03-11,商品房,普通住宅,暂无数据,非共有,有抵押 农业银行,挂牌时间:2025-03-11 | 交易权属:商品房 | 上次交易:暂无数据 | 房屋用途:普通住宅 | 房屋年限:暂无数据 | 产权所属:非共有 | 抵押信息:有抵押 农业银行 | 房本备件:未上传房本照片,客厅 / 19.16平米 / 南 / 普通窗 ; 卧室A / 6.01平米 / 无 / 未知窗户类型 ; 卧室B / 10.42平米 / 无 / 未知窗户类型 ; 卧室C / 5.77平米 / 南 / 普通窗 ; 厨房 / 4.05平米 / 东 / 普通窗 ; 卫生间 / 6.8平米 / 北 / 落地窗 ; 阳台 / 5.98平米 / 南 / 普通窗 ; 过道 / 3.64平米 / 无 / 无窗,
珑门名苑，次新花园社区，人车分流，车位充足,"珑门二期 , 观澜",3室1厅,75.83平米,东,精装,低楼层(共32层),2018年,板塔结合,266 万,35079 元,0,,,VR看装修 | 房本满五年 | 随时看房,https://sz.lianjia.com/ershoufang/105121576517.html,VR看装修 | 房本满五年 | 随时看房,珑门名苑，次新花园社区，人车分流，车位充足，小区环境优美.,小区带花园，绿化高，三层地下停车位，车位充足，家门口公办 ，小区自带公办 ，小区环抱观澜文体公园，门口公交站，两大高速，交通方便,旁边有体育馆，体育公园，民法公园’旁边就是观光路直通梅观高速，接外环高速‘,旁边就是观光路直通梅观高速，接外环高速‘旁边有体育馆，体育公园，民法公园,,,2017-11-12,2025-07-26,商品房,普通住宅,满五年,非共有,无抵押,挂牌时间:2025-07-26 | 交易权属:商品房 | 上次交易:2017-11-12 | 房屋用途:普通住宅 | 房屋年限:满五年 | 产权所属:非共有 | 抵押信息:无抵押 | 房本备件:已上传房本照片,,
4.5米层高，全新精装燃气房，视野开阔，配套完善,"嘉霖微商大楼 , 观澜",2室1厅,45.24平米,东南,,中楼层(共12层),2019年,板塔结合,108 万,23873 元,0,,,None,https://sz.lianjia.com/ershoufang/105119045714.html,,4.5米层高，通燃气，全新精装 ，费少，采光通风良好，视野开阔,适合家小年轻家庭，交通便利，上班无忧，出行吃喝玩乐近在咫尺，小区人车分流，管理严格，小孩可以放心游玩，上学方便，真的做到入则宁静，移步繁华,小区位于观光路的北侧，龙观快速路的东侧，东西两端可接通梅观路及福龙路（建设中），距离福城街道办事处约300米。周/边有观澜体育公园、深圳市自然博物馆，以及配套等；中期规划有地铁18号线，联系沙井、光明、观澜、平湖及盐田的外环高速,门口E巴士和高快24等上下班快线高速直达福田/罗湖； 2公里4个红绿灯可上梅观高速和龙观快速！,,,暂无数据,2024-11-28,商品房,商业办公类,暂无数据,非共有,有抵押 农村商业银行，客户偿还，50万,挂牌时间:2024-11-28 | 交易权属:商品房 | 上次交易:暂无数据 | 房屋用途:商业办公类 | 房屋年限:暂无数据 | 产权所属:非共有 | 抵押信息:有抵押 农村商业银行，客户偿还，50万 | 房本备件:未上传房本照片,客厅 / 17.11平米 / 西 / 落地窗 ; 卧室A / 12.62平米 / 西 / 落地窗 ; 卧室B / 8.88平米 / 无 / 无窗 ; 厨房 / 2.82平米 / 西 / 普通窗 ; 卫生间 / 3.49平米 / 无 / 无窗 ; 阳台 / 2.41平米 / 西 / 落地窗 ; 过道 / 4.44平米 / 无 / 无窗,
临湖双拼别墅 花园300平米 中空调高,"观湖园 , 观澜",6室2厅,280平米,东,,1层,2012年,板楼,2050 万,73215 元,0,,,VR房源,https://sz.lianjia.com/ershoufang/105113698127.html,VR房源,深圳纯别墅小区，无高层，容积低,观湖园项目位于龙华新区观澜镇，邻近梅观高速公路，在梅观高速观澜出口。小区占地面积：37.6平方米，容积低，绿化高，东南亚园林景观设计。双拼跟独栋管理费是6.5平米，叠拼的管理费是4.95平米，小区安保严密，24小时巡逻监控,小区南门200米，有菜市场，能满足日常所需；距离观澜湖新城约5公 里，观澜湖新城是大型的，一系列品牌都已进驻，购物娱乐 都相当方便；距离观澜人民医院及伟光医院约6公里,观湖园纯别墅小区邻近梅观高速公路，距离梅观高速观澜出口约1.5公里 ，去南山约33公里，罗湖约30公里，福田约28公里，交通如此便利的接轨 市内生活圈。到观澜汽车站和观澜湖新城约5公里。,,,暂无数据,2023-05-16,商品房,别墅,暂无数据,非共有,无抵押,挂牌时间:2023-05-16 | 交易权属:商品房 | 上次交易:暂无数据 | 房屋用途:别墅 | 房屋年限:暂无数据 | 产权所属:非共有 | 抵押信息:无抵押 | 房本备件:未上传房本照片,客厅 / 70.13平米 / 东北 东南 / 落地窗 ; 卧室A / 16.52平米 / 西南 / 普通窗 ; 卧室B / 11.18平米 / 西南 / 普通窗 ; 卧室C / 14.27平米 / 东北 / 普通窗 ; 卧室D / 18.14平米 / 西南 东南 / 落地窗 ; 卧室E / 40.75平米 / 东北 / 普通窗 ; 卧室F / 17.58平米 / 西南 东北 / 落地窗 ; 厨房 / 9.93平米 / 西南 / 普通窗 ; 卫生间A / 4.69平米 / 无 / 无窗 ; 卫生间B / 7.24平米 / 西南 / 普通窗 ; 卫生间D / 4.98平米 / 无 / 无窗 ; 卫生间E / 11.14平米 / 西南 / 普通窗 ; 卫生间F / 3.67平米 / 西南 / 普通窗 ; 阳台A / 6.04平米 / 东北 东南 / 普通窗 ; 阳台B / 5.22平米 / 西南 西北 东南 / 普通窗 ; 阳台C / 7.57平米 / 东北 东南 / 普通窗 ; 阳台D / 9.69平米 / 西南 东南 / 普通窗 ; 阳台E / 6.39平米 / 西北 东北 东南 / 普通窗 ; 阳台F / 20.81平米 / 西南 西北 东南 / 普通窗 ; 露台 / 27.63平米 / 西北 东北 东南 / 普通窗 ; 储物间A / 3.17平米 / 无 / 无窗 ; 车库 / 12.74平米 / 无 / 无窗 ; 地下室 / 82.56平米 / 西 南 / 落地窗 ; 过道A / 10.78平米 / 无 / 无窗 ; 过道B / 7.52平米 / 无 / 无窗 ; 过道C / 7.71平米 / 无 / 无窗,
独栋大宅，配电梯，户型方正，花园1000平，赏高尔夫景,"观澜湖 , 观澜",4室3厅,330.73平米,南,毛坯,低楼层(共3层),2006年,,4300 万,130016 元,10,,,VR房源,https://sz.lianjia.com/ershoufang/105106009537.html,VR房源,独栋大宅，上下3层半，配电梯，户型方正，花园1000平，高尔夫景,整个小区占地8平方公里，绿化覆盖99.7%，级风景区，环高尔夫球场，环境优美，空气清新，适合自住度假或养老,"无缝接轨港铁4号线观澜湖新城站，南大门自带5 0/万平购物综合体，吃喝玩乐样样都有，小区自带博朗斯国际双语幼儿园，出北门4.9公里到塘厦医院，
50亿观澜湖新城，观澜天虹商场，龙华人民医院，小区内有会所/游泳池/健身房/高尔夫业主练习场/穿梭巴士等免费..",小区南门口有地铁站（地铁4号线观澜湖站）和公交站，多条公交线经过，小区到宝安机场39公里（百度地图显示），小区到深圳北站20公里（百度地图显示），小区皇岗口岸30公里（百度地图显示），小区到龙华区人民医院11公里（百度地图显示）,,,暂无数据,2020-12-12,商品房,别墅,暂无数据,非共有,有抵押,挂牌时间:2020-12-12 | 交易权属:商品房 | 上次交易:暂无数据 | 房屋用途:别墅 | 房屋年限:暂无数据 | 产权所属:非共有 | 抵押信息:有抵押 | 房本备件:未上传房本照片,客厅 / 65.25平米 / 西 西南 西北 南 / 落地窗 ; 卧室A / 9.26平米 / 北 东 / 落地窗 ; 卧室B / 24.92平米 / 北 / 普通窗 ; 卧室C / 12.16平米 / 北 / 普通窗 ; 卧室D / 52.01平米 / 西 南 / 普通窗 ; 厨房 / 13.7平米 / 西 / 普通窗 ; 卫生间A / 4.11平米 / 东 / 普通窗 ; 卫生间B / 5.71平米 / 北 / 普通窗 ; 卫生间C / 5.37平米 / 东 / 普通窗 ; 卫生间D / 21.41平米 / 西 西南 西北 南 / 普通窗 ; 阳台A / 59.58平米 / 西 北 东 南 / 普通窗 ; 阳台B / 3.7平米 / 西 北 东 / 普通窗 ; 阳台C / 10.93平米 / 西 东 南 / 普通窗 ; 花园 / 119.92平米 / 西 东 南 / 普通窗 ; 储物间A / 26.56平米 / 北 东 / 普通窗 ; 车库 / 30.83平米 / 无 / 无窗 ; 阁楼 / 158.74平米 / 西 北 东 / 普通窗 ; 地下室 / 159.48平米 / 无 / 无窗 ; 电梯A / 2.8平米 / 无 / 无窗 ; 过道A / 17.11平米 / 无 / 无窗 ; 电梯B / 3.22平米 / 无 / 无窗 ; 过道B / 25.25平米 / 东 东北 南 东南 / 普通窗 ; 电梯C / 2.75平米 / 无 / 无窗 ; 过道C / 20.85平米 / 东 东北 南 东南 / 落地窗,
独栋大宅，7.8米中空客厅，占地3300平，一线高尔夫景,"观澜湖 , 观澜",7室5厅,600.71平米,南,精装,低楼层(共3层),,,9500 万,158147 元,17,,,VR房源,https://sz.lianjia.com/ershoufang/105118744198.html,VR房源,独栋大宅，7.8米中空客厅，占地3300平，户型方正，一线高尔夫景,整个小区占地8平方公里绿化覆盖99.7级风景区环高尔夫球场环境优美空气清新适合自住度假或养Lao,小区南门50亿观澜湖新城，观澜湖生态体育公园，观澜天虹商场，兴万达商场等，龙华人民医/院，塘厦人民医/院，小区内有会所/游泳池/健身房/高尔夫业主练习场/穿梭巴士等免费使用,园区内有免费巴士，多条公交直达，高尔夫大道，观光路，观澜大道，观平路等城市主干道环-绕，梅观高速观澜出口2公里，地铁4号线（观澜湖新城站）已开通，观澜湖免费班车随时出行,,,暂无数据,2024-10-29,商品房,别墅,暂无数据,非共有,无抵押,挂牌时间:2024-10-29 | 交易权属:商品房 | 上次交易:暂无数据 | 房屋用途:别墅 | 房屋年限:暂无数据 | 产权所属:非共有 | 抵押信息:无抵押 | 房本备件:未上传房本照片,客厅A / 141.16平米 / 无 / 落地窗 ; 餐厅A / 25.76平米 / 西 西南 北 西北 南 / 落地窗 ; 客厅B / 55.52平米 / 西北 东北 / 落地窗 ; 餐厅B / 7.71平米 / 西北 / 普通窗 ; 客厅C / 21.02平米 / 西南 / 普通窗 ; 多功能间 / 38.87平米 / 无 / 无窗 ; 书房A / 12.86平米 / 无 / 无窗 ; 卧室A / 19.52平米 / 无 / 无窗 ; 书房B / 14.47平米 / 东北 东南 / 落地窗 ; 卧室B / 28.41平米 / 东南 / 普通窗 ; 卧室C / 22.52平米 / 西 西南 北 西北 南 / 普通窗 ; 卧室D / 33.44平米 / 西南 / 普通窗 ; 厨房 / 13.04平米 / 西南 / 普通窗 ; 卫生间A / 5.13平米 / 无 / 无窗 ; 卫生间B / 4.86平米 / 无 / 无窗 ; 卫生间C / 5.02平米 / 东北 / 落地窗 ; 卫生间D / 12.07平米 / 西南 东南 / 普通窗 ; 卫生间E / 21.7平米 / 西北 / 普通窗 ; 阳台A / 115.45平米 / 西南 西北 东北 东南 / 普通窗 ; 阳台B / 16.12平米 / 西南 西北 东南 / 普通窗 ; 阳台C / 4.98平米 / 西南 东北 东南 / 普通窗 ; 阳台D / 3.7平米 / 西北 / 普通窗 ; 阳台E / 36.4平米 / 西南 东北 东南 / 普通窗 ; 储物间A / 2.46平米 / 无 / 普通窗 ; 储物间B / 15.21平米 / 无 / 无窗 ; 储物间C / 50.32平米 / 无 / 无窗 ; 储物间D / 38.62平米 / 无 / 无窗 ; 储物间E / 37.62平米 / 无 / 无窗 ; 门厅 / 11.9平米 / 无 / 无窗 ; 电梯A / 5.96平米 / 无 / 无窗 ; 过道A / 59.13平米 / 无 / 无窗 ; 电梯B / 4.57平米 / 无 / 无窗 ; 过道B / 33.34平米 / 东北 / 落地窗 ; 电梯C / 4.03平米 / 无 / 无窗 ; 过道C / 3.3平米 / 无 / 无窗 ; 电梯D / 3.91平米 / 无 / 无窗 ; 过道D / 28.4平米 / 东北 / 落地窗 ; 过道E / 13.66平米 / 无 / 无窗 ; 过道F / 28.11平米 / 东北 / 落地窗 ; 衣帽间A / 7.58平米 / 无 / 无窗 ; 衣帽间B / 8.13平米 / 无 / 无窗 ; 衣帽间C / 5.86平米 / 东南 / 普通窗,
观澜湖 4室2厅 东南,"观澜湖 , 观澜",4室2厅,181.5平米,东南,毛坯,高楼层(共5层),,板塔结合,750 万,41323 元,1,,,VR房源,https://sz.lianjia.com/ershoufang/105121437957.html,VR房源,,,,,,,暂无数据,2025-07-14,商品房,普通住宅,暂无数据,非共有,有抵押,挂牌时间:2025-07-14 | 交易权属:商品房 | 上次交易:暂无数据 | 房屋用途:普通住宅 | 房屋年限:暂无数据 | 产权所属:非共有 | 抵押信息:有抵押 | 房本备件:未上传房本照片,,
房子户型方正  采光通风良好   大花园,"观澜湖 , 观澜",6室3厅,700.13平米,东南,毛坯,低楼层(共3层),,,5120 万,73130 元,2,,,VR房源,https://sz.lianjia.com/ershoufang/105119059413.html,VR房源,视野开阔，精装修，居住舒适，享受观澜湖高尔夫园内配套,观澜湖是香港骏豪集团开发，先开发高尔夫球场，再开发房产，房子依球场而建，保证到每套房子的景观和采光，小区低密度，居住环境优美，安静，小区南门口有观澜湖新城.生态体育公园等等，..,小区规划自带3200平方的12班中英双语幼儿园，观澜湖新城，高尔夫球场，观澜湖国际學校，地铁4号线，工商银行。观澜人民医院等,小区南门口是地铁四号线的观澜湖站，多条公交线经过，小区到宝安机场39公里（百度地图显示），小区到深圳北站20公里（百度地图显示），小区皇岗口岸30公里（百度地图显示），小区到龙华区人民医院11公里（百度地图显示）,,,暂无数据,2024-11-29,商品房,别墅,暂无数据,非共有,有抵押,挂牌时间:2024-11-29 | 交易权属:商品房 | 上次交易:暂无数据 | 房屋用途:别墅 | 房屋年限:暂无数据 | 产权所属:非共有 | 抵押信息:有抵押 | 房本备件:未上传房本照片,客厅 / 225.32平米 / 东北 西南 西北 东 南 东南 / 普通窗 ; 多功能间 / 73.15平米 / 西南 东北 / 落地窗 ; 卧室A / 20.42平米 / 东 东北 南 东南 / 落地窗 ; 卧室B / 31.55平米 / 东北 / 普通窗 ; 卧室C / 23.22平米 / 西南 / 普通窗 ; 卧室D / 37.37平米 / 西南 西北 / 普通窗 ; 卧室E / 75.57平米 / 西南 东 东北 南 东南 / 落地窗 ; 卧室F / 29.28平米 / 西南 / 普通窗 ; 卫生间A / 4.12平米 / 东南 / 普通窗 ; 卫生间B / 4.37平米 / 无 / 无窗 ; 卫生间C / 7.78平米 / 东北 / 普通窗 ; 卫生间D / 9.94平米 / 东北 / 普通窗 ; 卫生间E / 8.5平米 / 无 / 无窗 ; 卫生间F / 9.83平米 / 西北 / 普通窗 ; 卫生间G / 18.52平米 / 西南 / 普通窗 ; 卫生间H / 9.13平米 / 无 / 无窗 ; 阳台A / 129.33平米 / 西南 西北 东北 东南 / 普通窗 ; 阳台B / 4.77平米 / 西北 东北 东南 / 普通窗 ; 阳台C / 34.84平米 / 西南 西北 / 普通窗 ; 阳台D / 3.67平米 / 西南 西北 / 普通窗 ; 阳台E / 4.1平米 / 西南 东南 / 普通窗 ; 储物间A / 15.88平米 / 西南 / 落地窗 ; 储物间B / 12.24平米 / 西北 / 落地窗 ; 储物间C / 36.48平米 / 东南 / 普通窗 ; 储物间D / 15.67平米 / 无 / 无窗 ; 储物间E / 15.6平米 / 西北 / 普通窗 ; 车库 / 65.04平米 / 无 / 无窗 ; 地下室 / 359.51平米 / 西南 西北 东北 东南 / 落地窗 ; 过道 / 28.74平米 / 东北 / 落地窗 ; 电梯A / 1.55平米 / 西南 东北 / 落地窗 ; 电梯B / 1.7平米 / 西南 东北 / 落地窗 ; 电梯C / 1.87平米 / 西南 东北 / 落地窗 ; 电梯D / 3.2平米 / 无 / 无窗,
安静位置 朝南看花园 中高楼层 自住诚心卖,"懿花园 , 观澜",3室2厅,89平米,南,精装,中楼层(共10层),2013年,板楼,385 万,43259 元,1,,,VR看装修,https://sz.lianjia.com/ershoufang/105119631278.html,VR看装修,安静位置 朝南看花园 中高楼层 自住诚心卖,和黄懿花园也叫盈峰翠邸，由和记黄埔地产(深圳)有限公司开发，位于横坑水库。项目规划为地上建筑4-10层，地下2层，共59栋建筑(其中57栋住宅，2所幼儿园，及公建以地下室形式布置于地块南端)。 机动车位：600个；高层地库车位385个，多层地库车位200个,医疗龙华人民第二医院（4600米百度地图测距龙华综合医院在建中3100米百度地图测距新科技园社区健康服务购物商场楼下佳又惠百货医院天虹（2400米百度地图测距,公交线路：公交（宝安高新科技园、观澜高新科技园）794、627、663、668、866路等，出小区就是有轨电车站台，高速公路：机荷高速公路、梅观高速公路，交通方便。,,,暂无数据,2025-02-10,商品房,普通住宅,暂无数据,非共有,有抵押 250万元 广发银行 业主自还,挂牌时间:2025-02-10 | 交易权属:商品房 | 上次交易:暂无数据 | 房屋用途:普通住宅 | 房屋年限:暂无数据 | 产权所属:非共有 | 抵押信息:有抵押 250万元 广发银行 业主自还 | 房本备件:未上传房本照片,客厅 / 24.22平米 / 无 / 未知窗户类型 ; 卧室A / 10.4平米 / 北 东 / 落地窗 ; 卧室B / 15.35平米 / 无 / 未知窗户类型 ; 卧室C / 5.92平米 / 南 / 落地窗 ; 厨房 / 5.47平米 / 东 / 落地窗 ; 卫生间A / 3.43平米 / 无 / 落地窗 ; 卫生间B / 3.5平米 / 东 / 普通窗 ; 阳台A / 5.12平米 / 东 / 落地窗 ; 阳台B / 6.16平米 / 西 南 / 落地窗 ; 过道 / 2.88平米 / 无 / 无窗,
户型方正实用空间大室内明亮温暖,"正兆 · 茗语华苑 , 观澜",2室2厅,63.56平米,东南,简装,中楼层(共32层),2014年,塔楼,136 万,21398 元,4,,,VR看装修 | 房本满五年,https://sz.lianjia.com/ershoufang/105120625570.html,VR看装修 | 房本满五年,满五唯一，正兆茗语华苑好房，户型优采光面大，室内明亮温暖。,：由 7 栋 32 层高层住宅与 1 栋幼儿园组成，共 1736 户。有 3450 平公建配套。9 班幼儿园占地 2400 平，提供家门口学前教育。还有 800 平文化室、250 平社区服务站、1200 平体育活动场地，满足居民文化、生活、健身需求。,,,此房源满五年符合唯一 一套房，按政策可减免部分税费，买方只需一个点税，节省购房成本。,,2014-05-30,2025-05-05,商品房,普通住宅,满五年,共有,无抵押,挂牌时间:2025-05-05 | 交易权属:商品房 | 上次交易:2014-05-30 | 房屋用途:普通住宅 | 房屋年限:满五年 | 产权所属:共有 | 抵押信息:无抵押 | 房本备件:已上传房本照片,,
中高楼层 东南朝向 税费各付 要钱不要房,"金地鹭湖1号 , 观澜",3室1厅,88.94平米,南,简装,中楼层(共16层),2015年,塔楼,365 万,41039 元,1,,,VR房源,https://sz.lianjia.com/ershoufang/105122038063.html,VR房源,满五年，视野好，高楼层，采光足，户型方正。,金地鹭湖1号，位于龙华区观澜街道梅观高速与环观南路交汇处。 鹭湖国际住区项目，主打户型产品：建面89平3房2卫。还有少量137平4房2卫，及190平复式。 项目占地面积约91197.68平方米，总建筑面积约164150平方米,,交通出行： 轨道交通：有轨电车站台，高新园西站（电车接驳地铁4号线清湖地铁口），公交线路：公交（观澜高新园站）M567、M264、313、E4路等，高速公路：机荷高速公路、梅观高速公路，交通方便。,,,暂无数据,2025-09-06,商品房,普通住宅,暂无数据,非共有,无抵押,挂牌时间:2025-09-06 | 交易权属:商品房 | 上次交易:暂无数据 | 房屋用途:普通住宅 | 房屋年限:暂无数据 | 产权所属:非共有 | 抵押信息:无抵押 | 房本备件:未上传房本照片,客厅 / 27.83平米 / 南 / 普通窗 ; 卧室A / 8.68平米 / 南 / 普通窗 ; 卧室B / 6.13平米 / 东 / 落地窗 ; 卧室C / 12.64平米 / 无 / 未知窗户类型 ; 厨房 / 4.68平米 / 南 / 普通窗 ; 卫生间A / 3.3平米 / 西 / 普通窗 ; 卫生间B / 3.11平米 / 东 / 普通窗 ; 阳台 / 3.5平米 / 东 南 / 普通窗,
万科启城 3室2厅 南,"万科启城 , 观澜",3室2厅,102.07平米,南,,低楼层(共48层),2022年,板塔结合,428 万,41933 元,3,,,近地铁 | VR看装修 | 随时看房,https://sz.lianjia.com/ershoufang/105119164901.html,地铁 | VR看装修 | 随时看房,,,,,,,暂无数据,2024-12-10,商品房,普通住宅,暂无数据,非共有,有抵押 按揭欠款300万,挂牌时间:2024-12-10 | 交易权属:商品房 | 上次交易:暂无数据 | 房屋用途:普通住宅 | 房屋年限:暂无数据 | 产权所属:非共有 | 抵押信息:有抵押 按揭欠款300万 | 房本备件:未上传房本照片,客厅 / 21.79平米 / 无 / 普通窗 ; 卧室A / 6.97平米 / 无 / 未知窗户类型 ; 卧室B / 12.29平米 / 无 / 未知窗户类型 ; 卧室C / 8.96平米 / 无 / 普通窗 ; 厨房 / 4.11平米 / 无 / 普通窗 ; 卫生间A / 7.21平米 / 无 / 落地窗 ; 卫生间B / 3.57平米 / 无 / 普通窗 ; 阳台 / 7.65平米 / 无 / 普通窗 ; 过道 / 4.23平米 / 无 / 无窗,
满两年税费少 户型方正无遮挡 通风采光好,"鹏瑞·颐璟府 , 观澜",3室2厅,90.85平米,南,精装,中楼层(共32层),,塔楼,423 万,46561 元,2,,,VR看装修,https://sz.lianjia.com/ershoufang/105120047560.html,VR看装修,满两年税费少 户型方正无遮挡 通风采光好,鹏瑞颐璟府鹏瑞颐璟府联合 AUBE（欧博）建筑设计及园林景观设计，以三重叠景院落、三重门第礼序、三重会客厅、50余种花木，打造“推窗见景、出门见绿”的生活场景。社区房源量相对大，其选择面也相对广，可满足多层次的置业需求。,综合医院（在建）、图书馆（在建）、群艺馆（在建）、大剧院（在建）等区级配套；横坑滨水公园（在建）、石皮山公园（在建）等城市生态场地；,,,,暂无数据,2025-03-14,商品房,普通住宅,暂无数据,非共有,有抵押 银行,挂牌时间:2025-03-14 | 交易权属:商品房 | 上次交易:暂无数据 | 房屋用途:普通住宅 | 房屋年限:暂无数据 | 产权所属:非共有 | 抵押信息:有抵押 银行 | 房本备件:未上传房本照片,客厅 / 21.61平米 / 东 / 普通窗 ; 卧室A / 8.11平米 / 无 / 未知窗户类型 ; 卧室B / 13.23平米 / 无 / 未知窗户类型 ; 卧室C / 6.53平米 / 东 / 普通窗 ; 厨房 / 4.82平米 / 北 / 普通窗 ; 卫生间A / 3.76平米 / 西 / 落地窗 ; 卫生间B / 3.14平米 / 北 / 普通窗 ; 阳台 / 6.9平米 / 东 / 普通窗 ; 过道 / 3.51平米 / 无 / 无窗,
此房满五年不唯一户型方正精装大四房东南朝向透视野好,"珑门 , 观澜",4室2厅,106.76平米,东南,,高楼层(共31层),2016年,板楼,480 万,44961 元,0,,,VR看装修,https://sz.lianjia.com/ershoufang/105121605258.html,VR看装修,此房满五年不唯一户型方正精装大四房东南朝向透视野好,小区分两期开发，有高层洋房，75-106户型三房四房，还有多套别墅。,,,,,暂无数据,2025-07-29,商品房,普通住宅,暂无数据,非共有,有抵押,挂牌时间:2025-07-29 | 交易权属:商品房 | 上次交易:暂无数据 | 房屋用途:普通住宅 | 房屋年限:暂无数据 | 产权所属:非共有 | 抵押信息:有抵押 | 房本备件:未上传房本照片,,
珑门名苑 精装大四房 满五年 唯一 业主诚心卖,"珑门 , 观澜",4室2厅,106.6平米,东南,精装,低楼层(共33层),2016年,板楼,461 万,43246 元,0,,,VR看装修,https://sz.lianjia.com/ershoufang/105119150843.html,VR看装修,此房满五年唯一户型方正精装大四房东南朝向透视野好,小区分两期开发，有高层洋房，75-106户型三房四房，还有多套别墅。,,,,,暂无数据,2024-12-09,商品房,普通住宅,暂无数据,共有,有抵押 110,挂牌时间:2024-12-09 | 交易权属:商品房 | 上次交易:暂无数据 | 房屋用途:普通住宅 | 房屋年限:暂无数据 | 产权所属:共有 | 抵押信息:有抵押 110 | 房本备件:未上传房本照片,客厅 / 35.09平米 / 北 / 落地窗 ; 卧室A / 11.97平米 / 无 / 未知窗户类型 ; 卧室B / 9.94平米 / 无 / 未知窗户类型 ; 卧室C / 8.28平米 / 南 / 落地窗 ; 卧室D / 6.31平米 / 北 / 落地窗 ; 厨房 / 5.92平米 / 南 / 普通窗 ; 卫生间A / 5.83平米 / 西 南 / 落地窗 ; 卫生间B / 2.71平米 / 南 / 普通窗 ; 阳台A / 3.93平米 / 西 北 东 / 普通窗 ; 阳台B / 2.17平米 / 南 / 普通窗 ; 衣帽间 / 3.89平米 / 无 / 无窗,
鹭湖壹号安静位置三房两卫诚心出售,"金地鹭湖1号 , 观澜",3室2厅,89平米,南,,中楼层(共16层),2016年,塔楼,389 万,43708 元,1,,,VR看装修 | 随时看房,https://sz.lianjia.com/ershoufang/105121582040.html,VR看装修 | 随时看房,此房满五年，户型方正，安静位置全新毛坯。,鹭湖1号总共分两期，共11栋。位于龙华区观澜街道梅观高速与环观南路交汇处;鹭湖国际住区项目主打户型产品:建面89㎡三房。还有少量137平和190平复式。项目占地面积约91197.68平方米，总建筑面积约164150平方米.小区环境优美，依山傍水，空气质量好.,,,,,暂无数据,2025-07-27,商品房,普通住宅,暂无数据,非共有,有抵押,挂牌时间:2025-07-27 | 交易权属:商品房 | 上次交易:暂无数据 | 房屋用途:普通住宅 | 房屋年限:暂无数据 | 产权所属:非共有 | 抵押信息:有抵押 | 房本备件:未上传房本照片,,
满五唯一住宅，中间楼层，前后看花园，精装修,"金泽花园 , 观澜",2室2厅,66.2平米,西南 东北,精装,中楼层(共7层),2002年,板楼,199 万,30061 元,3,,,近地铁 | VR房源,https://sz.lianjia.com/ershoufang/105117123971.html,地铁 | VR房源,满五唯一，花园社区，实用率高，视野开阔精装,小区是2003年的房子，有6栋多层住宅组成，小区环境好，紧靠观澜人民公园，绿化高,旁边实观澜人民公园，九龙山体育公园，观澜人民医院，地铁4号线长湖站。,,,,暂无数据,2024-05-28,商品房,普通住宅,暂无数据,非共有,有抵押 90万元,挂牌时间:2024-05-28 | 交易权属:商品房 | 上次交易:暂无数据 | 房屋用途:普通住宅 | 房屋年限:暂无数据 | 产权所属:非共有 | 抵押信息:有抵押 90万元 | 房本备件:未上传房本照片,客厅 / 25.4平米 / 无 / 未知窗户类型 ; 卧室A / 10.33平米 / 东北 / 普通窗 ; 卧室B / 9.35平米 / 无 / 未知窗户类型 ; 厨房 / 4.25平米 / 西北 / 普通窗 ; 卫生间 / 2.95平米 / 无 / 无窗 ; 阳台 / 3.5平米 / 北 西北 东北 / 普通窗,
爱心家园精装两房，业主诚心出售。,"爱心家园 , 观澜",2室2厅,64.39平米,东南,简装,中楼层(共27层),,板塔结合,170 万,26402 元,0,,23天以前发布,VR看装修,https://sz.lianjia.com/ershoufang/105122129672.html,VR看装修,房子采光充足视野好，在建职业院校，地铁22号线；,,在建的地铁22号线，以及职业院校，上接东莞，下启深圳，交通便利。,,,,暂无数据,2025-09-14,商品房,普通住宅,暂无数据,非共有,无抵押,挂牌时间:2025-09-14 | 交易权属:商品房 | 上次交易:暂无数据 | 房屋用途:普通住宅 | 房屋年限:暂无数据 | 产权所属:非共有 | 抵押信息:无抵押 | 房本备件:未上传房本照片,,
高楼层，视野好，新小区，价格靓,"御景华府 , 观澜",3室2厅,83.9平米,北 东,,低楼层(共32层),2023年,板塔结合,320 万,38141 元,0,,,VR看装修,https://sz.lianjia.com/ershoufang/105121800175.html,VR看装修,高楼层，视野好，新小区，价格靓,,,项目处于观澜高新园、鹭湖城片区，项目邻地铁18号线（规划中）/22号线（规划中），近五和大道、环观南路、沈海高速、梅观高速等交通快速干道，多维立体交通畅达。,,,暂无数据,2025-08-15,商品房,普通住宅,暂无数据,非共有,有抵押 银行,挂牌时间:2025-08-15 | 交易权属:商品房 | 上次交易:暂无数据 | 房屋用途:普通住宅 | 房屋年限:暂无数据 | 产权所属:非共有 | 抵押信息:有抵押 银行 | 房本备件:未上传房本照片,,
万科九山 大别墅 采光好 前后花园方正,"万科九龙山 , 观澜",5室2厅,180.5平米,东南,毛坯,1层,2016年,板塔结合,1680 万,93075 元,0,,27天以前发布,VR房源 | 随时看房,https://sz.lianjia.com/ershoufang/105122082868.html,VR房源 | 随时看房,此房是同户型中，花园比较大的，土建已完成，诚心卖,小区为步入式花园社区，人车分流，方便老人小区散步游玩、舒适安心，自带底商生活便利，配套多个公园，具有生活气息。小区门口有公交站台，出行便利。,,,,,暂无数据,2025-09-10,商品房,普通住宅,暂无数据,非共有,有抵押,挂牌时间:2025-09-10 | 交易权属:商品房 | 上次交易:暂无数据 | 房屋用途:普通住宅 | 房屋年限:暂无数据 | 产权所属:非共有 | 抵押信息:有抵押 | 房本备件:未上传房本照片,卧室 / 61.37平米 / 东 南 / 普通窗 ; 厨房 / 11.58平米 / 北 东 / 普通窗 ; 花园 / 92.68平米 / 西 东 南 / 普通窗,
招商观园联排，大阳台花园别墅，满五税费低,"招商观园 , 观澜",5室2厅,291.13平米,西南,毛坯,4层,2012年,塔楼,1800 万,61829 元,12,,,VR房源 | 房本满五年,https://sz.lianjia.com/ershoufang/105105154771.html,VR房源 | 房本满五年,此房是招商观园一本证别墅 使用拓展面积大 带大花园,招商观园项目A909-0097地块位于深圳市宝安区观澜街道环观南路北侧，与观澜高新技术园区隔路相望，近梅观高速、机荷高速，占地147595.156平方米,公共交通：较近的公交站是观澜高新科技园、宝安高新技术园站，经过的路线有E4、772等。,,,,2016-08-30,2020-08-24,商品房,普通住宅,满五年,非共有,有抵押 800万元 建行  客户偿还,挂牌时间:2020-08-24 | 交易权属:商品房 | 上次交易:2016-08-30 | 房屋用途:普通住宅 | 房屋年限:满五年 | 产权所属:非共有 | 抵押信息:有抵押 800万元 建行  客户偿还 | 房本备件:已上传房本照片,客厅 / 84.04平米 / 北 南 / 普通窗 ; 卧室A / 13.95平米 / 无 / 普通窗 ; 卧室B / 13.82平米 / 北 / 落地窗 ; 卧室C / 12.66平米 / 无 / 落地窗 ; 卧室D / 12.47平米 / 无 / 普通窗 ; 卧室E / 9.71平米 / 无 / 普通窗 ; 卧室F / 19.02平米 / 无 / 普通窗 ; 厨房 / 36.75平米 / 北 / 普通窗 ; 卫生间A / 3.72平米 / 东 / 普通窗 ; 卫生间B / 4.78平米 / 无 / 普通窗 ; 卫生间C / 5.44平米 / 无 / 普通窗 ; 卫生间D / 6.74平米 / 无 / 普通窗 ; 阳台A / 30.18平米 / 西 东 南 / 普通窗 ; 阳台B / 48.37平米 / 无 / 普通窗 ; 阳台C / 6.05平米 / 无 / 普通窗 ; 阳台D / 24.47平米 / 无 / 普通窗 ; 阳台E / 12.37平米 / 无 / 普通窗 ; 花园 / 87.05平米 / 无 / 普通窗 ; 储物间A / 3.33平米 / 无 / 普通窗 ; 储物间B / 11.26平米 / 无 / 无窗 ; 入户花园 / 43.47平米 / 西 北 东 / 普通窗 ; 地下室 / 126.81平米 / 无 / 无窗 ; 电梯A / 2.97平米 / 无 / 无窗 ; 过道A / 24.26平米 / 无 / 落地窗 ; 电梯B / 3.56平米 / 无 / 无窗 ; 过道B / 16.78平米 / 无 / 落地窗 ; 电梯C / 3.34平米 / 无 / 无窗 ; 电梯D / 3.37平米 / 无 / 无窗 ; 衣帽间 / 4.42平米 / 无 / 无窗,
临湖大双拼(单证)，中空客厅精装修，带私家码头大花园,"观湖园 , 观澜",6室2厅,305.35平米,南,精装,1层,2009年,板楼,1820 万,59604 元,55,,,VR房源,https://sz.lianjia.com/ershoufang/105104422875.html,VR房源,中空挑高客厅，满五不唯一，一线临湖，无遮档景观，前后大花园,观湖园项目位于龙华新区观澜镇，邻近梅观高速公路，在梅观高速观澜出口旁。小区占地面积：37.6 萬平方米，东南亚园林景观设计。双拼跟独栋管理费是6.5平米，叠拼的管理费是4.9平米，小区安保严密，24小时巡逻监控。,距离观澜湖新城约5公里，观澜湖新城是大型的Shoig Mll，一系列品牌都有进驻新城，购物娱乐都相当方便。距离观澜人民医院及伟光医院约6公里。小区到库坑小.學约1公里。,观湖园别墅小区邻近梅观高速公路，距离梅观高速观澜出口约1.5公里，去南山约33公里，罗湖约30公里，福田约28公里，交通如此便利的接轨市内生活圈。到观澜汽车站和观澜湖新城约五公里，观澜湖新城是大型的Shoig Mll，交通出行娱乐购物也是相当方便,,,暂无数据,2020-05-23,商品房,普通住宅,暂无数据,非共有,有抵押 中国工商银行股份有限公司深圳沙头角支行,挂牌时间:2020-05-23 | 交易权属:商品房 | 上次交易:暂无数据 | 房屋用途:普通住宅 | 房屋年限:暂无数据 | 产权所属:非共有 | 抵押信息:有抵押 中国工商银行股份有限公司深圳沙头角支行 | 房本备件:未上传房本照片,客厅 / 86.39平米 / 西 北 / 普通窗 ; 多功能间 / 37.92平米 / 无 / 普通窗 ; 卧室A / 27.03平米 / 无 / 落地窗 ; 卧室B / 14.55平米 / 无 / 普通窗 ; 卧室C / 15.92平米 / 无 / 普通窗 ; 卧室D / 27.29平米 / 无 / 普通窗 ; 厨房 / 11.24平米 / 南 / 普通窗 ; 卫生间A / 3.58平米 / 无 / 无窗 ; 卫生间B / 5.14平米 / 无 / 普通窗 ; 卫生间C / 4平米 / 无 / 无窗 ; 卫生间D / 4.85平米 / 无 / 普通窗 ; 卫生间E / 11.68平米 / 无 / 普通窗 ; 阳台A / 16.65平米 / 西 北 东 / 普通窗 ; 阳台B / 5.6平米 / 无 / 普通窗 ; 阳台C / 5.56平米 / 无 / 普通窗 ; 阳台D / 6.58平米 / 无 / 普通窗 ; 阳台E / 8.85平米 / 无 / 普通窗 ; 阳台F / 13.72平米 / 无 / 普通窗 ; 露台 / 59.43平米 / 无 / 普通窗 ; 储物间A / 10.97平米 / 无 / 无窗 ; 储物间B / 16.33平米 / 无 / 无窗 ; 储物间C / 8.45平米 / 无 / 无窗 ; 地下室 / 100.51平米 / 无 / 普通窗 ; 楼梯间 / 7.53平米 / 无 / 普通窗 ; 过道A / 34.45平米 / 无 / 普通窗 ; 过道B / 12.24平米 / 无 / 无窗 ; 衣帽间 / 7.15平米 / 无 / 无窗,
方正格局，楼层好，视野开阔，采光充足,"招商观园 , 观澜",4室2厅,87.76平米,东南,精装,中楼层(共18层),2012年,塔楼,374 万,42617 元,0,,,VR看装修 | 房本满五年 | 随时看房,https://sz.lianjia.com/ershoufang/105121618149.html,VR看装修 | 房本满五年 | 随时看房,方正格局，楼层好，视野开阔，采光充足,招商观园位于龙华区观澜街道环观南路北侧(观澜高新科技园站旁），是由深圳招商房地产有限公司规划、开发的小区，规划面积147595平方米，建筑面积222221平方米，小区由别墅 多层 小高层组成，容 积率1.5，居住舒适,龙华医院（4600米百度地图测距龙华综合医院在建中3100米百度地图测距新科技园社区健康服务购物商场楼下佳又惠百货医院天虹（2400米百度地图测距,,,,2012-03-04,2025-07-30,商品房,普通住宅,满五年,非共有,无抵押,挂牌时间:2025-07-30 | 交易权属:商品房 | 上次交易:2012-03-04 | 房屋用途:普通住宅 | 房屋年限:满五年 | 产权所属:非共有 | 抵押信息:无抵押 | 房本备件:已上传房本照片,,
高楼层无遮挡，视野好，业主诚心卖,"福安雅园 , 观澜",2室2厅,68.63平米,南,简装,中楼层(共34层),2015年,,228 万,33222 元,0,,,VR看装修 | 房本满五年 | 随时看房,https://sz.lianjia.com/ershoufang/105121895810.html,VR看装修 | 房本满五年 | 随时看房,高楼层，采光通风好，户型方正，非常nice,小区绿化高，环境优美，楼栋间距大，小高层，适合一家三四口，老人家,小区旁边就有学校，小区楼下就有几排商业，买菜购物非常方便，生活非常便利,,,,2014-12-05,2025-08-24,商品房,普通住宅,满五年,共有,暂无数据,挂牌时间:2025-08-24 | 交易权属:商品房 | 上次交易:2014-12-05 | 房屋用途:普通住宅 | 房屋年限:满五年 | 产权所属:共有 | 抵押信息:暂无数据 | 房本备件:已上传房本照片,,
出门就是公园，次新小区，环境好，全新装修,"中森公园华府 , 观澜",3室2厅,88.81平米,东南,,低楼层(共30层),2020年,板塔结合,410 万,46166 元,0,,22天以前发布,VR房源,https://sz.lianjia.com/ershoufang/105122139053.html,VR房源,出门就是公园，次新小区，环境好，全新装修,开发商为深圳中森，是以房地产为产业的企业，主要以珠三角地区和成渝地区为发展区域。 在深圳有几个住宅地产项目，为人熟知的应该是科技园片区华润城邻居的英伦名苑1-3期，以及龙岗的中森双子座,项目位于龙华区观澜板块，观湖街道的东南方位。所在区域是深圳中轴北的产业，南接坂田天安云谷、龙华宝能科技城，东连平湖金融与现代服务业基地，西临观澜高新产业园， 北为观澜传统制造业聚集地带,,,,暂无数据,2025-09-15,商品房,普通住宅,暂无数据,非共有,无抵押,挂牌时间:2025-09-15 | 交易权属:商品房 | 上次交易:暂无数据 | 房屋用途:普通住宅 | 房屋年限:暂无数据 | 产权所属:非共有 | 抵押信息:无抵押 | 房本备件:未上传房本照片,客厅 / 24.65平米 / 南 / 普通窗 ; 卧室A / 10.51平米 / 无 / 未知窗户类型 ; 卧室B / 11.56平米 / 无 / 未知窗户类型 ; 卧室C / 8.98平米 / 南 / 落地窗 ; 厨房 / 6.13平米 / 东 / 落地窗 ; 卫生间 / 3.71平米 / 东 / 普通窗 ; 阳台 / 4.33平米 / 东 南 / 普通窗 ; 过道 / 4.17平米 / 无 / 无窗,
招商澜园 1室1厅 南,"招商澜园 , 观澜",1室1厅,52.64平米,南,精装,低楼层(共25层),2010年,板塔结合,220 万,41794 元,1,,,近地铁 | VR看装修,https://sz.lianjia.com/ershoufang/105119797518.html,地铁 | VR看装修,,,,,,,暂无数据,2025-02-23,商品房,普通住宅,暂无数据,非共有,无抵押,挂牌时间:2025-02-23 | 交易权属:商品房 | 上次交易:暂无数据 | 房屋用途:普通住宅 | 房屋年限:暂无数据 | 产权所属:非共有 | 抵押信息:无抵押 | 房本备件:未上传房本照片,卧室 / 28.18平米 / 南 / 普通窗 ; 厨房 / 6.32平米 / 南 / 落地窗 ; 卫生间 / 3.66平米 / 南 / 普通窗 ; 阳台 / 6.49平米 / 南 / 普通窗,
3栋安静位置 自住装修 拎包入住 已满五年,"金地鹭湖1号 , 观澜",3室2厅,89.12平米,西北,精装,中楼层(共16层),2015年,塔楼,445 万,49933 元,0,,,VR看装修,https://sz.lianjia.com/ershoufang/105119847449.html,VR看装修,住家装修，在3栋，安静位置，拎包入住，随时可看。,金地鹭湖1号，位于龙华区观澜街道梅观高速与环观南路交汇处。 鹭湖国际住区项目，主打户型产品：建面89平3房2卫。还有少量137平4房2卫，及190平复式。 项目占地面积约91197.68平方米，总建筑面积约164150平方米。,,轨道交通：有轨电车站台，高新园西站（电车接驳地铁4号线清湖地铁口），公交线路：公交（观澜高新园站）M567、M264、313、E4路等，高速公路：机荷高速公路、梅观高速公路，交通方便。,,,暂无数据,2025-02-26,商品房,普通住宅,暂无数据,非共有,有抵押 99万元 建设,挂牌时间:2025-02-26 | 交易权属:商品房 | 上次交易:暂无数据 | 房屋用途:普通住宅 | 房屋年限:暂无数据 | 产权所属:非共有 | 抵押信息:有抵押 99万元 建设 | 房本备件:未上传房本照片,客厅 / 26.13平米 / 西北 / 普通窗 ; 卧室A / 9.31平米 / 西北 / 落地窗 ; 卧室B / 14.85平米 / 无 / 未知窗户类型 ; 卧室C / 8.03平米 / 无 / 未知窗户类型 ; 厨房 / 3.95平米 / 东北 / 普通窗 ; 卫A / 2.76平米 / 东北 / 普通窗 ; 卫生间B / 4.14平米 / 东南 / 普通窗 ; 阳台 / 3.5平米 / 西南 西北 / 普通窗 ; 过道 / 3.21平米 / 无 / 无窗,
观澜湖上堤 一楼复式 带200平花园 精装4房 看园林湖景,"观澜湖 , 观澜",4室2厅,98.49平米,南 北,,低楼层(共11层),2007年,板塔结合,580 万,58890 元,17,,,VR房源 | 房本满五年,https://sz.lianjia.com/ershoufang/105110883415.html,VR房源 | 房本满五年,观澜湖上堤 一楼复式 带200平花园 已改建好 精装4房 看园林湖景,小区位于观澜湖高尔夫球会深圳会所里面，夏威夷热带休闲建筑风格，半月型空间规划，4栋复式，每栋10套，1梯2户，户户看园林，湖景，观澜湖已经形成国际高尔夫别墅住区，把背景相同、事业有成的人士聚集在一起，创造出生活与事业的平台,小区南门50亿观澜湖新城，观澜湖生态体育公园，观澜天虹商场，兴万达商场等，龙华人民医/院，塘厦人民医/院，小区内有会所/游泳池/健身房/高尔夫业主练习场/穿梭巴士等免费使用,园区内有免费巴士，多条公交直达，高尔夫大道，观光路，观澜大道，观平路等城市主干道环-绕，梅观高速观澜出口2公里，地铁4号线（观澜湖新城站）已开通，观澜湖免费班车随时出行,,,2015-09-14,2022-07-01,商品房,普通住宅,满五年,非共有,有抵押,挂牌时间:2022-07-01 | 交易权属:商品房 | 上次交易:2015-09-14 | 房屋用途:普通住宅 | 房屋年限:满五年 | 产权所属:非共有 | 抵押信息:有抵押 | 房本备件:已上传房本照片,客厅 / 48.39平米 / 西北 东北 东南 / 普通窗 ; 书房 / 45平米 / 无 / 落地窗 ; 卧室A / 16.3平米 / 无 / 普通窗 ; 卧室B / 15.54平米 / 无 / 普通窗 ; 卧室C / 30.04平米 / 西南 东北 东南 / 普通窗 ; 厨房 / 4.87平米 / 无 / 无窗 ; 卫生间A / 4.25平米 / 无 / 无窗 ; 卫生间B / 3.21平米 / 无 / 无窗 ; 卫C / 2.25平米 / 西北 / 普通窗 ; 卫生间D / 4.26平米 / 东北 / 普通窗 ; 花园 / 121.91平米 / 西南 西北 东北 东南 / 普通窗 ; 储物间 / 6.07平米 / 无 / 普通窗 ; 天井 / 2.82平米 / 无 / 无窗,
满五急卖可谈，朝南保养如新，红本在手,"华盛峰荟名庭 , 观澜",4室2厅,89.46平米,南,精装,低楼层(共32层),2016年,板塔结合,356 万,39795 元,7,,,近地铁 | VR看装修,https://sz.lianjia.com/ershoufang/105113128241.html,地铁 | VR看装修,此房满5，税费低朝南。通风采光良好 使用率高,小区分两期开发，一期由公寓和住宅，二期三栋住宅。小区一期楼下是商 业，三楼是空中花园，三楼以上是住宅，一共有二栋一栋是公寓二栋是住宅，二期的小户型是2018年下半年才精装交房，次新房，居住舒适，二期自带泳池和园林,商场：楼下就是购物广场，以及天虹、人人乐，比邻新天地医院：观澜人民医院 深圳市龙华新区慢性病防治.观澜医院竹村社区健康服务邮局：中国邮政 中国邮政 观澜邮政局银行：中国建设银行，深圳市农村商.业银行。中国农业银行等，以及格兰云天酒店,公交;，福民影剧院;M337路M464路， 1经泗黎路与观光路，3个红绿灯到达梅观高速，梅观高速快速到达福田区； 2．通过观澜大道转机荷高速，可快速到达龙岗，宝安机场等等，出行方便。4号地铁离小区仅500米，换乘到深圳各区,,,暂无数据,2023-03-24,商品房,普通住宅,暂无数据,非共有,无抵押,挂牌时间:2023-03-24 | 交易权属:商品房 | 上次交易:暂无数据 | 房屋用途:普通住宅 | 房屋年限:暂无数据 | 产权所属:非共有 | 抵押信息:无抵押 | 房本备件:未上传房本照片,,
懿花园联排中间位别墅诚心出售，家门口自带两个车位,"懿花园 , 观澜",4室1厅,181.43平米,南,毛坯,1层,2012年,板楼,1080 万,59528 元,7,,,VR房源 | 随时看房,https://sz.lianjia.com/ershoufang/105115733114.html,VR房源 | 随时看房,此房位置安静，户型格局方正，视野开阔！,和黄懿花园也叫盈峰翠邸，由和记黄埔地产(深圳)有限公司开发，位于横坑水库。项目规划为地上建筑4-10层，地下2层，共59栋建筑(其中57栋住宅，2所幼儿园，及公建以地下室形式布置于地块南端)。 机动车位：600个；高层地库车位385个，多层地库车位200个,,公交线路：公交（宝安高新科技园、观澜高新科技园）794、627、663、668、866，517.264.921路等 高速公路：机荷高速公路、梅观高速公路。有轨电车高新区站距离小区300米。出行便利,,,暂无数据,2023-12-30,商品房,别墅,暂无数据,非共有,有抵押 625万元,挂牌时间:2023-12-30 | 交易权属:商品房 | 上次交易:暂无数据 | 房屋用途:别墅 | 房屋年限:暂无数据 | 产权所属:非共有 | 抵押信息:有抵押 625万元 | 房本备件:未上传房本照片,客厅 / 56.72平米 / 无 / 落地窗 ; 卧室A / 17.54平米 / 无 / 未知窗户类型 ; 卧室B / 21.83平米 / 西南 / 普通窗 ; 卧室C / 53.62平米 / 无 / 落地窗 ; 厨房 / 4.37平米 / 无 / 落地窗 ; 卫生间A / 3.82平米 / 东北 / 普通窗 ; 卫生间B / 3.86平米 / 无 / 普通窗 ; 阳台A / 4.11平米 / 西南 西北 / 普通窗 ; 阳台B / 2.72平米 / 无 / 落地窗 ; 阳台C / 3.98平米 / 无 / 普通窗 ; 储物间 / 22.04平米 / 无 / 落地窗 ; 地下室 / 36.32平米 / 无 / 落地窗 ; 过道 / 16.11平米 / 无 / 无窗,
懿 花 园 三 房 带 大 露  台,"懿花园 , 观澜",3室2厅,84.99平米,东南,精装,高楼层(共10层),2014年,板楼,483 万,56831 元,4,,,VR房源 | 房本满五年,https://sz.lianjia.com/ershoufang/105112685446.html,VR房源 | 房本满五年,满五年，有附带露台可以种花种菜，使用面积大,和黄懿花园项目（盈峰翠邸）位于横坑水库边，总建筑面积153330㎡，住户共1295户。项目规划为地上建筑4-10层，地下2层，共59栋建筑(其中57栋住宅，2所幼儿园,,"项目位于环观南路(即观天大道)以北，梅观高速以东；梅观高速、机荷高速；
公交站点：
观澜高新园-公交车站
招商观园-公交车站
宝德科技-公交车站",,,2012-11-14,2023-02-16,商品房,普通住宅,满五年,非共有,无抵押,挂牌时间:2023-02-16 | 交易权属:商品房 | 上次交易:2012-11-14 | 房屋用途:普通住宅 | 房屋年限:满五年 | 产权所属:非共有 | 抵押信息:无抵押 | 房本备件:已上传房本照片,客厅 / 22.53平米 / 无 / 未知窗户类型 ; 卧室A / 14.96平米 / 无 / 未知窗户类型 ; 卧室B / 5.66平米 / 南 / 普通窗 ; 卧室C / 8.49平米 / 西 北 / 落地窗 ; 厨房 / 5.38平米 / 无 / 无窗 ; 卫生间A / 3.46平米 / 西 / 普通窗 ; 卫生间B / 3.48平米 / 无 / 无窗 ; 阳台 / 5.97平米 / 东 南 / 普通窗 ; 露台 / 60.36平米 / 西 东 南 / 普通窗 ; 储物间 / 4.22平米 / 西 北 / 落地窗 ; 过道A / 5.14平米 / 无 / 无窗 ; 过道B / 3.94平米 / 西 北 / 落地窗,
高楼层 朝南房源，优质三房，看房方便，业主诚心。,"金地鹭湖1号 , 观澜",3室2厅,88.5平米,南 西南,精装,高楼层(共16层),2018年,塔楼,360 万,40678 元,2,,,VR房源,https://sz.lianjia.com/ershoufang/105116153378.html,VR房源,朝南房源，优质三房，看房方便，业主诚心。,鹭湖1号总共分两期，共11栋。位于龙华区观澜街道梅观高速与环观南路交汇处;鹭湖国际住区项目主打户型产品：建面89㎡三房。还有少量137平和190平复式。 项目占地面积约91197.68平方米，总建筑面积约164150平方米. 小区环境优美，依山傍水，空气质量好.,,公交线路：公交（宝安高新科技园、观澜高新科技园）794、627、663、668、866，517.264.921路等 高速公路：机荷高速公路、梅观高速公路。有轨电车高新区站距离小区300米。出行便利,,,暂无数据,2024-02-27,商品房,普通住宅,暂无数据,非共有,无抵押,挂牌时间:2024-02-27 | 交易权属:商品房 | 上次交易:暂无数据 | 房屋用途:普通住宅 | 房屋年限:暂无数据 | 产权所属:非共有 | 抵押信息:无抵押 | 房本备件:未上传房本照片,客厅 / 25.61平米 / 南 / 普通窗 ; 卧室A / 14平米 / 无 / 未知窗户类型 ; 卧室B / 7.01平米 / 西 / 落地窗 ; 卧室C / 11.72平米 / 无 / 未知窗户类型 ; 厨房 / 4.18平米 / 西 / 普通窗 ; 卫生间 / 4.35平米 / 西 / 普通窗 ; 阳台 / 4.03平米 / 南 / 普通窗 ; 储物间 / 2.08平米 / 无 / 无窗 ; 过道 / 2.95平米 / 无 / 无窗,
大院子 大4房 南北通透 位置安静 业主诚意急售,"金地鹭湖1号 , 观澜",4室2厅,132.8平米,南 北,简装,低楼层(共16层),2015年,塔楼,700 万,52711 元,2,,,VR看装修,https://sz.lianjia.com/ershoufang/105119830396.html,VR看装修,此房满2年 产权清晰  税费低 4房 位置安静 带大院子 业主诚售,鹭湖1号总共分两期，共11栋。位于龙华区观澜街道梅观高速与环观南路交汇处;鹭湖国际住区项目主打户型产品：建面89㎡三房，137平4房和190平复式。 项目占地面积约91197.68平方米，总建筑面积约164150平方米. 小区环境优美，依山傍水，空气质量好.,,多维立体城市干道:环观南路直通平湖，梅观高速直达福田，北通东莞，沈海高速连接深圳前海以及东部坪山以及惠州，潮汕。 龙华有轨电车无缝接驳地铁4号线清湖站。,,,2022-10-20,2025-02-25,商品房,普通住宅,暂无数据,非共有,有抵押 400万元 金融公司垫资,挂牌时间:2025-02-25 | 交易权属:商品房 | 上次交易:2022-10-20 | 房屋用途:普通住宅 | 房屋年限:暂无数据 | 产权所属:非共有 | 抵押信息:有抵押 400万元 金融公司垫资 | 房本备件:已上传房本照片,客厅 / 21.86平米 / 南 / 普通窗 ; 书房 / 14.19平米 / 无 / 无窗 ; 卧室A / 9.19平米 / 无 / 未知窗户类型 ; 卧室B / 9.86平米 / 无 / 无窗 ; 卧室C / 16.69平米 / 无 / 未知窗户类型 ; 卧室D / 10.67平米 / 无 / 未知窗户类型 ; 厨房 / 6.41平米 / 南 / 普通窗 ; 卫生间A / 4.87平米 / 北 / 普通窗 ; 卫生间B / 3.86平米 / 北 / 普通窗 ; 阳台 / 3.48平米 / 南 / 普通窗 ; 过道 / 3.41平米 / 无 / 无窗 ; 衣帽间 / 4.01平米 / 无 / 无窗,
高楼层，东南朝向，采光充足，通风效果好，视野开阔,"阳基御龙山 , 观澜",3室2厅,86.06平米,南,,31层,2018年,板塔结合,300 万,34860 元,1,,,VR看装修 | 随时看房,https://sz.lianjia.com/ershoufang/105120963178.html,VR看装修 | 随时看房,高楼层，东南朝向，采光充足，通风效果好，视野开阔,小区2018年建成，总建筑面积117475，总占地面积20176.4，共计房屋1082户，小区物业公司为深圳市阳基物业管理有限公司，物业管理费3.8元/平方。小区有地面花园，绿化好，有儿童乐园，康乐设施，文体馆，有12班公立幼儿园，门口还有社区公园。,,交通方便，小区门口有公交站，公交可以直达龙华，也可以转乘地铁，离长湖地铁站约1.3公里。,,,暂无数据,2025-06-04,商品房,普通住宅,暂无数据,非共有,有抵押 70万元 客户偿还,挂牌时间:2025-06-04 | 交易权属:商品房 | 上次交易:暂无数据 | 房屋用途:普通住宅 | 房屋年限:暂无数据 | 产权所属:非共有 | 抵押信息:有抵押 70万元 客户偿还 | 房本备件:未上传房本照片,,
自住装修两房，近地铁口，交通出行都很便利,"金泽花园 , 观澜",2室1厅,62.57平米,南,,低楼层(共7层),2002年,板楼,199 万,31805 元,3,,,近地铁 | VR看装修,https://sz.lianjia.com/ershoufang/105120163230.html,地铁 | VR看装修,此房满五唯一，房子业主装修来自住的，装修非常好,,小区外面有福民市场，出门买菜很方便，离医院也是1公里左右，就医方便，另外到地铁口也是1公里左右的距离，出行也是相对比较方便的。,,,,暂无数据,2025-03-24,商品房,普通住宅,暂无数据,非共有,无抵押,挂牌时间:2025-03-24 | 交易权属:商品房 | 上次交易:暂无数据 | 房屋用途:普通住宅 | 房屋年限:暂无数据 | 产权所属:非共有 | 抵押信息:无抵押 | 房本备件:未上传房本照片,客厅 / 24.23平米 / 西南 东北 / 普通窗 ; 卧室A / 7.97平米 / 无 / 未知窗户类型 ; 卧室B / 9.78平米 / 西南 / 普通窗 ; 厨房 / 3.63平米 / 东北 / 普通窗 ; 卫生间 / 3.51平米 / 无 / 无窗 ; 阳台 / 2.11平米 / 西北 东北 / 普通窗,
奥宸观壹城89平3房，精装修价格 便 宜,"奥宸观壹城 , 观澜",3室2厅,87.84平米,南,,低楼层(共34层),2015年,板塔结合,310 万,35292 元,0,,,近地铁 | VR看装修,https://sz.lianjia.com/ershoufang/105121220540.html,地铁 | VR看装修,户型方正，朝向楼层好 满五税费少，业主诚心卖,目占地约五万，总建面达到三十万平米，并且规划为具有70-130平米的住宅、40-80平米的公寓、以及四万平米的商场，小区里面配有水系景观，娱乐健身场所，儿童游乐场等,项目对，面有杜鹃幼儿园未来项目规划自带3200平米的12班中英双语幼儿园以及近的SHOPPINGMAL同时项目地理位置较为靠观澜湖新城未来也可共享观澜商，业旗舰,项目位于观平路与人民路交汇处西北侧，地铁4号线松元夏站旁边，交通比较方便，有公车线路，和观澜汽车总站，有各区班车到达清湖地铁站,,,暂无数据,2025-06-25,商品房,普通住宅,暂无数据,非共有,无抵押,挂牌时间:2025-06-25 | 交易权属:商品房 | 上次交易:暂无数据 | 房屋用途:普通住宅 | 房屋年限:暂无数据 | 产权所属:非共有 | 抵押信息:无抵押 | 房本备件:未上传房本照片,客厅 / 30.98平米 / 北 / 普通窗 ; 卧室A / 7.22平米 / 北 / 落地窗 ; 卧室B / 7.74平米 / 无 / 未知窗户类型 ; 卧室C / 15.84平米 / 无 / 未知窗户类型 ; 厨房 / 5.04平米 / 北 / 普通窗 ; 卫生间 / 2.86平米 / 北 / 普通窗 ; 阳台 / 4.42平米 / 北 / 普通窗,
峰荟业主工作调动至南山诚意出售置换前海,"华盛峰荟名庭 , 观澜",3室2厅,83.83平米,东南,,中楼层(共32层),2016年,板塔结合,350 万,41752 元,0,,,近地铁 | VR看装修,https://sz.lianjia.com/ershoufang/105121464327.html,地铁 | VR看装修,地铁口物业：步行544米达4号线长湖站，3站换乘深圳北站枢纽，,,"医疗：观澜人民医院（500米）+伟光医院（800米）



休闲：观澜人民公园（400米）+九龙山生态长廊



 shopingmall：天虹商场（1.1公里）+宝能all city","地铁：4号线长湖站（544米）+规划江围新村换乘站



公交：悦兴碧澜路口站（200米，M225/M285等10条线路）



自驾：3个红绿灯上梅观高速，直达福田CBD",,,暂无数据,2025-07-16,商品房,普通住宅,暂无数据,非共有,有抵押,挂牌时间:2025-07-16 | 交易权属:商品房 | 上次交易:暂无数据 | 房屋用途:普通住宅 | 房屋年限:暂无数据 | 产权所属:非共有 | 抵押信息:有抵押 | 房本备件:未上传房本照片,,
看高尔夫球场 双阳台户型方正 采光通风良好  三面采光,"正兆 · 茗语华苑 , 观澜",2室2厅,63.94平米,东南,精装,高楼层(共32层),2014年,塔楼,136 万,21270 元,2,,25天以前发布,VR看装修,https://sz.lianjia.com/ershoufang/105122116989.html,VR看装修,满五唯一 朝南  三面采光 通风良好，看高尔夫球场，厅出阳台,开发商 正兆开发  小区一共7栋楼  1736户人家，容积率3.5，绿化率30%,,龙华大道、梅观高速，50分钟直达福田. 楼下就是M 510、M135公交车直达4号线长湖站.28年开通22号线黎光地铁站，直达福田区,,,暂无数据,2025-09-13,商品房,普通住宅,暂无数据,共有,有抵押 60万左右是抵押贷款 业主自还,挂牌时间:2025-09-13 | 交易权属:商品房 | 上次交易:暂无数据 | 房屋用途:普通住宅 | 房屋年限:暂无数据 | 产权所属:共有 | 抵押信息:有抵押 60万左右是抵押贷款 业主自还 | 房本备件:未上传房本照片,,
一楼带花园，前后门，精装3房，居住舒适，看园林美景,"观澜湖比佩亚区 , 观澜",3室1厅,154.83平米,南,,7层,2011年,板塔结合,700 万,45211 元,4,,,VR房源 | 房本满五年,https://sz.lianjia.com/ershoufang/105121020799.html,VR房源 | 房本满五年,一楼带花园，前后门，精装大3房，居住舒适，看园林美景，南北向,观澜湖已经形成国际高尔夫别墅住区，把背景相同、事业有成的人士聚集在一起，创造出生活与事业的平台。在10多平方公里的绿色王国上，建筑覆盖率不到1%，属于纯粹的高尔夫球场中/央物业，完全被球道环/绕，从住宅的任何一个角度，都可以观赏到绿色的景观,小区南门50亿观澜湖新城，观澜湖生态体育公园，观澜天虹商场，兴万达商场等，龙华人民医/院，塘厦人民医/院，小区内有会所/游泳池/健身房/高尔夫业主练习场/穿梭巴士等免费使用园区内有免费巴士接，多条公交直达，高尔夫大道，观光路，观澜大道，观平路等..,园区内有免费巴士接，多条公交直达，高尔夫大道，观光路，观澜大道，观平路等城市主干道环-绕，梅观高速观澜出口2公里，地铁4号线（观澜湖新城站）已开通，观澜湖免费班车随时出行！,,,2015-06-24,2025-06-09,商品房,普通住宅,满五年,非共有,无抵押,挂牌时间:2025-06-09 | 交易权属:商品房 | 上次交易:2015-06-24 | 房屋用途:普通住宅 | 房屋年限:满五年 | 产权所属:非共有 | 抵押信息:无抵押 | 房本备件:已上传房本照片,客厅 / 60.65平米 / 西 北 南 / 普通窗 ; 卧室A / 10.26平米 / 北 / 普通窗 ; 卧室B / 26.28平米 / 无 / 无窗 ; 卧室C / 12.97平米 / 西 / 普通窗 ; 厨房 / 6.79平米 / 北 / 普通窗 ; 卫生间A / 9.36平米 / 无 / 无窗 ; 卫生间B / 4.19平米 / 无 / 无窗 ; 露台 / 78.7平米 / 西 北 南 / 普通窗,
鹏瑞颐璟府 南向三房 高楼层视野采光好,"鹏瑞·颐璟府 , 观澜",3室2厅,89平米,东南,,高楼层(共33层),,塔楼,435 万,48877 元,0,,,VR看装修,https://sz.lianjia.com/ershoufang/105120448341.html,VR看装修,此房高楼层 视野采光好 南北通 装修新,,,,,,2025-05-10,2025-04-18,商品房,普通住宅,未满两年,非共有,有抵押,挂牌时间:2025-04-18 | 交易权属:商品房 | 上次交易:2025-05-10 | 房屋用途:普通住宅 | 房屋年限:未满两年 | 产权所属:非共有 | 抵押信息:有抵押 | 房本备件:已上传房本照片,客厅 / 21.56平米 / 南 / 普通窗 ; 卧室A / 8.46平米 / 西 / 落地窗 ; 卧室B / 13.44平米 / 无 / 未知窗户类型 ; 卧室C / 6.78平米 / 南 / 普通窗 ; 厨房 / 4.87平米 / 西 / 普通窗 ; 卫生间A / 3.81平米 / 北 / 落地窗 ; 卫生间B / 2.96平米 / 西 / 普通窗 ; 阳台 / 7.28平米 / 南 / 普通窗 ; 过道 / 3.52平米 / 无 / 无窗,
联排别墅，精心之作，通透亮丽！,"懿花园 , 观澜",6室1厅,216平米,南 北,精装,1层,2013年,板楼,1900 万,87963 元,0,,,VR房源,https://sz.lianjia.com/ershoufang/105121955391.html,VR房源,此房满五唯一，南北通透，靠近北门，出行方便！,和黄懿花园也叫盈峰翠邸，由和记黄埔地产(深圳)有限公司开发，位于横坑水库。项目规划为地上建筑4-10层，地下2层，共59栋建筑(其中57栋住宅，2所幼儿园，及公建以地下室形式布置于地块南端)。 机动车位：600个；高层地库车位385个，多层地库车位200个,医疗龙华人民第二医院（4600米百度地图测距龙华综合医院在建中3100米百度地图测距新科技园社区健康服务购物商场楼下佳又惠百货医院天虹（2400米百度地图测距,,,,暂无数据,2025-08-29,商品房,别墅,暂无数据,非共有,有抵押 500万元 工商银行 金融公司垫资,挂牌时间:2025-08-29 | 交易权属:商品房 | 上次交易:暂无数据 | 房屋用途:别墅 | 房屋年限:暂无数据 | 产权所属:非共有 | 抵押信息:有抵押 500万元 工商银行 金融公司垫资 | 房本备件:未上传房本照片,客厅 / 66.22平米 / 西 北 南 / 落地窗 ; 多功能间 / 16.78平米 / 西 北 东 南 / 落地窗 ; 卧室A / 17.48平米 / 无 / 普通窗 ; 卧室B / 12.13平米 / 无 / 未知窗户类型 ; 卧室C / 13.45平米 / 西 / 落地窗 ; 卧室D / 18.48平米 / 西 北 东 / 落地窗 ; 卧室E / 31.78平米 / 西 北 南 / 落地窗 ; 厨房 / 11.4平米 / 北 / 普通窗 ; 卫生间A / 3.44平米 / 无 / 无窗 ; 卫生间B / 2.64平米 / 西 / 普通窗 ; 卫生间C / 3.69平米 / 北 / 普通窗 ; 卫生间D / 3.47平米 / 北 / 普通窗 ; 卫生间E / 8.41平米 / 西 / 落地窗 ; 卫生间F / 2.93平米 / 西 / 普通窗 ; 阳台 / 9.4平米 / 西 东 南 / 普通窗 ; 阳台A / 37.79平米 / 西 东 南 / 普通窗 ; 露台 / 50.2平米 / 西 北 东 南 / 普通窗 ; 地下室 / 92.8平米 / 无 / 普通窗 ; 楼梯间 / 4.14平米 / 无 / 无窗 ; 过道A / 20.14平米 / 无 / 无窗 ; 过道B / 7.71平米 / 无 / 无窗 ; 衣帽间 / 11.31平米 / 南 / 普通窗,
招商澜园南区，中高层，方正三房，位置好,"招商澜园 , 观澜",3室2厅,82.68平米,南 北,精装,低楼层(共25层),2010年,板塔结合,450 万,54427 元,5,,,VR房源,https://sz.lianjia.com/ershoufang/105113022580.html,VR房源,招商澜园南区，中高层，方正三房，位置好,小区由招商局地产开发，国家一级物业资质的招商物业管理，小区部分为南北两区，由十三栋高层组成，低密度，是个纯居住的大社区，自带6000平的大花园，人车分流，很适合有老人和小孩的客户，小区自带幼儿园，有固定车位。,配套：观澜街道办 休闲区域：新世纪广场、观澜文化广场， 商场：设施天虹商场、比邻新天地，观澜河湿地公园距离小区近在咫尺。龙华区政府距离小区2公里，属于新区政府辐射范围内。项目：现聚集多家大品牌开发商在此拿地。如：万科 卓 越，阳基,小区门口就有公交站，途径的公交线众多，有轨电车在小区门口文澜站，直接到达清湖地铁口，竹村地铁口 800米，观澜大桥直接可以上机荷高速，多条公交线路到达罗湖，福田,,,暂无数据,2023-03-15,商品房,普通住宅,暂无数据,非共有,有抵押 50万元,挂牌时间:2023-03-15 | 交易权属:商品房 | 上次交易:暂无数据 | 房屋用途:普通住宅 | 房屋年限:暂无数据 | 产权所属:非共有 | 抵押信息:有抵押 50万元 | 房本备件:未上传房本照片,客厅 / 31.42平米 / 南 / 普通窗 ; 卧室A / 9.42平米 / 无 / 未知窗户类型 ; 卧室B / 13.49平米 / 无 / 未知窗户类型 ; 卧室C / 8.86平米 / 西 南 / 落地窗 ; 厨房 / 3.73平米 / 西 / 普通窗 ; 卫生间 / 3.8平米 / 西 / 普通窗 ; 阳台 / 2.78平米 / 南 / 普通窗 ; 阳台A / 2平米 / 西 / 普通窗,
长湖地铁口小户型，业主急卖，看房方便,"华盛峰荟名庭 , 观澜",1室1厅,49.38平米,北,精装,低楼层(共36层),2016年,板塔结合,95 万,19239 元,1,,20天以前发布,近地铁 | VR房源,https://sz.lianjia.com/ershoufang/105122166883.html,地铁 | VR房源,房子安静户型看小区，业主急卖的,,小区楼下有为盛百货，门口有菜市场，500米范围有公园，地铁，医院,,,,暂无数据,2025-09-18,商品房,商务公寓,暂无数据,非共有,无抵押,挂牌时间:2025-09-18 | 交易权属:商品房 | 上次交易:暂无数据 | 房屋用途:商务公寓 | 房屋年限:暂无数据 | 产权所属:非共有 | 抵押信息:无抵押 | 房本备件:未上传房本照片,客厅 / 12.4平米 / 北 / 落地窗 ; 卧室 / 6.85平米 / 北 / 落地窗 ; 厨房 / 2.77平米 / 西 / 普通窗 ; 卫 / 1.47平米 / 南 / 普通窗 ; 阳台 / 1.71平米 / 西 / 普通窗 ; 过道 / 2.42平米 / 无 / 无窗,
房子采光光线好，客厅直出花园平台-比常规的大30平,"懿花园 , 观澜",7室2厅,183.5平米,东南,精装,1层,2013年,板楼,1180 万,64306 元,2,,,VR房源,https://sz.lianjia.com/ershoufang/105121182881.html,VR房源,中间位别墅，业主诚心出售，看房方便,和黄懿花园也叫盈峰翠邸，由和记黄埔地产(深圳)有限公司开发，位于横坑水库。项目规划为地上建筑4-10层，地下2层，共59栋建筑(其中57栋住宅，2所幼儿园，及公建以地下室形式布置于地块南端)。 机动车位：600个；高层地库车位385个，多层地库车位200个,医疗龙华人民第二医院（4600米百度地图测距龙华综合医院在建中3100米百度地图测距新科技园社区健康服务购物商场楼下佳又惠百货医院天虹（2400米百度地图测距,,,,暂无数据,2025-06-22,商品房,普通住宅,暂无数据,非共有,有抵押 460 客户偿还,挂牌时间:2025-06-22 | 交易权属:商品房 | 上次交易:暂无数据 | 房屋用途:普通住宅 | 房屋年限:暂无数据 | 产权所属:非共有 | 抵押信息:有抵押 460 客户偿还 | 房本备件:未上传房本照片,客厅 / 51.93平米 / 南 / 落地窗 ; 书房 / 6.28平米 / 北 / 普通窗 ; 卧室A / 9.08平米 / 南 / 普通窗 ; 卧室B / 14.96平米 / 无 / 未知窗户类型 ; 卧室C / 19.72平米 / 南 / 普通窗 ; 卧室D / 21.31平米 / 北 东 / 落地窗 ; 卧室E / 18.27平米 / 东 南 / 落地窗 ; 卧室F / 8.19平米 / 南 / 普通窗 ; 厨房 / 7平米 / 北 / 普通窗 ; 卫A / 1.92平米 / 南 / 普通窗 ; 卫生间B / 3.9平米 / 无 / 无窗 ; 卫生间C / 4.59平米 / 无 / 无窗 ; 卫生间D / 8.24平米 / 无 / 无窗 ; 卫生间E / 2.85平米 / 北 东 / 普通窗 ; 阳台A / 3.66平米 / 东 南 / 普通窗 ; 阳台B / 38.08平米 / 西 东 南 / 普通窗 ; 露台 / 16.92平米 / 西 北 东 南 / 普通窗 ; 储物间 / 3.82平米 / 无 / 无窗 ; 储物间A / 2.78平米 / 无 / 无窗 ; 储物间B / 5.45平米 / 无 / 无窗 ; 地下室 / 58.11平米 / 无 / 无窗 ; 过道A / 4.56平米 / 无 / 无窗 ; 过道B / 10.35平米 / 无 / 无窗 ; 过道C / 8.98平米 / 无 / 无窗 ; 过道D / 6.87平米 / 东 / 普通窗,
住家装修，高楼层，视野好，品质社区，找我随时可看,"金地天悦湾 , 观澜",4室1厅,170.51平米,东南,,中楼层(共8层),,板塔结合,800 万,46919 元,0,,,VR房源 | 房本满五年,https://sz.lianjia.com/ershoufang/105119656087.html,VR房源 | 房本满五年,住家装修，高楼层，视野好，品质社区，看房方便，拎包入住。,项目位于宝安区观澜街道梅观高速与环观南路交汇处，地处观澜鹭湖国际社区，由金地集团开发建造，金地物业，分两期开发；友邻高尔夫球会，距福田18公里，真正享受城市近郊别墅生活，入则宁静，出则繁华。,观澜湿地公园，新世纪广场、人民公园。商.业设施：天虹商场、格兰郡商.业街。医疗设施：龙华新综合医院；观澜医院。宾馆酒店：格兰云天大酒店。银行：中国银行、工商银行、招商银行。,多维立体交通：多条公交线路途经，无论是福田，罗湖，南山，宝安，龙岗，还是通往前海等区域便利，开车也十分方便.坐车除了公交以外还可以选择轨道交通。轻轨电车，|无缝连接地铁四号线清湖站,,,2020-09-27,2025-02-12,商品房,普通住宅,满五年,非共有,有抵押 490万元 金融公司垫资,挂牌时间:2025-02-12 | 交易权属:商品房 | 上次交易:2020-09-27 | 房屋用途:普通住宅 | 房屋年限:满五年 | 产权所属:非共有 | 抵押信息:有抵押 490万元 金融公司垫资 | 房本备件:已上传房本照片,客厅 / 39.61平米 / 东南 / 落地窗 ; 卧室A / 15.81平米 / 西北 / 落地窗 ; 卧室B / 16.61平米 / 东南 / 落地窗 ; 卧室C / 19.53平米 / 无 / 无窗 ; 卧室D / 14.21平米 / 西北 / 落地窗 ; 厨房 / 9.25平米 / 无 / 落地窗 ; 卫生间A / 6.51平米 / 东北 / 普通窗 ; 卫生间B / 4.96平米 / 东北 / 普通窗 ; 阳台A / 7.27平米 / 东北 / 落地窗 ; 阳台B / 6.12平米 / 东南 / 落地窗 ; 过道 / 7.72平米 / 无 / 无窗 ; 衣帽间 / 2.08平米 / 无 / 无窗,
仁山智水，双拼别墅，花园400左右，钥匙在手,"城建仁山智水花园一期 , 观澜",5室3厅,429.22平米,东,,上叠(共1层),2013年,板楼,4555 万,106123 元,0,,,VR房源,https://sz.lianjia.com/ershoufang/105115782900.html,VR房源,仁山智水，双拼别墅，花园400左右，钥匙在手,城建仁山智水花园位于鹭湖国际住枢地段，深圳市宝安区观澜街道环观南路北侧，东临富安路，南望观澜高新技术园，地处政府规划发展的观澜新区，小区由高层，洋房，上下叠加别墅，联排别墅组成， 毛坯交房 ，总共1445户，车位3150,配套完善；离小区七公里有观澜湖新城，观澜湖新城是观澜湖集团花费50亿打造的大型购物娱乐综合商城，距离观澜天虹商场2.5公里，距离鹭湖社康中 心800米。环观南路已开通有轨电车，接驳清湖地铁站,,,,暂无数据,2024-01-05,商品房,别墅,暂无数据,非共有,有抵押 1000万左右,挂牌时间:2024-01-05 | 交易权属:商品房 | 上次交易:暂无数据 | 房屋用途:别墅 | 房屋年限:暂无数据 | 产权所属:非共有 | 抵押信息:有抵押 1000万左右 | 房本备件:未上传房本照片,客厅 / 98.46平米 / 西南 东北 东南 / 普通窗 ; 餐厅 / 68.62平米 / 无 / 普通窗 ; 卧室A / 13.37平米 / 东北 / 落地窗 ; 卧室B / 13.18平米 / 东北 东南 / 落地窗 ; 卧室C / 17.76平米 / 西南 / 普通窗 ; 卧室D / 42.95平米 / 西南 / 落地窗 ; 厨房 / 6.67平米 / 无 / 普通窗 ; 卫生间A / 6.58平米 / 西北 / 普通窗 ; 卫生间B / 4.3平米 / 西北 / 普通窗 ; 卫生间C / 6.36平米 / 东北 / 普通窗 ; 卫生间D / 23.76平米 / 西南 东北 / 落地窗 ; 阳台 / 13.21平米 / 西南 东南 / 普通窗 ; 阳台A / 14.53平米 / 无 / 无窗 ; 阳台B / 115.2平米 / 西南 西北 东南 / 普通窗 ; 储物间A / 8.39平米 / 东北 / 普通窗 ; 储物间B / 27.61平米 / 西南 东南 / 普通窗 ; 电梯A / 3.25平米 / 无 / 无窗 ; 过道A / 24.23平米 / 无 / 无窗 ; 电梯B / 3.32平米 / 无 / 无窗 ; 过道B / 45.6平米 / 无 / 无窗 ; 电梯C / 3.46平米 / 无 / 无窗 ; 过道C / 18.22平米 / 东北 / 落地窗 ; 电梯D / 3.4平米 / 无 / 无窗 ; 电梯E / 3.25平米 / 无 / 无窗 ; 衣帽间A / 7.24平米 / 西南 / 落地窗 ; 衣帽间B / 13.19平米 / 东北 / 普通窗,
高使用率 精装自住 拎包入住 通透户型,"招商观园 , 观澜",3室2厅,86.79平米,南,精装,中楼层(共18层),2012年,塔楼,398 万,45858 元,6,,,VR房源,https://sz.lianjia.com/ershoufang/105116557358.html,VR房源,高使用率 精装自住 拎包入住 通透户型,招商观园二期共由1、2、3、5、8、9、10、11栋组成，户型面积区间140-180平方米，产品包括市场罕见的板楼复式、洋房产品和少量90平米的园景舒适大两房单，户户安静赏湖、观园，户型设计皆方正实用，户户3个以上阳台.面积阔绰实用,"小区门口有有轨电车高兴科技园西站或高新科技园站,小区自带幼儿园,侧面是鹭湖,以及小区门口是捷顺写字楼和宝能科技,三一重工",招商观园在环观南路(即观天大道)以北，梅观高速以东；邻梅观高速（已于2014年4月1日取消高速收费）、机荷高速，较近的公交站是观澜高新科技园、宝安高新技术园站，经过的路线有E4、772等。有轨电车高新科技园西站，高新园站，出行方便,,,暂无数据,2024-04-02,商品房,普通住宅,暂无数据,非共有,有抵押,挂牌时间:2024-04-02 | 交易权属:商品房 | 上次交易:暂无数据 | 房屋用途:普通住宅 | 房屋年限:暂无数据 | 产权所属:非共有 | 抵押信息:有抵押 | 房本备件:未上传房本照片,客厅 / 33.6平米 / 无 / 未知窗户类型 ; 卧室A / 17.85平米 / 无 / 未知窗户类型 ; 卧室B / 14.06平米 / 南 / 普通窗 ; 卧室C / 11.57平米 / 无 / 未知窗户类型 ; 卧室D / 8.25平米 / 北 / 落地窗 ; 厨房 / 6.65平米 / 南 / 普通窗 ; 卫生间A / 3.56平米 / 北 / 普通窗 ; 卫生间B / 6.19平米 / 北 / 落地窗 ; 阳台A / 3.83平米 / 西 东 南 / 普通窗 ; 阳台B / 8.37平米 / 西 / 落地窗 ; 过道 / 7.31平米 / 无 / 无窗 ; 衣帽间 / 3.33平米 / 无 / 无窗,
户型方正，西南朝向，实用率高，通风采光效,"阳基御龙山 , 观澜",3室1厅,77.77平米,西南,精装,30层,2018年,板塔结合,390 万,50148 元,0,,,VR房源 | 房本满五年,https://sz.lianjia.com/ershoufang/105116926629.html,VR房源 | 房本满五年,三房两厅一卫一阳，户型方正，西南朝向，实用率高，通风采光效,小区2018年建成，总建筑面积117475，总占地面积20176.4，共计房屋1082户，小区物业公司为深圳市阳基物业管理有限公司，物业管理费3.8元/平方。小区有地面花园，绿化好，有儿童乐园，康乐设施，文体馆，有12班公立幼儿园，门口还有社区公园。,,交通方便，小区门口有公交站，公交可以直达龙华，也可以转乘地铁，离长湖地铁站约1.3公里。,,,2019-07-15,2024-05-08,商品房,普通住宅,满五年,非共有,有抵押 客户偿还,挂牌时间:2024-05-08 | 交易权属:商品房 | 上次交易:2019-07-15 | 房屋用途:普通住宅 | 房屋年限:满五年 | 产权所属:非共有 | 抵押信息:有抵押 客户偿还 | 房本备件:已上传房本照片,客厅 / 21.15平米 / 西南 / 普通窗 ; 卧室A / 6平米 / 东南 / 落地窗 ; 卧室B / 12.57平米 / 无 / 未知窗户类型 ; 卧室C / 8.62平米 / 西南 / 普通窗 ; 厨房 / 4.93平米 / 东南 / 普通窗 ; 卫生间 / 3.58平米 / 东北 / 普通窗 ; 阳台 / 3.74平米 / 西南 东南 / 普通窗 ; 过道 / 2.58平米 / 无 / 无窗,
龙华观澜 2房 招商观园 业主自住 精装修 可拎包入住,"招商观园 , 观澜",2室1厅,74.76平米,东南,精装,中楼层(共18层),2012年,塔楼,280 万,37454 元,1,,,VR房源,https://sz.lianjia.com/ershoufang/105116569840.html,VR房源,此房满五年 精装修 过户快 保养好 可拎包入住,招商观园地块位于深圳市宝安区观澜街道环观南路北侧，与观澜高新技术园区隔路相望，邻进梅观高速、机荷高速，占地147595.156平方米，主力产品为140-180㎡大户型和单证89平.,南面是高兴科技园，北面是横坑滨水公园，税务局（1000米百度地图 观湖中 心公园（737米百度地图 医疗龙华医院（4600米百度地图测距龙华综合医院在建中3100米百度地图测距新科技园社区健康服务商场楼下佳又惠百货医院天虹（2400米百度地图测距,轨道交通：有轨电车站台，高新园西站（电车接驳地铁4号线清湖地铁口），公交线路：公交（观澜高新园站）M567、M264、313、E4路等，高速公路：机荷高速公路、梅观高速公路，交通方便。,,,暂无数据,2024-04-03,商品房,普通住宅,暂无数据,非共有,有抵押 50万元 业主自还,挂牌时间:2024-04-03 | 交易权属:商品房 | 上次交易:暂无数据 | 房屋用途:普通住宅 | 房屋年限:暂无数据 | 产权所属:非共有 | 抵押信息:有抵押 50万元 业主自还 | 房本备件:未上传房本照片,客厅 / 20.5平米 / 无 / 普通窗 ; 卧室A / 15.12平米 / 无 / 落地窗 ; 卧室B / 11.32平米 / 无 / 未知窗户类型 ; 厨房 / 3.05平米 / 无 / 普通窗 ; 卫生间 / 3平米 / 无 / 普通窗 ; 阳台 / 3.05平米 / 无 / 落地窗 ; 过道 / 7.85平米 / 无 / 无窗,
地铁口 精装3房 朝南向 楼下商场 位置安静 看房方便,"深业泰然观澜玫瑰苑 , 观澜",3室2厅,88.07平米,南,精装,31层,2016年,板塔结合,319 万,36222 元,3,,,近地铁 | VR房源 | 房本满五年,https://sz.lianjia.com/ershoufang/105114726324.html,地铁 | VR房源 | 房本满五年,此房精装3房业主自己住 保养好 位置安静，近地铁四号线观澜站,小区为 综合体，以空中花园为分开住宅与商场。由深圳市国惠康国泰房地产开发有限公司开发，深业泰然（集团）有限公司控股，成立于1985年的深圳市属国有企业，注册资金8亿元，旗下拥有9家控股企业、2家参股企业资历雄厚,小区自带商 .业，隔壁还有百佳华商场，马路跨国天桥是观澜老街,"小区门距离有轨轨电车-新澜站100米,，接驳清湖地铁口直达福田，楼下就是公交站吉盛酒店大公交站台，另外5公里上龙观快速，4公里上珠三角环线高速，各种交通设施配套齐全，出行便利",,,2019-02-25,2023-09-06,商品房,普通住宅,满五年,非共有,有抵押 15万元 客户偿还,挂牌时间:2023-09-06 | 交易权属:商品房 | 上次交易:2019-02-25 | 房屋用途:普通住宅 | 房屋年限:满五年 | 产权所属:非共有 | 抵押信息:有抵押 15万元 客户偿还 | 房本备件:已上传房本照片,客厅 / 31.01平米 / 东 / 落地窗 ; 卧室A / 10.43平米 / 无 / 未知窗户类型 ; 卧室B / 6.2平米 / 无 / 未知窗户类型 ; 卧室C / 10.12平米 / 东 / 普通窗 ; 厨房 / 5.71平米 / 南 / 落地窗 ; 卫生间 / 2.55平米 / 西 / 普通窗 ; 阳台 / 6.39平米 / 北 东 南 / 普通窗,
招商澜园南区单证、正南向、看花园户型、带车位、龙外,"招商澜园 , 观澜",3室2厅,88.83平米,南,精装,中楼层(共17层),2010年,板塔结合,381 万,42891 元,1,,,近地铁 | VR看装修,https://sz.lianjia.com/ershoufang/105119130535.html,地铁 | VR看装修,房子装修保养好、朝正南向、看花园、带车位、安静位置,招商澜园位于深圳市宝安区观澜街道大和路与环观南路交汇处，地处政府规划发展的观澜新中间区，并成为深圳新的城市象征。低密度的大型高尚社区，小区拥有1500㎡会所、约6000㎡花园、泳池、自带幼儿园：小蜜蜂幼儿园 后面湿地公园,公建配套：观澜街道办 休闲区域：新世纪广场、观澜文化广场， 商场：设施天虹商场、比邻新天地，观澜河湿地公园距离小区近在咫尺。龙华区政府距离小区2公里，属于新区政府辐射范围内。项目：现聚集多家大品牌开发商在此拿地。如：万科 卓 越，阳基,小区门口就有公交站，途径的公交线众多，有轨电车在小区门口文澜站，直接到达清湖地铁口，竹村地铁口 800米，观澜大桥直接可以上机荷高速，多条公交线路到达罗湖，福田,,,暂无数据,2024-12-06,商品房,普通住宅,暂无数据,非共有,有抵押,挂牌时间:2024-12-06 | 交易权属:商品房 | 上次交易:暂无数据 | 房屋用途:普通住宅 | 房屋年限:暂无数据 | 产权所属:非共有 | 抵押信息:有抵押 | 房本备件:未上传房本照片,客厅 / 31.01平米 / 南 / 普通窗 ; 卧室A / 7.62平米 / 西 / 落地窗 ; 卧室B / 11.59平米 / 无 / 未知窗户类型 ; 卧室C / 11.94平米 / 无 / 未知窗户类型 ; 厨房 / 4.5平米 / 无 / 无窗 ; 卫生间 / 3.85平米 / 无 / 无窗 ; 阳台 / 5.19平米 / 南 / 普通窗 ; 过道 / 4.24平米 / 无 / 无窗,
招商观园4-1-1-2 161.12m,"招商观园 , 观澜",4室1厅,161.12平米,南,,低楼层(共18层),2012年,塔楼,730 万,45308 元,3,,,VR房源 | 房本满五年,https://sz.lianjia.com/ershoufang/105119795340.html,VR房源 | 房本满五年,高使用率 精装自住 拎包入住 通透户型,招商观园地块位于深圳市宝安区观澜街道环观南路北侧，与观澜高新技术园区隔路相望，邻进梅观高速、机荷高速，占地147595.156平方米，招商观园2期将近期推出全新升级力作中.央园林湖景单位，主力产品为140-180㎡大户型和少量89平,南面是高兴科技园，北面是横坑滨水公园，税务局（1000米百度地图 观湖中 心公园（737米百度地图 医疗龙华医院（4600米百度地图测距龙华综合医院在建中3100米百度地图测距新科技园社区健康服务商场楼下佳又惠百货医院天虹（2400米百度地图测距,公交线路：公交（观澜高新园站）M567、M264、313、E4路等，出小区约50米 有轨电车站台（电车接驳地铁4号线清湖地铁口），高速公路：机荷高速公路、梅观高速公路，交通方便。,,,2012-07-17,2025-02-22,商品房,普通住宅,满五年,非共有,有抵押,挂牌时间:2025-02-22 | 交易权属:商品房 | 上次交易:2012-07-17 | 房屋用途:普通住宅 | 房屋年限:满五年 | 产权所属:非共有 | 抵押信息:有抵押 | 房本备件:已上传房本照片,客厅 / 33.67平米 / 北 / 普通窗 ; 卧室A / 8.74平米 / 北 / 落地窗 ; 卧室B / 20.1平米 / 北 东 / 普通窗 ; 卧室C / 13.12平米 / 南 / 落地窗 ; 卧室D / 11.71平米 / 无 / 未知窗户类型 ; 厨房 / 8.83平米 / 东 / 落地窗 ; 洗手间 / 2.48平米 / 无 / 无窗 ; 卫生间A / 7.7平米 / 无 / 未知窗户类型 ; 卫生间B / 3.56平米 / 南 / 普通窗 ; 阳台A / 13.59平米 / 北 东 / 普通窗 ; 阳台B / 5.97平米 / 西 北 东 / 普通窗 ; 储物间A / 2.59平米 / 无 / 无窗 ; 储物间B / 4.94平米 / 东 南 / 落地窗 ; 过道 / 7.57平米 / 无 / 无窗 ; 门厅 / 8.9平米 / 无 / 无窗 ; 衣帽间 / 7.66平米 / 无 / 无窗,
地铁口4号线 长湖站 华盛峰荟89平4房 满五年税费少,"华盛观荟名庭 , 观澜",3室2厅,79.51平米,南,精装,高楼层(共32层),2018年,板塔结合,300 万,37732 元,6,,,近地铁 | VR看装修 | 房本满五年,https://sz.lianjia.com/ershoufang/105119369794.html,地铁 | VR看装修 | 房本满五年,地铁口4号线 长湖站 华盛峰荟89平4房 满五年税费少,,小区楼下观荟里墒业街，为盛抄市。医院：龙华中芯医院，深圳伟光医院，广东医学院附属观澜医院；其他：观澜人民公园，狮经公园，九龙山，观澜河。,,,,2017-05-15,2025-01-01,商品房,普通住宅,满五年,非共有,无抵押,挂牌时间:2025-01-01 | 交易权属:商品房 | 上次交易:2017-05-15 | 房屋用途:普通住宅 | 房屋年限:满五年 | 产权所属:非共有 | 抵押信息:无抵押 | 房本备件:已上传房本照片,客厅 / 23.91平米 / 南 / 普通窗 ; 卧室A / 5.61平米 / 东 / 普通窗 ; 卧室B / 12.58平米 / 无 / 未知窗户类型 ; 卧室C / 10.42平米 / 无 / 未知窗户类型 ; 厨房 / 4.58平米 / 南 / 普通窗 ; 卫生间 / 4.55平米 / 北 / 普通窗 ; 阳台 / 3.28平米 / 西 东 南 / 普通窗 ; 储物间 / 2.13平米 / 无 / 无窗,
地铁口，高楼层，东南朝向，配套齐全,"合正观澜汇二期 , 观澜",3室2厅,96.28平米,东南,精装,29层,2023年,板塔结合,460 万,47778 元,0,,,近地铁 | VR房源,https://sz.lianjia.com/ershoufang/105119037927.html,地铁 | VR房源,地铁口物业 两年次新房  东南朝向 高楼层视野开阔,小区由6栋32层的住宅组一个围合式的花园，楼间距宽敞。花园游泳池，有儿童乐园，环形跑道。,楼下就是深圳第二大天虹商场，是集休闲娱乐、餐饮、购物为一体的综合商场，生活很方便，自带幼儿园。,200米到4号线茜坑地铁站，去龙华福田南山很方便。楼下有公交站。,,,2020-12-05,2024-11-27,商品房,普通住宅,暂无数据,非共有,有抵押,挂牌时间:2024-11-27 | 交易权属:商品房 | 上次交易:2020-12-05 | 房屋用途:普通住宅 | 房屋年限:暂无数据 | 产权所属:非共有 | 抵押信息:有抵押 | 房本备件:已上传房本照片,客厅 / 25.67平米 / 东 / 普通窗 ; 卧室A / 12.91平米 / 无 / 未知窗户类型 ; 卧室B / 6.66平米 / 无 / 未知窗户类型 ; 卧室C / 10.64平米 / 无 / 未知窗户类型 ; 厨房 / 4.77平米 / 北 / 普通窗 ; 卫生间A / 3.89平米 / 北 / 普通窗 ; 卫生间B / 4.05平米 / 西 / 普通窗 ; 阳台 / 4.93平米 / 北 东 / 普通窗 ; 过道 / 3.02平米 / 无 / 无窗,
低密度小区，满五唯一好房，正朝南朝向，看房方便,"格澜郡二期 , 观澜",4室1厅,119.2平米,南,精装,中楼层(共11层),2007年,板塔结合,449 万,37668 元,2,,,近地铁 | VR看装修,https://sz.lianjia.com/ershoufang/105119881349.html,地铁 | VR看装修,房子满五唯一，税费少，视野开阔，业主诚意急卖,小区由中航开发，由30多栋小高层住宅组成，主力户型为70平至140平三房和143平至175平四房，小区有游泳池，人车分流。,观澜世纪广场，观澜河湿地走廊，观澜天虹商场，格澜郡步行街，福城天虹商场，格兰云天酒店龙华区政府。,有轨电车世纪广场站地铁茜坑站，公交车，观澜天虹站格澜郡站，沈海高速龙华北入口梅观高速观澜入口,,,暂无数据,2025-03-01,商品房,普通住宅,暂无数据,共有,无抵押,挂牌时间:2025-03-01 | 交易权属:商品房 | 上次交易:暂无数据 | 房屋用途:普通住宅 | 房屋年限:暂无数据 | 产权所属:共有 | 抵押信息:无抵押 | 房本备件:未上传房本照片,客厅 / 41.38平米 / 无 / 未知窗户类型 ; 卧室A / 9.11平米 / 无 / 无窗 ; 卧室B / 9.71平米 / 西 东南 / 落地窗 ; 卧室C / 15.77平米 / 无 / 未知窗户类型 ; 卧室D / 14.85平米 / 无 / 未知窗户类型 ; 厨房 / 5.19平米 / 东北 / 普通窗 ; 卫生间A / 4.04平米 / 西北 / 普通窗 ; 卫生间B / 3.71平米 / 西南 / 普通窗 ; 阳台 / 3.35平米 / 西北 东北 东南 / 普通窗 ; 过道 / 4.23平米 / 无 / 无窗,
观澜西坑地铁口，业主诚心出售。,"合正观澜汇二期 , 观澜",3室2厅,96平米,西南,精装,32层,2023年,,560 万,58334 元,1,,,近地铁 | VR房源,https://sz.lianjia.com/ershoufang/105118451129.html,地铁 | VR房源,此房满二税费低格局方正，楼层好视野开阔配套设齐全,合正品牌开发商，小区是2023年新社区，2023年1月精装修交房，小区共计6栋，三梯六户，户型方正，小区自带泳池。居住便捷舒适,小区地段好，交通便利，楼下就是地铁茜坑站，福城天虹商场。配套完善，上班族，通勤便利，户型方正，宜居家。观影，餐饮，购物，休闲一站式。格兰云天大酒店，观澜天虹商场，凯美居广场，观澜湖新城,,,,暂无数据,2024-09-30,商品房,普通住宅,暂无数据,非共有,有抵押 400万元 招行 业主自还,挂牌时间:2024-09-30 | 交易权属:商品房 | 上次交易:暂无数据 | 房屋用途:普通住宅 | 房屋年限:暂无数据 | 产权所属:非共有 | 抵押信息:有抵押 400万元 招行 业主自还 | 房本备件:未上传房本照片,客厅 / 24.61平米 / 西 东 / 落地窗 ; 卧室A / 13.65平米 / 无 / 未知窗户类型 ; 卧室B / 7.6平米 / 无 / 未知窗户类型 ; 卧室C / 8.28平米 / 无 / 未知窗户类型 ; 厨房 / 5.35平米 / 无 / 无窗 ; 卫生间A / 5.09平米 / 东 / 落地窗 ; 卫生间B / 4.24平米 / 西 / 普通窗 ; 阳台 / 4.45平米 / 北 东 / 普通窗 ; 过道 / 3.16平米 / 无 / 无窗,
近4号线茜坑地铁口跟天虹，交通生活都方便,"合正观澜汇二期 , 观澜",3室2厅,96.44平米,东南,精装,32层,2023年,板塔结合,485 万,50291 元,0,,,近地铁 | VR房源,https://sz.lianjia.com/ershoufang/105118566896.html,地铁 | VR房源,房子东南向，装修好，中高楼层采光通风好,小区分为四期开发，百万大盘。这是二期，有六栋，地面花园，小区空间还是比较大的，一路之隔就是天虹商场以及茜坑地铁站，生活交通便利。,,小区两百米就是4号线茜坑地铁口以及天虹商场公交站台，交通方便。,,,暂无数据,2024-10-12,商品房,普通住宅,暂无数据,非共有,有抵押,挂牌时间:2024-10-12 | 交易权属:商品房 | 上次交易:暂无数据 | 房屋用途:普通住宅 | 房屋年限:暂无数据 | 产权所属:非共有 | 抵押信息:有抵押 | 房本备件:未上传房本照片,客厅 / 30.14平米 / 东 南 / 落地窗 ; 卧室A / 6.43平米 / 无 / 未知窗户类型 ; 卧室B / 12.45平米 / 无 / 未知窗户类型 ; 卧室C / 10.11平米 / 无 / 未知窗户类型 ; 厨房 / 4.76平米 / 南 / 普通窗 ; 卫生间A / 4.14平米 / 西 / 普通窗 ; 卫生间B / 3.75平米 / 南 / 普通窗 ; 过道 / 3.01平米 / 无 / 无窗,
朝南端户多阳台，看花园三房，税少,"懿花园 , 观澜",3室2厅,89.54平米,东南,简装,低楼层(共10层),2014年,板楼,350 万,39089 元,0,,,VR看装修 | 随时看房,https://sz.lianjia.com/ershoufang/105120863633.html,VR看装修 | 随时看房,端户采光好，原登记价高无个税，三个房间比同户型面积大。,和黄懿花园也叫盈峰翠邸，由和记黄埔地产(深圳)有限公司开发，位于横坑水库。项目规划为地上建筑4-10层，地下2层，共59栋建筑(其中57栋住宅，2所幼儿园，及公建以地下室形式布置于地块南端)。 机动车位：600个；高层地库车位385个，多层地库车位200个。,商场天虹商场观澜湖新城观澜人民医院邮局平安银行建设银行浦发银行工商银行农业银行其他樟坑径市场观澜高尔夫球会山水田园,公交线路：公交（宝安高新科技园、观澜高新科技园）794、627、663、668、866，517.264.921路等 高速公路：机荷高速公路、梅观高速公路。有轨电车高新区站距离小区300米。,,,暂无数据,2025-05-26,商品房,普通住宅,暂无数据,非共有,有抵押 200万元 建设,挂牌时间:2025-05-26 | 交易权属:商品房 | 上次交易:暂无数据 | 房屋用途:普通住宅 | 房屋年限:暂无数据 | 产权所属:非共有 | 抵押信息:有抵押 200万元 建设 | 房本备件:未上传房本照片,,
金地天悦湾 1室0厅 南 北,"金地天悦湾 , 观澜",1室0厅,171.49平米,南 北,,高楼层(共8层),2012年,板塔结合,860 万,50149 元,0,,,VR房源,https://sz.lianjia.com/ershoufang/105121200761.html,VR房源,,,,,,,暂无数据,2025-06-24,商品房,普通住宅,暂无数据,非共有,暂无数据,挂牌时间:2025-06-24 | 交易权属:商品房 | 上次交易:暂无数据 | 房屋用途:普通住宅 | 房屋年限:暂无数据 | 产权所属:非共有 | 抵押信息:暂无数据 | 房本备件:未上传房本照片,卧室 / 11.63平米 / 北 西北 东北 / 落地窗,
鹭湖壹号业主自住装修三房两卫业主诚心出售,"金地鹭湖1号 , 观澜",3室2厅,89平米,南 北,,16层,2015年,塔楼,370 万,41574 元,0,,,VR看装修,https://sz.lianjia.com/ershoufang/105121641363.html,VR看装修,此房满五年，户型方正，住家装修品质好，安静位置。,鹭湖1号总共分两期，共11栋。位于龙华区观澜街道梅观高速与环观南路交汇处;鹭湖国际住区项目主打户型产品:建面89㎡三房。还有少量137平和190平复式。项目占地面积约91197.68平方米，总建筑面积约164150平方米.小区环境优美，依山傍水，空气质量好.,,,,,暂无数据,2025-08-01,商品房,普通住宅,暂无数据,非共有,有抵押,挂牌时间:2025-08-01 | 交易权属:商品房 | 上次交易:暂无数据 | 房屋用途:普通住宅 | 房屋年限:暂无数据 | 产权所属:非共有 | 抵押信息:有抵押 | 房本备件:未上传房本照片,,
观澜湖赛维纳6楼两套打通户型精装修视野开阔,"观澜湖赛维纳 , 观澜",2室1厅,63.87平米,东南,,中楼层(共9层),2003年,板楼,238 万,37264 元,1,,,VR房源 | 房本满五年,https://sz.lianjia.com/ershoufang/105121437871.html,VR房源 | 房本满五年,赛维纳两套打通的  中间楼层  视野开阔景观好  带免费巴士,,小区南门50亿观澜湖新城，观澜湖生态体育公园，观澜天虹商场，兴万达商场等，龙	华人民医/院，塘厦人民医/院，小区内有会所/游泳池/健身房/高尔夫业主练习场/穿梭巴士等免费使用。,"园区内有免费巴士接，多条公交直达，高尔夫大道，观光路，观澜大道，观平路等城	
市主干道环-绕，梅观高速观澜出口2公里，地铁4号线(观澜湖新城站)已开通，观澜湖免费班车随时出行。",,,2016-09-21,2025-07-14,商品房,普通住宅,满五年,非共有,有抵押,挂牌时间:2025-07-14 | 交易权属:商品房 | 上次交易:2016-09-21 | 房屋用途:普通住宅 | 房屋年限:满五年 | 产权所属:非共有 | 抵押信息:有抵押 | 房本备件:已上传房本照片,客厅 / 36.99平米 / 东北 / 落地窗 ; 卧室A / 11.49平米 / 西南 / 普通窗 ; 卧室B / 19.54平米 / 东北 / 落地窗 ; 厨房 / 5.74平米 / 西南 / 普通窗 ; 卫生间A / 4.85平米 / 西南 / 普通窗 ; 卫生间B / 5.45平米 / 无 / 无窗 ; 阳台 / 5.75平米 / 东北 / 落地窗,
四号线长湖地铁口 高层四房 满五唯一业主急售,"华盛峰荟名庭 , 观澜",4室2厅,83.83平米,西北,精装,高楼层(共32层),2016年,板塔结合,335 万,39962 元,0,,,近地铁 | VR看装修,https://sz.lianjia.com/ershoufang/105120922419.html,地铁 | VR看装修,满五唯一，必看好房，高层四房，业主急卖,小区楼下观荟里墒业街，为盛抄市。医院：龙华中芯医院，深圳伟光医院，广东医学院附属观澜医院；其他：观澜人民公园，狮经公园，九龙山，观澜公园,,,,,暂无数据,2025-06-01,商品房,普通住宅,暂无数据,非共有,有抵押 50万元 . 业主自还,挂牌时间:2025-06-01 | 交易权属:商品房 | 上次交易:暂无数据 | 房屋用途:普通住宅 | 房屋年限:暂无数据 | 产权所属:非共有 | 抵押信息:有抵押 50万元 . 业主自还 | 房本备件:未上传房本照片,,
华盛观荟名庭 4室2厅 南,"华盛观荟名庭 , 观澜",4室2厅,89.3平米,南,精装,低楼层(共32层),2018年,板塔结合,420 万,47033 元,1,,,近地铁 | VR房源,https://sz.lianjia.com/ershoufang/105121997007.html,地铁 | VR房源,,,,,,,暂无数据,2025-09-02,商品房,普通住宅,暂无数据,非共有,有抵押 220万元 客户偿还,挂牌时间:2025-09-02 | 交易权属:商品房 | 上次交易:暂无数据 | 房屋用途:普通住宅 | 房屋年限:暂无数据 | 产权所属:非共有 | 抵押信息:有抵押 220万元 客户偿还 | 房本备件:未上传房本照片,,
奥宸观壹城108平四房二卫  通风采光好近 地 铁,"奥宸观壹城 , 观澜",4室2厅,108.45平米,东南,,中楼层(共34层),2018年,板塔结合,420 万,38728 元,2,,,近地铁 | VR看装修,https://sz.lianjia.com/ershoufang/105121821430.html,地铁 | VR看装修,满五唯一，横厅户型使用 率 高   中间层，采光好,小区占地40000，总建面达到300000平米，小区绿化好，并且规划为具有70-130平米的住宅、40-80平米的公寓、以及50000平米的业态，整体的规模未来在观澜也将不容小觑。尽管当前观澜片区发展不一，但奥宸观壹城交通及配套规划好,小区自带3200平12班幼儿园，旁边还有松元幼儿园。交通方便，有地铁4号线延长线-松元夏站，距离小区900米，商-业类：自带5商-业，及龙华最-大商-业-观澜湖新城,4号线松元厦站，距离600米（高德地图） 购物：观澜湖新城，有餐饮，培训，娱乐及一体化,,,暂无数据,2025-08-17,商品房,普通住宅,暂无数据,非共有,有抵押 180万元 中国银行,挂牌时间:2025-08-17 | 交易权属:商品房 | 上次交易:暂无数据 | 房屋用途:普通住宅 | 房屋年限:暂无数据 | 产权所属:非共有 | 抵押信息:有抵押 180万元 中国银行 | 房本备件:未上传房本照片,,
90双层灵动空间买一层享两层 空间翻倍,"美佳华首誉 , 观澜",2室2厅,90平米,东南,精装,高楼层(共28层),2013年,板塔结合,347 万,38556 元,0,,,近地铁 | VR房源,https://sz.lianjia.com/ershoufang/105121653587.html,地铁 | VR房源,90双层灵动空间买一层享两层租金空间翻倍,"品牌开发商：美佳华集团打造，品质物业保障，社区维护度高。

低密宜居：绿化35%，闹中取静，居住舒适性优于普通公寓。

配套完善：自带购物综合体，下楼即享购物、餐饮、娱乐一站式服务。

独立产权：70年产权公寓（民水民电），远高商办类产品。",,"4号线（观澜湖站）步行约800米，30MIN直达深圳北站，50MIN到福田CBD。  
自驾：梅观高速、外环快速10MIN达龙华CBD，20MIN至龙岗/光明。",,,暂无数据,2025-08-02,商品房,商务公寓,暂无数据,非共有,有抵押 210万元 客户偿还,挂牌时间:2025-08-02 | 交易权属:商品房 | 上次交易:暂无数据 | 房屋用途:商务公寓 | 房屋年限:暂无数据 | 产权所属:非共有 | 抵押信息:有抵押 210万元 客户偿还 | 房本备件:未上传房本照片,,
招商澜园一房一厅小户型 简单装修 高楼层视野好,"招商澜园 , 观澜",1室1厅,52.12平米,南,精装,中楼层(共25层),2010年,板塔结合,213 万,40868 元,2,,,VR看装修 | 随时看房,https://sz.lianjia.com/ershoufang/105117634070.html,VR看装修 | 随时看房,此房满五年，朝南 看花园的 位置安静可以看观澜河,小区由招商局地产开发，国家一级物业资质的招商物业管理，小区部分为南北两区，由十三栋高层组成，低密度，是个纯居住的大社区，自带6000平的大花园，人车分流，很适合有老人和小孩的客户，小区自带幼儿园，有固定车位。,观澜街道办 休闲区域：新世纪广场、观澜文化广场， 商场：设施天虹商场、比邻新天地，观澜河湿地公园距离小区近在咫尺。龙华区政府距离小区2公里，属于新区政府辐射范围内。项目：现聚集多家大品牌开发商在此拿地。如：万科 卓 越，阳基,小区门口就有公交站，途径的公交线众多，有轨电车在小区门口文澜站，直接到达清湖地铁口，竹村地铁口 800米，观澜大桥直接可以上机荷高速，多条公交线路到达罗湖，福田,,,暂无数据,2024-07-17,商品房,普通住宅,暂无数据,非共有,有抵押 120万元,挂牌时间:2024-07-17 | 交易权属:商品房 | 上次交易:暂无数据 | 房屋用途:普通住宅 | 房屋年限:暂无数据 | 产权所属:非共有 | 抵押信息:有抵押 120万元 | 房本备件:未上传房本照片,卧室 / 19.88平米 / 南 / 普通窗 ; 厨房 / 4.04平米 / 南 / 普通窗 ; 卫生间 / 3.73平米 / 南 / 普通窗 ; 阳台 / 6.12平米 / 南 / 普通窗 ; 过道 / 3.83平米 / 无 / 无窗 ; 门厅 / 4.36平米 / 南 / 落地窗,
四号线茜坑地铁口高层三房业主诚意卖,"合正观澜汇二期 , 观澜",3室2厅,96.1平米,东南,精装,32层,2023年,,487 万,50677 元,1,,,近地铁 | VR房源,https://sz.lianjia.com/ershoufang/105118560445.html,地铁 | VR房源,业主诚意卖，高层三房 必买好房,小区由6栋32层的住宅组一个围合式的花园，楼间距宽敞。花园游泳池，有儿童乐园，环形跑道，旁边就是福城天虹,楼下就是深圳第二大福城天虹商场，是集休闲娱乐、餐饮、购物为一体的综合商场，生活很方便。,200米到4号线茜坑地铁站，去龙华福田南山很方便。楼下有公交站,,,暂无数据,2024-10-11,商品房,普通住宅,暂无数据,非共有,有抵押 业主自还,挂牌时间:2024-10-11 | 交易权属:商品房 | 上次交易:暂无数据 | 房屋用途:普通住宅 | 房屋年限:暂无数据 | 产权所属:非共有 | 抵押信息:有抵押 业主自还 | 房本备件:未上传房本照片,客厅 / 27.74平米 / 北 南 / 普通窗 ; 卧室A / 13.77平米 / 无 / 未知窗户类型 ; 卧室B / 7.79平米 / 无 / 未知窗户类型 ; 卧室C / 8.39平米 / 无 / 未知窗户类型 ; 厨房 / 4.95平米 / 南 / 普通窗 ; 卫生间A / 4.64平米 / 北 / 落地窗 ; 卫生间B / 4.09平米 / 南 / 普通窗 ; 阳台 / 4.23平米 / 北 东 / 普通窗,
珑门一期，满五唯一，精装修，领包入住,"珑门 , 观澜",3室1厅,86.22平米,南,精装,30层,2016年,板塔结合,385 万,44654 元,0,,,VR房源,https://sz.lianjia.com/ershoufang/105119990072.html,VR房源,文体公园 精装修复式 拎包即住 四房两卫 随时看房,次新小区，地下三层车库，车位充足，人车分流，小区内环境优美，绿化良好,,,,,暂无数据,2025-03-10,商品房,普通住宅,暂无数据,非共有,有抵押 客户偿还,挂牌时间:2025-03-10 | 交易权属:商品房 | 上次交易:暂无数据 | 房屋用途:普通住宅 | 房屋年限:暂无数据 | 产权所属:非共有 | 抵押信息:有抵押 客户偿还 | 房本备件:未上传房本照片,客厅 / 22.15平米 / 西北 东北 / 普通窗 ; 卧室A / 8.94平米 / 西南 西北 / 普通窗 ; 卧室B / 12平米 / 无 / 未知窗户类型 ; 卧室C / 5.77平米 / 东 / 落地窗 ; 厨房 / 3.89平米 / 东北 / 普通窗 ; 卫生间A / 3.37平米 / 北 / 落地窗 ; 卫生间B / 2.93平米 / 无 / 无窗 ; 阳台A / 2.44平米 / 西南 西北 东北 / 普通窗 ; 阳台B / 2.81平米 / 东北 东南 / 普通窗 ; 过道 / 2.86平米 / 无 / 无窗,
合正观澜汇 二期 地铁茜坑站 税费少 精装修 诚意出售,"合正观澜汇二期 , 观澜",3室1厅,96.48平米,东南,精装,32层,2023年,,450 万,46642 元,0,,29天以前发布,近地铁 | VR房源 | 随时看房,https://sz.lianjia.com/ershoufang/105122065538.html,地铁 | VR房源 | 随时看房,此房满2年，开发商精装修，保养好，诚意出售,小区由32层的住宅组一个围合式的花园楼间距宽敞花园游泳池有儿童乐园环形跑道,楼下就是深圳第二大天虹商场，是集休闲娱乐、餐饮、购物为一体的综合商场，生活很方便，自带幼儿园。,200米到4号线茜坑地铁站，去龙华福田南山很方便。楼下有公交站，,,,2023-09-19,2025-09-09,商品房,普通住宅,暂无数据,非共有,有抵押 200万元,挂牌时间:2025-09-09 | 交易权属:商品房 | 上次交易:2023-09-19 | 房屋用途:普通住宅 | 房屋年限:暂无数据 | 产权所属:非共有 | 抵押信息:有抵押 200万元 | 房本备件:已上传房本照片,客厅 / 26.15平米 / 西 / 普通窗 ; 卧室A / 10.56平米 / 无 / 未知窗户类型 ; 卧室B / 12.87平米 / 西 / 落地窗 ; 卧室C / 6.84平米 / 无 / 未知窗户类型 ; 厨房 / 4.74平米 / 南 / 普通窗 ; 卫生间A / 3.98平米 / 东 / 普通窗 ; 卫生间B / 3.97平米 / 南 / 普通窗 ; 阳台 / 4.67平米 / 西 南 / 普通窗 ; 过道 / 2.91平米 / 无 / 无窗,
复式格局，使用率高，视野开阔，税费低,"格澜郡二期 , 观澜",5室1厅,114.6平米,南 北,精装,高楼层(共18层),2007年,板塔结合,620 万,54102 元,0,,,近地铁 | VR房源 | 房本满五年 | 随时看房,https://sz.lianjia.com/ershoufang/105117904994.html,地铁 | VR房源 | 房本满五年 | 随时看房,房子楼层好，视野开阔，采光好，业主诚心出售,中航格澜郡位于深圳龙华区观湖街道，东临龙华大道，西临沿河路，南起环观南路，北至求知路。其北面即为观澜世纪广场与文化艺术场所，与龙华区区委办仅一河之隔，可谓是尊贵地段，尽享龙华政治、文化、商 业的优势。整个小区为苏格兰风情大社区,综合商场：天虹商场、福城天虹、民乐福购物场所 医院：观澜人民医院 邮局：观澜邮局 银行：农业银行，浦发银行，建设银行，中国工商银行 其他：文化艺术场所、体育活动场所,"有轨电车世纪广场站，大和站，地铁四号线茜坑站，竹村站，中航格澜郡公交站的有B652路545路、M264路等6条公交线路.公交站分别是大和路口(157米),观澜天虹商场(419米),格兰云天酒店(569米)等。出行更加方便",,,2011-08-05,2024-08-10,商品房,普通住宅,满五年,共有,有抵押,挂牌时间:2024-08-10 | 交易权属:商品房 | 上次交易:2011-08-05 | 房屋用途:普通住宅 | 房屋年限:满五年 | 产权所属:共有 | 抵押信息:有抵押 | 房本备件:已上传房本照片,客厅 / 49.83平米 / 北 南 / 落地窗 ; 多功能间 / 26.65平米 / 南 / 普通窗 ; 卧室A / 10.16平米 / 北 / 普通窗 ; 卧室B / 11.27平米 / 无 / 未知窗户类型 ; 卧室C / 14.6平米 / 南 / 落地窗 ; 卫生间A / 3.93平米 / 无 / 未知窗户类型 ; 卫生间B / 3.75平米 / 西 / 普通窗 ; 阳台A / 5.04平米 / 北 / 落地窗 ; 阳台B / 6.08平米 / 南 / 普通窗 ; 阁楼 / 18.37平米 / 北 / 普通窗 ; 过道 / 2.81平米 / 无 / 无窗,
奥宸观壹城69平米二房 精装修 视野景观好,"奥宸观壹城 , 观澜",2室2厅,69.77平米,东,,中楼层(共33层),2018年,板塔结合,250 万,35833 元,0,,12天以前发布,近地铁 | VR看装修,https://sz.lianjia.com/ershoufang/105122243357.html,地铁 | VR看装修,满二唯一 只需要契税  自住装修费花了五十个  业主急卖,目占地约五万，总建面达到三十万平米，并且规划为具有70-130平米的住宅、40-80平米的公寓、以及四万平米的商场，小区里面配有水系景观，娱乐健身场所，儿童游乐场等,项目对，面有杜鹃幼儿园未来项目规划自带3200平米的12班中英双语幼儿园同时项目地理位置较为靠观澜湖新城未来也可共享观澜商，业旗舰,项目位于观平路与人民路交汇处西北侧，地铁4号线  22号线松元夏站旁边，交通比较方便，有公车线路，和观澜汽车总站，有各区班车到达清湖地铁站,,,暂无数据,2025-09-25,商品房,普通住宅,暂无数据,非共有,无抵押,挂牌时间:2025-09-25 | 交易权属:商品房 | 上次交易:暂无数据 | 房屋用途:普通住宅 | 房屋年限:暂无数据 | 产权所属:非共有 | 抵押信息:无抵押 | 房本备件:未上传房本照片,,
地铁4号线 华盛观荟5房 得房率高 业主诚意出售,"华盛观荟名庭 , 观澜",5室2厅,141.72平米,南 北,毛坯,中楼层(共32层),2018年,板塔结合,670 万,47277 元,4,,,近地铁 | VR看装修 | 随时看房,https://sz.lianjia.com/ershoufang/105113082964.html,地铁 | VR看装修 | 随时看房,诚意出售4号线地铁口南北通透5房,小区分两期开发，一期由公寓和住宅，二期三栋住宅。小区一期楼下是商 业，三楼是空中花园，三楼以上是住宅，一共有二栋一栋是公寓二栋是住宅，二期的小户型是2018年下半年才精装交房，次新房，居住舒适，二期自带泳池和园林,商场：楼下就是购物广场，以及天虹、人人乐，比邻新天地医院：观澜人民医院 深圳市龙华新区慢性病防治.观澜医院竹村社区健康服务邮局：中国邮政 中国邮政 观澜邮政局银行：中国建设银行，深圳市农村商.业银行。中国农业银行等，以及格兰云天酒店,公交;，福民影剧院;M337路M464路， 1经泗黎路与观光路，3个红绿灯到达梅观高速，梅观高速快速到达福田区； 2．通过观澜大道转机荷高速，可快速到达龙岗，宝安机场等等，出行方便。4号地铁离小区仅500米，换乘到深圳各区,,,暂无数据,2023-03-20,商品房,普通住宅,暂无数据,非共有,有抵押 249万元 0 业主自还,挂牌时间:2023-03-20 | 交易权属:商品房 | 上次交易:暂无数据 | 房屋用途:普通住宅 | 房屋年限:暂无数据 | 产权所属:非共有 | 抵押信息:有抵押 249万元 0 业主自还 | 房本备件:未上传房本照片,客厅 / 39.67平米 / 北 南 / 普通窗 ; 卧室A / 10.58平米 / 无 / 未知窗户类型 ; 卧室B / 10.9平米 / 北 / 普通窗 ; 卧室C / 17.94平米 / 无 / 未知窗户类型 ; 卧室D / 13.7平米 / 无 / 未知窗户类型 ; 卧室E / 10.03平米 / 南 / 普通窗 ; 厨房 / 9.91平米 / 无 / 未知窗户类型 ; 卫生间A / 5.87平米 / 无 / 未知窗户类型 ; 卫生间B / 5.58平米 / 无 / 未知窗户类型 ; 阳台A / 2.54平米 / 西 北 东 / 普通窗 ; 阳台B / 8.24平米 / 西 东 南 / 普通窗,
业主诚心出售，高层朝南采光通风佳,"华盛观荟名庭 , 观澜",4室2厅,89.27平米,东南,精装,高楼层(共32层),2016年,板塔结合,392 万,43912 元,1,,,近地铁 | VR房源 | 房本满五年 | 随时看房,https://sz.lianjia.com/ershoufang/105113784420.html,地铁 | VR房源 | 房本满五年 | 随时看房,房子满五唯一，业主诚心出售，高楼层，采光通风好,小区分两期开发，一期由公寓和住宅，二期三栋住宅。小区一期楼下是商 业，三楼是空中花园，三楼以上是住宅，一共有二栋一栋是公寓二栋是住宅，二期的小户型是2018年下半年才精装交房，次新房，居住舒适，二期自带泳池和园林,楼下就是大润发购物广场，以及天虹、人人乐，比邻新天地医院：观澜人民医院 深圳市龙华新区慢性病防治.观澜医院竹村社区健康服务邮局：中国邮政 中国邮政 观澜邮政局银行：中国建设银行，深圳市农村商.业银行。中国农业银行等，以及格兰云天酒店,福民影剧院;M337路M464路， 1经泗黎路与观光路，3个红绿灯到达梅观高速，梅观高速快速到达福田区； 2．通过观澜大道转机荷高速，可快速到达龙岗，宝安机场等等,,,2017-05-04,2023-05-25,商品房,普通住宅,满五年,非共有,有抵押 220万元,挂牌时间:2023-05-25 | 交易权属:商品房 | 上次交易:2017-05-04 | 房屋用途:普通住宅 | 房屋年限:满五年 | 产权所属:非共有 | 抵押信息:有抵押 220万元 | 房本备件:已上传房本照片,客厅 / 23.38平米 / 无 / 无窗 ; 卧室A / 13.36平米 / 无 / 未知窗户类型 ; 卧室B / 10.34平米 / 无 / 未知窗户类型 ; 卧室C / 5.76平米 / 无 / 普通窗 ; 厨房 / 4.19平米 / 无 / 普通窗 ; 卫生间A / 4.46平米 / 无 / 普通窗 ; 卫生间B / 4.1平米 / 无 / 普通窗 ; 阳台 / 4.7平米 / 无 / 无窗 ; 储物间 / 5.1平米 / 无 / 无窗 ; 过道 / 3.14平米 / 无 / 无窗,
此房满五唯一，红本在售无欠款，环境优美，依山傍水,"招商观园 , 观澜",7室4厅,259平米,南,精装,1层,2012年,塔楼,2788 万,107645 元,0,,,VR房源,https://sz.lianjia.com/ershoufang/105121815174.html,VR房源,此房满五唯一，红本在售无欠款，环境优美，依山傍水,招商观园地块位于深圳市宝安区观澜街道环观南路北侧，与观澜高新技术园区隔路相望，邻进梅观高速、机荷高速，占地147595.156平方米，招商观园2期将近期推出全新升级力作中.央园林湖景单位，主力产品为140-180㎡大户型和少量90平,,公交线路：公交（观澜高新园站）M567、M264、313、E4路等，出小区约100有轨电车站台（电车接驳地铁4号线清湖地铁口），高速公路：机荷高速公路、梅观高速公路，交通方便,,,暂无数据,2025-08-16,商品房,别墅,暂无数据,非共有,有抵押 1000万元,挂牌时间:2025-08-16 | 交易权属:商品房 | 上次交易:暂无数据 | 房屋用途:别墅 | 房屋年限:暂无数据 | 产权所属:非共有 | 抵押信息:有抵押 1000万元 | 房本备件:未上传房本照片,,
采光通风良好 看一线高尔夫球场 景观好,"观澜湖赛维纳 , 观澜",1室1厅,63.52平米,北,精装,低楼层(共9层),2003年,板楼,145 万,22828 元,0,,,VR看装修,https://sz.lianjia.com/ershoufang/105118941247.html,VR看装修,观澜湖精装修住宅 一线高尔夫景观 满五唯一 保养好 采光充足,观澜湖已经形成国际高尔夫别墅住区，把背景相同、事业有成的人士聚集在一起，创造出生活与事业的平台。在10多平方公里的绿色王国上，建筑覆盖率不到1%，属于纯粹的高尔夫球场中/央物业，完全被球道环/绕，从住宅的任何一个角度，都可以观赏到绿色的景观,小区南门50亿观澜湖新城，观澜湖生态体育公园，观澜天虹商场，兴万达商场等，龙华人民医/院，塘厦人民医/院，小区内有会所/游泳池/健身房/高尔夫业主练习场/穿梭巴士等免费使用,园区内有免费巴士接，多条公交直达，高尔夫大道，观光路，观澜大道，观平路等城市主干道环-绕，梅观高速观澜出口2公里，地铁4号线（观澜湖新城站）已开通，观澜湖免费班车随时出行！,,,暂无数据,2024-11-17,商品房,普通住宅,暂无数据,非共有,有抵押,挂牌时间:2024-11-17 | 交易权属:商品房 | 上次交易:暂无数据 | 房屋用途:普通住宅 | 房屋年限:暂无数据 | 产权所属:非共有 | 抵押信息:有抵押 | 房本备件:未上传房本照片,,
精装3房2卫 中间楼层 户型方正 格局好 干净整洁漂亮,"珑门二期 , 观澜",3室2厅,82.64平米,东南,精装,中楼层(共33层),2018年,板塔结合,340 万,41143 元,1,,,VR房源 | 随时看房,https://sz.lianjia.com/ershoufang/105112269225.html,VR房源 | 随时看房,刚需置业3房，中间楼层，格局好，小区为全封闭式社区，干净整洁,小区为全封闭式社区，人车分流地下3层停车场车位1:1.1，全智能社区刷卡到户，智能可视对讲系统，24小时安保及监控安全放心；小区为3梯6户公用部分宽敞舒适；小区临校背靠体育公园；2公里可到花仙谷生态园和绿色跑道，整体适合居家！,,门口E巴士和高快24等上下班快线高速直达福田/罗湖； 2公里4个红绿灯可上梅观高速和龙观快速！,,,暂无数据,2022-12-13,商品房,普通住宅,暂无数据,非共有,有抵押 100万元 业主自还,挂牌时间:2022-12-13 | 交易权属:商品房 | 上次交易:暂无数据 | 房屋用途:普通住宅 | 房屋年限:暂无数据 | 产权所属:非共有 | 抵押信息:有抵押 100万元 业主自还 | 房本备件:未上传房本照片,客厅 / 22.49平米 / 无 / 未知窗户类型 ; 卧室A / 5.65平米 / 北 东 / 落地窗 ; 卧室B / 12.07平米 / 无 / 未知窗户类型 ; 卧室C / 8.88平米 / 无 / 未知窗户类型 ; 厨房 / 5.65平米 / 北 东 / 落地窗 ; 卫生间A / 3平米 / 北 / 普通窗 ; 卫生间B / 3.79平米 / 东 南 / 落地窗 ; 阳台 / 1.5平米 / 西 东 南 / 普通窗 ; 过道 / 2.89平米 / 无 / 无窗,
精装方正三房，满五唯一，离地铁近,"陶润懿峰 , 观澜",3室2厅,74.24平米,南,精装,高楼层(共32层),2016年,板塔结合,340 万,45798 元,2,,,近地铁 | VR房源,https://sz.lianjia.com/ershoufang/105114909369.html,地铁 | VR房源,此房满5唯一税费少，精装3房，地铁4号线朝南采光好通风好。,2016年3月左右，精装交楼小区很新，观澜河湿地公园就在小区旁边车库出入口有新建一个公园，环境优美，居民都喜欢在河边散步，龙华区政府就在小区北面，,观澜天虹，福城天虹。医院：龙华观澜医院，新建有一个观澜综合人民医院，银行：中国邮政大河支局，中国银行，工商银行，招商银行农业银行，建设银行，休闲娱乐：人民公园，新世纪广场，湿地公园,小区门口就有公交站，途经的公交线众多，多条线路到达福田，罗湖。正大门左边有轨道电车在小区门口，文澜站直到清湖地铁口，观澜大桥可以直接上济河高速，正大门右边700米竹村地铁口。,,,暂无数据,2023-09-26,商品房,普通住宅,暂无数据,非共有,无抵押,挂牌时间:2023-09-26 | 交易权属:商品房 | 上次交易:暂无数据 | 房屋用途:普通住宅 | 房屋年限:暂无数据 | 产权所属:非共有 | 抵押信息:无抵押 | 房本备件:未上传房本照片,客厅 / 26.47平米 / 南 / 普通窗 ; 卧室A / 10.26平米 / 无 / 未知窗户类型 ; 卧室B / 9.03平米 / 西 / 落地窗 ; 卧室C / 6平米 / 无 / 未知窗户类型 ; 厨房 / 4.57平米 / 无 / 未知窗户类型 ; 卫生间 / 2.6平米 / 西 / 普通窗 ; 阳台 / 4.11平米 / 南 / 普通窗,
高楼层，南北通透，采光充足，通风效果好，视野开阔,"阳基御龙山 , 观澜",3室1厅,88.1平米,南 西南 北,精装,30层,2018年,板塔结合,380 万,43133 元,0,,,VR房源,https://sz.lianjia.com/ershoufang/105119698576.html,VR房源,高楼层，南北通透，采光充足，通风效果好，视野开阔,小区2018年建成，总建筑面积117475，总占地面积20176.4，共计房屋1082户，小区物业公司为深圳市阳基物业管理有限公司，物业管理费3.8元/平方。小区有地面花园，绿化好，有儿童乐园，康乐设施，文体馆，有12班公立幼儿园，门口还有社区公园。,,交通方便，小区门口有公交站，公交可以直达龙华，也可以转乘地铁，离长湖地铁站约1.3公里。,,,暂无数据,2025-02-15,商品房,普通住宅,暂无数据,非共有,有抵押 318万元 平安银行，经营贷,挂牌时间:2025-02-15 | 交易权属:商品房 | 上次交易:暂无数据 | 房屋用途:普通住宅 | 房屋年限:暂无数据 | 产权所属:非共有 | 抵押信息:有抵押 318万元 平安银行，经营贷 | 房本备件:未上传房本照片,客厅 / 27.28平米 / 无 / 未知窗户类型 ; 卧室A / 6.42平米 / 无 / 未知窗户类型 ; 卧室B / 7.82平米 / 无 / 未知窗户类型 ; 卧室C / 18.46平米 / 西南 东北 / 普通窗 ; 厨房 / 4.89平米 / 西南 / 普通窗 ; 卫生间A / 4.43平米 / 东北 / 普通窗 ; 卫生间B / 3.2平米 / 东北 / 普通窗 ; 阳台 / 5.49平米 / 西南 西北 / 普通窗,
招商观园独立方正户型 带30平小院,"招商观园 , 观澜",2室1厅,88.79平米,南,简装,低楼层(共18层),2012年,塔楼,399 万,44938 元,2,,,VR看装修 | 随时看房,https://sz.lianjia.com/ershoufang/105119172200.html,VR看装修 | 随时看房,满五年，红本 在手，无欠款，户型方正带30平小院,招商观园地块位于深圳市宝安区观澜街道环观南路北侧，与观澜高新技术园区隔路相望，邻进梅观高速、机荷高速，占地147595.156平方米，主力住宅产品为140-180㎡大户型和单证89平，别墅产品独栋，三拼等,南面是高兴科技园，北面是横坑滨水公园，税务局（1000米百度地图 观湖中 心公园（737米百度地图 医疗龙华医院（4600米百度地图测距龙华综合医院在建中3100米百度地图测距新科技园社区健康服务商场楼下佳又惠百货医院天虹（2400米百度地图测,轨道交通：有轨电车站台，高新园西站（电车接驳地铁4号线清湖地铁口），公交线路：公交（观澜高新园站）M567、M264、313、E4路等，高速公路：机荷高速公路、梅观高速公路，交通方便。,,,暂无数据,2024-12-11,商品房,普通住宅,暂无数据,非共有,无抵押,挂牌时间:2024-12-11 | 交易权属:商品房 | 上次交易:暂无数据 | 房屋用途:普通住宅 | 房屋年限:暂无数据 | 产权所属:非共有 | 抵押信息:无抵押 | 房本备件:未上传房本照片,客厅 / 23.59平米 / 无 / 无窗 ; 卧室A / 11.5平米 / 无 / 未知窗户类型 ; 卧室B / 17.96平米 / 无 / 未知窗户类型 ; 厨房 / 21.17平米 / 西 / 普通窗 ; 卫生间 / 8.01平米 / 无 / 未知窗户类型,
澜园南区小高层，大花园，使用率高安静，业主诚心出售,"招商澜园 , 观澜",4室2厅,54.93平米,南,,低楼层(共11层),2010年,板塔结合,283 万,51521 元,0,,,近地铁 | VR房源 | 房本满五年,https://sz.lianjia.com/ershoufang/105119958502.html,地铁 | VR房源 | 房本满五年,住家装修，保养很好，带固定车位，大花园低密度。,小区由招商局地产开发，国家一级物业资质的招商物业管理，小区部分为南北两区，由十三栋高层组成，低密度，是个纯居住的大社区，自带6000平的大花园，人车分流，很适合有老人和小孩的客户，小区自带幼儿园，有固定车位。,观澜街道办 休闲区域：新世纪广场、观澜文化广场， 商场：设施天虹商场、比邻新天地，观澜河湿地公园距离小区近在咫尺。龙华区政府距离小区2公里，属于新区政府辐射范围内。项目：现聚集多家大品牌开发商在此拿地。如：万科 卓 越，阳基,小区门口就有公交站，途径的公交线众多，有轨电车在小区门口文澜站，直接到达清湖地铁口，竹村地铁口 800米，观澜大桥直接可以上机荷高速，多条公交线路到达罗湖，福田等地,,,2012-05-24,2025-03-07,商品房,普通住宅,满五年,非共有,有抵押,挂牌时间:2025-03-07 | 交易权属:商品房 | 上次交易:2012-05-24 | 房屋用途:普通住宅 | 房屋年限:满五年 | 产权所属:非共有 | 抵押信息:有抵押 | 房本备件:已上传房本照片,客厅 / 17.2平米 / 无 / 无窗 ; 卧室A / 8.74平米 / 无 / 未知窗户类型 ; 卧室B / 11.07平米 / 西 / 落地窗 ; 卧室C / 15.5平米 / 南 / 普通窗 ; 卫生间 / 5.72平米 / 无 / 未知窗户类型 ; 阳台 / 6.33平米 / 西 南 / 普通窗,
联排别墅 上下五层 前后带院子 固定双车位 业主诚售,"金地天悦湾 , 观澜",8室3厅,287.32平米,西南 东北,毛坯,1层,2012年,板塔结合,2370 万,82487 元,0,,,VR房源 | 房本满五年,https://sz.lianjia.com/ershoufang/105119900503.html,VR房源 | 房本满五年,此房满五唯一 产权清晰 上下五层 联排别墅 前后带花园 诚意,项目位于宝安区观澜街道梅观高速与环观南路交汇处，地处观澜鹭湖国际社区，由金地集团开发建造，金地物业，分两期开发；友邻高尔夫球会，距福田18公里，真正享受城市近郊别墅生活，入则宁静，出则繁华。,观澜湿地公园，新世纪广场、人民公园。商.业设施：观澜湖新城，天虹商场、格兰郡商.业街。教育设施、。医疗设施：龙华综合医院； 酒店：格兰云天大酒店。银行：平安，中行、工行、招行,多维立体交通，多条公交线路途经，无论是福田，罗湖，南山还是通往宝安前海等区域便利，开车也十分方便.坐车除了公交以外还可以选择门口轻轨电车，无缝连接地铁四号线清湖站；目前22号线高铁也在修建，三年后有望实现,,,2015-11-08,2025-03-02,商品房,普通住宅,满五年,非共有,有抵押 500万元 兴业银 金融公司垫资,挂牌时间:2025-03-02 | 交易权属:商品房 | 上次交易:2015-11-08 | 房屋用途:普通住宅 | 房屋年限:满五年 | 产权所属:非共有 | 抵押信息:有抵押 500万元 兴业银 金融公司垫资 | 房本备件:已上传房本照片,餐厅 / 9.53平米 / 无 / 落地窗 ; 客厅A / 40.58平米 / 无 / 普通窗 ; 客厅B / 45.72平米 / 无 / 普通窗 ; 客厅C / 40.62平米 / 无 / 落地窗 ; 卧室A / 20.16平米 / 无 / 普通窗 ; 卧室B / 18.67平米 / 无 / 无窗 ; 卧室C / 19.45平米 / 无 / 普通窗 ; 卧室D / 16.44平米 / 无 / 普通窗 ; 厨房 / 7.68平米 / 无 / 普通窗 ; 卫生间A / 4.9平米 / 无 / 普通窗 ; 卫生间B / 10.89平米 / 无 / 普通窗 ; 卫生间C / 4.73平米 / 无 / 普通窗 ; 卫生间D / 11.42平米 / 无 / 普通窗 ; 阳台A / 6.36平米 / 无 / 普通窗 ; 阳台B / 5.92平米 / 无 / 普通窗 ; 阳台C / 21.94平米 / 无 / 普通窗 ; 储物间A / 18.44平米 / 无 / 无窗 ; 储物间B / 4.4平米 / 无 / 无窗 ; 储C / 2.92平米 / 无 / 无窗 ; 储物间C / 5.55平米 / 无 / 无窗 ; 地下室 / 38.7平米 / 无 / 无窗 ; 电梯 / 2.69平米 / 无 / 无窗 ; 过道A / 16.63平米 / 无 / 无窗 ; 过道B / 17.88平米 / 无 / 落地窗 ; 过道C / 26.12平米 / 无 / 落地窗 ; 过道D / 18.18平米 / 无 / 落地窗 ; 过道E / 19.33平米 / 无 / 落地窗 ; 衣帽间A / 5.23平米 / 无 / 普通窗 ; 衣帽间B / 5.22平米 / 无 / 无窗,
万科九龙山三房两卫位置安静中高层看花园,"万科九龙山 , 观澜",3室1厅,87.16平米,东 东南,精装,高楼层(共33层),2016年,板楼,299 万,34305 元,0,,25天以前发布,VR房源 | 房本满五年,https://sz.lianjia.com/ershoufang/105122106054.html,VR房源 | 房本满五年,房子价低，具体可谈价，随时可以看房子，位置安静楼层好,,,小区楼下就是公交站，可接驳四号线地铁站，自驾龙澜大道快速路接驳福龙路到达深圳北站和福田，以及接驳在建中的侨城东路北延到达南山，此外珠三角高速和沈海高速快速通达深圳各区,,,2015-08-06,2025-09-12,商品房,普通住宅,满五年,非共有,有抵押 100万元 交通银行 金融公司垫资,挂牌时间:2025-09-12 | 交易权属:商品房 | 上次交易:2015-08-06 | 房屋用途:普通住宅 | 房屋年限:满五年 | 产权所属:非共有 | 抵押信息:有抵押 100万元 交通银行 金融公司垫资 | 房本备件:已上传房本照片,客厅 / 25.83平米 / 南 / 普通窗 ; 卧室A / 8.54平米 / 无 / 未知窗户类型 ; 卧室B / 6.93平米 / 无 / 未知窗户类型 ; 卧室C / 11.52平米 / 东 南 / 落地窗 ; 厨房 / 4.22平米 / 东 / 普通窗 ; 卫生间A / 2.8平米 / 北 / 普通窗 ; 卫生间B / 2.79平米 / 无 / 无窗 ; 阳台 / 3.94平米 / 南 / 普通窗 ; 过道 / 4.57平米 / 无 / 无窗,
金地鹭湖1号 3室2厅 西南,"金地鹭湖1号 , 观澜",3室2厅,89.54平米,西南,精装,高楼层(共16层),2015年,塔楼,435 万,48582 元,0,,,VR房源,https://sz.lianjia.com/ershoufang/105121178071.html,VR房源,,,,,,,暂无数据,2025-06-22,商品房,普通住宅,暂无数据,非共有,无抵押,挂牌时间:2025-06-22 | 交易权属:商品房 | 上次交易:暂无数据 | 房屋用途:普通住宅 | 房屋年限:暂无数据 | 产权所属:非共有 | 抵押信息:无抵押 | 房本备件:未上传房本照片,客厅 / 26.49平米 / 南 / 普通窗 ; 卧室A / 8.11平米 / 无 / 未知窗户类型 ; 卧室B / 12.83平米 / 无 / 未知窗户类型 ; 卧室C / 10.73平米 / 南 / 落地窗 ; 厨房 / 4.93平米 / 西 / 普通窗 ; 卫生间A / 4.43平米 / 无 / 未知窗户类型 ; 卫生间B / 3.18平米 / 西 / 普通窗 ; 阳台 / 3.15平米 / 东 南 / 普通窗 ; 过道 / 2.91平米 / 无 / 无窗,
满五刚需4房朝东南采光好，价格便宜,"珑门二期 , 观澜",4室2厅,87平米,东南,精装,33层,2018年,板塔结合,348 万,40000 元,0,,,VR看装修 | 房本满五年,https://sz.lianjia.com/ershoufang/105121503800.html,VR看装修 | 房本满五年,满五刚需4房朝东南采光好，价格便宜,小区为全封闭式社区，人车分流地下3层停车场车位1:1.1，全智能社区刷卡到户，智能可视对讲系统，24小时安保及监控安全放心；小区为3梯6户公用部分宽敞舒适；小区临校背靠体育公园；2公里可到花仙谷生态园和绿色跑道，整体适合居家,,门口E巴士和高快24等上下班快线高速直达福田/罗湖； 2公里4个红绿灯可上梅观高速和龙观快速！,,,2019-09-26,2025-07-19,商品房,普通住宅,满五年,非共有,有抵押 258万元 中国银行 业主自还,挂牌时间:2025-07-19 | 交易权属:商品房 | 上次交易:2019-09-26 | 房屋用途:普通住宅 | 房屋年限:满五年 | 产权所属:非共有 | 抵押信息:有抵押 258万元 中国银行 业主自还 | 房本备件:已上传房本照片,,
满五唯一，业主诚心卖，环境很好，依山傍水.,"招商锦绣观园 , 观澜",2室1厅,63.87平米,东南,简装,高楼层(共28层),2014年,板楼,188 万,29435 元,0,,26天以前发布,VR看装修 | 房本满五年 | 随时看房,https://sz.lianjia.com/ershoufang/105122099170.html,VR看装修 | 房本满五年 | 随时看房,满五唯一，业主诚心卖，环境很好，依山傍水，价格可以谈,适合刚需人群，一家三口，年轻上班族，老年退休人群，环境很好，空气nice,,,,,2014-01-04,2025-09-11,商品房,普通住宅,满五年,非共有,无抵押,挂牌时间:2025-09-11 | 交易权属:商品房 | 上次交易:2014-01-04 | 房屋用途:普通住宅 | 房屋年限:满五年 | 产权所属:非共有 | 抵押信息:无抵押 | 房本备件:已上传房本照片,,
带车位 澜园精装三房 保养好 满五年唯一,"招商澜园 , 观澜",3室2厅,82.07平米,南,精装,低楼层(共25层),2010年,板塔结合,386 万,47034 元,2,,,近地铁 | VR看装修 | 随时看房,https://sz.lianjia.com/ershoufang/105121297200.html,地铁 | VR看装修 | 随时看房,此房满五唯一，红本在手，朝南户型，精装修，安静不吵。,小区是招商置业开发，自带物业公司，小区管理好，治安严格，适合住家。,,,,房子业主一手买来没有欠款了，红本在手，产权清晰，办理过户手续快。,暂无数据,2025-07-02,商品房,普通住宅,暂无数据,非共有,无抵押,挂牌时间:2025-07-02 | 交易权属:商品房 | 上次交易:暂无数据 | 房屋用途:普通住宅 | 房屋年限:暂无数据 | 产权所属:非共有 | 抵押信息:无抵押 | 房本备件:未上传房本照片,,
水库旁 绿道口 看山景 两室两厅,"招商锦绣观园 , 观澜",2室2厅,62平米,西南,精装,中楼层(共28层),2014年,板楼,188 万,30323 元,3,,,VR看装修,https://sz.lianjia.com/ershoufang/105121655560.html,VR看装修,看山景，安静，楼层适中，视野宽阔，采光充足，配套设施齐全。,,出小区大门就是龙华环城绿道入口、茜坑水库，两公里内有行知九年书包、天虹商场、茜坑地铁、茜坑露营广场。,小区有公交总站接驳到地铁口，出小区大门就上龙澜快速干道，转福龙路到市区半小时可达，到高速口三公里即可,,,暂无数据,2025-08-02,商品房,普通住宅,暂无数据,共有,无抵押,挂牌时间:2025-08-02 | 交易权属:商品房 | 上次交易:暂无数据 | 房屋用途:普通住宅 | 房屋年限:暂无数据 | 产权所属:共有 | 抵押信息:无抵押 | 房本备件:未上传房本照片,,
550平精装叠拼 独立地下室 拎包入住 随时看房,"城建仁山智水花园二期 , 观澜",5室2厅,203.71平米,西南,精装,高楼层(共6层),2013年,板塔结合,1680 万,82471 元,0,,29天以前发布,VR房源 | 随时看房,https://sz.lianjia.com/ershoufang/105122062051.html,VR房源 | 随时看房,使用面积大， 精装修，拎包入住，税费各付,仁山智水由深圳市城市建设开发公司开发，小区占地近200000平，总建筑面积为557584.63㎡，住宅282053.6㎡，商铺5860㎡，幼儿园3500.08㎡，建筑主体包括95栋住宅楼，其中有83栋低多层住宅及8栋高层和4栋高层，住宅共1445户，车位3158个,商场：天虹商场、观澜湖新城，格兰郡购物街：观澜人民医院，深圳市第二人民医院。邮局：中国邮政银行：工商银行、农业银行其他：陶贞源酒店、樟坑径市场、观澜高尔夫球会、山水田园、乡村俱乐部等,公交（观澜高新园站）M517、M264、313、E4路等，出小区约100有轨电车站台（电车接驳地铁4号线清湖地铁口），高速公路：机荷高速公路、梅观高速公路，交通方便。以后规划的有22号地铁线可看规划图,,,暂无数据,2025-09-08,商品房,普通住宅,暂无数据,共有,有抵押 200万元,挂牌时间:2025-09-08 | 交易权属:商品房 | 上次交易:暂无数据 | 房屋用途:普通住宅 | 房屋年限:暂无数据 | 产权所属:共有 | 抵押信息:有抵押 200万元 | 房本备件:未上传房本照片,,
四号线长湖地铁口 高层四房 满五唯一业主急售,"华盛峰荟名庭 , 观澜",4室2厅,83.83平米,西北,精装,高楼层(共32层),2016年,板塔结合,335 万,39962 元,0,,,近地铁 | VR看装修,https://sz.lianjia.com/ershoufang/105120922419.html,地铁 | VR看装修,满五唯一，必看好房，高层四房，业主急卖,小区楼下观荟里墒业街，为盛抄市。医院：龙华中芯医院，深圳伟光医院，广东医学院附属观澜医院；其他：观澜人民公园，狮经公园，九龙山，观澜公园,,,,,暂无数据,2025-06-01,商品房,普通住宅,暂无数据,非共有,有抵押 50万元 . 业主自还,挂牌时间:2025-06-01 | 交易权属:商品房 | 上次交易:暂无数据 | 房屋用途:普通住宅 | 房屋年限:暂无数据 | 产权所属:非共有 | 抵押信息:有抵押 50万元 . 业主自还 | 房本备件:未上传房本照片,,
观澜湖200平双拼大平面 少有带200平独立大露台 手快有,"观澜豪园 , 观澜",4室2厅,200平米,南,,高楼层(共6层),,板塔结合,680 万,34000 元,0,,,近地铁 | VR房源,https://sz.lianjia.com/ershoufang/105121437991.html,地铁 | VR房源,此房 南北通格局 楼层好 视野开阔 采光充足 配套设施..,该小区地理位置优越，这里环境幽雅，人文气息浓厚，位于观澜湖AAAAA级高尔夫球会里，空气清新，舒适！房间内通风采光好，干净整洁，围绕景观而建，小区环境幽雅，绿.化率高，适合居家！,有公园 教育集中 医院 商场 银行 地铁酒店等 吃住行教育娱乐全齐,交通很便利 有环保自行车 近公交地铁站 离高速口近 通勤很方便,,,暂无数据,2025-07-14,商品房,普通住宅,暂无数据,非共有,无抵押,挂牌时间:2025-07-14 | 交易权属:商品房 | 上次交易:暂无数据 | 房屋用途:普通住宅 | 房屋年限:暂无数据 | 产权所属:非共有 | 抵押信息:无抵押 | 房本备件:未上传房本照片,卧室 / 27.08平米 / 无 / 未知窗户类型 ; 卫生间 / 6.51平米 / 西 南 / 普通窗 ; 衣帽间 / 4.02平米 / 无 / 无窗,
两房一卫东南朝向风景好保养如新,"爱心家园 , 观澜",2室2厅,65.39平米,东南,精装,低楼层(共27层),,板塔结合,180 万,27528 元,1,,,VR房源,https://sz.lianjia.com/ershoufang/105120930334.html,VR房源,东南朝向通风，采光充足视野好，在建职业院校，地铁22号线；,,在建的地铁22号线，以及职业院校，上接东莞，下启深圳，交通便利。,,,,暂无数据,2025-06-02,商品房,普通住宅,暂无数据,非共有,无抵押,挂牌时间:2025-06-02 | 交易权属:商品房 | 上次交易:暂无数据 | 房屋用途:普通住宅 | 房屋年限:暂无数据 | 产权所属:非共有 | 抵押信息:无抵押 | 房本备件:未上传房本照片,客厅 / 20.76平米 / 西北 / 普通窗 ; 卧室A / 9.37平米 / 无 / 未知窗户类型 ; 卧室B / 6.6平米 / 无 / 未知窗户类型 ; 厨房 / 3.63平米 / 无 / 无窗 ; 卫生间 / 2.63平米 / 无 / 未知窗户类型 ; 阳台 / 3.89平米 / 西南 西北 / 普通窗 ; 过道 / 1.29平米 / 无 / 无窗 ; 门厅 / 7.57平米 / 西南 / 落地窗,
四面采光，没有暗房，边户，环境优美！,"招商锦绣观园 , 观澜",2室2厅,63.87平米,东南,精装,中楼层(共28层),2014年,,196 万,30688 元,2,,,VR看装修 | 房本满五年 | 随时看房,https://sz.lianjia.com/ershoufang/105120997201.html,VR看装修 | 房本满五年 | 随时看房,此房满五唯一，采光好，23年新装修，保养的好。诚意出售。,环境优美，东临华观快速路，北临茜坊水库，出大门左边就是环城绿道，老村露营地，小区内环境优美，空气清新，居住环境舒适。,园内有九个班幼儿园，社康，社区活动室，恒温游泳池，楼下有巴士首未站，二公里内有茜坑地铁站，竹村地铁站,,,,2011-07-20,2025-06-07,商品房,普通住宅,满五年,非共有,有抵押 50万元 业主自还,挂牌时间:2025-06-07 | 交易权属:商品房 | 上次交易:2011-07-20 | 房屋用途:普通住宅 | 房屋年限:满五年 | 产权所属:非共有 | 抵押信息:有抵押 50万元 业主自还 | 房本备件:已上传房本照片,,
装修保养很好。满五年税少！诚心出售。等待有缘人,"懿花园 , 观澜",5室2厅,183平米,西南,精装,1层,2013年,板楼,1240 万,67760 元,0,,,VR房源,https://sz.lianjia.com/ershoufang/105118298632.html,VR房源,现代风格，人见人爱，保养很好。满五年税少！,和黄懿花园也叫盈峰翠邸，由和记黄埔地产(深圳)有限公司开发，位于横坑水库。项目规划为地上建筑4-10层，地下2层，共59栋建筑(其中57栋住宅，2所幼儿园，及公建以地下室形式布置于地块南端)。 机动车位：600个；高层地库车位385个。,,公交线路：公交（宝安高新科技园、观澜高新科技园）794、627、663、668、866，517.264.921路等 高速公路：机荷高速公路、梅观高速公路。有轨电车高新区站距离小区300米。出行便利,,,暂无数据,2024-09-15,商品房,普通住宅,暂无数据,非共有,无抵押,挂牌时间:2024-09-15 | 交易权属:商品房 | 上次交易:暂无数据 | 房屋用途:普通住宅 | 房屋年限:暂无数据 | 产权所属:非共有 | 抵押信息:无抵押 | 房本备件:未上传房本照片,客厅A / 22.08平米 / 无 / 无窗 ; 客厅B / 50.82平米 / 无 / 落地窗 ; 书房 / 16.53平米 / 北 / 普通窗 ; 多功能间 / 19.86平米 / 无 / 普通窗 ; 卧室A / 11.08平米 / 无 / 普通窗 ; 卧室B / 17.07平米 / 无 / 未知窗户类型 ; 卧室C / 17.74平米 / 无 / 落地窗 ; 卧室D / 21.11平米 / 南 / 落地窗 ; 厨房 / 5.63平米 / 无 / 普通窗 ; 卫生间A / 3.67平米 / 无 / 无窗 ; 卫生间B / 3.8平米 / 无 / 普通窗 ; 卫生间C / 4.84平米 / 无 / 普通窗 ; 卫生间D / 7.13平米 / 无 / 无窗 ; 阳台A / 3.78平米 / 无 / 落地窗 ; 阳台B / 3平米 / 西 北 东 / 普通窗 ; 阳台C / 4.43平米 / 西 东 南 / 落地窗 ; 阳台D / 53.86平米 / 无 / 普通窗 ; 过道A / 10.46平米 / 无 / 无窗 ; 过道B / 7.64平米 / 无 / 无窗 ; 过道C / 4.15平米 / 无 / 无窗 ; 衣帽间A / 3.6平米 / 无 / 无窗 ; 衣帽间B / 3.93平米 / 无 / 无窗,
格澜郡二期大面积三房业主诚意卖,"格澜郡二期 , 观澜",3室2厅,114.6平米,南,精装,中楼层(共18层),2007年,板塔结合,503 万,43892 元,1,,,近地铁 | VR房源,https://sz.lianjia.com/ershoufang/105118276971.html,地铁 | VR房源,满五，高层采光很好，视野开阔，装修不错,中航格澜郡位于深圳龙华新区观澜，东临大和路，西临沿河路，南起环观南路，北至工业大道。其北面即为观澜世纪广场与文化艺术场所，与观澜街道办仅一河之隔，可谓是尊贵地段，尽享观澜政治、文化、商 业的优势。整个小区为苏格兰风情大社区。,综合商场：天虹商场、福城天虹、民乐福购物场所 医院：观澜人民医院 邮局：观澜邮局 银行：农业银行，浦发银行，建设银行，中国工商银行 其他：文化艺术场所、体育活动场所。,"深圳中航格澜郡公交站，途径中航格澜郡公交站的有B652路、B693路、M264路等6条公交线路.观澜天虹商场(419米),富士施乐(470米),格兰云天酒店(569米)等。另轻轨已经开通，大和站和世纪广场站，离地铁站1.5公里，出行更加方便",,,暂无数据,2024-09-13,商品房,普通住宅,暂无数据,非共有,无抵押,挂牌时间:2024-09-13 | 交易权属:商品房 | 上次交易:暂无数据 | 房屋用途:普通住宅 | 房屋年限:暂无数据 | 产权所属:非共有 | 抵押信息:无抵押 | 房本备件:未上传房本照片,客厅 / 44.47平米 / 无 / 未知窗户类型 ; 卧室A / 14.37平米 / 南 / 落地窗 ; 卧室B / 11.13平米 / 无 / 未知窗户类型 ; 卧室C / 7.45平米 / 北 / 落地窗 ; 厨房 / 5.6平米 / 北 / 落地窗 ; 卫生间A / 3.63平米 / 西 / 普通窗 ; 卫生间B / 3.89平米 / 南 / 落地窗 ; 阳台A / 7.61平米 / 西 东 南 / 落地窗 ; 阳台B / 2.36平米 / 北 / 落地窗 ; 阳台C / 2.03平米 / 无 / 无窗 ; 过道 / 2.81平米 / 无 / 无窗,
观园 大三房 套内面积大，2021年自住精装修，拎包入住,"招商观园 , 观澜",3室2厅,87.76平米,南,精装,低楼层(共18层),2012年,塔楼,398 万,45351 元,0,,,VR房源,https://sz.lianjia.com/ershoufang/105118672561.html,VR房源,方正格局，楼层好，视野开阔，采光充足,招商观园位于龙华区观澜街道环观南路北侧(观澜高新科技园站旁），是由深圳招商房地产有限公司规划、开发的小区，规划面积147595平方米，建筑面积222221平方米，小区由别墅 多层 小高层组成，容 积率1.5，居住舒适,龙华医院（4600米百度地图测距龙华综合医院在建中3100米百度地图测距新科技园社区健康服务购物商场楼下佳又惠百货医院天虹（2400米百度地图测距,,,,暂无数据,2024-10-22,商品房,普通住宅,暂无数据,非共有,有抵押 150万元,挂牌时间:2024-10-22 | 交易权属:商品房 | 上次交易:暂无数据 | 房屋用途:普通住宅 | 房屋年限:暂无数据 | 产权所属:非共有 | 抵押信息:有抵押 150万元 | 房本备件:未上传房本照片,客厅 / 34.37平米 / 西南 西北 / 落地窗 ; 卧室A / 19.32平米 / 无 / 未知窗户类型 ; 卧室B / 14.89平米 / 无 / 无窗 ; 卧室C / 9.74平米 / 北 / 普通窗 ; 卫生间 / 6.21平米 / 东南 / 落地窗 ; 阳台 / 8.91平米 / 西南 东南 / 落地窗,
观澜豪园 刚需住家小区 相近观澜湖新城 双拼大户型。,"观澜豪园 , 观澜",4室2厅,97.56平米,东南,简装,中楼层(共8层),1998年,板塔结合,276 万,28291 元,2,,,近地铁 | VR房源 | 房本满五年,https://sz.lianjia.com/ershoufang/105116139844.html,地铁 | VR房源 | 房本满五年,"此房为一手业主出售，是一套双拼大户型,满足改善和换房的客户..",此小区是观澜湖房地产开发，物业为观澜湖骏高物业公司管理。小区为东南亚建筑风格，小高层建筑。,,,,,2001-10-23,2024-02-26,商品房,普通住宅,满五年,非共有,无抵押,挂牌时间:2024-02-26 | 交易权属:商品房 | 上次交易:2001-10-23 | 房屋用途:普通住宅 | 房屋年限:满五年 | 产权所属:非共有 | 抵押信息:无抵押 | 房本备件:已上传房本照片,卧室 / 20.99平米 / 东 / 落地窗 ; 卫生间 / 4.73平米 / 东 / 落地窗,
长湖地铁口旁精装新交楼二手房，中高楼层采光通风佳,"万科启城 , 观澜",3室1厅,81平米,南,精装,中楼层(共48层),2022年,板塔结合,445 万,54939 元,0,,,近地铁 | VR看装修,https://sz.lianjia.com/ershoufang/105119111728.html,地铁 | VR看装修,房子中高楼层，看小区园林，采光通风佳,,,"交通方便，出门800米就到地铁站长湖站，门口就是公交站，E36，M545,450,8分可以上梅观高速",,,暂无数据,2024-12-04,商品房,普通住宅,暂无数据,非共有,有抵押 280,挂牌时间:2024-12-04 | 交易权属:商品房 | 上次交易:暂无数据 | 房屋用途:普通住宅 | 房屋年限:暂无数据 | 产权所属:非共有 | 抵押信息:有抵押 280 | 房本备件:未上传房本照片,客厅 / 19.03平米 / 西 / 普通窗 ; 卧室A / 5.56平米 / 西 / 普通窗 ; 卧室B / 10.19平米 / 无 / 未知窗户类型 ; 卧室C / 6.07平米 / 无 / 未知窗户类型 ; 厨房 / 3.97平米 / 南 / 普通窗 ; 卫生间 / 6.68平米 / 东 / 落地窗 ; 阳台 / 6.7平米 / 西 / 普通窗 ; 过道 / 3.45平米 / 无 / 无窗,
采光通风良好 户型方正  小区环境好 合适居家,"观湖园 , 观澜",4室1厅,192.21平米,南,,中楼层(共4层),2009年,板楼,855 万,44483 元,1,,,VR房源,https://sz.lianjia.com/ershoufang/105115173932.html,VR房源,深圳纯别墅小区，无高层，容积低,观湖园项目位于龙华新区观澜镇，邻近梅观高速公路，在梅观高速观澜出口。小区占地面积：37.6平方米，容积低，绿化高，东南亚园林景观设计。双拼跟独栋管理费是6.5平米，叠拼的管理费是4.95平米，小区安保严密，24小时巡逻监控,小区南门200米，有菜市场，能满足日常所需；距离观澜湖新城约5公 里，观澜湖新城是大型的，一系列品牌都已进驻，购物娱乐 都相当方便；距离观澜人民医院及伟光医院约6公里,观湖园纯别墅小区邻近梅观高速公路，距离梅观高速观澜出口约1.5公里 ，去南山约33公里，罗湖约30公里，福田约28公里，交通如此便利的接轨 市内生活圈。到观澜汽车站和观澜湖新城约5公里。,,,暂无数据,2023-10-27,商品房,普通住宅,暂无数据,非共有,有抵押,挂牌时间:2023-10-27 | 交易权属:商品房 | 上次交易:暂无数据 | 房屋用途:普通住宅 | 房屋年限:暂无数据 | 产权所属:非共有 | 抵押信息:有抵押 | 房本备件:未上传房本照片,客厅 / 41.77平米 / 西 西南 西北 / 落地窗 ; 卧室A / 10.16平米 / 无 / 未知窗户类型 ; 卧室B / 14.91平米 / 西北 / 普通窗 ; 卧室C / 13.39平米 / 西北 / 普通窗 ; 卧室D / 17.29平米 / 无 / 未知窗户类型 ; 厨房 / 9.92平米 / 西南 / 普通窗 ; 卫生间A / 3.31平米 / 无 / 无窗 ; 卫生间B / 4.07平米 / 无 / 无窗 ; 卫生间C / 7.76平米 / 东南 / 普通窗 ; 卫生间D / 10.52平米 / 无 / 普通窗 ; 阳台A / 6平米 / 西南 东南 / 普通窗 ; 阳台B / 30.72平米 / 西南 西北 / 普通窗 ; 阳台C / 3.77平米 / 无 / 普通窗 ; 阳台D / 33.73平米 / 无 / 普通窗 ; 过道A / 10.05平米 / 无 / 无窗 ; 过道B / 9.66平米 / 无 / 无窗 ; 过道C / 7.86平米 / 无 / 普通窗 ; 过道D / 6.72平米 / 无 / 落地窗 ; 衣帽间 / 7.92平米 / 无 / 无窗,
招商锦绣观园满五唯一温馨二室二厅,"招商锦绣观园 , 观澜",2室2厅,61.48平米,东北,简装,低楼层(共28层),2014年,板楼,180 万,29278 元,1,,,VR看装修 | 房本满五年,https://sz.lianjia.com/ershoufang/105119885442.html,VR看装修 | 房本满五年,早晨阳光充足，适合喜欢明亮居住环境的人群。,小区旁边就是茜坑水库和环城绿道，绿化好，空气清新，生态环境优越，适合注重居住舒适度和休闲锻炼的购房者,,小区自带公交总站，出门龙澜快速干道快速接驳福田、南山，通勤便利性提升。,,,2014-01-19,2025-03-01,商品房,普通住宅,满五年,非共有,无抵押,挂牌时间:2025-03-01 | 交易权属:商品房 | 上次交易:2014-01-19 | 房屋用途:普通住宅 | 房屋年限:满五年 | 产权所属:非共有 | 抵押信息:无抵押 | 房本备件:已上传房本照片,,
精装修，近地铁，近有轨电车，近鹭湖公园,"招商观园 , 观澜",2室2厅,76平米,东南,,中楼层(共18层),2012年,塔楼,322 万,42369 元,0,,,VR房源,https://sz.lianjia.com/ershoufang/105117541426.html,VR房源,房子是中间楼层的，采光和通风好，带精装修，满五唯一,招商观园地块位于深圳市宝安区观澜街道环观南路北侧，与观澜高新技术园区隔路相望，邻进梅观高速、机荷高速，占地147595.156平方米，招商观园2期将近期推出全新升级力作中.央园林湖景单位，主力产品为89-140-180㎡大户型,本小区靠着横坑水库，环境优雅安静靠山靠水，小区人车分流，小区物业管理严格，小区自带健身器材、小孩玩乐区，恒温游泳池，不出小区老人小孩有健身游玩之处，适合家有老人和小孩的家庭，真正做到入则宁静，移步繁华,,,,暂无数据,2024-07-08,商品房,普通住宅,暂无数据,非共有,有抵押,挂牌时间:2024-07-08 | 交易权属:商品房 | 上次交易:暂无数据 | 房屋用途:普通住宅 | 房屋年限:暂无数据 | 产权所属:非共有 | 抵押信息:有抵押 | 房本备件:未上传房本照片,客厅 / 15.06平米 / 无 / 无窗 ; 卧室A / 16.42平米 / 南 / 普通窗 ; 卧室B / 11.28平米 / 无 / 未知窗户类型 ; 厨房 / 8.11平米 / 东 / 落地窗 ; 卫生间 / 5.97平米 / 南 / 普通窗 ; 阳台 / 1.81平米 / 南 / 普通窗 ; 过道 / 5.23平米 / 无 / 无窗,
中间楼层，视野好，户型方正，看房方便。,"中森公园华府 , 观澜",2室1厅,69.38平米,东南,,高楼层(共30层),2020年,板塔结合,255 万,36755 元,0,,,VR看装修 | 随时看房,https://sz.lianjia.com/ershoufang/105120235827.html,VR看装修 | 随时看房,出门就是公园，次新小区，环境好，全新毛坯，中间楼层。,开发商为深圳中森，是以房地产为产业的企业，主要以珠三角地区和成渝地区为发展区域。 在深圳有几个住宅地产项目，为人熟知的应该是科技园片区华润城邻居的英伦名苑1-3期，以及龙岗的中森双子座。,项目位于龙华区观澜板块，观湖街道的东南方位。所在区域是深圳中轴北的产业，南接坂田天安云谷、龙华宝能科技城，东连平湖金融与现代服务业基地，西临观澜高新产业园， 北为观澜传统制造业聚集地带,,,,2021-12-09,2025-03-30,商品房,普通住宅,暂无数据,非共有,有抵押,挂牌时间:2025-03-30 | 交易权属:商品房 | 上次交易:2021-12-09 | 房屋用途:普通住宅 | 房屋年限:暂无数据 | 产权所属:非共有 | 抵押信息:有抵押 | 房本备件:已上传房本照片,客厅 / 24.33平米 / 东 / 普通窗 ; 卧室A / 7.97平米 / 无 / 未知窗户类型 ; 卧室B / 8.01平米 / 东 / 落地窗 ; 厨房 / 5.54平米 / 北 / 落地窗 ; 卫生间 / 4.35平米 / 北 / 普通窗 ; 阳台A / 3.95平米 / 东 / 落地窗 ; 阳台B / 2.87平米 / 东 / 普通窗,
独门独户户型，户型方正，正南向，无需重新装修,"阳基御龙山 , 观澜",3室1厅,81.71平米,南,精装,31层,2018年,板塔结合,342 万,41856 元,0,,6天以前发布,VR房源 | 房本满五年,https://sz.lianjia.com/ershoufang/105122309088.html,VR房源 | 房本满五年,此房满五唯一，独门独户户型，南向，户型优,小区2018年建成，总建筑面积117475，总占地面积20176.4，共计房屋1082户，小区物业公司为深圳市阳基物业管理有限公司，物业管理费3.8元/平方。小区有地面花园，绿化好，有儿童乐园，康乐设施，文体馆，有12班公立幼儿园，门口还有社区公园。,,交通方便，小区门口有公交站，公交可以直达龙华，也可以转乘地铁，离长湖地铁站约1.3公里。,,,2017-08-11,2025-10-01,商品房,普通住宅,满五年,非共有,有抵押 300万元 建设银行 金融公司垫资,挂牌时间:2025-10-01 | 交易权属:商品房 | 上次交易:2017-08-11 | 房屋用途:普通住宅 | 房屋年限:满五年 | 产权所属:非共有 | 抵押信息:有抵押 300万元 建设银行 金融公司垫资 | 房本备件:已上传房本照片,客厅 / 24.89平米 / 无 / 未知窗户类型 ; 卧室A / 8.55平米 / 无 / 未知窗户类型 ; 卧室B / 6.96平米 / 西北 / 落地窗 ; 卧室C / 13平米 / 无 / 未知窗户类型 ; 厨房 / 5.63平米 / 东南 / 普通窗 ; 卫生间A / 2.98平米 / 无 / 未知窗户类型 ; 卫生间B / 3.7平米 / 西北 / 普通窗 ; 阳台 / 4.34平米 / 西南 东北 东南 / 普通窗 ; 门厅 / 3.81平米 / 无 / 未知窗户类型,
精装修，阳台朝向好，无遮挡，室内安静，全新无居住,"中森公园华府 , 观澜",3室2厅,89平米,东南,精装,高楼层(共30层),2020年,板塔结合,300 万,33708 元,7,,,VR房源,https://sz.lianjia.com/ershoufang/105118812891.html,VR房源,精装修，阳台朝向好，无遮挡，室内安静，全新无居住 ，诚心出售,开发商为深圳中森，是以房地产为产业的企业，主要以珠三角地区和成渝地区为发展区域。 在深圳有几个住宅地产项目，为人熟知的应该是科技园片区华润城邻居的英伦名苑1-3期，以及龙岗的中森双子座,项目位于龙华区观澜板块，观湖街道的东南方位。所在区域是深圳中轴北的产业，南接坂田天安云谷、龙华宝能科技城，东连平湖金融与现代服务业基地，西临观澜高新产业园， 北为观澜传统制造业聚集地带,,,,暂无数据,2024-11-05,商品房,普通住宅,暂无数据,非共有,有抵押 200万元 农村商业银行 客户偿还,挂牌时间:2024-11-05 | 交易权属:商品房 | 上次交易:暂无数据 | 房屋用途:普通住宅 | 房屋年限:暂无数据 | 产权所属:非共有 | 抵押信息:有抵押 200万元 农村商业银行 客户偿还 | 房本备件:未上传房本照片,客厅 / 24.97平米 / 南 / 普通窗 ; 卧室A / 6.32平米 / 无 / 未知窗户类型 ; 卧室B / 12.65平米 / 无 / 未知窗户类型 ; 卧室C / 8.82平米 / 南 / 落地窗 ; 厨房 / 5.58平米 / 西 / 普通窗 ; 卫生间A / 3.46平米 / 无 / 无窗 ; 卫生间B / 3.56平米 / 西 / 普通窗 ; 阳台 / 4.77平米 / 西 南 / 普通窗 ; 过道 / 3.06平米 / 无 / 无窗,
仁山大平层，满五唯一，看房方便,"城建仁山智水花园三期 , 观澜",6室3厅,303.29平米,南,,低楼层(共41层),2016年,板楼,1600 万,52755 元,1,,,VR房源 | 随时看房,https://sz.lianjia.com/ershoufang/105119871981.html,VR房源 | 随时看房,此房满五年唯一，诚意出售，朝南看花园，位置安静,仁山智水由深圳市城市建设开发公司开发，小区占地近20平，总建筑面积为557584.63㎡，住宅282053.6㎡，商铺5860㎡，幼儿园3500.08㎡，建筑主体包括95栋住宅楼，其中有83栋低多层住宅及8栋高层和4栋高层，住宅共1445户，车位3158个,龙华医院（4600米百度地图测距龙华综合医院在建中3100米百度地图测距新科技园社区健康服务购物商场楼下佳又惠百货医院天虹（2400米百度地图测距），龙华外国语主校区，公立幼儿园,公交（观澜高新园站）M517、M264、313、E4路等，出小区约100有轨电车站台（电车接驳地铁4号线清湖地铁口），高速公路：机荷高速公路、梅观高速公路，交通方便。规划的有22号地铁线可看规划图,,,暂无数据,2025-02-28,商品房,普通住宅,暂无数据,非共有,有抵押 770万元,挂牌时间:2025-02-28 | 交易权属:商品房 | 上次交易:暂无数据 | 房屋用途:普通住宅 | 房屋年限:暂无数据 | 产权所属:非共有 | 抵押信息:有抵押 770万元 | 房本备件:未上传房本照片,客厅 / 70.04平米 / 北 南 / 普通窗 ; 卧室A / 12.02平米 / 北 / 普通窗 ; 卧室B / 17.56平米 / 无 / 未知窗户类型 ; 卧室C / 33.15平米 / 北 南 / 落地窗 ; 厨房 / 10.71平米 / 北 / 普通窗 ; 卫生间A / 7.71平米 / 无 / 未知窗户类型 ; 卫生间B / 15.17平米 / 无 / 未知窗户类型 ; 卫生间C / 7.88平米 / 北 / 普通窗 ; 阳台A / 15.38平米 / 北 / 普通窗 ; 阳台B / 56.25平米 / 北 / 普通窗 ; 阳台C / 15.83平米 / 无 / 未知窗户类型 ; 阳台D / 17.92平米 / 东 南 / 普通窗 ; 储物间 / 4.87平米 / 无 / 无窗 ; 过道 / 14.3平米 / 无 / 无窗,
刚需户型，毛坯原始户型，3房2卫，70年产权,"珑门二期 , 观澜",3室2厅,82平米,西北,毛坯,高楼层(共32层),2018年,板塔结合,320 万,39025 元,1,,,VR看装修,https://sz.lianjia.com/ershoufang/105113278624.html,VR看装修,刚需户型，毛坯原始户型，3房2卫，70年产权,小区为全封闭式社区，人车分流地下3层停车场车位1:1.1，全智能社区刷卡到户，智能可视对讲系统，24小时安保及监控安全放心；小区为3梯6户公用部分宽敞舒适；小区临校背靠体育公园；2公里可到花仙谷生态园和绿色跑道，整体适合居家！,小区背靠公园，生态园，绿色跑道一应俱全，公共交通方便，生活配套齐全，整体适合居家。需要更多户型和楼盘价格对比分析欢迎咨询，希望能为您带来一次专业舒心的看房体验！,门口E巴士和高快24等上下班快线高速直达福田/罗湖； 2公里4个红绿灯可上梅观高速和龙观快速！,,,暂无数据,2023-04-07,商品房,普通住宅,暂无数据,非共有,有抵押 330,挂牌时间:2023-04-07 | 交易权属:商品房 | 上次交易:暂无数据 | 房屋用途:普通住宅 | 房屋年限:暂无数据 | 产权所属:非共有 | 抵押信息:有抵押 330 | 房本备件:未上传房本照片,客厅 / 26.3平米 / 西北 东北 / 落地窗 ; 卧室A / 5.61平米 / 东北 东南 / 普通窗 ; 卧室B / 12.38平米 / 无 / 未知窗户类型 ; 卧室C / 8.77平米 / 无 / 未知窗户类型 ; 厨房 / 4.1平米 / 东北 / 普通窗 ; 卫生间A / 2.86平米 / 东南 / 普通窗 ; 卫生间B / 3.61平米 / 无 / 未知窗户类型 ; 阳台A / 1.17平米 / 东北 东南 / 普通窗 ; 阳台B / 2.53平米 / 西南 西北 东北 / 落地窗,
精装修，阳台朝向好，无遮挡，室内安静，诚心出售,"中森公园华府 , 观澜",3室2厅,89平米,南 北,,中楼层(共30层),2020年,板塔结合,350 万,39326 元,1,,,VR看装修,https://sz.lianjia.com/ershoufang/105121024917.html,VR看装修,精装修，阳台朝向好，无遮挡，室内安静，诚心出售,开发商为深圳中森，是以房地产为产业的企业，主要以珠三角地区和成渝地区为发展区域。 在深圳有几个住宅地产项目，为人熟知的应该是科技园片区华润城邻居的英伦名苑1-3期，以及龙岗的中森双子座,目位于龙华区观澜板块，观湖街道的东南方位。所在区域是深圳中轴北的产业，南接坂田天安云谷、龙华宝能科技城，东连平湖金融与现代服务业基地，西临观澜高新产业园， 北为观澜传统制造业聚集地带,,,,暂无数据,2025-06-09,商品房,普通住宅,暂无数据,非共有,有抵押,挂牌时间:2025-06-09 | 交易权属:商品房 | 上次交易:暂无数据 | 房屋用途:普通住宅 | 房屋年限:暂无数据 | 产权所属:非共有 | 抵押信息:有抵押 | 房本备件:未上传房本照片,,
此房满五，格局方正户型好，端头位置,"城建仁山智水花园一期 , 观澜",3室2厅,261.53平米,东南,毛坯,低楼层(共1层),2013年,板楼,2500 万,95592 元,0,,26天以前发布,VR房源,https://sz.lianjia.com/ershoufang/105122100783.html,VR房源,此房满五 格局方正，朝向好，负一负二层自然采光端头位置,仁山智水由深圳市城市建设开发公司开发，小区占地近20平，总建筑面积为557584.63㎡，住宅282053.6㎡，商铺5860㎡，幼儿园3500.08㎡，建筑主体包括95栋住宅楼，其中有83栋低多层住宅及8栋高层和4栋高层，住宅共1445户，车位3158个,龙华医院（4600米百度地图测距龙华综合医院在建中3100米百度地图测距新科技园社区健康服务购物商场楼下佳又惠百货医院天虹（2400米百度地图测距,公交（观澜高新园站）M517、M264、313、E4路等，出小区约100有轨电车站台（电车接驳地铁4号线清湖地铁口），高速公路：机荷高速公路、梅观高速公路，交通方便。以后规划的有22号地铁线可看规划图,,,暂无数据,2025-09-12,商品房,普通住宅,暂无数据,非共有,有抵押,挂牌时间:2025-09-12 | 交易权属:商品房 | 上次交易:暂无数据 | 房屋用途:普通住宅 | 房屋年限:暂无数据 | 产权所属:非共有 | 抵押信息:有抵押 | 房本备件:未上传房本照片,客厅A / 107.35平米 / 无 / 普通窗 ; 客厅B / 96.12平米 / 无 / 落地窗 ; 卧室A / 15.71平米 / 西北 / 落地窗 ; 卧室B / 12.8平米 / 西北 东北 / 落地窗 ; 卧室C / 33.02平米 / 西南 / 普通窗 ; 卫生间A / 4.91平米 / 无 / 普通窗 ; 卫B / 3.01平米 / 无 / 无窗 ; 卫生间C / 4.93平米 / 东北 / 普通窗 ; 卫生间D / 18.22平米 / 西北 / 落地窗 ; 阳台A / 16.89平米 / 西南 西北 东南 / 普通窗 ; 阳台B / 16.71平米 / 西北 东北 / 普通窗 ; 储物间A / 3.75平米 / 无 / 无窗 ; 储物间B / 17.74平米 / 无 / 无窗 ; 地下室 / 45.9平米 / 无 / 无窗 ; 电梯 / 3.04平米 / 无 / 无窗 ; 电梯A / 3平米 / 无 / 无窗 ; 过道A / 20.37平米 / 无 / 无窗 ; 电梯B / 2.94平米 / 无 / 无窗 ; 电梯C / 3.02平米 / 无 / 无窗 ; 过道C / 15.45平米 / 无 / 无窗 ; 电梯E / 3.03平米 / 无 / 无窗,
双电梯大四房，近地铁，即买即住，2厅宽敞,"奥宸观壹城 , 观澜",4室2厅,134.26平米,西南,,中楼层(共34层),2015年,板塔结合,490 万,36497 元,1,,,近地铁 | VR房源 | 随时看房,https://sz.lianjia.com/ershoufang/105114642044.html,地铁 | VR房源 | 随时看房,满五唯一，中高楼层，采光通风好。毛坯房，可以按照自己喜好装修,共4栋 7个单元；并且规划为具有70-130平米的住宅、40-80平米的公寓；楼下有菜市场；小区内布局合理；有2个人行主出入口，两个车库入口,,高德地图导航距离松元厦地铁口步行613米。商公交车站：大布新村有321路;332路;882路;b651路;m226路;m243路;m267路;m269路;m288路;m302路;m354路;m361路;m408路;高快巴士17路,,,暂无数据,2023-08-28,商品房,普通住宅,暂无数据,非共有,无抵押,挂牌时间:2023-08-28 | 交易权属:商品房 | 上次交易:暂无数据 | 房屋用途:普通住宅 | 房屋年限:暂无数据 | 产权所属:非共有 | 抵押信息:无抵押 | 房本备件:未上传房本照片,客厅 / 33.6平米 / 西南 / 落地窗 ; 卧室A / 19.74平米 / 无 / 未知窗户类型 ; 卧室B / 12.91平米 / 无 / 未知窗户类型 ; 卧室C / 11.15平米 / 无 / 未知窗户类型 ; 卧室D / 9.34平米 / 无 / 未知窗户类型 ; 厨房 / 5.58平米 / 无 / 未知窗户类型 ; 卫生间A / 6.08平米 / 东北 / 普通窗 ; 卫生间B / 4.11平米 / 东北 / 普通窗 ; 阳台 / 6.25平米 / 无 / 无窗 ; 衣帽间 / 3.39平米 / 无 / 无窗,
高楼层，视野开阔，光线好，诚意出售，看房方便。,"招商澜园 , 观澜",4室2厅,135.07平米,南 北,,高楼层(共25层),2010年,板塔结合,550 万,40720 元,0,,,近地铁 | VR看装修,https://sz.lianjia.com/ershoufang/105115104841.html,地铁 | VR看装修,高楼层，视野开阔，光线好，诚意出售，看房方便。,小区由招商局地产开发，国家一级物业资质的招商物业管理，小区部分为南北两区，由十三栋高层组成，低密度，是个纯居住的大社区，自带6000平的大花园，人车分流，很适合有老人和小孩的客户，小区自带幼儿园，有固定车位。,公建配套：观澜街道办 休闲区域：新世纪广场、观澜文化广场， 商场：设施天虹商场、比邻新天地，观澜河湿地公园距离小区近在咫尺。龙华区政府距离小区2公里，属于新区政府辐射范围内。项目：现聚集多家大品牌开发商在此拿地。如：万科 卓 越，阳基,小区门口就有公交站，途径的公交线众多，有轨电车在小区门口文澜站，直接到达清湖地铁口，竹村地铁口 800米，观澜大桥直接可以上机荷高速，多条公交线路到达罗湖，福田,,,暂无数据,2023-10-20,商品房,普通住宅,暂无数据,非共有,无抵押,挂牌时间:2023-10-20 | 交易权属:商品房 | 上次交易:暂无数据 | 房屋用途:普通住宅 | 房屋年限:暂无数据 | 产权所属:非共有 | 抵押信息:无抵押 | 房本备件:未上传房本照片,客厅 / 11.11平米 / 北 / 普通窗 ; 卧室A / 9.41平米 / 无 / 未知窗户类型 ; 卧室B / 9.09平米 / 无 / 未知窗户类型 ; 厨房 / 4.02平米 / 北 / 普通窗 ; 卫生间 / 4.38平米 / 北 / 落地窗 ; 阳台 / 3.34平米 / 北 / 普通窗 ; 过道 / 5.16平米 / 无 / 无窗 ; 门厅 / 6.73平米 / 北 / 落地窗,
满五唯一 观澜湖精装住宅 南北向 看高尔夫景 急售,"观澜湖比佩亚区 , 观澜",1室1厅,79.7平米,西南,精装,中楼层(共7层),2011年,板塔结合,200 万,25095 元,3,,,VR看装修 | 房本满五年,https://sz.lianjia.com/ershoufang/105112326998.html,VR看装修 | 房本满五年,精装住宅，南北向，居住舒适，自住大阳台，看园林和高尔夫景观,观澜湖已经形成国际高尔夫别墅住区，把背景相同、事业有成的人士聚集在一起，创造出生活与事业的平台。在10多平方公里的绿色王国上，建筑覆盖率不到1%，属于纯粹的高尔夫球场中/央物业，完全被球道环/绕，从住宅的任何一个角度，都可以观赏到绿色的景观,小区南门50亿观澜湖新城，观澜湖生态体育公园，观澜天虹商场，兴万达商场等，龙华人民医/院，塘厦人民医/院，小区内有会所/游泳池/健身房/高尔夫业主练习场/穿梭巴士等免费使用,园区内有免费巴士接，多条公交直达，高尔夫大道，观光路，观澜大道，观平路等城市主干道环-绕，梅观高速观澜出口2公里，地铁4号线（观澜湖新城站）已开通，观澜湖免费班车随时出行！,,,2019-03-16,2022-12-24,商品房,普通住宅,满五年,非共有,有抵押 170万元 人民银行 客户偿还,挂牌时间:2022-12-24 | 交易权属:商品房 | 上次交易:2019-03-16 | 房屋用途:普通住宅 | 房屋年限:满五年 | 产权所属:非共有 | 抵押信息:有抵押 170万元 人民银行 客户偿还 | 房本备件:已上传房本照片,卧室 / 40.71平米 / 西南 / 普通窗 ; 厨房 / 4.08平米 / 西南 / 落地窗 ; 卫生间 / 8.62平米 / 无 / 无窗 ; 阳台 / 5.41平米 / 西南 西北 东南 / 普通窗 ; 储物间 / 2.41平米 / 无 / 无窗,
正朝南，户型方正，厅出阳台，采光好,"招商观园 , 观澜",3室2厅,88.35平米,北 南,,高楼层(共8层),2012年,塔楼,385 万,43577 元,0,,28天以前发布,VR房源,https://sz.lianjia.com/ershoufang/105122079720.html,VR房源,房子朝南，厨房朝北出阳台，户型方正，客厅出阳台，通风采光好,招商观园地块位于深圳市宝安区观澜街道环观南路北侧，与观澜高新技术园区隔路相望，邻进梅观高速、机荷高速，占地147595.156平方米，招商观园2期将近期推出全新升级力作中.央园林湖景单位，主力产品为140-180㎡大户型和少量89平,,公交线路：公交（观澜高新园站）M567、M264、313、E4路等，出小区约50米 有轨电车站台（电车接驳地铁4号线清湖地铁口），高速公路：机荷高速公路、梅观高速公路，交通方便,,,暂无数据,2025-09-10,商品房,普通住宅,暂无数据,非共有,无抵押,挂牌时间:2025-09-10 | 交易权属:商品房 | 上次交易:暂无数据 | 房屋用途:普通住宅 | 房屋年限:暂无数据 | 产权所属:非共有 | 抵押信息:无抵押 | 房本备件:未上传房本照片,客厅 / 28.63平米 / 南 / 普通窗 ; 卧室A / 9.88平米 / 无 / 未知窗户类型 ; 卧室B / 7.69平米 / 北 / 落地窗 ; 卧室C / 21.9平米 / 无 / 未知窗户类型 ; 厨房 / 5.91平米 / 西 北 / 普通窗 ; 卫生间 / 3.89平米 / 无 / 普通窗 ; 阳台A / 2.35平米 / 北 / 普通窗 ; 阳台B / 5.56平米 / 西 南 / 普通窗,
爱心家园 2室2厅 东南,"爱心家园 , 观澜",2室2厅,65平米,东南,,低楼层(共27层),,板塔结合,210 万,32308 元,0,,,VR看装修,https://sz.lianjia.com/ershoufang/105121809901.html,VR看装修,,,,,,,暂无数据,2025-08-16,商品房,普通住宅,暂无数据,非共有,无抵押,挂牌时间:2025-08-16 | 交易权属:商品房 | 上次交易:暂无数据 | 房屋用途:普通住宅 | 房屋年限:暂无数据 | 产权所属:非共有 | 抵押信息:无抵押 | 房本备件:未上传房本照片,,
观澜湖比佩亚区 1室1厅 南,"观澜湖比佩亚区 , 观澜",1室1厅,79.77平米,南,,中楼层(共7层),2011年,板塔结合,225 万,28207 元,0,,,VR看装修 | 房本满五年,https://sz.lianjia.com/ershoufang/105121437765.html,VR看装修 | 房本满五年,,,,,,,2012-12-13,2025-07-14,商品房,普通住宅,满五年,非共有,无抵押,挂牌时间:2025-07-14 | 交易权属:商品房 | 上次交易:2012-12-13 | 房屋用途:普通住宅 | 房屋年限:满五年 | 产权所属:非共有 | 抵押信息:无抵押 | 房本备件:已上传房本照片,,
新上 金地天悦湾 4房毛坯 朝南 视野好采光好 诚意出售,"金地天悦湾 , 观澜",4室2厅,170.22平米,西南,,中楼层(共8层),2012年,板塔结合,780 万,45824 元,0,,,VR看装修 | 随时看房,https://sz.lianjia.com/ershoufang/105121091601.html,VR看装修 | 随时看房,此房满5年 业主诚意出售 朝南 采光好,小区密度低，由164-447平小高层洋房，复式和别墅组成，纯大户型社区，车位1:2.3以上，小区自带人工湖，会所。,观澜湿地公园，新世纪广场、人民公园。商.业设施：观澜湖新城，天虹商场、格兰郡商.业街。教育设施、。医疗设施：龙华综合医院； 酒店：格兰云天大酒店。银行：平安，中行、工行、招行。,多维立体交通，多条公交线路途经，无论是福田，罗湖，南山还是通往宝安前海等区域便利，开车也十分方便.坐车除了公交以外还可以选择门口轻轨电车，无缝连接地铁四号线清湖站,,,暂无数据,2025-06-15,商品房,普通住宅,暂无数据,非共有,有抵押,挂牌时间:2025-06-15 | 交易权属:商品房 | 上次交易:暂无数据 | 房屋用途:普通住宅 | 房屋年限:暂无数据 | 产权所属:非共有 | 抵押信息:有抵押 | 房本备件:未上传房本照片,,
观湖园 5室2厅 东南,"观湖园 , 观澜",5室2厅,183.63平米,东南,,中楼层(共4层),2012年,板楼,1200 万,65349 元,0,,25天以前发布,VR房源,https://sz.lianjia.com/ershoufang/105122108763.html,VR房源,,,,,,,暂无数据,2025-09-12,商品房,普通住宅,暂无数据,非共有,有抵押,挂牌时间:2025-09-12 | 交易权属:商品房 | 上次交易:暂无数据 | 房屋用途:普通住宅 | 房屋年限:暂无数据 | 产权所属:非共有 | 抵押信息:有抵押 | 房本备件:未上传房本照片,,
金地鹭湖1号 东南向 看花园 位置安静 诚意出售,"金地鹭湖1号 , 观澜",3室2厅,89.4平米,东南,,16层,2015年,塔楼,460 万,51455 元,0,,,VR看装修,https://sz.lianjia.com/ershoufang/105122014270.html,VR看装修,产权清晰，户型好，装修靓，产权清晰，业主诚意出售,鹭湖1号总共分两期，共11栋。位于龙华区观澜街道梅观高速与环观南路交汇处;鹭湖国际住区项目主打户型产品：建面89㎡三房。还有少量137平和190平复式。 项目占地面积约91197.68平方米，总建筑面积约164150平方米. 小区环境优美，依山傍水，空气质量好.,,,,,暂无数据,2025-09-04,商品房,普通住宅,暂无数据,非共有,有抵押 70万元 银行,挂牌时间:2025-09-04 | 交易权属:商品房 | 上次交易:暂无数据 | 房屋用途:普通住宅 | 房屋年限:暂无数据 | 产权所属:非共有 | 抵押信息:有抵押 70万元 银行 | 房本备件:未上传房本照片,,
招商澜园已合证大户型安静位置朝向好,"招商澜园 , 观澜",5室2厅,151.48平米,东,精装,低楼层(共17层),2010年,板塔结合,640 万,42250 元,4,,,近地铁 | VR看装修 | 随时看房,https://sz.lianjia.com/ershoufang/105119610213.html,地铁 | VR看装修 | 随时看房,房子在小区中间，已合证，业主诚意卖，价格好谈,小区由招商地产开发，国家一级物业资质的招商物业管理，小区部分为南北两区，由十三栋高层组成，低密度，是个纯居住的大社区，自带6000平的大花园，人车分流，很适合有老人和小孩的客户，小区自带幼儿园，有固定车位,龙华区政府， 休闲区域：世纪广场， 商场：设施天虹商场、观澜河湿地公园距离小区近在咫尺。龙华区政府距离小区2公里，属于区政府范围内。交通：地铁竹村站800米,小区门口就有公交站，途径的公交线众多，有轨电车在小区门口文澜站，直接到达清湖地铁口，竹村地铁口 800米，观澜大桥直接可以上机荷高速，多条公交线路到达罗湖，福田,,,2025-01-25,2025-02-08,商品房,普通住宅,未满两年,非共有,无抵押,挂牌时间:2025-02-08 | 交易权属:商品房 | 上次交易:2025-01-25 | 房屋用途:普通住宅 | 房屋年限:未满两年 | 产权所属:非共有 | 抵押信息:无抵押 | 房本备件:已上传房本照片,客厅 / 35.68平米 / 西 东 / 普通窗 ; 卧室A / 10.83平米 / 西 / 落地窗 ; 卧室B / 10.07平米 / 无 / 未知窗户类型 ; 卧室C / 9.78平米 / 无 / 未知窗户类型 ; 卧室D / 17.6平米 / 无 / 未知窗户类型 ; 卧室E / 12.92平米 / 东 / 普通窗 ; 厨房 / 6.05平米 / 西 / 普通窗 ; 卫生间A / 5.29平米 / 西 / 普通窗 ; 卫生间B / 5.07平米 / 西 / 落地窗 ; 阳台A / 5.96平米 / 西 北 南 / 普通窗 ; 阳台B / 12.95平米 / 东 南 / 普通窗 ; 储物间 / 4.3平米 / 东 / 普通窗 ; 过道 / 4.07平米 / 无 / 无窗 ; 门厅 / 5.79平米 / 东 / 落地窗,
中森公园华府 业主精装修 拎包入住 大四房通风采光好,"中森公园华府 , 观澜",4室2厅,121.82平米,南,,高楼层(共30层),2020年,板塔结合,463 万,38007 元,0,,,VR看装修,https://sz.lianjia.com/ershoufang/105119518574.html,VR看装修,此房满五唯一税费少，次新房，小区环境好，带公园，楼层好,开发商为深圳中森，是以房地产为产业的企业，主要以珠三角地区和成渝地区为发展区域。 在深圳有几个住宅地产项目，为人熟知的应该是科技园片区华润城邻居的英伦名苑1-3期，以及龙岗的中森双子座。,项目位于龙华区观澜板块，观湖街道的东南方位。所在区域是深圳中轴北的产业，南接坂田天安云谷、龙华宝能科技城，东连平湖金融与现代服务业基地，西临观澜高新产业园， 北为观澜传统制造业聚集地带。项目西侧约1.6公里处为鹭湖科技文化片区，,距有轨电车1公里，接驳地铁：中森白鸽湖老村，位于环观南路，项目距离龙华有轨电车2号线的终点站下围站约1公里步行距离（百度地图测量，仅供参考），通过有轨电车接入深圳地铁轨道交通网络，目前已在地铁4号线清湖站接通，待2020年底4号线北延段开通后..,,,暂无数据,2025-01-18,商品房,普通住宅,暂无数据,非共有,有抵押,挂牌时间:2025-01-18 | 交易权属:商品房 | 上次交易:暂无数据 | 房屋用途:普通住宅 | 房屋年限:暂无数据 | 产权所属:非共有 | 抵押信息:有抵押 | 房本备件:未上传房本照片,客厅 / 36平米 / 西南 西北 东北 东南 / 落地窗 ; 书房 / 6.67平米 / 东南 / 落地窗 ; 卧室A / 10.69平米 / 无 / 未知窗户类型 ; 卧室B / 12.29平米 / 无 / 未知窗户类型 ; 卧室C / 19.41平米 / 无 / 未知窗户类型 ; 厨房 / 8.18平米 / 东南 / 普通窗 ; 卫生间A / 4.29平米 / 无 / 未知窗户类型 ; 卫生间B / 3.89平米 / 东南 / 落地窗 ; 过道 / 7.55平米 / 无 / 无窗,
观湖园临湖双拼别墅，带私家花园和私家码头,"观湖园 , 观澜",5室3厅,249.03平米,南 北,,1层,2009年,板楼,1930 万,77501 元,2,,,VR房源,https://sz.lianjia.com/ershoufang/105120558443.html,VR房源,观湖园小区为纯别墅 小区环境优美 别墅空间足 带私家花园有26..,此小区为纯别墅小区 分为 叠加 双拼 临湖双拼和独栋等户型 小区内部环境优美 有三条湖泊,地铁是22号线的库坑站 目前在建中 教育方面有碧澜外国语和行知外国语,,,,暂无数据,2025-04-28,商品房,普通住宅,暂无数据,非共有,无抵押,挂牌时间:2025-04-28 | 交易权属:商品房 | 上次交易:暂无数据 | 房屋用途:普通住宅 | 房屋年限:暂无数据 | 产权所属:非共有 | 抵押信息:无抵押 | 房本备件:未上传房本照片,,
奥宸观壹城 2室1厅 东北,"奥宸观壹城 , 观澜",2室1厅,68.99平米,东北,,低楼层(共33层),2018年,板塔结合,238 万,34498 元,1,,,近地铁 | VR看装修,https://sz.lianjia.com/ershoufang/105121938456.html,地铁 | VR看装修,,,,,,,暂无数据,2025-08-28,商品房,普通住宅,暂无数据,非共有,无抵押,挂牌时间:2025-08-28 | 交易权属:商品房 | 上次交易:暂无数据 | 房屋用途:普通住宅 | 房屋年限:暂无数据 | 产权所属:非共有 | 抵押信息:无抵押 | 房本备件:未上传房本照片,,
观澜万科大4房 户型方正 采光好 自住保养好 看房方便,"万科九龙山 , 观澜",4室2厅,124平米,南,精装,中楼层(共33层),2016年,板楼,480 万,38710 元,0,,,VR房源,https://sz.lianjia.com/ershoufang/105116439966.html,VR房源,此房满五唯一，精装四房两厅两卫，中间楼层，朝南，万科大社区。,小区绿景多，楼间距宽敞，停车位充足，住户素质高，邻里关系融洽，有幼儿园，小区物业管理严格，生活安心，小区门口就有公交站，方便出行。,小区楼下就有人人乐和钱大妈；配套有观澜天虹，兴万达广场、比邻新天地、观澜老街、龙华环城绿道、茜坑水库、大水坑水库、狮径公园、龙华中芯医院。,,,,暂无数据,2024-03-22,商品房,普通住宅,暂无数据,共有,有抵押 260万元 业主自还,挂牌时间:2024-03-22 | 交易权属:商品房 | 上次交易:暂无数据 | 房屋用途:普通住宅 | 房屋年限:暂无数据 | 产权所属:共有 | 抵押信息:有抵押 260万元 业主自还 | 房本备件:未上传房本照片,客厅 / 37.8平米 / 南 / 普通窗 ; 卧室A / 15.48平米 / 西 南 / 落地窗 ; 卧室B / 8.97平米 / 无 / 未知窗户类型 ; 卧室C / 9.81平米 / 无 / 未知窗户类型 ; 卧室D / 10.44平米 / 无 / 未知窗户类型 ; 厨房 / 6.02平米 / 南 / 普通窗 ; 卫生间A / 4.1平米 / 北 / 普通窗 ; 卫生间B / 3.25平米 / 北 / 普通窗 ; 阳台 / 8.43平米 / 南 / 普通窗,
临湖大双拼(单证)，挑客客厅共5层，带私家码头可垂钓,"观湖园 , 观澜",5室3厅,280.25平米,东南,,1层,2012年,板楼,1700 万,60661 元,0,,,VR房源 | 随时看房,https://sz.lianjia.com/ershoufang/105105672010.html,VR房源 | 随时看房,中空挑高客厅，满五不唯一，一线临湖，无遮档景观，前后大花园,观湖园项目位于龙华新区观澜镇，邻近梅观高速公路，在梅观高速观澜出口旁。小区占地面积：37.***平方米，东南亚园林景观设计。双拼跟独栋管理费是6.5平米，叠拼的管理费是4.9平米，小区安保严密，24小时巡逻监控。,距离观澜湖新城约5公里，观澜湖新城是大型的Shoig Mll，一系列品牌都有进驻新城，购物娱乐都相当方便。距离观澜人民医院及伟光医院约6公里。小区到库坑小.學约1公里。,观湖园别墅小区邻近梅观高速公路，距离梅观高速观澜出口约1.5公里，去南山约33公里，罗湖约30公里，福田约28公里，交通如此便利的接轨市内生活圈。到观澜汽车站和观澜湖新城约五公里，观澜湖新城是大型的Shoig Mll，交通出行娱乐购物也是相当方便,,,暂无数据,2020-10-31,商品房,别墅,暂无数据,非共有,有抵押,挂牌时间:2020-10-31 | 交易权属:商品房 | 上次交易:暂无数据 | 房屋用途:别墅 | 房屋年限:暂无数据 | 产权所属:非共有 | 抵押信息:有抵押 | 房本备件:未上传房本照片,客厅 / 68.24平米 / 无 / 落地窗 ; 多功能间 / 75.58平米 / 无 / 普通窗 ; 卧室A / 15.45平米 / 西 / 普通窗 ; 卧室B / 11.43平米 / 西 / 普通窗 ; 卧室C / 13.63平米 / 东 / 普通窗 ; 卧室D / 26.69平米 / 东 / 普通窗 ; 卧室E / 15.15平米 / 无 / 落地窗 ; 厨房 / 9.35平米 / 无 / 普通窗 ; 卫生间A / 3.06平米 / 无 / 无窗 ; 卫生间B / 4.32平米 / 无 / 无窗 ; 卫生间C / 6.06平米 / 西 / 普通窗 ; 卫生间D / 10.31平米 / 西 / 普通窗 ; 卫生间E / 3.75平米 / 无 / 普通窗 ; 阳台A / 5.21平米 / 无 / 普通窗 ; 阳台B / 5.63平米 / 西 北 南 / 普通窗 ; 阳台C / 7.35平米 / 东 南 / 普通窗 ; 阳台D / 9.9平米 / 西 南 / 普通窗 ; 阳台E / 7.29平米 / 东 南 / 普通窗 ; 露台 / 27.74平米 / 无 / 普通窗 ; 花园 / 95.59平米 / 无 / 普通窗 ; 储物间A / 7.09平米 / 无 / 无窗 ; 储物间B / 20.5平米 / 西 / 落地飘窗 ; 车库 / 12.51平米 / 无 / 无窗 ; 过道A / 10.37平米 / 无 / 无窗 ; 过道B / 6.78平米 / 无 / 无窗 ; 过道C / 6.02平米 / 无 / 无窗 ; 衣帽间 / 13.03平米 / 无 / 无窗,
纯别墅区 少有户型 地面三层 实用高带花园 户型方正,"观湖园 , 观澜",4室2厅,167.31平米,东南,,低楼层(共4层),2012年,板楼,875 万,52299 元,6,,,VR房源,https://sz.lianjia.com/ershoufang/105111621753.html,VR房源,纯别墅区 少有户型 地面三层 实用高有花园 户型方正,观湖园项目位于龙华新区观澜镇，邻近梅观高速公路，在梅观高速观澜出口。小区占地面积：37.6弯平方米，容积低，绿化高，东南亚园林景观设计。双拼跟独栋管理费是6.5平米，叠拼的管理费是4.95平米，小区安保严密，24小时巡逻监控,小区南门200米，有菜市场，商场能满足日常所需；距离观澜湖新城约5公 里，观澜湖新城是大型的SHOPING MALL，一系列品牌都已进驻，购物娱乐 都相当方便；距离观澜人民医院及伟光医院约6公里。,观湖园别墅小区邻近梅观高速公路，距离梅观高速观澜出口约1.5公里，去南山约33公里，罗湖约30公里，福田约28公里，交通如此便利的接轨市内生活圈。到观澜汽车站和观澜湖新城约五公里，观澜湖新城是大型的Shoig Mll，交通出行娱乐购物也是相当方便,,,暂无数据,2022-09-26,商品房,普通住宅,暂无数据,非共有,有抵押,挂牌时间:2022-09-26 | 交易权属:商品房 | 上次交易:暂无数据 | 房屋用途:普通住宅 | 房屋年限:暂无数据 | 产权所属:非共有 | 抵押信息:有抵押 | 房本备件:未上传房本照片,客厅 / 47.54平米 / 北 东 / 普通窗 ; 卧室A / 10.68平米 / 无 / 落地飘窗 ; 卧室B / 22.5平米 / 无 / 落地飘窗 ; 卧室C / 9.59平米 / 无 / 落地窗 ; 厨房 / 6.45平米 / 东 / 普通窗 ; 卫生间A / 5.4平米 / 南 / 普通窗 ; 卫生间B / 3.98平米 / 无 / 普通窗 ; 卫生间C / 16.3平米 / 无 / 普通窗 ; 阳台 / 8.76平米 / 西 北 东 / 普通窗 ; 储物间 / 4.01平米 / 无 / 无窗 ; 地下室 / 86.95平米 / 无 / 普通窗 ; 过道A / 11.73平米 / 无 / 未知窗户类型 ; 过道B / 10.64平米 / 无 / 普通窗,
仁山303平 大平层 视野无遮挡 南北通透,"城建仁山智水花园三期 , 观澜",4室2厅,303.57平米,南 北,,低楼层(共41层),2015年,板楼,1600 万,52707 元,0,,,VR房源,https://sz.lianjia.com/ershoufang/105111364537.html,VR房源,此房满五年税费少，小区中间安静不吵，楼层好，视野开阔,城建仁山智水花园位于鹭湖国际住枢地段，深圳市宝安区观澜街道环观南路北侧，东临富安路，南望观澜高新技术园，地处政府规划发展的观澜新区，小区由高层，洋房，上下叠加别墅，联排别墅组成， 毛坯交房 ，总共1445户，车位3150,配套完善；离小区七公里有观澜湖新城，观澜湖新城是观澜湖集团花费50亿打造的大型购物娱乐综合商城，距离观澜天虹商场2.5公里，距离鹭湖社康中 心800米。环观南路已开通有轨电车，接驳清湖地铁站。,社区位于环观南路以北，梅观高速以东；梅观高速、机荷高速，轻轨站是科技园东、宝安高新技术园站，经过的路线有E4、772等。,,,暂无数据,2022-08-29,商品房,普通住宅,暂无数据,共有,无抵押,挂牌时间:2022-08-29 | 交易权属:商品房 | 上次交易:暂无数据 | 房屋用途:普通住宅 | 房屋年限:暂无数据 | 产权所属:共有 | 抵押信息:无抵押 | 房本备件:未上传房本照片,客厅 / 85.37平米 / 南 / 普通窗 ; 卧室A / 12.06平米 / 北 / 普通窗 ; 卧室B / 18.37平米 / 无 / 未知窗户类型 ; 卧室C / 34.67平米 / 无 / 未知窗户类型 ; 厨房 / 9.55平米 / 北 / 普通窗 ; 卫生间A / 7.8平米 / 北 / 普通窗 ; 卫生间B / 8.34平米 / 东 / 落地窗 ; 卫生间C / 15.3平米 / 东 / 落地窗 ; 阳台A / 61.35平米 / 北 / 普通窗 ; 阳台B / 11.44平米 / 无 / 无窗 ; 阳台C / 17.05平米 / 东 南 / 普通窗 ; 阳台D / 16.8平米 / 北 东 / 落地窗 ; 储物间A / 4.49平米 / 无 / 无窗 ; 储物间B / 12.7平米 / 南 / 落地窗,
华盛观荟 看小区安静不吵 业主急售,"华盛观荟名庭 , 观澜",3室2厅,79.39平米,南,,中楼层(共32层),2016年,板塔结合,350 万,44087 元,3,,,近地铁 | VR房源,https://sz.lianjia.com/ershoufang/105114893200.html,地铁 | VR房源,满五年税费少，通透户型通风采光好。,小区分两期开发，一期由公寓和住宅，二期三栋住宅。小区一期楼下是商 业，三楼是空中花园，三楼以上是住宅，一共有二栋一栋是公寓二栋是住宅，二期的小户型是2018年下半年才精装交房，次新房，居住舒适，二期自带泳池和园林,商场：楼下就是购物广场，以及天虹、人人乐，比邻新天地医院：观澜人民医院 深圳市龙华新区慢性病防治.观澜医院竹村社区健康服务邮局：中国邮政 中国邮政 观澜邮政局银行：中国建设银行，深圳市农村商.业银行。中国农业银行等，以及格兰云天酒店,公交;，福民影剧院;M337路M464路， 1经泗黎路与观光路，3个红绿灯到达梅观高速，梅观高速快速到达福田区； 2．通过观澜大道转机荷高速，可快速到达龙岗，宝安机场等等，出行方便。4号地铁离小区仅500米，换乘到深圳各区,,,暂无数据,2023-09-24,商品房,普通住宅,暂无数据,非共有,有抵押,挂牌时间:2023-09-24 | 交易权属:商品房 | 上次交易:暂无数据 | 房屋用途:普通住宅 | 房屋年限:暂无数据 | 产权所属:非共有 | 抵押信息:有抵押 | 房本备件:未上传房本照片,客厅 / 23.54平米 / 东南 / 普通窗 ; 卧室A / 5.44平米 / 东北 / 普通窗 ; 卧室B / 12.35平米 / 无 / 未知窗户类型 ; 卧室C / 10.39平米 / 无 / 未知窗户类型 ; 厨房 / 4.57平米 / 东南 / 普通窗 ; 卫生间 / 4.59平米 / 西北 / 普通窗 ; 阳台 / 3.56平米 / 西南 东北 东南 / 普通窗 ; 储物间 / 2.42平米 / 无 / 无窗,
招商观园别墅区 奢装三房两厅复式 大百平米花园露台,"招商观园 , 观澜",3室2厅,85.22平米,东南,精装,低楼层(共3层),2012年,塔楼,650 万,76274 元,344,,,VR房源 | 房本满五年,https://sz.lianjia.com/ershoufang/105110620043.html,VR房源 | 房本满五年,此房居家奢装，次新房，多层结构顶复 带百平米露台花园,招商观园位于龙华区观澜街道环观南路北侧(观澜高新科技园站旁），是由深圳招商房地产有限公司规划、开发的小区，规划面积147595平方米，建筑面积222221平方米，小区由别墅 多层 小高层组成，容 积率1.5，居住舒适,医疗：龙华中 心医院（4600米百度地图测距），龙华综合医院（在建中3100米百度地图测距），新科技园社区健康服务中 心。购物：宝 地利商场（楼下），佳又惠百货医院，天虹（2400米百度地图测距）,公交线路：公交（观澜高新园站）M567、M264、313、E4路等，出小区约100米 有轨电车站台（电车接驳地铁4号线清湖地铁口），高速公路：机荷高速公路、梅观高速公路，交通方便。,,,2019-08-21,2022-05-28,商品房,普通住宅,满五年,共有,有抵押 250万元 客户偿还,挂牌时间:2022-05-28 | 交易权属:商品房 | 上次交易:2019-08-21 | 房屋用途:普通住宅 | 房屋年限:满五年 | 产权所属:共有 | 抵押信息:有抵押 250万元 客户偿还 | 房本备件:已上传房本照片,客厅 / 30.23平米 / 无 / 无窗 ; 卧室A / 12.86平米 / 东北 / 落地窗 ; 卧室B / 23.14平米 / 东北 / 落地窗 ; 卧室C / 21.5平米 / 西南 / 落地窗 ; 厨房 / 20.01平米 / 无 / 普通窗 ; 卫生间A / 4.6平米 / 无 / 无窗 ; 卫生间B / 4.47平米 / 无 / 无窗 ; 露台 / 17.15平米 / 东北 东南 / 普通窗 ; 露台A / 76.12平米 / 无 / 普通窗 ; 楼梯间 / 5.96平米 / 无 / 无窗 ; 衣帽间A / 3.8平米 / 无 / 无窗 ; 衣帽间B / 8.33平米 / 西南 / 普通窗,
峰荟业主工作调动至南山诚意出售置换前海,"华盛峰荟名庭 , 观澜",3室2厅,83.83平米,东南,,中楼层(共32层),2016年,板塔结合,350 万,41752 元,0,,,近地铁 | VR看装修,https://sz.lianjia.com/ershoufang/105121464327.html,地铁 | VR看装修,地铁口物业：步行544米达4号线长湖站，3站换乘深圳北站枢纽，,,"医疗：观澜人民医院（500米）+伟光医院（800米）



休闲：观澜人民公园（400米）+九龙山生态长廊



 shopingmall：天虹商场（1.1公里）+宝能all city","地铁：4号线长湖站（544米）+规划江围新村换乘站



公交：悦兴碧澜路口站（200米，M225/M285等10条线路）



自驾：3个红绿灯上梅观高速，直达福田CBD",,,暂无数据,2025-07-16,商品房,普通住宅,暂无数据,非共有,有抵押,挂牌时间:2025-07-16 | 交易权属:商品房 | 上次交易:暂无数据 | 房屋用途:普通住宅 | 房屋年限:暂无数据 | 产权所属:非共有 | 抵押信息:有抵押 | 房本备件:未上传房本照片,,
纯别墅小区  4房 2厅   套内300平,"观湖园 , 观澜",4室2厅,158.32平米,东南,精装,低楼层(共4层),2010年,板楼,1036 万,65438 元,0,,,VR房源,https://sz.lianjia.com/ershoufang/105120728641.html,VR房源,门口有好几个停车位，方便停车，精装，业主急售，好谈价格,,,免费梅关快速，22号地铁线，小区门口有站，正在建设，直达福田,,,暂无数据,2025-05-14,商品房,普通住宅,暂无数据,非共有,无抵押,挂牌时间:2025-05-14 | 交易权属:商品房 | 上次交易:暂无数据 | 房屋用途:普通住宅 | 房屋年限:暂无数据 | 产权所属:非共有 | 抵押信息:无抵押 | 房本备件:未上传房本照片,客厅A / 51.2平米 / 无 / 无窗 ; 客厅B / 59.65平米 / 无 / 无窗 ; 书房 / 12.91平米 / 东南 / 普通窗 ; 卧室A / 13.63平米 / 无 / 落地窗 ; 卧室B / 22.37平米 / 西北 / 普通窗 ; 卧室C / 15.65平米 / 东南 / 普通窗 ; 厨房 / 5.65平米 / 无 / 无窗 ; 卫A / 1.74平米 / 无 / 无窗 ; 卫生间B / 5.97平米 / 无 / 无窗 ; 卫生间C / 6.66平米 / 西北 / 普通窗 ; 卫生间D / 8.18平米 / 东南 / 普通窗 ; 阳台A / 14.29平米 / 西南 西北 东北 / 普通窗 ; 阳台B / 6.71平米 / 东南 / 普通窗 ; 储物间A / 8.96平米 / 无 / 无窗 ; 储物间B / 6.01平米 / 无 / 无窗 ; 储物间C / 4.38平米 / 无 / 无窗 ; 过道 / 12.03平米 / 无 / 无窗 ; 衣帽间 / 7.14平米 / 无 / 无窗,
小双拼 7房  2厅  五层 小别墅,"观湖园 , 观澜",7室2厅,241.64平米,东南,精装,3层,2010年,板楼,1280 万,52972 元,2,,,VR房源 | 随时看房,https://sz.lianjia.com/ershoufang/105120052371.html,VR房源 | 随时看房,5层小双拼 毛坯户型   南北通 花园200平 带大露台,观湖园项目位于龙华新区观澜镇，邻近梅观高速公路，在梅观高速观澜出口。小区占地面积：37.6、万平方米，东南亚园林景观设计。双拼跟独栋管理费是6.5平米，叠拼的管理费是4.9平米，小区安保严密，24小时巡逻监控,小区南门200米，有菜市场，商场能满足日常所需；距离观澜湖新城约5公 里，观澜湖新城是大型的 MALL，一系列品牌都已进驻，购物娱乐 都相当方便；距离观澜人民医院及伟光医院约6公里,观湖园别墅小区邻近梅观高速公路，距离梅观高速观澜出口约1.5公里，去南山约33公里，罗湖约30公里，福田约28公里，交通如此便利的接轨市内生活圈。到观澜汽车站和观澜湖新城约五公里，观澜湖新城，交通出行娱乐购物也是相当方便,,,2025-03-14,2025-03-14,商品房,普通住宅,未满两年,非共有,有抵押 100万元 银行 业主自还,挂牌时间:2025-03-14 | 交易权属:商品房 | 上次交易:2025-03-14 | 房屋用途:普通住宅 | 房屋年限:未满两年 | 产权所属:非共有 | 抵押信息:有抵押 100万元 银行 业主自还 | 房本备件:已上传房本照片,客厅 / 59.51平米 / 无 / 普通窗 ; 卧室A / 16.47平米 / 无 / 未知窗户类型 ; 卧室B / 15.42平米 / 无 / 未知窗户类型 ; 卧室C / 19.09平米 / 无 / 未知窗户类型 ; 卧室D / 33.18平米 / 无 / 普通窗 ; 卧室E / 19.49平米 / 无 / 未知窗户类型 ; 卧室F / 11.17平米 / 无 / 普通窗 ; 卧室G / 12.97平米 / 无 / 普通窗 ; 厨房 / 6.66平米 / 无 / 普通窗 ; 卫A / 3.3平米 / 无 / 普通窗 ; 卫B / 3.02平米 / 无 / 普通窗 ; 卫生间C / 5.6平米 / 无 / 普通窗 ; 卫生间D / 4.4平米 / 无 / 普通窗 ; 卫生间E / 7.05平米 / 无 / 普通窗 ; 卫生间F / 4.07平米 / 无 / 普通窗 ; 卫生间G / 4.69平米 / 无 / 普通窗 ; 阳台A / 7.9平米 / 无 / 普通窗 ; 阳台C / 7.38平米 / 无 / 普通窗 ; 露台 / 21.37平米 / 无 / 普通窗 ; 储物间 / 1.97平米 / 无 / 无窗 ; 地下室 / 69.95平米 / 西北 / 普通窗 ; 过道A / 11.41平米 / 无 / 无窗 ; 过道B / 9.67平米 / 无 / 无窗 ; 过道C / 9.61平米 / 无 / 无窗 ; 过道D / 8.49平米 / 无 / 无窗,
仁山别墅 满五年唯一 诚意出售 位置安静 精装修,"城建仁山智水花园一期 , 观澜",10室2厅,216.37平米,南,,低楼层(共1层),2015年,板楼,2690 万,124325 元,0,,,VR房源,https://sz.lianjia.com/ershoufang/105120964002.html,VR房源,此房满五年唯一 诚意出售 位置安静 精装修,仁山智水由深圳市城市建设开发公司开发，小区占地近20平，总建筑面积为557584.63㎡，住宅282053.6㎡，商铺5860㎡，幼儿园3500.08㎡，建筑主体包括95栋住宅楼，其中有83栋低多层住宅及8栋高层和4栋高层，住宅共1445户，车位3158个,龙华医院（4600米百度地图测距龙华综合医院在建中3100米百度地图测距新科技园社区健康服务购物商场楼下佳又惠百货医院天虹（2400米百度地图测距,公交（观澜高新园站）M517、M264、313、E4路等，出小区约100有轨电车站台（电车接驳地铁4号线清湖地铁口），高速公路：机荷高速公路、梅观高速公路，交通方便。以后规划的有22号地铁线可看规划图,,,暂无数据,2025-06-04,商品房,普通住宅,暂无数据,共有,有抵押 700万元,挂牌时间:2025-06-04 | 交易权属:商品房 | 上次交易:暂无数据 | 房屋用途:普通住宅 | 房屋年限:暂无数据 | 产权所属:共有 | 抵押信息:有抵押 700万元 | 房本备件:未上传房本照片,,
联排别墅，精心之作，通透亮丽！,"懿花园 , 观澜",6室1厅,216平米,南 北,精装,1层,2013年,板楼,1900 万,87963 元,0,,,VR房源,https://sz.lianjia.com/ershoufang/105121955391.html,VR房源,此房满五唯一，南北通透，靠近北门，出行方便！,和黄懿花园也叫盈峰翠邸，由和记黄埔地产(深圳)有限公司开发，位于横坑水库。项目规划为地上建筑4-10层，地下2层，共59栋建筑(其中57栋住宅，2所幼儿园，及公建以地下室形式布置于地块南端)。 机动车位：600个；高层地库车位385个，多层地库车位200个,医疗龙华人民第二医院（4600米百度地图测距龙华综合医院在建中3100米百度地图测距新科技园社区健康服务购物商场楼下佳又惠百货医院天虹（2400米百度地图测距,,,,暂无数据,2025-08-29,商品房,别墅,暂无数据,非共有,有抵押 500万元 工商银行 金融公司垫资,挂牌时间:2025-08-29 | 交易权属:商品房 | 上次交易:暂无数据 | 房屋用途:别墅 | 房屋年限:暂无数据 | 产权所属:非共有 | 抵押信息:有抵押 500万元 工商银行 金融公司垫资 | 房本备件:未上传房本照片,客厅 / 66.22平米 / 西 北 南 / 落地窗 ; 多功能间 / 16.78平米 / 西 北 东 南 / 落地窗 ; 卧室A / 17.48平米 / 无 / 普通窗 ; 卧室B / 12.13平米 / 无 / 未知窗户类型 ; 卧室C / 13.45平米 / 西 / 落地窗 ; 卧室D / 18.48平米 / 西 北 东 / 落地窗 ; 卧室E / 31.78平米 / 西 北 南 / 落地窗 ; 厨房 / 11.4平米 / 北 / 普通窗 ; 卫生间A / 3.44平米 / 无 / 无窗 ; 卫生间B / 2.64平米 / 西 / 普通窗 ; 卫生间C / 3.69平米 / 北 / 普通窗 ; 卫生间D / 3.47平米 / 北 / 普通窗 ; 卫生间E / 8.41平米 / 西 / 落地窗 ; 卫生间F / 2.93平米 / 西 / 普通窗 ; 阳台 / 9.4平米 / 西 东 南 / 普通窗 ; 阳台A / 37.79平米 / 西 东 南 / 普通窗 ; 露台 / 50.2平米 / 西 北 东 南 / 普通窗 ; 地下室 / 92.8平米 / 无 / 普通窗 ; 楼梯间 / 4.14平米 / 无 / 无窗 ; 过道A / 20.14平米 / 无 / 无窗 ; 过道B / 7.71平米 / 无 / 无窗 ; 衣帽间 / 11.31平米 / 南 / 普通窗,
长湖地铁口小户型，业主急卖，看房方便,"华盛峰荟名庭 , 观澜",1室1厅,49.38平米,北,精装,低楼层(共36层),2016年,板塔结合,95 万,19239 元,1,,20天以前发布,近地铁 | VR房源,https://sz.lianjia.com/ershoufang/105122166883.html,地铁 | VR房源,房子安静户型看小区，业主急卖的,,小区楼下有为盛百货，门口有菜市场，500米范围有公园，地铁，医院,,,,暂无数据,2025-09-18,商品房,商务公寓,暂无数据,非共有,无抵押,挂牌时间:2025-09-18 | 交易权属:商品房 | 上次交易:暂无数据 | 房屋用途:商务公寓 | 房屋年限:暂无数据 | 产权所属:非共有 | 抵押信息:无抵押 | 房本备件:未上传房本照片,客厅 / 12.4平米 / 北 / 落地窗 ; 卧室 / 6.85平米 / 北 / 落地窗 ; 厨房 / 2.77平米 / 西 / 普通窗 ; 卫 / 1.47平米 / 南 / 普通窗 ; 阳台 / 1.71平米 / 西 / 普通窗 ; 过道 / 2.42平米 / 无 / 无窗,
宁静宜居，私享小院，懿花园精装复式,"懿花园 , 观澜",3室2厅,89平米,东南,精装,低楼层(共10层),2014年,板楼,500 万,56180 元,2,,,VR房源 | 房本满五年,https://sz.lianjia.com/ershoufang/105116904554.html,VR房源 | 房本满五年,此房满五年唯一 居家精装 复式洋房 带小院,和黄懿花园也叫盈峰翠邸，由和记黄埔地产(深圳)有限公司开发，位于横坑水库。项目规划为地上建筑4-10层，地下2层，共59栋建筑(其中57栋住宅，2所幼儿园，及公建以地下室形式布置于地块南端)。 机动车位：600个；高层地库车位385个，多层地库车位200个,,公交（宝安高新科技园、观澜高新科技园）794、331、517、286、E4路等，出小区就是有轨电车站台，高速公路：机荷高速公路、梅观高速公路，交通方便。,,,2008-01-01,2024-05-06,商品房,普通住宅,满五年,非共有,有抵押,挂牌时间:2024-05-06 | 交易权属:商品房 | 上次交易:2008-01-01 | 房屋用途:普通住宅 | 房屋年限:满五年 | 产权所属:非共有 | 抵押信息:有抵押 | 房本备件:已上传房本照片,客厅 / 24.16平米 / 无 / 落地窗 ; 书房 / 6.85平米 / 无 / 落地窗 ; 卧室A / 9.41平米 / 无 / 落地窗 ; 卧室B / 6.59平米 / 无 / 落地窗 ; 卧室C / 14.88平米 / 无 / 落地窗 ; 厨房 / 4.59平米 / 无 / 无窗 ; 卫生间A / 3.33平米 / 无 / 无窗 ; 卫生间B / 4.19平米 / 无 / 无窗 ; 阳台 / 1.97平米 / 无 / 落地窗 ; 储物间 / 5.94平米 / 无 / 落地窗 ; 过道 / 4.74平米 / 无 / 普通窗,
万科九龙山 4室1厅 南,"万科九龙山 , 观澜",4室1厅,124平米,南,,低楼层(共33层),2016年,板楼,530 万,42742 元,0,,25天以前发布,VR房源,https://sz.lianjia.com/ershoufang/105122107779.html,VR房源,,,,,,,暂无数据,2025-09-12,商品房,普通住宅,暂无数据,非共有,无抵押,挂牌时间:2025-09-12 | 交易权属:商品房 | 上次交易:暂无数据 | 房屋用途:普通住宅 | 房屋年限:暂无数据 | 产权所属:非共有 | 抵押信息:无抵押 | 房本备件:未上传房本照片,客厅 / 31.59平米 / 东南 / 普通窗 ; 卧室A / 10.1平米 / 无 / 未知窗户类型 ; 卧室B / 9.38平米 / 无 / 未知窗户类型 ; 卧室C / 8.73平米 / 无 / 未知窗户类型 ; 卧室D / 15.64平米 / 东北 东南 / 落地窗 ; 厨房 / 5.82平米 / 无 / 未知窗户类型 ; 卫生间A / 3.16平米 / 西北 / 普通窗 ; 卫生间B / 4.16平米 / 西北 / 普通窗 ; 阳台 / 8.98平米 / 东北 东南 / 普通窗 ; 过道 / 2.7平米 / 无 / 无窗 ; 门厅 / 2.92平米 / 无 / 无窗,
155平，前后双阳台，中间位置，户型方正，居住舒适,"招商澜园 , 观澜",4室2厅,155平米,南,精装,中楼层(共17层),2010年,板塔结合,615 万,39678 元,4,,,近地铁 | VR看装修,https://sz.lianjia.com/ershoufang/105121000987.html,地铁 | VR看装修,满五年，业主自住，装修保养好，小区安静位置，中高楼层,招商澜园建成2010年总共13栋，分2区南区和北区，物业费2.8元:总户数4582，车位比1:1.41，地下停车位物业管理费60元一个月本小区是低密小高层，社区人车分流，设有儿童游乐园，健身区草坪绿植，环境优美泳池以及会所。,,小区门口就有公交站，途径的公交线众多，有轨电车在小区门口文澜站，直接到达清湖地铁口4号线，观澜大桥直接可以上机荷高速，多条公交线路到达罗湖，福田楼下轻轨文澜站直达青湖地铁站，直达竹村地铁站1.1公里。,,,暂无数据,2025-06-07,商品房,普通住宅,暂无数据,非共有,有抵押 邮政,挂牌时间:2025-06-07 | 交易权属:商品房 | 上次交易:暂无数据 | 房屋用途:普通住宅 | 房屋年限:暂无数据 | 产权所属:非共有 | 抵押信息:有抵押 邮政 | 房本备件:未上传房本照片,客厅 / 38.4平米 / 北 / 普通窗 ; 卧室A / 10.09平米 / 北 / 落地窗 ; 卧室B / 10.58平米 / 无 / 未知窗户类型 ; 卧室C / 9.66平米 / 无 / 未知窗户类型 ; 卧室D / 17.01平米 / 无 / 未知窗户类型 ; 厨房 / 8.72平米 / 北 / 普通窗 ; 卫生间A / 4.88平米 / 北 / 普通窗 ; 卫生间B / 5.66平米 / 北 / 普通窗 ; 阳台A / 3.92平米 / 北 / 普通窗 ; 阳台B / 12.56平米 / 北 / 普通窗 ; 储物间 / 4.92平米 / 北 / 普通窗 ; 过道 / 3.55平米 / 无 / 无窗 ; 门厅 / 8.68平米 / 北 / 普通窗 ; 衣帽间 / 8.96平米 / 无 / 无窗,
房子采光光线好，客厅直出花园平台-比常规的大30平,"懿花园 , 观澜",7室2厅,183.5平米,东南,精装,1层,2013年,板楼,1180 万,64306 元,2,,,VR房源,https://sz.lianjia.com/ershoufang/105121182881.html,VR房源,中间位别墅，业主诚心出售，看房方便,和黄懿花园也叫盈峰翠邸，由和记黄埔地产(深圳)有限公司开发，位于横坑水库。项目规划为地上建筑4-10层，地下2层，共59栋建筑(其中57栋住宅，2所幼儿园，及公建以地下室形式布置于地块南端)。 机动车位：600个；高层地库车位385个，多层地库车位200个,医疗龙华人民第二医院（4600米百度地图测距龙华综合医院在建中3100米百度地图测距新科技园社区健康服务购物商场楼下佳又惠百货医院天虹（2400米百度地图测距,,,,暂无数据,2025-06-22,商品房,普通住宅,暂无数据,非共有,有抵押 460 客户偿还,挂牌时间:2025-06-22 | 交易权属:商品房 | 上次交易:暂无数据 | 房屋用途:普通住宅 | 房屋年限:暂无数据 | 产权所属:非共有 | 抵押信息:有抵押 460 客户偿还 | 房本备件:未上传房本照片,客厅 / 51.93平米 / 南 / 落地窗 ; 书房 / 6.28平米 / 北 / 普通窗 ; 卧室A / 9.08平米 / 南 / 普通窗 ; 卧室B / 14.96平米 / 无 / 未知窗户类型 ; 卧室C / 19.72平米 / 南 / 普通窗 ; 卧室D / 21.31平米 / 北 东 / 落地窗 ; 卧室E / 18.27平米 / 东 南 / 落地窗 ; 卧室F / 8.19平米 / 南 / 普通窗 ; 厨房 / 7平米 / 北 / 普通窗 ; 卫A / 1.92平米 / 南 / 普通窗 ; 卫生间B / 3.9平米 / 无 / 无窗 ; 卫生间C / 4.59平米 / 无 / 无窗 ; 卫生间D / 8.24平米 / 无 / 无窗 ; 卫生间E / 2.85平米 / 北 东 / 普通窗 ; 阳台A / 3.66平米 / 东 南 / 普通窗 ; 阳台B / 38.08平米 / 西 东 南 / 普通窗 ; 露台 / 16.92平米 / 西 北 东 南 / 普通窗 ; 储物间 / 3.82平米 / 无 / 无窗 ; 储物间A / 2.78平米 / 无 / 无窗 ; 储物间B / 5.45平米 / 无 / 无窗 ; 地下室 / 58.11平米 / 无 / 无窗 ; 过道A / 4.56平米 / 无 / 无窗 ; 过道B / 10.35平米 / 无 / 无窗 ; 过道C / 8.98平米 / 无 / 无窗 ; 过道D / 6.87平米 / 东 / 普通窗,
懿花园二百万新装修联排别墅，前后大院子两私家车位。,"懿花园 , 观澜",5室2厅,183.85平米,西南,精装,3层,2014年,板楼,1170 万,63639 元,9,,,VR房源,https://sz.lianjia.com/ershoufang/105118793173.html,VR房源,和黄懿花园联排别墅，上下四层半使用率高达450平。前后院子,和黄懿花园也叫盈峰翠邸，由和记黄埔地产(深圳)有限公司开发，位于横坑水库。项目规划为地上建筑4-10层，地下2层，共59栋建筑(其中57栋住宅，2所幼儿园，及公建以地下室形式布置于地块南端)。 机动车位：600个；高层地库车位385个，多层地库车位200个,,公交线路：公交（宝安高新科技园、观澜高新科技园）794、627、663、668、866，517.264.921路等 高速公路：机荷高速公路、梅观高速公路。有轨电车高新区站距离小区300米。出行便利,,,2021-08-30,2024-11-03,商品房,普通住宅,暂无数据,非共有,有抵押 金融贷,挂牌时间:2024-11-03 | 交易权属:商品房 | 上次交易:2021-08-30 | 房屋用途:普通住宅 | 房屋年限:暂无数据 | 产权所属:非共有 | 抵押信息:有抵押 金融贷 | 房本备件:已上传房本照片,客厅 / 51.12平米 / 西南 / 落地窗 ; 书房 / 10.19平米 / 无 / 无窗 ; 卧室A / 13.5平米 / 无 / 未知窗户类型 ; 卧室B / 18.58平米 / 无 / 未知窗户类型 ; 卧室C / 17.75平米 / 西 / 落地窗 ; 卧室D / 17.79平米 / 东北 / 普通窗 ; 卧室E / 24.96平米 / 西南 西北 东南 / 落地窗 ; 厨房 / 7.97平米 / 东北 / 普通窗 ; 卫生间A / 6.99平米 / 无 / 无窗 ; 卫生间B / 4.81平米 / 西南 / 普通窗 ; 卫生间C / 3.61平米 / 东北 / 普通窗 ; 卫生间D / 5.38平米 / 无 / 无窗 ; 阳台 / 51.6平米 / 西南 西北 东北 东南 / 普通窗 ; 地下室 / 40.93平米 / 无 / 无窗 ; 过道A / 11.09平米 / 无 / 无窗 ; 过道B / 7.35平米 / 无 / 无窗 ; 过道C / 3.44平米 / 无 / 无窗 ; 衣帽间 / 5.77平米 / 无 / 无窗,
客厅大开间，阳台外拓，满二税少，看山景,"懿花园 , 观澜",3室2厅,89.02平米,北,精装,中楼层(共10层),2014年,板楼,390 万,43811 元,1,,,VR房源,https://sz.lianjia.com/ershoufang/105121303044.html,VR房源,看山景，仅契税，户型大改，使用率高。,和黄懿花园也叫盈峰翠邸，由和记黄埔地产(深圳)有限公司开发，位于横坑水库。项目规划为地上建筑4-10层，地下2层，共59栋建筑(其中57栋住宅，2所幼儿园，及公建以地下室形式布置于地块南端)。 机动车位：600个；高层地库车位385个，多层地库车位200个,医疗龙华人民第二医院（4600米百度地图测距龙华综合医院在建中3100米百度地图测距新科技园社区健康服务购物商场楼下佳又惠百货医院天虹（2400米百度地图测距,公交线路：公交（宝安高新科技园、观澜高新科技园）794、627、663、668、866路等，出小区就是有轨电车站台，高速公路：机荷高速公路、梅观高速公路，交通方便。,,,2021-05-07,2025-07-02,商品房,普通住宅,未满两年,非共有,有抵押 282万元,挂牌时间:2025-07-02 | 交易权属:商品房 | 上次交易:2021-05-07 | 房屋用途:普通住宅 | 房屋年限:未满两年 | 产权所属:非共有 | 抵押信息:有抵押 282万元 | 房本备件:已上传房本照片,,
满五居住安静无遮挡交通便利配套成熟,"招商澜园 , 观澜",3室1厅,82.68平米,南,简装,低楼层(共25层),2010年,板塔结合,430 万,52008 元,1,,,近地铁 | VR看装修 | 房本满五年,https://sz.lianjia.com/ershoufang/105119253235.html,地铁 | VR看装修 | 房本满五年,满五居住安静无遮挡交通便利配套成熟,招商澜园建成2010年总共13栋，分2区南区和北区，物业费2.8元:总户数4582，车位比1:1.41，地下停车位物业管理费60元一个月本小区是低密小高层，社区人车分流，设有儿童游乐园，健身区草坪绿植，环境优美泳池以及会所。,,小区门口就有公交站，途径的公交线众多，有轨电车在小区门口文澜站，直接到达清湖地铁口4号线，观澜大桥直接可以上机荷高速，多条公交线路到达罗湖，福田楼下轻轨文澜站直达青湖地铁站，直达竹村地铁站1.1公里。,,,2018-01-16,2024-12-20,商品房,普通住宅,满五年,非共有,有抵押 70万元 公积金 业主自还,挂牌时间:2024-12-20 | 交易权属:商品房 | 上次交易:2018-01-16 | 房屋用途:普通住宅 | 房屋年限:满五年 | 产权所属:非共有 | 抵押信息:有抵押 70万元 公积金 业主自还 | 房本备件:已上传房本照片,客厅 / 28.87平米 / 南 / 落地窗 ; 卧室A / 9.3平米 / 无 / 未知窗户类型 ; 卧室B / 9平米 / 东 南 / 落地窗 ; 卧室C / 13.53平米 / 无 / 未知窗户类型 ; 厨房 / 6.02平米 / 东 / 落地窗 ; 卫生间 / 3.94平米 / 东 / 普通窗 ; 阳台 / 5.35平米 / 南 / 落地窗,
业主诚心出售，精装修三个阳台，视野开阔,"招商观园 , 观澜",4室1厅,163.4平米,南,简装,中楼层(共18层),2012年,塔楼,635 万,38862 元,1,,,VR看装修,https://sz.lianjia.com/ershoufang/105120551074.html,VR看装修,业主诚心出售，精装修三个阳台，视野开阔,招商观园地块位于深圳市宝安区观澜街道环观南路北侧，与观澜高新技术园区隔路相望，邻进梅观高速、机荷高速，占地147595.156平方米，主力产品为140-180㎡大户型和单证89平,南面是高兴科技园，北面是横坑滨水公园，税务局（1000米百度地图 观湖中 心公园（737米百度地图 医疗龙华医院（4600米百度地图测距龙华综合医院在建中3100米百度地图测距新科技园社区健康服务商场楼下佳又惠百货医院天虹（2400米百度地图测距,有轨电车站台，高新园西站（电车接驳地铁4号线清湖地铁口），公交线路：公交（观澜高新园站）M567、M264、313、E4路等，高速公路：机荷高速公路、梅观高速公路，交通方便。,,,暂无数据,2025-04-27,商品房,普通住宅,暂无数据,非共有,无抵押,挂牌时间:2025-04-27 | 交易权属:商品房 | 上次交易:暂无数据 | 房屋用途:普通住宅 | 房屋年限:暂无数据 | 产权所属:非共有 | 抵押信息:无抵押 | 房本备件:未上传房本照片,,
中间楼层，视野好，户型方正，看房方便。,"中森公园华府 , 观澜",2室1厅,69.38平米,东南,,高楼层(共30层),2020年,板塔结合,255 万,36755 元,0,,,VR看装修 | 随时看房,https://sz.lianjia.com/ershoufang/105120235827.html,VR看装修 | 随时看房,出门就是公园，次新小区，环境好，全新毛坯，中间楼层。,开发商为深圳中森，是以房地产为产业的企业，主要以珠三角地区和成渝地区为发展区域。 在深圳有几个住宅地产项目，为人熟知的应该是科技园片区华润城邻居的英伦名苑1-3期，以及龙岗的中森双子座。,项目位于龙华区观澜板块，观湖街道的东南方位。所在区域是深圳中轴北的产业，南接坂田天安云谷、龙华宝能科技城，东连平湖金融与现代服务业基地，西临观澜高新产业园， 北为观澜传统制造业聚集地带,,,,2021-12-09,2025-03-30,商品房,普通住宅,暂无数据,非共有,有抵押,挂牌时间:2025-03-30 | 交易权属:商品房 | 上次交易:2021-12-09 | 房屋用途:普通住宅 | 房屋年限:暂无数据 | 产权所属:非共有 | 抵押信息:有抵押 | 房本备件:已上传房本照片,客厅 / 24.33平米 / 东 / 普通窗 ; 卧室A / 7.97平米 / 无 / 未知窗户类型 ; 卧室B / 8.01平米 / 东 / 落地窗 ; 厨房 / 5.54平米 / 北 / 落地窗 ; 卫生间 / 4.35平米 / 北 / 普通窗 ; 阳台A / 3.95平米 / 东 / 落地窗 ; 阳台B / 2.87平米 / 东 / 普通窗,
学府旁 采光通风佳，业主诚心卖,"华盛峰荟名庭 , 观澜",3室2厅,54.98平米,东,精装,低楼层(共27层),2016年,板塔结合,149.5 万,27192 元,11,,,近地铁 | VR房源,https://sz.lianjia.com/ershoufang/105120327950.html,地铁 | VR房源,采光通风佳，业主诚心卖  配套齐全,深圳市华盛智地房地产开发有限公司。物业公司：深圳市金洪物业管理服务有限公司，小区24小时安保巡逻。小区内部配套：儿童游乐场，健身活动区，小区园林，商场等。,商场：天虹商场，为盛商场，农贸市场：龙华区医院 深圳市龙华新区慢性病防治.观澜医院竹村社区健康服务邮局：中国邮政 中国邮政 观澜邮政局银行：中国建设银行ATM 深圳市农村商.业银行ATM 中国农业银行ATM其他：格兰云天国际大酒店,地铁：4号线长湖站，公交;，福民影剧院;M337路M464路， 1经泗黎路与观光路，3个红绿灯到达梅观高速，梅观高速快速到达福田区； 2．通过观澜大道转机荷高速，可快速到达龙岗，宝安机场..,,,暂无数据,2025-04-08,商品房,商务公寓,暂无数据,非共有,无抵押,挂牌时间:2025-04-08 | 交易权属:商品房 | 上次交易:暂无数据 | 房屋用途:商务公寓 | 房屋年限:暂无数据 | 产权所属:非共有 | 抵押信息:无抵押 | 房本备件:未上传房本照片,客厅 / 22.55平米 / 无 / 未知窗户类型 ; 多功能间 / 3.06平米 / 无 / 无窗 ; 卧室A / 8.45平米 / 东 / 普通窗 ; 卧室B / 10.36平米 / 东 / 落地窗 ; 卧室C / 13.35平米 / 东 / 落地窗 ; 卫生间A / 2.6平米 / 无 / 无窗 ; 卫生间B / 2.73平米 / 无 / 无窗 ; 阳台 / 2.29平米 / 东 / 普通窗 ; 过道 / 5.27平米 / 无 / 无窗,
次新房，小区环境好，下楼就是白鸽湖公园 高楼层,"中森公园华府 , 观澜",3室1厅,88平米,南,精装,低楼层(共30层),2020年,板塔结合,390 万,44319 元,1,,,VR房源,https://sz.lianjia.com/ershoufang/105118790098.html,VR房源,次新房，小区环境好，下楼就是白鸽湖公园 高楼层,开发商为深圳中森，是以房地产为产业的企业，主要以珠三角地区和成渝地区为发展区域。 在深圳有几个住宅地产项目，为人熟知的应该是科技园片区华润城邻居的英伦名苑1-3期，以及龙岗的中森双子座。,项目位于龙华区观澜板块，观湖街道的东南方位。所在区域是深圳中轴北的产业，南接坂田天安云谷、龙华宝能科技城，东连平湖金融与现代服务业基地，西临观澜高新产业园， 北为观澜传统制造业聚集地带。项目西侧约1.6公里处为鹭湖科技文化片区，,距有轨电车1公里，接驳地铁：中森白鸽湖老村，位于环观南路，项目距离龙华有轨电车2号线的终点站下围站约1公里步行距离（百度地图测量，仅供参考），通过有轨电车接入深圳地铁轨道交通网络，目前已在地铁4号线清湖站接通，待2020年底4号线北延段开通后.,,,暂无数据,2024-11-02,商品房,普通住宅,暂无数据,非共有,有抵押,挂牌时间:2024-11-02 | 交易权属:商品房 | 上次交易:暂无数据 | 房屋用途:普通住宅 | 房屋年限:暂无数据 | 产权所属:非共有 | 抵押信息:有抵押 | 房本备件:未上传房本照片,客厅 / 24.68平米 / 南 / 普通窗 ; 卧室A / 6.46平米 / 无 / 未知窗户类型 ; 卧室B / 12.55平米 / 无 / 未知窗户类型 ; 卧室C / 8.61平米 / 南 / 落地窗 ; 厨房 / 3.97平米 / 东 / 普通窗 ; 卫生间A / 3.4平米 / 无 / 普通窗 ; 卫生间B / 3.68平米 / 东 / 普通窗 ; 阳台A / 1.84平米 / 东 / 普通窗 ; 阳台B / 4.67平米 / 东 南 / 普通窗 ; 过道 / 3.07平米 / 无 / 无窗,
通透格局好，户型方正，全明户型，装修保养好,"懿花园 , 观澜",3室2厅,89.61平米,南,简装,高楼层(共10层),2013年,板楼,397 万,44304 元,1,,,VR房源,https://sz.lianjia.com/ershoufang/105118006240.html,VR房源,通透格局好，户型方正，全明户型，装修保养好，,和黄懿花园也叫盈峰翠邸，由和记黄埔地产(深圳)有限公司开发，位于横坑水库。项目规划为地上建筑4-10层，地下2层，共59栋建筑(其中57栋住宅，2所幼儿园，及公建以地下室形式布置于地块南端)。 机动车位：600个；高层地库车位385个，多层地库车位200个。。。。,龙华外国语离小区1.5公里，鹭湖外国语离小区600米。近距离小区边培训机构多色多样，有舞蹈、画画、武术、钢琴等课外培训也有语数外等辅导培训。,公交线路：公交（宝安高新科技园、观澜高新科技园）794、627、663、668、866，517.264.921路等 高速公路：机荷高速公路、梅观高速公路。有轨电车高新区站距离小区300米。,,,暂无数据,2024-08-20,商品房,普通住宅,暂无数据,非共有,有抵押 240万元 银行,挂牌时间:2024-08-20 | 交易权属:商品房 | 上次交易:暂无数据 | 房屋用途:普通住宅 | 房屋年限:暂无数据 | 产权所属:非共有 | 抵押信息:有抵押 240万元 银行 | 房本备件:未上传房本照片,客厅 / 23.2平米 / 西南 / 普通窗 ; 卧室A / 10.36平米 / 西北 东北 / 落地窗 ; 卧室B / 15.55平米 / 无 / 未知窗户类型 ; 卧室C / 7.66平米 / 无 / 未知窗户类型 ; 厨房 / 5.08平米 / 西北 / 普通窗 ; 卫生间A / 3.76平米 / 无 / 普通窗 ; 卫生间B / 3.49平米 / 西北 / 普通窗 ; 阳台A / 3.68平米 / 西北 / 普通窗 ; 阳台B / 4.93平米 / 西南 西北 / 普通窗 ; 过道 / 3.11平米 / 无 / 无窗,
住家装修，花园位置，安静不吵，实用高，随时可看。,"招商观园 , 观澜",4室2厅,176.85平米,南 北,精装,低楼层(共18层),2012年,塔楼,630 万,35624 元,2,,,VR看装修 | 随时看房,https://sz.lianjia.com/ershoufang/105119464351.html,VR看装修 | 随时看房,住家装修，花园位置，安静不吵，实用面积高，随时可看，税费少。,招商观园地块位于深圳市宝安区观澜街道环观南路北侧，与观澜高新技术园区隔路相望，邻进梅观高速、机荷高速，占地147595.156平方米，主力产品为140-180㎡大户型和单证89平,南面是高兴科技园，北面是横坑滨水公园，税务局（1000米百度地图 观湖中 心公园（737米百度地图 医疗龙华医院（4600米百度地图测距龙华综合医院在建中3100米百度地图测距新科技园社区健康服务商场楼下佳又惠百货医院天虹（2400米百度地图测距,轨道交通：有轨电车站台，高新园西站（电车接驳地铁4号线清湖地铁口），公交线路：公交（观澜高新园站）M567、M264、313、E4路等，高速公路：机荷高速公路、梅观高速公路，交通方便。,,,暂无数据,2025-01-11,商品房,普通住宅,暂无数据,非共有,无抵押,挂牌时间:2025-01-11 | 交易权属:商品房 | 上次交易:暂无数据 | 房屋用途:普通住宅 | 房屋年限:暂无数据 | 产权所属:非共有 | 抵押信息:无抵押 | 房本备件:未上传房本照片,客厅 / 42.88平米 / 无 / 未知窗户类型 ; 书房 / 10.28平米 / 东南 / 落地窗 ; 卧室A / 9.62平米 / 无 / 未知窗户类型 ; 卧室B / 8.65平米 / 西南 / 普通窗 ; 卧室C / 12.26平米 / 无 / 未知窗户类型 ; 卧室D / 20.74平米 / 无 / 未知窗户类型 ; 厨房 / 9.5平米 / 东北 / 普通窗 ; 卫生间A / 2.96平米 / 无 / 普通窗 ; 卫生间B / 5.58平米 / 西南 / 普通窗 ; 卫生间C / 5.57平米 / 无 / 无窗 ; 阳台 / 2.56平米 / 东北 / 普通窗 ; 阳台A / 5.68平米 / 西北 东北 / 普通窗 ; 阳台C / 3.44平米 / 西南 东南 / 普通窗 ; 阳台D / 5.58平米 / 西南 东南 / 普通窗 ; 过道 / 21.7平米 / 无 / 无窗 ; 衣帽间 / 4.09平米 / 无 / 无窗,
地铁口2年次新房，中楼层，东南朝向，视野开阔,"合正观澜汇二期 , 观澜",3室2厅,97.38平米,南,精装,31层,2023年,,480 万,49292 元,0,,,近地铁 | VR看装修,https://sz.lianjia.com/ershoufang/105119807108.html,地铁 | VR看装修,地铁口2年次新房，中楼层，东南朝向，视野开阔,小区由6栋32层的住宅组一个围合式的花园，楼间距宽敞。总楼高32层，三梯五户，三梯六户。地面花园游泳池，有儿童乐园，环形跑道。,楼下就是深圳第二大天虹商场，是集休闲娱乐、餐饮、购物为一体的综合商场，生活很方便。,200米到4号线茜坑地铁站，去龙华福田南山很方便。楼下有公交站，,,,暂无数据,2025-02-23,商品房,普通住宅,暂无数据,非共有,无抵押,挂牌时间:2025-02-23 | 交易权属:商品房 | 上次交易:暂无数据 | 房屋用途:普通住宅 | 房屋年限:暂无数据 | 产权所属:非共有 | 抵押信息:无抵押 | 房本备件:未上传房本照片,,
奥宸观壹城松元厦地铁口毛坯大四房出售,"奥宸观壹城 , 观澜",4室1厅,131.32平米,西南,毛坯,低楼层(共33层),2018年,板塔结合,405 万,30841 元,1,,,近地铁 | VR房源 | 随时看房,https://sz.lianjia.com/ershoufang/105119051210.html,地铁 | VR房源 | 随时看房,毛坯大四房，户型方正，使用率达到90%,,离小区1.8公里观澜湖新城吃喝玩乐一体 离小区20米就是振能 小区自带幼儿园,距离小区800米左右地铁站4号线延长线松元厦站去往福田 区里小区200米左右公交车站M285路 321路去往火车站西广场 M361路去往龙华公交站 332路去往蛇口出行方便,,,暂无数据,2024-11-28,商品房,普通住宅,暂无数据,非共有,有抵押,挂牌时间:2024-11-28 | 交易权属:商品房 | 上次交易:暂无数据 | 房屋用途:普通住宅 | 房屋年限:暂无数据 | 产权所属:非共有 | 抵押信息:有抵押 | 房本备件:未上传房本照片,客厅 / 36.71平米 / 西 / 落地窗 ; 卧室A / 20.11平米 / 无 / 未知窗户类型 ; 卧室B / 13.37平米 / 东 / 落地窗 ; 卧室C / 10.18平米 / 东 / 普通窗 ; 卧室D / 6.63平米 / 东 / 落地窗 ; 厨房 / 5.24平米 / 无 / 无窗 ; 卫生间A / 5.9平米 / 东 / 普通窗 ; 卫生间B / 4.1平米 / 东 / 普通窗 ; 阳台 / 4.88平米 / 东 南 / 普通窗 ; 过道 / 4.24平米 / 无 / 无窗 ; 衣帽间 / 3.19平米 / 无 / 无窗,
我店就在本小区楼下，看房随时方便，此房品质好保养好,"金地鹭湖1号 , 观澜",5室1厅,186.34平米,南,精装,中楼层(共16层),2015年,塔楼,1200 万,64399 元,0,,,VR房源,https://sz.lianjia.com/ershoufang/105119342304.html,VR房源,此房产权清晰，精装漂亮，采光通风好，上下两层，诚意出售，,金地总共分两期，共11栋。位于龙华区观澜街道梅观高速与环观南路交汇处;鹭湖国际住区项目主打户型产品：建面89㎡三房。还有少量137平和190平复式。 项目占地面积约91197.68平方米，总建筑面积约164150平方米. 小区环境优美，依山傍水，空气质量好,,,,,暂无数据,2024-12-29,商品房,普通住宅,暂无数据,非共有,无抵押,挂牌时间:2024-12-29 | 交易权属:商品房 | 上次交易:暂无数据 | 房屋用途:普通住宅 | 房屋年限:暂无数据 | 产权所属:非共有 | 抵押信息:无抵押 | 房本备件:未上传房本照片,客厅 / 42.5平米 / 南 / 普通窗 ; 卧室A / 13.92平米 / 无 / 未知窗户类型 ; 卧室B / 13.02平米 / 无 / 无窗 ; 卧室C / 12.41平米 / 西 / 落地窗 ; 卧室D / 20.57平米 / 无 / 未知窗户类型 ; 卧室E / 17.85平米 / 南 / 普通窗 ; 厨房 / 7.51平米 / 西 / 普通窗 ; 卫生间A / 6.53平米 / 西 / 普通窗 ; 卫生间B / 4.01平米 / 西 / 普通窗 ; 卫生间C / 5.51平米 / 西 / 普通窗 ; 阳台A / 5.99平米 / 南 / 普通窗 ; 阳台B / 6.11平米 / 南 / 普通窗 ; 过道A / 7.8平米 / 无 / 无窗 ; 过道B / 11.03平米 / 无 / 无窗,
全新精装三房，中间楼层，无遮挡，视野开阔，满五唯一,"招商澜园 , 观澜",3室1厅,81.14平米,南 北,精装,低楼层(共17层),2010年,板塔结合,428 万,52749 元,2,,,近地铁 | VR看装修,https://sz.lianjia.com/ershoufang/105118445876.html,地铁 | VR看装修,全新精装三房，中间楼层，无遮挡，视野开阔，满五唯一，税费少。,小区由招商局地产开发，国家一级物业资质的招商物业管理，小区部分为南北两区，由十三栋高层组成，低密度，是个纯居住的大社区，自带6000平的大花园，人车分流，很适合有老人和小孩的客户，小区自带幼儿园，有固定车位。,观澜街道办 休闲区域：新世纪广场、观澜文化广场， 商场：设施天虹商场、比邻新天地，观澜河湿地公园距离小区近在咫尺。龙华区政府距离小区2公里，属于新区政府辐射范围内。项目：现聚集多家大品牌开发商在此拿地。如：万科 卓 越，阳基,小区门口就有公交站，途径的公交线众多，有轨电车在小区门口文澜站，直接到达清湖地铁口，竹村地铁口 800米，观澜大桥直接可以上机荷高速，多条公交线路到达罗湖，福田,,,暂无数据,2024-09-30,商品房,普通住宅,暂无数据,非共有,有抵押,挂牌时间:2024-09-30 | 交易权属:商品房 | 上次交易:暂无数据 | 房屋用途:普通住宅 | 房屋年限:暂无数据 | 产权所属:非共有 | 抵押信息:有抵押 | 房本备件:未上传房本照片,客厅 / 38.69平米 / 西 南 / 落地窗 ; 卧室A / 8.9平米 / 西 / 落地窗 ; 卧室B / 7.04平米 / 西 / 普通窗 ; 卧室C / 14.79平米 / 无 / 未知窗户类型 ; 厨房 / 3.03平米 / 无 / 无窗 ; 卫生间 / 4.73平米 / 无 / 未知窗户类型 ; 阳台 / 1.66平米 / 西 / 普通窗,
高档装修三房，满五唯一税费少，朝花园，看游泳池景观,"阳基御龙山 , 观澜",3室2厅,78.55平米,西南,精装,31层,2018年,板塔结合,310 万,39466 元,6,,,VR房源,https://sz.lianjia.com/ershoufang/105118357489.html,VR房源,满五唯一，税费少，朝花园，看游泳池景观,小区2018年建成，总建筑面积117475，总占地面积20176.4，共计房屋1082户，小区物业公司为深圳市阳基物业管理有限公司，物业管理费3.8元/平方。小区有地面花园，绿化好，有儿童乐园，康乐设施，文体馆，有12班公立幼儿园，门口还有社区公园。,,交通方便，小区门口有公交站，公交可以直达龙华，也可以转乘地铁，离长湖地铁站约1.3公里。,,,暂无数据,2024-09-21,商品房,普通住宅,暂无数据,非共有,无抵押,挂牌时间:2024-09-21 | 交易权属:商品房 | 上次交易:暂无数据 | 房屋用途:普通住宅 | 房屋年限:暂无数据 | 产权所属:非共有 | 抵押信息:无抵押 | 房本备件:未上传房本照片,客厅 / 21.36平米 / 西南 / 普通窗 ; 卧室A / 12.98平米 / 无 / 未知窗户类型 ; 卧室B / 8.06平米 / 无 / 未知窗户类型 ; 卧室C / 5.88平米 / 东南 / 落地窗 ; 厨房 / 4.93平米 / 东南 / 普通窗 ; 卫生间 / 3.95平米 / 东北 / 普通窗 ; 阳台 / 4.15平米 / 西南 东南 / 普通窗 ; 过道 / 2.77平米 / 无 / 无窗,
地铁口2年次新四房，高楼层，东南朝向，视野开阔,"合正观澜汇二期 , 观澜",4室2厅,126平米,南 北,精装,31层,2023年,,730 万,57937 元,1,,,近地铁 | VR看装修,https://sz.lianjia.com/ershoufang/105118554332.html,地铁 | VR看装修,地铁口2年次新房，高楼层，东南朝向，视野开阔,小区由6栋32层的住宅组一个围合式的花园，楼间距宽敞。花园游泳池，有儿童乐园，环形跑道。,楼下就是深圳第二大天虹商场，是集休闲娱乐、餐饮、购物为一体的综合商场，生活很方便。,200米到4号线茜坑地铁站，去龙华福田南山很方便。楼下有公交站,,,暂无数据,2024-10-11,商品房,普通住宅,暂无数据,非共有,无抵押,挂牌时间:2024-10-11 | 交易权属:商品房 | 上次交易:暂无数据 | 房屋用途:普通住宅 | 房屋年限:暂无数据 | 产权所属:非共有 | 抵押信息:无抵押 | 房本备件:未上传房本照片,客厅 / 32.39平米 / 无 / 未知窗户类型 ; 卧室A / 8.62平米 / 无 / 未知窗户类型 ; 卧室B / 13.55平米 / 无 / 未知窗户类型 ; 卧室C / 10.75平米 / 无 / 未知窗户类型 ; 卧室D / 8.12平米 / 南 / 落地窗 ; 厨房 / 6.2平米 / 北 / 普通窗 ; 卫生间A / 4.6平米 / 北 / 落地窗 ; 卫生间B / 4.92平米 / 北 / 落地窗 ; 阳台 / 7.66平米 / 南 / 落地窗 ; 过道 / 4.6平米 / 无 / 无窗 ; 衣帽间 / 2.45平米 / 无 / 无窗,
业主诚意出售，朝南位置安静  地铁口,"万科启城 , 观澜",3室2厅,80平米,南,精装,中楼层(共48层),,板塔结合,334 万,41750 元,1,,,近地铁 | VR房源 | 随时看房,https://sz.lianjia.com/ershoufang/105119650375.html,地铁 | VR房源 | 随时看房,业主诚意出售，朝南位置安静   地铁口  医院,小区环境优美，双公园，精心布置叠溪谷、栖风林、半月湾等六大主题公园，居住舒适度高,项目位于龙华区观澜板块，观湖街道的东南方位。所在区域是深圳中轴北的产业，南接坂田天安云谷、龙华宝能科技城，东连平湖金融与现代服务业基地，西临观澜高新产业园， 北为观澜传统制造业聚集地带。项目西侧约1.6公里处为鹭湖科技文化片区,小区属于上庭式空中花园，小孩在园区内玩耍十分安全；门口双公园，适合居家养生休闲人群，老人带小孩玩耍十分惬意，上班族回家在公园里散散步也是十分舒畅,,,暂无数据,2025-02-11,商品房,普通住宅,暂无数据,非共有,有抵押 210万元,挂牌时间:2025-02-11 | 交易权属:商品房 | 上次交易:暂无数据 | 房屋用途:普通住宅 | 房屋年限:暂无数据 | 产权所属:非共有 | 抵押信息:有抵押 210万元 | 房本备件:未上传房本照片,客厅 / 18.84平米 / 西 / 普通窗 ; 卧室A / 5.78平米 / 西 / 普通窗 ; 卧室B / 9.91平米 / 无 / 未知窗户类型 ; 卧室C / 5.89平米 / 无 / 未知窗户类型 ; 厨房 / 4.15平米 / 北 / 普通窗 ; 卫生间 / 6.71平米 / 东 / 落地窗 ; 阳台 / 6.55平米 / 西 / 普通窗 ; 过道 / 3.46平米 / 无 / 无窗,
金地鹭湖1号少有户型137平大四房出售，装修好，位置好,"金地鹭湖1号 , 观澜",4室2厅,136.18平米,南,,高楼层(共16层),2015年,塔楼,660 万,48466 元,1,,,VR房源 | 房本满五年,https://sz.lianjia.com/ershoufang/105113152975.html,VR房源 | 房本满五年,金地鹭湖1号少有户型137平大四房，装修好，位置好,金地鹭湖1号位于龙华区观澜街道梅观高速与环观南路交汇处;鹭湖国际住区项目主打户型产品：建面89㎡三房。 项目占地面积约91197.68平方米，总建筑面积约164150平方米,,轨道交通：有轨电车站台，高新园西站（电车接驳地铁4号线清湖地铁口），公交线路：公交（观澜高新园站）M567、M264、313、E4路等，高速公路：机荷高速公路、梅观高速公路，交通方便。,,,2014-04-03,2023-03-27,商品房,普通住宅,满五年,非共有,有抵押,挂牌时间:2023-03-27 | 交易权属:商品房 | 上次交易:2014-04-03 | 房屋用途:普通住宅 | 房屋年限:满五年 | 产权所属:非共有 | 抵押信息:有抵押 | 房本备件:已上传房本照片,客厅 / 42.69平米 / 西南 东北 / 普通窗 ; 卧室A / 9.81平米 / 东北 / 落地窗 ; 卧室B / 21.26平米 / 无 / 未知窗户类型 ; 卧室C / 10.37平米 / 无 / 未知窗户类型 ; 厨房 / 6.48平米 / 西南 / 普通窗 ; 卫生间A / 4.69平米 / 东北 / 普通窗 ; 卫生间B / 4.04平米 / 东北 / 普通窗 ; 阳台A / 6.05平米 / 西北 东北 东南 / 普通窗 ; 阳台B / 3.57平米 / 西南 / 普通窗 ; 储物间 / 9.04平米 / 无 / 未知窗户类型,
155平，前后双阳台，中间位置，户型方正，居住舒适,"招商澜园 , 观澜",4室2厅,155平米,南,精装,中楼层(共17层),2010年,板塔结合,615 万,39678 元,4,,,近地铁 | VR看装修,https://sz.lianjia.com/ershoufang/105121000987.html,地铁 | VR看装修,满五年，业主自住，装修保养好，小区安静位置，中高楼层,招商澜园建成2010年总共13栋，分2区南区和北区，物业费2.8元:总户数4582，车位比1:1.41，地下停车位物业管理费60元一个月本小区是低密小高层，社区人车分流，设有儿童游乐园，健身区草坪绿植，环境优美泳池以及会所。,,小区门口就有公交站，途径的公交线众多，有轨电车在小区门口文澜站，直接到达清湖地铁口4号线，观澜大桥直接可以上机荷高速，多条公交线路到达罗湖，福田楼下轻轨文澜站直达青湖地铁站，直达竹村地铁站1.1公里。,,,暂无数据,2025-06-07,商品房,普通住宅,暂无数据,非共有,有抵押 邮政,挂牌时间:2025-06-07 | 交易权属:商品房 | 上次交易:暂无数据 | 房屋用途:普通住宅 | 房屋年限:暂无数据 | 产权所属:非共有 | 抵押信息:有抵押 邮政 | 房本备件:未上传房本照片,客厅 / 38.4平米 / 北 / 普通窗 ; 卧室A / 10.09平米 / 北 / 落地窗 ; 卧室B / 10.58平米 / 无 / 未知窗户类型 ; 卧室C / 9.66平米 / 无 / 未知窗户类型 ; 卧室D / 17.01平米 / 无 / 未知窗户类型 ; 厨房 / 8.72平米 / 北 / 普通窗 ; 卫生间A / 4.88平米 / 北 / 普通窗 ; 卫生间B / 5.66平米 / 北 / 普通窗 ; 阳台A / 3.92平米 / 北 / 普通窗 ; 阳台B / 12.56平米 / 北 / 普通窗 ; 储物间 / 4.92平米 / 北 / 普通窗 ; 过道 / 3.55平米 / 无 / 无窗 ; 门厅 / 8.68平米 / 北 / 普通窗 ; 衣帽间 / 8.96平米 / 无 / 无窗,
懿花园二百万新装修联排别墅，前后大院子两私家车位。,"懿花园 , 观澜",5室2厅,183.85平米,西南,精装,3层,2014年,板楼,1170 万,63639 元,9,,,VR房源,https://sz.lianjia.com/ershoufang/105118793173.html,VR房源,和黄懿花园联排别墅，上下四层半使用率高达450平。前后院子,和黄懿花园也叫盈峰翠邸，由和记黄埔地产(深圳)有限公司开发，位于横坑水库。项目规划为地上建筑4-10层，地下2层，共59栋建筑(其中57栋住宅，2所幼儿园，及公建以地下室形式布置于地块南端)。 机动车位：600个；高层地库车位385个，多层地库车位200个,,公交线路：公交（宝安高新科技园、观澜高新科技园）794、627、663、668、866，517.264.921路等 高速公路：机荷高速公路、梅观高速公路。有轨电车高新区站距离小区300米。出行便利,,,2021-08-30,2024-11-03,商品房,普通住宅,暂无数据,非共有,有抵押 金融贷,挂牌时间:2024-11-03 | 交易权属:商品房 | 上次交易:2021-08-30 | 房屋用途:普通住宅 | 房屋年限:暂无数据 | 产权所属:非共有 | 抵押信息:有抵押 金融贷 | 房本备件:已上传房本照片,客厅 / 51.12平米 / 西南 / 落地窗 ; 书房 / 10.19平米 / 无 / 无窗 ; 卧室A / 13.5平米 / 无 / 未知窗户类型 ; 卧室B / 18.58平米 / 无 / 未知窗户类型 ; 卧室C / 17.75平米 / 西 / 落地窗 ; 卧室D / 17.79平米 / 东北 / 普通窗 ; 卧室E / 24.96平米 / 西南 西北 东南 / 落地窗 ; 厨房 / 7.97平米 / 东北 / 普通窗 ; 卫生间A / 6.99平米 / 无 / 无窗 ; 卫生间B / 4.81平米 / 西南 / 普通窗 ; 卫生间C / 3.61平米 / 东北 / 普通窗 ; 卫生间D / 5.38平米 / 无 / 无窗 ; 阳台 / 51.6平米 / 西南 西北 东北 东南 / 普通窗 ; 地下室 / 40.93平米 / 无 / 无窗 ; 过道A / 11.09平米 / 无 / 无窗 ; 过道B / 7.35平米 / 无 / 无窗 ; 过道C / 3.44平米 / 无 / 无窗 ; 衣帽间 / 5.77平米 / 无 / 无窗,
客厅大开间，阳台外拓，满二税少，看山景,"懿花园 , 观澜",3室2厅,89.02平米,北,精装,中楼层(共10层),2014年,板楼,390 万,43811 元,1,,,VR房源,https://sz.lianjia.com/ershoufang/105121303044.html,VR房源,看山景，仅契税，户型大改，使用率高。,和黄懿花园也叫盈峰翠邸，由和记黄埔地产(深圳)有限公司开发，位于横坑水库。项目规划为地上建筑4-10层，地下2层，共59栋建筑(其中57栋住宅，2所幼儿园，及公建以地下室形式布置于地块南端)。 机动车位：600个；高层地库车位385个，多层地库车位200个,医疗龙华人民第二医院（4600米百度地图测距龙华综合医院在建中3100米百度地图测距新科技园社区健康服务购物商场楼下佳又惠百货医院天虹（2400米百度地图测距,公交线路：公交（宝安高新科技园、观澜高新科技园）794、627、663、668、866路等，出小区就是有轨电车站台，高速公路：机荷高速公路、梅观高速公路，交通方便。,,,2021-05-07,2025-07-02,商品房,普通住宅,未满两年,非共有,有抵押 282万元,挂牌时间:2025-07-02 | 交易权属:商品房 | 上次交易:2021-05-07 | 房屋用途:普通住宅 | 房屋年限:未满两年 | 产权所属:非共有 | 抵押信息:有抵押 282万元 | 房本备件:已上传房本照片,,
满五唯一，朝南，正出阳台看小区，安静，,"懿花园 , 观澜",3室1厅,89.08平米,南,简装,低楼层(共10层),2014年,板楼,345 万,38730 元,1,,,VR看装修 | 随时看房,https://sz.lianjia.com/ershoufang/105121768007.html,VR看装修 | 随时看房,此房满五唯一，正朝南出厅看阳台，看小区风景，安静，诚心卖,"和黄懿花园也叫盈峰翠邸，由和记黄埔地产(深圳)有限公司开发，位于横坑水库。项目规划为地上建筑4-10层，地下2层，共59栋建筑(其中57栋住宅，2所幼儿园，及公建以地下室形式布置于地块南端)。机动车	
位:600个;高层地库车位385个，多层地库车位200个",配套涵盖鹭湖外国语跟龙华区外国语、天虹商场和深圳市第二人民医院龙华医院,"公交线路：公交（宝安高新科技园、观澜高新科技园）794、627、663、668、866路等
高速公路：机荷高速公路、梅观高速公路",,,暂无数据,2025-08-13,商品房,普通住宅,暂无数据,非共有,有抵押 100万元,挂牌时间:2025-08-13 | 交易权属:商品房 | 上次交易:暂无数据 | 房屋用途:普通住宅 | 房屋年限:暂无数据 | 产权所属:非共有 | 抵押信息:有抵押 100万元 | 房本备件:未上传房本照片,,
保养很好，拎包入住，花园安静位置，满五唯一,"招商观园 , 观澜",4室2厅,163.9平米,南 北,精装,中楼层(共18层),2012年,塔楼,750 万,45760 元,4,,,VR房源,https://sz.lianjia.com/ershoufang/105115781051.html,VR房源,保养很好，拎包入住，花园安静位置，满五唯一随时可看,招商观园地块位于深圳市宝安区观澜街道环观南路北侧，与观澜高新技术园区隔路相望，邻进梅观高速、机荷高速，占地147595.156平方米，招商观园2期将近期推出全新升级力作中.央园林湖景单位，主力产品为140-180㎡大户型和少量90平,医疗龙华医院（4600米百度地图测距龙华综合医院在建中3100米百度地图测距新科技园社区健康服务，购物宝利商场楼下佳又惠百货医院天虹（2400米百度地图测距,招商观园在环观南路(即观天大道)以北，梅观高速以东；邻梅观高速（已于2014年4月1日取消高速收费）、机荷高速，较近的公交站是观澜高新科技园、宝安高新技术园站，经过的路线有E4、772等。有轨电车高新科技园西站，高新园站，出行方便,,,暂无数据,2024-01-05,商品房,普通住宅,暂无数据,非共有,无抵押,挂牌时间:2024-01-05 | 交易权属:商品房 | 上次交易:暂无数据 | 房屋用途:普通住宅 | 房屋年限:暂无数据 | 产权所属:非共有 | 抵押信息:无抵押 | 房本备件:未上传房本照片,客厅 / 49.55平米 / 西北 / 落地窗 ; 卧室A / 22.62平米 / 无 / 未知窗户类型 ; 卧室B / 13.36平米 / 无 / 未知窗户类型 ; 卧室C / 11.76平米 / 无 / 未知窗户类型 ; 厨房 / 8.23平米 / 东北 / 普通窗 ; 卫生间A / 7.73平米 / 西北 / 落地窗 ; 卫生间B / 4.15平米 / 东南 / 普通窗 ; 阳台A / 5.52平米 / 西南 西北 东北 / 普通窗 ; 阳台B / 3.89平米 / 东南 / 普通窗 ; 储物间 / 8.25平米 / 无 / 无窗 ; 过道A / 4.65平米 / 无 / 无窗 ; 过道B / 2.16平米 / 无 / 无窗 ; 衣帽间 / 8.77平米 / 无 / 无窗,
满五唯一 东南朝向 端户 看园区看水库风景房,"招商锦绣观园 , 观澜",2室2厅,63.87平米,东南 南,简装,中楼层(共28层),2014年,板楼,185 万,28966 元,3,,,VR看装修 | 房本满五年 | 随时看房,https://sz.lianjia.com/ershoufang/105121171785.html,VR看装修 | 房本满五年 | 随时看房,次新房，端户，中高楼层，视野宽阔，采光充足，园区水库双风景。,,出小区大门就是龙华环城绿道入口、茜坑水库，两公里内有行知书包、天虹商场、茜坑地铁、茜坑露营广场。,小区有公交总站接驳到地铁口，出小区大门就上龙澜快速干道，转福龙路到市区半小时可达，到高速口三公里即可。,,,2014-01-20,2025-06-21,商品房,普通住宅,满五年,共有,无抵押,挂牌时间:2025-06-21 | 交易权属:商品房 | 上次交易:2014-01-20 | 房屋用途:普通住宅 | 房屋年限:满五年 | 产权所属:共有 | 抵押信息:无抵押 | 房本备件:已上传房本照片,,
万科九龙山三房两卫位置安静中高层看花园,"万科九龙山 , 观澜",3室1厅,87.16平米,东 东南,精装,高楼层(共33层),2016年,板楼,299 万,34305 元,0,,25天以前发布,VR房源 | 房本满五年,https://sz.lianjia.com/ershoufang/105122106054.html,VR房源 | 房本满五年,房子价低，具体可谈价，随时可以看房子，位置安静楼层好,,,小区楼下就是公交站，可接驳四号线地铁站，自驾龙澜大道快速路接驳福龙路到达深圳北站和福田，以及接驳在建中的侨城东路北延到达南山，此外珠三角高速和沈海高速快速通达深圳各区,,,2015-08-06,2025-09-12,商品房,普通住宅,满五年,非共有,有抵押 100万元 交通银行 金融公司垫资,挂牌时间:2025-09-12 | 交易权属:商品房 | 上次交易:2015-08-06 | 房屋用途:普通住宅 | 房屋年限:满五年 | 产权所属:非共有 | 抵押信息:有抵押 100万元 交通银行 金融公司垫资 | 房本备件:已上传房本照片,客厅 / 25.83平米 / 南 / 普通窗 ; 卧室A / 8.54平米 / 无 / 未知窗户类型 ; 卧室B / 6.93平米 / 无 / 未知窗户类型 ; 卧室C / 11.52平米 / 东 南 / 落地窗 ; 厨房 / 4.22平米 / 东 / 普通窗 ; 卫生间A / 2.8平米 / 北 / 普通窗 ; 卫生间B / 2.79平米 / 无 / 无窗 ; 阳台 / 3.94平米 / 南 / 普通窗 ; 过道 / 4.57平米 / 无 / 无窗,
龙华观澜 复试精致装设 高楼层 通风采光佳 业主诚售,"华盛峰荟名庭 , 观澜",3室1厅,55.19平米,南 北,,中楼层(共27层),2016年,板塔结合,249 万,45117 元,2,,,近地铁 | VR房源,https://sz.lianjia.com/ershoufang/105115140199.html,地铁 | VR房源,装修保养好，楼层高采光好，税费低,深圳市华盛智地房地产开发有限公司。物业公司：深圳市华盛物业管理有限公司，小区24小时安保巡逻。小区内部配套：儿童游乐场，健身活动区，小区园林，游泳池。,观澜天虹、人人乐、比邻新天地、楼下大润发。医院：龙华中.心医院 深圳市龙华新区慢性病防治。邮局：中国邮政 中国邮政 观澜邮政局。银行：中国建设银行ATM 深圳市农村商.业银行ATM 中国农业银行ATM。其他：格兰云天国际大酒店。,楼下公交便利，M337&M464经泗黎路与观光路，三个红绿灯可达梅观高速智福田，观澜大道转机荷高速可达龙岗、宝安机场等，小区内车位充足。,,,暂无数据,2023-10-24,商品房,商务公寓,暂无数据,非共有,无抵押,挂牌时间:2023-10-24 | 交易权属:商品房 | 上次交易:暂无数据 | 房屋用途:商务公寓 | 房屋年限:暂无数据 | 产权所属:非共有 | 抵押信息:无抵押 | 房本备件:未上传房本照片,客厅 / 19.78平米 / 无 / 未知窗户类型 ; 卧室A / 9.1平米 / 西 / 普通窗 ; 卧室B / 14.53平米 / 无 / 未知窗户类型 ; 卧室C / 7.79平米 / 西 / 落地窗 ; 厨房 / 2.71平米 / 西 / 普通窗 ; 卫生间A / 2.88平米 / 无 / 无窗 ; 卫B / 2.31平米 / 无 / 无窗 ; 阳台 / 2.22平米 / 西 / 普通窗 ; 过道 / 4.41平米 / 无 / 无窗,
业主自己住，装修保养好，诚心出售，,"金泽花园 , 观澜",3室2厅,80.32平米,南 北,,中楼层(共7层),2002年,板楼,349 万,43452 元,1,,,近地铁 | VR房源,https://sz.lianjia.com/ershoufang/105118626101.html,地铁 | VR房源,此房满五唯一，自住装修保养好，光线是还可以的,,配套齐全，有比邻新天地、天虹商圈，观澜湖新城，购物、休闲、娱乐一应俱全；同时项目自带社区，生活便利,小区门口左转就是公交车站，悦兴围村口：b766路;m225路;m285路;m337路;m464路 距离港铁4号线延长线长湖站距离大概800米 日常交通出行方便,,,暂无数据,2024-10-18,商品房,普通住宅,暂无数据,非共有,有抵押,挂牌时间:2024-10-18 | 交易权属:商品房 | 上次交易:暂无数据 | 房屋用途:普通住宅 | 房屋年限:暂无数据 | 产权所属:非共有 | 抵押信息:有抵押 | 房本备件:未上传房本照片,客厅 / 15.53平米 / 无 / 无窗 ; 餐厅 / 8.46平米 / 西 南 / 普通窗 ; 卧室A / 10.15平米 / 西南 南 东南 / 落地窗 ; 卧室B / 13.92平米 / 西南 南 / 落地窗 ; 卧室C / 5.67平米 / 北 / 落地窗 ; 厨房 / 4.96平米 / 北 / 普通窗 ; 卫生间 / 2.41平米 / 北 / 普通窗 ; 阳台 / 1.44平米 / 南 / 普通窗,
龙华竹村招商澜园大三房 带固定车位 满五税费低,"招商澜园 , 观澜",3室2厅,80.93平米,南 北,,低楼层(共17层),2010年,板塔结合,320 万,39541 元,4,,,近地铁 | VR看装修 | 随时看房,https://sz.lianjia.com/ershoufang/105113630506.html,地铁 | VR看装修 | 随时看房,满五税费低，房子装修保养好，面积大,小区由招商局地产开发，国家一级物业资质的招商物业管理，小区部分为南北两区，由十三栋高层组成，是个纯居住的大社区，自带6000平的大花园，有泳池，人车分流，很适合有老人和小孩的客户,适合家有老人小孩的家庭，小区绿化好，环境清幽，景色怡人。居住人群素质高，不用担心停车问题，带固定车位 有轨电车就在家门口.竹村地铁 出行便利,小区门口就有公交站，途径的公交线众多，有轨电车在小区门口文澜站，直接到达清湖地铁口，观澜大桥直接可以上机荷高速，多条公交线路到达罗湖,,,暂无数据,2023-05-10,商品房,普通住宅,暂无数据,非共有,有抵押,挂牌时间:2023-05-10 | 交易权属:商品房 | 上次交易:暂无数据 | 房屋用途:普通住宅 | 房屋年限:暂无数据 | 产权所属:非共有 | 抵押信息:有抵押 | 房本备件:未上传房本照片,客厅 / 29.22平米 / 无 / 未知窗户类型 ; 卧室A / 8.31平米 / 无 / 未知窗户类型 ; 卧室B / 10.04平米 / 无 / 未知窗户类型 ; 卧室C / 15.08平米 / 无 / 未知窗户类型 ; 厨房 / 7.43平米 / 北 / 普通窗 ; 卫生间 / 4.37平米 / 北 / 落地窗 ; 阳台 / 4.84平米 / 北 东 / 普通窗,
5层小独栋 精装 南北通 花园200平 大露台 近小区大门,"观湖园 , 观澜",5室2厅,238.78平米,西南,,3层,2012年,板楼,2110 万,88366 元,0,,,VR房源,https://sz.lianjia.com/ershoufang/105120174679.html,VR房源,5层小独栋 精装 南北通 花园200平 带大露台 近小区大门,观湖园项目位于龙华新区观澜镇，邻近梅观高速公路，在梅观高速观澜出口。小区占地面积：37.6、万平方米，东南亚园林景观设计。双拼跟独栋管理费是6.5平米，叠拼的管理费是4.9平米，小区安保严密，24小时巡逻监控,小区南门200米，有菜市场，商场能满足日常所需；距离观澜湖新城约5公 里，观澜湖新城是大型的 MALL，一系列品牌都已进驻，购物娱乐 都相当方便；距离观澜人民医院及伟光医院约6公里。,观湖园别墅小区邻近梅观高速公路，距离梅观高速观澜出口约1.5公里，去南山约33公里，罗湖约30公里，福田约28公里，交通如此便利的接轨市内生活圈。到观澜汽车站和观澜湖新城约五公里，观澜湖新城是大型的Shoig Mll，交通出行娱乐购物也是相当方便,,,暂无数据,2025-03-25,商品房,别墅,暂无数据,非共有,无抵押,挂牌时间:2025-03-25 | 交易权属:商品房 | 上次交易:暂无数据 | 房屋用途:别墅 | 房屋年限:暂无数据 | 产权所属:非共有 | 抵押信息:无抵押 | 房本备件:未上传房本照片,卧室 / 19.87平米 / 无 / 未知窗户类型,
精装修，南北向，居住舒适，享受观澜湖高尔夫园内配套,"观澜湖比佩亚区 , 观澜",1室1厅,79.23平米,南,,7层,2011年,板塔结合,205 万,25875 元,0,,,VR房源,https://sz.lianjia.com/ershoufang/105120399519.html,VR房源,视野开阔，精装修，南北向，居住舒适，享受观澜湖高尔夫园内配套,观澜湖已经形成国际高尔夫别墅住区，把背景相同、事业有成的人士聚集在一起，创造出生活与事业的平台。在10多平方公里的绿色王国上，建筑覆盖率不到1%，属于纯粹的高尔夫球场中/央物业，完全被球道环/绕，从住宅的任何一个角度，都可以观赏到绿色的景观,,园区内有免费巴士接，多条公交直达，高尔夫大道，观光路，观澜大道，观平路等城市主干道环-绕，梅观高速观澜出口2公里，地铁4号线（观澜湖新城站）已开通，观澜湖免费班车随时出行！,,,2025-08-18,2025-04-14,商品房,普通住宅,未满两年,非共有,无抵押,挂牌时间:2025-04-14 | 交易权属:商品房 | 上次交易:2025-08-18 | 房屋用途:普通住宅 | 房屋年限:未满两年 | 产权所属:非共有 | 抵押信息:无抵押 | 房本备件:已上传房本照片,卧室 / 41.68平米 / 南 / 普通窗 ; 厨房 / 4.15平米 / 南 / 落地窗 ; 卫生间 / 8.37平米 / 无 / 无窗 ; 阳台 / 4.45平米 / 西 东 南 / 普通窗 ; 储物间 / 2.55平米 / 无 / 无窗,
万科大4房 户型方正 采光好 自住保养好 看房方便,"万科九龙山 , 观澜",4室2厅,125平米,东南,精装,高楼层(共33层),2016年,板楼,508 万,40640 元,0,,,VR看装修,https://sz.lianjia.com/ershoufang/105119202129.html,VR看装修,此房满五年税费少看房方便业主诚心卖,小区绿景多，楼间距宽敞，停车位充足，住户素质高，邻里关系融洽，有幼儿园，小区物业管理严格，生活安心，小区门口就有公交站，方便出行。,小区楼下就有墒业，有钱大妈、美宜家等；配套有观澜天虹，兴万达广场、比邻新天地、观澜老街、龙华环城绿道、茜坑水库、大水坑水库、狮径公园、龙华中芯医院。,,,,暂无数据,2024-12-14,商品房,普通住宅,暂无数据,非共有,有抵押,挂牌时间:2024-12-14 | 交易权属:商品房 | 上次交易:暂无数据 | 房屋用途:普通住宅 | 房屋年限:暂无数据 | 产权所属:非共有 | 抵押信息:有抵押 | 房本备件:未上传房本照片,客厅 / 37.22平米 / 南 / 普通窗 ; 卧室A / 10.23平米 / 无 / 未知窗户类型 ; 卧室B / 9.46平米 / 无 / 未知窗户类型 ; 卧室C / 8.82平米 / 无 / 未知窗户类型 ; 卧室D / 12.49平米 / 东 南 / 落地窗 ; 厨房 / 5.85平米 / 南 / 普通窗 ; 卫生间A / 3.25平米 / 北 / 普通窗 ; 卫生间B / 3.99平米 / 北 / 普通窗 ; 阳台 / 8.92平米 / 南 / 普通窗 ; 衣帽间 / 2.91平米 / 无 / 无窗,
远低于指导价 横厅三房两卫 带入户花园 税费少,"阳基御龙山 , 观澜",3室1厅,81.06平米,南,毛坯,31层,2018年,板塔结合,298 万,36763 元,6,,,VR看装修 | 随时看房,https://sz.lianjia.com/ershoufang/105112718843.html,VR看装修 | 随时看房,满五年 楼层/通风采光好，看房方便，价格实在,,,小区门口左转就是公交车站，悦兴围村口：b766路;m225路;m285路;m337路;m464路 距离港铁4号线延长线长湖站距离大概800米 日常交通出行方便,,,暂无数据,2023-02-19,商品房,普通住宅,暂无数据,非共有,有抵押 300万元 建设银行 客户偿还,挂牌时间:2023-02-19 | 交易权属:商品房 | 上次交易:暂无数据 | 房屋用途:普通住宅 | 房屋年限:暂无数据 | 产权所属:非共有 | 抵押信息:有抵押 300万元 建设银行 客户偿还 | 房本备件:未上传房本照片,客厅 / 25.17平米 / 无 / 未知窗户类型 ; 卧室A / 8.31平米 / 无 / 未知窗户类型 ; 卧室B / 6.01平米 / 西北 / 普通窗 ; 卧室C / 13.62平米 / 东北 东南 / 普通窗 ; 厨房 / 5.4平米 / 无 / 未知窗户类型 ; 卫生间A / 2.84平米 / 无 / 未知窗户类型 ; 卫生间B / 3.64平米 / 西北 / 普通窗 ; 阳台 / 4.32平米 / 西南 东北 东南 / 普通窗,
城建仁山智水花园一期 4室2厅 南,"城建仁山智水花园一期 , 观澜",4室2厅,144.3平米,南,,低楼层(共25层),2013年,塔楼,830 万,57520 元,0,,,VR看装修 | 随时看房,https://sz.lianjia.com/ershoufang/105121983367.html,VR看装修 | 随时看房,,,,,,,暂无数据,2025-09-01,商品房,普通住宅,暂无数据,非共有,有抵押 600万元 客户偿还,挂牌时间:2025-09-01 | 交易权属:商品房 | 上次交易:暂无数据 | 房屋用途:普通住宅 | 房屋年限:暂无数据 | 产权所属:非共有 | 抵押信息:有抵押 600万元 客户偿还 | 房本备件:未上传房本照片,,
大户型出售，清水房双阳台，业主诚心出售,"华盛观荟名庭 , 观澜",4室2厅,118.18平米,南,毛坯,低楼层(共32层),2018年,板塔结合,575 万,48655 元,2,,,近地铁 | VR看装修 | 房本满五年 | 随时看房,https://sz.lianjia.com/ershoufang/105108493532.html,地铁 | VR看装修 | 房本满五年 | 随时看房,不满五年，低楼层，南北通户型，原始格局无变动,小区分两期开发，二期自带空中花园，泳池和园林休息区配套齐全，楼下生活商圈一应俱全,楼下有为盛商场可满足基本生活需求，福民菜市场，观澜人民医院，民法公园，人民公园，观澜河等,楼下各路公交和大巴去往全城，3个红绿灯到达梅观告诉，快速到达福田区。龙澜大道转机荷高速可到龙岗和宝安机场等地，地铁口700米（百度地图），出行便利,,,2018-05-03,2021-08-23,商品房,普通住宅,满五年,非共有,有抵押 180万元 客户偿还,挂牌时间:2021-08-23 | 交易权属:商品房 | 上次交易:2018-05-03 | 房屋用途:普通住宅 | 房屋年限:满五年 | 产权所属:非共有 | 抵押信息:有抵押 180万元 客户偿还 | 房本备件:已上传房本照片,客厅 / 32.57平米 / 北 南 / 普通窗 ; 卧室A / 9.78平米 / 无 / 未知窗户类型 ; 卧室B / 10.55平米 / 北 / 普通窗 ; 卧室C / 16.02平米 / 无 / 未知窗户类型 ; 卧室D / 9.5平米 / 南 / 普通窗 ; 厨房 / 8.23平米 / 无 / 未知窗户类型 ; 卫生间A / 5.48平米 / 无 / 未知窗户类型 ; 卫生间B / 5.42平米 / 无 / 未知窗户类型 ; 阳台A / 2.46平米 / 西 北 东 / 普通窗 ; 阳台B / 6.5平米 / 西 东 南 / 普通窗 ; 过道A / 3.68平米 / 无 / 无窗 ; 过道B / 2.3平米 / 无 / 无窗,
观澜长湖地铁口业主诚心出售温馨三房,"万科启城 , 观澜",3室2厅,81平米,东南,精装,高楼层(共48层),2023年,板塔结合,412 万,50865 元,1,,,近地铁 | VR看装修 | 随时看房,https://sz.lianjia.com/ershoufang/105120359188.html,地铁 | VR看装修 | 随时看房,房子高楼层，采光好，户型房子，适合居家。,小区人车分流，6栋高层，围合式花园，小区有泳池有儿童乐园，门口有民法和三外，700米长湖地铁站，300米有菜市场，生活方便居家舒适，,项目位于龙华区观澜板块，观湖街道的东南方位。所在区域是深圳中轴北的产业，南接坂田天安云谷、龙华宝能科技城，东连平湖金融与现代服务业基地，西临观澜高新产业园， 北为观澜传统制造业聚集地带,,,,暂无数据,2025-04-10,商品房,普通住宅,暂无数据,非共有,有抵押 200万元 中信 业主自还,挂牌时间:2025-04-10 | 交易权属:商品房 | 上次交易:暂无数据 | 房屋用途:普通住宅 | 房屋年限:暂无数据 | 产权所属:非共有 | 抵押信息:有抵押 200万元 中信 业主自还 | 房本备件:未上传房本照片,,
地铁口. 合正观澜汇二期 ，高楼层全屋德系智能装修 .,"合正观澜汇二期 , 观澜",3室2厅,97.45平米,西南,精装,33层,2023年,塔楼,478 万,49051 元,0,,,近地铁 | VR看装修,https://sz.lianjia.com/ershoufang/105121645449.html,地铁 | VR看装修,房源南向偏西，位置安静，高楼层 看小区泳池和园林 位置安静。,小区是2023年年初交楼的楼盘，总共6栋围合式组成 。总层高29层-33层，3梯5户和3梯6户组成。主力户型是96平的三房两卫和126平的四房两卫都带德系智能装修。,,,,,暂无数据,2025-08-01,商品房,普通住宅,暂无数据,非共有,无抵押,挂牌时间:2025-08-01 | 交易权属:商品房 | 上次交易:暂无数据 | 房屋用途:普通住宅 | 房屋年限:暂无数据 | 产权所属:非共有 | 抵押信息:无抵押 | 房本备件:未上传房本照片,客厅 / 25.83平米 / 西 / 普通窗 ; 卧室A / 9.53平米 / 无 / 未知窗户类型 ; 卧室B / 12.71平米 / 无 / 未知窗户类型 ; 卧室C / 6.74平米 / 无 / 未知窗户类型 ; 厨房 / 4.74平米 / 北 / 普通窗 ; 卫生间A / 4.06平米 / 北 / 普通窗 ; 卫生间B / 4.03平米 / 东 / 普通窗 ; 阳台 / 4.55平米 / 西 北 / 普通窗 ; 过道 / 3.64平米 / 无 / 无窗,
招商观园 三房户型 双阳台 看小区安静不吵,"招商观园 , 观澜",3室1厅,88.48平米,南,,中楼层(共18层),2012年,塔楼,300 万,33906 元,1,,,VR房源,https://sz.lianjia.com/ershoufang/105121444710.html,VR房源,方正格局，楼层好，视野开阔，采光充足,招商观园位于龙华区观澜街道环观南路北侧(观澜高新科技园站旁），是由深圳招商房地产有限公司规划、开发的小区，规划面积147595平方米，建筑面积222221平方米，小区由别墅 多层 小高层组成，容 积率1.5，居住舒适,龙华医院（4600米百度地图测距龙华综合医院在建中3100米百度地图测距新科技园社区健康服务购物商场楼下佳又惠百货医院天虹（2400米百度地图测距,,,,暂无数据,2025-07-14,商品房,普通住宅,暂无数据,非共有,有抵押,挂牌时间:2025-07-14 | 交易权属:商品房 | 上次交易:暂无数据 | 房屋用途:普通住宅 | 房屋年限:暂无数据 | 产权所属:非共有 | 抵押信息:有抵押 | 房本备件:未上传房本照片,客厅 / 20.98平米 / 北 / 普通窗 ; 卧室A / 14.85平米 / 无 / 未知窗户类型 ; 卧室B / 8.05平米 / 南 / 普通窗 ; 厨房 / 3.9平米 / 北 / 普通窗 ; 卫生间 / 8.05平米 / 北 / 落地窗 ; 阳台A / 11.36平米 / 北 东 / 普通窗 ; 阳台B / 4.47平米 / 南 / 普通窗 ; 储物间 / 5.66平米 / 北 / 落地窗 ; 过道 / 9.4平米 / 东 / 落地窗,
鹭湖国际住区，龙外鹭外和高新，书香飘邻,"懿花园 , 观澜",3室1厅,85.85平米,西南,精装,高楼层(共10层),2014年,板楼,380 万,44264 元,0,,,VR看装修,https://sz.lianjia.com/ershoufang/105119241755.html,VR看装修,安静位置 朝南看花园 中高楼层,和黄懿花园也叫盈峰翠邸，由和记黄埔地产(深圳)有限公司开发，位于横坑水库。项目规划为地上建筑4-10层，地下2层，共59栋建筑(其中57栋住宅，2所幼儿园，及公建以地下室形式布置于地块南端)。 机动车位：600个；高层地库车位385个，多层地库车位200个,医疗龙华人民第二医院（4600米百度地图测距龙华综合医院在建中3100米百度地图测距新科技园社区健康服务购物商场楼下佳又惠百货医院天虹（2400米百度地图测距,公交线路：公交（宝安高新科技园、观澜高新科技园）794、627、663、668、866路等，出小区就是有轨电车站台，高速公路：机荷高速公路、梅观高速公路，交通方便。,,,暂无数据,2024-12-18,商品房,普通住宅,暂无数据,非共有,无抵押,挂牌时间:2024-12-18 | 交易权属:商品房 | 上次交易:暂无数据 | 房屋用途:普通住宅 | 房屋年限:暂无数据 | 产权所属:非共有 | 抵押信息:无抵押 | 房本备件:未上传房本照片,客厅 / 24.08平米 / 无 / 未知窗户类型 ; 卧室A / 6.63平米 / 西北 东北 / 普通窗 ; 卧室B / 14.78平米 / 无 / 未知窗户类型 ; 卧室C / 5.84平米 / 东南 / 普通窗 ; 厨房 / 5.84平米 / 东北 / 普通窗 ; 卫生间A / 3.56平米 / 无 / 普通窗 ; 卫生间B / 3.42平米 / 东北 / 普通窗 ; 阳台A / 2.97平米 / 东北 / 普通窗 ; 阳台B / 3.44平米 / 东北 东南 / 普通窗 ; 阳台C / 6.24平米 / 东南 / 普通窗 ; 过道 / 2.9平米 / 无 / 无窗,
鹏瑞·颐璟府 89.44m三居室 东南向看小区花园,"鹏瑞·颐璟府 , 观澜",3室2厅,89.44平米,东南,精装,低楼层(共32层),,塔楼,368 万,41145 元,5,,,VR看装修 | 随时看房,https://sz.lianjia.com/ershoufang/105119413869.html,VR看装修 | 随时看房,此房满二年，精装修   朝东南向看小区花园，安静不吵,鹏瑞颐璟府鹏瑞颐璟府联合 AUBE（欧博）建筑设计及园林景观设计，以三重叠景院落、三重门第礼序、三重会客厅、50余种花木，打造“推窗见景、出门见绿”的生活场景。社区房源量相对大，其选择面也相对广，可满足多层次的置业需求。,综合医院（在建）、图书馆（在建）、群艺馆（在建）、大剧院（在建）等区级配套；横坑滨水公园（在建）、石皮山公园（在建）等城市生态场地；,,,,暂无数据,2025-01-06,商品房,普通住宅,暂无数据,非共有,有抵押 290万元,挂牌时间:2025-01-06 | 交易权属:商品房 | 上次交易:暂无数据 | 房屋用途:普通住宅 | 房屋年限:暂无数据 | 产权所属:非共有 | 抵押信息:有抵押 290万元 | 房本备件:未上传房本照片,,
此房满五唯一，中楼层，视野开阔，采光充足,"招商锦绣观园 , 观澜",2室2厅,61.26平米,东北,简装,高楼层(共26层),2014年,塔楼,156 万,25466 元,8,,,VR看装修,https://sz.lianjia.com/ershoufang/105121382371.html,VR看装修,满五唯一，业主诚心卖，环境很好，依山傍水，价格可以谈,,,出门就有公交站，到地铁两个字，出门龙澜大道快速路，半小时到达福田,,,暂无数据,2025-07-09,商品房,普通住宅,暂无数据,共有,无抵押,挂牌时间:2025-07-09 | 交易权属:商品房 | 上次交易:暂无数据 | 房屋用途:普通住宅 | 房屋年限:暂无数据 | 产权所属:共有 | 抵押信息:无抵押 | 房本备件:未上传房本照片,,
观澜双电梯小户型集体宿舍，小单间，配套齐全,"福星雅园  , 观澜",1室1厅,22.81平米,东南,简装,中楼层(共12层),1999年,,27.8 万,12188 元,10,,,VR看装修,https://sz.lianjia.com/ershoufang/105117656635.html,VR看装修,观澜双电梯小户型集体宿舍，小单间，配套齐全,,商场配套齐全，吃住需求都很方便。人口密度大，有公园公交站等设施。,,,,暂无数据,2024-07-18,商品房,普通住宅,暂无数据,非共有,无抵押,挂牌时间:2024-07-18 | 交易权属:商品房 | 上次交易:暂无数据 | 房屋用途:普通住宅 | 房屋年限:暂无数据 | 产权所属:非共有 | 抵押信息:无抵押 | 房本备件:未上传房本照片,卧室 / 9.78平米 / 无 / 无窗 ; 厨房 / 1.81平米 / 东南 / 普通窗 ; 卫 / 1.9平米 / 东南 / 普通窗,
澜园精装两房诚心出售，看房有钥匙,"招商澜园 , 观澜",2室1厅,53.4平米,东南,,高楼层(共17层),2010年,板塔结合,208 万,38952 元,1,,,近地铁 | VR看装修 | 随时看房,https://sz.lianjia.com/ershoufang/105122019658.html,地铁 | VR看装修 | 随时看房,此房满两年，高楼层视野开阔，装修保养比较好,招商澜园位于深圳市宝安区观澜街道大和路与环观南路交汇处，地处政府规划发展的观澜新中间区，并成为深圳新的城市象征。招商澜园是一座220000平米、低密度的大型高尚社区，小区拥有1500㎡会所、约6000㎡花园、泳池、幼儿园等,休闲区域：观澜湿地公园，新世纪广场、人民公园。商.业设施：天虹商场、国惠康商场、格兰郡商.业街。教育设施、医疗设施：观澜人民医院。宾馆酒店：格兰云天大酒店。银行：中国银行、工商银行、招商银行,小区交通方便，地铁4号延长线年底通车 出门就是富士施乐公交站和有轨电车文澜站，有大和路，龙澜快速，机嗬高速和梅观高速，不管是坐公交还是开车去各区都很方便,,,暂无数据,2025-09-04,商品房,普通住宅,暂无数据,非共有,有抵押 120万元,挂牌时间:2025-09-04 | 交易权属:商品房 | 上次交易:暂无数据 | 房屋用途:普通住宅 | 房屋年限:暂无数据 | 产权所属:非共有 | 抵押信息:有抵押 120万元 | 房本备件:未上传房本照片,,
70年民水电6米复式.端户多个阳台,"美佳华首誉 , 观澜",2室2厅,66.51平米,南 西南 北,简装,中楼层(共28层),2013年,板塔结合,170 万,25561 元,6,,,近地铁 | VR房源,https://sz.lianjia.com/ershoufang/105120482675.html,地铁 | VR房源,70年民水电6米复式.端户多个阳台.计税价低于原购价无增值税,美佳华首誉是集住宅、商务公寓一体的城市综合体。梅观快速、清平高速等，地铁4号线茜坑站200米左右 与深圳首条轻轨线交汇观澜站,小区为观澜首创的一站式的集中体，包括：购物、餐饮、休闲、娱乐等多种业态。未来有品牌商家进驻，已确定品牌主力店人人乐、KFC、美佳华儿童乐园等品牌，未来会有影院、餐饮、娱乐等基本配套。苏宁电器、面点王、拾味馆、芳都酒楼等,,,,暂无数据,2025-04-21,商品房,商务公寓,暂无数据,非共有,无抵押,挂牌时间:2025-04-21 | 交易权属:商品房 | 上次交易:暂无数据 | 房屋用途:商务公寓 | 房屋年限:暂无数据 | 产权所属:非共有 | 抵押信息:无抵押 | 房本备件:未上传房本照片,,
招商观园 一楼复式 装修保养好,"招商观园 , 观澜",3室2厅,84.4平米,东南,,低楼层(共3层),2012年,塔楼,680 万,80569 元,5,,,VR房源 | 随时看房,https://sz.lianjia.com/ershoufang/105116987975.html,VR房源 | 随时看房,别墅一楼带花园 小区中间位置 安静不吵,招商观园位于龙华区观澜街道环观南路北侧(观澜高新科技园站旁），是由深圳招商房地产有限公司规划、开发的小区，规划面积147595平方米，建筑面积222221平方米，小区由别墅 多层 小高层组成，容 积率1.5，居住舒适,龙华医院（4600米百度地图测距龙华综合医院在建中3100米百度地图测距新科技园社区健康服务购物商场楼下佳又惠百货医院天虹（2400米百度地图测距,,,,暂无数据,2024-05-14,商品房,普通住宅,暂无数据,非共有,有抵押,挂牌时间:2024-05-14 | 交易权属:商品房 | 上次交易:暂无数据 | 房屋用途:普通住宅 | 房屋年限:暂无数据 | 产权所属:非共有 | 抵押信息:有抵押 | 房本备件:未上传房本照片,餐厅 / 36.19平米 / 北 东 / 落地窗 ; 客厅A / 44.52平米 / 无 / 落地窗 ; 客厅B / 67.77平米 / 东 南 / 落地窗 ; 卧室 / 7.74平米 / 无 / 无窗 ; 厨房 / 7.25平米 / 北 / 普通窗 ; 卫生间 / 3.46平米 / 无 / 无窗 ; 储A / 2.31平米 / 无 / 无窗 ; 储物间B / 3.87平米 / 无 / 无窗 ; 储物间C / 5.82平米 / 无 / 普通窗 ; 楼梯间 / 2.97平米 / 无 / 无窗,
金泽花园 复式住宅 使用翻倍 看房方便,"金泽花园 , 观澜",3室2厅,109.38平米,西南,简装,高楼层(共7层),2002年,板楼,750 万,68569 元,0,,,近地铁 | VR看装修 | 房本满五年,https://sz.lianjia.com/ershoufang/105120613627.html,地铁 | VR看装修 | 房本满五年,此房满五唯一，业主自还，随时看房,小区绿化为50%，建筑密度较低，居住舒适度高，已开通管道燃气,小区在深圳民法公园旁边，交通便利，有多条公交线路经过，距小区最近的地铁站是4号线长湖站,,,,2010-09-02,2025-05-04,商品房,普通住宅,满五年,非共有,有抵押 50万元 业主自还,挂牌时间:2025-05-04 | 交易权属:商品房 | 上次交易:2010-09-02 | 房屋用途:普通住宅 | 房屋年限:满五年 | 产权所属:非共有 | 抵押信息:有抵押 50万元 业主自还 | 房本备件:已上传房本照片,,
纯法式 洋房小高层 精装大4房 诚意出售,"金地天悦湾 , 观澜",4室2厅,170平米,南 北,精装,中楼层(共8层),2012年,板塔结合,758 万,44589 元,1,,,VR房源,https://sz.lianjia.com/ershoufang/105118409077.html,VR房源,此房满五年，唯一，大四房，红本无抵押；精装，业主诚意出售,,龙华新三馆，观澜湿地公园，新世纪广场、人民公园。商.业设施：观澜湖新城，天虹商场、格兰郡商.业街。教育设施、。医疗设施：龙华综合医院； 酒店：格兰云天大酒店。银行：平安，中行、工行、招行,多维立体交通，多条轨道公交线路途经，无论是福田，罗湖，南山还是通往宝安前海等区域便利，开车也十分方便.坐车除了公交以外还可以选择门口轻轨电车，无缝连接地铁四号线清湖站；,,,暂无数据,2024-09-26,商品房,普通住宅,暂无数据,非共有,无抵押,挂牌时间:2024-09-26 | 交易权属:商品房 | 上次交易:暂无数据 | 房屋用途:普通住宅 | 房屋年限:暂无数据 | 产权所属:非共有 | 抵押信息:无抵押 | 房本备件:未上传房本照片,客厅 / 42.66平米 / 南 / 普通窗 ; 卧室A / 15.46平米 / 北 / 落地窗 ; 卧室B / 13.93平米 / 北 / 落地窗 ; 卧室C / 19.23平米 / 南 / 落地窗 ; 厨房 / 7.8平米 / 无 / 落地窗 ; 卫生间 / 4.57平米 / 东 / 普通窗 ; 阳台A / 8.39平米 / 东 / 落地窗 ; 阳台B / 6.01平米 / 南 / 普通窗 ; 储A / 1.56平米 / 无 / 无窗 ; 储物间B / 4.65平米 / 无 / 无窗 ; 储物间C / 20.7平米 / 无 / 无窗 ; 过道 / 7.1平米 / 无 / 无窗,
原价高，端头位，满五唯一，联排别墅，看房万寿伟,"城建仁山智水花园二期 , 观澜",5室1厅,261.64平米,东南,,上叠(共1层),,板塔结合,2088 万,79805 元,1,,,VR房源 | 房本满五年,https://sz.lianjia.com/ershoufang/105113152984.html,VR房源 | 房本满五年,联排别墅，端头位，上下共5层，实用面积高，满五唯一，出国急售,城建仁山智水花园位于鹭湖国际住枢地段，深圳市宝安区观澜街道环观南路北侧，东临富安路，南望观澜高新技术园，地处政府规划发展的观澜新区，小区由高层，洋房，上下叠加别墅，联排别墅组成， 毛坯交房 ，总共1445户，车位3150个。,商场：天虹商场、观澜湖新城，格兰郡购物街：观澜人民医院，邮局：中国邮政银行：工商银行、农业银行其他：陶贞源酒店、樟坑径市场、观澜高尔夫球会、山水田园、乡村俱乐部等,位于环观南路(即观天大道)以北，梅观高速以东；梅观高速、机荷高速，较近的公交站是观澜高新科技园、宝安高新技术园站，经过的路线有E4、772等。门前有电车站台，有轨电车直通4号线清湖站,,,2014-12-29,2023-03-27,商品房,别墅,满五年,非共有,有抵押 500万元,挂牌时间:2023-03-27 | 交易权属:商品房 | 上次交易:2014-12-29 | 房屋用途:别墅 | 房屋年限:满五年 | 产权所属:非共有 | 抵押信息:有抵押 500万元 | 房本备件:已上传房本照片,客厅 / 77.55平米 / 西 南 / 落地窗 ; 多功能间 / 96.74平米 / 西 / 落地窗 ; 卧室A / 11.72平米 / 北 / 落地窗 ; 卧室B / 12.6平米 / 无 / 未知窗户类型 ; 卧室C / 11.65平米 / 北 / 落地窗 ; 卧室D / 22.11平米 / 南 / 普通窗 ; 厨房 / 7.98平米 / 无 / 未知窗户类型 ; 卫生间A / 4.44平米 / 北 / 普通窗 ; 卫生间B / 4.48平米 / 北 / 落地窗 ; 卫生间C / 4.35平米 / 北 / 普通窗 ; 卫生间D / 12.73平米 / 无 / 未知窗户类型 ; 阳台A / 13.09平米 / 西 东 南 / 普通窗 ; 阳台B / 16.04平米 / 西 东 南 / 普通窗 ; 阳台C / 18.65平米 / 西 北 东 / 普通窗 ; 地下室 / 14.75平米 / 无 / 无窗 ; 过道A / 25.21平米 / 无 / 无窗 ; 过道B / 15.64平米 / 无 / 无窗 ; 衣帽间 / 10.39平米 / 无 / 无窗,
格澜郡二期大面积三房业主诚意卖,"格澜郡二期 , 观澜",3室2厅,114.6平米,南,精装,中楼层(共18层),2007年,板塔结合,503 万,43892 元,1,,,近地铁 | VR房源,https://sz.lianjia.com/ershoufang/105118276971.html,地铁 | VR房源,满五，高层采光很好，视野开阔，装修不错,中航格澜郡位于深圳龙华新区观澜，东临大和路，西临沿河路，南起环观南路，北至工业大道。其北面即为观澜世纪广场与文化艺术场所，与观澜街道办仅一河之隔，可谓是尊贵地段，尽享观澜政治、文化、商 业的优势。整个小区为苏格兰风情大社区。,综合商场：天虹商场、福城天虹、民乐福购物场所 医院：观澜人民医院 邮局：观澜邮局 银行：农业银行，浦发银行，建设银行，中国工商银行 其他：文化艺术场所、体育活动场所。,"深圳中航格澜郡公交站，途径中航格澜郡公交站的有B652路、B693路、M264路等6条公交线路.观澜天虹商场(419米),富士施乐(470米),格兰云天酒店(569米)等。另轻轨已经开通，大和站和世纪广场站，离地铁站1.5公里，出行更加方便",,,暂无数据,2024-09-13,商品房,普通住宅,暂无数据,非共有,无抵押,挂牌时间:2024-09-13 | 交易权属:商品房 | 上次交易:暂无数据 | 房屋用途:普通住宅 | 房屋年限:暂无数据 | 产权所属:非共有 | 抵押信息:无抵押 | 房本备件:未上传房本照片,客厅 / 44.47平米 / 无 / 未知窗户类型 ; 卧室A / 14.37平米 / 南 / 落地窗 ; 卧室B / 11.13平米 / 无 / 未知窗户类型 ; 卧室C / 7.45平米 / 北 / 落地窗 ; 厨房 / 5.6平米 / 北 / 落地窗 ; 卫生间A / 3.63平米 / 西 / 普通窗 ; 卫生间B / 3.89平米 / 南 / 落地窗 ; 阳台A / 7.61平米 / 西 东 南 / 落地窗 ; 阳台B / 2.36平米 / 北 / 落地窗 ; 阳台C / 2.03平米 / 无 / 无窗 ; 过道 / 2.81平米 / 无 / 无窗,
招商锦绣观园满五唯一温馨二室二厅,"招商锦绣观园 , 观澜",2室2厅,61.48平米,东北,简装,低楼层(共28层),2014年,板楼,180 万,29278 元,1,,,VR看装修 | 房本满五年,https://sz.lianjia.com/ershoufang/105119885442.html,VR看装修 | 房本满五年,早晨阳光充足，适合喜欢明亮居住环境的人群。,小区旁边就是茜坑水库和环城绿道，绿化好，空气清新，生态环境优越，适合注重居住舒适度和休闲锻炼的购房者,,小区自带公交总站，出门龙澜快速干道快速接驳福田、南山，通勤便利性提升。,,,2014-01-19,2025-03-01,商品房,普通住宅,满五年,非共有,无抵押,挂牌时间:2025-03-01 | 交易权属:商品房 | 上次交易:2014-01-19 | 房屋用途:普通住宅 | 房屋年限:满五年 | 产权所属:非共有 | 抵押信息:无抵押 | 房本备件:已上传房本照片,,
采光通风良好 户型方正  小区环境好 合适居家,"观湖园 , 观澜",4室1厅,192.21平米,南,,中楼层(共4层),2009年,板楼,855 万,44483 元,1,,,VR房源,https://sz.lianjia.com/ershoufang/105115173932.html,VR房源,深圳纯别墅小区，无高层，容积低,观湖园项目位于龙华新区观澜镇，邻近梅观高速公路，在梅观高速观澜出口。小区占地面积：37.6平方米，容积低，绿化高，东南亚园林景观设计。双拼跟独栋管理费是6.5平米，叠拼的管理费是4.95平米，小区安保严密，24小时巡逻监控,小区南门200米，有菜市场，能满足日常所需；距离观澜湖新城约5公 里，观澜湖新城是大型的，一系列品牌都已进驻，购物娱乐 都相当方便；距离观澜人民医院及伟光医院约6公里,观湖园纯别墅小区邻近梅观高速公路，距离梅观高速观澜出口约1.5公里 ，去南山约33公里，罗湖约30公里，福田约28公里，交通如此便利的接轨 市内生活圈。到观澜汽车站和观澜湖新城约5公里。,,,暂无数据,2023-10-27,商品房,普通住宅,暂无数据,非共有,有抵押,挂牌时间:2023-10-27 | 交易权属:商品房 | 上次交易:暂无数据 | 房屋用途:普通住宅 | 房屋年限:暂无数据 | 产权所属:非共有 | 抵押信息:有抵押 | 房本备件:未上传房本照片,客厅 / 41.77平米 / 西 西南 西北 / 落地窗 ; 卧室A / 10.16平米 / 无 / 未知窗户类型 ; 卧室B / 14.91平米 / 西北 / 普通窗 ; 卧室C / 13.39平米 / 西北 / 普通窗 ; 卧室D / 17.29平米 / 无 / 未知窗户类型 ; 厨房 / 9.92平米 / 西南 / 普通窗 ; 卫生间A / 3.31平米 / 无 / 无窗 ; 卫生间B / 4.07平米 / 无 / 无窗 ; 卫生间C / 7.76平米 / 东南 / 普通窗 ; 卫生间D / 10.52平米 / 无 / 普通窗 ; 阳台A / 6平米 / 西南 东南 / 普通窗 ; 阳台B / 30.72平米 / 西南 西北 / 普通窗 ; 阳台C / 3.77平米 / 无 / 普通窗 ; 阳台D / 33.73平米 / 无 / 普通窗 ; 过道A / 10.05平米 / 无 / 无窗 ; 过道B / 9.66平米 / 无 / 无窗 ; 过道C / 7.86平米 / 无 / 普通窗 ; 过道D / 6.72平米 / 无 / 落地窗 ; 衣帽间 / 7.92平米 / 无 / 无窗,
观澜豪园 刚需住家小区 相近观澜湖新城 双拼大户型。,"观澜豪园 , 观澜",4室2厅,97.56平米,东南,简装,中楼层(共8层),1998年,板塔结合,276 万,28291 元,2,,,近地铁 | VR房源 | 房本满五年,https://sz.lianjia.com/ershoufang/105116139844.html,地铁 | VR房源 | 房本满五年,"此房为一手业主出售，是一套双拼大户型,满足改善和换房的客户..",此小区是观澜湖房地产开发，物业为观澜湖骏高物业公司管理。小区为东南亚建筑风格，小高层建筑。,,,,,2001-10-23,2024-02-26,商品房,普通住宅,满五年,非共有,无抵押,挂牌时间:2024-02-26 | 交易权属:商品房 | 上次交易:2001-10-23 | 房屋用途:普通住宅 | 房屋年限:满五年 | 产权所属:非共有 | 抵押信息:无抵押 | 房本备件:已上传房本照片,卧室 / 20.99平米 / 东 / 落地窗 ; 卫生间 / 4.73平米 / 东 / 落地窗,
长湖地铁口旁精装新交楼二手房，中高楼层采光通风佳,"万科启城 , 观澜",3室1厅,81平米,南,精装,中楼层(共48层),2022年,板塔结合,445 万,54939 元,0,,,近地铁 | VR看装修,https://sz.lianjia.com/ershoufang/105119111728.html,地铁 | VR看装修,房子中高楼层，看小区园林，采光通风佳,,,"交通方便，出门800米就到地铁站长湖站，门口就是公交站，E36，M545,450,8分可以上梅观高速",,,暂无数据,2024-12-04,商品房,普通住宅,暂无数据,非共有,有抵押 280,挂牌时间:2024-12-04 | 交易权属:商品房 | 上次交易:暂无数据 | 房屋用途:普通住宅 | 房屋年限:暂无数据 | 产权所属:非共有 | 抵押信息:有抵押 280 | 房本备件:未上传房本照片,客厅 / 19.03平米 / 西 / 普通窗 ; 卧室A / 5.56平米 / 西 / 普通窗 ; 卧室B / 10.19平米 / 无 / 未知窗户类型 ; 卧室C / 6.07平米 / 无 / 未知窗户类型 ; 厨房 / 3.97平米 / 南 / 普通窗 ; 卫生间 / 6.68平米 / 东 / 落地窗 ; 阳台 / 6.7平米 / 西 / 普通窗 ; 过道 / 3.45平米 / 无 / 无窗,
招商澜园南区，中高层，方正三房，位置好,"招商澜园 , 观澜",3室2厅,82.68平米,南 北,精装,低楼层(共25层),2010年,板塔结合,450 万,54427 元,5,,,VR房源,https://sz.lianjia.com/ershoufang/105113022580.html,VR房源,招商澜园南区，中高层，方正三房，位置好,小区由招商局地产开发，国家一级物业资质的招商物业管理，小区部分为南北两区，由十三栋高层组成，低密度，是个纯居住的大社区，自带6000平的大花园，人车分流，很适合有老人和小孩的客户，小区自带幼儿园，有固定车位。,配套：观澜街道办 休闲区域：新世纪广场、观澜文化广场， 商场：设施天虹商场、比邻新天地，观澜河湿地公园距离小区近在咫尺。龙华区政府距离小区2公里，属于新区政府辐射范围内。项目：现聚集多家大品牌开发商在此拿地。如：万科 卓 越，阳基,小区门口就有公交站，途径的公交线众多，有轨电车在小区门口文澜站，直接到达清湖地铁口，竹村地铁口 800米，观澜大桥直接可以上机荷高速，多条公交线路到达罗湖，福田,,,暂无数据,2023-03-15,商品房,普通住宅,暂无数据,非共有,有抵押 50万元,挂牌时间:2023-03-15 | 交易权属:商品房 | 上次交易:暂无数据 | 房屋用途:普通住宅 | 房屋年限:暂无数据 | 产权所属:非共有 | 抵押信息:有抵押 50万元 | 房本备件:未上传房本照片,客厅 / 31.42平米 / 南 / 普通窗 ; 卧室A / 9.42平米 / 无 / 未知窗户类型 ; 卧室B / 13.49平米 / 无 / 未知窗户类型 ; 卧室C / 8.86平米 / 西 南 / 落地窗 ; 厨房 / 3.73平米 / 西 / 普通窗 ; 卫生间 / 3.8平米 / 西 / 普通窗 ; 阳台 / 2.78平米 / 南 / 普通窗 ; 阳台A / 2平米 / 西 / 普通窗,
一楼带花园，前后门，精装3房，居住舒适，看园林美景,"观澜湖比佩亚区 , 观澜",3室1厅,154.83平米,南,,7层,2011年,板塔结合,700 万,45211 元,4,,,VR房源 | 房本满五年,https://sz.lianjia.com/ershoufang/105121020799.html,VR房源 | 房本满五年,一楼带花园，前后门，精装大3房，居住舒适，看园林美景，南北向,观澜湖已经形成国际高尔夫别墅住区，把背景相同、事业有成的人士聚集在一起，创造出生活与事业的平台。在10多平方公里的绿色王国上，建筑覆盖率不到1%，属于纯粹的高尔夫球场中/央物业，完全被球道环/绕，从住宅的任何一个角度，都可以观赏到绿色的景观,小区南门50亿观澜湖新城，观澜湖生态体育公园，观澜天虹商场，兴万达商场等，龙华人民医/院，塘厦人民医/院，小区内有会所/游泳池/健身房/高尔夫业主练习场/穿梭巴士等免费使用园区内有免费巴士接，多条公交直达，高尔夫大道，观光路，观澜大道，观平路等..,园区内有免费巴士接，多条公交直达，高尔夫大道，观光路，观澜大道，观平路等城市主干道环-绕，梅观高速观澜出口2公里，地铁4号线（观澜湖新城站）已开通，观澜湖免费班车随时出行！,,,2015-06-24,2025-06-09,商品房,普通住宅,满五年,非共有,无抵押,挂牌时间:2025-06-09 | 交易权属:商品房 | 上次交易:2015-06-24 | 房屋用途:普通住宅 | 房屋年限:满五年 | 产权所属:非共有 | 抵押信息:无抵押 | 房本备件:已上传房本照片,客厅 / 60.65平米 / 西 北 南 / 普通窗 ; 卧室A / 10.26平米 / 北 / 普通窗 ; 卧室B / 26.28平米 / 无 / 无窗 ; 卧室C / 12.97平米 / 西 / 普通窗 ; 厨房 / 6.79平米 / 北 / 普通窗 ; 卫生间A / 9.36平米 / 无 / 无窗 ; 卫生间B / 4.19平米 / 无 / 无窗 ; 露台 / 78.7平米 / 西 北 南 / 普通窗,
鹏瑞颐璟府 南向三房 高楼层视野采光好,"鹏瑞·颐璟府 , 观澜",3室2厅,89平米,东南,,高楼层(共33层),,塔楼,435 万,48877 元,0,,,VR看装修,https://sz.lianjia.com/ershoufang/105120448341.html,VR看装修,此房高楼层 视野采光好 南北通 装修新,,,,,,2025-05-10,2025-04-18,商品房,普通住宅,未满两年,非共有,有抵押,挂牌时间:2025-04-18 | 交易权属:商品房 | 上次交易:2025-05-10 | 房屋用途:普通住宅 | 房屋年限:未满两年 | 产权所属:非共有 | 抵押信息:有抵押 | 房本备件:已上传房本照片,客厅 / 21.56平米 / 南 / 普通窗 ; 卧室A / 8.46平米 / 西 / 落地窗 ; 卧室B / 13.44平米 / 无 / 未知窗户类型 ; 卧室C / 6.78平米 / 南 / 普通窗 ; 厨房 / 4.87平米 / 西 / 普通窗 ; 卫生间A / 3.81平米 / 北 / 落地窗 ; 卫生间B / 2.96平米 / 西 / 普通窗 ; 阳台 / 7.28平米 / 南 / 普通窗 ; 过道 / 3.52平米 / 无 / 无窗,
满五唯一 观澜湖精装住宅 南北向 看高尔夫景 急售,"观澜湖比佩亚区 , 观澜",1室1厅,79.7平米,西南,精装,中楼层(共7层),2011年,板塔结合,200 万,25095 元,3,,,VR看装修 | 房本满五年,https://sz.lianjia.com/ershoufang/105112326998.html,VR看装修 | 房本满五年,精装住宅，南北向，居住舒适，自住大阳台，看园林和高尔夫景观,观澜湖已经形成国际高尔夫别墅住区，把背景相同、事业有成的人士聚集在一起，创造出生活与事业的平台。在10多平方公里的绿色王国上，建筑覆盖率不到1%，属于纯粹的高尔夫球场中/央物业，完全被球道环/绕，从住宅的任何一个角度，都可以观赏到绿色的景观,小区南门50亿观澜湖新城，观澜湖生态体育公园，观澜天虹商场，兴万达商场等，龙华人民医/院，塘厦人民医/院，小区内有会所/游泳池/健身房/高尔夫业主练习场/穿梭巴士等免费使用,园区内有免费巴士接，多条公交直达，高尔夫大道，观光路，观澜大道，观平路等城市主干道环-绕，梅观高速观澜出口2公里，地铁4号线（观澜湖新城站）已开通，观澜湖免费班车随时出行！,,,2019-03-16,2022-12-24,商品房,普通住宅,满五年,非共有,有抵押 170万元 人民银行 客户偿还,挂牌时间:2022-12-24 | 交易权属:商品房 | 上次交易:2019-03-16 | 房屋用途:普通住宅 | 房屋年限:满五年 | 产权所属:非共有 | 抵押信息:有抵押 170万元 人民银行 客户偿还 | 房本备件:已上传房本照片,卧室 / 40.71平米 / 西南 / 普通窗 ; 厨房 / 4.08平米 / 西南 / 落地窗 ; 卫生间 / 8.62平米 / 无 / 无窗 ; 阳台 / 5.41平米 / 西南 西北 东南 / 普通窗 ; 储物间 / 2.41平米 / 无 / 无窗,
两房精装修，满五唯一，红本在手,"招商澜园 , 观澜",2室2厅,54.3平米,南,精装,低楼层(共17层),2010年,板塔结合,240 万,44199 元,2,,,近地铁 | VR房源,https://sz.lianjia.com/ershoufang/105116903809.html,地铁 | VR房源,产权满五年唯一 红本在手 自住装修 一手业主看看,小区由招商局地产开发，国家一级物业资质的招商物业管理，小区部分为南北两区，由十三栋高层组成，低密度，是个纯居住的大社区，自带6000平的大花园，人车分流，很适合有老人和小孩的客户，小区自带幼儿园，有固定车位。,配套：观澜街道办 休闲区域：新世纪广场、观澜文化广场， 商场：设施天虹商场、比邻新天地，观澜河湿地公园距离小区近在咫尺。龙华区政府距离小区2公里，属于新区政府辐射范围内。项目：现聚集多家大品牌开发商在此拿地。如：万科 卓 越，阳基,小区门口就有公交站，途径的公交线众多，有轨电车在小区门口文澜站，直接到达清湖地铁口，竹村地铁口 800米，观澜大桥直接可以上机荷高速，多条公交线路到达罗湖，福田,,,暂无数据,2024-05-06,商品房,普通住宅,暂无数据,非共有,无抵押,挂牌时间:2024-05-06 | 交易权属:商品房 | 上次交易:暂无数据 | 房屋用途:普通住宅 | 房屋年限:暂无数据 | 产权所属:非共有 | 抵押信息:无抵押 | 房本备件:未上传房本照片,客厅 / 14.37平米 / 无 / 无窗 ; 卧室A / 7.89平米 / 南 / 落地窗 ; 卧室B / 14.55平米 / 东 / 普通窗 ; 厨房 / 9.22平米 / 西 南 / 落地窗 ; 卫生间 / 2.99平米 / 南 / 落地窗 ; 阳台 / 6.06平米 / 东 南 / 普通窗,
双电梯大四房，近地铁，即买即住，2厅宽敞,"奥宸观壹城 , 观澜",4室2厅,134.26平米,西南,,中楼层(共34层),2015年,板塔结合,490 万,36497 元,1,,,近地铁 | VR房源 | 随时看房,https://sz.lianjia.com/ershoufang/105114642044.html,地铁 | VR房源 | 随时看房,满五唯一，中高楼层，采光通风好。毛坯房，可以按照自己喜好装修,共4栋 7个单元；并且规划为具有70-130平米的住宅、40-80平米的公寓；楼下有菜市场；小区内布局合理；有2个人行主出入口，两个车库入口,,高德地图导航距离松元厦地铁口步行613米。商公交车站：大布新村有321路;332路;882路;b651路;m226路;m243路;m267路;m269路;m288路;m302路;m354路;m361路;m408路;高快巴士17路,,,暂无数据,2023-08-28,商品房,普通住宅,暂无数据,非共有,无抵押,挂牌时间:2023-08-28 | 交易权属:商品房 | 上次交易:暂无数据 | 房屋用途:普通住宅 | 房屋年限:暂无数据 | 产权所属:非共有 | 抵押信息:无抵押 | 房本备件:未上传房本照片,客厅 / 33.6平米 / 西南 / 落地窗 ; 卧室A / 19.74平米 / 无 / 未知窗户类型 ; 卧室B / 12.91平米 / 无 / 未知窗户类型 ; 卧室C / 11.15平米 / 无 / 未知窗户类型 ; 卧室D / 9.34平米 / 无 / 未知窗户类型 ; 厨房 / 5.58平米 / 无 / 未知窗户类型 ; 卫生间A / 6.08平米 / 东北 / 普通窗 ; 卫生间B / 4.11平米 / 东北 / 普通窗 ; 阳台 / 6.25平米 / 无 / 无窗 ; 衣帽间 / 3.39平米 / 无 / 无窗,
满五不唯一，红本在手，中间楼层，看湖,"城建仁山智水花园三期 , 观澜",4室2厅,305.18平米,南,,中楼层(共41层),2015年,板楼,1630 万,53412 元,0,,,VR房源,https://sz.lianjia.com/ershoufang/105118057110.html,VR房源,满五不唯一，红本在手，中间楼层，看湖,仁山智水由深圳市城市建设开发公司开发，小区占地近20平，总建筑面积为557584.63㎡，住宅282053.6㎡，商铺5860㎡，幼儿园3500.08㎡，建筑主体包括95栋住宅楼，其中有83栋低多层住宅及8栋高层和4栋高层，住宅共1445户，车位3158个,龙华医院（4600米百度地图测距龙华综合医院在建中3100米百度地图测距新科技园社区健康服务购物商场楼下佳又惠百货医院天虹（2400米百度地图测距,,,,暂无数据,2024-08-24,商品房,普通住宅,暂无数据,非共有,无抵押,挂牌时间:2024-08-24 | 交易权属:商品房 | 上次交易:暂无数据 | 房屋用途:普通住宅 | 房屋年限:暂无数据 | 产权所属:非共有 | 抵押信息:无抵押 | 房本备件:未上传房本照片,客厅 / 70.34平米 / 南 / 普通窗 ; 卧室A / 11.14平米 / 北 / 普通窗 ; 卧室B / 12.14平米 / 北 / 落地窗 ; 卧室C / 16.77平米 / 北 / 落地窗 ; 卧室D / 33.44平米 / 北 南 / 落地窗 ; 厨房 / 9.62平米 / 北 / 普通窗 ; 卫生间A / 7.71平米 / 北 / 普通窗 ; 卫生间B / 8.81平米 / 东 / 落地窗 ; 卫生间C / 15.72平米 / 东 / 落地窗 ; 阳台A / 37.29平米 / 北 / 普通窗 ; 阳台B / 15.4平米 / 北 东 / 落地窗 ; 阳台C / 17.3平米 / 东 南 / 普通窗 ; 储物间 / 4.71平米 / 无 / 无窗 ; 过道 / 14.21平米 / 南 / 普通窗,
龙华环观南路与坂澜大道交汇处高层小区户型方正。,"中森公园华府 , 观澜",4室2厅,126.8平米,南 北,精装,高楼层(共30层),2019年,板塔结合,545 万,42982 元,0,,,VR房源 | 房本满五年,https://sz.lianjia.com/ershoufang/105116886949.html,VR房源 | 房本满五年,房子是装修好的，目前自住，看房都很方便的。,环境优美，双公园，精心布置叠溪谷、栖风林、半月湾等六大主题公园，居住舒适度高。,,,,,2020-04-10,2024-05-05,商品房,普通住宅,满五年,非共有,有抵押,挂牌时间:2024-05-05 | 交易权属:商品房 | 上次交易:2020-04-10 | 房屋用途:普通住宅 | 房屋年限:满五年 | 产权所属:非共有 | 抵押信息:有抵押 | 房本备件:已上传房本照片,客厅 / 28.76平米 / 无 / 未知窗户类型 ; 卧室A / 10.11平米 / 无 / 未知窗户类型 ; 卧室B / 11.86平米 / 无 / 未知窗户类型 ; 卧室C / 15.76平米 / 无 / 未知窗户类型 ; 卧室D / 8.61平米 / 东南 / 落地窗 ; 厨房 / 5.25平米 / 东南 / 普通窗 ; 卫生间A / 7.3平米 / 西北 / 落地窗 ; 卫生间B / 4.77平米 / 东南 / 落地窗 ; 阳台A / 6.15平米 / 西南 西北 东北 / 普通窗 ; 阳台B / 2.91平米 / 东北 东南 / 普通窗 ; 过道 / 5.5平米 / 无 / 无窗,
上堤复式 一楼带花园  拎包入住 通风采光好 价格便宜,"观澜湖 , 观澜",4室2厅,97.71平米,东南,精装,低楼层(共13层),,板楼,560 万,57313 元,7,,,VR看装修 | 房本满五年 | 随时看房,https://sz.lianjia.com/ershoufang/105118139693.html,VR看装修 | 房本满五年 | 随时看房,观澜湖上堤小区，一楼复式。上下2层，使用空间很大。通风采,,,,,,2016-12-13,2024-09-01,商品房,普通住宅,满五年,非共有,无抵押,挂牌时间:2024-09-01 | 交易权属:商品房 | 上次交易:2016-12-13 | 房屋用途:普通住宅 | 房屋年限:满五年 | 产权所属:非共有 | 抵押信息:无抵押 | 房本备件:已上传房本照片,客厅 / 61.45平米 / 无 / 未知窗户类型 ; 卧室 / 19.05平米 / 无 / 未知窗户类型 ; 卫生间 / 3.99平米 / 无 / 普通窗 ; 阳台 / 7.79平米 / 无 / 普通窗 ; 过道 / 8.83平米 / 无 / 落地窗,
万科九龙山改善4房，中间楼层，位置安静,"万科九龙山 , 观澜",4室1厅,124.38平米,东南,精装,低楼层(共33层),2016年,板楼,500 万,40200 元,1,,,VR看装修,https://sz.lianjia.com/ershoufang/105120631747.html,VR看装修,中间楼层，位置安静，万科物业管理好,,北靠九龙山，休闲娱乐处去处，旁边华为工厂，以及九龙山数字片区,免费梅关快速，龙澜快速，观光大道，以及楼下公交站台，无论是开车还是公共交通出行都很方便,,,暂无数据,2025-05-05,商品房,普通住宅,暂无数据,非共有,有抵押 300万元 欠经营贷300万，可自己赎楼 业主自还,挂牌时间:2025-05-05 | 交易权属:商品房 | 上次交易:暂无数据 | 房屋用途:普通住宅 | 房屋年限:暂无数据 | 产权所属:非共有 | 抵押信息:有抵押 300万元 欠经营贷300万，可自己赎楼 业主自还 | 房本备件:未上传房本照片,,
正朝南，户型方正，厅出阳台，采光好,"招商观园 , 观澜",3室2厅,88.35平米,北 南,,高楼层(共8层),2012年,塔楼,385 万,43577 元,0,,28天以前发布,VR房源,https://sz.lianjia.com/ershoufang/105122079720.html,VR房源,房子朝南，厨房朝北出阳台，户型方正，客厅出阳台，通风采光好,招商观园地块位于深圳市宝安区观澜街道环观南路北侧，与观澜高新技术园区隔路相望，邻进梅观高速、机荷高速，占地147595.156平方米，招商观园2期将近期推出全新升级力作中.央园林湖景单位，主力产品为140-180㎡大户型和少量89平,,公交线路：公交（观澜高新园站）M567、M264、313、E4路等，出小区约50米 有轨电车站台（电车接驳地铁4号线清湖地铁口），高速公路：机荷高速公路、梅观高速公路，交通方便,,,暂无数据,2025-09-10,商品房,普通住宅,暂无数据,非共有,无抵押,挂牌时间:2025-09-10 | 交易权属:商品房 | 上次交易:暂无数据 | 房屋用途:普通住宅 | 房屋年限:暂无数据 | 产权所属:非共有 | 抵押信息:无抵押 | 房本备件:未上传房本照片,客厅 / 28.63平米 / 南 / 普通窗 ; 卧室A / 9.88平米 / 无 / 未知窗户类型 ; 卧室B / 7.69平米 / 北 / 落地窗 ; 卧室C / 21.9平米 / 无 / 未知窗户类型 ; 厨房 / 5.91平米 / 西 北 / 普通窗 ; 卫生间 / 3.89平米 / 无 / 普通窗 ; 阳台A / 2.35平米 / 北 / 普通窗 ; 阳台B / 5.56平米 / 西 南 / 普通窗,
精装大三房 格局通透 业主诚意出售,"中森公园华府 , 观澜",3室2厅,88.62平米,南,,中楼层(共30层),2019年,板塔结合,397 万,44799 元,0,,,VR房源,https://sz.lianjia.com/ershoufang/105118453251.html,VR房源,精装大三房 格局通透 业主诚意出售,环境优美，双公园，精心布置叠溪谷、栖风林、半月湾等六大主题公园，居住舒适度高。,,,,,暂无数据,2024-09-30,商品房,普通住宅,暂无数据,非共有,有抵押,挂牌时间:2024-09-30 | 交易权属:商品房 | 上次交易:暂无数据 | 房屋用途:普通住宅 | 房屋年限:暂无数据 | 产权所属:非共有 | 抵押信息:有抵押 | 房本备件:未上传房本照片,客厅 / 24.69平米 / 东南 / 普通窗 ; 卧室A / 6.41平米 / 无 / 未知窗户类型 ; 卧室B / 13.16平米 / 无 / 未知窗户类型 ; 卧室C / 8.42平米 / 东南 / 落地窗 ; 厨房 / 6.09平米 / 东北 / 落地窗 ; 卫生间A / 3.44平米 / 无 / 无窗 ; 卫生间B / 3.57平米 / 东北 / 普通窗 ; 阳台 / 4.73平米 / 东北 东南 / 普通窗 ; 过道 / 3.08平米 / 无 / 无窗,
此房满五唯一，可红本在手，税费少，中间楼层采光好,"招商澜园 , 观澜",3室2厅,89.23平米,东南,,中楼层(共23层),2010年,板塔结合,435 万,48751 元,9,,,近地铁 | VR看装修 | 房本满五年,https://sz.lianjia.com/ershoufang/105110491551.html,地铁 | VR看装修 | 房本满五年,此房单证互型 满五唯一，可红本在手，税费少，中间楼层采光好,招商澜园位于深圳市宝安区观澜街道大和路与环观南路交汇处，地处政府规划发展的观澜新中间区，并成为深圳新的城市象征。低密度的大型高尚社区，小区拥有1500㎡会所、约6000㎡花园、泳池、自带幼儿园：小蜜蜂幼儿园 后面湿地公园,公建配套：观澜街道办 休闲区域：新世纪广场、观澜文化广场， 商场：设施天虹商场、比邻新天地，观澜河湿地公园距离小区近在咫尺。龙华区政府距离小区2公里，属于新区政府辐射范围内。项目：现聚集多家大品牌开发商在此拿地。如：万科 卓 越,小区门口就有公交站，途径的公交线众多，有轨电车在小区门口文澜站，直接到达清湖地铁口，竹村地铁口 800米，观澜大桥直接可以上机荷高速，多条公交线路到达罗湖，福田,,,2015-06-19,2022-05-10,商品房,普通住宅,满五年,非共有,有抵押 60万元 业主自还,挂牌时间:2022-05-10 | 交易权属:商品房 | 上次交易:2015-06-19 | 房屋用途:普通住宅 | 房屋年限:满五年 | 产权所属:非共有 | 抵押信息:有抵押 60万元 业主自还 | 房本备件:已上传房本照片,客厅 / 33.59平米 / 无 / 未知窗户类型 ; 卧室A / 7.31平米 / 无 / 未知窗户类型 ; 卧室B / 13.25平米 / 无 / 未知窗户类型 ; 卧室C / 11.2平米 / 无 / 未知窗户类型 ; 厨房 / 4.55平米 / 无 / 无窗 ; 卫生间 / 2.1平米 / 北 / 普通窗 ; 阳台 / 6.04平米 / 南 / 普通窗,
"金地鹭湖1号安静位置3房出售,南北朝向,户型方正","金地鹭湖1号 , 观澜",3室2厅,88.94平米,南,精装,16层,2015年,塔楼,458 万,51496 元,0,,,VR房源,https://sz.lianjia.com/ershoufang/105117255781.html,VR房源,此房户型方正，住家装修品质好，位置安静,鹭湖1号总共分两期，共11栋。位于龙华区观澜街道梅观高速与环观南路交汇处;鹭湖国际住区项目主打户型产品：建面89㎡三房。还有少量137平和190平复式。 项目占地面积约91197.68平方米，总建筑面积约164150平方米. 小区环境优美，依山傍水，空气质量好.,,多维立体城市干道:环观南路直通平湖，梅观高速直达福田，北通东莞，沈海高速连接深圳前海以及东部坪山以及惠州，潮汕。 龙华有轨电车无缝接驳地铁4号线清湖站。,,,暂无数据,2024-06-11,商品房,普通住宅,暂无数据,非共有,有抵押 366万元 银行,挂牌时间:2024-06-11 | 交易权属:商品房 | 上次交易:暂无数据 | 房屋用途:普通住宅 | 房屋年限:暂无数据 | 产权所属:非共有 | 抵押信息:有抵押 366万元 银行 | 房本备件:未上传房本照片,客厅 / 26.78平米 / 南 / 普通窗 ; 卧室A / 9.76平米 / 南 / 普通窗 ; 卧室B / 9.42平米 / 东 / 落地窗 ; 卧室C / 14.5平米 / 无 / 未知窗户类型 ; 厨房 / 4.86平米 / 南 / 普通窗 ; 卫生间 / 3.28平米 / 西 / 普通窗 ; 阳台 / 3.56平米 / 东 南 / 普通窗,
绿道旁边，户型方正，产权清晰，业主诚意出售,"金地鹭湖1号 , 观澜",3室2厅,88.4平米,东南,精装,高楼层(共16层),2015年,塔楼,475 万,53734 元,0,,,VR房源 | 房本满五年,https://sz.lianjia.com/ershoufang/105116687904.html,VR房源 | 房本满五年,绿道旁边，户型方正，产权清晰，业主诚意出售,鹭湖一号小区位于龙华区观澜街道梅观高速与环观南路交汇处;位置比较安静，旁边楼盘有金地天悦湾，和黄懿花园以及仁山智水，旁边有横坑水库绿道，是散步休闲好去处,,多维立体城市干道:环观南路直通平湖，梅观高速直达福田，北通东莞，沈海高速连接深圳前海以及东部坪山以及惠州，潮汕。 龙华有轨电车无缝接驳地铁4号线清湖站,,,2014-12-17,2024-04-15,商品房,普通住宅,满五年,共有,有抵押,挂牌时间:2024-04-15 | 交易权属:商品房 | 上次交易:2014-12-17 | 房屋用途:普通住宅 | 房屋年限:满五年 | 产权所属:共有 | 抵押信息:有抵押 | 房本备件:已上传房本照片,客厅 / 26.08平米 / 南 / 普通窗 ; 卧室A / 7.94平米 / 无 / 未知窗户类型 ; 卧室B / 13.28平米 / 无 / 未知窗户类型 ; 卧室C / 7.51平米 / 南 / 普通窗 ; 厨房 / 3.34平米 / 东 / 普通窗 ; 卫生间A / 4.27平米 / 北 / 普通窗 ; 卫生间B / 2.87平米 / 东 / 普通窗 ; 阳台 / 3.57平米 / 南 / 普通窗 ; 阳台B / 2.18平米 / 南 / 普通窗 ; 过道 / 3.48平米 / 无 / 无窗,
本人深耕观湖园10年 24小时看房方便发自内心喜欢,"观湖园 , 观澜",4室2厅,248平米,南,毛坯,1层,2012年,板楼,1600 万,64517 元,3,,,VR房源 | 随时看房,https://sz.lianjia.com/ershoufang/105112344514.html,VR房源 | 随时看房,满10年红本在手一线湖景看房24小时方便 花园280平 南北通可垂钓,小区是别墅小区，主要是叠拼，双拼，独栋，叠下带花园，叠上带天台，双拼有花园，有天台，独栋，就是独门独院临湖单证双拼，东南朝向，一线湖景，位于园区别墅中间位置，安静。客厅前后花园，侧面阶梯花园，带车库，地下室。实际使用面积约480平，花园20.,,,,,暂无数据,2022-12-28,商品房,别墅,暂无数据,非共有,无抵押,挂牌时间:2022-12-28 | 交易权属:商品房 | 上次交易:暂无数据 | 房屋用途:别墅 | 房屋年限:暂无数据 | 产权所属:非共有 | 抵押信息:无抵押 | 房本备件:未上传房本照片,客厅 / 69.99平米 / 西北 东北 / 落地窗 ; 卧室A / 14.9平米 / 西北 / 普通窗 ; 卧室B / 10.88平米 / 东南 / 普通窗 ; 卧室C / 15.57平米 / 东南 / 普通窗 ; 卧室D / 27.03平米 / 西北 / 普通窗 ; 卧室E / 16.7平米 / 东北 东南 / 落地窗 ; 厨房 / 9.8平米 / 东南 / 普通窗 ; 卫生间A / 3.15平米 / 无 / 无窗 ; 卫生间B / 4.57平米 / 无 / 无窗 ; 卫生间C / 6.74平米 / 东南 / 普通窗 ; 卫生间D / 10.67平米 / 东南 / 普通窗 ; 卫生间E / 4.62平米 / 西南 / 普通窗 ; 阳台A / 5.87平米 / 西北 东北 / 普通窗 ; 阳台B / 7.74平米 / 西北 东北 / 普通窗 ; 阳台C / 8平米 / 西南 东北 东南 / 普通窗 ; 阳台D / 8.52平米 / 西南 西北 东北 / 普通窗 ; 阳台E / 9.49平米 / 东北 东南 / 普通窗 ; 露台 / 84.08平米 / 西南 西北 东北 东南 / 普通窗 ; 车库 / 15.06平米 / 无 / 无窗 ; 地下室 / 81.44平米 / 西北 东北 / 落地窗 ; 楼梯间 / 7.37平米 / 无 / 无窗 ; 过道A / 9.74平米 / 无 / 无窗 ; 过道B / 6.87平米 / 无 / 无窗 ; 衣帽间 / 12.92平米 / 无 / 无窗,
精装自住保养好，山清水秀，绿树围绕,"金地鹭湖1号 , 观澜",3室2厅,88.95平米,东南,,低楼层(共16层),2015年,塔楼,409 万,45981 元,0,,,VR房源,https://sz.lianjia.com/ershoufang/105115013005.html,VR房源,房子装修和保养很好，看房方便，环境优美,鹭湖1号总共分两期，共11栋。位于龙华区观澜街道梅观高速与环观南路交汇处;鹭湖国际住区项目主打户型产品：建面89㎡三房。还有少量137平和180平复式。 项目占地面积约91197.68平方米，总建筑面积约164150平方米. 小区环境优美，依山傍水，空气质量好,小区旁边有山有水，有绿道公园，环境优雅，安静舒适，依山傍水，花园里面人车分流，小区物业负责暖心，随叫随到，自带健身器材、小孩玩乐区，滑滑梯，恒温游泳池，不出小区就让老人小孩有健身游玩之处，适合家有老人和小孩的家庭，真正做到入则宁静,小区大门口有公交车M517，共享单车，旁边到有轨电车，无缝接驳地铁4号线清湖站。,,,暂无数据,2023-10-10,商品房,普通住宅,暂无数据,非共有,有抵押,挂牌时间:2023-10-10 | 交易权属:商品房 | 上次交易:暂无数据 | 房屋用途:普通住宅 | 房屋年限:暂无数据 | 产权所属:非共有 | 抵押信息:有抵押 | 房本备件:未上传房本照片,客厅 / 23.13平米 / 西南 / 普通窗 ; 卧室A / 12.03平米 / 无 / 未知窗户类型 ; 卧室B / 10.15平米 / 东南 / 落地窗 ; 卧室C / 11.77平米 / 无 / 未知窗户类型 ; 厨房 / 7.25平米 / 东南 / 普通窗 ; 卫A / 2.57平米 / 东南 / 普通窗 ; 卫生间B / 2.87平米 / 东南 / 普通窗 ; 阳台 / 4.4平米 / 西南 / 普通窗 ; 过道 / 3.37平米 / 无 / 无窗,
观澜万科大4房 户型方正 采光好 自住保养好 看房方便,"万科九龙山 , 观澜",4室2厅,124平米,南,精装,中楼层(共33层),2016年,板楼,480 万,38710 元,0,,,VR房源,https://sz.lianjia.com/ershoufang/105116439966.html,VR房源,此房满五唯一，精装四房两厅两卫，中间楼层，朝南，万科大社区。,小区绿景多，楼间距宽敞，停车位充足，住户素质高，邻里关系融洽，有幼儿园，小区物业管理严格，生活安心，小区门口就有公交站，方便出行。,小区楼下就有人人乐和钱大妈；配套有观澜天虹，兴万达广场、比邻新天地、观澜老街、龙华环城绿道、茜坑水库、大水坑水库、狮径公园、龙华中芯医院。,,,,暂无数据,2024-03-22,商品房,普通住宅,暂无数据,共有,有抵押 260万元 业主自还,挂牌时间:2024-03-22 | 交易权属:商品房 | 上次交易:暂无数据 | 房屋用途:普通住宅 | 房屋年限:暂无数据 | 产权所属:共有 | 抵押信息:有抵押 260万元 业主自还 | 房本备件:未上传房本照片,客厅 / 37.8平米 / 南 / 普通窗 ; 卧室A / 15.48平米 / 西 南 / 落地窗 ; 卧室B / 8.97平米 / 无 / 未知窗户类型 ; 卧室C / 9.81平米 / 无 / 未知窗户类型 ; 卧室D / 10.44平米 / 无 / 未知窗户类型 ; 厨房 / 6.02平米 / 南 / 普通窗 ; 卫生间A / 4.1平米 / 北 / 普通窗 ; 卫生间B / 3.25平米 / 北 / 普通窗 ; 阳台 / 8.43平米 / 南 / 普通窗,
临湖大双拼(单证)，挑客客厅共5层，带私家码头可垂钓,"观湖园 , 观澜",5室3厅,280.25平米,东南,,1层,2012年,板楼,1700 万,60661 元,0,,,VR房源 | 随时看房,https://sz.lianjia.com/ershoufang/105105672010.html,VR房源 | 随时看房,中空挑高客厅，满五不唯一，一线临湖，无遮档景观，前后大花园,观湖园项目位于龙华新区观澜镇，邻近梅观高速公路，在梅观高速观澜出口旁。小区占地面积：37.***平方米，东南亚园林景观设计。双拼跟独栋管理费是6.5平米，叠拼的管理费是4.9平米，小区安保严密，24小时巡逻监控。,距离观澜湖新城约5公里，观澜湖新城是大型的Shoig Mll，一系列品牌都有进驻新城，购物娱乐都相当方便。距离观澜人民医院及伟光医院约6公里。小区到库坑小.學约1公里。,观湖园别墅小区邻近梅观高速公路，距离梅观高速观澜出口约1.5公里，去南山约33公里，罗湖约30公里，福田约28公里，交通如此便利的接轨市内生活圈。到观澜汽车站和观澜湖新城约五公里，观澜湖新城是大型的Shoig Mll，交通出行娱乐购物也是相当方便,,,暂无数据,2020-10-31,商品房,别墅,暂无数据,非共有,有抵押,挂牌时间:2020-10-31 | 交易权属:商品房 | 上次交易:暂无数据 | 房屋用途:别墅 | 房屋年限:暂无数据 | 产权所属:非共有 | 抵押信息:有抵押 | 房本备件:未上传房本照片,客厅 / 68.24平米 / 无 / 落地窗 ; 多功能间 / 75.58平米 / 无 / 普通窗 ; 卧室A / 15.45平米 / 西 / 普通窗 ; 卧室B / 11.43平米 / 西 / 普通窗 ; 卧室C / 13.63平米 / 东 / 普通窗 ; 卧室D / 26.69平米 / 东 / 普通窗 ; 卧室E / 15.15平米 / 无 / 落地窗 ; 厨房 / 9.35平米 / 无 / 普通窗 ; 卫生间A / 3.06平米 / 无 / 无窗 ; 卫生间B / 4.32平米 / 无 / 无窗 ; 卫生间C / 6.06平米 / 西 / 普通窗 ; 卫生间D / 10.31平米 / 西 / 普通窗 ; 卫生间E / 3.75平米 / 无 / 普通窗 ; 阳台A / 5.21平米 / 无 / 普通窗 ; 阳台B / 5.63平米 / 西 北 南 / 普通窗 ; 阳台C / 7.35平米 / 东 南 / 普通窗 ; 阳台D / 9.9平米 / 西 南 / 普通窗 ; 阳台E / 7.29平米 / 东 南 / 普通窗 ; 露台 / 27.74平米 / 无 / 普通窗 ; 花园 / 95.59平米 / 无 / 普通窗 ; 储物间A / 7.09平米 / 无 / 无窗 ; 储物间B / 20.5平米 / 西 / 落地飘窗 ; 车库 / 12.51平米 / 无 / 无窗 ; 过道A / 10.37平米 / 无 / 无窗 ; 过道B / 6.78平米 / 无 / 无窗 ; 过道C / 6.02平米 / 无 / 无窗 ; 衣帽间 / 13.03平米 / 无 / 无窗,
美佳华首誉 业主诚心出售 户型方正 高楼层视野开阔,"美佳华首誉 , 观澜",3室2厅,90平米,南 北,,高楼层(共32层),2013年,板塔结合,318 万,35334 元,5,,,近地铁 | VR房源,https://sz.lianjia.com/ershoufang/105115648241.html,地铁 | VR房源,6米层高复式公寓 70年产权 民水民电 通燃气,小区位于龙华新区政府南侧，观澜大道与环观南路交汇处，北望百花山，东临观澜河及沿河景观，南面市政公园，片区居.住与商.业氛围较为浓厚，而且梅观高速改造为深圳南北向深南大道后交通更为便捷 美佳华首誉是集住宅、商务公， 寓、生态办公、一体的城市综体,小区为观澜首创的一站式的集中体，包括：购物、餐饮、休闲、娱乐等多种业态。未来有品牌商家进驻，已确定品牌主力店人人乐、KFC、美佳华儿童乐园等品牌，未来会有影院、餐饮、娱乐等基本配套。苏宁电器、面点王、拾味馆、芳都酒楼等,地铁4号线茜坑站出口300米左右，另距离公交车站田背路口300米，目前公交线路有10余路，出行方便,,,暂无数据,2023-12-19,商品房,商务公寓,暂无数据,非共有,无抵押,挂牌时间:2023-12-19 | 交易权属:商品房 | 上次交易:暂无数据 | 房屋用途:商务公寓 | 房屋年限:暂无数据 | 产权所属:非共有 | 抵押信息:无抵押 | 房本备件:未上传房本照片,客厅 / 30.4平米 / 无 / 落地窗 ; 卧室A / 9.17平米 / 无 / 未知窗户类型 ; 卧室B / 5.84平米 / 无 / 无窗 ; 卧室C / 22平米 / 无 / 未知窗户类型 ; 厨房 / 3.72平米 / 无 / 普通窗 ; 卫生间A / 2.65平米 / 无 / 落地窗 ; 卫生间B / 3.22平米 / 北 / 普通窗 ; 阳台 / 8.37平米 / 无 / 落地窗 ; 过道 / 7.53平米 / 无 / 无窗,
享高尔夫景观，大三房朝南，适合居家养老，度假旅游,"观澜湖赛维纳 , 观澜",3室1厅,131.49平米,西北,精装,中楼层(共15层),2002年,板楼,346.5 万,26352 元,5,,,VR房源 | 房本满五年,https://sz.lianjia.com/ershoufang/105115573385.html,VR房源 | 房本满五年,满五年诚心出售，看高尔夫球场景观，安静适合居家养老，度假旅游,,小区南门口有大型的购物商城，商城门口还有港铁四号线的观澜湖站。,多条公交直达，高尔夫大道，观光路，观澜大道，观平路等城市主干道环-绕，梅观高速观澜出口2公里，地铁4号线（观澜湖新城站）已开通，观澜湖免费班车随时出行！,,,2018-07-30,2023-12-10,商品房,普通住宅,满五年,非共有,有抵押 100万元 中国银行 业主自还,挂牌时间:2023-12-10 | 交易权属:商品房 | 上次交易:2018-07-30 | 房屋用途:普通住宅 | 房屋年限:满五年 | 产权所属:非共有 | 抵押信息:有抵押 100万元 中国银行 业主自还 | 房本备件:已上传房本照片,客厅 / 34.93平米 / 西 / 普通窗 ; 卧室A / 14.81平米 / 无 / 未知窗户类型 ; 卧室B / 9.39平米 / 无 / 未知窗户类型 ; 卧室C / 9.09平米 / 无 / 未知窗户类型 ; 厨房 / 11.17平米 / 东 / 普通窗 ; 卫生间A / 4.7平米 / 东 / 普通窗 ; 卫生间B / 4.08平米 / 东 / 普通窗 ; 阳台 / 2.44平米 / 西 / 普通窗 ; 储物间 / 3.06平米 / 无 / 无窗 ; 过道 / 5.17平米 / 无 / 无窗,
4号线茜坑站，大4房诚意出售，小区配套成熟，环境优美,"美佳华首誉 , 观澜",4室2厅,135平米,东南,精装,低楼层(共29层),2013年,板塔结合,680 万,50371 元,1,,,近地铁 | VR房源,https://sz.lianjia.com/ershoufang/105114319589.html,地铁 | VR房源,大4房户型方正，装修很好，配套成熟，小区环境优美,美佳华首誉是集住宅、商务公寓一体的城市综合体。梅观快速、清平高速等，地铁4号线茜坑站200米左右 与深圳首条轻轨线交汇观澜站,"：
小区为观澜首创的一站式的集中体，包括：购物、餐饮、休闲、娱乐等多种业态小区出门合正一二三期 未来有品牌商家进驻，已确定品牌主力店人人乐、KFC、美佳华儿童乐园等品牌，未来会有影院、餐饮、娱乐等基本配套。苏宁电器、面点王、拾味馆、芳都酒..",地铁4号线上盖茜坑站出口200米左右，目前公交线路有10余路，出行方便,,,暂无数据,2023-07-23,商品房,普通住宅,暂无数据,非共有,有抵押 客户偿还,挂牌时间:2023-07-23 | 交易权属:商品房 | 上次交易:暂无数据 | 房屋用途:普通住宅 | 房屋年限:暂无数据 | 产权所属:非共有 | 抵押信息:有抵押 客户偿还 | 房本备件:未上传房本照片,客厅 / 38.17平米 / 北 南 / 落地窗 ; 卧室A / 15.46平米 / 南 / 普通窗 ; 卧室B / 13.06平米 / 无 / 未知窗户类型 ; 卧室C / 9.83平米 / 北 / 落地窗 ; 卧室D / 14.33平米 / 无 / 未知窗户类型 ; 厨房 / 5.32平米 / 北 / 普通窗 ; 洗手间 / 2.16平米 / 无 / 无窗 ; 卫生间A / 3.57平米 / 西 / 普通窗 ; 卫生间B / 3.53平米 / 南 / 普通窗 ; 阳台A / 5.36平米 / 西 东 南 / 普通窗 ; 阳台B / 5.14平米 / 西 东 南 / 普通窗 ; 过道 / 4.41平米 / 无 / 无窗 ; 门厅 / 4.92平米 / 无 / 无窗,
满五唯一，带地下一层 物业放心有保障,"城建仁山智水花园二期 , 观澜",4室2厅,155.59平米,南,,低楼层(共9层),2013年,板塔结合,1250 万,80340 元,0,,,VR房源 | 房本满五年,https://sz.lianjia.com/ershoufang/105114582815.html,VR房源 | 房本满五年,观澜户型天花板，景观漂亮富人配套，物业放心有保障,城建仁山智水花园位于鹭湖国际住枢地段，深圳市宝安区观澜街道环观南路北侧，东临富安路，南望观澜高新技术园，地处政府规划发展的观澜新区，小区由高层，洋房，上下叠加别墅，联排别墅组成， 毛坯交房 ，总共1445户，车位3150,配套完善；离小区七公里有观澜湖新城，观澜湖新城是观澜湖集团花费50亿打造的大型购物娱乐综合商城，距离观澜天虹商场2.5公里，距离鹭湖社康中 心800米。环观南路已开通有轨电车，接驳清湖地铁站,,,,2014-11-04,2023-08-21,商品房,普通住宅,满五年,非共有,有抵押,挂牌时间:2023-08-21 | 交易权属:商品房 | 上次交易:2014-11-04 | 房屋用途:普通住宅 | 房屋年限:满五年 | 产权所属:非共有 | 抵押信息:有抵押 | 房本备件:已上传房本照片,客厅 / 58.66平米 / 西南 西北 东南 / 落地窗 ; 卧室A / 14.35平米 / 无 / 无窗 ; 卧室B / 13.55平米 / 东南 / 落地窗 ; 卧室C / 18.82平米 / 西北 / 落地窗 ; 厨房 / 6.67平米 / 无 / 无窗 ; 卫生间A / 3.61平米 / 无 / 无窗 ; 卫生间B / 5.83平米 / 无 / 无窗 ; 储物间A / 6.12平米 / 东南 / 普通窗 ; 储物间B / 5.08平米 / 无 / 无窗 ; 入户花园 / 7.1平米 / 无 / 无窗,
经典3房，阳光南卧，近地铁高楼层，视野安静,"奥宸观壹城 , 观澜",3室1厅,78.96平米,南,,高楼层(共33层),2018年,板塔结合,300 万,37994 元,3,,,近地铁 | VR看装修,https://sz.lianjia.com/ershoufang/105113715849.html,地铁 | VR看装修,此房满五唯一，精装，保养好，业主诚意出售；看房提前约,小区500米就是四号线松元厦地铁口，旁边G94，交通方便，出行便利 （2）楼下有自带商 业，1公里内观澜湖新城，百佳华商场，兴万达，民乐福等大型商场 （3）小区花园绿化高，居住环境高，适宜居家,,观壹城地处观澜观平路振能学，校旁边，门口有公交站，两站可以到达观澜汽车站。600米内有场市场，购物市场等，居住上班带上学都是比较方便,,,暂无数据,2023-05-18,商品房,普通住宅,暂无数据,非共有,有抵押 220万元,挂牌时间:2023-05-18 | 交易权属:商品房 | 上次交易:暂无数据 | 房屋用途:普通住宅 | 房屋年限:暂无数据 | 产权所属:非共有 | 抵押信息:有抵押 220万元 | 房本备件:未上传房本照片,客厅 / 28.2平米 / 西南 / 普通窗 ; 卧室A / 6.39平米 / 无 / 未知窗户类型 ; 卧室B / 7.18平米 / 东南 / 落地窗 ; 卧室C / 11.55平米 / 无 / 未知窗户类型 ; 厨房 / 4.37平米 / 无 / 未知窗户类型 ; 卫生间 / 2.73平米 / 无 / 未知窗户类型 ; 阳台 / 5.76平米 / 西南 / 普通窗,
招商观园 正规三房 高楼层 业主急卖 看房方便,"招商观园 , 观澜",3室2厅,88.67平米,南,精装,高楼层(共18层),2012年,塔楼,359 万,40488 元,1,,,VR看装修 | 房本满五年,https://sz.lianjia.com/ershoufang/105117213624.html,VR看装修 | 房本满五年,满五年唯一  有少量欠款 自住装修的 看方便,,"小区门口有有轨电车高新科技园西站，或高新科技园站,小区自带幼儿园,侧面是鹭湖,以及在建的3馆一体。小区门口是捷顺写字楼和宝能科技,三一重工",招商观园在环观南路(即观天大道)以北，梅观高速以东；邻梅观高速（已于2014年4月1日取消高速收费）、机荷高速，较近的公交站是观澜高新科技园、宝安高新技术园站，经过的路线有E4、772等。有轨电车高新科技园西站，高新园站，出行方便,,,2020-06-17,2024-06-06,商品房,普通住宅,满五年,非共有,有抵押 340万元,挂牌时间:2024-06-06 | 交易权属:商品房 | 上次交易:2020-06-17 | 房屋用途:普通住宅 | 房屋年限:满五年 | 产权所属:非共有 | 抵押信息:有抵押 340万元 | 房本备件:已上传房本照片,客厅 / 30.93平米 / 西南 / 落地窗 ; 卧室A / 14.7平米 / 无 / 未知窗户类型 ; 卧室B / 10.83平米 / 无 / 未知窗户类型 ; 卧室C / 6.73平米 / 西北 / 落地窗 ; 厨房 / 5.73平米 / 西南 / 落地窗 ; 卫生间 / 4.72平米 / 无 / 未知窗户类型 ; 阳台A / 2.05平米 / 西南 / 落地窗 ; 阳台B / 5.38平米 / 西南 / 落地窗,
满五急卖可谈，朝南保养如新，红本在手,"华盛峰荟名庭 , 观澜",4室2厅,89.46平米,南,精装,低楼层(共32层),2016年,板塔结合,356 万,39795 元,7,,,近地铁 | VR看装修,https://sz.lianjia.com/ershoufang/105113128241.html,地铁 | VR看装修,此房满5，税费低朝南。通风采光良好 使用率高,小区分两期开发，一期由公寓和住宅，二期三栋住宅。小区一期楼下是商 业，三楼是空中花园，三楼以上是住宅，一共有二栋一栋是公寓二栋是住宅，二期的小户型是2018年下半年才精装交房，次新房，居住舒适，二期自带泳池和园林,商场：楼下就是购物广场，以及天虹、人人乐，比邻新天地医院：观澜人民医院 深圳市龙华新区慢性病防治.观澜医院竹村社区健康服务邮局：中国邮政 中国邮政 观澜邮政局银行：中国建设银行，深圳市农村商.业银行。中国农业银行等，以及格兰云天酒店,公交;，福民影剧院;M337路M464路， 1经泗黎路与观光路，3个红绿灯到达梅观高速，梅观高速快速到达福田区； 2．通过观澜大道转机荷高速，可快速到达龙岗，宝安机场等等，出行方便。4号地铁离小区仅500米，换乘到深圳各区,,,暂无数据,2023-03-24,商品房,普通住宅,暂无数据,非共有,无抵押,挂牌时间:2023-03-24 | 交易权属:商品房 | 上次交易:暂无数据 | 房屋用途:普通住宅 | 房屋年限:暂无数据 | 产权所属:非共有 | 抵押信息:无抵押 | 房本备件:未上传房本照片,,
招商观园联排，大阳台花园别墅，满五税费低,"招商观园 , 观澜",5室2厅,291.13平米,西南,毛坯,4层,2012年,塔楼,1800 万,61829 元,12,,,VR房源 | 房本满五年,https://sz.lianjia.com/ershoufang/105105154771.html,VR房源 | 房本满五年,此房是招商观园一本证别墅 使用拓展面积大 带大花园,招商观园项目A909-0097地块位于深圳市宝安区观澜街道环观南路北侧，与观澜高新技术园区隔路相望，近梅观高速、机荷高速，占地147595.156平方米,公共交通：较近的公交站是观澜高新科技园、宝安高新技术园站，经过的路线有E4、772等。,,,,2016-08-30,2020-08-24,商品房,普通住宅,满五年,非共有,有抵押 800万元 建行  客户偿还,挂牌时间:2020-08-24 | 交易权属:商品房 | 上次交易:2016-08-30 | 房屋用途:普通住宅 | 房屋年限:满五年 | 产权所属:非共有 | 抵押信息:有抵押 800万元 建行  客户偿还 | 房本备件:已上传房本照片,客厅 / 84.04平米 / 北 南 / 普通窗 ; 卧室A / 13.95平米 / 无 / 普通窗 ; 卧室B / 13.82平米 / 北 / 落地窗 ; 卧室C / 12.66平米 / 无 / 落地窗 ; 卧室D / 12.47平米 / 无 / 普通窗 ; 卧室E / 9.71平米 / 无 / 普通窗 ; 卧室F / 19.02平米 / 无 / 普通窗 ; 厨房 / 36.75平米 / 北 / 普通窗 ; 卫生间A / 3.72平米 / 东 / 普通窗 ; 卫生间B / 4.78平米 / 无 / 普通窗 ; 卫生间C / 5.44平米 / 无 / 普通窗 ; 卫生间D / 6.74平米 / 无 / 普通窗 ; 阳台A / 30.18平米 / 西 东 南 / 普通窗 ; 阳台B / 48.37平米 / 无 / 普通窗 ; 阳台C / 6.05平米 / 无 / 普通窗 ; 阳台D / 24.47平米 / 无 / 普通窗 ; 阳台E / 12.37平米 / 无 / 普通窗 ; 花园 / 87.05平米 / 无 / 普通窗 ; 储物间A / 3.33平米 / 无 / 普通窗 ; 储物间B / 11.26平米 / 无 / 无窗 ; 入户花园 / 43.47平米 / 西 北 东 / 普通窗 ; 地下室 / 126.81平米 / 无 / 无窗 ; 电梯A / 2.97平米 / 无 / 无窗 ; 过道A / 24.26平米 / 无 / 落地窗 ; 电梯B / 3.56平米 / 无 / 无窗 ; 过道B / 16.78平米 / 无 / 落地窗 ; 电梯C / 3.34平米 / 无 / 无窗 ; 电梯D / 3.37平米 / 无 / 无窗 ; 衣帽间 / 4.42平米 / 无 / 无窗,
临湖大双拼(单证)，中空客厅精装修，带私家码头大花园,"观湖园 , 观澜",6室2厅,305.35平米,南,精装,1层,2009年,板楼,1820 万,59604 元,55,,,VR房源,https://sz.lianjia.com/ershoufang/105104422875.html,VR房源,中空挑高客厅，满五不唯一，一线临湖，无遮档景观，前后大花园,观湖园项目位于龙华新区观澜镇，邻近梅观高速公路，在梅观高速观澜出口旁。小区占地面积：37.6 萬平方米，东南亚园林景观设计。双拼跟独栋管理费是6.5平米，叠拼的管理费是4.9平米，小区安保严密，24小时巡逻监控。,距离观澜湖新城约5公里，观澜湖新城是大型的Shoig Mll，一系列品牌都有进驻新城，购物娱乐都相当方便。距离观澜人民医院及伟光医院约6公里。小区到库坑小.學约1公里。,观湖园别墅小区邻近梅观高速公路，距离梅观高速观澜出口约1.5公里，去南山约33公里，罗湖约30公里，福田约28公里，交通如此便利的接轨市内生活圈。到观澜汽车站和观澜湖新城约五公里，观澜湖新城是大型的Shoig Mll，交通出行娱乐购物也是相当方便,,,暂无数据,2020-05-23,商品房,普通住宅,暂无数据,非共有,有抵押 中国工商银行股份有限公司深圳沙头角支行,挂牌时间:2020-05-23 | 交易权属:商品房 | 上次交易:暂无数据 | 房屋用途:普通住宅 | 房屋年限:暂无数据 | 产权所属:非共有 | 抵押信息:有抵押 中国工商银行股份有限公司深圳沙头角支行 | 房本备件:未上传房本照片,客厅 / 86.39平米 / 西 北 / 普通窗 ; 多功能间 / 37.92平米 / 无 / 普通窗 ; 卧室A / 27.03平米 / 无 / 落地窗 ; 卧室B / 14.55平米 / 无 / 普通窗 ; 卧室C / 15.92平米 / 无 / 普通窗 ; 卧室D / 27.29平米 / 无 / 普通窗 ; 厨房 / 11.24平米 / 南 / 普通窗 ; 卫生间A / 3.58平米 / 无 / 无窗 ; 卫生间B / 5.14平米 / 无 / 普通窗 ; 卫生间C / 4平米 / 无 / 无窗 ; 卫生间D / 4.85平米 / 无 / 普通窗 ; 卫生间E / 11.68平米 / 无 / 普通窗 ; 阳台A / 16.65平米 / 西 北 东 / 普通窗 ; 阳台B / 5.6平米 / 无 / 普通窗 ; 阳台C / 5.56平米 / 无 / 普通窗 ; 阳台D / 6.58平米 / 无 / 普通窗 ; 阳台E / 8.85平米 / 无 / 普通窗 ; 阳台F / 13.72平米 / 无 / 普通窗 ; 露台 / 59.43平米 / 无 / 普通窗 ; 储物间A / 10.97平米 / 无 / 无窗 ; 储物间B / 16.33平米 / 无 / 无窗 ; 储物间C / 8.45平米 / 无 / 无窗 ; 地下室 / 100.51平米 / 无 / 普通窗 ; 楼梯间 / 7.53平米 / 无 / 普通窗 ; 过道A / 34.45平米 / 无 / 普通窗 ; 过道B / 12.24平米 / 无 / 无窗 ; 衣帽间 / 7.15平米 / 无 / 无窗,
懿花园联排中间位别墅诚心出售，家门口自带两个车位,"懿花园 , 观澜",4室1厅,181.43平米,南,毛坯,1层,2012年,板楼,1080 万,59528 元,7,,,VR房源 | 随时看房,https://sz.lianjia.com/ershoufang/105115733114.html,VR房源 | 随时看房,此房位置安静，户型格局方正，视野开阔！,和黄懿花园也叫盈峰翠邸，由和记黄埔地产(深圳)有限公司开发，位于横坑水库。项目规划为地上建筑4-10层，地下2层，共59栋建筑(其中57栋住宅，2所幼儿园，及公建以地下室形式布置于地块南端)。 机动车位：600个；高层地库车位385个，多层地库车位200个,,公交线路：公交（宝安高新科技园、观澜高新科技园）794、627、663、668、866，517.264.921路等 高速公路：机荷高速公路、梅观高速公路。有轨电车高新区站距离小区300米。出行便利,,,暂无数据,2023-12-30,商品房,别墅,暂无数据,非共有,有抵押 625万元,挂牌时间:2023-12-30 | 交易权属:商品房 | 上次交易:暂无数据 | 房屋用途:别墅 | 房屋年限:暂无数据 | 产权所属:非共有 | 抵押信息:有抵押 625万元 | 房本备件:未上传房本照片,客厅 / 56.72平米 / 无 / 落地窗 ; 卧室A / 17.54平米 / 无 / 未知窗户类型 ; 卧室B / 21.83平米 / 西南 / 普通窗 ; 卧室C / 53.62平米 / 无 / 落地窗 ; 厨房 / 4.37平米 / 无 / 落地窗 ; 卫生间A / 3.82平米 / 东北 / 普通窗 ; 卫生间B / 3.86平米 / 无 / 普通窗 ; 阳台A / 4.11平米 / 西南 西北 / 普通窗 ; 阳台B / 2.72平米 / 无 / 落地窗 ; 阳台C / 3.98平米 / 无 / 普通窗 ; 储物间 / 22.04平米 / 无 / 落地窗 ; 地下室 / 36.32平米 / 无 / 落地窗 ; 过道 / 16.11平米 / 无 / 无窗,
懿 花 园 三 房 带 大 露  台,"懿花园 , 观澜",3室2厅,84.99平米,东南,精装,高楼层(共10层),2014年,板楼,483 万,56831 元,4,,,VR房源 | 房本满五年,https://sz.lianjia.com/ershoufang/105112685446.html,VR房源 | 房本满五年,满五年，有附带露台可以种花种菜，使用面积大,和黄懿花园项目（盈峰翠邸）位于横坑水库边，总建筑面积153330㎡，住户共1295户。项目规划为地上建筑4-10层，地下2层，共59栋建筑(其中57栋住宅，2所幼儿园,,"项目位于环观南路(即观天大道)以北，梅观高速以东；梅观高速、机荷高速；
公交站点：
观澜高新园-公交车站
招商观园-公交车站
宝德科技-公交车站",,,2012-11-14,2023-02-16,商品房,普通住宅,满五年,非共有,无抵押,挂牌时间:2023-02-16 | 交易权属:商品房 | 上次交易:2012-11-14 | 房屋用途:普通住宅 | 房屋年限:满五年 | 产权所属:非共有 | 抵押信息:无抵押 | 房本备件:已上传房本照片,客厅 / 22.53平米 / 无 / 未知窗户类型 ; 卧室A / 14.96平米 / 无 / 未知窗户类型 ; 卧室B / 5.66平米 / 南 / 普通窗 ; 卧室C / 8.49平米 / 西 北 / 落地窗 ; 厨房 / 5.38平米 / 无 / 无窗 ; 卫生间A / 3.46平米 / 西 / 普通窗 ; 卫生间B / 3.48平米 / 无 / 无窗 ; 阳台 / 5.97平米 / 东 南 / 普通窗 ; 露台 / 60.36平米 / 西 东 南 / 普通窗 ; 储物间 / 4.22平米 / 西 北 / 落地窗 ; 过道A / 5.14平米 / 无 / 无窗 ; 过道B / 3.94平米 / 西 北 / 落地窗,
招商观园 3室2厅 南,"招商观园 , 观澜",3室2厅,88.34平米,南,精装,中楼层(共8层),2012年,塔楼,378 万,42790 元,0,,15天以前发布,VR看装修,https://sz.lianjia.com/ershoufang/105122215350.html,VR看装修,,,,,,,暂无数据,2025-09-22,商品房,普通住宅,暂无数据,非共有,有抵押 300万元 江苏银行 业主自还,挂牌时间:2025-09-22 | 交易权属:商品房 | 上次交易:暂无数据 | 房屋用途:普通住宅 | 房屋年限:暂无数据 | 产权所属:非共有 | 抵押信息:有抵押 300万元 江苏银行 业主自还 | 房本备件:未上传房本照片,,
观澜湖独栋别墅  上下4层  一线临湖别墅,"观澜湖 , 观澜",8室2厅,330.7平米,南 北,精装,1层,2015年,板楼,5020 万,151800 元,3,,,VR房源,https://sz.lianjia.com/ershoufang/105111587233.html,VR房源,独栋别墅，上下4层南北通透，楼层好，采光通风良好,小区低密度，居住环境优美，安静，小区南门口有观澜湖新城，生态体育公园等等，出则繁华，入则安静,50亿观澜湖新城，观澜天虹商场，兴万达商场等，龙华人民医院，塘厦人民医院，小区内有会所/游泳池/健身房/高尔夫业主练习场/穿梭巴士等免费使用,小区南门口有地铁站和公交站，多条公交线经过，小区到宝安机场39公里（百度地图显示），小区到深圳北站20公里（百度地图显示），小区到皇岗口岸30公里，小区到龙华区人民医院11公里,,,暂无数据,2022-09-22,商品房,别墅,暂无数据,非共有,无抵押,挂牌时间:2022-09-22 | 交易权属:商品房 | 上次交易:暂无数据 | 房屋用途:别墅 | 房屋年限:暂无数据 | 产权所属:非共有 | 抵押信息:无抵押 | 房本备件:未上传房本照片,客厅A / 101平米 / 无 / 普通窗 ; 客厅B / 86.42平米 / 东北 西 西南 北 西北 东 南 东南 / 普通窗 ; 多功能间 / 24.71平米 / 无 / 无窗 ; 卧室A / 13.96平米 / 无 / 普通窗 ; 卧室B / 11.6平米 / 无 / 无窗 ; 卧室C / 16.12平米 / 无 / 无窗 ; 卧室D / 9.15平米 / 西南 西北 / 普通窗 ; 卧室E / 17.46平米 / 西南 西北 / 普通窗 ; 卧室F / 24.9平米 / 西南 / 普通窗 ; 卧室G / 34.79平米 / 东北 / 普通窗 ; 厨房A / 7.46平米 / 无 / 普通窗 ; 厨房B / 17.37平米 / 东南 / 普通窗 ; 卫生间A / 4.39平米 / 无 / 无窗 ; 卫生间B / 4.25平米 / 无 / 落地窗 ; 卫生间C / 3.94平米 / 无 / 无窗 ; 卫生间D / 3.29平米 / 无 / 无窗 ; 卫生间E / 4.02平米 / 西北 / 落地窗 ; 卫生间F / 4.8平米 / 西北 / 普通窗 ; 卫生间G / 5.28平米 / 西南 / 普通窗 ; 卫生间H / 21.73平米 / 东 东北 南 东南 / 落地窗 ; 阳台A / 40.31平米 / 西北 东北 东南 / 普通窗 ; 阳台B / 13.25平米 / 西北 东北 东南 / 普通窗 ; 阳台C / 3.85平米 / 西南 / 普通窗 ; 花园 / 78.55平米 / 无 / 普通窗 ; 花园B / 59.16平米 / 西南 西北 东南 / 普通窗 ; 储物间A / 9.53平米 / 无 / 无窗 ; 储物间B / 94.53平米 / 西北 东南 / 普通窗 ; 车库 / 30.24平米 / 无 / 无窗 ; 电梯A / 2.61平米 / 无 / 无窗 ; 过道A / 6.37平米 / 无 / 无窗 ; 电梯B / 2.78平米 / 无 / 无窗 ; 过道B / 16.98平米 / 西 北 西北 / 普通窗 ; 电梯C / 2.59平米 / 无 / 无窗 ; 过道C / 2.89平米 / 无 / 无窗 ; 衣帽间 / 14.63平米 / 东南 / 普通窗,
此房满五年不唯一户型方正精装大四房东南朝向透视野好,"珑门 , 观澜",4室2厅,106.76平米,东南,,高楼层(共31层),2016年,板楼,480 万,44961 元,0,,,VR看装修,https://sz.lianjia.com/ershoufang/105121605258.html,VR看装修,此房满五年不唯一户型方正精装大四房东南朝向透视野好,小区分两期开发，有高层洋房，75-106户型三房四房，还有多套别墅。,,,,,暂无数据,2025-07-29,商品房,普通住宅,暂无数据,非共有,有抵押,挂牌时间:2025-07-29 | 交易权属:商品房 | 上次交易:暂无数据 | 房屋用途:普通住宅 | 房屋年限:暂无数据 | 产权所属:非共有 | 抵押信息:有抵押 | 房本备件:未上传房本照片,,
满两年税费少 户型方正无遮挡 通风采光好,"鹏瑞·颐璟府 , 观澜",3室2厅,90.85平米,南,精装,中楼层(共32层),,塔楼,423 万,46561 元,2,,,VR看装修,https://sz.lianjia.com/ershoufang/105120047560.html,VR看装修,满两年税费少 户型方正无遮挡 通风采光好,鹏瑞颐璟府鹏瑞颐璟府联合 AUBE（欧博）建筑设计及园林景观设计，以三重叠景院落、三重门第礼序、三重会客厅、50余种花木，打造“推窗见景、出门见绿”的生活场景。社区房源量相对大，其选择面也相对广，可满足多层次的置业需求。,综合医院（在建）、图书馆（在建）、群艺馆（在建）、大剧院（在建）等区级配套；横坑滨水公园（在建）、石皮山公园（在建）等城市生态场地；,,,,暂无数据,2025-03-14,商品房,普通住宅,暂无数据,非共有,有抵押 银行,挂牌时间:2025-03-14 | 交易权属:商品房 | 上次交易:暂无数据 | 房屋用途:普通住宅 | 房屋年限:暂无数据 | 产权所属:非共有 | 抵押信息:有抵押 银行 | 房本备件:未上传房本照片,客厅 / 21.61平米 / 东 / 普通窗 ; 卧室A / 8.11平米 / 无 / 未知窗户类型 ; 卧室B / 13.23平米 / 无 / 未知窗户类型 ; 卧室C / 6.53平米 / 东 / 普通窗 ; 厨房 / 4.82平米 / 北 / 普通窗 ; 卫生间A / 3.76平米 / 西 / 落地窗 ; 卫生间B / 3.14平米 / 北 / 普通窗 ; 阳台 / 6.9平米 / 东 / 普通窗 ; 过道 / 3.51平米 / 无 / 无窗,
爱心家园精装两房，业主诚心出售。,"爱心家园 , 观澜",2室2厅,64.39平米,东南,简装,中楼层(共27层),,板塔结合,170 万,26402 元,0,,23天以前发布,VR看装修,https://sz.lianjia.com/ershoufang/105122129672.html,VR看装修,房子采光充足视野好，在建职业院校，地铁22号线；,,在建的地铁22号线，以及职业院校，上接东莞，下启深圳，交通便利。,,,,暂无数据,2025-09-14,商品房,普通住宅,暂无数据,非共有,无抵押,挂牌时间:2025-09-14 | 交易权属:商品房 | 上次交易:暂无数据 | 房屋用途:普通住宅 | 房屋年限:暂无数据 | 产权所属:非共有 | 抵押信息:无抵押 | 房本备件:未上传房本照片,,
万科九山 大别墅 采光好 前后花园方正,"万科九龙山 , 观澜",5室2厅,180.5平米,东南,毛坯,1层,2016年,板塔结合,1680 万,93075 元,0,,27天以前发布,VR房源 | 随时看房,https://sz.lianjia.com/ershoufang/105122082868.html,VR房源 | 随时看房,此房是同户型中，花园比较大的，土建已完成，诚心卖,小区为步入式花园社区，人车分流，方便老人小区散步游玩、舒适安心，自带底商生活便利，配套多个公园，具有生活气息。小区门口有公交站台，出行便利。,,,,,暂无数据,2025-09-10,商品房,普通住宅,暂无数据,非共有,有抵押,挂牌时间:2025-09-10 | 交易权属:商品房 | 上次交易:暂无数据 | 房屋用途:普通住宅 | 房屋年限:暂无数据 | 产权所属:非共有 | 抵押信息:有抵押 | 房本备件:未上传房本照片,卧室 / 61.37平米 / 东 南 / 普通窗 ; 厨房 / 11.58平米 / 北 东 / 普通窗 ; 花园 / 92.68平米 / 西 东 南 / 普通窗,
招商澜园 1室1厅 南,"招商澜园 , 观澜",1室1厅,52.64平米,南,精装,低楼层(共25层),2010年,板塔结合,220 万,41794 元,1,,,近地铁 | VR看装修,https://sz.lianjia.com/ershoufang/105119797518.html,地铁 | VR看装修,,,,,,,暂无数据,2025-02-23,商品房,普通住宅,暂无数据,非共有,无抵押,挂牌时间:2025-02-23 | 交易权属:商品房 | 上次交易:暂无数据 | 房屋用途:普通住宅 | 房屋年限:暂无数据 | 产权所属:非共有 | 抵押信息:无抵押 | 房本备件:未上传房本照片,卧室 / 28.18平米 / 南 / 普通窗 ; 厨房 / 6.32平米 / 南 / 落地窗 ; 卫生间 / 3.66平米 / 南 / 普通窗 ; 阳台 / 6.49平米 / 南 / 普通窗,
金地鹭湖1号 新上四居室 横厅户型 通风采光好,"金地鹭湖1号 , 观澜",4室2厅,133.84平米,南 北,毛坯,高楼层(共16层),2015年,塔楼,798 万,59624 元,1,,,VR看装修 | 随时看房,https://sz.lianjia.com/ershoufang/105121139695.html,VR看装修 | 随时看房,此房满五年唯一，税少，位于中高楼层，通风采光好,金地鹭湖1号位于龙华区观澜街道梅观高速与环观南路交汇处;鹭湖国际住区项目主打户型产品：建面89㎡三房。 项目占地面积约91197.68平方米，总建筑面积约164150平方米,,轨道交通：有轨电车站台，高新园西站（电车接驳地铁4号线清湖地铁口），公交线路：公交（观澜高新园站）M567、M264、313、E4路等，高速公路：机荷高速公路、梅观高速公路，交通方便。,,,暂无数据,2025-06-19,商品房,普通住宅,暂无数据,非共有,有抵押,挂牌时间:2025-06-19 | 交易权属:商品房 | 上次交易:暂无数据 | 房屋用途:普通住宅 | 房屋年限:暂无数据 | 产权所属:非共有 | 抵押信息:有抵押 | 房本备件:未上传房本照片,,
精装大三房 格局通透楼层好，光线充足，住家装修不错,"中森公园华府 , 观澜",3室2厅,88.81平米,东南,精装,中楼层(共30层),2020年,板塔结合,366 万,41212 元,1,,,VR房源,https://sz.lianjia.com/ershoufang/105117209006.html,VR房源,次新小区环境好，带公园，楼层好，光线充足，住家装修不错,开发商为深圳中森，是以房地产为产业的企业，主要以珠三角地区和成渝地区为发展区域。 在深圳有几个住宅地产项目，为人熟知的应该是科技园片区华润城邻居的英伦名苑1-3期，以及龙岗的中森双子座。,项目位于龙华区观澜板块，观湖街道的东南方位。所在区域是深圳中轴北的产业，南接坂田天安云谷、龙华宝能科技城，东连平湖金融与现代服务业基地，西临观澜高新产业园， 北为观澜传统制造业聚集地带。项目西侧约1.6公里处为鹭湖科技文化片区，,,,,2019-10-22,2024-06-06,商品房,普通住宅,未满两年,非共有,有抵押 银行,挂牌时间:2024-06-06 | 交易权属:商品房 | 上次交易:2019-10-22 | 房屋用途:普通住宅 | 房屋年限:未满两年 | 产权所属:非共有 | 抵押信息:有抵押 银行 | 房本备件:已上传房本照片,客厅 / 27.24平米 / 东南 / 普通窗 ; 卧室A / 9.67平米 / 无 / 未知窗户类型 ; 卧室B / 13.29平米 / 无 / 未知窗户类型 ; 卧室C / 7.9平米 / 东北 / 落地窗 ; 厨房 / 6.69平米 / 东南 / 普通窗 ; 卫生间A / 2.41平米 / 西南 / 普通窗 ; 卫生间B / 3.9平米 / 东北 / 普通窗 ; 阳台 / 4.6平米 / 西南 东南 / 普通窗,
有电梯 双卫 满五 中间楼层 小三居 房龄新 居家自住,"珑门二期 , 观澜",3室2厅,82平米,东南,,高楼层(共32层),2018年,板塔结合,338 万,41220 元,0,,,VR看装修,https://sz.lianjia.com/ershoufang/105119133577.html,VR看装修,有电梯 双卫 满五 中间楼层 小三居 房龄新 居家自住,小区绿景多，楼间距宽敞，停车位充足，住户素质高，邻里关系融洽，有幼儿园，小区物业管理严格，生活安心，小区门口就有公交站，方便出行。,,,,,暂无数据,2024-12-07,商品房,普通住宅,暂无数据,非共有,有抵押 按揭贷款,挂牌时间:2024-12-07 | 交易权属:商品房 | 上次交易:暂无数据 | 房屋用途:普通住宅 | 房屋年限:暂无数据 | 产权所属:非共有 | 抵押信息:有抵押 按揭贷款 | 房本备件:未上传房本照片,客厅 / 22.79平米 / 西南 东南 / 落地窗 ; 卧室A / 5.55平米 / 西 / 落地窗 ; 卧室B / 11.74平米 / 无 / 未知窗户类型 ; 卧室C / 8.61平米 / 无 / 未知窗户类型 ; 厨房 / 5.32平米 / 西 / 普通窗 ; 卫A / 2.9平米 / 西北 / 普通窗 ; 卫生间B / 3.49平米 / 南 / 落地窗 ; 阳台 / 2.54平米 / 西南 东北 东南 / 落地窗 ; 过道 / 2.97平米 / 无 / 无窗,
西南朝向  三面采光通风  视野好无遮挡,"爱心家园 , 观澜",2室1厅,64.42平米,西南,简装,低楼层(共27层),,板塔结合,174 万,27011 元,2,,,VR看装修 | 随时看房,https://sz.lianjia.com/ershoufang/105121897354.html,VR看装修 | 随时看房,西南朝向通风，采光通风良好，楼下就是地铁22号线桂花地铁站,,距离观澜湖新城约4公里，观澜湖新城是大型的Shopping Mall，一系列品牌都有进驻新城，购物娱乐都相当方便。距离观澜人民医院及伟光医院约6公里。小区到库坑小.學约1公里,小区邻近梅观高速公路，距离梅观高速观澜出口约1公里，去南山约33公里，罗湖约30公里，福田约28公里，交通如此便利的接轨市内生活圈。到观澜汽车站和观澜湖新城约五公里，观澜湖新城是大型的Shopping Mall，交通出行娱乐购物也是相当方便。,,,暂无数据,2025-08-24,商品房,普通住宅,暂无数据,非共有,无抵押,挂牌时间:2025-08-24 | 交易权属:商品房 | 上次交易:暂无数据 | 房屋用途:普通住宅 | 房屋年限:暂无数据 | 产权所属:非共有 | 抵押信息:无抵押 | 房本备件:未上传房本照片,,
金地鹭湖1号 安静好房 横厅户型 朝南可看湖，居家精装,"金地鹭湖1号 , 观澜",3室1厅,88.66平米,东南,精装,高楼层(共16层),2015年,塔楼,448 万,50531 元,0,,,VR看装修,https://sz.lianjia.com/ershoufang/105121239832.html,VR看装修,次顶楼，南北通户型，南赏别墅、北观湖看山，楼梯楼层户型最佳。,金地鹭湖1号位于龙华区观澜街道梅观高速与环观南路交汇处;鹭湖国际住区项目主打户型产品：建面89㎡三房。 项目占地面积约91197.68平方米，总建筑面积约164150平方米。,,轨道交通：有轨电车站台，高新园西站（电车接驳地铁4号线清湖地铁口），公交线路：公交（观澜高新园站）M567、M264、313、E4路等，高速公路：机荷高速公路、梅观高速公路，交通方便。,,,暂无数据,2025-06-27,商品房,普通住宅,暂无数据,非共有,有抵押,挂牌时间:2025-06-27 | 交易权属:商品房 | 上次交易:暂无数据 | 房屋用途:普通住宅 | 房屋年限:暂无数据 | 产权所属:非共有 | 抵押信息:有抵押 | 房本备件:未上传房本照片,客厅 / 28.63平米 / 南 / 落地窗 ; 卧室A / 12.96平米 / 无 / 未知窗户类型 ; 卧室B / 10.32平米 / 无 / 未知窗户类型 ; 卧室C / 9.62平米 / 无 / 未知窗户类型 ; 厨房 / 4.27平米 / 南 / 普通窗 ; 卫生间A / 3.1平米 / 北 / 普通窗 ; 卫生间B / 2.77平米 / 北 / 普通窗 ; 阳台 / 4.13平米 / 西 东 南 / 落地窗,
茗语华苑 精装两房 随时可看 价格可聊,"正兆 · 茗语华苑 , 观澜",2室2厅,63.86平米,东南,精装,中楼层(共32层),2014年,,147 万,23020 元,6,,,VR看装修 | 房本满五年,https://sz.lianjia.com/ershoufang/105120687215.html,VR看装修 | 房本满五年,此房满五唯一，格局好 楼层位置好 业主诚心出售。,,,,此房子已经满了五年，税费有1%契税。业主诚心出售，喜欢可以议价。,,2011-07-20,2025-05-10,商品房,普通住宅,满五年,非共有,无抵押,挂牌时间:2025-05-10 | 交易权属:商品房 | 上次交易:2011-07-20 | 房屋用途:普通住宅 | 房屋年限:满五年 | 产权所属:非共有 | 抵押信息:无抵押 | 房本备件:已上传房本照片,,
高楼层无遮挡，视野好，业主诚心卖,"福安雅园 , 观澜",2室2厅,68.63平米,南,简装,中楼层(共34层),2015年,,228 万,33222 元,0,,,VR看装修 | 房本满五年 | 随时看房,https://sz.lianjia.com/ershoufang/105121895810.html,VR看装修 | 房本满五年 | 随时看房,高楼层，采光通风好，户型方正，非常nice,小区绿化高，环境优美，楼栋间距大，小高层，适合一家三四口，老人家,小区旁边就有学校，小区楼下就有几排商业，买菜购物非常方便，生活非常便利,,,,2014-12-05,2025-08-24,商品房,普通住宅,满五年,共有,暂无数据,挂牌时间:2025-08-24 | 交易权属:商品房 | 上次交易:2014-12-05 | 房屋用途:普通住宅 | 房屋年限:满五年 | 产权所属:共有 | 抵押信息:暂无数据 | 房本备件:已上传房本照片,,
出门就是公园，次新小区，环境好，全新装修,"中森公园华府 , 观澜",3室2厅,88.81平米,东南,,低楼层(共30层),2020年,板塔结合,410 万,46166 元,0,,22天以前发布,VR房源,https://sz.lianjia.com/ershoufang/105122139053.html,VR房源,出门就是公园，次新小区，环境好，全新装修,开发商为深圳中森，是以房地产为产业的企业，主要以珠三角地区和成渝地区为发展区域。 在深圳有几个住宅地产项目，为人熟知的应该是科技园片区华润城邻居的英伦名苑1-3期，以及龙岗的中森双子座,项目位于龙华区观澜板块，观湖街道的东南方位。所在区域是深圳中轴北的产业，南接坂田天安云谷、龙华宝能科技城，东连平湖金融与现代服务业基地，西临观澜高新产业园， 北为观澜传统制造业聚集地带,,,,暂无数据,2025-09-15,商品房,普通住宅,暂无数据,非共有,无抵押,挂牌时间:2025-09-15 | 交易权属:商品房 | 上次交易:暂无数据 | 房屋用途:普通住宅 | 房屋年限:暂无数据 | 产权所属:非共有 | 抵押信息:无抵押 | 房本备件:未上传房本照片,客厅 / 24.65平米 / 南 / 普通窗 ; 卧室A / 10.51平米 / 无 / 未知窗户类型 ; 卧室B / 11.56平米 / 无 / 未知窗户类型 ; 卧室C / 8.98平米 / 南 / 落地窗 ; 厨房 / 6.13平米 / 东 / 落地窗 ; 卫生间 / 3.71平米 / 东 / 普通窗 ; 阳台 / 4.33平米 / 东 南 / 普通窗 ; 过道 / 4.17平米 / 无 / 无窗,
珑门名苑 精装大四房 满五年 唯一 业主诚心卖,"珑门 , 观澜",4室2厅,106.6平米,东南,精装,低楼层(共33层),2016年,板楼,461 万,43246 元,0,,,VR看装修,https://sz.lianjia.com/ershoufang/105119150843.html,VR看装修,此房满五年唯一户型方正精装大四房东南朝向透视野好,小区分两期开发，有高层洋房，75-106户型三房四房，还有多套别墅。,,,,,暂无数据,2024-12-09,商品房,普通住宅,暂无数据,共有,有抵押 110,挂牌时间:2024-12-09 | 交易权属:商品房 | 上次交易:暂无数据 | 房屋用途:普通住宅 | 房屋年限:暂无数据 | 产权所属:共有 | 抵押信息:有抵押 110 | 房本备件:未上传房本照片,客厅 / 35.09平米 / 北 / 落地窗 ; 卧室A / 11.97平米 / 无 / 未知窗户类型 ; 卧室B / 9.94平米 / 无 / 未知窗户类型 ; 卧室C / 8.28平米 / 南 / 落地窗 ; 卧室D / 6.31平米 / 北 / 落地窗 ; 厨房 / 5.92平米 / 南 / 普通窗 ; 卫生间A / 5.83平米 / 西 南 / 落地窗 ; 卫生间B / 2.71平米 / 南 / 普通窗 ; 阳台A / 3.93平米 / 西 北 东 / 普通窗 ; 阳台B / 2.17平米 / 南 / 普通窗 ; 衣帽间 / 3.89平米 / 无 / 无窗,
满五唯一住宅，中间楼层，前后看花园，精装修,"金泽花园 , 观澜",2室2厅,66.2平米,西南 东北,精装,中楼层(共7层),2002年,板楼,199 万,30061 元,3,,,近地铁 | VR房源,https://sz.lianjia.com/ershoufang/105117123971.html,地铁 | VR房源,满五唯一，花园社区，实用率高，视野开阔精装,小区是2003年的房子，有6栋多层住宅组成，小区环境好，紧靠观澜人民公园，绿化高,旁边实观澜人民公园，九龙山体育公园，观澜人民医院，地铁4号线长湖站。,,,,暂无数据,2024-05-28,商品房,普通住宅,暂无数据,非共有,有抵押 90万元,挂牌时间:2024-05-28 | 交易权属:商品房 | 上次交易:暂无数据 | 房屋用途:普通住宅 | 房屋年限:暂无数据 | 产权所属:非共有 | 抵押信息:有抵押 90万元 | 房本备件:未上传房本照片,客厅 / 25.4平米 / 无 / 未知窗户类型 ; 卧室A / 10.33平米 / 东北 / 普通窗 ; 卧室B / 9.35平米 / 无 / 未知窗户类型 ; 厨房 / 4.25平米 / 西北 / 普通窗 ; 卫生间 / 2.95平米 / 无 / 无窗 ; 阳台 / 3.5平米 / 北 西北 东北 / 普通窗,
华盛峰荟 5.1米层高复式 视野开拓 看小区安静不吵,"华盛峰荟名庭 , 观澜",4室2厅,59.02平米,东南,,低楼层(共27层),2016年,板塔结合,213 万,36090 元,15,,,近地铁 | VR房源 | 房本满五年,https://sz.lianjia.com/ershoufang/105115053965.html,地铁 | VR房源 | 房本满五年,70年产权民水民电，看房方便。。,深圳市华盛智地房地产开发有限公司。物业公司：深圳市华盛物业管理有限公司，小区24小时安保巡逻。小区内部配套：儿童游乐场，健身活动区，小区园林，游泳池。,商场：小区内异国风情街，餐饮街，综合购物市大润发。医院：观澜人民医院，深圳伟光医院，广东医学院附属观澜医院邮局：观澜街道-富民邮政代办所银行：鼎业银行（观澜支行），深圳农村商.业银行（滨河支行）其他：观澜人民公园，九龙山，观澜河,3个红绿灯到达梅观高速，梅观高速快速到达福田，南山 罗湖各区,,,2015-12-26,2023-10-14,商品房,商务公寓,满五年,非共有,无抵押,挂牌时间:2023-10-14 | 交易权属:商品房 | 上次交易:2015-12-26 | 房屋用途:商务公寓 | 房屋年限:满五年 | 产权所属:非共有 | 抵押信息:无抵押 | 房本备件:已上传房本照片,客厅 / 22.2平米 / 北 / 落地窗 ; 卧室A / 7.16平米 / 北 / 落地窗 ; 卧室B / 6.89平米 / 北 / 落地窗 ; 卧室C / 9.94平米 / 北 / 落地窗 ; 卧室D / 6.37平米 / 无 / 落地窗 ; 厨房 / 4.53平米 / 北 / 落地窗 ; 卫生间A / 3.91平米 / 无 / 无窗 ; 卫生间B / 2.66平米 / 无 / 无窗 ; 阳台A / 1.2平米 / 北 / 落地窗 ; 阳台B / 6.13平米 / 北 / 落地窗 ; 过道 / 6.42平米 / 无 / 无窗,
高楼层 朝南房源，优质三房，看房方便，业主诚心。,"金地鹭湖1号 , 观澜",3室2厅,88.5平米,南 西南,精装,高楼层(共16层),2018年,塔楼,360 万,40678 元,2,,,VR房源,https://sz.lianjia.com/ershoufang/105116153378.html,VR房源,朝南房源，优质三房，看房方便，业主诚心。,鹭湖1号总共分两期，共11栋。位于龙华区观澜街道梅观高速与环观南路交汇处;鹭湖国际住区项目主打户型产品：建面89㎡三房。还有少量137平和190平复式。 项目占地面积约91197.68平方米，总建筑面积约164150平方米. 小区环境优美，依山傍水，空气质量好.,,公交线路：公交（宝安高新科技园、观澜高新科技园）794、627、663、668、866，517.264.921路等 高速公路：机荷高速公路、梅观高速公路。有轨电车高新区站距离小区300米。出行便利,,,暂无数据,2024-02-27,商品房,普通住宅,暂无数据,非共有,无抵押,挂牌时间:2024-02-27 | 交易权属:商品房 | 上次交易:暂无数据 | 房屋用途:普通住宅 | 房屋年限:暂无数据 | 产权所属:非共有 | 抵押信息:无抵押 | 房本备件:未上传房本照片,客厅 / 25.61平米 / 南 / 普通窗 ; 卧室A / 14平米 / 无 / 未知窗户类型 ; 卧室B / 7.01平米 / 西 / 落地窗 ; 卧室C / 11.72平米 / 无 / 未知窗户类型 ; 厨房 / 4.18平米 / 西 / 普通窗 ; 卫生间 / 4.35平米 / 西 / 普通窗 ; 阳台 / 4.03平米 / 南 / 普通窗 ; 储物间 / 2.08平米 / 无 / 无窗 ; 过道 / 2.95平米 / 无 / 无窗,
户型方正 朝南 采光通风良好 双阳台  看高尔夫球场,"正兆 · 茗语华苑 , 观澜",2室2厅,63.49平米,东南,,低楼层(共32层),2014年,,134 万,21106 元,0,,14天以前发布,VR看装修,https://sz.lianjia.com/ershoufang/105122223621.html,VR看装修,满五唯一 朝南 三面采光 通风良好，看高尔夫球场，厅出阳台,开发商 正兆开发 小区一共7栋楼 1736户人家，容积率3.5，绿化率30%,,龙华大道、梅观高速，50分钟直达福田. 楼下就是M 510、M135公交车直达4号线长湖站.28年开通22号线黎光地铁站，直达福田区,,,暂无数据,2025-09-23,商品房,普通住宅,暂无数据,非共有,无抵押,挂牌时间:2025-09-23 | 交易权属:商品房 | 上次交易:暂无数据 | 房屋用途:普通住宅 | 房屋年限:暂无数据 | 产权所属:非共有 | 抵押信息:无抵押 | 房本备件:未上传房本照片,,
3栋安静位置 自住装修 拎包入住 已满五年,"金地鹭湖1号 , 观澜",3室2厅,89.12平米,西北,精装,中楼层(共16层),2015年,塔楼,445 万,49933 元,0,,,VR看装修,https://sz.lianjia.com/ershoufang/105119847449.html,VR看装修,住家装修，在3栋，安静位置，拎包入住，随时可看。,金地鹭湖1号，位于龙华区观澜街道梅观高速与环观南路交汇处。 鹭湖国际住区项目，主打户型产品：建面89平3房2卫。还有少量137平4房2卫，及190平复式。 项目占地面积约91197.68平方米，总建筑面积约164150平方米。,,轨道交通：有轨电车站台，高新园西站（电车接驳地铁4号线清湖地铁口），公交线路：公交（观澜高新园站）M567、M264、313、E4路等，高速公路：机荷高速公路、梅观高速公路，交通方便。,,,暂无数据,2025-02-26,商品房,普通住宅,暂无数据,非共有,有抵押 99万元 建设,挂牌时间:2025-02-26 | 交易权属:商品房 | 上次交易:暂无数据 | 房屋用途:普通住宅 | 房屋年限:暂无数据 | 产权所属:非共有 | 抵押信息:有抵押 99万元 建设 | 房本备件:未上传房本照片,客厅 / 26.13平米 / 西北 / 普通窗 ; 卧室A / 9.31平米 / 西北 / 落地窗 ; 卧室B / 14.85平米 / 无 / 未知窗户类型 ; 卧室C / 8.03平米 / 无 / 未知窗户类型 ; 厨房 / 3.95平米 / 东北 / 普通窗 ; 卫A / 2.76平米 / 东北 / 普通窗 ; 卫生间B / 4.14平米 / 东南 / 普通窗 ; 阳台 / 3.5平米 / 西南 西北 / 普通窗 ; 过道 / 3.21平米 / 无 / 无窗,
方正格局，楼层好，视野开阔，采光充足,"招商观园 , 观澜",4室2厅,87.76平米,东南,精装,中楼层(共18层),2012年,塔楼,374 万,42617 元,0,,,VR看装修 | 房本满五年 | 随时看房,https://sz.lianjia.com/ershoufang/105121618149.html,VR看装修 | 房本满五年 | 随时看房,方正格局，楼层好，视野开阔，采光充足,招商观园位于龙华区观澜街道环观南路北侧(观澜高新科技园站旁），是由深圳招商房地产有限公司规划、开发的小区，规划面积147595平方米，建筑面积222221平方米，小区由别墅 多层 小高层组成，容 积率1.5，居住舒适,龙华医院（4600米百度地图测距龙华综合医院在建中3100米百度地图测距新科技园社区健康服务购物商场楼下佳又惠百货医院天虹（2400米百度地图测距,,,,2012-03-04,2025-07-30,商品房,普通住宅,满五年,非共有,无抵押,挂牌时间:2025-07-30 | 交易权属:商品房 | 上次交易:2012-03-04 | 房屋用途:普通住宅 | 房屋年限:满五年 | 产权所属:非共有 | 抵押信息:无抵押 | 房本备件:已上传房本照片,,
高实用联排别墅 毛坯状态 业主诚心在售,"万科九龙山 , 观澜",4室1厅,180.41平米,南,毛坯,1层,2016年,板塔结合,1680 万,93122 元,0,,,VR房源 | 随时看房,https://sz.lianjia.com/ershoufang/105119150748.html,VR房源 | 随时看房,此房是同户型中，花园比较大的，土建已完成，诚心卖,小区为步入式花园社区，人车分流，方便老人小区散步游玩、舒适安心，自带底商生活便利，配套多个公园，具有生活气息。小区门口有公交站台，出行便利。,,,,,暂无数据,2024-12-09,商品房,普通住宅,暂无数据,非共有,有抵押,挂牌时间:2024-12-09 | 交易权属:商品房 | 上次交易:暂无数据 | 房屋用途:普通住宅 | 房屋年限:暂无数据 | 产权所属:非共有 | 抵押信息:有抵押 | 房本备件:未上传房本照片,客厅 / 60.68平米 / 西 南 / 落地窗 ; 卧室A / 24.88平米 / 西 南 / 落地窗 ; 卧室B / 30.74平米 / 西 北 / 落地窗 ; 卧室C / 17.21平米 / 南 / 普通窗 ; 卧室D / 30.68平米 / 西 北 / 落地窗 ; 厨房 / 11.67平米 / 无 / 无窗 ; 阳台A / 8.98平米 / 西 南 / 普通窗 ; 阳台B / 35.31平米 / 西 北 南 / 普通窗 ; 阳台C / 26.51平米 / 西 北 / 普通窗 ; 地下室 / 109.2平米 / 无 / 无窗 ; 天井 / 5.72平米 / 无 / 无窗 ; 过道A / 18.02平米 / 西 / 落地窗 ; 过道B / 18.34平米 / 西 / 落地窗,
高楼层，视野好，新小区，价格靓,"御景华府 , 观澜",3室2厅,83.9平米,北 东,,低楼层(共32层),2023年,板塔结合,320 万,38141 元,0,,,VR看装修,https://sz.lianjia.com/ershoufang/105121800175.html,VR看装修,高楼层，视野好，新小区，价格靓,,,项目处于观澜高新园、鹭湖城片区，项目邻地铁18号线（规划中）/22号线（规划中），近五和大道、环观南路、沈海高速、梅观高速等交通快速干道，多维立体交通畅达。,,,暂无数据,2025-08-15,商品房,普通住宅,暂无数据,非共有,有抵押 银行,挂牌时间:2025-08-15 | 交易权属:商品房 | 上次交易:暂无数据 | 房屋用途:普通住宅 | 房屋年限:暂无数据 | 产权所属:非共有 | 抵押信息:有抵押 银行 | 房本备件:未上传房本照片,,
鹭湖壹号安静位置三房两卫诚心出售,"金地鹭湖1号 , 观澜",3室2厅,89平米,南,,中楼层(共16层),2016年,塔楼,389 万,43708 元,1,,,VR看装修 | 随时看房,https://sz.lianjia.com/ershoufang/105121582040.html,VR看装修 | 随时看房,此房满五年，户型方正，安静位置全新毛坯。,鹭湖1号总共分两期，共11栋。位于龙华区观澜街道梅观高速与环观南路交汇处;鹭湖国际住区项目主打户型产品:建面89㎡三房。还有少量137平和190平复式。项目占地面积约91197.68平方米，总建筑面积约164150平方米.小区环境优美，依山傍水，空气质量好.,,,,,暂无数据,2025-07-27,商品房,普通住宅,暂无数据,非共有,有抵押,挂牌时间:2025-07-27 | 交易权属:商品房 | 上次交易:暂无数据 | 房屋用途:普通住宅 | 房屋年限:暂无数据 | 产权所属:非共有 | 抵押信息:有抵押 | 房本备件:未上传房本照片,,
看高尔夫球场 双阳台户型方正 采光通风良好  三面采光,"正兆 · 茗语华苑 , 观澜",2室2厅,63.94平米,东南,精装,高楼层(共32层),2014年,塔楼,136 万,21270 元,2,,25天以前发布,VR看装修,https://sz.lianjia.com/ershoufang/105122116989.html,VR看装修,满五唯一 朝南  三面采光 通风良好，看高尔夫球场，厅出阳台,开发商 正兆开发  小区一共7栋楼  1736户人家，容积率3.5，绿化率30%,,龙华大道、梅观高速，50分钟直达福田. 楼下就是M 510、M135公交车直达4号线长湖站.28年开通22号线黎光地铁站，直达福田区,,,暂无数据,2025-09-13,商品房,普通住宅,暂无数据,共有,有抵押 60万左右是抵押贷款 业主自还,挂牌时间:2025-09-13 | 交易权属:商品房 | 上次交易:暂无数据 | 房屋用途:普通住宅 | 房屋年限:暂无数据 | 产权所属:共有 | 抵押信息:有抵押 60万左右是抵押贷款 业主自还 | 房本备件:未上传房本照片,,
招商澜园已合证大户型安静位置朝向好,"招商澜园 , 观澜",5室2厅,151.48平米,东,精装,低楼层(共17层),2010年,板塔结合,640 万,42250 元,4,,,近地铁 | VR看装修 | 随时看房,https://sz.lianjia.com/ershoufang/105119610213.html,地铁 | VR看装修 | 随时看房,房子在小区中间，已合证，业主诚意卖，价格好谈,小区由招商地产开发，国家一级物业资质的招商物业管理，小区部分为南北两区，由十三栋高层组成，低密度，是个纯居住的大社区，自带6000平的大花园，人车分流，很适合有老人和小孩的客户，小区自带幼儿园，有固定车位,龙华区政府， 休闲区域：世纪广场， 商场：设施天虹商场、观澜河湿地公园距离小区近在咫尺。龙华区政府距离小区2公里，属于区政府范围内。交通：地铁竹村站800米,小区门口就有公交站，途径的公交线众多，有轨电车在小区门口文澜站，直接到达清湖地铁口，竹村地铁口 800米，观澜大桥直接可以上机荷高速，多条公交线路到达罗湖，福田,,,2025-01-25,2025-02-08,商品房,普通住宅,未满两年,非共有,无抵押,挂牌时间:2025-02-08 | 交易权属:商品房 | 上次交易:2025-01-25 | 房屋用途:普通住宅 | 房屋年限:未满两年 | 产权所属:非共有 | 抵押信息:无抵押 | 房本备件:已上传房本照片,客厅 / 35.68平米 / 西 东 / 普通窗 ; 卧室A / 10.83平米 / 西 / 落地窗 ; 卧室B / 10.07平米 / 无 / 未知窗户类型 ; 卧室C / 9.78平米 / 无 / 未知窗户类型 ; 卧室D / 17.6平米 / 无 / 未知窗户类型 ; 卧室E / 12.92平米 / 东 / 普通窗 ; 厨房 / 6.05平米 / 西 / 普通窗 ; 卫生间A / 5.29平米 / 西 / 普通窗 ; 卫生间B / 5.07平米 / 西 / 落地窗 ; 阳台A / 5.96平米 / 西 北 南 / 普通窗 ; 阳台B / 12.95平米 / 东 南 / 普通窗 ; 储物间 / 4.3平米 / 东 / 普通窗 ; 过道 / 4.07平米 / 无 / 无窗 ; 门厅 / 5.79平米 / 东 / 落地窗,
中森公园华府 业主精装修 拎包入住 大四房通风采光好,"中森公园华府 , 观澜",4室2厅,121.82平米,南,,高楼层(共30层),2020年,板塔结合,463 万,38007 元,0,,,VR看装修,https://sz.lianjia.com/ershoufang/105119518574.html,VR看装修,此房满五唯一税费少，次新房，小区环境好，带公园，楼层好,开发商为深圳中森，是以房地产为产业的企业，主要以珠三角地区和成渝地区为发展区域。 在深圳有几个住宅地产项目，为人熟知的应该是科技园片区华润城邻居的英伦名苑1-3期，以及龙岗的中森双子座。,项目位于龙华区观澜板块，观湖街道的东南方位。所在区域是深圳中轴北的产业，南接坂田天安云谷、龙华宝能科技城，东连平湖金融与现代服务业基地，西临观澜高新产业园， 北为观澜传统制造业聚集地带。项目西侧约1.6公里处为鹭湖科技文化片区，,距有轨电车1公里，接驳地铁：中森白鸽湖老村，位于环观南路，项目距离龙华有轨电车2号线的终点站下围站约1公里步行距离（百度地图测量，仅供参考），通过有轨电车接入深圳地铁轨道交通网络，目前已在地铁4号线清湖站接通，待2020年底4号线北延段开通后..,,,暂无数据,2025-01-18,商品房,普通住宅,暂无数据,非共有,有抵押,挂牌时间:2025-01-18 | 交易权属:商品房 | 上次交易:暂无数据 | 房屋用途:普通住宅 | 房屋年限:暂无数据 | 产权所属:非共有 | 抵押信息:有抵押 | 房本备件:未上传房本照片,客厅 / 36平米 / 西南 西北 东北 东南 / 落地窗 ; 书房 / 6.67平米 / 东南 / 落地窗 ; 卧室A / 10.69平米 / 无 / 未知窗户类型 ; 卧室B / 12.29平米 / 无 / 未知窗户类型 ; 卧室C / 19.41平米 / 无 / 未知窗户类型 ; 厨房 / 8.18平米 / 东南 / 普通窗 ; 卫生间A / 4.29平米 / 无 / 未知窗户类型 ; 卫生间B / 3.89平米 / 东南 / 落地窗 ; 过道 / 7.55平米 / 无 / 无窗,
陶润懿峰 方正四房 业主自住装修保养好,"陶润懿峰 , 观澜",4室2厅,89.12平米,南,,中楼层(共32层),2016年,板楼,360 万,40395 元,2,,,近地铁 | VR房源,https://sz.lianjia.com/ershoufang/105118615272.html,地铁 | VR房源,高楼层采光通风好，视野开阔无遮挡,2017年2月1日精装交楼，小区很新。观澜河湿地公园就在小区旁边，车库出入口有新建一个公园环境优美，居民都喜欢在河边散步。龙华区政府就在小区北面,观澜天虹 ，福城天虹 医院：观澜人民医院 邮局：中国邮政大和支局 银行：中国银行、工商银行、招商银行、农业银行、建设银行 其他：人民公园、新世纪广场。,小区门口就有公交站，途径的公交线众多，有轨电车在小区门口文澜站，直接到达清湖地铁口，观澜大桥直接可以上机荷高速，多条公交线路到达罗湖，福田,,,暂无数据,2024-10-17,商品房,普通住宅,暂无数据,非共有,有抵押,挂牌时间:2024-10-17 | 交易权属:商品房 | 上次交易:暂无数据 | 房屋用途:普通住宅 | 房屋年限:暂无数据 | 产权所属:非共有 | 抵押信息:有抵押 | 房本备件:未上传房本照片,客厅 / 21.03平米 / 西南 / 普通窗 ; 卧室A / 6.57平米 / 西南 / 落地窗 ; 卧室B / 8.21平米 / 无 / 未知窗户类型 ; 卧室C / 11.41平米 / 西南 / 落地窗 ; 卧室D / 4.92平米 / 无 / 未知窗户类型 ; 厨房 / 3.69平米 / 东北 / 普通窗 ; 卫生间 / 6.37平米 / 东北 / 普通窗 ; 阳台 / 2.19平米 / 西南 / 普通窗 ; 过道 / 4.6平米 / 无 / 无窗,
澜园中高楼层，小户型业主诚心卖,"招商澜园 , 观澜",2室1厅,52.12平米,南,,中楼层(共25层),2010年,板塔结合,228 万,43746 元,1,,,VR房源,https://sz.lianjia.com/ershoufang/105116450165.html,VR房源,满五不唯一，中高楼层采光视野都不错，装修保养好，欢迎约看,本小区车位充足，人车分流，花园大配备儿童幼儿园，运动健身设施，阳光草坪等绿意盎然，24小时安保服务，舒适宜居，旁边就是观澜河湿地公园。,,,,,暂无数据,2024-03-23,商品房,普通住宅,暂无数据,非共有,有抵押 客户偿还,挂牌时间:2024-03-23 | 交易权属:商品房 | 上次交易:暂无数据 | 房屋用途:普通住宅 | 房屋年限:暂无数据 | 产权所属:非共有 | 抵押信息:有抵押 客户偿还 | 房本备件:未上传房本照片,客厅 / 11.89平米 / 南 / 普通窗 ; 卧室A / 14.59平米 / 南 / 落地窗 ; 卧室B / 6.4平米 / 无 / 无窗 ; 厨房 / 6.8平米 / 南 / 落地窗 ; 卫生间 / 2.94平米 / 南 / 普通窗,
高楼层，视野开阔，光线好，诚意出售，看房方便。,"招商澜园 , 观澜",4室2厅,135.07平米,南 北,,高楼层(共25层),2010年,板塔结合,550 万,40720 元,0,,,近地铁 | VR看装修,https://sz.lianjia.com/ershoufang/105115104841.html,地铁 | VR看装修,高楼层，视野开阔，光线好，诚意出售，看房方便。,小区由招商局地产开发，国家一级物业资质的招商物业管理，小区部分为南北两区，由十三栋高层组成，低密度，是个纯居住的大社区，自带6000平的大花园，人车分流，很适合有老人和小孩的客户，小区自带幼儿园，有固定车位。,公建配套：观澜街道办 休闲区域：新世纪广场、观澜文化广场， 商场：设施天虹商场、比邻新天地，观澜河湿地公园距离小区近在咫尺。龙华区政府距离小区2公里，属于新区政府辐射范围内。项目：现聚集多家大品牌开发商在此拿地。如：万科 卓 越，阳基,小区门口就有公交站，途径的公交线众多，有轨电车在小区门口文澜站，直接到达清湖地铁口，竹村地铁口 800米，观澜大桥直接可以上机荷高速，多条公交线路到达罗湖，福田,,,暂无数据,2023-10-20,商品房,普通住宅,暂无数据,非共有,无抵押,挂牌时间:2023-10-20 | 交易权属:商品房 | 上次交易:暂无数据 | 房屋用途:普通住宅 | 房屋年限:暂无数据 | 产权所属:非共有 | 抵押信息:无抵押 | 房本备件:未上传房本照片,客厅 / 11.11平米 / 北 / 普通窗 ; 卧室A / 9.41平米 / 无 / 未知窗户类型 ; 卧室B / 9.09平米 / 无 / 未知窗户类型 ; 厨房 / 4.02平米 / 北 / 普通窗 ; 卫生间 / 4.38平米 / 北 / 落地窗 ; 阳台 / 3.34平米 / 北 / 普通窗 ; 过道 / 5.16平米 / 无 / 无窗 ; 门厅 / 6.73平米 / 北 / 落地窗,
招商澜园 方正大五房 高楼层视野开阔 看湿地公园,"招商澜园 , 观澜",1室1厅,63.26平米,东南,,高楼层(共17层),2010年,板塔结合,288 万,45527 元,2,,,近地铁 | VR房源 | 房本满五年,https://sz.lianjia.com/ershoufang/105117805902.html,地铁 | VR房源 | 房本满五年,满五税少 业主自住装修保养好 诚心出售,招商澜园位于深圳市宝安区观澜街道大和路与环观南路交汇处，地处政府规划发展的观澜新中间区，并成为深圳新的城市象征。低密度的大型高尚社区，小区拥有1500㎡会所、约6000㎡花园、泳池、自带幼儿园：小蜜蜂幼儿园 后面湿地公园,公建配套：观澜街道办 休闲区域：新世纪广场、观澜文化广场， 商场：设施天虹商场、比邻新天地，观澜河湿地公园距离小区近在咫尺。龙华区政府距离小区2公里，属于新区政府辐射范围内。项目：现聚集多家大品牌开发商在此拿地。,小区门口就有公交站，途径的公交线众多，有轨电车在小区门口文澜站，直接到达清湖地铁口，竹村地铁口 800米，观澜大桥直接可以上机荷高速，多条公交线路到达罗湖，福田,,,2011-08-15,2024-08-02,商品房,普通住宅,满五年,非共有,有抵押,挂牌时间:2024-08-02 | 交易权属:商品房 | 上次交易:2011-08-15 | 房屋用途:普通住宅 | 房屋年限:满五年 | 产权所属:非共有 | 抵押信息:有抵押 | 房本备件:已上传房本照片,客厅 / 29.97平米 / 东南 / 落地窗 ; 卧室 / 9.67平米 / 东南 / 落地窗 ; 卫生间 / 3.77平米 / 东南 / 普通窗 ; 阳台 / 9.18平米 / 东 东南 / 落地窗 ; 门厅 / 6.36平米 / 东南 / 落地窗,
保养很好，拎包入住，花园安静位置，满五唯一163平,"招商观园 , 观澜",1室1厅,75.62平米,南 北,,中楼层(共18层),2012年,塔楼,340 万,44962 元,0,,,VR看装修 | 房本满五年,https://sz.lianjia.com/ershoufang/105115781068.html,VR看装修 | 房本满五年,保养很好，拎包入住，花园安静位置，满五唯一随时可看,招商观园地块位于深圳市宝安区观澜街道环观南路北侧，与观澜高新技术园区隔路相望，邻进梅观高速、机荷高速，占地147595.156平方米，招商观园2期将近期推出全新升级力作中.央园林湖景单位，主力产品为140-180㎡大户型和少量90平,医疗龙华医院（4600米百度地图测距龙华综合医院在建中3100米百度地图测距新科技园社区健康服务，购物宝利商场楼下佳又惠百货医院天虹（2400米百度地图测距,招商观园在环观南路(即观天大道)以北，梅观高速以东；邻梅观高速（已于2014年4月1日取消高速收费）、机荷高速，较近的公交站是观澜高新科技园、宝安高新技术园站，经过的路线有E4、772等。有轨电车高新科技园西站，高新园站，出行方便,,,2013-07-16,2024-01-05,商品房,普通住宅,满五年,非共有,无抵押,挂牌时间:2024-01-05 | 交易权属:商品房 | 上次交易:2013-07-16 | 房屋用途:普通住宅 | 房屋年限:满五年 | 产权所属:非共有 | 抵押信息:无抵押 | 房本备件:已上传房本照片,卧室 / 22.14平米 / 无 / 未知窗户类型 ; 卫生间 / 7.81平米 / 北 / 落地窗,
刚需好房，中森公园华府89平3房诚意出售，忍痛割爱,"中森公园华府 , 观澜",3室1厅,88.63平米,东南,精装,低楼层(共30层),2020年,板塔结合,350 万,39491 元,7,,,VR看装修,https://sz.lianjia.com/ershoufang/105115792961.html,VR看装修,次新房，户型方正，小区环境好，带公园,开发商为深圳中森，是以房地产为产业的企业，主要以珠三角地区和成渝地区为发展区域。 在深圳有几个住宅地产项目，为人熟知的应该是科技园片区华润城邻居的英伦名苑1-3期，以及龙岗的中森双子座。,项目位于龙华区观澜板块，观湖街道的东南方位。所在区域是深圳中轴北的产业，南接坂田天安云谷、龙华宝能科技城，东连平湖金融与现代服务业基地，西临观澜高新产业园， 北为观澜传统制造业聚集地带。项目西侧约1.6公里处为鹭湖科技文化片区，,距有轨电车1公里，接驳地铁：中森白鸽湖老村，位于环观南路，项目距离龙华有轨电车2号线的终点站下围站约1公里步行距离（百度地图测量，仅供参考），通过有轨电车接入深圳地铁轨道交通网络，目前已在地铁4号线清湖站接通，待2020年底4号线北延段开通后..,,,暂无数据,2024-01-06,商品房,普通住宅,暂无数据,非共有,有抵押,挂牌时间:2024-01-06 | 交易权属:商品房 | 上次交易:暂无数据 | 房屋用途:普通住宅 | 房屋年限:暂无数据 | 产权所属:非共有 | 抵押信息:有抵押 | 房本备件:未上传房本照片,客厅 / 24.72平米 / 西南 / 普通窗 ; 卧室A / 12.77平米 / 无 / 未知窗户类型 ; 卧室B / 8.91平米 / 西南 / 落地窗 ; 卧室C / 6.38平米 / 无 / 未知窗户类型 ; 厨房 / 5.92平米 / 东南 / 普通窗 ; 卫生间A / 3.64平米 / 东南 / 普通窗 ; 卫生间B / 3.38平米 / 无 / 无窗 ; 阳台 / 4.76平米 / 西南 东南 / 普通窗 ; 过道 / 3.14平米 / 无 / 无窗,
高采光通风，花园山景尽收，双电梯顶楼，配套齐全,"万科九龙山 , 观澜",3室2厅,88.87平米,南 北,精装,高楼层(共33层),2016年,板楼,333 万,37471 元,1,,,VR房源,https://sz.lianjia.com/ershoufang/105116556675.html,VR房源,房子满五唯一，看小区，景观好，业主诚心出售,小区一共1367户，外加100套商铺，车位比接近1：1.1，总建筑面积142000，总占地面积60600，小区物业公司为深圳市万科物业服务有限公司。,小区楼下就有人人乐和钱大妈；配套有观澜天虹，兴万达广场、比邻新天地、观澜老街、龙华环城绿道、茜坑水库、大水坑水库、狮径公园、龙华中芯医院。,,,,暂无数据,2024-04-02,商品房,普通住宅,暂无数据,非共有,有抵押 150万元,挂牌时间:2024-04-02 | 交易权属:商品房 | 上次交易:暂无数据 | 房屋用途:普通住宅 | 房屋年限:暂无数据 | 产权所属:非共有 | 抵押信息:有抵押 150万元 | 房本备件:未上传房本照片,客厅 / 25.53平米 / 南 / 普通窗 ; 卧室A / 11.64平米 / 西 南 / 落地窗 ; 卧室B / 7.12平米 / 无 / 未知窗户类型 ; 卧室C / 8.68平米 / 无 / 未知窗户类型 ; 厨房 / 4.23平米 / 西 / 普通窗 ; 卫A / 2.8平米 / 无 / 无窗 ; 卫B / 2.79平米 / 北 / 普通窗 ; 阳台 / 4.11平米 / 南 / 普通窗 ; 过道 / 4.42平米 / 无 / 无窗,
金泽花园小区刚需小三房业主诚意出售,"金泽花园 , 观澜",3室2厅,79.56平米,南,精装,低楼层(共7层),2002年,板楼,268 万,33686 元,3,,,近地铁 | VR看装修,https://sz.lianjia.com/ershoufang/105117561439.html,地铁 | VR看装修,满五不唯一，花园社区，实用率高，视野开阔精装,小区是2003年的房子，有6栋多层住宅组成，小区环境好，紧靠观澜人民公园，绿化高,旁边实观澜人民公园，九龙山体育公园，观澜人民医院，地铁4号线长湖站。,,,,暂无数据,2024-07-10,商品房,普通住宅,暂无数据,非共有,无抵押,挂牌时间:2024-07-10 | 交易权属:商品房 | 上次交易:暂无数据 | 房屋用途:普通住宅 | 房屋年限:暂无数据 | 产权所属:非共有 | 抵押信息:无抵押 | 房本备件:未上传房本照片,客厅 / 28.94平米 / 西南 南 / 落地窗 ; 卧室A / 5.99平米 / 无 / 未知窗户类型 ; 卧室B / 9.03平米 / 南 / 普通窗 ; 卧室C / 9.67平米 / 无 / 未知窗户类型 ; 厨房 / 4.98平米 / 北 / 普通窗 ; 卫生间 / 2.59平米 / 北 / 普通窗 ; 阳台 / 1.57平米 / 南 / 普通窗,
业主诚心出售，89四房两卫，户型方正使用率高,"阳基御龙山 , 观澜",4室2厅,88.98平米,南,精装,31层,2017年,板塔结合,385 万,43269 元,0,,,VR房源,https://sz.lianjia.com/ershoufang/105114792153.html,VR房源,此房89做了四房，户型是很方正的，业主诚心出售,阳基御龙山位于福城办事处福前路南侧，为山水资源同享的高品质纯居项目，共922户，1、2、3、5栋为住宅,配套齐全，有比邻新天地、天虹商圈，观澜湖新城，购物、休闲、娱乐一应俱全；同时项目自带社区，生活便利,小区门口左转就是公交车站，悦兴围村口：b766路;m225路;m285路;m337路;m464路 距离港铁4号线延长线长湖站距离大概800米 日常交通出行方便,,,暂无数据,2023-09-13,商品房,普通住宅,暂无数据,非共有,有抵押 90万元 公积金,挂牌时间:2023-09-13 | 交易权属:商品房 | 上次交易:暂无数据 | 房屋用途:普通住宅 | 房屋年限:暂无数据 | 产权所属:非共有 | 抵押信息:有抵押 90万元 公积金 | 房本备件:未上传房本照片,客厅 / 27.42平米 / 无 / 未知窗户类型 ; 卧室A / 18.62平米 / 西 东 / 落地窗 ; 卧室B / 7.81平米 / 无 / 未知窗户类型 ; 卧室C / 6.11平米 / 无 / 未知窗户类型 ; 厨房 / 4.58平米 / 西 / 普通窗 ; 卫生间A / 3.2平米 / 东 / 落地窗 ; 卫生间B / 4.43平米 / 东 / 落地窗 ; 阳台 / 5.48平米 / 西 北 / 普通窗,
懿花园 方正三房 小区中间安静不吵,"懿花园 , 观澜",3室2厅,89.44平米,北,,中楼层(共10层),2014年,板楼,445 万,49755 元,0,,,VR看装修,https://sz.lianjia.com/ershoufang/105119504128.html,VR看装修,此房满五年税费少，视野开阔无遮挡！,和黄懿花园也叫盈峰翠邸，由和记黄埔地产(深圳)有限公司开发，位于横坑水库。项目规划为地上建筑4-10层，地下2层，共59栋建筑(其中57栋住宅，2所幼儿园，及公建以地下室形式布置于地块南端)。 机动车位：600个；高层地库车位385个，多层地库车位200个,医疗龙华医院（4600米百度地图测距龙华综合医院在建中3100米百度地图测距新科技园社区健康服务购物商场楼下佳又惠百货医院天虹（2400米百度地图测,公交线路：公交（宝安高新科技园、观澜高新科技园）794、627、663、668、866路等，出小区就是有轨电车站台，高速公路：机荷高速公路、梅观高速公路，交通方便。,,,暂无数据,2025-01-16,商品房,普通住宅,暂无数据,非共有,有抵押,挂牌时间:2025-01-16 | 交易权属:商品房 | 上次交易:暂无数据 | 房屋用途:普通住宅 | 房屋年限:暂无数据 | 产权所属:非共有 | 抵押信息:有抵押 | 房本备件:未上传房本照片,客厅 / 22.75平米 / 东北 / 普通窗 ; 卧室A / 6.67平米 / 无 / 未知窗户类型 ; 卧室B / 7.37平米 / 无 / 未知窗户类型 ; 卧室C / 14.96平米 / 无 / 未知窗户类型 ; 厨房 / 5.24平米 / 西北 / 普通窗 ; 卫生间A / 3.55平米 / 无 / 普通窗 ; 卫生间B / 3.37平米 / 西南 / 普通窗 ; 阳台A / 5.61平米 / 西北 东北 / 普通窗 ; 阳台B / 4.88平米 / 西南 / 普通窗 ; 阳台C / 4.76平米 / 西北 / 普通窗 ; 过道 / 3.53平米 / 无 / 无窗,
近华为富士康精装三房，采光通风好,"阳基御龙山 , 观澜",3室1厅,78平米,东南,,31层,2018年,板塔结合,297 万,38077 元,0,,,VR看装修,https://sz.lianjia.com/ershoufang/105121197824.html,VR看装修,满五唯一高层精装三房，价格可谈,小区2018年建成，总建筑面积117475，总占地面积20176.4，共计房屋1082户，小区物业公司为深圳市阳基物业管理有限公司，物业管理费3.8元/平方。小区有地面花园，绿化好，有儿童乐园，康乐设施，文体馆，有12班公立幼儿园，门口还有社区公园,配套齐全，有比邻新天地、天虹商圈，观澜湖新城，购物、休闲、娱乐一应俱全；同时项目自带社区，生活便利。,交通方便，小区门口有公交站，公交可以直达龙华，也可以转乘地铁，离长湖地铁站约1.3公里。,,,暂无数据,2025-06-24,商品房,普通住宅,暂无数据,非共有,有抵押 100万元 金融公司垫资,挂牌时间:2025-06-24 | 交易权属:商品房 | 上次交易:暂无数据 | 房屋用途:普通住宅 | 房屋年限:暂无数据 | 产权所属:非共有 | 抵押信息:有抵押 100万元 金融公司垫资 | 房本备件:未上传房本照片,客厅 / 21.79平米 / 东南 / 普通窗 ; 卧室A / 5.89平米 / 西南 / 普通窗 ; 卧室B / 13.07平米 / 无 / 未知窗户类型 ; 卧室C / 9.25平米 / 无 / 未知窗户类型 ; 厨房 / 4.6平米 / 西南 / 普通窗 ; 卫生间 / 3.92平米 / 西北 / 普通窗 ; 阳台 / 3.71平米 / 西南 东南 / 普通窗 ; 过道 / 2.73平米 / 无 / 无窗,
大院子 大4房 南北通透 位置安静 业主诚意急售,"金地鹭湖1号 , 观澜",4室2厅,132.8平米,南 北,简装,低楼层(共16层),2015年,塔楼,700 万,52711 元,2,,,VR看装修,https://sz.lianjia.com/ershoufang/105119830396.html,VR看装修,此房满2年 产权清晰  税费低 4房 位置安静 带大院子 业主诚售,鹭湖1号总共分两期，共11栋。位于龙华区观澜街道梅观高速与环观南路交汇处;鹭湖国际住区项目主打户型产品：建面89㎡三房，137平4房和190平复式。 项目占地面积约91197.68平方米，总建筑面积约164150平方米. 小区环境优美，依山傍水，空气质量好.,,多维立体城市干道:环观南路直通平湖，梅观高速直达福田，北通东莞，沈海高速连接深圳前海以及东部坪山以及惠州，潮汕。 龙华有轨电车无缝接驳地铁4号线清湖站。,,,2022-10-20,2025-02-25,商品房,普通住宅,暂无数据,非共有,有抵押 400万元 金融公司垫资,挂牌时间:2025-02-25 | 交易权属:商品房 | 上次交易:2022-10-20 | 房屋用途:普通住宅 | 房屋年限:暂无数据 | 产权所属:非共有 | 抵押信息:有抵押 400万元 金融公司垫资 | 房本备件:已上传房本照片,客厅 / 21.86平米 / 南 / 普通窗 ; 书房 / 14.19平米 / 无 / 无窗 ; 卧室A / 9.19平米 / 无 / 未知窗户类型 ; 卧室B / 9.86平米 / 无 / 无窗 ; 卧室C / 16.69平米 / 无 / 未知窗户类型 ; 卧室D / 10.67平米 / 无 / 未知窗户类型 ; 厨房 / 6.41平米 / 南 / 普通窗 ; 卫生间A / 4.87平米 / 北 / 普通窗 ; 卫生间B / 3.86平米 / 北 / 普通窗 ; 阳台 / 3.48平米 / 南 / 普通窗 ; 过道 / 3.41平米 / 无 / 无窗 ; 衣帽间 / 4.01平米 / 无 / 无窗,
高楼层，东南朝向，采光充足，通风效果好，视野开阔,"阳基御龙山 , 观澜",3室2厅,86.06平米,南,,31层,2018年,板塔结合,300 万,34860 元,1,,,VR看装修 | 随时看房,https://sz.lianjia.com/ershoufang/105120963178.html,VR看装修 | 随时看房,高楼层，东南朝向，采光充足，通风效果好，视野开阔,小区2018年建成，总建筑面积117475，总占地面积20176.4，共计房屋1082户，小区物业公司为深圳市阳基物业管理有限公司，物业管理费3.8元/平方。小区有地面花园，绿化好，有儿童乐园，康乐设施，文体馆，有12班公立幼儿园，门口还有社区公园。,,交通方便，小区门口有公交站，公交可以直达龙华，也可以转乘地铁，离长湖地铁站约1.3公里。,,,暂无数据,2025-06-04,商品房,普通住宅,暂无数据,非共有,有抵押 70万元 客户偿还,挂牌时间:2025-06-04 | 交易权属:商品房 | 上次交易:暂无数据 | 房屋用途:普通住宅 | 房屋年限:暂无数据 | 产权所属:非共有 | 抵押信息:有抵押 70万元 客户偿还 | 房本备件:未上传房本照片,,
自住装修两房，近地铁口，交通出行都很便利,"金泽花园 , 观澜",2室1厅,62.57平米,南,,低楼层(共7层),2002年,板楼,199 万,31805 元,3,,,近地铁 | VR看装修,https://sz.lianjia.com/ershoufang/105120163230.html,地铁 | VR看装修,此房满五唯一，房子业主装修来自住的，装修非常好,,小区外面有福民市场，出门买菜很方便，离医院也是1公里左右，就医方便，另外到地铁口也是1公里左右的距离，出行也是相对比较方便的。,,,,暂无数据,2025-03-24,商品房,普通住宅,暂无数据,非共有,无抵押,挂牌时间:2025-03-24 | 交易权属:商品房 | 上次交易:暂无数据 | 房屋用途:普通住宅 | 房屋年限:暂无数据 | 产权所属:非共有 | 抵押信息:无抵押 | 房本备件:未上传房本照片,客厅 / 24.23平米 / 西南 东北 / 普通窗 ; 卧室A / 7.97平米 / 无 / 未知窗户类型 ; 卧室B / 9.78平米 / 西南 / 普通窗 ; 厨房 / 3.63平米 / 东北 / 普通窗 ; 卫生间 / 3.51平米 / 无 / 无窗 ; 阳台 / 2.11平米 / 西北 东北 / 普通窗,
奥宸观壹城89平3房，精装修价格 便 宜,"奥宸观壹城 , 观澜",3室2厅,87.84平米,南,,低楼层(共34层),2015年,板塔结合,310 万,35292 元,0,,,近地铁 | VR看装修,https://sz.lianjia.com/ershoufang/105121220540.html,地铁 | VR看装修,户型方正，朝向楼层好 满五税费少，业主诚心卖,目占地约五万，总建面达到三十万平米，并且规划为具有70-130平米的住宅、40-80平米的公寓、以及四万平米的商场，小区里面配有水系景观，娱乐健身场所，儿童游乐场等,项目对，面有杜鹃幼儿园未来项目规划自带3200平米的12班中英双语幼儿园以及近的SHOPPINGMAL同时项目地理位置较为靠观澜湖新城未来也可共享观澜商，业旗舰,项目位于观平路与人民路交汇处西北侧，地铁4号线松元夏站旁边，交通比较方便，有公车线路，和观澜汽车总站，有各区班车到达清湖地铁站,,,暂无数据,2025-06-25,商品房,普通住宅,暂无数据,非共有,无抵押,挂牌时间:2025-06-25 | 交易权属:商品房 | 上次交易:暂无数据 | 房屋用途:普通住宅 | 房屋年限:暂无数据 | 产权所属:非共有 | 抵押信息:无抵押 | 房本备件:未上传房本照片,客厅 / 30.98平米 / 北 / 普通窗 ; 卧室A / 7.22平米 / 北 / 落地窗 ; 卧室B / 7.74平米 / 无 / 未知窗户类型 ; 卧室C / 15.84平米 / 无 / 未知窗户类型 ; 厨房 / 5.04平米 / 北 / 普通窗 ; 卫生间 / 2.86平米 / 北 / 普通窗 ; 阳台 / 4.42平米 / 北 / 普通窗,
大社区，户型方正实用，视野开阔，近体育公园,"福安雅园 , 观澜",3室2厅,68.36平米,南,精装,中楼层(共34层),2014年,,260 万,38034 元,0,,,VR看装修,https://sz.lianjia.com/ershoufang/105120254256.html,VR看装修,满五唯一，视野宽阔 采光充足 配套设施齐全交通便利,深圳标杆安居房大社区，14栋24个单元，目前在居住人口上万人，绿化专人管理，儿童游乐场，成人建身区 ，篮球场，羽毛球场，100米九龙山体育公园。,,大社区24个单元，东往福田会展中芯公交站40分-，上高速10分-3个红绿灯，西公交站50米往公明，龙华，南向丰盛公交总站接轨4号线长湖地铁站，楼下20米。交通便利。,,,2020-01-01,2025-04-01,商品房,普通住宅,未满两年,非共有,无抵押,挂牌时间:2025-04-01 | 交易权属:商品房 | 上次交易:2020-01-01 | 房屋用途:普通住宅 | 房屋年限:未满两年 | 产权所属:非共有 | 抵押信息:无抵押 | 房本备件:已上传房本照片,客厅 / 21.15平米 / 无 / 无窗 ; 卧室A / 3.95平米 / 无 / 未知窗户类型 ; 卧室B / 11.87平米 / 无 / 未知窗户类型 ; 卧室C / 9.7平米 / 无 / 未知窗户类型 ; 厨房 / 6.09平米 / 东 / 落地窗 ; 卫生间 / 3.87平米 / 无 / 未知窗户类型,
观澜次新小区万科启城精装3房近地铁距离三外50米,"万科启城 , 观澜",3室2厅,79.13平米,东南 东北,精装,低楼层(共48层),2022年,板塔结合,367.8 万,46481 元,2,,,近地铁 | VR看装修,https://sz.lianjia.com/ershoufang/105120009640.html,地铁 | VR看装修,此房东南向，通风光线好，楼层好，视野宽阔,小区人车分流，6栋高层，围合式花园，小区有泳池有儿童乐园，门口有长湖公园和三外，600米长湖地铁站，300米有菜市场，生活方便居家舒适,,,,,暂无数据,2025-03-11,商品房,普通住宅,暂无数据,非共有,有抵押 农业银行,挂牌时间:2025-03-11 | 交易权属:商品房 | 上次交易:暂无数据 | 房屋用途:普通住宅 | 房屋年限:暂无数据 | 产权所属:非共有 | 抵押信息:有抵押 农业银行 | 房本备件:未上传房本照片,客厅 / 19.16平米 / 南 / 普通窗 ; 卧室A / 6.01平米 / 无 / 未知窗户类型 ; 卧室B / 10.42平米 / 无 / 未知窗户类型 ; 卧室C / 5.77平米 / 南 / 普通窗 ; 厨房 / 4.05平米 / 东 / 普通窗 ; 卫生间 / 6.8平米 / 北 / 落地窗 ; 阳台 / 5.98平米 / 南 / 普通窗 ; 过道 / 3.64平米 / 无 / 无窗,
珑门名苑，次新花园社区，人车分流，车位充足,"珑门二期 , 观澜",3室1厅,75.83平米,东,精装,低楼层(共32层),2018年,板塔结合,266 万,35079 元,0,,,VR看装修 | 房本满五年 | 随时看房,https://sz.lianjia.com/ershoufang/105121576517.html,VR看装修 | 房本满五年 | 随时看房,珑门名苑，次新花园社区，人车分流，车位充足，小区环境优美.,小区带花园，绿化高，三层地下停车位，车位充足，家门口公办 ，小区自带公办 ，小区环抱观澜文体公园，门口公交站，两大高速，交通方便,旁边有体育馆，体育公园，民法公园’旁边就是观光路直通梅观高速，接外环高速‘,旁边就是观光路直通梅观高速，接外环高速‘旁边有体育馆，体育公园，民法公园,,,2017-11-12,2025-07-26,商品房,普通住宅,满五年,非共有,无抵押,挂牌时间:2025-07-26 | 交易权属:商品房 | 上次交易:2017-11-12 | 房屋用途:普通住宅 | 房屋年限:满五年 | 产权所属:非共有 | 抵押信息:无抵押 | 房本备件:已上传房本照片,,
观湖园临湖双拼别墅，带私家花园和私家码头,"观湖园 , 观澜",5室3厅,249.03平米,南 北,,1层,2009年,板楼,1930 万,77501 元,2,,,VR房源,https://sz.lianjia.com/ershoufang/105120558443.html,VR房源,观湖园小区为纯别墅 小区环境优美 别墅空间足 带私家花园有26..,此小区为纯别墅小区 分为 叠加 双拼 临湖双拼和独栋等户型 小区内部环境优美 有三条湖泊,地铁是22号线的库坑站 目前在建中 教育方面有碧澜外国语和行知外国语,,,,暂无数据,2025-04-28,商品房,普通住宅,暂无数据,非共有,无抵押,挂牌时间:2025-04-28 | 交易权属:商品房 | 上次交易:暂无数据 | 房屋用途:普通住宅 | 房屋年限:暂无数据 | 产权所属:非共有 | 抵押信息:无抵押 | 房本备件:未上传房本照片,,
观园 大三房 套内面积大，2021年自住精装修，拎包入住,"招商观园 , 观澜",3室2厅,87.76平米,南,精装,低楼层(共18层),2012年,塔楼,398 万,45351 元,0,,,VR房源,https://sz.lianjia.com/ershoufang/105118672561.html,VR房源,方正格局，楼层好，视野开阔，采光充足,招商观园位于龙华区观澜街道环观南路北侧(观澜高新科技园站旁），是由深圳招商房地产有限公司规划、开发的小区，规划面积147595平方米，建筑面积222221平方米，小区由别墅 多层 小高层组成，容 积率1.5，居住舒适,龙华医院（4600米百度地图测距龙华综合医院在建中3100米百度地图测距新科技园社区健康服务购物商场楼下佳又惠百货医院天虹（2400米百度地图测距,,,,暂无数据,2024-10-22,商品房,普通住宅,暂无数据,非共有,有抵押 150万元,挂牌时间:2024-10-22 | 交易权属:商品房 | 上次交易:暂无数据 | 房屋用途:普通住宅 | 房屋年限:暂无数据 | 产权所属:非共有 | 抵押信息:有抵押 150万元 | 房本备件:未上传房本照片,客厅 / 34.37平米 / 西南 西北 / 落地窗 ; 卧室A / 19.32平米 / 无 / 未知窗户类型 ; 卧室B / 14.89平米 / 无 / 无窗 ; 卧室C / 9.74平米 / 北 / 普通窗 ; 卫生间 / 6.21平米 / 东南 / 落地窗 ; 阳台 / 8.91平米 / 西南 东南 / 落地窗,
精装修，近地铁，近有轨电车，近鹭湖公园,"招商观园 , 观澜",2室2厅,76平米,东南,,中楼层(共18层),2012年,塔楼,322 万,42369 元,0,,,VR房源,https://sz.lianjia.com/ershoufang/105117541426.html,VR房源,房子是中间楼层的，采光和通风好，带精装修，满五唯一,招商观园地块位于深圳市宝安区观澜街道环观南路北侧，与观澜高新技术园区隔路相望，邻进梅观高速、机荷高速，占地147595.156平方米，招商观园2期将近期推出全新升级力作中.央园林湖景单位，主力产品为89-140-180㎡大户型,本小区靠着横坑水库，环境优雅安静靠山靠水，小区人车分流，小区物业管理严格，小区自带健身器材、小孩玩乐区，恒温游泳池，不出小区老人小孩有健身游玩之处，适合家有老人和小孩的家庭，真正做到入则宁静，移步繁华,,,,暂无数据,2024-07-08,商品房,普通住宅,暂无数据,非共有,有抵押,挂牌时间:2024-07-08 | 交易权属:商品房 | 上次交易:暂无数据 | 房屋用途:普通住宅 | 房屋年限:暂无数据 | 产权所属:非共有 | 抵押信息:有抵押 | 房本备件:未上传房本照片,客厅 / 15.06平米 / 无 / 无窗 ; 卧室A / 16.42平米 / 南 / 普通窗 ; 卧室B / 11.28平米 / 无 / 未知窗户类型 ; 厨房 / 8.11平米 / 东 / 落地窗 ; 卫生间 / 5.97平米 / 南 / 普通窗 ; 阳台 / 1.81平米 / 南 / 普通窗 ; 过道 / 5.23平米 / 无 / 无窗,
金地鹭湖精品4房，安静中间位置，品质装修,"金地鹭湖1号 , 观澜",4室2厅,135.95平米,东南 南 东,精装,中楼层(共16层),2015年,塔楼,670 万,49283 元,1,,,VR房源,https://sz.lianjia.com/ershoufang/105117473906.html,VR房源,精装4房， 位置安静 正南正北，中高楼层非顶楼 采光充足视野好,鹭湖1号位于龙华区观澜街道梅观高速与环观南路交汇处;鹭湖国际住区项目主打户型产品：建面89㎡三房。 项目占地面积约91197.68平方米，总建筑面积约164150平方米. 小区环境优美，依山傍水，空气好,,小区大门口有公交车M517，旁边到有轨电车，无缝接驳地铁4号线清湖站。,,,暂无数据,2024-07-01,商品房,普通住宅,暂无数据,非共有,有抵押 200万元 银行,挂牌时间:2024-07-01 | 交易权属:商品房 | 上次交易:暂无数据 | 房屋用途:普通住宅 | 房屋年限:暂无数据 | 产权所属:非共有 | 抵押信息:有抵押 200万元 银行 | 房本备件:未上传房本照片,客厅 / 33.73平米 / 西 东 / 普通窗 ; 卧室A / 8.67平米 / 无 / 未知窗户类型 ; 卧室B / 9.38平米 / 西 / 落地窗 ; 卧室C / 17.01平米 / 无 / 未知窗户类型 ; 卧室D / 10.84平米 / 无 / 未知窗户类型 ; 厨房 / 6.18平米 / 东 / 普通窗 ; 卫生间A / 4.8平米 / 西 / 普通窗 ; 卫生间B / 3.99平米 / 西 / 普通窗 ; 阳台A / 5.77平米 / 西 北 南 / 普通窗 ; 阳台B / 3.34平米 / 东 / 普通窗 ; 过道 / 3.59平米 / 无 / 无窗 ; 门厅 / 7.5平米 / 西 / 落地窗 ; 衣帽间 / 4.01平米 / 无 / 无窗,
澜园安静户型，业主诚心出售，南向舒适户型,"招商澜园 , 观澜",1室1厅,67.44平米,南,简装,中楼层(共11层),2010年,板塔结合,319 万,47302 元,0,,,近地铁 | VR看装修 | 随时看房,https://sz.lianjia.com/ershoufang/105118146026.html,地铁 | VR看装修 | 随时看房,此房满五年，业主诚心出售，南向舒适户型,招商澜园位于深圳市宝安区观澜街道大和路与环观南路交汇处，地处政府规划发展的观澜新中间区，并成为深圳新的城市象征。招商澜园是一座220000平米、低密度的大型高尚社区，小区拥有1500㎡会所、约6000㎡花园、泳池、幼儿园等,休闲区域：观澜湿地公园，新世纪广场、人民公园。商.业设施：天虹商场、国惠康商场、格兰郡商.业街。教育设施、医疗设施：观澜人民医院。宾馆酒店：格兰云天大酒店。银行：中国银行、工商银行、招商银行,小区交通方便，地铁4号延长线年底通车 出门就是富士施乐公交站和有轨电车文澜站，有大和路，龙澜快速，机嗬高速和梅观高速，不管是坐公交还是开车去各区都很方便,,,暂无数据,2024-09-01,商品房,普通住宅,暂无数据,非共有,有抵押 业主自还,挂牌时间:2024-09-01 | 交易权属:商品房 | 上次交易:暂无数据 | 房屋用途:普通住宅 | 房屋年限:暂无数据 | 产权所属:非共有 | 抵押信息:有抵押 业主自还 | 房本备件:未上传房本照片,客厅 / 13.89平米 / 西南 / 普通窗 ; 卧室 / 15.43平米 / 西南 / 普通窗 ; 厨房 / 6.38平米 / 西南 / 普通窗 ; 卫生间 / 4.39平米 / 西南 / 普通窗 ; 阳台 / 9.85平米 / 西南 西北 / 普通窗 ; 过道 / 4.47平米 / 无 / 无窗 ; 门厅 / 5.9平米 / 西南 / 落地窗,
高使用率，通透户型，安静精装房，拎包即住,"招商观园 , 观澜",2室2厅,53.25平米,南,精装,中楼层(共18层),2012年,塔楼,200 万,37559 元,1,,,VR看装修 | 房本满五年,https://sz.lianjia.com/ershoufang/105116557382.html,VR看装修 | 房本满五年,高使用率 精装自住 拎包入住 通透户型,招商观园二期共由1、2、3、5、8、9、10、11栋组成，户型面积区间140-180平方米，产品包括市场罕见的板楼复式、洋房产品和少量90平米的园景舒适大两房单，户户安静赏湖、观园，户型设计皆方正实用，户户3个以上阳台.面积阔绰实用,"小区门口有有轨电车高兴科技园西站或高新科技园站,小区自带幼儿园,侧面是鹭湖,以及小区门口是捷顺写字楼和宝能科技,三一重工",招商观园在环观南路(即观天大道)以北，梅观高速以东；邻梅观高速（已于2014年4月1日取消高速收费）、机荷高速，较近的公交站是观澜高新科技园、宝安高新技术园站，经过的路线有E4、772等。有轨电车高新科技园西站，高新园站，出行方便,,,2013-09-16,2024-04-02,商品房,普通住宅,满五年,非共有,有抵押,挂牌时间:2024-04-02 | 交易权属:商品房 | 上次交易:2013-09-16 | 房屋用途:普通住宅 | 房屋年限:满五年 | 产权所属:非共有 | 抵押信息:有抵押 | 房本备件:已上传房本照片,卧室 / 14.09平米 / 南 / 普通窗 ; 卫生间 / 3.54平米 / 北 / 普通窗 ; 阳台 / 3.74平米 / 西 东 南 / 普通窗 ; 衣帽间 / 3.29平米 / 无 / 无窗,
200平仁山智水，南北通透，优质生活，山湖美景,"城建仁山智水花园三期 , 观澜",5室2厅,200平米,南 北,,中楼层(共41层),2017年,板塔结合,1280 万,64000 元,1,,,VR房源,https://sz.lianjia.com/ershoufang/105117351331.html,VR房源,"：
房子满5 ，实用高，采光好，带车位的","：
仁山智水由深圳市城市建设开发公司开发，小区占地近20平，总建筑面积为557584.63㎡，住宅282053.6㎡，商铺5860㎡，幼儿园3500.08㎡，建筑主体包括95栋住宅楼，其中有83栋低多层住宅及8栋高层和4栋高层，住宅共1445户，车位3158个。。。",,公交线路：公交（观澜高新园站）M567、M264、313、E4路等，出小区约100有轨电车站台（电车接驳地铁4号线清湖地铁口），高速公路：机荷高速公路、梅观高速公路，交通方便,,,暂无数据,2024-06-20,商品房,普通住宅,暂无数据,非共有,无抵押,挂牌时间:2024-06-20 | 交易权属:商品房 | 上次交易:暂无数据 | 房屋用途:普通住宅 | 房屋年限:暂无数据 | 产权所属:非共有 | 抵押信息:无抵押 | 房本备件:未上传房本照片,客厅 / 57.62平米 / 北 南 / 落地窗 ; 卧室A / 10.47平米 / 北 / 普通窗 ; 卧室B / 12平米 / 无 / 未知窗户类型 ; 卧室C / 18.58平米 / 无 / 未知窗户类型 ; 卧室D / 20.67平米 / 无 / 未知窗户类型 ; 卧室E / 12.84平米 / 无 / 未知窗户类型 ; 厨房 / 10.34平米 / 南 / 普通窗 ; 卫生间A / 5.5平米 / 无 / 未知窗户类型 ; 卫生间B / 6.61平米 / 无 / 未知窗户类型 ; 卫生间C / 6.45平米 / 南 / 落地窗 ; 阳台A / 6.88平米 / 西 北 东 / 普通窗 ; 阳台B / 3.99平米 / 南 / 普通窗 ; 阳台C / 6.17平米 / 南 / 普通窗 ; 储物间 / 2.4平米 / 无 / 无窗 ; 过道A / 6.96平米 / 无 / 无窗 ; 过道B / 2.21平米 / 无 / 无窗,
东南向 阳光充足 使用率高 满五唯一 无抵押,"福安雅园 , 观澜",3室2厅,89.34平米,东南,精装,低楼层(共34层),2015年,,258 万,28879 元,2,,,VR看装修,https://sz.lianjia.com/ershoufang/105119568261.html,VR看装修,东南向 阳光充足 使用率高 满五唯一 无抵押 中低楼层 低燥音,深圳标杆安居房大社区，14栋AB单元，目前居住人口上万，绿化专人管理，儿童游乐场，老人建身器材，篮球场，羽毛球场。,,大社区14栋分ABC区，东往福田会展公交站半小时，2刻钟上高速3个红绿灯，西公交站50米往公明，龙华，南向丰盛公交总站接轨4号线长湖地铁站，下楼20米。交通便利。,,,暂无数据,2025-02-04,商品房,普通住宅,暂无数据,非共有,有抵押,挂牌时间:2025-02-04 | 交易权属:商品房 | 上次交易:暂无数据 | 房屋用途:普通住宅 | 房屋年限:暂无数据 | 产权所属:非共有 | 抵押信息:有抵押 | 房本备件:未上传房本照片,客厅 / 25.16平米 / 无 / 无窗 ; 卧室A / 9.25平米 / 无 / 未知窗户类型 ; 卧室B / 9.43平米 / 无 / 未知窗户类型 ; 卧室C / 11.62平米 / 无 / 未知窗户类型 ; 厨房 / 3.99平米 / 无 / 无窗 ; 卫生间 / 3.15平米 / 无 / 无窗 ; 阳台A / 2.02平米 / 无 / 无窗 ; 阳台B / 4.3平米 / 无 / 无窗 ; 过道 / 2.18平米 / 无 / 无窗,
装修保养很好。满五年税少！诚心出售。等待有缘人,"懿花园 , 观澜",5室2厅,183平米,西南,精装,1层,2013年,板楼,1240 万,67760 元,0,,,VR房源,https://sz.lianjia.com/ershoufang/105118298632.html,VR房源,现代风格，人见人爱，保养很好。满五年税少！,和黄懿花园也叫盈峰翠邸，由和记黄埔地产(深圳)有限公司开发，位于横坑水库。项目规划为地上建筑4-10层，地下2层，共59栋建筑(其中57栋住宅，2所幼儿园，及公建以地下室形式布置于地块南端)。 机动车位：600个；高层地库车位385个。,,公交线路：公交（宝安高新科技园、观澜高新科技园）794、627、663、668、866，517.264.921路等 高速公路：机荷高速公路、梅观高速公路。有轨电车高新区站距离小区300米。出行便利,,,暂无数据,2024-09-15,商品房,普通住宅,暂无数据,非共有,无抵押,挂牌时间:2024-09-15 | 交易权属:商品房 | 上次交易:暂无数据 | 房屋用途:普通住宅 | 房屋年限:暂无数据 | 产权所属:非共有 | 抵押信息:无抵押 | 房本备件:未上传房本照片,客厅A / 22.08平米 / 无 / 无窗 ; 客厅B / 50.82平米 / 无 / 落地窗 ; 书房 / 16.53平米 / 北 / 普通窗 ; 多功能间 / 19.86平米 / 无 / 普通窗 ; 卧室A / 11.08平米 / 无 / 普通窗 ; 卧室B / 17.07平米 / 无 / 未知窗户类型 ; 卧室C / 17.74平米 / 无 / 落地窗 ; 卧室D / 21.11平米 / 南 / 落地窗 ; 厨房 / 5.63平米 / 无 / 普通窗 ; 卫生间A / 3.67平米 / 无 / 无窗 ; 卫生间B / 3.8平米 / 无 / 普通窗 ; 卫生间C / 4.84平米 / 无 / 普通窗 ; 卫生间D / 7.13平米 / 无 / 无窗 ; 阳台A / 3.78平米 / 无 / 落地窗 ; 阳台B / 3平米 / 西 北 东 / 普通窗 ; 阳台C / 4.43平米 / 西 东 南 / 落地窗 ; 阳台D / 53.86平米 / 无 / 普通窗 ; 过道A / 10.46平米 / 无 / 无窗 ; 过道B / 7.64平米 / 无 / 无窗 ; 过道C / 4.15平米 / 无 / 无窗 ; 衣帽间A / 3.6平米 / 无 / 无窗 ; 衣帽间B / 3.93平米 / 无 / 无窗,
观澜湖豪园200平精装四房户型方正看球场景观,"观澜豪园 , 观澜",4室2厅,100平米,东南,,中楼层(共8层),2000年,板塔结合,500 万,50000 元,1,,,近地铁 | VR房源,https://sz.lianjia.com/ershoufang/105121437906.html,地铁 | VR房源,这套房是503+505两套打通的，200平精装四房户型方正,,"小区南门50亿观澜湖新城，观澜湖生态体育公园，观澜天虹商场，兴万达商场等，龙	
华人民医/院，塘厦人民医/院，小区内有会所/游泳池/健身房/高尔夫业主练习场/穿梭巴士等免费使用。","园区内有免费巴士接，多条公交直达，高尔夫大道，观光路，观澜大道，观平路等城	
市主干道环-绕，梅观高速观澜出口2公里，地铁4号线(观澜湖新城站)已开通，观澜湖免费班车随时出行。",,,暂无数据,2025-07-14,商品房,普通住宅,暂无数据,共有,无抵押,挂牌时间:2025-07-14 | 交易权属:商品房 | 上次交易:暂无数据 | 房屋用途:普通住宅 | 房屋年限:暂无数据 | 产权所属:共有 | 抵押信息:无抵押 | 房本备件:未上传房本照片,,
观湖园10年经验强烈推荐此房 中空挑高，房子产权清晰,"观湖园 , 观澜",6室2厅,248.23平米,东南,,1层,2012年,板楼,1880 万,75737 元,0,,,VR房源,https://sz.lianjia.com/ershoufang/105106329046.html,VR房源,只有别墅 无高层本人小区10年经验,观湖园项目位于龙华新区观澜镇，邻近梅观高速公路，在梅观高速观澜出口旁。小区占地面积：NNN平方米，东南亚园林景观设计。双拼跟独栋管理费是6.5/平米，叠拼的管理费是4.9/平米，小区安保严密，24小时巡逻监控。,"观湖园项目位于龙华新区观澜镇，邻近梅观高速公路，在梅观高..


观湖园别墅小区邻近梅观高速公路，距离梅观高速观澜出口约1.5公里，去南山约33公里，罗湖约30公里，福田约28公里，交通如此便利的接轨市内生活圈。到观澜汽车站和观澜湖新城约五..",,,,暂无数据,2021-01-25,商品房,别墅,暂无数据,非共有,有抵押,挂牌时间:2021-01-25 | 交易权属:商品房 | 上次交易:暂无数据 | 房屋用途:别墅 | 房屋年限:暂无数据 | 产权所属:非共有 | 抵押信息:有抵押 | 房本备件:未上传房本照片,客厅 / 68.53平米 / 西北 东北 / 落地窗 ; 卧室A / 13.04平米 / 无 / 普通窗 ; 卧室B / 11.47平米 / 无 / 普通窗 ; 卧室C / 14.53平米 / 无 / 普通窗 ; 卧室D / 16.22平米 / 无 / 未知窗户类型 ; 卧室E / 37.97平米 / 无 / 普通窗 ; 厨房 / 10.67平米 / 东南 / 普通窗 ; 卫生间A / 2.43平米 / 无 / 无窗 ; 卫生间B / 4.49平米 / 无 / 无窗 ; 卫生间C / 6.58平米 / 无 / 普通窗 ; 卫生间D / 4.48平米 / 无 / 无窗 ; 卫生间E / 12.31平米 / 无 / 普通窗 ; 阳台A / 6.72平米 / 西北 东北 / 普通窗 ; 阳台B / 8.39平米 / 无 / 普通窗 ; 阳台C / 8.51平米 / 无 / 普通窗 ; 阳台D / 10.9平米 / 无 / 普通窗 ; 阳台E / 7.99平米 / 无 / 普通窗 ; 露台 / 80.12平米 / 无 / 普通窗 ; 花园 / 67.51平米 / 无 / 普通窗 ; 车库 / 14.45平米 / 无 / 无窗 ; 地下室 / 82.53平米 / 无 / 普通窗 ; 楼梯间 / 7.52平米 / 无 / 无窗 ; 过道A / 9.56平米 / 无 / 无窗 ; 过道B / 7.02平米 / 无 / 无窗,
醉佳位置 毛坯4房 看湖景，园林无遮挡 朝南带两大露台,"观湖园 , 观澜",4室1厅,190.33平米,东南,,中楼层(共4层),2012年,板楼,875 万,45973 元,3,,,VR房源 | 随时看房,https://sz.lianjia.com/ershoufang/105119100058.html,VR房源 | 随时看房,醉佳中间位 毛坯4房 看园林 景观无遮挡 南北向 带两大露台,项目位于宝安区观澜镇，邻近梅观高速公路；项目占地约376000平方米，总建筑面积约165000平方米，地块拥有两个人工湖泊约40000平方米，山峦连绵，清新自然。建筑为现代风格，园林为东南亚风格。,50亿观澜湖新城，观澜天虹，兴万达，华润万家，龙华人民医院，塘厦人民医院,下梅观高速2公里可达小区大门口，多条公交线路经过小区门口，地铁22号线已动工，预计2028年通车（百度可查）,,,暂无数据,2024-12-03,商品房,普通住宅,暂无数据,非共有,有抵押,挂牌时间:2024-12-03 | 交易权属:商品房 | 上次交易:暂无数据 | 房屋用途:普通住宅 | 房屋年限:暂无数据 | 产权所属:非共有 | 抵押信息:有抵押 | 房本备件:未上传房本照片,客厅 / 44.12平米 / 无 / 未知窗户类型 ; 卧室A / 11.41平米 / 无 / 未知窗户类型 ; 卧室B / 11.88平米 / 南 / 普通窗 ; 卧室C / 14.78平米 / 南 / 普通窗 ; 卧室D / 15.75平米 / 无 / 未知窗户类型 ; 厨房 / 7.68平米 / 西 / 普通窗 ; 卫生间A / 5.16平米 / 西 / 普通窗 ; 卫生间B / 3.35平米 / 无 / 无窗 ; 卫生间C / 7.99平米 / 北 / 普通窗 ; 卫生间D / 9.45平米 / 北 / 普通窗 ; 阳台A / 5.69平米 / 西 北 / 普通窗 ; 阳台B / 4.04平米 / 西 南 / 普通窗 ; 露台A / 32.63平米 / 西 东 南 / 普通窗 ; 露台B / 33.03平米 / 西 北 东 南 / 普通窗 ; 过道A / 10.42平米 / 无 / 无窗 ; 过道B / 10.37平米 / 无 / 无窗 ; 过道C / 7.89平米 / 北 / 普通窗 ; 过道D / 6.56平米 / 北 / 落地窗 ; 衣帽间 / 7.42平米 / 无 / 无窗,
精装修复式.采光好，地铁口。有购物商场,"佳华领域广场 , 观澜",2室1厅,56平米,东南,简装,低楼层(共24层),2019年,板塔结合,206 万,36786 元,0,,,近地铁,https://sz.lianjia.com/ershoufang/105119371353.html,地铁,踞龙华中轴，区府所在， 60米就到地铁口.,,有综合商场，兴万达广场、观澜湖新城（北部万象城）、观澜天虹、比邻新天地等，想吃个饭周末看个电影逛逛都比较方便。,【1】踞龙华中轴，区府所在， 【2】4号线/有轨电车双轨交汇，四号线延长线观澜站与项目无缝接驳,,,暂无数据,2025-01-01,商品房,商业办公类,暂无数据,非共有,有抵押 中国银行,挂牌时间:2025-01-01 | 交易权属:商品房 | 上次交易:暂无数据 | 房屋用途:商业办公类 | 房屋年限:暂无数据 | 产权所属:非共有 | 抵押信息:有抵押 中国银行 | 房本备件:未上传房本照片,客厅 / 25.78平米 / 东北 / 落地窗 ; 卧室A / 8.3平米 / 无 / 落地窗 ; 卧室B / 6.63平米 / 无 / 未知窗户类型 ; 卫生间 / 4.1平米 / 无 / 无窗 ; 过道 / 6.78平米 / 无 / 无窗,
万科九龙山3-2-1-2 87.16m,"万科九龙山 , 观澜",3室2厅,87.16平米,东南,精装,高楼层(共33层),2016年,板楼,290 万,33273 元,3,,,VR房源 | 房本满五年,https://sz.lianjia.com/ershoufang/105118369394.html,VR房源 | 房本满五年,观澜万科大4房 户型方正 采光好 自住保养好 看房方便,区楼下就有人人乐和钱大妈；配套有观澜天虹，兴万达广场、比邻新天地、观澜老街、龙华环城绿道、茜坑水库、大水坑水库、狮径公园、龙华中芯医院。,,,,,2015-12-16,2024-09-22,商品房,普通住宅,满五年,非共有,无抵押,挂牌时间:2024-09-22 | 交易权属:商品房 | 上次交易:2015-12-16 | 房屋用途:普通住宅 | 房屋年限:满五年 | 产权所属:非共有 | 抵押信息:无抵押 | 房本备件:已上传房本照片,客厅 / 25.72平米 / 南 / 落地窗 ; 卧室A / 8.3平米 / 无 / 未知窗户类型 ; 卧室B / 6.73平米 / 无 / 未知窗户类型 ; 卧室C / 11.28平米 / 东 南 / 落地窗 ; 厨房 / 4.64平米 / 东 / 普通窗 ; 卫A / 2.78平米 / 北 / 普通窗 ; 卫B / 2.92平米 / 无 / 无窗 ; 阳台 / 4.23平米 / 南 / 落地窗 ; 过道 / 4.52平米 / 无 / 无窗,
楼层好视野宽阔，户型方正，交通便利。,"佳华领域广场 , 观澜",3室1厅,141.52平米,东南,精装,高楼层(共37层),2017年,板塔结合,630 万,44517 元,1,,,近地铁 | VR房源,https://sz.lianjia.com/ershoufang/105118579290.html,地铁 | VR房源,地铁口房子楼层好，视野开阔，交通便利,适合居家，小区绿化好，环境清幽，景色怡人。有轨电车就在家门口.出行便利,百佳华综合体，观澜老街步行街各大银行，兴万达商场龙华区医院配套完善能完全满足您日常生活所需,地铁4号线观澜站，轻轨新澜站，地铁口直达福田，楼下就是公交站吉盛酒店大公交站台，另外5公里上龙观快速，4公里上珠三角环线高速,,,暂无数据,2024-10-13,商品房,普通住宅,暂无数据,非共有,有抵押 100万元 中行,挂牌时间:2024-10-13 | 交易权属:商品房 | 上次交易:暂无数据 | 房屋用途:普通住宅 | 房屋年限:暂无数据 | 产权所属:非共有 | 抵押信息:有抵押 100万元 中行 | 房本备件:未上传房本照片,客厅 / 39.27平米 / 西南 / 普通窗 ; 卧室A / 12.48平米 / 西南 / 落地窗 ; 卧室B / 12.35平米 / 西南 / 落地窗 ; 卧室C / 13.33平米 / 东北 / 落地窗 ; 卫生间A / 5.12平米 / 无 / 未知窗户类型 ; 卫生间B / 3.36平米 / 无 / 未知窗户类型 ; 阳台 / 4.93平米 / 西南 东南 / 普通窗 ; 储物间 / 4.99平米 / 西北 东北 / 普通窗 ; 过道 / 26.48平米 / 西南 / 普通窗 ; 衣帽间 / 5.55平米 / 无 / 无窗,
观澜格澜郡大型小区，满五唯一税费低，适合居家,"中航格澜郡阳光花园 , 观澜",5室2厅,78平米,东南,精装,高楼层(共9层),2006年,,465 万,59616 元,3,,,VR房源,https://sz.lianjia.com/ershoufang/105118571047.html,VR房源,此房满五唯一，采光好复式格局，交通便利，生活配套齐全。,中航格澜郡位于深圳龙华区观湖街道，东临龙华大道，西临沿河路，南起环观南路，北至求知路。其北面即为观澜世纪广场与文化艺术场所，以及天虹商场与龙华区区委办仅一河之隔，可谓是尊贵地段，尽享龙华政治、文化、商 业的优势。整个小区为苏格兰风情大区,综合商场：天虹商场、福城天虹、 医院：龙华医院 邮局：观澜邮局 银行：农业银行，中国银行，建设银行，中国工商银行 其他：文化艺术场所、体育活动场所,"有轨电车世纪广场站，大和站，地铁四号线茜坑站，竹村站，中航格澜郡公交站的有B652路、B693路、M321，M450路等6条公交线路.公交站分别是大和路口(157米),安佳工业园(193米),观澜天虹商场(419米),富士施乐(470米),格兰云天酒店(569米)等。出行更加方便",,,暂无数据,2024-10-12,商品房,普通住宅,暂无数据,非共有,无抵押,挂牌时间:2024-10-12 | 交易权属:商品房 | 上次交易:暂无数据 | 房屋用途:普通住宅 | 房屋年限:暂无数据 | 产权所属:非共有 | 抵押信息:无抵押 | 房本备件:未上传房本照片,客厅 / 27.18平米 / 南 / 落地窗 ; 卧室A / 12.41平米 / 东 南 东南 / 普通窗 ; 卧室B / 7.63平米 / 无 / 未知窗户类型 ; 卧室C / 23.25平米 / 无 / 未知窗户类型 ; 卧室D / 8.46平米 / 南 / 普通窗 ; 厨房 / 5.59平米 / 无 / 无窗 ; 卫生间A / 3.19平米 / 东 / 普通窗 ; 卫生间B / 3.07平米 / 东 / 普通窗 ; 阳台A / 2.82平米 / 无 / 无窗 ; 阳台B / 4.86平米 / 西 东 南 / 落地窗 ; 阳台C / 5.13平米 / 西 东 南 / 落地窗 ; 过道 / 16.99平米 / 无 / 无窗,
格澜郡二期大平层大露台，中间位置，实用200多,"格澜郡二期 , 观澜",4室1厅,166.81平米,南,,中楼层(共18层),2007年,板塔结合,660 万,39566 元,1,,,VR房源,https://sz.lianjia.com/ershoufang/105116128035.html,VR房源,自住装修保养好，花园中间 低密度高绿化,中航格澜郡位于深圳龙华新区观澜，东临大和路，西临沿河路，南起环观南路，北至工业大道。其北面即为观澜世纪广场与文化艺术场所，与观澜街道办仅一河之隔，可谓是尊贵地段，尽享观澜政治、文化、商 业的优势。整个小区为苏格兰风情大社区。,综合商场：天虹商场、福城天虹、民乐福购物场所 医院：观澜人民医院 邮局：观澜邮局 银行：农业银行，浦发银行，建设银行，中国工商银行 其他：文化艺术场所、体育活动场所。,"深圳中航格澜郡公交站，途径中航格澜郡公交站的有B652路、B693路、M264路等6条公交线路.深圳中航格澜郡有7个公交站,分别是大和路口(157米),安佳工业园(193米),观澜天虹商场(419米),富士施乐(470米),格兰云天酒店(569米)等。另轻轨已经开通，出行更加方便。",,,暂无数据,2024-02-25,商品房,普通住宅,暂无数据,非共有,无抵押,挂牌时间:2024-02-25 | 交易权属:商品房 | 上次交易:暂无数据 | 房屋用途:普通住宅 | 房屋年限:暂无数据 | 产权所属:非共有 | 抵押信息:无抵押 | 房本备件:未上传房本照片,客厅 / 45.21平米 / 无 / 未知窗户类型 ; 书房 / 6.26平米 / 西 北 / 落地窗 ; 卧室A / 18.16平米 / 无 / 未知窗户类型 ; 卧室B / 18.76平米 / 无 / 未知窗户类型 ; 卧室C / 10.76平米 / 无 / 未知窗户类型 ; 卧室D / 10.81平米 / 无 / 未知窗户类型 ; 厨房 / 6.91平米 / 北 / 普通窗 ; 卫生间A / 4.73平米 / 无 / 无窗 ; 卫生间B / 4.85平米 / 北 / 普通窗 ; 卫生间C / 4.91平米 / 北 / 普通窗 ; 阳台A / 15.52平米 / 南 / 普通窗 ; 阳台B / 3.49平米 / 西 北 / 普通窗 ; 储物间 / 10.2平米 / 北 / 落地窗 ; 过道 / 7.99平米 / 无 / 无窗 ; 门厅 / 4.43平米 / 无 / 无窗,
东南向精装修三房两卫出售 户型房子 格局分明,"合正观澜汇一期 , 观澜",3室2厅,88.73平米,东南,精装,31层,2016年,板塔结合,480 万,54097 元,0,,,近地铁 | VR看装修,https://sz.lianjia.com/ershoufang/105120336218.html,地铁 | VR看装修,此户型东南向  户型方正 得房率高 税费低 诚心出售,小区是6栋高层围合组成， 小区总高只有29-32层  户型有74平-83平-88平-89平-125平-141平-179平的三房-五房产品 还有部分顶复  因此户型可选性多 小区物业有合正运营  可以实现出则繁花，入则宁静的感受。,小区楼下就是天虹商场，出行地铁4号线西坑站B出口100米左右 家门口有一所18班幼儿园和西坑水库和湿地公园,,,,暂无数据,2025-04-08,商品房,普通住宅,暂无数据,非共有,无抵押,挂牌时间:2025-04-08 | 交易权属:商品房 | 上次交易:暂无数据 | 房屋用途:普通住宅 | 房屋年限:暂无数据 | 产权所属:非共有 | 抵押信息:无抵押 | 房本备件:未上传房本照片,客厅 / 27.23平米 / 南 / 普通窗 ; 卧室A / 6.78平米 / 西 / 落地窗 ; 卧室B / 12.71平米 / 无 / 未知窗户类型 ; 卧室C / 10.94平米 / 无 / 未知窗户类型 ; 厨房 / 6.08平米 / 西 / 落地窗 ; 卫生间A / 4.29平米 / 无 / 落地窗 ; 卫生间B / 3.13平米 / 西 / 落地窗 ; 阳台A / 2.65平米 / 西 / 落地窗 ; 阳台B / 4.66平米 / 西 南 / 普通窗 ; 过道 / 3.2平米 / 无 / 无窗,
区政府旁，地铁安静复式，150平，电梯洋房,"中航格澜郡阳光花园 , 观澜",4室1厅,114.25平米,东南,简装,低楼层(共10层),2006年,,532 万,46565 元,4,,,VR房源,https://sz.lianjia.com/ershoufang/105117572883.html,VR房源,此房在小区中间位置安静，一楼复式层高5米多，实用面积大，,中航格澜郡位于深圳龙华区观湖街道，东临龙华大道，西临沿河路，南起环观南路，北至求知路。其北面即为观澜世纪广场与文化艺术场所，与龙华区区委办仅一河之隔，可谓是尊贵地段，尽享龙华政治、文化、商 业的优势。整个小区为苏格兰风情大社区,综合商场：天虹商场、福城天虹、民乐福购物场所 医院：观澜人民医院 邮局：观澜邮局 银行：农业银行，浦发银行，建设银行，中国工商银行 其他：文化艺术场所、体育活动场所,"有轨电车世纪广场站，大和站，地铁四号线茜坑站，竹村站，中航格澜郡公交站的有B652路、B693路、M264路等6条公交线路.公交站分别是大和路口(157米),安佳工业园(193米),观澜天虹商场(419米),富士施乐(470米),格兰云天酒店(569米)等。出行更加方便",,,暂无数据,2024-07-11,商品房,普通住宅,暂无数据,非共有,有抵押 500万元 银行 金融公司垫资,挂牌时间:2024-07-11 | 交易权属:商品房 | 上次交易:暂无数据 | 房屋用途:普通住宅 | 房屋年限:暂无数据 | 产权所属:非共有 | 抵押信息:有抵押 500万元 银行 金融公司垫资 | 房本备件:未上传房本照片,客厅 / 56.16平米 / 东 南 / 落地窗 ; 卧室A / 11.77平米 / 西 北 / 落地窗 ; 卧室B / 17.79平米 / 北 东 / 落地窗 ; 卧室C / 14.62平米 / 无 / 落地窗 ; 卧室D / 27.74平米 / 无 / 未知窗户类型 ; 厨房 / 5.66平米 / 西 / 普通窗 ; 卫生间A / 3.46平米 / 西 / 普通窗 ; 卫生间B / 5.35平米 / 无 / 落地窗 ; 阳台 / 4.19平米 / 北 东 南 / 普通窗 ; 过道 / 9.73平米 / 无 / 无窗,
业主诚心出售 精装3房2卫 看花园 满五年税费少,"佳华领域广场 , 观澜",3室2厅,87.59平米,东南,,低楼层(共38层),2017年,板楼,390 万,44526 元,0,,22天以前发布,近地铁 | VR看装修,https://sz.lianjia.com/ershoufang/105122145504.html,地铁 | VR看装修,满五年唯一 少量欠款，户型房子，无遮挡 精装修,小区分两期开发，一期共6栋，花园小区，二期有1栋，小区自带有百佳华综合体，近有各大银行，兴万达商场，观澜老街步行街,下楼就是地铁4号线观澜站，轻轨新澜总站。公交站台就在家门口，出行方便,,,,暂无数据,2025-09-16,商品房,普通住宅,暂无数据,非共有,有抵押 170万元 客户偿还,挂牌时间:2025-09-16 | 交易权属:商品房 | 上次交易:暂无数据 | 房屋用途:普通住宅 | 房屋年限:暂无数据 | 产权所属:非共有 | 抵押信息:有抵押 170万元 客户偿还 | 房本备件:未上传房本照片,,
奥宸观壹城79平，朝南向三居室好房,"奥宸观壹城 , 观澜",3室2厅,78.81平米,南,精装,低楼层(共33层),2018年,板塔结合,280 万,35529 元,0,,,近地铁 | VR看装修,https://sz.lianjia.com/ershoufang/105121853782.html,地铁 | VR看装修,此房朝南向，光线好通风好，视野无遮挡，楼间距宽,小区共4栋楼7个单元并且规划具有10-130平米的住宅，40-80平米的公寓楼，楼下有菜市场，小区内布局合理，人车分流,小区自带3200平米的12班中英双语幼儿园，小区地理位置靠近观澜湖新城，未来也可以共享观澜旗舰，地利百货，华润万家，兴万达广场，白佳华，等等,小区位于观平路与人民路交汇处西北侧，交通便捷，有公交线路，公交站点，地铁线路，距离地铁700米松元夏站。,,,暂无数据,2025-08-20,商品房,普通住宅,暂无数据,非共有,有抵押 70万元,挂牌时间:2025-08-20 | 交易权属:商品房 | 上次交易:暂无数据 | 房屋用途:普通住宅 | 房屋年限:暂无数据 | 产权所属:非共有 | 抵押信息:有抵押 70万元 | 房本备件:未上传房本照片,,
金地天悦湾 大复式洋房带小院  居家精装,"金地天悦湾 , 观澜",5室2厅,232.74平米,南 北,精装,低楼层(共8层),2012年,板塔结合,1398 万,60068 元,0,,,VR房源,https://sz.lianjia.com/ershoufang/105120231169.html,VR房源,此房满二年税少 位置好（小区居中位置）精装带个小院,项目位于宝安区观澜街道梅观高速与环观南路交汇处，地处观澜鹭湖国际社区，由金地集团开发建造，金地物业，分两期开发；友邻高尔夫球会，距福田18公里，真正享受城市近郊别墅生活，入则宁静，出则繁华。,,多维立体交通，多条公交线路途经，无论是福田，罗湖，南山还是通往宝安前海等区域便利，开车也十分方便.坐车除了公交以外还可以选择门口轻轨电车，无缝连接地铁四号线清湖站；,,,暂无数据,2025-03-29,商品房,普通住宅,暂无数据,非共有,有抵押,挂牌时间:2025-03-29 | 交易权属:商品房 | 上次交易:暂无数据 | 房屋用途:普通住宅 | 房屋年限:暂无数据 | 产权所属:非共有 | 抵押信息:有抵押 | 房本备件:未上传房本照片,客厅 / 50.03平米 / 无 / 无窗 ; 多功能间 / 10.79平米 / 无 / 无窗 ; 卧室A / 5.81平米 / 无 / 无窗 ; 卧室B / 10.82平米 / 东南 / 落地窗 ; 卧室C / 16.93平米 / 无 / 无窗 ; 卧室D / 18.53平米 / 西北 东北 / 落地窗 ; 卧室E / 9.54平米 / 西北 / 落地窗 ; 卧室F / 28.22平米 / 东北 东南 / 落地窗 ; 厨房 / 8.19平米 / 西北 / 普通窗 ; 卫生间A / 2.98平米 / 东北 / 普通窗 ; 卫生间B / 4.87平米 / 西北 东北 / 落地窗 ; 卫生间C / 2.89平米 / 东北 / 落地窗 ; 卫生间D / 4.79平米 / 西北 东北 / 落地窗 ; 过道A / 2.14平米 / 无 / 无窗 ; 过道B / 13.3平米 / 无 / 无窗,
正朝南，红本在手，精装修，次新房,"御景华府 , 观澜",2室2厅,70平米,南,精装,低楼层(共32层),2023年,板塔结合,325 万,46429 元,0,,,VR看装修,https://sz.lianjia.com/ershoufang/105121993672.html,VR看装修,房子次新小区  自住精装 满两年 户型房正朝南,御景华府本土开发商，小区户型好，小高层，大阳台 项目匠心打造建面约67-112㎡户型2-4房，整体户型方正实用、通风采光佳。将为片区带来全新的生态人居体验 附近配套： 项目邻三一云都、伟禄雅苑等，有观澜湖新城MALL、观澜天虹等，享受一站式的购物体验。,附近配套： 项目邻三一云都、伟禄雅苑等，有观澜湖新城MALL、观澜天虹等，享受一站式的购物体验,,,,暂无数据,2025-09-02,商品房,普通住宅,暂无数据,非共有,有抵押 240万元 业主自还,挂牌时间:2025-09-02 | 交易权属:商品房 | 上次交易:暂无数据 | 房屋用途:普通住宅 | 房屋年限:暂无数据 | 产权所属:非共有 | 抵押信息:有抵押 240万元 业主自还 | 房本备件:未上传房本照片,,
户型东南朝向 高楼层  得房率高 诚心出售,"合正观澜汇一期 , 观澜",3室2厅,88.97平米,东南,精装,31层,2016年,板塔结合,410 万,46083 元,3,,,近地铁 | VR看装修,https://sz.lianjia.com/ershoufang/105120626201.html,地铁 | VR看装修,房源是高楼层 东南朝向 视野无遮挡 通风和采光也不错,小区是6栋高层围合组成， 小区总高只有29-32层 户型有74平-83平-88平-89平-125平-141平-179平的三房-五房产品 还有部分顶复 因此户型可选性多 小区物业有合正运营 可以实现出则繁花，入则宁静的感受。,小区楼下就是天虹商场，出行地铁4号线西坑站B出口100米左右 家门口有一所18班幼儿园和西坑水库和湿地公园,,,房子红本在手 税费底  交易透明 操作方便 交易流程周期很快,暂无数据,2025-05-05,商品房,普通住宅,暂无数据,非共有,无抵押,挂牌时间:2025-05-05 | 交易权属:商品房 | 上次交易:暂无数据 | 房屋用途:普通住宅 | 房屋年限:暂无数据 | 产权所属:非共有 | 抵押信息:无抵押 | 房本备件:未上传房本照片,,
新上 天悦湾 一梯两户洋房 大平层 精装4房 诚意急售,"金地天悦湾 , 观澜",4室2厅,176.28平米,东南,简装,低楼层(共8层),2012年,板塔结合,720 万,40845 元,1,,,VR房源 | 房本满五年 | 随时看房,https://sz.lianjia.com/ershoufang/105120853769.html,VR房源 | 房本满五年 | 随时看房,此房产权清晰 满五年 洋房一梯两户 大4房2厅2卫 业主诚意急售,项目位于龙华区观澜街道梅观高速与环观南路交汇处，地处观澜鹭湖国际社区，由金地集团开发建造，金地物业，分两期开发；友邻高尔夫球会，距福田18公里，真正享受城市近郊别墅生活，入则宁静，出则繁华。,观澜湿地公园，新世纪广场、人民公园。商.业设施：天虹商场、格兰郡商.业街。医疗设施：市二医院；龙华新医院。宾馆酒店：格兰云天大酒店。银行：中国银行、工商银行、招商银行。,多维立体交通：多条公交线路途经，无论是福田，罗湖，南山，宝安，龙岗，还是通往前海等区域便利，开车也十分方便.坐车除了公交以外还可以选择轨道交通。轻轨电车，|无缝连接地铁四号线清湖站,,,2015-08-02,2025-05-25,商品房,普通住宅,满五年,非共有,无抵押,挂牌时间:2025-05-25 | 交易权属:商品房 | 上次交易:2015-08-02 | 房屋用途:普通住宅 | 房屋年限:满五年 | 产权所属:非共有 | 抵押信息:无抵押 | 房本备件:已上传房本照片,客厅 / 31.07平米 / 南 / 普通窗 ; 餐厅 / 9.62平米 / 无 / 无窗 ; 卧室A / 15.7平米 / 北 / 普通窗 ; 卧室B / 14.06平米 / 北 / 落地窗 ; 卧室C / 22.62平米 / 南 / 落地窗 ; 卧室D / 18.53平米 / 南 / 普通窗 ; 厨房 / 18.4平米 / 东 / 普通窗 ; 卫生间A / 5.46平米 / 东 / 普通窗 ; 卫生间B / 5.11平米 / 东 / 普通窗 ; 阳台A / 4.93平米 / 南 / 普通窗 ; 阳台B / 6.4平米 / 南 / 普通窗 ; 过道 / 8.91平米 / 无 / 无窗,
住家装修，保养好，拎包入住，看花园，视野好。,"金地鹭湖1号 , 观澜",3室2厅,88.37平米,东南,,低楼层(共16层),2016年,塔楼,400 万,45265 元,0,,,VR看装修,https://sz.lianjia.com/ershoufang/105121734182.html,VR看装修,满五年，税费少，住家装修，中间楼层，看房方便，方正户型。,金地鹭湖1号，位于龙华区观澜街道梅观高速与环观南路交汇处。 鹭湖国际住区项目，主打户型产品：建面89平3房2卫。还有少量137平4房2卫，及190平复式。 项目占地面积约91197.68平方米，总建筑面积约164150平方米。,,轨道交通：有轨电车站台，高新园西站（电车接驳地铁4号线清湖地铁口），公交线路：公交（观澜高新园站）M567、M264、313、E4路等，高速公路：机荷高速公路、梅观高速公路，交通方便。,,,暂无数据,2025-08-09,商品房,普通住宅,暂无数据,非共有,有抵押 170万元,挂牌时间:2025-08-09 | 交易权属:商品房 | 上次交易:暂无数据 | 房屋用途:普通住宅 | 房屋年限:暂无数据 | 产权所属:非共有 | 抵押信息:有抵押 170万元 | 房本备件:未上传房本照片,,
茜坑福城天虹商场招商锦绣观园住宅两房环境舒适,"招商锦绣观园 , 观澜",2室1厅,62.07平米,东 东南,精装,中楼层(共28层),2014年,,170 万,27389 元,0,,25天以前发布,VR看装修 | 房本满五年 | 随时看房,https://sz.lianjia.com/ershoufang/105122106474.html,VR看装修 | 房本满五年 | 随时看房,房子属于片区价格低的住宅两房，可以分期，小区环境舒适,"1.小区环境舒适，带地下车库，人车分流，花园带儿童乐园，紧邻茜坑水库和龙华绿道，环境舒适
2.物业为招商积余物业",,"1.小区自带公交总站，接驳四号线茜坑或者竹村地铁站，距离地铁站大概2公里
2.小区门口龙澜大道快速路接驳福龙路，以及在建设中的侨城东路北延
3.沈海高速，珠三角高速路网快速到达深圳各区",,,2014-03-01,2025-09-12,商品房,普通住宅,满五年,共有,无抵押,挂牌时间:2025-09-12 | 交易权属:商品房 | 上次交易:2014-03-01 | 房屋用途:普通住宅 | 房屋年限:满五年 | 产权所属:共有 | 抵押信息:无抵押 | 房本备件:已上传房本照片,,
低密度 精装三房 位置安静 景观好,"金地鹭湖1号 , 观澜",3室2厅,89.24平米,南,精装,低楼层(共16层),2016年,塔楼,408 万,45720 元,0,,,VR看装修 | 房本满五年 | 随时看房,https://sz.lianjia.com/ershoufang/105113149695.html,VR看装修 | 房本满五年 | 随时看房,此房满5年，朝南（冬暖夏凉），精装现代，位置安静,小区是鹭湖国际住区，分两期，共11栋，每栋楼层共16层，低密度，高楼间距。规划为比较多的89平、少量137平和186到195的复式。本小区无公寓、无回迁房，住户素质高。地下有负一负二层停车场。,,"有轨电车站台，高新园西站（电车接驳地铁4号线清湖地铁口），公交M571,高速公路：机荷高速公路、梅观高速公路，交通便利",,,2016-05-23,2023-03-26,商品房,普通住宅,满五年,非共有,无抵押,挂牌时间:2023-03-26 | 交易权属:商品房 | 上次交易:2016-05-23 | 房屋用途:普通住宅 | 房屋年限:满五年 | 产权所属:非共有 | 抵押信息:无抵押 | 房本备件:已上传房本照片,,
地铁口，龙华次新小区，居住氛围浓,"佳华领域广场 , 观澜",3室2厅,88.4平米,西南,精装,中楼层(共38层),2017年,板塔结合,388 万,43892 元,1,,,近地铁 | VR房源 | 随时看房,https://sz.lianjia.com/ershoufang/105116858301.html,地铁 | VR房源 | 随时看房,楼层好视野宽阔，红本在手户型方正，交通便利满五。,,百佳华综合体观澜老街步行街各大银行兴万达商场龙华新区医院配套完善能完全满足您日常生活所需,地铁4号线观澜站，轻轨新澜站，地铁口直达福田，楼下就是公交站吉盛酒店大公交站台，另外5公里上龙观快速，4公里上珠三角环线高速,,,暂无数据,2024-05-01,商品房,普通住宅,暂无数据,非共有,有抵押 客户偿还,挂牌时间:2024-05-01 | 交易权属:商品房 | 上次交易:暂无数据 | 房屋用途:普通住宅 | 房屋年限:暂无数据 | 产权所属:非共有 | 抵押信息:有抵押 客户偿还 | 房本备件:未上传房本照片,客厅 / 23.83平米 / 无 / 未知窗户类型 ; 卧室A / 11.14平米 / 无 / 未知窗户类型 ; 卧室B / 9.37平米 / 无 / 未知窗户类型 ; 卧室C / 9.21平米 / 南 / 落地窗 ; 厨房 / 4.54平米 / 无 / 无窗 ; 卫生间A / 4.82平米 / 西 / 落地窗 ; 卫生间B / 3.45平米 / 北 / 普通窗 ; 阳台A / 4.57平米 / 西 北 东 / 普通窗 ; 阳台B / 2.15平米 / 无 / 无窗 ; 过道 / 4.93平米 / 无 / 无窗,
观澜华为旁一厅一房，南卧高楼层，电梯近高速,"湖润名苑 , 观澜",1室1厅,43.41平米,南,,高楼层(共16层),2017年,塔楼,81.5 万,18775 元,2,,,VR看装修,https://sz.lianjia.com/ershoufang/105115745665.html,VR看装修,朝南高楼层户型方正，价格可谈，近华为富士康，近高速路口,小区总共4栋，3栋是人才房，只有一栋是70年产权商务公寓，地下车库一层，负一楼菜市场。总共16层。24小时物业保安值班。,旁边是福城街道办，近观澜富士康，华为，九龙山体育公园，观澜湖新城，福城天虹，离观澜富士康南门万悦城约1500米。,小区门口有公交站，高速路口约1500米，距离4号线长湖地铁站约3公里，,,,暂无数据,2024-01-01,商品房,商务公寓,暂无数据,非共有,无抵押,挂牌时间:2024-01-01 | 交易权属:商品房 | 上次交易:暂无数据 | 房屋用途:商务公寓 | 房屋年限:暂无数据 | 产权所属:非共有 | 抵押信息:无抵押 | 房本备件:未上传房本照片,客厅 / 10.82平米 / 无 / 无窗 ; 卧室 / 10.6平米 / 无 / 未知窗户类型 ; 厨房 / 4.6平米 / 无 / 无窗 ; 卫生间 / 2.62平米 / 无 / 无窗 ; 阳台 / 2.28平米 / 无 / 无窗,
上下五层别墅，带装修，业主已经做了电梯,"城建仁山智水花园一期 , 观澜",5室3厅,262.2平米,南,精装,上叠(共1层),2013年,板楼,2960 万,112891 元,1,,,VR房源,https://sz.lianjia.com/ershoufang/105119482823.html,VR房源,上下五层别墅，带装修，业主已经做了电梯,仁山智水由深圳市城市建设开发公司开发，小区占地近20平，总建筑面积为557584.63㎡，住宅282053.6㎡，商铺5860㎡，幼儿园3500.08㎡，建筑主体包括95栋住宅楼，其中有83栋低多层住宅及8栋高层和4栋高层，住宅共1445户，车位3158个,,公交线路：公交（观澜高新园站）M567、M264、313、E4路等，出小区约100有轨电车站台（电车接驳地铁4号线清湖地铁口），高速公路：机荷高速公路、梅观高速公路，交通方便,,,暂无数据,2025-01-14,商品房,别墅,暂无数据,非共有,有抵押 400万元 业主自还,挂牌时间:2025-01-14 | 交易权属:商品房 | 上次交易:暂无数据 | 房屋用途:别墅 | 房屋年限:暂无数据 | 产权所属:非共有 | 抵押信息:有抵押 400万元 业主自还 | 房本备件:未上传房本照片,,
下叠带花园100+，花园层入户，全新精装拎包入住,"观湖园 , 观澜",4室2厅,80.81平米,西南,,低楼层(共4层),2009年,板楼,800 万,98998 元,1,,,VR房源 | 房本满五年,https://sz.lianjia.com/ershoufang/105117483576.html,VR房源 | 房本满五年,下叠带花园100+，花园层入户，全新精装拎包入住，布局设计合理,观湖园项目位于龙华新区观澜镇，邻近梅观高速公路，在梅观高速观澜出口旁。小区占地面积：37.6 萬平方米，东南亚园林景观设计。双拼跟独栋管理费是6.5平米，叠拼的管理费是4.9平米，小区安保严密，24小时巡逻监控。,距离观澜湖新城约5公里，观澜湖新城是大型的Shop Mall，一系列品牌都有进驻新城，购物娱乐都相当方便。距离观澜人民医院及伟光医院约6公里。小区1公里范围内，碧澜外国语小.學，行知中.学,观湖园别墅小区邻近梅观高速公路，距离梅观高速观澜出口约1.5公里，去南山约33公里，罗湖约30公里，福田约28公里，交通如此便利的接轨市内生活圈。到观澜汽车站和观澜湖新城约五公里，观澜湖新城是大型的Shop Mall，交通出行娱乐购物也是相当方便,,,2011-03-10,2024-07-02,商品房,普通住宅,满五年,非共有,有抵押,挂牌时间:2024-07-02 | 交易权属:商品房 | 上次交易:2011-03-10 | 房屋用途:普通住宅 | 房屋年限:满五年 | 产权所属:非共有 | 抵押信息:有抵押 | 房本备件:已上传房本照片,餐厅 / 13.21平米 / 无 / 无窗 ; 客厅A / 31.29平米 / 无 / 无窗 ; 客厅B / 28.65平米 / 无 / 普通窗 ; 卧室A / 7.3平米 / 无 / 无窗 ; 卧室B / 8.83平米 / 无 / 普通窗 ; 卧室C / 8.75平米 / 无 / 普通窗 ; 卧室D / 12.78平米 / 无 / 普通窗 ; 卫生间A / 5.75平米 / 无 / 普通窗 ; 卫生间B / 4.19平米 / 无 / 无窗 ; 阳台 / 9.68平米 / 无 / 普通窗 ; 储物间A / 3.74平米 / 无 / 无窗 ; 储物间B / 6.67平米 / 无 / 无窗 ; 过道 / 18.22平米 / 无 / 普通窗,
近地铁3电梯，合正一期满五，新装修诚售,"合正观澜汇一期 , 观澜",3室1厅,74.95平米,东南,精装,29层,2016年,板塔结合,508 万,67779 元,1,,,近地铁 | VR房源,https://sz.lianjia.com/ershoufang/105116660799.html,地铁 | VR房源,此房满五唯一，75平户型三房，户型使用率高，装修保养新。,合正品牌开发商，小区是2015年新社区，2017年7月毛坯交房，小区共计6栋，三梯六户，户型为75，80，83，88，89，125，141，180平米3-5房。小区自带泳池。楼下自带商.业。居住便捷舒适。,福成天虹商场就在楼下，购物便利。楼下就是茜坑地铁的B口，出行便利。商城，观影，餐饮，购物，休闲一站式。,小区临.近观澜大道，交通便捷，4号线茜坑站。龙观快速接驳福龙路，直达福田香蜜湖，梅观高速，机荷高速,,,暂无数据,2024-04-12,商品房,普通住宅,暂无数据,非共有,有抵押 220万元 客户偿还,挂牌时间:2024-04-12 | 交易权属:商品房 | 上次交易:暂无数据 | 房屋用途:普通住宅 | 房屋年限:暂无数据 | 产权所属:非共有 | 抵押信息:有抵押 220万元 客户偿还 | 房本备件:未上传房本照片,客厅 / 23.33平米 / 南 / 普通窗 ; 卧室A / 11.89平米 / 无 / 未知窗户类型 ; 卧室B / 8.24平米 / 西 / 落地窗 ; 卧室C / 7.83平米 / 无 / 未知窗户类型 ; 厨房 / 4.51平米 / 无 / 无窗 ; 卫生间 / 3.66平米 / 无 / 无窗 ; 阳台 / 4.87平米 / 西 南 / 普通窗 ; 储物间 / 4.6平米 / 西 / 普通窗 ; 过道 / 2.98平米 / 无 / 无窗,
近地铁，近广场，满五唯一，大两房,"中航格澜郡阳光花园 , 观澜",2室2厅,87.33平米,东 西,,高楼层(共9层),2006年,,326 万,37330 元,1,,,VR看装修,https://sz.lianjia.com/ershoufang/105119776279.html,VR看装修,房子满五唯一，大两房 ，中间，采光好,中航格澜郡位于深圳龙华新区观澜，东临大和路，西临沿河路，南起环观南路，北至工业大道。其北面即为观澜世纪广场与文化艺术场所，与观澜街道办仅一河之隔，可谓是尊贵地段，尽享观澜政治、文化、商 业的优势。整个小区为苏格兰风情大社区,综合商场：天虹商场、福城天虹、民乐福购物场所 医院：观澜人民医院 邮局：观澜邮局 银行：农业银行，浦发银行，建设银行，中国工商银行 其他：文化艺术场所、体育活动场所。,"深圳中航格澜郡公交站，途径中航格澜郡公交站的有B652路、B693路、M264路等6条公交线路.深圳中航格澜郡有7个公交站,分别是大和路口(157米),安佳工业园(193米),观澜天虹商场(419米),富士施乐(470米),格兰云天酒店(569米)等。另轻轨已经开通，出行更加方便。",,,暂无数据,2025-02-21,商品房,普通住宅,暂无数据,非共有,有抵押,挂牌时间:2025-02-21 | 交易权属:商品房 | 上次交易:暂无数据 | 房屋用途:普通住宅 | 房屋年限:暂无数据 | 产权所属:非共有 | 抵押信息:有抵押 | 房本备件:未上传房本照片,客厅 / 29.37平米 / 无 / 未知窗户类型 ; 卧室A / 8.27平米 / 南 / 普通窗 ; 卧室B / 16.39平米 / 无 / 未知窗户类型 ; 厨房 / 6.24平米 / 南 / 普通窗 ; 卫生间 / 4.31平米 / 东 / 普通窗 ; 阳台A / 1.92平米 / 南 / 普通窗 ; 阳台B / 5.76平米 / 北 东 南 / 普通窗,
中航格澜郡顶楼复式、三层半高使用率、业主诚心出,"中航格澜郡阳光花园 , 观澜",7室2厅,216.99平米,南,,高楼层(共11层),2006年,,920 万,42399 元,1,,,VR房源,https://sz.lianjia.com/ershoufang/105118863156.html,VR房源,拓建好的三层半、高使用率、小区安静位置,中航格澜郡位于深圳龙华区观湖街道，东临龙华大道，西临沿河路，南起环观南路，北至求知路。其北面即为观澜世纪广场与文化艺术场所，与龙华区区委办仅一河之隔，可谓是尊贵地段，尽享龙华政治、文化、商 业的优势。整个小区为苏格兰风情大社区,综合商场：天虹商场、福城天虹、民乐福购物场所 医院：观澜人民医院 邮局：观澜邮局 银行：农业银行，浦发银行，建设银行，中国工商银行 其他：文化艺术场所、体育活动场所,"有轨电车世纪广场站，大和站，地铁四号线茜坑站，竹村站，中航格澜郡公交站的有B652路、B693路、M264路等6条公交线路.公交站分别是大和路口(157米),安佳工业园(193米),观澜天虹商场(419米),富士施乐(470米),格兰云天酒店(569米)等。出行更加方便",,,暂无数据,2024-11-10,商品房,普通住宅,暂无数据,非共有,无抵押,挂牌时间:2024-11-10 | 交易权属:商品房 | 上次交易:暂无数据 | 房屋用途:普通住宅 | 房屋年限:暂无数据 | 产权所属:非共有 | 抵押信息:无抵押 | 房本备件:未上传房本照片,客厅 / 56.38平米 / 无 / 未知窗户类型 ; 卧室A / 11.93平米 / 无 / 未知窗户类型 ; 卧室B / 14.86平米 / 南 / 普通窗 ; 卧室C / 8.55平米 / 北 / 落地窗 ; 卧室D / 10.92平米 / 北 / 普通窗 ; 卧室E / 14.26平米 / 南 / 普通窗 ; 卧室F / 9.06平米 / 无 / 无窗 ; 卧室G / 8.92平米 / 无 / 无窗 ; 厨房 / 5.95平米 / 北 / 普通窗 ; 卫生间A / 4.78平米 / 北 / 普通窗 ; 卫生间B / 6.33平米 / 南 / 普通窗 ; 卫生间C / 4.54平米 / 北 / 普通窗 ; 阳台A / 4.57平米 / 西 东 南 / 普通窗 ; 阳台B / 6.99平米 / 西 北 东 / 落地窗 ; 阳台C / 12.74平米 / 北 / 落地窗 ; 阳台D / 1.72平米 / 西 北 东 / 普通窗 ; 阳台E / 2.74平米 / 西 东 南 / 普通窗 ; 储物间 / 7.29平米 / 无 / 无窗 ; 过道A / 27.57平米 / 西 东 南 / 落地窗 ; 过道B / 14.13平米 / 北 南 / 落地窗,
两梯三户 大平层 4房 居家装修 保养好 业主急售,"美佳华首誉 , 观澜",4室2厅,141.55平米,南,精装,低楼层(共29层),2013年,板塔结合,545 万,38503 元,0,,,近地铁 | VR看装修,https://sz.lianjia.com/ershoufang/105121375008.html,地铁 | VR看装修,此房满五年唯一，产权清晰，带精装，大4房，业主诚意出售,美佳华首誉是集住宅、商务公寓一体的城市综合体。梅观快速、清平高速等，地铁4号线茜坑站200米左右 与深圳首条轻轨线交汇观澜站,小区为观澜首创的一站式的集中体，包括：购物、餐饮、休闲、娱乐等多种业态小区，出门合正一二三期 未来有品牌商家进驻，已确定品牌主力店福城天虹、KFC、美佳华儿童乐园等品牌，未来会有影院、餐饮、娱乐等基本配套。苏宁电器、面点王、拾味馆、芳都酒..,地铁4号线上盖茜坑站出口200米左右，目前公交线路有10余路，梅观高速，机荷高速 出行方便,,,暂无数据,2025-07-08,商品房,普通住宅,暂无数据,非共有,有抵押 447万元 邮政 业主自还,挂牌时间:2025-07-08 | 交易权属:商品房 | 上次交易:暂无数据 | 房屋用途:普通住宅 | 房屋年限:暂无数据 | 产权所属:非共有 | 抵押信息:有抵押 447万元 邮政 业主自还 | 房本备件:未上传房本照片,,
合正观澜汇一期 4室2厅 西北,"合正观澜汇一期 , 观澜",4室2厅,89.39平米,西北,精装,29层,2016年,板塔结合,480 万,53698 元,1,,,近地铁 | VR看装修,https://sz.lianjia.com/ershoufang/105121432986.html,地铁 | VR看装修,,,,,,,暂无数据,2025-07-13,商品房,普通住宅,暂无数据,非共有,有抵押 248万元 客户偿还,挂牌时间:2025-07-13 | 交易权属:商品房 | 上次交易:暂无数据 | 房屋用途:普通住宅 | 房屋年限:暂无数据 | 产权所属:非共有 | 抵押信息:有抵押 248万元 客户偿还 | 房本备件:未上传房本照片,,
华盛观荟142平5房中间层 户型 方 正 业主诚心出售,"华盛观荟名庭 , 观澜",5室2厅,141.72平米,南,,高楼层(共32层),2018年,板塔结合,650 万,45866 元,1,,,近地铁 | VR看装修,https://sz.lianjia.com/ershoufang/105120727377.html,地铁 | VR看装修,142平米大5房通风采光好得房率配套齐全,小区分两期开发，一期由公寓和住宅，二期三栋住宅。小区一期楼下是商 业，三楼是空中花园，三楼以上是住宅，一共有二栋一栋是公寓二栋是住宅，二期的小户型是2018年下半年才精装交房，次新房，居住舒适，二期自带泳池和园林,楼下就是为盛商场，隔壁新天虹、龙华三甲医院 深圳市龙华新区慢性病防治.观澜医院竹村社区健康服务邮局：中国邮政 中国邮政 观澜邮政局银行：中国建设银行，深圳市农村商.业银行。中国农业银行等，以及格兰云天酒店,长湖地铁口，福民影剧院;M337路M464路， 1经泗黎路与观光路，3个红绿灯到达梅观高速，梅观高速快速到达福田区； 2．通过观澜大道转机荷高速，可快速到达龙岗，宝安机场等等,,,暂无数据,2025-05-14,商品房,普通住宅,暂无数据,非共有,有抵押 295万元,挂牌时间:2025-05-14 | 交易权属:商品房 | 上次交易:暂无数据 | 房屋用途:普通住宅 | 房屋年限:暂无数据 | 产权所属:非共有 | 抵押信息:有抵押 295万元 | 房本备件:未上传房本照片,,
招商锦绣观园 2室2厅 东南,"招商锦绣观园 , 观澜",2室2厅,63.85平米,东南,精装,低楼层(共28层),2014年,,195 万,30541 元,0,,6天以前发布,VR看装修 | 房本满五年,https://sz.lianjia.com/ershoufang/105122306277.html,VR看装修 | 房本满五年,,,,,,,2010-07-20,2025-10-01,商品房,普通住宅,满五年,共有,有抵押 业主自还,挂牌时间:2025-10-01 | 交易权属:商品房 | 上次交易:2010-07-20 | 房屋用途:普通住宅 | 房屋年限:满五年 | 产权所属:共有 | 抵押信息:有抵押 业主自还 | 房本备件:已上传房本照片,,
房子业主诚心出售。高楼层，采光通风好,"格澜郡二期 , 观澜",2室1厅,74平米,南,,高楼层(共18层),2007年,板塔结合,289 万,39055 元,0,,,VR看装修,https://sz.lianjia.com/ershoufang/105119393036.html,VR看装修,房子业主诚心出售。高楼层，采光通风好,中航格澜郡位于深圳龙华新区观澜，东临大和路，西临沿河路，南起环观南路，北至工业大道。其北面即为观澜世纪广场与文化艺术场所，与观澜街道办仅一河之隔，可谓是尊贵地段，尽享观澜政治、文化、商 业的优势。整个小区为苏格兰风情大社区,综合商场：天虹商场、福城天虹、民乐福购物场所 医院：观澜人民医院 邮局：观澜邮局 银行：农业银行，浦发银行，建设银行，中国工商银行 其他：文化艺术场所、体育活动场所。,"深圳中航格澜郡公交站，途径中航格澜郡公交站的有B652路、B693路、M264路等6条公交线路.深圳中航格澜郡有7个公交站,分别是大和路口(157米),安佳工业园(193米),观澜天虹商场(419米),富士施乐(470米),格兰云天酒店(569米)等。另轻轨已经开通，出行更加方便。",,,暂无数据,2025-01-03,商品房,普通住宅,暂无数据,非共有,有抵押,挂牌时间:2025-01-03 | 交易权属:商品房 | 上次交易:暂无数据 | 房屋用途:普通住宅 | 房屋年限:暂无数据 | 产权所属:非共有 | 抵押信息:有抵押 | 房本备件:未上传房本照片,,
奥宸 方正大四房 业主精装修拎包入住 高楼层视野开阔,"奥宸观壹城 , 观澜",4室2厅,108.39平米,南 北,,中楼层(共34层),2018年,板塔结合,440 万,40595 元,2,,,近地铁 | VR房源,https://sz.lianjia.com/ershoufang/105119594743.html,地铁 | VR房源,业主诚心出售 满五唯一 户型方正 看房方便,共3栋 12个单元；并且规划为具有70-130平米的住宅、40-80平米的公寓；楼下有菜市场；小区内布局合理；有2个人行主出入口，两个车库入口,离小区1.8公里观澜湖新城吃喝玩乐一体 离小区20米就是振能 小区自带幼儿园,距离小区800米左右地铁站4号线延长线松元厦站去往福田 区里小区200米左右公交车站M285路 321路去往火车站西广场 M361路去往龙华公交站 332路去往蛇口出行方便,,,暂无数据,2025-02-07,商品房,普通住宅,暂无数据,非共有,有抵押,挂牌时间:2025-02-07 | 交易权属:商品房 | 上次交易:暂无数据 | 房屋用途:普通住宅 | 房屋年限:暂无数据 | 产权所属:非共有 | 抵押信息:有抵押 | 房本备件:未上传房本照片,客厅 / 32.07平米 / 无 / 未知窗户类型 ; 卧室A / 16.89平米 / 无 / 未知窗户类型 ; 卧室B / 10.75平米 / 无 / 未知窗户类型 ; 卧室C / 9.65平米 / 无 / 未知窗户类型 ; 卧室D / 6.8平米 / 无 / 落地窗 ; 厨房 / 6.04平米 / 无 / 普通窗 ; 卫生间A / 3.9平米 / 无 / 普通窗 ; 卫生间B / 3.16平米 / 无 / 普通窗 ; 阳台 / 4.92平米 / 无 / 普通窗,
满五唯一，小区中间安静不吵，诚意出售,"中航格澜郡阳光花园 , 观澜",3室1厅,94.9平米,南,精装,中楼层(共11层),2006年,,352 万,37092 元,2,,,VR看装修,https://sz.lianjia.com/ershoufang/105119598898.html,VR看装修,满五唯一好房，小区花园里面安静的一栋，中间楼层，朝向好,中航格澜郡位于深圳龙华区观湖街道，东临龙华大道，西临沿河路，南起环观南路，北至求知路。其北面即为观澜世纪广场与文化艺术场所，与龙华区区委办仅一河之隔，可谓是尊贵地段，尽享龙华政治、文化、商 业的优势。整个小区为苏格兰风情大社区,,"有轨电车世纪广场站，大和站，地铁四号线茜坑站，竹村站，中航格澜郡公交站的有B652路、B693路、M264路等6条公交线路.公交站分别是大和路口(157米),安佳工业园(193米),观澜天虹商场(419米),富士施乐(470米),格兰云天酒店(569米)等。出行更加方便",,,暂无数据,2025-02-07,商品房,普通住宅,暂无数据,非共有,有抵押 340万元 北京银行 客户偿还,挂牌时间:2025-02-07 | 交易权属:商品房 | 上次交易:暂无数据 | 房屋用途:普通住宅 | 房屋年限:暂无数据 | 产权所属:非共有 | 抵押信息:有抵押 340万元 北京银行 客户偿还 | 房本备件:未上传房本照片,客厅 / 27.36平米 / 无 / 未知窗户类型 ; 卧室A / 7.88平米 / 北 / 普通窗 ; 卧室B / 15.68平米 / 无 / 未知窗户类型 ; 卧室C / 10.75平米 / 无 / 未知窗户类型 ; 厨房 / 7.11平米 / 南 / 普通窗 ; 卫生间 / 3.87平米 / 北 / 普通窗 ; 阳台 / 4.81平米 / 西 北 / 普通窗,
联排别墅，带花园，露台，楼间距开阔，税费少随时可看,"金地鹭湖1号 , 观澜",3室2厅,192.86平米,南,,3层,2016年,板塔结合,1250 万,64814 元,1,,,VR房源 | 随时看房,https://sz.lianjia.com/ershoufang/105120261205.html,VR房源 | 随时看房,联排别墅，带花园，露台，楼间距开阔，税费少，随时可看。,鹭湖1号位于龙华区观澜街道梅观高速与环观南路交汇处;鹭湖国际住区，项目主打户型产品：建面89㎡三房，135平米四房，189平米复试，194平米别墅。别墅总共90套。 项目占地面积约91197.68平方米，总建筑面积约164150平方米,,多维立体城市干道:环观南路直通平湖，梅观高速直达福田，北通东莞，沈海高速连接深圳前海以及东部坪山以及惠州，潮汕。 龙华有轨电车无缝接驳地铁4号线清湖站,,,暂无数据,2025-04-01,商品房,普通住宅,暂无数据,非共有,有抵押 600万元 中国银行,挂牌时间:2025-04-01 | 交易权属:商品房 | 上次交易:暂无数据 | 房屋用途:普通住宅 | 房屋年限:暂无数据 | 产权所属:非共有 | 抵押信息:有抵押 600万元 中国银行 | 房本备件:未上传房本照片,客厅 / 29.31平米 / 北 南 / 普通窗 ; 餐厅 / 19.81平米 / 北 / 普通窗 ; 卧室A / 11.46平米 / 无 / 落地窗 ; 卧室B / 11.84平米 / 无 / 普通窗 ; 卧室C / 20.2平米 / 无 / 普通窗 ; 厨房 / 6.4平米 / 北 / 普通窗 ; 卫A / 4.71平米 / 南 / 普通窗 ; 卫B / 2.41平米 / 无 / 普通窗 ; 卫生间C / 8.47平米 / 无 / 普通窗 ; 阳台A / 7.99平米 / 北 / 普通窗 ; 阳台B / 6.94平米 / 南 / 普通窗 ; 阳台C / 3.94平米 / 无 / 普通窗 ; 阳台D / 6.99平米 / 无 / 普通窗 ; 露台 / 36.46平米 / 无 / 普通窗 ; 储物间A / 2.6平米 / 无 / 无窗 ; 储物间B / 2.67平米 / 无 / 无窗 ; 储C / 2.51平米 / 无 / 无窗 ; 过道A / 10.81平米 / 西 / 落地窗 ; 过道B / 15.82平米 / 无 / 落地窗 ; 过道C / 10.75平米 / 无 / 落地窗,
懿花园朝南厅出阳台，视野开阔安静，业主急卖,"懿花园 , 观澜",3室1厅,89.74平米,南,,中楼层(共10层),2013年,板楼,375 万,41788 元,0,,,VR房源 | 房本满五年,https://sz.lianjia.com/ershoufang/105120606752.html,VR房源 | 房本满五年,此房满五唯一正南向厅出阳台业主急,和黄懿花园也叫盈峰翠邸，由和记黄埔地产(深圳)有限公司开发，位于横坑水库。项目规划为地上建筑4-10层，地下2层，共59栋建筑(其中57栋住宅，2所幼儿园，及公建以地下室形式布置于地块南端)。 机动车位：600个；高层地库车位385个，多层地库车位200个,医疗龙华人民第二医院（4600米百度地图测距龙华综合医院在建中3100米百度地图测距新科技园社区健康服务购物商场楼下佳又惠百货医院天虹（2400米百度地图测距,,,,2013-04-04,2025-05-03,商品房,普通住宅,满五年,非共有,有抵押 385万元 建设银行,挂牌时间:2025-05-03 | 交易权属:商品房 | 上次交易:2013-04-04 | 房屋用途:普通住宅 | 房屋年限:满五年 | 产权所属:非共有 | 抵押信息:有抵押 385万元 建设银行 | 房本备件:已上传房本照片,客厅 / 22.37平米 / 南 / 普通窗 ; 卧室A / 6.3平米 / 北 东 / 落地窗 ; 卧室B / 15.78平米 / 无 / 未知窗户类型 ; 卧室C / 7.22平米 / 无 / 未知窗户类型 ; 厨房 / 5.84平米 / 东 / 普通窗 ; 卫生间A / 3.75平米 / 无 / 普通窗 ; 卫生间B / 3.46平米 / 东 / 普通窗 ; 阳台 / 6.4平米 / 东 南 / 普通窗 ; 阳台A / 2.07平米 / 东 / 普通窗 ; 阳台B / 3.96平米 / 东 南 / 落地窗 ; 过道 / 2.86平米 / 无 / 无窗,
住家装修，保养很好，带固定车位，视野好。,"招商澜园 , 观澜",2室1厅,82.68平米,南,精装,低楼层(共11层),2010年,板塔结合,323 万,39067 元,14,,,近地铁 | VR房源,https://sz.lianjia.com/ershoufang/105118525264.html,地铁 | VR房源,住家装修，保养很好，带固定车位，视野好。,小区由招商局地产开发，国家一级物业资质的招商物业管理，小区部分为南北两区，由十三栋高层组成，低密度，是个纯居住的大社区，自带6000平的大花园，人车分流，很适合有老人和小孩的客户，小区自带幼儿园，有固定车位。,观澜街道办 休闲区域：新世纪广场、观澜文化广场， 商场：设施天虹商场、比邻新天地，观澜河湿地公园距离小区近在咫尺。龙华区政府距离小区2公里，属于新区政府辐射范围内。项目：现聚集多家大品牌开发商在此拿地。如：万科 卓 越，阳基,,,,暂无数据,2024-10-08,商品房,普通住宅,暂无数据,非共有,有抵押 245,挂牌时间:2024-10-08 | 交易权属:商品房 | 上次交易:暂无数据 | 房屋用途:普通住宅 | 房屋年限:暂无数据 | 产权所属:非共有 | 抵押信息:有抵押 245 | 房本备件:未上传房本照片,客厅 / 28.8平米 / 南 / 落地窗 ; 卧室A / 12.75平米 / 南 / 落地窗 ; 卧室B / 9.48平米 / 东 / 落地窗 ; 厨房 / 6.73平米 / 东 / 普通窗 ; 卫生间 / 4.9平米 / 东 / 落地窗 ; 阳台 / 13.09平米 / 南 / 落地窗 ; 过道 / 2.17平米 / 无 / 无窗 ; 门厅 / 4.64平米 / 无 / 无窗,
深圳标杆大住宅社区，新上 高楼层 新装修,"福安雅园 , 观澜",2室2厅,68.47平米,南,精装,高楼层(共33层),2015年,,195 万,28480 元,6,,,VR看装修,https://sz.lianjia.com/ershoufang/105119877471.html,VR看装修,满五唯一，配套齐全且在楼下，步行200米可达到,,,,,,暂无数据,2025-03-01,商品房,普通住宅,暂无数据,共有,无抵押,挂牌时间:2025-03-01 | 交易权属:商品房 | 上次交易:暂无数据 | 房屋用途:普通住宅 | 房屋年限:暂无数据 | 产权所属:共有 | 抵押信息:无抵押 | 房本备件:未上传房本照片,客厅 / 21.3平米 / 无 / 无窗 ; 书房 / 4.08平米 / 南 / 落地窗 ; 卧室A / 8.41平米 / 无 / 未知窗户类型 ; 卧室B / 11.4平米 / 无 / 未知窗户类型 ; 厨房 / 4.26平米 / 无 / 普通窗 ; 卫生间 / 2.95平米 / 西 / 普通窗 ; 阳台A / 2.85平米 / 南 / 普通窗,
此房满五唯一，南北通透，精装修，近地铁,"佳华领域广场 , 观澜",3室2厅,88.42平米,南 北,精装,中楼层(共38层),2017年,板楼,379 万,42864 元,0,,,近地铁 | VR看装修,https://sz.lianjia.com/ershoufang/105120574366.html,地铁 | VR看装修,此房满五唯一，南北通透，精装修，近地铁,开发商佳华是深圳一线开发商 小区管理物业负责，花园小区，密度低,,有民法公园，出小区有百佳华商场，观澜老街步行街，4号地铁延长线，观澜站A出口，离小区步行可达,,,暂无数据,2025-04-29,商品房,普通住宅,暂无数据,非共有,有抵押,挂牌时间:2025-04-29 | 交易权属:商品房 | 上次交易:暂无数据 | 房屋用途:普通住宅 | 房屋年限:暂无数据 | 产权所属:非共有 | 抵押信息:有抵押 | 房本备件:未上传房本照片,,
华盛峰荟地铁4号线 采光通风好 朝南 70年产权民用水电,"华盛峰荟名庭 , 观澜",1室1厅,49平米,北,,中楼层(共36层),2016年,板塔结合,98 万,20000 元,12,,,近地铁 | VR房源,https://sz.lianjia.com/ershoufang/105115739800.html,地铁 | VR房源,华盛峰荟地铁4号线 采光通风很好，中楼层朝南 70年产权民用水电,小区分两期开发，一期由公寓和住宅，二期三栋住宅。小区一期楼下是商 业，三楼是空中花园，三楼以上是住宅，一共有二栋一栋是公寓二栋是住宅，二期的小户型是2018年下半年才精装交房，次新房，居住舒适，二期自带泳池和园林,商场：楼下就是大润发购物广场，以及天虹、人人乐，比邻新天地医院：观澜人民医院 深圳市龙华新区慢性病防治.观澜医院竹村社区健康服务邮局：中国邮政 中国邮政 观澜邮政局银行：中国建设银行，深圳市农村商.业银行。中国农业银行等，以及格兰云天酒店,公交;，福民影剧院;M337路M464路， 1经泗黎路与观光路，3个红绿灯到达梅观高速，梅观高速快速到达福田区； 2．通过观澜大道转机荷高速，可快速到达龙岗，宝安机场等等,,,暂无数据,2023-12-31,商品房,商务公寓,暂无数据,非共有,有抵押,挂牌时间:2023-12-31 | 交易权属:商品房 | 上次交易:暂无数据 | 房屋用途:商务公寓 | 房屋年限:暂无数据 | 产权所属:非共有 | 抵押信息:有抵押 | 房本备件:未上传房本照片,客厅 / 12.12平米 / 无 / 落地窗 ; 卧室 / 7.09平米 / 无 / 落地窗 ; 厨房 / 2.98平米 / 无 / 普通窗 ; 卫 / 1.47平米 / 无 / 无窗 ; 储物间 / 1.46平米 / 无 / 无窗 ; 过道 / 2.4平米 / 无 / 无窗,
小区中间位置，精装自住，横厅少有户型，可带押过户,"金地鹭湖1号 , 观澜",3室1厅,89.33平米,南,精装,低楼层(共16层),2015年,塔楼,442 万,49480 元,2,,,VR房源 | 房本满五年,https://sz.lianjia.com/ershoufang/105116775788.html,VR房源 | 房本满五年,此房满五年 税费少 采光好 视野开阔 无遮挡,金地鹭湖1号位于龙华区观澜街道梅观高速与环观南路交汇处;鹭湖国际住区，项目主打户型产品：建面89㎡三房。 项目占地面积约91197.68平方米，总建筑面积约164150平方米，。位处2000亿龙华行.政、科技、生态,龙华外国语离小区1.5公里，鹭湖外国语离小区600米。近距离小区边培训机构多色多样，有舞蹈、画画、武术、钢琴等课外培训也有语数外等辅导培训。,,,,2019-06-19,2024-04-23,商品房,普通住宅,满五年,非共有,有抵押 430万元 中国光大银行 金融公司垫资,挂牌时间:2024-04-23 | 交易权属:商品房 | 上次交易:2019-06-19 | 房屋用途:普通住宅 | 房屋年限:满五年 | 产权所属:非共有 | 抵押信息:有抵押 430万元 中国光大银行 金融公司垫资 | 房本备件:已上传房本照片,客厅 / 28.62平米 / 南 / 普通窗 ; 卧室A / 9.92平米 / 无 / 未知窗户类型 ; 卧室B / 9.93平米 / 无 / 未知窗户类型 ; 卧室C / 14.01平米 / 无 / 未知窗户类型 ; 厨房 / 4.28平米 / 南 / 普通窗 ; 卫A / 2.88平米 / 北 / 普通窗 ; 卫生间B / 3.23平米 / 北 / 普通窗 ; 阳台 / 3.82平米 / 西 东 南 / 普通窗,
上户3层带3大露台，满五位置高，毛坯4房，带私家车位,"观湖园 , 观澜",4室1厅,170.11平米,东南,,上叠(共4层),2012年,板楼,825 万,48499 元,2,,,VR房源 | 随时看房,https://sz.lianjia.com/ershoufang/105116906691.html,VR房源 | 随时看房,上户3层加天台60平，满五，毛坯4房，加天台60平，业主诚心卖,观湖园项目位于龙华新区观澜镇，邻近梅观高速公路，在梅观高速观澜出口。小区占地面积：37.6弯平方米，容积低，绿化高，东南亚园林景观设计。双拼跟独栋管理费是6.5平米，叠拼的管理费是4.95平米，小区安保严密，24小时巡逻监控,小区南门200米，有菜市场，商场能满足日常所需；距离观澜湖新城约5公 里，观澜湖新城是大型的SHOPING MALL，一系列品牌都已进驻，购物娱乐 都相当方便；距离观澜人民医院及伟光医院约6公里,观湖园别墅小区邻近梅观高速公路，距离梅观高速观澜出口约1.5公里，去南山约33公里，罗湖约30公里，福田约28公里，交通如此便利的接轨市内生活圈。到观澜汽车站和观澜湖新城约五公里，观澜湖新城是大型的Shoig Mll，交通出行娱乐购物也是相当方便,,,2011-02-24,2024-05-07,商品房,别墅,未满两年,非共有,有抵押,挂牌时间:2024-05-07 | 交易权属:商品房 | 上次交易:2011-02-24 | 房屋用途:别墅 | 房屋年限:未满两年 | 产权所属:非共有 | 抵押信息:有抵押 | 房本备件:已上传房本照片,客厅 / 45.95平米 / 西 南 / 落地飘窗 ; 卧室A / 8.91平米 / 东 / 落地窗 ; 卧室B / 8.76平米 / 无 / 普通窗 ; 卧室C / 14.08平米 / 无 / 普通窗 ; 卧室D / 13.91平米 / 无 / 落地飘窗 ; 厨房 / 8.15平米 / 南 / 普通窗 ; 卫生间A / 4.12平米 / 东 / 普通窗 ; 卫生间B / 6.28平米 / 无 / 普通窗 ; 卫生间C / 7.55平米 / 无 / 普通窗 ; 阳台A / 4.31平米 / 西 北 南 / 普通窗 ; 阳台B / 15.09平米 / 无 / 普通窗 ; 阳台C / 20.55平米 / 无 / 普通窗 ; 露台 / 30.83平米 / 无 / 普通窗 ; 楼梯间 / 6.96平米 / 无 / 普通窗 ; 过道A / 8.69平米 / 无 / 无窗 ; 过道B / 8.65平米 / 无 / 普通窗 ; 衣帽间 / 7.22平米 / 无 / 无窗,
独栋大宅，配电梯，户型方正，花园1800平，赏高尔夫景,"观澜湖 , 观澜",7室1厅,330.74平米,东南 南,毛坯,1层,2015年,板楼,4610 万,139385 元,2,,,VR房源,https://sz.lianjia.com/ershoufang/105110246581.html,VR房源,独栋大宅，上下3层半，配电梯，户型方正，花园1800平，高尔夫景,整个小区占地8平方公里，绿化覆盖99.7%，级风景区，环高尔夫球场，环境优美，空气清新，适合自住度假或养老,无缝接轨港铁4号线观澜湖新城站，南大门自带5 拾万平购物综合体，吃喝玩乐样样都有，小区自带博朗斯国际双语幼儿园，出北门4.9公里到塘厦医院,,,,暂无数据,2022-04-10,商品房,别墅,暂无数据,非共有,无抵押,挂牌时间:2022-04-10 | 交易权属:商品房 | 上次交易:暂无数据 | 房屋用途:别墅 | 房屋年限:暂无数据 | 产权所属:非共有 | 抵押信息:无抵押 | 房本备件:未上传房本照片,客厅 / 129.47平米 / 东北 西 西南 北 西北 东 南 东南 / 落地窗 ; 卧室 / 164.32平米 / 东北 西 西南 北 西北 东 南 东南 / 落地窗 ; 阳台 / 41.95平米 / 西南 西北 东北 东南 / 普通窗 ; 车库 / 22.93平米 / 无 / 无窗 ; 阁楼 / 147.21平米 / 西南 东北 东南 / 落地窗 ; 地下室 / 249.28平米 / 无 / 普通窗,
佳华领域广场 3室2厅 南,"佳华领域广场 , 观澜",3室2厅,89.1平米,南,精装,中楼层(共38层),2017年,板楼,450 万,50506 元,0,,,近地铁 | VR看装修,https://sz.lianjia.com/ershoufang/105121197123.html,地铁 | VR看装修,,,,,,,暂无数据,2025-06-24,商品房,普通住宅,暂无数据,非共有,有抵押,挂牌时间:2025-06-24 | 交易权属:商品房 | 上次交易:暂无数据 | 房屋用途:普通住宅 | 房屋年限:暂无数据 | 产权所属:非共有 | 抵押信息:有抵押 | 房本备件:未上传房本照片,,
懿花园别墅精装修 ，保养好，看房方便，诚心出售,"懿花园 , 观澜",5室2厅,181.09平米,东北,,1层,2012年,板楼,1080 万,59639 元,1,,,VR房源 | 随时看房,https://sz.lianjia.com/ershoufang/105118503623.html,VR房源 | 随时看房,房子满五年不唯一 产权清晰 精装修  保养很好 带车位,和黄懿花园也叫盈峰翠邸，由和记黄埔地产(深圳)有限公司开发，位于横坑水库。项目规划为地上建筑4-10层，地下2层，共59栋建筑(其中57栋住宅，2所幼儿园，及公建以地下室形式布置于地块南端)。 机动车位：600个；高层地库车位385个，多层地库车位200个,医疗龙华医院，4600米百度地图测距龙华综合医院在建中3100米百度地图测距新科技园社区健康服务 购物商场楼下佳又惠百货医院天虹，2400米百度地图测距,公交（宝安高新科技园、观澜高新科技园）794、627、663、668、866路等，出小区就是有轨电车站台，高速公路：机荷高速公路、梅观高速公路，交通方便。,,,暂无数据,2024-10-06,商品房,普通住宅,暂无数据,非共有,有抵押,挂牌时间:2024-10-06 | 交易权属:商品房 | 上次交易:暂无数据 | 房屋用途:普通住宅 | 房屋年限:暂无数据 | 产权所属:非共有 | 抵押信息:有抵押 | 房本备件:未上传房本照片,客厅 / 47.11平米 / 无 / 落地窗 ; 多功能间 / 16.11平米 / 无 / 普通窗 ; 卧室A / 13.59平米 / 无 / 未知窗户类型 ; 卧室B / 17.59平米 / 无 / 普通窗 ; 卧室C / 12.36平米 / 东北 / 普通窗 ; 卧室D / 21.53平米 / 西南 / 普通窗 ; 厨房 / 6.62平米 / 无 / 普通窗 ; 卫A / 2.03平米 / 无 / 普通窗 ; 卫生间B / 3.73平米 / 无 / 普通窗 ; 卫生间C / 4.8平米 / 无 / 普通窗 ; 卫生间D / 3.55平米 / 东北 / 普通窗 ; 卫生间E / 7.19平米 / 无 / 无窗 ; 阳台 / 54.12平米 / 无 / 普通窗 ; 阳台A / 4平米 / 无 / 普通窗 ; 阳台B / 5.69平米 / 西北 东北 东南 / 普通窗 ; 阳台C / 4.16平米 / 西南 西北 东南 / 普通窗 ; 储物间 / 6.23平米 / 无 / 无窗 ; 地下室 / 33.79平米 / 无 / 无窗 ; 过道A / 7.35平米 / 无 / 无窗 ; 过道B / 7.44平米 / 无 / 无窗 ; 过道C / 3.37平米 / 无 / 无窗 ; 衣帽间 / 3.85平米 / 无 / 无窗,
红本在手配套完善  奥宸观壹城四房双卫,"奥宸观壹城 , 观澜",4室2厅,131平米,南,,中楼层(共33层),2018年,板塔结合,430 万,32825 元,5,,,近地铁 | VR房源 | 随时看房,https://sz.lianjia.com/ershoufang/105116264910.html,,,,,,,,,,,,,,,,,failed: Failed to fetch detail page after 3 attempts: https://sz.lianjia.com/ershoufang/105116264910.html
满五唯一，龙外300米，141平米户型方正5房,"合正观澜汇一期 , 观澜",5室2厅,141.36平米,西南,简装,29层,2016年,板塔结合,700 万,49519 元,0,,,近地铁 | VR房源 | 房本满五年,https://sz.lianjia.com/ershoufang/105121305669.html,地铁 | VR房源 | 房本满五年,大阳台看园林楼下天虹商场，141平米户型方正5房,小区围合式布局，氛围好。物业管理人性化，物业跟进服务做得很到位。绿化35%以上，有乒乓球台，老人健身器材，小孩子娱乐等各种设施。,楼下是天虹商场，与龙华医院一个地铁站，观湖体育公园50米距离。,地铁4号线茜坑站100米左右，与有轨电车世纪广场站800米。,,,2016-02-29,2025-07-02,商品房,普通住宅,满五年,非共有,有抵押 240万元 农业角行 业主自还,挂牌时间:2025-07-02 | 交易权属:商品房 | 上次交易:2016-02-29 | 房屋用途:普通住宅 | 房屋年限:满五年 | 产权所属:非共有 | 抵押信息:有抵押 240万元 农业角行 业主自还 | 房本备件:已上传房本照片,客厅 / 36.55平米 / 西 / 普通窗 ; 卧室A / 13.12平米 / 无 / 未知窗户类型 ; 卧室B / 20.39平米 / 无 / 未知窗户类型 ; 卧室C / 8.97平米 / 无 / 未知窗户类型 ; 卧室D / 9.64平米 / 无 / 未知窗户类型 ; 卧室E / 7.03平米 / 东 / 落地窗 ; 卧室F / 6.34平米 / 东 / 普通窗 ; 卫生间 / 5.57平米 / 无 / 未知窗户类型 ; 阳台 / 11.32平米 / 西 北 / 普通窗 ; 储物间 / 6.27平米 / 无 / 未知窗户类型 ; 过道 / 4.65平米 / 无 / 无窗,
次新花园社区，人车分流，车位充足，小区环境优美.,"珑门二期 , 观澜",4室2厅,86.52平米,东南,精装,中楼层(共32层),2018年,板塔结合,350 万,40454 元,0,,,VR房源 | 房本满五年,https://sz.lianjia.com/ershoufang/105121676110.html,VR房源 | 房本满五年,珑门名苑，次新花园社区，人车分流，车位充足，小区环境优美.,小区带花园，绿化高，三层地下停车位，车位充足，家门口公办 ，小区自带公办 ，小区环抱观澜文体公园，门口公交站，两大高速，交通方便,旁边有体育馆，体育公园，民法公园’旁边就是观光路直通梅观高速，接外环高速,旁边就是观光路直通梅观高速，接外环高速‘旁边有体育馆，体育公园，民法公园,,,2013-06-27,2025-08-04,商品房,普通住宅,满五年,非共有,有抵押 350万元 华润银行 业主自还,挂牌时间:2025-08-04 | 交易权属:商品房 | 上次交易:2013-06-27 | 房屋用途:普通住宅 | 房屋年限:满五年 | 产权所属:非共有 | 抵押信息:有抵押 350万元 华润银行 业主自还 | 房本备件:已上传房本照片,客厅 / 24.76平米 / 无 / 未知窗户类型 ; 卧室A / 12.68平米 / 东北 / 普通窗 ; 卧室B / 8.27平米 / 无 / 未知窗户类型 ; 卧室C / 5.22平米 / 西 / 落地窗 ; 厨房 / 8.19平米 / 东南 / 普通窗 ; 卫生间A / 3.45平米 / 东南 / 落地窗 ; 卫B / 2.3平米 / 西北 / 落地窗 ; 阳台 / 4.58平米 / 西北 东北 东南 / 普通窗 ; 储物间 / 5.74平米 / 无 / 无窗 ; 过道 / 2.55平米 / 无 / 无窗,
地铁口高层三房业主诚售钥匙看房,"合正观澜汇一期 , 观澜",3室1厅,77.57平米,南,精装,31层,2016年,板塔结合,368 万,47442 元,0,,,近地铁 | VR看装修,https://sz.lianjia.com/ershoufang/105121777783.html,地铁 | VR看装修,满五唯一，税费少，高层采光好，看房方便,合正品牌开发商，小区是2015年新社区，2017年7月毛坯交房，小区共计6栋，三梯六户，小区自带泳池。居住便捷舒适,小区地段好，交通便利，楼下就是地铁茜坑站，天虹商场。配套完善，上班族，通勤便利，户型方正，宜居家。比邻新天虹购物商城，观影，餐饮，购物，休闲一站式。格兰云天大酒店，凯美居广场，观澜湖新城,小区地段好，交通便利，楼下就是地铁茜坑站，天虹商场。配套完善，上班族，通勤便利，户型方正，宜居家,,,暂无数据,2025-08-13,商品房,普通住宅,暂无数据,非共有,无抵押,挂牌时间:2025-08-13 | 交易权属:商品房 | 上次交易:暂无数据 | 房屋用途:普通住宅 | 房屋年限:暂无数据 | 产权所属:非共有 | 抵押信息:无抵押 | 房本备件:未上传房本照片,,
福安雅园楼层好视野无遮挡采光充足配套设施齐全,"福安雅园 , 观澜",3室2厅,89.81平米,南,精装,高楼层(共34层),2015年,,280 万,31177 元,1,,,VR看装修 | 房本满五年 | 随时看房,https://sz.lianjia.com/ershoufang/105120310767.html,VR看装修 | 房本满五年 | 随时看房,视野无遮挡采光充足，配套设施齐全，交通方便,,,大社区14栋，公交总站接轨地铁站四号线长湖地铁站；上高速也就三个红绿灯，龙澜快速几百米,,,2014-11-26,2025-04-06,商品房,普通住宅,满五年,共有,有抵押 业主自还,挂牌时间:2025-04-06 | 交易权属:商品房 | 上次交易:2014-11-26 | 房屋用途:普通住宅 | 房屋年限:满五年 | 产权所属:共有 | 抵押信息:有抵押 业主自还 | 房本备件:已上传房本照片,,
华为工厂一路之隔次新3房高楼层东南向急售好谈价,"珑门 , 观澜",3室2厅,81平米,东 南,精装,高楼层(共33层),2016年,板楼,330 万,40741 元,0,,,VR房源,https://sz.lianjia.com/ershoufang/105121176890.html,VR房源,高楼层东南向采光好，急售好谈价,"小区是一直排开布局，没有遮当，采光和通风性都很好，入户大堂也是7米挑高，
物业管理到位，绿化高，居住体验感很好",,,,,暂无数据,2025-06-22,商品房,普通住宅,暂无数据,非共有,有抵押 150万元 正常房贷可带押过户 金融公司垫资,挂牌时间:2025-06-22 | 交易权属:商品房 | 上次交易:暂无数据 | 房屋用途:普通住宅 | 房屋年限:暂无数据 | 产权所属:非共有 | 抵押信息:有抵押 150万元 正常房贷可带押过户 金融公司垫资 | 房本备件:未上传房本照片,客厅 / 22.47平米 / 东北 东南 / 落地窗 ; 卧室A / 12.47平米 / 无 / 未知窗户类型 ; 卧室B / 7.6平米 / 无 / 未知窗户类型 ; 卧室C / 5.64平米 / 北 / 落地窗 ; 厨房 / 5.54平米 / 北 / 落地窗 ; 卫生间A / 3.24平米 / 东北 / 落地窗 ; 卫生间B / 2.99平米 / 西北 / 普通窗 ; 阳台 / 2.39平米 / 西南 东北 东南 / 落地窗 ; 过道 / 3.51平米 / 无 / 无窗,
此房满二年，精装修 只有契税 。。。。,"鹏瑞·颐璟府 , 观澜",3室2厅,89.62平米,南,,中楼层(共33层),2024年,塔楼,395 万,44075 元,1,,,VR看装修,https://sz.lianjia.com/ershoufang/105122011812.html,VR看装修,此房满二年，精装修 只有契税 。。。。,鹏瑞颐璟府鹏瑞颐璟府联合 AUBE（欧博）建筑设计及园林景观设计，以三重叠景院落、三重门第礼序、三重会客厅、50余种花木，打造“推窗见景、出门见绿”的生活场景。社区房源量相对大，其选择面也相对广，可满足多层次的置业需求。,,,,,暂无数据,2025-09-03,商品房,普通住宅,暂无数据,非共有,有抵押 150万元 工商银行 客户偿还,挂牌时间:2025-09-03 | 交易权属:商品房 | 上次交易:暂无数据 | 房屋用途:普通住宅 | 房屋年限:暂无数据 | 产权所属:非共有 | 抵押信息:有抵押 150万元 工商银行 客户偿还 | 房本备件:未上传房本照片,,
房子户型方正  采光通风良好 东南向 看一线高尔夫球场,"观澜湖赛维纳 , 观澜",1室1厅,52.3平米,东南,,中楼层(共9层),2003年,板楼,128 万,24475 元,2,,,VR看装修 | 房本满五年,https://sz.lianjia.com/ershoufang/105120437775.html,VR看装修 | 房本满五年,此房是住宅。70年产权。楼层高景色好，通风采光好。视野开阔。,小区绿化高，环境优美，有供业主休闲的高尔夫球场，小区停车免费，有免费穿梭巴士来往。,,,,,2014-08-25,2025-04-17,商品房,普通住宅,满五年,非共有,有抵押 兴业银行股份有限公司深圳分行,挂牌时间:2025-04-17 | 交易权属:商品房 | 上次交易:2014-08-25 | 房屋用途:普通住宅 | 房屋年限:满五年 | 产权所属:非共有 | 抵押信息:有抵押 兴业银行股份有限公司深圳分行 | 房本备件:已上传房本照片,卧室 / 25.07平米 / 无 / 普通窗 ; 卫生间 / 3.96平米 / 无 / 无窗 ; 阳台 / 15.07平米 / 无 / 普通窗 ; 储物间 / 7.09平米 / 无 / 无窗,
南北通透 三房两厅两卫 精装修 领包入住 满五年,"深业泰然观澜玫瑰苑 , 观澜",3室2厅,114.47平米,南 北,精装,31层,2016年,板塔结合,430 万,37565 元,0,,,近地铁 | VR看装修,https://sz.lianjia.com/ershoufang/105121383385.html,地铁 | VR看装修,此房是南北通户型，阳台朝南，满五年，楼下就是4号线观澜站。,,小区楼下自带商场，隔壁有百佳华大型商场，兴旺达广场，生活便利。,小区楼下就是龙华4号线观澜站，还有多条公交可选，观澜轻轨总站。,,一手业主，满五年，有少量欠款，产权清晰，办理过户手续快。正常房贷。,暂无数据,2025-07-09,商品房,普通住宅,暂无数据,非共有,有抵押 100万元 客户偿还,挂牌时间:2025-07-09 | 交易权属:商品房 | 上次交易:暂无数据 | 房屋用途:普通住宅 | 房屋年限:暂无数据 | 产权所属:非共有 | 抵押信息:有抵押 100万元 客户偿还 | 房本备件:未上传房本照片,,
陶润懿峰 5室2厅 南 北,"陶润懿峰 , 观澜",5室2厅,118平米,南 北,,高楼层(共32层),2016年,板塔结合,550 万,46611 元,0,,,近地铁 | VR看装修,https://sz.lianjia.com/ershoufang/105121290612.html,地铁 | VR看装修,,,,,,,暂无数据,2025-07-01,商品房,普通住宅,暂无数据,非共有,无抵押,挂牌时间:2025-07-01 | 交易权属:商品房 | 上次交易:暂无数据 | 房屋用途:普通住宅 | 房屋年限:暂无数据 | 产权所属:非共有 | 抵押信息:无抵押 | 房本备件:未上传房本照片,客厅 / 36.41平米 / 北 南 / 落地窗 ; 卧室A / 7.08平米 / 北 / 落地窗 ; 卧室B / 6.41平米 / 无 / 未知窗户类型 ; 卧室C / 9.87平米 / 无 / 未知窗户类型 ; 卧室D / 12.37平米 / 无 / 未知窗户类型 ; 卧室E / 10.18平米 / 无 / 未知窗户类型 ; 厨房 / 6.58平米 / 无 / 未知窗户类型 ; 卫生间A / 4.87平米 / 无 / 未知窗户类型 ; 卫生间B / 3.63平米 / 无 / 未知窗户类型 ; 阳台 / 6.08平米 / 西 东 南 / 普通窗,
高楼层，置换四房，全新小区，价格也是亮点!,"御景华府 , 观澜",4室2厅,104.88平米,南,毛坯,高楼层(共32层),2023年,板塔结合,415 万,39570 元,3,,,VR看装修 | 随时看房,https://sz.lianjia.com/ershoufang/105119916633.html,VR看装修 | 随时看房,高楼层，全新毛坯，改善四房，全新小区，价格也是亮点!,,,项目处于观澜高新园、鹭湖城片区，项目邻地铁18号线（规划中）/22号线（规划中），近五和大道、环观南路、沈海高速、梅观高速等交通快速干道，多维立体交通畅达。,,,2021-11-13,2025-03-04,商品房,普通住宅,暂无数据,非共有,无抵押,挂牌时间:2025-03-04 | 交易权属:商品房 | 上次交易:2021-11-13 | 房屋用途:普通住宅 | 房屋年限:暂无数据 | 产权所属:非共有 | 抵押信息:无抵押 | 房本备件:已上传房本照片,客厅 / 24.97平米 / 南 / 普通窗 ; 卧室A / 6.16平米 / 无 / 未知窗户类型 ; 卧室B / 15.83平米 / 无 / 未知窗户类型 ; 卧室C / 6.17平米 / 无 / 未知窗户类型 ; 卧室D / 7.02平米 / 无 / 未知窗户类型 ; 厨房 / 3.09平米 / 西 / 普通窗 ; 卫生间A / 2.84平米 / 无 / 普通窗 ; 卫生间B / 4.07平米 / 北 / 落地窗 ; 阳台A / 2.48平米 / 西 / 普通窗 ; 阳台B / 7.75平米 / 西 南 / 普通窗 ; 过道 / 4.07平米 / 无 / 无窗,
满五唯一税费少，看花园，客厅正出阳台，精装修,"城建仁山智水花园一期 , 观澜",5室2厅,158.15平米,北 南,精装,低楼层(共22层),2015年,塔楼,930 万,58805 元,1,,,VR看装修,https://sz.lianjia.com/ershoufang/105121030493.html,VR看装修,满五唯一住家装修，看花园，客厅出阳台，拎包入住，税费少。,仁山智水由深圳市城市建设开发公司开发，小区占地近20 0000平方米，总建筑面积为557584.63㎡，住宅282053.6㎡，商铺5860㎡，幼儿园3500.08㎡，建筑主体包括95栋住宅楼，其中有83栋低多层住宅及8栋高层和4栋高层，住宅共1445户，车位3158个,平安医院（6-800米百度地图测距）社区健康服务购物商场楼下保地利百货，天虹（2400米百度地图测距），22号线观湖站300米在建中,公交（观澜高新园站）M517、M264、313、E4路等，出小区约100有轨电车站台（电车接驳地铁4号线清湖地铁口），高速公路：机荷高速公路、梅观高速公路，交通方便，22号线观湖站300米在建中,,,暂无数据,2025-06-10,商品房,普通住宅,暂无数据,非共有,有抵押 350万元,挂牌时间:2025-06-10 | 交易权属:商品房 | 上次交易:暂无数据 | 房屋用途:普通住宅 | 房屋年限:暂无数据 | 产权所属:非共有 | 抵押信息:有抵押 350万元 | 房本备件:未上传房本照片,,
上叠带花园带天台 已拓展实用高 中间位置 通透采光好,"观湖园 , 观澜",5室2厅,175.5平米,西南,,4层,2009年,板楼,900 万,51283 元,0,,,VR房源,https://sz.lianjia.com/ershoufang/105121386483.html,VR房源,上叠带花园带天台 已拓展实用高 中间位置 通透采光好,观湖园项目位于龙华新区观澜镇，邻近梅观高速公路，在梅观高速观澜出口。小区占地面积：37.6弯平方米，容积低，绿化高，东南亚园林景观设计。双拼跟独栋管理费是6.5平米，叠拼的管理费是4.95平米，小区安保严密，24小时巡逻监控,小区南门200米，有菜市场，商场能满足日常所需；距离观澜湖新城约5公 里，观澜湖新城是大型的SHOPING MALL，一系列品牌都已进驻，购物娱乐 都相当方便；距离观澜人民医院及伟光医院约6公里。,观湖园别墅小区邻近梅观高速公路，距离梅观高速观澜出口约1.5公里，去南山约33公里，罗湖约30公里，福田约28公里，交通如此便利的接轨市内生活圈。到观澜汽车站和观澜湖新城约五公里，观澜湖新城是大型的Shoig Mll，交通出行娱乐购物也是相当方便,,,暂无数据,2025-07-09,商品房,普通住宅,暂无数据,非共有,有抵押,挂牌时间:2025-07-09 | 交易权属:商品房 | 上次交易:暂无数据 | 房屋用途:普通住宅 | 房屋年限:暂无数据 | 产权所属:非共有 | 抵押信息:有抵押 | 房本备件:未上传房本照片,,
高楼层 采光好 配套齐全 交通方便 密度低,"佳华领域广场 , 观澜",3室1厅,88平米,东南,精装,中楼层(共38层),2017年,板楼,360 万,40910 元,0,,,近地铁 | VR看装修,https://sz.lianjia.com/ershoufang/105121154476.html,地铁 | VR看装修,此小区密度低 配套齐全 交通方便,开发商佳华是深圳一线开发商 小区管理物业负责，花园小区，密度低,,有民法公园，出小区有百佳华商场，观澜老街步行街，4号地铁延长线，观澜站A出口，离小区步行可达,,,暂无数据,2025-06-20,商品房,普通住宅,暂无数据,非共有,有抵押,挂牌时间:2025-06-20 | 交易权属:商品房 | 上次交易:暂无数据 | 房屋用途:普通住宅 | 房屋年限:暂无数据 | 产权所属:非共有 | 抵押信息:有抵押 | 房本备件:未上传房本照片,,
朝向好环境优美两房两厅一厨一卫,"招商锦绣观园 , 观澜",2室2厅,63.23平米,东南,简装,低楼层(共28层),2014年,,163 万,25779 元,5,,,VR看装修 | 房本满五年 | 随时看房,https://sz.lianjia.com/ershoufang/105119647875.html,VR看装修 | 房本满五年 | 随时看房,"楼层一楼下面有地下停车场和商铺，实际有3层楼高。
孕婴老幼",招商地产及物业，小区停车位充足，200元一个月价格优惠。民水民电，已开通天燃气。小区内设公立幼儿园、社康、党群、室内恒温游泳池、美容院、早餐店、餐馆、烧烤店、水果店、菜档、便利店、菜鸟驿站、少儿培训机构等。,,,,,2014-01-19,2025-02-11,商品房,普通住宅,满五年,非共有,无抵押,挂牌时间:2025-02-11 | 交易权属:商品房 | 上次交易:2014-01-19 | 房屋用途:普通住宅 | 房屋年限:满五年 | 产权所属:非共有 | 抵押信息:无抵押 | 房本备件:已上传房本照片,客厅 / 20.8平米 / 东南 / 普通窗 ; 卧室A / 6.26平米 / 东北 / 普通窗 ; 卧室B / 8.5平米 / 东南 / 普通窗 ; 厨房 / 4.52平米 / 东北 / 普通窗 ; 卫生间 / 1.98平米 / 东北 / 普通窗 ; 阳台A / 1.96平米 / 东北 东南 / 普通窗 ; 阳台B / 3.88平米 / 东南 / 普通窗,
房东自住随时可搬十二点前及三点半后可看房,"招商锦绣观园 , 观澜",2室2厅,63.88平米,西南,简装,低楼层(共28层),2014年,,190 万,29744 元,4,,,VR看装修 | 房本满五年,https://sz.lianjia.com/ershoufang/105119861757.html,VR看装修 | 房本满五年,看水库房，风景好，边角户采光好。,,,小区前后门均有公交站，后面是公交总站。离竹村地铁口两公里，开车到福田半个钟左右，出行方便。,,,2014-08-06,2025-02-27,商品房,普通住宅,满五年,非共有,无抵押,挂牌时间:2025-02-27 | 交易权属:商品房 | 上次交易:2014-08-06 | 房屋用途:普通住宅 | 房屋年限:满五年 | 产权所属:非共有 | 抵押信息:无抵押 | 房本备件:已上传房本照片,客厅 / 24.76平米 / 无 / 无窗 ; 卧室A / 8.63平米 / 西南 / 普通窗 ; 卧室B / 6.39平米 / 西北 / 普通窗 ; 厨房 / 4.69平米 / 西北 / 普通窗 ; 卫 / 2.02平米 / 西北 / 普通窗 ; 阳台 / 2.05平米 / 西 / 普通窗,
高楼层 采光好 配套齐全 交通方便 密度低,"佳华领域广场 , 观澜",3室1厅,88平米,东南,精装,中楼层(共38层),2017年,板楼,360 万,40910 元,0,,,近地铁 | VR看装修,https://sz.lianjia.com/ershoufang/105121154476.html,地铁 | VR看装修,此小区密度低 配套齐全 交通方便,开发商佳华是深圳一线开发商 小区管理物业负责，花园小区，密度低,,有民法公园，出小区有百佳华商场，观澜老街步行街，4号地铁延长线，观澜站A出口，离小区步行可达,,,暂无数据,2025-06-20,商品房,普通住宅,暂无数据,非共有,有抵押,挂牌时间:2025-06-20 | 交易权属:商品房 | 上次交易:暂无数据 | 房屋用途:普通住宅 | 房屋年限:暂无数据 | 产权所属:非共有 | 抵押信息:有抵押 | 房本备件:未上传房本照片,,
万科精装南向四房7米加长大阳台中间楼层景观视野开阔,"万科启城 , 观澜",4室1厅,115平米,南,精装,中楼层(共48层),,板塔结合,600 万,52174 元,0,,,近地铁 | VR房源 | 随时看房,https://sz.lianjia.com/ershoufang/105120974482.html,地铁 | VR房源 | 随时看房,万科精装南向四房7米加长大阳台中间楼层景观视野开阔,,小区配套成熟，楼下自带底商，边上有福城天虹和观荟里商场，生活便利，公交总站在楼下，出行方便，有四号线长湖站，医院，民法公园。,,,,暂无数据,2025-06-05,商品房,普通住宅,暂无数据,非共有,有抵押,挂牌时间:2025-06-05 | 交易权属:商品房 | 上次交易:暂无数据 | 房屋用途:普通住宅 | 房屋年限:暂无数据 | 产权所属:非共有 | 抵押信息:有抵押 | 房本备件:未上传房本照片,客厅 / 28.06平米 / 东南 / 普通窗 ; 卧室A / 10.82平米 / 无 / 未知窗户类型 ; 卧室B / 6.7平米 / 无 / 未知窗户类型 ; 卧室C / 6.77平米 / 无 / 未知窗户类型 ; 卧室D / 9.87平米 / 无 / 未知窗户类型 ; 厨房 / 6.39平米 / 东南 / 普通窗 ; 卫生间A / 4.46平米 / 西北 / 落地窗 ; 卫生间B / 6.95平米 / 西北 / 落地窗 ; 阳台 / 8.53平米 / 东北 东南 / 普通窗 ; 衣帽间 / 1.95平米 / 无 / 无窗,
次新花园社区，人车分流，车位充足，小区环境优美.,"珑门二期 , 观澜",4室2厅,86.52平米,东南,精装,中楼层(共32层),2018年,板塔结合,350 万,40454 元,0,,,VR房源 | 房本满五年,https://sz.lianjia.com/ershoufang/105121676110.html,VR房源 | 房本满五年,珑门名苑，次新花园社区，人车分流，车位充足，小区环境优美.,小区带花园，绿化高，三层地下停车位，车位充足，家门口公办 ，小区自带公办 ，小区环抱观澜文体公园，门口公交站，两大高速，交通方便,旁边有体育馆，体育公园，民法公园’旁边就是观光路直通梅观高速，接外环高速,旁边就是观光路直通梅观高速，接外环高速‘旁边有体育馆，体育公园，民法公园,,,2013-06-27,2025-08-04,商品房,普通住宅,满五年,非共有,有抵押 350万元 华润银行 业主自还,挂牌时间:2025-08-04 | 交易权属:商品房 | 上次交易:2013-06-27 | 房屋用途:普通住宅 | 房屋年限:满五年 | 产权所属:非共有 | 抵押信息:有抵押 350万元 华润银行 业主自还 | 房本备件:已上传房本照片,客厅 / 24.76平米 / 无 / 未知窗户类型 ; 卧室A / 12.68平米 / 东北 / 普通窗 ; 卧室B / 8.27平米 / 无 / 未知窗户类型 ; 卧室C / 5.22平米 / 西 / 落地窗 ; 厨房 / 8.19平米 / 东南 / 普通窗 ; 卫生间A / 3.45平米 / 东南 / 落地窗 ; 卫B / 2.3平米 / 西北 / 落地窗 ; 阳台 / 4.58平米 / 西北 东北 东南 / 普通窗 ; 储物间 / 5.74平米 / 无 / 无窗 ; 过道 / 2.55平米 / 无 / 无窗,
地铁口高层三房业主诚售钥匙看房,"合正观澜汇一期 , 观澜",3室1厅,77.57平米,南,精装,31层,2016年,板塔结合,368 万,47442 元,0,,,近地铁 | VR看装修,https://sz.lianjia.com/ershoufang/105121777783.html,地铁 | VR看装修,满五唯一，税费少，高层采光好，看房方便,合正品牌开发商，小区是2015年新社区，2017年7月毛坯交房，小区共计6栋，三梯六户，小区自带泳池。居住便捷舒适,小区地段好，交通便利，楼下就是地铁茜坑站，天虹商场。配套完善，上班族，通勤便利，户型方正，宜居家。比邻新天虹购物商城，观影，餐饮，购物，休闲一站式。格兰云天大酒店，凯美居广场，观澜湖新城,小区地段好，交通便利，楼下就是地铁茜坑站，天虹商场。配套完善，上班族，通勤便利，户型方正，宜居家,,,暂无数据,2025-08-13,商品房,普通住宅,暂无数据,非共有,无抵押,挂牌时间:2025-08-13 | 交易权属:商品房 | 上次交易:暂无数据 | 房屋用途:普通住宅 | 房屋年限:暂无数据 | 产权所属:非共有 | 抵押信息:无抵押 | 房本备件:未上传房本照片,,
福安雅园楼层好视野无遮挡采光充足配套设施齐全,"福安雅园 , 观澜",3室2厅,89.81平米,南,精装,高楼层(共34层),2015年,,280 万,31177 元,1,,,VR看装修 | 房本满五年 | 随时看房,https://sz.lianjia.com/ershoufang/105120310767.html,VR看装修 | 房本满五年 | 随时看房,视野无遮挡采光充足，配套设施齐全，交通方便,,,大社区14栋，公交总站接轨地铁站四号线长湖地铁站；上高速也就三个红绿灯，龙澜快速几百米,,,2014-11-26,2025-04-06,商品房,普通住宅,满五年,共有,有抵押 业主自还,挂牌时间:2025-04-06 | 交易权属:商品房 | 上次交易:2014-11-26 | 房屋用途:普通住宅 | 房屋年限:满五年 | 产权所属:共有 | 抵押信息:有抵押 业主自还 | 房本备件:已上传房本照片,,
朝向好环境优美两房两厅一厨一卫,"招商锦绣观园 , 观澜",2室2厅,63.23平米,东南,简装,低楼层(共28层),2014年,,163 万,25779 元,5,,,VR看装修 | 房本满五年 | 随时看房,https://sz.lianjia.com/ershoufang/105119647875.html,VR看装修 | 房本满五年 | 随时看房,"楼层一楼下面有地下停车场和商铺，实际有3层楼高。
孕婴老幼",招商地产及物业，小区停车位充足，200元一个月价格优惠。民水民电，已开通天燃气。小区内设公立幼儿园、社康、党群、室内恒温游泳池、美容院、早餐店、餐馆、烧烤店、水果店、菜档、便利店、菜鸟驿站、少儿培训机构等。,,,,,2014-01-19,2025-02-11,商品房,普通住宅,满五年,非共有,无抵押,挂牌时间:2025-02-11 | 交易权属:商品房 | 上次交易:2014-01-19 | 房屋用途:普通住宅 | 房屋年限:满五年 | 产权所属:非共有 | 抵押信息:无抵押 | 房本备件:已上传房本照片,客厅 / 20.8平米 / 东南 / 普通窗 ; 卧室A / 6.26平米 / 东北 / 普通窗 ; 卧室B / 8.5平米 / 东南 / 普通窗 ; 厨房 / 4.52平米 / 东北 / 普通窗 ; 卫生间 / 1.98平米 / 东北 / 普通窗 ; 阳台A / 1.96平米 / 东北 东南 / 普通窗 ; 阳台B / 3.88平米 / 东南 / 普通窗,
观澜汇5居室空间开阔方正户型诚意出,"合正观澜汇一期 , 观澜",5室2厅,124.86平米,东南,简装,33层,2016年,板塔结合,700 万,56063 元,0,,,近地铁 | VR看装修,https://sz.lianjia.com/ershoufang/105121730179.html,地铁 | VR看装修,户型方正 采光好 满五年 红本 税费低  位置安静,4号线西坑地铁口上盖，通行方便 旁边有龙华区政府，龙华区图书馆。,小区楼下有福城天虹，美佳华广场  观澜天虹以及即将开业的观澜壹方城,,,,暂无数据,2025-08-09,商品房,普通住宅,暂无数据,非共有,无抵押,挂牌时间:2025-08-09 | 交易权属:商品房 | 上次交易:暂无数据 | 房屋用途:普通住宅 | 房屋年限:暂无数据 | 产权所属:非共有 | 抵押信息:无抵押 | 房本备件:未上传房本照片,,
满五唯一，东南朝向 户型方正 两室两厅两阳台,"招商锦绣观园 , 观澜",2室2厅,63.83平米,东南,简装,中楼层(共28层),2014年,塔楼,188 万,29454 元,1,,,VR看装修 | 房本满五年,https://sz.lianjia.com/ershoufang/105121912744.html,VR看装修 | 房本满五年,满五唯一，楼层楼栋朝向好，居住舒适，交通便利出行方便。,,园区内有幼儿园，恒温游泳池，社康，社区活动室，大门口就是龙华区环城绿道，茜坑水库，自然生态环境好，适宜居住。,小区有两趟的公交首末站，离地铁口两公里，可用电动车接驳，小区大门口就可上龙澜大道转福龙路，开车到福田南山半小时多。,,,2014-01-11,2025-08-25,商品房,普通住宅,满五年,共有,无抵押,挂牌时间:2025-08-25 | 交易权属:商品房 | 上次交易:2014-01-11 | 房屋用途:普通住宅 | 房屋年限:满五年 | 产权所属:共有 | 抵押信息:无抵押 | 房本备件:已上传房本照片,,
合正观澜汇一期 3室1厅 西南,"合正观澜汇一期 , 观澜",3室1厅,88.47平米,西南,精装,29层,2016年,板塔结合,413 万,46683 元,3,,,近地铁 | VR房源 | 房本满五年,https://sz.lianjia.com/ershoufang/105121298262.html,地铁 | VR房源 | 房本满五年,,,,,,,2019-10-24,2025-07-02,商品房,普通住宅,满五年,非共有,有抵押,挂牌时间:2025-07-02 | 交易权属:商品房 | 上次交易:2019-10-24 | 房屋用途:普通住宅 | 房屋年限:满五年 | 产权所属:非共有 | 抵押信息:有抵押 | 房本备件:已上传房本照片,客厅 / 30.22平米 / 西 / 普通窗 ; 卧室A / 14.21平米 / 无 / 未知窗户类型 ; 卧室B / 8.65平米 / 无 / 未知窗户类型 ; 卧室C / 8.57平米 / 北 / 落地窗 ; 厨房 / 9.82平米 / 北 / 落地窗 ; 卫生间A / 3.59平米 / 西 / 落地窗 ; 卫B / 2.45平米 / 无 / 无窗 ; 阳台 / 4.65平米 / 西 / 普通窗 ; 过道 / 3.21平米 / 无 / 无窗,
中间位置，地铁口物业，高楼层，通风采光好,"龙光玖誉府 , 观澜",3室2厅,89.23平米,东南,毛坯,高楼层(共31层),2020年,塔楼,445 万,49872 元,0,,,近地铁 | VR房源 | 房本满五年 | 随时看房,https://sz.lianjia.com/ershoufang/105118451353.html,地铁 | VR房源 | 房本满五年 | 随时看房,满五唯一，红本在手，交易流程简单，高楼层采光通风好,龙光玖誉府为 “玖”系作品，是龙光品牌23年匠心打磨的又一力作。总占地面积约15000㎡，总建筑面积约85000㎡，项目精心规划有8000㎡ 图书馆及73-108㎡ 精品住宅，秉承龙光一直以来对品质的高标准，严要求，精心考量空间需求与体验，打造舒适宜居的人居,综合商场：楼下就是系餐饮休闲购物于一体的福城天虹大型综合商场，休闲购物方便。3公里范围内有比邻新天地、观澜天虹、观澜汇合正广场、观荟里四大集中商场 医院：龙华中.心医院（三甲），文体：观湖文化体育（建设中）、鹭湖人文三馆（规划中）,1）快速路网：项目已形成三横三纵交通格局。本项目东邻观澜大道，其中三横为“观光路、环观南路、机荷高速”；三纵为“龙观快速、观澜大道、梅观快速”。 2) 地铁：楼下就是地铁4号延长线茜坑站，深圳北直通香港、到达福田会展,,,2020-04-30,2024-09-30,商品房,普通住宅,满五年,非共有,无抵押,挂牌时间:2024-09-30 | 交易权属:商品房 | 上次交易:2020-04-30 | 房屋用途:普通住宅 | 房屋年限:满五年 | 产权所属:非共有 | 抵押信息:无抵押 | 房本备件:已上传房本照片,客厅 / 25.9平米 / 无 / 未知窗户类型 ; 卧室A / 7.16平米 / 无 / 落地窗 ; 卧室B / 11.58平米 / 无 / 未知窗户类型 ; 卧室C / 9.8平米 / 无 / 未知窗户类型 ; 厨房 / 4.28平米 / 无 / 普通窗 ; 卫生间A / 4.42平米 / 无 / 落地窗 ; 卫生间B / 2.69平米 / 无 / 落地窗 ; 阳台A / 4.66平米 / 无 / 普通窗 ; 阳台B / 1.88平米 / 无 / 普通窗 ; 过道 / 3.36平米 / 无 / 无窗,
满五唯一，精装修，朝南，看公园,"深业泰然观澜玫瑰苑 , 观澜",3室2厅,88.71平米,南,精装,31层,2016年,板塔结合,357 万,40244 元,0,,20天以前发布,近地铁 | VR看装修,https://sz.lianjia.com/ershoufang/105122162633.html,地铁 | VR看装修,满五年唯一3房，中间位置安静，近地铁四号线观澜站,小区为 综合体，以空中花园为分开住宅与商场。由深圳市国惠康国泰房地产开发有限公司开发，深业泰然（集团）有限公司控股，成立于1985年的深圳市属国有企业，注册资金8亿元，旗下拥有9家控股企业、2家参股企业资历雄厚,小区自带商 .业，隔壁还有百佳华商场，马路跨国天桥是观澜老街,"小区门距离有轨轨电车-新澜站100米,，接驳清湖地铁口直达福田，楼下就是公交站吉盛酒店大公交站台，另外5公里上龙观快速，4公里上珠三角环线高速，各种交通设施配套齐全，出行便利",,,暂无数据,2025-09-17,商品房,普通住宅,暂无数据,非共有,有抵押,挂牌时间:2025-09-17 | 交易权属:商品房 | 上次交易:暂无数据 | 房屋用途:普通住宅 | 房屋年限:暂无数据 | 产权所属:非共有 | 抵押信息:有抵押 | 房本备件:未上传房本照片,,
满五唯一中高楼层，视野宽广，户型方正,"招商锦绣观园 , 观澜",2室1厅,63.85平米,东南,简装,高楼层(共28层),2014年,,188 万,29445 元,0,,16天以前发布,VR看装修 | 房本满五年 | 随时看房,https://sz.lianjia.com/ershoufang/105122204675.html,VR看装修 | 房本满五年 | 随时看房,临茜坑水库享受优美生态环境，自带公立幼儿园，户型方正，视野宽,,,,满五唯一可免增值税和个人所得税购房者承担少量的契税，购房成本低,,2011-07-20,2025-09-21,商品房,普通住宅,满五年,非共有,有抵押 业主自还,挂牌时间:2025-09-21 | 交易权属:商品房 | 上次交易:2011-07-20 | 房屋用途:普通住宅 | 房屋年限:满五年 | 产权所属:非共有 | 抵押信息:有抵押 业主自还 | 房本备件:已上传房本照片,,
长湖地铁口精装修通透四房 100的使用率  诚心出售好谈,"华盛观荟名庭 , 观澜",4室2厅,118.23平米,南,精装,中楼层(共32层),2018年,板塔结合,568 万,48042 元,0,,,近地铁 | VR看装修 | 房本满五年,https://sz.lianjia.com/ershoufang/105120814403.html,地铁 | VR看装修 | 房本满五年,长湖地铁口精装修通透四房  100的使用率  诚心出售好谈,小区分两期开发，一期由公寓和住宅，二期三栋住宅。小区一期楼下是商 业，三楼是空中花园，三楼以上是住宅，一共有二栋一栋是公寓二栋是住宅，二期的小户型是2019年下半年才精装交房，次新房，居住舒适，二期自带泳池和园林,楼下就是为盛商场，隔壁天虹购物商场、龙华三甲医院 深圳市第二人民医院龙华院区.二，小二，中，三外配套，都在眼前，,长湖地铁口，福民影剧院;M337路M464路， 1经泗黎路与观光路，3个红绿灯到达梅观高速，梅观高速快速到达福田区； 2．通过观澜大道转机荷高速，可快速到达龙岗，宝安机场等等,,,2017-06-25,2025-05-22,商品房,普通住宅,满五年,非共有,有抵押 430万元 北京银行,挂牌时间:2025-05-22 | 交易权属:商品房 | 上次交易:2017-06-25 | 房屋用途:普通住宅 | 房屋年限:满五年 | 产权所属:非共有 | 抵押信息:有抵押 430万元 北京银行 | 房本备件:已上传房本照片,,
6栋安静中间楼层，正南向，视野光线好，价格可谈。,"金地鹭湖1号 , 观澜",3室2厅,89.11平米,南,,中楼层(共16层),2015年,塔楼,395 万,44328 元,0,,,VR看装修,https://sz.lianjia.com/ershoufang/105120544070.html,VR看装修,满五年，税费少，花园位置，中间楼层，看房方便，方正户型。,金地鹭湖1号，位于龙华区观澜街道梅观高速与环观南路交汇处。 鹭湖国际住区项目，主打户型产品：建面89平3房2卫。还有少量137平4房2卫，及190平复式。 项目占地面积约91197.68平方米，总建筑面积约164150平方米。,,轨道交通：有轨电车站台，高新园西站（电车接驳地铁4号线清湖地铁口），公交线路：公交（观澜高新园站）M567、M264、313、E4路等，高速公路：机荷高速公路、梅观高速公路，交通方便。,,,暂无数据,2025-04-27,商品房,普通住宅,暂无数据,非共有,有抵押 470,挂牌时间:2025-04-27 | 交易权属:商品房 | 上次交易:暂无数据 | 房屋用途:普通住宅 | 房屋年限:暂无数据 | 产权所属:非共有 | 抵押信息:有抵押 470 | 房本备件:未上传房本照片,,
临茜坑水库享受优美生态环境，带公立幼儿园，户型方正,"招商锦绣观园 , 观澜",2室2厅,63.88平米,东南,,低楼层(共28层),2014年,,222 万,34753 元,1,,,VR看装修 | 房本满五年,https://sz.lianjia.com/ershoufang/105121998562.html,VR看装修 | 房本满五年,临茜坑水库享受优美生态环境，自带公立幼儿园，户型方正，视野宽,,,,满五唯一可免增值税和个人所得税购房者承担少量的契税，购房成本低,,2014-01-09,2025-09-02,商品房,普通住宅,满五年,非共有,无抵押,挂牌时间:2025-09-02 | 交易权属:商品房 | 上次交易:2014-01-09 | 房屋用途:普通住宅 | 房屋年限:满五年 | 产权所属:非共有 | 抵押信息:无抵押 | 房本备件:已上传房本照片,,
金地鹭湖1号 3室1厅 南,"金地鹭湖1号 , 观澜",3室1厅,89.58平米,南,,中楼层(共16层),2015年,塔楼,435 万,48560 元,0,,,VR看装修,https://sz.lianjia.com/ershoufang/105121413377.html,VR看装修,,,,,,,暂无数据,2025-07-11,商品房,普通住宅,暂无数据,非共有,有抵押 380万元 北京银行 客户偿还,挂牌时间:2025-07-11 | 交易权属:商品房 | 上次交易:暂无数据 | 房屋用途:普通住宅 | 房屋年限:暂无数据 | 产权所属:非共有 | 抵押信息:有抵押 380万元 北京银行 客户偿还 | 房本备件:未上传房本照片,,
精致一房，拎包入住，中高楼层，宜居小区,"华盛峰荟名庭 , 观澜",1室1厅,48.08平米,南,精装,高楼层(共27层),2016年,板塔结合,132 万,27455 元,0,,,近地铁 | VR房源,https://sz.lianjia.com/ershoufang/105120989378.html,地铁 | VR房源,采光通风佳，业主诚心卖 配套齐全,深圳市华盛智地房地产开发有限公司。物业公司：深圳市金洪物业管理服务有限公司，小区24小时安保巡逻。小区内部配套：儿童游乐场，健身活动区，小区园林，商场等。,商场：天虹商场，为盛商场，农贸市场：龙华区医院 深圳市龙华新区慢性病防治.观澜医院竹村社区健康服务邮局：中国邮政 中国邮政 观澜邮政局银行：中国建设银行ATM 深圳市农村商.业银行ATM 中国农业银行ATM其他：格兰云天国际大酒店,地铁：4号线长湖站，公交;，福民影剧院;M337路M464路， 1经泗黎路与观光路，3个红绿灯到达梅观高速，梅观高速快速到达福田区； 2．通过观澜大道转机荷高速，可快速到达龙岗，宝安机场..,,,暂无数据,2025-06-06,商品房,商务公寓,暂无数据,非共有,无抵押,挂牌时间:2025-06-06 | 交易权属:商品房 | 上次交易:暂无数据 | 房屋用途:商务公寓 | 房屋年限:暂无数据 | 产权所属:非共有 | 抵押信息:无抵押 | 房本备件:未上传房本照片,,
招商澜园南区，可看河景，阳台看花园安静，看房方便。,"招商澜园 , 观澜",3室1厅,87.99平米,西南,简装,中楼层(共17层),2010年,板塔结合,300 万,34095 元,2,,,近地铁 | VR房源,https://sz.lianjia.com/ershoufang/105116120271.html,地铁 | VR房源,招商澜园南区，可看河景，阳台看花园安静，看房方便。,小区由招商局地产开发，国家一级物业资质的招商物业管理，小区部分为南北两区，由十三栋高层组成，低密度，是个纯居住的大社区，自带6000平的大花园，人车分流，很适合有老人和小孩的客户，小区自带幼儿园，有固定车位。,配套：观澜街道办 休闲区域：新世纪广场、观澜文化广场， 商场：设施天虹商场、比邻新天地，观澜河湿地公园距离小区近在咫尺。龙华区政府距离小区2公里，属于新区政府辐射范围内。项目：现聚集多家大品牌开发商在此拿地。如：万科 卓 越，阳基,小区门口就有公交站，途径的公交线众多，有轨电车在小区门口文澜站，直接到达清湖地铁口，竹村地铁口 800米，观澜大桥直接可以上机荷高速，多条公交线路到达罗湖，福田,,,暂无数据,2024-02-24,商品房,普通住宅,暂无数据,非共有,有抵押,挂牌时间:2024-02-24 | 交易权属:商品房 | 上次交易:暂无数据 | 房屋用途:普通住宅 | 房屋年限:暂无数据 | 产权所属:非共有 | 抵押信息:有抵押 | 房本备件:未上传房本照片,客厅 / 12.54平米 / 东北 / 普通窗 ; 卧室A / 17.42平米 / 无 / 未知窗户类型 ; 卧室B / 5.07平米 / 东北 / 落地窗 ; 卧室C / 15.11平米 / 无 / 未知窗户类型 ; 厨房 / 3.82平米 / 东北 / 普通窗 ; 卫生间 / 2.88平米 / 西北 / 普通窗 ; 阳台 / 4.59平米 / 东北 / 普通窗 ; 过道 / 5.08平米 / 无 / 无窗 ; 门厅 / 13.66平米 / 无 / 未知窗户类型,
懿花园 精装3房 朝南高楼层 看花园 客厅正出阳台,"懿花园 , 观澜",3室2厅,89.13平米,东南,精装,高楼层(共10层),2014年,板楼,370 万,41513 元,0,,,VR房源,https://sz.lianjia.com/ershoufang/105117470331.html,VR房源,此房满五年 唯一 产权清晰 高楼层 看花园 位置安静 业主诚售,,小区是和记黄埔开发，万科物业，小区属于鹭湖国际住区中间位置，位置安静，依山傍水，小区总共33栋别墅，12栋洋房，密度低，舒适！ 业主自住装修，维护保养较好，稍作打理，即可拎包入住！,距有轨电车站390米（百度地图测距），公交线路：公交（宝安高新科技园、观澜高新科技园）794、627、663、668、866路等，高速公路：机荷高速公路、梅观高速公路，交通方便。,,,暂无数据,2024-07-01,商品房,普通住宅,暂无数据,非共有,有抵押 170万元 金融公司垫资,挂牌时间:2024-07-01 | 交易权属:商品房 | 上次交易:暂无数据 | 房屋用途:普通住宅 | 房屋年限:暂无数据 | 产权所属:非共有 | 抵押信息:有抵押 170万元 金融公司垫资 | 房本备件:未上传房本照片,客厅 / 28.15平米 / 南 / 普通窗 ; 卧室A / 10.86平米 / 西北 南 / 落地窗 ; 卧室B / 14.55平米 / 无 / 未知窗户类型 ; 卧室C / 7.47平米 / 无 / 未知窗户类型 ; 厨房 / 5.71平米 / 西南 / 普通窗 ; 卫生间A / 3.66平米 / 无 / 普通窗 ; 卫生间B / 3.51平米 / 西南 / 普通窗 ; 阳台 / 2.81平米 / 西南 / 普通窗 ; 过道 / 2.85平米 / 无 / 无窗,
全新毛坯，满五唯一，无抵押，看房方便,"佳华领域广场 , 观澜",3室2厅,88.45平米,西南,毛坯,高楼层(共38层),2017年,板楼,364 万,41154 元,1,,,近地铁 | VR看装修,https://sz.lianjia.com/ershoufang/105117727471.html,地铁 | VR看装修,此房两梯四户，满五唯一，产权清晰，新装修一年多拎包入住。,项目由百佳华集团开发建造，分两期开发；一期共6栋组成，二期为综合体+写字楼；小区人车分流，自带12班幼儿园；环境优美，居家舒适。,小区自带有百佳华综合体，近4号线观澜站 有各大银行，兴万达商场，观澜老街步行街，过马路就是观澜小 学；1.2公里有龙华新区医院，配套完善能完全满足您日常生活所需,小区位于双轨交汇处，有轨电车-新澜站，地铁4号线-观澜站，距离小区100米（百度地图）、还有公交站吉盛酒店公交站台，另自驾5公里上龙观快速，4公里上珠三角环线高速。,,,暂无数据,2024-07-25,商品房,普通住宅,暂无数据,非共有,有抵押 175万元 中信银行,挂牌时间:2024-07-25 | 交易权属:商品房 | 上次交易:暂无数据 | 房屋用途:普通住宅 | 房屋年限:暂无数据 | 产权所属:非共有 | 抵押信息:有抵押 175万元 中信银行 | 房本备件:未上传房本照片,客厅 / 24.08平米 / 南 / 普通窗 ; 卧室A / 8.65平米 / 无 / 未知窗户类型 ; 卧室B / 8.11平米 / 西 / 落地窗 ; 卧室C / 14.08平米 / 无 / 未知窗户类型 ; 厨房 / 5.57平米 / 西 / 普通窗 ; 卫A / 1.96平米 / 北 / 普通窗 ; 卫生间B / 3.68平米 / 南 / 落地窗 ; 阳台A / 1.75平米 / 西 / 普通窗 ; 阳台B / 4.91平米 / 南 / 普通窗 ; 过道 / 3.51平米 / 无 / 无窗,
满五唯一，小区中间安静不吵，诚意出售,"中航格澜郡阳光花园 , 观澜",3室1厅,94.9平米,南,精装,中楼层(共11层),2006年,,352 万,37092 元,2,,,VR看装修,https://sz.lianjia.com/ershoufang/105119598898.html,VR看装修,满五唯一好房，小区花园里面安静的一栋，中间楼层，朝向好,中航格澜郡位于深圳龙华区观湖街道，东临龙华大道，西临沿河路，南起环观南路，北至求知路。其北面即为观澜世纪广场与文化艺术场所，与龙华区区委办仅一河之隔，可谓是尊贵地段，尽享龙华政治、文化、商 业的优势。整个小区为苏格兰风情大社区,,"有轨电车世纪广场站，大和站，地铁四号线茜坑站，竹村站，中航格澜郡公交站的有B652路、B693路、M264路等6条公交线路.公交站分别是大和路口(157米),安佳工业园(193米),观澜天虹商场(419米),富士施乐(470米),格兰云天酒店(569米)等。出行更加方便",,,暂无数据,2025-02-07,商品房,普通住宅,暂无数据,非共有,有抵押 340万元 北京银行 客户偿还,挂牌时间:2025-02-07 | 交易权属:商品房 | 上次交易:暂无数据 | 房屋用途:普通住宅 | 房屋年限:暂无数据 | 产权所属:非共有 | 抵押信息:有抵押 340万元 北京银行 客户偿还 | 房本备件:未上传房本照片,客厅 / 27.36平米 / 无 / 未知窗户类型 ; 卧室A / 7.88平米 / 北 / 普通窗 ; 卧室B / 15.68平米 / 无 / 未知窗户类型 ; 卧室C / 10.75平米 / 无 / 未知窗户类型 ; 厨房 / 7.11平米 / 南 / 普通窗 ; 卫生间 / 3.87平米 / 北 / 普通窗 ; 阳台 / 4.81平米 / 西 北 / 普通窗,
观壹城精装四房，高楼层通风好南向，业主诚意出售,"奥宸观壹城 , 观澜",4室2厅,108平米,西南,精装,高楼层(共33层),2018年,板塔结合,450 万,41667 元,0,,,近地铁 | VR看装修,https://sz.lianjia.com/ershoufang/105119105911.html,地铁 | VR看装修,观壹城精装四房，业主自住，满五年，产权清晰，业主诚意出售,项目占地大，总建面大，共3栋 12个单元；并且规划为具有70-130平米的住宅、40-80平米的公寓；楼下带3.7商，业；小区内布局合理；有2个人行主出入口，两个车库入口 配套： 小区有农村银行 离观澜湖心城1000米 购物娱乐也是很方便 百佳华离小区1500米,离小区1.8公里观澜湖新城吃喝玩乐一体 离小区20米就是振能 小区自带幼儿园,距离小区700米地铁4号线延长线松元厦站（百度地图距离） 去往龙华福田方便 小区门口有公交车站大布新村 有东莞1号线可直达东莞,,,暂无数据,2024-12-04,商品房,普通住宅,暂无数据,非共有,有抵押 220万元 建设银行 业主自还,挂牌时间:2024-12-04 | 交易权属:商品房 | 上次交易:暂无数据 | 房屋用途:普通住宅 | 房屋年限:暂无数据 | 产权所属:非共有 | 抵押信息:有抵押 220万元 建设银行 业主自还 | 房本备件:未上传房本照片,客厅 / 35.19平米 / 西 / 落地窗 ; 卧室A / 5.93平米 / 东 / 落地窗 ; 卧室B / 10.07平米 / 无 / 未知窗户类型 ; 卧室C / 10.48平米 / 无 / 未知窗户类型 ; 卧室D / 15.85平米 / 无 / 未知窗户类型 ; 厨房 / 5.31平米 / 西 / 普通窗 ; 卫生间A / 3.63平米 / 东 / 普通窗 ; 卫生间B / 4.93平米 / 东 / 普通窗 ; 阳台 / 4.79平米 / 西 北 / 落地窗,
懿花园朝南厅出阳台，视野开阔安静，业主急卖,"懿花园 , 观澜",3室1厅,89.74平米,南,,中楼层(共10层),2013年,板楼,375 万,41788 元,0,,,VR房源 | 房本满五年,https://sz.lianjia.com/ershoufang/105120606752.html,VR房源 | 房本满五年,此房满五唯一正南向厅出阳台业主急,和黄懿花园也叫盈峰翠邸，由和记黄埔地产(深圳)有限公司开发，位于横坑水库。项目规划为地上建筑4-10层，地下2层，共59栋建筑(其中57栋住宅，2所幼儿园，及公建以地下室形式布置于地块南端)。 机动车位：600个；高层地库车位385个，多层地库车位200个,医疗龙华人民第二医院（4600米百度地图测距龙华综合医院在建中3100米百度地图测距新科技园社区健康服务购物商场楼下佳又惠百货医院天虹（2400米百度地图测距,,,,2013-04-04,2025-05-03,商品房,普通住宅,满五年,非共有,有抵押 385万元 建设银行,挂牌时间:2025-05-03 | 交易权属:商品房 | 上次交易:2013-04-04 | 房屋用途:普通住宅 | 房屋年限:满五年 | 产权所属:非共有 | 抵押信息:有抵押 385万元 建设银行 | 房本备件:已上传房本照片,客厅 / 22.37平米 / 南 / 普通窗 ; 卧室A / 6.3平米 / 北 东 / 落地窗 ; 卧室B / 15.78平米 / 无 / 未知窗户类型 ; 卧室C / 7.22平米 / 无 / 未知窗户类型 ; 厨房 / 5.84平米 / 东 / 普通窗 ; 卫生间A / 3.75平米 / 无 / 普通窗 ; 卫生间B / 3.46平米 / 东 / 普通窗 ; 阳台 / 6.4平米 / 东 南 / 普通窗 ; 阳台A / 2.07平米 / 东 / 普通窗 ; 阳台B / 3.96平米 / 东 南 / 落地窗 ; 过道 / 2.86平米 / 无 / 无窗,
招商观园2房急卖，业主着急，欢迎大家来看房,"招商观园 , 观澜",2室2厅,52.08平米,南,精装,中楼层(共18层),2010年,塔楼,236 万,45315 元,1,,,VR房源 | 房本满五年,https://sz.lianjia.com/ershoufang/105117526186.html,VR房源 | 房本满五年,此房满五唯一，两房，格局楼层好。,招商观园地块位于深圳市宝安区观澜街道环观南路北侧，与观澜高新技术园区隔路相望，邻进梅观高速、机荷高速，占地147595.156平方米，招商观园2期将近期推出全新升级力作中.央园林湖景单位，主力产品为140-180㎡大户型和少量90平,休闲区域：观澜滨水公园，新世纪广场、人民公园。商.业设施：，天虹商场、格兰郡商.业街。教育设施。医疗设施：观澜人民医院。宾馆酒店：格兰云天大酒店。银行：中国银行、工商银行、招商银行,招商观园在环观南路(即观天大道)以北，梅观高速以东；邻梅观高速（已于2014年4月1日取消高速收费）、机荷高速，较近的公交站是观澜高新科技园、宝安高新技术园站，经过的路线有772等。有轨电车高新科技园西站，高新园站，出行方便,,,2020-05-26,2024-07-06,商品房,普通住宅,满五年,非共有,无抵押,挂牌时间:2024-07-06 | 交易权属:商品房 | 上次交易:2020-05-26 | 房屋用途:普通住宅 | 房屋年限:满五年 | 产权所属:非共有 | 抵押信息:无抵押 | 房本备件:已上传房本照片,客厅 / 8.82平米 / 东北 / 普通窗 ; 餐厅 / 11.21平米 / 无 / 无窗 ; 卧室A / 7.06平米 / 无 / 无窗 ; 卧室B / 16.16平米 / 无 / 未知窗户类型 ; 卫生间 / 2.58平米 / 东南 / 普通窗,
观湖园纯别墅小区  上叠朝南 采光通风良好,"观湖园 , 观澜",7室3厅,150平米,南 北,精装,上叠(共4层),2012年,板楼,1262 万,84134 元,1,,,VR房源,https://sz.lianjia.com/ershoufang/105118712309.html,,,,,,,,,,,,,,,,,failed: Failed to fetch detail page after 3 attempts: https://sz.lianjia.com/ershoufang/105118712309.html
联排别墅，带花园，露台，楼间距开阔，税费少随时可看,"金地鹭湖1号 , 观澜",3室2厅,192.86平米,南,,3层,2016年,板塔结合,1250 万,64814 元,1,,,VR房源 | 随时看房,https://sz.lianjia.com/ershoufang/105120261205.html,VR房源 | 随时看房,联排别墅，带花园，露台，楼间距开阔，税费少，随时可看。,鹭湖1号位于龙华区观澜街道梅观高速与环观南路交汇处;鹭湖国际住区，项目主打户型产品：建面89㎡三房，135平米四房，189平米复试，194平米别墅。别墅总共90套。 项目占地面积约91197.68平方米，总建筑面积约164150平方米,,多维立体城市干道:环观南路直通平湖，梅观高速直达福田，北通东莞，沈海高速连接深圳前海以及东部坪山以及惠州，潮汕。 龙华有轨电车无缝接驳地铁4号线清湖站,,,暂无数据,2025-04-01,商品房,普通住宅,暂无数据,非共有,有抵押 600万元 中国银行,挂牌时间:2025-04-01 | 交易权属:商品房 | 上次交易:暂无数据 | 房屋用途:普通住宅 | 房屋年限:暂无数据 | 产权所属:非共有 | 抵押信息:有抵押 600万元 中国银行 | 房本备件:未上传房本照片,客厅 / 29.31平米 / 北 南 / 普通窗 ; 餐厅 / 19.81平米 / 北 / 普通窗 ; 卧室A / 11.46平米 / 无 / 落地窗 ; 卧室B / 11.84平米 / 无 / 普通窗 ; 卧室C / 20.2平米 / 无 / 普通窗 ; 厨房 / 6.4平米 / 北 / 普通窗 ; 卫A / 4.71平米 / 南 / 普通窗 ; 卫B / 2.41平米 / 无 / 普通窗 ; 卫生间C / 8.47平米 / 无 / 普通窗 ; 阳台A / 7.99平米 / 北 / 普通窗 ; 阳台B / 6.94平米 / 南 / 普通窗 ; 阳台C / 3.94平米 / 无 / 普通窗 ; 阳台D / 6.99平米 / 无 / 普通窗 ; 露台 / 36.46平米 / 无 / 普通窗 ; 储物间A / 2.6平米 / 无 / 无窗 ; 储物间B / 2.67平米 / 无 / 无窗 ; 储C / 2.51平米 / 无 / 无窗 ; 过道A / 10.81平米 / 西 / 落地窗 ; 过道B / 15.82平米 / 无 / 落地窗 ; 过道C / 10.75平米 / 无 / 落地窗,
目前稳定出租 满五唯一，随时预约看房,"佳华领域广场 , 观澜",3室2厅,89.7平米,南,简装,低楼层(共38层),2017年,板楼,400 万,44594 元,0,,,近地铁 | VR看装修 | 房本满五年,https://sz.lianjia.com/ershoufang/105118020542.html,地铁 | VR看装修 | 房本满五年,4号线地铁观澜站，无轨电车起始站，出行挺方便，,小区环境好配套齐全交通便利  户型方正小区环境好采光好梯户比好地下停车场好停车可以来看看,地铁口，无轨电车，配套齐全，XX也近，综合配套都很成熟，购买什么都方便,,,,2019-08-01,2024-08-21,商品房,普通住宅,满五年,非共有,无抵押,挂牌时间:2024-08-21 | 交易权属:商品房 | 上次交易:2019-08-01 | 房屋用途:普通住宅 | 房屋年限:满五年 | 产权所属:非共有 | 抵押信息:无抵押 | 房本备件:已上传房本照片,客厅 / 24.31平米 / 南 / 普通窗 ; 卧室A / 7.38平米 / 无 / 未知窗户类型 ; 卧室B / 12平米 / 无 / 未知窗户类型 ; 卧室C / 10.06平米 / 南 / 落地窗 ; 厨房 / 4.21平米 / 东 / 普通窗 ; 卫生间A / 3.49平米 / 无 / 普通窗 ; 卫生间B / 3.3平米 / 无 / 无窗 ; 阳台A / 2.19平米 / 东 / 普通窗 ; 阳台B / 4.74平米 / 东 南 / 普通窗 ; 过道 / 3.25平米 / 无 / 无窗,
住家装修，保养很好，带固定车位，视野好。,"招商澜园 , 观澜",2室1厅,82.68平米,南,精装,低楼层(共11层),2010年,板塔结合,323 万,39067 元,14,,,近地铁 | VR房源,https://sz.lianjia.com/ershoufang/105118525264.html,地铁 | VR房源,住家装修，保养很好，带固定车位，视野好。,小区由招商局地产开发，国家一级物业资质的招商物业管理，小区部分为南北两区，由十三栋高层组成，低密度，是个纯居住的大社区，自带6000平的大花园，人车分流，很适合有老人和小孩的客户，小区自带幼儿园，有固定车位。,观澜街道办 休闲区域：新世纪广场、观澜文化广场， 商场：设施天虹商场、比邻新天地，观澜河湿地公园距离小区近在咫尺。龙华区政府距离小区2公里，属于新区政府辐射范围内。项目：现聚集多家大品牌开发商在此拿地。如：万科 卓 越，阳基,,,,暂无数据,2024-10-08,商品房,普通住宅,暂无数据,非共有,有抵押 245,挂牌时间:2024-10-08 | 交易权属:商品房 | 上次交易:暂无数据 | 房屋用途:普通住宅 | 房屋年限:暂无数据 | 产权所属:非共有 | 抵押信息:有抵押 245 | 房本备件:未上传房本照片,客厅 / 28.8平米 / 南 / 落地窗 ; 卧室A / 12.75平米 / 南 / 落地窗 ; 卧室B / 9.48平米 / 东 / 落地窗 ; 厨房 / 6.73平米 / 东 / 普通窗 ; 卫生间 / 4.9平米 / 东 / 落地窗 ; 阳台 / 13.09平米 / 南 / 落地窗 ; 过道 / 2.17平米 / 无 / 无窗 ; 门厅 / 4.64平米 / 无 / 无窗,
龙华观澜 地铁站上盖 精装修3房 朝南通透 未入住急售,"万科启城 , 观澜",3室2厅,104.49平米,东南,精装,高楼层(共34层),2023年,板塔结合,395 万,37803 元,26,,,近地铁 | VR看装修,https://sz.lianjia.com/ershoufang/105119361366.html,地铁 | VR看装修,此房交房未入住，业主诚意出售，朝南位置安静,小区环境优美，双公园，精心布置叠溪谷、栖风林、半月湾等六大主题公园，居住舒适度高,项目位于龙华区观澜板块，观湖街道的东南方位。所在区域是深圳中轴北的产业，南接坂田天安云谷、龙华宝能科技城，东连平湖金融与现代服务业基地，西临观澜高新产业园， 北为观澜传统制造业聚集地带。项目西侧约1.6公里处为鹭湖科技文化片区,,,,2024-12-19,2024-12-31,商品房,普通住宅,未满两年,非共有,有抵押 300万元 400,挂牌时间:2024-12-31 | 交易权属:商品房 | 上次交易:2024-12-19 | 房屋用途:普通住宅 | 房屋年限:未满两年 | 产权所属:非共有 | 抵押信息:有抵押 300万元 400 | 房本备件:已上传房本照片,客厅 / 25.4平米 / 西 / 普通窗 ; 卧室A / 8.76平米 / 西 / 普通窗 ; 卧室B / 7.09平米 / 东 / 落地窗 ; 卧室C / 9.93平米 / 无 / 未知窗户类型 ; 厨房 / 4.25平米 / 西 / 普通窗 ; 卫生间A / 4.54平米 / 东 / 落地窗 ; 卫生间B / 7.07平米 / 东 / 落地窗 ; 阳台A / 4.25平米 / 西 / 普通窗 ; 阳台B / 7.31平米 / 西 / 普通窗 ; 衣帽间 / 2.08平米 / 无 / 无窗,
龙华观澜 合正观澜汇 * 业主自住 装修保养好,"合正观澜汇一期 , 观澜",3室2厅,89.39平米,南,,29层,2016年,板塔结合,510 万,57054 元,1,,,近地铁 | VR看装修,https://sz.lianjia.com/ershoufang/105119460840.html,地铁 | VR看装修,此房满五年唯一，业主自住，装修保养好,4号线的茜坑站地铁口物业，通勤方便，旁边有龙华区政府，龙华区图书馆,福城天虹，美佳华广场，百佳华领域广场 ，观澜天虹，龙华区图书馆就在旁边,地铁四号线的茜坑站就在小区楼下，通勤福田罗湖南山龙岗等区域都比较方便,,,暂无数据,2025-01-11,商品房,普通住宅,暂无数据,非共有,有抵押 380,挂牌时间:2025-01-11 | 交易权属:商品房 | 上次交易:暂无数据 | 房屋用途:普通住宅 | 房屋年限:暂无数据 | 产权所属:非共有 | 抵押信息:有抵押 380 | 房本备件:未上传房本照片,客厅 / 31.72平米 / 北 / 普通窗 ; 卧室A / 6.03平米 / 无 / 无窗 ; 卧室B / 8.44平米 / 北 / 落地窗 ; 卧室C / 14.15平米 / 无 / 未知窗户类型 ; 卧室D / 7.37平米 / 无 / 未知窗户类型 ; 厨房 / 5平米 / 无 / 无窗 ; 卫生间A / 5.07平米 / 北 / 落地窗 ; 卫生间B / 4.66平米 / 无 / 未知窗户类型 ; 阳台 / 5.09平米 / 北 东 / 普通窗 ; 储物间 / 1.55平米 / 东 / 普通窗 ; 过道 / 4.1平米 / 无 / 无窗,
全新毛坯  南北对流 正南朝向 看花园景观,"金地鹭湖1号 , 观澜",3室2厅,89.35平米,南,毛坯,中楼层(共16层),2015年,塔楼,411 万,45999 元,3,,,VR房源 | 随时看房,https://sz.lianjia.com/ershoufang/105119009066.html,VR房源 | 随时看房,此房满五年税少 ，高楼层 ，采光好，空气对流的南北通户型。,金地鹭湖1号位于龙华区观澜街道梅观高速与环观南路交汇处;鹭湖国际住区，项目主打户型产品：建面89m三房。项目占地面积约 91197.68平方米，总建筑面积约164150平方米，。位处2000亿龙华行.政、科技、生态三中芯,,多维立体城市千道;环观南路直通平湖，梅观高速直达福田，北通东莞，沈海高速连接深圳前海以及东部坪山以及惠州，潮汕。龙华有轨电车无缝接驳地铁4号线清湖站。另有22+18号双地铁口（规划）。,,,暂无数据,2024-11-24,商品房,普通住宅,暂无数据,非共有,无抵押,挂牌时间:2024-11-24 | 交易权属:商品房 | 上次交易:暂无数据 | 房屋用途:普通住宅 | 房屋年限:暂无数据 | 产权所属:非共有 | 抵押信息:无抵押 | 房本备件:未上传房本照片,客厅 / 30.33平米 / 北 南 / 普通窗 ; 卧室A / 9.48平米 / 无 / 未知窗户类型 ; 卧室B / 12.87平米 / 无 / 未知窗户类型 ; 厨房 / 4.82平米 / 北 / 普通窗 ; 卫A / 2.81平米 / 西 / 普通窗 ; 卫生间B / 3.43平米 / 北 / 普通窗 ; 阳台A / 4.19平米 / 北 / 普通窗 ; 阳台B / 4.46平米 / 南 / 普通窗,
此房满五唯一 西南朝向 位置安静 高楼层 看山景,"万科九龙山 , 观澜",3室2厅,87.16平米,南,,中楼层(共33层),2016年,板楼,324.8 万,37265 元,0,,,VR看装修,https://sz.lianjia.com/ershoufang/105121106458.html,VR看装修,此房满五唯一 西南朝向 位置安静 高楼层 看山景,,小区楼下有市买菜也都方便，楼下也有公交车，开车出小区可以上快速路直达龙华红山和福田南山,,,,暂无数据,2025-06-16,商品房,普通住宅,暂无数据,非共有,无抵押,挂牌时间:2025-06-16 | 交易权属:商品房 | 上次交易:暂无数据 | 房屋用途:普通住宅 | 房屋年限:暂无数据 | 产权所属:非共有 | 抵押信息:无抵押 | 房本备件:未上传房本照片,,
观澜湖独栋别墅大花园带泳池，看高尔夫景观可谈,"观澜湖 , 观澜",8室4厅,289.28平米,南,,低楼层(共2层),,,3950 万,136546 元,1,,,VR房源,https://sz.lianjia.com/ershoufang/105118482214.html,VR房源,独栋别墅大花园带泳池，看高尔夫景观价格可谈,优秀的高尔夫球会，由香港骏豪集团开发打造，全球低碳旅游景区，12个世界锦标级球场规模达216洞，享受高尔夫配套,4大会所观澜新城MH-MALL商城，高尔夫学院，网球学院，主题SPA,球会设穿梭巴士往返香港，深圳和球会之间，方便抵达香港及整个珠三角,,,暂无数据,2024-10-03,商品房,别墅,暂无数据,非共有,无抵押,挂牌时间:2024-10-03 | 交易权属:商品房 | 上次交易:暂无数据 | 房屋用途:别墅 | 房屋年限:暂无数据 | 产权所属:非共有 | 抵押信息:无抵押 | 房本备件:未上传房本照片,客厅A / 81.48平米 / 无 / 无窗 ; 餐厅A / 22.63平米 / 西 / 落地窗 ; 客厅B / 49.76平米 / 无 / 无窗 ; 餐厅B / 85.18平米 / 西 北 东 南 / 落地窗 ; 书房 / 8.16平米 / 西 / 普通窗 ; 卧室A / 20.33平米 / 南 / 普通窗 ; 多功能间A / 41.35平米 / 西 北 / 普通窗 ; 卧室B / 17.87平米 / 北 / 普通窗 ; 多功能间B / 15.73平米 / 无 / 无窗 ; 卧室C / 13.11平米 / 无 / 无窗 ; 卧室D / 12.58平米 / 北 / 普通窗 ; 卧室E / 18.08平米 / 北 / 普通窗 ; 卧室F / 35.8平米 / 南 / 普通窗 ; 厨房 / 12.65平米 / 西 / 普通窗 ; 卫生间A / 4.54平米 / 西 / 普通窗 ; 卫生间B / 3.92平米 / 无 / 无窗 ; 卫生间C / 3.16平米 / 东 / 普通窗 ; 卫生间D / 2.92平米 / 西 / 普通窗 ; 卫生间E / 3.77平米 / 西 / 普通窗 ; 卫生间F / 6.34平米 / 东 / 普通窗 ; 卫生间G / 16.32平米 / 西 南 / 普通窗 ; 阳台A / 24.52平米 / 西 北 东 南 / 普通窗 ; 阳台B / 8.22平米 / 西 东 南 / 普通窗 ; 储物间A / 11.11平米 / 无 / 无窗 ; 储物间B / 5.72平米 / 北 / 落地窗 ; 储物间C / 4.95平米 / 西 北 / 普通窗 ; 储物间D / 7.21平米 / 北 / 落地窗 ; 储物间E / 4.94平米 / 西 / 落地窗 ; 门厅 / 28.87平米 / 北 / 落地窗 ; 过道A / 14.42平米 / 北 / 普通窗 ; 过道B / 9.53平米 / 北 / 普通窗 ; 过道C / 14.38平米 / 北 / 普通窗 ; 衣帽间 / 9.12平米 / 无 / 无窗,
此房满五唯一，中间楼层，位置安静，看房方便,"深业泰然观澜玫瑰苑 , 观澜",4室2厅,151.39平米,南,毛坯,31层,2016年,板塔结合,680 万,44918 元,1,,,近地铁 | VR看装修 | 随时看房,https://sz.lianjia.com/ershoufang/105119699164.html,地铁 | VR看装修 | 随时看房,此房满五唯一，中间楼层，南向看公园，位置安静，原始毛坯户型,小区为综合体，以空中花园为分开住宅与商场。由深圳市国惠康国泰房地产开发有限公司开发，深业泰然（集团）有限公司控股，成立于1985年的深圳市属国有企业，注册资金8亿元，旗下拥有9家控股企业、2家参股企业资历雄厚。,兴万达广场，百佳华广场，场可以满足生活逛街需求，5公里内有观澜湖新城购物广场，衣食玩乐—一满足，购物happy的天堂，在走远一些是景区山水田园，跟亚洲大大的高尔夫球会，另有观澜版画村基地。,小区门距离有轨轨电车-新澜站100米，地铁4号线观澜站。楼下就是公交站吉盛酒店大公交站台，另外5公里上龙观快速，3公里上珠三角环线高速，各种交通设施配套齐全，出行便利。,,,暂无数据,2025-02-15,商品房,普通住宅,暂无数据,非共有,有抵押 270万元,挂牌时间:2025-02-15 | 交易权属:商品房 | 上次交易:暂无数据 | 房屋用途:普通住宅 | 房屋年限:暂无数据 | 产权所属:非共有 | 抵押信息:有抵押 270万元 | 房本备件:未上传房本照片,客厅 / 42.5平米 / 西南 东北 东南 / 普通窗 ; 卧室A / 21.14平米 / 无 / 未知窗户类型 ; 卧室B / 11.77平米 / 无 / 未知窗户类型 ; 卧室C / 12.48平米 / 无 / 未知窗户类型 ; 卧室D / 6.48平米 / 无 / 未知窗户类型 ; 厨房 / 4.8平米 / 东北 / 普通窗 ; 卫生间A / 4.38平米 / 西南 / 普通窗 ; 卫生间B / 3.14平米 / 东北 / 普通窗 ; 阳台A / 7.3平米 / 西南 东北 东南 / 普通窗 ; 阳台B / 2.95平米 / 东北 / 普通窗 ; 阳台C / 2.07平米 / 东北 / 普通窗 ; 阳台D / 3.63平米 / 西南 / 普通窗 ; 过道 / 2.4平米 / 无 / 无窗,
牛湖地铁口万科北宸之光精装三房出售,"北宸之光家园 , 观澜",3室1厅,81.3平米,东 南,精装,中楼层(共49层),2023年,塔楼,350 万,43051 元,1,,,VR房源,https://sz.lianjia.com/ershoufang/105120505719.html,VR房源,高层精装三房近地铁，通风采光好价格可谈,小区由3栋楼房组成，社区自带幼儿园，大泳池，儿童活动场地，刚需户型车位充足安保齐全,配套齐全，有牛湖夜市街区、观澜湖新城，购物、休闲、娱乐一应俱全；同时项目自带社区购物，生活便利,,,,2023-12-26,2025-04-23,商品房,普通住宅,未满两年,非共有,有抵押,挂牌时间:2025-04-23 | 交易权属:商品房 | 上次交易:2023-12-26 | 房屋用途:普通住宅 | 房屋年限:未满两年 | 产权所属:非共有 | 抵押信息:有抵押 | 房本备件:已上传房本照片,客厅 / 18.54平米 / 东 / 普通窗 ; 卧室A / 6.17平米 / 无 / 未知窗户类型 ; 卧室B / 9.21平米 / 无 / 未知窗户类型 ; 卧室C / 5.83平米 / 东 / 普通窗 ; 厨房 / 3.99平米 / 北 / 普通窗 ; 卫生间 / 2.08平米 / 西 / 落地窗 ; 洗手间 / 1.26平米 / 无 / 无窗 ; 淋浴间 / 3.39平米 / 西 / 落地窗 ; 阳台 / 7.06平米 / 东 / 普通窗 ; 过道 / 3.4平米 / 无 / 无窗,
奥宸观壹城华府91平3房2卫 看花园安静,"奥宸观壹城 , 观澜",3室2厅,91.11平米,东北,,高楼层(共33层),2018年,板塔结合,300 万,32928 元,1,,,近地铁 | VR房源,https://sz.lianjia.com/ershoufang/105120814651.html,地铁 | VR房源,满五唯一 税费少 业主 急  卖，房子户型方正使用 率 高,目占地约五万，总建面达到三十万平米，并且规划为具有70-130平米的住宅、40-80平米的公寓、以及四万平米的商场，小区里面配有水系景观，娱乐健身场所，儿童游乐场等,项目对，面有杜鹃幼儿园未来项目规划自带3200平米的12班中英双语幼儿园以及近的SHOPPINGMAL同时项目地理位置较为靠观澜湖新城未来也可共享观澜商，业旗舰,项目位于观平路与人民路交汇处西北侧，地铁4号线松元夏站旁边，交通比较方便，有公车线路，和观澜汽车总站，有各区班车到达清湖地铁站,,,暂无数据,2025-05-22,商品房,普通住宅,暂无数据,非共有,有抵押 340万元 民生银行,挂牌时间:2025-05-22 | 交易权属:商品房 | 上次交易:暂无数据 | 房屋用途:普通住宅 | 房屋年限:暂无数据 | 产权所属:非共有 | 抵押信息:有抵押 340万元 民生银行 | 房本备件:未上传房本照片,,
合正观澜汇一期 满五唯一 位置安静  急售,"合正观澜汇一期 , 观澜",3室2厅,89.47平米,南 北,精装,31层,2016年,板塔结合,456 万,50967 元,1,,,近地铁 | VR房源,https://sz.lianjia.com/ershoufang/105121361173.html,地铁 | VR房源,房满五年  位置安静   业主诚心卖,,下楼步行60米有四号线茜坑站，小区自带天虹出行购物便利，吃喝玩乐都有,,,,暂无数据,2025-07-07,商品房,普通住宅,暂无数据,非共有,有抵押 350万元 兴业银行,挂牌时间:2025-07-07 | 交易权属:商品房 | 上次交易:暂无数据 | 房屋用途:普通住宅 | 房屋年限:暂无数据 | 产权所属:非共有 | 抵押信息:有抵押 350万元 兴业银行 | 房本备件:未上传房本照片,客厅 / 26.32平米 / 西北 / 普通窗 ; 卧室A / 13.92平米 / 东 / 落地窗 ; 卧室B / 7.95平米 / 西北 / 落地窗 ; 卧室C / 9.11平米 / 无 / 无窗 ; 卧室D / 6.65平米 / 东南 / 落地窗 ; 厨房 / 7.33平米 / 东 / 普通窗 ; 卫生间A / 4.64平米 / 北 / 落地窗 ; 卫生间B / 4.61平米 / 西北 / 落地窗 ; 阳台 / 4.75平米 / 西北 东北 / 普通窗 ; 过道 / 4.08平米 / 无 / 无窗,
观澜湖 5室1厅 东南,"观澜湖 , 观澜",5室1厅,196平米,东南,毛坯,低楼层(共2层),,板楼,2670 万,136225 元,0,,,VR房源,https://sz.lianjia.com/ershoufang/105121271641.html,VR房源,,,,,,,暂无数据,2025-06-30,商品房,别墅,暂无数据,非共有,无抵押,挂牌时间:2025-06-30 | 交易权属:商品房 | 上次交易:暂无数据 | 房屋用途:别墅 | 房屋年限:暂无数据 | 产权所属:非共有 | 抵押信息:无抵押 | 房本备件:未上传房本照片,客厅 / 125.8平米 / 西 北 东 南 / 落地窗 ; 多功能间 / 32.32平米 / 东 南 / 落地窗 ; 卧室A / 12.51平米 / 北 / 普通窗 ; 卧室B / 19.57平米 / 东 南 / 普通窗 ; 卧室C / 15.46平米 / 北 东 / 普通窗 ; 卧室D / 34.12平米 / 西 北 / 普通窗 ; 卫生间A / 4.24平米 / 东 / 普通窗 ; 卫生间B / 3.86平米 / 东 / 普通窗 ; 卫生间C / 4.24平米 / 北 东 / 普通窗 ; 卫生间D / 4.93平米 / 西 南 / 普通窗 ; 卫生间E / 12.49平米 / 西 南 / 普通窗 ; 阳台A / 4.28平米 / 北 东 / 普通窗 ; 阳台B / 3.45平米 / 西 北 西北 南 / 普通窗 ; 阳台C / 14.38平米 / 西 南 / 普通窗 ; 露台 / 92.27平米 / 西 北 东 南 / 普通窗 ; 储物间 / 1.71平米 / 东 / 普通窗,
小区环境好，房子满五，方正三房，采光好,"中航格澜郡阳光花园 , 观澜",3室2厅,116.55平米,东 西,精装,高楼层(共9层),2006年,,429 万,36809 元,0,,,VR看装修 | 房本满五年,https://sz.lianjia.com/ershoufang/105119403252.html,VR看装修 | 房本满五年,小区环境好，房子满五，方正三房，采光好。,中航格澜郡位于深圳龙华新区观澜，东临大和路，西临沿河路，南起环观南路，北至工业大道。其北面即为观澜世纪广场与文化艺术场所，与观澜街道办仅一河之隔，可谓是尊贵地段，尽享观澜政治、文化、商 业的优势。整个小区为苏格兰风情大社区。,综合商场：天虹商场、福城天虹、民乐福购物场所 医院：观澜人民医院 邮局：观澜邮局 银行：农业银行，浦发银行，建设银行，中国工商银行 其他：文化艺术场所、体育活动场所。,"深圳中航格澜郡公交站，途径中航格澜郡公交站的有B652路、B693路、M264路等6条公交线路.深圳中航格澜郡有7个公交站,分别是大和路口(157米),安佳工业园(193米),观澜天虹商场(419米),富士施乐(470米),格兰云天酒店(569米)等。另轻轨已经开通，出行更加方便。",,,2015-11-05,2025-01-04,商品房,普通住宅,满五年,非共有,有抵押,挂牌时间:2025-01-04 | 交易权属:商品房 | 上次交易:2015-11-05 | 房屋用途:普通住宅 | 房屋年限:满五年 | 产权所属:非共有 | 抵押信息:有抵押 | 房本备件:已上传房本照片,客厅 / 29.49平米 / 北 东 / 落地窗 ; 卧室A / 7.21平米 / 南 / 普通窗 ; 卧室B / 10.36平米 / 南 / 普通窗 ; 卧室C / 17.03平米 / 无 / 未知窗户类型 ; 卧室D / 12.11平米 / 西 北 西北 / 普通窗 ; 厨房 / 5.08平米 / 南 / 普通窗 ; 卫生间A / 4.21平米 / 北 / 普通窗 ; 卫生间B / 6.37平米 / 北 / 普通窗 ; 阳台 / 3.75平米 / 西 东 南 / 普通窗 ; 过道 / 3.38平米 / 无 / 无窗,
精装修三房，保养好，次新房，旁边就是景区,"北宸之光家园 , 观澜",3室2厅,81.3平米,南,,中楼层(共49层),2023年,塔楼,285 万,35056 元,0,,,VR房源,https://sz.lianjia.com/ershoufang/105121919635.html,VR房源,小区由3栋楼房组成，社区自带幼儿园，大泳池，儿童活动场地,,配套齐全，有牛湖夜市街区、观澜湖新城，购物、休闲、娱乐一应俱全；同时项目自带社区购物，生活便利,,,,暂无数据,2025-08-26,商品房,普通住宅,暂无数据,非共有,有抵押 150万元,挂牌时间:2025-08-26 | 交易权属:商品房 | 上次交易:暂无数据 | 房屋用途:普通住宅 | 房屋年限:暂无数据 | 产权所属:非共有 | 抵押信息:有抵押 150万元 | 房本备件:未上传房本照片,客厅 / 18.41平米 / 南 / 普通窗 ; 卧室A / 5.66平米 / 南 / 普通窗 ; 卧室B / 10.24平米 / 无 / 未知窗户类型 ; 卧室C / 6.1平米 / 无 / 未知窗户类型 ; 厨房 / 4.08平米 / 东 / 普通窗 ; 卫生间 / 6.8平米 / 北 / 落地窗 ; 阳台 / 6.61平米 / 南 / 普通窗 ; 过道 / 3.51平米 / 无 / 无窗,
得房率高 配套齐全  业主诚心出售  交通便利,"华盛观荟名庭 , 观澜",4室2厅,87.56平米,东 北,,中楼层(共32层),2018年,板塔结合,379 万,43285 元,0,,,近地铁 | VR看装修,https://sz.lianjia.com/ershoufang/105121016535.html,地铁 | VR看装修,得房率高 配套齐全  业主诚心出售  交通便利,小区分两期开发，一期由公寓和住宅，二期三栋住宅。小区一期楼下是商 业，三楼是空中花园，三楼以上是住宅，一共有二栋一栋是公寓二栋是住宅，二期的小户型是2018年下半年才精装交房，次新房，居住舒适，二期自带泳池和园林,楼下就是为盛商场，隔壁新天虹、龙华三甲医院 深圳市龙华新区慢性病防治.观澜医院竹村社区健康服务邮局：中国邮政 中国邮政 观澜邮政局银行：中国建设银行，深圳市农村商.业银行。中国农业银行等，以及格兰云天酒店,长湖地铁口，福民影剧院;M337路M464路， 1经泗黎路与观光路，3个红绿灯到达梅观高速，梅观高速快速到达福田区； 2．通过观澜大道转机荷高速，可快速到达龙岗，宝安机场等等,,,暂无数据,2025-06-09,商品房,普通住宅,暂无数据,非共有,有抵押,挂牌时间:2025-06-09 | 交易权属:商品房 | 上次交易:暂无数据 | 房屋用途:普通住宅 | 房屋年限:暂无数据 | 产权所属:非共有 | 抵押信息:有抵押 | 房本备件:未上传房本照片,客厅 / 24.14平米 / 北 / 普通窗 ; 卧室A / 6.71平米 / 无 / 未知窗户类型 ; 卧室B / 16.98平米 / 无 / 未知窗户类型 ; 卧室C / 10.67平米 / 无 / 未知窗户类型 ; 卧室D / 7.98平米 / 北 / 落地窗 ; 厨房 / 4.88平米 / 无 / 未知窗户类型 ; 卫生间A / 3.92平米 / 无 / 未知窗户类型 ; 卫生间B / 4.81平米 / 无 / 未知窗户类型 ; 阳台 / 4.86平米 / 北 / 普通窗 ; 过道 / 4.54平米 / 无 / 无窗,
满五唯一税费少，看花园，客厅正出阳台，精装修,"城建仁山智水花园一期 , 观澜",5室2厅,158.15平米,北 南,精装,低楼层(共22层),2015年,塔楼,930 万,58805 元,1,,,VR看装修,https://sz.lianjia.com/ershoufang/105121030493.html,VR看装修,满五唯一住家装修，看花园，客厅出阳台，拎包入住，税费少。,仁山智水由深圳市城市建设开发公司开发，小区占地近20 0000平方米，总建筑面积为557584.63㎡，住宅282053.6㎡，商铺5860㎡，幼儿园3500.08㎡，建筑主体包括95栋住宅楼，其中有83栋低多层住宅及8栋高层和4栋高层，住宅共1445户，车位3158个,平安医院（6-800米百度地图测距）社区健康服务购物商场楼下保地利百货，天虹（2400米百度地图测距），22号线观湖站300米在建中,公交（观澜高新园站）M517、M264、313、E4路等，出小区约100有轨电车站台（电车接驳地铁4号线清湖地铁口），高速公路：机荷高速公路、梅观高速公路，交通方便，22号线观湖站300米在建中,,,暂无数据,2025-06-10,商品房,普通住宅,暂无数据,非共有,有抵押 350万元,挂牌时间:2025-06-10 | 交易权属:商品房 | 上次交易:暂无数据 | 房屋用途:普通住宅 | 房屋年限:暂无数据 | 产权所属:非共有 | 抵押信息:有抵押 350万元 | 房本备件:未上传房本照片,,
观澜地铁口三房，楼层好，视野开阔，交通便利,"合正观澜汇一期 , 观澜",3室1厅,75平米,南 北,精装,33层,2016年,板塔结合,379 万,50534 元,0,,,近地铁 | VR看装修,https://sz.lianjia.com/ershoufang/105119460507.html,地铁 | VR看装修,观澜地铁口三房，楼层好，视野开阔，配套设施齐全，交通便利,合正品牌开发商，小区是2015年新社区，2017年7月毛坯交房，小区共计6栋，三梯六户，小区自带泳池。居住便捷舒适,小区地段好，交通便利，楼下就是地铁茜坑站，天虹商场。配套完善，上班族，通勤便利，户型方正，宜居家。比邻新天虹购物商城，观影，餐饮，购物，休闲一站式。格兰云天大酒店，凯美居广场，观澜湖新城,小区地段好，交通便利，楼下就是地铁茜坑站，天虹商场。配套完善，上班族，通勤便利，户型方正，宜居家,,,暂无数据,2025-01-11,商品房,普通住宅,暂无数据,非共有,有抵押 90万元 业主自还,挂牌时间:2025-01-11 | 交易权属:商品房 | 上次交易:暂无数据 | 房屋用途:普通住宅 | 房屋年限:暂无数据 | 产权所属:非共有 | 抵押信息:有抵押 90万元 业主自还 | 房本备件:未上传房本照片,客厅 / 23.19平米 / 西 / 普通窗 ; 卧室A / 8.06平米 / 南 / 普通窗 ; 卧室B / 12.37平米 / 无 / 未知窗户类型 ; 卧室C / 8.16平米 / 无 / 未知窗户类型 ; 厨房 / 5.24平米 / 无 / 无窗 ; 卫生间 / 3.85平米 / 无 / 无窗 ; 阳台A / 4.48平米 / 西 南 / 普通窗 ; 储物间 / 4.87平米 / 南 / 普通窗 ; 过道 / 2.94平米 / 无 / 无窗,
懿花园 3室2厅 南,"懿花园 , 观澜",3室2厅,89.68平米,南,精装,中楼层(共10层),2013年,板楼,399 万,44492 元,1,,,VR看装修,https://sz.lianjia.com/ershoufang/105120708364.html,VR看装修,,,,,,,暂无数据,2025-05-12,商品房,普通住宅,暂无数据,非共有,无抵押,挂牌时间:2025-05-12 | 交易权属:商品房 | 上次交易:暂无数据 | 房屋用途:普通住宅 | 房屋年限:暂无数据 | 产权所属:非共有 | 抵押信息:无抵押 | 房本备件:未上传房本照片,,
茗语华苑，精装三房，随时可看房。,"正兆 · 茗语华苑 , 观澜",2室2厅,63.94平米,东南,简装,低楼层(共32层),2014年,塔楼,156 万,24398 元,5,,,VR看装修 | 随时看房,https://sz.lianjia.com/ershoufang/105119725944.html,VR看装修 | 随时看房,此房满五唯一，格局好 楼层位置好 业主诚心出售。,,,,此房子已经满了五年，税费有1%契税。业主诚心出售，喜欢可以议价。,,暂无数据,2025-02-18,商品房,普通住宅,暂无数据,非共有,无抵押,挂牌时间:2025-02-18 | 交易权属:商品房 | 上次交易:暂无数据 | 房屋用途:普通住宅 | 房屋年限:暂无数据 | 产权所属:非共有 | 抵押信息:无抵押 | 房本备件:未上传房本照片,,
地铁观澜站，佳华领域，鸿荣源观城项目隔壁,"佳华领域广场 , 观澜",3室2厅,88.68平米,南,,低楼层(共38层),2017年,板塔结合,348 万,39243 元,1,,,近地铁 | VR看装修,https://sz.lianjia.com/ershoufang/105120830613.html,地铁 | VR看装修,满五不唯一，有租约可接触，税费低,小区8栋楼，高层住宅，两梯四户为主，小区环境好，24小时物业管理，三层车库，开发商自由物业，,地铁观澜站，有轨电车新澜站，百佳华商场，鸿荣源一方天地，兴万达广场，观澜老接。,观澜地铁站，有轨电车新澜站，门口是观澜大道，旁边是平安路，距离梅观高速入口3公里路程。,,,暂无数据,2025-05-23,商品房,普通住宅,暂无数据,非共有,有抵押 业主自还,挂牌时间:2025-05-23 | 交易权属:商品房 | 上次交易:暂无数据 | 房屋用途:普通住宅 | 房屋年限:暂无数据 | 产权所属:非共有 | 抵押信息:有抵押 业主自还 | 房本备件:未上传房本照片,,
税费少，中间楼层，看房方便，方正户型。,"金地鹭湖1号 , 观澜",3室1厅,87.54平米,西南,精装,中楼层(共16层),2016年,塔楼,360 万,41125 元,6,,,VR看装修,https://sz.lianjia.com/ershoufang/105121094326.html,VR看装修,税费少，中间楼层，看房方便，方正户型。,金地鹭湖1号，位于龙华区观澜街道梅观高速与环观南路交汇处。 鹭湖国际住区项目，主打户型产品：建面89平3房2卫。还有少量137平4房2卫，及190平复式。 项目占地面积约91197.68平方米，总建筑面积约164150平方米,,"交通出行：
轨道交通：有轨电车站台，高新园西站（电车接驳地铁4号线清湖地铁口），公交线路：公交（观澜高新园站）M567、M264、313、E4路等，高速公路：机荷高速公路、梅观高速公路，交通方便。",,,暂无数据,2025-06-15,商品房,普通住宅,暂无数据,非共有,有抵押,挂牌时间:2025-06-15 | 交易权属:商品房 | 上次交易:暂无数据 | 房屋用途:普通住宅 | 房屋年限:暂无数据 | 产权所属:非共有 | 抵押信息:有抵押 | 房本备件:未上传房本照片,,
房子户型方正  采光通风良好 东南向 看一线高尔夫球场,"观澜湖赛维纳 , 观澜",1室1厅,52.3平米,东南,,中楼层(共9层),2003年,板楼,128 万,24475 元,2,,,VR看装修 | 房本满五年,https://sz.lianjia.com/ershoufang/105120437775.html,VR看装修 | 房本满五年,此房是住宅。70年产权。楼层高景色好，通风采光好。视野开阔。,小区绿化高，环境优美，有供业主休闲的高尔夫球场，小区停车免费，有免费穿梭巴士来往。,,,,,2014-08-25,2025-04-17,商品房,普通住宅,满五年,非共有,有抵押 兴业银行股份有限公司深圳分行,挂牌时间:2025-04-17 | 交易权属:商品房 | 上次交易:2014-08-25 | 房屋用途:普通住宅 | 房屋年限:满五年 | 产权所属:非共有 | 抵押信息:有抵押 兴业银行股份有限公司深圳分行 | 房本备件:已上传房本照片,卧室 / 25.07平米 / 无 / 普通窗 ; 卫生间 / 3.96平米 / 无 / 无窗 ; 阳台 / 15.07平米 / 无 / 普通窗 ; 储物间 / 7.09平米 / 无 / 无窗,
南北通透 三房两厅两卫 精装修 领包入住 满五年,"深业泰然观澜玫瑰苑 , 观澜",3室2厅,114.47平米,南 北,精装,31层,2016年,板塔结合,430 万,37565 元,0,,,近地铁 | VR看装修,https://sz.lianjia.com/ershoufang/105121383385.html,地铁 | VR看装修,此房是南北通户型，阳台朝南，满五年，楼下就是4号线观澜站。,,小区楼下自带商场，隔壁有百佳华大型商场，兴旺达广场，生活便利。,小区楼下就是龙华4号线观澜站，还有多条公交可选，观澜轻轨总站。,,一手业主，满五年，有少量欠款，产权清晰，办理过户手续快。正常房贷。,暂无数据,2025-07-09,商品房,普通住宅,暂无数据,非共有,有抵押 100万元 客户偿还,挂牌时间:2025-07-09 | 交易权属:商品房 | 上次交易:暂无数据 | 房屋用途:普通住宅 | 房屋年限:暂无数据 | 产权所属:非共有 | 抵押信息:有抵押 100万元 客户偿还 | 房本备件:未上传房本照片,,
陶润懿峰 5室2厅 南 北,"陶润懿峰 , 观澜",5室2厅,118平米,南 北,,高楼层(共32层),2016年,板塔结合,550 万,46611 元,0,,,近地铁 | VR看装修,https://sz.lianjia.com/ershoufang/105121290612.html,地铁 | VR看装修,,,,,,,暂无数据,2025-07-01,商品房,普通住宅,暂无数据,非共有,无抵押,挂牌时间:2025-07-01 | 交易权属:商品房 | 上次交易:暂无数据 | 房屋用途:普通住宅 | 房屋年限:暂无数据 | 产权所属:非共有 | 抵押信息:无抵押 | 房本备件:未上传房本照片,客厅 / 36.41平米 / 北 南 / 落地窗 ; 卧室A / 7.08平米 / 北 / 落地窗 ; 卧室B / 6.41平米 / 无 / 未知窗户类型 ; 卧室C / 9.87平米 / 无 / 未知窗户类型 ; 卧室D / 12.37平米 / 无 / 未知窗户类型 ; 卧室E / 10.18平米 / 无 / 未知窗户类型 ; 厨房 / 6.58平米 / 无 / 未知窗户类型 ; 卫生间A / 4.87平米 / 无 / 未知窗户类型 ; 卫生间B / 3.63平米 / 无 / 未知窗户类型 ; 阳台 / 6.08平米 / 西 东 南 / 普通窗,
环境优美，交通便利，配套齐全，高尔夫球场。,"观澜湖 , 观澜",7室1厅,225平米,南,毛坯,1层,2006年,板楼,2031 万,90267 元,1,,,VR房源,https://sz.lianjia.com/ershoufang/105118949422.html,VR房源,满五不唯一，环境优美，交通便利，配套齐全，高尔夫球场。,观澜湖是香港骏豪集团开发，先开发高尔夫球场，再开发房产，房子依球场而建，保证到每套房子的景观和采光，小区低密度，居住环境优美，安静，小区南门口有观澜湖新城，生态体育公园等等，出则繁华，入则安静。,小区规划自带3200平方的12班中英双语幼儿园，观澜湖新城，高尔夫球场，港铁4号线。社区工作站，派出所。,小区南门口是地铁四号线的观澜湖站，多条公交线经过，小区到宝安机场39公里（百度地图显示），小区到深圳北站20公里（百度地图显示），小区皇岗口岸30公里（百度地图显示），小区到龙华区人民医院11公里（百度地图显示,,,暂无数据,2024-11-18,商品房,别墅,暂无数据,非共有,无抵押,挂牌时间:2024-11-18 | 交易权属:商品房 | 上次交易:暂无数据 | 房屋用途:别墅 | 房屋年限:暂无数据 | 产权所属:非共有 | 抵押信息:无抵押 | 房本备件:未上传房本照片,客厅 / 84.9平米 / 无 / 落地窗 ; 卧室A / 18.39平米 / 无 / 普通窗 ; 卧室B / 5.43平米 / 北 东 / 普通窗 ; 卧室C / 10.91平米 / 北 / 普通窗 ; 卧室D / 13.54平米 / 北 东 / 普通窗 ; 卧室E / 10.66平米 / 东 / 普通窗 ; 卧室F / 33.52平米 / 西 / 普通窗 ; 厨房 / 9.33平米 / 无 / 普通窗 ; 卫生间A / 2.41平米 / 无 / 普通窗 ; 卫B / 1.98平米 / 南 / 普通窗 ; 卫生间C / 4.86平米 / 北 / 普通窗 ; 卫生间D / 4.69平米 / 南 / 普通窗 ; 卫生间E / 14.98平米 / 西 北 / 普通窗 ; 阳台A / 4.75平米 / 北 东 南 / 普通窗 ; 阳台B / 6.97平米 / 西 北 南 / 普通窗 ; 露台 / 52.29平米 / 无 / 普通窗 ; 车库 / 19.16平米 / 无 / 无窗 ; 地下室 / 140.88平米 / 无 / 落地窗 ; 过道A / 8.41平米 / 东 / 落地窗 ; 过道B / 12.01平米 / 东 / 落地窗 ; 衣帽间 / 6.88平米 / 无 / 无窗,
招商锦绣观园 2室1厅 东南 东北,"招商锦绣观园 , 观澜",2室1厅,62.08平米,东南 东北,简装,中楼层(共28层),2014年,,168 万,27062 元,1,,,VR看装修 | 房本满五年,https://sz.lianjia.com/ershoufang/105121227724.html,VR看装修 | 房本满五年,,,,,,,2014-07-20,2025-06-26,商品房,普通住宅,满五年,共有,无抵押,挂牌时间:2025-06-26 | 交易权属:商品房 | 上次交易:2014-07-20 | 房屋用途:普通住宅 | 房屋年限:满五年 | 产权所属:共有 | 抵押信息:无抵押 | 房本备件:已上传房本照片,客厅 / 19.14平米 / 北 / 落地窗 ; 卧室A / 6.34平米 / 北 / 普通窗 ; 卧室B / 8.51平米 / 北 / 普通窗 ; 厨房 / 4.58平米 / 北 / 普通窗 ; 卫 / 2.51平米 / 北 / 普通窗 ; 阳台A / 1.8平米 / 北 / 普通窗 ; 阳台B / 3.72平米 / 北 / 落地窗,
招商观园 方正三房 实用户型 业主急卖,"招商观园 , 观澜",3室2厅,87.55平米,东南,简装,低楼层(共18层),2012年,塔楼,315 万,35980 元,3,,,VR看装修 | 房本满五年,https://sz.lianjia.com/ershoufang/105120141579.html,VR看装修 | 房本满五年,此房满五年唯一 税少 户型方正实用 居家装修,招商观园地块位于深圳市宝安区观澜街道环观南路北侧，与观澜高新技术园区隔路相望，邻进梅观高速、机荷高速，占地147595.156平方米，招商观园2期将近期推出全新升级力作中.央园林湖景单位，主力产品为140-180㎡大户型和少量89平,,公交线路：公交（观澜高新园站）M567、M264、313、E4路等，出小区约50米 有轨电车站台（电车接驳地铁4号线清湖地铁口），高速公路：机荷高速公路、梅观高速公路，交通方便。,,,2011-07-03,2025-03-22,商品房,普通住宅,满五年,非共有,有抵押 300万元,挂牌时间:2025-03-22 | 交易权属:商品房 | 上次交易:2011-07-03 | 房屋用途:普通住宅 | 房屋年限:满五年 | 产权所属:非共有 | 抵押信息:有抵押 300万元 | 房本备件:已上传房本照片,客厅 / 30.95平米 / 南 / 落地窗 ; 卧室A / 6平米 / 东 / 落地窗 ; 卧室B / 10.22平米 / 无 / 未知窗户类型 ; 卧室C / 14.05平米 / 无 / 未知窗户类型 ; 厨房 / 5.47平米 / 无 / 无窗 ; 卫生间 / 4.39平米 / 东 / 落地窗 ; 阳台A / 1.44平米 / 无 / 无窗 ; 阳台B / 7.44平米 / 南 / 落地窗,
此房满二年，精装修 只有契税 。。。。,"鹏瑞·颐璟府 , 观澜",3室2厅,89.62平米,南,,中楼层(共33层),2024年,塔楼,395 万,44075 元,1,,,VR看装修,https://sz.lianjia.com/ershoufang/105122011812.html,VR看装修,此房满二年，精装修 只有契税 。。。。,鹏瑞颐璟府鹏瑞颐璟府联合 AUBE（欧博）建筑设计及园林景观设计，以三重叠景院落、三重门第礼序、三重会客厅、50余种花木，打造“推窗见景、出门见绿”的生活场景。社区房源量相对大，其选择面也相对广，可满足多层次的置业需求。,,,,,暂无数据,2025-09-03,商品房,普通住宅,暂无数据,非共有,有抵押 150万元 工商银行 客户偿还,挂牌时间:2025-09-03 | 交易权属:商品房 | 上次交易:暂无数据 | 房屋用途:普通住宅 | 房屋年限:暂无数据 | 产权所属:非共有 | 抵押信息:有抵押 150万元 工商银行 客户偿还 | 房本备件:未上传房本照片,,
花园中间位置，住家装修，双阳台，业主诚心出售。,"中航格澜郡阳光花园 , 观澜",3室2厅,123平米,南,精装,低楼层(共9层),2006年,,450 万,36586 元,1,,,VR看装修,https://sz.lianjia.com/ershoufang/105121988963.html,VR看装修,此房满五年，前后双阳，住家装修，花园中间位置，安静不吵。,小区是中航物业分两期开发，小区有37栋洋房，18套别墅，一所公立幼儿园，适合居家。,,小区门口有观澜轻轨大和站，世纪广场站，门口是龙华大道主干路线，有多条公交可选。,,,暂无数据,2025-09-02,商品房,普通住宅,暂无数据,非共有,有抵押,挂牌时间:2025-09-02 | 交易权属:商品房 | 上次交易:暂无数据 | 房屋用途:普通住宅 | 房屋年限:暂无数据 | 产权所属:非共有 | 抵押信息:有抵押 | 房本备件:未上传房本照片,,
万科北辰之光牛湖地铁站精装三房,"北宸之光家园 , 观澜",3室1厅,81.3平米,南 北,,中楼层(共49层),2023年,塔楼,295 万,36286 元,0,,,VR看装修,https://sz.lianjia.com/ershoufang/105121476057.html,VR看装修,万科精装修三房，保养好，次新房，,小区由3栋楼房组成，社区自带幼儿园，大泳池，儿童活动场地，刚需户型车位充足安保齐全,配套齐全，有牛湖夜市街区、观澜湖新城，购物、休闲、娱乐一应俱全；同时项目自带社区购物，生活便利,,,,暂无数据,2025-07-17,商品房,普通住宅,暂无数据,非共有,有抵押 230万元,挂牌时间:2025-07-17 | 交易权属:商品房 | 上次交易:暂无数据 | 房屋用途:普通住宅 | 房屋年限:暂无数据 | 产权所属:非共有 | 抵押信息:有抵押 230万元 | 房本备件:未上传房本照片,,
满五唯一，龙外300米，141平米户型方正5房,"合正观澜汇一期 , 观澜",5室2厅,141.36平米,西南,简装,29层,2016年,板塔结合,700 万,49519 元,0,,,近地铁 | VR房源 | 房本满五年,https://sz.lianjia.com/ershoufang/105121305669.html,地铁 | VR房源 | 房本满五年,大阳台看园林楼下天虹商场，141平米户型方正5房,小区围合式布局，氛围好。物业管理人性化，物业跟进服务做得很到位。绿化35%以上，有乒乓球台，老人健身器材，小孩子娱乐等各种设施。,楼下是天虹商场，与龙华医院一个地铁站，观湖体育公园50米距离。,地铁4号线茜坑站100米左右，与有轨电车世纪广场站800米。,,,2016-02-29,2025-07-02,商品房,普通住宅,满五年,非共有,有抵押 240万元 农业角行 业主自还,挂牌时间:2025-07-02 | 交易权属:商品房 | 上次交易:2016-02-29 | 房屋用途:普通住宅 | 房屋年限:满五年 | 产权所属:非共有 | 抵押信息:有抵押 240万元 农业角行 业主自还 | 房本备件:已上传房本照片,客厅 / 36.55平米 / 西 / 普通窗 ; 卧室A / 13.12平米 / 无 / 未知窗户类型 ; 卧室B / 20.39平米 / 无 / 未知窗户类型 ; 卧室C / 8.97平米 / 无 / 未知窗户类型 ; 卧室D / 9.64平米 / 无 / 未知窗户类型 ; 卧室E / 7.03平米 / 东 / 落地窗 ; 卧室F / 6.34平米 / 东 / 普通窗 ; 卫生间 / 5.57平米 / 无 / 未知窗户类型 ; 阳台 / 11.32平米 / 西 北 / 普通窗 ; 储物间 / 6.27平米 / 无 / 未知窗户类型 ; 过道 / 4.65平米 / 无 / 无窗,
上叠带花园带天台 已拓展实用高 中间位置 通透采光好,"观湖园 , 观澜",5室2厅,175.5平米,西南,,4层,2009年,板楼,900 万,51283 元,0,,,VR房源,https://sz.lianjia.com/ershoufang/105121386483.html,VR房源,上叠带花园带天台 已拓展实用高 中间位置 通透采光好,观湖园项目位于龙华新区观澜镇，邻近梅观高速公路，在梅观高速观澜出口。小区占地面积：37.6弯平方米，容积低，绿化高，东南亚园林景观设计。双拼跟独栋管理费是6.5平米，叠拼的管理费是4.95平米，小区安保严密，24小时巡逻监控,小区南门200米，有菜市场，商场能满足日常所需；距离观澜湖新城约5公 里，观澜湖新城是大型的SHOPING MALL，一系列品牌都已进驻，购物娱乐 都相当方便；距离观澜人民医院及伟光医院约6公里。,观湖园别墅小区邻近梅观高速公路，距离梅观高速观澜出口约1.5公里，去南山约33公里，罗湖约30公里，福田约28公里，交通如此便利的接轨市内生活圈。到观澜汽车站和观澜湖新城约五公里，观澜湖新城是大型的Shoig Mll，交通出行娱乐购物也是相当方便,,,暂无数据,2025-07-09,商品房,普通住宅,暂无数据,非共有,有抵押,挂牌时间:2025-07-09 | 交易权属:商品房 | 上次交易:暂无数据 | 房屋用途:普通住宅 | 房屋年限:暂无数据 | 产权所属:非共有 | 抵押信息:有抵押 | 房本备件:未上传房本照片,,
华为工厂一路之隔次新3房高楼层东南向急售好谈价,"珑门 , 观澜",3室2厅,81平米,东 南,精装,高楼层(共33层),2016年,板楼,330 万,40741 元,0,,,VR房源,https://sz.lianjia.com/ershoufang/105121176890.html,VR房源,高楼层东南向采光好，急售好谈价,"小区是一直排开布局，没有遮当，采光和通风性都很好，入户大堂也是7米挑高，
物业管理到位，绿化高，居住体验感很好",,,,,暂无数据,2025-06-22,商品房,普通住宅,暂无数据,非共有,有抵押 150万元 正常房贷可带押过户 金融公司垫资,挂牌时间:2025-06-22 | 交易权属:商品房 | 上次交易:暂无数据 | 房屋用途:普通住宅 | 房屋年限:暂无数据 | 产权所属:非共有 | 抵押信息:有抵押 150万元 正常房贷可带押过户 金融公司垫资 | 房本备件:未上传房本照片,客厅 / 22.47平米 / 东北 东南 / 落地窗 ; 卧室A / 12.47平米 / 无 / 未知窗户类型 ; 卧室B / 7.6平米 / 无 / 未知窗户类型 ; 卧室C / 5.64平米 / 北 / 落地窗 ; 厨房 / 5.54平米 / 北 / 落地窗 ; 卫生间A / 3.24平米 / 东北 / 落地窗 ; 卫生间B / 2.99平米 / 西北 / 普通窗 ; 阳台 / 2.39平米 / 西南 东北 东南 / 落地窗 ; 过道 / 3.51平米 / 无 / 无窗,
房东自住随时可搬十二点前及三点半后可看房,"招商锦绣观园 , 观澜",2室2厅,63.88平米,西南,简装,低楼层(共28层),2014年,,190 万,29744 元,4,,,VR看装修 | 房本满五年,https://sz.lianjia.com/ershoufang/105119861757.html,VR看装修 | 房本满五年,看水库房，风景好，边角户采光好。,,,小区前后门均有公交站，后面是公交总站。离竹村地铁口两公里，开车到福田半个钟左右，出行方便。,,,2014-08-06,2025-02-27,商品房,普通住宅,满五年,非共有,无抵押,挂牌时间:2025-02-27 | 交易权属:商品房 | 上次交易:2014-08-06 | 房屋用途:普通住宅 | 房屋年限:满五年 | 产权所属:非共有 | 抵押信息:无抵押 | 房本备件:已上传房本照片,客厅 / 24.76平米 / 无 / 无窗 ; 卧室A / 8.63平米 / 西南 / 普通窗 ; 卧室B / 6.39平米 / 西北 / 普通窗 ; 厨房 / 4.69平米 / 西北 / 普通窗 ; 卫 / 2.02平米 / 西北 / 普通窗 ; 阳台 / 2.05平米 / 西 / 普通窗,
产权满五年唯一 未使用 中间楼层 采光好 视野无遮挡,"招商观园 , 观澜",4室2厅,141.27平米,南 北,精装,中楼层(共18层),2012年,塔楼,536 万,37942 元,1,,,VR房源,https://sz.lianjia.com/ershoufang/105118054522.html,VR房源,产权满五年唯一 未使用 中间楼层 采光好 视野无遮挡,招商观园地块位于深圳市宝安区观澜街道环观南路北侧，与观澜高新技术园区隔路相望，邻进梅观高速、机荷高速，占地147595.156平方米，招商观园2期将近期推出全新升级力作中.央园林湖景单位，主力产品为140-180㎡大户型和少量90,,,,,暂无数据,2024-08-24,商品房,普通住宅,暂无数据,非共有,有抵押 50万元 银行 业主自还,挂牌时间:2024-08-24 | 交易权属:商品房 | 上次交易:暂无数据 | 房屋用途:普通住宅 | 房屋年限:暂无数据 | 产权所属:非共有 | 抵押信息:有抵押 50万元 银行 业主自还 | 房本备件:未上传房本照片,客厅 / 34.06平米 / 无 / 未知窗户类型 ; 卧室A / 8.1平米 / 北 / 落地窗 ; 卧室B / 16.17平米 / 无 / 未知窗户类型 ; 卧室C / 17.56平米 / 南 / 落地窗 ; 卧室D / 11.55平米 / 无 / 未知窗户类型 ; 卧室E / 8.38平米 / 西 / 落地窗 ; 厨房 / 6.14平米 / 南 / 普通窗 ; 卫生间A / 6.31平米 / 北 / 落地窗 ; 卫生间B / 4.94平米 / 南 / 普通窗 ; 阳台 / 4.7平米 / 西 东 南 / 落地窗 ; 过道 / 7.52平米 / 无 / 无窗,
原价高，端头位，满五唯一，联排别墅，看房万寿伟,"城建仁山智水花园二期 , 观澜",5室1厅,261.64平米,东南,,上叠(共1层),,板塔结合,2088 万,79805 元,1,,,VR房源 | 房本满五年,https://sz.lianjia.com/ershoufang/105113152984.html,VR房源 | 房本满五年,联排别墅，端头位，上下共5层，实用面积高，满五唯一，出国急售,城建仁山智水花园位于鹭湖国际住枢地段，深圳市宝安区观澜街道环观南路北侧，东临富安路，南望观澜高新技术园，地处政府规划发展的观澜新区，小区由高层，洋房，上下叠加别墅，联排别墅组成， 毛坯交房 ，总共1445户，车位3150个。,商场：天虹商场、观澜湖新城，格兰郡购物街：观澜人民医院，邮局：中国邮政银行：工商银行、农业银行其他：陶贞源酒店、樟坑径市场、观澜高尔夫球会、山水田园、乡村俱乐部等,位于环观南路(即观天大道)以北，梅观高速以东；梅观高速、机荷高速，较近的公交站是观澜高新科技园、宝安高新技术园站，经过的路线有E4、772等。门前有电车站台，有轨电车直通4号线清湖站,,,2014-12-29,2023-03-27,商品房,别墅,满五年,非共有,有抵押 500万元,挂牌时间:2023-03-27 | 交易权属:商品房 | 上次交易:2014-12-29 | 房屋用途:别墅 | 房屋年限:满五年 | 产权所属:非共有 | 抵押信息:有抵押 500万元 | 房本备件:已上传房本照片,客厅 / 77.55平米 / 西 南 / 落地窗 ; 多功能间 / 96.74平米 / 西 / 落地窗 ; 卧室A / 11.72平米 / 北 / 落地窗 ; 卧室B / 12.6平米 / 无 / 未知窗户类型 ; 卧室C / 11.65平米 / 北 / 落地窗 ; 卧室D / 22.11平米 / 南 / 普通窗 ; 厨房 / 7.98平米 / 无 / 未知窗户类型 ; 卫生间A / 4.44平米 / 北 / 普通窗 ; 卫生间B / 4.48平米 / 北 / 落地窗 ; 卫生间C / 4.35平米 / 北 / 普通窗 ; 卫生间D / 12.73平米 / 无 / 未知窗户类型 ; 阳台A / 13.09平米 / 西 东 南 / 普通窗 ; 阳台B / 16.04平米 / 西 东 南 / 普通窗 ; 阳台C / 18.65平米 / 西 北 东 / 普通窗 ; 地下室 / 14.75平米 / 无 / 无窗 ; 过道A / 25.21平米 / 无 / 无窗 ; 过道B / 15.64平米 / 无 / 无窗 ; 衣帽间 / 10.39平米 / 无 / 无窗,
安静位置，看花园，看公园，中间楼层，拎包入住,"中森公园华府 , 观澜",4室2厅,126.08平米,南 北,精装,高楼层(共30层),2020年,板塔结合,430 万,34106 元,1,,,VR看装修,https://sz.lianjia.com/ershoufang/105121333619.html,VR看装修,满五年，高楼层，视野好，前看花园，后看公园，拎包入住。,开发商为深圳中森，是以房地产为产业的企业，主要以珠三角地区和成渝地区为发展区域。 在深圳有几个住宅地产项目，为人熟知的应该是科技园片区华润城邻居的英伦名苑1-3期，以及龙岗的中森双子座。,项目位于龙华区观澜板块，观湖街道的东南方位。所在区域是深圳中轴北的产业，南接坂田天安云谷、龙华宝能科技城，东连平湖金融与现代服务业基地，西临观澜高新产业园， 北为观澜传统制造业聚集地带,,,,暂无数据,2025-07-04,商品房,普通住宅,暂无数据,非共有,有抵押 160万元,挂牌时间:2025-07-04 | 交易权属:商品房 | 上次交易:暂无数据 | 房屋用途:普通住宅 | 房屋年限:暂无数据 | 产权所属:非共有 | 抵押信息:有抵押 160万元 | 房本备件:未上传房本照片,,
70年民水电6米复式.端户多个阳台,"美佳华首誉 , 观澜",2室2厅,66.51平米,南 西南 北,简装,中楼层(共28层),2013年,板塔结合,170 万,25561 元,6,,,近地铁 | VR房源,https://sz.lianjia.com/ershoufang/105120482675.html,地铁 | VR房源,70年民水电6米复式.端户多个阳台.计税价低于原购价无增值税,美佳华首誉是集住宅、商务公寓一体的城市综合体。梅观快速、清平高速等，地铁4号线茜坑站200米左右 与深圳首条轻轨线交汇观澜站,小区为观澜首创的一站式的集中体，包括：购物、餐饮、休闲、娱乐等多种业态。未来有品牌商家进驻，已确定品牌主力店人人乐、KFC、美佳华儿童乐园等品牌，未来会有影院、餐饮、娱乐等基本配套。苏宁电器、面点王、拾味馆、芳都酒楼等,,,,暂无数据,2025-04-21,商品房,商务公寓,暂无数据,非共有,无抵押,挂牌时间:2025-04-21 | 交易权属:商品房 | 上次交易:暂无数据 | 房屋用途:商务公寓 | 房屋年限:暂无数据 | 产权所属:非共有 | 抵押信息:无抵押 | 房本备件:未上传房本照片,,
纯法式 洋房小高层 精装大4房 诚意出售,"金地天悦湾 , 观澜",4室2厅,170平米,南 北,精装,中楼层(共8层),2012年,板塔结合,758 万,44589 元,1,,,VR房源,https://sz.lianjia.com/ershoufang/105118409077.html,VR房源,此房满五年，唯一，大四房，红本无抵押；精装，业主诚意出售,,龙华新三馆，观澜湿地公园，新世纪广场、人民公园。商.业设施：观澜湖新城，天虹商场、格兰郡商.业街。教育设施、。医疗设施：龙华综合医院； 酒店：格兰云天大酒店。银行：平安，中行、工行、招行,多维立体交通，多条轨道公交线路途经，无论是福田，罗湖，南山还是通往宝安前海等区域便利，开车也十分方便.坐车除了公交以外还可以选择门口轻轨电车，无缝连接地铁四号线清湖站；,,,暂无数据,2024-09-26,商品房,普通住宅,暂无数据,非共有,无抵押,挂牌时间:2024-09-26 | 交易权属:商品房 | 上次交易:暂无数据 | 房屋用途:普通住宅 | 房屋年限:暂无数据 | 产权所属:非共有 | 抵押信息:无抵押 | 房本备件:未上传房本照片,客厅 / 42.66平米 / 南 / 普通窗 ; 卧室A / 15.46平米 / 北 / 落地窗 ; 卧室B / 13.93平米 / 北 / 落地窗 ; 卧室C / 19.23平米 / 南 / 落地窗 ; 厨房 / 7.8平米 / 无 / 落地窗 ; 卫生间 / 4.57平米 / 东 / 普通窗 ; 阳台A / 8.39平米 / 东 / 落地窗 ; 阳台B / 6.01平米 / 南 / 普通窗 ; 储A / 1.56平米 / 无 / 无窗 ; 储物间B / 4.65平米 / 无 / 无窗 ; 储物间C / 20.7平米 / 无 / 无窗 ; 过道 / 7.1平米 / 无 / 无窗,
金泽花园 复式住宅 使用翻倍 看房方便,"金泽花园 , 观澜",3室2厅,109.38平米,西南,简装,高楼层(共7层),2002年,板楼,750 万,68569 元,0,,,近地铁 | VR看装修 | 房本满五年,https://sz.lianjia.com/ershoufang/105120613627.html,地铁 | VR看装修 | 房本满五年,此房满五唯一，业主自还，随时看房,小区绿化为50%，建筑密度较低，居住舒适度高，已开通管道燃气,小区在深圳民法公园旁边，交通便利，有多条公交线路经过，距小区最近的地铁站是4号线长湖站,,,,2010-09-02,2025-05-04,商品房,普通住宅,满五年,非共有,有抵押 50万元 业主自还,挂牌时间:2025-05-04 | 交易权属:商品房 | 上次交易:2010-09-02 | 房屋用途:普通住宅 | 房屋年限:满五年 | 产权所属:非共有 | 抵押信息:有抵押 50万元 业主自还 | 房本备件:已上传房本照片,,
新田 中森公园华府 方正2房 业主急卖 价格可以谈,"中森公园华府 , 观澜",2室2厅,69.39平米,东,精装,低楼层(共30层),2020年,板塔结合,265 万,38190 元,0,,,VR房源,https://sz.lianjia.com/ershoufang/105117038549.html,VR房源,精装修阳台朝向好无遮挡室内安静诚心 价格美丽,开发商为深圳中森，是以房地产为产业的企业，主要以珠三角地区和成渝地区为发展区域。 在深圳有几个住宅地产项目，为人熟知的应该是科技园片区华润城邻居的英伦名苑1-3期，以及龙岗的中森双子座,项目位于龙华区观澜板块，观湖街道的东南方位。所在区域是深圳中轴北的产业，南接坂田天安云谷、龙华宝能科技城，东连平湖金融与现代服务业基地，西临观澜高新产业园， 北为观澜传统制造业聚集地带,,,,暂无数据,2024-05-19,商品房,普通住宅,暂无数据,非共有,有抵押,挂牌时间:2024-05-19 | 交易权属:商品房 | 上次交易:暂无数据 | 房屋用途:普通住宅 | 房屋年限:暂无数据 | 产权所属:非共有 | 抵押信息:有抵押 | 房本备件:未上传房本照片,客厅 / 24.28平米 / 东北 / 普通窗 ; 卧室A / 8.14平米 / 无 / 未知窗户类型 ; 卧室B / 12.37平米 / 东北 / 落地窗 ; 厨房 / 5.65平米 / 西北 / 落地窗 ; 卫生间 / 4.29平米 / 无 / 未知窗户类型 ; 阳台 / 4.09平米 / 东北 / 普通窗,
中森方正两房，一手毛坯可自由发挥，亲手构筑温馨的家,"中森公园华府 , 观澜",2室2厅,89平米,南,,中楼层(共30层),2020年,板塔结合,292 万,32809 元,1,,,VR看装修,https://sz.lianjia.com/ershoufang/105118504602.html,VR看装修,高楼层，视野开拓，采光通风好，配套齐全，交通便利,开发商为深圳中森，是以房地产为产业的企业，主要以珠三角地区和成渝地区为发展区域。 在深圳有几个住宅地产项目，为人熟知的应该是科技园片区华润城邻居的英伦名苑1-3期，以及龙岗的中森双子座。,项目位于龙华区观澜板块，观湖街道的东南方位。所在区域是深圳中轴北的产业，南接坂田天安云谷、龙华宝能科技城，东连平湖金融与现代服务业基地，西临观澜高新产业园， 北为观澜传统制造业聚集地带。项目西侧约1.6公里处为鹭湖科技文化片区，,距有轨电车1公里，接驳地铁：中森白鸽湖老村，位于环观南路，项目距离龙华有轨电车2号线的终点站下围站约1公里步行距离（百度地图测量，仅供参考），通过有轨电车接入深圳地铁轨道交通网络，目前已在地铁4号线清湖站接通，待2020年底4号线北延段开通后..,,,2019-10-22,2024-10-06,商品房,普通住宅,未满两年,非共有,有抵押,挂牌时间:2024-10-06 | 交易权属:商品房 | 上次交易:2019-10-22 | 房屋用途:普通住宅 | 房屋年限:未满两年 | 产权所属:非共有 | 抵押信息:有抵押 | 房本备件:已上传房本照片,客厅 / 24.42平米 / 东北 / 普通窗 ; 卧室A / 8.15平米 / 无 / 未知窗户类型 ; 卧室B / 8.11平米 / 东北 / 普通窗 ; 厨房 / 5.45平米 / 西北 / 普通窗 ; 卫生间 / 4.26平米 / 无 / 未知窗户类型 ; 阳台A / 4.04平米 / 东北 / 普通窗 ; 阳台B / 2.71平米 / 东北 / 普通窗,
中森公园华府，高楼层，双电梯精装，89平南向三居,"中森公园华府 , 观澜",3室1厅,89平米,南,精装,高楼层(共30层),2019年,板塔结合,430 万,48315 元,0,,,VR房源,https://sz.lianjia.com/ershoufang/105117035319.html,VR房源,次新小区环境好，带公园，楼层好，光线充足，住家装修不错,开发商为深圳中森，是以房地产为产业的企业，主要以珠三角地区和成渝地区为发展区域。 在深圳有几个住宅地产项目，为人熟知的应该是科技园片区华润城邻居的英伦名苑1-3期，以及龙岗的中森双子座。,,距有轨电车1公里，接驳地铁：中森白鸽湖老村，位于环观南路，项目距离龙华有轨电车2号线的终点站下围站约1公里步行距离（百度地图测量，仅供参考），通过有轨电车接入深圳地铁轨道交通网络，目前已在地铁4号线清湖站接通,,,暂无数据,2024-05-19,商品房,普通住宅,暂无数据,非共有,有抵押,挂牌时间:2024-05-19 | 交易权属:商品房 | 上次交易:暂无数据 | 房屋用途:普通住宅 | 房屋年限:暂无数据 | 产权所属:非共有 | 抵押信息:有抵押 | 房本备件:未上传房本照片,客厅 / 24.38平米 / 南 / 普通窗 ; 卧室A / 6.33平米 / 无 / 未知窗户类型 ; 卧室B / 12.75平米 / 无 / 未知窗户类型 ; 卧室C / 8.8平米 / 南 / 落地窗 ; 厨房 / 3.8平米 / 西 / 普通窗 ; 卫生间A / 3.58平米 / 无 / 普通窗 ; 卫生间B / 3.58平米 / 西 / 普通窗 ; 阳台A / 1.33平米 / 西 / 普通窗 ; 阳台B / 5.02平米 / 西 南 / 普通窗 ; 过道 / 3.06平米 / 无 / 无窗,
住家装修，高楼层，户型方正，环境好，小区新。,"中森公园华府 , 观澜",2室1厅,69平米,北 南,,中楼层(共30层),2020年,板塔结合,268 万,38841 元,4,,,VR房源,https://sz.lianjia.com/ershoufang/105116584161.html,VR房源,次新房，小区环境好，带公园，楼层好，光线充足,开发商为深圳中森，是以房地产为产业的企业，主要以珠三角地区和成渝地区为发展区域。 在深圳有几个住宅地产项目，为人熟知的应该是科技园片区华润城邻居的英伦名苑1-3期，以及龙岗的中森双子座。,项目位于龙华区观澜板块，观湖街道的东南方位。所在区域是深圳中轴北的产业，南接坂田天安云谷、龙华宝能科技城，东连平湖金融与现代服务业基地，西临观澜高新产业园， 北为观澜传统制造业聚集地带,,,,暂无数据,2024-04-05,商品房,普通住宅,暂无数据,非共有,有抵押 240万元 金融公司垫资,挂牌时间:2024-04-05 | 交易权属:商品房 | 上次交易:暂无数据 | 房屋用途:普通住宅 | 房屋年限:暂无数据 | 产权所属:非共有 | 抵押信息:有抵押 240万元 金融公司垫资 | 房本备件:未上传房本照片,客厅 / 22.23平米 / 北 / 普通窗 ; 卧室A / 11.51平米 / 北 / 落地窗 ; 卧室B / 7.96平米 / 无 / 未知窗户类型 ; 厨房 / 5.63平米 / 西 / 普通窗 ; 卫生间 / 4.18平米 / 西 / 落地窗 ; 阳台 / 4.27平米 / 北 / 普通窗 ; 过道 / 2.23平米 / 无 / 无窗,
次新花园社区，人车分流，车位充足，小区环境优美.,"珑门 , 观澜",4室2厅,86.9平米,东南,精装,中楼层(共31层),2016年,板楼,349 万,40162 元,0,,,VR看装修 | 房本满五年,https://sz.lianjia.com/ershoufang/105121708647.html,VR看装修 | 房本满五年,珑门名苑，次新花园社区，人车分流，车位充足，小区环境优美.,小区带花园，绿化高，三层地下停车位，车位充足，家门口公办 ，小区自带公办 ，小区环抱观澜文体公园，门口公交站，两大高速，交通方便,旁边有体育馆，体育公园，民法公园’旁边就是观光路直通梅观高速，接外环高速‘,旁边就是观光路直通梅观高速，接外环高速‘旁边有体育馆，体育公园，民法公园,,,2013-06-27,2025-08-07,商品房,普通住宅,满五年,共有,有抵押 50万元 业主自还,挂牌时间:2025-08-07 | 交易权属:商品房 | 上次交易:2013-06-27 | 房屋用途:普通住宅 | 房屋年限:满五年 | 产权所属:共有 | 抵押信息:有抵押 50万元 业主自还 | 房本备件:已上传房本照片,,
地铁4号线长湖站，高楼层安静次新房,"阳基御龙山 , 观澜",3室2厅,85.9平米,南 北,精装,31层,2018年,板塔结合,362 万,42143 元,1,,,VR房源,https://sz.lianjia.com/ershoufang/105117113481.html,VR房源,满五唯一税费少，位置安静，使用面积很高,,小区楼下就是墒业街，500米为盛抄市。医院：龙华中芯医院，深圳伟光医院，广东医学院附属观澜医院；其他：观澜人民公园，狮经公园，九龙山，观澜河。,,,,暂无数据,2024-05-27,商品房,普通住宅,暂无数据,非共有,有抵押 200万元 0 业主自还,挂牌时间:2024-05-27 | 交易权属:商品房 | 上次交易:暂无数据 | 房屋用途:普通住宅 | 房屋年限:暂无数据 | 产权所属:非共有 | 抵押信息:有抵押 200万元 0 业主自还 | 房本备件:未上传房本照片,客厅 / 26.64平米 / 西南 / 普通窗 ; 卧室A / 5.44平米 / 东南 / 落地窗 ; 卧室B / 7.29平米 / 无 / 未知窗户类型 ; 卧室C / 14.73平米 / 无 / 未知窗户类型 ; 厨房 / 4.72平米 / 东南 / 普通窗 ; 卫A / 1.69平米 / 东北 / 普通窗 ; 卫生间B / 4.23平米 / 东南 / 普通窗 ; 阳台 / 4.77平米 / 西南 / 普通窗 ; 过道 / 1.98平米 / 无 / 无窗,
观澜湖比佩亚区 1室1厅 东北,"观澜湖比佩亚区 , 观澜",1室1厅,79.32平米,东北,精装,低楼层(共7层),2011年,板塔结合,200 万,25215 元,0,,,VR房源,https://sz.lianjia.com/ershoufang/105121437969.html,VR房源,,,,,,,暂无数据,2025-07-14,商品房,普通住宅,暂无数据,非共有,有抵押 业主自还,挂牌时间:2025-07-14 | 交易权属:商品房 | 上次交易:暂无数据 | 房屋用途:普通住宅 | 房屋年限:暂无数据 | 产权所属:非共有 | 抵押信息:有抵押 业主自还 | 房本备件:未上传房本照片,,
大社区小区环境好绿化高大三房户型方正,"中航格澜郡阳光花园 , 观澜",3室2厅,128平米,南,精装,高楼层(共10层),2006年,,480 万,37500 元,0,,,VR房源,https://sz.lianjia.com/ershoufang/105115665296.html,VR房源,大社区，小区环境好，绿化高，大三房，户型方正,中航格澜郡位于深圳龙华区观湖街道，东临龙华大道，西临沿河路，南起环观南路，北至求知路。其北面即为观澜世纪广场与文化艺术场所，与龙华区区委办仅一河之隔，可谓是尊贵地段，尽享龙华政治、文化、商 业的优势。整个小区为苏格兰风情大社区,天虹商场、福城天虹、民乐福购物场所 医院：观澜人民医院 邮局：观澜邮局 银行：农业银行，浦发银行，建设银行，中国工商银行 其他：文化艺术场所、体育活动场所,"有轨电车世纪广场站，大和站，地铁四号线茜坑站，竹村站，中航格澜郡公交站的有B652路、B693路、M264路等6条公交线路.公交站分别是大和路口(157米),安佳工业园(193米),观澜天虹商场(419米),富士施乐(470米),格兰云天酒店(569米)等。出行更加方便",,,暂无数据,2023-12-21,商品房,普通住宅,暂无数据,非共有,无抵押,挂牌时间:2023-12-21 | 交易权属:商品房 | 上次交易:暂无数据 | 房屋用途:普通住宅 | 房屋年限:暂无数据 | 产权所属:非共有 | 抵押信息:无抵押 | 房本备件:未上传房本照片,客厅 / 45.04平米 / 无 / 未知窗户类型 ; 卧室A / 14.29平米 / 南 / 落地窗 ; 卧室B / 12.9平米 / 无 / 未知窗户类型 ; 卧室C / 12.93平米 / 无 / 未知窗户类型 ; 厨房 / 6.33平米 / 北 / 普通窗 ; 卫生间 / 4.6平米 / 南 / 普通窗 ; 阳台A / 4.62平米 / 西 东 南 / 落地窗 ; 阳台B / 6.86平米 / 北 / 普通窗 ; 衣帽间 / 4.69平米 / 北 / 普通窗,
懿花园  安静位置看花园 业主低于指导价出售,"懿花园 , 观澜",3室2厅,88.91平米,南,,中楼层(共10层),2013年,板楼,380 万,42740 元,1,,,VR房源,https://sz.lianjia.com/ershoufang/105117903322.html,VR房源,此房满五唯一年税费少，视野开阔无遮挡！,和黄懿花园也叫盈峰翠邸，由和记黄埔地产(深圳)有限公司开发，位于横坑水库。项目规划为地上建筑4-10层，地下2层，共59栋建筑(其中57栋住宅，2所幼儿园，及公建以地下室形式布置于地块南端)。 机动车位：600个；高层地库车位385个，多层地库车位200个,医疗龙华医院（4600米百度地图测距龙华综合医院在建中3100米百度地图测距新科技园社区健康服务购物商场楼下佳又惠百货医院天虹（2400米百度地图测,公交线路：公交（宝安高新科技园、观澜高新科技园）794、627、663、668、866路等，出小区就是有轨电车站台，高速公路：机荷高速公路、梅观高速公路，交通方便。,,,暂无数据,2024-08-10,商品房,普通住宅,暂无数据,非共有,有抵押,挂牌时间:2024-08-10 | 交易权属:商品房 | 上次交易:暂无数据 | 房屋用途:普通住宅 | 房屋年限:暂无数据 | 产权所属:非共有 | 抵押信息:有抵押 | 房本备件:未上传房本照片,客厅 / 23.05平米 / 东北 / 普通窗 ; 卧室A / 15.92平米 / 无 / 未知窗户类型 ; 卧室B / 7.48平米 / 无 / 未知窗户类型 ; 卧室C / 6.35平米 / 西南 西北 / 普通窗 ; 厨房 / 6.3平米 / 西北 / 普通窗 ; 卫生间A / 3.4平米 / 西北 / 普通窗 ; 卫生间B / 3.64平米 / 无 / 普通窗 ; 阳台A / 5.93平米 / 西北 东北 / 普通窗 ; 阳台B / 1.63平米 / 西北 / 普通窗 ; 阳台C / 3.6平米 / 西北 东北 / 普通窗 ; 过道 / 2.74平米 / 无 / 无窗,
低于指导价，懿花园急售，主卧大阳台,"懿花园 , 观澜",3室2厅,89.78平米,西南,精装,中楼层(共10层),2013年,板楼,360 万,40099 元,11,,,VR看装修,https://sz.lianjia.com/ershoufang/105116384344.html,VR看装修,此房满五年税费少，朝南带花园，视野开阔无遮挡！,和黄懿花园也叫盈峰翠邸，由和记黄埔地产(深圳)有限公司开发，位于横坑水库。项目规划为地上建筑4-10层，地下2层，共59栋建筑(其中57栋住宅，2所幼儿园，及公建以地下室形式布置于地块南端)。 机动车位：600个；高层地库车位385个，多层地库车位200个,医疗龙华医院（4600米百度地图测距龙华综合医院在建中3100米百度地图测距新科技园社区健康服务购物商场楼下佳又惠百货医院天虹（2400米百度地图测,公交线路：公交（宝安高新科技园、观澜高新科技园）794、627、663、668、866路等，出小区就是有轨电车站台，高速公路：机荷高速公路、梅观高速公路，交通方便。,,,暂无数据,2024-03-17,商品房,普通住宅,暂无数据,非共有,有抵押 80万元,挂牌时间:2024-03-17 | 交易权属:商品房 | 上次交易:暂无数据 | 房屋用途:普通住宅 | 房屋年限:暂无数据 | 产权所属:非共有 | 抵押信息:有抵押 80万元 | 房本备件:未上传房本照片,客厅 / 24.13平米 / 无 / 未知窗户类型 ; 卧室A / 10.3平米 / 东北 南 / 落地窗 ; 卧室B / 13.41平米 / 西南 / 普通窗 ; 卧室C / 6.02平米 / 西南 / 普通窗 ; 厨房 / 6.39平米 / 东南 / 落地窗 ; 卫生间A / 3.65平米 / 无 / 落地窗 ; 卫生间B / 3.51平米 / 东南 / 普通窗 ; 阳台A / 5.44平米 / 东南 / 落地窗 ; 阳台B / 11.31平米 / 西南 西北 东北 东南 / 普通窗 ; 阳台C / 5.93平米 / 西南 西北 / 普通窗 ; 过道 / 2.77平米 / 无 / 无窗,
金地天悦湾 业主诚意出售 带花园 端头位置 带固定车位,"金地天悦湾 , 观澜",6室4厅,255.75平米,南,精装,低楼层(共4层),2012年,板塔结合,1390 万,54350 元,2,,,VR房源,https://sz.lianjia.com/ershoufang/105120477618.html,VR房源,此房是满2年，没有增值税，朝南，端头位置采光好,项目位于宝安区观澜街道梅观高速与环观南路交汇处，地处观澜鹭湖国际社区，由金地集团开发建造，金地物业，分两期开发；友邻高尔夫球会，距福田18公里，真正享受城市近郊别墅生活，入则宁静，出则繁华。,,多维立体交通，多条公交线路途经，无论是福田，罗湖，南山还是通往宝安前海等区域便利，开车也十分方便.坐车除了公交以外还可以选择门口轻轨电车，无缝连接地铁四号线清湖站；,,,暂无数据,2025-04-21,商品房,普通住宅,暂无数据,非共有,有抵押 1000万元,挂牌时间:2025-04-21 | 交易权属:商品房 | 上次交易:暂无数据 | 房屋用途:普通住宅 | 房屋年限:暂无数据 | 产权所属:非共有 | 抵押信息:有抵押 1000万元 | 房本备件:未上传房本照片,,
中森花园小区 业主自住装修保养好 高楼层视野开阔,"中森公园华府 , 观澜",3室2厅,89.23平米,东南,,高楼层(共30层),2020年,板塔结合,350 万,39225 元,4,,,VR房源 | 房本满五年,https://sz.lianjia.com/ershoufang/105117035125.html,VR房源 | 房本满五年,次新房，小区环境好，带公园，楼层好，光线充足,开发商为深圳中森，是以房地产为产业的企业，主要以珠三角地区和成渝地区为发展区域。 在深圳有几个住宅地产项目，为人熟知的应该是科技园片区华润城邻居的英伦名苑1-3期，以及龙岗的中森双子座。,项目位于龙华区观澜板块，观湖街道的东南方位。所在区域是深圳中轴北的产业，南接坂田天安云谷、龙华宝能科技城，东连平湖金融与现代服务业基地，西临观澜高新产业园， 北为观澜传统制造业聚集地带。项目西侧约1.6公里处为鹭湖科技文化片区，,距有轨电车1公里，接驳地铁：中森白鸽湖老村，位于环观南路，项目距离龙华有轨电车2号线的终点站下围站约1公里步行距离（百度地图测量，仅供参考），通过有轨电车接入深圳地铁轨道交通网络，目前已在地铁4号线清湖站接通，待2020年底4号线北延段开通后..,,,2020-03-16,2024-05-19,商品房,普通住宅,满五年,非共有,有抵押,挂牌时间:2024-05-19 | 交易权属:商品房 | 上次交易:2020-03-16 | 房屋用途:普通住宅 | 房屋年限:满五年 | 产权所属:非共有 | 抵押信息:有抵押 | 房本备件:已上传房本照片,客厅 / 27.02平米 / 南 / 普通窗 ; 卧室A / 9.74平米 / 无 / 未知窗户类型 ; 卧室B / 14.24平米 / 无 / 未知窗户类型 ; 卧室C / 7.9平米 / 西 / 落地窗 ; 厨房 / 4.6平米 / 南 / 普通窗 ; 卫A / 2.58平米 / 无 / 未知窗户类型 ; 卫生间B / 4.05平米 / 西 / 普通窗 ; 阳台A / 1.61平米 / 南 / 普通窗 ; 阳台B / 4.33平米 / 南 / 普通窗,
金地鹭湖次新房，3房2卫高实用，满五唯一税少。,"金地鹭湖1号 , 观澜",3室2厅,88.94平米,南 北,,16层,2015年,塔楼,512 万,57567 元,1,,,VR房源 | 房本满五年,https://sz.lianjia.com/ershoufang/105112931927.html,VR房源 | 房本满五年,金地鹭湖次新房，3房2卫高实用，小高层，满五唯一税少。,金地鹭湖1号位于龙华区观澜街道梅观高速与环观南路交汇处;鹭湖国际住区，项目主打户型产品：建面89㎡三房。 项目占地面积约91197.68平方米，总建筑面积约164150平方米，。位处2000亿龙华行.政、科技、生态三中.心,,多维立体城市干道:环观南路直通平湖，梅观高速直达福田，北通东莞，沈海高速连接深圳前海以及东部坪山以及惠州，潮汕。 龙华有轨电车无缝接驳地铁4号线清湖站。另有22+18号双地铁口（规划）,,,2014-12-13,2023-03-08,商品房,普通住宅,满五年,非共有,无抵押,挂牌时间:2023-03-08 | 交易权属:商品房 | 上次交易:2014-12-13 | 房屋用途:普通住宅 | 房屋年限:满五年 | 产权所属:非共有 | 抵押信息:无抵押 | 房本备件:已上传房本照片,客厅 / 27.17平米 / 东南 / 普通窗 ; 卧室A / 9.25平米 / 东南 / 普通窗 ; 卧室B / 7.52平米 / 西南 / 落地窗 ; 卧室C / 12.34平米 / 无 / 未知窗户类型 ; 厨房 / 5.86平米 / 无 / 未知窗户类型 ; 卫生间A / 3.07平米 / 西南 / 普通窗 ; 卫生间B / 2.79平米 / 无 / 未知窗户类型 ; 阳台 / 4.08平米 / 西南 东南 / 普通窗,
龙光玖誉府 2室2厅 南,"龙光玖誉府 , 观澜",2室2厅,74平米,南,,高楼层(共31层),2020年,塔楼,400 万,54055 元,0,,,近地铁 | VR看装修 | 随时看房,https://sz.lianjia.com/ershoufang/105121797384.html,地铁 | VR看装修 | 随时看房,,,,,,,暂无数据,2025-08-15,商品房,普通住宅,暂无数据,非共有,暂无数据,挂牌时间:2025-08-15 | 交易权属:商品房 | 上次交易:暂无数据 | 房屋用途:普通住宅 | 房屋年限:暂无数据 | 产权所属:非共有 | 抵押信息:暂无数据 | 房本备件:未上传房本照片,,
独栋别墅，带精装修出售。满五年,"观澜湖 , 观澜",5室2厅,451.56平米,东 东南 南 西南,毛坯,低楼层(共2层),,,4849 万,107384 元,4,,,VR房源,https://sz.lianjia.com/ershoufang/105119092637.html,VR房源,环境优美，绿化占比较高，天然负离子氧吧，门口就有小18洞练习场,观澜湖别墅区，纯别墅区。小区接近观澜湖高尔夫会所和酒店，住家便利，交通出行方便，绿化优美，负离子氧吧。,世界较比大的高尔夫球会，门口有18洞的小高尔夫球场，还有高尔夫足球场，出了高尔夫球场就有国际校园，购物方便有观澜湖新城大型商场，深圳4号线就在新城楼下。,每天有免费巴士乘坐，小区随时有业主轿车接出入高尔夫球会，观澜湖新城负一楼就是港铁4号线。还有多条公交线路。,,,暂无数据,2024-12-03,商品房,普通住宅,暂无数据,非共有,无抵押,挂牌时间:2024-12-03 | 交易权属:商品房 | 上次交易:暂无数据 | 房屋用途:普通住宅 | 房屋年限:暂无数据 | 产权所属:非共有 | 抵押信息:无抵押 | 房本备件:未上传房本照片,客厅A / 89.54平米 / 北 / 落地窗 ; 客厅B / 96.54平米 / 西 东 / 落地窗 ; 书房 / 27.49平米 / 无 / 无窗 ; 卧室A / 13.29平米 / 东 / 落地窗 ; 多功能间A / 27.73平米 / 东 / 落地窗 ; 卧室B / 6.71平米 / 无 / 普通窗 ; 多功能间B / 40.29平米 / 无 / 落地窗 ; 卧室C / 8.84平米 / 无 / 普通窗 ; 卧室D / 17.38平米 / 无 / 落地窗 ; 卧室E / 17.9平米 / 无 / 普通窗 ; 卧室F / 19.11平米 / 无 / 普通窗 ; 卧室G / 21.62平米 / 无 / 普通窗 ; 卧室H / 19.08平米 / 无 / 落地窗 ; 厨房 / 29.34平米 / 西 南 / 普通窗 ; 卫生间A / 8.37平米 / 西 / 普通窗 ; 卫生间B / 4.43平米 / 无 / 无窗 ; 卫C / 4.73平米 / 东 / 普通窗 ; 卫D / 2.18平米 / 无 / 普通窗 ; 卫生间E / 4.87平米 / 无 / 普通窗 ; 卫生间F / 4.35平米 / 无 / 普通窗 ; 卫生间G / 7.38平米 / 无 / 无窗 ; 卫生间H / 14.84平米 / 无 / 普通窗 ; 卫生间I / 3.53平米 / 无 / 普通窗 ; 阳台A / 7.17平米 / 无 / 普通窗 ; 阳台B / 5.15平米 / 无 / 普通窗 ; 储物间A / 19.35平米 / 南 / 普通窗 ; 储物间B / 21.93平米 / 无 / 无窗 ; 储物间C / 15.6平米 / 无 / 无窗 ; 阁楼 / 47.59平米 / 北 / 普通窗 ; 门厅 / 49.26平米 / 南 / 落地窗 ; 电梯A / 3.77平米 / 无 / 无窗 ; 过道A / 76.63平米 / 南 / 落地窗 ; 电梯B / 3.95平米 / 无 / 无窗 ; 过道B / 8.53平米 / 无 / 落地窗 ; 电梯C / 3.93平米 / 无 / 无窗 ; 过道C / 1.96平米 / 无 / 无窗 ; 衣帽间A / 4.19平米 / 无 / 无窗 ; 衣帽间B / 6平米 / 无 / 无窗,
龙华观澜 低密度大社区南向两房 看房方便 价格有惊喜,"中航格澜郡阳光花园 , 观澜",2室1厅,74.68平米,东南 南,,高楼层(共10层),2006年,,279 万,37360 元,8,,,VR房源 | 房本满五年,https://sz.lianjia.com/ershoufang/105116298666.html,VR房源 | 房本满五年,朝南花园，低密度高绿化 税费低,中航格澜郡位于深圳龙华新区观澜，东临大和路，西临沿河路，南起环观南路，北至工业大道。其北面即为观澜世纪广场与文化艺术场所，与观澜街道办仅一河之隔，可谓是尊贵地段，尽享观澜政治、文化、商 业的优势。整个小区为苏格兰风情大社区。,综合商场：天虹商场、福城天虹、民乐福购物场所 医院：观澜人民医院 邮局：观澜邮局 银行：农业银行，浦发银行，建设银行，中国工商银行 其他：文化艺术场所、体育活动场所。,"深圳中航格澜郡公交站，途径中航格澜郡公交站的有B652路、B693路、M264路等6条公交线路.深圳中航格澜郡有7个公交站,分别是大和路口(157米),安佳工业园(193米),观澜天虹商场(419米),富士施乐(470米),格兰云天酒店(569米)等。另轻轨已经开通，出行更加方便。",,,2018-03-26,2024-03-09,商品房,普通住宅,满五年,非共有,有抵押 业主自还,挂牌时间:2024-03-09 | 交易权属:商品房 | 上次交易:2018-03-26 | 房屋用途:普通住宅 | 房屋年限:满五年 | 产权所属:非共有 | 抵押信息:有抵押 业主自还 | 房本备件:已上传房本照片,客厅 / 24.59平米 / 无 / 普通窗 ; 卧室A / 7.51平米 / 无 / 普通窗 ; 卧室B / 13.26平米 / 无 / 未知窗户类型 ; 厨房 / 5.65平米 / 无 / 无窗 ; 卫生间 / 3.79平米 / 无 / 无窗 ; 阳台 / 5.86平米 / 无 / 普通窗 ; 储物间 / 2.01平米 / 无 / 无窗,
翡翠湾独栋别墅 位置好 户型实用 价格便宜 好房,"观澜湖 , 观澜",7室2厅,289平米,东南 东北,毛坯,低楼层(共2层),,,2915 万,100866 元,1,,,VR房源 | 随时看房,https://sz.lianjia.com/ershoufang/105118908109.html,VR房源 | 随时看房,此别墅业主诚心出售，位置好，户型实用，有电梯井，花园大,观澜湖翡翠湾小区，有174栋独栋别墅组成，小区位置好，房子景观漂亮。,,,,,暂无数据,2024-11-14,商品房,别墅,暂无数据,非共有,无抵押,挂牌时间:2024-11-14 | 交易权属:商品房 | 上次交易:暂无数据 | 房屋用途:别墅 | 房屋年限:暂无数据 | 产权所属:非共有 | 抵押信息:无抵押 | 房本备件:未上传房本照片,客厅 / 107.98平米 / 无 / 落地窗 ; 多功能间 / 35.61平米 / 无 / 普通窗 ; 卧室A / 35.09平米 / 无 / 无窗 ; 卧室B / 18.37平米 / 无 / 普通窗 ; 卧室C / 18.91平米 / 无 / 普通窗 ; 卧室D / 39.68平米 / 北 东 / 普通窗 ; 卧室E / 14.93平米 / 西 / 普通窗 ; 卧室F / 25.4平米 / 西 南 / 普通窗 ; 厨房 / 21.61平米 / 无 / 普通窗 ; 卫生间A / 5.11平米 / 无 / 无窗 ; 卫生间B / 14.15平米 / 无 / 无窗 ; 卫生间C / 9.26平米 / 无 / 普通窗 ; 卫生间D / 3.31平米 / 北 / 普通窗 ; 卫生间E / 5.07平米 / 南 / 普通窗 ; 卫生间F / 27.48平米 / 西南 东 南 东南 / 普通窗 ; 阳台B / 13.61平米 / 西 北 南 / 普通窗 ; 露台 / 90.09平米 / 北 东 南 / 普通窗 ; 储物间A / 5.79平米 / 无 / 普通窗 ; 储物间B / 6.05平米 / 无 / 无窗 ; 车库 / 36.91平米 / 无 / 无窗 ; 地下室 / 345.3平米 / 无 / 落地窗 ; 电梯A / 4.05平米 / 无 / 无窗 ; 过道A / 25.7平米 / 无 / 无窗 ; 电梯B / 4.05平米 / 无 / 无窗 ; 过道B / 8.76平米 / 无 / 无窗 ; 电梯C / 4.29平米 / 无 / 无窗 ; 过道C / 8.56平米 / 无 / 普通窗 ; 过道D / 8.08平米 / 无 / 落地窗 ; 过道E / 18.65平米 / 西 / 落地窗 ; 衣帽间 / 7.51平米 / 无 / 无窗,
朝南一房一厅，近观澜华为富士康，近高速路口,"湖润名苑 , 观澜",1室1厅,43.29平米,南,简装,高楼层(共16层),2017年,塔楼,81.5 万,18827 元,8,,,VR房源,https://sz.lianjia.com/ershoufang/105115745677.html,VR房源,朝南一房一厅，价格可谈，近华为富士康，近高速路口,小区总共4栋，3栋是人才房，只有一栋是70年产权商务公寓，地下车库一层，负一楼菜市场。总共16层。24小时物业保安值班。,旁边是福城街道办，近观澜富士康，华为，九龙山体育公园，观澜湖新城，福城天虹，离观澜富士康南门万悦城约1500米。,小区门口有公交站，高速路口约1500米，距离4号线长湖地铁站约3公里，,,,暂无数据,2024-01-01,商品房,商务公寓,暂无数据,非共有,无抵押,挂牌时间:2024-01-01 | 交易权属:商品房 | 上次交易:暂无数据 | 房屋用途:商务公寓 | 房屋年限:暂无数据 | 产权所属:非共有 | 抵押信息:无抵押 | 房本备件:未上传房本照片,,
新一代呼吸式别墅，采光通风足，标杆尊享值得拥有！,"招商观园 , 观澜",7室4厅,255.21平米,南,精装,低楼层(共3层),2012年,塔楼,2800 万,109714 元,1,,,VR房源,https://sz.lianjia.com/ershoufang/105120228475.html,VR房源,此房满五唯一，税费少.室内每个空间采光通风充足，坐北朝南,招商观园地块位于深圳市宝安区观澜街道环观南路北侧，与观澜高新技术园区隔路相望，邻进梅观高速、机荷高速，占地147595.156平方米,,公交线路：公交（观澜高新园站）M567、M264、313、E4路等，出小区约50米 有轨电车站台（电车接驳地铁4号线清湖地铁口），高速公路：机荷高速公路、梅观高速公路，交通方便。,,,2025-03-02,2025-03-29,商品房,普通住宅,未满两年,非共有,有抵押 980万元 农业银行 金融公司垫资,挂牌时间:2025-03-29 | 交易权属:商品房 | 上次交易:2025-03-02 | 房屋用途:普通住宅 | 房屋年限:未满两年 | 产权所属:非共有 | 抵押信息:有抵押 980万元 农业银行 金融公司垫资 | 房本备件:已上传房本照片,客厅 / 32.37平米 / 无 / 落地窗 ; 餐厅 / 45.39平米 / 无 / 无窗 ; 书房 / 28.22平米 / 北 / 落地窗 ; 卧室A / 23.74平米 / 无 / 落地窗 ; 卧室B / 11.54平米 / 无 / 普通窗 ; 卧室C / 11.8平米 / 无 / 普通窗 ; 卧室D / 20.28平米 / 南 / 落地窗 ; 厨房 / 10.51平米 / 无 / 普通窗 ; 卫生间A / 4.75平米 / 无 / 普通窗 ; 卫生间B / 6.39平米 / 无 / 普通窗 ; 卫生间C / 4.42平米 / 无 / 无窗 ; 卫生间D / 5.96平米 / 北 / 普通窗 ; 卫生间E / 6.58平米 / 无 / 无窗 ; 阳台A / 4.11平米 / 无 / 落地窗 ; 阳台B / 4.4平米 / 无 / 普通窗 ; 阳台C / 3.82平米 / 无 / 普通窗 ; 阳台D / 5.31平米 / 南 / 落地窗 ; 露台 / 78.63平米 / 无 / 落地窗 ; 电梯A / 2.82平米 / 无 / 无窗 ; 过道A / 6.14平米 / 无 / 普通窗 ; 电梯B / 2.76平米 / 无 / 无窗 ; 过道B / 24.61平米 / 无 / 无窗 ; 电梯C / 2.84平米 / 无 / 无窗 ; 过道C / 19.82平米 / 无 / 无窗 ; 过道D / 10.9平米 / 无 / 落地窗 ; 衣帽间D / 6.47平米 / 南 / 普通窗,
观澜湖 毛坯 ，住宅一线高尔夫景观满五年保养好,"观澜湖 , 观澜",6室3厅,290平米,东南,毛坯,低楼层(共2层),,,3200 万,110345 元,0,,,VR房源 | 随时看房,https://sz.lianjia.com/ershoufang/105121437801.html,VR房源 | 随时看房,观澜湖  住宅一线高尔夫景观满五年保养好,"观澜湖已经形成国际高尔夫别墅住区，把背景相同、事业有成的人士聚集在一起，创	
造出生活与事业的平台。在10多平方公里的绿色王国上，建筑覆盖率不到1%，属于纯粹的高尔夫球场中/央物业，完全被球道环/绕，从住宅的任何一个角度，都可以观赏到绿色的景观。","小区南门50亿观澜湖新城，观澜湖生态体育公园，观澜天虹商场，兴万达商场等，龙	
华人民医/院，塘厦人民医/院，小区内有会所/游泳池/健身房/高尔夫业主练习场/穿梭巴士等免费使用。",,,,暂无数据,2025-07-14,商品房,普通住宅,暂无数据,非共有,有抵押,挂牌时间:2025-07-14 | 交易权属:商品房 | 上次交易:暂无数据 | 房屋用途:普通住宅 | 房屋年限:暂无数据 | 产权所属:非共有 | 抵押信息:有抵押 | 房本备件:未上传房本照片,,
金地天悦湾 4室1厅 南 北,"金地天悦湾 , 观澜",4室1厅,171.49平米,南 北,,高楼层(共8层),2012年,板塔结合,860 万,50149 元,1,,,VR房源 | 随时看房,https://sz.lianjia.com/ershoufang/105121200758.html,VR房源 | 随时看房,,,,,,,暂无数据,2025-06-24,商品房,普通住宅,暂无数据,非共有,暂无数据,挂牌时间:2025-06-24 | 交易权属:商品房 | 上次交易:暂无数据 | 房屋用途:普通住宅 | 房屋年限:暂无数据 | 产权所属:非共有 | 抵押信息:暂无数据 | 房本备件:未上传房本照片,客厅 / 45.09平米 / 南 / 普通窗 ; 卧室A / 12.65平米 / 北 / 普通窗 ; 卧室B / 11.65平米 / 北 东北 / 落地窗 ; 卧室C / 19.91平米 / 南 / 普通窗 ; 卧室D / 19.51平米 / 南 / 落地窗 ; 厨房 / 12.68平米 / 西 / 普通窗 ; 卫生间A / 6.99平米 / 西 / 普通窗 ; 卫生间B / 4.65平米 / 西 / 普通窗 ; 阳台 / 6.09平米 / 南 / 普通窗 ; 过道 / 8.96平米 / 无 / 无窗,
精装保养好，拎包入住，高层采光通风好，看房方便,"金地鹭湖1号 , 观澜",3室1厅,88.73平米,东北,精装,高楼层(共16层),2015年,塔楼,379 万,42714 元,2,,,VR房源,https://sz.lianjia.com/ershoufang/105119088187.html,VR房源,此房满五唯一税费少  安静 采光好 精装保养好,金地鹭湖1号位于龙华区观澜街道梅观高速与环观南路交汇处;鹭湖国际住区，项目主打户型产品：建面89㎡三房。 项目占地面积约91197.68平方米，总建筑面积约164150平方米，。位处2000亿龙华行.政、科技、生态,龙华外国语离小区1.5公里，鹭湖外国语离小区600米。近距离小区边培训机构多色多样，有舞蹈、画画、武术、钢琴等课外培训也有语数外等辅导培训。,多维立体城市干道:环观南路直通平湖，梅观高速直达福田，北通东莞，沈海高速连接深圳前海以及东部坪山以及惠州，潮汕。 龙华有轨电车无缝接驳地铁4号线清湖站。另有22+18号双地铁口（规划）,,,暂无数据,2024-12-02,商品房,普通住宅,暂无数据,非共有,有抵押 银行,挂牌时间:2024-12-02 | 交易权属:商品房 | 上次交易:暂无数据 | 房屋用途:普通住宅 | 房屋年限:暂无数据 | 产权所属:非共有 | 抵押信息:有抵押 银行 | 房本备件:未上传房本照片,客厅 / 32.4平米 / 西北 东北 / 普通窗 ; 卧室A / 9.31平米 / 东北 / 落地窗 ; 卧室B / 14.84平米 / 无 / 未知窗户类型 ; 卧室C / 8.34平米 / 无 / 未知窗户类型 ; 卫生间A / 3.14平米 / 无 / 无窗 ; 卫生间B / 4.68平米 / 无 / 未知窗户类型 ; 阳台 / 4.39平米 / 东北 / 普通窗,
精装东南三房两卫，业主换房诚意,"佳华领域广场 , 观澜",3室2厅,88平米,南,精装,低楼层(共38层),2017年,板塔结合,400 万,45455 元,1,,,近地铁 | VR看装修,https://sz.lianjia.com/ershoufang/105120690160.html,地铁 | VR看装修,满五年唯一，东南向精装自住保养好,小区是集住宅、写字楼、集中城市综合体项目，锦山公园，邻近观澜老街公园、观澜人民公园，项目共分为两期开发，一期6栋，其中1栋是 公寓，；二期地块由，写字楼以及酒店式公寓组成。,地铁四号线观澜站，有轨电车新澜站，梅观快速;，;其他：观澜老街 观澜湖新城，观澜湖生态体育公园，龙华医院,小区位于双轨交汇处，有轨电车-新澜站，地铁4号线-观澜站，距离小区100米（百度地图）、还有公交站吉盛酒店公交站台，另自驾5公里上龙观快速，4公里上珠三角环线高速,,,暂无数据,2025-05-11,商品房,普通住宅,暂无数据,非共有,有抵押 130万元,挂牌时间:2025-05-11 | 交易权属:商品房 | 上次交易:暂无数据 | 房屋用途:普通住宅 | 房屋年限:暂无数据 | 产权所属:非共有 | 抵押信息:有抵押 130万元 | 房本备件:未上传房本照片,,
仁山智水 大平层 看山湖景 只交契税  拎包入住,"城建仁山智水花园三期 , 观澜",4室2厅,303.96平米,南,精装,低楼层(共41层),2015年,板楼,1580 万,51981 元,0,,12天以前发布,VR房源,https://sz.lianjia.com/ershoufang/105122246503.html,VR房源,此房满五唯一 只交契税 阳台比同户型还会多十几个平,,,,此房为满五唯一 只交契税 符合条件的还可以带押过户 产权清晰明了,,暂无数据,2025-09-25,商品房,普通住宅,暂无数据,共有,有抵押 450万元 可带押过户,挂牌时间:2025-09-25 | 交易权属:商品房 | 上次交易:暂无数据 | 房屋用途:普通住宅 | 房屋年限:暂无数据 | 产权所属:共有 | 抵押信息:有抵押 450万元 可带押过户 | 房本备件:未上传房本照片,,
精装三房，近茜坑地铁，满五低税,"合正观澜汇一期 , 观澜",3室2厅,74.22平米,南,精装,33层,2016年,板塔结合,386 万,52008 元,0,,,近地铁 | VR房源 | 房本满五年,https://sz.lianjia.com/ershoufang/105114976539.html,地铁 | VR房源 | 房本满五年,此房满五唯一，75平户型三房，户型使用率高！,合正品牌开发商，小区是2015年新社区，2017年7月毛坯交房，小区共计6栋，三梯六户，户型为75，80，83，88，89，125，141，180平米3-5房。小区自带泳池。楼下自带商.业。居住便捷舒适。,福成天虹商场就在楼下，购物便利。楼下就是茜坑地铁的B口，出行便利。商城，观影，餐饮，购物，休闲一站式,小区临.近观澜大道，交通便捷，4号线已开通，茜坑站。龙观快速接驳福龙路，直达福田香蜜湖，梅观高速，机荷高速,,,2016-03-22,2023-10-06,商品房,普通住宅,满五年,非共有,有抵押 370万元 建设银行 客户偿还,挂牌时间:2023-10-06 | 交易权属:商品房 | 上次交易:2016-03-22 | 房屋用途:普通住宅 | 房屋年限:满五年 | 产权所属:非共有 | 抵押信息:有抵押 370万元 建设银行 客户偿还 | 房本备件:已上传房本照片,客厅 / 23.44平米 / 西 / 普通窗 ; 卧室A / 20.9平米 / 无 / 未知窗户类型 ; 卧室B / 8.27平米 / 无 / 未知窗户类型 ; 厨房 / 5.1平米 / 南 / 普通窗 ; 卫生间 / 4.85平米 / 无 / 普通窗 ; 阳台A / 4.14平米 / 西 南 / 普通窗 ; 阳台B / 4.65平米 / 南 / 普通窗 ; 过道 / 2.04平米 / 无 / 无窗,
地铁4号线 华盛观荟2期 3房出售，诚意卖价格可谈,"华盛观荟名庭 , 观澜",3室2厅,79.49平米,西南,,低楼层(共32层),2018年,板塔结合,316 万,39754 元,6,,,近地铁 | VR房源,https://sz.lianjia.com/ershoufang/105115405383.html,地铁 | VR房源,地铁4号线 华盛观荟2期 3房出售，诚意卖价格可谈,小区分两期开发，一期由公寓和住宅，二期三栋住宅。小区一期楼下是商 业，三楼是空中花园，三楼以上是住宅，一共有二栋一栋是公寓二栋是住宅，二期的小户型是2018年下半年才精装交房，次新房，居住舒适，二期自带泳池和园林,商场：楼下就是购物广场，以及天虹、人人乐，比邻新天地医院：观澜人民医院 深圳市龙华新区慢性病防治.观澜医院竹村社区健康服务邮局：中国邮政 中国邮政 观澜邮政局银行：中国建设银行，深圳市农村商.业银行。中国农业银行等，以及格兰云天酒店,公交;，福民影剧院;M337路M464路， 1经泗黎路与观光路，3个红绿灯到达梅观高速，梅观高速快速到达福田区； 2．通过观澜大道转机荷高速，可快速到达龙岗，宝安机场等等，出行方便。4号地铁离小区仅500米，换乘到深圳各区,,,暂无数据,2023-11-22,商品房,普通住宅,暂无数据,非共有,有抵押,挂牌时间:2023-11-22 | 交易权属:商品房 | 上次交易:暂无数据 | 房屋用途:普通住宅 | 房屋年限:暂无数据 | 产权所属:非共有 | 抵押信息:有抵押 | 房本备件:未上传房本照片,客厅 / 22.22平米 / 西南 / 普通窗 ; 卧室A / 10.53平米 / 无 / 未知窗户类型 ; 卧室B / 12.77平米 / 无 / 未知窗户类型 ; 卧室C / 5.58平米 / 西北 / 普通窗 ; 厨房 / 4.9平米 / 西南 / 普通窗 ; 卫生间 / 4.52平米 / 东北 / 普通窗 ; 阳台 / 3.35平米 / 西南 东南 / 普通窗 ; 储物间 / 2.23平米 / 无 / 无窗 ; 过道 / 1.75平米 / 无 / 无窗,
叠加上户，带院子带天台，带车位,"观湖园 , 观澜",4室1厅,175.6平米,东南,精装,中楼层(共4层),2009年,板楼,1060 万,60365 元,0,,,VR房源 | 随时看房,https://sz.lianjia.com/ershoufang/105114418265.html,VR房源 | 随时看房,格局好采光通风强带天台和院子顶楼天台视野好,,,,,,2020-11-23,2023-08-03,商品房,普通住宅,暂无数据,非共有,无抵押,挂牌时间:2023-08-03 | 交易权属:商品房 | 上次交易:2020-11-23 | 房屋用途:普通住宅 | 房屋年限:暂无数据 | 产权所属:非共有 | 抵押信息:无抵押 | 房本备件:已上传房本照片,客厅 / 38.97平米 / 东北 / 落地窗 ; 卧室A / 11.58平米 / 无 / 未知窗户类型 ; 卧室B / 10.1平米 / 东北 / 落地窗 ; 卧室C / 22平米 / 无 / 未知窗户类型 ; 卧室D / 16.01平米 / 无 / 无窗 ; 卧室E / 14.95平米 / 东北 / 落地窗 ; 卧室F / 15.57平米 / 西 / 落地窗 ; 厨房 / 8.34平米 / 东南 / 普通窗 ; 卫生间A / 5.34平米 / 东南 / 普通窗 ; 卫生间B / 5.63平米 / 无 / 无窗 ; 卫生间C / 3.88平米 / 东南 / 普通窗 ; 卫生间D / 3.5平米 / 无 / 无窗 ; 阳台A / 5.29平米 / 无 / 无窗 ; 阳台B / 7.77平米 / 东 / 落地窗 ; 阳台C / 36.73平米 / 西南 西北 东北 东南 / 普通窗 ; 储物间 / 3.93平米 / 无 / 无窗 ; 入户花园 / 7.6平米 / 东北 / 落地窗 ; 过道A / 11.94平米 / 无 / 无窗 ; 过道C / 17.98平米 / 东北 / 普通窗,
独栋别墅，东南朝向  有地下室，有花园，有露台，,"观湖园 , 观澜",7室3厅,186.79平米,南,毛坯,3层,2012年,板楼,1075 万,57552 元,4,,,VR房源 | 随时看房,https://sz.lianjia.com/ershoufang/105110229646.html,VR房源 | 随时看房,此套房独栋别墅，东南朝向，一线湖景，园区别墅中间位置,小区是别墅小区，主要是叠拼，双拼，独栋，叠下带花园，叠上带天台，双拼有花园，有天台，独栋，就是独门独院，临湖单证双拼，东南朝向，一线湖景，位于园区别墅中间位置，安静。客厅前后花园，侧面阶梯花园，带车库，地下室。实际使用面积约480平，,,,,,暂无数据,2022-04-08,商品房,别墅,暂无数据,非共有,无抵押,挂牌时间:2022-04-08 | 交易权属:商品房 | 上次交易:暂无数据 | 房屋用途:别墅 | 房屋年限:暂无数据 | 产权所属:非共有 | 抵押信息:无抵押 | 房本备件:未上传房本照片,客厅 / 102.05平米 / 北 东 南 / 普通窗 ; 卧室A / 21.47平米 / 北 / 普通窗 ; 卧室B / 16.13平米 / 南 / 普通窗 ; 卧室C / 13.62平米 / 南 / 普通窗 ; 卧室D / 54.74平米 / 西 北 / 普通窗 ; 卧室E / 14.98平米 / 南 / 普通窗 ; 卧室F / 13.88平米 / 南 / 普通窗 ; 厨房 / 5.82平米 / 西 / 普通窗 ; 卫生间A / 4.07平米 / 东 / 普通窗 ; 卫生间B / 4.65平米 / 西 / 普通窗 ; 卫生间C / 4.5平米 / 西 / 普通窗 ; 卫生间D / 4.11平米 / 无 / 无窗 ; 卫生间E / 3.93平米 / 东 / 普通窗 ; 阳台A / 15.13平米 / 西 北 东 / 普通窗 ; 阳台B / 5.83平米 / 西 北 / 普通窗 ; 阳台C / 6.16平米 / 西 东 南 / 普通窗 ; 阳台D / 6.01平米 / 东 南 / 普通窗 ; 阳台E / 10.1平米 / 西 北 东 / 普通窗 ; 阳台F / 10.3平米 / 西 南 / 普通窗 ; 阳台G / 4.68平米 / 东 南 / 普通窗 ; 露台 / 102.23平米 / 西 北 东 南 / 普通窗 ; 花园 / 104.73平米 / 无 / 普通窗 ; 储物间 / 9.31平米 / 北 / 普通窗 ; 车库 / 14.43平米 / 无 / 无窗 ; 地下室 / 110.62平米 / 无 / 普通窗 ; 天井 / 2.55平米 / 无 / 普通窗 ; 楼梯间 / 5.35平米 / 南 / 落地窗 ; 过道A / 19.12平米 / 南 / 落地窗 ; 过道B / 19.01平米 / 南 / 落地窗,
观湖园上下三层  精装修 拎包入住 房子干净整洁,"观湖园 , 观澜",5室2厅,183.56平米,东南,,4层,2012年,板楼,915 万,49848 元,11,,,VR房源 | 随时看房,https://sz.lianjia.com/ershoufang/105112091079.html,VR房源 | 随时看房,纯别墅区 少有户型 地面三层 实用高有花园 户型方正,观湖园项目位于龙华新区观澜镇，邻近梅观高速公路，在梅观高速观澜出口。小区占地面积：37.6弯平方米，容积低，绿化高，东南亚园林景观设计。双拼跟独栋管理费是6.5平米，叠拼的管理费是4.95平米，小区安保严密，24小时巡逻监控,小区南门200米，有菜市场，商场能满足日常所需；距离观澜湖新城约5公 里，观澜湖新城是大型的SHOPING MALL，一系列品牌都已进驻，购物娱乐 都相当方便；距离观澜人民医院及伟光医院约6公里。,观湖园别墅小区邻近梅观高速公路，距离梅观高速观澜出口约1.5公里，去南山约33公里，罗湖约30公里，福田约28公里，交通如此便利的接轨市内生活圈。到观澜汽车站和观澜湖新城约五公里，观澜湖新城是大型的Shoig Mll，交通出行娱乐购物也是相当方便,,,暂无数据,2022-11-21,商品房,别墅,暂无数据,非共有,有抵押,挂牌时间:2022-11-21 | 交易权属:商品房 | 上次交易:暂无数据 | 房屋用途:别墅 | 房屋年限:暂无数据 | 产权所属:非共有 | 抵押信息:有抵押 | 房本备件:未上传房本照片,客厅 / 40.12平米 / 无 / 落地窗 ; 书房 / 13.76平米 / 无 / 落地飘窗 ; 多功能间 / 32.26平米 / 西 东 南 / 普通窗 ; 卧室A / 11.64平米 / 无 / 未知窗户类型 ; 卧室B / 20.96平米 / 无 / 落地飘窗 ; 卧室C / 18.37平米 / 无 / 普通窗 ; 卧室D / 14.91平米 / 无 / 落地窗 ; 厨房 / 9.33平米 / 无 / 普通窗 ; 卫生间A / 4.7平米 / 无 / 普通窗 ; 卫生间B / 7.46平米 / 无 / 无窗 ; 卫生间C / 4.05平米 / 无 / 普通窗 ; 阳台A / 5.02平米 / 无 / 普通窗 ; 阳台B / 4.56平米 / 无 / 普通窗 ; 阳台C / 6.99平米 / 无 / 普通窗 ; 露台 / 42.41平米 / 西 北 东 南 / 普通窗 ; 入户花园 / 6.24平米 / 无 / 落地窗 ; 楼梯间 / 6.69平米 / 东 / 普通窗 ; 过道 / 12.35平米 / 无 / 无窗,
美佳华 6米层高  民水民电通燃气,"美佳华首誉 , 观澜",2室1厅,66.51平米,北,,中楼层(共28层),2013年,板塔结合,182 万,27365 元,5,,,近地铁 | VR房源 | 房本满五年,https://sz.lianjia.com/ershoufang/105112877232.html,地铁 | VR房源 | 房本满五年,高楼层视野开阔，配套齐全，大社区,深圳市华盛智地房地产开发有限公司。物业公司：深圳市华盛物业管理有限公司，小区24小时安保巡逻。小区内部配套：儿童游乐场，健身活动区，小区园林，游泳池。,小区内异国风情街，餐饮街，综合购物大润发。医院：观澜人民医院，深圳伟光医院，广东医学院附属观澜医院邮局：观澜街道-富民邮政代办所银行：鼎业银行（观澜支行），深圳农村商.业银行（滨河支行）其他：观澜人民公园，九龙山，观澜河,本项目位于龙华区观澜街道泗黎路与悦兴路交汇处，通过观澜大道转机荷高速，可快速到达龙岗，宝安机场以及前海。公交：观澜第.一工业区站：b650路、b766路、m225路、m285路；福民影剧院站：m337路、m464路,,,2013-01-13,2023-03-03,商品房,商务公寓,满五年,非共有,无抵押,挂牌时间:2023-03-03 | 交易权属:商品房 | 上次交易:2013-01-13 | 房屋用途:商务公寓 | 房屋年限:满五年 | 产权所属:非共有 | 抵押信息:无抵押 | 房本备件:已上传房本照片,客厅 / 21.14平米 / 无 / 落地窗 ; 卧室A / 7.87平米 / 无 / 普通窗 ; 卧室B / 19.73平米 / 无 / 落地窗 ; 厨房 / 2.99平米 / 无 / 普通窗 ; 卫A / 1.55平米 / 无 / 普通窗 ; 卫生间B / 3.63平米 / 无 / 普通窗 ; 阳台 / 7.03平米 / 无 / 落地窗 ; 过道 / 4.79平米 / 无 / 无窗 ; 门厅 / 3.73平米 / 无 / 无窗,
双地铁高楼层，合正观澜汇阳光南卧，位置佳,"合正观澜汇一期 , 观澜",3室2厅,89.39平米,西北,毛坯,29层,2016年,板塔结合,488 万,54593 元,1,,,近地铁 | VR看装修,https://sz.lianjia.com/ershoufang/105113672665.html,地铁 | VR看装修,此房满五，楼层好，位置好，89平，户型使用率高！,合正品牌开发商，小区是2015年新社区，2017年7月毛坯交房，小区共计6栋，三梯六户，户型为75，80，83，88，89，125，141，180平米3-5房。小区自带泳池。楼下自带商.业。居住便捷舒适。,福成天虹商场就在楼下，购物便利。楼下就是茜坑地铁的B口，出行便利。商城，观影，餐饮，购物，休闲一站式。,小区临.近观澜大道，交通便捷，4号线已开通，茜坑站。龙观快速接驳福龙路，直达福田香蜜湖，梅观高速，机荷高速,,,暂无数据,2023-05-14,商品房,普通住宅,暂无数据,非共有,有抵押 190万元 金融公司垫资,挂牌时间:2023-05-14 | 交易权属:商品房 | 上次交易:暂无数据 | 房屋用途:普通住宅 | 房屋年限:暂无数据 | 产权所属:非共有 | 抵押信息:有抵押 190万元 金融公司垫资 | 房本备件:未上传房本照片,客厅 / 35.4平米 / 西北 / 普通窗 ; 卧室A / 8.29平米 / 西北 / 落地窗 ; 卧室B / 14.65平米 / 无 / 未知窗户类型 ; 卧室C / 7.49平米 / 无 / 未知窗户类型 ; 厨房 / 5.28平米 / 无 / 普通窗 ; 卫生间A / 5.48平米 / 无 / 未知窗户类型 ; 卫生间B / 4.91平米 / 无 / 未知窗户类型 ; 阳台A / 5.5平米 / 西北 东北 / 普通窗 ; 阳台B / 4.26平米 / 东北 / 普通窗 ; 过道 / 4.85平米 / 无 / 无窗,
精装复式四房 高楼层视野好 观澜地铁站 百佳华商场,"佳华领域广场 , 观澜",4室2厅,128.88平米,南 北,,高楼层(共37层),2017年,板塔结合,650 万,50435 元,0,,,近地铁 | VR房源 | 房本满五年,https://sz.lianjia.com/ershoufang/105114746724.html,地铁 | VR房源 | 房本满五年,此房满五年，高楼层视野开阔，位置安静看花园，近4号线观澜站,由百佳华集团开发建造，分两期开发；一期共6栋组成，二期为综合体+写字楼；小区人车分流，自带12班幼儿园；环境优美，居家舒适,小区自带有百佳华综合体，近有各大银行，兴万达商场，观澜老街步行街，过马路就是观澜小 学；1.2公里有龙华新区医院，配套完善能完全满足您日常生活所需,小区位于双轨交汇处，有轨电车-新澜站，地铁4号线-观澜站，距离小区100米（百度地图）、还有公交站吉盛酒店公交站台，另自驾5公里上龙观快速，4公里上珠三角环线高速,,,2018-04-10,2023-09-08,商品房,普通住宅,满五年,非共有,有抵押,挂牌时间:2023-09-08 | 交易权属:商品房 | 上次交易:2018-04-10 | 房屋用途:普通住宅 | 房屋年限:满五年 | 产权所属:非共有 | 抵押信息:有抵押 | 房本备件:已上传房本照片,客厅 / 34.16平米 / 南 / 普通窗 ; 卧室A / 11.86平米 / 南 / 落地窗 ; 卧室B / 12.18平米 / 南 / 普通窗 ; 卧室C / 12.55平米 / 南 / 普通窗 ; 卧室D / 11.32平米 / 北 / 落地窗 ; 厨房 / 5.24平米 / 北 / 普通窗 ; 卫生间A / 5.12平米 / 无 / 未知窗户类型 ; 卫生间B / 5.14平米 / 无 / 未知窗户类型 ; 阳台A / 4.8平米 / 西 南 / 普通窗 ; 阳台B / 4.62平米 / 北 / 普通窗 ; 储物间 / 3.91平米 / 无 / 无窗 ; 过道 / 15.71平米 / 无 / 无窗,
观澜湖A户型独栋，近地铁，带电梯，花园1000平赏湖景,"观澜湖 , 观澜",8室3厅,438.2平米,南,,低楼层(共3层),2006年,,4950 万,112963 元,2,,,VR房源,https://sz.lianjia.com/ershoufang/105116532855.html,VR房源,A户型独栋，东南向，花园1000平，配电梯，赏湖景高尔夫景,整个小区占地8平方公里，绿化覆盖99%，环高尔夫球场，环境优美，空气清新，适合自住度假，小区南门口有观澜湖新城生态体育公园等等，出则繁华入则安,"无缝接轨港铁4号线观澜湖新城站，南大门自带5 0/万平购物综合体，吃喝玩乐样样都有，小区自带博朗斯国际双语幼儿园，出北门4.9公里到塘厦医院，
50亿观澜湖新城，观澜天虹商场，龙华人民医院，小区内有会所/游泳池/健身房/高尔夫业主练习场/穿梭巴士等免费..",小区南门口有地铁站（地铁4号线观澜湖站）和公交站，多条公交线经过，小区到宝安机场39公里（百度地图显示），小区到深圳北站20公里（百度地图显示），小区皇岗口岸30公里（百度地图显示），小区到龙华区人民医院11公里（百度地图显示）,,,暂无数据,2024-03-30,商品房,别墅,暂无数据,非共有,无抵押,挂牌时间:2024-03-30 | 交易权属:商品房 | 上次交易:暂无数据 | 房屋用途:别墅 | 房屋年限:暂无数据 | 产权所属:非共有 | 抵押信息:无抵押 | 房本备件:未上传房本照片,餐厅 / 27.02平米 / 无 / 落地窗 ; 客厅A / 110.86平米 / 无 / 普通窗 ; 客厅B / 46.86平米 / 无 / 落地窗 ; 多功能间 / 34.99平米 / 无 / 普通窗 ; 卧室A / 17.92平米 / 无 / 无窗 ; 卧室B / 13.29平米 / 无 / 无窗 ; 卧室C / 30.48平米 / 无 / 落地窗 ; 卧室D / 17.39平米 / 无 / 落地窗 ; 卧室E / 18.31平米 / 无 / 普通窗 ; 卧室F / 31.38平米 / 无 / 无窗 ; 卧室G / 29.32平米 / 无 / 普通窗 ; 卧室H / 30.23平米 / 无 / 无窗 ; 厨房 / 20.63平米 / 无 / 落地窗 ; 卫生间A / 6.46平米 / 无 / 无窗 ; 卫生间B / 10.34平米 / 无 / 无窗 ; 卫生间C / 8.52平米 / 无 / 无窗 ; 卫生间D / 7.88平米 / 无 / 普通窗 ; 卫生间E / 7.05平米 / 无 / 普通窗 ; 卫生间F / 9.99平米 / 无 / 无窗 ; 卫G / 2.55平米 / 无 / 无窗 ; 卫生间H / 17.73平米 / 无 / 普通窗 ; 储物间A / 6.26平米 / 无 / 无窗 ; 储物间B / 3.02平米 / 无 / 无窗 ; 储物间C / 43.16平米 / 无 / 无窗 ; 储物间D / 14.19平米 / 无 / 无窗 ; 储物间E / 4.01平米 / 无 / 无窗 ; 储物间F / 10.37平米 / 无 / 无窗 ; 储物间G / 3.45平米 / 无 / 无窗 ; 门厅 / 9.95平米 / 无 / 无窗 ; 电梯A / 2.97平米 / 无 / 无窗 ; 过道A / 35.87平米 / 无 / 普通窗 ; 电梯B / 2.97平米 / 无 / 无窗 ; 过道B / 35.48平米 / 无 / 普通窗 ; 电梯C / 3.02平米 / 无 / 无窗 ; 过道C / 32.81平米 / 无 / 普通窗 ; 楼梯间H / 8.16平米 / 无 / 无窗 ; 衣帽间 / 11.84平米 / 无 / 普通窗,
佳华领域精装三房，业主诚心出售，交通便利。,"佳华领域广场 , 观澜",3室1厅,87.59平米,东南,精装,低楼层(共38层),2017年,板楼,400 万,45668 元,0,,,近地铁 | VR房源,https://sz.lianjia.com/ershoufang/105116240747.html,地铁 | VR房源,此房满五年格局装修保养好中间楼层采光视野,由百佳华集团开发建造，分两期开发；一期共6栋组成，二期为综合体+写字楼；小区人车分流，自带12班幼儿园；环境优美，居家舒适,小区自带有百佳华综合体，近有各大银行，兴万达商场，观澜老街步行街，过马路就是观澜小 学；1.2公里有龙华新区医院，配套完善能完全满足您日常生活所需,小区位于双轨交汇处，有轨电车-新澜站，地铁4号线-观澜站，距离小区100米（百度地图）、还有公交站吉盛酒店公交站台，另自驾5公里上龙观快速，4公里上珠三角环线高速。,,,2024-12-25,2024-03-05,商品房,普通住宅,未满两年,非共有,有抵押 160万元 上海银行 业主自还,挂牌时间:2024-03-05 | 交易权属:商品房 | 上次交易:2024-12-25 | 房屋用途:普通住宅 | 房屋年限:未满两年 | 产权所属:非共有 | 抵押信息:有抵押 160万元 上海银行 业主自还 | 房本备件:已上传房本照片,客厅 / 29.46平米 / 无 / 未知窗户类型 ; 卧室A / 6.89平米 / 北 / 落地窗 ; 卧室B / 8.64平米 / 无 / 未知窗户类型 ; 卧室C / 12.44平米 / 无 / 未知窗户类型 ; 厨房 / 4.75平米 / 无 / 无窗 ; 卫生间A / 3.21平米 / 北 / 落地窗 ; 卫生间B / 3.94平米 / 北 / 普通窗 ; 阳台 / 5.08平米 / 东 南 / 普通窗 ; 储 / 1.54平米 / 无 / 无窗,
诚售看房便捷，陶润精装三房，近地铁双电梯,"陶润懿峰 , 观澜",3室1厅,74.24平米,南,,中楼层(共32层),2016年,板塔结合,329 万,44316 元,5,,,近地铁 | VR房源 | 房本满五年,https://sz.lianjia.com/ershoufang/105116476480.html,地铁 | VR房源 | 房本满五年,此房精装3房，地铁4号线朝南采光好通风好，业主诚意出售。,2016年3月左右，精装交楼小区很新，观澜河湿地公园就在小区旁边车库出入口有新建一个公园，环境优美，居民都喜欢在河边散步，龙华区政府就在小区北面,观澜天虹，福城天虹。医院：龙华观澜医院，新建有一个观澜综合人民医院，银行：中国邮政大河支局，中国银行，工商银行，招商银行农业银行，建设银行，休闲娱乐：人民公园，新世纪广场，湿地公园,小区门口就有公交站，途经的公交线众多，多条线路到达福田，罗湖。正大门左边有轨道电车在小区门口，文澜站直到清湖地铁口，观澜大桥可以直接上济河高速，正大门右边700米竹村地铁口。,,,2020-09-02,2024-03-25,商品房,普通住宅,满五年,非共有,有抵押,挂牌时间:2024-03-25 | 交易权属:商品房 | 上次交易:2020-09-02 | 房屋用途:普通住宅 | 房屋年限:满五年 | 产权所属:非共有 | 抵押信息:有抵押 | 房本备件:已上传房本照片,客厅 / 26.4平米 / 南 / 普通窗 ; 卧室A / 6.28平米 / 无 / 未知窗户类型 ; 卧室B / 9.09平米 / 西 / 落地窗 ; 卧室C / 9.88平米 / 无 / 未知窗户类型 ; 厨房 / 4.11平米 / 西 / 普通窗 ; 卫生间 / 2.87平米 / 西 / 普通窗 ; 阳台 / 3.88平米 / 南 / 普通窗,
观澜湖独栋别墅 大花园 已挖好地下室 位置高景观好,"观澜湖 , 观澜",5室2厅,289平米,西,毛坯,低楼层(共2层),,,3000 万,103807 元,1,,,VR房源 | 随时看房,https://sz.lianjia.com/ershoufang/105110585555.html,VR房源 | 随时看房,位置高，景观好，花园方正，已挖好地下室，大使用面积,小区低密度，居住环境优美，安静，小区南门口有观澜湖新城，生态体育公园等等，出则繁华，入则安静,,小区南门口有地铁站和公交站，多条公交线经过，小区到宝安机场39公里（百度地图显示），小区到深圳北站20公里（百度地图显示），小区皇岗口岸30公里（百度地图显示），小区到龙华区人民医院11公里（百度地图显示）,,,暂无数据,2022-05-24,商品房,别墅,暂无数据,非共有,有抵押,挂牌时间:2022-05-24 | 交易权属:商品房 | 上次交易:暂无数据 | 房屋用途:别墅 | 房屋年限:暂无数据 | 产权所属:非共有 | 抵押信息:有抵押 | 房本备件:未上传房本照片,客厅A / 158.68平米 / 无 / 无窗 ; 客厅B / 137.6平米 / 西 北 南 / 落地窗 ; 卧室A / 40.4平米 / 无 / 无窗 ; 卧室B / 28.94平米 / 无 / 落地窗 ; 卧室C / 24.12平米 / 无 / 落地窗 ; 卧室D / 24.35平米 / 无 / 落地窗 ; 卧室E / 30.6平米 / 无 / 无窗 ; 卧室F / 24平米 / 无 / 普通窗 ; 卧室G / 36.67平米 / 无 / 落地窗 ; 卧室H / 23.07平米 / 无 / 落地窗 ; 卧室I / 21.88平米 / 无 / 落地窗 ; 卫生间A / 13.25平米 / 北 / 普通窗 ; 卫生间B / 27.38平米 / 无 / 普通窗 ; 卫生间C / 4.53平米 / 无 / 普通窗 ; 储物间A / 4.58平米 / 无 / 无窗 ; 储物间B / 5.95平米 / 无 / 无窗 ; 储物间C / 12.87平米 / 无 / 无窗 ; 储物间D / 5.02平米 / 北 / 普通窗 ; 储物间E / 33.47平米 / 东 / 落地窗 ; 储物间F / 8.75平米 / 无 / 普通窗 ; 储物间G / 18.32平米 / 无 / 无窗 ; 阁楼 / 78.29平米 / 无 / 无窗 ; 楼梯间 / 13.31平米 / 无 / 普通窗 ; 过道A / 47.91平米 / 无 / 普通窗 ; 过道B / 59.44平米 / 北 东 / 普通窗 ; 过道C / 34.46平米 / 无 / 无窗 ; 衣帽间A / 9.51平米 / 无 / 普通窗 ; 衣帽间B / 10.37平米 / 无 / 普通窗,
招商观园精装三房，业主诚心出售,"招商观园 , 观澜",3室1厅,88.92平米,南,精装,高楼层(共18层),2012年,塔楼,358 万,40261 元,1,,,VR房源,https://sz.lianjia.com/ershoufang/105112761798.html,VR房源,房子满五年 业主诚心出售 房子已经空置 随时可以签约,招商观园地块位于深圳市宝安区观澜街道环观南路北侧，与观澜高新技术园区隔路相望，邻进梅观高速、机荷高速，占地147595.156平方米，招商观园2期将近期推出全新升级力作中.央园林湖景单位，,医疗龙华医院（4600米百度地图测距龙华综合医院在建中3100米百度地图测距新科技园社区健康服务购物商场楼下佳又惠百货医院天虹（2400米百度地图测距,,,,暂无数据,2023-02-22,商品房,普通住宅,暂无数据,非共有,有抵押 250万元 0 业主自还,挂牌时间:2023-02-22 | 交易权属:商品房 | 上次交易:暂无数据 | 房屋用途:普通住宅 | 房屋年限:暂无数据 | 产权所属:非共有 | 抵押信息:有抵押 250万元 0 业主自还 | 房本备件:未上传房本照片,客厅 / 23.63平米 / 无 / 未知窗户类型 ; 书房 / 4.79平米 / 无 / 无窗 ; 卧室A / 10.99平米 / 无 / 未知窗户类型 ; 卧室B / 14.67平米 / 南 / 普通窗 ; 卫生间 / 7.89平米 / 西 / 落地窗 ; 阳台 / 5.23平米 / 西 南 / 普通窗 ; 过道 / 3.05平米 / 无 / 无窗 ; 门厅 / 14平米 / 西 / 落地窗,
观澜湖大双拼，花园420平带泳池，朝南豪/装,"观澜湖 , 观澜",6室3厅,226.17平米,东南,精装,低楼层(共3层),1998年,板塔结合,2100 万,92851 元,10,,,VR房源,https://sz.lianjia.com/ershoufang/105103568449.html,VR房源,豪/装6房，前后花园420平，带车库，低密度，户型正看高尔夫,整个小区占地8平方公里，绿化覆盖99.7%，级风景区，环高尔夫球场，环境优美，空气清新，适合自住度假或养老,无缝接轨港铁4号线观澜湖新城站，南大门自带***平购物综合体，吃喝玩乐样样都有，小区自带博朗斯国际双语幼儿园，出北门4.9公里到塘厦医院,,,,暂无数据,2019-12-18,商品房,普通住宅,暂无数据,非共有,无抵押,挂牌时间:2019-12-18 | 交易权属:商品房 | 上次交易:暂无数据 | 房屋用途:普通住宅 | 房屋年限:暂无数据 | 产权所属:非共有 | 抵押信息:无抵押 | 房本备件:未上传房本照片,客厅A / 96.41平米 / 无 / 普通窗 ; 客厅B / 82.26平米 / 北 南 / 落地窗 ; 多功能间 / 16.96平米 / 无 / 无窗 ; 卧室A / 12.12平米 / 无 / 无窗 ; 卧室B / 13.71平米 / 无 / 普通窗 ; 卧室C / 9.03平米 / 无 / 普通窗 ; 卧室D / 11.28平米 / 北 / 普通窗 ; 卧室E / 32.74平米 / 南 / 普通窗 ; 卧室F / 13.06平米 / 西 北 / 普通窗 ; 厨房 / 9.65平米 / 西 / 普通窗 ; 淋浴间 / 5.77平米 / 无 / 无窗 ; 卫生间A / 2.85平米 / 无 / 无窗 ; 卫生间B / 2.5平米 / 北 / 普通窗 ; 卫生间C / 1.83平米 / 无 / 普通窗 ; 卫生间D / 4.98平米 / 无 / 无窗 ; 卫生间E / 15.09平米 / 西 南 / 普通窗 ; 卫生间F / 4.35平米 / 西 / 普通窗 ; 阳台 / 54.25平米 / 西 东 南 / 普通窗 ; 阳台B / 7.77平米 / 西 东 南 / 普通窗 ; 阳台C / 6.17平米 / 西 北 东 / 普通窗 ; 储物间 / 6.9平米 / 无 / 普通窗 ; 车库 / 18.02平米 / 无 / 无窗 ; 过道A / 9.27平米 / 无 / 落地窗 ; 过道B / 12.12平米 / 北 / 落地窗 ; 衣帽间 / 7.13平米 / 无 / 无窗,
独栋别墅三层，享高尔夫球场景观，无需名，额购买,"观澜湖 , 观澜",5室2厅,198.66平米,南,精装,低楼层(共2层),,,2850 万,143462 元,2,,,VR房源,https://sz.lianjia.com/ershoufang/105116796769.html,VR房源,独栋三层别墅前后400平花园，无需名，额买，享高尔夫景观,,小区南门200米，有菜市场，商场能满足日常所需；距离观澜湖新城约5公 里，观澜湖新城是大型的 MALL，一系列品牌都已进驻，购物娱乐 都相当方便；距离观澜人民医院及伟光医院约6公里。,多条公交直达，高尔夫大道，观光路，观澜大道，观平路等城市主干道环-绕，梅观高速观澜出口2公里，地铁4号线（观澜湖新城站）已开通，观澜湖免费班车随时出行！,,,暂无数据,2024-04-25,商品房,普通住宅,暂无数据,非共有,有抵押 1000万元 金融公司垫资,挂牌时间:2024-04-25 | 交易权属:商品房 | 上次交易:暂无数据 | 房屋用途:普通住宅 | 房屋年限:暂无数据 | 产权所属:非共有 | 抵押信息:有抵押 1000万元 金融公司垫资 | 房本备件:未上传房本照片,客厅A / 72平米 / 西 / 普通窗 ; 客厅B / 75.88平米 / 西 西南 东 南 东南 / 落地窗 ; 卧室 / 33.68平米 / 西 东 / 普通窗 ; 多功能间A / 20.58平米 / 无 / 无窗 ; 多功能间B / 19.15平米 / 无 / 无窗 ; 厨房 / 8.57平米 / 南 / 普通窗 ; 卫生间A / 20.87平米 / 无 / 无窗 ; 卫生间B / 3.11平米 / 无 / 无窗 ; 卫生间C / 10.9平米 / 东 南 / 普通窗 ; 阳台 / 65.28平米 / 西 北 南 / 普通窗 ; 阳台B / 6.76平米 / 北 东 / 普通窗 ; 阳台C / 6.62平米 / 西 北 南 / 普通窗 ; 阳台D / 3.82平米 / 北 东 南 / 普通窗 ; 花园 / 141.38平米 / 西 北 南 / 普通窗 ; 储物间 / 3.04平米 / 无 / 无窗 ; 储物间A / 35.24平米 / 无 / 无窗 ; 储物间B / 29.84平米 / 东 南 / 普通窗 ; 车库 / 29.96平米 / 无 / 无窗 ; 入户花园 / 140.95平米 / 北 东 南 / 普通窗 ; 过道A / 26.4平米 / 无 / 无窗 ; 过道B / 9.84平米 / 西 东 / 落地窗 ; 过道C / 11.51平米 / 东 / 落地窗 ; 衣帽间 / 29.21平米 / 西 西南 南 东南 / 普通窗,
舒适性宜居花园，小区方正三房2厅2卫,"佳华领域广场 , 观澜",3室2厅,88.4平米,南 北,毛坯,高楼层(共38层),2017年,板塔结合,370 万,41856 元,0,,,近地铁 | VR看装修 | 房本满五年 | 随时看房,https://sz.lianjia.com/ershoufang/105115322362.html,地铁 | VR看装修 | 房本满五年 | 随时看房,南北通透采光好户型方正使用率高,项目由百佳华集团开发建造，分两期开发；一期共6栋组成，二期为综合体+写字楼；小区人车分流，自带12班幼儿园；环境优美，居家舒适,,,,,2019-03-06,2023-11-13,商品房,普通住宅,满五年,非共有,无抵押,挂牌时间:2023-11-13 | 交易权属:商品房 | 上次交易:2019-03-06 | 房屋用途:普通住宅 | 房屋年限:满五年 | 产权所属:非共有 | 抵押信息:无抵押 | 房本备件:已上传房本照片,客厅 / 27.18平米 / 无 / 未知窗户类型 ; 卧室A / 9.52平米 / 无 / 未知窗户类型 ; 卧室B / 11.15平米 / 无 / 未知窗户类型 ; 卧室C / 9.21平米 / 南 / 落地窗 ; 厨房 / 4.72平米 / 南 / 普通窗 ; 卫生间A / 5.89平米 / 无 / 未知窗户类型 ; 卫生间B / 4.96平米 / 无 / 未知窗户类型 ; 阳台A / 4.81平米 / 西 北 东 / 普通窗 ; 阳台B / 2.57平米 / 西 南 / 普通窗,
近4号线茜坑地铁口方正精装高楼层三房诚意卖,"美佳华首誉 , 观澜",3室2厅,88.43平米,南,,高楼层(共28层),2013年,板塔结合,455 万,51454 元,0,,,近地铁 | VR房源,https://sz.lianjia.com/ershoufang/105117210062.html,地铁 | VR房源,满五唯一，税费少，高楼层采光通风好·,美佳华首誉是集住宅、商务公寓一体的城市综合体。梅观快速、清平高速等，地铁4号线茜坑站200米左右 与深圳首条轻轨线交汇观澜站,小区为观澜首创的一站式的集中体，包括：购物、餐饮、休闲、娱乐等多种业态小区出门合正一二三期 未来有品牌商家进驻，已确定品牌主力店人人乐、KFC、美佳华儿童乐园等品牌，未来会有影院、餐饮、娱乐等基本配套。苏宁电器、面点王、拾味馆、芳都酒..,地铁4号线上盖茜坑站出口200米左右，目前公交线路有10余路，出行方便,,,暂无数据,2024-06-06,商品房,普通住宅,暂无数据,非共有,无抵押,挂牌时间:2024-06-06 | 交易权属:商品房 | 上次交易:暂无数据 | 房屋用途:普通住宅 | 房屋年限:暂无数据 | 产权所属:非共有 | 抵押信息:无抵押 | 房本备件:未上传房本照片,客厅 / 29.67平米 / 东南 / 普通窗 ; 卧室A / 8.98平米 / 无 / 未知窗户类型 ; 卧室B / 6.59平米 / 西南 / 普通窗 ; 卧室C / 12.79平米 / 无 / 未知窗户类型 ; 厨房 / 4.32平米 / 西南 / 落地窗 ; 卫生间 / 3.34平米 / 无 / 落地窗 ; 阳台A / 1.72平米 / 西南 / 落地窗 ; 阳台B / 7.52平米 / 东南 / 普通窗 ; 过道 / 2.06平米 / 无 / 无窗,
仁山智水住家品质装修美宅诚心出售,"城建仁山智水花园一期 , 观澜",3室2厅,109.01平米,东南,,中楼层(共25层),2013年,塔楼,780 万,71554 元,3,,,VR房源,https://sz.lianjia.com/ershoufang/105118628719.html,VR房源,此房满五年，中间楼层，位置安静，装修保养好,仁山智水由深圳市城市建设开发公司开发，小区占地近200000P平方米，总建筑面积为557584.63㎡，住宅282053.6㎡，商铺5860㎡，幼儿园3500.08㎡，建筑主体包括95栋住宅楼，其中有83栋低多层住宅及8栋高层和4栋高层，住宅共1445户，车位3158个,龙华区医院（4600米百度地图测距龙华综合医院在建中3100米百度地图测距新科技园社区健康服务购物商场楼下佳又惠百货医院天虹（2400米百度地图测距）,公交（观澜高新园站）M517、M264、313、E4路等，出小区约100有轨电车站台（电车接驳地铁4号线清湖地铁口），高速公路：机荷高速公路、梅观高速公路，交通方便。以后规划的有22号地铁线可看规划图,,,暂无数据,2024-10-18,商品房,普通住宅,暂无数据,共有,有抵押 65万元,挂牌时间:2024-10-18 | 交易权属:商品房 | 上次交易:暂无数据 | 房屋用途:普通住宅 | 房屋年限:暂无数据 | 产权所属:共有 | 抵押信息:有抵押 65万元 | 房本备件:未上传房本照片,客厅 / 33.29平米 / 东南 / 落地窗 ; 卧室A / 10.88平米 / 东南 / 落地窗 ; 卧室B / 17.04平米 / 无 / 未知窗户类型 ; 卧室C / 10.98平米 / 东南 / 普通窗 ; 厨房 / 6.55平米 / 西南 / 普通窗 ; 卫生间A / 5.01平米 / 东北 / 普通窗 ; 卫生间B / 3.62平米 / 西南 / 普通窗 ; 阳台A / 7.62平米 / 西南 东北 东南 / 普通窗 ; 阳台D / 3.46平米 / 西南 / 落地窗 ; 储物间 / 3.15平米 / 无 / 无窗 ; 门厅 / 18.73平米 / 无 / 无窗 ; 衣帽间 / 3.78平米 / 无 / 无窗,
懿花园 正出阳台 朝南采光通风好,"懿花园 , 观澜",3室2厅,88.69平米,南 北,,高楼层(共10层),2013年,板楼,360 万,40591 元,3,,,VR看装修,https://sz.lianjia.com/ershoufang/105119398162.html,VR看装修,此房满五年税费少，视野开阔无遮挡！,和黄懿花园也叫盈峰翠邸，由和记黄埔地产(深圳)有限公司开发，位于横坑水库。项目规划为地上建筑4-10层，地下2层，共59栋建筑(其中57栋住宅，2所幼儿园，及公建以地下室形式布置于地块南端)。 机动车位：600个；高层地库车位385个，多层地库车位200个,医疗龙华医院（4600米百度地图测距龙华综合医院在建中3100米百度地图测距新科技园社区健康服务购物商场楼下佳又惠百货医院天虹（2400米百度地图测,公交线路：公交（宝安高新科技园、观澜高新科技园）794、627、663、668、866路等，出小区就是有轨电车站台，高速公路：机荷高速公路、梅观高速公路，交通方便。,,,暂无数据,2025-01-04,商品房,普通住宅,暂无数据,非共有,有抵押,挂牌时间:2025-01-04 | 交易权属:商品房 | 上次交易:暂无数据 | 房屋用途:普通住宅 | 房屋年限:暂无数据 | 产权所属:非共有 | 抵押信息:有抵押 | 房本备件:未上传房本照片,客厅 / 28.97平米 / 东 / 普通窗 ; 卧室A / 14.94平米 / 无 / 未知窗户类型 ; 卧室B / 7.61平米 / 无 / 未知窗户类型 ; 卧室C / 6.89平米 / 无 / 未知窗户类型 ; 厨房 / 5.41平米 / 东南 / 普通窗 ; 卫生间A / 3.48平米 / 无 / 普通窗 ; 卫生间B / 3.44平米 / 西南 / 普通窗 ; 阳台A / 3.89平米 / 东南 / 普通窗 ; 阳台B / 4.69平米 / 西南 / 普通窗 ; 过道 / 3.36平米 / 无 / 无窗,
独栋别墅 深圳产权 一本证 位置好 新城旁边 价格便宜,"观澜湖 , 观澜",5室1厅,194.2平米,东南,毛坯,1层,1998年,板楼,1940 万,99898 元,4,,,VR房源 | 房本满五年,https://sz.lianjia.com/ershoufang/105118807672.html,VR房源 | 房本满五年,观澜湖晓峰居小区 独栋别墅 一本证上下2层 已经做了 5房,晓峰居小区，在观澜湖新城旁边 位置很好 小区管理严格 进出一个门口，安全性高,,,,,2015-10-28,2024-11-04,商品房,别墅,满五年,非共有,有抵押,挂牌时间:2024-11-04 | 交易权属:商品房 | 上次交易:2015-10-28 | 房屋用途:别墅 | 房屋年限:满五年 | 产权所属:非共有 | 抵押信息:有抵押 | 房本备件:已上传房本照片,客厅 / 67.21平米 / 西 南 / 落地窗 ; 卧室A / 12.88平米 / 南 / 普通窗 ; 卧室B / 11.84平米 / 西 / 普通窗 ; 卧室C / 24.97平米 / 无 / 普通窗 ; 卧室D / 15.54平米 / 无 / 普通窗 ; 卧室E / 13.96平米 / 无 / 普通窗 ; 厨房 / 7.68平米 / 西 北 / 普通窗 ; 卫生间A / 4.8平米 / 东 / 普通窗 ; 卫生间B / 3.33平米 / 北 / 普通窗 ; 卫生间C / 3.29平米 / 西 / 普通窗 ; 卫生间D / 9.03平米 / 无 / 普通窗 ; 卫生间E / 4.35平米 / 无 / 普通窗 ; 阳台A / 34.6平米 / 无 / 普通窗 ; 阳台B / 4.19平米 / 无 / 普通窗 ; 阳台C / 4.03平米 / 无 / 普通窗 ; 储物间 / 5.32平米 / 无 / 无窗 ; 车库 / 17.26平米 / 北 / 普通窗 ; 过道 / 16.81平米 / 无 / 无窗,
双电梯近地铁，配套齐全，佳华领域两房，朝南安静,"佳华领域广场 , 观澜",2室1厅,48.1平米,西,,中楼层(共28层),2017年,板塔结合,185 万,38462 元,2,,,近地铁 | VR房源,https://sz.lianjia.com/ershoufang/105116407247.html,地铁 | VR房源,此房满五年，70年产权民水民电通燃气平层公寓,由百佳华集团开发建造，分两期开发；一期共6栋组成，二期为综合体+写字楼；小区人车分流，自带12班幼儿园；环境优美，居家舒适。,各大银行，兴万达商场，观澜老街步行街，百佳华综合体；1.2公里有龙华新区医院，配套完善能完全满足您日常生活所需,"地铁4号线观澜站，轻轨新澜站100米,可到清湖地铁口直达福田，楼下就是公交站吉盛酒店大公交站台，另外5公里上龙观快速，4公里上珠三角环线高速",,,暂无数据,2024-03-19,商品房,商务公寓,暂无数据,非共有,无抵押,挂牌时间:2024-03-19 | 交易权属:商品房 | 上次交易:暂无数据 | 房屋用途:商务公寓 | 房屋年限:暂无数据 | 产权所属:非共有 | 抵押信息:无抵押 | 房本备件:未上传房本照片,客厅 / 12.03平米 / 西 / 普通窗 ; 卧室A / 6.82平米 / 西 / 普通窗 ; 卧室B / 4.2平米 / 西 / 普通窗 ; 厨房 / 2.9平米 / 无 / 未知窗户类型 ; 卫生间 / 3.12平米 / 无 / 无窗 ; 阳台 / 2.02平米 / 西 / 普通窗,
懿花园 精装3房 朝南高楼层 看花园 客厅正出阳台,"懿花园 , 观澜",3室2厅,89.13平米,东南,精装,高楼层(共10层),2014年,板楼,370 万,41513 元,0,,,VR房源,https://sz.lianjia.com/ershoufang/105117470331.html,VR房源,此房满五年 唯一 产权清晰 高楼层 看花园 位置安静 业主诚售,,小区是和记黄埔开发，万科物业，小区属于鹭湖国际住区中间位置，位置安静，依山傍水，小区总共33栋别墅，12栋洋房，密度低，舒适！ 业主自住装修，维护保养较好，稍作打理，即可拎包入住！,距有轨电车站390米（百度地图测距），公交线路：公交（宝安高新科技园、观澜高新科技园）794、627、663、668、866路等，高速公路：机荷高速公路、梅观高速公路，交通方便。,,,暂无数据,2024-07-01,商品房,普通住宅,暂无数据,非共有,有抵押 170万元 金融公司垫资,挂牌时间:2024-07-01 | 交易权属:商品房 | 上次交易:暂无数据 | 房屋用途:普通住宅 | 房屋年限:暂无数据 | 产权所属:非共有 | 抵押信息:有抵押 170万元 金融公司垫资 | 房本备件:未上传房本照片,客厅 / 28.15平米 / 南 / 普通窗 ; 卧室A / 10.86平米 / 西北 南 / 落地窗 ; 卧室B / 14.55平米 / 无 / 未知窗户类型 ; 卧室C / 7.47平米 / 无 / 未知窗户类型 ; 厨房 / 5.71平米 / 西南 / 普通窗 ; 卫生间A / 3.66平米 / 无 / 普通窗 ; 卫生间B / 3.51平米 / 西南 / 普通窗 ; 阳台 / 2.81平米 / 西南 / 普通窗 ; 过道 / 2.85平米 / 无 / 无窗,
全新毛坯，满五唯一，无抵押，看房方便,"佳华领域广场 , 观澜",3室2厅,88.45平米,西南,毛坯,高楼层(共38层),2017年,板楼,364 万,41154 元,1,,,近地铁 | VR看装修,https://sz.lianjia.com/ershoufang/105117727471.html,地铁 | VR看装修,此房两梯四户，满五唯一，产权清晰，新装修一年多拎包入住。,项目由百佳华集团开发建造，分两期开发；一期共6栋组成，二期为综合体+写字楼；小区人车分流，自带12班幼儿园；环境优美，居家舒适。,小区自带有百佳华综合体，近4号线观澜站 有各大银行，兴万达商场，观澜老街步行街，过马路就是观澜小 学；1.2公里有龙华新区医院，配套完善能完全满足您日常生活所需,小区位于双轨交汇处，有轨电车-新澜站，地铁4号线-观澜站，距离小区100米（百度地图）、还有公交站吉盛酒店公交站台，另自驾5公里上龙观快速，4公里上珠三角环线高速。,,,暂无数据,2024-07-25,商品房,普通住宅,暂无数据,非共有,有抵押 175万元 中信银行,挂牌时间:2024-07-25 | 交易权属:商品房 | 上次交易:暂无数据 | 房屋用途:普通住宅 | 房屋年限:暂无数据 | 产权所属:非共有 | 抵押信息:有抵押 175万元 中信银行 | 房本备件:未上传房本照片,客厅 / 24.08平米 / 南 / 普通窗 ; 卧室A / 8.65平米 / 无 / 未知窗户类型 ; 卧室B / 8.11平米 / 西 / 落地窗 ; 卧室C / 14.08平米 / 无 / 未知窗户类型 ; 厨房 / 5.57平米 / 西 / 普通窗 ; 卫A / 1.96平米 / 北 / 普通窗 ; 卫生间B / 3.68平米 / 南 / 落地窗 ; 阳台A / 1.75平米 / 西 / 普通窗 ; 阳台B / 4.91平米 / 南 / 普通窗 ; 过道 / 3.51平米 / 无 / 无窗,
4号线地铁格澜郡大社区 观澜天虹旁宜居2房 南向采光好,"中航格澜郡阳光花园 , 观澜",2室1厅,74.25平米,南,精装,高楼层(共11层),2006年,板塔结合,260 万,35017 元,7,,,VR房源 | 随时看房,https://sz.lianjia.com/ershoufang/105116166467.html,VR房源 | 随时看房,观澜河畔 天虹旁 低密度大社区 停车方便,,综合商场：天虹商场、福城天虹、民乐福购物场所 医院：观澜人民医院 邮局：观澜邮局 银行：农业银行，浦发银行，建设银行，中国工商银行 其他：文化艺术场所、体育活动场所。,"深圳中航格澜郡公交站，途径中航格澜郡公交站的有B652路、B693路、M264路等6条公交线路.深圳中航格澜郡有7个公交站,分别是大和路口(157米),安佳工业园(193米),观澜天虹商场(419米),富士施乐(470米),格兰云天酒店(569米)等。另轻轨已经开通，出行更加方便。",,,暂无数据,2024-02-28,商品房,普通住宅,暂无数据,非共有,无抵押,挂牌时间:2024-02-28 | 交易权属:商品房 | 上次交易:暂无数据 | 房屋用途:普通住宅 | 房屋年限:暂无数据 | 产权所属:非共有 | 抵押信息:无抵押 | 房本备件:未上传房本照片,客厅 / 23.87平米 / 南 / 普通窗 ; 卧室A / 14.31平米 / 无 / 未知窗户类型 ; 卧室B / 7.44平米 / 南 / 普通窗 ; 厨房 / 5.47平米 / 无 / 无窗 ; 卫生间 / 3.13平米 / 无 / 无窗 ; 阳台 / 5.77平米 / 西 东 南 / 普通窗 ; 储物间 / 2.5平米 / 无 / 无窗,
西南向三房双阳台，近观澜华为富士康，高速路口,"湖润名苑 , 观澜",3室1厅,85.43平米,西,简装,高楼层(共16层),2017年,塔楼,185.5 万,21714 元,20,,,VR房源,https://sz.lianjia.com/ershoufang/105115745594.html,VR房源,朝南高楼层户型方正，价格可谈，近华为富士康，近高速路口,小区总共4栋，3栋是人才房，只有一栋是70年产权商务公寓，地下车库一层，负一楼菜市场。总共16层。24小时物业保安值班。,旁边是福城街道办，近观澜富士康，华为，九龙山体育公园，观澜湖新城，福城天虹，离观澜富士康南门万悦城约1500米。,小区门口有公交站，高速路口约1500米，距离4号线长湖地铁站约3公里，,,,暂无数据,2024-01-01,商品房,公寓,暂无数据,非共有,无抵押,挂牌时间:2024-01-01 | 交易权属:商品房 | 上次交易:暂无数据 | 房屋用途:公寓 | 房屋年限:暂无数据 | 产权所属:非共有 | 抵押信息:无抵押 | 房本备件:未上传房本照片,客厅 / 20.9平米 / 西 / 普通窗 ; 卧室A / 10.13平米 / 无 / 未知窗户类型 ; 卧室B / 9.17平米 / 无 / 未知窗户类型 ; 卧室C / 11.23平米 / 无 / 无窗 ; 厨房 / 3.58平米 / 南 / 普通窗 ; 卫生间 / 2.85平米 / 无 / 无窗 ; 阳台 / 3.91平米 / 西 / 普通窗 ; 储物间 / 2.51平米 / 南 / 普通窗,
佳华领域精装3房，业主诚心出售，满五年,"佳华领域广场 , 观澜",3室1厅,87.59平米,东南,精装,高楼层(共38层),2017年,板楼,398 万,45439 元,0,,,近地铁 | VR房源,https://sz.lianjia.com/ershoufang/105115803608.html,地铁 | VR房源,楼层好，视野宽阔，户型方正，交通便利。居家方便 ，环境好,,各大银行，兴万达商场，观澜老街步行街，百佳华综合体；1.2公里有龙华新区医院，配套完善能完全满足您日常生活所需,"地铁4号线观澜站，轻轨新澜站100米,可到清湖地铁口直达福田，楼下就是公交站吉盛酒店大公交站台，另外5公里上龙观快速，4公里上珠三角环线高速",,,暂无数据,2024-01-07,商品房,普通住宅,暂无数据,非共有,有抵押,挂牌时间:2024-01-07 | 交易权属:商品房 | 上次交易:暂无数据 | 房屋用途:普通住宅 | 房屋年限:暂无数据 | 产权所属:非共有 | 抵押信息:有抵押 | 房本备件:未上传房本照片,客厅 / 29.38平米 / 无 / 未知窗户类型 ; 卧室A / 12.35平米 / 无 / 未知窗户类型 ; 卧室B / 8.64平米 / 无 / 未知窗户类型 ; 卧室C / 6.49平米 / 北 / 落地窗 ; 厨房 / 6.77平米 / 西 南 / 普通窗 ; 卫生间A / 3.77平米 / 北 / 普通窗 ; 卫生间B / 2.94平米 / 北 / 落地窗 ; 储物间 / 5.92平米 / 无 / 无窗,
观澜湖丽维康别墅独栋大花园别墅南向,"观澜湖 , 观澜",5室3厅,330.76平米,东南,毛坯,低楼层(共2层),2006年,,4400 万,133027 元,2,,,VR房源 | 房本满五年,https://sz.lianjia.com/ershoufang/105116130400.html,VR房源 | 房本满五年,独栋别墅上下3层 通透采光通风良好,小区低密度，居住环境优美，安静，小区南门口有观澜湖新城，生态体育公园等等，出则繁华，入则安静,50亿观澜湖新城，观澜天虹商场，兴万达商场等，龙华人民医院，塘厦人民医院，小区内有会所/游泳池/健身房/高尔夫业主练习场/穿梭巴士等免费使用,小区南门口有地铁站和公交站，多条公交线经过，小区到宝安机场39公里（百度地图显示），小区到深圳北站20公里（百度地图显示），小区到皇岗口岸30公里，小区到龙华区人民医院11公里,,,2009-12-29,2024-02-25,商品房,别墅,满五年,共有,有抵押,挂牌时间:2024-02-25 | 交易权属:商品房 | 上次交易:2009-12-29 | 房屋用途:别墅 | 房屋年限:满五年 | 产权所属:共有 | 抵押信息:有抵押 | 房本备件:已上传房本照片,客厅 / 123.45平米 / 无 / 落地窗 ; 卧室 / 161.43平米 / 无 / 普通窗 ; 阳台 / 35.76平米 / 无 / 普通窗 ; 储物间A / 32.34平米 / 无 / 无窗 ; 储物间B / 39平米 / 无 / 无窗 ; 储物间C / 5.12平米 / 无 / 无窗 ; 阁楼 / 136.37平米 / 无 / 普通窗 ; 地下室 / 238.11平米 / 无 / 普通窗 ; 过道 / 11.78平米 / 无 / 普通窗,
业主自住装修，房子满五唯一税费少，南向采光通风佳,"阳基御龙山 , 观澜",3室1厅,86.06平米,南 北,精装,31层,2018年,板塔结合,288 万,33466 元,2,,,VR房源,https://sz.lianjia.com/ershoufang/105117649388.html,VR房源,房子业主自住装修，满五唯一，南向采光通风佳,阳基御龙山位于福城办事处福前路南侧，为山水资源同享的高品质纯居项目，共922户，1、2、3、5栋为住宅,配套齐全，有比邻新天地、天虹商圈，观澜湖新城，购物、休闲、娱乐一应俱全；同时项目自带社区，生活便利,小区门口左转就是公交车站，悦兴围村口：b766路;m225路;m285路;m337路;m464路 距离港铁4号线延长线长湖站距离大概800米 日常交通出行方便,,,暂无数据,2024-07-18,商品房,普通住宅,暂无数据,非共有,有抵押 300万元 招行,挂牌时间:2024-07-18 | 交易权属:商品房 | 上次交易:暂无数据 | 房屋用途:普通住宅 | 房屋年限:暂无数据 | 产权所属:非共有 | 抵押信息:有抵押 300万元 招行 | 房本备件:未上传房本照片,客厅 / 29.07平米 / 无 / 普通窗 ; 卧室A / 12.95平米 / 无 / 未知窗户类型 ; 卧室B / 10.13平米 / 无 / 未知窗户类型 ; 卧室C / 5.39平米 / 无 / 落地窗 ; 厨房 / 4.58平米 / 无 / 普通窗 ; 卫生间 / 4.17平米 / 无 / 普通窗 ; 阳台 / 4.53平米 / 无 / 普通窗,
中间楼层，地铁口茜坑站，龙华图书馆旁边,"龙光玖誉府 , 观澜",2室1厅,73.4平米,南,精装,中楼层(共31层),2020年,塔楼,360 万,49047 元,4,,,近地铁 | VR房源,https://sz.lianjia.com/ershoufang/105117453777.html,地铁 | VR房源,中间楼层，视野旷阔，地铁口物业，龙华图书馆旁边,2021年交房次新小区，总占地面积约15000㎡，总建筑面积约85000㎡，小区门口有8000㎡ 图书馆，出小区就是地铁口茜坑站,综合商场：比邻新天地、福城天虹，观澜天虹、观澜汇合正广场、观荟里四大集中商场 医院：龙华中.心医院（三甲），龙华人民医院，平安综合医院 文体：观湖文化体育,快速路网：项目已形成三横三纵交通格局。本项目东邻观澜大道，其中三横为“观光路、环观南路、机荷高速”；三纵为“龙观快速、观澜大道、梅观快速”。 2) 地铁：出小区150米是地铁4号线茜坑站，深圳北直通香港、到达福田,,,暂无数据,2024-06-30,商品房,普通住宅,暂无数据,非共有,有抵押,挂牌时间:2024-06-30 | 交易权属:商品房 | 上次交易:暂无数据 | 房屋用途:普通住宅 | 房屋年限:暂无数据 | 产权所属:非共有 | 抵押信息:有抵押 | 房本备件:未上传房本照片,客厅 / 25.68平米 / 西 / 普通窗 ; 卧室A / 10.33平米 / 无 / 未知窗户类型 ; 卧室B / 8.38平米 / 无 / 未知窗户类型 ; 厨房 / 6.05平米 / 东 南 / 普通窗 ; 卫生间 / 3.4平米 / 南 / 普通窗 ; 阳台 / 4.08平米 / 西 南 / 普通窗,
红本精装，大阳台，配套完善，花园静宅,"招商澜园 , 观澜",5室2厅,155.83平米,南 北,精装,中楼层(共11层),2010年,板塔结合,638 万,40943 元,4,,,近地铁 | VR房源,https://sz.lianjia.com/ershoufang/105116101251.html,地铁 | VR房源,花园中间位置，安静适宜居家选择，双证已合，满五 红本在手,小区由招商局地产开发，国家一级物业资质的招商物业管理，小区部分为南北两区，由十三栋高层组成，低密度，是个纯居住的大社区，自带6000平的大花园，人车分流，很适合有老人和小孩的客户，小区自带幼儿园，有固定车位,配套：观澜街道办 休闲区域：新世纪广场、观澜文化广场， 商场：设施天虹商场、比邻新天地，观澜河湿地公园距离小区近在咫尺。龙华区政府距离小区2公里，属于新区政府辐射范围内。项目：现聚集多家大品牌开发商在此拿地。如：万科 卓 越，阳基,小区门口就有公交站，途径的公交线众多，有轨电车在小区门口文澜站，直接到达清湖地铁口，竹村地铁口 800米，观澜大桥直接可以上机荷高速，多条公交线路到达罗湖，福田,,,2023-11-22,2024-02-22,商品房,普通住宅,未满两年,非共有,无抵押,挂牌时间:2024-02-22 | 交易权属:商品房 | 上次交易:2023-11-22 | 房屋用途:普通住宅 | 房屋年限:未满两年 | 产权所属:非共有 | 抵押信息:无抵押 | 房本备件:已上传房本照片,客厅 / 40.39平米 / 北 南 / 普通窗 ; 卧室A / 10.58平米 / 北 / 落地窗 ; 卧室B / 10.04平米 / 无 / 未知窗户类型 ; 卧室C / 9.87平米 / 无 / 未知窗户类型 ; 卧室D / 18.22平米 / 无 / 未知窗户类型 ; 卧室E / 12.55平米 / 南 / 普通窗 ; 厨房 / 5.98平米 / 北 / 普通窗 ; 卫生间A / 5.27平米 / 北 / 普通窗 ; 卫生间B / 4.98平米 / 北 / 普通窗 ; 阳台A / 6.12平米 / 西 北 东 / 普通窗 ; 阳台B / 12.81平米 / 西 南 / 普通窗 ; 过道 / 4.74平米 / 无 / 无窗 ; 门厅 / 5.94平米 / 南 / 落地窗,
完善配套，近地铁招商澜园，满五唯一，视野佳,"招商澜园 , 观澜",3室1厅,83.19平米,南 北,简装,低楼层(共25层),2010年,板塔结合,290 万,34860 元,8,,,近地铁 | VR看装修,https://sz.lianjia.com/ershoufang/105113460731.html,地铁 | VR看装修,中高楼层视野好，满五唯一，保养不错。,小区由招商局地产开发，国家一级物业资质的招商物业管理，小区部分为南北两区，由十三栋高层组成，低密度，是个纯居住的大社区，自带6000平的大花园，人车分流，很适合有老人和小孩的客户，小区自带幼儿园，有固定车位。,公建配套：观澜街道办 休闲区域：新世纪广场、观澜文化广场， 商场：设施天虹商场、比邻新天地，观澜河湿地公园距离小区近在咫尺。龙华区政府距离小区2公里，属于新区政府辐射范围内。项目：现聚集多家大品牌开发商在此拿地。如：万科 卓 越，阳基,小区门口就有公交站，途径的公交线众多，有轨电车在小区门口文澜站，直接到达清湖地铁口，竹村地铁口 800米，观澜大桥直接可以上机荷高速，多条公交线路到达罗湖，福田,,,暂无数据,2023-04-23,商品房,普通住宅,暂无数据,非共有,有抵押 100万元,挂牌时间:2023-04-23 | 交易权属:商品房 | 上次交易:暂无数据 | 房屋用途:普通住宅 | 房屋年限:暂无数据 | 产权所属:非共有 | 抵押信息:有抵押 100万元 | 房本备件:未上传房本照片,客厅 / 22.56平米 / 北 / 普通窗 ; 卧室A / 8.91平米 / 无 / 未知窗户类型 ; 卧室B / 10.12平米 / 无 / 未知窗户类型 ; 卧室C / 15.96平米 / 无 / 未知窗户类型 ; 厨房 / 7.47平米 / 北 / 普通窗 ; 卫生间 / 4.93平米 / 北 东 / 落地窗 ; 阳台 / 3.35平米 / 北 / 普通窗,
满五年，唯一住宅，税费底，精装修,"格澜郡二期 , 观澜",3室2厅,96.54平米,东南,,中楼层(共18层),2007年,板塔结合,385 万,39880 元,0,,8天以前发布,VR看装修,https://sz.lianjia.com/ershoufang/105122290040.html,VR看装修,满五税少、业主诚心出售、中间好楼层、使用率高,中航格澜郡位于深圳龙华新区观澜，东临大和路，西临沿河路，南起环观南路，北至工业大道。其北面即为观澜世纪广场与文化艺术场所，与观澜街道办仅一河之隔，可谓是尊贵地段，尽享观澜政治、文化、商 业的优势。整个小区为苏格兰风情大社区。,综合商场：天虹商场、福城天虹、民乐福购物场所 医院：观澜人民医院 邮局：观澜邮局 银行：农业银行，浦发银行，建设银行，中国工商银行 其他：文化艺术场所、体育活动场所,"深圳中航格澜郡公交站，途径中航格澜郡公交站的有B652路、B693路、M264路等6条公交线路.深圳中航格澜郡有7个公交站,分别是大和路口(157米),安佳工业园(193米),观澜天虹商场(419米),富士施乐(470米),格兰云天酒店(569米)等。另轻轨已经开通，出行更加方便。",,,暂无数据,2025-09-29,商品房,普通住宅,暂无数据,非共有,有抵押 95万元 金融公司垫资,挂牌时间:2025-09-29 | 交易权属:商品房 | 上次交易:暂无数据 | 房屋用途:普通住宅 | 房屋年限:暂无数据 | 产权所属:非共有 | 抵押信息:有抵押 95万元 金融公司垫资 | 房本备件:未上传房本照片,,
中间楼层南向 满五年税费少 自住装修,"招商观园 , 观澜",3室2厅,87.55平米,南,,低楼层(共18层),2012年,塔楼,335 万,38264 元,1,,,VR房源 | 随时看房,https://sz.lianjia.com/ershoufang/105121091824.html,VR房源 | 随时看房,中间楼层南向 满五年税费少 自住装修,招商观园位于龙华区观澜街道环观南路北侧(观澜高新科技园站旁），是由深圳招商房地产有限公司规划、开发的小区，规划面积147595平方米，建筑面积222221平方米，小区由别墅 多层 小高层组成，容 积率1.5，居住舒适,龙华医院（4600米百度地图测距龙华综合医院在建中3100米百度地图测距新科技园社区健康服务购物商场楼下佳又惠百货医院天虹（2400米百度地图测距）,,,,暂无数据,2025-06-15,商品房,普通住宅,暂无数据,非共有,有抵押 银行,挂牌时间:2025-06-15 | 交易权属:商品房 | 上次交易:暂无数据 | 房屋用途:普通住宅 | 房屋年限:暂无数据 | 产权所属:非共有 | 抵押信息:有抵押 银行 | 房本备件:未上传房本照片,客厅 / 30.4平米 / 北 / 普通窗 ; 卧室A / 6.55平米 / 北 / 落地窗 ; 卧室B / 10.51平米 / 无 / 未知窗户类型 ; 卧室C / 14.13平米 / 无 / 未知窗户类型 ; 厨房 / 5.39平米 / 北 / 普通窗 ; 卫生间 / 4.66平米 / 北 / 普通窗 ; 阳台A / 2.13平米 / 北 / 普通窗 ; 阳台B / 4.63平米 / 北 / 普通窗,
奥宸方正大四房户型方正采光好 低于指导价出售,"奥宸观壹城 , 观澜",4室1厅,107.95平米,东南,,低楼层(共33层),2018年,板塔结合,384 万,35573 元,5,,,近地铁 | VR看装修 | 随时看房,https://sz.lianjia.com/ershoufang/105117605859.html,地铁 | VR看装修 | 随时看房,业主诚心出售 满五唯一 户型方正 看房方便,共3栋 12个单元；并且规划为具有70-130平米的住宅、40-80平米的公寓；楼下有菜市场；小区内布局合理；有2个人行主出入口，两个车库入口,离小区1.8公里观澜湖新城吃喝玩乐一体 离小区20米就是振能 小区自带幼儿园,距离小区800米左右地铁站4号线延长线松元厦站去往福田 区里小区200米左右公交车站M285路 321路去往火车站西广场 M361路去往龙华公交站 332路去往蛇口出行方便,,,暂无数据,2024-07-14,商品房,普通住宅,暂无数据,非共有,有抵押,挂牌时间:2024-07-14 | 交易权属:商品房 | 上次交易:暂无数据 | 房屋用途:普通住宅 | 房屋年限:暂无数据 | 产权所属:非共有 | 抵押信息:有抵押 | 房本备件:未上传房本照片,客厅 / 30.18平米 / 无 / 落地窗 ; 卧室A / 7.75平米 / 无 / 未知窗户类型 ; 卧室B / 12.14平米 / 无 / 未知窗户类型 ; 卧室C / 10.57平米 / 无 / 落地窗 ; 卧室D / 9.28平米 / 无 / 未知窗户类型 ; 厨房 / 4.19平米 / 无 / 普通窗 ; 卫生间A / 3.19平米 / 无 / 普通窗 ; 卫生间B / 3.47平米 / 无 / 普通窗 ; 阳台 / 4.83平米 / 无 / 普通窗 ; 储物间 / 3.44平米 / 无 / 无窗 ; 过道 / 2.06平米 / 无 / 无窗,
6房  2厅  4卫   东南  看房方便,"观湖园 , 观澜",6室2厅,183.41平米,东南,简装,下叠(共4层),2012年,板楼,976 万,53215 元,0,,,VR房源,https://sz.lianjia.com/ershoufang/105119562830.html,VR房源,纯别墅区，下叠地面三层，少有户型，精装6房，带150平大花园,观湖园项目位于龙华新区观澜镇，邻近梅观高速公路，在梅观高速观澜出口。小区占地面积：37.6弯平方米，容积低，绿化高，东南亚园林景观设计。双拼跟独栋管理费是6.5平米，叠拼的管理费是4.95平米，小区安保严密，24小时巡逻监控,小区南门200米，有菜市场，商场能满足日常所需；距离观澜湖新城约5公 里，观澜湖新城是大型的SHOPING MALL，一系列品牌都已进驻，购物娱乐 都相当方便；距离观澜人民医院及伟光医院约6公里,观湖园别墅小区邻近梅观高速公路，距离梅观高速观澜出口约1.5公里，去南山约33公里，罗湖约30公里，福田约28公里，交通如此便利的接轨市内生活圈。到观澜汽车站和观澜湖新城约五公里，观澜湖新城是大型的Shoig Mll，交通出行娱乐购物也是相当方便,,,暂无数据,2025-02-03,商品房,别墅,暂无数据,非共有,无抵押,挂牌时间:2025-02-03 | 交易权属:商品房 | 上次交易:暂无数据 | 房屋用途:别墅 | 房屋年限:暂无数据 | 产权所属:非共有 | 抵押信息:无抵押 | 房本备件:未上传房本照片,客厅A / 63.22平米 / 北 东 / 普通窗 ; 客厅B / 38.11平米 / 北 / 普通窗 ; 卧室A / 8.78平米 / 北 / 普通窗 ; 卧室B / 9.28平米 / 无 / 无窗 ; 卧室C / 14.68平米 / 北 / 普通窗 ; 卧室D / 10.91平米 / 无 / 未知窗户类型 ; 卧室E / 12.96平米 / 东 / 普通窗 ; 卧室F / 25.8平米 / 无 / 未知窗户类型 ; 厨房 / 8.25平米 / 北 / 普通窗 ; 卫生间A / 3.52平米 / 无 / 无窗 ; 卫生间B / 3.7平米 / 西 / 普通窗 ; 卫生间C / 4.56平米 / 北 / 普通窗 ; 卫生间D / 10.22平米 / 西 / 普通窗 ; 阳台A / 4平米 / 北 东 南 / 普通窗 ; 储物间 / 8.9平米 / 无 / 无窗 ; 储物间A / 3.89平米 / 无 / 无窗 ; 储物间B / 3.53平米 / 无 / 无窗 ; 储C / 6.04平米 / 无 / 无窗 ; 过道A / 2.28平米 / 无 / 无窗 ; 过道B / 2.52平米 / 无 / 无窗 ; 过道C / 9.93平米 / 北 / 普通窗,
城建仁山智水花园二期 8室2厅 东南,"城建仁山智水花园二期 , 观澜",8室2厅,180.77平米,东南,简装,下叠(共4层),2013年,板塔结合,1600 万,88511 元,0,,,VR房源,https://sz.lianjia.com/ershoufang/105121437985.html,VR房源,,,,,,,暂无数据,2025-07-14,商品房,别墅,暂无数据,非共有,有抵押 700万元,挂牌时间:2025-07-14 | 交易权属:商品房 | 上次交易:暂无数据 | 房屋用途:别墅 | 房屋年限:暂无数据 | 产权所属:非共有 | 抵押信息:有抵押 700万元 | 房本备件:未上传房本照片,客厅 / 56.63平米 / 西南 东南 / 落地窗 ; 餐厅 / 30.77平米 / 东北 / 落地窗 ; 多功能间 / 76.73平米 / 无 / 普通窗 ; 卧室A / 10.13平米 / 无 / 普通窗 ; 卧室B / 10.1平米 / 无 / 无窗 ; 卧室C / 15.2平米 / 无 / 未知窗户类型 ; 卧室D / 15.32平米 / 无 / 未知窗户类型 ; 卧室E / 12.2平米 / 无 / 未知窗户类型 ; 卧室F / 13.09平米 / 无 / 落地窗 ; 卧室G / 20.89平米 / 无 / 无窗 ; 厨房A / 15.07平米 / 无 / 无窗 ; 厨房B / 7.34平米 / 西北 / 普通窗 ; 卫生间A / 3.06平米 / 无 / 无窗 ; 卫生间B / 3.86平米 / 无 / 未知窗户类型 ; 卫生间C / 5.55平米 / 无 / 落地窗 ; 卫生间D / 7.95平米 / 无 / 普通窗 ; 阳台A / 16.05平米 / 无 / 落地窗 ; 阳台B / 9.2平米 / 无 / 无窗 ; 阳台C / 12.02平米 / 无 / 普通窗 ; 地下室 / 38.42平米 / 无 / 无窗 ; 天井 / 7.21平米 / 无 / 无窗 ; 门厅 / 10.89平米 / 无 / 无窗 ; 过道A / 16.31平米 / 无 / 无窗 ; 过道B / 12.03平米 / 无 / 落地窗 ; 衣帽间 / 4.56平米 / 无 / 无窗,
地铁口次新大三房，高楼层采光好，视野开阔大阳台,"万科启城 , 观澜",3室2厅,101.7平米,东南 南 西南,精装,高楼层(共48层),2023年,板塔结合,418 万,41102 元,0,,,近地铁 | VR看装修,https://sz.lianjia.com/ershoufang/105122022661.html,地铁 | VR看装修,此房东南向，通风光线好，高楼层，视野宽阔,小区人车分流，6栋高层，围合式花园，小区有泳池有儿童乐园，门口有长湖公园和三外，600米长湖地铁站，300米有菜市场，生活方便居家舒适,距小区600米民法公园，龙华中心医院，长湖地铁站，一站福城天虹近福民菜市场,,,,2021-12-05,2025-09-04,商品房,普通住宅,暂无数据,非共有,无抵押,挂牌时间:2025-09-04 | 交易权属:商品房 | 上次交易:2021-12-05 | 房屋用途:普通住宅 | 房屋年限:暂无数据 | 产权所属:非共有 | 抵押信息:无抵押 | 房本备件:已上传房本照片,客厅 / 21.87平米 / 西南 / 普通窗 ; 卧室A / 6.92平米 / 无 / 未知窗户类型 ; 卧室B / 12.2平米 / 无 / 未知窗户类型 ; 卧室C / 9.12平米 / 西南 / 普通窗 ; 厨房 / 4.12平米 / 东南 / 普通窗 ; 卫生间A / 7.41平米 / 东北 / 落地窗 ; 卫生间B / 3.61平米 / 东南 / 普通窗 ; 阳台 / 7.65平米 / 西南 / 普通窗 ; 过道 / 4.18平米 / 无 / 无窗,
深业泰然观澜玫瑰苑 2室1厅 西,"深业泰然观澜玫瑰苑 , 观澜",2室1厅,51.9平米,西,精装,31层,2016年,板塔结合,260 万,50097 元,0,,,近地铁 | VR看装修,https://sz.lianjia.com/ershoufang/105120896205.html,地铁 | VR看装修,,,,,,,暂无数据,2025-05-29,商品房,普通住宅,暂无数据,非共有,有抵押,挂牌时间:2025-05-29 | 交易权属:商品房 | 上次交易:暂无数据 | 房屋用途:普通住宅 | 房屋年限:暂无数据 | 产权所属:非共有 | 抵押信息:有抵押 | 房本备件:未上传房本照片,,
满五年，唯一住宅，精装修两房，业主自住。,"金泽花园 , 观澜",2室1厅,43.48平米,南,精装,中楼层(共7层),2002年,板楼,164 万,37719 元,0,,8天以前发布,近地铁 | VR房源,https://sz.lianjia.com/ershoufang/105122290476.html,地铁 | VR房源,此房满五唯一，房子业主装修来自住的，保养好,24时围合式小区，适合老人跟小孩子休闲预娱乐，低密度小区，居住舒适度高。,小区外面有福民市场，出门买菜很方便，离医院也是1公里左右，就医方便，另外到地铁口也是1公里左右的距离，出行也是相对比较方便的。,,,,暂无数据,2025-09-29,商品房,普通住宅,暂无数据,非共有,有抵押,挂牌时间:2025-09-29 | 交易权属:商品房 | 上次交易:暂无数据 | 房屋用途:普通住宅 | 房屋年限:暂无数据 | 产权所属:非共有 | 抵押信息:有抵押 | 房本备件:未上传房本照片,客厅 / 17.99平米 / 东北 / 普通窗 ; 卧室 / 10.26平米 / 无 / 未知窗户类型 ; 厨房 / 3平米 / 西北 / 普通窗 ; 卫生间 / 2.46平米 / 西北 / 普通窗 ; 阳台 / 2平米 / 无 / 无窗,
御景华府 3室2厅 西南,"御景华府 , 观澜",3室2厅,73.24平米,西南,,低楼层(共33层),2023年,板塔结合,295 万,40279 元,0,,7天以前发布,VR看装修,https://sz.lianjia.com/ershoufang/105122302397.html,VR看装修,,,,,,,暂无数据,2025-10-01,商品房,普通住宅,暂无数据,非共有,暂无数据,挂牌时间:2025-10-01 | 交易权属:商品房 | 上次交易:暂无数据 | 房屋用途:普通住宅 | 房屋年限:暂无数据 | 产权所属:非共有 | 抵押信息:暂无数据 | 房本备件:未上传房本照片,,
正南朝向，诚心出售，看房方便。,"懿花园 , 观澜",3室2厅,89平米,南,,中楼层(共10层),2013年,板楼,340 万,38203 元,3,,,VR房源 | 随时看房,https://sz.lianjia.com/ershoufang/105115149387.html,VR房源 | 随时看房,朝南房源，优质三房，看房方便，业主诚心。,和黄懿花园也叫盈峰翠邸，由和记黄埔地产(深圳)有限公司开发，位于横坑水库。项目规划为地上建筑4-10层，地下2层，共59栋建筑(其中57栋住宅，2所幼儿园，及公建以地下室形式布置于地块南端)。 机动车位：600个；高层地库车位385个，多层地库车位200个,,公交线路：公交（宝安高新科技园、观澜高新科技园）794、627、663、668、866，517.264.921路等 高速公路：机荷高速公路、梅观高速公路。有轨电车高新区站距离小区300米。出行便利,,,暂无数据,2023-10-25,商品房,普通住宅,暂无数据,非共有,无抵押,挂牌时间:2023-10-25 | 交易权属:商品房 | 上次交易:暂无数据 | 房屋用途:普通住宅 | 房屋年限:暂无数据 | 产权所属:非共有 | 抵押信息:无抵押 | 房本备件:未上传房本照片,客厅 / 23.99平米 / 无 / 未知窗户类型 ; 卧室A / 15.8平米 / 无 / 未知窗户类型 ; 卧室B / 6平米 / 无 / 普通窗 ; 卧室C / 6.62平米 / 无 / 未知窗户类型 ; 厨房 / 5.12平米 / 无 / 落地窗 ; 卫生间A / 3.47平米 / 无 / 普通窗 ; 卫生间B / 3.74平米 / 无 / 落地窗 ; 阳台A / 6.02平米 / 无 / 普通窗 ; 阳台B / 5.23平米 / 无 / 落地窗 ; 阳台C / 3.56平米 / 无 / 未知窗户类型 ; 过道 / 3.01平米 / 无 / 无窗,
房子自住装修保养好 基本买来拎包入住 交易税费少,"龙光玖誉府 , 观澜",3室2厅,89.09平米,东南,,高楼层(共31层),2020年,塔楼,419.8 万,47121 元,0,,,近地铁 | VR看装修,https://sz.lianjia.com/ershoufang/105121750306.html,地铁 | VR看装修,房子自住装修保养好，基本买来拎包入住，交易税费少，只有契税,小区开发商为龙光地产，物业为龙光物业，2021年小区，设施新 2.小区带地下车库，人车分流设计，车位充足 3.交通：楼下就是四号线茜坑地铁口，坐地铁可以直达深圳北站、福田等地， 4.小区旁边就是全天开放的龙华区图书馆 5.附近区政府办公大楼，一站直达医院,,,,,暂无数据,2025-08-11,商品房,普通住宅,暂无数据,非共有,有抵押,挂牌时间:2025-08-11 | 交易权属:商品房 | 上次交易:暂无数据 | 房屋用途:普通住宅 | 房屋年限:暂无数据 | 产权所属:非共有 | 抵押信息:有抵押 | 房本备件:未上传房本照片,客厅 / 24.16平米 / 南 / 普通窗 ; 卧室A / 6.85平米 / 西 北 / 落地窗 ; 卧室B / 11.85平米 / 无 / 未知窗户类型 ; 卧室C / 7.87平米 / 无 / 未知窗户类型 ; 厨房 / 6.46平米 / 西 北 / 普通窗 ; 卫生间A / 3.67平米 / 无 / 无窗 ; 卫生间B / 3.53平米 / 西 / 落地窗 ; 阳台 / 4.57平米 / 西 南 / 普通窗 ; 过道 / 3.21平米 / 无 / 无窗,
配套完善，拎包即住，民水民电燃气，佳华领域54㎡,"佳华领域广场 , 观澜",2室2厅,54.58平米,南,,低楼层(共28层),2017年,板塔结合,205 万,37560 元,0,,,近地铁 | VR房源 | 随时看房,https://sz.lianjia.com/ershoufang/105114744278.html,地铁 | VR房源 | 随时看房,70年产权公寓，民水民电，有阳台带燃气,2017年建成的花园式新小区，虽然是公寓，享受住宅小区的配套。户型方正，格局大方。,,地铁4号线观澜站，轻轨新澜总站。公交站台就在家门口，出行方便。,,,暂无数据,2023-09-08,商品房,商务公寓,暂无数据,非共有,无抵押,挂牌时间:2023-09-08 | 交易权属:商品房 | 上次交易:暂无数据 | 房屋用途:商务公寓 | 房屋年限:暂无数据 | 产权所属:非共有 | 抵押信息:无抵押 | 房本备件:未上传房本照片,,
奥宸原始户型公寓，看房方便 业主诚心出售,"奥宸观壹城 , 观澜",4室2厅,86平米,南,毛坯,中楼层(共21层),2017年,板塔结合,158 万,18373 元,2,,,近地铁 | VR看装修 | 房本满五年 | 随时看房,https://sz.lianjia.com/ershoufang/105116761872.html,地铁 | VR看装修 | 房本满五年 | 随时看房,原始复式毛坯，业主急售 中间楼层采光通风良好，装修好后空间大,小区分为三期开发 一期二期分别坐落于观澜河的两侧 24小时保安值班巡逻很安全,距离小区1.2公里有观澜湖新城商场 1公里左右有百佳华商场 新万达商场 以及松元公园,距离小区800米左右是四号线延长线松元厦站去往福田也是很方便 小区外面公交深莞1号线去往东莞也是很方便的 900米左右就是观澜汽车站去往中短途也是很方便,,,2015-11-07,2024-04-21,商品房,普通住宅,满五年,非共有,无抵押,挂牌时间:2024-04-21 | 交易权属:商品房 | 上次交易:2015-11-07 | 房屋用途:普通住宅 | 房屋年限:满五年 | 产权所属:非共有 | 抵押信息:无抵押 | 房本备件:已上传房本照片,卧室 / 56.54平米 / 西南 西北 / 落地窗 ; 阳台 / 5.85平米 / 西南 / 普通窗,
华为工厂 一路之隔，精装四房，高楼层，配套完善,"珑门 , 观澜",4室2厅,87平米,南 西,精装,高楼层(共33层),2016年,板楼,315 万,36207 元,2,,,VR看装修 | 随时看房,https://sz.lianjia.com/ershoufang/105120250931.html,VR看装修 | 随时看房,比同户型额外多一个独立入户，高楼层，视野开阔,,,,,,暂无数据,2025-03-31,商品房,普通住宅,暂无数据,非共有,有抵押 客户偿还,挂牌时间:2025-03-31 | 交易权属:商品房 | 上次交易:暂无数据 | 房屋用途:普通住宅 | 房屋年限:暂无数据 | 产权所属:非共有 | 抵押信息:有抵押 客户偿还 | 房本备件:未上传房本照片,客厅 / 24.63平米 / 西南 西北 东南 / 普通窗 ; 卧室A / 6.23平米 / 西北 / 落地窗 ; 卧室B / 18.59平米 / 无 / 未知窗户类型 ; 卧室C / 8.24平米 / 无 / 未知窗户类型 ; 卫A / 2.71平米 / 东北 / 普通窗 ; 卫生间B / 3.88平米 / 西 / 落地窗 ; 阳台A / 3.07平米 / 西北 东北 东南 / 普通窗 ; 阳台B / 3.47平米 / 西南 西北 东南 / 普通窗 ; 过道 / 2.69平米 / 无 / 无窗 ; 门厅 / 3.78平米 / 无 / 无窗,
单身公寓，自住出租两厢宜，近地铁,"深业泰然观澜玫瑰苑 , 观澜",1室1厅,38.59平米,南,,高楼层(共24层),2016年,板塔结合,100 万,25914 元,1,,,近地铁 | VR房源,https://sz.lianjia.com/ershoufang/105116582291.html,地铁 | VR房源,高楼层视野开拓 通风采光好 业主诚心出售,深业泰然玫瑰苑小区为综合体以空中花园为分开商场由深圳市国惠康国泰房地产开发有限公司开发深业泰然集团有限公司控股建成时间为2014年-2016年车位配比1：1固定车位998个人车分流由深圳市泰然物业管理服务有限公,小区自带商.业，隔壁还有百佳华商场，观澜大道对.面是观澜老街，直线距离300米是4号线的观澜地铁站。,,,,暂无数据,2024-04-05,商品房,商务公寓,暂无数据,共有,无抵押,挂牌时间:2024-04-05 | 交易权属:商品房 | 上次交易:暂无数据 | 房屋用途:商务公寓 | 房屋年限:暂无数据 | 产权所属:共有 | 抵押信息:无抵押 | 房本备件:未上传房本照片,卧室 / 20.6平米 / 西 / 落地窗 ; 卫生间 / 4.41平米 / 无 / 无窗,
仁山智水 下叠端位 带大花园 实用率高,"城建仁山智水花园一期 , 观澜",5室2厅,180.75平米,东南 南,,下叠(共4层),2015年,板楼,1770 万,97926 元,0,,,VR房源,https://sz.lianjia.com/ershoufang/105115970044.html,VR房源,房子满五唯一 ，双阳台实用高，采光好,仁山智水由深圳市城市建设开发公司开发，小区占地近20平，总建筑面积为557584.63㎡，住宅282053.6㎡，商铺5860㎡，幼儿园3500.08㎡，建筑主体包括95栋住宅楼，其中有83栋低多层住宅及8栋高层和4栋高层，住宅共1445户，车位3158个。。。,,公交线路：公交（观澜高新园站）M567、M264、313、E4路等，出小区约100有轨电车站台（电车接驳地铁4号线清湖地铁口），高速公路：机荷高速公路、梅观高速公路，交通方便。,,,暂无数据,2024-01-28,商品房,别墅,暂无数据,非共有,无抵押,挂牌时间:2024-01-28 | 交易权属:商品房 | 上次交易:暂无数据 | 房屋用途:别墅 | 房屋年限:暂无数据 | 产权所属:非共有 | 抵押信息:无抵押 | 房本备件:未上传房本照片,客厅A / 53.02平米 / 无 / 无窗 ; 客厅B / 88.89平米 / 南 / 落地窗 ; 书房 / 14.19平米 / 西北 / 落地窗 ; 卧室A / 34.67平米 / 无 / 无窗 ; 卧室B / 31.22平米 / 西南 西北 / 落地窗 ; 卧室C / 18.9平米 / 西南 / 普通窗 ; 卧室D / 33.37平米 / 东南 / 普通窗 ; 厨房 / 17.8平米 / 西南 西北 / 普通窗 ; 卫生间A / 22.26平米 / 无 / 无窗 ; 卫生间B / 4.49平米 / 东南 / 普通窗 ; 卫C / 3.94平米 / 东南 / 落地窗 ; 卫D / 6.07平米 / 西南 / 普通窗 ; 卫生间E / 5.16平米 / 东南 / 落地窗 ; 卫生间F / 7.68平米 / 东南 / 普通窗 ; 阳台A / 5.01平米 / 西南 西北 东南 / 普通窗 ; 阳台B / 10.76平米 / 西南 东北 东南 / 普通窗 ; 地下室 / 43.54平米 / 西南 东南 / 普通窗 ; 天井 / 3.05平米 / 无 / 无窗 ; 过道 / 17.19平米 / 无 / 无窗,
精装三房高楼层南向满五唯一，4号线地铁口,"深业泰然观澜玫瑰苑 , 观澜",3室1厅,88.71平米,南,精装,31层,2016年,板塔结合,335 万,37764 元,3,,,近地铁 | VR看装修 | 随时看房,https://sz.lianjia.com/ershoufang/105117571318.html,地铁 | VR看装修 | 随时看房,此房满五唯一，高楼层，南向看公园，位置安静，装修保养好,小区为 综合体，以空中花园为分开住宅与商场。由深圳市国惠康国泰房地产开发有限公司开发，深业泰然（集团）有限公司控股，成立于1985年的深圳市属国有企业，注册资金8亿元，旗下拥有9家控股企业、2家参股企业资历雄厚。,兴万达广场，百佳华广场，场可以满足生活逛街需求，5公里内有观澜湖新城购物广场，衣食玩乐一一满足，购物happy的天堂，在走远一些是景区山水田园，跟亚洲大大的高尔夫球会，另有观澜版画村基地。,"小区门距离有轨轨电车-新澜站100米,地铁4号线观澜站。楼下就是公交站吉盛酒店大公交站台，另外5公里上龙观快速，3公里上珠三角环线高速，各种交通设施配套齐全，出行便利。",,,暂无数据,2024-07-11,商品房,普通住宅,暂无数据,非共有,有抵押 290万元,挂牌时间:2024-07-11 | 交易权属:商品房 | 上次交易:暂无数据 | 房屋用途:普通住宅 | 房屋年限:暂无数据 | 产权所属:非共有 | 抵押信息:有抵押 290万元 | 房本备件:未上传房本照片,客厅 / 25.99平米 / 东南 / 普通窗 ; 卧室A / 7.38平米 / 无 / 未知窗户类型 ; 卧室B / 11.31平米 / 无 / 未知窗户类型 ; 卧室C / 13.39平米 / 无 / 未知窗户类型 ; 厨房 / 4.46平米 / 西南 / 普通窗 ; 卫生间 / 2.89平米 / 无 / 普通窗 ; 阳台A / 1.87平米 / 西南 / 普通窗 ; 阳台B / 4.68平米 / 西南 东南 / 普通窗,
中空大客厅，观澜湖两套打通，豪/装,"观澜湖 , 观澜",10室4厅,631.32平米,南,精装,低楼层(共3层),,,4541 万,71929 元,36,,,VR房源,https://sz.lianjia.com/ershoufang/105105772238.html,VR房源,旅游景区内，环境优美，两套大户型打通，豪/装，中空大客厅,,50亿观澜湖新城，观澜天虹商场，兴万达商场等，龙华人民医院，塘厦人民医院，小区内有会所/游泳池/健身房/高尔夫业主练习场/穿梭巴士等免费使用,多条公交直达，高尔夫大道，观光路，观澜大道，观平路等城市主干道环-绕，梅观高速观澜出口2公里，地铁4号线（观澜湖新城站）已开通，观澜湖免费班车随时出行！,,,暂无数据,2020-11-13,商品房,别墅,暂无数据,非共有,无抵押,挂牌时间:2020-11-13 | 交易权属:商品房 | 上次交易:暂无数据 | 房屋用途:别墅 | 房屋年限:暂无数据 | 产权所属:非共有 | 抵押信息:无抵押 | 房本备件:未上传房本照片,客厅A / 185.9平米 / 西 / 普通窗 ; 客厅B / 164.52平米 / 西 东 / 普通窗 ; 卧室A / 18.76平米 / 无 / 普通窗 ; 多功能间A / 30.24平米 / 无 / 无窗 ; 卧室B / 18.53平米 / 无 / 普通窗 ; 多功能间B / 51.26平米 / 无 / 无窗 ; 卧室C / 17.36平米 / 无 / 普通窗 ; 卧室D / 28.67平米 / 无 / 普通窗 ; 卧室E / 19.37平米 / 无 / 普通窗 ; 卧室F / 13.45平米 / 无 / 普通窗 ; 卧室G / 21.76平米 / 无 / 普通窗 ; 卧室H / 31.17平米 / 无 / 普通窗 ; 卧室I / 21.35平米 / 无 / 普通窗 ; 卧室J / 26.53平米 / 无 / 普通窗 ; 卧室K / 25.19平米 / 无 / 普通窗 ; 厨房A / 36.92平米 / 无 / 无窗 ; 厨房B / 9.64平米 / 无 / 无窗 ; 卫生间A / 4.67平米 / 无 / 无窗 ; 卫生间B / 2.32平米 / 北 / 普通窗 ; 卫生间C / 4.45平米 / 无 / 无窗 ; 卫生间D / 6.3平米 / 无 / 无窗 ; 卫生间E / 13.77平米 / 无 / 普通窗 ; 卫生间F / 8.97平米 / 无 / 普通窗 ; 卫生间G / 4.24平米 / 无 / 无窗 ; 卫生间H / 22平米 / 无 / 普通窗 ; 卫生间I / 7.32平米 / 无 / 普通窗 ; 卫生间J / 7.96平米 / 无 / 普通窗 ; 阳台A / 128.84平米 / 西 北 南 / 普通窗 ; 阳台B / 7.03平米 / 无 / 普通窗 ; 阳台C / 6.78平米 / 无 / 普通窗 ; 阳台D / 7.12平米 / 无 / 普通窗 ; 阳台E / 8.19平米 / 无 / 普通窗 ; 阳台F / 8.72平米 / 无 / 普通窗 ; 阳台G / 8.01平米 / 无 / 普通窗 ; 花园 / 285.74平米 / 西 北 南 / 普通窗 ; 储物间A / 2.47平米 / 南 / 普通窗 ; 储物间B / 3.39平米 / 无 / 无窗 ; 储物间C / 3.35平米 / 无 / 无窗 ; 储物间D / 5.06平米 / 东 / 普通窗 ; 保姆间 / 6.74平米 / 南 / 普通窗 ; 车库A / 22.51平米 / 无 / 无窗 ; 车库B / 19.42平米 / 无 / 无窗 ; 电梯A / 4.89平米 / 无 / 无窗 ; 过道A / 27.13平米 / 无 / 无窗 ; 电梯B / 5.56平米 / 无 / 无窗 ; 过道B / 8.39平米 / 无 / 无窗 ; 电梯C / 5.25平米 / 无 / 无窗 ; 过道C / 8.64平米 / 无 / 无窗 ; 电梯D / 5.25平米 / 无 / 无窗 ; 过道D / 40.05平米 / 无 / 无窗 ; 过道E / 31.99平米 / 无 / 无窗 ; 衣帽间 / 6.36平米 / 无 / 无窗,
懿花园89平4房，多阳台，看花园，位置安静,"懿花园 , 观澜",4室2厅,89平米,北,,低楼层(共10层),2013年,板楼,358 万,40225 元,3,,,VR看装修,https://sz.lianjia.com/ershoufang/105120616132.html,VR看装修,懿花园89平4房，多阳台，看花园，位置安静,和黄懿花园也叫盈峰翠邸，由和记黄埔地产(深圳)有限公司开发，位于横坑水库。项目规划为地上建筑4-10层，地下2层，共59栋建筑(其中57栋住宅，2所幼儿园，及公建以地下室形式布置于地块南端)。 机动车位：600个；高层地库车位385个，多层地库车位200个。,商场天虹商场观澜湖新城观澜人民医院邮局平安银行建设银行浦发银行工商银行农业银行其他樟坑径市场观澜高尔夫球会山水田园,公交线路：公交（宝安高新科技园、观澜高新科技园）794、627、663、668、866，517.264.921路等 高速公路：机荷高速公路、梅观高速公路。有轨电车高新区站距离小区300米。,,,暂无数据,2025-05-04,商品房,普通住宅,暂无数据,非共有,无抵押,挂牌时间:2025-05-04 | 交易权属:商品房 | 上次交易:暂无数据 | 房屋用途:普通住宅 | 房屋年限:暂无数据 | 产权所属:非共有 | 抵押信息:无抵押 | 房本备件:未上传房本照片,,
装修豪3层别墅 前厅大院门口独立 停车方便,"观湖园 , 观澜",4室2厅,183.41平米,西南,精装,下叠(共4层),2012年,板楼,1370 万,74697 元,0,,,VR房源,https://sz.lianjia.com/ershoufang/105121437846.html,VR房源,满5年，户型实用，装修豪，小区中间位，环境优美。,观湖园项目位于龙华新区观澜镇，邻近梅观高速公路，在梅观高速观澜出口。小区占地面积：37.6、万平方米，东南亚园林景观设计。双拼跟独栋管理费是6.5平米，叠拼的管理费是4.9平米，小区安保严密，24小时巡逻监控,小区南门200米，有菜市场，商场能满足日常所需；距离观澜湖新城约5公 里，观澜湖新城是大型的 MALL，一系列品牌都已进驻，购物娱乐 都相当方便；距离观澜人民医院及伟光医院约6公里。,观湖园别墅小区邻近梅观高速公路，距离梅观高速观澜出口约1.5公里，去南山约33公里，罗湖约30公里，福田约28公里，交通如此便利的接轨市内生活圈。到观澜汽车站和观澜湖新城约五公里，观澜湖新城是大型的Shoig Mll，交通出行娱乐购物也是相当方便。,,,暂无数据,2025-07-14,商品房,别墅,暂无数据,非共有,有抵押,挂牌时间:2025-07-14 | 交易权属:商品房 | 上次交易:暂无数据 | 房屋用途:别墅 | 房屋年限:暂无数据 | 产权所属:非共有 | 抵押信息:有抵押 | 房本备件:未上传房本照片,,
满五唯一，看花园，税费少，使用面积高，一梯两户,"城建仁山智水花园一期 , 观澜",4室2厅,157.59平米,南 北,精装,高楼层(共25层),2015年,塔楼,970 万,61553 元,0,,,VR看装修,https://sz.lianjia.com/ershoufang/105121997728.html,VR看装修,此房满五唯一，税费少，南北通透,仁山智水由深圳市城市建设开发公司开发，小区占地近20 0000平方米，总建筑面积为557584.63㎡，住宅282053.6㎡，商铺5860㎡，幼儿园3500.08㎡，建筑主体包括95栋住宅楼，其中有83栋低多层住宅及8栋高层和4栋高层，住宅共1445户，车位3158个,平安医院（6-800米百度地图测距）社区健康服务购物商场楼下保地利百货，天虹（2400米百度地图测距），22号线观湖站300米在建中,公交（观澜高新园站）M517、M264、313、E4路等，出小区约100有轨电车站台（电车接驳地铁4号线清湖地铁口），高速公路：机荷高速公路、梅观高速公路，交通方便，22号线观湖站300米在建中,,,暂无数据,2025-09-02,商品房,普通住宅,暂无数据,非共有,有抵押 100万元 农村商业银行 业主自还,挂牌时间:2025-09-02 | 交易权属:商品房 | 上次交易:暂无数据 | 房屋用途:普通住宅 | 房屋年限:暂无数据 | 产权所属:非共有 | 抵押信息:有抵押 100万元 农村商业银行 业主自还 | 房本备件:未上传房本照片,,
户型房子，采光通风好房子，交通便利,"中航格澜郡阳光花园 , 观澜",3室2厅,110.32平米,南 东北,精装,高楼层(共10层),2006年,,476 万,43148 元,2,,,VR看装修 | 随时看房,https://sz.lianjia.com/ershoufang/105118776394.html,VR看装修 | 随时看房,户型房子，采光通风好房子，交通便利，配套齐全，周围商圈成熟,,周围有观澜世纪广场，观澜河湿地走廊，观澜天虹商场，格澜郡步行街，福城天虹商场，格兰云天酒店龙华区政府。,有轨电车世纪广场站地铁茜坑站，公交车，观澜天虹站格澜郡站，沈海高速龙华北入口梅观高速观澜入口,,,暂无数据,2024-11-01,商品房,普通住宅,暂无数据,非共有,有抵押 100万元 100 客户偿还,挂牌时间:2024-11-01 | 交易权属:商品房 | 上次交易:暂无数据 | 房屋用途:普通住宅 | 房屋年限:暂无数据 | 产权所属:非共有 | 抵押信息:有抵押 100万元 100 客户偿还 | 房本备件:未上传房本照片,客厅 / 30.73平米 / 无 / 未知窗户类型 ; 卧室A / 8.63平米 / 无 / 未知窗户类型 ; 卧室B / 19.8平米 / 无 / 未知窗户类型 ; 卧室C / 10.18平米 / 无 / 未知窗户类型 ; 厨房 / 5.42平米 / 东 / 普通窗 ; 卫生间A / 5.52平米 / 东 / 普通窗 ; 卫生间B / 6.14平米 / 西 南 / 落地窗 ; 阳台 / 2.99平米 / 北 东 南 / 普通窗 ; 过道 / 2.49平米 / 无 / 无窗 ; 门厅 / 5.2平米 / 西 / 落地窗,
四号线观澜站，诚心出售，看房方便,"深业泰然观澜玫瑰苑 , 观澜",1室1厅,38.59平米,南,精装,高楼层(共24层),2016年,板塔结合,86.8 万,22493 元,1,,,近地铁,https://sz.lianjia.com/ershoufang/105120022044.html,地铁,此房满五唯一，高楼层，南向看公园，位置安静，装修保养好,小区为综合体以空中花园为分开，与商场由深圳市国惠康国泰房地产开发有限公司开发深业泰然集团有限公司控股成立于1985年的深圳市属国有企业注册资金8亿元旗下拥有9家控股企业、2家参股企业资历雄厚,兴万达广场百佳华广场场可以满足逛街需求，5公里内有观澜湖新城购物广场衣食玩乐一一满足购物happy的天堂在走远一些是景区山水田园跟亚洲大大的高尔夫球会另有观澜版画村基地,"小区门距离有轨轨电车-新澜站100米,地铁4号线观澜站。楼下就是公交站吉盛酒店大公交站台，另外5公里上龙观快速，3公里上珠三角环线高速，各种交通设施配套齐全，出行便利。",,,暂无数据,2025-03-12,商品房,商业办公类,暂无数据,非共有,无抵押,挂牌时间:2025-03-12 | 交易权属:商品房 | 上次交易:暂无数据 | 房屋用途:商业办公类 | 房屋年限:暂无数据 | 产权所属:非共有 | 抵押信息:无抵押 | 房本备件:未上传房本照片,,
长湖地铁站，高层业主诚意卖，密码看房方便,"万科启城 , 观澜",3室2厅,101.7平米,南,精装,中楼层(共48层),2022年,板塔结合,491 万,48280 元,0,,,近地铁 | VR房源,https://sz.lianjia.com/ershoufang/105118537259.html,地铁 | VR房源,高楼层，采光很好，视野开阔，业主急卖,,,"交通方便，出门800米就到地铁站长湖站，门口就是公交站，E36，M545,450,8分可以上梅观高速",,,暂无数据,2024-10-09,商品房,普通住宅,暂无数据,非共有,无抵押,挂牌时间:2024-10-09 | 交易权属:商品房 | 上次交易:暂无数据 | 房屋用途:普通住宅 | 房屋年限:暂无数据 | 产权所属:非共有 | 抵押信息:无抵押 | 房本备件:未上传房本照片,客厅 / 22.04平米 / 南 / 普通窗 ; 卧室A / 8.68平米 / 南 / 普通窗 ; 卧室B / 12.41平米 / 无 / 未知窗户类型 ; 卧室C / 6.77平米 / 无 / 未知窗户类型 ; 厨房 / 3.62平米 / 东 / 普通窗 ; 卫生间A / 3.34平米 / 东 / 普通窗 ; 卫生间B / 6.7平米 / 北 / 落地窗 ; 阳台 / 7.5平米 / 南 / 普通窗 ; 过道 / 4.23平米 / 无 / 无窗,
朝南户型，采光好，视野开阔，小区中间，高层看小区,"万科启城 , 观澜",3室2厅,80.96平米,南,精装,高楼层(共48层),2022年,板塔结合,426 万,52619 元,0,,,近地铁 | VR看装修,https://sz.lianjia.com/ershoufang/105118506161.html,地铁 | VR看装修,正朝南户型，采光好，视野开阔，小区中间,,,"交通方便，出门800米就到地铁站长湖站，门口就是公交站，E36，M545,450,8分可以上梅观高速",,,暂无数据,2024-10-06,商品房,普通住宅,暂无数据,非共有,有抵押 231万元 . 业主自还,挂牌时间:2024-10-06 | 交易权属:商品房 | 上次交易:暂无数据 | 房屋用途:普通住宅 | 房屋年限:暂无数据 | 产权所属:非共有 | 抵押信息:有抵押 231万元 . 业主自还 | 房本备件:未上传房本照片,客厅 / 18.86平米 / 西南 / 普通窗 ; 卧室A / 5.57平米 / 西南 / 普通窗 ; 卧室B / 10.27平米 / 无 / 未知窗户类型 ; 卧室C / 6.15平米 / 无 / 未知窗户类型 ; 厨房 / 3.9平米 / 东南 / 普通窗 ; 卫生间 / 6.68平米 / 东北 / 落地窗 ; 阳台 / 6.66平米 / 西南 / 普通窗 ; 过道 / 3.39平米 / 无 / 无窗,
福安雅园 2室2厅 南,"福安雅园 , 观澜",2室2厅,68.6平米,南,精装,低楼层(共34层),,,210 万,30613 元,0,,,VR房源,https://sz.lianjia.com/ershoufang/105121345487.html,VR房源,,,,,,,暂无数据,2025-07-05,商品房,普通住宅,暂无数据,非共有,无抵押,挂牌时间:2025-07-05 | 交易权属:商品房 | 上次交易:暂无数据 | 房屋用途:普通住宅 | 房屋年限:暂无数据 | 产权所属:非共有 | 抵押信息:无抵押 | 房本备件:未上传房本照片,客厅 / 21.34平米 / 无 / 无窗 ; 卧室A / 8.76平米 / 无 / 未知窗户类型 ; 卧室B / 11.42平米 / 无 / 未知窗户类型 ; 厨房 / 4.11平米 / 无 / 无窗 ; 卫生间 / 2.61平米 / 无 / 无窗 ; 储A / 2.84平米 / 无 / 落地窗 ; 储物间B / 4.26平米 / 无 / 普通窗,
"业主诚心出售看房预约即可    .,业主诚心出售","观澜湖 , 观澜",3室1厅,186平米,东南,精装,中楼层(共5层),2007年,板楼,700 万,37635 元,1,,,VR房源,https://sz.lianjia.com/ershoufang/105121438065.html,VR房源,观澜湖精装修住宅一线高尔夫景观满五年保养好,"观澜湖已经形成国际高尔夫别墅住区，把背景相同、事业有成的人士聚集在一起，创	
造出生活与事业的平台。在10多平方公里的绿色王国上，建筑覆盖率不到1%，属于纯粹的高尔夫球场中/央物业，完全被球道环/绕，从住宅的任何一个角度，都可以观赏到绿色的景观。","小区南门50亿观澜湖新城，观澜湖生态体育公园，观澜天虹商场，兴万达商场等，龙	
华人民医/院，塘厦人民医/院，小区内有会所/游泳池/健身房/高尔夫业主练习场/穿梭巴士等免费使用。
交通出行	园区内有免费巴士接，多条公交直达，",,,,暂无数据,2025-07-14,商品房,普通住宅,暂无数据,非共有,有抵押,挂牌时间:2025-07-14 | 交易权属:商品房 | 上次交易:暂无数据 | 房屋用途:普通住宅 | 房屋年限:暂无数据 | 产权所属:非共有 | 抵押信息:有抵押 | 房本备件:未上传房本照片,,
近地铁高楼层，南向卧室，振能旁三房两厅,"奥宸观壹城 , 观澜",3室2厅,89.15平米,西南,简装,高楼层(共34层),2015年,板塔结合,328 万,36792 元,2,,,近地铁 | VR看装修,https://sz.lianjia.com/ershoufang/105114829452.html,地铁 | VR看装修,满五唯一，中高楼层，通风采光好，精装修保养好,小区500米就是四号线松元厦地铁口，旁边G94，交通方便，出行便利 （2）楼下有自带商 业，1公里内观澜湖新城，百佳华商场，兴万达，民乐福等大型商场 （3）小区花园绿化高，居住环境高，适宜居家,,观壹城地处观澜观平路振能学，校旁边，门口有公交站，两站可以到达观澜汽车站。600米内有场市场，购物市场等，居住上班带上学都是比较方便,,,暂无数据,2023-09-17,商品房,普通住宅,暂无数据,非共有,无抵押,挂牌时间:2023-09-17 | 交易权属:商品房 | 上次交易:暂无数据 | 房屋用途:普通住宅 | 房屋年限:暂无数据 | 产权所属:非共有 | 抵押信息:无抵押 | 房本备件:未上传房本照片,客厅 / 28.06平米 / 西南 / 普通窗 ; 卧室A / 11.94平米 / 无 / 未知窗户类型 ; 卧室B / 7.98平米 / 无 / 未知窗户类型 ; 卧室C / 8.94平米 / 西北 / 落地窗 ; 厨房 / 4.25平米 / 西北 / 普通窗 ; 卫生间A / 3.67平米 / 西南 / 普通窗 ; 卫生间B / 2.84平米 / 西北 / 普通窗 ; 阳台 / 4.5平米 / 西南 / 普通窗 ; 过道 / 1.84平米 / 无 / 无窗,
精装大四房，户型方正，业主自住，看房方便，诚心出售,"招商观园 , 观澜",4室2厅,140.08平米,南 北,,中楼层(共18层),2012年,塔楼,530 万,37836 元,2,,,VR房源 | 房本满五年,https://sz.lianjia.com/ershoufang/105120543315.html,VR房源 | 房本满五年,房子朝南，户型方正，采光通风佳，业主诚心卖,招商观园地块位于深圳市宝安区观澜街道环观南路北侧，与观澜高新技术园区隔路相望，邻进梅观高速、机荷高速，占地147595.156平方米,本小区靠着横坑水库，环境优雅安静靠山靠水，小区人车分流，小区物业管理严格，小区自带健身器材、小孩玩乐区，恒温游泳池，不出小区老人小孩有健身游玩之处，适合家有老人和小孩的家庭，真正做到入则宁静，移步繁华,公交线路：公交（观澜高新园站）M567、M264、313、E4路等，出小区约100有轨电车站台（电车接驳地铁4号线清湖地铁口），高速公路：机荷高速公路、梅观高速公路，交通方便。,,,2011-07-23,2025-04-27,商品房,普通住宅,满五年,非共有,有抵押 业主自还,挂牌时间:2025-04-27 | 交易权属:商品房 | 上次交易:2011-07-23 | 房屋用途:普通住宅 | 房屋年限:满五年 | 产权所属:非共有 | 抵押信息:有抵押 业主自还 | 房本备件:已上传房本照片,客厅 / 33.63平米 / 无 / 未知窗户类型 ; 卧室A / 8.03平米 / 北 / 落地窗 ; 卧室B / 18.64平米 / 无 / 未知窗户类型 ; 卧室C / 14平米 / 南 / 落地窗 ; 卧室D / 11.31平米 / 无 / 未知窗户类型 ; 厨房 / 6.62平米 / 南 / 普通窗 ; 卫生间A / 6.16平米 / 无 / 未知窗户类型 ; 卫生间B / 6.75平米 / 南 / 普通窗 ; 阳台 / 4.98平米 / 西 东 南 / 落地窗 ; 储物间 / 8.52平米 / 西 / 落地窗 ; 过道 / 7.12平米 / 无 / 无窗,
观澜严选 阳基御龙山84平三房满五唯一省税费,"阳基御龙山 , 观澜",3室1厅,86平米,南,精装,31层,2018年,板塔结合,378 万,43954 元,0,,,VR房源 | 随时看房,https://sz.lianjia.com/ershoufang/105121677299.html,VR房源 | 随时看房,满五年家庭 唯一住房  高楼层 采光好 税费少 价格好,封闭式花园社区，绿化高，居住氛围纯粹，物业管理规范，生活配套成熟。,,,,,暂无数据,2025-08-04,商品房,普通住宅,暂无数据,非共有,有抵押 300万元,挂牌时间:2025-08-04 | 交易权属:商品房 | 上次交易:暂无数据 | 房屋用途:普通住宅 | 房屋年限:暂无数据 | 产权所属:非共有 | 抵押信息:有抵押 300万元 | 房本备件:未上传房本照片,客厅 / 28.6平米 / 南 / 普通窗 ; 卧室A / 5.55平米 / 西 / 普通窗 ; 卧室B / 7.92平米 / 西 / 普通窗 ; 卧室C / 14.35平米 / 南 / 普通窗 ; 厨房 / 4.77平米 / 西 / 普通窗 ; 卫 / 1.8平米 / 北 / 普通窗 ; 阳台 / 4.59平米 / 南 / 普通窗 ; 储物间 / 3.25平米 / 西 / 普通窗,
正对水库风景房 户型方正 精装两房两厅,"招商锦绣观园 , 观澜",2室2厅,64.26平米,西 西北,,中楼层(共28层),2014年,塔楼,200 万,31124 元,0,,,VR房源,https://sz.lianjia.com/ershoufang/105121860429.html,VR房源,看水库，安静，楼层适中，视野宽阔，采光充足，配套设施齐全。,,出小区大门就是龙华环城绿道入口、茜坑水库，两公里内有行知书包、天虹商场、茜坑地铁、茜坑露营广场,小区有公交总站接驳到地铁口，出小区大门就上龙澜快速干道，转福龙路到市区半小时可达，到高速口三公里即可,,,暂无数据,2025-08-21,商品房,普通住宅,暂无数据,共有,无抵押,挂牌时间:2025-08-21 | 交易权属:商品房 | 上次交易:暂无数据 | 房屋用途:普通住宅 | 房屋年限:暂无数据 | 产权所属:共有 | 抵押信息:无抵押 | 房本备件:未上传房本照片,客厅 / 20.88平米 / 北 / 普通窗 ; 卧室A / 8.46平米 / 北 / 普通窗 ; 卧室B / 6.26平米 / 东 / 普通窗 ; 厨房 / 4.57平米 / 无 / 普通窗 ; 卫 / 2平米 / 东 / 普通窗 ; 阳台A / 3.68平米 / 北 / 普通窗 ; 阳台B / 1.97平米 / 北 / 普通窗,
复式公寓，环境好，配套齐全，拎包入住,"美佳华首誉 , 观澜",4室2厅,90平米,南,精装,低楼层(共28层),2013年,板塔结合,293 万,32556 元,2,,,近地铁 | VR房源,https://sz.lianjia.com/ershoufang/105120802175.html,地铁 | VR房源,四号线茜坑地 铁旁70年产权民水民电通燃气带阳台的复式公寓,美佳华首誉是集住宅、商务公寓一体的城市综合体。梅观快速、清平高速等，地铁4号线茜坑站200米左右 与深圳首条轻轨线交汇观澜站,小区为观澜首创的一站式的集中体，包括：购物、餐饮、休闲、娱乐等多种业态小区，出门合正一二三期 未来有品牌商家进驻，已确定品牌主力店福城天虹、KFC、美佳华儿童乐园等品牌，未来会有影院、餐饮、娱乐等基本配套。苏宁电器、面点王、拾味馆、芳都酒..,地铁4号线上盖茜坑站出口200米左右，目前公交线路有10余路，出行方便,,,暂无数据,2025-05-21,商品房,商务公寓,暂无数据,非共有,无抵押,挂牌时间:2025-05-21 | 交易权属:商品房 | 上次交易:暂无数据 | 房屋用途:商务公寓 | 房屋年限:暂无数据 | 产权所属:非共有 | 抵押信息:无抵押 | 房本备件:未上传房本照片,,
下叠三层，精装4房，保养好，南北向，实用高，位置佳,"观湖园 , 观澜",4室2厅,157.21平米,南,,下叠(共4层),2012年,板楼,800 万,50888 元,3,,,VR房源,https://sz.lianjia.com/ershoufang/105114952535.html,VR房源,下叠三层，精装4房，保养好，南北向，实用高，位置佳,项目位于宝安区观澜镇，邻近梅观高速公路；项目占地约376000平方米，总建筑面积约165000平方米， 地块拥有两个人工湖泊约40000平方米，山峦连绵，清新自然。建筑为现代风格，园林 为东南亚风格。,距离观澜湖新城约5公里，观澜湖新城是大型的商场，一系列品牌都有进驻新城，购物娱乐都相当方便。距离观澜人民医院及伟光医院约6公里。小区到库坑小.學约1公里,观湖园别墅小区邻近梅观高速公路，距离梅观高速观澜出口约1.5公里，去南山约33公里，罗湖约30公里，福田约28公里，交通如此便利的接轨市内生活圈。到观澜汽车站和观澜湖新城约五公里，观澜湖新城是大型的Shopping Mall，交通出行娱乐购物也是相当方便,,,暂无数据,2023-10-03,商品房,别墅,暂无数据,非共有,有抵押,挂牌时间:2023-10-03 | 交易权属:商品房 | 上次交易:暂无数据 | 房屋用途:别墅 | 房屋年限:暂无数据 | 产权所属:非共有 | 抵押信息:有抵押 | 房本备件:未上传房本照片,客厅 / 48.08平米 / 无 / 无窗 ; 卧室A / 12.73平米 / 无 / 普通窗 ; 卧室B / 15.33平米 / 无 / 未知窗户类型 ; 卧室C / 28.51平米 / 北 / 落地窗 ; 厨房 / 9.73平米 / 无 / 无窗 ; 卫生间A / 3.67平米 / 无 / 无窗 ; 卫生间B / 3.53平米 / 无 / 普通窗 ; 卫生间C / 4.8平米 / 无 / 未知窗户类型 ; 卫生间D / 6.16平米 / 北 / 普通窗 ; 阳台A / 9.89平米 / 无 / 普通窗 ; 阳台B / 3.82平米 / 北 / 落地窗 ; 阳台C / 7.86平米 / 西 北 东 / 普通窗 ; 储物间A / 9.28平米 / 无 / 无窗 ; 储物间B / 9.68平米 / 无 / 无窗 ; 储物间C / 6.03平米 / 无 / 无窗 ; 储物间D / 10.01平米 / 无 / 无窗 ; 储物间E / 4.95平米 / 无 / 无窗 ; 地下室 / 56.13平米 / 无 / 普通窗 ; 过道 / 12.29平米 / 无 / 无窗 ; 衣帽间 / 4.52平米 / 无 / 无窗,
满五唯一，顶楼景观，双地铁便利，业主自住,"中航格澜郡阳光花园 , 观澜",5室2厅,195.11平米,东南,精装,高楼层(共9层),2006年,,710 万,36390 元,10,,,VR房源,https://sz.lianjia.com/ershoufang/105117952196.html,VR房源,满五唯一，税费少，精装复式，业主自住，随时看房,中航格澜郡位于深圳龙华区观湖街道，东临龙华大道，西临沿河路，南起环观南路，北至求知路。其北面即为观澜世纪广场与文化艺术场所，与龙华区区委办仅一河之隔，可谓是尊贵地段，尽享龙华政治、文化、商 业的优势。整个小区为苏格兰风情大社区,综合商场：天虹商场、福城天虹、民乐福购物场所 医院：观澜人民医院 邮局：观澜邮局 银行：农业银行，浦发银行，建设银行，中国工商银行 其他：文化艺术场所、体育活动场所,"有轨电车世纪广场站，大和站，地铁四号线茜坑站，竹村站，中航格澜郡公交站的有B652路、B693路、M264路等6条公交线路.公交站分别是大和路口(157米),安佳工业园(193米),观澜天虹商场(419米),富士施乐(470米),格兰云天酒店(569米)等。出行更加方便",,,暂无数据,2024-08-14,商品房,普通住宅,暂无数据,非共有,有抵押 200万元 建设银行 业主自还,挂牌时间:2024-08-14 | 交易权属:商品房 | 上次交易:暂无数据 | 房屋用途:普通住宅 | 房屋年限:暂无数据 | 产权所属:非共有 | 抵押信息:有抵押 200万元 建设银行 业主自还 | 房本备件:未上传房本照片,客厅 / 18.54平米 / 南 / 普通窗 ; 餐厅 / 18.45平米 / 北 东 / 落地窗 ; 卧室A / 17.47平米 / 无 / 未知窗户类型 ; 卧室B / 10.69平米 / 无 / 未知窗户类型 ; 卧室C / 14.46平米 / 无 / 未知窗户类型 ; 卧室D / 8.65平米 / 无 / 普通窗 ; 卧室E / 9.52平米 / 无 / 普通窗 ; 厨房 / 8.09平米 / 无 / 无窗 ; 卫生间A / 4.31平米 / 北 / 普通窗 ; 卫生间B / 2.63平米 / 西 / 普通窗 ; 卫生间C / 5.09平米 / 无 / 普通窗 ; 阳台A / 5.22平米 / 西 南 / 普通窗 ; 阳台B / 23.08平米 / 无 / 普通窗 ; 储 / 1.84平米 / 无 / 无窗 ; 过道 / 14.96平米 / 无 / 无窗 ; 过道A / 12.16平米 / 无 / 无窗 ; 电梯B / 2.09平米 / 无 / 无窗 ; 衣帽间 / 3.39平米 / 无 / 无窗,
低密度，居住舒适，横坑水库，绿道，有山有水,"懿花园 , 观澜",4室1厅,183.9平米,南,,1层,2012年,板楼,990 万,53834 元,0,,,VR房源,https://sz.lianjia.com/ershoufang/105119839666.html,VR房源,配套设施齐全，交通平便利，低密度，拎包入住,和黄懿花园也叫盈峰翠邸，由和记黄埔地产(深圳)有限公司开发，位于横坑水库。项目规划为地上建筑4-10层，地下2层，共59栋建筑(其中57栋住宅，2所幼儿园，及公建以地下室形式布置于地块南端)。 机动车位：600个；高层地库车位385个，多层地库车位200个,,公交线路：公交（宝安高新科技园、观澜高新科技园）794、627、663、668、866路等，出小区就是有轨电车站台，高速公路：机荷高速公路、梅观高速公路，交通方便。,,,暂无数据,2025-02-26,商品房,别墅,暂无数据,非共有,有抵押,挂牌时间:2025-02-26 | 交易权属:商品房 | 上次交易:暂无数据 | 房屋用途:别墅 | 房屋年限:暂无数据 | 产权所属:非共有 | 抵押信息:有抵押 | 房本备件:未上传房本照片,客厅 / 46.87平米 / 无 / 普通窗 ; 卧室A / 16.01平米 / 无 / 未知窗户类型 ; 卧室B / 20.58平米 / 无 / 落地窗 ; 卧室C / 12.06平米 / 无 / 普通窗 ; 卧室D / 24.41平米 / 无 / 普通窗 ; 厨房 / 7.69平米 / 无 / 普通窗 ; 卫A / 2.18平米 / 无 / 普通窗 ; 卫生间B / 4.09平米 / 无 / 普通窗 ; 卫生间C / 4.94平米 / 无 / 普通窗 ; 卫生间D / 4.04平米 / 无 / 普通窗 ; 卫生间E / 7.94平米 / 无 / 无窗 ; 阳台A / 6.63平米 / 无 / 普通窗 ; 阳台B / 2.28平米 / 无 / 普通窗 ; 露台 / 23.33平米 / 无 / 普通窗 ; 储物间A / 6.2平米 / 无 / 无窗 ; 地下室 / 55.99平米 / 无 / 落地窗 ; 过道A / 7.6平米 / 无 / 无窗 ; 过道B / 7.87平米 / 无 / 无窗 ; 过道C / 3.99平米 / 无 / 无窗 ; 衣帽间 / 4.91平米 / 无 / 无窗,
地铁口4号线长湖站满二唯一得房高通透户型,"华盛观荟名庭 , 观澜",5室2厅,141.72平米,南,精装,中楼层(共32层),2018年,板塔结合,668 万,47136 元,1,,,近地铁 | VR看装修 | 随时看房,https://sz.lianjia.com/ershoufang/105118573455.html,地铁 | VR看装修 | 随时看房,地铁口4号线长湖站满二唯一得房高通透户型,深圳市华盛智地房地产开发有限公司，物业：深圳市金地物业管理有限公司，小区24小时安保巡逻，小区内部配套：儿童游乐场，健身活动区，小区园林，游泳池。,小区楼下观荟里墒业街，为盛抄市，医院：龙华中芯医院，深圳伟光医院，广东医学院附属观澜医院，其他：观澜人民公园，九龙山，九龙山体育公园，观澜河,,,,2022-02-28,2024-10-13,商品房,普通住宅,暂无数据,非共有,有抵押 550万元 光大银行 金融公司垫资,挂牌时间:2024-10-13 | 交易权属:商品房 | 上次交易:2022-02-28 | 房屋用途:普通住宅 | 房屋年限:暂无数据 | 产权所属:非共有 | 抵押信息:有抵押 550万元 光大银行 金融公司垫资 | 房本备件:已上传房本照片,,
四号线茜坑地铁70年产权民水电带燃气阳台的复式公寓,"美佳华首誉 , 观澜",2室2厅,68.22平米,南,精装,中楼层(共28层),2013年,板塔结合,199 万,29171 元,0,,,近地铁 | VR房源,https://sz.lianjia.com/ershoufang/105119773405.html,地铁 | VR房源,四号线茜坑地 铁旁70年产权民水民电通燃气带阳台的复式公寓,美佳华首誉是集住宅、商务公寓一体的城市综合体。梅观快速、清平高速等，地铁4号线茜坑站200米左右 与深圳首条轻轨线交汇观澜站,小区为观澜首创的一站式的集中体，包括：购物、餐饮、休闲、娱乐等多种业态小区，出门合正一二三期 未来有品牌商家进驻，已确定品牌主力店福城天虹、KFC、美佳华儿童乐园等品牌，未来会有影院、餐饮、娱乐等基本配套。苏宁电器、面点王、拾味馆、芳都酒..,地铁4号线上盖茜坑站出口200米左右，目前公交线路有10余路，出行方便,,,暂无数据,2025-02-21,商品房,商务公寓,暂无数据,非共有,有抵押,挂牌时间:2025-02-21 | 交易权属:商品房 | 上次交易:暂无数据 | 房屋用途:商务公寓 | 房屋年限:暂无数据 | 产权所属:非共有 | 抵押信息:有抵押 | 房本备件:未上传房本照片,,
精装三房，位置好，户型使用率高，业主诚意出售,"招商观园 , 观澜",3室2厅,85.76平米,南,精装,低楼层(共18层),2012年,塔楼,295 万,34399 元,1,,,VR房源,https://sz.lianjia.com/ershoufang/105116946257.html,VR房源,此房产权满五年 红本 不唯一 中间楼层 采光好 视野无遮挡 诚售,招商观园地块位于深圳市宝安区观澜街道环观南路北侧，与观澜高新技术园区隔路相望，邻进梅观高速、机荷高速，占地147595.156平方米，招商观园2期将近期推出全新升级力作中.央园林湖景单位，主力产品为140-180㎡大户型和少量90,,,,,2025-03-28,2024-05-10,商品房,普通住宅,未满两年,非共有,无抵押,挂牌时间:2024-05-10 | 交易权属:商品房 | 上次交易:2025-03-28 | 房屋用途:普通住宅 | 房屋年限:未满两年 | 产权所属:非共有 | 抵押信息:无抵押 | 房本备件:已上传房本照片,客厅 / 20.09平米 / 无 / 未知窗户类型 ; 卧室A / 5.51平米 / 无 / 未知窗户类型 ; 卧室B / 14.36平米 / 无 / 未知窗户类型 ; 卧室C / 14.39平米 / 南 / 普通窗 ; 厨房 / 3.96平米 / 北 / 落地窗 ; 卫生间 / 3.27平米 / 北 南 / 普通窗 ; 阳台 / 5.52平米 / 西 东 南 / 普通窗 ; 过道 / 11.8平米 / 无 / 无窗,
业主自住顶楼复式诚心出售，房子满五唯一，红本在手,"中航格澜郡阳光花园 , 观澜",5室2厅,221.81平米,南,精装,高楼层(共10层),2006年,,880 万,39674 元,2,,,VR房源,https://sz.lianjia.com/ershoufang/105114266347.html,VR房源,顶楼复式，使用率高，满五唯一，红本在手，房子品质高,中航格澜郡位于深圳龙华新区观澜，东临大和路，西临沿河路，南起环观南路，北至工业大道。其北面即为观澜世纪广场与文化艺术场所，与观澜街道办仅一河之隔，可谓是尊贵地段，尽享观澜政治、文化、商 业的优势。整个小区为苏格兰风情大社区。,综合商场：天虹商场、福城天虹、民乐福购物场所 医院：观澜人民医院 邮局：观澜邮局 银行：农业银行，浦发银行，建设银行，中国工商银行 其他：文化艺术场所、体育活动场所。,"深圳中航格澜郡公交站，途径中航格澜郡公交站的有B652路、B693路、M264路等6条公交线路.深圳中航格澜郡有7个公交站,分别是大和路口(157米),安佳工业园(193米),观澜天虹商场(419米),富士施乐(470米),格兰云天酒店(569米)等。另轻轨已经开通，出行更加方便。",,,暂无数据,2023-07-17,商品房,普通住宅,暂无数据,非共有,无抵押,挂牌时间:2023-07-17 | 交易权属:商品房 | 上次交易:暂无数据 | 房屋用途:普通住宅 | 房屋年限:暂无数据 | 产权所属:非共有 | 抵押信息:无抵押 | 房本备件:未上传房本照片,客厅 / 56.17平米 / 北 南 / 普通窗 ; 卧室A / 10.25平米 / 无 / 未知窗户类型 ; 卧室B / 18.98平米 / 无 / 未知窗户类型 ; 卧室C / 17.56平米 / 南 / 落地窗 ; 卧室D / 8.28平米 / 无 / 无窗 ; 厨房 / 6.48平米 / 北 / 普通窗 ; 卫A / 2.94平米 / 北 / 普通窗 ; 卫生间B / 4.07平米 / 南 / 普通窗 ; 卫生间C / 8.21平米 / 北 南 / 普通窗 ; 卫生间D / 2.71平米 / 无 / 无窗 ; 阳台A / 5.51平米 / 西 北 / 普通窗 ; 阳台B / 5.83平米 / 西 东 南 / 普通窗 ; 阳台C / 12.23平米 / 西 北 / 普通窗 ; 储 / 1.78平米 / 西 北 东 / 普通窗 ; 阁楼 / 64.16平米 / 北 / 普通窗 ; 过道 / 38.94平米 / 北 / 普通窗,
城建仁山智水花园一期 4室1厅 西南,"城建仁山智水花园一期 , 观澜",4室1厅,144.17平米,西南,精装,中楼层(共25层),2013年,塔楼,820 万,56878 元,0,,,VR房源,https://sz.lianjia.com/ershoufang/105120821911.html,VR房源,,,,,,,暂无数据,2025-05-22,商品房,普通住宅,暂无数据,非共有,有抵押 500万元 招商银行 业主自还,挂牌时间:2025-05-22 | 交易权属:商品房 | 上次交易:暂无数据 | 房屋用途:普通住宅 | 房屋年限:暂无数据 | 产权所属:非共有 | 抵押信息:有抵押 500万元 招商银行 业主自还 | 房本备件:未上传房本照片,客厅 / 35.01平米 / 西北 东南 / 普通窗 ; 卧室A / 14.89平米 / 无 / 未知窗户类型 ; 卧室B / 10.05平米 / 无 / 未知窗户类型 ; 卧室C / 14.77平米 / 无 / 未知窗户类型 ; 卧室D / 16.01平米 / 西北 / 落地窗 ; 厨房 / 10.04平米 / 东南 / 普通窗 ; 卫生间A / 5.76平米 / 西北 / 普通窗 ; 卫生间B / 6.05平米 / 西北 / 普通窗 ; 阳台A / 5.93平米 / 东南 / 普通窗 ; 阳台B / 7.89平米 / 西南 西北 东北 / 普通窗 ; 过道A / 4.61平米 / 无 / 无窗 ; 过道B / 5.52平米 / 无 / 无窗 ; 衣帽间 / 3.69平米 / 无 / 无窗,
完善配套，近地铁招商澜园，满五唯一，视野佳,"招商澜园 , 观澜",3室1厅,83.19平米,南 北,简装,低楼层(共25层),2010年,板塔结合,290 万,34860 元,8,,,近地铁 | VR看装修,https://sz.lianjia.com/ershoufang/105113460731.html,地铁 | VR看装修,中高楼层视野好，满五唯一，保养不错。,小区由招商局地产开发，国家一级物业资质的招商物业管理，小区部分为南北两区，由十三栋高层组成，低密度，是个纯居住的大社区，自带6000平的大花园，人车分流，很适合有老人和小孩的客户，小区自带幼儿园，有固定车位。,公建配套：观澜街道办 休闲区域：新世纪广场、观澜文化广场， 商场：设施天虹商场、比邻新天地，观澜河湿地公园距离小区近在咫尺。龙华区政府距离小区2公里，属于新区政府辐射范围内。项目：现聚集多家大品牌开发商在此拿地。如：万科 卓 越，阳基,小区门口就有公交站，途径的公交线众多，有轨电车在小区门口文澜站，直接到达清湖地铁口，竹村地铁口 800米，观澜大桥直接可以上机荷高速，多条公交线路到达罗湖，福田,,,暂无数据,2023-04-23,商品房,普通住宅,暂无数据,非共有,有抵押 100万元,挂牌时间:2023-04-23 | 交易权属:商品房 | 上次交易:暂无数据 | 房屋用途:普通住宅 | 房屋年限:暂无数据 | 产权所属:非共有 | 抵押信息:有抵押 100万元 | 房本备件:未上传房本照片,客厅 / 22.56平米 / 北 / 普通窗 ; 卧室A / 8.91平米 / 无 / 未知窗户类型 ; 卧室B / 10.12平米 / 无 / 未知窗户类型 ; 卧室C / 15.96平米 / 无 / 未知窗户类型 ; 厨房 / 7.47平米 / 北 / 普通窗 ; 卫生间 / 4.93平米 / 北 东 / 落地窗 ; 阳台 / 3.35平米 / 北 / 普通窗,
满五年，唯一住宅，税费底，精装修,"格澜郡二期 , 观澜",3室2厅,96.54平米,东南,,中楼层(共18层),2007年,板塔结合,385 万,39880 元,0,,8天以前发布,VR看装修,https://sz.lianjia.com/ershoufang/105122290040.html,VR看装修,满五税少、业主诚心出售、中间好楼层、使用率高,中航格澜郡位于深圳龙华新区观澜，东临大和路，西临沿河路，南起环观南路，北至工业大道。其北面即为观澜世纪广场与文化艺术场所，与观澜街道办仅一河之隔，可谓是尊贵地段，尽享观澜政治、文化、商 业的优势。整个小区为苏格兰风情大社区。,综合商场：天虹商场、福城天虹、民乐福购物场所 医院：观澜人民医院 邮局：观澜邮局 银行：农业银行，浦发银行，建设银行，中国工商银行 其他：文化艺术场所、体育活动场所,"深圳中航格澜郡公交站，途径中航格澜郡公交站的有B652路、B693路、M264路等6条公交线路.深圳中航格澜郡有7个公交站,分别是大和路口(157米),安佳工业园(193米),观澜天虹商场(419米),富士施乐(470米),格兰云天酒店(569米)等。另轻轨已经开通，出行更加方便。",,,暂无数据,2025-09-29,商品房,普通住宅,暂无数据,非共有,有抵押 95万元 金融公司垫资,挂牌时间:2025-09-29 | 交易权属:商品房 | 上次交易:暂无数据 | 房屋用途:普通住宅 | 房屋年限:暂无数据 | 产权所属:非共有 | 抵押信息:有抵押 95万元 金融公司垫资 | 房本备件:未上传房本照片,,
中间楼层南向 满五年税费少 自住装修,"招商观园 , 观澜",3室2厅,87.55平米,南,,低楼层(共18层),2012年,塔楼,335 万,38264 元,1,,,VR房源 | 随时看房,https://sz.lianjia.com/ershoufang/105121091824.html,VR房源 | 随时看房,中间楼层南向 满五年税费少 自住装修,招商观园位于龙华区观澜街道环观南路北侧(观澜高新科技园站旁），是由深圳招商房地产有限公司规划、开发的小区，规划面积147595平方米，建筑面积222221平方米，小区由别墅 多层 小高层组成，容 积率1.5，居住舒适,龙华医院（4600米百度地图测距龙华综合医院在建中3100米百度地图测距新科技园社区健康服务购物商场楼下佳又惠百货医院天虹（2400米百度地图测距）,,,,暂无数据,2025-06-15,商品房,普通住宅,暂无数据,非共有,有抵押 银行,挂牌时间:2025-06-15 | 交易权属:商品房 | 上次交易:暂无数据 | 房屋用途:普通住宅 | 房屋年限:暂无数据 | 产权所属:非共有 | 抵押信息:有抵押 银行 | 房本备件:未上传房本照片,客厅 / 30.4平米 / 北 / 普通窗 ; 卧室A / 6.55平米 / 北 / 落地窗 ; 卧室B / 10.51平米 / 无 / 未知窗户类型 ; 卧室C / 14.13平米 / 无 / 未知窗户类型 ; 厨房 / 5.39平米 / 北 / 普通窗 ; 卫生间 / 4.66平米 / 北 / 普通窗 ; 阳台A / 2.13平米 / 北 / 普通窗 ; 阳台B / 4.63平米 / 北 / 普通窗,
正南朝向，诚心出售，看房方便。,"懿花园 , 观澜",3室2厅,89平米,南,,中楼层(共10层),2013年,板楼,340 万,38203 元,3,,,VR房源 | 随时看房,https://sz.lianjia.com/ershoufang/105115149387.html,VR房源 | 随时看房,朝南房源，优质三房，看房方便，业主诚心。,和黄懿花园也叫盈峰翠邸，由和记黄埔地产(深圳)有限公司开发，位于横坑水库。项目规划为地上建筑4-10层，地下2层，共59栋建筑(其中57栋住宅，2所幼儿园，及公建以地下室形式布置于地块南端)。 机动车位：600个；高层地库车位385个，多层地库车位200个,,公交线路：公交（宝安高新科技园、观澜高新科技园）794、627、663、668、866，517.264.921路等 高速公路：机荷高速公路、梅观高速公路。有轨电车高新区站距离小区300米。出行便利,,,暂无数据,2023-10-25,商品房,普通住宅,暂无数据,非共有,无抵押,挂牌时间:2023-10-25 | 交易权属:商品房 | 上次交易:暂无数据 | 房屋用途:普通住宅 | 房屋年限:暂无数据 | 产权所属:非共有 | 抵押信息:无抵押 | 房本备件:未上传房本照片,客厅 / 23.99平米 / 无 / 未知窗户类型 ; 卧室A / 15.8平米 / 无 / 未知窗户类型 ; 卧室B / 6平米 / 无 / 普通窗 ; 卧室C / 6.62平米 / 无 / 未知窗户类型 ; 厨房 / 5.12平米 / 无 / 落地窗 ; 卫生间A / 3.47平米 / 无 / 普通窗 ; 卫生间B / 3.74平米 / 无 / 落地窗 ; 阳台A / 6.02平米 / 无 / 普通窗 ; 阳台B / 5.23平米 / 无 / 落地窗 ; 阳台C / 3.56平米 / 无 / 未知窗户类型 ; 过道 / 3.01平米 / 无 / 无窗,
奥宸方正大四房户型方正采光好 低于指导价出售,"奥宸观壹城 , 观澜",4室1厅,107.95平米,东南,,低楼层(共33层),2018年,板塔结合,384 万,35573 元,5,,,近地铁 | VR看装修 | 随时看房,https://sz.lianjia.com/ershoufang/105117605859.html,地铁 | VR看装修 | 随时看房,业主诚心出售 满五唯一 户型方正 看房方便,共3栋 12个单元；并且规划为具有70-130平米的住宅、40-80平米的公寓；楼下有菜市场；小区内布局合理；有2个人行主出入口，两个车库入口,离小区1.8公里观澜湖新城吃喝玩乐一体 离小区20米就是振能 小区自带幼儿园,距离小区800米左右地铁站4号线延长线松元厦站去往福田 区里小区200米左右公交车站M285路 321路去往火车站西广场 M361路去往龙华公交站 332路去往蛇口出行方便,,,暂无数据,2024-07-14,商品房,普通住宅,暂无数据,非共有,有抵押,挂牌时间:2024-07-14 | 交易权属:商品房 | 上次交易:暂无数据 | 房屋用途:普通住宅 | 房屋年限:暂无数据 | 产权所属:非共有 | 抵押信息:有抵押 | 房本备件:未上传房本照片,客厅 / 30.18平米 / 无 / 落地窗 ; 卧室A / 7.75平米 / 无 / 未知窗户类型 ; 卧室B / 12.14平米 / 无 / 未知窗户类型 ; 卧室C / 10.57平米 / 无 / 落地窗 ; 卧室D / 9.28平米 / 无 / 未知窗户类型 ; 厨房 / 4.19平米 / 无 / 普通窗 ; 卫生间A / 3.19平米 / 无 / 普通窗 ; 卫生间B / 3.47平米 / 无 / 普通窗 ; 阳台 / 4.83平米 / 无 / 普通窗 ; 储物间 / 3.44平米 / 无 / 无窗 ; 过道 / 2.06平米 / 无 / 无窗,
小户型 复试4.5层高 税费少看房方便,"奥宸观壹城 , 观澜",3室1厅,36.87平米,西南,精装,低楼层(共21层),2017年,板塔结合,100 万,27123 元,1,,,近地铁 | VR房源,https://sz.lianjia.com/ershoufang/105121947498.html,地铁 | VR房源,小户型 复试4.5层高 税费少看房方便,,离小区1.8公里观澜湖新城吃喝玩乐一体 离小区20米就是振能 小区自带幼儿园,距离小区800米左右地铁站4号线延长线松元厦站去往福田 区里小区200米左右公交车站M285路 321路去往火车站西广场 M361路去往龙华公交站 332路去往蛇口出行方便,,,暂无数据,2025-08-29,商品房,商务公寓,暂无数据,共有,无抵押,挂牌时间:2025-08-29 | 交易权属:商品房 | 上次交易:暂无数据 | 房屋用途:商务公寓 | 房屋年限:暂无数据 | 产权所属:共有 | 抵押信息:无抵押 | 房本备件:未上传房本照片,,
金地鹭湖1号 精装修 朝南看花园 位置安静 横厅3房,"金地鹭湖1号 , 观澜",3室1厅,88.29平米,南,,中楼层(共16层),2015年,塔楼,420 万,47571 元,0,,,VR看装修,https://sz.lianjia.com/ershoufang/105121602736.html,VR看装修,此房满五年唯一 业主自住装修 保养好 位置安静,金地鹭湖1号位于龙华区观澜街道梅观高速与环观南路交汇处;鹭湖国际住区，项目主打户型产品：建面89m三房。项目占地面积约 91197.68平方米，总建筑面积约164150平方米，。位处2000亿龙华行.政、科技、生态三中芯。,,多维立体城市千道;环观南路直通平湖，梅观高速直达福田，北通东莞，沈海高速连接深圳前海以及东部坪山以及惠州，潮汕。龙华有轨电车无缝接驳地铁4号线清湖站。另有22+18号双地铁口（规划）。,,,暂无数据,2025-07-29,商品房,普通住宅,暂无数据,非共有,无抵押,挂牌时间:2025-07-29 | 交易权属:商品房 | 上次交易:暂无数据 | 房屋用途:普通住宅 | 房屋年限:暂无数据 | 产权所属:非共有 | 抵押信息:无抵押 | 房本备件:未上传房本照片,,
大四房视野王，指导价以下急售，中森优质景观,"中森公园华府 , 观澜",4室2厅,126.04平米,南 北,精装,低楼层(共30层),2020年,板塔结合,380 万,30150 元,9,,,VR房源 | 房本满五年,https://sz.lianjia.com/ershoufang/105116460182.html,VR房源 | 房本满五年,此房满五唯一税费少，次新房，小区环境好，带公园，楼层好,开发商为深圳中森，是以房地产为产业的企业，主要以珠三角地区和成渝地区为发展区域。 在深圳有几个住宅地产项目，为人熟知的应该是科技园片区华润城邻居的英伦名苑1-3期，以及龙岗的中森双子座。,项目位于龙华区观澜板块，观湖街道的东南方位。所在区域是深圳中轴北的产业，南接坂田天安云谷、龙华宝能科技城，东连平湖金融与现代服务业基地，西临观澜高新产业园， 北为观澜传统制造业聚集地带。项目西侧约1.6公里处为鹭湖科技文化片区，,距有轨电车1公里，接驳地铁：中森白鸽湖老村，位于环观南路，项目距离龙华有轨电车2号线的终点站下围站约1公里步行距离（百度地图测量，仅供参考），通过有轨电车接入深圳地铁轨道交通网络，目前已在地铁4号线清湖站接通，待2020年底4号线北延段开通后..,,,2020-04-11,2024-03-24,商品房,普通住宅,满五年,非共有,有抵押 200万元,挂牌时间:2024-03-24 | 交易权属:商品房 | 上次交易:2020-04-11 | 房屋用途:普通住宅 | 房屋年限:满五年 | 产权所属:非共有 | 抵押信息:有抵押 200万元 | 房本备件:已上传房本照片,客厅 / 30.44平米 / 无 / 未知窗户类型 ; 卧室A / 10.56平米 / 无 / 未知窗户类型 ; 卧室B / 7.08平米 / 北 / 落地窗 ; 卧室C / 19.44平米 / 无 / 未知窗户类型 ; 卧室D / 10.85平米 / 无 / 未知窗户类型 ; 厨房 / 10.66平米 / 南 / 落地窗 ; 卫生间A / 3.37平米 / 北 / 落地窗 ; 卫生间B / 4.95平米 / 无 / 未知窗户类型 ; 阳台 / 6.03平米 / 东 南 / 落地窗 ; 过道 / 5.96平米 / 无 / 无窗 ; 衣帽间 / 3.77平米 / 无 / 无窗,
配套完善，拎包即住，民水民电燃气，佳华领域54㎡,"佳华领域广场 , 观澜",2室2厅,54.58平米,南,,低楼层(共28层),2017年,板塔结合,205 万,37560 元,0,,,近地铁 | VR房源 | 随时看房,https://sz.lianjia.com/ershoufang/105114744278.html,地铁 | VR房源 | 随时看房,70年产权公寓，民水民电，有阳台带燃气,2017年建成的花园式新小区，虽然是公寓，享受住宅小区的配套。户型方正，格局大方。,,地铁4号线观澜站，轻轨新澜总站。公交站台就在家门口，出行方便。,,,暂无数据,2023-09-08,商品房,商务公寓,暂无数据,非共有,无抵押,挂牌时间:2023-09-08 | 交易权属:商品房 | 上次交易:暂无数据 | 房屋用途:商务公寓 | 房屋年限:暂无数据 | 产权所属:非共有 | 抵押信息:无抵押 | 房本备件:未上传房本照片,,
户型房子，采光通风好房子，交通便利,"中航格澜郡阳光花园 , 观澜",3室2厅,110.32平米,南 东北,精装,高楼层(共10层),2006年,,476 万,43148 元,2,,,VR看装修 | 随时看房,https://sz.lianjia.com/ershoufang/105118776394.html,VR看装修 | 随时看房,户型房子，采光通风好房子，交通便利，配套齐全，周围商圈成熟,,周围有观澜世纪广场，观澜河湿地走廊，观澜天虹商场，格澜郡步行街，福城天虹商场，格兰云天酒店龙华区政府。,有轨电车世纪广场站地铁茜坑站，公交车，观澜天虹站格澜郡站，沈海高速龙华北入口梅观高速观澜入口,,,暂无数据,2024-11-01,商品房,普通住宅,暂无数据,非共有,有抵押 100万元 100 客户偿还,挂牌时间:2024-11-01 | 交易权属:商品房 | 上次交易:暂无数据 | 房屋用途:普通住宅 | 房屋年限:暂无数据 | 产权所属:非共有 | 抵押信息:有抵押 100万元 100 客户偿还 | 房本备件:未上传房本照片,客厅 / 30.73平米 / 无 / 未知窗户类型 ; 卧室A / 8.63平米 / 无 / 未知窗户类型 ; 卧室B / 19.8平米 / 无 / 未知窗户类型 ; 卧室C / 10.18平米 / 无 / 未知窗户类型 ; 厨房 / 5.42平米 / 东 / 普通窗 ; 卫生间A / 5.52平米 / 东 / 普通窗 ; 卫生间B / 6.14平米 / 西 南 / 落地窗 ; 阳台 / 2.99平米 / 北 东 南 / 普通窗 ; 过道 / 2.49平米 / 无 / 无窗 ; 门厅 / 5.2平米 / 西 / 落地窗,
四号线观澜站，诚心出售，看房方便,"深业泰然观澜玫瑰苑 , 观澜",1室1厅,38.59平米,南,精装,高楼层(共24层),2016年,板塔结合,86.8 万,22493 元,1,,,近地铁,https://sz.lianjia.com/ershoufang/105120022044.html,地铁,此房满五唯一，高楼层，南向看公园，位置安静，装修保养好,小区为综合体以空中花园为分开，与商场由深圳市国惠康国泰房地产开发有限公司开发深业泰然集团有限公司控股成立于1985年的深圳市属国有企业注册资金8亿元旗下拥有9家控股企业、2家参股企业资历雄厚,兴万达广场百佳华广场场可以满足逛街需求，5公里内有观澜湖新城购物广场衣食玩乐一一满足购物happy的天堂在走远一些是景区山水田园跟亚洲大大的高尔夫球会另有观澜版画村基地,"小区门距离有轨轨电车-新澜站100米,地铁4号线观澜站。楼下就是公交站吉盛酒店大公交站台，另外5公里上龙观快速，3公里上珠三角环线高速，各种交通设施配套齐全，出行便利。",,,暂无数据,2025-03-12,商品房,商业办公类,暂无数据,非共有,无抵押,挂牌时间:2025-03-12 | 交易权属:商品房 | 上次交易:暂无数据 | 房屋用途:商业办公类 | 房屋年限:暂无数据 | 产权所属:非共有 | 抵押信息:无抵押 | 房本备件:未上传房本照片,,
长湖地铁站，高层业主诚意卖，密码看房方便,"万科启城 , 观澜",3室2厅,101.7平米,南,精装,中楼层(共48层),2022年,板塔结合,491 万,48280 元,0,,,近地铁 | VR房源,https://sz.lianjia.com/ershoufang/105118537259.html,地铁 | VR房源,高楼层，采光很好，视野开阔，业主急卖,,,"交通方便，出门800米就到地铁站长湖站，门口就是公交站，E36，M545,450,8分可以上梅观高速",,,暂无数据,2024-10-09,商品房,普通住宅,暂无数据,非共有,无抵押,挂牌时间:2024-10-09 | 交易权属:商品房 | 上次交易:暂无数据 | 房屋用途:普通住宅 | 房屋年限:暂无数据 | 产权所属:非共有 | 抵押信息:无抵押 | 房本备件:未上传房本照片,客厅 / 22.04平米 / 南 / 普通窗 ; 卧室A / 8.68平米 / 南 / 普通窗 ; 卧室B / 12.41平米 / 无 / 未知窗户类型 ; 卧室C / 6.77平米 / 无 / 未知窗户类型 ; 厨房 / 3.62平米 / 东 / 普通窗 ; 卫生间A / 3.34平米 / 东 / 普通窗 ; 卫生间B / 6.7平米 / 北 / 落地窗 ; 阳台 / 7.5平米 / 南 / 普通窗 ; 过道 / 4.23平米 / 无 / 无窗,
朝南户型，采光好，视野开阔，小区中间，高层看小区,"万科启城 , 观澜",3室2厅,80.96平米,南,精装,高楼层(共48层),2022年,板塔结合,426 万,52619 元,0,,,近地铁 | VR看装修,https://sz.lianjia.com/ershoufang/105118506161.html,地铁 | VR看装修,正朝南户型，采光好，视野开阔，小区中间,,,"交通方便，出门800米就到地铁站长湖站，门口就是公交站，E36，M545,450,8分可以上梅观高速",,,暂无数据,2024-10-06,商品房,普通住宅,暂无数据,非共有,有抵押 231万元 . 业主自还,挂牌时间:2024-10-06 | 交易权属:商品房 | 上次交易:暂无数据 | 房屋用途:普通住宅 | 房屋年限:暂无数据 | 产权所属:非共有 | 抵押信息:有抵押 231万元 . 业主自还 | 房本备件:未上传房本照片,客厅 / 18.86平米 / 西南 / 普通窗 ; 卧室A / 5.57平米 / 西南 / 普通窗 ; 卧室B / 10.27平米 / 无 / 未知窗户类型 ; 卧室C / 6.15平米 / 无 / 未知窗户类型 ; 厨房 / 3.9平米 / 东南 / 普通窗 ; 卫生间 / 6.68平米 / 东北 / 落地窗 ; 阳台 / 6.66平米 / 西南 / 普通窗 ; 过道 / 3.39平米 / 无 / 无窗,
6房  2厅  4卫   东南  看房方便,"观湖园 , 观澜",6室2厅,183.41平米,东南,简装,下叠(共4层),2012年,板楼,976 万,53215 元,0,,,VR房源,https://sz.lianjia.com/ershoufang/105119562830.html,VR房源,纯别墅区，下叠地面三层，少有户型，精装6房，带150平大花园,观湖园项目位于龙华新区观澜镇，邻近梅观高速公路，在梅观高速观澜出口。小区占地面积：37.6弯平方米，容积低，绿化高，东南亚园林景观设计。双拼跟独栋管理费是6.5平米，叠拼的管理费是4.95平米，小区安保严密，24小时巡逻监控,小区南门200米，有菜市场，商场能满足日常所需；距离观澜湖新城约5公 里，观澜湖新城是大型的SHOPING MALL，一系列品牌都已进驻，购物娱乐 都相当方便；距离观澜人民医院及伟光医院约6公里,观湖园别墅小区邻近梅观高速公路，距离梅观高速观澜出口约1.5公里，去南山约33公里，罗湖约30公里，福田约28公里，交通如此便利的接轨市内生活圈。到观澜汽车站和观澜湖新城约五公里，观澜湖新城是大型的Shoig Mll，交通出行娱乐购物也是相当方便,,,暂无数据,2025-02-03,商品房,别墅,暂无数据,非共有,无抵押,挂牌时间:2025-02-03 | 交易权属:商品房 | 上次交易:暂无数据 | 房屋用途:别墅 | 房屋年限:暂无数据 | 产权所属:非共有 | 抵押信息:无抵押 | 房本备件:未上传房本照片,客厅A / 63.22平米 / 北 东 / 普通窗 ; 客厅B / 38.11平米 / 北 / 普通窗 ; 卧室A / 8.78平米 / 北 / 普通窗 ; 卧室B / 9.28平米 / 无 / 无窗 ; 卧室C / 14.68平米 / 北 / 普通窗 ; 卧室D / 10.91平米 / 无 / 未知窗户类型 ; 卧室E / 12.96平米 / 东 / 普通窗 ; 卧室F / 25.8平米 / 无 / 未知窗户类型 ; 厨房 / 8.25平米 / 北 / 普通窗 ; 卫生间A / 3.52平米 / 无 / 无窗 ; 卫生间B / 3.7平米 / 西 / 普通窗 ; 卫生间C / 4.56平米 / 北 / 普通窗 ; 卫生间D / 10.22平米 / 西 / 普通窗 ; 阳台A / 4平米 / 北 东 南 / 普通窗 ; 储物间 / 8.9平米 / 无 / 无窗 ; 储物间A / 3.89平米 / 无 / 无窗 ; 储物间B / 3.53平米 / 无 / 无窗 ; 储C / 6.04平米 / 无 / 无窗 ; 过道A / 2.28平米 / 无 / 无窗 ; 过道B / 2.52平米 / 无 / 无窗 ; 过道C / 9.93平米 / 北 / 普通窗,
仁山智水 下叠端位 带大花园 实用率高,"城建仁山智水花园一期 , 观澜",5室2厅,180.75平米,东南 南,,下叠(共4层),2015年,板楼,1770 万,97926 元,0,,,VR房源,https://sz.lianjia.com/ershoufang/105115970044.html,VR房源,房子满五唯一 ，双阳台实用高，采光好,仁山智水由深圳市城市建设开发公司开发，小区占地近20平，总建筑面积为557584.63㎡，住宅282053.6㎡，商铺5860㎡，幼儿园3500.08㎡，建筑主体包括95栋住宅楼，其中有83栋低多层住宅及8栋高层和4栋高层，住宅共1445户，车位3158个。。。,,公交线路：公交（观澜高新园站）M567、M264、313、E4路等，出小区约100有轨电车站台（电车接驳地铁4号线清湖地铁口），高速公路：机荷高速公路、梅观高速公路，交通方便。,,,暂无数据,2024-01-28,商品房,别墅,暂无数据,非共有,无抵押,挂牌时间:2024-01-28 | 交易权属:商品房 | 上次交易:暂无数据 | 房屋用途:别墅 | 房屋年限:暂无数据 | 产权所属:非共有 | 抵押信息:无抵押 | 房本备件:未上传房本照片,客厅A / 53.02平米 / 无 / 无窗 ; 客厅B / 88.89平米 / 南 / 落地窗 ; 书房 / 14.19平米 / 西北 / 落地窗 ; 卧室A / 34.67平米 / 无 / 无窗 ; 卧室B / 31.22平米 / 西南 西北 / 落地窗 ; 卧室C / 18.9平米 / 西南 / 普通窗 ; 卧室D / 33.37平米 / 东南 / 普通窗 ; 厨房 / 17.8平米 / 西南 西北 / 普通窗 ; 卫生间A / 22.26平米 / 无 / 无窗 ; 卫生间B / 4.49平米 / 东南 / 普通窗 ; 卫C / 3.94平米 / 东南 / 落地窗 ; 卫D / 6.07平米 / 西南 / 普通窗 ; 卫生间E / 5.16平米 / 东南 / 落地窗 ; 卫生间F / 7.68平米 / 东南 / 普通窗 ; 阳台A / 5.01平米 / 西南 西北 东南 / 普通窗 ; 阳台B / 10.76平米 / 西南 东北 东南 / 普通窗 ; 地下室 / 43.54平米 / 西南 东南 / 普通窗 ; 天井 / 3.05平米 / 无 / 无窗 ; 过道 / 17.19平米 / 无 / 无窗,
单身公寓，自住出租两厢宜，近地铁,"深业泰然观澜玫瑰苑 , 观澜",1室1厅,38.59平米,南,,高楼层(共24层),2016年,板塔结合,100 万,25914 元,1,,,近地铁 | VR房源,https://sz.lianjia.com/ershoufang/105116582291.html,地铁 | VR房源,高楼层视野开拓 通风采光好 业主诚心出售,深业泰然玫瑰苑小区为综合体以空中花园为分开商场由深圳市国惠康国泰房地产开发有限公司开发深业泰然集团有限公司控股建成时间为2014年-2016年车位配比1：1固定车位998个人车分流由深圳市泰然物业管理服务有限公,小区自带商.业，隔壁还有百佳华商场，观澜大道对.面是观澜老街，直线距离300米是4号线的观澜地铁站。,,,,暂无数据,2024-04-05,商品房,商务公寓,暂无数据,共有,无抵押,挂牌时间:2024-04-05 | 交易权属:商品房 | 上次交易:暂无数据 | 房屋用途:商务公寓 | 房屋年限:暂无数据 | 产权所属:共有 | 抵押信息:无抵押 | 房本备件:未上传房本照片,卧室 / 20.6平米 / 西 / 落地窗 ; 卫生间 / 4.41平米 / 无 / 无窗,
茗语华苑 新出A户型，2房 东南向看 小区园林 安静,"正兆 · 茗语华苑 , 观澜",2室2厅,63.92平米,东南,精装,低楼层(共32层),,塔楼,158 万,24719 元,1,,,VR看装修,https://sz.lianjia.com/ershoufang/105122002121.html,VR看装修,两个大阳台，拓展性强，看小区园林，安静，朝向也不错,,,,此房子的产权是满五唯一的，银行没有欠款，红本在手，仅契税1个点就可以，交易非常方便,,暂无数据,2025-09-03,商品房,普通住宅,暂无数据,非共有,无抵押,挂牌时间:2025-09-03 | 交易权属:商品房 | 上次交易:暂无数据 | 房屋用途:普通住宅 | 房屋年限:暂无数据 | 产权所属:非共有 | 抵押信息:无抵押 | 房本备件:未上传房本照片,,
龙光玖誉府 3室2厅 东,"龙光玖誉府 , 观澜",3室2厅,88.65平米,东,精装,中楼层(共31层),2020年,塔楼,410 万,46250 元,1,,,近地铁 | VR看装修 | 房本满五年,https://sz.lianjia.com/ershoufang/105121970448.html,地铁 | VR看装修 | 房本满五年,,,,,,,2020-03-03,2025-08-31,商品房,普通住宅,满五年,非共有,有抵押 350万元 中国建设银行 金融公司垫资,挂牌时间:2025-08-31 | 交易权属:商品房 | 上次交易:2020-03-03 | 房屋用途:普通住宅 | 房屋年限:满五年 | 产权所属:非共有 | 抵押信息:有抵押 350万元 中国建设银行 金融公司垫资 | 房本备件:已上传房本照片,,
业主诚心出售 看房方便 满五唯一,"招商观园 , 观澜",3室2厅,88.35平米,南,精装,高楼层(共8层),2016年,塔楼,378 万,42785 元,2,,,VR看装修,https://sz.lianjia.com/ershoufang/105118518468.html,VR看装修,业主诚心出售 看房方便 满五唯一 带100平花园,,小区绿化面积大。实行人车分流。小区由9栋高层，49栋别墅组成，楼间距大，生活密度低,招商观园是由招商集团开发的龙华观澜中间位置的居住片区，其中的低密度的大型住宅小区代表，车位比1：1，小区绿化面积大。实行人车分流。小区由9栋高层，49栋别墅组成，楼间距大，生活密度低，交通方便，门口轻轨直通4号线,,,暂无数据,2024-10-07,商品房,普通住宅,暂无数据,非共有,有抵押 200万元,挂牌时间:2024-10-07 | 交易权属:商品房 | 上次交易:暂无数据 | 房屋用途:普通住宅 | 房屋年限:暂无数据 | 产权所属:非共有 | 抵押信息:有抵押 200万元 | 房本备件:未上传房本照片,客厅 / 30.5平米 / 南 / 普通窗 ; 卧室A / 21.61平米 / 无 / 未知窗户类型 ; 卧室B / 9.79平米 / 无 / 未知窗户类型 ; 卧室C / 8.52平米 / 北 / 落地窗 ; 厨房 / 5.94平米 / 北 / 普通窗 ; 卫生间 / 3.52平米 / 西 / 普通窗 ; 阳台 / 3.51平米 / 西 南 / 普通窗,
观澜湖独栋别墅，一线高尔夫风景，环境优美,"观澜湖 , 观澜",8室2厅,751.56平米,东南 南,精装,低楼层(共2层),,,4000 万,53223 元,1,,,VR房源 | 房本满五年,https://sz.lianjia.com/ershoufang/105120658362.html,VR房源 | 房本满五年,独栋别墅上下3层 朝南 层好采光通风良好景观好,小区低密度，居住环境优美，安静，小区南门口有观澜湖新城，生态体育公园等等，出则繁华，入则安静,50亿观澜湖新城，观澜天虹商场，兴万达商场等，龙华人民医院，塘厦人民医院，小区内有会所/游泳池/健身房/高尔夫业主练习场/穿梭巴士等免费使用,小区南门口有地铁站和公交站，多条公交线经过，小区到宝安机场39公里（百度地图显示），小区到深圳北站20公里（百度地图显示），小区到皇岗口岸30公里，小区到龙华区人民医院11公里,,,2013-06-20,2025-05-08,商品房,普通住宅,满五年,非共有,无抵押,挂牌时间:2025-05-08 | 交易权属:商品房 | 上次交易:2013-06-20 | 房屋用途:普通住宅 | 房屋年限:满五年 | 产权所属:非共有 | 抵押信息:无抵押 | 房本备件:已上传房本照片,客厅 / 72.94平米 / 西 北 南 / 落地窗 ; 餐厅 / 22.47平米 / 北 东 / 落地窗 ; 卧室A / 15.21平米 / 无 / 普通窗 ; 多功能间A / 93平米 / 无 / 无窗 ; 卧室B / 20.85平米 / 无 / 普通窗 ; 多功能间B / 26.05平米 / 无 / 无窗 ; 卧室C / 21.04平米 / 无 / 普通窗 ; 多功能间C / 35.51平米 / 无 / 普通窗 ; 卧室D / 7.11平米 / 无 / 普通窗 ; 卧室E / 13.2平米 / 无 / 普通窗 ; 厨房 / 12.92平米 / 东 / 普通窗 ; 卫生间A / 7.39平米 / 无 / 普通窗 ; 卫生间B / 4.2平米 / 无 / 普通窗 ; 卫生间C / 6.5平米 / 西 / 普通窗 ; 卫生间D / 2.85平米 / 无 / 无窗 ; 卫生间E / 2.81平米 / 无 / 普通窗 ; 卫生间F / 3.97平米 / 无 / 普通窗 ; 阳台A / 80.51平米 / 西 北 东 / 普通窗 ; 阳台B / 9.76平米 / 无 / 普通窗 ; 阳台C / 20.79平米 / 无 / 普通窗 ; 储物间 / 12.07平米 / 无 / 普通窗 ; 储物间A / 24.05平米 / 无 / 普通窗 ; 储物间B / 22.84平米 / 无 / 普通窗 ; 储物间C / 7.57平米 / 西 南 / 普通窗 ; 车库 / 36.7平米 / 无 / 无窗 ; 过道 / 25.41平米 / 无 / 落地窗,
满五唯一，红本在手，户型方正，二室二厅,"招商锦绣观园 , 观澜",2室2厅,62.6平米,东北 东,简装,低楼层(共28层),2014年,塔楼,180 万,28754 元,3,,,VR看装修 | 房本满五年,https://sz.lianjia.com/ershoufang/105119939909.html,VR看装修 | 房本满五年,满五唯一，户型方正，无拐角，推窗满眼翠绿，出入便捷,,,,,,2014-01-22,2025-03-05,商品房,普通住宅,满五年,非共有,无抵押,挂牌时间:2025-03-05 | 交易权属:商品房 | 上次交易:2014-01-22 | 房屋用途:普通住宅 | 房屋年限:满五年 | 产权所属:非共有 | 抵押信息:无抵押 | 房本备件:已上传房本照片,客厅 / 20.97平米 / 东北 / 落地窗 ; 卧室A / 6.44平米 / 西北 / 普通窗 ; 卧室B / 8.57平米 / 东北 / 普通窗 ; 厨房 / 4.67平米 / 无 / 无窗 ; 卫 / 2.16平米 / 西北 / 普通窗 ; 阳台 / 4.11平米 / 东北 / 落地窗 ; 储物间 / 1.77平米 / 无 / 无窗,
区政府旁安静南向四房业主诚心出售,"中航格澜郡阳光花园 , 观澜",4室2厅,142.24平米,南,简装,低楼层(共11层),2006年,板塔结合,524 万,36840 元,2,,,VR房源 | 随时看房,https://sz.lianjia.com/ershoufang/105119808069.html,VR房源 | 随时看房,房子满五唯一，红本在手，中间安静南向四房，采光好,中航格澜郡位于深圳龙华新区观澜，东临大和路，西临沿河路，南起环观南路，北至工业大道。其北面即为观澜世纪广场与文化艺术场所，与观澜街道办仅一河之隔，可谓是尊贵地段，尽享观澜政治、文化、商 业的优势。整个小区为苏格兰风情大社区,综合商场：天虹商场、福城天虹、民乐福购物场所 医院：观澜人民医院 邮局：观澜邮局 银行：农业银行，浦发银行，建设银行，中国工商银行 其他：文化艺术场所、体育活动场所。,"深圳中航格澜郡公交站，途径中航格澜郡公交站的有B652路、B693路、M264路等6条公交线路.深圳中航格澜郡有7个公交站,分别是大和路口(157米),安佳工业园(193米),观澜天虹商场(419米),富士施乐(470米),格兰云天酒店(569米)等。另轻轨已经开通，出行更加方便。",,,暂无数据,2025-02-23,商品房,普通住宅,暂无数据,非共有,无抵押,挂牌时间:2025-02-23 | 交易权属:商品房 | 上次交易:暂无数据 | 房屋用途:普通住宅 | 房屋年限:暂无数据 | 产权所属:非共有 | 抵押信息:无抵押 | 房本备件:未上传房本照片,客厅 / 39.84平米 / 无 / 未知窗户类型 ; 卧室A / 22.2平米 / 无 / 未知窗户类型 ; 卧室B / 10.51平米 / 南 / 普通窗 ; 卧室C / 11.55平米 / 无 / 未知窗户类型 ; 卧室D / 9.51平米 / 无 / 未知窗户类型 ; 厨房 / 6.04平米 / 北 / 普通窗 ; 卫生间A / 5.43平米 / 北 / 普通窗 ; 卫生间B / 4.79平米 / 北 / 普通窗 ; 阳台A / 5.42平米 / 西 东 南 / 普通窗 ; 阳台B / 8.27平米 / 西 北 / 普通窗 ; 过道 / 7.43平米 / 无 / 无窗,
住家装修，满五年，高楼层，视野好，税费少，拎包入住,"佳华领域广场 , 观澜",3室2厅,88.32平米,南,,中楼层(共38层),2017年,板楼,385 万,43592 元,0,,,近地铁 | VR看装修,https://sz.lianjia.com/ershoufang/105120241075.html,地铁 | VR看装修,住家装修，满五年，高楼层，视野好，税费少，拎包入住，看房方便,由百佳华集团开发建造，分两期开发；一期共6栋组成，二期为综合体+写字楼；小区人车分流，自带12班幼儿园；环境优美，居家舒适,小区自带有百佳华综合体，近有各大银行，兴万达商场，观澜老街步行街，过马路就是观澜小 学；1.2公里有龙华新区医院，配套完善能完全满足您日常生活所需,小区位于双轨交汇处，有轨电车-新澜站，地铁4号线-观澜站，距离小区100米（百度地图）、还有公交站吉盛酒店公交站台，另自驾5公里上龙观快速，4公里上珠三角环线高速。,,,暂无数据,2025-03-30,商品房,普通住宅,暂无数据,非共有,有抵押,挂牌时间:2025-03-30 | 交易权属:商品房 | 上次交易:暂无数据 | 房屋用途:普通住宅 | 房屋年限:暂无数据 | 产权所属:非共有 | 抵押信息:有抵押 | 房本备件:未上传房本照片,,
此房满五年，高楼层 位置安静，可看湖景,"城建仁山智水花园一期 , 观澜",4室1厅,143.83平米,南 北,,中楼层(共29层),2015年,塔楼,850 万,59098 元,0,,,VR看装修,https://sz.lianjia.com/ershoufang/105121392185.html,VR看装修,此房满五无个税，安静楼栋，高楼层，客厅可看湖景，南北通透 。,仁山智水由深圳市城市建设开发公司开发，小区占地约200000平方米，总建筑面积为557584.63㎡，住宅282053.6㎡，商铺5860㎡，幼儿园3500.08㎡，建筑主体包括95栋住宅楼，其中有83栋低多层住宅及8栋高层和4栋高层，住宅共1445户，车位3158个，有3个游泳池，,,,,,暂无数据,2025-07-10,商品房,普通住宅,暂无数据,非共有,有抵押 730万元 中国邮政,挂牌时间:2025-07-10 | 交易权属:商品房 | 上次交易:暂无数据 | 房屋用途:普通住宅 | 房屋年限:暂无数据 | 产权所属:非共有 | 抵押信息:有抵押 730万元 中国邮政 | 房本备件:未上传房本照片,,
两梯四户小高层，正南向，看花园，视野光线好，安静,"金地鹭湖1号 , 观澜",3室1厅,88.94平米,南,,16层,2015年,塔楼,375 万,42164 元,0,,16天以前发布,VR看装修 | 房本满五年,https://sz.lianjia.com/ershoufang/105122209008.html,VR看装修 | 房本满五年,精装三房，正南向，看花园安静位置，中间楼层，两梯四户16层高,金地鹭湖1号位于龙华区观澜街道梅观高速与环观南路交汇处;鹭湖国际住区项目主打户型产品：建面89㎡三房。 项目占地面积约91197.68平方米，总建筑面积约164150平方米。,,轨道交通：有轨电车站台，高新园西站（电车接驳地铁4号线清湖地铁口），公交线路：公交（观澜高新园站）M567、M264、313、E4路等，高速公路：机荷高速公路、梅观高速公路，交通方便,,,2015-02-12,2025-09-22,商品房,普通住宅,满五年,非共有,无抵押,挂牌时间:2025-09-22 | 交易权属:商品房 | 上次交易:2015-02-12 | 房屋用途:普通住宅 | 房屋年限:满五年 | 产权所属:非共有 | 抵押信息:无抵押 | 房本备件:已上传房本照片,客厅 / 27.89平米 / 南 / 普通窗 ; 卧室A / 8.53平米 / 南 / 普通窗 ; 卧室B / 7.88平米 / 东 / 落地窗 ; 卧室C / 12.78平米 / 无 / 未知窗户类型 ; 厨房 / 5.15平米 / 无 / 未知窗户类型 ; 卫生间A / 2.83平米 / 东 / 普通窗 ; 卫生间B / 3.25平米 / 西 / 普通窗 ; 阳台 / 3.97平米 / 东 南 / 普通窗,
独栋别墅三层，享高尔夫球场景观，无需名，额购买,"观澜湖 , 观澜",5室2厅,198.66平米,南,精装,低楼层(共2层),,,2850 万,143462 元,2,,,VR房源,https://sz.lianjia.com/ershoufang/105116796769.html,VR房源,独栋三层别墅前后400平花园，无需名，额买，享高尔夫景观,,小区南门200米，有菜市场，商场能满足日常所需；距离观澜湖新城约5公 里，观澜湖新城是大型的 MALL，一系列品牌都已进驻，购物娱乐 都相当方便；距离观澜人民医院及伟光医院约6公里。,多条公交直达，高尔夫大道，观光路，观澜大道，观平路等城市主干道环-绕，梅观高速观澜出口2公里，地铁4号线（观澜湖新城站）已开通，观澜湖免费班车随时出行！,,,暂无数据,2024-04-25,商品房,普通住宅,暂无数据,非共有,有抵押 1000万元 金融公司垫资,挂牌时间:2024-04-25 | 交易权属:商品房 | 上次交易:暂无数据 | 房屋用途:普通住宅 | 房屋年限:暂无数据 | 产权所属:非共有 | 抵押信息:有抵押 1000万元 金融公司垫资 | 房本备件:未上传房本照片,客厅A / 72平米 / 西 / 普通窗 ; 客厅B / 75.88平米 / 西 西南 东 南 东南 / 落地窗 ; 卧室 / 33.68平米 / 西 东 / 普通窗 ; 多功能间A / 20.58平米 / 无 / 无窗 ; 多功能间B / 19.15平米 / 无 / 无窗 ; 厨房 / 8.57平米 / 南 / 普通窗 ; 卫生间A / 20.87平米 / 无 / 无窗 ; 卫生间B / 3.11平米 / 无 / 无窗 ; 卫生间C / 10.9平米 / 东 南 / 普通窗 ; 阳台 / 65.28平米 / 西 北 南 / 普通窗 ; 阳台B / 6.76平米 / 北 东 / 普通窗 ; 阳台C / 6.62平米 / 西 北 南 / 普通窗 ; 阳台D / 3.82平米 / 北 东 南 / 普通窗 ; 花园 / 141.38平米 / 西 北 南 / 普通窗 ; 储物间 / 3.04平米 / 无 / 无窗 ; 储物间A / 35.24平米 / 无 / 无窗 ; 储物间B / 29.84平米 / 东 南 / 普通窗 ; 车库 / 29.96平米 / 无 / 无窗 ; 入户花园 / 140.95平米 / 北 东 南 / 普通窗 ; 过道A / 26.4平米 / 无 / 无窗 ; 过道B / 9.84平米 / 西 东 / 落地窗 ; 过道C / 11.51平米 / 东 / 落地窗 ; 衣帽间 / 29.21平米 / 西 西南 南 东南 / 普通窗,
佳华领域精装三房，业主诚心出售，交通便利。,"佳华领域广场 , 观澜",3室1厅,87.59平米,东南,精装,低楼层(共38层),2017年,板楼,400 万,45668 元,0,,,近地铁 | VR房源,https://sz.lianjia.com/ershoufang/105116240747.html,地铁 | VR房源,此房满五年格局装修保养好中间楼层采光视野,由百佳华集团开发建造，分两期开发；一期共6栋组成，二期为综合体+写字楼；小区人车分流，自带12班幼儿园；环境优美，居家舒适,小区自带有百佳华综合体，近有各大银行，兴万达商场，观澜老街步行街，过马路就是观澜小 学；1.2公里有龙华新区医院，配套完善能完全满足您日常生活所需,小区位于双轨交汇处，有轨电车-新澜站，地铁4号线-观澜站，距离小区100米（百度地图）、还有公交站吉盛酒店公交站台，另自驾5公里上龙观快速，4公里上珠三角环线高速。,,,2024-12-25,2024-03-05,商品房,普通住宅,未满两年,非共有,有抵押 160万元 上海银行 业主自还,挂牌时间:2024-03-05 | 交易权属:商品房 | 上次交易:2024-12-25 | 房屋用途:普通住宅 | 房屋年限:未满两年 | 产权所属:非共有 | 抵押信息:有抵押 160万元 上海银行 业主自还 | 房本备件:已上传房本照片,客厅 / 29.46平米 / 无 / 未知窗户类型 ; 卧室A / 6.89平米 / 北 / 落地窗 ; 卧室B / 8.64平米 / 无 / 未知窗户类型 ; 卧室C / 12.44平米 / 无 / 未知窗户类型 ; 厨房 / 4.75平米 / 无 / 无窗 ; 卫生间A / 3.21平米 / 北 / 落地窗 ; 卫生间B / 3.94平米 / 北 / 普通窗 ; 阳台 / 5.08平米 / 东 南 / 普通窗 ; 储 / 1.54平米 / 无 / 无窗,
诚售看房便捷，陶润精装三房，近地铁双电梯,"陶润懿峰 , 观澜",3室1厅,74.24平米,南,,中楼层(共32层),2016年,板塔结合,329 万,44316 元,5,,,近地铁 | VR房源 | 房本满五年,https://sz.lianjia.com/ershoufang/105116476480.html,地铁 | VR房源 | 房本满五年,此房精装3房，地铁4号线朝南采光好通风好，业主诚意出售。,2016年3月左右，精装交楼小区很新，观澜河湿地公园就在小区旁边车库出入口有新建一个公园，环境优美，居民都喜欢在河边散步，龙华区政府就在小区北面,观澜天虹，福城天虹。医院：龙华观澜医院，新建有一个观澜综合人民医院，银行：中国邮政大河支局，中国银行，工商银行，招商银行农业银行，建设银行，休闲娱乐：人民公园，新世纪广场，湿地公园,小区门口就有公交站，途经的公交线众多，多条线路到达福田，罗湖。正大门左边有轨道电车在小区门口，文澜站直到清湖地铁口，观澜大桥可以直接上济河高速，正大门右边700米竹村地铁口。,,,2020-09-02,2024-03-25,商品房,普通住宅,满五年,非共有,有抵押,挂牌时间:2024-03-25 | 交易权属:商品房 | 上次交易:2020-09-02 | 房屋用途:普通住宅 | 房屋年限:满五年 | 产权所属:非共有 | 抵押信息:有抵押 | 房本备件:已上传房本照片,客厅 / 26.4平米 / 南 / 普通窗 ; 卧室A / 6.28平米 / 无 / 未知窗户类型 ; 卧室B / 9.09平米 / 西 / 落地窗 ; 卧室C / 9.88平米 / 无 / 未知窗户类型 ; 厨房 / 4.11平米 / 西 / 普通窗 ; 卫生间 / 2.87平米 / 西 / 普通窗 ; 阳台 / 3.88平米 / 南 / 普通窗,
观湖园上下三层  精装修 拎包入住 房子干净整洁,"观湖园 , 观澜",5室2厅,183.56平米,东南,,4层,2012年,板楼,915 万,49848 元,11,,,VR房源 | 随时看房,https://sz.lianjia.com/ershoufang/105112091079.html,VR房源 | 随时看房,纯别墅区 少有户型 地面三层 实用高有花园 户型方正,观湖园项目位于龙华新区观澜镇，邻近梅观高速公路，在梅观高速观澜出口。小区占地面积：37.6弯平方米，容积低，绿化高，东南亚园林景观设计。双拼跟独栋管理费是6.5平米，叠拼的管理费是4.95平米，小区安保严密，24小时巡逻监控,小区南门200米，有菜市场，商场能满足日常所需；距离观澜湖新城约5公 里，观澜湖新城是大型的SHOPING MALL，一系列品牌都已进驻，购物娱乐 都相当方便；距离观澜人民医院及伟光医院约6公里。,观湖园别墅小区邻近梅观高速公路，距离梅观高速观澜出口约1.5公里，去南山约33公里，罗湖约30公里，福田约28公里，交通如此便利的接轨市内生活圈。到观澜汽车站和观澜湖新城约五公里，观澜湖新城是大型的Shoig Mll，交通出行娱乐购物也是相当方便,,,暂无数据,2022-11-21,商品房,别墅,暂无数据,非共有,有抵押,挂牌时间:2022-11-21 | 交易权属:商品房 | 上次交易:暂无数据 | 房屋用途:别墅 | 房屋年限:暂无数据 | 产权所属:非共有 | 抵押信息:有抵押 | 房本备件:未上传房本照片,客厅 / 40.12平米 / 无 / 落地窗 ; 书房 / 13.76平米 / 无 / 落地飘窗 ; 多功能间 / 32.26平米 / 西 东 南 / 普通窗 ; 卧室A / 11.64平米 / 无 / 未知窗户类型 ; 卧室B / 20.96平米 / 无 / 落地飘窗 ; 卧室C / 18.37平米 / 无 / 普通窗 ; 卧室D / 14.91平米 / 无 / 落地窗 ; 厨房 / 9.33平米 / 无 / 普通窗 ; 卫生间A / 4.7平米 / 无 / 普通窗 ; 卫生间B / 7.46平米 / 无 / 无窗 ; 卫生间C / 4.05平米 / 无 / 普通窗 ; 阳台A / 5.02平米 / 无 / 普通窗 ; 阳台B / 4.56平米 / 无 / 普通窗 ; 阳台C / 6.99平米 / 无 / 普通窗 ; 露台 / 42.41平米 / 西 北 东 南 / 普通窗 ; 入户花园 / 6.24平米 / 无 / 落地窗 ; 楼梯间 / 6.69平米 / 东 / 普通窗 ; 过道 / 12.35平米 / 无 / 无窗,
美佳华 6米层高  民水民电通燃气,"美佳华首誉 , 观澜",2室1厅,66.51平米,北,,中楼层(共28层),2013年,板塔结合,182 万,27365 元,5,,,近地铁 | VR房源 | 房本满五年,https://sz.lianjia.com/ershoufang/105112877232.html,地铁 | VR房源 | 房本满五年,高楼层视野开阔，配套齐全，大社区,深圳市华盛智地房地产开发有限公司。物业公司：深圳市华盛物业管理有限公司，小区24小时安保巡逻。小区内部配套：儿童游乐场，健身活动区，小区园林，游泳池。,小区内异国风情街，餐饮街，综合购物大润发。医院：观澜人民医院，深圳伟光医院，广东医学院附属观澜医院邮局：观澜街道-富民邮政代办所银行：鼎业银行（观澜支行），深圳农村商.业银行（滨河支行）其他：观澜人民公园，九龙山，观澜河,本项目位于龙华区观澜街道泗黎路与悦兴路交汇处，通过观澜大道转机荷高速，可快速到达龙岗，宝安机场以及前海。公交：观澜第.一工业区站：b650路、b766路、m225路、m285路；福民影剧院站：m337路、m464路,,,2013-01-13,2023-03-03,商品房,商务公寓,满五年,非共有,无抵押,挂牌时间:2023-03-03 | 交易权属:商品房 | 上次交易:2013-01-13 | 房屋用途:商务公寓 | 房屋年限:满五年 | 产权所属:非共有 | 抵押信息:无抵押 | 房本备件:已上传房本照片,客厅 / 21.14平米 / 无 / 落地窗 ; 卧室A / 7.87平米 / 无 / 普通窗 ; 卧室B / 19.73平米 / 无 / 落地窗 ; 厨房 / 2.99平米 / 无 / 普通窗 ; 卫A / 1.55平米 / 无 / 普通窗 ; 卫生间B / 3.63平米 / 无 / 普通窗 ; 阳台 / 7.03平米 / 无 / 落地窗 ; 过道 / 4.79平米 / 无 / 无窗 ; 门厅 / 3.73平米 / 无 / 无窗,
精装复式四房 高楼层视野好 观澜地铁站 百佳华商场,"佳华领域广场 , 观澜",4室2厅,128.88平米,南 北,,高楼层(共37层),2017年,板塔结合,650 万,50435 元,0,,,近地铁 | VR房源 | 房本满五年,https://sz.lianjia.com/ershoufang/105114746724.html,地铁 | VR房源 | 房本满五年,此房满五年，高楼层视野开阔，位置安静看花园，近4号线观澜站,由百佳华集团开发建造，分两期开发；一期共6栋组成，二期为综合体+写字楼；小区人车分流，自带12班幼儿园；环境优美，居家舒适,小区自带有百佳华综合体，近有各大银行，兴万达商场，观澜老街步行街，过马路就是观澜小 学；1.2公里有龙华新区医院，配套完善能完全满足您日常生活所需,小区位于双轨交汇处，有轨电车-新澜站，地铁4号线-观澜站，距离小区100米（百度地图）、还有公交站吉盛酒店公交站台，另自驾5公里上龙观快速，4公里上珠三角环线高速,,,2018-04-10,2023-09-08,商品房,普通住宅,满五年,非共有,有抵押,挂牌时间:2023-09-08 | 交易权属:商品房 | 上次交易:2018-04-10 | 房屋用途:普通住宅 | 房屋年限:满五年 | 产权所属:非共有 | 抵押信息:有抵押 | 房本备件:已上传房本照片,客厅 / 34.16平米 / 南 / 普通窗 ; 卧室A / 11.86平米 / 南 / 落地窗 ; 卧室B / 12.18平米 / 南 / 普通窗 ; 卧室C / 12.55平米 / 南 / 普通窗 ; 卧室D / 11.32平米 / 北 / 落地窗 ; 厨房 / 5.24平米 / 北 / 普通窗 ; 卫生间A / 5.12平米 / 无 / 未知窗户类型 ; 卫生间B / 5.14平米 / 无 / 未知窗户类型 ; 阳台A / 4.8平米 / 西 南 / 普通窗 ; 阳台B / 4.62平米 / 北 / 普通窗 ; 储物间 / 3.91平米 / 无 / 无窗 ; 过道 / 15.71平米 / 无 / 无窗,
4号线地铁格澜郡大社区 观澜天虹旁宜居2房 南向采光好,"中航格澜郡阳光花园 , 观澜",2室1厅,74.25平米,南,精装,高楼层(共11层),2006年,板塔结合,260 万,35017 元,7,,,VR房源 | 随时看房,https://sz.lianjia.com/ershoufang/105116166467.html,VR房源 | 随时看房,观澜河畔 天虹旁 低密度大社区 停车方便,,综合商场：天虹商场、福城天虹、民乐福购物场所 医院：观澜人民医院 邮局：观澜邮局 银行：农业银行，浦发银行，建设银行，中国工商银行 其他：文化艺术场所、体育活动场所。,"深圳中航格澜郡公交站，途径中航格澜郡公交站的有B652路、B693路、M264路等6条公交线路.深圳中航格澜郡有7个公交站,分别是大和路口(157米),安佳工业园(193米),观澜天虹商场(419米),富士施乐(470米),格兰云天酒店(569米)等。另轻轨已经开通，出行更加方便。",,,暂无数据,2024-02-28,商品房,普通住宅,暂无数据,非共有,无抵押,挂牌时间:2024-02-28 | 交易权属:商品房 | 上次交易:暂无数据 | 房屋用途:普通住宅 | 房屋年限:暂无数据 | 产权所属:非共有 | 抵押信息:无抵押 | 房本备件:未上传房本照片,客厅 / 23.87平米 / 南 / 普通窗 ; 卧室A / 14.31平米 / 无 / 未知窗户类型 ; 卧室B / 7.44平米 / 南 / 普通窗 ; 厨房 / 5.47平米 / 无 / 无窗 ; 卫生间 / 3.13平米 / 无 / 无窗 ; 阳台 / 5.77平米 / 西 东 南 / 普通窗 ; 储物间 / 2.5平米 / 无 / 无窗,
业主自住装修，房子满五唯一税费少，南向采光通风佳,"阳基御龙山 , 观澜",3室1厅,86.06平米,南 北,精装,31层,2018年,板塔结合,288 万,33466 元,2,,,VR房源,https://sz.lianjia.com/ershoufang/105117649388.html,VR房源,房子业主自住装修，满五唯一，南向采光通风佳,阳基御龙山位于福城办事处福前路南侧，为山水资源同享的高品质纯居项目，共922户，1、2、3、5栋为住宅,配套齐全，有比邻新天地、天虹商圈，观澜湖新城，购物、休闲、娱乐一应俱全；同时项目自带社区，生活便利,小区门口左转就是公交车站，悦兴围村口：b766路;m225路;m285路;m337路;m464路 距离港铁4号线延长线长湖站距离大概800米 日常交通出行方便,,,暂无数据,2024-07-18,商品房,普通住宅,暂无数据,非共有,有抵押 300万元 招行,挂牌时间:2024-07-18 | 交易权属:商品房 | 上次交易:暂无数据 | 房屋用途:普通住宅 | 房屋年限:暂无数据 | 产权所属:非共有 | 抵押信息:有抵押 300万元 招行 | 房本备件:未上传房本照片,客厅 / 29.07平米 / 无 / 普通窗 ; 卧室A / 12.95平米 / 无 / 未知窗户类型 ; 卧室B / 10.13平米 / 无 / 未知窗户类型 ; 卧室C / 5.39平米 / 无 / 落地窗 ; 厨房 / 4.58平米 / 无 / 普通窗 ; 卫生间 / 4.17平米 / 无 / 普通窗 ; 阳台 / 4.53平米 / 无 / 普通窗,
中间楼层，地铁口茜坑站，龙华图书馆旁边,"龙光玖誉府 , 观澜",2室1厅,73.4平米,南,精装,中楼层(共31层),2020年,塔楼,360 万,49047 元,4,,,近地铁 | VR房源,https://sz.lianjia.com/ershoufang/105117453777.html,地铁 | VR房源,中间楼层，视野旷阔，地铁口物业，龙华图书馆旁边,2021年交房次新小区，总占地面积约15000㎡，总建筑面积约85000㎡，小区门口有8000㎡ 图书馆，出小区就是地铁口茜坑站,综合商场：比邻新天地、福城天虹，观澜天虹、观澜汇合正广场、观荟里四大集中商场 医院：龙华中.心医院（三甲），龙华人民医院，平安综合医院 文体：观湖文化体育,快速路网：项目已形成三横三纵交通格局。本项目东邻观澜大道，其中三横为“观光路、环观南路、机荷高速”；三纵为“龙观快速、观澜大道、梅观快速”。 2) 地铁：出小区150米是地铁4号线茜坑站，深圳北直通香港、到达福田,,,暂无数据,2024-06-30,商品房,普通住宅,暂无数据,非共有,有抵押,挂牌时间:2024-06-30 | 交易权属:商品房 | 上次交易:暂无数据 | 房屋用途:普通住宅 | 房屋年限:暂无数据 | 产权所属:非共有 | 抵押信息:有抵押 | 房本备件:未上传房本照片,客厅 / 25.68平米 / 西 / 普通窗 ; 卧室A / 10.33平米 / 无 / 未知窗户类型 ; 卧室B / 8.38平米 / 无 / 未知窗户类型 ; 厨房 / 6.05平米 / 东 南 / 普通窗 ; 卫生间 / 3.4平米 / 南 / 普通窗 ; 阳台 / 4.08平米 / 西 南 / 普通窗,
红本精装，大阳台，配套完善，花园静宅,"招商澜园 , 观澜",5室2厅,155.83平米,南 北,精装,中楼层(共11层),2010年,板塔结合,638 万,40943 元,4,,,近地铁 | VR房源,https://sz.lianjia.com/ershoufang/105116101251.html,地铁 | VR房源,花园中间位置，安静适宜居家选择，双证已合，满五 红本在手,小区由招商局地产开发，国家一级物业资质的招商物业管理，小区部分为南北两区，由十三栋高层组成，低密度，是个纯居住的大社区，自带6000平的大花园，人车分流，很适合有老人和小孩的客户，小区自带幼儿园，有固定车位,配套：观澜街道办 休闲区域：新世纪广场、观澜文化广场， 商场：设施天虹商场、比邻新天地，观澜河湿地公园距离小区近在咫尺。龙华区政府距离小区2公里，属于新区政府辐射范围内。项目：现聚集多家大品牌开发商在此拿地。如：万科 卓 越，阳基,小区门口就有公交站，途径的公交线众多，有轨电车在小区门口文澜站，直接到达清湖地铁口，竹村地铁口 800米，观澜大桥直接可以上机荷高速，多条公交线路到达罗湖，福田,,,2023-11-22,2024-02-22,商品房,普通住宅,未满两年,非共有,无抵押,挂牌时间:2024-02-22 | 交易权属:商品房 | 上次交易:2023-11-22 | 房屋用途:普通住宅 | 房屋年限:未满两年 | 产权所属:非共有 | 抵押信息:无抵押 | 房本备件:已上传房本照片,客厅 / 40.39平米 / 北 南 / 普通窗 ; 卧室A / 10.58平米 / 北 / 落地窗 ; 卧室B / 10.04平米 / 无 / 未知窗户类型 ; 卧室C / 9.87平米 / 无 / 未知窗户类型 ; 卧室D / 18.22平米 / 无 / 未知窗户类型 ; 卧室E / 12.55平米 / 南 / 普通窗 ; 厨房 / 5.98平米 / 北 / 普通窗 ; 卫生间A / 5.27平米 / 北 / 普通窗 ; 卫生间B / 4.98平米 / 北 / 普通窗 ; 阳台A / 6.12平米 / 西 北 东 / 普通窗 ; 阳台B / 12.81平米 / 西 南 / 普通窗 ; 过道 / 4.74平米 / 无 / 无窗 ; 门厅 / 5.94平米 / 南 / 落地窗,
方正四房，满五税少，中间楼层，环境优美,"万科九龙山 , 观澜",4室1厅,124.24平米,东南,,低楼层(共33层),2016年,板楼,430 万,34611 元,0,,,VR房源 | 房本满五年,https://sz.lianjia.com/ershoufang/105112765272.html,VR房源 | 房本满五年,房子满五税费少，带精装修，高楼层视野好无遮挡，美景一览无余,,配套有观澜天虹、兴万达广场、比邻新天地、中航格澜郡商圈、观澜老镇商圈、深圳绿道5号线、楼盘旁就是九龙山生态园，茜坑水库、大水坑水库、狮径公园、观澜人民医院,,房子满五年不唯一，个税契税，银行无欠款红本在手，费用较少，业主考虑实收。费用由客户承担,,2017-10-24,2023-02-22,商品房,普通住宅,满五年,非共有,无抵押,挂牌时间:2023-02-22 | 交易权属:商品房 | 上次交易:2017-10-24 | 房屋用途:普通住宅 | 房屋年限:满五年 | 产权所属:非共有 | 抵押信息:无抵押 | 房本备件:已上传房本照片,客厅 / 38.05平米 / 南 / 普通窗 ; 卧室A / 10.32平米 / 无 / 未知窗户类型 ; 卧室B / 9.36平米 / 无 / 未知窗户类型 ; 卧室C / 9.15平米 / 无 / 未知窗户类型 ; 卧室D / 15.57平米 / 西 南 / 落地窗 ; 厨房 / 5.73平米 / 无 / 未知窗户类型 ; 卫生间A / 3.04平米 / 北 / 普通窗 ; 卫生间B / 3.85平米 / 北 / 普通窗 ; 阳台 / 9.06平米 / 西 南 / 普通窗,
小户型 总价低 看房方便 带装修,"奥宸观壹城 , 观澜",3室2厅,44.5平米,西南,精装,高楼层(共21层),2015年,板塔结合,125 万,28090 元,170,,,近地铁 | 房本满五年 | 随时看房,https://sz.lianjia.com/ershoufang/105108570412.html,地铁 | 房本满五年 | 随时看房,小户型 总价低 精装修 看房方便 中间楼层 边位 采光好,,离小区1.8公里观澜湖新城吃喝玩乐一体 离小区20米就是振能 小区自带幼儿园,距离小区800米左右地铁站4号线延长线松元厦站去往福田 区里小区200米左右公交车站M285路 321路去往火车站西广场 M361路去往龙华公交站 332路去往蛇口出行方便,,,2016-09-21,2021-08-30,商品房,商业办公类,满五年,共有,有抵押 30万元 客户偿还,挂牌时间:2021-08-30 | 交易权属:商品房 | 上次交易:2016-09-21 | 房屋用途:商业办公类 | 房屋年限:满五年 | 产权所属:共有 | 抵押信息:有抵押 30万元 客户偿还 | 房本备件:已上传房本照片,客厅 / 19.89平米 / 北 / 普通窗 ; 卧室A / 4.6平米 / 无 / 无窗 ; 卧室B / 8.33平米 / 北 / 落地窗 ; 卧室C / 4.96平米 / 北 / 落地窗 ; 厨房 / 3.6平米 / 无 / 无窗 ; 卫生间A / 4.68平米 / 北 / 落地窗 ; 卫生间B / 3.13平米 / 无 / 无窗 ; 阳台 / 1.77平米 / 北 / 普通窗 ; 过道 / 6.39平米 / 北 / 落地窗,
观澜天虹 格澜郡南北通大三房 红本在手 位置安静,"中航格澜郡阳光花园 , 观澜",3室2厅,122.05平米,南,精装,低楼层(共11层),2006年,,453 万,37116 元,2,,,VR房源 | 房本满五年,https://sz.lianjia.com/ershoufang/105116366704.html,VR房源 | 房本满五年,此房满五年，红本在手，位置安静看花园，大社区绿化好，居家舒适,,综合商场：天虹商场、福城天虹、民乐福购物场所 医院：观澜人民医院 邮局：观澜邮局 银行：农业银行，浦发银行，建设银行，中国工商银行 其他：文化艺术场所、体育活动场所。,综合商场：天虹商场、福城天虹、民乐福购物场所 医院：观澜人民医院 邮局：观澜邮局 银行：农业银行，浦发银行，建设银行，中国工商银行 其他：文化艺术场所、体育活动场所。,,,2007-06-12,2024-03-15,商品房,普通住宅,满五年,非共有,无抵押,挂牌时间:2024-03-15 | 交易权属:商品房 | 上次交易:2007-06-12 | 房屋用途:普通住宅 | 房屋年限:满五年 | 产权所属:非共有 | 抵押信息:无抵押 | 房本备件:已上传房本照片,客厅 / 27.95平米 / 无 / 未知窗户类型 ; 餐厅 / 13.04平米 / 无 / 无窗 ; 卧室A / 12.34平米 / 无 / 未知窗户类型 ; 卧室B / 13.81平米 / 无 / 无窗 ; 卧室C / 10.9平米 / 无 / 未知窗户类型 ; 厨房 / 5.21平米 / 东 / 普通窗 ; 卫生间A / 4.87平米 / 东 / 普通窗 ; 卫生间B / 4.48平米 / 西 / 普通窗 ; 阳台 / 3.9平米 / 无 / 无窗 ; 阳台B / 4.29平米 / 无 / 无窗 ; 过道 / 1.89平米 / 无 / 无窗,
精装三房，近茜坑地铁，满五低税,"合正观澜汇一期 , 观澜",3室2厅,74.22平米,南,精装,33层,2016年,板塔结合,386 万,52008 元,0,,,近地铁 | VR房源 | 房本满五年,https://sz.lianjia.com/ershoufang/105114976539.html,地铁 | VR房源 | 房本满五年,此房满五唯一，75平户型三房，户型使用率高！,合正品牌开发商，小区是2015年新社区，2017年7月毛坯交房，小区共计6栋，三梯六户，户型为75，80，83，88，89，125，141，180平米3-5房。小区自带泳池。楼下自带商.业。居住便捷舒适。,福成天虹商场就在楼下，购物便利。楼下就是茜坑地铁的B口，出行便利。商城，观影，餐饮，购物，休闲一站式,小区临.近观澜大道，交通便捷，4号线已开通，茜坑站。龙观快速接驳福龙路，直达福田香蜜湖，梅观高速，机荷高速,,,2016-03-22,2023-10-06,商品房,普通住宅,满五年,非共有,有抵押 370万元 建设银行 客户偿还,挂牌时间:2023-10-06 | 交易权属:商品房 | 上次交易:2016-03-22 | 房屋用途:普通住宅 | 房屋年限:满五年 | 产权所属:非共有 | 抵押信息:有抵押 370万元 建设银行 客户偿还 | 房本备件:已上传房本照片,客厅 / 23.44平米 / 西 / 普通窗 ; 卧室A / 20.9平米 / 无 / 未知窗户类型 ; 卧室B / 8.27平米 / 无 / 未知窗户类型 ; 厨房 / 5.1平米 / 南 / 普通窗 ; 卫生间 / 4.85平米 / 无 / 普通窗 ; 阳台A / 4.14平米 / 西 南 / 普通窗 ; 阳台B / 4.65平米 / 南 / 普通窗 ; 过道 / 2.04平米 / 无 / 无窗,
地铁4号线 华盛观荟2期 3房出售，诚意卖价格可谈,"华盛观荟名庭 , 观澜",3室2厅,79.49平米,西南,,低楼层(共32层),2018年,板塔结合,316 万,39754 元,6,,,近地铁 | VR房源,https://sz.lianjia.com/ershoufang/105115405383.html,地铁 | VR房源,地铁4号线 华盛观荟2期 3房出售，诚意卖价格可谈,小区分两期开发，一期由公寓和住宅，二期三栋住宅。小区一期楼下是商 业，三楼是空中花园，三楼以上是住宅，一共有二栋一栋是公寓二栋是住宅，二期的小户型是2018年下半年才精装交房，次新房，居住舒适，二期自带泳池和园林,商场：楼下就是购物广场，以及天虹、人人乐，比邻新天地医院：观澜人民医院 深圳市龙华新区慢性病防治.观澜医院竹村社区健康服务邮局：中国邮政 中国邮政 观澜邮政局银行：中国建设银行，深圳市农村商.业银行。中国农业银行等，以及格兰云天酒店,公交;，福民影剧院;M337路M464路， 1经泗黎路与观光路，3个红绿灯到达梅观高速，梅观高速快速到达福田区； 2．通过观澜大道转机荷高速，可快速到达龙岗，宝安机场等等，出行方便。4号地铁离小区仅500米，换乘到深圳各区,,,暂无数据,2023-11-22,商品房,普通住宅,暂无数据,非共有,有抵押,挂牌时间:2023-11-22 | 交易权属:商品房 | 上次交易:暂无数据 | 房屋用途:普通住宅 | 房屋年限:暂无数据 | 产权所属:非共有 | 抵押信息:有抵押 | 房本备件:未上传房本照片,客厅 / 22.22平米 / 西南 / 普通窗 ; 卧室A / 10.53平米 / 无 / 未知窗户类型 ; 卧室B / 12.77平米 / 无 / 未知窗户类型 ; 卧室C / 5.58平米 / 西北 / 普通窗 ; 厨房 / 4.9平米 / 西南 / 普通窗 ; 卫生间 / 4.52平米 / 东北 / 普通窗 ; 阳台 / 3.35平米 / 西南 东南 / 普通窗 ; 储物间 / 2.23平米 / 无 / 无窗 ; 过道 / 1.75平米 / 无 / 无窗,
叠加上户，带院子带天台，带车位,"观湖园 , 观澜",4室1厅,175.6平米,东南,精装,中楼层(共4层),2009年,板楼,1060 万,60365 元,0,,,VR房源 | 随时看房,https://sz.lianjia.com/ershoufang/105114418265.html,VR房源 | 随时看房,格局好采光通风强带天台和院子顶楼天台视野好,,,,,,2020-11-23,2023-08-03,商品房,普通住宅,暂无数据,非共有,无抵押,挂牌时间:2023-08-03 | 交易权属:商品房 | 上次交易:2020-11-23 | 房屋用途:普通住宅 | 房屋年限:暂无数据 | 产权所属:非共有 | 抵押信息:无抵押 | 房本备件:已上传房本照片,客厅 / 38.97平米 / 东北 / 落地窗 ; 卧室A / 11.58平米 / 无 / 未知窗户类型 ; 卧室B / 10.1平米 / 东北 / 落地窗 ; 卧室C / 22平米 / 无 / 未知窗户类型 ; 卧室D / 16.01平米 / 无 / 无窗 ; 卧室E / 14.95平米 / 东北 / 落地窗 ; 卧室F / 15.57平米 / 西 / 落地窗 ; 厨房 / 8.34平米 / 东南 / 普通窗 ; 卫生间A / 5.34平米 / 东南 / 普通窗 ; 卫生间B / 5.63平米 / 无 / 无窗 ; 卫生间C / 3.88平米 / 东南 / 普通窗 ; 卫生间D / 3.5平米 / 无 / 无窗 ; 阳台A / 5.29平米 / 无 / 无窗 ; 阳台B / 7.77平米 / 东 / 落地窗 ; 阳台C / 36.73平米 / 西南 西北 东北 东南 / 普通窗 ; 储物间 / 3.93平米 / 无 / 无窗 ; 入户花园 / 7.6平米 / 东北 / 落地窗 ; 过道A / 11.94平米 / 无 / 无窗 ; 过道C / 17.98平米 / 东北 / 普通窗,
招商观园精装三房，业主诚心出售,"招商观园 , 观澜",3室1厅,88.92平米,南,精装,高楼层(共18层),2012年,塔楼,358 万,40261 元,1,,,VR房源,https://sz.lianjia.com/ershoufang/105112761798.html,VR房源,房子满五年 业主诚心出售 房子已经空置 随时可以签约,招商观园地块位于深圳市宝安区观澜街道环观南路北侧，与观澜高新技术园区隔路相望，邻进梅观高速、机荷高速，占地147595.156平方米，招商观园2期将近期推出全新升级力作中.央园林湖景单位，,医疗龙华医院（4600米百度地图测距龙华综合医院在建中3100米百度地图测距新科技园社区健康服务购物商场楼下佳又惠百货医院天虹（2400米百度地图测距,,,,暂无数据,2023-02-22,商品房,普通住宅,暂无数据,非共有,有抵押 250万元 0 业主自还,挂牌时间:2023-02-22 | 交易权属:商品房 | 上次交易:暂无数据 | 房屋用途:普通住宅 | 房屋年限:暂无数据 | 产权所属:非共有 | 抵押信息:有抵押 250万元 0 业主自还 | 房本备件:未上传房本照片,客厅 / 23.63平米 / 无 / 未知窗户类型 ; 书房 / 4.79平米 / 无 / 无窗 ; 卧室A / 10.99平米 / 无 / 未知窗户类型 ; 卧室B / 14.67平米 / 南 / 普通窗 ; 卫生间 / 7.89平米 / 西 / 落地窗 ; 阳台 / 5.23平米 / 西 南 / 普通窗 ; 过道 / 3.05平米 / 无 / 无窗 ; 门厅 / 14平米 / 西 / 落地窗,
观澜湖独栋别墅 大花园 已挖好地下室 位置高景观好,"观澜湖 , 观澜",5室2厅,289平米,西,毛坯,低楼层(共2层),,,3000 万,103807 元,1,,,VR房源 | 随时看房,https://sz.lianjia.com/ershoufang/105110585555.html,VR房源 | 随时看房,位置高，景观好，花园方正，已挖好地下室，大使用面积,小区低密度，居住环境优美，安静，小区南门口有观澜湖新城，生态体育公园等等，出则繁华，入则安静,,小区南门口有地铁站和公交站，多条公交线经过，小区到宝安机场39公里（百度地图显示），小区到深圳北站20公里（百度地图显示），小区皇岗口岸30公里（百度地图显示），小区到龙华区人民医院11公里（百度地图显示）,,,暂无数据,2022-05-24,商品房,别墅,暂无数据,非共有,有抵押,挂牌时间:2022-05-24 | 交易权属:商品房 | 上次交易:暂无数据 | 房屋用途:别墅 | 房屋年限:暂无数据 | 产权所属:非共有 | 抵押信息:有抵押 | 房本备件:未上传房本照片,客厅A / 158.68平米 / 无 / 无窗 ; 客厅B / 137.6平米 / 西 北 南 / 落地窗 ; 卧室A / 40.4平米 / 无 / 无窗 ; 卧室B / 28.94平米 / 无 / 落地窗 ; 卧室C / 24.12平米 / 无 / 落地窗 ; 卧室D / 24.35平米 / 无 / 落地窗 ; 卧室E / 30.6平米 / 无 / 无窗 ; 卧室F / 24平米 / 无 / 普通窗 ; 卧室G / 36.67平米 / 无 / 落地窗 ; 卧室H / 23.07平米 / 无 / 落地窗 ; 卧室I / 21.88平米 / 无 / 落地窗 ; 卫生间A / 13.25平米 / 北 / 普通窗 ; 卫生间B / 27.38平米 / 无 / 普通窗 ; 卫生间C / 4.53平米 / 无 / 普通窗 ; 储物间A / 4.58平米 / 无 / 无窗 ; 储物间B / 5.95平米 / 无 / 无窗 ; 储物间C / 12.87平米 / 无 / 无窗 ; 储物间D / 5.02平米 / 北 / 普通窗 ; 储物间E / 33.47平米 / 东 / 落地窗 ; 储物间F / 8.75平米 / 无 / 普通窗 ; 储物间G / 18.32平米 / 无 / 无窗 ; 阁楼 / 78.29平米 / 无 / 无窗 ; 楼梯间 / 13.31平米 / 无 / 普通窗 ; 过道A / 47.91平米 / 无 / 普通窗 ; 过道B / 59.44平米 / 北 东 / 普通窗 ; 过道C / 34.46平米 / 无 / 无窗 ; 衣帽间A / 9.51平米 / 无 / 普通窗 ; 衣帽间B / 10.37平米 / 无 / 普通窗,
独栋别墅，东南朝向  有地下室，有花园，有露台，,"观湖园 , 观澜",7室3厅,186.79平米,南,毛坯,3层,2012年,板楼,1075 万,57552 元,4,,,VR房源 | 随时看房,https://sz.lianjia.com/ershoufang/105110229646.html,VR房源 | 随时看房,此套房独栋别墅，东南朝向，一线湖景，园区别墅中间位置,小区是别墅小区，主要是叠拼，双拼，独栋，叠下带花园，叠上带天台，双拼有花园，有天台，独栋，就是独门独院，临湖单证双拼，东南朝向，一线湖景，位于园区别墅中间位置，安静。客厅前后花园，侧面阶梯花园，带车库，地下室。实际使用面积约480平，,,,,,暂无数据,2022-04-08,商品房,别墅,暂无数据,非共有,无抵押,挂牌时间:2022-04-08 | 交易权属:商品房 | 上次交易:暂无数据 | 房屋用途:别墅 | 房屋年限:暂无数据 | 产权所属:非共有 | 抵押信息:无抵押 | 房本备件:未上传房本照片,客厅 / 102.05平米 / 北 东 南 / 普通窗 ; 卧室A / 21.47平米 / 北 / 普通窗 ; 卧室B / 16.13平米 / 南 / 普通窗 ; 卧室C / 13.62平米 / 南 / 普通窗 ; 卧室D / 54.74平米 / 西 北 / 普通窗 ; 卧室E / 14.98平米 / 南 / 普通窗 ; 卧室F / 13.88平米 / 南 / 普通窗 ; 厨房 / 5.82平米 / 西 / 普通窗 ; 卫生间A / 4.07平米 / 东 / 普通窗 ; 卫生间B / 4.65平米 / 西 / 普通窗 ; 卫生间C / 4.5平米 / 西 / 普通窗 ; 卫生间D / 4.11平米 / 无 / 无窗 ; 卫生间E / 3.93平米 / 东 / 普通窗 ; 阳台A / 15.13平米 / 西 北 东 / 普通窗 ; 阳台B / 5.83平米 / 西 北 / 普通窗 ; 阳台C / 6.16平米 / 西 东 南 / 普通窗 ; 阳台D / 6.01平米 / 东 南 / 普通窗 ; 阳台E / 10.1平米 / 西 北 东 / 普通窗 ; 阳台F / 10.3平米 / 西 南 / 普通窗 ; 阳台G / 4.68平米 / 东 南 / 普通窗 ; 露台 / 102.23平米 / 西 北 东 南 / 普通窗 ; 花园 / 104.73平米 / 无 / 普通窗 ; 储物间 / 9.31平米 / 北 / 普通窗 ; 车库 / 14.43平米 / 无 / 无窗 ; 地下室 / 110.62平米 / 无 / 普通窗 ; 天井 / 2.55平米 / 无 / 普通窗 ; 楼梯间 / 5.35平米 / 南 / 落地窗 ; 过道A / 19.12平米 / 南 / 落地窗 ; 过道B / 19.01平米 / 南 / 落地窗,
观澜湖大双拼，花园420平带泳池，朝南豪/装,"观澜湖 , 观澜",6室3厅,226.17平米,东南,精装,低楼层(共3层),1998年,板塔结合,2100 万,92851 元,10,,,VR房源,https://sz.lianjia.com/ershoufang/105103568449.html,VR房源,豪/装6房，前后花园420平，带车库，低密度，户型正看高尔夫,整个小区占地8平方公里，绿化覆盖99.7%，级风景区，环高尔夫球场，环境优美，空气清新，适合自住度假或养老,无缝接轨港铁4号线观澜湖新城站，南大门自带***平购物综合体，吃喝玩乐样样都有，小区自带博朗斯国际双语幼儿园，出北门4.9公里到塘厦医院,,,,暂无数据,2019-12-18,商品房,普通住宅,暂无数据,非共有,无抵押,挂牌时间:2019-12-18 | 交易权属:商品房 | 上次交易:暂无数据 | 房屋用途:普通住宅 | 房屋年限:暂无数据 | 产权所属:非共有 | 抵押信息:无抵押 | 房本备件:未上传房本照片,客厅A / 96.41平米 / 无 / 普通窗 ; 客厅B / 82.26平米 / 北 南 / 落地窗 ; 多功能间 / 16.96平米 / 无 / 无窗 ; 卧室A / 12.12平米 / 无 / 无窗 ; 卧室B / 13.71平米 / 无 / 普通窗 ; 卧室C / 9.03平米 / 无 / 普通窗 ; 卧室D / 11.28平米 / 北 / 普通窗 ; 卧室E / 32.74平米 / 南 / 普通窗 ; 卧室F / 13.06平米 / 西 北 / 普通窗 ; 厨房 / 9.65平米 / 西 / 普通窗 ; 淋浴间 / 5.77平米 / 无 / 无窗 ; 卫生间A / 2.85平米 / 无 / 无窗 ; 卫生间B / 2.5平米 / 北 / 普通窗 ; 卫生间C / 1.83平米 / 无 / 普通窗 ; 卫生间D / 4.98平米 / 无 / 无窗 ; 卫生间E / 15.09平米 / 西 南 / 普通窗 ; 卫生间F / 4.35平米 / 西 / 普通窗 ; 阳台 / 54.25平米 / 西 东 南 / 普通窗 ; 阳台B / 7.77平米 / 西 东 南 / 普通窗 ; 阳台C / 6.17平米 / 西 北 东 / 普通窗 ; 储物间 / 6.9平米 / 无 / 普通窗 ; 车库 / 18.02平米 / 无 / 无窗 ; 过道A / 9.27平米 / 无 / 落地窗 ; 过道B / 12.12平米 / 北 / 落地窗 ; 衣帽间 / 7.13平米 / 无 / 无窗,
金地鹭湖1号 精装修 朝南看花园 位置安静 横厅3房,"金地鹭湖1号 , 观澜",3室1厅,88.29平米,南,,中楼层(共16层),2015年,塔楼,420 万,47571 元,0,,,VR看装修,https://sz.lianjia.com/ershoufang/105121602736.html,VR看装修,此房满五年唯一 业主自住装修 保养好 位置安静,金地鹭湖1号位于龙华区观澜街道梅观高速与环观南路交汇处;鹭湖国际住区，项目主打户型产品：建面89m三房。项目占地面积约 91197.68平方米，总建筑面积约164150平方米，。位处2000亿龙华行.政、科技、生态三中芯。,,多维立体城市千道;环观南路直通平湖，梅观高速直达福田，北通东莞，沈海高速连接深圳前海以及东部坪山以及惠州，潮汕。龙华有轨电车无缝接驳地铁4号线清湖站。另有22+18号双地铁口（规划）。,,,暂无数据,2025-07-29,商品房,普通住宅,暂无数据,非共有,无抵押,挂牌时间:2025-07-29 | 交易权属:商品房 | 上次交易:暂无数据 | 房屋用途:普通住宅 | 房屋年限:暂无数据 | 产权所属:非共有 | 抵押信息:无抵押 | 房本备件:未上传房本照片,,
地铁口次新大三房，高楼层采光好，视野开阔大阳台,"万科启城 , 观澜",3室2厅,101.7平米,东南 南 西南,精装,高楼层(共48层),2023年,板塔结合,418 万,41102 元,0,,,近地铁 | VR看装修,https://sz.lianjia.com/ershoufang/105122022661.html,地铁 | VR看装修,此房东南向，通风光线好，高楼层，视野宽阔,小区人车分流，6栋高层，围合式花园，小区有泳池有儿童乐园，门口有长湖公园和三外，600米长湖地铁站，300米有菜市场，生活方便居家舒适,距小区600米民法公园，龙华中心医院，长湖地铁站，一站福城天虹近福民菜市场,,,,2021-12-05,2025-09-04,商品房,普通住宅,暂无数据,非共有,无抵押,挂牌时间:2025-09-04 | 交易权属:商品房 | 上次交易:2021-12-05 | 房屋用途:普通住宅 | 房屋年限:暂无数据 | 产权所属:非共有 | 抵押信息:无抵押 | 房本备件:已上传房本照片,客厅 / 21.87平米 / 西南 / 普通窗 ; 卧室A / 6.92平米 / 无 / 未知窗户类型 ; 卧室B / 12.2平米 / 无 / 未知窗户类型 ; 卧室C / 9.12平米 / 西南 / 普通窗 ; 厨房 / 4.12平米 / 东南 / 普通窗 ; 卫生间A / 7.41平米 / 东北 / 落地窗 ; 卫生间B / 3.61平米 / 东南 / 普通窗 ; 阳台 / 7.65平米 / 西南 / 普通窗 ; 过道 / 4.18平米 / 无 / 无窗,
满五税费少，东南向，户型方正，使用率高，诚心出售,"阳基御龙山 , 观澜",3室2厅,81.22平米,东南,简装,31层,2018年,板塔结合,295 万,36322 元,4,,,VR房源,https://sz.lianjia.com/ershoufang/105117031653.html,VR房源,此房满五唯一，三房两厅两卫一阳，户型方正，南朝向，方正,小区2018年建成，总建筑面积117475，总占地面积20176.4，共计房屋1082户，小区物业公司为深圳市阳基物业管理有限公司，物业管理费3.8元/平方。小区有地面花园，绿化好，有儿童乐园，康乐设施，文体馆，有12班公立幼儿园，门口还有社区公园。,,交通方便，小区门口有公交站，公交可以直达龙华，也可以转乘地铁，离长湖地铁站约1.3公里。,,,暂无数据,2024-05-19,商品房,普通住宅,暂无数据,非共有,有抵押 110万元  农村商业银行,挂牌时间:2024-05-19 | 交易权属:商品房 | 上次交易:暂无数据 | 房屋用途:普通住宅 | 房屋年限:暂无数据 | 产权所属:非共有 | 抵押信息:有抵押 110万元  农村商业银行 | 房本备件:未上传房本照片,客厅 / 28.71平米 / 无 / 未知窗户类型 ; 卧室A / 13.4平米 / 北 东 / 落地窗 ; 卧室B / 7.81平米 / 西 / 落地窗 ; 卧室C / 8.74平米 / 无 / 未知窗户类型 ; 卫生间A / 3.49平米 / 西 / 落地窗 ; 卫生间B / 2.89平米 / 西 / 落地窗 ; 阳台 / 4.05平米 / 北 东 南 / 普通窗 ; 储物间 / 5.73平米 / 无 / 无窗,
房子户型方正  采光通风良好   看小区景观,"观湖园 , 观澜",4室1厅,175.6平米,东南,毛坯,中楼层(共4层),2019年,板楼,870 万,49545 元,1,,,VR房源 | 房本满五年 | 随时看房,https://sz.lianjia.com/ershoufang/105120172238.html,VR房源 | 房本满五年 | 随时看房,深圳纯别墅小区，无高层，容积低,观湖园项目位于龙华新区观澜镇，邻近梅观高速公路，在梅观高速观澜出口。小区占地面积：37.6平方米，容积低，绿化高，东南亚园林景观设计。双拼跟独栋管理费是6.5平米，叠拼的管理费是4.95平米，小区安保严密，24小时巡逻监控,小区南门200米，有菜市场，能满足日常所需；距离观澜湖新城约5公 里，观澜湖新城是大型的，一系列品牌都已进驻，购物娱乐 都相当方便；距离观澜人民医院及伟光医院约6公里,观湖园纯别墅小区邻近梅观高速公路，距离梅观高速观澜出口约1.5公里 ，去南山约33公里，罗湖约30公里，福田约28公里，交通如此便利的接轨 市内生活圈。到观澜汽车站和观澜湖新城约5公里。,,,2009-05-03,2025-03-24,商品房,普通住宅,满五年,非共有,有抵押,挂牌时间:2025-03-24 | 交易权属:商品房 | 上次交易:2009-05-03 | 房屋用途:普通住宅 | 房屋年限:满五年 | 产权所属:非共有 | 抵押信息:有抵押 | 房本备件:已上传房本照片,,
此房满五唯一，中间楼层，位置安静，看房方便,"深业泰然观澜玫瑰苑 , 观澜",4室2厅,151.39平米,南,毛坯,31层,2016年,板塔结合,680 万,44918 元,1,,,近地铁 | VR看装修 | 随时看房,https://sz.lianjia.com/ershoufang/105119699164.html,地铁 | VR看装修 | 随时看房,此房满五唯一，中间楼层，南向看公园，位置安静，原始毛坯户型,小区为综合体，以空中花园为分开住宅与商场。由深圳市国惠康国泰房地产开发有限公司开发，深业泰然（集团）有限公司控股，成立于1985年的深圳市属国有企业，注册资金8亿元，旗下拥有9家控股企业、2家参股企业资历雄厚。,兴万达广场，百佳华广场，场可以满足生活逛街需求，5公里内有观澜湖新城购物广场，衣食玩乐—一满足，购物happy的天堂，在走远一些是景区山水田园，跟亚洲大大的高尔夫球会，另有观澜版画村基地。,小区门距离有轨轨电车-新澜站100米，地铁4号线观澜站。楼下就是公交站吉盛酒店大公交站台，另外5公里上龙观快速，3公里上珠三角环线高速，各种交通设施配套齐全，出行便利。,,,暂无数据,2025-02-15,商品房,普通住宅,暂无数据,非共有,有抵押 270万元,挂牌时间:2025-02-15 | 交易权属:商品房 | 上次交易:暂无数据 | 房屋用途:普通住宅 | 房屋年限:暂无数据 | 产权所属:非共有 | 抵押信息:有抵押 270万元 | 房本备件:未上传房本照片,客厅 / 42.5平米 / 西南 东北 东南 / 普通窗 ; 卧室A / 21.14平米 / 无 / 未知窗户类型 ; 卧室B / 11.77平米 / 无 / 未知窗户类型 ; 卧室C / 12.48平米 / 无 / 未知窗户类型 ; 卧室D / 6.48平米 / 无 / 未知窗户类型 ; 厨房 / 4.8平米 / 东北 / 普通窗 ; 卫生间A / 4.38平米 / 西南 / 普通窗 ; 卫生间B / 3.14平米 / 东北 / 普通窗 ; 阳台A / 7.3平米 / 西南 东北 东南 / 普通窗 ; 阳台B / 2.95平米 / 东北 / 普通窗 ; 阳台C / 2.07平米 / 东北 / 普通窗 ; 阳台D / 3.63平米 / 西南 / 普通窗 ; 过道 / 2.4平米 / 无 / 无窗,
奥宸观壹城华府91平3房2卫 看花园安静,"奥宸观壹城 , 观澜",3室2厅,91.11平米,东北,,高楼层(共33层),2018年,板塔结合,300 万,32928 元,1,,,近地铁 | VR房源,https://sz.lianjia.com/ershoufang/105120814651.html,地铁 | VR房源,满五唯一 税费少 业主 急  卖，房子户型方正使用 率 高,目占地约五万，总建面达到三十万平米，并且规划为具有70-130平米的住宅、40-80平米的公寓、以及四万平米的商场，小区里面配有水系景观，娱乐健身场所，儿童游乐场等,项目对，面有杜鹃幼儿园未来项目规划自带3200平米的12班中英双语幼儿园以及近的SHOPPINGMAL同时项目地理位置较为靠观澜湖新城未来也可共享观澜商，业旗舰,项目位于观平路与人民路交汇处西北侧，地铁4号线松元夏站旁边，交通比较方便，有公车线路，和观澜汽车总站，有各区班车到达清湖地铁站,,,暂无数据,2025-05-22,商品房,普通住宅,暂无数据,非共有,有抵押 340万元 民生银行,挂牌时间:2025-05-22 | 交易权属:商品房 | 上次交易:暂无数据 | 房屋用途:普通住宅 | 房屋年限:暂无数据 | 产权所属:非共有 | 抵押信息:有抵押 340万元 民生银行 | 房本备件:未上传房本照片,,
观澜湖赛维纳 4室1厅 东南,"观澜湖赛维纳 , 观澜",4室1厅,235.99平米,东南,,中楼层(共17层),2002年,板楼,900 万,38138 元,0,,,VR房源 | 房本满五年,https://sz.lianjia.com/ershoufang/105121437865.html,VR房源 | 房本满五年,,,,,,,2015-09-16,2025-07-14,商品房,普通住宅,满五年,非共有,有抵押,挂牌时间:2025-07-14 | 交易权属:商品房 | 上次交易:2015-09-16 | 房屋用途:普通住宅 | 房屋年限:满五年 | 产权所属:非共有 | 抵押信息:有抵押 | 房本备件:已上传房本照片,客厅 / 69.2平米 / 北 南 / 落地窗 ; 卧室A / 37.98平米 / 无 / 未知窗户类型 ; 卧室B / 9.07平米 / 无 / 未知窗户类型 ; 卧室C / 15.48平米 / 无 / 未知窗户类型 ; 卧室D / 8.94平米 / 无 / 未知窗户类型 ; 厨房 / 11.45平米 / 北 / 普通窗 ; 卫生间A / 5.36平米 / 北 / 普通窗 ; 卫生间B / 4.97平米 / 北 / 普通窗 ; 卫生间C / 4.15平米 / 北 / 普通窗 ; 阳台 / 9.55平米 / 南 / 普通窗 ; 储物间 / 1.66平米 / 北 / 普通窗 ; 衣帽间 / 5.81平米 / 东 / 普通窗,
地铁四号线观澜地铁站.三房两卫户型方正中间楼层.,"佳华领域广场 , 观澜",3室2厅,89.01平米,东南,,中楼层(共38层),2017年,板楼,410 万,46063 元,0,,,近地铁 | VR看装修,https://sz.lianjia.com/ershoufang/105121902542.html,地铁 | VR看装修,住家装修，满五年，高楼层，视野好，税费少，拎包入住，看房..,由百佳华集团开发建造，分两期开发；一期共6栋组成，二期为综合体+写字楼；小区人车分流，自带12班幼儿园；环境优美，居家舒适,"：
小区自带有百佳华综合体，近有各大银行，兴万达商场，观澜老街步行街，过马路就是观澜小 学；1.2公里有龙华新区医院，配套完善能完全满足您日常生活所需",,,,暂无数据,2025-08-24,商品房,普通住宅,暂无数据,非共有,有抵押,挂牌时间:2025-08-24 | 交易权属:商品房 | 上次交易:暂无数据 | 房屋用途:普通住宅 | 房屋年限:暂无数据 | 产权所属:非共有 | 抵押信息:有抵押 | 房本备件:未上传房本照片,,
地铁四号线.观澜地铁口.地铁20米.楼下就是商场.彩光好,"佳华领域广场 , 观澜",3室2厅,61.72平米,南,,低楼层(共24层),2019年,板塔结合,200 万,32405 元,0,,,近地铁 | 随时看房,https://sz.lianjia.com/ershoufang/105121922915.html,地铁 | 随时看房,装修满五年高楼层视野好税费少看房,由百佳华集团开发建造分两期开发一期共6栋组成二期为综合体写字楼小区人车分流自带12班幼儿园环境优美舒适,小区自带有百佳华综合体近有各大银行行万达商场观澜老街步行街过马路就是观澜小学.1.2公里有龙华新区医院配套完善,小区位于双轨交汇处，有轨电车-新澜站，地铁4号线-观澜站，距离小区100米（百度地图）、还有公交站吉盛酒店公交站台，另自驾5公里上龙观快速，4公里上珠三角环线高速。,,,暂无数据,2025-08-26,商品房,商业办公类,暂无数据,非共有,无抵押,挂牌时间:2025-08-26 | 交易权属:商品房 | 上次交易:暂无数据 | 房屋用途:商业办公类 | 房屋年限:暂无数据 | 产权所属:非共有 | 抵押信息:无抵押 | 房本备件:未上传房本照片,,
精装修三房，保养好，次新房，旁边就是景区,"北宸之光家园 , 观澜",3室2厅,81.3平米,南,,中楼层(共49层),2023年,塔楼,285 万,35056 元,0,,,VR房源,https://sz.lianjia.com/ershoufang/105121919635.html,VR房源,小区由3栋楼房组成，社区自带幼儿园，大泳池，儿童活动场地,,配套齐全，有牛湖夜市街区、观澜湖新城，购物、休闲、娱乐一应俱全；同时项目自带社区购物，生活便利,,,,暂无数据,2025-08-26,商品房,普通住宅,暂无数据,非共有,有抵押 150万元,挂牌时间:2025-08-26 | 交易权属:商品房 | 上次交易:暂无数据 | 房屋用途:普通住宅 | 房屋年限:暂无数据 | 产权所属:非共有 | 抵押信息:有抵押 150万元 | 房本备件:未上传房本照片,客厅 / 18.41平米 / 南 / 普通窗 ; 卧室A / 5.66平米 / 南 / 普通窗 ; 卧室B / 10.24平米 / 无 / 未知窗户类型 ; 卧室C / 6.1平米 / 无 / 未知窗户类型 ; 厨房 / 4.08平米 / 东 / 普通窗 ; 卫生间 / 6.8平米 / 北 / 落地窗 ; 阳台 / 6.61平米 / 南 / 普通窗 ; 过道 / 3.51平米 / 无 / 无窗,
高楼层，置换四房，全新小区，价格也是亮点!,"御景华府 , 观澜",4室2厅,104.88平米,南,毛坯,高楼层(共32层),2023年,板塔结合,415 万,39570 元,3,,,VR看装修 | 随时看房,https://sz.lianjia.com/ershoufang/105119916633.html,VR看装修 | 随时看房,高楼层，全新毛坯，改善四房，全新小区，价格也是亮点!,,,项目处于观澜高新园、鹭湖城片区，项目邻地铁18号线（规划中）/22号线（规划中），近五和大道、环观南路、沈海高速、梅观高速等交通快速干道，多维立体交通畅达。,,,2021-11-13,2025-03-04,商品房,普通住宅,暂无数据,非共有,无抵押,挂牌时间:2025-03-04 | 交易权属:商品房 | 上次交易:2021-11-13 | 房屋用途:普通住宅 | 房屋年限:暂无数据 | 产权所属:非共有 | 抵押信息:无抵押 | 房本备件:已上传房本照片,客厅 / 24.97平米 / 南 / 普通窗 ; 卧室A / 6.16平米 / 无 / 未知窗户类型 ; 卧室B / 15.83平米 / 无 / 未知窗户类型 ; 卧室C / 6.17平米 / 无 / 未知窗户类型 ; 卧室D / 7.02平米 / 无 / 未知窗户类型 ; 厨房 / 3.09平米 / 西 / 普通窗 ; 卫生间A / 2.84平米 / 无 / 普通窗 ; 卫生间B / 4.07平米 / 北 / 落地窗 ; 阳台A / 2.48平米 / 西 / 普通窗 ; 阳台B / 7.75平米 / 西 南 / 普通窗 ; 过道 / 4.07平米 / 无 / 无窗,
满五唯一税费少，看花园，客厅正出阳台，精装修,"城建仁山智水花园一期 , 观澜",5室2厅,158.15平米,北 南,精装,低楼层(共22层),2015年,塔楼,930 万,58805 元,1,,,VR看装修,https://sz.lianjia.com/ershoufang/105121030493.html,VR看装修,满五唯一住家装修，看花园，客厅出阳台，拎包入住，税费少。,仁山智水由深圳市城市建设开发公司开发，小区占地近20 0000平方米，总建筑面积为557584.63㎡，住宅282053.6㎡，商铺5860㎡，幼儿园3500.08㎡，建筑主体包括95栋住宅楼，其中有83栋低多层住宅及8栋高层和4栋高层，住宅共1445户，车位3158个,平安医院（6-800米百度地图测距）社区健康服务购物商场楼下保地利百货，天虹（2400米百度地图测距），22号线观湖站300米在建中,公交（观澜高新园站）M517、M264、313、E4路等，出小区约100有轨电车站台（电车接驳地铁4号线清湖地铁口），高速公路：机荷高速公路、梅观高速公路，交通方便，22号线观湖站300米在建中,,,暂无数据,2025-06-10,商品房,普通住宅,暂无数据,非共有,有抵押 350万元,挂牌时间:2025-06-10 | 交易权属:商品房 | 上次交易:暂无数据 | 房屋用途:普通住宅 | 房屋年限:暂无数据 | 产权所属:非共有 | 抵押信息:有抵押 350万元 | 房本备件:未上传房本照片,,
观澜地铁口三房，楼层好，视野开阔，交通便利,"合正观澜汇一期 , 观澜",3室1厅,75平米,南 北,精装,33层,2016年,板塔结合,379 万,50534 元,0,,,近地铁 | VR看装修,https://sz.lianjia.com/ershoufang/105119460507.html,地铁 | VR看装修,观澜地铁口三房，楼层好，视野开阔，配套设施齐全，交通便利,合正品牌开发商，小区是2015年新社区，2017年7月毛坯交房，小区共计6栋，三梯六户，小区自带泳池。居住便捷舒适,小区地段好，交通便利，楼下就是地铁茜坑站，天虹商场。配套完善，上班族，通勤便利，户型方正，宜居家。比邻新天虹购物商城，观影，餐饮，购物，休闲一站式。格兰云天大酒店，凯美居广场，观澜湖新城,小区地段好，交通便利，楼下就是地铁茜坑站，天虹商场。配套完善，上班族，通勤便利，户型方正，宜居家,,,暂无数据,2025-01-11,商品房,普通住宅,暂无数据,非共有,有抵押 90万元 业主自还,挂牌时间:2025-01-11 | 交易权属:商品房 | 上次交易:暂无数据 | 房屋用途:普通住宅 | 房屋年限:暂无数据 | 产权所属:非共有 | 抵押信息:有抵押 90万元 业主自还 | 房本备件:未上传房本照片,客厅 / 23.19平米 / 西 / 普通窗 ; 卧室A / 8.06平米 / 南 / 普通窗 ; 卧室B / 12.37平米 / 无 / 未知窗户类型 ; 卧室C / 8.16平米 / 无 / 未知窗户类型 ; 厨房 / 5.24平米 / 无 / 无窗 ; 卫生间 / 3.85平米 / 无 / 无窗 ; 阳台A / 4.48平米 / 西 南 / 普通窗 ; 储物间 / 4.87平米 / 南 / 普通窗 ; 过道 / 2.94平米 / 无 / 无窗,
懿花园 3室2厅 南,"懿花园 , 观澜",3室2厅,89.68平米,南,精装,中楼层(共10层),2013年,板楼,399 万,44492 元,1,,,VR看装修,https://sz.lianjia.com/ershoufang/105120708364.html,VR看装修,,,,,,,暂无数据,2025-05-12,商品房,普通住宅,暂无数据,非共有,无抵押,挂牌时间:2025-05-12 | 交易权属:商品房 | 上次交易:暂无数据 | 房屋用途:普通住宅 | 房屋年限:暂无数据 | 产权所属:非共有 | 抵押信息:无抵押 | 房本备件:未上传房本照片,,
仁山毛坯，满五唯一，高使用户型之一，诚心出售,"城建仁山智水花园一期 , 观澜",4室2厅,109.19平米,东南,毛坯,中楼层(共29层),2015年,塔楼,780 万,71436 元,3,,,VR看装修,https://sz.lianjia.com/ershoufang/105120040990.html,VR看装修,此房满五唯一，高使用户型之一，诚心卖 价格可以谈,仁山智水由深圳市城市建设开发公司开发，小区占地近20平，总建筑面积为557584.63㎡，住宅282053.6㎡，商铺5860㎡，幼儿园3500.08㎡，建筑主体包括95栋住宅楼，其中有83栋低多层住宅及8栋高层和4栋高层，住宅共1445户，车位3158个,,公交线路：公交（观澜高新园站）M567、M264、313、E4路等，出小区约100有轨电车站台（电车接驳地铁4号线清湖地铁口），高速公路：机荷高速公路、梅观高速公路，交通方便。,,,暂无数据,2025-03-13,商品房,普通住宅,暂无数据,非共有,无抵押,挂牌时间:2025-03-13 | 交易权属:商品房 | 上次交易:暂无数据 | 房屋用途:普通住宅 | 房屋年限:暂无数据 | 产权所属:非共有 | 抵押信息:无抵押 | 房本备件:未上传房本照片,客厅 / 33.88平米 / 东南 / 普通窗 ; 卧室A / 11.12平米 / 无 / 未知窗户类型 ; 卧室B / 17.96平米 / 无 / 未知窗户类型 ; 卧室C / 20.1平米 / 东南 / 落地窗 ; 厨房 / 5.73平米 / 西南 / 普通窗 ; 卫生间A / 4.01平米 / 无 / 未知窗户类型 ; 卫生间B / 5.18平米 / 东北 / 普通窗 ; 阳台 / 7.71平米 / 西南 东北 东南 / 普通窗 ; 门厅 / 20.77平米 / 西南 / 普通窗,
合正观澜汇一期 满五唯一 位置安静  急售,"合正观澜汇一期 , 观澜",3室2厅,89.47平米,南 北,精装,31层,2016年,板塔结合,456 万,50967 元,1,,,近地铁 | VR房源,https://sz.lianjia.com/ershoufang/105121361173.html,地铁 | VR房源,房满五年  位置安静   业主诚心卖,,下楼步行60米有四号线茜坑站，小区自带天虹出行购物便利，吃喝玩乐都有,,,,暂无数据,2025-07-07,商品房,普通住宅,暂无数据,非共有,有抵押 350万元 兴业银行,挂牌时间:2025-07-07 | 交易权属:商品房 | 上次交易:暂无数据 | 房屋用途:普通住宅 | 房屋年限:暂无数据 | 产权所属:非共有 | 抵押信息:有抵押 350万元 兴业银行 | 房本备件:未上传房本照片,客厅 / 26.32平米 / 西北 / 普通窗 ; 卧室A / 13.92平米 / 东 / 落地窗 ; 卧室B / 7.95平米 / 西北 / 落地窗 ; 卧室C / 9.11平米 / 无 / 无窗 ; 卧室D / 6.65平米 / 东南 / 落地窗 ; 厨房 / 7.33平米 / 东 / 普通窗 ; 卫生间A / 4.64平米 / 北 / 落地窗 ; 卫生间B / 4.61平米 / 西北 / 落地窗 ; 阳台 / 4.75平米 / 西北 东北 / 普通窗 ; 过道 / 4.08平米 / 无 / 无窗,
环境优美，交通便利，配套齐全，高尔夫球场。,"观澜湖 , 观澜",7室1厅,225平米,南,毛坯,1层,2006年,板楼,2031 万,90267 元,1,,,VR房源,https://sz.lianjia.com/ershoufang/105118949422.html,VR房源,满五不唯一，环境优美，交通便利，配套齐全，高尔夫球场。,观澜湖是香港骏豪集团开发，先开发高尔夫球场，再开发房产，房子依球场而建，保证到每套房子的景观和采光，小区低密度，居住环境优美，安静，小区南门口有观澜湖新城，生态体育公园等等，出则繁华，入则安静。,小区规划自带3200平方的12班中英双语幼儿园，观澜湖新城，高尔夫球场，港铁4号线。社区工作站，派出所。,小区南门口是地铁四号线的观澜湖站，多条公交线经过，小区到宝安机场39公里（百度地图显示），小区到深圳北站20公里（百度地图显示），小区皇岗口岸30公里（百度地图显示），小区到龙华区人民医院11公里（百度地图显示,,,暂无数据,2024-11-18,商品房,别墅,暂无数据,非共有,无抵押,挂牌时间:2024-11-18 | 交易权属:商品房 | 上次交易:暂无数据 | 房屋用途:别墅 | 房屋年限:暂无数据 | 产权所属:非共有 | 抵押信息:无抵押 | 房本备件:未上传房本照片,客厅 / 84.9平米 / 无 / 落地窗 ; 卧室A / 18.39平米 / 无 / 普通窗 ; 卧室B / 5.43平米 / 北 东 / 普通窗 ; 卧室C / 10.91平米 / 北 / 普通窗 ; 卧室D / 13.54平米 / 北 东 / 普通窗 ; 卧室E / 10.66平米 / 东 / 普通窗 ; 卧室F / 33.52平米 / 西 / 普通窗 ; 厨房 / 9.33平米 / 无 / 普通窗 ; 卫生间A / 2.41平米 / 无 / 普通窗 ; 卫B / 1.98平米 / 南 / 普通窗 ; 卫生间C / 4.86平米 / 北 / 普通窗 ; 卫生间D / 4.69平米 / 南 / 普通窗 ; 卫生间E / 14.98平米 / 西 北 / 普通窗 ; 阳台A / 4.75平米 / 北 东 南 / 普通窗 ; 阳台B / 6.97平米 / 西 北 南 / 普通窗 ; 露台 / 52.29平米 / 无 / 普通窗 ; 车库 / 19.16平米 / 无 / 无窗 ; 地下室 / 140.88平米 / 无 / 落地窗 ; 过道A / 8.41平米 / 东 / 落地窗 ; 过道B / 12.01平米 / 东 / 落地窗 ; 衣帽间 / 6.88平米 / 无 / 无窗,
小区环境好，房子满五，方正三房，采光好,"中航格澜郡阳光花园 , 观澜",3室2厅,116.55平米,东 西,精装,高楼层(共9层),2006年,,429 万,36809 元,0,,,VR看装修 | 房本满五年,https://sz.lianjia.com/ershoufang/105119403252.html,VR看装修 | 房本满五年,小区环境好，房子满五，方正三房，采光好。,中航格澜郡位于深圳龙华新区观澜，东临大和路，西临沿河路，南起环观南路，北至工业大道。其北面即为观澜世纪广场与文化艺术场所，与观澜街道办仅一河之隔，可谓是尊贵地段，尽享观澜政治、文化、商 业的优势。整个小区为苏格兰风情大社区。,综合商场：天虹商场、福城天虹、民乐福购物场所 医院：观澜人民医院 邮局：观澜邮局 银行：农业银行，浦发银行，建设银行，中国工商银行 其他：文化艺术场所、体育活动场所。,"深圳中航格澜郡公交站，途径中航格澜郡公交站的有B652路、B693路、M264路等6条公交线路.深圳中航格澜郡有7个公交站,分别是大和路口(157米),安佳工业园(193米),观澜天虹商场(419米),富士施乐(470米),格兰云天酒店(569米)等。另轻轨已经开通，出行更加方便。",,,2015-11-05,2025-01-04,商品房,普通住宅,满五年,非共有,有抵押,挂牌时间:2025-01-04 | 交易权属:商品房 | 上次交易:2015-11-05 | 房屋用途:普通住宅 | 房屋年限:满五年 | 产权所属:非共有 | 抵押信息:有抵押 | 房本备件:已上传房本照片,客厅 / 29.49平米 / 北 东 / 落地窗 ; 卧室A / 7.21平米 / 南 / 普通窗 ; 卧室B / 10.36平米 / 南 / 普通窗 ; 卧室C / 17.03平米 / 无 / 未知窗户类型 ; 卧室D / 12.11平米 / 西 北 西北 / 普通窗 ; 厨房 / 5.08平米 / 南 / 普通窗 ; 卫生间A / 4.21平米 / 北 / 普通窗 ; 卫生间B / 6.37平米 / 北 / 普通窗 ; 阳台 / 3.75平米 / 西 东 南 / 普通窗 ; 过道 / 3.38平米 / 无 / 无窗,
招商锦绣观园 2室1厅 东南 东北,"招商锦绣观园 , 观澜",2室1厅,62.08平米,东南 东北,简装,中楼层(共28层),2014年,,168 万,27062 元,1,,,VR看装修 | 房本满五年,https://sz.lianjia.com/ershoufang/105121227724.html,VR看装修 | 房本满五年,,,,,,,2014-07-20,2025-06-26,商品房,普通住宅,满五年,共有,无抵押,挂牌时间:2025-06-26 | 交易权属:商品房 | 上次交易:2014-07-20 | 房屋用途:普通住宅 | 房屋年限:满五年 | 产权所属:共有 | 抵押信息:无抵押 | 房本备件:已上传房本照片,客厅 / 19.14平米 / 北 / 落地窗 ; 卧室A / 6.34平米 / 北 / 普通窗 ; 卧室B / 8.51平米 / 北 / 普通窗 ; 厨房 / 4.58平米 / 北 / 普通窗 ; 卫 / 2.51平米 / 北 / 普通窗 ; 阳台A / 1.8平米 / 北 / 普通窗 ; 阳台B / 3.72平米 / 北 / 落地窗,
招商观园 方正三房 实用户型 业主急卖,"招商观园 , 观澜",3室2厅,87.55平米,东南,简装,低楼层(共18层),2012年,塔楼,315 万,35980 元,3,,,VR看装修 | 房本满五年,https://sz.lianjia.com/ershoufang/105120141579.html,VR看装修 | 房本满五年,此房满五年唯一 税少 户型方正实用 居家装修,招商观园地块位于深圳市宝安区观澜街道环观南路北侧，与观澜高新技术园区隔路相望，邻进梅观高速、机荷高速，占地147595.156平方米，招商观园2期将近期推出全新升级力作中.央园林湖景单位，主力产品为140-180㎡大户型和少量89平,,公交线路：公交（观澜高新园站）M567、M264、313、E4路等，出小区约50米 有轨电车站台（电车接驳地铁4号线清湖地铁口），高速公路：机荷高速公路、梅观高速公路，交通方便。,,,2011-07-03,2025-03-22,商品房,普通住宅,满五年,非共有,有抵押 300万元,挂牌时间:2025-03-22 | 交易权属:商品房 | 上次交易:2011-07-03 | 房屋用途:普通住宅 | 房屋年限:满五年 | 产权所属:非共有 | 抵押信息:有抵押 300万元 | 房本备件:已上传房本照片,客厅 / 30.95平米 / 南 / 落地窗 ; 卧室A / 6平米 / 东 / 落地窗 ; 卧室B / 10.22平米 / 无 / 未知窗户类型 ; 卧室C / 14.05平米 / 无 / 未知窗户类型 ; 厨房 / 5.47平米 / 无 / 无窗 ; 卫生间 / 4.39平米 / 东 / 落地窗 ; 阳台A / 1.44平米 / 无 / 无窗 ; 阳台B / 7.44平米 / 南 / 落地窗,
观湖园纯别墅小区  上叠朝南 采光通风良好,"观湖园 , 观澜",7室3厅,150平米,南 北,精装,上叠(共4层),2012年,板楼,1262 万,84134 元,1,,,VR房源,https://sz.lianjia.com/ershoufang/105118712309.html,,,,,,,,,,,,,,,,,failed: Failed to fetch detail page after 3 attempts: https://sz.lianjia.com/ershoufang/105118712309.html
龙华观澜 合正观澜汇 * 业主自住 装修保养好,"合正观澜汇一期 , 观澜",3室2厅,89.39平米,南,,29层,2016年,板塔结合,510 万,57054 元,1,,,近地铁 | VR看装修,https://sz.lianjia.com/ershoufang/105119460840.html,地铁 | VR看装修,此房满五年唯一，业主自住，装修保养好,4号线的茜坑站地铁口物业，通勤方便，旁边有龙华区政府，龙华区图书馆,福城天虹，美佳华广场，百佳华领域广场 ，观澜天虹，龙华区图书馆就在旁边,地铁四号线的茜坑站就在小区楼下，通勤福田罗湖南山龙岗等区域都比较方便,,,暂无数据,2025-01-11,商品房,普通住宅,暂无数据,非共有,有抵押 380,挂牌时间:2025-01-11 | 交易权属:商品房 | 上次交易:暂无数据 | 房屋用途:普通住宅 | 房屋年限:暂无数据 | 产权所属:非共有 | 抵押信息:有抵押 380 | 房本备件:未上传房本照片,客厅 / 31.72平米 / 北 / 普通窗 ; 卧室A / 6.03平米 / 无 / 无窗 ; 卧室B / 8.44平米 / 北 / 落地窗 ; 卧室C / 14.15平米 / 无 / 未知窗户类型 ; 卧室D / 7.37平米 / 无 / 未知窗户类型 ; 厨房 / 5平米 / 无 / 无窗 ; 卫生间A / 5.07平米 / 北 / 落地窗 ; 卫生间B / 4.66平米 / 无 / 未知窗户类型 ; 阳台 / 5.09平米 / 北 东 / 普通窗 ; 储物间 / 1.55平米 / 东 / 普通窗 ; 过道 / 4.1平米 / 无 / 无窗,
观澜湖 5室1厅 东南,"观澜湖 , 观澜",5室1厅,196平米,东南,毛坯,低楼层(共2层),,板楼,2670 万,136225 元,0,,,VR房源,https://sz.lianjia.com/ershoufang/105121271641.html,VR房源,,,,,,,暂无数据,2025-06-30,商品房,别墅,暂无数据,非共有,无抵押,挂牌时间:2025-06-30 | 交易权属:商品房 | 上次交易:暂无数据 | 房屋用途:别墅 | 房屋年限:暂无数据 | 产权所属:非共有 | 抵押信息:无抵押 | 房本备件:未上传房本照片,客厅 / 125.8平米 / 西 北 东 南 / 落地窗 ; 多功能间 / 32.32平米 / 东 南 / 落地窗 ; 卧室A / 12.51平米 / 北 / 普通窗 ; 卧室B / 19.57平米 / 东 南 / 普通窗 ; 卧室C / 15.46平米 / 北 东 / 普通窗 ; 卧室D / 34.12平米 / 西 北 / 普通窗 ; 卫生间A / 4.24平米 / 东 / 普通窗 ; 卫生间B / 3.86平米 / 东 / 普通窗 ; 卫生间C / 4.24平米 / 北 东 / 普通窗 ; 卫生间D / 4.93平米 / 西 南 / 普通窗 ; 卫生间E / 12.49平米 / 西 南 / 普通窗 ; 阳台A / 4.28平米 / 北 东 / 普通窗 ; 阳台B / 3.45平米 / 西 北 西北 南 / 普通窗 ; 阳台C / 14.38平米 / 西 南 / 普通窗 ; 露台 / 92.27平米 / 西 北 东 南 / 普通窗 ; 储物间 / 1.71平米 / 东 / 普通窗,
茗语华苑，精装三房，随时可看房。,"正兆 · 茗语华苑 , 观澜",2室2厅,63.94平米,东南,简装,低楼层(共32层),2014年,塔楼,156 万,24398 元,5,,,VR看装修 | 随时看房,https://sz.lianjia.com/ershoufang/105119725944.html,VR看装修 | 随时看房,此房满五唯一，格局好 楼层位置好 业主诚心出售。,,,,此房子已经满了五年，税费有1%契税。业主诚心出售，喜欢可以议价。,,暂无数据,2025-02-18,商品房,普通住宅,暂无数据,非共有,无抵押,挂牌时间:2025-02-18 | 交易权属:商品房 | 上次交易:暂无数据 | 房屋用途:普通住宅 | 房屋年限:暂无数据 | 产权所属:非共有 | 抵押信息:无抵押 | 房本备件:未上传房本照片,,
地铁观澜站，佳华领域，鸿荣源观城项目隔壁,"佳华领域广场 , 观澜",3室2厅,88.68平米,南,,低楼层(共38层),2017年,板塔结合,348 万,39243 元,1,,,近地铁 | VR看装修,https://sz.lianjia.com/ershoufang/105120830613.html,地铁 | VR看装修,满五不唯一，有租约可接触，税费低,小区8栋楼，高层住宅，两梯四户为主，小区环境好，24小时物业管理，三层车库，开发商自由物业，,地铁观澜站，有轨电车新澜站，百佳华商场，鸿荣源一方天地，兴万达广场，观澜老接。,观澜地铁站，有轨电车新澜站，门口是观澜大道，旁边是平安路，距离梅观高速入口3公里路程。,,,暂无数据,2025-05-23,商品房,普通住宅,暂无数据,非共有,有抵押 业主自还,挂牌时间:2025-05-23 | 交易权属:商品房 | 上次交易:暂无数据 | 房屋用途:普通住宅 | 房屋年限:暂无数据 | 产权所属:非共有 | 抵押信息:有抵押 业主自还 | 房本备件:未上传房本照片,,
税费少，中间楼层，看房方便，方正户型。,"金地鹭湖1号 , 观澜",3室1厅,87.54平米,西南,精装,中楼层(共16层),2016年,塔楼,360 万,41125 元,6,,,VR看装修,https://sz.lianjia.com/ershoufang/105121094326.html,VR看装修,税费少，中间楼层，看房方便，方正户型。,金地鹭湖1号，位于龙华区观澜街道梅观高速与环观南路交汇处。 鹭湖国际住区项目，主打户型产品：建面89平3房2卫。还有少量137平4房2卫，及190平复式。 项目占地面积约91197.68平方米，总建筑面积约164150平方米,,"交通出行：
轨道交通：有轨电车站台，高新园西站（电车接驳地铁4号线清湖地铁口），公交线路：公交（观澜高新园站）M567、M264、313、E4路等，高速公路：机荷高速公路、梅观高速公路，交通方便。",,,暂无数据,2025-06-15,商品房,普通住宅,暂无数据,非共有,有抵押,挂牌时间:2025-06-15 | 交易权属:商品房 | 上次交易:暂无数据 | 房屋用途:普通住宅 | 房屋年限:暂无数据 | 产权所属:非共有 | 抵押信息:有抵押 | 房本备件:未上传房本照片,,
观澜湖精装好房，中间楼层，看房方便。,"观澜湖赛维纳 , 观澜",2室1厅,51.6平米,西南,精装,中楼层(共9层),2003年,板楼,160 万,31008 元,5,,,VR看装修,https://sz.lianjia.com/ershoufang/105120244717.html,VR看装修,观澜湖精装修住宅 一线高尔夫景观 满五年保养好,观澜湖已经形成国际高尔夫别墅住区，把背景相同、事业有成的人士聚集在一起，创造出生活与事业的平台。在10多平方公里的绿色王国上，建筑覆盖率不到1%，属于纯粹的高尔夫球场中/央物业，完全被球道环/绕，从住宅的任何一个角度，都可以观赏到绿色的景观。,小区南门50亿观澜湖新城，观澜湖生态体育公园，观澜天虹商场，兴万达商场等，龙华人民医/院，塘厦人民医/院，小区内有会所/游泳池/健身房/高尔夫业主练习场/穿梭巴士等免费使用。,园区内有免费巴士接，多条公交直达，高尔夫大道，观光路，观澜大道，观平路等城市主干道环-绕，梅观高速观澜出口2公里，地铁4号线（观澜湖新城站）已开通，观澜湖免费班车随时出行。,,,2021-12-07,2025-03-31,商品房,普通住宅,暂无数据,非共有,有抵押 50万元 工商银行,挂牌时间:2025-03-31 | 交易权属:商品房 | 上次交易:2021-12-07 | 房屋用途:普通住宅 | 房屋年限:暂无数据 | 产权所属:非共有 | 抵押信息:有抵押 50万元 工商银行 | 房本备件:已上传房本照片,客厅 / 23.35平米 / 无 / 无窗 ; 卧室A / 10.14平米 / 西南 / 落地窗 ; 卧室B / 7.33平米 / 西南 / 落地窗 ; 厨房 / 3.26平米 / 无 / 无窗 ; 卫生间 / 3.18平米 / 东北 / 普通窗 ; 阳台 / 2.95平米 / 西南 / 落地窗,
得房率高 配套齐全  业主诚心出售  交通便利,"华盛观荟名庭 , 观澜",4室2厅,87.56平米,东 北,,中楼层(共32层),2018年,板塔结合,379 万,43285 元,0,,,近地铁 | VR看装修,https://sz.lianjia.com/ershoufang/105121016535.html,地铁 | VR看装修,得房率高 配套齐全  业主诚心出售  交通便利,小区分两期开发，一期由公寓和住宅，二期三栋住宅。小区一期楼下是商 业，三楼是空中花园，三楼以上是住宅，一共有二栋一栋是公寓二栋是住宅，二期的小户型是2018年下半年才精装交房，次新房，居住舒适，二期自带泳池和园林,楼下就是为盛商场，隔壁新天虹、龙华三甲医院 深圳市龙华新区慢性病防治.观澜医院竹村社区健康服务邮局：中国邮政 中国邮政 观澜邮政局银行：中国建设银行，深圳市农村商.业银行。中国农业银行等，以及格兰云天酒店,长湖地铁口，福民影剧院;M337路M464路， 1经泗黎路与观光路，3个红绿灯到达梅观高速，梅观高速快速到达福田区； 2．通过观澜大道转机荷高速，可快速到达龙岗，宝安机场等等,,,暂无数据,2025-06-09,商品房,普通住宅,暂无数据,非共有,有抵押,挂牌时间:2025-06-09 | 交易权属:商品房 | 上次交易:暂无数据 | 房屋用途:普通住宅 | 房屋年限:暂无数据 | 产权所属:非共有 | 抵押信息:有抵押 | 房本备件:未上传房本照片,客厅 / 24.14平米 / 北 / 普通窗 ; 卧室A / 6.71平米 / 无 / 未知窗户类型 ; 卧室B / 16.98平米 / 无 / 未知窗户类型 ; 卧室C / 10.67平米 / 无 / 未知窗户类型 ; 卧室D / 7.98平米 / 北 / 落地窗 ; 厨房 / 4.88平米 / 无 / 未知窗户类型 ; 卫生间A / 3.92平米 / 无 / 未知窗户类型 ; 卫生间B / 4.81平米 / 无 / 未知窗户类型 ; 阳台 / 4.86平米 / 北 / 普通窗 ; 过道 / 4.54平米 / 无 / 无窗,
全新装修大独栋，500平花园，千平套内，看高尔夫美景,"观澜湖 , 观澜",6室2厅,289.28平米,西南,,低楼层(共1层),1998年,,3680 万,127213 元,0,,,VR房源,https://sz.lianjia.com/ershoufang/105121364392.html,VR房源,三层大独栋，全新装修，500平花园，1000平套内，看高尔夫美景,小区低密度，居住环境优美，安静，小区南门口有观澜湖新城，生态体育公园等等，出则繁华，入则安静,小区南门200米，有菜市场，商场能满足日常所需；距离观澜湖新城约5公 里，观澜湖新城是大型的 MALL，一系列品牌都已进驻，购物娱乐 都相当方便；距离观澜人民医院及伟光医院约6公里。,多条公交直达，高尔夫大道，观光路，观澜大道，观平路等城市主干道环-绕，梅观高速观澜出口2公里，地铁4号线（观澜湖新城站）已开通，观澜湖免费班车随时出行,,,暂无数据,2025-07-07,商品房,普通住宅,暂无数据,非共有,有抵押,挂牌时间:2025-07-07 | 交易权属:商品房 | 上次交易:暂无数据 | 房屋用途:普通住宅 | 房屋年限:暂无数据 | 产权所属:非共有 | 抵押信息:有抵押 | 房本备件:未上传房本照片,客厅 / 172.41平米 / 西南 北 西北 东北 / 落地窗 ; 卧室A / 8.15平米 / 西南 西北 / 落地窗 ; 卧室B / 20.14平米 / 无 / 落地窗 ; 卧室C / 12.94平米 / 无 / 落地窗 ; 卧室D / 21.48平米 / 西南 西北 / 普通窗 ; 卧室E / 34.8平米 / 西北 东南 / 普通窗 ; 卧室F / 42.46平米 / 西南 东南 / 落地窗 ; 厨房 / 21.01平米 / 东 东北 / 落地窗 ; 卫生间A / 3.51平米 / 西南 / 普通窗 ; 卫B / 1.97平米 / 无 / 无窗 ; 卫生间C / 6.41平米 / 西南 / 普通窗 ; 卫生间D / 4.17平米 / 东北 / 普通窗 ; 卫生间E / 22.71平米 / 北 东 东北 东南 / 普通窗 ; 阳台 / 3.66平米 / 西南 西北 东北 / 普通窗 ; 露台A / 6.04平米 / 东 东北 东南 / 普通窗 ; 露台B / 119.4平米 / 西南 东北 东南 / 普通窗 ; 储物间 / 2.24平米 / 无 / 无窗 ; 车库 / 37.83平米 / 无 / 无窗 ; 地下室 / 401.84平米 / 西南 东北 东南 / 落地窗 ; 过道A / 9.35平米 / 无 / 落地窗 ; 过道B / 15.03平米 / 西北 / 普通窗 ; 衣帽间 / 7.49平米 / 无 / 无窗,
牛湖地铁口万科北宸之光精装三房出售,"北宸之光家园 , 观澜",3室1厅,81.3平米,东 南,精装,中楼层(共49层),2023年,塔楼,350 万,43051 元,1,,,VR房源,https://sz.lianjia.com/ershoufang/105120505719.html,VR房源,高层精装三房近地铁，通风采光好价格可谈,小区由3栋楼房组成，社区自带幼儿园，大泳池，儿童活动场地，刚需户型车位充足安保齐全,配套齐全，有牛湖夜市街区、观澜湖新城，购物、休闲、娱乐一应俱全；同时项目自带社区购物，生活便利,,,,2023-12-26,2025-04-23,商品房,普通住宅,未满两年,非共有,有抵押,挂牌时间:2025-04-23 | 交易权属:商品房 | 上次交易:2023-12-26 | 房屋用途:普通住宅 | 房屋年限:未满两年 | 产权所属:非共有 | 抵押信息:有抵押 | 房本备件:已上传房本照片,客厅 / 18.54平米 / 东 / 普通窗 ; 卧室A / 6.17平米 / 无 / 未知窗户类型 ; 卧室B / 9.21平米 / 无 / 未知窗户类型 ; 卧室C / 5.83平米 / 东 / 普通窗 ; 厨房 / 3.99平米 / 北 / 普通窗 ; 卫生间 / 2.08平米 / 西 / 落地窗 ; 洗手间 / 1.26平米 / 无 / 无窗 ; 淋浴间 / 3.39平米 / 西 / 落地窗 ; 阳台 / 7.06平米 / 东 / 普通窗 ; 过道 / 3.4平米 / 无 / 无窗,
仁山智水 大平层 看山湖景 只交契税  拎包入住,"城建仁山智水花园三期 , 观澜",4室2厅,303.96平米,南,精装,低楼层(共41层),2015年,板楼,1580 万,51981 元,0,,12天以前发布,VR房源,https://sz.lianjia.com/ershoufang/105122246503.html,VR房源,此房满五唯一 只交契税 阳台比同户型还会多十几个平,,,,此房为满五唯一 只交契税 符合条件的还可以带押过户 产权清晰明了,,暂无数据,2025-09-25,商品房,普通住宅,暂无数据,共有,有抵押 450万元 可带押过户,挂牌时间:2025-09-25 | 交易权属:商品房 | 上次交易:暂无数据 | 房屋用途:普通住宅 | 房屋年限:暂无数据 | 产权所属:共有 | 抵押信息:有抵押 450万元 可带押过户 | 房本备件:未上传房本照片,,
观澜湖豪园200平精装四房户型方正看球场景观,"观澜豪园 , 观澜",4室2厅,100平米,东南,,中楼层(共8层),2000年,板塔结合,500 万,50000 元,1,,,近地铁 | VR房源,https://sz.lianjia.com/ershoufang/105121437906.html,地铁 | VR房源,这套房是503+505两套打通的，200平精装四房户型方正,,"小区南门50亿观澜湖新城，观澜湖生态体育公园，观澜天虹商场，兴万达商场等，龙	
华人民医/院，塘厦人民医/院，小区内有会所/游泳池/健身房/高尔夫业主练习场/穿梭巴士等免费使用。","园区内有免费巴士接，多条公交直达，高尔夫大道，观光路，观澜大道，观平路等城	
市主干道环-绕，梅观高速观澜出口2公里，地铁4号线(观澜湖新城站)已开通，观澜湖免费班车随时出行。",,,暂无数据,2025-07-14,商品房,普通住宅,暂无数据,共有,无抵押,挂牌时间:2025-07-14 | 交易权属:商品房 | 上次交易:暂无数据 | 房屋用途:普通住宅 | 房屋年限:暂无数据 | 产权所属:共有 | 抵押信息:无抵押 | 房本备件:未上传房本照片,,
毛坯装修 使用率高中间楼层采光好,"奥宸观壹城 , 观澜",5室2厅,84.64平米,西南,简装,中楼层(共21层),2017年,板塔结合,140 万,16541 元,7,,,近地铁 | VR房源,https://sz.lianjia.com/ershoufang/105121318378.html,地铁 | VR房源,毛坯装修 使用率高中间楼层采光好,小区介绍共4栋7个单元并且规划为具有70-130平米的住宅、40-80平米的公寓楼下有菜市场小区内布局合理有2个人行主出入口两个车库入口,来项目规划自带3200平米的12班中英双语幼儿园，同时项目地理位置较为靠观澜湖新城，未来也可共享的观澜旗舰。主要为地利百货、华润万家 7天连锁酒店等普通配套。兴万达广场 百佳华,项目位于观平路与人民路交汇处西北侧，交通比较方便，有公车线路，和观澜汽车总站，有各区公交，距离地铁700米松元厦站,,,暂无数据,2025-07-03,商品房,公寓,暂无数据,非共有,有抵押 100万元 金融公司垫资,挂牌时间:2025-07-03 | 交易权属:商品房 | 上次交易:暂无数据 | 房屋用途:公寓 | 房屋年限:暂无数据 | 产权所属:非共有 | 抵押信息:有抵押 100万元 金融公司垫资 | 房本备件:未上传房本照片,,
满五不唯一，南北朝向，高楼层，采光好视野开阔，,"城建仁山智水花园三期 , 观澜",5室2厅,200.82平米,南 北,,低楼层(共41层),2016年,板塔结合,1250 万,62245 元,1,,,VR房源,https://sz.lianjia.com/ershoufang/105120543843.html,VR房源,满五不唯一，南北朝向，高楼层，采光好视野开阔，自住装修,,有天虹商场、观澜湖新城，格兰郡购物街：观澜人民医院，邮局：中国邮政银行：工商银行、农业银行其他：陶贞源酒店、樟坑径市场、观澜高尔夫球会、山水田园、乡村俱乐部等。,环观南路(即观天大道)以北，梅观高速以东；邻梅观高速（已于2014年4月1日取消高速收费）、机荷高速，较近的公交站是观澜高新科技园、宝安高新技术园站，经过的路线有313.M264.B768.289.E4、772等。有轨电车高新科技园西站小区外有环观南路、,,,暂无数据,2025-04-27,商品房,普通住宅,暂无数据,非共有,有抵押 350万元 农村商业银福民支行 客户偿还,挂牌时间:2025-04-27 | 交易权属:商品房 | 上次交易:暂无数据 | 房屋用途:普通住宅 | 房屋年限:暂无数据 | 产权所属:非共有 | 抵押信息:有抵押 350万元 农村商业银福民支行 客户偿还 | 房本备件:未上传房本照片,客厅 / 41.31平米 / 无 / 未知窗户类型 ; 餐厅 / 21.19平米 / 无 / 未知窗户类型 ; 卧室A / 20.72平米 / 无 / 未知窗户类型 ; 卧室B / 17.83平米 / 无 / 未知窗户类型 ; 卧室C / 12.68平米 / 无 / 未知窗户类型 ; 卧室D / 10.59平米 / 无 / 未知窗户类型 ; 卧室E / 14.12平米 / 无 / 未知窗户类型 ; 厨房 / 10.47平米 / 无 / 无窗 ; 洗手间 / 2.74平米 / 无 / 无窗 ; 卫生间A / 6.2平米 / 无 / 未知窗户类型 ; 卫生间B / 6.33平米 / 无 / 未知窗户类型 ; 卫生间C / 5.24平米 / 南 / 落地窗 ; 阳台 / 8.02平米 / 西 北 东 / 普通窗 ; 储物间 / 3.43平米 / 东 / 落地窗 ; 过道 / 9.29平米 / 无 / 无窗 ; 门厅 / 4.46平米 / 无 / 无窗,
