标题,地址,户型,面积,朝向,装修情况,层数,建造时间,楼型,总价,每平米单价,关注人数,带看次数,发布时间,标签,详情链接
小区人车分流/采光好 /安静/公立学府四房南北通透,"锦绣学府 , 澳头",4室2厅,107.76平米,南 北,毛坯,30层 ,,板塔结合,63 万,5847 元,1,,,VR看装修 | 房本满五年 | 随时看房,https://hui.lianjia.com/ershoufang/105117932494.html
此房精装修，花园中间，高楼层，位置安静。视野好,"万科金域华庭二期 , 江北",3室1厅,79.17平米,南,精装,高楼层(共33层) ,,板塔结合,74.5 万,9411 元,2,,,VR房源 | 房本满五年 | 随时看房,https://hui.lianjia.com/ershoufang/105118234741.html
临深锦河湾朝南三房，中间楼层，无欠款交易方便,"锦河湾 , 西区新寮",3室1厅,83.6平米,南,毛坯,33层 ,,板塔结合,48 万,5742 元,2,,,VR看装修 | 房本满五年 | 随时看房,https://hui.lianjia.com/ershoufang/105120634052.html
荷兰小城户型方正，采光佳，布局合理，宽敞明亮,"光耀荷兰小城 , 陈江",4室2厅,112平米,南,精装,28层 ,,板塔结合,73 万,6518 元,0,,,VR看装修 | 房本满两年,https://hui.lianjia.com/ershoufang/105121958747.html
"通风采光好 家旁边就是虎头山公园 ,河滩公园","碧桂园中萃公园 , 大亚湾中心区",3室2厅,136.55平米,南 北,毛坯,17层 ,,板塔结合,101 万,7397 元,3,,,VR看装修 | 房本满五年 | 随时看房,https://hui.lianjia.com/ershoufang/105105910742.html
透明收佣，不做包单+江湾一品+三房+西南朝向,"江湾一品 , 下角",3室2厅,70.97平米,西南,精装,高楼层(共29层) ,,塔楼,69.8 万,9836 元,0,,,VR房源 | 房本满五年 | 随时看房,https://hui.lianjia.com/ershoufang/105119811710.html
临深大社区，朝南4房，业主诚心出售,"天域花园 , 白云新城",4室2厅,89.03平米,南,毛坯,21层 ,,板塔结合,48 万,5392 元,0,,,VR看装修 | 房本满五年 | 随时看房,https://hui.lianjia.com/ershoufang/105121594639.html
区政府天虹 南北通四房 自住装修 拎包入住,"中央国墅园 , 区政府",4室2厅,128.34平米,南 北,精装,29层 ,,板塔结合,72 万,5611 元,2,,,VR看装修 | 房本满五年 | 随时看房,https://hui.lianjia.com/ershoufang/105118507564.html
秋谷林海 原价高  满五唯一无个税 四房 南北通透,"秋谷·林海 , 比亚迪商圈",4室2厅,87.19平米,南 北,精装,26层 ,,板塔结合,55 万,6309 元,1,,,VR看装修 | 房本满五年 | 随时看房,https://hui.lianjia.com/ershoufang/105121959258.html
房子旁边就是天虹还有大润发楼下的商铺也全部营业,"中梁V城市 , 开城大润发",2室2厅,57平米,南,,31层 ,,板塔结合,30 万,5264 元,3,,,VR房源 | 随时看房,https://hui.lianjia.com/ershoufang/105117133859.html
龙丰城轨出口旁，金辉新苑大阳台两房,"金輝新苑 , 龙丰",2室2厅,90.63平米,东,简装,低楼层(共9层) ,,板塔结合,40 万,4414 元,0,,,VR房源 | 房本满两年 | 随时看房,https://hui.lianjia.com/ershoufang/105120919732.html
万达商圈金龟山大峡谷一期业主诚意出售,"御玺山大峡谷一期 , 比亚迪商圈",2室1厅,75平米,南,,32层 ,,板塔结合,32.5 万,4334 元,0,,,VR看装修 | 随时看房,https://hui.lianjia.com/ershoufang/105121758256.html
龙光城南四期 装修三房 朝南看山景 满五唯一 配套齐全,"龙光城南四期 , 龙光城",3室2厅,89平米,东南,简装,34层 ,,板塔结合,77 万,8652 元,1,,,VR看装修 | 随时看房,https://hui.lianjia.com/ershoufang/105121793746.html
小区环境好.户型方正.业主急卖.价格好谈,"丽江花园南区 , 区政府",4室1厅,158.89平米,南,简装,11层 ,,板塔结合,90 万,5665 元,0,,27天以前发布,VR房源 | 房本满五年 | 随时看房,https://hui.lianjia.com/ershoufang/105122295061.html
山湖海上城3房2厅1卫 环境好 交通便利,"山湖海上城 , 惠东县城",3室2厅,92平米,南,精装,18层 ,,板塔结合,38.9 万,4229 元,0,,,VR看装修 | 随时看房,https://hui.lianjia.com/ershoufang/105121753697.html
江北东江湾精装修酒店公寓48平,"东江湾 , 江北",1室1厅,47.8平米,南,精装,高楼层(共30层) ,,板塔结合,50 万,10461 元,0,,,VR看装修 | 房本满两年 | 随时看房,https://hui.lianjia.com/ershoufang/105117675894.html
百万大盘旁，临深一线河景，业主诚心售,"锦河湾 , 西区新寮",4室1厅,98.06平米,南 北,毛坯,34层 ,,板塔结合,62 万,6323 元,0,,,VR房源 | 随时看房,https://hui.lianjia.com/ershoufang/105120482603.html
满五唯一带装修 业主诚意出售 前有公园后有广场,"御玺山大峡谷一期 , 比亚迪商圈",3室1厅,77.01平米,东,,32层 ,,板塔结合,40 万,5195 元,0,,22天以前发布,VR看装修,https://hui.lianjia.com/ershoufang/105122338066.html
住在公园里的房子，享受真正的大草原，湖泊。,"恒大棕榈岛 , 白云新城",4室2厅,126.81平米,南 北,毛坯,25层 ,,板楼,78 万,6151 元,0,,,VR看装修 | 房本满五年 | 随时看房,https://hui.lianjia.com/ershoufang/105119953175.html
采光佳 视野好 户型方正 配套齐 交通便利,"正闳润金名苑 , 西区新寮",3室1厅,91.25平米,东南,精装,33层 ,,塔楼,76 万,8329 元,1,,,VR看装修 | 房本满两年 | 随时看房,https://hui.lianjia.com/ershoufang/105118509040.html
南向品字型4房中间好楼层看园景视野开阔满五年,"方直君御 , 东江新城",4室2厅,125平米,南,毛坯,中楼层(共31层) ,,塔楼,184 万,14720 元,0,,,VR看装修 | 房本满五年 | 随时看房,https://hui.lianjia.com/ershoufang/105121711471.html
央企华润 品牌开发商，中间楼层采光视野好,"曦江润府 , 东江新城",3室2厅,96.72平米,南,毛坯,中楼层(共33层) ,,塔楼,99 万,10236 元,3,,,VR看装修 | 随时看房,https://hui.lianjia.com/ershoufang/105118533010.html
中间楼层，已经交了电梯钱，户型方正采光好，2个卫生,"金阁苑 , 下角",3室2厅,102平米,南,精装,中楼层(共7层) ,,板塔结合,65 万,6373 元,0,,,VR看装修 | 房本满五年,https://hui.lianjia.com/ershoufang/105121519511.html
吾悦广场旁 3加1 朝南 看淡澳河,"亲水湾 , 吾悦广场",3室2厅,87.06平米,南,毛坯,22层 ,,塔楼,45 万,5169 元,2,,,VR房源 | 随时看房,https://hui.lianjia.com/ershoufang/105117987188.html
梵高的花园精装2房，南向看花园，现代风,"梵高的花园 , 江北",3室1厅,85.14平米,南,,高楼层(共31层) ,,板塔结合,88 万,10336 元,0,,,VR房源 | 房本满五年,https://hui.lianjia.com/ershoufang/105121725390.html
区政府旁，万科物业，一房拎包入住。,"清泉城市广场 , 区政府",1室0厅,34.76平米,东南,,27层 ,,板塔结合,18 万,5179 元,1,,,VR看装修 | 房本满五年,https://hui.lianjia.com/ershoufang/105118726956.html
富康锦绣壹号3房 红本在手 看房方便有钥匙 业主诚卖,"富康锦绣壹号 , 西区新寮",3室2厅,85.13平米,南,精装,33层 ,,塔楼,80 万,9398 元,2,,,VR看装修 | 房本满五年 | 随时看房,https://hui.lianjia.com/ershoufang/105121223875.html
业主着急出售价格可谈 全新装修未住过，户型方正,"荣盛御景澜湾 , 澳头",3室2厅,90.19平米,东南,,33层 ,,板塔结合,45 万,4990 元,0,,,VR看装修 | 房本满五年 | 随时看房,https://hui.lianjia.com/ershoufang/105122173913.html
7区次新小区，中间楼层视野漂亮，3房2个卫生间,"壹城中心7区 , 陈江",3室2厅,98.49平米,南,毛坯,中楼层(共32层) ,,塔楼,72 万,7311 元,0,,,VR看装修 | 房本满两年 | 随时看房,https://hui.lianjia.com/ershoufang/105119494850.html
难得漂亮户型！！三房南北通双阳台 视野开阔 优选楼层,"金辉风雅轩 , 秋长",3室2厅,85.12平米,南 北,毛坯,32层 ,,板塔结合,41.88 万,4921 元,0,,,VR看装修 | 房本满五年 | 随时看房,https://hui.lianjia.com/ershoufang/105120425427.html
好宜多旁万科文瀚花园精装修三房朝南有钥匙随时看房,"万科中天宏远文瀚花园 , 区政府",3室2厅,91.74平米,南,精装,高楼层(共33层) ,,,92 万,10029 元,1,,,VR看装修 | 随时看房,https://hui.lianjia.com/ershoufang/105122190856.html
马路对  面就是西湖  实用2房 总价低 保养好,"下角东路16号 , 下角",2室2厅,66.37平米,东,简装,中楼层(共9层) ,,板楼,26.8 万,4038 元,1,,,VR看装修 | 房本满五年 | 随时看房,https://hui.lianjia.com/ershoufang/105120683443.html
隆生仲恺花园新社区视野开阔四房,"隆生仲恺花园2区 , 陈江",4室2厅,123平米,南,毛坯,中楼层(共32层) ,,,82 万,6667 元,0,,,VR看装修 | 房本满两年 | 随时看房,https://hui.lianjia.com/ershoufang/105121445049.html
百万大盘 星河物业 户型方正 拎包入住,"星河丹堤E区 , 南站新城",2室1厅,75平米,南,精装,30层 ,,,59.8 万,7974 元,7,,,VR看装修 | 房本满五年 | 随时看房,https://hui.lianjia.com/ershoufang/105118024694.html
五矿二期，一线湖景，户型方正，业主诚心出售,"五矿哈施塔特 , 博罗中心区",4室2厅,110.3平米,南,毛坯,高楼层(共33层) ,,塔楼,45 万,4080 元,1,,,VR看装修 | 房本满两年 | 随时看房,https://hui.lianjia.com/ershoufang/105120188170.html
万达精装复式，视野开阔，出行方便，急售,"永昶公寓 , 万达",3室2厅,56.71平米,东南,简装,12层 ,,板塔结合,25 万,4409 元,12,,,VR房源 | 房本满五年 | 随时看房,https://hui.lianjia.com/ershoufang/105117342156.html
玖悦府带车位精装修三房，安静采光通风很好,"玖悦府 , 麦地",3室2厅,94.88平米,南,精装,低楼层(共26层) ,,板塔结合,83 万,8748 元,0,,,VR看装修 | 随时看房,https://hui.lianjia.com/ershoufang/105116992218.html
小区教育，交通，休闲，购物银行配套设施完善便利,"保华铂郡 , 河南岸",4室2厅,140.34平米,南 北,毛坯,30层 ,,板塔结合,176 万,12541 元,0,,,VR房源 | 房本满两年 | 随时看房,https://hui.lianjia.com/ershoufang/105114890971.html
临深大品牌央企大花园，成熟社区生活配套完善,"金地天润自在城一期 , 西区新寮",3室1厅,83.37平米,西南,精装,33层 ,,塔楼,67 万,8037 元,2,,,VR看装修,https://hui.lianjia.com/ershoufang/105122068665.html
星河丹堤新中式园林 南北通透 中高楼 看水库美景,"星河丹堤G4区 , 南站新城",4室2厅,124.48平米,南 北,毛坯,33层 ,,板塔结合,138 万,11087 元,0,,,VR看装修 | 房本满两年 | 随时看房,https://hui.lianjia.com/ershoufang/105116289042.html
此房朝南无遮挡，中间楼层中间位置。业主诚心,"深荟城一期 , 白云新城",3室2厅,91.75平米,南,精装,32层 ,,板塔结合,77.8 万,8480 元,0,,8天以前发布,VR房源 | 随时看房,https://hui.lianjia.com/ershoufang/105122479577.html
仲恺政务中芯，精装修三房，拎包入住,"万燊花苑 , 惠环",3室2厅,84.12平米,南 北,,中楼层(共31层) ,,板塔结合,56 万,6658 元,0,,18天以前发布,VR房源 | 房本满五年,https://hui.lianjia.com/ershoufang/105122373972.html
华廷悦府成熟配套，精装修，朝南四房高楼层视野开阔,"华廷悦府 , 陈江",4室2厅,108.71平米,南,精装,高楼层(共31层) ,,塔楼,96 万,8831 元,0,,,VR看装修 | 房本满两年 | 随时看房,https://hui.lianjia.com/ershoufang/105119933271.html
花园小区，  楼间 距 视野好,"碧桂园天骄公馆 , 马安",3室2厅,94.92平米,南,精装,高楼层(共34层) ,,塔楼,71 万,7480 元,0,,,VR看装修,https://hui.lianjia.com/ershoufang/105116607402.html
万达近，通勤方便，户型好 户型方正，朝南的,"正兆千树晴山 , 西区新寮",3室2厅,96.76平米,东南,毛坯,30层 ,,板塔结合,53 万,5478 元,1,,,VR看装修 | 房本满五年 | 随时看房,https://hui.lianjia.com/ershoufang/105112682387.html
此房户型方正，楼层好，小区楼龄新，小区规模大,"德润天峰 , 潼侨沥林",2室1厅,79.92平米,南,毛坯,18层 ,,板塔结合,40 万,5006 元,0,,,VR房源 | 房本满五年 | 随时看房,https://hui.lianjia.com/ershoufang/105116311917.html
碧桂园珑誉 四房横厅户型 看湖景花园视野好,"碧桂园珑誉花园 , 水口",4室1厅,116.06平米,南,精装,高楼层(共33层) ,,塔楼,84 万,7238 元,0,,,VR看装修 | 房本满两年 | 随时看房,https://hui.lianjia.com/ershoufang/105121628371.html
精装四房 高楼层 视野采光棒 拎包入住！,"天源花园 , 大亚湾中心区",4室2厅,100.64平米,南 北,精装,33层 ,,板塔结合,48 万,4770 元,0,,14天以前发布,VR房源 | 房本满五年,https://hui.lianjia.com/ershoufang/105122415452.html
户型方正，视野光线都好，成熟小区生活便利,"花样年·康城四季御峰 , 惠环",3室2厅,84.74平米,南,毛坯,32层 ,,板塔结合,51 万,6019 元,1,,,VR看装修 | 房本满两年 | 随时看房,https://hui.lianjia.com/ershoufang/105113657256.html
精装3房，朝南户型，中间楼层，安静位置，满五年,"金碧蓝湾一期 , 开城大润发",3室2厅,82.5平米,南,简装,29层 ,,板楼,55 万,6667 元,0,,,VR看装修 | 房本满五年 | 随时看房,https://hui.lianjia.com/ershoufang/105120921802.html
海立方急售，带装修，户型方正，不欠款,"中御海立方 , 吾悦广场",4室2厅,72.89平米,南,简装,34层 ,,板塔结合,35 万,4802 元,1,,,VR房源 | 房本满五年 | 随时看房,https://hui.lianjia.com/ershoufang/105121782487.html
现代风设计大三房带车位无欠款 临深,"深荟城一期 , 白云新城",3室2厅,92.45平米,南,精装,33层 ,,板塔结合,79 万,8546 元,0,,6天以前发布,VR房源 | 房本满五年 | 随时看房,https://hui.lianjia.com/ershoufang/105122504019.html
御景花园3房2厅 精装修，看房有钥匙，带个小露台，,"御景花园南区 , 下角",3室2厅,86.89平米,西北,精装,24层 ,,板塔结合,72 万,8287 元,0,,,VR房源 | 房本满五年 | 随时看房,https://hui.lianjia.com/ershoufang/105120962268.html
惠阳站，一房一厅，近天虹大润发,"百润基银座 , 开城大润发",1室1厅,46.93平米,东北,简装,20层 ,,板楼,15.5 万,3303 元,2,,,VR房源 | 房本满五年,https://hui.lianjia.com/ershoufang/105120479881.html
户型好，采光好，全新未入住过，红本在手...........,"群峰花园 , 南站新城",3室2厅,94.59平米,南,,中楼层(共33层) ,,塔楼,42 万,4441 元,5,,,VR看装修 | 房本满两年 | 随时看房,https://hui.lianjia.com/ershoufang/105119021222.html
金迪星苑中装2房出售 低楼层安静不吵 可拎包入住,"金迪星苑 , 龙丰",2室1厅,52.8平米,东南,精装,8层 ,,板楼,27.8 万,5266 元,0,,,VR看装修 | 随时看房,https://hui.lianjia.com/ershoufang/105121732376.html
中间楼层，视野开阔，看花园，业主诚意急卖，方便看房,"星河丹堤G区 , 南站新城",3室2厅,98.06平米,南,毛坯,34层 ,,塔楼,90 万,9179 元,0,,,VR房源 | 房本满五年 | 随时看房,https://hui.lianjia.com/ershoufang/105122218947.html
太东天地花园 4室2厅 南,"太东天地花园 , 大亚湾中心区",4室2厅,109.09平米,南,毛坯,33层 ,,板塔结合,48.6 万,4456 元,1,,,VR看装修 | 房本满两年 | 随时看房,https://hui.lianjia.com/ershoufang/105122060823.html
丰湖村3房2厅  简装 中间楼层 价格实惠,"丰湖村 , 下埔",3室2厅,115.77平米,南 北,简装,中楼层(共8层) ,,塔楼,31 万,2678 元,2,,,VR看装修 | 房本满两年 | 随时看房,https://hui.lianjia.com/ershoufang/105121378582.html
东江新城 水岸城四期 装修3房 满五唯一 配套齐全,"中信水岸城四期 , 东江新城",3室2厅,87平米,南,精装,低楼层(共30层) ,,板楼,76.8 万,8828 元,0,,,VR看装修 | 房本满五年 | 随时看房,https://hui.lianjia.com/ershoufang/105120579406.html
格局方正，视野开阔，朝南 近地铁低总价买到三房,"天域花园 , 白云新城",3室2厅,71.94平米,南,毛坯,17层 ,,塔楼,32.8 万,4560 元,1,,,VR看装修 | 随时看房,https://hui.lianjia.com/ershoufang/105122148602.html
业主房子诚心出售，楼层好，方便看房,"东方铂悦府 , 新行政区",3室2厅,87.34平米,南,毛坯,32层 ,,板塔结合,61 万,6985 元,1,,,VR看装修 | 房本满两年 | 随时看房,https://hui.lianjia.com/ershoufang/105117849073.html
户型方正采光好 面积使用率高 大阳台 精装修,"中兴佳苑 , 大亚湾中心区",4室2厅,108.9平米,南 北,,26层 ,,塔楼,42 万,3857 元,1,,20天以前发布,VR看装修 | 房本满五年 | 随时看房,https://hui.lianjia.com/ershoufang/105122347998.html
近佳兆业 金世界花园三房 朝南采光好 小区配套成熟,"金世界花园 , 江北",3室2厅,125.44平米,南,简装,16层 ,,板塔结合,75 万,5979 元,0,,16天以前发布,VR房源 | 随时看房,https://hui.lianjia.com/ershoufang/105122389846.html
近沙田地铁站，大社区 大阳台，淡水河,"九洲玉带湾 , 白云新城",4室2厅,112.74平米,南,毛坯,33层 ,,板塔结合,66 万,5855 元,1,,,VR看装修 | 房本满两年 | 随时看房,https://hui.lianjia.com/ershoufang/105120070647.html
业主诚心出售、无个税、没有欠款、新小区,"合生时代城 , 比亚迪商圈",2室2厅,79平米,南,,18层 ,,板塔结合,50 万,6330 元,0,,,VR看装修 | 房本满两年,https://hui.lianjia.com/ershoufang/105121422267.html
此房在二楼、装修良好、实际使用面积大于38平、,"乐华新村 , 开城大润发",2室1厅,38.1平米,南,,低楼层(共8层) ,,塔楼,13 万,3413 元,5,,,VR看装修,https://hui.lianjia.com/ershoufang/105122057929.html
南向看小区3房 视野开阔生活方便,"金榜山 , 龙丰",3室1厅,99平米,东,精装,中楼层(共27层) ,,板塔结合,95 万,9596 元,0,,,VR看装修 | 房本满五年,https://hui.lianjia.com/ershoufang/105121093684.html
金鼎雅苑全新毛坯房东诚意出售，随时可以看房,"金鼎雅苑 , 江北",3室2厅,87.47平米,南,毛坯,高楼层(共33层) ,,塔楼,85 万,9718 元,0,,,VR看装修 | 房本满五年 | 随时看房,https://hui.lianjia.com/ershoufang/105120165347.html
业主诚心出售，没有欠款，户型方正,"天域花园 , 白云新城",3室2厅,71.94平米,南,精装,17层 ,,板塔结合,42.8 万,5950 元,3,,,VR房源 | 房本满五年,https://hui.lianjia.com/ershoufang/105121178253.html
朝南向采光好，原值高税费少，万达西区一 小交通便利,"仁和卫城 , 万达",3室2厅,126.31平米,南 北,毛坯,16层 ,,板塔结合,63 万,4988 元,1,,,VR看装修 | 房本满五年 | 随时看房,https://hui.lianjia.com/ershoufang/105117169859.html
业主诚心出售，视野开阔欢迎多多转介,"晶地里程花园 , 西区新寮",3室2厅,90.63平米,南 北,精装,33层 ,,塔楼,57 万,6290 元,1,,,VR房源 | 随时看房,https://hui.lianjia.com/ershoufang/105121099133.html
江北义乌公寓47朝南急售28带南坛和惠台,"义乌商城公寓 , 江北",1室1厅,47平米,南,,中楼层(共28层) ,,板楼,28 万,5958 元,0,,8天以前发布,VR房源 | 随时看房,https://hui.lianjia.com/ershoufang/105122484026.html
毛坯三房 惠城CBD江北次新楼盘,"江湾南岸二期 , 江北",3室2厅,121平米,东南,毛坯,低楼层(共39层) ,,板塔结合,140 万,11571 元,2,,,VR看装修 | 房本满两年 | 随时看房,https://hui.lianjia.com/ershoufang/105115895461.html
壹城六期南北通大五房采光好楼龄新花园漂亮,"壹城中心6区 , 陈江",5室2厅,126.09平米,南 北,毛坯,高楼层(共32层) ,,塔楼,93 万,7376 元,0,,,VR看装修 | 房本满两年 | 随时看房,https://hui.lianjia.com/ershoufang/105119708975.html
南线轻轨口 中间楼层 无欠款视野好,"佳兆业壹号花园 , 龙丰",2室2厅,76平米,南,毛坯,中楼层(共32层) ,,板塔结合,48 万,6316 元,0,,,VR看装修 | 随时看房,https://hui.lianjia.com/ershoufang/105120232939.html
红本在手无欠款 没有出租过的 全屋定制瓷砖上墙,"国韵华府 , 吾悦广场",2室2厅,70.54平米,西北,精装,32层 ,,塔楼,50 万,7089 元,0,,,VR看装修 | 房本满两年 | 随时看房,https://hui.lianjia.com/ershoufang/105121742874.html
房子干净，业主装修用心，保养很好,"方直君御 , 东江新城",4室2厅,130.5平米,南,,低楼层(共28层) ,,塔楼,190 万,14560 元,0,,,VR看装修 | 房本满五年,https://hui.lianjia.com/ershoufang/105120443626.html
星河盛世  19年开发的新楼盘。业主诚心卖。,"惠州星河盛世 , 白云新城",3室2厅,117平米,南 北,,33层 ,,板塔结合,85 万,7265 元,0,,,VR看装修 | 随时看房,https://hui.lianjia.com/ershoufang/105115576446.html
汇显城市公园，朝南看花园，安静光线好。,"汇显城市公园 , 汝湖",3室2厅,108平米,南,毛坯,27层 ,,板楼,68 万,6297 元,1,,,VR看装修 | 房本满五年 | 随时看房,https://hui.lianjia.com/ershoufang/105118805797.html
花园中间南向大阳台看花园视野很舒服,"方直君御 , 东江新城",5室2厅,191平米,南 北,毛坯,低楼层(共24层) ,,塔楼,277 万,14503 元,0,,,VR看装修,https://hui.lianjia.com/ershoufang/105120458571.html
格林童话125平4房，毛坯，随时看房,"格林童话世界三期 , 潼侨沥林",3室1厅,124.77平米,东南,毛坯,低楼层(共11层) ,,板楼,52.8 万,4232 元,0,,,VR看装修 | 房本满五年 | 随时看房,https://hui.lianjia.com/ershoufang/105122188686.html
二期 精装修 楼层漂亮 保养的很新,"富川瑞园 , 惠环",4室2厅,92.28平米,南 北,,中楼层(共18层) ,,板塔结合,55 万,5961 元,0,,25天以前发布,VR看装修 | 房本满五年 | 随时看房,https://hui.lianjia.com/ershoufang/105122312947.html
精装修南北通透四房，户型好，小区环境优美,"德威花园城 , 秋长",4室2厅,119.57平米,南 北,精装,低楼层(共29层) ,,板楼,69.6 万,5821 元,1,,,VR看装修 | 房本满五年 | 随时看房,https://hui.lianjia.com/ershoufang/105122120754.html
金田花园 3室2厅 南,"金田花园 , 博罗中心区",3室2厅,117平米,南,简装,6层 ,,板塔结合,25 万,2137 元,1,,,VR看装修 | 房本满五年,https://hui.lianjia.com/ershoufang/105121016576.html
户型方正，标准4房，南北通可看江景，西南朝向看花园,"德威江誉城1期 , 马安",4室2厅,123.7平米,西南,毛坯,中楼层(共32层) ,,塔楼,106 万,8570 元,0,,,VR看装修 | 随时看房,https://hui.lianjia.com/ershoufang/105116768284.html
隆生文岭西堤品质高 毛坯 次新房 配套成熟,"文岭西堤 , 东江新城",4室2厅,126.21平米,南,毛坯,低楼层(共31层) ,,板塔结合,145 万,11489 元,1,,,VR看装修 | 房本满五年 | 随时看房,https://hui.lianjia.com/ershoufang/105114294263.html
星河丹提，大平层两梯三户，看丰田水库中间楼层，五房,"星河丹堤G4区 , 南站新城",5室2厅,163.29平米,南,毛坯,33层 ,,板塔结合,188 万,11514 元,1,,,VR房源 | 随时看房,https://hui.lianjia.com/ershoufang/105122014923.html
老小区已经改造好，3居室直接可入住。,"侨富花园 , 草洋新区",3室2厅,116.81平米,南,简装,8层 ,,板塔结合,17.5 万,1499 元,5,,,VR看装修 | 房本满两年 | 随时看房,https://hui.lianjia.com/ershoufang/105122035637.html
精装四房、朝南看花园、中间楼层采光好,"丽景湾上 , 东江新城",4室2厅,122.2平米,南,精装,32层 ,,板塔结合,119.8 万,9804 元,0,,,VR房源 | 房本满五年,https://hui.lianjia.com/ershoufang/105121389488.html
东南朝向高楼层看海景观好，红本在手随时过户,"维港湾花园 , 十里银滩",3室2厅,100.81平米,南,精装,34层 ,,板塔结合,44 万,4365 元,6,,,VR看装修 | 房本满两年 | 随时看房,https://hui.lianjia.com/ershoufang/105120161675.html
香树丽苑 4室1厅 南,"香树丽苑 , 吾悦广场",4室1厅,113平米,南,简装,中楼层(共33层) ,,板塔结合,62 万,5487 元,3,,,VR房源 | 随时看房,https://hui.lianjia.com/ershoufang/105121466549.html
业主急售！南北通透格局，楼层高，可看湖，无抵押,"星河丹堤V2区 , 南站新城",4室2厅,117.65平米,南 北,毛坯,32层 ,,塔楼,120 万,10200 元,0,,,VR看装修 | 房本满两年 | 随时看房,https://hui.lianjia.com/ershoufang/105121119971.html
仲恺体育馆成熟小区，中间好楼层,"鑫月广场 , 陈江",4室2厅,117.13平米,南,毛坯,中楼层(共33层) ,,塔楼,70 万,5977 元,0,,,VR看装修 | 房本满五年 | 随时看房,https://hui.lianjia.com/ershoufang/105118390106.html
金山湖 山姆会员店旁 舒适3房 产权清晰,"中海凯旋城四期 , 河南岸",3室1厅,89.12平米,东南 南,简装,31层 ,,塔楼,78 万,8753 元,0,,,VR房源 | 房本满五年 | 随时看房,https://hui.lianjia.com/ershoufang/105121181143.html
盛世丰华 3室2厅 南,"盛世丰华 , 博罗石湾",3室2厅,98.8平米,南,毛坯,中楼层(共31层) ,,塔楼,49.8 万,5041 元,0,,19天以前发布,VR房源 | 房本满两年 | 随时看房,https://hui.lianjia.com/ershoufang/105122355562.html
禾塘街 ，中层，二楼带单车间。,"统建楼 , 下角",3室2厅,95.87平米,西南,简装,7层 ,,塔楼,29 万,3025 元,2,,,VR看装修 | 房本满五年 | 随时看房,https://hui.lianjia.com/ershoufang/105119728585.html
海伦堡十里东江 3室2厅 东南,"海伦堡十里东江 , 下角",3室2厅,93.17平米,东南,毛坯,20层 ,,板塔结合,45 万,4830 元,0,,,VR看装修 | 房本满五年 | 随时看房,https://hui.lianjia.com/ershoufang/105121846605.html
次新房小区，好楼层朝南看花园，视野开阔，无欠款,"荣佳国韵一期 , 龙光城",3室1厅,92.28平米,南,毛坯,33层 ,,板塔结合,61 万,6611 元,1,,,VR房源 | 房本满两年 | 随时看房,https://hui.lianjia.com/ershoufang/105119781751.html
泰宇城市中央 4室2厅 南,"泰宇城市中央 , 江北",4室2厅,108平米,南,精装,中楼层(共30层) ,,塔楼,107 万,9908 元,0,,11天以前发布,VR房源,https://hui.lianjia.com/ershoufang/105122450486.html
江北CBD唐宁公馆，看房店里有钥匙,"唐宁公馆 , 江北",4室1厅,170.05平米,南,毛坯,低楼层(共16层) ,,塔楼,159 万,9351 元,1,,,VR房源 | 房本满五年 | 随时看房,https://hui.lianjia.com/ershoufang/105114053540.html
春江天境花园 117.38平米 4房2厅2卫,"春江天境花园 , 东江高新区",4室2厅,117.38平米,南 北,毛坯,中楼层(共33层) ,,板塔结合,51 万,4345 元,0,,,VR看装修 | 房本满两年 | 随时看房,https://hui.lianjia.com/ershoufang/105121877937.html
河南岸公园旁 精装修大三房 诚心出售 看房方便,"尚品世家 , 河南岸",3室2厅,117平米,东南 南,精装,中楼层(共8层) ,,板楼,90 万,7693 元,2,,,VR看装修 | 随时看房,https://hui.lianjia.com/ershoufang/105116679938.html
金山湖岛内大社区中高楼层，视野开阔，俯瞰金山湖,"湖心岛1号花园 , 河南岸",3室1厅,103.06平米,南,毛坯,中楼层(共26层) ,,板塔结合,123 万,11935 元,0,,,VR看装修 | 随时看房,https://hui.lianjia.com/ershoufang/105122031270.html
半山洋房，环境好，空气清新，视野开阔,"星河丹堤N区 , 南站新城",4室2厅,140.78平米,南 北,毛坯,7层 ,,板楼,170 万,12076 元,3,,,VR看装修 | 房本满五年 | 随时看房,https://hui.lianjia.com/ershoufang/105119305616.html
金山湖奥园领寓 精装公寓 1房1厅 拎包入住,"奥园领寓 , 河南岸",1室1厅,29.17平米,西北,精装,32层 ,,板塔结合,17.5 万,6000 元,1,,,VR房源 | 房本满五年,https://hui.lianjia.com/ershoufang/105121645814.html
两梯三户，豪 华装修，满五年税费低，带车位,"海惠花园一区 , 吾悦广场",3室2厅,119.8平米,南,精装,18层 ,,塔楼,73 万,6094 元,14,,,VR看装修 | 房本满五年 | 随时看房,https://hui.lianjia.com/ershoufang/105106738040.html
业主着急卖，南北通四房，看园林，少有户型卖,"德洲中心城 , 大亚湾中心区",4室2厅,123.1平米,南,简装,28层 ,,板塔结合,66 万,5362 元,0,,,VR看装修 | 房本满五年 | 随时看房,https://hui.lianjia.com/ershoufang/105119385527.html
区政府天虹旁鼎盛广场精装修1房业主诚心出售,"鼎盛广场 , 区政府",1室1厅,46.25平米,南,精装,33层 ,,板塔结合,19 万,4109 元,0,,,VR看装修 | 房本满五年 | 随时看房,https://hui.lianjia.com/ershoufang/105114526967.html
全新装修保养很好，拎包入住，户型好,"鸿润花园 , 麦地",3室2厅,127平米,南,精装,中楼层(共30层) ,,塔楼,128 万,10079 元,0,,16天以前发布,VR房源,https://hui.lianjia.com/ershoufang/105122399556.html
市政广场天虹商场旁东御大厦三房朝南业主诚心出售,"东御大厦 , 区政府",3室2厅,95.86平米,东南,精装,26层 ,,板塔结合,59 万,6155 元,0,,,VR看装修 | 房本满五年,https://hui.lianjia.com/ershoufang/105120932606.html
翡翠山君御 4室2厅 中间楼层 朝南,"翡翠山城君御 , 万达",4室2厅,126平米,南,精装,34层 ,,板塔结合,108 万,8572 元,3,,,VR看装修 | 房本满五年 | 随时看房,https://hui.lianjia.com/ershoufang/105116290171.html
水岸城七期毛坯四房、单价低、通透中高楼层。,"中信水岸城7期 , 东江新城",4室2厅,128.46平米,南,毛坯,32层 ,,板楼,143 万,11132 元,1,,,VR看装修 | 随时看房,https://hui.lianjia.com/ershoufang/105120840403.html
此房原值高，户型方正，采光好，视野开阔,"荣盛御景澜湾 , 澳头",4室2厅,118.68平米,南,精装,33层 ,,板塔结合,53 万,4466 元,3,,,VR看装修 | 房本满两年 | 随时看房,https://hui.lianjia.com/ershoufang/105118703328.html
鑫月广场 中间楼层 业主急出 大四房户型 视野好,"鑫月广场 , 陈江",4室2厅,117平米,南,毛坯,中楼层(共33层) ,,塔楼,64 万,5471 元,0,,,VR看装修 | 房本满五年 | 随时看房,https://hui.lianjia.com/ershoufang/105121456960.html
区政府广场 ， 1房1厅 方正户型 即买即住，成熟小区,"隆基天地广场 , 区政府",1室1厅,41.33平米,东南 北,简装,25层 ,,板塔结合,18.8 万,4549 元,3,,,VR看装修 | 房本满五年 | 随时看房,https://hui.lianjia.com/ershoufang/105119726772.html
城央百万大盘，公园环伺，环境优美,"半岛1号十一期 , 白云新城",3室2厅,88.63平米,南,毛坯,21层 ,,塔楼,63.5 万,7165 元,0,,,VR房源 | 房本满五年 | 随时看房,https://hui.lianjia.com/ershoufang/105118215625.html
万达旁花城湾正规大3房，东南向安静，红本在手,"中萃花城湾 , 万达",4室2厅,121.26平米,南 北,毛坯,29层 ,,塔楼,65 万,5361 元,0,,,VR看装修 | 房本满五年 | 随时看房,https://hui.lianjia.com/ershoufang/105122236534.html
双城国际南区 朝南 实用2房 装修很新 封窗 安静不吵,"双城国际南区 , 江北",2室1厅,54.35平米,南,精装,中楼层(共18层) ,,板塔结合,60 万,11040 元,0,,,VR看装修 | 房本满两年 | 随时看房,https://hui.lianjia.com/ershoufang/105121862016.html
朝南，电梯房，可以直接领包入住，看房有钥匙,"九三五隊地貭大院 , 下角",3室2厅,95.28平米,南,精装,中楼层(共8层) ,,,53.8 万,5647 元,1,,,VR看装修 | 房本满五年 | 随时看房,https://hui.lianjia.com/ershoufang/105121768310.html
铂钻花园 一期不靠马路 中高楼层 日照充足 安静不吵,"铂钻花园 , 东江新城",3室2厅,96.95平米,南,毛坯,高楼层(共27层) ,,板楼,73 万,7530 元,0,,,VR房源 | 房本满两年 | 随时看房,https://hui.lianjia.com/ershoufang/105119715087.html
万达商圈满5税少南向双阳台小洋房,"熊猫国际三期 , 万达",4室2厅,149.86平米,南,毛坯,11层 ,,板楼,99 万,6607 元,1,,,VR看装修 | 房本满五年 | 随时看房,https://hui.lianjia.com/ershoufang/105113586314.html
满二 原值高少税 看花园和泳池采光通风良好 次新房,"星河丹堤V区 , 南站新城",4室2厅,101.52平米,南,毛坯,34层 ,,,95 万,9358 元,1,,,VR看装修 | 房本满五年 | 随时看房,https://hui.lianjia.com/ershoufang/105119844141.html
东江新城五期 三房两卫 业主诚意出售,"佳兆业东江新城五期 , 博罗中心区",3室1厅,91.94平米,南,毛坯,低楼层(共34层) ,,板塔结合,35.8 万,3894 元,0,,23天以前发布,VR房源,https://hui.lianjia.com/ershoufang/105122331902.html
碧桂园物业，诚心卖，代产权车位，南北都看花园双阳台,"深荟城一期 , 白云新城",4室2厅,135.71平米,东南,精装,32层 ,,板塔结合,116 万,8548 元,5,,,VR看装修 | 房本满五年 | 随时看房,https://hui.lianjia.com/ershoufang/105116944733.html
丽江花园南区 107平三房急售,"丽江花园南区 , 区政府",3室1厅,107平米,北,简装,18层 ,,板塔结合,57 万,5328 元,0,,,VR看装修 | 随时看房,https://hui.lianjia.com/ershoufang/105122116342.html
铂钻精装三房 楼栋视野百米楼间距 含家电管理费,"铂钻花园 , 东江新城",3室2厅,94.86平米,南,精装,中楼层(共27层) ,,板楼,105 万,11069 元,0,,18天以前发布,VR看装修 | 随时看房,https://hui.lianjia.com/ershoufang/105122365855.html
开城大道边、配套已然成熟、交通便利、总价低压力小,"建阳花园 , 开城大润发",2室2厅,64.45平米,南,,8层 ,,板塔结合,15 万,2328 元,6,,,VR看装修,https://hui.lianjia.com/ershoufang/105122138057.html
房契税满两年，没有个税，原购价高，视野景观很不错。,"龙光城北十二期 , 龙光城",4室2厅,120平米,南,精装,33层 ,,板塔结合,109 万,9084 元,1,,,VR看装修 | 随时看房,https://hui.lianjia.com/ershoufang/105118985231.html
罗浮花园实用率至高的小区生活便利楼龄新,"罗浮花园 , 罗浮山",4室2厅,143.98平米,南,毛坯,高楼层(共18层) ,,板塔结合,82.3 万,5717 元,0,,,VR看装修 | 房本满五年 | 随时看房,https://hui.lianjia.com/ershoufang/105121129730.html
惠州南站，天虹大润发旁。 通风采光很好,"庄士花园 , 开城大润发",2室1厅,58平米,南,精装,18层 ,,塔楼,21 万,3621 元,2,,,VR看装修 | 房本满五年 | 随时看房,https://hui.lianjia.com/ershoufang/105121913457.html
万达商圈  美泰天韵  带装修2房 业主诚意出售,"美泰天韵 , 万达",2室1厅,72.04平米,南,简装,30层 ,,板塔结合,42 万,5831 元,0,,,VR房源 | 房本满五年 | 随时看房,https://hui.lianjia.com/ershoufang/105120589297.html
水岸城7期 2023年装修 保养新  户型通透 楼层好看花园,"中信水岸城7期 , 东江新城",4室2厅,130.33平米,南,精装,32层 ,,板塔结合,170 万,13044 元,0,,,VR看装修,https://hui.lianjia.com/ershoufang/105121356679.html
精心装修，拎包入住，电梯中间楼层，采光视野好,"华润置地万象天汇 , 河南岸",3室2厅,96平米,南,精装,低楼层(共33层) ,,塔楼,129 万,13438 元,1,,,VR看装修 | 房本满两年 | 随时看房,https://hui.lianjia.com/ershoufang/105120340113.html
房子位于水口繁华区一线看江家门口鹿江沥公园 环境好,"新城鹿江风华 , 水口",4室2厅,123平米,南 北,,中楼层(共18层) ,,板塔结合,132 万,10732 元,0,,,VR看装修 | 随时看房,https://hui.lianjia.com/ershoufang/105119999941.html
隆生品质小区 西江花园  大四房 高层视野开阔,"隆生西江花园 , 东江新城",5室2厅,152.29平米,南 北,毛坯,高楼层(共32层) ,,塔楼,156 万,10244 元,0,,,VR看装修 | 房本满两年 | 随时看房,https://hui.lianjia.com/ershoufang/105121821177.html
户型方正，采光通风好，业主急卖,"康汇花园 , 大亚湾中心区",3室2厅,128.87平米,北 南,简装,13层 ,,板塔结合,41 万,3182 元,5,,,VR看装修 | 房本满五年 | 随时看房,https://hui.lianjia.com/ershoufang/105118071464.html
天虹大润发商圈，楼层采光好，近惠阳站，业主诚心出售,"庄士花园 , 开城大润发",2室1厅,57.57平米,南,简装,18层 ,,塔楼,19.5 万,3388 元,4,,,VR看装修 | 房本满五年 | 随时看房,https://hui.lianjia.com/ershoufang/105115587336.html
原装电梯房，户型方正，楼层好采光充足  保养不错！,"东湖花园四号小区 , 东平",3室2厅,122.77平米,北,精装,9层 ,,板塔结合,85 万,6924 元,0,,,VR看装修 | 房本满五年 | 随时看房,https://hui.lianjia.com/ershoufang/105121561968.html
隆生西江花园 3室1厅 南,"隆生西江花园 , 东江新城",3室1厅,111.26平米,南,毛坯,高楼层(共31层) ,,板塔结合,128 万,11505 元,0,,,VR看装修 | 随时看房,https://hui.lianjia.com/ershoufang/105121837551.html
陈江品质楼盘  3+1房（108平方）密码锁，随时可看房。,"华廷悦府 , 陈江",4室2厅,108平米,南,毛坯,高楼层(共30层) ,,板楼,80 万,7408 元,0,,,VR看装修 | 房本满两年 | 随时看房,https://hui.lianjia.com/ershoufang/105117911237.html
户型方正毛坯业主诚心出售，位置好,"和府御堡 , 西区新寮",2室2厅,67.37平米,南,,26层 ,,塔楼,35 万,5196 元,1,,8天以前发布,VR房源 | 房本满五年 | 随时看房,https://hui.lianjia.com/ershoufang/105122479925.html
金山新城大盘 美丽洲 花园中间4房 南北通透双阳台,"美丽洲 , 马安",4室2厅,117.32平米,南 北,毛坯,低楼层(共26层) ,,塔楼,99 万,8439 元,0,,,VR房源 | 随时看房,https://hui.lianjia.com/ershoufang/105122237485.html
户型方正，实用，采光好，税费低，适合居住。,"都市广场 , 区政府",1室0厅,40平米,西,简装,19层 ,,塔楼,13 万,3250 元,0,,,VR看装修 | 随时看房,https://hui.lianjia.com/ershoufang/105122189725.html
这套是离高铁比较远的那栋好楼层 南北通,"长通熙园 , 开城大润发",2室1厅,70.16平米,南 北,简装,32层 ,,塔楼,48 万,6842 元,0,,,VR房源 | 房本满五年 | 随时看房,https://hui.lianjia.com/ershoufang/105121239555.html
东南向，远看山景，近看小区园林水景，,"金地天润自在城一期 , 西区新寮",3室2厅,83.54平米,东南,简装,33层 ,,板塔结合,68 万,8140 元,3,,,VR看装修 | 房本满两年 | 随时看房,https://hui.lianjia.com/ershoufang/105118323293.html
高铁站成熟大社区，高入住率，诚心卖,"星河丹堤G区 , 南站新城",3室2厅,89平米,东南 南,精装,34层 ,,塔楼,89 万,10000 元,0,,,VR房源 | 随时看房,https://hui.lianjia.com/ershoufang/105121978994.html
中骏雍景台，成熟社区，南向大4房，中楼层看花园,"中骏雍景台 , 马安",4室2厅,118平米,西南,毛坯,高楼层(共33层) ,,板塔结合,85 万,7204 元,0,,,VR房源 | 随时看房,https://hui.lianjia.com/ershoufang/105120037063.html
星河花园3加1南北通的电梯高层的房子,"星河花园 , 博罗中心区",3室2厅,127.21平米,南,毛坯,30层 ,,塔楼,38 万,2988 元,1,,,VR看装修 | 房本满五年 | 随时看房,https://hui.lianjia.com/ershoufang/105121178703.html
惠阳站旁花园社区，山景两房，感受亲近自然的空气,"惠阳雅居乐花园一期 , 南站新城",2室2厅,77.29平米,东,毛坯,24层 ,,板塔结合,28.3 万,3662 元,1,,,VR看装修 | 房本满五年 | 随时看房,https://hui.lianjia.com/ershoufang/105115215472.html
雍景湾 南北通透4房 高楼层 视野好 无遮挡,"中骏雍景湾南区 , 河南岸",4室2厅,116.74平米,南 北,毛坯,高楼层(共30层) ,,板塔结合,119.8 万,10263 元,1,,,VR看装修 | 房本满两年 | 随时看房,https://hui.lianjia.com/ershoufang/105114808975.html
雅居乐御宾府毛坯三房业主诚意出售,"御宾府 , 龙丰",3室2厅,109平米,南 北,毛坯,高楼层(共29层) ,,塔楼,80 万,7340 元,3,,,VR看装修 | 房本满五年 | 随时看房,https://hui.lianjia.com/ershoufang/105112969723.html
水岸城六期自住精装三房两厅一卫看花园拎包入住,"中信水岸城六期 , 东江新城",3室2厅,87.07平米,东南,精装,中楼层(共32层) ,,板楼,99 万,11371 元,1,,,VR看装修 | 房本满五年 | 随时看房,https://hui.lianjia.com/ershoufang/105121327262.html
方直城市时代2房，业主急售，随时可以看房,"城市时代 , 河南岸",2室2厅,76.77平米,西,精装,中楼层(共22层) ,,板塔结合,68 万,8858 元,0,,23天以前发布,VR房源 | 房本满五年 | 随时看房,https://hui.lianjia.com/ershoufang/105122326840.html
华冠花园 2室2厅 北,"华冠花园 , 大亚湾中心区",2室2厅,42.76平米,北,精装,26层 ,,板塔结合,25 万,5847 元,0,,,VR看装修,https://hui.lianjia.com/ershoufang/105118731157.html
隆生一期南北通双阳台大4房，好楼层无欠款，业主诚心,"隆生仲恺花园 , 陈江",4室2厅,127.82平米,南 北,,31层 ,,塔楼,93 万,7276 元,1,,,VR看装修 | 房本满两年 | 随时看房,https://hui.lianjia.com/ershoufang/105120813695.html
"户型方正视野开阔配套完善,诚意出售","金地天润自在城一期 , 西区新寮",4室2厅,100.12平米,南,精装,33层 ,,板塔结合,88.88 万,8878 元,0,,,VR看装修 | 房本满两年 | 随时看房,https://hui.lianjia.com/ershoufang/105121790537.html
高榜山庄-高榜山下红花湖旁闹中取静宜居社区,"高榜山庄 , 龙丰",4室2厅,189.73平米,南 北,毛坯,高楼层(共9层) ,,,160 万,8434 元,0,,,VR看装修 | 房本满五年 | 随时看房,https://hui.lianjia.com/ershoufang/105120332283.html
百万大盘旁，临深一线河景，业主诚心售,"锦河湾 , 西区新寮",4室1厅,98.06平米,南 北,毛坯,34层 ,,板塔结合,62 万,6323 元,0,,,VR房源 | 随时看房,https://hui.lianjia.com/ershoufang/105120482603.html
业主着急出售价格可谈 全新装修未住过，户型方正,"荣盛御景澜湾 , 澳头",3室2厅,90.19平米,东南,,33层 ,,板塔结合,45 万,4990 元,0,,,VR看装修 | 房本满五年 | 随时看房,https://hui.lianjia.com/ershoufang/105122173913.html
7区次新小区，中间楼层视野漂亮，3房2个卫生间,"壹城中心7区 , 陈江",3室2厅,98.49平米,南,毛坯,中楼层(共32层) ,,塔楼,72 万,7311 元,0,,,VR看装修 | 房本满两年 | 随时看房,https://hui.lianjia.com/ershoufang/105119494850.html
难得漂亮户型！！三房南北通双阳台 视野开阔 优选楼层,"金辉风雅轩 , 秋长",3室2厅,85.12平米,南 北,毛坯,32层 ,,板塔结合,41.88 万,4921 元,0,,,VR看装修 | 房本满五年 | 随时看房,https://hui.lianjia.com/ershoufang/105120425427.html
住在公园里的房子，享受真正的大草原，湖泊。,"恒大棕榈岛 , 白云新城",4室2厅,126.81平米,南 北,毛坯,25层 ,,板楼,78 万,6151 元,0,,,VR看装修 | 房本满五年 | 随时看房,https://hui.lianjia.com/ershoufang/105119953175.html
富康锦绣壹号3房 红本在手 看房方便有钥匙 业主诚卖,"富康锦绣壹号 , 西区新寮",3室2厅,85.13平米,南,精装,33层 ,,塔楼,80 万,9398 元,2,,,VR看装修 | 房本满五年 | 随时看房,https://hui.lianjia.com/ershoufang/105121223875.html
区政府旁，万科物业，一房拎包入住。,"清泉城市广场 , 区政府",1室0厅,34.76平米,东南,,27层 ,,板塔结合,18 万,5179 元,1,,,VR看装修 | 房本满五年,https://hui.lianjia.com/ershoufang/105118726956.html
楼层位置很好，户型方正，业主急售,"经达御金湾 , 江北",4室2厅,118.94平米,南 北,毛坯,31层 ,,板塔结合,80 万,6727 元,0,,,VR看装修 | 房本满两年 | 随时看房,https://hui.lianjia.com/ershoufang/105121298713.html
禧临门，大社区，朝南3+1，拎包入住,"禧临门 , 博罗中心区",3室2厅,120平米,南,毛坯,低楼层(共30层) ,,板塔结合,70.8 万,5900 元,0,,,VR看装修 | 随时看房,https://hui.lianjia.com/ershoufang/105118485523.html
区政府天虹 南北通四房 自住装修 拎包入住,"中央国墅园 , 区政府",4室2厅,128.34平米,南 北,精装,29层 ,,板塔结合,72 万,5611 元,2,,,VR看装修 | 房本满五年 | 随时看房,https://hui.lianjia.com/ershoufang/105118507564.html
采光佳 视野好 户型方正 配套齐 交通便利,"正闳润金名苑 , 西区新寮",3室1厅,91.25平米,东南,精装,33层 ,,塔楼,76 万,8329 元,1,,,VR看装修 | 房本满两年 | 随时看房,https://hui.lianjia.com/ershoufang/105118509040.html
满五唯一带装修 业主诚意出售 前有公园后有广场,"御玺山大峡谷一期 , 比亚迪商圈",3室1厅,77.01平米,东,,32层 ,,板塔结合,40 万,5195 元,0,,22天以前发布,VR看装修,https://hui.lianjia.com/ershoufang/105122338066.html
江北东江湾精装修酒店公寓48平,"东江湾 , 江北",1室1厅,47.8平米,南,精装,高楼层(共30层) ,,板塔结合,50 万,10461 元,0,,,VR看装修 | 房本满两年 | 随时看房,https://hui.lianjia.com/ershoufang/105117675894.html
小区环境好.户型方正.业主急卖.价格好谈,"丽江花园南区 , 区政府",4室1厅,158.89平米,南,简装,11层 ,,板塔结合,90 万,5665 元,0,,27天以前发布,VR房源 | 房本满五年 | 随时看房,https://hui.lianjia.com/ershoufang/105122295061.html
山湖海上城3房2厅1卫 环境好 交通便利,"山湖海上城 , 惠东县城",3室2厅,92平米,南,精装,18层 ,,板塔结合,38.9 万,4229 元,0,,,VR看装修 | 随时看房,https://hui.lianjia.com/ershoufang/105121753697.html
正南向海景，视野开阔，户型方正，采光好，绿化高小区,"碧桂园十里银滩海悦湾 , 十里银滩",2室1厅,69.7平米,东南 南 西南,精装,30层 ,,板塔结合,29.8 万,4276 元,0,,,VR房源 | 房本满两年 | 随时看房,https://hui.lianjia.com/ershoufang/105117595023.html
户型好，价格便宜，适合居家  ，楼下有公交车站,"DADA的草地 , 大亚湾中心区",4室2厅,105.14平米,南 北,毛坯,32层 ,,板塔结合,30 万,2854 元,21,,,VR看装修 | 房本满五年 | 随时看房,https://hui.lianjia.com/ershoufang/105119491291.html
楼龄新，户型方正朝南，红本在手，业主诚心出售,"星河丹堤V2区 , 南站新城",3室2厅,100.1平米,南,毛坯,32层 ,,塔楼,100 万,9991 元,0,,,VR看装修 | 随时看房,https://hui.lianjia.com/ershoufang/105120433117.html
南北通三房两卫，采光好，安静，绿化舒适，生活便利。,"新力城二期 , 水口",3室2厅,117.86平米,东,毛坯,中楼层(共32层) ,,板楼,80 万,6788 元,0,,,VR看装修 | 房本满两年 | 随时看房,https://hui.lianjia.com/ershoufang/105121572991.html
楼层漂亮 二期带地下室 采光好 钥匙在公司 随时可以看,"富川瑞园 , 惠环",4室2厅,122.79平米,南,精装,高楼层(共32层) ,,板塔结合,74 万,6027 元,0,,,VR看装修 | 房本满五年 | 随时看房,https://hui.lianjia.com/ershoufang/105121179147.html
临深精装4房看河景花园2022年的新小区,"曦悦湾畔花园 , 西区新寮",4室2厅,98.28平米,西南,精装,33层 ,,板塔结合,75 万,7632 元,3,,,VR看装修 | 房本满两年 | 随时看房,https://hui.lianjia.com/ershoufang/105120246036.html
临深片区，保利阳光城精装修三房 拎包入住,"保利阳光城 , 白云新城",3室2厅,80.06平米,北,精装,33层 ,,板塔结合,56 万,6995 元,0,,,VR看装修 | 房本满五年 | 随时看房,https://hui.lianjia.com/ershoufang/105121190382.html
落地窗 高楼层 采光视野好 佳兆业一期 业主诚心出售,"佳兆业中心一期 , 江北",1室1厅,42.62平米,东,精装,29层 ,,板塔结合,28.5 万,6688 元,0,,30天以前发布,VR看装修 | 房本满五年 | 随时看房,https://hui.lianjia.com/ershoufang/105122268072.html
博罗新城区 电梯两房 阳台朝南 中间楼层 下楼就是操场,"佳兆业东江新城十期 , 博罗中心区",2室2厅,74平米,南,,34层 ,,板塔结合,27 万,3649 元,0,,,VR看装修 | 随时看房,https://hui.lianjia.com/ershoufang/105122101098.html
地段好，建材城小高层，无欠款，近万达-益田-吾悦广场,"华南国际 , 吾悦广场",4室2厅,110.05平米,南,精装,中楼层(共5层) ,,板楼,46 万,4180 元,0,,,VR看装修 | 房本满五年,https://hui.lianjia.com/ershoufang/105121873184.html
中间楼层采光好，小区内好，配套成熟，,"长汀花园 , 吾悦广场",2室1厅,60.38平米,南,毛坯,17层 ,,板塔结合,26 万,4307 元,2,,,VR看装修 | 房本满五年 | 随时看房,https://hui.lianjia.com/ershoufang/105111781793.html
下角丽水湾精装3房 业主诚意出售 看房方便,"鹏达丽水湾 , 下角",3室2厅,103.44平米,西 北,简装,低楼层(共27层) ,,板塔结合,83 万,8024 元,0,,,VR看装修 | 房本满五年,https://hui.lianjia.com/ershoufang/105121010753.html
诚心出售，南北向双阳台的户型，采光充足,"秋谷跃府 , 西区新寮",4室2厅,99.65平米,南,精装,27层 ,,板塔结合,64 万,6423 元,1,,,VR房源 | 房本满五年 | 随时看房,https://hui.lianjia.com/ershoufang/105118719721.html
惠州南站，优质地段，北向两房，业主诚心出售。,"长汀花园 , 吾悦广场",2室2厅,60.73平米,西北,毛坯,18层 ,,板塔结合,26 万,4282 元,1,,,VR看装修 | 随时看房,https://hui.lianjia.com/ershoufang/105113963869.html
南北通四房 采光通风好。天虹旁，高楼层,"中央国墅园 , 区政府",4室2厅,108.76平米,南 北,毛坯,29层 ,,板塔结合,48.5 万,4460 元,0,,7天以前发布,VR房源 | 随时看房,https://hui.lianjia.com/ershoufang/105122489041.html
户型方正采光好，业主城心出售交通方便，,"东信新天华府 , 江北",3室2厅,116.77平米,南,,24层 ,,板塔结合,70 万,5995 元,0,,,VR看装修 | 随时看房,https://hui.lianjia.com/ershoufang/105117528502.html
精装修 家私家电全齐 拎包入住 东江湾,"东江湾 , 江北",1室1厅,48平米,西,精装,中楼层(共30层) ,,板塔结合,35 万,7292 元,0,,,VR看装修 | 房本满两年,https://hui.lianjia.com/ershoufang/105120867292.html
碧桂园珑尚花园 户型方正 实用性强，视野开阔,"碧桂园珑尚花园 , 水口",4室2厅,108.49平米,南,毛坯,高楼层(共34层) ,,板塔结合,68 万,6268 元,0,,,VR看装修 | 房本满两年 | 随时看房,https://hui.lianjia.com/ershoufang/105117941657.html
梵高的花园4房2阳台，毛坯137平，户型方正，随时可看,"梵高的花园 , 江北",4室2厅,137平米,南,毛坯,33层 ,,板塔结合,123 万,8979 元,0,,,VR看装修 | 房本满两年 | 随时看房,https://hui.lianjia.com/ershoufang/105114007576.html
新力三期开阔4房中高楼层看花园,"新力城三期 , 水口",4室2厅,136平米,南,毛坯,高楼层(共32层) ,,板塔结合,103 万,7574 元,0,,,VR看装修 | 随时看房,https://hui.lianjia.com/ershoufang/105120592177.html
满五唯一，小户型，装修好没住过，靠红树林,"栖境园 , 大亚湾中心区",1室0厅,34.24平米,北,简装,12层 ,,板塔结合,18.8 万,5491 元,0,,12天以前发布,VR房源 | 房本满五年 | 随时看房,https://hui.lianjia.com/ershoufang/105122436852.html
陈江繁华成熟地段，高品质小区，百万方成熟社区,"华廷悦府 , 陈江",4室2厅,128.22平米,南,毛坯,高楼层(共32层) ,,塔楼,112 万,8735 元,0,,,VR房源 | 随时看房,https://hui.lianjia.com/ershoufang/105119453417.html
户型方正，东向，价格可以沟通。,"惠阳雅居乐花园一期 , 南站新城",2室2厅,75.91平米,东南,,24层 ,,板塔结合,29.9 万,3939 元,0,,,VR看装修 | 随时看房,https://hui.lianjia.com/ershoufang/105121476048.html
复式洋房、中间楼层、80万精装、人车分流、仅契税,"星河丹堤N区 , 南站新城",5室2厅,177.61平米,南 北,精装,低楼层(共17层) ,,塔楼,285 万,16047 元,3,,,VR房源 | 房本满两年 | 随时看房,https://hui.lianjia.com/ershoufang/105119174504.html
此房满五，，采光楼层好，业主诚心出售,"DADA的草地 , 大亚湾中心区",2室1厅,58.59平米,南,毛坯,32层 ,,板塔结合,13.8 万,2356 元,5,,,VR看装修 | 房本满五年 | 随时看房,https://hui.lianjia.com/ershoufang/105114819331.html
江北中 心 精装4房 163平保养很好 繁华地段配套齐全,"佳兆业中心二期 , 江北",4室2厅,163.59平米,南,精装,41层 ,,板塔结合,139 万,8497 元,1,,,VR房源 | 房本满两年 | 随时看房,https://hui.lianjia.com/ershoufang/105121776847.html
搬砖半年5千收入安家仲恺康城四季花园三房无欠款,"TCL康城四季 , 惠环",3室1厅,89.5平米,南,毛坯,32层 ,,塔楼,50 万,5587 元,0,,16天以前发布,VR房源 | 随时看房,https://hui.lianjia.com/ershoufang/105122389627.html
区政府旁 标准三房  房子保养很好 户型方正,"中港华庭 , 区政府",3室2厅,103.33平米,南 北,精装,26层 ,,塔楼,66 万,6388 元,0,,,VR看装修 | 房本满五年,https://hui.lianjia.com/ershoufang/105119632378.html
听涛复式二房精装修诚心出售随时可以看房,"听涛雅苑 , 大亚湾中心区",2室1厅,33.14平米,北,精装,7层 ,,板塔结合,20.8 万,6277 元,0,,,VR房源 | 房本满两年 | 随时看房,https://hui.lianjia.com/ershoufang/105122090920.html
（平台推荐）临深精装修三房，好出租，税费少,"慧湾中心 , 西区新寮",3室2厅,95.86平米,南,精装,33层 ,,板塔结合,79.8 万,8325 元,0,,27天以前发布,VR看装修,https://hui.lianjia.com/ershoufang/105122300583.html
业主自住 精装 看花园 保养好,"星河丹堤G区 , 南站新城",3室2厅,98.07平米,南,精装,34层 ,,塔楼,105 万,10707 元,0,,,VR看装修 | 房本满五年 | 随时看房,https://hui.lianjia.com/ershoufang/105120388520.html
天益城轻轨站500米朝南四房诚意出售,"milk花园 , 陈江",4室2厅,91.32平米,南,毛坯,32层 ,,塔楼,43 万,4709 元,0,,,VR看装修 | 房本满两年 | 随时看房,https://hui.lianjia.com/ershoufang/105113568873.html
朝南大两房，视野开阔，价格好谈,"诗林廊桥苑 , 澳头",2室2厅,83.36平米,南,,24层 ,,板塔结合,28 万,3359 元,0,,,VR看装修 | 房本满五年 | 随时看房,https://hui.lianjia.com/ershoufang/105121859940.html
恒大悦龙台精装三房，业主急售！！！,"恒大悦龙台 , 万达",3室2厅,85平米,北,精装,32层 ,,板塔结合,59 万,6942 元,0,,15天以前发布,VR房源 | 房本满两年 | 随时看房,https://hui.lianjia.com/ershoufang/105122404613.html
恒宇新苑 大三房 南北通3房 户型正采光好,"恒宇新苑 , 河南岸",3室2厅,120.16平米,南,精装,中楼层(共7层) ,,板楼,79 万,6575 元,0,,18天以前发布,VR看装修 | 房本满五年,https://hui.lianjia.com/ershoufang/105122370979.html
壹城精装修大户型，保养很新，业主诚售。,"壹城中心2区 , 陈江",4室1厅,138.7平米,南 北,,中楼层(共32层) ,,塔楼,115 万,8292 元,0,,,VR看装修 | 随时看房,https://hui.lianjia.com/ershoufang/105121991775.html
东湖花园六号小区 南向三房两厅 有钥匙看房,"东湖花园六号小区 , 东平",3室2厅,102.78平米,南,简装,低楼层(共9层) ,,板楼,79 万,7687 元,0,,,VR房源 | 房本满五年 | 随时看房,https://hui.lianjia.com/ershoufang/105119500509.html
金田花园 3室2厅 南,"金田花园 , 博罗中心区",3室2厅,117平米,南,简装,6层 ,,板塔结合,25 万,2137 元,1,,,VR看装修 | 房本满五年,https://hui.lianjia.com/ershoufang/105121016576.html
户型方正，标准4房，南北通可看江景，西南朝向看花园,"德威江誉城1期 , 马安",4室2厅,123.7平米,西南,毛坯,中楼层(共32层) ,,塔楼,106 万,8570 元,0,,,VR看装修 | 随时看房,https://hui.lianjia.com/ershoufang/105116768284.html
隆生文岭西堤品质高 毛坯 次新房 配套成熟,"文岭西堤 , 东江新城",4室2厅,126.21平米,南,毛坯,低楼层(共31层) ,,板塔结合,145 万,11489 元,1,,,VR看装修 | 房本满五年 | 随时看房,https://hui.lianjia.com/ershoufang/105114294263.html
南向看小区3房 视野开阔生活方便,"金榜山 , 龙丰",3室1厅,99平米,东,精装,中楼层(共27层) ,,板塔结合,95 万,9596 元,0,,,VR看装修 | 房本满五年,https://hui.lianjia.com/ershoufang/105121093684.html
二期 精装修 楼层漂亮 保养的很新,"富川瑞园 , 惠环",4室2厅,92.28平米,南 北,,中楼层(共18层) ,,板塔结合,55 万,5961 元,0,,25天以前发布,VR看装修 | 房本满五年 | 随时看房,https://hui.lianjia.com/ershoufang/105122312947.html
精装修南北通透四房，户型好，小区环境优美,"德威花园城 , 秋长",4室2厅,119.57平米,南 北,精装,低楼层(共29层) ,,板楼,69.6 万,5821 元,1,,,VR看装修 | 房本满五年 | 随时看房,https://hui.lianjia.com/ershoufang/105122120754.html
格林童话125平4房，毛坯，随时看房,"格林童话世界三期 , 潼侨沥林",3室1厅,124.77平米,东南,毛坯,低楼层(共11层) ,,板楼,52.8 万,4232 元,0,,,VR看装修 | 房本满五年 | 随时看房,https://hui.lianjia.com/ershoufang/105122188686.html
精装四房、朝南看花园、中间楼层采光好,"丽景湾上 , 东江新城",4室2厅,122.2平米,南,精装,32层 ,,板塔结合,119.8 万,9804 元,0,,,VR房源 | 房本满五年,https://hui.lianjia.com/ershoufang/105121389488.html
一线江景.中间楼层.视野无遮挡.,"合生·上观国际 , 水口",3室2厅,92平米,南,毛坯,中楼层(共32层) ,,塔楼,77 万,8370 元,0,,,VR看装修 | 房本满五年 | 随时看房,https://hui.lianjia.com/ershoufang/105117751040.html
水岸城三房改四房精装修空房随时可看,"中信水岸城二三期 , 东江新城",5室2厅,165.68平米,南,毛坯,32层 ,,板楼,149.8 万,9042 元,0,,,VR看装修 | 随时看房,https://hui.lianjia.com/ershoufang/105121582145.html
家华名都花园 4室2厅 南,"家华名都花园 , 陈江",4室2厅,155平米,南,精装,24层 ,,塔楼,95 万,6130 元,0,,,VR房源 | 房本满两年,https://hui.lianjia.com/ershoufang/105122055960.html
中信水岸城一期 3室1厅 南,"中信水岸城一期 , 东江新城",3室1厅,84平米,南,精装,18层 ,,板塔结合,130 万,15477 元,0,,,VR房源,https://hui.lianjia.com/ershoufang/105121793997.html
荷兰小城四房两厅两卫，业主诚意出售,"光耀荷兰小城 , 陈江",4室2厅,101平米,南,毛坯,33层 ,,板塔结合,55 万,5446 元,1,,,VR看装修 | 随时看房,https://hui.lianjia.com/ershoufang/105121381494.html
惠城区江北 精装大三房出售 采光好 户型方正,"邮电新村 , 江北",3室2厅,100平米,南,简装,高楼层(共8层) ,,板楼,65 万,6500 元,0,,,VR看装修,https://hui.lianjia.com/ershoufang/105121868065.html
惠州江北好地段，住宅性质70年产权！好出租！,"瑞嘉大厦 , 江北",1室1厅,42平米,西南,精装,26层 ,,板楼,29.6 万,7048 元,0,,,VR看装修 | 随时看房,https://hui.lianjia.com/ershoufang/105121108668.html
楼层位置很好，户型方正，业主急售,"经达御金湾 , 江北",4室2厅,118.94平米,南 北,毛坯,31层 ,,板塔结合,80 万,6727 元,0,,,VR看装修 | 房本满两年 | 随时看房,https://hui.lianjia.com/ershoufang/105121298713.html
禧临门，大社区，朝南3+1，拎包入住,"禧临门 , 博罗中心区",3室2厅,120平米,南,毛坯,低楼层(共30层) ,,板塔结合,70.8 万,5900 元,0,,,VR看装修 | 随时看房,https://hui.lianjia.com/ershoufang/105118485523.html
德威江誉城二期大社区精致一房一厅,"德威江誉城Ⅱ期 , 马安",1室1厅,42.7平米,北,精装,19层 ,,板塔结合,29 万,6792 元,2,,,VR房源 | 随时看房,https://hui.lianjia.com/ershoufang/105120770408.html
国鹏4房中间好楼层、户型方正、视野开阔、位置好,"国鹏润德学府 , 惠环",4室2厅,101.27平米,南 北,毛坯,中楼层(共29层) ,,板塔结合,65.5 万,6468 元,0,,,VR看装修 | 随时看房,https://hui.lianjia.com/ershoufang/105119588419.html
次新小区，朝南小三房，业主诚心出售,"摩卡公馆 , 比亚迪商圈",3室2厅,88.57平米,东,,17层 ,,板塔结合,48 万,5420 元,0,,,VR看装修 | 房本满五年 | 随时看房,https://hui.lianjia.com/ershoufang/105120466566.html
第九旁大4房 业主诚意急售 看上价格好谈 户型靓,"福晟钱隆樽品花园 , 陈江",4室2厅,116.89平米,南 北,毛坯,31层 ,,板塔结合,76 万,6502 元,0,,22天以前发布,VR房源 | 房本满两年 | 随时看房,https://hui.lianjia.com/ershoufang/105122334720.html
一线临深品质小区 精装三房 南向看花园,"丰谷天玺 , 龙光城",3室2厅,85.4平米,东南,精装,29层 ,,塔楼,69 万,8080 元,0,,18天以前发布,VR看装修 | 房本满两年,https://hui.lianjia.com/ershoufang/105122370489.html
西湖边上 后所街新苑 电梯三居室 精装修保养好~心动价,"后所街新苑 , 下埔",3室2厅,89.15平米,南,精装,10层 ,,板楼,56 万,6282 元,2,,,VR看装修 | 房本满五年,https://hui.lianjia.com/ershoufang/105120950284.html
楼栋好 ，好楼层，业主诚心出售，户型方正,"荣佳国韵二期 , 龙光城",3室2厅,125平米,南,简装,30层 ,,板楼,83 万,6640 元,0,,,VR看装修 | 随时看房,https://hui.lianjia.com/ershoufang/105121744845.html
业主诚心出售，看房方便，交易简单。。。,"听涛雅苑 , 大亚湾中心区",2室2厅,39.05平米,北,毛坯,7层 ,,板塔结合,16 万,4098 元,2,,,VR房源 | 房本满五年 | 随时看房,https://hui.lianjia.com/ershoufang/105121971550.html
吾悦广场旁边凯悦春天小区中间楼层三房两卫、诚心出售,"锦阳凯悦春天 , 吾悦广场",3室2厅,92.29平米,南,毛坯,29层 ,,板塔结合,48 万,5201 元,0,,,VR看装修 | 房本满五年 | 随时看房,https://hui.lianjia.com/ershoufang/105121560924.html
近灿邦  大社区  精装修  户型方正  正南朝向,"碧桂园太东公园上城 , 吾悦广场",3室2厅,110.78平米,南,精装,33层 ,,板塔结合,80 万,7222 元,1,,,VR看装修 | 房本满两年 | 随时看房,https://hui.lianjia.com/ershoufang/105112937202.html
主急售，户型方正，看房方便价位低,"美悦湾 , 大亚湾中心区",2室2厅,67.92平米,南,毛坯,中楼层(共32层) ,,板楼,26 万,3829 元,3,,30天以前发布,VR看装修 | 房本满两年 | 随时看房,https://hui.lianjia.com/ershoufang/105122263591.html
临深万达商圈 小区新 环境好 户型方正 三房双卫 朝南,"珑廷广场 , 万达",3室2厅,102.72平米,南,精装,32层 ,,塔楼,88 万,8567 元,0,,,VR看装修 | 房本满两年 | 随时看房,https://hui.lianjia.com/ershoufang/105122112098.html
门口双地铁公交线路+双商场+税费低+近万达寻找有缘人,"中铭君豪公寓 , 万达",2室2厅,67.15平米,南,简装,16层 ,,板塔结合,20 万,2979 元,3,,,VR看装修 | 房本满五年 | 随时看房,https://hui.lianjia.com/ershoufang/105120955229.html
金山湖湖心岛内！精装修大三房 朝南看花园！安静舒适,"方直东岸 , 河南岸",3室2厅,131.35平米,南,,32层 ,,板塔结合,136 万,10355 元,1,,,VR看装修 | 房本满五年 | 随时看房,https://hui.lianjia.com/ershoufang/105118463538.html
楼层好 户型方正 南北通，楼层好 居住舒适,"德桂佳园一区 , 水口",4室2厅,119.21平米,东南,毛坯,中楼层(共26层) ,,塔楼,89 万,7466 元,0,,,VR房源 | 房本满两年 | 随时看房,https://hui.lianjia.com/ershoufang/105121419533.html
业主急卖，红本在手，无抵押，交通方便，配套成熟。,"卓洲悦园 , 万达",4室2厅,105.58平米,南 北,简装,32层 ,,板塔结合,80 万,7578 元,0,,,VR看装修 | 房本满两年 | 随时看房,https://hui.lianjia.com/ershoufang/105119950577.html
临深大盘，配套完善南北通户型，诚意出售。,"龙光城龙公馆 , 龙光城",4室2厅,143.29平米,南,精装,4层 ,,板楼,199 万,13888 元,2,,,VR房源 | 随时看房,https://hui.lianjia.com/ershoufang/105120677736.html
万达广场楼上装修四房，业主诚心出售。,"阳光圣菲 , 万达",4室1厅,114平米,北,精装,33层 ,,板塔结合,75 万,6579 元,0,,,VR房源 | 房本满两年 | 随时看房,https://hui.lianjia.com/ershoufang/105121770805.html
精装修全屋品牌家私家电楼下就是鹿江公园，适合居住。,"万城皇冠豪苑 , 水口",4室2厅,132.93平米,南,简装,21层 ,,板楼,155 万,11661 元,0,,,VR房源 | 房本满五年,https://hui.lianjia.com/ershoufang/105119739456.html
户型格局方正，全新未住过，楼层采光好,"卓越东部蔚蓝海岸八期 , 西区新寮",3室2厅,98平米,东,精装,中楼层(共33层) ,,板塔结合,88 万,8980 元,0,,,VR看装修 | 随时看房,https://hui.lianjia.com/ershoufang/105120028891.html
户型方正，业主诚意出售，密码看房，随时可看，,"保利天汇 , 河南岸",3室2厅,87.65平米,东南,,高楼层(共32层) ,,板塔结合,90 万,10269 元,1,,,VR房源 | 房本满两年 | 随时看房,https://hui.lianjia.com/ershoufang/105118571863.html
房子次新小区，环境好，户型方正实用,"新力东园 , 大亚湾中心区",3室2厅,91.22平米,南,毛坯,32层 ,,板楼,38.5 万,4221 元,2,,,VR看装修 | 房本满两年 | 随时看房,https://hui.lianjia.com/ershoufang/105121008530.html
富川瑞园二期3+1 好楼层，好价格 配套成熟,"富川瑞园 , 惠环",4室2厅,94.12平米,东南,毛坯,高楼层(共18层) ,,板塔结合,43 万,4569 元,0,,,VR房源 | 房本满两年 | 随时看房,https://hui.lianjia.com/ershoufang/105120776676.html
深圳业主 急售 中洲天御三期4房 看鸟巢  有钥匙,"中洲天御3期 , 河南岸",4室2厅,127.64平米,南 北,毛坯,中楼层(共32层) ,,板塔结合,135 万,10577 元,0,,,VR看装修 | 随时看房,https://hui.lianjia.com/ershoufang/105120617056.html
东江熙园四房两厅两卫 业主诚心出售,"佳兆业东江熙园 , 博罗中心区",4室2厅,118平米,南 北,毛坯,高楼层(共33层) ,,板塔结合,35 万,2967 元,1,,,VR看装修 | 随时看房,https://hui.lianjia.com/ershoufang/105120467112.html
业主诚意出售，视野好、户型靓。,"新时代花园二期 , 博罗中心区",3室2厅,125.54平米,南,毛坯,28层 ,,板塔结合,49 万,3904 元,0,,,VR看装修 | 房本满五年 | 随时看房,https://hui.lianjia.com/ershoufang/105115176136.html
急售！急售！急售！三个阳台少有户型汇鑫花园,"汇鑫花园 , 新行政区",3室2厅,123平米,南 北,毛坯,16层 ,,塔楼,45.8 万,3724 元,2,,,VR看装修 | 房本满五年 | 随时看房,https://hui.lianjia.com/ershoufang/105121494915.html
此房业主诚意出售，，此房采光充足，户型方正。,"小径海岸城花园 , 霞涌",3室2厅,104.4平米,南,精装,33层 ,,板塔结合,53 万,5077 元,5,,,VR看装修 | 房本满五年 | 随时看房,https://hui.lianjia.com/ershoufang/105111134858.html
：金山湖湖芯岛方正三房，南向看花园，景观开阔,"湖心岛1号花园 , 河南岸",3室1厅,104.31平米,南,毛坯,低楼层(共32层) ,,板塔结合,100 万,9587 元,0,,7天以前发布,VR房源 | 房本满两年 | 随时看房,https://hui.lianjia.com/ershoufang/105122491902.html
业主精致自装  一线湖景楼下即是金山湖公园 视野开阔,"泰丰·千花岛 , 河南岸",3室2厅,106.89平米,南,,33层 ,,板塔结合,159 万,14876 元,0,,,VR看装修 | 房本满五年 | 随时看房,https://hui.lianjia.com/ershoufang/105121108487.html
万达商圈、龙光物业、潮南看花园、	户型方正,"龙光玖龙花园 , 万达",4室2厅,109.75平米,南 北,精装,32层 ,,板塔结合,70 万,6379 元,1,,,VR看装修 | 随时看房,https://hui.lianjia.com/ershoufang/105120848964.html
碧桂园珑誉 四房南北通  一线湖景没遮挡,"碧桂园珑誉花园 , 水口",4室2厅,141.67平米,南 北,毛坯,中楼层(共33层) ,,塔楼,91 万,6424 元,0,,,VR看装修 | 房本满五年 | 随时看房,https://hui.lianjia.com/ershoufang/105121722974.html
临深品质三房，诚心出售！！！！,"卓越蔚蓝海岸七期 , 西区新寮",3室2厅,96平米,东南,精装,34层 ,,塔楼,78 万,8125 元,2,,,VR看装修,https://hui.lianjia.com/ershoufang/105121096588.html
海悦湾漂亮两房，保养好家私拎包入住,"碧桂园十里银滩海悦湾 , 十里银滩",2室1厅,67.48平米,西,精装,30层 ,,板塔结合,25.2 万,3735 元,1,,,VR看装修 | 房本满五年 | 随时看房,https://hui.lianjia.com/ershoufang/105121983502.html
房子带精装修家私家电全齐满五税费少,"亚迪二村二区 , 澳头",3室2厅,115.34平米,南 北,精装,32层 ,,板塔结合,38 万,3295 元,0,,,VR看装修 | 房本满五年 | 随时看房,https://hui.lianjia.com/ershoufang/105121340535.html
近澳头沃尔玛，生活配套齐全，中间楼层，简单装修,"德丰雅苑 , 澳头",2室2厅,79.01平米,东南,简装,中楼层(共17层) ,,板塔结合,23 万,2912 元,1,,,VR看装修 | 房本满五年,https://hui.lianjia.com/ershoufang/105121869796.html
业主诚心出售，楼层好，视野好，采光好，楼下海鲜市场,"龙海豪苑 , 澳头",2室2厅,86.76平米,南,,高楼层(共25层) ,,塔楼,50 万,5764 元,2,,,VR看装修 | 房本满五年 | 随时看房,https://hui.lianjia.com/ershoufang/105121251861.html
"大平台,朝南向，一线临深，户型利用率高","美景印象 , 西区新寮",3室2厅,100.58平米,南 北,精装,31层 ,,板塔结合,99.8 万,9923 元,6,,,VR房源 | 房本满五年 | 随时看房,https://hui.lianjia.com/ershoufang/105116945608.html
次新小区，房子楼层好，户型方正,"腾韵花园 , 陈江",3室2厅,98.28平米,南,毛坯,32层 ,,塔楼,56 万,5699 元,0,,,VR看装修 | 房本满两年 | 随时看房,https://hui.lianjia.com/ershoufang/105118555806.html
金山湖奥园领寓 精装 保养很好 朝南 花园小区管理,"奥园领寓 , 河南岸",1室1厅,27.68平米,南,精装,31层 ,,塔楼,16 万,5781 元,0,,,VR房源 | 房本满五年 | 随时看房,https://hui.lianjia.com/ershoufang/105120085755.html
星河S2区，朝南三房，中高楼层，全明格局，红本在手,"星河丹堤S2区 , 南站新城",3室2厅,78.73平米,南,毛坯,高楼层(共32层) ,,板塔结合,70 万,8892 元,4,,,VR看装修 | 房本满五年 | 随时看房,https://hui.lianjia.com/ershoufang/105119442302.html
临深大四房 双阳台诚心出售 产权清晰,"正兆千树晴山 , 西区新寮",4室2厅,127.9平米,南,毛坯,31层 ,,板楼,75 万,5864 元,0,,6天以前发布,VR房源 | 随时看房,https://hui.lianjia.com/ershoufang/105122502107.html
满五唯一 朝南 房子保养新 装修很不错 使用率高,"康怡轩 , 江北",3室1厅,92平米,南,,高楼层(共30层) ,,塔楼,69.6 万,7566 元,0,,29天以前发布,VR房源 | 房本满五年,https://hui.lianjia.com/ershoufang/105122280576.html
奥园誉山湖一线湖景南北通四房，视野开阔无遮挡,"奥园誉山湖花园 , 河南岸",4室2厅,129.63平米,南 北,毛坯,中楼层(共32层) ,,板塔结合,150 万,11572 元,1,,,VR看装修 | 房本满两年 | 随时看房,https://hui.lianjia.com/ershoufang/105119370979.html
此房格局好，双阳台看花园，视野好 ，采光好，楼层好,"荣佳国韵二期 , 龙光城",5室2厅,165.8平米,南 北,毛坯,30层 ,,板塔结合,115 万,6937 元,1,,13天以前发布,VR房源 | 随时看房,https://hui.lianjia.com/ershoufang/105122428025.html
南北通户型，地段好， 品质小区，物业管理好,"聚龙天誉湾二期 , 博罗石湾",4室2厅,117.28平米,南 北,,28层 ,,塔楼,73 万,6225 元,0,,,VR看装修 | 随时看房,https://hui.lianjia.com/ershoufang/105121630147.html
惠城区广安花园三房两厅100平方29万急售,"廣安花園 , 麦地",3室2厅,100.45平米,西南,简装,高楼层(共10层) ,,,28 万,2788 元,2,,,VR看装修 | 房本满两年 | 随时看房,https://hui.lianjia.com/ershoufang/105121027399.html
带装修南北通三房，视野开阔，采光充足,"鸿升世纪东方城 , 水口",3室2厅,129.36平米,南 北,简装,26层 ,,板塔结合,75 万,5798 元,0,,,VR看装修,https://hui.lianjia.com/ershoufang/105121514958.html
东南朝向，视野开阔，户型布局很好，三个房间都朝南,"星河丹堤F区 , 南站新城",3室2厅,88.47平米,南,毛坯,34层 ,,板塔结合,69 万,7800 元,4,,,VR看装修 | 房本满五年 | 随时看房,https://hui.lianjia.com/ershoufang/105120101281.html
花园中间 精装三房 拎包入住 满二唯一,"富盈公馆三期 , 马安",3室2厅,102.04平米,南,精装,低楼层(共11层) ,,塔楼,83.9 万,8223 元,0,,,VR看装修 | 房本满两年 | 随时看房,https://hui.lianjia.com/ershoufang/105120193740.html
东南朝向精装修三居室 诚心出售 看房方便,"东湖花园三号小区 , 东平",3室2厅,89.24平米,南,,中楼层(共14层) ,,板楼,64 万,7172 元,0,,,VR看装修 | 房本满五年 | 随时看房,https://hui.lianjia.com/ershoufang/105122207580.html
此房地段好，出小区门就是市政广场跟市场，居住方便,"隆基天地广场 , 区政府",3室2厅,128.7平米,东 西南,,23层 ,,板塔结合,68.8 万,5346 元,1,,,VR房源 | 房本满五年 | 随时看房,https://hui.lianjia.com/ershoufang/105121586421.html
近深圳沙田地铁站，精装修，小区花园绿化达30%以上,"万城 , 白云新城",2室1厅,60.81平米,北,精装,25层 ,,板塔结合,38 万,6249 元,0,,,VR看装修 | 房本满五年 | 随时看房,https://hui.lianjia.com/ershoufang/105121598503.html
N2区新上房源简欧装修楼层好诚心卖,"星河丹堤N区 , 南站新城",4室1厅,138.84平米,南,精装,8层 ,,板楼,183 万,13181 元,5,,,VR房源 | 房本满五年,https://hui.lianjia.com/ershoufang/105122105400.html
大社区 户型南北通双阳台近沙田站,"万城名座花园 , 白云新城",4室2厅,132平米,南,精装,32层 ,,板塔结合,111 万,8410 元,0,,,VR看装修 | 房本满五年 | 随时看房,https://hui.lianjia.com/ershoufang/105120594296.html
房间都很宽敞 朝东南户型 采光明亮 通风性,"方圆天俊 , 惠环",4室2厅,116.7平米,南,毛坯,高楼层(共32层) ,,塔楼,68 万,5827 元,0,,,VR看装修 | 随时看房,https://hui.lianjia.com/ershoufang/105120280275.html
美丽洲 4室1厅 东南,"美丽洲 , 马安",4室1厅,138.7平米,东南,,高楼层(共32层) ,,塔楼,110 万,7931 元,0,,,VR看装修 | 房本满两年 | 随时看房,https://hui.lianjia.com/ershoufang/105121596327.html
海景城大社区 户型方正 高层视野开阔,"海景城 , 澳头",4室2厅,120.47平米,南 北,毛坯,33层 ,,板塔结合,60 万,4981 元,1,,,VR看装修 | 房本满五年 | 随时看房,https://hui.lianjia.com/ershoufang/105117589812.html
乐基大厦小区属于惠阳淡水2017年的房子 近高速,"乐基大厦 , 区政府",4室2厅,87.92平米,南,毛坯,29层 ,,板塔结合,48 万,5460 元,0,,,VR看装修 | 房本满五年 | 随时看房,https://hui.lianjia.com/ershoufang/105119252071.html
尚城世家，全屋智能装修，拎包入住,"尚城世家二期 , 区政府",2室2厅,81.37平米,西,,26层 ,,板塔结合,68 万,8357 元,0,,,VR看装修 | 房本满五年 | 随时看房,https://hui.lianjia.com/ershoufang/105121326180.html
全新精装，南北双阳台双卫，楼层视野佳，红本，税费低,"美悦湾 , 大亚湾中心区",3室2厅,91.41平米,南 北,精装,中楼层(共33层) ,,板楼,57 万,6236 元,2,,29天以前发布,VR看装修 | 随时看房,https://hui.lianjia.com/ershoufang/105122273567.html
户型布局合理  儿童老人活动区域热闹  生活舒适惬意,"渝景湾花园四期 , 澳头",3室2厅,96.48平米,南,简装,低楼层(共26层) ,,板塔结合,27 万,2799 元,7,,,VR房源 | 房本满五年 | 随时看房,https://hui.lianjia.com/ershoufang/105113037142.html
小区地理位置优越，楼层采光好，花园绿化好，,"鑫月御园 , 秋长",3室2厅,93.22平米,东南,毛坯,31层 ,,板塔结合,43 万,4613 元,0,,,VR看装修 | 房本满两年 | 随时看房,https://hui.lianjia.com/ershoufang/105112698232.html
皇冠豪苑 147平 4加1房 一线看江  两梯两户纯板式楼,"万城皇冠豪苑 , 水口",5室2厅,147.81平米,南,毛坯,22层 ,,板楼,142 万,9607 元,0,,,VR看装修 | 房本满两年 | 随时看房,https://hui.lianjia.com/ershoufang/105121315130.html
一线江景，红本在手，7米大阳台，凤凰楼层，拎包入住,"中信水岸城二三期 , 东江新城",3室2厅,167.83平米,东南,精装,32层 ,,板楼,175 万,10428 元,0,,,VR房源 | 房本满两年 | 随时看房,https://hui.lianjia.com/ershoufang/105122092084.html
凯旋城 3房  南向光照好，通风效果好！,"中海凯旋城五六期 , 河南岸",3室2厅,87.43平米,东南,毛坯,32层 ,,板塔结合,72 万,8236 元,0,,,VR看装修 | 房本满五年 | 随时看房,https://hui.lianjia.com/ershoufang/105122092279.html
临深白云新城，带装修三房，近沙田地铁口,"鹏城里 , 白云新城",3室2厅,93.44平米,东北,简装,28层 ,,板塔结合,47.8 万,5116 元,0,,25天以前发布,VR看装修 | 房本满五年 | 随时看房,https://hui.lianjia.com/ershoufang/105122309811.html
边位三房两卫，南向采光充足，视野开阔,"小径海岸城花园 , 霞涌",3室1厅,104平米,南,精装,33层 ,,板塔结合,48.8 万,4693 元,1,,,VR房源 | 随时看房,https://hui.lianjia.com/ershoufang/105120922894.html
科技园旁，次新小区，实用四房。,"仁和美地家园 , 吾悦广场",4室2厅,114.97平米,南 北,毛坯,32层 ,,塔楼,66.9 万,5819 元,1,,,VR看装修 | 房本满两年 | 随时看房,https://hui.lianjia.com/ershoufang/105120905598.html
采光通风效果好，业主诚意出售，小区舒服.,"惠州星河盛世 , 白云新城",4室2厅,89.26平米,西南,,33层 ,,板塔结合,56 万,6274 元,0,,,VR看装修 | 随时看房,https://hui.lianjia.com/ershoufang/105116641404.html
顶楼复式4房上下2层 天台种菜 种花,"碧桂园翠湖湾 , 新圩",4室3厅,181.95平米,东南,精装,高楼层(共17层) ,,塔楼,116 万,6376 元,1,,,VR房源 | 房本满两年 | 随时看房,https://hui.lianjia.com/ershoufang/105120531228.html
轻轨物业 金辉新苑精装大三房 保养好 拎包入住,"金輝新苑 , 龙丰",3室2厅,130.34平米,北,精装,中楼层(共9层) ,,板塔结合,75 万,5755 元,0,,,VR房源 | 房本满五年 | 随时看房,https://hui.lianjia.com/ershoufang/105118865051.html
中间楼层采光好 户型方正 满五唯一 税费低,"公交宿舍 , 麦地",3室2厅,78.82平米,南,,9层 ,,,29.8 万,3781 元,0,,31天以前发布,VR房源 | 房本满五年 | 随时看房,https://hui.lianjia.com/ershoufang/105122256853.html
新力城一期89平毛坯三房诚意出售,"新力城一期 , 水口",3室2厅,89.22平米,东南,毛坯,低楼层(共27层) ,,板楼,57 万,6389 元,0,,,VR看装修 | 随时看房,https://hui.lianjia.com/ershoufang/105122092942.html
带前后大露台 华辉铭铸 带产权车位  四房,"华辉铭铸 , 江北",4室1厅,129.5平米,南,精装,低楼层(共17层) ,,塔楼,118 万,9112 元,0,,16天以前发布,VR房源,https://hui.lianjia.com/ershoufang/105122394479.html
精装修，好楼层，采光好，通风好，没有遮挡。,"鑫月御园 , 秋长",3室2厅,84.91平米,南,精装,23层 ,,板塔结合,52 万,6125 元,0,,25天以前发布,VR看装修 | 房本满五年 | 随时看房,https://hui.lianjia.com/ershoufang/105122312567.html
水口大社区新力花园，118平南北通大3房，视野开阔,"新力城一期 , 水口",3室2厅,117.98平米,南,毛坯,低楼层(共27层) ,,板楼,78 万,6612 元,0,,,VR看装修 | 房本满两年 | 随时看房,https://hui.lianjia.com/ershoufang/105122094156.html
新力城花园端头位，89平3方，视野好,"新力城一期 , 水口",3室2厅,89.22平米,南,毛坯,中楼层(共27层) ,,板楼,57 万,6389 元,0,,,VR看装修 | 房本满两年 | 随时看房,https://hui.lianjia.com/ershoufang/105122094211.html
鼎峰国汇山 全新毛坯 朝南 刚需三房 带花园,"鼎峰国汇山 , 江北",3室2厅,87.89平米,南,毛坯,高楼层(共32层) ,,板塔结合,88 万,10013 元,1,,,VR看装修 | 房本满五年 | 随时看房,https://hui.lianjia.com/ershoufang/105119790072.html
新力花园 小区环境舒服  房子户型好，板楼设计,"新力城一期 , 水口",3室2厅,108.9平米,东南,毛坯,中楼层(共27层) ,,板楼,78 万,7163 元,0,,,VR看装修 | 房本满五年 | 随时看房,https://hui.lianjia.com/ershoufang/105121420249.html
合生·上观国际 4室2厅 西南,"合生·上观国际 , 水口",4室2厅,178.34平米,西南,精装,中楼层(共18层) ,,塔楼,109.8 万,6157 元,0,,,VR房源 | 房本满五年,https://hui.lianjia.com/ershoufang/105121900772.html
新力城一期89平方 朝南看花园 精装修 价格可聊,"新力城一期 , 水口",3室2厅,89平米,南,精装,33层 ,,板楼,73.8 万,8293 元,0,,8天以前发布,VR房源,https://hui.lianjia.com/ershoufang/105122486487.html
新力城一期118平三房诚意出售,"新力城一期 , 水口",3室2厅,117.98平米,南 西南,毛坯,高楼层(共27层) ,,板楼,78 万,6612 元,0,,,VR看装修 | 随时看房,https://hui.lianjia.com/ershoufang/105122091069.html
启明苑，新天虹商圈，配套成熟，四房两厅，户型方正,"启明苑 , 河南岸",4室2厅,128.48平米,南,精装,9层 ,,板塔结合,85 万,6616 元,6,,,VR看装修,https://hui.lianjia.com/ershoufang/105106703089.html
合生温馨2房，朝南东边户，视野开阔看江景,"合生·上观国际 , 水口",2室2厅,83.75平米,东南 南,毛坯,高楼层(共32层) ,,塔楼,58 万,6926 元,0,,,VR看装修 | 随时看房,https://hui.lianjia.com/ershoufang/105120477694.html
碧桂园珑誉4房精装 带车位  好楼层户型方正,"碧桂园珑誉花园 , 水口",4室2厅,115.36平米,东南,,中楼层(共33层) ,,塔楼,88 万,7629 元,0,,,VR看装修 | 房本满五年 | 随时看房,https://hui.lianjia.com/ershoufang/105122145460.html
合生上观小区，精装，大社区...................,"合生·上观国际 , 水口",4室2厅,178.09平米,东南,精装,中楼层(共18层) ,,塔楼,110 万,6177 元,1,,,VR房源 | 房本满五年,https://hui.lianjia.com/ershoufang/105114138529.html
视野开阔  采光好 中高楼层 南向 精致三房,"五矿哈施塔特 , 博罗中心区",3室2厅,93.4平米,南,毛坯,33层 ,,塔楼,35 万,3748 元,0,,,VR看装修 | 房本满两年 | 随时看房,https://hui.lianjia.com/ershoufang/105121313862.html
三环内，交通便利，四房装修保养好，拎包入住,"翠湖雅苑 , 水口",5室2厅,155.27平米,南 北,精装,中楼层(共15层) ,,板塔结合,86 万,5539 元,0,,,VR看装修 | 房本满五年 | 随时看房,https://hui.lianjia.com/ershoufang/105119843398.html
视野无遮挡，中间楼层，户型方正，轻轨口物业大社区,"隆生仲恺花园3区 , 陈江",4室2厅,125.97平米,南 北,毛坯,低楼层(共32层) ,,塔楼,84.3 万,6693 元,0,,,VR看装修 | 房本满两年 | 随时看房,https://hui.lianjia.com/ershoufang/105121533630.html
此房满五唯一税费少户型好 户型方正实用 区政府旁,"江南豪苑 , 区政府",3室2厅,127平米,东南,简装,高楼层(共25层) ,,板楼,70 万,5512 元,0,,,VR看装修 | 房本满两年 | 随时看房,https://hui.lianjia.com/ershoufang/105118744164.html
房子户型方正看山景海景湖景单位原购价高无个税,"合生滨海城 , 澳头",4室2厅,182.35平米,东南,毛坯,31层 ,,板塔结合,110 万,6033 元,0,,,VR看装修 | 房本满五年 | 随时看房,https://hui.lianjia.com/ershoufang/105122183250.html
原购价格高无个税，户型方正，通风采光好，业主急售！,"合生滨海城 , 澳头",3室2厅,113平米,南 北,简装,28层 ,,板塔结合,56 万,4956 元,0,,,VR看装修 | 随时看房,https://hui.lianjia.com/ershoufang/105119198235.html
原购价格高，无个税！高品质大社区 好楼层 视野采光,"合生滨海城 , 澳头",3室2厅,137.64平米,东南 南,,31层 ,,板塔结合,60 万,4360 元,0,,27天以前发布,VR看装修 | 房本满五年 | 随时看房,https://hui.lianjia.com/ershoufang/105122300729.html
精装拎包入住楼层位置好，配套设施齐全,"当代上品湾花园 , 澳头",1室1厅,33.67平米,南,精装,37层 ,,板塔结合,13 万,3862 元,4,,,VR房源 | 房本满五年 | 随时看房,https://hui.lianjia.com/ershoufang/105117101567.html
高层视野好 精装修没住过 配套成熟 近天虹半岛公园,"清泉城市广场 , 区政府",3室2厅,93.83平米,南 北,精装,29层 ,,板塔结合,63 万,6715 元,1,,,VR看装修 | 房本满两年 | 随时看房,https://hui.lianjia.com/ershoufang/105120155032.html
壹城精装修4房，中高楼层，拎包入住,"壹城中心1区 , 陈江",4室2厅,118.38平米,南 北,精装,高楼层(共32层) ,,塔楼,112 万,9462 元,0,,,VR看装修 | 房本满两年 | 随时看房,https://hui.lianjia.com/ershoufang/105119898352.html
经典房型，实用方便，刚需改善均可，有意向欢迎实地看,"光耀荷兰小城 , 陈江",4室2厅,92.5平米,北 南,毛坯,中楼层(共33层) ,,板塔结合,49 万,5298 元,0,,25天以前发布,VR看装修 | 随时看房,https://hui.lianjia.com/ershoufang/105122312008.html
骏景花园 4室2厅 东,"骏景花园 , 区政府",4室2厅,130.25平米,东,精装,25层 ,,板塔结合,83.5 万,6411 元,0,,10天以前发布,VR房源 | 房本满五年,https://hui.lianjia.com/ershoufang/105122463324.html
临深片区，标准三房，小区环境好,"锦地繁花骏园 , 西区新寮",3室2厅,98.92平米,东南 南,毛坯,30层 ,,板塔结合,58.8 万,5945 元,2,,,VR看装修 | 房本满五年 | 随时看房,https://hui.lianjia.com/ershoufang/105120000468.html
沙田地铁站小户型两房，低总价，红本满五税少,"晶地顺苑 , 西区新寮",2室1厅,53.36平米,南,,30层 ,,板塔结合,26 万,4873 元,0,,,VR看装修 | 房本满五年 | 随时看房,https://hui.lianjia.com/ershoufang/105120979575.html
鼎峰国汇山 3室2厅 南 北,"鼎峰国汇山 , 江北",3室2厅,120平米,南 北,,低楼层(共27层) ,,板塔结合,108 万,9000 元,1,,,VR看装修 | 随时看房,https://hui.lianjia.com/ershoufang/105120685886.html
金山湖 隆生金山湖中.心旁 嘉泽园4房 诚意出售,"浩盛嘉泽园 , 河南岸",4室2厅,130.55平米,南 北,毛坯,高楼层(共31层) ,,塔楼,116 万,8886 元,0,,,VR看装修 | 房本满五年 | 随时看房,https://hui.lianjia.com/ershoufang/105119745110.html
户型方正采光好，业主城心出售交通方便，,"东信新天华府 , 江北",3室2厅,116.77平米,南,,24层 ,,板塔结合,70 万,5995 元,0,,,VR看装修 | 随时看房,https://hui.lianjia.com/ershoufang/105117528502.html
精装修 家私家电全齐 拎包入住 东江湾,"东江湾 , 江北",1室1厅,48平米,西,精装,中楼层(共30层) ,,板塔结合,35 万,7292 元,0,,,VR看装修 | 房本满两年,https://hui.lianjia.com/ershoufang/105120867292.html
碧桂园珑尚花园 户型方正 实用性强，视野开阔,"碧桂园珑尚花园 , 水口",4室2厅,108.49平米,南,毛坯,高楼层(共34层) ,,板塔结合,68 万,6268 元,0,,,VR看装修 | 房本满两年 | 随时看房,https://hui.lianjia.com/ershoufang/105117941657.html
梵高的花园4房2阳台，毛坯137平，户型方正，随时可看,"梵高的花园 , 江北",4室2厅,137平米,南,毛坯,33层 ,,板塔结合,123 万,8979 元,0,,,VR看装修 | 房本满两年 | 随时看房,https://hui.lianjia.com/ershoufang/105114007576.html
搬砖半年5千收入安家仲恺康城四季花园三房无欠款,"TCL康城四季 , 惠环",3室1厅,89.5平米,南,毛坯,32层 ,,塔楼,50 万,5587 元,0,,16天以前发布,VR房源 | 随时看房,https://hui.lianjia.com/ershoufang/105122389627.html
华润小径湾品质楼盘，出门有沙滩，商街。,"华润小径湾一期 , 霞涌",1室1厅,52.83平米,西南,简装,31层 ,,板塔结合,34.8 万,6588 元,4,,,VR看装修 | 房本满五年 | 随时看房,https://hui.lianjia.com/ershoufang/105116272825.html
满五唯一，小户型，装修好没住过，靠红树林,"栖境园 , 大亚湾中心区",1室0厅,34.24平米,北,简装,12层 ,,板塔结合,18.8 万,5491 元,0,,12天以前发布,VR房源 | 房本满五年 | 随时看房,https://hui.lianjia.com/ershoufang/105122436852.html
陈江繁华成熟地段，高品质小区，百万方成熟社区,"华廷悦府 , 陈江",4室2厅,128.22平米,南,毛坯,高楼层(共32层) ,,塔楼,112 万,8735 元,0,,,VR房源 | 随时看房,https://hui.lianjia.com/ershoufang/105119453417.html
安家！让我们扎根在这个为之奋斗的城市里。业主急售,"中信新城 , 南站新城",4室2厅,89.3平米,南,精装,34层 ,,板塔结合,57 万,6383 元,0,,18天以前发布,VR房源 | 房本满五年 | 随时看房,https://hui.lianjia.com/ershoufang/105122370377.html
复式洋房、中间楼层、80万精装、人车分流、仅契税,"星河丹堤N区 , 南站新城",5室2厅,177.61平米,南 北,精装,低楼层(共17层) ,,塔楼,285 万,16047 元,3,,,VR房源 | 房本满两年 | 随时看房,https://hui.lianjia.com/ershoufang/105119174504.html
户型方正，东向，价格可以沟通。,"惠阳雅居乐花园一期 , 南站新城",2室2厅,75.91平米,东南,,24层 ,,板塔结合,29.9 万,3939 元,0,,,VR看装修 | 随时看房,https://hui.lianjia.com/ershoufang/105121476048.html
桥胜雅苑 1室1厅 南,"桥胜雅苑 , 区政府",1室1厅,48.93平米,南,简装,12层 ,,板塔结合,12.9 万,2637 元,2,,,VR房源 | 房本满五年,https://hui.lianjia.com/ershoufang/105122090450.html
央企保利有保障 户型靓 诚心出售,"保利山水城 , 博罗中心区",2室1厅,58.42平米,东南,简装,10层 ,,板塔结合,21.8 万,3732 元,2,,,VR房源 | 房本满五年,https://hui.lianjia.com/ershoufang/105116681443.html
此房满五，，采光楼层好，业主诚心出售,"DADA的草地 , 大亚湾中心区",2室1厅,58.59平米,南,毛坯,32层 ,,板塔结合,13.8 万,2356 元,5,,,VR看装修 | 房本满五年 | 随时看房,https://hui.lianjia.com/ershoufang/105114819331.html
江北中 心 精装4房 163平保养很好 繁华地段配套齐全,"佳兆业中心二期 , 江北",4室2厅,163.59平米,南,精装,41层 ,,板塔结合,139 万,8497 元,1,,,VR房源 | 房本满两年 | 随时看房,https://hui.lianjia.com/ershoufang/105121776847.html
"泰富御山郡两房,朝南采光好,出行便利","泰富·御山郡 , 龙丰",2室1厅,51平米,东南 南,简装,19层 ,,板塔结合,30 万,5883 元,0,,,VR看装修 | 随时看房,https://hui.lianjia.com/ershoufang/105119668943.html
德丰·五月花花园 2室1厅 南,"德丰·五月花花园 , 西区新寮",2室1厅,79.57平米,南,毛坯,17层 ,,塔楼,41.5 万,5216 元,0,,,VR看装修 | 随时看房,https://hui.lianjia.com/ershoufang/105120254891.html
近江北 华昌旁龙福新苑南向3+1房 中间楼层 总价低,"龙福新苑 , 水口",3室2厅,110.35平米,南 北,,8层 ,,板塔结合,42 万,3807 元,0,,,VR看装修 | 房本满五年,https://hui.lianjia.com/ershoufang/105121395994.html
惠阳好地段 万科物业 业主诚意出售 随时可看房,"清泉城市广场 , 区政府",4室1厅,93.85平米,东南,精装,29层 ,,板塔结合,75 万,7992 元,2,,,VR房源 | 房本满五年 | 随时看房,https://hui.lianjia.com/ershoufang/105119170942.html
业主急售红本在手无欠款满五唯一无个税价格可谈,"御城水都 , 区政府",3室2厅,85.89平米,南,精装,32层 ,,塔楼,79 万,9198 元,1,,29天以前发布,VR看装修 | 房本满两年 | 随时看房,https://hui.lianjia.com/ershoufang/105122275645.html
香悦澜山 刚需3房2厅2卫 朝南户型方正 安静舒适,"新城香悦澜山 , 博罗中心区",3室2厅,97平米,南,毛坯,中楼层(共33层) ,,塔楼,37 万,3815 元,0,,,VR房源 | 房本满五年 | 随时看房,https://hui.lianjia.com/ershoufang/105122149896.html
全新装修，3房2卫.采光很好 优越地理位置,"中鑫悦府 , 惠环",3室1厅,86.83平米,西南,,高楼层(共32层) ,,,59.2 万,6818 元,0,,11天以前发布,VR房源 | 随时看房,https://hui.lianjia.com/ershoufang/105122453036.html
润阳花园 公园就在家门口，小区内设有幼儿园,"中铭润阳 , 新圩",4室2厅,128.82平米,南,毛坯,中楼层(共12层) ,,板塔结合,59 万,4581 元,0,,17天以前发布,VR房源 | 房本满五年 | 随时看房,https://hui.lianjia.com/ershoufang/105122386959.html
"诚心出售，价格可谈,中间楼层，看房方便","壹城中心2区 , 陈江",3室2厅,98.84平米,南,毛坯,高楼层(共29层) ,,塔楼,68 万,6880 元,0,,,VR看装修 | 房本满五年 | 随时看房,https://hui.lianjia.com/ershoufang/105121374297.html
稀有复式户型  楼层好  采光好,"碧桂园翠湖湾 , 新圩",4室2厅,179.06平米,东南,精装,高楼层(共17层) ,,塔楼,119 万,6646 元,0,,,VR房源 | 房本满五年,https://hui.lianjia.com/ershoufang/105120965928.html
业主诚心出售，楼层好，视野好，采光好，楼下海鲜市场,"龙海豪苑 , 澳头",2室2厅,86.76平米,南,,高楼层(共25层) ,,塔楼,50 万,5764 元,2,,,VR看装修 | 房本满五年 | 随时看房,https://hui.lianjia.com/ershoufang/105121251861.html
房子带精装修家私家电全齐满五税费少,"亚迪二村二区 , 澳头",3室2厅,115.34平米,南 北,精装,32层 ,,板塔结合,38 万,3295 元,0,,,VR看装修 | 房本满五年 | 随时看房,https://hui.lianjia.com/ershoufang/105121340535.html
近澳头沃尔玛，生活配套齐全，中间楼层，简单装修,"德丰雅苑 , 澳头",2室2厅,79.01平米,东南,简装,中楼层(共17层) ,,板塔结合,23 万,2912 元,1,,,VR看装修 | 房本满五年,https://hui.lianjia.com/ershoufang/105121869796.html
三和经济开发区，新力龙湾，全屋定制家私家电,"新力珑湾 , 三和经济开发区",3室2厅,89.72平米,南,,中楼层(共31层) ,,塔楼,50 万,5573 元,0,,6天以前发布,VR房源 | 随时看房,https://hui.lianjia.com/ershoufang/105122504741.html
急售 灿邦商圈 南北通4房2卫3阳台 中高楼层 视野好,"十月花花园 , 大亚湾中心区",4室2厅,131.08平米,南 北,简装,33层 ,,板楼,88 万,6714 元,0,,,VR看装修 | 房本满五年 | 随时看房,https://hui.lianjia.com/ershoufang/105114199813.html
东南向 视野好 通风佳 采光好 租客好约看房随时,"伟豪领御世家 , 江北",4室2厅,100.97平米,东南,简装,中楼层(共32层) ,,板塔结合,95 万,9409 元,0,,,VR看装修 | 房本满五年 | 随时看房,https://hui.lianjia.com/ershoufang/105120756987.html
万达商圈，吾悦广场旁，户型方正，毛坯急售,"明华花园 , 吾悦广场",4室2厅,108.01平米,东北,毛坯,16层 ,,塔楼,57 万,5278 元,1,,,VR看装修 | 房本满五年 | 随时看房,https://hui.lianjia.com/ershoufang/105118249212.html
华润小径湾精装修大一房，朝向南,"华润小径湾二期 , 霞涌",1室1厅,52平米,南,简装,32层 ,,板塔结合,21.8 万,4193 元,1,,,VR房源,https://hui.lianjia.com/ershoufang/105121284089.html
急售 一品中央  南北通 双阳台3+1房,"一品中央 , 博罗石湾",3室1厅,121.57平米,南 北,,27层 ,,板塔结合,53 万,4360 元,0,,,VR看装修 | 房本满五年 | 随时看房,https://hui.lianjia.com/ershoufang/105119801245.html
左岸春天一期 2室1厅 南,"左岸春天一期 , 开城大润发",2室1厅,54平米,南,精装,12层 ,,板塔结合,26 万,4815 元,1,,,VR看装修,https://hui.lianjia.com/ershoufang/105120959078.html
次新盘汇显泰华园、轻奢风靓装9.9成新、含子母车位,"汇显城市公园 , 汝湖",5室2厅,129.72平米,南,精装,27层 ,,板楼,119 万,9174 元,0,,,VR看装修,https://hui.lianjia.com/ershoufang/105121503987.html
万达商旁精品复式房、视野好，位置好，新装修,"中萃花城湾 , 万达",6室2厅,120.16平米,南,精装,16层 ,,塔楼,128 万,10653 元,0,,,VR房源 | 房本满五年,https://hui.lianjia.com/ershoufang/105121565063.html
精装修四房两厅，座北朝南，采光户型好合适一家人居住,"珠光御景湾 , 水口",4室2厅,133平米,东南 南,精装,17层 ,,板塔结合,75 万,5640 元,1,,,VR看装修,https://hui.lianjia.com/ershoufang/105119211075.html
水岸城二期 小三房毛坯 花园楼栋 中间楼层,"中信水岸城二三期 , 东江新城",3室1厅,86.08平米,东南,,17层 ,,板塔结合,73 万,8481 元,0,,18天以前发布,VR看装修 | 房本满五年 | 随时看房,https://hui.lianjia.com/ershoufang/105122365478.html
荷兰小城中间楼层，视野开阔，户型方正，采光通风好！,"光耀荷兰小城 , 陈江",4室2厅,114.19平米,北,毛坯,高楼层(共33层) ,,板塔结合,57 万,4992 元,1,,,VR看装修 | 随时看房,https://hui.lianjia.com/ershoufang/105121494824.html
近仲恺高铁站，邻中韩产业园，中间楼层温馨三房诚心卖,"玖龙台 , 潼侨沥林",3室2厅,89平米,东南,,高楼层(共27层) ,,,43 万,4832 元,0,,,VR看装修 | 房本满两年 | 随时看房,https://hui.lianjia.com/ershoufang/105119997970.html
大社区，近学 校 ，标准住宅风格，采光好，户型方正,"光耀荷兰小城 , 陈江",4室2厅,114.19平米,北,,中楼层(共33层) ,,板塔结合,53 万,4642 元,0,,,VR看装修,https://hui.lianjia.com/ershoufang/105120141114.html
大湖花园 装修小3房 小区有花园 有证 过渡合适,"大湖花园 , 水口",3室2厅,53平米,南,简装,高楼层(共8层) ,,板楼,18 万,3397 元,1,,,VR看装修,https://hui.lianjia.com/ershoufang/105116210945.html
碧桂园 三房两厅两卫 南北通双阳台 采光好,"碧桂园翠湖湾 , 新圩",3室2厅,113.8平米,南,,低楼层(共17层) ,,板塔结合,59 万,5185 元,0,,,VR看装修 | 房本满五年 | 随时看房,https://hui.lianjia.com/ershoufang/105120888301.html
钱隆华府精装三房，业主深圳置业，诚心出售。,"世茂福晟钱隆华府 , 陈江",3室2厅,98.21平米,南,精装,中楼层(共33层) ,,板塔结合,77 万,7841 元,0,,7天以前发布,VR房源 | 房本满两年,https://hui.lianjia.com/ershoufang/105122488534.html
深圳创维惠州园区 高铁站 碧桂园科学城 精装三室二卫,"碧桂园云创家园 , 潼侨沥林",4室2厅,134.71平米,南 北,简装,中楼层(共34层) ,,,80 万,5939 元,0,,,VR看装修 | 房本满两年 | 随时看房,https://hui.lianjia.com/ershoufang/105119580009.html
全新未入住南北通三房 仲恺海关旁 新力帝泊湾,"新力帝泊湾 , 新圩",3室2厅,105.8平米,南,精装,32层 ,,塔楼,58 万,5483 元,1,,,VR看装修 | 房本满两年 | 随时看房,https://hui.lianjia.com/ershoufang/105119775253.html
此小区次新小区 小区绿化高采 光好户型方正看园林。,"悦璟华庭 , 惠环",3室2厅,94平米,东 南,精装,高楼层(共33层) ,,板塔结合,59 万,6277 元,0,,,VR房源 | 随时看房,https://hui.lianjia.com/ershoufang/105120127383.html
此新房中高楼层，实用率高，业主诚意出售,"天润嘉园 , 西区新寮",4室2厅,94.77平米,南,毛坯,29层 ,,板塔结合,55 万,5804 元,0,,,VR看装修 | 房本满两年 | 随时看房,https://hui.lianjia.com/ershoufang/105121970096.html
装修三房 大社区 适合居住 好楼层 看花园,"海伦堡院子 , 水口",3室2厅,104.02平米,南,,高楼层(共25层) ,,板塔结合,60 万,5769 元,0,,,VR看装修 | 房本满五年,https://hui.lianjia.com/ershoufang/105118440657.html
三远大爱城 3室2厅 南,"三远大爱城 , 吾悦广场",3室2厅,88.07平米,南,毛坯,32层 ,,板塔结合,49.5 万,5621 元,2,,,VR看装修 | 房本满五年 | 随时看房,https://hui.lianjia.com/ershoufang/105119156428.html
大社区成熟片区，绿化环境空气好生活便利，鹿江公园,"隆生皇冠花园 , 水口",4室2厅,142.72平米,南,精装,32层 ,,塔楼,129 万,9039 元,0,,,VR房源,https://hui.lianjia.com/ershoufang/105121907738.html
临深次新品质小区！全新奶油风装修！拎包即可入住,"丰谷天玺 , 龙光城",3室1厅,85.53平米,南,精装,29层 ,,塔楼,73 万,8536 元,0,,,VR看装修 | 随时看房,https://hui.lianjia.com/ershoufang/105121694697.html
中海阅江二期 中高楼层 全新精装修 拎包入住 有钥匙,"中海阅江府2期 , 东江新城",4室2厅,119.52平米,东南,精装,高楼层(共27层) ,,板楼,125 万,10459 元,0,,,VR看装修 | 房本满两年 | 随时看房,https://hui.lianjia.com/ershoufang/105121202656.html
临深精装两房，品质物业，生活配套方便，业主诚售可聊,"碧桂园太东·蜜柚 , 西区新寮",2室1厅,60.12平米,南,精装,33层 ,,塔楼,40.5 万,6737 元,4,,,VR房源 | 随时看房,https://hui.lianjia.com/ershoufang/105120527501.html
水岸城六期三房两卫两厅自住精装拎包入住,"中信水岸城六期 , 东江新城",3室2厅,112.88平米,东南,简装,高楼层(共32层) ,,塔楼,115 万,10188 元,1,,,VR看装修 | 房本满五年 | 随时看房,https://hui.lianjia.com/ershoufang/105119944907.html
万达广场旁中萃花城湾小区中间楼层三房急售,"中萃花城湾 , 万达",3室2厅,90.86平米,南,精装,26层 ,,塔楼,61 万,6714 元,2,,,VR看装修 | 房本满五年 | 随时看房,https://hui.lianjia.com/ershoufang/105120908331.html
临深 次新小区  急售无欠款  首付低 月租可抵月供,"钻石公馆 , 草洋新区",1室2厅,56.15平米,南,毛坯,26层 ,,板塔结合,29 万,5165 元,0,,12天以前发布,VR房源 | 房本满五年 | 随时看房,https://hui.lianjia.com/ershoufang/105122437719.html
业主有心出售看房有钥匙采光好户型方正,"东江学府五期 , 河南岸",3室2厅,90.86平米,南,毛坯,低楼层(共22层) ,,板塔结合,79 万,8695 元,0,,17天以前发布,VR房源 | 随时看房,https://hui.lianjia.com/ershoufang/105122385783.html
卢浮公馆大户型 顶层复式 南北通透 看鹅城大桥看江景,"卢浮公馆 , 江北",7室1厅,218平米,南 北,毛坯,高楼层(共12层) ,,板塔结合,215.8 万,9900 元,0,,,VR房源,https://hui.lianjia.com/ershoufang/105120515711.html
东江新城五期 小两房 中间楼层，视野开阔,"佳兆业东江新城五期 , 博罗中心区",2室2厅,74平米,东南,,中楼层(共34层) ,,板塔结合,28 万,3784 元,0,,,VR看装修 | 随时看房,https://hui.lianjia.com/ershoufang/105121944128.html
地铁3公里 朝南 采光好 看别墅景观 全新入住,"龙光城南四期 , 龙光城",5室2厅,114.41平米,南,,34层 ,,板塔结合,120 万,10489 元,0,,,VR看装修 | 随时看房,https://hui.lianjia.com/ershoufang/105122129456.html
惠阳高铁站旁，星河丹堤百万大社区，交通便利配套齐全,"星河丹堤F区 , 南站新城",3室2厅,104.75平米,北,精装,34层 ,,板塔结合,108 万,10311 元,2,,18天以前发布,VR房源 | 随时看房,https://hui.lianjia.com/ershoufang/105122372898.html
南向看小区园林，小区入住率高，生活方便,"龙光玖龙山 , 三和经济开发区",3室2厅,89.44平米,南,,32层 ,,板塔结合,53.8 万,6016 元,0,,,VR看装修 | 房本满两年 | 随时看房,https://hui.lianjia.com/ershoufang/105121816371.html
原购价高无个税，正南朝向，中高楼层 业主诚心出售,"恒大依山海湾 , 澳头",3室2厅,99.05平米,南,毛坯,中楼层(共32层) ,,板塔结合,46.8 万,4725 元,0,,,VR看装修 | 房本满两年 | 随时看房,https://hui.lianjia.com/ershoufang/105114522643.html
新装修，看房钥匙，朝南，采光好，带阳台,"丽格国际公寓 , 江北",1室1厅,41.83平米,东南,精装,30层 ,,塔楼,40 万,9563 元,0,,,VR看装修 | 房本满五年,https://hui.lianjia.com/ershoufang/105121887021.html
鹏达御西湖，满五唯一，税费低，正南向,"御景花园北区 , 下角",3室1厅,116.92平米,东南,精装,低楼层(共27层) ,,板塔结合,93.8 万,8023 元,1,,,VR房源 | 房本满五年 | 随时看房,https://hui.lianjia.com/ershoufang/105120553919.html
朝南采光带全屋家电+红本在手无欠款+拎包入住,"TCL康城四季 , 惠环",3室2厅,97.5平米,南 北,精装,18层 ,,塔楼,63 万,6462 元,3,,,VR看装修 | 房本满两年 | 随时看房,https://hui.lianjia.com/ershoufang/105114466272.html
红花湖海伦时光带一个车位一起出售三房二厅二卫,"海伦时光 , 龙丰",3室2厅,99.48平米,西南,,低楼层(共33层) ,,,49 万,4926 元,2,,,VR看装修 | 房本满五年 | 随时看房,https://hui.lianjia.com/ershoufang/105118061300.html
惠州南站 大两房 配套成熟 业主诚心出售 看房方便,"瑞景居 , 南站新城",2室2厅,83平米,南,精装,高楼层(共12层) ,,板塔结合,46 万,5543 元,1,,,VR看装修 | 房本满五年 | 随时看房,https://hui.lianjia.com/ershoufang/105114974129.html
推荐：带30平米露台！ 成熟社区 出行方便！标准3房！,"东湖花园一区 , 东平",3室2厅,99.3平米,南,,低楼层(共8层) ,,板塔结合,48 万,4834 元,0,,,VR房源 | 房本满五年 | 随时看房,https://hui.lianjia.com/ershoufang/105120275455.html
高尔夫球场，绿化面积大，中间楼层，视野宽阔,"恒大棕榈岛 , 白云新城",3室2厅,94.64平米,东南,毛坯,29层 ,,板塔结合,49 万,5178 元,3,,,VR看装修 | 房本满五年 | 随时看房,https://hui.lianjia.com/ershoufang/105118580283.html
中天彩虹城南区 1室1厅 东,"中天彩虹城南区 , 开城大润发",1室1厅,30.47平米,东,精装,30层 ,,塔楼,12 万,3939 元,0,,,VR看装修 | 随时看房,https://hui.lianjia.com/ershoufang/105121750517.html
业主诚心出售，价格可以聊，看房方便,"嘉鸿新城博雅府 , 惠环",4室2厅,117.65平米,南 北,毛坯,24层 ,,,63 万,5355 元,1,,,VR房源 | 房本满两年 | 随时看房,https://hui.lianjia.com/ershoufang/105120079127.html
业主诚心出售，看房方便，交易简单。。。,"听涛雅苑 , 大亚湾中心区",2室2厅,39.05平米,北,毛坯,7层 ,,板塔结合,16 万,4098 元,2,,,VR房源 | 房本满五年 | 随时看房,https://hui.lianjia.com/ershoufang/105121971550.html
吾悦广场旁边凯悦春天小区中间楼层三房两卫、诚心出售,"锦阳凯悦春天 , 吾悦广场",3室2厅,92.29平米,南,毛坯,29层 ,,板塔结合,48 万,5201 元,0,,,VR看装修 | 房本满五年 | 随时看房,https://hui.lianjia.com/ershoufang/105121560924.html
临深万达商圈 小区新 环境好 户型方正 三房双卫 朝南,"珑廷广场 , 万达",3室2厅,102.72平米,南,精装,32层 ,,塔楼,88 万,8567 元,0,,,VR看装修 | 房本满两年 | 随时看房,https://hui.lianjia.com/ershoufang/105122112098.html
滨海公园旁次新小区，精装修朝南三房两卫,"当代上品湾花园 , 澳头",3室2厅,110.21平米,西 西北,精装,34层 ,,板塔结合,53.6 万,4864 元,1,,,VR看装修 | 房本满五年 | 随时看房,https://hui.lianjia.com/ershoufang/105120529758.html
楼栋好 ，好楼层，业主诚心出售，户型方正,"荣佳国韵二期 , 龙光城",3室2厅,125平米,南,简装,30层 ,,板楼,83 万,6640 元,0,,,VR看装修 | 随时看房,https://hui.lianjia.com/ershoufang/105121744845.html
近灿邦  大社区  精装修  户型方正  正南朝向,"碧桂园太东公园上城 , 吾悦广场",3室2厅,110.78平米,南,精装,33层 ,,板塔结合,80 万,7222 元,1,,,VR看装修 | 房本满两年 | 随时看房,https://hui.lianjia.com/ershoufang/105112937202.html
主急售，户型方正，看房方便价位低,"美悦湾 , 大亚湾中心区",2室2厅,67.92平米,南,毛坯,中楼层(共32层) ,,板楼,26 万,3829 元,3,,30天以前发布,VR看装修 | 房本满两年 | 随时看房,https://hui.lianjia.com/ershoufang/105122263591.html
门口双地铁公交线路+双商场+税费低+近万达寻找有缘人,"中铭君豪公寓 , 万达",2室2厅,67.15平米,南,简装,16层 ,,板塔结合,20 万,2979 元,3,,,VR看装修 | 房本满五年 | 随时看房,https://hui.lianjia.com/ershoufang/105120955229.html
业主急售、中高楼层、户型方正通透、看花园、园林优美,"太东星河丹堤天睿花园南区 , 吾悦广场",4室2厅,88.95平米,南,,34层 ,,板塔结合,66 万,7420 元,1,,,VR看装修 | 房本满五年 | 随时看房,https://hui.lianjia.com/ershoufang/105121389109.html
双城国际南区 朝南看花园 安静不吵 带南坛,"双城国际南区 , 江北",3室2厅,86平米,南,毛坯,中楼层(共18层) ,,塔楼,79.5 万,9245 元,0,,,VR看装修 | 随时看房,https://hui.lianjia.com/ershoufang/105118836156.html
一线临深白云新城南北通宇星水悦华府4房业主诚心急售,"宇星水悦华府 , 草洋新区",4室2厅,111.67平米,南 北,毛坯,31层 ,,板塔结合,73 万,6538 元,0,,,VR看装修 | 房本满两年 | 随时看房,https://hui.lianjia.com/ershoufang/105120650085.html
城市花园低楼层精装修三房 户型好朝南,"城市花園 , 江北",2室2厅,87.5平米,南,简装,低楼层(共7层) ,,板楼,79 万,9029 元,0,,,VR看装修 | 房本满五年 | 随时看房,https://hui.lianjia.com/ershoufang/105120802842.html
临深次新小区新力睿园方正三房格局好 双阳台,"新力睿园 , 白云新城",3室2厅,111.38平米,南,毛坯,中楼层(共32层) ,,板塔结合,68 万,6106 元,0,,,VR看装修 | 房本满两年 | 随时看房,https://hui.lianjia.com/ershoufang/105120412955.html
惠阳站 百万大盘星河物业 两梯三户 景观视野好,"星河丹堤E区 , 南站新城",3室2厅,108.57平米,南,毛坯,34层 ,,,90 万,8290 元,3,,,VR看装修 | 房本满两年 | 随时看房,https://hui.lianjia.com/ershoufang/105116180372.html
彩虹城北区  带装修 一室  天虹大润发,"中天彩虹城北区 , 开城大润发",1室1厅,30平米,东南,,30层 ,,塔楼,12.8 万,4267 元,0,,,VR看装修 | 房本满五年 | 随时看房,https://hui.lianjia.com/ershoufang/105120907318.html
花园中间高楼层前后无遮挡视野开阔采光好,"东江学府三期 , 河南岸",3室2厅,133平米,南 北,精装,高楼层(共18层) ,,板塔结合,126 万,9474 元,0,,,VR看装修 | 随时看房,https://hui.lianjia.com/ershoufang/105121970828.html
天益城旁  精装3房   业主诚意出售    好楼层,"东日锦鸿名苑 , 陈江",3室2厅,107.43平米,东南,,低楼层(共28层) ,,板塔结合,55 万,5120 元,0,,,VR看装修 | 房本满两年,https://hui.lianjia.com/ershoufang/105121167648.html
60栋大社区 惠阳汽车站旁 交通方便房子精装修 朝南向,"花样年别样城二期 , 新行政区",1室1厅,41.48平米,东南 南,,32层 ,,塔楼,20 万,4822 元,1,,,VR看装修 | 房本满两年 | 随时看房,https://hui.lianjia.com/ershoufang/105121616065.html
深业喜悦城 楼尊单元 四房两厅两卫楼间距视野好,"深业喜悦城 , 惠环",4室2厅,128.48平米,南,毛坯,低楼层(共33层) ,,板塔结合,75.8 万,5900 元,2,,,VR看装修 | 房本满五年 | 随时看房,https://hui.lianjia.com/ershoufang/105113461831.html
临深大社区复式2层大露台和下沉式花园看河景,"九洲玉带湾 , 白云新城",6室2厅,83.36平米,南,精装,33层 ,,板塔结合,168 万,20154 元,17,,,VR房源 | 房本满五年 | 随时看房,https://hui.lianjia.com/ershoufang/105107880697.html
三房两位满五唯一，产证在手，无欠款,"龙光·水悦龙湾 , 东平",3室2厅,97平米,南,,低楼层(共29层) ,,板塔结合,95 万,9794 元,1,,,VR看装修 | 房本满五年 | 随时看房,https://hui.lianjia.com/ershoufang/105121325035.html
品质小区   中高楼层   房子方正  采光好,"欣乐道华府 , 马安",3室1厅,88.95平米,南,毛坯,中楼层(共33层) ,,塔楼,57 万,6409 元,0,,,VR房源 | 房本满五年 | 随时看房,https://hui.lianjia.com/ershoufang/105116919665.html
地段好 临街 价格低 业主诚心卖，出行便利， 购物方便,"港湾新村 , 澳头",3室1厅,97.73平米,东南,简装,9层 ,,,17.2 万,1760 元,1,,,VR看装修 | 房本满五年 | 随时看房,https://hui.lianjia.com/ershoufang/105122170067.html
户型方正实用，采光好，税费低，适合居住。,"都市广场 , 区政府",1室1厅,46.99平米,西南,简装,19层 ,,板塔结合,15 万,3193 元,8,,,VR看装修 | 随时看房,https://hui.lianjia.com/ershoufang/105120300102.html
房子是2018年新建 区域小户型 适合老人居住,"来富大楼 , 下角",1室1厅,27.81平米,东南,毛坯,16层 ,,板楼,17.5 万,6293 元,0,,,VR房源 | 房本满五年 | 随时看房,https://hui.lianjia.com/ershoufang/105121538905.html
低楼层，看花园，户型方正，南北通,"德威江誉城Ⅱ期 , 马安",4室2厅,123.45平米,南,毛坯,低楼层(共32层) ,,塔楼,99.8 万,8085 元,0,,,VR看装修 | 随时看房,https://hui.lianjia.com/ershoufang/105120088147.html
户型方正，视野采光好，业主急售！,"合生滨海城 , 澳头",4室2厅,160.87平米,南 北,毛坯,32层 ,,板塔结合,95 万,5906 元,2,,,VR看装修 | 房本满五年 | 随时看房,https://hui.lianjia.com/ershoufang/105119415110.html
隆生三期大3房，中高好楼层，业主诚心卖无欠款,"隆生仲恺花园3区 , 陈江",3室2厅,110.47平米,南,,中楼层(共33层) ,,塔楼,68 万,6156 元,0,,,VR看装修 | 随时看房,https://hui.lianjia.com/ershoufang/105121576042.html
全新装修房子由我专属对接业主，不买贵，看房谈价联系,"翡翠时光 , 下角",1室1厅,43.46平米,西,精装,低楼层(共9层) ,,板塔结合,23 万,5293 元,0,,,VR看装修 | 随时看房,https://hui.lianjia.com/ershoufang/105122025433.html
业主诚心出售，红本在手， 简装，看房方便.,"又一村花园十期 , 白云新城",2室2厅,72.98平米,东南,简装,高楼层(共6层) ,,板楼,13 万,1782 元,10,,,VR看装修 | 房本满五年,https://hui.lianjia.com/ershoufang/105121996102.html
临深地铁口，房子户型房子，出租居家都适合,"枫叶雅堤 , 白云新城",2室1厅,73平米,南 北,毛坯,11层 ,,板塔结合,25 万,3425 元,1,,,VR房源 | 随时看房,https://hui.lianjia.com/ershoufang/105121961087.html
华廷悦府高品质次新小区，刚需三房两卫朝南户型,"华廷悦府 , 陈江",3室2厅,97.86平米,南,毛坯,低楼层(共31层) ,,板塔结合,67 万,6847 元,0,,,VR看装修 | 随时看房,https://hui.lianjia.com/ershoufang/105119446485.html
运恒嘉园精装3房出售，满五唯一,"运恒嘉园 , 江北",3室2厅,96.93平米,南,精装,中楼层(共9层) ,,板楼,60 万,6191 元,1,,,VR看装修 | 房本满五年,https://hui.lianjia.com/ershoufang/105121185600.html
龙湖春江天境花园 86.65平米 3房2厅1卫 带装修,"春江天境花园 , 东江高新区",3室2厅,86.65平米,东南,精装,高楼层(共33层) ,,板楼,49.8 万,5748 元,0,,,VR看装修 | 房本满两年 | 随时看房,https://hui.lianjia.com/ershoufang/105121804442.html
"德佑透明收佣，不做包单，红军楼，看西湖,大露台","红军楼 , 下角",1室2厅,68.67平米,南,简装,8层 ,,板楼,34.5 万,5025 元,6,,,VR房源 | 房本满五年,https://hui.lianjia.com/ershoufang/105117057280.html
顶楼采光好视野好，诚心出售，欢迎看房,"太东明月湾 , 澳头",2室2厅,83.63平米,西南,,28层 ,,板塔结合,37.5 万,4485 元,1,,,VR看装修 | 房本满五年 | 随时看房,https://hui.lianjia.com/ershoufang/105120922643.html
高楼层 户型通透，空气流通，视野广阔，满五,"双城国际南区 , 江北",3室1厅,113.22平米,南,毛坯,中楼层(共26层) ,,板塔结合,106 万,9363 元,0,,,VR房源 | 房本满五年 | 随时看房,https://hui.lianjia.com/ershoufang/105122097906.html
看湖景南北通大4房，高层视野无遮挡，月供3K拎包入住,"碧桂园珑誉花园 , 水口",4室2厅,141.72平米,东南,精装,高楼层(共31层) ,,塔楼,103 万,7268 元,0,,,VR看装修 | 房本满五年 | 随时看房,https://hui.lianjia.com/ershoufang/105121426060.html
近华附 装修五房 南北通双阳台 看花园景观 无个税,"星河丹堤G区 , 南站新城",5室2厅,124.61平米,南 北,简装,34层 ,,塔楼,145 万,11637 元,1,,,VR房源 | 房本满五年,https://hui.lianjia.com/ershoufang/105122077963.html
业主诚心出售，红本在手，看房方便，有钥匙,"DADA的草地 , 大亚湾中心区",3室1厅,100.74平米,南,精装,32层 ,,板塔结合,29 万,2879 元,1,,,VR看装修 | 房本满五年 | 随时看房,https://hui.lianjia.com/ershoufang/105122105568.html
金盛丽景标准大三房 中间楼层 全新装修直接拎包入住,"华兴金盛丽景 , 水口",3室2厅,110.91平米,南,精装,高楼层(共17层) ,,板楼,82 万,7394 元,3,,,VR看装修 | 随时看房,https://hui.lianjia.com/ershoufang/105120075347.html
临深大型社区 中高楼层 业主诚心出售,"德丰·五月花花园 , 西区新寮",3室2厅,88平米,北,简装,17层 ,,板塔结合,55 万,6250 元,1,,,VR房源 | 随时看房,https://hui.lianjia.com/ershoufang/105119930365.html
次新小区，标准两房 户型方正 中间楼层视野好无遮挡,"奥园开城首府 , 开城大润发",3室2厅,108.8平米,南,,29层 ,,板塔结合,75 万,6894 元,0,,,VR看装修 | 随时看房,https://hui.lianjia.com/ershoufang/105118232851.html
天宸原著原木风格，业主自装花了心思,"龙湖天宸原著花园 , 河南岸",3室2厅,94.99平米,南,精装,中楼层(共33层) ,,塔楼,148 万,15581 元,0,,,VR看装修 | 随时看房,https://hui.lianjia.com/ershoufang/105121783443.html
江滨华府全新装修看湖看江三房满五年随时看房,"江滨华府(二手) , 小金口",3室2厅,89.53平米,南,精装,高楼层(共30层) ,,板塔结合,49.8 万,5563 元,0,,,VR房源 | 房本满五年 | 随时看房,https://hui.lianjia.com/ershoufang/105121976575.html
百万大盘，生活配套齐全，地段好，小区环境优美宜居,"华冠花园 , 大亚湾中心区",4室1厅,103.66平米,南,毛坯,33层 ,,板塔结合,43 万,4149 元,4,,,VR看装修 | 房本满五年 | 随时看房,https://hui.lianjia.com/ershoufang/105118920108.html
天睿南花园中间  4+1房南北通 景观好 无欠款 无个税,"太东星河丹堤天睿花园南区 , 吾悦广场",5室1厅,136.47平米,南 北,毛坯,34层 ,,板塔结合,122 万,8940 元,2,,,VR房源 | 房本满五年 | 随时看房,https://hui.lianjia.com/ershoufang/105116882642.html
德威摩卡小镇 3室2厅 南,"德威摩卡小镇 , 江北",3室2厅,118.24平米,南,精装,中楼层(共24层) ,,塔楼,85 万,7189 元,0,,,VR看装修 | 房本满两年,https://hui.lianjia.com/ershoufang/105122239511.html
房子朝南户型，视野开阔，随时看房。。。,"德丰凯旋城北区 , 大亚湾中心区",2室1厅,42平米,北,毛坯,26层 ,,板塔结合,22.5 万,5358 元,63,,,VR看装修 | 随时看房,https://hui.lianjia.com/ershoufang/105102337461.html
业主红本在手，南北通，品质小区,"君跃荃新时代 , 大亚湾中心区",3室2厅,87.3平米,南,毛坯,29层 ,,塔楼,47 万,5384 元,0,,,VR房源 | 房本满五年 | 随时看房,https://hui.lianjia.com/ershoufang/105119459607.html
业主急售，此房 户型方正 视野开阔 ，采光好,"蓝湾星宸一期 , 大亚湾中心区",2室2厅,77.32平米,东南,毛坯,33层 ,,板塔结合,24.8 万,3208 元,0,,12天以前发布,VR房源 | 房本满五年 | 随时看房,https://hui.lianjia.com/ershoufang/105122432857.html
小区自带高尔夫景观 中高层视野好原值高无个税可谈,"恒大棕榈岛 , 白云新城",4室2厅,113.12平米,南,,29层 ,,板塔结合,68 万,6012 元,1,,,VR房源 | 房本满五年 | 随时看房,https://hui.lianjia.com/ershoufang/105113221028.html
蓝光雍和园精装三房坐拥红花湖桃花源双景区,"蓝光雍和园 , 龙丰",3室1厅,107平米,东南,简装,中楼层(共33层) ,,板楼,98 万,9159 元,0,,,VR房源 | 房本满两年,https://hui.lianjia.com/ershoufang/105121753399.html
城市zhong心，奢居典范——尊享hao宅，开启品质生活,"鑫月·汇峰 , 东平",3室2厅,126.74平米,北,精装,高楼层(共30层) ,,板塔结合,78.8 万,6218 元,1,,,VR看装修 | 随时看房,https://hui.lianjia.com/ershoufang/105119889950.html
金悦华府四房129平，南北通，靠花园里面不吵，高层,"金悦华府 , 东江新城",4室2厅,129.87平米,南,毛坯,高楼层(共40层) ,,板塔结合,125 万,9626 元,99,,,VR看装修 | 房本满两年 | 随时看房,https://hui.lianjia.com/ershoufang/105117493013.html
拎包即住→精装两房 朝南！视野开——阔 装修用料扎实,"万城 , 白云新城",2室2厅,68.12平米,南,精装,17层 ,,板塔结合,41.88 万,6148 元,0,,,VR看装修 | 房本满五年,https://hui.lianjia.com/ershoufang/105121467708.html
楼下鹿江公园露营底，楼层好，户型方正,"富盈公馆三期 , 马安",3室2厅,101.03平米,东南,毛坯,中楼层(共32层) ,,板塔结合,68 万,6731 元,1,,,VR看装修 | 房本满两年 | 随时看房,https://hui.lianjia.com/ershoufang/105121899770.html
三房二厅1卫实用小户房子采光好视野开阔配套成熟,"中海凯旋城五六期 , 河南岸",3室2厅,88平米,南,,32层 ,,板塔结合,86 万,9773 元,0,,,VR房源 | 随时看房,https://hui.lianjia.com/ershoufang/105121026489.html
星河荣域 3室1厅 南,"星河荣域 , 南站新城",3室1厅,98.32平米,南,毛坯,33层 ,,板塔结合,70 万,7120 元,0,,,VR房源 | 房本满两年 | 随时看房,https://hui.lianjia.com/ershoufang/105120643524.html
不欠款，视野好，小区安静舒适，看龙尾山水库,"荣盛御湖观邸 , 比亚迪商圈",4室2厅,115.52平米,东南,精装,32层 ,,板楼,55 万,4762 元,0,,,VR看装修 | 房本满五年 | 随时看房,https://hui.lianjia.com/ershoufang/105121006425.html
曦江润府一期 江景毛坯四房  大阳台 视野开阔,"曦江润府 , 东江新城",4室2厅,135.25平米,西南,毛坯,低楼层(共33层) ,,塔楼,155 万,11461 元,0,,,VR看装修 | 房本满两年 | 随时看房,https://hui.lianjia.com/ershoufang/105120490515.html
精装修，朝向好，标准3房2卫，看房方便。,"玖悦府 , 麦地",3室2厅,105.99平米,东南,精装,低楼层(共26层) ,,板塔结合,99 万,9341 元,0,,,VR看装修 | 随时看房,https://hui.lianjia.com/ershoufang/105121644842.html
金山湖山姆店！奥体中洲天御花园大社区 家门口翠竹42,"中洲天御二期 , 河南岸",3室2厅,92.77平米,南,精装,低楼层(共33层) ,,板塔结合,105 万,11319 元,0,,,VR看装修 | 房本满两年 | 随时看房,https://hui.lianjia.com/ershoufang/105120366807.html
红本在手，即买即住，对着小区花园，安静，无遮挡,"龙光城南四期 , 龙光城",4室2厅,106.18平米,南,毛坯,34层 ,,塔楼,88 万,8288 元,0,,,VR看装修 | 房本满五年 | 随时看房,https://hui.lianjia.com/ershoufang/105119576808.html
满五唯一业主着急出三房品质物业来看,"富康锦绣壹号 , 西区新寮",3室2厅,85.38平米,南,精装,33层 ,,塔楼,83 万,9722 元,0,,,VR房源 | 房本满五年 | 随时看房,https://hui.lianjia.com/ershoufang/105122137612.html
大亚湾澳头2房高楼层带装修带租约红本在手,"大江新都大厦 , 澳头",2室1厅,74.14平米,东北,简装,24层 ,,板塔结合,22.5 万,3035 元,1,,,VR看装修 | 房本满五年,https://hui.lianjia.com/ershoufang/105119178220.html
户型格局方正，全新未住过，楼层采光好,"卓越东部蔚蓝海岸八期 , 西区新寮",3室2厅,98平米,东,精装,中楼层(共33层) ,,板塔结合,88 万,8980 元,0,,,VR看装修 | 随时看房,https://hui.lianjia.com/ershoufang/105120028891.html
急售！急售！急售！三个阳台少有户型汇鑫花园,"汇鑫花园 , 新行政区",3室2厅,123平米,南 北,毛坯,16层 ,,塔楼,45.8 万,3724 元,2,,,VR看装修 | 房本满五年 | 随时看房,https://hui.lianjia.com/ershoufang/105121494915.html
户型方正，业主诚意出售，密码看房，随时可看，,"保利天汇 , 河南岸",3室2厅,87.65平米,东南,,高楼层(共32层) ,,板塔结合,90 万,10269 元,1,,,VR房源 | 房本满两年 | 随时看房,https://hui.lianjia.com/ershoufang/105118571863.html
正规一房一厅，业主诚心出售，看房方便,"海粤名庭 , 大亚湾中心区",1室1厅,57.05平米,南,毛坯,低楼层(共19层) ,,塔楼,18 万,3156 元,3,,,VR看装修 | 房本满五年 | 随时看房,https://hui.lianjia.com/ershoufang/105121939799.html
"大平台,朝南向，一线临深，户型利用率高","美景印象 , 西区新寮",3室2厅,100.58平米,南 北,精装,31层 ,,板塔结合,99.8 万,9923 元,6,,,VR房源 | 房本满五年 | 随时看房,https://hui.lianjia.com/ershoufang/105116945608.html
钱隆樽品 全新装修4房 南北通透 拎包入住业主急卖,"福晟钱隆樽品花园 , 陈江",4室1厅,101.07平米,南 东南 北,精装,33层 ,,塔楼,81 万,8015 元,0,,31天以前发布,VR看装修 | 房本满两年 | 随时看房,https://hui.lianjia.com/ershoufang/105122249279.html
满五唯一 朝南 房子保养新 装修很不错 使用率高,"康怡轩 , 江北",3室1厅,92平米,南,,高楼层(共30层) ,,塔楼,69.6 万,7566 元,0,,29天以前发布,VR房源 | 房本满五年,https://hui.lianjia.com/ershoufang/105122280576.html
临深大四房 双阳台诚心出售 产权清晰,"正兆千树晴山 , 西区新寮",4室2厅,127.9平米,南,毛坯,31层 ,,板楼,75 万,5864 元,0,,6天以前发布,VR房源 | 随时看房,https://hui.lianjia.com/ershoufang/105122502107.html
中骏雍景台 花园高层3房 诚意出售 过户交契税！,"中骏雍景台 , 马安",3室2厅,95.52平米,南,毛坯,高楼层(共33层) ,,板楼,66.5 万,6962 元,0,,,VR看装修 | 随时看房,https://hui.lianjia.com/ershoufang/105121667377.html
星河S2区，朝南三房，中高楼层，全明格局，红本在手,"星河丹堤S2区 , 南站新城",3室2厅,78.73平米,南,毛坯,高楼层(共32层) ,,板塔结合,70 万,8892 元,4,,,VR看装修 | 房本满五年 | 随时看房,https://hui.lianjia.com/ershoufang/105119442302.html
户型方正南北通透双阳台户型好，花园中间安静舒适,"天地源御湾 , 水口",4室2厅,156.9平米,南 北,毛坯,7层 ,,板塔结合,109 万,6948 元,2,,,VR看装修 | 房本满五年 | 随时看房,https://hui.lianjia.com/ershoufang/105114617478.html
星河V区 前排看湖 长阳台 一线湖景 视野开阔,"星河丹堤V区 , 南站新城",5室2厅,140.91平米,南,精装,30层 ,,板楼,200 万,14194 元,1,,,VR房源 | 房本满五年,https://hui.lianjia.com/ershoufang/105121580440.html
惠南旁，成熟商圈，房子业主保养新，小区入住率高,"香榭园 , 河南岸",3室2厅,147平米,南,,中楼层(共18层) ,,板塔结合,99.8 万,6790 元,0,,,VR看装修 | 房本满五年 | 随时看房,https://hui.lianjia.com/ershoufang/105122157111.html
中洲天御二期 6室1厅 南,"中洲天御二期 , 河南岸",6室1厅,170.14平米,南,毛坯,高楼层(共33层) ,,板塔结合,205 万,12049 元,0,,10天以前发布,VR房源 | 房本满五年 | 随时看房,https://hui.lianjia.com/ershoufang/105122458680.html
奥体山姆店！中洲天御花园！南北通！阳台视野无遮挡,"中洲天御二期 , 河南岸",4室2厅,122.24平米,南,毛坯,低楼层(共33层) ,,板塔结合,130 万,10635 元,0,,10天以前发布,VR房源 | 房本满五年 | 随时看房,https://hui.lianjia.com/ershoufang/105122461332.html
长通熙园二期 天虹大润发旁次新小区,"长通熙园 , 开城大润发",3室2厅,96.5平米,南,,32层 ,,板塔结合,83.5 万,8653 元,0,,28天以前发布,VR看装修 | 房本满两年 | 随时看房,https://hui.lianjia.com/ershoufang/105122286644.html
此房看花园小区生活便利出门有公交车站,"西街苑二期 , 万达",2室2厅,77.94平米,北,精装,低楼层(共18层) ,,板塔结合,30 万,3850 元,2,,,VR房源 | 房本满五年 | 随时看房,https://hui.lianjia.com/ershoufang/105120126675.html
此房位置好，临深距离近，生活方便，生活配套齐全,"铂金广场 , 区政府",3室2厅,107.89平米,南 西南,毛坯,29层 ,,板塔结合,68 万,6303 元,0,,18天以前发布,VR房源 | 房本满五年 | 随时看房,https://hui.lianjia.com/ershoufang/105122367378.html
楼层好 户型方正 安静看花园适合居住,"德桂佳园一区 , 水口",3室2厅,99平米,南,毛坯,高楼层(共26层) ,,塔楼,68.8 万,6950 元,1,,,VR看装修 | 房本满两年 | 随时看房,https://hui.lianjia.com/ershoufang/105119864849.html
小高层 精装修三房 看小区花园位置 没有欠款,"龙光城北十二期 , 龙光城",3室2厅,89.72平米,南,精装,18层 ,,板塔结合,98.3 万,10957 元,0,,8天以前发布,VR房源 | 房本满五年 | 随时看房,https://hui.lianjia.com/ershoufang/105122481719.html
美地三期朝南 业主急售 价格可谈,"美地花园城 , 河南岸",3室2厅,102.43平米,南,精装,中楼层(共30层) ,,塔楼,68 万,6639 元,2,,,VR看装修 | 房本满两年 | 随时看房,https://hui.lianjia.com/ershoufang/105119236284.html
陈江御湖豪庭 精装修4房南北通户型 踩光好 户型方正,"御湖豪庭 , 陈江",4室2厅,109.74平米,南 北,精装,27层 ,,塔楼,73 万,6653 元,0,,,VR房源 | 房本满五年,https://hui.lianjia.com/ershoufang/105121206918.html
德洲物业，全新精装修，满五唯一，南北通双阳台，急卖,"德洲中心城 , 大亚湾中心区",3室1厅,114.87平米,南 北,精装,30层 ,,板塔结合,68 万,5920 元,0,,,VR看装修 | 房本满五年 | 随时看房,https://hui.lianjia.com/ershoufang/105114566402.html
龙丰轻轨站旁简装三房，朝南看花园，交通便利,"一城峯景 , 麦地",3室1厅,93.32平米,南,精装,17层 ,,塔楼,53 万,5680 元,0,,,VR看装修 | 房本满五年 | 随时看房,https://hui.lianjia.com/ershoufang/105121980593.html
荣佳国韵二期 2室2厅 西南,"荣佳国韵二期 , 龙光城",2室2厅,58.89平米,西南,精装,33层 ,,板楼,54 万,9170 元,0,,,VR看装修 | 房本满两年 | 随时看房,https://hui.lianjia.com/ershoufang/105122168239.html
小区地理位置好，南北通，中间楼层，采光好，价格便宜,"夏日南庭 , 比亚迪商圈",4室2厅,91.34平米,南 北,毛坯,17层 ,,塔楼,48 万,5256 元,2,,,VR看装修 | 房本满五年 | 随时看房,https://hui.lianjia.com/ershoufang/105121856129.html
这套房在花园中间位置，楼层好，业主诚心出售，惊喜价,"深业喜悦城 , 惠环",3室1厅,100.47平米,南,毛坯,中楼层(共33层) ,,板塔结合,59.8 万,5953 元,1,,,VR看装修 | 房本满五年 | 随时看房,https://hui.lianjia.com/ershoufang/105118611765.html
（诚意金可谈）江北国汇山89平，标准3房，看花园,"鼎峰国汇山 , 江北",3室2厅,89.18平米,南,毛坯,低楼层(共32层) ,,板塔结合,97 万,10877 元,0,,,VR看装修 | 房本满五年 | 随时看房,https://hui.lianjia.com/ershoufang/105121799311.html
鼎峰国汇山精装3房 品牌家私电器 朝南,"鼎峰国汇山 , 江北",3室2厅,89.56平米,南,精装,低楼层(共27层) ,,板塔结合,113 万,12618 元,0,,,VR看装修 | 房本满两年 | 随时看房,https://hui.lianjia.com/ershoufang/105120009940.html
新装修，看房随时可看，一公里内配套齐全,"加旺花苑 , 麦地",3室2厅,118平米,南,精装,中楼层(共8层) ,,板楼,79.8 万,6763 元,0,,,VR看装修 | 房本满两年 | 随时看房,https://hui.lianjia.com/ershoufang/105119981940.html
区政府天虹旁清泉广场3房业主诚心急售,"清泉城市广场 , 区政府",3室2厅,92.25平米,东南,毛坯,29层 ,,板塔结合,56 万,6071 元,0,,,VR看装修 | 房本满五年 | 随时看房,https://hui.lianjia.com/ershoufang/105109512112.html
新华联广场W1 精装修全拎包去住视野开阔红本在手,"新华联广场 , 大亚湾中心区",4室2厅,128.66平米,南 北,精装,32层 ,,塔楼,81 万,6296 元,1,,7天以前发布,VR房源 | 房本满五年 | 随时看房,https://hui.lianjia.com/ershoufang/105122494622.html
好精精选 中高楼层 视野好 采光佳 价格可少 好房急售,"珠江四季悦城二期 , 西区新寮",4室2厅,134.69平米,南 北,,33层 ,,塔楼,89 万,6608 元,0,,19天以前发布,VR房源 | 房本满两年 | 随时看房,https://hui.lianjia.com/ershoufang/105122357650.html
精装三房两卫，全新没住过，诚心卖，看房方便,"龙光玖龙湾 , 万达",3室1厅,95平米,南,,30层 ,,板塔结合,59.9 万,6306 元,0,,19天以前发布,VR房源 | 随时看房,https://hui.lianjia.com/ershoufang/105122363020.html
惠阳站 百万大盘 星河物业两梯四户 景观视野好,"星河丹堤E区 , 南站新城",2室1厅,74平米,东南,,32层 ,,,59.8 万,8082 元,13,,,VR看装修 | 房本满五年,https://hui.lianjia.com/ershoufang/105120406760.html
次新小区红本在手万科物业业主诚心出售,"晶地里程花园 , 西区新寮",4室2厅,113.58平米,南,简装,33层 ,,塔楼,71 万,6252 元,2,,,VR看装修,https://hui.lianjia.com/ershoufang/105121936844.html
五一新天地旁 荷兰小城南北户型四房业主诚心出售,"光耀荷兰小城 , 陈江",4室2厅,96.39平米,南 北,毛坯,30层 ,,板楼,46 万,4773 元,0,,,VR看装修 | 房本满两年 | 随时看房,https://hui.lianjia.com/ershoufang/105120949452.html
江湾一品 4室2厅 东北,"江湾一品 , 下角",4室2厅,174.89平米,东北,毛坯,高楼层(共30层) ,,板塔结合,168 万,9607 元,0,,24天以前发布,VR看装修 | 房本满五年 | 随时看房,https://hui.lianjia.com/ershoufang/105122321272.html
富康锦绣壹号三期 朝南三房 东边户 视野好 诚心出售,"富康锦绣壹号三期 , 西区新寮",3室2厅,85.24平米,南,精装,32层 ,,塔楼,96 万,11263 元,0,,8天以前发布,VR房源 | 房本满五年 | 随时看房,https://hui.lianjia.com/ershoufang/105122483423.html
吾悦广场旁业主自住，诚心卖，南北通，看花园!,"碧桂园太东公园上城 , 吾悦广场",3室2厅,109.35平米,南 北,精装,33层 ,,板塔结合,96 万,8780 元,0,,,VR看装修 | 房本满两年,https://hui.lianjia.com/ershoufang/105121101826.html
满五不唯一，精装修3房，拎包入住，中间楼层看花园,"龙光城北三期 , 龙光城",3室2厅,88.68平米,南,精装,中楼层(共34层) ,,板塔结合,81 万,9134 元,0,,,VR看装修 | 房本满五年 | 随时看房,https://hui.lianjia.com/ershoufang/105122150480.html
户型方正 红本在手 业主诚意出售,"卓越东部蔚蓝海岸四期 , 西区新寮",2室1厅,73.24平米,西南,,26层 ,,板塔结合,48 万,6554 元,0,,,VR看装修 | 房本满五年 | 随时看房,https://hui.lianjia.com/ershoufang/105121650714.html
南向视野好，装修保养佳，拎包入住,"德洲中心城 , 大亚湾中心区",3室2厅,84.76平米,南,精装,32层 ,,板塔结合,39 万,4602 元,2,,,VR房源 | 房本满五年 | 随时看房,https://hui.lianjia.com/ershoufang/105121018427.html
宏益公馆花园中间，两梯两户，安静舒适，双阳台！,"宏益公馆 , 江北",3室2厅,129.35平米,南,,低楼层(共18层) ,,塔楼,145 万,11210 元,0,,8天以前发布,VR房源 | 房本满五年 | 随时看房,https://hui.lianjia.com/ershoufang/105122480241.html
业主诚心出售，户型方正使用率高,"二月天花园 , 大亚湾中心区",4室2厅,90平米,南 北,精装,26层 ,,板塔结合,48 万,5334 元,1,,,VR看装修,https://hui.lianjia.com/ershoufang/105119555099.html
金湾花园，满五唯一，小区配套齐，,"金湾花园 , 大亚湾中心区",4室2厅,127平米,南,毛坯,低楼层(共32层) ,,塔楼,55 万,4331 元,2,,,VR房源 | 随时看房,https://hui.lianjia.com/ershoufang/105114214792.html
鼎浩城75平方 精装修2房出售 配了全屋家电 拎包入住,"鼎浩城 , 马安",2室1厅,75.33平米,东南,精装,19层 ,,塔楼,45 万,5974 元,0,,,VR看装修 | 房本满五年 | 随时看房,https://hui.lianjia.com/ershoufang/105119302163.html
丽格公寓精装一房一厅装修保养好,"丽格国际公寓 , 江北",1室1厅,41.5平米,北,,30层 ,,塔楼,32 万,7711 元,0,,,VR房源,https://hui.lianjia.com/ershoufang/105121769650.html
楼层好，视野好，采光通风好，无遮挡视野,"佳兆业拾光道花园 , 马安",3室1厅,94.07平米,南,毛坯,高楼层(共27层) ,,塔楼,66 万,7017 元,0,,25天以前发布,VR房源 | 随时看房,https://hui.lianjia.com/ershoufang/105122317117.html
红花湖南门，德和苑   两梯两户，南北通,"德和苑 , 龙丰",3室2厅,140.14平米,南,毛坯,高楼层(共18层) ,,板楼,90 万,6423 元,0,,,VR看装修 | 房本满两年 | 随时看房,https://hui.lianjia.com/ershoufang/105122216544.html
诚心出售，全新未住过，随时可以看房,"花样年别样城二期 , 新行政区",1室1厅,42平米,北,精装,32层 ,,塔楼,15.9 万,3786 元,0,,,VR房源 | 房本满五年 | 随时看房,https://hui.lianjia.com/ershoufang/105121953113.html
业主急售，红本在手，精装修朝南三房,"龙光玖龙湾 , 万达",3室2厅,87平米,南,精装,31层 ,,板塔结合,54 万,6207 元,5,,,VR看装修,https://hui.lianjia.com/ershoufang/105117747032.html
楼层好，户型佳，楼下天虹商场大润发商场，西区菜市场,"旺东国际广场 , 开城大润发",4室2厅,112平米,东南 南,精装,30层 ,,塔楼,85 万,7590 元,0,,,VR看装修,https://hui.lianjia.com/ershoufang/105118854190.html
精装，坐北朝南，采光好，视野开阔,"山语龙庭 , 新行政区",4室2厅,101.37平米,南 北,精装,27层 ,,板塔结合,69 万,6807 元,0,,,VR看装修 | 房本满五年 | 随时看房,https://hui.lianjia.com/ershoufang/105118781414.html
临深舒适型大三房好楼层近沙田地铁,"万祥豪苑 , 白云新城",3室2厅,107.82平米,北,毛坯,30层 ,,板塔结合,49.6 万,4601 元,0,,10天以前发布,VR房源 | 房本满五年 | 随时看房,https://hui.lianjia.com/ershoufang/105122460386.html
配套成熟·出行方便，拎包入住，价格能聊,"花样年·康城四季御峰 , 惠环",3室2厅,110平米,南 北,,中楼层(共31层) ,,板塔结合,86 万,7819 元,1,,,VR看装修,https://hui.lianjia.com/ershoufang/105122150078.html
南向两房，采光好，业主诚心出售,"碧桂园.十里银滩.海逸湾北区 , 十里银滩",2室1厅,66.97平米,南,精装,30层 ,,板塔结合,21 万,3136 元,26,,,VR看装修 | 房本满五年 | 随时看房,https://hui.lianjia.com/ershoufang/105113260445.html
天御三期高楼层前看江景后有公园楼间距宽敞视野开阔,"中洲天御3期 , 河南岸",4室1厅,127平米,南 北,,高楼层(共32层) ,,板塔结合,116 万,9134 元,0,,20天以前发布,VR房源 | 随时看房,https://hui.lianjia.com/ershoufang/105122351991.html
德丰凯旋城北区 1室1厅 北,"德丰凯旋城北区 , 大亚湾中心区",1室1厅,38.19平米,北,简装,26层 ,,板塔结合,20 万,5237 元,0,,,VR看装修 | 房本满五年 | 随时看房,https://hui.lianjia.com/ershoufang/105121921595.html
临深百万大盘，户型方正，业主诚心出售,"卓越蔚蓝海岸七期 , 西区新寮",3室2厅,96平米,南,精装,18层 ,,板塔结合,78 万,8125 元,1,,,VR看装修 | 随时看房,https://hui.lianjia.com/ershoufang/105122088601.html
江北鼎峰国汇山，刚需选择，朝南采光好,"鼎峰国汇山 , 江北",3室2厅,88.06平米,北,毛坯,高楼层(共32层) ,,板塔结合,82 万,9312 元,0,,,VR看装修 | 随时看房,https://hui.lianjia.com/ershoufang/105115279385.html
一线临深精装三房两卫，业主全新未入住，朝南看河景,"卓越东部蔚蓝海岸五期 , 西区新寮",3室2厅,95.83平米,南,精装,33层 ,,塔楼,81.88 万,8545 元,0,,,VR看装修 | 房本满两年 | 随时看房,https://hui.lianjia.com/ershoufang/105121487750.html
方直君御朝南3房2厅精装修 带家私电器出售,"方直君御 , 东江新城",3室2厅,91平米,南,,中楼层(共23层) ,,塔楼,128 万,14066 元,0,,,VR看装修,https://hui.lianjia.com/ershoufang/105120820807.html
红树林公园旁，精装四房，看房方便，无个税,"碧桂园太东天樾湾 , 大亚湾中心区",4室2厅,128.76平米,南 北,精装,34层 ,,板塔结合,63 万,4893 元,3,,,VR看装修 | 随时看房,https://hui.lianjia.com/ershoufang/105121702213.html
F区南向三房 视野宽阔无遮挡 采光充足 业主诚意出售,"星河丹堤F区 , 南站新城",3室2厅,88.02平米,南,毛坯,34层 ,,板塔结合,69 万,7840 元,6,,,VR看装修 | 房本满五年 | 随时看房,https://hui.lianjia.com/ershoufang/105119931523.html
红树林公园旁，二房带精装，业主急卖,"海伦堡海伦虹 , 大亚湾中心区",2室2厅,75.74平米,南,精装,20层 ,,板塔结合,39.8 万,5255 元,1,,,VR看装修 | 房本满两年 | 随时看房,https://hui.lianjia.com/ershoufang/105121284387.html
国企盘单价4000出头 急售 中间楼层,"天健阳光花园 , 新圩",3室1厅,79.45平米,南,,低楼层(共18层) ,,板塔结合,33 万,4154 元,1,,17天以前发布,VR看装修 | 房本满五年 | 随时看房,https://hui.lianjia.com/ershoufang/105122386377.html
真实房源-不吃差价-钥匙在店-看房方便-中间楼层,"海伦堡西子湾 , 下角",3室1厅,110.51平米,南,毛坯,中楼层(共40层) ,,塔楼,86 万,7783 元,0,,15天以前发布,VR房源 | 房本满两年 | 随时看房,https://hui.lianjia.com/ershoufang/105122408054.html
业主诚心出售，精装四房两卫，南北通，中间楼层,"花样年别样城五期 , 新行政区",4室2厅,101.62平米,南,精装,33层 ,,板塔结合,67 万,6594 元,0,,,VR看装修 | 房本满五年 | 随时看房,https://hui.lianjia.com/ershoufang/105121048944.html
海锦香槟小镇 4室1厅 东南,"海锦香槟小镇 , 惠环",4室1厅,96.27平米,东南,毛坯,高楼层(共26层) ,,板塔结合,45 万,4675 元,0,,31天以前发布,VR房源 | 随时看房,https://hui.lianjia.com/ershoufang/105122248945.html
楼下鹿江公园露营底，楼层好，户型方正,"富盈公馆三期 , 马安",3室2厅,101.03平米,东南,毛坯,中楼层(共32层) ,,板塔结合,68 万,6731 元,1,,,VR看装修 | 房本满两年 | 随时看房,https://hui.lianjia.com/ershoufang/105121899770.html
金悦华府四房129平，南北通，靠花园里面不吵，高层,"金悦华府 , 东江新城",4室2厅,129.87平米,南,毛坯,高楼层(共40层) ,,板塔结合,125 万,9626 元,99,,,VR看装修 | 房本满两年 | 随时看房,https://hui.lianjia.com/ershoufang/105117493013.html
户型方正，视野采光好，业主急售！,"合生滨海城 , 澳头",4室2厅,160.87平米,南 北,毛坯,32层 ,,板塔结合,95 万,5906 元,2,,,VR看装修 | 房本满五年 | 随时看房,https://hui.lianjia.com/ershoufang/105119415110.html
三房两位满五唯一，产证在手，无欠款,"龙光·水悦龙湾 , 东平",3室2厅,97平米,南,,低楼层(共29层) ,,板塔结合,95 万,9794 元,1,,,VR看装修 | 房本满五年 | 随时看房,https://hui.lianjia.com/ershoufang/105121325035.html
便宜两房、总价低值得参考、诚心出售,"阳光地带 , 开城大润发",2室2厅,59.64平米,南,,17层 ,,板塔结合,30 万,5031 元,0,,,VR房源 | 房本满五年 | 随时看房,https://hui.lianjia.com/ershoufang/105122215836.html
户型方正实用，采光好，税费低，适合居住。,"都市广场 , 区政府",1室1厅,46.99平米,西南,简装,19层 ,,板塔结合,15 万,3193 元,8,,,VR看装修 | 随时看房,https://hui.lianjia.com/ershoufang/105120300102.html
拎包即住→精装两房 朝南！视野开——阔 装修用料扎实,"万城 , 白云新城",2室2厅,68.12平米,南,精装,17层 ,,板塔结合,41.88 万,6148 元,0,,,VR看装修 | 房本满五年,https://hui.lianjia.com/ershoufang/105121467708.html
临深大社区复式2层大露台和下沉式花园看河景,"九洲玉带湾 , 白云新城",6室2厅,83.36平米,南,精装,33层 ,,板塔结合,168 万,20154 元,17,,,VR房源 | 房本满五年 | 随时看房,https://hui.lianjia.com/ershoufang/105107880697.html
品质小区   中高楼层   房子方正  采光好,"欣乐道华府 , 马安",3室1厅,88.95平米,南,毛坯,中楼层(共33层) ,,塔楼,57 万,6409 元,0,,,VR房源 | 房本满五年 | 随时看房,https://hui.lianjia.com/ershoufang/105116919665.html
朝南标准三房 高楼层 视野好 通透,"昊翔源云璞花园 , 陈江",3室2厅,97.31平米,南 北,毛坯,高楼层(共27层) ,,塔楼,75 万,7708 元,0,,,VR看装修 | 房本满两年 | 随时看房,https://hui.lianjia.com/ershoufang/105120803657.html
（平台推荐）临深片区南北通三房，交通方便,"荣佳国韵二期 , 龙光城",3室2厅,107.64平米,东南 南,精装,26层 ,,板塔结合,80 万,7433 元,1,,19天以前发布,VR房源 | 房本满两年 | 随时看房,https://hui.lianjia.com/ershoufang/105122355693.html
红本在手，业主诚心出售，价格可议价,"金輝新苑 , 龙丰",3室2厅,97平米,南,,中楼层(共8层) ,,板塔结合,57 万,5877 元,0,,,VR看装修,https://hui.lianjia.com/ershoufang/105118060670.html
盛世丰华 3室2厅 南,"盛世丰华 , 博罗石湾",3室2厅,98.8平米,南,毛坯,中楼层(共31层) ,,塔楼,49.8 万,5041 元,0,,19天以前发布,VR房源 | 房本满两年 | 随时看房,https://hui.lianjia.com/ershoufang/105122355562.html
一线河景 园林泳池景观好楼层采光充足,"保利阳光城四期 , 白云新城",4室2厅,132.39平米,东南,毛坯,32层 ,,板塔结合,103 万,7781 元,0,,,VR看装修 | 房本满两年 | 随时看房,https://hui.lianjia.com/ershoufang/105115516696.html
临深大社区 通透 楼层好 视野宽阔  配套齐全,"龙光城北二期 , 龙光城",4室1厅,127.98平米,南 北,毛坯,29层 ,,板塔结合,115 万,8986 元,2,,,VR房源 | 房本满五年 | 随时看房,https://hui.lianjia.com/ershoufang/105122041607.html
满二 原值高少税 看花园和泳池采光通风良好 次新房,"星河丹堤V区 , 南站新城",4室2厅,101.52平米,南,毛坯,34层 ,,,95 万,9358 元,1,,,VR看装修 | 房本满五年 | 随时看房,https://hui.lianjia.com/ershoufang/105119844141.html
禾塘街 ，中层，二楼带单车间。,"统建楼 , 下角",3室2厅,95.87平米,西南,简装,7层 ,,塔楼,29 万,3025 元,2,,,VR看装修 | 房本满五年 | 随时看房,https://hui.lianjia.com/ershoufang/105119728585.html
丽江花园南区 107平三房急售,"丽江花园南区 , 区政府",3室1厅,107平米,北,简装,18层 ,,板塔结合,57 万,5328 元,0,,,VR看装修 | 随时看房,https://hui.lianjia.com/ershoufang/105122116342.html
业主着急卖，南北通四房，看园林，少有户型卖,"德洲中心城 , 大亚湾中心区",4室2厅,123.1平米,南,简装,28层 ,,板塔结合,66 万,5362 元,0,,,VR看装修 | 房本满五年 | 随时看房,https://hui.lianjia.com/ershoufang/105119385527.html
金迪星苑中装2房出售 低楼层安静不吵 可拎包入住,"金迪星苑 , 龙丰",2室1厅,52.8平米,东南,精装,8层 ,,板楼,27.8 万,5266 元,0,,,VR看装修 | 随时看房,https://hui.lianjia.com/ershoufang/105121732376.html
区政府天虹旁鼎盛广场精装修1房业主诚心出售,"鼎盛广场 , 区政府",1室1厅,46.25平米,南,精装,33层 ,,板塔结合,19 万,4109 元,0,,,VR看装修 | 房本满五年 | 随时看房,https://hui.lianjia.com/ershoufang/105114526967.html
万达商圈满5税少南向双阳台小洋房,"熊猫国际三期 , 万达",4室2厅,149.86平米,南,毛坯,11层 ,,板楼,99 万,6607 元,1,,,VR看装修 | 房本满五年 | 随时看房,https://hui.lianjia.com/ershoufang/105113586314.html
中间楼层，视野开阔，看花园，业主诚意急卖，方便看房,"星河丹堤G区 , 南站新城",3室2厅,98.06平米,南,毛坯,34层 ,,塔楼,90 万,9179 元,0,,,VR房源 | 房本满五年 | 随时看房,https://hui.lianjia.com/ershoufang/105122218947.html
碧桂园物业，诚心卖，代产权车位，南北都看花园双阳台,"深荟城一期 , 白云新城",4室2厅,135.71平米,东南,精装,32层 ,,板塔结合,116 万,8548 元,5,,,VR看装修 | 房本满五年 | 随时看房,https://hui.lianjia.com/ershoufang/105116944733.html
户型好，采光好，全新未入住过，红本在手...........,"群峰花园 , 南站新城",3室2厅,94.59平米,南,,中楼层(共33层) ,,塔楼,42 万,4441 元,5,,,VR看装修 | 房本满两年 | 随时看房,https://hui.lianjia.com/ershoufang/105119021222.html
出门即是公园，一手业主居家好，大3居室拎包入住,"名苑山庄 , 区政府",3室1厅,137.59平米,南,简装,13层 ,,塔楼,75 万,5451 元,0,,,VR房源 | 房本满五年 | 随时看房,https://hui.lianjia.com/ershoufang/105121892187.html
惠州市大亚湾西区大悦花园4房2厅两卫业主诚心出售,"大悦花园 , 比亚迪商圈",4室2厅,88.26平米,南,毛坯,27层 ,,板塔结合,36 万,4079 元,1,,,VR看装修 | 房本满五年 | 随时看房,https://hui.lianjia.com/ershoufang/105122091628.html
铂钻花园 一期不靠马路 中高楼层 日照充足 安静不吵,"铂钻花园 , 东江新城",3室2厅,96.95平米,南,毛坯,高楼层(共27层) ,,板楼,73 万,7530 元,0,,,VR房源 | 房本满两年 | 随时看房,https://hui.lianjia.com/ershoufang/105119715087.html
头等舱沙发！！高档装修 坐瞰别墅景 双龍抱珠招財進寶,"半岛1号五期 , 白云新城",2室2厅,84.22平米,南,精装,22层 ,,板塔结合,59.88 万,7110 元,0,,,VR看装修 | 房本满五年 | 随时看房,https://hui.lianjia.com/ershoufang/105119687135.html
太东天地花园 4室2厅 南,"太东天地花园 , 大亚湾中心区",4室2厅,109.09平米,南,毛坯,33层 ,,板塔结合,48.6 万,4456 元,1,,,VR看装修 | 房本满两年 | 随时看房,https://hui.lianjia.com/ershoufang/105122060823.html
临深大社区，南北通带装修三房，无抵押，价格可以谈,"万城名座花园 , 白云新城",3室2厅,100.2平米,南 北,精装,29层 ,,板塔结合,98 万,9781 元,0,,,VR房源 | 房本满两年 | 随时看房,https://hui.lianjia.com/ershoufang/105120864711.html
房子户型方正采光好，中高楼层。,"华彩公馆 , 大亚湾中心区",4室2厅,107.36平米,南,毛坯,24层 ,,板塔结合,35 万,3261 元,0,,,VR看装修 | 房本满五年 | 随时看房,https://hui.lianjia.com/ershoufang/105120507591.html
"佳兆业壹号花园全新装修没有住过,高层看花园","佳兆业壹号花园 , 龙丰",3室2厅,103.6平米,南 北,精装,高楼层(共34层) ,,板塔结合,82 万,7916 元,1,,,VR房源 | 随时看房,https://hui.lianjia.com/ershoufang/105113881299.html
金茂市场 买菜方便 看房提前联系 健康步梯 诚心出,"御景华城三期可园 , 陈江",2室2厅,64平米,南,简装,7层 ,,板塔结合,27.5 万,4297 元,4,,,VR看装修 | 随时看房,https://hui.lianjia.com/ershoufang/105121066781.html
一楼复式房，价格优惠，随时可以看房,"美林雅苑 , 澳头",2室2厅,30.32平米,东南,简装,9层 ,,板塔结合,17 万,5607 元,20,,,VR房源 | 房本满五年 | 随时看房,https://hui.lianjia.com/ershoufang/105113249819.html
业主急卖，价格可谈，户型方正，视野开阔,"新力珑湾 , 三和经济开发区",3室2厅,89.66平米,南 北,毛坯,高楼层(共34层) ,,塔楼,35 万,3904 元,1,,,VR看装修 | 房本满两年 | 随时看房,https://hui.lianjia.com/ershoufang/105113891498.html
步行到惠阳站，满五年，诚心出售，格局方正,"昶园 , 南站新城",4室2厅,129.49平米,南 北,毛坯,31层 ,,板塔结合,100 万,7723 元,1,,,VR看装修 | 房本满五年 | 随时看房,https://hui.lianjia.com/ershoufang/105121184421.html
精装修  拎包入住   业主诚心出售,"旺东国际广场 , 开城大润发",2室2厅,74.67平米,东,精装,30层 ,,塔楼,49 万,6563 元,1,,,VR看装修 | 房本满五年 | 随时看房,https://hui.lianjia.com/ershoufang/105118864388.html
东江学府二期毛坯三房，南北通透户型方正业主诚心出售,"东江学府二期 , 河南岸",3室2厅,137.29平米,南 北,毛坯,中楼层(共16层) ,,板塔结合,90 万,6556 元,1,,,VR看装修 | 房本满五年 | 随时看房,https://hui.lianjia.com/ershoufang/105121958806.html
户型方正，双阳台，一南一北，通风好。,"惠阳雅居乐花园一期 , 南站新城",3室2厅,115.84平米,北,毛坯,32层 ,,板塔结合,49.8 万,4300 元,0,,,VR房源 | 随时看房,https://hui.lianjia.com/ershoufang/105122136249.html
华章装修东边户三房出售 户型方正 格局采光好 宜住家,"中锴·华章 , 河南岸",3室2厅,91.29平米,南,简装,中楼层(共27层) ,,塔楼,75 万,8216 元,2,,,VR房源 | 房本满五年,https://hui.lianjia.com/ershoufang/105118687443.html
壹城zhong心，南北对流双阳台大户型,"壹城中心1区 , 陈江",4室2厅,138.85平米,南,,中楼层(共32层) ,,塔楼,99.5 万,7167 元,1,,,VR看装修 | 房本满两年 | 随时看房,https://hui.lianjia.com/ershoufang/105117305163.html
锦绣壹号旁，品质小区，两房两厅，业主诚心出售！,"丰谷天玺 , 龙光城",2室2厅,56.48平米,南,毛坯,31层 ,,塔楼,43 万,7614 元,2,,,VR看装修 | 房本满两年 | 随时看房,https://hui.lianjia.com/ershoufang/105114110802.html
采光好，视野开阔，央 企小区，值得拥有,"保利阳光城四期 , 白云新城",3室2厅,94.63平米,南,毛坯,32层 ,,板塔结合,59 万,6235 元,1,,,VR看装修 | 房本满两年 | 随时看房,https://hui.lianjia.com/ershoufang/105116132533.html
近天虹大润发，方正两房，繁华地段，配套成熟,"中梁V城市 , 开城大润发",2室2厅,67.5平米,南,毛坯,33层 ,,板塔结合,35 万,5186 元,0,,,VR看装修 | 随时看房,https://hui.lianjia.com/ershoufang/105117662821.html
华贸商圈 东江公园 惠安楼毛坯3房 视野好 楼龄新,"惠安楼 , 江北",3室2厅,116.3平米,东北,毛坯,中楼层(共30层) ,,板塔结合,136 万,11694 元,0,,,VR看装修 | 房本满两年 | 随时看房,https://hui.lianjia.com/ershoufang/105119857332.html
业主急售 沃尔玛旁 中嘉领骏 精装两房,"中嘉领骏 , 澳头",2室2厅,76.2平米,南,简装,18层 ,,塔楼,33 万,4331 元,1,,,VR房源 | 房本满五年 | 随时看房,https://hui.lianjia.com/ershoufang/105116203590.html
临深南北通三房  业主诚意卖  价格有空间,"安罝小区 , 西区新寮",3室2厅,126.79平米,南,毛坯,32层 ,,板塔结合,58 万,4575 元,0,,,VR看装修 | 随时看房,https://hui.lianjia.com/ershoufang/105121456672.html
碧桂园珑尚花月。室两厅两卫，视野开阔,"碧桂园珑尚花园 , 水口",3室2厅,103平米,南,,高楼层(共34层) ,,板塔结合,66 万,6408 元,0,,,VR看装修,https://hui.lianjia.com/ershoufang/105119088579.html
奥体板块中洲云悦府，4室2厅南北通透,"云悦府 , 河南岸",4室2厅,128.78平米,南 北,,中楼层(共33层) ,,板塔结合,138 万,10716 元,0,,,VR看装修 | 随时看房,https://hui.lianjia.com/ershoufang/105119128378.html
社区环境配套齐全20万不到住新家,"小径海岸城花园 , 霞涌",1室1厅,46.72平米,南,简装,32层 ,,板塔结合,19 万,4067 元,0,,6天以前发布,VR房源 | 房本满五年 | 随时看房,https://hui.lianjia.com/ershoufang/105122506636.html
水岸城全新毛坯三房出售....,"中信水岸城六期 , 东江新城",3室2厅,88平米,东南,毛坯,中楼层(共32层) ,,板楼,88 万,10000 元,0,,,VR看装修 | 随时看房,https://hui.lianjia.com/ershoufang/105115921547.html
新天虹商圈  精装两房  装修保养好  看房提前预约,"惠泽南苑 , 河南岸",2室1厅,51.07平米,南 北,精装,中楼层(共6层) ,,板楼,38 万,7441 元,0,,,VR看装修 | 房本满五年 | 随时看房,https://hui.lianjia.com/ershoufang/105120763709.html
此房满五唯一 高楼层，视野宽阔，采光充足,"亚迪二村二区 , 澳头",3室1厅,115平米,南,精装,32层 ,,塔楼,45 万,3914 元,1,,,VR房源 | 房本满五年 | 随时看房,https://hui.lianjia.com/ershoufang/105120720680.html
惠阳  东方国际  人民六路旁 大润发 新天虹,"东方国际 , 开城大润发",2室1厅,55.73平米,南 北,简装,9层 ,,板塔结合,16 万,2871 元,3,,,VR房源 | 房本满两年,https://hui.lianjia.com/ershoufang/105121856023.html
东江新城五期 三房两卫 业主诚意出售,"佳兆业东江新城五期 , 博罗中心区",3室1厅,91.94平米,南,毛坯,低楼层(共34层) ,,板塔结合,35.8 万,3894 元,0,,23天以前发布,VR房源,https://hui.lianjia.com/ershoufang/105122331902.html
碧桂园物业，诚心卖，代产权车位，南北都看花园双阳台,"深荟城一期 , 白云新城",4室2厅,135.71平米,东南,精装,32层 ,,板塔结合,116 万,8548 元,5,,,VR看装修 | 房本满五年 | 随时看房,https://hui.lianjia.com/ershoufang/105116944733.html
出门即是公园，一手业主居家好，大3居室拎包入住,"名苑山庄 , 区政府",3室1厅,137.59平米,南,简装,13层 ,,塔楼,75 万,5451 元,0,,,VR房源 | 房本满五年 | 随时看房,https://hui.lianjia.com/ershoufang/105121892187.html
一线江景，南北通透，随时可看的,"水映山 , 博罗中心区",5室2厅,167平米,南 北,毛坯,26层 ,,板塔结合,90 万,5390 元,0,,,VR看装修 | 随时看房,https://hui.lianjia.com/ershoufang/105119747529.html
龙光城南一期 1室1厅 北,"龙光城南一期 , 龙光城",1室1厅,36.77平米,北,,28层 ,,板塔结合,28 万,7615 元,0,,15天以前发布,VR房源 | 房本满五年 | 随时看房,https://hui.lianjia.com/ershoufang/105122403671.html
美因河畔花园 好楼层 景观好 生活方便,"美茵河畔花园 , 龙光城",4室2厅,121.58平米,南,精装,32层 ,,板塔结合,98 万,8061 元,0,,,VR看装修 | 房本满五年,https://hui.lianjia.com/ershoufang/105122137905.html
房子户型方正，采光好。。。。。。。,"格林童话世界四期 , 潼侨沥林",2室2厅,74.76平米,南,毛坯,高楼层(共18层) ,,板塔结合,36 万,4816 元,8,,,VR看装修 | 房本满五年 | 随时看房,https://hui.lianjia.com/ershoufang/105106118825.html
菱湖花园，小区安静，楼下即是丽日广场，生活便利。,"菱湖花园 , 下角",3室2厅,80.63平米,南,简装,低楼层(共9层) ,,板塔结合,35 万,4341 元,1,,,VR看装修 | 房本满五年 | 随时看房,https://hui.lianjia.com/ershoufang/105121463415.html
户型方正 视野 开阔 离公园近,"东江豪门 , 博罗中心区",5室2厅,231平米,南 北,精装,低楼层(共27层) ,,板塔结合,180 万,7793 元,0,,,VR看装修,https://hui.lianjia.com/ershoufang/105119181712.html
一线临深花园，朝南看花园，河景,"曦悦湾畔花园 , 西区新寮",3室2厅,86.04平米,南,精装,33层 ,,板塔结合,68 万,7904 元,0,,,VR看装修 | 房本满两年 | 随时看房,https://hui.lianjia.com/ershoufang/105116369851.html
临深大社区三房两卫，楼层通风采光佳视野开阔，价格笋,"卓越东部蔚蓝海岸三期 , 西区新寮",3室2厅,103.67平米,东南,毛坯,33层 ,,板塔结合,69 万,6656 元,0,,,VR看装修 | 房本满五年 | 随时看房,https://hui.lianjia.com/ershoufang/105122246848.html
德威江誉城Ⅱ期 4室2厅 南,"德威江誉城Ⅱ期 , 马安",4室2厅,113.26平米,南,毛坯,中楼层(共32层) ,,塔楼,96.8 万,8547 元,0,,,VR看装修 | 房本满两年 | 随时看房,https://hui.lianjia.com/ershoufang/105120732010.html
沃尔玛 港惠新天地北区  租客稳定保养好 产权清晰急售,"港惠新天地北区 , 河南岸",2室2厅,74.36平米,南,精装,低楼层(共28层) ,,塔楼,53 万,7128 元,3,,,VR看装修 | 房本满五年,https://hui.lianjia.com/ershoufang/105120711682.html
花园中间，朝南三房，精装修保养小区天花板,"新世界长湖苑一期 , 东平",3室2厅,91.49平米,南,精装,中楼层(共9层) ,,板塔结合,48.7 万,5323 元,1,,,VR房源,https://hui.lianjia.com/ershoufang/105121957064.html
不仅打5折，还S装修，不仅 s装修还S全屋家私，地段好,"龙宸梧桐郡府 , 陈江",1室1厅,43.28平米,南,精装,28层 ,,塔楼,17.5 万,4044 元,4,,,VR看装修 | 随时看房,https://hui.lianjia.com/ershoufang/105118808885.html
临深三房 ， 业主诚心出售户型方正采光好,"秋谷康城 , 龙光城",3室2厅,97.65平米,南,毛坯,21层 ,,板塔结合,50 万,5121 元,2,,,VR看装修 | 房本满五年 | 随时看房,https://hui.lianjia.com/ershoufang/105121684932.html
美泰天韵绿化社区精装三房 中间楼层透风效果好,"美泰天韵 , 万达",3室2厅,95平米,南,精装,30层 ,,板塔结合,63 万,6632 元,2,,,VR看装修 | 房本满五年 | 随时看房,https://hui.lianjia.com/ershoufang/105118166846.html
富盈公馆一期精装修3房，中间楼层，视野好,"富盈公馆一期 , 马安",3室2厅,91.37平米,南,精装,20层 ,,塔楼,70 万,7662 元,0,,,VR看装修 | 房本满五年 | 随时看房,https://hui.lianjia.com/ershoufang/105118964369.html
德佑透明收佣，不做包单，阳台正南朝向，看花园小区,"海伦堡西子湾 , 下角",3室2厅,106.74平米,南,毛坯,低楼层(共31层) ,,板塔结合,75 万,7027 元,0,,,VR看装修 | 随时看房,https://hui.lianjia.com/ershoufang/105119836033.html
横厅大四房，交通便利，配套齐全。,"龙光城北八期 , 龙光城",4室2厅,118.02平米,南 北,精装,17层 ,,板塔结合,117.1 万,9923 元,3,,,VR看装修 | 房本满五年 | 随时看房,https://hui.lianjia.com/ershoufang/105119859293.html
德威花园小区，红本在手，业主急售，大三房，户型方正,"德威花园城 , 秋长",3室2厅,100.43平米,南,毛坯,中楼层(共32层) ,,板楼,41.4 万,4123 元,1,,,VR房源 | 房本满五年 | 随时看房,https://hui.lianjia.com/ershoufang/105120838545.html
龙光城大三房 业主诚心卖 视野开阔 采光好,"龙光城北三期 , 龙光城",3室2厅,81.57平米,东南 南,精装,低楼层(共34层) ,,板塔结合,67 万,8214 元,27,,,VR看装修 | 房本满五年 | 随时看房,https://hui.lianjia.com/ershoufang/105109093947.html
横厅4房  业主诚心出售  有钥匙随时可以看房,"龙光城南四期 , 龙光城",4室2厅,108.72平米,东北,毛坯,34层 ,,塔楼,88 万,8095 元,0,,14天以前发布,VR房源 | 房本满五年 | 随时看房,https://hui.lianjia.com/ershoufang/105122420303.html
房子格局 楼层好 视野开阔 采光充足,"碧桂园云创家园 , 潼侨沥林",2室1厅,42.64平米,东南,,20层 ,,板塔结合,22.6 万,5301 元,0,,17天以前发布,VR房源 | 房本满五年 | 随时看房,https://hui.lianjia.com/ershoufang/105122387121.html
"小区环境优美,绿化覆盖率高通透性好，适宜居住","玖龙台 , 潼侨沥林",3室2厅,88.75平米,南,,32层 ,,板塔结合,44 万,4958 元,0,,,VR看装修 | 房本满两年 | 随时看房,https://hui.lianjia.com/ershoufang/105121976855.html
德润天峰中间楼层朝正南小三房诚意售出,"德润天峰 , 潼侨沥林",3室2厅,79.89平米,南,毛坯,18层 ,,板塔结合,38 万,4757 元,0,,,VR看装修 | 随时看房,https://hui.lianjia.com/ershoufang/105121373911.html
急售 灿邦商圈 南北通4房2卫3阳台 中高楼层 视野好,"十月花花园 , 大亚湾中心区",4室2厅,131.08平米,南 北,简装,33层 ,,板楼,88 万,6714 元,0,,,VR看装修 | 房本满五年 | 随时看房,https://hui.lianjia.com/ershoufang/105114199813.html
位置好，采光充足，业主诚意急卖，方便看房,"星河丹堤G4区 , 南站新城",5室2厅,172.32平米,南 北,毛坯,10层 ,,板塔结合,240 万,13928 元,1,,,VR看装修 | 房本满两年 | 随时看房,https://hui.lianjia.com/ershoufang/105120272939.html
三和经济开发区，新力龙湾，全屋定制家私家电,"新力珑湾 , 三和经济开发区",3室2厅,89.72平米,南,,中楼层(共31层) ,,塔楼,50 万,5573 元,0,,6天以前发布,VR房源 | 随时看房,https://hui.lianjia.com/ershoufang/105122504741.html
中信水岸城四期玫瑰湾央企大社区,"中信水岸城四期 , 东江新城",3室2厅,112平米,南,精装,中楼层(共30层) ,,板楼,106.8 万,9536 元,0,,,VR房源,https://hui.lianjia.com/ershoufang/105121098663.html
天御二期业主诚心出售，刚需户型，明厨明卫业主诚心卖,"中洲天御二期 , 河南岸",3室2厅,93平米,南,毛坯,低楼层(共33层) ,,板塔结合,78 万,8388 元,1,,,VR房源 | 随时看房,https://hui.lianjia.com/ershoufang/105121800011.html
陈江轻轨口天益城沃尔玛商圈 隆生仲恺花园3房价格实惠,"隆生仲恺花园 , 陈江",3室2厅,112.25平米,东南,毛坯,32层 ,,塔楼,70 万,6237 元,0,,,VR看装修 | 随时看房,https://hui.lianjia.com/ershoufang/105121224808.html
满五唯一  中间楼层  采光通风不错,"玫瑰华庭 , 草洋新区",3室1厅,93.44平米,南,,9层 ,,板楼,38.8 万,4153 元,0,,,VR看装修 | 房本满五年,https://hui.lianjia.com/ershoufang/105121247981.html
精装三房朝南看花园，业主诚心出售,"金洋嘉丽园 , 澳头",3室2厅,103平米,南,精装,28层 ,,板塔结合,60 万,5826 元,0,,,VR看装修 | 房本满五年 | 随时看房,https://hui.lianjia.com/ershoufang/105120236107.html
126平方大三房，高楼层，配套齐全,"新时代花园二期 , 博罗中心区",3室2厅,126平米,南,毛坯,28层 ,,塔楼,46 万,3651 元,0,,,VR看装修 | 房本满五年 | 随时看房,https://hui.lianjia.com/ershoufang/105116672388.html
钱隆华府精装三房，业主深圳置业，诚心出售。,"世茂福晟钱隆华府 , 陈江",3室2厅,98.21平米,南,精装,中楼层(共33层) ,,板塔结合,77 万,7841 元,0,,7天以前发布,VR房源 | 房本满两年,https://hui.lianjia.com/ershoufang/105122488534.html
临深楼盘带装修，标准2+1房  业主诚心出售,"秋谷康城 , 龙光城",2室2厅,82.67平米,西南,精装,30层 ,,板塔结合,46 万,5565 元,6,,,VR看装修 | 房本满五年 | 随时看房,https://hui.lianjia.com/ershoufang/105113590690.html
业主诚意卖精装五房，业主钥匙全权委托给我,"七里香堤花园 , 龙光城",4室2厅,113.94平米,西南,精装,33层 ,,板塔结合,78 万,6846 元,1,,,VR房源 | 随时看房,https://hui.lianjia.com/ershoufang/105120919810.html
龙湖天宸原著花园 3室1厅 南,"龙湖天宸原著花园 , 河南岸",3室1厅,94.99平米,南,毛坯,低楼层(共33层) ,,塔楼,120 万,12633 元,0,,,VR房源 | 随时看房,https://hui.lianjia.com/ershoufang/105117282995.html
此房户型方正，楼层好，视野开阔，采光好。,"天安珑城 , 区政府",3室1厅,85.13平米,南,精装,29层 ,,塔楼,83 万,9750 元,1,,,VR看装修 | 房本满两年,https://hui.lianjia.com/ershoufang/105119835642.html
临深大社区，配套完善，近沙田地铁站，诚心出售！,"锦地繁花 , 西区新寮",4室2厅,127平米,南 北,毛坯,25层 ,,板塔结合,74.5 万,5867 元,2,,,VR看装修 | 随时看房,https://hui.lianjia.com/ershoufang/105120835514.html
低楼层，看花园，户型方正，南北通,"德威江誉城Ⅱ期 , 马安",4室2厅,123.45平米,南,毛坯,低楼层(共32层) ,,塔楼,99.8 万,8085 元,0,,,VR看装修 | 随时看房,https://hui.lianjia.com/ershoufang/105120088147.html
房子是2018年新建 区域小户型 适合老人居住,"来富大楼 , 下角",1室1厅,27.81平米,东南,毛坯,16层 ,,板楼,17.5 万,6293 元,0,,,VR房源 | 房本满五年 | 随时看房,https://hui.lianjia.com/ershoufang/105121538905.html
奥园尚雅花园二期，业主急售，3房2卫,"奥园尚雅花园二期 , 潼侨沥林",3室2厅,103.59平米,东南,,高楼层(共27层) ,,,49 万,4731 元,0,,,VR看装修 | 房本满两年 | 随时看房,https://hui.lianjia.com/ershoufang/105116934279.html
碧桂园润杨溪谷洋房花园3房2厅,"群峰花园 , 南站新城",3室2厅,114平米,南,,中楼层(共33层) ,,塔楼,62 万,5439 元,3,,,VR看装修 | 随时看房,https://hui.lianjia.com/ershoufang/105116857318.html
60栋大社区 惠阳汽车站旁 交通方便房子精装修 朝南向,"花样年别样城二期 , 新行政区",1室1厅,41.48平米,东南 南,,32层 ,,塔楼,20 万,4822 元,1,,,VR看装修 | 房本满两年 | 随时看房,https://hui.lianjia.com/ershoufang/105121616065.html
天益城旁  精装3房   业主诚意出售    好楼层,"东日锦鸿名苑 , 陈江",3室2厅,107.43平米,东南,,低楼层(共28层) ,,板塔结合,55 万,5120 元,0,,,VR看装修 | 房本满两年,https://hui.lianjia.com/ershoufang/105121167648.html
家华名都花园 精装2房 户型方正 拎包入住 金茂大市场,"家华名都花园 , 陈江",2室2厅,75.75平米,西北,精装,19层 ,,塔楼,42 万,5545 元,0,,,VR房源 | 房本满五年 | 随时看房,https://hui.lianjia.com/ershoufang/105122199836.html
精装修，朝向好，标准3房2卫，看房方便。,"玖悦府 , 麦地",3室2厅,105.99平米,东南,精装,低楼层(共26层) ,,板塔结合,99 万,9341 元,0,,,VR看装修 | 随时看房,https://hui.lianjia.com/ershoufang/105121644842.html
地段好 临街 价格低 业主诚心卖，出行便利， 购物方便,"港湾新村 , 澳头",3室1厅,97.73平米,东南,简装,9层 ,,,17.2 万,1760 元,1,,,VR看装修 | 房本满五年 | 随时看房,https://hui.lianjia.com/ershoufang/105122170067.html
一城悦府四房两厅两卫看花园视野采光好,"一城悦府 , 水口",4室2厅,112平米,南,毛坯,27层 ,,塔楼,70 万,6250 元,0,,,VR看装修 | 随时看房,https://hui.lianjia.com/ershoufang/105120412661.html
满五唯一 红本在手 配套成熟，业主诚意出售,"左岸春天二期 , 开城大润发",2室1厅,54.19平米,东南 南,简装,15层 ,,,21.2 万,3913 元,10,,,VR看装修,https://hui.lianjia.com/ershoufang/105118186911.html
知本领寓   两房两厅一卫  自住装修,"知本领寓 , 陈江",2室2厅,63.96平米,东北,精装,中楼层(共16层) ,,板塔结合,32 万,5004 元,0,,,VR看装修 | 随时看房,https://hui.lianjia.com/ershoufang/105121674629.html
中骏雍景湾三房，楼层好，户型方正光线好，朝南向,"中骏雍景湾南区 , 河南岸",3室2厅,95.84平米,南,,低楼层(共30层) ,,板塔结合,89 万,9287 元,0,,,VR看装修 | 房本满两年 | 随时看房,https://hui.lianjia.com/ershoufang/105121274358.html
大中华精装大三房，拎包入住，视野很好,"大中华幸福城 , 西区新寮",3室1厅,113.02平米,南,精装,32层 ,,板楼,105 万,9291 元,0,,,VR房源 | 房本满两年 | 随时看房,https://hui.lianjia.com/ershoufang/105122111672.html
万达商圈次新房，业主诚心出售，精品小两房,"瑞禧园 , 万达",2室2厅,52.63平米,东,毛坯,低楼层(共33层) ,,板塔结合,45 万,8551 元,8,,,VR看装修 | 随时看房,https://hui.lianjia.com/ershoufang/105120500625.html
满五唯一，视野宽阔，采光充足，配套齐全，交通便利,"江湾南岸二期 , 江北",4室2厅,149.33平米,南,毛坯,低楼层(共39层) ,,板塔结合,175 万,11720 元,0,,,VR看装修 | 随时看房,https://hui.lianjia.com/ershoufang/105116717682.html
使用率高，成熟社区使用率高，成熟社区。,"德丰凯旋城北区 , 大亚湾中心区",6室2厅,151.05平米,东南,毛坯,32层 ,,塔楼,79 万,5231 元,1,,,VR房源 | 房本满五年 | 随时看房,https://hui.lianjia.com/ershoufang/105120410749.html
业主急售，红本在手，看花园，安静不吵,"中海阅江府2期 , 东江新城",4室1厅,120平米,南,毛坯,低楼层(共27层) ,,板楼,96 万,8000 元,0,,,VR看装修 | 随时看房,https://hui.lianjia.com/ershoufang/105121473255.html
业主红本在手，南北通，品质小区,"君跃荃新时代 , 大亚湾中心区",3室2厅,87.3平米,南,毛坯,29层 ,,塔楼,47 万,5384 元,0,,,VR房源 | 房本满五年 | 随时看房,https://hui.lianjia.com/ershoufang/105119459607.html
城市zhong心，奢居典范——尊享hao宅，开启品质生活,"鑫月·汇峰 , 东平",3室2厅,126.74平米,北,精装,高楼层(共30层) ,,板塔结合,78.8 万,6218 元,1,,,VR看装修 | 随时看房,https://hui.lianjia.com/ershoufang/105119889950.html
业主急售，此房 户型方正 视野开阔 ，采光好,"蓝湾星宸一期 , 大亚湾中心区",2室2厅,77.32平米,东南,毛坯,33层 ,,板塔结合,24.8 万,3208 元,0,,12天以前发布,VR房源 | 房本满五年 | 随时看房,https://hui.lianjia.com/ershoufang/105122432857.html
大湖溪 电梯房 带装修3房 拎包入住 生活方便 配套好,"大湖星城 , 水口",3室2厅,107.6平米,北,精装,中楼层(共8层) ,,板楼,45 万,4183 元,0,,,VR看装修 | 房本满五年,https://hui.lianjia.com/ershoufang/105121901891.html
德威摩卡小镇 3室2厅 南,"德威摩卡小镇 , 江北",3室2厅,118.24平米,南,精装,中楼层(共24层) ,,塔楼,85 万,7189 元,0,,,VR看装修 | 房本满两年,https://hui.lianjia.com/ershoufang/105122239511.html
产权清晰，诚心出售，临深，户型方正,"壹方水榭 , 白云新城",4室2厅,110平米,南 北,精装,高楼层(共30层) ,,板塔结合,74 万,6728 元,0,,7天以前发布,VR房源 | 房本满两年 | 随时看房,https://hui.lianjia.com/ershoufang/105122496356.html
碧桂园五星社区 临深 近万达 精装大三房 业主诚心出售,"碧桂园星悦公馆 , 比亚迪商圈",3室2厅,110.4平米,南 北,精装,34层 ,,板塔结合,70 万,6341 元,1,,17天以前发布,VR房源,https://hui.lianjia.com/ershoufang/105122383610.html
万达旁精装两房，满五唯一，拎包入住。,"香榭名苑 , 万达",2室2厅,65.3平米,北,精装,18层 ,,板塔结合,37.8 万,5789 元,1,,,VR看装修 | 房本满五年 | 随时看房,https://hui.lianjia.com/ershoufang/105116671757.html
荷兰小城   成熟大社区  刚需户型  交通便捷 正南朝向,"光耀荷兰小城 , 陈江",4室2厅,124平米,南,毛坯,33层 ,,板塔结合,66 万,5323 元,0,,,VR看装修 | 房本满五年 | 随时看房,https://hui.lianjia.com/ershoufang/105119214683.html
临深大盘，视野开阔，适合居住，诚心出售，方便看房,"荣佳国韵二期 , 龙光城",3室2厅,92.57平米,南,毛坯,33层 ,,板楼,59 万,6374 元,3,,,VR看装修 | 房本满两年 | 随时看房,https://hui.lianjia.com/ershoufang/105119060878.html
东江新城五期 三房两卫 业主诚意出售,"佳兆业东江新城五期 , 博罗中心区",3室1厅,91.94平米,南,毛坯,低楼层(共34层) ,,板塔结合,35.8 万,3894 元,0,,23天以前发布,VR房源,https://hui.lianjia.com/ershoufang/105122331902.html
惠阳  东方国际  人民六路旁 大润发 新天虹,"东方国际 , 开城大润发",2室1厅,55.73平米,南 北,简装,9层 ,,板塔结合,16 万,2871 元,3,,,VR房源 | 房本满两年,https://hui.lianjia.com/ershoufang/105121856023.html
金山湖奥园领寓 精装公寓 1房1厅 拎包入住,"奥园领寓 , 河南岸",1室1厅,29.17平米,西北,精装,32层 ,,板塔结合,17.5 万,6000 元,1,,,VR房源 | 房本满五年,https://hui.lianjia.com/ershoufang/105121645814.html
万达商圈  美泰天韵  带装修2房 业主诚意出售,"美泰天韵 , 万达",2室1厅,72.04平米,南,简装,30层 ,,板塔结合,42 万,5831 元,0,,,VR房源 | 房本满五年 | 随时看房,https://hui.lianjia.com/ershoufang/105120589297.html
水岸城7期 2023年装修 保养新  户型通透 楼层好看花园,"中信水岸城7期 , 东江新城",4室2厅,130.33平米,南,精装,32层 ,,板塔结合,170 万,13044 元,0,,,VR看装修,https://hui.lianjia.com/ershoufang/105121356679.html
金山新城大盘 美丽洲 花园中间4房 南北通透双阳台,"美丽洲 , 马安",4室2厅,117.32平米,南 北,毛坯,低楼层(共26层) ,,塔楼,99 万,8439 元,0,,,VR房源 | 随时看房,https://hui.lianjia.com/ershoufang/105122237485.html
隆生西江花园，153平通透五房，全新装修，安静好楼层,"隆生西江花园 , 东江新城",4室2厅,153.49平米,南,精装,低楼层(共32层) ,,塔楼,236 万,15376 元,0,,,VR看装修,https://hui.lianjia.com/ershoufang/105122029117.html
金山湖花园三区 南北通4房 中间楼层 看花园安静不吵,"金山湖花园三区 , 河南岸",4室2厅,124.95平米,西南,精装,14层 ,,塔楼,140 万,11205 元,1,,,VR看装修 | 房本满五年 | 随时看房,https://hui.lianjia.com/ershoufang/105120678067.html
坪山河旁，视野采光好，户型方正，没有欠款,"美茵河畔花园 , 龙光城",3室2厅,101.52平米,南 北,精装,32层 ,,板塔结合,85 万,8373 元,0,,,VR看装修 | 房本满两年 | 随时看房,https://hui.lianjia.com/ershoufang/105120135018.html
户型方正，采光通风好，业主急卖,"康汇花园 , 大亚湾中心区",3室2厅,128.87平米,北 南,简装,13层 ,,板塔结合,41 万,3182 元,5,,,VR看装修 | 房本满五年 | 随时看房,https://hui.lianjia.com/ershoufang/105118071464.html
天虹大润发商圈，楼层采光好，近惠阳站，业主诚心出售,"庄士花园 , 开城大润发",2室1厅,57.57平米,南,简装,18层 ,,塔楼,19.5 万,3388 元,4,,,VR看装修 | 房本满五年 | 随时看房,https://hui.lianjia.com/ershoufang/105115587336.html
原装电梯房，户型方正，楼层好采光充足  保养不错！,"东湖花园四号小区 , 东平",3室2厅,122.77平米,北,精装,9层 ,,板塔结合,85 万,6924 元,0,,,VR看装修 | 房本满五年 | 随时看房,https://hui.lianjia.com/ershoufang/105121561968.html
隆生西江花园 3室1厅 南,"隆生西江花园 , 东江新城",3室1厅,111.26平米,南,毛坯,高楼层(共31层) ,,板塔结合,128 万,11505 元,0,,,VR看装修 | 随时看房,https://hui.lianjia.com/ershoufang/105121837551.html
惠州南站，天虹大润发旁。 通风采光很好,"庄士花园 , 开城大润发",2室1厅,58平米,南,精装,18层 ,,塔楼,21 万,3621 元,2,,,VR看装修 | 房本满五年 | 随时看房,https://hui.lianjia.com/ershoufang/105121913457.html
房子南北通透，户型方正，毛坯总价低,"长通熙园 , 开城大润发",4室1厅,124.6平米,南 北,毛坯,32层 ,,板塔结合,110 万,8829 元,0,,,VR看装修 | 随时看房,https://hui.lianjia.com/ershoufang/105117015861.html
精装修朝南无个税拎包入住百万大盘,"星河丹堤F区 , 南站新城",3室1厅,89.48平米,东南,精装,34层 ,,板塔结合,75 万,8382 元,5,,,VR房源 | 房本满五年 | 随时看房,https://hui.lianjia.com/ershoufang/105120010855.html
惠阳高铁站旁，星河丹堤大社区，交通便利，配套齐全,"星河丹堤C区 , 南站新城",3室1厅,174.06平米,南,精装,24层 ,,塔楼,152 万,8733 元,5,,,VR看装修 | 房本满五年 | 随时看房,https://hui.lianjia.com/ershoufang/105120810568.html
铂钻精装三房 楼栋视野百米楼间距 含家电管理费,"铂钻花园 , 东江新城",3室2厅,94.86平米,南,精装,中楼层(共27层) ,,板楼,105 万,11069 元,0,,18天以前发布,VR看装修 | 随时看房,https://hui.lianjia.com/ershoufang/105122365855.html
开城大道边、配套已然成熟、交通便利、总价低压力小,"建阳花园 , 开城大润发",2室2厅,64.45平米,南,,8层 ,,板塔结合,15 万,2328 元,6,,,VR看装修,https://hui.lianjia.com/ershoufang/105122138057.html
陈江品质楼盘  3+1房（108平方）密码锁，随时可看房。,"华廷悦府 , 陈江",4室2厅,108平米,南,毛坯,高楼层(共30层) ,,板楼,80 万,7408 元,0,,,VR看装修 | 房本满两年 | 随时看房,https://hui.lianjia.com/ershoufang/105117911237.html
房契税满两年，没有个税，原购价高，视野景观很不错。,"龙光城北十二期 , 龙光城",4室2厅,120平米,南,精装,33层 ,,板塔结合,109 万,9084 元,1,,,VR看装修 | 随时看房,https://hui.lianjia.com/ershoufang/105118985231.html
罗浮花园实用率至高的小区生活便利楼龄新,"罗浮花园 , 罗浮山",4室2厅,143.98平米,南,毛坯,高楼层(共18层) ,,板塔结合,82.3 万,5717 元,0,,,VR看装修 | 房本满五年 | 随时看房,https://hui.lianjia.com/ershoufang/105121129730.html
东岸丽都花园 4室2厅 南 北,"东岸丽都花园 , 大亚湾中心区",4室2厅,84平米,南 北,毛坯,32层 ,,塔楼,55 万,6548 元,0,,11天以前发布,VR房源 | 随时看房,https://hui.lianjia.com/ershoufang/105122449415.html
半山洋房，环境好，空气清新，视野开阔,"星河丹堤N区 , 南站新城",4室2厅,140.78平米,南 北,毛坯,7层 ,,板楼,170 万,12076 元,3,,,VR看装修 | 房本满五年 | 随时看房,https://hui.lianjia.com/ershoufang/105119305616.html
南北通双阳台三房 费用少 高楼层,"德洲城五期 , 西区新寮",3室2厅,98平米,南 北,毛坯,26层 ,,塔楼,69 万,7041 元,2,,,VR看装修 | 房本满五年 | 随时看房,https://hui.lianjia.com/ershoufang/105113576282.html
信利康精装修 全新未入住 红本在手，价格优惠。,"信利康乐创汇 , 河南岸",4室2厅,121.82平米,南 北,精装,高楼层(共31层) ,,,114 万,9359 元,0,,7天以前发布,VR房源 | 随时看房,https://hui.lianjia.com/ershoufang/105122491741.html
城央百万大盘，公园环伺，环境优美,"半岛1号十一期 , 白云新城",3室2厅,88.63平米,南,毛坯,21层 ,,塔楼,63.5 万,7165 元,0,,,VR房源 | 房本满五年 | 随时看房,https://hui.lianjia.com/ershoufang/105118215625.html
精装3房，朝南户型，中间楼层，安静位置，满五年,"金碧蓝湾一期 , 开城大润发",3室2厅,82.5平米,南,简装,29层 ,,板楼,55 万,6667 元,0,,,VR看装修 | 房本满五年 | 随时看房,https://hui.lianjia.com/ershoufang/105120921802.html
碧桂园珑誉 四房横厅户型 看湖景花园视野好,"碧桂园珑誉花园 , 水口",4室1厅,116.06平米,南,精装,高楼层(共33层) ,,塔楼,84 万,7238 元,0,,,VR看装修 | 房本满两年 | 随时看房,https://hui.lianjia.com/ershoufang/105121628371.html
全新装修保养很好，拎包入住，户型好,"鸿润花园 , 麦地",3室2厅,127平米,南,精装,中楼层(共30层) ,,塔楼,128 万,10079 元,0,,16天以前发布,VR房源,https://hui.lianjia.com/ershoufang/105122399556.html
市政广场天虹商场旁东御大厦三房朝南业主诚心出售,"东御大厦 , 区政府",3室2厅,95.86平米,东南,精装,26层 ,,板塔结合,59 万,6155 元,0,,,VR看装修 | 房本满五年,https://hui.lianjia.com/ershoufang/105120932606.html
区政府广场 ， 1房1厅 方正户型 即买即住，成熟小区,"隆基天地广场 , 区政府",1室1厅,41.33平米,东南 北,简装,25层 ,,板塔结合,18.8 万,4549 元,3,,,VR看装修 | 房本满五年 | 随时看房,https://hui.lianjia.com/ershoufang/105119726772.html
万达旁花城湾正规大3房，东南向安静，红本在手,"中萃花城湾 , 万达",4室2厅,121.26平米,南 北,毛坯,29层 ,,塔楼,65 万,5361 元,0,,,VR看装修 | 房本满五年 | 随时看房,https://hui.lianjia.com/ershoufang/105122236534.html
四星旅游区温馨3房2厅2卫朝南,"五矿哈施塔特 , 博罗中心区",3室2厅,93.4平米,南,毛坯,33层 ,,塔楼,36 万,3855 元,1,,,VR看装修 | 房本满两年 | 随时看房,https://hui.lianjia.com/ershoufang/105116418309.html
水岸城七期毛坯四房、单价低、通透中高楼层。,"中信水岸城7期 , 东江新城",4室2厅,128.46平米,南,毛坯,32层 ,,板楼,143 万,11132 元,1,,,VR看装修 | 随时看房,https://hui.lianjia.com/ershoufang/105120840403.html
朝南，电梯房，可以直接领包入住，看房有钥匙,"九三五隊地貭大院 , 下角",3室2厅,95.28平米,南,精装,中楼层(共8层) ,,,53.8 万,5647 元,1,,,VR看装修 | 房本满五年 | 随时看房,https://hui.lianjia.com/ershoufang/105121768310.html
双城国际南区 朝南 实用2房 装修很新 封窗 安静不吵,"双城国际南区 , 江北",2室1厅,54.35平米,南,精装,中楼层(共18层) ,,板塔结合,60 万,11040 元,0,,,VR看装修 | 房本满两年 | 随时看房,https://hui.lianjia.com/ershoufang/105121862016.html
雅博世纪广场，天虹大润发就在楼下，交通出行方便,"雅博世纪广场 , 开城大润发",2室2厅,82.37平米,南,毛坯,29层 ,,板塔结合,46 万,5585 元,0,,,VR房源 | 房本满五年 | 随时看房,https://hui.lianjia.com/ershoufang/105121967278.html
临深百万大盘，金地小区，近地铁次新小区，业主诚心出,"金地天润自在城二期 , 西区新寮",3室2厅,85.94平米,南,精装,33层 ,,板塔结合,73 万,8495 元,0,,,VR看装修 | 房本满两年 | 随时看房,https://hui.lianjia.com/ershoufang/105119849835.html
惠州仲恺高新区，高铁站旁边物业！,"奥园尚雅花园二期 , 潼侨沥林",4室2厅,104.03平米,南 北,毛坯,中楼层(共32层) ,,板塔结合,43 万,4134 元,0,,,VR房源 | 房本满两年 | 随时看房,https://hui.lianjia.com/ershoufang/105121248672.html
视野好，采光充足，楼层好，户型格局靓,"沣盛凤凰城 , 惠东县城",3室2厅,101.43平米,东南 南,毛坯,17层 ,,板塔结合,40.5 万,3993 元,0,,,VR看装修 | 房本满五年 | 随时看房,https://hui.lianjia.com/ershoufang/105119878490.html
精装修拎包可入住，朝南户型好，首付低，有钥匙看房,"御景花园南区 , 下角",2室1厅,54.66平米,南,精装,16层 ,,板塔结合,45 万,8233 元,0,,,VR看装修 | 房本满五年 | 随时看房,https://hui.lianjia.com/ershoufang/105121351737.html
户型好，采光好，全新未入住过，红本在手...........,"群峰花园 , 南站新城",3室2厅,94.59平米,南,,中楼层(共33层) ,,塔楼,42 万,4441 元,5,,,VR看装修 | 房本满两年 | 随时看房,https://hui.lianjia.com/ershoufang/105119021222.html
金迪星苑中装2房出售 低楼层安静不吵 可拎包入住,"金迪星苑 , 龙丰",2室1厅,52.8平米,东南,精装,8层 ,,板楼,27.8 万,5266 元,0,,,VR看装修 | 随时看房,https://hui.lianjia.com/ershoufang/105121732376.html
牧马湖一线湖景大四房，业主诚心出售,"泰丰牧马湖 , 万达",4室2厅,149.05平米,南,毛坯,33层 ,,板塔结合,145 万,9729 元,3,,27天以前发布,VR房源 | 随时看房,https://hui.lianjia.com/ershoufang/105122291890.html
牧马湖一楼朝南带花园小高层住宅，居住舒适,"泰丰牧马湖 , 万达",3室2厅,80.59平米,南,精装,11层 ,,板塔结合,100 万,12409 元,21,,,VR房源 | 房本满两年 | 随时看房,https://hui.lianjia.com/ershoufang/105112679756.html
花园社区，格局方正，带约200平方露台，自用,"海伦堡院子 , 水口",2室2厅,72平米,东北,简装,低楼层(共31层) ,,板塔结合,57 万,7917 元,0,,,VR看装修 | 随时看房,https://hui.lianjia.com/ershoufang/105120596456.html
精装修，2房，东南朝向，中间楼层，直接拎包入住,"海伦堡院子 , 水口",2室2厅,61.27平米,东南,,高楼层(共15层) ,,板塔结合,42.5 万,6937 元,0,,,VR看装修 | 房本满两年 | 随时看房,https://hui.lianjia.com/ershoufang/105122206546.html
保利天汇，近印象城，小三房，看上可面谈。,"保利天汇 , 河南岸",3室2厅,88平米,南,毛坯,中楼层(共32层) ,,板塔结合,92 万,10455 元,0,,,VR看装修 | 随时看房,https://hui.lianjia.com/ershoufang/105115446422.html
金山湖岛内大社区中高楼层，视野开阔，俯瞰金山湖,"湖心岛1号花园 , 河南岸",3室1厅,103.06平米,南,毛坯,中楼层(共26层) ,,板塔结合,123 万,11935 元,0,,,VR看装修 | 随时看房,https://hui.lianjia.com/ershoufang/105122031270.html
信利康精装修 全新未入住 红本在手，价格优惠。,"信利康乐创汇 , 河南岸",4室2厅,121.82平米,南 北,精装,高楼层(共31层) ,,,114 万,9359 元,0,,7天以前发布,VR房源 | 随时看房,https://hui.lianjia.com/ershoufang/105122491741.html
南北通双阳台三房 费用少 高楼层,"德洲城五期 , 西区新寮",3室2厅,98平米,南 北,毛坯,26层 ,,塔楼,69 万,7041 元,2,,,VR看装修 | 房本满五年 | 随时看房,https://hui.lianjia.com/ershoufang/105113576282.html
采光佳 视野好 户型方正 配套齐 交通便利,"正闳润金名苑 , 西区新寮",2室2厅,68.02平米,南,,27层 ,,塔楼,46 万,6763 元,0,,,VR看装修,https://hui.lianjia.com/ershoufang/105116859200.html
河南岸公园旁 精装修大三房 诚心出售 看房方便,"尚品世家 , 河南岸",3室2厅,117平米,东南 南,精装,中楼层(共8层) ,,板楼,90 万,7693 元,2,,,VR看装修 | 随时看房,https://hui.lianjia.com/ershoufang/105116679938.html
龙湖天宸原著花园 3室1厅 南,"龙湖天宸原著花园 , 河南岸",3室1厅,94.99平米,南,毛坯,低楼层(共33层) ,,塔楼,120 万,12633 元,0,,,VR房源 | 随时看房,https://hui.lianjia.com/ershoufang/105117282995.html
采光通风视野好 ， 配套设施齐全,"润合名居 , 西区新寮",4室2厅,109.83平米,南,毛坯,25层 ,,塔楼,69 万,6283 元,2,,,VR看装修 | 房本满五年 | 随时看房,https://hui.lianjia.com/ershoufang/105120692698.html
临深。往西走约2-3公里就是深圳东进坪山片区。,"壹方水榭 , 白云新城",3室2厅,99.04平米,东南,毛坯,高楼层(共30层) ,,板塔结合,52 万,5251 元,0,,,VR看装修 | 房本满两年 | 随时看房,https://hui.lianjia.com/ershoufang/105120600603.html
惠州港沃尔玛商圈，学 校成熟商圈，交通便利,"金润东方公寓 , 澳头",1室1厅,38.77平米,南,毛坯,28层 ,,板塔结合,11 万,2838 元,4,,,VR看装修 | 房本满五年 | 随时看房,https://hui.lianjia.com/ershoufang/105120184858.html
临深，碧桂园深荟花园。业主诚心出售。,"深荟城一期 , 白云新城",4室2厅,136.26平米,南 北,精装,33层 ,,板楼,118.6 万,8704 元,0,,,VR看装修 | 房本满五年 | 随时看房,https://hui.lianjia.com/ershoufang/105121644833.html
房子是40年公寓，天虹购物便利，业主诚心出售,"松苑雅居 , 麦地",1室1厅,48.42平米,北,,中楼层(共21层) ,,塔楼,15.5 万,3202 元,1,,,VR房源,https://hui.lianjia.com/ershoufang/105121308525.html
一线临深近地铁，大社区配套齐全，带装修拎包入住！,"卓越东部蔚蓝海岸三期 , 西区新寮",2室2厅,76.02平米,南,精装,33层 ,,板塔结合,46.5 万,6117 元,10,,,VR看装修 | 房本满五年 | 随时看房,https://hui.lianjia.com/ershoufang/105120021836.html
临深万达商圈，百万大盘，金地一级物业,"金地天润自在城一期 , 西区新寮",4室2厅,99.95平米,南,精装,33层 ,,板塔结合,80 万,8005 元,0,,16天以前发布,VR看装修 | 房本满两年 | 随时看房,https://hui.lianjia.com/ershoufang/105122393045.html
板樟岭公园，装修好的三房，南向看山景，无欠款,"公园道花园 , 比亚迪商圈",3室1厅,106.8平米,南,简装,29层 ,,塔楼,42 万,3933 元,6,,,VR看装修 | 房本满两年 | 随时看房,https://hui.lianjia.com/ershoufang/105118784567.html
新圩镇 红本商品房 精装修2房出售,"汇景豪园 , 新圩",2室2厅,62.67平米,北,简装,高楼层(共28层) ,,塔楼,33 万,5266 元,0,,,VR看装修 | 房本满两年,https://hui.lianjia.com/ershoufang/105121046634.html
诚心出售，三房两厅户型，安静舒适,"卓越东部蔚蓝海岸四期 , 西区新寮",3室2厅,88平米,东,精装,26层 ,,板塔结合,62 万,7046 元,1,,,VR看装修,https://hui.lianjia.com/ershoufang/105121521193.html
十月花花园户型方正，采光佳，配套完善。,"十月花花园 , 大亚湾中心区",4室2厅,131.11平米,南 北,简装,33层 ,,板楼,78 万,5950 元,2,,,VR看装修 | 房本满五年 | 随时看房,https://hui.lianjia.com/ershoufang/105117236993.html
江南豪苑 3室2厅 东南,"江南豪苑 , 区政府",3室2厅,122.46平米,东南,简装,25层 ,,板塔结合,62 万,5063 元,0,,19天以前发布,VR房源,https://hui.lianjia.com/ershoufang/105122357856.html
碧桂园伴山云境花园 5室2厅 南 北,"碧桂园伴山云境花园 , 陈江",5室2厅,141.7平米,南 北,精装,高楼层(共34层) ,,塔楼,92 万,6493 元,0,,,VR看装修 | 随时看房,https://hui.lianjia.com/ershoufang/105121651016.html
隆生皇冠花园，品质社区，中间好楼层，诚意出售,"隆生皇冠花园 , 水口",3室2厅,111.49平米,南,毛坯,29层 ,,塔楼,89 万,7983 元,0,,,VR看装修 | 房本满五年 | 随时看房,https://hui.lianjia.com/ershoufang/105117819555.html
雅居乐3房带装修，业主诚心卖，采光视野好,"惠阳雅居乐花园一期 , 南站新城",3室2厅,96.99平米,南,,34层 ,,板塔结合,46.8 万,4826 元,2,,,VR看装修 | 房本满五年 | 随时看房,https://hui.lianjia.com/ershoufang/105120919785.html
东江新城六期 精装四房 视野开阔,"佳兆业东江新城六期 , 博罗中心区",4室2厅,125.52平米,南,精装,高楼层(共34层) ,,,69.8 万,5561 元,1,,,VR看装修 | 随时看房,https://hui.lianjia.com/ershoufang/105121789783.html
市政片区 交通便利 配套醇熟 带住家装修,"中央国墅园 , 区政府",4室2厅,104.58平米,东南,精装,30层 ,,塔楼,59 万,5642 元,2,,,VR房源 | 房本满两年,https://hui.lianjia.com/ershoufang/105118087611.html
星河丹堤 南北通五房 精装修 很少住  原价高无个税,"星河丹堤G区 , 南站新城",5室2厅,124.63平米,南 北,精装,34层 ,,塔楼,165 万,13240 元,1,,,VR看装修 | 房本满五年 | 随时看房,https://hui.lianjia.com/ershoufang/105120216372.html
映日兰庭 3室2厅 南 北,"映日兰庭 , 秋长",3室2厅,103.47平米,南 北,精装,25层 ,,板楼,65 万,6283 元,0,,14天以前发布,VR房源 | 房本满五年,https://hui.lianjia.com/ershoufang/105122411652.html
金山湖一线湖景靓房 视野开阔无遮挡 看上价格可谈,"奥园誉山湖花园 , 河南岸",4室2厅,109.02平米,南,毛坯,低楼层(共42层) ,,板塔结合,128 万,11741 元,0,,,VR看装修 | 房本满两年 | 随时看房,https://hui.lianjia.com/ershoufang/105119085139.html
临海视野好，户型方正使用率高，大社区 滨海公园旁,"海景城 , 澳头",3室2厅,85.94平米,南,,33层 ,,板塔结合,50 万,5819 元,0,,,VR看装修 | 房本满五年 | 随时看房,https://hui.lianjia.com/ershoufang/105121344650.html
红花湖丽苑电梯小高层精装三房两卫出售126平米,"紅花湖麗苑 , 龙丰",3室2厅,126.4平米,南 北,精装,6层 ,,板塔结合,96 万,7595 元,0,,,VR房源 | 房本满五年 | 随时看房,https://hui.lianjia.com/ershoufang/105121920098.html
朝东两房看园景，采光好，通风好，诚意出售,"碧桂园.十里银滩.山林海二区 , 十里银滩",2室2厅,69.4平米,东,精装,30层 ,,板塔结合,19.8 万,2854 元,19,,,VR房源 | 房本满五年 | 随时看房,https://hui.lianjia.com/ershoufang/105120397359.html
佳兆业壹号花园 125㎡四房毛坯 南北通采光佳,"佳兆业壹号花园 , 龙丰",4室2厅,125平米,南 北,毛坯,中楼层(共31层) ,,板塔结合,99.8 万,7984 元,0,,,VR看装修 | 房本满五年 | 随时看房,https://hui.lianjia.com/ershoufang/105121956646.html
陈江天花板，壹城次新小区，南北通四房。,"壹城中心7区 , 陈江",4室2厅,110.89平米,南 北,毛坯,中楼层(共32层) ,,板塔结合,88 万,7936 元,0,,,VR看装修 | 房本满两年 | 随时看房,https://hui.lianjia.com/ershoufang/105122195383.html
精装大四房，楼层好，采光视野好，拎衣入住,"奥园华府 , 比亚迪商圈",3室2厅,95平米,南,精装,32层 ,,塔楼,60 万,6316 元,0,,20天以前发布,VR看装修 | 随时看房,https://hui.lianjia.com/ershoufang/105122352560.html
锦绣壹号5期，92平园林景观3房，诚心出售,"富康锦绣壹号5期 , 西区新寮",3室2厅,91.22平米,南,精装,33层 ,,塔楼,119 万,13046 元,0,,5天以前发布,VR房源 | 房本满两年,https://hui.lianjia.com/ershoufang/105122510020.html
本小区的地理优势所在，楼下 就是市政府广场,"中铭豪园 , 区政府",2室2厅,78.65平米,北,,23层 ,,板塔结合,36 万,4578 元,0,,,VR房源 | 房本满五年 | 随时看房,https://hui.lianjia.com/ershoufang/105116169118.html
大社区 高楼层 看江景 南北通 采光好 看房方便,"德威江誉城Ⅱ期 , 马安",4室2厅,113平米,南,毛坯,高楼层(共32层) ,,塔楼,100 万,8850 元,0,,,VR看装修 | 随时看房,https://hui.lianjia.com/ershoufang/105120383286.html
东江新城五期精壮装2房， 装修新净，可以拎包入住,"佳兆业东江新城五期 , 博罗中心区",2室2厅,73平米,南,精装,34层 ,,塔楼,36 万,4932 元,0,,26天以前发布,VR看装修 | 房本满五年 | 随时看房,https://hui.lianjia.com/ershoufang/105122309355.html
户型方正实用，楼龄较新，南向，采光佳，原价高税少,"龙光城北八期 , 龙光城",3室2厅,89.11平米,南,精装,31层 ,,塔楼,70 万,7856 元,7,,,VR房源 | 随时看房,https://hui.lianjia.com/ershoufang/105116185930.html
0天地源御湾 小高层 中间楼层 精装修130万,"天地源御湾 , 水口",4室2厅,144.55平米,南,精装,7层 ,,板塔结合,130 万,8994 元,2,,,VR看装修 | 房本满五年,https://hui.lianjia.com/ershoufang/105119745209.html
东平10小旁，南向电梯大2房，视野开阔，诚意出售,"金沙俊园 , 东平",2室2厅,80.17平米,西南,简装,高楼层(共29层) ,,板塔结合,33 万,4117 元,0,,,VR看装修 | 随时看房,https://hui.lianjia.com/ershoufang/105115891872.html
誉山湖 南向一线湖景 安静南北通 4房大客厅大阳台,"奥园誉山湖花园 , 河南岸",4室2厅,128.74平米,南 北,毛坯,低楼层(共32层) ,,板塔结合,137 万,10642 元,1,,,VR看装修 | 随时看房,https://hui.lianjia.com/ershoufang/105122216416.html
雅居乐一级物业 中间好楼层 视野开阔 有钥匙随时看房,"卓悦华府 , 惠环",4室2厅,101.15平米,南,毛坯,29层 ,,板塔结合,59.6 万,5893 元,0,,,VR房源 | 房本满五年 | 随时看房,https://hui.lianjia.com/ershoufang/105122096782.html
金山湖岛内方直东岸 78平2房拎包入住，业主包契税。,"方直东岸 , 河南岸",2室1厅,77.42平米,东北,简装,17层 ,,板塔结合,43.9 万,5671 元,1,,,VR房源,https://hui.lianjia.com/ershoufang/105122092133.html
满五唯一税费少，红本在手 楼层好 采光充足,"秋谷阳光里 , 万达",2室2厅,60.56平米,南 东南,精装,30层 ,,塔楼,28 万,4624 元,11,,,VR看装修 | 房本满五年 | 随时看房,https://hui.lianjia.com/ershoufang/105104380577.html
次新盘汇显泰华园、轻奢风靓装9.9成新、含子母车位,"汇显城市公园 , 汝湖",5室2厅,129.72平米,南,精装,27层 ,,板楼,119 万,9174 元,0,,,VR看装修,https://hui.lianjia.com/ershoufang/105121503987.html
临深精装两房，品质物业，生活配套方便，业主诚售可聊,"碧桂园太东·蜜柚 , 西区新寮",2室1厅,60.12平米,南,精装,33层 ,,塔楼,40.5 万,6737 元,4,,,VR房源 | 随时看房,https://hui.lianjia.com/ershoufang/105120527501.html
无遮挡 视野好 精装保养好 拎包入住,"保华铂郡 , 河南岸",4室2厅,140.34平米,北 南,精装,30层 ,,板塔结合,198 万,14109 元,1,,,VR房源 | 房本满两年,https://hui.lianjia.com/ershoufang/105119287836.html
急售 一品中央  南北通 双阳台3+1房,"一品中央 , 博罗石湾",3室1厅,121.57平米,南 北,,27层 ,,板塔结合,53 万,4360 元,0,,,VR看装修 | 房本满五年 | 随时看房,https://hui.lianjia.com/ershoufang/105119801245.html
新力城118平 品质精装三房，保养99新,"新力城一期 , 水口",3室2厅,117.73平米,南,,高楼层(共33层) ,,板楼,118 万,10023 元,0,,,VR看装修 | 房本满两年,https://hui.lianjia.com/ershoufang/105122011138.html
三远大爱城 3室2厅 南,"三远大爱城 , 吾悦广场",3室2厅,88.07平米,南,毛坯,32层 ,,板塔结合,49.5 万,5621 元,2,,,VR看装修 | 房本满五年 | 随时看房,https://hui.lianjia.com/ershoufang/105119156428.html
装修三房 大社区 适合居住 好楼层 看花园,"海伦堡院子 , 水口",3室2厅,104.02平米,南,,高楼层(共25层) ,,板塔结合,60 万,5769 元,0,,,VR看装修 | 房本满五年,https://hui.lianjia.com/ershoufang/105118440657.html
大社区成熟片区，绿化环境空气好生活便利，鹿江公园,"隆生皇冠花园 , 水口",4室2厅,142.72平米,南,精装,32层 ,,塔楼,129 万,9039 元,0,,,VR房源,https://hui.lianjia.com/ershoufang/105121907738.html
临深次新品质小区！全新奶油风装修！拎包即可入住,"丰谷天玺 , 龙光城",3室1厅,85.53平米,南,精装,29层 ,,塔楼,73 万,8536 元,0,,,VR看装修 | 随时看房,https://hui.lianjia.com/ershoufang/105121694697.html
中海阅江二期 中高楼层 全新精装修 拎包入住 有钥匙,"中海阅江府2期 , 东江新城",4室2厅,119.52平米,东南,精装,高楼层(共27层) ,,板楼,125 万,10459 元,0,,,VR看装修 | 房本满两年 | 随时看房,https://hui.lianjia.com/ershoufang/105121202656.html
长湖苑二期 花园中间 安静优美 大二房,"新世界长湖苑二期 , 东平",2室1厅,78.5平米,东北,精装,高楼层(共11层) ,,板塔结合,56 万,7134 元,1,,,VR房源 | 随时看房,https://hui.lianjia.com/ershoufang/105121359223.html
仲恺繁华地段配套完善鑫月城南北通透精装大4房中高层,"御湖豪庭 , 陈江",4室2厅,122.91平米,南 北,精装,27层 ,,塔楼,87 万,7079 元,0,,,VR看装修 | 房本满五年,https://hui.lianjia.com/ershoufang/105118573420.html
旅游景奥地利风情小镇成熟配套交通便利,"五矿哈施塔特 , 博罗中心区",3室2厅,94平米,南,毛坯,高楼层(共33层) ,,,39 万,4149 元,0,,,VR房源 | 随时看房,https://hui.lianjia.com/ershoufang/105122174253.html
新房交标  诚心出售  高楼层视野好,"龙光城北八期 , 龙光城",3室1厅,89.32平米,东南,精装,29层 ,,板塔结合,75 万,8397 元,0,,23天以前发布,VR看装修 | 随时看房,https://hui.lianjia.com/ershoufang/105122327741.html
汇乐城旁璟鹏华府南向精装大三房 总价低证五年唯一,"璟鹏华府 , 水口",3室2厅,93.18平米,东南,精装,11层 ,,板塔结合,60.9 万,6536 元,0,,,VR房源 | 房本满五年,https://hui.lianjia.com/ershoufang/105120880799.html
左岸春天一期 2室1厅 南,"左岸春天一期 , 开城大润发",2室1厅,54平米,南,精装,12层 ,,板塔结合,26 万,4815 元,1,,,VR看装修,https://hui.lianjia.com/ershoufang/105120959078.html
此小区次新小区 小区绿化高采 光好户型方正看园林。,"悦璟华庭 , 惠环",3室2厅,94平米,东 南,精装,高楼层(共33层) ,,板塔结合,59 万,6277 元,0,,,VR房源 | 随时看房,https://hui.lianjia.com/ershoufang/105120127383.html
万达商圈，吾悦广场旁，户型方正，毛坯急售,"明华花园 , 吾悦广场",4室2厅,108.01平米,东北,毛坯,16层 ,,塔楼,57 万,5278 元,1,,,VR看装修 | 房本满五年 | 随时看房,https://hui.lianjia.com/ershoufang/105118249212.html
此新房中高楼层，实用率高，业主诚意出售,"天润嘉园 , 西区新寮",4室2厅,94.77平米,南,毛坯,29层 ,,板塔结合,55 万,5804 元,0,,,VR看装修 | 房本满两年 | 随时看房,https://hui.lianjia.com/ershoufang/105121970096.html
华润小径湾精装修大一房，朝向南,"华润小径湾二期 , 霞涌",1室1厅,52平米,南,简装,32层 ,,板塔结合,21.8 万,4193 元,1,,,VR房源,https://hui.lianjia.com/ershoufang/105121284089.html
小区环境好 安静 新装修未入住,"诗林廊桥苑 , 澳头",3室2厅,94平米,南 北,简装,24层 ,,板塔结合,40 万,4256 元,1,,,VR看装修 | 随时看房,https://hui.lianjia.com/ershoufang/105121650616.html
房子方正采光充足，地段好，配套齐全,"中天彩虹城北区 , 开城大润发",1室1厅,41.66平米,南,,30层 ,,塔楼,18 万,4321 元,0,,,VR房源 | 随时看房,https://hui.lianjia.com/ershoufang/105114557043.html
新小区，户型方正，好楼层，视野开阔,"冠华城桂香园三期 , 西区新寮",3室2厅,93.92平米,南,毛坯,33层 ,,塔楼,65 万,6921 元,1,,,VR看装修 | 随时看房,https://hui.lianjia.com/ershoufang/105119281700.html
山水龙城毛坯三房，业主诚意出售,"宝安山水龙城 , 水口",3室2厅,84.38平米,南,,高楼层(共27层) ,,塔楼,58 万,6874 元,1,,,VR房源,https://hui.lianjia.com/ershoufang/105115584105.html
隆生西江花园 3室1厅 南,"隆生西江花园 , 东江新城",3室1厅,111.26平米,南,毛坯,高楼层(共31层) ,,板塔结合,128 万,11505 元,0,,,VR看装修 | 随时看房,https://hui.lianjia.com/ershoufang/105121837551.html
这套是离高铁比较远的那栋好楼层 南北通,"长通熙园 , 开城大润发",2室1厅,70.16平米,南 北,简装,32层 ,,塔楼,48 万,6842 元,0,,,VR房源 | 房本满五年 | 随时看房,https://hui.lianjia.com/ershoufang/105121239555.html
中骏雍景台，成熟社区，南向大4房，中楼层看花园,"中骏雍景台 , 马安",4室2厅,118平米,西南,毛坯,高楼层(共33层) ,,板塔结合,85 万,7204 元,0,,,VR房源 | 随时看房,https://hui.lianjia.com/ershoufang/105120037063.html
惠阳站旁花园社区，山景两房，感受亲近自然的空气,"惠阳雅居乐花园一期 , 南站新城",2室2厅,77.29平米,东,毛坯,24层 ,,板塔结合,28.3 万,3662 元,1,,,VR看装修 | 房本满五年 | 随时看房,https://hui.lianjia.com/ershoufang/105115215472.html
万达商圈  美泰天韵  带装修2房 业主诚意出售,"美泰天韵 , 万达",2室1厅,72.04平米,南,简装,30层 ,,板塔结合,42 万,5831 元,0,,,VR房源 | 房本满五年 | 随时看房,https://hui.lianjia.com/ershoufang/105120589297.html
水岸城7期 2023年装修 保养新  户型通透 楼层好看花园,"中信水岸城7期 , 东江新城",4室2厅,130.33平米,南,精装,32层 ,,板塔结合,170 万,13044 元,0,,,VR看装修,https://hui.lianjia.com/ershoufang/105121356679.html
金山新城大盘 美丽洲 花园中间4房 南北通透双阳台,"美丽洲 , 马安",4室2厅,117.32平米,南 北,毛坯,低楼层(共26层) ,,塔楼,99 万,8439 元,0,,,VR房源 | 随时看房,https://hui.lianjia.com/ershoufang/105122237485.html
房契税满两年，没有个税，原购价高，视野景观很不错。,"龙光城北十二期 , 龙光城",4室2厅,120平米,南,精装,33层 ,,板塔结合,109 万,9084 元,1,,,VR看装修 | 随时看房,https://hui.lianjia.com/ershoufang/105118985231.html
罗浮花园实用率至高的小区生活便利楼龄新,"罗浮花园 , 罗浮山",4室2厅,143.98平米,南,毛坯,高楼层(共18层) ,,板塔结合,82.3 万,5717 元,0,,,VR看装修 | 房本满五年 | 随时看房,https://hui.lianjia.com/ershoufang/105121129730.html
惠州南站，天虹大润发旁。 通风采光很好,"庄士花园 , 开城大润发",2室1厅,58平米,南,精装,18层 ,,塔楼,21 万,3621 元,2,,,VR看装修 | 房本满五年 | 随时看房,https://hui.lianjia.com/ershoufang/105121913457.html
户型方正，实用，采光好，税费低，适合居住。,"都市广场 , 区政府",1室0厅,40平米,西,简装,19层 ,,塔楼,13 万,3250 元,0,,,VR看装修 | 随时看房,https://hui.lianjia.com/ershoufang/105122189725.html
东南向，远看山景，近看小区园林水景，,"金地天润自在城一期 , 西区新寮",3室2厅,83.54平米,东南,简装,33层 ,,板塔结合,68 万,8140 元,3,,,VR看装修 | 房本满两年 | 随时看房,https://hui.lianjia.com/ershoufang/105118323293.html
高铁站成熟大社区，高入住率，诚心卖,"星河丹堤G区 , 南站新城",3室2厅,89平米,东南 南,精装,34层 ,,塔楼,89 万,10000 元,0,,,VR房源 | 随时看房,https://hui.lianjia.com/ershoufang/105121978994.html
精心装修，拎包入住，电梯中间楼层，采光视野好,"华润置地万象天汇 , 河南岸",3室2厅,96平米,南,精装,低楼层(共33层) ,,塔楼,129 万,13438 元,1,,,VR看装修 | 房本满两年 | 随时看房,https://hui.lianjia.com/ershoufang/105120340113.html
房子位于水口繁华区一线看江家门口鹿江沥公园 环境好,"新城鹿江风华 , 水口",4室2厅,123平米,南 北,,中楼层(共18层) ,,板塔结合,132 万,10732 元,0,,,VR看装修 | 随时看房,https://hui.lianjia.com/ershoufang/105119999941.html
陈江品质楼盘  3+1房（108平方）密码锁，随时可看房。,"华廷悦府 , 陈江",4室2厅,108平米,南,毛坯,高楼层(共30层) ,,板楼,80 万,7408 元,0,,,VR看装修 | 房本满两年 | 随时看房,https://hui.lianjia.com/ershoufang/105117911237.html
星河花园3加1南北通的电梯高层的房子,"星河花园 , 博罗中心区",3室2厅,127.21平米,南,毛坯,30层 ,,塔楼,38 万,2988 元,1,,,VR看装修 | 房本满五年 | 随时看房,https://hui.lianjia.com/ershoufang/105121178703.html
两梯三户，豪 华装修，满五年税费低，带车位,"海惠花园一区 , 吾悦广场",3室2厅,119.8平米,南,精装,18层 ,,塔楼,73 万,6094 元,14,,,VR看装修 | 房本满五年 | 随时看房,https://hui.lianjia.com/ershoufang/105106738040.html
头等舱沙发！！高档装修 坐瞰别墅景 双龍抱珠招財進寶,"半岛1号五期 , 白云新城",2室2厅,84.22平米,南,精装,22层 ,,板塔结合,59.88 万,7110 元,0,,,VR看装修 | 房本满五年 | 随时看房,https://hui.lianjia.com/ershoufang/105119687135.html
铂钻花园 一期不靠马路 中高楼层 日照充足 安静不吵,"铂钻花园 , 东江新城",3室2厅,96.95平米,南,毛坯,高楼层(共27层) ,,板楼,73 万,7530 元,0,,,VR房源 | 房本满两年 | 随时看房,https://hui.lianjia.com/ershoufang/105119715087.html
此房全新无住过人，产权无欠款，中楼层视野开阔,"小径海岸城花园 , 霞涌",2室2厅,69.89平米,南 北 东北,简装,33层 ,,板塔结合,28.5 万,4078 元,3,,,VR看装修 | 房本满五年 | 随时看房,https://hui.lianjia.com/ershoufang/105119134000.html
满五唯一采光好户型好业主诚意出售,"海伦堡爱Me城市 , 澳头",3室2厅,109.5平米,南 北,毛坯,32层 ,,板塔结合,59 万,5389 元,0,,,VR看装修 | 房本满五年 | 随时看房,https://hui.lianjia.com/ershoufang/105120190091.html
采光通风效果好，业主诚意出售，小区舒服..........,"惠州星河盛世 , 白云新城",4室2厅,115.11平米,东南 南,毛坯,33层 ,,板塔结合,78 万,6777 元,1,,,VR看装修 | 房本满两年 | 随时看房,https://hui.lianjia.com/ershoufang/105112985871.html
华基江山业主急售价格看上可聊户型方正生活方便,"华基江山 , 博罗中心区",3室2厅,80平米,南,毛坯,低楼层(共28层) ,,板塔结合,30 万,3750 元,0,,,VR看装修 | 房本满五年 | 随时看房,https://hui.lianjia.com/ershoufang/105121193420.html
临深地铁口，大三房，户型方正，无个税，无增值税！,"锦地繁花骏园 , 西区新寮",3室2厅,98平米,南,毛坯,30层 ,,板塔结合,61 万,6225 元,0,,,VR房源 | 随时看房,https://hui.lianjia.com/ershoufang/105120618274.html
隆生品质小区 西江花园  大四房 高层视野开阔,"隆生西江花园 , 东江新城",5室2厅,152.29平米,南 北,毛坯,高楼层(共32层) ,,塔楼,156 万,10244 元,0,,,VR看装修 | 房本满两年 | 随时看房,https://hui.lianjia.com/ershoufang/105121821177.html
海伦堡项目房子格局好 南北通 高楼层景观好 看房方便,"海伦堡爱Me城市 , 澳头",4室2厅,124.99平米,南,毛坯,32层 ,,板塔结合,78 万,6241 元,0,,,VR看装修 | 房本满五年 | 随时看房,https://hui.lianjia.com/ershoufang/105112715863.html
隆生大社区 近天益城 朝南向 千米楼间距 视野开阔,"隆生仲恺花园3区 , 陈江",3室2厅,110.47平米,南,毛坯,中楼层(共33层) ,,塔楼,73 万,6609 元,0,,,VR看装修 | 房本满两年 | 随时看房,https://hui.lianjia.com/ershoufang/105120457163.html
全新精装修三房，带家私电器出售，高层采光通风无暗房,"新力城二期 , 水口",3室2厅,89.88平米,南,精装,高楼层(共31层) ,,板楼,66.6 万,7410 元,0,,,VR看装修 | 房本满五年 | 随时看房,https://hui.lianjia.com/ershoufang/105119905264.html
碧桂园山河城 3室2厅 北,"碧桂园山河城 , 三和经济开发区",3室2厅,92.32平米,北,精装,18层 ,,板塔结合,32.8 万,3553 元,0,,18天以前发布,VR看装修 | 随时看房,https://hui.lianjia.com/ershoufang/105122368563.html
方直星耀国际一线湖景五房双套间大平层,"方直星耀国际 , 河南岸",5室2厅,177平米,南 北,毛坯,低楼层(共45层) ,,板塔结合,400 万,22599 元,0,,,VR看装修 | 房本满五年 | 随时看房,https://hui.lianjia.com/ershoufang/105121503741.html
金山湖湖心岛内！精装修大三房 朝南看花园！安静舒适,"方直东岸 , 河南岸",3室2厅,131.35平米,南,,32层 ,,板塔结合,136 万,10355 元,1,,,VR看装修 | 房本满五年 | 随时看房,https://hui.lianjia.com/ershoufang/105118463538.html
：金山湖湖芯岛方正三房，南向看花园，景观开阔,"湖心岛1号花园 , 河南岸",3室1厅,104.31平米,南,毛坯,低楼层(共32层) ,,板塔结合,100 万,9587 元,0,,7天以前发布,VR房源 | 房本满两年 | 随时看房,https://hui.lianjia.com/ershoufang/105122491902.html
业主精致自装  一线湖景楼下即是金山湖公园 视野开阔,"泰丰·千花岛 , 河南岸",3室2厅,106.89平米,南,,33层 ,,板塔结合,159 万,14876 元,0,,,VR看装修 | 房本满五年 | 随时看房,https://hui.lianjia.com/ershoufang/105121108487.html
临深品质三房，诚心出售！！！！,"卓越蔚蓝海岸七期 , 西区新寮",3室2厅,96平米,东南,精装,34层 ,,塔楼,78 万,8125 元,2,,,VR看装修,https://hui.lianjia.com/ershoufang/105121096588.html
海悦湾漂亮两房，保养好家私拎包入住,"碧桂园十里银滩海悦湾 , 十里银滩",2室1厅,67.48平米,西,精装,30层 ,,板塔结合,25.2 万,3735 元,1,,,VR看装修 | 房本满五年 | 随时看房,https://hui.lianjia.com/ershoufang/105121983502.html
碧桂园珑誉 四房南北通  一线湖景没遮挡,"碧桂园珑誉花园 , 水口",4室2厅,141.67平米,南 北,毛坯,中楼层(共33层) ,,塔楼,91 万,6424 元,0,,,VR看装修 | 房本满五年 | 随时看房,https://hui.lianjia.com/ershoufang/105121722974.html
澳头，精装修，2房2厅，业主诚心卖,"渝景湾花园四期 , 澳头",2室2厅,66平米,南,简装,低楼层(共26层) ,,板塔结合,21 万,3182 元,1,,,VR看装修 | 随时看房,https://hui.lianjia.com/ershoufang/105121945585.html
海棠花郡精装3房2厅 位置好 首付低,"海棠花郡 , 水口",3室2厅,96.19平米,南,精装,17层 ,,板塔结合,76 万,7902 元,0,,,VR看装修 | 房本满五年,https://hui.lianjia.com/ershoufang/105119369148.html
惠南 中锴华章 166.88平四房 花园中间 两梯三户双套间,"中锴·华章 , 河南岸",4室2厅,166.88平米,南,毛坯,中楼层(共31层) ,,塔楼,139 万,8330 元,8,,,VR看装修 | 房本满五年 | 随时看房,https://hui.lianjia.com/ershoufang/105108776700.html
次新房小区，好楼层朝南看花园，视野开阔，无欠款,"荣佳国韵一期 , 龙光城",3室1厅,92.28平米,南,毛坯,33层 ,,板塔结合,61 万,6611 元,1,,,VR房源 | 房本满两年 | 随时看房,https://hui.lianjia.com/ershoufang/105119781751.html
临深百万大盘，牧云溪谷，环境优美楼层好,"牧云溪谷六期云禧 , 新圩",2室2厅,72平米,西南 西,毛坯,32层 ,,板塔结合,69 万,9584 元,0,,,VR看装修 | 随时看房,https://hui.lianjia.com/ershoufang/105121827307.html
海伦堡十里东江 3室2厅 东南,"海伦堡十里东江 , 下角",3室2厅,93.17平米,东南,毛坯,20层 ,,板塔结合,45 万,4830 元,0,,,VR看装修 | 房本满五年 | 随时看房,https://hui.lianjia.com/ershoufang/105121846605.html
临深一线，视野宽阔，交通方便，业主急卖,"锦地繁花 , 西区新寮",3室2厅,92.19平米,南,简装,25层 ,,板塔结合,58 万,6292 元,0,,,VR看装修 | 房本满五年 | 随时看房,https://hui.lianjia.com/ershoufang/105120146599.html
品质小高层大平层南北通透安静看园林,"星河丹堤G4区 , 南站新城",5室2厅,172.32平米,南 北,精装,10层 ,,板塔结合,280 万,16249 元,1,,,VR看装修 | 房本满两年,https://hui.lianjia.com/ershoufang/105122209441.html
红本在手，采光通风好，视野开阔，配套齐全,"银海花园 , 澳头",3室2厅,69平米,东南 南,简装,8层 ,,板塔结合,20 万,2899 元,4,,,VR看装修 | 房本满五年 | 随时看房,https://hui.lianjia.com/ershoufang/105112049064.html
精装修。标准三房。拎包入住，全新。,"惠阳雅居乐花园四期 , 南站新城",3室2厅,86平米,南 北,精装,32层 ,,板塔结合,47.5 万,5524 元,0,,,VR看装修 | 随时看房,https://hui.lianjia.com/ershoufang/105120183024.html
壹城6期次新小区，142平五房南北通双阳台，中间好楼层,"壹城中心6区 , 陈江",5室2厅,142.41平米,南 北,毛坯,中楼层(共32层) ,,塔楼,116 万,8146 元,1,,,VR看装修 | 房本满两年 | 随时看房,https://hui.lianjia.com/ershoufang/105116778934.html
过渡 入手 经济实惠 光线良好,"湖溪新苑 , 水口",3室2厅,90.94平米,东北,简装,高楼层(共8层) ,,板塔结合,27 万,2969 元,0,,,VR看装修 | 房本满五年,https://hui.lianjia.com/ershoufang/105119578520.html
小4房，视野好，无增值税和个税,"星河丹堤S2区 , 南站新城",4室2厅,95.26平米,南,,34层 ,,板塔结合,108 万,11338 元,0,,,VR看装修 | 房本满两年 | 随时看房,https://hui.lianjia.com/ershoufang/105112696350.html
高铁站旁 天虹大润发商圈 中高层南向3加1房！,"旺东国际广场 , 开城大润发",3室2厅,111.28平米,南,毛坯,30层 ,,塔楼,70 万,6291 元,1,,,VR看装修 | 房本满五年 | 随时看房,https://hui.lianjia.com/ershoufang/105118944501.html
荷兰小城，环境优美，小区空间大，小孩读书方便,"光耀荷兰小城 , 陈江",4室2厅,112平米,南,毛坯,31层 ,,板楼,57 万,5090 元,0,,,VR看装修 | 随时看房,https://hui.lianjia.com/ershoufang/105121033126.html
户型方正，实用，采光好，税费低，适合居住。,"都市广场 , 区政府",1室0厅,40平米,西,简装,19层 ,,塔楼,13 万,3250 元,0,,,VR看装修 | 随时看房,https://hui.lianjia.com/ershoufang/105122189725.html
这套是离高铁比较远的那栋好楼层 南北通,"长通熙园 , 开城大润发",2室1厅,70.16平米,南 北,简装,32层 ,,塔楼,48 万,6842 元,0,,,VR房源 | 房本满五年 | 随时看房,https://hui.lianjia.com/ershoufang/105121239555.html
东南向，远看山景，近看小区园林水景，,"金地天润自在城一期 , 西区新寮",3室2厅,83.54平米,东南,简装,33层 ,,板塔结合,68 万,8140 元,3,,,VR看装修 | 房本满两年 | 随时看房,https://hui.lianjia.com/ershoufang/105118323293.html
精心装修，拎包入住，电梯中间楼层，采光视野好,"华润置地万象天汇 , 河南岸",3室2厅,96平米,南,精装,低楼层(共33层) ,,塔楼,129 万,13438 元,1,,,VR看装修 | 房本满两年 | 随时看房,https://hui.lianjia.com/ershoufang/105120340113.html
房子位于水口繁华区一线看江家门口鹿江沥公园 环境好,"新城鹿江风华 , 水口",4室2厅,123平米,南 北,,中楼层(共18层) ,,板塔结合,132 万,10732 元,0,,,VR看装修 | 随时看房,https://hui.lianjia.com/ershoufang/105119999941.html
金山湖金岸花苑 电梯四房 业主重新装修,"金岸花苑 , 河南岸",4室2厅,107.17平米,东,精装,9层 ,,板楼,69.9 万,6523 元,0,,15天以前发布,VR房源 | 房本满五年,https://hui.lianjia.com/ershoufang/105122404353.html
蓝光雍和园3房2厅2卫房售价仅：107.8万,"蓝光雍和园 , 龙丰",3室2厅,129.38平米,东南,,高楼层(共31层) ,,板楼,107.8 万,8333 元,0,,,VR看装修 | 房本满两年 | 随时看房,https://hui.lianjia.com/ershoufang/105120262945.html
社区有环湖跑道，登山道，小区实行24小时保..,"星河丹堤C区 , 南站新城",4室2厅,149.8平米,南,毛坯,27层 ,,板塔结合,129.8 万,8665 元,7,,,VR看装修 | 房本满五年 | 随时看房,https://hui.lianjia.com/ershoufang/105119050267.html
满五唯一，采光通风好，视野广阔，朝南花园，中间楼层,"天顺俊园 , 吾悦广场",3室1厅,79.61平米,南,精装,30层 ,,板塔结合,39.8 万,5000 元,2,,,VR房源 | 房本满五年 | 随时看房,https://hui.lianjia.com/ershoufang/105118759056.html
精装修 高拓四房 朝南向 近华附和商场 楼下环湖绿道,"星河丹堤S2区 , 南站新城",4室2厅,95.26平米,南,精装,34层 ,,板塔结合,125 万,13122 元,1,,,VR看装修 | 房本满两年 | 随时看房,https://hui.lianjia.com/ershoufang/105119101799.html
急售，朝南看园林安静、税费少，红本在手,"家悦龙庭 , 万达",3室2厅,89平米,南,毛坯,29层 ,,板塔结合,54 万,6068 元,0,,,VR看装修 | 随时看房,https://hui.lianjia.com/ershoufang/105116848344.html
大户型三房，带大平台，使用空间大，无个税,"海恋家 , 澳头",3室2厅,150.9平米,南,毛坯,8层 ,,板塔结合,50 万,3314 元,7,,,VR房源 | 房本满五年 | 随时看房,https://hui.lianjia.com/ershoufang/105111183568.html
万城 5室3厅 南 北,"万城 , 白云新城",5室3厅,187.43平米,南 北,精装,18层 ,,板塔结合,233.8 万,12474 元,0,,,VR房源 | 房本满两年,https://hui.lianjia.com/ershoufang/105121367148.html
天安珑城3期 111平3房 视野彩光好看花园,"天安珑城 , 区政府",3室2厅,111.37平米,南,毛坯,32层 ,,板楼,105 万,9429 元,1,,,VR看装修 | 房本满五年 | 随时看房,https://hui.lianjia.com/ershoufang/105120571901.html
临深精装大四房 南北通 大客厅 可拎包入住,"九洲玉带湾 , 白云新城",4室2厅,120平米,南 北,精装,33层 ,,板塔结合,100 万,8334 元,0,,12天以前发布,VR房源 | 随时看房,https://hui.lianjia.com/ershoufang/105122435012.html
满五唯一 户型方正 业主诚心卖,"中萃1829 , 澳头",2室1厅,62.5平米,南 北,毛坯,28层 ,,塔楼,21 万,3360 元,1,,,VR看装修 | 房本满五年 | 随时看房,https://hui.lianjia.com/ershoufang/105117774113.html
房子布局方正，装修好，楼层位置 好，通风采光视野好,"新祺园 , 新行政区",3室2厅,89平米,东南,精装,32层 ,,板塔结合,68 万,7641 元,0,,,VR看装修 | 房本满五年,https://hui.lianjia.com/ershoufang/105121098676.html
龙光城北五期南北通大四房楼层高视野好,"龙光城北五期 , 龙光城",4室2厅,127平米,南 北,精装,32层 ,,板塔结合,145 万,11418 元,0,,,VR看装修 | 随时看房,https://hui.lianjia.com/ershoufang/105116920816.html
中区华府 大三房 房子保养靓 中高层 税费少,"中区华府二期 , 区政府",3室2厅,127.67平米,西南,精装,12层 ,,板塔结合,69 万,5405 元,0,,,VR房源 | 房本满五年,https://hui.lianjia.com/ershoufang/105117425885.html
中区华府三房两卫朝向采光好  业主诚心出售  价格可谈,"中区华府三期 , 区政府",3室2厅,116.1平米,东,简装,18层 ,,板塔结合,68 万,5858 元,0,,,VR房源 | 房本满五年 | 随时看房,https://hui.lianjia.com/ershoufang/105120934358.html
区政府天虹旁 花园大社区 环境优美 宜居住 配套齐全,"尚城世家二期 , 区政府",3室2厅,92.85平米,东南,精装,26层 ,,板塔结合,68.8 万,7410 元,0,,,VR看装修 | 房本满五年,https://hui.lianjia.com/ershoufang/105115986720.html
临深小户型  配套好  好出租,"安罝小区 , 西区新寮",2室2厅,73.62平米,南 北,毛坯,32层 ,,板塔结合,40 万,5434 元,0,,,VR看装修 | 房本满两年 | 随时看房,https://hui.lianjia.com/ershoufang/105121418619.html
一手交房  一手交诚信  二手都要硬,"壹城中心2区 , 陈江",4室2厅,124.38平米,东南,,低楼层(共32层) ,,塔楼,79 万,6352 元,1,,,VR看装修 | 房本满五年 | 随时看房,https://hui.lianjia.com/ershoufang/105116293500.html
"户型格局好,,视野宽阔,采光，交通便利","冠臣御品花园 , 新行政区",3室1厅,103平米,东南,,28层 ,,板塔结合,69.8 万,6777 元,0,,,VR看装修 | 随时看房,https://hui.lianjia.com/ershoufang/105121970703.html
新力城一期，自住精装3房，保养好，直接可以拎包入住,"新力城一期 , 水口",3室2厅,109平米,南 北,精装,低楼层(共28层) ,,板楼,94.5 万,8670 元,0,,,VR看装修,https://hui.lianjia.com/ershoufang/105122221719.html
标准大三房，采光视野很好，楼层也不错,"卓越东部蔚蓝海岸一期 , 西区新寮",3室2厅,114.83平米,南,毛坯,26层 ,,板塔结合,68 万,5922 元,0,,,VR房源 | 房本满五年 | 随时看房,https://hui.lianjia.com/ershoufang/105120190093.html
金山湖片区，东江学府五期，环境安静优雅，生活便利。,"东江学府五期 , 河南岸",5室2厅,208.35平米,南 北,精装,中楼层(共5层) ,,板塔结合,260 万,12480 元,0,,6天以前发布,VR房源 | 房本满两年,https://hui.lianjia.com/ershoufang/105122500711.html
红本在手 不欠款 地段优越 位置好 装修好 看房方便,"盛华楼一期 , 开城大润发",3室2厅,83.74平米,北,简装,中楼层(共8层) ,,,29 万,3464 元,0,,18天以前发布,VR房源 | 房本满五年 | 随时看房,https://hui.lianjia.com/ershoufang/105122370283.html
旺租户型 位置好 配套成熟 购物交通便利停车位充足,"中梁V城市 , 开城大润发",2室2厅,56.94平米,东南,精装,31层 ,,板塔结合,33 万,5796 元,2,,,VR看装修 | 房本满五年,https://hui.lianjia.com/ershoufang/105116409959.html
隆生仲恺花园 三房两卫急 售 看花园,"隆生仲恺花园 , 陈江",3室2厅,112平米,南,毛坯,32层 ,,塔楼,68 万,6072 元,0,,,VR看装修 | 随时看房,https://hui.lianjia.com/ershoufang/105121854301.html
惠阳星河丹堤背山面水环境宜人适合长期居住,"星河丹堤C区 , 南站新城",4室2厅,133.29平米,南 北,精装,31层 ,,板塔结合,140 万,10504 元,4,,,VR看装修 | 房本满五年,https://hui.lianjia.com/ershoufang/105118223299.html
天虹大润发成熟商圈，两房带租约，中高楼层,"鹏德名苑 , 开城大润发",2室2厅,54.75平米,北,简装,32层 ,,塔楼,25 万,4567 元,1,,12天以前发布,VR房源 | 房本满五年,https://hui.lianjia.com/ershoufang/105122438606.html
大亚湾百万大盘，生活配套齐全，带装修，业主急卖,"华冠花园 , 大亚湾中心区",4室2厅,90.5平米,南,精装,33层 ,,板塔结合,48 万,5304 元,0,,,VR看装修,https://hui.lianjia.com/ershoufang/105121874535.html
水悦龙湾 靓房四房 南北通 田园风 花园中间,"龙光·水悦龙湾 , 东平",4室2厅,143.07平米,南 北,精装,低楼层(共17层) ,,板塔结合,135 万,9436 元,0,,24天以前发布,VR看装修 | 房本满五年 | 随时看房,https://hui.lianjia.com/ershoufang/105122323602.html
富盈公馆前排无遮挡，楼层视野好，居住舒服,"富盈公馆三期 , 马安",3室2厅,102.03平米,南,,高楼层(共31层) ,,板塔结合,66 万,6469 元,0,,,VR看装修 | 房本满两年 | 随时看房,https://hui.lianjia.com/ershoufang/105119795010.html
临深片区，双地铁口，3房2厅2卫出售,"安罝小区 , 西区新寮",3室2厅,120.4平米,南,毛坯,32层 ,,板塔结合,68 万,5648 元,0,,,VR看装修 | 随时看房,https://hui.lianjia.com/ershoufang/105116956729.html
小区绿化面积大，住着舒心舒服，看房方便,"金宝城市佳园 , 惠环",2室2厅,80.54平米,南 北,简装,高楼层(共18层) ,,板塔结合,38 万,4719 元,0,,,VR房源,https://hui.lianjia.com/ershoufang/105121584707.html
金城广场，朝南户型急售，方正采光好，佳兆业旁,"金城广场君华府 , 江北",3室2厅,125平米,西北,精装,高楼层(共30层) ,,板楼,68 万,5440 元,2,,,VR房源 | 房本满五年,https://hui.lianjia.com/ershoufang/105115849363.html
中海阅江府二期电梯毛坯三房两卫 价格实惠随时看房,"中海阅江府2期 , 东江新城",3室2厅,98.77平米,南,毛坯,低楼层(共27层) ,,板楼,72 万,7290 元,1,,,VR看装修 | 房本满两年 | 随时看房,https://hui.lianjia.com/ershoufang/105121575400.html
好楼层，全新毛坯，采光视野好，50米妇幼保健院,"德明华府 , 河南岸",3室2厅,113.21平米,南,毛坯,32层 ,,板塔结合,78 万,6890 元,1,,16天以前发布,VR房源 | 房本满五年 | 随时看房,https://hui.lianjia.com/ershoufang/105122390068.html
房子装修新诚心出售，采光通风好，4房2卫,"花样年别样城五期 , 新行政区",4室2厅,94.86平米,东南,精装,32层 ,,板塔结合,73 万,7696 元,71,,,VR看装修 | 房本满五年 | 随时看房,https://hui.lianjia.com/ershoufang/105113905110.html
产权清晰，诚心出售，临深，户型方正,"壹方水榭 , 白云新城",4室2厅,110平米,南 北,毛坯,中楼层(共30层) ,,板塔结合,66 万,6000 元,1,,,VR看装修 | 房本满两年 | 随时看房,https://hui.lianjia.com/ershoufang/105118361480.html
新城四房两卫，业主急售，看中可谈,"新城·金樾江南 , 博罗中心区",4室2厅,123.63平米,南 北,毛坯,低楼层(共30层) ,,塔楼,40 万,3236 元,0,,10天以前发布,VR房源 | 房本满两年 | 随时看房,https://hui.lianjia.com/ershoufang/105122457423.html
星河盛世实用四房无欠款美女业主房子诚心出售,"惠州星河盛世 , 白云新城",4室2厅,89.92平米,南,毛坯,30层 ,,塔楼,59 万,6562 元,1,,,VR房源 | 房本满两年 | 随时看房,https://hui.lianjia.com/ershoufang/105119686564.html
阳光新苑 3室2厅 东南,"阳光新苑 , 水口",3室2厅,89.67平米,东南,精装,高楼层(共17层) ,,板塔结合,75 万,8365 元,0,,18天以前发布,VR看装修 | 房本满五年,https://hui.lianjia.com/ershoufang/105122367297.html
壹城5期大花园4房南北通，中间楼层，业主诚心卖,"壹城中心1区 , 陈江",4室2厅,113.95平米,南 北,毛坯,中楼层(共32层) ,,塔楼,87 万,7635 元,0,,,VR看装修 | 房本满两年 | 随时看房,https://hui.lianjia.com/ershoufang/105121130499.html
一期好位置 中间好楼层 户型方正实用 随时看房,"中洲河谷花园 , 新行政区",4室2厅,107.24平米,东南,毛坯,高楼层(共32层) ,,板塔结合,53.8 万,5017 元,1,,,VR看装修 | 随时看房,https://hui.lianjia.com/ershoufang/105116984479.html
60栋大社区  惠阳汽车站旁 交通方便,"花样年别样城五期 , 新行政区",5室2厅,119.74平米,东南 东北,毛坯,32层 ,,板塔结合,69.8 万,5830 元,0,,,VR看装修 | 房本满五年 | 随时看房,https://hui.lianjia.com/ershoufang/105117735950.html
此房精装修 原购价格高 无个税！看小区喷泉,"恒大依山海湾 , 澳头",4室2厅,117.68平米,南 北,精装,中楼层(共32层) ,,板塔结合,73.8 万,6272 元,2,,,VR看装修 | 房本满两年,https://hui.lianjia.com/ershoufang/105116886140.html
中间楼层景观好居住舒适适合小年轻或是长者,"龙光城南一期 , 龙光城",1室1厅,41.36平米,东南,精装,28层 ,,板塔结合,30 万,7254 元,1,,,VR房源 | 房本满五年,https://hui.lianjia.com/ershoufang/105120877523.html
地跌口的位置，格局好，采光好，人流量密集,"锦江海悦中心 , 草洋新区",5室2厅,115.42平米,南 北,毛坯,29层 ,,板塔结合,69 万,5979 元,0,,,VR看装修 | 房本满两年 | 随时看房,https://hui.lianjia.com/ershoufang/105117300728.html
临深2.5公里，深圳通勤方便，大户型适合居家,"珠江四季悦城二期 , 西区新寮",4室2厅,134.72平米,南,精装,33层 ,,塔楼,92 万,6829 元,0,,,VR看装修 | 房本满两年 | 随时看房,https://hui.lianjia.com/ershoufang/105120771555.html
汇港城旁，业主自住装修，保养好，3房2卫，朝南向。,"花伴里花园 , 惠环",3室2厅,95.96平米,南,精装,低楼层(共26层) ,,塔楼,53 万,5524 元,0,,21天以前发布,VR房源 | 房本满五年,https://hui.lianjia.com/ershoufang/105122346163.html
小区环境很好绿化优美 户型方正采光好 精装拎包入住,"海景城 , 澳头",4室2厅,120.47平米,东南,精装,33层 ,,板塔结合,85 万,7056 元,0,,,VR看装修 | 房本满五年 | 随时看房,https://hui.lianjia.com/ershoufang/105120513131.html
业主红本无欠款. 朝南看花园，楼间距宽视野好,"龙光城北八期 , 龙光城",4室2厅,97.53平米,南,精装,17层 ,,板塔结合,89.8 万,9208 元,0,,30天以前发布,VR看装修 | 房本满五年,https://hui.lianjia.com/ershoufang/105122265769.html
小区高档 绿化环境好 精装修 原购价高 少税费,"合生滨海城 , 澳头",4室2厅,161.97平米,南 北,,31层 ,,板塔结合,86 万,5310 元,0,,,VR房源 | 房本满五年 | 随时看房,https://hui.lianjia.com/ershoufang/105121675650.html
精挑细选好房隆生鹿江花园大四房正入户高层视野采光好,"隆生鹿江花园 , 马安",4室2厅,127.36平米,西南,毛坯,高楼层(共32层) ,,塔楼,137 万,10757 元,1,,,VR看装修 | 随时看房,https://hui.lianjia.com/ershoufang/105120674987.html
新城香悦澜山 楼层好视野好 业主诚意出售,"新城香悦澜山 , 博罗中心区",4室2厅,127.98平米,南 北,,中楼层(共33层) ,,板塔结合,51 万,3985 元,0,,,VR看装修 | 随时看房,https://hui.lianjia.com/ershoufang/105116997022.html
欢洋苑 3室2厅 南 北,"欢洋苑 , 开城大润发",3室2厅,79.7平米,南 北,,8层 ,,板塔结合,28 万,3514 元,0,,28天以前发布,VR看装修 | 房本满五年 | 随时看房,https://hui.lianjia.com/ershoufang/105122289859.html
壹城11期24年交楼次新小区南北通四房户型好楼层,"壹城中心11区 , 陈江",4室2厅,113平米,南 北,毛坯,中楼层(共32层) ,,塔楼,88.8 万,7859 元,0,,,VR看装修 | 随时看房,https://hui.lianjia.com/ershoufang/105121579642.html
方直东岸全湖景南北通户型 长阳台，楼层靓,"方直东岸 , 河南岸",4室2厅,125平米,南,毛坯,32层 ,,板塔结合,178 万,14240 元,0,,,VR看装修 | 房本满五年 | 随时看房,https://hui.lianjia.com/ershoufang/105121973256.html
楼层好 前看花园泳池后看河 视野开阔,"保利阳光城四期 , 白云新城",3室2厅,102.31平米,南 北,毛坯,31层 ,,板塔结合,62 万,6061 元,0,,,VR看装修 | 房本满两年 | 随时看房,https://hui.lianjia.com/ershoufang/105121948824.html
高duan大社区 税费少 户型方正 朝南 采光通风好,"恒大紫荆学府棕榈岛 , 白云新城",3室2厅,90.89平米,东南,精装,低楼层(共25层) ,,板塔结合,55 万,6052 元,3,,,VR看装修 | 房本满五年 | 随时看房,https://hui.lianjia.com/ershoufang/105120132317.html
仲恺成熟商圈龙湖一级物业，南北通双阳台大四房中高层,"华廷悦府 , 陈江",4室2厅,108.5平米,南 北,,中楼层(共31层) ,,板塔结合,85 万,7835 元,0,,,VR房源 | 随时看房,https://hui.lianjia.com/ershoufang/105114201826.html
西区五小旁边仁和美地花园、南北通四房诚心出售价可谈,"仁和美地家园 , 吾悦广场",4室2厅,115.91平米,南,毛坯,32层 ,,板塔结合,67 万,5781 元,3,,,VR看装修 | 随时看房,https://hui.lianjia.com/ershoufang/105120150136.html
惠阳繁华地段 漂亮一房  拎包入住,"中豪国际 , 区政府",1室0厅,48.28平米,南,精装,20层 ,,板塔结合,13.8 万,2859 元,1,,,VR看装修 | 房本满五年 | 随时看房,https://hui.lianjia.com/ershoufang/105121087034.html
半山豪庭 精装出售 生活便利 环境好,"半山豪庭 , 博罗中心区",3室2厅,83.58平米,南,精装,高楼层(共19层) ,,塔楼,45 万,5385 元,0,,,VR房源 | 房本满五年 | 随时看房,https://hui.lianjia.com/ershoufang/105120805761.html
2020交房 次新小区 实用户型 看湖景 视野无遮挡,"星河丹堤S2区 , 南站新城",4室2厅,106.39平米,南,毛坯,低楼层(共33层) ,,板塔结合,120 万,11280 元,0,,,VR看装修 | 房本满两年 | 随时看房,https://hui.lianjia.com/ershoufang/105119437358.html
中山大学附属惠亚医院 带装修小两房随时可以看 急售,"听涛雅苑 , 大亚湾中心区",2室2厅,46.58平米,东,精装,11层 ,,板塔结合,20.6 万,4423 元,10,,,VR房源 | 随时看房,https://hui.lianjia.com/ershoufang/105117297978.html
金山湖，精装三房，带租约出售，看房提前预约！,"美地花园城 , 河南岸",3室2厅,102.43平米,南,精装,高楼层(共30层) ,,塔楼,65 万,6346 元,2,,,VR看装修 | 房本满五年,https://hui.lianjia.com/ershoufang/105118853779.html
荷兰小城好楼层，房子采光通风好，视野开阔，居住舒服,"光耀荷兰小城 , 陈江",3室1厅,97.51平米,南,毛坯,28层 ,,板塔结合,43 万,4410 元,0,,,VR房源 | 房本满五年 | 随时看房,https://hui.lianjia.com/ershoufang/105121153564.html
小区高绿化，花园中间安静，，楼栋高低搭配采光,"德丰·五月花花园 , 西区新寮",3室2厅,96平米,北,,17层 ,,板塔结合,67 万,6980 元,0,,20天以前发布,VR房源,https://hui.lianjia.com/ershoufang/105122347616.html
全新精准大2房拎包入住月供1K定金1万家门口书抱,"华龙花园 , 水口",3室1厅,60.08平米,南,,8层 ,,板塔结合,18 万,2997 元,1,,,VR看装修 | 房本满五年,https://hui.lianjia.com/ershoufang/105120840130.html
中锴华章 花园中间 标准四房 好楼层,"中锴·华章 , 河南岸",4室2厅,132平米,南 北,毛坯,低楼层(共27层) ,,塔楼,110 万,8334 元,0,,9天以前发布,VR房源 | 房本满五年,https://hui.lianjia.com/ershoufang/105122476182.html
真实出售 业主诚心出售 能让你发家致富,"鹏达丽水湾 , 下角",3室2厅,96.35平米,东南,简装,中楼层(共27层) ,,板塔结合,77 万,7992 元,0,,,VR看装修 | 房本满五年 | 随时看房,https://hui.lianjia.com/ershoufang/105122148642.html
首 付6万买套海景2房轻松上车，楼下有市场绿道，成熟,"碧桂园.十里银滩.海逸湾北区 , 十里银滩",2室2厅,66.97平米,南,精装,30层 ,,板塔结合,29.1 万,4346 元,2,,,VR房源 | 房本满五年 | 随时看房,https://hui.lianjia.com/ershoufang/105120468607.html
翡翠山东南向大三房，房本无欠款交易快，价格可谈,"翡翠山城君御 , 万达",3室2厅,95.75平米,东南 南,精装,34层 ,,板塔结合,96 万,10027 元,3,,,VR看装修 | 房本满两年 | 随时看房,https://hui.lianjia.com/ershoufang/105113472870.html
临深带大平台的精装五房，业主无欠款套现出售,"壹方天第 , 白云新城",5室2厅,132.72平米,南 北,精装,34层 ,,板塔结合,94.5 万,7121 元,0,,,VR看装修 | 房本满两年 | 随时看房,https://hui.lianjia.com/ershoufang/105117834082.html
临深大盘安静舒适精装修三房 户型通透,"卓越东部蔚蓝海岸八期 , 西区新寮",3室1厅,98平米,南,精装,中楼层(共33层) ,,板塔结合,103 万,10511 元,0,,,VR看装修 | 随时看房,https://hui.lianjia.com/ershoufang/105118770385.html
大亚湾，亚迪二村，大4房，业主诚心卖，高楼层,"亚迪二村一区 , 澳头",4室2厅,146.16平米,南,,32层 ,,板塔结合,56 万,3832 元,1,,,VR看装修 | 房本满五年 | 随时看房,https://hui.lianjia.com/ershoufang/105121014359.html
美丽洲毛坯三房 小高层采光好视野好,"美丽洲 , 马安",3室2厅,97.99平米,南 北,,高楼层(共16层) ,,塔楼,73 万,7450 元,0,,8天以前发布,VR房源 | 房本满两年 | 随时看房,https://hui.lianjia.com/ershoufang/105122482690.html
朝南看花园，无欠款 ，次新小区，环境优美，户型好,"新华联广场 , 大亚湾中心区",3室2厅,95.84平米,南,毛坯,34层 ,,板塔结合,49.9 万,5207 元,1,,,VR看装修 | 房本满两年 | 随时看房,https://hui.lianjia.com/ershoufang/105121272933.html
急售次新房大社区环境好安静视野开阔户型方正,"新华联广场 , 大亚湾中心区",3室2厅,95.6平米,南,毛坯,34层 ,,板塔结合,49 万,5126 元,1,,,VR看装修 | 房本满两年 | 随时看房,https://hui.lianjia.com/ershoufang/105121704028.html
万达益田商圈大四房业主诚心急卖,"恒鑫御园 , 万达",4室2厅,129.08平米,东南 南,毛坯,32层 ,,塔楼,76 万,5888 元,0,,,VR看装修 | 房本满五年 | 随时看房,https://hui.lianjia.com/ershoufang/105121989066.html
保华铂郡毛坯四房，南北朝向双阳台，看房有钥匙。,"保华铂郡 , 河南岸",4室2厅,132.07平米,东南,毛坯,23层 ,,塔楼,165 万,12494 元,0,,,VR看装修 | 随时看房,https://hui.lianjia.com/ershoufang/105121708218.html
房子南北通透，视野好，业主自住装修，保养好，,"太东星河丹堤天睿北区 , 吾悦广场",5室1厅,127平米,南 北,,34层 ,,板塔结合,112 万,8819 元,3,,,VR房源 | 房本满五年,https://hui.lianjia.com/ershoufang/105121909717.html
万达商圈 花千树 精装三房  业主诚意出售,"花千树一期 , 吾悦广场",3室2厅,86.9平米,南,,15层 ,,板塔结合,34 万,3913 元,3,,,VR看装修 | 房本满五年 | 随时看房,https://hui.lianjia.com/ershoufang/105122219337.html
低楼层，带家私家电，朝南看花园,"碧桂园太东公园上城 , 吾悦广场",3室1厅,95.7平米,南,精装,32层 ,,板塔结合,67 万,7002 元,1,,,VR看装修 | 房本满五年 | 随时看房,https://hui.lianjia.com/ershoufang/105121777557.html
铂金广场，装修没住过，大三房诚意卖,"铂金广场 , 区政府",3室1厅,98.57平米,南 北,,中楼层(共31层) ,,板塔结合,69 万,7001 元,2,,,VR房源 | 房本满五年 | 随时看房,https://hui.lianjia.com/ershoufang/105118745152.html
小区环境舒适交通方便，有车站，市场。,"罗浮公馆 , 博罗中心区",4室2厅,126平米,西南,精装,32层 ,,板塔结合,65.7 万,5215 元,0,,,VR看装修 | 房本满五年 | 随时看房,https://hui.lianjia.com/ershoufang/105122069599.html
楼层好，采光充足，朝西南，视野开阔,"牧云溪谷二期云尚 , 新圩",3室1厅,86.12平米,西南,毛坯,33层 ,,塔楼,83 万,9638 元,0,,,VR房源 | 房本满五年 | 随时看房,https://hui.lianjia.com/ershoufang/105118001478.html
14号快线，不临街，看花园，全新没住过,"龙光城北五期 , 龙光城",3室2厅,91.88平米,南,精装,32层 ,,板塔结合,98 万,10667 元,0,,,VR看装修 | 房本满两年 | 随时看房,https://hui.lianjia.com/ershoufang/105120760017.html
中空假复式 小三房 高层配套设施齐全楼下就是绿道。,"碧桂园十里银滩海悦湾 , 十里银滩",3室1厅,67平米,东北,,30层 ,,板塔结合,28 万,4180 元,0,,17天以前发布,VR房源 | 随时看房,https://hui.lianjia.com/ershoufang/105122386383.html
南贸花园三期 3室2厅 东南,"南贸花园三期 , 水口",3室2厅,87.79平米,东南,精装,中楼层(共22层) ,,塔楼,75 万,8544 元,0,,,VR看装修 | 随时看房,https://hui.lianjia.com/ershoufang/105121995384.html
国企振业百万大盘，西南景观好价格便宜，方便看房,"惠阳振业城 , 三和经济开发区",2室2厅,72.74平米,西南,毛坯,中楼层(共33层) ,,,30 万,4125 元,0,,,VR看装修 | 房本满五年 | 随时看房,https://hui.lianjia.com/ershoufang/105120243313.html
好楼层采光好边位没遮挡，门正不歪,"中骏雍景湾北区 , 河南岸",4室1厅,116平米,南,,低楼层(共33层) ,,塔楼,115 万,9914 元,0,,,VR房源 | 房本满五年 | 随时看房,https://hui.lianjia.com/ershoufang/105120590005.html
三房朝南，中间楼层  有钥匙随时可以看房,"光耀荷兰小城 , 陈江",3室1厅,82.76平米,北,毛坯,中楼层(共33层) ,,板塔结合,43 万,5196 元,0,,,VR看装修 | 随时看房,https://hui.lianjia.com/ershoufang/105120681276.html
半山华庭电梯大两房  滨海公园旁 业主诚心出售,"半山华庭 , 澳头",2室2厅,73.38平米,南,毛坯,27层 ,,板塔结合,24 万,3271 元,5,,,VR看装修 | 房本满五年 | 随时看房,https://hui.lianjia.com/ershoufang/105120966653.html
大小 区环境好 楼层好 视野宽阔，交通便利,"新华联广场 , 大亚湾中心区",2室2厅,101.39平米,南,毛坯,32层 ,,板塔结合,40 万,3946 元,1,,,VR看装修 | 房本满五年 | 随时看房,https://hui.lianjia.com/ershoufang/105118009167.html
金山湖东部德威朗琴湾，生活配套齐全！,"德威朗琴湾 , 东江新城",3室2厅,103.52平米,南,精装,低楼层(共18层) ,,板塔结合,109.8 万,10607 元,0,,,VR看装修 | 房本满五年 | 随时看房,https://hui.lianjia.com/ershoufang/105122092213.html
房子精装修户型方正全屋木地板满五税费少,"亚迪二村二区 , 澳头",4室2厅,131.56平米,东南,精装,32层 ,,板塔结合,60 万,4561 元,0,,13天以前发布,VR房源 | 房本满五年 | 随时看房,https://hui.lianjia.com/ershoufang/105122422514.html
急售！五月花花园，深圳14号线沙田地铁口物业,"德丰·五月花花园 , 西区新寮",2室2厅,80平米,南,精装,17层 ,,塔楼,48 万,6000 元,0,,,VR看装修,https://hui.lianjia.com/ershoufang/105118401792.html
麦迪新村一房一厅急售，楼层低，首付低。,"麦迪新村 , 麦地",1室1厅,29.67平米,东南,简装,10层 ,,塔楼,19.2 万,6472 元,0,,,VR房源 | 房本满五年 | 随时看房,https://hui.lianjia.com/ershoufang/105119676098.html
两梯三户，豪 华装修，满五年税费低，带车位,"海惠花园一区 , 吾悦广场",3室2厅,119.8平米,南,精装,18层 ,,塔楼,73 万,6094 元,14,,,VR看装修 | 房本满五年 | 随时看房,https://hui.lianjia.com/ershoufang/105106738040.html
临深百万大盘，金地小区，近地铁次新小区，业主诚心出,"金地天润自在城二期 , 西区新寮",3室2厅,85.94平米,南,精装,33层 ,,板塔结合,73 万,8495 元,0,,,VR看装修 | 房本满两年 | 随时看房,https://hui.lianjia.com/ershoufang/105119849835.html
视野好，采光充足，楼层好，户型格局靓,"沣盛凤凰城 , 惠东县城",3室2厅,101.43平米,东南 南,毛坯,17层 ,,板塔结合,40.5 万,3993 元,0,,,VR看装修 | 房本满五年 | 随时看房,https://hui.lianjia.com/ershoufang/105119878490.html
精装修拎包可入住，朝南户型好，首付低，有钥匙看房,"御景花园南区 , 下角",2室1厅,54.66平米,南,精装,16层 ,,板塔结合,45 万,8233 元,0,,,VR看装修 | 房本满五年 | 随时看房,https://hui.lianjia.com/ershoufang/105121351737.html
惠州仲恺高新区，高铁站旁边物业！,"奥园尚雅花园二期 , 潼侨沥林",4室2厅,104.03平米,南 北,毛坯,中楼层(共32层) ,,板塔结合,43 万,4134 元,0,,,VR房源 | 房本满两年 | 随时看房,https://hui.lianjia.com/ershoufang/105121248672.html
此房满五唯一 高楼层，视野宽阔，采光充足,"亚迪二村二区 , 澳头",3室1厅,115平米,南,精装,32层 ,,塔楼,45 万,3914 元,1,,,VR房源 | 房本满五年 | 随时看房,https://hui.lianjia.com/ershoufang/105120720680.html
急卖，星河品牌，三房，好楼层，你意向不到的价格,"惠州星河盛世 , 白云新城",3室2厅,74.02平米,东南,毛坯,高楼层(共33层) ,,板塔结合,45 万,6080 元,0,,,VR看装修 | 房本满两年 | 随时看房,https://hui.lianjia.com/ershoufang/105116452393.html
装修大2房。随时看房，地铁口物业,"德洲城三、四期 , 西区新寮",2室2厅,81.13平米,南,毛坯,18层 ,,板塔结合,42.8 万,5276 元,4,,,VR看装修 | 房本满五年,https://hui.lianjia.com/ershoufang/105116368380.html
高层朝南精装修采光好，看房方便,"丽格国际公寓 , 江北",1室1厅,42.5平米,南,简装,30层 ,,塔楼,32 万,7530 元,0,,,VR房源 | 随时看房,https://hui.lianjia.com/ershoufang/105120552618.html
龙光城南四期五房，业主诚心出售,"龙光城南四期 , 龙光城",5室2厅,114.65平米,东 北,简装,34层 ,,塔楼,106 万,9246 元,1,,,VR看装修,https://hui.lianjia.com/ershoufang/105120884341.html
惠阳站，一房一厅，近天虹大润发,"百润基银座 , 开城大润发",1室1厅,46.93平米,东北,简装,20层 ,,板楼,15.5 万,3303 元,2,,,VR房源 | 房本满五年,https://hui.lianjia.com/ershoufang/105120479881.html
御景花园3房2厅 精装修，看房有钥匙，带个小露台，,"御景花园南区 , 下角",3室2厅,86.89平米,西北,精装,24层 ,,板塔结合,72 万,8287 元,0,,,VR房源 | 房本满五年 | 随时看房,https://hui.lianjia.com/ershoufang/105120962268.html
左岸春天一期 2室1厅 南,"左岸春天一期 , 开城大润发",2室1厅,54平米,南,精装,12层 ,,板塔结合,26 万,4815 元,1,,,VR看装修,https://hui.lianjia.com/ershoufang/105120959078.html
此新房中高楼层，实用率高，业主诚意出售,"天润嘉园 , 西区新寮",4室2厅,94.77平米,南,毛坯,29层 ,,板塔结合,55 万,5804 元,0,,,VR看装修 | 房本满两年 | 随时看房,https://hui.lianjia.com/ershoufang/105121970096.html
此小区次新小区 小区绿化高采 光好户型方正看园林。,"悦璟华庭 , 惠环",3室2厅,94平米,东 南,精装,高楼层(共33层) ,,板塔结合,59 万,6277 元,0,,,VR房源 | 随时看房,https://hui.lianjia.com/ershoufang/105120127383.html
次新盘汇显泰华园、轻奢风靓装9.9成新、含子母车位,"汇显城市公园 , 汝湖",5室2厅,129.72平米,南,精装,27层 ,,板楼,119 万,9174 元,0,,,VR看装修,https://hui.lianjia.com/ershoufang/105121503987.html
万达商圈，吾悦广场旁，户型方正，毛坯急售,"明华花园 , 吾悦广场",4室2厅,108.01平米,东北,毛坯,16层 ,,塔楼,57 万,5278 元,1,,,VR看装修 | 房本满五年 | 随时看房,https://hui.lianjia.com/ershoufang/105118249212.html
三远大爱城 3室2厅 南,"三远大爱城 , 吾悦广场",3室2厅,88.07平米,南,毛坯,32层 ,,板塔结合,49.5 万,5621 元,2,,,VR看装修 | 房本满五年 | 随时看房,https://hui.lianjia.com/ershoufang/105119156428.html
临深精装两房，品质物业，生活配套方便，业主诚售可聊,"碧桂园太东·蜜柚 , 西区新寮",2室1厅,60.12平米,南,精装,33层 ,,塔楼,40.5 万,6737 元,4,,,VR房源 | 随时看房,https://hui.lianjia.com/ershoufang/105120527501.html
临深次新品质小区！全新奶油风装修！拎包即可入住,"丰谷天玺 , 龙光城",3室1厅,85.53平米,南,精装,29层 ,,塔楼,73 万,8536 元,0,,,VR看装修 | 随时看房,https://hui.lianjia.com/ershoufang/105121694697.html
大社区成熟片区，绿化环境空气好生活便利，鹿江公园,"隆生皇冠花园 , 水口",4室2厅,142.72平米,南,精装,32层 ,,塔楼,129 万,9039 元,0,,,VR房源,https://hui.lianjia.com/ershoufang/105121907738.html
装修三房 大社区 适合居住 好楼层 看花园,"海伦堡院子 , 水口",3室2厅,104.02平米,南,,高楼层(共25层) ,,板塔结合,60 万,5769 元,0,,,VR看装修 | 房本满五年,https://hui.lianjia.com/ershoufang/105118440657.html
中海阅江二期 中高楼层 全新精装修 拎包入住 有钥匙,"中海阅江府2期 , 东江新城",4室2厅,119.52平米,东南,精装,高楼层(共27层) ,,板楼,125 万,10459 元,0,,,VR看装修 | 房本满两年 | 随时看房,https://hui.lianjia.com/ershoufang/105121202656.html
中建物业  中天彩虹城3室  业主诚心出售  看房方便,"中天彩虹城北区 , 开城大润发",3室2厅,118平米,南,精装,28层 ,,板楼,66 万,5594 元,0,,,VR房源,https://hui.lianjia.com/ershoufang/105119953551.html
户型方正，楼层好，采光视野可以,"新际首座 , 大亚湾中心区",1室1厅,54平米,西南,简装,28层 ,,板塔结合,20 万,3704 元,3,,,VR看装修 | 随时看房,https://hui.lianjia.com/ershoufang/105120391124.html
满五唯一，视野宽阔，采光充足，配套齐全，交通便利,"江湾南岸二期 , 江北",4室2厅,149.33平米,南,毛坯,低楼层(共39层) ,,板塔结合,175 万,11720 元,0,,,VR看装修 | 随时看房,https://hui.lianjia.com/ershoufang/105116717682.html
万达商圈次新房，业主诚心出售，精品小两房,"瑞禧园 , 万达",2室2厅,52.63平米,东,毛坯,低楼层(共33层) ,,板塔结合,45 万,8551 元,8,,,VR看装修 | 随时看房,https://hui.lianjia.com/ershoufang/105120500625.html
鑫月城三房东西通精装旁边就是体育馆轻轨物业,"鑫月御景湾 , 陈江",3室2厅,88平米,东 西,精装,28层 ,,塔楼,55 万,6250 元,1,,,VR房源 | 房本满五年 | 随时看房,https://hui.lianjia.com/ershoufang/105118144003.html
恒安绿园二房诚心卖，户型方正，满五唯一,"恒安绿园 , 吾悦广场",2室1厅,80.64平米,南,简装,18层 ,,板塔结合,38 万,4713 元,2,,,VR看装修 | 房本满五年 | 随时看房,https://hui.lianjia.com/ershoufang/105118380325.html
保利央企 温馨 3房2厅2卫 近公园 近商圈 交通便利,"保利鹿江来 , 水口",3室2厅,95.73平米,东南,毛坯,中楼层(共27层) ,,板塔结合,78 万,8148 元,1,,,VR看装修 | 房本满两年 | 随时看房,https://hui.lianjia.com/ershoufang/105116258439.html
梵高的海 46平一室 单边位 明窗 居住舒适,"小径海岸城花园 , 霞涌",1室1厅,47.95平米,西南,简装,30层 ,,板楼,19.8 万,4130 元,1,,,VR房源 | 房本满两年 | 随时看房,https://hui.lianjia.com/ershoufang/105120789474.html
东江学府一期，大4房南北通，花园中间安静不吵,"东江学府一期 , 河南岸",4室2厅,159平米,南,精装,中楼层(共6层) ,,板楼,99 万,6227 元,0,,,VR房源 | 随时看房,https://hui.lianjia.com/ershoufang/105122118536.html
次新小区 碧桂园揽月居 精装4房2卫 南北通户型,"碧桂园揽月居 , 水口",4室2厅,115.05平米,南,精装,低楼层(共25层) ,,板塔结合,72 万,6259 元,0,,,VR看装修 | 随时看房,https://hui.lianjia.com/ershoufang/105121111768.html
全新装修南北通透双阳台，满五唯一，户型方正视野宽阔,"康城四季棕榈园 , 惠环",3室2厅,84.47平米,南 北,精装,18层 ,,塔楼,55 万,6512 元,0,,,VR看装修 | 房本满五年,https://hui.lianjia.com/ershoufang/105122004580.html
百万大盘万达益田城市综合体精装三房价格可谈,"翡翠山城君御 , 万达",3室2厅,104.61平米,南,精装,34层 ,,板塔结合,87 万,8317 元,0,,,VR看装修 | 房本满五年 | 随时看房,https://hui.lianjia.com/ershoufang/105116448118.html
富盈公馆，精装修2房，业主保养的很好,"富盈公馆一期 , 马安",2室1厅,66.56平米,南,精装,20层 ,,板楼,54.8 万,8234 元,0,,,VR看装修 | 房本满五年,https://hui.lianjia.com/ershoufang/105121709352.html
天啊 没有看过这么好的房子   快来呀,"东湖花园九区 , 东平",3室1厅,133平米,西,精装,中楼层(共35层) ,,板塔结合,156 万,11730 元,0,,,VR房源 | 随时看房,https://hui.lianjia.com/ershoufang/105119319312.html
碧桂园盛汇3房   生活配套 交通便利 装修好,"碧桂园盛汇 , 龙丰",3室2厅,96.06平米,东南,精装,高楼层(共33层) ,,塔楼,73.8 万,7683 元,0,,,VR看装修 | 房本满五年 | 随时看房,https://hui.lianjia.com/ershoufang/105118226515.html
西江花园安静不吵东南向3房业主,"隆生西江花园 , 东江新城",3室2厅,119.33平米,东南,毛坯,低楼层(共32层) ,,塔楼,126 万,10559 元,0,,,VR看装修 | 房本满两年 | 随时看房,https://hui.lianjia.com/ershoufang/105122092225.html
华侨城 喜洲 双阳台 大社区 中芯  江景房,"喜洲一期 , 惠东县城",4室2厅,136平米,西南,毛坯,17层 ,,板塔结合,95 万,6986 元,0,,,VR看装修 | 房本满两年 | 随时看房,https://hui.lianjia.com/ershoufang/105120161893.html
环境优美，配套齐全，适合居住    百万别墅大盘,"半岛1号五期 , 白云新城",3室2厅,106.91平米,南,毛坯,24层 ,,板塔结合,75 万,7016 元,0,,,VR看装修 | 房本满五年 | 随时看房,https://hui.lianjia.com/ershoufang/105120204579.html
房子满五年，产权清晰，业主外地发展打算出售,"冠华城桂香园 , 西区新寮",4室2厅,101.4平米,南 北,毛坯,20层 ,,板塔结合,69 万,6805 元,1,,,VR房源 | 随时看房,https://hui.lianjia.com/ershoufang/105120461189.html
环境好    安静舒适   配套完善,"宝安山水龙城 , 水口",3室2厅,104平米,南,,高楼层(共27层) ,,塔楼,80 万,7693 元,0,,,VR看装修 | 随时看房,https://hui.lianjia.com/ershoufang/105114254389.html
海惠花园二区中间楼层看花园，交通便利，配套齐全,"海惠花园二区 , 吾悦广场",3室2厅,109.64平米,南,精装,18层 ,,塔楼,61 万,5564 元,2,,,VR看装修 | 房本满五年 | 随时看房,https://hui.lianjia.com/ershoufang/105121141102.html
业主急售 朝南大阳台视野好 家私家电齐全精装修,"中兴佳苑 , 大亚湾中心区",1室1厅,51.4平米,南,简装,26层 ,,塔楼,23 万,4475 元,0,,21天以前发布,VR看装修 | 房本满五年 | 随时看房,https://hui.lianjia.com/ershoufang/105122344707.html
万丽苑精装3房采光好使用率高.,"万丽苑 , 水口",3室2厅,99.31平米,南,精装,中楼层(共21层) ,,板塔结合,70 万,7049 元,0,,29天以前发布,VR看装修 | 房本满两年,https://hui.lianjia.com/ershoufang/105122276281.html
万达吾悦益田商场为邻  南 北 通 透  视野好,"金汇上元 , 万达",4室2厅,111.3平米,南 北,毛坯,26层 ,,塔楼,62 万,5571 元,2,,,VR房源 | 随时看房,https://hui.lianjia.com/ershoufang/105116895935.html
高楼层，视野开阔采光好，诚心出售.,"汇显城市公园 , 汝湖",3室2厅,85.49平米,南,毛坯,27层 ,,板楼,55 万,6434 元,0,,,VR看装修 | 房本满两年 | 随时看房,https://hui.lianjia.com/ershoufang/105122095304.html
新力城的房子户型好，光线好，住家很舒服。,"新力城三期 , 水口",3室2厅,89.77平米,东南 南,,中楼层(共32层) ,,板楼,60 万,6684 元,1,,,VR看装修 | 随时看房,https://hui.lianjia.com/ershoufang/105119084073.html
精装修，三房两卫，中间楼层，户型方正，保养好,"金宝创业家园 , 惠环",3室2厅,106.95平米,北,精装,中楼层(共8层) ,,板楼,36.8 万,3441 元,1,,22天以前发布,VR看装修 | 房本满五年 | 随时看房,https://hui.lianjia.com/ershoufang/105122335193.html
金悦华府安静不吵3房2卫全新装修，户型方正诚意出售,"金悦华府 , 东江新城",3室1厅,93平米,南,精装,低楼层(共32层) ,,塔楼,110 万,11828 元,1,,,VR看装修 | 房本满两年 | 随时看房,https://hui.lianjia.com/ershoufang/105121577546.html
江誉城一期 江景4房 无可挑剔的视野 高层钟爱,"德威江誉城1期 , 马安",4室1厅,123平米,南,毛坯,高楼层(共32层) ,,塔楼,101 万,8212 元,0,,,VR房源 | 房本满五年 | 随时看房,https://hui.lianjia.com/ershoufang/105121789265.html
新力花园 车位充足 刚需小三居 精装可拎包入住商品房,"新力城一期 , 水口",3室2厅,89.83平米,南,精装,33层 ,,板楼,73 万,8127 元,0,,,VR看装修 | 房本满五年 | 随时看房,https://hui.lianjia.com/ershoufang/105119808077.html
双阳台小三房，户型方正，业主诚心出售,"半岛1号三期 , 白云新城",3室2厅,88.82平米,南,精装,17层 ,,板塔结合,58 万,6531 元,6,,,VR房源 | 房本满五年,https://hui.lianjia.com/ershoufang/105118323468.html
楼层高，视野光线通风好，户型方正，业主诚心出售,"清泉城市广场 , 区政府",3室2厅,91平米,南,精装,29层 ,,板塔结合,62.8 万,6902 元,2,,,VR看装修 | 房本满五年 | 随时看房,https://hui.lianjia.com/ershoufang/105115842925.html
