标题,地址,户型,面积,朝向,装修情况,层数,建造时间,楼型,总价,每平米单价,关注人数,带看次数,发布时间,标签,详情链接
"东平  东湖苑 精装2房  单价低,诚意出售","東湖苑 , 东平",2室2厅,88.23平米,西北,简装,高楼层(共18层) ,,板塔结合,38 万,4307 元,1,,,VR看装修 | 房本满五年,https://hui.lianjia.com/ershoufang/105117614021.html
惠东平山丽江东岸，精装修，中间靓楼层,"丽江东岸 , 惠东县城",4室2厅,146.46平米,南,精装,中楼层(共32层) ,,板塔结合,108 万,7375 元,0,,,VR房源,https://hui.lianjia.com/ershoufang/105121628781.html
园景大平层2梯2户南北通视野开阔好楼层满五年,"方直君御 , 东江新城",4室2厅,190.5平米,南 北,毛坯,中楼层(共24层) ,,塔楼,276 万,14489 元,0,,,VR看装修 | 房本满五年 | 随时看房,https://hui.lianjia.com/ershoufang/105119630225.html
惠州港沃尔玛商圈，学 校成熟商圈，交通便利,"金润东方公寓 , 澳头",1室1厅,38.78平米,东,简装,28层 ,,板塔结合,13.6 万,3507 元,3,,,VR看装修 | 随时看房,https://hui.lianjia.com/ershoufang/105119828250.html
背靠板樟岭公园，视野开阔，无遮挡,"公园道花园 , 比亚迪商圈",2室2厅,72.71平米,南,精装,17层 ,,板楼,33 万,4539 元,2,,,VR看装修 | 房本满五年 | 随时看房,https://hui.lianjia.com/ershoufang/105120734145.html
中间楼层，视野开阔，采光充足，配套设施全，交通便利,"家悦龙庭 , 万达",1室2厅,48.3平米,东南,毛坯,28层 ,,塔楼,29.8 万,6170 元,0,,,VR看装修 | 房本满两年 | 随时看房,https://hui.lianjia.com/ershoufang/105114957007.html
板楼户型方正实用，109平南北通双阳台，急售可谈价,"新力城一期 , 水口",3室2厅,109.28平米,南,毛坯,低楼层(共27层) ,,板楼,70 万,6406 元,0,,,VR看装修 | 房本满两年 | 随时看房,https://hui.lianjia.com/ershoufang/105120424988.html
合生大三房户型优质 无抵押 业主急售,"合生·上观国际 , 水口",3室2厅,112平米,东南,毛坯,低楼层(共18层) ,,塔楼,82 万,7322 元,0,,,VR看装修 | 随时看房,https://hui.lianjia.com/ershoufang/105121603102.html
安居乐业，全新精装，朝南三房，业主出国急售,"南站新城 , 南站新城",3室2厅,100.27平米,南,精装,31层 ,,板塔结合,82 万,8178 元,0,,,VR看装修 | 随时看房,https://hui.lianjia.com/ershoufang/105121730795.html
视野好 看房方便 花园中间位置 诚心出售,"腾韵花园 , 陈江",2室1厅,73.22平米,南,毛坯,32层 ,,板塔结合,50 万,6829 元,0,,,VR看装修 | 房本满两年 | 随时看房,https://hui.lianjia.com/ershoufang/105122110078.html
隆生品质 三梯配套 中式园林 使用率高,"隆生西江花园 , 东江新城",4室2厅,138.9平米,南,毛坯,低楼层(共32层) ,,塔楼,158 万,11376 元,0,,,VR看装修 | 随时看房,https://hui.lianjia.com/ershoufang/105117750278.html
全新精装保养好 带家私家电 格局好 楼层好 视野好,"碧桂园天骄公馆 , 马安",3室2厅,94.9平米,东南,精装,中楼层(共34层) ,,板塔结合,82 万,8641 元,49,,,VR看装修 | 随时看房,https://hui.lianjia.com/ershoufang/105117416498.html
口岸路 精装三房   业主诚意出售,"海宇·连城国际 , 麦地",3室2厅,99.66平米,东北 北,精装,低楼层(共17层) ,,板塔结合,59.8 万,6001 元,9,,,VR看装修 | 房本满五年,https://hui.lianjia.com/ershoufang/105118371719.html
看房方便视野开阔无遮挡，看园林，安静不吵,"金悦华府 , 东江新城",4室2厅,117平米,东 东南,毛坯,低楼层(共25层) ,,塔楼,108 万,9231 元,0,,,VR看装修 | 随时看房,https://hui.lianjia.com/ershoufang/105122243574.html
壹城五期 五一天虹 体育馆 天益城,"壹城中心1区 , 陈江",4室2厅,125平米,南 北,精装,中楼层(共32层) ,,塔楼,125 万,10000 元,0,,,VR看装修 | 房本满两年,https://hui.lianjia.com/ershoufang/105121672971.html
万达商圈龙光玖龙湾花园106平米四房业主诚意出售,"龙光玖龙湾 , 万达",3室2厅,106平米,南 北,,30层 ,,板塔结合,71 万,6699 元,0,,31天以前发布,VR看装修 | 随时看房,https://hui.lianjia.com/ershoufang/105122252135.html
临深 精装4房 户型方正 业主诚心出售,"华策御水花园 , 龙光城",4室2厅,125.74平米,南 北,精装,低楼层(共30层) ,,板塔结合,77 万,6124 元,2,,,VR看装修 | 随时看房,https://hui.lianjia.com/ershoufang/105121902630.html
业主急售 户型方正采光好 面积使用率高,"康汇花园 , 大亚湾中心区",3室2厅,131.77平米,南 北,,13层 ,,板塔结合,40 万,3036 元,6,,,VR看装修 | 房本满五年 | 随时看房,https://hui.lianjia.com/ershoufang/105121190057.html
万达旁边三房，视野好，业主诚心购买新物业，诚心出售,"中萃花城湾 , 万达",3室2厅,84.14平米,北,精装,17层 ,,板塔结合,63.8 万,7583 元,0,,,VR看装修 | 房本满五年 | 随时看房,https://hui.lianjia.com/ershoufang/105121102162.html
一线临深大盘隆腾盛世五房毛坯诚意出售,"隆腾盛世 , 新圩",5室2厅,129.55平米,南,,31层 ,,板塔结合,135 万,10421 元,0,,,VR看装修 | 房本满两年 | 随时看房,https://hui.lianjia.com/ershoufang/105119576577.html
视野开阔的2房2厅，业主诚意出售,"华裕居 , 惠环",2室2厅,74.44平米,北,毛坯,高楼层(共31层) ,,塔楼,30.8 万,4138 元,0,,,VR看装修 | 随时看房,https://hui.lianjia.com/ershoufang/105121781460.html
碧桂园珑誉 大四房视野好 采光通透,"碧桂园珑誉花园 , 水口",4室2厅,128平米,南 北,毛坯,高楼层(共33层) ,,塔楼,80 万,6250 元,2,,,VR看装修 | 房本满五年 | 随时看房,https://hui.lianjia.com/ershoufang/105114105561.html
成熟花园小高层，正三房，单价五千多,"丽江花园南区 , 区政府",3室2厅,106.6平米,北,简装,18层 ,,板塔结合,60 万,5629 元,0,,17天以前发布,VR房源 | 房本满五年 | 随时看房,https://hui.lianjia.com/ershoufang/105122388049.html
10分 钟到沙田站 自住装修红本在手楼栋位置好,"凯南莱弗城 , 西区新寮",4室2厅,108.88平米,南 北,精装,30层 ,,板塔结合,88 万,8083 元,0,,28天以前发布,VR看装修 | 房本满五年,https://hui.lianjia.com/ershoufang/105122285674.html
华润曦江润府 168平一线江景 总裁大平层 远眺金山湖,"曦江润府 , 东江新城",5室2厅,168.62平米,南 北,毛坯,中楼层(共33层) ,,塔楼,230 万,13641 元,0,,,VR看装修 | 房本满两年 | 随时看房,https://hui.lianjia.com/ershoufang/105121799479.html
全新四房，看花园中间楼层，惠阳临深通勤自住改善房,"深荟城一期 , 白云新城",4室2厅,135.28平米,南 北,,32层 ,,板塔结合,117.5 万,8686 元,2,,,VR看装修 | 房本满五年 | 随时看房,https://hui.lianjia.com/ershoufang/105121343912.html
中信新城C区 四房带装修  南北通透采光号  诚心出售,"中信新城C区 , 南站新城",4室2厅,116平米,南 北,精装,34层 ,,板塔结合,85 万,7328 元,0,,,VR看装修 | 房本满五年,https://hui.lianjia.com/ershoufang/105121455972.html
价格可聊 使用率高 出门就是商场,"菩提园 , 万达",8室3厅,416.7平米,南 北,毛坯,31层 ,,塔楼,260 万,6240 元,3,,,VR房源 | 房本满五年 | 随时看房,https://hui.lianjia.com/ershoufang/105120052078.html
中高楼层看湖，楼下配套齐全，背包小区！,"星河丹堤F区 , 南站新城",3室1厅,89.49平米,北,精装,34层 ,,板塔结合,79 万,8828 元,4,,,VR房源 | 随时看房,https://hui.lianjia.com/ershoufang/105119884897.html
户型方正，楼层好，视野好，配套齐全,"龙光城北十二期 , 龙光城",4室2厅,109.4平米,南 东,精装,32层 ,,板塔结合,98 万,8958 元,0,,,VR看装修 | 房本满五年 | 随时看房,https://hui.lianjia.com/ershoufang/105117562118.html
刚需实用户型，业主诚心出售，毛坯，有证，大社区,"光耀荷兰小城 , 陈江",3室2厅,80.19平米,北,毛坯,33层 ,,板塔结合,35 万,4365 元,0,,,VR看装修 | 房本满五年 | 随时看房,https://hui.lianjia.com/ershoufang/105114187200.html
海景城大4房2卫  精装带家私电器   滨海公园旁,"海景城 , 澳头",4室2厅,120.47平米,南,,33层 ,,板塔结合,70 万,5811 元,1,,,VR看装修 | 房本满五年 | 随时看房,https://hui.lianjia.com/ershoufang/105117534755.html
楼龄新，户型方正朝南，红本在手，业主诚心出售,"星河丹堤V2区 , 南站新城",3室2厅,100.1平米,南,毛坯,32层 ,,塔楼,100 万,9991 元,0,,,VR看装修 | 随时看房,https://hui.lianjia.com/ershoufang/105120433117.html
南北通三房两卫，采光好，安静，绿化舒适，生活便利。,"新力城二期 , 水口",3室2厅,117.86平米,东,毛坯,中楼层(共32层) ,,板楼,80 万,6788 元,0,,,VR看装修 | 房本满两年 | 随时看房,https://hui.lianjia.com/ershoufang/105121572991.html
正南向海景，视野开阔，户型方正，采光好，绿化高小区,"碧桂园十里银滩海悦湾 , 十里银滩",2室1厅,69.7平米,东南 南 西南,精装,30层 ,,板塔结合,29.8 万,4276 元,0,,,VR房源 | 房本满两年 | 随时看房,https://hui.lianjia.com/ershoufang/105117595023.html
户型好，价格便宜，适合居家  ，楼下有公交车站,"DADA的草地 , 大亚湾中心区",4室2厅,105.14平米,南 北,毛坯,32层 ,,板塔结合,30 万,2854 元,21,,,VR看装修 | 房本满五年 | 随时看房,https://hui.lianjia.com/ershoufang/105119491291.html
高品质大型小区、环境好，深圳与惠州交界处，楼层好,"牧云溪谷二期云尚 , 新圩",3室1厅,88.02平米,东南,精装,29层 ,,塔楼,109 万,12384 元,0,,21天以前发布,VR看装修 | 房本满五年 | 随时看房,https://hui.lianjia.com/ershoufang/105122344936.html
此房原值高，税费少  精装修 户型方正，采光好，,"荣盛御景澜湾 , 澳头",3室2厅,90.21平米,南,精装,33层 ,,板塔结合,47 万,5211 元,1,,,VR房源 | 房本满两年 | 随时看房,https://hui.lianjia.com/ershoufang/105121753359.html
中间楼层，刚需三房，采光充足，读德威,"中信水岸城7期 , 东江新城",3室2厅,88.5平米,南,毛坯,32层 ,,板塔结合,88 万,9944 元,1,,,VR看装修 | 房本满五年 | 随时看房,https://hui.lianjia.com/ershoufang/105118831535.html
房子是复式的，上下两层，已经做好阁楼,"龙光城南一期 , 龙光城",7室2厅,123.5平米,南,,30层 ,,板塔结合,93.8 万,7596 元,0,,,VR房源 | 随时看房,https://hui.lianjia.com/ershoufang/105120089929.html
山湖海上城4房2厅1卫    环境好  交通便利,"山湖海上城 , 惠东县城",4室2厅,116平米,南,精装,32层 ,,塔楼,52.8 万,4552 元,0,,,VR看装修 | 随时看房,https://hui.lianjia.com/ershoufang/105121846423.html
户型方正采光通透明亮，好楼层，东南朝向,"牧云溪谷·和悦府 , 新圩",4室2厅,115.67平米,东南,毛坯,31层 ,,板塔结合,127 万,10980 元,1,,,VR看装修 | 随时看房,https://hui.lianjia.com/ershoufang/105122081659.html
楼层好，视野开阔，采光好，通风好，税费少,"卓越东部蔚蓝海岸三期 , 西区新寮",3室2厅,84.97平米,南,毛坯,33层 ,,板塔结合,54 万,6356 元,0,,,VR看装修 | 房本满五年 | 随时看房,https://hui.lianjia.com/ershoufang/105121081211.html
名流印象3房，使用率高，可拎包入住的装修，随时看房,"名流印象 , 河南岸",3室2厅,88平米,东北,精装,中楼层(共23层) ,,板塔结合,63.8 万,7250 元,0,,,VR看装修 | 随时看房,https://hui.lianjia.com/ershoufang/105122155893.html
大亚湾，二房二厅，精装修，业主诚心卖,"当代上品湾花园 , 澳头",2室2厅,74平米,东南,精装,34层 ,,板塔结合,35 万,4730 元,0,,,VR看装修 | 房本满五年 | 随时看房,https://hui.lianjia.com/ershoufang/105121843686.html
此房满五年，小区安静，看房方便，业主诚心出售。,"德丰·五月花花园 , 西区新寮",1室1厅,31.14平米,南,精装,8层 ,,板塔结合,21 万,6744 元,0,,,VR看装修,https://hui.lianjia.com/ershoufang/105121320942.html
梵高的花园精装2房，南向看花园，楼层好，视野开阔,"梵高的花园 , 江北",2室1厅,85.14平米,南,,高楼层(共31层) ,,板塔结合,88 万,10336 元,0,,,VR房源 | 房本满两年,https://hui.lianjia.com/ershoufang/105121725366.html
乙府标准大3房，朝南安静，附带一个200平独立大露台,"隆生西江花园 , 东江新城",3室2厅,121.76平米,南,,低楼层(共28层) ,,塔楼,148 万,12156 元,0,,27天以前发布,VR房源 | 随时看房,https://hui.lianjia.com/ershoufang/105122298718.html
中信水岸城 一线江景  无遮挡  全新毛坯  通风好,"中信水岸城二三期 , 东江新城",4室2厅,170平米,南 北,毛坯,29层 ,,板楼,177 万,10412 元,2,,,VR房源 | 随时看房,https://hui.lianjia.com/ershoufang/105119799624.html
雅居乐御宾府毛坯三房业主诚意出售,"御宾府 , 龙丰",3室2厅,109平米,南 北,毛坯,高楼层(共29层) ,,塔楼,80 万,7340 元,3,,,VR看装修 | 房本满五年 | 随时看房,https://hui.lianjia.com/ershoufang/105112969723.html
鼎峰国汇山 大花园社区 精装修南北4房 视野好 安静,"鼎峰国汇山 , 江北",4室2厅,124.75平米,南,精装,低楼层(共28层) ,,板塔结合,159 万,12746 元,0,,,VR房源 | 房本满五年,https://hui.lianjia.com/ershoufang/105122106902.html
业主诚心出售 次新小区 朝南向 采光好 户型靓,"东方铂悦府 , 新行政区",3室2厅,89.79平米,东南,毛坯,29层 ,,板塔结合,60 万,6683 元,0,,,VR看装修 | 房本满两年 | 随时看房,https://hui.lianjia.com/ershoufang/105121382595.html
山姆会员店旁世纪金湖花园 小区环境安静,"世纪金湖花园 , 河南岸",4室2厅,116.79平米,南,毛坯,31层 ,,板塔结合,108 万,9248 元,0,,,VR看装修 | 随时看房,https://hui.lianjia.com/ershoufang/105113811126.html
格局方正，视野开阔，朝南 近地铁低总价买到三房,"天域花园 , 白云新城",3室2厅,71.94平米,南,毛坯,17层 ,,塔楼,32.8 万,4560 元,1,,,VR看装修 | 随时看房,https://hui.lianjia.com/ershoufang/105122148602.html
南贸花园 88平带装修三房 钥匙看房诚心出售,"南贸花园 , 水口",3室2厅,88平米,东南,,中楼层(共17层) ,,塔楼,69 万,7841 元,0,,,VR看装修 | 随时看房,https://hui.lianjia.com/ershoufang/105122150719.html
业主房子诚心出售，楼层好，方便看房,"东方铂悦府 , 新行政区",3室2厅,87.34平米,南,毛坯,32层 ,,板塔结合,61 万,6985 元,1,,,VR看装修 | 房本满两年 | 随时看房,https://hui.lianjia.com/ershoufang/105117849073.html
户型方正采光好 面积使用率高 大阳台 精装修,"中兴佳苑 , 大亚湾中心区",4室2厅,108.9平米,南 北,,26层 ,,塔楼,42 万,3857 元,1,,20天以前发布,VR看装修 | 房本满五年 | 随时看房,https://hui.lianjia.com/ershoufang/105122347998.html
儿童公园 比亚迪御蓝湾南北通毛坯四房,"御蓝湾花园 , 万达",4室2厅,101.14平米,南 北,毛坯,17层 ,,板塔结合,58 万,5735 元,2,,,VR看装修 | 房本满五年 | 随时看房,https://hui.lianjia.com/ershoufang/105115861812.html
中洲云睿府，三房，次新房，山姆会员店，金山湖医院,"中洲云睿府 , 河南岸",3室2厅,88.27平米,南,毛坯,30层 ,,塔楼,80 万,9064 元,0,,,VR看装修 | 房本满两年 | 随时看房,https://hui.lianjia.com/ershoufang/105122104828.html
户型方正，采光好，视野好，无遮挡,"听涛雅苑 , 大亚湾中心区",2室1厅,32.77平米,东,简装,7层 ,,板塔结合,19.2 万,5860 元,0,,,VR房源 | 房本满五年 | 随时看房,https://hui.lianjia.com/ershoufang/105119739112.html
马安曦江润府 3房 毛坯房 诚意出售,"曦江润府 , 东江新城",3室1厅,96.49平米,南,,中楼层(共33层) ,,塔楼,115 万,11919 元,1,,,VR看装修 | 房本满两年 | 随时看房,https://hui.lianjia.com/ershoufang/105120149116.html
红本在手无欠款、中间楼层、装修直接拎包入住,"中兴佳苑 , 大亚湾中心区",4室2厅,109.73平米,南,精装,26层 ,,塔楼,48.8 万,4448 元,1,,,VR看装修 | 房本满五年 | 随时看房,https://hui.lianjia.com/ershoufang/105114929727.html
近佳兆业 金世界花园三房 朝南采光好 小区配套成熟,"金世界花园 , 江北",3室2厅,125.44平米,南,简装,16层 ,,板塔结合,75 万,5979 元,0,,16天以前发布,VR房源 | 随时看房,https://hui.lianjia.com/ershoufang/105122389846.html
看房方便视野开阔无遮挡，看园林，安静不吵,"金悦华府 , 东江新城",4室2厅,117平米,东 东南,毛坯,低楼层(共25层) ,,塔楼,108 万,9231 元,0,,,VR看装修 | 随时看房,https://hui.lianjia.com/ershoufang/105122243574.html
一线临深大盘隆腾盛世五房毛坯诚意出售,"隆腾盛世 , 新圩",5室2厅,129.55平米,南,,31层 ,,板塔结合,135 万,10421 元,0,,,VR看装修 | 房本满两年 | 随时看房,https://hui.lianjia.com/ershoufang/105119576577.html
万达商圈龙光玖龙湾花园106平米四房业主诚意出售,"龙光玖龙湾 , 万达",3室2厅,106平米,南 北,,30层 ,,板塔结合,71 万,6699 元,0,,31天以前发布,VR看装修 | 随时看房,https://hui.lianjia.com/ershoufang/105122252135.html
口岸路 精装三房   业主诚意出售,"海宇·连城国际 , 麦地",3室2厅,99.66平米,东北 北,精装,低楼层(共17层) ,,板塔结合,59.8 万,6001 元,9,,,VR看装修 | 房本满五年,https://hui.lianjia.com/ershoufang/105118371719.html
万达旁边三房，视野好，业主诚心购买新物业，诚心出售,"中萃花城湾 , 万达",3室2厅,84.14平米,北,精装,17层 ,,板塔结合,63.8 万,7583 元,0,,,VR看装修 | 房本满五年 | 随时看房,https://hui.lianjia.com/ershoufang/105121102162.html
壹城五期 五一天虹 体育馆 天益城,"壹城中心1区 , 陈江",4室2厅,125平米,南 北,精装,中楼层(共32层) ,,塔楼,125 万,10000 元,0,,,VR看装修 | 房本满两年,https://hui.lianjia.com/ershoufang/105121672971.html
业主急售 户型方正采光好 面积使用率高,"康汇花园 , 大亚湾中心区",3室2厅,131.77平米,南 北,,13层 ,,板塔结合,40 万,3036 元,6,,,VR看装修 | 房本满五年 | 随时看房,https://hui.lianjia.com/ershoufang/105121190057.html
临深 精装4房 户型方正 业主诚心出售,"华策御水花园 , 龙光城",4室2厅,125.74平米,南 北,精装,低楼层(共30层) ,,板塔结合,77 万,6124 元,2,,,VR看装修 | 随时看房,https://hui.lianjia.com/ershoufang/105121902630.html
"东平  东湖苑 精装2房  单价低,诚意出售","東湖苑 , 东平",2室2厅,88.23平米,西北,简装,高楼层(共18层) ,,板塔结合,38 万,4307 元,1,,,VR看装修 | 房本满五年,https://hui.lianjia.com/ershoufang/105117614021.html
板楼户型方正实用，109平南北通双阳台，急售可谈价,"新力城一期 , 水口",3室2厅,109.28平米,南,毛坯,低楼层(共27层) ,,板楼,70 万,6406 元,0,,,VR看装修 | 房本满两年 | 随时看房,https://hui.lianjia.com/ershoufang/105120424988.html
中间楼层，视野开阔，采光充足，配套设施全，交通便利,"家悦龙庭 , 万达",1室2厅,48.3平米,东南,毛坯,28层 ,,塔楼,29.8 万,6170 元,0,,,VR看装修 | 房本满两年 | 随时看房,https://hui.lianjia.com/ershoufang/105114957007.html
汇显城市公园，朝南看花园，安静光线好。,"汇显城市公园 , 汝湖",3室2厅,108平米,南,毛坯,27层 ,,板楼,68 万,6297 元,1,,,VR看装修 | 房本满五年 | 随时看房,https://hui.lianjia.com/ershoufang/105118805797.html
中高楼层看湖，楼下配套齐全，背包小区！,"星河丹堤F区 , 南站新城",3室1厅,89.49平米,北,精装,34层 ,,板塔结合,79 万,8828 元,4,,,VR房源 | 随时看房,https://hui.lianjia.com/ershoufang/105119884897.html
金鼎雅苑全新毛坯房东诚意出售，随时可以看房,"金鼎雅苑 , 江北",3室2厅,87.47平米,南,毛坯,高楼层(共33层) ,,塔楼,85 万,9718 元,0,,,VR看装修 | 房本满五年 | 随时看房,https://hui.lianjia.com/ershoufang/105120165347.html
业主诚心出售，没有欠款，户型方正,"天域花园 , 白云新城",3室2厅,71.94平米,南,精装,17层 ,,板塔结合,42.8 万,5950 元,3,,,VR房源 | 房本满五年,https://hui.lianjia.com/ershoufang/105121178253.html
此房在二楼、装修良好、实际使用面积大于38平、,"乐华新村 , 开城大润发",2室1厅,38.1平米,南,,低楼层(共8层) ,,塔楼,13 万,3413 元,5,,,VR看装修,https://hui.lianjia.com/ershoufang/105122057929.html
近沙田地铁站，大社区 大阳台，淡水河,"九洲玉带湾 , 白云新城",4室2厅,112.74平米,南,毛坯,33层 ,,板塔结合,66 万,5855 元,1,,,VR看装修 | 房本满两年 | 随时看房,https://hui.lianjia.com/ershoufang/105120070647.html
户型方正，楼层好，视野好，配套齐全,"龙光城北十二期 , 龙光城",4室2厅,109.4平米,南 东,精装,32层 ,,板塔结合,98 万,8958 元,0,,,VR看装修 | 房本满五年 | 随时看房,https://hui.lianjia.com/ershoufang/105117562118.html
业主诚心出售、无个税、没有欠款、新小区,"合生时代城 , 比亚迪商圈",2室2厅,79平米,南,,18层 ,,板塔结合,50 万,6330 元,0,,,VR看装修 | 房本满两年,https://hui.lianjia.com/ershoufang/105121422267.html
朝南向采光好，原值高税费少，万达西区一 小交通便利,"仁和卫城 , 万达",3室2厅,126.31平米,南 北,毛坯,16层 ,,板塔结合,63 万,4988 元,1,,,VR看装修 | 房本满五年 | 随时看房,https://hui.lianjia.com/ershoufang/105117169859.html
哇塞！碧桂园盛汇宝藏三房 精装美宅 谁能不心动呀！,"碧桂园盛汇 , 龙丰",3室2厅,96.04平米,南,精装,低楼层(共32层) ,,塔楼,82.8 万,8622 元,0,,,VR看装修 | 房本满五年 | 随时看房,https://hui.lianjia.com/ershoufang/105121126965.html
标准3房两卫业主诚意出售，看房有钥匙,"熙龙花园 , 河南岸",3室2厅,132.56平米,南,精装,18层 ,,板塔结合,85 万,6413 元,1,,16天以前发布,VR房源 | 房本满五年,https://hui.lianjia.com/ershoufang/105122392114.html
邻儿童公园 万达 次新小区 精装 两房 家私齐全 急售,"家悦龙庭 , 万达",2室2厅,57.59平米,南,精装,28层 ,,塔楼,49 万,8509 元,2,,,VR房源 | 随时看房,https://hui.lianjia.com/ershoufang/105121549239.html
东平大社区，楼层好，电梯房，通风好,"颐景花园 , 东平",3室2厅,107.34平米,东南,简装,中楼层(共10层) ,,板楼,89 万,8292 元,2,,,VR看装修 | 房本满五年,https://hui.lianjia.com/ershoufang/105118724049.html
老小区已经改造好，3居室直接可入住。,"侨富花园 , 草洋新区",3室2厅,116.81平米,南,简装,8层 ,,板塔结合,17.5 万,1499 元,5,,,VR看装修 | 房本满两年 | 随时看房,https://hui.lianjia.com/ershoufang/105122035637.html
格局方正，精装修，可拎包入住，,"海员新村 , 下角",3室1厅,70.29平米,南,精装,9层 ,,板塔结合,25.5 万,3628 元,1,,,VR看装修 | 房本满两年,https://hui.lianjia.com/ershoufang/105122073695.html
业主诚心出售，视野开阔欢迎多多转介,"晶地里程花园 , 西区新寮",3室2厅,90.63平米,南 北,精装,33层 ,,塔楼,57 万,6290 元,1,,,VR房源 | 随时看房,https://hui.lianjia.com/ershoufang/105121099133.html
格局方正，精装修，可拎包入住，,"海员新村 , 下角",3室1厅,70.29平米,南,精装,9层 ,,板塔结合,25.5 万,3628 元,1,,,VR看装修 | 房本满两年,https://hui.lianjia.com/ershoufang/105122073695.html
哇塞！碧桂园盛汇宝藏三房 精装美宅 谁能不心动呀！,"碧桂园盛汇 , 龙丰",3室2厅,96.04平米,南,精装,低楼层(共32层) ,,塔楼,82.8 万,8622 元,0,,,VR看装修 | 房本满五年 | 随时看房,https://hui.lianjia.com/ershoufang/105121126965.html
邻儿童公园 万达 次新小区 精装 两房 家私齐全 急售,"家悦龙庭 , 万达",2室2厅,57.59平米,南,精装,28层 ,,塔楼,49 万,8509 元,2,,,VR房源 | 随时看房,https://hui.lianjia.com/ershoufang/105121549239.html
标准3房两卫业主诚意出售，看房有钥匙,"熙龙花园 , 河南岸",3室2厅,132.56平米,南,精装,18层 ,,板塔结合,85 万,6413 元,1,,16天以前发布,VR房源 | 房本满五年,https://hui.lianjia.com/ershoufang/105122392114.html
户型方正  业主诚意出售  光线好,"隆生西江花园 , 东江新城",4室2厅,140平米,南 北,,低楼层(共32层) ,,塔楼,137 万,9786 元,0,,,VR看装修 | 随时看房,https://hui.lianjia.com/ershoufang/105119250443.html
万科金域华庭 4房2卫 安静不吵 近惠台和南坛 诚心售！,"万科金域华庭 , 江北",4室2厅,171.04平米,西,毛坯,中楼层(共30层) ,,板塔结合,171 万,9998 元,0,,,VR看装修 | 房本满五年 | 随时看房,https://hui.lianjia.com/ershoufang/105121943274.html
业主诚心卖、中间楼层、带装修、近山体、安静闲适,"星河丹堤C区 , 南站新城",4室2厅,135.34平米,南 北,精装,31层 ,,板塔结合,115 万,8498 元,5,,,VR看装修 | 房本满五年 | 随时看房,https://hui.lianjia.com/ershoufang/105117445882.html
此房满五唯一，视野采光好，业主诚意出售,"龙富花园 , 大亚湾中心区",3室1厅,118.04平米,南,毛坯,22层 ,,塔楼,36 万,3050 元,6,,,VR看装修,https://hui.lianjia.com/ershoufang/105115132671.html
东平大社区，楼层好，电梯房，通风好,"颐景花园 , 东平",3室2厅,107.34平米,东南,简装,中楼层(共10层) ,,板楼,89 万,8292 元,2,,,VR看装修 | 房本满五年,https://hui.lianjia.com/ershoufang/105118724049.html
一线江景.中间楼层.视野无遮挡.,"合生·上观国际 , 水口",3室2厅,92平米,南,毛坯,中楼层(共32层) ,,塔楼,77 万,8370 元,0,,,VR看装修 | 房本满五年 | 随时看房,https://hui.lianjia.com/ershoufang/105117751040.html
水岸城三房改四房精装修空房随时可看,"中信水岸城二三期 , 东江新城",5室2厅,165.68平米,南,毛坯,32层 ,,板楼,149.8 万,9042 元,0,,,VR看装修 | 随时看房,https://hui.lianjia.com/ershoufang/105121582145.html
透明收佣，不做包单+江湾一品+三房+西南朝向,"江湾一品 , 下角",3室2厅,70.97平米,西南,精装,高楼层(共29层) ,,塔楼,69.8 万,9836 元,0,,,VR房源 | 房本满五年 | 随时看房,https://hui.lianjia.com/ershoufang/105119811710.html
荷兰小城户型方正，采光佳，布局合理，宽敞明亮,"光耀荷兰小城 , 陈江",4室2厅,112平米,南,精装,28层 ,,板塔结合,73 万,6518 元,0,,,VR看装修 | 房本满两年,https://hui.lianjia.com/ershoufang/105121958747.html
"通风采光好 家旁边就是虎头山公园 ,河滩公园","碧桂园中萃公园 , 大亚湾中心区",3室2厅,136.55平米,南 北,毛坯,17层 ,,板塔结合,101 万,7397 元,3,,,VR看装修 | 房本满五年 | 随时看房,https://hui.lianjia.com/ershoufang/105105910742.html
小区人车分流/采光好 /安静/公立学府四房南北通透,"锦绣学府 , 澳头",4室2厅,107.76平米,南 北,毛坯,30层 ,,板塔结合,63 万,5847 元,1,,,VR看装修 | 房本满五年 | 随时看房,https://hui.lianjia.com/ershoufang/105117932494.html
临深锦河湾朝南三房，中间楼层，无欠款交易方便,"锦河湾 , 西区新寮",3室1厅,83.6平米,南,毛坯,33层 ,,板塔结合,48 万,5742 元,2,,,VR看装修 | 房本满五年 | 随时看房,https://hui.lianjia.com/ershoufang/105120634052.html
此房精装修，花园中间，高楼层，位置安静。视野好,"万科金域华庭二期 , 江北",3室1厅,79.17平米,南,精装,高楼层(共33层) ,,板塔结合,74.5 万,9411 元,2,,,VR房源 | 房本满五年 | 随时看房,https://hui.lianjia.com/ershoufang/105118234741.html
临深大社区，朝南4房，业主诚心出售,"天域花园 , 白云新城",4室2厅,89.03平米,南,毛坯,21层 ,,板塔结合,48 万,5392 元,0,,,VR看装修 | 房本满五年 | 随时看房,https://hui.lianjia.com/ershoufang/105121594639.html
壹城精装修大户型，保养很新，业主诚售。,"壹城中心2区 , 陈江",4室1厅,138.7平米,南 北,,中楼层(共32层) ,,塔楼,115 万,8292 元,0,,,VR看装修 | 随时看房,https://hui.lianjia.com/ershoufang/105121991775.html
东湖花园六号小区 南向三房两厅 有钥匙看房,"东湖花园六号小区 , 东平",3室2厅,102.78平米,南,简装,低楼层(共9层) ,,板楼,79 万,7687 元,0,,,VR房源 | 房本满五年 | 随时看房,https://hui.lianjia.com/ershoufang/105119500509.html
第九旁大4房 业主诚意急售 看上价格好谈 户型靓,"福晟钱隆樽品花园 , 陈江",4室2厅,116.89平米,南 北,毛坯,31层 ,,板塔结合,76 万,6502 元,0,,22天以前发布,VR房源 | 房本满两年 | 随时看房,https://hui.lianjia.com/ershoufang/105122334720.html
一线临深品质小区 精装三房 南向看花园,"丰谷天玺 , 龙光城",3室2厅,85.4平米,东南,精装,29层 ,,塔楼,69 万,8080 元,0,,18天以前发布,VR看装修 | 房本满两年,https://hui.lianjia.com/ershoufang/105122370489.html
次新小区，朝南小三房，业主诚心出售,"摩卡公馆 , 比亚迪商圈",3室2厅,88.57平米,东,,17层 ,,板塔结合,48 万,5420 元,0,,,VR看装修 | 房本满五年 | 随时看房,https://hui.lianjia.com/ershoufang/105120466566.html
带装修南北通三房，视野开阔，采光充足,"鸿升世纪东方城 , 水口",3室2厅,129.36平米,南 北,简装,26层 ,,板塔结合,75 万,5798 元,0,,,VR看装修,https://hui.lianjia.com/ershoufang/105121514958.html
南北通户型，地段好， 品质小区，物业管理好,"聚龙天誉湾二期 , 博罗石湾",4室2厅,117.28平米,南 北,,28层 ,,塔楼,73 万,6225 元,0,,,VR看装修 | 随时看房,https://hui.lianjia.com/ershoufang/105121630147.html
此房格局好，双阳台看花园，视野好 ，采光好，楼层好,"荣佳国韵二期 , 龙光城",5室2厅,165.8平米,南 北,毛坯,30层 ,,板塔结合,115 万,6937 元,1,,13天以前发布,VR房源 | 随时看房,https://hui.lianjia.com/ershoufang/105122428025.html
奥园誉山湖一线湖景南北通四房，视野开阔无遮挡,"奥园誉山湖花园 , 河南岸",4室2厅,129.63平米,南 北,毛坯,中楼层(共32层) ,,板塔结合,150 万,11572 元,1,,,VR看装修 | 房本满两年 | 随时看房,https://hui.lianjia.com/ershoufang/105119370979.html
恒宇新苑 大三房 南北通3房 户型正采光好,"恒宇新苑 , 河南岸",3室2厅,120.16平米,南,精装,中楼层(共7层) ,,板楼,79 万,6575 元,0,,18天以前发布,VR看装修 | 房本满五年,https://hui.lianjia.com/ershoufang/105122370979.html
国鹏4房中间好楼层、户型方正、视野开阔、位置好,"国鹏润德学府 , 惠环",4室2厅,101.27平米,南 北,毛坯,中楼层(共29层) ,,板塔结合,65.5 万,6468 元,0,,,VR看装修 | 随时看房,https://hui.lianjia.com/ershoufang/105119588419.html
惠城区广安花园三房两厅100平方29万急售,"廣安花園 , 麦地",3室2厅,100.45平米,西南,简装,高楼层(共10层) ,,,28 万,2788 元,2,,,VR看装修 | 房本满两年 | 随时看房,https://hui.lianjia.com/ershoufang/105121027399.html
星河丹提，大平层两梯三户，看丰田水库中间楼层，五房,"星河丹堤G4区 , 南站新城",5室2厅,163.29平米,南,毛坯,33层 ,,板塔结合,188 万,11514 元,1,,,VR房源 | 随时看房,https://hui.lianjia.com/ershoufang/105122014923.html
江北义乌公寓47朝南急售28带南坛和惠台,"义乌商城公寓 , 江北",1室1厅,47平米,南,,中楼层(共28层) ,,板楼,28 万,5958 元,0,,8天以前发布,VR房源 | 随时看房,https://hui.lianjia.com/ershoufang/105122484026.html
壹城六期南北通大五房采光好楼龄新花园漂亮,"壹城中心6区 , 陈江",5室2厅,126.09平米,南 北,毛坯,高楼层(共32层) ,,塔楼,93 万,7376 元,0,,,VR看装修 | 房本满两年 | 随时看房,https://hui.lianjia.com/ershoufang/105119708975.html
南线轻轨口 中间楼层 无欠款视野好,"佳兆业壹号花园 , 龙丰",2室2厅,76平米,南,毛坯,中楼层(共32层) ,,板塔结合,48 万,6316 元,0,,,VR看装修 | 随时看房,https://hui.lianjia.com/ershoufang/105120232939.html
红本在手无欠款 没有出租过的 全屋定制瓷砖上墙,"国韵华府 , 吾悦广场",2室2厅,70.54平米,西北,精装,32层 ,,塔楼,50 万,7089 元,0,,,VR看装修 | 房本满两年 | 随时看房,https://hui.lianjia.com/ershoufang/105121742874.html
毛坯三房 惠城CBD江北次新楼盘,"江湾南岸二期 , 江北",3室2厅,121平米,东南,毛坯,低楼层(共39层) ,,板塔结合,140 万,11571 元,2,,,VR看装修 | 房本满两年 | 随时看房,https://hui.lianjia.com/ershoufang/105115895461.html
惠州港沃尔玛商圈，学 校成熟商圈，交通便利,"金润东方公寓 , 澳头",1室1厅,38.78平米,东,简装,28层 ,,板塔结合,13.6 万,3507 元,3,,,VR看装修 | 随时看房,https://hui.lianjia.com/ershoufang/105119828250.html
合生大三房户型优质 无抵押 业主急售,"合生·上观国际 , 水口",3室2厅,112平米,东南,毛坯,低楼层(共18层) ,,塔楼,82 万,7322 元,0,,,VR看装修 | 随时看房,https://hui.lianjia.com/ershoufang/105121603102.html
背靠板樟岭公园，视野开阔，无遮挡,"公园道花园 , 比亚迪商圈",2室2厅,72.71平米,南,精装,17层 ,,板楼,33 万,4539 元,2,,,VR看装修 | 房本满五年 | 随时看房,https://hui.lianjia.com/ershoufang/105120734145.html
碧桂园珑誉 大四房视野好 采光通透,"碧桂园珑誉花园 , 水口",4室2厅,128平米,南 北,毛坯,高楼层(共33层) ,,塔楼,80 万,6250 元,2,,,VR看装修 | 房本满五年 | 随时看房,https://hui.lianjia.com/ershoufang/105114105561.html
中信新城C区 四房带装修  南北通透采光号  诚心出售,"中信新城C区 , 南站新城",4室2厅,116平米,南 北,精装,34层 ,,板塔结合,85 万,7328 元,0,,,VR看装修 | 房本满五年,https://hui.lianjia.com/ershoufang/105121455972.html
视野开阔的2房2厅，业主诚意出售,"华裕居 , 惠环",2室2厅,74.44平米,北,毛坯,高楼层(共31层) ,,塔楼,30.8 万,4138 元,0,,,VR看装修 | 随时看房,https://hui.lianjia.com/ershoufang/105121781460.html
10分 钟到沙田站 自住装修红本在手楼栋位置好,"凯南莱弗城 , 西区新寮",4室2厅,108.88平米,南 北,精装,30层 ,,板塔结合,88 万,8083 元,0,,28天以前发布,VR看装修 | 房本满五年,https://hui.lianjia.com/ershoufang/105122285674.html
华润曦江润府 168平一线江景 总裁大平层 远眺金山湖,"曦江润府 , 东江新城",5室2厅,168.62平米,南 北,毛坯,中楼层(共33层) ,,塔楼,230 万,13641 元,0,,,VR看装修 | 房本满两年 | 随时看房,https://hui.lianjia.com/ershoufang/105121799479.html
成熟花园小高层，正三房，单价五千多,"丽江花园南区 , 区政府",3室2厅,106.6平米,北,简装,18层 ,,板塔结合,60 万,5629 元,0,,17天以前发布,VR房源 | 房本满五年 | 随时看房,https://hui.lianjia.com/ershoufang/105122388049.html
全新四房，看花园中间楼层，惠阳临深通勤自住改善房,"深荟城一期 , 白云新城",4室2厅,135.28平米,南 北,,32层 ,,板塔结合,117.5 万,8686 元,2,,,VR看装修 | 房本满五年 | 随时看房,https://hui.lianjia.com/ershoufang/105121343912.html
价格可聊 使用率高 出门就是商场,"菩提园 , 万达",8室3厅,416.7平米,南 北,毛坯,31层 ,,塔楼,260 万,6240 元,3,,,VR房源 | 房本满五年 | 随时看房,https://hui.lianjia.com/ershoufang/105120052078.html
花园中间南向大阳台看花园视野很舒服,"方直君御 , 东江新城",5室2厅,191平米,南 北,毛坯,低楼层(共24层) ,,塔楼,277 万,14503 元,0,,,VR看装修,https://hui.lianjia.com/ershoufang/105120458571.html
此房满五唯一，视野采光好，业主诚意出售,"龙富花园 , 大亚湾中心区",3室1厅,118.04平米,南,毛坯,22层 ,,塔楼,36 万,3050 元,6,,,VR看装修,https://hui.lianjia.com/ershoufang/105115132671.html
安居乐业，全新精装，朝南三房，业主出国急售,"南站新城 , 南站新城",3室2厅,100.27平米,南,精装,31层 ,,板塔结合,82 万,8178 元,0,,,VR看装修 | 随时看房,https://hui.lianjia.com/ershoufang/105121730795.html
视野好 看房方便 花园中间位置 诚心出售,"腾韵花园 , 陈江",2室1厅,73.22平米,南,毛坯,32层 ,,板塔结合,50 万,6829 元,0,,,VR看装修 | 房本满两年 | 随时看房,https://hui.lianjia.com/ershoufang/105122110078.html
隆生品质 三梯配套 中式园林 使用率高,"隆生西江花园 , 东江新城",4室2厅,138.9平米,南,毛坯,低楼层(共32层) ,,塔楼,158 万,11376 元,0,,,VR看装修 | 随时看房,https://hui.lianjia.com/ershoufang/105117750278.html
全新精装保养好 带家私家电 格局好 楼层好 视野好,"碧桂园天骄公馆 , 马安",3室2厅,94.9平米,东南,精装,中楼层(共34层) ,,板塔结合,82 万,8641 元,49,,,VR看装修 | 随时看房,https://hui.lianjia.com/ershoufang/105117416498.html
房子干净，业主装修用心，保养很好,"方直君御 , 东江新城",4室2厅,130.5平米,南,,低楼层(共28层) ,,塔楼,190 万,14560 元,0,,,VR看装修 | 房本满五年,https://hui.lianjia.com/ershoufang/105120443626.html
星河盛世  19年开发的新楼盘。业主诚心卖。,"惠州星河盛世 , 白云新城",3室2厅,117平米,南 北,,33层 ,,板塔结合,85 万,7265 元,0,,,VR看装修 | 随时看房,https://hui.lianjia.com/ershoufang/105115576446.html
惠东平山丽江东岸，精装修，中间靓楼层,"丽江东岸 , 惠东县城",4室2厅,146.46平米,南,精装,中楼层(共32层) ,,板塔结合,108 万,7375 元,0,,,VR房源,https://hui.lianjia.com/ershoufang/105121628781.html
园景大平层2梯2户南北通视野开阔好楼层满五年,"方直君御 , 东江新城",4室2厅,190.5平米,南 北,毛坯,中楼层(共24层) ,,塔楼,276 万,14489 元,0,,,VR看装修 | 房本满五年 | 随时看房,https://hui.lianjia.com/ershoufang/105119630225.html
万科金域华庭 4房2卫 安静不吵 近惠台和南坛 诚心售！,"万科金域华庭 , 江北",4室2厅,171.04平米,西,毛坯,中楼层(共30层) ,,板塔结合,171 万,9998 元,0,,,VR看装修 | 房本满五年 | 随时看房,https://hui.lianjia.com/ershoufang/105121943274.html
业主诚心卖、中间楼层、带装修、近山体、安静闲适,"星河丹堤C区 , 南站新城",4室2厅,135.34平米,南 北,精装,31层 ,,板塔结合,115 万,8498 元,5,,,VR看装修 | 房本满五年 | 随时看房,https://hui.lianjia.com/ershoufang/105117445882.html
户型方正  业主诚意出售  光线好,"隆生西江花园 , 东江新城",4室2厅,140平米,南 北,,低楼层(共32层) ,,塔楼,137 万,9786 元,0,,,VR看装修 | 随时看房,https://hui.lianjia.com/ershoufang/105119250443.html
区政府天虹商场旁边，交通方便  精装两房，拎包入住,"鼎盛广场 , 区政府",2室2厅,66.5平米,东南,精装,33层 ,,板塔结合,26 万,3910 元,5,,,VR房源 | 随时看房,https://hui.lianjia.com/ershoufang/105113096279.html
万科金枫花园94平方 精装修三房 诚心出售,"万科中交金枫花园 , 马安",3室2厅,93.32平米,南,精装,中楼层(共27层) ,,塔楼,95 万,10181 元,0,,,VR看装修 | 房本满两年 | 随时看房,https://hui.lianjia.com/ershoufang/105116883358.html
业主诚心出售 随时可以看房 高楼层,"天健书香名邸 , 新圩",4室2厅,122.97平米,南 北,毛坯,32层 ,,塔楼,55 万,4473 元,1,,,VR看装修 | 房本满两年 | 随时看房,https://hui.lianjia.com/ershoufang/105121771626.html
满五唯一  实用朝南两房 通风采光好,"锦地繁花 , 西区新寮",2室2厅,77.21平米,南,毛坯,21层 ,,板塔结合,42 万,5440 元,0,,27天以前发布,VR房源 | 随时看房,https://hui.lianjia.com/ershoufang/105122297731.html
业主着急卖  看房方便  价格可谈,"金汇上元 , 万达",2室2厅,77.23平米,南,毛坯,31层 ,,板塔结合,43 万,5568 元,0,,,VR房源 | 随时看房,https://hui.lianjia.com/ershoufang/105120687957.html
新天虹商圈..两房.精装修 .保养好...直接拎包入住,"恒和金谷 , 河南岸",2室1厅,42.86平米,北,,中楼层(共25层) ,,塔楼,32 万,7467 元,0,,,VR看装修 | 房本满五年 | 随时看房,https://hui.lianjia.com/ershoufang/105121468145.html
华裕居拎包入住两房，业主诚心出售，看房很方便,"华裕居 , 惠环",2室2厅,77.08平米,东南,简装,中楼层(共31层) ,,塔楼,36 万,4671 元,0,,,VR看装修 | 房本满五年 | 随时看房,https://hui.lianjia.com/ershoufang/105121651995.html
尚城世家二期  邻图书馆 近体育公园 高楼层 采光好,"尚城世家二期 , 区政府",3室2厅,83.41平米,北,,26层 ,,板塔结合,63 万,7554 元,1,,,VR看装修 | 房本满五年,https://hui.lianjia.com/ershoufang/105120278102.html
推荐：带30平米露台！ 成熟社区 出行方便！标准3房！,"东湖花园一区 , 东平",3室2厅,99.3平米,南,,低楼层(共8层) ,,板塔结合,48 万,4834 元,0,,,VR房源 | 房本满五年 | 随时看房,https://hui.lianjia.com/ershoufang/105120275455.html
业主诚心出售，价格可以聊，看房方便,"嘉鸿新城博雅府 , 惠环",4室2厅,117.65平米,南 北,毛坯,24层 ,,,63 万,5355 元,1,,,VR房源 | 房本满两年 | 随时看房,https://hui.lianjia.com/ershoufang/105120079127.html
高尔夫球场，绿化面积大，中间楼层，视野宽阔,"恒大棕榈岛 , 白云新城",3室2厅,94.64平米,东南,毛坯,29层 ,,板塔结合,49 万,5178 元,3,,,VR看装修 | 房本满五年 | 随时看房,https://hui.lianjia.com/ershoufang/105118580283.html
次新小区   大3房 带装修 拎包入住  随时看房,"奥园德明华庭 , 新行政区",3室2厅,109.92平米,南,精装,32层 ,,塔楼,75 万,6824 元,1,,,VR看装修 | 房本满五年 | 随时看房,https://hui.lianjia.com/ershoufang/105118565963.html
新力城二期 高层视野好 可看江景,"新力城二期 , 水口",3室2厅,108.16平米,南,毛坯,高楼层(共31层) ,,板楼,75 万,6935 元,0,,,VR看装修 | 房本满两年 | 随时看房,https://hui.lianjia.com/ershoufang/105121391877.html
单间号出租，金地物业为你的房子保驾护航,"丰谷天玺 , 龙光城",1室1厅,37.57平米,东南,,31层 ,,塔楼,27 万,7187 元,0,,,VR看装修 | 房本满两年 | 随时看房,https://hui.lianjia.com/ershoufang/105113674550.html
中区华府三期 2室2厅 北,"中区华府三期 , 区政府",2室2厅,75平米,北,精装,18层 ,,板塔结合,36 万,4800 元,0,,,VR看装修 | 随时看房,https://hui.lianjia.com/ershoufang/105121349899.html
临深好房，精装修，视野开阔，采光通风好,"天域花园 , 白云新城",3室2厅,77.53平米,南,精装,26层 ,,板塔结合,48 万,6192 元,2,,,VR看装修 | 房本满两年 | 随时看房,https://hui.lianjia.com/ershoufang/105112626021.html
东奥苑（精装修)3加1房，看花园，楼层佳，户型实用。,"东奥苑 , 江北",4室2厅,108.41平米,南,精装,31层 ,,塔楼,88 万,8118 元,0,,,VR看装修,https://hui.lianjia.com/ershoufang/105121211305.html
雅居乐物业 中间楼层 视野开阔 朝南 随时看房,"卓悦华府 , 惠环",3室2厅,85.03平米,南,毛坯,31层 ,,板塔结合,37.9 万,4458 元,0,,19天以前发布,VR房源 | 房本满五年 | 随时看房,https://hui.lianjia.com/ershoufang/105122360314.html
万达商圈大峡谷一期看金龟山业主诚意出售,"御玺山大峡谷一期 , 比亚迪商圈",2室1厅,75平米,南,,32层 ,,板塔结合,32 万,4267 元,0,,,VR看装修 | 随时看房,https://hui.lianjia.com/ershoufang/105121759123.html
新城香悦澜山精装修 业主一天没住过 拎包就可以入住,"新城香悦澜山 , 博罗中心区",3室2厅,96.93平米,东南,精装,中楼层(共33层) ,,塔楼,58.8 万,6067 元,0,,23天以前发布,VR房源 | 随时看房,https://hui.lianjia.com/ershoufang/105122332498.html
月供少，户型方正，价格实惠，人车分流,"碧桂园翠湖湾 , 新圩",3室2厅,89.86平米,南,,高楼层(共35层) ,,板塔结合,47.88 万,5329 元,0,,15天以前发布,VR房源 | 房本满五年 | 随时看房,https://hui.lianjia.com/ershoufang/105122409387.html
水口新力城一期品质次新小区109平毛坯出售视野开阔,"新力城一期 , 水口",3室2厅,108.93平米,南 北,毛坯,高楼层(共33层) ,,板楼,78 万,7161 元,0,,,VR看装修 | 房本满两年 | 随时看房,https://hui.lianjia.com/ershoufang/105121357014.html
东湖花园一区 3室2厅 南,"东湖花园一区 , 东平",3室2厅,99.3平米,南,简装,高楼层(共9层) ,,板塔结合,39 万,3928 元,0,,29天以前发布,VR房源 | 房本满五年 | 随时看房,https://hui.lianjia.com/ershoufang/105122276816.html
房子方正，地段很好，有钥匙随时看房，诚心出售,"江河御龙世家 , 开城大润发",4室2厅,136平米,南,毛坯,中楼层(共19层) ,,板塔结合,99 万,7280 元,0,,,VR看装修 | 房本满五年 | 随时看房,https://hui.lianjia.com/ershoufang/105113351491.html
楼层好，视野靓，户型方正，业主诚心出售,"星河丹堤F区 , 南站新城",3室2厅,89.64平米,南 北,精装,34层 ,,板塔结合,81 万,9037 元,1,,,VR看装修 | 房本满五年,https://hui.lianjia.com/ershoufang/105117514937.html
接地气看绿化，空气好，负离子含量高。,"星河丹堤G区 , 南站新城",5室2厅,124.63平米,南 北,精装,34层 ,,塔楼,145 万,11635 元,0,,,VR看装修 | 房本满两年 | 随时看房,https://hui.lianjia.com/ershoufang/105121696537.html
带装修次新小区 户型方正实用 新力物业,"胜源香山居 , 大亚湾中心区",5室2厅,107.6平米,南,精装,29层 ,,板塔结合,59 万,5484 元,4,,,VR看装修 | 房本满五年 | 随时看房,https://hui.lianjia.com/ershoufang/105120448989.html
税费低 价格可谈 户型好 小区人车分流,"恒福山语海 , 博罗中心区",3室2厅,106.51平米,北,简装,26层 ,,板塔结合,48 万,4507 元,2,,,VR看装修 | 房本满两年 | 随时看房,https://hui.lianjia.com/ershoufang/105120592544.html
中天彩虹城南区 1室1厅 东,"中天彩虹城南区 , 开城大润发",1室1厅,30.47平米,东,精装,30层 ,,塔楼,12 万,3939 元,0,,,VR看装修 | 随时看房,https://hui.lianjia.com/ershoufang/105121750517.html
原购价高无个税，正南朝向，中高楼层 业主诚心出售,"恒大依山海湾 , 澳头",3室2厅,99.05平米,南,毛坯,中楼层(共32层) ,,板塔结合,46.8 万,4725 元,0,,,VR看装修 | 房本满两年 | 随时看房,https://hui.lianjia.com/ershoufang/105114522643.html
南站规划高铁新城区中位，交通便利，社区生活配套齐全,"中信新城 , 南站新城",4室2厅,104.65平米,东南,精装,34层 ,,板塔结合,78 万,7454 元,0,,,VR看装修 | 房本满五年,https://hui.lianjia.com/ershoufang/105121304473.html
雅颂居一房一厅41平米业主诚心比较急出售,"雅颂居 , 大亚湾中心区",1室1厅,41平米,北,毛坯,25层 ,,塔楼,16 万,3903 元,3,,,VR看装修 | 随时看房,https://hui.lianjia.com/ershoufang/105113480977.html
碧桂园山河城 6室2厅 南 北,"碧桂园山河城 , 三和经济开发区",6室2厅,191.12平米,南 北,精装,18层 ,,板塔结合,85 万,4448 元,3,,12天以前发布,VR房源 | 房本满两年,https://hui.lianjia.com/ershoufang/105122443597.html
次新小区，格局靓，采光好，视野开阔无遮挡,"金辉风雅轩 , 秋长",2室2厅,66平米,南,毛坯,32层 ,,板塔结合,28 万,4243 元,0,,,VR看装修 | 房本满两年 | 随时看房,https://hui.lianjia.com/ershoufang/105117730234.html
临深100米 龙光城北八 视野好 看花园游泳池,"龙光城北八期 , 龙光城",4室2厅,105.21平米,东,精装,31层 ,,板塔结合,99 万,9410 元,0,,14天以前发布,VR房源 | 房本满五年 | 随时看房,https://hui.lianjia.com/ershoufang/105122414767.html
外地发展 精装急售 儿童公园楼上 户型方正,"恒大悦龙台 , 万达",3室2厅,85平米,北,精装,32层 ,,板塔结合,61 万,7177 元,0,,,VR看装修 | 随时看房,https://hui.lianjia.com/ershoufang/105121248762.html
方直星耀国际好楼层大三房两卫，安静看花园视野开阔,"方直星耀国际 , 河南岸",3室2厅,126.5平米,南,毛坯,低楼层(共31层) ,,板塔结合,156 万,12333 元,0,,,VR看装修 | 房本满五年 | 随时看房,https://hui.lianjia.com/ershoufang/105117368539.html
朝南 高楼层 户型方正 使用率高,"海伦堡爱Me城市 , 澳头",3室1厅,116平米,南,毛坯,高楼层(共31层) ,,板塔结合,49 万,4225 元,0,,,VR房源 | 房本满五年 | 随时看房,https://hui.lianjia.com/ershoufang/105114797317.html
百万别墅大盘  大社区  近高铁站,"惠阳雅居乐花园一期 , 南站新城",2室2厅,88.49平米,西,精装,24层 ,,板塔结合,43 万,4860 元,1,,,VR看装修 | 房本满五年 | 随时看房,https://hui.lianjia.com/ershoufang/105122185558.html
香悦澜山方正四房 大社区 户型好 园林漂亮，,"新城香悦澜山 , 博罗中心区",4室2厅,122.28平米,南,毛坯,中楼层(共33层) ,,塔楼,49.6 万,4057 元,0,,14天以前发布,VR房源 | 房本满五年 | 随时看房,https://hui.lianjia.com/ershoufang/105122419058.html
金叶华府朝南3房看花园，中间楼层，可看房,"金叶华府 , 博罗石湾",3室2厅,109平米,南,,30层 ,,板塔结合,55 万,5046 元,1,,,VR看装修 | 房本满两年 | 随时看房,https://hui.lianjia.com/ershoufang/105120609317.html
仲恺次新小区，成熟商圈，中间楼层4房，视野无遮挡,"腾韵花园 , 陈江",4室2厅,116.49平米,南,毛坯,32层 ,,板塔结合,78 万,6696 元,0,,,VR看装修 | 房本满两年 | 随时看房,https://hui.lianjia.com/ershoufang/105117469175.html
国鹏实用3房，好楼层， 采光通风好，配套齐全,"国鹏润德学府 , 惠环",3室2厅,85平米,南,毛坯,中楼层(共29层) ,,板塔结合,45.8 万,5389 元,0,,,VR看装修 | 随时看房,https://hui.lianjia.com/ershoufang/105118145453.html
两梯三户大平层，坐拥一线半岛公园河景，南北通朝南,"半岛1号十一期 , 白云新城",4室2厅,112.85平米,东南,精装,24层 ,,塔楼,98 万,8685 元,1,,,VR看装修 | 房本满五年 | 随时看房,https://hui.lianjia.com/ershoufang/105118628845.html
临深大社区，南北通带装修三房，无抵押，价格可以谈,"万城名座花园 , 白云新城",3室2厅,100.2平米,南 北,精装,29层 ,,板塔结合,98 万,9781 元,0,,,VR房源 | 房本满两年 | 随时看房,https://hui.lianjia.com/ershoufang/105120864711.html
户型方正。采光好，视野无遮挡。,"千禧嘉园 , 万达",2室2厅,74.82平米,北,,23层 ,,板塔结合,33.8 万,4518 元,0,,,VR看装修 | 房本满两年 | 随时看房,https://hui.lianjia.com/ershoufang/105113379440.html
户型房子 通风采光很好 业主诚心出售,"盛湾名居 , 澳头",3室2厅,89平米,南,简装,33层 ,,塔楼,44 万,4944 元,1,,,VR看装修 | 房本满五年 | 随时看房,https://hui.lianjia.com/ershoufang/105121809724.html
房子户型方正采光好，中高楼层。,"华彩公馆 , 大亚湾中心区",4室2厅,107.36平米,南,毛坯,24层 ,,板塔结合,35 万,3261 元,0,,,VR看装修 | 房本满五年 | 随时看房,https://hui.lianjia.com/ershoufang/105120507591.html
"佳兆业壹号花园全新装修没有住过,高层看花园","佳兆业壹号花园 , 龙丰",3室2厅,103.6平米,南 北,精装,高楼层(共34层) ,,板塔结合,82 万,7916 元,1,,,VR房源 | 随时看房,https://hui.lianjia.com/ershoufang/105113881299.html
高尔夫1号看高尔夫球场5房，景色绝美，中高楼层,"建曙高尔夫1号 , 区政府",5室2厅,125.72平米,南,精装,30层 ,,塔楼,119 万,9466 元,0,,,VR看装修 | 房本满五年 | 随时看房,https://hui.lianjia.com/ershoufang/105118745940.html
业主急售：朝南看花园 明厨明卫 采光通风视野开阔,"实地常春藤 , 三和经济开发区",3室2厅,108平米,南 北,毛坯,33层 ,,板塔结合,40 万,3704 元,0,,,VR看装修,https://hui.lianjia.com/ershoufang/105117220883.html
江北新装修 3+1房 装修很漂亮 中间楼层,"雨花香府 , 江北",4室2厅,116.16平米,东南 南,精装,中楼层(共17层) ,,,108 万,9298 元,0,,,VR看装修 | 房本满两年,https://hui.lianjia.com/ershoufang/105122171033.html
鸿润叠韵，带装修四房，诚意出售,"鸿润·叠韵 , 河南岸",4室2厅,141.57平米,南,精装,中楼层(共32层) ,,塔楼,99.8 万,7050 元,0,,,VR看装修 | 随时看房,https://hui.lianjia.com/ershoufang/105111008246.html
房子是满二没有增值税了，中间楼层采光和通风效果好,"长通熙园 , 开城大润发",2室1厅,70.12平米,南,,32层 ,,板楼,46 万,6561 元,1,,,VR房源 | 房本满五年 | 随时看房,https://hui.lianjia.com/ershoufang/105119417374.html
带大露台 轻轨口 2023年小区南北向4房 很漂亮,"翔顺花园 , 龙丰",4室2厅,115.4平米,东南,精装,低楼层(共27层) ,,板塔结合,148 万,12825 元,0,,,VR房源 | 房本满两年 | 随时看房,https://hui.lianjia.com/ershoufang/105122093370.html
临深大社区 通透 楼层好 视野宽阔  配套齐全,"龙光城北二期 , 龙光城",4室1厅,127.98平米,南 北,毛坯,29层 ,,板塔结合,115 万,8986 元,2,,,VR房源 | 房本满五年 | 随时看房,https://hui.lianjia.com/ershoufang/105122041607.html
临深百万大盘，牧云溪谷，环境优美楼层好,"牧云溪谷六期云禧 , 新圩",2室2厅,72平米,西南 西,毛坯,32层 ,,板塔结合,69 万,9584 元,0,,,VR看装修 | 随时看房,https://hui.lianjia.com/ershoufang/105121827307.html
龙光城南四期五房，业主诚心出售,"龙光城南四期 , 龙光城",5室2厅,114.65平米,东 北,简装,34层 ,,塔楼,106 万,9246 元,1,,,VR看装修,https://hui.lianjia.com/ershoufang/105120884341.html
惠州市大亚湾西区大悦花园4房2厅两卫业主诚心出售,"大悦花园 , 比亚迪商圈",4室2厅,88.26平米,南,毛坯,27层 ,,板塔结合,36 万,4079 元,1,,,VR看装修 | 房本满五年 | 随时看房,https://hui.lianjia.com/ershoufang/105122091628.html
头等舱沙发！！高档装修 坐瞰别墅景 双龍抱珠招財進寶,"半岛1号五期 , 白云新城",2室2厅,84.22平米,南,精装,22层 ,,板塔结合,59.88 万,7110 元,0,,,VR看装修 | 房本满五年 | 随时看房,https://hui.lianjia.com/ershoufang/105119687135.html
奥园誉山湖一线湖景南北通四房，视野开阔无遮挡,"奥园誉山湖花园 , 河南岸",4室2厅,129.63平米,南 北,毛坯,中楼层(共32层) ,,板塔结合,150 万,11572 元,1,,,VR看装修 | 房本满两年 | 随时看房,https://hui.lianjia.com/ershoufang/105119370979.html
此房格局好，双阳台看花园，视野好 ，采光好，楼层好,"荣佳国韵二期 , 龙光城",5室2厅,165.8平米,南 北,毛坯,30层 ,,板塔结合,115 万,6937 元,1,,13天以前发布,VR房源 | 随时看房,https://hui.lianjia.com/ershoufang/105122428025.html
南北通户型，地段好， 品质小区，物业管理好,"聚龙天誉湾二期 , 博罗石湾",4室2厅,117.28平米,南 北,,28层 ,,塔楼,73 万,6225 元,0,,,VR看装修 | 随时看房,https://hui.lianjia.com/ershoufang/105121630147.html
惠城区广安花园三房两厅100平方29万急售,"廣安花園 , 麦地",3室2厅,100.45平米,西南,简装,高楼层(共10层) ,,,28 万,2788 元,2,,,VR看装修 | 房本满两年 | 随时看房,https://hui.lianjia.com/ershoufang/105121027399.html
带装修南北通三房，视野开阔，采光充足,"鸿升世纪东方城 , 水口",3室2厅,129.36平米,南 北,简装,26层 ,,板塔结合,75 万,5798 元,0,,,VR看装修,https://hui.lianjia.com/ershoufang/105121514958.html
东南朝向，视野开阔，户型布局很好，三个房间都朝南,"星河丹堤F区 , 南站新城",3室2厅,88.47平米,南,毛坯,34层 ,,板塔结合,69 万,7800 元,4,,,VR看装修 | 房本满五年 | 随时看房,https://hui.lianjia.com/ershoufang/105120101281.html
花园中间 精装三房 拎包入住 满二唯一,"富盈公馆三期 , 马安",3室2厅,102.04平米,南,精装,低楼层(共11层) ,,塔楼,83.9 万,8223 元,0,,,VR看装修 | 房本满两年 | 随时看房,https://hui.lianjia.com/ershoufang/105120193740.html
东南朝向精装修三居室 诚心出售 看房方便,"东湖花园三号小区 , 东平",3室2厅,89.24平米,南,,中楼层(共14层) ,,板楼,64 万,7172 元,0,,,VR看装修 | 房本满五年 | 随时看房,https://hui.lianjia.com/ershoufang/105122207580.html
此房地段好，出小区门就是市政广场跟市场，居住方便,"隆基天地广场 , 区政府",3室2厅,128.7平米,东 西南,,23层 ,,板塔结合,68.8 万,5346 元,1,,,VR房源 | 房本满五年 | 随时看房,https://hui.lianjia.com/ershoufang/105121586421.html
近深圳沙田地铁站，精装修，小区花园绿化达30%以上,"万城 , 白云新城",2室1厅,60.81平米,北,精装,25层 ,,板塔结合,38 万,6249 元,0,,,VR看装修 | 房本满五年 | 随时看房,https://hui.lianjia.com/ershoufang/105121598503.html
N2区新上房源简欧装修楼层好诚心卖,"星河丹堤N区 , 南站新城",4室1厅,138.84平米,南,精装,8层 ,,板楼,183 万,13181 元,5,,,VR房源 | 房本满五年,https://hui.lianjia.com/ershoufang/105122105400.html
大社区 户型南北通双阳台近沙田站,"万城名座花园 , 白云新城",4室2厅,132平米,南,精装,32层 ,,板塔结合,111 万,8410 元,0,,,VR看装修 | 房本满五年 | 随时看房,https://hui.lianjia.com/ershoufang/105120594296.html
房间都很宽敞 朝东南户型 采光明亮 通风性,"方圆天俊 , 惠环",4室2厅,116.7平米,南,毛坯,高楼层(共32层) ,,塔楼,68 万,5827 元,0,,,VR看装修 | 随时看房,https://hui.lianjia.com/ershoufang/105120280275.html
美丽洲 4室1厅 东南,"美丽洲 , 马安",4室1厅,138.7平米,东南,,高楼层(共32层) ,,塔楼,110 万,7931 元,0,,,VR看装修 | 房本满两年 | 随时看房,https://hui.lianjia.com/ershoufang/105121596327.html
海景城大社区 户型方正 高层视野开阔,"海景城 , 澳头",4室2厅,120.47平米,南 北,毛坯,33层 ,,板塔结合,60 万,4981 元,1,,,VR看装修 | 房本满五年 | 随时看房,https://hui.lianjia.com/ershoufang/105117589812.html
乐基大厦小区属于惠阳淡水2017年的房子 近高速,"乐基大厦 , 区政府",4室2厅,87.92平米,南,毛坯,29层 ,,板塔结合,48 万,5460 元,0,,,VR看装修 | 房本满五年 | 随时看房,https://hui.lianjia.com/ershoufang/105119252071.html
尚城世家，全屋智能装修，拎包入住,"尚城世家二期 , 区政府",2室2厅,81.37平米,西,,26层 ,,板塔结合,68 万,8357 元,0,,,VR看装修 | 房本满五年 | 随时看房,https://hui.lianjia.com/ershoufang/105121326180.html
全新精装，南北双阳台双卫，楼层视野佳，红本，税费低,"美悦湾 , 大亚湾中心区",3室2厅,91.41平米,南 北,精装,中楼层(共33层) ,,板楼,57 万,6236 元,2,,29天以前发布,VR看装修 | 随时看房,https://hui.lianjia.com/ershoufang/105122273567.html
户型布局合理  儿童老人活动区域热闹  生活舒适惬意,"渝景湾花园四期 , 澳头",3室2厅,96.48平米,南,简装,低楼层(共26层) ,,板塔结合,27 万,2799 元,7,,,VR房源 | 房本满五年 | 随时看房,https://hui.lianjia.com/ershoufang/105113037142.html
小区地理位置优越，楼层采光好，花园绿化好，,"鑫月御园 , 秋长",3室2厅,93.22平米,东南,毛坯,31层 ,,板塔结合,43 万,4613 元,0,,,VR看装修 | 房本满两年 | 随时看房,https://hui.lianjia.com/ershoufang/105112698232.html
皇冠豪苑 147平 4加1房 一线看江  两梯两户纯板式楼,"万城皇冠豪苑 , 水口",5室2厅,147.81平米,南,毛坯,22层 ,,板楼,142 万,9607 元,0,,,VR看装修 | 房本满两年 | 随时看房,https://hui.lianjia.com/ershoufang/105121315130.html
一线江景，红本在手，7米大阳台，凤凰楼层，拎包入住,"中信水岸城二三期 , 东江新城",3室2厅,167.83平米,东南,精装,32层 ,,板楼,175 万,10428 元,0,,,VR房源 | 房本满两年 | 随时看房,https://hui.lianjia.com/ershoufang/105122092084.html
凯旋城 3房  南向光照好，通风效果好！,"中海凯旋城五六期 , 河南岸",3室2厅,87.43平米,东南,毛坯,32层 ,,板塔结合,72 万,8236 元,0,,,VR看装修 | 房本满五年 | 随时看房,https://hui.lianjia.com/ershoufang/105122092279.html
临深白云新城，带装修三房，近沙田地铁口,"鹏城里 , 白云新城",3室2厅,93.44平米,东北,简装,28层 ,,板塔结合,47.8 万,5116 元,0,,25天以前发布,VR看装修 | 房本满五年 | 随时看房,https://hui.lianjia.com/ershoufang/105122309811.html
边位三房两卫，南向采光充足，视野开阔,"小径海岸城花园 , 霞涌",3室1厅,104平米,南,精装,33层 ,,板塔结合,48.8 万,4693 元,1,,,VR房源 | 随时看房,https://hui.lianjia.com/ershoufang/105120922894.html
科技园旁，次新小区，实用四房。,"仁和美地家园 , 吾悦广场",4室2厅,114.97平米,南 北,毛坯,32层 ,,塔楼,66.9 万,5819 元,1,,,VR看装修 | 房本满两年 | 随时看房,https://hui.lianjia.com/ershoufang/105120905598.html
采光通风效果好，业主诚意出售，小区舒服.,"惠州星河盛世 , 白云新城",4室2厅,89.26平米,西南,,33层 ,,板塔结合,56 万,6274 元,0,,,VR看装修 | 随时看房,https://hui.lianjia.com/ershoufang/105116641404.html
顶楼复式4房上下2层 天台种菜 种花,"碧桂园翠湖湾 , 新圩",4室3厅,181.95平米,东南,精装,高楼层(共17层) ,,塔楼,116 万,6376 元,1,,,VR房源 | 房本满两年 | 随时看房,https://hui.lianjia.com/ershoufang/105120531228.html
轻轨物业 金辉新苑精装大三房 保养好 拎包入住,"金輝新苑 , 龙丰",3室2厅,130.34平米,北,精装,中楼层(共9层) ,,板塔结合,75 万,5755 元,0,,,VR房源 | 房本满五年 | 随时看房,https://hui.lianjia.com/ershoufang/105118865051.html
中间楼层采光好 户型方正 满五唯一 税费低,"公交宿舍 , 麦地",3室2厅,78.82平米,南,,9层 ,,,29.8 万,3781 元,0,,31天以前发布,VR房源 | 房本满五年 | 随时看房,https://hui.lianjia.com/ershoufang/105122256853.html
落地窗 高楼层 采光视野好 佳兆业一期 业主诚心出售,"佳兆业中心一期 , 江北",1室1厅,42.62平米,东,精装,29层 ,,板塔结合,28.5 万,6688 元,0,,30天以前发布,VR看装修 | 房本满五年 | 随时看房,https://hui.lianjia.com/ershoufang/105122268072.html
博罗新城区 电梯两房 阳台朝南 中间楼层 下楼就是操场,"佳兆业东江新城十期 , 博罗中心区",2室2厅,74平米,南,,34层 ,,板塔结合,27 万,3649 元,0,,,VR看装修 | 随时看房,https://hui.lianjia.com/ershoufang/105122101098.html
地段好，建材城小高层，无欠款，近万达-益田-吾悦广场,"华南国际 , 吾悦广场",4室2厅,110.05平米,南,精装,中楼层(共5层) ,,板楼,46 万,4180 元,0,,,VR看装修 | 房本满五年,https://hui.lianjia.com/ershoufang/105121873184.html
中间楼层采光好，小区内好，配套成熟，,"长汀花园 , 吾悦广场",2室1厅,60.38平米,南,毛坯,17层 ,,板塔结合,26 万,4307 元,2,,,VR看装修 | 房本满五年 | 随时看房,https://hui.lianjia.com/ershoufang/105111781793.html
下角丽水湾精装3房 业主诚意出售 看房方便,"鹏达丽水湾 , 下角",3室2厅,103.44平米,西 北,简装,低楼层(共27层) ,,板塔结合,83 万,8024 元,0,,,VR看装修 | 房本满五年,https://hui.lianjia.com/ershoufang/105121010753.html
诚心出售，南北向双阳台的户型，采光充足,"秋谷跃府 , 西区新寮",4室2厅,99.65平米,南,精装,27层 ,,板塔结合,64 万,6423 元,1,,,VR房源 | 房本满五年 | 随时看房,https://hui.lianjia.com/ershoufang/105118719721.html
惠州南站，优质地段，北向两房，业主诚心出售。,"长汀花园 , 吾悦广场",2室2厅,60.73平米,西北,毛坯,18层 ,,板塔结合,26 万,4282 元,1,,,VR看装修 | 随时看房,https://hui.lianjia.com/ershoufang/105113963869.html
南北通四房 采光通风好。天虹旁，高楼层,"中央国墅园 , 区政府",4室2厅,108.76平米,南 北,毛坯,29层 ,,板塔结合,48.5 万,4460 元,0,,7天以前发布,VR房源 | 随时看房,https://hui.lianjia.com/ershoufang/105122489041.html
户型方正采光好，业主城心出售交通方便，,"东信新天华府 , 江北",3室2厅,116.77平米,南,,24层 ,,板塔结合,70 万,5995 元,0,,,VR看装修 | 随时看房,https://hui.lianjia.com/ershoufang/105117528502.html
精装修 家私家电全齐 拎包入住 东江湾,"东江湾 , 江北",1室1厅,48平米,西,精装,中楼层(共30层) ,,板塔结合,35 万,7292 元,0,,,VR看装修 | 房本满两年,https://hui.lianjia.com/ershoufang/105120867292.html
碧桂园珑尚花园 户型方正 实用性强，视野开阔,"碧桂园珑尚花园 , 水口",4室2厅,108.49平米,南,毛坯,高楼层(共34层) ,,板塔结合,68 万,6268 元,0,,,VR看装修 | 房本满两年 | 随时看房,https://hui.lianjia.com/ershoufang/105117941657.html
梵高的花园4房2阳台，毛坯137平，户型方正，随时可看,"梵高的花园 , 江北",4室2厅,137平米,南,毛坯,33层 ,,板塔结合,123 万,8979 元,0,,,VR看装修 | 房本满两年 | 随时看房,https://hui.lianjia.com/ershoufang/105114007576.html
新力三期开阔4房中高楼层看花园,"新力城三期 , 水口",4室2厅,136平米,南,毛坯,高楼层(共32层) ,,板塔结合,103 万,7574 元,0,,,VR看装修 | 随时看房,https://hui.lianjia.com/ershoufang/105120592177.html
满五唯一，小户型，装修好没住过，靠红树林,"栖境园 , 大亚湾中心区",1室0厅,34.24平米,北,简装,12层 ,,板塔结合,18.8 万,5491 元,0,,12天以前发布,VR房源 | 房本满五年 | 随时看房,https://hui.lianjia.com/ershoufang/105122436852.html
陈江繁华成熟地段，高品质小区，百万方成熟社区,"华廷悦府 , 陈江",4室2厅,128.22平米,南,毛坯,高楼层(共32层) ,,塔楼,112 万,8735 元,0,,,VR房源 | 随时看房,https://hui.lianjia.com/ershoufang/105119453417.html
户型方正，东向，价格可以沟通。,"惠阳雅居乐花园一期 , 南站新城",2室2厅,75.91平米,东南,,24层 ,,板塔结合,29.9 万,3939 元,0,,,VR看装修 | 随时看房,https://hui.lianjia.com/ershoufang/105121476048.html
复式洋房、中间楼层、80万精装、人车分流、仅契税,"星河丹堤N区 , 南站新城",5室2厅,177.61平米,南 北,精装,低楼层(共17层) ,,塔楼,285 万,16047 元,3,,,VR房源 | 房本满两年 | 随时看房,https://hui.lianjia.com/ershoufang/105119174504.html
此房满五，，采光楼层好，业主诚心出售,"DADA的草地 , 大亚湾中心区",2室1厅,58.59平米,南,毛坯,32层 ,,板塔结合,13.8 万,2356 元,5,,,VR看装修 | 房本满五年 | 随时看房,https://hui.lianjia.com/ershoufang/105114819331.html
江北中 心 精装4房 163平保养很好 繁华地段配套齐全,"佳兆业中心二期 , 江北",4室2厅,163.59平米,南,精装,41层 ,,板塔结合,139 万,8497 元,1,,,VR房源 | 房本满两年 | 随时看房,https://hui.lianjia.com/ershoufang/105121776847.html
搬砖半年5千收入安家仲恺康城四季花园三房无欠款,"TCL康城四季 , 惠环",3室1厅,89.5平米,南,毛坯,32层 ,,塔楼,50 万,5587 元,0,,16天以前发布,VR房源 | 随时看房,https://hui.lianjia.com/ershoufang/105122389627.html
区政府旁 标准三房  房子保养很好 户型方正,"中港华庭 , 区政府",3室2厅,103.33平米,南 北,精装,26层 ,,塔楼,66 万,6388 元,0,,,VR看装修 | 房本满五年,https://hui.lianjia.com/ershoufang/105119632378.html
听涛复式二房精装修诚心出售随时可以看房,"听涛雅苑 , 大亚湾中心区",2室1厅,33.14平米,北,精装,7层 ,,板塔结合,20.8 万,6277 元,0,,,VR房源 | 房本满两年 | 随时看房,https://hui.lianjia.com/ershoufang/105122090920.html
（平台推荐）临深精装修三房，好出租，税费少,"慧湾中心 , 西区新寮",3室2厅,95.86平米,南,精装,33层 ,,板塔结合,79.8 万,8325 元,0,,27天以前发布,VR看装修,https://hui.lianjia.com/ershoufang/105122300583.html
业主自住 精装 看花园 保养好,"星河丹堤G区 , 南站新城",3室2厅,98.07平米,南,精装,34层 ,,塔楼,105 万,10707 元,0,,,VR看装修 | 房本满五年 | 随时看房,https://hui.lianjia.com/ershoufang/105120388520.html
天益城轻轨站500米朝南四房诚意出售,"milk花园 , 陈江",4室2厅,91.32平米,南,毛坯,32层 ,,塔楼,43 万,4709 元,0,,,VR看装修 | 房本满两年 | 随时看房,https://hui.lianjia.com/ershoufang/105113568873.html
朝南大两房，视野开阔，价格好谈,"诗林廊桥苑 , 澳头",2室2厅,83.36平米,南,,24层 ,,板塔结合,28 万,3359 元,0,,,VR看装修 | 房本满五年 | 随时看房,https://hui.lianjia.com/ershoufang/105121859940.html
恒大悦龙台精装三房，业主急售！！！,"恒大悦龙台 , 万达",3室2厅,85平米,北,精装,32层 ,,板塔结合,59 万,6942 元,0,,15天以前发布,VR房源 | 房本满两年 | 随时看房,https://hui.lianjia.com/ershoufang/105122404613.html
恒宇新苑 大三房 南北通3房 户型正采光好,"恒宇新苑 , 河南岸",3室2厅,120.16平米,南,精装,中楼层(共7层) ,,板楼,79 万,6575 元,0,,18天以前发布,VR看装修 | 房本满五年,https://hui.lianjia.com/ershoufang/105122370979.html
壹城精装修大户型，保养很新，业主诚售。,"壹城中心2区 , 陈江",4室1厅,138.7平米,南 北,,中楼层(共32层) ,,塔楼,115 万,8292 元,0,,,VR看装修 | 随时看房,https://hui.lianjia.com/ershoufang/105121991775.html
东湖花园六号小区 南向三房两厅 有钥匙看房,"东湖花园六号小区 , 东平",3室2厅,102.78平米,南,简装,低楼层(共9层) ,,板楼,79 万,7687 元,0,,,VR房源 | 房本满五年 | 随时看房,https://hui.lianjia.com/ershoufang/105119500509.html
中间楼层采光好 户型方正 满五唯一 税费低,"公交宿舍 , 麦地",3室2厅,78.82平米,南,,9层 ,,,29.8 万,3781 元,0,,31天以前发布,VR房源 | 房本满五年 | 随时看房,https://hui.lianjia.com/ershoufang/105122256853.html
居住安静舒适。户型方正。楼下有幼儿园,"恒大棕榈岛 , 白云新城",4室2厅,114.32平米,南,毛坯,32层 ,,板楼,65 万,5686 元,0,,,VR看装修 | 房本满五年 | 随时看房,https://hui.lianjia.com/ershoufang/105121437543.html
合生上观国际  大三房  户型方正  楼层好,"合生·上观国际 , 水口",3室2厅,132.36平米,南,精装,中楼层(共18层) ,,塔楼,85 万,6422 元,0,,,VR房源 | 房本满两年,https://hui.lianjia.com/ershoufang/105118236478.html
水口新力城三期109平大三房好楼层品质次新小区,"新力城三期 , 水口",3室2厅,109.45平米,南,毛坯,低楼层(共32层) ,,板楼,80 万,7310 元,0,,,VR看装修 | 随时看房,https://hui.lianjia.com/ershoufang/105121728567.html
隆生仲恺花园3区4房2厅2卫，天益城商圈，配套齐全,"隆生仲恺花园3区 , 陈江",4室2厅,127平米,南,毛坯,高楼层(共32层) ,,板楼,83 万,6536 元,0,,,VR看装修 | 随时看房,https://hui.lianjia.com/ershoufang/105117831903.html
：此房朝南，边户，采光好，小区中间位置视野开阔,"金沙世纪城 , 大亚湾中心区",3室2厅,87.08平米,南,精装,32层 ,,板塔结合,47 万,5398 元,3,,,VR看装修 | 房本满五年 | 随时看房,https://hui.lianjia.com/ershoufang/105120092263.html
红本在手，拧包入住，视野开阔。 大 社 区 带电梯,"半岛1号三期 , 白云新城",4室2厅,148.33平米,南 北,简装,16层 ,,板塔结合,95 万,6405 元,0,,,VR房源 | 房本满五年 | 随时看房,https://hui.lianjia.com/ershoufang/105119677530.html
N2区新上房源简欧装修楼层好诚心卖,"星河丹堤N区 , 南站新城",4室1厅,138.84平米,南,精装,8层 ,,板楼,183 万,13181 元,5,,,VR房源 | 房本满五年,https://hui.lianjia.com/ershoufang/105122105400.html
户型方正，采光通风，楼层位置好，配套设施齐全,"亚迪二村二区 , 澳头",3室2厅,115.39平米,南,,32层 ,,板塔结合,44.8 万,3883 元,2,,,VR房源 | 房本满五年 | 随时看房,https://hui.lianjia.com/ershoufang/105120236655.html
业主诚心出售，朝南自住精装修，楼下配套齐全,"德丰凯旋城北区 , 大亚湾中心区",3室1厅,81.07平米,南,精装,27层 ,,板塔结合,56.8 万,7007 元,0,,,VR看装修,https://hui.lianjia.com/ershoufang/105122169259.html
安静不吵！宝安山水龙城 精装3房 拎包入住 装修保养好,"宝安山水龙城 , 水口",3室2厅,86.67平米,南,精装,中楼层(共27层) ,,塔楼,73 万,8423 元,0,,,VR看装修 | 房本满五年 | 随时看房,https://hui.lianjia.com/ershoufang/105122117131.html
121平三房两卫南北通透 36栋100米楼间距 采光通风好,"合生·上观国际 , 水口",3室2厅,121.39平米,南 北,毛坯,高楼层(共32层) ,,塔楼,93.6 万,7711 元,0,,,VR看装修 | 房本满两年 | 随时看房,https://hui.lianjia.com/ershoufang/105120454463.html
业主着急卖  看房方便  价格可谈,"金汇上元 , 万达",2室2厅,77.23平米,南,毛坯,31层 ,,板塔结合,43 万,5568 元,0,,,VR房源 | 随时看房,https://hui.lianjia.com/ershoufang/105120687957.html
华庭阁 1室1厅 南,"华庭阁 , 东平",1室1厅,42平米,南,,高楼层(共19层) ,,板塔结合,22.5 万,5358 元,0,,18天以前发布,VR房源 | 随时看房,https://hui.lianjia.com/ershoufang/105122365470.html
红本无抵押 南北格局 看小区园林 绿色满眼 经济三房,"星河丹堤G区 , 南站新城",3室1厅,87.09平米,北,,34层 ,,塔楼,75 万,8612 元,0,,,VR房源 | 随时看房,https://hui.lianjia.com/ershoufang/105119871320.html
朝南高楼层，适合居家，年轻人的首  选,"碧桂园中萃公园 , 大亚湾中心区",4室2厅,99.78平米,南 北,精装,17层 ,,板塔结合,63.8 万,6395 元,0,,,VR房源 | 房本满五年,https://hui.lianjia.com/ershoufang/105121206822.html
业主急售 户型方正采光好 面积使用率高,"天源花园 , 大亚湾中心区",3室2厅,81.18平米,南 北,,27层 ,,板塔结合,43 万,5297 元,0,,,VR看装修 | 房本满五年 | 随时看房,https://hui.lianjia.com/ershoufang/105121472953.html
全新精装3房2厅1卫；没入住过；全南户型好,"碧桂园珑尚花园 , 水口",3室2厅,103平米,南,精装,高楼层(共34层) ,,板塔结合,71 万,6894 元,0,,,VR看装修 | 随时看房,https://hui.lianjia.com/ershoufang/105119958650.html
仲恺高铁站边成熟大社区好楼层三房,"海伦艺境 , 潼侨沥林",3室2厅,92.76平米,南 北,毛坯,33层 ,,板塔结合,40 万,4313 元,0,,,VR看装修 | 房本满两年 | 随时看房,https://hui.lianjia.com/ershoufang/105119932527.html
自住装修拎包入住店长推荐限时秒杀价实收10抓住机会,"文华楼 , 开城大润发",1室1厅,28.75平米,南,,中楼层(共8层) ,,,10 万,3479 元,4,,,VR看装修 | 房本满五年 | 随时看房,https://hui.lianjia.com/ershoufang/105122111032.html
景区门口老小区，物业实惠，价格低廉,"华羚新厦 , 龙丰",3室2厅,110.3平米,南,简装,高楼层(共8层) ,,,30 万,2720 元,0,,,VR看装修 | 房本满五年 | 随时看房,https://hui.lianjia.com/ershoufang/105122129324.html
俯瞰别墅区园林景观 宽阔大客厅朝南采光很好 环境优美,"东方新城 , 秋长",4室2厅,146.8平米,南 东南,精装,18层 ,,板塔结合,78.88 万,5374 元,0,,,VR房源 | 房本满五年,https://hui.lianjia.com/ershoufang/105121185114.html
楼层好 采光好，视野开阔，央 企书香大盘,"保利阳光城四期 , 白云新城",3室2厅,104.91平米,南 北,毛坯,31层 ,,板塔结合,61.8 万,5891 元,1,,,VR看装修 | 随时看房,https://hui.lianjia.com/ershoufang/105119883242.html
江北低价位选择，三环内，小三房，总价低，刚需,"田家炳第一中学宿舍楼 , 江北",3室2厅,91平米,东南,精装,高楼层(共7层) ,,,44.8 万,4924 元,0,,,VR房源 | 房本满五年 | 随时看房,https://hui.lianjia.com/ershoufang/105122081819.html
龙湖物业 南北通大四房 诚意出售 好楼层,"龙湖春江名宸府 , 陈江",4室2厅,118平米,南 北,毛坯,中楼层(共26层) ,,,78 万,6611 元,0,,,VR看装修 | 随时看房,https://hui.lianjia.com/ershoufang/105121985056.html
楼层漂亮 拎包入住  采光好 随时可以看房,"艺都南国明珠 , 新圩",3室2厅,93.74平米,南,精装,高楼层(共11层) ,,板塔结合,48 万,5121 元,0,,,VR房源 | 房本满五年 | 随时看房,https://hui.lianjia.com/ershoufang/105121998999.html
滨海公园边上，160平，大4房2厅2卫，业主诚心卖,"合生滨海城 , 澳头",4室1厅,161.17平米,东南,毛坯,31层 ,,板塔结合,60 万,3723 元,3,,,VR房源 | 房本满五年 | 随时看房,https://hui.lianjia.com/ershoufang/105121382350.html
海伦湾刚需三房，全新毛坯首付几万即可上车，看房方便,"海伦堡海伦湾 , 东平",3室2厅,89.5平米,东,毛坯,低楼层(共32层) ,,板塔结合,66 万,7375 元,0,,,VR房源 | 房本满五年 | 随时看房,https://hui.lianjia.com/ershoufang/105115046025.html
尚城世家二期  邻图书馆 近体育公园 高楼层 采光好,"尚城世家二期 , 区政府",3室2厅,83.41平米,北,,26层 ,,板塔结合,63 万,7554 元,1,,,VR看装修 | 房本满五年,https://hui.lianjia.com/ershoufang/105120278102.html
此房地段好，出小区门就是市政广场跟市场，居住方便,"隆基天地广场 , 区政府",3室2厅,128.7平米,东 西南,,23层 ,,板塔结合,68.8 万,5346 元,1,,,VR房源 | 房本满五年 | 随时看房,https://hui.lianjia.com/ershoufang/105121586421.html
恒大悦龙台精装三房，业主急售！！！,"恒大悦龙台 , 万达",3室2厅,85平米,北,精装,32层 ,,板塔结合,59 万,6942 元,0,,15天以前发布,VR房源 | 房本满两年 | 随时看房,https://hui.lianjia.com/ershoufang/105122404613.html
德洲中心城 3室2厅 南,"德洲中心城 , 大亚湾中心区",3室2厅,94.86平米,南,毛坯,32层 ,,板塔结合,38 万,4006 元,1,,,VR看装修 | 房本满五年 | 随时看房,https://hui.lianjia.com/ershoufang/105121906317.html
凯旋城 3房  南向光照好，通风效果好！,"中海凯旋城五六期 , 河南岸",3室2厅,87.43平米,东南,毛坯,32层 ,,板塔结合,72 万,8236 元,0,,,VR看装修 | 房本满五年 | 随时看房,https://hui.lianjia.com/ershoufang/105122092279.html
万达，11层洋房，红本在手不欠款，交易简单,"熊猫国际三期 , 万达",3室2厅,125.32平米,南 北,简装,11层 ,,塔楼,83 万,6624 元,1,,,VR看装修 | 房本满五年 | 随时看房,https://hui.lianjia.com/ershoufang/105120874250.html
乐基大厦小区属于惠阳淡水2017年的房子 近高速,"乐基大厦 , 区政府",4室2厅,87.92平米,南,毛坯,29层 ,,板塔结合,48 万,5460 元,0,,,VR看装修 | 房本满五年 | 随时看房,https://hui.lianjia.com/ershoufang/105119252071.html
尚城世家，全屋智能装修，拎包入住,"尚城世家二期 , 区政府",2室2厅,81.37平米,西,,26层 ,,板塔结合,68 万,8357 元,0,,,VR看装修 | 房本满五年 | 随时看房,https://hui.lianjia.com/ershoufang/105121326180.html
区政府天虹商场旁边，交通方便  精装两房，拎包入住,"鼎盛广场 , 区政府",2室2厅,66.5平米,东南,精装,33层 ,,板塔结合,26 万,3910 元,5,,,VR房源 | 随时看房,https://hui.lianjia.com/ershoufang/105113096279.html
万科金枫花园94平方 精装修三房 诚心出售,"万科中交金枫花园 , 马安",3室2厅,93.32平米,南,精装,中楼层(共27层) ,,塔楼,95 万,10181 元,0,,,VR看装修 | 房本满两年 | 随时看房,https://hui.lianjia.com/ershoufang/105116883358.html
临深白云新城，带装修三房，近沙田地铁口,"鹏城里 , 白云新城",3室2厅,93.44平米,东北,简装,28层 ,,板塔结合,47.8 万,5116 元,0,,25天以前发布,VR看装修 | 房本满五年 | 随时看房,https://hui.lianjia.com/ershoufang/105122309811.html
业主诚心出售 随时可以看房 高楼层,"天健书香名邸 , 新圩",4室2厅,122.97平米,南 北,毛坯,32层 ,,塔楼,55 万,4473 元,1,,,VR看装修 | 房本满两年 | 随时看房,https://hui.lianjia.com/ershoufang/105121771626.html
满五唯一  实用朝南两房 通风采光好,"锦地繁花 , 西区新寮",2室2厅,77.21平米,南,毛坯,21层 ,,板塔结合,42 万,5440 元,0,,27天以前发布,VR房源 | 随时看房,https://hui.lianjia.com/ershoufang/105122297731.html
马安金山新城铂钻4房 采光视野好 业主诚心出售,"铂钻花园 , 东江新城",4室2厅,114.93平米,南,毛坯,27层 ,,板塔结合,95 万,8266 元,0,,,VR看装修 | 房本满两年 | 随时看房,https://hui.lianjia.com/ershoufang/105119580655.html
美丽洲 4室1厅 东南,"美丽洲 , 马安",4室1厅,138.7平米,东南,,高楼层(共32层) ,,塔楼,110 万,7931 元,0,,,VR看装修 | 房本满两年 | 随时看房,https://hui.lianjia.com/ershoufang/105121596327.html
海景城大社区 户型方正 高层视野开阔,"海景城 , 澳头",4室2厅,120.47平米,南 北,毛坯,33层 ,,板塔结合,60 万,4981 元,1,,,VR看装修 | 房本满五年 | 随时看房,https://hui.lianjia.com/ershoufang/105117589812.html
全新精装，南北双阳台双卫，楼层视野佳，红本，税费低,"美悦湾 , 大亚湾中心区",3室2厅,91.41平米,南 北,精装,中楼层(共33层) ,,板楼,57 万,6236 元,2,,29天以前发布,VR看装修 | 随时看房,https://hui.lianjia.com/ershoufang/105122273567.html
小区地理位置优越，楼层采光好，花园绿化好，,"鑫月御园 , 秋长",3室2厅,93.22平米,东南,毛坯,31层 ,,板塔结合,43 万,4613 元,0,,,VR看装修 | 房本满两年 | 随时看房,https://hui.lianjia.com/ershoufang/105112698232.html
皇冠豪苑 147平 4加1房 一线看江  两梯两户纯板式楼,"万城皇冠豪苑 , 水口",5室2厅,147.81平米,南,毛坯,22层 ,,板楼,142 万,9607 元,0,,,VR看装修 | 房本满两年 | 随时看房,https://hui.lianjia.com/ershoufang/105121315130.html
一线江景，红本在手，7米大阳台，凤凰楼层，拎包入住,"中信水岸城二三期 , 东江新城",3室2厅,167.83平米,东南,精装,32层 ,,板楼,175 万,10428 元,0,,,VR房源 | 房本满两年 | 随时看房,https://hui.lianjia.com/ershoufang/105122092084.html
户型布局合理  儿童老人活动区域热闹  生活舒适惬意,"渝景湾花园四期 , 澳头",3室2厅,96.48平米,南,简装,低楼层(共26层) ,,板塔结合,27 万,2799 元,7,,,VR房源 | 房本满五年 | 随时看房,https://hui.lianjia.com/ershoufang/105113037142.html
壹城精装修三房 业主自住保养好 可拎包入住,"壹城中心1区 , 陈江",3室2厅,88.9平米,南,精装,低楼层(共32层) ,,塔楼,75 万,8437 元,0,,,VR看装修,https://hui.lianjia.com/ershoufang/105121241501.html
无个人所得税，得房高，楼层好，带装修四房,"盛湾名居 , 澳头",4室2厅,113.09平米,南 北,简装,22层 ,,塔楼,63 万,5571 元,1,,,VR房源 | 房本满五年 | 随时看房,https://hui.lianjia.com/ershoufang/105119452174.html
"满五唯一，南北通透看花园景观,视野开阔，绿化高","星河丹堤G区 , 南站新城",3室2厅,86.71平米,南 北,毛坯,34层 ,,板塔结合,69 万,7958 元,3,,,VR房源 | 房本满五年 | 随时看房,https://hui.lianjia.com/ershoufang/105118483097.html
边位三房两卫，南向采光充足，视野开阔,"小径海岸城花园 , 霞涌",3室1厅,104平米,南,精装,33层 ,,板塔结合,48.8 万,4693 元,1,,,VR房源 | 随时看房,https://hui.lianjia.com/ershoufang/105120922894.html
采光通风效果好，业主诚意出售，小区舒服.,"惠州星河盛世 , 白云新城",4室2厅,89.26平米,西南,,33层 ,,板塔结合,56 万,6274 元,0,,,VR看装修 | 随时看房,https://hui.lianjia.com/ershoufang/105116641404.html
科技园旁，次新小区，实用四房。,"仁和美地家园 , 吾悦广场",4室2厅,114.97平米,南 北,毛坯,32层 ,,塔楼,66.9 万,5819 元,1,,,VR看装修 | 房本满两年 | 随时看房,https://hui.lianjia.com/ershoufang/105120905598.html
轻轨物业 金辉新苑精装大三房 保养好 拎包入住,"金輝新苑 , 龙丰",3室2厅,130.34平米,北,精装,中楼层(共9层) ,,板塔结合,75 万,5755 元,0,,,VR房源 | 房本满五年 | 随时看房,https://hui.lianjia.com/ershoufang/105118865051.html
顶楼复式4房上下2层 天台种菜 种花,"碧桂园翠湖湾 , 新圩",4室3厅,181.95平米,东南,精装,高楼层(共17层) ,,塔楼,116 万,6376 元,1,,,VR房源 | 房本满两年 | 随时看房,https://hui.lianjia.com/ershoufang/105120531228.html
满二唯一税费少，次新房，近吾悦广场,"香树丽苑 , 吾悦广场",3室1厅,91.74平米,南,,33层 ,,板塔结合,59 万,6432 元,0,,30天以前发布,VR房源 | 房本满五年 | 随时看房,https://hui.lianjia.com/ershoufang/105122259989.html
湖景房少见 新力花园一期117平方南北通透装修真材实料,"新力城一期 , 水口",3室2厅,117.67平米,南 北,精装,33层 ,,板楼,95 万,8074 元,0,,,VR看装修 | 房本满五年,https://hui.lianjia.com/ershoufang/105121806677.html
此房户型方正中间楼层南北通视野开阔，带装修拎包入住,"蓝湾半岛(大亚湾区) , 澳头",3室1厅,92平米,南,精装,20层 ,,板塔结合,42 万,4566 元,0,,,VR看装修 | 房本满五年 | 随时看房,https://hui.lianjia.com/ershoufang/105120691538.html
美因河畔花园 好楼层 景观好 生活方便,"美茵河畔花园 , 龙光城",4室2厅,121.58平米,南,精装,32层 ,,板塔结合,98 万,8061 元,0,,,VR看装修 | 房本满五年,https://hui.lianjia.com/ershoufang/105122137905.html
房子户型方正，采光好。。。。。。。,"格林童话世界四期 , 潼侨沥林",2室2厅,74.76平米,南,毛坯,高楼层(共18层) ,,板塔结合,36 万,4816 元,8,,,VR看装修 | 房本满五年 | 随时看房,https://hui.lianjia.com/ershoufang/105106118825.html
菱湖花园，小区安静，楼下即是丽日广场，生活便利。,"菱湖花园 , 下角",3室2厅,80.63平米,南,简装,低楼层(共9层) ,,板塔结合,35 万,4341 元,1,,,VR看装修 | 房本满五年 | 随时看房,https://hui.lianjia.com/ershoufang/105121463415.html
户型方正 视野 开阔 离公园近,"东江豪门 , 博罗中心区",5室2厅,231平米,南 北,精装,低楼层(共27层) ,,板塔结合,180 万,7793 元,0,,,VR看装修,https://hui.lianjia.com/ershoufang/105119181712.html
一线临深花园，朝南看花园，河景,"曦悦湾畔花园 , 西区新寮",3室2厅,86.04平米,南,精装,33层 ,,板塔结合,68 万,7904 元,0,,,VR看装修 | 房本满两年 | 随时看房,https://hui.lianjia.com/ershoufang/105116369851.html
临深大社区三房两卫，楼层通风采光佳视野开阔，价格笋,"卓越东部蔚蓝海岸三期 , 西区新寮",3室2厅,103.67平米,东南,毛坯,33层 ,,板塔结合,69 万,6656 元,0,,,VR看装修 | 房本满五年 | 随时看房,https://hui.lianjia.com/ershoufang/105122246848.html
德威江誉城Ⅱ期 4室2厅 南,"德威江誉城Ⅱ期 , 马安",4室2厅,113.26平米,南,毛坯,中楼层(共32层) ,,塔楼,96.8 万,8547 元,0,,,VR看装修 | 房本满两年 | 随时看房,https://hui.lianjia.com/ershoufang/105120732010.html
沃尔玛 港惠新天地北区  租客稳定保养好 产权清晰急售,"港惠新天地北区 , 河南岸",2室2厅,74.36平米,南,精装,低楼层(共28层) ,,塔楼,53 万,7128 元,3,,,VR看装修 | 房本满五年,https://hui.lianjia.com/ershoufang/105120711682.html
花园中间，朝南三房，精装修保养小区天花板,"新世界长湖苑一期 , 东平",3室2厅,91.49平米,南,精装,中楼层(共9层) ,,板塔结合,48.7 万,5323 元,1,,,VR房源,https://hui.lianjia.com/ershoufang/105121957064.html
不仅打5折，还S装修，不仅 s装修还S全屋家私，地段好,"龙宸梧桐郡府 , 陈江",1室1厅,43.28平米,南,精装,28层 ,,塔楼,17.5 万,4044 元,4,,,VR看装修 | 随时看房,https://hui.lianjia.com/ershoufang/105118808885.html
临深三房 ， 业主诚心出售户型方正采光好,"秋谷康城 , 龙光城",3室2厅,97.65平米,南,毛坯,21层 ,,板塔结合,50 万,5121 元,2,,,VR看装修 | 房本满五年 | 随时看房,https://hui.lianjia.com/ershoufang/105121684932.html
美泰天韵绿化社区精装三房 中间楼层透风效果好,"美泰天韵 , 万达",3室2厅,95平米,南,精装,30层 ,,板塔结合,63 万,6632 元,2,,,VR看装修 | 房本满五年 | 随时看房,https://hui.lianjia.com/ershoufang/105118166846.html
富盈公馆一期精装修3房，中间楼层，视野好,"富盈公馆一期 , 马安",3室2厅,91.37平米,南,精装,20层 ,,塔楼,70 万,7662 元,0,,,VR看装修 | 房本满五年 | 随时看房,https://hui.lianjia.com/ershoufang/105118964369.html
德佑透明收佣，不做包单，阳台正南朝向，看花园小区,"海伦堡西子湾 , 下角",3室2厅,106.74平米,南,毛坯,低楼层(共31层) ,,板塔结合,75 万,7027 元,0,,,VR看装修 | 随时看房,https://hui.lianjia.com/ershoufang/105119836033.html
横厅大四房，交通便利，配套齐全。,"龙光城北八期 , 龙光城",4室2厅,118.02平米,南 北,精装,17层 ,,板塔结合,117.1 万,9923 元,3,,,VR看装修 | 房本满五年 | 随时看房,https://hui.lianjia.com/ershoufang/105119859293.html
德威花园小区，红本在手，业主急售，大三房，户型方正,"德威花园城 , 秋长",3室2厅,100.43平米,南,毛坯,中楼层(共32层) ,,板楼,41.4 万,4123 元,1,,,VR房源 | 房本满五年 | 随时看房,https://hui.lianjia.com/ershoufang/105120838545.html
龙光城大三房 业主诚心卖 视野开阔 采光好,"龙光城北三期 , 龙光城",3室2厅,81.57平米,东南 南,精装,低楼层(共34层) ,,板塔结合,67 万,8214 元,27,,,VR看装修 | 房本满五年 | 随时看房,https://hui.lianjia.com/ershoufang/105109093947.html
横厅4房  业主诚心出售  有钥匙随时可以看房,"龙光城南四期 , 龙光城",4室2厅,108.72平米,东北,毛坯,34层 ,,塔楼,88 万,8095 元,0,,14天以前发布,VR房源 | 房本满五年 | 随时看房,https://hui.lianjia.com/ershoufang/105122420303.html
房子格局 楼层好 视野开阔 采光充足,"碧桂园云创家园 , 潼侨沥林",2室1厅,42.64平米,东南,,20层 ,,板塔结合,22.6 万,5301 元,0,,17天以前发布,VR房源 | 房本满五年 | 随时看房,https://hui.lianjia.com/ershoufang/105122387121.html
"小区环境优美,绿化覆盖率高通透性好，适宜居住","玖龙台 , 潼侨沥林",3室2厅,88.75平米,南,,32层 ,,板塔结合,44 万,4958 元,0,,,VR看装修 | 房本满两年 | 随时看房,https://hui.lianjia.com/ershoufang/105121976855.html
德润天峰中间楼层朝正南小三房诚意售出,"德润天峰 , 潼侨沥林",3室2厅,79.89平米,南,毛坯,18层 ,,板塔结合,38 万,4757 元,0,,,VR看装修 | 随时看房,https://hui.lianjia.com/ershoufang/105121373911.html
急售 灿邦商圈 南北通4房2卫3阳台 中高楼层 视野好,"十月花花园 , 大亚湾中心区",4室2厅,131.08平米,南 北,简装,33层 ,,板楼,88 万,6714 元,0,,,VR看装修 | 房本满五年 | 随时看房,https://hui.lianjia.com/ershoufang/105114199813.html
位置好，采光充足，业主诚意急卖，方便看房,"星河丹堤G4区 , 南站新城",5室2厅,172.32平米,南 北,毛坯,10层 ,,板塔结合,240 万,13928 元,1,,,VR看装修 | 房本满两年 | 随时看房,https://hui.lianjia.com/ershoufang/105120272939.html
三和经济开发区，新力龙湾，全屋定制家私家电,"新力珑湾 , 三和经济开发区",3室2厅,89.72平米,南,,中楼层(共31层) ,,塔楼,50 万,5573 元,0,,6天以前发布,VR房源 | 随时看房,https://hui.lianjia.com/ershoufang/105122504741.html
中信水岸城四期玫瑰湾央企大社区,"中信水岸城四期 , 东江新城",3室2厅,112平米,南,精装,中楼层(共30层) ,,板楼,106.8 万,9536 元,0,,,VR房源,https://hui.lianjia.com/ershoufang/105121098663.html
天御二期业主诚心出售，刚需户型，明厨明卫业主诚心卖,"中洲天御二期 , 河南岸",3室2厅,93平米,南,毛坯,低楼层(共33层) ,,板塔结合,78 万,8388 元,1,,,VR房源 | 随时看房,https://hui.lianjia.com/ershoufang/105121800011.html
陈江轻轨口天益城沃尔玛商圈 隆生仲恺花园3房价格实惠,"隆生仲恺花园 , 陈江",3室2厅,112.25平米,东南,毛坯,32层 ,,塔楼,70 万,6237 元,0,,,VR看装修 | 随时看房,https://hui.lianjia.com/ershoufang/105121224808.html
满五唯一  中间楼层  采光通风不错,"玫瑰华庭 , 草洋新区",3室1厅,93.44平米,南,,9层 ,,板楼,38.8 万,4153 元,0,,,VR看装修 | 房本满五年,https://hui.lianjia.com/ershoufang/105121247981.html
精装三房朝南看花园，业主诚心出售,"金洋嘉丽园 , 澳头",3室2厅,103平米,南,精装,28层 ,,板塔结合,60 万,5826 元,0,,,VR看装修 | 房本满五年 | 随时看房,https://hui.lianjia.com/ershoufang/105120236107.html
126平方大三房，高楼层，配套齐全,"新时代花园二期 , 博罗中心区",3室2厅,126平米,南,毛坯,28层 ,,塔楼,46 万,3651 元,0,,,VR看装修 | 房本满五年 | 随时看房,https://hui.lianjia.com/ershoufang/105116672388.html
光耀荷兰小城 3室1厅 北,"光耀荷兰小城 , 陈江",3室1厅,80.19平米,北,精装,33层 ,,板塔结合,46 万,5737 元,0,,,VR看装修 | 房本满五年 | 随时看房,https://hui.lianjia.com/ershoufang/105121084116.html
江北少有大复式，带300平私家露台，精装7房，诚意出售,"江北盛世华府 , 江北",7室2厅,305.1平米,南,精装,高楼层(共13层) ,,板楼,258 万,8457 元,3,,,VR房源 | 房本满五年,https://hui.lianjia.com/ershoufang/105118964969.html
原购价高 费用少 利用率高 生活便利,"华悦柠檬圈子 , 澳头",3室2厅,92.78平米,南,毛坯,高楼层(共17层) ,,板塔结合,32 万,3450 元,1,,,VR看装修 | 房本满两年 | 随时看房,https://hui.lianjia.com/ershoufang/105120973293.html
业主诚心出售，大社区，配套齐全，离万达近,"华冠花园 , 大亚湾中心区",2室1厅,42.76平米,北,简装,26层 ,,板塔结合,24.6 万,5754 元,1,,,VR看装修 | 房本满五年 | 随时看房,https://hui.lianjia.com/ershoufang/105115813128.html
全屋定制，西南看海景，看漂亮夕阳。,"维港湾花园 , 十里银滩",3室2厅,108.24平米,南,精装,中楼层(共34层) ,,,67.8 万,6264 元,1,,,VR看装修 | 随时看房,https://hui.lianjia.com/ershoufang/105121573856.html
新力城118平 好楼层，业主急售价格可谈,"新力城二期 , 水口",3室2厅,117.9平米,南,,高楼层(共32层) ,,板楼,77 万,6531 元,0,,,VR看装修 | 房本满两年 | 随时看房,https://hui.lianjia.com/ershoufang/105121815430.html
富华花园大三房 交通便利 配套成熟,"富华花园 , 博罗中心区",3室2厅,122平米,北 南,简装,高楼层(共7层) ,,板楼,38 万,3115 元,0,,19天以前发布,VR房源 | 房本满五年,https://hui.lianjia.com/ershoufang/105122361034.html
壹城中心二区刚需3房，楼层好，安静舒适,"壹城中心2区 , 陈江",3室2厅,88.96平米,南,毛坯,低楼层(共28层) ,,塔楼,57.8 万,6498 元,2,,,VR看装修 | 房本满五年 | 随时看房,https://hui.lianjia.com/ershoufang/105110493269.html
小区环境简介、适宜人群及设施配套,"未来花园 , 东江新城",3室2厅,91.16平米,南,,低楼层(共26层) ,,塔楼,75 万,8228 元,0,,17天以前发布,VR房源 | 房本满两年 | 随时看房,https://hui.lianjia.com/ershoufang/105122382856.html
星河丹堤 高层7米长阳台  景观视野好南北通户型,"星河丹堤E区 , 南站新城",4室2厅,104.2平米,南 北,毛坯,34层 ,,,89 万,8542 元,4,,,VR看装修 | 房本满五年 | 随时看房,https://hui.lianjia.com/ershoufang/105120894194.html
户型方正，采光佳，布局合理，宽敞明亮，改善型,"光耀荷兰小城 , 陈江",3室2厅,77.17平米,东北,简装,28层 ,,板塔结合,42 万,5443 元,0,,,VR看装修 | 房本满五年 | 随时看房,https://hui.lianjia.com/ershoufang/105117396005.html
诚心出售次新小区 高楼层三房一套,"大亚湾碧桂园城央印象 , 吾悦广场",3室2厅,105.25平米,东南,精装,33层 ,,板塔结合,89 万,8457 元,0,,,VR看装修 | 随时看房,https://hui.lianjia.com/ershoufang/105121191988.html
水悦龙湾头排毛坯5房江景户型实用，有入户茶室,"龙光·水悦龙湾 , 东平",5室2厅,144.74平米,西南,毛坯,高楼层(共29层) ,,板塔结合,175 万,12091 元,0,,,VR看装修 | 房本满五年 | 随时看房,https://hui.lianjia.com/ershoufang/105117454545.html
大亚湾凯旋城北区两房 实用率高,"德丰凯旋城北区 , 大亚湾中心区",2室1厅,42平米,北,精装,26层 ,,塔楼,26 万,6191 元,2,,,VR看装修 | 房本满五年 | 随时看房,https://hui.lianjia.com/ershoufang/105120098151.html
天虹楼上小区 陈江核 心位置 价格可谈,"壹城中心6区 , 陈江",4室2厅,116.24平米,南 北,精装,低楼层(共32层) ,,塔楼,97 万,8345 元,0,,,VR看装修 | 房本满两年 | 随时看房,https://hui.lianjia.com/ershoufang/105117288123.html
满五唯一无欠款 前有广场后有公园 业主诚意出售,"御玺山大峡谷一期 , 比亚迪商圈",2室1厅,77.67平米,东,,32层 ,,板塔结合,34 万,4378 元,0,,16天以前发布,VR房源 | 随时看房,https://hui.lianjia.com/ershoufang/105122388241.html
高档装修，家具好，楼层靓，位置 好,"瑞和园 , 博罗中心区",4室2厅,140平米,北,简装,21层 ,,板楼,66.8 万,4772 元,0,,,VR房源 | 房本满五年 | 随时看房,https://hui.lianjia.com/ershoufang/105120038387.html
诚意出售，高楼层东户南向楼下就是益田带车位,"翡翠山珑悦 , 万达",3室2厅,103平米,南,精装,33层 ,,塔楼,115 万,11166 元,1,,8天以前发布,VR房源 | 房本满五年 | 随时看房,https://hui.lianjia.com/ershoufang/105122482315.html
华泰新村 原装电梯 精装三房 价格美丽,"华泰新邨 , 麦地",3室2厅,94.26平米,南,简装,高楼层(共12层) ,,板塔结合,60 万,6366 元,0,,,VR房源,https://hui.lianjia.com/ershoufang/105121999894.html
旺东国际广场小两房，视野开阔，采光充足,"旺东国际广场 , 开城大润发",2室2厅,67.3平米,西,简装,30层 ,,塔楼,44 万,6538 元,1,,,VR看装修 | 房本满五年 | 随时看房,https://hui.lianjia.com/ershoufang/105113253033.html
近南站，此房近COCO街。视野开阔,"星河丹堤S2区 , 南站新城",3室2厅,77.6平米,西北,毛坯,34层 ,,板塔结合,78 万,10052 元,0,,,VR看装修 | 房本满五年 | 随时看房,https://hui.lianjia.com/ershoufang/105114510082.html
原值高税费少，南向东边户看园林，诚心出售,"卓越东部蔚蓝海岸五期 , 西区新寮",3室2厅,95.79平米,南,简装,33层 ,,塔楼,87 万,9083 元,0,,,VR房源 | 随时看房,https://hui.lianjia.com/ershoufang/105121925244.html
南山公馆南 北向高层视野好 安静 看房有钥匙,"南山公馆 , 麦地",3室2厅,140.81平米,南,毛坯,高楼层(共16层) ,,板塔结合,84 万,5966 元,0,,14天以前发布,VR房源 | 房本满五年 | 随时看房,https://hui.lianjia.com/ershoufang/105122419977.html
华丽大厦 佳兆业商圈 带装修 3房2卫 目前出租2000,"华丽大厦 , 江北",3室1厅,122.59平米,南 西北,简装,30层 ,,板塔结合,73 万,5955 元,0,,,VR房源 | 房本满五年,https://hui.lianjia.com/ershoufang/105121586876.html
高品质大型小区、环境好，深圳与惠州交界处,"牧云溪谷五期云锦 , 新圩",2室2厅,79平米,东南,简装,32层 ,,板塔结合,91 万,11519 元,0,,,VR看装修 | 随时看房,https://hui.lianjia.com/ershoufang/105120870917.html
一楼带院子，看房有钥匙，西湖边上 3房格局，,"六角巷 , 下埔",3室1厅,73.09平米,南,简装,低楼层(共5层) ,,,29 万,3968 元,1,,,VR看装修 | 房本满五年 | 随时看房,https://hui.lianjia.com/ershoufang/105121658653.html
铂钻花园花园中间位置，性价格高，看花园,"铂钻花园 , 东江新城",3室2厅,96平米,南,毛坯,低楼层(共27层) ,,塔楼,75 万,7813 元,0,,,VR看装修 | 房本满两年 | 随时看房,https://hui.lianjia.com/ershoufang/105120678955.html
业主诚心出售 朝南看花园 腰斩价急售,"恒大依山海湾 , 澳头",3室2厅,99.72平米,南,毛坯,低楼层(共32层) ,,板塔结合,45 万,4513 元,0,,,VR看装修 | 房本满五年 | 随时看房,https://hui.lianjia.com/ershoufang/105119399905.html
满五唯一 红本在手 配套成熟，业主诚意出售,"左岸春天二期 , 开城大润发",2室1厅,54.19平米,东南 南,简装,15层 ,,,21.2 万,3913 元,10,,,VR看装修,https://hui.lianjia.com/ershoufang/105118186911.html
鑫月广场 3+1房 诚意出售 有钥匙 看房方便,"鑫月广场 , 陈江",4室2厅,108平米,南 北,精装,低楼层(共33层) ,,塔楼,68 万,6297 元,0,,12天以前发布,VR房源 | 随时看房,https://hui.lianjia.com/ershoufang/105122435096.html
隆生仲恺花园3区4房2厅2卫，天益城商圈，配套齐全,"隆生仲恺花园3区 , 陈江",4室2厅,127平米,南,毛坯,高楼层(共32层) ,,板楼,83 万,6536 元,0,,,VR看装修 | 随时看房,https://hui.lianjia.com/ershoufang/105117831903.html
彩虹城北区  带装修 一室  天虹大润发,"中天彩虹城北区 , 开城大润发",1室1厅,30平米,东南,,30层 ,,塔楼,12.8 万,4267 元,0,,,VR看装修 | 房本满五年 | 随时看房,https://hui.lianjia.com/ershoufang/105120907318.html
花园中间高楼层前后无遮挡视野开阔采光好,"东江学府三期 , 河南岸",3室2厅,133平米,南 北,精装,高楼层(共18层) ,,板塔结合,126 万,9474 元,0,,,VR看装修 | 随时看房,https://hui.lianjia.com/ershoufang/105121970828.html
：此房朝南，边户，采光好，小区中间位置视野开阔,"金沙世纪城 , 大亚湾中心区",3室2厅,87.08平米,南,精装,32层 ,,板塔结合,47 万,5398 元,3,,,VR看装修 | 房本满五年 | 随时看房,https://hui.lianjia.com/ershoufang/105120092263.html
居住安静舒适。户型方正。楼下有幼儿园,"恒大棕榈岛 , 白云新城",4室2厅,114.32平米,南,毛坯,32层 ,,板楼,65 万,5686 元,0,,,VR看装修 | 房本满五年 | 随时看房,https://hui.lianjia.com/ershoufang/105121437543.html
水口新力城三期109平大三房好楼层品质次新小区,"新力城三期 , 水口",3室2厅,109.45平米,南,毛坯,低楼层(共32层) ,,板楼,80 万,7310 元,0,,,VR看装修 | 随时看房,https://hui.lianjia.com/ershoufang/105121728567.html
合生上观国际  大三房  户型方正  楼层好,"合生·上观国际 , 水口",3室2厅,132.36平米,南,精装,中楼层(共18层) ,,塔楼,85 万,6422 元,0,,,VR房源 | 房本满两年,https://hui.lianjia.com/ershoufang/105118236478.html
红本在手，拧包入住，视野开阔。 大 社 区 带电梯,"半岛1号三期 , 白云新城",4室2厅,148.33平米,南 北,简装,16层 ,,板塔结合,95 万,6405 元,0,,,VR房源 | 房本满五年 | 随时看房,https://hui.lianjia.com/ershoufang/105119677530.html
富川瑞园，楼层高采光好，近仲恺大道配套齐全,"富川瑞园 , 惠环",3室2厅,82.42平米,南,毛坯,高楼层(共32层) ,,板塔结合,29 万,3519 元,1,,,VR看装修 | 房本满五年 | 随时看房,https://hui.lianjia.com/ershoufang/105121043226.html
滨江苑  精装四房 有钥匙看房方便,"滨江苑 , 下埔",4室2厅,116.88平米,南,简装,高楼层(共8层) ,,,52 万,4450 元,1,,,VR看装修 | 房本满五年,https://hui.lianjia.com/ershoufang/105121526962.html
安静不吵！宝安山水龙城 精装3房 拎包入住 装修保养好,"宝安山水龙城 , 水口",3室2厅,86.67平米,南,精装,中楼层(共27层) ,,塔楼,73 万,8423 元,0,,,VR看装修 | 房本满五年 | 随时看房,https://hui.lianjia.com/ershoufang/105122117131.html
全屋精装拎包入住，刚装修好很新，4房2厅，楼层好,"德威江誉城Ⅱ期 , 马安",4室2厅,123.45平米,南,精装,高楼层(共32层) ,,塔楼,128 万,10369 元,0,,,VR看装修 | 房本满两年,https://hui.lianjia.com/ershoufang/105121561973.html
房子采光好。大三房。大亚湾合心地段,"三远大爱城 , 吾悦广场",3室2厅,92.71平米,南,毛坯,32层 ,,板塔结合,58 万,6257 元,0,,,VR看装修 | 房本满五年 | 随时看房,https://hui.lianjia.com/ershoufang/105121844987.html
高楼层朝南户型，采光好，户型格局方正,"碧桂园翠湖湾 , 新圩",4室2厅,128.52平米,南,毛坯,中楼层(共33层) ,,塔楼,65 万,5058 元,0,,,VR看装修 | 房本满两年 | 随时看房,https://hui.lianjia.com/ershoufang/105119151777.html
天益城商圈，隆生仲恺花园1区。房子没有欠款好楼层,"隆生仲恺花园 , 陈江",4室2厅,121.8平米,南 西南,毛坯,高楼层(共30层) ,,塔楼,89 万,7308 元,0,,,VR看装修 | 随时看房,https://hui.lianjia.com/ershoufang/105119689165.html
荷兰小城4房2厅 精装修，业主诚心出售,"光耀荷兰小城 , 陈江",4室2厅,101.32平米,南,精装,33层 ,,塔楼,66 万,6515 元,0,,,VR看装修 | 房本满五年 | 随时看房,https://hui.lianjia.com/ershoufang/105118283449.html
昶园大户型大四房三卫高铁站900米 南北通透,"昶园 , 南站新城",4室2厅,161平米,南 北,毛坯,30层 ,,板塔结合,133 万,8261 元,0,,,VR房源 | 房本满五年 | 随时看房,https://hui.lianjia.com/ershoufang/105121899315.html
南北通，视野广阔，采光好楼层好，户型方正,"方直星耀国际 , 河南岸",3室2厅,93.77平米,南,毛坯,高楼层(共31层) ,,板塔结合,106 万,11305 元,1,,,VR看装修 | 房本满五年 | 随时看房,https://hui.lianjia.com/ershoufang/105120537619.html
业主急售 户型方正采光好 面积使用率高,"天源花园 , 大亚湾中心区",3室2厅,81.18平米,南 北,,27层 ,,板塔结合,43 万,5297 元,0,,,VR看装修 | 房本满五年 | 随时看房,https://hui.lianjia.com/ershoufang/105121472953.html
荣灿精装三房 视野开阔 采光好 一线江景,"荣灿惠州中心 , 江北",3室2厅,134.42平米,东北,精装,低楼层(共36层) ,,板塔结合,210 万,15623 元,0,,,VR看装修 | 房本满五年 | 随时看房,https://hui.lianjia.com/ershoufang/105115505175.html
户型方正，采光通风，楼层位置好，配套设施齐全,"亚迪二村二区 , 澳头",3室2厅,115.39平米,南,,32层 ,,板塔结合,44.8 万,3883 元,2,,,VR房源 | 房本满五年 | 随时看房,https://hui.lianjia.com/ershoufang/105120236655.html
业主诚心出售，朝南自住精装修，楼下配套齐全,"德丰凯旋城北区 , 大亚湾中心区",3室1厅,81.07平米,南,精装,27层 ,,板塔结合,56.8 万,7007 元,0,,,VR看装修,https://hui.lianjia.com/ershoufang/105122169259.html
业主诚心卖　格局方正　楼层采光效果好　红本在手,"龙光城北四期 , 龙光城",4室1厅,107.74平米,北,精装,33层 ,,板塔结合,85 万,7890 元,2,,,VR看装修 | 房本满两年 | 随时看房,https://hui.lianjia.com/ershoufang/105121191958.html
户型方正 南北通 精装 带车位,"海惠花园一区 , 吾悦广场",3室2厅,121.93平米,南 北,精装,18层 ,,塔楼,67 万,5495 元,0,,,VR看装修 | 房本满五年 | 随时看房,https://hui.lianjia.com/ershoufang/105122213194.html
低总价三房两卫 看花园 采光足通风棒 钥匙在手,"TCL康城四季 , 惠环",3室2厅,88.41平米,南,毛坯,32层 ,,塔楼,46.6 万,5271 元,1,,,VR房源 | 房本满五年 | 随时看房,https://hui.lianjia.com/ershoufang/105116617691.html
缘水岸标准户型。门口八小半岛公园，业主诚心卖。,"湖滨花园2期 , 区政府",3室2厅,108.89平米,南,毛坯,30层 ,,板塔结合,89 万,8174 元,2,,,VR看装修 | 房本满五年 | 随时看房,https://hui.lianjia.com/ershoufang/105115174435.html
临14号地铁沙田站 方正户型 业主诚心出售,"凯南莱弗城 , 西区新寮",1室1厅,49.39平米,南,精装,30层 ,,板塔结合,29 万,5872 元,1,,,VR看装修 | 房本满五年,https://hui.lianjia.com/ershoufang/105119815078.html
金山湖凯旋城改善盘大社区自带泳池景观靓四房两卫,"中海凯旋城二期 , 河南岸",4室2厅,141.46平米,南 北,,27层 ,,塔楼,125 万,8837 元,0,,,VR看装修 | 房本满五年 | 随时看房,https://hui.lianjia.com/ershoufang/105116539623.html
长通熙园二期（贝壳平台） 品质社区商圈朝南三房,"长通熙园 , 开城大润发",3室2厅,89.51平米,西,毛坯,33层 ,,板楼,60 万,6704 元,0,,,VR看装修 | 房本满两年 | 随时看房,https://hui.lianjia.com/ershoufang/105116524798.html
户型好 采光好 格局楼层好 视野宽阔 带精装,"龙光城南一期 , 龙光城",3室2厅,116.26平米,北 东北,精装,27层 ,,板塔结合,79.8 万,6864 元,1,,,VR房源 | 房本满五年 | 随时看房,https://hui.lianjia.com/ershoufang/105121090776.html
环境好    安静舒适   配套完善,"宝安山水龙城 , 水口",3室2厅,104平米,南,,高楼层(共27层) ,,塔楼,80 万,7693 元,0,,,VR看装修 | 随时看房,https://hui.lianjia.com/ershoufang/105114254389.html
海惠花园二区中间楼层看花园，交通便利，配套齐全,"海惠花园二区 , 吾悦广场",3室2厅,109.64平米,南,精装,18层 ,,塔楼,61 万,5564 元,2,,,VR看装修 | 房本满五年 | 随时看房,https://hui.lianjia.com/ershoufang/105121141102.html
富华花园大三房 交通便利 配套成熟,"富华花园 , 博罗中心区",3室2厅,122平米,北 南,简装,高楼层(共7层) ,,板楼,38 万,3115 元,0,,19天以前发布,VR房源 | 房本满五年,https://hui.lianjia.com/ershoufang/105122361034.html
壹城中心二区刚需3房，楼层好，安静舒适,"壹城中心2区 , 陈江",3室2厅,88.96平米,南,毛坯,低楼层(共28层) ,,塔楼,57.8 万,6498 元,2,,,VR看装修 | 房本满五年 | 随时看房,https://hui.lianjia.com/ershoufang/105110493269.html
水悦龙湾头排毛坯5房江景户型实用，有入户茶室,"龙光·水悦龙湾 , 东平",5室2厅,144.74平米,西南,毛坯,高楼层(共29层) ,,板塔结合,175 万,12091 元,0,,,VR看装修 | 房本满五年 | 随时看房,https://hui.lianjia.com/ershoufang/105117454545.html
天啊 没有看过这么好的房子   快来呀,"东湖花园九区 , 东平",3室1厅,133平米,西,精装,中楼层(共35层) ,,板塔结合,156 万,11730 元,0,,,VR房源 | 随时看房,https://hui.lianjia.com/ershoufang/105119319312.html
"德佑透明收佣，不做包单，红军楼，看西湖,大露台","红军楼 , 下角",1室2厅,68.67平米,南,简装,8层 ,,板楼,34.5 万,5025 元,6,,,VR房源 | 房本满五年,https://hui.lianjia.com/ershoufang/105117057280.html
惠阳高铁站，中信新城，89平4房。,"中信新城 , 南站新城",4室2厅,89.14平米,东南,精装,34层 ,,板塔结合,56 万,6283 元,0,,,VR看装修 | 房本满五年,https://hui.lianjia.com/ershoufang/105120702187.html
华侨城 喜洲 双阳台 大社区 中芯  江景房,"喜洲一期 , 惠东县城",4室2厅,136平米,西南,毛坯,17层 ,,板塔结合,95 万,6986 元,0,,,VR看装修 | 房本满两年 | 随时看房,https://hui.lianjia.com/ershoufang/105120161893.html
高楼层，视野开阔采光好，诚心出售.,"汇显城市公园 , 汝湖",3室2厅,85.49平米,南,毛坯,27层 ,,板楼,55 万,6434 元,0,,,VR看装修 | 房本满两年 | 随时看房,https://hui.lianjia.com/ershoufang/105122095304.html
次新小区 碧桂园揽月居 精装4房2卫 南北通户型,"碧桂园揽月居 , 水口",4室2厅,115.05平米,南,精装,低楼层(共25层) ,,板塔结合,72 万,6259 元,0,,,VR看装修 | 随时看房,https://hui.lianjia.com/ershoufang/105121111768.html
富盈公馆，精装修2房，业主保养的很好,"富盈公馆一期 , 马安",2室1厅,66.56平米,南,精装,20层 ,,板楼,54.8 万,8234 元,0,,,VR看装修 | 房本满五年,https://hui.lianjia.com/ershoufang/105121709352.html
精装修，三房两卫，中间楼层，户型方正，保养好,"金宝创业家园 , 惠环",3室2厅,106.95平米,北,精装,中楼层(共8层) ,,板楼,36.8 万,3441 元,1,,22天以前发布,VR看装修 | 房本满五年 | 随时看房,https://hui.lianjia.com/ershoufang/105122335193.html
环境优美，配套齐全，适合居住    百万别墅大盘,"半岛1号五期 , 白云新城",3室2厅,106.91平米,南,毛坯,24层 ,,板塔结合,75 万,7016 元,0,,,VR看装修 | 房本满五年 | 随时看房,https://hui.lianjia.com/ershoufang/105120204579.html
梵高的海 46平一室 单边位 明窗 居住舒适,"小径海岸城花园 , 霞涌",1室1厅,47.95平米,西南,简装,30层 ,,板楼,19.8 万,4130 元,1,,,VR房源 | 房本满两年 | 随时看房,https://hui.lianjia.com/ershoufang/105120789474.html
东江学府一期，大4房南北通，花园中间安静不吵,"东江学府一期 , 河南岸",4室2厅,159平米,南,精装,中楼层(共6层) ,,板楼,99 万,6227 元,0,,,VR房源 | 随时看房,https://hui.lianjia.com/ershoufang/105122118536.html
全新装修南北通透双阳台，满五唯一，户型方正视野宽阔,"康城四季棕榈园 , 惠环",3室2厅,84.47平米,南 北,精装,18层 ,,塔楼,55 万,6512 元,0,,,VR看装修 | 房本满五年,https://hui.lianjia.com/ershoufang/105122004580.html
百万大盘万达益田城市综合体精装三房价格可谈,"翡翠山城君御 , 万达",3室2厅,104.61平米,南,精装,34层 ,,板塔结合,87 万,8317 元,0,,,VR看装修 | 房本满五年 | 随时看房,https://hui.lianjia.com/ershoufang/105116448118.html
新力城的房子户型好，光线好，住家很舒服。,"新力城三期 , 水口",3室2厅,89.77平米,东南 南,,中楼层(共32层) ,,板楼,60 万,6684 元,1,,,VR看装修 | 随时看房,https://hui.lianjia.com/ershoufang/105119084073.html
近华附 装修五房 南北通双阳台 看花园景观 无个税,"星河丹堤G区 , 南站新城",5室2厅,124.61平米,南 北,简装,34层 ,,塔楼,145 万,11637 元,1,,,VR房源 | 房本满五年,https://hui.lianjia.com/ershoufang/105122077963.html
次新小区，标准两房 户型方正 中间楼层视野好无遮挡,"奥园开城首府 , 开城大润发",3室2厅,108.8平米,南,,29层 ,,板塔结合,75 万,6894 元,0,,,VR看装修 | 随时看房,https://hui.lianjia.com/ershoufang/105118232851.html
天宸原著原木风格，业主自装花了心思,"龙湖天宸原著花园 , 河南岸",3室2厅,94.99平米,南,精装,中楼层(共33层) ,,塔楼,148 万,15581 元,0,,,VR看装修 | 随时看房,https://hui.lianjia.com/ershoufang/105121783443.html
万丽苑精装3房采光好使用率高.,"万丽苑 , 水口",3室2厅,99.31平米,南,精装,中楼层(共21层) ,,板塔结合,70 万,7049 元,0,,29天以前发布,VR看装修 | 房本满两年,https://hui.lianjia.com/ershoufang/105122276281.html
万达吾悦益田商场为邻  南 北 通 透  视野好,"金汇上元 , 万达",4室2厅,111.3平米,南 北,毛坯,26层 ,,塔楼,62 万,5571 元,2,,,VR房源 | 随时看房,https://hui.lianjia.com/ershoufang/105116895935.html
临深 壹方水榭 低密度大社区，看河景视野好，,"壹方水榭 , 白云新城",4室2厅,119平米,北,简装,中楼层(共31层) ,,板塔结合,82 万,6891 元,1,,30天以前发布,VR看装修 | 房本满两年 | 随时看房,https://hui.lianjia.com/ershoufang/105122266780.html
碧桂园盛汇3房   生活配套 交通便利 装修好,"碧桂园盛汇 , 龙丰",3室2厅,96.06平米,东南,精装,高楼层(共33层) ,,塔楼,73.8 万,7683 元,0,,,VR看装修 | 房本满五年 | 随时看房,https://hui.lianjia.com/ershoufang/105118226515.html
西江花园安静不吵东南向3房业主,"隆生西江花园 , 东江新城",3室2厅,119.33平米,东南,毛坯,低楼层(共32层) ,,塔楼,126 万,10559 元,0,,,VR看装修 | 房本满两年 | 随时看房,https://hui.lianjia.com/ershoufang/105122092225.html
精装复式两房，生活休息区域分离，私密性高,"泰豪广场 , 麦地",2室2厅,41.9平米,北,精装,高楼层(共20层) ,,塔楼,43 万,10263 元,0,,,VR房源 | 随时看房,https://hui.lianjia.com/ershoufang/105117020434.html
隆腾盛世129舒适五房南北通业主急售,"隆腾盛世 , 新圩",5室2厅,129.55平米,南 北,毛坯,31层 ,,板塔结合,124 万,9572 元,0,,,VR看装修 | 房本满两年 | 随时看房,https://hui.lianjia.com/ershoufang/105121838854.html
离南站近，装修拎包入住，中间楼层,"城市丽景 , 开城大润发",4室2厅,123.44平米,南,简装,21层 ,,板塔结合,68 万,5509 元,19,,,VR看装修 | 随时看房,https://hui.lianjia.com/ershoufang/105109027815.html
金山湖方直东岸精装3房2卫出售，安静不吵,"方直东岸 , 河南岸",3室2厅,101平米,南,精装,32层 ,,板塔结合,115 万,11387 元,2,,,VR看装修 | 房本满五年 | 随时看房,https://hui.lianjia.com/ershoufang/105117678874.html
轻轨旁新园林社区 户型方正视野好，配套齐全交通便利,"雅居乐铂琅峯花园 , 惠环",3室2厅,95.94平米,南,毛坯,高楼层(共33层) ,,板塔结合,59 万,6150 元,0,,,VR看装修 | 房本满两年 | 随时看房,https://hui.lianjia.com/ershoufang/105121097346.html
澳头高速出口，百万楼盘，高楼层视野采光好，随意改动,"华冠花园 , 大亚湾中心区",3室2厅,81.6平米,南,毛坯,26层 ,,板塔结合,37 万,4535 元,0,,,VR看装修 | 随时看房,https://hui.lianjia.com/ershoufang/105121960219.html
大社区花园高层视野开阔，拎包入住,"富川瑞园 , 惠环",4室2厅,97平米,南,精装,中楼层(共34层) ,,板塔结合,51 万,5258 元,0,,,VR看装修 | 随时看房,https://hui.lianjia.com/ershoufang/105119900094.html
碧桂园十里银滩爱琴海4-2-1-2 147.00m 130 万,"碧桂园十里银滩爱琴海 , 十里银滩",4室2厅,147平米,西南,精装,30层 ,,板塔结合,62.8 万,4273 元,5,,,VR房源 | 随时看房,https://hui.lianjia.com/ershoufang/105109446051.html
半岛1号五期 3室2厅 南,"半岛1号五期 , 白云新城",3室2厅,105.16平米,南,毛坯,22层 ,,板塔结合,79.5 万,7560 元,0,,,VR看装修 | 房本满五年 | 随时看房,https://hui.lianjia.com/ershoufang/105122100136.html
业主诚心出售，次新小区，居家舒适，高速近,"天源花园 , 大亚湾中心区",3室2厅,81.35平米,南,毛坯,26层 ,,板塔结合,29 万,3565 元,0,,17天以前发布,VR房源 | 房本满五年 | 随时看房,https://hui.lianjia.com/ershoufang/105122379998.html
龙湖华昌旁次新小区国兆嘉泓公馆 精装四房带家私家电,"国兆嘉泓公馆 , 水口",4室2厅,125.91平米,南,,低楼层(共28层) ,,板塔结合,80 万,6354 元,0,,15天以前发布,VR房源 | 房本满五年 | 随时看房,https://hui.lianjia.com/ershoufang/105122402585.html
大新城旁边璟鹏华府小区三房两厅两卫。,"璟鹏华府 , 水口",3室2厅,100.2平米,东南,简装,11层 ,,板塔结合,59.5 万,5939 元,0,,,VR看装修 | 房本满五年,https://hui.lianjia.com/ershoufang/105121038755.html
业主诚心出售 临 深社区小区有山有湖,"龙海壹号 , 万达",3室2厅,103.33平米,南,毛坯,34层 ,,板塔结合,60 万,5807 元,2,,,VR看装修 | 房本满五年 | 随时看房,https://hui.lianjia.com/ershoufang/105121877935.html
区政府 汇星名庭 精装三房 配套齐全 税费低,"汇星名庭 , 草洋新区",3室1厅,110.54平米,西南,简装,23层 ,,塔楼,53 万,4795 元,0,,30天以前发布,VR看装修 | 房本满五年 | 随时看房,https://hui.lianjia.com/ershoufang/105122267783.html
星河丹堤G4区，朝南三房，业主诚心出售,"星河丹堤G4区 , 南站新城",3室2厅,100.26平米,南,毛坯,32层 ,,板塔结合,102 万,10174 元,0,,,VR房源 | 房本满两年 | 随时看房,https://hui.lianjia.com/ershoufang/105120717095.html
临深近地铁大单间户型方正视野宽阔配套完善交通便利,"和瑞大厦 , 西区新寮",1室0厅,28.43平米,东,精装,30层 ,,板塔结合,16.9 万,5945 元,0,,5天以前发布,VR房源 | 随时看房,https://hui.lianjia.com/ershoufang/105122516181.html
龙光城南四期 3室2厅 南,"龙光城南四期 , 龙光城",3室2厅,71.59平米,南,简装,34层 ,,板塔结合,70 万,9778 元,1,,26天以前发布,VR房源 | 房本满五年 | 随时看房,https://hui.lianjia.com/ershoufang/105122302697.html
保利四期南北通的户型，业主诚心卖,"保利阳光城四期 , 白云新城",3室1厅,94.63平米,南 北,毛坯,32层 ,,板塔结合,67.9 万,7176 元,0,,13天以前发布,VR房源 | 房本满两年 | 随时看房,https://hui.lianjia.com/ershoufang/105122427943.html
颐景花园，朝南花园中间位，证在手，四房,"颐景花园 , 东平",3室1厅,140.61平米,东南,精装,中楼层(共11层) ,,板塔结合,125 万,8890 元,0,,,VR房源 | 随时看房,https://hui.lianjia.com/ershoufang/105121717737.html
南湖时光小户型，精装修，不占背包出售，随时看房,"南湖时光 , 南坛",1室1厅,43平米,南,,12层 ,,,153.8 万,35768 元,0,,,VR看装修 | 随时看房,https://hui.lianjia.com/ershoufang/105122192233.html
玫瑰园 业主自住房 装修保养好 诚心出售,"中海阳光玫瑰园 , 马安",3室2厅,95.96平米,南,精装,低楼层(共33层) ,,板楼,83 万,8650 元,0,,,VR看装修 | 房本满两年,https://hui.lianjia.com/ershoufang/105122092264.html
翠湖雅苑刚需户型方正 采光充足，看花园,"翠湖雅苑 , 水口",3室2厅,120.25平米,南,精装,中楼层(共15层) ,,塔楼,73 万,6071 元,0,,,VR房源 | 房本满五年 | 随时看房,https://hui.lianjia.com/ershoufang/105121619055.html
保利央企 温馨 3房2厅2卫 近公园 近商圈 交通便利,"保利鹿江来 , 水口",3室2厅,95.73平米,东南,毛坯,中楼层(共27层) ,,板塔结合,78 万,8148 元,1,,,VR看装修 | 房本满两年 | 随时看房,https://hui.lianjia.com/ershoufang/105116258439.html
恒安绿园二房诚心卖，户型方正，满五唯一,"恒安绿园 , 吾悦广场",2室1厅,80.64平米,南,简装,18层 ,,板塔结合,38 万,4713 元,2,,,VR看装修 | 房本满五年 | 随时看房,https://hui.lianjia.com/ershoufang/105118380325.html
鑫月城三房东西通精装旁边就是体育馆轻轨物业,"鑫月御景湾 , 陈江",3室2厅,88平米,东 西,精装,28层 ,,塔楼,55 万,6250 元,1,,,VR房源 | 房本满五年 | 随时看房,https://hui.lianjia.com/ershoufang/105118144003.html
金悦华府安静不吵3房2卫全新装修，户型方正诚意出售,"金悦华府 , 东江新城",3室1厅,93平米,南,精装,低楼层(共32层) ,,塔楼,110 万,11828 元,1,,,VR看装修 | 房本满两年 | 随时看房,https://hui.lianjia.com/ershoufang/105121577546.html
江誉城一期 江景4房 无可挑剔的视野 高层钟爱,"德威江誉城1期 , 马安",4室1厅,123平米,南,毛坯,高楼层(共32层) ,,塔楼,101 万,8212 元,0,,,VR房源 | 房本满五年 | 随时看房,https://hui.lianjia.com/ershoufang/105121789265.html
不欠款，视野好，小区安静舒适，看龙尾山水库,"荣盛御湖观邸 , 比亚迪商圈",4室2厅,115.52平米,东南,精装,32层 ,,板楼,55 万,4762 元,0,,,VR看装修 | 房本满五年 | 随时看房,https://hui.lianjia.com/ershoufang/105121006425.html
曦江润府一期 江景毛坯四房  大阳台 视野开阔,"曦江润府 , 东江新城",4室2厅,135.25平米,西南,毛坯,低楼层(共33层) ,,塔楼,155 万,11461 元,0,,,VR看装修 | 房本满两年 | 随时看房,https://hui.lianjia.com/ershoufang/105120490515.html
星河荣域 3室1厅 南,"星河荣域 , 南站新城",3室1厅,98.32平米,南,毛坯,33层 ,,板塔结合,70 万,7120 元,0,,,VR房源 | 房本满两年 | 随时看房,https://hui.lianjia.com/ershoufang/105120643524.html
精装修，保养好，诚心出售，楼层好，视野好,"星河丹堤F区 , 南站新城",3室2厅,107.63平米,东 南 北,精装,30层 ,,板塔结合,110 万,10221 元,1,,,VR看装修 | 房本满五年 | 随时看房,https://hui.lianjia.com/ershoufang/105119690472.html
新力城118平 好楼层，业主急售价格可谈,"新力城二期 , 水口",3室2厅,117.9平米,南,,高楼层(共32层) ,,板楼,77 万,6531 元,0,,,VR看装修 | 房本满两年 | 随时看房,https://hui.lianjia.com/ershoufang/105121815430.html
原值高税费少，南向东边户看园林，诚心出售,"卓越东部蔚蓝海岸五期 , 西区新寮",3室2厅,95.79平米,南,简装,33层 ,,塔楼,87 万,9083 元,0,,,VR房源 | 随时看房,https://hui.lianjia.com/ershoufang/105121925244.html
此房视野好，户型方正，使用率高，百万大城,"龙光城南一期 , 龙光城",4室2厅,146平米,东南,毛坯,28层 ,,板塔结合,108 万,7398 元,2,,,VR看装修 | 随时看房,https://hui.lianjia.com/ershoufang/105120843671.html
汇乐城旁，南贸花园三期，次新小区精装三房，拎包入住,"南贸花园三期 , 水口",3室2厅,88.08平米,东南,精装,高楼层(共22层) ,,塔楼,88 万,9991 元,0,,,VR看装修 | 房本满两年,https://hui.lianjia.com/ershoufang/105120585017.html
数码园南区 中交香颂 三房急售 40.88万,"中交香颂花园 , 三栋镇",3室2厅,87.89平米,南,毛坯,低楼层(共18层) ,,板塔结合,40.8 万,4643 元,0,,,VR看装修 | 房本满五年 | 随时看房,https://hui.lianjia.com/ershoufang/105122143595.html
壹城六区南北通4房，高层视野好，看房方便,"壹城中心6区 , 陈江",4室2厅,115.78平米,南 北,毛坯,高楼层(共32层) ,,板塔结合,83.8 万,7238 元,0,,,VR看装修 | 房本满两年 | 随时看房,https://hui.lianjia.com/ershoufang/105116700716.html
急卖 万达商圈 精装2房 南向 配套完善,"水墨林溪雅苑 , 吾悦广场",2室1厅,76.87平米,南 北,精装,17层 ,,塔楼,40 万,5204 元,0,,,VR看装修 | 房本满两年 | 随时看房,https://hui.lianjia.com/ershoufang/105119567278.html
天翔华利交通便利距离校园近小孩方便,"天翔华利苑 , 陈江",2室2厅,89.15平米,南,毛坯,低楼层(共27层) ,,塔楼,38.5 万,4319 元,0,,,VR看装修 | 房本满五年 | 随时看房,https://hui.lianjia.com/ershoufang/105119139493.html
佳兆业君汇上品四房中间楼层视野开阔,"佳兆业君汇上品 , 陈江",4室2厅,121.7平米,南,毛坯,34层 ,,板楼,65 万,5342 元,0,,,VR看装修 | 房本满两年 | 随时看房,https://hui.lianjia.com/ershoufang/105118386967.html
小区优质好房，中间楼层朝南看花园，税费低看房方便,"德丰凯旋城北区 , 大亚湾中心区",3室2厅,78.91平米,南,毛坯,26层 ,,板塔结合,36 万,4563 元,0,,,VR房源 | 房本满五年 | 随时看房,https://hui.lianjia.com/ershoufang/105122214186.html
接地气3房 视野开阔小区生活方便 近市场和巴士车站,"碧桂园十里银滩海悦湾 , 十里银滩",3室1厅,78.66平米,东 东南,精装,30层 ,,板塔结合,31.6 万,4018 元,2,,,VR看装修 | 房本满五年 | 随时看房,https://hui.lianjia.com/ershoufang/105121763238.html
隆生三期大3房，中高好楼层，业主诚心卖无欠款,"隆生仲恺花园3区 , 陈江",3室2厅,110.47平米,南,,中楼层(共33层) ,,塔楼,68 万,6156 元,0,,,VR看装修 | 随时看房,https://hui.lianjia.com/ershoufang/105121576042.html
此栋楼地理位置好，朝正南无遮挡户型好 业主诚心出售,"建曙高尔夫1号 , 区政府",4室2厅,110.03平米,西南,精装,30层 ,,塔楼,95 万,8635 元,0,,,VR看装修 | 房本满五年 | 随时看房,https://hui.lianjia.com/ershoufang/105119695556.html
惠阳2018年的小区朝南看山景三房二卫未入住的精装房,"碧桂园山河城 , 三和经济开发区",3室1厅,96.97平米,南,精装,34层 ,,板塔结合,45 万,4641 元,1,,,VR房源 | 随时看房,https://hui.lianjia.com/ershoufang/105117325339.html
水岸城六期三房两卫两厅自住精装拎包入住,"中信水岸城六期 , 东江新城",3室2厅,112.88平米,东南,简装,高楼层(共32层) ,,塔楼,115 万,10188 元,1,,,VR看装修 | 房本满五年 | 随时看房,https://hui.lianjia.com/ershoufang/105119944907.html
太东天地花园 大3房朝南 没有遮挡看山景,"太东天地花园 , 大亚湾中心区",3室2厅,88.59平米,南,精装,33层 ,,板塔结合,43 万,4854 元,2,,,VR看装修 | 房本满五年,https://hui.lianjia.com/ershoufang/105121311346.html
新力城精装三房 朝南看江 户型方正,"新力城二期 , 水口",3室2厅,89.68平米,南,精装,中楼层(共32层) ,,板塔结合,69 万,7695 元,0,,,VR看装修 | 随时看房,https://hui.lianjia.com/ershoufang/105119566161.html
金世界 4房 证在手 诚心出售 随时可看房,"金世界花园 , 江北",4室2厅,135.12平米,北,简装,16层 ,,板塔结合,75.8 万,5610 元,1,,,VR房源 | 房本满五年 | 随时看房,https://hui.lianjia.com/ershoufang/105115965457.html
长通熙园 没个税 随时可以看房 不朝高铁 配套成熟,"长通熙园 , 开城大润发",4室1厅,128.8平米,南,精装,33层 ,,塔楼,105 万,8153 元,1,,,VR看装修 | 房本满两年 | 随时看房,https://hui.lianjia.com/ershoufang/105115051301.html
全新装修房子由我专属对接业主，不买贵，看房谈价联系,"翡翠时光 , 下角",1室1厅,43.46平米,西,精装,低楼层(共9层) ,,板塔结合,23 万,5293 元,0,,,VR看装修 | 随时看房,https://hui.lianjia.com/ershoufang/105122025433.html
业主诚心出售，红本在手， 简装，看房方便.,"又一村花园十期 , 白云新城",2室2厅,72.98平米,东南,简装,高楼层(共6层) ,,板楼,13 万,1782 元,10,,,VR看装修 | 房本满五年,https://hui.lianjia.com/ershoufang/105121996102.html
华廷悦府高品质次新小区，刚需三房两卫朝南户型,"华廷悦府 , 陈江",3室2厅,97.86平米,南,毛坯,低楼层(共31层) ,,板塔结合,67 万,6847 元,0,,,VR看装修 | 随时看房,https://hui.lianjia.com/ershoufang/105119446485.html
运恒嘉园精装3房出售，满五唯一,"运恒嘉园 , 江北",3室2厅,96.93平米,南,精装,中楼层(共9层) ,,板楼,60 万,6191 元,1,,,VR看装修 | 房本满五年,https://hui.lianjia.com/ershoufang/105121185600.html
临深地铁口，房子户型房子，出租居家都适合,"枫叶雅堤 , 白云新城",2室1厅,73平米,南 北,毛坯,11层 ,,板塔结合,25 万,3425 元,1,,,VR房源 | 随时看房,https://hui.lianjia.com/ershoufang/105121961087.html
业主急售 朝南大阳台视野好 家私家电齐全精装修,"中兴佳苑 , 大亚湾中心区",1室1厅,51.4平米,南,简装,26层 ,,塔楼,23 万,4475 元,0,,21天以前发布,VR看装修 | 房本满五年 | 随时看房,https://hui.lianjia.com/ershoufang/105122344707.html
诚意出售，高楼层东户南向楼下就是益田带车位,"翡翠山珑悦 , 万达",3室2厅,103平米,南,精装,33层 ,,塔楼,115 万,11166 元,1,,8天以前发布,VR房源 | 房本满五年 | 随时看房,https://hui.lianjia.com/ershoufang/105122482315.html
江北少有大复式，带300平私家露台，精装7房，诚意出售,"江北盛世华府 , 江北",7室2厅,305.1平米,南,精装,高楼层(共13层) ,,板楼,258 万,8457 元,3,,,VR房源 | 房本满五年,https://hui.lianjia.com/ershoufang/105118964969.html
户型方正，采光佳，布局合理，宽敞明亮，改善型,"光耀荷兰小城 , 陈江",3室2厅,77.17平米,东北,简装,28层 ,,板塔结合,42 万,5443 元,0,,,VR看装修 | 房本满五年 | 随时看房,https://hui.lianjia.com/ershoufang/105117396005.html
诚心出售次新小区 高楼层三房一套,"大亚湾碧桂园城央印象 , 吾悦广场",3室2厅,105.25平米,东南,精装,33层 ,,板塔结合,89 万,8457 元,0,,,VR看装修 | 随时看房,https://hui.lianjia.com/ershoufang/105121191988.html
原购价高 费用少 利用率高 生活便利,"华悦柠檬圈子 , 澳头",3室2厅,92.78平米,南,毛坯,高楼层(共17层) ,,板塔结合,32 万,3450 元,1,,,VR看装修 | 房本满两年 | 随时看房,https://hui.lianjia.com/ershoufang/105120973293.html
全屋定制，西南看海景，看漂亮夕阳。,"维港湾花园 , 十里银滩",3室2厅,108.24平米,南,精装,中楼层(共34层) ,,,67.8 万,6264 元,1,,,VR看装修 | 随时看房,https://hui.lianjia.com/ershoufang/105121573856.html
房子满五年，产权清晰，业主外地发展打算出售,"冠华城桂香园 , 西区新寮",4室2厅,101.4平米,南 北,毛坯,20层 ,,板塔结合,69 万,6805 元,1,,,VR房源 | 随时看房,https://hui.lianjia.com/ershoufang/105120461189.html
户型方正采光好，业主城心出售交通方便，,"东信新天华府 , 江北",3室2厅,116.77平米,南,,24层 ,,板塔结合,70 万,5995 元,0,,,VR看装修 | 随时看房,https://hui.lianjia.com/ershoufang/105117528502.html
精装修 家私家电全齐 拎包入住 东江湾,"东江湾 , 江北",1室1厅,48平米,西,精装,中楼层(共30层) ,,板塔结合,35 万,7292 元,0,,,VR看装修 | 房本满两年,https://hui.lianjia.com/ershoufang/105120867292.html
碧桂园珑尚花园 户型方正 实用性强，视野开阔,"碧桂园珑尚花园 , 水口",4室2厅,108.49平米,南,毛坯,高楼层(共34层) ,,板塔结合,68 万,6268 元,0,,,VR看装修 | 房本满两年 | 随时看房,https://hui.lianjia.com/ershoufang/105117941657.html
梵高的花园4房2阳台，毛坯137平，户型方正，随时可看,"梵高的花园 , 江北",4室2厅,137平米,南,毛坯,33层 ,,板塔结合,123 万,8979 元,0,,,VR看装修 | 房本满两年 | 随时看房,https://hui.lianjia.com/ershoufang/105114007576.html
搬砖半年5千收入安家仲恺康城四季花园三房无欠款,"TCL康城四季 , 惠环",3室1厅,89.5平米,南,毛坯,32层 ,,塔楼,50 万,5587 元,0,,16天以前发布,VR房源 | 随时看房,https://hui.lianjia.com/ershoufang/105122389627.html
华润小径湾品质楼盘，出门有沙滩，商街。,"华润小径湾一期 , 霞涌",1室1厅,52.83平米,西南,简装,31层 ,,板塔结合,34.8 万,6588 元,4,,,VR看装修 | 房本满五年 | 随时看房,https://hui.lianjia.com/ershoufang/105116272825.html
满五唯一，小户型，装修好没住过，靠红树林,"栖境园 , 大亚湾中心区",1室0厅,34.24平米,北,简装,12层 ,,板塔结合,18.8 万,5491 元,0,,12天以前发布,VR房源 | 房本满五年 | 随时看房,https://hui.lianjia.com/ershoufang/105122436852.html
陈江繁华成熟地段，高品质小区，百万方成熟社区,"华廷悦府 , 陈江",4室2厅,128.22平米,南,毛坯,高楼层(共32层) ,,塔楼,112 万,8735 元,0,,,VR房源 | 随时看房,https://hui.lianjia.com/ershoufang/105119453417.html
安家！让我们扎根在这个为之奋斗的城市里。业主急售,"中信新城 , 南站新城",4室2厅,89.3平米,南,精装,34层 ,,板塔结合,57 万,6383 元,0,,18天以前发布,VR房源 | 房本满五年 | 随时看房,https://hui.lianjia.com/ershoufang/105122370377.html
复式洋房、中间楼层、80万精装、人车分流、仅契税,"星河丹堤N区 , 南站新城",5室2厅,177.61平米,南 北,精装,低楼层(共17层) ,,塔楼,285 万,16047 元,3,,,VR房源 | 房本满两年 | 随时看房,https://hui.lianjia.com/ershoufang/105119174504.html
户型方正，东向，价格可以沟通。,"惠阳雅居乐花园一期 , 南站新城",2室2厅,75.91平米,东南,,24层 ,,板塔结合,29.9 万,3939 元,0,,,VR看装修 | 随时看房,https://hui.lianjia.com/ershoufang/105121476048.html
桥胜雅苑 1室1厅 南,"桥胜雅苑 , 区政府",1室1厅,48.93平米,南,简装,12层 ,,板塔结合,12.9 万,2637 元,2,,,VR房源 | 房本满五年,https://hui.lianjia.com/ershoufang/105122090450.html
央企保利有保障 户型靓 诚心出售,"保利山水城 , 博罗中心区",2室1厅,58.42平米,东南,简装,10层 ,,板塔结合,21.8 万,3732 元,2,,,VR房源 | 房本满五年,https://hui.lianjia.com/ershoufang/105116681443.html
此房满五，，采光楼层好，业主诚心出售,"DADA的草地 , 大亚湾中心区",2室1厅,58.59平米,南,毛坯,32层 ,,板塔结合,13.8 万,2356 元,5,,,VR看装修 | 房本满五年 | 随时看房,https://hui.lianjia.com/ershoufang/105114819331.html
江北中 心 精装4房 163平保养很好 繁华地段配套齐全,"佳兆业中心二期 , 江北",4室2厅,163.59平米,南,精装,41层 ,,板塔结合,139 万,8497 元,1,,,VR房源 | 房本满两年 | 随时看房,https://hui.lianjia.com/ershoufang/105121776847.html
"泰富御山郡两房,朝南采光好,出行便利","泰富·御山郡 , 龙丰",2室1厅,51平米,东南 南,简装,19层 ,,板塔结合,30 万,5883 元,0,,,VR看装修 | 随时看房,https://hui.lianjia.com/ershoufang/105119668943.html
德丰·五月花花园 2室1厅 南,"德丰·五月花花园 , 西区新寮",2室1厅,79.57平米,南,毛坯,17层 ,,塔楼,41.5 万,5216 元,0,,,VR看装修 | 随时看房,https://hui.lianjia.com/ershoufang/105120254891.html
近江北 华昌旁龙福新苑南向3+1房 中间楼层 总价低,"龙福新苑 , 水口",3室2厅,110.35平米,南 北,,8层 ,,板塔结合,42 万,3807 元,0,,,VR看装修 | 房本满五年,https://hui.lianjia.com/ershoufang/105121395994.html
惠阳好地段 万科物业 业主诚意出售 随时可看房,"清泉城市广场 , 区政府",4室1厅,93.85平米,东南,精装,29层 ,,板塔结合,75 万,7992 元,2,,,VR房源 | 房本满五年 | 随时看房,https://hui.lianjia.com/ershoufang/105119170942.html
业主急售红本在手无欠款满五唯一无个税价格可谈,"御城水都 , 区政府",3室2厅,85.89平米,南,精装,32层 ,,塔楼,79 万,9198 元,1,,29天以前发布,VR看装修 | 房本满两年 | 随时看房,https://hui.lianjia.com/ershoufang/105122275645.html
香悦澜山 刚需3房2厅2卫 朝南户型方正 安静舒适,"新城香悦澜山 , 博罗中心区",3室2厅,97平米,南,毛坯,中楼层(共33层) ,,塔楼,37 万,3815 元,0,,,VR房源 | 房本满五年 | 随时看房,https://hui.lianjia.com/ershoufang/105122149896.html
全新装修，3房2卫.采光很好 优越地理位置,"中鑫悦府 , 惠环",3室1厅,86.83平米,西南,,高楼层(共32层) ,,,59.2 万,6818 元,0,,11天以前发布,VR房源 | 随时看房,https://hui.lianjia.com/ershoufang/105122453036.html
润阳花园 公园就在家门口，小区内设有幼儿园,"中铭润阳 , 新圩",4室2厅,128.82平米,南,毛坯,中楼层(共12层) ,,板塔结合,59 万,4581 元,0,,17天以前发布,VR房源 | 房本满五年 | 随时看房,https://hui.lianjia.com/ershoufang/105122386959.html
"诚心出售，价格可谈,中间楼层，看房方便","壹城中心2区 , 陈江",3室2厅,98.84平米,南,毛坯,高楼层(共29层) ,,塔楼,68 万,6880 元,0,,,VR看装修 | 房本满五年 | 随时看房,https://hui.lianjia.com/ershoufang/105121374297.html
稀有复式户型  楼层好  采光好,"碧桂园翠湖湾 , 新圩",4室2厅,179.06平米,东南,精装,高楼层(共17层) ,,塔楼,119 万,6646 元,0,,,VR房源 | 房本满五年,https://hui.lianjia.com/ershoufang/105120965928.html
业主诚心出售，楼层好，视野好，采光好，楼下海鲜市场,"龙海豪苑 , 澳头",2室2厅,86.76平米,南,,高楼层(共25层) ,,塔楼,50 万,5764 元,2,,,VR看装修 | 房本满五年 | 随时看房,https://hui.lianjia.com/ershoufang/105121251861.html
房子带精装修家私家电全齐满五税费少,"亚迪二村二区 , 澳头",3室2厅,115.34平米,南 北,精装,32层 ,,板塔结合,38 万,3295 元,0,,,VR看装修 | 房本满五年 | 随时看房,https://hui.lianjia.com/ershoufang/105121340535.html
近澳头沃尔玛，生活配套齐全，中间楼层，简单装修,"德丰雅苑 , 澳头",2室2厅,79.01平米,东南,简装,中楼层(共17层) ,,板塔结合,23 万,2912 元,1,,,VR看装修 | 房本满五年,https://hui.lianjia.com/ershoufang/105121869796.html
三和经济开发区，新力龙湾，全屋定制家私家电,"新力珑湾 , 三和经济开发区",3室2厅,89.72平米,南,,中楼层(共31层) ,,塔楼,50 万,5573 元,0,,6天以前发布,VR房源 | 随时看房,https://hui.lianjia.com/ershoufang/105122504741.html
急售 灿邦商圈 南北通4房2卫3阳台 中高楼层 视野好,"十月花花园 , 大亚湾中心区",4室2厅,131.08平米,南 北,简装,33层 ,,板楼,88 万,6714 元,0,,,VR看装修 | 房本满五年 | 随时看房,https://hui.lianjia.com/ershoufang/105114199813.html
丰湖村3房2厅  简装 中间楼层 价格实惠,"丰湖村 , 下埔",3室2厅,115.77平米,南 北,简装,中楼层(共8层) ,,塔楼,31 万,2678 元,2,,,VR看装修 | 房本满两年 | 随时看房,https://hui.lianjia.com/ershoufang/105121378582.html
东江新城 水岸城四期 装修3房 满五唯一 配套齐全,"中信水岸城四期 , 东江新城",3室2厅,87平米,南,精装,低楼层(共30层) ,,板楼,76.8 万,8828 元,0,,,VR看装修 | 房本满五年 | 随时看房,https://hui.lianjia.com/ershoufang/105120579406.html
业主急售：朝南看花园 明厨明卫 采光通风视野开阔,"实地常春藤 , 三和经济开发区",3室2厅,108平米,南 北,毛坯,33层 ,,板塔结合,40 万,3704 元,0,,,VR看装修,https://hui.lianjia.com/ershoufang/105117220883.html
江北新装修 3+1房 装修很漂亮 中间楼层,"雨花香府 , 江北",4室2厅,116.16平米,东南 南,精装,中楼层(共17层) ,,,108 万,9298 元,0,,,VR看装修 | 房本满两年,https://hui.lianjia.com/ershoufang/105122171033.html
雅颂居一房一厅41平米业主诚心比较急出售,"雅颂居 , 大亚湾中心区",1室1厅,41平米,北,毛坯,25层 ,,塔楼,16 万,3903 元,3,,,VR看装修 | 随时看房,https://hui.lianjia.com/ershoufang/105113480977.html
次新小区，格局靓，采光好，视野开阔无遮挡,"金辉风雅轩 , 秋长",2室2厅,66平米,南,毛坯,32层 ,,板塔结合,28 万,4243 元,0,,,VR看装修 | 房本满两年 | 随时看房,https://hui.lianjia.com/ershoufang/105117730234.html
外地发展 精装急售 儿童公园楼上 户型方正,"恒大悦龙台 , 万达",3室2厅,85平米,北,精装,32层 ,,板塔结合,61 万,7177 元,0,,,VR看装修 | 随时看房,https://hui.lianjia.com/ershoufang/105121248762.html
南站规划高铁新城区中位，交通便利，社区生活配套齐全,"中信新城 , 南站新城",4室2厅,104.65平米,东南,精装,34层 ,,板塔结合,78 万,7454 元,0,,,VR看装修 | 房本满五年,https://hui.lianjia.com/ershoufang/105121304473.html
碧桂园山河城 6室2厅 南 北,"碧桂园山河城 , 三和经济开发区",6室2厅,191.12平米,南 北,精装,18层 ,,板塔结合,85 万,4448 元,3,,12天以前发布,VR房源 | 房本满两年,https://hui.lianjia.com/ershoufang/105122443597.html
临深100米 龙光城北八 视野好 看花园游泳池,"龙光城北八期 , 龙光城",4室2厅,105.21平米,东,精装,31层 ,,板塔结合,99 万,9410 元,0,,14天以前发布,VR房源 | 房本满五年 | 随时看房,https://hui.lianjia.com/ershoufang/105122414767.html
户型方正。采光好，视野无遮挡。,"千禧嘉园 , 万达",2室2厅,74.82平米,北,,23层 ,,板塔结合,33.8 万,4518 元,0,,,VR看装修 | 房本满两年 | 随时看房,https://hui.lianjia.com/ershoufang/105113379440.html
户型房子 通风采光很好 业主诚心出售,"盛湾名居 , 澳头",3室2厅,89平米,南,简装,33层 ,,塔楼,44 万,4944 元,1,,,VR看装修 | 房本满五年 | 随时看房,https://hui.lianjia.com/ershoufang/105121809724.html
鸿润叠韵，带装修四房，诚意出售,"鸿润·叠韵 , 河南岸",4室2厅,141.57平米,南,精装,中楼层(共32层) ,,塔楼,99.8 万,7050 元,0,,,VR看装修 | 随时看房,https://hui.lianjia.com/ershoufang/105111008246.html
房子是满二没有增值税了，中间楼层采光和通风效果好,"长通熙园 , 开城大润发",2室1厅,70.12平米,南,,32层 ,,板楼,46 万,6561 元,1,,,VR房源 | 房本满五年 | 随时看房,https://hui.lianjia.com/ershoufang/105119417374.html
带大露台 轻轨口 2023年小区南北向4房 很漂亮,"翔顺花园 , 龙丰",4室2厅,115.4平米,东南,精装,低楼层(共27层) ,,板塔结合,148 万,12825 元,0,,,VR房源 | 房本满两年 | 随时看房,https://hui.lianjia.com/ershoufang/105122093370.html
方直星耀国际好楼层大三房两卫，安静看花园视野开阔,"方直星耀国际 , 河南岸",3室2厅,126.5平米,南,毛坯,低楼层(共31层) ,,板塔结合,156 万,12333 元,0,,,VR看装修 | 房本满五年 | 随时看房,https://hui.lianjia.com/ershoufang/105117368539.html
朝南 高楼层 户型方正 使用率高,"海伦堡爱Me城市 , 澳头",3室1厅,116平米,南,毛坯,高楼层(共31层) ,,板塔结合,49 万,4225 元,0,,,VR房源 | 房本满五年 | 随时看房,https://hui.lianjia.com/ershoufang/105114797317.html
香悦澜山方正四房 大社区 户型好 园林漂亮，,"新城香悦澜山 , 博罗中心区",4室2厅,122.28平米,南,毛坯,中楼层(共33层) ,,塔楼,49.6 万,4057 元,0,,14天以前发布,VR房源 | 房本满五年 | 随时看房,https://hui.lianjia.com/ershoufang/105122419058.html
高尔夫1号看高尔夫球场5房，景色绝美，中高楼层,"建曙高尔夫1号 , 区政府",5室2厅,125.72平米,南,精装,30层 ,,塔楼,119 万,9466 元,0,,,VR看装修 | 房本满五年 | 随时看房,https://hui.lianjia.com/ershoufang/105118745940.html
百万别墅大盘  大社区  近高铁站,"惠阳雅居乐花园一期 , 南站新城",2室2厅,88.49平米,西,精装,24层 ,,板塔结合,43 万,4860 元,1,,,VR看装修 | 房本满五年 | 随时看房,https://hui.lianjia.com/ershoufang/105122185558.html
仲恺次新小区，成熟商圈，中间楼层4房，视野无遮挡,"腾韵花园 , 陈江",4室2厅,116.49平米,南,毛坯,32层 ,,板塔结合,78 万,6696 元,0,,,VR看装修 | 房本满两年 | 随时看房,https://hui.lianjia.com/ershoufang/105117469175.html
国鹏实用3房，好楼层， 采光通风好，配套齐全,"国鹏润德学府 , 惠环",3室2厅,85平米,南,毛坯,中楼层(共29层) ,,板塔结合,45.8 万,5389 元,0,,,VR看装修 | 随时看房,https://hui.lianjia.com/ershoufang/105118145453.html
两梯三户大平层，坐拥一线半岛公园河景，南北通朝南,"半岛1号十一期 , 白云新城",4室2厅,112.85平米,东南,精装,24层 ,,塔楼,98 万,8685 元,1,,,VR看装修 | 房本满五年 | 随时看房,https://hui.lianjia.com/ershoufang/105118628845.html
临深大社区，南北通带装修三房，无抵押，价格可以谈,"万城名座花园 , 白云新城",3室2厅,100.2平米,南 北,精装,29层 ,,板塔结合,98 万,9781 元,0,,,VR房源 | 房本满两年 | 随时看房,https://hui.lianjia.com/ershoufang/105120864711.html
"佳兆业壹号花园全新装修没有住过,高层看花园","佳兆业壹号花园 , 龙丰",3室2厅,103.6平米,南 北,精装,高楼层(共34层) ,,板塔结合,82 万,7916 元,1,,,VR房源 | 随时看房,https://hui.lianjia.com/ershoufang/105113881299.html
户型方正，双阳台，一南一北，通风好。,"惠阳雅居乐花园一期 , 南站新城",3室2厅,115.84平米,北,毛坯,32层 ,,板塔结合,49.8 万,4300 元,0,,,VR房源 | 随时看房,https://hui.lianjia.com/ershoufang/105122136249.html
华章装修东边户三房出售 户型方正 格局采光好 宜住家,"中锴·华章 , 河南岸",3室2厅,91.29平米,南,简装,中楼层(共27层) ,,塔楼,75 万,8216 元,2,,,VR房源 | 房本满五年,https://hui.lianjia.com/ershoufang/105118687443.html
壹城zhong心，南北对流双阳台大户型,"壹城中心1区 , 陈江",4室2厅,138.85平米,南,,中楼层(共32层) ,,塔楼,99.5 万,7167 元,1,,,VR看装修 | 房本满两年 | 随时看房,https://hui.lianjia.com/ershoufang/105117305163.html
锦绣壹号旁，品质小区，两房两厅，业主诚心出售！,"丰谷天玺 , 龙光城",2室2厅,56.48平米,南,毛坯,31层 ,,塔楼,43 万,7614 元,2,,,VR看装修 | 房本满两年 | 随时看房,https://hui.lianjia.com/ershoufang/105114110802.html
一线江景，南北通透，随时可看的,"水映山 , 博罗中心区",5室2厅,167平米,南 北,毛坯,26层 ,,板塔结合,90 万,5390 元,0,,,VR看装修 | 随时看房,https://hui.lianjia.com/ershoufang/105119747529.html
东江学府五期 看房方便 业主诚意出售 户型格局很好,"东江学府五期 , 河南岸",4室2厅,113.79平米,南,简装,低楼层(共30层) ,,板塔结合,95 万,8349 元,1,,,VR看装修 | 房本满五年,https://hui.lianjia.com/ershoufang/105118252927.html
此房位置配套齐全，有停车位，停车方便,"兴隆楼 , 水口",3室2厅,78.81平米,东,简装,8层 ,,板楼,29 万,3680 元,0,,,VR看装修 | 房本满五年,https://hui.lianjia.com/ershoufang/105119981400.html
高楼层视野好，小户型预算够，证满两年出售无负担,"德威江誉城1期 , 马安",3室2厅,89.25平米,南,毛坯,高楼层(共33层) ,,塔楼,72 万,8068 元,0,,,VR看装修 | 随时看房,https://hui.lianjia.com/ershoufang/105116816160.html
翡翠山的三房 看别墅区 景观好 视野开阔,"翡翠山城君御 , 万达",3室2厅,106.01平米,东南,精装,34层 ,,板塔结合,90 万,8490 元,1,,,VR看装修 | 房本满五年,https://hui.lianjia.com/ershoufang/105112607464.html
房子户型方正，正南朝向，业主诚心出,"星河丹堤S2区 , 南站新城",3室2厅,78.77平米,南,精装,34层 ,,板塔结合,85 万,10791 元,0,,31天以前发布,VR看装修 | 房本满五年 | 随时看房,https://hui.lianjia.com/ershoufang/105122257184.html
大湖溪宏新华苑小区3+1房2厅2卫，户型方正,"宏新华苑 , 水口",4室2厅,112.17平米,东南,精装,中楼层(共7层) ,,塔楼,52 万,4636 元,1,,,VR房源 | 房本满五年,https://hui.lianjia.com/ershoufang/105122025896.html
包增值税，有车位可谈，业主急卖,"中骏雍景台 , 马安",4室2厅,126.87平米,南 北,精装,低楼层(共6层) ,,板塔结合,98 万,7725 元,0,,,VR看装修 | 随时看房,https://hui.lianjia.com/ershoufang/105121292219.html
次新小区，户型方正，采光好，看小区花园，诚心卖,"碧桂园太东公园上城 , 吾悦广场",3室2厅,95平米,南,简装,32层 ,,塔楼,68 万,7158 元,0,,28天以前发布,VR看装修 | 随时看房,https://hui.lianjia.com/ershoufang/105122285501.html
朝南看河景，视野开阔 中间楼层,"碧桂园太东公园上城 , 吾悦广场",3室2厅,109平米,东 东南 南,精装,32层 ,,板塔结合,81 万,7432 元,0,,,VR看装修 | 随时看房,https://hui.lianjia.com/ershoufang/105121393872.html
德威江誉城一期112平精装四房，户型方正，视野开阔,"德威江誉城1期 , 马安",4室2厅,112.38平米,南,精装,中楼层(共32层) ,,板塔结合,109.8 万,9771 元,0,,,VR看装修,https://hui.lianjia.com/ershoufang/105121477342.html
万达商圈东部阳光花园小洋房精装三层复式业主急售,"东部阳光花园 , 万达",5室3厅,211.78平米,南 北,精装,9层 ,,板楼,253 万,11947 元,9,,,VR房源 | 房本满五年 | 随时看房,https://hui.lianjia.com/ershoufang/105120480363.html
新际首座 二房 满五唯一 红本在手 西南向,"新际首座 , 大亚湾中心区",2室1厅,54.51平米,西南,简装,28层 ,,板塔结合,20 万,3670 元,0,,7天以前发布,VR房源 | 房本满五年 | 随时看房,https://hui.lianjia.com/ershoufang/105122488617.html
万达旁成熟商圈 教育聚集 复式精装修两层5房,"龙城天悦 , 万达",5室2厅,80.15平米,南,精装,高楼层(共11层) ,,塔楼,79 万,9857 元,3,,,VR房源 | 房本满五年,https://hui.lianjia.com/ershoufang/105116995695.html
此房可看花园，户型方正，楼层好，采光佳，视野开阔,"中海阅江府 , 东江新城",5室2厅,139.47平米,东南,毛坯,33层 ,,板楼,112 万,8031 元,1,,,VR看装修 | 房本满两年 | 随时看房,https://hui.lianjia.com/ershoufang/105117347016.html
本栋直通地下室 楼层好 视野开阔 户型方正,"中海凯旋城凯旋华府 , 河南岸",3室2厅,118.07平米,东 东南 南,,中楼层(共30层) ,,塔楼,115 万,9740 元,0,,,VR看装修 | 随时看房,https://hui.lianjia.com/ershoufang/105120556125.html
麦地商圈东江明珠花园精装修三房诚意出售,"东江明珠花园 , 麦地",3室2厅,124.22平米,西北,精装,高楼层(共16层) ,,塔楼,89 万,7165 元,0,,,VR房源 | 房本满五年,https://hui.lianjia.com/ershoufang/105120565351.html
小区配套成熟、生活、上学、购物都方便。,"长通熙园 , 开城大润发",3室2厅,96平米,南,,33层 ,,板楼,75 万,7813 元,0,,,VR房源 | 房本满两年 | 随时看房,https://hui.lianjia.com/ershoufang/105112689387.html
此房户型靓，带入户花园，利用率高。花园中间安静,"海伦堡爱Me城市 , 澳头",3室2厅,104平米,南 北,,29层 ,,板塔结合,45 万,4327 元,0,,,VR看装修 | 随时看房,https://hui.lianjia.com/ershoufang/105120415986.html
业主诚心出售 次新小区 朝南向 采光好 户型靓,"东方铂悦府 , 新行政区",4室2厅,117.64平米,南,毛坯,32层 ,,板塔结合,90 万,7651 元,0,,17天以前发布,VR房源 | 房本满两年 | 随时看房,https://hui.lianjia.com/ershoufang/105122377195.html
入则宁静，出则繁华的小区，看高尔夫景观,"恒大棕榈岛 , 白云新城",3室2厅,94.25平米,东,毛坯,32层 ,,板楼,53 万,5624 元,1,,,VR看装修 | 房本满两年 | 随时看房,https://hui.lianjia.com/ershoufang/105115052009.html
物业24小时轮值，安保好人车分流·,"碧桂园翠湖湾 , 新圩",3室2厅,105.61平米,南 北,精装,17层 ,,板塔结合,67 万,6345 元,0,,,VR看装修 | 房本满五年 | 随时看房,https://hui.lianjia.com/ershoufang/105118777784.html
花了30多万的全新装修，没住过，闲置割爱出售,"富盈公馆三期 , 马安",3室2厅,101.1平米,南 北,精装,中楼层(共32层) ,,塔楼,95 万,9397 元,0,,,VR看装修 | 房本满两年 | 随时看房,https://hui.lianjia.com/ershoufang/105120514179.html
户型使用率高，中间楼层，复式三房,"听涛雅苑 , 大亚湾中心区",2室1厅,35.89平米,西,,6层 ,,板塔结合,16 万,4459 元,0,,,VR房源,https://hui.lianjia.com/ershoufang/105122139526.html
邻深万成名座花园大社区，舒适大三房,"万城名座花园 , 白云新城",3室2厅,122.09平米,南 北,毛坯,32层 ,,塔楼,85 万,6963 元,0,,,VR看装修 | 房本满五年 | 随时看房,https://hui.lianjia.com/ershoufang/105120220237.html
仲恺十小旁 钱隆次新小区 三房 朝南 户型方正 楼层好,"福晟钱隆樽品花园 , 陈江",3室2厅,80.45平米,南,,18层 ,,塔楼,49 万,6091 元,0,,,VR看装修 | 随时看房,https://hui.lianjia.com/ershoufang/105116152294.html
万达广场旁边 装修四房，业主急售,"阳光圣菲 , 万达",4室2厅,114.7平米,南,精装,33层 ,,塔楼,78 万,6801 元,1,,,VR房源 | 房本满五年 | 随时看房,https://hui.lianjia.com/ershoufang/105120127107.html
南北通 户型方正 大五房 随时可看 业主诚心卖,"锦地繁花骏园 , 西区新寮",5室1厅,141.88平米,南 北,精装,30层 ,,板塔结合,100 万,7049 元,0,,,VR房源 | 随时看房,https://hui.lianjia.com/ershoufang/105115695250.html
临深新上房源，满五唯一，高楼层视野好，东边户,"龙光城北三期 , 龙光城",3室2厅,80.15平米,南,毛坯,高楼层(共34层) ,,板塔结合,58 万,7237 元,16,,,VR看装修 | 随时看房,https://hui.lianjia.com/ershoufang/105110502771.html
一线临深  精装大三房  全景看叠墅  好楼层视野好,"龙光城北四期 , 龙光城",3室2厅,91.25平米,南 北,精装,33层 ,,板塔结合,83.8 万,9184 元,1,,,VR看装修 | 房本满五年 | 随时看房,https://hui.lianjia.com/ershoufang/105117865843.html
自带暖阳看花园，视野采光充足，环境优美，户型通透,"龙光城北四期 , 龙光城",4室2厅,107.46平米,北,毛坯,33层 ,,板塔结合,87 万,8097 元,0,,,VR看装修 | 房本满五年 | 随时看房,https://hui.lianjia.com/ershoufang/105122026584.html
南山壹号 无欠款 南北通 4 房 价格可谈,"鹏达南山壹号 , 河南岸",4室2厅,114.83平米,南 北,毛坯,31层 ,,塔楼,80 万,6967 元,1,,,VR看装修 | 房本满五年 | 随时看房,https://hui.lianjia.com/ershoufang/105121013992.html
精装修，保养很好，阳台无遮挡，采光充足,"盛湾名居 , 澳头",4室2厅,110.26平米,南,精装,33层 ,,塔楼,56 万,5079 元,3,,,VR看装修 | 房本满五年 | 随时看房,https://hui.lianjia.com/ershoufang/105119974604.html
九颂瑞府次新房 4房2卫 价格美丽  钥匙在店 随时可看,"九颂中奥沃华|瑞府 , 小金口",4室2厅,118.87平米,南 北,,中楼层(共33层) ,,板塔结合,77 万,6478 元,0,,31天以前发布,VR看装修 | 随时看房,https://hui.lianjia.com/ershoufang/105122254138.html
地段好诚心卖南北通透满五唯一,"渝景湾花园一期 , 澳头",3室2厅,88.09平米,南 北,简装,7层 ,,板塔结合,16 万,1817 元,6,,,VR房源 | 房本满五年 | 随时看房,https://hui.lianjia.com/ershoufang/105121317922.html
隆生仲恺花园 四房南北通透带车位 看花园,"隆生仲恺花园 , 陈江",4室2厅,127.58平米,北 南,毛坯,32层 ,,塔楼,93 万,7290 元,0,,,VR看装修 | 房本满两年 | 随时看房,https://hui.lianjia.com/ershoufang/105121936525.html
钰林星汇名庭 2室2厅 东,"钰林星汇名庭 , 白云新城",2室2厅,61.03平米,东,毛坯,27层 ,,板塔结合,29.8 万,4883 元,1,,12天以前发布,VR房源 | 房本满五年 | 随时看房,https://hui.lianjia.com/ershoufang/105122441519.html
翡翠山三房，看别墅景观好哇塞，下楼益田好方便,"翡翠山城君御 , 万达",3室2厅,105.63平米,南,精装,33层 ,,,95 万,8994 元,0,,10天以前发布,VR房源 | 房本满五年 | 随时看房,https://hui.lianjia.com/ershoufang/105122459747.html
临深大盘配套完善。无欠款诚意出售。,"龙光城南四期 , 龙光城",3室2厅,89.38平米,南,毛坯,34层 ,,板塔结合,69 万,7720 元,1,,,VR看装修 | 随时看房,https://hui.lianjia.com/ershoufang/105121342349.html
急售隆生大三房 万米无遮挡，视野开阔好楼层价格可谈,"隆生仲恺花园3区 , 陈江",3室1厅,93平米,南,毛坯,低楼层(共32层) ,,塔楼,55 万,5914 元,0,,28天以前发布,VR房源 | 随时看房,https://hui.lianjia.com/ershoufang/105122283557.html
星河丹堤V区一楼带花园  上下三层,"星河丹堤V区 , 南站新城",6室4厅,102.19平米,南,简装,34层 ,,板塔结合,185 万,18104 元,6,,,VR房源 | 随时看房,https://hui.lianjia.com/ershoufang/105120491263.html
"此房户型方正，业主诚心出售,价格优惠","中豪国际 , 区政府",1室1厅,48.6平米,南,,20层 ,,板塔结合,13 万,2675 元,1,,,VR看装修,https://hui.lianjia.com/ershoufang/105114348349.html
"五月花地铁沙田站14号线釆光充足,产杖清晰,随时方便,","德丰·五月花花园 , 西区新寮",2室2厅,70.64平米,南,简装,8层 ,,板塔结合,44 万,6229 元,9,,,VR看装修 | 房本满五年 | 随时看房,https://hui.lianjia.com/ershoufang/105112773088.html
新天虹商圈电梯3房 户型方正 好楼层 业主诚心出售,"惠泽南苑 , 河南岸",3室2厅,95.72平米,西北,简装,中楼层(共17层) ,,塔楼,55 万,5746 元,1,,,VR看装修 | 房本满五年 | 随时看房,https://hui.lianjia.com/ershoufang/105122172148.html
新力二期大社区，朝南，采光好。,"新力城二期 , 水口",3室2厅,109平米,南 北,毛坯,低楼层(共32层) ,,塔楼,68 万,6239 元,0,,,VR看装修 | 房本满两年 | 随时看房,https://hui.lianjia.com/ershoufang/105116284236.html
铂钻花园 4室2厅 南 北,"铂钻花园 , 东江新城",4室2厅,115.06平米,南 北,毛坯,高楼层(共27层) ,,板楼,90 万,7823 元,0,,14天以前发布,VR房源 | 房本满两年 | 随时看房,https://hui.lianjia.com/ershoufang/105122412548.html
好房出售 精装三房 中间搂 价格美丽,"壹城中心峰尚 , 陈江",3室2厅,98平米,南,精装,中楼层(共32层) ,,塔楼,81 万,8266 元,0,,,VR房源 | 随时看房,https://hui.lianjia.com/ershoufang/105121517992.html
楼下沃尔玛 户型方正 龙光城北二期,"龙光城北二期 , 龙光城",2室1厅,44.7平米,南 北,精装,30层 ,,板塔结合,45 万,10068 元,0,,,VR房源 | 房本满五年 | 随时看房,https://hui.lianjia.com/ershoufang/105121864219.html
区政府旁，一房拎包入住，业主诚心出售。,"鼎盛广场 , 区政府",1室1厅,49平米,南,简装,33层 ,,板塔结合,17 万,3470 元,3,,,VR看装修 | 随时看房,https://hui.lianjia.com/ershoufang/105118643870.html
可园五期南北通双阳台看花园楼距宽近轻轨红花湖,"佳兆业时代·可园 , 龙丰",4室2厅,127.39平米,南 北,,低楼层(共33层) ,,塔楼,75.9 万,5959 元,0,,,VR房源 | 随时看房,https://hui.lianjia.com/ershoufang/105118691567.html
DADA的草地使用率高全屋精装修高配置大阳台看小区景观,"DADA的草地 , 大亚湾中心区",4室2厅,81.31平米,南,精装,32层 ,,板楼,32.8 万,4034 元,0,,,VR看装修 | 房本满五年,https://hui.lianjia.com/ershoufang/105117625421.html
万达旁大三房，好楼层，好视野 业主诚意出售,"东部阳光花园 , 万达",4室2厅,115.16平米,南,简装,16层 ,,板塔结合,79 万,6861 元,0,,18天以前发布,VR看装修 | 房本满五年 | 随时看房,https://hui.lianjia.com/ershoufang/105122376672.html
公园旁大三房业主诚售价格  便宜,"海伦堡·海伦璟园 , 比亚迪商圈",3室2厅,100平米,南,毛坯,33层 ,,板塔结合,55 万,5500 元,0,,,VR房源 | 房本满两年 | 随时看房,https://hui.lianjia.com/ershoufang/105118817532.html
此房采光充足，户型方正，利用率高，宜出租自住。,"东岸公馆 , 白云新城",2室2厅,63.56平米,南,毛坯,26层 ,,板塔结合,25 万,3934 元,5,,,VR看装修 | 随时看房,https://hui.lianjia.com/ershoufang/105105976794.html
金悦华府2期安静不吵 中间楼层 随时可以看房,"金悦华府 , 东江新城",4室2厅,129平米,东南 南 北,毛坯,中楼层(共32层) ,,板塔结合,120 万,9303 元,0,,,VR看装修 | 随时看房,https://hui.lianjia.com/ershoufang/105119942037.html
惠阳站星河丹堤标杆社区，次新房，南向大4房，中间层,"星河丹堤G4区 , 南站新城",4室1厅,136.74平米,南,,33层 ,,板塔结合,168 万,12287 元,0,,,VR看装修 | 房本满两年,https://hui.lianjia.com/ershoufang/105121823696.html
天虹大润发商圈、近高铁站、交通方便,"中梁V城市 , 开城大润发",3室2厅,77.08平米,南,简装,31层 ,,板塔结合,42 万,5449 元,1,,,VR房源,https://hui.lianjia.com/ershoufang/105121251249.html
真新鲜 八期房源 靓房呈现 单边位采光好,"卓越东部蔚蓝海岸八期 , 西区新寮",3室2厅,98.25平米,南 北,精装,高楼层(共28层) ,,板塔结合,103 万,10484 元,1,,,VR看装修 | 房本满两年 | 随时看房,https://hui.lianjia.com/ershoufang/105116494509.html
业主诚心出售，此房户型方正，采光好,"冠臣御品花园 , 新行政区",3室2厅,114.54平米,南 北,精装,28层 ,,板塔结合,68 万,5937 元,0,,,VR看装修 | 房本满两年 | 随时看房,https://hui.lianjia.com/ershoufang/105117314529.html
精装修 业主诚心出售 随时可以看房,"和畅国际 , 惠环",3室1厅,86.51平米,东南,精装,高楼层(共32层) ,,塔楼,51 万,5896 元,0,,,VR房源 | 房本满五年,https://hui.lianjia.com/ershoufang/105121837680.html
方正居家三室一卫，拎包入住，总价低，随时看房,"碧桂园十里银滩海悦湾 , 十里银滩",3室1厅,84平米,西南,精装,30层 ,,板塔结合,27.8 万,3310 元,23,,,VR看装修 | 随时看房,https://hui.lianjia.com/ershoufang/105117765705.html
临深大社区，南北通带装修三房，无抵押，价格可以谈,"万城名座花园 , 白云新城",3室2厅,100.2平米,南 北,精装,29层 ,,板塔结合,98 万,9781 元,0,,,VR房源 | 房本满两年 | 随时看房,https://hui.lianjia.com/ershoufang/105120864711.html
房子户型方正采光好，中高楼层。,"华彩公馆 , 大亚湾中心区",4室2厅,107.36平米,南,毛坯,24层 ,,板塔结合,35 万,3261 元,0,,,VR看装修 | 房本满五年 | 随时看房,https://hui.lianjia.com/ershoufang/105120507591.html
"佳兆业壹号花园全新装修没有住过,高层看花园","佳兆业壹号花园 , 龙丰",3室2厅,103.6平米,南 北,精装,高楼层(共34层) ,,板塔结合,82 万,7916 元,1,,,VR房源 | 随时看房,https://hui.lianjia.com/ershoufang/105113881299.html
金茂市场 买菜方便 看房提前联系 健康步梯 诚心出,"御景华城三期可园 , 陈江",2室2厅,64平米,南,简装,7层 ,,板塔结合,27.5 万,4297 元,4,,,VR看装修 | 随时看房,https://hui.lianjia.com/ershoufang/105121066781.html
一楼复式房，价格优惠，随时可以看房,"美林雅苑 , 澳头",2室2厅,30.32平米,东南,简装,9层 ,,板塔结合,17 万,5607 元,20,,,VR房源 | 房本满五年 | 随时看房,https://hui.lianjia.com/ershoufang/105113249819.html
业主急卖，价格可谈，户型方正，视野开阔,"新力珑湾 , 三和经济开发区",3室2厅,89.66平米,南 北,毛坯,高楼层(共34层) ,,塔楼,35 万,3904 元,1,,,VR看装修 | 房本满两年 | 随时看房,https://hui.lianjia.com/ershoufang/105113891498.html
步行到惠阳站，满五年，诚心出售，格局方正,"昶园 , 南站新城",4室2厅,129.49平米,南 北,毛坯,31层 ,,板塔结合,100 万,7723 元,1,,,VR看装修 | 房本满五年 | 随时看房,https://hui.lianjia.com/ershoufang/105121184421.html
精装修  拎包入住   业主诚心出售,"旺东国际广场 , 开城大润发",2室2厅,74.67平米,东,精装,30层 ,,塔楼,49 万,6563 元,1,,,VR看装修 | 房本满五年 | 随时看房,https://hui.lianjia.com/ershoufang/105118864388.html
东江学府二期毛坯三房，南北通透户型方正业主诚心出售,"东江学府二期 , 河南岸",3室2厅,137.29平米,南 北,毛坯,中楼层(共16层) ,,板塔结合,90 万,6556 元,1,,,VR看装修 | 房本满五年 | 随时看房,https://hui.lianjia.com/ershoufang/105121958806.html
户型方正，双阳台，一南一北，通风好。,"惠阳雅居乐花园一期 , 南站新城",3室2厅,115.84平米,北,毛坯,32层 ,,板塔结合,49.8 万,4300 元,0,,,VR房源 | 随时看房,https://hui.lianjia.com/ershoufang/105122136249.html
华章装修东边户三房出售 户型方正 格局采光好 宜住家,"中锴·华章 , 河南岸",3室2厅,91.29平米,南,简装,中楼层(共27层) ,,塔楼,75 万,8216 元,2,,,VR房源 | 房本满五年,https://hui.lianjia.com/ershoufang/105118687443.html
壹城zhong心，南北对流双阳台大户型,"壹城中心1区 , 陈江",4室2厅,138.85平米,南,,中楼层(共32层) ,,塔楼,99.5 万,7167 元,1,,,VR看装修 | 房本满两年 | 随时看房,https://hui.lianjia.com/ershoufang/105117305163.html
锦绣壹号旁，品质小区，两房两厅，业主诚心出售！,"丰谷天玺 , 龙光城",2室2厅,56.48平米,南,毛坯,31层 ,,塔楼,43 万,7614 元,2,,,VR看装修 | 房本满两年 | 随时看房,https://hui.lianjia.com/ershoufang/105114110802.html
采光好，视野开阔，央 企小区，值得拥有,"保利阳光城四期 , 白云新城",3室2厅,94.63平米,南,毛坯,32层 ,,板塔结合,59 万,6235 元,1,,,VR看装修 | 房本满两年 | 随时看房,https://hui.lianjia.com/ershoufang/105116132533.html
近天虹大润发，方正两房，繁华地段，配套成熟,"中梁V城市 , 开城大润发",2室2厅,67.5平米,南,毛坯,33层 ,,板塔结合,35 万,5186 元,0,,,VR看装修 | 随时看房,https://hui.lianjia.com/ershoufang/105117662821.html
华贸商圈 东江公园 惠安楼毛坯3房 视野好 楼龄新,"惠安楼 , 江北",3室2厅,116.3平米,东北,毛坯,中楼层(共30层) ,,板塔结合,136 万,11694 元,0,,,VR看装修 | 房本满两年 | 随时看房,https://hui.lianjia.com/ershoufang/105119857332.html
业主急售 沃尔玛旁 中嘉领骏 精装两房,"中嘉领骏 , 澳头",2室2厅,76.2平米,南,简装,18层 ,,塔楼,33 万,4331 元,1,,,VR房源 | 房本满五年 | 随时看房,https://hui.lianjia.com/ershoufang/105116203590.html
临深南北通三房  业主诚意卖  价格有空间,"安罝小区 , 西区新寮",3室2厅,126.79平米,南,毛坯,32层 ,,板塔结合,58 万,4575 元,0,,,VR看装修 | 随时看房,https://hui.lianjia.com/ershoufang/105121456672.html
碧桂园珑尚花月。室两厅两卫，视野开阔,"碧桂园珑尚花园 , 水口",3室2厅,103平米,南,,高楼层(共34层) ,,板塔结合,66 万,6408 元,0,,,VR看装修,https://hui.lianjia.com/ershoufang/105119088579.html
奥体板块中洲云悦府，4室2厅南北通透,"云悦府 , 河南岸",4室2厅,128.78平米,南 北,,中楼层(共33层) ,,板塔结合,138 万,10716 元,0,,,VR看装修 | 随时看房,https://hui.lianjia.com/ershoufang/105119128378.html
社区环境配套齐全20万不到住新家,"小径海岸城花园 , 霞涌",1室1厅,46.72平米,南,简装,32层 ,,板塔结合,19 万,4067 元,0,,6天以前发布,VR房源 | 房本满五年 | 随时看房,https://hui.lianjia.com/ershoufang/105122506636.html
水岸城全新毛坯三房出售....,"中信水岸城六期 , 东江新城",3室2厅,88平米,东南,毛坯,中楼层(共32层) ,,板楼,88 万,10000 元,0,,,VR看装修 | 随时看房,https://hui.lianjia.com/ershoufang/105115921547.html
新天虹商圈  精装两房  装修保养好  看房提前预约,"惠泽南苑 , 河南岸",2室1厅,51.07平米,南 北,精装,中楼层(共6层) ,,板楼,38 万,7441 元,0,,,VR看装修 | 房本满五年 | 随时看房,https://hui.lianjia.com/ershoufang/105120763709.html
此房满五唯一 高楼层，视野宽阔，采光充足,"亚迪二村二区 , 澳头",3室1厅,115平米,南,精装,32层 ,,塔楼,45 万,3914 元,1,,,VR房源 | 房本满五年 | 随时看房,https://hui.lianjia.com/ershoufang/105120720680.html
惠阳  东方国际  人民六路旁 大润发 新天虹,"东方国际 , 开城大润发",2室1厅,55.73平米,南 北,简装,9层 ,,板塔结合,16 万,2871 元,3,,,VR房源 | 房本满两年,https://hui.lianjia.com/ershoufang/105121856023.html
东江新城五期 三房两卫 业主诚意出售,"佳兆业东江新城五期 , 博罗中心区",3室1厅,91.94平米,南,毛坯,低楼层(共34层) ,,板塔结合,35.8 万,3894 元,0,,23天以前发布,VR房源,https://hui.lianjia.com/ershoufang/105122331902.html
碧桂园物业，诚心卖，代产权车位，南北都看花园双阳台,"深荟城一期 , 白云新城",4室2厅,135.71平米,东南,精装,32层 ,,板塔结合,116 万,8548 元,5,,,VR看装修 | 房本满五年 | 随时看房,https://hui.lianjia.com/ershoufang/105116944733.html
出门即是公园，一手业主居家好，大3居室拎包入住,"名苑山庄 , 区政府",3室1厅,137.59平米,南,简装,13层 ,,塔楼,75 万,5451 元,0,,,VR房源 | 房本满五年 | 随时看房,https://hui.lianjia.com/ershoufang/105121892187.html
一线江景，南北通透，随时可看的,"水映山 , 博罗中心区",5室2厅,167平米,南 北,毛坯,26层 ,,板塔结合,90 万,5390 元,0,,,VR看装修 | 随时看房,https://hui.lianjia.com/ershoufang/105119747529.html
龙光城南一期 1室1厅 北,"龙光城南一期 , 龙光城",1室1厅,36.77平米,北,,28层 ,,板塔结合,28 万,7615 元,0,,15天以前发布,VR房源 | 房本满五年 | 随时看房,https://hui.lianjia.com/ershoufang/105122403671.html
奥林匹克花园悦珑湾全新装修4房，楼层适中，花园里,"奥林匹克花园悦珑湾三期 , 江北",4室1厅,134.14平米,南,精装,32层 ,,塔楼,100 万,7455 元,0,,,VR房源 | 房本满五年 | 随时看房,https://hui.lianjia.com/ershoufang/105121293559.html
朝向视野采光好看花园，中低楼层,"卓越东部蔚蓝海岸五期 , 西区新寮",3室1厅,95.83平米,西南,精装,33层 ,,塔楼,78 万,8140 元,0,,,VR看装修 | 房本满两年,https://hui.lianjia.com/ershoufang/105121297584.html
美丽的湖景景观 经典大平层 欣赏东江水 览金山湖美景,"方直星耀国际 , 河南岸",5室2厅,184.97平米,南 北,毛坯,高楼层(共38层) ,,板塔结合,338 万,18274 元,0,,14天以前发布,VR房源 | 房本满五年 | 随时看房,https://hui.lianjia.com/ershoufang/105122410869.html
江北奥林匹克花园三期 精装3房2卫，朝南 看花园,"奥林匹克花园悦珑湾三期 , 江北",3室2厅,111.18平米,南,精装,32层 ,,塔楼,86 万,7736 元,2,,,VR看装修 | 房本满五年 | 随时看房,https://hui.lianjia.com/ershoufang/105119809380.html
西湖三里 电梯三房 朝南看高榜山,"西湖三里 , 龙丰",3室2厅,97.04平米,南,毛坯,26层 ,,,65 万,6699 元,0,,,VR看装修 | 房本满两年 | 随时看房,https://hui.lianjia.com/ershoufang/105120649257.html
此房户型方正 中高楼层 通风采光好！,"卓越东部蔚蓝海岸四期 , 西区新寮",4室2厅,113.7平米,南 北,毛坯,26层 ,,板塔结合,83 万,7300 元,0,,,VR房源 | 随时看房,https://hui.lianjia.com/ershoufang/105119364433.html
合生南向户型中楼层《本社区有大量房源出售》,"合生·上观国际 , 水口",2室2厅,83.77平米,东 东南,,高楼层(共32层) ,,塔楼,53 万,6327 元,1,,,VR房源 | 房本满两年 | 随时看房,https://hui.lianjia.com/ershoufang/105119846272.html
临深品质百万大盘，使用率高，两公里六联地铁站口,"牧云溪谷四期云峯 , 新圩",4室2厅,114.83平米,东南,毛坯,34层 ,,板塔结合,136 万,11844 元,0,,,VR房源 | 房本满五年 | 随时看房,https://hui.lianjia.com/ershoufang/105120963507.html
壹号公馆，惠环新社区，离学堂近，读书方便,"壹号公馆 , 惠环",3室2厅,77.85平米,北,精装,低楼层(共31层) ,,塔楼,44.6 万,5729 元,1,,,VR看装修 | 房本满五年,https://hui.lianjia.com/ershoufang/105119771841.html
看音乐喷泉，视野开阔 ，楼层好，满2年，无抵押,"恒大悦龙台 , 万达",3室2厅,95.6平米,南,精装,32层 ,,板塔结合,75 万,7846 元,0,,,VR看装修 | 房本满两年 | 随时看房,https://hui.lianjia.com/ershoufang/105120491041.html
步梯房二楼、配套成熟、买菜方便宜居,"荣华新村 , 开城大润发",2室2厅,62.84平米,南,,低楼层(共3层) ,,,19.8 万,3151 元,0,,17天以前发布,VR房源,https://hui.lianjia.com/ershoufang/105122386477.html
小区环境好，采光好，优质小区，近万达广场,"金汇上元 , 万达",4室1厅,112.33平米,南 北,,26层 ,,板塔结合,71 万,6321 元,0,,,VR房源 | 随时看房,https://hui.lianjia.com/ershoufang/105119723891.html
合适上观国际，带有车位，三房两厅两卫。,"合生·上观国际 , 水口",3室2厅,92.37平米,南,毛坯,高楼层(共32层) ,,板塔结合,68 万,7362 元,0,,,VR看装修 | 房本满两年 | 随时看房,https://hui.lianjia.com/ershoufang/105116409722.html
东平海伦湾3房2厅2卫精装修保养很好拎包入住,"海伦堡海伦湾 , 东平",3室2厅,110平米,南,精装,高楼层(共32层) ,,板塔结合,105 万,9546 元,0,,,VR看装修 | 房本满五年 | 随时看房,https://hui.lianjia.com/ershoufang/105119818368.html
精装修 户型通透 采光好 离沃尔玛近 三所学府相邻,"龙光城南四期 , 龙光城",4室1厅,108.39平米,东南,精装,34层 ,,板塔结合,89.8 万,8285 元,0,,,VR房源 | 房本满五年 | 随时看房,https://hui.lianjia.com/ershoufang/105117803853.html
星河梧桐湾  户型方正  采光好  诚意出售,"金裕星河梧桐湾花园 , 陈江",4室2厅,112.28平米,南,毛坯,高楼层(共31层) ,,塔楼,68 万,6057 元,0,,,VR看装修 | 房本满两年 | 随时看房,https://hui.lianjia.com/ershoufang/105122196700.html
新品急售急售，价格可谈楼层好，看房方便,"富盈公馆二期 , 马安",3室2厅,89.76平米,南,毛坯,低楼层(共18层) ,,塔楼,62 万,6908 元,0,,,VR看装修 | 房本满五年 | 随时看房,https://hui.lianjia.com/ershoufang/105121722879.html
视野开阔，朝南精装4房，家私家电齐全,"中海阳光玫瑰园 , 马安",4室2厅,118.22平米,东南,精装,中楼层(共33层) ,,板楼,115 万,9728 元,0,,,VR房源 | 房本满两年,https://hui.lianjia.com/ershoufang/105120817377.html
经典2房 户型方正 看花园 海边绿道近 生活便利,"碧桂园十里银滩迎海南区 , 十里银滩",2室2厅,75.51平米,南,简装,30层 ,,板塔结合,28.6 万,3788 元,0,,,VR看装修 | 房本满五年 | 随时看房,https://hui.lianjia.com/ershoufang/105121153963.html
高铁站物业，复试高拓，环境好价格低,"玖龙台 , 潼侨沥林",1室1厅,44.64平米,南,毛坯,高楼层(共28层) ,,塔楼,16 万,3585 元,2,,,VR房源 | 房本满两年 | 随时看房,https://hui.lianjia.com/ershoufang/105114272994.html
安静环境舒适，朝南看花园，户型方正，诚心出售！,"融创臻园一期 , 秋长",3室1厅,96.12平米,南,毛坯,32层 ,,板塔结合,45 万,4682 元,0,,,VR房源 | 房本满两年 | 随时看房,https://hui.lianjia.com/ershoufang/105120514846.html
临深，碧桂园深荟城。业主诚心出售,"深荟城一期 , 白云新城",3室2厅,92.36平米,南,,33层 ,,板塔结合,72 万,7796 元,0,,,VR看装修 | 房本满五年,https://hui.lianjia.com/ershoufang/105118491166.html
万达商圈翡翠山，全新装修大四房，业主出国急售,"翡翠山城君御 , 万达",4室2厅,127.37平米,南 北,精装,26层 ,,板塔结合,102 万,8009 元,1,,,VR看装修 | 随时看房,https://hui.lianjia.com/ershoufang/105120704476.html
标准三房，朝南看花园，中间楼层,"三远大爱城 , 吾悦广场",3室1厅,114平米,南,,32层 ,,塔楼,75 万,6579 元,0,,18天以前发布,VR看装修 | 随时看房,https://hui.lianjia.com/ershoufang/105122376547.html
"德佑透明收佣不做包单,丽日湖逸家园一期给诚意金可谈","丽日湖逸家园一期 , 下角",4室1厅,123.58平米,南 北,简装,21层 ,,板塔结合,129.5 万,10480 元,0,,,VR房源 | 房本满五年,https://hui.lianjia.com/ershoufang/105121166623.html
业主急售，价格可谈，满五唯一税费少。,"卓越东部蔚蓝海岸三期 , 西区新寮",3室2厅,97平米,东南,毛坯,33层 ,,板塔结合,65 万,6702 元,0,,,VR看装修 | 随时看房,https://hui.lianjia.com/ershoufang/105115616267.html
美思奇看滨水公园南北通透双阳台中间楼层满五唯一,"美思奇公馆 , 区政府",4室2厅,118.13平米,南 北,毛坯,24层 ,,板塔结合,81 万,6857 元,0,,,VR看装修 | 房本满五年 | 随时看房,https://hui.lianjia.com/ershoufang/105120892155.html
南北通风    精装修     拎包入住,"新力城一期 , 水口",3室2厅,109平米,南,精装,中楼层(共33层) ,,板楼,93 万,8533 元,1,,,VR看装修 | 房本满五年,https://hui.lianjia.com/ershoufang/105116514066.html
中间楼层视野开阔开别墅坪山河景，业主急售,"卓越东部蔚蓝海岸四期 , 西区新寮",3室2厅,88.39平米,南,精装,26层 ,,板塔结合,78 万,8825 元,0,,,VR看装修 | 房本满五年 | 随时看房,https://hui.lianjia.com/ershoufang/105121864241.html
"业主急卖, 丰谷天玺，三房朝南，看房方便","丰谷天玺 , 龙光城",3室1厅,86.66平米,南,毛坯,31层 ,,塔楼,60 万,6924 元,0,,,VR看装修 | 房本满两年 | 随时看房,https://hui.lianjia.com/ershoufang/105114660078.html
天睿南花园中间  4+1房南北通 景观好 无欠款 无个税,"太东星河丹堤天睿花园南区 , 吾悦广场",5室1厅,136.47平米,南 北,毛坯,34层 ,,板塔结合,122 万,8940 元,2,,,VR房源 | 房本满五年 | 随时看房,https://hui.lianjia.com/ershoufang/105116882642.html
德威摩卡小镇 3室2厅 南,"德威摩卡小镇 , 江北",3室2厅,118.24平米,南,精装,中楼层(共24层) ,,塔楼,85 万,7189 元,0,,,VR看装修 | 房本满两年,https://hui.lianjia.com/ershoufang/105122239511.html
房子朝南户型，视野开阔，随时看房。。。,"德丰凯旋城北区 , 大亚湾中心区",2室1厅,42平米,北,毛坯,26层 ,,板塔结合,22.5 万,5358 元,63,,,VR看装修 | 随时看房,https://hui.lianjia.com/ershoufang/105102337461.html
业主红本在手，南北通，品质小区,"君跃荃新时代 , 大亚湾中心区",3室2厅,87.3平米,南,毛坯,29层 ,,塔楼,47 万,5384 元,0,,,VR房源 | 房本满五年 | 随时看房,https://hui.lianjia.com/ershoufang/105119459607.html
业主急售，此房 户型方正 视野开阔 ，采光好,"蓝湾星宸一期 , 大亚湾中心区",2室2厅,77.32平米,东南,毛坯,33层 ,,板塔结合,24.8 万,3208 元,0,,12天以前发布,VR房源 | 房本满五年 | 随时看房,https://hui.lianjia.com/ershoufang/105122432857.html
小区自带高尔夫景观 中高层视野好原值高无个税可谈,"恒大棕榈岛 , 白云新城",4室2厅,113.12平米,南,,29层 ,,板塔结合,68 万,6012 元,1,,,VR房源 | 房本满五年 | 随时看房,https://hui.lianjia.com/ershoufang/105113221028.html
蓝光雍和园精装三房坐拥红花湖桃花源双景区,"蓝光雍和园 , 龙丰",3室1厅,107平米,东南,简装,中楼层(共33层) ,,板楼,98 万,9159 元,0,,,VR房源 | 房本满两年,https://hui.lianjia.com/ershoufang/105121753399.html
城市zhong心，奢居典范——尊享hao宅，开启品质生活,"鑫月·汇峰 , 东平",3室2厅,126.74平米,北,精装,高楼层(共30层) ,,板塔结合,78.8 万,6218 元,1,,,VR看装修 | 随时看房,https://hui.lianjia.com/ershoufang/105119889950.html
金悦华府四房129平，南北通，靠花园里面不吵，高层,"金悦华府 , 东江新城",4室2厅,129.87平米,南,毛坯,高楼层(共40层) ,,板塔结合,125 万,9626 元,99,,,VR看装修 | 房本满两年 | 随时看房,https://hui.lianjia.com/ershoufang/105117493013.html
拎包即住→精装两房 朝南！视野开——阔 装修用料扎实,"万城 , 白云新城",2室2厅,68.12平米,南,精装,17层 ,,板塔结合,41.88 万,6148 元,0,,,VR看装修 | 房本满五年,https://hui.lianjia.com/ershoufang/105121467708.html
楼下鹿江公园露营底，楼层好，户型方正,"富盈公馆三期 , 马安",3室2厅,101.03平米,东南,毛坯,中楼层(共32层) ,,板塔结合,68 万,6731 元,1,,,VR看装修 | 房本满两年 | 随时看房,https://hui.lianjia.com/ershoufang/105121899770.html
三房二厅1卫实用小户房子采光好视野开阔配套成熟,"中海凯旋城五六期 , 河南岸",3室2厅,88平米,南,,32层 ,,板塔结合,86 万,9773 元,0,,,VR房源 | 随时看房,https://hui.lianjia.com/ershoufang/105121026489.html
星河荣域 3室1厅 南,"星河荣域 , 南站新城",3室1厅,98.32平米,南,毛坯,33层 ,,板塔结合,70 万,7120 元,0,,,VR房源 | 房本满两年 | 随时看房,https://hui.lianjia.com/ershoufang/105120643524.html
不欠款，视野好，小区安静舒适，看龙尾山水库,"荣盛御湖观邸 , 比亚迪商圈",4室2厅,115.52平米,东南,精装,32层 ,,板楼,55 万,4762 元,0,,,VR看装修 | 房本满五年 | 随时看房,https://hui.lianjia.com/ershoufang/105121006425.html
曦江润府一期 江景毛坯四房  大阳台 视野开阔,"曦江润府 , 东江新城",4室2厅,135.25平米,西南,毛坯,低楼层(共33层) ,,塔楼,155 万,11461 元,0,,,VR看装修 | 房本满两年 | 随时看房,https://hui.lianjia.com/ershoufang/105120490515.html
精装修，朝向好，标准3房2卫，看房方便。,"玖悦府 , 麦地",3室2厅,105.99平米,东南,精装,低楼层(共26层) ,,板塔结合,99 万,9341 元,0,,,VR看装修 | 随时看房,https://hui.lianjia.com/ershoufang/105121644842.html
金山湖山姆店！奥体中洲天御花园大社区 家门口翠竹42,"中洲天御二期 , 河南岸",3室2厅,92.77平米,南,精装,低楼层(共33层) ,,板塔结合,105 万,11319 元,0,,,VR看装修 | 房本满两年 | 随时看房,https://hui.lianjia.com/ershoufang/105120366807.html
红本在手，即买即住，对着小区花园，安静，无遮挡,"龙光城南四期 , 龙光城",4室2厅,106.18平米,南,毛坯,34层 ,,塔楼,88 万,8288 元,0,,,VR看装修 | 房本满五年 | 随时看房,https://hui.lianjia.com/ershoufang/105119576808.html
满五唯一业主着急出三房品质物业来看,"富康锦绣壹号 , 西区新寮",3室2厅,85.38平米,南,精装,33层 ,,塔楼,83 万,9722 元,0,,,VR房源 | 房本满五年 | 随时看房,https://hui.lianjia.com/ershoufang/105122137612.html
大亚湾澳头2房高楼层带装修带租约红本在手,"大江新都大厦 , 澳头",2室1厅,74.14平米,东北,简装,24层 ,,板塔结合,22.5 万,3035 元,1,,,VR看装修 | 房本满五年,https://hui.lianjia.com/ershoufang/105119178220.html
户型格局方正，全新未住过，楼层采光好,"卓越东部蔚蓝海岸八期 , 西区新寮",3室2厅,98平米,东,精装,中楼层(共33层) ,,板塔结合,88 万,8980 元,0,,,VR看装修 | 随时看房,https://hui.lianjia.com/ershoufang/105120028891.html
急售！急售！急售！三个阳台少有户型汇鑫花园,"汇鑫花园 , 新行政区",3室2厅,123平米,南 北,毛坯,16层 ,,塔楼,45.8 万,3724 元,2,,,VR看装修 | 房本满五年 | 随时看房,https://hui.lianjia.com/ershoufang/105121494915.html
户型方正，业主诚意出售，密码看房，随时可看，,"保利天汇 , 河南岸",3室2厅,87.65平米,东南,,高楼层(共32层) ,,板塔结合,90 万,10269 元,1,,,VR房源 | 房本满两年 | 随时看房,https://hui.lianjia.com/ershoufang/105118571863.html
正规一房一厅，业主诚心出售，看房方便,"海粤名庭 , 大亚湾中心区",1室1厅,57.05平米,南,毛坯,低楼层(共19层) ,,塔楼,18 万,3156 元,3,,,VR看装修 | 房本满五年 | 随时看房,https://hui.lianjia.com/ershoufang/105121939799.html
"大平台,朝南向，一线临深，户型利用率高","美景印象 , 西区新寮",3室2厅,100.58平米,南 北,精装,31层 ,,板塔结合,99.8 万,9923 元,6,,,VR房源 | 房本满五年 | 随时看房,https://hui.lianjia.com/ershoufang/105116945608.html
钱隆樽品 全新装修4房 南北通透 拎包入住业主急卖,"福晟钱隆樽品花园 , 陈江",4室1厅,101.07平米,南 东南 北,精装,33层 ,,塔楼,81 万,8015 元,0,,31天以前发布,VR看装修 | 房本满两年 | 随时看房,https://hui.lianjia.com/ershoufang/105122249279.html
满五唯一 朝南 房子保养新 装修很不错 使用率高,"康怡轩 , 江北",3室1厅,92平米,南,,高楼层(共30层) ,,塔楼,69.6 万,7566 元,0,,29天以前发布,VR房源 | 房本满五年,https://hui.lianjia.com/ershoufang/105122280576.html
临深大四房 双阳台诚心出售 产权清晰,"正兆千树晴山 , 西区新寮",4室2厅,127.9平米,南,毛坯,31层 ,,板楼,75 万,5864 元,0,,6天以前发布,VR房源 | 随时看房,https://hui.lianjia.com/ershoufang/105122502107.html
中骏雍景台 花园高层3房 诚意出售 过户交契税！,"中骏雍景台 , 马安",3室2厅,95.52平米,南,毛坯,高楼层(共33层) ,,板楼,66.5 万,6962 元,0,,,VR看装修 | 随时看房,https://hui.lianjia.com/ershoufang/105121667377.html
星河S2区，朝南三房，中高楼层，全明格局，红本在手,"星河丹堤S2区 , 南站新城",3室2厅,78.73平米,南,毛坯,高楼层(共32层) ,,板塔结合,70 万,8892 元,4,,,VR看装修 | 房本满五年 | 随时看房,https://hui.lianjia.com/ershoufang/105119442302.html
河麦成熟片区 电梯2房 世纪伯爵,"世纪铂爵 , 麦地",2室1厅,85.35平米,南,简装,低楼层(共30层) ,,塔楼,58 万,6796 元,0,,,VR看装修 | 房本满五年 | 随时看房,https://hui.lianjia.com/ershoufang/105119100122.html
全新装修带家私电，业主诚心卖，适合居家,"DADA的草地 , 大亚湾中心区",3室1厅,106.51平米,南 北,精装,32层 ,,板塔结合,40 万,3756 元,5,,,VR看装修 | 房本满五年 | 随时看房,https://hui.lianjia.com/ershoufang/105119488219.html
图书馆500强大社区户型方正视野开阔红本在手,"新华联广场 , 大亚湾中心区",2室2厅,101.39平米,南,精装,32层 ,,塔楼,39.3 万,3877 元,0,,,VR看装修 | 房本满五年 | 随时看房,https://hui.lianjia.com/ershoufang/105121320910.html
华侨新苑，朝南，大三房，采光好。,"华侨新苑 , 龙丰",3室2厅,94.7平米,南,简装,8层 ,,板塔结合,36 万,3802 元,0,,,VR看装修 | 随时看房,https://hui.lianjia.com/ershoufang/105121345429.html
一线临深，次新小区，好楼层好视野,"冠华城桂香园三期 , 西区新寮",3室2厅,84.32平米,南,毛坯,33层 ,,板塔结合,66 万,7828 元,0,,5天以前发布,VR房源 | 随时看房,https://hui.lianjia.com/ershoufang/105122514072.html
新祺园 3室2厅 东南,"新祺园 , 新行政区",3室2厅,88.42平米,东南,毛坯,32层 ,,板塔结合,49 万,5542 元,0,,11天以前发布,VR房源 | 房本满五年 | 随时看房,https://hui.lianjia.com/ershoufang/105122453183.html
金山湖岛内大社区中高楼层，视野开阔，俯瞰金山湖,"湖心岛1号花园 , 河南岸",3室1厅,103.06平米,南,毛坯,中楼层(共26层) ,,板塔结合,123 万,11935 元,0,,,VR看装修 | 随时看房,https://hui.lianjia.com/ershoufang/105122031270.html
大花园社区，配.套成熟，楼层好，户型方正,"鸿威金都雅苑 , 小金口",2室2厅,81.46平米,西,毛坯,中楼层(共30层) ,,板塔结合,32 万,3929 元,0,,18天以前发布,VR房源 | 随时看房,https://hui.lianjia.com/ershoufang/105122370428.html
电梯房，户型格局方正，采光良好。,"鸿威金都雅苑 , 小金口",2室1厅,80.22平米,南,精装,低楼层(共30层) ,,板塔结合,36 万,4488 元,1,,,VR看装修 | 房本满五年 | 随时看房,https://hui.lianjia.com/ershoufang/105121429529.html
牧马湖一线湖景大四房，业主诚心出售,"泰丰牧马湖 , 万达",4室2厅,149.05平米,南,毛坯,33层 ,,板塔结合,145 万,9729 元,3,,27天以前发布,VR房源 | 随时看房,https://hui.lianjia.com/ershoufang/105122291890.html
采光佳 视野好 户型方正 配套齐 交通便利,"正闳润金名苑 , 西区新寮",2室2厅,68.02平米,南,,27层 ,,塔楼,46 万,6763 元,0,,,VR看装修,https://hui.lianjia.com/ershoufang/105116859200.html
牧马湖一楼朝南带花园小高层住宅，居住舒适,"泰丰牧马湖 , 万达",3室2厅,80.59平米,南,精装,11层 ,,板塔结合,100 万,12409 元,21,,,VR房源 | 房本满两年 | 随时看房,https://hui.lianjia.com/ershoufang/105112679756.html
江北丽日君颐花园花园中间安静3房2卫精装保养好,"丽日君颐家园 , 江北",3室1厅,94.85平米,北,简装,高楼层(共30层) ,,板塔结合,108 万,11387 元,0,,,VR看装修 | 房本满五年 | 随时看房,https://hui.lianjia.com/ershoufang/105118239579.html
泰宇城市中央 4室2厅 南,"泰宇城市中央 , 江北",4室2厅,108平米,南,精装,中楼层(共30层) ,,塔楼,107 万,9908 元,0,,11天以前发布,VR房源,https://hui.lianjia.com/ershoufang/105122450486.html
江北CBD唐宁公馆，看房店里有钥匙,"唐宁公馆 , 江北",4室1厅,170.05平米,南,毛坯,低楼层(共16层) ,,塔楼,159 万,9351 元,1,,,VR房源 | 房本满五年 | 随时看房,https://hui.lianjia.com/ershoufang/105114053540.html
河南岸公园旁 精装修大三房 诚心出售 看房方便,"尚品世家 , 河南岸",3室2厅,117平米,东南 南,精装,中楼层(共8层) ,,板楼,90 万,7693 元,2,,,VR看装修 | 随时看房,https://hui.lianjia.com/ershoufang/105116679938.html
保利天汇，近印象城，小三房，看上可面谈。,"保利天汇 , 河南岸",3室2厅,88平米,南,毛坯,中楼层(共32层) ,,板塔结合,92 万,10455 元,0,,,VR看装修 | 随时看房,https://hui.lianjia.com/ershoufang/105115446422.html
牧马湖精装四房南北通透业主诚心出售,"泰丰牧马湖 , 万达",4室2厅,113.02平米,南 北,精装,11层 ,,板楼,123 万,10884 元,2,,,VR房源 | 房本满两年 | 随时看房,https://hui.lianjia.com/ershoufang/105120524561.html
花园社区，格局方正，带约200平方露台，自用,"海伦堡院子 , 水口",2室2厅,72平米,东北,简装,低楼层(共31层) ,,板塔结合,57 万,7917 元,0,,,VR看装修 | 随时看房,https://hui.lianjia.com/ershoufang/105120596456.html
精装修，2房，东南朝向，中间楼层，直接拎包入住,"海伦堡院子 , 水口",2室2厅,61.27平米,东南,,高楼层(共15层) ,,板塔结合,42.5 万,6937 元,0,,,VR看装修 | 房本满两年 | 随时看房,https://hui.lianjia.com/ershoufang/105122206546.html
海伦湾朝南看江景三房，高层全新毛坯，南北通双阳台,"海伦堡海伦湾 , 东平",4室2厅,102.43平米,南,毛坯,中楼层(共33层) ,,板塔结合,90 万,8787 元,0,,,VR看装修 | 房本满五年 | 随时看房,https://hui.lianjia.com/ershoufang/105113844502.html
临深一线好房，锦地繁花三房好户型好楼层好价格,"锦地繁花 , 西区新寮",3室2厅,88.05平米,南,毛坯,17层 ,,板塔结合,56.5 万,6417 元,0,,,VR看装修 | 房本满五年 | 随时看房,https://hui.lianjia.com/ershoufang/105119936583.html
春江天境花园 117.38平米 4房2厅2卫,"春江天境花园 , 东江高新区",4室2厅,117.38平米,南 北,毛坯,中楼层(共33层) ,,板塔结合,51 万,4345 元,0,,,VR看装修 | 房本满两年 | 随时看房,https://hui.lianjia.com/ershoufang/105121877937.html
户型方正，房产清晰，业主急售，小区自己的物业,"金裕星河丹堤 , 小金口",3室2厅,85.89平米,南,毛坯,低楼层(共34层) ,,塔楼,39 万,4541 元,0,,11天以前发布,VR房源 | 随时看房,https://hui.lianjia.com/ershoufang/105122451965.html
配套齐全，生活便利，首付月供无压力，好出租,"金茂精英现代城一期 , 陈江",2室2厅,64.95平米,南,简装,17层 ,,板塔结合,23 万,3542 元,0,,,VR看装修 | 房本满五年 | 随时看房,https://hui.lianjia.com/ershoufang/105121859575.html
碧桂园 三房两厅两卫 南北通双阳台 采光好,"碧桂园翠湖湾 , 新圩",3室2厅,113.8平米,南,,低楼层(共17层) ,,板塔结合,59 万,5185 元,0,,,VR看装修 | 房本满五年 | 随时看房,https://hui.lianjia.com/ershoufang/105120888301.html
60栋大社区 大花园 惠阳汽车站旁 交通方便,"花样年别样城二期 , 新行政区",3室2厅,95.16平米,南 西,毛坯,33层 ,,板塔结合,52 万,5465 元,1,,,VR看装修 | 房本满五年 | 随时看房,https://hui.lianjia.com/ershoufang/105113584473.html
东南向 视野好 通风佳 采光好 租客好约看房随时,"伟豪领御世家 , 江北",4室2厅,100.97平米,东南,简装,中楼层(共32层) ,,板塔结合,95 万,9409 元,0,,,VR看装修 | 房本满五年 | 随时看房,https://hui.lianjia.com/ershoufang/105120756987.html
全新未入住南北通三房 仲恺海关旁 新力帝泊湾,"新力帝泊湾 , 新圩",3室2厅,105.8平米,南,精装,32层 ,,塔楼,58 万,5483 元,1,,,VR看装修 | 房本满两年 | 随时看房,https://hui.lianjia.com/ershoufang/105119775253.html
采光通风视野好 ， 配套设施齐全,"润合名居 , 西区新寮",4室2厅,109.83平米,南,毛坯,25层 ,,塔楼,69 万,6283 元,2,,,VR看装修 | 房本满五年 | 随时看房,https://hui.lianjia.com/ershoufang/105120692698.html
方直星耀国际一线湖景五房双套间大平层,"方直星耀国际 , 河南岸",5室2厅,177平米,南 北,毛坯,低楼层(共45层) ,,板塔结合,400 万,22599 元,0,,,VR看装修 | 房本满五年 | 随时看房,https://hui.lianjia.com/ershoufang/105121503741.html
金山湖湖心岛内！精装修大三房 朝南看花园！安静舒适,"方直东岸 , 河南岸",3室2厅,131.35平米,南,,32层 ,,板塔结合,136 万,10355 元,1,,,VR看装修 | 房本满五年 | 随时看房,https://hui.lianjia.com/ershoufang/105118463538.html
：金山湖湖芯岛方正三房，南向看花园，景观开阔,"湖心岛1号花园 , 河南岸",3室1厅,104.31平米,南,毛坯,低楼层(共32层) ,,板塔结合,100 万,9587 元,0,,7天以前发布,VR房源 | 房本满两年 | 随时看房,https://hui.lianjia.com/ershoufang/105122491902.html
业主精致自装  一线湖景楼下即是金山湖公园 视野开阔,"泰丰·千花岛 , 河南岸",3室2厅,106.89平米,南,,33层 ,,板塔结合,159 万,14876 元,0,,,VR看装修 | 房本满五年 | 随时看房,https://hui.lianjia.com/ershoufang/105121108487.html
临深品质三房，诚心出售！！！！,"卓越蔚蓝海岸七期 , 西区新寮",3室2厅,96平米,东南,精装,34层 ,,塔楼,78 万,8125 元,2,,,VR看装修,https://hui.lianjia.com/ershoufang/105121096588.html
海悦湾漂亮两房，保养好家私拎包入住,"碧桂园十里银滩海悦湾 , 十里银滩",2室1厅,67.48平米,西,精装,30层 ,,板塔结合,25.2 万,3735 元,1,,,VR看装修 | 房本满五年 | 随时看房,https://hui.lianjia.com/ershoufang/105121983502.html
碧桂园珑誉 四房南北通  一线湖景没遮挡,"碧桂园珑誉花园 , 水口",4室2厅,141.67平米,南 北,毛坯,中楼层(共33层) ,,塔楼,91 万,6424 元,0,,,VR看装修 | 房本满五年 | 随时看房,https://hui.lianjia.com/ershoufang/105121722974.html
澳头，精装修，2房2厅，业主诚心卖,"渝景湾花园四期 , 澳头",2室2厅,66平米,南,简装,低楼层(共26层) ,,板塔结合,21 万,3182 元,1,,,VR看装修 | 随时看房,https://hui.lianjia.com/ershoufang/105121945585.html
海棠花郡精装3房2厅 位置好 首付低,"海棠花郡 , 水口",3室2厅,96.19平米,南,精装,17层 ,,板塔结合,76 万,7902 元,0,,,VR看装修 | 房本满五年,https://hui.lianjia.com/ershoufang/105119369148.html
惠南 中锴华章 166.88平四房 花园中间 两梯三户双套间,"中锴·华章 , 河南岸",4室2厅,166.88平米,南,毛坯,中楼层(共31层) ,,塔楼,139 万,8330 元,8,,,VR看装修 | 房本满五年 | 随时看房,https://hui.lianjia.com/ershoufang/105108776700.html
次新房小区，好楼层朝南看花园，视野开阔，无欠款,"荣佳国韵一期 , 龙光城",3室1厅,92.28平米,南,毛坯,33层 ,,板塔结合,61 万,6611 元,1,,,VR房源 | 房本满两年 | 随时看房,https://hui.lianjia.com/ershoufang/105119781751.html
临深百万大盘，牧云溪谷，环境优美楼层好,"牧云溪谷六期云禧 , 新圩",2室2厅,72平米,西南 西,毛坯,32层 ,,板塔结合,69 万,9584 元,0,,,VR看装修 | 随时看房,https://hui.lianjia.com/ershoufang/105121827307.html
海伦堡十里东江 3室2厅 东南,"海伦堡十里东江 , 下角",3室2厅,93.17平米,东南,毛坯,20层 ,,板塔结合,45 万,4830 元,0,,,VR看装修 | 房本满五年 | 随时看房,https://hui.lianjia.com/ershoufang/105121846605.html
临深一线，视野宽阔，交通方便，业主急卖,"锦地繁花 , 西区新寮",3室2厅,92.19平米,南,简装,25层 ,,板塔结合,58 万,6292 元,0,,,VR看装修 | 房本满五年 | 随时看房,https://hui.lianjia.com/ershoufang/105120146599.html
品质小高层大平层南北通透安静看园林,"星河丹堤G4区 , 南站新城",5室2厅,172.32平米,南 北,精装,10层 ,,板塔结合,280 万,16249 元,1,,,VR看装修 | 房本满两年,https://hui.lianjia.com/ershoufang/105122209441.html
红本在手，采光通风好，视野开阔，配套齐全,"银海花园 , 澳头",3室2厅,69平米,东南 南,简装,8层 ,,板塔结合,20 万,2899 元,4,,,VR看装修 | 房本满五年 | 随时看房,https://hui.lianjia.com/ershoufang/105112049064.html
精装修。标准三房。拎包入住，全新。,"惠阳雅居乐花园四期 , 南站新城",3室2厅,86平米,南 北,精装,32层 ,,板塔结合,47.5 万,5524 元,0,,,VR看装修 | 随时看房,https://hui.lianjia.com/ershoufang/105120183024.html
壹城6期次新小区，142平五房南北通双阳台，中间好楼层,"壹城中心6区 , 陈江",5室2厅,142.41平米,南 北,毛坯,中楼层(共32层) ,,塔楼,116 万,8146 元,1,,,VR看装修 | 房本满两年 | 随时看房,https://hui.lianjia.com/ershoufang/105116778934.html
过渡 入手 经济实惠 光线良好,"湖溪新苑 , 水口",3室2厅,90.94平米,东北,简装,高楼层(共8层) ,,板塔结合,27 万,2969 元,0,,,VR看装修 | 房本满五年,https://hui.lianjia.com/ershoufang/105119578520.html
小4房，视野好，无增值税和个税,"星河丹堤S2区 , 南站新城",4室2厅,95.26平米,南,,34层 ,,板塔结合,108 万,11338 元,0,,,VR看装修 | 房本满两年 | 随时看房,https://hui.lianjia.com/ershoufang/105112696350.html
高铁站旁 天虹大润发商圈 中高层南向3加1房！,"旺东国际广场 , 开城大润发",3室2厅,111.28平米,南,毛坯,30层 ,,塔楼,70 万,6291 元,1,,,VR看装修 | 房本满五年 | 随时看房,https://hui.lianjia.com/ershoufang/105118944501.html
荷兰小城，环境优美，小区空间大，小孩读书方便,"光耀荷兰小城 , 陈江",4室2厅,112平米,南,毛坯,31层 ,,板楼,57 万,5090 元,0,,,VR看装修 | 随时看房,https://hui.lianjia.com/ershoufang/105121033126.html
户型方正，实用，采光好，税费低，适合居住。,"都市广场 , 区政府",1室0厅,40平米,西,简装,19层 ,,塔楼,13 万,3250 元,0,,,VR看装修 | 随时看房,https://hui.lianjia.com/ershoufang/105122189725.html
这套是离高铁比较远的那栋好楼层 南北通,"长通熙园 , 开城大润发",2室1厅,70.16平米,南 北,简装,32层 ,,塔楼,48 万,6842 元,0,,,VR房源 | 房本满五年 | 随时看房,https://hui.lianjia.com/ershoufang/105121239555.html
东南向，远看山景，近看小区园林水景，,"金地天润自在城一期 , 西区新寮",3室2厅,83.54平米,东南,简装,33层 ,,板塔结合,68 万,8140 元,3,,,VR看装修 | 房本满两年 | 随时看房,https://hui.lianjia.com/ershoufang/105118323293.html
精心装修，拎包入住，电梯中间楼层，采光视野好,"华润置地万象天汇 , 河南岸",3室2厅,96平米,南,精装,低楼层(共33层) ,,塔楼,129 万,13438 元,1,,,VR看装修 | 房本满两年 | 随时看房,https://hui.lianjia.com/ershoufang/105120340113.html
房子位于水口繁华区一线看江家门口鹿江沥公园 环境好,"新城鹿江风华 , 水口",4室2厅,123平米,南 北,,中楼层(共18层) ,,板塔结合,132 万,10732 元,0,,,VR看装修 | 随时看房,https://hui.lianjia.com/ershoufang/105119999941.html
金山湖金岸花苑 电梯四房 业主重新装修,"金岸花苑 , 河南岸",4室2厅,107.17平米,东,精装,9层 ,,板楼,69.9 万,6523 元,0,,15天以前发布,VR房源 | 房本满五年,https://hui.lianjia.com/ershoufang/105122404353.html
蓝光雍和园3房2厅2卫房售价仅：107.8万,"蓝光雍和园 , 龙丰",3室2厅,129.38平米,东南,,高楼层(共31层) ,,板楼,107.8 万,8333 元,0,,,VR看装修 | 房本满两年 | 随时看房,https://hui.lianjia.com/ershoufang/105120262945.html
社区有环湖跑道，登山道，小区实行24小时保..,"星河丹堤C区 , 南站新城",4室2厅,149.8平米,南,毛坯,27层 ,,板塔结合,129.8 万,8665 元,7,,,VR看装修 | 房本满五年 | 随时看房,https://hui.lianjia.com/ershoufang/105119050267.html
临深一线，视野宽阔，交通方便，业主急卖,"锦地繁花 , 西区新寮",3室2厅,92.19平米,南,简装,25层 ,,板塔结合,58 万,6292 元,0,,,VR看装修 | 房本满五年 | 随时看房,https://hui.lianjia.com/ershoufang/105120146599.html
品质小高层大平层南北通透安静看园林,"星河丹堤G4区 , 南站新城",5室2厅,172.32平米,南 北,精装,10层 ,,板塔结合,280 万,16249 元,1,,,VR看装修 | 房本满两年,https://hui.lianjia.com/ershoufang/105122209441.html
中信水岸城四期玫瑰湾央企大社区,"中信水岸城四期 , 东江新城",3室2厅,112平米,南,精装,中楼层(共30层) ,,板楼,106.8 万,9536 元,0,,,VR房源,https://hui.lianjia.com/ershoufang/105121098663.html
龙光城大三房 业主诚心卖 视野开阔 采光好,"龙光城北三期 , 龙光城",3室2厅,81.57平米,东南 南,精装,低楼层(共34层) ,,板塔结合,67 万,8214 元,27,,,VR看装修 | 房本满五年 | 随时看房,https://hui.lianjia.com/ershoufang/105109093947.html
横厅4房  业主诚心出售  有钥匙随时可以看房,"龙光城南四期 , 龙光城",4室2厅,108.72平米,东北,毛坯,34层 ,,塔楼,88 万,8095 元,0,,14天以前发布,VR房源 | 房本满五年 | 随时看房,https://hui.lianjia.com/ershoufang/105122420303.html
急售！五月花花园，深圳14号线沙田地铁口物业,"德丰·五月花花园 , 西区新寮",2室2厅,80平米,南,精装,17层 ,,塔楼,48 万,6000 元,0,,,VR看装修,https://hui.lianjia.com/ershoufang/105118401792.html
业主精致自装  一线湖景楼下即是金山湖公园 视野开阔,"泰丰·千花岛 , 河南岸",3室2厅,106.89平米,南,,33层 ,,板塔结合,159 万,14876 元,0,,,VR看装修 | 房本满五年 | 随时看房,https://hui.lianjia.com/ershoufang/105121108487.html
：金山湖湖芯岛方正三房，南向看花园，景观开阔,"湖心岛1号花园 , 河南岸",3室1厅,104.31平米,南,毛坯,低楼层(共32层) ,,板塔结合,100 万,9587 元,0,,7天以前发布,VR房源 | 房本满两年 | 随时看房,https://hui.lianjia.com/ershoufang/105122491902.html
海悦湾漂亮两房，保养好家私拎包入住,"碧桂园十里银滩海悦湾 , 十里银滩",2室1厅,67.48平米,西,精装,30层 ,,板塔结合,25.2 万,3735 元,1,,,VR看装修 | 房本满五年 | 随时看房,https://hui.lianjia.com/ershoufang/105121983502.html
位置好，采光充足，业主诚意急卖，方便看房,"星河丹堤G4区 , 南站新城",5室2厅,172.32平米,南 北,毛坯,10层 ,,板塔结合,240 万,13928 元,1,,,VR看装修 | 房本满两年 | 随时看房,https://hui.lianjia.com/ershoufang/105120272939.html
满五唯一  中间楼层  采光通风不错,"玫瑰华庭 , 草洋新区",3室1厅,93.44平米,南,,9层 ,,板楼,38.8 万,4153 元,0,,,VR看装修 | 房本满五年,https://hui.lianjia.com/ershoufang/105121247981.html
急售 灿邦商圈 南北通4房2卫3阳台 中高楼层 视野好,"十月花花园 , 大亚湾中心区",4室2厅,131.08平米,南 北,简装,33层 ,,板楼,88 万,6714 元,0,,,VR看装修 | 房本满五年 | 随时看房,https://hui.lianjia.com/ershoufang/105114199813.html
精装三房朝南看花园，业主诚心出售,"金洋嘉丽园 , 澳头",3室2厅,103平米,南,精装,28层 ,,板塔结合,60 万,5826 元,0,,,VR看装修 | 房本满五年 | 随时看房,https://hui.lianjia.com/ershoufang/105120236107.html
沃尔玛门口菁华园小区两房 中高层 户型方正 生活便利,"菁华园 , 澳头",2室2厅,75平米,南 北,简装,高楼层(共20层) ,,板塔结合,34 万,4534 元,0,,,VR看装修 | 随时看房,https://hui.lianjia.com/ershoufang/105122199130.html
家华名都花园 精装2房 户型方正 拎包入住 金茂大市场,"家华名都花园 , 陈江",2室2厅,75.75平米,西北,精装,19层 ,,塔楼,42 万,5545 元,0,,,VR房源 | 房本满五年 | 随时看房,https://hui.lianjia.com/ershoufang/105122199836.html
知本领寓   两房两厅一卫  自住装修,"知本领寓 , 陈江",2室2厅,63.96平米,东北,精装,中楼层(共16层) ,,板塔结合,32 万,5004 元,0,,,VR看装修 | 随时看房,https://hui.lianjia.com/ershoufang/105121674629.html
南北通户型，成交快，欢迎大家来带看,"深业喜悦城 , 惠环",4室2厅,128.47平米,东南,,33层 ,,板塔结合,60 万,4671 元,1,,,VR看装修 | 房本满两年 | 随时看房,https://hui.lianjia.com/ershoufang/105114187407.html
位置好，出门是商场，户型很好，看花园,"翡翠山珑悦 , 万达",3室2厅,89.76平米,南 北,简装,34层 ,,塔楼,80 万,8913 元,1,,,VR看装修 | 房本满五年,https://hui.lianjia.com/ershoufang/105119138777.html
星河丹G4区，4房南北通透，视野景观好,"星河丹堤G4区 , 南站新城",4室2厅,124.48平米,南 北,精装,33层 ,,板塔结合,158 万,12693 元,1,,,VR房源 | 房本满两年,https://hui.lianjia.com/ershoufang/105120727107.html
大亚湾红树林湿地公园旁复式三房红本无抵押随时看房,"美林雅苑 , 澳头",3室2厅,38.98平米,北,毛坯,9层 ,,板塔结合,16 万,4105 元,2,,,VR看装修 | 随时看房,https://hui.lianjia.com/ershoufang/105121784631.html
红本在手，南 北朝向，精装修楼层好视野宽阔,"亲水湾 , 吾悦广场",3室2厅,92.82平米,南,精装,26层 ,,板塔结合,61 万,6572 元,0,,,VR看装修 | 房本满五年 | 随时看房,https://hui.lianjia.com/ershoufang/105113329027.html
中骏雍景湾三房，楼层好，户型方正光线好，朝南向,"中骏雍景湾南区 , 河南岸",3室2厅,95.84平米,南,,低楼层(共30层) ,,板塔结合,89 万,9287 元,0,,,VR看装修 | 房本满两年 | 随时看房,https://hui.lianjia.com/ershoufang/105121274358.html
惠阳2018年的小区朝南看山景三房二卫未入住的精装房,"碧桂园山河城 , 三和经济开发区",3室1厅,96.97平米,南,精装,34层 ,,板塔结合,45 万,4641 元,1,,,VR房源 | 随时看房,https://hui.lianjia.com/ershoufang/105117325339.html
荷兰小城  标准三房  朝南户型  急出 急出,"光耀荷兰小城 , 陈江",3室1厅,90.5平米,南,毛坯,33层 ,,板楼,48 万,5304 元,0,,15天以前发布,VR房源 | 房本满五年 | 随时看房,https://hui.lianjia.com/ershoufang/105122409020.html
翠湖雅苑刚需户型方正 采光充足，看花园,"翠湖雅苑 , 水口",3室2厅,120.25平米,南,精装,中楼层(共15层) ,,塔楼,73 万,6071 元,0,,,VR房源 | 房本满五年 | 随时看房,https://hui.lianjia.com/ershoufang/105121619055.html
玫瑰园 业主自住房 装修保养好 诚心出售,"中海阳光玫瑰园 , 马安",3室2厅,95.96平米,南,精装,低楼层(共33层) ,,板楼,83 万,8650 元,0,,,VR看装修 | 房本满两年,https://hui.lianjia.com/ershoufang/105122092264.html
一城悦府四房两厅两卫看花园视野采光好,"一城悦府 , 水口",4室2厅,112平米,南,毛坯,27层 ,,塔楼,70 万,6250 元,0,,,VR看装修 | 随时看房,https://hui.lianjia.com/ershoufang/105120412661.html
新力城精装三房 朝南看江 户型方正,"新力城二期 , 水口",3室2厅,89.68平米,南,精装,中楼层(共32层) ,,板塔结合,69 万,7695 元,0,,,VR看装修 | 随时看房,https://hui.lianjia.com/ershoufang/105119566161.html
此栋楼地理位置好，朝正南无遮挡户型好 业主诚心出售,"建曙高尔夫1号 , 区政府",4室2厅,110.03平米,西南,精装,30层 ,,塔楼,95 万,8635 元,0,,,VR看装修 | 房本满五年 | 随时看房,https://hui.lianjia.com/ershoufang/105119695556.html
惠阳高铁站，中信新城，89平4房。,"中信新城 , 南站新城",4室2厅,89.14平米,东南,精装,34层 ,,板塔结合,56 万,6283 元,0,,,VR看装修 | 房本满五年,https://hui.lianjia.com/ershoufang/105120702187.html
雅居乐一级物业 中间好楼层 视野开阔 有钥匙随时看房,"卓悦华府 , 惠环",4室2厅,101.15平米,南,毛坯,29层 ,,板塔结合,59.6 万,5893 元,0,,,VR房源 | 房本满五年 | 随时看房,https://hui.lianjia.com/ershoufang/105122096782.html
誉山湖 南向一线湖景 安静南北通 4房大客厅大阳台,"奥园誉山湖花园 , 河南岸",4室2厅,128.74平米,南 北,毛坯,低楼层(共32层) ,,板塔结合,137 万,10642 元,1,,,VR看装修 | 随时看房,https://hui.lianjia.com/ershoufang/105122216416.html
乌石 中.心位 置 ，配 套 成 熟，中间楼层,"泰宇城市中央 , 江北",3室2厅,83平米,南,精装,中楼层(共30层) ,,板塔结合,78 万,9398 元,0,,,VR看装修 | 房本满五年 | 随时看房,https://hui.lianjia.com/ershoufang/105118864381.html
中洲半岛城邦四期106平正三房，精装修直接拎包入住,"中洲半岛城邦四期 , 博罗中心区",3室2厅,106.16平米,南,,33层 ,,板塔结合,80 万,7536 元,0,,,VR房源 | 随时看房,https://hui.lianjia.com/ershoufang/105122039100.html
126平方大三房，高楼层，配套齐全,"新时代花园二期 , 博罗中心区",3室2厅,126平米,南,毛坯,28层 ,,塔楼,46 万,3651 元,0,,,VR看装修 | 房本满五年 | 随时看房,https://hui.lianjia.com/ershoufang/105116672388.html
四季嘉园，架空式园林，主阳台很大,"华泓四季嘉园 , 博罗中心区",3室2厅,93平米,东北,毛坯,31层 ,,塔楼,38 万,4087 元,0,,18天以前发布,VR看装修 | 房本满两年 | 随时看房,https://hui.lianjia.com/ershoufang/105122366892.html
成熟小区，视野开阔，安全系数好，环境优美，一线江景,"中洲半岛城邦四期 , 博罗中心区",4室2厅,106.67平米,南,,33层 ,,板塔结合,63 万,5907 元,0,,,VR看装修 | 房本满两年 | 随时看房,https://hui.lianjia.com/ershoufang/105121257078.html
惠南 中锴华章 166.88平四房 花园中间 两梯三户双套间,"中锴·华章 , 河南岸",4室2厅,166.88平米,南,毛坯,中楼层(共31层) ,,塔楼,139 万,8330 元,8,,,VR看装修 | 房本满五年 | 随时看房,https://hui.lianjia.com/ershoufang/105108776700.html
天御二期业主诚心出售，刚需户型，明厨明卫业主诚心卖,"中洲天御二期 , 河南岸",3室2厅,93平米,南,毛坯,低楼层(共33层) ,,板塔结合,78 万,8388 元,1,,,VR房源 | 随时看房,https://hui.lianjia.com/ershoufang/105121800011.html
德威花园小区，红本在手，业主急售，大三房，户型方正,"德威花园城 , 秋长",3室2厅,100.43平米,南,毛坯,中楼层(共32层) ,,板楼,41.4 万,4123 元,1,,,VR房源 | 房本满五年 | 随时看房,https://hui.lianjia.com/ershoufang/105120838545.html
麦迪新村一房一厅急售，楼层低，首付低。,"麦迪新村 , 麦地",1室1厅,29.67平米,东南,简装,10层 ,,塔楼,19.2 万,6472 元,0,,,VR房源 | 房本满五年 | 随时看房,https://hui.lianjia.com/ershoufang/105119676098.html
润阳花园 公园就在家门口，小区内设有幼儿园,"中铭润阳 , 新圩",4室2厅,128.82平米,南,毛坯,中楼层(共12层) ,,板塔结合,59 万,4581 元,0,,17天以前发布,VR房源 | 房本满五年 | 随时看房,https://hui.lianjia.com/ershoufang/105122386959.html
稀有复式户型  楼层好  采光好,"碧桂园翠湖湾 , 新圩",4室2厅,179.06平米,东南,精装,高楼层(共17层) ,,塔楼,119 万,6646 元,0,,,VR房源 | 房本满五年,https://hui.lianjia.com/ershoufang/105120965928.html
碧桂园珑誉 四房南北通  一线湖景没遮挡,"碧桂园珑誉花园 , 水口",4室2厅,141.67平米,南 北,毛坯,中楼层(共33层) ,,塔楼,91 万,6424 元,0,,,VR看装修 | 房本满五年 | 随时看房,https://hui.lianjia.com/ershoufang/105121722974.html
万达商圈、龙光物业、潮南看花园、	户型方正,"龙光玖龙花园 , 万达",4室2厅,109.75平米,南 北,精装,32层 ,,板塔结合,70 万,6379 元,1,,,VR看装修 | 随时看房,https://hui.lianjia.com/ershoufang/105120848964.html
此房业主诚意出售，，此房采光充足，户型方正。,"小径海岸城花园 , 霞涌",3室2厅,104.4平米,南,精装,33层 ,,板塔结合,53 万,5077 元,5,,,VR看装修 | 房本满五年 | 随时看房,https://hui.lianjia.com/ershoufang/105111134858.html
临深品质三房，诚心出售！！！！,"卓越蔚蓝海岸七期 , 西区新寮",3室2厅,96平米,东南,精装,34层 ,,塔楼,78 万,8125 元,2,,,VR看装修,https://hui.lianjia.com/ershoufang/105121096588.html
业主急卖，红本在手，无抵押，交通方便，配套成熟。,"卓洲悦园 , 万达",4室2厅,105.58平米,南 北,简装,32层 ,,板塔结合,80 万,7578 元,0,,,VR看装修 | 房本满两年 | 随时看房,https://hui.lianjia.com/ershoufang/105119950577.html
楼层好 户型方正 南北通，楼层好 居住舒适,"德桂佳园一区 , 水口",4室2厅,119.21平米,东南,毛坯,中楼层(共26层) ,,塔楼,89 万,7466 元,0,,,VR房源 | 房本满两年 | 随时看房,https://hui.lianjia.com/ershoufang/105121419533.html
雍和园 精装修3房3卫 采光视野佳,"蓝光雍和园 , 龙丰",3室1厅,141.75平米,西南,精装,中楼层(共19层) ,,板楼,158 万,11147 元,0,,13天以前发布,VR房源 | 房本满两年 | 随时看房,https://hui.lianjia.com/ershoufang/105122425318.html
金地柏悦府精装四房家私家电齐全拎包入住,"金地柏悦府 , 博罗石湾",4室2厅,120平米,南 北,精装,中楼层(共24层) ,,板塔结合,68.8 万,5734 元,0,,,VR看装修 | 随时看房,https://hui.lianjia.com/ershoufang/105119524052.html
河南岸天虹旁，宜居小区，配套齐全，交通便利,"威廉城邦 , 河南岸",3室1厅,77.14平米,东南,精装,高楼层(共23层) ,,塔楼,53.8 万,6975 元,1,,,VR看装修 | 房本满五年 | 随时看房,https://hui.lianjia.com/ershoufang/105121638057.html
方直星耀国际一线湖景五房双套间大平层,"方直星耀国际 , 河南岸",5室2厅,177平米,南 北,毛坯,低楼层(共45层) ,,板塔结合,400 万,22599 元,0,,,VR看装修 | 房本满五年 | 随时看房,https://hui.lianjia.com/ershoufang/105121503741.html
金山湖湖心岛内！精装修大三房 朝南看花园！安静舒适,"方直东岸 , 河南岸",3室2厅,131.35平米,南,,32层 ,,板塔结合,136 万,10355 元,1,,,VR看装修 | 房本满五年 | 随时看房,https://hui.lianjia.com/ershoufang/105118463538.html
三和经济开发区，新力龙湾，全屋定制家私家电,"新力珑湾 , 三和经济开发区",3室2厅,89.72平米,南,,中楼层(共31层) ,,塔楼,50 万,5573 元,0,,6天以前发布,VR房源 | 随时看房,https://hui.lianjia.com/ershoufang/105122504741.html
"小区环境优美,绿化覆盖率高通透性好，适宜居住","玖龙台 , 潼侨沥林",3室2厅,88.75平米,南,,32层 ,,板塔结合,44 万,4958 元,0,,,VR看装修 | 房本满两年 | 随时看房,https://hui.lianjia.com/ershoufang/105121976855.html
横厅大四房，交通便利，配套齐全。,"龙光城北八期 , 龙光城",4室2厅,118.02平米,南 北,精装,17层 ,,板塔结合,117.1 万,9923 元,3,,,VR看装修 | 房本满五年 | 随时看房,https://hui.lianjia.com/ershoufang/105119859293.html
德润天峰中间楼层朝正南小三房诚意售出,"德润天峰 , 潼侨沥林",3室2厅,79.89平米,南,毛坯,18层 ,,板塔结合,38 万,4757 元,0,,,VR看装修 | 随时看房,https://hui.lianjia.com/ershoufang/105121373911.html
房子格局 楼层好 视野开阔 采光充足,"碧桂园云创家园 , 潼侨沥林",2室1厅,42.64平米,东南,,20层 ,,板塔结合,22.6 万,5301 元,0,,17天以前发布,VR房源 | 房本满五年 | 随时看房,https://hui.lianjia.com/ershoufang/105122387121.html
陈江轻轨口天益城沃尔玛商圈 隆生仲恺花园3房价格实惠,"隆生仲恺花园 , 陈江",3室2厅,112.25平米,东南,毛坯,32层 ,,塔楼,70 万,6237 元,0,,,VR看装修 | 随时看房,https://hui.lianjia.com/ershoufang/105121224808.html
临深河景房源，小区中间位置，看花园和坪山河,"金溪湾 , 西区新寮",3室1厅,89.35平米,南,精装,29层 ,,板塔结合,48 万,5373 元,0,,,VR看装修 | 房本满五年 | 随时看房,https://hui.lianjia.com/ershoufang/105120680636.html
新力城二期109平三房两厅两卫，南北通中高楼层,"新力城二期 , 水口",3室1厅,109平米,南,毛坯,中楼层(共33层) ,,板楼,90 万,8257 元,0,,,VR房源 | 房本满五年 | 随时看房,https://hui.lianjia.com/ershoufang/105120917185.html
龙光城北区、南向大四房、精装保养好、看别墅景观,"龙光城北八期 , 龙光城",4室2厅,117.91平米,南,精装,31层 ,,板塔结合,120 万,10178 元,0,,,VR看装修 | 房本满两年,https://hui.lianjia.com/ershoufang/105121456407.html
灿邦商圈，次新小区，绿化好，品质好，视野好,"泰丰枫林岸花园 , 吾悦广场",3室2厅,99.23平米,南,精装,32层 ,,板塔结合,85 万,8566 元,0,,,VR看装修 | 房本满两年 | 随时看房,https://hui.lianjia.com/ershoufang/105118273072.html
东江沙公园 电梯精装3室  大阳台 看房有钥匙,"东怡新苑 , 东平",3室2厅,119.89平米,东南,精装,中楼层(共9层) ,,板塔结合,68 万,5672 元,0,,,VR看装修 | 房本满五年 | 随时看房,https://hui.lianjia.com/ershoufang/105121531592.html
天睿南花园中间  4+1房南北通 景观好 无欠款 无个税,"太东星河丹堤天睿花园南区 , 吾悦广场",5室1厅,136.47平米,南 北,毛坯,34层 ,,板塔结合,122 万,8940 元,2,,,VR房源 | 房本满五年 | 随时看房,https://hui.lianjia.com/ershoufang/105116882642.html
金山新城东江新城新片区  西枝江畔马安河旁  刚需三房,"德威江誉城Ⅱ期 , 马安",3室2厅,96.52平米,东南,,高楼层(共32层) ,,塔楼,79 万,8185 元,0,,,VR房源 | 房本满两年 | 随时看房,https://hui.lianjia.com/ershoufang/105115229153.html
顶楼采光好视野好，诚心出售，欢迎看房,"太东明月湾 , 澳头",2室2厅,83.63平米,西南,,28层 ,,板塔结合,37.5 万,4485 元,1,,,VR看装修 | 房本满五年 | 随时看房,https://hui.lianjia.com/ershoufang/105120922643.html
看湖景南北通大4房，高层视野无遮挡，月供3K拎包入住,"碧桂园珑誉花园 , 水口",4室2厅,141.72平米,东南,精装,高楼层(共31层) ,,塔楼,103 万,7268 元,0,,,VR看装修 | 房本满五年 | 随时看房,https://hui.lianjia.com/ershoufang/105121426060.html
房子朝南户型，视野开阔，随时看房。。。,"德丰凯旋城北区 , 大亚湾中心区",2室1厅,42平米,北,毛坯,26层 ,,板塔结合,22.5 万,5358 元,63,,,VR看装修 | 随时看房,https://hui.lianjia.com/ershoufang/105102337461.html
小区自带高尔夫景观 中高层视野好原值高无个税可谈,"恒大棕榈岛 , 白云新城",4室2厅,113.12平米,南,,29层 ,,板塔结合,68 万,6012 元,1,,,VR房源 | 房本满五年 | 随时看房,https://hui.lianjia.com/ershoufang/105113221028.html
业主诚心出售，红本在手，看房方便，有钥匙,"DADA的草地 , 大亚湾中心区",3室1厅,100.74平米,南,精装,32层 ,,板塔结合,29 万,2879 元,1,,,VR看装修 | 房本满五年 | 随时看房,https://hui.lianjia.com/ershoufang/105122105568.html
金盛丽景标准大三房 中间楼层 全新装修直接拎包入住,"华兴金盛丽景 , 水口",3室2厅,110.91平米,南,精装,高楼层(共17层) ,,板楼,82 万,7394 元,3,,,VR看装修 | 随时看房,https://hui.lianjia.com/ershoufang/105120075347.html
百万大盘，生活配套齐全，地段好，小区环境优美宜居,"华冠花园 , 大亚湾中心区",4室1厅,103.66平米,南,毛坯,33层 ,,板塔结合,43 万,4149 元,4,,,VR看装修 | 房本满五年 | 随时看房,https://hui.lianjia.com/ershoufang/105118920108.html
临深大型社区 中高楼层 业主诚心出售,"德丰·五月花花园 , 西区新寮",3室2厅,88平米,北,简装,17层 ,,板塔结合,55 万,6250 元,1,,,VR房源 | 随时看房,https://hui.lianjia.com/ershoufang/105119930365.html
蓝光雍和园精装三房坐拥红花湖桃花源双景区,"蓝光雍和园 , 龙丰",3室1厅,107平米,东南,简装,中楼层(共33层) ,,板楼,98 万,9159 元,0,,,VR房源 | 房本满两年,https://hui.lianjia.com/ershoufang/105121753399.html
江滨华府全新装修看湖看江三房满五年随时看房,"江滨华府(二手) , 小金口",3室2厅,89.53平米,南,精装,高楼层(共30层) ,,板塔结合,49.8 万,5563 元,0,,,VR房源 | 房本满五年 | 随时看房,https://hui.lianjia.com/ershoufang/105121976575.html
高楼层 户型通透，空气流通，视野广阔，满五,"双城国际南区 , 江北",3室1厅,113.22平米,南,毛坯,中楼层(共26层) ,,板塔结合,106 万,9363 元,0,,,VR房源 | 房本满五年 | 随时看房,https://hui.lianjia.com/ershoufang/105122097906.html
深业喜悦城 楼尊单元 四房两厅两卫楼间距视野好,"深业喜悦城 , 惠环",4室2厅,128.48平米,南,毛坯,低楼层(共33层) ,,板塔结合,75.8 万,5900 元,2,,,VR看装修 | 房本满五年 | 随时看房,https://hui.lianjia.com/ershoufang/105113461831.html
南北通户型，成交快，欢迎大家来带看,"深业喜悦城 , 惠环",4室2厅,128.47平米,东南,,33层 ,,板塔结合,60 万,4671 元,1,,,VR看装修 | 房本满两年 | 随时看房,https://hui.lianjia.com/ershoufang/105114187407.html
沃尔玛门口菁华园小区两房 中高层 户型方正 生活便利,"菁华园 , 澳头",2室2厅,75平米,南 北,简装,高楼层(共20层) ,,板塔结合,34 万,4534 元,0,,,VR看装修 | 随时看房,https://hui.lianjia.com/ershoufang/105122199130.html
深圳业主 急售 中洲天御三期4房 看鸟巢  有钥匙,"中洲天御3期 , 河南岸",4室2厅,127.64平米,南 北,毛坯,中楼层(共32层) ,,板塔结合,135 万,10577 元,0,,,VR看装修 | 随时看房,https://hui.lianjia.com/ershoufang/105120617056.html
富川瑞园二期3+1 好楼层，好价格 配套成熟,"富川瑞园 , 惠环",4室2厅,94.12平米,东南,毛坯,高楼层(共18层) ,,板塔结合,43 万,4569 元,0,,,VR房源 | 房本满两年 | 随时看房,https://hui.lianjia.com/ershoufang/105120776676.html
精装修 安静 看花园  户型方正,"海伦堡海伦香洲 , 陈江",3室1厅,83.43平米,南,,低楼层(共32层) ,,板楼,49 万,5874 元,0,,25天以前发布,VR房源 | 房本满五年 | 随时看房,https://hui.lianjia.com/ershoufang/105122313933.html
此房业主很少住中高楼层 新中式精装修保养好拎包入住,"合生·上观国际 , 水口",4室2厅,140.59平米,南 北,精装,中楼层(共18层) ,,塔楼,128 万,9105 元,0,,16天以前发布,VR房源,https://hui.lianjia.com/ershoufang/105122392020.html
临深大盘，配套完善南北通户型，诚意出售。,"龙光城龙公馆 , 龙光城",4室2厅,143.29平米,南,精装,4层 ,,板楼,199 万,13888 元,2,,,VR房源 | 随时看房,https://hui.lianjia.com/ershoufang/105120677736.html
楼栋好，不临街，高楼层，南北通户型,"君跃荃新时代 , 大亚湾中心区",3室2厅,96.92平米,南,毛坯,33层 ,,板塔结合,47.9 万,4943 元,0,,,VR看装修 | 随时看房,https://hui.lianjia.com/ershoufang/105120433658.html
房子次新小区，环境好，户型方正实用,"新力东园 , 大亚湾中心区",3室2厅,91.22平米,南,毛坯,32层 ,,板楼,38.5 万,4221 元,2,,,VR看装修 | 房本满两年 | 随时看房,https://hui.lianjia.com/ershoufang/105121008530.html
大亚湾澳头2房高楼层带装修带租约红本在手,"大江新都大厦 , 澳头",2室1厅,74.14平米,东北,简装,24层 ,,板塔结合,22.5 万,3035 元,1,,,VR看装修 | 房本满五年,https://hui.lianjia.com/ershoufang/105119178220.html
中骏雍景台 花园高层3房 诚意出售 过户交契税！,"中骏雍景台 , 马安",3室2厅,95.52平米,南,毛坯,高楼层(共33层) ,,板楼,66.5 万,6962 元,0,,,VR看装修 | 随时看房,https://hui.lianjia.com/ershoufang/105121667377.html
惠阳丽江花园 5房南北通 南北对流 市政广场,"丽江花园北区 , 区政府",5室2厅,186平米,南 北,精装,17层 ,,板楼,114 万,6130 元,0,,,VR看装修 | 房本满五年 | 随时看房,https://hui.lianjia.com/ershoufang/105116143454.html
中洲四期南北方正四房 一线江景 花园大环境好,"中洲半岛城邦四期 , 博罗中心区",4室2厅,127.18平米,南,毛坯,32层 ,,板塔结合,70 万,5505 元,0,,,VR房源 | 随时看房,https://hui.lianjia.com/ershoufang/105121498083.html
平台推 视野好，看房方便，诚心出售,"泓泰花园 , 西区新寮",4室2厅,114平米,南 北,精装,32层 ,,塔楼,105 万,9211 元,0,,,VR看装修 | 房本满两年 | 随时看房,https://hui.lianjia.com/ershoufang/105120837384.html
一线全江景采光充足，户型方正。,"新城鹿江风华 , 水口",4室2厅,123.31平米,南,毛坯,高楼层(共18层) ,,板塔结合,116 万,9408 元,0,,,VR看装修 | 房本满两年 | 随时看房,https://hui.lianjia.com/ershoufang/105122015354.html
距离深汕高铁惠东站直线800米 楼层好 朝南 环境佳,"山湖海上城 , 惠东县城",4室2厅,127.33平米,东南 南,毛坯,32层 ,,板塔结合,49.8 万,3912 元,0,,,VR看装修 | 房本满五年 | 随时看房,https://hui.lianjia.com/ershoufang/105120355692.html
惠州大亚湾西区博林腾瑞3房两厅两卫业主急卖,"博林腾瑞 , 比亚迪商圈",3室2厅,88.52平米,南,简装,33层 ,,板楼,66 万,7456 元,0,,,VR看装修 | 房本满两年 | 随时看房,https://hui.lianjia.com/ershoufang/105120994008.html
急，急，急，江北阳光谷大厦精装2室,"欧尚阳光谷 , 江北",2室1厅,53.84平米,东,简装,26层 ,,板塔结合,29.8 万,5535 元,0,,,VR看装修 | 房本满五年 | 随时看房,https://hui.lianjia.com/ershoufang/105121064573.html
次新小区 新力城大社区 大4房  看花园 大横厅读书方便,"新力城二期 , 水口",4室1厅,135.5平米,南,毛坯,低楼层(共32层) ,,板楼,92 万,6790 元,0,,,VR看装修 | 随时看房,https://hui.lianjia.com/ershoufang/105120554656.html
(左涛推荐)大江北佳兆业旁边#富民#朝南#5房#全新毛坯,"人乐居 , 江北",5室2厅,225.25平米,南 北,毛坯,中楼层(共22层) ,,板楼,150 万,6660 元,0,,,VR房源 | 房本满五年,https://hui.lianjia.com/ershoufang/105113787857.html
惠阳新政芯，临半岛滨水公园，近天虹，好宜多、沃尔玛,"冠臣御品花园 , 新行政区",4室2厅,141.2平米,南 北,精装,28层 ,,板塔结合,108 万,7649 元,0,,16天以前发布,VR房源 | 房本满两年,https://hui.lianjia.com/ershoufang/105122392789.html
皇冠花园4房  南北通透  双阳台 独门独户,"隆生皇冠花园 , 水口",4室2厅,123.36平米,南 北,毛坯,23层 ,,板楼,115 万,9323 元,0,,,VR看装修 | 房本满五年 | 随时看房,https://hui.lianjia.com/ershoufang/105122061214.html
香悦澜山方正四房 大社区 户型好 园林漂亮,"新城香悦澜山 , 博罗中心区",4室2厅,112.18平米,南,毛坯,高楼层(共33层) ,,塔楼,45 万,4012 元,0,,,VR看装修 | 房本满两年 | 随时看房,https://hui.lianjia.com/ershoufang/105120803088.html
金山新城新，中海品牌百万临江大盘，全新小区，视野好,"中海阅江府2期 , 东江新城",4室1厅,119平米,南,毛坯,中楼层(共27层) ,,塔楼,96 万,8068 元,0,,,VR房源 | 随时看房,https://hui.lianjia.com/ershoufang/105120442623.html
地铁口精装大3房，业主诚心出售，随时看房,"德洲城五期 , 西区新寮",3室2厅,111.18平米,南 北,精装,25层 ,,板楼,92.8 万,8347 元,1,,,VR看装修 | 房本满五年 | 随时看房,https://hui.lianjia.com/ershoufang/105120995279.html
合生上观国际七期 南北通双阳台 东南朝向 看花园,"合生·上观国际 , 水口",4室2厅,130.75平米,东南,,低楼层(共26层) ,,塔楼,95 万,7266 元,0,,,VR看装修 | 房本满两年 | 随时看房,https://hui.lianjia.com/ershoufang/105122063823.html
水口次新小区出售精装三房两卫，高层视野好,"新力城一期 , 水口",3室2厅,108.93平米,南,精装,33层 ,,板楼,150 万,13771 元,0,,,VR看装修 | 房本满五年 | 随时看房,https://hui.lianjia.com/ershoufang/105121313658.html
金悦华府 品质小区，房龄新，南北通，视野开阔,"金悦华府 , 东江新城",3室1厅,92平米,南 北,毛坯,高楼层(共25层) ,,塔楼,75 万,8153 元,1,,16天以前发布,VR房源 | 房本满两年 | 随时看房,https://hui.lianjia.com/ershoufang/105122388680.html
金碧花苑 3室2厅 北 南,"金碧花苑 , 河南岸",3室2厅,105平米,北 南,简装,高楼层(共18层) ,,塔楼,69.9 万,6658 元,2,,30天以前发布,VR房源 | 房本满五年,https://hui.lianjia.com/ershoufang/105122265767.html
"中骏雍景湾,金山湖，业主诚心卖，朝南三房两卫","中骏雍景湾南区 , 河南岸",3室2厅,95.67平米,南,毛坯,中楼层(共30层) ,,塔楼,89 万,9303 元,0,,,VR看装修 | 随时看房,https://hui.lianjia.com/ershoufang/105122131143.html
南北通透 满五唯一 视野开阔 可远眺大海,"华冠花园 , 大亚湾中心区",4室2厅,103.66平米,南 北,毛坯,33层 ,,板塔结合,55 万,5306 元,0,,,VR看装修 | 房本满五年 | 随时看房,https://hui.lianjia.com/ershoufang/105121672928.html
业主诚心出售，带装修，看房方便。。。.,"惠阳雅居乐花园二期 , 南站新城",2室1厅,77.11平米,南 北,精装,中楼层(共33层) ,,板塔结合,38.6 万,5006 元,1,,,VR房源 | 房本满五年 | 随时看房,https://hui.lianjia.com/ershoufang/105121985698.html
带装修带高租约家私家电齐全拎包入住,"德洲城三、四期 , 西区新寮",3室2厅,115.32平米,南 北,精装,18层 ,,塔楼,83 万,7198 元,0,,,VR看装修 | 房本满两年,https://hui.lianjia.com/ershoufang/105122214464.html
新华书店旁 宏益公馆3房2厅 好楼层诚心出售！,"宏益公馆 , 江北",3室2厅,115.37平米,北,精装,中楼层(共17层) ,,塔楼,120 万,10402 元,0,,,VR房源 | 房本满五年 | 随时看房,https://hui.lianjia.com/ershoufang/105122056889.html
大社区，入住率高，户型方正，采光好,"花样年别样城四期 , 新行政区",4室1厅,101.22平米,东南,毛坯,中楼层(共32层) ,,板塔结合,65 万,6422 元,0,,,VR房源 | 房本满五年 | 随时看房,https://hui.lianjia.com/ershoufang/105120879978.html
德丰天麓 单间 业主诚心出售 楼层好 视野好,"德丰.天麓 , 大亚湾中心区",1室0厅,28.87平米,南,简装,20层 ,,塔楼,12.3 万,4261 元,0,,,VR看装修 | 房本满五年 | 随时看房,https://hui.lianjia.com/ershoufang/105121430799.html
新力城一期 3室2厅 南 北,"新力城一期 , 水口",3室2厅,108.93平米,南 北,精装,高楼层(共33层) ,,板楼,90 万,8263 元,0,,7天以前发布,VR房源 | 房本满两年,https://hui.lianjia.com/ershoufang/105122491185.html
一线临深新小区 朝南大三房 好楼层税费少环境好配套全,"荣佳国韵二期 , 龙光城",3室2厅,123.2平米,南,毛坯,30层 ,,板塔结合,78 万,6332 元,0,,13天以前发布,VR房源 | 房本满两年 | 随时看房,https://hui.lianjia.com/ershoufang/105122429581.html
全新未入住 保养好 园景安静 红本随时过户,"碧桂园十里银滩山林海一区 , 十里银滩",2室2厅,69平米,西,精装,30层 ,,板塔结合,21.8 万,3160 元,0,,,VR看装修 | 随时看房,https://hui.lianjia.com/ershoufang/105121572592.html
金山湖 朝南两房 业主全新装修  户型好朝向好 急售,"美地花园城 , 河南岸",2室2厅,74.89平米,西南,精装,中楼层(共30层) ,,塔楼,54 万,7211 元,0,,,VR看装修 | 房本满五年,https://hui.lianjia.com/ershoufang/105119548977.html
一线临深新小区 朝南大四房 好楼层税费少环境好配套全,"荣佳国韵二期 , 龙光城",4室2厅,126.37平米,南,毛坯,30层 ,,板塔结合,84 万,6648 元,0,,,VR看装修 | 房本满两年 | 随时看房,https://hui.lianjia.com/ershoufang/105122103621.html
隆生大社区 近天益城 朝南向 千米楼间距 视野开阔,"隆生仲恺花园3区 , 陈江",3室2厅,110.47平米,南,毛坯,中楼层(共33层) ,,塔楼,73 万,6609 元,0,,,VR看装修 | 房本满两年 | 随时看房,https://hui.lianjia.com/ershoufang/105120457163.html
全新精装修三房，带家私电器出售，高层采光通风无暗房,"新力城二期 , 水口",3室2厅,89.88平米,南,精装,高楼层(共31层) ,,板楼,66.6 万,7410 元,0,,,VR看装修 | 房本满五年 | 随时看房,https://hui.lianjia.com/ershoufang/105119905264.html
碧桂园山河城 3室2厅 北,"碧桂园山河城 , 三和经济开发区",3室2厅,92.32平米,北,精装,18层 ,,板塔结合,32.8 万,3553 元,0,,18天以前发布,VR看装修 | 随时看房,https://hui.lianjia.com/ershoufang/105122368563.html
临14号地铁沙田站 ，次新房户型方正， 业主诚心出售,"壹方天第 , 白云新城",3室2厅,112.48平米,西南,精装,34层 ,,板塔结合,73 万,6491 元,2,,,VR看装修 | 随时看房,https://hui.lianjia.com/ershoufang/105113461928.html
三远大爱城精装，宽敞明亮，户型方正，适合居家,"三远大爱城 , 吾悦广场",3室2厅,88.67平米,南,精装,32层 ,,板塔结合,57 万,6429 元,9,,,VR房源 | 房本满五年 | 随时看房,https://hui.lianjia.com/ershoufang/105112846937.html
新天虹 大润发 精装修两房 拎包入住 满五唯一,"旺东国际广场 , 开城大润发",2室2厅,74.65平米,东南,精装,30层 ,,塔楼,53 万,7100 元,0,,,VR看装修 | 房本满五年 | 随时看房,https://hui.lianjia.com/ershoufang/105119988090.html
恒大紫荆学府棕榈岛 3室2厅 南,"恒大紫荆学府棕榈岛 , 白云新城",3室2厅,103平米,南,精装,中楼层(共32层) ,,板塔结合,75 万,7282 元,0,,,VR看装修 | 随时看房,https://hui.lianjia.com/ershoufang/105115250138.html
鑫月城三房大社区自带游泳池轻轨物业,"鑫月御景湾 , 陈江",3室2厅,86.72平米,南,精装,32层 ,,塔楼,49 万,5651 元,0,,,VR看装修 | 房本满五年 | 随时看房,https://hui.lianjia.com/ershoufang/105118809325.html
户型方正，采光好，视野好，无遮挡,"新华联广场 , 大亚湾中心区",3室2厅,88.61平米,北,简装,32层 ,,板塔结合,50 万,5643 元,5,,,VR看装修 | 房本满五年 | 随时看房,https://hui.lianjia.com/ershoufang/105116105001.html
臻誉府旁、自住精装修，朝南的！采光良好,"鑫月御景湾 , 陈江",3室2厅,86.08平米,东南,精装,32层 ,,塔楼,50 万,5809 元,0,,,VR看装修 | 房本满五年,https://hui.lianjia.com/ershoufang/105121564214.html
原值高 采光好 户型方正 精装修两房,"三远大爱城 , 吾悦广场",2室2厅,76.49平米,南,,32层 ,,板塔结合,45 万,5884 元,2,,,VR看装修 | 房本满五年,https://hui.lianjia.com/ershoufang/105119332980.html
精装3房，朝南户型，中间楼层，安静位置，满五年,"金碧蓝湾一期 , 开城大润发",3室2厅,82.5平米,南,简装,29层 ,,板楼,55 万,6667 元,0,,,VR看装修 | 房本满五年 | 随时看房,https://hui.lianjia.com/ershoufang/105120921802.html
花园小区，  楼间 距 视野好,"碧桂园天骄公馆 , 马安",3室2厅,94.92平米,南,精装,高楼层(共34层) ,,塔楼,71 万,7480 元,0,,,VR看装修,https://hui.lianjia.com/ershoufang/105116607402.html
万达近，通勤方便，户型好 户型方正，朝南的,"正兆千树晴山 , 西区新寮",3室2厅,96.76平米,东南,毛坯,30层 ,,板塔结合,53 万,5478 元,1,,,VR看装修 | 房本满五年 | 随时看房,https://hui.lianjia.com/ershoufang/105112682387.html
精装四房 高楼层 视野采光棒 拎包入住！,"天源花园 , 大亚湾中心区",4室2厅,100.64平米,南 北,精装,33层 ,,板塔结合,48 万,4770 元,0,,14天以前发布,VR房源 | 房本满五年,https://hui.lianjia.com/ershoufang/105122415452.html
户型方正，视野光线都好，成熟小区生活便利,"花样年·康城四季御峰 , 惠环",3室2厅,84.74平米,南,毛坯,32层 ,,板塔结合,51 万,6019 元,1,,,VR看装修 | 房本满两年 | 随时看房,https://hui.lianjia.com/ershoufang/105113657256.html
现代风设计大三房带车位无欠款 临深,"深荟城一期 , 白云新城",3室2厅,92.45平米,南,精装,33层 ,,板塔结合,79 万,8546 元,0,,6天以前发布,VR房源 | 房本满五年 | 随时看房,https://hui.lianjia.com/ershoufang/105122504019.html
此房户型方正，楼层好，小区楼龄新，小区规模大,"德润天峰 , 潼侨沥林",2室1厅,79.92平米,南,毛坯,18层 ,,板塔结合,40 万,5006 元,0,,,VR房源 | 房本满五年 | 随时看房,https://hui.lianjia.com/ershoufang/105116311917.html
临深南北通三房  业主诚意卖  价格有空间,"安罝小区 , 西区新寮",3室2厅,126.79平米,南,毛坯,32层 ,,板塔结合,58 万,4575 元,0,,,VR看装修 | 随时看房,https://hui.lianjia.com/ershoufang/105121456672.html
水岸城全新毛坯三房出售....,"中信水岸城六期 , 东江新城",3室2厅,88平米,东南,毛坯,中楼层(共32层) ,,板楼,88 万,10000 元,0,,,VR看装修 | 随时看房,https://hui.lianjia.com/ershoufang/105115921547.html
新天虹商圈  精装两房  装修保养好  看房提前预约,"惠泽南苑 , 河南岸",2室1厅,51.07平米,南 北,精装,中楼层(共6层) ,,板楼,38 万,7441 元,0,,,VR看装修 | 房本满五年 | 随时看房,https://hui.lianjia.com/ershoufang/105120763709.html
奥体板块中洲云悦府，4室2厅南北通透,"云悦府 , 河南岸",4室2厅,128.78平米,南 北,,中楼层(共33层) ,,板塔结合,138 万,10716 元,0,,,VR看装修 | 随时看房,https://hui.lianjia.com/ershoufang/105119128378.html
碧桂园珑尚花月。室两厅两卫，视野开阔,"碧桂园珑尚花园 , 水口",3室2厅,103平米,南,,高楼层(共34层) ,,板塔结合,66 万,6408 元,0,,,VR看装修,https://hui.lianjia.com/ershoufang/105119088579.html
社区环境配套齐全20万不到住新家,"小径海岸城花园 , 霞涌",1室1厅,46.72平米,南,简装,32层 ,,板塔结合,19 万,4067 元,0,,6天以前发布,VR房源 | 房本满五年 | 随时看房,https://hui.lianjia.com/ershoufang/105122506636.html
大大草地 3房两卫  毛坯 高楼层 业主诚心出售,"DADA的草地 , 大亚湾中心区",3室2厅,100.74平米,南,毛坯,32层 ,,板塔结合,29 万,2879 元,24,,,VR看装修 | 房本满五年 | 随时看房,https://hui.lianjia.com/ershoufang/105115176417.html
此房户型方正 景观很好采光通都可以，出租壹选,"东岸公馆 , 白云新城",2室1厅,64平米,南,毛坯,26层 ,,板塔结合,28 万,4375 元,4,,,VR看装修 | 房本满五年,https://hui.lianjia.com/ershoufang/105105751905.html
开发商装修通透四房 全新未住过人 带12平南向景观阳台,"龙光城北十一期 , 龙光城",4室2厅,118.73平米,东南 西北,精装,32层 ,,板塔结合,103 万,8676 元,0,,27天以前发布,VR看装修 | 随时看房,https://hui.lianjia.com/ershoufang/105122294537.html
急卖 星河丹堤G4区  南北通四房 看山景 公园,"星河丹堤G4区 , 南站新城",4室2厅,124.47平米,南 北,毛坯,33层 ,,板塔结合,130 万,10445 元,0,,,VR看装修 | 房本满两年 | 随时看房,https://hui.lianjia.com/ershoufang/105120494540.html
顶楼建了铁皮从自己房子可以上去，买一得二,"吴屋园路 , 下角",3室1厅,63.09平米,东南,,高楼层(共4层) ,,,18 万,2854 元,1,,14天以前发布,VR房源 | 房本满五年 | 随时看房,https://hui.lianjia.com/ershoufang/105122414346.html
此房满五唯一 中间 户型 精装修保养好户型方正,"合生·上观国际 , 水口",4室2厅,159.89平米,南,精装,中楼层(共29层) ,,塔楼,140 万,8757 元,0,,,VR看装修 | 房本满五年,https://hui.lianjia.com/ershoufang/105122103227.html
满五唯一业主着急出三房品质物业来看,"富康锦绣壹号 , 西区新寮",3室2厅,85.38平米,南,精装,33层 ,,塔楼,83 万,9722 元,0,,,VR房源 | 房本满五年 | 随时看房,https://hui.lianjia.com/ershoufang/105122137612.html
"大平台,朝南向，一线临深，户型利用率高","美景印象 , 西区新寮",3室2厅,100.58平米,南 北,精装,31层 ,,板塔结合,99.8 万,9923 元,6,,,VR房源 | 房本满五年 | 随时看房,https://hui.lianjia.com/ershoufang/105116945608.html
星河S2区，朝南三房，中高楼层，全明格局，红本在手,"星河丹堤S2区 , 南站新城",3室2厅,78.73平米,南,毛坯,高楼层(共32层) ,,板塔结合,70 万,8892 元,4,,,VR看装修 | 房本满五年 | 随时看房,https://hui.lianjia.com/ershoufang/105119442302.html
临深大四房 双阳台诚心出售 产权清晰,"正兆千树晴山 , 西区新寮",4室2厅,127.9平米,南,毛坯,31层 ,,板楼,75 万,5864 元,0,,6天以前发布,VR房源 | 随时看房,https://hui.lianjia.com/ershoufang/105122502107.html
次新小区，房子楼层好，户型方正,"腾韵花园 , 陈江",3室2厅,98.28平米,南,毛坯,32层 ,,塔楼,56 万,5699 元,0,,,VR看装修 | 房本满两年 | 随时看房,https://hui.lianjia.com/ershoufang/105118555806.html
满五唯一 朝南 房子保养新 装修很不错 使用率高,"康怡轩 , 江北",3室1厅,92平米,南,,高楼层(共30层) ,,塔楼,69.6 万,7566 元,0,,29天以前发布,VR房源 | 房本满五年,https://hui.lianjia.com/ershoufang/105122280576.html
户型格局方正，全新未住过，楼层采光好,"卓越东部蔚蓝海岸八期 , 西区新寮",3室2厅,98平米,东,精装,中楼层(共33层) ,,板塔结合,88 万,8980 元,0,,,VR看装修 | 随时看房,https://hui.lianjia.com/ershoufang/105120028891.html
精装修全屋品牌家私家电楼下就是鹿江公园，适合居住。,"万城皇冠豪苑 , 水口",4室2厅,132.93平米,南,简装,21层 ,,板楼,155 万,11661 元,0,,,VR房源 | 房本满五年,https://hui.lianjia.com/ershoufang/105119739456.html
万达广场楼上装修四房，业主诚心出售。,"阳光圣菲 , 万达",4室1厅,114平米,北,精装,33层 ,,板塔结合,75 万,6579 元,0,,,VR房源 | 房本满两年 | 随时看房,https://hui.lianjia.com/ershoufang/105121770805.html
业主诚心出售 ，看花园 户型方正采光好,"卓越蔚蓝海岸七期 , 西区新寮",3室2厅,85.1平米,西南,简装,28层 ,,板塔结合,70 万,8226 元,1,,,VR看装修 | 房本满五年,https://hui.lianjia.com/ershoufang/105118686612.html
正规一房一厅，业主诚心出售，看房方便,"海粤名庭 , 大亚湾中心区",1室1厅,57.05平米,南,毛坯,低楼层(共19层) ,,塔楼,18 万,3156 元,3,,,VR看装修 | 房本满五年 | 随时看房,https://hui.lianjia.com/ershoufang/105121939799.html
位置佳，配套完善，交通便利！满五唯一税费少,"亲水湾 , 吾悦广场",3室2厅,83.97平米,南,毛坯,26层 ,,板塔结合,45 万,5360 元,0,,20天以前发布,VR看装修 | 房本满五年 | 随时看房,https://hui.lianjia.com/ershoufang/105122352524.html
金山湖奥园领寓 精装 保养很好 朝南 花园小区管理,"奥园领寓 , 河南岸",1室1厅,27.68平米,南,精装,31层 ,,塔楼,16 万,5781 元,0,,,VR房源 | 房本满五年 | 随时看房,https://hui.lianjia.com/ershoufang/105120085755.html
钱隆樽品 全新装修4房 南北通透 拎包入住业主急卖,"福晟钱隆樽品花园 , 陈江",4室1厅,101.07平米,南 东南 北,精装,33层 ,,塔楼,81 万,8015 元,0,,31天以前发布,VR看装修 | 房本满两年 | 随时看房,https://hui.lianjia.com/ershoufang/105122249279.html
急售！急售！急售！三个阳台少有户型汇鑫花园,"汇鑫花园 , 新行政区",3室2厅,123平米,南 北,毛坯,16层 ,,塔楼,45.8 万,3724 元,2,,,VR看装修 | 房本满五年 | 随时看房,https://hui.lianjia.com/ershoufang/105121494915.html
东江熙园四房两厅两卫 业主诚心出售,"佳兆业东江熙园 , 博罗中心区",4室2厅,118平米,南 北,毛坯,高楼层(共33层) ,,板塔结合,35 万,2967 元,1,,,VR看装修 | 随时看房,https://hui.lianjia.com/ershoufang/105120467112.html
业主诚意出售，视野好、户型靓。,"新时代花园二期 , 博罗中心区",3室2厅,125.54平米,南,毛坯,28层 ,,板塔结合,49 万,3904 元,0,,,VR看装修 | 房本满五年 | 随时看房,https://hui.lianjia.com/ershoufang/105115176136.html
户型方正，业主诚意出售，密码看房，随时可看，,"保利天汇 , 河南岸",3室2厅,87.65平米,东南,,高楼层(共32层) ,,板塔结合,90 万,10269 元,1,,,VR房源 | 房本满两年 | 随时看房,https://hui.lianjia.com/ershoufang/105118571863.html
雍和园 精装修3房3卫 采光视野佳,"蓝光雍和园 , 龙丰",3室1厅,141.75平米,西南,精装,中楼层(共19层) ,,板楼,158 万,11147 元,0,,13天以前发布,VR房源 | 房本满两年 | 随时看房,https://hui.lianjia.com/ershoufang/105122425318.html
金地柏悦府精装四房家私家电齐全拎包入住,"金地柏悦府 , 博罗石湾",4室2厅,120平米,南 北,精装,中楼层(共24层) ,,板塔结合,68.8 万,5734 元,0,,,VR看装修 | 随时看房,https://hui.lianjia.com/ershoufang/105119524052.html
河南岸天虹旁，宜居小区，配套齐全，交通便利,"威廉城邦 , 河南岸",3室1厅,77.14平米,东南,精装,高楼层(共23层) ,,塔楼,53.8 万,6975 元,1,,,VR看装修 | 房本满五年 | 随时看房,https://hui.lianjia.com/ershoufang/105121638057.html
隆生东湖四区 一楼院子慢节奏生活 惬意休闲 户型方正,"东湖花园四号小区 , 东平",3室2厅,111平米,北,,7层 ,,板塔结合,96 万,8649 元,0,,17天以前发布,VR房源,https://hui.lianjia.com/ershoufang/105122379207.html
星河丹G4区，4房南北通透，视野景观好,"星河丹堤G4区 , 南站新城",4室2厅,124.48平米,南 北,精装,33层 ,,板塔结合,158 万,12693 元,1,,,VR房源 | 房本满两年,https://hui.lianjia.com/ershoufang/105120727107.html
景观单位，看花园，业主诚意出售，楼层好户型方正！,"卓越蔚蓝海岸七期 , 西区新寮",3室2厅,97.64平米,南,精装,18层 ,,板塔结合,80 万,8194 元,0,,,VR看装修 | 房本满两年,https://hui.lianjia.com/ershoufang/105115906003.html
采光充足，通风良好交通便利，购物方便，,"光耀荷兰小城 , 陈江",4室2厅,101.88平米,南,毛坯,31层 ,,板塔结合,53 万,5203 元,0,,,VR看装修 | 随时看房,https://hui.lianjia.com/ershoufang/105121571008.html
红本在手，南 北朝向，精装修楼层好视野宽阔,"亲水湾 , 吾悦广场",3室2厅,92.82平米,南,精装,26层 ,,板塔结合,61 万,6572 元,0,,,VR看装修 | 房本满五年 | 随时看房,https://hui.lianjia.com/ershoufang/105113329027.html
业主急卖，红本在手，无抵押，交通方便，配套成熟。,"卓洲悦园 , 万达",4室2厅,105.58平米,南 北,简装,32层 ,,板塔结合,80 万,7578 元,0,,,VR看装修 | 房本满两年 | 随时看房,https://hui.lianjia.com/ershoufang/105119950577.html
楼层好 户型方正 南北通，楼层好 居住舒适,"德桂佳园一区 , 水口",4室2厅,119.21平米,东南,毛坯,中楼层(共26层) ,,塔楼,89 万,7466 元,0,,,VR房源 | 房本满两年 | 随时看房,https://hui.lianjia.com/ershoufang/105121419533.html
万达商圈、龙光物业、潮南看花园、	户型方正,"龙光玖龙花园 , 万达",4室2厅,109.75平米,南 北,精装,32层 ,,板塔结合,70 万,6379 元,1,,,VR看装修 | 随时看房,https://hui.lianjia.com/ershoufang/105120848964.html
此房业主诚意出售，，此房采光充足，户型方正。,"小径海岸城花园 , 霞涌",3室2厅,104.4平米,南,精装,33层 ,,板塔结合,53 万,5077 元,5,,,VR看装修 | 房本满五年 | 随时看房,https://hui.lianjia.com/ershoufang/105111134858.html
大小 区环境好 楼层好 视野宽阔，交通便利,"新华联广场 , 大亚湾中心区",2室2厅,101.39平米,南,毛坯,32层 ,,板塔结合,40 万,3946 元,1,,,VR看装修 | 房本满五年 | 随时看房,https://hui.lianjia.com/ershoufang/105118009167.html
金山湖东部德威朗琴湾，生活配套齐全！,"德威朗琴湾 , 东江新城",3室2厅,103.52平米,南,精装,低楼层(共18层) ,,板塔结合,109.8 万,10607 元,0,,,VR看装修 | 房本满五年 | 随时看房,https://hui.lianjia.com/ershoufang/105122092213.html
房子精装修户型方正全屋木地板满五税费少,"亚迪二村二区 , 澳头",4室2厅,131.56平米,东南,精装,32层 ,,板塔结合,60 万,4561 元,0,,13天以前发布,VR房源 | 房本满五年 | 随时看房,https://hui.lianjia.com/ershoufang/105122422514.html
急售！五月花花园，深圳14号线沙田地铁口物业,"德丰·五月花花园 , 西区新寮",2室2厅,80平米,南,精装,17层 ,,塔楼,48 万,6000 元,0,,,VR看装修,https://hui.lianjia.com/ershoufang/105118401792.html
麦迪新村一房一厅急售，楼层低，首付低。,"麦迪新村 , 麦地",1室1厅,29.67平米,东南,简装,10层 ,,塔楼,19.2 万,6472 元,0,,,VR房源 | 房本满五年 | 随时看房,https://hui.lianjia.com/ershoufang/105119676098.html
两梯三户，豪 华装修，满五年税费低，带车位,"海惠花园一区 , 吾悦广场",3室2厅,119.8平米,南,精装,18层 ,,塔楼,73 万,6094 元,14,,,VR看装修 | 房本满五年 | 随时看房,https://hui.lianjia.com/ershoufang/105106738040.html
临深百万大盘，金地小区，近地铁次新小区，业主诚心出,"金地天润自在城二期 , 西区新寮",3室2厅,85.94平米,南,精装,33层 ,,板塔结合,73 万,8495 元,0,,,VR看装修 | 房本满两年 | 随时看房,https://hui.lianjia.com/ershoufang/105119849835.html
视野好，采光充足，楼层好，户型格局靓,"沣盛凤凰城 , 惠东县城",3室2厅,101.43平米,东南 南,毛坯,17层 ,,板塔结合,40.5 万,3993 元,0,,,VR看装修 | 房本满五年 | 随时看房,https://hui.lianjia.com/ershoufang/105119878490.html
精装修拎包可入住，朝南户型好，首付低，有钥匙看房,"御景花园南区 , 下角",2室1厅,54.66平米,南,精装,16层 ,,板塔结合,45 万,8233 元,0,,,VR看装修 | 房本满五年 | 随时看房,https://hui.lianjia.com/ershoufang/105121351737.html
惠州仲恺高新区，高铁站旁边物业！,"奥园尚雅花园二期 , 潼侨沥林",4室2厅,104.03平米,南 北,毛坯,中楼层(共32层) ,,板塔结合,43 万,4134 元,0,,,VR房源 | 房本满两年 | 随时看房,https://hui.lianjia.com/ershoufang/105121248672.html
此房满五唯一 高楼层，视野宽阔，采光充足,"亚迪二村二区 , 澳头",3室1厅,115平米,南,精装,32层 ,,塔楼,45 万,3914 元,1,,,VR房源 | 房本满五年 | 随时看房,https://hui.lianjia.com/ershoufang/105120720680.html
急卖，星河品牌，三房，好楼层，你意向不到的价格,"惠州星河盛世 , 白云新城",3室2厅,74.02平米,东南,毛坯,高楼层(共33层) ,,板塔结合,45 万,6080 元,0,,,VR看装修 | 房本满两年 | 随时看房,https://hui.lianjia.com/ershoufang/105116452393.html
装修大2房。随时看房，地铁口物业,"德洲城三、四期 , 西区新寮",2室2厅,81.13平米,南,毛坯,18层 ,,板塔结合,42.8 万,5276 元,4,,,VR看装修 | 房本满五年,https://hui.lianjia.com/ershoufang/105116368380.html
高层朝南精装修采光好，看房方便,"丽格国际公寓 , 江北",1室1厅,42.5平米,南,简装,30层 ,,塔楼,32 万,7530 元,0,,,VR房源 | 随时看房,https://hui.lianjia.com/ershoufang/105120552618.html
龙光城南四期五房，业主诚心出售,"龙光城南四期 , 龙光城",5室2厅,114.65平米,东 北,简装,34层 ,,塔楼,106 万,9246 元,1,,,VR看装修,https://hui.lianjia.com/ershoufang/105120884341.html
惠阳站，一房一厅，近天虹大润发,"百润基银座 , 开城大润发",1室1厅,46.93平米,东北,简装,20层 ,,板楼,15.5 万,3303 元,2,,,VR房源 | 房本满五年,https://hui.lianjia.com/ershoufang/105120479881.html
御景花园3房2厅 精装修，看房有钥匙，带个小露台，,"御景花园南区 , 下角",3室2厅,86.89平米,西北,精装,24层 ,,板塔结合,72 万,8287 元,0,,,VR房源 | 房本满五年 | 随时看房,https://hui.lianjia.com/ershoufang/105120962268.html
左岸春天一期 2室1厅 南,"左岸春天一期 , 开城大润发",2室1厅,54平米,南,精装,12层 ,,板塔结合,26 万,4815 元,1,,,VR看装修,https://hui.lianjia.com/ershoufang/105120959078.html
此新房中高楼层，实用率高，业主诚意出售,"天润嘉园 , 西区新寮",4室2厅,94.77平米,南,毛坯,29层 ,,板塔结合,55 万,5804 元,0,,,VR看装修 | 房本满两年 | 随时看房,https://hui.lianjia.com/ershoufang/105121970096.html
此小区次新小区 小区绿化高采 光好户型方正看园林。,"悦璟华庭 , 惠环",3室2厅,94平米,东 南,精装,高楼层(共33层) ,,板塔结合,59 万,6277 元,0,,,VR房源 | 随时看房,https://hui.lianjia.com/ershoufang/105120127383.html
次新盘汇显泰华园、轻奢风靓装9.9成新、含子母车位,"汇显城市公园 , 汝湖",5室2厅,129.72平米,南,精装,27层 ,,板楼,119 万,9174 元,0,,,VR看装修,https://hui.lianjia.com/ershoufang/105121503987.html
万达商圈，吾悦广场旁，户型方正，毛坯急售,"明华花园 , 吾悦广场",4室2厅,108.01平米,东北,毛坯,16层 ,,塔楼,57 万,5278 元,1,,,VR看装修 | 房本满五年 | 随时看房,https://hui.lianjia.com/ershoufang/105118249212.html
三远大爱城 3室2厅 南,"三远大爱城 , 吾悦广场",3室2厅,88.07平米,南,毛坯,32层 ,,板塔结合,49.5 万,5621 元,2,,,VR看装修 | 房本满五年 | 随时看房,https://hui.lianjia.com/ershoufang/105119156428.html
临深精装两房，品质物业，生活配套方便，业主诚售可聊,"碧桂园太东·蜜柚 , 西区新寮",2室1厅,60.12平米,南,精装,33层 ,,塔楼,40.5 万,6737 元,4,,,VR房源 | 随时看房,https://hui.lianjia.com/ershoufang/105120527501.html
临深次新品质小区！全新奶油风装修！拎包即可入住,"丰谷天玺 , 龙光城",3室1厅,85.53平米,南,精装,29层 ,,塔楼,73 万,8536 元,0,,,VR看装修 | 随时看房,https://hui.lianjia.com/ershoufang/105121694697.html
大社区成熟片区，绿化环境空气好生活便利，鹿江公园,"隆生皇冠花园 , 水口",4室2厅,142.72平米,南,精装,32层 ,,塔楼,129 万,9039 元,0,,,VR房源,https://hui.lianjia.com/ershoufang/105121907738.html
装修三房 大社区 适合居住 好楼层 看花园,"海伦堡院子 , 水口",3室2厅,104.02平米,南,,高楼层(共25层) ,,板塔结合,60 万,5769 元,0,,,VR看装修 | 房本满五年,https://hui.lianjia.com/ershoufang/105118440657.html
中海阅江二期 中高楼层 全新精装修 拎包入住 有钥匙,"中海阅江府2期 , 东江新城",4室2厅,119.52平米,东南,精装,高楼层(共27层) ,,板楼,125 万,10459 元,0,,,VR看装修 | 房本满两年 | 随时看房,https://hui.lianjia.com/ershoufang/105121202656.html
中建物业  中天彩虹城3室  业主诚心出售  看房方便,"中天彩虹城北区 , 开城大润发",3室2厅,118平米,南,精装,28层 ,,板楼,66 万,5594 元,0,,,VR房源,https://hui.lianjia.com/ershoufang/105119953551.html
户型方正，楼层好，采光视野可以,"新际首座 , 大亚湾中心区",1室1厅,54平米,西南,简装,28层 ,,板塔结合,20 万,3704 元,3,,,VR看装修 | 随时看房,https://hui.lianjia.com/ershoufang/105120391124.html
