标题,地址,户型,面积,朝向,装修情况,层数,建造时间,楼型,总价,每平米单价,关注人数,带看次数,发布时间,标签,详情链接
小区人车分流/采光好 /安静/公立学府四房南北通透,"锦绣学府 , 澳头",4室2厅,107.76平米,南 北,毛坯,30层 ,,板塔结合,63 万,5847 元,1,,,VR看装修 | 房本满五年 | 随时看房,https://hui.lianjia.com/ershoufang/105117932494.html
此房精装修，花园中间，高楼层，位置安静。视野好,"万科金域华庭二期 , 江北",3室1厅,79.17平米,南,精装,高楼层(共33层) ,,板塔结合,74.5 万,9411 元,2,,,VR房源 | 房本满五年 | 随时看房,https://hui.lianjia.com/ershoufang/105118234741.html
临深锦河湾朝南三房，中间楼层，无欠款交易方便,"锦河湾 , 西区新寮",3室1厅,83.6平米,南,毛坯,33层 ,,板塔结合,48 万,5742 元,2,,,VR看装修 | 房本满五年 | 随时看房,https://hui.lianjia.com/ershoufang/105120634052.html
荷兰小城户型方正，采光佳，布局合理，宽敞明亮,"光耀荷兰小城 , 陈江",4室2厅,112平米,南,精装,28层 ,,板塔结合,73 万,6518 元,0,,,VR看装修 | 房本满两年,https://hui.lianjia.com/ershoufang/105121958747.html
"通风采光好 家旁边就是虎头山公园 ,河滩公园","碧桂园中萃公园 , 大亚湾中心区",3室2厅,136.55平米,南 北,毛坯,17层 ,,板塔结合,101 万,7397 元,3,,,VR看装修 | 房本满五年 | 随时看房,https://hui.lianjia.com/ershoufang/105105910742.html
透明收佣，不做包单+江湾一品+三房+西南朝向,"江湾一品 , 下角",3室2厅,70.97平米,西南,精装,高楼层(共29层) ,,塔楼,69.8 万,9836 元,0,,,VR房源 | 房本满五年 | 随时看房,https://hui.lianjia.com/ershoufang/105119811710.html
临深大社区，朝南4房，业主诚心出售,"天域花园 , 白云新城",4室2厅,89.03平米,南,毛坯,21层 ,,板塔结合,48 万,5392 元,0,,,VR看装修 | 房本满五年 | 随时看房,https://hui.lianjia.com/ershoufang/105121594639.html
区政府天虹 南北通四房 自住装修 拎包入住,"中央国墅园 , 区政府",4室2厅,128.34平米,南 北,精装,29层 ,,板塔结合,72 万,5611 元,2,,,VR看装修 | 房本满五年 | 随时看房,https://hui.lianjia.com/ershoufang/105118507564.html
秋谷林海 原价高  满五唯一无个税 四房 南北通透,"秋谷·林海 , 比亚迪商圈",4室2厅,87.19平米,南 北,精装,26层 ,,板塔结合,55 万,6309 元,1,,,VR看装修 | 房本满五年 | 随时看房,https://hui.lianjia.com/ershoufang/105121959258.html
房子旁边就是天虹还有大润发楼下的商铺也全部营业,"中梁V城市 , 开城大润发",2室2厅,57平米,南,,31层 ,,板塔结合,30 万,5264 元,3,,,VR房源 | 随时看房,https://hui.lianjia.com/ershoufang/105117133859.html
龙丰城轨出口旁，金辉新苑大阳台两房,"金輝新苑 , 龙丰",2室2厅,90.63平米,东,简装,低楼层(共9层) ,,板塔结合,40 万,4414 元,0,,,VR房源 | 房本满两年 | 随时看房,https://hui.lianjia.com/ershoufang/105120919732.html
万达商圈金龟山大峡谷一期业主诚意出售,"御玺山大峡谷一期 , 比亚迪商圈",2室1厅,75平米,南,,32层 ,,板塔结合,32.5 万,4334 元,0,,,VR看装修 | 随时看房,https://hui.lianjia.com/ershoufang/105121758256.html
龙光城南四期 装修三房 朝南看山景 满五唯一 配套齐全,"龙光城南四期 , 龙光城",3室2厅,89平米,东南,简装,34层 ,,板塔结合,77 万,8652 元,1,,,VR看装修 | 随时看房,https://hui.lianjia.com/ershoufang/105121793746.html
小区环境好.户型方正.业主急卖.价格好谈,"丽江花园南区 , 区政府",4室1厅,158.89平米,南,简装,11层 ,,板塔结合,90 万,5665 元,0,,27天以前发布,VR房源 | 房本满五年 | 随时看房,https://hui.lianjia.com/ershoufang/105122295061.html
山湖海上城3房2厅1卫 环境好 交通便利,"山湖海上城 , 惠东县城",3室2厅,92平米,南,精装,18层 ,,板塔结合,38.9 万,4229 元,0,,,VR看装修 | 随时看房,https://hui.lianjia.com/ershoufang/105121753697.html
江北东江湾精装修酒店公寓48平,"东江湾 , 江北",1室1厅,47.8平米,南,精装,高楼层(共30层) ,,板塔结合,50 万,10461 元,0,,,VR看装修 | 房本满两年 | 随时看房,https://hui.lianjia.com/ershoufang/105117675894.html
百万大盘旁，临深一线河景，业主诚心售,"锦河湾 , 西区新寮",4室1厅,98.06平米,南 北,毛坯,34层 ,,板塔结合,62 万,6323 元,0,,,VR房源 | 随时看房,https://hui.lianjia.com/ershoufang/105120482603.html
满五唯一带装修 业主诚意出售 前有公园后有广场,"御玺山大峡谷一期 , 比亚迪商圈",3室1厅,77.01平米,东,,32层 ,,板塔结合,40 万,5195 元,0,,22天以前发布,VR看装修,https://hui.lianjia.com/ershoufang/105122338066.html
住在公园里的房子，享受真正的大草原，湖泊。,"恒大棕榈岛 , 白云新城",4室2厅,126.81平米,南 北,毛坯,25层 ,,板楼,78 万,6151 元,0,,,VR看装修 | 房本满五年 | 随时看房,https://hui.lianjia.com/ershoufang/105119953175.html
采光佳 视野好 户型方正 配套齐 交通便利,"正闳润金名苑 , 西区新寮",3室1厅,91.25平米,东南,精装,33层 ,,塔楼,76 万,8329 元,1,,,VR看装修 | 房本满两年 | 随时看房,https://hui.lianjia.com/ershoufang/105118509040.html
南向品字型4房中间好楼层看园景视野开阔满五年,"方直君御 , 东江新城",4室2厅,125平米,南,毛坯,中楼层(共31层) ,,塔楼,184 万,14720 元,0,,,VR看装修 | 房本满五年 | 随时看房,https://hui.lianjia.com/ershoufang/105121711471.html
央企华润 品牌开发商，中间楼层采光视野好,"曦江润府 , 东江新城",3室2厅,96.72平米,南,毛坯,中楼层(共33层) ,,塔楼,99 万,10236 元,3,,,VR看装修 | 随时看房,https://hui.lianjia.com/ershoufang/105118533010.html
中间楼层，已经交了电梯钱，户型方正采光好，2个卫生,"金阁苑 , 下角",3室2厅,102平米,南,精装,中楼层(共7层) ,,板塔结合,65 万,6373 元,0,,,VR看装修 | 房本满五年,https://hui.lianjia.com/ershoufang/105121519511.html
吾悦广场旁 3加1 朝南 看淡澳河,"亲水湾 , 吾悦广场",3室2厅,87.06平米,南,毛坯,22层 ,,塔楼,45 万,5169 元,2,,,VR房源 | 随时看房,https://hui.lianjia.com/ershoufang/105117987188.html
梵高的花园精装2房，南向看花园，现代风,"梵高的花园 , 江北",3室1厅,85.14平米,南,,高楼层(共31层) ,,板塔结合,88 万,10336 元,0,,,VR房源 | 房本满五年,https://hui.lianjia.com/ershoufang/105121725390.html
区政府旁，万科物业，一房拎包入住。,"清泉城市广场 , 区政府",1室0厅,34.76平米,东南,,27层 ,,板塔结合,18 万,5179 元,1,,,VR看装修 | 房本满五年,https://hui.lianjia.com/ershoufang/105118726956.html
富康锦绣壹号3房 红本在手 看房方便有钥匙 业主诚卖,"富康锦绣壹号 , 西区新寮",3室2厅,85.13平米,南,精装,33层 ,,塔楼,80 万,9398 元,2,,,VR看装修 | 房本满五年 | 随时看房,https://hui.lianjia.com/ershoufang/105121223875.html
业主着急出售价格可谈 全新装修未住过，户型方正,"荣盛御景澜湾 , 澳头",3室2厅,90.19平米,东南,,33层 ,,板塔结合,45 万,4990 元,0,,,VR看装修 | 房本满五年 | 随时看房,https://hui.lianjia.com/ershoufang/105122173913.html
7区次新小区，中间楼层视野漂亮，3房2个卫生间,"壹城中心7区 , 陈江",3室2厅,98.49平米,南,毛坯,中楼层(共32层) ,,塔楼,72 万,7311 元,0,,,VR看装修 | 房本满两年 | 随时看房,https://hui.lianjia.com/ershoufang/105119494850.html
难得漂亮户型！！三房南北通双阳台 视野开阔 优选楼层,"金辉风雅轩 , 秋长",3室2厅,85.12平米,南 北,毛坯,32层 ,,板塔结合,41.88 万,4921 元,0,,,VR看装修 | 房本满五年 | 随时看房,https://hui.lianjia.com/ershoufang/105120425427.html
荷兰小城四房两厅两卫，业主诚意出售,"光耀荷兰小城 , 陈江",4室2厅,101平米,南,毛坯,33层 ,,板塔结合,55 万,5446 元,1,,,VR看装修 | 随时看房,https://hui.lianjia.com/ershoufang/105121381494.html
惠城区江北 精装大三房出售 采光好 户型方正,"邮电新村 , 江北",3室2厅,100平米,南,简装,高楼层(共8层) ,,板楼,65 万,6500 元,0,,,VR看装修,https://hui.lianjia.com/ershoufang/105121868065.html
中信水岸城一期 3室1厅 南,"中信水岸城一期 , 东江新城",3室1厅,84平米,南,精装,18层 ,,板塔结合,130 万,15477 元,0,,,VR房源,https://hui.lianjia.com/ershoufang/105121793997.html
家华名都花园 4室2厅 南,"家华名都花园 , 陈江",4室2厅,155平米,南,精装,24层 ,,塔楼,95 万,6130 元,0,,,VR房源 | 房本满两年,https://hui.lianjia.com/ershoufang/105122055960.html
惠州江北好地段，住宅性质70年产权！好出租！,"瑞嘉大厦 , 江北",1室1厅,42平米,西南,精装,26层 ,,板楼,29.6 万,7048 元,0,,,VR看装修 | 随时看房,https://hui.lianjia.com/ershoufang/105121108668.html
中洲云睿府，三房，次新房，山姆会员店，金山湖医院,"中洲云睿府 , 河南岸",3室2厅,88.27平米,南,毛坯,30层 ,,塔楼,80 万,9064 元,0,,,VR看装修 | 房本满两年 | 随时看房,https://hui.lianjia.com/ershoufang/105122104828.html
户型方正，采光好，视野好，无遮挡,"听涛雅苑 , 大亚湾中心区",2室1厅,32.77平米,东,简装,7层 ,,板塔结合,19.2 万,5860 元,0,,,VR房源 | 房本满五年 | 随时看房,https://hui.lianjia.com/ershoufang/105119739112.html
儿童公园 比亚迪御蓝湾南北通毛坯四房,"御蓝湾花园 , 万达",4室2厅,101.14平米,南 北,毛坯,17层 ,,板塔结合,58 万,5735 元,2,,,VR看装修 | 房本满五年 | 随时看房,https://hui.lianjia.com/ershoufang/105115861812.html
侨城水岸 大社区 140平大4房 双阳台,"侨城水岸 , 惠东县城",4室2厅,140.22平米,东南,毛坯,高楼层(共24层) ,,板塔结合,133.5 万,9521 元,0,,,VR看装修 | 房本满五年 | 随时看房,https://hui.lianjia.com/ershoufang/105119849670.html
红本房，交易快捷，东南朝向，楼层高，阳台看湖景,"泰丰牧马湖 , 万达",3室2厅,89.99平米,南 东,毛坯,33层 ,,板楼,67 万,7446 元,3,,,VR看装修 | 房本满两年 | 随时看房,https://hui.lianjia.com/ershoufang/105115675240.html
大社区成熟片区，绿化环境空气好生活便利，鹿江花园,"合生·上观国际 , 水口",3室2厅,92平米,南 北,精装,中楼层(共18层) ,,塔楼,78 万,8479 元,0,,,VR看装修 | 随时看房,https://hui.lianjia.com/ershoufang/105121735972.html
刚需实用户型，业主诚心出售，毛坯，有证，大社区,"光耀荷兰小城 , 陈江",3室2厅,80.19平米,北,毛坯,33层 ,,板塔结合,35 万,4365 元,0,,,VR看装修 | 房本满五年 | 随时看房,https://hui.lianjia.com/ershoufang/105114187200.html
海景城大4房2卫  精装带家私电器   滨海公园旁,"海景城 , 澳头",4室2厅,120.47平米,南,,33层 ,,板塔结合,70 万,5811 元,1,,,VR看装修 | 房本满五年 | 随时看房,https://hui.lianjia.com/ershoufang/105117534755.html
吾悦广场旁 3加1 朝南 看淡澳河,"亲水湾 , 吾悦广场",3室2厅,87.06平米,南,毛坯,22层 ,,塔楼,45 万,5169 元,2,,,VR房源 | 随时看房,https://hui.lianjia.com/ershoufang/105117987188.html
中间楼层，已经交了电梯钱，户型方正采光好，2个卫生,"金阁苑 , 下角",3室2厅,102平米,南,精装,中楼层(共7层) ,,板塔结合,65 万,6373 元,0,,,VR看装修 | 房本满五年,https://hui.lianjia.com/ershoufang/105121519511.html
马安曦江润府 3房 毛坯房 诚意出售,"曦江润府 , 东江新城",3室1厅,96.49平米,南,,中楼层(共33层) ,,塔楼,115 万,11919 元,1,,,VR看装修 | 房本满两年 | 随时看房,https://hui.lianjia.com/ershoufang/105120149116.html
红本在手无欠款、中间楼层、装修直接拎包入住,"中兴佳苑 , 大亚湾中心区",4室2厅,109.73平米,南,精装,26层 ,,塔楼,48.8 万,4448 元,1,,,VR看装修 | 房本满五年 | 随时看房,https://hui.lianjia.com/ershoufang/105114929727.html
南向品字型4房中间好楼层看园景视野开阔满五年,"方直君御 , 东江新城",4室2厅,125平米,南,毛坯,中楼层(共31层) ,,塔楼,184 万,14720 元,0,,,VR看装修 | 房本满五年 | 随时看房,https://hui.lianjia.com/ershoufang/105121711471.html
儿童公园旁，精装3房 视野开阔 采光好，业主急售,"恒大悦龙台 , 万达",3室1厅,85.92平米,南,精装,32层 ,,板塔结合,63 万,7333 元,0,,,VR房源 | 房本满五年 | 随时看房,https://hui.lianjia.com/ershoufang/105121989876.html
中信水岸城 一线江景  无遮挡  全新毛坯  通风好,"中信水岸城二三期 , 东江新城",4室2厅,170平米,南 北,毛坯,29层 ,,板楼,177 万,10412 元,2,,,VR房源 | 随时看房,https://hui.lianjia.com/ershoufang/105119799624.html
大湖溪山水龙城 南北通三房两卫 户型使用率高 有钥匙,"宝安山水龙城 , 水口",3室2厅,87.07平米,西北,毛坯,高楼层(共27层) ,,塔楼,60 万,6892 元,1,,,VR看装修 | 房本满五年 | 随时看房,https://hui.lianjia.com/ershoufang/105121860121.html
双城峰景精 装3房2卫 楼下商 业体 生活方便,"双城峰景 , 博罗石湾",3室2厅,96平米,南,精装,27层 ,,板塔结合,72 万,7500 元,0,,,VR看装修 | 随时看房,https://hui.lianjia.com/ershoufang/105121685821.html
益田万达双商圈，二房两厅采光好1,"东部阳光花园 , 万达",2室2厅,81.08平米,东南 南,精装,31层 ,,板塔结合,51 万,6291 元,0,,,VR看装修 | 房本满五年 | 随时看房,https://hui.lianjia.com/ershoufang/105120904000.html
此房原值高，税费少  精装修 户型方正，采光好，,"荣盛御景澜湾 , 澳头",3室2厅,90.21平米,南,精装,33层 ,,板塔结合,47 万,5211 元,1,,,VR房源 | 房本满两年 | 随时看房,https://hui.lianjia.com/ershoufang/105121753359.html
中间楼层，刚需三房，采光充足，读德威,"中信水岸城7期 , 东江新城",3室2厅,88.5平米,南,毛坯,32层 ,,板塔结合,88 万,9944 元,1,,,VR看装修 | 房本满五年 | 随时看房,https://hui.lianjia.com/ershoufang/105118831535.html
澳头菁华园沃尔玛门口3房朝南精装修,"菁华园 , 澳头",3室2厅,107.09平米,南,精装,中楼层(共20层) ,,板塔结合,55 万,5136 元,0,,17天以前发布,VR房源 | 随时看房,https://hui.lianjia.com/ershoufang/105122378469.html
高品质大型小区、环境好，深圳与惠州交界处，楼层好,"牧云溪谷二期云尚 , 新圩",3室1厅,88.02平米,东南,精装,29层 ,,塔楼,109 万,12384 元,0,,21天以前发布,VR看装修 | 房本满五年 | 随时看房,https://hui.lianjia.com/ershoufang/105122344936.html
鼎峰国汇山 大花园社区 精装修南北4房 视野好 安静,"鼎峰国汇山 , 江北",4室2厅,124.75平米,南,精装,低楼层(共28层) ,,板塔结合,159 万,12746 元,0,,,VR房源 | 房本满五年,https://hui.lianjia.com/ershoufang/105122106902.html
业主诚心出售 次新小区 朝南向 采光好 户型靓,"东方铂悦府 , 新行政区",3室2厅,89.79平米,东南,毛坯,29层 ,,板塔结合,60 万,6683 元,0,,,VR看装修 | 房本满两年 | 随时看房,https://hui.lianjia.com/ershoufang/105121382595.html
山姆会员店旁世纪金湖花园 小区环境安静,"世纪金湖花园 , 河南岸",4室2厅,116.79平米,南,毛坯,31层 ,,板塔结合,108 万,9248 元,0,,,VR看装修 | 随时看房,https://hui.lianjia.com/ershoufang/105113811126.html
东山森林公园旁边 四季嘉园，架空式园林,"华泓四季嘉园 , 博罗中心区",1室2厅,55平米,南 西南,精装,28层 ,,板塔结合,23 万,4182 元,0,,,VR房源 | 随时看房,https://hui.lianjia.com/ershoufang/105122170292.html
次新鹿江风华带露台  湿地公园鹿江旁 四房大客厅,"新城鹿江风华 , 水口",4室2厅,122平米,南 北,毛坯,低楼层(共33层) ,,板塔结合,108 万,8853 元,0,,,VR看装修 | 随时看房,https://hui.lianjia.com/ershoufang/105117219397.html
业主急售，红本在手，随时可以看房,"口岸外商公寓 , 惠环",1室1厅,58.58平米,南,简装,9层 ,,板塔结合,13 万,2220 元,0,,,VR看装修 | 房本满五年 | 随时看房,https://hui.lianjia.com/ershoufang/105121593382.html
惠州南站满五年星河丹堤物业成熟社区山景洋房学府相伴,"星河丹堤E区 , 南站新城",3室2厅,92.64平米,南 北,毛坯,32层 ,,,78 万,8420 元,40,,,VR看装修 | 房本满五年 | 随时看房,https://hui.lianjia.com/ershoufang/105106906261.html
想要一线海景又要价格实惠的来看房，楼下海边绿道,"合生海角一号 , 十里银滩",1室1厅,41平米,南,精装,19层 ,,板塔结合,12.8 万,3122 元,2,,,VR看装修 | 房本满五年 | 随时看房,https://hui.lianjia.com/ershoufang/105121980289.html
水岸城二三期88平3房，户型方正可看江景,"中信水岸城二三期 , 东江新城",3室2厅,88平米,东南,简装,25层 ,,板楼,78 万,8864 元,0,,,VR看装修 | 随时看房,https://hui.lianjia.com/ershoufang/105122235402.html
大亚湾，二房二厅，精装修，业主诚心卖,"当代上品湾花园 , 澳头",2室2厅,74平米,东南,精装,34层 ,,板塔结合,35 万,4730 元,0,,,VR看装修 | 房本满五年 | 随时看房,https://hui.lianjia.com/ershoufang/105121843686.html
楼层好，视野开阔，采光好，通风好，税费少,"卓越东部蔚蓝海岸三期 , 西区新寮",3室2厅,84.97平米,南,毛坯,33层 ,,板塔结合,54 万,6356 元,0,,,VR看装修 | 房本满五年 | 随时看房,https://hui.lianjia.com/ershoufang/105121081211.html
名流印象3房，使用率高，可拎包入住的装修，随时看房,"名流印象 , 河南岸",3室2厅,88平米,东北,精装,中楼层(共23层) ,,板塔结合,63.8 万,7250 元,0,,,VR看装修 | 随时看房,https://hui.lianjia.com/ershoufang/105122155893.html
满五唯一无个税 红本在手无欠款 南北通透得房率高,"锦绣学府 , 澳头",4室2厅,107.76平米,东南 北,毛坯,30层 ,,板塔结合,66 万,6125 元,0,,,VR看装修 | 房本满五年 | 随时看房,https://hui.lianjia.com/ershoufang/105115618783.html
秋谷林海 原价高  满五唯一无个税 四房 南北通透,"秋谷·林海 , 比亚迪商圈",4室2厅,87.19平米,南 北,精装,26层 ,,板塔结合,55 万,6309 元,1,,,VR看装修 | 房本满五年 | 随时看房,https://hui.lianjia.com/ershoufang/105121959258.html
房子旁边就是天虹还有大润发楼下的商铺也全部营业,"中梁V城市 , 开城大润发",2室2厅,57平米,南,,31层 ,,板塔结合,30 万,5264 元,3,,,VR房源 | 随时看房,https://hui.lianjia.com/ershoufang/105117133859.html
复式上下楼层 使用率高 业主诚心出售,"富川瑞园 , 惠环",2室2厅,46.24平米,南,毛坯,高楼层(共20层) ,,板塔结合,23 万,4975 元,0,,,VR看装修 | 房本满两年 | 随时看房,https://hui.lianjia.com/ershoufang/105122104157.html
万达商圈金龟山大峡谷一期业主诚意出售,"御玺山大峡谷一期 , 比亚迪商圈",2室1厅,75平米,南,,32层 ,,板塔结合,32.5 万,4334 元,0,,,VR看装修 | 随时看房,https://hui.lianjia.com/ershoufang/105121758256.html
龙光城南四期 装修三房 朝南看山景 满五唯一 配套齐全,"龙光城南四期 , 龙光城",3室2厅,89平米,东南,简装,34层 ,,板塔结合,77 万,8652 元,1,,,VR看装修 | 随时看房,https://hui.lianjia.com/ershoufang/105121793746.html
海伦堡南北通透看花园 视野开阔 户型方正 生活便利,"海伦堡爱Me城市 , 澳头",3室2厅,102.77平米,南 北,毛坯,32层 ,,板塔结合,45 万,4379 元,4,,,VR看装修 | 房本满两年 | 随时看房,https://hui.lianjia.com/ershoufang/105112297396.html
中楼层，精装，保养很好，拎包入住，视野开阔,"星河丹堤F区 , 南站新城",3室2厅,90.91平米,东北,精装,34层 ,,板塔结合,83 万,9130 元,4,,,VR看装修 | 随时看房,https://hui.lianjia.com/ershoufang/105117206462.html
龙丰城轨出口旁，金辉新苑大阳台两房,"金輝新苑 , 龙丰",2室2厅,90.63平米,东,简装,低楼层(共9层) ,,板塔结合,40 万,4414 元,0,,,VR房源 | 房本满两年 | 随时看房,https://hui.lianjia.com/ershoufang/105120919732.html
此房满五年，小区安静，看房方便，业主诚心出售。,"德丰·五月花花园 , 西区新寮",1室1厅,31.14平米,南,精装,8层 ,,板塔结合,21 万,6744 元,0,,,VR看装修,https://hui.lianjia.com/ershoufang/105121320942.html
乙府标准大3房，朝南安静，附带一个200平独立大露台,"隆生西江花园 , 东江新城",3室2厅,121.76平米,南,,低楼层(共28层) ,,塔楼,148 万,12156 元,0,,27天以前发布,VR房源 | 随时看房,https://hui.lianjia.com/ershoufang/105122298718.html
梵高的花园精装2房，南向看花园，楼层好，视野开阔,"梵高的花园 , 江北",2室1厅,85.14平米,南,,高楼层(共31层) ,,板塔结合,88 万,10336 元,0,,,VR房源 | 房本满两年,https://hui.lianjia.com/ershoufang/105121725366.html
德威江誉城二期大社区精致一房一厅,"德威江誉城Ⅱ期 , 马安",1室1厅,42.7平米,北,精装,19层 ,,板塔结合,29 万,6792 元,2,,,VR房源 | 随时看房,https://hui.lianjia.com/ershoufang/105120770408.html
户型方正采光通透明亮，好楼层，东南朝向,"牧云溪谷·和悦府 , 新圩",4室2厅,115.67平米,东南,毛坯,31层 ,,板塔结合,127 万,10980 元,1,,,VR看装修 | 随时看房,https://hui.lianjia.com/ershoufang/105122081659.html
山湖海上城4房2厅1卫    环境好  交通便利,"山湖海上城 , 惠东县城",4室2厅,116平米,南,精装,32层 ,,塔楼,52.8 万,4552 元,0,,,VR看装修 | 随时看房,https://hui.lianjia.com/ershoufang/105121846423.html
梵高的花园精装2房，南向看花园，现代风,"梵高的花园 , 江北",3室1厅,85.14平米,南,,高楼层(共31层) ,,板塔结合,88 万,10336 元,0,,,VR房源 | 房本满五年,https://hui.lianjia.com/ershoufang/105121725390.html
央企华润 品牌开发商，中间楼层采光视野好,"曦江润府 , 东江新城",3室2厅,96.72平米,南,毛坯,中楼层(共33层) ,,塔楼,99 万,10236 元,3,,,VR看装修 | 随时看房,https://hui.lianjia.com/ershoufang/105118533010.html
房子是复式的，上下两层，已经做好阁楼,"龙光城南一期 , 龙光城",7室2厅,123.5平米,南,,30层 ,,板塔结合,93.8 万,7596 元,0,,,VR房源 | 随时看房,https://hui.lianjia.com/ershoufang/105120089929.html
间层通风采光好，业主诚心出售卖，,"悦玺公馆 , 澳头",4室2厅,118.42平米,东南,,33层 ,,板塔结合,50 万,4223 元,0,,,VR看装修 | 随时看房,https://hui.lianjia.com/ershoufang/105119580171.html
合生大社区 精装四房 中间楼层 南向看花园,"合生·上观国际 , 水口",4室2厅,159.89平米,南,精装,中楼层(共29层) ,,塔楼,120 万,7506 元,0,,,VR看装修 | 房本满五年,https://hui.lianjia.com/ershoufang/105121469309.html
南贸花园 88平带装修三房 钥匙看房诚心出售,"南贸花园 , 水口",3室2厅,88平米,东南,,中楼层(共17层) ,,塔楼,69 万,7841 元,0,,,VR看装修 | 随时看房,https://hui.lianjia.com/ershoufang/105122150719.html
格局方正，视野开阔，朝南 近地铁低总价买到三房,"天域花园 , 白云新城",3室2厅,71.94平米,南,毛坯,17层 ,,塔楼,32.8 万,4560 元,1,,,VR看装修 | 随时看房,https://hui.lianjia.com/ershoufang/105122148602.html
业主房子诚心出售，楼层好，方便看房,"东方铂悦府 , 新行政区",3室2厅,87.34平米,南,毛坯,32层 ,,板塔结合,61 万,6985 元,1,,,VR看装修 | 房本满两年 | 随时看房,https://hui.lianjia.com/ershoufang/105117849073.html
户型方正采光好 面积使用率高 大阳台 精装修,"中兴佳苑 , 大亚湾中心区",4室2厅,108.9平米,南 北,,26层 ,,塔楼,42 万,3857 元,1,,20天以前发布,VR看装修 | 房本满五年 | 随时看房,https://hui.lianjia.com/ershoufang/105122347998.html
近佳兆业 金世界花园三房 朝南采光好 小区配套成熟,"金世界花园 , 江北",3室2厅,125.44平米,南,简装,16层 ,,板塔结合,75 万,5979 元,0,,16天以前发布,VR房源 | 随时看房,https://hui.lianjia.com/ershoufang/105122389846.html
近沙田地铁站，大社区 大阳台，淡水河,"九洲玉带湾 , 白云新城",4室2厅,112.74平米,南,毛坯,33层 ,,板塔结合,66 万,5855 元,1,,,VR看装修 | 房本满两年 | 随时看房,https://hui.lianjia.com/ershoufang/105120070647.html
业主诚心出售、无个税、没有欠款、新小区,"合生时代城 , 比亚迪商圈",2室2厅,79平米,南,,18层 ,,板塔结合,50 万,6330 元,0,,,VR看装修 | 房本满两年,https://hui.lianjia.com/ershoufang/105121422267.html
此房在二楼、装修良好、实际使用面积大于38平、,"乐华新村 , 开城大润发",2室1厅,38.1平米,南,,低楼层(共8层) ,,塔楼,13 万,3413 元,5,,,VR看装修,https://hui.lianjia.com/ershoufang/105122057929.html
南向看小区3房 视野开阔生活方便,"金榜山 , 龙丰",3室1厅,99平米,东,精装,中楼层(共27层) ,,板塔结合,95 万,9596 元,0,,,VR看装修 | 房本满五年,https://hui.lianjia.com/ershoufang/105121093684.html
金鼎雅苑全新毛坯房东诚意出售，随时可以看房,"金鼎雅苑 , 江北",3室2厅,87.47平米,南,毛坯,高楼层(共33层) ,,塔楼,85 万,9718 元,0,,,VR看装修 | 房本满五年 | 随时看房,https://hui.lianjia.com/ershoufang/105120165347.html
业主诚心出售，没有欠款，户型方正,"天域花园 , 白云新城",3室2厅,71.94平米,南,精装,17层 ,,板塔结合,42.8 万,5950 元,3,,,VR房源 | 房本满五年,https://hui.lianjia.com/ershoufang/105121178253.html
朝南向采光好，原值高税费少，万达西区一 小交通便利,"仁和卫城 , 万达",3室2厅,126.31平米,南 北,毛坯,16层 ,,板塔结合,63 万,4988 元,1,,,VR看装修 | 房本满五年 | 随时看房,https://hui.lianjia.com/ershoufang/105117169859.html
业主诚心出售，视野开阔欢迎多多转介,"晶地里程花园 , 西区新寮",3室2厅,90.63平米,南 北,精装,33层 ,,塔楼,57 万,6290 元,1,,,VR房源 | 随时看房,https://hui.lianjia.com/ershoufang/105121099133.html
江北义乌公寓47朝南急售28带南坛和惠台,"义乌商城公寓 , 江北",1室1厅,47平米,南,,中楼层(共28层) ,,板楼,28 万,5958 元,0,,8天以前发布,VR房源 | 随时看房,https://hui.lianjia.com/ershoufang/105122484026.html
毛坯三房 惠城CBD江北次新楼盘,"江湾南岸二期 , 江北",3室2厅,121平米,东南,毛坯,低楼层(共39层) ,,板塔结合,140 万,11571 元,2,,,VR看装修 | 房本满两年 | 随时看房,https://hui.lianjia.com/ershoufang/105115895461.html
壹城六期南北通大五房采光好楼龄新花园漂亮,"壹城中心6区 , 陈江",5室2厅,126.09平米,南 北,毛坯,高楼层(共32层) ,,塔楼,93 万,7376 元,0,,,VR看装修 | 房本满两年 | 随时看房,https://hui.lianjia.com/ershoufang/105119708975.html
南线轻轨口 中间楼层 无欠款视野好,"佳兆业壹号花园 , 龙丰",2室2厅,76平米,南,毛坯,中楼层(共32层) ,,板塔结合,48 万,6316 元,0,,,VR看装修 | 随时看房,https://hui.lianjia.com/ershoufang/105120232939.html
红本在手无欠款 没有出租过的 全屋定制瓷砖上墙,"国韵华府 , 吾悦广场",2室2厅,70.54平米,西北,精装,32层 ,,塔楼,50 万,7089 元,0,,,VR看装修 | 房本满两年 | 随时看房,https://hui.lianjia.com/ershoufang/105121742874.html
房子干净，业主装修用心，保养很好,"方直君御 , 东江新城",4室2厅,130.5平米,南,,低楼层(共28层) ,,塔楼,190 万,14560 元,0,,,VR看装修 | 房本满五年,https://hui.lianjia.com/ershoufang/105120443626.html
星河盛世  19年开发的新楼盘。业主诚心卖。,"惠州星河盛世 , 白云新城",3室2厅,117平米,南 北,,33层 ,,板塔结合,85 万,7265 元,0,,,VR看装修 | 随时看房,https://hui.lianjia.com/ershoufang/105115576446.html
汇显城市公园，朝南看花园，安静光线好。,"汇显城市公园 , 汝湖",3室2厅,108平米,南,毛坯,27层 ,,板楼,68 万,6297 元,1,,,VR看装修 | 房本满五年 | 随时看房,https://hui.lianjia.com/ershoufang/105118805797.html
花园中间南向大阳台看花园视野很舒服,"方直君御 , 东江新城",5室2厅,191平米,南 北,毛坯,低楼层(共24层) ,,塔楼,277 万,14503 元,0,,,VR看装修,https://hui.lianjia.com/ershoufang/105120458571.html
格林童话125平4房，毛坯，随时看房,"格林童话世界三期 , 潼侨沥林",3室1厅,124.77平米,东南,毛坯,低楼层(共11层) ,,板楼,52.8 万,4232 元,0,,,VR看装修 | 房本满五年 | 随时看房,https://hui.lianjia.com/ershoufang/105122188686.html
二期 精装修 楼层漂亮 保养的很新,"富川瑞园 , 惠环",4室2厅,92.28平米,南 北,,中楼层(共18层) ,,板塔结合,55 万,5961 元,0,,25天以前发布,VR看装修 | 房本满五年 | 随时看房,https://hui.lianjia.com/ershoufang/105122312947.html
精装修南北通透四房，户型好，小区环境优美,"德威花园城 , 秋长",4室2厅,119.57平米,南 北,精装,低楼层(共29层) ,,板楼,69.6 万,5821 元,1,,,VR看装修 | 房本满五年 | 随时看房,https://hui.lianjia.com/ershoufang/105122120754.html
金田花园 3室2厅 南,"金田花园 , 博罗中心区",3室2厅,117平米,南,简装,6层 ,,板塔结合,25 万,2137 元,1,,,VR看装修 | 房本满五年,https://hui.lianjia.com/ershoufang/105121016576.html
户型方正，标准4房，南北通可看江景，西南朝向看花园,"德威江誉城1期 , 马安",4室2厅,123.7平米,西南,毛坯,中楼层(共32层) ,,塔楼,106 万,8570 元,0,,,VR看装修 | 随时看房,https://hui.lianjia.com/ershoufang/105116768284.html
隆生文岭西堤品质高 毛坯 次新房 配套成熟,"文岭西堤 , 东江新城",4室2厅,126.21平米,南,毛坯,低楼层(共31层) ,,板塔结合,145 万,11489 元,1,,,VR看装修 | 房本满五年 | 随时看房,https://hui.lianjia.com/ershoufang/105114294263.html
星河丹提，大平层两梯三户，看丰田水库中间楼层，五房,"星河丹堤G4区 , 南站新城",5室2厅,163.29平米,南,毛坯,33层 ,,板塔结合,188 万,11514 元,1,,,VR房源 | 随时看房,https://hui.lianjia.com/ershoufang/105122014923.html
老小区已经改造好，3居室直接可入住。,"侨富花园 , 草洋新区",3室2厅,116.81平米,南,简装,8层 ,,板塔结合,17.5 万,1499 元,5,,,VR看装修 | 房本满两年 | 随时看房,https://hui.lianjia.com/ershoufang/105122035637.html
精装四房、朝南看花园、中间楼层采光好,"丽景湾上 , 东江新城",4室2厅,122.2平米,南,精装,32层 ,,板塔结合,119.8 万,9804 元,0,,,VR房源 | 房本满五年,https://hui.lianjia.com/ershoufang/105121389488.html
金田花园 3室2厅 南,"金田花园 , 博罗中心区",3室2厅,117平米,南,简装,6层 ,,板塔结合,25 万,2137 元,1,,,VR看装修 | 房本满五年,https://hui.lianjia.com/ershoufang/105121016576.html
户型方正，标准4房，南北通可看江景，西南朝向看花园,"德威江誉城1期 , 马安",4室2厅,123.7平米,西南,毛坯,中楼层(共32层) ,,塔楼,106 万,8570 元,0,,,VR看装修 | 随时看房,https://hui.lianjia.com/ershoufang/105116768284.html
隆生文岭西堤品质高 毛坯 次新房 配套成熟,"文岭西堤 , 东江新城",4室2厅,126.21平米,南,毛坯,低楼层(共31层) ,,板塔结合,145 万,11489 元,1,,,VR看装修 | 房本满五年 | 随时看房,https://hui.lianjia.com/ershoufang/105114294263.html
南向看小区3房 视野开阔生活方便,"金榜山 , 龙丰",3室1厅,99平米,东,精装,中楼层(共27层) ,,板塔结合,95 万,9596 元,0,,,VR看装修 | 房本满五年,https://hui.lianjia.com/ershoufang/105121093684.html
二期 精装修 楼层漂亮 保养的很新,"富川瑞园 , 惠环",4室2厅,92.28平米,南 北,,中楼层(共18层) ,,板塔结合,55 万,5961 元,0,,25天以前发布,VR看装修 | 房本满五年 | 随时看房,https://hui.lianjia.com/ershoufang/105122312947.html
精装修南北通透四房，户型好，小区环境优美,"德威花园城 , 秋长",4室2厅,119.57平米,南 北,精装,低楼层(共29层) ,,板楼,69.6 万,5821 元,1,,,VR看装修 | 房本满五年 | 随时看房,https://hui.lianjia.com/ershoufang/105122120754.html
格林童话125平4房，毛坯，随时看房,"格林童话世界三期 , 潼侨沥林",3室1厅,124.77平米,东南,毛坯,低楼层(共11层) ,,板楼,52.8 万,4232 元,0,,,VR看装修 | 房本满五年 | 随时看房,https://hui.lianjia.com/ershoufang/105122188686.html
精装四房、朝南看花园、中间楼层采光好,"丽景湾上 , 东江新城",4室2厅,122.2平米,南,精装,32层 ,,板塔结合,119.8 万,9804 元,0,,,VR房源 | 房本满五年,https://hui.lianjia.com/ershoufang/105121389488.html
一线江景.中间楼层.视野无遮挡.,"合生·上观国际 , 水口",3室2厅,92平米,南,毛坯,中楼层(共32层) ,,塔楼,77 万,8370 元,0,,,VR看装修 | 房本满五年 | 随时看房,https://hui.lianjia.com/ershoufang/105117751040.html
水岸城三房改四房精装修空房随时可看,"中信水岸城二三期 , 东江新城",5室2厅,165.68平米,南,毛坯,32层 ,,板楼,149.8 万,9042 元,0,,,VR看装修 | 随时看房,https://hui.lianjia.com/ershoufang/105121582145.html
家华名都花园 4室2厅 南,"家华名都花园 , 陈江",4室2厅,155平米,南,精装,24层 ,,塔楼,95 万,6130 元,0,,,VR房源 | 房本满两年,https://hui.lianjia.com/ershoufang/105122055960.html
中信水岸城一期 3室1厅 南,"中信水岸城一期 , 东江新城",3室1厅,84平米,南,精装,18层 ,,板塔结合,130 万,15477 元,0,,,VR房源,https://hui.lianjia.com/ershoufang/105121793997.html
荷兰小城四房两厅两卫，业主诚意出售,"光耀荷兰小城 , 陈江",4室2厅,101平米,南,毛坯,33层 ,,板塔结合,55 万,5446 元,1,,,VR看装修 | 随时看房,https://hui.lianjia.com/ershoufang/105121381494.html
惠城区江北 精装大三房出售 采光好 户型方正,"邮电新村 , 江北",3室2厅,100平米,南,简装,高楼层(共8层) ,,板楼,65 万,6500 元,0,,,VR看装修,https://hui.lianjia.com/ershoufang/105121868065.html
惠州江北好地段，住宅性质70年产权！好出租！,"瑞嘉大厦 , 江北",1室1厅,42平米,西南,精装,26层 ,,板楼,29.6 万,7048 元,0,,,VR看装修 | 随时看房,https://hui.lianjia.com/ershoufang/105121108668.html
楼层位置很好，户型方正，业主急售,"经达御金湾 , 江北",4室2厅,118.94平米,南 北,毛坯,31层 ,,板塔结合,80 万,6727 元,0,,,VR看装修 | 房本满两年 | 随时看房,https://hui.lianjia.com/ershoufang/105121298713.html
禧临门，大社区，朝南3+1，拎包入住,"禧临门 , 博罗中心区",3室2厅,120平米,南,毛坯,低楼层(共30层) ,,板塔结合,70.8 万,5900 元,0,,,VR看装修 | 随时看房,https://hui.lianjia.com/ershoufang/105118485523.html
德威江誉城二期大社区精致一房一厅,"德威江誉城Ⅱ期 , 马安",1室1厅,42.7平米,北,精装,19层 ,,板塔结合,29 万,6792 元,2,,,VR房源 | 随时看房,https://hui.lianjia.com/ershoufang/105120770408.html
国鹏4房中间好楼层、户型方正、视野开阔、位置好,"国鹏润德学府 , 惠环",4室2厅,101.27平米,南 北,毛坯,中楼层(共29层) ,,板塔结合,65.5 万,6468 元,0,,,VR看装修 | 随时看房,https://hui.lianjia.com/ershoufang/105119588419.html
次新小区，朝南小三房，业主诚心出售,"摩卡公馆 , 比亚迪商圈",3室2厅,88.57平米,东,,17层 ,,板塔结合,48 万,5420 元,0,,,VR看装修 | 房本满五年 | 随时看房,https://hui.lianjia.com/ershoufang/105120466566.html
第九旁大4房 业主诚意急售 看上价格好谈 户型靓,"福晟钱隆樽品花园 , 陈江",4室2厅,116.89平米,南 北,毛坯,31层 ,,板塔结合,76 万,6502 元,0,,22天以前发布,VR房源 | 房本满两年 | 随时看房,https://hui.lianjia.com/ershoufang/105122334720.html
一线临深品质小区 精装三房 南向看花园,"丰谷天玺 , 龙光城",3室2厅,85.4平米,东南,精装,29层 ,,塔楼,69 万,8080 元,0,,18天以前发布,VR看装修 | 房本满两年,https://hui.lianjia.com/ershoufang/105122370489.html
西湖边上 后所街新苑 电梯三居室 精装修保养好~心动价,"后所街新苑 , 下埔",3室2厅,89.15平米,南,精装,10层 ,,板楼,56 万,6282 元,2,,,VR看装修 | 房本满五年,https://hui.lianjia.com/ershoufang/105120950284.html
楼栋好 ，好楼层，业主诚心出售，户型方正,"荣佳国韵二期 , 龙光城",3室2厅,125平米,南,简装,30层 ,,板楼,83 万,6640 元,0,,,VR看装修 | 随时看房,https://hui.lianjia.com/ershoufang/105121744845.html
业主诚心出售，看房方便，交易简单。。。,"听涛雅苑 , 大亚湾中心区",2室2厅,39.05平米,北,毛坯,7层 ,,板塔结合,16 万,4098 元,2,,,VR房源 | 房本满五年 | 随时看房,https://hui.lianjia.com/ershoufang/105121971550.html
吾悦广场旁边凯悦春天小区中间楼层三房两卫、诚心出售,"锦阳凯悦春天 , 吾悦广场",3室2厅,92.29平米,南,毛坯,29层 ,,板塔结合,48 万,5201 元,0,,,VR看装修 | 房本满五年 | 随时看房,https://hui.lianjia.com/ershoufang/105121560924.html
近灿邦  大社区  精装修  户型方正  正南朝向,"碧桂园太东公园上城 , 吾悦广场",3室2厅,110.78平米,南,精装,33层 ,,板塔结合,80 万,7222 元,1,,,VR看装修 | 房本满两年 | 随时看房,https://hui.lianjia.com/ershoufang/105112937202.html
主急售，户型方正，看房方便价位低,"美悦湾 , 大亚湾中心区",2室2厅,67.92平米,南,毛坯,中楼层(共32层) ,,板楼,26 万,3829 元,3,,30天以前发布,VR看装修 | 房本满两年 | 随时看房,https://hui.lianjia.com/ershoufang/105122263591.html
临深万达商圈 小区新 环境好 户型方正 三房双卫 朝南,"珑廷广场 , 万达",3室2厅,102.72平米,南,精装,32层 ,,塔楼,88 万,8567 元,0,,,VR看装修 | 房本满两年 | 随时看房,https://hui.lianjia.com/ershoufang/105122112098.html
门口双地铁公交线路+双商场+税费低+近万达寻找有缘人,"中铭君豪公寓 , 万达",2室2厅,67.15平米,南,简装,16层 ,,板塔结合,20 万,2979 元,3,,,VR看装修 | 房本满五年 | 随时看房,https://hui.lianjia.com/ershoufang/105120955229.html
双城国际南区 朝南 实用2房 装修很新 封窗 安静不吵,"双城国际南区 , 江北",2室1厅,54.35平米,南,精装,中楼层(共18层) ,,板塔结合,60 万,11040 元,0,,,VR看装修 | 房本满两年 | 随时看房,https://hui.lianjia.com/ershoufang/105121862016.html
朝南，电梯房，可以直接领包入住，看房有钥匙,"九三五隊地貭大院 , 下角",3室2厅,95.28平米,南,精装,中楼层(共8层) ,,,53.8 万,5647 元,1,,,VR看装修 | 房本满五年 | 随时看房,https://hui.lianjia.com/ershoufang/105121768310.html
雅博世纪广场，天虹大润发就在楼下，交通出行方便,"雅博世纪广场 , 开城大润发",2室2厅,82.37平米,南,毛坯,29层 ,,板塔结合,46 万,5585 元,0,,,VR房源 | 房本满五年 | 随时看房,https://hui.lianjia.com/ershoufang/105121967278.html
四星旅游区温馨3房2厅2卫朝南,"五矿哈施塔特 , 博罗中心区",3室2厅,93.4平米,南,毛坯,33层 ,,塔楼,36 万,3855 元,1,,,VR看装修 | 房本满两年 | 随时看房,https://hui.lianjia.com/ershoufang/105116418309.html
轻轨口碧桂园盛汇广场精装公寓1房精致漂亮,"碧桂园盛汇 , 龙丰",1室0厅,38.74平米,南,精装,高楼层(共32层) ,,塔楼,18.8 万,4853 元,2,,,VR看装修 | 房本满两年 | 随时看房,https://hui.lianjia.com/ershoufang/105121427426.html
格局好 视野宽阔 采光充足 配套设施齐 业主急售,"中信新城C区 , 南站新城",4室2厅,127.9平米,东南 南,精装,34层 ,,板塔结合,86 万,6725 元,0,,,VR看装修 | 房本满五年,https://hui.lianjia.com/ershoufang/105120582652.html
精装 采光通风好 有红本 诚心出售 即买即住或出租,"德洲城一-二期 , 西区新寮",2室1厅,76.75平米,南,简装,17层 ,,板塔结合,48 万,6255 元,1,,12天以前发布,VR房源 | 房本满五年 | 随时看房,https://hui.lianjia.com/ershoufang/105122441508.html
临深一路之隔，一刻钟到沙田站，公交车直达到聚龙山,"富康锦绣壹号 , 西区新寮",4室1厅,112平米,南,精装,33层 ,,塔楼,112 万,10000 元,3,,,VR房源 | 房本满五年 | 随时看房,https://hui.lianjia.com/ershoufang/105120226933.html
河麦成熟片区 电梯2房 世纪伯爵,"世纪铂爵 , 麦地",2室1厅,85.35平米,南,简装,低楼层(共30层) ,,塔楼,58 万,6796 元,0,,,VR看装修 | 房本满五年 | 随时看房,https://hui.lianjia.com/ershoufang/105119100122.html
临深一线好房，锦地繁花三房好户型好楼层好价格,"锦地繁花 , 西区新寮",3室2厅,88.05平米,南,毛坯,17层 ,,板塔结合,56.5 万,6417 元,0,,,VR看装修 | 房本满五年 | 随时看房,https://hui.lianjia.com/ershoufang/105119936583.html
牧马湖一线湖景大四房，业主诚心出售,"泰丰牧马湖 , 万达",4室2厅,149.05平米,南,毛坯,33层 ,,板塔结合,145 万,9729 元,3,,27天以前发布,VR房源 | 随时看房,https://hui.lianjia.com/ershoufang/105122291890.html
社区环境配套齐全20万不到住新家,"小径海岸城花园 , 霞涌",1室1厅,46.72平米,南,简装,32层 ,,板塔结合,19 万,4067 元,0,,6天以前发布,VR房源 | 房本满五年 | 随时看房,https://hui.lianjia.com/ershoufang/105122506636.html
奥体板块中洲云悦府，4室2厅南北通透,"云悦府 , 河南岸",4室2厅,128.78平米,南 北,,中楼层(共33层) ,,板塔结合,138 万,10716 元,0,,,VR看装修 | 随时看房,https://hui.lianjia.com/ershoufang/105119128378.html
碧桂园珑尚花月。室两厅两卫，视野开阔,"碧桂园珑尚花园 , 水口",3室2厅,103平米,南,,高楼层(共34层) ,,板塔结合,66 万,6408 元,0,,,VR看装修,https://hui.lianjia.com/ershoufang/105119088579.html
临深南北通三房  业主诚意卖  价格有空间,"安罝小区 , 西区新寮",3室2厅,126.79平米,南,毛坯,32层 ,,板塔结合,58 万,4575 元,0,,,VR看装修 | 随时看房,https://hui.lianjia.com/ershoufang/105121456672.html
水岸城全新毛坯三房出售....,"中信水岸城六期 , 东江新城",3室2厅,88平米,东南,毛坯,中楼层(共32层) ,,板楼,88 万,10000 元,0,,,VR看装修 | 随时看房,https://hui.lianjia.com/ershoufang/105115921547.html
新天虹商圈  精装两房  装修保养好  看房提前预约,"惠泽南苑 , 河南岸",2室1厅,51.07平米,南 北,精装,中楼层(共6层) ,,板楼,38 万,7441 元,0,,,VR看装修 | 房本满五年 | 随时看房,https://hui.lianjia.com/ershoufang/105120763709.html
大花园社区，配.套成熟，楼层好，户型方正,"鸿威金都雅苑 , 小金口",2室2厅,81.46平米,西,毛坯,中楼层(共30层) ,,板塔结合,32 万,3929 元,0,,18天以前发布,VR房源 | 随时看房,https://hui.lianjia.com/ershoufang/105122370428.html
电梯房，户型格局方正，采光良好。,"鸿威金都雅苑 , 小金口",2室1厅,80.22平米,南,精装,低楼层(共30层) ,,板塔结合,36 万,4488 元,1,,,VR看装修 | 房本满五年 | 随时看房,https://hui.lianjia.com/ershoufang/105121429529.html
此房户型方正 景观很好采光通都可以，出租壹选,"东岸公馆 , 白云新城",2室1厅,64平米,南,毛坯,26层 ,,板塔结合,28 万,4375 元,4,,,VR看装修 | 房本满五年,https://hui.lianjia.com/ershoufang/105105751905.html
业主急售 户型方正采光好 面积使用率高,"蓝湾星宸一期 , 大亚湾中心区",3室2厅,102.44平米,南,毛坯,33层 ,,板塔结合,31 万,3027 元,2,,,VR看装修 | 房本满五年 | 随时看房,https://hui.lianjia.com/ershoufang/105120677189.html
此房满五唯一 中间 户型 精装修保养好户型方正,"合生·上观国际 , 水口",4室2厅,159.89平米,南,精装,中楼层(共29层) ,,塔楼,140 万,8757 元,0,,,VR看装修 | 房本满五年,https://hui.lianjia.com/ershoufang/105122103227.html
中骏雍景府小区环境优美，楼下很方便，,"中骏雍景府 , 江北",2室1厅,41平米,南,,中楼层(共22层) ,,板塔结合,16.5 万,4025 元,1,,,VR房源 | 随时看房,https://hui.lianjia.com/ershoufang/105119955338.html
海伦湾朝南看江景三房，高层全新毛坯，南北通双阳台,"海伦堡海伦湾 , 东平",4室2厅,102.43平米,南,毛坯,中楼层(共33层) ,,板塔结合,90 万,8787 元,0,,,VR看装修 | 房本满五年 | 随时看房,https://hui.lianjia.com/ershoufang/105113844502.html
牧马湖一楼朝南带花园小高层住宅，居住舒适,"泰丰牧马湖 , 万达",3室2厅,80.59平米,南,精装,11层 ,,板塔结合,100 万,12409 元,21,,,VR房源 | 房本满两年 | 随时看房,https://hui.lianjia.com/ershoufang/105112679756.html
临深楼盘带装修，标准2+1房  业主诚心出售,"秋谷康城 , 龙光城",2室2厅,82.67平米,西南,精装,30层 ,,板塔结合,46 万,5565 元,6,,,VR看装修 | 房本满五年 | 随时看房,https://hui.lianjia.com/ershoufang/105113590690.html
全新装修带家私电，业主诚心卖，适合居家,"DADA的草地 , 大亚湾中心区",3室1厅,106.51平米,南 北,精装,32层 ,,板塔结合,40 万,3756 元,5,,,VR看装修 | 房本满五年 | 随时看房,https://hui.lianjia.com/ershoufang/105119488219.html
碧桂园 三房两厅两卫 南北通双阳台 采光好,"碧桂园翠湖湾 , 新圩",3室2厅,113.8平米,南,,低楼层(共17层) ,,板塔结合,59 万,5185 元,0,,,VR看装修 | 房本满五年 | 随时看房,https://hui.lianjia.com/ershoufang/105120888301.html
河南岸天虹旁，宜居小区，配套齐全，交通便利,"威廉城邦 , 河南岸",3室1厅,77.14平米,东南,精装,高楼层(共23层) ,,塔楼,53.8 万,6975 元,1,,,VR看装修 | 房本满五年 | 随时看房,https://hui.lianjia.com/ershoufang/105121638057.html
雍和园 精装修3房3卫 采光视野佳,"蓝光雍和园 , 龙丰",3室1厅,141.75平米,西南,精装,中楼层(共19层) ,,板楼,158 万,11147 元,0,,13天以前发布,VR房源 | 房本满两年 | 随时看房,https://hui.lianjia.com/ershoufang/105122425318.html
落地窗 高楼层 采光视野好 佳兆业一期 业主诚心出售,"佳兆业中心一期 , 江北",1室1厅,42.62平米,东,精装,29层 ,,板塔结合,28.5 万,6688 元,0,,30天以前发布,VR看装修 | 房本满五年 | 随时看房,https://hui.lianjia.com/ershoufang/105122268072.html
博罗新城区 电梯两房 阳台朝南 中间楼层 下楼就是操场,"佳兆业东江新城十期 , 博罗中心区",2室2厅,74平米,南,,34层 ,,板塔结合,27 万,3649 元,0,,,VR看装修 | 随时看房,https://hui.lianjia.com/ershoufang/105122101098.html
地段好，建材城小高层，无欠款，近万达-益田-吾悦广场,"华南国际 , 吾悦广场",4室2厅,110.05平米,南,精装,中楼层(共5层) ,,板楼,46 万,4180 元,0,,,VR看装修 | 房本满五年,https://hui.lianjia.com/ershoufang/105121873184.html
中间楼层采光好，小区内好，配套成熟，,"长汀花园 , 吾悦广场",2室1厅,60.38平米,南,毛坯,17层 ,,板塔结合,26 万,4307 元,2,,,VR看装修 | 房本满五年 | 随时看房,https://hui.lianjia.com/ershoufang/105111781793.html
下角丽水湾精装3房 业主诚意出售 看房方便,"鹏达丽水湾 , 下角",3室2厅,103.44平米,西 北,简装,低楼层(共27层) ,,板塔结合,83 万,8024 元,0,,,VR看装修 | 房本满五年,https://hui.lianjia.com/ershoufang/105121010753.html
诚心出售，南北向双阳台的户型，采光充足,"秋谷跃府 , 西区新寮",4室2厅,99.65平米,南,精装,27层 ,,板塔结合,64 万,6423 元,1,,,VR房源 | 房本满五年 | 随时看房,https://hui.lianjia.com/ershoufang/105118719721.html
惠州南站，优质地段，北向两房，业主诚心出售。,"长汀花园 , 吾悦广场",2室2厅,60.73平米,西北,毛坯,18层 ,,板塔结合,26 万,4282 元,1,,,VR看装修 | 随时看房,https://hui.lianjia.com/ershoufang/105113963869.html
南北通四房 采光通风好。天虹旁，高楼层,"中央国墅园 , 区政府",4室2厅,108.76平米,南 北,毛坯,29层 ,,板塔结合,48.5 万,4460 元,0,,7天以前发布,VR房源 | 随时看房,https://hui.lianjia.com/ershoufang/105122489041.html
户型方正采光好，业主城心出售交通方便，,"东信新天华府 , 江北",3室2厅,116.77平米,南,,24层 ,,板塔结合,70 万,5995 元,0,,,VR看装修 | 随时看房,https://hui.lianjia.com/ershoufang/105117528502.html
精装修 家私家电全齐 拎包入住 东江湾,"东江湾 , 江北",1室1厅,48平米,西,精装,中楼层(共30层) ,,板塔结合,35 万,7292 元,0,,,VR看装修 | 房本满两年,https://hui.lianjia.com/ershoufang/105120867292.html
碧桂园珑尚花园 户型方正 实用性强，视野开阔,"碧桂园珑尚花园 , 水口",4室2厅,108.49平米,南,毛坯,高楼层(共34层) ,,板塔结合,68 万,6268 元,0,,,VR看装修 | 房本满两年 | 随时看房,https://hui.lianjia.com/ershoufang/105117941657.html
梵高的花园4房2阳台，毛坯137平，户型方正，随时可看,"梵高的花园 , 江北",4室2厅,137平米,南,毛坯,33层 ,,板塔结合,123 万,8979 元,0,,,VR看装修 | 房本满两年 | 随时看房,https://hui.lianjia.com/ershoufang/105114007576.html
新力三期开阔4房中高楼层看花园,"新力城三期 , 水口",4室2厅,136平米,南,毛坯,高楼层(共32层) ,,板塔结合,103 万,7574 元,0,,,VR看装修 | 随时看房,https://hui.lianjia.com/ershoufang/105120592177.html
满五唯一，小户型，装修好没住过，靠红树林,"栖境园 , 大亚湾中心区",1室0厅,34.24平米,北,简装,12层 ,,板塔结合,18.8 万,5491 元,0,,12天以前发布,VR房源 | 房本满五年 | 随时看房,https://hui.lianjia.com/ershoufang/105122436852.html
陈江繁华成熟地段，高品质小区，百万方成熟社区,"华廷悦府 , 陈江",4室2厅,128.22平米,南,毛坯,高楼层(共32层) ,,塔楼,112 万,8735 元,0,,,VR房源 | 随时看房,https://hui.lianjia.com/ershoufang/105119453417.html
户型方正，东向，价格可以沟通。,"惠阳雅居乐花园一期 , 南站新城",2室2厅,75.91平米,东南,,24层 ,,板塔结合,29.9 万,3939 元,0,,,VR看装修 | 随时看房,https://hui.lianjia.com/ershoufang/105121476048.html
复式洋房、中间楼层、80万精装、人车分流、仅契税,"星河丹堤N区 , 南站新城",5室2厅,177.61平米,南 北,精装,低楼层(共17层) ,,塔楼,285 万,16047 元,3,,,VR房源 | 房本满两年 | 随时看房,https://hui.lianjia.com/ershoufang/105119174504.html
此房满五，，采光楼层好，业主诚心出售,"DADA的草地 , 大亚湾中心区",2室1厅,58.59平米,南,毛坯,32层 ,,板塔结合,13.8 万,2356 元,5,,,VR看装修 | 房本满五年 | 随时看房,https://hui.lianjia.com/ershoufang/105114819331.html
江北中 心 精装4房 163平保养很好 繁华地段配套齐全,"佳兆业中心二期 , 江北",4室2厅,163.59平米,南,精装,41层 ,,板塔结合,139 万,8497 元,1,,,VR房源 | 房本满两年 | 随时看房,https://hui.lianjia.com/ershoufang/105121776847.html
搬砖半年5千收入安家仲恺康城四季花园三房无欠款,"TCL康城四季 , 惠环",3室1厅,89.5平米,南,毛坯,32层 ,,塔楼,50 万,5587 元,0,,16天以前发布,VR房源 | 随时看房,https://hui.lianjia.com/ershoufang/105122389627.html
区政府旁 标准三房  房子保养很好 户型方正,"中港华庭 , 区政府",3室2厅,103.33平米,南 北,精装,26层 ,,塔楼,66 万,6388 元,0,,,VR看装修 | 房本满五年,https://hui.lianjia.com/ershoufang/105119632378.html
听涛复式二房精装修诚心出售随时可以看房,"听涛雅苑 , 大亚湾中心区",2室1厅,33.14平米,北,精装,7层 ,,板塔结合,20.8 万,6277 元,0,,,VR房源 | 房本满两年 | 随时看房,https://hui.lianjia.com/ershoufang/105122090920.html
（平台推荐）临深精装修三房，好出租，税费少,"慧湾中心 , 西区新寮",3室2厅,95.86平米,南,精装,33层 ,,板塔结合,79.8 万,8325 元,0,,27天以前发布,VR看装修,https://hui.lianjia.com/ershoufang/105122300583.html
业主自住 精装 看花园 保养好,"星河丹堤G区 , 南站新城",3室2厅,98.07平米,南,精装,34层 ,,塔楼,105 万,10707 元,0,,,VR看装修 | 房本满五年 | 随时看房,https://hui.lianjia.com/ershoufang/105120388520.html
天益城轻轨站500米朝南四房诚意出售,"milk花园 , 陈江",4室2厅,91.32平米,南,毛坯,32层 ,,塔楼,43 万,4709 元,0,,,VR看装修 | 房本满两年 | 随时看房,https://hui.lianjia.com/ershoufang/105113568873.html
朝南大两房，视野开阔，价格好谈,"诗林廊桥苑 , 澳头",2室2厅,83.36平米,南,,24层 ,,板塔结合,28 万,3359 元,0,,,VR看装修 | 房本满五年 | 随时看房,https://hui.lianjia.com/ershoufang/105121859940.html
恒大悦龙台精装三房，业主急售！！！,"恒大悦龙台 , 万达",3室2厅,85平米,北,精装,32层 ,,板塔结合,59 万,6942 元,0,,15天以前发布,VR房源 | 房本满两年 | 随时看房,https://hui.lianjia.com/ershoufang/105122404613.html
恒宇新苑 大三房 南北通3房 户型正采光好,"恒宇新苑 , 河南岸",3室2厅,120.16平米,南,精装,中楼层(共7层) ,,板楼,79 万,6575 元,0,,18天以前发布,VR看装修 | 房本满五年,https://hui.lianjia.com/ershoufang/105122370979.html
壹城精装修大户型，保养很新，业主诚售。,"壹城中心2区 , 陈江",4室1厅,138.7平米,南 北,,中楼层(共32层) ,,塔楼,115 万,8292 元,0,,,VR看装修 | 随时看房,https://hui.lianjia.com/ershoufang/105121991775.html
东湖花园六号小区 南向三房两厅 有钥匙看房,"东湖花园六号小区 , 东平",3室2厅,102.78平米,南,简装,低楼层(共9层) ,,板楼,79 万,7687 元,0,,,VR房源 | 房本满五年 | 随时看房,https://hui.lianjia.com/ershoufang/105119500509.html
南站规划高铁新城区中位，交通便利，社区生活配套齐全,"中信新城 , 南站新城",4室2厅,104.65平米,东南,精装,34层 ,,板塔结合,78 万,7454 元,0,,,VR看装修 | 房本满五年,https://hui.lianjia.com/ershoufang/105121304473.html
雅颂居一房一厅41平米业主诚心比较急出售,"雅颂居 , 大亚湾中心区",1室1厅,41平米,北,毛坯,25层 ,,塔楼,16 万,3903 元,3,,,VR看装修 | 随时看房,https://hui.lianjia.com/ershoufang/105113480977.html
碧桂园山河城 6室2厅 南 北,"碧桂园山河城 , 三和经济开发区",6室2厅,191.12平米,南 北,精装,18层 ,,板塔结合,85 万,4448 元,3,,11天以前发布,VR房源 | 房本满两年,https://hui.lianjia.com/ershoufang/105122443597.html
次新小区，格局靓，采光好，视野开阔无遮挡,"金辉风雅轩 , 秋长",2室2厅,66平米,南,毛坯,32层 ,,板塔结合,28 万,4243 元,0,,,VR看装修 | 房本满两年 | 随时看房,https://hui.lianjia.com/ershoufang/105117730234.html
临深100米 龙光城北八 视野好 看花园游泳池,"龙光城北八期 , 龙光城",4室2厅,105.21平米,东,精装,31层 ,,板塔结合,99 万,9410 元,0,,14天以前发布,VR房源 | 房本满五年 | 随时看房,https://hui.lianjia.com/ershoufang/105122414767.html
外地发展 精装急售 儿童公园楼上 户型方正,"恒大悦龙台 , 万达",3室2厅,85平米,北,精装,32层 ,,板塔结合,61 万,7177 元,0,,,VR看装修 | 随时看房,https://hui.lianjia.com/ershoufang/105121248762.html
方直星耀国际好楼层大三房两卫，安静看花园视野开阔,"方直星耀国际 , 河南岸",3室2厅,126.5平米,南,毛坯,低楼层(共31层) ,,板塔结合,156 万,12333 元,0,,,VR看装修 | 房本满五年 | 随时看房,https://hui.lianjia.com/ershoufang/105117368539.html
朝南 高楼层 户型方正 使用率高,"海伦堡爱Me城市 , 澳头",3室1厅,116平米,南,毛坯,高楼层(共31层) ,,板塔结合,49 万,4225 元,0,,,VR房源 | 房本满五年 | 随时看房,https://hui.lianjia.com/ershoufang/105114797317.html
百万别墅大盘  大社区  近高铁站,"惠阳雅居乐花园一期 , 南站新城",2室2厅,88.49平米,西,精装,24层 ,,板塔结合,43 万,4860 元,1,,,VR看装修 | 房本满五年 | 随时看房,https://hui.lianjia.com/ershoufang/105122185558.html
香悦澜山方正四房 大社区 户型好 园林漂亮，,"新城香悦澜山 , 博罗中心区",4室2厅,122.28平米,南,毛坯,中楼层(共33层) ,,塔楼,49.6 万,4057 元,0,,14天以前发布,VR房源 | 房本满五年 | 随时看房,https://hui.lianjia.com/ershoufang/105122419058.html
金叶华府朝南3房看花园，中间楼层，可看房,"金叶华府 , 博罗石湾",3室2厅,109平米,南,,30层 ,,板塔结合,55 万,5046 元,1,,,VR看装修 | 房本满两年 | 随时看房,https://hui.lianjia.com/ershoufang/105120609317.html
高铁站2.5公里，万达天虹大润发三大购物商圈。,"恒鑫御园 , 万达",2室1厅,62.17平米,东南,精装,26层 ,,板塔结合,39 万,6274 元,4,,,VR房源 | 随时看房,https://hui.lianjia.com/ershoufang/105121295038.html
仲恺次新小区，成熟商圈，中间楼层4房，视野无遮挡,"腾韵花园 , 陈江",4室2厅,116.49平米,南,毛坯,32层 ,,板塔结合,78 万,6696 元,0,,,VR看装修 | 房本满两年 | 随时看房,https://hui.lianjia.com/ershoufang/105117469175.html
国鹏实用3房，好楼层， 采光通风好，配套齐全,"国鹏润德学府 , 惠环",3室2厅,85平米,南,毛坯,中楼层(共29层) ,,板塔结合,45.8 万,5389 元,0,,,VR看装修 | 随时看房,https://hui.lianjia.com/ershoufang/105118145453.html
两梯三户大平层，坐拥一线半岛公园河景，南北通朝南,"半岛1号十一期 , 白云新城",4室2厅,112.85平米,东南,精装,24层 ,,塔楼,98 万,8685 元,1,,,VR看装修 | 房本满五年 | 随时看房,https://hui.lianjia.com/ershoufang/105118628845.html
临深大社区，南北通带装修三房，无抵押，价格可以谈,"万城名座花园 , 白云新城",3室2厅,100.2平米,南 北,精装,29层 ,,板塔结合,98 万,9781 元,0,,,VR房源 | 房本满两年 | 随时看房,https://hui.lianjia.com/ershoufang/105120864711.html
户型方正。采光好，视野无遮挡。,"千禧嘉园 , 万达",2室2厅,74.82平米,北,,23层 ,,板塔结合,33.8 万,4518 元,0,,,VR看装修 | 房本满两年 | 随时看房,https://hui.lianjia.com/ershoufang/105113379440.html
户型房子 通风采光很好 业主诚心出售,"盛湾名居 , 澳头",3室2厅,89平米,南,简装,33层 ,,塔楼,44 万,4944 元,1,,,VR看装修 | 房本满五年 | 随时看房,https://hui.lianjia.com/ershoufang/105121809724.html
房子户型方正采光好，中高楼层。,"华彩公馆 , 大亚湾中心区",4室2厅,107.36平米,南,毛坯,24层 ,,板塔结合,35 万,3261 元,0,,,VR看装修 | 房本满五年 | 随时看房,https://hui.lianjia.com/ershoufang/105120507591.html
"佳兆业壹号花园全新装修没有住过,高层看花园","佳兆业壹号花园 , 龙丰",3室2厅,103.6平米,南 北,精装,高楼层(共34层) ,,板塔结合,82 万,7916 元,1,,,VR房源 | 随时看房,https://hui.lianjia.com/ershoufang/105113881299.html
高尔夫1号看高尔夫球场5房，景色绝美，中高楼层,"建曙高尔夫1号 , 区政府",5室2厅,125.72平米,南,精装,30层 ,,塔楼,119 万,9466 元,0,,,VR看装修 | 房本满五年 | 随时看房,https://hui.lianjia.com/ershoufang/105118745940.html
业主急售：朝南看花园 明厨明卫 采光通风视野开阔,"实地常春藤 , 三和经济开发区",3室2厅,108平米,南 北,毛坯,33层 ,,板塔结合,40 万,3704 元,0,,,VR看装修,https://hui.lianjia.com/ershoufang/105117220883.html
江北新装修 3+1房 装修很漂亮 中间楼层,"雨花香府 , 江北",4室2厅,116.16平米,东南 南,精装,中楼层(共17层) ,,,108 万,9298 元,0,,,VR看装修 | 房本满两年,https://hui.lianjia.com/ershoufang/105122171033.html
鸿润叠韵，带装修四房，诚意出售,"鸿润·叠韵 , 河南岸",4室2厅,141.57平米,南,精装,中楼层(共32层) ,,塔楼,99.8 万,7050 元,0,,,VR看装修 | 随时看房,https://hui.lianjia.com/ershoufang/105111008246.html
房子是满二没有增值税了，中间楼层采光和通风效果好,"长通熙园 , 开城大润发",2室1厅,70.12平米,南,,32层 ,,板楼,46 万,6561 元,1,,,VR房源 | 房本满五年 | 随时看房,https://hui.lianjia.com/ershoufang/105119417374.html
带大露台 轻轨口 2023年小区南北向4房 很漂亮,"翔顺花园 , 龙丰",4室2厅,115.4平米,东南,精装,低楼层(共27层) ,,板塔结合,148 万,12825 元,0,,,VR房源 | 房本满两年 | 随时看房,https://hui.lianjia.com/ershoufang/105122093370.html
临深大社区 通透 楼层好 视野宽阔  配套齐全,"龙光城北二期 , 龙光城",4室1厅,127.98平米,南 北,毛坯,29层 ,,板塔结合,115 万,8986 元,2,,,VR房源 | 房本满五年 | 随时看房,https://hui.lianjia.com/ershoufang/105122041607.html
临深百万大盘，牧云溪谷，环境优美楼层好,"牧云溪谷六期云禧 , 新圩",2室2厅,72平米,西南 西,毛坯,32层 ,,板塔结合,69 万,9584 元,0,,,VR看装修 | 随时看房,https://hui.lianjia.com/ershoufang/105121827307.html
龙光城南四期五房，业主诚心出售,"龙光城南四期 , 龙光城",5室2厅,114.65平米,东 北,简装,34层 ,,塔楼,106 万,9246 元,1,,,VR看装修,https://hui.lianjia.com/ershoufang/105120884341.html
惠州市大亚湾西区大悦花园4房2厅两卫业主诚心出售,"大悦花园 , 比亚迪商圈",4室2厅,88.26平米,南,毛坯,27层 ,,板塔结合,36 万,4079 元,1,,,VR看装修 | 房本满五年 | 随时看房,https://hui.lianjia.com/ershoufang/105122091628.html
隆生仲恺花园3区4房2厅2卫，天益城商圈，配套齐全,"隆生仲恺花园3区 , 陈江",4室2厅,127平米,南,毛坯,高楼层(共32层) ,,板楼,83 万,6536 元,0,,,VR看装修 | 随时看房,https://hui.lianjia.com/ershoufang/105117831903.html
彩虹城北区  带装修 一室  天虹大润发,"中天彩虹城北区 , 开城大润发",1室1厅,30平米,东南,,30层 ,,塔楼,12.8 万,4267 元,0,,,VR看装修 | 房本满五年 | 随时看房,https://hui.lianjia.com/ershoufang/105120907318.html
花园中间高楼层前后无遮挡视野开阔采光好,"东江学府三期 , 河南岸",3室2厅,133平米,南 北,精装,高楼层(共18层) ,,板塔结合,126 万,9474 元,0,,,VR看装修 | 随时看房,https://hui.lianjia.com/ershoufang/105121970828.html
：此房朝南，边户，采光好，小区中间位置视野开阔,"金沙世纪城 , 大亚湾中心区",3室2厅,87.08平米,南,精装,32层 ,,板塔结合,47 万,5398 元,3,,,VR看装修 | 房本满五年 | 随时看房,https://hui.lianjia.com/ershoufang/105120092263.html
居住安静舒适。户型方正。楼下有幼儿园,"恒大棕榈岛 , 白云新城",4室2厅,114.32平米,南,毛坯,32层 ,,板楼,65 万,5686 元,0,,,VR看装修 | 房本满五年 | 随时看房,https://hui.lianjia.com/ershoufang/105121437543.html
水口新力城三期109平大三房好楼层品质次新小区,"新力城三期 , 水口",3室2厅,109.45平米,南,毛坯,低楼层(共32层) ,,板楼,80 万,7310 元,0,,,VR看装修 | 随时看房,https://hui.lianjia.com/ershoufang/105121728567.html
合生上观国际  大三房  户型方正  楼层好,"合生·上观国际 , 水口",3室2厅,132.36平米,南,精装,中楼层(共18层) ,,塔楼,85 万,6422 元,0,,,VR房源 | 房本满两年,https://hui.lianjia.com/ershoufang/105118236478.html
红本在手，拧包入住，视野开阔。 大 社 区 带电梯,"半岛1号三期 , 白云新城",4室2厅,148.33平米,南 北,简装,16层 ,,板塔结合,95 万,6405 元,0,,,VR房源 | 房本满五年 | 随时看房,https://hui.lianjia.com/ershoufang/105119677530.html
富川瑞园，楼层高采光好，近仲恺大道配套齐全,"富川瑞园 , 惠环",3室2厅,82.42平米,南,毛坯,高楼层(共32层) ,,板塔结合,29 万,3519 元,1,,,VR看装修 | 房本满五年 | 随时看房,https://hui.lianjia.com/ershoufang/105121043226.html
滨江苑  精装四房 有钥匙看房方便,"滨江苑 , 下埔",4室2厅,116.88平米,南,简装,高楼层(共8层) ,,,52 万,4450 元,1,,,VR看装修 | 房本满五年,https://hui.lianjia.com/ershoufang/105121526962.html
安静不吵！宝安山水龙城 精装3房 拎包入住 装修保养好,"宝安山水龙城 , 水口",3室2厅,86.67平米,南,精装,中楼层(共27层) ,,塔楼,73 万,8423 元,0,,,VR看装修 | 房本满五年 | 随时看房,https://hui.lianjia.com/ershoufang/105122117131.html
全屋精装拎包入住，刚装修好很新，4房2厅，楼层好,"德威江誉城Ⅱ期 , 马安",4室2厅,123.45平米,南,精装,高楼层(共32层) ,,塔楼,128 万,10369 元,0,,,VR看装修 | 房本满两年,https://hui.lianjia.com/ershoufang/105121561973.html
房子采光好。大三房。大亚湾合心地段,"三远大爱城 , 吾悦广场",3室2厅,92.71平米,南,毛坯,32层 ,,板塔结合,58 万,6257 元,0,,,VR看装修 | 房本满五年 | 随时看房,https://hui.lianjia.com/ershoufang/105121844987.html
高楼层朝南户型，采光好，户型格局方正,"碧桂园翠湖湾 , 新圩",4室2厅,128.52平米,南,毛坯,中楼层(共33层) ,,塔楼,65 万,5058 元,0,,,VR看装修 | 房本满两年 | 随时看房,https://hui.lianjia.com/ershoufang/105119151777.html
天益城商圈，隆生仲恺花园1区。房子没有欠款好楼层,"隆生仲恺花园 , 陈江",4室2厅,121.8平米,南 西南,毛坯,高楼层(共30层) ,,塔楼,89 万,7308 元,0,,,VR看装修 | 随时看房,https://hui.lianjia.com/ershoufang/105119689165.html
荷兰小城4房2厅 精装修，业主诚心出售,"光耀荷兰小城 , 陈江",4室2厅,101.32平米,南,精装,33层 ,,塔楼,66 万,6515 元,0,,,VR看装修 | 房本满五年 | 随时看房,https://hui.lianjia.com/ershoufang/105118283449.html
昶园大户型大四房三卫高铁站900米 南北通透,"昶园 , 南站新城",4室2厅,161平米,南 北,毛坯,30层 ,,板塔结合,133 万,8261 元,0,,,VR房源 | 房本满五年 | 随时看房,https://hui.lianjia.com/ershoufang/105121899315.html
南北通，视野广阔，采光好楼层好，户型方正,"方直星耀国际 , 河南岸",3室2厅,93.77平米,南,毛坯,高楼层(共31层) ,,板塔结合,106 万,11305 元,1,,,VR看装修 | 房本满五年 | 随时看房,https://hui.lianjia.com/ershoufang/105120537619.html
业主急售 户型方正采光好 面积使用率高,"天源花园 , 大亚湾中心区",3室2厅,81.18平米,南 北,,27层 ,,板塔结合,43 万,5297 元,0,,,VR看装修 | 房本满五年 | 随时看房,https://hui.lianjia.com/ershoufang/105121472953.html
荣灿精装三房 视野开阔 采光好 一线江景,"荣灿惠州中心 , 江北",3室2厅,134.42平米,东北,精装,低楼层(共36层) ,,板塔结合,210 万,15623 元,0,,,VR看装修 | 房本满五年 | 随时看房,https://hui.lianjia.com/ershoufang/105115505175.html
户型方正，采光通风，楼层位置好，配套设施齐全,"亚迪二村二区 , 澳头",3室2厅,115.39平米,南,,32层 ,,板塔结合,44.8 万,3883 元,2,,,VR房源 | 房本满五年 | 随时看房,https://hui.lianjia.com/ershoufang/105120236655.html
业主诚心出售，朝南自住精装修，楼下配套齐全,"德丰凯旋城北区 , 大亚湾中心区",3室1厅,81.07平米,南,精装,27层 ,,板塔结合,56.8 万,7007 元,0,,,VR看装修,https://hui.lianjia.com/ershoufang/105122169259.html
业主诚心卖　格局方正　楼层采光效果好　红本在手,"龙光城北四期 , 龙光城",4室1厅,107.74平米,北,精装,33层 ,,板塔结合,85 万,7890 元,2,,,VR看装修 | 房本满两年 | 随时看房,https://hui.lianjia.com/ershoufang/105121191958.html
户型方正 南北通 精装 带车位,"海惠花园一区 , 吾悦广场",3室2厅,121.93平米,南 北,精装,18层 ,,塔楼,67 万,5495 元,0,,,VR看装修 | 房本满五年 | 随时看房,https://hui.lianjia.com/ershoufang/105122213194.html
低总价三房两卫 看花园 采光足通风棒 钥匙在手,"TCL康城四季 , 惠环",3室2厅,88.41平米,南,毛坯,32层 ,,塔楼,46.6 万,5271 元,1,,,VR房源 | 房本满五年 | 随时看房,https://hui.lianjia.com/ershoufang/105116617691.html
缘水岸标准户型。门口八小半岛公园，业主诚心卖。,"湖滨花园2期 , 区政府",3室2厅,108.89平米,南,毛坯,30层 ,,板塔结合,89 万,8174 元,2,,,VR看装修 | 房本满五年 | 随时看房,https://hui.lianjia.com/ershoufang/105115174435.html
临14号地铁沙田站 方正户型 业主诚心出售,"凯南莱弗城 , 西区新寮",1室1厅,49.39平米,南,精装,30层 ,,板塔结合,29 万,5872 元,1,,,VR看装修 | 房本满五年,https://hui.lianjia.com/ershoufang/105119815078.html
金山湖凯旋城改善盘大社区自带泳池景观靓四房两卫,"中海凯旋城二期 , 河南岸",4室2厅,141.46平米,南 北,,27层 ,,塔楼,125 万,8837 元,0,,,VR看装修 | 房本满五年 | 随时看房,https://hui.lianjia.com/ershoufang/105116539623.html
长通熙园二期（贝壳平台） 品质社区商圈朝南三房,"长通熙园 , 开城大润发",3室2厅,89.51平米,西,毛坯,33层 ,,板楼,60 万,6704 元,0,,,VR看装修 | 房本满两年 | 随时看房,https://hui.lianjia.com/ershoufang/105116524798.html
户型好 采光好 格局楼层好 视野宽阔 带精装,"龙光城南一期 , 龙光城",3室2厅,116.26平米,北 东北,精装,27层 ,,板塔结合,79.8 万,6864 元,1,,,VR房源 | 房本满五年 | 随时看房,https://hui.lianjia.com/ershoufang/105121090776.html
新装修，看房钥匙，朝南，采光好，带阳台,"丽格国际公寓 , 江北",1室1厅,41.83平米,东南,精装,30层 ,,塔楼,40 万,9563 元,0,,,VR看装修 | 房本满五年,https://hui.lianjia.com/ershoufang/105121887021.html
此房户型方正中间楼层南北通视野开阔，带装修拎包入住,"蓝湾半岛(大亚湾区) , 澳头",3室1厅,92平米,南,精装,20层 ,,板塔结合,42 万,4566 元,0,,,VR看装修 | 房本满五年 | 随时看房,https://hui.lianjia.com/ershoufang/105120691538.html
地铁3公里 朝南 采光好 看别墅景观 全新入住,"龙光城南四期 , 龙光城",5室2厅,114.41平米,南,,34层 ,,板塔结合,120 万,10489 元,0,,,VR看装修 | 随时看房,https://hui.lianjia.com/ershoufang/105122129456.html
惠阳高铁站旁，星河丹堤百万大社区，交通便利配套齐全,"星河丹堤F区 , 南站新城",3室2厅,104.75平米,北,精装,34层 ,,板塔结合,108 万,10311 元,2,,18天以前发布,VR房源 | 随时看房,https://hui.lianjia.com/ershoufang/105122372898.html
南向看小区园林，小区入住率高，生活方便,"龙光玖龙山 , 三和经济开发区",3室2厅,89.44平米,南,,32层 ,,板塔结合,53.8 万,6016 元,0,,,VR看装修 | 房本满两年 | 随时看房,https://hui.lianjia.com/ershoufang/105121816371.html
惠州南站 大两房 配套成熟 业主诚心出售 看房方便,"瑞景居 , 南站新城",2室2厅,83平米,南,精装,高楼层(共12层) ,,板塔结合,46 万,5543 元,1,,,VR看装修 | 房本满五年 | 随时看房,https://hui.lianjia.com/ershoufang/105114974129.html
朝南采光带全屋家电+红本在手无欠款+拎包入住,"TCL康城四季 , 惠环",3室2厅,97.5平米,南 北,精装,18层 ,,塔楼,63 万,6462 元,3,,,VR看装修 | 房本满两年 | 随时看房,https://hui.lianjia.com/ershoufang/105114466272.html
红花湖海伦时光带一个车位一起出售三房二厅二卫,"海伦时光 , 龙丰",3室2厅,99.48平米,西南,,低楼层(共33层) ,,,49 万,4926 元,2,,,VR看装修 | 房本满五年 | 随时看房,https://hui.lianjia.com/ershoufang/105118061300.html
东江新城五期 小两房 中间楼层，视野开阔,"佳兆业东江新城五期 , 博罗中心区",2室2厅,74平米,东南,,中楼层(共34层) ,,板塔结合,28 万,3784 元,0,,,VR看装修 | 随时看房,https://hui.lianjia.com/ershoufang/105121944128.html
鹏达御西湖，满五唯一，税费低，正南向,"御景花园北区 , 下角",3室1厅,116.92平米,东南,精装,低楼层(共27层) ,,板塔结合,93.8 万,8023 元,1,,,VR房源 | 房本满五年 | 随时看房,https://hui.lianjia.com/ershoufang/105120553919.html
双城国际南区 朝南看花园 安静不吵 带南坛,"双城国际南区 , 江北",3室2厅,86平米,南,毛坯,中楼层(共18层) ,,塔楼,79.5 万,9245 元,0,,,VR看装修 | 随时看房,https://hui.lianjia.com/ershoufang/105118836156.html
户型方正，楼层好，采光通风良好，小区环境好，,"清泉城市广场 , 区政府",2室2厅,78平米,南,毛坯,29层 ,,板塔结合,45 万,5770 元,0,,13天以前发布,VR房源 | 房本满五年 | 随时看房,https://hui.lianjia.com/ershoufang/105122428833.html
吾悦商圈500强大社区业主住不上愿意早点出售视野开阔,"新华联广场 , 大亚湾中心区",4室2厅,114.78平米,南 北,毛坯,34层 ,,板塔结合,61.5 万,5359 元,0,,15天以前发布,VR房源 | 随时看房,https://hui.lianjia.com/ershoufang/105122401733.html
海伦湾刚需三房，全新毛坯首付几万即可上车，看房方便,"海伦堡海伦湾 , 东平",3室2厅,89.5平米,东,毛坯,低楼层(共32层) ,,板塔结合,66 万,7375 元,0,,,VR房源 | 房本满五年 | 随时看房,https://hui.lianjia.com/ershoufang/105115046025.html
红本在手无欠款的 全新二次装修 楼层高视野开阔,"龙光玖龙湾 , 万达",4室2厅,114.68平米,西南,精装,30层 ,,板塔结合,83 万,7238 元,0,,,VR看装修 | 房本满两年,https://hui.lianjia.com/ershoufang/105122006361.html
壹城精装修三房 业主自住保养好 可拎包入住,"壹城中心1区 , 陈江",3室2厅,88.9平米,南,精装,低楼层(共32层) ,,塔楼,75 万,8437 元,0,,,VR看装修,https://hui.lianjia.com/ershoufang/105121241501.html
无个人所得税，得房高，楼层好，带装修四房,"盛湾名居 , 澳头",4室2厅,113.09平米,南 北,简装,22层 ,,塔楼,63 万,5571 元,1,,,VR房源 | 房本满五年 | 随时看房,https://hui.lianjia.com/ershoufang/105119452174.html
"满五唯一，南北通透看花园景观,视野开阔，绿化高","星河丹堤G区 , 南站新城",3室2厅,86.71平米,南 北,毛坯,34层 ,,板塔结合,69 万,7958 元,3,,,VR房源 | 房本满五年 | 随时看房,https://hui.lianjia.com/ershoufang/105118483097.html
临深次新小区新力睿园方正三房格局好 双阳台,"新力睿园 , 白云新城",3室2厅,111.38平米,南,毛坯,中楼层(共32层) ,,板塔结合,68 万,6106 元,0,,,VR看装修 | 房本满两年 | 随时看房,https://hui.lianjia.com/ershoufang/105120412955.html
惠阳站 百万大盘星河物业 两梯三户 景观视野好,"星河丹堤E区 , 南站新城",3室2厅,108.57平米,南,毛坯,34层 ,,,90 万,8290 元,3,,,VR看装修 | 房本满两年 | 随时看房,https://hui.lianjia.com/ershoufang/105116180372.html
急 急 急 精装朝南四房 已补地价,"惠泽南苑 , 河南岸",4室2厅,130.61平米,南,精装,中楼层(共17层) ,,塔楼,75 万,5743 元,1,,,VR看装修 | 房本满五年 | 随时看房,https://hui.lianjia.com/ershoufang/105119111985.html
南向无遮挡三房，精装修，家私电器齐全，无抵押,"天安珑城 , 区政府",3室2厅,87.21平米,南,精装,29层 ,,塔楼,81 万,9288 元,1,,,VR看装修 | 房本满两年 | 随时看房,https://hui.lianjia.com/ershoufang/105119744052.html
一品阳光 业主诚意出售 看房方便 有租售比,"瑞麒一品阳光 , 陈江",2室1厅,50.87平米,东南,精装,中楼层(共15层) ,,板塔结合,26.5 万,5210 元,0,,,VR看装修 | 房本满五年 | 随时看房,https://hui.lianjia.com/ershoufang/105121470612.html
中信水岸城二三期户型方正，看江户型,"中信水岸城二三期 , 东江新城",4室2厅,136平米,南,毛坯,32层 ,,板楼,155 万,11398 元,0,,,VR看装修 | 房本满五年 | 随时看房,https://hui.lianjia.com/ershoufang/105117218627.html
东湖五区看花园四房朝南，花园中间户型适用一梯四户,"东湖花园五区 , 东平",4室2厅,160.52平米,东南,精装,12层 ,,板塔结合,153 万,9532 元,0,,,VR房源 | 房本满五年 | 随时看房,https://hui.lianjia.com/ershoufang/105121311791.html
翡翠山君御，阳台看别墅群。视野好。,"翡翠山城君御 , 万达",3室2厅,97.41平米,南,简装,34层 ,,,83 万,8521 元,1,,,VR看装修 | 房本满五年,https://hui.lianjia.com/ershoufang/105120910502.html
南北通，采光通风好，小区绿化高，中高楼层，业主急卖,"三远大爱城 , 吾悦广场",4室2厅,147.39平米,南 北,毛坯,32层 ,,板塔结合,117 万,7939 元,0,,,VR房源 | 房本满两年 | 随时看房,https://hui.lianjia.com/ershoufang/105116875951.html
满二唯一税费少，次新房，近吾悦广场,"香树丽苑 , 吾悦广场",3室1厅,91.74平米,南,,33层 ,,板塔结合,59 万,6432 元,0,,30天以前发布,VR房源 | 房本满五年 | 随时看房,https://hui.lianjia.com/ershoufang/105122259989.html
湖景房少见 新力花园一期117平方南北通透装修真材实料,"新力城一期 , 水口",3室2厅,117.67平米,南 北,精装,33层 ,,板楼,95 万,8074 元,0,,,VR看装修 | 房本满五年,https://hui.lianjia.com/ershoufang/105121806677.html
华润小径湾品质楼盘，出门有沙滩，商街。,"华润小径湾一期 , 霞涌",1室1厅,52.83平米,西南,简装,31层 ,,板塔结合,34.8 万,6588 元,4,,,VR看装修 | 房本满五年 | 随时看房,https://hui.lianjia.com/ershoufang/105116272825.html
位置好，采光充足，业主诚意急卖，方便看房,"星河丹堤G4区 , 南站新城",5室2厅,172.32平米,南 北,毛坯,10层 ,,板塔结合,240 万,13928 元,1,,,VR看装修 | 房本满两年 | 随时看房,https://hui.lianjia.com/ershoufang/105120272939.html
精装三房朝南看花园，业主诚心出售,"金洋嘉丽园 , 澳头",3室2厅,103平米,南,精装,28层 ,,板塔结合,60 万,5826 元,0,,,VR看装修 | 房本满五年 | 随时看房,https://hui.lianjia.com/ershoufang/105120236107.html
满五唯一  中间楼层  采光通风不错,"玫瑰华庭 , 草洋新区",3室1厅,93.44平米,南,,9层 ,,板楼,38.8 万,4153 元,0,,,VR看装修 | 房本满五年,https://hui.lianjia.com/ershoufang/105121247981.html
德威花园小区，红本在手，业主急售，大三房，户型方正,"德威花园城 , 秋长",3室2厅,100.43平米,南,毛坯,中楼层(共32层) ,,板楼,41.4 万,4123 元,1,,,VR房源 | 房本满五年 | 随时看房,https://hui.lianjia.com/ershoufang/105120838545.html
中信水岸城四期玫瑰湾央企大社区,"中信水岸城四期 , 东江新城",3室2厅,112平米,南,精装,中楼层(共30层) ,,板楼,106.8 万,9536 元,0,,,VR房源,https://hui.lianjia.com/ershoufang/105121098663.html
德润天峰中间楼层朝正南小三房诚意售出,"德润天峰 , 潼侨沥林",3室2厅,79.89平米,南,毛坯,18层 ,,板塔结合,38 万,4757 元,0,,,VR看装修 | 随时看房,https://hui.lianjia.com/ershoufang/105121373911.html
"小区环境优美,绿化覆盖率高通透性好，适宜居住","玖龙台 , 潼侨沥林",3室2厅,88.75平米,南,,32层 ,,板塔结合,44 万,4958 元,0,,,VR看装修 | 房本满两年 | 随时看房,https://hui.lianjia.com/ershoufang/105121976855.html
房子格局 楼层好 视野开阔 采光充足,"碧桂园云创家园 , 潼侨沥林",2室1厅,42.64平米,东南,,20层 ,,板塔结合,22.6 万,5301 元,0,,17天以前发布,VR房源 | 房本满五年 | 随时看房,https://hui.lianjia.com/ershoufang/105122387121.html
天御二期业主诚心出售，刚需户型，明厨明卫业主诚心卖,"中洲天御二期 , 河南岸",3室2厅,93平米,南,毛坯,低楼层(共33层) ,,板塔结合,78 万,8388 元,1,,,VR房源 | 随时看房,https://hui.lianjia.com/ershoufang/105121800011.html
横厅大四房，交通便利，配套齐全。,"龙光城北八期 , 龙光城",4室2厅,118.02平米,南 北,精装,17层 ,,板塔结合,117.1 万,9923 元,3,,,VR看装修 | 房本满五年 | 随时看房,https://hui.lianjia.com/ershoufang/105119859293.html
龙光城大三房 业主诚心卖 视野开阔 采光好,"龙光城北三期 , 龙光城",3室2厅,81.57平米,东南 南,精装,低楼层(共34层) ,,板塔结合,67 万,8214 元,27,,,VR看装修 | 房本满五年 | 随时看房,https://hui.lianjia.com/ershoufang/105109093947.html
横厅4房  业主诚心出售  有钥匙随时可以看房,"龙光城南四期 , 龙光城",4室2厅,108.72平米,东北,毛坯,34层 ,,塔楼,88 万,8095 元,0,,13天以前发布,VR房源 | 房本满五年 | 随时看房,https://hui.lianjia.com/ershoufang/105122420303.html
四季嘉园，架空式园林，主阳台很大,"华泓四季嘉园 , 博罗中心区",3室2厅,93平米,东北,毛坯,31层 ,,塔楼,38 万,4087 元,0,,18天以前发布,VR看装修 | 房本满两年 | 随时看房,https://hui.lianjia.com/ershoufang/105122366892.html
126平方大三房，高楼层，配套齐全,"新时代花园二期 , 博罗中心区",3室2厅,126平米,南,毛坯,28层 ,,塔楼,46 万,3651 元,0,,,VR看装修 | 房本满五年 | 随时看房,https://hui.lianjia.com/ershoufang/105116672388.html
中洲半岛城邦四期106平正三房，精装修直接拎包入住,"中洲半岛城邦四期 , 博罗中心区",3室2厅,106.16平米,南,,33层 ,,板塔结合,80 万,7536 元,0,,,VR房源 | 随时看房,https://hui.lianjia.com/ershoufang/105122039100.html
成熟小区，视野开阔，安全系数好，环境优美，一线江景,"中洲半岛城邦四期 , 博罗中心区",4室2厅,106.67平米,南,,33层 ,,板塔结合,63 万,5907 元,0,,,VR看装修 | 房本满两年 | 随时看房,https://hui.lianjia.com/ershoufang/105121257078.html
陈江轻轨口天益城沃尔玛商圈 隆生仲恺花园3房价格实惠,"隆生仲恺花园 , 陈江",3室2厅,112.25平米,东南,毛坯,32层 ,,塔楼,70 万,6237 元,0,,,VR看装修 | 随时看房,https://hui.lianjia.com/ershoufang/105121224808.html
落地窗 高楼层 采光视野好 佳兆业一期 业主诚心出售,"佳兆业中心一期 , 江北",1室1厅,42.62平米,东,精装,29层 ,,板塔结合,28.5 万,6688 元,0,,30天以前发布,VR看装修 | 房本满五年 | 随时看房,https://hui.lianjia.com/ershoufang/105122268072.html
下角江边路 文星公园旁 低楼层 精装三房 业主诚意出售,"惠华纸业包装总公司住宅生活区 , 下角",3室2厅,87.6平米,南,精装,低楼层(共8层) ,,塔楼,43.9 万,5012 元,1,,,VR看装修,https://hui.lianjia.com/ershoufang/105115553905.html
大中华幸福城大社区朝向南通透大三房诚心出售,"大中华幸福城 , 西区新寮",3室2厅,125.25平米,南,,32层 ,,板楼,90 万,7186 元,0,,8天以前发布,VR房源 | 随时看房,https://hui.lianjia.com/ershoufang/105122481642.html
方直君御 4室2厅 南,"方直君御 , 东江新城",4室2厅,183平米,南,,高楼层(共31层) ,,塔楼,268 万,14645 元,0,,,VR看装修,https://hui.lianjia.com/ershoufang/105122038860.html
临深沙田地铁站，户型方正适用，使用率高,"惠州星河盛世 , 白云新城",4室2厅,92.58平米,北,精装,33层 ,,塔楼,71 万,7670 元,0,,,VR看装修 | 房本满两年 | 随时看房,https://hui.lianjia.com/ershoufang/105120191332.html
荷兰小城  标准三房  朝南户型  急出 急出,"光耀荷兰小城 , 陈江",3室1厅,90.5平米,南,毛坯,33层 ,,板楼,48 万,5304 元,0,,15天以前发布,VR房源 | 房本满五年 | 随时看房,https://hui.lianjia.com/ershoufang/105122409020.html
拿上衣服带上手机就可以入住了   大客厅三卧室,"东江学府七期 , 河南岸",3室2厅,76平米,南,精装,19层 ,,,67 万,8816 元,0,,,VR房源 | 随时看房,https://hui.lianjia.com/ershoufang/105120566107.html
大亚湾红树林湿地公园旁复式三房红本无抵押随时看房,"美林雅苑 , 澳头",3室2厅,38.98平米,北,毛坯,9层 ,,板塔结合,16 万,4105 元,2,,,VR看装修 | 随时看房,https://hui.lianjia.com/ershoufang/105121784631.html
龙湖春江天境花园 86.65平米 3房2厅1卫 带装修,"春江天境花园 , 东江高新区",3室2厅,86.65平米,东南,精装,高楼层(共33层) ,,板楼,49.8 万,5748 元,0,,,VR看装修 | 房本满两年 | 随时看房,https://hui.lianjia.com/ershoufang/105121804442.html
新力花园 车位充足 刚需小三居 精装可拎包入住商品房,"新力城一期 , 水口",3室2厅,89.83平米,南,精装,33层 ,,板楼,73 万,8127 元,0,,,VR看装修 | 房本满五年 | 随时看房,https://hui.lianjia.com/ershoufang/105119808077.html
楼层高，视野光线通风好，户型方正，业主诚心出售,"清泉城市广场 , 区政府",3室2厅,91平米,南,精装,29层 ,,板塔结合,62.8 万,6902 元,2,,,VR看装修 | 房本满五年 | 随时看房,https://hui.lianjia.com/ershoufang/105115842925.html
双阳台小三房，户型方正，业主诚心出售,"半岛1号三期 , 白云新城",3室2厅,88.82平米,南,精装,17层 ,,板塔结合,58 万,6531 元,6,,,VR房源 | 房本满五年,https://hui.lianjia.com/ershoufang/105118323468.html
房屋保养好，红本在手，随时可签约，看房方便,"碧桂园.十里银滩.山林海二区 , 十里银滩",2室2厅,66.63平米,南,精装,29层 ,,板塔结合,21.8 万,3272 元,4,,,VR房源 | 房本满五年 | 随时看房,https://hui.lianjia.com/ershoufang/105121891325.html
锦绣壹号旁视野采光好户型方正采光好,"锦地繁花骏园 , 西区新寮",4室2厅,128.84平米,西南,毛坯,31层 ,,板塔结合,86.5 万,6714 元,0,,20天以前发布,VR看装修 | 房本满两年 | 随时看房,https://hui.lianjia.com/ershoufang/105122349479.html
临深精装四房，看花园，生活便利小区,"富康锦绣壹号 , 西区新寮",4室2厅,111.99平米,南 北,精装,33层 ,,塔楼,112 万,10001 元,0,,,VR房源 | 房本满五年 | 随时看房,https://hui.lianjia.com/ershoufang/105122068517.html
佳兆业中心一期  精装三房 可上富民,"佳兆业中心一期 , 江北",3室2厅,117.84平米,南,精装,29层 ,,板塔结合,76 万,6450 元,0,,,VR看装修,https://hui.lianjia.com/ershoufang/105121832132.html
临深，近沙田地铁站，大社区 大阳台,"九洲玉带湾 , 白云新城",4室2厅,107.36平米,东南,毛坯,33层 ,,板塔结合,58 万,5403 元,4,,,VR看装修 | 房本满五年 | 随时看房,https://hui.lianjia.com/ershoufang/105115393072.html
惠阳一中旁惠州南站好出租有钥匙看房华茂大厦,"华茂大厦 , 开城大润发",1室1厅,59.51平米,北,简装,23层 ,,塔楼,20.8 万,3496 元,0,,,VR房源 | 房本满五年 | 随时看房,https://hui.lianjia.com/ershoufang/105121799535.html
户型房子，楼层好，视野宽阔，采光充足，业主诚心售卖,"三远大爱城 , 吾悦广场",4室2厅,170平米,南,,32层 ,,板塔结合,129 万,7589 元,0,,,VR房源 | 随时看房,https://hui.lianjia.com/ershoufang/105121921442.html
刚需必看 近华附 高楼层 东南朝向 视野采光好,"星河丹堤G区 , 南站新城",3室2厅,98.06平米,南,毛坯,34层 ,,塔楼,100 万,10198 元,0,,,VR看装修 | 随时看房,https://hui.lianjia.com/ershoufang/105122230604.html
户型方正，采光明亮，交通便利，生活方便，花园中间,"合生·上观国际 , 水口",3室2厅,120平米,南,,中楼层(共32层) ,,塔楼,91 万,7584 元,0,,,VR看装修 | 随时看房,https://hui.lianjia.com/ershoufang/105121871176.html
华邦中间好楼层，户型方正，采光好，业主诚意出售,"華邦·首府 , 惠环",3室2厅,93.39平米,东南,毛坯,中楼层(共22层) ,,板塔结合,51 万,5461 元,0,,,VR看装修 | 随时看房,https://hui.lianjia.com/ershoufang/105117490582.html
：景观房看整个花园，，朝南，视野宽阔，采光好,"水岸花山 , 新圩",4室2厅,135.41平米,南,,低楼层(共32层) ,,板塔结合,84 万,6204 元,1,,,VR看装修 | 房本满五年 | 随时看房,https://hui.lianjia.com/ershoufang/105120366903.html
河南岸  小户型  生活便利  近金山湖  自住出租都可以,"风华阁 , 河南岸",1室1厅,42.17平米,东,,高楼层(共8层) ,,塔楼,15 万,3558 元,7,,,VR看装修 | 房本满五年,https://hui.lianjia.com/ershoufang/105120767577.html
俊雅豪庭 4室1厅 北,"俊雅豪庭 , 博罗中心区",4室1厅,153平米,北,,19层 ,,板塔结合,60 万,3922 元,0,,,VR看装修 | 房本满五年 | 随时看房,https://hui.lianjia.com/ershoufang/105121891588.html
房子满两年，原值高税费低，随时可看，急售,"星河丹堤G区 , 南站新城",3室2厅,89.13平米,东南,毛坯,34层 ,,塔楼,77 万,8640 元,0,,,VR房源 | 房本满五年 | 随时看房,https://hui.lianjia.com/ershoufang/105114816147.html
大中华幸福城大社区朝向南通透大三房诚心出售,"大中华幸福城 , 西区新寮",3室2厅,125.25平米,南,,32层 ,,板楼,90 万,7186 元,0,,8天以前发布,VR房源 | 随时看房,https://hui.lianjia.com/ershoufang/105122481642.html
方直君御 4室2厅 南,"方直君御 , 东江新城",4室2厅,183平米,南,,高楼层(共31层) ,,塔楼,268 万,14645 元,0,,,VR看装修,https://hui.lianjia.com/ershoufang/105122038860.html
临深沙田地铁站，户型方正适用，使用率高,"惠州星河盛世 , 白云新城",4室2厅,92.58平米,北,精装,33层 ,,塔楼,71 万,7670 元,0,,,VR看装修 | 房本满两年 | 随时看房,https://hui.lianjia.com/ershoufang/105120191332.html
"泰富御山郡两房,朝南采光好,出行便利","泰富·御山郡 , 龙丰",2室1厅,51平米,东南 南,简装,19层 ,,板塔结合,30 万,5883 元,0,,,VR看装修 | 随时看房,https://hui.lianjia.com/ershoufang/105119668943.html
德丰·五月花花园 2室1厅 南,"德丰·五月花花园 , 西区新寮",2室1厅,79.57平米,南,毛坯,17层 ,,塔楼,41.5 万,5216 元,0,,,VR看装修 | 随时看房,https://hui.lianjia.com/ershoufang/105120254891.html
央企保利有保障 户型靓 诚心出售,"保利山水城 , 博罗中心区",2室1厅,58.42平米,东南,简装,10层 ,,板塔结合,21.8 万,3732 元,2,,,VR房源 | 房本满五年,https://hui.lianjia.com/ershoufang/105116681443.html
近江北 华昌旁龙福新苑南向3+1房 中间楼层 总价低,"龙福新苑 , 水口",3室2厅,110.35平米,南 北,,8层 ,,板塔结合,42 万,3807 元,0,,,VR看装修 | 房本满五年,https://hui.lianjia.com/ershoufang/105121395994.html
下角江边路 文星公园旁 低楼层 精装三房 业主诚意出售,"惠华纸业包装总公司住宅生活区 , 下角",3室2厅,87.6平米,南,精装,低楼层(共8层) ,,塔楼,43.9 万,5012 元,1,,,VR看装修,https://hui.lianjia.com/ershoufang/105115553905.html
桥胜雅苑 1室1厅 南,"桥胜雅苑 , 区政府",1室1厅,48.93平米,南,简装,12层 ,,板塔结合,12.9 万,2637 元,2,,,VR房源 | 房本满五年,https://hui.lianjia.com/ershoufang/105122090450.html
安家！让我们扎根在这个为之奋斗的城市里。业主急售,"中信新城 , 南站新城",4室2厅,89.3平米,南,精装,34层 ,,板塔结合,57 万,6383 元,0,,18天以前发布,VR房源 | 房本满五年 | 随时看房,https://hui.lianjia.com/ershoufang/105122370377.html
急卖 星河丹堤G4区  南北通四房 看山景 公园,"星河丹堤G4区 , 南站新城",4室2厅,124.47平米,南 北,毛坯,33层 ,,板塔结合,130 万,10445 元,0,,,VR看装修 | 房本满两年 | 随时看房,https://hui.lianjia.com/ershoufang/105120494540.html
业主急售 户型方正采光好 面积使用率高,"蓝湾星宸一期 , 大亚湾中心区",3室2厅,102.44平米,南,毛坯,33层 ,,板塔结合,31 万,3027 元,2,,,VR看装修 | 房本满五年 | 随时看房,https://hui.lianjia.com/ershoufang/105120677189.html
东岸丽都花园 4室2厅 南 北,"东岸丽都花园 , 大亚湾中心区",4室2厅,84平米,南 北,毛坯,32层 ,,塔楼,55 万,6548 元,0,,11天以前发布,VR房源 | 随时看房,https://hui.lianjia.com/ershoufang/105122449415.html
户型方正，房产清晰，业主急售，小区自己的物业,"金裕星河丹堤 , 小金口",3室2厅,85.89平米,南,毛坯,低楼层(共34层) ,,塔楼,39 万,4541 元,0,,11天以前发布,VR房源 | 随时看房,https://hui.lianjia.com/ershoufang/105122451965.html
大花园社区，配.套成熟，楼层好，户型方正,"鸿威金都雅苑 , 小金口",2室2厅,81.46平米,西,毛坯,中楼层(共30层) ,,板塔结合,32 万,3929 元,0,,18天以前发布,VR房源 | 随时看房,https://hui.lianjia.com/ershoufang/105122370428.html
电梯房，户型格局方正，采光良好。,"鸿威金都雅苑 , 小金口",2室1厅,80.22平米,南,精装,低楼层(共30层) ,,板塔结合,36 万,4488 元,1,,,VR看装修 | 房本满五年 | 随时看房,https://hui.lianjia.com/ershoufang/105121429529.html
此房满五唯一 中间 户型 精装修保养好户型方正,"合生·上观国际 , 水口",4室2厅,159.89平米,南,精装,中楼层(共29层) ,,塔楼,140 万,8757 元,0,,,VR看装修 | 房本满五年,https://hui.lianjia.com/ershoufang/105122103227.html
恒大悦龙台精装三房，业主急售！！！,"恒大悦龙台 , 万达",3室2厅,85平米,北,精装,32层 ,,板塔结合,59 万,6942 元,0,,15天以前发布,VR房源 | 房本满两年 | 随时看房,https://hui.lianjia.com/ershoufang/105122404613.html
德洲中心城 3室2厅 南,"德洲中心城 , 大亚湾中心区",3室2厅,94.86平米,南,毛坯,32层 ,,板塔结合,38 万,4006 元,1,,,VR看装修 | 房本满五年 | 随时看房,https://hui.lianjia.com/ershoufang/105121906317.html
凯旋城 3房  南向光照好，通风效果好！,"中海凯旋城五六期 , 河南岸",3室2厅,87.43平米,东南,毛坯,32层 ,,板塔结合,72 万,8236 元,0,,,VR看装修 | 房本满五年 | 随时看房,https://hui.lianjia.com/ershoufang/105122092279.html
万达，11层洋房，红本在手不欠款，交易简单,"熊猫国际三期 , 万达",3室2厅,125.32平米,南 北,简装,11层 ,,塔楼,83 万,6624 元,1,,,VR看装修 | 房本满五年 | 随时看房,https://hui.lianjia.com/ershoufang/105120874250.html
乐基大厦小区属于惠阳淡水2017年的房子 近高速,"乐基大厦 , 区政府",4室2厅,87.92平米,南,毛坯,29层 ,,板塔结合,48 万,5460 元,0,,,VR看装修 | 房本满五年 | 随时看房,https://hui.lianjia.com/ershoufang/105119252071.html
尚城世家，全屋智能装修，拎包入住,"尚城世家二期 , 区政府",2室2厅,81.37平米,西,,26层 ,,板塔结合,68 万,8357 元,0,,,VR看装修 | 房本满五年 | 随时看房,https://hui.lianjia.com/ershoufang/105121326180.html
区政府天虹商场旁边，交通方便  精装两房，拎包入住,"鼎盛广场 , 区政府",2室2厅,66.5平米,东南,精装,33层 ,,板塔结合,26 万,3910 元,5,,,VR房源 | 随时看房,https://hui.lianjia.com/ershoufang/105113096279.html
万科金枫花园94平方 精装修三房 诚心出售,"万科中交金枫花园 , 马安",3室2厅,93.32平米,南,精装,中楼层(共27层) ,,塔楼,95 万,10181 元,0,,,VR看装修 | 房本满两年 | 随时看房,https://hui.lianjia.com/ershoufang/105116883358.html
临深白云新城，带装修三房，近沙田地铁口,"鹏城里 , 白云新城",3室2厅,93.44平米,东北,简装,28层 ,,板塔结合,47.8 万,5116 元,0,,25天以前发布,VR看装修 | 房本满五年 | 随时看房,https://hui.lianjia.com/ershoufang/105122309811.html
业主诚心出售 随时可以看房 高楼层,"天健书香名邸 , 新圩",4室2厅,122.97平米,南 北,毛坯,32层 ,,塔楼,55 万,4473 元,1,,,VR看装修 | 房本满两年 | 随时看房,https://hui.lianjia.com/ershoufang/105121771626.html
满五唯一  实用朝南两房 通风采光好,"锦地繁花 , 西区新寮",2室2厅,77.21平米,南,毛坯,21层 ,,板塔结合,42 万,5440 元,0,,27天以前发布,VR房源 | 随时看房,https://hui.lianjia.com/ershoufang/105122297731.html
马安金山新城铂钻4房 采光视野好 业主诚心出售,"铂钻花园 , 东江新城",4室2厅,114.93平米,南,毛坯,27层 ,,板塔结合,95 万,8266 元,0,,,VR看装修 | 房本满两年 | 随时看房,https://hui.lianjia.com/ershoufang/105119580655.html
美丽洲 4室1厅 东南,"美丽洲 , 马安",4室1厅,138.7平米,东南,,高楼层(共32层) ,,塔楼,110 万,7931 元,0,,,VR看装修 | 房本满两年 | 随时看房,https://hui.lianjia.com/ershoufang/105121596327.html
海景城大社区 户型方正 高层视野开阔,"海景城 , 澳头",4室2厅,120.47平米,南 北,毛坯,33层 ,,板塔结合,60 万,4981 元,1,,,VR看装修 | 房本满五年 | 随时看房,https://hui.lianjia.com/ershoufang/105117589812.html
全新精装，南北双阳台双卫，楼层视野佳，红本，税费低,"美悦湾 , 大亚湾中心区",3室2厅,91.41平米,南 北,精装,中楼层(共33层) ,,板楼,57 万,6236 元,2,,29天以前发布,VR看装修 | 随时看房,https://hui.lianjia.com/ershoufang/105122273567.html
小区地理位置优越，楼层采光好，花园绿化好，,"鑫月御园 , 秋长",3室2厅,93.22平米,东南,毛坯,31层 ,,板塔结合,43 万,4613 元,0,,,VR看装修 | 房本满两年 | 随时看房,https://hui.lianjia.com/ershoufang/105112698232.html
皇冠豪苑 147平 4加1房 一线看江  两梯两户纯板式楼,"万城皇冠豪苑 , 水口",5室2厅,147.81平米,南,毛坯,22层 ,,板楼,142 万,9607 元,0,,,VR看装修 | 房本满两年 | 随时看房,https://hui.lianjia.com/ershoufang/105121315130.html
一线江景，红本在手，7米大阳台，凤凰楼层，拎包入住,"中信水岸城二三期 , 东江新城",3室2厅,167.83平米,东南,精装,32层 ,,板楼,175 万,10428 元,0,,,VR房源 | 房本满两年 | 随时看房,https://hui.lianjia.com/ershoufang/105122092084.html
户型布局合理  儿童老人活动区域热闹  生活舒适惬意,"渝景湾花园四期 , 澳头",3室2厅,96.48平米,南,简装,低楼层(共26层) ,,板塔结合,27 万,2799 元,7,,,VR房源 | 房本满五年 | 随时看房,https://hui.lianjia.com/ershoufang/105113037142.html
壹城精装修三房 业主自住保养好 可拎包入住,"壹城中心1区 , 陈江",3室2厅,88.9平米,南,精装,低楼层(共32层) ,,塔楼,75 万,8437 元,0,,,VR看装修,https://hui.lianjia.com/ershoufang/105121241501.html
无个人所得税，得房高，楼层好，带装修四房,"盛湾名居 , 澳头",4室2厅,113.09平米,南 北,简装,22层 ,,塔楼,63 万,5571 元,1,,,VR房源 | 房本满五年 | 随时看房,https://hui.lianjia.com/ershoufang/105119452174.html
"满五唯一，南北通透看花园景观,视野开阔，绿化高","星河丹堤G区 , 南站新城",3室2厅,86.71平米,南 北,毛坯,34层 ,,板塔结合,69 万,7958 元,3,,,VR房源 | 房本满五年 | 随时看房,https://hui.lianjia.com/ershoufang/105118483097.html
边位三房两卫，南向采光充足，视野开阔,"小径海岸城花园 , 霞涌",3室1厅,104平米,南,精装,33层 ,,板塔结合,48.8 万,4693 元,1,,,VR房源 | 随时看房,https://hui.lianjia.com/ershoufang/105120922894.html
采光通风效果好，业主诚意出售，小区舒服.,"惠州星河盛世 , 白云新城",4室2厅,89.26平米,西南,,33层 ,,板塔结合,56 万,6274 元,0,,,VR看装修 | 随时看房,https://hui.lianjia.com/ershoufang/105116641404.html
科技园旁，次新小区，实用四房。,"仁和美地家园 , 吾悦广场",4室2厅,114.97平米,南 北,毛坯,32层 ,,塔楼,66.9 万,5819 元,1,,,VR看装修 | 房本满两年 | 随时看房,https://hui.lianjia.com/ershoufang/105120905598.html
轻轨物业 金辉新苑精装大三房 保养好 拎包入住,"金輝新苑 , 龙丰",3室2厅,130.34平米,北,精装,中楼层(共9层) ,,板塔结合,75 万,5755 元,0,,,VR房源 | 房本满五年 | 随时看房,https://hui.lianjia.com/ershoufang/105118865051.html
顶楼复式4房上下2层 天台种菜 种花,"碧桂园翠湖湾 , 新圩",4室3厅,181.95平米,东南,精装,高楼层(共17层) ,,塔楼,116 万,6376 元,1,,,VR房源 | 房本满两年 | 随时看房,https://hui.lianjia.com/ershoufang/105120531228.html
满二唯一税费少，次新房，近吾悦广场,"香树丽苑 , 吾悦广场",3室1厅,91.74平米,南,,33层 ,,板塔结合,59 万,6432 元,0,,30天以前发布,VR房源 | 房本满五年 | 随时看房,https://hui.lianjia.com/ershoufang/105122259989.html
湖景房少见 新力花园一期117平方南北通透装修真材实料,"新力城一期 , 水口",3室2厅,117.67平米,南 北,精装,33层 ,,板楼,95 万,8074 元,0,,,VR看装修 | 房本满五年,https://hui.lianjia.com/ershoufang/105121806677.html
此房户型方正中间楼层南北通视野开阔，带装修拎包入住,"蓝湾半岛(大亚湾区) , 澳头",3室1厅,92平米,南,精装,20层 ,,板塔结合,42 万,4566 元,0,,,VR看装修 | 房本满五年 | 随时看房,https://hui.lianjia.com/ershoufang/105120691538.html
此房视野好，户型方正，使用率高，百万大城,"龙光城南一期 , 龙光城",4室2厅,146平米,东南,毛坯,28层 ,,板塔结合,108 万,7398 元,2,,,VR看装修 | 随时看房,https://hui.lianjia.com/ershoufang/105120843671.html
汇乐城旁，南贸花园三期，次新小区精装三房，拎包入住,"南贸花园三期 , 水口",3室2厅,88.08平米,东南,精装,高楼层(共22层) ,,塔楼,88 万,9991 元,0,,,VR看装修 | 房本满两年,https://hui.lianjia.com/ershoufang/105120585017.html
数码园南区 中交香颂 三房急售 40.88万,"中交香颂花园 , 三栋镇",3室2厅,87.89平米,南,毛坯,低楼层(共18层) ,,板塔结合,40.8 万,4643 元,0,,,VR看装修 | 房本满五年 | 随时看房,https://hui.lianjia.com/ershoufang/105122143595.html
壹城六区南北通4房，高层视野好，看房方便,"壹城中心6区 , 陈江",4室2厅,115.78平米,南 北,毛坯,高楼层(共32层) ,,板塔结合,83.8 万,7238 元,0,,,VR看装修 | 房本满两年 | 随时看房,https://hui.lianjia.com/ershoufang/105116700716.html
急卖 万达商圈 精装2房 南向 配套完善,"水墨林溪雅苑 , 吾悦广场",2室1厅,76.87平米,南 北,精装,17层 ,,塔楼,40 万,5204 元,0,,,VR看装修 | 房本满两年 | 随时看房,https://hui.lianjia.com/ershoufang/105119567278.html
天翔华利交通便利距离校园近小孩方便,"天翔华利苑 , 陈江",2室2厅,89.15平米,南,毛坯,低楼层(共27层) ,,塔楼,38.5 万,4319 元,0,,,VR看装修 | 房本满五年 | 随时看房,https://hui.lianjia.com/ershoufang/105119139493.html
佳兆业君汇上品四房中间楼层视野开阔,"佳兆业君汇上品 , 陈江",4室2厅,121.7平米,南,毛坯,34层 ,,板楼,65 万,5342 元,0,,,VR看装修 | 房本满两年 | 随时看房,https://hui.lianjia.com/ershoufang/105118386967.html
小区优质好房，中间楼层朝南看花园，税费低看房方便,"德丰凯旋城北区 , 大亚湾中心区",3室2厅,78.91平米,南,毛坯,26层 ,,板塔结合,36 万,4563 元,0,,,VR房源 | 房本满五年 | 随时看房,https://hui.lianjia.com/ershoufang/105122214186.html
接地气3房 视野开阔小区生活方便 近市场和巴士车站,"碧桂园十里银滩海悦湾 , 十里银滩",3室1厅,78.66平米,东 东南,精装,30层 ,,板塔结合,31.6 万,4018 元,2,,,VR看装修 | 房本满五年 | 随时看房,https://hui.lianjia.com/ershoufang/105121763238.html
隆生三期大3房，中高好楼层，业主诚心卖无欠款,"隆生仲恺花园3区 , 陈江",3室2厅,110.47平米,南,,中楼层(共33层) ,,塔楼,68 万,6156 元,0,,,VR看装修 | 随时看房,https://hui.lianjia.com/ershoufang/105121576042.html
此栋楼地理位置好，朝正南无遮挡户型好 业主诚心出售,"建曙高尔夫1号 , 区政府",4室2厅,110.03平米,西南,精装,30层 ,,塔楼,95 万,8635 元,0,,,VR看装修 | 房本满五年 | 随时看房,https://hui.lianjia.com/ershoufang/105119695556.html
惠阳2018年的小区朝南看山景三房二卫未入住的精装房,"碧桂园山河城 , 三和经济开发区",3室1厅,96.97平米,南,精装,34层 ,,板塔结合,45 万,4641 元,1,,,VR房源 | 随时看房,https://hui.lianjia.com/ershoufang/105117325339.html
水岸城六期三房两卫两厅自住精装拎包入住,"中信水岸城六期 , 东江新城",3室2厅,112.88平米,东南,简装,高楼层(共32层) ,,塔楼,115 万,10188 元,1,,,VR看装修 | 房本满五年 | 随时看房,https://hui.lianjia.com/ershoufang/105119944907.html
太东天地花园 大3房朝南 没有遮挡看山景,"太东天地花园 , 大亚湾中心区",3室2厅,88.59平米,南,精装,33层 ,,板塔结合,43 万,4854 元,2,,,VR看装修 | 房本满五年,https://hui.lianjia.com/ershoufang/105121311346.html
新力城精装三房 朝南看江 户型方正,"新力城二期 , 水口",3室2厅,89.68平米,南,精装,中楼层(共32层) ,,板塔结合,69 万,7695 元,0,,,VR看装修 | 随时看房,https://hui.lianjia.com/ershoufang/105119566161.html
金世界 4房 证在手 诚心出售 随时可看房,"金世界花园 , 江北",4室2厅,135.12平米,北,简装,16层 ,,板塔结合,75.8 万,5610 元,1,,,VR房源 | 房本满五年 | 随时看房,https://hui.lianjia.com/ershoufang/105115965457.html
长通熙园 没个税 随时可以看房 不朝高铁 配套成熟,"长通熙园 , 开城大润发",4室1厅,128.8平米,南,精装,33层 ,,塔楼,105 万,8153 元,1,,,VR看装修 | 房本满两年 | 随时看房,https://hui.lianjia.com/ershoufang/105115051301.html
全新装修房子由我专属对接业主，不买贵，看房谈价联系,"翡翠时光 , 下角",1室1厅,43.46平米,西,精装,低楼层(共9层) ,,板塔结合,23 万,5293 元,0,,,VR看装修 | 随时看房,https://hui.lianjia.com/ershoufang/105122025433.html
业主诚心出售，红本在手， 简装，看房方便.,"又一村花园十期 , 白云新城",2室2厅,72.98平米,东南,简装,高楼层(共6层) ,,板楼,13 万,1782 元,10,,,VR看装修 | 房本满五年,https://hui.lianjia.com/ershoufang/105121996102.html
华廷悦府高品质次新小区，刚需三房两卫朝南户型,"华廷悦府 , 陈江",3室2厅,97.86平米,南,毛坯,低楼层(共31层) ,,板塔结合,67 万,6847 元,0,,,VR看装修 | 随时看房,https://hui.lianjia.com/ershoufang/105119446485.html
运恒嘉园精装3房出售，满五唯一,"运恒嘉园 , 江北",3室2厅,96.93平米,南,精装,中楼层(共9层) ,,板楼,60 万,6191 元,1,,,VR看装修 | 房本满五年,https://hui.lianjia.com/ershoufang/105121185600.html
临深地铁口，房子户型房子，出租居家都适合,"枫叶雅堤 , 白云新城",2室1厅,73平米,南 北,毛坯,11层 ,,板塔结合,25 万,3425 元,1,,,VR房源 | 随时看房,https://hui.lianjia.com/ershoufang/105121961087.html
业主急售 朝南大阳台视野好 家私家电齐全精装修,"中兴佳苑 , 大亚湾中心区",1室1厅,51.4平米,南,简装,26层 ,,塔楼,23 万,4475 元,0,,21天以前发布,VR看装修 | 房本满五年 | 随时看房,https://hui.lianjia.com/ershoufang/105122344707.html
诚意出售，高楼层东户南向楼下就是益田带车位,"翡翠山珑悦 , 万达",3室2厅,103平米,南,精装,33层 ,,塔楼,115 万,11166 元,1,,8天以前发布,VR房源 | 房本满五年 | 随时看房,https://hui.lianjia.com/ershoufang/105122482315.html
江北少有大复式，带300平私家露台，精装7房，诚意出售,"江北盛世华府 , 江北",7室2厅,305.1平米,南,精装,高楼层(共13层) ,,板楼,258 万,8457 元,3,,,VR房源 | 房本满五年,https://hui.lianjia.com/ershoufang/105118964969.html
户型方正，采光佳，布局合理，宽敞明亮，改善型,"光耀荷兰小城 , 陈江",3室2厅,77.17平米,东北,简装,28层 ,,板塔结合,42 万,5443 元,0,,,VR看装修 | 房本满五年 | 随时看房,https://hui.lianjia.com/ershoufang/105117396005.html
诚心出售次新小区 高楼层三房一套,"大亚湾碧桂园城央印象 , 吾悦广场",3室2厅,105.25平米,东南,精装,33层 ,,板塔结合,89 万,8457 元,0,,,VR看装修 | 随时看房,https://hui.lianjia.com/ershoufang/105121191988.html
原购价高 费用少 利用率高 生活便利,"华悦柠檬圈子 , 澳头",3室2厅,92.78平米,南,毛坯,高楼层(共17层) ,,板塔结合,32 万,3450 元,1,,,VR看装修 | 房本满两年 | 随时看房,https://hui.lianjia.com/ershoufang/105120973293.html
全屋定制，西南看海景，看漂亮夕阳。,"维港湾花园 , 十里银滩",3室2厅,108.24平米,南,精装,中楼层(共34层) ,,,67.8 万,6264 元,1,,,VR看装修 | 随时看房,https://hui.lianjia.com/ershoufang/105121573856.html
房子满五年，产权清晰，业主外地发展打算出售,"冠华城桂香园 , 西区新寮",4室2厅,101.4平米,南 北,毛坯,20层 ,,板塔结合,69 万,6805 元,1,,,VR房源 | 随时看房,https://hui.lianjia.com/ershoufang/105120461189.html
东江香域大平层，一梯一户。满五唯一。,"王府·钓鱼台 , 博罗中心区",4室1厅,217平米,南 北,毛坯,25层 ,,板塔结合,105 万,4839 元,0,,,VR看装修 | 随时看房,https://hui.lianjia.com/ershoufang/105121553236.html
精装修 江湾南岸 次新房 一线东江 江北核0心地段,"江湾南岸二期 , 江北",4室2厅,149.23平米,东南,精装,中楼层(共39层) ,,板楼,281 万,18830 元,0,,,VR房源 | 房本满五年 | 随时看房,https://hui.lianjia.com/ershoufang/105122241526.html
0天地源御湾 小高层 中间楼层 精装修130万,"天地源御湾 , 水口",4室2厅,144.55平米,南,精装,7层 ,,板塔结合,130 万,8994 元,2,,,VR看装修 | 房本满五年,https://hui.lianjia.com/ershoufang/105119745209.html
东平10小旁，南向电梯大2房，视野开阔，诚意出售,"金沙俊园 , 东平",2室2厅,80.17平米,西南,简装,高楼层(共29层) ,,板塔结合,33 万,4117 元,0,,,VR看装修 | 随时看房,https://hui.lianjia.com/ershoufang/105115891872.html
誉山湖 南向一线湖景 安静南北通 4房大客厅大阳台,"奥园誉山湖花园 , 河南岸",4室2厅,128.74平米,南 北,毛坯,低楼层(共32层) ,,板塔结合,137 万,10642 元,1,,,VR看装修 | 随时看房,https://hui.lianjia.com/ershoufang/105122216416.html
雅居乐一级物业 中间好楼层 视野开阔 有钥匙随时看房,"卓悦华府 , 惠环",4室2厅,101.15平米,南,毛坯,29层 ,,板塔结合,59.6 万,5893 元,0,,,VR房源 | 房本满五年 | 随时看房,https://hui.lianjia.com/ershoufang/105122096782.html
金山湖岛内方直东岸 78平2房拎包入住，业主包契税。,"方直东岸 , 河南岸",2室1厅,77.42平米,东北,简装,17层 ,,板塔结合,43.9 万,5671 元,1,,,VR房源,https://hui.lianjia.com/ershoufang/105122092133.html
满五唯一税费少，红本在手 楼层好 采光充足,"秋谷阳光里 , 万达",2室2厅,60.56平米,南 东南,精装,30层 ,,塔楼,28 万,4624 元,11,,,VR看装修 | 房本满五年 | 随时看房,https://hui.lianjia.com/ershoufang/105104380577.html
次新盘汇显泰华园、轻奢风靓装9.9成新、含子母车位,"汇显城市公园 , 汝湖",5室2厅,129.72平米,南,精装,27层 ,,板楼,119 万,9174 元,0,,,VR看装修,https://hui.lianjia.com/ershoufang/105121503987.html
临深精装两房，品质物业，生活配套方便，业主诚售可聊,"碧桂园太东·蜜柚 , 西区新寮",2室1厅,60.12平米,南,精装,33层 ,,塔楼,40.5 万,6737 元,4,,,VR房源 | 随时看房,https://hui.lianjia.com/ershoufang/105120527501.html
无遮挡 视野好 精装保养好 拎包入住,"保华铂郡 , 河南岸",4室2厅,140.34平米,北 南,精装,30层 ,,板塔结合,198 万,14109 元,1,,,VR房源 | 房本满两年,https://hui.lianjia.com/ershoufang/105119287836.html
急售 一品中央  南北通 双阳台3+1房,"一品中央 , 博罗石湾",3室1厅,121.57平米,南 北,,27层 ,,板塔结合,53 万,4360 元,0,,,VR看装修 | 房本满五年 | 随时看房,https://hui.lianjia.com/ershoufang/105119801245.html
新力城118平 品质精装三房，保养99新,"新力城一期 , 水口",3室2厅,117.73平米,南,,高楼层(共33层) ,,板楼,118 万,10023 元,0,,,VR看装修 | 房本满两年,https://hui.lianjia.com/ershoufang/105122011138.html
三远大爱城 3室2厅 南,"三远大爱城 , 吾悦广场",3室2厅,88.07平米,南,毛坯,32层 ,,板塔结合,49.5 万,5621 元,2,,,VR看装修 | 房本满五年 | 随时看房,https://hui.lianjia.com/ershoufang/105119156428.html
装修三房 大社区 适合居住 好楼层 看花园,"海伦堡院子 , 水口",3室2厅,104.02平米,南,,高楼层(共25层) ,,板塔结合,60 万,5769 元,0,,,VR看装修 | 房本满五年,https://hui.lianjia.com/ershoufang/105118440657.html
大社区成熟片区，绿化环境空气好生活便利，鹿江公园,"隆生皇冠花园 , 水口",4室2厅,142.72平米,南,精装,32层 ,,塔楼,129 万,9039 元,0,,,VR房源,https://hui.lianjia.com/ershoufang/105121907738.html
临深次新品质小区！全新奶油风装修！拎包即可入住,"丰谷天玺 , 龙光城",3室1厅,85.53平米,南,精装,29层 ,,塔楼,73 万,8536 元,0,,,VR看装修 | 随时看房,https://hui.lianjia.com/ershoufang/105121694697.html
中海阅江二期 中高楼层 全新精装修 拎包入住 有钥匙,"中海阅江府2期 , 东江新城",4室2厅,119.52平米,东南,精装,高楼层(共27层) ,,板楼,125 万,10459 元,0,,,VR看装修 | 房本满两年 | 随时看房,https://hui.lianjia.com/ershoufang/105121202656.html
长湖苑二期 花园中间 安静优美 大二房,"新世界长湖苑二期 , 东平",2室1厅,78.5平米,东北,精装,高楼层(共11层) ,,板塔结合,56 万,7134 元,1,,,VR房源 | 随时看房,https://hui.lianjia.com/ershoufang/105121359223.html
仲恺繁华地段配套完善鑫月城南北通透精装大4房中高层,"御湖豪庭 , 陈江",4室2厅,122.91平米,南 北,精装,27层 ,,塔楼,87 万,7079 元,0,,,VR看装修 | 房本满五年,https://hui.lianjia.com/ershoufang/105118573420.html
旅游景奥地利风情小镇成熟配套交通便利,"五矿哈施塔特 , 博罗中心区",3室2厅,94平米,南,毛坯,高楼层(共33层) ,,,39 万,4149 元,0,,,VR房源 | 随时看房,https://hui.lianjia.com/ershoufang/105122174253.html
新房交标  诚心出售  高楼层视野好,"龙光城北八期 , 龙光城",3室1厅,89.32平米,东南,精装,29层 ,,板塔结合,75 万,8397 元,0,,23天以前发布,VR看装修 | 随时看房,https://hui.lianjia.com/ershoufang/105122327741.html
汇乐城旁璟鹏华府南向精装大三房 总价低证五年唯一,"璟鹏华府 , 水口",3室2厅,93.18平米,东南,精装,11层 ,,板塔结合,60.9 万,6536 元,0,,,VR房源 | 房本满五年,https://hui.lianjia.com/ershoufang/105120880799.html
左岸春天一期 2室1厅 南,"左岸春天一期 , 开城大润发",2室1厅,54平米,南,精装,12层 ,,板塔结合,26 万,4815 元,1,,,VR看装修,https://hui.lianjia.com/ershoufang/105120959078.html
此小区次新小区 小区绿化高采 光好户型方正看园林。,"悦璟华庭 , 惠环",3室2厅,94平米,东 南,精装,高楼层(共33层) ,,板塔结合,59 万,6277 元,0,,,VR房源 | 随时看房,https://hui.lianjia.com/ershoufang/105120127383.html
万达商圈，吾悦广场旁，户型方正，毛坯急售,"明华花园 , 吾悦广场",4室2厅,108.01平米,东北,毛坯,16层 ,,塔楼,57 万,5278 元,1,,,VR看装修 | 房本满五年 | 随时看房,https://hui.lianjia.com/ershoufang/105118249212.html
此新房中高楼层，实用率高，业主诚意出售,"天润嘉园 , 西区新寮",4室2厅,94.77平米,南,毛坯,29层 ,,板塔结合,55 万,5804 元,0,,,VR看装修 | 房本满两年 | 随时看房,https://hui.lianjia.com/ershoufang/105121970096.html
华润小径湾精装修大一房，朝向南,"华润小径湾二期 , 霞涌",1室1厅,52平米,南,简装,32层 ,,板塔结合,21.8 万,4193 元,1,,,VR房源,https://hui.lianjia.com/ershoufang/105121284089.html
小区环境好 安静 新装修未入住,"诗林廊桥苑 , 澳头",3室2厅,94平米,南 北,简装,24层 ,,板塔结合,40 万,4256 元,1,,,VR看装修 | 随时看房,https://hui.lianjia.com/ershoufang/105121650616.html
房子方正采光充足，地段好，配套齐全,"中天彩虹城北区 , 开城大润发",1室1厅,41.66平米,南,,30层 ,,塔楼,18 万,4321 元,0,,,VR房源 | 随时看房,https://hui.lianjia.com/ershoufang/105114557043.html
东南向 视野好 通风佳 采光好 租客好约看房随时,"伟豪领御世家 , 江北",4室2厅,100.97平米,东南,简装,中楼层(共32层) ,,板塔结合,95 万,9409 元,0,,,VR看装修 | 房本满五年 | 随时看房,https://hui.lianjia.com/ershoufang/105120756987.html
万达商圈，吾悦广场旁，户型方正，毛坯急售,"明华花园 , 吾悦广场",4室2厅,108.01平米,东北,毛坯,16层 ,,塔楼,57 万,5278 元,1,,,VR看装修 | 房本满五年 | 随时看房,https://hui.lianjia.com/ershoufang/105118249212.html
华润小径湾精装修大一房，朝向南,"华润小径湾二期 , 霞涌",1室1厅,52平米,南,简装,32层 ,,板塔结合,21.8 万,4193 元,1,,,VR房源,https://hui.lianjia.com/ershoufang/105121284089.html
急售 一品中央  南北通 双阳台3+1房,"一品中央 , 博罗石湾",3室1厅,121.57平米,南 北,,27层 ,,板塔结合,53 万,4360 元,0,,,VR看装修 | 房本满五年 | 随时看房,https://hui.lianjia.com/ershoufang/105119801245.html
左岸春天一期 2室1厅 南,"左岸春天一期 , 开城大润发",2室1厅,54平米,南,精装,12层 ,,板塔结合,26 万,4815 元,1,,,VR看装修,https://hui.lianjia.com/ershoufang/105120959078.html
次新盘汇显泰华园、轻奢风靓装9.9成新、含子母车位,"汇显城市公园 , 汝湖",5室2厅,129.72平米,南,精装,27层 ,,板楼,119 万,9174 元,0,,,VR看装修,https://hui.lianjia.com/ershoufang/105121503987.html
万达商旁精品复式房、视野好，位置好，新装修,"中萃花城湾 , 万达",6室2厅,120.16平米,南,精装,16层 ,,塔楼,128 万,10653 元,0,,,VR房源 | 房本满五年,https://hui.lianjia.com/ershoufang/105121565063.html
精装修四房两厅，座北朝南，采光户型好合适一家人居住,"珠光御景湾 , 水口",4室2厅,133平米,东南 南,精装,17层 ,,板塔结合,75 万,5640 元,1,,,VR看装修,https://hui.lianjia.com/ershoufang/105119211075.html
水岸城二期 小三房毛坯 花园楼栋 中间楼层,"中信水岸城二三期 , 东江新城",3室1厅,86.08平米,东南,,17层 ,,板塔结合,73 万,8481 元,0,,18天以前发布,VR看装修 | 房本满五年 | 随时看房,https://hui.lianjia.com/ershoufang/105122365478.html
荷兰小城中间楼层，视野开阔，户型方正，采光通风好！,"光耀荷兰小城 , 陈江",4室2厅,114.19平米,北,毛坯,高楼层(共33层) ,,板塔结合,57 万,4992 元,1,,,VR看装修 | 随时看房,https://hui.lianjia.com/ershoufang/105121494824.html
近仲恺高铁站，邻中韩产业园，中间楼层温馨三房诚心卖,"玖龙台 , 潼侨沥林",3室2厅,89平米,东南,,高楼层(共27层) ,,,43 万,4832 元,0,,,VR看装修 | 房本满两年 | 随时看房,https://hui.lianjia.com/ershoufang/105119997970.html
大社区，近学 校 ，标准住宅风格，采光好，户型方正,"光耀荷兰小城 , 陈江",4室2厅,114.19平米,北,,中楼层(共33层) ,,板塔结合,53 万,4642 元,0,,,VR看装修,https://hui.lianjia.com/ershoufang/105120141114.html
大湖花园 装修小3房 小区有花园 有证 过渡合适,"大湖花园 , 水口",3室2厅,53平米,南,简装,高楼层(共8层) ,,板楼,18 万,3397 元,1,,,VR看装修,https://hui.lianjia.com/ershoufang/105116210945.html
碧桂园 三房两厅两卫 南北通双阳台 采光好,"碧桂园翠湖湾 , 新圩",3室2厅,113.8平米,南,,低楼层(共17层) ,,板塔结合,59 万,5185 元,0,,,VR看装修 | 房本满五年 | 随时看房,https://hui.lianjia.com/ershoufang/105120888301.html
钱隆华府精装三房，业主深圳置业，诚心出售。,"世茂福晟钱隆华府 , 陈江",3室2厅,98.21平米,南,精装,中楼层(共33层) ,,板塔结合,77 万,7841 元,0,,7天以前发布,VR房源 | 房本满两年,https://hui.lianjia.com/ershoufang/105122488534.html
深圳创维惠州园区 高铁站 碧桂园科学城 精装三室二卫,"碧桂园云创家园 , 潼侨沥林",4室2厅,134.71平米,南 北,简装,中楼层(共34层) ,,,80 万,5939 元,0,,,VR看装修 | 房本满两年 | 随时看房,https://hui.lianjia.com/ershoufang/105119580009.html
全新未入住南北通三房 仲恺海关旁 新力帝泊湾,"新力帝泊湾 , 新圩",3室2厅,105.8平米,南,精装,32层 ,,塔楼,58 万,5483 元,1,,,VR看装修 | 房本满两年 | 随时看房,https://hui.lianjia.com/ershoufang/105119775253.html
此小区次新小区 小区绿化高采 光好户型方正看园林。,"悦璟华庭 , 惠环",3室2厅,94平米,东 南,精装,高楼层(共33层) ,,板塔结合,59 万,6277 元,0,,,VR房源 | 随时看房,https://hui.lianjia.com/ershoufang/105120127383.html
此新房中高楼层，实用率高，业主诚意出售,"天润嘉园 , 西区新寮",4室2厅,94.77平米,南,毛坯,29层 ,,板塔结合,55 万,5804 元,0,,,VR看装修 | 房本满两年 | 随时看房,https://hui.lianjia.com/ershoufang/105121970096.html
装修三房 大社区 适合居住 好楼层 看花园,"海伦堡院子 , 水口",3室2厅,104.02平米,南,,高楼层(共25层) ,,板塔结合,60 万,5769 元,0,,,VR看装修 | 房本满五年,https://hui.lianjia.com/ershoufang/105118440657.html
三远大爱城 3室2厅 南,"三远大爱城 , 吾悦广场",3室2厅,88.07平米,南,毛坯,32层 ,,板塔结合,49.5 万,5621 元,2,,,VR看装修 | 房本满五年 | 随时看房,https://hui.lianjia.com/ershoufang/105119156428.html
大社区成熟片区，绿化环境空气好生活便利，鹿江公园,"隆生皇冠花园 , 水口",4室2厅,142.72平米,南,精装,32层 ,,塔楼,129 万,9039 元,0,,,VR房源,https://hui.lianjia.com/ershoufang/105121907738.html
临深次新品质小区！全新奶油风装修！拎包即可入住,"丰谷天玺 , 龙光城",3室1厅,85.53平米,南,精装,29层 ,,塔楼,73 万,8536 元,0,,,VR看装修 | 随时看房,https://hui.lianjia.com/ershoufang/105121694697.html
中海阅江二期 中高楼层 全新精装修 拎包入住 有钥匙,"中海阅江府2期 , 东江新城",4室2厅,119.52平米,东南,精装,高楼层(共27层) ,,板楼,125 万,10459 元,0,,,VR看装修 | 房本满两年 | 随时看房,https://hui.lianjia.com/ershoufang/105121202656.html
临深精装两房，品质物业，生活配套方便，业主诚售可聊,"碧桂园太东·蜜柚 , 西区新寮",2室1厅,60.12平米,南,精装,33层 ,,塔楼,40.5 万,6737 元,4,,,VR房源 | 随时看房,https://hui.lianjia.com/ershoufang/105120527501.html
水岸城六期三房两卫两厅自住精装拎包入住,"中信水岸城六期 , 东江新城",3室2厅,112.88平米,东南,简装,高楼层(共32层) ,,塔楼,115 万,10188 元,1,,,VR看装修 | 房本满五年 | 随时看房,https://hui.lianjia.com/ershoufang/105119944907.html
万达广场旁中萃花城湾小区中间楼层三房急售,"中萃花城湾 , 万达",3室2厅,90.86平米,南,精装,26层 ,,塔楼,61 万,6714 元,2,,,VR看装修 | 房本满五年 | 随时看房,https://hui.lianjia.com/ershoufang/105120908331.html
临深 次新小区  急售无欠款  首付低 月租可抵月供,"钻石公馆 , 草洋新区",1室2厅,56.15平米,南,毛坯,26层 ,,板塔结合,29 万,5165 元,0,,12天以前发布,VR房源 | 房本满五年 | 随时看房,https://hui.lianjia.com/ershoufang/105122437719.html
业主有心出售看房有钥匙采光好户型方正,"东江学府五期 , 河南岸",3室2厅,90.86平米,南,毛坯,低楼层(共22层) ,,板塔结合,79 万,8695 元,0,,17天以前发布,VR房源 | 随时看房,https://hui.lianjia.com/ershoufang/105122385783.html
卢浮公馆大户型 顶层复式 南北通透 看鹅城大桥看江景,"卢浮公馆 , 江北",7室1厅,218平米,南 北,毛坯,高楼层(共12层) ,,板塔结合,215.8 万,9900 元,0,,,VR房源,https://hui.lianjia.com/ershoufang/105120515711.html
奥园誉山湖一线湖景南北通四房，视野开阔无遮挡,"奥园誉山湖花园 , 河南岸",4室2厅,129.63平米,南 北,毛坯,中楼层(共32层) ,,板塔结合,150 万,11572 元,1,,,VR看装修 | 房本满两年 | 随时看房,https://hui.lianjia.com/ershoufang/105119370979.html
此房格局好，双阳台看花园，视野好 ，采光好，楼层好,"荣佳国韵二期 , 龙光城",5室2厅,165.8平米,南 北,毛坯,30层 ,,板塔结合,115 万,6937 元,1,,13天以前发布,VR房源 | 随时看房,https://hui.lianjia.com/ershoufang/105122428025.html
南北通户型，地段好， 品质小区，物业管理好,"聚龙天誉湾二期 , 博罗石湾",4室2厅,117.28平米,南 北,,28层 ,,塔楼,73 万,6225 元,0,,,VR看装修 | 随时看房,https://hui.lianjia.com/ershoufang/105121630147.html
惠城区广安花园三房两厅100平方29万急售,"廣安花園 , 麦地",3室2厅,100.45平米,西南,简装,高楼层(共10层) ,,,28 万,2788 元,2,,,VR看装修 | 房本满两年 | 随时看房,https://hui.lianjia.com/ershoufang/105121027399.html
带装修南北通三房，视野开阔，采光充足,"鸿升世纪东方城 , 水口",3室2厅,129.36平米,南 北,简装,26层 ,,板塔结合,75 万,5798 元,0,,,VR看装修,https://hui.lianjia.com/ershoufang/105121514958.html
东南朝向，视野开阔，户型布局很好，三个房间都朝南,"星河丹堤F区 , 南站新城",3室2厅,88.47平米,南,毛坯,34层 ,,板塔结合,69 万,7800 元,4,,,VR看装修 | 房本满五年 | 随时看房,https://hui.lianjia.com/ershoufang/105120101281.html
花园中间 精装三房 拎包入住 满二唯一,"富盈公馆三期 , 马安",3室2厅,102.04平米,南,精装,低楼层(共11层) ,,塔楼,83.9 万,8223 元,0,,,VR看装修 | 房本满两年 | 随时看房,https://hui.lianjia.com/ershoufang/105120193740.html
东南朝向精装修三居室 诚心出售 看房方便,"东湖花园三号小区 , 东平",3室2厅,89.24平米,南,,中楼层(共14层) ,,板楼,64 万,7172 元,0,,,VR看装修 | 房本满五年 | 随时看房,https://hui.lianjia.com/ershoufang/105122207580.html
此房地段好，出小区门就是市政广场跟市场，居住方便,"隆基天地广场 , 区政府",3室2厅,128.7平米,东 西南,,23层 ,,板塔结合,68.8 万,5346 元,1,,,VR房源 | 房本满五年 | 随时看房,https://hui.lianjia.com/ershoufang/105121586421.html
近深圳沙田地铁站，精装修，小区花园绿化达30%以上,"万城 , 白云新城",2室1厅,60.81平米,北,精装,25层 ,,板塔结合,38 万,6249 元,0,,,VR看装修 | 房本满五年 | 随时看房,https://hui.lianjia.com/ershoufang/105121598503.html
N2区新上房源简欧装修楼层好诚心卖,"星河丹堤N区 , 南站新城",4室1厅,138.84平米,南,精装,8层 ,,板楼,183 万,13181 元,5,,,VR房源 | 房本满五年,https://hui.lianjia.com/ershoufang/105122105400.html
大社区 户型南北通双阳台近沙田站,"万城名座花园 , 白云新城",4室2厅,132平米,南,精装,32层 ,,板塔结合,111 万,8410 元,0,,,VR看装修 | 房本满五年 | 随时看房,https://hui.lianjia.com/ershoufang/105120594296.html
房间都很宽敞 朝东南户型 采光明亮 通风性,"方圆天俊 , 惠环",4室2厅,116.7平米,南,毛坯,高楼层(共32层) ,,塔楼,68 万,5827 元,0,,,VR看装修 | 随时看房,https://hui.lianjia.com/ershoufang/105120280275.html
美丽洲 4室1厅 东南,"美丽洲 , 马安",4室1厅,138.7平米,东南,,高楼层(共32层) ,,塔楼,110 万,7931 元,0,,,VR看装修 | 房本满两年 | 随时看房,https://hui.lianjia.com/ershoufang/105121596327.html
海景城大社区 户型方正 高层视野开阔,"海景城 , 澳头",4室2厅,120.47平米,南 北,毛坯,33层 ,,板塔结合,60 万,4981 元,1,,,VR看装修 | 房本满五年 | 随时看房,https://hui.lianjia.com/ershoufang/105117589812.html
乐基大厦小区属于惠阳淡水2017年的房子 近高速,"乐基大厦 , 区政府",4室2厅,87.92平米,南,毛坯,29层 ,,板塔结合,48 万,5460 元,0,,,VR看装修 | 房本满五年 | 随时看房,https://hui.lianjia.com/ershoufang/105119252071.html
尚城世家，全屋智能装修，拎包入住,"尚城世家二期 , 区政府",2室2厅,81.37平米,西,,26层 ,,板塔结合,68 万,8357 元,0,,,VR看装修 | 房本满五年 | 随时看房,https://hui.lianjia.com/ershoufang/105121326180.html
全新精装，南北双阳台双卫，楼层视野佳，红本，税费低,"美悦湾 , 大亚湾中心区",3室2厅,91.41平米,南 北,精装,中楼层(共33层) ,,板楼,57 万,6236 元,2,,29天以前发布,VR看装修 | 随时看房,https://hui.lianjia.com/ershoufang/105122273567.html
户型布局合理  儿童老人活动区域热闹  生活舒适惬意,"渝景湾花园四期 , 澳头",3室2厅,96.48平米,南,简装,低楼层(共26层) ,,板塔结合,27 万,2799 元,7,,,VR房源 | 房本满五年 | 随时看房,https://hui.lianjia.com/ershoufang/105113037142.html
小区地理位置优越，楼层采光好，花园绿化好，,"鑫月御园 , 秋长",3室2厅,93.22平米,东南,毛坯,31层 ,,板塔结合,43 万,4613 元,0,,,VR看装修 | 房本满两年 | 随时看房,https://hui.lianjia.com/ershoufang/105112698232.html
皇冠豪苑 147平 4加1房 一线看江  两梯两户纯板式楼,"万城皇冠豪苑 , 水口",5室2厅,147.81平米,南,毛坯,22层 ,,板楼,142 万,9607 元,0,,,VR看装修 | 房本满两年 | 随时看房,https://hui.lianjia.com/ershoufang/105121315130.html
一线江景，红本在手，7米大阳台，凤凰楼层，拎包入住,"中信水岸城二三期 , 东江新城",3室2厅,167.83平米,东南,精装,32层 ,,板楼,175 万,10428 元,0,,,VR房源 | 房本满两年 | 随时看房,https://hui.lianjia.com/ershoufang/105122092084.html
凯旋城 3房  南向光照好，通风效果好！,"中海凯旋城五六期 , 河南岸",3室2厅,87.43平米,东南,毛坯,32层 ,,板塔结合,72 万,8236 元,0,,,VR看装修 | 房本满五年 | 随时看房,https://hui.lianjia.com/ershoufang/105122092279.html
临深白云新城，带装修三房，近沙田地铁口,"鹏城里 , 白云新城",3室2厅,93.44平米,东北,简装,28层 ,,板塔结合,47.8 万,5116 元,0,,25天以前发布,VR看装修 | 房本满五年 | 随时看房,https://hui.lianjia.com/ershoufang/105122309811.html
边位三房两卫，南向采光充足，视野开阔,"小径海岸城花园 , 霞涌",3室1厅,104平米,南,精装,33层 ,,板塔结合,48.8 万,4693 元,1,,,VR房源 | 随时看房,https://hui.lianjia.com/ershoufang/105120922894.html
科技园旁，次新小区，实用四房。,"仁和美地家园 , 吾悦广场",4室2厅,114.97平米,南 北,毛坯,32层 ,,塔楼,66.9 万,5819 元,1,,,VR看装修 | 房本满两年 | 随时看房,https://hui.lianjia.com/ershoufang/105120905598.html
采光通风效果好，业主诚意出售，小区舒服.,"惠州星河盛世 , 白云新城",4室2厅,89.26平米,西南,,33层 ,,板塔结合,56 万,6274 元,0,,,VR看装修 | 随时看房,https://hui.lianjia.com/ershoufang/105116641404.html
顶楼复式4房上下2层 天台种菜 种花,"碧桂园翠湖湾 , 新圩",4室3厅,181.95平米,东南,精装,高楼层(共17层) ,,塔楼,116 万,6376 元,1,,,VR房源 | 房本满两年 | 随时看房,https://hui.lianjia.com/ershoufang/105120531228.html
轻轨物业 金辉新苑精装大三房 保养好 拎包入住,"金輝新苑 , 龙丰",3室2厅,130.34平米,北,精装,中楼层(共9层) ,,板塔结合,75 万,5755 元,0,,,VR房源 | 房本满五年 | 随时看房,https://hui.lianjia.com/ershoufang/105118865051.html
中间楼层采光好 户型方正 满五唯一 税费低,"公交宿舍 , 麦地",3室2厅,78.82平米,南,,9层 ,,,29.8 万,3781 元,0,,31天以前发布,VR房源 | 房本满五年 | 随时看房,https://hui.lianjia.com/ershoufang/105122256853.html
金山新城东江新城新片区  西枝江畔马安河旁  刚需三房,"德威江誉城Ⅱ期 , 马安",3室2厅,96.52平米,东南,,高楼层(共32层) ,,塔楼,79 万,8185 元,0,,,VR房源 | 房本满两年 | 随时看房,https://hui.lianjia.com/ershoufang/105115229153.html
临深 壹方水榭 低密度大社区，看河景视野好，,"壹方水榭 , 白云新城",4室2厅,119平米,北,简装,中楼层(共31层) ,,板塔结合,82 万,6891 元,1,,30天以前发布,VR看装修 | 房本满两年 | 随时看房,https://hui.lianjia.com/ershoufang/105122266780.html
朝南标准三房 高楼层 视野好 通透,"昊翔源云璞花园 , 陈江",3室2厅,97.31平米,南 北,毛坯,高楼层(共27层) ,,塔楼,75 万,7708 元,0,,,VR看装修 | 房本满两年 | 随时看房,https://hui.lianjia.com/ershoufang/105120803657.html
金山湖方直东岸精装3房2卫出售，安静不吵,"方直东岸 , 河南岸",3室2厅,101平米,南,精装,32层 ,,板塔结合,115 万,11387 元,2,,,VR看装修 | 房本满五年 | 随时看房,https://hui.lianjia.com/ershoufang/105117678874.html
保利四期南北通的户型，业主诚心卖,"保利阳光城四期 , 白云新城",3室1厅,94.63平米,南 北,毛坯,32层 ,,板塔结合,67.9 万,7176 元,0,,13天以前发布,VR房源 | 房本满两年 | 随时看房,https://hui.lianjia.com/ershoufang/105122427943.html
轻轨旁新园林社区 户型方正视野好，配套齐全交通便利,"雅居乐铂琅峯花园 , 惠环",3室2厅,95.94平米,南,毛坯,高楼层(共33层) ,,板塔结合,59 万,6150 元,0,,,VR看装修 | 房本满两年 | 随时看房,https://hui.lianjia.com/ershoufang/105121097346.html
颐景花园，朝南花园中间位，证在手，四房,"颐景花园 , 东平",3室1厅,140.61平米,东南,精装,中楼层(共11层) ,,板塔结合,125 万,8890 元,0,,,VR房源 | 随时看房,https://hui.lianjia.com/ershoufang/105121717737.html
星河丹堤G4区，朝南三房，业主诚心出售,"星河丹堤G4区 , 南站新城",3室2厅,100.26平米,南,毛坯,32层 ,,板塔结合,102 万,10174 元,0,,,VR房源 | 房本满两年 | 随时看房,https://hui.lianjia.com/ershoufang/105120717095.html
业主诚心出售，次新小区，居家舒适，高速近,"天源花园 , 大亚湾中心区",3室2厅,81.35平米,南,毛坯,26层 ,,板塔结合,29 万,3565 元,0,,17天以前发布,VR房源 | 房本满五年 | 随时看房,https://hui.lianjia.com/ershoufang/105122379998.html
龙湖华昌旁次新小区国兆嘉泓公馆 精装四房带家私家电,"国兆嘉泓公馆 , 水口",4室2厅,125.91平米,南,,低楼层(共28层) ,,板塔结合,80 万,6354 元,0,,15天以前发布,VR房源 | 房本满五年 | 随时看房,https://hui.lianjia.com/ershoufang/105122402585.html
龙光城南四期 3室2厅 南,"龙光城南四期 , 龙光城",3室2厅,71.59平米,南,简装,34层 ,,板塔结合,70 万,9778 元,1,,26天以前发布,VR房源 | 房本满五年 | 随时看房,https://hui.lianjia.com/ershoufang/105122302697.html
澳头高速出口，百万楼盘，高楼层视野采光好，随意改动,"华冠花园 , 大亚湾中心区",3室2厅,81.6平米,南,毛坯,26层 ,,板塔结合,37 万,4535 元,0,,,VR看装修 | 随时看房,https://hui.lianjia.com/ershoufang/105121960219.html
大社区花园高层视野开阔，拎包入住,"富川瑞园 , 惠环",4室2厅,97平米,南,精装,中楼层(共34层) ,,板塔结合,51 万,5258 元,0,,,VR看装修 | 随时看房,https://hui.lianjia.com/ershoufang/105119900094.html
碧桂园十里银滩爱琴海4-2-1-2 147.00m 130 万,"碧桂园十里银滩爱琴海 , 十里银滩",4室2厅,147平米,西南,精装,30层 ,,板塔结合,62.8 万,4273 元,5,,,VR房源 | 随时看房,https://hui.lianjia.com/ershoufang/105109446051.html
半岛1号五期 3室2厅 南,"半岛1号五期 , 白云新城",3室2厅,105.16平米,南,毛坯,22层 ,,板塔结合,79.5 万,7560 元,0,,,VR看装修 | 房本满五年 | 随时看房,https://hui.lianjia.com/ershoufang/105122100136.html
南湖时光小户型，精装修，不占背包出售，随时看房,"南湖时光 , 南坛",1室1厅,43平米,南,,12层 ,,,153.8 万,35768 元,0,,,VR看装修 | 随时看房,https://hui.lianjia.com/ershoufang/105122192233.html
大新城旁边璟鹏华府小区三房两厅两卫。,"璟鹏华府 , 水口",3室2厅,100.2平米,东南,简装,11层 ,,板塔结合,59.5 万,5939 元,0,,,VR看装修 | 房本满五年,https://hui.lianjia.com/ershoufang/105121038755.html
临深近地铁大单间户型方正视野宽阔配套完善交通便利,"和瑞大厦 , 西区新寮",1室0厅,28.43平米,东,精装,30层 ,,板塔结合,16.9 万,5945 元,0,,5天以前发布,VR房源 | 随时看房,https://hui.lianjia.com/ershoufang/105122516181.html
业主诚心出售 临 深社区小区有山有湖,"龙海壹号 , 万达",3室2厅,103.33平米,南,毛坯,34层 ,,板塔结合,60 万,5807 元,2,,,VR看装修 | 房本满五年 | 随时看房,https://hui.lianjia.com/ershoufang/105121877935.html
区政府 汇星名庭 精装三房 配套齐全 税费低,"汇星名庭 , 草洋新区",3室1厅,110.54平米,西南,简装,23层 ,,塔楼,53 万,4795 元,0,,30天以前发布,VR看装修 | 房本满五年 | 随时看房,https://hui.lianjia.com/ershoufang/105122267783.html
房屋保养好，红本在手，随时可签约，看房方便,"碧桂园.十里银滩.山林海二区 , 十里银滩",2室2厅,66.63平米,南,精装,29层 ,,板塔结合,21.8 万,3272 元,4,,,VR房源 | 房本满五年 | 随时看房,https://hui.lianjia.com/ershoufang/105121891325.html
产权清晰，诚心出售，临深，户型方正,"壹方水榭 , 白云新城",4室2厅,110平米,南 北,精装,高楼层(共30层) ,,板塔结合,74 万,6728 元,0,,7天以前发布,VR房源 | 房本满两年 | 随时看房,https://hui.lianjia.com/ershoufang/105122496356.html
临深河景房源，小区中间位置，看花园和坪山河,"金溪湾 , 西区新寮",3室1厅,89.35平米,南,精装,29层 ,,板塔结合,48 万,5373 元,0,,,VR看装修 | 房本满五年 | 随时看房,https://hui.lianjia.com/ershoufang/105120680636.html
大湖溪 电梯房 带装修3房 拎包入住 生活方便 配套好,"大湖星城 , 水口",3室2厅,107.6平米,北,精装,中楼层(共8层) ,,板楼,45 万,4183 元,0,,,VR看装修 | 房本满五年,https://hui.lianjia.com/ershoufang/105121901891.html
新力城二期109平三房两厅两卫，南北通中高楼层,"新力城二期 , 水口",3室1厅,109平米,南,毛坯,中楼层(共33层) ,,板楼,90 万,8257 元,0,,,VR房源 | 房本满五年 | 随时看房,https://hui.lianjia.com/ershoufang/105120917185.html
龙光城北区、南向大四房、精装保养好、看别墅景观,"龙光城北八期 , 龙光城",4室2厅,117.91平米,南,精装,31层 ,,板塔结合,120 万,10178 元,0,,,VR看装修 | 房本满两年,https://hui.lianjia.com/ershoufang/105121456407.html
灿邦商圈，次新小区，绿化好，品质好，视野好,"泰丰枫林岸花园 , 吾悦广场",3室2厅,99.23平米,南,精装,32层 ,,板塔结合,85 万,8566 元,0,,,VR看装修 | 房本满两年 | 随时看房,https://hui.lianjia.com/ershoufang/105118273072.html
东江沙公园 电梯精装3室  大阳台 看房有钥匙,"东怡新苑 , 东平",3室2厅,119.89平米,东南,精装,中楼层(共9层) ,,板塔结合,68 万,5672 元,0,,,VR看装修 | 房本满五年 | 随时看房,https://hui.lianjia.com/ershoufang/105121531592.html
使用率高，成熟社区使用率高，成熟社区。,"德丰凯旋城北区 , 大亚湾中心区",6室2厅,151.05平米,东南,毛坯,32层 ,,塔楼,79 万,5231 元,1,,,VR房源 | 房本满五年 | 随时看房,https://hui.lianjia.com/ershoufang/105120410749.html
业主急售，红本在手，看花园，安静不吵,"中海阅江府2期 , 东江新城",4室1厅,120平米,南,毛坯,低楼层(共27层) ,,板楼,96 万,8000 元,0,,,VR看装修 | 随时看房,https://hui.lianjia.com/ershoufang/105121473255.html
百万别墅大盘  大社区  近高铁站,"惠阳雅居乐花园一期 , 南站新城",2室2厅,88.49平米,西,精装,24层 ,,板塔结合,43 万,4860 元,1,,,VR看装修 | 房本满五年 | 随时看房,https://hui.lianjia.com/ershoufang/105122185558.html
高尔夫1号看高尔夫球场5房，景色绝美，中高楼层,"建曙高尔夫1号 , 区政府",5室2厅,125.72平米,南,精装,30层 ,,塔楼,119 万,9466 元,0,,,VR看装修 | 房本满五年 | 随时看房,https://hui.lianjia.com/ershoufang/105118745940.html
业主急售：朝南看花园 明厨明卫 采光通风视野开阔,"实地常春藤 , 三和经济开发区",3室2厅,108平米,南 北,毛坯,33层 ,,板塔结合,40 万,3704 元,0,,,VR看装修,https://hui.lianjia.com/ershoufang/105117220883.html
江北新装修 3+1房 装修很漂亮 中间楼层,"雨花香府 , 江北",4室2厅,116.16平米,东南 南,精装,中楼层(共17层) ,,,108 万,9298 元,0,,,VR看装修 | 房本满两年,https://hui.lianjia.com/ershoufang/105122171033.html
鸿润叠韵，带装修四房，诚意出售,"鸿润·叠韵 , 河南岸",4室2厅,141.57平米,南,精装,中楼层(共32层) ,,塔楼,99.8 万,7050 元,0,,,VR看装修 | 随时看房,https://hui.lianjia.com/ershoufang/105111008246.html
房子是满二没有增值税了，中间楼层采光和通风效果好,"长通熙园 , 开城大润发",2室1厅,70.12平米,南,,32层 ,,板楼,46 万,6561 元,1,,,VR房源 | 房本满五年 | 随时看房,https://hui.lianjia.com/ershoufang/105119417374.html
带大露台 轻轨口 2023年小区南北向4房 很漂亮,"翔顺花园 , 龙丰",4室2厅,115.4平米,东南,精装,低楼层(共27层) ,,板塔结合,148 万,12825 元,0,,,VR房源 | 房本满两年 | 随时看房,https://hui.lianjia.com/ershoufang/105122093370.html
春江天境花园 117.38平米 4房2厅2卫,"春江天境花园 , 东江高新区",4室2厅,117.38平米,南 北,毛坯,中楼层(共33层) ,,板塔结合,51 万,4345 元,0,,,VR看装修 | 房本满两年 | 随时看房,https://hui.lianjia.com/ershoufang/105121877937.html
御景花园3房2厅 精装修，看房有钥匙，带个小露台，,"御景花园南区 , 下角",3室2厅,86.89平米,西北,精装,24层 ,,板塔结合,72 万,8287 元,0,,,VR房源 | 房本满五年 | 随时看房,https://hui.lianjia.com/ershoufang/105120962268.html
惠阳站，一房一厅，近天虹大润发,"百润基银座 , 开城大润发",1室1厅,46.93平米,东北,简装,20层 ,,板楼,15.5 万,3303 元,2,,,VR房源 | 房本满五年,https://hui.lianjia.com/ershoufang/105120479881.html
惠州市大亚湾西区大悦花园4房2厅两卫业主诚心出售,"大悦花园 , 比亚迪商圈",4室2厅,88.26平米,南,毛坯,27层 ,,板塔结合,36 万,4079 元,1,,,VR看装修 | 房本满五年 | 随时看房,https://hui.lianjia.com/ershoufang/105122091628.html
万达商圈满5税少南向双阳台小洋房,"熊猫国际三期 , 万达",4室2厅,149.86平米,南,毛坯,11层 ,,板楼,99 万,6607 元,1,,,VR看装修 | 房本满五年 | 随时看房,https://hui.lianjia.com/ershoufang/105113586314.html
中间楼层，视野开阔，看花园，业主诚意急卖，方便看房,"星河丹堤G区 , 南站新城",3室2厅,98.06平米,南,毛坯,34层 ,,塔楼,90 万,9179 元,0,,,VR房源 | 房本满五年 | 随时看房,https://hui.lianjia.com/ershoufang/105122218947.html
此房户型方正 景观很好采光通都可以，出租壹选,"东岸公馆 , 白云新城",2室1厅,64平米,南,毛坯,26层 ,,板塔结合,28 万,4375 元,4,,,VR看装修 | 房本满五年,https://hui.lianjia.com/ershoufang/105105751905.html
中骏雍景府小区环境优美，楼下很方便，,"中骏雍景府 , 江北",2室1厅,41平米,南,,中楼层(共22层) ,,板塔结合,16.5 万,4025 元,1,,,VR房源 | 随时看房,https://hui.lianjia.com/ershoufang/105119955338.html
海伦湾朝南看江景三房，高层全新毛坯，南北通双阳台,"海伦堡海伦湾 , 东平",4室2厅,102.43平米,南,毛坯,中楼层(共33层) ,,板塔结合,90 万,8787 元,0,,,VR看装修 | 房本满五年 | 随时看房,https://hui.lianjia.com/ershoufang/105113844502.html
江北丽日君颐花园花园中间安静3房2卫精装保养好,"丽日君颐家园 , 江北",3室1厅,94.85平米,北,简装,高楼层(共30层) ,,板塔结合,108 万,11387 元,0,,,VR看装修 | 房本满五年 | 随时看房,https://hui.lianjia.com/ershoufang/105118239579.html
泰宇城市中央 4室2厅 南,"泰宇城市中央 , 江北",4室2厅,108平米,南,精装,中楼层(共30层) ,,塔楼,107 万,9908 元,0,,11天以前发布,VR房源,https://hui.lianjia.com/ershoufang/105122450486.html
江北CBD唐宁公馆，看房店里有钥匙,"唐宁公馆 , 江北",4室1厅,170.05平米,南,毛坯,低楼层(共16层) ,,塔楼,159 万,9351 元,1,,,VR房源 | 房本满五年 | 随时看房,https://hui.lianjia.com/ershoufang/105114053540.html
牧马湖精装四房南北通透业主诚心出售,"泰丰牧马湖 , 万达",4室2厅,113.02平米,南 北,精装,11层 ,,板楼,123 万,10884 元,2,,,VR房源 | 房本满两年 | 随时看房,https://hui.lianjia.com/ershoufang/105120524561.html
临深一线好房，锦地繁花三房好户型好楼层好价格,"锦地繁花 , 西区新寮",3室2厅,88.05平米,南,毛坯,17层 ,,板塔结合,56.5 万,6417 元,0,,,VR看装修 | 房本满五年 | 随时看房,https://hui.lianjia.com/ershoufang/105119936583.html
高层朝南精装修采光好，看房方便,"丽格国际公寓 , 江北",1室1厅,42.5平米,南,简装,30层 ,,塔楼,32 万,7530 元,0,,,VR房源 | 随时看房,https://hui.lianjia.com/ershoufang/105120552618.html
龙光城南四期五房，业主诚心出售,"龙光城南四期 , 龙光城",5室2厅,114.65平米,东 北,简装,34层 ,,塔楼,106 万,9246 元,1,,,VR看装修,https://hui.lianjia.com/ershoufang/105120884341.html
大阳台大客厅！3代同堂！全新未住，视野采光通风好,"太东红树湾悦府 , 大亚湾中心区",5室2厅,288.07平米,东南,,22层 ,,板塔结合,357 万,12393 元,0,,,VR房源 | 随时看房,https://hui.lianjia.com/ershoufang/105122062254.html
保利四期环境舒适，业主急售，房子没欠款，红本在手。,"保利阳光城四期 , 白云新城",3室2厅,101.66平米,东南,毛坯,30层 ,,板塔结合,56 万,5509 元,1,,,VR看装修 | 随时看房,https://hui.lianjia.com/ershoufang/105114896267.html
麦地 华洪新村电梯朝南2房 保养好,"华洪新村 , 麦地",2室1厅,81.46平米,南,精装,高楼层(共8层) ,,板塔结合,45.5 万,5586 元,0,,12天以前发布,VR房源 | 房本满五年,https://hui.lianjia.com/ershoufang/105122435418.html
金叶华府朝南3房看花园，中间楼层，可看房,"金叶华府 , 博罗石湾",3室2厅,109平米,南,,30层 ,,板塔结合,55 万,5046 元,1,,,VR看装修 | 房本满两年 | 随时看房,https://hui.lianjia.com/ershoufang/105120609317.html
高铁站2.5公里，万达天虹大润发三大购物商圈。,"恒鑫御园 , 万达",2室1厅,62.17平米,东南,精装,26层 ,,板塔结合,39 万,6274 元,4,,,VR房源 | 随时看房,https://hui.lianjia.com/ershoufang/105121295038.html
仲恺次新小区，成熟商圈，中间楼层4房，视野无遮挡,"腾韵花园 , 陈江",4室2厅,116.49平米,南,毛坯,32层 ,,板塔结合,78 万,6696 元,0,,,VR看装修 | 房本满两年 | 随时看房,https://hui.lianjia.com/ershoufang/105117469175.html
国鹏实用3房，好楼层， 采光通风好，配套齐全,"国鹏润德学府 , 惠环",3室2厅,85平米,南,毛坯,中楼层(共29层) ,,板塔结合,45.8 万,5389 元,0,,,VR看装修 | 随时看房,https://hui.lianjia.com/ershoufang/105118145453.html
江湾一品 4室2厅 东北,"江湾一品 , 下角",4室2厅,174.89平米,东北,毛坯,高楼层(共30层) ,,板塔结合,168 万,9607 元,0,,24天以前发布,VR看装修 | 房本满五年 | 随时看房,https://hui.lianjia.com/ershoufang/105122321272.html
富康锦绣壹号三期 朝南三房 东边户 视野好 诚心出售,"富康锦绣壹号三期 , 西区新寮",3室2厅,85.24平米,南,精装,32层 ,,塔楼,96 万,11263 元,0,,8天以前发布,VR房源 | 房本满五年 | 随时看房,https://hui.lianjia.com/ershoufang/105122483423.html
吾悦广场旁业主自住，诚心卖，南北通，看花园!,"碧桂园太东公园上城 , 吾悦广场",3室2厅,109.35平米,南 北,精装,33层 ,,板塔结合,96 万,8780 元,0,,,VR看装修 | 房本满两年,https://hui.lianjia.com/ershoufang/105121101826.html
福晟钱隆樽品花园 3室2厅 南,"福晟钱隆樽品花园 , 陈江",3室2厅,90.2平米,南,简装,33层 ,,塔楼,62 万,6874 元,0,,,VR看装修 | 随时看房,https://hui.lianjia.com/ershoufang/105119282953.html
荣佳国韵 两房 税费少，高档小区，一线临深，配套齐全,"荣佳国韵二期 , 龙光城",2室2厅,74.75平米,东南 南,毛坯,26层 ,,板塔结合,46 万,6154 元,5,,,VR看装修 | 随时看房,https://hui.lianjia.com/ershoufang/105113315861.html
红本在手无欠款，开发商装修，无住过人，户型通透,"龙光城北十二期 , 龙光城",4室1厅,109.36平米,东南,精装,33层 ,,板塔结合,100 万,9145 元,0,,,VR房源 | 房本满五年 | 随时看房,https://hui.lianjia.com/ershoufang/105120668956.html
二月天花园 2室2厅 北,"二月天花园 , 大亚湾中心区",2室2厅,55.7平米,北,精装,33层 ,,塔楼,28 万,5027 元,1,,,VR看装修,https://hui.lianjia.com/ershoufang/105122102643.html
平台介绍，金地物业大亚湾第1住宅业主红本在售,"富康锦绣壹号5期 , 西区新寮",4室2厅,124.7平米,南 北,精装,32层 ,,塔楼,162 万,12992 元,2,,,VR看装修 | 随时看房,https://hui.lianjia.com/ershoufang/105118154375.html
双阳台南北通 北靠亚公顶森林公园 南看园林 和泳池,"星河丹堤C区 , 南站新城",4室2厅,135.42平米,南 北,精装,31层 ,,板塔结合,110 万,8123 元,1,,,VR看装修 | 房本满五年 | 随时看房,https://hui.lianjia.com/ershoufang/105121738871.html
楼层好，采光充足，视野开阔，大型高品质小区,"牧云溪谷二期云尚 , 新圩",3室2厅,86.12平米,东南,简装,33层 ,,塔楼,115 万,13354 元,0,,,VR看装修 | 随时看房,https://hui.lianjia.com/ershoufang/105118996598.html
东湖花园三区 边位 电梯中上层 采光通风好,"东湖花园三号小区 , 东平",3室1厅,109.21平米,北,简装,高楼层(共14层) ,,板楼,73 万,6685 元,0,,,VR房源 | 房本满五年 | 随时看房,https://hui.lianjia.com/ershoufang/105121429297.html
诚意出售东湖花园四区电梯正南 书香门第,"东湖花园四号小区 , 东平",2室1厅,88.44平米,南,精装,7层 ,,板塔结合,55 万,6219 元,1,,,VR房源 | 房本满五年 | 随时看房,https://hui.lianjia.com/ershoufang/105119168182.html
昶园满三年业主红本在手无欠款诚心出售有钥匙看房,"昶园 , 南站新城",4室2厅,141平米,南 北,毛坯,30层 ,,板塔结合,98 万,6951 元,0,,,VR看装修 | 随时看房,https://hui.lianjia.com/ershoufang/105117872347.html
水口上观国际，中间楼层，南北对流，视野好，大社区。,"合生·上观国际 , 水口",4室2厅,144.58平米,南 北,,低楼层(共29层) ,,塔楼,129 万,8923 元,0,,,VR看装修 | 随时看房,https://hui.lianjia.com/ershoufang/105119389843.html
陈江CBD双阳台4房装修全新南北通透诚心出售价格可谈,"华廷悦府 , 陈江",4室2厅,118.7平米,南 北,精装,低楼层(共31层) ,,塔楼,105 万,8846 元,0,,,VR看装修 | 房本满两年 | 随时看房,https://hui.lianjia.com/ershoufang/105115931979.html
沃尔玛旁红本在手 精装修单间 拎包入住电梯房交通便利,"当代上品湾花园 , 澳头",1室0厅,30.82平米,西,,37层 ,,板塔结合,11 万,3570 元,8,,,VR看装修 | 房本满五年,https://hui.lianjia.com/ershoufang/105120930443.html
京华中央御园 4室2厅 南,"京华中央御园 , 比亚迪商圈",4室2厅,87.61平米,南,简装,26层 ,,板塔结合,55 万,6278 元,0,,10天以前发布,VR房源 | 房本满五年 | 随时看房,https://hui.lianjia.com/ershoufang/105122465136.html
高铁站物业，花园小区，楼层靓宽，阔合格，景三房。,"玖龙台 , 潼侨沥林",3室1厅,85.53平米,南,,低楼层(共31层) ,,,39 万,4560 元,0,,26天以前发布,VR看装修 | 随时看房,https://hui.lianjia.com/ershoufang/105122302144.html
江北片区 双城国际北区 简单装修三房 看房方便有钥匙,"双城国际北区 , 江北",3室2厅,121.91平米,南,简装,中楼层(共16层) ,,塔楼,95 万,7793 元,1,,,VR房源 | 随时看房,https://hui.lianjia.com/ershoufang/105113810365.html
双城国际北区，业主说砍价就卖，花园小区，实用大三房,"双城国际北区 , 江北",4室2厅,112.49平米,北,,低楼层(共16层) ,,塔楼,78 万,6934 元,2,,,VR房源 | 房本满五年 | 随时看房,https://hui.lianjia.com/ershoufang/105112698002.html
德威花园二期 四房二厅二卫 南北通 中间楼层 看花园,"德威花园城二期 , 秋长",4室2厅,117.14平米,南 北,毛坯,中楼层(共31层) ,,塔楼,63.8 万,5447 元,0,,12天以前发布,VR房源 | 随时看房,https://hui.lianjia.com/ershoufang/105122432527.html
锦地繁花，一线临深小区，800米坪山，good！,"锦地繁花 , 西区新寮",2室1厅,76.71平米,南,毛坯,22层 ,,板塔结合,42 万,5476 元,0,,,VR看装修 | 房本满五年 | 随时看房,https://hui.lianjia.com/ershoufang/105122215303.html
房屋装修好，看房联系，采光好，看房方便,"加旺花苑 , 麦地",4室1厅,113.8平米,北,精装,中楼层(共8层) ,,板楼,69.8 万,6134 元,0,,,VR房源 | 房本满两年,https://hui.lianjia.com/ershoufang/105120604159.html
仲恺高新区陈江南站旁仲恺隆生花园,"隆生仲恺花园 , 陈江",4室2厅,130.15平米,东南,精装,低楼层(共27层) ,,板塔结合,114 万,8760 元,0,,,VR看装修 | 房本满两年,https://hui.lianjia.com/ershoufang/105120804233.html
精装修朝南大入户三房两卫  阳光假日花园,"阳光假日花园 , 东平",3室2厅,107.58平米,南,精装,9层 ,,板塔结合,83 万,7716 元,0,,,VR房源 | 房本满五年,https://hui.lianjia.com/ershoufang/105118333750.html
"产权清晰,朝南采光视野开阔，中间楼层，随时看房","卓越东部蔚蓝海岸三期 , 西区新寮",2室2厅,76.43平米,南,毛坯,33层 ,,塔楼,47 万,6150 元,0,,,VR看装修 | 房本满五年 | 随时看房,https://hui.lianjia.com/ershoufang/105120488145.html
临深，朝南，好楼层，配套完善，小区环境舒适,"美景印象 , 西区新寮",4室2厅,110.2平米,南 北,毛坯,31层 ,,板塔结合,78 万,7079 元,0,,,VR看装修 | 房本满两年 | 随时看房,https://hui.lianjia.com/ershoufang/105117299358.html
隆生仲恺花园 3房2卫 花园中间位置 看花园,"隆生仲恺花园 , 陈江",3室1厅,110.13平米,南,毛坯,32层 ,,塔楼,67 万,6084 元,0,,,VR房源 | 房本满五年 | 随时看房,https://hui.lianjia.com/ershoufang/105121561557.html
东江学府五期，带装修四房诚意出售,"东江学府五期 , 河南岸",4室2厅,114.89平米,南,精装,高楼层(共27层) ,,板塔结合,102.5 万,8922 元,1,,,VR房源 | 房本满五年,https://hui.lianjia.com/ershoufang/105121168019.html
楼层好，视野开阔，采光充足，交通便利，配套设施,"菩提园 , 万达",5室2厅,219.66平米,南 北,简装,33层 ,,塔楼,132 万,6010 元,3,,,VR看装修 | 房本满五年 | 随时看房,https://hui.lianjia.com/ershoufang/105121201525.html
儿童公园旁 次新房 视野开阔 采光好 业主急售,"家悦龙庭 , 万达",3室2厅,78.77平米,东南,毛坯,28层 ,,塔楼,47.9 万,6081 元,0,,16天以前发布,VR房源 | 随时看房,https://hui.lianjia.com/ershoufang/105122388667.html
大社区 此房户型方正采光充足 小区配套齐全生活便利,"花样年别样城四期 , 新行政区",4室1厅,101平米,南,毛坯,低楼层(共33层) ,,板塔结合,63 万,6238 元,0,,,VR看装修 | 随时看房,https://hui.lianjia.com/ershoufang/105120037555.html
中洲天御二期 华丽装修 东南向边户  小区没对手笋,"中洲天御二期 , 河南岸",4室2厅,122平米,东南,精装,高楼层(共31层) ,,板塔结合,144 万,11804 元,0,,19天以前发布,VR看装修,https://hui.lianjia.com/ershoufang/105122356830.html
南山壹号 无欠款 南北通 4 房 价格可谈,"鹏达南山壹号 , 河南岸",4室2厅,114.83平米,南 北,毛坯,31层 ,,塔楼,80 万,6967 元,1,,,VR看装修 | 房本满五年 | 随时看房,https://hui.lianjia.com/ershoufang/105121013992.html
精装修，保养很好，阳台无遮挡，采光充足,"盛湾名居 , 澳头",4室2厅,110.26平米,南,精装,33层 ,,塔楼,56 万,5079 元,3,,,VR看装修 | 房本满五年 | 随时看房,https://hui.lianjia.com/ershoufang/105119974604.html
九颂瑞府次新房 4房2卫 价格美丽  钥匙在店 随时可看,"九颂中奥沃华|瑞府 , 小金口",4室2厅,118.87平米,南 北,,中楼层(共33层) ,,板塔结合,77 万,6478 元,0,,31天以前发布,VR看装修 | 随时看房,https://hui.lianjia.com/ershoufang/105122254138.html
地段好诚心卖南北通透满五唯一,"渝景湾花园一期 , 澳头",3室2厅,88.09平米,南 北,简装,7层 ,,板塔结合,16 万,1817 元,6,,,VR房源 | 房本满五年 | 随时看房,https://hui.lianjia.com/ershoufang/105121317922.html
隆生仲恺花园 四房南北通透带车位 看花园,"隆生仲恺花园 , 陈江",4室2厅,127.58平米,北 南,毛坯,32层 ,,塔楼,93 万,7290 元,0,,,VR看装修 | 房本满两年 | 随时看房,https://hui.lianjia.com/ershoufang/105121936525.html
钰林星汇名庭 2室2厅 东,"钰林星汇名庭 , 白云新城",2室2厅,61.03平米,东,毛坯,27层 ,,板塔结合,29.8 万,4883 元,1,,12天以前发布,VR房源 | 房本满五年 | 随时看房,https://hui.lianjia.com/ershoufang/105122441519.html
翡翠山三房，看别墅景观好哇塞，下楼益田好方便,"翡翠山城君御 , 万达",3室2厅,105.63平米,南,精装,33层 ,,,95 万,8994 元,0,,10天以前发布,VR房源 | 房本满五年 | 随时看房,https://hui.lianjia.com/ershoufang/105122459747.html
临深大盘配套完善。无欠款诚意出售。,"龙光城南四期 , 龙光城",3室2厅,89.38平米,南,毛坯,34层 ,,板塔结合,69 万,7720 元,1,,,VR看装修 | 随时看房,https://hui.lianjia.com/ershoufang/105121342349.html
急售隆生大三房 万米无遮挡，视野开阔好楼层价格可谈,"隆生仲恺花园3区 , 陈江",3室1厅,93平米,南,毛坯,低楼层(共32层) ,,塔楼,55 万,5914 元,0,,28天以前发布,VR房源 | 随时看房,https://hui.lianjia.com/ershoufang/105122283557.html
星河丹堤V区一楼带花园  上下三层,"星河丹堤V区 , 南站新城",6室4厅,102.19平米,南,简装,34层 ,,板塔结合,185 万,18104 元,6,,,VR房源 | 随时看房,https://hui.lianjia.com/ershoufang/105120491263.html
"此房户型方正，业主诚心出售,价格优惠","中豪国际 , 区政府",1室1厅,48.6平米,南,,20层 ,,板塔结合,13 万,2675 元,1,,,VR看装修,https://hui.lianjia.com/ershoufang/105114348349.html
"五月花地铁沙田站14号线釆光充足,产杖清晰,随时方便,","德丰·五月花花园 , 西区新寮",2室2厅,70.64平米,南,简装,8层 ,,板塔结合,44 万,6229 元,9,,,VR看装修 | 房本满五年 | 随时看房,https://hui.lianjia.com/ershoufang/105112773088.html
新天虹商圈电梯3房 户型方正 好楼层 业主诚心出售,"惠泽南苑 , 河南岸",3室2厅,95.72平米,西北,简装,中楼层(共17层) ,,塔楼,55 万,5746 元,1,,,VR看装修 | 房本满五年 | 随时看房,https://hui.lianjia.com/ershoufang/105122172148.html
新力二期大社区，朝南，采光好。,"新力城二期 , 水口",3室2厅,109平米,南 北,毛坯,低楼层(共32层) ,,塔楼,68 万,6239 元,0,,,VR看装修 | 房本满两年 | 随时看房,https://hui.lianjia.com/ershoufang/105116284236.html
铂钻花园 4室2厅 南 北,"铂钻花园 , 东江新城",4室2厅,115.06平米,南 北,毛坯,高楼层(共27层) ,,板楼,90 万,7823 元,0,,14天以前发布,VR房源 | 房本满两年 | 随时看房,https://hui.lianjia.com/ershoufang/105122412548.html
好房出售 精装三房 中间搂 价格美丽,"壹城中心峰尚 , 陈江",3室2厅,98平米,南,精装,中楼层(共32层) ,,塔楼,81 万,8266 元,0,,,VR房源 | 随时看房,https://hui.lianjia.com/ershoufang/105121517992.html
楼下沃尔玛 户型方正 龙光城北二期,"龙光城北二期 , 龙光城",2室1厅,44.7平米,南 北,精装,30层 ,,板塔结合,45 万,10068 元,0,,,VR房源 | 房本满五年 | 随时看房,https://hui.lianjia.com/ershoufang/105121864219.html
区政府旁，一房拎包入住，业主诚心出售。,"鼎盛广场 , 区政府",1室1厅,49平米,南,简装,33层 ,,板塔结合,17 万,3470 元,3,,,VR看装修 | 随时看房,https://hui.lianjia.com/ershoufang/105118643870.html
可园五期南北通双阳台看花园楼距宽近轻轨红花湖,"佳兆业时代·可园 , 龙丰",4室2厅,127.39平米,南 北,,低楼层(共33层) ,,塔楼,75.9 万,5959 元,0,,,VR房源 | 随时看房,https://hui.lianjia.com/ershoufang/105118691567.html
DADA的草地使用率高全屋精装修高配置大阳台看小区景观,"DADA的草地 , 大亚湾中心区",4室2厅,81.31平米,南,精装,32层 ,,板楼,32.8 万,4034 元,0,,,VR看装修 | 房本满五年,https://hui.lianjia.com/ershoufang/105117625421.html
万达旁大三房，好楼层，好视野 业主诚意出售,"东部阳光花园 , 万达",4室2厅,115.16平米,南,简装,16层 ,,板塔结合,79 万,6861 元,0,,17天以前发布,VR看装修 | 房本满五年 | 随时看房,https://hui.lianjia.com/ershoufang/105122376672.html
公园旁大三房业主诚售价格  便宜,"海伦堡·海伦璟园 , 比亚迪商圈",3室2厅,100平米,南,毛坯,33层 ,,板塔结合,55 万,5500 元,0,,,VR房源 | 房本满两年 | 随时看房,https://hui.lianjia.com/ershoufang/105118817532.html
此房采光充足，户型方正，利用率高，宜出租自住。,"东岸公馆 , 白云新城",2室2厅,63.56平米,南,毛坯,26层 ,,板塔结合,25 万,3934 元,5,,,VR看装修 | 随时看房,https://hui.lianjia.com/ershoufang/105105976794.html
金悦华府2期安静不吵 中间楼层 随时可以看房,"金悦华府 , 东江新城",4室2厅,129平米,东南 南 北,毛坯,中楼层(共32层) ,,板塔结合,120 万,9303 元,0,,,VR看装修 | 随时看房,https://hui.lianjia.com/ershoufang/105119942037.html
惠阳站星河丹堤标杆社区，次新房，南向大4房，中间层,"星河丹堤G4区 , 南站新城",4室1厅,136.74平米,南,,33层 ,,板塔结合,168 万,12287 元,0,,,VR看装修 | 房本满两年,https://hui.lianjia.com/ershoufang/105121823696.html
天虹大润发商圈、近高铁站、交通方便,"中梁V城市 , 开城大润发",3室2厅,77.08平米,南,简装,31层 ,,板塔结合,42 万,5449 元,1,,,VR房源,https://hui.lianjia.com/ershoufang/105121251249.html
真新鲜 八期房源 靓房呈现 单边位采光好,"卓越东部蔚蓝海岸八期 , 西区新寮",3室2厅,98.25平米,南 北,精装,高楼层(共28层) ,,板塔结合,103 万,10484 元,1,,,VR看装修 | 房本满两年 | 随时看房,https://hui.lianjia.com/ershoufang/105116494509.html
两梯三户大平层，坐拥一线半岛公园河景，南北通朝南,"半岛1号十一期 , 白云新城",4室2厅,112.85平米,东南,精装,24层 ,,塔楼,98 万,8685 元,1,,,VR看装修 | 房本满五年 | 随时看房,https://hui.lianjia.com/ershoufang/105118628845.html
临深大社区，南北通带装修三房，无抵押，价格可以谈,"万城名座花园 , 白云新城",3室2厅,100.2平米,南 北,精装,29层 ,,板塔结合,98 万,9781 元,0,,,VR房源 | 房本满两年 | 随时看房,https://hui.lianjia.com/ershoufang/105120864711.html
房子户型方正采光好，中高楼层。,"华彩公馆 , 大亚湾中心区",4室2厅,107.36平米,南,毛坯,24层 ,,板塔结合,35 万,3261 元,0,,,VR看装修 | 房本满五年 | 随时看房,https://hui.lianjia.com/ershoufang/105120507591.html
"佳兆业壹号花园全新装修没有住过,高层看花园","佳兆业壹号花园 , 龙丰",3室2厅,103.6平米,南 北,精装,高楼层(共34层) ,,板塔结合,82 万,7916 元,1,,,VR房源 | 随时看房,https://hui.lianjia.com/ershoufang/105113881299.html
金茂市场 买菜方便 看房提前联系 健康步梯 诚心出,"御景华城三期可园 , 陈江",2室2厅,64平米,南,简装,7层 ,,板塔结合,27.5 万,4297 元,4,,,VR看装修 | 随时看房,https://hui.lianjia.com/ershoufang/105121066781.html
一楼复式房，价格优惠，随时可以看房,"美林雅苑 , 澳头",2室2厅,30.32平米,东南,简装,9层 ,,板塔结合,17 万,5607 元,20,,,VR房源 | 房本满五年 | 随时看房,https://hui.lianjia.com/ershoufang/105113249819.html
业主急卖，价格可谈，户型方正，视野开阔,"新力珑湾 , 三和经济开发区",3室2厅,89.66平米,南 北,毛坯,高楼层(共34层) ,,塔楼,35 万,3904 元,1,,,VR看装修 | 房本满两年 | 随时看房,https://hui.lianjia.com/ershoufang/105113891498.html
步行到惠阳站，满五年，诚心出售，格局方正,"昶园 , 南站新城",4室2厅,129.49平米,南 北,毛坯,31层 ,,板塔结合,100 万,7723 元,1,,,VR看装修 | 房本满五年 | 随时看房,https://hui.lianjia.com/ershoufang/105121184421.html
精装修  拎包入住   业主诚心出售,"旺东国际广场 , 开城大润发",2室2厅,74.67平米,东,精装,30层 ,,塔楼,49 万,6563 元,1,,,VR看装修 | 房本满五年 | 随时看房,https://hui.lianjia.com/ershoufang/105118864388.html
东江学府二期毛坯三房，南北通透户型方正业主诚心出售,"东江学府二期 , 河南岸",3室2厅,137.29平米,南 北,毛坯,中楼层(共16层) ,,板塔结合,90 万,6556 元,1,,,VR看装修 | 房本满五年 | 随时看房,https://hui.lianjia.com/ershoufang/105121958806.html
户型方正，双阳台，一南一北，通风好。,"惠阳雅居乐花园一期 , 南站新城",3室2厅,115.84平米,北,毛坯,32层 ,,板塔结合,49.8 万,4300 元,0,,,VR房源 | 随时看房,https://hui.lianjia.com/ershoufang/105122136249.html
华章装修东边户三房出售 户型方正 格局采光好 宜住家,"中锴·华章 , 河南岸",3室2厅,91.29平米,南,简装,中楼层(共27层) ,,塔楼,75 万,8216 元,2,,,VR房源 | 房本满五年,https://hui.lianjia.com/ershoufang/105118687443.html
壹城zhong心，南北对流双阳台大户型,"壹城中心1区 , 陈江",4室2厅,138.85平米,南,,中楼层(共32层) ,,塔楼,99.5 万,7167 元,1,,,VR看装修 | 房本满两年 | 随时看房,https://hui.lianjia.com/ershoufang/105117305163.html
锦绣壹号旁，品质小区，两房两厅，业主诚心出售！,"丰谷天玺 , 龙光城",2室2厅,56.48平米,南,毛坯,31层 ,,塔楼,43 万,7614 元,2,,,VR看装修 | 房本满两年 | 随时看房,https://hui.lianjia.com/ershoufang/105114110802.html
采光好，视野开阔，央 企小区，值得拥有,"保利阳光城四期 , 白云新城",3室2厅,94.63平米,南,毛坯,32层 ,,板塔结合,59 万,6235 元,1,,,VR看装修 | 房本满两年 | 随时看房,https://hui.lianjia.com/ershoufang/105116132533.html
近天虹大润发，方正两房，繁华地段，配套成熟,"中梁V城市 , 开城大润发",2室2厅,67.5平米,南,毛坯,33层 ,,板塔结合,35 万,5186 元,0,,,VR看装修 | 随时看房,https://hui.lianjia.com/ershoufang/105117662821.html
华贸商圈 东江公园 惠安楼毛坯3房 视野好 楼龄新,"惠安楼 , 江北",3室2厅,116.3平米,东北,毛坯,中楼层(共30层) ,,板塔结合,136 万,11694 元,0,,,VR看装修 | 房本满两年 | 随时看房,https://hui.lianjia.com/ershoufang/105119857332.html
业主急售 沃尔玛旁 中嘉领骏 精装两房,"中嘉领骏 , 澳头",2室2厅,76.2平米,南,简装,18层 ,,塔楼,33 万,4331 元,1,,,VR房源 | 房本满五年 | 随时看房,https://hui.lianjia.com/ershoufang/105116203590.html
临深南北通三房  业主诚意卖  价格有空间,"安罝小区 , 西区新寮",3室2厅,126.79平米,南,毛坯,32层 ,,板塔结合,58 万,4575 元,0,,,VR看装修 | 随时看房,https://hui.lianjia.com/ershoufang/105121456672.html
碧桂园珑尚花月。室两厅两卫，视野开阔,"碧桂园珑尚花园 , 水口",3室2厅,103平米,南,,高楼层(共34层) ,,板塔结合,66 万,6408 元,0,,,VR看装修,https://hui.lianjia.com/ershoufang/105119088579.html
奥体板块中洲云悦府，4室2厅南北通透,"云悦府 , 河南岸",4室2厅,128.78平米,南 北,,中楼层(共33层) ,,板塔结合,138 万,10716 元,0,,,VR看装修 | 随时看房,https://hui.lianjia.com/ershoufang/105119128378.html
社区环境配套齐全20万不到住新家,"小径海岸城花园 , 霞涌",1室1厅,46.72平米,南,简装,32层 ,,板塔结合,19 万,4067 元,0,,6天以前发布,VR房源 | 房本满五年 | 随时看房,https://hui.lianjia.com/ershoufang/105122506636.html
水岸城全新毛坯三房出售....,"中信水岸城六期 , 东江新城",3室2厅,88平米,东南,毛坯,中楼层(共32层) ,,板楼,88 万,10000 元,0,,,VR看装修 | 随时看房,https://hui.lianjia.com/ershoufang/105115921547.html
新天虹商圈  精装两房  装修保养好  看房提前预约,"惠泽南苑 , 河南岸",2室1厅,51.07平米,南 北,精装,中楼层(共6层) ,,板楼,38 万,7441 元,0,,,VR看装修 | 房本满五年 | 随时看房,https://hui.lianjia.com/ershoufang/105120763709.html
此房满五唯一 高楼层，视野宽阔，采光充足,"亚迪二村二区 , 澳头",3室1厅,115平米,南,精装,32层 ,,塔楼,45 万,3914 元,1,,,VR房源 | 房本满五年 | 随时看房,https://hui.lianjia.com/ershoufang/105120720680.html
惠阳  东方国际  人民六路旁 大润发 新天虹,"东方国际 , 开城大润发",2室1厅,55.73平米,南 北,简装,9层 ,,板塔结合,16 万,2871 元,3,,,VR房源 | 房本满两年,https://hui.lianjia.com/ershoufang/105121856023.html
东江新城五期 三房两卫 业主诚意出售,"佳兆业东江新城五期 , 博罗中心区",3室1厅,91.94平米,南,毛坯,低楼层(共34层) ,,板塔结合,35.8 万,3894 元,0,,23天以前发布,VR房源,https://hui.lianjia.com/ershoufang/105122331902.html
碧桂园物业，诚心卖，代产权车位，南北都看花园双阳台,"深荟城一期 , 白云新城",4室2厅,135.71平米,东南,精装,32层 ,,板塔结合,116 万,8548 元,5,,,VR看装修 | 房本满五年 | 随时看房,https://hui.lianjia.com/ershoufang/105116944733.html
出门即是公园，一手业主居家好，大3居室拎包入住,"名苑山庄 , 区政府",3室1厅,137.59平米,南,简装,13层 ,,塔楼,75 万,5451 元,0,,,VR房源 | 房本满五年 | 随时看房,https://hui.lianjia.com/ershoufang/105121892187.html
一线江景，南北通透，随时可看的,"水映山 , 博罗中心区",5室2厅,167平米,南 北,毛坯,26层 ,,板塔结合,90 万,5390 元,0,,,VR看装修 | 随时看房,https://hui.lianjia.com/ershoufang/105119747529.html
楼下鹿江公园露营底，楼层好，户型方正,"富盈公馆三期 , 马安",3室2厅,101.03平米,东南,毛坯,中楼层(共32层) ,,板塔结合,68 万,6731 元,1,,,VR看装修 | 房本满两年 | 随时看房,https://hui.lianjia.com/ershoufang/105121899770.html
金悦华府四房129平，南北通，靠花园里面不吵，高层,"金悦华府 , 东江新城",4室2厅,129.87平米,南,毛坯,高楼层(共40层) ,,板塔结合,125 万,9626 元,99,,,VR看装修 | 房本满两年 | 随时看房,https://hui.lianjia.com/ershoufang/105117493013.html
户型方正，视野采光好，业主急售！,"合生滨海城 , 澳头",4室2厅,160.87平米,南 北,毛坯,32层 ,,板塔结合,95 万,5906 元,2,,,VR看装修 | 房本满五年 | 随时看房,https://hui.lianjia.com/ershoufang/105119415110.html
三房两位满五唯一，产证在手，无欠款,"龙光·水悦龙湾 , 东平",3室2厅,97平米,南,,低楼层(共29层) ,,板塔结合,95 万,9794 元,1,,,VR看装修 | 房本满五年 | 随时看房,https://hui.lianjia.com/ershoufang/105121325035.html
便宜两房、总价低值得参考、诚心出售,"阳光地带 , 开城大润发",2室2厅,59.64平米,南,,17层 ,,板塔结合,30 万,5031 元,0,,,VR房源 | 房本满五年 | 随时看房,https://hui.lianjia.com/ershoufang/105122215836.html
户型方正实用，采光好，税费低，适合居住。,"都市广场 , 区政府",1室1厅,46.99平米,西南,简装,19层 ,,板塔结合,15 万,3193 元,8,,,VR看装修 | 随时看房,https://hui.lianjia.com/ershoufang/105120300102.html
拎包即住→精装两房 朝南！视野开——阔 装修用料扎实,"万城 , 白云新城",2室2厅,68.12平米,南,精装,17层 ,,板塔结合,41.88 万,6148 元,0,,,VR看装修 | 房本满五年,https://hui.lianjia.com/ershoufang/105121467708.html
临深大社区复式2层大露台和下沉式花园看河景,"九洲玉带湾 , 白云新城",6室2厅,83.36平米,南,精装,33层 ,,板塔结合,168 万,20154 元,17,,,VR房源 | 房本满五年 | 随时看房,https://hui.lianjia.com/ershoufang/105107880697.html
品质小区   中高楼层   房子方正  采光好,"欣乐道华府 , 马安",3室1厅,88.95平米,南,毛坯,中楼层(共33层) ,,塔楼,57 万,6409 元,0,,,VR房源 | 房本满五年 | 随时看房,https://hui.lianjia.com/ershoufang/105116919665.html
朝南标准三房 高楼层 视野好 通透,"昊翔源云璞花园 , 陈江",3室2厅,97.31平米,南 北,毛坯,高楼层(共27层) ,,塔楼,75 万,7708 元,0,,,VR看装修 | 房本满两年 | 随时看房,https://hui.lianjia.com/ershoufang/105120803657.html
（平台推荐）临深片区南北通三房，交通方便,"荣佳国韵二期 , 龙光城",3室2厅,107.64平米,东南 南,精装,26层 ,,板塔结合,80 万,7433 元,1,,19天以前发布,VR房源 | 房本满两年 | 随时看房,https://hui.lianjia.com/ershoufang/105122355693.html
红本在手，业主诚心出售，价格可议价,"金輝新苑 , 龙丰",3室2厅,97平米,南,,中楼层(共8层) ,,板塔结合,57 万,5877 元,0,,,VR看装修,https://hui.lianjia.com/ershoufang/105118060670.html
盛世丰华 3室2厅 南,"盛世丰华 , 博罗石湾",3室2厅,98.8平米,南,毛坯,中楼层(共31层) ,,塔楼,49.8 万,5041 元,0,,19天以前发布,VR房源 | 房本满两年 | 随时看房,https://hui.lianjia.com/ershoufang/105122355562.html
一线河景 园林泳池景观好楼层采光充足,"保利阳光城四期 , 白云新城",4室2厅,132.39平米,东南,毛坯,32层 ,,板塔结合,103 万,7781 元,0,,,VR看装修 | 房本满两年 | 随时看房,https://hui.lianjia.com/ershoufang/105115516696.html
临深大社区 通透 楼层好 视野宽阔  配套齐全,"龙光城北二期 , 龙光城",4室1厅,127.98平米,南 北,毛坯,29层 ,,板塔结合,115 万,8986 元,2,,,VR房源 | 房本满五年 | 随时看房,https://hui.lianjia.com/ershoufang/105122041607.html
满二 原值高少税 看花园和泳池采光通风良好 次新房,"星河丹堤V区 , 南站新城",4室2厅,101.52平米,南,毛坯,34层 ,,,95 万,9358 元,1,,,VR看装修 | 房本满五年 | 随时看房,https://hui.lianjia.com/ershoufang/105119844141.html
禾塘街 ，中层，二楼带单车间。,"统建楼 , 下角",3室2厅,95.87平米,西南,简装,7层 ,,塔楼,29 万,3025 元,2,,,VR看装修 | 房本满五年 | 随时看房,https://hui.lianjia.com/ershoufang/105119728585.html
丽江花园南区 107平三房急售,"丽江花园南区 , 区政府",3室1厅,107平米,北,简装,18层 ,,板塔结合,57 万,5328 元,0,,,VR看装修 | 随时看房,https://hui.lianjia.com/ershoufang/105122116342.html
业主着急卖，南北通四房，看园林，少有户型卖,"德洲中心城 , 大亚湾中心区",4室2厅,123.1平米,南,简装,28层 ,,板塔结合,66 万,5362 元,0,,,VR看装修 | 房本满五年 | 随时看房,https://hui.lianjia.com/ershoufang/105119385527.html
金迪星苑中装2房出售 低楼层安静不吵 可拎包入住,"金迪星苑 , 龙丰",2室1厅,52.8平米,东南,精装,8层 ,,板楼,27.8 万,5266 元,0,,,VR看装修 | 随时看房,https://hui.lianjia.com/ershoufang/105121732376.html
区政府天虹旁鼎盛广场精装修1房业主诚心出售,"鼎盛广场 , 区政府",1室1厅,46.25平米,南,精装,33层 ,,板塔结合,19 万,4109 元,0,,,VR看装修 | 房本满五年 | 随时看房,https://hui.lianjia.com/ershoufang/105114526967.html
万达商圈满5税少南向双阳台小洋房,"熊猫国际三期 , 万达",4室2厅,149.86平米,南,毛坯,11层 ,,板楼,99 万,6607 元,1,,,VR看装修 | 房本满五年 | 随时看房,https://hui.lianjia.com/ershoufang/105113586314.html
中间楼层，视野开阔，看花园，业主诚意急卖，方便看房,"星河丹堤G区 , 南站新城",3室2厅,98.06平米,南,毛坯,34层 ,,塔楼,90 万,9179 元,0,,,VR房源 | 房本满五年 | 随时看房,https://hui.lianjia.com/ershoufang/105122218947.html
碧桂园物业，诚心卖，代产权车位，南北都看花园双阳台,"深荟城一期 , 白云新城",4室2厅,135.71平米,东南,精装,32层 ,,板塔结合,116 万,8548 元,5,,,VR看装修 | 房本满五年 | 随时看房,https://hui.lianjia.com/ershoufang/105116944733.html
户型好，采光好，全新未入住过，红本在手...........,"群峰花园 , 南站新城",3室2厅,94.59平米,南,,中楼层(共33层) ,,塔楼,42 万,4441 元,5,,,VR看装修 | 房本满两年 | 随时看房,https://hui.lianjia.com/ershoufang/105119021222.html
出门即是公园，一手业主居家好，大3居室拎包入住,"名苑山庄 , 区政府",3室1厅,137.59平米,南,简装,13层 ,,塔楼,75 万,5451 元,0,,,VR房源 | 房本满五年 | 随时看房,https://hui.lianjia.com/ershoufang/105121892187.html
惠州市大亚湾西区大悦花园4房2厅两卫业主诚心出售,"大悦花园 , 比亚迪商圈",4室2厅,88.26平米,南,毛坯,27层 ,,板塔结合,36 万,4079 元,1,,,VR看装修 | 房本满五年 | 随时看房,https://hui.lianjia.com/ershoufang/105122091628.html
铂钻花园 一期不靠马路 中高楼层 日照充足 安静不吵,"铂钻花园 , 东江新城",3室2厅,96.95平米,南,毛坯,高楼层(共27层) ,,板楼,73 万,7530 元,0,,,VR房源 | 房本满两年 | 随时看房,https://hui.lianjia.com/ershoufang/105119715087.html
头等舱沙发！！高档装修 坐瞰别墅景 双龍抱珠招財進寶,"半岛1号五期 , 白云新城",2室2厅,84.22平米,南,精装,22层 ,,板塔结合,59.88 万,7110 元,0,,,VR看装修 | 房本满五年 | 随时看房,https://hui.lianjia.com/ershoufang/105119687135.html
太东天地花园 4室2厅 南,"太东天地花园 , 大亚湾中心区",4室2厅,109.09平米,南,毛坯,33层 ,,板塔结合,48.6 万,4456 元,1,,,VR看装修 | 房本满两年 | 随时看房,https://hui.lianjia.com/ershoufang/105122060823.html
德威摩卡小镇 3室2厅 南,"德威摩卡小镇 , 江北",3室2厅,118.24平米,南,精装,中楼层(共24层) ,,塔楼,85 万,7189 元,0,,,VR看装修 | 房本满两年,https://hui.lianjia.com/ershoufang/105122239511.html
产权清晰，诚心出售，临深，户型方正,"壹方水榭 , 白云新城",4室2厅,110平米,南 北,精装,高楼层(共30层) ,,板塔结合,74 万,6728 元,0,,7天以前发布,VR房源 | 房本满两年 | 随时看房,https://hui.lianjia.com/ershoufang/105122496356.html
临深河景房源，小区中间位置，看花园和坪山河,"金溪湾 , 西区新寮",3室1厅,89.35平米,南,精装,29层 ,,板塔结合,48 万,5373 元,0,,,VR看装修 | 房本满五年 | 随时看房,https://hui.lianjia.com/ershoufang/105120680636.html
新力城二期109平三房两厅两卫，南北通中高楼层,"新力城二期 , 水口",3室1厅,109平米,南,毛坯,中楼层(共33层) ,,板楼,90 万,8257 元,0,,,VR房源 | 房本满五年 | 随时看房,https://hui.lianjia.com/ershoufang/105120917185.html
龙光城北区、南向大四房、精装保养好、看别墅景观,"龙光城北八期 , 龙光城",4室2厅,117.91平米,南,精装,31层 ,,板塔结合,120 万,10178 元,0,,,VR看装修 | 房本满两年,https://hui.lianjia.com/ershoufang/105121456407.html
灿邦商圈，次新小区，绿化好，品质好，视野好,"泰丰枫林岸花园 , 吾悦广场",3室2厅,99.23平米,南,精装,32层 ,,板塔结合,85 万,8566 元,0,,,VR看装修 | 房本满两年 | 随时看房,https://hui.lianjia.com/ershoufang/105118273072.html
东江沙公园 电梯精装3室  大阳台 看房有钥匙,"东怡新苑 , 东平",3室2厅,119.89平米,东南,精装,中楼层(共9层) ,,板塔结合,68 万,5672 元,0,,,VR看装修 | 房本满五年 | 随时看房,https://hui.lianjia.com/ershoufang/105121531592.html
天睿南花园中间  4+1房南北通 景观好 无欠款 无个税,"太东星河丹堤天睿花园南区 , 吾悦广场",5室1厅,136.47平米,南 北,毛坯,34层 ,,板塔结合,122 万,8940 元,2,,,VR房源 | 房本满五年 | 随时看房,https://hui.lianjia.com/ershoufang/105116882642.html
金山新城东江新城新片区  西枝江畔马安河旁  刚需三房,"德威江誉城Ⅱ期 , 马安",3室2厅,96.52平米,东南,,高楼层(共32层) ,,塔楼,79 万,8185 元,0,,,VR房源 | 房本满两年 | 随时看房,https://hui.lianjia.com/ershoufang/105115229153.html
顶楼采光好视野好，诚心出售，欢迎看房,"太东明月湾 , 澳头",2室2厅,83.63平米,西南,,28层 ,,板塔结合,37.5 万,4485 元,1,,,VR看装修 | 房本满五年 | 随时看房,https://hui.lianjia.com/ershoufang/105120922643.html
看湖景南北通大4房，高层视野无遮挡，月供3K拎包入住,"碧桂园珑誉花园 , 水口",4室2厅,141.72平米,东南,精装,高楼层(共31层) ,,塔楼,103 万,7268 元,0,,,VR看装修 | 房本满五年 | 随时看房,https://hui.lianjia.com/ershoufang/105121426060.html
房子朝南户型，视野开阔，随时看房。。。,"德丰凯旋城北区 , 大亚湾中心区",2室1厅,42平米,北,毛坯,26层 ,,板塔结合,22.5 万,5358 元,63,,,VR看装修 | 随时看房,https://hui.lianjia.com/ershoufang/105102337461.html
小区自带高尔夫景观 中高层视野好原值高无个税可谈,"恒大棕榈岛 , 白云新城",4室2厅,113.12平米,南,,29层 ,,板塔结合,68 万,6012 元,1,,,VR房源 | 房本满五年 | 随时看房,https://hui.lianjia.com/ershoufang/105113221028.html
业主诚心出售，红本在手，看房方便，有钥匙,"DADA的草地 , 大亚湾中心区",3室1厅,100.74平米,南,精装,32层 ,,板塔结合,29 万,2879 元,1,,,VR看装修 | 房本满五年 | 随时看房,https://hui.lianjia.com/ershoufang/105122105568.html
金盛丽景标准大三房 中间楼层 全新装修直接拎包入住,"华兴金盛丽景 , 水口",3室2厅,110.91平米,南,精装,高楼层(共17层) ,,板楼,82 万,7394 元,3,,,VR看装修 | 随时看房,https://hui.lianjia.com/ershoufang/105120075347.html
百万大盘，生活配套齐全，地段好，小区环境优美宜居,"华冠花园 , 大亚湾中心区",4室1厅,103.66平米,南,毛坯,33层 ,,板塔结合,43 万,4149 元,4,,,VR看装修 | 房本满五年 | 随时看房,https://hui.lianjia.com/ershoufang/105118920108.html
临深大型社区 中高楼层 业主诚心出售,"德丰·五月花花园 , 西区新寮",3室2厅,88平米,北,简装,17层 ,,板塔结合,55 万,6250 元,1,,,VR房源 | 随时看房,https://hui.lianjia.com/ershoufang/105119930365.html
蓝光雍和园精装三房坐拥红花湖桃花源双景区,"蓝光雍和园 , 龙丰",3室1厅,107平米,东南,简装,中楼层(共33层) ,,板楼,98 万,9159 元,0,,,VR房源 | 房本满两年,https://hui.lianjia.com/ershoufang/105121753399.html
江滨华府全新装修看湖看江三房满五年随时看房,"江滨华府(二手) , 小金口",3室2厅,89.53平米,南,精装,高楼层(共30层) ,,板塔结合,49.8 万,5563 元,0,,,VR房源 | 房本满五年 | 随时看房,https://hui.lianjia.com/ershoufang/105121976575.html
高楼层 户型通透，空气流通，视野广阔，满五,"双城国际南区 , 江北",3室1厅,113.22平米,南,毛坯,中楼层(共26层) ,,板塔结合,106 万,9363 元,0,,,VR房源 | 房本满五年 | 随时看房,https://hui.lianjia.com/ershoufang/105122097906.html
深业喜悦城 楼尊单元 四房两厅两卫楼间距视野好,"深业喜悦城 , 惠环",4室2厅,128.48平米,南,毛坯,低楼层(共33层) ,,板塔结合,75.8 万,5900 元,2,,,VR看装修 | 房本满五年 | 随时看房,https://hui.lianjia.com/ershoufang/105113461831.html
南北通户型，成交快，欢迎大家来带看,"深业喜悦城 , 惠环",4室2厅,128.47平米,东南,,33层 ,,板塔结合,60 万,4671 元,1,,,VR看装修 | 房本满两年 | 随时看房,https://hui.lianjia.com/ershoufang/105114187407.html
沃尔玛门口菁华园小区两房 中高层 户型方正 生活便利,"菁华园 , 澳头",2室2厅,75平米,南 北,简装,高楼层(共20层) ,,板塔结合,34 万,4534 元,0,,,VR看装修 | 随时看房,https://hui.lianjia.com/ershoufang/105122199130.html
深圳业主 急售 中洲天御三期4房 看鸟巢  有钥匙,"中洲天御3期 , 河南岸",4室2厅,127.64平米,南 北,毛坯,中楼层(共32层) ,,板塔结合,135 万,10577 元,0,,,VR看装修 | 随时看房,https://hui.lianjia.com/ershoufang/105120617056.html
富川瑞园二期3+1 好楼层，好价格 配套成熟,"富川瑞园 , 惠环",4室2厅,94.12平米,东南,毛坯,高楼层(共18层) ,,板塔结合,43 万,4569 元,0,,,VR房源 | 房本满两年 | 随时看房,https://hui.lianjia.com/ershoufang/105120776676.html
精装修 安静 看花园  户型方正,"海伦堡海伦香洲 , 陈江",3室1厅,83.43平米,南,,低楼层(共32层) ,,板楼,49 万,5874 元,0,,25天以前发布,VR房源 | 房本满五年 | 随时看房,https://hui.lianjia.com/ershoufang/105122313933.html
此房业主很少住中高楼层 新中式精装修保养好拎包入住,"合生·上观国际 , 水口",4室2厅,140.59平米,南 北,精装,中楼层(共18层) ,,塔楼,128 万,9105 元,0,,16天以前发布,VR房源,https://hui.lianjia.com/ershoufang/105122392020.html
临深大盘，配套完善南北通户型，诚意出售。,"龙光城龙公馆 , 龙光城",4室2厅,143.29平米,南,精装,4层 ,,板楼,199 万,13888 元,2,,,VR房源 | 随时看房,https://hui.lianjia.com/ershoufang/105120677736.html
楼栋好，不临街，高楼层，南北通户型,"君跃荃新时代 , 大亚湾中心区",3室2厅,96.92平米,南,毛坯,33层 ,,板塔结合,47.9 万,4943 元,0,,,VR看装修 | 随时看房,https://hui.lianjia.com/ershoufang/105120433658.html
房子次新小区，环境好，户型方正实用,"新力东园 , 大亚湾中心区",3室2厅,91.22平米,南,毛坯,32层 ,,板楼,38.5 万,4221 元,2,,,VR看装修 | 房本满两年 | 随时看房,https://hui.lianjia.com/ershoufang/105121008530.html
大社区 高楼层 看江景 南北通 采光好 看房方便,"德威江誉城Ⅱ期 , 马安",4室2厅,113平米,南,毛坯,高楼层(共32层) ,,塔楼,100 万,8850 元,0,,,VR看装修 | 随时看房,https://hui.lianjia.com/ershoufang/105120383286.html
东江新城五期精壮装2房， 装修新净，可以拎包入住,"佳兆业东江新城五期 , 博罗中心区",2室2厅,73平米,南,精装,34层 ,,塔楼,36 万,4932 元,0,,25天以前发布,VR看装修 | 房本满五年 | 随时看房,https://hui.lianjia.com/ershoufang/105122309355.html
户型方正实用，楼龄较新，南向，采光佳，原价高税少,"龙光城北八期 , 龙光城",3室2厅,89.11平米,南,精装,31层 ,,塔楼,70 万,7856 元,7,,,VR房源 | 随时看房,https://hui.lianjia.com/ershoufang/105116185930.html
此房满五唯一，中高楼层视野宽阔 近山空气环境好,"星河丹堤E区 , 南站新城",2室2厅,74.32平米,南,,30层 ,,,60 万,8074 元,0,,,VR看装修 | 随时看房,https://hui.lianjia.com/ershoufang/105121011861.html
业主急售：朝南看花园 户型方正采光通风视野开阔,"花样年别样城二期 , 新行政区",3室1厅,93.37平米,南,精装,33层 ,,板塔结合,57.3 万,6137 元,2,,,VR房源 | 房本满五年 | 随时看房,https://hui.lianjia.com/ershoufang/105111181456.html
诚心出售，光线好，视野佳，价格优惠,"听涛雅苑 , 大亚湾中心区",2室2厅,39.1平米,西,毛坯,7层 ,,板塔结合,15.8 万,4041 元,0,,,VR看装修 | 房本满五年 | 随时看房,https://hui.lianjia.com/ershoufang/105118820161.html
品质次新房，看丰田水库，双套间，红本在手，近华府,"星河丹堤G4区 , 南站新城",5室2厅,163.29平米,南 北,毛坯,33层 ,,板塔结合,179 万,10963 元,1,,,VR看装修 | 房本满两年 | 随时看房,https://hui.lianjia.com/ershoufang/105114262325.html
[平台推荐]全新未入住 无个税 四房 南北通,"富康锦绣壹号三期 , 西区新寮",4室2厅,112.26平米,南 北,,26层 ,,塔楼,136 万,12115 元,0,,,VR看装修 | 房本满五年 | 随时看房,https://hui.lianjia.com/ershoufang/105121834894.html
惠州一忠惠环轻轨口，3年内次新楼盘南北通视野好,"友诚荷悦台 , 惠环",4室2厅,110平米,南,,低楼层(共31层) ,,板塔结合,70 万,6364 元,0,,,VR房源 | 随时看房,https://hui.lianjia.com/ershoufang/105121562248.html
万达旁次新房南北通大户型！别墅区无遮挡,"翡翠山城君御 , 万达",4室2厅,130.97平米,南,精装,34层 ,,,135 万,10308 元,0,,,VR看装修 | 房本满五年,https://hui.lianjia.com/ershoufang/105121966739.html
万达 吾悦双商圈社区 精装三房业主急售,"三远大爱城 , 吾悦广场",3室2厅,83平米,南,简装,33层 ,,板塔结合,60 万,7229 元,0,,,VR看装修 | 随时看房,https://hui.lianjia.com/ershoufang/105117381136.html
原值高，无个税，精装修，拎包入住， 红本在手交易快,"海德尚园 , 吾悦广场",4室2厅,113.2平米,南 北,精装,低楼层(共34层) ,,板塔结合,91 万,8039 元,0,,,VR看装修,https://hui.lianjia.com/ershoufang/105120451309.html
江北大社区，万科品牌物业，商体配套齐全交通购物便利,"宏益公馆 , 江北",3室2厅,115.37平米,南,精装,中楼层(共17层) ,,塔楼,120 万,10402 元,0,,,VR看装修 | 房本满五年,https://hui.lianjia.com/ershoufang/105121910226.html
临深碧桂园物业，爱琴海花园，阳台朝南，采光通风好。,"爱琴海 , 西区新寮",2室2厅,73.53平米,南,简装,33层 ,,塔楼,41.5 万,5644 元,5,,,VR看装修 | 房本满五年,https://hui.lianjia.com/ershoufang/105120947536.html
南北通透 高层视野好 通风效果棒,"中海凯旋城五六期 , 河南岸",4室2厅,139.37平米,南 北,精装,32层 ,,板塔结合,137 万,9830 元,0,,25天以前发布,VR看装修 | 房本满五年 | 随时看房,https://hui.lianjia.com/ershoufang/105122311226.html
东江学府七期复式，次新小区实用率高，业主诚意出售,"东江学府七期 , 河南岸",3室2厅,76.52平米,南,毛坯,19层 ,,,43 万,5620 元,0,,14天以前发布,VR房源 | 随时看房,https://hui.lianjia.com/ershoufang/105122420088.html
户型方正 视野开阔 原购价高 税费少,"新华联广场 , 大亚湾中心区",2室2厅,80.5平米,南,精装,28层 ,,塔楼,38 万,4721 元,0,,,VR看装修 | 房本满五年 | 随时看房,https://hui.lianjia.com/ershoufang/105121520155.html
"大亚湾临深万达旁住家装修3房,安静绿化好合格","碧桂园龙熹山 , 万达",3室2厅,94.78平米,东南,精装,34层 ,,塔楼,66 万,6964 元,0,,,VR看装修 | 房本满五年 | 随时看房,https://hui.lianjia.com/ershoufang/105118670080.html
金玉豪庭 3室2厅 南,"金玉豪庭 , 白云新城",3室2厅,83.5平米,南,精装,18层 ,,板塔结合,46 万,5509 元,1,,,VR看装修,https://hui.lianjia.com/ershoufang/105121882449.html
未来花园 4室2厅 南,"未来花园 , 东江新城",4室2厅,130.4平米,南,毛坯,低楼层(共26层) ,,塔楼,99 万,7593 元,0,,,VR看装修 | 随时看房,https://hui.lianjia.com/ershoufang/105121727322.html
户型方正，楼层好，视野好，配套齐全,"龙光城北十一期 , 龙光城",3室2厅,97平米,南,,33层 ,,板塔结合,87 万,8970 元,1,,,VR看装修 | 房本满五年 | 随时看房,https://hui.lianjia.com/ershoufang/105115051531.html
惠亚医院旁听涛雅苑大单间业主诚心出售,"听涛雅苑 , 大亚湾中心区",1室1厅,41.8平米,西,简装,6层 ,,板塔结合,11.6 万,2776 元,6,,,VR看装修 | 房本满两年 | 随时看房,https://hui.lianjia.com/ershoufang/105112687547.html
惠阳市政广场旁，精装修三房，满五唯一,"太东高地 , 区政府",3室2厅,121.73平米,南,精装,31层 ,,板塔结合,86 万,7065 元,0,,,VR看装修,https://hui.lianjia.com/ershoufang/105118662131.html
全新小区铂钻花园一期中间楼层采光好安静不吵诚意出售,"铂钻花园 , 东江新城",4室2厅,115.09平米,南,毛坯,高楼层(共27层) ,,板楼,94 万,8168 元,0,,,VR看装修 | 随时看房,https://hui.lianjia.com/ershoufang/105119783285.html
少有的城市绿兴装修新的房子，看看,"城市绿兴 , 江北",3室2厅,105.58平米,东南,,中楼层(共17层) ,,板塔结合,82 万,7767 元,0,,,VR看装修 | 房本满五年 | 随时看房,https://hui.lianjia.com/ershoufang/105120656881.html
业主自住 自带一个阳台  空间很大,"润福苑 , 区政府",2室2厅,72.39平米,东南,精装,18层 ,,板塔结合,31 万,4283 元,2,,,VR看装修 | 房本满五年 | 随时看房,https://hui.lianjia.com/ershoufang/105120877267.html
好楼层朝南向看湖景别墅，，金地物业， 园林绿化好,"泰丰牧马湖 , 万达",3室2厅,89.99平米,南,毛坯,33层 ,,板楼,66 万,7335 元,2,,,VR看装修 | 房本满两年 | 随时看房,https://hui.lianjia.com/ershoufang/105119704186.html
雅居乐花园大社区近高铁站环境好天然氧吧,"惠阳雅居乐花园一期 , 南站新城",3室1厅,103.68平米,西南,,24层 ,,板塔结合,47.5 万,4582 元,0,,,VR看装修 | 随时看房,https://hui.lianjia.com/ershoufang/105122215863.html
德润天禧 精装四室二卫 新社区新装修温馨四居室,"德润花园(二期) , 潼侨沥林",4室2厅,126.56平米,东南,简装,高楼层(共17层) ,,,83 万,6559 元,0,,17天以前发布,VR房源 | 随时看房,https://hui.lianjia.com/ershoufang/105122379442.html
南北向，无入住次新 房，园林绿化好,"碧桂园太东公园上城 , 吾悦广场",3室2厅,110.27平米,南,精装,32层 ,,塔楼,86 万,7800 元,0,,,VR房源 | 房本满两年 | 随时看房,https://hui.lianjia.com/ershoufang/105119300889.html
金山湖沃尔玛商圈  公园门口的家金山雅筑花园精装四房,"华章东郡 , 河南岸",4室2厅,116平米,南,,中楼层(共32层) ,,板塔结合,96 万,8276 元,0,,,VR房源 | 随时看房,https://hui.lianjia.com/ershoufang/105115181887.html
五月花临深圳地铁14号线沙田站,"德丰·五月花花园 , 西区新寮",3室2厅,86.19平米,北,精装,8层 ,,板塔结合,57 万,6614 元,2,,,VR看装修 | 房本满五年 | 随时看房,https://hui.lianjia.com/ershoufang/105121408307.html
万达商圈牧马湖，11层电梯房，三房一卫 带装修看风景,"泰丰牧马湖 , 万达",3室2厅,81.75平米,南,简装,11层 ,,板楼,75 万,9175 元,3,,,VR看装修 | 房本满两年 | 随时看房,https://hui.lianjia.com/ershoufang/105119429334.html
品质小区，万科物业管理，临深，采光好，带大平台,"富康锦绣壹号 , 西区新寮",3室2厅,85.32平米,南,精装,33层 ,,塔楼,92 万,10783 元,0,,,VR看装修 | 房本满两年 | 随时看房,https://hui.lianjia.com/ershoufang/105119502768.html
星河天睿北区 中高楼层 视野好  诚心出售,"太东星河丹堤天睿北区 , 吾悦广场",4室2厅,98.82平米,南,毛坯,34层 ,,板塔结合,71 万,7185 元,1,,,VR看装修 | 房本满五年 | 随时看房,https://hui.lianjia.com/ershoufang/105121117351.html
顶楼带阁楼，伴山洋房，红本在手无需赎楼业主诚心卖,"星河丹堤N区 , 南站新城",4室2厅,160.96平米,南 北,毛坯,8层 ,,塔楼,235 万,14600 元,9,,,VR看装修 | 房本满五年 | 随时看房,https://hui.lianjia.com/ershoufang/105114948390.html
阳台外绿意盎然，视野开阔，户型方正,"碧桂园十里银滩海悦湾 , 十里银滩",3室2厅,78.62平米,西,精装,30层 ,,板塔结合,33.5 万,4262 元,0,,,VR房源 | 房本满五年 | 随时看房,https://hui.lianjia.com/ershoufang/105120596818.html
房子原值高税费少方便看房 视野好 朝南没遮挡,"星河丹堤V区 , 南站新城",4室2厅,102.19平米,南,毛坯,34层 ,,板塔结合,88 万,8612 元,1,,,VR房源 | 房本满五年 | 随时看房,https://hui.lianjia.com/ershoufang/105118547289.html
天宸元著业主诚心出售，还带车位,"龙湖天宸原著花园 , 河南岸",4室2厅,116平米,南,毛坯,中楼层(共33层) ,,板楼,172 万,14828 元,0,,,VR看装修 | 随时看房,https://hui.lianjia.com/ershoufang/105121554810.html
户型方正，楼层高视野好，大阳台精装修,"太东红树湾悦府 , 大亚湾中心区",3室2厅,114.86平米,东南,,低楼层(共33层) ,,塔楼,87 万,7575 元,6,,,VR看装修 | 随时看房,https://hui.lianjia.com/ershoufang/105121065270.html
小区旁边有体育馆，有天虹购物广场 带车位,"奥园园著 , 博罗中心区",3室2厅,96.36平米,南,,高楼层(共34层) ,,板塔结合,33.8 万,3508 元,0,,,VR看装修 | 房本满两年 | 随时看房,https://hui.lianjia.com/ershoufang/105121927118.html
江北义乌公寓47朝南急售28带南坛和惠台,"义乌商城公寓 , 江北",1室1厅,47平米,南,,中楼层(共28层) ,,板楼,28 万,5958 元,0,,8天以前发布,VR房源 | 随时看房,https://hui.lianjia.com/ershoufang/105122484009.html
富川瑞园  2+1房 篮球场那么大的露台 诚心出售,"富川瑞园 , 惠环",2室1厅,73.05平米,西北,简装,低楼层(共17层) ,,板塔结合,45 万,6161 元,0,,,VR房源 | 房本满两年,https://hui.lianjia.com/ershoufang/105120233986.html
第九旁 大3房 视野开阔 价格实惠 随时看房,"福晟钱隆樽品花园 , 陈江",3室2厅,90.6平米,南,毛坯,33层 ,,塔楼,57 万,6292 元,0,,,VR看装修 | 房本满五年 | 随时看房,https://hui.lianjia.com/ershoufang/105120859985.html
南边灶 业主诚心出售  楼下就是深圳 采光好,"安罝小区 , 西区新寮",3室2厅,120.4平米,南,毛坯,32层 ,,板塔结合,65 万,5399 元,1,,,VR看装修 | 房本满两年 | 随时看房,https://hui.lianjia.com/ershoufang/105120009376.html
自住装修未出租过采光通透大四房中高楼层急卖,"碧桂园龙熹山 , 万达",4室2厅,129.48平米,南,精装,33层 ,,板塔结合,88 万,6797 元,1,,,VR看装修 | 房本满五年 | 随时看房,https://hui.lianjia.com/ershoufang/105121909308.html
临深一公里 精装四房 近地铁百万大社区 交通方便,"珠江四季悦城二期 , 西区新寮",4室2厅,129平米,北,精装,33层 ,,塔楼,82 万,6357 元,0,,,VR看装修 | 房本满两年 | 随时看房,https://hui.lianjia.com/ershoufang/105116757715.html
德威江誉城一期南北通五房两厅两卫业主诚意出售,"德威江誉城1期 , 马安",5室1厅,141.61平米,南,毛坯,中楼层(共32层) ,,塔楼,129 万,9110 元,0,,,VR房源 | 随时看房,https://hui.lianjia.com/ershoufang/105121183063.html
好楼层 重本装修 小区品质高 临深 南北通户型,"龙源华府 , 比亚迪商圈",4室2厅,114.4平米,南 北,精装,33层 ,,板塔结合,99 万,8654 元,1,,,VR看装修 | 随时看房,https://hui.lianjia.com/ershoufang/105120465645.html
富康锦绣壹号四房业主诚心出售红本在手手续快,"富康锦绣壹号三期 , 西区新寮",4室2厅,112.08平米,南,精装,32层 ,,塔楼,138 万,12313 元,0,,20天以前发布,VR看装修 | 房本满两年,https://hui.lianjia.com/ershoufang/105122352978.html
哇，还有环境那么好的房子！业主诚心出售，无欠款,"群峰花园 , 南站新城",3室2厅,84.07平米,南,,低楼层(共33层) ,,塔楼,42 万,4996 元,3,,,VR看装修 | 随时看房,https://hui.lianjia.com/ershoufang/105115873214.html
合生·上观国际 3室2厅 南,"合生·上观国际 , 水口",3室2厅,120.46平米,南,,低楼层(共32层) ,,塔楼,85 万,7057 元,0,,,VR房源 | 房本满五年 | 随时看房,https://hui.lianjia.com/ershoufang/105122183302.html
本因坊，宝家园 3室1厅 西北,"本因坊，宝家园 , 草洋新区",3室1厅,116.36平米,西北,,17层 ,,板塔结合,58 万,4985 元,0,,6天以前发布,VR房源 | 房本满五年 | 随时看房,https://hui.lianjia.com/ershoufang/105122501209.html
公园式花山水库 依山伴水 观景好,"水岸花山 , 新圩",2室2厅,79.12平米,西,毛坯,27层 ,,板塔结合,39.6 万,5006 元,1,,,VR房源 | 房本满五年 | 随时看房,https://hui.lianjia.com/ershoufang/105115211386.html
看房方便户型方正 无个税 得房率高,"九洲玉带湾 , 白云新城",5室2厅,120.19平米,南,,33层 ,,板塔结合,75 万,6241 元,1,,,VR看装修 | 随时看房,https://hui.lianjia.com/ershoufang/105120391531.html
世纪金湖次新房 可看湖景产权清晰 南北对流四房,"世纪金湖花园 , 河南岸",4室2厅,116平米,南 北,毛坯,低楼层(共31层) ,,板塔结合,102 万,8794 元,0,,,VR房源 | 随时看房,https://hui.lianjia.com/ershoufang/105114355157.html
临深2公里，公园社区，人车分流,"晶地顺苑 , 西区新寮",2室1厅,53.36平米,南,简装,30层 ,,板塔结合,26.8 万,5023 元,6,,,VR看装修 | 房本满五年 | 随时看房,https://hui.lianjia.com/ershoufang/105118276070.html
阳光新苑二期，精装修实用三房 总价低 证满五唯一物业,"阳光新苑 , 水口",3室2厅,83.02平米,北,精装,中楼层(共25层) ,,板塔结合,65 万,7830 元,0,,,VR看装修 | 房本满五年,https://hui.lianjia.com/ershoufang/105121689828.html
N67区 品质次新洋房 冬暖夏凉 近体育公园 出行方便,"星河丹堤N区 , 南站新城",4室2厅,142.65平米,南 北,,8层 ,,板塔结合,200 万,14021 元,1,,,VR房源 | 房本满两年 | 随时看房,https://hui.lianjia.com/ershoufang/105115886273.html
临深小户型，价格低，满五唯一，没有欠款，交易方便,"爱琴海 , 西区新寮",3室2厅,73.53平米,南,简装,33层 ,,塔楼,47 万,6392 元,5,,,VR看装修 | 房本满五年 | 随时看房,https://hui.lianjia.com/ershoufang/105119655050.html
好楼层采光好边位没遮挡，门正不歪,"中骏雍景湾北区 , 河南岸",4室1厅,116平米,南,,低楼层(共33层) ,,塔楼,115 万,9914 元,0,,,VR房源 | 房本满五年 | 随时看房,https://hui.lianjia.com/ershoufang/105120590005.html
三房朝南，中间楼层  有钥匙随时可以看房,"光耀荷兰小城 , 陈江",3室1厅,82.76平米,北,毛坯,中楼层(共33层) ,,板塔结合,43 万,5196 元,0,,,VR看装修 | 随时看房,https://hui.lianjia.com/ershoufang/105120681276.html
半山华庭电梯大两房  滨海公园旁 业主诚心出售,"半山华庭 , 澳头",2室2厅,73.38平米,南,毛坯,27层 ,,板塔结合,24 万,3271 元,5,,,VR看装修 | 房本满五年 | 随时看房,https://hui.lianjia.com/ershoufang/105120966653.html
中海阅江府二期电梯毛坯三房两卫 价格实惠随时看房,"中海阅江府2期 , 东江新城",3室2厅,98.77平米,南,毛坯,低楼层(共27层) ,,板楼,72 万,7290 元,1,,,VR看装修 | 房本满两年 | 随时看房,https://hui.lianjia.com/ershoufang/105121575400.html
好楼层，全新毛坯，采光视野好，50米妇幼保健院,"德明华府 , 河南岸",3室2厅,113.21平米,南,毛坯,32层 ,,板塔结合,78 万,6890 元,1,,16天以前发布,VR房源 | 房本满五年 | 随时看房,https://hui.lianjia.com/ershoufang/105122390068.html
房子装修新诚心出售，采光通风好，4房2卫,"花样年别样城五期 , 新行政区",4室2厅,94.86平米,东南,精装,32层 ,,板塔结合,73 万,7696 元,71,,,VR看装修 | 房本满五年 | 随时看房,https://hui.lianjia.com/ershoufang/105113905110.html
产权清晰，诚心出售，临深，户型方正,"壹方水榭 , 白云新城",4室2厅,110平米,南 北,毛坯,中楼层(共30层) ,,板塔结合,66 万,6000 元,1,,,VR看装修 | 房本满两年 | 随时看房,https://hui.lianjia.com/ershoufang/105118361480.html
新城四房两卫，业主急售，看中可谈,"新城·金樾江南 , 博罗中心区",4室2厅,123.63平米,南 北,毛坯,低楼层(共30层) ,,塔楼,40 万,3236 元,0,,10天以前发布,VR房源 | 房本满两年 | 随时看房,https://hui.lianjia.com/ershoufang/105122457423.html
星河盛世实用四房无欠款美女业主房子诚心出售,"惠州星河盛世 , 白云新城",4室2厅,89.92平米,南,毛坯,30层 ,,塔楼,59 万,6562 元,1,,,VR房源 | 房本满两年 | 随时看房,https://hui.lianjia.com/ershoufang/105119686564.html
阳光新苑 3室2厅 东南,"阳光新苑 , 水口",3室2厅,89.67平米,东南,精装,高楼层(共17层) ,,板塔结合,75 万,8365 元,0,,18天以前发布,VR看装修 | 房本满五年,https://hui.lianjia.com/ershoufang/105122367297.html
壹城5期大花园4房南北通，中间楼层，业主诚心卖,"壹城中心1区 , 陈江",4室2厅,113.95平米,南 北,毛坯,中楼层(共32层) ,,塔楼,87 万,7635 元,0,,,VR看装修 | 房本满两年 | 随时看房,https://hui.lianjia.com/ershoufang/105121130499.html
一期好位置 中间好楼层 户型方正实用 随时看房,"中洲河谷花园 , 新行政区",4室2厅,107.24平米,东南,毛坯,高楼层(共32层) ,,板塔结合,53.8 万,5017 元,1,,,VR看装修 | 随时看房,https://hui.lianjia.com/ershoufang/105116984479.html
60栋大社区  惠阳汽车站旁 交通方便,"花样年别样城五期 , 新行政区",5室2厅,119.74平米,东南 东北,毛坯,32层 ,,板塔结合,69.8 万,5830 元,0,,,VR看装修 | 房本满五年 | 随时看房,https://hui.lianjia.com/ershoufang/105117735950.html
此房精装修 原购价格高 无个税！看小区喷泉,"恒大依山海湾 , 澳头",4室2厅,117.68平米,南 北,精装,中楼层(共32层) ,,板塔结合,73.8 万,6272 元,2,,,VR看装修 | 房本满两年,https://hui.lianjia.com/ershoufang/105116886140.html
中间楼层景观好居住舒适适合小年轻或是长者,"龙光城南一期 , 龙光城",1室1厅,41.36平米,东南,精装,28层 ,,板塔结合,30 万,7254 元,1,,,VR房源 | 房本满五年,https://hui.lianjia.com/ershoufang/105120877523.html
地跌口的位置，格局好，采光好，人流量密集,"锦江海悦中心 , 草洋新区",5室2厅,115.42平米,南 北,毛坯,29层 ,,板塔结合,69 万,5979 元,0,,,VR看装修 | 房本满两年 | 随时看房,https://hui.lianjia.com/ershoufang/105117300728.html
临深2.5公里，深圳通勤方便，大户型适合居家,"珠江四季悦城二期 , 西区新寮",4室2厅,134.72平米,南,精装,33层 ,,塔楼,92 万,6829 元,0,,,VR看装修 | 房本满两年 | 随时看房,https://hui.lianjia.com/ershoufang/105120771555.html
汇港城旁，业主自住装修，保养好，3房2卫，朝南向。,"花伴里花园 , 惠环",3室2厅,95.96平米,南,精装,低楼层(共26层) ,,塔楼,53 万,5524 元,0,,21天以前发布,VR房源 | 房本满五年,https://hui.lianjia.com/ershoufang/105122346163.html
小区环境很好绿化优美 户型方正采光好 精装拎包入住,"海景城 , 澳头",4室2厅,120.47平米,东南,精装,33层 ,,板塔结合,85 万,7056 元,0,,,VR看装修 | 房本满五年 | 随时看房,https://hui.lianjia.com/ershoufang/105120513131.html
业主红本无欠款. 朝南看花园，楼间距宽视野好,"龙光城北八期 , 龙光城",4室2厅,97.53平米,南,精装,17层 ,,板塔结合,89.8 万,9208 元,0,,30天以前发布,VR看装修 | 房本满五年,https://hui.lianjia.com/ershoufang/105122265769.html
小区高档 绿化环境好 精装修 原购价高 少税费,"合生滨海城 , 澳头",4室2厅,161.97平米,南 北,,31层 ,,板塔结合,86 万,5310 元,0,,,VR房源 | 房本满五年 | 随时看房,https://hui.lianjia.com/ershoufang/105121675650.html
精挑细选好房隆生鹿江花园大四房正入户高层视野采光好,"隆生鹿江花园 , 马安",4室2厅,127.36平米,西南,毛坯,高楼层(共32层) ,,塔楼,137 万,10757 元,1,,,VR看装修 | 随时看房,https://hui.lianjia.com/ershoufang/105120674987.html
新城香悦澜山 楼层好视野好 业主诚意出售,"新城香悦澜山 , 博罗中心区",4室2厅,127.98平米,南 北,,中楼层(共33层) ,,板塔结合,51 万,3985 元,0,,,VR看装修 | 随时看房,https://hui.lianjia.com/ershoufang/105116997022.html
欢洋苑 3室2厅 南 北,"欢洋苑 , 开城大润发",3室2厅,79.7平米,南 北,,8层 ,,板塔结合,28 万,3514 元,0,,28天以前发布,VR看装修 | 房本满五年 | 随时看房,https://hui.lianjia.com/ershoufang/105122289859.html
壹城11期24年交楼次新小区南北通四房户型好楼层,"壹城中心11区 , 陈江",4室2厅,113平米,南 北,毛坯,中楼层(共32层) ,,塔楼,88.8 万,7859 元,0,,,VR看装修 | 随时看房,https://hui.lianjia.com/ershoufang/105121579642.html
方直东岸全湖景南北通户型 长阳台，楼层靓,"方直东岸 , 河南岸",4室2厅,125平米,南,毛坯,32层 ,,板塔结合,178 万,14240 元,0,,,VR看装修 | 房本满五年 | 随时看房,https://hui.lianjia.com/ershoufang/105121973256.html
楼层好 前看花园泳池后看河 视野开阔,"保利阳光城四期 , 白云新城",3室2厅,102.31平米,南 北,毛坯,31层 ,,板塔结合,62 万,6061 元,0,,,VR看装修 | 房本满两年 | 随时看房,https://hui.lianjia.com/ershoufang/105121948824.html
高duan大社区 税费少 户型方正 朝南 采光通风好,"恒大紫荆学府棕榈岛 , 白云新城",3室2厅,90.89平米,东南,精装,低楼层(共25层) ,,板塔结合,55 万,6052 元,3,,,VR看装修 | 房本满五年 | 随时看房,https://hui.lianjia.com/ershoufang/105120132317.html
仲恺成熟商圈龙湖一级物业，南北通双阳台大四房中高层,"华廷悦府 , 陈江",4室2厅,108.5平米,南 北,,中楼层(共31层) ,,板塔结合,85 万,7835 元,0,,,VR房源 | 随时看房,https://hui.lianjia.com/ershoufang/105114201826.html
西区五小旁边仁和美地花园、南北通四房诚心出售价可谈,"仁和美地家园 , 吾悦广场",4室2厅,115.91平米,南,毛坯,32层 ,,板塔结合,67 万,5781 元,3,,,VR看装修 | 随时看房,https://hui.lianjia.com/ershoufang/105120150136.html
惠阳繁华地段 漂亮一房  拎包入住,"中豪国际 , 区政府",1室0厅,48.28平米,南,精装,20层 ,,板塔结合,13.8 万,2859 元,1,,,VR看装修 | 房本满五年 | 随时看房,https://hui.lianjia.com/ershoufang/105121087034.html
半山豪庭 精装出售 生活便利 环境好,"半山豪庭 , 博罗中心区",3室2厅,83.58平米,南,精装,高楼层(共19层) ,,塔楼,45 万,5385 元,0,,,VR房源 | 房本满五年 | 随时看房,https://hui.lianjia.com/ershoufang/105120805761.html
2020交房 次新小区 实用户型 看湖景 视野无遮挡,"星河丹堤S2区 , 南站新城",4室2厅,106.39平米,南,毛坯,低楼层(共33层) ,,板塔结合,120 万,11280 元,0,,,VR看装修 | 房本满两年 | 随时看房,https://hui.lianjia.com/ershoufang/105119437358.html
满五唯一，采光通风好，视野广阔，朝南花园，中间楼层,"天顺俊园 , 吾悦广场",3室1厅,79.61平米,南,精装,30层 ,,板塔结合,39.8 万,5000 元,2,,,VR房源 | 房本满五年 | 随时看房,https://hui.lianjia.com/ershoufang/105118759056.html
精装修 高拓四房 朝南向 近华附和商场 楼下环湖绿道,"星河丹堤S2区 , 南站新城",4室2厅,95.26平米,南,精装,34层 ,,板塔结合,125 万,13122 元,1,,,VR看装修 | 房本满两年 | 随时看房,https://hui.lianjia.com/ershoufang/105119101799.html
急售，朝南看园林安静、税费少，红本在手,"家悦龙庭 , 万达",3室2厅,89平米,南,毛坯,29层 ,,板塔结合,54 万,6068 元,0,,,VR看装修 | 随时看房,https://hui.lianjia.com/ershoufang/105116848344.html
大户型三房，带大平台，使用空间大，无个税,"海恋家 , 澳头",3室2厅,150.9平米,南,毛坯,8层 ,,板塔结合,50 万,3314 元,7,,,VR房源 | 房本满五年 | 随时看房,https://hui.lianjia.com/ershoufang/105111183568.html
万城 5室3厅 南 北,"万城 , 白云新城",5室3厅,187.43平米,南 北,精装,18层 ,,板塔结合,233.8 万,12474 元,0,,,VR房源 | 房本满两年,https://hui.lianjia.com/ershoufang/105121367148.html
天安珑城3期 111平3房 视野彩光好看花园,"天安珑城 , 区政府",3室2厅,111.37平米,南,毛坯,32层 ,,板楼,105 万,9429 元,1,,,VR看装修 | 房本满五年 | 随时看房,https://hui.lianjia.com/ershoufang/105120571901.html
临深精装大四房 南北通 大客厅 可拎包入住,"九洲玉带湾 , 白云新城",4室2厅,120平米,南 北,精装,33层 ,,板塔结合,100 万,8334 元,0,,12天以前发布,VR房源 | 随时看房,https://hui.lianjia.com/ershoufang/105122435012.html
满五唯一 户型方正 业主诚心卖,"中萃1829 , 澳头",2室1厅,62.5平米,南 北,毛坯,28层 ,,塔楼,21 万,3360 元,1,,,VR看装修 | 房本满五年 | 随时看房,https://hui.lianjia.com/ershoufang/105117774113.html
房子布局方正，装修好，楼层位置 好，通风采光视野好,"新祺园 , 新行政区",3室2厅,89平米,东南,精装,32层 ,,板塔结合,68 万,7641 元,0,,,VR看装修 | 房本满五年,https://hui.lianjia.com/ershoufang/105121098676.html
龙光城北五期南北通大四房楼层高视野好,"龙光城北五期 , 龙光城",4室2厅,127平米,南 北,精装,32层 ,,板塔结合,145 万,11418 元,0,,,VR看装修 | 随时看房,https://hui.lianjia.com/ershoufang/105116920816.html
中区华府 大三房 房子保养靓 中高层 税费少,"中区华府二期 , 区政府",3室2厅,127.67平米,西南,精装,12层 ,,板塔结合,69 万,5405 元,0,,,VR房源 | 房本满五年,https://hui.lianjia.com/ershoufang/105117425885.html
中区华府三房两卫朝向采光好  业主诚心出售  价格可谈,"中区华府三期 , 区政府",3室2厅,116.1平米,东,简装,18层 ,,板塔结合,68 万,5858 元,0,,,VR房源 | 房本满五年 | 随时看房,https://hui.lianjia.com/ershoufang/105120934358.html
区政府天虹旁 花园大社区 环境优美 宜居住 配套齐全,"尚城世家二期 , 区政府",3室2厅,92.85平米,东南,精装,26层 ,,板塔结合,68.8 万,7410 元,0,,,VR看装修 | 房本满五年,https://hui.lianjia.com/ershoufang/105115986720.html
临深小户型  配套好  好出租,"安罝小区 , 西区新寮",2室2厅,73.62平米,南 北,毛坯,32层 ,,板塔结合,40 万,5434 元,0,,,VR看装修 | 房本满两年 | 随时看房,https://hui.lianjia.com/ershoufang/105121418619.html
一手交房  一手交诚信  二手都要硬,"壹城中心2区 , 陈江",4室2厅,124.38平米,东南,,低楼层(共32层) ,,塔楼,79 万,6352 元,1,,,VR看装修 | 房本满五年 | 随时看房,https://hui.lianjia.com/ershoufang/105116293500.html
"户型格局好,,视野宽阔,采光，交通便利","冠臣御品花园 , 新行政区",3室1厅,103平米,东南,,28层 ,,板塔结合,69.8 万,6777 元,0,,,VR看装修 | 随时看房,https://hui.lianjia.com/ershoufang/105121970703.html
新力城一期，自住精装3房，保养好，直接可以拎包入住,"新力城一期 , 水口",3室2厅,109平米,南 北,精装,低楼层(共28层) ,,板楼,94.5 万,8670 元,0,,,VR看装修,https://hui.lianjia.com/ershoufang/105122221719.html
标准大三房，采光视野很好，楼层也不错,"卓越东部蔚蓝海岸一期 , 西区新寮",3室2厅,114.83平米,南,毛坯,26层 ,,板塔结合,68 万,5922 元,0,,,VR房源 | 房本满五年 | 随时看房,https://hui.lianjia.com/ershoufang/105120190093.html
金山湖片区，东江学府五期，环境安静优雅，生活便利。,"东江学府五期 , 河南岸",5室2厅,208.35平米,南 北,精装,中楼层(共5层) ,,板塔结合,260 万,12480 元,0,,6天以前发布,VR房源 | 房本满两年,https://hui.lianjia.com/ershoufang/105122500711.html
红本在手 不欠款 地段优越 位置好 装修好 看房方便,"盛华楼一期 , 开城大润发",3室2厅,83.74平米,北,简装,中楼层(共8层) ,,,29 万,3464 元,0,,18天以前发布,VR房源 | 房本满五年 | 随时看房,https://hui.lianjia.com/ershoufang/105122370283.html
旺租户型 位置好 配套成熟 购物交通便利停车位充足,"中梁V城市 , 开城大润发",2室2厅,56.94平米,东南,精装,31层 ,,板塔结合,33 万,5796 元,2,,,VR看装修 | 房本满五年,https://hui.lianjia.com/ershoufang/105116409959.html
隆生仲恺花园 三房两卫急 售 看花园,"隆生仲恺花园 , 陈江",3室2厅,112平米,南,毛坯,32层 ,,塔楼,68 万,6072 元,0,,,VR看装修 | 随时看房,https://hui.lianjia.com/ershoufang/105121854301.html
惠阳星河丹堤背山面水环境宜人适合长期居住,"星河丹堤C区 , 南站新城",4室2厅,133.29平米,南 北,精装,31层 ,,板塔结合,140 万,10504 元,4,,,VR看装修 | 房本满五年,https://hui.lianjia.com/ershoufang/105118223299.html
天虹大润发成熟商圈，两房带租约，中高楼层,"鹏德名苑 , 开城大润发",2室2厅,54.75平米,北,简装,32层 ,,塔楼,25 万,4567 元,1,,12天以前发布,VR房源 | 房本满五年,https://hui.lianjia.com/ershoufang/105122438606.html
大亚湾百万大盘，生活配套齐全，带装修，业主急卖,"华冠花园 , 大亚湾中心区",4室2厅,90.5平米,南,精装,33层 ,,板塔结合,48 万,5304 元,0,,,VR看装修,https://hui.lianjia.com/ershoufang/105121874535.html
水悦龙湾 靓房四房 南北通 田园风 花园中间,"龙光·水悦龙湾 , 东平",4室2厅,143.07平米,南 北,精装,低楼层(共17层) ,,板塔结合,135 万,9436 元,0,,24天以前发布,VR看装修 | 房本满五年 | 随时看房,https://hui.lianjia.com/ershoufang/105122323602.html
富盈公馆前排无遮挡，楼层视野好，居住舒服,"富盈公馆三期 , 马安",3室2厅,102.03平米,南,,高楼层(共31层) ,,板塔结合,66 万,6469 元,0,,,VR看装修 | 房本满两年 | 随时看房,https://hui.lianjia.com/ershoufang/105119795010.html
南北通户型，户型方正，高层采光视野好，业主诚心出售,"海伦堡爱Me城市 , 澳头",3室2厅,103.62平米,南 北,毛坯,32层 ,,板塔结合,43.8 万,4227 元,1,,,VR看装修 | 房本满五年 | 随时看房,https://hui.lianjia.com/ershoufang/105116391377.html
金山湖高档小区，精装修，保养好，拎包入住,"御水豪庭 , 河南岸",3室1厅,116平米,东南,精装,31层 ,,板塔结合,138 万,11897 元,0,,23天以前发布,VR看装修,https://hui.lianjia.com/ershoufang/105122329771.html
实用三房，采光好，户型方正，安静，适宜家用,"中洲天御二期 , 河南岸",3室1厅,93平米,南,精装,中楼层(共29层) ,,板塔结合,95 万,10216 元,0,,,VR房源 | 随时看房,https://hui.lianjia.com/ershoufang/105120399535.html
奥林匹克花园悦珑湾全新装修4房，楼层适中，花园里,"奥林匹克花园悦珑湾三期 , 江北",4室1厅,134.14平米,南,精装,32层 ,,塔楼,100 万,7455 元,0,,,VR房源 | 房本满五年 | 随时看房,https://hui.lianjia.com/ershoufang/105121293559.html
朝向视野采光好看花园，中低楼层,"卓越东部蔚蓝海岸五期 , 西区新寮",3室1厅,95.83平米,西南,精装,33层 ,,塔楼,78 万,8140 元,0,,,VR看装修 | 房本满两年,https://hui.lianjia.com/ershoufang/105121297584.html
美丽的湖景景观 经典大平层 欣赏东江水 览金山湖美景,"方直星耀国际 , 河南岸",5室2厅,184.97平米,南 北,毛坯,高楼层(共38层) ,,板塔结合,338 万,18274 元,0,,14天以前发布,VR房源 | 房本满五年 | 随时看房,https://hui.lianjia.com/ershoufang/105122410869.html
江北奥林匹克花园三期 精装3房2卫，朝南 看花园,"奥林匹克花园悦珑湾三期 , 江北",3室2厅,111.18平米,南,精装,32层 ,,塔楼,86 万,7736 元,2,,,VR看装修 | 房本满五年 | 随时看房,https://hui.lianjia.com/ershoufang/105119809380.html
西湖三里 电梯三房 朝南看高榜山,"西湖三里 , 龙丰",3室2厅,97.04平米,南,毛坯,26层 ,,,65 万,6699 元,0,,,VR看装修 | 房本满两年 | 随时看房,https://hui.lianjia.com/ershoufang/105120649257.html
此房户型方正 中高楼层 通风采光好！,"卓越东部蔚蓝海岸四期 , 西区新寮",4室2厅,113.7平米,南 北,毛坯,26层 ,,板塔结合,83 万,7300 元,0,,,VR房源 | 随时看房,https://hui.lianjia.com/ershoufang/105119364433.html
合生南向户型中楼层《本社区有大量房源出售》,"合生·上观国际 , 水口",2室2厅,83.77平米,东 东南,,高楼层(共32层) ,,塔楼,53 万,6327 元,1,,,VR房源 | 房本满两年 | 随时看房,https://hui.lianjia.com/ershoufang/105119846272.html
临深品质百万大盘，使用率高，两公里六联地铁站口,"牧云溪谷四期云峯 , 新圩",4室2厅,114.83平米,东南,毛坯,34层 ,,板塔结合,136 万,11844 元,0,,,VR房源 | 房本满五年 | 随时看房,https://hui.lianjia.com/ershoufang/105120963507.html
壹号公馆，惠环新社区，离学堂近，读书方便,"壹号公馆 , 惠环",3室2厅,77.85平米,北,精装,低楼层(共31层) ,,塔楼,44.6 万,5729 元,1,,,VR看装修 | 房本满五年,https://hui.lianjia.com/ershoufang/105119771841.html
看音乐喷泉，视野开阔 ，楼层好，满2年，无抵押,"恒大悦龙台 , 万达",3室2厅,95.6平米,南,精装,32层 ,,板塔结合,75 万,7846 元,0,,,VR看装修 | 房本满两年 | 随时看房,https://hui.lianjia.com/ershoufang/105120491041.html
步梯房二楼、配套成熟、买菜方便宜居,"荣华新村 , 开城大润发",2室2厅,62.84平米,南,,低楼层(共3层) ,,,19.8 万,3151 元,0,,17天以前发布,VR房源,https://hui.lianjia.com/ershoufang/105122386477.html
小区环境好，采光好，优质小区，近万达广场,"金汇上元 , 万达",4室1厅,112.33平米,南 北,,26层 ,,板塔结合,71 万,6321 元,0,,,VR房源 | 随时看房,https://hui.lianjia.com/ershoufang/105119723891.html
合适上观国际，带有车位，三房两厅两卫。,"合生·上观国际 , 水口",3室2厅,92.37平米,南,毛坯,高楼层(共32层) ,,板塔结合,68 万,7362 元,0,,,VR看装修 | 房本满两年 | 随时看房,https://hui.lianjia.com/ershoufang/105116409722.html
东平海伦湾3房2厅2卫精装修保养很好拎包入住,"海伦堡海伦湾 , 东平",3室2厅,110平米,南,精装,高楼层(共32层) ,,板塔结合,105 万,9546 元,0,,,VR看装修 | 房本满五年 | 随时看房,https://hui.lianjia.com/ershoufang/105119818368.html
精装修 户型通透 采光好 离沃尔玛近 三所学府相邻,"龙光城南四期 , 龙光城",4室1厅,108.39平米,东南,精装,34层 ,,板塔结合,89.8 万,8285 元,0,,,VR房源 | 房本满五年 | 随时看房,https://hui.lianjia.com/ershoufang/105117803853.html
星河梧桐湾  户型方正  采光好  诚意出售,"金裕星河梧桐湾花园 , 陈江",4室2厅,112.28平米,南,毛坯,高楼层(共31层) ,,塔楼,68 万,6057 元,0,,,VR看装修 | 房本满两年 | 随时看房,https://hui.lianjia.com/ershoufang/105122196700.html
新品急售急售，价格可谈楼层好，看房方便,"富盈公馆二期 , 马安",3室2厅,89.76平米,南,毛坯,低楼层(共18层) ,,塔楼,62 万,6908 元,0,,,VR看装修 | 房本满五年 | 随时看房,https://hui.lianjia.com/ershoufang/105121722879.html
视野开阔，朝南精装4房，家私家电齐全,"中海阳光玫瑰园 , 马安",4室2厅,118.22平米,东南,精装,中楼层(共33层) ,,板楼,115 万,9728 元,0,,,VR房源 | 房本满两年,https://hui.lianjia.com/ershoufang/105120817377.html
经典2房 户型方正 看花园 海边绿道近 生活便利,"碧桂园十里银滩迎海南区 , 十里银滩",2室2厅,75.51平米,南,简装,30层 ,,板塔结合,28.6 万,3788 元,0,,,VR看装修 | 房本满五年 | 随时看房,https://hui.lianjia.com/ershoufang/105121153963.html
高铁站物业，复试高拓，环境好价格低,"玖龙台 , 潼侨沥林",1室1厅,44.64平米,南,毛坯,高楼层(共28层) ,,塔楼,16 万,3585 元,2,,,VR房源 | 房本满两年 | 随时看房,https://hui.lianjia.com/ershoufang/105114272994.html
安静环境舒适，朝南看花园，户型方正，诚心出售！,"融创臻园一期 , 秋长",3室1厅,96.12平米,南,毛坯,32层 ,,板塔结合,45 万,4682 元,0,,,VR房源 | 房本满两年 | 随时看房,https://hui.lianjia.com/ershoufang/105120514846.html
临深，碧桂园深荟城。业主诚心出售,"深荟城一期 , 白云新城",3室2厅,92.36平米,南,,33层 ,,板塔结合,72 万,7796 元,0,,,VR看装修 | 房本满五年,https://hui.lianjia.com/ershoufang/105118491166.html
万达商圈翡翠山，全新装修大四房，业主出国急售,"翡翠山城君御 , 万达",4室2厅,127.37平米,南 北,精装,26层 ,,板塔结合,102 万,8009 元,1,,,VR看装修 | 随时看房,https://hui.lianjia.com/ershoufang/105120704476.html
标准三房，朝南看花园，中间楼层,"三远大爱城 , 吾悦广场",3室1厅,114平米,南,,32层 ,,塔楼,75 万,6579 元,0,,17天以前发布,VR看装修 | 随时看房,https://hui.lianjia.com/ershoufang/105122376547.html
"德佑透明收佣不做包单,丽日湖逸家园一期给诚意金可谈","丽日湖逸家园一期 , 下角",4室1厅,123.58平米,南 北,简装,21层 ,,板塔结合,129.5 万,10480 元,0,,,VR房源 | 房本满五年,https://hui.lianjia.com/ershoufang/105121166623.html
业主急售，价格可谈，满五唯一税费少。,"卓越东部蔚蓝海岸三期 , 西区新寮",3室2厅,97平米,东南,毛坯,33层 ,,板塔结合,65 万,6702 元,0,,,VR看装修 | 随时看房,https://hui.lianjia.com/ershoufang/105115616267.html
美思奇看滨水公园南北通透双阳台中间楼层满五唯一,"美思奇公馆 , 区政府",4室2厅,118.13平米,南 北,毛坯,24层 ,,板塔结合,81 万,6857 元,0,,,VR看装修 | 房本满五年 | 随时看房,https://hui.lianjia.com/ershoufang/105120892155.html
鹿江沥湿地公园水口文化广场星际,"新力城三期 , 水口",3室2厅,109平米,南,,低楼层(共32层) ,,板楼,83 万,7615 元,0,,,VR看装修 | 随时看房,https://hui.lianjia.com/ershoufang/105122147912.html
水口海伦春天 精装三房 朝南中间楼层 业主诚心出售,"海伦春天一期 , 水口",3室2厅,103平米,南,精装,31层 ,,板塔结合,69.8 万,6777 元,1,,,VR看装修 | 房本满五年,https://hui.lianjia.com/ershoufang/105119348205.html
户型方正，楼层好，朝南，临深，品质社区 视野好,"锦河湾 , 西区新寮",4室2厅,98.98平米,南 北,毛坯,34层 ,,板塔结合,62 万,6264 元,0,,,VR看装修 | 随时看房,https://hui.lianjia.com/ershoufang/105117760914.html
惠阳丽江花园 5房南北通 南北对流 市政广场,"丽江花园北区 , 区政府",5室2厅,186平米,南 北,精装,17层 ,,板楼,114 万,6130 元,0,,,VR看装修 | 房本满五年 | 随时看房,https://hui.lianjia.com/ershoufang/105116143454.html
中洲四期南北方正四房 一线江景 花园大环境好,"中洲半岛城邦四期 , 博罗中心区",4室2厅,127.18平米,南,毛坯,32层 ,,板塔结合,70 万,5505 元,0,,,VR房源 | 随时看房,https://hui.lianjia.com/ershoufang/105121498083.html
平台推 视野好，看房方便，诚心出售,"泓泰花园 , 西区新寮",4室2厅,114平米,南 北,精装,32层 ,,塔楼,105 万,9211 元,0,,,VR看装修 | 房本满两年 | 随时看房,https://hui.lianjia.com/ershoufang/105120837384.html
一线全江景采光充足，户型方正。,"新城鹿江风华 , 水口",4室2厅,123.31平米,南,毛坯,高楼层(共18层) ,,板塔结合,116 万,9408 元,0,,,VR看装修 | 房本满两年 | 随时看房,https://hui.lianjia.com/ershoufang/105122015354.html
距离深汕高铁惠东站直线800米 楼层好 朝南 环境佳,"山湖海上城 , 惠东县城",4室2厅,127.33平米,东南 南,毛坯,32层 ,,板塔结合,49.8 万,3912 元,0,,,VR看装修 | 房本满五年 | 随时看房,https://hui.lianjia.com/ershoufang/105120355692.html
惠州大亚湾西区博林腾瑞3房两厅两卫业主急卖,"博林腾瑞 , 比亚迪商圈",3室2厅,88.52平米,南,简装,33层 ,,板楼,66 万,7456 元,0,,,VR看装修 | 房本满两年 | 随时看房,https://hui.lianjia.com/ershoufang/105120994008.html
急，急，急，江北阳光谷大厦精装2室,"欧尚阳光谷 , 江北",2室1厅,53.84平米,东,简装,26层 ,,板塔结合,29.8 万,5535 元,0,,,VR看装修 | 房本满五年 | 随时看房,https://hui.lianjia.com/ershoufang/105121064573.html
次新小区 新力城大社区 大4房  看花园 大横厅读书方便,"新力城二期 , 水口",4室1厅,135.5平米,南,毛坯,低楼层(共32层) ,,板楼,92 万,6790 元,0,,,VR看装修 | 随时看房,https://hui.lianjia.com/ershoufang/105120554656.html
(左涛推荐)大江北佳兆业旁边#富民#朝南#5房#全新毛坯,"人乐居 , 江北",5室2厅,225.25平米,南 北,毛坯,中楼层(共22层) ,,板楼,150 万,6660 元,0,,,VR房源 | 房本满五年,https://hui.lianjia.com/ershoufang/105113787857.html
惠阳新政芯，临半岛滨水公园，近天虹，好宜多、沃尔玛,"冠臣御品花园 , 新行政区",4室2厅,141.2平米,南 北,精装,28层 ,,板塔结合,108 万,7649 元,0,,16天以前发布,VR房源 | 房本满两年,https://hui.lianjia.com/ershoufang/105122392789.html
皇冠花园4房  南北通透  双阳台 独门独户,"隆生皇冠花园 , 水口",4室2厅,123.36平米,南 北,毛坯,23层 ,,板楼,115 万,9323 元,0,,,VR看装修 | 房本满五年 | 随时看房,https://hui.lianjia.com/ershoufang/105122061214.html
香悦澜山方正四房 大社区 户型好 园林漂亮,"新城香悦澜山 , 博罗中心区",4室2厅,112.18平米,南,毛坯,高楼层(共33层) ,,塔楼,45 万,4012 元,0,,,VR看装修 | 房本满两年 | 随时看房,https://hui.lianjia.com/ershoufang/105120803088.html
金山新城新，中海品牌百万临江大盘，全新小区，视野好,"中海阅江府2期 , 东江新城",4室1厅,119平米,南,毛坯,中楼层(共27层) ,,塔楼,96 万,8068 元,0,,,VR房源 | 随时看房,https://hui.lianjia.com/ershoufang/105120442623.html
地铁口精装大3房，业主诚心出售，随时看房,"德洲城五期 , 西区新寮",3室2厅,111.18平米,南 北,精装,25层 ,,板楼,92.8 万,8347 元,1,,,VR看装修 | 房本满五年 | 随时看房,https://hui.lianjia.com/ershoufang/105120995279.html
合生上观国际七期 南北通双阳台 东南朝向 看花园,"合生·上观国际 , 水口",4室2厅,130.75平米,东南,,低楼层(共26层) ,,塔楼,95 万,7266 元,0,,,VR看装修 | 房本满两年 | 随时看房,https://hui.lianjia.com/ershoufang/105122063823.html
水口次新小区出售精装三房两卫，高层视野好,"新力城一期 , 水口",3室2厅,108.93平米,南,精装,33层 ,,板楼,150 万,13771 元,0,,,VR看装修 | 房本满五年 | 随时看房,https://hui.lianjia.com/ershoufang/105121313658.html
金悦华府 品质小区，房龄新，南北通，视野开阔,"金悦华府 , 东江新城",3室1厅,92平米,南 北,毛坯,高楼层(共25层) ,,塔楼,75 万,8153 元,1,,16天以前发布,VR房源 | 房本满两年 | 随时看房,https://hui.lianjia.com/ershoufang/105122388680.html
金碧花苑 3室2厅 北 南,"金碧花苑 , 河南岸",3室2厅,105平米,北 南,简装,高楼层(共18层) ,,塔楼,69.9 万,6658 元,2,,30天以前发布,VR房源 | 房本满五年,https://hui.lianjia.com/ershoufang/105122265767.html
"中骏雍景湾,金山湖，业主诚心卖，朝南三房两卫","中骏雍景湾南区 , 河南岸",3室2厅,95.67平米,南,毛坯,中楼层(共30层) ,,塔楼,89 万,9303 元,0,,,VR看装修 | 随时看房,https://hui.lianjia.com/ershoufang/105122131143.html
南北通透 满五唯一 视野开阔 可远眺大海,"华冠花园 , 大亚湾中心区",4室2厅,103.66平米,南 北,毛坯,33层 ,,板塔结合,55 万,5306 元,0,,,VR看装修 | 房本满五年 | 随时看房,https://hui.lianjia.com/ershoufang/105121672928.html
业主诚心出售，带装修，看房方便。。。.,"惠阳雅居乐花园二期 , 南站新城",2室1厅,77.11平米,南 北,精装,中楼层(共33层) ,,板塔结合,38.6 万,5006 元,1,,,VR房源 | 房本满五年 | 随时看房,https://hui.lianjia.com/ershoufang/105121985698.html
带装修带高租约家私家电齐全拎包入住,"德洲城三、四期 , 西区新寮",3室2厅,115.32平米,南 北,精装,18层 ,,塔楼,83 万,7198 元,0,,,VR看装修 | 房本满两年,https://hui.lianjia.com/ershoufang/105122214464.html
新华书店旁 宏益公馆3房2厅 好楼层诚心出售！,"宏益公馆 , 江北",3室2厅,115.37平米,北,精装,中楼层(共17层) ,,塔楼,120 万,10402 元,0,,,VR房源 | 房本满五年 | 随时看房,https://hui.lianjia.com/ershoufang/105122056889.html
大社区，入住率高，户型方正，采光好,"花样年别样城四期 , 新行政区",4室1厅,101.22平米,东南,毛坯,中楼层(共32层) ,,板塔结合,65 万,6422 元,0,,,VR房源 | 房本满五年 | 随时看房,https://hui.lianjia.com/ershoufang/105120879978.html
德丰天麓 单间 业主诚心出售 楼层好 视野好,"德丰.天麓 , 大亚湾中心区",1室0厅,28.87平米,南,简装,20层 ,,塔楼,12.3 万,4261 元,0,,,VR看装修 | 房本满五年 | 随时看房,https://hui.lianjia.com/ershoufang/105121430799.html
新力城一期 3室2厅 南 北,"新力城一期 , 水口",3室2厅,108.93平米,南 北,精装,高楼层(共33层) ,,板楼,90 万,8263 元,0,,7天以前发布,VR房源 | 房本满两年,https://hui.lianjia.com/ershoufang/105122491185.html
一线临深新小区 朝南大三房 好楼层税费少环境好配套全,"荣佳国韵二期 , 龙光城",3室2厅,123.2平米,南,毛坯,30层 ,,板塔结合,78 万,6332 元,0,,13天以前发布,VR房源 | 房本满两年 | 随时看房,https://hui.lianjia.com/ershoufang/105122429581.html
业主诚心出售，此房户型方正，采光好,"冠臣御品花园 , 新行政区",3室2厅,114.54平米,南 北,精装,28层 ,,板塔结合,68 万,5937 元,0,,,VR看装修 | 房本满两年 | 随时看房,https://hui.lianjia.com/ershoufang/105117314529.html
精装修 业主诚心出售 随时可以看房,"和畅国际 , 惠环",3室1厅,86.51平米,东南,精装,高楼层(共32层) ,,塔楼,51 万,5896 元,0,,,VR房源 | 房本满五年,https://hui.lianjia.com/ershoufang/105121837680.html
方正居家三室一卫，拎包入住，总价低，随时看房,"碧桂园十里银滩海悦湾 , 十里银滩",3室1厅,84平米,西南,精装,30层 ,,板塔结合,27.8 万,3310 元,23,,,VR看装修 | 随时看房,https://hui.lianjia.com/ershoufang/105117765705.html
南北双阳台，无欠款 ，次新小区，环境优美，户型好,"新华联广场 , 大亚湾中心区",4室2厅,113.25平米,南 北,毛坯,34层 ,,板塔结合,57.9 万,5113 元,1,,,VR看装修 | 房本满两年 | 随时看房,https://hui.lianjia.com/ershoufang/105122224094.html
隆生仲恺花园 三房两卫 中间楼层 采光通风好,"隆生仲恺花园3区 , 陈江",3室2厅,102平米,南,毛坯,中楼层(共32层) ,,板楼,66 万,6471 元,0,,,VR看装修 | 随时看房,https://hui.lianjia.com/ershoufang/105121410451.html
新力城三期《本社区有大量房源出售》,"新力城三期 , 水口",3室1厅,88.75平米,南,精装,高楼层(共31层) ,,板楼,66 万,7437 元,0,,,VR看装修 | 房本满两年 | 随时看房,https://hui.lianjia.com/ershoufang/105121695203.html
龙海一路自在城4房诚心出售，看房方便,"金地天润自在城一期 , 西区新寮",4室2厅,107.66平米,南 西,精装,33层 ,,板塔结合,75 万,6967 元,3,,,VR房源 | 房本满两年 | 随时看房,https://hui.lianjia.com/ershoufang/105120656877.html
水岸城四期 在中抽位置 带装修4房 户型合理 中间楼层,"中信水岸城四期 , 东江新城",4室2厅,130平米,南,精装,高楼层(共31层) ,,板塔结合,140 万,10770 元,0,,,VR看装修,https://hui.lianjia.com/ershoufang/105121522343.html
户型方正 业主诚心出售 采光好 通风好 房子保养好,"中天彩虹城北区 , 开城大润发",3室2厅,131.85平米,南 北,精装,30层 ,,板楼,75 万,5689 元,1,,,VR看装修 | 房本满五年 | 随时看房,https://hui.lianjia.com/ershoufang/105122209746.html
次新社区南北通宽敞舒适大四房朝南横厅设计使用高,"邦民华家园 , 惠环",4室2厅,110.09平米,南 北,毛坯,26层 ,,塔楼,58 万,5269 元,0,,,VR看装修 | 房本满五年 | 随时看房,https://hui.lianjia.com/ershoufang/105122013651.html
保华铂郡花园，三房南北通，中间楼层，看房有钥匙。,"保华铂郡 , 河南岸",3室2厅,117.9平米,西南,,23层 ,,塔楼,139 万,11790 元,1,,,VR看装修 | 随时看房,https://hui.lianjia.com/ershoufang/105121578412.html
红本在手税费低交易快，万科物业拎包入住,"晶地里程花园 , 西区新寮",4室1厅,109平米,南,简装,33层 ,,塔楼,80 万,7340 元,0,,,VR看装修 | 随时看房,https://hui.lianjia.com/ershoufang/105121687712.html
户型通透，视野开阔，采光充足，配套齐全，交通方便,"碧桂园十里银滩海悦湾 , 十里银滩",2室2厅,66.98平米,北,精装,30层 ,,板塔结合,23.75 万,3546 元,1,,,VR房源 | 随时看房,https://hui.lianjia.com/ershoufang/105121264474.html
天益城二期 4室2厅 东南,"天益城二期 , 陈江",4室2厅,107.28平米,东南,精装,高楼层(共33层) ,,塔楼,103 万,9602 元,0,,,VR看装修 | 房本满两年 | 随时看房,https://hui.lianjia.com/ershoufang/105120470844.html
标准一房一厅，满五唯一，红本在手,"历昌华庭 , 白云新城",1室1厅,57.68平米,北,毛坯,27层 ,,板塔结合,23 万,3988 元,0,,,VR房源 | 房本满五年 | 随时看房,https://hui.lianjia.com/ershoufang/105122149111.html
钱隆樽品花园 次新小区 四房南北通双阳台 采光视野好,"福晟钱隆樽品花园 , 陈江",4室2厅,101平米,南 北,,31层 ,,板塔结合,62 万,6139 元,0,,,VR看装修 | 随时看房,https://hui.lianjia.com/ershoufang/105118306468.html
鑫月城自住三房朝南看花园拎包入住业主急售,"鑫月御景湾 , 陈江",3室2厅,86.1平米,南,精装,31层 ,,塔楼,55 万,6388 元,0,,,VR看装修 | 房本满五年,https://hui.lianjia.com/ershoufang/105120802173.html
高duan大社区 税费少 户型方正 朝南 采光通风好,"恒大紫荆学府棕榈岛 , 白云新城",3室2厅,88.06平米,南,精装,低楼层(共32层) ,,板塔结合,55 万,6246 元,6,,,VR房源 | 房本满两年 | 随时看房,https://hui.lianjia.com/ershoufang/105118353050.html
大湖溪 有证商品房 家好花苑 健康步梯 精装3房2卫,"家好花苑 , 水口",3室2厅,102.51平米,东南,精装,高楼层(共7层) ,,板塔结合,35 万,3415 元,1,,,VR看装修 | 房本满五年,https://hui.lianjia.com/ershoufang/105121654113.html
万达旁1公里精装小户型，拎包入住,"西街苑一期 , 万达",1室0厅,26.78平米,南,,9层 ,,板塔结合,13.5 万,5042 元,0,,9天以前发布,VR房源 | 房本满五年,https://hui.lianjia.com/ershoufang/105122476649.html
金山湖公园旁 方直珑湖湾 毛坯3房业主急售,"方直珑湖湾 , 河南岸",3室2厅,121.29平米,南,毛坯,中楼层(共31层) ,,板塔结合,176 万,14511 元,0,,,VR看装修 | 房本满五年 | 随时看房,https://hui.lianjia.com/ershoufang/105121405588.html
江北片区丽格国际公寓 精装修一房 带独立厨房和阳台,"丽格国际公寓 , 江北",1室0厅,42平米,南,精装,30层 ,,塔楼,36 万,8572 元,0,,,VR房源 | 随时看房,https://hui.lianjia.com/ershoufang/105120225360.html
天翔中间好楼层，南北通户型好，采光好，配套齐全,"奥园天翔誉峰 , 惠环",5室2厅,115平米,南,毛坯,31层 ,,塔楼,62 万,5392 元,0,,,VR看装修 | 随时看房,https://hui.lianjia.com/ershoufang/105122218660.html
大社区，交通便捷，户型方正，使用率高，带装修,"德丰凯旋城北区 , 大亚湾中心区",2室1厅,41.68平米,北,精装,26层 ,,板塔结合,24 万,5759 元,2,,,VR看装修 | 房本满五年,https://hui.lianjia.com/ershoufang/105119099928.html
荷兰水乡片区 精装电梯3房 诚心出售 看房方便,"东珠华府 , 东平",3室2厅,109.13平米,北,精装,高楼层(共15层) ,,板塔结合,71 万,6507 元,1,,,VR看装修 | 房本满五年 | 随时看房,https://hui.lianjia.com/ershoufang/105121469004.html
户型好，楼层好，彩光好，小区环境好,"听涛雅苑 , 大亚湾中心区",2室2厅,36.25平米,南,简装,7层 ,,板塔结合,22.9 万,6318 元,0,,23天以前发布,VR房源 | 房本满五年 | 随时看房,https://hui.lianjia.com/ershoufang/105122331357.html
看湖景大阳台精装修，定制家具，采光好,"星河丹堤E区 , 南站新城",5室2厅,123.1平米,东南,精装,34层 ,,,120 万,9749 元,0,,,VR看装修,https://hui.lianjia.com/ershoufang/105121727613.html
朝南、四楼、南北通、双阳台、邻人民公园,"富景花园 , 区政府",2室2厅,76.98平米,南,,中楼层(共7层) ,,板塔结合,25 万,3248 元,0,,4天以前发布,VR房源 | 房本满两年 | 随时看房,https://hui.lianjia.com/ershoufang/105122521399.html
近深圳门口公交车3公里，旁边公立九小,"天域花园 , 白云新城",3室2厅,73.6平米,东南 南,毛坯,21层 ,,板塔结合,29 万,3941 元,1,,,VR看装修 | 房本满五年 | 随时看房,https://hui.lianjia.com/ershoufang/105116423666.html
光耀荷兰堡小区环境优美，方便出行,"光耀荷兰堡 , 小金口",3室2厅,127.67平米,南,,中楼层(共17层) ,,板塔结合,59 万,4622 元,0,,,VR看装修 | 房本满五年,https://hui.lianjia.com/ershoufang/105120043659.html
临深片区，双地铁口，3房2厅2卫出售,"安罝小区 , 西区新寮",3室2厅,120.4平米,南,毛坯,32层 ,,板塔结合,68 万,5648 元,0,,,VR看装修 | 随时看房,https://hui.lianjia.com/ershoufang/105116956729.html
小区绿化面积大，住着舒心舒服，看房方便,"金宝城市佳园 , 惠环",2室2厅,80.54平米,南 北,简装,高楼层(共18层) ,,板塔结合,38 万,4719 元,0,,,VR房源,https://hui.lianjia.com/ershoufang/105121584707.html
金城广场，朝南户型急售，方正采光好，佳兆业旁,"金城广场君华府 , 江北",3室2厅,125平米,西北,精装,高楼层(共30层) ,,板楼,68 万,5440 元,2,,,VR房源 | 房本满五年,https://hui.lianjia.com/ershoufang/105115849363.html
壹号公馆大五房，房子毛坯，欢迎带看,"壹号公馆 , 惠环",5室2厅,117.47平米,东南 南,,低楼层(共31层) ,,板塔结合,69 万,5874 元,0,,16天以前发布,VR房源 | 随时看房,https://hui.lianjia.com/ershoufang/105122388608.html
中洲半岛城邦四期 3室2厅 南,"中洲半岛城邦四期 , 博罗中心区",3室2厅,95平米,南,简装,32层 ,,板塔结合,62.8 万,6611 元,0,,,VR看装修 | 房本满五年 | 随时看房,https://hui.lianjia.com/ershoufang/105118666339.html
佳兆业一期 保养好  户型方正 交通便利,"佳兆业中心一期 , 江北",1室1厅,41平米,东 西,,29层 ,,板塔结合,29.5 万,7196 元,0,,,VR看装修 | 房本满五年,https://hui.lianjia.com/ershoufang/105118691645.html
壹城二区三房两卫朝南中高楼层视野开阔,"壹城中心2区 , 陈江",3室2厅,98.69平米,南,毛坯,高楼层(共31层) ,,塔楼,75 万,7600 元,0,,24天以前发布,VR看装修 | 房本满五年 | 随时看房,https://hui.lianjia.com/ershoufang/105122317852.html
鸿润花园东南向三房，装修保养好，中间楼层采光好,"鸿润花园 , 麦地",3室2厅,126.84平米,东南,精装,高楼层(共30层) ,,塔楼,126 万,9934 元,0,,,VR房源 | 随时看房,https://hui.lianjia.com/ershoufang/105122158814.html
证已满两年，无增值税，成本低，此价带有证车位，,"领峰花园 , 汝湖",4室2厅,114.86平米,南,,低楼层(共32层) ,,,95 万,8271 元,0,,,VR看装修 | 房本满两年 | 随时看房,https://hui.lianjia.com/ershoufang/105121688187.html
一线江景  复式三层带露台 带个车位出售,"滨江大厦 , 下埔",5室2厅,266.97平米,东北,精装,高楼层(共13层) ,,,158 万,5919 元,0,,,VR房源 | 房本满五年 | 随时看房,https://hui.lianjia.com/ershoufang/105121509654.html
江湾南岸二期七米长大阳台一线江景视野开阔可看天鹅桥,"江湾南岸二期 , 江北",4室2厅,142.38平米,东南,毛坯,高楼层(共44层) ,,板楼,173 万,12151 元,1,,,VR看装修 | 房本满两年 | 随时看房,https://hui.lianjia.com/ershoufang/105116845307.html
大中华花园中间，146平南北通透大四房，给你理想生活,"大中华幸福城 , 西区新寮",4室2厅,146.73平米,南 北,毛坯,32层 ,,板楼,111 万,7565 元,1,,,VR看装修 | 房本满两年 | 随时看房,https://hui.lianjia.com/ershoufang/105121112231.html
临深三房两卫精装修全屋定制 拎包入住 业主诚心出售,"碧桂园雅豪轩 , 龙光城",3室2厅,93.41平米,南 北,精装,29层 ,,板塔结合,68 万,7280 元,2,,,VR看装修 | 房本满两年 | 随时看房,https://hui.lianjia.com/ershoufang/105121095469.html
简装一房一厅，房子高楼层，光线视野不错，看房方便,"花样年别样城二期 , 新行政区",1室1厅,41.63平米,东,,29层 ,,板塔结合,15.3 万,3676 元,1,,,VR看装修 | 房本满五年 | 随时看房,https://hui.lianjia.com/ershoufang/105120183475.html
榕城华庭 全新精装 三房两厅 南向看花园,"榕城华庭 , 博罗中心区",3室2厅,103平米,南,精装,18层 ,,塔楼,39.8 万,3865 元,1,,,VR看装修 | 随时看房,https://hui.lianjia.com/ershoufang/105121896843.html
原生态双公园配套，户型方正 ，带装修，视野好,"伴山园 , 比亚迪商圈",3室2厅,75.21平米,东南 南,精装,17层 ,,板塔结合,31 万,4122 元,0,,,VR看装修 | 房本满五年,https://hui.lianjia.com/ershoufang/105117975010.html
龙光城南区，两室两厅带装修拎包入住！,"龙光城南二期 , 龙光城",2室2厅,62.07平米,西北,精装,32层 ,,板塔结合,56.8 万,9151 元,0,,,VR看装修 | 房本满五年 | 随时看房,https://hui.lianjia.com/ershoufang/105121929023.html
业主诚意出售，户型方正，采光靓,"星泽华府 , 水口",3室2厅,123平米,南,,高楼层(共20层) ,,板塔结合,65 万,5285 元,0,,,VR看装修 | 随时看房,https://hui.lianjia.com/ershoufang/105121907072.html
水口天虹旁南贸花园，装修三房双卫户型证在手看房方便,"南贸花园 , 水口",3室2厅,113.41平米,南 北,精装,中楼层(共17层) ,,塔楼,82 万,7231 元,1,,,VR房源 | 房本满五年,https://hui.lianjia.com/ershoufang/105121924075.html
随时可以看房，业主诚心出售，价格可以沟通,"渝景湾花园四期 , 澳头",2室2厅,66.46平米,南,,低楼层(共26层) ,,板塔结合,22 万,3311 元,0,,,VR看装修 | 房本满五年 | 随时看房,https://hui.lianjia.com/ershoufang/105122125986.html
德威摩卡小镇两房 ，有车位，精装修，看房方便，,"德威摩卡小镇 , 江北",2室2厅,88.73平米,南,精装,中楼层(共17层) ,,塔楼,65 万,7326 元,1,,,VR看装修 | 房本满五年,https://hui.lianjia.com/ershoufang/105121748676.html
楼层好，采光充足，户型好，小区环境舒适，半围合式,"承翰珀尔世家 , 潼侨沥林",3室2厅,102.03平米,东南 南,精装,32层 ,,塔楼,59.8 万,5862 元,0,,,VR看装修 | 房本满两年 | 随时看房,https://hui.lianjia.com/ershoufang/105121928780.html
皇冠旁合生上观六期 中间楼层装修拎包入住南北双阳台,"合生·上观国际 , 水口",4室2厅,169.54平米,南 北,,中楼层(共32层) ,,板塔结合,148 万,8730 元,0,,,VR看装修 | 房本满五年,https://hui.lianjia.com/ershoufang/105118903056.html
龙丰 轻轨站 大社区 泰富御山郡 全新装修4房未入住,"泰富·御山郡 , 龙丰",4室2厅,107.44平米,南,精装,17层 ,,板塔结合,72.8 万,6776 元,0,,29天以前发布,VR看装修 | 随时看房,https://hui.lianjia.com/ershoufang/105122276998.html
汇乐城 次新小区 德桂佳园 3房 生活方便配套齐全,"德桂佳园一区 , 水口",3室2厅,90.85平米,南,毛坯,低楼层(共26层) ,,塔楼,59.6 万,6561 元,0,,,VR看装修 | 随时看房,https://hui.lianjia.com/ershoufang/105120744960.html
金石花园视野宽阔 采光很好 朝南 交通便利,"金石花园 , 江北",2室1厅,62.46平米,南,简装,中楼层(共18层) ,,塔楼,38 万,6084 元,1,,,VR看装修 | 房本满五年,https://hui.lianjia.com/ershoufang/105121985872.html
龙光城精装大四房  业主诚心急售,"龙光城南四期 , 龙光城",4室1厅,108.77平米,西 北,精装,34层 ,,塔楼,105 万,9654 元,0,,,VR看装修 | 房本满五年 | 随时看房,https://hui.lianjia.com/ershoufang/105121604998.html
实用精装正两房，带入户花园，适合刚需过度，看中可谈,"华兴金盛丽景 , 水口",2室2厅,75.33平米,南,精装,中楼层(共17层) ,,板楼,56 万,7434 元,0,,,VR房源 | 房本满五年 | 随时看房,https://hui.lianjia.com/ershoufang/105119939809.html
江北新小区 高层朝南4房  视野开阔 价格实惠,"御豪庭 , 江北",4室2厅,119.09平米,南,毛坯,高楼层(共29层) ,,塔楼,78 万,6550 元,0,,,VR看装修 | 随时看房,https://hui.lianjia.com/ershoufang/105121780336.html
前排别墅急售，格局好，层高3.3米，15米阳台一线江景,"江湾南岸二期 , 江北",4室2厅,237.3平米,东南,毛坯,中楼层(共6层) ,,板楼,498 万,20987 元,1,,,VR看装修 | 随时看房,https://hui.lianjia.com/ershoufang/105118573446.html
临深位置 小区规模大 花园绿化做得好 居住适宜 户型好,"冠华城桂香园 , 西区新寮",4室2厅,100.71平米,南 北,毛坯,31层 ,,塔楼,66 万,6554 元,2,,,VR看装修 | 房本满五年 | 随时看房,https://hui.lianjia.com/ershoufang/105121075618.html
米可 成熟大社区 102大4房  价格美丽,"milk花园 , 陈江",4室1厅,102平米,南 北,,18层 ,,塔楼,72 万,7059 元,0,,,VR房源 | 随时看房,https://hui.lianjia.com/ershoufang/105121956959.html
城市嘉园 4室2厅 南,"城市嘉园 , 惠东县城",4室2厅,121.21平米,南,精装,低楼层(共20层) ,,塔楼,65 万,5363 元,0,,,VR看装修 | 房本满五年 | 随时看房,https://hui.lianjia.com/ershoufang/105122052570.html
中山大学附属惠亚医院 带装修小两房随时可以看 急售,"听涛雅苑 , 大亚湾中心区",2室2厅,46.58平米,东,精装,11层 ,,板塔结合,20.6 万,4423 元,10,,,VR房源 | 随时看房,https://hui.lianjia.com/ershoufang/105117297978.html
金山湖，精装三房，带租约出售，看房提前预约！,"美地花园城 , 河南岸",3室2厅,102.43平米,南,精装,高楼层(共30层) ,,塔楼,65 万,6346 元,2,,,VR看装修 | 房本满五年,https://hui.lianjia.com/ershoufang/105118853779.html
荷兰小城好楼层，房子采光通风好，视野开阔，居住舒服,"光耀荷兰小城 , 陈江",3室1厅,97.51平米,南,毛坯,28层 ,,板塔结合,43 万,4410 元,0,,,VR房源 | 房本满五年 | 随时看房,https://hui.lianjia.com/ershoufang/105121153564.html
小区高绿化，花园中间安静，，楼栋高低搭配采光,"德丰·五月花花园 , 西区新寮",3室2厅,96平米,北,,17层 ,,板塔结合,67 万,6980 元,0,,20天以前发布,VR房源,https://hui.lianjia.com/ershoufang/105122347616.html
全新精准大2房拎包入住月供1K定金1万家门口书抱,"华龙花园 , 水口",3室1厅,60.08平米,南,,8层 ,,板塔结合,18 万,2997 元,1,,,VR看装修 | 房本满五年,https://hui.lianjia.com/ershoufang/105120840130.html
中锴华章 花园中间 标准四房 好楼层,"中锴·华章 , 河南岸",4室2厅,132平米,南 北,毛坯,低楼层(共27层) ,,塔楼,110 万,8334 元,0,,9天以前发布,VR房源 | 房本满五年,https://hui.lianjia.com/ershoufang/105122476182.html
真实出售 业主诚心出售 能让你发家致富,"鹏达丽水湾 , 下角",3室2厅,96.35平米,东南,简装,中楼层(共27层) ,,板塔结合,77 万,7992 元,0,,,VR看装修 | 房本满五年 | 随时看房,https://hui.lianjia.com/ershoufang/105122148642.html
首 付6万买套海景2房轻松上车，楼下有市场绿道，成熟,"碧桂园.十里银滩.海逸湾北区 , 十里银滩",2室2厅,66.97平米,南,精装,30层 ,,板塔结合,29.1 万,4346 元,2,,,VR房源 | 房本满五年 | 随时看房,https://hui.lianjia.com/ershoufang/105120468607.html
翡翠山东南向大三房，房本无欠款交易快，价格可谈,"翡翠山城君御 , 万达",3室2厅,95.75平米,东南 南,精装,34层 ,,板塔结合,96 万,10027 元,3,,,VR看装修 | 房本满两年 | 随时看房,https://hui.lianjia.com/ershoufang/105113472870.html
临深带大平台的精装五房，业主无欠款套现出售,"壹方天第 , 白云新城",5室2厅,132.72平米,南 北,精装,34层 ,,板塔结合,94.5 万,7121 元,0,,,VR看装修 | 房本满两年 | 随时看房,https://hui.lianjia.com/ershoufang/105117834082.html
临深大盘安静舒适精装修三房 户型通透,"卓越东部蔚蓝海岸八期 , 西区新寮",3室1厅,98平米,南,精装,中楼层(共33层) ,,板塔结合,103 万,10511 元,0,,,VR看装修 | 随时看房,https://hui.lianjia.com/ershoufang/105118770385.html
大亚湾，亚迪二村，大4房，业主诚心卖，高楼层,"亚迪二村一区 , 澳头",4室2厅,146.16平米,南,,32层 ,,板塔结合,56 万,3832 元,1,,,VR看装修 | 房本满五年 | 随时看房,https://hui.lianjia.com/ershoufang/105121014359.html
美丽洲毛坯三房 小高层采光好视野好,"美丽洲 , 马安",3室2厅,97.99平米,南 北,,高楼层(共16层) ,,塔楼,73 万,7450 元,0,,8天以前发布,VR房源 | 房本满两年 | 随时看房,https://hui.lianjia.com/ershoufang/105122482690.html
朝南看花园，无欠款 ，次新小区，环境优美，户型好,"新华联广场 , 大亚湾中心区",3室2厅,95.84平米,南,毛坯,34层 ,,板塔结合,49.9 万,5207 元,1,,,VR看装修 | 房本满两年 | 随时看房,https://hui.lianjia.com/ershoufang/105121272933.html
急售次新房大社区环境好安静视野开阔户型方正,"新华联广场 , 大亚湾中心区",3室2厅,95.6平米,南,毛坯,34层 ,,板塔结合,49 万,5126 元,1,,,VR看装修 | 房本满两年 | 随时看房,https://hui.lianjia.com/ershoufang/105121704028.html
万达益田商圈大四房业主诚心急卖,"恒鑫御园 , 万达",4室2厅,129.08平米,东南 南,毛坯,32层 ,,塔楼,76 万,5888 元,0,,,VR看装修 | 房本满五年 | 随时看房,https://hui.lianjia.com/ershoufang/105121989066.html
保华铂郡毛坯四房，南北朝向双阳台，看房有钥匙。,"保华铂郡 , 河南岸",4室2厅,132.07平米,东南,毛坯,23层 ,,塔楼,165 万,12494 元,0,,,VR看装修 | 随时看房,https://hui.lianjia.com/ershoufang/105121708218.html
房子南北通透，视野好，业主自住装修，保养好，,"太东星河丹堤天睿北区 , 吾悦广场",5室1厅,127平米,南 北,,34层 ,,板塔结合,112 万,8819 元,3,,,VR房源 | 房本满五年,https://hui.lianjia.com/ershoufang/105121909717.html
万达商圈 花千树 精装三房  业主诚意出售,"花千树一期 , 吾悦广场",3室2厅,86.9平米,南,,15层 ,,板塔结合,34 万,3913 元,3,,,VR看装修 | 房本满五年 | 随时看房,https://hui.lianjia.com/ershoufang/105122219337.html
低楼层，带家私家电，朝南看花园,"碧桂园太东公园上城 , 吾悦广场",3室1厅,95.7平米,南,精装,32层 ,,板塔结合,67 万,7002 元,1,,,VR看装修 | 房本满五年 | 随时看房,https://hui.lianjia.com/ershoufang/105121777557.html
铂金广场，装修没住过，大三房诚意卖,"铂金广场 , 区政府",3室1厅,98.57平米,南 北,,中楼层(共31层) ,,板塔结合,69 万,7001 元,2,,,VR房源 | 房本满五年 | 随时看房,https://hui.lianjia.com/ershoufang/105118745152.html
小区环境舒适交通方便，有车站，市场。,"罗浮公馆 , 博罗中心区",4室2厅,126平米,西南,精装,32层 ,,板塔结合,65.7 万,5215 元,0,,,VR看装修 | 房本满五年 | 随时看房,https://hui.lianjia.com/ershoufang/105122069599.html
楼层好，采光充足，朝西南，视野开阔,"牧云溪谷二期云尚 , 新圩",3室1厅,86.12平米,西南,毛坯,33层 ,,塔楼,83 万,9638 元,0,,,VR房源 | 房本满五年 | 随时看房,https://hui.lianjia.com/ershoufang/105118001478.html
14号快线，不临街，看花园，全新没住过,"龙光城北五期 , 龙光城",3室2厅,91.88平米,南,精装,32层 ,,板塔结合,98 万,10667 元,0,,,VR看装修 | 房本满两年 | 随时看房,https://hui.lianjia.com/ershoufang/105120760017.html
中空假复式 小三房 高层配套设施齐全楼下就是绿道。,"碧桂园十里银滩海悦湾 , 十里银滩",3室1厅,67平米,东北,,30层 ,,板塔结合,28 万,4180 元,0,,17天以前发布,VR房源 | 随时看房,https://hui.lianjia.com/ershoufang/105122386383.html
南贸花园三期 3室2厅 东南,"南贸花园三期 , 水口",3室2厅,87.79平米,东南,精装,中楼层(共22层) ,,塔楼,75 万,8544 元,0,,,VR看装修 | 随时看房,https://hui.lianjia.com/ershoufang/105121995384.html
国企振业百万大盘，西南景观好价格便宜，方便看房,"惠阳振业城 , 三和经济开发区",2室2厅,72.74平米,西南,毛坯,中楼层(共33层) ,,,30 万,4125 元,0,,,VR看装修 | 房本满五年 | 随时看房,https://hui.lianjia.com/ershoufang/105120243313.html
