标题,地址,户型,面积,朝向,装修情况,层数,建造时间,楼型,总价,每平米单价,关注人数,带看次数,发布时间,标签,详情链接
小区人车分流/采光好 /安静/公立学府四房南北通透,"锦绣学府 , 澳头",4室2厅,107.76平米,南 北,毛坯,30层 ,,板塔结合,63 万,5847 元,1,,,VR看装修 | 房本满五年 | 随时看房,https://hui.lianjia.com/ershoufang/105117932494.html
此房精装修，花园中间，高楼层，位置安静。视野好,"万科金域华庭二期 , 江北",3室1厅,79.17平米,南,精装,高楼层(共33层) ,,板塔结合,74.5 万,9411 元,2,,,VR房源 | 房本满五年 | 随时看房,https://hui.lianjia.com/ershoufang/105118234741.html
临深锦河湾朝南三房，中间楼层，无欠款交易方便,"锦河湾 , 西区新寮",3室1厅,83.6平米,南,毛坯,33层 ,,板塔结合,48 万,5742 元,2,,,VR看装修 | 房本满五年 | 随时看房,https://hui.lianjia.com/ershoufang/105120634052.html
荷兰小城户型方正，采光佳，布局合理，宽敞明亮,"光耀荷兰小城 , 陈江",4室2厅,112平米,南,精装,28层 ,,板塔结合,73 万,6518 元,0,,,VR看装修 | 房本满两年,https://hui.lianjia.com/ershoufang/105121958747.html
"通风采光好 家旁边就是虎头山公园 ,河滩公园","碧桂园中萃公园 , 大亚湾中心区",3室2厅,136.55平米,南 北,毛坯,17层 ,,板塔结合,101 万,7397 元,3,,,VR看装修 | 房本满五年 | 随时看房,https://hui.lianjia.com/ershoufang/105105910742.html
透明收佣，不做包单+江湾一品+三房+西南朝向,"江湾一品 , 下角",3室2厅,70.97平米,西南,精装,高楼层(共29层) ,,塔楼,69.8 万,9836 元,0,,,VR房源 | 房本满五年 | 随时看房,https://hui.lianjia.com/ershoufang/105119811710.html
临深大社区，朝南4房，业主诚心出售,"天域花园 , 白云新城",4室2厅,89.03平米,南,毛坯,21层 ,,板塔结合,48 万,5392 元,0,,,VR看装修 | 房本满五年 | 随时看房,https://hui.lianjia.com/ershoufang/105121594639.html
区政府天虹 南北通四房 自住装修 拎包入住,"中央国墅园 , 区政府",4室2厅,128.34平米,南 北,精装,29层 ,,板塔结合,72 万,5611 元,2,,,VR看装修 | 房本满五年 | 随时看房,https://hui.lianjia.com/ershoufang/105118507564.html
秋谷林海 原价高  满五唯一无个税 四房 南北通透,"秋谷·林海 , 比亚迪商圈",4室2厅,87.19平米,南 北,精装,26层 ,,板塔结合,55 万,6309 元,1,,,VR看装修 | 房本满五年 | 随时看房,https://hui.lianjia.com/ershoufang/105121959258.html
房子旁边就是天虹还有大润发楼下的商铺也全部营业,"中梁V城市 , 开城大润发",2室2厅,57平米,南,,31层 ,,板塔结合,30 万,5264 元,3,,,VR房源 | 随时看房,https://hui.lianjia.com/ershoufang/105117133859.html
龙丰城轨出口旁，金辉新苑大阳台两房,"金輝新苑 , 龙丰",2室2厅,90.63平米,东,简装,低楼层(共9层) ,,板塔结合,40 万,4414 元,0,,,VR房源 | 房本满两年 | 随时看房,https://hui.lianjia.com/ershoufang/105120919732.html
万达商圈金龟山大峡谷一期业主诚意出售,"御玺山大峡谷一期 , 比亚迪商圈",2室1厅,75平米,南,,32层 ,,板塔结合,32.5 万,4334 元,0,,,VR看装修 | 随时看房,https://hui.lianjia.com/ershoufang/105121758256.html
龙光城南四期 装修三房 朝南看山景 满五唯一 配套齐全,"龙光城南四期 , 龙光城",3室2厅,89平米,东南,简装,34层 ,,板塔结合,77 万,8652 元,1,,,VR看装修 | 随时看房,https://hui.lianjia.com/ershoufang/105121793746.html
小区环境好.户型方正.业主急卖.价格好谈,"丽江花园南区 , 区政府",4室1厅,158.89平米,南,简装,11层 ,,板塔结合,90 万,5665 元,0,,27天以前发布,VR房源 | 房本满五年 | 随时看房,https://hui.lianjia.com/ershoufang/105122295061.html
山湖海上城3房2厅1卫 环境好 交通便利,"山湖海上城 , 惠东县城",3室2厅,92平米,南,精装,18层 ,,板塔结合,38.9 万,4229 元,0,,,VR看装修 | 随时看房,https://hui.lianjia.com/ershoufang/105121753697.html
江北东江湾精装修酒店公寓48平,"东江湾 , 江北",1室1厅,47.8平米,南,精装,高楼层(共30层) ,,板塔结合,50 万,10461 元,0,,,VR看装修 | 房本满两年 | 随时看房,https://hui.lianjia.com/ershoufang/105117675894.html
百万大盘旁，临深一线河景，业主诚心售,"锦河湾 , 西区新寮",4室1厅,98.06平米,南 北,毛坯,34层 ,,板塔结合,62 万,6323 元,0,,,VR房源 | 随时看房,https://hui.lianjia.com/ershoufang/105120482603.html
满五唯一带装修 业主诚意出售 前有公园后有广场,"御玺山大峡谷一期 , 比亚迪商圈",3室1厅,77.01平米,东,,32层 ,,板塔结合,40 万,5195 元,0,,22天以前发布,VR看装修,https://hui.lianjia.com/ershoufang/105122338066.html
住在公园里的房子，享受真正的大草原，湖泊。,"恒大棕榈岛 , 白云新城",4室2厅,126.81平米,南 北,毛坯,25层 ,,板楼,78 万,6151 元,0,,,VR看装修 | 房本满五年 | 随时看房,https://hui.lianjia.com/ershoufang/105119953175.html
采光佳 视野好 户型方正 配套齐 交通便利,"正闳润金名苑 , 西区新寮",3室1厅,91.25平米,东南,精装,33层 ,,塔楼,76 万,8329 元,1,,,VR看装修 | 房本满两年 | 随时看房,https://hui.lianjia.com/ershoufang/105118509040.html
南向品字型4房中间好楼层看园景视野开阔满五年,"方直君御 , 东江新城",4室2厅,125平米,南,毛坯,中楼层(共31层) ,,塔楼,184 万,14720 元,0,,,VR看装修 | 房本满五年 | 随时看房,https://hui.lianjia.com/ershoufang/105121711471.html
央企华润 品牌开发商，中间楼层采光视野好,"曦江润府 , 东江新城",3室2厅,96.72平米,南,毛坯,中楼层(共33层) ,,塔楼,99 万,10236 元,3,,,VR看装修 | 随时看房,https://hui.lianjia.com/ershoufang/105118533010.html
中间楼层，已经交了电梯钱，户型方正采光好，2个卫生,"金阁苑 , 下角",3室2厅,102平米,南,精装,中楼层(共7层) ,,板塔结合,65 万,6373 元,0,,,VR看装修 | 房本满五年,https://hui.lianjia.com/ershoufang/105121519511.html
吾悦广场旁 3加1 朝南 看淡澳河,"亲水湾 , 吾悦广场",3室2厅,87.06平米,南,毛坯,22层 ,,塔楼,45 万,5169 元,2,,,VR房源 | 随时看房,https://hui.lianjia.com/ershoufang/105117987188.html
梵高的花园精装2房，南向看花园，现代风,"梵高的花园 , 江北",3室1厅,85.14平米,南,,高楼层(共31层) ,,板塔结合,88 万,10336 元,0,,,VR房源 | 房本满五年,https://hui.lianjia.com/ershoufang/105121725390.html
区政府旁，万科物业，一房拎包入住。,"清泉城市广场 , 区政府",1室0厅,34.76平米,东南,,27层 ,,板塔结合,18 万,5179 元,1,,,VR看装修 | 房本满五年,https://hui.lianjia.com/ershoufang/105118726956.html
富康锦绣壹号3房 红本在手 看房方便有钥匙 业主诚卖,"富康锦绣壹号 , 西区新寮",3室2厅,85.13平米,南,精装,33层 ,,塔楼,80 万,9398 元,2,,,VR看装修 | 房本满五年 | 随时看房,https://hui.lianjia.com/ershoufang/105121223875.html
业主着急出售价格可谈 全新装修未住过，户型方正,"荣盛御景澜湾 , 澳头",3室2厅,90.19平米,东南,,33层 ,,板塔结合,45 万,4990 元,0,,,VR看装修 | 房本满五年 | 随时看房,https://hui.lianjia.com/ershoufang/105122173913.html
7区次新小区，中间楼层视野漂亮，3房2个卫生间,"壹城中心7区 , 陈江",3室2厅,98.49平米,南,毛坯,中楼层(共32层) ,,塔楼,72 万,7311 元,0,,,VR看装修 | 房本满两年 | 随时看房,https://hui.lianjia.com/ershoufang/105119494850.html
难得漂亮户型！！三房南北通双阳台 视野开阔 优选楼层,"金辉风雅轩 , 秋长",3室2厅,85.12平米,南 北,毛坯,32层 ,,板塔结合,41.88 万,4921 元,0,,,VR看装修 | 房本满五年 | 随时看房,https://hui.lianjia.com/ershoufang/105120425427.html
红本房，交易快捷，东南朝向，楼层高，阳台看湖景,"泰丰牧马湖 , 万达",3室2厅,89.99平米,南 东,毛坯,33层 ,,板楼,67 万,7446 元,3,,,VR看装修 | 房本满两年 | 随时看房,https://hui.lianjia.com/ershoufang/105115675240.html
侨城水岸 大社区 140平大4房 双阳台,"侨城水岸 , 惠东县城",4室2厅,140.22平米,东南,毛坯,高楼层(共24层) ,,板塔结合,133.5 万,9521 元,0,,,VR看装修 | 房本满五年 | 随时看房,https://hui.lianjia.com/ershoufang/105119849670.html
合生大社区 精装四房 中间楼层 南向看花园,"合生·上观国际 , 水口",4室2厅,159.89平米,南,精装,中楼层(共29层) ,,塔楼,120 万,7506 元,0,,,VR看装修 | 房本满五年,https://hui.lianjia.com/ershoufang/105121469309.html
大社区成熟片区，绿化环境空气好生活便利，鹿江花园,"合生·上观国际 , 水口",3室2厅,92平米,南 北,精装,中楼层(共18层) ,,塔楼,78 万,8479 元,0,,,VR看装修 | 随时看房,https://hui.lianjia.com/ershoufang/105121735972.html
惠州南站满五年星河丹堤物业成熟社区山景洋房学府相伴,"星河丹堤E区 , 南站新城",3室2厅,92.64平米,南 北,毛坯,32层 ,,,78 万,8420 元,40,,,VR看装修 | 房本满五年 | 随时看房,https://hui.lianjia.com/ershoufang/105106906261.html
想要一线海景又要价格实惠的来看房，楼下海边绿道,"合生海角一号 , 十里银滩",1室1厅,41平米,南,精装,19层 ,,板塔结合,12.8 万,3122 元,2,,,VR看装修 | 房本满五年 | 随时看房,https://hui.lianjia.com/ershoufang/105121980289.html
水岸城二三期88平3房，户型方正可看江景,"中信水岸城二三期 , 东江新城",3室2厅,88平米,东南,简装,25层 ,,板楼,78 万,8864 元,0,,,VR看装修 | 随时看房,https://hui.lianjia.com/ershoufang/105122235402.html
间层通风采光好，业主诚心出售卖，,"悦玺公馆 , 澳头",4室2厅,118.42平米,东南,,33层 ,,板塔结合,50 万,4223 元,0,,,VR看装修 | 随时看房,https://hui.lianjia.com/ershoufang/105119580171.html
东山森林公园旁边 四季嘉园，架空式园林,"华泓四季嘉园 , 博罗中心区",1室2厅,55平米,南 西南,精装,28层 ,,板塔结合,23 万,4182 元,0,,,VR房源 | 随时看房,https://hui.lianjia.com/ershoufang/105122170292.html
次新鹿江风华带露台  湿地公园鹿江旁 四房大客厅,"新城鹿江风华 , 水口",4室2厅,122平米,南 北,毛坯,低楼层(共33层) ,,板塔结合,108 万,8853 元,0,,,VR看装修 | 随时看房,https://hui.lianjia.com/ershoufang/105117219397.html
临深精装4房看河景花园2022年的新小区,"曦悦湾畔花园 , 西区新寮",4室2厅,98.28平米,西南,精装,33层 ,,板塔结合,75 万,7632 元,3,,,VR看装修 | 房本满两年 | 随时看房,https://hui.lianjia.com/ershoufang/105120246036.html
临深片区，保利阳光城精装修三房 拎包入住,"保利阳光城 , 白云新城",3室2厅,80.06平米,北,精装,33层 ,,板塔结合,56 万,6995 元,0,,,VR看装修 | 房本满五年 | 随时看房,https://hui.lianjia.com/ershoufang/105121190382.html
楼层漂亮 二期带地下室 采光好 钥匙在公司 随时可以看,"富川瑞园 , 惠环",4室2厅,122.79平米,南,精装,高楼层(共32层) ,,板塔结合,74 万,6027 元,0,,,VR看装修 | 房本满五年 | 随时看房,https://hui.lianjia.com/ershoufang/105121179147.html
业主急售，红本在手，随时可以看房,"口岸外商公寓 , 惠环",1室1厅,58.58平米,南,简装,9层 ,,板塔结合,13 万,2220 元,0,,,VR看装修 | 房本满五年 | 随时看房,https://hui.lianjia.com/ershoufang/105121593382.html
满五唯一无个税 红本在手无欠款 南北通透得房率高,"锦绣学府 , 澳头",4室2厅,107.76平米,东南 北,毛坯,30层 ,,板塔结合,66 万,6125 元,0,,,VR看装修 | 房本满五年 | 随时看房,https://hui.lianjia.com/ershoufang/105115618783.html
复式上下楼层 使用率高 业主诚心出售,"富川瑞园 , 惠环",2室2厅,46.24平米,南,毛坯,高楼层(共20层) ,,板塔结合,23 万,4975 元,0,,,VR看装修 | 房本满两年 | 随时看房,https://hui.lianjia.com/ershoufang/105122104157.html
海伦堡南北通透看花园 视野开阔 户型方正 生活便利,"海伦堡爱Me城市 , 澳头",3室2厅,102.77平米,南 北,毛坯,32层 ,,板塔结合,45 万,4379 元,4,,,VR看装修 | 房本满两年 | 随时看房,https://hui.lianjia.com/ershoufang/105112297396.html
中楼层，精装，保养很好，拎包入住，视野开阔,"星河丹堤F区 , 南站新城",3室2厅,90.91平米,东北,精装,34层 ,,板塔结合,83 万,9130 元,4,,,VR看装修 | 随时看房,https://hui.lianjia.com/ershoufang/105117206462.html
水岸城六期自住精装三房两厅一卫看花园拎包入住,"中信水岸城六期 , 东江新城",3室2厅,87.07平米,东南,精装,中楼层(共32层) ,,板楼,99 万,11371 元,1,,,VR看装修 | 房本满五年 | 随时看房,https://hui.lianjia.com/ershoufang/105121327262.html
隆生一期南北通双阳台大4房，好楼层无欠款，业主诚心,"隆生仲恺花园 , 陈江",4室2厅,127.82平米,南 北,,31层 ,,塔楼,93 万,7276 元,1,,,VR看装修 | 房本满两年 | 随时看房,https://hui.lianjia.com/ershoufang/105120813695.html
"户型方正视野开阔配套完善,诚意出售","金地天润自在城一期 , 西区新寮",4室2厅,100.12平米,南,精装,33层 ,,板塔结合,88.88 万,8878 元,0,,,VR看装修 | 房本满两年 | 随时看房,https://hui.lianjia.com/ershoufang/105121790537.html
方直城市时代2房，业主急售，随时可以看房,"城市时代 , 河南岸",2室2厅,76.77平米,西,精装,中楼层(共22层) ,,板塔结合,68 万,8858 元,0,,23天以前发布,VR房源 | 房本满五年 | 随时看房,https://hui.lianjia.com/ershoufang/105122326840.html
澳头菁华园沃尔玛门口3房朝南精装修,"菁华园 , 澳头",3室2厅,107.09平米,南,精装,中楼层(共20层) ,,板塔结合,55 万,5136 元,0,,17天以前发布,VR房源 | 随时看房,https://hui.lianjia.com/ershoufang/105122378469.html
华冠花园 2室2厅 北,"华冠花园 , 大亚湾中心区",2室2厅,42.76平米,北,精装,26层 ,,板塔结合,25 万,5847 元,0,,,VR看装修,https://hui.lianjia.com/ershoufang/105118731157.html
大湖溪山水龙城 南北通三房两卫 户型使用率高 有钥匙,"宝安山水龙城 , 水口",3室2厅,87.07平米,西北,毛坯,高楼层(共27层) ,,塔楼,60 万,6892 元,1,,,VR看装修 | 房本满五年 | 随时看房,https://hui.lianjia.com/ershoufang/105121860121.html
高榜山庄-高榜山下红花湖旁闹中取静宜居社区,"高榜山庄 , 龙丰",4室2厅,189.73平米,南 北,毛坯,高楼层(共9层) ,,,160 万,8434 元,0,,,VR看装修 | 房本满五年 | 随时看房,https://hui.lianjia.com/ershoufang/105120332283.html
雍景湾 南北通透4房 高楼层 视野好 无遮挡,"中骏雍景湾南区 , 河南岸",4室2厅,116.74平米,南 北,毛坯,高楼层(共30层) ,,板塔结合,119.8 万,10263 元,1,,,VR看装修 | 房本满两年 | 随时看房,https://hui.lianjia.com/ershoufang/105114808975.html
双城峰景精 装3房2卫 楼下商 业体 生活方便,"双城峰景 , 博罗石湾",3室2厅,96平米,南,精装,27层 ,,板塔结合,72 万,7500 元,0,,,VR看装修 | 随时看房,https://hui.lianjia.com/ershoufang/105121685821.html
益田万达双商圈，二房两厅采光好1,"东部阳光花园 , 万达",2室2厅,81.08平米,东南 南,精装,31层 ,,板塔结合,51 万,6291 元,0,,,VR看装修 | 房本满五年 | 随时看房,https://hui.lianjia.com/ershoufang/105120904000.html
儿童公园旁，精装3房 视野开阔 采光好，业主急售,"恒大悦龙台 , 万达",3室1厅,85.92平米,南,精装,32层 ,,板塔结合,63 万,7333 元,0,,,VR房源 | 房本满五年 | 随时看房,https://hui.lianjia.com/ershoufang/105121989876.html
惠阳站旁花园社区，山景两房，感受亲近自然的空气,"惠阳雅居乐花园一期 , 南站新城",2室2厅,77.29平米,东,毛坯,24层 ,,板塔结合,28.3 万,3662 元,1,,,VR看装修 | 房本满五年 | 随时看房,https://hui.lianjia.com/ershoufang/105115215472.html
临深央企保利阳光城93平精装四房,"保利阳光城二期 , 白云新城",4室2厅,92.57平米,北,精装,32层 ,,板塔结合,66.8 万,7217 元,0,,,VR看装修 | 房本满五年 | 随时看房,https://hui.lianjia.com/ershoufang/105121747632.html
鑫月御景湾精装三房 户型方正 中间楼层 采光视野好,"鑫月御景湾 , 陈江",3室2厅,86平米,东南 南,,32层 ,,塔楼,53 万,6163 元,1,,,VR看装修 | 随时看房,https://hui.lianjia.com/ershoufang/105118352484.html
合生大社区三房，视野开阔，采光好,"合生·上观国际 , 水口",3室2厅,92.04平米,西南,精装,低楼层(共32层) ,,板楼,83 万,9018 元,1,,,VR看装修 | 房本满两年 | 随时看房,https://hui.lianjia.com/ershoufang/105121951824.html
海伦堡项目房子格局好 南北通 高楼层景观好 看房方便,"海伦堡爱Me城市 , 澳头",4室2厅,124.99平米,南,毛坯,32层 ,,板塔结合,78 万,6241 元,0,,,VR看装修 | 房本满五年 | 随时看房,https://hui.lianjia.com/ershoufang/105112715863.html
隆生大社区 近天益城 朝南向 千米楼间距 视野开阔,"隆生仲恺花园3区 , 陈江",3室2厅,110.47平米,南,毛坯,中楼层(共33层) ,,塔楼,73 万,6609 元,0,,,VR看装修 | 房本满两年 | 随时看房,https://hui.lianjia.com/ershoufang/105120457163.html
全新精装修三房，带家私电器出售，高层采光通风无暗房,"新力城二期 , 水口",3室2厅,89.88平米,南,精装,高楼层(共31层) ,,板楼,66.6 万,7410 元,0,,,VR看装修 | 房本满五年 | 随时看房,https://hui.lianjia.com/ershoufang/105119905264.html
碧桂园山河城 3室2厅 北,"碧桂园山河城 , 三和经济开发区",3室2厅,92.32平米,北,精装,18层 ,,板塔结合,32.8 万,3553 元,0,,18天以前发布,VR看装修 | 随时看房,https://hui.lianjia.com/ershoufang/105122368563.html
鑫月城三房大社区自带游泳池轻轨物业,"鑫月御景湾 , 陈江",3室2厅,86.72平米,南,精装,32层 ,,塔楼,49 万,5651 元,0,,,VR看装修 | 房本满五年 | 随时看房,https://hui.lianjia.com/ershoufang/105118809325.html
三远大爱城精装，宽敞明亮，户型方正，适合居家,"三远大爱城 , 吾悦广场",3室2厅,88.67平米,南,精装,32层 ,,板塔结合,57 万,6429 元,9,,,VR房源 | 房本满五年 | 随时看房,https://hui.lianjia.com/ershoufang/105112846937.html
满五唯一采光好户型好业主诚意出售,"海伦堡爱Me城市 , 澳头",3室2厅,109.5平米,南 北,毛坯,32层 ,,板塔结合,59 万,5389 元,0,,,VR看装修 | 房本满五年 | 随时看房,https://hui.lianjia.com/ershoufang/105120190091.html
采光通风效果好，业主诚意出售，小区舒服..........,"惠州星河盛世 , 白云新城",4室2厅,115.11平米,东南 南,毛坯,33层 ,,板塔结合,78 万,6777 元,1,,,VR看装修 | 房本满两年 | 随时看房,https://hui.lianjia.com/ershoufang/105112985871.html
华基江山业主急售价格看上可聊户型方正生活方便,"华基江山 , 博罗中心区",3室2厅,80平米,南,毛坯,低楼层(共28层) ,,板塔结合,30 万,3750 元,0,,,VR看装修 | 房本满五年 | 随时看房,https://hui.lianjia.com/ershoufang/105121193420.html
恒大紫荆学府棕榈岛 3室2厅 南,"恒大紫荆学府棕榈岛 , 白云新城",3室2厅,103平米,南,精装,中楼层(共32层) ,,板塔结合,75 万,7282 元,0,,,VR看装修 | 随时看房,https://hui.lianjia.com/ershoufang/105115250138.html
臻誉府旁、自住精装修，朝南的！采光良好,"鑫月御景湾 , 陈江",3室2厅,86.08平米,东南,精装,32层 ,,塔楼,50 万,5809 元,0,,,VR看装修 | 房本满五年,https://hui.lianjia.com/ershoufang/105121564214.html
临14号地铁沙田站 ，次新房户型方正， 业主诚心出售,"壹方天第 , 白云新城",3室2厅,112.48平米,西南,精装,34层 ,,板塔结合,73 万,6491 元,2,,,VR看装修 | 随时看房,https://hui.lianjia.com/ershoufang/105113461928.html
临深地铁口，大三房，户型方正，无个税，无增值税！,"锦地繁花骏园 , 西区新寮",3室2厅,98平米,南,毛坯,30层 ,,板塔结合,61 万,6225 元,0,,,VR房源 | 随时看房,https://hui.lianjia.com/ershoufang/105120618274.html
此房全新无住过人，产权无欠款，中楼层视野开阔,"小径海岸城花园 , 霞涌",2室2厅,69.89平米,南 北 东北,简装,33层 ,,板塔结合,28.5 万,4078 元,3,,,VR看装修 | 房本满五年 | 随时看房,https://hui.lianjia.com/ershoufang/105119134000.html
高层朝南精装修采光好，看房方便,"丽格国际公寓 , 江北",1室1厅,42.5平米,南,简装,30层 ,,塔楼,32 万,7530 元,0,,,VR房源 | 随时看房,https://hui.lianjia.com/ershoufang/105120552618.html
出门即是公园，一手业主居家好，大3居室拎包入住,"名苑山庄 , 区政府",3室1厅,137.59平米,南,简装,13层 ,,塔楼,75 万,5451 元,0,,,VR房源 | 房本满五年 | 随时看房,https://hui.lianjia.com/ershoufang/105121892187.html
装修大2房。随时看房，地铁口物业,"德洲城三、四期 , 西区新寮",2室2厅,81.13平米,南,毛坯,18层 ,,板塔结合,42.8 万,5276 元,4,,,VR看装修 | 房本满五年,https://hui.lianjia.com/ershoufang/105116368380.html
急卖，星河品牌，三房，好楼层，你意向不到的价格,"惠州星河盛世 , 白云新城",3室2厅,74.02平米,东南,毛坯,高楼层(共33层) ,,板塔结合,45 万,6080 元,0,,,VR看装修 | 房本满两年 | 随时看房,https://hui.lianjia.com/ershoufang/105116452393.html
近天虹大润发，方正两房，繁华地段，配套成熟,"中梁V城市 , 开城大润发",2室2厅,67.5平米,南,毛坯,33层 ,,板塔结合,35 万,5186 元,0,,,VR看装修 | 随时看房,https://hui.lianjia.com/ershoufang/105117662821.html
大阳台大客厅！3代同堂！全新未住，视野采光通风好,"太东红树湾悦府 , 大亚湾中心区",5室2厅,288.07平米,东南,,22层 ,,板塔结合,357 万,12393 元,0,,,VR房源 | 随时看房,https://hui.lianjia.com/ershoufang/105122062254.html
麦地 华洪新村电梯朝南2房 保养好,"华洪新村 , 麦地",2室1厅,81.46平米,南,精装,高楼层(共8层) ,,板塔结合,45.5 万,5586 元,0,,12天以前发布,VR房源 | 房本满五年,https://hui.lianjia.com/ershoufang/105122435418.html
步行到惠阳站，满五年，诚心出售，格局方正,"昶园 , 南站新城",4室2厅,129.49平米,南 北,毛坯,31层 ,,板塔结合,100 万,7723 元,1,,,VR看装修 | 房本满五年 | 随时看房,https://hui.lianjia.com/ershoufang/105121184421.html
精装修  拎包入住   业主诚心出售,"旺东国际广场 , 开城大润发",2室2厅,74.67平米,东,精装,30层 ,,塔楼,49 万,6563 元,1,,,VR看装修 | 房本满五年 | 随时看房,https://hui.lianjia.com/ershoufang/105118864388.html
金茂市场 买菜方便 看房提前联系 健康步梯 诚心出,"御景华城三期可园 , 陈江",2室2厅,64平米,南,简装,7层 ,,板塔结合,27.5 万,4297 元,4,,,VR看装修 | 随时看房,https://hui.lianjia.com/ershoufang/105121066781.html
一楼复式房，价格优惠，随时可以看房,"美林雅苑 , 澳头",2室2厅,30.32平米,东南,简装,9层 ,,板塔结合,17 万,5607 元,20,,,VR房源 | 房本满五年 | 随时看房,https://hui.lianjia.com/ershoufang/105113249819.html
业主急卖，价格可谈，户型方正，视野开阔,"新力珑湾 , 三和经济开发区",3室2厅,89.66平米,南 北,毛坯,高楼层(共34层) ,,塔楼,35 万,3904 元,1,,,VR看装修 | 房本满两年 | 随时看房,https://hui.lianjia.com/ershoufang/105113891498.html
金田花园 3室2厅 南,"金田花园 , 博罗中心区",3室2厅,117平米,南,简装,6层 ,,板塔结合,25 万,2137 元,1,,,VR看装修 | 房本满五年,https://hui.lianjia.com/ershoufang/105121016576.html
户型方正，标准4房，南北通可看江景，西南朝向看花园,"德威江誉城1期 , 马安",4室2厅,123.7平米,西南,毛坯,中楼层(共32层) ,,塔楼,106 万,8570 元,0,,,VR看装修 | 随时看房,https://hui.lianjia.com/ershoufang/105116768284.html
隆生文岭西堤品质高 毛坯 次新房 配套成熟,"文岭西堤 , 东江新城",4室2厅,126.21平米,南,毛坯,低楼层(共31层) ,,板塔结合,145 万,11489 元,1,,,VR看装修 | 房本满五年 | 随时看房,https://hui.lianjia.com/ershoufang/105114294263.html
南向看小区3房 视野开阔生活方便,"金榜山 , 龙丰",3室1厅,99平米,东,精装,中楼层(共27层) ,,板塔结合,95 万,9596 元,0,,,VR看装修 | 房本满五年,https://hui.lianjia.com/ershoufang/105121093684.html
二期 精装修 楼层漂亮 保养的很新,"富川瑞园 , 惠环",4室2厅,92.28平米,南 北,,中楼层(共18层) ,,板塔结合,55 万,5961 元,0,,25天以前发布,VR看装修 | 房本满五年 | 随时看房,https://hui.lianjia.com/ershoufang/105122312947.html
精装修南北通透四房，户型好，小区环境优美,"德威花园城 , 秋长",4室2厅,119.57平米,南 北,精装,低楼层(共29层) ,,板楼,69.6 万,5821 元,1,,,VR看装修 | 房本满五年 | 随时看房,https://hui.lianjia.com/ershoufang/105122120754.html
格林童话125平4房，毛坯，随时看房,"格林童话世界三期 , 潼侨沥林",3室1厅,124.77平米,东南,毛坯,低楼层(共11层) ,,板楼,52.8 万,4232 元,0,,,VR看装修 | 房本满五年 | 随时看房,https://hui.lianjia.com/ershoufang/105122188686.html
精装四房、朝南看花园、中间楼层采光好,"丽景湾上 , 东江新城",4室2厅,122.2平米,南,精装,32层 ,,板塔结合,119.8 万,9804 元,0,,,VR房源 | 房本满五年,https://hui.lianjia.com/ershoufang/105121389488.html
一线江景.中间楼层.视野无遮挡.,"合生·上观国际 , 水口",3室2厅,92平米,南,毛坯,中楼层(共32层) ,,塔楼,77 万,8370 元,0,,,VR看装修 | 房本满五年 | 随时看房,https://hui.lianjia.com/ershoufang/105117751040.html
水岸城三房改四房精装修空房随时可看,"中信水岸城二三期 , 东江新城",5室2厅,165.68平米,南,毛坯,32层 ,,板楼,149.8 万,9042 元,0,,,VR看装修 | 随时看房,https://hui.lianjia.com/ershoufang/105121582145.html
家华名都花园 4室2厅 南,"家华名都花园 , 陈江",4室2厅,155平米,南,精装,24层 ,,塔楼,95 万,6130 元,0,,,VR房源 | 房本满两年,https://hui.lianjia.com/ershoufang/105122055960.html
中信水岸城一期 3室1厅 南,"中信水岸城一期 , 东江新城",3室1厅,84平米,南,精装,18层 ,,板塔结合,130 万,15477 元,0,,,VR房源,https://hui.lianjia.com/ershoufang/105121793997.html
荷兰小城四房两厅两卫，业主诚意出售,"光耀荷兰小城 , 陈江",4室2厅,101平米,南,毛坯,33层 ,,板塔结合,55 万,5446 元,1,,,VR看装修 | 随时看房,https://hui.lianjia.com/ershoufang/105121381494.html
惠城区江北 精装大三房出售 采光好 户型方正,"邮电新村 , 江北",3室2厅,100平米,南,简装,高楼层(共8层) ,,板楼,65 万,6500 元,0,,,VR看装修,https://hui.lianjia.com/ershoufang/105121868065.html
惠州江北好地段，住宅性质70年产权！好出租！,"瑞嘉大厦 , 江北",1室1厅,42平米,西南,精装,26层 ,,板楼,29.6 万,7048 元,0,,,VR看装修 | 随时看房,https://hui.lianjia.com/ershoufang/105121108668.html
楼层位置很好，户型方正，业主急售,"经达御金湾 , 江北",4室2厅,118.94平米,南 北,毛坯,31层 ,,板塔结合,80 万,6727 元,0,,,VR看装修 | 房本满两年 | 随时看房,https://hui.lianjia.com/ershoufang/105121298713.html
禧临门，大社区，朝南3+1，拎包入住,"禧临门 , 博罗中心区",3室2厅,120平米,南,毛坯,低楼层(共30层) ,,板塔结合,70.8 万,5900 元,0,,,VR看装修 | 随时看房,https://hui.lianjia.com/ershoufang/105118485523.html
德威江誉城二期大社区精致一房一厅,"德威江誉城Ⅱ期 , 马安",1室1厅,42.7平米,北,精装,19层 ,,板塔结合,29 万,6792 元,2,,,VR房源 | 随时看房,https://hui.lianjia.com/ershoufang/105120770408.html
国鹏4房中间好楼层、户型方正、视野开阔、位置好,"国鹏润德学府 , 惠环",4室2厅,101.27平米,南 北,毛坯,中楼层(共29层) ,,板塔结合,65.5 万,6468 元,0,,,VR看装修 | 随时看房,https://hui.lianjia.com/ershoufang/105119588419.html
次新小区，朝南小三房，业主诚心出售,"摩卡公馆 , 比亚迪商圈",3室2厅,88.57平米,东,,17层 ,,板塔结合,48 万,5420 元,0,,,VR看装修 | 房本满五年 | 随时看房,https://hui.lianjia.com/ershoufang/105120466566.html
第九旁大4房 业主诚意急售 看上价格好谈 户型靓,"福晟钱隆樽品花园 , 陈江",4室2厅,116.89平米,南 北,毛坯,31层 ,,板塔结合,76 万,6502 元,0,,22天以前发布,VR房源 | 房本满两年 | 随时看房,https://hui.lianjia.com/ershoufang/105122334720.html
一线临深品质小区 精装三房 南向看花园,"丰谷天玺 , 龙光城",3室2厅,85.4平米,东南,精装,29层 ,,塔楼,69 万,8080 元,0,,18天以前发布,VR看装修 | 房本满两年,https://hui.lianjia.com/ershoufang/105122370489.html
西湖边上 后所街新苑 电梯三居室 精装修保养好~心动价,"后所街新苑 , 下埔",3室2厅,89.15平米,南,精装,10层 ,,板楼,56 万,6282 元,2,,,VR看装修 | 房本满五年,https://hui.lianjia.com/ershoufang/105120950284.html
楼栋好 ，好楼层，业主诚心出售，户型方正,"荣佳国韵二期 , 龙光城",3室2厅,125平米,南,简装,30层 ,,板楼,83 万,6640 元,0,,,VR看装修 | 随时看房,https://hui.lianjia.com/ershoufang/105121744845.html
业主诚心出售，看房方便，交易简单。。。,"听涛雅苑 , 大亚湾中心区",2室2厅,39.05平米,北,毛坯,7层 ,,板塔结合,16 万,4098 元,2,,,VR房源 | 房本满五年 | 随时看房,https://hui.lianjia.com/ershoufang/105121971550.html
吾悦广场旁边凯悦春天小区中间楼层三房两卫、诚心出售,"锦阳凯悦春天 , 吾悦广场",3室2厅,92.29平米,南,毛坯,29层 ,,板塔结合,48 万,5201 元,0,,,VR看装修 | 房本满五年 | 随时看房,https://hui.lianjia.com/ershoufang/105121560924.html
近灿邦  大社区  精装修  户型方正  正南朝向,"碧桂园太东公园上城 , 吾悦广场",3室2厅,110.78平米,南,精装,33层 ,,板塔结合,80 万,7222 元,1,,,VR看装修 | 房本满两年 | 随时看房,https://hui.lianjia.com/ershoufang/105112937202.html
主急售，户型方正，看房方便价位低,"美悦湾 , 大亚湾中心区",2室2厅,67.92平米,南,毛坯,中楼层(共32层) ,,板楼,26 万,3829 元,3,,30天以前发布,VR看装修 | 房本满两年 | 随时看房,https://hui.lianjia.com/ershoufang/105122263591.html
临深万达商圈 小区新 环境好 户型方正 三房双卫 朝南,"珑廷广场 , 万达",3室2厅,102.72平米,南,精装,32层 ,,塔楼,88 万,8567 元,0,,,VR看装修 | 房本满两年 | 随时看房,https://hui.lianjia.com/ershoufang/105122112098.html
门口双地铁公交线路+双商场+税费低+近万达寻找有缘人,"中铭君豪公寓 , 万达",2室2厅,67.15平米,南,简装,16层 ,,板塔结合,20 万,2979 元,3,,,VR看装修 | 房本满五年 | 随时看房,https://hui.lianjia.com/ershoufang/105120955229.html
马安曦江润府 3房 毛坯房 诚意出售,"曦江润府 , 东江新城",3室1厅,96.49平米,南,,中楼层(共33层) ,,塔楼,115 万,11919 元,1,,,VR看装修 | 房本满两年 | 随时看房,https://hui.lianjia.com/ershoufang/105120149116.html
红本在手无欠款、中间楼层、装修直接拎包入住,"中兴佳苑 , 大亚湾中心区",4室2厅,109.73平米,南,精装,26层 ,,塔楼,48.8 万,4448 元,1,,,VR看装修 | 房本满五年 | 随时看房,https://hui.lianjia.com/ershoufang/105114929727.html
近佳兆业 金世界花园三房 朝南采光好 小区配套成熟,"金世界花园 , 江北",3室2厅,125.44平米,南,简装,16层 ,,板塔结合,75 万,5979 元,0,,16天以前发布,VR房源 | 随时看房,https://hui.lianjia.com/ershoufang/105122389846.html
看房方便视野开阔无遮挡，看园林，安静不吵,"金悦华府 , 东江新城",4室2厅,117平米,东 东南,毛坯,低楼层(共25层) ,,塔楼,108 万,9231 元,0,,,VR看装修 | 随时看房,https://hui.lianjia.com/ershoufang/105122243574.html
一线临深大盘隆腾盛世五房毛坯诚意出售,"隆腾盛世 , 新圩",5室2厅,129.55平米,南,,31层 ,,板塔结合,135 万,10421 元,0,,,VR看装修 | 房本满两年 | 随时看房,https://hui.lianjia.com/ershoufang/105119576577.html
万达商圈龙光玖龙湾花园106平米四房业主诚意出售,"龙光玖龙湾 , 万达",3室2厅,106平米,南 北,,30层 ,,板塔结合,71 万,6699 元,0,,31天以前发布,VR看装修 | 随时看房,https://hui.lianjia.com/ershoufang/105122252135.html
口岸路 精装三房   业主诚意出售,"海宇·连城国际 , 麦地",3室2厅,99.66平米,东北 北,精装,低楼层(共17层) ,,板塔结合,59.8 万,6001 元,9,,,VR看装修 | 房本满五年,https://hui.lianjia.com/ershoufang/105118371719.html
万达旁边三房，视野好，业主诚心购买新物业，诚心出售,"中萃花城湾 , 万达",3室2厅,84.14平米,北,精装,17层 ,,板塔结合,63.8 万,7583 元,0,,,VR看装修 | 房本满五年 | 随时看房,https://hui.lianjia.com/ershoufang/105121102162.html
壹城五期 五一天虹 体育馆 天益城,"壹城中心1区 , 陈江",4室2厅,125平米,南 北,精装,中楼层(共32层) ,,塔楼,125 万,10000 元,0,,,VR看装修 | 房本满两年,https://hui.lianjia.com/ershoufang/105121672971.html
业主急售 户型方正采光好 面积使用率高,"康汇花园 , 大亚湾中心区",3室2厅,131.77平米,南 北,,13层 ,,板塔结合,40 万,3036 元,6,,,VR看装修 | 房本满五年 | 随时看房,https://hui.lianjia.com/ershoufang/105121190057.html
临深 精装4房 户型方正 业主诚心出售,"华策御水花园 , 龙光城",4室2厅,125.74平米,南 北,精装,低楼层(共30层) ,,板塔结合,77 万,6124 元,2,,,VR看装修 | 随时看房,https://hui.lianjia.com/ershoufang/105121902630.html
"东平  东湖苑 精装2房  单价低,诚意出售","東湖苑 , 东平",2室2厅,88.23平米,西北,简装,高楼层(共18层) ,,板塔结合,38 万,4307 元,1,,,VR看装修 | 房本满五年,https://hui.lianjia.com/ershoufang/105117614021.html
板楼户型方正实用，109平南北通双阳台，急售可谈价,"新力城一期 , 水口",3室2厅,109.28平米,南,毛坯,低楼层(共27层) ,,板楼,70 万,6406 元,0,,,VR看装修 | 房本满两年 | 随时看房,https://hui.lianjia.com/ershoufang/105120424988.html
中间楼层，视野开阔，采光充足，配套设施全，交通便利,"家悦龙庭 , 万达",1室2厅,48.3平米,东南,毛坯,28层 ,,塔楼,29.8 万,6170 元,0,,,VR看装修 | 房本满两年 | 随时看房,https://hui.lianjia.com/ershoufang/105114957007.html
汇显城市公园，朝南看花园，安静光线好。,"汇显城市公园 , 汝湖",3室2厅,108平米,南,毛坯,27层 ,,板楼,68 万,6297 元,1,,,VR看装修 | 房本满五年 | 随时看房,https://hui.lianjia.com/ershoufang/105118805797.html
中高楼层看湖，楼下配套齐全，背包小区！,"星河丹堤F区 , 南站新城",3室1厅,89.49平米,北,精装,34层 ,,板塔结合,79 万,8828 元,4,,,VR房源 | 随时看房,https://hui.lianjia.com/ershoufang/105119884897.html
金鼎雅苑全新毛坯房东诚意出售，随时可以看房,"金鼎雅苑 , 江北",3室2厅,87.47平米,南,毛坯,高楼层(共33层) ,,塔楼,85 万,9718 元,0,,,VR看装修 | 房本满五年 | 随时看房,https://hui.lianjia.com/ershoufang/105120165347.html
业主诚心出售，没有欠款，户型方正,"天域花园 , 白云新城",3室2厅,71.94平米,南,精装,17层 ,,板塔结合,42.8 万,5950 元,3,,,VR房源 | 房本满五年,https://hui.lianjia.com/ershoufang/105121178253.html
此房在二楼、装修良好、实际使用面积大于38平、,"乐华新村 , 开城大润发",2室1厅,38.1平米,南,,低楼层(共8层) ,,塔楼,13 万,3413 元,5,,,VR看装修,https://hui.lianjia.com/ershoufang/105122057929.html
近沙田地铁站，大社区 大阳台，淡水河,"九洲玉带湾 , 白云新城",4室2厅,112.74平米,南,毛坯,33层 ,,板塔结合,66 万,5855 元,1,,,VR看装修 | 房本满两年 | 随时看房,https://hui.lianjia.com/ershoufang/105120070647.html
户型方正，楼层好，视野好，配套齐全,"龙光城北十二期 , 龙光城",4室2厅,109.4平米,南 东,精装,32层 ,,板塔结合,98 万,8958 元,0,,,VR看装修 | 房本满五年 | 随时看房,https://hui.lianjia.com/ershoufang/105117562118.html
业主诚心出售、无个税、没有欠款、新小区,"合生时代城 , 比亚迪商圈",2室2厅,79平米,南,,18层 ,,板塔结合,50 万,6330 元,0,,,VR看装修 | 房本满两年,https://hui.lianjia.com/ershoufang/105121422267.html
朝南向采光好，原值高税费少，万达西区一 小交通便利,"仁和卫城 , 万达",3室2厅,126.31平米,南 北,毛坯,16层 ,,板塔结合,63 万,4988 元,1,,,VR看装修 | 房本满五年 | 随时看房,https://hui.lianjia.com/ershoufang/105117169859.html
哇塞！碧桂园盛汇宝藏三房 精装美宅 谁能不心动呀！,"碧桂园盛汇 , 龙丰",3室2厅,96.04平米,南,精装,低楼层(共32层) ,,塔楼,82.8 万,8622 元,0,,,VR看装修 | 房本满五年 | 随时看房,https://hui.lianjia.com/ershoufang/105121126965.html
标准3房两卫业主诚意出售，看房有钥匙,"熙龙花园 , 河南岸",3室2厅,132.56平米,南,精装,18层 ,,板塔结合,85 万,6413 元,1,,16天以前发布,VR房源 | 房本满五年,https://hui.lianjia.com/ershoufang/105122392114.html
邻儿童公园 万达 次新小区 精装 两房 家私齐全 急售,"家悦龙庭 , 万达",2室2厅,57.59平米,南,精装,28层 ,,塔楼,49 万,8509 元,2,,,VR房源 | 随时看房,https://hui.lianjia.com/ershoufang/105121549239.html
东平大社区，楼层好，电梯房，通风好,"颐景花园 , 东平",3室2厅,107.34平米,东南,简装,中楼层(共10层) ,,板楼,89 万,8292 元,2,,,VR看装修 | 房本满五年,https://hui.lianjia.com/ershoufang/105118724049.html
老小区已经改造好，3居室直接可入住。,"侨富花园 , 草洋新区",3室2厅,116.81平米,南,简装,8层 ,,板塔结合,17.5 万,1499 元,5,,,VR看装修 | 房本满两年 | 随时看房,https://hui.lianjia.com/ershoufang/105122035637.html
格局方正，精装修，可拎包入住，,"海员新村 , 下角",3室1厅,70.29平米,南,精装,9层 ,,板塔结合,25.5 万,3628 元,1,,,VR看装修 | 房本满两年,https://hui.lianjia.com/ershoufang/105122073695.html
业主诚心出售，视野开阔欢迎多多转介,"晶地里程花园 , 西区新寮",3室2厅,90.63平米,南 北,精装,33层 ,,塔楼,57 万,6290 元,1,,,VR房源 | 随时看房,https://hui.lianjia.com/ershoufang/105121099133.html
双城国际南区 朝南 实用2房 装修很新 封窗 安静不吵,"双城国际南区 , 江北",2室1厅,54.35平米,南,精装,中楼层(共18层) ,,板塔结合,60 万,11040 元,0,,,VR看装修 | 房本满两年 | 随时看房,https://hui.lianjia.com/ershoufang/105121862016.html
朝南，电梯房，可以直接领包入住，看房有钥匙,"九三五隊地貭大院 , 下角",3室2厅,95.28平米,南,精装,中楼层(共8层) ,,,53.8 万,5647 元,1,,,VR看装修 | 房本满五年 | 随时看房,https://hui.lianjia.com/ershoufang/105121768310.html
雅博世纪广场，天虹大润发就在楼下，交通出行方便,"雅博世纪广场 , 开城大润发",2室2厅,82.37平米,南,毛坯,29层 ,,板塔结合,46 万,5585 元,0,,,VR房源 | 房本满五年 | 随时看房,https://hui.lianjia.com/ershoufang/105121967278.html
四星旅游区温馨3房2厅2卫朝南,"五矿哈施塔特 , 博罗中心区",3室2厅,93.4平米,南,毛坯,33层 ,,塔楼,36 万,3855 元,1,,,VR看装修 | 房本满两年 | 随时看房,https://hui.lianjia.com/ershoufang/105116418309.html
轻轨口碧桂园盛汇广场精装公寓1房精致漂亮,"碧桂园盛汇 , 龙丰",1室0厅,38.74平米,南,精装,高楼层(共32层) ,,塔楼,18.8 万,4853 元,2,,,VR看装修 | 房本满两年 | 随时看房,https://hui.lianjia.com/ershoufang/105121427426.html
格局好 视野宽阔 采光充足 配套设施齐 业主急售,"中信新城C区 , 南站新城",4室2厅,127.9平米,东南 南,精装,34层 ,,板塔结合,86 万,6725 元,0,,,VR看装修 | 房本满五年,https://hui.lianjia.com/ershoufang/105120582652.html
精装 采光通风好 有红本 诚心出售 即买即住或出租,"德洲城一-二期 , 西区新寮",2室1厅,76.75平米,南,简装,17层 ,,板塔结合,48 万,6255 元,1,,12天以前发布,VR房源 | 房本满五年 | 随时看房,https://hui.lianjia.com/ershoufang/105122441508.html
临深一路之隔，一刻钟到沙田站，公交车直达到聚龙山,"富康锦绣壹号 , 西区新寮",4室1厅,112平米,南,精装,33层 ,,塔楼,112 万,10000 元,3,,,VR房源 | 房本满五年 | 随时看房,https://hui.lianjia.com/ershoufang/105120226933.html
河麦成熟片区 电梯2房 世纪伯爵,"世纪铂爵 , 麦地",2室1厅,85.35平米,南,简装,低楼层(共30层) ,,塔楼,58 万,6796 元,0,,,VR看装修 | 房本满五年 | 随时看房,https://hui.lianjia.com/ershoufang/105119100122.html
临深一线好房，锦地繁花三房好户型好楼层好价格,"锦地繁花 , 西区新寮",3室2厅,88.05平米,南,毛坯,17层 ,,板塔结合,56.5 万,6417 元,0,,,VR看装修 | 房本满五年 | 随时看房,https://hui.lianjia.com/ershoufang/105119936583.html
牧马湖一线湖景大四房，业主诚心出售,"泰丰牧马湖 , 万达",4室2厅,149.05平米,南,毛坯,33层 ,,板塔结合,145 万,9729 元,3,,27天以前发布,VR房源 | 随时看房,https://hui.lianjia.com/ershoufang/105122291890.html
社区环境配套齐全20万不到住新家,"小径海岸城花园 , 霞涌",1室1厅,46.72平米,南,简装,32层 ,,板塔结合,19 万,4067 元,0,,6天以前发布,VR房源 | 房本满五年 | 随时看房,https://hui.lianjia.com/ershoufang/105122506636.html
奥体板块中洲云悦府，4室2厅南北通透,"云悦府 , 河南岸",4室2厅,128.78平米,南 北,,中楼层(共33层) ,,板塔结合,138 万,10716 元,0,,,VR看装修 | 随时看房,https://hui.lianjia.com/ershoufang/105119128378.html
碧桂园珑尚花月。室两厅两卫，视野开阔,"碧桂园珑尚花园 , 水口",3室2厅,103平米,南,,高楼层(共34层) ,,板塔结合,66 万,6408 元,0,,,VR看装修,https://hui.lianjia.com/ershoufang/105119088579.html
临深南北通三房  业主诚意卖  价格有空间,"安罝小区 , 西区新寮",3室2厅,126.79平米,南,毛坯,32层 ,,板塔结合,58 万,4575 元,0,,,VR看装修 | 随时看房,https://hui.lianjia.com/ershoufang/105121456672.html
水岸城全新毛坯三房出售....,"中信水岸城六期 , 东江新城",3室2厅,88平米,东南,毛坯,中楼层(共32层) ,,板楼,88 万,10000 元,0,,,VR看装修 | 随时看房,https://hui.lianjia.com/ershoufang/105115921547.html
新天虹商圈  精装两房  装修保养好  看房提前预约,"惠泽南苑 , 河南岸",2室1厅,51.07平米,南 北,精装,中楼层(共6层) ,,板楼,38 万,7441 元,0,,,VR看装修 | 房本满五年 | 随时看房,https://hui.lianjia.com/ershoufang/105120763709.html
大花园社区，配.套成熟，楼层好，户型方正,"鸿威金都雅苑 , 小金口",2室2厅,81.46平米,西,毛坯,中楼层(共30层) ,,板塔结合,32 万,3929 元,0,,18天以前发布,VR房源 | 随时看房,https://hui.lianjia.com/ershoufang/105122370428.html
电梯房，户型格局方正，采光良好。,"鸿威金都雅苑 , 小金口",2室1厅,80.22平米,南,精装,低楼层(共30层) ,,板塔结合,36 万,4488 元,1,,,VR看装修 | 房本满五年 | 随时看房,https://hui.lianjia.com/ershoufang/105121429529.html
此房户型方正 景观很好采光通都可以，出租壹选,"东岸公馆 , 白云新城",2室1厅,64平米,南,毛坯,26层 ,,板塔结合,28 万,4375 元,4,,,VR看装修 | 房本满五年,https://hui.lianjia.com/ershoufang/105105751905.html
业主急售 户型方正采光好 面积使用率高,"蓝湾星宸一期 , 大亚湾中心区",3室2厅,102.44平米,南,毛坯,33层 ,,板塔结合,31 万,3027 元,2,,,VR看装修 | 房本满五年 | 随时看房,https://hui.lianjia.com/ershoufang/105120677189.html
此房满五唯一 中间 户型 精装修保养好户型方正,"合生·上观国际 , 水口",4室2厅,159.89平米,南,精装,中楼层(共29层) ,,塔楼,140 万,8757 元,0,,,VR看装修 | 房本满五年,https://hui.lianjia.com/ershoufang/105122103227.html
中骏雍景府小区环境优美，楼下很方便，,"中骏雍景府 , 江北",2室1厅,41平米,南,,中楼层(共22层) ,,板塔结合,16.5 万,4025 元,1,,,VR房源 | 随时看房,https://hui.lianjia.com/ershoufang/105119955338.html
海伦湾朝南看江景三房，高层全新毛坯，南北通双阳台,"海伦堡海伦湾 , 东平",4室2厅,102.43平米,南,毛坯,中楼层(共33层) ,,板塔结合,90 万,8787 元,0,,,VR看装修 | 房本满五年 | 随时看房,https://hui.lianjia.com/ershoufang/105113844502.html
牧马湖一楼朝南带花园小高层住宅，居住舒适,"泰丰牧马湖 , 万达",3室2厅,80.59平米,南,精装,11层 ,,板塔结合,100 万,12409 元,21,,,VR房源 | 房本满两年 | 随时看房,https://hui.lianjia.com/ershoufang/105112679756.html
临深楼盘带装修，标准2+1房  业主诚心出售,"秋谷康城 , 龙光城",2室2厅,82.67平米,西南,精装,30层 ,,板塔结合,46 万,5565 元,6,,,VR看装修 | 房本满五年 | 随时看房,https://hui.lianjia.com/ershoufang/105113590690.html
全新装修带家私电，业主诚心卖，适合居家,"DADA的草地 , 大亚湾中心区",3室1厅,106.51平米,南 北,精装,32层 ,,板塔结合,40 万,3756 元,5,,,VR看装修 | 房本满五年 | 随时看房,https://hui.lianjia.com/ershoufang/105119488219.html
碧桂园 三房两厅两卫 南北通双阳台 采光好,"碧桂园翠湖湾 , 新圩",3室2厅,113.8平米,南,,低楼层(共17层) ,,板塔结合,59 万,5185 元,0,,,VR看装修 | 房本满五年 | 随时看房,https://hui.lianjia.com/ershoufang/105120888301.html
河南岸天虹旁，宜居小区，配套齐全，交通便利,"威廉城邦 , 河南岸",3室1厅,77.14平米,东南,精装,高楼层(共23层) ,,塔楼,53.8 万,6975 元,1,,,VR看装修 | 房本满五年 | 随时看房,https://hui.lianjia.com/ershoufang/105121638057.html
雍和园 精装修3房3卫 采光视野佳,"蓝光雍和园 , 龙丰",3室1厅,141.75平米,西南,精装,中楼层(共19层) ,,板楼,158 万,11147 元,0,,13天以前发布,VR房源 | 房本满两年 | 随时看房,https://hui.lianjia.com/ershoufang/105122425318.html
滨海公园旁次新小区，精装修朝南三房两卫,"当代上品湾花园 , 澳头",3室2厅,110.21平米,西 西北,精装,34层 ,,板塔结合,53.6 万,4864 元,1,,,VR看装修 | 房本满五年 | 随时看房,https://hui.lianjia.com/ershoufang/105120529758.html
一线临深白云新城南北通宇星水悦华府4房业主诚心急售,"宇星水悦华府 , 草洋新区",4室2厅,111.67平米,南 北,毛坯,31层 ,,板塔结合,73 万,6538 元,0,,,VR看装修 | 房本满两年 | 随时看房,https://hui.lianjia.com/ershoufang/105120650085.html
城市花园低楼层精装修三房 户型好朝南,"城市花園 , 江北",2室2厅,87.5平米,南,简装,低楼层(共7层) ,,板楼,79 万,9029 元,0,,,VR看装修 | 房本满五年 | 随时看房,https://hui.lianjia.com/ershoufang/105120802842.html
楼层好 采光好，视野开阔，央 企书香大盘,"保利阳光城四期 , 白云新城",3室2厅,104.91平米,南 北,毛坯,31层 ,,板塔结合,61.8 万,5891 元,1,,,VR看装修 | 随时看房,https://hui.lianjia.com/ershoufang/105119883242.html
滨海公园边上，160平，大4房2厅2卫，业主诚心卖,"合生滨海城 , 澳头",4室1厅,161.17平米,东南,毛坯,31层 ,,板塔结合,60 万,3723 元,3,,,VR房源 | 房本满五年 | 随时看房,https://hui.lianjia.com/ershoufang/105121382350.html
业主急售、中高楼层、户型方正通透、看花园、园林优美,"太东星河丹堤天睿花园南区 , 吾悦广场",4室2厅,88.95平米,南,,34层 ,,板塔结合,66 万,7420 元,1,,,VR看装修 | 房本满五年 | 随时看房,https://hui.lianjia.com/ershoufang/105121389109.html
俯瞰别墅区园林景观 宽阔大客厅朝南采光很好 环境优美,"东方新城 , 秋长",4室2厅,146.8平米,南 东南,精装,18层 ,,板塔结合,78.88 万,5374 元,0,,,VR房源 | 房本满五年,https://hui.lianjia.com/ershoufang/105121185114.html
【贝壳精选好房】一线临深大社区配套完善，近沙田站！,"冠华城桂香园 , 西区新寮",3室1厅,94.43平米,南,毛坯,20层 ,,板塔结合,56.2 万,5952 元,4,,,VR房源 | 房本满五年 | 随时看房,https://hui.lianjia.com/ershoufang/105120074232.html
户型方正，采光视野好，中间位置，配套全。,"恒福上居 , 惠环",2室2厅,66.49平米,东南,精装,高楼层(共29层) ,,塔楼,33 万,4964 元,0,,,VR看装修 | 房本满五年 | 随时看房,https://hui.lianjia.com/ershoufang/105120307201.html
全新精装3房2厅1卫；没入住过；全南户型好,"碧桂园珑尚花园 , 水口",3室2厅,103平米,南,精装,高楼层(共34层) ,,板塔结合,71 万,6894 元,0,,,VR看装修 | 随时看房,https://hui.lianjia.com/ershoufang/105119958650.html
仲恺高铁站边成熟大社区好楼层三房,"海伦艺境 , 潼侨沥林",3室2厅,92.76平米,南 北,毛坯,33层 ,,板塔结合,40 万,4313 元,0,,,VR看装修 | 房本满两年 | 随时看房,https://hui.lianjia.com/ershoufang/105119932527.html
江北低价位选择，三环内，小三房，总价低，刚需,"田家炳第一中学宿舍楼 , 江北",3室2厅,91平米,东南,精装,高楼层(共7层) ,,,44.8 万,4924 元,0,,,VR房源 | 房本满五年 | 随时看房,https://hui.lianjia.com/ershoufang/105122081819.html
自住装修拎包入住店长推荐限时秒杀价实收10抓住机会,"文华楼 , 开城大润发",1室1厅,28.75平米,南,,中楼层(共8层) ,,,10 万,3479 元,4,,,VR看装修 | 房本满五年 | 随时看房,https://hui.lianjia.com/ershoufang/105122111032.html
龙湖物业 南北通大四房 诚意出售 好楼层,"龙湖春江名宸府 , 陈江",4室2厅,118平米,南 北,毛坯,中楼层(共26层) ,,,78 万,6611 元,0,,,VR看装修 | 随时看房,https://hui.lianjia.com/ershoufang/105121985056.html
楼层漂亮 拎包入住  采光好 随时可以看房,"艺都南国明珠 , 新圩",3室2厅,93.74平米,南,精装,高楼层(共11层) ,,板塔结合,48 万,5121 元,0,,,VR房源 | 房本满五年 | 随时看房,https://hui.lianjia.com/ershoufang/105121998999.html
景区门口老小区，物业实惠，价格低廉,"华羚新厦 , 龙丰",3室2厅,110.3平米,南,简装,高楼层(共8层) ,,,30 万,2720 元,0,,,VR看装修 | 房本满五年 | 随时看房,https://hui.lianjia.com/ershoufang/105122129324.html
皇龙湾毛坯两房，价格可小刀，中高楼层，业主急售,"皇龙湾 , 博罗石湾",2室1厅,73.07平米,东,,32层 ,,塔楼,36 万,4927 元,1,,,VR看装修 | 房本满两年 | 随时看房,https://hui.lianjia.com/ershoufang/105120053610.html
房子满五不唯一，格局通透 精装修 4房,"南泽裕园 , 下角",4室2厅,125.93平米,西南,精装,中楼层(共21层) ,,板塔结合,108 万,8577 元,0,,,VR看装修 | 房本满五年,https://hui.lianjia.com/ershoufang/105121835448.html
93平南北通3房   视野开阔  中层看一线江景,"金悦华府 , 东江新城",3室2厅,93平米,南,毛坯,中楼层(共32层) ,,塔楼,86 万,9248 元,0,,,VR看装修 | 随时看房,https://hui.lianjia.com/ershoufang/105117026753.html
红本无抵押 南北格局 看小区园林 绿色满眼 经济三房,"星河丹堤G区 , 南站新城",3室1厅,87.09平米,北,,34层 ,,塔楼,75 万,8612 元,0,,,VR房源 | 随时看房,https://hui.lianjia.com/ershoufang/105119871320.html
隆生大社区 精装修四房 业主急卖,"隆生仲恺花园 , 陈江",4室1厅,122.29平米,南 北,精装,32层 ,,塔楼,93 万,7605 元,1,,,VR房源 | 房本满五年,https://hui.lianjia.com/ershoufang/105121124407.html
急售吾悦广场旁海惠花园业主自住房装修保养好家私电全,"海惠花园一区 , 吾悦广场",4室2厅,122.15平米,东南 南,,18层 ,,塔楼,72 万,5895 元,0,,,VR看装修 | 房本满五年,https://hui.lianjia.com/ershoufang/105122003825.html
121平三房两卫南北通透 36栋100米楼间距 采光通风好,"合生·上观国际 , 水口",3室2厅,121.39平米,南 北,毛坯,高楼层(共32层) ,,塔楼,93.6 万,7711 元,0,,,VR看装修 | 房本满两年 | 随时看房,https://hui.lianjia.com/ershoufang/105120454463.html
朝南高楼层，适合居家，年轻人的首  选,"碧桂园中萃公园 , 大亚湾中心区",4室2厅,99.78平米,南 北,精装,17层 ,,板塔结合,63.8 万,6395 元,0,,,VR房源 | 房本满五年,https://hui.lianjia.com/ershoufang/105121206822.html
壹城14期旁边96平3+1房中间楼层 配套完善,"光耀荷兰小城 , 陈江",4室2厅,96.31平米,东南,,30层 ,,板楼,50 万,5192 元,0,,,VR看装修 | 房本满两年 | 随时看房,https://hui.lianjia.com/ershoufang/105120954520.html
惠州高铁北站金裕星河丹堤精装三房一卫,"金裕星河丹堤 , 小金口",3室2厅,84.28平米,南,精装,低楼层(共32层) ,,,50 万,5933 元,0,,17天以前发布,VR看装修 | 随时看房,https://hui.lianjia.com/ershoufang/105122385592.html
万达，11层洋房，红本在手不欠款，交易简单,"熊猫国际三期 , 万达",3室2厅,125.32平米,南 北,简装,11层 ,,塔楼,83 万,6624 元,1,,,VR看装修 | 房本满五年 | 随时看房,https://hui.lianjia.com/ershoufang/105120874250.html
德洲中心城 3室2厅 南,"德洲中心城 , 大亚湾中心区",3室2厅,94.86平米,南,毛坯,32层 ,,板塔结合,38 万,4006 元,1,,,VR看装修 | 房本满五年 | 随时看房,https://hui.lianjia.com/ershoufang/105121906317.html
华庭阁 1室1厅 南,"华庭阁 , 东平",1室1厅,42平米,南,,高楼层(共19层) ,,板塔结合,22.5 万,5358 元,0,,18天以前发布,VR房源 | 随时看房,https://hui.lianjia.com/ershoufang/105122365470.html
马安金山新城铂钻4房 采光视野好 业主诚心出售,"铂钻花园 , 东江新城",4室2厅,114.93平米,南,毛坯,27层 ,,板塔结合,95 万,8266 元,0,,,VR看装修 | 房本满两年 | 随时看房,https://hui.lianjia.com/ershoufang/105119580655.html
落地窗 高楼层 采光视野好 佳兆业一期 业主诚心出售,"佳兆业中心一期 , 江北",1室1厅,42.62平米,东,精装,29层 ,,板塔结合,28.5 万,6688 元,0,,30天以前发布,VR看装修 | 房本满五年 | 随时看房,https://hui.lianjia.com/ershoufang/105122268072.html
博罗新城区 电梯两房 阳台朝南 中间楼层 下楼就是操场,"佳兆业东江新城十期 , 博罗中心区",2室2厅,74平米,南,,34层 ,,板塔结合,27 万,3649 元,0,,,VR看装修 | 随时看房,https://hui.lianjia.com/ershoufang/105122101098.html
地段好，建材城小高层，无欠款，近万达-益田-吾悦广场,"华南国际 , 吾悦广场",4室2厅,110.05平米,南,精装,中楼层(共5层) ,,板楼,46 万,4180 元,0,,,VR看装修 | 房本满五年,https://hui.lianjia.com/ershoufang/105121873184.html
中间楼层采光好，小区内好，配套成熟，,"长汀花园 , 吾悦广场",2室1厅,60.38平米,南,毛坯,17层 ,,板塔结合,26 万,4307 元,2,,,VR看装修 | 房本满五年 | 随时看房,https://hui.lianjia.com/ershoufang/105111781793.html
下角丽水湾精装3房 业主诚意出售 看房方便,"鹏达丽水湾 , 下角",3室2厅,103.44平米,西 北,简装,低楼层(共27层) ,,板塔结合,83 万,8024 元,0,,,VR看装修 | 房本满五年,https://hui.lianjia.com/ershoufang/105121010753.html
诚心出售，南北向双阳台的户型，采光充足,"秋谷跃府 , 西区新寮",4室2厅,99.65平米,南,精装,27层 ,,板塔结合,64 万,6423 元,1,,,VR房源 | 房本满五年 | 随时看房,https://hui.lianjia.com/ershoufang/105118719721.html
惠州南站，优质地段，北向两房，业主诚心出售。,"长汀花园 , 吾悦广场",2室2厅,60.73平米,西北,毛坯,18层 ,,板塔结合,26 万,4282 元,1,,,VR看装修 | 随时看房,https://hui.lianjia.com/ershoufang/105113963869.html
南北通四房 采光通风好。天虹旁，高楼层,"中央国墅园 , 区政府",4室2厅,108.76平米,南 北,毛坯,29层 ,,板塔结合,48.5 万,4460 元,0,,7天以前发布,VR房源 | 随时看房,https://hui.lianjia.com/ershoufang/105122489041.html
户型方正采光好，业主城心出售交通方便，,"东信新天华府 , 江北",3室2厅,116.77平米,南,,24层 ,,板塔结合,70 万,5995 元,0,,,VR看装修 | 随时看房,https://hui.lianjia.com/ershoufang/105117528502.html
精装修 家私家电全齐 拎包入住 东江湾,"东江湾 , 江北",1室1厅,48平米,西,精装,中楼层(共30层) ,,板塔结合,35 万,7292 元,0,,,VR看装修 | 房本满两年,https://hui.lianjia.com/ershoufang/105120867292.html
碧桂园珑尚花园 户型方正 实用性强，视野开阔,"碧桂园珑尚花园 , 水口",4室2厅,108.49平米,南,毛坯,高楼层(共34层) ,,板塔结合,68 万,6268 元,0,,,VR看装修 | 房本满两年 | 随时看房,https://hui.lianjia.com/ershoufang/105117941657.html
梵高的花园4房2阳台，毛坯137平，户型方正，随时可看,"梵高的花园 , 江北",4室2厅,137平米,南,毛坯,33层 ,,板塔结合,123 万,8979 元,0,,,VR看装修 | 房本满两年 | 随时看房,https://hui.lianjia.com/ershoufang/105114007576.html
新力三期开阔4房中高楼层看花园,"新力城三期 , 水口",4室2厅,136平米,南,毛坯,高楼层(共32层) ,,板塔结合,103 万,7574 元,0,,,VR看装修 | 随时看房,https://hui.lianjia.com/ershoufang/105120592177.html
满五唯一，小户型，装修好没住过，靠红树林,"栖境园 , 大亚湾中心区",1室0厅,34.24平米,北,简装,12层 ,,板塔结合,18.8 万,5491 元,0,,12天以前发布,VR房源 | 房本满五年 | 随时看房,https://hui.lianjia.com/ershoufang/105122436852.html
陈江繁华成熟地段，高品质小区，百万方成熟社区,"华廷悦府 , 陈江",4室2厅,128.22平米,南,毛坯,高楼层(共32层) ,,塔楼,112 万,8735 元,0,,,VR房源 | 随时看房,https://hui.lianjia.com/ershoufang/105119453417.html
户型方正，东向，价格可以沟通。,"惠阳雅居乐花园一期 , 南站新城",2室2厅,75.91平米,东南,,24层 ,,板塔结合,29.9 万,3939 元,0,,,VR看装修 | 随时看房,https://hui.lianjia.com/ershoufang/105121476048.html
复式洋房、中间楼层、80万精装、人车分流、仅契税,"星河丹堤N区 , 南站新城",5室2厅,177.61平米,南 北,精装,低楼层(共17层) ,,塔楼,285 万,16047 元,3,,,VR房源 | 房本满两年 | 随时看房,https://hui.lianjia.com/ershoufang/105119174504.html
此房满五，，采光楼层好，业主诚心出售,"DADA的草地 , 大亚湾中心区",2室1厅,58.59平米,南,毛坯,32层 ,,板塔结合,13.8 万,2356 元,5,,,VR看装修 | 房本满五年 | 随时看房,https://hui.lianjia.com/ershoufang/105114819331.html
江北中 心 精装4房 163平保养很好 繁华地段配套齐全,"佳兆业中心二期 , 江北",4室2厅,163.59平米,南,精装,41层 ,,板塔结合,139 万,8497 元,1,,,VR房源 | 房本满两年 | 随时看房,https://hui.lianjia.com/ershoufang/105121776847.html
搬砖半年5千收入安家仲恺康城四季花园三房无欠款,"TCL康城四季 , 惠环",3室1厅,89.5平米,南,毛坯,32层 ,,塔楼,50 万,5587 元,0,,16天以前发布,VR房源 | 随时看房,https://hui.lianjia.com/ershoufang/105122389627.html
区政府旁 标准三房  房子保养很好 户型方正,"中港华庭 , 区政府",3室2厅,103.33平米,南 北,精装,26层 ,,塔楼,66 万,6388 元,0,,,VR看装修 | 房本满五年,https://hui.lianjia.com/ershoufang/105119632378.html
听涛复式二房精装修诚心出售随时可以看房,"听涛雅苑 , 大亚湾中心区",2室1厅,33.14平米,北,精装,7层 ,,板塔结合,20.8 万,6277 元,0,,,VR房源 | 房本满两年 | 随时看房,https://hui.lianjia.com/ershoufang/105122090920.html
（平台推荐）临深精装修三房，好出租，税费少,"慧湾中心 , 西区新寮",3室2厅,95.86平米,南,精装,33层 ,,板塔结合,79.8 万,8325 元,0,,27天以前发布,VR看装修,https://hui.lianjia.com/ershoufang/105122300583.html
业主自住 精装 看花园 保养好,"星河丹堤G区 , 南站新城",3室2厅,98.07平米,南,精装,34层 ,,塔楼,105 万,10707 元,0,,,VR看装修 | 房本满五年 | 随时看房,https://hui.lianjia.com/ershoufang/105120388520.html
天益城轻轨站500米朝南四房诚意出售,"milk花园 , 陈江",4室2厅,91.32平米,南,毛坯,32层 ,,塔楼,43 万,4709 元,0,,,VR看装修 | 房本满两年 | 随时看房,https://hui.lianjia.com/ershoufang/105113568873.html
朝南大两房，视野开阔，价格好谈,"诗林廊桥苑 , 澳头",2室2厅,83.36平米,南,,24层 ,,板塔结合,28 万,3359 元,0,,,VR看装修 | 房本满五年 | 随时看房,https://hui.lianjia.com/ershoufang/105121859940.html
恒大悦龙台精装三房，业主急售！！！,"恒大悦龙台 , 万达",3室2厅,85平米,北,精装,32层 ,,板塔结合,59 万,6942 元,0,,15天以前发布,VR房源 | 房本满两年 | 随时看房,https://hui.lianjia.com/ershoufang/105122404613.html
恒宇新苑 大三房 南北通3房 户型正采光好,"恒宇新苑 , 河南岸",3室2厅,120.16平米,南,精装,中楼层(共7层) ,,板楼,79 万,6575 元,0,,18天以前发布,VR看装修 | 房本满五年,https://hui.lianjia.com/ershoufang/105122370979.html
壹城精装修大户型，保养很新，业主诚售。,"壹城中心2区 , 陈江",4室1厅,138.7平米,南 北,,中楼层(共32层) ,,塔楼,115 万,8292 元,0,,,VR看装修 | 随时看房,https://hui.lianjia.com/ershoufang/105121991775.html
东湖花园六号小区 南向三房两厅 有钥匙看房,"东湖花园六号小区 , 东平",3室2厅,102.78平米,南,简装,低楼层(共9层) ,,板楼,79 万,7687 元,0,,,VR房源 | 房本满五年 | 随时看房,https://hui.lianjia.com/ershoufang/105119500509.html
新天虹商圈..两房.精装修 .保养好...直接拎包入住,"恒和金谷 , 河南岸",2室1厅,42.86平米,北,,中楼层(共25层) ,,塔楼,32 万,7467 元,0,,,VR看装修 | 房本满五年 | 随时看房,https://hui.lianjia.com/ershoufang/105121468145.html
临14号地铁沙田站 方正户型 业主诚心出售,"凯南莱弗城 , 西区新寮",1室1厅,49.39平米,南,精装,30层 ,,板塔结合,29 万,5872 元,1,,,VR看装修 | 房本满五年,https://hui.lianjia.com/ershoufang/105119815078.html
户型方正 南北通 精装 带车位,"海惠花园一区 , 吾悦广场",3室2厅,121.93平米,南 北,精装,18层 ,,塔楼,67 万,5495 元,0,,,VR看装修 | 房本满五年 | 随时看房,https://hui.lianjia.com/ershoufang/105122213194.html
低总价三房两卫 看花园 采光足通风棒 钥匙在手,"TCL康城四季 , 惠环",3室2厅,88.41平米,南,毛坯,32层 ,,塔楼,46.6 万,5271 元,1,,,VR房源 | 房本满五年 | 随时看房,https://hui.lianjia.com/ershoufang/105116617691.html
业主诚心卖　格局方正　楼层采光效果好　红本在手,"龙光城北四期 , 龙光城",4室1厅,107.74平米,北,精装,33层 ,,板塔结合,85 万,7890 元,2,,,VR看装修 | 房本满两年 | 随时看房,https://hui.lianjia.com/ershoufang/105121191958.html
缘水岸标准户型。门口八小半岛公园，业主诚心卖。,"湖滨花园2期 , 区政府",3室2厅,108.89平米,南,毛坯,30层 ,,板塔结合,89 万,8174 元,2,,,VR看装修 | 房本满五年 | 随时看房,https://hui.lianjia.com/ershoufang/105115174435.html
金山湖凯旋城改善盘大社区自带泳池景观靓四房两卫,"中海凯旋城二期 , 河南岸",4室2厅,141.46平米,南 北,,27层 ,,塔楼,125 万,8837 元,0,,,VR看装修 | 房本满五年 | 随时看房,https://hui.lianjia.com/ershoufang/105116539623.html
长通熙园二期（贝壳平台） 品质社区商圈朝南三房,"长通熙园 , 开城大润发",3室2厅,89.51平米,西,毛坯,33层 ,,板楼,60 万,6704 元,0,,,VR看装修 | 房本满两年 | 随时看房,https://hui.lianjia.com/ershoufang/105116524798.html
翡翠山君御，阳台看别墅群。视野好。,"翡翠山城君御 , 万达",3室2厅,97.41平米,南,简装,34层 ,,,83 万,8521 元,1,,,VR看装修 | 房本满五年,https://hui.lianjia.com/ershoufang/105120910502.html
南北通，采光通风好，小区绿化高，中高楼层，业主急卖,"三远大爱城 , 吾悦广场",4室2厅,147.39平米,南 北,毛坯,32层 ,,板塔结合,117 万,7939 元,0,,,VR房源 | 房本满两年 | 随时看房,https://hui.lianjia.com/ershoufang/105116875951.html
东湖五区看花园四房朝南，花园中间户型适用一梯四户,"东湖花园五区 , 东平",4室2厅,160.52平米,东南,精装,12层 ,,板塔结合,153 万,9532 元,0,,,VR房源 | 房本满五年 | 随时看房,https://hui.lianjia.com/ershoufang/105121311791.html
听涛复式二房精装修诚心出售随时可以看房,"听涛雅苑 , 大亚湾中心区",2室1厅,33.14平米,北,精装,7层 ,,板塔结合,20.8 万,6277 元,0,,,VR房源 | 房本满两年 | 随时看房,https://hui.lianjia.com/ershoufang/105122090920.html
惠州南站，优质地段，北向两房，业主诚心出售。,"长汀花园 , 吾悦广场",2室2厅,60.73平米,西北,毛坯,18层 ,,板塔结合,26 万,4282 元,1,,,VR看装修 | 随时看房,https://hui.lianjia.com/ershoufang/105113963869.html
下角丽水湾精装3房 业主诚意出售 看房方便,"鹏达丽水湾 , 下角",3室2厅,103.44平米,西 北,简装,低楼层(共27层) ,,板塔结合,83 万,8024 元,0,,,VR看装修 | 房本满五年,https://hui.lianjia.com/ershoufang/105121010753.html
中间楼层采光好，小区内好，配套成熟，,"长汀花园 , 吾悦广场",2室1厅,60.38平米,南,毛坯,17层 ,,板塔结合,26 万,4307 元,2,,,VR看装修 | 房本满五年 | 随时看房,https://hui.lianjia.com/ershoufang/105111781793.html
诚心出售，南北向双阳台的户型，采光充足,"秋谷跃府 , 西区新寮",4室2厅,99.65平米,南,精装,27层 ,,板塔结合,64 万,6423 元,1,,,VR房源 | 房本满五年 | 随时看房,https://hui.lianjia.com/ershoufang/105118719721.html
新力三期开阔4房中高楼层看花园,"新力城三期 , 水口",4室2厅,136平米,南,毛坯,高楼层(共32层) ,,板塔结合,103 万,7574 元,0,,,VR看装修 | 随时看房,https://hui.lianjia.com/ershoufang/105120592177.html
南北通四房 采光通风好。天虹旁，高楼层,"中央国墅园 , 区政府",4室2厅,108.76平米,南 北,毛坯,29层 ,,板塔结合,48.5 万,4460 元,0,,7天以前发布,VR房源 | 随时看房,https://hui.lianjia.com/ershoufang/105122489041.html
业主自住 精装 看花园 保养好,"星河丹堤G区 , 南站新城",3室2厅,98.07平米,南,精装,34层 ,,塔楼,105 万,10707 元,0,,,VR看装修 | 房本满五年 | 随时看房,https://hui.lianjia.com/ershoufang/105120388520.html
朝南大两房，视野开阔，价格好谈,"诗林廊桥苑 , 澳头",2室2厅,83.36平米,南,,24层 ,,板塔结合,28 万,3359 元,0,,,VR看装修 | 房本满五年 | 随时看房,https://hui.lianjia.com/ershoufang/105121859940.html
天益城轻轨站500米朝南四房诚意出售,"milk花园 , 陈江",4室2厅,91.32平米,南,毛坯,32层 ,,塔楼,43 万,4709 元,0,,,VR看装修 | 房本满两年 | 随时看房,https://hui.lianjia.com/ershoufang/105113568873.html
（平台推荐）临深精装修三房，好出租，税费少,"慧湾中心 , 西区新寮",3室2厅,95.86平米,南,精装,33层 ,,板塔结合,79.8 万,8325 元,0,,27天以前发布,VR看装修,https://hui.lianjia.com/ershoufang/105122300583.html
博罗新城区 电梯两房 阳台朝南 中间楼层 下楼就是操场,"佳兆业东江新城十期 , 博罗中心区",2室2厅,74平米,南,,34层 ,,板塔结合,27 万,3649 元,0,,,VR看装修 | 随时看房,https://hui.lianjia.com/ershoufang/105122101098.html
地段好，建材城小高层，无欠款，近万达-益田-吾悦广场,"华南国际 , 吾悦广场",4室2厅,110.05平米,南,精装,中楼层(共5层) ,,板楼,46 万,4180 元,0,,,VR看装修 | 房本满五年,https://hui.lianjia.com/ershoufang/105121873184.html
东南朝向精装修三居室 诚心出售 看房方便,"东湖花园三号小区 , 东平",3室2厅,89.24平米,南,,中楼层(共14层) ,,板楼,64 万,7172 元,0,,,VR看装修 | 房本满五年 | 随时看房,https://hui.lianjia.com/ershoufang/105122207580.html
佳兆业中心一期  精装三房 可上富民,"佳兆业中心一期 , 江北",3室2厅,117.84平米,南,精装,29层 ,,板塔结合,76 万,6450 元,0,,,VR看装修,https://hui.lianjia.com/ershoufang/105121832132.html
户型好 采光好 格局楼层好 视野宽阔 带精装,"龙光城南一期 , 龙光城",3室2厅,116.26平米,北 东北,精装,27层 ,,板塔结合,79.8 万,6864 元,1,,,VR房源 | 房本满五年 | 随时看房,https://hui.lianjia.com/ershoufang/105121090776.html
区政府旁 标准三房  房子保养很好 户型方正,"中港华庭 , 区政府",3室2厅,103.33平米,南 北,精装,26层 ,,塔楼,66 万,6388 元,0,,,VR看装修 | 房本满五年,https://hui.lianjia.com/ershoufang/105119632378.html
：景观房看整个花园，，朝南，视野宽阔，采光好,"水岸花山 , 新圩",4室2厅,135.41平米,南,,低楼层(共32层) ,,板塔结合,84 万,6204 元,1,,,VR看装修 | 房本满五年 | 随时看房,https://hui.lianjia.com/ershoufang/105120366903.html
临深，近沙田地铁站，大社区 大阳台,"九洲玉带湾 , 白云新城",4室2厅,107.36平米,东南,毛坯,33层 ,,板塔结合,58 万,5403 元,4,,,VR看装修 | 房本满五年 | 随时看房,https://hui.lianjia.com/ershoufang/105115393072.html
金地柏悦府精装四房家私家电齐全拎包入住,"金地柏悦府 , 博罗石湾",4室2厅,120平米,南 北,精装,中楼层(共24层) ,,板塔结合,68.8 万,5734 元,0,,,VR看装修 | 随时看房,https://hui.lianjia.com/ershoufang/105119524052.html
方直星耀国际一线湖景五房双套间大平层,"方直星耀国际 , 河南岸",5室2厅,177平米,南 北,毛坯,低楼层(共45层) ,,板塔结合,400 万,22599 元,0,,,VR看装修 | 房本满五年 | 随时看房,https://hui.lianjia.com/ershoufang/105121503741.html
金山湖湖心岛内！精装修大三房 朝南看花园！安静舒适,"方直东岸 , 河南岸",3室2厅,131.35平米,南,,32层 ,,板塔结合,136 万,10355 元,1,,,VR看装修 | 房本满五年 | 随时看房,https://hui.lianjia.com/ershoufang/105118463538.html
楼层好 户型方正 南北通，楼层好 居住舒适,"德桂佳园一区 , 水口",4室2厅,119.21平米,东南,毛坯,中楼层(共26层) ,,塔楼,89 万,7466 元,0,,,VR房源 | 房本满两年 | 随时看房,https://hui.lianjia.com/ershoufang/105121419533.html
业主急卖，红本在手，无抵押，交通方便，配套成熟。,"卓洲悦园 , 万达",4室2厅,105.58平米,南 北,简装,32层 ,,板塔结合,80 万,7578 元,0,,,VR看装修 | 房本满两年 | 随时看房,https://hui.lianjia.com/ershoufang/105119950577.html
临深大盘，配套完善南北通户型，诚意出售。,"龙光城龙公馆 , 龙光城",4室2厅,143.29平米,南,精装,4层 ,,板楼,199 万,13888 元,2,,,VR房源 | 随时看房,https://hui.lianjia.com/ershoufang/105120677736.html
万达广场楼上装修四房，业主诚心出售。,"阳光圣菲 , 万达",4室1厅,114平米,北,精装,33层 ,,板塔结合,75 万,6579 元,0,,,VR房源 | 房本满两年 | 随时看房,https://hui.lianjia.com/ershoufang/105121770805.html
精装修全屋品牌家私家电楼下就是鹿江公园，适合居住。,"万城皇冠豪苑 , 水口",4室2厅,132.93平米,南,简装,21层 ,,板楼,155 万,11661 元,0,,,VR房源 | 房本满五年,https://hui.lianjia.com/ershoufang/105119739456.html
户型格局方正，全新未住过，楼层采光好,"卓越东部蔚蓝海岸八期 , 西区新寮",3室2厅,98平米,东,精装,中楼层(共33层) ,,板塔结合,88 万,8980 元,0,,,VR看装修 | 随时看房,https://hui.lianjia.com/ershoufang/105120028891.html
户型方正，业主诚意出售，密码看房，随时可看，,"保利天汇 , 河南岸",3室2厅,87.65平米,东南,,高楼层(共32层) ,,板塔结合,90 万,10269 元,1,,,VR房源 | 房本满两年 | 随时看房,https://hui.lianjia.com/ershoufang/105118571863.html
房子次新小区，环境好，户型方正实用,"新力东园 , 大亚湾中心区",3室2厅,91.22平米,南,毛坯,32层 ,,板楼,38.5 万,4221 元,2,,,VR看装修 | 房本满两年 | 随时看房,https://hui.lianjia.com/ershoufang/105121008530.html
富川瑞园二期3+1 好楼层，好价格 配套成熟,"富川瑞园 , 惠环",4室2厅,94.12平米,东南,毛坯,高楼层(共18层) ,,板塔结合,43 万,4569 元,0,,,VR房源 | 房本满两年 | 随时看房,https://hui.lianjia.com/ershoufang/105120776676.html
深圳业主 急售 中洲天御三期4房 看鸟巢  有钥匙,"中洲天御3期 , 河南岸",4室2厅,127.64平米,南 北,毛坯,中楼层(共32层) ,,板塔结合,135 万,10577 元,0,,,VR看装修 | 随时看房,https://hui.lianjia.com/ershoufang/105120617056.html
东江熙园四房两厅两卫 业主诚心出售,"佳兆业东江熙园 , 博罗中心区",4室2厅,118平米,南 北,毛坯,高楼层(共33层) ,,板塔结合,35 万,2967 元,1,,,VR看装修 | 随时看房,https://hui.lianjia.com/ershoufang/105120467112.html
业主诚意出售，视野好、户型靓。,"新时代花园二期 , 博罗中心区",3室2厅,125.54平米,南,毛坯,28层 ,,板塔结合,49 万,3904 元,0,,,VR看装修 | 房本满五年 | 随时看房,https://hui.lianjia.com/ershoufang/105115176136.html
急售！急售！急售！三个阳台少有户型汇鑫花园,"汇鑫花园 , 新行政区",3室2厅,123平米,南 北,毛坯,16层 ,,塔楼,45.8 万,3724 元,2,,,VR看装修 | 房本满五年 | 随时看房,https://hui.lianjia.com/ershoufang/105121494915.html
此房业主诚意出售，，此房采光充足，户型方正。,"小径海岸城花园 , 霞涌",3室2厅,104.4平米,南,精装,33层 ,,板塔结合,53 万,5077 元,5,,,VR看装修 | 房本满五年 | 随时看房,https://hui.lianjia.com/ershoufang/105111134858.html
：金山湖湖芯岛方正三房，南向看花园，景观开阔,"湖心岛1号花园 , 河南岸",3室1厅,104.31平米,南,毛坯,低楼层(共32层) ,,板塔结合,100 万,9587 元,0,,7天以前发布,VR房源 | 房本满两年 | 随时看房,https://hui.lianjia.com/ershoufang/105122491902.html
业主精致自装  一线湖景楼下即是金山湖公园 视野开阔,"泰丰·千花岛 , 河南岸",3室2厅,106.89平米,南,,33层 ,,板塔结合,159 万,14876 元,0,,,VR看装修 | 房本满五年 | 随时看房,https://hui.lianjia.com/ershoufang/105121108487.html
万达商圈、龙光物业、潮南看花园、	户型方正,"龙光玖龙花园 , 万达",4室2厅,109.75平米,南 北,精装,32层 ,,板塔结合,70 万,6379 元,1,,,VR看装修 | 随时看房,https://hui.lianjia.com/ershoufang/105120848964.html
碧桂园珑誉 四房南北通  一线湖景没遮挡,"碧桂园珑誉花园 , 水口",4室2厅,141.67平米,南 北,毛坯,中楼层(共33层) ,,塔楼,91 万,6424 元,0,,,VR看装修 | 房本满五年 | 随时看房,https://hui.lianjia.com/ershoufang/105121722974.html
临深品质三房，诚心出售！！！！,"卓越蔚蓝海岸七期 , 西区新寮",3室2厅,96平米,东南,精装,34层 ,,塔楼,78 万,8125 元,2,,,VR看装修,https://hui.lianjia.com/ershoufang/105121096588.html
海悦湾漂亮两房，保养好家私拎包入住,"碧桂园十里银滩海悦湾 , 十里银滩",2室1厅,67.48平米,西,精装,30层 ,,板塔结合,25.2 万,3735 元,1,,,VR看装修 | 房本满五年 | 随时看房,https://hui.lianjia.com/ershoufang/105121983502.html
房子带精装修家私家电全齐满五税费少,"亚迪二村二区 , 澳头",3室2厅,115.34平米,南 北,精装,32层 ,,板塔结合,38 万,3295 元,0,,,VR看装修 | 房本满五年 | 随时看房,https://hui.lianjia.com/ershoufang/105121340535.html
近澳头沃尔玛，生活配套齐全，中间楼层，简单装修,"德丰雅苑 , 澳头",2室2厅,79.01平米,东南,简装,中楼层(共17层) ,,板塔结合,23 万,2912 元,1,,,VR看装修 | 房本满五年,https://hui.lianjia.com/ershoufang/105121869796.html
业主诚心出售，楼层好，视野好，采光好，楼下海鲜市场,"龙海豪苑 , 澳头",2室2厅,86.76平米,南,,高楼层(共25层) ,,塔楼,50 万,5764 元,2,,,VR看装修 | 房本满五年 | 随时看房,https://hui.lianjia.com/ershoufang/105121251861.html
"大平台,朝南向，一线临深，户型利用率高","美景印象 , 西区新寮",3室2厅,100.58平米,南 北,精装,31层 ,,板塔结合,99.8 万,9923 元,6,,,VR房源 | 房本满五年 | 随时看房,https://hui.lianjia.com/ershoufang/105116945608.html
次新小区，房子楼层好，户型方正,"腾韵花园 , 陈江",3室2厅,98.28平米,南,毛坯,32层 ,,塔楼,56 万,5699 元,0,,,VR看装修 | 房本满两年 | 随时看房,https://hui.lianjia.com/ershoufang/105118555806.html
金山湖奥园领寓 精装 保养很好 朝南 花园小区管理,"奥园领寓 , 河南岸",1室1厅,27.68平米,南,精装,31层 ,,塔楼,16 万,5781 元,0,,,VR房源 | 房本满五年 | 随时看房,https://hui.lianjia.com/ershoufang/105120085755.html
星河S2区，朝南三房，中高楼层，全明格局，红本在手,"星河丹堤S2区 , 南站新城",3室2厅,78.73平米,南,毛坯,高楼层(共32层) ,,板塔结合,70 万,8892 元,4,,,VR看装修 | 房本满五年 | 随时看房,https://hui.lianjia.com/ershoufang/105119442302.html
东南向 视野好 通风佳 采光好 租客好约看房随时,"伟豪领御世家 , 江北",4室2厅,100.97平米,东南,简装,中楼层(共32层) ,,板塔结合,95 万,9409 元,0,,,VR看装修 | 房本满五年 | 随时看房,https://hui.lianjia.com/ershoufang/105120756987.html
吾悦万达商圈，高铁站旁，生活配套齐全,"碧桂园太东公园上城 , 吾悦广场",3室2厅,110.54平米,南 北,精装,32层 ,,塔楼,108 万,9771 元,0,,,VR看装修 | 房本满五年 | 随时看房,https://hui.lianjia.com/ershoufang/105120513547.html
龙湖天宸原著花园 3室1厅 南,"龙湖天宸原著花园 , 河南岸",3室1厅,94.99平米,南,毛坯,低楼层(共33层) ,,塔楼,120 万,12633 元,0,,,VR房源 | 随时看房,https://hui.lianjia.com/ershoufang/105117282995.html
采光通风视野好 ， 配套设施齐全,"润合名居 , 西区新寮",4室2厅,109.83平米,南,毛坯,25层 ,,塔楼,69 万,6283 元,2,,,VR看装修 | 房本满五年 | 随时看房,https://hui.lianjia.com/ershoufang/105120692698.html
深圳创维惠州园区 高铁站 碧桂园科学城 精装三室二卫,"碧桂园云创家园 , 潼侨沥林",4室2厅,134.71平米,南 北,简装,中楼层(共34层) ,,,80 万,5939 元,0,,,VR看装修 | 房本满两年 | 随时看房,https://hui.lianjia.com/ershoufang/105119580009.html
临深大社区，配套完善，近沙田地铁站，诚心出售！,"锦地繁花 , 西区新寮",4室2厅,127平米,南 北,毛坯,25层 ,,板塔结合,74.5 万,5867 元,2,,,VR看装修 | 随时看房,https://hui.lianjia.com/ershoufang/105120835514.html
业主诚意卖精装五房，业主钥匙全权委托给我,"七里香堤花园 , 龙光城",4室2厅,113.94平米,西南,精装,33层 ,,板塔结合,78 万,6846 元,1,,,VR房源 | 随时看房,https://hui.lianjia.com/ershoufang/105120919810.html
一线临深，次新小区，好楼层好视野,"冠华城桂香园三期 , 西区新寮",3室2厅,84.32平米,南,毛坯,33层 ,,板塔结合,66 万,7828 元,0,,5天以前发布,VR房源 | 随时看房,https://hui.lianjia.com/ershoufang/105122514072.html
配套齐全，生活便利，首付月供无压力，好出租,"金茂精英现代城一期 , 陈江",2室2厅,64.95平米,南,简装,17层 ,,板塔结合,23 万,3542 元,0,,,VR看装修 | 房本满五年 | 随时看房,https://hui.lianjia.com/ershoufang/105121859575.html
钱隆华府精装三房，业主深圳置业，诚心出售。,"世茂福晟钱隆华府 , 陈江",3室2厅,98.21平米,南,精装,中楼层(共33层) ,,板塔结合,77 万,7841 元,0,,7天以前发布,VR房源 | 房本满两年,https://hui.lianjia.com/ershoufang/105122488534.html
60栋大社区 大花园 惠阳汽车站旁 交通方便,"花样年别样城二期 , 新行政区",3室2厅,95.16平米,南 西,毛坯,33层 ,,板塔结合,52 万,5465 元,1,,,VR看装修 | 房本满五年 | 随时看房,https://hui.lianjia.com/ershoufang/105113584473.html
全新未入住南北通三房 仲恺海关旁 新力帝泊湾,"新力帝泊湾 , 新圩",3室2厅,105.8平米,南,精装,32层 ,,塔楼,58 万,5483 元,1,,,VR看装修 | 房本满两年 | 随时看房,https://hui.lianjia.com/ershoufang/105119775253.html
此房户型方正，楼层好，视野开阔，采光好。,"天安珑城 , 区政府",3室1厅,85.13平米,南,精装,29层 ,,塔楼,83 万,9750 元,1,,,VR看装修 | 房本满两年,https://hui.lianjia.com/ershoufang/105119835642.html
腾韵花园，南北通四房，中间楼层，视野景观好，朝花园,"腾韵花园 , 陈江",4室2厅,116.37平米,南 北,,32层 ,,板塔结合,78 万,6703 元,0,,,VR看装修 | 房本满两年 | 随时看房,https://hui.lianjia.com/ershoufang/105121542890.html
大社区，近学 校 ，标准住宅风格，采光好，户型方正,"光耀荷兰小城 , 陈江",4室2厅,114.19平米,北,,中楼层(共33层) ,,板塔结合,53 万,4642 元,0,,,VR看装修,https://hui.lianjia.com/ershoufang/105120141114.html
精装修，次新小区，看小区园林景观，安静舒适,"太东天地花园 , 大亚湾中心区",4室2厅,107.86平米,南 北,精装,29层 ,,板塔结合,65 万,6027 元,0,,,VR看装修 | 房本满五年 | 随时看房,https://hui.lianjia.com/ershoufang/105121975782.html
临深交界，刚需户型，配套成熟，有钥匙随时可看,"爱琴海 , 西区新寮",2室1厅,56.3平米,东南,毛坯,33层 ,,板塔结合,37 万,6572 元,6,,,VR房源 | 房本满五年 | 随时看房,https://hui.lianjia.com/ershoufang/105116061844.html
近仲恺高铁站，邻中韩产业园，中间楼层温馨三房诚心卖,"玖龙台 , 潼侨沥林",3室2厅,89平米,东南,,高楼层(共27层) ,,,43 万,4832 元,0,,,VR看装修 | 房本满两年 | 随时看房,https://hui.lianjia.com/ershoufang/105119997970.html
水岸城二期 小三房毛坯 花园楼栋 中间楼层,"中信水岸城二三期 , 东江新城",3室1厅,86.08平米,东南,,17层 ,,板塔结合,73 万,8481 元,0,,18天以前发布,VR看装修 | 房本满五年 | 随时看房,https://hui.lianjia.com/ershoufang/105122365478.html
尚城世家三期    3房带装修   业主诚心出售,"尚城世家三期 , 区政府",3室2厅,97.69平米,东,精装,高楼层(共31层) ,,板塔结合,107 万,10954 元,3,,,VR看装修 | 房本满两年,https://hui.lianjia.com/ershoufang/105113874569.html
楼层好，视野好，无抵押，户型方正，业主诚心出售,"亚迪二村一区 , 澳头",4室2厅,149平米,南,,32层 ,,板塔结合,59 万,3960 元,0,,,VR看装修 | 随时看房,https://hui.lianjia.com/ershoufang/105121563632.html
半岛公园旁 次新小区 深东新锐 大三房 诚意出售,"深东新锐 , 区政府",3室1厅,107.61平米,南,,中楼层(共28层) ,,板塔结合,75 万,6970 元,0,,,VR房源 | 房本满两年 | 随时看房,https://hui.lianjia.com/ershoufang/105117334776.html
精装修四房两厅，座北朝南，采光户型好合适一家人居住,"珠光御景湾 , 水口",4室2厅,133平米,东南 南,精装,17层 ,,板塔结合,75 万,5640 元,1,,,VR看装修,https://hui.lianjia.com/ershoufang/105119211075.html
大湖花园 装修小3房 小区有花园 有证 过渡合适,"大湖花园 , 水口",3室2厅,53平米,南,简装,高楼层(共8层) ,,板楼,18 万,3397 元,1,,,VR看装修,https://hui.lianjia.com/ershoufang/105116210945.html
户型方正，楼层好，采光视野可以,"新际首座 , 大亚湾中心区",1室1厅,54平米,西南,简装,28层 ,,板塔结合,20 万,3704 元,3,,,VR看装修 | 随时看房,https://hui.lianjia.com/ershoufang/105120391124.html
万达广场精装四房，业主要钱不要房,"龙光玖龙花园 , 万达",4室2厅,111.97平米,南,精装,32层 ,,板塔结合,75 万,6699 元,0,,,VR看装修 | 房本满两年 | 随时看房,https://hui.lianjia.com/ershoufang/105113925607.html
壹城中心11区  毛坯南北通4房 踩光好 户型方正,"壹城中心11区 , 陈江",4室2厅,124平米,南 北,毛坯,高楼层(共30层) ,,板塔结合,93 万,7500 元,0,,,VR看装修 | 随时看房,https://hui.lianjia.com/ershoufang/105121336583.html
荷兰小城中间楼层，视野开阔，户型方正，采光通风好！,"光耀荷兰小城 , 陈江",4室2厅,114.19平米,北,毛坯,高楼层(共33层) ,,板塔结合,57 万,4992 元,1,,,VR看装修 | 随时看房,https://hui.lianjia.com/ershoufang/105121494824.html
万达商旁精品复式房、视野好，位置好，新装修,"中萃花城湾 , 万达",6室2厅,120.16平米,南,精装,16层 ,,塔楼,128 万,10653 元,0,,,VR房源 | 房本满五年,https://hui.lianjia.com/ershoufang/105121565063.html
中建物业  中天彩虹城3室  业主诚心出售  看房方便,"中天彩虹城北区 , 开城大润发",3室2厅,118平米,南,精装,28层 ,,板楼,66 万,5594 元,0,,,VR房源,https://hui.lianjia.com/ershoufang/105119953551.html
位置好，采光充足，业主诚意急卖，方便看房,"星河丹堤G4区 , 南站新城",5室2厅,172.32平米,南 北,毛坯,10层 ,,板塔结合,240 万,13928 元,1,,,VR看装修 | 房本满两年 | 随时看房,https://hui.lianjia.com/ershoufang/105120272939.html
精装三房朝南看花园，业主诚心出售,"金洋嘉丽园 , 澳头",3室2厅,103平米,南,精装,28层 ,,板塔结合,60 万,5826 元,0,,,VR看装修 | 房本满五年 | 随时看房,https://hui.lianjia.com/ershoufang/105120236107.html
满五唯一  中间楼层  采光通风不错,"玫瑰华庭 , 草洋新区",3室1厅,93.44平米,南,,9层 ,,板楼,38.8 万,4153 元,0,,,VR看装修 | 房本满五年,https://hui.lianjia.com/ershoufang/105121247981.html
德威花园小区，红本在手，业主急售，大三房，户型方正,"德威花园城 , 秋长",3室2厅,100.43平米,南,毛坯,中楼层(共32层) ,,板楼,41.4 万,4123 元,1,,,VR房源 | 房本满五年 | 随时看房,https://hui.lianjia.com/ershoufang/105120838545.html
中信水岸城四期玫瑰湾央企大社区,"中信水岸城四期 , 东江新城",3室2厅,112平米,南,精装,中楼层(共30层) ,,板楼,106.8 万,9536 元,0,,,VR房源,https://hui.lianjia.com/ershoufang/105121098663.html
德润天峰中间楼层朝正南小三房诚意售出,"德润天峰 , 潼侨沥林",3室2厅,79.89平米,南,毛坯,18层 ,,板塔结合,38 万,4757 元,0,,,VR看装修 | 随时看房,https://hui.lianjia.com/ershoufang/105121373911.html
"小区环境优美,绿化覆盖率高通透性好，适宜居住","玖龙台 , 潼侨沥林",3室2厅,88.75平米,南,,32层 ,,板塔结合,44 万,4958 元,0,,,VR看装修 | 房本满两年 | 随时看房,https://hui.lianjia.com/ershoufang/105121976855.html
房子格局 楼层好 视野开阔 采光充足,"碧桂园云创家园 , 潼侨沥林",2室1厅,42.64平米,东南,,20层 ,,板塔结合,22.6 万,5301 元,0,,17天以前发布,VR房源 | 房本满五年 | 随时看房,https://hui.lianjia.com/ershoufang/105122387121.html
天御二期业主诚心出售，刚需户型，明厨明卫业主诚心卖,"中洲天御二期 , 河南岸",3室2厅,93平米,南,毛坯,低楼层(共33层) ,,板塔结合,78 万,8388 元,1,,,VR房源 | 随时看房,https://hui.lianjia.com/ershoufang/105121800011.html
横厅大四房，交通便利，配套齐全。,"龙光城北八期 , 龙光城",4室2厅,118.02平米,南 北,精装,17层 ,,板塔结合,117.1 万,9923 元,3,,,VR看装修 | 房本满五年 | 随时看房,https://hui.lianjia.com/ershoufang/105119859293.html
龙光城大三房 业主诚心卖 视野开阔 采光好,"龙光城北三期 , 龙光城",3室2厅,81.57平米,东南 南,精装,低楼层(共34层) ,,板塔结合,67 万,8214 元,27,,,VR看装修 | 房本满五年 | 随时看房,https://hui.lianjia.com/ershoufang/105109093947.html
横厅4房  业主诚心出售  有钥匙随时可以看房,"龙光城南四期 , 龙光城",4室2厅,108.72平米,东北,毛坯,34层 ,,塔楼,88 万,8095 元,0,,13天以前发布,VR房源 | 房本满五年 | 随时看房,https://hui.lianjia.com/ershoufang/105122420303.html
四季嘉园，架空式园林，主阳台很大,"华泓四季嘉园 , 博罗中心区",3室2厅,93平米,东北,毛坯,31层 ,,塔楼,38 万,4087 元,0,,18天以前发布,VR看装修 | 房本满两年 | 随时看房,https://hui.lianjia.com/ershoufang/105122366892.html
126平方大三房，高楼层，配套齐全,"新时代花园二期 , 博罗中心区",3室2厅,126平米,南,毛坯,28层 ,,塔楼,46 万,3651 元,0,,,VR看装修 | 房本满五年 | 随时看房,https://hui.lianjia.com/ershoufang/105116672388.html
中洲半岛城邦四期106平正三房，精装修直接拎包入住,"中洲半岛城邦四期 , 博罗中心区",3室2厅,106.16平米,南,,33层 ,,板塔结合,80 万,7536 元,0,,,VR房源 | 随时看房,https://hui.lianjia.com/ershoufang/105122039100.html
成熟小区，视野开阔，安全系数好，环境优美，一线江景,"中洲半岛城邦四期 , 博罗中心区",4室2厅,106.67平米,南,,33层 ,,板塔结合,63 万,5907 元,0,,,VR看装修 | 房本满两年 | 随时看房,https://hui.lianjia.com/ershoufang/105121257078.html
陈江轻轨口天益城沃尔玛商圈 隆生仲恺花园3房价格实惠,"隆生仲恺花园 , 陈江",3室2厅,112.25平米,东南,毛坯,32层 ,,塔楼,70 万,6237 元,0,,,VR看装修 | 随时看房,https://hui.lianjia.com/ershoufang/105121224808.html
落地窗 高楼层 采光视野好 佳兆业一期 业主诚心出售,"佳兆业中心一期 , 江北",1室1厅,42.62平米,东,精装,29层 ,,板塔结合,28.5 万,6688 元,0,,30天以前发布,VR看装修 | 房本满五年 | 随时看房,https://hui.lianjia.com/ershoufang/105122268072.html
下角江边路 文星公园旁 低楼层 精装三房 业主诚意出售,"惠华纸业包装总公司住宅生活区 , 下角",3室2厅,87.6平米,南,精装,低楼层(共8层) ,,塔楼,43.9 万,5012 元,1,,,VR看装修,https://hui.lianjia.com/ershoufang/105115553905.html
大中华幸福城大社区朝向南通透大三房诚心出售,"大中华幸福城 , 西区新寮",3室2厅,125.25平米,南,,32层 ,,板楼,90 万,7186 元,0,,8天以前发布,VR房源 | 随时看房,https://hui.lianjia.com/ershoufang/105122481642.html
方直君御 4室2厅 南,"方直君御 , 东江新城",4室2厅,183平米,南,,高楼层(共31层) ,,塔楼,268 万,14645 元,0,,,VR看装修,https://hui.lianjia.com/ershoufang/105122038860.html
临深沙田地铁站，户型方正适用，使用率高,"惠州星河盛世 , 白云新城",4室2厅,92.58平米,北,精装,33层 ,,塔楼,71 万,7670 元,0,,,VR看装修 | 房本满两年 | 随时看房,https://hui.lianjia.com/ershoufang/105120191332.html
荷兰小城  标准三房  朝南户型  急出 急出,"光耀荷兰小城 , 陈江",3室1厅,90.5平米,南,毛坯,33层 ,,板楼,48 万,5304 元,0,,15天以前发布,VR房源 | 房本满五年 | 随时看房,https://hui.lianjia.com/ershoufang/105122409020.html
拿上衣服带上手机就可以入住了   大客厅三卧室,"东江学府七期 , 河南岸",3室2厅,76平米,南,精装,19层 ,,,67 万,8816 元,0,,,VR房源 | 随时看房,https://hui.lianjia.com/ershoufang/105120566107.html
大亚湾红树林湿地公园旁复式三房红本无抵押随时看房,"美林雅苑 , 澳头",3室2厅,38.98平米,北,毛坯,9层 ,,板塔结合,16 万,4105 元,2,,,VR看装修 | 随时看房,https://hui.lianjia.com/ershoufang/105121784631.html
龙湖春江天境花园 86.65平米 3房2厅1卫 带装修,"春江天境花园 , 东江高新区",3室2厅,86.65平米,东南,精装,高楼层(共33层) ,,板楼,49.8 万,5748 元,0,,,VR看装修 | 房本满两年 | 随时看房,https://hui.lianjia.com/ershoufang/105121804442.html
新力花园 车位充足 刚需小三居 精装可拎包入住商品房,"新力城一期 , 水口",3室2厅,89.83平米,南,精装,33层 ,,板楼,73 万,8127 元,0,,,VR看装修 | 房本满五年 | 随时看房,https://hui.lianjia.com/ershoufang/105119808077.html
楼层高，视野光线通风好，户型方正，业主诚心出售,"清泉城市广场 , 区政府",3室2厅,91平米,南,精装,29层 ,,板塔结合,62.8 万,6902 元,2,,,VR看装修 | 房本满五年 | 随时看房,https://hui.lianjia.com/ershoufang/105115842925.html
双阳台小三房，户型方正，业主诚心出售,"半岛1号三期 , 白云新城",3室2厅,88.82平米,南,精装,17层 ,,板塔结合,58 万,6531 元,6,,,VR房源 | 房本满五年,https://hui.lianjia.com/ershoufang/105118323468.html
房屋保养好，红本在手，随时可签约，看房方便,"碧桂园.十里银滩.山林海二区 , 十里银滩",2室2厅,66.63平米,南,精装,29层 ,,板塔结合,21.8 万,3272 元,4,,,VR房源 | 房本满五年 | 随时看房,https://hui.lianjia.com/ershoufang/105121891325.html
荷兰小城四房两厅两卫，业主诚意出售,"光耀荷兰小城 , 陈江",4室2厅,101平米,南,毛坯,33层 ,,板塔结合,55 万,5446 元,1,,,VR看装修 | 随时看房,https://hui.lianjia.com/ershoufang/105121381494.html
惠城区江北 精装大三房出售 采光好 户型方正,"邮电新村 , 江北",3室2厅,100平米,南,简装,高楼层(共8层) ,,板楼,65 万,6500 元,0,,,VR看装修,https://hui.lianjia.com/ershoufang/105121868065.html
中信水岸城一期 3室1厅 南,"中信水岸城一期 , 东江新城",3室1厅,84平米,南,精装,18层 ,,板塔结合,130 万,15477 元,0,,,VR房源,https://hui.lianjia.com/ershoufang/105121793997.html
家华名都花园 4室2厅 南,"家华名都花园 , 陈江",4室2厅,155平米,南,精装,24层 ,,塔楼,95 万,6130 元,0,,,VR房源 | 房本满两年,https://hui.lianjia.com/ershoufang/105122055960.html
惠州江北好地段，住宅性质70年产权！好出租！,"瑞嘉大厦 , 江北",1室1厅,42平米,西南,精装,26层 ,,板楼,29.6 万,7048 元,0,,,VR看装修 | 随时看房,https://hui.lianjia.com/ershoufang/105121108668.html
中洲云睿府，三房，次新房，山姆会员店，金山湖医院,"中洲云睿府 , 河南岸",3室2厅,88.27平米,南,毛坯,30层 ,,塔楼,80 万,9064 元,0,,,VR看装修 | 房本满两年 | 随时看房,https://hui.lianjia.com/ershoufang/105122104828.html
户型方正，采光好，视野好，无遮挡,"听涛雅苑 , 大亚湾中心区",2室1厅,32.77平米,东,简装,7层 ,,板塔结合,19.2 万,5860 元,0,,,VR房源 | 房本满五年 | 随时看房,https://hui.lianjia.com/ershoufang/105119739112.html
儿童公园 比亚迪御蓝湾南北通毛坯四房,"御蓝湾花园 , 万达",4室2厅,101.14平米,南 北,毛坯,17层 ,,板塔结合,58 万,5735 元,2,,,VR看装修 | 房本满五年 | 随时看房,https://hui.lianjia.com/ershoufang/105115861812.html
侨城水岸 大社区 140平大4房 双阳台,"侨城水岸 , 惠东县城",4室2厅,140.22平米,东南,毛坯,高楼层(共24层) ,,板塔结合,133.5 万,9521 元,0,,,VR看装修 | 房本满五年 | 随时看房,https://hui.lianjia.com/ershoufang/105119849670.html
红本房，交易快捷，东南朝向，楼层高，阳台看湖景,"泰丰牧马湖 , 万达",3室2厅,89.99平米,南 东,毛坯,33层 ,,板楼,67 万,7446 元,3,,,VR看装修 | 房本满两年 | 随时看房,https://hui.lianjia.com/ershoufang/105115675240.html
大社区成熟片区，绿化环境空气好生活便利，鹿江花园,"合生·上观国际 , 水口",3室2厅,92平米,南 北,精装,中楼层(共18层) ,,塔楼,78 万,8479 元,0,,,VR看装修 | 随时看房,https://hui.lianjia.com/ershoufang/105121735972.html
刚需实用户型，业主诚心出售，毛坯，有证，大社区,"光耀荷兰小城 , 陈江",3室2厅,80.19平米,北,毛坯,33层 ,,板塔结合,35 万,4365 元,0,,,VR看装修 | 房本满五年 | 随时看房,https://hui.lianjia.com/ershoufang/105114187200.html
海景城大4房2卫  精装带家私电器   滨海公园旁,"海景城 , 澳头",4室2厅,120.47平米,南,,33层 ,,板塔结合,70 万,5811 元,1,,,VR看装修 | 房本满五年 | 随时看房,https://hui.lianjia.com/ershoufang/105117534755.html
吾悦广场旁 3加1 朝南 看淡澳河,"亲水湾 , 吾悦广场",3室2厅,87.06平米,南,毛坯,22层 ,,塔楼,45 万,5169 元,2,,,VR房源 | 随时看房,https://hui.lianjia.com/ershoufang/105117987188.html
中间楼层，已经交了电梯钱，户型方正采光好，2个卫生,"金阁苑 , 下角",3室2厅,102平米,南,精装,中楼层(共7层) ,,板塔结合,65 万,6373 元,0,,,VR看装修 | 房本满五年,https://hui.lianjia.com/ershoufang/105121519511.html
马安曦江润府 3房 毛坯房 诚意出售,"曦江润府 , 东江新城",3室1厅,96.49平米,南,,中楼层(共33层) ,,塔楼,115 万,11919 元,1,,,VR看装修 | 房本满两年 | 随时看房,https://hui.lianjia.com/ershoufang/105120149116.html
红本在手无欠款、中间楼层、装修直接拎包入住,"中兴佳苑 , 大亚湾中心区",4室2厅,109.73平米,南,精装,26层 ,,塔楼,48.8 万,4448 元,1,,,VR看装修 | 房本满五年 | 随时看房,https://hui.lianjia.com/ershoufang/105114929727.html
南向品字型4房中间好楼层看园景视野开阔满五年,"方直君御 , 东江新城",4室2厅,125平米,南,毛坯,中楼层(共31层) ,,塔楼,184 万,14720 元,0,,,VR看装修 | 房本满五年 | 随时看房,https://hui.lianjia.com/ershoufang/105121711471.html
儿童公园旁，精装3房 视野开阔 采光好，业主急售,"恒大悦龙台 , 万达",3室1厅,85.92平米,南,精装,32层 ,,板塔结合,63 万,7333 元,0,,,VR房源 | 房本满五年 | 随时看房,https://hui.lianjia.com/ershoufang/105121989876.html
中信水岸城 一线江景  无遮挡  全新毛坯  通风好,"中信水岸城二三期 , 东江新城",4室2厅,170平米,南 北,毛坯,29层 ,,板楼,177 万,10412 元,2,,,VR房源 | 随时看房,https://hui.lianjia.com/ershoufang/105119799624.html
大湖溪山水龙城 南北通三房两卫 户型使用率高 有钥匙,"宝安山水龙城 , 水口",3室2厅,87.07平米,西北,毛坯,高楼层(共27层) ,,塔楼,60 万,6892 元,1,,,VR看装修 | 房本满五年 | 随时看房,https://hui.lianjia.com/ershoufang/105121860121.html
双城峰景精 装3房2卫 楼下商 业体 生活方便,"双城峰景 , 博罗石湾",3室2厅,96平米,南,精装,27层 ,,板塔结合,72 万,7500 元,0,,,VR看装修 | 随时看房,https://hui.lianjia.com/ershoufang/105121685821.html
益田万达双商圈，二房两厅采光好1,"东部阳光花园 , 万达",2室2厅,81.08平米,东南 南,精装,31层 ,,板塔结合,51 万,6291 元,0,,,VR看装修 | 房本满五年 | 随时看房,https://hui.lianjia.com/ershoufang/105120904000.html
此房原值高，税费少  精装修 户型方正，采光好，,"荣盛御景澜湾 , 澳头",3室2厅,90.21平米,南,精装,33层 ,,板塔结合,47 万,5211 元,1,,,VR房源 | 房本满两年 | 随时看房,https://hui.lianjia.com/ershoufang/105121753359.html
中间楼层，刚需三房，采光充足，读德威,"中信水岸城7期 , 东江新城",3室2厅,88.5平米,南,毛坯,32层 ,,板塔结合,88 万,9944 元,1,,,VR看装修 | 房本满五年 | 随时看房,https://hui.lianjia.com/ershoufang/105118831535.html
澳头菁华园沃尔玛门口3房朝南精装修,"菁华园 , 澳头",3室2厅,107.09平米,南,精装,中楼层(共20层) ,,板塔结合,55 万,5136 元,0,,17天以前发布,VR房源 | 随时看房,https://hui.lianjia.com/ershoufang/105122378469.html
高品质大型小区、环境好，深圳与惠州交界处，楼层好,"牧云溪谷二期云尚 , 新圩",3室1厅,88.02平米,东南,精装,29层 ,,塔楼,109 万,12384 元,0,,21天以前发布,VR看装修 | 房本满五年 | 随时看房,https://hui.lianjia.com/ershoufang/105122344936.html
鼎峰国汇山 大花园社区 精装修南北4房 视野好 安静,"鼎峰国汇山 , 江北",4室2厅,124.75平米,南,精装,低楼层(共28层) ,,板塔结合,159 万,12746 元,0,,,VR房源 | 房本满五年,https://hui.lianjia.com/ershoufang/105122106902.html
业主诚心出售 次新小区 朝南向 采光好 户型靓,"东方铂悦府 , 新行政区",3室2厅,89.79平米,东南,毛坯,29层 ,,板塔结合,60 万,6683 元,0,,,VR看装修 | 房本满两年 | 随时看房,https://hui.lianjia.com/ershoufang/105121382595.html
山姆会员店旁世纪金湖花园 小区环境安静,"世纪金湖花园 , 河南岸",4室2厅,116.79平米,南,毛坯,31层 ,,板塔结合,108 万,9248 元,0,,,VR看装修 | 随时看房,https://hui.lianjia.com/ershoufang/105113811126.html
光耀荷兰小城 3室1厅 北,"光耀荷兰小城 , 陈江",3室1厅,80.19平米,北,精装,33层 ,,板塔结合,46 万,5737 元,0,,,VR看装修 | 房本满五年 | 随时看房,https://hui.lianjia.com/ershoufang/105121084116.html
江北少有大复式，带300平私家露台，精装7房，诚意出售,"江北盛世华府 , 江北",7室2厅,305.1平米,南,精装,高楼层(共13层) ,,板楼,258 万,8457 元,3,,,VR房源 | 房本满五年,https://hui.lianjia.com/ershoufang/105118964969.html
原购价高 费用少 利用率高 生活便利,"华悦柠檬圈子 , 澳头",3室2厅,92.78平米,南,毛坯,高楼层(共17层) ,,板塔结合,32 万,3450 元,1,,,VR看装修 | 房本满两年 | 随时看房,https://hui.lianjia.com/ershoufang/105120973293.html
业主诚心出售，大社区，配套齐全，离万达近,"华冠花园 , 大亚湾中心区",2室1厅,42.76平米,北,简装,26层 ,,板塔结合,24.6 万,5754 元,1,,,VR看装修 | 房本满五年 | 随时看房,https://hui.lianjia.com/ershoufang/105115813128.html
全屋定制，西南看海景，看漂亮夕阳。,"维港湾花园 , 十里银滩",3室2厅,108.24平米,南,精装,中楼层(共34层) ,,,67.8 万,6264 元,1,,,VR看装修 | 随时看房,https://hui.lianjia.com/ershoufang/105121573856.html
新力城118平 好楼层，业主急售价格可谈,"新力城二期 , 水口",3室2厅,117.9平米,南,,高楼层(共32层) ,,板楼,77 万,6531 元,0,,,VR看装修 | 房本满两年 | 随时看房,https://hui.lianjia.com/ershoufang/105121815430.html
富华花园大三房 交通便利 配套成熟,"富华花园 , 博罗中心区",3室2厅,122平米,北 南,简装,高楼层(共7层) ,,板楼,38 万,3115 元,0,,19天以前发布,VR房源 | 房本满五年,https://hui.lianjia.com/ershoufang/105122361034.html
壹城中心二区刚需3房，楼层好，安静舒适,"壹城中心2区 , 陈江",3室2厅,88.96平米,南,毛坯,低楼层(共28层) ,,塔楼,57.8 万,6498 元,2,,,VR看装修 | 房本满五年 | 随时看房,https://hui.lianjia.com/ershoufang/105110493269.html
小区环境简介、适宜人群及设施配套,"未来花园 , 东江新城",3室2厅,91.16平米,南,,低楼层(共26层) ,,塔楼,75 万,8228 元,0,,17天以前发布,VR房源 | 房本满两年 | 随时看房,https://hui.lianjia.com/ershoufang/105122382856.html
星河丹堤 高层7米长阳台  景观视野好南北通户型,"星河丹堤E区 , 南站新城",4室2厅,104.2平米,南 北,毛坯,34层 ,,,89 万,8542 元,4,,,VR看装修 | 房本满五年 | 随时看房,https://hui.lianjia.com/ershoufang/105120894194.html
户型方正，采光佳，布局合理，宽敞明亮，改善型,"光耀荷兰小城 , 陈江",3室2厅,77.17平米,东北,简装,28层 ,,板塔结合,42 万,5443 元,0,,,VR看装修 | 房本满五年 | 随时看房,https://hui.lianjia.com/ershoufang/105117396005.html
诚心出售次新小区 高楼层三房一套,"大亚湾碧桂园城央印象 , 吾悦广场",3室2厅,105.25平米,东南,精装,33层 ,,板塔结合,89 万,8457 元,0,,,VR看装修 | 随时看房,https://hui.lianjia.com/ershoufang/105121191988.html
水悦龙湾头排毛坯5房江景户型实用，有入户茶室,"龙光·水悦龙湾 , 东平",5室2厅,144.74平米,西南,毛坯,高楼层(共29层) ,,板塔结合,175 万,12091 元,0,,,VR看装修 | 房本满五年 | 随时看房,https://hui.lianjia.com/ershoufang/105117454545.html
大亚湾凯旋城北区两房 实用率高,"德丰凯旋城北区 , 大亚湾中心区",2室1厅,42平米,北,精装,26层 ,,塔楼,26 万,6191 元,2,,,VR看装修 | 房本满五年 | 随时看房,https://hui.lianjia.com/ershoufang/105120098151.html
天虹楼上小区 陈江核 心位置 价格可谈,"壹城中心6区 , 陈江",4室2厅,116.24平米,南 北,精装,低楼层(共32层) ,,塔楼,97 万,8345 元,0,,,VR看装修 | 房本满两年 | 随时看房,https://hui.lianjia.com/ershoufang/105117288123.html
满五唯一无欠款 前有广场后有公园 业主诚意出售,"御玺山大峡谷一期 , 比亚迪商圈",2室1厅,77.67平米,东,,32层 ,,板塔结合,34 万,4378 元,0,,16天以前发布,VR房源 | 随时看房,https://hui.lianjia.com/ershoufang/105122388241.html
高档装修，家具好，楼层靓，位置 好,"瑞和园 , 博罗中心区",4室2厅,140平米,北,简装,21层 ,,板楼,66.8 万,4772 元,0,,,VR房源 | 房本满五年 | 随时看房,https://hui.lianjia.com/ershoufang/105120038387.html
诚意出售，高楼层东户南向楼下就是益田带车位,"翡翠山珑悦 , 万达",3室2厅,103平米,南,精装,33层 ,,塔楼,115 万,11166 元,1,,8天以前发布,VR房源 | 房本满五年 | 随时看房,https://hui.lianjia.com/ershoufang/105122482315.html
华泰新村 原装电梯 精装三房 价格美丽,"华泰新邨 , 麦地",3室2厅,94.26平米,南,简装,高楼层(共12层) ,,板塔结合,60 万,6366 元,0,,,VR房源,https://hui.lianjia.com/ershoufang/105121999894.html
旺东国际广场小两房，视野开阔，采光充足,"旺东国际广场 , 开城大润发",2室2厅,67.3平米,西,简装,30层 ,,塔楼,44 万,6538 元,1,,,VR看装修 | 房本满五年 | 随时看房,https://hui.lianjia.com/ershoufang/105113253033.html
近南站，此房近COCO街。视野开阔,"星河丹堤S2区 , 南站新城",3室2厅,77.6平米,西北,毛坯,34层 ,,板塔结合,78 万,10052 元,0,,,VR看装修 | 房本满五年 | 随时看房,https://hui.lianjia.com/ershoufang/105114510082.html
原值高税费少，南向东边户看园林，诚心出售,"卓越东部蔚蓝海岸五期 , 西区新寮",3室2厅,95.79平米,南,简装,33层 ,,塔楼,87 万,9083 元,0,,,VR房源 | 随时看房,https://hui.lianjia.com/ershoufang/105121925244.html
南山公馆南 北向高层视野好 安静 看房有钥匙,"南山公馆 , 麦地",3室2厅,140.81平米,南,毛坯,高楼层(共16层) ,,板塔结合,84 万,5966 元,0,,14天以前发布,VR房源 | 房本满五年 | 随时看房,https://hui.lianjia.com/ershoufang/105122419977.html
华丽大厦 佳兆业商圈 带装修 3房2卫 目前出租2000,"华丽大厦 , 江北",3室1厅,122.59平米,南 西北,简装,30层 ,,板塔结合,73 万,5955 元,0,,,VR房源 | 房本满五年,https://hui.lianjia.com/ershoufang/105121586876.html
高品质大型小区、环境好，深圳与惠州交界处,"牧云溪谷五期云锦 , 新圩",2室2厅,79平米,东南,简装,32层 ,,板塔结合,91 万,11519 元,0,,,VR看装修 | 随时看房,https://hui.lianjia.com/ershoufang/105120870917.html
一楼带院子，看房有钥匙，西湖边上 3房格局，,"六角巷 , 下埔",3室1厅,73.09平米,南,简装,低楼层(共5层) ,,,29 万,3968 元,1,,,VR看装修 | 房本满五年 | 随时看房,https://hui.lianjia.com/ershoufang/105121658653.html
铂钻花园花园中间位置，性价格高，看花园,"铂钻花园 , 东江新城",3室2厅,96平米,南,毛坯,低楼层(共27层) ,,塔楼,75 万,7813 元,0,,,VR看装修 | 房本满两年 | 随时看房,https://hui.lianjia.com/ershoufang/105120678955.html
业主诚心出售 朝南看花园 腰斩价急售,"恒大依山海湾 , 澳头",3室2厅,99.72平米,南,毛坯,低楼层(共32层) ,,板塔结合,45 万,4513 元,0,,,VR看装修 | 房本满五年 | 随时看房,https://hui.lianjia.com/ershoufang/105119399905.html
满五唯一 红本在手 配套成熟，业主诚意出售,"左岸春天二期 , 开城大润发",2室1厅,54.19平米,东南 南,简装,15层 ,,,21.2 万,3913 元,10,,,VR看装修,https://hui.lianjia.com/ershoufang/105118186911.html
鑫月广场 3+1房 诚意出售 有钥匙 看房方便,"鑫月广场 , 陈江",4室2厅,108平米,南 北,精装,低楼层(共33层) ,,塔楼,68 万,6297 元,0,,12天以前发布,VR房源 | 随时看房,https://hui.lianjia.com/ershoufang/105122435096.html
新小区，户型方正，好楼层，视野开阔,"冠华城桂香园三期 , 西区新寮",3室2厅,93.92平米,南,毛坯,33层 ,,塔楼,65 万,6921 元,1,,,VR看装修 | 随时看房,https://hui.lianjia.com/ershoufang/105119281700.html
山水龙城毛坯三房，业主诚意出售,"宝安山水龙城 , 水口",3室2厅,84.38平米,南,,高楼层(共27层) ,,塔楼,58 万,6874 元,1,,,VR房源,https://hui.lianjia.com/ershoufang/105115584105.html
位置好，采光充足，业主诚意急卖，方便看房,"星河丹堤G区 , 南站新城",5室2厅,124.65平米,南 北,精装,34层 ,,塔楼,169 万,13558 元,1,,23天以前发布,VR房源 | 随时看房,https://hui.lianjia.com/ershoufang/105122332865.html
桥东片区海伦堡海伦湾 带装修高层三房两卫 轻松置业,"海伦堡海伦湾 , 东平",3室2厅,110.21平米,南 北,精装,31层 ,,板塔结合,95 万,8620 元,1,,,VR看装修 | 随时看房,https://hui.lianjia.com/ershoufang/105121747029.html
壹城好房，精装三房！拎包入住，贴瓷砖中楼层，诚心卖,"壹城中心1区 , 陈江",3室2厅,105.8平米,南,精装,高楼层(共32层) ,,塔楼,85 万,8035 元,0,,,VR房源 | 房本满五年 | 随时看房,https://hui.lianjia.com/ershoufang/105121492995.html
此房，业主诚意出售，精装修，朝南3房视野开阔。,"泰丰牧马湖 , 万达",3室2厅,81.17平米,南,精装,11层 ,,板塔结合,76 万,9364 元,8,,,VR看装修 | 房本满五年 | 随时看房,https://hui.lianjia.com/ershoufang/105118059501.html
临深位置 采光通风好 配套成熟 看房方便 业主诚心卖,"德洲城一-二期 , 西区新寮",2室2厅,77.07平米,南,简装,18层 ,,板塔结合,46 万,5969 元,1,,,VR看装修 | 房本满五年 | 随时看房,https://hui.lianjia.com/ershoufang/105120786604.html
港惠旁精装三房96平业主诚意出售,"石湖苑 , 河南岸",3室2厅,95.67平米,西,简装,中楼层(共20层) ,,板楼,50 万,5227 元,1,,,VR看装修 | 房本满两年,https://hui.lianjia.com/ershoufang/105121561585.html
乌石 中.心位 置 ，配 套 成 熟，中间楼层,"泰宇城市中央 , 江北",3室2厅,83平米,南,精装,中楼层(共30层) ,,板塔结合,78 万,9398 元,0,,,VR看装修 | 房本满五年 | 随时看房,https://hui.lianjia.com/ershoufang/105118864381.html
刚需型必看！水岸城八期，128平4房，好楼层，价格美丽,"中信水岸城八期 , 东江新城",4室2厅,128.5平米,南,毛坯,中楼层(共33层) ,,板塔结合,138 万,10740 元,0,,28天以前发布,VR看装修 | 房本满五年 | 随时看房,https://hui.lianjia.com/ershoufang/105122287599.html
水岸城4期两个卫生间的 毛坯3房,"中信水岸城四期 , 东江新城",3室2厅,112平米,东南,毛坯,低楼层(共30层) ,,板楼,89.8 万,8018 元,0,,,VR房源 | 随时看房,https://hui.lianjia.com/ershoufang/105122092108.html
钱隆华府精装修四房，带家私家电拎包入住，配套成熟。,"世茂福晟钱隆华府 , 陈江",3室2厅,100.69平米,南,精装,高楼层(共33层) ,,塔楼,75 万,7449 元,0,,,VR看装修 | 房本满两年 | 随时看房,https://hui.lianjia.com/ershoufang/105121485884.html
钱隆华府 南北通透大四房 教育资源完善 配套齐全,"世茂福晟钱隆华府 , 陈江",4室2厅,114.26平米,南 北,毛坯,低楼层(共33层) ,,板塔结合,73 万,6389 元,0,,,VR看装修 | 房本满两年 | 随时看房,https://hui.lianjia.com/ershoufang/105118350172.html
临深白云新城星河盛世毛坯4房，业主诚心出售,"惠州星河盛世 , 白云新城",4室2厅,88.27平米,东南,毛坯,33层 ,,板塔结合,54 万,6118 元,1,,,VR看装修 | 房本满两年 | 随时看房,https://hui.lianjia.com/ershoufang/105114807034.html
业主急售，看房方便，有钥匙，楼层好,"金湾花园 , 大亚湾中心区",3室2厅,109.3平米,南,毛坯,中楼层(共18层) ,,塔楼,39 万,3569 元,0,,,VR看装修 | 房本满五年 | 随时看房,https://hui.lianjia.com/ershoufang/105121365192.html
4房，交通便利，配套齐全，户型方正实用，使用率高,"龙光城北八期 , 龙光城",4室2厅,96.83平米,南 北,简装,31层 ,,塔楼,88 万,9089 元,2,,,VR看装修 | 房本满五年 | 随时看房,https://hui.lianjia.com/ershoufang/105121876643.html
惠州北站新城 中州集团开发 半岛城邦 江景房,"中洲半岛城邦四期 , 博罗中心区",4室2厅,125.32平米,南,毛坯,32层 ,,板塔结合,72 万,5746 元,0,,,VR房源 | 随时看房,https://hui.lianjia.com/ershoufang/105114377524.html
看海景，商 业配套齐，拧包入住。,"华润小径湾一期 , 霞涌",1室0厅,52.83平米,西南,简装,31层 ,,板塔结合,34 万,6436 元,2,,,VR看装修 | 房本满五年 | 随时看房,https://hui.lianjia.com/ershoufang/105122005935.html
此房满五、税费低、适合刚需人群过渡、价格优越,"光辉国际 , 河南岸",1室1厅,35平米,东南,简装,高楼层(共28层) ,,板塔结合,16 万,4572 元,3,,,VR看装修,https://hui.lianjia.com/ershoufang/105119566777.html
临深14号线品质花园社区 诚心售卖,"万城名座花园 , 白云新城",3室2厅,109.61平米,南,毛坯,32层 ,,板塔结合,68 万,6204 元,0,,,VR看装修 | 房本满五年 | 随时看房,https://hui.lianjia.com/ershoufang/105119786930.html
江北鼎峰国汇山 南北通透  中间楼层 看房有钥匙,"鼎峰国汇山 , 江北",3室2厅,119平米,南 北,,低楼层(共27层) ,,板塔结合,100 万,8404 元,1,,,VR看装修 | 随时看房,https://hui.lianjia.com/ershoufang/105122000471.html
南站规划高铁新城区中位，交通便利，社区生活配套齐全,"中信新城C区 , 南站新城",3室2厅,88平米,南,精装,34层 ,,板塔结合,54 万,6137 元,1,,,VR房源 | 房本满五年 | 随时看房,https://hui.lianjia.com/ershoufang/105121301675.html
金石花园 电梯精装2房  业主急售，可直接入住。,"金石花园 , 江北",2室2厅,62平米,南,精装,高楼层(共18层) ,,塔楼,45 万,7259 元,1,,,VR看装修 | 房本满五年,https://hui.lianjia.com/ershoufang/105112471334.html
业主诚心出售  一线临深   采光好 楼层好 户型方正,"凯南莱弗城 , 西区新寮",3室2厅,87平米,南,毛坯,30层 ,,板塔结合,58 万,6667 元,0,,,VR看装修,https://hui.lianjia.com/ershoufang/105115740928.html
惠湾花园 2室2厅 东南 南,"惠湾花园 , 吾悦广场",2室2厅,58.97平米,东南 南,精装,19层 ,,板塔结合,28.3 万,4800 元,0,,,VR看装修 | 房本满五年 | 随时看房,https://hui.lianjia.com/ershoufang/105122103737.html
华润央企，看江看公园，视野无遮挡,"曦江润府 , 东江新城",3室2厅,97.38平米,南,,高楼层(共46层) ,,塔楼,112 万,11502 元,0,,,VR看装修 | 随时看房,https://hui.lianjia.com/ershoufang/105121571220.html
江北丽格国际公寓 精装修一房 朝南向带阳台 有匙即看,"丽格国际公寓 , 江北",1室0厅,51.53平米,南,简装,30层 ,,塔楼,45 万,8733 元,0,,25天以前发布,VR看装修 | 房本满五年 | 随时看房,https://hui.lianjia.com/ershoufang/105122314894.html
万达三房两卫，高楼层，业主诚心急售,"东部阳光花园 , 万达",3室1厅,114平米,南,简装,31层 ,,板楼,75 万,6579 元,1,,,VR房源 | 房本满五年,https://hui.lianjia.com/ershoufang/105116343537.html
帝景湾二期 安静不靠桥 通车库 看江景 诚意卖,"合生帝景湾 , 江北",5室2厅,210平米,东南,精装,高楼层(共11层) ,,板楼,238 万,11334 元,1,,,VR房源,https://hui.lianjia.com/ershoufang/105122137958.html
急售轻轨园林社区精装自住2房，视野好，户型方正实用,"光耀城市山谷 , 惠环",2室2厅,67平米,南,精装,26层 ,,塔楼,37 万,5523 元,0,,,VR看装修 | 随时看房,https://hui.lianjia.com/ershoufang/105118699491.html
南站、交通方便，配套成熟，宜居小区,"阳光地带 , 开城大润发",1室1厅,43.64平米,北,,17层 ,,板塔结合,15 万,3438 元,6,,,VR看装修 | 随时看房,https://hui.lianjia.com/ershoufang/105113857201.html
天益城旁 恒裕世纪广场 全新精装三房 中层视野开阔,"恒裕世纪广场 , 陈江",3室2厅,95.8平米,南,精装,中楼层(共32层) ,,塔楼,83 万,8664 元,0,,,VR看装修 | 房本满两年,https://hui.lianjia.com/ershoufang/105122015275.html
一线江景，中间楼层，业主诚意出售。,"曦江润府 , 东江新城",4室2厅,135.25平米,东南,毛坯,中楼层(共33层) ,,塔楼,158 万,11683 元,1,,,VR看装修 | 随时看房,https://hui.lianjia.com/ershoufang/105121950579.html
户型方正南北通透双阳台户型好，花园中间安静舒适,"天地源御湾 , 水口",4室2厅,156.9平米,南 北,毛坯,7层 ,,板塔结合,109 万,6948 元,2,,,VR看装修 | 房本满五年 | 随时看房,https://hui.lianjia.com/ershoufang/105114617478.html
星河V区 前排看湖 长阳台 一线湖景 视野开阔,"星河丹堤V区 , 南站新城",5室2厅,140.91平米,南,精装,30层 ,,板楼,200 万,14194 元,1,,,VR房源 | 房本满五年,https://hui.lianjia.com/ershoufang/105121580440.html
惠南旁，成熟商圈，房子业主保养新，小区入住率高,"香榭园 , 河南岸",3室2厅,147平米,南,,中楼层(共18层) ,,板塔结合,99.8 万,6790 元,0,,,VR看装修 | 房本满五年 | 随时看房,https://hui.lianjia.com/ershoufang/105122157111.html
中洲天御二期 6室1厅 南,"中洲天御二期 , 河南岸",6室1厅,170.14平米,南,毛坯,高楼层(共33层) ,,板塔结合,205 万,12049 元,0,,10天以前发布,VR房源 | 房本满五年 | 随时看房,https://hui.lianjia.com/ershoufang/105122458680.html
奥体山姆店！中洲天御花园！南北通！阳台视野无遮挡,"中洲天御二期 , 河南岸",4室2厅,122.24平米,南,毛坯,低楼层(共33层) ,,板塔结合,130 万,10635 元,0,,10天以前发布,VR房源 | 房本满五年 | 随时看房,https://hui.lianjia.com/ershoufang/105122461332.html
长通熙园二期 天虹大润发旁次新小区,"长通熙园 , 开城大润发",3室2厅,96.5平米,南,,32层 ,,板塔结合,83.5 万,8653 元,0,,28天以前发布,VR看装修 | 房本满两年 | 随时看房,https://hui.lianjia.com/ershoufang/105122286644.html
此房看花园小区生活便利出门有公交车站,"西街苑二期 , 万达",2室2厅,77.94平米,北,精装,低楼层(共18层) ,,板塔结合,30 万,3850 元,2,,,VR房源 | 房本满五年 | 随时看房,https://hui.lianjia.com/ershoufang/105120126675.html
此房位置好，临深距离近，生活方便，生活配套齐全,"铂金广场 , 区政府",3室2厅,107.89平米,南 西南,毛坯,29层 ,,板塔结合,68 万,6303 元,0,,18天以前发布,VR房源 | 房本满五年 | 随时看房,https://hui.lianjia.com/ershoufang/105122367378.html
楼层好 户型方正 安静看花园适合居住,"德桂佳园一区 , 水口",3室2厅,99平米,南,毛坯,高楼层(共26层) ,,塔楼,68.8 万,6950 元,1,,,VR看装修 | 房本满两年 | 随时看房,https://hui.lianjia.com/ershoufang/105119864849.html
小高层 精装修三房 看小区花园位置 没有欠款,"龙光城北十二期 , 龙光城",3室2厅,89.72平米,南,精装,18层 ,,板塔结合,98.3 万,10957 元,0,,8天以前发布,VR房源 | 房本满五年 | 随时看房,https://hui.lianjia.com/ershoufang/105122481719.html
美地三期朝南 业主急售 价格可谈,"美地花园城 , 河南岸",3室2厅,102.43平米,南,精装,中楼层(共30层) ,,塔楼,68 万,6639 元,2,,,VR看装修 | 房本满两年 | 随时看房,https://hui.lianjia.com/ershoufang/105119236284.html
陈江御湖豪庭 精装修4房南北通户型 踩光好 户型方正,"御湖豪庭 , 陈江",4室2厅,109.74平米,南 北,精装,27层 ,,塔楼,73 万,6653 元,0,,,VR房源 | 房本满五年,https://hui.lianjia.com/ershoufang/105121206918.html
德洲物业，全新精装修，满五唯一，南北通双阳台，急卖,"德洲中心城 , 大亚湾中心区",3室1厅,114.87平米,南 北,精装,30层 ,,板塔结合,68 万,5920 元,0,,,VR看装修 | 房本满五年 | 随时看房,https://hui.lianjia.com/ershoufang/105114566402.html
龙丰轻轨站旁简装三房，朝南看花园，交通便利,"一城峯景 , 麦地",3室1厅,93.32平米,南,精装,17层 ,,塔楼,53 万,5680 元,0,,,VR看装修 | 房本满五年 | 随时看房,https://hui.lianjia.com/ershoufang/105121980593.html
荣佳国韵二期 2室2厅 西南,"荣佳国韵二期 , 龙光城",2室2厅,58.89平米,西南,精装,33层 ,,板楼,54 万,9170 元,0,,,VR看装修 | 房本满两年 | 随时看房,https://hui.lianjia.com/ershoufang/105122168239.html
小区地理位置好，南北通，中间楼层，采光好，价格便宜,"夏日南庭 , 比亚迪商圈",4室2厅,91.34平米,南 北,毛坯,17层 ,,塔楼,48 万,5256 元,2,,,VR看装修 | 房本满五年 | 随时看房,https://hui.lianjia.com/ershoufang/105121856129.html
这套房在花园中间位置，楼层好，业主诚心出售，惊喜价,"深业喜悦城 , 惠环",3室1厅,100.47平米,南,毛坯,中楼层(共33层) ,,板塔结合,59.8 万,5953 元,1,,,VR看装修 | 房本满五年 | 随时看房,https://hui.lianjia.com/ershoufang/105118611765.html
（诚意金可谈）江北国汇山89平，标准3房，看花园,"鼎峰国汇山 , 江北",3室2厅,89.18平米,南,毛坯,低楼层(共32层) ,,板塔结合,97 万,10877 元,0,,,VR看装修 | 房本满五年 | 随时看房,https://hui.lianjia.com/ershoufang/105121799311.html
鼎峰国汇山精装3房 品牌家私电器 朝南,"鼎峰国汇山 , 江北",3室2厅,89.56平米,南,精装,低楼层(共27层) ,,板塔结合,113 万,12618 元,0,,,VR看装修 | 房本满两年 | 随时看房,https://hui.lianjia.com/ershoufang/105120009940.html
新装修，看房随时可看，一公里内配套齐全,"加旺花苑 , 麦地",3室2厅,118平米,南,精装,中楼层(共8层) ,,板楼,79.8 万,6763 元,0,,,VR看装修 | 房本满两年 | 随时看房,https://hui.lianjia.com/ershoufang/105119981940.html
区政府天虹旁清泉广场3房业主诚心急售,"清泉城市广场 , 区政府",3室2厅,92.25平米,东南,毛坯,29层 ,,板塔结合,56 万,6071 元,0,,,VR看装修 | 房本满五年 | 随时看房,https://hui.lianjia.com/ershoufang/105109512112.html
新华联广场W1 精装修全拎包去住视野开阔红本在手,"新华联广场 , 大亚湾中心区",4室2厅,128.66平米,南 北,精装,32层 ,,塔楼,81 万,6296 元,1,,7天以前发布,VR房源 | 房本满五年 | 随时看房,https://hui.lianjia.com/ershoufang/105122494622.html
好精精选 中高楼层 视野好 采光佳 价格可少 好房急售,"珠江四季悦城二期 , 西区新寮",4室2厅,134.69平米,南 北,,33层 ,,塔楼,89 万,6608 元,0,,19天以前发布,VR房源 | 房本满两年 | 随时看房,https://hui.lianjia.com/ershoufang/105122357650.html
精装三房两卫，全新没住过，诚心卖，看房方便,"龙光玖龙湾 , 万达",3室1厅,95平米,南,,30层 ,,板塔结合,59.9 万,6306 元,0,,19天以前发布,VR房源 | 随时看房,https://hui.lianjia.com/ershoufang/105122363020.html
惠阳站 百万大盘 星河物业两梯四户 景观视野好,"星河丹堤E区 , 南站新城",2室1厅,74平米,东南,,32层 ,,,59.8 万,8082 元,13,,,VR看装修 | 房本满五年,https://hui.lianjia.com/ershoufang/105120406760.html
次新小区红本在手万科物业业主诚心出售,"晶地里程花园 , 西区新寮",4室2厅,113.58平米,南,简装,33层 ,,塔楼,71 万,6252 元,2,,,VR看装修,https://hui.lianjia.com/ershoufang/105121936844.html
五一新天地旁 荷兰小城南北户型四房业主诚心出售,"光耀荷兰小城 , 陈江",4室2厅,96.39平米,南 北,毛坯,30层 ,,板楼,46 万,4773 元,0,,,VR看装修 | 房本满两年 | 随时看房,https://hui.lianjia.com/ershoufang/105120949452.html
户型方正采光好，业主城心出售交通方便，,"东信新天华府 , 江北",3室2厅,116.77平米,南,,24层 ,,板塔结合,70 万,5995 元,0,,,VR看装修 | 随时看房,https://hui.lianjia.com/ershoufang/105117528502.html
精装修 家私家电全齐 拎包入住 东江湾,"东江湾 , 江北",1室1厅,48平米,西,精装,中楼层(共30层) ,,板塔结合,35 万,7292 元,0,,,VR看装修 | 房本满两年,https://hui.lianjia.com/ershoufang/105120867292.html
碧桂园珑尚花园 户型方正 实用性强，视野开阔,"碧桂园珑尚花园 , 水口",4室2厅,108.49平米,南,毛坯,高楼层(共34层) ,,板塔结合,68 万,6268 元,0,,,VR看装修 | 房本满两年 | 随时看房,https://hui.lianjia.com/ershoufang/105117941657.html
梵高的花园4房2阳台，毛坯137平，户型方正，随时可看,"梵高的花园 , 江北",4室2厅,137平米,南,毛坯,33层 ,,板塔结合,123 万,8979 元,0,,,VR看装修 | 房本满两年 | 随时看房,https://hui.lianjia.com/ershoufang/105114007576.html
搬砖半年5千收入安家仲恺康城四季花园三房无欠款,"TCL康城四季 , 惠环",3室1厅,89.5平米,南,毛坯,32层 ,,塔楼,50 万,5587 元,0,,16天以前发布,VR房源 | 随时看房,https://hui.lianjia.com/ershoufang/105122389627.html
华润小径湾品质楼盘，出门有沙滩，商街。,"华润小径湾一期 , 霞涌",1室1厅,52.83平米,西南,简装,31层 ,,板塔结合,34.8 万,6588 元,4,,,VR看装修 | 房本满五年 | 随时看房,https://hui.lianjia.com/ershoufang/105116272825.html
满五唯一，小户型，装修好没住过，靠红树林,"栖境园 , 大亚湾中心区",1室0厅,34.24平米,北,简装,12层 ,,板塔结合,18.8 万,5491 元,0,,12天以前发布,VR房源 | 房本满五年 | 随时看房,https://hui.lianjia.com/ershoufang/105122436852.html
陈江繁华成熟地段，高品质小区，百万方成熟社区,"华廷悦府 , 陈江",4室2厅,128.22平米,南,毛坯,高楼层(共32层) ,,塔楼,112 万,8735 元,0,,,VR房源 | 随时看房,https://hui.lianjia.com/ershoufang/105119453417.html
安家！让我们扎根在这个为之奋斗的城市里。业主急售,"中信新城 , 南站新城",4室2厅,89.3平米,南,精装,34层 ,,板塔结合,57 万,6383 元,0,,18天以前发布,VR房源 | 房本满五年 | 随时看房,https://hui.lianjia.com/ershoufang/105122370377.html
复式洋房、中间楼层、80万精装、人车分流、仅契税,"星河丹堤N区 , 南站新城",5室2厅,177.61平米,南 北,精装,低楼层(共17层) ,,塔楼,285 万,16047 元,3,,,VR房源 | 房本满两年 | 随时看房,https://hui.lianjia.com/ershoufang/105119174504.html
户型方正，东向，价格可以沟通。,"惠阳雅居乐花园一期 , 南站新城",2室2厅,75.91平米,东南,,24层 ,,板塔结合,29.9 万,3939 元,0,,,VR看装修 | 随时看房,https://hui.lianjia.com/ershoufang/105121476048.html
桥胜雅苑 1室1厅 南,"桥胜雅苑 , 区政府",1室1厅,48.93平米,南,简装,12层 ,,板塔结合,12.9 万,2637 元,2,,,VR房源 | 房本满五年,https://hui.lianjia.com/ershoufang/105122090450.html
央企保利有保障 户型靓 诚心出售,"保利山水城 , 博罗中心区",2室1厅,58.42平米,东南,简装,10层 ,,板塔结合,21.8 万,3732 元,2,,,VR房源 | 房本满五年,https://hui.lianjia.com/ershoufang/105116681443.html
此房满五，，采光楼层好，业主诚心出售,"DADA的草地 , 大亚湾中心区",2室1厅,58.59平米,南,毛坯,32层 ,,板塔结合,13.8 万,2356 元,5,,,VR看装修 | 房本满五年 | 随时看房,https://hui.lianjia.com/ershoufang/105114819331.html
江北中 心 精装4房 163平保养很好 繁华地段配套齐全,"佳兆业中心二期 , 江北",4室2厅,163.59平米,南,精装,41层 ,,板塔结合,139 万,8497 元,1,,,VR房源 | 房本满两年 | 随时看房,https://hui.lianjia.com/ershoufang/105121776847.html
"泰富御山郡两房,朝南采光好,出行便利","泰富·御山郡 , 龙丰",2室1厅,51平米,东南 南,简装,19层 ,,板塔结合,30 万,5883 元,0,,,VR看装修 | 随时看房,https://hui.lianjia.com/ershoufang/105119668943.html
德丰·五月花花园 2室1厅 南,"德丰·五月花花园 , 西区新寮",2室1厅,79.57平米,南,毛坯,17层 ,,塔楼,41.5 万,5216 元,0,,,VR看装修 | 随时看房,https://hui.lianjia.com/ershoufang/105120254891.html
近江北 华昌旁龙福新苑南向3+1房 中间楼层 总价低,"龙福新苑 , 水口",3室2厅,110.35平米,南 北,,8层 ,,板塔结合,42 万,3807 元,0,,,VR看装修 | 房本满五年,https://hui.lianjia.com/ershoufang/105121395994.html
惠阳好地段 万科物业 业主诚意出售 随时可看房,"清泉城市广场 , 区政府",4室1厅,93.85平米,东南,精装,29层 ,,板塔结合,75 万,7992 元,2,,,VR房源 | 房本满五年 | 随时看房,https://hui.lianjia.com/ershoufang/105119170942.html
业主急售红本在手无欠款满五唯一无个税价格可谈,"御城水都 , 区政府",3室2厅,85.89平米,南,精装,32层 ,,塔楼,79 万,9198 元,1,,29天以前发布,VR看装修 | 房本满两年 | 随时看房,https://hui.lianjia.com/ershoufang/105122275645.html
香悦澜山 刚需3房2厅2卫 朝南户型方正 安静舒适,"新城香悦澜山 , 博罗中心区",3室2厅,97平米,南,毛坯,中楼层(共33层) ,,塔楼,37 万,3815 元,0,,,VR房源 | 房本满五年 | 随时看房,https://hui.lianjia.com/ershoufang/105122149896.html
全新装修，3房2卫.采光很好 优越地理位置,"中鑫悦府 , 惠环",3室1厅,86.83平米,西南,,高楼层(共32层) ,,,59.2 万,6818 元,0,,11天以前发布,VR房源 | 随时看房,https://hui.lianjia.com/ershoufang/105122453036.html
润阳花园 公园就在家门口，小区内设有幼儿园,"中铭润阳 , 新圩",4室2厅,128.82平米,南,毛坯,中楼层(共12层) ,,板塔结合,59 万,4581 元,0,,17天以前发布,VR房源 | 房本满五年 | 随时看房,https://hui.lianjia.com/ershoufang/105122386959.html
"诚心出售，价格可谈,中间楼层，看房方便","壹城中心2区 , 陈江",3室2厅,98.84平米,南,毛坯,高楼层(共29层) ,,塔楼,68 万,6880 元,0,,,VR看装修 | 房本满五年 | 随时看房,https://hui.lianjia.com/ershoufang/105121374297.html
稀有复式户型  楼层好  采光好,"碧桂园翠湖湾 , 新圩",4室2厅,179.06平米,东南,精装,高楼层(共17层) ,,塔楼,119 万,6646 元,0,,,VR房源 | 房本满五年,https://hui.lianjia.com/ershoufang/105120965928.html
业主诚心出售，楼层好，视野好，采光好，楼下海鲜市场,"龙海豪苑 , 澳头",2室2厅,86.76平米,南,,高楼层(共25层) ,,塔楼,50 万,5764 元,2,,,VR看装修 | 房本满五年 | 随时看房,https://hui.lianjia.com/ershoufang/105121251861.html
房子带精装修家私家电全齐满五税费少,"亚迪二村二区 , 澳头",3室2厅,115.34平米,南 北,精装,32层 ,,板塔结合,38 万,3295 元,0,,,VR看装修 | 房本满五年 | 随时看房,https://hui.lianjia.com/ershoufang/105121340535.html
近澳头沃尔玛，生活配套齐全，中间楼层，简单装修,"德丰雅苑 , 澳头",2室2厅,79.01平米,东南,简装,中楼层(共17层) ,,板塔结合,23 万,2912 元,1,,,VR看装修 | 房本满五年,https://hui.lianjia.com/ershoufang/105121869796.html
三和经济开发区，新力龙湾，全屋定制家私家电,"新力珑湾 , 三和经济开发区",3室2厅,89.72平米,南,,中楼层(共31层) ,,塔楼,50 万,5573 元,0,,6天以前发布,VR房源 | 随时看房,https://hui.lianjia.com/ershoufang/105122504741.html
急售 灿邦商圈 南北通4房2卫3阳台 中高楼层 视野好,"十月花花园 , 大亚湾中心区",4室2厅,131.08平米,南 北,简装,33层 ,,板楼,88 万,6714 元,0,,,VR看装修 | 房本满五年 | 随时看房,https://hui.lianjia.com/ershoufang/105114199813.html
精装三房朝南看花园，业主诚心出售,"金洋嘉丽园 , 澳头",3室2厅,103平米,南,精装,28层 ,,板塔结合,60 万,5826 元,0,,,VR看装修 | 房本满五年 | 随时看房,https://hui.lianjia.com/ershoufang/105120236107.html
126平方大三房，高楼层，配套齐全,"新时代花园二期 , 博罗中心区",3室2厅,126平米,南,毛坯,28层 ,,塔楼,46 万,3651 元,0,,,VR看装修 | 房本满五年 | 随时看房,https://hui.lianjia.com/ershoufang/105116672388.html
四季嘉园，架空式园林，主阳台很大,"华泓四季嘉园 , 博罗中心区",3室2厅,93平米,东北,毛坯,31层 ,,塔楼,38 万,4087 元,0,,18天以前发布,VR看装修 | 房本满两年 | 随时看房,https://hui.lianjia.com/ershoufang/105122366892.html
惠南 中锴华章 166.88平四房 花园中间 两梯三户双套间,"中锴·华章 , 河南岸",4室2厅,166.88平米,南,毛坯,中楼层(共31层) ,,塔楼,139 万,8330 元,8,,,VR看装修 | 房本满五年 | 随时看房,https://hui.lianjia.com/ershoufang/105108776700.html
中洲半岛城邦四期106平正三房，精装修直接拎包入住,"中洲半岛城邦四期 , 博罗中心区",3室2厅,106.16平米,南,,33层 ,,板塔结合,80 万,7536 元,0,,,VR房源 | 随时看房,https://hui.lianjia.com/ershoufang/105122039100.html
成熟小区，视野开阔，安全系数好，环境优美，一线江景,"中洲半岛城邦四期 , 博罗中心区",4室2厅,106.67平米,南,,33层 ,,板塔结合,63 万,5907 元,0,,,VR看装修 | 房本满两年 | 随时看房,https://hui.lianjia.com/ershoufang/105121257078.html
品质小高层大平层南北通透安静看园林,"星河丹堤G4区 , 南站新城",5室2厅,172.32平米,南 北,精装,10层 ,,板塔结合,280 万,16249 元,1,,,VR看装修 | 房本满两年,https://hui.lianjia.com/ershoufang/105122209441.html
急售！五月花花园，深圳14号线沙田地铁口物业,"德丰·五月花花园 , 西区新寮",2室2厅,80平米,南,精装,17层 ,,塔楼,48 万,6000 元,0,,,VR看装修,https://hui.lianjia.com/ershoufang/105118401792.html
大小 区环境好 楼层好 视野宽阔，交通便利,"新华联广场 , 大亚湾中心区",2室2厅,101.39平米,南,毛坯,32层 ,,板塔结合,40 万,3946 元,1,,,VR看装修 | 房本满五年 | 随时看房,https://hui.lianjia.com/ershoufang/105118009167.html
金山湖东部德威朗琴湾，生活配套齐全！,"德威朗琴湾 , 东江新城",3室2厅,103.52平米,南,精装,低楼层(共18层) ,,板塔结合,109.8 万,10607 元,0,,,VR看装修 | 房本满五年 | 随时看房,https://hui.lianjia.com/ershoufang/105122092213.html
房子精装修户型方正全屋木地板满五税费少,"亚迪二村二区 , 澳头",4室2厅,131.56平米,东南,精装,32层 ,,板塔结合,60 万,4561 元,0,,13天以前发布,VR房源 | 房本满五年 | 随时看房,https://hui.lianjia.com/ershoufang/105122422514.html
海棠花郡精装3房2厅 位置好 首付低,"海棠花郡 , 水口",3室2厅,96.19平米,南,精装,17层 ,,板塔结合,76 万,7902 元,0,,,VR看装修 | 房本满五年,https://hui.lianjia.com/ershoufang/105119369148.html
澳头，精装修，2房2厅，业主诚心卖,"渝景湾花园四期 , 澳头",2室2厅,66平米,南,简装,低楼层(共26层) ,,板塔结合,21 万,3182 元,1,,,VR看装修 | 随时看房,https://hui.lianjia.com/ershoufang/105121945585.html
壹城6期次新小区，142平五房南北通双阳台，中间好楼层,"壹城中心6区 , 陈江",5室2厅,142.41平米,南 北,毛坯,中楼层(共32层) ,,塔楼,116 万,8146 元,1,,,VR看装修 | 房本满两年 | 随时看房,https://hui.lianjia.com/ershoufang/105116778934.html
临深一线，视野宽阔，交通方便，业主急卖,"锦地繁花 , 西区新寮",3室2厅,92.19平米,南,简装,25层 ,,板塔结合,58 万,6292 元,0,,,VR看装修 | 房本满五年 | 随时看房,https://hui.lianjia.com/ershoufang/105120146599.html
麦迪新村一房一厅急售，楼层低，首付低。,"麦迪新村 , 麦地",1室1厅,29.67平米,东南,简装,10层 ,,塔楼,19.2 万,6472 元,0,,,VR房源 | 房本满五年 | 随时看房,https://hui.lianjia.com/ershoufang/105119676098.html
一线河景 园林泳池景观好楼层采光充足,"保利阳光城四期 , 白云新城",4室2厅,132.39平米,东南,毛坯,32层 ,,板塔结合,103 万,7781 元,0,,,VR看装修 | 房本满两年 | 随时看房,https://hui.lianjia.com/ershoufang/105115516696.html
红本在手，采光通风好，视野开阔，配套齐全,"银海花园 , 澳头",3室2厅,69平米,东南 南,简装,8层 ,,板塔结合,20 万,2899 元,4,,,VR看装修 | 房本满五年 | 随时看房,https://hui.lianjia.com/ershoufang/105112049064.html
精装修。标准三房。拎包入住，全新。,"惠阳雅居乐花园四期 , 南站新城",3室2厅,86平米,南 北,精装,32层 ,,板塔结合,47.5 万,5524 元,0,,,VR看装修 | 随时看房,https://hui.lianjia.com/ershoufang/105120183024.html
龙光城北十一期 4室2厅 南,"龙光城北十一期 , 龙光城",4室2厅,89.88平米,南,,33层 ,,板塔结合,78 万,8679 元,1,,,VR看装修 | 房本满五年 | 随时看房,https://hui.lianjia.com/ershoufang/105122121935.html
帝景湾花园中间 精装三房两厅 高楼层 户型方正,"合生帝景湾 , 江北",3室1厅,141.14平米,南,精装,高楼层(共18层) ,,板楼,160 万,11337 元,2,,,VR看装修 | 随时看房,https://hui.lianjia.com/ershoufang/105119939634.html
帝景湾三期 一线江景大平层  业主诚意出售,"帝景湾三期 , 江北",5室2厅,371.46平米,南 北,精装,低楼层(共29层) ,,板楼,482 万,12976 元,5,,,VR房源 | 随时看房,https://hui.lianjia.com/ershoufang/105113783904.html
金山新城  南北通透 楼层好 视野好 精装修,"美丽洲 , 马安",4室2厅,113.78平米,南 北,精装,中楼层(共32层) ,,塔楼,105 万,9229 元,1,,,VR看装修 | 房本满两年,https://hui.lianjia.com/ershoufang/105120347646.html
汇珑湾中高楼层 南北通，坐享园林中庭，远观江景。,"富辰汇珑湾 , 河南岸",4室2厅,149.86平米,南 北,,高楼层(共31层) ,,板楼,296 万,19752 元,0,,,VR看装修 | 房本满两年 | 随时看房,https://hui.lianjia.com/ershoufang/105120776230.html
满五不唯一，红本在手，精装修拎包入住，业主诚心出售,"三远大爱城 , 吾悦广场",3室2厅,89平米,南 北,精装,32层 ,,板塔结合,52 万,5843 元,232,,,VR看装修 | 房本满五年,https://hui.lianjia.com/ershoufang/105103748134.html
成熟大社区 交通便利 南北通风 户型采光好 看花园,"万城 , 白云新城",3室1厅,94.4平米,南 北,精装,24层 ,,板塔结合,65 万,6886 元,0,,28天以前发布,VR房源 | 房本满五年,https://hui.lianjia.com/ershoufang/105122284429.html
万燊花园 精装修 楼层好 视野亮 南北通,"万燊花苑 , 惠环",4室2厅,108.26平米,南 北,精装,低楼层(共31层) ,,板塔结合,69.8 万,6448 元,0,,,VR看装修 | 房本满五年,https://hui.lianjia.com/ershoufang/105120563350.html
此房在花园中间，安静舒适。高层看江，视野开阔,"海伦堡海伦湾 , 东平",3室2厅,103平米,南,毛坯,33层 ,,板塔结合,87 万,8447 元,1,,,VR看装修 | 随时看房,https://hui.lianjia.com/ershoufang/105118618126.html
大社区居住氛围好物业管理严格服务到家让您生活放心,"碧桂园天熹花园 , 博罗中心区",3室2厅,94.26平米,南,毛坯,中楼层(共32层) ,,板塔结合,38.8 万,4117 元,0,,,VR看装修 | 房本满两年 | 随时看房,https://hui.lianjia.com/ershoufang/105118711484.html
南北通4房，楼层好，采光靓，户型方正,"瑞和园 , 博罗中心区",3室2厅,121.49平米,北,简装,25层 ,,板塔结合,59.9 万,4931 元,0,,,VR看装修 | 房本满五年 | 随时看房,https://hui.lianjia.com/ershoufang/105121198266.html
临深新上房源，满五唯一，高楼层视野好，东边户,"龙光城北三期 , 龙光城",3室2厅,80.15平米,南,毛坯,高楼层(共34层) ,,板塔结合,58 万,7237 元,16,,,VR看装修 | 随时看房,https://hui.lianjia.com/ershoufang/105110502771.html
一线临深  精装大三房  全景看叠墅  好楼层视野好,"龙光城北四期 , 龙光城",3室2厅,91.25平米,南 北,精装,33层 ,,板塔结合,83.8 万,9184 元,1,,,VR看装修 | 房本满五年 | 随时看房,https://hui.lianjia.com/ershoufang/105117865843.html
自带暖阳看花园，视野采光充足，环境优美，户型通透,"龙光城北四期 , 龙光城",4室2厅,107.46平米,北,毛坯,33层 ,,板塔结合,87 万,8097 元,0,,,VR看装修 | 房本满五年 | 随时看房,https://hui.lianjia.com/ershoufang/105122026584.html
满五不唯一，精装修3房，拎包入住，中间楼层看花园,"龙光城北三期 , 龙光城",3室2厅,88.68平米,南,精装,中楼层(共34层) ,,板塔结合,81 万,9134 元,0,,,VR看装修 | 房本满五年 | 随时看房,https://hui.lianjia.com/ershoufang/105122150480.html
户型方正 红本在手 业主诚意出售,"卓越东部蔚蓝海岸四期 , 西区新寮",2室1厅,73.24平米,西南,,26层 ,,板塔结合,48 万,6554 元,0,,,VR看装修 | 房本满五年 | 随时看房,https://hui.lianjia.com/ershoufang/105121650714.html
南向视野好，装修保养佳，拎包入住,"德洲中心城 , 大亚湾中心区",3室2厅,84.76平米,南,精装,32层 ,,板塔结合,39 万,4602 元,2,,,VR房源 | 房本满五年 | 随时看房,https://hui.lianjia.com/ershoufang/105121018427.html
宏益公馆花园中间，两梯两户，安静舒适，双阳台！,"宏益公馆 , 江北",3室2厅,129.35平米,南,,低楼层(共18层) ,,塔楼,145 万,11210 元,0,,8天以前发布,VR房源 | 房本满五年 | 随时看房,https://hui.lianjia.com/ershoufang/105122480241.html
业主诚心出售，户型方正使用率高,"二月天花园 , 大亚湾中心区",4室2厅,90平米,南 北,精装,26层 ,,板塔结合,48 万,5334 元,1,,,VR看装修,https://hui.lianjia.com/ershoufang/105119555099.html
金湾花园，满五唯一，小区配套齐，,"金湾花园 , 大亚湾中心区",4室2厅,127平米,南,毛坯,低楼层(共32层) ,,塔楼,55 万,4331 元,2,,,VR房源 | 随时看房,https://hui.lianjia.com/ershoufang/105114214792.html
鼎浩城75平方 精装修2房出售 配了全屋家电 拎包入住,"鼎浩城 , 马安",2室1厅,75.33平米,东南,精装,19层 ,,塔楼,45 万,5974 元,0,,,VR看装修 | 房本满五年 | 随时看房,https://hui.lianjia.com/ershoufang/105119302163.html
丽格公寓精装一房一厅装修保养好,"丽格国际公寓 , 江北",1室1厅,41.5平米,北,,30层 ,,塔楼,32 万,7711 元,0,,,VR房源,https://hui.lianjia.com/ershoufang/105121769650.html
楼层好，视野好，采光通风好，无遮挡视野,"佳兆业拾光道花园 , 马安",3室1厅,94.07平米,南,毛坯,高楼层(共27层) ,,塔楼,66 万,7017 元,0,,24天以前发布,VR房源 | 随时看房,https://hui.lianjia.com/ershoufang/105122317117.html
红花湖南门，德和苑   两梯两户，南北通,"德和苑 , 龙丰",3室2厅,140.14平米,南,毛坯,高楼层(共18层) ,,板楼,90 万,6423 元,0,,,VR看装修 | 房本满两年 | 随时看房,https://hui.lianjia.com/ershoufang/105122216544.html
诚心出售，全新未住过，随时可以看房,"花样年别样城二期 , 新行政区",1室1厅,42平米,北,精装,32层 ,,塔楼,15.9 万,3786 元,0,,,VR房源 | 房本满五年 | 随时看房,https://hui.lianjia.com/ershoufang/105121953113.html
业主急售，红本在手，精装修朝南三房,"龙光玖龙湾 , 万达",3室2厅,87平米,南,精装,31层 ,,板塔结合,54 万,6207 元,5,,,VR看装修,https://hui.lianjia.com/ershoufang/105117747032.html
楼层好，户型佳，楼下天虹商场大润发商场，西区菜市场,"旺东国际广场 , 开城大润发",4室2厅,112平米,东南 南,精装,30层 ,,塔楼,85 万,7590 元,0,,,VR看装修,https://hui.lianjia.com/ershoufang/105118854190.html
精装，坐北朝南，采光好，视野开阔,"山语龙庭 , 新行政区",4室2厅,101.37平米,南 北,精装,27层 ,,板塔结合,69 万,6807 元,0,,,VR看装修 | 房本满五年 | 随时看房,https://hui.lianjia.com/ershoufang/105118781414.html
临深舒适型大三房好楼层近沙田地铁,"万祥豪苑 , 白云新城",3室2厅,107.82平米,北,毛坯,30层 ,,板塔结合,49.6 万,4601 元,0,,10天以前发布,VR房源 | 房本满五年 | 随时看房,https://hui.lianjia.com/ershoufang/105122460386.html
配套成熟·出行方便，拎包入住，价格能聊,"花样年·康城四季御峰 , 惠环",3室2厅,110平米,南 北,,中楼层(共31层) ,,板塔结合,86 万,7819 元,1,,,VR看装修,https://hui.lianjia.com/ershoufang/105122150078.html
南向两房，采光好，业主诚心出售,"碧桂园.十里银滩.海逸湾北区 , 十里银滩",2室1厅,66.97平米,南,精装,30层 ,,板塔结合,21 万,3136 元,26,,,VR看装修 | 房本满五年 | 随时看房,https://hui.lianjia.com/ershoufang/105113260445.html
天御三期高楼层前看江景后有公园楼间距宽敞视野开阔,"中洲天御3期 , 河南岸",4室1厅,127平米,南 北,,高楼层(共32层) ,,板塔结合,116 万,9134 元,0,,20天以前发布,VR房源 | 随时看房,https://hui.lianjia.com/ershoufang/105122351991.html
德丰凯旋城北区 1室1厅 北,"德丰凯旋城北区 , 大亚湾中心区",1室1厅,38.19平米,北,简装,26层 ,,板塔结合,20 万,5237 元,0,,,VR看装修 | 房本满五年 | 随时看房,https://hui.lianjia.com/ershoufang/105121921595.html
临深百万大盘，户型方正，业主诚心出售,"卓越蔚蓝海岸七期 , 西区新寮",3室2厅,96平米,南,精装,18层 ,,板塔结合,78 万,8125 元,1,,,VR看装修 | 随时看房,https://hui.lianjia.com/ershoufang/105122088601.html
江北鼎峰国汇山，刚需选择，朝南采光好,"鼎峰国汇山 , 江北",3室2厅,88.06平米,北,毛坯,高楼层(共32层) ,,板塔结合,82 万,9312 元,0,,,VR看装修 | 随时看房,https://hui.lianjia.com/ershoufang/105115279385.html
一线临深精装三房两卫，业主全新未入住，朝南看河景,"卓越东部蔚蓝海岸五期 , 西区新寮",3室2厅,95.83平米,南,精装,33层 ,,塔楼,81.88 万,8545 元,0,,,VR看装修 | 房本满两年 | 随时看房,https://hui.lianjia.com/ershoufang/105121487750.html
方直君御朝南3房2厅精装修 带家私电器出售,"方直君御 , 东江新城",3室2厅,91平米,南,,中楼层(共23层) ,,塔楼,128 万,14066 元,0,,,VR看装修,https://hui.lianjia.com/ershoufang/105120820807.html
红树林公园旁，精装四房，看房方便，无个税,"碧桂园太东天樾湾 , 大亚湾中心区",4室2厅,128.76平米,南 北,精装,34层 ,,板塔结合,63 万,4893 元,3,,,VR看装修 | 随时看房,https://hui.lianjia.com/ershoufang/105121702213.html
F区南向三房 视野宽阔无遮挡 采光充足 业主诚意出售,"星河丹堤F区 , 南站新城",3室2厅,88.02平米,南,毛坯,34层 ,,板塔结合,69 万,7840 元,6,,,VR看装修 | 房本满五年 | 随时看房,https://hui.lianjia.com/ershoufang/105119931523.html
红树林公园旁，二房带精装，业主急卖,"海伦堡海伦虹 , 大亚湾中心区",2室2厅,75.74平米,南,精装,20层 ,,板塔结合,39.8 万,5255 元,1,,,VR看装修 | 房本满两年 | 随时看房,https://hui.lianjia.com/ershoufang/105121284387.html
国企盘单价4000出头 急售 中间楼层,"天健阳光花园 , 新圩",3室1厅,79.45平米,南,,低楼层(共18层) ,,板塔结合,33 万,4154 元,1,,17天以前发布,VR看装修 | 房本满五年 | 随时看房,https://hui.lianjia.com/ershoufang/105122386377.html
两梯三户大平层，坐拥一线半岛公园河景，南北通朝南,"半岛1号十一期 , 白云新城",4室2厅,112.85平米,东南,精装,24层 ,,塔楼,98 万,8685 元,1,,,VR看装修 | 房本满五年 | 随时看房,https://hui.lianjia.com/ershoufang/105118628845.html
临深大社区，南北通带装修三房，无抵押，价格可以谈,"万城名座花园 , 白云新城",3室2厅,100.2平米,南 北,精装,29层 ,,板塔结合,98 万,9781 元,0,,,VR房源 | 房本满两年 | 随时看房,https://hui.lianjia.com/ershoufang/105120864711.html
房子户型方正采光好，中高楼层。,"华彩公馆 , 大亚湾中心区",4室2厅,107.36平米,南,毛坯,24层 ,,板塔结合,35 万,3261 元,0,,,VR看装修 | 房本满五年 | 随时看房,https://hui.lianjia.com/ershoufang/105120507591.html
"佳兆业壹号花园全新装修没有住过,高层看花园","佳兆业壹号花园 , 龙丰",3室2厅,103.6平米,南 北,精装,高楼层(共34层) ,,板塔结合,82 万,7916 元,1,,,VR房源 | 随时看房,https://hui.lianjia.com/ershoufang/105113881299.html
金茂市场 买菜方便 看房提前联系 健康步梯 诚心出,"御景华城三期可园 , 陈江",2室2厅,64平米,南,简装,7层 ,,板塔结合,27.5 万,4297 元,4,,,VR看装修 | 随时看房,https://hui.lianjia.com/ershoufang/105121066781.html
一楼复式房，价格优惠，随时可以看房,"美林雅苑 , 澳头",2室2厅,30.32平米,东南,简装,9层 ,,板塔结合,17 万,5607 元,20,,,VR房源 | 房本满五年 | 随时看房,https://hui.lianjia.com/ershoufang/105113249819.html
业主急卖，价格可谈，户型方正，视野开阔,"新力珑湾 , 三和经济开发区",3室2厅,89.66平米,南 北,毛坯,高楼层(共34层) ,,塔楼,35 万,3904 元,1,,,VR看装修 | 房本满两年 | 随时看房,https://hui.lianjia.com/ershoufang/105113891498.html
步行到惠阳站，满五年，诚心出售，格局方正,"昶园 , 南站新城",4室2厅,129.49平米,南 北,毛坯,31层 ,,板塔结合,100 万,7723 元,1,,,VR看装修 | 房本满五年 | 随时看房,https://hui.lianjia.com/ershoufang/105121184421.html
精装修  拎包入住   业主诚心出售,"旺东国际广场 , 开城大润发",2室2厅,74.67平米,东,精装,30层 ,,塔楼,49 万,6563 元,1,,,VR看装修 | 房本满五年 | 随时看房,https://hui.lianjia.com/ershoufang/105118864388.html
东江学府二期毛坯三房，南北通透户型方正业主诚心出售,"东江学府二期 , 河南岸",3室2厅,137.29平米,南 北,毛坯,中楼层(共16层) ,,板塔结合,90 万,6556 元,1,,,VR看装修 | 房本满五年 | 随时看房,https://hui.lianjia.com/ershoufang/105121958806.html
户型方正，双阳台，一南一北，通风好。,"惠阳雅居乐花园一期 , 南站新城",3室2厅,115.84平米,北,毛坯,32层 ,,板塔结合,49.8 万,4300 元,0,,,VR房源 | 随时看房,https://hui.lianjia.com/ershoufang/105122136249.html
华章装修东边户三房出售 户型方正 格局采光好 宜住家,"中锴·华章 , 河南岸",3室2厅,91.29平米,南,简装,中楼层(共27层) ,,塔楼,75 万,8216 元,2,,,VR房源 | 房本满五年,https://hui.lianjia.com/ershoufang/105118687443.html
壹城zhong心，南北对流双阳台大户型,"壹城中心1区 , 陈江",4室2厅,138.85平米,南,,中楼层(共32层) ,,塔楼,99.5 万,7167 元,1,,,VR看装修 | 房本满两年 | 随时看房,https://hui.lianjia.com/ershoufang/105117305163.html
锦绣壹号旁，品质小区，两房两厅，业主诚心出售！,"丰谷天玺 , 龙光城",2室2厅,56.48平米,南,毛坯,31层 ,,塔楼,43 万,7614 元,2,,,VR看装修 | 房本满两年 | 随时看房,https://hui.lianjia.com/ershoufang/105114110802.html
采光好，视野开阔，央 企小区，值得拥有,"保利阳光城四期 , 白云新城",3室2厅,94.63平米,南,毛坯,32层 ,,板塔结合,59 万,6235 元,1,,,VR看装修 | 房本满两年 | 随时看房,https://hui.lianjia.com/ershoufang/105116132533.html
近天虹大润发，方正两房，繁华地段，配套成熟,"中梁V城市 , 开城大润发",2室2厅,67.5平米,南,毛坯,33层 ,,板塔结合,35 万,5186 元,0,,,VR看装修 | 随时看房,https://hui.lianjia.com/ershoufang/105117662821.html
华贸商圈 东江公园 惠安楼毛坯3房 视野好 楼龄新,"惠安楼 , 江北",3室2厅,116.3平米,东北,毛坯,中楼层(共30层) ,,板塔结合,136 万,11694 元,0,,,VR看装修 | 房本满两年 | 随时看房,https://hui.lianjia.com/ershoufang/105119857332.html
业主急售 沃尔玛旁 中嘉领骏 精装两房,"中嘉领骏 , 澳头",2室2厅,76.2平米,南,简装,18层 ,,塔楼,33 万,4331 元,1,,,VR房源 | 房本满五年 | 随时看房,https://hui.lianjia.com/ershoufang/105116203590.html
临深南北通三房  业主诚意卖  价格有空间,"安罝小区 , 西区新寮",3室2厅,126.79平米,南,毛坯,32层 ,,板塔结合,58 万,4575 元,0,,,VR看装修 | 随时看房,https://hui.lianjia.com/ershoufang/105121456672.html
碧桂园珑尚花月。室两厅两卫，视野开阔,"碧桂园珑尚花园 , 水口",3室2厅,103平米,南,,高楼层(共34层) ,,板塔结合,66 万,6408 元,0,,,VR看装修,https://hui.lianjia.com/ershoufang/105119088579.html
奥体板块中洲云悦府，4室2厅南北通透,"云悦府 , 河南岸",4室2厅,128.78平米,南 北,,中楼层(共33层) ,,板塔结合,138 万,10716 元,0,,,VR看装修 | 随时看房,https://hui.lianjia.com/ershoufang/105119128378.html
社区环境配套齐全20万不到住新家,"小径海岸城花园 , 霞涌",1室1厅,46.72平米,南,简装,32层 ,,板塔结合,19 万,4067 元,0,,6天以前发布,VR房源 | 房本满五年 | 随时看房,https://hui.lianjia.com/ershoufang/105122506636.html
水岸城全新毛坯三房出售....,"中信水岸城六期 , 东江新城",3室2厅,88平米,东南,毛坯,中楼层(共32层) ,,板楼,88 万,10000 元,0,,,VR看装修 | 随时看房,https://hui.lianjia.com/ershoufang/105115921547.html
新天虹商圈  精装两房  装修保养好  看房提前预约,"惠泽南苑 , 河南岸",2室1厅,51.07平米,南 北,精装,中楼层(共6层) ,,板楼,38 万,7441 元,0,,,VR看装修 | 房本满五年 | 随时看房,https://hui.lianjia.com/ershoufang/105120763709.html
此房满五唯一 高楼层，视野宽阔，采光充足,"亚迪二村二区 , 澳头",3室1厅,115平米,南,精装,32层 ,,塔楼,45 万,3914 元,1,,,VR房源 | 房本满五年 | 随时看房,https://hui.lianjia.com/ershoufang/105120720680.html
惠阳  东方国际  人民六路旁 大润发 新天虹,"东方国际 , 开城大润发",2室1厅,55.73平米,南 北,简装,9层 ,,板塔结合,16 万,2871 元,3,,,VR房源 | 房本满两年,https://hui.lianjia.com/ershoufang/105121856023.html
东江新城五期 三房两卫 业主诚意出售,"佳兆业东江新城五期 , 博罗中心区",3室1厅,91.94平米,南,毛坯,低楼层(共34层) ,,板塔结合,35.8 万,3894 元,0,,23天以前发布,VR房源,https://hui.lianjia.com/ershoufang/105122331902.html
碧桂园物业，诚心卖，代产权车位，南北都看花园双阳台,"深荟城一期 , 白云新城",4室2厅,135.71平米,东南,精装,32层 ,,板塔结合,116 万,8548 元,5,,,VR看装修 | 房本满五年 | 随时看房,https://hui.lianjia.com/ershoufang/105116944733.html
出门即是公园，一手业主居家好，大3居室拎包入住,"名苑山庄 , 区政府",3室1厅,137.59平米,南,简装,13层 ,,塔楼,75 万,5451 元,0,,,VR房源 | 房本满五年 | 随时看房,https://hui.lianjia.com/ershoufang/105121892187.html
一线江景，南北通透，随时可看的,"水映山 , 博罗中心区",5室2厅,167平米,南 北,毛坯,26层 ,,板塔结合,90 万,5390 元,0,,,VR看装修 | 随时看房,https://hui.lianjia.com/ershoufang/105119747529.html
金山湖奥园领寓 精装 保养很好 朝南 花园小区管理,"奥园领寓 , 河南岸",1室1厅,27.68平米,南,精装,31层 ,,塔楼,16 万,5781 元,0,,,VR房源 | 房本满五年 | 随时看房,https://hui.lianjia.com/ershoufang/105120085755.html
深圳业主 急售 中洲天御三期4房 看鸟巢  有钥匙,"中洲天御3期 , 河南岸",4室2厅,127.64平米,南 北,毛坯,中楼层(共32层) ,,板塔结合,135 万,10577 元,0,,,VR看装修 | 随时看房,https://hui.lianjia.com/ershoufang/105120617056.html
房子次新小区，环境好，户型方正实用,"新力东园 , 大亚湾中心区",3室2厅,91.22平米,南,毛坯,32层 ,,板楼,38.5 万,4221 元,2,,,VR看装修 | 房本满两年 | 随时看房,https://hui.lianjia.com/ershoufang/105121008530.html
业主诚意出售，视野好、户型靓。,"新时代花园二期 , 博罗中心区",3室2厅,125.54平米,南,毛坯,28层 ,,板塔结合,49 万,3904 元,0,,,VR看装修 | 房本满五年 | 随时看房,https://hui.lianjia.com/ershoufang/105115176136.html
东江熙园四房两厅两卫 业主诚心出售,"佳兆业东江熙园 , 博罗中心区",4室2厅,118平米,南 北,毛坯,高楼层(共33层) ,,板塔结合,35 万,2967 元,1,,,VR看装修 | 随时看房,https://hui.lianjia.com/ershoufang/105120467112.html
次新小区，房子楼层好，户型方正,"腾韵花园 , 陈江",3室2厅,98.28平米,南,毛坯,32层 ,,塔楼,56 万,5699 元,0,,,VR看装修 | 房本满两年 | 随时看房,https://hui.lianjia.com/ershoufang/105118555806.html
此房业主很少住中高楼层 新中式精装修保养好拎包入住,"合生·上观国际 , 水口",4室2厅,140.59平米,南 北,精装,中楼层(共18层) ,,塔楼,128 万,9105 元,0,,16天以前发布,VR房源,https://hui.lianjia.com/ershoufang/105122392020.html
业主诚心出售 ，看花园 户型方正采光好,"卓越蔚蓝海岸七期 , 西区新寮",3室2厅,85.1平米,西南,简装,28层 ,,板塔结合,70 万,8226 元,1,,,VR看装修 | 房本满五年,https://hui.lianjia.com/ershoufang/105118686612.html
富川瑞园二期3+1 好楼层，好价格 配套成熟,"富川瑞园 , 惠环",4室2厅,94.12平米,东南,毛坯,高楼层(共18层) ,,板塔结合,43 万,4569 元,0,,,VR房源 | 房本满两年 | 随时看房,https://hui.lianjia.com/ershoufang/105120776676.html
位置佳，配套完善，交通便利！满五唯一税费少,"亲水湾 , 吾悦广场",3室2厅,83.97平米,南,毛坯,26层 ,,板塔结合,45 万,5360 元,0,,20天以前发布,VR看装修 | 房本满五年 | 随时看房,https://hui.lianjia.com/ershoufang/105122352524.html
楼栋好，不临街，高楼层，南北通户型,"君跃荃新时代 , 大亚湾中心区",3室2厅,96.92平米,南,毛坯,33层 ,,板塔结合,47.9 万,4943 元,0,,,VR看装修 | 随时看房,https://hui.lianjia.com/ershoufang/105120433658.html
精装修 安静 看花园  户型方正,"海伦堡海伦香洲 , 陈江",3室1厅,83.43平米,南,,低楼层(共32层) ,,板楼,49 万,5874 元,0,,25天以前发布,VR房源 | 房本满五年 | 随时看房,https://hui.lianjia.com/ershoufang/105122313933.html
临深大盘，配套完善南北通户型，诚意出售。,"龙光城龙公馆 , 龙光城",4室2厅,143.29平米,南,精装,4层 ,,板楼,199 万,13888 元,2,,,VR房源 | 随时看房,https://hui.lianjia.com/ershoufang/105120677736.html
万达广场楼上装修四房，业主诚心出售。,"阳光圣菲 , 万达",4室1厅,114平米,北,精装,33层 ,,板塔结合,75 万,6579 元,0,,,VR房源 | 房本满两年 | 随时看房,https://hui.lianjia.com/ershoufang/105121770805.html
精装修全屋品牌家私家电楼下就是鹿江公园，适合居住。,"万城皇冠豪苑 , 水口",4室2厅,132.93平米,南,简装,21层 ,,板楼,155 万,11661 元,0,,,VR房源 | 房本满五年,https://hui.lianjia.com/ershoufang/105119739456.html
丽江花园南区 107平三房急售,"丽江花园南区 , 区政府",3室1厅,107平米,北,简装,18层 ,,板塔结合,57 万,5328 元,0,,,VR看装修 | 随时看房,https://hui.lianjia.com/ershoufang/105122116342.html
太东天地花园 4室2厅 南,"太东天地花园 , 大亚湾中心区",4室2厅,109.09平米,南,毛坯,33层 ,,板塔结合,48.6 万,4456 元,1,,,VR看装修 | 房本满两年 | 随时看房,https://hui.lianjia.com/ershoufang/105122060823.html
丰湖村3房2厅  简装 中间楼层 价格实惠,"丰湖村 , 下埔",3室2厅,115.77平米,南 北,简装,中楼层(共8层) ,,塔楼,31 万,2678 元,2,,,VR看装修 | 房本满两年 | 随时看房,https://hui.lianjia.com/ershoufang/105121378582.html
东江新城 水岸城四期 装修3房 满五唯一 配套齐全,"中信水岸城四期 , 东江新城",3室2厅,87平米,南,精装,低楼层(共30层) ,,板楼,76.8 万,8828 元,0,,,VR看装修 | 房本满五年 | 随时看房,https://hui.lianjia.com/ershoufang/105120579406.html
香悦澜山方正四房 大社区 户型好 园林漂亮，,"新城香悦澜山 , 博罗中心区",4室2厅,122.28平米,南,毛坯,中楼层(共33层) ,,塔楼,49.6 万,4057 元,0,,14天以前发布,VR房源 | 房本满五年 | 随时看房,https://hui.lianjia.com/ershoufang/105122419058.html
南站规划高铁新城区中位，交通便利，社区生活配套齐全,"中信新城 , 南站新城",4室2厅,104.65平米,东南,精装,34层 ,,板塔结合,78 万,7454 元,0,,,VR看装修 | 房本满五年,https://hui.lianjia.com/ershoufang/105121304473.html
雅颂居一房一厅41平米业主诚心比较急出售,"雅颂居 , 大亚湾中心区",1室1厅,41平米,北,毛坯,25层 ,,塔楼,16 万,3903 元,3,,,VR看装修 | 随时看房,https://hui.lianjia.com/ershoufang/105113480977.html
碧桂园山河城 6室2厅 南 北,"碧桂园山河城 , 三和经济开发区",6室2厅,191.12平米,南 北,精装,18层 ,,板塔结合,85 万,4448 元,3,,11天以前发布,VR房源 | 房本满两年,https://hui.lianjia.com/ershoufang/105122443597.html
次新小区，格局靓，采光好，视野开阔无遮挡,"金辉风雅轩 , 秋长",2室2厅,66平米,南,毛坯,32层 ,,板塔结合,28 万,4243 元,0,,,VR看装修 | 房本满两年 | 随时看房,https://hui.lianjia.com/ershoufang/105117730234.html
临深100米 龙光城北八 视野好 看花园游泳池,"龙光城北八期 , 龙光城",4室2厅,105.21平米,东,精装,31层 ,,板塔结合,99 万,9410 元,0,,14天以前发布,VR房源 | 房本满五年 | 随时看房,https://hui.lianjia.com/ershoufang/105122414767.html
外地发展 精装急售 儿童公园楼上 户型方正,"恒大悦龙台 , 万达",3室2厅,85平米,北,精装,32层 ,,板塔结合,61 万,7177 元,0,,,VR看装修 | 随时看房,https://hui.lianjia.com/ershoufang/105121248762.html
户型方正。采光好，视野无遮挡。,"千禧嘉园 , 万达",2室2厅,74.82平米,北,,23层 ,,板塔结合,33.8 万,4518 元,0,,,VR看装修 | 房本满两年 | 随时看房,https://hui.lianjia.com/ershoufang/105113379440.html
户型房子 通风采光很好 业主诚心出售,"盛湾名居 , 澳头",3室2厅,89平米,南,简装,33层 ,,塔楼,44 万,4944 元,1,,,VR看装修 | 房本满五年 | 随时看房,https://hui.lianjia.com/ershoufang/105121809724.html
方直星耀国际好楼层大三房两卫，安静看花园视野开阔,"方直星耀国际 , 河南岸",3室2厅,126.5平米,南,毛坯,低楼层(共31层) ,,板塔结合,156 万,12333 元,0,,,VR看装修 | 房本满五年 | 随时看房,https://hui.lianjia.com/ershoufang/105117368539.html
朝南 高楼层 户型方正 使用率高,"海伦堡爱Me城市 , 澳头",3室1厅,116平米,南,毛坯,高楼层(共31层) ,,板塔结合,49 万,4225 元,0,,,VR房源 | 房本满五年 | 随时看房,https://hui.lianjia.com/ershoufang/105114797317.html
业主急售！南北通透格局，楼层高，可看湖，无抵押,"星河丹堤V2区 , 南站新城",4室2厅,117.65平米,南 北,毛坯,32层 ,,塔楼,120 万,10200 元,0,,,VR看装修 | 房本满两年 | 随时看房,https://hui.lianjia.com/ershoufang/105121119971.html
仲恺体育馆成熟小区，中间好楼层,"鑫月广场 , 陈江",4室2厅,117.13平米,南,毛坯,中楼层(共33层) ,,塔楼,70 万,5977 元,0,,,VR看装修 | 房本满五年 | 随时看房,https://hui.lianjia.com/ershoufang/105118390106.html
碧桂园五星社区 临深 近万达 精装大三房 业主诚心出售,"碧桂园星悦公馆 , 比亚迪商圈",3室2厅,110.4平米,南 北,精装,34层 ,,板塔结合,70 万,6341 元,1,,17天以前发布,VR房源,https://hui.lianjia.com/ershoufang/105122383610.html
万达旁精装两房，满五唯一，拎包入住。,"香榭名苑 , 万达",2室2厅,65.3平米,北,精装,18层 ,,板塔结合,37.8 万,5789 元,1,,,VR看装修 | 房本满五年 | 随时看房,https://hui.lianjia.com/ershoufang/105116671757.html
荷兰小城   成熟大社区  刚需户型  交通便捷 正南朝向,"光耀荷兰小城 , 陈江",4室2厅,124平米,南,毛坯,33层 ,,板塔结合,66 万,5323 元,0,,,VR看装修 | 房本满五年 | 随时看房,https://hui.lianjia.com/ershoufang/105119214683.html
临深大盘，视野开阔，适合居住，诚心出售，方便看房,"荣佳国韵二期 , 龙光城",3室2厅,92.57平米,南,毛坯,33层 ,,板楼,59 万,6374 元,3,,,VR看装修 | 房本满两年 | 随时看房,https://hui.lianjia.com/ershoufang/105119060878.html
东江新城五期 三房两卫 业主诚意出售,"佳兆业东江新城五期 , 博罗中心区",3室1厅,91.94平米,南,毛坯,低楼层(共34层) ,,板塔结合,35.8 万,3894 元,0,,23天以前发布,VR房源,https://hui.lianjia.com/ershoufang/105122331902.html
惠阳  东方国际  人民六路旁 大润发 新天虹,"东方国际 , 开城大润发",2室1厅,55.73平米,南 北,简装,9层 ,,板塔结合,16 万,2871 元,3,,,VR房源 | 房本满两年,https://hui.lianjia.com/ershoufang/105121856023.html
金山湖奥园领寓 精装公寓 1房1厅 拎包入住,"奥园领寓 , 河南岸",1室1厅,29.17平米,西北,精装,32层 ,,板塔结合,17.5 万,6000 元,1,,,VR房源 | 房本满五年,https://hui.lianjia.com/ershoufang/105121645814.html
万达商圈  美泰天韵  带装修2房 业主诚意出售,"美泰天韵 , 万达",2室1厅,72.04平米,南,简装,30层 ,,板塔结合,42 万,5831 元,0,,,VR房源 | 房本满五年 | 随时看房,https://hui.lianjia.com/ershoufang/105120589297.html
水岸城7期 2023年装修 保养新  户型通透 楼层好看花园,"中信水岸城7期 , 东江新城",4室2厅,130.33平米,南,精装,32层 ,,板塔结合,170 万,13044 元,0,,,VR看装修,https://hui.lianjia.com/ershoufang/105121356679.html
金山新城大盘 美丽洲 花园中间4房 南北通透双阳台,"美丽洲 , 马安",4室2厅,117.32平米,南 北,毛坯,低楼层(共26层) ,,塔楼,99 万,8439 元,0,,,VR房源 | 随时看房,https://hui.lianjia.com/ershoufang/105122237485.html
隆生西江花园，153平通透五房，全新装修，安静好楼层,"隆生西江花园 , 东江新城",4室2厅,153.49平米,南,精装,低楼层(共32层) ,,塔楼,236 万,15376 元,0,,,VR看装修,https://hui.lianjia.com/ershoufang/105122029117.html
金山湖花园三区 南北通4房 中间楼层 看花园安静不吵,"金山湖花园三区 , 河南岸",4室2厅,124.95平米,西南,精装,14层 ,,塔楼,140 万,11205 元,1,,,VR看装修 | 房本满五年 | 随时看房,https://hui.lianjia.com/ershoufang/105120678067.html
坪山河旁，视野采光好，户型方正，没有欠款,"美茵河畔花园 , 龙光城",3室2厅,101.52平米,南 北,精装,32层 ,,板塔结合,85 万,8373 元,0,,,VR看装修 | 房本满两年 | 随时看房,https://hui.lianjia.com/ershoufang/105120135018.html
户型方正，采光通风好，业主急卖,"康汇花园 , 大亚湾中心区",3室2厅,128.87平米,北 南,简装,13层 ,,板塔结合,41 万,3182 元,5,,,VR看装修 | 房本满五年 | 随时看房,https://hui.lianjia.com/ershoufang/105118071464.html
天虹大润发商圈，楼层采光好，近惠阳站，业主诚心出售,"庄士花园 , 开城大润发",2室1厅,57.57平米,南,简装,18层 ,,塔楼,19.5 万,3388 元,4,,,VR看装修 | 房本满五年 | 随时看房,https://hui.lianjia.com/ershoufang/105115587336.html
原装电梯房，户型方正，楼层好采光充足  保养不错！,"东湖花园四号小区 , 东平",3室2厅,122.77平米,北,精装,9层 ,,板塔结合,85 万,6924 元,0,,,VR看装修 | 房本满五年 | 随时看房,https://hui.lianjia.com/ershoufang/105121561968.html
隆生西江花园 3室1厅 南,"隆生西江花园 , 东江新城",3室1厅,111.26平米,南,毛坯,高楼层(共31层) ,,板塔结合,128 万,11505 元,0,,,VR看装修 | 随时看房,https://hui.lianjia.com/ershoufang/105121837551.html
惠州南站，天虹大润发旁。 通风采光很好,"庄士花园 , 开城大润发",2室1厅,58平米,南,精装,18层 ,,塔楼,21 万,3621 元,2,,,VR看装修 | 房本满五年 | 随时看房,https://hui.lianjia.com/ershoufang/105121913457.html
房子南北通透，户型方正，毛坯总价低,"长通熙园 , 开城大润发",4室1厅,124.6平米,南 北,毛坯,32层 ,,板塔结合,110 万,8829 元,0,,,VR看装修 | 随时看房,https://hui.lianjia.com/ershoufang/105117015861.html
精装修朝南无个税拎包入住百万大盘,"星河丹堤F区 , 南站新城",3室1厅,89.48平米,东南,精装,34层 ,,板塔结合,75 万,8382 元,5,,,VR房源 | 房本满五年 | 随时看房,https://hui.lianjia.com/ershoufang/105120010855.html
惠阳高铁站旁，星河丹堤大社区，交通便利，配套齐全,"星河丹堤C区 , 南站新城",3室1厅,174.06平米,南,精装,24层 ,,塔楼,152 万,8733 元,5,,,VR看装修 | 房本满五年 | 随时看房,https://hui.lianjia.com/ershoufang/105120810568.html
铂钻精装三房 楼栋视野百米楼间距 含家电管理费,"铂钻花园 , 东江新城",3室2厅,94.86平米,南,精装,中楼层(共27层) ,,板楼,105 万,11069 元,0,,18天以前发布,VR看装修 | 随时看房,https://hui.lianjia.com/ershoufang/105122365855.html
开城大道边、配套已然成熟、交通便利、总价低压力小,"建阳花园 , 开城大润发",2室2厅,64.45平米,南,,8层 ,,板塔结合,15 万,2328 元,6,,,VR看装修,https://hui.lianjia.com/ershoufang/105122138057.html
陈江品质楼盘  3+1房（108平方）密码锁，随时可看房。,"华廷悦府 , 陈江",4室2厅,108平米,南,毛坯,高楼层(共30层) ,,板楼,80 万,7408 元,0,,,VR看装修 | 房本满两年 | 随时看房,https://hui.lianjia.com/ershoufang/105117911237.html
房契税满两年，没有个税，原购价高，视野景观很不错。,"龙光城北十二期 , 龙光城",4室2厅,120平米,南,精装,33层 ,,板塔结合,109 万,9084 元,1,,,VR看装修 | 随时看房,https://hui.lianjia.com/ershoufang/105118985231.html
罗浮花园实用率至高的小区生活便利楼龄新,"罗浮花园 , 罗浮山",4室2厅,143.98平米,南,毛坯,高楼层(共18层) ,,板塔结合,82.3 万,5717 元,0,,,VR看装修 | 房本满五年 | 随时看房,https://hui.lianjia.com/ershoufang/105121129730.html
东岸丽都花园 4室2厅 南 北,"东岸丽都花园 , 大亚湾中心区",4室2厅,84平米,南 北,毛坯,32层 ,,塔楼,55 万,6548 元,0,,11天以前发布,VR房源 | 随时看房,https://hui.lianjia.com/ershoufang/105122449415.html
半山洋房，环境好，空气清新，视野开阔,"星河丹堤N区 , 南站新城",4室2厅,140.78平米,南 北,毛坯,7层 ,,板楼,170 万,12076 元,3,,,VR看装修 | 房本满五年 | 随时看房,https://hui.lianjia.com/ershoufang/105119305616.html
全新未入住南北通三房 仲恺海关旁 新力帝泊湾,"新力帝泊湾 , 新圩",3室2厅,105.8平米,南,精装,32层 ,,塔楼,58 万,5483 元,1,,,VR看装修 | 房本满两年 | 随时看房,https://hui.lianjia.com/ershoufang/105119775253.html
采光通风视野好 ， 配套设施齐全,"润合名居 , 西区新寮",4室2厅,109.83平米,南,毛坯,25层 ,,塔楼,69 万,6283 元,2,,,VR看装修 | 房本满五年 | 随时看房,https://hui.lianjia.com/ershoufang/105120692698.html
钱隆华府精装三房，业主深圳置业，诚心出售。,"世茂福晟钱隆华府 , 陈江",3室2厅,98.21平米,南,精装,中楼层(共33层) ,,板塔结合,77 万,7841 元,0,,7天以前发布,VR房源 | 房本满两年,https://hui.lianjia.com/ershoufang/105122488534.html
临深楼盘带装修，标准2+1房  业主诚心出售,"秋谷康城 , 龙光城",2室2厅,82.67平米,西南,精装,30层 ,,板塔结合,46 万,5565 元,6,,,VR看装修 | 房本满五年 | 随时看房,https://hui.lianjia.com/ershoufang/105113590690.html
业主诚意卖精装五房，业主钥匙全权委托给我,"七里香堤花园 , 龙光城",4室2厅,113.94平米,西南,精装,33层 ,,板塔结合,78 万,6846 元,1,,,VR房源 | 随时看房,https://hui.lianjia.com/ershoufang/105120919810.html
龙湖天宸原著花园 3室1厅 南,"龙湖天宸原著花园 , 河南岸",3室1厅,94.99平米,南,毛坯,低楼层(共33层) ,,塔楼,120 万,12633 元,0,,,VR房源 | 随时看房,https://hui.lianjia.com/ershoufang/105117282995.html
此房户型方正，楼层好，视野开阔，采光好。,"天安珑城 , 区政府",3室1厅,85.13平米,南,精装,29层 ,,塔楼,83 万,9750 元,1,,,VR看装修 | 房本满两年,https://hui.lianjia.com/ershoufang/105119835642.html
临深大社区，配套完善，近沙田地铁站，诚心出售！,"锦地繁花 , 西区新寮",4室2厅,127平米,南 北,毛坯,25层 ,,板塔结合,74.5 万,5867 元,2,,,VR看装修 | 随时看房,https://hui.lianjia.com/ershoufang/105120835514.html
低楼层，看花园，户型方正，南北通,"德威江誉城Ⅱ期 , 马安",4室2厅,123.45平米,南,毛坯,低楼层(共32层) ,,塔楼,99.8 万,8085 元,0,,,VR看装修 | 随时看房,https://hui.lianjia.com/ershoufang/105120088147.html
房子是2018年新建 区域小户型 适合老人居住,"来富大楼 , 下角",1室1厅,27.81平米,东南,毛坯,16层 ,,板楼,17.5 万,6293 元,0,,,VR房源 | 房本满五年 | 随时看房,https://hui.lianjia.com/ershoufang/105121538905.html
奥园尚雅花园二期，业主急售，3房2卫,"奥园尚雅花园二期 , 潼侨沥林",3室2厅,103.59平米,东南,,高楼层(共27层) ,,,49 万,4731 元,0,,,VR看装修 | 房本满两年 | 随时看房,https://hui.lianjia.com/ershoufang/105116934279.html
碧桂园润杨溪谷洋房花园3房2厅,"群峰花园 , 南站新城",3室2厅,114平米,南,,中楼层(共33层) ,,塔楼,62 万,5439 元,3,,,VR看装修 | 随时看房,https://hui.lianjia.com/ershoufang/105116857318.html
60栋大社区 惠阳汽车站旁 交通方便房子精装修 朝南向,"花样年别样城二期 , 新行政区",1室1厅,41.48平米,东南 南,,32层 ,,塔楼,20 万,4822 元,1,,,VR看装修 | 房本满两年 | 随时看房,https://hui.lianjia.com/ershoufang/105121616065.html
天益城旁  精装3房   业主诚意出售    好楼层,"东日锦鸿名苑 , 陈江",3室2厅,107.43平米,东南,,低楼层(共28层) ,,板塔结合,55 万,5120 元,0,,,VR看装修 | 房本满两年,https://hui.lianjia.com/ershoufang/105121167648.html
家华名都花园 精装2房 户型方正 拎包入住 金茂大市场,"家华名都花园 , 陈江",2室2厅,75.75平米,西北,精装,19层 ,,塔楼,42 万,5545 元,0,,,VR房源 | 房本满五年 | 随时看房,https://hui.lianjia.com/ershoufang/105122199836.html
精装修，朝向好，标准3房2卫，看房方便。,"玖悦府 , 麦地",3室2厅,105.99平米,东南,精装,低楼层(共26层) ,,板塔结合,99 万,9341 元,0,,,VR看装修 | 随时看房,https://hui.lianjia.com/ershoufang/105121644842.html
地段好 临街 价格低 业主诚心卖，出行便利， 购物方便,"港湾新村 , 澳头",3室1厅,97.73平米,东南,简装,9层 ,,,17.2 万,1760 元,1,,,VR看装修 | 房本满五年 | 随时看房,https://hui.lianjia.com/ershoufang/105122170067.html
一城悦府四房两厅两卫看花园视野采光好,"一城悦府 , 水口",4室2厅,112平米,南,毛坯,27层 ,,塔楼,70 万,6250 元,0,,,VR看装修 | 随时看房,https://hui.lianjia.com/ershoufang/105120412661.html
满五唯一 红本在手 配套成熟，业主诚意出售,"左岸春天二期 , 开城大润发",2室1厅,54.19平米,东南 南,简装,15层 ,,,21.2 万,3913 元,10,,,VR看装修,https://hui.lianjia.com/ershoufang/105118186911.html
知本领寓   两房两厅一卫  自住装修,"知本领寓 , 陈江",2室2厅,63.96平米,东北,精装,中楼层(共16层) ,,板塔结合,32 万,5004 元,0,,,VR看装修 | 随时看房,https://hui.lianjia.com/ershoufang/105121674629.html
中骏雍景湾三房，楼层好，户型方正光线好，朝南向,"中骏雍景湾南区 , 河南岸",3室2厅,95.84平米,南,,低楼层(共30层) ,,板塔结合,89 万,9287 元,0,,,VR看装修 | 房本满两年 | 随时看房,https://hui.lianjia.com/ershoufang/105121274358.html
大中华精装大三房，拎包入住，视野很好,"大中华幸福城 , 西区新寮",3室1厅,113.02平米,南,精装,32层 ,,板楼,105 万,9291 元,0,,,VR房源 | 房本满两年 | 随时看房,https://hui.lianjia.com/ershoufang/105122111672.html
万达商圈次新房，业主诚心出售，精品小两房,"瑞禧园 , 万达",2室2厅,52.63平米,东,毛坯,低楼层(共33层) ,,板塔结合,45 万,8551 元,8,,,VR看装修 | 随时看房,https://hui.lianjia.com/ershoufang/105120500625.html
满五唯一，视野宽阔，采光充足，配套齐全，交通便利,"江湾南岸二期 , 江北",4室2厅,149.33平米,南,毛坯,低楼层(共39层) ,,板塔结合,175 万,11720 元,0,,,VR看装修 | 随时看房,https://hui.lianjia.com/ershoufang/105116717682.html
使用率高，成熟社区使用率高，成熟社区。,"德丰凯旋城北区 , 大亚湾中心区",6室2厅,151.05平米,东南,毛坯,32层 ,,塔楼,79 万,5231 元,1,,,VR房源 | 房本满五年 | 随时看房,https://hui.lianjia.com/ershoufang/105120410749.html
业主急售，红本在手，看花园，安静不吵,"中海阅江府2期 , 东江新城",4室1厅,120平米,南,毛坯,低楼层(共27层) ,,板楼,96 万,8000 元,0,,,VR看装修 | 随时看房,https://hui.lianjia.com/ershoufang/105121473255.html
业主红本在手，南北通，品质小区,"君跃荃新时代 , 大亚湾中心区",3室2厅,87.3平米,南,毛坯,29层 ,,塔楼,47 万,5384 元,0,,,VR房源 | 房本满五年 | 随时看房,https://hui.lianjia.com/ershoufang/105119459607.html
城市zhong心，奢居典范——尊享hao宅，开启品质生活,"鑫月·汇峰 , 东平",3室2厅,126.74平米,北,精装,高楼层(共30层) ,,板塔结合,78.8 万,6218 元,1,,,VR看装修 | 随时看房,https://hui.lianjia.com/ershoufang/105119889950.html
业主急售，此房 户型方正 视野开阔 ，采光好,"蓝湾星宸一期 , 大亚湾中心区",2室2厅,77.32平米,东南,毛坯,33层 ,,板塔结合,24.8 万,3208 元,0,,12天以前发布,VR房源 | 房本满五年 | 随时看房,https://hui.lianjia.com/ershoufang/105122432857.html
大湖溪 电梯房 带装修3房 拎包入住 生活方便 配套好,"大湖星城 , 水口",3室2厅,107.6平米,北,精装,中楼层(共8层) ,,板楼,45 万,4183 元,0,,,VR看装修 | 房本满五年,https://hui.lianjia.com/ershoufang/105121901891.html
大亚湾澳头2房高楼层带装修带租约红本在手,"大江新都大厦 , 澳头",2室1厅,74.14平米,东北,简装,24层 ,,板塔结合,22.5 万,3035 元,1,,,VR看装修 | 房本满五年,https://hui.lianjia.com/ershoufang/105119178220.html
中骏雍景台 花园高层3房 诚意出售 过户交契税！,"中骏雍景台 , 马安",3室2厅,95.52平米,南,毛坯,高楼层(共33层) ,,板楼,66.5 万,6962 元,0,,,VR看装修 | 随时看房,https://hui.lianjia.com/ershoufang/105121667377.html
满五唯一业主着急出三房品质物业来看,"富康锦绣壹号 , 西区新寮",3室2厅,85.38平米,南,精装,33层 ,,塔楼,83 万,9722 元,0,,,VR房源 | 房本满五年 | 随时看房,https://hui.lianjia.com/ershoufang/105122137612.html
"大平台,朝南向，一线临深，户型利用率高","美景印象 , 西区新寮",3室2厅,100.58平米,南 北,精装,31层 ,,板塔结合,99.8 万,9923 元,6,,,VR房源 | 房本满五年 | 随时看房,https://hui.lianjia.com/ershoufang/105116945608.html
星河S2区，朝南三房，中高楼层，全明格局，红本在手,"星河丹堤S2区 , 南站新城",3室2厅,78.73平米,南,毛坯,高楼层(共32层) ,,板塔结合,70 万,8892 元,4,,,VR看装修 | 房本满五年 | 随时看房,https://hui.lianjia.com/ershoufang/105119442302.html
临深大四房 双阳台诚心出售 产权清晰,"正兆千树晴山 , 西区新寮",4室2厅,127.9平米,南,毛坯,31层 ,,板楼,75 万,5864 元,0,,6天以前发布,VR房源 | 随时看房,https://hui.lianjia.com/ershoufang/105122502107.html
次新小区，房子楼层好，户型方正,"腾韵花园 , 陈江",3室2厅,98.28平米,南,毛坯,32层 ,,塔楼,56 万,5699 元,0,,,VR看装修 | 房本满两年 | 随时看房,https://hui.lianjia.com/ershoufang/105118555806.html
满五唯一 朝南 房子保养新 装修很不错 使用率高,"康怡轩 , 江北",3室1厅,92平米,南,,高楼层(共30层) ,,塔楼,69.6 万,7566 元,0,,29天以前发布,VR房源 | 房本满五年,https://hui.lianjia.com/ershoufang/105122280576.html
户型格局方正，全新未住过，楼层采光好,"卓越东部蔚蓝海岸八期 , 西区新寮",3室2厅,98平米,东,精装,中楼层(共33层) ,,板塔结合,88 万,8980 元,0,,,VR看装修 | 随时看房,https://hui.lianjia.com/ershoufang/105120028891.html
精装修全屋品牌家私家电楼下就是鹿江公园，适合居住。,"万城皇冠豪苑 , 水口",4室2厅,132.93平米,南,简装,21层 ,,板楼,155 万,11661 元,0,,,VR房源 | 房本满五年,https://hui.lianjia.com/ershoufang/105119739456.html
万达广场楼上装修四房，业主诚心出售。,"阳光圣菲 , 万达",4室1厅,114平米,北,精装,33层 ,,板塔结合,75 万,6579 元,0,,,VR房源 | 房本满两年 | 随时看房,https://hui.lianjia.com/ershoufang/105121770805.html
业主诚心出售 ，看花园 户型方正采光好,"卓越蔚蓝海岸七期 , 西区新寮",3室2厅,85.1平米,西南,简装,28层 ,,板塔结合,70 万,8226 元,1,,,VR看装修 | 房本满五年,https://hui.lianjia.com/ershoufang/105118686612.html
正规一房一厅，业主诚心出售，看房方便,"海粤名庭 , 大亚湾中心区",1室1厅,57.05平米,南,毛坯,低楼层(共19层) ,,塔楼,18 万,3156 元,3,,,VR看装修 | 房本满五年 | 随时看房,https://hui.lianjia.com/ershoufang/105121939799.html
位置佳，配套完善，交通便利！满五唯一税费少,"亲水湾 , 吾悦广场",3室2厅,83.97平米,南,毛坯,26层 ,,板塔结合,45 万,5360 元,0,,20天以前发布,VR看装修 | 房本满五年 | 随时看房,https://hui.lianjia.com/ershoufang/105122352524.html
金山湖奥园领寓 精装 保养很好 朝南 花园小区管理,"奥园领寓 , 河南岸",1室1厅,27.68平米,南,精装,31层 ,,塔楼,16 万,5781 元,0,,,VR房源 | 房本满五年 | 随时看房,https://hui.lianjia.com/ershoufang/105120085755.html
钱隆樽品 全新装修4房 南北通透 拎包入住业主急卖,"福晟钱隆樽品花园 , 陈江",4室1厅,101.07平米,南 东南 北,精装,33层 ,,塔楼,81 万,8015 元,0,,31天以前发布,VR看装修 | 房本满两年 | 随时看房,https://hui.lianjia.com/ershoufang/105122249279.html
急售！急售！急售！三个阳台少有户型汇鑫花园,"汇鑫花园 , 新行政区",3室2厅,123平米,南 北,毛坯,16层 ,,塔楼,45.8 万,3724 元,2,,,VR看装修 | 房本满五年 | 随时看房,https://hui.lianjia.com/ershoufang/105121494915.html
东江熙园四房两厅两卫 业主诚心出售,"佳兆业东江熙园 , 博罗中心区",4室2厅,118平米,南 北,毛坯,高楼层(共33层) ,,板塔结合,35 万,2967 元,1,,,VR看装修 | 随时看房,https://hui.lianjia.com/ershoufang/105120467112.html
业主诚意出售，视野好、户型靓。,"新时代花园二期 , 博罗中心区",3室2厅,125.54平米,南,毛坯,28层 ,,板塔结合,49 万,3904 元,0,,,VR看装修 | 房本满五年 | 随时看房,https://hui.lianjia.com/ershoufang/105115176136.html
户型方正，业主诚意出售，密码看房，随时可看，,"保利天汇 , 河南岸",3室2厅,87.65平米,东南,,高楼层(共32层) ,,板塔结合,90 万,10269 元,1,,,VR房源 | 房本满两年 | 随时看房,https://hui.lianjia.com/ershoufang/105118571863.html
雍和园 精装修3房3卫 采光视野佳,"蓝光雍和园 , 龙丰",3室1厅,141.75平米,西南,精装,中楼层(共19层) ,,板楼,158 万,11147 元,0,,13天以前发布,VR房源 | 房本满两年 | 随时看房,https://hui.lianjia.com/ershoufang/105122425318.html
金地柏悦府精装四房家私家电齐全拎包入住,"金地柏悦府 , 博罗石湾",4室2厅,120平米,南 北,精装,中楼层(共24层) ,,板塔结合,68.8 万,5734 元,0,,,VR看装修 | 随时看房,https://hui.lianjia.com/ershoufang/105119524052.html
河南岸天虹旁，宜居小区，配套齐全，交通便利,"威廉城邦 , 河南岸",3室1厅,77.14平米,东南,精装,高楼层(共23层) ,,塔楼,53.8 万,6975 元,1,,,VR看装修 | 房本满五年 | 随时看房,https://hui.lianjia.com/ershoufang/105121638057.html
隆生东湖四区 一楼院子慢节奏生活 惬意休闲 户型方正,"东湖花园四号小区 , 东平",3室2厅,111平米,北,,7层 ,,板塔结合,96 万,8649 元,0,,17天以前发布,VR房源,https://hui.lianjia.com/ershoufang/105122379207.html
星河丹G4区，4房南北通透，视野景观好,"星河丹堤G4区 , 南站新城",4室2厅,124.48平米,南 北,精装,33层 ,,板塔结合,158 万,12693 元,1,,,VR房源 | 房本满两年,https://hui.lianjia.com/ershoufang/105120727107.html
景观单位，看花园，业主诚意出售，楼层好户型方正！,"卓越蔚蓝海岸七期 , 西区新寮",3室2厅,97.64平米,南,精装,18层 ,,板塔结合,80 万,8194 元,0,,,VR看装修 | 房本满两年,https://hui.lianjia.com/ershoufang/105115906003.html
采光充足，通风良好交通便利，购物方便，,"光耀荷兰小城 , 陈江",4室2厅,101.88平米,南,毛坯,31层 ,,板塔结合,53 万,5203 元,0,,,VR看装修 | 随时看房,https://hui.lianjia.com/ershoufang/105121571008.html
红本在手，南 北朝向，精装修楼层好视野宽阔,"亲水湾 , 吾悦广场",3室2厅,92.82平米,南,精装,26层 ,,板塔结合,61 万,6572 元,0,,,VR看装修 | 房本满五年 | 随时看房,https://hui.lianjia.com/ershoufang/105113329027.html
业主急卖，红本在手，无抵押，交通方便，配套成熟。,"卓洲悦园 , 万达",4室2厅,105.58平米,南 北,简装,32层 ,,板塔结合,80 万,7578 元,0,,,VR看装修 | 房本满两年 | 随时看房,https://hui.lianjia.com/ershoufang/105119950577.html
楼层好 户型方正 南北通，楼层好 居住舒适,"德桂佳园一区 , 水口",4室2厅,119.21平米,东南,毛坯,中楼层(共26层) ,,塔楼,89 万,7466 元,0,,,VR房源 | 房本满两年 | 随时看房,https://hui.lianjia.com/ershoufang/105121419533.html
金山湖沃尔玛商圈  公园门口的家金山雅筑花园精装四房,"华章东郡 , 河南岸",4室2厅,116平米,南,,中楼层(共32层) ,,板塔结合,96 万,8276 元,0,,,VR房源 | 随时看房,https://hui.lianjia.com/ershoufang/105115181887.html
五月花临深圳地铁14号线沙田站,"德丰·五月花花园 , 西区新寮",3室2厅,86.19平米,北,精装,8层 ,,板塔结合,57 万,6614 元,2,,,VR看装修 | 房本满五年 | 随时看房,https://hui.lianjia.com/ershoufang/105121408307.html
万达商圈牧马湖，11层电梯房，三房一卫 带装修看风景,"泰丰牧马湖 , 万达",3室2厅,81.75平米,南,简装,11层 ,,板楼,75 万,9175 元,3,,,VR看装修 | 房本满两年 | 随时看房,https://hui.lianjia.com/ershoufang/105119429334.html
品质小区，万科物业管理，临深，采光好，带大平台,"富康锦绣壹号 , 西区新寮",3室2厅,85.32平米,南,精装,33层 ,,塔楼,92 万,10783 元,0,,,VR看装修 | 房本满两年 | 随时看房,https://hui.lianjia.com/ershoufang/105119502768.html
星河天睿北区 中高楼层 视野好  诚心出售,"太东星河丹堤天睿北区 , 吾悦广场",4室2厅,98.82平米,南,毛坯,34层 ,,板塔结合,71 万,7185 元,1,,,VR看装修 | 房本满五年 | 随时看房,https://hui.lianjia.com/ershoufang/105121117351.html
顶楼带阁楼，伴山洋房，红本在手无需赎楼业主诚心卖,"星河丹堤N区 , 南站新城",4室2厅,160.96平米,南 北,毛坯,8层 ,,塔楼,235 万,14600 元,9,,,VR看装修 | 房本满五年 | 随时看房,https://hui.lianjia.com/ershoufang/105114948390.html
阳台外绿意盎然，视野开阔，户型方正,"碧桂园十里银滩海悦湾 , 十里银滩",3室2厅,78.62平米,西,精装,30层 ,,板塔结合,33.5 万,4262 元,0,,,VR房源 | 房本满五年 | 随时看房,https://hui.lianjia.com/ershoufang/105120596818.html
房子原值高税费少方便看房 视野好 朝南没遮挡,"星河丹堤V区 , 南站新城",4室2厅,102.19平米,南,毛坯,34层 ,,板塔结合,88 万,8612 元,1,,,VR房源 | 房本满五年 | 随时看房,https://hui.lianjia.com/ershoufang/105118547289.html
天宸元著业主诚心出售，还带车位,"龙湖天宸原著花园 , 河南岸",4室2厅,116平米,南,毛坯,中楼层(共33层) ,,板楼,172 万,14828 元,0,,,VR看装修 | 随时看房,https://hui.lianjia.com/ershoufang/105121554810.html
户型方正，楼层高视野好，大阳台精装修,"太东红树湾悦府 , 大亚湾中心区",3室2厅,114.86平米,东南,,低楼层(共33层) ,,塔楼,87 万,7575 元,6,,,VR看装修 | 随时看房,https://hui.lianjia.com/ershoufang/105121065270.html
小区旁边有体育馆，有天虹购物广场 带车位,"奥园园著 , 博罗中心区",3室2厅,96.36平米,南,,高楼层(共34层) ,,板塔结合,33.8 万,3508 元,0,,,VR看装修 | 房本满两年 | 随时看房,https://hui.lianjia.com/ershoufang/105121927118.html
江北义乌公寓47朝南急售28带南坛和惠台,"义乌商城公寓 , 江北",1室1厅,47平米,南,,中楼层(共28层) ,,板楼,28 万,5958 元,0,,8天以前发布,VR房源 | 随时看房,https://hui.lianjia.com/ershoufang/105122484009.html
富川瑞园  2+1房 篮球场那么大的露台 诚心出售,"富川瑞园 , 惠环",2室1厅,73.05平米,西北,简装,低楼层(共17层) ,,板塔结合,45 万,6161 元,0,,,VR房源 | 房本满两年,https://hui.lianjia.com/ershoufang/105120233986.html
第九旁 大3房 视野开阔 价格实惠 随时看房,"福晟钱隆樽品花园 , 陈江",3室2厅,90.6平米,南,毛坯,33层 ,,塔楼,57 万,6292 元,0,,,VR看装修 | 房本满五年 | 随时看房,https://hui.lianjia.com/ershoufang/105120859985.html
南边灶 业主诚心出售  楼下就是深圳 采光好,"安罝小区 , 西区新寮",3室2厅,120.4平米,南,毛坯,32层 ,,板塔结合,65 万,5399 元,1,,,VR看装修 | 房本满两年 | 随时看房,https://hui.lianjia.com/ershoufang/105120009376.html
自住装修未出租过采光通透大四房中高楼层急卖,"碧桂园龙熹山 , 万达",4室2厅,129.48平米,南,精装,33层 ,,板塔结合,88 万,6797 元,1,,,VR看装修 | 房本满五年 | 随时看房,https://hui.lianjia.com/ershoufang/105121909308.html
临深一公里 精装四房 近地铁百万大社区 交通方便,"珠江四季悦城二期 , 西区新寮",4室2厅,129平米,北,精装,33层 ,,塔楼,82 万,6357 元,0,,,VR看装修 | 房本满两年 | 随时看房,https://hui.lianjia.com/ershoufang/105116757715.html
德威江誉城一期南北通五房两厅两卫业主诚意出售,"德威江誉城1期 , 马安",5室1厅,141.61平米,南,毛坯,中楼层(共32层) ,,塔楼,129 万,9110 元,0,,,VR房源 | 随时看房,https://hui.lianjia.com/ershoufang/105121183063.html
好楼层 重本装修 小区品质高 临深 南北通户型,"龙源华府 , 比亚迪商圈",4室2厅,114.4平米,南 北,精装,33层 ,,板塔结合,99 万,8654 元,1,,,VR看装修 | 随时看房,https://hui.lianjia.com/ershoufang/105120465645.html
富康锦绣壹号四房业主诚心出售红本在手手续快,"富康锦绣壹号三期 , 西区新寮",4室2厅,112.08平米,南,精装,32层 ,,塔楼,138 万,12313 元,0,,20天以前发布,VR看装修 | 房本满两年,https://hui.lianjia.com/ershoufang/105122352978.html
哇，还有环境那么好的房子！业主诚心出售，无欠款,"群峰花园 , 南站新城",3室2厅,84.07平米,南,,低楼层(共33层) ,,塔楼,42 万,4996 元,3,,,VR看装修 | 随时看房,https://hui.lianjia.com/ershoufang/105115873214.html
合生·上观国际 3室2厅 南,"合生·上观国际 , 水口",3室2厅,120.46平米,南,,低楼层(共32层) ,,塔楼,85 万,7057 元,0,,,VR房源 | 房本满五年 | 随时看房,https://hui.lianjia.com/ershoufang/105122183302.html
本因坊，宝家园 3室1厅 西北,"本因坊，宝家园 , 草洋新区",3室1厅,116.36平米,西北,,17层 ,,板塔结合,58 万,4985 元,0,,6天以前发布,VR房源 | 房本满五年 | 随时看房,https://hui.lianjia.com/ershoufang/105122501209.html
公园式花山水库 依山伴水 观景好,"水岸花山 , 新圩",2室2厅,79.12平米,西,毛坯,27层 ,,板塔结合,39.6 万,5006 元,1,,,VR房源 | 房本满五年 | 随时看房,https://hui.lianjia.com/ershoufang/105115211386.html
看房方便户型方正 无个税 得房率高,"九洲玉带湾 , 白云新城",5室2厅,120.19平米,南,,33层 ,,板塔结合,75 万,6241 元,1,,,VR看装修 | 随时看房,https://hui.lianjia.com/ershoufang/105120391531.html
世纪金湖次新房 可看湖景产权清晰 南北对流四房,"世纪金湖花园 , 河南岸",4室2厅,116平米,南 北,毛坯,低楼层(共31层) ,,板塔结合,102 万,8794 元,0,,,VR房源 | 随时看房,https://hui.lianjia.com/ershoufang/105114355157.html
临深2公里，公园社区，人车分流,"晶地顺苑 , 西区新寮",2室1厅,53.36平米,南,简装,30层 ,,板塔结合,26.8 万,5023 元,6,,,VR看装修 | 房本满五年 | 随时看房,https://hui.lianjia.com/ershoufang/105118276070.html
阳光新苑二期，精装修实用三房 总价低 证满五唯一物业,"阳光新苑 , 水口",3室2厅,83.02平米,北,精装,中楼层(共25层) ,,板塔结合,65 万,7830 元,0,,,VR看装修 | 房本满五年,https://hui.lianjia.com/ershoufang/105121689828.html
N67区 品质次新洋房 冬暖夏凉 近体育公园 出行方便,"星河丹堤N区 , 南站新城",4室2厅,142.65平米,南 北,,8层 ,,板塔结合,200 万,14021 元,1,,,VR房源 | 房本满两年 | 随时看房,https://hui.lianjia.com/ershoufang/105115886273.html
临深小户型，价格低，满五唯一，没有欠款，交易方便,"爱琴海 , 西区新寮",3室2厅,73.53平米,南,简装,33层 ,,塔楼,47 万,6392 元,5,,,VR看装修 | 房本满五年 | 随时看房,https://hui.lianjia.com/ershoufang/105119655050.html
德威摩卡小镇 3室2厅 南,"德威摩卡小镇 , 江北",3室2厅,118.24平米,南,精装,中楼层(共24层) ,,塔楼,85 万,7189 元,0,,,VR看装修 | 房本满两年,https://hui.lianjia.com/ershoufang/105122239511.html
产权清晰，诚心出售，临深，户型方正,"壹方水榭 , 白云新城",4室2厅,110平米,南 北,精装,高楼层(共30层) ,,板塔结合,74 万,6728 元,0,,7天以前发布,VR房源 | 房本满两年 | 随时看房,https://hui.lianjia.com/ershoufang/105122496356.html
临深河景房源，小区中间位置，看花园和坪山河,"金溪湾 , 西区新寮",3室1厅,89.35平米,南,精装,29层 ,,板塔结合,48 万,5373 元,0,,,VR看装修 | 房本满五年 | 随时看房,https://hui.lianjia.com/ershoufang/105120680636.html
新力城二期109平三房两厅两卫，南北通中高楼层,"新力城二期 , 水口",3室1厅,109平米,南,毛坯,中楼层(共33层) ,,板楼,90 万,8257 元,0,,,VR房源 | 房本满五年 | 随时看房,https://hui.lianjia.com/ershoufang/105120917185.html
龙光城北区、南向大四房、精装保养好、看别墅景观,"龙光城北八期 , 龙光城",4室2厅,117.91平米,南,精装,31层 ,,板塔结合,120 万,10178 元,0,,,VR看装修 | 房本满两年,https://hui.lianjia.com/ershoufang/105121456407.html
灿邦商圈，次新小区，绿化好，品质好，视野好,"泰丰枫林岸花园 , 吾悦广场",3室2厅,99.23平米,南,精装,32层 ,,板塔结合,85 万,8566 元,0,,,VR看装修 | 房本满两年 | 随时看房,https://hui.lianjia.com/ershoufang/105118273072.html
东江沙公园 电梯精装3室  大阳台 看房有钥匙,"东怡新苑 , 东平",3室2厅,119.89平米,东南,精装,中楼层(共9层) ,,板塔结合,68 万,5672 元,0,,,VR看装修 | 房本满五年 | 随时看房,https://hui.lianjia.com/ershoufang/105121531592.html
天睿南花园中间  4+1房南北通 景观好 无欠款 无个税,"太东星河丹堤天睿花园南区 , 吾悦广场",5室1厅,136.47平米,南 北,毛坯,34层 ,,板塔结合,122 万,8940 元,2,,,VR房源 | 房本满五年 | 随时看房,https://hui.lianjia.com/ershoufang/105116882642.html
金山新城东江新城新片区  西枝江畔马安河旁  刚需三房,"德威江誉城Ⅱ期 , 马安",3室2厅,96.52平米,东南,,高楼层(共32层) ,,塔楼,79 万,8185 元,0,,,VR房源 | 房本满两年 | 随时看房,https://hui.lianjia.com/ershoufang/105115229153.html
顶楼采光好视野好，诚心出售，欢迎看房,"太东明月湾 , 澳头",2室2厅,83.63平米,西南,,28层 ,,板塔结合,37.5 万,4485 元,1,,,VR看装修 | 房本满五年 | 随时看房,https://hui.lianjia.com/ershoufang/105120922643.html
看湖景南北通大4房，高层视野无遮挡，月供3K拎包入住,"碧桂园珑誉花园 , 水口",4室2厅,141.72平米,东南,精装,高楼层(共31层) ,,塔楼,103 万,7268 元,0,,,VR看装修 | 房本满五年 | 随时看房,https://hui.lianjia.com/ershoufang/105121426060.html
房子朝南户型，视野开阔，随时看房。。。,"德丰凯旋城北区 , 大亚湾中心区",2室1厅,42平米,北,毛坯,26层 ,,板塔结合,22.5 万,5358 元,63,,,VR看装修 | 随时看房,https://hui.lianjia.com/ershoufang/105102337461.html
小区自带高尔夫景观 中高层视野好原值高无个税可谈,"恒大棕榈岛 , 白云新城",4室2厅,113.12平米,南,,29层 ,,板塔结合,68 万,6012 元,1,,,VR房源 | 房本满五年 | 随时看房,https://hui.lianjia.com/ershoufang/105113221028.html
业主诚心出售，红本在手，看房方便，有钥匙,"DADA的草地 , 大亚湾中心区",3室1厅,100.74平米,南,精装,32层 ,,板塔结合,29 万,2879 元,1,,,VR看装修 | 房本满五年 | 随时看房,https://hui.lianjia.com/ershoufang/105122105568.html
金盛丽景标准大三房 中间楼层 全新装修直接拎包入住,"华兴金盛丽景 , 水口",3室2厅,110.91平米,南,精装,高楼层(共17层) ,,板楼,82 万,7394 元,3,,,VR看装修 | 随时看房,https://hui.lianjia.com/ershoufang/105120075347.html
百万大盘，生活配套齐全，地段好，小区环境优美宜居,"华冠花园 , 大亚湾中心区",4室1厅,103.66平米,南,毛坯,33层 ,,板塔结合,43 万,4149 元,4,,,VR看装修 | 房本满五年 | 随时看房,https://hui.lianjia.com/ershoufang/105118920108.html
临深大型社区 中高楼层 业主诚心出售,"德丰·五月花花园 , 西区新寮",3室2厅,88平米,北,简装,17层 ,,板塔结合,55 万,6250 元,1,,,VR房源 | 随时看房,https://hui.lianjia.com/ershoufang/105119930365.html
蓝光雍和园精装三房坐拥红花湖桃花源双景区,"蓝光雍和园 , 龙丰",3室1厅,107平米,东南,简装,中楼层(共33层) ,,板楼,98 万,9159 元,0,,,VR房源 | 房本满两年,https://hui.lianjia.com/ershoufang/105121753399.html
江滨华府全新装修看湖看江三房满五年随时看房,"江滨华府(二手) , 小金口",3室2厅,89.53平米,南,精装,高楼层(共30层) ,,板塔结合,49.8 万,5563 元,0,,,VR房源 | 房本满五年 | 随时看房,https://hui.lianjia.com/ershoufang/105121976575.html
高楼层 户型通透，空气流通，视野广阔，满五,"双城国际南区 , 江北",3室1厅,113.22平米,南,毛坯,中楼层(共26层) ,,板塔结合,106 万,9363 元,0,,,VR房源 | 房本满五年 | 随时看房,https://hui.lianjia.com/ershoufang/105122097906.html
深业喜悦城 楼尊单元 四房两厅两卫楼间距视野好,"深业喜悦城 , 惠环",4室2厅,128.48平米,南,毛坯,低楼层(共33层) ,,板塔结合,75.8 万,5900 元,2,,,VR看装修 | 房本满五年 | 随时看房,https://hui.lianjia.com/ershoufang/105113461831.html
南北通户型，成交快，欢迎大家来带看,"深业喜悦城 , 惠环",4室2厅,128.47平米,东南,,33层 ,,板塔结合,60 万,4671 元,1,,,VR看装修 | 房本满两年 | 随时看房,https://hui.lianjia.com/ershoufang/105114187407.html
沃尔玛门口菁华园小区两房 中高层 户型方正 生活便利,"菁华园 , 澳头",2室2厅,75平米,南 北,简装,高楼层(共20层) ,,板塔结合,34 万,4534 元,0,,,VR看装修 | 随时看房,https://hui.lianjia.com/ershoufang/105122199130.html
深圳业主 急售 中洲天御三期4房 看鸟巢  有钥匙,"中洲天御3期 , 河南岸",4室2厅,127.64平米,南 北,毛坯,中楼层(共32层) ,,板塔结合,135 万,10577 元,0,,,VR看装修 | 随时看房,https://hui.lianjia.com/ershoufang/105120617056.html
富川瑞园二期3+1 好楼层，好价格 配套成熟,"富川瑞园 , 惠环",4室2厅,94.12平米,东南,毛坯,高楼层(共18层) ,,板塔结合,43 万,4569 元,0,,,VR房源 | 房本满两年 | 随时看房,https://hui.lianjia.com/ershoufang/105120776676.html
精装修 安静 看花园  户型方正,"海伦堡海伦香洲 , 陈江",3室1厅,83.43平米,南,,低楼层(共32层) ,,板楼,49 万,5874 元,0,,25天以前发布,VR房源 | 房本满五年 | 随时看房,https://hui.lianjia.com/ershoufang/105122313933.html
此房业主很少住中高楼层 新中式精装修保养好拎包入住,"合生·上观国际 , 水口",4室2厅,140.59平米,南 北,精装,中楼层(共18层) ,,塔楼,128 万,9105 元,0,,16天以前发布,VR房源,https://hui.lianjia.com/ershoufang/105122392020.html
临深大盘，配套完善南北通户型，诚意出售。,"龙光城龙公馆 , 龙光城",4室2厅,143.29平米,南,精装,4层 ,,板楼,199 万,13888 元,2,,,VR房源 | 随时看房,https://hui.lianjia.com/ershoufang/105120677736.html
楼栋好，不临街，高楼层，南北通户型,"君跃荃新时代 , 大亚湾中心区",3室2厅,96.92平米,南,毛坯,33层 ,,板塔结合,47.9 万,4943 元,0,,,VR看装修 | 随时看房,https://hui.lianjia.com/ershoufang/105120433658.html
房子次新小区，环境好，户型方正实用,"新力东园 , 大亚湾中心区",3室2厅,91.22平米,南,毛坯,32层 ,,板楼,38.5 万,4221 元,2,,,VR看装修 | 房本满两年 | 随时看房,https://hui.lianjia.com/ershoufang/105121008530.html
南北通双阳台三房 费用少 高楼层,"德洲城五期 , 西区新寮",3室2厅,98平米,南 北,毛坯,26层 ,,塔楼,69 万,7041 元,2,,,VR看装修 | 房本满五年 | 随时看房,https://hui.lianjia.com/ershoufang/105113576282.html
信利康精装修 全新未入住 红本在手，价格优惠。,"信利康乐创汇 , 河南岸",4室2厅,121.82平米,南 北,精装,高楼层(共31层) ,,,114 万,9359 元,0,,7天以前发布,VR房源 | 随时看房,https://hui.lianjia.com/ershoufang/105122491741.html
河麦成熟片区 电梯2房 世纪伯爵,"世纪铂爵 , 麦地",2室1厅,85.35平米,南,简装,低楼层(共30层) ,,塔楼,58 万,6796 元,0,,,VR看装修 | 房本满五年 | 随时看房,https://hui.lianjia.com/ershoufang/105119100122.html
全新装修带家私电，业主诚心卖，适合居家,"DADA的草地 , 大亚湾中心区",3室1厅,106.51平米,南 北,精装,32层 ,,板塔结合,40 万,3756 元,5,,,VR看装修 | 房本满五年 | 随时看房,https://hui.lianjia.com/ershoufang/105119488219.html
图书馆500强大社区户型方正视野开阔红本在手,"新华联广场 , 大亚湾中心区",2室2厅,101.39平米,南,精装,32层 ,,塔楼,39.3 万,3877 元,0,,,VR看装修 | 房本满五年 | 随时看房,https://hui.lianjia.com/ershoufang/105121320910.html
华侨新苑，朝南，大三房，采光好。,"华侨新苑 , 龙丰",3室2厅,94.7平米,南,简装,8层 ,,板塔结合,36 万,3802 元,0,,,VR看装修 | 随时看房,https://hui.lianjia.com/ershoufang/105121345429.html
一线临深，次新小区，好楼层好视野,"冠华城桂香园三期 , 西区新寮",3室2厅,84.32平米,南,毛坯,33层 ,,板塔结合,66 万,7828 元,0,,5天以前发布,VR房源 | 随时看房,https://hui.lianjia.com/ershoufang/105122514072.html
新祺园 3室2厅 东南,"新祺园 , 新行政区",3室2厅,88.42平米,东南,毛坯,32层 ,,板塔结合,49 万,5542 元,0,,11天以前发布,VR房源 | 房本满五年 | 随时看房,https://hui.lianjia.com/ershoufang/105122453183.html
金山湖岛内大社区中高楼层，视野开阔，俯瞰金山湖,"湖心岛1号花园 , 河南岸",3室1厅,103.06平米,南,毛坯,中楼层(共26层) ,,板塔结合,123 万,11935 元,0,,,VR看装修 | 随时看房,https://hui.lianjia.com/ershoufang/105122031270.html
大花园社区，配.套成熟，楼层好，户型方正,"鸿威金都雅苑 , 小金口",2室2厅,81.46平米,西,毛坯,中楼层(共30层) ,,板塔结合,32 万,3929 元,0,,18天以前发布,VR房源 | 随时看房,https://hui.lianjia.com/ershoufang/105122370428.html
电梯房，户型格局方正，采光良好。,"鸿威金都雅苑 , 小金口",2室1厅,80.22平米,南,精装,低楼层(共30层) ,,板塔结合,36 万,4488 元,1,,,VR看装修 | 房本满五年 | 随时看房,https://hui.lianjia.com/ershoufang/105121429529.html
牧马湖一线湖景大四房，业主诚心出售,"泰丰牧马湖 , 万达",4室2厅,149.05平米,南,毛坯,33层 ,,板塔结合,145 万,9729 元,3,,27天以前发布,VR房源 | 随时看房,https://hui.lianjia.com/ershoufang/105122291890.html
采光佳 视野好 户型方正 配套齐 交通便利,"正闳润金名苑 , 西区新寮",2室2厅,68.02平米,南,,27层 ,,塔楼,46 万,6763 元,0,,,VR看装修,https://hui.lianjia.com/ershoufang/105116859200.html
牧马湖一楼朝南带花园小高层住宅，居住舒适,"泰丰牧马湖 , 万达",3室2厅,80.59平米,南,精装,11层 ,,板塔结合,100 万,12409 元,21,,,VR房源 | 房本满两年 | 随时看房,https://hui.lianjia.com/ershoufang/105112679756.html
江北丽日君颐花园花园中间安静3房2卫精装保养好,"丽日君颐家园 , 江北",3室1厅,94.85平米,北,简装,高楼层(共30层) ,,板塔结合,108 万,11387 元,0,,,VR看装修 | 房本满五年 | 随时看房,https://hui.lianjia.com/ershoufang/105118239579.html
泰宇城市中央 4室2厅 南,"泰宇城市中央 , 江北",4室2厅,108平米,南,精装,中楼层(共30层) ,,塔楼,107 万,9908 元,0,,11天以前发布,VR房源,https://hui.lianjia.com/ershoufang/105122450486.html
江北CBD唐宁公馆，看房店里有钥匙,"唐宁公馆 , 江北",4室1厅,170.05平米,南,毛坯,低楼层(共16层) ,,塔楼,159 万,9351 元,1,,,VR房源 | 房本满五年 | 随时看房,https://hui.lianjia.com/ershoufang/105114053540.html
河南岸公园旁 精装修大三房 诚心出售 看房方便,"尚品世家 , 河南岸",3室2厅,117平米,东南 南,精装,中楼层(共8层) ,,板楼,90 万,7693 元,2,,,VR看装修 | 随时看房,https://hui.lianjia.com/ershoufang/105116679938.html
保利天汇，近印象城，小三房，看上可面谈。,"保利天汇 , 河南岸",3室2厅,88平米,南,毛坯,中楼层(共32层) ,,板塔结合,92 万,10455 元,0,,,VR看装修 | 随时看房,https://hui.lianjia.com/ershoufang/105115446422.html
牧马湖精装四房南北通透业主诚心出售,"泰丰牧马湖 , 万达",4室2厅,113.02平米,南 北,精装,11层 ,,板楼,123 万,10884 元,2,,,VR房源 | 房本满两年 | 随时看房,https://hui.lianjia.com/ershoufang/105120524561.html
花园社区，格局方正，带约200平方露台，自用,"海伦堡院子 , 水口",2室2厅,72平米,东北,简装,低楼层(共31层) ,,板塔结合,57 万,7917 元,0,,,VR看装修 | 随时看房,https://hui.lianjia.com/ershoufang/105120596456.html
精装修，2房，东南朝向，中间楼层，直接拎包入住,"海伦堡院子 , 水口",2室2厅,61.27平米,东南,,高楼层(共15层) ,,板塔结合,42.5 万,6937 元,0,,,VR看装修 | 房本满两年 | 随时看房,https://hui.lianjia.com/ershoufang/105122206546.html
海伦湾朝南看江景三房，高层全新毛坯，南北通双阳台,"海伦堡海伦湾 , 东平",4室2厅,102.43平米,南,毛坯,中楼层(共33层) ,,板塔结合,90 万,8787 元,0,,,VR看装修 | 房本满五年 | 随时看房,https://hui.lianjia.com/ershoufang/105113844502.html
临深一线好房，锦地繁花三房好户型好楼层好价格,"锦地繁花 , 西区新寮",3室2厅,88.05平米,南,毛坯,17层 ,,板塔结合,56.5 万,6417 元,0,,,VR看装修 | 房本满五年 | 随时看房,https://hui.lianjia.com/ershoufang/105119936583.html
春江天境花园 117.38平米 4房2厅2卫,"春江天境花园 , 东江高新区",4室2厅,117.38平米,南 北,毛坯,中楼层(共33层) ,,板塔结合,51 万,4345 元,0,,,VR看装修 | 房本满两年 | 随时看房,https://hui.lianjia.com/ershoufang/105121877937.html
户型方正，房产清晰，业主急售，小区自己的物业,"金裕星河丹堤 , 小金口",3室2厅,85.89平米,南,毛坯,低楼层(共34层) ,,塔楼,39 万,4541 元,0,,11天以前发布,VR房源 | 随时看房,https://hui.lianjia.com/ershoufang/105122451965.html
配套齐全，生活便利，首付月供无压力，好出租,"金茂精英现代城一期 , 陈江",2室2厅,64.95平米,南,简装,17层 ,,板塔结合,23 万,3542 元,0,,,VR看装修 | 房本满五年 | 随时看房,https://hui.lianjia.com/ershoufang/105121859575.html
碧桂园 三房两厅两卫 南北通双阳台 采光好,"碧桂园翠湖湾 , 新圩",3室2厅,113.8平米,南,,低楼层(共17层) ,,板塔结合,59 万,5185 元,0,,,VR看装修 | 房本满五年 | 随时看房,https://hui.lianjia.com/ershoufang/105120888301.html
60栋大社区 大花园 惠阳汽车站旁 交通方便,"花样年别样城二期 , 新行政区",3室2厅,95.16平米,南 西,毛坯,33层 ,,板塔结合,52 万,5465 元,1,,,VR看装修 | 房本满五年 | 随时看房,https://hui.lianjia.com/ershoufang/105113584473.html
东南向 视野好 通风佳 采光好 租客好约看房随时,"伟豪领御世家 , 江北",4室2厅,100.97平米,东南,简装,中楼层(共32层) ,,板塔结合,95 万,9409 元,0,,,VR看装修 | 房本满五年 | 随时看房,https://hui.lianjia.com/ershoufang/105120756987.html
新力城118平 品质精装三房，保养99新,"新力城一期 , 水口",3室2厅,117.73平米,南,,高楼层(共33层) ,,板楼,118 万,10023 元,0,,,VR看装修 | 房本满两年,https://hui.lianjia.com/ershoufang/105122011138.html
满五唯一税费少，红本在手 楼层好 采光充足,"秋谷阳光里 , 万达",2室2厅,60.56平米,南 东南,精装,30层 ,,塔楼,28 万,4624 元,11,,,VR看装修 | 房本满五年 | 随时看房,https://hui.lianjia.com/ershoufang/105104380577.html
雅居乐一级物业 中间好楼层 视野开阔 有钥匙随时看房,"卓悦华府 , 惠环",4室2厅,101.15平米,南,毛坯,29层 ,,板塔结合,59.6 万,5893 元,0,,,VR房源 | 房本满五年 | 随时看房,https://hui.lianjia.com/ershoufang/105122096782.html
誉山湖 南向一线湖景 安静南北通 4房大客厅大阳台,"奥园誉山湖花园 , 河南岸",4室2厅,128.74平米,南 北,毛坯,低楼层(共32层) ,,板塔结合,137 万,10642 元,1,,,VR看装修 | 随时看房,https://hui.lianjia.com/ershoufang/105122216416.html
乌石 中.心位 置 ，配 套 成 熟，中间楼层,"泰宇城市中央 , 江北",3室2厅,83平米,南,精装,中楼层(共30层) ,,板塔结合,78 万,9398 元,0,,,VR看装修 | 房本满五年 | 随时看房,https://hui.lianjia.com/ershoufang/105118864381.html
中洲半岛城邦四期106平正三房，精装修直接拎包入住,"中洲半岛城邦四期 , 博罗中心区",3室2厅,106.16平米,南,,33层 ,,板塔结合,80 万,7536 元,0,,,VR房源 | 随时看房,https://hui.lianjia.com/ershoufang/105122039100.html
126平方大三房，高楼层，配套齐全,"新时代花园二期 , 博罗中心区",3室2厅,126平米,南,毛坯,28层 ,,塔楼,46 万,3651 元,0,,,VR看装修 | 房本满五年 | 随时看房,https://hui.lianjia.com/ershoufang/105116672388.html
四季嘉园，架空式园林，主阳台很大,"华泓四季嘉园 , 博罗中心区",3室2厅,93平米,东北,毛坯,31层 ,,塔楼,38 万,4087 元,0,,18天以前发布,VR看装修 | 房本满两年 | 随时看房,https://hui.lianjia.com/ershoufang/105122366892.html
成熟小区，视野开阔，安全系数好，环境优美，一线江景,"中洲半岛城邦四期 , 博罗中心区",4室2厅,106.67平米,南,,33层 ,,板塔结合,63 万,5907 元,0,,,VR看装修 | 房本满两年 | 随时看房,https://hui.lianjia.com/ershoufang/105121257078.html
惠南 中锴华章 166.88平四房 花园中间 两梯三户双套间,"中锴·华章 , 河南岸",4室2厅,166.88平米,南,毛坯,中楼层(共31层) ,,塔楼,139 万,8330 元,8,,,VR看装修 | 房本满五年 | 随时看房,https://hui.lianjia.com/ershoufang/105108776700.html
天御二期业主诚心出售，刚需户型，明厨明卫业主诚心卖,"中洲天御二期 , 河南岸",3室2厅,93平米,南,毛坯,低楼层(共33层) ,,板塔结合,78 万,8388 元,1,,,VR房源 | 随时看房,https://hui.lianjia.com/ershoufang/105121800011.html
德威花园小区，红本在手，业主急售，大三房，户型方正,"德威花园城 , 秋长",3室2厅,100.43平米,南,毛坯,中楼层(共32层) ,,板楼,41.4 万,4123 元,1,,,VR房源 | 房本满五年 | 随时看房,https://hui.lianjia.com/ershoufang/105120838545.html
麦迪新村一房一厅急售，楼层低，首付低。,"麦迪新村 , 麦地",1室1厅,29.67平米,东南,简装,10层 ,,塔楼,19.2 万,6472 元,0,,,VR房源 | 房本满五年 | 随时看房,https://hui.lianjia.com/ershoufang/105119676098.html
润阳花园 公园就在家门口，小区内设有幼儿园,"中铭润阳 , 新圩",4室2厅,128.82平米,南,毛坯,中楼层(共12层) ,,板塔结合,59 万,4581 元,0,,17天以前发布,VR房源 | 房本满五年 | 随时看房,https://hui.lianjia.com/ershoufang/105122386959.html
稀有复式户型  楼层好  采光好,"碧桂园翠湖湾 , 新圩",4室2厅,179.06平米,东南,精装,高楼层(共17层) ,,塔楼,119 万,6646 元,0,,,VR房源 | 房本满五年,https://hui.lianjia.com/ershoufang/105120965928.html
碧桂园珑誉 四房南北通  一线湖景没遮挡,"碧桂园珑誉花园 , 水口",4室2厅,141.67平米,南 北,毛坯,中楼层(共33层) ,,塔楼,91 万,6424 元,0,,,VR看装修 | 房本满五年 | 随时看房,https://hui.lianjia.com/ershoufang/105121722974.html
万达商圈、龙光物业、潮南看花园、	户型方正,"龙光玖龙花园 , 万达",4室2厅,109.75平米,南 北,精装,32层 ,,板塔结合,70 万,6379 元,1,,,VR看装修 | 随时看房,https://hui.lianjia.com/ershoufang/105120848964.html
此房业主诚意出售，，此房采光充足，户型方正。,"小径海岸城花园 , 霞涌",3室2厅,104.4平米,南,精装,33层 ,,板塔结合,53 万,5077 元,5,,,VR看装修 | 房本满五年 | 随时看房,https://hui.lianjia.com/ershoufang/105111134858.html
临深品质三房，诚心出售！！！！,"卓越蔚蓝海岸七期 , 西区新寮",3室2厅,96平米,东南,精装,34层 ,,塔楼,78 万,8125 元,2,,,VR看装修,https://hui.lianjia.com/ershoufang/105121096588.html
业主急卖，红本在手，无抵押，交通方便，配套成熟。,"卓洲悦园 , 万达",4室2厅,105.58平米,南 北,简装,32层 ,,板塔结合,80 万,7578 元,0,,,VR看装修 | 房本满两年 | 随时看房,https://hui.lianjia.com/ershoufang/105119950577.html
楼层好 户型方正 南北通，楼层好 居住舒适,"德桂佳园一区 , 水口",4室2厅,119.21平米,东南,毛坯,中楼层(共26层) ,,塔楼,89 万,7466 元,0,,,VR房源 | 房本满两年 | 随时看房,https://hui.lianjia.com/ershoufang/105121419533.html
雍和园 精装修3房3卫 采光视野佳,"蓝光雍和园 , 龙丰",3室1厅,141.75平米,西南,精装,中楼层(共19层) ,,板楼,158 万,11147 元,0,,13天以前发布,VR房源 | 房本满两年 | 随时看房,https://hui.lianjia.com/ershoufang/105122425318.html
金地柏悦府精装四房家私家电齐全拎包入住,"金地柏悦府 , 博罗石湾",4室2厅,120平米,南 北,精装,中楼层(共24层) ,,板塔结合,68.8 万,5734 元,0,,,VR看装修 | 随时看房,https://hui.lianjia.com/ershoufang/105119524052.html
河南岸天虹旁，宜居小区，配套齐全，交通便利,"威廉城邦 , 河南岸",3室1厅,77.14平米,东南,精装,高楼层(共23层) ,,塔楼,53.8 万,6975 元,1,,,VR看装修 | 房本满五年 | 随时看房,https://hui.lianjia.com/ershoufang/105121638057.html
方直星耀国际一线湖景五房双套间大平层,"方直星耀国际 , 河南岸",5室2厅,177平米,南 北,毛坯,低楼层(共45层) ,,板塔结合,400 万,22599 元,0,,,VR看装修 | 房本满五年 | 随时看房,https://hui.lianjia.com/ershoufang/105121503741.html
金山湖湖心岛内！精装修大三房 朝南看花园！安静舒适,"方直东岸 , 河南岸",3室2厅,131.35平米,南,,32层 ,,板塔结合,136 万,10355 元,1,,,VR看装修 | 房本满五年 | 随时看房,https://hui.lianjia.com/ershoufang/105118463538.html
三和经济开发区，新力龙湾，全屋定制家私家电,"新力珑湾 , 三和经济开发区",3室2厅,89.72平米,南,,中楼层(共31层) ,,塔楼,50 万,5573 元,0,,6天以前发布,VR房源 | 随时看房,https://hui.lianjia.com/ershoufang/105122504741.html
"小区环境优美,绿化覆盖率高通透性好，适宜居住","玖龙台 , 潼侨沥林",3室2厅,88.75平米,南,,32层 ,,板塔结合,44 万,4958 元,0,,,VR看装修 | 房本满两年 | 随时看房,https://hui.lianjia.com/ershoufang/105121976855.html
横厅大四房，交通便利，配套齐全。,"龙光城北八期 , 龙光城",4室2厅,118.02平米,南 北,精装,17层 ,,板塔结合,117.1 万,9923 元,3,,,VR看装修 | 房本满五年 | 随时看房,https://hui.lianjia.com/ershoufang/105119859293.html
德润天峰中间楼层朝正南小三房诚意售出,"德润天峰 , 潼侨沥林",3室2厅,79.89平米,南,毛坯,18层 ,,板塔结合,38 万,4757 元,0,,,VR看装修 | 随时看房,https://hui.lianjia.com/ershoufang/105121373911.html
天睿南花园中间  4+1房南北通 景观好 无欠款 无个税,"太东星河丹堤天睿花园南区 , 吾悦广场",5室1厅,136.47平米,南 北,毛坯,34层 ,,板塔结合,122 万,8940 元,2,,,VR房源 | 房本满五年 | 随时看房,https://hui.lianjia.com/ershoufang/105116882642.html
德威摩卡小镇 3室2厅 南,"德威摩卡小镇 , 江北",3室2厅,118.24平米,南,精装,中楼层(共24层) ,,塔楼,85 万,7189 元,0,,,VR看装修 | 房本满两年,https://hui.lianjia.com/ershoufang/105122239511.html
房子朝南户型，视野开阔，随时看房。。。,"德丰凯旋城北区 , 大亚湾中心区",2室1厅,42平米,北,毛坯,26层 ,,板塔结合,22.5 万,5358 元,63,,,VR看装修 | 随时看房,https://hui.lianjia.com/ershoufang/105102337461.html
业主红本在手，南北通，品质小区,"君跃荃新时代 , 大亚湾中心区",3室2厅,87.3平米,南,毛坯,29层 ,,塔楼,47 万,5384 元,0,,,VR房源 | 房本满五年 | 随时看房,https://hui.lianjia.com/ershoufang/105119459607.html
业主急售，此房 户型方正 视野开阔 ，采光好,"蓝湾星宸一期 , 大亚湾中心区",2室2厅,77.32平米,东南,毛坯,33层 ,,板塔结合,24.8 万,3208 元,0,,12天以前发布,VR房源 | 房本满五年 | 随时看房,https://hui.lianjia.com/ershoufang/105122432857.html
小区自带高尔夫景观 中高层视野好原值高无个税可谈,"恒大棕榈岛 , 白云新城",4室2厅,113.12平米,南,,29层 ,,板塔结合,68 万,6012 元,1,,,VR房源 | 房本满五年 | 随时看房,https://hui.lianjia.com/ershoufang/105113221028.html
蓝光雍和园精装三房坐拥红花湖桃花源双景区,"蓝光雍和园 , 龙丰",3室1厅,107平米,东南,简装,中楼层(共33层) ,,板楼,98 万,9159 元,0,,,VR房源 | 房本满两年,https://hui.lianjia.com/ershoufang/105121753399.html
城市zhong心，奢居典范——尊享hao宅，开启品质生活,"鑫月·汇峰 , 东平",3室2厅,126.74平米,北,精装,高楼层(共30层) ,,板塔结合,78.8 万,6218 元,1,,,VR看装修 | 随时看房,https://hui.lianjia.com/ershoufang/105119889950.html
金悦华府四房129平，南北通，靠花园里面不吵，高层,"金悦华府 , 东江新城",4室2厅,129.87平米,南,毛坯,高楼层(共40层) ,,板塔结合,125 万,9626 元,99,,,VR看装修 | 房本满两年 | 随时看房,https://hui.lianjia.com/ershoufang/105117493013.html
拎包即住→精装两房 朝南！视野开——阔 装修用料扎实,"万城 , 白云新城",2室2厅,68.12平米,南,精装,17层 ,,板塔结合,41.88 万,6148 元,0,,,VR看装修 | 房本满五年,https://hui.lianjia.com/ershoufang/105121467708.html
楼下鹿江公园露营底，楼层好，户型方正,"富盈公馆三期 , 马安",3室2厅,101.03平米,东南,毛坯,中楼层(共32层) ,,板塔结合,68 万,6731 元,1,,,VR看装修 | 房本满两年 | 随时看房,https://hui.lianjia.com/ershoufang/105121899770.html
三房二厅1卫实用小户房子采光好视野开阔配套成熟,"中海凯旋城五六期 , 河南岸",3室2厅,88平米,南,,32层 ,,板塔结合,86 万,9773 元,0,,,VR房源 | 随时看房,https://hui.lianjia.com/ershoufang/105121026489.html
星河荣域 3室1厅 南,"星河荣域 , 南站新城",3室1厅,98.32平米,南,毛坯,33层 ,,板塔结合,70 万,7120 元,0,,,VR房源 | 房本满两年 | 随时看房,https://hui.lianjia.com/ershoufang/105120643524.html
不欠款，视野好，小区安静舒适，看龙尾山水库,"荣盛御湖观邸 , 比亚迪商圈",4室2厅,115.52平米,东南,精装,32层 ,,板楼,55 万,4762 元,0,,,VR看装修 | 房本满五年 | 随时看房,https://hui.lianjia.com/ershoufang/105121006425.html
曦江润府一期 江景毛坯四房  大阳台 视野开阔,"曦江润府 , 东江新城",4室2厅,135.25平米,西南,毛坯,低楼层(共33层) ,,塔楼,155 万,11461 元,0,,,VR看装修 | 房本满两年 | 随时看房,https://hui.lianjia.com/ershoufang/105120490515.html
精装修，朝向好，标准3房2卫，看房方便。,"玖悦府 , 麦地",3室2厅,105.99平米,东南,精装,低楼层(共26层) ,,板塔结合,99 万,9341 元,0,,,VR看装修 | 随时看房,https://hui.lianjia.com/ershoufang/105121644842.html
金山湖山姆店！奥体中洲天御花园大社区 家门口翠竹42,"中洲天御二期 , 河南岸",3室2厅,92.77平米,南,精装,低楼层(共33层) ,,板塔结合,105 万,11319 元,0,,,VR看装修 | 房本满两年 | 随时看房,https://hui.lianjia.com/ershoufang/105120366807.html
红本在手，即买即住，对着小区花园，安静，无遮挡,"龙光城南四期 , 龙光城",4室2厅,106.18平米,南,毛坯,34层 ,,塔楼,88 万,8288 元,0,,,VR看装修 | 房本满五年 | 随时看房,https://hui.lianjia.com/ershoufang/105119576808.html
满五唯一业主着急出三房品质物业来看,"富康锦绣壹号 , 西区新寮",3室2厅,85.38平米,南,精装,33层 ,,塔楼,83 万,9722 元,0,,,VR房源 | 房本满五年 | 随时看房,https://hui.lianjia.com/ershoufang/105122137612.html
大亚湾澳头2房高楼层带装修带租约红本在手,"大江新都大厦 , 澳头",2室1厅,74.14平米,东北,简装,24层 ,,板塔结合,22.5 万,3035 元,1,,,VR看装修 | 房本满五年,https://hui.lianjia.com/ershoufang/105119178220.html
户型格局方正，全新未住过，楼层采光好,"卓越东部蔚蓝海岸八期 , 西区新寮",3室2厅,98平米,东,精装,中楼层(共33层) ,,板塔结合,88 万,8980 元,0,,,VR看装修 | 随时看房,https://hui.lianjia.com/ershoufang/105120028891.html
急售！急售！急售！三个阳台少有户型汇鑫花园,"汇鑫花园 , 新行政区",3室2厅,123平米,南 北,毛坯,16层 ,,塔楼,45.8 万,3724 元,2,,,VR看装修 | 房本满五年 | 随时看房,https://hui.lianjia.com/ershoufang/105121494915.html
户型方正，业主诚意出售，密码看房，随时可看，,"保利天汇 , 河南岸",3室2厅,87.65平米,东南,,高楼层(共32层) ,,板塔结合,90 万,10269 元,1,,,VR房源 | 房本满两年 | 随时看房,https://hui.lianjia.com/ershoufang/105118571863.html
正规一房一厅，业主诚心出售，看房方便,"海粤名庭 , 大亚湾中心区",1室1厅,57.05平米,南,毛坯,低楼层(共19层) ,,塔楼,18 万,3156 元,3,,,VR看装修 | 房本满五年 | 随时看房,https://hui.lianjia.com/ershoufang/105121939799.html
"大平台,朝南向，一线临深，户型利用率高","美景印象 , 西区新寮",3室2厅,100.58平米,南 北,精装,31层 ,,板塔结合,99.8 万,9923 元,6,,,VR房源 | 房本满五年 | 随时看房,https://hui.lianjia.com/ershoufang/105116945608.html
钱隆樽品 全新装修4房 南北通透 拎包入住业主急卖,"福晟钱隆樽品花园 , 陈江",4室1厅,101.07平米,南 东南 北,精装,33层 ,,塔楼,81 万,8015 元,0,,31天以前发布,VR看装修 | 房本满两年 | 随时看房,https://hui.lianjia.com/ershoufang/105122249279.html
满五唯一 朝南 房子保养新 装修很不错 使用率高,"康怡轩 , 江北",3室1厅,92平米,南,,高楼层(共30层) ,,塔楼,69.6 万,7566 元,0,,29天以前发布,VR房源 | 房本满五年,https://hui.lianjia.com/ershoufang/105122280576.html
临深大四房 双阳台诚心出售 产权清晰,"正兆千树晴山 , 西区新寮",4室2厅,127.9平米,南,毛坯,31层 ,,板楼,75 万,5864 元,0,,6天以前发布,VR房源 | 随时看房,https://hui.lianjia.com/ershoufang/105122502107.html
中骏雍景台 花园高层3房 诚意出售 过户交契税！,"中骏雍景台 , 马安",3室2厅,95.52平米,南,毛坯,高楼层(共33层) ,,板楼,66.5 万,6962 元,0,,,VR看装修 | 随时看房,https://hui.lianjia.com/ershoufang/105121667377.html
星河S2区，朝南三房，中高楼层，全明格局，红本在手,"星河丹堤S2区 , 南站新城",3室2厅,78.73平米,南,毛坯,高楼层(共32层) ,,板塔结合,70 万,8892 元,4,,,VR看装修 | 房本满五年 | 随时看房,https://hui.lianjia.com/ershoufang/105119442302.html
接地气3房 视野开阔小区生活方便 近市场和巴士车站,"碧桂园十里银滩海悦湾 , 十里银滩",3室1厅,78.66平米,东 东南,精装,30层 ,,板塔结合,31.6 万,4018 元,2,,,VR看装修 | 房本满五年 | 随时看房,https://hui.lianjia.com/ershoufang/105121763238.html
大中华精装大三房，拎包入住，视野很好,"大中华幸福城 , 西区新寮",3室1厅,113.02平米,南,精装,32层 ,,板楼,105 万,9291 元,0,,,VR房源 | 房本满两年 | 随时看房,https://hui.lianjia.com/ershoufang/105122111672.html
满五唯一，视野宽阔，采光充足，配套齐全，交通便利,"江湾南岸二期 , 江北",4室2厅,149.33平米,南,毛坯,低楼层(共39层) ,,板塔结合,175 万,11720 元,0,,,VR看装修 | 随时看房,https://hui.lianjia.com/ershoufang/105116717682.html
万达商圈次新房，业主诚心出售，精品小两房,"瑞禧园 , 万达",2室2厅,52.63平米,东,毛坯,低楼层(共33层) ,,板塔结合,45 万,8551 元,8,,,VR看装修 | 随时看房,https://hui.lianjia.com/ershoufang/105120500625.html
鑫月城三房东西通精装旁边就是体育馆轻轨物业,"鑫月御景湾 , 陈江",3室2厅,88平米,东 西,精装,28层 ,,塔楼,55 万,6250 元,1,,,VR房源 | 房本满五年 | 随时看房,https://hui.lianjia.com/ershoufang/105118144003.html
恒安绿园二房诚心卖，户型方正，满五唯一,"恒安绿园 , 吾悦广场",2室1厅,80.64平米,南,简装,18层 ,,板塔结合,38 万,4713 元,2,,,VR看装修 | 房本满五年 | 随时看房,https://hui.lianjia.com/ershoufang/105118380325.html
保利央企 温馨 3房2厅2卫 近公园 近商圈 交通便利,"保利鹿江来 , 水口",3室2厅,95.73平米,东南,毛坯,中楼层(共27层) ,,板塔结合,78 万,8148 元,1,,,VR看装修 | 房本满两年 | 随时看房,https://hui.lianjia.com/ershoufang/105116258439.html
梵高的海 46平一室 单边位 明窗 居住舒适,"小径海岸城花园 , 霞涌",1室1厅,47.95平米,西南,简装,30层 ,,板楼,19.8 万,4130 元,1,,,VR房源 | 房本满两年 | 随时看房,https://hui.lianjia.com/ershoufang/105120789474.html
东江学府一期，大4房南北通，花园中间安静不吵,"东江学府一期 , 河南岸",4室2厅,159平米,南,精装,中楼层(共6层) ,,板楼,99 万,6227 元,0,,,VR房源 | 随时看房,https://hui.lianjia.com/ershoufang/105122118536.html
次新小区 碧桂园揽月居 精装4房2卫 南北通户型,"碧桂园揽月居 , 水口",4室2厅,115.05平米,南,精装,低楼层(共25层) ,,板塔结合,72 万,6259 元,0,,,VR看装修 | 随时看房,https://hui.lianjia.com/ershoufang/105121111768.html
全新装修南北通透双阳台，满五唯一，户型方正视野宽阔,"康城四季棕榈园 , 惠环",3室2厅,84.47平米,南 北,精装,18层 ,,塔楼,55 万,6512 元,0,,,VR看装修 | 房本满五年,https://hui.lianjia.com/ershoufang/105122004580.html
百万大盘万达益田城市综合体精装三房价格可谈,"翡翠山城君御 , 万达",3室2厅,104.61平米,南,精装,34层 ,,板塔结合,87 万,8317 元,0,,,VR看装修 | 房本满五年 | 随时看房,https://hui.lianjia.com/ershoufang/105116448118.html
富盈公馆，精装修2房，业主保养的很好,"富盈公馆一期 , 马安",2室1厅,66.56平米,南,精装,20层 ,,板楼,54.8 万,8234 元,0,,,VR看装修 | 房本满五年,https://hui.lianjia.com/ershoufang/105121709352.html
天啊 没有看过这么好的房子   快来呀,"东湖花园九区 , 东平",3室1厅,133平米,西,精装,中楼层(共35层) ,,板塔结合,156 万,11730 元,0,,,VR房源 | 随时看房,https://hui.lianjia.com/ershoufang/105119319312.html
碧桂园盛汇3房   生活配套 交通便利 装修好,"碧桂园盛汇 , 龙丰",3室2厅,96.06平米,东南,精装,高楼层(共33层) ,,塔楼,73.8 万,7683 元,0,,,VR看装修 | 房本满五年 | 随时看房,https://hui.lianjia.com/ershoufang/105118226515.html
西江花园安静不吵东南向3房业主,"隆生西江花园 , 东江新城",3室2厅,119.33平米,东南,毛坯,低楼层(共32层) ,,塔楼,126 万,10559 元,0,,,VR看装修 | 房本满两年 | 随时看房,https://hui.lianjia.com/ershoufang/105122092225.html
华侨城 喜洲 双阳台 大社区 中芯  江景房,"喜洲一期 , 惠东县城",4室2厅,136平米,西南,毛坯,17层 ,,板塔结合,95 万,6986 元,0,,,VR看装修 | 房本满两年 | 随时看房,https://hui.lianjia.com/ershoufang/105120161893.html
环境优美，配套齐全，适合居住    百万别墅大盘,"半岛1号五期 , 白云新城",3室2厅,106.91平米,南,毛坯,24层 ,,板塔结合,75 万,7016 元,0,,,VR看装修 | 房本满五年 | 随时看房,https://hui.lianjia.com/ershoufang/105120204579.html
房子满五年，产权清晰，业主外地发展打算出售,"冠华城桂香园 , 西区新寮",4室2厅,101.4平米,南 北,毛坯,20层 ,,板塔结合,69 万,6805 元,1,,,VR房源 | 随时看房,https://hui.lianjia.com/ershoufang/105120461189.html
环境好    安静舒适   配套完善,"宝安山水龙城 , 水口",3室2厅,104平米,南,,高楼层(共27层) ,,塔楼,80 万,7693 元,0,,,VR看装修 | 随时看房,https://hui.lianjia.com/ershoufang/105114254389.html
海惠花园二区中间楼层看花园，交通便利，配套齐全,"海惠花园二区 , 吾悦广场",3室2厅,109.64平米,南,精装,18层 ,,塔楼,61 万,5564 元,2,,,VR看装修 | 房本满五年 | 随时看房,https://hui.lianjia.com/ershoufang/105121141102.html
业主急售 朝南大阳台视野好 家私家电齐全精装修,"中兴佳苑 , 大亚湾中心区",1室1厅,51.4平米,南,简装,26层 ,,塔楼,23 万,4475 元,0,,21天以前发布,VR看装修 | 房本满五年 | 随时看房,https://hui.lianjia.com/ershoufang/105122344707.html
万丽苑精装3房采光好使用率高.,"万丽苑 , 水口",3室2厅,99.31平米,南,精装,中楼层(共21层) ,,板塔结合,70 万,7049 元,0,,29天以前发布,VR看装修 | 房本满两年,https://hui.lianjia.com/ershoufang/105122276281.html
万达吾悦益田商场为邻  南 北 通 透  视野好,"金汇上元 , 万达",4室2厅,111.3平米,南 北,毛坯,26层 ,,塔楼,62 万,5571 元,2,,,VR房源 | 随时看房,https://hui.lianjia.com/ershoufang/105116895935.html
高楼层，视野开阔采光好，诚心出售.,"汇显城市公园 , 汝湖",3室2厅,85.49平米,南,毛坯,27层 ,,板楼,55 万,6434 元,0,,,VR看装修 | 房本满两年 | 随时看房,https://hui.lianjia.com/ershoufang/105122095304.html
新力城的房子户型好，光线好，住家很舒服。,"新力城三期 , 水口",3室2厅,89.77平米,东南 南,,中楼层(共32层) ,,板楼,60 万,6684 元,1,,,VR看装修 | 随时看房,https://hui.lianjia.com/ershoufang/105119084073.html
精装修，三房两卫，中间楼层，户型方正，保养好,"金宝创业家园 , 惠环",3室2厅,106.95平米,北,精装,中楼层(共8层) ,,板楼,36.8 万,3441 元,1,,22天以前发布,VR看装修 | 房本满五年 | 随时看房,https://hui.lianjia.com/ershoufang/105122335193.html
金悦华府安静不吵3房2卫全新装修，户型方正诚意出售,"金悦华府 , 东江新城",3室1厅,93平米,南,精装,低楼层(共32层) ,,塔楼,110 万,11828 元,1,,,VR看装修 | 房本满两年 | 随时看房,https://hui.lianjia.com/ershoufang/105121577546.html
江誉城一期 江景4房 无可挑剔的视野 高层钟爱,"德威江誉城1期 , 马安",4室1厅,123平米,南,毛坯,高楼层(共32层) ,,塔楼,101 万,8212 元,0,,,VR房源 | 房本满五年 | 随时看房,https://hui.lianjia.com/ershoufang/105121789265.html
新力花园 车位充足 刚需小三居 精装可拎包入住商品房,"新力城一期 , 水口",3室2厅,89.83平米,南,精装,33层 ,,板楼,73 万,8127 元,0,,,VR看装修 | 房本满五年 | 随时看房,https://hui.lianjia.com/ershoufang/105119808077.html
临深片区，双地铁口，3房2厅2卫出售,"安罝小区 , 西区新寮",3室2厅,120.4平米,南,毛坯,32层 ,,板塔结合,68 万,5648 元,0,,,VR看装修 | 随时看房,https://hui.lianjia.com/ershoufang/105116956729.html
小区绿化面积大，住着舒心舒服，看房方便,"金宝城市佳园 , 惠环",2室2厅,80.54平米,南 北,简装,高楼层(共18层) ,,板塔结合,38 万,4719 元,0,,,VR房源,https://hui.lianjia.com/ershoufang/105121584707.html
金城广场，朝南户型急售，方正采光好，佳兆业旁,"金城广场君华府 , 江北",3室2厅,125平米,西北,精装,高楼层(共30层) ,,板楼,68 万,5440 元,2,,,VR房源 | 房本满五年,https://hui.lianjia.com/ershoufang/105115849363.html
壹号公馆大五房，房子毛坯，欢迎带看,"壹号公馆 , 惠环",5室2厅,117.47平米,东南 南,,低楼层(共31层) ,,板塔结合,69 万,5874 元,0,,16天以前发布,VR房源 | 随时看房,https://hui.lianjia.com/ershoufang/105122388608.html
中洲半岛城邦四期 3室2厅 南,"中洲半岛城邦四期 , 博罗中心区",3室2厅,95平米,南,简装,32层 ,,板塔结合,62.8 万,6611 元,0,,,VR看装修 | 房本满五年 | 随时看房,https://hui.lianjia.com/ershoufang/105118666339.html
佳兆业一期 保养好  户型方正 交通便利,"佳兆业中心一期 , 江北",1室1厅,41平米,东 西,,29层 ,,板塔结合,29.5 万,7196 元,0,,,VR看装修 | 房本满五年,https://hui.lianjia.com/ershoufang/105118691645.html
壹城二区三房两卫朝南中高楼层视野开阔,"壹城中心2区 , 陈江",3室2厅,98.69平米,南,毛坯,高楼层(共31层) ,,塔楼,75 万,7600 元,0,,24天以前发布,VR看装修 | 房本满五年 | 随时看房,https://hui.lianjia.com/ershoufang/105122317852.html
鸿润花园东南向三房，装修保养好，中间楼层采光好,"鸿润花园 , 麦地",3室2厅,126.84平米,东南,精装,高楼层(共30层) ,,塔楼,126 万,9934 元,0,,,VR房源 | 随时看房,https://hui.lianjia.com/ershoufang/105122158814.html
证已满两年，无增值税，成本低，此价带有证车位，,"领峰花园 , 汝湖",4室2厅,114.86平米,南,,低楼层(共32层) ,,,95 万,8271 元,0,,,VR看装修 | 房本满两年 | 随时看房,https://hui.lianjia.com/ershoufang/105121688187.html
一线江景  复式三层带露台 带个车位出售,"滨江大厦 , 下埔",5室2厅,266.97平米,东北,精装,高楼层(共13层) ,,,158 万,5919 元,0,,,VR房源 | 房本满五年 | 随时看房,https://hui.lianjia.com/ershoufang/105121509654.html
江湾南岸二期七米长大阳台一线江景视野开阔可看天鹅桥,"江湾南岸二期 , 江北",4室2厅,142.38平米,东南,毛坯,高楼层(共44层) ,,板楼,173 万,12151 元,1,,,VR看装修 | 房本满两年 | 随时看房,https://hui.lianjia.com/ershoufang/105116845307.html
大中华花园中间，146平南北通透大四房，给你理想生活,"大中华幸福城 , 西区新寮",4室2厅,146.73平米,南 北,毛坯,32层 ,,板楼,111 万,7565 元,1,,,VR看装修 | 房本满两年 | 随时看房,https://hui.lianjia.com/ershoufang/105121112231.html
临深三房两卫精装修全屋定制 拎包入住 业主诚心出售,"碧桂园雅豪轩 , 龙光城",3室2厅,93.41平米,南 北,精装,29层 ,,板塔结合,68 万,7280 元,2,,,VR看装修 | 房本满两年 | 随时看房,https://hui.lianjia.com/ershoufang/105121095469.html
简装一房一厅，房子高楼层，光线视野不错，看房方便,"花样年别样城二期 , 新行政区",1室1厅,41.63平米,东,,29层 ,,板塔结合,15.3 万,3676 元,1,,,VR看装修 | 房本满五年 | 随时看房,https://hui.lianjia.com/ershoufang/105120183475.html
榕城华庭 全新精装 三房两厅 南向看花园,"榕城华庭 , 博罗中心区",3室2厅,103平米,南,精装,18层 ,,塔楼,39.8 万,3865 元,1,,,VR看装修 | 随时看房,https://hui.lianjia.com/ershoufang/105121896843.html
原生态双公园配套，户型方正 ，带装修，视野好,"伴山园 , 比亚迪商圈",3室2厅,75.21平米,东南 南,精装,17层 ,,板塔结合,31 万,4122 元,0,,,VR看装修 | 房本满五年,https://hui.lianjia.com/ershoufang/105117975010.html
龙光城南区，两室两厅带装修拎包入住！,"龙光城南二期 , 龙光城",2室2厅,62.07平米,西北,精装,32层 ,,板塔结合,56.8 万,9151 元,0,,,VR看装修 | 房本满五年 | 随时看房,https://hui.lianjia.com/ershoufang/105121929023.html
业主诚意出售，户型方正，采光靓,"星泽华府 , 水口",3室2厅,123平米,南,,高楼层(共20层) ,,板塔结合,65 万,5285 元,0,,,VR看装修 | 随时看房,https://hui.lianjia.com/ershoufang/105121907072.html
水口天虹旁南贸花园，装修三房双卫户型证在手看房方便,"南贸花园 , 水口",3室2厅,113.41平米,南 北,精装,中楼层(共17层) ,,塔楼,82 万,7231 元,1,,,VR房源 | 房本满五年,https://hui.lianjia.com/ershoufang/105121924075.html
随时可以看房，业主诚心出售，价格可以沟通,"渝景湾花园四期 , 澳头",2室2厅,66.46平米,南,,低楼层(共26层) ,,板塔结合,22 万,3311 元,0,,,VR看装修 | 房本满五年 | 随时看房,https://hui.lianjia.com/ershoufang/105122125986.html
德威摩卡小镇两房 ，有车位，精装修，看房方便，,"德威摩卡小镇 , 江北",2室2厅,88.73平米,南,精装,中楼层(共17层) ,,塔楼,65 万,7326 元,1,,,VR看装修 | 房本满五年,https://hui.lianjia.com/ershoufang/105121748676.html
楼层好，采光充足，户型好，小区环境舒适，半围合式,"承翰珀尔世家 , 潼侨沥林",3室2厅,102.03平米,东南 南,精装,32层 ,,塔楼,59.8 万,5862 元,0,,,VR看装修 | 房本满两年 | 随时看房,https://hui.lianjia.com/ershoufang/105121928780.html
皇冠旁合生上观六期 中间楼层装修拎包入住南北双阳台,"合生·上观国际 , 水口",4室2厅,169.54平米,南 北,,中楼层(共32层) ,,板塔结合,148 万,8730 元,0,,,VR看装修 | 房本满五年,https://hui.lianjia.com/ershoufang/105118903056.html
龙丰 轻轨站 大社区 泰富御山郡 全新装修4房未入住,"泰富·御山郡 , 龙丰",4室2厅,107.44平米,南,精装,17层 ,,板塔结合,72.8 万,6776 元,0,,29天以前发布,VR看装修 | 随时看房,https://hui.lianjia.com/ershoufang/105122276998.html
汇乐城 次新小区 德桂佳园 3房 生活方便配套齐全,"德桂佳园一区 , 水口",3室2厅,90.85平米,南,毛坯,低楼层(共26层) ,,塔楼,59.6 万,6561 元,0,,,VR看装修 | 随时看房,https://hui.lianjia.com/ershoufang/105120744960.html
金石花园视野宽阔 采光很好 朝南 交通便利,"金石花园 , 江北",2室1厅,62.46平米,南,简装,中楼层(共18层) ,,塔楼,38 万,6084 元,1,,,VR看装修 | 房本满五年,https://hui.lianjia.com/ershoufang/105121985872.html
龙光城精装大四房  业主诚心急售,"龙光城南四期 , 龙光城",4室1厅,108.77平米,西 北,精装,34层 ,,塔楼,105 万,9654 元,0,,,VR看装修 | 房本满五年 | 随时看房,https://hui.lianjia.com/ershoufang/105121604998.html
实用精装正两房，带入户花园，适合刚需过度，看中可谈,"华兴金盛丽景 , 水口",2室2厅,75.33平米,南,精装,中楼层(共17层) ,,板楼,56 万,7434 元,0,,,VR房源 | 房本满五年 | 随时看房,https://hui.lianjia.com/ershoufang/105119939809.html
江北新小区 高层朝南4房  视野开阔 价格实惠,"御豪庭 , 江北",4室2厅,119.09平米,南,毛坯,高楼层(共29层) ,,塔楼,78 万,6550 元,0,,,VR看装修 | 随时看房,https://hui.lianjia.com/ershoufang/105121780336.html
前排别墅急售，格局好，层高3.3米，15米阳台一线江景,"江湾南岸二期 , 江北",4室2厅,237.3平米,东南,毛坯,中楼层(共6层) ,,板楼,498 万,20987 元,1,,,VR看装修 | 随时看房,https://hui.lianjia.com/ershoufang/105118573446.html
好楼层采光好边位没遮挡，门正不歪,"中骏雍景湾北区 , 河南岸",4室1厅,116平米,南,,低楼层(共33层) ,,塔楼,115 万,9914 元,0,,,VR房源 | 房本满五年 | 随时看房,https://hui.lianjia.com/ershoufang/105120590005.html
三房朝南，中间楼层  有钥匙随时可以看房,"光耀荷兰小城 , 陈江",3室1厅,82.76平米,北,毛坯,中楼层(共33层) ,,板塔结合,43 万,5196 元,0,,,VR看装修 | 随时看房,https://hui.lianjia.com/ershoufang/105120681276.html
半山华庭电梯大两房  滨海公园旁 业主诚心出售,"半山华庭 , 澳头",2室2厅,73.38平米,南,毛坯,27层 ,,板塔结合,24 万,3271 元,5,,,VR看装修 | 房本满五年 | 随时看房,https://hui.lianjia.com/ershoufang/105120966653.html
中海阅江府二期电梯毛坯三房两卫 价格实惠随时看房,"中海阅江府2期 , 东江新城",3室2厅,98.77平米,南,毛坯,低楼层(共27层) ,,板楼,72 万,7290 元,1,,,VR看装修 | 房本满两年 | 随时看房,https://hui.lianjia.com/ershoufang/105121575400.html
好楼层，全新毛坯，采光视野好，50米妇幼保健院,"德明华府 , 河南岸",3室2厅,113.21平米,南,毛坯,32层 ,,板塔结合,78 万,6890 元,1,,16天以前发布,VR房源 | 房本满五年 | 随时看房,https://hui.lianjia.com/ershoufang/105122390068.html
房子装修新诚心出售，采光通风好，4房2卫,"花样年别样城五期 , 新行政区",4室2厅,94.86平米,东南,精装,32层 ,,板塔结合,73 万,7696 元,71,,,VR看装修 | 房本满五年 | 随时看房,https://hui.lianjia.com/ershoufang/105113905110.html
产权清晰，诚心出售，临深，户型方正,"壹方水榭 , 白云新城",4室2厅,110平米,南 北,毛坯,中楼层(共30层) ,,板塔结合,66 万,6000 元,1,,,VR看装修 | 房本满两年 | 随时看房,https://hui.lianjia.com/ershoufang/105118361480.html
新城四房两卫，业主急售，看中可谈,"新城·金樾江南 , 博罗中心区",4室2厅,123.63平米,南 北,毛坯,低楼层(共30层) ,,塔楼,40 万,3236 元,0,,10天以前发布,VR房源 | 房本满两年 | 随时看房,https://hui.lianjia.com/ershoufang/105122457423.html
星河盛世实用四房无欠款美女业主房子诚心出售,"惠州星河盛世 , 白云新城",4室2厅,89.92平米,南,毛坯,30层 ,,塔楼,59 万,6562 元,1,,,VR房源 | 房本满两年 | 随时看房,https://hui.lianjia.com/ershoufang/105119686564.html
阳光新苑 3室2厅 东南,"阳光新苑 , 水口",3室2厅,89.67平米,东南,精装,高楼层(共17层) ,,板塔结合,75 万,8365 元,0,,18天以前发布,VR看装修 | 房本满五年,https://hui.lianjia.com/ershoufang/105122367297.html
壹城5期大花园4房南北通，中间楼层，业主诚心卖,"壹城中心1区 , 陈江",4室2厅,113.95平米,南 北,毛坯,中楼层(共32层) ,,塔楼,87 万,7635 元,0,,,VR看装修 | 房本满两年 | 随时看房,https://hui.lianjia.com/ershoufang/105121130499.html
一期好位置 中间好楼层 户型方正实用 随时看房,"中洲河谷花园 , 新行政区",4室2厅,107.24平米,东南,毛坯,高楼层(共32层) ,,板塔结合,53.8 万,5017 元,1,,,VR看装修 | 随时看房,https://hui.lianjia.com/ershoufang/105116984479.html
60栋大社区  惠阳汽车站旁 交通方便,"花样年别样城五期 , 新行政区",5室2厅,119.74平米,东南 东北,毛坯,32层 ,,板塔结合,69.8 万,5830 元,0,,,VR看装修 | 房本满五年 | 随时看房,https://hui.lianjia.com/ershoufang/105117735950.html
此房精装修 原购价格高 无个税！看小区喷泉,"恒大依山海湾 , 澳头",4室2厅,117.68平米,南 北,精装,中楼层(共32层) ,,板塔结合,73.8 万,6272 元,2,,,VR看装修 | 房本满两年,https://hui.lianjia.com/ershoufang/105116886140.html
中间楼层景观好居住舒适适合小年轻或是长者,"龙光城南一期 , 龙光城",1室1厅,41.36平米,东南,精装,28层 ,,板塔结合,30 万,7254 元,1,,,VR房源 | 房本满五年,https://hui.lianjia.com/ershoufang/105120877523.html
地跌口的位置，格局好，采光好，人流量密集,"锦江海悦中心 , 草洋新区",5室2厅,115.42平米,南 北,毛坯,29层 ,,板塔结合,69 万,5979 元,0,,,VR看装修 | 房本满两年 | 随时看房,https://hui.lianjia.com/ershoufang/105117300728.html
临深2.5公里，深圳通勤方便，大户型适合居家,"珠江四季悦城二期 , 西区新寮",4室2厅,134.72平米,南,精装,33层 ,,塔楼,92 万,6829 元,0,,,VR看装修 | 房本满两年 | 随时看房,https://hui.lianjia.com/ershoufang/105120771555.html
汇港城旁，业主自住装修，保养好，3房2卫，朝南向。,"花伴里花园 , 惠环",3室2厅,95.96平米,南,精装,低楼层(共26层) ,,塔楼,53 万,5524 元,0,,21天以前发布,VR房源 | 房本满五年,https://hui.lianjia.com/ershoufang/105122346163.html
小区环境很好绿化优美 户型方正采光好 精装拎包入住,"海景城 , 澳头",4室2厅,120.47平米,东南,精装,33层 ,,板塔结合,85 万,7056 元,0,,,VR看装修 | 房本满五年 | 随时看房,https://hui.lianjia.com/ershoufang/105120513131.html
业主红本无欠款. 朝南看花园，楼间距宽视野好,"龙光城北八期 , 龙光城",4室2厅,97.53平米,南,精装,17层 ,,板塔结合,89.8 万,9208 元,0,,30天以前发布,VR看装修 | 房本满五年,https://hui.lianjia.com/ershoufang/105122265769.html
小区高档 绿化环境好 精装修 原购价高 少税费,"合生滨海城 , 澳头",4室2厅,161.97平米,南 北,,31层 ,,板塔结合,86 万,5310 元,0,,,VR房源 | 房本满五年 | 随时看房,https://hui.lianjia.com/ershoufang/105121675650.html
精挑细选好房隆生鹿江花园大四房正入户高层视野采光好,"隆生鹿江花园 , 马安",4室2厅,127.36平米,西南,毛坯,高楼层(共32层) ,,塔楼,137 万,10757 元,1,,,VR看装修 | 随时看房,https://hui.lianjia.com/ershoufang/105120674987.html
新城香悦澜山 楼层好视野好 业主诚意出售,"新城香悦澜山 , 博罗中心区",4室2厅,127.98平米,南 北,,中楼层(共33层) ,,板塔结合,51 万,3985 元,0,,,VR看装修 | 随时看房,https://hui.lianjia.com/ershoufang/105116997022.html
欢洋苑 3室2厅 南 北,"欢洋苑 , 开城大润发",3室2厅,79.7平米,南 北,,8层 ,,板塔结合,28 万,3514 元,0,,28天以前发布,VR看装修 | 房本满五年 | 随时看房,https://hui.lianjia.com/ershoufang/105122289859.html
壹城11期24年交楼次新小区南北通四房户型好楼层,"壹城中心11区 , 陈江",4室2厅,113平米,南 北,毛坯,中楼层(共32层) ,,塔楼,88.8 万,7859 元,0,,,VR看装修 | 随时看房,https://hui.lianjia.com/ershoufang/105121579642.html
方直东岸全湖景南北通户型 长阳台，楼层靓,"方直东岸 , 河南岸",4室2厅,125平米,南,毛坯,32层 ,,板塔结合,178 万,14240 元,0,,,VR看装修 | 房本满五年 | 随时看房,https://hui.lianjia.com/ershoufang/105121973256.html
楼层好 前看花园泳池后看河 视野开阔,"保利阳光城四期 , 白云新城",3室2厅,102.31平米,南 北,毛坯,31层 ,,板塔结合,62 万,6061 元,0,,,VR看装修 | 房本满两年 | 随时看房,https://hui.lianjia.com/ershoufang/105121948824.html
高duan大社区 税费少 户型方正 朝南 采光通风好,"恒大紫荆学府棕榈岛 , 白云新城",3室2厅,90.89平米,东南,精装,低楼层(共25层) ,,板塔结合,55 万,6052 元,3,,,VR看装修 | 房本满五年 | 随时看房,https://hui.lianjia.com/ershoufang/105120132317.html
仲恺成熟商圈龙湖一级物业，南北通双阳台大四房中高层,"华廷悦府 , 陈江",4室2厅,108.5平米,南 北,,中楼层(共31层) ,,板塔结合,85 万,7835 元,0,,,VR房源 | 随时看房,https://hui.lianjia.com/ershoufang/105114201826.html
西区五小旁边仁和美地花园、南北通四房诚心出售价可谈,"仁和美地家园 , 吾悦广场",4室2厅,115.91平米,南,毛坯,32层 ,,板塔结合,67 万,5781 元,3,,,VR看装修 | 随时看房,https://hui.lianjia.com/ershoufang/105120150136.html
惠阳繁华地段 漂亮一房  拎包入住,"中豪国际 , 区政府",1室0厅,48.28平米,南,精装,20层 ,,板塔结合,13.8 万,2859 元,1,,,VR看装修 | 房本满五年 | 随时看房,https://hui.lianjia.com/ershoufang/105121087034.html
半山豪庭 精装出售 生活便利 环境好,"半山豪庭 , 博罗中心区",3室2厅,83.58平米,南,精装,高楼层(共19层) ,,塔楼,45 万,5385 元,0,,,VR房源 | 房本满五年 | 随时看房,https://hui.lianjia.com/ershoufang/105120805761.html
2020交房 次新小区 实用户型 看湖景 视野无遮挡,"星河丹堤S2区 , 南站新城",4室2厅,106.39平米,南,毛坯,低楼层(共33层) ,,板塔结合,120 万,11280 元,0,,,VR看装修 | 房本满两年 | 随时看房,https://hui.lianjia.com/ershoufang/105119437358.html
满五唯一，采光通风好，视野广阔，朝南花园，中间楼层,"天顺俊园 , 吾悦广场",3室1厅,79.61平米,南,精装,30层 ,,板塔结合,39.8 万,5000 元,2,,,VR房源 | 房本满五年 | 随时看房,https://hui.lianjia.com/ershoufang/105118759056.html
精装修 高拓四房 朝南向 近华附和商场 楼下环湖绿道,"星河丹堤S2区 , 南站新城",4室2厅,95.26平米,南,精装,34层 ,,板塔结合,125 万,13122 元,1,,,VR看装修 | 房本满两年 | 随时看房,https://hui.lianjia.com/ershoufang/105119101799.html
急售，朝南看园林安静、税费少，红本在手,"家悦龙庭 , 万达",3室2厅,89平米,南,毛坯,29层 ,,板塔结合,54 万,6068 元,0,,,VR看装修 | 随时看房,https://hui.lianjia.com/ershoufang/105116848344.html
大户型三房，带大平台，使用空间大，无个税,"海恋家 , 澳头",3室2厅,150.9平米,南,毛坯,8层 ,,板塔结合,50 万,3314 元,7,,,VR房源 | 房本满五年 | 随时看房,https://hui.lianjia.com/ershoufang/105111183568.html
万城 5室3厅 南 北,"万城 , 白云新城",5室3厅,187.43平米,南 北,精装,18层 ,,板塔结合,233.8 万,12474 元,0,,,VR房源 | 房本满两年,https://hui.lianjia.com/ershoufang/105121367148.html
天安珑城3期 111平3房 视野彩光好看花园,"天安珑城 , 区政府",3室2厅,111.37平米,南,毛坯,32层 ,,板楼,105 万,9429 元,1,,,VR看装修 | 房本满五年 | 随时看房,https://hui.lianjia.com/ershoufang/105120571901.html
临深精装大四房 南北通 大客厅 可拎包入住,"九洲玉带湾 , 白云新城",4室2厅,120平米,南 北,精装,33层 ,,板塔结合,100 万,8334 元,0,,12天以前发布,VR房源 | 随时看房,https://hui.lianjia.com/ershoufang/105122435012.html
满五唯一 户型方正 业主诚心卖,"中萃1829 , 澳头",2室1厅,62.5平米,南 北,毛坯,28层 ,,塔楼,21 万,3360 元,1,,,VR看装修 | 房本满五年 | 随时看房,https://hui.lianjia.com/ershoufang/105117774113.html
房子布局方正，装修好，楼层位置 好，通风采光视野好,"新祺园 , 新行政区",3室2厅,89平米,东南,精装,32层 ,,板塔结合,68 万,7641 元,0,,,VR看装修 | 房本满五年,https://hui.lianjia.com/ershoufang/105121098676.html
龙光城北五期南北通大四房楼层高视野好,"龙光城北五期 , 龙光城",4室2厅,127平米,南 北,精装,32层 ,,板塔结合,145 万,11418 元,0,,,VR看装修 | 随时看房,https://hui.lianjia.com/ershoufang/105116920816.html
中区华府 大三房 房子保养靓 中高层 税费少,"中区华府二期 , 区政府",3室2厅,127.67平米,西南,精装,12层 ,,板塔结合,69 万,5405 元,0,,,VR房源 | 房本满五年,https://hui.lianjia.com/ershoufang/105117425885.html
中区华府三房两卫朝向采光好  业主诚心出售  价格可谈,"中区华府三期 , 区政府",3室2厅,116.1平米,东,简装,18层 ,,板塔结合,68 万,5858 元,0,,,VR房源 | 房本满五年 | 随时看房,https://hui.lianjia.com/ershoufang/105120934358.html
区政府天虹旁 花园大社区 环境优美 宜居住 配套齐全,"尚城世家二期 , 区政府",3室2厅,92.85平米,东南,精装,26层 ,,板塔结合,68.8 万,7410 元,0,,,VR看装修 | 房本满五年,https://hui.lianjia.com/ershoufang/105115986720.html
临深小户型  配套好  好出租,"安罝小区 , 西区新寮",2室2厅,73.62平米,南 北,毛坯,32层 ,,板塔结合,40 万,5434 元,0,,,VR看装修 | 房本满两年 | 随时看房,https://hui.lianjia.com/ershoufang/105121418619.html
一手交房  一手交诚信  二手都要硬,"壹城中心2区 , 陈江",4室2厅,124.38平米,东南,,低楼层(共32层) ,,塔楼,79 万,6352 元,1,,,VR看装修 | 房本满五年 | 随时看房,https://hui.lianjia.com/ershoufang/105116293500.html
"户型格局好,,视野宽阔,采光，交通便利","冠臣御品花园 , 新行政区",3室1厅,103平米,东南,,28层 ,,板塔结合,69.8 万,6777 元,0,,,VR看装修 | 随时看房,https://hui.lianjia.com/ershoufang/105121970703.html
新力城一期，自住精装3房，保养好，直接可以拎包入住,"新力城一期 , 水口",3室2厅,109平米,南 北,精装,低楼层(共28层) ,,板楼,94.5 万,8670 元,0,,,VR看装修,https://hui.lianjia.com/ershoufang/105122221719.html
标准大三房，采光视野很好，楼层也不错,"卓越东部蔚蓝海岸一期 , 西区新寮",3室2厅,114.83平米,南,毛坯,26层 ,,板塔结合,68 万,5922 元,0,,,VR房源 | 房本满五年 | 随时看房,https://hui.lianjia.com/ershoufang/105120190093.html
金山湖片区，东江学府五期，环境安静优雅，生活便利。,"东江学府五期 , 河南岸",5室2厅,208.35平米,南 北,精装,中楼层(共5层) ,,板塔结合,260 万,12480 元,0,,6天以前发布,VR房源 | 房本满两年,https://hui.lianjia.com/ershoufang/105122500711.html
红本在手 不欠款 地段优越 位置好 装修好 看房方便,"盛华楼一期 , 开城大润发",3室2厅,83.74平米,北,简装,中楼层(共8层) ,,,29 万,3464 元,0,,18天以前发布,VR房源 | 房本满五年 | 随时看房,https://hui.lianjia.com/ershoufang/105122370283.html
旺租户型 位置好 配套成熟 购物交通便利停车位充足,"中梁V城市 , 开城大润发",2室2厅,56.94平米,东南,精装,31层 ,,板塔结合,33 万,5796 元,2,,,VR看装修 | 房本满五年,https://hui.lianjia.com/ershoufang/105116409959.html
隆生仲恺花园 三房两卫急 售 看花园,"隆生仲恺花园 , 陈江",3室2厅,112平米,南,毛坯,32层 ,,塔楼,68 万,6072 元,0,,,VR看装修 | 随时看房,https://hui.lianjia.com/ershoufang/105121854301.html
惠阳星河丹堤背山面水环境宜人适合长期居住,"星河丹堤C区 , 南站新城",4室2厅,133.29平米,南 北,精装,31层 ,,板塔结合,140 万,10504 元,4,,,VR看装修 | 房本满五年,https://hui.lianjia.com/ershoufang/105118223299.html
天虹大润发成熟商圈，两房带租约，中高楼层,"鹏德名苑 , 开城大润发",2室2厅,54.75平米,北,简装,32层 ,,塔楼,25 万,4567 元,1,,12天以前发布,VR房源 | 房本满五年,https://hui.lianjia.com/ershoufang/105122438606.html
大亚湾百万大盘，生活配套齐全，带装修，业主急卖,"华冠花园 , 大亚湾中心区",4室2厅,90.5平米,南,精装,33层 ,,板塔结合,48 万,5304 元,0,,,VR看装修,https://hui.lianjia.com/ershoufang/105121874535.html
水悦龙湾 靓房四房 南北通 田园风 花园中间,"龙光·水悦龙湾 , 东平",4室2厅,143.07平米,南 北,精装,低楼层(共17层) ,,板塔结合,135 万,9436 元,0,,24天以前发布,VR看装修 | 房本满五年 | 随时看房,https://hui.lianjia.com/ershoufang/105122323602.html
富盈公馆前排无遮挡，楼层视野好，居住舒服,"富盈公馆三期 , 马安",3室2厅,102.03平米,南,,高楼层(共31层) ,,板塔结合,66 万,6469 元,0,,,VR看装修 | 房本满两年 | 随时看房,https://hui.lianjia.com/ershoufang/105119795010.html
