标题,地址,户型,面积,朝向,装修情况,层数,建造时间,楼型,总价,每平米单价,关注人数,带看次数,发布时间,标签,详情链接
惠阳好地段 万科物业 业主诚意出售 随时可看房,"清泉城市广场 , 区政府",4室1厅,93.85平米,东南,精装,29层 ,,板塔结合,75 万,7992 元,2,,,VR房源 | 房本满五年 | 随时看房,https://hui.lianjia.com/ershoufang/105119170942.html
业主急售红本在手无欠款满五唯一无个税价格可谈,"御城水都 , 区政府",3室2厅,85.89平米,南,精装,32层 ,,塔楼,79 万,9198 元,1,,29天以前发布,VR看装修 | 房本满两年 | 随时看房,https://hui.lianjia.com/ershoufang/105122275645.html
润阳花园 公园就在家门口，小区内设有幼儿园,"中铭润阳 , 新圩",4室2厅,128.82平米,南,毛坯,中楼层(共12层) ,,板塔结合,59 万,4581 元,0,,17天以前发布,VR房源 | 房本满五年 | 随时看房,https://hui.lianjia.com/ershoufang/105122386959.html
全新装修，3房2卫.采光很好 优越地理位置,"中鑫悦府 , 惠环",3室1厅,86.83平米,西南,,高楼层(共32层) ,,,59.2 万,6818 元,0,,11天以前发布,VR房源 | 随时看房,https://hui.lianjia.com/ershoufang/105122453036.html
稀有复式户型  楼层好  采光好,"碧桂园翠湖湾 , 新圩",4室2厅,179.06平米,东南,精装,高楼层(共17层) ,,塔楼,119 万,6646 元,0,,,VR房源 | 房本满五年,https://hui.lianjia.com/ershoufang/105120965928.html
临深百万大盘，金地小区，近地铁次新小区，业主诚心出,"金地天润自在城二期 , 西区新寮",3室2厅,85.94平米,南,精装,33层 ,,板塔结合,73 万,8495 元,0,,,VR看装修 | 房本满两年 | 随时看房,https://hui.lianjia.com/ershoufang/105119849835.html
精装修拎包可入住，朝南户型好，首付低，有钥匙看房,"御景花园南区 , 下角",2室1厅,54.66平米,南,精装,16层 ,,板塔结合,45 万,8233 元,0,,,VR看装修 | 房本满五年 | 随时看房,https://hui.lianjia.com/ershoufang/105121351737.html
视野好，采光充足，楼层好，户型格局靓,"沣盛凤凰城 , 惠东县城",3室2厅,101.43平米,东南 南,毛坯,17层 ,,板塔结合,40.5 万,3993 元,0,,,VR看装修 | 房本满五年 | 随时看房,https://hui.lianjia.com/ershoufang/105119878490.html
惠州仲恺高新区，高铁站旁边物业！,"奥园尚雅花园二期 , 潼侨沥林",4室2厅,104.03平米,南 北,毛坯,中楼层(共32层) ,,板塔结合,43 万,4134 元,0,,,VR房源 | 房本满两年 | 随时看房,https://hui.lianjia.com/ershoufang/105121248672.html
此房满五唯一 高楼层，视野宽阔，采光充足,"亚迪二村二区 , 澳头",3室1厅,115平米,南,精装,32层 ,,塔楼,45 万,3914 元,1,,,VR房源 | 房本满五年 | 随时看房,https://hui.lianjia.com/ershoufang/105120720680.html
惠阳  东方国际  人民六路旁 大润发 新天虹,"东方国际 , 开城大润发",2室1厅,55.73平米,南 北,简装,9层 ,,板塔结合,16 万,2871 元,3,,,VR房源 | 房本满两年,https://hui.lianjia.com/ershoufang/105121856023.html
金山湖金岸花苑 电梯四房 业主重新装修,"金岸花苑 , 河南岸",4室2厅,107.17平米,东,精装,9层 ,,板楼,69.9 万,6523 元,0,,15天以前发布,VR房源 | 房本满五年,https://hui.lianjia.com/ershoufang/105122404353.html
蓝光雍和园3房2厅2卫房售价仅：107.8万,"蓝光雍和园 , 龙丰",3室2厅,129.38平米,东南,,高楼层(共31层) ,,板楼,107.8 万,8333 元,0,,,VR看装修 | 房本满两年 | 随时看房,https://hui.lianjia.com/ershoufang/105120262945.html
社区有环湖跑道，登山道，小区实行24小时保..,"星河丹堤C区 , 南站新城",4室2厅,149.8平米,南,毛坯,27层 ,,板塔结合,129.8 万,8665 元,7,,,VR看装修 | 房本满五年 | 随时看房,https://hui.lianjia.com/ershoufang/105119050267.html
全新末住过，无抵押，业主诚心出售，价格可谈。,"群峰花园 , 南站新城",3室2厅,94.63平米,东南,,中楼层(共33层) ,,塔楼,55 万,5813 元,0,,,VR看装修 | 房本满两年 | 随时看房,https://hui.lianjia.com/ershoufang/105120939638.html
小4房，视野好，无增值税和个税,"星河丹堤S2区 , 南站新城",4室2厅,95.26平米,南,,34层 ,,板塔结合,108 万,11338 元,0,,,VR看装修 | 房本满两年 | 随时看房,https://hui.lianjia.com/ershoufang/105112696350.html
高铁站旁 天虹大润发商圈 中高层南向3加1房！,"旺东国际广场 , 开城大润发",3室2厅,111.28平米,南,毛坯,30层 ,,塔楼,70 万,6291 元,1,,,VR看装修 | 房本满五年 | 随时看房,https://hui.lianjia.com/ershoufang/105118944501.html
荷兰小城，环境优美，小区空间大，小孩读书方便,"光耀荷兰小城 , 陈江",4室2厅,112平米,南,毛坯,31层 ,,板楼,57 万,5090 元,0,,,VR看装修 | 随时看房,https://hui.lianjia.com/ershoufang/105121033126.html
新天虹 大润发 精装修两房 拎包入住 满五唯一,"旺东国际广场 , 开城大润发",2室2厅,74.65平米,东南,精装,30层 ,,塔楼,53 万,7100 元,0,,,VR看装修 | 房本满五年 | 随时看房,https://hui.lianjia.com/ershoufang/105119988090.html
原值高 采光好 户型方正 精装修两房,"三远大爱城 , 吾悦广场",2室2厅,76.49平米,南,,32层 ,,板塔结合,45 万,5884 元,2,,,VR看装修 | 房本满五年,https://hui.lianjia.com/ershoufang/105119332980.html
临深入住率高，税费低，精装修，配套齐全,"尚城世家二期 , 区政府",3室1厅,113.58平米,东南,精装,26层 ,,板塔结合,118 万,10390 元,0,,,VR房源 | 房本满五年 | 随时看房,https://hui.lianjia.com/ershoufang/105121458711.html
中洲天御 免个税 实用3房 中间楼层 看花园 无遮挡,"中洲天御二期 , 河南岸",3室2厅,93平米,南,毛坯,中楼层(共28层) ,,板塔结合,78 万,8388 元,0,,,VR房源 | 房本满五年 | 随时看房,https://hui.lianjia.com/ershoufang/105117038023.html
区政府 配套齐全 业主急售...,"中港华庭 , 区政府",1室1厅,50平米,东,,26层 ,,塔楼,19.8 万,3960 元,0,,,VR看装修 | 随时看房,https://hui.lianjia.com/ershoufang/105112984971.html
朝南向中间楼层看花园。安静舒适。,"星河丹堤S2区 , 南站新城",4室2厅,93.43平米,东南,毛坯,33层 ,,板塔结合,118 万,12630 元,0,,,VR看装修 | 房本满两年 | 随时看房,https://hui.lianjia.com/ershoufang/105112685026.html
吾悦商圈 南北通户型 配套成熟,"海惠花园二区 , 吾悦广场",3室2厅,124.04平米,南 北,毛坯,18层 ,,塔楼,55 万,4435 元,2,,,VR房源 | 房本满五年 | 随时看房,https://hui.lianjia.com/ershoufang/105118830141.html
户型方正，采光好，视野好，无遮挡,"新华联广场 , 大亚湾中心区",3室2厅,88.61平米,北,简装,32层 ,,板塔结合,50 万,5643 元,5,,,VR看装修 | 房本满五年 | 随时看房,https://hui.lianjia.com/ershoufang/105116105001.html
全新未住，业主诚意出售，南北向看花园，中间楼层,"龙湖天宸原著花园 , 河南岸",4室2厅,138.01平米,南,精装,中楼层(共33层) ,,塔楼,209 万,15144 元,1,,,VR看装修 | 随时看房,https://hui.lianjia.com/ershoufang/105118908790.html
过渡 入手 经济实惠 光线良好,"湖溪新苑 , 水口",3室2厅,90.94平米,东北,简装,高楼层(共8层) ,,板塔结合,27 万,2969 元,0,,,VR看装修 | 房本满五年,https://hui.lianjia.com/ershoufang/105119578520.html
精装修南北通透大4房2卫看一线江景无遮挡海伦湾,"海伦堡海伦湾 , 东平",4室2厅,131.92平米,南 北,精装,中楼层(共32层) ,,板塔结合,138 万,10461 元,0,,,VR看装修 | 房本满五年 | 随时看房,https://hui.lianjia.com/ershoufang/105120053667.html
一线临深金辉优步学府精装修3业主诚心急售,"金辉优步学府 , 白云新城",3室2厅,94.67平米,南,,32层 ,,板塔结合,59 万,6233 元,0,,,VR看装修 | 房本满两年 | 随时看房,https://hui.lianjia.com/ershoufang/105122013842.html
好宜多旁万科文瀚花园精装修三房朝南有钥匙随时看房,"万科中天宏远文瀚花园 , 区政府",3室2厅,91.74平米,南,精装,高楼层(共33层) ,,,92 万,10029 元,1,,,VR看装修 | 随时看房,https://hui.lianjia.com/ershoufang/105122190856.html
马路对  面就是西湖  实用2房 总价低 保养好,"下角东路16号 , 下角",2室2厅,66.37平米,东,简装,中楼层(共9层) ,,板楼,26.8 万,4038 元,1,,,VR看装修 | 房本满五年 | 随时看房,https://hui.lianjia.com/ershoufang/105120683443.html
隆生仲恺花园新社区视野开阔四房,"隆生仲恺花园2区 , 陈江",4室2厅,123平米,南,毛坯,中楼层(共32层) ,,,82 万,6667 元,0,,,VR看装修 | 房本满两年 | 随时看房,https://hui.lianjia.com/ershoufang/105121445049.html
百万大盘 星河物业 户型方正 拎包入住,"星河丹堤E区 , 南站新城",2室1厅,75平米,南,精装,30层 ,,,59.8 万,7974 元,7,,,VR看装修 | 房本满五年 | 随时看房,https://hui.lianjia.com/ershoufang/105118024694.html
五矿二期，一线湖景，户型方正，业主诚心出售,"五矿哈施塔特 , 博罗中心区",4室2厅,110.3平米,南,毛坯,高楼层(共33层) ,,塔楼,45 万,4080 元,1,,,VR看装修 | 房本满两年 | 随时看房,https://hui.lianjia.com/ershoufang/105120188170.html
万达精装复式，视野开阔，出行方便，急售,"永昶公寓 , 万达",3室2厅,56.71平米,东南,简装,12层 ,,板塔结合,25 万,4409 元,12,,,VR房源 | 房本满五年 | 随时看房,https://hui.lianjia.com/ershoufang/105117342156.html
玖悦府带车位精装修三房，安静采光通风很好,"玖悦府 , 麦地",3室2厅,94.88平米,南,精装,低楼层(共26层) ,,板塔结合,83 万,8748 元,0,,,VR看装修 | 随时看房,https://hui.lianjia.com/ershoufang/105116992218.html
小区教育，交通，休闲，购物银行配套设施完善便利,"保华铂郡 , 河南岸",4室2厅,140.34平米,南 北,毛坯,30层 ,,板塔结合,176 万,12541 元,0,,,VR房源 | 房本满两年 | 随时看房,https://hui.lianjia.com/ershoufang/105114890971.html
临深大品牌央企大花园，成熟社区生活配套完善,"金地天润自在城一期 , 西区新寮",3室1厅,83.37平米,西南,精装,33层 ,,塔楼,67 万,8037 元,2,,,VR看装修,https://hui.lianjia.com/ershoufang/105122068665.html
星河丹堤新中式园林 南北通透 中高楼 看水库美景,"星河丹堤G4区 , 南站新城",4室2厅,124.48平米,南 北,毛坯,33层 ,,板塔结合,138 万,11087 元,0,,,VR看装修 | 房本满两年 | 随时看房,https://hui.lianjia.com/ershoufang/105116289042.html
此房朝南无遮挡，中间楼层中间位置。业主诚心,"深荟城一期 , 白云新城",3室2厅,91.75平米,南,精装,32层 ,,板塔结合,77.8 万,8480 元,0,,8天以前发布,VR房源 | 随时看房,https://hui.lianjia.com/ershoufang/105122479577.html
仲恺政务中芯，精装修三房，拎包入住,"万燊花苑 , 惠环",3室2厅,84.12平米,南 北,,中楼层(共31层) ,,板塔结合,56 万,6658 元,0,,18天以前发布,VR房源 | 房本满五年,https://hui.lianjia.com/ershoufang/105122373972.html
华廷悦府成熟配套，精装修，朝南四房高楼层视野开阔,"华廷悦府 , 陈江",4室2厅,108.71平米,南,精装,高楼层(共31层) ,,塔楼,96 万,8831 元,0,,,VR看装修 | 房本满两年 | 随时看房,https://hui.lianjia.com/ershoufang/105119933271.html
花园小区，  楼间 距 视野好,"碧桂园天骄公馆 , 马安",3室2厅,94.92平米,南,精装,高楼层(共34层) ,,塔楼,71 万,7480 元,0,,,VR看装修,https://hui.lianjia.com/ershoufang/105116607402.html
万达近，通勤方便，户型好 户型方正，朝南的,"正兆千树晴山 , 西区新寮",3室2厅,96.76平米,东南,毛坯,30层 ,,板塔结合,53 万,5478 元,1,,,VR看装修 | 房本满五年 | 随时看房,https://hui.lianjia.com/ershoufang/105112682387.html
此房户型方正，楼层好，小区楼龄新，小区规模大,"德润天峰 , 潼侨沥林",2室1厅,79.92平米,南,毛坯,18层 ,,板塔结合,40 万,5006 元,0,,,VR房源 | 房本满五年 | 随时看房,https://hui.lianjia.com/ershoufang/105116311917.html
碧桂园珑誉 四房横厅户型 看湖景花园视野好,"碧桂园珑誉花园 , 水口",4室1厅,116.06平米,南,精装,高楼层(共33层) ,,塔楼,84 万,7238 元,0,,,VR看装修 | 房本满两年 | 随时看房,https://hui.lianjia.com/ershoufang/105121628371.html
精装四房 高楼层 视野采光棒 拎包入住！,"天源花园 , 大亚湾中心区",4室2厅,100.64平米,南 北,精装,33层 ,,板塔结合,48 万,4770 元,0,,14天以前发布,VR房源 | 房本满五年,https://hui.lianjia.com/ershoufang/105122415452.html
户型方正，视野光线都好，成熟小区生活便利,"花样年·康城四季御峰 , 惠环",3室2厅,84.74平米,南,毛坯,32层 ,,板塔结合,51 万,6019 元,1,,,VR看装修 | 房本满两年 | 随时看房,https://hui.lianjia.com/ershoufang/105113657256.html
精装3房，朝南户型，中间楼层，安静位置，满五年,"金碧蓝湾一期 , 开城大润发",3室2厅,82.5平米,南,简装,29层 ,,板楼,55 万,6667 元,0,,,VR看装修 | 房本满五年 | 随时看房,https://hui.lianjia.com/ershoufang/105120921802.html
海立方急售，带装修，户型方正，不欠款,"中御海立方 , 吾悦广场",4室2厅,72.89平米,南,简装,34层 ,,板塔结合,35 万,4802 元,1,,,VR房源 | 房本满五年 | 随时看房,https://hui.lianjia.com/ershoufang/105121782487.html
现代风设计大三房带车位无欠款 临深,"深荟城一期 , 白云新城",3室2厅,92.45平米,南,精装,33层 ,,板塔结合,79 万,8546 元,0,,6天以前发布,VR房源 | 房本满五年 | 随时看房,https://hui.lianjia.com/ershoufang/105122504019.html
御景花园3房2厅 精装修，看房有钥匙，带个小露台，,"御景花园南区 , 下角",3室2厅,86.89平米,西北,精装,24层 ,,板塔结合,72 万,8287 元,0,,,VR房源 | 房本满五年 | 随时看房,https://hui.lianjia.com/ershoufang/105120962268.html
惠阳站，一房一厅，近天虹大润发,"百润基银座 , 开城大润发",1室1厅,46.93平米,东北,简装,20层 ,,板楼,15.5 万,3303 元,2,,,VR房源 | 房本满五年,https://hui.lianjia.com/ershoufang/105120479881.html
户型好，采光好，全新未入住过，红本在手...........,"群峰花园 , 南站新城",3室2厅,94.59平米,南,,中楼层(共33层) ,,塔楼,42 万,4441 元,5,,,VR看装修 | 房本满两年 | 随时看房,https://hui.lianjia.com/ershoufang/105119021222.html
金迪星苑中装2房出售 低楼层安静不吵 可拎包入住,"金迪星苑 , 龙丰",2室1厅,52.8平米,东南,精装,8层 ,,板楼,27.8 万,5266 元,0,,,VR看装修 | 随时看房,https://hui.lianjia.com/ershoufang/105121732376.html
中间楼层，视野开阔，看花园，业主诚意急卖，方便看房,"星河丹堤G区 , 南站新城",3室2厅,98.06平米,南,毛坯,34层 ,,塔楼,90 万,9179 元,0,,,VR房源 | 房本满五年 | 随时看房,https://hui.lianjia.com/ershoufang/105122218947.html
太东天地花园 4室2厅 南,"太东天地花园 , 大亚湾中心区",4室2厅,109.09平米,南,毛坯,33层 ,,板塔结合,48.6 万,4456 元,1,,,VR看装修 | 房本满两年 | 随时看房,https://hui.lianjia.com/ershoufang/105122060823.html
丰湖村3房2厅  简装 中间楼层 价格实惠,"丰湖村 , 下埔",3室2厅,115.77平米,南 北,简装,中楼层(共8层) ,,塔楼,31 万,2678 元,2,,,VR看装修 | 房本满两年 | 随时看房,https://hui.lianjia.com/ershoufang/105121378582.html
东江新城 水岸城四期 装修3房 满五唯一 配套齐全,"中信水岸城四期 , 东江新城",3室2厅,87平米,南,精装,低楼层(共30层) ,,板楼,76.8 万,8828 元,0,,,VR看装修 | 房本满五年 | 随时看房,https://hui.lianjia.com/ershoufang/105120579406.html
雍景湾 南北通透4房 高楼层 视野好 无遮挡,"中骏雍景湾南区 , 河南岸",4室2厅,116.74平米,南 北,毛坯,高楼层(共30层) ,,板塔结合,119.8 万,10263 元,1,,,VR看装修 | 房本满两年 | 随时看房,https://hui.lianjia.com/ershoufang/105114808975.html
雅居乐御宾府毛坯三房业主诚意出售,"御宾府 , 龙丰",3室2厅,109平米,南 北,毛坯,高楼层(共29层) ,,塔楼,80 万,7340 元,3,,,VR看装修 | 房本满五年 | 随时看房,https://hui.lianjia.com/ershoufang/105112969723.html
水岸城六期自住精装三房两厅一卫看花园拎包入住,"中信水岸城六期 , 东江新城",3室2厅,87.07平米,东南,精装,中楼层(共32层) ,,板楼,99 万,11371 元,1,,,VR看装修 | 房本满五年 | 随时看房,https://hui.lianjia.com/ershoufang/105121327262.html
方直城市时代2房，业主急售，随时可以看房,"城市时代 , 河南岸",2室2厅,76.77平米,西,精装,中楼层(共22层) ,,板塔结合,68 万,8858 元,0,,23天以前发布,VR房源 | 房本满五年 | 随时看房,https://hui.lianjia.com/ershoufang/105122326840.html
华冠花园 2室2厅 北,"华冠花园 , 大亚湾中心区",2室2厅,42.76平米,北,精装,26层 ,,板塔结合,25 万,5847 元,0,,,VR看装修,https://hui.lianjia.com/ershoufang/105118731157.html
隆生一期南北通双阳台大4房，好楼层无欠款，业主诚心,"隆生仲恺花园 , 陈江",4室2厅,127.82平米,南 北,,31层 ,,塔楼,93 万,7276 元,1,,,VR看装修 | 房本满两年 | 随时看房,https://hui.lianjia.com/ershoufang/105120813695.html
"户型方正视野开阔配套完善,诚意出售","金地天润自在城一期 , 西区新寮",4室2厅,100.12平米,南,精装,33层 ,,板塔结合,88.88 万,8878 元,0,,,VR看装修 | 房本满两年 | 随时看房,https://hui.lianjia.com/ershoufang/105121790537.html
高榜山庄-高榜山下红花湖旁闹中取静宜居社区,"高榜山庄 , 龙丰",4室2厅,189.73平米,南 北,毛坯,高楼层(共9层) ,,,160 万,8434 元,0,,,VR看装修 | 房本满五年 | 随时看房,https://hui.lianjia.com/ershoufang/105120332283.html
百万大盘旁，临深一线河景，业主诚心售,"锦河湾 , 西区新寮",4室1厅,98.06平米,南 北,毛坯,34层 ,,板塔结合,62 万,6323 元,0,,,VR房源 | 随时看房,https://hui.lianjia.com/ershoufang/105120482603.html
业主着急出售价格可谈 全新装修未住过，户型方正,"荣盛御景澜湾 , 澳头",3室2厅,90.19平米,东南,,33层 ,,板塔结合,45 万,4990 元,0,,,VR看装修 | 房本满五年 | 随时看房,https://hui.lianjia.com/ershoufang/105122173913.html
7区次新小区，中间楼层视野漂亮，3房2个卫生间,"壹城中心7区 , 陈江",3室2厅,98.49平米,南,毛坯,中楼层(共32层) ,,塔楼,72 万,7311 元,0,,,VR看装修 | 房本满两年 | 随时看房,https://hui.lianjia.com/ershoufang/105119494850.html
难得漂亮户型！！三房南北通双阳台 视野开阔 优选楼层,"金辉风雅轩 , 秋长",3室2厅,85.12平米,南 北,毛坯,32层 ,,板塔结合,41.88 万,4921 元,0,,,VR看装修 | 房本满五年 | 随时看房,https://hui.lianjia.com/ershoufang/105120425427.html
住在公园里的房子，享受真正的大草原，湖泊。,"恒大棕榈岛 , 白云新城",4室2厅,126.81平米,南 北,毛坯,25层 ,,板楼,78 万,6151 元,0,,,VR看装修 | 房本满五年 | 随时看房,https://hui.lianjia.com/ershoufang/105119953175.html
富康锦绣壹号3房 红本在手 看房方便有钥匙 业主诚卖,"富康锦绣壹号 , 西区新寮",3室2厅,85.13平米,南,精装,33层 ,,塔楼,80 万,9398 元,2,,,VR看装修 | 房本满五年 | 随时看房,https://hui.lianjia.com/ershoufang/105121223875.html
区政府旁，万科物业，一房拎包入住。,"清泉城市广场 , 区政府",1室0厅,34.76平米,东南,,27层 ,,板塔结合,18 万,5179 元,1,,,VR看装修 | 房本满五年,https://hui.lianjia.com/ershoufang/105118726956.html
楼层位置很好，户型方正，业主急售,"经达御金湾 , 江北",4室2厅,118.94平米,南 北,毛坯,31层 ,,板塔结合,80 万,6727 元,0,,,VR看装修 | 房本满两年 | 随时看房,https://hui.lianjia.com/ershoufang/105121298713.html
禧临门，大社区，朝南3+1，拎包入住,"禧临门 , 博罗中心区",3室2厅,120平米,南,毛坯,低楼层(共30层) ,,板塔结合,70.8 万,5900 元,0,,,VR看装修 | 随时看房,https://hui.lianjia.com/ershoufang/105118485523.html
区政府天虹 南北通四房 自住装修 拎包入住,"中央国墅园 , 区政府",4室2厅,128.34平米,南 北,精装,29层 ,,板塔结合,72 万,5611 元,2,,,VR看装修 | 房本满五年 | 随时看房,https://hui.lianjia.com/ershoufang/105118507564.html
采光佳 视野好 户型方正 配套齐 交通便利,"正闳润金名苑 , 西区新寮",3室1厅,91.25平米,东南,精装,33层 ,,塔楼,76 万,8329 元,1,,,VR看装修 | 房本满两年 | 随时看房,https://hui.lianjia.com/ershoufang/105118509040.html
满五唯一带装修 业主诚意出售 前有公园后有广场,"御玺山大峡谷一期 , 比亚迪商圈",3室1厅,77.01平米,东,,32层 ,,板塔结合,40 万,5195 元,0,,22天以前发布,VR看装修,https://hui.lianjia.com/ershoufang/105122338066.html
江北东江湾精装修酒店公寓48平,"东江湾 , 江北",1室1厅,47.8平米,南,精装,高楼层(共30层) ,,板塔结合,50 万,10461 元,0,,,VR看装修 | 房本满两年 | 随时看房,https://hui.lianjia.com/ershoufang/105117675894.html
小区环境好.户型方正.业主急卖.价格好谈,"丽江花园南区 , 区政府",4室1厅,158.89平米,南,简装,11层 ,,板塔结合,90 万,5665 元,0,,27天以前发布,VR房源 | 房本满五年 | 随时看房,https://hui.lianjia.com/ershoufang/105122295061.html
山湖海上城3房2厅1卫 环境好 交通便利,"山湖海上城 , 惠东县城",3室2厅,92平米,南,精装,18层 ,,板塔结合,38.9 万,4229 元,0,,,VR看装修 | 随时看房,https://hui.lianjia.com/ershoufang/105121753697.html
正南向海景，视野开阔，户型方正，采光好，绿化高小区,"碧桂园十里银滩海悦湾 , 十里银滩",2室1厅,69.7平米,东南 南 西南,精装,30层 ,,板塔结合,29.8 万,4276 元,0,,,VR房源 | 房本满两年 | 随时看房,https://hui.lianjia.com/ershoufang/105117595023.html
户型好，价格便宜，适合居家  ，楼下有公交车站,"DADA的草地 , 大亚湾中心区",4室2厅,105.14平米,南 北,毛坯,32层 ,,板塔结合,30 万,2854 元,21,,,VR看装修 | 房本满五年 | 随时看房,https://hui.lianjia.com/ershoufang/105119491291.html
楼龄新，户型方正朝南，红本在手，业主诚心出售,"星河丹堤V2区 , 南站新城",3室2厅,100.1平米,南,毛坯,32层 ,,塔楼,100 万,9991 元,0,,,VR看装修 | 随时看房,https://hui.lianjia.com/ershoufang/105120433117.html
南北通三房两卫，采光好，安静，绿化舒适，生活便利。,"新力城二期 , 水口",3室2厅,117.86平米,东,毛坯,中楼层(共32层) ,,板楼,80 万,6788 元,0,,,VR看装修 | 房本满两年 | 随时看房,https://hui.lianjia.com/ershoufang/105121572991.html
楼层漂亮 二期带地下室 采光好 钥匙在公司 随时可以看,"富川瑞园 , 惠环",4室2厅,122.79平米,南,精装,高楼层(共32层) ,,板塔结合,74 万,6027 元,0,,,VR看装修 | 房本满五年 | 随时看房,https://hui.lianjia.com/ershoufang/105121179147.html
临深精装4房看河景花园2022年的新小区,"曦悦湾畔花园 , 西区新寮",4室2厅,98.28平米,西南,精装,33层 ,,板塔结合,75 万,7632 元,3,,,VR看装修 | 房本满两年 | 随时看房,https://hui.lianjia.com/ershoufang/105120246036.html
临深片区，保利阳光城精装修三房 拎包入住,"保利阳光城 , 白云新城",3室2厅,80.06平米,北,精装,33层 ,,板塔结合,56 万,6995 元,0,,,VR看装修 | 房本满五年 | 随时看房,https://hui.lianjia.com/ershoufang/105121190382.html
滨海公园旁次新小区，精装修朝南三房两卫,"当代上品湾花园 , 澳头",3室2厅,110.21平米,西 西北,精装,34层 ,,板塔结合,53.6 万,4864 元,1,,,VR看装修 | 房本满五年 | 随时看房,https://hui.lianjia.com/ershoufang/105120529758.html
一线临深白云新城南北通宇星水悦华府4房业主诚心急售,"宇星水悦华府 , 草洋新区",4室2厅,111.67平米,南 北,毛坯,31层 ,,板塔结合,73 万,6538 元,0,,,VR看装修 | 房本满两年 | 随时看房,https://hui.lianjia.com/ershoufang/105120650085.html
城市花园低楼层精装修三房 户型好朝南,"城市花園 , 江北",2室2厅,87.5平米,南,简装,低楼层(共7层) ,,板楼,79 万,9029 元,0,,,VR看装修 | 房本满五年 | 随时看房,https://hui.lianjia.com/ershoufang/105120802842.html
楼层好 采光好，视野开阔，央 企书香大盘,"保利阳光城四期 , 白云新城",3室2厅,104.91平米,南 北,毛坯,31层 ,,板塔结合,61.8 万,5891 元,1,,,VR看装修 | 随时看房,https://hui.lianjia.com/ershoufang/105119883242.html
滨海公园边上，160平，大4房2厅2卫，业主诚心卖,"合生滨海城 , 澳头",4室1厅,161.17平米,东南,毛坯,31层 ,,板塔结合,60 万,3723 元,3,,,VR房源 | 房本满五年 | 随时看房,https://hui.lianjia.com/ershoufang/105121382350.html
业主急售、中高楼层、户型方正通透、看花园、园林优美,"太东星河丹堤天睿花园南区 , 吾悦广场",4室2厅,88.95平米,南,,34层 ,,板塔结合,66 万,7420 元,1,,,VR看装修 | 房本满五年 | 随时看房,https://hui.lianjia.com/ershoufang/105121389109.html
俯瞰别墅区园林景观 宽阔大客厅朝南采光很好 环境优美,"东方新城 , 秋长",4室2厅,146.8平米,南 东南,精装,18层 ,,板塔结合,78.88 万,5374 元,0,,,VR房源 | 房本满五年,https://hui.lianjia.com/ershoufang/105121185114.html
【贝壳精选好房】一线临深大社区配套完善，近沙田站！,"冠华城桂香园 , 西区新寮",3室1厅,94.43平米,南,毛坯,20层 ,,板塔结合,56.2 万,5952 元,4,,,VR房源 | 房本满五年 | 随时看房,https://hui.lianjia.com/ershoufang/105120074232.html
户型方正，采光视野好，中间位置，配套全。,"恒福上居 , 惠环",2室2厅,66.49平米,东南,精装,高楼层(共29层) ,,塔楼,33 万,4964 元,0,,,VR看装修 | 房本满五年 | 随时看房,https://hui.lianjia.com/ershoufang/105120307201.html
全新精装3房2厅1卫；没入住过；全南户型好,"碧桂园珑尚花园 , 水口",3室2厅,103平米,南,精装,高楼层(共34层) ,,板塔结合,71 万,6894 元,0,,,VR看装修 | 随时看房,https://hui.lianjia.com/ershoufang/105119958650.html
仲恺高铁站边成熟大社区好楼层三房,"海伦艺境 , 潼侨沥林",3室2厅,92.76平米,南 北,毛坯,33层 ,,板塔结合,40 万,4313 元,0,,,VR看装修 | 房本满两年 | 随时看房,https://hui.lianjia.com/ershoufang/105119932527.html
江北低价位选择，三环内，小三房，总价低，刚需,"田家炳第一中学宿舍楼 , 江北",3室2厅,91平米,东南,精装,高楼层(共7层) ,,,44.8 万,4924 元,0,,,VR房源 | 房本满五年 | 随时看房,https://hui.lianjia.com/ershoufang/105122081819.html
自住装修拎包入住店长推荐限时秒杀价实收10抓住机会,"文华楼 , 开城大润发",1室1厅,28.75平米,南,,中楼层(共8层) ,,,10 万,3479 元,4,,,VR看装修 | 房本满五年 | 随时看房,https://hui.lianjia.com/ershoufang/105122111032.html
龙湖物业 南北通大四房 诚意出售 好楼层,"龙湖春江名宸府 , 陈江",4室2厅,118平米,南 北,毛坯,中楼层(共26层) ,,,78 万,6611 元,0,,,VR看装修 | 随时看房,https://hui.lianjia.com/ershoufang/105121985056.html
楼层漂亮 拎包入住  采光好 随时可以看房,"艺都南国明珠 , 新圩",3室2厅,93.74平米,南,精装,高楼层(共11层) ,,板塔结合,48 万,5121 元,0,,,VR房源 | 房本满五年 | 随时看房,https://hui.lianjia.com/ershoufang/105121998999.html
景区门口老小区，物业实惠，价格低廉,"华羚新厦 , 龙丰",3室2厅,110.3平米,南,简装,高楼层(共8层) ,,,30 万,2720 元,0,,,VR看装修 | 房本满五年 | 随时看房,https://hui.lianjia.com/ershoufang/105122129324.html
皇龙湾毛坯两房，价格可小刀，中高楼层，业主急售,"皇龙湾 , 博罗石湾",2室1厅,73.07平米,东,,32层 ,,塔楼,36 万,4927 元,1,,,VR看装修 | 房本满两年 | 随时看房,https://hui.lianjia.com/ershoufang/105120053610.html
房子满五不唯一，格局通透 精装修 4房,"南泽裕园 , 下角",4室2厅,125.93平米,西南,精装,中楼层(共21层) ,,板塔结合,108 万,8577 元,0,,,VR看装修 | 房本满五年,https://hui.lianjia.com/ershoufang/105121835448.html
93平南北通3房   视野开阔  中层看一线江景,"金悦华府 , 东江新城",3室2厅,93平米,南,毛坯,中楼层(共32层) ,,塔楼,86 万,9248 元,0,,,VR看装修 | 随时看房,https://hui.lianjia.com/ershoufang/105117026753.html
红本无抵押 南北格局 看小区园林 绿色满眼 经济三房,"星河丹堤G区 , 南站新城",3室1厅,87.09平米,北,,34层 ,,塔楼,75 万,8612 元,0,,,VR房源 | 随时看房,https://hui.lianjia.com/ershoufang/105119871320.html
隆生大社区 精装修四房 业主急卖,"隆生仲恺花园 , 陈江",4室1厅,122.29平米,南 北,精装,32层 ,,塔楼,93 万,7605 元,1,,,VR房源 | 房本满五年,https://hui.lianjia.com/ershoufang/105121124407.html
急售吾悦广场旁海惠花园业主自住房装修保养好家私电全,"海惠花园一区 , 吾悦广场",4室2厅,122.15平米,东南 南,,18层 ,,塔楼,72 万,5895 元,0,,,VR看装修 | 房本满五年,https://hui.lianjia.com/ershoufang/105122003825.html
121平三房两卫南北通透 36栋100米楼间距 采光通风好,"合生·上观国际 , 水口",3室2厅,121.39平米,南 北,毛坯,高楼层(共32层) ,,塔楼,93.6 万,7711 元,0,,,VR看装修 | 房本满两年 | 随时看房,https://hui.lianjia.com/ershoufang/105120454463.html
朝南高楼层，适合居家，年轻人的首  选,"碧桂园中萃公园 , 大亚湾中心区",4室2厅,99.78平米,南 北,精装,17层 ,,板塔结合,63.8 万,6395 元,0,,,VR房源 | 房本满五年,https://hui.lianjia.com/ershoufang/105121206822.html
壹城14期旁边96平3+1房中间楼层 配套完善,"光耀荷兰小城 , 陈江",4室2厅,96.31平米,东南,,30层 ,,板楼,50 万,5192 元,0,,,VR看装修 | 房本满两年 | 随时看房,https://hui.lianjia.com/ershoufang/105120954520.html
惠州高铁北站金裕星河丹堤精装三房一卫,"金裕星河丹堤 , 小金口",3室2厅,84.28平米,南,精装,低楼层(共32层) ,,,50 万,5933 元,0,,17天以前发布,VR看装修 | 随时看房,https://hui.lianjia.com/ershoufang/105122385592.html
万达，11层洋房，红本在手不欠款，交易简单,"熊猫国际三期 , 万达",3室2厅,125.32平米,南 北,简装,11层 ,,塔楼,83 万,6624 元,1,,,VR看装修 | 房本满五年 | 随时看房,https://hui.lianjia.com/ershoufang/105120874250.html
德洲中心城 3室2厅 南,"德洲中心城 , 大亚湾中心区",3室2厅,94.86平米,南,毛坯,32层 ,,板塔结合,38 万,4006 元,1,,,VR看装修 | 房本满五年 | 随时看房,https://hui.lianjia.com/ershoufang/105121906317.html
华庭阁 1室1厅 南,"华庭阁 , 东平",1室1厅,42平米,南,,高楼层(共19层) ,,板塔结合,22.5 万,5358 元,0,,18天以前发布,VR房源 | 随时看房,https://hui.lianjia.com/ershoufang/105122365470.html
马安金山新城铂钻4房 采光视野好 业主诚心出售,"铂钻花园 , 东江新城",4室2厅,114.93平米,南,毛坯,27层 ,,板塔结合,95 万,8266 元,0,,,VR看装修 | 房本满两年 | 随时看房,https://hui.lianjia.com/ershoufang/105119580655.html
东江新城五期 小两房 中间楼层，视野开阔,"佳兆业东江新城五期 , 博罗中心区",2室2厅,74平米,东南,,中楼层(共34层) ,,板塔结合,28 万,3784 元,0,,,VR看装修 | 随时看房,https://hui.lianjia.com/ershoufang/105121944128.html
地铁3公里 朝南 采光好 看别墅景观 全新入住,"龙光城南四期 , 龙光城",5室2厅,114.41平米,南,,34层 ,,板塔结合,120 万,10489 元,0,,,VR看装修 | 随时看房,https://hui.lianjia.com/ershoufang/105122129456.html
惠阳高铁站旁，星河丹堤百万大社区，交通便利配套齐全,"星河丹堤F区 , 南站新城",3室2厅,104.75平米,北,精装,34层 ,,板塔结合,108 万,10311 元,2,,18天以前发布,VR房源 | 随时看房,https://hui.lianjia.com/ershoufang/105122372898.html
南向看小区园林，小区入住率高，生活方便,"龙光玖龙山 , 三和经济开发区",3室2厅,89.44平米,南,,32层 ,,板塔结合,53.8 万,6016 元,0,,,VR看装修 | 房本满两年 | 随时看房,https://hui.lianjia.com/ershoufang/105121816371.html
原购价高无个税，正南朝向，中高楼层 业主诚心出售,"恒大依山海湾 , 澳头",3室2厅,99.05平米,南,毛坯,中楼层(共32层) ,,板塔结合,46.8 万,4725 元,0,,,VR看装修 | 房本满两年 | 随时看房,https://hui.lianjia.com/ershoufang/105114522643.html
新装修，看房钥匙，朝南，采光好，带阳台,"丽格国际公寓 , 江北",1室1厅,41.83平米,东南,精装,30层 ,,塔楼,40 万,9563 元,0,,,VR看装修 | 房本满五年,https://hui.lianjia.com/ershoufang/105121887021.html
鹏达御西湖，满五唯一，税费低，正南向,"御景花园北区 , 下角",3室1厅,116.92平米,东南,精装,低楼层(共27层) ,,板塔结合,93.8 万,8023 元,1,,,VR房源 | 房本满五年 | 随时看房,https://hui.lianjia.com/ershoufang/105120553919.html
朝南采光带全屋家电+红本在手无欠款+拎包入住,"TCL康城四季 , 惠环",3室2厅,97.5平米,南 北,精装,18层 ,,塔楼,63 万,6462 元,3,,,VR看装修 | 房本满两年 | 随时看房,https://hui.lianjia.com/ershoufang/105114466272.html
红花湖海伦时光带一个车位一起出售三房二厅二卫,"海伦时光 , 龙丰",3室2厅,99.48平米,西南,,低楼层(共33层) ,,,49 万,4926 元,2,,,VR看装修 | 房本满五年 | 随时看房,https://hui.lianjia.com/ershoufang/105118061300.html
惠州南站 大两房 配套成熟 业主诚心出售 看房方便,"瑞景居 , 南站新城",2室2厅,83平米,南,精装,高楼层(共12层) ,,板塔结合,46 万,5543 元,1,,,VR看装修 | 房本满五年 | 随时看房,https://hui.lianjia.com/ershoufang/105114974129.html
推荐：带30平米露台！ 成熟社区 出行方便！标准3房！,"东湖花园一区 , 东平",3室2厅,99.3平米,南,,低楼层(共8层) ,,板塔结合,48 万,4834 元,0,,,VR房源 | 房本满五年 | 随时看房,https://hui.lianjia.com/ershoufang/105120275455.html
高尔夫球场，绿化面积大，中间楼层，视野宽阔,"恒大棕榈岛 , 白云新城",3室2厅,94.64平米,东南,毛坯,29层 ,,板塔结合,49 万,5178 元,3,,,VR看装修 | 房本满五年 | 随时看房,https://hui.lianjia.com/ershoufang/105118580283.html
中天彩虹城南区 1室1厅 东,"中天彩虹城南区 , 开城大润发",1室1厅,30.47平米,东,精装,30层 ,,塔楼,12 万,3939 元,0,,,VR看装修 | 随时看房,https://hui.lianjia.com/ershoufang/105121750517.html
业主诚心出售，价格可以聊，看房方便,"嘉鸿新城博雅府 , 惠环",4室2厅,117.65平米,南 北,毛坯,24层 ,,,63 万,5355 元,1,,,VR房源 | 房本满两年 | 随时看房,https://hui.lianjia.com/ershoufang/105120079127.html
业主诚心出售，看房方便，交易简单。。。,"听涛雅苑 , 大亚湾中心区",2室2厅,39.05平米,北,毛坯,7层 ,,板塔结合,16 万,4098 元,2,,,VR房源 | 房本满五年 | 随时看房,https://hui.lianjia.com/ershoufang/105121971550.html
吾悦广场旁边凯悦春天小区中间楼层三房两卫、诚心出售,"锦阳凯悦春天 , 吾悦广场",3室2厅,92.29平米,南,毛坯,29层 ,,板塔结合,48 万,5201 元,0,,,VR看装修 | 房本满五年 | 随时看房,https://hui.lianjia.com/ershoufang/105121560924.html
临深万达商圈 小区新 环境好 户型方正 三房双卫 朝南,"珑廷广场 , 万达",3室2厅,102.72平米,南,精装,32层 ,,塔楼,88 万,8567 元,0,,,VR看装修 | 房本满两年 | 随时看房,https://hui.lianjia.com/ershoufang/105122112098.html
滨海公园旁次新小区，精装修朝南三房两卫,"当代上品湾花园 , 澳头",3室2厅,110.21平米,西 西北,精装,34层 ,,板塔结合,53.6 万,4864 元,1,,,VR看装修 | 房本满五年 | 随时看房,https://hui.lianjia.com/ershoufang/105120529758.html
楼栋好 ，好楼层，业主诚心出售，户型方正,"荣佳国韵二期 , 龙光城",3室2厅,125平米,南,简装,30层 ,,板楼,83 万,6640 元,0,,,VR看装修 | 随时看房,https://hui.lianjia.com/ershoufang/105121744845.html
近灿邦  大社区  精装修  户型方正  正南朝向,"碧桂园太东公园上城 , 吾悦广场",3室2厅,110.78平米,南,精装,33层 ,,板塔结合,80 万,7222 元,1,,,VR看装修 | 房本满两年 | 随时看房,https://hui.lianjia.com/ershoufang/105112937202.html
主急售，户型方正，看房方便价位低,"美悦湾 , 大亚湾中心区",2室2厅,67.92平米,南,毛坯,中楼层(共32层) ,,板楼,26 万,3829 元,3,,30天以前发布,VR看装修 | 房本满两年 | 随时看房,https://hui.lianjia.com/ershoufang/105122263591.html
门口双地铁公交线路+双商场+税费低+近万达寻找有缘人,"中铭君豪公寓 , 万达",2室2厅,67.15平米,南,简装,16层 ,,板塔结合,20 万,2979 元,3,,,VR看装修 | 房本满五年 | 随时看房,https://hui.lianjia.com/ershoufang/105120955229.html
业主急售、中高楼层、户型方正通透、看花园、园林优美,"太东星河丹堤天睿花园南区 , 吾悦广场",4室2厅,88.95平米,南,,34层 ,,板塔结合,66 万,7420 元,1,,,VR看装修 | 房本满五年 | 随时看房,https://hui.lianjia.com/ershoufang/105121389109.html
双城国际南区 朝南看花园 安静不吵 带南坛,"双城国际南区 , 江北",3室2厅,86平米,南,毛坯,中楼层(共18层) ,,塔楼,79.5 万,9245 元,0,,,VR看装修 | 随时看房,https://hui.lianjia.com/ershoufang/105118836156.html
一线临深白云新城南北通宇星水悦华府4房业主诚心急售,"宇星水悦华府 , 草洋新区",4室2厅,111.67平米,南 北,毛坯,31层 ,,板塔结合,73 万,6538 元,0,,,VR看装修 | 房本满两年 | 随时看房,https://hui.lianjia.com/ershoufang/105120650085.html
城市花园低楼层精装修三房 户型好朝南,"城市花園 , 江北",2室2厅,87.5平米,南,简装,低楼层(共7层) ,,板楼,79 万,9029 元,0,,,VR看装修 | 房本满五年 | 随时看房,https://hui.lianjia.com/ershoufang/105120802842.html
临深次新小区新力睿园方正三房格局好 双阳台,"新力睿园 , 白云新城",3室2厅,111.38平米,南,毛坯,中楼层(共32层) ,,板塔结合,68 万,6106 元,0,,,VR看装修 | 房本满两年 | 随时看房,https://hui.lianjia.com/ershoufang/105120412955.html
惠阳站 百万大盘星河物业 两梯三户 景观视野好,"星河丹堤E区 , 南站新城",3室2厅,108.57平米,南,毛坯,34层 ,,,90 万,8290 元,3,,,VR看装修 | 房本满两年 | 随时看房,https://hui.lianjia.com/ershoufang/105116180372.html
彩虹城北区  带装修 一室  天虹大润发,"中天彩虹城北区 , 开城大润发",1室1厅,30平米,东南,,30层 ,,塔楼,12.8 万,4267 元,0,,,VR看装修 | 房本满五年 | 随时看房,https://hui.lianjia.com/ershoufang/105120907318.html
花园中间高楼层前后无遮挡视野开阔采光好,"东江学府三期 , 河南岸",3室2厅,133平米,南 北,精装,高楼层(共18层) ,,板塔结合,126 万,9474 元,0,,,VR看装修 | 随时看房,https://hui.lianjia.com/ershoufang/105121970828.html
金田花园 3室2厅 南,"金田花园 , 博罗中心区",3室2厅,117平米,南,简装,6层 ,,板塔结合,25 万,2137 元,1,,,VR看装修 | 房本满五年,https://hui.lianjia.com/ershoufang/105121016576.html
户型方正，标准4房，南北通可看江景，西南朝向看花园,"德威江誉城1期 , 马安",4室2厅,123.7平米,西南,毛坯,中楼层(共32层) ,,塔楼,106 万,8570 元,0,,,VR看装修 | 随时看房,https://hui.lianjia.com/ershoufang/105116768284.html
隆生文岭西堤品质高 毛坯 次新房 配套成熟,"文岭西堤 , 东江新城",4室2厅,126.21平米,南,毛坯,低楼层(共31层) ,,板塔结合,145 万,11489 元,1,,,VR看装修 | 房本满五年 | 随时看房,https://hui.lianjia.com/ershoufang/105114294263.html
南向看小区3房 视野开阔生活方便,"金榜山 , 龙丰",3室1厅,99平米,东,精装,中楼层(共27层) ,,板塔结合,95 万,9596 元,0,,,VR看装修 | 房本满五年,https://hui.lianjia.com/ershoufang/105121093684.html
二期 精装修 楼层漂亮 保养的很新,"富川瑞园 , 惠环",4室2厅,92.28平米,南 北,,中楼层(共18层) ,,板塔结合,55 万,5961 元,0,,25天以前发布,VR看装修 | 房本满五年 | 随时看房,https://hui.lianjia.com/ershoufang/105122312947.html
精装修南北通透四房，户型好，小区环境优美,"德威花园城 , 秋长",4室2厅,119.57平米,南 北,精装,低楼层(共29层) ,,板楼,69.6 万,5821 元,1,,,VR看装修 | 房本满五年 | 随时看房,https://hui.lianjia.com/ershoufang/105122120754.html
格林童话125平4房，毛坯，随时看房,"格林童话世界三期 , 潼侨沥林",3室1厅,124.77平米,东南,毛坯,低楼层(共11层) ,,板楼,52.8 万,4232 元,0,,,VR看装修 | 房本满五年 | 随时看房,https://hui.lianjia.com/ershoufang/105122188686.html
精装四房、朝南看花园、中间楼层采光好,"丽景湾上 , 东江新城",4室2厅,122.2平米,南,精装,32层 ,,板塔结合,119.8 万,9804 元,0,,,VR房源 | 房本满五年,https://hui.lianjia.com/ershoufang/105121389488.html
一线江景.中间楼层.视野无遮挡.,"合生·上观国际 , 水口",3室2厅,92平米,南,毛坯,中楼层(共32层) ,,塔楼,77 万,8370 元,0,,,VR看装修 | 房本满五年 | 随时看房,https://hui.lianjia.com/ershoufang/105117751040.html
水岸城三房改四房精装修空房随时可看,"中信水岸城二三期 , 东江新城",5室2厅,165.68平米,南,毛坯,32层 ,,板楼,149.8 万,9042 元,0,,,VR看装修 | 随时看房,https://hui.lianjia.com/ershoufang/105121582145.html
家华名都花园 4室2厅 南,"家华名都花园 , 陈江",4室2厅,155平米,南,精装,24层 ,,塔楼,95 万,6130 元,0,,,VR房源 | 房本满两年,https://hui.lianjia.com/ershoufang/105122055960.html
中信水岸城一期 3室1厅 南,"中信水岸城一期 , 东江新城",3室1厅,84平米,南,精装,18层 ,,板塔结合,130 万,15477 元,0,,,VR房源,https://hui.lianjia.com/ershoufang/105121793997.html
荷兰小城四房两厅两卫，业主诚意出售,"光耀荷兰小城 , 陈江",4室2厅,101平米,南,毛坯,33层 ,,板塔结合,55 万,5446 元,1,,,VR看装修 | 随时看房,https://hui.lianjia.com/ershoufang/105121381494.html
惠城区江北 精装大三房出售 采光好 户型方正,"邮电新村 , 江北",3室2厅,100平米,南,简装,高楼层(共8层) ,,板楼,65 万,6500 元,0,,,VR看装修,https://hui.lianjia.com/ershoufang/105121868065.html
惠州江北好地段，住宅性质70年产权！好出租！,"瑞嘉大厦 , 江北",1室1厅,42平米,西南,精装,26层 ,,板楼,29.6 万,7048 元,0,,,VR看装修 | 随时看房,https://hui.lianjia.com/ershoufang/105121108668.html
楼层位置很好，户型方正，业主急售,"经达御金湾 , 江北",4室2厅,118.94平米,南 北,毛坯,31层 ,,板塔结合,80 万,6727 元,0,,,VR看装修 | 房本满两年 | 随时看房,https://hui.lianjia.com/ershoufang/105121298713.html
禧临门，大社区，朝南3+1，拎包入住,"禧临门 , 博罗中心区",3室2厅,120平米,南,毛坯,低楼层(共30层) ,,板塔结合,70.8 万,5900 元,0,,,VR看装修 | 随时看房,https://hui.lianjia.com/ershoufang/105118485523.html
德威江誉城二期大社区精致一房一厅,"德威江誉城Ⅱ期 , 马安",1室1厅,42.7平米,北,精装,19层 ,,板塔结合,29 万,6792 元,2,,,VR房源 | 随时看房,https://hui.lianjia.com/ershoufang/105120770408.html
国鹏4房中间好楼层、户型方正、视野开阔、位置好,"国鹏润德学府 , 惠环",4室2厅,101.27平米,南 北,毛坯,中楼层(共29层) ,,板塔结合,65.5 万,6468 元,0,,,VR看装修 | 随时看房,https://hui.lianjia.com/ershoufang/105119588419.html
次新小区，朝南小三房，业主诚心出售,"摩卡公馆 , 比亚迪商圈",3室2厅,88.57平米,东,,17层 ,,板塔结合,48 万,5420 元,0,,,VR看装修 | 房本满五年 | 随时看房,https://hui.lianjia.com/ershoufang/105120466566.html
第九旁大4房 业主诚意急售 看上价格好谈 户型靓,"福晟钱隆樽品花园 , 陈江",4室2厅,116.89平米,南 北,毛坯,31层 ,,板塔结合,76 万,6502 元,0,,22天以前发布,VR房源 | 房本满两年 | 随时看房,https://hui.lianjia.com/ershoufang/105122334720.html
一线临深品质小区 精装三房 南向看花园,"丰谷天玺 , 龙光城",3室2厅,85.4平米,东南,精装,29层 ,,塔楼,69 万,8080 元,0,,18天以前发布,VR看装修 | 房本满两年,https://hui.lianjia.com/ershoufang/105122370489.html
西湖边上 后所街新苑 电梯三居室 精装修保养好~心动价,"后所街新苑 , 下埔",3室2厅,89.15平米,南,精装,10层 ,,板楼,56 万,6282 元,2,,,VR看装修 | 房本满五年,https://hui.lianjia.com/ershoufang/105120950284.html
楼栋好 ，好楼层，业主诚心出售，户型方正,"荣佳国韵二期 , 龙光城",3室2厅,125平米,南,简装,30层 ,,板楼,83 万,6640 元,0,,,VR看装修 | 随时看房,https://hui.lianjia.com/ershoufang/105121744845.html
业主诚心出售，看房方便，交易简单。。。,"听涛雅苑 , 大亚湾中心区",2室2厅,39.05平米,北,毛坯,7层 ,,板塔结合,16 万,4098 元,2,,,VR房源 | 房本满五年 | 随时看房,https://hui.lianjia.com/ershoufang/105121971550.html
吾悦广场旁边凯悦春天小区中间楼层三房两卫、诚心出售,"锦阳凯悦春天 , 吾悦广场",3室2厅,92.29平米,南,毛坯,29层 ,,板塔结合,48 万,5201 元,0,,,VR看装修 | 房本满五年 | 随时看房,https://hui.lianjia.com/ershoufang/105121560924.html
近灿邦  大社区  精装修  户型方正  正南朝向,"碧桂园太东公园上城 , 吾悦广场",3室2厅,110.78平米,南,精装,33层 ,,板塔结合,80 万,7222 元,1,,,VR看装修 | 房本满两年 | 随时看房,https://hui.lianjia.com/ershoufang/105112937202.html
主急售，户型方正，看房方便价位低,"美悦湾 , 大亚湾中心区",2室2厅,67.92平米,南,毛坯,中楼层(共32层) ,,板楼,26 万,3829 元,3,,30天以前发布,VR看装修 | 房本满两年 | 随时看房,https://hui.lianjia.com/ershoufang/105122263591.html
临深万达商圈 小区新 环境好 户型方正 三房双卫 朝南,"珑廷广场 , 万达",3室2厅,102.72平米,南,精装,32层 ,,塔楼,88 万,8567 元,0,,,VR看装修 | 房本满两年 | 随时看房,https://hui.lianjia.com/ershoufang/105122112098.html
门口双地铁公交线路+双商场+税费低+近万达寻找有缘人,"中铭君豪公寓 , 万达",2室2厅,67.15平米,南,简装,16层 ,,板塔结合,20 万,2979 元,3,,,VR看装修 | 房本满五年 | 随时看房,https://hui.lianjia.com/ershoufang/105120955229.html
中间楼层采光好 户型方正 满五唯一 税费低,"公交宿舍 , 麦地",3室2厅,78.82平米,南,,9层 ,,,29.8 万,3781 元,0,,31天以前发布,VR房源 | 房本满五年 | 随时看房,https://hui.lianjia.com/ershoufang/105122256853.html
居住安静舒适。户型方正。楼下有幼儿园,"恒大棕榈岛 , 白云新城",4室2厅,114.32平米,南,毛坯,32层 ,,板楼,65 万,5686 元,0,,,VR看装修 | 房本满五年 | 随时看房,https://hui.lianjia.com/ershoufang/105121437543.html
合生上观国际  大三房  户型方正  楼层好,"合生·上观国际 , 水口",3室2厅,132.36平米,南,精装,中楼层(共18层) ,,塔楼,85 万,6422 元,0,,,VR房源 | 房本满两年,https://hui.lianjia.com/ershoufang/105118236478.html
水口新力城三期109平大三房好楼层品质次新小区,"新力城三期 , 水口",3室2厅,109.45平米,南,毛坯,低楼层(共32层) ,,板楼,80 万,7310 元,0,,,VR看装修 | 随时看房,https://hui.lianjia.com/ershoufang/105121728567.html
隆生仲恺花园3区4房2厅2卫，天益城商圈，配套齐全,"隆生仲恺花园3区 , 陈江",4室2厅,127平米,南,毛坯,高楼层(共32层) ,,板楼,83 万,6536 元,0,,,VR看装修 | 随时看房,https://hui.lianjia.com/ershoufang/105117831903.html
：此房朝南，边户，采光好，小区中间位置视野开阔,"金沙世纪城 , 大亚湾中心区",3室2厅,87.08平米,南,精装,32层 ,,板塔结合,47 万,5398 元,3,,,VR看装修 | 房本满五年 | 随时看房,https://hui.lianjia.com/ershoufang/105120092263.html
红本在手，拧包入住，视野开阔。 大 社 区 带电梯,"半岛1号三期 , 白云新城",4室2厅,148.33平米,南 北,简装,16层 ,,板塔结合,95 万,6405 元,0,,,VR房源 | 房本满五年 | 随时看房,https://hui.lianjia.com/ershoufang/105119677530.html
N2区新上房源简欧装修楼层好诚心卖,"星河丹堤N区 , 南站新城",4室1厅,138.84平米,南,精装,8层 ,,板楼,183 万,13181 元,5,,,VR房源 | 房本满五年,https://hui.lianjia.com/ershoufang/105122105400.html
户型方正，采光通风，楼层位置好，配套设施齐全,"亚迪二村二区 , 澳头",3室2厅,115.39平米,南,,32层 ,,板塔结合,44.8 万,3883 元,2,,,VR房源 | 房本满五年 | 随时看房,https://hui.lianjia.com/ershoufang/105120236655.html
业主诚心出售，朝南自住精装修，楼下配套齐全,"德丰凯旋城北区 , 大亚湾中心区",3室1厅,81.07平米,南,精装,27层 ,,板塔结合,56.8 万,7007 元,0,,,VR看装修,https://hui.lianjia.com/ershoufang/105122169259.html
安静不吵！宝安山水龙城 精装3房 拎包入住 装修保养好,"宝安山水龙城 , 水口",3室2厅,86.67平米,南,精装,中楼层(共27层) ,,塔楼,73 万,8423 元,0,,,VR看装修 | 房本满五年 | 随时看房,https://hui.lianjia.com/ershoufang/105122117131.html
121平三房两卫南北通透 36栋100米楼间距 采光通风好,"合生·上观国际 , 水口",3室2厅,121.39平米,南 北,毛坯,高楼层(共32层) ,,塔楼,93.6 万,7711 元,0,,,VR看装修 | 房本满两年 | 随时看房,https://hui.lianjia.com/ershoufang/105120454463.html
业主着急卖  看房方便  价格可谈,"金汇上元 , 万达",2室2厅,77.23平米,南,毛坯,31层 ,,板塔结合,43 万,5568 元,0,,,VR房源 | 随时看房,https://hui.lianjia.com/ershoufang/105120687957.html
华庭阁 1室1厅 南,"华庭阁 , 东平",1室1厅,42平米,南,,高楼层(共19层) ,,板塔结合,22.5 万,5358 元,0,,18天以前发布,VR房源 | 随时看房,https://hui.lianjia.com/ershoufang/105122365470.html
红本无抵押 南北格局 看小区园林 绿色满眼 经济三房,"星河丹堤G区 , 南站新城",3室1厅,87.09平米,北,,34层 ,,塔楼,75 万,8612 元,0,,,VR房源 | 随时看房,https://hui.lianjia.com/ershoufang/105119871320.html
朝南高楼层，适合居家，年轻人的首  选,"碧桂园中萃公园 , 大亚湾中心区",4室2厅,99.78平米,南 北,精装,17层 ,,板塔结合,63.8 万,6395 元,0,,,VR房源 | 房本满五年,https://hui.lianjia.com/ershoufang/105121206822.html
业主急售 户型方正采光好 面积使用率高,"天源花园 , 大亚湾中心区",3室2厅,81.18平米,南 北,,27层 ,,板塔结合,43 万,5297 元,0,,,VR看装修 | 房本满五年 | 随时看房,https://hui.lianjia.com/ershoufang/105121472953.html
全新精装3房2厅1卫；没入住过；全南户型好,"碧桂园珑尚花园 , 水口",3室2厅,103平米,南,精装,高楼层(共34层) ,,板塔结合,71 万,6894 元,0,,,VR看装修 | 随时看房,https://hui.lianjia.com/ershoufang/105119958650.html
仲恺高铁站边成熟大社区好楼层三房,"海伦艺境 , 潼侨沥林",3室2厅,92.76平米,南 北,毛坯,33层 ,,板塔结合,40 万,4313 元,0,,,VR看装修 | 房本满两年 | 随时看房,https://hui.lianjia.com/ershoufang/105119932527.html
自住装修拎包入住店长推荐限时秒杀价实收10抓住机会,"文华楼 , 开城大润发",1室1厅,28.75平米,南,,中楼层(共8层) ,,,10 万,3479 元,4,,,VR看装修 | 房本满五年 | 随时看房,https://hui.lianjia.com/ershoufang/105122111032.html
景区门口老小区，物业实惠，价格低廉,"华羚新厦 , 龙丰",3室2厅,110.3平米,南,简装,高楼层(共8层) ,,,30 万,2720 元,0,,,VR看装修 | 房本满五年 | 随时看房,https://hui.lianjia.com/ershoufang/105122129324.html
俯瞰别墅区园林景观 宽阔大客厅朝南采光很好 环境优美,"东方新城 , 秋长",4室2厅,146.8平米,南 东南,精装,18层 ,,板塔结合,78.88 万,5374 元,0,,,VR房源 | 房本满五年,https://hui.lianjia.com/ershoufang/105121185114.html
楼层好 采光好，视野开阔，央 企书香大盘,"保利阳光城四期 , 白云新城",3室2厅,104.91平米,南 北,毛坯,31层 ,,板塔结合,61.8 万,5891 元,1,,,VR看装修 | 随时看房,https://hui.lianjia.com/ershoufang/105119883242.html
江北低价位选择，三环内，小三房，总价低，刚需,"田家炳第一中学宿舍楼 , 江北",3室2厅,91平米,东南,精装,高楼层(共7层) ,,,44.8 万,4924 元,0,,,VR房源 | 房本满五年 | 随时看房,https://hui.lianjia.com/ershoufang/105122081819.html
龙湖物业 南北通大四房 诚意出售 好楼层,"龙湖春江名宸府 , 陈江",4室2厅,118平米,南 北,毛坯,中楼层(共26层) ,,,78 万,6611 元,0,,,VR看装修 | 随时看房,https://hui.lianjia.com/ershoufang/105121985056.html
楼层漂亮 拎包入住  采光好 随时可以看房,"艺都南国明珠 , 新圩",3室2厅,93.74平米,南,精装,高楼层(共11层) ,,板塔结合,48 万,5121 元,0,,,VR房源 | 房本满五年 | 随时看房,https://hui.lianjia.com/ershoufang/105121998999.html
滨海公园边上，160平，大4房2厅2卫，业主诚心卖,"合生滨海城 , 澳头",4室1厅,161.17平米,东南,毛坯,31层 ,,板塔结合,60 万,3723 元,3,,,VR房源 | 房本满五年 | 随时看房,https://hui.lianjia.com/ershoufang/105121382350.html
海伦湾刚需三房，全新毛坯首付几万即可上车，看房方便,"海伦堡海伦湾 , 东平",3室2厅,89.5平米,东,毛坯,低楼层(共32层) ,,板塔结合,66 万,7375 元,0,,,VR房源 | 房本满五年 | 随时看房,https://hui.lianjia.com/ershoufang/105115046025.html
尚城世家二期  邻图书馆 近体育公园 高楼层 采光好,"尚城世家二期 , 区政府",3室2厅,83.41平米,北,,26层 ,,板塔结合,63 万,7554 元,1,,,VR看装修 | 房本满五年,https://hui.lianjia.com/ershoufang/105120278102.html
此房地段好，出小区门就是市政广场跟市场，居住方便,"隆基天地广场 , 区政府",3室2厅,128.7平米,东 西南,,23层 ,,板塔结合,68.8 万,5346 元,1,,,VR房源 | 房本满五年 | 随时看房,https://hui.lianjia.com/ershoufang/105121586421.html
奥园誉山湖一线湖景南北通四房，视野开阔无遮挡,"奥园誉山湖花园 , 河南岸",4室2厅,129.63平米,南 北,毛坯,中楼层(共32层) ,,板塔结合,150 万,11572 元,1,,,VR看装修 | 房本满两年 | 随时看房,https://hui.lianjia.com/ershoufang/105119370979.html
此房格局好，双阳台看花园，视野好 ，采光好，楼层好,"荣佳国韵二期 , 龙光城",5室2厅,165.8平米,南 北,毛坯,30层 ,,板塔结合,115 万,6937 元,1,,13天以前发布,VR房源 | 随时看房,https://hui.lianjia.com/ershoufang/105122428025.html
南北通户型，地段好， 品质小区，物业管理好,"聚龙天誉湾二期 , 博罗石湾",4室2厅,117.28平米,南 北,,28层 ,,塔楼,73 万,6225 元,0,,,VR看装修 | 随时看房,https://hui.lianjia.com/ershoufang/105121630147.html
惠城区广安花园三房两厅100平方29万急售,"廣安花園 , 麦地",3室2厅,100.45平米,西南,简装,高楼层(共10层) ,,,28 万,2788 元,2,,,VR看装修 | 房本满两年 | 随时看房,https://hui.lianjia.com/ershoufang/105121027399.html
带装修南北通三房，视野开阔，采光充足,"鸿升世纪东方城 , 水口",3室2厅,129.36平米,南 北,简装,26层 ,,板塔结合,75 万,5798 元,0,,,VR看装修,https://hui.lianjia.com/ershoufang/105121514958.html
东南朝向，视野开阔，户型布局很好，三个房间都朝南,"星河丹堤F区 , 南站新城",3室2厅,88.47平米,南,毛坯,34层 ,,板塔结合,69 万,7800 元,4,,,VR看装修 | 房本满五年 | 随时看房,https://hui.lianjia.com/ershoufang/105120101281.html
花园中间 精装三房 拎包入住 满二唯一,"富盈公馆三期 , 马安",3室2厅,102.04平米,南,精装,低楼层(共11层) ,,塔楼,83.9 万,8223 元,0,,,VR看装修 | 房本满两年 | 随时看房,https://hui.lianjia.com/ershoufang/105120193740.html
东南朝向精装修三居室 诚心出售 看房方便,"东湖花园三号小区 , 东平",3室2厅,89.24平米,南,,中楼层(共14层) ,,板楼,64 万,7172 元,0,,,VR看装修 | 房本满五年 | 随时看房,https://hui.lianjia.com/ershoufang/105122207580.html
此房地段好，出小区门就是市政广场跟市场，居住方便,"隆基天地广场 , 区政府",3室2厅,128.7平米,东 西南,,23层 ,,板塔结合,68.8 万,5346 元,1,,,VR房源 | 房本满五年 | 随时看房,https://hui.lianjia.com/ershoufang/105121586421.html
近深圳沙田地铁站，精装修，小区花园绿化达30%以上,"万城 , 白云新城",2室1厅,60.81平米,北,精装,25层 ,,板塔结合,38 万,6249 元,0,,,VR看装修 | 房本满五年 | 随时看房,https://hui.lianjia.com/ershoufang/105121598503.html
N2区新上房源简欧装修楼层好诚心卖,"星河丹堤N区 , 南站新城",4室1厅,138.84平米,南,精装,8层 ,,板楼,183 万,13181 元,5,,,VR房源 | 房本满五年,https://hui.lianjia.com/ershoufang/105122105400.html
大社区 户型南北通双阳台近沙田站,"万城名座花园 , 白云新城",4室2厅,132平米,南,精装,32层 ,,板塔结合,111 万,8410 元,0,,,VR看装修 | 房本满五年 | 随时看房,https://hui.lianjia.com/ershoufang/105120594296.html
房间都很宽敞 朝东南户型 采光明亮 通风性,"方圆天俊 , 惠环",4室2厅,116.7平米,南,毛坯,高楼层(共32层) ,,塔楼,68 万,5827 元,0,,,VR看装修 | 随时看房,https://hui.lianjia.com/ershoufang/105120280275.html
美丽洲 4室1厅 东南,"美丽洲 , 马安",4室1厅,138.7平米,东南,,高楼层(共32层) ,,塔楼,110 万,7931 元,0,,,VR看装修 | 房本满两年 | 随时看房,https://hui.lianjia.com/ershoufang/105121596327.html
海景城大社区 户型方正 高层视野开阔,"海景城 , 澳头",4室2厅,120.47平米,南 北,毛坯,33层 ,,板塔结合,60 万,4981 元,1,,,VR看装修 | 房本满五年 | 随时看房,https://hui.lianjia.com/ershoufang/105117589812.html
乐基大厦小区属于惠阳淡水2017年的房子 近高速,"乐基大厦 , 区政府",4室2厅,87.92平米,南,毛坯,29层 ,,板塔结合,48 万,5460 元,0,,,VR看装修 | 房本满五年 | 随时看房,https://hui.lianjia.com/ershoufang/105119252071.html
尚城世家，全屋智能装修，拎包入住,"尚城世家二期 , 区政府",2室2厅,81.37平米,西,,26层 ,,板塔结合,68 万,8357 元,0,,,VR看装修 | 房本满五年 | 随时看房,https://hui.lianjia.com/ershoufang/105121326180.html
全新精装，南北双阳台双卫，楼层视野佳，红本，税费低,"美悦湾 , 大亚湾中心区",3室2厅,91.41平米,南 北,精装,中楼层(共33层) ,,板楼,57 万,6236 元,2,,29天以前发布,VR看装修 | 随时看房,https://hui.lianjia.com/ershoufang/105122273567.html
户型布局合理  儿童老人活动区域热闹  生活舒适惬意,"渝景湾花园四期 , 澳头",3室2厅,96.48平米,南,简装,低楼层(共26层) ,,板塔结合,27 万,2799 元,7,,,VR房源 | 房本满五年 | 随时看房,https://hui.lianjia.com/ershoufang/105113037142.html
小区地理位置优越，楼层采光好，花园绿化好，,"鑫月御园 , 秋长",3室2厅,93.22平米,东南,毛坯,31层 ,,板塔结合,43 万,4613 元,0,,,VR看装修 | 房本满两年 | 随时看房,https://hui.lianjia.com/ershoufang/105112698232.html
皇冠豪苑 147平 4加1房 一线看江  两梯两户纯板式楼,"万城皇冠豪苑 , 水口",5室2厅,147.81平米,南,毛坯,22层 ,,板楼,142 万,9607 元,0,,,VR看装修 | 房本满两年 | 随时看房,https://hui.lianjia.com/ershoufang/105121315130.html
一线江景，红本在手，7米大阳台，凤凰楼层，拎包入住,"中信水岸城二三期 , 东江新城",3室2厅,167.83平米,东南,精装,32层 ,,板楼,175 万,10428 元,0,,,VR房源 | 房本满两年 | 随时看房,https://hui.lianjia.com/ershoufang/105122092084.html
凯旋城 3房  南向光照好，通风效果好！,"中海凯旋城五六期 , 河南岸",3室2厅,87.43平米,东南,毛坯,32层 ,,板塔结合,72 万,8236 元,0,,,VR看装修 | 房本满五年 | 随时看房,https://hui.lianjia.com/ershoufang/105122092279.html
临深白云新城，带装修三房，近沙田地铁口,"鹏城里 , 白云新城",3室2厅,93.44平米,东北,简装,28层 ,,板塔结合,47.8 万,5116 元,0,,25天以前发布,VR看装修 | 房本满五年 | 随时看房,https://hui.lianjia.com/ershoufang/105122309811.html
边位三房两卫，南向采光充足，视野开阔,"小径海岸城花园 , 霞涌",3室1厅,104平米,南,精装,33层 ,,板塔结合,48.8 万,4693 元,1,,,VR房源 | 随时看房,https://hui.lianjia.com/ershoufang/105120922894.html
科技园旁，次新小区，实用四房。,"仁和美地家园 , 吾悦广场",4室2厅,114.97平米,南 北,毛坯,32层 ,,塔楼,66.9 万,5819 元,1,,,VR看装修 | 房本满两年 | 随时看房,https://hui.lianjia.com/ershoufang/105120905598.html
采光通风效果好，业主诚意出售，小区舒服.,"惠州星河盛世 , 白云新城",4室2厅,89.26平米,西南,,33层 ,,板塔结合,56 万,6274 元,0,,,VR看装修 | 随时看房,https://hui.lianjia.com/ershoufang/105116641404.html
顶楼复式4房上下2层 天台种菜 种花,"碧桂园翠湖湾 , 新圩",4室3厅,181.95平米,东南,精装,高楼层(共17层) ,,塔楼,116 万,6376 元,1,,,VR房源 | 房本满两年 | 随时看房,https://hui.lianjia.com/ershoufang/105120531228.html
轻轨物业 金辉新苑精装大三房 保养好 拎包入住,"金輝新苑 , 龙丰",3室2厅,130.34平米,北,精装,中楼层(共9层) ,,板塔结合,75 万,5755 元,0,,,VR房源 | 房本满五年 | 随时看房,https://hui.lianjia.com/ershoufang/105118865051.html
中间楼层采光好 户型方正 满五唯一 税费低,"公交宿舍 , 麦地",3室2厅,78.82平米,南,,9层 ,,,29.8 万,3781 元,0,,31天以前发布,VR房源 | 房本满五年 | 随时看房,https://hui.lianjia.com/ershoufang/105122256853.html
临深大四房 双阳台诚心出售 产权清晰,"正兆千树晴山 , 西区新寮",4室2厅,127.9平米,南,毛坯,31层 ,,板楼,75 万,5864 元,0,,6天以前发布,VR房源 | 随时看房,https://hui.lianjia.com/ershoufang/105122502107.html
满五唯一 朝南 房子保养新 装修很不错 使用率高,"康怡轩 , 江北",3室1厅,92平米,南,,高楼层(共30层) ,,塔楼,69.6 万,7566 元,0,,29天以前发布,VR房源 | 房本满五年,https://hui.lianjia.com/ershoufang/105122280576.html
中骏雍景台 花园高层3房 诚意出售 过户交契税！,"中骏雍景台 , 马安",3室2厅,95.52平米,南,毛坯,高楼层(共33层) ,,板楼,66.5 万,6962 元,0,,,VR看装修 | 随时看房,https://hui.lianjia.com/ershoufang/105121667377.html
"诚心出售，价格可谈,中间楼层，看房方便","壹城中心2区 , 陈江",3室2厅,98.84平米,南,毛坯,高楼层(共29层) ,,塔楼,68 万,6880 元,0,,,VR看装修 | 房本满五年 | 随时看房,https://hui.lianjia.com/ershoufang/105121374297.html
香悦澜山 刚需3房2厅2卫 朝南户型方正 安静舒适,"新城香悦澜山 , 博罗中心区",3室2厅,97平米,南,毛坯,中楼层(共33层) ,,塔楼,37 万,3815 元,0,,,VR房源 | 房本满五年 | 随时看房,https://hui.lianjia.com/ershoufang/105122149896.html
此房业主很少住中高楼层 新中式精装修保养好拎包入住,"合生·上观国际 , 水口",4室2厅,140.59平米,南 北,精装,中楼层(共18层) ,,塔楼,128 万,9105 元,0,,16天以前发布,VR房源,https://hui.lianjia.com/ershoufang/105122392020.html
业主诚心出售 ，看花园 户型方正采光好,"卓越蔚蓝海岸七期 , 西区新寮",3室2厅,85.1平米,西南,简装,28层 ,,板塔结合,70 万,8226 元,1,,,VR看装修 | 房本满五年,https://hui.lianjia.com/ershoufang/105118686612.html
楼栋好，不临街，高楼层，南北通户型,"君跃荃新时代 , 大亚湾中心区",3室2厅,96.92平米,南,毛坯,33层 ,,板塔结合,47.9 万,4943 元,0,,,VR看装修 | 随时看房,https://hui.lianjia.com/ershoufang/105120433658.html
精装修 安静 看花园  户型方正,"海伦堡海伦香洲 , 陈江",3室1厅,83.43平米,南,,低楼层(共32层) ,,板楼,49 万,5874 元,0,,25天以前发布,VR房源 | 房本满五年 | 随时看房,https://hui.lianjia.com/ershoufang/105122313933.html
大亚湾澳头2房高楼层带装修带租约红本在手,"大江新都大厦 , 澳头",2室1厅,74.14平米,东北,简装,24层 ,,板塔结合,22.5 万,3035 元,1,,,VR看装修 | 房本满五年,https://hui.lianjia.com/ershoufang/105119178220.html
位置佳，配套完善，交通便利！满五唯一税费少,"亲水湾 , 吾悦广场",3室2厅,83.97平米,南,毛坯,26层 ,,板塔结合,45 万,5360 元,0,,20天以前发布,VR看装修 | 房本满五年 | 随时看房,https://hui.lianjia.com/ershoufang/105122352524.html
正规一房一厅，业主诚心出售，看房方便,"海粤名庭 , 大亚湾中心区",1室1厅,57.05平米,南,毛坯,低楼层(共19层) ,,塔楼,18 万,3156 元,3,,,VR看装修 | 房本满五年 | 随时看房,https://hui.lianjia.com/ershoufang/105121939799.html
保利天汇，近印象城，小三房，看上可面谈。,"保利天汇 , 河南岸",3室2厅,88平米,南,毛坯,中楼层(共32层) ,,板塔结合,92 万,10455 元,0,,,VR看装修 | 随时看房,https://hui.lianjia.com/ershoufang/105115446422.html
信利康精装修 全新未入住 红本在手，价格优惠。,"信利康乐创汇 , 河南岸",4室2厅,121.82平米,南 北,精装,高楼层(共31层) ,,,114 万,9359 元,0,,7天以前发布,VR房源 | 随时看房,https://hui.lianjia.com/ershoufang/105122491741.html
精装修，2房，东南朝向，中间楼层，直接拎包入住,"海伦堡院子 , 水口",2室2厅,61.27平米,东南,,高楼层(共15层) ,,板塔结合,42.5 万,6937 元,0,,,VR看装修 | 房本满两年 | 随时看房,https://hui.lianjia.com/ershoufang/105122206546.html
大大草地 3房两卫  毛坯 高楼层 业主诚心出售,"DADA的草地 , 大亚湾中心区",3室2厅,100.74平米,南,毛坯,32层 ,,板塔结合,29 万,2879 元,24,,,VR看装修 | 房本满五年 | 随时看房,https://hui.lianjia.com/ershoufang/105115176417.html
急卖 星河丹堤G4区  南北通四房 看山景 公园,"星河丹堤G4区 , 南站新城",4室2厅,124.47平米,南 北,毛坯,33层 ,,板塔结合,130 万,10445 元,0,,,VR看装修 | 房本满两年 | 随时看房,https://hui.lianjia.com/ershoufang/105120494540.html
开发商装修通透四房 全新未住过人 带12平南向景观阳台,"龙光城北十一期 , 龙光城",4室2厅,118.73平米,东南 西北,精装,32层 ,,板塔结合,103 万,8676 元,0,,27天以前发布,VR看装修 | 随时看房,https://hui.lianjia.com/ershoufang/105122294537.html
顶楼建了铁皮从自己房子可以上去，买一得二,"吴屋园路 , 下角",3室1厅,63.09平米,东南,,高楼层(共4层) ,,,18 万,2854 元,1,,14天以前发布,VR房源 | 房本满五年 | 随时看房,https://hui.lianjia.com/ershoufang/105122414346.html
临深白云新城 通勤便利 配套齐全 居住好 近地铁,"鹏城里 , 白云新城",4室2厅,112.1平米,南 北,毛坯,30层 ,,板塔结合,55 万,4907 元,0,,19天以前发布,VR房源 | 房本满两年 | 随时看房,https://hui.lianjia.com/ershoufang/105122358403.html
东岸丽都花园 4室2厅 南 北,"东岸丽都花园 , 大亚湾中心区",4室2厅,84平米,南 北,毛坯,32层 ,,塔楼,55 万,6548 元,0,,11天以前发布,VR房源 | 随时看房,https://hui.lianjia.com/ershoufang/105122449415.html
户型方正，房产清晰，业主急售，小区自己的物业,"金裕星河丹堤 , 小金口",3室2厅,85.89平米,南,毛坯,低楼层(共34层) ,,塔楼,39 万,4541 元,0,,11天以前发布,VR房源 | 随时看房,https://hui.lianjia.com/ershoufang/105122451965.html
采光佳 视野好 户型方正 配套齐 交通便利,"正闳润金名苑 , 西区新寮",2室2厅,68.02平米,南,,27层 ,,塔楼,46 万,6763 元,0,,,VR看装修,https://hui.lianjia.com/ershoufang/105116859200.html
江北丽日君颐花园花园中间安静3房2卫精装保养好,"丽日君颐家园 , 江北",3室1厅,94.85平米,北,简装,高楼层(共30层) ,,板塔结合,108 万,11387 元,0,,,VR看装修 | 房本满五年 | 随时看房,https://hui.lianjia.com/ershoufang/105118239579.html
牧马湖精装四房南北通透业主诚心出售,"泰丰牧马湖 , 万达",4室2厅,113.02平米,南 北,精装,11层 ,,板楼,123 万,10884 元,2,,,VR房源 | 房本满两年 | 随时看房,https://hui.lianjia.com/ershoufang/105120524561.html
花园社区，格局方正，带约200平方露台，自用,"海伦堡院子 , 水口",2室2厅,72平米,东北,简装,低楼层(共31层) ,,板塔结合,57 万,7917 元,0,,,VR看装修 | 随时看房,https://hui.lianjia.com/ershoufang/105120596456.html
南北通双阳台三房 费用少 高楼层,"德洲城五期 , 西区新寮",3室2厅,98平米,南 北,毛坯,26层 ,,塔楼,69 万,7041 元,2,,,VR看装修 | 房本满五年 | 随时看房,https://hui.lianjia.com/ershoufang/105113576282.html
图书馆500强大社区户型方正视野开阔红本在手,"新华联广场 , 大亚湾中心区",2室2厅,101.39平米,南,精装,32层 ,,塔楼,39.3 万,3877 元,0,,,VR看装修 | 房本满五年 | 随时看房,https://hui.lianjia.com/ershoufang/105121320910.html
华侨新苑，朝南，大三房，采光好。,"华侨新苑 , 龙丰",3室2厅,94.7平米,南,简装,8层 ,,板塔结合,36 万,3802 元,0,,,VR看装修 | 随时看房,https://hui.lianjia.com/ershoufang/105121345429.html
新祺园 3室2厅 东南,"新祺园 , 新行政区",3室2厅,88.42平米,东南,毛坯,32层 ,,板塔结合,49 万,5542 元,0,,11天以前发布,VR房源 | 房本满五年 | 随时看房,https://hui.lianjia.com/ershoufang/105122453183.html
隆生仲恺花园3区4房2厅2卫，天益城商圈，配套齐全,"隆生仲恺花园3区 , 陈江",4室2厅,127平米,南,毛坯,高楼层(共32层) ,,板楼,83 万,6536 元,0,,,VR看装修 | 随时看房,https://hui.lianjia.com/ershoufang/105117831903.html
彩虹城北区  带装修 一室  天虹大润发,"中天彩虹城北区 , 开城大润发",1室1厅,30平米,东南,,30层 ,,塔楼,12.8 万,4267 元,0,,,VR看装修 | 房本满五年 | 随时看房,https://hui.lianjia.com/ershoufang/105120907318.html
花园中间高楼层前后无遮挡视野开阔采光好,"东江学府三期 , 河南岸",3室2厅,133平米,南 北,精装,高楼层(共18层) ,,板塔结合,126 万,9474 元,0,,,VR看装修 | 随时看房,https://hui.lianjia.com/ershoufang/105121970828.html
：此房朝南，边户，采光好，小区中间位置视野开阔,"金沙世纪城 , 大亚湾中心区",3室2厅,87.08平米,南,精装,32层 ,,板塔结合,47 万,5398 元,3,,,VR看装修 | 房本满五年 | 随时看房,https://hui.lianjia.com/ershoufang/105120092263.html
居住安静舒适。户型方正。楼下有幼儿园,"恒大棕榈岛 , 白云新城",4室2厅,114.32平米,南,毛坯,32层 ,,板楼,65 万,5686 元,0,,,VR看装修 | 房本满五年 | 随时看房,https://hui.lianjia.com/ershoufang/105121437543.html
水口新力城三期109平大三房好楼层品质次新小区,"新力城三期 , 水口",3室2厅,109.45平米,南,毛坯,低楼层(共32层) ,,板楼,80 万,7310 元,0,,,VR看装修 | 随时看房,https://hui.lianjia.com/ershoufang/105121728567.html
合生上观国际  大三房  户型方正  楼层好,"合生·上观国际 , 水口",3室2厅,132.36平米,南,精装,中楼层(共18层) ,,塔楼,85 万,6422 元,0,,,VR房源 | 房本满两年,https://hui.lianjia.com/ershoufang/105118236478.html
红本在手，拧包入住，视野开阔。 大 社 区 带电梯,"半岛1号三期 , 白云新城",4室2厅,148.33平米,南 北,简装,16层 ,,板塔结合,95 万,6405 元,0,,,VR房源 | 房本满五年 | 随时看房,https://hui.lianjia.com/ershoufang/105119677530.html
富川瑞园，楼层高采光好，近仲恺大道配套齐全,"富川瑞园 , 惠环",3室2厅,82.42平米,南,毛坯,高楼层(共32层) ,,板塔结合,29 万,3519 元,1,,,VR看装修 | 房本满五年 | 随时看房,https://hui.lianjia.com/ershoufang/105121043226.html
滨江苑  精装四房 有钥匙看房方便,"滨江苑 , 下埔",4室2厅,116.88平米,南,简装,高楼层(共8层) ,,,52 万,4450 元,1,,,VR看装修 | 房本满五年,https://hui.lianjia.com/ershoufang/105121526962.html
安静不吵！宝安山水龙城 精装3房 拎包入住 装修保养好,"宝安山水龙城 , 水口",3室2厅,86.67平米,南,精装,中楼层(共27层) ,,塔楼,73 万,8423 元,0,,,VR看装修 | 房本满五年 | 随时看房,https://hui.lianjia.com/ershoufang/105122117131.html
全屋精装拎包入住，刚装修好很新，4房2厅，楼层好,"德威江誉城Ⅱ期 , 马安",4室2厅,123.45平米,南,精装,高楼层(共32层) ,,塔楼,128 万,10369 元,0,,,VR看装修 | 房本满两年,https://hui.lianjia.com/ershoufang/105121561973.html
房子采光好。大三房。大亚湾合心地段,"三远大爱城 , 吾悦广场",3室2厅,92.71平米,南,毛坯,32层 ,,板塔结合,58 万,6257 元,0,,,VR看装修 | 房本满五年 | 随时看房,https://hui.lianjia.com/ershoufang/105121844987.html
高楼层朝南户型，采光好，户型格局方正,"碧桂园翠湖湾 , 新圩",4室2厅,128.52平米,南,毛坯,中楼层(共33层) ,,塔楼,65 万,5058 元,0,,,VR看装修 | 房本满两年 | 随时看房,https://hui.lianjia.com/ershoufang/105119151777.html
天益城商圈，隆生仲恺花园1区。房子没有欠款好楼层,"隆生仲恺花园 , 陈江",4室2厅,121.8平米,南 西南,毛坯,高楼层(共30层) ,,塔楼,89 万,7308 元,0,,,VR看装修 | 随时看房,https://hui.lianjia.com/ershoufang/105119689165.html
荷兰小城4房2厅 精装修，业主诚心出售,"光耀荷兰小城 , 陈江",4室2厅,101.32平米,南,精装,33层 ,,塔楼,66 万,6515 元,0,,,VR看装修 | 房本满五年 | 随时看房,https://hui.lianjia.com/ershoufang/105118283449.html
昶园大户型大四房三卫高铁站900米 南北通透,"昶园 , 南站新城",4室2厅,161平米,南 北,毛坯,30层 ,,板塔结合,133 万,8261 元,0,,,VR房源 | 房本满五年 | 随时看房,https://hui.lianjia.com/ershoufang/105121899315.html
南北通，视野广阔，采光好楼层好，户型方正,"方直星耀国际 , 河南岸",3室2厅,93.77平米,南,毛坯,高楼层(共31层) ,,板塔结合,106 万,11305 元,1,,,VR看装修 | 房本满五年 | 随时看房,https://hui.lianjia.com/ershoufang/105120537619.html
业主急售 户型方正采光好 面积使用率高,"天源花园 , 大亚湾中心区",3室2厅,81.18平米,南 北,,27层 ,,板塔结合,43 万,5297 元,0,,,VR看装修 | 房本满五年 | 随时看房,https://hui.lianjia.com/ershoufang/105121472953.html
荣灿精装三房 视野开阔 采光好 一线江景,"荣灿惠州中心 , 江北",3室2厅,134.42平米,东北,精装,低楼层(共36层) ,,板塔结合,210 万,15623 元,0,,,VR看装修 | 房本满五年 | 随时看房,https://hui.lianjia.com/ershoufang/105115505175.html
户型方正，采光通风，楼层位置好，配套设施齐全,"亚迪二村二区 , 澳头",3室2厅,115.39平米,南,,32层 ,,板塔结合,44.8 万,3883 元,2,,,VR房源 | 房本满五年 | 随时看房,https://hui.lianjia.com/ershoufang/105120236655.html
业主诚心出售，朝南自住精装修，楼下配套齐全,"德丰凯旋城北区 , 大亚湾中心区",3室1厅,81.07平米,南,精装,27层 ,,板塔结合,56.8 万,7007 元,0,,,VR看装修,https://hui.lianjia.com/ershoufang/105122169259.html
业主诚心卖　格局方正　楼层采光效果好　红本在手,"龙光城北四期 , 龙光城",4室1厅,107.74平米,北,精装,33层 ,,板塔结合,85 万,7890 元,2,,,VR看装修 | 房本满两年 | 随时看房,https://hui.lianjia.com/ershoufang/105121191958.html
户型方正 南北通 精装 带车位,"海惠花园一区 , 吾悦广场",3室2厅,121.93平米,南 北,精装,18层 ,,塔楼,67 万,5495 元,0,,,VR看装修 | 房本满五年 | 随时看房,https://hui.lianjia.com/ershoufang/105122213194.html
低总价三房两卫 看花园 采光足通风棒 钥匙在手,"TCL康城四季 , 惠环",3室2厅,88.41平米,南,毛坯,32层 ,,塔楼,46.6 万,5271 元,1,,,VR房源 | 房本满五年 | 随时看房,https://hui.lianjia.com/ershoufang/105116617691.html
缘水岸标准户型。门口八小半岛公园，业主诚心卖。,"湖滨花园2期 , 区政府",3室2厅,108.89平米,南,毛坯,30层 ,,板塔结合,89 万,8174 元,2,,,VR看装修 | 房本满五年 | 随时看房,https://hui.lianjia.com/ershoufang/105115174435.html
临14号地铁沙田站 方正户型 业主诚心出售,"凯南莱弗城 , 西区新寮",1室1厅,49.39平米,南,精装,30层 ,,板塔结合,29 万,5872 元,1,,,VR看装修 | 房本满五年,https://hui.lianjia.com/ershoufang/105119815078.html
金山湖凯旋城改善盘大社区自带泳池景观靓四房两卫,"中海凯旋城二期 , 河南岸",4室2厅,141.46平米,南 北,,27层 ,,塔楼,125 万,8837 元,0,,,VR看装修 | 房本满五年 | 随时看房,https://hui.lianjia.com/ershoufang/105116539623.html
长通熙园二期（贝壳平台） 品质社区商圈朝南三房,"长通熙园 , 开城大润发",3室2厅,89.51平米,西,毛坯,33层 ,,板楼,60 万,6704 元,0,,,VR看装修 | 房本满两年 | 随时看房,https://hui.lianjia.com/ershoufang/105116524798.html
户型好 采光好 格局楼层好 视野宽阔 带精装,"龙光城南一期 , 龙光城",3室2厅,116.26平米,北 东北,精装,27层 ,,板塔结合,79.8 万,6864 元,1,,,VR房源 | 房本满五年 | 随时看房,https://hui.lianjia.com/ershoufang/105121090776.html
"打造优质生活品质城市,天然氧吧社区","缤纷TOWN一期 , 比亚迪商圈",2室1厅,69.06平米,南,毛坯,29层 ,,板塔结合,30 万,4345 元,0,,,VR房源 | 房本满五年 | 随时看房,https://hui.lianjia.com/ershoufang/105122036168.html
德威江誉城1期 4室1厅 南,"德威江誉城1期 , 马安",4室1厅,111平米,南,毛坯,低楼层(共32层) ,,板塔结合,115 万,10361 元,0,,27天以前发布,VR房源 | 随时看房,https://hui.lianjia.com/ershoufang/105122293190.html
美因河畔花园 好楼层 景观好 生活方便,"美茵河畔花园 , 龙光城",4室2厅,121.58平米,南,精装,32层 ,,板塔结合,98 万,8061 元,0,,,VR看装修 | 房本满五年,https://hui.lianjia.com/ershoufang/105122137905.html
房子户型方正，采光好。。。。。。。,"格林童话世界四期 , 潼侨沥林",2室2厅,74.76平米,南,毛坯,高楼层(共18层) ,,板塔结合,36 万,4816 元,8,,,VR看装修 | 房本满五年 | 随时看房,https://hui.lianjia.com/ershoufang/105106118825.html
菱湖花园，小区安静，楼下即是丽日广场，生活便利。,"菱湖花园 , 下角",3室2厅,80.63平米,南,简装,低楼层(共9层) ,,板塔结合,35 万,4341 元,1,,,VR看装修 | 房本满五年 | 随时看房,https://hui.lianjia.com/ershoufang/105121463415.html
户型方正 视野 开阔 离公园近,"东江豪门 , 博罗中心区",5室2厅,231平米,南 北,精装,低楼层(共27层) ,,板塔结合,180 万,7793 元,0,,,VR看装修,https://hui.lianjia.com/ershoufang/105119181712.html
一线临深花园，朝南看花园，河景,"曦悦湾畔花园 , 西区新寮",3室2厅,86.04平米,南,精装,33层 ,,板塔结合,68 万,7904 元,0,,,VR看装修 | 房本满两年 | 随时看房,https://hui.lianjia.com/ershoufang/105116369851.html
临深大社区三房两卫，楼层通风采光佳视野开阔，价格笋,"卓越东部蔚蓝海岸三期 , 西区新寮",3室2厅,103.67平米,东南,毛坯,33层 ,,板塔结合,69 万,6656 元,0,,,VR看装修 | 房本满五年 | 随时看房,https://hui.lianjia.com/ershoufang/105122246848.html
德威江誉城Ⅱ期 4室2厅 南,"德威江誉城Ⅱ期 , 马安",4室2厅,113.26平米,南,毛坯,中楼层(共32层) ,,塔楼,96.8 万,8547 元,0,,,VR看装修 | 房本满两年 | 随时看房,https://hui.lianjia.com/ershoufang/105120732010.html
沃尔玛 港惠新天地北区  租客稳定保养好 产权清晰急售,"港惠新天地北区 , 河南岸",2室2厅,74.36平米,南,精装,低楼层(共28层) ,,塔楼,53 万,7128 元,3,,,VR看装修 | 房本满五年,https://hui.lianjia.com/ershoufang/105120711682.html
花园中间，朝南三房，精装修保养小区天花板,"新世界长湖苑一期 , 东平",3室2厅,91.49平米,南,精装,中楼层(共9层) ,,板塔结合,48.7 万,5323 元,1,,,VR房源,https://hui.lianjia.com/ershoufang/105121957064.html
不仅打5折，还S装修，不仅 s装修还S全屋家私，地段好,"龙宸梧桐郡府 , 陈江",1室1厅,43.28平米,南,精装,28层 ,,塔楼,17.5 万,4044 元,4,,,VR看装修 | 随时看房,https://hui.lianjia.com/ershoufang/105118808885.html
临深三房 ， 业主诚心出售户型方正采光好,"秋谷康城 , 龙光城",3室2厅,97.65平米,南,毛坯,21层 ,,板塔结合,50 万,5121 元,2,,,VR看装修 | 房本满五年 | 随时看房,https://hui.lianjia.com/ershoufang/105121684932.html
美泰天韵绿化社区精装三房 中间楼层透风效果好,"美泰天韵 , 万达",3室2厅,95平米,南,精装,30层 ,,板塔结合,63 万,6632 元,2,,,VR看装修 | 房本满五年 | 随时看房,https://hui.lianjia.com/ershoufang/105118166846.html
富盈公馆一期精装修3房，中间楼层，视野好,"富盈公馆一期 , 马安",3室2厅,91.37平米,南,精装,20层 ,,塔楼,70 万,7662 元,0,,,VR看装修 | 房本满五年 | 随时看房,https://hui.lianjia.com/ershoufang/105118964369.html
德佑透明收佣，不做包单，阳台正南朝向，看花园小区,"海伦堡西子湾 , 下角",3室2厅,106.74平米,南,毛坯,低楼层(共31层) ,,板塔结合,75 万,7027 元,0,,,VR看装修 | 随时看房,https://hui.lianjia.com/ershoufang/105119836033.html
横厅大四房，交通便利，配套齐全。,"龙光城北八期 , 龙光城",4室2厅,118.02平米,南 北,精装,17层 ,,板塔结合,117.1 万,9923 元,3,,,VR看装修 | 房本满五年 | 随时看房,https://hui.lianjia.com/ershoufang/105119859293.html
德威花园小区，红本在手，业主急售，大三房，户型方正,"德威花园城 , 秋长",3室2厅,100.43平米,南,毛坯,中楼层(共32层) ,,板楼,41.4 万,4123 元,1,,,VR房源 | 房本满五年 | 随时看房,https://hui.lianjia.com/ershoufang/105120838545.html
龙光城大三房 业主诚心卖 视野开阔 采光好,"龙光城北三期 , 龙光城",3室2厅,81.57平米,东南 南,精装,低楼层(共34层) ,,板塔结合,67 万,8214 元,27,,,VR看装修 | 房本满五年 | 随时看房,https://hui.lianjia.com/ershoufang/105109093947.html
横厅4房  业主诚心出售  有钥匙随时可以看房,"龙光城南四期 , 龙光城",4室2厅,108.72平米,东北,毛坯,34层 ,,塔楼,88 万,8095 元,0,,13天以前发布,VR房源 | 房本满五年 | 随时看房,https://hui.lianjia.com/ershoufang/105122420303.html
房子格局 楼层好 视野开阔 采光充足,"碧桂园云创家园 , 潼侨沥林",2室1厅,42.64平米,东南,,20层 ,,板塔结合,22.6 万,5301 元,0,,17天以前发布,VR房源 | 房本满五年 | 随时看房,https://hui.lianjia.com/ershoufang/105122387121.html
"小区环境优美,绿化覆盖率高通透性好，适宜居住","玖龙台 , 潼侨沥林",3室2厅,88.75平米,南,,32层 ,,板塔结合,44 万,4958 元,0,,,VR看装修 | 房本满两年 | 随时看房,https://hui.lianjia.com/ershoufang/105121976855.html
德润天峰中间楼层朝正南小三房诚意售出,"德润天峰 , 潼侨沥林",3室2厅,79.89平米,南,毛坯,18层 ,,板塔结合,38 万,4757 元,0,,,VR看装修 | 随时看房,https://hui.lianjia.com/ershoufang/105121373911.html
急售 灿邦商圈 南北通4房2卫3阳台 中高楼层 视野好,"十月花花园 , 大亚湾中心区",4室2厅,131.08平米,南 北,简装,33层 ,,板楼,88 万,6714 元,0,,,VR看装修 | 房本满五年 | 随时看房,https://hui.lianjia.com/ershoufang/105114199813.html
位置好，采光充足，业主诚意急卖，方便看房,"星河丹堤G4区 , 南站新城",5室2厅,172.32平米,南 北,毛坯,10层 ,,板塔结合,240 万,13928 元,1,,,VR看装修 | 房本满两年 | 随时看房,https://hui.lianjia.com/ershoufang/105120272939.html
三和经济开发区，新力龙湾，全屋定制家私家电,"新力珑湾 , 三和经济开发区",3室2厅,89.72平米,南,,中楼层(共31层) ,,塔楼,50 万,5573 元,0,,6天以前发布,VR房源 | 随时看房,https://hui.lianjia.com/ershoufang/105122504741.html
中信水岸城四期玫瑰湾央企大社区,"中信水岸城四期 , 东江新城",3室2厅,112平米,南,精装,中楼层(共30层) ,,板楼,106.8 万,9536 元,0,,,VR房源,https://hui.lianjia.com/ershoufang/105121098663.html
天御二期业主诚心出售，刚需户型，明厨明卫业主诚心卖,"中洲天御二期 , 河南岸",3室2厅,93平米,南,毛坯,低楼层(共33层) ,,板塔结合,78 万,8388 元,1,,,VR房源 | 随时看房,https://hui.lianjia.com/ershoufang/105121800011.html
陈江轻轨口天益城沃尔玛商圈 隆生仲恺花园3房价格实惠,"隆生仲恺花园 , 陈江",3室2厅,112.25平米,东南,毛坯,32层 ,,塔楼,70 万,6237 元,0,,,VR看装修 | 随时看房,https://hui.lianjia.com/ershoufang/105121224808.html
满五唯一  中间楼层  采光通风不错,"玫瑰华庭 , 草洋新区",3室1厅,93.44平米,南,,9层 ,,板楼,38.8 万,4153 元,0,,,VR看装修 | 房本满五年,https://hui.lianjia.com/ershoufang/105121247981.html
鼎峰国汇山 3室2厅 南 北,"鼎峰国汇山 , 江北",3室2厅,120平米,南 北,,低楼层(共27层) ,,板塔结合,108 万,9000 元,1,,,VR看装修 | 随时看房,https://hui.lianjia.com/ershoufang/105120685886.html
金山湖 隆生金山湖中.心旁 嘉泽园4房 诚意出售,"浩盛嘉泽园 , 河南岸",4室2厅,130.55平米,南 北,毛坯,高楼层(共31层) ,,塔楼,116 万,8886 元,0,,,VR看装修 | 房本满五年 | 随时看房,https://hui.lianjia.com/ershoufang/105119745110.html
临深精装三房，坐拥坪山河一线景观，红本在手交易快,"秋谷康城 , 龙光城",3室2厅,94.68平米,南,简装,18层 ,,板塔结合,55.8 万,5894 元,0,,,VR看装修 | 房本满两年 | 随时看房,https://hui.lianjia.com/ershoufang/105121663259.html
金山湖花园一复试7房格局方正布局合理,"金山湖花园一区 , 河南岸",7室1厅,369.35平米,南,精装,低楼层(共16层) ,,板塔结合,380 万,10289 元,0,,,VR房源 | 房本满五年 | 随时看房,https://hui.lianjia.com/ershoufang/105121817113.html
邦民华家园 四房南北通 户型方正 好楼层 价格可小谈,"邦民华家园 , 惠环",4室2厅,108.2平米,东南,毛坯,26层 ,,塔楼,55.5 万,5130 元,0,,,VR看装修 | 随时看房,https://hui.lianjia.com/ershoufang/105120520908.html
业主诚心出售，户型方正无浪费。,"隆生西江花园 , 东江新城",4室2厅,152.8平米,南,毛坯,中楼层(共28层) ,,塔楼,148 万,9686 元,0,,,VR看装修 | 随时看房,https://hui.lianjia.com/ershoufang/105121477396.html
业主诚心出售 次新小区 朝南向 采光好 户型靓,"东方铂悦府 , 新行政区",4室2厅,113.85平米,南,毛坯,32层 ,,板塔结合,95 万,8345 元,0,,18天以前发布,VR看装修 | 房本满两年 | 随时看房,https://hui.lianjia.com/ershoufang/105122376255.html
翡翠山精致两房，中高楼层看山景无遮挡，业主诚心出售,"翡翠山城君御 , 万达",2室1厅,82.07平米,东,精装,34层 ,,,69 万,8408 元,1,,,VR房源 | 房本满两年 | 随时看房,https://hui.lianjia.com/ershoufang/105121968313.html
碧桂园四房看中间花园位置，采光好，随时可看,"碧桂园翠湖湾 , 新圩",4室1厅,126.36平米,北,精装,低楼层(共31层) ,,板塔结合,80 万,6332 元,0,,,VR看装修 | 房本满五年 | 随时看房,https://hui.lianjia.com/ershoufang/105117792552.html
翡翠山大社区，环境好，一线别墅景观,"翡翠山城君御 , 万达",3室2厅,106.03平米,东南,精装,34层 ,,板塔结合,94 万,8866 元,3,,,VR看装修 | 房本满五年 | 随时看房,https://hui.lianjia.com/ershoufang/105119107311.html
安静舒适、看小区花安静舒适，面积大空间足私密！,"珠江四季悦城二期 , 西区新寮",3室2厅,109.91平米,南,简装,33层 ,,板塔结合,79 万,7188 元,0,,,VR看装修 | 房本满两年 | 随时看房,https://hui.lianjia.com/ershoufang/105120904455.html
业主诚心出售    户型面积实用，朝花园，安静,"华彩公馆 , 大亚湾中心区",3室1厅,103.5平米,南,毛坯,18层 ,,板楼,32 万,3092 元,0,,,VR房源 | 房本满五年 | 随时看房,https://hui.lianjia.com/ershoufang/105120632119.html
低密度大社区，前后双公园 户型方正 业主寄售,"御蓝湾花园 , 万达",3室1厅,81.29平米,南,精装,33层 ,,板塔结合,48 万,5905 元,0,,,VR看装修 | 房本满五年 | 随时看房,https://hui.lianjia.com/ershoufang/105118327905.html
俊雅豪庭114平大三房中间楼层，总价55万,"俊雅豪庭 , 博罗中心区",3室2厅,114平米,西,精装,17层 ,,板塔结合,52.8 万,4632 元,0,,,VR看装修 | 房本满五年,https://hui.lianjia.com/ershoufang/105121179848.html
悦龙台，近万达广场，儿童公园旁，小区自带音乐喷泉,"恒大悦龙台 , 万达",3室2厅,95平米,北,精装,32层 ,,板塔结合,70 万,7369 元,0,,,VR看装修 | 房本满两年 | 随时看房,https://hui.lianjia.com/ershoufang/105121004130.html
一线临深河景小区南北透小高层业主诚心出售,"秋谷康城 , 龙光城",4室1厅,131平米,东南,毛坯,9层 ,,板塔结合,65 万,4962 元,0,,7天以前发布,VR房源 | 随时看房,https://hui.lianjia.com/ershoufang/105122495543.html
业主诚心出售 次新小区 朝南向 采光好 户型靓,"东方铂悦府 , 新行政区",3室2厅,96.71平米,东南,精装,29层 ,,板塔结合,88 万,9100 元,2,,,VR看装修,https://hui.lianjia.com/ershoufang/105120804483.html
四楼楼梯房，楼层好，总价低，位置好方便，户型实用,"益利新村 , 开城大润发",2室1厅,55.64平米,南,,中楼层(共7层) ,,板塔结合,15 万,2696 元,3,,10天以前发布,VR房源 | 房本满五年 | 随时看房,https://hui.lianjia.com/ershoufang/105122457736.html
双阳台楼层看花园采光视野好拎包入住,"富康锦绣壹号5期 , 西区新寮",4室2厅,125.96平米,南,精装,32层 ,,塔楼,170 万,13497 元,0,,,VR看装修 | 房本满两年 | 随时看房,https://hui.lianjia.com/ershoufang/105119846731.html
精装大3房全屋定制公园品质园林山湖一体一级物业体验,"碧桂园湖光山色 , 秋长",3室2厅,119平米,东南 南,精装,28层 ,,板塔结合,77 万,6471 元,1,,,VR看装修 | 房本满两年 | 随时看房,https://hui.lianjia.com/ershoufang/105117180028.html
华章东郡带精装修三房好楼层，朝南诚意出售,"华章东郡 , 河南岸",3室2厅,91.22平米,南,精装,中楼层(共32层) ,,板塔结合,76 万,8332 元,0,,,VR看装修 | 房本满五年 | 随时看房,https://hui.lianjia.com/ershoufang/105120771217.html
临深 采光通风佳 户型方正 ，楼龄新,"壹方天第 , 白云新城",3室2厅,111.53平米,南,简装,34层 ,,板塔结合,78 万,6994 元,1,,,VR看装修 | 房本满五年 | 随时看房,https://hui.lianjia.com/ershoufang/105116719405.html
临深  花园品质社区+户型方正+南北通+业主急售,"万城 , 白云新城",3室1厅,94平米,东南,精装,25层 ,,板塔结合,59.8 万,6362 元,0,,,VR房源 | 随时看房,https://hui.lianjia.com/ershoufang/105118661136.html
隆生广场旁 电梯朝南3房 诚心出售 价格可谈,"龙湖小区 , 东平",3室2厅,88.45平米,南,简装,中楼层(共10层) ,,板塔结合,34 万,3844 元,0,,,VR看装修 | 房本满五年,https://hui.lianjia.com/ershoufang/105120469837.html
高楼层2梯三户/朝南正面看湖景/红本在手无欠款,"泰丰牧马湖 , 万达",4室2厅,122.84平米,南,毛坯,33层 ,,板塔结合,119.98 万,9768 元,0,,,VR房源 | 房本满两年 | 随时看房,https://hui.lianjia.com/ershoufang/105120015158.html
太东高地 公园里的家  精装修 大两房 看房方便,"太东高地 , 区政府",2室2厅,74.9平米,东,精装,31层 ,,板塔结合,51 万,6810 元,2,,,VR看装修,https://hui.lianjia.com/ershoufang/105118187441.html
碧桂园十里银滩朝东向两房，全新没住过,"碧桂园十里银滩海悦湾 , 十里银滩",2室1厅,73.69平米,东南,精装,30层 ,,板塔结合,26 万,3529 元,0,,17天以前发布,VR房源 | 房本满五年,https://hui.lianjia.com/ershoufang/105122381457.html
东湖花园九区东平 物业楼下即商场综合体，配套设施,"东湖花园九区 , 东平",3室2厅,118平米,东,精装,中楼层(共35层) ,,塔楼,138 万,11695 元,0,,,VR房源 | 房本满五年 | 随时看房,https://hui.lianjia.com/ershoufang/105120216957.html
半岛三期中间楼层精装双阳台视野无遮挡,"半岛1号三期 , 白云新城",3室2厅,131.58平米,东南,精装,16层 ,,板塔结合,83.8 万,6369 元,1,,,VR房源 | 房本满五年 | 随时看房,https://hui.lianjia.com/ershoufang/105121245890.html
金山湖花园2区精装3房拎包入住 业主自住房保养很好,"金山湖花园二区 , 河南岸",3室2厅,118.35平米,东南,精装,低楼层(共21层) ,,塔楼,112 万,9464 元,1,,,VR看装修 | 房本满五年,https://hui.lianjia.com/ershoufang/105121234109.html
东江香域大平层，一梯一户。满五唯一。,"王府·钓鱼台 , 博罗中心区",4室1厅,217平米,南 北,毛坯,25层 ,,板塔结合,105 万,4839 元,0,,,VR看装修 | 随时看房,https://hui.lianjia.com/ershoufang/105121553236.html
精装修 江湾南岸 次新房 一线东江 江北核0心地段,"江湾南岸二期 , 江北",4室2厅,149.23平米,东南,精装,中楼层(共39层) ,,板楼,281 万,18830 元,0,,,VR房源 | 房本满五年 | 随时看房,https://hui.lianjia.com/ershoufang/105122241526.html
0天地源御湾 小高层 中间楼层 精装修130万,"天地源御湾 , 水口",4室2厅,144.55平米,南,精装,7层 ,,板塔结合,130 万,8994 元,2,,,VR看装修 | 房本满五年,https://hui.lianjia.com/ershoufang/105119745209.html
东平10小旁，南向电梯大2房，视野开阔，诚意出售,"金沙俊园 , 东平",2室2厅,80.17平米,西南,简装,高楼层(共29层) ,,板塔结合,33 万,4117 元,0,,,VR看装修 | 随时看房,https://hui.lianjia.com/ershoufang/105115891872.html
誉山湖 南向一线湖景 安静南北通 4房大客厅大阳台,"奥园誉山湖花园 , 河南岸",4室2厅,128.74平米,南 北,毛坯,低楼层(共32层) ,,板塔结合,137 万,10642 元,1,,,VR看装修 | 随时看房,https://hui.lianjia.com/ershoufang/105122216416.html
雅居乐一级物业 中间好楼层 视野开阔 有钥匙随时看房,"卓悦华府 , 惠环",4室2厅,101.15平米,南,毛坯,29层 ,,板塔结合,59.6 万,5893 元,0,,,VR房源 | 房本满五年 | 随时看房,https://hui.lianjia.com/ershoufang/105122096782.html
金山湖岛内方直东岸 78平2房拎包入住，业主包契税。,"方直东岸 , 河南岸",2室1厅,77.42平米,东北,简装,17层 ,,板塔结合,43.9 万,5671 元,1,,,VR房源,https://hui.lianjia.com/ershoufang/105122092133.html
满五唯一税费少，红本在手 楼层好 采光充足,"秋谷阳光里 , 万达",2室2厅,60.56平米,南 东南,精装,30层 ,,塔楼,28 万,4624 元,11,,,VR看装修 | 房本满五年 | 随时看房,https://hui.lianjia.com/ershoufang/105104380577.html
次新盘汇显泰华园、轻奢风靓装9.9成新、含子母车位,"汇显城市公园 , 汝湖",5室2厅,129.72平米,南,精装,27层 ,,板楼,119 万,9174 元,0,,,VR看装修,https://hui.lianjia.com/ershoufang/105121503987.html
临深精装两房，品质物业，生活配套方便，业主诚售可聊,"碧桂园太东·蜜柚 , 西区新寮",2室1厅,60.12平米,南,精装,33层 ,,塔楼,40.5 万,6737 元,4,,,VR房源 | 随时看房,https://hui.lianjia.com/ershoufang/105120527501.html
无遮挡 视野好 精装保养好 拎包入住,"保华铂郡 , 河南岸",4室2厅,140.34平米,北 南,精装,30层 ,,板塔结合,198 万,14109 元,1,,,VR房源 | 房本满两年,https://hui.lianjia.com/ershoufang/105119287836.html
急售 一品中央  南北通 双阳台3+1房,"一品中央 , 博罗石湾",3室1厅,121.57平米,南 北,,27层 ,,板塔结合,53 万,4360 元,0,,,VR看装修 | 房本满五年 | 随时看房,https://hui.lianjia.com/ershoufang/105119801245.html
新力城118平 品质精装三房，保养99新,"新力城一期 , 水口",3室2厅,117.73平米,南,,高楼层(共33层) ,,板楼,118 万,10023 元,0,,,VR看装修 | 房本满两年,https://hui.lianjia.com/ershoufang/105122011138.html
三远大爱城 3室2厅 南,"三远大爱城 , 吾悦广场",3室2厅,88.07平米,南,毛坯,32层 ,,板塔结合,49.5 万,5621 元,2,,,VR看装修 | 房本满五年 | 随时看房,https://hui.lianjia.com/ershoufang/105119156428.html
装修三房 大社区 适合居住 好楼层 看花园,"海伦堡院子 , 水口",3室2厅,104.02平米,南,,高楼层(共25层) ,,板塔结合,60 万,5769 元,0,,,VR看装修 | 房本满五年,https://hui.lianjia.com/ershoufang/105118440657.html
大社区成熟片区，绿化环境空气好生活便利，鹿江公园,"隆生皇冠花园 , 水口",4室2厅,142.72平米,南,精装,32层 ,,塔楼,129 万,9039 元,0,,,VR房源,https://hui.lianjia.com/ershoufang/105121907738.html
临深次新品质小区！全新奶油风装修！拎包即可入住,"丰谷天玺 , 龙光城",3室1厅,85.53平米,南,精装,29层 ,,塔楼,73 万,8536 元,0,,,VR看装修 | 随时看房,https://hui.lianjia.com/ershoufang/105121694697.html
中海阅江二期 中高楼层 全新精装修 拎包入住 有钥匙,"中海阅江府2期 , 东江新城",4室2厅,119.52平米,东南,精装,高楼层(共27层) ,,板楼,125 万,10459 元,0,,,VR看装修 | 房本满两年 | 随时看房,https://hui.lianjia.com/ershoufang/105121202656.html
长湖苑二期 花园中间 安静优美 大二房,"新世界长湖苑二期 , 东平",2室1厅,78.5平米,东北,精装,高楼层(共11层) ,,板塔结合,56 万,7134 元,1,,,VR房源 | 随时看房,https://hui.lianjia.com/ershoufang/105121359223.html
仲恺繁华地段配套完善鑫月城南北通透精装大4房中高层,"御湖豪庭 , 陈江",4室2厅,122.91平米,南 北,精装,27层 ,,塔楼,87 万,7079 元,0,,,VR看装修 | 房本满五年,https://hui.lianjia.com/ershoufang/105118573420.html
旅游景奥地利风情小镇成熟配套交通便利,"五矿哈施塔特 , 博罗中心区",3室2厅,94平米,南,毛坯,高楼层(共33层) ,,,39 万,4149 元,0,,,VR房源 | 随时看房,https://hui.lianjia.com/ershoufang/105122174253.html
新房交标  诚心出售  高楼层视野好,"龙光城北八期 , 龙光城",3室1厅,89.32平米,东南,精装,29层 ,,板塔结合,75 万,8397 元,0,,23天以前发布,VR看装修 | 随时看房,https://hui.lianjia.com/ershoufang/105122327741.html
汇乐城旁璟鹏华府南向精装大三房 总价低证五年唯一,"璟鹏华府 , 水口",3室2厅,93.18平米,东南,精装,11层 ,,板塔结合,60.9 万,6536 元,0,,,VR房源 | 房本满五年,https://hui.lianjia.com/ershoufang/105120880799.html
左岸春天一期 2室1厅 南,"左岸春天一期 , 开城大润发",2室1厅,54平米,南,精装,12层 ,,板塔结合,26 万,4815 元,1,,,VR看装修,https://hui.lianjia.com/ershoufang/105120959078.html
此小区次新小区 小区绿化高采 光好户型方正看园林。,"悦璟华庭 , 惠环",3室2厅,94平米,东 南,精装,高楼层(共33层) ,,板塔结合,59 万,6277 元,0,,,VR房源 | 随时看房,https://hui.lianjia.com/ershoufang/105120127383.html
万达商圈，吾悦广场旁，户型方正，毛坯急售,"明华花园 , 吾悦广场",4室2厅,108.01平米,东北,毛坯,16层 ,,塔楼,57 万,5278 元,1,,,VR看装修 | 房本满五年 | 随时看房,https://hui.lianjia.com/ershoufang/105118249212.html
此新房中高楼层，实用率高，业主诚意出售,"天润嘉园 , 西区新寮",4室2厅,94.77平米,南,毛坯,29层 ,,板塔结合,55 万,5804 元,0,,,VR看装修 | 房本满两年 | 随时看房,https://hui.lianjia.com/ershoufang/105121970096.html
华润小径湾精装修大一房，朝向南,"华润小径湾二期 , 霞涌",1室1厅,52平米,南,简装,32层 ,,板塔结合,21.8 万,4193 元,1,,,VR房源,https://hui.lianjia.com/ershoufang/105121284089.html
小区环境好 安静 新装修未入住,"诗林廊桥苑 , 澳头",3室2厅,94平米,南 北,简装,24层 ,,板塔结合,40 万,4256 元,1,,,VR看装修 | 随时看房,https://hui.lianjia.com/ershoufang/105121650616.html
房子方正采光充足，地段好，配套齐全,"中天彩虹城北区 , 开城大润发",1室1厅,41.66平米,南,,30层 ,,塔楼,18 万,4321 元,0,,,VR房源 | 随时看房,https://hui.lianjia.com/ershoufang/105114557043.html
新小区，户型方正，好楼层，视野开阔,"冠华城桂香园三期 , 西区新寮",3室2厅,93.92平米,南,毛坯,33层 ,,塔楼,65 万,6921 元,1,,,VR看装修 | 随时看房,https://hui.lianjia.com/ershoufang/105119281700.html
山水龙城毛坯三房，业主诚意出售,"宝安山水龙城 , 水口",3室2厅,84.38平米,南,,高楼层(共27层) ,,塔楼,58 万,6874 元,1,,,VR房源,https://hui.lianjia.com/ershoufang/105115584105.html
位置好，采光充足，业主诚意急卖，方便看房,"星河丹堤G区 , 南站新城",5室2厅,124.65平米,南 北,精装,34层 ,,塔楼,169 万,13558 元,1,,23天以前发布,VR房源 | 随时看房,https://hui.lianjia.com/ershoufang/105122332865.html
桥东片区海伦堡海伦湾 带装修高层三房两卫 轻松置业,"海伦堡海伦湾 , 东平",3室2厅,110.21平米,南 北,精装,31层 ,,板塔结合,95 万,8620 元,1,,,VR看装修 | 随时看房,https://hui.lianjia.com/ershoufang/105121747029.html
壹城好房，精装三房！拎包入住，贴瓷砖中楼层，诚心卖,"壹城中心1区 , 陈江",3室2厅,105.8平米,南,精装,高楼层(共32层) ,,塔楼,85 万,8035 元,0,,,VR房源 | 房本满五年 | 随时看房,https://hui.lianjia.com/ershoufang/105121492995.html
此房，业主诚意出售，精装修，朝南3房视野开阔。,"泰丰牧马湖 , 万达",3室2厅,81.17平米,南,精装,11层 ,,板塔结合,76 万,9364 元,8,,,VR看装修 | 房本满五年 | 随时看房,https://hui.lianjia.com/ershoufang/105118059501.html
临深位置 采光通风好 配套成熟 看房方便 业主诚心卖,"德洲城一-二期 , 西区新寮",2室2厅,77.07平米,南,简装,18层 ,,板塔结合,46 万,5969 元,1,,,VR看装修 | 房本满五年 | 随时看房,https://hui.lianjia.com/ershoufang/105120786604.html
港惠旁精装三房96平业主诚意出售,"石湖苑 , 河南岸",3室2厅,95.67平米,西,简装,中楼层(共20层) ,,板楼,50 万,5227 元,1,,,VR看装修 | 房本满两年,https://hui.lianjia.com/ershoufang/105121561585.html
乌石 中.心位 置 ，配 套 成 熟，中间楼层,"泰宇城市中央 , 江北",3室2厅,83平米,南,精装,中楼层(共30层) ,,板塔结合,78 万,9398 元,0,,,VR看装修 | 房本满五年 | 随时看房,https://hui.lianjia.com/ershoufang/105118864381.html
刚需型必看！水岸城八期，128平4房，好楼层，价格美丽,"中信水岸城八期 , 东江新城",4室2厅,128.5平米,南,毛坯,中楼层(共33层) ,,板塔结合,138 万,10740 元,0,,28天以前发布,VR看装修 | 房本满五年 | 随时看房,https://hui.lianjia.com/ershoufang/105122287599.html
水岸城4期两个卫生间的 毛坯3房,"中信水岸城四期 , 东江新城",3室2厅,112平米,东南,毛坯,低楼层(共30层) ,,板楼,89.8 万,8018 元,0,,,VR房源 | 随时看房,https://hui.lianjia.com/ershoufang/105122092108.html
钱隆华府精装修四房，带家私家电拎包入住，配套成熟。,"世茂福晟钱隆华府 , 陈江",3室2厅,100.69平米,南,精装,高楼层(共33层) ,,塔楼,75 万,7449 元,0,,,VR看装修 | 房本满两年 | 随时看房,https://hui.lianjia.com/ershoufang/105121485884.html
钱隆华府 南北通透大四房 教育资源完善 配套齐全,"世茂福晟钱隆华府 , 陈江",4室2厅,114.26平米,南 北,毛坯,低楼层(共33层) ,,板塔结合,73 万,6389 元,0,,,VR看装修 | 房本满两年 | 随时看房,https://hui.lianjia.com/ershoufang/105118350172.html
临深白云新城星河盛世毛坯4房，业主诚心出售,"惠州星河盛世 , 白云新城",4室2厅,88.27平米,东南,毛坯,33层 ,,板塔结合,54 万,6118 元,1,,,VR看装修 | 房本满两年 | 随时看房,https://hui.lianjia.com/ershoufang/105114807034.html
业主急售，看房方便，有钥匙，楼层好,"金湾花园 , 大亚湾中心区",3室2厅,109.3平米,南,毛坯,中楼层(共18层) ,,塔楼,39 万,3569 元,0,,,VR看装修 | 房本满五年 | 随时看房,https://hui.lianjia.com/ershoufang/105121365192.html
4房，交通便利，配套齐全，户型方正实用，使用率高,"龙光城北八期 , 龙光城",4室2厅,96.83平米,南 北,简装,31层 ,,塔楼,88 万,9089 元,2,,,VR看装修 | 房本满五年 | 随时看房,https://hui.lianjia.com/ershoufang/105121876643.html
惠州北站新城 中州集团开发 半岛城邦 江景房,"中洲半岛城邦四期 , 博罗中心区",4室2厅,125.32平米,南,毛坯,32层 ,,板塔结合,72 万,5746 元,0,,,VR房源 | 随时看房,https://hui.lianjia.com/ershoufang/105114377524.html
看海景，商 业配套齐，拧包入住。,"华润小径湾一期 , 霞涌",1室0厅,52.83平米,西南,简装,31层 ,,板塔结合,34 万,6436 元,2,,,VR看装修 | 房本满五年 | 随时看房,https://hui.lianjia.com/ershoufang/105122005935.html
此房满五、税费低、适合刚需人群过渡、价格优越,"光辉国际 , 河南岸",1室1厅,35平米,东南,简装,高楼层(共28层) ,,板塔结合,16 万,4572 元,3,,,VR看装修,https://hui.lianjia.com/ershoufang/105119566777.html
临深14号线品质花园社区 诚心售卖,"万城名座花园 , 白云新城",3室2厅,109.61平米,南,毛坯,32层 ,,板塔结合,68 万,6204 元,0,,,VR看装修 | 房本满五年 | 随时看房,https://hui.lianjia.com/ershoufang/105119786930.html
江北鼎峰国汇山 南北通透  中间楼层 看房有钥匙,"鼎峰国汇山 , 江北",3室2厅,119平米,南 北,,低楼层(共27层) ,,板塔结合,100 万,8404 元,1,,,VR看装修 | 随时看房,https://hui.lianjia.com/ershoufang/105122000471.html
南站规划高铁新城区中位，交通便利，社区生活配套齐全,"中信新城C区 , 南站新城",3室2厅,88平米,南,精装,34层 ,,板塔结合,54 万,6137 元,1,,,VR房源 | 房本满五年 | 随时看房,https://hui.lianjia.com/ershoufang/105121301675.html
金石花园 电梯精装2房  业主急售，可直接入住。,"金石花园 , 江北",2室2厅,62平米,南,精装,高楼层(共18层) ,,塔楼,45 万,7259 元,1,,,VR看装修 | 房本满五年,https://hui.lianjia.com/ershoufang/105112471334.html
业主诚心出售  一线临深   采光好 楼层好 户型方正,"凯南莱弗城 , 西区新寮",3室2厅,87平米,南,毛坯,30层 ,,板塔结合,58 万,6667 元,0,,,VR看装修,https://hui.lianjia.com/ershoufang/105115740928.html
惠湾花园 2室2厅 东南 南,"惠湾花园 , 吾悦广场",2室2厅,58.97平米,东南 南,精装,19层 ,,板塔结合,28.3 万,4800 元,0,,,VR看装修 | 房本满五年 | 随时看房,https://hui.lianjia.com/ershoufang/105122103737.html
华润央企，看江看公园，视野无遮挡,"曦江润府 , 东江新城",3室2厅,97.38平米,南,,高楼层(共46层) ,,塔楼,112 万,11502 元,0,,,VR看装修 | 随时看房,https://hui.lianjia.com/ershoufang/105121571220.html
江北丽格国际公寓 精装修一房 朝南向带阳台 有匙即看,"丽格国际公寓 , 江北",1室0厅,51.53平米,南,简装,30层 ,,塔楼,45 万,8733 元,0,,25天以前发布,VR看装修 | 房本满五年 | 随时看房,https://hui.lianjia.com/ershoufang/105122314894.html
万达三房两卫，高楼层，业主诚心急售,"东部阳光花园 , 万达",3室1厅,114平米,南,简装,31层 ,,板楼,75 万,6579 元,1,,,VR房源 | 房本满五年,https://hui.lianjia.com/ershoufang/105116343537.html
帝景湾二期 安静不靠桥 通车库 看江景 诚意卖,"合生帝景湾 , 江北",5室2厅,210平米,东南,精装,高楼层(共11层) ,,板楼,238 万,11334 元,1,,,VR房源,https://hui.lianjia.com/ershoufang/105122137958.html
急售轻轨园林社区精装自住2房，视野好，户型方正实用,"光耀城市山谷 , 惠环",2室2厅,67平米,南,精装,26层 ,,塔楼,37 万,5523 元,0,,,VR看装修 | 随时看房,https://hui.lianjia.com/ershoufang/105118699491.html
东南向 视野好 通风佳 采光好 租客好约看房随时,"伟豪领御世家 , 江北",4室2厅,100.97平米,东南,简装,中楼层(共32层) ,,板塔结合,95 万,9409 元,0,,,VR看装修 | 房本满五年 | 随时看房,https://hui.lianjia.com/ershoufang/105120756987.html
万达商圈，吾悦广场旁，户型方正，毛坯急售,"明华花园 , 吾悦广场",4室2厅,108.01平米,东北,毛坯,16层 ,,塔楼,57 万,5278 元,1,,,VR看装修 | 房本满五年 | 随时看房,https://hui.lianjia.com/ershoufang/105118249212.html
华润小径湾精装修大一房，朝向南,"华润小径湾二期 , 霞涌",1室1厅,52平米,南,简装,32层 ,,板塔结合,21.8 万,4193 元,1,,,VR房源,https://hui.lianjia.com/ershoufang/105121284089.html
急售 一品中央  南北通 双阳台3+1房,"一品中央 , 博罗石湾",3室1厅,121.57平米,南 北,,27层 ,,板塔结合,53 万,4360 元,0,,,VR看装修 | 房本满五年 | 随时看房,https://hui.lianjia.com/ershoufang/105119801245.html
左岸春天一期 2室1厅 南,"左岸春天一期 , 开城大润发",2室1厅,54平米,南,精装,12层 ,,板塔结合,26 万,4815 元,1,,,VR看装修,https://hui.lianjia.com/ershoufang/105120959078.html
次新盘汇显泰华园、轻奢风靓装9.9成新、含子母车位,"汇显城市公园 , 汝湖",5室2厅,129.72平米,南,精装,27层 ,,板楼,119 万,9174 元,0,,,VR看装修,https://hui.lianjia.com/ershoufang/105121503987.html
万达商旁精品复式房、视野好，位置好，新装修,"中萃花城湾 , 万达",6室2厅,120.16平米,南,精装,16层 ,,塔楼,128 万,10653 元,0,,,VR房源 | 房本满五年,https://hui.lianjia.com/ershoufang/105121565063.html
精装修四房两厅，座北朝南，采光户型好合适一家人居住,"珠光御景湾 , 水口",4室2厅,133平米,东南 南,精装,17层 ,,板塔结合,75 万,5640 元,1,,,VR看装修,https://hui.lianjia.com/ershoufang/105119211075.html
水岸城二期 小三房毛坯 花园楼栋 中间楼层,"中信水岸城二三期 , 东江新城",3室1厅,86.08平米,东南,,17层 ,,板塔结合,73 万,8481 元,0,,18天以前发布,VR看装修 | 房本满五年 | 随时看房,https://hui.lianjia.com/ershoufang/105122365478.html
荷兰小城中间楼层，视野开阔，户型方正，采光通风好！,"光耀荷兰小城 , 陈江",4室2厅,114.19平米,北,毛坯,高楼层(共33层) ,,板塔结合,57 万,4992 元,1,,,VR看装修 | 随时看房,https://hui.lianjia.com/ershoufang/105121494824.html
近仲恺高铁站，邻中韩产业园，中间楼层温馨三房诚心卖,"玖龙台 , 潼侨沥林",3室2厅,89平米,东南,,高楼层(共27层) ,,,43 万,4832 元,0,,,VR看装修 | 房本满两年 | 随时看房,https://hui.lianjia.com/ershoufang/105119997970.html
大社区，近学 校 ，标准住宅风格，采光好，户型方正,"光耀荷兰小城 , 陈江",4室2厅,114.19平米,北,,中楼层(共33层) ,,板塔结合,53 万,4642 元,0,,,VR看装修,https://hui.lianjia.com/ershoufang/105120141114.html
大湖花园 装修小3房 小区有花园 有证 过渡合适,"大湖花园 , 水口",3室2厅,53平米,南,简装,高楼层(共8层) ,,板楼,18 万,3397 元,1,,,VR看装修,https://hui.lianjia.com/ershoufang/105116210945.html
碧桂园 三房两厅两卫 南北通双阳台 采光好,"碧桂园翠湖湾 , 新圩",3室2厅,113.8平米,南,,低楼层(共17层) ,,板塔结合,59 万,5185 元,0,,,VR看装修 | 房本满五年 | 随时看房,https://hui.lianjia.com/ershoufang/105120888301.html
钱隆华府精装三房，业主深圳置业，诚心出售。,"世茂福晟钱隆华府 , 陈江",3室2厅,98.21平米,南,精装,中楼层(共33层) ,,板塔结合,77 万,7841 元,0,,7天以前发布,VR房源 | 房本满两年,https://hui.lianjia.com/ershoufang/105122488534.html
深圳创维惠州园区 高铁站 碧桂园科学城 精装三室二卫,"碧桂园云创家园 , 潼侨沥林",4室2厅,134.71平米,南 北,简装,中楼层(共34层) ,,,80 万,5939 元,0,,,VR看装修 | 房本满两年 | 随时看房,https://hui.lianjia.com/ershoufang/105119580009.html
全新未入住南北通三房 仲恺海关旁 新力帝泊湾,"新力帝泊湾 , 新圩",3室2厅,105.8平米,南,精装,32层 ,,塔楼,58 万,5483 元,1,,,VR看装修 | 房本满两年 | 随时看房,https://hui.lianjia.com/ershoufang/105119775253.html
此小区次新小区 小区绿化高采 光好户型方正看园林。,"悦璟华庭 , 惠环",3室2厅,94平米,东 南,精装,高楼层(共33层) ,,板塔结合,59 万,6277 元,0,,,VR房源 | 随时看房,https://hui.lianjia.com/ershoufang/105120127383.html
此新房中高楼层，实用率高，业主诚意出售,"天润嘉园 , 西区新寮",4室2厅,94.77平米,南,毛坯,29层 ,,板塔结合,55 万,5804 元,0,,,VR看装修 | 房本满两年 | 随时看房,https://hui.lianjia.com/ershoufang/105121970096.html
装修三房 大社区 适合居住 好楼层 看花园,"海伦堡院子 , 水口",3室2厅,104.02平米,南,,高楼层(共25层) ,,板塔结合,60 万,5769 元,0,,,VR看装修 | 房本满五年,https://hui.lianjia.com/ershoufang/105118440657.html
三远大爱城 3室2厅 南,"三远大爱城 , 吾悦广场",3室2厅,88.07平米,南,毛坯,32层 ,,板塔结合,49.5 万,5621 元,2,,,VR看装修 | 房本满五年 | 随时看房,https://hui.lianjia.com/ershoufang/105119156428.html
大社区成熟片区，绿化环境空气好生活便利，鹿江公园,"隆生皇冠花园 , 水口",4室2厅,142.72平米,南,精装,32层 ,,塔楼,129 万,9039 元,0,,,VR房源,https://hui.lianjia.com/ershoufang/105121907738.html
临深次新品质小区！全新奶油风装修！拎包即可入住,"丰谷天玺 , 龙光城",3室1厅,85.53平米,南,精装,29层 ,,塔楼,73 万,8536 元,0,,,VR看装修 | 随时看房,https://hui.lianjia.com/ershoufang/105121694697.html
中海阅江二期 中高楼层 全新精装修 拎包入住 有钥匙,"中海阅江府2期 , 东江新城",4室2厅,119.52平米,东南,精装,高楼层(共27层) ,,板楼,125 万,10459 元,0,,,VR看装修 | 房本满两年 | 随时看房,https://hui.lianjia.com/ershoufang/105121202656.html
临深精装两房，品质物业，生活配套方便，业主诚售可聊,"碧桂园太东·蜜柚 , 西区新寮",2室1厅,60.12平米,南,精装,33层 ,,塔楼,40.5 万,6737 元,4,,,VR房源 | 随时看房,https://hui.lianjia.com/ershoufang/105120527501.html
水岸城六期三房两卫两厅自住精装拎包入住,"中信水岸城六期 , 东江新城",3室2厅,112.88平米,东南,简装,高楼层(共32层) ,,塔楼,115 万,10188 元,1,,,VR看装修 | 房本满五年 | 随时看房,https://hui.lianjia.com/ershoufang/105119944907.html
万达广场旁中萃花城湾小区中间楼层三房急售,"中萃花城湾 , 万达",3室2厅,90.86平米,南,精装,26层 ,,塔楼,61 万,6714 元,2,,,VR看装修 | 房本满五年 | 随时看房,https://hui.lianjia.com/ershoufang/105120908331.html
临深 次新小区  急售无欠款  首付低 月租可抵月供,"钻石公馆 , 草洋新区",1室2厅,56.15平米,南,毛坯,26层 ,,板塔结合,29 万,5165 元,0,,12天以前发布,VR房源 | 房本满五年 | 随时看房,https://hui.lianjia.com/ershoufang/105122437719.html
业主有心出售看房有钥匙采光好户型方正,"东江学府五期 , 河南岸",3室2厅,90.86平米,南,毛坯,低楼层(共22层) ,,板塔结合,79 万,8695 元,0,,17天以前发布,VR房源 | 随时看房,https://hui.lianjia.com/ershoufang/105122385783.html
卢浮公馆大户型 顶层复式 南北通透 看鹅城大桥看江景,"卢浮公馆 , 江北",7室1厅,218平米,南 北,毛坯,高楼层(共12层) ,,板塔结合,215.8 万,9900 元,0,,,VR房源,https://hui.lianjia.com/ershoufang/105120515711.html
头等舱沙发！！高档装修 坐瞰别墅景 双龍抱珠招財進寶,"半岛1号五期 , 白云新城",2室2厅,84.22平米,南,精装,22层 ,,板塔结合,59.88 万,7110 元,0,,,VR看装修 | 房本满五年 | 随时看房,https://hui.lianjia.com/ershoufang/105119687135.html
铂钻花园 一期不靠马路 中高楼层 日照充足 安静不吵,"铂钻花园 , 东江新城",3室2厅,96.95平米,南,毛坯,高楼层(共27层) ,,板楼,73 万,7530 元,0,,,VR房源 | 房本满两年 | 随时看房,https://hui.lianjia.com/ershoufang/105119715087.html
万达商圈满5税少南向双阳台小洋房,"熊猫国际三期 , 万达",4室2厅,149.86平米,南,毛坯,11层 ,,板楼,99 万,6607 元,1,,,VR看装修 | 房本满五年 | 随时看房,https://hui.lianjia.com/ershoufang/105113586314.html
满二 原值高少税 看花园和泳池采光通风良好 次新房,"星河丹堤V区 , 南站新城",4室2厅,101.52平米,南,毛坯,34层 ,,,95 万,9358 元,1,,,VR看装修 | 房本满五年 | 随时看房,https://hui.lianjia.com/ershoufang/105119844141.html
东江新城五期 三房两卫 业主诚意出售,"佳兆业东江新城五期 , 博罗中心区",3室1厅,91.94平米,南,毛坯,低楼层(共34层) ,,板塔结合,35.8 万,3894 元,0,,23天以前发布,VR房源,https://hui.lianjia.com/ershoufang/105122331902.html
碧桂园物业，诚心卖，代产权车位，南北都看花园双阳台,"深荟城一期 , 白云新城",4室2厅,135.71平米,东南,精装,32层 ,,板塔结合,116 万,8548 元,5,,,VR看装修 | 房本满五年 | 随时看房,https://hui.lianjia.com/ershoufang/105116944733.html
丽江花园南区 107平三房急售,"丽江花园南区 , 区政府",3室1厅,107平米,北,简装,18层 ,,板塔结合,57 万,5328 元,0,,,VR看装修 | 随时看房,https://hui.lianjia.com/ershoufang/105122116342.html
铂钻精装三房 楼栋视野百米楼间距 含家电管理费,"铂钻花园 , 东江新城",3室2厅,94.86平米,南,精装,中楼层(共27层) ,,板楼,105 万,11069 元,0,,18天以前发布,VR看装修 | 随时看房,https://hui.lianjia.com/ershoufang/105122365855.html
开城大道边、配套已然成熟、交通便利、总价低压力小,"建阳花园 , 开城大润发",2室2厅,64.45平米,南,,8层 ,,板塔结合,15 万,2328 元,6,,,VR看装修,https://hui.lianjia.com/ershoufang/105122138057.html
房契税满两年，没有个税，原购价高，视野景观很不错。,"龙光城北十二期 , 龙光城",4室2厅,120平米,南,精装,33层 ,,板塔结合,109 万,9084 元,1,,,VR看装修 | 随时看房,https://hui.lianjia.com/ershoufang/105118985231.html
罗浮花园实用率至高的小区生活便利楼龄新,"罗浮花园 , 罗浮山",4室2厅,143.98平米,南,毛坯,高楼层(共18层) ,,板塔结合,82.3 万,5717 元,0,,,VR看装修 | 房本满五年 | 随时看房,https://hui.lianjia.com/ershoufang/105121129730.html
惠州南站，天虹大润发旁。 通风采光很好,"庄士花园 , 开城大润发",2室1厅,58平米,南,精装,18层 ,,塔楼,21 万,3621 元,2,,,VR看装修 | 房本满五年 | 随时看房,https://hui.lianjia.com/ershoufang/105121913457.html
万达商圈  美泰天韵  带装修2房 业主诚意出售,"美泰天韵 , 万达",2室1厅,72.04平米,南,简装,30层 ,,板塔结合,42 万,5831 元,0,,,VR房源 | 房本满五年 | 随时看房,https://hui.lianjia.com/ershoufang/105120589297.html
水岸城7期 2023年装修 保养新  户型通透 楼层好看花园,"中信水岸城7期 , 东江新城",4室2厅,130.33平米,南,精装,32层 ,,板塔结合,170 万,13044 元,0,,,VR看装修,https://hui.lianjia.com/ershoufang/105121356679.html
精心装修，拎包入住，电梯中间楼层，采光视野好,"华润置地万象天汇 , 河南岸",3室2厅,96平米,南,精装,低楼层(共33层) ,,塔楼,129 万,13438 元,1,,,VR看装修 | 房本满两年 | 随时看房,https://hui.lianjia.com/ershoufang/105120340113.html
房子位于水口繁华区一线看江家门口鹿江沥公园 环境好,"新城鹿江风华 , 水口",4室2厅,123平米,南 北,,中楼层(共18层) ,,板塔结合,132 万,10732 元,0,,,VR看装修 | 随时看房,https://hui.lianjia.com/ershoufang/105119999941.html
隆生品质小区 西江花园  大四房 高层视野开阔,"隆生西江花园 , 东江新城",5室2厅,152.29平米,南 北,毛坯,高楼层(共32层) ,,塔楼,156 万,10244 元,0,,,VR看装修 | 房本满两年 | 随时看房,https://hui.lianjia.com/ershoufang/105121821177.html
户型方正，采光通风好，业主急卖,"康汇花园 , 大亚湾中心区",3室2厅,128.87平米,北 南,简装,13层 ,,板塔结合,41 万,3182 元,5,,,VR看装修 | 房本满五年 | 随时看房,https://hui.lianjia.com/ershoufang/105118071464.html
天虹大润发商圈，楼层采光好，近惠阳站，业主诚心出售,"庄士花园 , 开城大润发",2室1厅,57.57平米,南,简装,18层 ,,塔楼,19.5 万,3388 元,4,,,VR看装修 | 房本满五年 | 随时看房,https://hui.lianjia.com/ershoufang/105115587336.html
原装电梯房，户型方正，楼层好采光充足  保养不错！,"东湖花园四号小区 , 东平",3室2厅,122.77平米,北,精装,9层 ,,板塔结合,85 万,6924 元,0,,,VR看装修 | 房本满五年 | 随时看房,https://hui.lianjia.com/ershoufang/105121561968.html
隆生西江花园 3室1厅 南,"隆生西江花园 , 东江新城",3室1厅,111.26平米,南,毛坯,高楼层(共31层) ,,板塔结合,128 万,11505 元,0,,,VR看装修 | 随时看房,https://hui.lianjia.com/ershoufang/105121837551.html
陈江品质楼盘  3+1房（108平方）密码锁，随时可看房。,"华廷悦府 , 陈江",4室2厅,108平米,南,毛坯,高楼层(共30层) ,,板楼,80 万,7408 元,0,,,VR看装修 | 房本满两年 | 随时看房,https://hui.lianjia.com/ershoufang/105117911237.html
户型方正毛坯业主诚心出售，位置好,"和府御堡 , 西区新寮",2室2厅,67.37平米,南,,26层 ,,塔楼,35 万,5196 元,1,,8天以前发布,VR房源 | 房本满五年 | 随时看房,https://hui.lianjia.com/ershoufang/105122479925.html
金山新城大盘 美丽洲 花园中间4房 南北通透双阳台,"美丽洲 , 马安",4室2厅,117.32平米,南 北,毛坯,低楼层(共26层) ,,塔楼,99 万,8439 元,0,,,VR房源 | 随时看房,https://hui.lianjia.com/ershoufang/105122237485.html
户型方正，实用，采光好，税费低，适合居住。,"都市广场 , 区政府",1室0厅,40平米,西,简装,19层 ,,塔楼,13 万,3250 元,0,,,VR看装修 | 随时看房,https://hui.lianjia.com/ershoufang/105122189725.html
这套是离高铁比较远的那栋好楼层 南北通,"长通熙园 , 开城大润发",2室1厅,70.16平米,南 北,简装,32层 ,,塔楼,48 万,6842 元,0,,,VR房源 | 房本满五年 | 随时看房,https://hui.lianjia.com/ershoufang/105121239555.html
东南向，远看山景，近看小区园林水景，,"金地天润自在城一期 , 西区新寮",3室2厅,83.54平米,东南,简装,33层 ,,板塔结合,68 万,8140 元,3,,,VR看装修 | 房本满两年 | 随时看房,https://hui.lianjia.com/ershoufang/105118323293.html
高铁站成熟大社区，高入住率，诚心卖,"星河丹堤G区 , 南站新城",3室2厅,89平米,东南 南,精装,34层 ,,塔楼,89 万,10000 元,0,,,VR房源 | 随时看房,https://hui.lianjia.com/ershoufang/105121978994.html
中骏雍景台，成熟社区，南向大4房，中楼层看花园,"中骏雍景台 , 马安",4室2厅,118平米,西南,毛坯,高楼层(共33层) ,,板塔结合,85 万,7204 元,0,,,VR房源 | 随时看房,https://hui.lianjia.com/ershoufang/105120037063.html
星河花园3加1南北通的电梯高层的房子,"星河花园 , 博罗中心区",3室2厅,127.21平米,南,毛坯,30层 ,,塔楼,38 万,2988 元,1,,,VR看装修 | 房本满五年 | 随时看房,https://hui.lianjia.com/ershoufang/105121178703.html
金山新城东江新城新片区  西枝江畔马安河旁  刚需三房,"德威江誉城Ⅱ期 , 马安",3室2厅,96.52平米,东南,,高楼层(共32层) ,,塔楼,79 万,8185 元,0,,,VR房源 | 房本满两年 | 随时看房,https://hui.lianjia.com/ershoufang/105115229153.html
临深 壹方水榭 低密度大社区，看河景视野好，,"壹方水榭 , 白云新城",4室2厅,119平米,北,简装,中楼层(共31层) ,,板塔结合,82 万,6891 元,1,,30天以前发布,VR看装修 | 房本满两年 | 随时看房,https://hui.lianjia.com/ershoufang/105122266780.html
朝南标准三房 高楼层 视野好 通透,"昊翔源云璞花园 , 陈江",3室2厅,97.31平米,南 北,毛坯,高楼层(共27层) ,,塔楼,75 万,7708 元,0,,,VR看装修 | 房本满两年 | 随时看房,https://hui.lianjia.com/ershoufang/105120803657.html
金山湖方直东岸精装3房2卫出售，安静不吵,"方直东岸 , 河南岸",3室2厅,101平米,南,精装,32层 ,,板塔结合,115 万,11387 元,2,,,VR看装修 | 房本满五年 | 随时看房,https://hui.lianjia.com/ershoufang/105117678874.html
保利四期南北通的户型，业主诚心卖,"保利阳光城四期 , 白云新城",3室1厅,94.63平米,南 北,毛坯,32层 ,,板塔结合,67.9 万,7176 元,0,,13天以前发布,VR房源 | 房本满两年 | 随时看房,https://hui.lianjia.com/ershoufang/105122427943.html
轻轨旁新园林社区 户型方正视野好，配套齐全交通便利,"雅居乐铂琅峯花园 , 惠环",3室2厅,95.94平米,南,毛坯,高楼层(共33层) ,,板塔结合,59 万,6150 元,0,,,VR看装修 | 房本满两年 | 随时看房,https://hui.lianjia.com/ershoufang/105121097346.html
颐景花园，朝南花园中间位，证在手，四房,"颐景花园 , 东平",3室1厅,140.61平米,东南,精装,中楼层(共11层) ,,板塔结合,125 万,8890 元,0,,,VR房源 | 随时看房,https://hui.lianjia.com/ershoufang/105121717737.html
星河丹堤G4区，朝南三房，业主诚心出售,"星河丹堤G4区 , 南站新城",3室2厅,100.26平米,南,毛坯,32层 ,,板塔结合,102 万,10174 元,0,,,VR房源 | 房本满两年 | 随时看房,https://hui.lianjia.com/ershoufang/105120717095.html
业主诚心出售，次新小区，居家舒适，高速近,"天源花园 , 大亚湾中心区",3室2厅,81.35平米,南,毛坯,26层 ,,板塔结合,29 万,3565 元,0,,17天以前发布,VR房源 | 房本满五年 | 随时看房,https://hui.lianjia.com/ershoufang/105122379998.html
龙湖华昌旁次新小区国兆嘉泓公馆 精装四房带家私家电,"国兆嘉泓公馆 , 水口",4室2厅,125.91平米,南,,低楼层(共28层) ,,板塔结合,80 万,6354 元,0,,15天以前发布,VR房源 | 房本满五年 | 随时看房,https://hui.lianjia.com/ershoufang/105122402585.html
龙光城南四期 3室2厅 南,"龙光城南四期 , 龙光城",3室2厅,71.59平米,南,简装,34层 ,,板塔结合,70 万,9778 元,1,,26天以前发布,VR房源 | 房本满五年 | 随时看房,https://hui.lianjia.com/ershoufang/105122302697.html
澳头高速出口，百万楼盘，高楼层视野采光好，随意改动,"华冠花园 , 大亚湾中心区",3室2厅,81.6平米,南,毛坯,26层 ,,板塔结合,37 万,4535 元,0,,,VR看装修 | 随时看房,https://hui.lianjia.com/ershoufang/105121960219.html
大社区花园高层视野开阔，拎包入住,"富川瑞园 , 惠环",4室2厅,97平米,南,精装,中楼层(共34层) ,,板塔结合,51 万,5258 元,0,,,VR看装修 | 随时看房,https://hui.lianjia.com/ershoufang/105119900094.html
碧桂园十里银滩爱琴海4-2-1-2 147.00m 130 万,"碧桂园十里银滩爱琴海 , 十里银滩",4室2厅,147平米,西南,精装,30层 ,,板塔结合,62.8 万,4273 元,5,,,VR房源 | 随时看房,https://hui.lianjia.com/ershoufang/105109446051.html
半岛1号五期 3室2厅 南,"半岛1号五期 , 白云新城",3室2厅,105.16平米,南,毛坯,22层 ,,板塔结合,79.5 万,7560 元,0,,,VR看装修 | 房本满五年 | 随时看房,https://hui.lianjia.com/ershoufang/105122100136.html
南湖时光小户型，精装修，不占背包出售，随时看房,"南湖时光 , 南坛",1室1厅,43平米,南,,12层 ,,,153.8 万,35768 元,0,,,VR看装修 | 随时看房,https://hui.lianjia.com/ershoufang/105122192233.html
大新城旁边璟鹏华府小区三房两厅两卫。,"璟鹏华府 , 水口",3室2厅,100.2平米,东南,简装,11层 ,,板塔结合,59.5 万,5939 元,0,,,VR看装修 | 房本满五年,https://hui.lianjia.com/ershoufang/105121038755.html
临深近地铁大单间户型方正视野宽阔配套完善交通便利,"和瑞大厦 , 西区新寮",1室0厅,28.43平米,东,精装,30层 ,,板塔结合,16.9 万,5945 元,0,,5天以前发布,VR房源 | 随时看房,https://hui.lianjia.com/ershoufang/105122516181.html
业主诚心出售 临 深社区小区有山有湖,"龙海壹号 , 万达",3室2厅,103.33平米,南,毛坯,34层 ,,板塔结合,60 万,5807 元,2,,,VR看装修 | 房本满五年 | 随时看房,https://hui.lianjia.com/ershoufang/105121877935.html
区政府 汇星名庭 精装三房 配套齐全 税费低,"汇星名庭 , 草洋新区",3室1厅,110.54平米,西南,简装,23层 ,,塔楼,53 万,4795 元,0,,30天以前发布,VR看装修 | 房本满五年 | 随时看房,https://hui.lianjia.com/ershoufang/105122267783.html
房屋保养好，红本在手，随时可签约，看房方便,"碧桂园.十里银滩.山林海二区 , 十里银滩",2室2厅,66.63平米,南,精装,29层 ,,板塔结合,21.8 万,3272 元,4,,,VR房源 | 房本满五年 | 随时看房,https://hui.lianjia.com/ershoufang/105121891325.html
产权清晰，诚心出售，临深，户型方正,"壹方水榭 , 白云新城",4室2厅,110平米,南 北,精装,高楼层(共30层) ,,板塔结合,74 万,6728 元,0,,7天以前发布,VR房源 | 房本满两年 | 随时看房,https://hui.lianjia.com/ershoufang/105122496356.html
临深河景房源，小区中间位置，看花园和坪山河,"金溪湾 , 西区新寮",3室1厅,89.35平米,南,精装,29层 ,,板塔结合,48 万,5373 元,0,,,VR看装修 | 房本满五年 | 随时看房,https://hui.lianjia.com/ershoufang/105120680636.html
大湖溪 电梯房 带装修3房 拎包入住 生活方便 配套好,"大湖星城 , 水口",3室2厅,107.6平米,北,精装,中楼层(共8层) ,,板楼,45 万,4183 元,0,,,VR看装修 | 房本满五年,https://hui.lianjia.com/ershoufang/105121901891.html
新力城二期109平三房两厅两卫，南北通中高楼层,"新力城二期 , 水口",3室1厅,109平米,南,毛坯,中楼层(共33层) ,,板楼,90 万,8257 元,0,,,VR房源 | 房本满五年 | 随时看房,https://hui.lianjia.com/ershoufang/105120917185.html
龙光城北区、南向大四房、精装保养好、看别墅景观,"龙光城北八期 , 龙光城",4室2厅,117.91平米,南,精装,31层 ,,板塔结合,120 万,10178 元,0,,,VR看装修 | 房本满两年,https://hui.lianjia.com/ershoufang/105121456407.html
灿邦商圈，次新小区，绿化好，品质好，视野好,"泰丰枫林岸花园 , 吾悦广场",3室2厅,99.23平米,南,精装,32层 ,,板塔结合,85 万,8566 元,0,,,VR看装修 | 房本满两年 | 随时看房,https://hui.lianjia.com/ershoufang/105118273072.html
东江沙公园 电梯精装3室  大阳台 看房有钥匙,"东怡新苑 , 东平",3室2厅,119.89平米,东南,精装,中楼层(共9层) ,,板塔结合,68 万,5672 元,0,,,VR看装修 | 房本满五年 | 随时看房,https://hui.lianjia.com/ershoufang/105121531592.html
使用率高，成熟社区使用率高，成熟社区。,"德丰凯旋城北区 , 大亚湾中心区",6室2厅,151.05平米,东南,毛坯,32层 ,,塔楼,79 万,5231 元,1,,,VR房源 | 房本满五年 | 随时看房,https://hui.lianjia.com/ershoufang/105120410749.html
业主急售，红本在手，看花园，安静不吵,"中海阅江府2期 , 东江新城",4室1厅,120平米,南,毛坯,低楼层(共27层) ,,板楼,96 万,8000 元,0,,,VR看装修 | 随时看房,https://hui.lianjia.com/ershoufang/105121473255.html
临深新上房源，满五唯一，高楼层视野好，东边户,"龙光城北三期 , 龙光城",3室2厅,80.15平米,南,毛坯,高楼层(共34层) ,,板塔结合,58 万,7237 元,16,,,VR看装修 | 随时看房,https://hui.lianjia.com/ershoufang/105110502771.html
一线临深  精装大三房  全景看叠墅  好楼层视野好,"龙光城北四期 , 龙光城",3室2厅,91.25平米,南 北,精装,33层 ,,板塔结合,83.8 万,9184 元,1,,,VR看装修 | 房本满五年 | 随时看房,https://hui.lianjia.com/ershoufang/105117865843.html
自带暖阳看花园，视野采光充足，环境优美，户型通透,"龙光城北四期 , 龙光城",4室2厅,107.46平米,北,毛坯,33层 ,,板塔结合,87 万,8097 元,0,,,VR看装修 | 房本满五年 | 随时看房,https://hui.lianjia.com/ershoufang/105122026584.html
满五不唯一，精装修3房，拎包入住，中间楼层看花园,"龙光城北三期 , 龙光城",3室2厅,88.68平米,南,精装,中楼层(共34层) ,,板塔结合,81 万,9134 元,0,,,VR看装修 | 房本满五年 | 随时看房,https://hui.lianjia.com/ershoufang/105122150480.html
户型方正 红本在手 业主诚意出售,"卓越东部蔚蓝海岸四期 , 西区新寮",2室1厅,73.24平米,西南,,26层 ,,板塔结合,48 万,6554 元,0,,,VR看装修 | 房本满五年 | 随时看房,https://hui.lianjia.com/ershoufang/105121650714.html
南向视野好，装修保养佳，拎包入住,"德洲中心城 , 大亚湾中心区",3室2厅,84.76平米,南,精装,32层 ,,板塔结合,39 万,4602 元,2,,,VR房源 | 房本满五年 | 随时看房,https://hui.lianjia.com/ershoufang/105121018427.html
宏益公馆花园中间，两梯两户，安静舒适，双阳台！,"宏益公馆 , 江北",3室2厅,129.35平米,南,,低楼层(共18层) ,,塔楼,145 万,11210 元,0,,8天以前发布,VR房源 | 房本满五年 | 随时看房,https://hui.lianjia.com/ershoufang/105122480241.html
业主诚心出售，户型方正使用率高,"二月天花园 , 大亚湾中心区",4室2厅,90平米,南 北,精装,26层 ,,板塔结合,48 万,5334 元,1,,,VR看装修,https://hui.lianjia.com/ershoufang/105119555099.html
金湾花园，满五唯一，小区配套齐，,"金湾花园 , 大亚湾中心区",4室2厅,127平米,南,毛坯,低楼层(共32层) ,,塔楼,55 万,4331 元,2,,,VR房源 | 随时看房,https://hui.lianjia.com/ershoufang/105114214792.html
鼎浩城75平方 精装修2房出售 配了全屋家电 拎包入住,"鼎浩城 , 马安",2室1厅,75.33平米,东南,精装,19层 ,,塔楼,45 万,5974 元,0,,,VR看装修 | 房本满五年 | 随时看房,https://hui.lianjia.com/ershoufang/105119302163.html
丽格公寓精装一房一厅装修保养好,"丽格国际公寓 , 江北",1室1厅,41.5平米,北,,30层 ,,塔楼,32 万,7711 元,0,,,VR房源,https://hui.lianjia.com/ershoufang/105121769650.html
楼层好，视野好，采光通风好，无遮挡视野,"佳兆业拾光道花园 , 马安",3室1厅,94.07平米,南,毛坯,高楼层(共27层) ,,塔楼,66 万,7017 元,0,,24天以前发布,VR房源 | 随时看房,https://hui.lianjia.com/ershoufang/105122317117.html
红花湖南门，德和苑   两梯两户，南北通,"德和苑 , 龙丰",3室2厅,140.14平米,南,毛坯,高楼层(共18层) ,,板楼,90 万,6423 元,0,,,VR看装修 | 房本满两年 | 随时看房,https://hui.lianjia.com/ershoufang/105122216544.html
诚心出售，全新未住过，随时可以看房,"花样年别样城二期 , 新行政区",1室1厅,42平米,北,精装,32层 ,,塔楼,15.9 万,3786 元,0,,,VR房源 | 房本满五年 | 随时看房,https://hui.lianjia.com/ershoufang/105121953113.html
业主急售，红本在手，精装修朝南三房,"龙光玖龙湾 , 万达",3室2厅,87平米,南,精装,31层 ,,板塔结合,54 万,6207 元,5,,,VR看装修,https://hui.lianjia.com/ershoufang/105117747032.html
楼层好，户型佳，楼下天虹商场大润发商场，西区菜市场,"旺东国际广场 , 开城大润发",4室2厅,112平米,东南 南,精装,30层 ,,塔楼,85 万,7590 元,0,,,VR看装修,https://hui.lianjia.com/ershoufang/105118854190.html
精装，坐北朝南，采光好，视野开阔,"山语龙庭 , 新行政区",4室2厅,101.37平米,南 北,精装,27层 ,,板塔结合,69 万,6807 元,0,,,VR看装修 | 房本满五年 | 随时看房,https://hui.lianjia.com/ershoufang/105118781414.html
临深舒适型大三房好楼层近沙田地铁,"万祥豪苑 , 白云新城",3室2厅,107.82平米,北,毛坯,30层 ,,板塔结合,49.6 万,4601 元,0,,10天以前发布,VR房源 | 房本满五年 | 随时看房,https://hui.lianjia.com/ershoufang/105122460386.html
配套成熟·出行方便，拎包入住，价格能聊,"花样年·康城四季御峰 , 惠环",3室2厅,110平米,南 北,,中楼层(共31层) ,,板塔结合,86 万,7819 元,1,,,VR看装修,https://hui.lianjia.com/ershoufang/105122150078.html
南向两房，采光好，业主诚心出售,"碧桂园.十里银滩.海逸湾北区 , 十里银滩",2室1厅,66.97平米,南,精装,30层 ,,板塔结合,21 万,3136 元,26,,,VR看装修 | 房本满五年 | 随时看房,https://hui.lianjia.com/ershoufang/105113260445.html
天御三期高楼层前看江景后有公园楼间距宽敞视野开阔,"中洲天御3期 , 河南岸",4室1厅,127平米,南 北,,高楼层(共32层) ,,板塔结合,116 万,9134 元,0,,20天以前发布,VR房源 | 随时看房,https://hui.lianjia.com/ershoufang/105122351991.html
德丰凯旋城北区 1室1厅 北,"德丰凯旋城北区 , 大亚湾中心区",1室1厅,38.19平米,北,简装,26层 ,,板塔结合,20 万,5237 元,0,,,VR看装修 | 房本满五年 | 随时看房,https://hui.lianjia.com/ershoufang/105121921595.html
临深百万大盘，户型方正，业主诚心出售,"卓越蔚蓝海岸七期 , 西区新寮",3室2厅,96平米,南,精装,18层 ,,板塔结合,78 万,8125 元,1,,,VR看装修 | 随时看房,https://hui.lianjia.com/ershoufang/105122088601.html
江北鼎峰国汇山，刚需选择，朝南采光好,"鼎峰国汇山 , 江北",3室2厅,88.06平米,北,毛坯,高楼层(共32层) ,,板塔结合,82 万,9312 元,0,,,VR看装修 | 随时看房,https://hui.lianjia.com/ershoufang/105115279385.html
一线临深精装三房两卫，业主全新未入住，朝南看河景,"卓越东部蔚蓝海岸五期 , 西区新寮",3室2厅,95.83平米,南,精装,33层 ,,塔楼,81.88 万,8545 元,0,,,VR看装修 | 房本满两年 | 随时看房,https://hui.lianjia.com/ershoufang/105121487750.html
方直君御朝南3房2厅精装修 带家私电器出售,"方直君御 , 东江新城",3室2厅,91平米,南,,中楼层(共23层) ,,塔楼,128 万,14066 元,0,,,VR看装修,https://hui.lianjia.com/ershoufang/105120820807.html
红树林公园旁，精装四房，看房方便，无个税,"碧桂园太东天樾湾 , 大亚湾中心区",4室2厅,128.76平米,南 北,精装,34层 ,,板塔结合,63 万,4893 元,3,,,VR看装修 | 随时看房,https://hui.lianjia.com/ershoufang/105121702213.html
F区南向三房 视野宽阔无遮挡 采光充足 业主诚意出售,"星河丹堤F区 , 南站新城",3室2厅,88.02平米,南,毛坯,34层 ,,板塔结合,69 万,7840 元,6,,,VR看装修 | 房本满五年 | 随时看房,https://hui.lianjia.com/ershoufang/105119931523.html
红树林公园旁，二房带精装，业主急卖,"海伦堡海伦虹 , 大亚湾中心区",2室2厅,75.74平米,南,精装,20层 ,,板塔结合,39.8 万,5255 元,1,,,VR看装修 | 房本满两年 | 随时看房,https://hui.lianjia.com/ershoufang/105121284387.html
国企盘单价4000出头 急售 中间楼层,"天健阳光花园 , 新圩",3室1厅,79.45平米,南,,低楼层(共18层) ,,板塔结合,33 万,4154 元,1,,17天以前发布,VR看装修 | 房本满五年 | 随时看房,https://hui.lianjia.com/ershoufang/105122386377.html
真实房源-不吃差价-钥匙在店-看房方便-中间楼层,"海伦堡西子湾 , 下角",3室1厅,110.51平米,南,毛坯,中楼层(共40层) ,,塔楼,86 万,7783 元,0,,15天以前发布,VR房源 | 房本满两年 | 随时看房,https://hui.lianjia.com/ershoufang/105122408054.html
业主诚心出售，精装四房两卫，南北通，中间楼层,"花样年别样城五期 , 新行政区",4室2厅,101.62平米,南,精装,33层 ,,板塔结合,67 万,6594 元,0,,,VR看装修 | 房本满五年 | 随时看房,https://hui.lianjia.com/ershoufang/105121048944.html
海锦香槟小镇 4室1厅 东南,"海锦香槟小镇 , 惠环",4室1厅,96.27平米,东南,毛坯,高楼层(共26层) ,,板塔结合,45 万,4675 元,0,,31天以前发布,VR房源 | 随时看房,https://hui.lianjia.com/ershoufang/105122248945.html
业主 急 售卖 朝南2房 大社区榕城华庭,"榕城华庭 , 博罗中心区",2室2厅,74平米,西南,简装,高楼层(共26层) ,,板塔结合,33.8 万,4568 元,0,,,VR看装修 | 房本满两年,https://hui.lianjia.com/ershoufang/105122146413.html
临深大四房带装修不靠高铁没有住过人,"金地天润自在城二期 , 西区新寮",4室2厅,103.19平米,东南 南,精装,33层 ,,板塔结合,90 万,8722 元,0,,,VR房源 | 随时看房,https://hui.lianjia.com/ershoufang/105121113962.html
轻轨口 朝南3房 诚意出售 无欠款 随时看房,"華邦·首府 , 惠环",3室2厅,93.44平米,东南,简装,中楼层(共22层) ,,板塔结合,58 万,6208 元,1,,,VR看装修 | 房本满五年 | 随时看房,https://hui.lianjia.com/ershoufang/105120689260.html
临深百万大盘，业主很诚心卖，小区通勤很方便,"卓越东部蔚蓝海岸三期 , 西区新寮",2室2厅,76.53平米,南,,33层 ,,板塔结合,45 万,5881 元,0,,14天以前发布,VR房源 | 房本满五年 | 随时看房,https://hui.lianjia.com/ershoufang/105122414700.html
南站旁   星河百万大盘 125平 做五房,"星河丹堤G区 , 南站新城",5室2厅,124.63平米,南 北,精装,34层 ,,塔楼,165 万,13240 元,15,,,VR看装修,https://hui.lianjia.com/ershoufang/105110590482.html
花样年别样城101平米四房南北通 高层无遮挡视野开阔,"花样年别样城四期 , 新行政区",4室2厅,101.27平米,南 北,简装,高楼层(共32层) ,,板塔结合,70 万,6913 元,0,,,VR看装修 | 随时看房,https://hui.lianjia.com/ershoufang/105120736515.html
高新区龙湖品质三房 大横厅 随时看房,"春江天境花园 , 东江高新区",3室2厅,99.28平米,南,毛坯,中楼层(共33层) ,,塔楼,54.5 万,5490 元,0,,,VR看装修 | 房本满两年 | 随时看房,https://hui.lianjia.com/ershoufang/105121063857.html
江北新区金裕星河丹堤大楼盘单价只需要五字头,"金裕星河丹堤 , 小金口",4室2厅,121平米,南 北,毛坯,低楼层(共34层) ,,,57.8 万,4777 元,1,,,VR看装修 | 房本满两年 | 随时看房,https://hui.lianjia.com/ershoufang/105121100004.html
枕海而居，融创海湾半岛海景房，解锁滨海理想生活,"融创海湾半岛 , 十里银滩",1室1厅,52.39平米,南,精装,34层 ,,板塔结合,21.8 万,4162 元,2,,,VR房源 | 房本满五年 | 随时看房,https://hui.lianjia.com/ershoufang/105121920301.html
雅博世纪广场 配套成熟 出行方便 看房方便,"雅博世纪广场 , 开城大润发",3室1厅,123.26平米,南,,中楼层(共29层) ,,板塔结合,53 万,4300 元,0,,,VR房源 | 房本满五年 | 随时看房,https://hui.lianjia.com/ershoufang/105120339454.html
鑫月城 刚需3房 好楼层 视野无遮挡,"御湖豪庭 , 陈江",3室2厅,86.88平米,南,毛坯,27层 ,,塔楼,47.3 万,5445 元,0,,,VR看装修 | 房本满五年 | 随时看房,https://hui.lianjia.com/ershoufang/105118143981.html
嘉和丽苑精装两房出售 一公里东江边 钓鱼方便,"嘉和丽苑 , 江北",2室1厅,87.11平米,西南,,高楼层(共15层) ,,板塔结合,70 万,8036 元,0,,,VR看装修,https://hui.lianjia.com/ershoufang/105121853291.html
全新装修，诚意出售，看房便利佳兆业商圈,"嘉和盛世 , 江北",4室2厅,131平米,南 北,简装,中楼层(共30层) ,,,155 万,11833 元,0,,,VR看装修 | 房本满五年 | 随时看房,https://hui.lianjia.com/ershoufang/105120874555.html
嘉和盛世132平精装修拎包入住业主诚意卖不靠三环路,"嘉和盛世 , 江北",4室2厅,132.6平米,南 北,精装,低楼层(共31层) ,,塔楼,175 万,13198 元,0,,,VR看装修 | 房本满两年,https://hui.lianjia.com/ershoufang/105122004699.html
颐景花园 大三房 花园中间 安静 配套成熟,"颐景花园 , 东平",3室2厅,120.8平米,南 北,精装,中楼层(共18层) ,,板塔结合,90 万,7451 元,1,,,VR房源 | 房本满五年,https://hui.lianjia.com/ershoufang/105118505648.html
惠阳政芯60栋大社区，成熟品质社区，人间烟火味浓郁！,"花样年别样城三期 , 新行政区",4室2厅,87.62平米,南 北,精装,32层 ,,板塔结合,66.8 万,7624 元,0,,,VR看装修 | 房本满五年 | 随时看房,https://hui.lianjia.com/ershoufang/105118025999.html
万达 配套完善，小区物业管理妥当，方正,"香榭名苑 , 万达",2室2厅,64.97平米,东南,精装,23层 ,,塔楼,48.5 万,7465 元,1,,,VR看装修,https://hui.lianjia.com/ershoufang/105122081126.html
精装南北通4房 带品牌家私 看房方便,"雅居乐铂琅峯花园 , 惠环",4室1厅,112.87平米,南,精装,33层 ,,板塔结合,84.8 万,7514 元,1,,9天以前发布,VR房源 | 房本满两年 | 随时看房,https://hui.lianjia.com/ershoufang/105122477256.html
临深，近滨水公园，人民路边上成熟次新社区精装好房,"东方铂悦府 , 新行政区",4室2厅,119.46平米,南 北,精装,中楼层(共32层) ,,,109 万,9125 元,0,,,VR看装修,https://hui.lianjia.com/ershoufang/105121857069.html
淡水高速旁三房两厅空间布局 合理采光性好旁边,"香树和园 , 新行政区",3室2厅,105.65平米,南,精装,29层 ,,板塔结合,79.7 万,7544 元,1,,,VR房源,https://hui.lianjia.com/ershoufang/105121032944.html
富丽嘉园 4室2厅 北,"富丽嘉园 , 惠环",4室2厅,99.57平米,北,毛坯,低楼层(共18层) ,,塔楼,52 万,5223 元,0,,13天以前发布,VR房源 | 房本满五年 | 随时看房,https://hui.lianjia.com/ershoufang/105122424836.html
牧云溪谷云禧127平双阳台毛坯 业主诚意出售,"牧云溪谷六期云禧 , 新圩",5室2厅,126.84平米,南 北,毛坯,32层 ,,板塔结合,128 万,10092 元,0,,,VR看装修 | 房本满两年 | 随时看房,https://hui.lianjia.com/ershoufang/105122022342.html
临深品质大盘。精装三房看花园安静。,"卓越东部蔚蓝海岸五期 , 西区新寮",3室2厅,95.86平米,西,精装,33层 ,,板塔结合,80 万,8346 元,1,,,VR看装修 | 房本满两年 | 随时看房,https://hui.lianjia.com/ershoufang/105117545264.html
万达旁精装四房无个税诚意卖低价可谈,"碧桂园太东公园上城 , 吾悦广场",4室2厅,128.89平米,南 北,精装,33层 ,,塔楼,89.6 万,6952 元,0,,23天以前发布,VR房源 | 房本满两年 | 随时看房,https://hui.lianjia.com/ershoufang/105122328548.html
房子满2年 无欠款 户型方正通风效果比较好,"龙光玖龙湾 , 万达",3室2厅,96平米,南,精装,31层 ,,板塔结合,65 万,6771 元,0,,,VR看装修 | 随时看房,https://hui.lianjia.com/ershoufang/105114667077.html
壹城中 心11区 次新小区 有心出售 不看祠堂 中间楼层,"壹城中心11区 , 陈江",4室2厅,112.85平米,南 北,毛坯,低楼层(共32层) ,,板塔结合,82 万,7267 元,0,,,VR看装修 | 随时看房,https://hui.lianjia.com/ershoufang/105122084164.html
新上南北通4房，望别墅区，进出小区方便随时看房,"实地常春藤 , 三和经济开发区",4室2厅,125.98平米,南 北,,33层 ,,板塔结合,53 万,4208 元,0,,,VR看装修 | 房本满两年 | 随时看房,https://hui.lianjia.com/ershoufang/105119674202.html
龙光城南一期 1室1厅 北,"龙光城南一期 , 龙光城",1室1厅,36.77平米,北,,28层 ,,板塔结合,28 万,7615 元,0,,15天以前发布,VR房源 | 房本满五年 | 随时看房,https://hui.lianjia.com/ershoufang/105122403671.html
此房满5不唯一，标准2房2厅户型好，采光好，户型好,"仁和卫城 , 万达",2室2厅,87.41平米,南,精装,18层 ,,塔楼,48.3 万,5526 元,1,,,VR看装修 | 房本满五年,https://hui.lianjia.com/ershoufang/105120280269.html
急售！！！105平大三房，装修保养好直接拎包入住,"半岛1号五期 , 白云新城",3室2厅,105.16平米,南,,22层 ,,板塔结合,82 万,7798 元,0,,,VR看装修 | 随时看房,https://hui.lianjia.com/ershoufang/105121127381.html
星河臻誉府 业主诚心出售 高楼层视野采光好 精致三房,"星河臻誉府 , 陈江",3室2厅,88.99平米,南,精装,高楼层(共32层) ,,塔楼,83.5 万,9384 元,1,,,VR看装修 | 随时看房,https://hui.lianjia.com/ershoufang/105120095616.html
临深大盘，视野开阔，适合居住，诚心出售，方便看房,"荣佳国韵二期 , 龙光城",3室2厅,92.57平米,南,毛坯,33层 ,,板楼,59 万,6374 元,3,,,VR看装修 | 房本满两年 | 随时看房,https://hui.lianjia.com/ershoufang/105119060878.html
碧桂园五星社区 临深 近万达 精装大三房 业主诚心出售,"碧桂园星悦公馆 , 比亚迪商圈",3室2厅,110.4平米,南 北,精装,34层 ,,板塔结合,70 万,6341 元,1,,17天以前发布,VR房源,https://hui.lianjia.com/ershoufang/105122383610.html
万达旁精装两房，满五唯一，拎包入住。,"香榭名苑 , 万达",2室2厅,65.3平米,北,精装,18层 ,,板塔结合,37.8 万,5789 元,1,,,VR看装修 | 房本满五年 | 随时看房,https://hui.lianjia.com/ershoufang/105116671757.html
荷兰小城   成熟大社区  刚需户型  交通便捷 正南朝向,"光耀荷兰小城 , 陈江",4室2厅,124平米,南,毛坯,33层 ,,板塔结合,66 万,5323 元,0,,,VR看装修 | 房本满五年 | 随时看房,https://hui.lianjia.com/ershoufang/105119214683.html
香树丽苑 4室1厅 南,"香树丽苑 , 吾悦广场",4室1厅,113平米,南,简装,中楼层(共33层) ,,板塔结合,62 万,5487 元,3,,,VR房源 | 随时看房,https://hui.lianjia.com/ershoufang/105121466549.html
房子南北通透，户型方正，毛坯总价低,"长通熙园 , 开城大润发",4室1厅,124.6平米,南 北,毛坯,32层 ,,板塔结合,110 万,8829 元,0,,,VR看装修 | 随时看房,https://hui.lianjia.com/ershoufang/105117015861.html
下角银河湾高层东南朝向3房大阳台看房方便,"银河湾 , 下角",3室2厅,99.74平米,东南 南,精装,中楼层(共22层) ,,板楼,79 万,7921 元,1,,,VR看装修 | 房本满五年,https://hui.lianjia.com/ershoufang/105118496923.html
隆生西江花园，153平通透五房，全新装修，安静好楼层,"隆生西江花园 , 东江新城",4室2厅,153.49平米,南,精装,低楼层(共32层) ,,塔楼,236 万,15376 元,0,,,VR看装修,https://hui.lianjia.com/ershoufang/105122029117.html
业主急售！南北通透格局，楼层高，可看湖，无抵押,"星河丹堤V2区 , 南站新城",4室2厅,117.65平米,南 北,毛坯,32层 ,,塔楼,120 万,10200 元,0,,,VR看装修 | 房本满两年 | 随时看房,https://hui.lianjia.com/ershoufang/105121119971.html
仲恺体育馆成熟小区，中间好楼层,"鑫月广场 , 陈江",4室2厅,117.13平米,南,毛坯,中楼层(共33层) ,,塔楼,70 万,5977 元,0,,,VR看装修 | 房本满五年 | 随时看房,https://hui.lianjia.com/ershoufang/105118390106.html
珠光御景湾4房2厅南北通透双阳台,"珠光御景湾 , 水口",3室2厅,122.75平米,南 北,精装,17层 ,,板塔结合,78 万,6355 元,0,,,VR房源 | 房本满五年 | 随时看房,https://hui.lianjia.com/ershoufang/105121619463.html
业主诚意出售，中间楼层，实用户型，面积使用率高,"花样年花郡 , 大亚湾中心区",2室1厅,70.24平米,南,毛坯,34层 ,,塔楼,22.8 万,3247 元,4,,,VR看装修 | 房本满五年 | 随时看房,https://hui.lianjia.com/ershoufang/105121863812.html
金山湖中洲天御，品质大社区，中间楼层视野好，诚心卖,"中洲天御二期 , 河南岸",3室2厅,92.88平米,南,毛坯,中楼层(共33层) ,,板塔结合,80 万,8614 元,0,,,VR看装修 | 房本满两年 | 随时看房,https://hui.lianjia.com/ershoufang/105118002183.html
新力城3期4房136平方精装修出售，全新装修未住过！,"新力城三期 , 水口",4室2厅,136平米,南,精装,高楼层(共32层) ,,板楼,133 万,9780 元,0,,,VR看装修 | 随时看房,https://hui.lianjia.com/ershoufang/105121910696.html
【一线临深精选好房】冠华城三房南北通双阳台，诚心卖,"冠华城桂香园 , 西区新寮",3室2厅,100.74平米,南 北,毛坯,31层 ,,塔楼,65 万,6453 元,1,,20天以前发布,VR看装修 | 房本满两年 | 随时看房,https://hui.lianjia.com/ershoufang/105122346801.html
东南朝向高楼层看海景观好，红本在手随时过户,"维港湾花园 , 十里银滩",3室2厅,100.81平米,南,精装,34层 ,,板塔结合,44 万,4365 元,6,,,VR看装修 | 房本满两年 | 随时看房,https://hui.lianjia.com/ershoufang/105120161675.html
交通便利，配套 成熟大社区，楼层好视野好,"花样年别样城五期 , 新行政区",2室2厅,63.28平米,南,简装,32层 ,,板塔结合,34 万,5373 元,0,,,VR看装修 | 随时看房,https://hui.lianjia.com/ershoufang/105120794941.html
惠东亚婆角长沙湾花园一线无遮挡海景单房视野开,"宏昌山海传奇 , 十里银滩",1室1厅,46.49平米,南,精装,32层 ,,塔楼,25.3 万,5443 元,0,,,VR看装修 | 随时看房,https://hui.lianjia.com/ershoufang/105118483913.html
金山湖 山姆会员店旁 舒适3房 产权清晰,"中海凯旋城四期 , 河南岸",3室1厅,89.12平米,东南 南,简装,31层 ,,塔楼,78 万,8753 元,0,,,VR房源 | 房本满五年 | 随时看房,https://hui.lianjia.com/ershoufang/105121181143.html
金山湖花园三区 南北通4房 中间楼层 看花园安静不吵,"金山湖花园三区 , 河南岸",4室2厅,124.95平米,西南,精装,14层 ,,塔楼,140 万,11205 元,1,,,VR看装修 | 房本满五年 | 随时看房,https://hui.lianjia.com/ershoufang/105120678067.html
坪山河旁，视野采光好，户型方正，没有欠款,"美茵河畔花园 , 龙光城",3室2厅,101.52平米,南 北,精装,32层 ,,板塔结合,85 万,8373 元,0,,,VR看装修 | 房本满两年 | 随时看房,https://hui.lianjia.com/ershoufang/105120135018.html
精装修朝南无个税拎包入住百万大盘,"星河丹堤F区 , 南站新城",3室1厅,89.48平米,东南,精装,34层 ,,板塔结合,75 万,8382 元,5,,,VR房源 | 房本满五年 | 随时看房,https://hui.lianjia.com/ershoufang/105120010855.html
惠阳高铁站旁，星河丹堤大社区，交通便利，配套齐全,"星河丹堤C区 , 南站新城",3室1厅,174.06平米,南,精装,24层 ,,塔楼,152 万,8733 元,5,,,VR看装修 | 房本满五年 | 随时看房,https://hui.lianjia.com/ershoufang/105120810568.html
铂钻精装三房 楼栋视野百米楼间距 含家电管理费,"铂钻花园 , 东江新城",3室2厅,94.86平米,南,精装,中楼层(共27层) ,,板楼,105 万,11069 元,0,,18天以前发布,VR看装修 | 随时看房,https://hui.lianjia.com/ershoufang/105122365855.html
开城大道边、配套已然成熟、交通便利、总价低压力小,"建阳花园 , 开城大润发",2室2厅,64.45平米,南,,8层 ,,板塔结合,15 万,2328 元,6,,,VR看装修,https://hui.lianjia.com/ershoufang/105122138057.html
户型方正，采光通风好，业主急卖,"康汇花园 , 大亚湾中心区",3室2厅,128.87平米,北 南,简装,13层 ,,板塔结合,41 万,3182 元,5,,,VR看装修 | 房本满五年 | 随时看房,https://hui.lianjia.com/ershoufang/105118071464.html
南北通双阳台三房 费用少 高楼层,"德洲城五期 , 西区新寮",3室2厅,98平米,南 北,毛坯,26层 ,,塔楼,69 万,7041 元,2,,,VR看装修 | 房本满五年 | 随时看房,https://hui.lianjia.com/ershoufang/105113576282.html
信利康精装修 全新未入住 红本在手，价格优惠。,"信利康乐创汇 , 河南岸",4室2厅,121.82平米,南 北,精装,高楼层(共31层) ,,,114 万,9359 元,0,,7天以前发布,VR房源 | 随时看房,https://hui.lianjia.com/ershoufang/105122491741.html
河麦成熟片区 电梯2房 世纪伯爵,"世纪铂爵 , 麦地",2室1厅,85.35平米,南,简装,低楼层(共30层) ,,塔楼,58 万,6796 元,0,,,VR看装修 | 房本满五年 | 随时看房,https://hui.lianjia.com/ershoufang/105119100122.html
全新装修带家私电，业主诚心卖，适合居家,"DADA的草地 , 大亚湾中心区",3室1厅,106.51平米,南 北,精装,32层 ,,板塔结合,40 万,3756 元,5,,,VR看装修 | 房本满五年 | 随时看房,https://hui.lianjia.com/ershoufang/105119488219.html
图书馆500强大社区户型方正视野开阔红本在手,"新华联广场 , 大亚湾中心区",2室2厅,101.39平米,南,精装,32层 ,,塔楼,39.3 万,3877 元,0,,,VR看装修 | 房本满五年 | 随时看房,https://hui.lianjia.com/ershoufang/105121320910.html
华侨新苑，朝南，大三房，采光好。,"华侨新苑 , 龙丰",3室2厅,94.7平米,南,简装,8层 ,,板塔结合,36 万,3802 元,0,,,VR看装修 | 随时看房,https://hui.lianjia.com/ershoufang/105121345429.html
一线临深，次新小区，好楼层好视野,"冠华城桂香园三期 , 西区新寮",3室2厅,84.32平米,南,毛坯,33层 ,,板塔结合,66 万,7828 元,0,,5天以前发布,VR房源 | 随时看房,https://hui.lianjia.com/ershoufang/105122514072.html
新祺园 3室2厅 东南,"新祺园 , 新行政区",3室2厅,88.42平米,东南,毛坯,32层 ,,板塔结合,49 万,5542 元,0,,11天以前发布,VR房源 | 房本满五年 | 随时看房,https://hui.lianjia.com/ershoufang/105122453183.html
金山湖岛内大社区中高楼层，视野开阔，俯瞰金山湖,"湖心岛1号花园 , 河南岸",3室1厅,103.06平米,南,毛坯,中楼层(共26层) ,,板塔结合,123 万,11935 元,0,,,VR看装修 | 随时看房,https://hui.lianjia.com/ershoufang/105122031270.html
大花园社区，配.套成熟，楼层好，户型方正,"鸿威金都雅苑 , 小金口",2室2厅,81.46平米,西,毛坯,中楼层(共30层) ,,板塔结合,32 万,3929 元,0,,18天以前发布,VR房源 | 随时看房,https://hui.lianjia.com/ershoufang/105122370428.html
电梯房，户型格局方正，采光良好。,"鸿威金都雅苑 , 小金口",2室1厅,80.22平米,南,精装,低楼层(共30层) ,,板塔结合,36 万,4488 元,1,,,VR看装修 | 房本满五年 | 随时看房,https://hui.lianjia.com/ershoufang/105121429529.html
牧马湖一线湖景大四房，业主诚心出售,"泰丰牧马湖 , 万达",4室2厅,149.05平米,南,毛坯,33层 ,,板塔结合,145 万,9729 元,3,,27天以前发布,VR房源 | 随时看房,https://hui.lianjia.com/ershoufang/105122291890.html
采光佳 视野好 户型方正 配套齐 交通便利,"正闳润金名苑 , 西区新寮",2室2厅,68.02平米,南,,27层 ,,塔楼,46 万,6763 元,0,,,VR看装修,https://hui.lianjia.com/ershoufang/105116859200.html
牧马湖一楼朝南带花园小高层住宅，居住舒适,"泰丰牧马湖 , 万达",3室2厅,80.59平米,南,精装,11层 ,,板塔结合,100 万,12409 元,21,,,VR房源 | 房本满两年 | 随时看房,https://hui.lianjia.com/ershoufang/105112679756.html
江北丽日君颐花园花园中间安静3房2卫精装保养好,"丽日君颐家园 , 江北",3室1厅,94.85平米,北,简装,高楼层(共30层) ,,板塔结合,108 万,11387 元,0,,,VR看装修 | 房本满五年 | 随时看房,https://hui.lianjia.com/ershoufang/105118239579.html
泰宇城市中央 4室2厅 南,"泰宇城市中央 , 江北",4室2厅,108平米,南,精装,中楼层(共30层) ,,塔楼,107 万,9908 元,0,,11天以前发布,VR房源,https://hui.lianjia.com/ershoufang/105122450486.html
江北CBD唐宁公馆，看房店里有钥匙,"唐宁公馆 , 江北",4室1厅,170.05平米,南,毛坯,低楼层(共16层) ,,塔楼,159 万,9351 元,1,,,VR房源 | 房本满五年 | 随时看房,https://hui.lianjia.com/ershoufang/105114053540.html
河南岸公园旁 精装修大三房 诚心出售 看房方便,"尚品世家 , 河南岸",3室2厅,117平米,东南 南,精装,中楼层(共8层) ,,板楼,90 万,7693 元,2,,,VR看装修 | 随时看房,https://hui.lianjia.com/ershoufang/105116679938.html
保利天汇，近印象城，小三房，看上可面谈。,"保利天汇 , 河南岸",3室2厅,88平米,南,毛坯,中楼层(共32层) ,,板塔结合,92 万,10455 元,0,,,VR看装修 | 随时看房,https://hui.lianjia.com/ershoufang/105115446422.html
牧马湖精装四房南北通透业主诚心出售,"泰丰牧马湖 , 万达",4室2厅,113.02平米,南 北,精装,11层 ,,板楼,123 万,10884 元,2,,,VR房源 | 房本满两年 | 随时看房,https://hui.lianjia.com/ershoufang/105120524561.html
花园社区，格局方正，带约200平方露台，自用,"海伦堡院子 , 水口",2室2厅,72平米,东北,简装,低楼层(共31层) ,,板塔结合,57 万,7917 元,0,,,VR看装修 | 随时看房,https://hui.lianjia.com/ershoufang/105120596456.html
精装修，2房，东南朝向，中间楼层，直接拎包入住,"海伦堡院子 , 水口",2室2厅,61.27平米,东南,,高楼层(共15层) ,,板塔结合,42.5 万,6937 元,0,,,VR看装修 | 房本满两年 | 随时看房,https://hui.lianjia.com/ershoufang/105122206546.html
海伦湾朝南看江景三房，高层全新毛坯，南北通双阳台,"海伦堡海伦湾 , 东平",4室2厅,102.43平米,南,毛坯,中楼层(共33层) ,,板塔结合,90 万,8787 元,0,,,VR看装修 | 房本满五年 | 随时看房,https://hui.lianjia.com/ershoufang/105113844502.html
临深一线好房，锦地繁花三房好户型好楼层好价格,"锦地繁花 , 西区新寮",3室2厅,88.05平米,南,毛坯,17层 ,,板塔结合,56.5 万,6417 元,0,,,VR看装修 | 房本满五年 | 随时看房,https://hui.lianjia.com/ershoufang/105119936583.html
春江天境花园 117.38平米 4房2厅2卫,"春江天境花园 , 东江高新区",4室2厅,117.38平米,南 北,毛坯,中楼层(共33层) ,,板塔结合,51 万,4345 元,0,,,VR看装修 | 房本满两年 | 随时看房,https://hui.lianjia.com/ershoufang/105121877937.html
户型方正，房产清晰，业主急售，小区自己的物业,"金裕星河丹堤 , 小金口",3室2厅,85.89平米,南,毛坯,低楼层(共34层) ,,塔楼,39 万,4541 元,0,,11天以前发布,VR房源 | 随时看房,https://hui.lianjia.com/ershoufang/105122451965.html
配套齐全，生活便利，首付月供无压力，好出租,"金茂精英现代城一期 , 陈江",2室2厅,64.95平米,南,简装,17层 ,,板塔结合,23 万,3542 元,0,,,VR看装修 | 房本满五年 | 随时看房,https://hui.lianjia.com/ershoufang/105121859575.html
碧桂园 三房两厅两卫 南北通双阳台 采光好,"碧桂园翠湖湾 , 新圩",3室2厅,113.8平米,南,,低楼层(共17层) ,,板塔结合,59 万,5185 元,0,,,VR看装修 | 房本满五年 | 随时看房,https://hui.lianjia.com/ershoufang/105120888301.html
60栋大社区 大花园 惠阳汽车站旁 交通方便,"花样年别样城二期 , 新行政区",3室2厅,95.16平米,南 西,毛坯,33层 ,,板塔结合,52 万,5465 元,1,,,VR看装修 | 房本满五年 | 随时看房,https://hui.lianjia.com/ershoufang/105113584473.html
东南向 视野好 通风佳 采光好 租客好约看房随时,"伟豪领御世家 , 江北",4室2厅,100.97平米,东南,简装,中楼层(共32层) ,,板塔结合,95 万,9409 元,0,,,VR看装修 | 房本满五年 | 随时看房,https://hui.lianjia.com/ershoufang/105120756987.html
格局方正，视野开阔，朝南 近地铁低总价买到三房,"天域花园 , 白云新城",3室2厅,71.94平米,南,毛坯,17层 ,,塔楼,32.8 万,4560 元,1,,,VR看装修 | 随时看房,https://hui.lianjia.com/ershoufang/105122148602.html
业主房子诚心出售，楼层好，方便看房,"东方铂悦府 , 新行政区",3室2厅,87.34平米,南,毛坯,32层 ,,板塔结合,61 万,6985 元,1,,,VR看装修 | 房本满两年 | 随时看房,https://hui.lianjia.com/ershoufang/105117849073.html
户型方正采光好 面积使用率高 大阳台 精装修,"中兴佳苑 , 大亚湾中心区",4室2厅,108.9平米,南 北,,26层 ,,塔楼,42 万,3857 元,1,,20天以前发布,VR看装修 | 房本满五年 | 随时看房,https://hui.lianjia.com/ershoufang/105122347998.html
近佳兆业 金世界花园三房 朝南采光好 小区配套成熟,"金世界花园 , 江北",3室2厅,125.44平米,南,简装,16层 ,,板塔结合,75 万,5979 元,0,,16天以前发布,VR房源 | 随时看房,https://hui.lianjia.com/ershoufang/105122389846.html
近沙田地铁站，大社区 大阳台，淡水河,"九洲玉带湾 , 白云新城",4室2厅,112.74平米,南,毛坯,33层 ,,板塔结合,66 万,5855 元,1,,,VR看装修 | 房本满两年 | 随时看房,https://hui.lianjia.com/ershoufang/105120070647.html
业主诚心出售、无个税、没有欠款、新小区,"合生时代城 , 比亚迪商圈",2室2厅,79平米,南,,18层 ,,板塔结合,50 万,6330 元,0,,,VR看装修 | 房本满两年,https://hui.lianjia.com/ershoufang/105121422267.html
此房在二楼、装修良好、实际使用面积大于38平、,"乐华新村 , 开城大润发",2室1厅,38.1平米,南,,低楼层(共8层) ,,塔楼,13 万,3413 元,5,,,VR看装修,https://hui.lianjia.com/ershoufang/105122057929.html
南向看小区3房 视野开阔生活方便,"金榜山 , 龙丰",3室1厅,99平米,东,精装,中楼层(共27层) ,,板塔结合,95 万,9596 元,0,,,VR看装修 | 房本满五年,https://hui.lianjia.com/ershoufang/105121093684.html
金鼎雅苑全新毛坯房东诚意出售，随时可以看房,"金鼎雅苑 , 江北",3室2厅,87.47平米,南,毛坯,高楼层(共33层) ,,塔楼,85 万,9718 元,0,,,VR看装修 | 房本满五年 | 随时看房,https://hui.lianjia.com/ershoufang/105120165347.html
业主诚心出售，没有欠款，户型方正,"天域花园 , 白云新城",3室2厅,71.94平米,南,精装,17层 ,,板塔结合,42.8 万,5950 元,3,,,VR房源 | 房本满五年,https://hui.lianjia.com/ershoufang/105121178253.html
朝南向采光好，原值高税费少，万达西区一 小交通便利,"仁和卫城 , 万达",3室2厅,126.31平米,南 北,毛坯,16层 ,,板塔结合,63 万,4988 元,1,,,VR看装修 | 房本满五年 | 随时看房,https://hui.lianjia.com/ershoufang/105117169859.html
业主诚心出售，视野开阔欢迎多多转介,"晶地里程花园 , 西区新寮",3室2厅,90.63平米,南 北,精装,33层 ,,塔楼,57 万,6290 元,1,,,VR房源 | 随时看房,https://hui.lianjia.com/ershoufang/105121099133.html
江北义乌公寓47朝南急售28带南坛和惠台,"义乌商城公寓 , 江北",1室1厅,47平米,南,,中楼层(共28层) ,,板楼,28 万,5958 元,0,,8天以前发布,VR房源 | 随时看房,https://hui.lianjia.com/ershoufang/105122484026.html
毛坯三房 惠城CBD江北次新楼盘,"江湾南岸二期 , 江北",3室2厅,121平米,东南,毛坯,低楼层(共39层) ,,板塔结合,140 万,11571 元,2,,,VR看装修 | 房本满两年 | 随时看房,https://hui.lianjia.com/ershoufang/105115895461.html
壹城六期南北通大五房采光好楼龄新花园漂亮,"壹城中心6区 , 陈江",5室2厅,126.09平米,南 北,毛坯,高楼层(共32层) ,,塔楼,93 万,7376 元,0,,,VR看装修 | 房本满两年 | 随时看房,https://hui.lianjia.com/ershoufang/105119708975.html
南线轻轨口 中间楼层 无欠款视野好,"佳兆业壹号花园 , 龙丰",2室2厅,76平米,南,毛坯,中楼层(共32层) ,,板塔结合,48 万,6316 元,0,,,VR看装修 | 随时看房,https://hui.lianjia.com/ershoufang/105120232939.html
红本在手无欠款 没有出租过的 全屋定制瓷砖上墙,"国韵华府 , 吾悦广场",2室2厅,70.54平米,西北,精装,32层 ,,塔楼,50 万,7089 元,0,,,VR看装修 | 房本满两年 | 随时看房,https://hui.lianjia.com/ershoufang/105121742874.html
房子干净，业主装修用心，保养很好,"方直君御 , 东江新城",4室2厅,130.5平米,南,,低楼层(共28层) ,,塔楼,190 万,14560 元,0,,,VR看装修 | 房本满五年,https://hui.lianjia.com/ershoufang/105120443626.html
星河盛世  19年开发的新楼盘。业主诚心卖。,"惠州星河盛世 , 白云新城",3室2厅,117平米,南 北,,33层 ,,板塔结合,85 万,7265 元,0,,,VR看装修 | 随时看房,https://hui.lianjia.com/ershoufang/105115576446.html
汇显城市公园，朝南看花园，安静光线好。,"汇显城市公园 , 汝湖",3室2厅,108平米,南,毛坯,27层 ,,板楼,68 万,6297 元,1,,,VR看装修 | 房本满五年 | 随时看房,https://hui.lianjia.com/ershoufang/105118805797.html
花园中间南向大阳台看花园视野很舒服,"方直君御 , 东江新城",5室2厅,191平米,南 北,毛坯,低楼层(共24层) ,,塔楼,277 万,14503 元,0,,,VR看装修,https://hui.lianjia.com/ershoufang/105120458571.html
格林童话125平4房，毛坯，随时看房,"格林童话世界三期 , 潼侨沥林",3室1厅,124.77平米,东南,毛坯,低楼层(共11层) ,,板楼,52.8 万,4232 元,0,,,VR看装修 | 房本满五年 | 随时看房,https://hui.lianjia.com/ershoufang/105122188686.html
二期 精装修 楼层漂亮 保养的很新,"富川瑞园 , 惠环",4室2厅,92.28平米,南 北,,中楼层(共18层) ,,板塔结合,55 万,5961 元,0,,25天以前发布,VR看装修 | 房本满五年 | 随时看房,https://hui.lianjia.com/ershoufang/105122312947.html
精装修南北通透四房，户型好，小区环境优美,"德威花园城 , 秋长",4室2厅,119.57平米,南 北,精装,低楼层(共29层) ,,板楼,69.6 万,5821 元,1,,,VR看装修 | 房本满五年 | 随时看房,https://hui.lianjia.com/ershoufang/105122120754.html
金田花园 3室2厅 南,"金田花园 , 博罗中心区",3室2厅,117平米,南,简装,6层 ,,板塔结合,25 万,2137 元,1,,,VR看装修 | 房本满五年,https://hui.lianjia.com/ershoufang/105121016576.html
户型方正，标准4房，南北通可看江景，西南朝向看花园,"德威江誉城1期 , 马安",4室2厅,123.7平米,西南,毛坯,中楼层(共32层) ,,塔楼,106 万,8570 元,0,,,VR看装修 | 随时看房,https://hui.lianjia.com/ershoufang/105116768284.html
隆生文岭西堤品质高 毛坯 次新房 配套成熟,"文岭西堤 , 东江新城",4室2厅,126.21平米,南,毛坯,低楼层(共31层) ,,板塔结合,145 万,11489 元,1,,,VR看装修 | 房本满五年 | 随时看房,https://hui.lianjia.com/ershoufang/105114294263.html
星河丹提，大平层两梯三户，看丰田水库中间楼层，五房,"星河丹堤G4区 , 南站新城",5室2厅,163.29平米,南,毛坯,33层 ,,板塔结合,188 万,11514 元,1,,,VR房源 | 随时看房,https://hui.lianjia.com/ershoufang/105122014923.html
老小区已经改造好，3居室直接可入住。,"侨富花园 , 草洋新区",3室2厅,116.81平米,南,简装,8层 ,,板塔结合,17.5 万,1499 元,5,,,VR看装修 | 房本满两年 | 随时看房,https://hui.lianjia.com/ershoufang/105122035637.html
精装四房、朝南看花园、中间楼层采光好,"丽景湾上 , 东江新城",4室2厅,122.2平米,南,精装,32层 ,,板塔结合,119.8 万,9804 元,0,,,VR房源 | 房本满五年,https://hui.lianjia.com/ershoufang/105121389488.html
楼下鹿江公园露营底，楼层好，户型方正,"富盈公馆三期 , 马安",3室2厅,101.03平米,东南,毛坯,中楼层(共32层) ,,板塔结合,68 万,6731 元,1,,,VR看装修 | 房本满两年 | 随时看房,https://hui.lianjia.com/ershoufang/105121899770.html
金悦华府四房129平，南北通，靠花园里面不吵，高层,"金悦华府 , 东江新城",4室2厅,129.87平米,南,毛坯,高楼层(共40层) ,,板塔结合,125 万,9626 元,99,,,VR看装修 | 房本满两年 | 随时看房,https://hui.lianjia.com/ershoufang/105117493013.html
户型方正，视野采光好，业主急售！,"合生滨海城 , 澳头",4室2厅,160.87平米,南 北,毛坯,32层 ,,板塔结合,95 万,5906 元,2,,,VR看装修 | 房本满五年 | 随时看房,https://hui.lianjia.com/ershoufang/105119415110.html
三房两位满五唯一，产证在手，无欠款,"龙光·水悦龙湾 , 东平",3室2厅,97平米,南,,低楼层(共29层) ,,板塔结合,95 万,9794 元,1,,,VR看装修 | 房本满五年 | 随时看房,https://hui.lianjia.com/ershoufang/105121325035.html
便宜两房、总价低值得参考、诚心出售,"阳光地带 , 开城大润发",2室2厅,59.64平米,南,,17层 ,,板塔结合,30 万,5031 元,0,,,VR房源 | 房本满五年 | 随时看房,https://hui.lianjia.com/ershoufang/105122215836.html
户型方正实用，采光好，税费低，适合居住。,"都市广场 , 区政府",1室1厅,46.99平米,西南,简装,19层 ,,板塔结合,15 万,3193 元,8,,,VR看装修 | 随时看房,https://hui.lianjia.com/ershoufang/105120300102.html
拎包即住→精装两房 朝南！视野开——阔 装修用料扎实,"万城 , 白云新城",2室2厅,68.12平米,南,精装,17层 ,,板塔结合,41.88 万,6148 元,0,,,VR看装修 | 房本满五年,https://hui.lianjia.com/ershoufang/105121467708.html
临深大社区复式2层大露台和下沉式花园看河景,"九洲玉带湾 , 白云新城",6室2厅,83.36平米,南,精装,33层 ,,板塔结合,168 万,20154 元,17,,,VR房源 | 房本满五年 | 随时看房,https://hui.lianjia.com/ershoufang/105107880697.html
品质小区   中高楼层   房子方正  采光好,"欣乐道华府 , 马安",3室1厅,88.95平米,南,毛坯,中楼层(共33层) ,,塔楼,57 万,6409 元,0,,,VR房源 | 房本满五年 | 随时看房,https://hui.lianjia.com/ershoufang/105116919665.html
朝南标准三房 高楼层 视野好 通透,"昊翔源云璞花园 , 陈江",3室2厅,97.31平米,南 北,毛坯,高楼层(共27层) ,,塔楼,75 万,7708 元,0,,,VR看装修 | 房本满两年 | 随时看房,https://hui.lianjia.com/ershoufang/105120803657.html
（平台推荐）临深片区南北通三房，交通方便,"荣佳国韵二期 , 龙光城",3室2厅,107.64平米,东南 南,精装,26层 ,,板塔结合,80 万,7433 元,1,,19天以前发布,VR房源 | 房本满两年 | 随时看房,https://hui.lianjia.com/ershoufang/105122355693.html
红本在手，业主诚心出售，价格可议价,"金輝新苑 , 龙丰",3室2厅,97平米,南,,中楼层(共8层) ,,板塔结合,57 万,5877 元,0,,,VR看装修,https://hui.lianjia.com/ershoufang/105118060670.html
盛世丰华 3室2厅 南,"盛世丰华 , 博罗石湾",3室2厅,98.8平米,南,毛坯,中楼层(共31层) ,,塔楼,49.8 万,5041 元,0,,19天以前发布,VR房源 | 房本满两年 | 随时看房,https://hui.lianjia.com/ershoufang/105122355562.html
一线河景 园林泳池景观好楼层采光充足,"保利阳光城四期 , 白云新城",4室2厅,132.39平米,东南,毛坯,32层 ,,板塔结合,103 万,7781 元,0,,,VR看装修 | 房本满两年 | 随时看房,https://hui.lianjia.com/ershoufang/105115516696.html
临深大社区 通透 楼层好 视野宽阔  配套齐全,"龙光城北二期 , 龙光城",4室1厅,127.98平米,南 北,毛坯,29层 ,,板塔结合,115 万,8986 元,2,,,VR房源 | 房本满五年 | 随时看房,https://hui.lianjia.com/ershoufang/105122041607.html
满二 原值高少税 看花园和泳池采光通风良好 次新房,"星河丹堤V区 , 南站新城",4室2厅,101.52平米,南,毛坯,34层 ,,,95 万,9358 元,1,,,VR看装修 | 房本满五年 | 随时看房,https://hui.lianjia.com/ershoufang/105119844141.html
禾塘街 ，中层，二楼带单车间。,"统建楼 , 下角",3室2厅,95.87平米,西南,简装,7层 ,,塔楼,29 万,3025 元,2,,,VR看装修 | 房本满五年 | 随时看房,https://hui.lianjia.com/ershoufang/105119728585.html
丽江花园南区 107平三房急售,"丽江花园南区 , 区政府",3室1厅,107平米,北,简装,18层 ,,板塔结合,57 万,5328 元,0,,,VR看装修 | 随时看房,https://hui.lianjia.com/ershoufang/105122116342.html
业主着急卖，南北通四房，看园林，少有户型卖,"德洲中心城 , 大亚湾中心区",4室2厅,123.1平米,南,简装,28层 ,,板塔结合,66 万,5362 元,0,,,VR看装修 | 房本满五年 | 随时看房,https://hui.lianjia.com/ershoufang/105119385527.html
金迪星苑中装2房出售 低楼层安静不吵 可拎包入住,"金迪星苑 , 龙丰",2室1厅,52.8平米,东南,精装,8层 ,,板楼,27.8 万,5266 元,0,,,VR看装修 | 随时看房,https://hui.lianjia.com/ershoufang/105121732376.html
区政府天虹旁鼎盛广场精装修1房业主诚心出售,"鼎盛广场 , 区政府",1室1厅,46.25平米,南,精装,33层 ,,板塔结合,19 万,4109 元,0,,,VR看装修 | 房本满五年 | 随时看房,https://hui.lianjia.com/ershoufang/105114526967.html
万达商圈满5税少南向双阳台小洋房,"熊猫国际三期 , 万达",4室2厅,149.86平米,南,毛坯,11层 ,,板楼,99 万,6607 元,1,,,VR看装修 | 房本满五年 | 随时看房,https://hui.lianjia.com/ershoufang/105113586314.html
中间楼层，视野开阔，看花园，业主诚意急卖，方便看房,"星河丹堤G区 , 南站新城",3室2厅,98.06平米,南,毛坯,34层 ,,塔楼,90 万,9179 元,0,,,VR房源 | 房本满五年 | 随时看房,https://hui.lianjia.com/ershoufang/105122218947.html
碧桂园物业，诚心卖，代产权车位，南北都看花园双阳台,"深荟城一期 , 白云新城",4室2厅,135.71平米,东南,精装,32层 ,,板塔结合,116 万,8548 元,5,,,VR看装修 | 房本满五年 | 随时看房,https://hui.lianjia.com/ershoufang/105116944733.html
户型好，采光好，全新未入住过，红本在手...........,"群峰花园 , 南站新城",3室2厅,94.59平米,南,,中楼层(共33层) ,,塔楼,42 万,4441 元,5,,,VR看装修 | 房本满两年 | 随时看房,https://hui.lianjia.com/ershoufang/105119021222.html
出门即是公园，一手业主居家好，大3居室拎包入住,"名苑山庄 , 区政府",3室1厅,137.59平米,南,简装,13层 ,,塔楼,75 万,5451 元,0,,,VR房源 | 房本满五年 | 随时看房,https://hui.lianjia.com/ershoufang/105121892187.html
惠州市大亚湾西区大悦花园4房2厅两卫业主诚心出售,"大悦花园 , 比亚迪商圈",4室2厅,88.26平米,南,毛坯,27层 ,,板塔结合,36 万,4079 元,1,,,VR看装修 | 房本满五年 | 随时看房,https://hui.lianjia.com/ershoufang/105122091628.html
铂钻花园 一期不靠马路 中高楼层 日照充足 安静不吵,"铂钻花园 , 东江新城",3室2厅,96.95平米,南,毛坯,高楼层(共27层) ,,板楼,73 万,7530 元,0,,,VR房源 | 房本满两年 | 随时看房,https://hui.lianjia.com/ershoufang/105119715087.html
头等舱沙发！！高档装修 坐瞰别墅景 双龍抱珠招財進寶,"半岛1号五期 , 白云新城",2室2厅,84.22平米,南,精装,22层 ,,板塔结合,59.88 万,7110 元,0,,,VR看装修 | 房本满五年 | 随时看房,https://hui.lianjia.com/ershoufang/105119687135.html
太东天地花园 4室2厅 南,"太东天地花园 , 大亚湾中心区",4室2厅,109.09平米,南,毛坯,33层 ,,板塔结合,48.6 万,4456 元,1,,,VR看装修 | 房本满两年 | 随时看房,https://hui.lianjia.com/ershoufang/105122060823.html
德威摩卡小镇 3室2厅 南,"德威摩卡小镇 , 江北",3室2厅,118.24平米,南,精装,中楼层(共24层) ,,塔楼,85 万,7189 元,0,,,VR看装修 | 房本满两年,https://hui.lianjia.com/ershoufang/105122239511.html
产权清晰，诚心出售，临深，户型方正,"壹方水榭 , 白云新城",4室2厅,110平米,南 北,精装,高楼层(共30层) ,,板塔结合,74 万,6728 元,0,,7天以前发布,VR房源 | 房本满两年 | 随时看房,https://hui.lianjia.com/ershoufang/105122496356.html
临深河景房源，小区中间位置，看花园和坪山河,"金溪湾 , 西区新寮",3室1厅,89.35平米,南,精装,29层 ,,板塔结合,48 万,5373 元,0,,,VR看装修 | 房本满五年 | 随时看房,https://hui.lianjia.com/ershoufang/105120680636.html
新力城二期109平三房两厅两卫，南北通中高楼层,"新力城二期 , 水口",3室1厅,109平米,南,毛坯,中楼层(共33层) ,,板楼,90 万,8257 元,0,,,VR房源 | 房本满五年 | 随时看房,https://hui.lianjia.com/ershoufang/105120917185.html
龙光城北区、南向大四房、精装保养好、看别墅景观,"龙光城北八期 , 龙光城",4室2厅,117.91平米,南,精装,31层 ,,板塔结合,120 万,10178 元,0,,,VR看装修 | 房本满两年,https://hui.lianjia.com/ershoufang/105121456407.html
灿邦商圈，次新小区，绿化好，品质好，视野好,"泰丰枫林岸花园 , 吾悦广场",3室2厅,99.23平米,南,精装,32层 ,,板塔结合,85 万,8566 元,0,,,VR看装修 | 房本满两年 | 随时看房,https://hui.lianjia.com/ershoufang/105118273072.html
东江沙公园 电梯精装3室  大阳台 看房有钥匙,"东怡新苑 , 东平",3室2厅,119.89平米,东南,精装,中楼层(共9层) ,,板塔结合,68 万,5672 元,0,,,VR看装修 | 房本满五年 | 随时看房,https://hui.lianjia.com/ershoufang/105121531592.html
天睿南花园中间  4+1房南北通 景观好 无欠款 无个税,"太东星河丹堤天睿花园南区 , 吾悦广场",5室1厅,136.47平米,南 北,毛坯,34层 ,,板塔结合,122 万,8940 元,2,,,VR房源 | 房本满五年 | 随时看房,https://hui.lianjia.com/ershoufang/105116882642.html
金山新城东江新城新片区  西枝江畔马安河旁  刚需三房,"德威江誉城Ⅱ期 , 马安",3室2厅,96.52平米,东南,,高楼层(共32层) ,,塔楼,79 万,8185 元,0,,,VR房源 | 房本满两年 | 随时看房,https://hui.lianjia.com/ershoufang/105115229153.html
顶楼采光好视野好，诚心出售，欢迎看房,"太东明月湾 , 澳头",2室2厅,83.63平米,西南,,28层 ,,板塔结合,37.5 万,4485 元,1,,,VR看装修 | 房本满五年 | 随时看房,https://hui.lianjia.com/ershoufang/105120922643.html
看湖景南北通大4房，高层视野无遮挡，月供3K拎包入住,"碧桂园珑誉花园 , 水口",4室2厅,141.72平米,东南,精装,高楼层(共31层) ,,塔楼,103 万,7268 元,0,,,VR看装修 | 房本满五年 | 随时看房,https://hui.lianjia.com/ershoufang/105121426060.html
房子朝南户型，视野开阔，随时看房。。。,"德丰凯旋城北区 , 大亚湾中心区",2室1厅,42平米,北,毛坯,26层 ,,板塔结合,22.5 万,5358 元,63,,,VR看装修 | 随时看房,https://hui.lianjia.com/ershoufang/105102337461.html
小区自带高尔夫景观 中高层视野好原值高无个税可谈,"恒大棕榈岛 , 白云新城",4室2厅,113.12平米,南,,29层 ,,板塔结合,68 万,6012 元,1,,,VR房源 | 房本满五年 | 随时看房,https://hui.lianjia.com/ershoufang/105113221028.html
业主诚心出售，红本在手，看房方便，有钥匙,"DADA的草地 , 大亚湾中心区",3室1厅,100.74平米,南,精装,32层 ,,板塔结合,29 万,2879 元,1,,,VR看装修 | 房本满五年 | 随时看房,https://hui.lianjia.com/ershoufang/105122105568.html
金盛丽景标准大三房 中间楼层 全新装修直接拎包入住,"华兴金盛丽景 , 水口",3室2厅,110.91平米,南,精装,高楼层(共17层) ,,板楼,82 万,7394 元,3,,,VR看装修 | 随时看房,https://hui.lianjia.com/ershoufang/105120075347.html
百万大盘，生活配套齐全，地段好，小区环境优美宜居,"华冠花园 , 大亚湾中心区",4室1厅,103.66平米,南,毛坯,33层 ,,板塔结合,43 万,4149 元,4,,,VR看装修 | 房本满五年 | 随时看房,https://hui.lianjia.com/ershoufang/105118920108.html
临深大型社区 中高楼层 业主诚心出售,"德丰·五月花花园 , 西区新寮",3室2厅,88平米,北,简装,17层 ,,板塔结合,55 万,6250 元,1,,,VR房源 | 随时看房,https://hui.lianjia.com/ershoufang/105119930365.html
蓝光雍和园精装三房坐拥红花湖桃花源双景区,"蓝光雍和园 , 龙丰",3室1厅,107平米,东南,简装,中楼层(共33层) ,,板楼,98 万,9159 元,0,,,VR房源 | 房本满两年,https://hui.lianjia.com/ershoufang/105121753399.html
江滨华府全新装修看湖看江三房满五年随时看房,"江滨华府(二手) , 小金口",3室2厅,89.53平米,南,精装,高楼层(共30层) ,,板塔结合,49.8 万,5563 元,0,,,VR房源 | 房本满五年 | 随时看房,https://hui.lianjia.com/ershoufang/105121976575.html
高楼层 户型通透，空气流通，视野广阔，满五,"双城国际南区 , 江北",3室1厅,113.22平米,南,毛坯,中楼层(共26层) ,,板塔结合,106 万,9363 元,0,,,VR房源 | 房本满五年 | 随时看房,https://hui.lianjia.com/ershoufang/105122097906.html
深业喜悦城 楼尊单元 四房两厅两卫楼间距视野好,"深业喜悦城 , 惠环",4室2厅,128.48平米,南,毛坯,低楼层(共33层) ,,板塔结合,75.8 万,5900 元,2,,,VR看装修 | 房本满五年 | 随时看房,https://hui.lianjia.com/ershoufang/105113461831.html
南北通户型，成交快，欢迎大家来带看,"深业喜悦城 , 惠环",4室2厅,128.47平米,东南,,33层 ,,板塔结合,60 万,4671 元,1,,,VR看装修 | 房本满两年 | 随时看房,https://hui.lianjia.com/ershoufang/105114187407.html
沃尔玛门口菁华园小区两房 中高层 户型方正 生活便利,"菁华园 , 澳头",2室2厅,75平米,南 北,简装,高楼层(共20层) ,,板塔结合,34 万,4534 元,0,,,VR看装修 | 随时看房,https://hui.lianjia.com/ershoufang/105122199130.html
深圳业主 急售 中洲天御三期4房 看鸟巢  有钥匙,"中洲天御3期 , 河南岸",4室2厅,127.64平米,南 北,毛坯,中楼层(共32层) ,,板塔结合,135 万,10577 元,0,,,VR看装修 | 随时看房,https://hui.lianjia.com/ershoufang/105120617056.html
富川瑞园二期3+1 好楼层，好价格 配套成熟,"富川瑞园 , 惠环",4室2厅,94.12平米,东南,毛坯,高楼层(共18层) ,,板塔结合,43 万,4569 元,0,,,VR房源 | 房本满两年 | 随时看房,https://hui.lianjia.com/ershoufang/105120776676.html
精装修 安静 看花园  户型方正,"海伦堡海伦香洲 , 陈江",3室1厅,83.43平米,南,,低楼层(共32层) ,,板楼,49 万,5874 元,0,,25天以前发布,VR房源 | 房本满五年 | 随时看房,https://hui.lianjia.com/ershoufang/105122313933.html
此房业主很少住中高楼层 新中式精装修保养好拎包入住,"合生·上观国际 , 水口",4室2厅,140.59平米,南 北,精装,中楼层(共18层) ,,塔楼,128 万,9105 元,0,,16天以前发布,VR房源,https://hui.lianjia.com/ershoufang/105122392020.html
临深大盘，配套完善南北通户型，诚意出售。,"龙光城龙公馆 , 龙光城",4室2厅,143.29平米,南,精装,4层 ,,板楼,199 万,13888 元,2,,,VR房源 | 随时看房,https://hui.lianjia.com/ershoufang/105120677736.html
楼栋好，不临街，高楼层，南北通户型,"君跃荃新时代 , 大亚湾中心区",3室2厅,96.92平米,南,毛坯,33层 ,,板塔结合,47.9 万,4943 元,0,,,VR看装修 | 随时看房,https://hui.lianjia.com/ershoufang/105120433658.html
房子次新小区，环境好，户型方正实用,"新力东园 , 大亚湾中心区",3室2厅,91.22平米,南,毛坯,32层 ,,板楼,38.5 万,4221 元,2,,,VR看装修 | 房本满两年 | 随时看房,https://hui.lianjia.com/ershoufang/105121008530.html
全新精装修三房，带家私电器出售，高层采光通风无暗房,"新力城二期 , 水口",3室2厅,89.88平米,南,精装,高楼层(共31层) ,,板楼,66.6 万,7410 元,0,,,VR看装修 | 房本满五年 | 随时看房,https://hui.lianjia.com/ershoufang/105119905264.html
碧桂园山河城 3室2厅 北,"碧桂园山河城 , 三和经济开发区",3室2厅,92.32平米,北,精装,18层 ,,板塔结合,32.8 万,3553 元,0,,18天以前发布,VR看装修 | 随时看房,https://hui.lianjia.com/ershoufang/105122368563.html
恒大紫荆学府棕榈岛 3室2厅 南,"恒大紫荆学府棕榈岛 , 白云新城",3室2厅,103平米,南,精装,中楼层(共32层) ,,板塔结合,75 万,7282 元,0,,,VR看装修 | 随时看房,https://hui.lianjia.com/ershoufang/105115250138.html
临深央企保利阳光城93平精装四房,"保利阳光城二期 , 白云新城",4室2厅,92.57平米,北,精装,32层 ,,板塔结合,66.8 万,7217 元,0,,,VR看装修 | 房本满五年 | 随时看房,https://hui.lianjia.com/ershoufang/105121747632.html
户型方正毛坯业主诚心出售，位置好,"和府御堡 , 西区新寮",2室2厅,67.37平米,南,,26层 ,,塔楼,35 万,5196 元,1,,8天以前发布,VR房源 | 房本满五年 | 随时看房,https://hui.lianjia.com/ershoufang/105122479925.html
鑫月御景湾精装三房 户型方正 中间楼层 采光视野好,"鑫月御景湾 , 陈江",3室2厅,86平米,东南 南,,32层 ,,塔楼,53 万,6163 元,1,,,VR看装修 | 随时看房,https://hui.lianjia.com/ershoufang/105118352484.html
合生大社区三房，视野开阔，采光好,"合生·上观国际 , 水口",3室2厅,92.04平米,西南,精装,低楼层(共32层) ,,板楼,83 万,9018 元,1,,,VR看装修 | 房本满两年 | 随时看房,https://hui.lianjia.com/ershoufang/105121951824.html
臻誉府旁、自住精装修，朝南的！采光良好,"鑫月御景湾 , 陈江",3室2厅,86.08平米,东南,精装,32层 ,,塔楼,50 万,5809 元,0,,,VR看装修 | 房本满五年,https://hui.lianjia.com/ershoufang/105121564214.html
临14号地铁沙田站 ，次新房户型方正， 业主诚心出售,"壹方天第 , 白云新城",3室2厅,112.48平米,西南,精装,34层 ,,板塔结合,73 万,6491 元,2,,,VR看装修 | 随时看房,https://hui.lianjia.com/ershoufang/105113461928.html
三远大爱城精装，宽敞明亮，户型方正，适合居家,"三远大爱城 , 吾悦广场",3室2厅,88.67平米,南,精装,32层 ,,板塔结合,57 万,6429 元,9,,,VR房源 | 房本满五年 | 随时看房,https://hui.lianjia.com/ershoufang/105112846937.html
新天虹 大润发 精装修两房 拎包入住 满五唯一,"旺东国际广场 , 开城大润发",2室2厅,74.65平米,东南,精装,30层 ,,塔楼,53 万,7100 元,0,,,VR看装修 | 房本满五年 | 随时看房,https://hui.lianjia.com/ershoufang/105119988090.html
户型方正，采光好，视野好，无遮挡,"新华联广场 , 大亚湾中心区",3室2厅,88.61平米,北,简装,32层 ,,板塔结合,50 万,5643 元,5,,,VR看装修 | 房本满五年 | 随时看房,https://hui.lianjia.com/ershoufang/105116105001.html
荷兰小城，环境优美，小区空间大，小孩读书方便,"光耀荷兰小城 , 陈江",4室2厅,112平米,南,毛坯,31层 ,,板楼,57 万,5090 元,0,,,VR看装修 | 随时看房,https://hui.lianjia.com/ershoufang/105121033126.html
鑫月城三房大社区自带游泳池轻轨物业,"鑫月御景湾 , 陈江",3室2厅,86.72平米,南,精装,32层 ,,塔楼,49 万,5651 元,0,,,VR看装修 | 房本满五年 | 随时看房,https://hui.lianjia.com/ershoufang/105118809325.html
全新未住，业主诚意出售，南北向看花园，中间楼层,"龙湖天宸原著花园 , 河南岸",4室2厅,138.01平米,南,精装,中楼层(共33层) ,,塔楼,209 万,15144 元,1,,,VR看装修 | 随时看房,https://hui.lianjia.com/ershoufang/105118908790.html
全新末住过，无抵押，业主诚心出售，价格可谈。,"群峰花园 , 南站新城",3室2厅,94.63平米,东南,,中楼层(共33层) ,,塔楼,55 万,5813 元,0,,,VR看装修 | 房本满两年 | 随时看房,https://hui.lianjia.com/ershoufang/105120939638.html
小4房，视野好，无增值税和个税,"星河丹堤S2区 , 南站新城",4室2厅,95.26平米,南,,34层 ,,板塔结合,108 万,11338 元,0,,,VR看装修 | 房本满两年 | 随时看房,https://hui.lianjia.com/ershoufang/105112696350.html
高铁站旁 天虹大润发商圈 中高层南向3加1房！,"旺东国际广场 , 开城大润发",3室2厅,111.28平米,南,毛坯,30层 ,,塔楼,70 万,6291 元,1,,,VR看装修 | 房本满五年 | 随时看房,https://hui.lianjia.com/ershoufang/105118944501.html
原值高 采光好 户型方正 精装修两房,"三远大爱城 , 吾悦广场",2室2厅,76.49平米,南,,32层 ,,板塔结合,45 万,5884 元,2,,,VR看装修 | 房本满五年,https://hui.lianjia.com/ershoufang/105119332980.html
临深入住率高，税费低，精装修，配套齐全,"尚城世家二期 , 区政府",3室1厅,113.58平米,东南,精装,26层 ,,板塔结合,118 万,10390 元,0,,,VR房源 | 房本满五年 | 随时看房,https://hui.lianjia.com/ershoufang/105121458711.html
区政府 配套齐全 业主急售...,"中港华庭 , 区政府",1室1厅,50平米,东,,26层 ,,塔楼,19.8 万,3960 元,0,,,VR看装修 | 随时看房,https://hui.lianjia.com/ershoufang/105112984971.html
精装修南北通透大4房2卫看一线江景无遮挡海伦湾,"海伦堡海伦湾 , 东平",4室2厅,131.92平米,南 北,精装,中楼层(共32层) ,,板塔结合,138 万,10461 元,0,,,VR看装修 | 房本满五年 | 随时看房,https://hui.lianjia.com/ershoufang/105120053667.html
金山湖奥园领寓 精装公寓 1房1厅 拎包入住,"奥园领寓 , 河南岸",1室1厅,29.17平米,西北,精装,32层 ,,板塔结合,17.5 万,6000 元,1,,,VR房源 | 房本满五年,https://hui.lianjia.com/ershoufang/105121645814.html
区政府天虹旁鼎盛广场精装修1房业主诚心出售,"鼎盛广场 , 区政府",1室1厅,46.25平米,南,精装,33层 ,,板塔结合,19 万,4109 元,0,,,VR看装修 | 房本满五年 | 随时看房,https://hui.lianjia.com/ershoufang/105114526967.html
业主着急卖，南北通四房，看园林，少有户型卖,"德洲中心城 , 大亚湾中心区",4室2厅,123.1平米,南,简装,28层 ,,板塔结合,66 万,5362 元,0,,,VR看装修 | 房本满五年 | 随时看房,https://hui.lianjia.com/ershoufang/105119385527.html
急卖，星河品牌，三房，好楼层，你意向不到的价格,"惠州星河盛世 , 白云新城",3室2厅,74.02平米,东南,毛坯,高楼层(共33层) ,,板塔结合,45 万,6080 元,0,,,VR看装修 | 房本满两年 | 随时看房,https://hui.lianjia.com/ershoufang/105116452393.html
装修大2房。随时看房，地铁口物业,"德洲城三、四期 , 西区新寮",2室2厅,81.13平米,南,毛坯,18层 ,,板塔结合,42.8 万,5276 元,4,,,VR看装修 | 房本满五年,https://hui.lianjia.com/ershoufang/105116368380.html
格局好 视野宽阔 采光充足 配套设施齐 业主急售,"中信新城C区 , 南站新城",4室2厅,127.9平米,东南 南,精装,34层 ,,板塔结合,86 万,6725 元,0,,,VR看装修 | 房本满五年,https://hui.lianjia.com/ershoufang/105120582652.html
临深一路之隔，一刻钟到沙田站，公交车直达到聚龙山,"富康锦绣壹号 , 西区新寮",4室1厅,112平米,南,精装,33层 ,,塔楼,112 万,10000 元,3,,,VR房源 | 房本满五年 | 随时看房,https://hui.lianjia.com/ershoufang/105120226933.html
轻轨口碧桂园盛汇广场精装公寓1房精致漂亮,"碧桂园盛汇 , 龙丰",1室0厅,38.74平米,南,精装,高楼层(共32层) ,,塔楼,18.8 万,4853 元,2,,,VR看装修 | 房本满两年 | 随时看房,https://hui.lianjia.com/ershoufang/105121427426.html
万达商圈、龙光物业、潮南看花园、	户型方正,"龙光玖龙花园 , 万达",4室2厅,109.75平米,南 北,精装,32层 ,,板塔结合,70 万,6379 元,1,,,VR看装修 | 随时看房,https://hui.lianjia.com/ershoufang/105120848964.html
此房业主诚意出售，，此房采光充足，户型方正。,"小径海岸城花园 , 霞涌",3室2厅,104.4平米,南,精装,33层 ,,板塔结合,53 万,5077 元,5,,,VR看装修 | 房本满五年 | 随时看房,https://hui.lianjia.com/ershoufang/105111134858.html
方直星耀国际一线湖景五房双套间大平层,"方直星耀国际 , 河南岸",5室2厅,177平米,南 北,毛坯,低楼层(共45层) ,,板塔结合,400 万,22599 元,0,,,VR看装修 | 房本满五年 | 随时看房,https://hui.lianjia.com/ershoufang/105121503741.html
金山湖湖心岛内！精装修大三房 朝南看花园！安静舒适,"方直东岸 , 河南岸",3室2厅,131.35平米,南,,32层 ,,板塔结合,136 万,10355 元,1,,,VR看装修 | 房本满五年 | 随时看房,https://hui.lianjia.com/ershoufang/105118463538.html
：金山湖湖芯岛方正三房，南向看花园，景观开阔,"湖心岛1号花园 , 河南岸",3室1厅,104.31平米,南,毛坯,低楼层(共32层) ,,板塔结合,100 万,9587 元,0,,7天以前发布,VR房源 | 房本满两年 | 随时看房,https://hui.lianjia.com/ershoufang/105122491902.html
业主精致自装  一线湖景楼下即是金山湖公园 视野开阔,"泰丰·千花岛 , 河南岸",3室2厅,106.89平米,南,,33层 ,,板塔结合,159 万,14876 元,0,,,VR看装修 | 房本满五年 | 随时看房,https://hui.lianjia.com/ershoufang/105121108487.html
临深品质三房，诚心出售！！！！,"卓越蔚蓝海岸七期 , 西区新寮",3室2厅,96平米,东南,精装,34层 ,,塔楼,78 万,8125 元,2,,,VR看装修,https://hui.lianjia.com/ershoufang/105121096588.html
海悦湾漂亮两房，保养好家私拎包入住,"碧桂园十里银滩海悦湾 , 十里银滩",2室1厅,67.48平米,西,精装,30层 ,,板塔结合,25.2 万,3735 元,1,,,VR看装修 | 房本满五年 | 随时看房,https://hui.lianjia.com/ershoufang/105121983502.html
碧桂园珑誉 四房南北通  一线湖景没遮挡,"碧桂园珑誉花园 , 水口",4室2厅,141.67平米,南 北,毛坯,中楼层(共33层) ,,塔楼,91 万,6424 元,0,,,VR看装修 | 房本满五年 | 随时看房,https://hui.lianjia.com/ershoufang/105121722974.html
澳头，精装修，2房2厅，业主诚心卖,"渝景湾花园四期 , 澳头",2室2厅,66平米,南,简装,低楼层(共26层) ,,板塔结合,21 万,3182 元,1,,,VR看装修 | 随时看房,https://hui.lianjia.com/ershoufang/105121945585.html
海棠花郡精装3房2厅 位置好 首付低,"海棠花郡 , 水口",3室2厅,96.19平米,南,精装,17层 ,,板塔结合,76 万,7902 元,0,,,VR看装修 | 房本满五年,https://hui.lianjia.com/ershoufang/105119369148.html
惠南 中锴华章 166.88平四房 花园中间 两梯三户双套间,"中锴·华章 , 河南岸",4室2厅,166.88平米,南,毛坯,中楼层(共31层) ,,塔楼,139 万,8330 元,8,,,VR看装修 | 房本满五年 | 随时看房,https://hui.lianjia.com/ershoufang/105108776700.html
次新房小区，好楼层朝南看花园，视野开阔，无欠款,"荣佳国韵一期 , 龙光城",3室1厅,92.28平米,南,毛坯,33层 ,,板塔结合,61 万,6611 元,1,,,VR房源 | 房本满两年 | 随时看房,https://hui.lianjia.com/ershoufang/105119781751.html
临深百万大盘，牧云溪谷，环境优美楼层好,"牧云溪谷六期云禧 , 新圩",2室2厅,72平米,西南 西,毛坯,32层 ,,板塔结合,69 万,9584 元,0,,,VR看装修 | 随时看房,https://hui.lianjia.com/ershoufang/105121827307.html
海伦堡十里东江 3室2厅 东南,"海伦堡十里东江 , 下角",3室2厅,93.17平米,东南,毛坯,20层 ,,板塔结合,45 万,4830 元,0,,,VR看装修 | 房本满五年 | 随时看房,https://hui.lianjia.com/ershoufang/105121846605.html
临深一线，视野宽阔，交通方便，业主急卖,"锦地繁花 , 西区新寮",3室2厅,92.19平米,南,简装,25层 ,,板塔结合,58 万,6292 元,0,,,VR看装修 | 房本满五年 | 随时看房,https://hui.lianjia.com/ershoufang/105120146599.html
品质小高层大平层南北通透安静看园林,"星河丹堤G4区 , 南站新城",5室2厅,172.32平米,南 北,精装,10层 ,,板塔结合,280 万,16249 元,1,,,VR看装修 | 房本满两年,https://hui.lianjia.com/ershoufang/105122209441.html
红本在手，采光通风好，视野开阔，配套齐全,"银海花园 , 澳头",3室2厅,69平米,东南 南,简装,8层 ,,板塔结合,20 万,2899 元,4,,,VR看装修 | 房本满五年 | 随时看房,https://hui.lianjia.com/ershoufang/105112049064.html
精装修。标准三房。拎包入住，全新。,"惠阳雅居乐花园四期 , 南站新城",3室2厅,86平米,南 北,精装,32层 ,,板塔结合,47.5 万,5524 元,0,,,VR看装修 | 随时看房,https://hui.lianjia.com/ershoufang/105120183024.html
壹城6期次新小区，142平五房南北通双阳台，中间好楼层,"壹城中心6区 , 陈江",5室2厅,142.41平米,南 北,毛坯,中楼层(共32层) ,,塔楼,116 万,8146 元,1,,,VR看装修 | 房本满两年 | 随时看房,https://hui.lianjia.com/ershoufang/105116778934.html
过渡 入手 经济实惠 光线良好,"湖溪新苑 , 水口",3室2厅,90.94平米,东北,简装,高楼层(共8层) ,,板塔结合,27 万,2969 元,0,,,VR看装修 | 房本满五年,https://hui.lianjia.com/ershoufang/105119578520.html
小4房，视野好，无增值税和个税,"星河丹堤S2区 , 南站新城",4室2厅,95.26平米,南,,34层 ,,板塔结合,108 万,11338 元,0,,,VR看装修 | 房本满两年 | 随时看房,https://hui.lianjia.com/ershoufang/105112696350.html
高铁站旁 天虹大润发商圈 中高层南向3加1房！,"旺东国际广场 , 开城大润发",3室2厅,111.28平米,南,毛坯,30层 ,,塔楼,70 万,6291 元,1,,,VR看装修 | 房本满五年 | 随时看房,https://hui.lianjia.com/ershoufang/105118944501.html
荷兰小城，环境优美，小区空间大，小孩读书方便,"光耀荷兰小城 , 陈江",4室2厅,112平米,南,毛坯,31层 ,,板楼,57 万,5090 元,0,,,VR看装修 | 随时看房,https://hui.lianjia.com/ershoufang/105121033126.html
户型方正，实用，采光好，税费低，适合居住。,"都市广场 , 区政府",1室0厅,40平米,西,简装,19层 ,,塔楼,13 万,3250 元,0,,,VR看装修 | 随时看房,https://hui.lianjia.com/ershoufang/105122189725.html
这套是离高铁比较远的那栋好楼层 南北通,"长通熙园 , 开城大润发",2室1厅,70.16平米,南 北,简装,32层 ,,塔楼,48 万,6842 元,0,,,VR房源 | 房本满五年 | 随时看房,https://hui.lianjia.com/ershoufang/105121239555.html
东南向，远看山景，近看小区园林水景，,"金地天润自在城一期 , 西区新寮",3室2厅,83.54平米,东南,简装,33层 ,,板塔结合,68 万,8140 元,3,,,VR看装修 | 房本满两年 | 随时看房,https://hui.lianjia.com/ershoufang/105118323293.html
精心装修，拎包入住，电梯中间楼层，采光视野好,"华润置地万象天汇 , 河南岸",3室2厅,96平米,南,精装,低楼层(共33层) ,,塔楼,129 万,13438 元,1,,,VR看装修 | 房本满两年 | 随时看房,https://hui.lianjia.com/ershoufang/105120340113.html
房子位于水口繁华区一线看江家门口鹿江沥公园 环境好,"新城鹿江风华 , 水口",4室2厅,123平米,南 北,,中楼层(共18层) ,,板塔结合,132 万,10732 元,0,,,VR看装修 | 随时看房,https://hui.lianjia.com/ershoufang/105119999941.html
金山湖金岸花苑 电梯四房 业主重新装修,"金岸花苑 , 河南岸",4室2厅,107.17平米,东,精装,9层 ,,板楼,69.9 万,6523 元,0,,15天以前发布,VR房源 | 房本满五年,https://hui.lianjia.com/ershoufang/105122404353.html
好楼层采光好边位没遮挡，门正不歪,"中骏雍景湾北区 , 河南岸",4室1厅,116平米,南,,低楼层(共33层) ,,塔楼,115 万,9914 元,0,,,VR房源 | 房本满五年 | 随时看房,https://hui.lianjia.com/ershoufang/105120590005.html
三房朝南，中间楼层  有钥匙随时可以看房,"光耀荷兰小城 , 陈江",3室1厅,82.76平米,北,毛坯,中楼层(共33层) ,,板塔结合,43 万,5196 元,0,,,VR看装修 | 随时看房,https://hui.lianjia.com/ershoufang/105120681276.html
半山华庭电梯大两房  滨海公园旁 业主诚心出售,"半山华庭 , 澳头",2室2厅,73.38平米,南,毛坯,27层 ,,板塔结合,24 万,3271 元,5,,,VR看装修 | 房本满五年 | 随时看房,https://hui.lianjia.com/ershoufang/105120966653.html
中海阅江府二期电梯毛坯三房两卫 价格实惠随时看房,"中海阅江府2期 , 东江新城",3室2厅,98.77平米,南,毛坯,低楼层(共27层) ,,板楼,72 万,7290 元,1,,,VR看装修 | 房本满两年 | 随时看房,https://hui.lianjia.com/ershoufang/105121575400.html
好楼层，全新毛坯，采光视野好，50米妇幼保健院,"德明华府 , 河南岸",3室2厅,113.21平米,南,毛坯,32层 ,,板塔结合,78 万,6890 元,1,,16天以前发布,VR房源 | 房本满五年 | 随时看房,https://hui.lianjia.com/ershoufang/105122390068.html
房子装修新诚心出售，采光通风好，4房2卫,"花样年别样城五期 , 新行政区",4室2厅,94.86平米,东南,精装,32层 ,,板塔结合,73 万,7696 元,71,,,VR看装修 | 房本满五年 | 随时看房,https://hui.lianjia.com/ershoufang/105113905110.html
产权清晰，诚心出售，临深，户型方正,"壹方水榭 , 白云新城",4室2厅,110平米,南 北,毛坯,中楼层(共30层) ,,板塔结合,66 万,6000 元,1,,,VR看装修 | 房本满两年 | 随时看房,https://hui.lianjia.com/ershoufang/105118361480.html
新城四房两卫，业主急售，看中可谈,"新城·金樾江南 , 博罗中心区",4室2厅,123.63平米,南 北,毛坯,低楼层(共30层) ,,塔楼,40 万,3236 元,0,,10天以前发布,VR房源 | 房本满两年 | 随时看房,https://hui.lianjia.com/ershoufang/105122457423.html
星河盛世实用四房无欠款美女业主房子诚心出售,"惠州星河盛世 , 白云新城",4室2厅,89.92平米,南,毛坯,30层 ,,塔楼,59 万,6562 元,1,,,VR房源 | 房本满两年 | 随时看房,https://hui.lianjia.com/ershoufang/105119686564.html
阳光新苑 3室2厅 东南,"阳光新苑 , 水口",3室2厅,89.67平米,东南,精装,高楼层(共17层) ,,板塔结合,75 万,8365 元,0,,18天以前发布,VR看装修 | 房本满五年,https://hui.lianjia.com/ershoufang/105122367297.html
壹城5期大花园4房南北通，中间楼层，业主诚心卖,"壹城中心1区 , 陈江",4室2厅,113.95平米,南 北,毛坯,中楼层(共32层) ,,塔楼,87 万,7635 元,0,,,VR看装修 | 房本满两年 | 随时看房,https://hui.lianjia.com/ershoufang/105121130499.html
一期好位置 中间好楼层 户型方正实用 随时看房,"中洲河谷花园 , 新行政区",4室2厅,107.24平米,东南,毛坯,高楼层(共32层) ,,板塔结合,53.8 万,5017 元,1,,,VR看装修 | 随时看房,https://hui.lianjia.com/ershoufang/105116984479.html
60栋大社区  惠阳汽车站旁 交通方便,"花样年别样城五期 , 新行政区",5室2厅,119.74平米,东南 东北,毛坯,32层 ,,板塔结合,69.8 万,5830 元,0,,,VR看装修 | 房本满五年 | 随时看房,https://hui.lianjia.com/ershoufang/105117735950.html
此房精装修 原购价格高 无个税！看小区喷泉,"恒大依山海湾 , 澳头",4室2厅,117.68平米,南 北,精装,中楼层(共32层) ,,板塔结合,73.8 万,6272 元,2,,,VR看装修 | 房本满两年,https://hui.lianjia.com/ershoufang/105116886140.html
中间楼层景观好居住舒适适合小年轻或是长者,"龙光城南一期 , 龙光城",1室1厅,41.36平米,东南,精装,28层 ,,板塔结合,30 万,7254 元,1,,,VR房源 | 房本满五年,https://hui.lianjia.com/ershoufang/105120877523.html
地跌口的位置，格局好，采光好，人流量密集,"锦江海悦中心 , 草洋新区",5室2厅,115.42平米,南 北,毛坯,29层 ,,板塔结合,69 万,5979 元,0,,,VR看装修 | 房本满两年 | 随时看房,https://hui.lianjia.com/ershoufang/105117300728.html
临深2.5公里，深圳通勤方便，大户型适合居家,"珠江四季悦城二期 , 西区新寮",4室2厅,134.72平米,南,精装,33层 ,,塔楼,92 万,6829 元,0,,,VR看装修 | 房本满两年 | 随时看房,https://hui.lianjia.com/ershoufang/105120771555.html
汇港城旁，业主自住装修，保养好，3房2卫，朝南向。,"花伴里花园 , 惠环",3室2厅,95.96平米,南,精装,低楼层(共26层) ,,塔楼,53 万,5524 元,0,,21天以前发布,VR房源 | 房本满五年,https://hui.lianjia.com/ershoufang/105122346163.html
小区环境很好绿化优美 户型方正采光好 精装拎包入住,"海景城 , 澳头",4室2厅,120.47平米,东南,精装,33层 ,,板塔结合,85 万,7056 元,0,,,VR看装修 | 房本满五年 | 随时看房,https://hui.lianjia.com/ershoufang/105120513131.html
业主红本无欠款. 朝南看花园，楼间距宽视野好,"龙光城北八期 , 龙光城",4室2厅,97.53平米,南,精装,17层 ,,板塔结合,89.8 万,9208 元,0,,30天以前发布,VR看装修 | 房本满五年,https://hui.lianjia.com/ershoufang/105122265769.html
小区高档 绿化环境好 精装修 原购价高 少税费,"合生滨海城 , 澳头",4室2厅,161.97平米,南 北,,31层 ,,板塔结合,86 万,5310 元,0,,,VR房源 | 房本满五年 | 随时看房,https://hui.lianjia.com/ershoufang/105121675650.html
精挑细选好房隆生鹿江花园大四房正入户高层视野采光好,"隆生鹿江花园 , 马安",4室2厅,127.36平米,西南,毛坯,高楼层(共32层) ,,塔楼,137 万,10757 元,1,,,VR看装修 | 随时看房,https://hui.lianjia.com/ershoufang/105120674987.html
新城香悦澜山 楼层好视野好 业主诚意出售,"新城香悦澜山 , 博罗中心区",4室2厅,127.98平米,南 北,,中楼层(共33层) ,,板塔结合,51 万,3985 元,0,,,VR看装修 | 随时看房,https://hui.lianjia.com/ershoufang/105116997022.html
欢洋苑 3室2厅 南 北,"欢洋苑 , 开城大润发",3室2厅,79.7平米,南 北,,8层 ,,板塔结合,28 万,3514 元,0,,28天以前发布,VR看装修 | 房本满五年 | 随时看房,https://hui.lianjia.com/ershoufang/105122289859.html
壹城11期24年交楼次新小区南北通四房户型好楼层,"壹城中心11区 , 陈江",4室2厅,113平米,南 北,毛坯,中楼层(共32层) ,,塔楼,88.8 万,7859 元,0,,,VR看装修 | 随时看房,https://hui.lianjia.com/ershoufang/105121579642.html
方直东岸全湖景南北通户型 长阳台，楼层靓,"方直东岸 , 河南岸",4室2厅,125平米,南,毛坯,32层 ,,板塔结合,178 万,14240 元,0,,,VR看装修 | 房本满五年 | 随时看房,https://hui.lianjia.com/ershoufang/105121973256.html
楼层好 前看花园泳池后看河 视野开阔,"保利阳光城四期 , 白云新城",3室2厅,102.31平米,南 北,毛坯,31层 ,,板塔结合,62 万,6061 元,0,,,VR看装修 | 房本满两年 | 随时看房,https://hui.lianjia.com/ershoufang/105121948824.html
高duan大社区 税费少 户型方正 朝南 采光通风好,"恒大紫荆学府棕榈岛 , 白云新城",3室2厅,90.89平米,东南,精装,低楼层(共25层) ,,板塔结合,55 万,6052 元,3,,,VR看装修 | 房本满五年 | 随时看房,https://hui.lianjia.com/ershoufang/105120132317.html
仲恺成熟商圈龙湖一级物业，南北通双阳台大四房中高层,"华廷悦府 , 陈江",4室2厅,108.5平米,南 北,,中楼层(共31层) ,,板塔结合,85 万,7835 元,0,,,VR房源 | 随时看房,https://hui.lianjia.com/ershoufang/105114201826.html
西区五小旁边仁和美地花园、南北通四房诚心出售价可谈,"仁和美地家园 , 吾悦广场",4室2厅,115.91平米,南,毛坯,32层 ,,板塔结合,67 万,5781 元,3,,,VR看装修 | 随时看房,https://hui.lianjia.com/ershoufang/105120150136.html
天睿南花园中间  4+1房南北通 景观好 无欠款 无个税,"太东星河丹堤天睿花园南区 , 吾悦广场",5室1厅,136.47平米,南 北,毛坯,34层 ,,板塔结合,122 万,8940 元,2,,,VR房源 | 房本满五年 | 随时看房,https://hui.lianjia.com/ershoufang/105116882642.html
德威摩卡小镇 3室2厅 南,"德威摩卡小镇 , 江北",3室2厅,118.24平米,南,精装,中楼层(共24层) ,,塔楼,85 万,7189 元,0,,,VR看装修 | 房本满两年,https://hui.lianjia.com/ershoufang/105122239511.html
房子朝南户型，视野开阔，随时看房。。。,"德丰凯旋城北区 , 大亚湾中心区",2室1厅,42平米,北,毛坯,26层 ,,板塔结合,22.5 万,5358 元,63,,,VR看装修 | 随时看房,https://hui.lianjia.com/ershoufang/105102337461.html
业主红本在手，南北通，品质小区,"君跃荃新时代 , 大亚湾中心区",3室2厅,87.3平米,南,毛坯,29层 ,,塔楼,47 万,5384 元,0,,,VR房源 | 房本满五年 | 随时看房,https://hui.lianjia.com/ershoufang/105119459607.html
业主急售，此房 户型方正 视野开阔 ，采光好,"蓝湾星宸一期 , 大亚湾中心区",2室2厅,77.32平米,东南,毛坯,33层 ,,板塔结合,24.8 万,3208 元,0,,12天以前发布,VR房源 | 房本满五年 | 随时看房,https://hui.lianjia.com/ershoufang/105122432857.html
小区自带高尔夫景观 中高层视野好原值高无个税可谈,"恒大棕榈岛 , 白云新城",4室2厅,113.12平米,南,,29层 ,,板塔结合,68 万,6012 元,1,,,VR房源 | 房本满五年 | 随时看房,https://hui.lianjia.com/ershoufang/105113221028.html
蓝光雍和园精装三房坐拥红花湖桃花源双景区,"蓝光雍和园 , 龙丰",3室1厅,107平米,东南,简装,中楼层(共33层) ,,板楼,98 万,9159 元,0,,,VR房源 | 房本满两年,https://hui.lianjia.com/ershoufang/105121753399.html
城市zhong心，奢居典范——尊享hao宅，开启品质生活,"鑫月·汇峰 , 东平",3室2厅,126.74平米,北,精装,高楼层(共30层) ,,板塔结合,78.8 万,6218 元,1,,,VR看装修 | 随时看房,https://hui.lianjia.com/ershoufang/105119889950.html
金悦华府四房129平，南北通，靠花园里面不吵，高层,"金悦华府 , 东江新城",4室2厅,129.87平米,南,毛坯,高楼层(共40层) ,,板塔结合,125 万,9626 元,99,,,VR看装修 | 房本满两年 | 随时看房,https://hui.lianjia.com/ershoufang/105117493013.html
拎包即住→精装两房 朝南！视野开——阔 装修用料扎实,"万城 , 白云新城",2室2厅,68.12平米,南,精装,17层 ,,板塔结合,41.88 万,6148 元,0,,,VR看装修 | 房本满五年,https://hui.lianjia.com/ershoufang/105121467708.html
楼下鹿江公园露营底，楼层好，户型方正,"富盈公馆三期 , 马安",3室2厅,101.03平米,东南,毛坯,中楼层(共32层) ,,板塔结合,68 万,6731 元,1,,,VR看装修 | 房本满两年 | 随时看房,https://hui.lianjia.com/ershoufang/105121899770.html
三房二厅1卫实用小户房子采光好视野开阔配套成熟,"中海凯旋城五六期 , 河南岸",3室2厅,88平米,南,,32层 ,,板塔结合,86 万,9773 元,0,,,VR房源 | 随时看房,https://hui.lianjia.com/ershoufang/105121026489.html
星河荣域 3室1厅 南,"星河荣域 , 南站新城",3室1厅,98.32平米,南,毛坯,33层 ,,板塔结合,70 万,7120 元,0,,,VR房源 | 房本满两年 | 随时看房,https://hui.lianjia.com/ershoufang/105120643524.html
不欠款，视野好，小区安静舒适，看龙尾山水库,"荣盛御湖观邸 , 比亚迪商圈",4室2厅,115.52平米,东南,精装,32层 ,,板楼,55 万,4762 元,0,,,VR看装修 | 房本满五年 | 随时看房,https://hui.lianjia.com/ershoufang/105121006425.html
曦江润府一期 江景毛坯四房  大阳台 视野开阔,"曦江润府 , 东江新城",4室2厅,135.25平米,西南,毛坯,低楼层(共33层) ,,塔楼,155 万,11461 元,0,,,VR看装修 | 房本满两年 | 随时看房,https://hui.lianjia.com/ershoufang/105120490515.html
精装修，朝向好，标准3房2卫，看房方便。,"玖悦府 , 麦地",3室2厅,105.99平米,东南,精装,低楼层(共26层) ,,板塔结合,99 万,9341 元,0,,,VR看装修 | 随时看房,https://hui.lianjia.com/ershoufang/105121644842.html
金山湖山姆店！奥体中洲天御花园大社区 家门口翠竹42,"中洲天御二期 , 河南岸",3室2厅,92.77平米,南,精装,低楼层(共33层) ,,板塔结合,105 万,11319 元,0,,,VR看装修 | 房本满两年 | 随时看房,https://hui.lianjia.com/ershoufang/105120366807.html
红本在手，即买即住，对着小区花园，安静，无遮挡,"龙光城南四期 , 龙光城",4室2厅,106.18平米,南,毛坯,34层 ,,塔楼,88 万,8288 元,0,,,VR看装修 | 房本满五年 | 随时看房,https://hui.lianjia.com/ershoufang/105119576808.html
满五唯一业主着急出三房品质物业来看,"富康锦绣壹号 , 西区新寮",3室2厅,85.38平米,南,精装,33层 ,,塔楼,83 万,9722 元,0,,,VR房源 | 房本满五年 | 随时看房,https://hui.lianjia.com/ershoufang/105122137612.html
大亚湾澳头2房高楼层带装修带租约红本在手,"大江新都大厦 , 澳头",2室1厅,74.14平米,东北,简装,24层 ,,板塔结合,22.5 万,3035 元,1,,,VR看装修 | 房本满五年,https://hui.lianjia.com/ershoufang/105119178220.html
户型格局方正，全新未住过，楼层采光好,"卓越东部蔚蓝海岸八期 , 西区新寮",3室2厅,98平米,东,精装,中楼层(共33层) ,,板塔结合,88 万,8980 元,0,,,VR看装修 | 随时看房,https://hui.lianjia.com/ershoufang/105120028891.html
急售！急售！急售！三个阳台少有户型汇鑫花园,"汇鑫花园 , 新行政区",3室2厅,123平米,南 北,毛坯,16层 ,,塔楼,45.8 万,3724 元,2,,,VR看装修 | 房本满五年 | 随时看房,https://hui.lianjia.com/ershoufang/105121494915.html
户型方正，业主诚意出售，密码看房，随时可看，,"保利天汇 , 河南岸",3室2厅,87.65平米,东南,,高楼层(共32层) ,,板塔结合,90 万,10269 元,1,,,VR房源 | 房本满两年 | 随时看房,https://hui.lianjia.com/ershoufang/105118571863.html
正规一房一厅，业主诚心出售，看房方便,"海粤名庭 , 大亚湾中心区",1室1厅,57.05平米,南,毛坯,低楼层(共19层) ,,塔楼,18 万,3156 元,3,,,VR看装修 | 房本满五年 | 随时看房,https://hui.lianjia.com/ershoufang/105121939799.html
"大平台,朝南向，一线临深，户型利用率高","美景印象 , 西区新寮",3室2厅,100.58平米,南 北,精装,31层 ,,板塔结合,99.8 万,9923 元,6,,,VR房源 | 房本满五年 | 随时看房,https://hui.lianjia.com/ershoufang/105116945608.html
钱隆樽品 全新装修4房 南北通透 拎包入住业主急卖,"福晟钱隆樽品花园 , 陈江",4室1厅,101.07平米,南 东南 北,精装,33层 ,,塔楼,81 万,8015 元,0,,31天以前发布,VR看装修 | 房本满两年 | 随时看房,https://hui.lianjia.com/ershoufang/105122249279.html
满五唯一 朝南 房子保养新 装修很不错 使用率高,"康怡轩 , 江北",3室1厅,92平米,南,,高楼层(共30层) ,,塔楼,69.6 万,7566 元,0,,29天以前发布,VR房源 | 房本满五年,https://hui.lianjia.com/ershoufang/105122280576.html
临深大四房 双阳台诚心出售 产权清晰,"正兆千树晴山 , 西区新寮",4室2厅,127.9平米,南,毛坯,31层 ,,板楼,75 万,5864 元,0,,6天以前发布,VR房源 | 随时看房,https://hui.lianjia.com/ershoufang/105122502107.html
中骏雍景台 花园高层3房 诚意出售 过户交契税！,"中骏雍景台 , 马安",3室2厅,95.52平米,南,毛坯,高楼层(共33层) ,,板楼,66.5 万,6962 元,0,,,VR看装修 | 随时看房,https://hui.lianjia.com/ershoufang/105121667377.html
星河S2区，朝南三房，中高楼层，全明格局，红本在手,"星河丹堤S2区 , 南站新城",3室2厅,78.73平米,南,毛坯,高楼层(共32层) ,,板塔结合,70 万,8892 元,4,,,VR看装修 | 房本满五年 | 随时看房,https://hui.lianjia.com/ershoufang/105119442302.html
此房原值高，户型方正，采光好，视野开阔,"荣盛御景澜湾 , 澳头",4室2厅,118.68平米,南,精装,33层 ,,板塔结合,53 万,4466 元,3,,,VR看装修 | 房本满两年 | 随时看房,https://hui.lianjia.com/ershoufang/105118703328.html
鑫月广场 中间楼层 业主急出 大四房户型 视野好,"鑫月广场 , 陈江",4室2厅,117平米,南,毛坯,中楼层(共33层) ,,塔楼,64 万,5471 元,0,,,VR看装修 | 房本满五年 | 随时看房,https://hui.lianjia.com/ershoufang/105121456960.html
城央百万大盘，公园环伺，环境优美,"半岛1号十一期 , 白云新城",3室2厅,88.63平米,南,毛坯,21层 ,,塔楼,63.5 万,7165 元,0,,,VR房源 | 房本满五年 | 随时看房,https://hui.lianjia.com/ershoufang/105118215625.html
精装3房，朝南户型，中间楼层，安静位置，满五年,"金碧蓝湾一期 , 开城大润发",3室2厅,82.5平米,南,简装,29层 ,,板楼,55 万,6667 元,0,,,VR看装修 | 房本满五年 | 随时看房,https://hui.lianjia.com/ershoufang/105120921802.html
碧桂园珑誉 四房横厅户型 看湖景花园视野好,"碧桂园珑誉花园 , 水口",4室1厅,116.06平米,南,精装,高楼层(共33层) ,,塔楼,84 万,7238 元,0,,,VR看装修 | 房本满两年 | 随时看房,https://hui.lianjia.com/ershoufang/105121628371.html
全新装修保养很好，拎包入住，户型好,"鸿润花园 , 麦地",3室2厅,127平米,南,精装,中楼层(共30层) ,,塔楼,128 万,10079 元,0,,16天以前发布,VR房源,https://hui.lianjia.com/ershoufang/105122399556.html
市政广场天虹商场旁东御大厦三房朝南业主诚心出售,"东御大厦 , 区政府",3室2厅,95.86平米,东南,精装,26层 ,,板塔结合,59 万,6155 元,0,,,VR看装修 | 房本满五年,https://hui.lianjia.com/ershoufang/105120932606.html
区政府广场 ， 1房1厅 方正户型 即买即住，成熟小区,"隆基天地广场 , 区政府",1室1厅,41.33平米,东南 北,简装,25层 ,,板塔结合,18.8 万,4549 元,3,,,VR看装修 | 房本满五年 | 随时看房,https://hui.lianjia.com/ershoufang/105119726772.html
万达旁花城湾正规大3房，东南向安静，红本在手,"中萃花城湾 , 万达",4室2厅,121.26平米,南 北,毛坯,29层 ,,塔楼,65 万,5361 元,0,,,VR看装修 | 房本满五年 | 随时看房,https://hui.lianjia.com/ershoufang/105122236534.html
四星旅游区温馨3房2厅2卫朝南,"五矿哈施塔特 , 博罗中心区",3室2厅,93.4平米,南,毛坯,33层 ,,塔楼,36 万,3855 元,1,,,VR看装修 | 房本满两年 | 随时看房,https://hui.lianjia.com/ershoufang/105116418309.html
水岸城七期毛坯四房、单价低、通透中高楼层。,"中信水岸城7期 , 东江新城",4室2厅,128.46平米,南,毛坯,32层 ,,板楼,143 万,11132 元,1,,,VR看装修 | 随时看房,https://hui.lianjia.com/ershoufang/105120840403.html
朝南，电梯房，可以直接领包入住，看房有钥匙,"九三五隊地貭大院 , 下角",3室2厅,95.28平米,南,精装,中楼层(共8层) ,,,53.8 万,5647 元,1,,,VR看装修 | 房本满五年 | 随时看房,https://hui.lianjia.com/ershoufang/105121768310.html
双城国际南区 朝南 实用2房 装修很新 封窗 安静不吵,"双城国际南区 , 江北",2室1厅,54.35平米,南,精装,中楼层(共18层) ,,板塔结合,60 万,11040 元,0,,,VR看装修 | 房本满两年 | 随时看房,https://hui.lianjia.com/ershoufang/105121862016.html
雅博世纪广场，天虹大润发就在楼下，交通出行方便,"雅博世纪广场 , 开城大润发",2室2厅,82.37平米,南,毛坯,29层 ,,板塔结合,46 万,5585 元,0,,,VR房源 | 房本满五年 | 随时看房,https://hui.lianjia.com/ershoufang/105121967278.html
临深百万大盘，金地小区，近地铁次新小区，业主诚心出,"金地天润自在城二期 , 西区新寮",3室2厅,85.94平米,南,精装,33层 ,,板塔结合,73 万,8495 元,0,,,VR看装修 | 房本满两年 | 随时看房,https://hui.lianjia.com/ershoufang/105119849835.html
惠州仲恺高新区，高铁站旁边物业！,"奥园尚雅花园二期 , 潼侨沥林",4室2厅,104.03平米,南 北,毛坯,中楼层(共32层) ,,板塔结合,43 万,4134 元,0,,,VR房源 | 房本满两年 | 随时看房,https://hui.lianjia.com/ershoufang/105121248672.html
视野好，采光充足，楼层好，户型格局靓,"沣盛凤凰城 , 惠东县城",3室2厅,101.43平米,东南 南,毛坯,17层 ,,板塔结合,40.5 万,3993 元,0,,,VR看装修 | 房本满五年 | 随时看房,https://hui.lianjia.com/ershoufang/105119878490.html
精装修拎包可入住，朝南户型好，首付低，有钥匙看房,"御景花园南区 , 下角",2室1厅,54.66平米,南,精装,16层 ,,板塔结合,45 万,8233 元,0,,,VR看装修 | 房本满五年 | 随时看房,https://hui.lianjia.com/ershoufang/105121351737.html
户型好，采光好，全新未入住过，红本在手...........,"群峰花园 , 南站新城",3室2厅,94.59平米,南,,中楼层(共33层) ,,塔楼,42 万,4441 元,5,,,VR看装修 | 房本满两年 | 随时看房,https://hui.lianjia.com/ershoufang/105119021222.html
金迪星苑中装2房出售 低楼层安静不吵 可拎包入住,"金迪星苑 , 龙丰",2室1厅,52.8平米,东南,精装,8层 ,,板楼,27.8 万,5266 元,0,,,VR看装修 | 随时看房,https://hui.lianjia.com/ershoufang/105121732376.html
牧马湖一线湖景大四房，业主诚心出售,"泰丰牧马湖 , 万达",4室2厅,149.05平米,南,毛坯,33层 ,,板塔结合,145 万,9729 元,3,,27天以前发布,VR房源 | 随时看房,https://hui.lianjia.com/ershoufang/105122291890.html
牧马湖一楼朝南带花园小高层住宅，居住舒适,"泰丰牧马湖 , 万达",3室2厅,80.59平米,南,精装,11层 ,,板塔结合,100 万,12409 元,21,,,VR房源 | 房本满两年 | 随时看房,https://hui.lianjia.com/ershoufang/105112679756.html
花园社区，格局方正，带约200平方露台，自用,"海伦堡院子 , 水口",2室2厅,72平米,东北,简装,低楼层(共31层) ,,板塔结合,57 万,7917 元,0,,,VR看装修 | 随时看房,https://hui.lianjia.com/ershoufang/105120596456.html
精装修，2房，东南朝向，中间楼层，直接拎包入住,"海伦堡院子 , 水口",2室2厅,61.27平米,东南,,高楼层(共15层) ,,板塔结合,42.5 万,6937 元,0,,,VR看装修 | 房本满两年 | 随时看房,https://hui.lianjia.com/ershoufang/105122206546.html
保利天汇，近印象城，小三房，看上可面谈。,"保利天汇 , 河南岸",3室2厅,88平米,南,毛坯,中楼层(共32层) ,,板塔结合,92 万,10455 元,0,,,VR看装修 | 随时看房,https://hui.lianjia.com/ershoufang/105115446422.html
金山湖岛内大社区中高楼层，视野开阔，俯瞰金山湖,"湖心岛1号花园 , 河南岸",3室1厅,103.06平米,南,毛坯,中楼层(共26层) ,,板塔结合,123 万,11935 元,0,,,VR看装修 | 随时看房,https://hui.lianjia.com/ershoufang/105122031270.html
信利康精装修 全新未入住 红本在手，价格优惠。,"信利康乐创汇 , 河南岸",4室2厅,121.82平米,南 北,精装,高楼层(共31层) ,,,114 万,9359 元,0,,7天以前发布,VR房源 | 随时看房,https://hui.lianjia.com/ershoufang/105122491741.html
南北通双阳台三房 费用少 高楼层,"德洲城五期 , 西区新寮",3室2厅,98平米,南 北,毛坯,26层 ,,塔楼,69 万,7041 元,2,,,VR看装修 | 房本满五年 | 随时看房,https://hui.lianjia.com/ershoufang/105113576282.html
采光佳 视野好 户型方正 配套齐 交通便利,"正闳润金名苑 , 西区新寮",2室2厅,68.02平米,南,,27层 ,,塔楼,46 万,6763 元,0,,,VR看装修,https://hui.lianjia.com/ershoufang/105116859200.html
河南岸公园旁 精装修大三房 诚心出售 看房方便,"尚品世家 , 河南岸",3室2厅,117平米,东南 南,精装,中楼层(共8层) ,,板楼,90 万,7693 元,2,,,VR看装修 | 随时看房,https://hui.lianjia.com/ershoufang/105116679938.html
临深位置 小区规模大 花园绿化做得好 居住适宜 户型好,"冠华城桂香园 , 西区新寮",4室2厅,100.71平米,南 北,毛坯,31层 ,,塔楼,66 万,6554 元,2,,,VR看装修 | 房本满五年 | 随时看房,https://hui.lianjia.com/ershoufang/105121075618.html
米可 成熟大社区 102大4房  价格美丽,"milk花园 , 陈江",4室1厅,102平米,南 北,,18层 ,,塔楼,72 万,7059 元,0,,,VR房源 | 随时看房,https://hui.lianjia.com/ershoufang/105121956959.html
城市嘉园 4室2厅 南,"城市嘉园 , 惠东县城",4室2厅,121.21平米,南,精装,低楼层(共20层) ,,塔楼,65 万,5363 元,0,,,VR看装修 | 房本满五年 | 随时看房,https://hui.lianjia.com/ershoufang/105122052570.html
中山大学附属惠亚医院 带装修小两房随时可以看 急售,"听涛雅苑 , 大亚湾中心区",2室2厅,46.58平米,东,精装,11层 ,,板塔结合,20.6 万,4423 元,10,,,VR房源 | 随时看房,https://hui.lianjia.com/ershoufang/105117297978.html
金山湖，精装三房，带租约出售，看房提前预约！,"美地花园城 , 河南岸",3室2厅,102.43平米,南,精装,高楼层(共30层) ,,塔楼,65 万,6346 元,2,,,VR看装修 | 房本满五年,https://hui.lianjia.com/ershoufang/105118853779.html
荷兰小城好楼层，房子采光通风好，视野开阔，居住舒服,"光耀荷兰小城 , 陈江",3室1厅,97.51平米,南,毛坯,28层 ,,板塔结合,43 万,4410 元,0,,,VR房源 | 房本满五年 | 随时看房,https://hui.lianjia.com/ershoufang/105121153564.html
小区高绿化，花园中间安静，，楼栋高低搭配采光,"德丰·五月花花园 , 西区新寮",3室2厅,96平米,北,,17层 ,,板塔结合,67 万,6980 元,0,,20天以前发布,VR房源,https://hui.lianjia.com/ershoufang/105122347616.html
全新精准大2房拎包入住月供1K定金1万家门口书抱,"华龙花园 , 水口",3室1厅,60.08平米,南,,8层 ,,板塔结合,18 万,2997 元,1,,,VR看装修 | 房本满五年,https://hui.lianjia.com/ershoufang/105120840130.html
中锴华章 花园中间 标准四房 好楼层,"中锴·华章 , 河南岸",4室2厅,132平米,南 北,毛坯,低楼层(共27层) ,,塔楼,110 万,8334 元,0,,9天以前发布,VR房源 | 房本满五年,https://hui.lianjia.com/ershoufang/105122476182.html
真实出售 业主诚心出售 能让你发家致富,"鹏达丽水湾 , 下角",3室2厅,96.35平米,东南,简装,中楼层(共27层) ,,板塔结合,77 万,7992 元,0,,,VR看装修 | 房本满五年 | 随时看房,https://hui.lianjia.com/ershoufang/105122148642.html
首 付6万买套海景2房轻松上车，楼下有市场绿道，成熟,"碧桂园.十里银滩.海逸湾北区 , 十里银滩",2室2厅,66.97平米,南,精装,30层 ,,板塔结合,29.1 万,4346 元,2,,,VR房源 | 房本满五年 | 随时看房,https://hui.lianjia.com/ershoufang/105120468607.html
翡翠山东南向大三房，房本无欠款交易快，价格可谈,"翡翠山城君御 , 万达",3室2厅,95.75平米,东南 南,精装,34层 ,,板塔结合,96 万,10027 元,3,,,VR看装修 | 房本满两年 | 随时看房,https://hui.lianjia.com/ershoufang/105113472870.html
临深带大平台的精装五房，业主无欠款套现出售,"壹方天第 , 白云新城",5室2厅,132.72平米,南 北,精装,34层 ,,板塔结合,94.5 万,7121 元,0,,,VR看装修 | 房本满两年 | 随时看房,https://hui.lianjia.com/ershoufang/105117834082.html
临深大盘安静舒适精装修三房 户型通透,"卓越东部蔚蓝海岸八期 , 西区新寮",3室1厅,98平米,南,精装,中楼层(共33层) ,,板塔结合,103 万,10511 元,0,,,VR看装修 | 随时看房,https://hui.lianjia.com/ershoufang/105118770385.html
大亚湾，亚迪二村，大4房，业主诚心卖，高楼层,"亚迪二村一区 , 澳头",4室2厅,146.16平米,南,,32层 ,,板塔结合,56 万,3832 元,1,,,VR看装修 | 房本满五年 | 随时看房,https://hui.lianjia.com/ershoufang/105121014359.html
美丽洲毛坯三房 小高层采光好视野好,"美丽洲 , 马安",3室2厅,97.99平米,南 北,,高楼层(共16层) ,,塔楼,73 万,7450 元,0,,8天以前发布,VR房源 | 房本满两年 | 随时看房,https://hui.lianjia.com/ershoufang/105122482690.html
朝南看花园，无欠款 ，次新小区，环境优美，户型好,"新华联广场 , 大亚湾中心区",3室2厅,95.84平米,南,毛坯,34层 ,,板塔结合,49.9 万,5207 元,1,,,VR看装修 | 房本满两年 | 随时看房,https://hui.lianjia.com/ershoufang/105121272933.html
急售次新房大社区环境好安静视野开阔户型方正,"新华联广场 , 大亚湾中心区",3室2厅,95.6平米,南,毛坯,34层 ,,板塔结合,49 万,5126 元,1,,,VR看装修 | 房本满两年 | 随时看房,https://hui.lianjia.com/ershoufang/105121704028.html
万达益田商圈大四房业主诚心急卖,"恒鑫御园 , 万达",4室2厅,129.08平米,东南 南,毛坯,32层 ,,塔楼,76 万,5888 元,0,,,VR看装修 | 房本满五年 | 随时看房,https://hui.lianjia.com/ershoufang/105121989066.html
保华铂郡毛坯四房，南北朝向双阳台，看房有钥匙。,"保华铂郡 , 河南岸",4室2厅,132.07平米,东南,毛坯,23层 ,,塔楼,165 万,12494 元,0,,,VR看装修 | 随时看房,https://hui.lianjia.com/ershoufang/105121708218.html
房子南北通透，视野好，业主自住装修，保养好，,"太东星河丹堤天睿北区 , 吾悦广场",5室1厅,127平米,南 北,,34层 ,,板塔结合,112 万,8819 元,3,,,VR房源 | 房本满五年,https://hui.lianjia.com/ershoufang/105121909717.html
万达商圈 花千树 精装三房  业主诚意出售,"花千树一期 , 吾悦广场",3室2厅,86.9平米,南,,15层 ,,板塔结合,34 万,3913 元,3,,,VR看装修 | 房本满五年 | 随时看房,https://hui.lianjia.com/ershoufang/105122219337.html
低楼层，带家私家电，朝南看花园,"碧桂园太东公园上城 , 吾悦广场",3室1厅,95.7平米,南,精装,32层 ,,板塔结合,67 万,7002 元,1,,,VR看装修 | 房本满五年 | 随时看房,https://hui.lianjia.com/ershoufang/105121777557.html
铂金广场，装修没住过，大三房诚意卖,"铂金广场 , 区政府",3室1厅,98.57平米,南 北,,中楼层(共31层) ,,板塔结合,69 万,7001 元,2,,,VR房源 | 房本满五年 | 随时看房,https://hui.lianjia.com/ershoufang/105118745152.html
小区环境舒适交通方便，有车站，市场。,"罗浮公馆 , 博罗中心区",4室2厅,126平米,西南,精装,32层 ,,板塔结合,65.7 万,5215 元,0,,,VR看装修 | 房本满五年 | 随时看房,https://hui.lianjia.com/ershoufang/105122069599.html
楼层好，采光充足，朝西南，视野开阔,"牧云溪谷二期云尚 , 新圩",3室1厅,86.12平米,西南,毛坯,33层 ,,塔楼,83 万,9638 元,0,,,VR房源 | 房本满五年 | 随时看房,https://hui.lianjia.com/ershoufang/105118001478.html
14号快线，不临街，看花园，全新没住过,"龙光城北五期 , 龙光城",3室2厅,91.88平米,南,精装,32层 ,,板塔结合,98 万,10667 元,0,,,VR看装修 | 房本满两年 | 随时看房,https://hui.lianjia.com/ershoufang/105120760017.html
中空假复式 小三房 高层配套设施齐全楼下就是绿道。,"碧桂园十里银滩海悦湾 , 十里银滩",3室1厅,67平米,东北,,30层 ,,板塔结合,28 万,4180 元,0,,17天以前发布,VR房源 | 随时看房,https://hui.lianjia.com/ershoufang/105122386383.html
南贸花园三期 3室2厅 东南,"南贸花园三期 , 水口",3室2厅,87.79平米,东南,精装,中楼层(共22层) ,,塔楼,75 万,8544 元,0,,,VR看装修 | 随时看房,https://hui.lianjia.com/ershoufang/105121995384.html
国企振业百万大盘，西南景观好价格便宜，方便看房,"惠阳振业城 , 三和经济开发区",2室2厅,72.74平米,西南,毛坯,中楼层(共33层) ,,,30 万,4125 元,0,,,VR看装修 | 房本满五年 | 随时看房,https://hui.lianjia.com/ershoufang/105120243313.html
鹿江沥湿地公园水口文化广场星际,"新力城三期 , 水口",3室2厅,109平米,南,,低楼层(共32层) ,,板楼,83 万,7615 元,0,,,VR看装修 | 随时看房,https://hui.lianjia.com/ershoufang/105122147912.html
水口海伦春天 精装三房 朝南中间楼层 业主诚心出售,"海伦春天一期 , 水口",3室2厅,103平米,南,精装,31层 ,,板塔结合,69.8 万,6777 元,1,,,VR看装修 | 房本满五年,https://hui.lianjia.com/ershoufang/105119348205.html
户型方正，楼层好，朝南，临深，品质社区 视野好,"锦河湾 , 西区新寮",4室2厅,98.98平米,南 北,毛坯,34层 ,,板塔结合,62 万,6264 元,0,,,VR看装修 | 随时看房,https://hui.lianjia.com/ershoufang/105117760914.html
惠阳丽江花园 5房南北通 南北对流 市政广场,"丽江花园北区 , 区政府",5室2厅,186平米,南 北,精装,17层 ,,板楼,114 万,6130 元,0,,,VR看装修 | 房本满五年 | 随时看房,https://hui.lianjia.com/ershoufang/105116143454.html
中洲四期南北方正四房 一线江景 花园大环境好,"中洲半岛城邦四期 , 博罗中心区",4室2厅,127.18平米,南,毛坯,32层 ,,板塔结合,70 万,5505 元,0,,,VR房源 | 随时看房,https://hui.lianjia.com/ershoufang/105121498083.html
平台推 视野好，看房方便，诚心出售,"泓泰花园 , 西区新寮",4室2厅,114平米,南 北,精装,32层 ,,塔楼,105 万,9211 元,0,,,VR看装修 | 房本满两年 | 随时看房,https://hui.lianjia.com/ershoufang/105120837384.html
一线全江景采光充足，户型方正。,"新城鹿江风华 , 水口",4室2厅,123.31平米,南,毛坯,高楼层(共18层) ,,板塔结合,116 万,9408 元,0,,,VR看装修 | 房本满两年 | 随时看房,https://hui.lianjia.com/ershoufang/105122015354.html
距离深汕高铁惠东站直线800米 楼层好 朝南 环境佳,"山湖海上城 , 惠东县城",4室2厅,127.33平米,东南 南,毛坯,32层 ,,板塔结合,49.8 万,3912 元,0,,,VR看装修 | 房本满五年 | 随时看房,https://hui.lianjia.com/ershoufang/105120355692.html
惠州大亚湾西区博林腾瑞3房两厅两卫业主急卖,"博林腾瑞 , 比亚迪商圈",3室2厅,88.52平米,南,简装,33层 ,,板楼,66 万,7456 元,0,,,VR看装修 | 房本满两年 | 随时看房,https://hui.lianjia.com/ershoufang/105120994008.html
急，急，急，江北阳光谷大厦精装2室,"欧尚阳光谷 , 江北",2室1厅,53.84平米,东,简装,26层 ,,板塔结合,29.8 万,5535 元,0,,,VR看装修 | 房本满五年 | 随时看房,https://hui.lianjia.com/ershoufang/105121064573.html
次新小区 新力城大社区 大4房  看花园 大横厅读书方便,"新力城二期 , 水口",4室1厅,135.5平米,南,毛坯,低楼层(共32层) ,,板楼,92 万,6790 元,0,,,VR看装修 | 随时看房,https://hui.lianjia.com/ershoufang/105120554656.html
(左涛推荐)大江北佳兆业旁边#富民#朝南#5房#全新毛坯,"人乐居 , 江北",5室2厅,225.25平米,南 北,毛坯,中楼层(共22层) ,,板楼,150 万,6660 元,0,,,VR房源 | 房本满五年,https://hui.lianjia.com/ershoufang/105113787857.html
惠阳新政芯，临半岛滨水公园，近天虹，好宜多、沃尔玛,"冠臣御品花园 , 新行政区",4室2厅,141.2平米,南 北,精装,28层 ,,板塔结合,108 万,7649 元,0,,16天以前发布,VR房源 | 房本满两年,https://hui.lianjia.com/ershoufang/105122392789.html
皇冠花园4房  南北通透  双阳台 独门独户,"隆生皇冠花园 , 水口",4室2厅,123.36平米,南 北,毛坯,23层 ,,板楼,115 万,9323 元,0,,,VR看装修 | 房本满五年 | 随时看房,https://hui.lianjia.com/ershoufang/105122061214.html
香悦澜山方正四房 大社区 户型好 园林漂亮,"新城香悦澜山 , 博罗中心区",4室2厅,112.18平米,南,毛坯,高楼层(共33层) ,,塔楼,45 万,4012 元,0,,,VR看装修 | 房本满两年 | 随时看房,https://hui.lianjia.com/ershoufang/105120803088.html
金山新城新，中海品牌百万临江大盘，全新小区，视野好,"中海阅江府2期 , 东江新城",4室1厅,119平米,南,毛坯,中楼层(共27层) ,,塔楼,96 万,8068 元,0,,,VR房源 | 随时看房,https://hui.lianjia.com/ershoufang/105120442623.html
地铁口精装大3房，业主诚心出售，随时看房,"德洲城五期 , 西区新寮",3室2厅,111.18平米,南 北,精装,25层 ,,板楼,92.8 万,8347 元,1,,,VR看装修 | 房本满五年 | 随时看房,https://hui.lianjia.com/ershoufang/105120995279.html
合生上观国际七期 南北通双阳台 东南朝向 看花园,"合生·上观国际 , 水口",4室2厅,130.75平米,东南,,低楼层(共26层) ,,塔楼,95 万,7266 元,0,,,VR看装修 | 房本满两年 | 随时看房,https://hui.lianjia.com/ershoufang/105122063823.html
水口次新小区出售精装三房两卫，高层视野好,"新力城一期 , 水口",3室2厅,108.93平米,南,精装,33层 ,,板楼,150 万,13771 元,0,,,VR看装修 | 房本满五年 | 随时看房,https://hui.lianjia.com/ershoufang/105121313658.html
金悦华府 品质小区，房龄新，南北通，视野开阔,"金悦华府 , 东江新城",3室1厅,92平米,南 北,毛坯,高楼层(共25层) ,,塔楼,75 万,8153 元,1,,16天以前发布,VR房源 | 房本满两年 | 随时看房,https://hui.lianjia.com/ershoufang/105122388680.html
金碧花苑 3室2厅 北 南,"金碧花苑 , 河南岸",3室2厅,105平米,北 南,简装,高楼层(共18层) ,,塔楼,69.9 万,6658 元,2,,30天以前发布,VR房源 | 房本满五年,https://hui.lianjia.com/ershoufang/105122265767.html
"中骏雍景湾,金山湖，业主诚心卖，朝南三房两卫","中骏雍景湾南区 , 河南岸",3室2厅,95.67平米,南,毛坯,中楼层(共30层) ,,塔楼,89 万,9303 元,0,,,VR看装修 | 随时看房,https://hui.lianjia.com/ershoufang/105122131143.html
南北通透 满五唯一 视野开阔 可远眺大海,"华冠花园 , 大亚湾中心区",4室2厅,103.66平米,南 北,毛坯,33层 ,,板塔结合,55 万,5306 元,0,,,VR看装修 | 房本满五年 | 随时看房,https://hui.lianjia.com/ershoufang/105121672928.html
业主诚心出售，带装修，看房方便。。。.,"惠阳雅居乐花园二期 , 南站新城",2室1厅,77.11平米,南 北,精装,中楼层(共33层) ,,板塔结合,38.6 万,5006 元,1,,,VR房源 | 房本满五年 | 随时看房,https://hui.lianjia.com/ershoufang/105121985698.html
带装修带高租约家私家电齐全拎包入住,"德洲城三、四期 , 西区新寮",3室2厅,115.32平米,南 北,精装,18层 ,,塔楼,83 万,7198 元,0,,,VR看装修 | 房本满两年,https://hui.lianjia.com/ershoufang/105122214464.html
新华书店旁 宏益公馆3房2厅 好楼层诚心出售！,"宏益公馆 , 江北",3室2厅,115.37平米,北,精装,中楼层(共17层) ,,塔楼,120 万,10402 元,0,,,VR房源 | 房本满五年 | 随时看房,https://hui.lianjia.com/ershoufang/105122056889.html
大社区，入住率高，户型方正，采光好,"花样年别样城四期 , 新行政区",4室1厅,101.22平米,东南,毛坯,中楼层(共32层) ,,板塔结合,65 万,6422 元,0,,,VR房源 | 房本满五年 | 随时看房,https://hui.lianjia.com/ershoufang/105120879978.html
德丰天麓 单间 业主诚心出售 楼层好 视野好,"德丰.天麓 , 大亚湾中心区",1室0厅,28.87平米,南,简装,20层 ,,塔楼,12.3 万,4261 元,0,,,VR看装修 | 房本满五年 | 随时看房,https://hui.lianjia.com/ershoufang/105121430799.html
新力城一期 3室2厅 南 北,"新力城一期 , 水口",3室2厅,108.93平米,南 北,精装,高楼层(共33层) ,,板楼,90 万,8263 元,0,,7天以前发布,VR房源 | 房本满两年,https://hui.lianjia.com/ershoufang/105122491185.html
一线临深新小区 朝南大三房 好楼层税费少环境好配套全,"荣佳国韵二期 , 龙光城",3室2厅,123.2平米,南,毛坯,30层 ,,板塔结合,78 万,6332 元,0,,13天以前发布,VR房源 | 房本满两年 | 随时看房,https://hui.lianjia.com/ershoufang/105122429581.html
顶楼建了铁皮从自己房子可以上去，买一得二,"吴屋园路 , 下角",3室1厅,63.09平米,东南,,高楼层(共4层) ,,,18 万,2854 元,1,,14天以前发布,VR房源 | 房本满五年 | 随时看房,https://hui.lianjia.com/ershoufang/105122414346.html
此房满五唯一 中间 户型 精装修保养好户型方正,"合生·上观国际 , 水口",4室2厅,159.89平米,南,精装,中楼层(共29层) ,,塔楼,140 万,8757 元,0,,,VR看装修 | 房本满五年,https://hui.lianjia.com/ershoufang/105122103227.html
大小 区环境好 楼层好 视野宽阔，交通便利,"新华联广场 , 大亚湾中心区",2室2厅,101.39平米,南,毛坯,32层 ,,板塔结合,40 万,3946 元,1,,,VR看装修 | 房本满五年 | 随时看房,https://hui.lianjia.com/ershoufang/105118009167.html
金山湖东部德威朗琴湾，生活配套齐全！,"德威朗琴湾 , 东江新城",3室2厅,103.52平米,南,精装,低楼层(共18层) ,,板塔结合,109.8 万,10607 元,0,,,VR看装修 | 房本满五年 | 随时看房,https://hui.lianjia.com/ershoufang/105122092213.html
房子精装修户型方正全屋木地板满五税费少,"亚迪二村二区 , 澳头",4室2厅,131.56平米,东南,精装,32层 ,,板塔结合,60 万,4561 元,0,,13天以前发布,VR房源 | 房本满五年 | 随时看房,https://hui.lianjia.com/ershoufang/105122422514.html
急售！五月花花园，深圳14号线沙田地铁口物业,"德丰·五月花花园 , 西区新寮",2室2厅,80平米,南,精装,17层 ,,塔楼,48 万,6000 元,0,,,VR看装修,https://hui.lianjia.com/ershoufang/105118401792.html
麦迪新村一房一厅急售，楼层低，首付低。,"麦迪新村 , 麦地",1室1厅,29.67平米,东南,简装,10层 ,,塔楼,19.2 万,6472 元,0,,,VR房源 | 房本满五年 | 随时看房,https://hui.lianjia.com/ershoufang/105119676098.html
两梯三户，豪 华装修，满五年税费低，带车位,"海惠花园一区 , 吾悦广场",3室2厅,119.8平米,南,精装,18层 ,,塔楼,73 万,6094 元,14,,,VR看装修 | 房本满五年 | 随时看房,https://hui.lianjia.com/ershoufang/105106738040.html
临深百万大盘，金地小区，近地铁次新小区，业主诚心出,"金地天润自在城二期 , 西区新寮",3室2厅,85.94平米,南,精装,33层 ,,板塔结合,73 万,8495 元,0,,,VR看装修 | 房本满两年 | 随时看房,https://hui.lianjia.com/ershoufang/105119849835.html
视野好，采光充足，楼层好，户型格局靓,"沣盛凤凰城 , 惠东县城",3室2厅,101.43平米,东南 南,毛坯,17层 ,,板塔结合,40.5 万,3993 元,0,,,VR看装修 | 房本满五年 | 随时看房,https://hui.lianjia.com/ershoufang/105119878490.html
精装修拎包可入住，朝南户型好，首付低，有钥匙看房,"御景花园南区 , 下角",2室1厅,54.66平米,南,精装,16层 ,,板塔结合,45 万,8233 元,0,,,VR看装修 | 房本满五年 | 随时看房,https://hui.lianjia.com/ershoufang/105121351737.html
惠州仲恺高新区，高铁站旁边物业！,"奥园尚雅花园二期 , 潼侨沥林",4室2厅,104.03平米,南 北,毛坯,中楼层(共32层) ,,板塔结合,43 万,4134 元,0,,,VR房源 | 房本满两年 | 随时看房,https://hui.lianjia.com/ershoufang/105121248672.html
此房满五唯一 高楼层，视野宽阔，采光充足,"亚迪二村二区 , 澳头",3室1厅,115平米,南,精装,32层 ,,塔楼,45 万,3914 元,1,,,VR房源 | 房本满五年 | 随时看房,https://hui.lianjia.com/ershoufang/105120720680.html
急卖，星河品牌，三房，好楼层，你意向不到的价格,"惠州星河盛世 , 白云新城",3室2厅,74.02平米,东南,毛坯,高楼层(共33层) ,,板塔结合,45 万,6080 元,0,,,VR看装修 | 房本满两年 | 随时看房,https://hui.lianjia.com/ershoufang/105116452393.html
装修大2房。随时看房，地铁口物业,"德洲城三、四期 , 西区新寮",2室2厅,81.13平米,南,毛坯,18层 ,,板塔结合,42.8 万,5276 元,4,,,VR看装修 | 房本满五年,https://hui.lianjia.com/ershoufang/105116368380.html
高层朝南精装修采光好，看房方便,"丽格国际公寓 , 江北",1室1厅,42.5平米,南,简装,30层 ,,塔楼,32 万,7530 元,0,,,VR房源 | 随时看房,https://hui.lianjia.com/ershoufang/105120552618.html
龙光城南四期五房，业主诚心出售,"龙光城南四期 , 龙光城",5室2厅,114.65平米,东 北,简装,34层 ,,塔楼,106 万,9246 元,1,,,VR看装修,https://hui.lianjia.com/ershoufang/105120884341.html
惠阳站，一房一厅，近天虹大润发,"百润基银座 , 开城大润发",1室1厅,46.93平米,东北,简装,20层 ,,板楼,15.5 万,3303 元,2,,,VR房源 | 房本满五年,https://hui.lianjia.com/ershoufang/105120479881.html
御景花园3房2厅 精装修，看房有钥匙，带个小露台，,"御景花园南区 , 下角",3室2厅,86.89平米,西北,精装,24层 ,,板塔结合,72 万,8287 元,0,,,VR房源 | 房本满五年 | 随时看房,https://hui.lianjia.com/ershoufang/105120962268.html
左岸春天一期 2室1厅 南,"左岸春天一期 , 开城大润发",2室1厅,54平米,南,精装,12层 ,,板塔结合,26 万,4815 元,1,,,VR看装修,https://hui.lianjia.com/ershoufang/105120959078.html
此新房中高楼层，实用率高，业主诚意出售,"天润嘉园 , 西区新寮",4室2厅,94.77平米,南,毛坯,29层 ,,板塔结合,55 万,5804 元,0,,,VR看装修 | 房本满两年 | 随时看房,https://hui.lianjia.com/ershoufang/105121970096.html
此小区次新小区 小区绿化高采 光好户型方正看园林。,"悦璟华庭 , 惠环",3室2厅,94平米,东 南,精装,高楼层(共33层) ,,板塔结合,59 万,6277 元,0,,,VR房源 | 随时看房,https://hui.lianjia.com/ershoufang/105120127383.html
次新盘汇显泰华园、轻奢风靓装9.9成新、含子母车位,"汇显城市公园 , 汝湖",5室2厅,129.72平米,南,精装,27层 ,,板楼,119 万,9174 元,0,,,VR看装修,https://hui.lianjia.com/ershoufang/105121503987.html
万达商圈，吾悦广场旁，户型方正，毛坯急售,"明华花园 , 吾悦广场",4室2厅,108.01平米,东北,毛坯,16层 ,,塔楼,57 万,5278 元,1,,,VR看装修 | 房本满五年 | 随时看房,https://hui.lianjia.com/ershoufang/105118249212.html
三远大爱城 3室2厅 南,"三远大爱城 , 吾悦广场",3室2厅,88.07平米,南,毛坯,32层 ,,板塔结合,49.5 万,5621 元,2,,,VR看装修 | 房本满五年 | 随时看房,https://hui.lianjia.com/ershoufang/105119156428.html
临深精装两房，品质物业，生活配套方便，业主诚售可聊,"碧桂园太东·蜜柚 , 西区新寮",2室1厅,60.12平米,南,精装,33层 ,,塔楼,40.5 万,6737 元,4,,,VR房源 | 随时看房,https://hui.lianjia.com/ershoufang/105120527501.html
临深次新品质小区！全新奶油风装修！拎包即可入住,"丰谷天玺 , 龙光城",3室1厅,85.53平米,南,精装,29层 ,,塔楼,73 万,8536 元,0,,,VR看装修 | 随时看房,https://hui.lianjia.com/ershoufang/105121694697.html
大社区成熟片区，绿化环境空气好生活便利，鹿江公园,"隆生皇冠花园 , 水口",4室2厅,142.72平米,南,精装,32层 ,,塔楼,129 万,9039 元,0,,,VR房源,https://hui.lianjia.com/ershoufang/105121907738.html
装修三房 大社区 适合居住 好楼层 看花园,"海伦堡院子 , 水口",3室2厅,104.02平米,南,,高楼层(共25层) ,,板塔结合,60 万,5769 元,0,,,VR看装修 | 房本满五年,https://hui.lianjia.com/ershoufang/105118440657.html
中海阅江二期 中高楼层 全新精装修 拎包入住 有钥匙,"中海阅江府2期 , 东江新城",4室2厅,119.52平米,东南,精装,高楼层(共27层) ,,板楼,125 万,10459 元,0,,,VR看装修 | 房本满两年 | 随时看房,https://hui.lianjia.com/ershoufang/105121202656.html
惠阳繁华地段 漂亮一房  拎包入住,"中豪国际 , 区政府",1室0厅,48.28平米,南,精装,20层 ,,板塔结合,13.8 万,2859 元,1,,,VR看装修 | 房本满五年 | 随时看房,https://hui.lianjia.com/ershoufang/105121087034.html
半山豪庭 精装出售 生活便利 环境好,"半山豪庭 , 博罗中心区",3室2厅,83.58平米,南,精装,高楼层(共19层) ,,塔楼,45 万,5385 元,0,,,VR房源 | 房本满五年 | 随时看房,https://hui.lianjia.com/ershoufang/105120805761.html
2020交房 次新小区 实用户型 看湖景 视野无遮挡,"星河丹堤S2区 , 南站新城",4室2厅,106.39平米,南,毛坯,低楼层(共33层) ,,板塔结合,120 万,11280 元,0,,,VR看装修 | 房本满两年 | 随时看房,https://hui.lianjia.com/ershoufang/105119437358.html
满五唯一，采光通风好，视野广阔，朝南花园，中间楼层,"天顺俊园 , 吾悦广场",3室1厅,79.61平米,南,精装,30层 ,,板塔结合,39.8 万,5000 元,2,,,VR房源 | 房本满五年 | 随时看房,https://hui.lianjia.com/ershoufang/105118759056.html
精装修 高拓四房 朝南向 近华附和商场 楼下环湖绿道,"星河丹堤S2区 , 南站新城",4室2厅,95.26平米,南,精装,34层 ,,板塔结合,125 万,13122 元,1,,,VR看装修 | 房本满两年 | 随时看房,https://hui.lianjia.com/ershoufang/105119101799.html
急售，朝南看园林安静、税费少，红本在手,"家悦龙庭 , 万达",3室2厅,89平米,南,毛坯,29层 ,,板塔结合,54 万,6068 元,0,,,VR看装修 | 随时看房,https://hui.lianjia.com/ershoufang/105116848344.html
大户型三房，带大平台，使用空间大，无个税,"海恋家 , 澳头",3室2厅,150.9平米,南,毛坯,8层 ,,板塔结合,50 万,3314 元,7,,,VR房源 | 房本满五年 | 随时看房,https://hui.lianjia.com/ershoufang/105111183568.html
万城 5室3厅 南 北,"万城 , 白云新城",5室3厅,187.43平米,南 北,精装,18层 ,,板塔结合,233.8 万,12474 元,0,,,VR房源 | 房本满两年,https://hui.lianjia.com/ershoufang/105121367148.html
天安珑城3期 111平3房 视野彩光好看花园,"天安珑城 , 区政府",3室2厅,111.37平米,南,毛坯,32层 ,,板楼,105 万,9429 元,1,,,VR看装修 | 房本满五年 | 随时看房,https://hui.lianjia.com/ershoufang/105120571901.html
临深精装大四房 南北通 大客厅 可拎包入住,"九洲玉带湾 , 白云新城",4室2厅,120平米,南 北,精装,33层 ,,板塔结合,100 万,8334 元,0,,12天以前发布,VR房源 | 随时看房,https://hui.lianjia.com/ershoufang/105122435012.html
满五唯一 户型方正 业主诚心卖,"中萃1829 , 澳头",2室1厅,62.5平米,南 北,毛坯,28层 ,,塔楼,21 万,3360 元,1,,,VR看装修 | 房本满五年 | 随时看房,https://hui.lianjia.com/ershoufang/105117774113.html
房子布局方正，装修好，楼层位置 好，通风采光视野好,"新祺园 , 新行政区",3室2厅,89平米,东南,精装,32层 ,,板塔结合,68 万,7641 元,0,,,VR看装修 | 房本满五年,https://hui.lianjia.com/ershoufang/105121098676.html
龙光城北五期南北通大四房楼层高视野好,"龙光城北五期 , 龙光城",4室2厅,127平米,南 北,精装,32层 ,,板塔结合,145 万,11418 元,0,,,VR看装修 | 随时看房,https://hui.lianjia.com/ershoufang/105116920816.html
中区华府 大三房 房子保养靓 中高层 税费少,"中区华府二期 , 区政府",3室2厅,127.67平米,西南,精装,12层 ,,板塔结合,69 万,5405 元,0,,,VR房源 | 房本满五年,https://hui.lianjia.com/ershoufang/105117425885.html
中区华府三房两卫朝向采光好  业主诚心出售  价格可谈,"中区华府三期 , 区政府",3室2厅,116.1平米,东,简装,18层 ,,板塔结合,68 万,5858 元,0,,,VR房源 | 房本满五年 | 随时看房,https://hui.lianjia.com/ershoufang/105120934358.html
区政府天虹旁 花园大社区 环境优美 宜居住 配套齐全,"尚城世家二期 , 区政府",3室2厅,92.85平米,东南,精装,26层 ,,板塔结合,68.8 万,7410 元,0,,,VR看装修 | 房本满五年,https://hui.lianjia.com/ershoufang/105115986720.html
临深小户型  配套好  好出租,"安罝小区 , 西区新寮",2室2厅,73.62平米,南 北,毛坯,32层 ,,板塔结合,40 万,5434 元,0,,,VR看装修 | 房本满两年 | 随时看房,https://hui.lianjia.com/ershoufang/105121418619.html
一手交房  一手交诚信  二手都要硬,"壹城中心2区 , 陈江",4室2厅,124.38平米,东南,,低楼层(共32层) ,,塔楼,79 万,6352 元,1,,,VR看装修 | 房本满五年 | 随时看房,https://hui.lianjia.com/ershoufang/105116293500.html
"户型格局好,,视野宽阔,采光，交通便利","冠臣御品花园 , 新行政区",3室1厅,103平米,东南,,28层 ,,板塔结合,69.8 万,6777 元,0,,,VR看装修 | 随时看房,https://hui.lianjia.com/ershoufang/105121970703.html
新力城一期，自住精装3房，保养好，直接可以拎包入住,"新力城一期 , 水口",3室2厅,109平米,南 北,精装,低楼层(共28层) ,,板楼,94.5 万,8670 元,0,,,VR看装修,https://hui.lianjia.com/ershoufang/105122221719.html
标准大三房，采光视野很好，楼层也不错,"卓越东部蔚蓝海岸一期 , 西区新寮",3室2厅,114.83平米,南,毛坯,26层 ,,板塔结合,68 万,5922 元,0,,,VR房源 | 房本满五年 | 随时看房,https://hui.lianjia.com/ershoufang/105120190093.html
金山湖片区，东江学府五期，环境安静优雅，生活便利。,"东江学府五期 , 河南岸",5室2厅,208.35平米,南 北,精装,中楼层(共5层) ,,板塔结合,260 万,12480 元,0,,6天以前发布,VR房源 | 房本满两年,https://hui.lianjia.com/ershoufang/105122500711.html
红本在手 不欠款 地段优越 位置好 装修好 看房方便,"盛华楼一期 , 开城大润发",3室2厅,83.74平米,北,简装,中楼层(共8层) ,,,29 万,3464 元,0,,18天以前发布,VR房源 | 房本满五年 | 随时看房,https://hui.lianjia.com/ershoufang/105122370283.html
旺租户型 位置好 配套成熟 购物交通便利停车位充足,"中梁V城市 , 开城大润发",2室2厅,56.94平米,东南,精装,31层 ,,板塔结合,33 万,5796 元,2,,,VR看装修 | 房本满五年,https://hui.lianjia.com/ershoufang/105116409959.html
隆生仲恺花园 三房两卫急 售 看花园,"隆生仲恺花园 , 陈江",3室2厅,112平米,南,毛坯,32层 ,,塔楼,68 万,6072 元,0,,,VR看装修 | 随时看房,https://hui.lianjia.com/ershoufang/105121854301.html
惠阳星河丹堤背山面水环境宜人适合长期居住,"星河丹堤C区 , 南站新城",4室2厅,133.29平米,南 北,精装,31层 ,,板塔结合,140 万,10504 元,4,,,VR看装修 | 房本满五年,https://hui.lianjia.com/ershoufang/105118223299.html
天虹大润发成熟商圈，两房带租约，中高楼层,"鹏德名苑 , 开城大润发",2室2厅,54.75平米,北,简装,32层 ,,塔楼,25 万,4567 元,1,,12天以前发布,VR房源 | 房本满五年,https://hui.lianjia.com/ershoufang/105122438606.html
大亚湾百万大盘，生活配套齐全，带装修，业主急卖,"华冠花园 , 大亚湾中心区",4室2厅,90.5平米,南,精装,33层 ,,板塔结合,48 万,5304 元,0,,,VR看装修,https://hui.lianjia.com/ershoufang/105121874535.html
水悦龙湾 靓房四房 南北通 田园风 花园中间,"龙光·水悦龙湾 , 东平",4室2厅,143.07平米,南 北,精装,低楼层(共17层) ,,板塔结合,135 万,9436 元,0,,24天以前发布,VR看装修 | 房本满五年 | 随时看房,https://hui.lianjia.com/ershoufang/105122323602.html
富盈公馆前排无遮挡，楼层视野好，居住舒服,"富盈公馆三期 , 马安",3室2厅,102.03平米,南,,高楼层(共31层) ,,板塔结合,66 万,6469 元,0,,,VR看装修 | 房本满两年 | 随时看房,https://hui.lianjia.com/ershoufang/105119795010.html
