标题,地址,户型,面积,朝向,装修情况,层数,建造时间,楼型,总价,每平米单价,关注人数,带看次数,发布时间,标签,详情链接
小区人车分流/采光好 /安静/公立学府四房南北通透,"锦绣学府 , 澳头",4室2厅,107.76平米,南 北,毛坯,30层 ,,板塔结合,63 万,5847 元,1,,,VR看装修 | 房本满五年 | 随时看房,https://hui.lianjia.com/ershoufang/105117932494.html
此房精装修，花园中间，高楼层，位置安静。视野好,"万科金域华庭二期 , 江北",3室1厅,79.17平米,南,精装,高楼层(共33层) ,,板塔结合,74.5 万,9411 元,2,,,VR房源 | 房本满五年 | 随时看房,https://hui.lianjia.com/ershoufang/105118234741.html
临深锦河湾朝南三房，中间楼层，无欠款交易方便,"锦河湾 , 西区新寮",3室1厅,83.6平米,南,毛坯,33层 ,,板塔结合,48 万,5742 元,2,,,VR看装修 | 房本满五年 | 随时看房,https://hui.lianjia.com/ershoufang/105120634052.html
荷兰小城户型方正，采光佳，布局合理，宽敞明亮,"光耀荷兰小城 , 陈江",4室2厅,112平米,南,精装,28层 ,,板塔结合,73 万,6518 元,0,,,VR看装修 | 房本满两年,https://hui.lianjia.com/ershoufang/105121958747.html
"通风采光好 家旁边就是虎头山公园 ,河滩公园","碧桂园中萃公园 , 大亚湾中心区",3室2厅,136.55平米,南 北,毛坯,17层 ,,板塔结合,101 万,7397 元,3,,,VR看装修 | 房本满五年 | 随时看房,https://hui.lianjia.com/ershoufang/105105910742.html
透明收佣，不做包单+江湾一品+三房+西南朝向,"江湾一品 , 下角",3室2厅,70.97平米,西南,精装,高楼层(共29层) ,,塔楼,69.8 万,9836 元,0,,,VR房源 | 房本满五年 | 随时看房,https://hui.lianjia.com/ershoufang/105119811710.html
临深大社区，朝南4房，业主诚心出售,"天域花园 , 白云新城",4室2厅,89.03平米,南,毛坯,21层 ,,板塔结合,48 万,5392 元,0,,,VR看装修 | 房本满五年 | 随时看房,https://hui.lianjia.com/ershoufang/105121594639.html
区政府天虹 南北通四房 自住装修 拎包入住,"中央国墅园 , 区政府",4室2厅,128.34平米,南 北,精装,29层 ,,板塔结合,72 万,5611 元,2,,,VR看装修 | 房本满五年 | 随时看房,https://hui.lianjia.com/ershoufang/105118507564.html
秋谷林海 原价高  满五唯一无个税 四房 南北通透,"秋谷·林海 , 比亚迪商圈",4室2厅,87.19平米,南 北,精装,26层 ,,板塔结合,55 万,6309 元,1,,,VR看装修 | 房本满五年 | 随时看房,https://hui.lianjia.com/ershoufang/105121959258.html
房子旁边就是天虹还有大润发楼下的商铺也全部营业,"中梁V城市 , 开城大润发",2室2厅,57平米,南,,31层 ,,板塔结合,30 万,5264 元,3,,,VR房源 | 随时看房,https://hui.lianjia.com/ershoufang/105117133859.html
龙丰城轨出口旁，金辉新苑大阳台两房,"金輝新苑 , 龙丰",2室2厅,90.63平米,东,简装,低楼层(共9层) ,,板塔结合,40 万,4414 元,0,,,VR房源 | 房本满两年 | 随时看房,https://hui.lianjia.com/ershoufang/105120919732.html
万达商圈金龟山大峡谷一期业主诚意出售,"御玺山大峡谷一期 , 比亚迪商圈",2室1厅,75平米,南,,32层 ,,板塔结合,32.5 万,4334 元,0,,,VR看装修 | 随时看房,https://hui.lianjia.com/ershoufang/105121758256.html
龙光城南四期 装修三房 朝南看山景 满五唯一 配套齐全,"龙光城南四期 , 龙光城",3室2厅,89平米,东南,简装,34层 ,,板塔结合,77 万,8652 元,1,,,VR看装修 | 随时看房,https://hui.lianjia.com/ershoufang/105121793746.html
小区环境好.户型方正.业主急卖.价格好谈,"丽江花园南区 , 区政府",4室1厅,158.89平米,南,简装,11层 ,,板塔结合,90 万,5665 元,0,,27天以前发布,VR房源 | 房本满五年 | 随时看房,https://hui.lianjia.com/ershoufang/105122295061.html
山湖海上城3房2厅1卫 环境好 交通便利,"山湖海上城 , 惠东县城",3室2厅,92平米,南,精装,18层 ,,板塔结合,38.9 万,4229 元,0,,,VR看装修 | 随时看房,https://hui.lianjia.com/ershoufang/105121753697.html
江北东江湾精装修酒店公寓48平,"东江湾 , 江北",1室1厅,47.8平米,南,精装,高楼层(共30层) ,,板塔结合,50 万,10461 元,0,,,VR看装修 | 房本满两年 | 随时看房,https://hui.lianjia.com/ershoufang/105117675894.html
百万大盘旁，临深一线河景，业主诚心售,"锦河湾 , 西区新寮",4室1厅,98.06平米,南 北,毛坯,34层 ,,板塔结合,62 万,6323 元,0,,,VR房源 | 随时看房,https://hui.lianjia.com/ershoufang/105120482603.html
满五唯一带装修 业主诚意出售 前有公园后有广场,"御玺山大峡谷一期 , 比亚迪商圈",3室1厅,77.01平米,东,,32层 ,,板塔结合,40 万,5195 元,0,,22天以前发布,VR看装修,https://hui.lianjia.com/ershoufang/105122338066.html
住在公园里的房子，享受真正的大草原，湖泊。,"恒大棕榈岛 , 白云新城",4室2厅,126.81平米,南 北,毛坯,25层 ,,板楼,78 万,6151 元,0,,,VR看装修 | 房本满五年 | 随时看房,https://hui.lianjia.com/ershoufang/105119953175.html
采光佳 视野好 户型方正 配套齐 交通便利,"正闳润金名苑 , 西区新寮",3室1厅,91.25平米,东南,精装,33层 ,,塔楼,76 万,8329 元,1,,,VR看装修 | 房本满两年 | 随时看房,https://hui.lianjia.com/ershoufang/105118509040.html
南向品字型4房中间好楼层看园景视野开阔满五年,"方直君御 , 东江新城",4室2厅,125平米,南,毛坯,中楼层(共31层) ,,塔楼,184 万,14720 元,0,,,VR看装修 | 房本满五年 | 随时看房,https://hui.lianjia.com/ershoufang/105121711471.html
央企华润 品牌开发商，中间楼层采光视野好,"曦江润府 , 东江新城",3室2厅,96.72平米,南,毛坯,中楼层(共33层) ,,塔楼,99 万,10236 元,3,,,VR看装修 | 随时看房,https://hui.lianjia.com/ershoufang/105118533010.html
中间楼层，已经交了电梯钱，户型方正采光好，2个卫生,"金阁苑 , 下角",3室2厅,102平米,南,精装,中楼层(共7层) ,,板塔结合,65 万,6373 元,0,,,VR看装修 | 房本满五年,https://hui.lianjia.com/ershoufang/105121519511.html
吾悦广场旁 3加1 朝南 看淡澳河,"亲水湾 , 吾悦广场",3室2厅,87.06平米,南,毛坯,22层 ,,塔楼,45 万,5169 元,2,,,VR房源 | 随时看房,https://hui.lianjia.com/ershoufang/105117987188.html
梵高的花园精装2房，南向看花园，现代风,"梵高的花园 , 江北",3室1厅,85.14平米,南,,高楼层(共31层) ,,板塔结合,88 万,10336 元,0,,,VR房源 | 房本满五年,https://hui.lianjia.com/ershoufang/105121725390.html
区政府旁，万科物业，一房拎包入住。,"清泉城市广场 , 区政府",1室0厅,34.76平米,东南,,27层 ,,板塔结合,18 万,5179 元,1,,,VR看装修 | 房本满五年,https://hui.lianjia.com/ershoufang/105118726956.html
富康锦绣壹号3房 红本在手 看房方便有钥匙 业主诚卖,"富康锦绣壹号 , 西区新寮",3室2厅,85.13平米,南,精装,33层 ,,塔楼,80 万,9398 元,2,,,VR看装修 | 房本满五年 | 随时看房,https://hui.lianjia.com/ershoufang/105121223875.html
业主着急出售价格可谈 全新装修未住过，户型方正,"荣盛御景澜湾 , 澳头",3室2厅,90.19平米,东南,,33层 ,,板塔结合,45 万,4990 元,0,,,VR看装修 | 房本满五年 | 随时看房,https://hui.lianjia.com/ershoufang/105122173913.html
7区次新小区，中间楼层视野漂亮，3房2个卫生间,"壹城中心7区 , 陈江",3室2厅,98.49平米,南,毛坯,中楼层(共32层) ,,塔楼,72 万,7311 元,0,,,VR看装修 | 房本满两年 | 随时看房,https://hui.lianjia.com/ershoufang/105119494850.html
难得漂亮户型！！三房南北通双阳台 视野开阔 优选楼层,"金辉风雅轩 , 秋长",3室2厅,85.12平米,南 北,毛坯,32层 ,,板塔结合,41.88 万,4921 元,0,,,VR看装修 | 房本满五年 | 随时看房,https://hui.lianjia.com/ershoufang/105120425427.html
南站规划高铁新城区中位，交通便利，社区生活配套齐全,"中信新城 , 南站新城",4室2厅,104.65平米,东南,精装,34层 ,,板塔结合,78 万,7454 元,0,,,VR看装修 | 房本满五年,https://hui.lianjia.com/ershoufang/105121304473.html
雅颂居一房一厅41平米业主诚心比较急出售,"雅颂居 , 大亚湾中心区",1室1厅,41平米,北,毛坯,25层 ,,塔楼,16 万,3903 元,3,,,VR看装修 | 随时看房,https://hui.lianjia.com/ershoufang/105113480977.html
碧桂园山河城 6室2厅 南 北,"碧桂园山河城 , 三和经济开发区",6室2厅,191.12平米,南 北,精装,18层 ,,板塔结合,85 万,4448 元,3,,11天以前发布,VR房源 | 房本满两年,https://hui.lianjia.com/ershoufang/105122443597.html
次新小区，格局靓，采光好，视野开阔无遮挡,"金辉风雅轩 , 秋长",2室2厅,66平米,南,毛坯,32层 ,,板塔结合,28 万,4243 元,0,,,VR看装修 | 房本满两年 | 随时看房,https://hui.lianjia.com/ershoufang/105117730234.html
临深100米 龙光城北八 视野好 看花园游泳池,"龙光城北八期 , 龙光城",4室2厅,105.21平米,东,精装,31层 ,,板塔结合,99 万,9410 元,0,,14天以前发布,VR房源 | 房本满五年 | 随时看房,https://hui.lianjia.com/ershoufang/105122414767.html
外地发展 精装急售 儿童公园楼上 户型方正,"恒大悦龙台 , 万达",3室2厅,85平米,北,精装,32层 ,,板塔结合,61 万,7177 元,0,,,VR看装修 | 随时看房,https://hui.lianjia.com/ershoufang/105121248762.html
方直星耀国际好楼层大三房两卫，安静看花园视野开阔,"方直星耀国际 , 河南岸",3室2厅,126.5平米,南,毛坯,低楼层(共31层) ,,板塔结合,156 万,12333 元,0,,,VR看装修 | 房本满五年 | 随时看房,https://hui.lianjia.com/ershoufang/105117368539.html
朝南 高楼层 户型方正 使用率高,"海伦堡爱Me城市 , 澳头",3室1厅,116平米,南,毛坯,高楼层(共31层) ,,板塔结合,49 万,4225 元,0,,,VR房源 | 房本满五年 | 随时看房,https://hui.lianjia.com/ershoufang/105114797317.html
百万别墅大盘  大社区  近高铁站,"惠阳雅居乐花园一期 , 南站新城",2室2厅,88.49平米,西,精装,24层 ,,板塔结合,43 万,4860 元,1,,,VR看装修 | 房本满五年 | 随时看房,https://hui.lianjia.com/ershoufang/105122185558.html
香悦澜山方正四房 大社区 户型好 园林漂亮，,"新城香悦澜山 , 博罗中心区",4室2厅,122.28平米,南,毛坯,中楼层(共33层) ,,塔楼,49.6 万,4057 元,0,,14天以前发布,VR房源 | 房本满五年 | 随时看房,https://hui.lianjia.com/ershoufang/105122419058.html
金叶华府朝南3房看花园，中间楼层，可看房,"金叶华府 , 博罗石湾",3室2厅,109平米,南,,30层 ,,板塔结合,55 万,5046 元,1,,,VR看装修 | 房本满两年 | 随时看房,https://hui.lianjia.com/ershoufang/105120609317.html
高铁站2.5公里，万达天虹大润发三大购物商圈。,"恒鑫御园 , 万达",2室1厅,62.17平米,东南,精装,26层 ,,板塔结合,39 万,6274 元,4,,,VR房源 | 随时看房,https://hui.lianjia.com/ershoufang/105121295038.html
仲恺次新小区，成熟商圈，中间楼层4房，视野无遮挡,"腾韵花园 , 陈江",4室2厅,116.49平米,南,毛坯,32层 ,,板塔结合,78 万,6696 元,0,,,VR看装修 | 房本满两年 | 随时看房,https://hui.lianjia.com/ershoufang/105117469175.html
国鹏实用3房，好楼层， 采光通风好，配套齐全,"国鹏润德学府 , 惠环",3室2厅,85平米,南,毛坯,中楼层(共29层) ,,板塔结合,45.8 万,5389 元,0,,,VR看装修 | 随时看房,https://hui.lianjia.com/ershoufang/105118145453.html
两梯三户大平层，坐拥一线半岛公园河景，南北通朝南,"半岛1号十一期 , 白云新城",4室2厅,112.85平米,东南,精装,24层 ,,塔楼,98 万,8685 元,1,,,VR看装修 | 房本满五年 | 随时看房,https://hui.lianjia.com/ershoufang/105118628845.html
临深大社区，南北通带装修三房，无抵押，价格可以谈,"万城名座花园 , 白云新城",3室2厅,100.2平米,南 北,精装,29层 ,,板塔结合,98 万,9781 元,0,,,VR房源 | 房本满两年 | 随时看房,https://hui.lianjia.com/ershoufang/105120864711.html
户型方正。采光好，视野无遮挡。,"千禧嘉园 , 万达",2室2厅,74.82平米,北,,23层 ,,板塔结合,33.8 万,4518 元,0,,,VR看装修 | 房本满两年 | 随时看房,https://hui.lianjia.com/ershoufang/105113379440.html
户型房子 通风采光很好 业主诚心出售,"盛湾名居 , 澳头",3室2厅,89平米,南,简装,33层 ,,塔楼,44 万,4944 元,1,,,VR看装修 | 房本满五年 | 随时看房,https://hui.lianjia.com/ershoufang/105121809724.html
房子户型方正采光好，中高楼层。,"华彩公馆 , 大亚湾中心区",4室2厅,107.36平米,南,毛坯,24层 ,,板塔结合,35 万,3261 元,0,,,VR看装修 | 房本满五年 | 随时看房,https://hui.lianjia.com/ershoufang/105120507591.html
"佳兆业壹号花园全新装修没有住过,高层看花园","佳兆业壹号花园 , 龙丰",3室2厅,103.6平米,南 北,精装,高楼层(共34层) ,,板塔结合,82 万,7916 元,1,,,VR房源 | 随时看房,https://hui.lianjia.com/ershoufang/105113881299.html
高尔夫1号看高尔夫球场5房，景色绝美，中高楼层,"建曙高尔夫1号 , 区政府",5室2厅,125.72平米,南,精装,30层 ,,塔楼,119 万,9466 元,0,,,VR看装修 | 房本满五年 | 随时看房,https://hui.lianjia.com/ershoufang/105118745940.html
业主急售：朝南看花园 明厨明卫 采光通风视野开阔,"实地常春藤 , 三和经济开发区",3室2厅,108平米,南 北,毛坯,33层 ,,板塔结合,40 万,3704 元,0,,,VR看装修,https://hui.lianjia.com/ershoufang/105117220883.html
江北新装修 3+1房 装修很漂亮 中间楼层,"雨花香府 , 江北",4室2厅,116.16平米,东南 南,精装,中楼层(共17层) ,,,108 万,9298 元,0,,,VR看装修 | 房本满两年,https://hui.lianjia.com/ershoufang/105122171033.html
鸿润叠韵，带装修四房，诚意出售,"鸿润·叠韵 , 河南岸",4室2厅,141.57平米,南,精装,中楼层(共32层) ,,塔楼,99.8 万,7050 元,0,,,VR看装修 | 随时看房,https://hui.lianjia.com/ershoufang/105111008246.html
房子是满二没有增值税了，中间楼层采光和通风效果好,"长通熙园 , 开城大润发",2室1厅,70.12平米,南,,32层 ,,板楼,46 万,6561 元,1,,,VR房源 | 房本满五年 | 随时看房,https://hui.lianjia.com/ershoufang/105119417374.html
带大露台 轻轨口 2023年小区南北向4房 很漂亮,"翔顺花园 , 龙丰",4室2厅,115.4平米,东南,精装,低楼层(共27层) ,,板塔结合,148 万,12825 元,0,,,VR房源 | 房本满两年 | 随时看房,https://hui.lianjia.com/ershoufang/105122093370.html
临深大社区 通透 楼层好 视野宽阔  配套齐全,"龙光城北二期 , 龙光城",4室1厅,127.98平米,南 北,毛坯,29层 ,,板塔结合,115 万,8986 元,2,,,VR房源 | 房本满五年 | 随时看房,https://hui.lianjia.com/ershoufang/105122041607.html
临深百万大盘，牧云溪谷，环境优美楼层好,"牧云溪谷六期云禧 , 新圩",2室2厅,72平米,西南 西,毛坯,32层 ,,板塔结合,69 万,9584 元,0,,,VR看装修 | 随时看房,https://hui.lianjia.com/ershoufang/105121827307.html
龙光城南四期五房，业主诚心出售,"龙光城南四期 , 龙光城",5室2厅,114.65平米,东 北,简装,34层 ,,塔楼,106 万,9246 元,1,,,VR看装修,https://hui.lianjia.com/ershoufang/105120884341.html
惠州市大亚湾西区大悦花园4房2厅两卫业主诚心出售,"大悦花园 , 比亚迪商圈",4室2厅,88.26平米,南,毛坯,27层 ,,板塔结合,36 万,4079 元,1,,,VR看装修 | 房本满五年 | 随时看房,https://hui.lianjia.com/ershoufang/105122091628.html
东山森林公园旁边 四季嘉园，架空式园林,"华泓四季嘉园 , 博罗中心区",1室2厅,55平米,南 西南,精装,28层 ,,板塔结合,23 万,4182 元,0,,,VR房源 | 随时看房,https://hui.lianjia.com/ershoufang/105122170292.html
次新鹿江风华带露台  湿地公园鹿江旁 四房大客厅,"新城鹿江风华 , 水口",4室2厅,122平米,南 北,毛坯,低楼层(共33层) ,,板塔结合,108 万,8853 元,0,,,VR看装修 | 随时看房,https://hui.lianjia.com/ershoufang/105117219397.html
业主急售，红本在手，随时可以看房,"口岸外商公寓 , 惠环",1室1厅,58.58平米,南,简装,9层 ,,板塔结合,13 万,2220 元,0,,,VR看装修 | 房本满五年 | 随时看房,https://hui.lianjia.com/ershoufang/105121593382.html
惠州南站满五年星河丹堤物业成熟社区山景洋房学府相伴,"星河丹堤E区 , 南站新城",3室2厅,92.64平米,南 北,毛坯,32层 ,,,78 万,8420 元,40,,,VR看装修 | 房本满五年 | 随时看房,https://hui.lianjia.com/ershoufang/105106906261.html
想要一线海景又要价格实惠的来看房，楼下海边绿道,"合生海角一号 , 十里银滩",1室1厅,41平米,南,精装,19层 ,,板塔结合,12.8 万,3122 元,2,,,VR看装修 | 房本满五年 | 随时看房,https://hui.lianjia.com/ershoufang/105121980289.html
水岸城二三期88平3房，户型方正可看江景,"中信水岸城二三期 , 东江新城",3室2厅,88平米,东南,简装,25层 ,,板楼,78 万,8864 元,0,,,VR看装修 | 随时看房,https://hui.lianjia.com/ershoufang/105122235402.html
大亚湾，二房二厅，精装修，业主诚心卖,"当代上品湾花园 , 澳头",2室2厅,74平米,东南,精装,34层 ,,板塔结合,35 万,4730 元,0,,,VR看装修 | 房本满五年 | 随时看房,https://hui.lianjia.com/ershoufang/105121843686.html
楼层好，视野开阔，采光好，通风好，税费少,"卓越东部蔚蓝海岸三期 , 西区新寮",3室2厅,84.97平米,南,毛坯,33层 ,,板塔结合,54 万,6356 元,0,,,VR看装修 | 房本满五年 | 随时看房,https://hui.lianjia.com/ershoufang/105121081211.html
名流印象3房，使用率高，可拎包入住的装修，随时看房,"名流印象 , 河南岸",3室2厅,88平米,东北,精装,中楼层(共23层) ,,板塔结合,63.8 万,7250 元,0,,,VR看装修 | 随时看房,https://hui.lianjia.com/ershoufang/105122155893.html
满五唯一无个税 红本在手无欠款 南北通透得房率高,"锦绣学府 , 澳头",4室2厅,107.76平米,东南 北,毛坯,30层 ,,板塔结合,66 万,6125 元,0,,,VR看装修 | 房本满五年 | 随时看房,https://hui.lianjia.com/ershoufang/105115618783.html
秋谷林海 原价高  满五唯一无个税 四房 南北通透,"秋谷·林海 , 比亚迪商圈",4室2厅,87.19平米,南 北,精装,26层 ,,板塔结合,55 万,6309 元,1,,,VR看装修 | 房本满五年 | 随时看房,https://hui.lianjia.com/ershoufang/105121959258.html
房子旁边就是天虹还有大润发楼下的商铺也全部营业,"中梁V城市 , 开城大润发",2室2厅,57平米,南,,31层 ,,板塔结合,30 万,5264 元,3,,,VR房源 | 随时看房,https://hui.lianjia.com/ershoufang/105117133859.html
复式上下楼层 使用率高 业主诚心出售,"富川瑞园 , 惠环",2室2厅,46.24平米,南,毛坯,高楼层(共20层) ,,板塔结合,23 万,4975 元,0,,,VR看装修 | 房本满两年 | 随时看房,https://hui.lianjia.com/ershoufang/105122104157.html
万达商圈金龟山大峡谷一期业主诚意出售,"御玺山大峡谷一期 , 比亚迪商圈",2室1厅,75平米,南,,32层 ,,板塔结合,32.5 万,4334 元,0,,,VR看装修 | 随时看房,https://hui.lianjia.com/ershoufang/105121758256.html
龙光城南四期 装修三房 朝南看山景 满五唯一 配套齐全,"龙光城南四期 , 龙光城",3室2厅,89平米,东南,简装,34层 ,,板塔结合,77 万,8652 元,1,,,VR看装修 | 随时看房,https://hui.lianjia.com/ershoufang/105121793746.html
海伦堡南北通透看花园 视野开阔 户型方正 生活便利,"海伦堡爱Me城市 , 澳头",3室2厅,102.77平米,南 北,毛坯,32层 ,,板塔结合,45 万,4379 元,4,,,VR看装修 | 房本满两年 | 随时看房,https://hui.lianjia.com/ershoufang/105112297396.html
中楼层，精装，保养很好，拎包入住，视野开阔,"星河丹堤F区 , 南站新城",3室2厅,90.91平米,东北,精装,34层 ,,板塔结合,83 万,9130 元,4,,,VR看装修 | 随时看房,https://hui.lianjia.com/ershoufang/105117206462.html
龙丰城轨出口旁，金辉新苑大阳台两房,"金輝新苑 , 龙丰",2室2厅,90.63平米,东,简装,低楼层(共9层) ,,板塔结合,40 万,4414 元,0,,,VR房源 | 房本满两年 | 随时看房,https://hui.lianjia.com/ershoufang/105120919732.html
此房满五年，小区安静，看房方便，业主诚心出售。,"德丰·五月花花园 , 西区新寮",1室1厅,31.14平米,南,精装,8层 ,,板塔结合,21 万,6744 元,0,,,VR看装修,https://hui.lianjia.com/ershoufang/105121320942.html
乙府标准大3房，朝南安静，附带一个200平独立大露台,"隆生西江花园 , 东江新城",3室2厅,121.76平米,南,,低楼层(共28层) ,,塔楼,148 万,12156 元,0,,27天以前发布,VR房源 | 随时看房,https://hui.lianjia.com/ershoufang/105122298718.html
梵高的花园精装2房，南向看花园，楼层好，视野开阔,"梵高的花园 , 江北",2室1厅,85.14平米,南,,高楼层(共31层) ,,板塔结合,88 万,10336 元,0,,,VR房源 | 房本满两年,https://hui.lianjia.com/ershoufang/105121725366.html
德威江誉城二期大社区精致一房一厅,"德威江誉城Ⅱ期 , 马安",1室1厅,42.7平米,北,精装,19层 ,,板塔结合,29 万,6792 元,2,,,VR房源 | 随时看房,https://hui.lianjia.com/ershoufang/105120770408.html
户型方正采光通透明亮，好楼层，东南朝向,"牧云溪谷·和悦府 , 新圩",4室2厅,115.67平米,东南,毛坯,31层 ,,板塔结合,127 万,10980 元,1,,,VR看装修 | 随时看房,https://hui.lianjia.com/ershoufang/105122081659.html
山湖海上城4房2厅1卫    环境好  交通便利,"山湖海上城 , 惠东县城",4室2厅,116平米,南,精装,32层 ,,塔楼,52.8 万,4552 元,0,,,VR看装修 | 随时看房,https://hui.lianjia.com/ershoufang/105121846423.html
梵高的花园精装2房，南向看花园，现代风,"梵高的花园 , 江北",3室1厅,85.14平米,南,,高楼层(共31层) ,,板塔结合,88 万,10336 元,0,,,VR房源 | 房本满五年,https://hui.lianjia.com/ershoufang/105121725390.html
央企华润 品牌开发商，中间楼层采光视野好,"曦江润府 , 东江新城",3室2厅,96.72平米,南,毛坯,中楼层(共33层) ,,塔楼,99 万,10236 元,3,,,VR看装修 | 随时看房,https://hui.lianjia.com/ershoufang/105118533010.html
房子是复式的，上下两层，已经做好阁楼,"龙光城南一期 , 龙光城",7室2厅,123.5平米,南,,30层 ,,板塔结合,93.8 万,7596 元,0,,,VR房源 | 随时看房,https://hui.lianjia.com/ershoufang/105120089929.html
间层通风采光好，业主诚心出售卖，,"悦玺公馆 , 澳头",4室2厅,118.42平米,东南,,33层 ,,板塔结合,50 万,4223 元,0,,,VR看装修 | 随时看房,https://hui.lianjia.com/ershoufang/105119580171.html
合生大社区 精装四房 中间楼层 南向看花园,"合生·上观国际 , 水口",4室2厅,159.89平米,南,精装,中楼层(共29层) ,,塔楼,120 万,7506 元,0,,,VR看装修 | 房本满五年,https://hui.lianjia.com/ershoufang/105121469309.html
南贸花园 88平带装修三房 钥匙看房诚心出售,"南贸花园 , 水口",3室2厅,88平米,东南,,中楼层(共17层) ,,塔楼,69 万,7841 元,0,,,VR看装修 | 随时看房,https://hui.lianjia.com/ershoufang/105122150719.html
荷兰小城四房两厅两卫，业主诚意出售,"光耀荷兰小城 , 陈江",4室2厅,101平米,南,毛坯,33层 ,,板塔结合,55 万,5446 元,1,,,VR看装修 | 随时看房,https://hui.lianjia.com/ershoufang/105121381494.html
惠城区江北 精装大三房出售 采光好 户型方正,"邮电新村 , 江北",3室2厅,100平米,南,简装,高楼层(共8层) ,,板楼,65 万,6500 元,0,,,VR看装修,https://hui.lianjia.com/ershoufang/105121868065.html
中信水岸城一期 3室1厅 南,"中信水岸城一期 , 东江新城",3室1厅,84平米,南,精装,18层 ,,板塔结合,130 万,15477 元,0,,,VR房源,https://hui.lianjia.com/ershoufang/105121793997.html
家华名都花园 4室2厅 南,"家华名都花园 , 陈江",4室2厅,155平米,南,精装,24层 ,,塔楼,95 万,6130 元,0,,,VR房源 | 房本满两年,https://hui.lianjia.com/ershoufang/105122055960.html
惠州江北好地段，住宅性质70年产权！好出租！,"瑞嘉大厦 , 江北",1室1厅,42平米,西南,精装,26层 ,,板楼,29.6 万,7048 元,0,,,VR看装修 | 随时看房,https://hui.lianjia.com/ershoufang/105121108668.html
中洲云睿府，三房，次新房，山姆会员店，金山湖医院,"中洲云睿府 , 河南岸",3室2厅,88.27平米,南,毛坯,30层 ,,塔楼,80 万,9064 元,0,,,VR看装修 | 房本满两年 | 随时看房,https://hui.lianjia.com/ershoufang/105122104828.html
户型方正，采光好，视野好，无遮挡,"听涛雅苑 , 大亚湾中心区",2室1厅,32.77平米,东,简装,7层 ,,板塔结合,19.2 万,5860 元,0,,,VR房源 | 房本满五年 | 随时看房,https://hui.lianjia.com/ershoufang/105119739112.html
儿童公园 比亚迪御蓝湾南北通毛坯四房,"御蓝湾花园 , 万达",4室2厅,101.14平米,南 北,毛坯,17层 ,,板塔结合,58 万,5735 元,2,,,VR看装修 | 房本满五年 | 随时看房,https://hui.lianjia.com/ershoufang/105115861812.html
侨城水岸 大社区 140平大4房 双阳台,"侨城水岸 , 惠东县城",4室2厅,140.22平米,东南,毛坯,高楼层(共24层) ,,板塔结合,133.5 万,9521 元,0,,,VR看装修 | 房本满五年 | 随时看房,https://hui.lianjia.com/ershoufang/105119849670.html
红本房，交易快捷，东南朝向，楼层高，阳台看湖景,"泰丰牧马湖 , 万达",3室2厅,89.99平米,南 东,毛坯,33层 ,,板楼,67 万,7446 元,3,,,VR看装修 | 房本满两年 | 随时看房,https://hui.lianjia.com/ershoufang/105115675240.html
大社区成熟片区，绿化环境空气好生活便利，鹿江花园,"合生·上观国际 , 水口",3室2厅,92平米,南 北,精装,中楼层(共18层) ,,塔楼,78 万,8479 元,0,,,VR看装修 | 随时看房,https://hui.lianjia.com/ershoufang/105121735972.html
刚需实用户型，业主诚心出售，毛坯，有证，大社区,"光耀荷兰小城 , 陈江",3室2厅,80.19平米,北,毛坯,33层 ,,板塔结合,35 万,4365 元,0,,,VR看装修 | 房本满五年 | 随时看房,https://hui.lianjia.com/ershoufang/105114187200.html
海景城大4房2卫  精装带家私电器   滨海公园旁,"海景城 , 澳头",4室2厅,120.47平米,南,,33层 ,,板塔结合,70 万,5811 元,1,,,VR看装修 | 房本满五年 | 随时看房,https://hui.lianjia.com/ershoufang/105117534755.html
吾悦广场旁 3加1 朝南 看淡澳河,"亲水湾 , 吾悦广场",3室2厅,87.06平米,南,毛坯,22层 ,,塔楼,45 万,5169 元,2,,,VR房源 | 随时看房,https://hui.lianjia.com/ershoufang/105117987188.html
中间楼层，已经交了电梯钱，户型方正采光好，2个卫生,"金阁苑 , 下角",3室2厅,102平米,南,精装,中楼层(共7层) ,,板塔结合,65 万,6373 元,0,,,VR看装修 | 房本满五年,https://hui.lianjia.com/ershoufang/105121519511.html
马安曦江润府 3房 毛坯房 诚意出售,"曦江润府 , 东江新城",3室1厅,96.49平米,南,,中楼层(共33层) ,,塔楼,115 万,11919 元,1,,,VR看装修 | 房本满两年 | 随时看房,https://hui.lianjia.com/ershoufang/105120149116.html
红本在手无欠款、中间楼层、装修直接拎包入住,"中兴佳苑 , 大亚湾中心区",4室2厅,109.73平米,南,精装,26层 ,,塔楼,48.8 万,4448 元,1,,,VR看装修 | 房本满五年 | 随时看房,https://hui.lianjia.com/ershoufang/105114929727.html
南向品字型4房中间好楼层看园景视野开阔满五年,"方直君御 , 东江新城",4室2厅,125平米,南,毛坯,中楼层(共31层) ,,塔楼,184 万,14720 元,0,,,VR看装修 | 房本满五年 | 随时看房,https://hui.lianjia.com/ershoufang/105121711471.html
儿童公园旁，精装3房 视野开阔 采光好，业主急售,"恒大悦龙台 , 万达",3室1厅,85.92平米,南,精装,32层 ,,板塔结合,63 万,7333 元,0,,,VR房源 | 房本满五年 | 随时看房,https://hui.lianjia.com/ershoufang/105121989876.html
中信水岸城 一线江景  无遮挡  全新毛坯  通风好,"中信水岸城二三期 , 东江新城",4室2厅,170平米,南 北,毛坯,29层 ,,板楼,177 万,10412 元,2,,,VR房源 | 随时看房,https://hui.lianjia.com/ershoufang/105119799624.html
大湖溪山水龙城 南北通三房两卫 户型使用率高 有钥匙,"宝安山水龙城 , 水口",3室2厅,87.07平米,西北,毛坯,高楼层(共27层) ,,塔楼,60 万,6892 元,1,,,VR看装修 | 房本满五年 | 随时看房,https://hui.lianjia.com/ershoufang/105121860121.html
双城峰景精 装3房2卫 楼下商 业体 生活方便,"双城峰景 , 博罗石湾",3室2厅,96平米,南,精装,27层 ,,板塔结合,72 万,7500 元,0,,,VR看装修 | 随时看房,https://hui.lianjia.com/ershoufang/105121685821.html
益田万达双商圈，二房两厅采光好1,"东部阳光花园 , 万达",2室2厅,81.08平米,东南 南,精装,31层 ,,板塔结合,51 万,6291 元,0,,,VR看装修 | 房本满五年 | 随时看房,https://hui.lianjia.com/ershoufang/105120904000.html
此房原值高，税费少  精装修 户型方正，采光好，,"荣盛御景澜湾 , 澳头",3室2厅,90.21平米,南,精装,33层 ,,板塔结合,47 万,5211 元,1,,,VR房源 | 房本满两年 | 随时看房,https://hui.lianjia.com/ershoufang/105121753359.html
中间楼层，刚需三房，采光充足，读德威,"中信水岸城7期 , 东江新城",3室2厅,88.5平米,南,毛坯,32层 ,,板塔结合,88 万,9944 元,1,,,VR看装修 | 房本满五年 | 随时看房,https://hui.lianjia.com/ershoufang/105118831535.html
澳头菁华园沃尔玛门口3房朝南精装修,"菁华园 , 澳头",3室2厅,107.09平米,南,精装,中楼层(共20层) ,,板塔结合,55 万,5136 元,0,,17天以前发布,VR房源 | 随时看房,https://hui.lianjia.com/ershoufang/105122378469.html
高品质大型小区、环境好，深圳与惠州交界处，楼层好,"牧云溪谷二期云尚 , 新圩",3室1厅,88.02平米,东南,精装,29层 ,,塔楼,109 万,12384 元,0,,21天以前发布,VR看装修 | 房本满五年 | 随时看房,https://hui.lianjia.com/ershoufang/105122344936.html
鼎峰国汇山 大花园社区 精装修南北4房 视野好 安静,"鼎峰国汇山 , 江北",4室2厅,124.75平米,南,精装,低楼层(共28层) ,,板塔结合,159 万,12746 元,0,,,VR房源 | 房本满五年,https://hui.lianjia.com/ershoufang/105122106902.html
业主诚心出售 次新小区 朝南向 采光好 户型靓,"东方铂悦府 , 新行政区",3室2厅,89.79平米,东南,毛坯,29层 ,,板塔结合,60 万,6683 元,0,,,VR看装修 | 房本满两年 | 随时看房,https://hui.lianjia.com/ershoufang/105121382595.html
山姆会员店旁世纪金湖花园 小区环境安静,"世纪金湖花园 , 河南岸",4室2厅,116.79平米,南,毛坯,31层 ,,板塔结合,108 万,9248 元,0,,,VR看装修 | 随时看房,https://hui.lianjia.com/ershoufang/105113811126.html
恒大悦龙台精装三房，业主急售！！！,"恒大悦龙台 , 万达",3室2厅,85平米,北,精装,32层 ,,板塔结合,59 万,6942 元,0,,15天以前发布,VR房源 | 房本满两年 | 随时看房,https://hui.lianjia.com/ershoufang/105122404613.html
德洲中心城 3室2厅 南,"德洲中心城 , 大亚湾中心区",3室2厅,94.86平米,南,毛坯,32层 ,,板塔结合,38 万,4006 元,1,,,VR看装修 | 房本满五年 | 随时看房,https://hui.lianjia.com/ershoufang/105121906317.html
凯旋城 3房  南向光照好，通风效果好！,"中海凯旋城五六期 , 河南岸",3室2厅,87.43平米,东南,毛坯,32层 ,,板塔结合,72 万,8236 元,0,,,VR看装修 | 房本满五年 | 随时看房,https://hui.lianjia.com/ershoufang/105122092279.html
万达，11层洋房，红本在手不欠款，交易简单,"熊猫国际三期 , 万达",3室2厅,125.32平米,南 北,简装,11层 ,,塔楼,83 万,6624 元,1,,,VR看装修 | 房本满五年 | 随时看房,https://hui.lianjia.com/ershoufang/105120874250.html
乐基大厦小区属于惠阳淡水2017年的房子 近高速,"乐基大厦 , 区政府",4室2厅,87.92平米,南,毛坯,29层 ,,板塔结合,48 万,5460 元,0,,,VR看装修 | 房本满五年 | 随时看房,https://hui.lianjia.com/ershoufang/105119252071.html
尚城世家，全屋智能装修，拎包入住,"尚城世家二期 , 区政府",2室2厅,81.37平米,西,,26层 ,,板塔结合,68 万,8357 元,0,,,VR看装修 | 房本满五年 | 随时看房,https://hui.lianjia.com/ershoufang/105121326180.html
区政府天虹商场旁边，交通方便  精装两房，拎包入住,"鼎盛广场 , 区政府",2室2厅,66.5平米,东南,精装,33层 ,,板塔结合,26 万,3910 元,5,,,VR房源 | 随时看房,https://hui.lianjia.com/ershoufang/105113096279.html
万科金枫花园94平方 精装修三房 诚心出售,"万科中交金枫花园 , 马安",3室2厅,93.32平米,南,精装,中楼层(共27层) ,,塔楼,95 万,10181 元,0,,,VR看装修 | 房本满两年 | 随时看房,https://hui.lianjia.com/ershoufang/105116883358.html
临深白云新城，带装修三房，近沙田地铁口,"鹏城里 , 白云新城",3室2厅,93.44平米,东北,简装,28层 ,,板塔结合,47.8 万,5116 元,0,,25天以前发布,VR看装修 | 房本满五年 | 随时看房,https://hui.lianjia.com/ershoufang/105122309811.html
业主诚心出售 随时可以看房 高楼层,"天健书香名邸 , 新圩",4室2厅,122.97平米,南 北,毛坯,32层 ,,塔楼,55 万,4473 元,1,,,VR看装修 | 房本满两年 | 随时看房,https://hui.lianjia.com/ershoufang/105121771626.html
满五唯一  实用朝南两房 通风采光好,"锦地繁花 , 西区新寮",2室2厅,77.21平米,南,毛坯,21层 ,,板塔结合,42 万,5440 元,0,,27天以前发布,VR房源 | 随时看房,https://hui.lianjia.com/ershoufang/105122297731.html
马安金山新城铂钻4房 采光视野好 业主诚心出售,"铂钻花园 , 东江新城",4室2厅,114.93平米,南,毛坯,27层 ,,板塔结合,95 万,8266 元,0,,,VR看装修 | 房本满两年 | 随时看房,https://hui.lianjia.com/ershoufang/105119580655.html
美丽洲 4室1厅 东南,"美丽洲 , 马安",4室1厅,138.7平米,东南,,高楼层(共32层) ,,塔楼,110 万,7931 元,0,,,VR看装修 | 房本满两年 | 随时看房,https://hui.lianjia.com/ershoufang/105121596327.html
海景城大社区 户型方正 高层视野开阔,"海景城 , 澳头",4室2厅,120.47平米,南 北,毛坯,33层 ,,板塔结合,60 万,4981 元,1,,,VR看装修 | 房本满五年 | 随时看房,https://hui.lianjia.com/ershoufang/105117589812.html
全新精装，南北双阳台双卫，楼层视野佳，红本，税费低,"美悦湾 , 大亚湾中心区",3室2厅,91.41平米,南 北,精装,中楼层(共33层) ,,板楼,57 万,6236 元,2,,29天以前发布,VR看装修 | 随时看房,https://hui.lianjia.com/ershoufang/105122273567.html
小区地理位置优越，楼层采光好，花园绿化好，,"鑫月御园 , 秋长",3室2厅,93.22平米,东南,毛坯,31层 ,,板塔结合,43 万,4613 元,0,,,VR看装修 | 房本满两年 | 随时看房,https://hui.lianjia.com/ershoufang/105112698232.html
皇冠豪苑 147平 4加1房 一线看江  两梯两户纯板式楼,"万城皇冠豪苑 , 水口",5室2厅,147.81平米,南,毛坯,22层 ,,板楼,142 万,9607 元,0,,,VR看装修 | 房本满两年 | 随时看房,https://hui.lianjia.com/ershoufang/105121315130.html
一线江景，红本在手，7米大阳台，凤凰楼层，拎包入住,"中信水岸城二三期 , 东江新城",3室2厅,167.83平米,东南,精装,32层 ,,板楼,175 万,10428 元,0,,,VR房源 | 房本满两年 | 随时看房,https://hui.lianjia.com/ershoufang/105122092084.html
户型布局合理  儿童老人活动区域热闹  生活舒适惬意,"渝景湾花园四期 , 澳头",3室2厅,96.48平米,南,简装,低楼层(共26层) ,,板塔结合,27 万,2799 元,7,,,VR房源 | 房本满五年 | 随时看房,https://hui.lianjia.com/ershoufang/105113037142.html
壹城精装修三房 业主自住保养好 可拎包入住,"壹城中心1区 , 陈江",3室2厅,88.9平米,南,精装,低楼层(共32层) ,,塔楼,75 万,8437 元,0,,,VR看装修,https://hui.lianjia.com/ershoufang/105121241501.html
无个人所得税，得房高，楼层好，带装修四房,"盛湾名居 , 澳头",4室2厅,113.09平米,南 北,简装,22层 ,,塔楼,63 万,5571 元,1,,,VR房源 | 房本满五年 | 随时看房,https://hui.lianjia.com/ershoufang/105119452174.html
"满五唯一，南北通透看花园景观,视野开阔，绿化高","星河丹堤G区 , 南站新城",3室2厅,86.71平米,南 北,毛坯,34层 ,,板塔结合,69 万,7958 元,3,,,VR房源 | 房本满五年 | 随时看房,https://hui.lianjia.com/ershoufang/105118483097.html
边位三房两卫，南向采光充足，视野开阔,"小径海岸城花园 , 霞涌",3室1厅,104平米,南,精装,33层 ,,板塔结合,48.8 万,4693 元,1,,,VR房源 | 随时看房,https://hui.lianjia.com/ershoufang/105120922894.html
采光通风效果好，业主诚意出售，小区舒服.,"惠州星河盛世 , 白云新城",4室2厅,89.26平米,西南,,33层 ,,板塔结合,56 万,6274 元,0,,,VR看装修 | 随时看房,https://hui.lianjia.com/ershoufang/105116641404.html
科技园旁，次新小区，实用四房。,"仁和美地家园 , 吾悦广场",4室2厅,114.97平米,南 北,毛坯,32层 ,,塔楼,66.9 万,5819 元,1,,,VR看装修 | 房本满两年 | 随时看房,https://hui.lianjia.com/ershoufang/105120905598.html
轻轨物业 金辉新苑精装大三房 保养好 拎包入住,"金輝新苑 , 龙丰",3室2厅,130.34平米,北,精装,中楼层(共9层) ,,板塔结合,75 万,5755 元,0,,,VR房源 | 房本满五年 | 随时看房,https://hui.lianjia.com/ershoufang/105118865051.html
顶楼复式4房上下2层 天台种菜 种花,"碧桂园翠湖湾 , 新圩",4室3厅,181.95平米,东南,精装,高楼层(共17层) ,,塔楼,116 万,6376 元,1,,,VR房源 | 房本满两年 | 随时看房,https://hui.lianjia.com/ershoufang/105120531228.html
满二唯一税费少，次新房，近吾悦广场,"香树丽苑 , 吾悦广场",3室1厅,91.74平米,南,,33层 ,,板塔结合,59 万,6432 元,0,,30天以前发布,VR房源 | 房本满五年 | 随时看房,https://hui.lianjia.com/ershoufang/105122259989.html
湖景房少见 新力花园一期117平方南北通透装修真材实料,"新力城一期 , 水口",3室2厅,117.67平米,南 北,精装,33层 ,,板楼,95 万,8074 元,0,,,VR看装修 | 房本满五年,https://hui.lianjia.com/ershoufang/105121806677.html
此房户型方正中间楼层南北通视野开阔，带装修拎包入住,"蓝湾半岛(大亚湾区) , 澳头",3室1厅,92平米,南,精装,20层 ,,板塔结合,42 万,4566 元,0,,,VR看装修 | 房本满五年 | 随时看房,https://hui.lianjia.com/ershoufang/105120691538.html
东江新城五期 小两房 中间楼层，视野开阔,"佳兆业东江新城五期 , 博罗中心区",2室2厅,74平米,东南,,中楼层(共34层) ,,板塔结合,28 万,3784 元,0,,,VR看装修 | 随时看房,https://hui.lianjia.com/ershoufang/105121944128.html
地铁3公里 朝南 采光好 看别墅景观 全新入住,"龙光城南四期 , 龙光城",5室2厅,114.41平米,南,,34层 ,,板塔结合,120 万,10489 元,0,,,VR看装修 | 随时看房,https://hui.lianjia.com/ershoufang/105122129456.html
惠阳高铁站旁，星河丹堤百万大社区，交通便利配套齐全,"星河丹堤F区 , 南站新城",3室2厅,104.75平米,北,精装,34层 ,,板塔结合,108 万,10311 元,2,,18天以前发布,VR房源 | 随时看房,https://hui.lianjia.com/ershoufang/105122372898.html
南向看小区园林，小区入住率高，生活方便,"龙光玖龙山 , 三和经济开发区",3室2厅,89.44平米,南,,32层 ,,板塔结合,53.8 万,6016 元,0,,,VR看装修 | 房本满两年 | 随时看房,https://hui.lianjia.com/ershoufang/105121816371.html
原购价高无个税，正南朝向，中高楼层 业主诚心出售,"恒大依山海湾 , 澳头",3室2厅,99.05平米,南,毛坯,中楼层(共32层) ,,板塔结合,46.8 万,4725 元,0,,,VR看装修 | 房本满两年 | 随时看房,https://hui.lianjia.com/ershoufang/105114522643.html
新装修，看房钥匙，朝南，采光好，带阳台,"丽格国际公寓 , 江北",1室1厅,41.83平米,东南,精装,30层 ,,塔楼,40 万,9563 元,0,,,VR看装修 | 房本满五年,https://hui.lianjia.com/ershoufang/105121887021.html
鹏达御西湖，满五唯一，税费低，正南向,"御景花园北区 , 下角",3室1厅,116.92平米,东南,精装,低楼层(共27层) ,,板塔结合,93.8 万,8023 元,1,,,VR房源 | 房本满五年 | 随时看房,https://hui.lianjia.com/ershoufang/105120553919.html
朝南采光带全屋家电+红本在手无欠款+拎包入住,"TCL康城四季 , 惠环",3室2厅,97.5平米,南 北,精装,18层 ,,塔楼,63 万,6462 元,3,,,VR看装修 | 房本满两年 | 随时看房,https://hui.lianjia.com/ershoufang/105114466272.html
红花湖海伦时光带一个车位一起出售三房二厅二卫,"海伦时光 , 龙丰",3室2厅,99.48平米,西南,,低楼层(共33层) ,,,49 万,4926 元,2,,,VR看装修 | 房本满五年 | 随时看房,https://hui.lianjia.com/ershoufang/105118061300.html
惠州南站 大两房 配套成熟 业主诚心出售 看房方便,"瑞景居 , 南站新城",2室2厅,83平米,南,精装,高楼层(共12层) ,,板塔结合,46 万,5543 元,1,,,VR看装修 | 房本满五年 | 随时看房,https://hui.lianjia.com/ershoufang/105114974129.html
推荐：带30平米露台！ 成熟社区 出行方便！标准3房！,"东湖花园一区 , 东平",3室2厅,99.3平米,南,,低楼层(共8层) ,,板塔结合,48 万,4834 元,0,,,VR房源 | 房本满五年 | 随时看房,https://hui.lianjia.com/ershoufang/105120275455.html
高尔夫球场，绿化面积大，中间楼层，视野宽阔,"恒大棕榈岛 , 白云新城",3室2厅,94.64平米,东南,毛坯,29层 ,,板塔结合,49 万,5178 元,3,,,VR看装修 | 房本满五年 | 随时看房,https://hui.lianjia.com/ershoufang/105118580283.html
中天彩虹城南区 1室1厅 东,"中天彩虹城南区 , 开城大润发",1室1厅,30.47平米,东,精装,30层 ,,塔楼,12 万,3939 元,0,,,VR看装修 | 随时看房,https://hui.lianjia.com/ershoufang/105121750517.html
业主诚心出售，价格可以聊，看房方便,"嘉鸿新城博雅府 , 惠环",4室2厅,117.65平米,南 北,毛坯,24层 ,,,63 万,5355 元,1,,,VR房源 | 房本满两年 | 随时看房,https://hui.lianjia.com/ershoufang/105120079127.html
业主诚心出售，看房方便，交易简单。。。,"听涛雅苑 , 大亚湾中心区",2室2厅,39.05平米,北,毛坯,7层 ,,板塔结合,16 万,4098 元,2,,,VR房源 | 房本满五年 | 随时看房,https://hui.lianjia.com/ershoufang/105121971550.html
吾悦广场旁边凯悦春天小区中间楼层三房两卫、诚心出售,"锦阳凯悦春天 , 吾悦广场",3室2厅,92.29平米,南,毛坯,29层 ,,板塔结合,48 万,5201 元,0,,,VR看装修 | 房本满五年 | 随时看房,https://hui.lianjia.com/ershoufang/105121560924.html
临深万达商圈 小区新 环境好 户型方正 三房双卫 朝南,"珑廷广场 , 万达",3室2厅,102.72平米,南,精装,32层 ,,塔楼,88 万,8567 元,0,,,VR看装修 | 房本满两年 | 随时看房,https://hui.lianjia.com/ershoufang/105122112098.html
滨海公园旁次新小区，精装修朝南三房两卫,"当代上品湾花园 , 澳头",3室2厅,110.21平米,西 西北,精装,34层 ,,板塔结合,53.6 万,4864 元,1,,,VR看装修 | 房本满五年 | 随时看房,https://hui.lianjia.com/ershoufang/105120529758.html
楼栋好 ，好楼层，业主诚心出售，户型方正,"荣佳国韵二期 , 龙光城",3室2厅,125平米,南,简装,30层 ,,板楼,83 万,6640 元,0,,,VR看装修 | 随时看房,https://hui.lianjia.com/ershoufang/105121744845.html
近灿邦  大社区  精装修  户型方正  正南朝向,"碧桂园太东公园上城 , 吾悦广场",3室2厅,110.78平米,南,精装,33层 ,,板塔结合,80 万,7222 元,1,,,VR看装修 | 房本满两年 | 随时看房,https://hui.lianjia.com/ershoufang/105112937202.html
主急售，户型方正，看房方便价位低,"美悦湾 , 大亚湾中心区",2室2厅,67.92平米,南,毛坯,中楼层(共32层) ,,板楼,26 万,3829 元,3,,30天以前发布,VR看装修 | 房本满两年 | 随时看房,https://hui.lianjia.com/ershoufang/105122263591.html
门口双地铁公交线路+双商场+税费低+近万达寻找有缘人,"中铭君豪公寓 , 万达",2室2厅,67.15平米,南,简装,16层 ,,板塔结合,20 万,2979 元,3,,,VR看装修 | 房本满五年 | 随时看房,https://hui.lianjia.com/ershoufang/105120955229.html
业主急售、中高楼层、户型方正通透、看花园、园林优美,"太东星河丹堤天睿花园南区 , 吾悦广场",4室2厅,88.95平米,南,,34层 ,,板塔结合,66 万,7420 元,1,,,VR看装修 | 房本满五年 | 随时看房,https://hui.lianjia.com/ershoufang/105121389109.html
双城国际南区 朝南看花园 安静不吵 带南坛,"双城国际南区 , 江北",3室2厅,86平米,南,毛坯,中楼层(共18层) ,,塔楼,79.5 万,9245 元,0,,,VR看装修 | 随时看房,https://hui.lianjia.com/ershoufang/105118836156.html
一线临深白云新城南北通宇星水悦华府4房业主诚心急售,"宇星水悦华府 , 草洋新区",4室2厅,111.67平米,南 北,毛坯,31层 ,,板塔结合,73 万,6538 元,0,,,VR看装修 | 房本满两年 | 随时看房,https://hui.lianjia.com/ershoufang/105120650085.html
城市花园低楼层精装修三房 户型好朝南,"城市花園 , 江北",2室2厅,87.5平米,南,简装,低楼层(共7层) ,,板楼,79 万,9029 元,0,,,VR看装修 | 房本满五年 | 随时看房,https://hui.lianjia.com/ershoufang/105120802842.html
临深次新小区新力睿园方正三房格局好 双阳台,"新力睿园 , 白云新城",3室2厅,111.38平米,南,毛坯,中楼层(共32层) ,,板塔结合,68 万,6106 元,0,,,VR看装修 | 房本满两年 | 随时看房,https://hui.lianjia.com/ershoufang/105120412955.html
惠阳站 百万大盘星河物业 两梯三户 景观视野好,"星河丹堤E区 , 南站新城",3室2厅,108.57平米,南,毛坯,34层 ,,,90 万,8290 元,3,,,VR看装修 | 房本满两年 | 随时看房,https://hui.lianjia.com/ershoufang/105116180372.html
彩虹城北区  带装修 一室  天虹大润发,"中天彩虹城北区 , 开城大润发",1室1厅,30平米,东南,,30层 ,,塔楼,12.8 万,4267 元,0,,,VR看装修 | 房本满五年 | 随时看房,https://hui.lianjia.com/ershoufang/105120907318.html
花园中间高楼层前后无遮挡视野开阔采光好,"东江学府三期 , 河南岸",3室2厅,133平米,南 北,精装,高楼层(共18层) ,,板塔结合,126 万,9474 元,0,,,VR看装修 | 随时看房,https://hui.lianjia.com/ershoufang/105121970828.html
星河丹提，大平层两梯三户，看丰田水库中间楼层，五房,"星河丹堤G4区 , 南站新城",5室2厅,163.29平米,南,毛坯,33层 ,,板塔结合,188 万,11514 元,1,,,VR房源 | 随时看房,https://hui.lianjia.com/ershoufang/105122014923.html
江北义乌公寓47朝南急售28带南坛和惠台,"义乌商城公寓 , 江北",1室1厅,47平米,南,,中楼层(共28层) ,,板楼,28 万,5958 元,0,,8天以前发布,VR房源 | 随时看房,https://hui.lianjia.com/ershoufang/105122484026.html
壹城六期南北通大五房采光好楼龄新花园漂亮,"壹城中心6区 , 陈江",5室2厅,126.09平米,南 北,毛坯,高楼层(共32层) ,,塔楼,93 万,7376 元,0,,,VR看装修 | 房本满两年 | 随时看房,https://hui.lianjia.com/ershoufang/105119708975.html
南线轻轨口 中间楼层 无欠款视野好,"佳兆业壹号花园 , 龙丰",2室2厅,76平米,南,毛坯,中楼层(共32层) ,,板塔结合,48 万,6316 元,0,,,VR看装修 | 随时看房,https://hui.lianjia.com/ershoufang/105120232939.html
红本在手无欠款 没有出租过的 全屋定制瓷砖上墙,"国韵华府 , 吾悦广场",2室2厅,70.54平米,西北,精装,32层 ,,塔楼,50 万,7089 元,0,,,VR看装修 | 房本满两年 | 随时看房,https://hui.lianjia.com/ershoufang/105121742874.html
毛坯三房 惠城CBD江北次新楼盘,"江湾南岸二期 , 江北",3室2厅,121平米,东南,毛坯,低楼层(共39层) ,,板塔结合,140 万,11571 元,2,,,VR看装修 | 房本满两年 | 随时看房,https://hui.lianjia.com/ershoufang/105115895461.html
惠州港沃尔玛商圈，学 校成熟商圈，交通便利,"金润东方公寓 , 澳头",1室1厅,38.78平米,东,简装,28层 ,,板塔结合,13.6 万,3507 元,3,,,VR看装修 | 随时看房,https://hui.lianjia.com/ershoufang/105119828250.html
合生大三房户型优质 无抵押 业主急售,"合生·上观国际 , 水口",3室2厅,112平米,东南,毛坯,低楼层(共18层) ,,塔楼,82 万,7322 元,0,,,VR看装修 | 随时看房,https://hui.lianjia.com/ershoufang/105121603102.html
背靠板樟岭公园，视野开阔，无遮挡,"公园道花园 , 比亚迪商圈",2室2厅,72.71平米,南,精装,17层 ,,板楼,33 万,4539 元,2,,,VR看装修 | 房本满五年 | 随时看房,https://hui.lianjia.com/ershoufang/105120734145.html
碧桂园珑誉 大四房视野好 采光通透,"碧桂园珑誉花园 , 水口",4室2厅,128平米,南 北,毛坯,高楼层(共33层) ,,塔楼,80 万,6250 元,2,,,VR看装修 | 房本满五年 | 随时看房,https://hui.lianjia.com/ershoufang/105114105561.html
中信新城C区 四房带装修  南北通透采光号  诚心出售,"中信新城C区 , 南站新城",4室2厅,116平米,南 北,精装,34层 ,,板塔结合,85 万,7328 元,0,,,VR看装修 | 房本满五年,https://hui.lianjia.com/ershoufang/105121455972.html
视野开阔的2房2厅，业主诚意出售,"华裕居 , 惠环",2室2厅,74.44平米,北,毛坯,高楼层(共31层) ,,塔楼,30.8 万,4138 元,0,,,VR看装修 | 随时看房,https://hui.lianjia.com/ershoufang/105121781460.html
10分 钟到沙田站 自住装修红本在手楼栋位置好,"凯南莱弗城 , 西区新寮",4室2厅,108.88平米,南 北,精装,30层 ,,板塔结合,88 万,8083 元,0,,28天以前发布,VR看装修 | 房本满五年,https://hui.lianjia.com/ershoufang/105122285674.html
华润曦江润府 168平一线江景 总裁大平层 远眺金山湖,"曦江润府 , 东江新城",5室2厅,168.62平米,南 北,毛坯,中楼层(共33层) ,,塔楼,230 万,13641 元,0,,,VR看装修 | 房本满两年 | 随时看房,https://hui.lianjia.com/ershoufang/105121799479.html
成熟花园小高层，正三房，单价五千多,"丽江花园南区 , 区政府",3室2厅,106.6平米,北,简装,18层 ,,板塔结合,60 万,5629 元,0,,16天以前发布,VR房源 | 房本满五年 | 随时看房,https://hui.lianjia.com/ershoufang/105122388049.html
全新四房，看花园中间楼层，惠阳临深通勤自住改善房,"深荟城一期 , 白云新城",4室2厅,135.28平米,南 北,,32层 ,,板塔结合,117.5 万,8686 元,2,,,VR看装修 | 房本满五年 | 随时看房,https://hui.lianjia.com/ershoufang/105121343912.html
价格可聊 使用率高 出门就是商场,"菩提园 , 万达",8室3厅,416.7平米,南 北,毛坯,31层 ,,塔楼,260 万,6240 元,3,,,VR房源 | 房本满五年 | 随时看房,https://hui.lianjia.com/ershoufang/105120052078.html
花园中间南向大阳台看花园视野很舒服,"方直君御 , 东江新城",5室2厅,191平米,南 北,毛坯,低楼层(共24层) ,,塔楼,277 万,14503 元,0,,,VR看装修,https://hui.lianjia.com/ershoufang/105120458571.html
此房满五唯一，视野采光好，业主诚意出售,"龙富花园 , 大亚湾中心区",3室1厅,118.04平米,南,毛坯,22层 ,,塔楼,36 万,3050 元,5,,,VR看装修,https://hui.lianjia.com/ershoufang/105115132671.html
安居乐业，全新精装，朝南三房，业主出国急售,"南站新城 , 南站新城",3室2厅,100.27平米,南,精装,31层 ,,板塔结合,82 万,8178 元,0,,,VR看装修 | 随时看房,https://hui.lianjia.com/ershoufang/105121730795.html
视野好 看房方便 花园中间位置 诚心出售,"腾韵花园 , 陈江",2室1厅,73.22平米,南,毛坯,32层 ,,板塔结合,50 万,6829 元,0,,,VR看装修 | 房本满两年 | 随时看房,https://hui.lianjia.com/ershoufang/105122110078.html
隆生品质 三梯配套 中式园林 使用率高,"隆生西江花园 , 东江新城",4室2厅,138.9平米,南,毛坯,低楼层(共32层) ,,塔楼,158 万,11376 元,0,,,VR看装修 | 随时看房,https://hui.lianjia.com/ershoufang/105117750278.html
全新精装保养好 带家私家电 格局好 楼层好 视野好,"碧桂园天骄公馆 , 马安",3室2厅,94.9平米,东南,精装,中楼层(共34层) ,,板塔结合,82 万,8641 元,49,,,VR看装修 | 随时看房,https://hui.lianjia.com/ershoufang/105117416498.html
房子干净，业主装修用心，保养很好,"方直君御 , 东江新城",4室2厅,130.5平米,南,,低楼层(共28层) ,,塔楼,190 万,14560 元,0,,,VR看装修 | 房本满五年,https://hui.lianjia.com/ershoufang/105120443626.html
星河盛世  19年开发的新楼盘。业主诚心卖。,"惠州星河盛世 , 白云新城",3室2厅,117平米,南 北,,33层 ,,板塔结合,85 万,7265 元,0,,,VR看装修 | 随时看房,https://hui.lianjia.com/ershoufang/105115576446.html
惠东平山丽江东岸，精装修，中间靓楼层,"丽江东岸 , 惠东县城",4室2厅,146.46平米,南,精装,中楼层(共32层) ,,板塔结合,108 万,7375 元,0,,,VR房源,https://hui.lianjia.com/ershoufang/105121628781.html
园景大平层2梯2户南北通视野开阔好楼层满五年,"方直君御 , 东江新城",4室2厅,190.5平米,南 北,毛坯,中楼层(共24层) ,,塔楼,276 万,14489 元,0,,,VR看装修 | 房本满五年 | 随时看房,https://hui.lianjia.com/ershoufang/105119630225.html
万科金域华庭 4房2卫 安静不吵 近惠台和南坛 诚心售！,"万科金域华庭 , 江北",4室2厅,171.04平米,西,毛坯,中楼层(共30层) ,,板塔结合,171 万,9998 元,0,,,VR看装修 | 房本满五年 | 随时看房,https://hui.lianjia.com/ershoufang/105121943274.html
业主诚心卖、中间楼层、带装修、近山体、安静闲适,"星河丹堤C区 , 南站新城",4室2厅,135.34平米,南 北,精装,31层 ,,板塔结合,115 万,8498 元,5,,,VR看装修 | 房本满五年 | 随时看房,https://hui.lianjia.com/ershoufang/105117445882.html
户型方正  业主诚意出售  光线好,"隆生西江花园 , 东江新城",4室2厅,140平米,南 北,,低楼层(共32层) ,,塔楼,137 万,9786 元,0,,,VR看装修 | 随时看房,https://hui.lianjia.com/ershoufang/105119250443.html
金地柏悦府精装四房家私家电齐全拎包入住,"金地柏悦府 , 博罗石湾",4室2厅,120平米,南 北,精装,中楼层(共24层) ,,板塔结合,68.8 万,5734 元,0,,,VR看装修 | 随时看房,https://hui.lianjia.com/ershoufang/105119524052.html
方直星耀国际一线湖景五房双套间大平层,"方直星耀国际 , 河南岸",5室2厅,177平米,南 北,毛坯,低楼层(共45层) ,,板塔结合,400 万,22599 元,0,,,VR看装修 | 房本满五年 | 随时看房,https://hui.lianjia.com/ershoufang/105121503741.html
金山湖湖心岛内！精装修大三房 朝南看花园！安静舒适,"方直东岸 , 河南岸",3室2厅,131.35平米,南,,32层 ,,板塔结合,136 万,10355 元,1,,,VR看装修 | 房本满五年 | 随时看房,https://hui.lianjia.com/ershoufang/105118463538.html
楼层好 户型方正 南北通，楼层好 居住舒适,"德桂佳园一区 , 水口",4室2厅,119.21平米,东南,毛坯,中楼层(共26层) ,,塔楼,89 万,7466 元,0,,,VR房源 | 房本满两年 | 随时看房,https://hui.lianjia.com/ershoufang/105121419533.html
业主急卖，红本在手，无抵押，交通方便，配套成熟。,"卓洲悦园 , 万达",4室2厅,105.58平米,南 北,简装,32层 ,,板塔结合,80 万,7578 元,0,,,VR看装修 | 房本满两年 | 随时看房,https://hui.lianjia.com/ershoufang/105119950577.html
临深大盘，配套完善南北通户型，诚意出售。,"龙光城龙公馆 , 龙光城",4室2厅,143.29平米,南,精装,4层 ,,板楼,199 万,13888 元,2,,,VR房源 | 随时看房,https://hui.lianjia.com/ershoufang/105120677736.html
万达广场楼上装修四房，业主诚心出售。,"阳光圣菲 , 万达",4室1厅,114平米,北,精装,33层 ,,板塔结合,75 万,6579 元,0,,,VR房源 | 房本满两年 | 随时看房,https://hui.lianjia.com/ershoufang/105121770805.html
精装修全屋品牌家私家电楼下就是鹿江公园，适合居住。,"万城皇冠豪苑 , 水口",4室2厅,132.93平米,南,简装,21层 ,,板楼,155 万,11661 元,0,,,VR房源 | 房本满五年,https://hui.lianjia.com/ershoufang/105119739456.html
户型格局方正，全新未住过，楼层采光好,"卓越东部蔚蓝海岸八期 , 西区新寮",3室2厅,98平米,东,精装,中楼层(共33层) ,,板塔结合,88 万,8980 元,0,,,VR看装修 | 随时看房,https://hui.lianjia.com/ershoufang/105120028891.html
户型方正，业主诚意出售，密码看房，随时可看，,"保利天汇 , 河南岸",3室2厅,87.65平米,东南,,高楼层(共32层) ,,板塔结合,90 万,10269 元,1,,,VR房源 | 房本满两年 | 随时看房,https://hui.lianjia.com/ershoufang/105118571863.html
房子次新小区，环境好，户型方正实用,"新力东园 , 大亚湾中心区",3室2厅,91.22平米,南,毛坯,32层 ,,板楼,38.5 万,4221 元,2,,,VR看装修 | 房本满两年 | 随时看房,https://hui.lianjia.com/ershoufang/105121008530.html
富川瑞园二期3+1 好楼层，好价格 配套成熟,"富川瑞园 , 惠环",4室2厅,94.12平米,东南,毛坯,高楼层(共18层) ,,板塔结合,43 万,4569 元,0,,,VR房源 | 房本满两年 | 随时看房,https://hui.lianjia.com/ershoufang/105120776676.html
深圳业主 急售 中洲天御三期4房 看鸟巢  有钥匙,"中洲天御3期 , 河南岸",4室2厅,127.64平米,南 北,毛坯,中楼层(共32层) ,,板塔结合,135 万,10577 元,0,,,VR看装修 | 随时看房,https://hui.lianjia.com/ershoufang/105120617056.html
东江熙园四房两厅两卫 业主诚心出售,"佳兆业东江熙园 , 博罗中心区",4室2厅,118平米,南 北,毛坯,高楼层(共33层) ,,板塔结合,35 万,2967 元,1,,,VR看装修 | 随时看房,https://hui.lianjia.com/ershoufang/105120467112.html
业主诚意出售，视野好、户型靓。,"新时代花园二期 , 博罗中心区",3室2厅,125.54平米,南,毛坯,28层 ,,板塔结合,49 万,3904 元,0,,,VR看装修 | 房本满五年 | 随时看房,https://hui.lianjia.com/ershoufang/105115176136.html
急售！急售！急售！三个阳台少有户型汇鑫花园,"汇鑫花园 , 新行政区",3室2厅,123平米,南 北,毛坯,16层 ,,塔楼,45.8 万,3724 元,2,,,VR看装修 | 房本满五年 | 随时看房,https://hui.lianjia.com/ershoufang/105121494915.html
此房业主诚意出售，，此房采光充足，户型方正。,"小径海岸城花园 , 霞涌",3室2厅,104.4平米,南,精装,33层 ,,板塔结合,53 万,5077 元,5,,,VR看装修 | 房本满五年 | 随时看房,https://hui.lianjia.com/ershoufang/105111134858.html
：金山湖湖芯岛方正三房，南向看花园，景观开阔,"湖心岛1号花园 , 河南岸",3室1厅,104.31平米,南,毛坯,低楼层(共32层) ,,板塔结合,100 万,9587 元,0,,7天以前发布,VR房源 | 房本满两年 | 随时看房,https://hui.lianjia.com/ershoufang/105122491902.html
业主精致自装  一线湖景楼下即是金山湖公园 视野开阔,"泰丰·千花岛 , 河南岸",3室2厅,106.89平米,南,,33层 ,,板塔结合,159 万,14876 元,0,,,VR看装修 | 房本满五年 | 随时看房,https://hui.lianjia.com/ershoufang/105121108487.html
万达商圈、龙光物业、潮南看花园、	户型方正,"龙光玖龙花园 , 万达",4室2厅,109.75平米,南 北,精装,32层 ,,板塔结合,70 万,6379 元,1,,,VR看装修 | 随时看房,https://hui.lianjia.com/ershoufang/105120848964.html
碧桂园珑誉 四房南北通  一线湖景没遮挡,"碧桂园珑誉花园 , 水口",4室2厅,141.67平米,南 北,毛坯,中楼层(共33层) ,,塔楼,91 万,6424 元,0,,,VR看装修 | 房本满五年 | 随时看房,https://hui.lianjia.com/ershoufang/105121722974.html
临深品质三房，诚心出售！！！！,"卓越蔚蓝海岸七期 , 西区新寮",3室2厅,96平米,东南,精装,34层 ,,塔楼,78 万,8125 元,2,,,VR看装修,https://hui.lianjia.com/ershoufang/105121096588.html
海悦湾漂亮两房，保养好家私拎包入住,"碧桂园十里银滩海悦湾 , 十里银滩",2室1厅,67.48平米,西,精装,30层 ,,板塔结合,25.2 万,3735 元,1,,,VR看装修 | 房本满五年 | 随时看房,https://hui.lianjia.com/ershoufang/105121983502.html
房子带精装修家私家电全齐满五税费少,"亚迪二村二区 , 澳头",3室2厅,115.34平米,南 北,精装,32层 ,,板塔结合,38 万,3295 元,0,,,VR看装修 | 房本满五年 | 随时看房,https://hui.lianjia.com/ershoufang/105121340535.html
近澳头沃尔玛，生活配套齐全，中间楼层，简单装修,"德丰雅苑 , 澳头",2室2厅,79.01平米,东南,简装,中楼层(共17层) ,,板塔结合,23 万,2912 元,1,,,VR看装修 | 房本满五年,https://hui.lianjia.com/ershoufang/105121869796.html
业主诚心出售，楼层好，视野好，采光好，楼下海鲜市场,"龙海豪苑 , 澳头",2室2厅,86.76平米,南,,高楼层(共25层) ,,塔楼,50 万,5764 元,2,,,VR看装修 | 房本满五年 | 随时看房,https://hui.lianjia.com/ershoufang/105121251861.html
"大平台,朝南向，一线临深，户型利用率高","美景印象 , 西区新寮",3室2厅,100.58平米,南 北,精装,31层 ,,板塔结合,99.8 万,9923 元,6,,,VR房源 | 房本满五年 | 随时看房,https://hui.lianjia.com/ershoufang/105116945608.html
次新小区，房子楼层好，户型方正,"腾韵花园 , 陈江",3室2厅,98.28平米,南,毛坯,32层 ,,塔楼,56 万,5699 元,0,,,VR看装修 | 房本满两年 | 随时看房,https://hui.lianjia.com/ershoufang/105118555806.html
金山湖奥园领寓 精装 保养很好 朝南 花园小区管理,"奥园领寓 , 河南岸",1室1厅,27.68平米,南,精装,31层 ,,塔楼,16 万,5781 元,0,,,VR房源 | 房本满五年 | 随时看房,https://hui.lianjia.com/ershoufang/105120085755.html
星河S2区，朝南三房，中高楼层，全明格局，红本在手,"星河丹堤S2区 , 南站新城",3室2厅,78.73平米,南,毛坯,高楼层(共32层) ,,板塔结合,70 万,8892 元,4,,,VR看装修 | 房本满五年 | 随时看房,https://hui.lianjia.com/ershoufang/105119442302.html
格局方正，精装修，可拎包入住，,"海员新村 , 下角",3室1厅,70.29平米,南,精装,9层 ,,板塔结合,25.5 万,3628 元,1,,,VR看装修 | 房本满两年,https://hui.lianjia.com/ershoufang/105122073695.html
哇塞！碧桂园盛汇宝藏三房 精装美宅 谁能不心动呀！,"碧桂园盛汇 , 龙丰",3室2厅,96.04平米,南,精装,低楼层(共32层) ,,塔楼,82.8 万,8622 元,0,,,VR看装修 | 房本满五年 | 随时看房,https://hui.lianjia.com/ershoufang/105121126965.html
邻儿童公园 万达 次新小区 精装 两房 家私齐全 急售,"家悦龙庭 , 万达",2室2厅,57.59平米,南,精装,28层 ,,塔楼,49 万,8509 元,2,,,VR房源 | 随时看房,https://hui.lianjia.com/ershoufang/105121549239.html
标准3房两卫业主诚意出售，看房有钥匙,"熙龙花园 , 河南岸",3室2厅,132.56平米,南,精装,18层 ,,板塔结合,85 万,6413 元,1,,16天以前发布,VR房源 | 房本满五年,https://hui.lianjia.com/ershoufang/105122392114.html
户型方正  业主诚意出售  光线好,"隆生西江花园 , 东江新城",4室2厅,140平米,南 北,,低楼层(共32层) ,,塔楼,137 万,9786 元,0,,,VR看装修 | 随时看房,https://hui.lianjia.com/ershoufang/105119250443.html
万科金域华庭 4房2卫 安静不吵 近惠台和南坛 诚心售！,"万科金域华庭 , 江北",4室2厅,171.04平米,西,毛坯,中楼层(共30层) ,,板塔结合,171 万,9998 元,0,,,VR看装修 | 房本满五年 | 随时看房,https://hui.lianjia.com/ershoufang/105121943274.html
业主诚心卖、中间楼层、带装修、近山体、安静闲适,"星河丹堤C区 , 南站新城",4室2厅,135.34平米,南 北,精装,31层 ,,板塔结合,115 万,8498 元,5,,,VR看装修 | 房本满五年 | 随时看房,https://hui.lianjia.com/ershoufang/105117445882.html
此房满五唯一，视野采光好，业主诚意出售,"龙富花园 , 大亚湾中心区",3室1厅,118.04平米,南,毛坯,22层 ,,塔楼,36 万,3050 元,5,,,VR看装修,https://hui.lianjia.com/ershoufang/105115132671.html
东平大社区，楼层好，电梯房，通风好,"颐景花园 , 东平",3室2厅,107.34平米,东南,简装,中楼层(共10层) ,,板楼,89 万,8292 元,2,,,VR看装修 | 房本满五年,https://hui.lianjia.com/ershoufang/105118724049.html
一线江景.中间楼层.视野无遮挡.,"合生·上观国际 , 水口",3室2厅,92平米,南,毛坯,中楼层(共32层) ,,塔楼,77 万,8370 元,0,,,VR看装修 | 房本满五年 | 随时看房,https://hui.lianjia.com/ershoufang/105117751040.html
水岸城三房改四房精装修空房随时可看,"中信水岸城二三期 , 东江新城",5室2厅,165.68平米,南,毛坯,32层 ,,板楼,149.8 万,9042 元,0,,,VR看装修 | 随时看房,https://hui.lianjia.com/ershoufang/105121582145.html
透明收佣，不做包单+江湾一品+三房+西南朝向,"江湾一品 , 下角",3室2厅,70.97平米,西南,精装,高楼层(共29层) ,,塔楼,69.8 万,9836 元,0,,,VR房源 | 房本满五年 | 随时看房,https://hui.lianjia.com/ershoufang/105119811710.html
荷兰小城户型方正，采光佳，布局合理，宽敞明亮,"光耀荷兰小城 , 陈江",4室2厅,112平米,南,精装,28层 ,,板塔结合,73 万,6518 元,0,,,VR看装修 | 房本满两年,https://hui.lianjia.com/ershoufang/105121958747.html
"通风采光好 家旁边就是虎头山公园 ,河滩公园","碧桂园中萃公园 , 大亚湾中心区",3室2厅,136.55平米,南 北,毛坯,17层 ,,板塔结合,101 万,7397 元,3,,,VR看装修 | 房本满五年 | 随时看房,https://hui.lianjia.com/ershoufang/105105910742.html
小区人车分流/采光好 /安静/公立学府四房南北通透,"锦绣学府 , 澳头",4室2厅,107.76平米,南 北,毛坯,30层 ,,板塔结合,63 万,5847 元,1,,,VR看装修 | 房本满五年 | 随时看房,https://hui.lianjia.com/ershoufang/105117932494.html
临深锦河湾朝南三房，中间楼层，无欠款交易方便,"锦河湾 , 西区新寮",3室1厅,83.6平米,南,毛坯,33层 ,,板塔结合,48 万,5742 元,2,,,VR看装修 | 房本满五年 | 随时看房,https://hui.lianjia.com/ershoufang/105120634052.html
此房精装修，花园中间，高楼层，位置安静。视野好,"万科金域华庭二期 , 江北",3室1厅,79.17平米,南,精装,高楼层(共33层) ,,板塔结合,74.5 万,9411 元,2,,,VR房源 | 房本满五年 | 随时看房,https://hui.lianjia.com/ershoufang/105118234741.html
临深大社区，朝南4房，业主诚心出售,"天域花园 , 白云新城",4室2厅,89.03平米,南,毛坯,21层 ,,板塔结合,48 万,5392 元,0,,,VR看装修 | 房本满五年 | 随时看房,https://hui.lianjia.com/ershoufang/105121594639.html
壹城精装修大户型，保养很新，业主诚售。,"壹城中心2区 , 陈江",4室1厅,138.7平米,南 北,,中楼层(共32层) ,,塔楼,115 万,8292 元,0,,,VR看装修 | 随时看房,https://hui.lianjia.com/ershoufang/105121991775.html
东湖花园六号小区 南向三房两厅 有钥匙看房,"东湖花园六号小区 , 东平",3室2厅,102.78平米,南,简装,低楼层(共9层) ,,板楼,79 万,7687 元,0,,,VR房源 | 房本满五年 | 随时看房,https://hui.lianjia.com/ershoufang/105119500509.html
第九旁大4房 业主诚意急售 看上价格好谈 户型靓,"福晟钱隆樽品花园 , 陈江",4室2厅,116.89平米,南 北,毛坯,31层 ,,板塔结合,76 万,6502 元,0,,22天以前发布,VR房源 | 房本满两年 | 随时看房,https://hui.lianjia.com/ershoufang/105122334720.html
一线临深品质小区 精装三房 南向看花园,"丰谷天玺 , 龙光城",3室2厅,85.4平米,东南,精装,29层 ,,塔楼,69 万,8080 元,0,,18天以前发布,VR看装修 | 房本满两年,https://hui.lianjia.com/ershoufang/105122370489.html
次新小区，朝南小三房，业主诚心出售,"摩卡公馆 , 比亚迪商圈",3室2厅,88.57平米,东,,17层 ,,板塔结合,48 万,5420 元,0,,,VR看装修 | 房本满五年 | 随时看房,https://hui.lianjia.com/ershoufang/105120466566.html
带装修南北通三房，视野开阔，采光充足,"鸿升世纪东方城 , 水口",3室2厅,129.36平米,南 北,简装,26层 ,,板塔结合,75 万,5798 元,0,,,VR看装修,https://hui.lianjia.com/ershoufang/105121514958.html
南北通户型，地段好， 品质小区，物业管理好,"聚龙天誉湾二期 , 博罗石湾",4室2厅,117.28平米,南 北,,28层 ,,塔楼,73 万,6225 元,0,,,VR看装修 | 随时看房,https://hui.lianjia.com/ershoufang/105121630147.html
此房格局好，双阳台看花园，视野好 ，采光好，楼层好,"荣佳国韵二期 , 龙光城",5室2厅,165.8平米,南 北,毛坯,30层 ,,板塔结合,115 万,6937 元,1,,13天以前发布,VR房源 | 随时看房,https://hui.lianjia.com/ershoufang/105122428025.html
奥园誉山湖一线湖景南北通四房，视野开阔无遮挡,"奥园誉山湖花园 , 河南岸",4室2厅,129.63平米,南 北,毛坯,中楼层(共32层) ,,板塔结合,150 万,11572 元,1,,,VR看装修 | 房本满两年 | 随时看房,https://hui.lianjia.com/ershoufang/105119370979.html
恒宇新苑 大三房 南北通3房 户型正采光好,"恒宇新苑 , 河南岸",3室2厅,120.16平米,南,精装,中楼层(共7层) ,,板楼,79 万,6575 元,0,,18天以前发布,VR看装修 | 房本满五年,https://hui.lianjia.com/ershoufang/105122370979.html
国鹏4房中间好楼层、户型方正、视野开阔、位置好,"国鹏润德学府 , 惠环",4室2厅,101.27平米,南 北,毛坯,中楼层(共29层) ,,板塔结合,65.5 万,6468 元,0,,,VR看装修 | 随时看房,https://hui.lianjia.com/ershoufang/105119588419.html
惠城区广安花园三房两厅100平方29万急售,"廣安花園 , 麦地",3室2厅,100.45平米,西南,简装,高楼层(共10层) ,,,28 万,2788 元,2,,,VR看装修 | 房本满两年 | 随时看房,https://hui.lianjia.com/ershoufang/105121027399.html
锦绣壹号旁视野采光好户型方正采光好,"锦地繁花骏园 , 西区新寮",4室2厅,128.84平米,西南,毛坯,31层 ,,板塔结合,86.5 万,6714 元,0,,20天以前发布,VR看装修 | 房本满两年 | 随时看房,https://hui.lianjia.com/ershoufang/105122349479.html
临深精装四房，看花园，生活便利小区,"富康锦绣壹号 , 西区新寮",4室2厅,111.99平米,南 北,精装,33层 ,,塔楼,112 万,10001 元,0,,,VR房源 | 房本满五年 | 随时看房,https://hui.lianjia.com/ershoufang/105122068517.html
佳兆业中心一期  精装三房 可上富民,"佳兆业中心一期 , 江北",3室2厅,117.84平米,南,精装,29层 ,,板塔结合,76 万,6450 元,0,,,VR看装修,https://hui.lianjia.com/ershoufang/105121832132.html
临深，近沙田地铁站，大社区 大阳台,"九洲玉带湾 , 白云新城",4室2厅,107.36平米,东南,毛坯,33层 ,,板塔结合,58 万,5403 元,4,,,VR看装修 | 房本满五年 | 随时看房,https://hui.lianjia.com/ershoufang/105115393072.html
惠阳一中旁惠州南站好出租有钥匙看房华茂大厦,"华茂大厦 , 开城大润发",1室1厅,59.51平米,北,简装,23层 ,,塔楼,20.8 万,3496 元,0,,,VR房源 | 房本满五年 | 随时看房,https://hui.lianjia.com/ershoufang/105121799535.html
户型房子，楼层好，视野宽阔，采光充足，业主诚心售卖,"三远大爱城 , 吾悦广场",4室2厅,170平米,南,,32层 ,,板塔结合,129 万,7589 元,0,,,VR房源 | 随时看房,https://hui.lianjia.com/ershoufang/105121921442.html
刚需必看 近华附 高楼层 东南朝向 视野采光好,"星河丹堤G区 , 南站新城",3室2厅,98.06平米,南,毛坯,34层 ,,塔楼,100 万,10198 元,0,,,VR看装修 | 随时看房,https://hui.lianjia.com/ershoufang/105122230604.html
户型方正，采光明亮，交通便利，生活方便，花园中间,"合生·上观国际 , 水口",3室2厅,120平米,南,,中楼层(共32层) ,,塔楼,91 万,7584 元,0,,,VR看装修 | 随时看房,https://hui.lianjia.com/ershoufang/105121871176.html
华邦中间好楼层，户型方正，采光好，业主诚意出售,"華邦·首府 , 惠环",3室2厅,93.39平米,东南,毛坯,中楼层(共22层) ,,板塔结合,51 万,5461 元,0,,,VR看装修 | 随时看房,https://hui.lianjia.com/ershoufang/105117490582.html
：景观房看整个花园，，朝南，视野宽阔，采光好,"水岸花山 , 新圩",4室2厅,135.41平米,南,,低楼层(共32层) ,,板塔结合,84 万,6204 元,1,,,VR看装修 | 房本满五年 | 随时看房,https://hui.lianjia.com/ershoufang/105120366903.html
河南岸  小户型  生活便利  近金山湖  自住出租都可以,"风华阁 , 河南岸",1室1厅,42.17平米,东,,高楼层(共8层) ,,塔楼,15 万,3558 元,7,,,VR看装修 | 房本满五年,https://hui.lianjia.com/ershoufang/105120767577.html
俊雅豪庭 4室1厅 北,"俊雅豪庭 , 博罗中心区",4室1厅,153平米,北,,19层 ,,板塔结合,60 万,3922 元,0,,,VR看装修 | 房本满五年 | 随时看房,https://hui.lianjia.com/ershoufang/105121891588.html
房子满两年，原值高税费低，随时可看，急售,"星河丹堤G区 , 南站新城",3室2厅,89.13平米,东南,毛坯,34层 ,,塔楼,77 万,8640 元,0,,,VR房源 | 房本满五年 | 随时看房,https://hui.lianjia.com/ershoufang/105114816147.html
大中华幸福城大社区朝向南通透大三房诚心出售,"大中华幸福城 , 西区新寮",3室2厅,125.25平米,南,,32层 ,,板楼,90 万,7186 元,0,,8天以前发布,VR房源 | 随时看房,https://hui.lianjia.com/ershoufang/105122481642.html
方直君御 4室2厅 南,"方直君御 , 东江新城",4室2厅,183平米,南,,高楼层(共31层) ,,塔楼,268 万,14645 元,0,,,VR看装修,https://hui.lianjia.com/ershoufang/105122038860.html
临深沙田地铁站，户型方正适用，使用率高,"惠州星河盛世 , 白云新城",4室2厅,92.58平米,北,精装,33层 ,,塔楼,71 万,7670 元,0,,,VR看装修 | 房本满两年 | 随时看房,https://hui.lianjia.com/ershoufang/105120191332.html
"泰富御山郡两房,朝南采光好,出行便利","泰富·御山郡 , 龙丰",2室1厅,51平米,东南 南,简装,19层 ,,板塔结合,30 万,5883 元,0,,,VR看装修 | 随时看房,https://hui.lianjia.com/ershoufang/105119668943.html
德丰·五月花花园 2室1厅 南,"德丰·五月花花园 , 西区新寮",2室1厅,79.57平米,南,毛坯,17层 ,,塔楼,41.5 万,5216 元,0,,,VR看装修 | 随时看房,https://hui.lianjia.com/ershoufang/105120254891.html
央企保利有保障 户型靓 诚心出售,"保利山水城 , 博罗中心区",2室1厅,58.42平米,东南,简装,10层 ,,板塔结合,21.8 万,3732 元,2,,,VR房源 | 房本满五年,https://hui.lianjia.com/ershoufang/105116681443.html
近江北 华昌旁龙福新苑南向3+1房 中间楼层 总价低,"龙福新苑 , 水口",3室2厅,110.35平米,南 北,,8层 ,,板塔结合,42 万,3807 元,0,,,VR看装修 | 房本满五年,https://hui.lianjia.com/ershoufang/105121395994.html
下角江边路 文星公园旁 低楼层 精装三房 业主诚意出售,"惠华纸业包装总公司住宅生活区 , 下角",3室2厅,87.6平米,南,精装,低楼层(共8层) ,,塔楼,43.9 万,5012 元,1,,,VR看装修,https://hui.lianjia.com/ershoufang/105115553905.html
桥胜雅苑 1室1厅 南,"桥胜雅苑 , 区政府",1室1厅,48.93平米,南,简装,12层 ,,板塔结合,12.9 万,2637 元,2,,,VR房源 | 房本满五年,https://hui.lianjia.com/ershoufang/105122090450.html
安家！让我们扎根在这个为之奋斗的城市里。业主急售,"中信新城 , 南站新城",4室2厅,89.3平米,南,精装,34层 ,,板塔结合,57 万,6383 元,0,,18天以前发布,VR房源 | 房本满五年 | 随时看房,https://hui.lianjia.com/ershoufang/105122370377.html
急卖 星河丹堤G4区  南北通四房 看山景 公园,"星河丹堤G4区 , 南站新城",4室2厅,124.47平米,南 北,毛坯,33层 ,,板塔结合,130 万,10445 元,0,,,VR看装修 | 房本满两年 | 随时看房,https://hui.lianjia.com/ershoufang/105120494540.html
业主急售 户型方正采光好 面积使用率高,"蓝湾星宸一期 , 大亚湾中心区",3室2厅,102.44平米,南,毛坯,33层 ,,板塔结合,31 万,3027 元,2,,,VR看装修 | 房本满五年 | 随时看房,https://hui.lianjia.com/ershoufang/105120677189.html
东岸丽都花园 4室2厅 南 北,"东岸丽都花园 , 大亚湾中心区",4室2厅,84平米,南 北,毛坯,32层 ,,塔楼,55 万,6548 元,0,,11天以前发布,VR房源 | 随时看房,https://hui.lianjia.com/ershoufang/105122449415.html
户型方正，房产清晰，业主急售，小区自己的物业,"金裕星河丹堤 , 小金口",3室2厅,85.89平米,南,毛坯,低楼层(共34层) ,,塔楼,39 万,4541 元,0,,11天以前发布,VR房源 | 随时看房,https://hui.lianjia.com/ershoufang/105122451965.html
大花园社区，配.套成熟，楼层好，户型方正,"鸿威金都雅苑 , 小金口",2室2厅,81.46平米,西,毛坯,中楼层(共30层) ,,板塔结合,32 万,3929 元,0,,18天以前发布,VR房源 | 随时看房,https://hui.lianjia.com/ershoufang/105122370428.html
电梯房，户型格局方正，采光良好。,"鸿威金都雅苑 , 小金口",2室1厅,80.22平米,南,精装,低楼层(共30层) ,,板塔结合,36 万,4488 元,1,,,VR看装修 | 房本满五年 | 随时看房,https://hui.lianjia.com/ershoufang/105121429529.html
此房满五唯一 中间 户型 精装修保养好户型方正,"合生·上观国际 , 水口",4室2厅,159.89平米,南,精装,中楼层(共29层) ,,塔楼,140 万,8757 元,0,,,VR看装修 | 房本满五年,https://hui.lianjia.com/ershoufang/105122103227.html
临深大四房 双阳台诚心出售 产权清晰,"正兆千树晴山 , 西区新寮",4室2厅,127.9平米,南,毛坯,31层 ,,板楼,75 万,5864 元,0,,6天以前发布,VR房源 | 随时看房,https://hui.lianjia.com/ershoufang/105122502107.html
满五唯一 朝南 房子保养新 装修很不错 使用率高,"康怡轩 , 江北",3室1厅,92平米,南,,高楼层(共30层) ,,塔楼,69.6 万,7566 元,0,,29天以前发布,VR房源 | 房本满五年,https://hui.lianjia.com/ershoufang/105122280576.html
中骏雍景台 花园高层3房 诚意出售 过户交契税！,"中骏雍景台 , 马安",3室2厅,95.52平米,南,毛坯,高楼层(共33层) ,,板楼,66.5 万,6962 元,0,,,VR看装修 | 随时看房,https://hui.lianjia.com/ershoufang/105121667377.html
"诚心出售，价格可谈,中间楼层，看房方便","壹城中心2区 , 陈江",3室2厅,98.84平米,南,毛坯,高楼层(共29层) ,,塔楼,68 万,6880 元,0,,,VR看装修 | 房本满五年 | 随时看房,https://hui.lianjia.com/ershoufang/105121374297.html
香悦澜山 刚需3房2厅2卫 朝南户型方正 安静舒适,"新城香悦澜山 , 博罗中心区",3室2厅,97平米,南,毛坯,中楼层(共33层) ,,塔楼,37 万,3815 元,0,,,VR房源 | 房本满五年 | 随时看房,https://hui.lianjia.com/ershoufang/105122149896.html
此房业主很少住中高楼层 新中式精装修保养好拎包入住,"合生·上观国际 , 水口",4室2厅,140.59平米,南 北,精装,中楼层(共18层) ,,塔楼,128 万,9105 元,0,,16天以前发布,VR房源,https://hui.lianjia.com/ershoufang/105122392020.html
业主诚心出售 ，看花园 户型方正采光好,"卓越蔚蓝海岸七期 , 西区新寮",3室2厅,85.1平米,西南,简装,28层 ,,板塔结合,70 万,8226 元,1,,,VR看装修 | 房本满五年,https://hui.lianjia.com/ershoufang/105118686612.html
楼栋好，不临街，高楼层，南北通户型,"君跃荃新时代 , 大亚湾中心区",3室2厅,96.92平米,南,毛坯,33层 ,,板塔结合,47.9 万,4943 元,0,,,VR看装修 | 随时看房,https://hui.lianjia.com/ershoufang/105120433658.html
精装修 安静 看花园  户型方正,"海伦堡海伦香洲 , 陈江",3室1厅,83.43平米,南,,低楼层(共32层) ,,板楼,49 万,5874 元,0,,25天以前发布,VR房源 | 房本满五年 | 随时看房,https://hui.lianjia.com/ershoufang/105122313933.html
大亚湾澳头2房高楼层带装修带租约红本在手,"大江新都大厦 , 澳头",2室1厅,74.14平米,东北,简装,24层 ,,板塔结合,22.5 万,3035 元,1,,,VR看装修 | 房本满五年,https://hui.lianjia.com/ershoufang/105119178220.html
位置佳，配套完善，交通便利！满五唯一税费少,"亲水湾 , 吾悦广场",3室2厅,83.97平米,南,毛坯,26层 ,,板塔结合,45 万,5360 元,0,,20天以前发布,VR看装修 | 房本满五年 | 随时看房,https://hui.lianjia.com/ershoufang/105122352524.html
正规一房一厅，业主诚心出售，看房方便,"海粤名庭 , 大亚湾中心区",1室1厅,57.05平米,南,毛坯,低楼层(共19层) ,,塔楼,18 万,3156 元,3,,,VR看装修 | 房本满五年 | 随时看房,https://hui.lianjia.com/ershoufang/105121939799.html
保利天汇，近印象城，小三房，看上可面谈。,"保利天汇 , 河南岸",3室2厅,88平米,南,毛坯,中楼层(共32层) ,,板塔结合,92 万,10455 元,0,,,VR看装修 | 随时看房,https://hui.lianjia.com/ershoufang/105115446422.html
信利康精装修 全新未入住 红本在手，价格优惠。,"信利康乐创汇 , 河南岸",4室2厅,121.82平米,南 北,精装,高楼层(共31层) ,,,114 万,9359 元,0,,7天以前发布,VR房源 | 随时看房,https://hui.lianjia.com/ershoufang/105122491741.html
精装修，2房，东南朝向，中间楼层，直接拎包入住,"海伦堡院子 , 水口",2室2厅,61.27平米,东南,,高楼层(共15层) ,,板塔结合,42.5 万,6937 元,0,,,VR看装修 | 房本满两年 | 随时看房,https://hui.lianjia.com/ershoufang/105122206546.html
大大草地 3房两卫  毛坯 高楼层 业主诚心出售,"DADA的草地 , 大亚湾中心区",3室2厅,100.74平米,南,毛坯,32层 ,,板塔结合,29 万,2879 元,24,,,VR看装修 | 房本满五年 | 随时看房,https://hui.lianjia.com/ershoufang/105115176417.html
急卖 星河丹堤G4区  南北通四房 看山景 公园,"星河丹堤G4区 , 南站新城",4室2厅,124.47平米,南 北,毛坯,33层 ,,板塔结合,130 万,10445 元,0,,,VR看装修 | 房本满两年 | 随时看房,https://hui.lianjia.com/ershoufang/105120494540.html
开发商装修通透四房 全新未住过人 带12平南向景观阳台,"龙光城北十一期 , 龙光城",4室2厅,118.73平米,东南 西北,精装,32层 ,,板塔结合,103 万,8676 元,0,,27天以前发布,VR看装修 | 随时看房,https://hui.lianjia.com/ershoufang/105122294537.html
顶楼建了铁皮从自己房子可以上去，买一得二,"吴屋园路 , 下角",3室1厅,63.09平米,东南,,高楼层(共4层) ,,,18 万,2854 元,1,,14天以前发布,VR房源 | 房本满五年 | 随时看房,https://hui.lianjia.com/ershoufang/105122414346.html
临深白云新城 通勤便利 配套齐全 居住好 近地铁,"鹏城里 , 白云新城",4室2厅,112.1平米,南 北,毛坯,30层 ,,板塔结合,55 万,4907 元,0,,19天以前发布,VR房源 | 房本满两年 | 随时看房,https://hui.lianjia.com/ershoufang/105122358403.html
东岸丽都花园 4室2厅 南 北,"东岸丽都花园 , 大亚湾中心区",4室2厅,84平米,南 北,毛坯,32层 ,,塔楼,55 万,6548 元,0,,11天以前发布,VR房源 | 随时看房,https://hui.lianjia.com/ershoufang/105122449415.html
户型方正，房产清晰，业主急售，小区自己的物业,"金裕星河丹堤 , 小金口",3室2厅,85.89平米,南,毛坯,低楼层(共34层) ,,塔楼,39 万,4541 元,0,,11天以前发布,VR房源 | 随时看房,https://hui.lianjia.com/ershoufang/105122451965.html
采光佳 视野好 户型方正 配套齐 交通便利,"正闳润金名苑 , 西区新寮",2室2厅,68.02平米,南,,27层 ,,塔楼,46 万,6763 元,0,,,VR看装修,https://hui.lianjia.com/ershoufang/105116859200.html
江北丽日君颐花园花园中间安静3房2卫精装保养好,"丽日君颐家园 , 江北",3室1厅,94.85平米,北,简装,高楼层(共30层) ,,板塔结合,108 万,11387 元,0,,,VR看装修 | 房本满五年 | 随时看房,https://hui.lianjia.com/ershoufang/105118239579.html
牧马湖精装四房南北通透业主诚心出售,"泰丰牧马湖 , 万达",4室2厅,113.02平米,南 北,精装,11层 ,,板楼,123 万,10884 元,2,,,VR房源 | 房本满两年 | 随时看房,https://hui.lianjia.com/ershoufang/105120524561.html
花园社区，格局方正，带约200平方露台，自用,"海伦堡院子 , 水口",2室2厅,72平米,东北,简装,低楼层(共31层) ,,板塔结合,57 万,7917 元,0,,,VR看装修 | 随时看房,https://hui.lianjia.com/ershoufang/105120596456.html
南北通双阳台三房 费用少 高楼层,"德洲城五期 , 西区新寮",3室2厅,98平米,南 北,毛坯,26层 ,,塔楼,69 万,7041 元,2,,,VR看装修 | 房本满五年 | 随时看房,https://hui.lianjia.com/ershoufang/105113576282.html
图书馆500强大社区户型方正视野开阔红本在手,"新华联广场 , 大亚湾中心区",2室2厅,101.39平米,南,精装,32层 ,,塔楼,39.3 万,3877 元,0,,,VR看装修 | 房本满五年 | 随时看房,https://hui.lianjia.com/ershoufang/105121320910.html
华侨新苑，朝南，大三房，采光好。,"华侨新苑 , 龙丰",3室2厅,94.7平米,南,简装,8层 ,,板塔结合,36 万,3802 元,0,,,VR看装修 | 随时看房,https://hui.lianjia.com/ershoufang/105121345429.html
新祺园 3室2厅 东南,"新祺园 , 新行政区",3室2厅,88.42平米,东南,毛坯,32层 ,,板塔结合,49 万,5542 元,0,,11天以前发布,VR房源 | 房本满五年 | 随时看房,https://hui.lianjia.com/ershoufang/105122453183.html
"打造优质生活品质城市,天然氧吧社区","缤纷TOWN一期 , 比亚迪商圈",2室1厅,69.06平米,南,毛坯,29层 ,,板塔结合,30 万,4345 元,0,,,VR房源 | 房本满五年 | 随时看房,https://hui.lianjia.com/ershoufang/105122036168.html
德威江誉城1期 4室1厅 南,"德威江誉城1期 , 马安",4室1厅,111平米,南,毛坯,低楼层(共32层) ,,板塔结合,115 万,10361 元,0,,27天以前发布,VR房源 | 随时看房,https://hui.lianjia.com/ershoufang/105122293190.html
美因河畔花园 好楼层 景观好 生活方便,"美茵河畔花园 , 龙光城",4室2厅,121.58平米,南,精装,32层 ,,板塔结合,98 万,8061 元,0,,,VR看装修 | 房本满五年,https://hui.lianjia.com/ershoufang/105122137905.html
房子户型方正，采光好。。。。。。。,"格林童话世界四期 , 潼侨沥林",2室2厅,74.76平米,南,毛坯,高楼层(共18层) ,,板塔结合,36 万,4816 元,8,,,VR看装修 | 房本满五年 | 随时看房,https://hui.lianjia.com/ershoufang/105106118825.html
菱湖花园，小区安静，楼下即是丽日广场，生活便利。,"菱湖花园 , 下角",3室2厅,80.63平米,南,简装,低楼层(共9层) ,,板塔结合,35 万,4341 元,1,,,VR看装修 | 房本满五年 | 随时看房,https://hui.lianjia.com/ershoufang/105121463415.html
户型方正 视野 开阔 离公园近,"东江豪门 , 博罗中心区",5室2厅,231平米,南 北,精装,低楼层(共27层) ,,板塔结合,180 万,7793 元,0,,,VR看装修,https://hui.lianjia.com/ershoufang/105119181712.html
一线临深花园，朝南看花园，河景,"曦悦湾畔花园 , 西区新寮",3室2厅,86.04平米,南,精装,33层 ,,板塔结合,68 万,7904 元,0,,,VR看装修 | 房本满两年 | 随时看房,https://hui.lianjia.com/ershoufang/105116369851.html
临深大社区三房两卫，楼层通风采光佳视野开阔，价格笋,"卓越东部蔚蓝海岸三期 , 西区新寮",3室2厅,103.67平米,东南,毛坯,33层 ,,板塔结合,69 万,6656 元,0,,,VR看装修 | 房本满五年 | 随时看房,https://hui.lianjia.com/ershoufang/105122246848.html
德威江誉城Ⅱ期 4室2厅 南,"德威江誉城Ⅱ期 , 马安",4室2厅,113.26平米,南,毛坯,中楼层(共32层) ,,塔楼,96.8 万,8547 元,0,,,VR看装修 | 房本满两年 | 随时看房,https://hui.lianjia.com/ershoufang/105120732010.html
沃尔玛 港惠新天地北区  租客稳定保养好 产权清晰急售,"港惠新天地北区 , 河南岸",2室2厅,74.36平米,南,精装,低楼层(共28层) ,,塔楼,53 万,7128 元,3,,,VR看装修 | 房本满五年,https://hui.lianjia.com/ershoufang/105120711682.html
花园中间，朝南三房，精装修保养小区天花板,"新世界长湖苑一期 , 东平",3室2厅,91.49平米,南,精装,中楼层(共9层) ,,板塔结合,48.7 万,5323 元,1,,,VR房源,https://hui.lianjia.com/ershoufang/105121957064.html
不仅打5折，还S装修，不仅 s装修还S全屋家私，地段好,"龙宸梧桐郡府 , 陈江",1室1厅,43.28平米,南,精装,28层 ,,塔楼,17.5 万,4044 元,4,,,VR看装修 | 随时看房,https://hui.lianjia.com/ershoufang/105118808885.html
临深三房 ， 业主诚心出售户型方正采光好,"秋谷康城 , 龙光城",3室2厅,97.65平米,南,毛坯,21层 ,,板塔结合,50 万,5121 元,2,,,VR看装修 | 房本满五年 | 随时看房,https://hui.lianjia.com/ershoufang/105121684932.html
美泰天韵绿化社区精装三房 中间楼层透风效果好,"美泰天韵 , 万达",3室2厅,95平米,南,精装,30层 ,,板塔结合,63 万,6632 元,2,,,VR看装修 | 房本满五年 | 随时看房,https://hui.lianjia.com/ershoufang/105118166846.html
富盈公馆一期精装修3房，中间楼层，视野好,"富盈公馆一期 , 马安",3室2厅,91.37平米,南,精装,20层 ,,塔楼,70 万,7662 元,0,,,VR看装修 | 房本满五年 | 随时看房,https://hui.lianjia.com/ershoufang/105118964369.html
德佑透明收佣，不做包单，阳台正南朝向，看花园小区,"海伦堡西子湾 , 下角",3室2厅,106.74平米,南,毛坯,低楼层(共31层) ,,板塔结合,75 万,7027 元,0,,,VR看装修 | 随时看房,https://hui.lianjia.com/ershoufang/105119836033.html
横厅大四房，交通便利，配套齐全。,"龙光城北八期 , 龙光城",4室2厅,118.02平米,南 北,精装,17层 ,,板塔结合,117.1 万,9923 元,3,,,VR看装修 | 房本满五年 | 随时看房,https://hui.lianjia.com/ershoufang/105119859293.html
德威花园小区，红本在手，业主急售，大三房，户型方正,"德威花园城 , 秋长",3室2厅,100.43平米,南,毛坯,中楼层(共32层) ,,板楼,41.4 万,4123 元,1,,,VR房源 | 房本满五年 | 随时看房,https://hui.lianjia.com/ershoufang/105120838545.html
龙光城大三房 业主诚心卖 视野开阔 采光好,"龙光城北三期 , 龙光城",3室2厅,81.57平米,东南 南,精装,低楼层(共34层) ,,板塔结合,67 万,8214 元,27,,,VR看装修 | 房本满五年 | 随时看房,https://hui.lianjia.com/ershoufang/105109093947.html
横厅4房  业主诚心出售  有钥匙随时可以看房,"龙光城南四期 , 龙光城",4室2厅,108.72平米,东北,毛坯,34层 ,,塔楼,88 万,8095 元,0,,13天以前发布,VR房源 | 房本满五年 | 随时看房,https://hui.lianjia.com/ershoufang/105122420303.html
房子格局 楼层好 视野开阔 采光充足,"碧桂园云创家园 , 潼侨沥林",2室1厅,42.64平米,东南,,20层 ,,板塔结合,22.6 万,5301 元,0,,17天以前发布,VR房源 | 房本满五年 | 随时看房,https://hui.lianjia.com/ershoufang/105122387121.html
"小区环境优美,绿化覆盖率高通透性好，适宜居住","玖龙台 , 潼侨沥林",3室2厅,88.75平米,南,,32层 ,,板塔结合,44 万,4958 元,0,,,VR看装修 | 房本满两年 | 随时看房,https://hui.lianjia.com/ershoufang/105121976855.html
德润天峰中间楼层朝正南小三房诚意售出,"德润天峰 , 潼侨沥林",3室2厅,79.89平米,南,毛坯,18层 ,,板塔结合,38 万,4757 元,0,,,VR看装修 | 随时看房,https://hui.lianjia.com/ershoufang/105121373911.html
急售 灿邦商圈 南北通4房2卫3阳台 中高楼层 视野好,"十月花花园 , 大亚湾中心区",4室2厅,131.08平米,南 北,简装,33层 ,,板楼,88 万,6714 元,0,,,VR看装修 | 房本满五年 | 随时看房,https://hui.lianjia.com/ershoufang/105114199813.html
位置好，采光充足，业主诚意急卖，方便看房,"星河丹堤G4区 , 南站新城",5室2厅,172.32平米,南 北,毛坯,10层 ,,板塔结合,240 万,13928 元,1,,,VR看装修 | 房本满两年 | 随时看房,https://hui.lianjia.com/ershoufang/105120272939.html
三和经济开发区，新力龙湾，全屋定制家私家电,"新力珑湾 , 三和经济开发区",3室2厅,89.72平米,南,,中楼层(共31层) ,,塔楼,50 万,5573 元,0,,6天以前发布,VR房源 | 随时看房,https://hui.lianjia.com/ershoufang/105122504741.html
中信水岸城四期玫瑰湾央企大社区,"中信水岸城四期 , 东江新城",3室2厅,112平米,南,精装,中楼层(共30层) ,,板楼,106.8 万,9536 元,0,,,VR房源,https://hui.lianjia.com/ershoufang/105121098663.html
天御二期业主诚心出售，刚需户型，明厨明卫业主诚心卖,"中洲天御二期 , 河南岸",3室2厅,93平米,南,毛坯,低楼层(共33层) ,,板塔结合,78 万,8388 元,1,,,VR房源 | 随时看房,https://hui.lianjia.com/ershoufang/105121800011.html
陈江轻轨口天益城沃尔玛商圈 隆生仲恺花园3房价格实惠,"隆生仲恺花园 , 陈江",3室2厅,112.25平米,东南,毛坯,32层 ,,塔楼,70 万,6237 元,0,,,VR看装修 | 随时看房,https://hui.lianjia.com/ershoufang/105121224808.html
满五唯一  中间楼层  采光通风不错,"玫瑰华庭 , 草洋新区",3室1厅,93.44平米,南,,9层 ,,板楼,38.8 万,4153 元,0,,,VR看装修 | 房本满五年,https://hui.lianjia.com/ershoufang/105121247981.html
华丽大厦 佳兆业商圈 带装修 3房2卫 目前出租2000,"华丽大厦 , 江北",3室1厅,122.59平米,南 西北,简装,30层 ,,板塔结合,73 万,5955 元,0,,,VR房源 | 房本满五年,https://hui.lianjia.com/ershoufang/105121586876.html
南山公馆南 北向高层视野好 安静 看房有钥匙,"南山公馆 , 麦地",3室2厅,140.81平米,南,毛坯,高楼层(共16层) ,,板塔结合,84 万,5966 元,0,,14天以前发布,VR房源 | 房本满五年 | 随时看房,https://hui.lianjia.com/ershoufang/105122419977.html
高档装修，家具好，楼层靓，位置 好,"瑞和园 , 博罗中心区",4室2厅,140平米,北,简装,21层 ,,板楼,66.8 万,4772 元,0,,,VR房源 | 房本满五年 | 随时看房,https://hui.lianjia.com/ershoufang/105120038387.html
业主诚心出售，大社区，配套齐全，离万达近,"华冠花园 , 大亚湾中心区",2室1厅,42.76平米,北,简装,26层 ,,板塔结合,24.6 万,5754 元,1,,,VR看装修 | 房本满五年 | 随时看房,https://hui.lianjia.com/ershoufang/105115813128.html
高品质大型小区、环境好，深圳与惠州交界处,"牧云溪谷五期云锦 , 新圩",2室2厅,79平米,东南,简装,32层 ,,板塔结合,91 万,11519 元,0,,,VR看装修 | 随时看房,https://hui.lianjia.com/ershoufang/105120870917.html
小区环境简介、适宜人群及设施配套,"未来花园 , 东江新城",3室2厅,91.16平米,南,,低楼层(共26层) ,,塔楼,75 万,8228 元,0,,17天以前发布,VR房源 | 房本满两年 | 随时看房,https://hui.lianjia.com/ershoufang/105122382856.html
星河丹堤 高层7米长阳台  景观视野好南北通户型,"星河丹堤E区 , 南站新城",4室2厅,104.2平米,南 北,毛坯,34层 ,,,89 万,8542 元,4,,,VR看装修 | 房本满五年 | 随时看房,https://hui.lianjia.com/ershoufang/105120894194.html
大亚湾凯旋城北区两房 实用率高,"德丰凯旋城北区 , 大亚湾中心区",2室1厅,42平米,北,精装,26层 ,,塔楼,26 万,6191 元,2,,,VR看装修 | 房本满五年 | 随时看房,https://hui.lianjia.com/ershoufang/105120098151.html
天虹楼上小区 陈江核 心位置 价格可谈,"壹城中心6区 , 陈江",4室2厅,116.24平米,南 北,精装,低楼层(共32层) ,,塔楼,97 万,8345 元,0,,,VR看装修 | 房本满两年 | 随时看房,https://hui.lianjia.com/ershoufang/105117288123.html
卢浮公馆大户型 顶层复式 南北通透 看鹅城大桥看江景,"卢浮公馆 , 江北",7室1厅,218平米,南 北,毛坯,高楼层(共12层) ,,板塔结合,215.8 万,9900 元,0,,,VR房源,https://hui.lianjia.com/ershoufang/105120515711.html
满五唯一无欠款 前有广场后有公园 业主诚意出售,"御玺山大峡谷一期 , 比亚迪商圈",2室1厅,77.67平米,东,,32层 ,,板塔结合,34 万,4378 元,0,,16天以前发布,VR房源 | 随时看房,https://hui.lianjia.com/ershoufang/105122388241.html
万达广场旁中萃花城湾小区中间楼层三房急售,"中萃花城湾 , 万达",3室2厅,90.86平米,南,精装,26层 ,,塔楼,61 万,6714 元,2,,,VR看装修 | 房本满五年 | 随时看房,https://hui.lianjia.com/ershoufang/105120908331.html
临深 次新小区  急售无欠款  首付低 月租可抵月供,"钻石公馆 , 草洋新区",1室2厅,56.15平米,南,毛坯,26层 ,,板塔结合,29 万,5165 元,0,,12天以前发布,VR房源 | 房本满五年 | 随时看房,https://hui.lianjia.com/ershoufang/105122437719.html
业主有心出售看房有钥匙采光好户型方正,"东江学府五期 , 河南岸",3室2厅,90.86平米,南,毛坯,低楼层(共22层) ,,板塔结合,79 万,8695 元,0,,17天以前发布,VR房源 | 随时看房,https://hui.lianjia.com/ershoufang/105122385783.html
光耀荷兰小城 3室1厅 北,"光耀荷兰小城 , 陈江",3室1厅,80.19平米,北,精装,33层 ,,板塔结合,46 万,5737 元,0,,,VR看装修 | 房本满五年 | 随时看房,https://hui.lianjia.com/ershoufang/105121084116.html
近南站，此房近COCO街。视野开阔,"星河丹堤S2区 , 南站新城",3室2厅,77.6平米,西北,毛坯,34层 ,,板塔结合,78 万,10052 元,0,,,VR看装修 | 房本满五年 | 随时看房,https://hui.lianjia.com/ershoufang/105114510082.html
华泰新村 原装电梯 精装三房 价格美丽,"华泰新邨 , 麦地",3室2厅,94.26平米,南,简装,高楼层(共12层) ,,板塔结合,60 万,6366 元,0,,,VR房源,https://hui.lianjia.com/ershoufang/105121999894.html
澳头海日大厦，   户型方正，毛坯房，好装修,"海日大厦 , 澳头",2室2厅,93.9平米,南,毛坯,25层 ,,板塔结合,22 万,2343 元,1,,,VR看装修 | 房本满五年 | 随时看房,https://hui.lianjia.com/ershoufang/105120546458.html
一楼带院子，看房有钥匙，西湖边上 3房格局，,"六角巷 , 下埔",3室1厅,73.09平米,南,简装,低楼层(共5层) ,,,29 万,3968 元,1,,,VR看装修 | 房本满五年 | 随时看房,https://hui.lianjia.com/ershoufang/105121658653.html
铂钻花园花园中间位置，性价格高，看花园,"铂钻花园 , 东江新城",3室2厅,96平米,南,毛坯,低楼层(共27层) ,,塔楼,75 万,7813 元,0,,,VR看装修 | 房本满两年 | 随时看房,https://hui.lianjia.com/ershoufang/105120678955.html
恒大高品质小区，朝南阳光充足，在3栋安静视野开阔！,"恒大紫荆学府棕榈岛 , 白云新城",3室2厅,111.22平米,南,精装,高楼层(共32层) ,,板塔结合,75 万,6744 元,0,,,VR看装修 | 房本满两年 | 随时看房,https://hui.lianjia.com/ershoufang/105119429563.html
旺东国际广场小两房，视野开阔，采光充足,"旺东国际广场 , 开城大润发",2室2厅,67.3平米,西,简装,30层 ,,塔楼,44 万,6538 元,1,,,VR看装修 | 房本满五年 | 随时看房,https://hui.lianjia.com/ershoufang/105113253033.html
国家一级物业管理、中间好楼层、业主诚意急售,"龙光·玖榕府 , 惠环",3室2厅,89.15平米,南,精装,低楼层(共17层) ,,,52 万,5833 元,1,,,VR看装修 | 房本满五年 | 随时看房,https://hui.lianjia.com/ershoufang/105119874911.html
业主诚心出售 朝南看花园 腰斩价急售,"恒大依山海湾 , 澳头",3室2厅,99.72平米,南,毛坯,低楼层(共32层) ,,板塔结合,45 万,4513 元,0,,,VR看装修 | 房本满五年 | 随时看房,https://hui.lianjia.com/ershoufang/105119399905.html
近深圳地铁沙田站 采光好 通勤深圳方便 户型方正,"金莎花园 , 白云新城",3室2厅,115.78平米,南,毛坯,18层 ,,板塔结合,50 万,4319 元,1,,,VR看装修 | 房本满五年 | 随时看房,https://hui.lianjia.com/ershoufang/105120663751.html
哇啊，翡翠山大3房大社区，益田 万达大商圈,"翡翠山城君御 , 万达",3室2厅,113.57平米,南,精装,33层 ,,板塔结合,97 万,8541 元,2,,,VR房源 | 房本满两年 | 随时看房,https://hui.lianjia.com/ershoufang/105119846523.html
精装大两房，户型方正户，采光充足，视野宽阔,"康城四季棕榈园 , 惠环",2室2厅,77.49平米,北,精装,9层 ,,塔楼,42 万,5421 元,2,,,VR看装修 | 房本满五年,https://hui.lianjia.com/ershoufang/105121893105.html
江北次新小区御豪庭精装复式3房诚意出售简约风装修新,"御豪庭 , 江北",3室2厅,150.05平米,南 北,精装,高楼层(共7层) ,,,170 万,11330 元,1,,,VR房源,https://hui.lianjia.com/ershoufang/105121242973.html
小高层2居室，近天虹商场，红本在手 税费少,"中铭豪园 , 区政府",2室2厅,75.9平米,东南,简装,12层 ,,板塔结合,43 万,5666 元,1,,,VR看装修 | 房本满五年 | 随时看房,https://hui.lianjia.com/ershoufang/105121312766.html
三和经济开发区，南北通四房，全屋定制,"龙光玖龙山 , 三和经济开发区",4室2厅,112.12平米,南 北,,32层 ,,板塔结合,70 万,6244 元,0,,29天以前发布,VR看装修 | 随时看房,https://hui.lianjia.com/ershoufang/105122272017.html
新小区，户型方正，好楼层，视野开阔,"冠华城桂香园三期 , 西区新寮",3室2厅,93.92平米,南,毛坯,33层 ,,塔楼,65 万,6921 元,1,,,VR看装修 | 随时看房,https://hui.lianjia.com/ershoufang/105119281700.html
山水龙城毛坯三房，业主诚意出售,"宝安山水龙城 , 水口",3室2厅,84.38平米,南,,高楼层(共27层) ,,塔楼,58 万,6874 元,1,,,VR房源,https://hui.lianjia.com/ershoufang/105115584105.html
位置好，采光充足，业主诚意急卖，方便看房,"星河丹堤G区 , 南站新城",5室2厅,124.65平米,南 北,精装,34层 ,,塔楼,169 万,13558 元,1,,23天以前发布,VR房源 | 随时看房,https://hui.lianjia.com/ershoufang/105122332865.html
桥东片区海伦堡海伦湾 带装修高层三房两卫 轻松置业,"海伦堡海伦湾 , 东平",3室2厅,110.21平米,南 北,精装,31层 ,,板塔结合,95 万,8620 元,1,,,VR看装修 | 随时看房,https://hui.lianjia.com/ershoufang/105121747029.html
壹城好房，精装三房！拎包入住，贴瓷砖中楼层，诚心卖,"壹城中心1区 , 陈江",3室2厅,105.8平米,南,精装,高楼层(共32层) ,,塔楼,85 万,8035 元,0,,,VR房源 | 房本满五年 | 随时看房,https://hui.lianjia.com/ershoufang/105121492995.html
此房，业主诚意出售，精装修，朝南3房视野开阔。,"泰丰牧马湖 , 万达",3室2厅,81.17平米,南,精装,11层 ,,板塔结合,76 万,9364 元,8,,,VR看装修 | 房本满五年 | 随时看房,https://hui.lianjia.com/ershoufang/105118059501.html
临深位置 采光通风好 配套成熟 看房方便 业主诚心卖,"德洲城一-二期 , 西区新寮",2室2厅,77.07平米,南,简装,18层 ,,板塔结合,46 万,5969 元,1,,,VR看装修 | 房本满五年 | 随时看房,https://hui.lianjia.com/ershoufang/105120786604.html
港惠旁精装三房96平业主诚意出售,"石湖苑 , 河南岸",3室2厅,95.67平米,西,简装,中楼层(共20层) ,,板楼,50 万,5227 元,1,,,VR看装修 | 房本满两年,https://hui.lianjia.com/ershoufang/105121561585.html
乌石 中.心位 置 ，配 套 成 熟，中间楼层,"泰宇城市中央 , 江北",3室2厅,83平米,南,精装,中楼层(共30层) ,,板塔结合,78 万,9398 元,0,,,VR看装修 | 房本满五年 | 随时看房,https://hui.lianjia.com/ershoufang/105118864381.html
刚需型必看！水岸城八期，128平4房，好楼层，价格美丽,"中信水岸城八期 , 东江新城",4室2厅,128.5平米,南,毛坯,中楼层(共33层) ,,板塔结合,138 万,10740 元,0,,28天以前发布,VR看装修 | 房本满五年 | 随时看房,https://hui.lianjia.com/ershoufang/105122287599.html
水岸城4期两个卫生间的 毛坯3房,"中信水岸城四期 , 东江新城",3室2厅,112平米,东南,毛坯,低楼层(共30层) ,,板楼,89.8 万,8018 元,0,,,VR房源 | 随时看房,https://hui.lianjia.com/ershoufang/105122092108.html
钱隆华府精装修四房，带家私家电拎包入住，配套成熟。,"世茂福晟钱隆华府 , 陈江",3室2厅,100.69平米,南,精装,高楼层(共33层) ,,塔楼,75 万,7449 元,0,,,VR看装修 | 房本满两年 | 随时看房,https://hui.lianjia.com/ershoufang/105121485884.html
钱隆华府 南北通透大四房 教育资源完善 配套齐全,"世茂福晟钱隆华府 , 陈江",4室2厅,114.26平米,南 北,毛坯,低楼层(共33层) ,,板塔结合,73 万,6389 元,0,,,VR看装修 | 房本满两年 | 随时看房,https://hui.lianjia.com/ershoufang/105118350172.html
临深白云新城星河盛世毛坯4房，业主诚心出售,"惠州星河盛世 , 白云新城",4室2厅,88.27平米,东南,毛坯,33层 ,,板塔结合,54 万,6118 元,1,,,VR看装修 | 房本满两年 | 随时看房,https://hui.lianjia.com/ershoufang/105114807034.html
业主急售，看房方便，有钥匙，楼层好,"金湾花园 , 大亚湾中心区",3室2厅,109.3平米,南,毛坯,中楼层(共18层) ,,塔楼,39 万,3569 元,0,,,VR看装修 | 房本满五年 | 随时看房,https://hui.lianjia.com/ershoufang/105121365192.html
4房，交通便利，配套齐全，户型方正实用，使用率高,"龙光城北八期 , 龙光城",4室2厅,96.83平米,南 北,简装,31层 ,,塔楼,88 万,9089 元,2,,,VR看装修 | 房本满五年 | 随时看房,https://hui.lianjia.com/ershoufang/105121876643.html
惠州北站新城 中州集团开发 半岛城邦 江景房,"中洲半岛城邦四期 , 博罗中心区",4室2厅,125.32平米,南,毛坯,32层 ,,板塔结合,72 万,5746 元,0,,,VR房源 | 随时看房,https://hui.lianjia.com/ershoufang/105114377524.html
看海景，商 业配套齐，拧包入住。,"华润小径湾一期 , 霞涌",1室0厅,52.83平米,西南,简装,31层 ,,板塔结合,34 万,6436 元,2,,,VR看装修 | 房本满五年 | 随时看房,https://hui.lianjia.com/ershoufang/105122005935.html
此房满五、税费低、适合刚需人群过渡、价格优越,"光辉国际 , 河南岸",1室1厅,35平米,东南,简装,高楼层(共28层) ,,板塔结合,16 万,4572 元,3,,,VR看装修,https://hui.lianjia.com/ershoufang/105119566777.html
临深14号线品质花园社区 诚心售卖,"万城名座花园 , 白云新城",3室2厅,109.61平米,南,毛坯,32层 ,,板塔结合,68 万,6204 元,0,,,VR看装修 | 房本满五年 | 随时看房,https://hui.lianjia.com/ershoufang/105119786930.html
江北鼎峰国汇山 南北通透  中间楼层 看房有钥匙,"鼎峰国汇山 , 江北",3室2厅,119平米,南 北,,低楼层(共27层) ,,板塔结合,100 万,8404 元,1,,,VR看装修 | 随时看房,https://hui.lianjia.com/ershoufang/105122000471.html
南站规划高铁新城区中位，交通便利，社区生活配套齐全,"中信新城C区 , 南站新城",3室2厅,88平米,南,精装,34层 ,,板塔结合,54 万,6137 元,1,,,VR房源 | 房本满五年 | 随时看房,https://hui.lianjia.com/ershoufang/105121301675.html
金石花园 电梯精装2房  业主急售，可直接入住。,"金石花园 , 江北",2室2厅,62平米,南,精装,高楼层(共18层) ,,塔楼,45 万,7259 元,1,,,VR看装修 | 房本满五年,https://hui.lianjia.com/ershoufang/105112471334.html
业主诚心出售  一线临深   采光好 楼层好 户型方正,"凯南莱弗城 , 西区新寮",3室2厅,87平米,南,毛坯,30层 ,,板塔结合,58 万,6667 元,0,,,VR看装修,https://hui.lianjia.com/ershoufang/105115740928.html
惠湾花园 2室2厅 东南 南,"惠湾花园 , 吾悦广场",2室2厅,58.97平米,东南 南,精装,19层 ,,板塔结合,28.3 万,4800 元,0,,,VR看装修 | 房本满五年 | 随时看房,https://hui.lianjia.com/ershoufang/105122103737.html
华润央企，看江看公园，视野无遮挡,"曦江润府 , 东江新城",3室2厅,97.38平米,南,,高楼层(共46层) ,,塔楼,112 万,11502 元,0,,,VR看装修 | 随时看房,https://hui.lianjia.com/ershoufang/105121571220.html
江北丽格国际公寓 精装修一房 朝南向带阳台 有匙即看,"丽格国际公寓 , 江北",1室0厅,51.53平米,南,简装,30层 ,,塔楼,45 万,8733 元,0,,25天以前发布,VR看装修 | 房本满五年 | 随时看房,https://hui.lianjia.com/ershoufang/105122314894.html
万达三房两卫，高楼层，业主诚心急售,"东部阳光花园 , 万达",3室1厅,114平米,南,简装,31层 ,,板楼,75 万,6579 元,1,,,VR房源 | 房本满五年,https://hui.lianjia.com/ershoufang/105116343537.html
帝景湾二期 安静不靠桥 通车库 看江景 诚意卖,"合生帝景湾 , 江北",5室2厅,210平米,东南,精装,高楼层(共11层) ,,板楼,238 万,11334 元,1,,,VR房源,https://hui.lianjia.com/ershoufang/105122137958.html
急售轻轨园林社区精装自住2房，视野好，户型方正实用,"光耀城市山谷 , 惠环",2室2厅,67平米,南,精装,26层 ,,塔楼,37 万,5523 元,0,,,VR看装修 | 随时看房,https://hui.lianjia.com/ershoufang/105118699491.html
东南向 视野好 通风佳 采光好 租客好约看房随时,"伟豪领御世家 , 江北",4室2厅,100.97平米,东南,简装,中楼层(共32层) ,,板塔结合,95 万,9409 元,0,,,VR看装修 | 房本满五年 | 随时看房,https://hui.lianjia.com/ershoufang/105120756987.html
吾悦万达商圈，高铁站旁，生活配套齐全,"碧桂园太东公园上城 , 吾悦广场",3室2厅,110.54平米,南 北,精装,32层 ,,塔楼,108 万,9771 元,0,,,VR看装修 | 房本满五年 | 随时看房,https://hui.lianjia.com/ershoufang/105120513547.html
龙湖天宸原著花园 3室1厅 南,"龙湖天宸原著花园 , 河南岸",3室1厅,94.99平米,南,毛坯,低楼层(共33层) ,,塔楼,120 万,12633 元,0,,,VR房源 | 随时看房,https://hui.lianjia.com/ershoufang/105117282995.html
采光通风视野好 ， 配套设施齐全,"润合名居 , 西区新寮",4室2厅,109.83平米,南,毛坯,25层 ,,塔楼,69 万,6283 元,2,,,VR看装修 | 房本满五年 | 随时看房,https://hui.lianjia.com/ershoufang/105120692698.html
深圳创维惠州园区 高铁站 碧桂园科学城 精装三室二卫,"碧桂园云创家园 , 潼侨沥林",4室2厅,134.71平米,南 北,简装,中楼层(共34层) ,,,80 万,5939 元,0,,,VR看装修 | 房本满两年 | 随时看房,https://hui.lianjia.com/ershoufang/105119580009.html
临深大社区，配套完善，近沙田地铁站，诚心出售！,"锦地繁花 , 西区新寮",4室2厅,127平米,南 北,毛坯,25层 ,,板塔结合,74.5 万,5867 元,2,,,VR看装修 | 随时看房,https://hui.lianjia.com/ershoufang/105120835514.html
业主诚意卖精装五房，业主钥匙全权委托给我,"七里香堤花园 , 龙光城",4室2厅,113.94平米,西南,精装,33层 ,,板塔结合,78 万,6846 元,1,,,VR房源 | 随时看房,https://hui.lianjia.com/ershoufang/105120919810.html
一线临深，次新小区，好楼层好视野,"冠华城桂香园三期 , 西区新寮",3室2厅,84.32平米,南,毛坯,33层 ,,板塔结合,66 万,7828 元,0,,5天以前发布,VR房源 | 随时看房,https://hui.lianjia.com/ershoufang/105122514072.html
配套齐全，生活便利，首付月供无压力，好出租,"金茂精英现代城一期 , 陈江",2室2厅,64.95平米,南,简装,17层 ,,板塔结合,23 万,3542 元,0,,,VR看装修 | 房本满五年 | 随时看房,https://hui.lianjia.com/ershoufang/105121859575.html
钱隆华府精装三房，业主深圳置业，诚心出售。,"世茂福晟钱隆华府 , 陈江",3室2厅,98.21平米,南,精装,中楼层(共33层) ,,板塔结合,77 万,7841 元,0,,7天以前发布,VR房源 | 房本满两年,https://hui.lianjia.com/ershoufang/105122488534.html
60栋大社区 大花园 惠阳汽车站旁 交通方便,"花样年别样城二期 , 新行政区",3室2厅,95.16平米,南 西,毛坯,33层 ,,板塔结合,52 万,5465 元,1,,,VR看装修 | 房本满五年 | 随时看房,https://hui.lianjia.com/ershoufang/105113584473.html
全新未入住南北通三房 仲恺海关旁 新力帝泊湾,"新力帝泊湾 , 新圩",3室2厅,105.8平米,南,精装,32层 ,,塔楼,58 万,5483 元,1,,,VR看装修 | 房本满两年 | 随时看房,https://hui.lianjia.com/ershoufang/105119775253.html
此房户型方正，楼层好，视野开阔，采光好。,"天安珑城 , 区政府",3室1厅,85.13平米,南,精装,29层 ,,塔楼,83 万,9750 元,1,,,VR看装修 | 房本满两年,https://hui.lianjia.com/ershoufang/105119835642.html
腾韵花园，南北通四房，中间楼层，视野景观好，朝花园,"腾韵花园 , 陈江",4室2厅,116.37平米,南 北,,32层 ,,板塔结合,78 万,6703 元,0,,,VR看装修 | 房本满两年 | 随时看房,https://hui.lianjia.com/ershoufang/105121542890.html
大社区，近学 校 ，标准住宅风格，采光好，户型方正,"光耀荷兰小城 , 陈江",4室2厅,114.19平米,北,,中楼层(共33层) ,,板塔结合,53 万,4642 元,0,,,VR看装修,https://hui.lianjia.com/ershoufang/105120141114.html
精装修，次新小区，看小区园林景观，安静舒适,"太东天地花园 , 大亚湾中心区",4室2厅,107.86平米,南 北,精装,29层 ,,板塔结合,65 万,6027 元,0,,,VR看装修 | 房本满五年 | 随时看房,https://hui.lianjia.com/ershoufang/105121975782.html
临深交界，刚需户型，配套成熟，有钥匙随时可看,"爱琴海 , 西区新寮",2室1厅,56.3平米,东南,毛坯,33层 ,,板塔结合,37 万,6572 元,6,,,VR房源 | 房本满五年 | 随时看房,https://hui.lianjia.com/ershoufang/105116061844.html
近仲恺高铁站，邻中韩产业园，中间楼层温馨三房诚心卖,"玖龙台 , 潼侨沥林",3室2厅,89平米,东南,,高楼层(共27层) ,,,43 万,4832 元,0,,,VR看装修 | 房本满两年 | 随时看房,https://hui.lianjia.com/ershoufang/105119997970.html
水岸城二期 小三房毛坯 花园楼栋 中间楼层,"中信水岸城二三期 , 东江新城",3室1厅,86.08平米,东南,,17层 ,,板塔结合,73 万,8481 元,0,,18天以前发布,VR看装修 | 房本满五年 | 随时看房,https://hui.lianjia.com/ershoufang/105122365478.html
尚城世家三期    3房带装修   业主诚心出售,"尚城世家三期 , 区政府",3室2厅,97.69平米,东,精装,高楼层(共31层) ,,板塔结合,107 万,10954 元,3,,,VR看装修 | 房本满两年,https://hui.lianjia.com/ershoufang/105113874569.html
楼层好，视野好，无抵押，户型方正，业主诚心出售,"亚迪二村一区 , 澳头",4室2厅,149平米,南,,32层 ,,板塔结合,59 万,3960 元,0,,,VR看装修 | 随时看房,https://hui.lianjia.com/ershoufang/105121563632.html
半岛公园旁 次新小区 深东新锐 大三房 诚意出售,"深东新锐 , 区政府",3室1厅,107.61平米,南,,中楼层(共28层) ,,板塔结合,75 万,6970 元,0,,,VR房源 | 房本满两年 | 随时看房,https://hui.lianjia.com/ershoufang/105117334776.html
精装修四房两厅，座北朝南，采光户型好合适一家人居住,"珠光御景湾 , 水口",4室2厅,133平米,东南 南,精装,17层 ,,板塔结合,75 万,5640 元,1,,,VR看装修,https://hui.lianjia.com/ershoufang/105119211075.html
大湖花园 装修小3房 小区有花园 有证 过渡合适,"大湖花园 , 水口",3室2厅,53平米,南,简装,高楼层(共8层) ,,板楼,18 万,3397 元,1,,,VR看装修,https://hui.lianjia.com/ershoufang/105116210945.html
户型方正，楼层好，采光视野可以,"新际首座 , 大亚湾中心区",1室1厅,54平米,西南,简装,28层 ,,板塔结合,20 万,3704 元,3,,,VR看装修 | 随时看房,https://hui.lianjia.com/ershoufang/105120391124.html
万达广场精装四房，业主要钱不要房,"龙光玖龙花园 , 万达",4室2厅,111.97平米,南,精装,32层 ,,板塔结合,75 万,6699 元,0,,,VR看装修 | 房本满两年 | 随时看房,https://hui.lianjia.com/ershoufang/105113925607.html
壹城中心11区  毛坯南北通4房 踩光好 户型方正,"壹城中心11区 , 陈江",4室2厅,124平米,南 北,毛坯,高楼层(共30层) ,,板塔结合,93 万,7500 元,0,,,VR看装修 | 随时看房,https://hui.lianjia.com/ershoufang/105121336583.html
荷兰小城中间楼层，视野开阔，户型方正，采光通风好！,"光耀荷兰小城 , 陈江",4室2厅,114.19平米,北,毛坯,高楼层(共33层) ,,板塔结合,57 万,4992 元,1,,,VR看装修 | 随时看房,https://hui.lianjia.com/ershoufang/105121494824.html
万达商旁精品复式房、视野好，位置好，新装修,"中萃花城湾 , 万达",6室2厅,120.16平米,南,精装,16层 ,,塔楼,128 万,10653 元,0,,,VR房源 | 房本满五年,https://hui.lianjia.com/ershoufang/105121565063.html
中建物业  中天彩虹城3室  业主诚心出售  看房方便,"中天彩虹城北区 , 开城大润发",3室2厅,118平米,南,精装,28层 ,,板楼,66 万,5594 元,0,,,VR房源,https://hui.lianjia.com/ershoufang/105119953551.html
精装三房朝南看花园，业主诚心出售,"金洋嘉丽园 , 澳头",3室2厅,103平米,南,精装,28层 ,,板塔结合,60 万,5826 元,0,,,VR看装修 | 房本满五年 | 随时看房,https://hui.lianjia.com/ershoufang/105120236107.html
126平方大三房，高楼层，配套齐全,"新时代花园二期 , 博罗中心区",3室2厅,126平米,南,毛坯,28层 ,,塔楼,46 万,3651 元,0,,,VR看装修 | 房本满五年 | 随时看房,https://hui.lianjia.com/ershoufang/105116672388.html
四季嘉园，架空式园林，主阳台很大,"华泓四季嘉园 , 博罗中心区",3室2厅,93平米,东北,毛坯,31层 ,,塔楼,38 万,4087 元,0,,18天以前发布,VR看装修 | 房本满两年 | 随时看房,https://hui.lianjia.com/ershoufang/105122366892.html
惠南 中锴华章 166.88平四房 花园中间 两梯三户双套间,"中锴·华章 , 河南岸",4室2厅,166.88平米,南,毛坯,中楼层(共31层) ,,塔楼,139 万,8330 元,8,,,VR看装修 | 房本满五年 | 随时看房,https://hui.lianjia.com/ershoufang/105108776700.html
中洲半岛城邦四期106平正三房，精装修直接拎包入住,"中洲半岛城邦四期 , 博罗中心区",3室2厅,106.16平米,南,,33层 ,,板塔结合,80 万,7536 元,0,,,VR房源 | 随时看房,https://hui.lianjia.com/ershoufang/105122039100.html
成熟小区，视野开阔，安全系数好，环境优美，一线江景,"中洲半岛城邦四期 , 博罗中心区",4室2厅,106.67平米,南,,33层 ,,板塔结合,63 万,5907 元,0,,,VR看装修 | 房本满两年 | 随时看房,https://hui.lianjia.com/ershoufang/105121257078.html
品质小高层大平层南北通透安静看园林,"星河丹堤G4区 , 南站新城",5室2厅,172.32平米,南 北,精装,10层 ,,板塔结合,280 万,16249 元,1,,,VR看装修 | 房本满两年,https://hui.lianjia.com/ershoufang/105122209441.html
急售！五月花花园，深圳14号线沙田地铁口物业,"德丰·五月花花园 , 西区新寮",2室2厅,80平米,南,精装,17层 ,,塔楼,48 万,6000 元,0,,,VR看装修,https://hui.lianjia.com/ershoufang/105118401792.html
大小 区环境好 楼层好 视野宽阔，交通便利,"新华联广场 , 大亚湾中心区",2室2厅,101.39平米,南,毛坯,32层 ,,板塔结合,40 万,3946 元,1,,,VR看装修 | 房本满五年 | 随时看房,https://hui.lianjia.com/ershoufang/105118009167.html
金山湖东部德威朗琴湾，生活配套齐全！,"德威朗琴湾 , 东江新城",3室2厅,103.52平米,南,精装,低楼层(共18层) ,,板塔结合,109.8 万,10607 元,0,,,VR看装修 | 房本满五年 | 随时看房,https://hui.lianjia.com/ershoufang/105122092213.html
房子精装修户型方正全屋木地板满五税费少,"亚迪二村二区 , 澳头",4室2厅,131.56平米,东南,精装,32层 ,,板塔结合,60 万,4561 元,0,,13天以前发布,VR房源 | 房本满五年 | 随时看房,https://hui.lianjia.com/ershoufang/105122422514.html
海棠花郡精装3房2厅 位置好 首付低,"海棠花郡 , 水口",3室2厅,96.19平米,南,精装,17层 ,,板塔结合,76 万,7902 元,0,,,VR看装修 | 房本满五年,https://hui.lianjia.com/ershoufang/105119369148.html
澳头，精装修，2房2厅，业主诚心卖,"渝景湾花园四期 , 澳头",2室2厅,66平米,南,简装,低楼层(共26层) ,,板塔结合,21 万,3182 元,1,,,VR看装修 | 随时看房,https://hui.lianjia.com/ershoufang/105121945585.html
壹城6期次新小区，142平五房南北通双阳台，中间好楼层,"壹城中心6区 , 陈江",5室2厅,142.41平米,南 北,毛坯,中楼层(共32层) ,,塔楼,116 万,8146 元,1,,,VR看装修 | 房本满两年 | 随时看房,https://hui.lianjia.com/ershoufang/105116778934.html
临深一线，视野宽阔，交通方便，业主急卖,"锦地繁花 , 西区新寮",3室2厅,92.19平米,南,简装,25层 ,,板塔结合,58 万,6292 元,0,,,VR看装修 | 房本满五年 | 随时看房,https://hui.lianjia.com/ershoufang/105120146599.html
麦迪新村一房一厅急售，楼层低，首付低。,"麦迪新村 , 麦地",1室1厅,29.67平米,东南,简装,10层 ,,塔楼,19.2 万,6472 元,0,,,VR房源 | 房本满五年 | 随时看房,https://hui.lianjia.com/ershoufang/105119676098.html
一线河景 园林泳池景观好楼层采光充足,"保利阳光城四期 , 白云新城",4室2厅,132.39平米,东南,毛坯,32层 ,,板塔结合,103 万,7781 元,0,,,VR看装修 | 房本满两年 | 随时看房,https://hui.lianjia.com/ershoufang/105115516696.html
红本在手，采光通风好，视野开阔，配套齐全,"银海花园 , 澳头",3室2厅,69平米,东南 南,简装,8层 ,,板塔结合,20 万,2899 元,4,,,VR看装修 | 房本满五年 | 随时看房,https://hui.lianjia.com/ershoufang/105112049064.html
精装修。标准三房。拎包入住，全新。,"惠阳雅居乐花园四期 , 南站新城",3室2厅,86平米,南 北,精装,32层 ,,板塔结合,47.5 万,5524 元,0,,,VR看装修 | 随时看房,https://hui.lianjia.com/ershoufang/105120183024.html
龙光城北十一期 4室2厅 南,"龙光城北十一期 , 龙光城",4室2厅,89.88平米,南,,33层 ,,板塔结合,78 万,8679 元,1,,,VR看装修 | 房本满五年 | 随时看房,https://hui.lianjia.com/ershoufang/105122121935.html
帝景湾花园中间 精装三房两厅 高楼层 户型方正,"合生帝景湾 , 江北",3室1厅,141.14平米,南,精装,高楼层(共18层) ,,板楼,160 万,11337 元,2,,,VR看装修 | 随时看房,https://hui.lianjia.com/ershoufang/105119939634.html
帝景湾三期 一线江景大平层  业主诚意出售,"帝景湾三期 , 江北",5室2厅,371.46平米,南 北,精装,低楼层(共29层) ,,板楼,482 万,12976 元,5,,,VR房源 | 随时看房,https://hui.lianjia.com/ershoufang/105113783904.html
金山新城  南北通透 楼层好 视野好 精装修,"美丽洲 , 马安",4室2厅,113.78平米,南 北,精装,中楼层(共32层) ,,塔楼,105 万,9229 元,1,,,VR看装修 | 房本满两年,https://hui.lianjia.com/ershoufang/105120347646.html
汇珑湾中高楼层 南北通，坐享园林中庭，远观江景。,"富辰汇珑湾 , 河南岸",4室2厅,149.86平米,南 北,,高楼层(共31层) ,,板楼,296 万,19752 元,0,,,VR看装修 | 房本满两年 | 随时看房,https://hui.lianjia.com/ershoufang/105120776230.html
满五不唯一，红本在手，精装修拎包入住，业主诚心出售,"三远大爱城 , 吾悦广场",3室2厅,89平米,南 北,精装,32层 ,,板塔结合,52 万,5843 元,232,,,VR看装修 | 房本满五年,https://hui.lianjia.com/ershoufang/105103748134.html
成熟大社区 交通便利 南北通风 户型采光好 看花园,"万城 , 白云新城",3室1厅,94.4平米,南 北,精装,24层 ,,板塔结合,65 万,6886 元,0,,28天以前发布,VR房源 | 房本满五年,https://hui.lianjia.com/ershoufang/105122284429.html
万燊花园 精装修 楼层好 视野亮 南北通,"万燊花苑 , 惠环",4室2厅,108.26平米,南 北,精装,低楼层(共31层) ,,板塔结合,69.8 万,6448 元,0,,,VR看装修 | 房本满五年,https://hui.lianjia.com/ershoufang/105120563350.html
此房在花园中间，安静舒适。高层看江，视野开阔,"海伦堡海伦湾 , 东平",3室2厅,103平米,南,毛坯,33层 ,,板塔结合,87 万,8447 元,1,,,VR看装修 | 随时看房,https://hui.lianjia.com/ershoufang/105118618126.html
大社区居住氛围好物业管理严格服务到家让您生活放心,"碧桂园天熹花园 , 博罗中心区",3室2厅,94.26平米,南,毛坯,中楼层(共32层) ,,板塔结合,38.8 万,4117 元,0,,,VR看装修 | 房本满两年 | 随时看房,https://hui.lianjia.com/ershoufang/105118711484.html
南北通4房，楼层好，采光靓，户型方正,"瑞和园 , 博罗中心区",3室2厅,121.49平米,北,简装,25层 ,,板塔结合,59.9 万,4931 元,0,,,VR看装修 | 房本满五年 | 随时看房,https://hui.lianjia.com/ershoufang/105121198266.html
楼下鹿江公园露营底，楼层好，户型方正,"富盈公馆三期 , 马安",3室2厅,101.03平米,东南,毛坯,中楼层(共32层) ,,板塔结合,68 万,6731 元,1,,,VR看装修 | 房本满两年 | 随时看房,https://hui.lianjia.com/ershoufang/105121899770.html
金悦华府四房129平，南北通，靠花园里面不吵，高层,"金悦华府 , 东江新城",4室2厅,129.87平米,南,毛坯,高楼层(共40层) ,,板塔结合,125 万,9626 元,99,,,VR看装修 | 房本满两年 | 随时看房,https://hui.lianjia.com/ershoufang/105117493013.html
户型方正，视野采光好，业主急售！,"合生滨海城 , 澳头",4室2厅,160.87平米,南 北,毛坯,32层 ,,板塔结合,95 万,5906 元,2,,,VR看装修 | 房本满五年 | 随时看房,https://hui.lianjia.com/ershoufang/105119415110.html
三房两位满五唯一，产证在手，无欠款,"龙光·水悦龙湾 , 东平",3室2厅,97平米,南,,低楼层(共29层) ,,板塔结合,95 万,9794 元,1,,,VR看装修 | 房本满五年 | 随时看房,https://hui.lianjia.com/ershoufang/105121325035.html
便宜两房、总价低值得参考、诚心出售,"阳光地带 , 开城大润发",2室2厅,59.64平米,南,,17层 ,,板塔结合,30 万,5031 元,0,,,VR房源 | 房本满五年 | 随时看房,https://hui.lianjia.com/ershoufang/105122215836.html
户型方正实用，采光好，税费低，适合居住。,"都市广场 , 区政府",1室1厅,46.99平米,西南,简装,19层 ,,板塔结合,15 万,3193 元,8,,,VR看装修 | 随时看房,https://hui.lianjia.com/ershoufang/105120300102.html
拎包即住→精装两房 朝南！视野开——阔 装修用料扎实,"万城 , 白云新城",2室2厅,68.12平米,南,精装,17层 ,,板塔结合,41.88 万,6148 元,0,,,VR看装修 | 房本满五年,https://hui.lianjia.com/ershoufang/105121467708.html
临深大社区复式2层大露台和下沉式花园看河景,"九洲玉带湾 , 白云新城",6室2厅,83.36平米,南,精装,33层 ,,板塔结合,168 万,20154 元,17,,,VR房源 | 房本满五年 | 随时看房,https://hui.lianjia.com/ershoufang/105107880697.html
品质小区   中高楼层   房子方正  采光好,"欣乐道华府 , 马安",3室1厅,88.95平米,南,毛坯,中楼层(共33层) ,,塔楼,57 万,6409 元,0,,,VR房源 | 房本满五年 | 随时看房,https://hui.lianjia.com/ershoufang/105116919665.html
朝南标准三房 高楼层 视野好 通透,"昊翔源云璞花园 , 陈江",3室2厅,97.31平米,南 北,毛坯,高楼层(共27层) ,,塔楼,75 万,7708 元,0,,,VR看装修 | 房本满两年 | 随时看房,https://hui.lianjia.com/ershoufang/105120803657.html
（平台推荐）临深片区南北通三房，交通方便,"荣佳国韵二期 , 龙光城",3室2厅,107.64平米,东南 南,精装,26层 ,,板塔结合,80 万,7433 元,1,,19天以前发布,VR房源 | 房本满两年 | 随时看房,https://hui.lianjia.com/ershoufang/105122355693.html
红本在手，业主诚心出售，价格可议价,"金輝新苑 , 龙丰",3室2厅,97平米,南,,中楼层(共8层) ,,板塔结合,57 万,5877 元,0,,,VR看装修,https://hui.lianjia.com/ershoufang/105118060670.html
盛世丰华 3室2厅 南,"盛世丰华 , 博罗石湾",3室2厅,98.8平米,南,毛坯,中楼层(共31层) ,,塔楼,49.8 万,5041 元,0,,19天以前发布,VR房源 | 房本满两年 | 随时看房,https://hui.lianjia.com/ershoufang/105122355562.html
一线河景 园林泳池景观好楼层采光充足,"保利阳光城四期 , 白云新城",4室2厅,132.39平米,东南,毛坯,32层 ,,板塔结合,103 万,7781 元,0,,,VR看装修 | 房本满两年 | 随时看房,https://hui.lianjia.com/ershoufang/105115516696.html
临深大社区 通透 楼层好 视野宽阔  配套齐全,"龙光城北二期 , 龙光城",4室1厅,127.98平米,南 北,毛坯,29层 ,,板塔结合,115 万,8986 元,2,,,VR房源 | 房本满五年 | 随时看房,https://hui.lianjia.com/ershoufang/105122041607.html
满二 原值高少税 看花园和泳池采光通风良好 次新房,"星河丹堤V区 , 南站新城",4室2厅,101.52平米,南,毛坯,34层 ,,,95 万,9358 元,1,,,VR看装修 | 房本满五年 | 随时看房,https://hui.lianjia.com/ershoufang/105119844141.html
禾塘街 ，中层，二楼带单车间。,"统建楼 , 下角",3室2厅,95.87平米,西南,简装,7层 ,,塔楼,29 万,3025 元,2,,,VR看装修 | 房本满五年 | 随时看房,https://hui.lianjia.com/ershoufang/105119728585.html
丽江花园南区 107平三房急售,"丽江花园南区 , 区政府",3室1厅,107平米,北,简装,18层 ,,板塔结合,57 万,5328 元,0,,,VR看装修 | 随时看房,https://hui.lianjia.com/ershoufang/105122116342.html
业主着急卖，南北通四房，看园林，少有户型卖,"德洲中心城 , 大亚湾中心区",4室2厅,123.1平米,南,简装,28层 ,,板塔结合,66 万,5362 元,0,,,VR看装修 | 房本满五年 | 随时看房,https://hui.lianjia.com/ershoufang/105119385527.html
金迪星苑中装2房出售 低楼层安静不吵 可拎包入住,"金迪星苑 , 龙丰",2室1厅,52.8平米,东南,精装,8层 ,,板楼,27.8 万,5266 元,0,,,VR看装修 | 随时看房,https://hui.lianjia.com/ershoufang/105121732376.html
区政府天虹旁鼎盛广场精装修1房业主诚心出售,"鼎盛广场 , 区政府",1室1厅,46.25平米,南,精装,33层 ,,板塔结合,19 万,4109 元,0,,,VR看装修 | 房本满五年 | 随时看房,https://hui.lianjia.com/ershoufang/105114526967.html
万达商圈满5税少南向双阳台小洋房,"熊猫国际三期 , 万达",4室2厅,149.86平米,南,毛坯,11层 ,,板楼,99 万,6607 元,1,,,VR看装修 | 房本满五年 | 随时看房,https://hui.lianjia.com/ershoufang/105113586314.html
中间楼层，视野开阔，看花园，业主诚意急卖，方便看房,"星河丹堤G区 , 南站新城",3室2厅,98.06平米,南,毛坯,34层 ,,塔楼,90 万,9179 元,0,,,VR房源 | 房本满五年 | 随时看房,https://hui.lianjia.com/ershoufang/105122218947.html
碧桂园物业，诚心卖，代产权车位，南北都看花园双阳台,"深荟城一期 , 白云新城",4室2厅,135.71平米,东南,精装,32层 ,,板塔结合,116 万,8548 元,5,,,VR看装修 | 房本满五年 | 随时看房,https://hui.lianjia.com/ershoufang/105116944733.html
户型好，采光好，全新未入住过，红本在手...........,"群峰花园 , 南站新城",3室2厅,94.59平米,南,,中楼层(共33层) ,,塔楼,42 万,4441 元,5,,,VR看装修 | 房本满两年 | 随时看房,https://hui.lianjia.com/ershoufang/105119021222.html
出门即是公园，一手业主居家好，大3居室拎包入住,"名苑山庄 , 区政府",3室1厅,137.59平米,南,简装,13层 ,,塔楼,75 万,5451 元,0,,,VR房源 | 房本满五年 | 随时看房,https://hui.lianjia.com/ershoufang/105121892187.html
惠州市大亚湾西区大悦花园4房2厅两卫业主诚心出售,"大悦花园 , 比亚迪商圈",4室2厅,88.26平米,南,毛坯,27层 ,,板塔结合,36 万,4079 元,1,,,VR看装修 | 房本满五年 | 随时看房,https://hui.lianjia.com/ershoufang/105122091628.html
铂钻花园 一期不靠马路 中高楼层 日照充足 安静不吵,"铂钻花园 , 东江新城",3室2厅,96.95平米,南,毛坯,高楼层(共27层) ,,板楼,73 万,7530 元,0,,,VR房源 | 房本满两年 | 随时看房,https://hui.lianjia.com/ershoufang/105119715087.html
头等舱沙发！！高档装修 坐瞰别墅景 双龍抱珠招財進寶,"半岛1号五期 , 白云新城",2室2厅,84.22平米,南,精装,22层 ,,板塔结合,59.88 万,7110 元,0,,,VR看装修 | 房本满五年 | 随时看房,https://hui.lianjia.com/ershoufang/105119687135.html
太东天地花园 4室2厅 南,"太东天地花园 , 大亚湾中心区",4室2厅,109.09平米,南,毛坯,33层 ,,板塔结合,48.6 万,4456 元,1,,,VR看装修 | 房本满两年 | 随时看房,https://hui.lianjia.com/ershoufang/105122060823.html
金山新城东江新城新片区  西枝江畔马安河旁  刚需三房,"德威江誉城Ⅱ期 , 马安",3室2厅,96.52平米,东南,,高楼层(共32层) ,,塔楼,79 万,8185 元,0,,,VR房源 | 房本满两年 | 随时看房,https://hui.lianjia.com/ershoufang/105115229153.html
临深 壹方水榭 低密度大社区，看河景视野好，,"壹方水榭 , 白云新城",4室2厅,119平米,北,简装,中楼层(共31层) ,,板塔结合,82 万,6891 元,1,,30天以前发布,VR看装修 | 房本满两年 | 随时看房,https://hui.lianjia.com/ershoufang/105122266780.html
朝南标准三房 高楼层 视野好 通透,"昊翔源云璞花园 , 陈江",3室2厅,97.31平米,南 北,毛坯,高楼层(共27层) ,,塔楼,75 万,7708 元,0,,,VR看装修 | 房本满两年 | 随时看房,https://hui.lianjia.com/ershoufang/105120803657.html
金山湖方直东岸精装3房2卫出售，安静不吵,"方直东岸 , 河南岸",3室2厅,101平米,南,精装,32层 ,,板塔结合,115 万,11387 元,2,,,VR看装修 | 房本满五年 | 随时看房,https://hui.lianjia.com/ershoufang/105117678874.html
保利四期南北通的户型，业主诚心卖,"保利阳光城四期 , 白云新城",3室1厅,94.63平米,南 北,毛坯,32层 ,,板塔结合,67.9 万,7176 元,0,,13天以前发布,VR房源 | 房本满两年 | 随时看房,https://hui.lianjia.com/ershoufang/105122427943.html
轻轨旁新园林社区 户型方正视野好，配套齐全交通便利,"雅居乐铂琅峯花园 , 惠环",3室2厅,95.94平米,南,毛坯,高楼层(共33层) ,,板塔结合,59 万,6150 元,0,,,VR看装修 | 房本满两年 | 随时看房,https://hui.lianjia.com/ershoufang/105121097346.html
颐景花园，朝南花园中间位，证在手，四房,"颐景花园 , 东平",3室1厅,140.61平米,东南,精装,中楼层(共11层) ,,板塔结合,125 万,8890 元,0,,,VR房源 | 随时看房,https://hui.lianjia.com/ershoufang/105121717737.html
星河丹堤G4区，朝南三房，业主诚心出售,"星河丹堤G4区 , 南站新城",3室2厅,100.26平米,南,毛坯,32层 ,,板塔结合,102 万,10174 元,0,,,VR房源 | 房本满两年 | 随时看房,https://hui.lianjia.com/ershoufang/105120717095.html
业主诚心出售，次新小区，居家舒适，高速近,"天源花园 , 大亚湾中心区",3室2厅,81.35平米,南,毛坯,26层 ,,板塔结合,29 万,3565 元,0,,17天以前发布,VR房源 | 房本满五年 | 随时看房,https://hui.lianjia.com/ershoufang/105122379998.html
龙湖华昌旁次新小区国兆嘉泓公馆 精装四房带家私家电,"国兆嘉泓公馆 , 水口",4室2厅,125.91平米,南,,低楼层(共28层) ,,板塔结合,80 万,6354 元,0,,15天以前发布,VR房源 | 房本满五年 | 随时看房,https://hui.lianjia.com/ershoufang/105122402585.html
龙光城南四期 3室2厅 南,"龙光城南四期 , 龙光城",3室2厅,71.59平米,南,简装,34层 ,,板塔结合,70 万,9778 元,1,,26天以前发布,VR房源 | 房本满五年 | 随时看房,https://hui.lianjia.com/ershoufang/105122302697.html
澳头高速出口，百万楼盘，高楼层视野采光好，随意改动,"华冠花园 , 大亚湾中心区",3室2厅,81.6平米,南,毛坯,26层 ,,板塔结合,37 万,4535 元,0,,,VR看装修 | 随时看房,https://hui.lianjia.com/ershoufang/105121960219.html
大社区花园高层视野开阔，拎包入住,"富川瑞园 , 惠环",4室2厅,97平米,南,精装,中楼层(共34层) ,,板塔结合,51 万,5258 元,0,,,VR看装修 | 随时看房,https://hui.lianjia.com/ershoufang/105119900094.html
碧桂园十里银滩爱琴海4-2-1-2 147.00m 130 万,"碧桂园十里银滩爱琴海 , 十里银滩",4室2厅,147平米,西南,精装,30层 ,,板塔结合,62.8 万,4273 元,5,,,VR房源 | 随时看房,https://hui.lianjia.com/ershoufang/105109446051.html
半岛1号五期 3室2厅 南,"半岛1号五期 , 白云新城",3室2厅,105.16平米,南,毛坯,22层 ,,板塔结合,79.5 万,7560 元,0,,,VR看装修 | 房本满五年 | 随时看房,https://hui.lianjia.com/ershoufang/105122100136.html
南湖时光小户型，精装修，不占背包出售，随时看房,"南湖时光 , 南坛",1室1厅,43平米,南,,12层 ,,,153.8 万,35768 元,0,,,VR看装修 | 随时看房,https://hui.lianjia.com/ershoufang/105122192233.html
大新城旁边璟鹏华府小区三房两厅两卫。,"璟鹏华府 , 水口",3室2厅,100.2平米,东南,简装,11层 ,,板塔结合,59.5 万,5939 元,0,,,VR看装修 | 房本满五年,https://hui.lianjia.com/ershoufang/105121038755.html
临深近地铁大单间户型方正视野宽阔配套完善交通便利,"和瑞大厦 , 西区新寮",1室0厅,28.43平米,东,精装,30层 ,,板塔结合,16.9 万,5945 元,0,,5天以前发布,VR房源 | 随时看房,https://hui.lianjia.com/ershoufang/105122516181.html
业主诚心出售 临 深社区小区有山有湖,"龙海壹号 , 万达",3室2厅,103.33平米,南,毛坯,34层 ,,板塔结合,60 万,5807 元,2,,,VR看装修 | 房本满五年 | 随时看房,https://hui.lianjia.com/ershoufang/105121877935.html
区政府 汇星名庭 精装三房 配套齐全 税费低,"汇星名庭 , 草洋新区",3室1厅,110.54平米,西南,简装,23层 ,,塔楼,53 万,4795 元,0,,30天以前发布,VR看装修 | 房本满五年 | 随时看房,https://hui.lianjia.com/ershoufang/105122267783.html
房屋保养好，红本在手，随时可签约，看房方便,"碧桂园.十里银滩.山林海二区 , 十里银滩",2室2厅,66.63平米,南,精装,29层 ,,板塔结合,21.8 万,3272 元,4,,,VR房源 | 房本满五年 | 随时看房,https://hui.lianjia.com/ershoufang/105121891325.html
产权清晰，诚心出售，临深，户型方正,"壹方水榭 , 白云新城",4室2厅,110平米,南 北,精装,高楼层(共30层) ,,板塔结合,74 万,6728 元,0,,7天以前发布,VR房源 | 房本满两年 | 随时看房,https://hui.lianjia.com/ershoufang/105122496356.html
临深河景房源，小区中间位置，看花园和坪山河,"金溪湾 , 西区新寮",3室1厅,89.35平米,南,精装,29层 ,,板塔结合,48 万,5373 元,0,,,VR看装修 | 房本满五年 | 随时看房,https://hui.lianjia.com/ershoufang/105120680636.html
大湖溪 电梯房 带装修3房 拎包入住 生活方便 配套好,"大湖星城 , 水口",3室2厅,107.6平米,北,精装,中楼层(共8层) ,,板楼,45 万,4183 元,0,,,VR看装修 | 房本满五年,https://hui.lianjia.com/ershoufang/105121901891.html
新力城二期109平三房两厅两卫，南北通中高楼层,"新力城二期 , 水口",3室1厅,109平米,南,毛坯,中楼层(共33层) ,,板楼,90 万,8257 元,0,,,VR房源 | 房本满五年 | 随时看房,https://hui.lianjia.com/ershoufang/105120917185.html
龙光城北区、南向大四房、精装保养好、看别墅景观,"龙光城北八期 , 龙光城",4室2厅,117.91平米,南,精装,31层 ,,板塔结合,120 万,10178 元,0,,,VR看装修 | 房本满两年,https://hui.lianjia.com/ershoufang/105121456407.html
灿邦商圈，次新小区，绿化好，品质好，视野好,"泰丰枫林岸花园 , 吾悦广场",3室2厅,99.23平米,南,精装,32层 ,,板塔结合,85 万,8566 元,0,,,VR看装修 | 房本满两年 | 随时看房,https://hui.lianjia.com/ershoufang/105118273072.html
东江沙公园 电梯精装3室  大阳台 看房有钥匙,"东怡新苑 , 东平",3室2厅,119.89平米,东南,精装,中楼层(共9层) ,,板塔结合,68 万,5672 元,0,,,VR看装修 | 房本满五年 | 随时看房,https://hui.lianjia.com/ershoufang/105121531592.html
使用率高，成熟社区使用率高，成熟社区。,"德丰凯旋城北区 , 大亚湾中心区",6室2厅,151.05平米,东南,毛坯,32层 ,,塔楼,79 万,5231 元,1,,,VR房源 | 房本满五年 | 随时看房,https://hui.lianjia.com/ershoufang/105120410749.html
业主急售，红本在手，看花园，安静不吵,"中海阅江府2期 , 东江新城",4室1厅,120平米,南,毛坯,低楼层(共27层) ,,板楼,96 万,8000 元,0,,,VR看装修 | 随时看房,https://hui.lianjia.com/ershoufang/105121473255.html
真实房源-不吃差价-钥匙在店-看房方便-中间楼层,"海伦堡西子湾 , 下角",3室1厅,110.51平米,南,毛坯,中楼层(共40层) ,,塔楼,86 万,7783 元,0,,15天以前发布,VR房源 | 房本满两年 | 随时看房,https://hui.lianjia.com/ershoufang/105122408054.html
业主诚心出售，精装四房两卫，南北通，中间楼层,"花样年别样城五期 , 新行政区",4室2厅,101.62平米,南,精装,33层 ,,板塔结合,67 万,6594 元,0,,,VR看装修 | 房本满五年 | 随时看房,https://hui.lianjia.com/ershoufang/105121048944.html
海锦香槟小镇 4室1厅 东南,"海锦香槟小镇 , 惠环",4室1厅,96.27平米,东南,毛坯,高楼层(共26层) ,,板塔结合,45 万,4675 元,0,,31天以前发布,VR房源 | 随时看房,https://hui.lianjia.com/ershoufang/105122248945.html
业主 急 售卖 朝南2房 大社区榕城华庭,"榕城华庭 , 博罗中心区",2室2厅,74平米,西南,简装,高楼层(共26层) ,,板塔结合,33.8 万,4568 元,0,,,VR看装修 | 房本满两年,https://hui.lianjia.com/ershoufang/105122146413.html
临深大四房带装修不靠高铁没有住过人,"金地天润自在城二期 , 西区新寮",4室2厅,103.19平米,东南 南,精装,33层 ,,板塔结合,90 万,8722 元,0,,,VR房源 | 随时看房,https://hui.lianjia.com/ershoufang/105121113962.html
轻轨口 朝南3房 诚意出售 无欠款 随时看房,"華邦·首府 , 惠环",3室2厅,93.44平米,东南,简装,中楼层(共22层) ,,板塔结合,58 万,6208 元,1,,,VR看装修 | 房本满五年 | 随时看房,https://hui.lianjia.com/ershoufang/105120689260.html
临深百万大盘，业主很诚心卖，小区通勤很方便,"卓越东部蔚蓝海岸三期 , 西区新寮",2室2厅,76.53平米,南,,33层 ,,板塔结合,45 万,5881 元,0,,14天以前发布,VR房源 | 房本满五年 | 随时看房,https://hui.lianjia.com/ershoufang/105122414700.html
南站旁   星河百万大盘 125平 做五房,"星河丹堤G区 , 南站新城",5室2厅,124.63平米,南 北,精装,34层 ,,塔楼,165 万,13240 元,15,,,VR看装修,https://hui.lianjia.com/ershoufang/105110590482.html
花样年别样城101平米四房南北通 高层无遮挡视野开阔,"花样年别样城四期 , 新行政区",4室2厅,101.27平米,南 北,简装,高楼层(共32层) ,,板塔结合,70 万,6913 元,0,,,VR看装修 | 随时看房,https://hui.lianjia.com/ershoufang/105120736515.html
高新区龙湖品质三房 大横厅 随时看房,"春江天境花园 , 东江高新区",3室2厅,99.28平米,南,毛坯,中楼层(共33层) ,,塔楼,54.5 万,5490 元,0,,,VR看装修 | 房本满两年 | 随时看房,https://hui.lianjia.com/ershoufang/105121063857.html
江北新区金裕星河丹堤大楼盘单价只需要五字头,"金裕星河丹堤 , 小金口",4室2厅,121平米,南 北,毛坯,低楼层(共34层) ,,,57.8 万,4777 元,1,,,VR看装修 | 房本满两年 | 随时看房,https://hui.lianjia.com/ershoufang/105121100004.html
枕海而居，融创海湾半岛海景房，解锁滨海理想生活,"融创海湾半岛 , 十里银滩",1室1厅,52.39平米,南,精装,34层 ,,板塔结合,21.8 万,4162 元,2,,,VR房源 | 房本满五年 | 随时看房,https://hui.lianjia.com/ershoufang/105121920301.html
雅博世纪广场 配套成熟 出行方便 看房方便,"雅博世纪广场 , 开城大润发",3室1厅,123.26平米,南,,中楼层(共29层) ,,板塔结合,53 万,4300 元,0,,,VR房源 | 房本满五年 | 随时看房,https://hui.lianjia.com/ershoufang/105120339454.html
鑫月城 刚需3房 好楼层 视野无遮挡,"御湖豪庭 , 陈江",3室2厅,86.88平米,南,毛坯,27层 ,,塔楼,47.3 万,5445 元,0,,,VR看装修 | 房本满五年 | 随时看房,https://hui.lianjia.com/ershoufang/105118143981.html
嘉和丽苑精装两房出售 一公里东江边 钓鱼方便,"嘉和丽苑 , 江北",2室1厅,87.11平米,西南,,高楼层(共15层) ,,板塔结合,70 万,8036 元,0,,,VR看装修,https://hui.lianjia.com/ershoufang/105121853291.html
全新装修，诚意出售，看房便利佳兆业商圈,"嘉和盛世 , 江北",4室2厅,131平米,南 北,简装,中楼层(共30层) ,,,155 万,11833 元,0,,,VR看装修 | 房本满五年 | 随时看房,https://hui.lianjia.com/ershoufang/105120874555.html
嘉和盛世132平精装修拎包入住业主诚意卖不靠三环路,"嘉和盛世 , 江北",4室2厅,132.6平米,南 北,精装,低楼层(共31层) ,,塔楼,175 万,13198 元,0,,,VR看装修 | 房本满两年,https://hui.lianjia.com/ershoufang/105122004699.html
颐景花园 大三房 花园中间 安静 配套成熟,"颐景花园 , 东平",3室2厅,120.8平米,南 北,精装,中楼层(共18层) ,,板塔结合,90 万,7451 元,1,,,VR房源 | 房本满五年,https://hui.lianjia.com/ershoufang/105118505648.html
惠阳政芯60栋大社区，成熟品质社区，人间烟火味浓郁！,"花样年别样城三期 , 新行政区",4室2厅,87.62平米,南 北,精装,32层 ,,板塔结合,66.8 万,7624 元,0,,,VR看装修 | 房本满五年 | 随时看房,https://hui.lianjia.com/ershoufang/105118025999.html
万达 配套完善，小区物业管理妥当，方正,"香榭名苑 , 万达",2室2厅,64.97平米,东南,精装,23层 ,,塔楼,48.5 万,7465 元,1,,,VR看装修,https://hui.lianjia.com/ershoufang/105122081126.html
精装南北通4房 带品牌家私 看房方便,"雅居乐铂琅峯花园 , 惠环",4室1厅,112.87平米,南,精装,33层 ,,板塔结合,84.8 万,7514 元,1,,9天以前发布,VR房源 | 房本满两年 | 随时看房,https://hui.lianjia.com/ershoufang/105122477256.html
临深，近滨水公园，人民路边上成熟次新社区精装好房,"东方铂悦府 , 新行政区",4室2厅,119.46平米,南 北,精装,中楼层(共32层) ,,,109 万,9125 元,0,,,VR看装修,https://hui.lianjia.com/ershoufang/105121857069.html
淡水高速旁三房两厅空间布局 合理采光性好旁边,"香树和园 , 新行政区",3室2厅,105.65平米,南,精装,29层 ,,板塔结合,79.7 万,7544 元,1,,,VR房源,https://hui.lianjia.com/ershoufang/105121032944.html
富丽嘉园 4室2厅 北,"富丽嘉园 , 惠环",4室2厅,99.57平米,北,毛坯,低楼层(共18层) ,,塔楼,52 万,5223 元,0,,13天以前发布,VR房源 | 房本满五年 | 随时看房,https://hui.lianjia.com/ershoufang/105122424836.html
牧云溪谷云禧127平双阳台毛坯 业主诚意出售,"牧云溪谷六期云禧 , 新圩",5室2厅,126.84平米,南 北,毛坯,32层 ,,板塔结合,128 万,10092 元,0,,,VR看装修 | 房本满两年 | 随时看房,https://hui.lianjia.com/ershoufang/105122022342.html
临深品质大盘。精装三房看花园安静。,"卓越东部蔚蓝海岸五期 , 西区新寮",3室2厅,95.86平米,西,精装,33层 ,,板塔结合,80 万,8346 元,1,,,VR看装修 | 房本满两年 | 随时看房,https://hui.lianjia.com/ershoufang/105117545264.html
万达旁精装四房无个税诚意卖低价可谈,"碧桂园太东公园上城 , 吾悦广场",4室2厅,128.89平米,南 北,精装,33层 ,,塔楼,89.6 万,6952 元,0,,23天以前发布,VR房源 | 房本满两年 | 随时看房,https://hui.lianjia.com/ershoufang/105122328548.html
房子满2年 无欠款 户型方正通风效果比较好,"龙光玖龙湾 , 万达",3室2厅,96平米,南,精装,31层 ,,板塔结合,65 万,6771 元,0,,,VR看装修 | 随时看房,https://hui.lianjia.com/ershoufang/105114667077.html
壹城中 心11区 次新小区 有心出售 不看祠堂 中间楼层,"壹城中心11区 , 陈江",4室2厅,112.85平米,南 北,毛坯,低楼层(共32层) ,,板塔结合,82 万,7267 元,0,,,VR看装修 | 随时看房,https://hui.lianjia.com/ershoufang/105122084164.html
新上南北通4房，望别墅区，进出小区方便随时看房,"实地常春藤 , 三和经济开发区",4室2厅,125.98平米,南 北,,33层 ,,板塔结合,53 万,4208 元,0,,,VR看装修 | 房本满两年 | 随时看房,https://hui.lianjia.com/ershoufang/105119674202.html
临深新上房源，满五唯一，高楼层视野好，东边户,"龙光城北三期 , 龙光城",3室2厅,80.15平米,南,毛坯,高楼层(共34层) ,,板塔结合,58 万,7237 元,16,,,VR看装修 | 随时看房,https://hui.lianjia.com/ershoufang/105110502771.html
一线临深  精装大三房  全景看叠墅  好楼层视野好,"龙光城北四期 , 龙光城",3室2厅,91.25平米,南 北,精装,33层 ,,板塔结合,83.8 万,9184 元,1,,,VR看装修 | 房本满五年 | 随时看房,https://hui.lianjia.com/ershoufang/105117865843.html
自带暖阳看花园，视野采光充足，环境优美，户型通透,"龙光城北四期 , 龙光城",4室2厅,107.46平米,北,毛坯,33层 ,,板塔结合,87 万,8097 元,0,,,VR看装修 | 房本满五年 | 随时看房,https://hui.lianjia.com/ershoufang/105122026584.html
满五不唯一，精装修3房，拎包入住，中间楼层看花园,"龙光城北三期 , 龙光城",3室2厅,88.68平米,南,精装,中楼层(共34层) ,,板塔结合,81 万,9134 元,0,,,VR看装修 | 房本满五年 | 随时看房,https://hui.lianjia.com/ershoufang/105122150480.html
户型方正 红本在手 业主诚意出售,"卓越东部蔚蓝海岸四期 , 西区新寮",2室1厅,73.24平米,西南,,26层 ,,板塔结合,48 万,6554 元,0,,,VR看装修 | 房本满五年 | 随时看房,https://hui.lianjia.com/ershoufang/105121650714.html
南向视野好，装修保养佳，拎包入住,"德洲中心城 , 大亚湾中心区",3室2厅,84.76平米,南,精装,32层 ,,板塔结合,39 万,4602 元,2,,,VR房源 | 房本满五年 | 随时看房,https://hui.lianjia.com/ershoufang/105121018427.html
宏益公馆花园中间，两梯两户，安静舒适，双阳台！,"宏益公馆 , 江北",3室2厅,129.35平米,南,,低楼层(共18层) ,,塔楼,145 万,11210 元,0,,8天以前发布,VR房源 | 房本满五年 | 随时看房,https://hui.lianjia.com/ershoufang/105122480241.html
业主诚心出售，户型方正使用率高,"二月天花园 , 大亚湾中心区",4室2厅,90平米,南 北,精装,26层 ,,板塔结合,48 万,5334 元,1,,,VR看装修,https://hui.lianjia.com/ershoufang/105119555099.html
金湾花园，满五唯一，小区配套齐，,"金湾花园 , 大亚湾中心区",4室2厅,127平米,南,毛坯,低楼层(共32层) ,,塔楼,55 万,4331 元,2,,,VR房源 | 随时看房,https://hui.lianjia.com/ershoufang/105114214792.html
鼎浩城75平方 精装修2房出售 配了全屋家电 拎包入住,"鼎浩城 , 马安",2室1厅,75.33平米,东南,精装,19层 ,,塔楼,45 万,5974 元,0,,,VR看装修 | 房本满五年 | 随时看房,https://hui.lianjia.com/ershoufang/105119302163.html
丽格公寓精装一房一厅装修保养好,"丽格国际公寓 , 江北",1室1厅,41.5平米,北,,30层 ,,塔楼,32 万,7711 元,0,,,VR房源,https://hui.lianjia.com/ershoufang/105121769650.html
楼层好，视野好，采光通风好，无遮挡视野,"佳兆业拾光道花园 , 马安",3室1厅,94.07平米,南,毛坯,高楼层(共27层) ,,塔楼,66 万,7017 元,0,,24天以前发布,VR房源 | 随时看房,https://hui.lianjia.com/ershoufang/105122317117.html
红花湖南门，德和苑   两梯两户，南北通,"德和苑 , 龙丰",3室2厅,140.14平米,南,毛坯,高楼层(共18层) ,,板楼,90 万,6423 元,0,,,VR看装修 | 房本满两年 | 随时看房,https://hui.lianjia.com/ershoufang/105122216544.html
诚心出售，全新未住过，随时可以看房,"花样年别样城二期 , 新行政区",1室1厅,42平米,北,精装,32层 ,,塔楼,15.9 万,3786 元,0,,,VR房源 | 房本满五年 | 随时看房,https://hui.lianjia.com/ershoufang/105121953113.html
业主急售，红本在手，精装修朝南三房,"龙光玖龙湾 , 万达",3室2厅,87平米,南,精装,31层 ,,板塔结合,54 万,6207 元,5,,,VR看装修,https://hui.lianjia.com/ershoufang/105117747032.html
楼层好，户型佳，楼下天虹商场大润发商场，西区菜市场,"旺东国际广场 , 开城大润发",4室2厅,112平米,东南 南,精装,30层 ,,塔楼,85 万,7590 元,0,,,VR看装修,https://hui.lianjia.com/ershoufang/105118854190.html
精装，坐北朝南，采光好，视野开阔,"山语龙庭 , 新行政区",4室2厅,101.37平米,南 北,精装,27层 ,,板塔结合,69 万,6807 元,0,,,VR看装修 | 房本满五年 | 随时看房,https://hui.lianjia.com/ershoufang/105118781414.html
临深舒适型大三房好楼层近沙田地铁,"万祥豪苑 , 白云新城",3室2厅,107.82平米,北,毛坯,30层 ,,板塔结合,49.6 万,4601 元,0,,10天以前发布,VR房源 | 房本满五年 | 随时看房,https://hui.lianjia.com/ershoufang/105122460386.html
配套成熟·出行方便，拎包入住，价格能聊,"花样年·康城四季御峰 , 惠环",3室2厅,110平米,南 北,,中楼层(共31层) ,,板塔结合,86 万,7819 元,1,,,VR看装修,https://hui.lianjia.com/ershoufang/105122150078.html
南向两房，采光好，业主诚心出售,"碧桂园.十里银滩.海逸湾北区 , 十里银滩",2室1厅,66.97平米,南,精装,30层 ,,板塔结合,21 万,3136 元,26,,,VR看装修 | 房本满五年 | 随时看房,https://hui.lianjia.com/ershoufang/105113260445.html
天御三期高楼层前看江景后有公园楼间距宽敞视野开阔,"中洲天御3期 , 河南岸",4室1厅,127平米,南 北,,高楼层(共32层) ,,板塔结合,116 万,9134 元,0,,20天以前发布,VR房源 | 随时看房,https://hui.lianjia.com/ershoufang/105122351991.html
德丰凯旋城北区 1室1厅 北,"德丰凯旋城北区 , 大亚湾中心区",1室1厅,38.19平米,北,简装,26层 ,,板塔结合,20 万,5237 元,0,,,VR看装修 | 房本满五年 | 随时看房,https://hui.lianjia.com/ershoufang/105121921595.html
临深百万大盘，户型方正，业主诚心出售,"卓越蔚蓝海岸七期 , 西区新寮",3室2厅,96平米,南,精装,18层 ,,板塔结合,78 万,8125 元,1,,,VR看装修 | 随时看房,https://hui.lianjia.com/ershoufang/105122088601.html
江北鼎峰国汇山，刚需选择，朝南采光好,"鼎峰国汇山 , 江北",3室2厅,88.06平米,北,毛坯,高楼层(共32层) ,,板塔结合,82 万,9312 元,0,,,VR看装修 | 随时看房,https://hui.lianjia.com/ershoufang/105115279385.html
一线临深精装三房两卫，业主全新未入住，朝南看河景,"卓越东部蔚蓝海岸五期 , 西区新寮",3室2厅,95.83平米,南,精装,33层 ,,塔楼,81.88 万,8545 元,0,,,VR看装修 | 房本满两年 | 随时看房,https://hui.lianjia.com/ershoufang/105121487750.html
方直君御朝南3房2厅精装修 带家私电器出售,"方直君御 , 东江新城",3室2厅,91平米,南,,中楼层(共23层) ,,塔楼,128 万,14066 元,0,,,VR看装修,https://hui.lianjia.com/ershoufang/105120820807.html
红树林公园旁，精装四房，看房方便，无个税,"碧桂园太东天樾湾 , 大亚湾中心区",4室2厅,128.76平米,南 北,精装,34层 ,,板塔结合,63 万,4893 元,3,,,VR看装修 | 随时看房,https://hui.lianjia.com/ershoufang/105121702213.html
F区南向三房 视野宽阔无遮挡 采光充足 业主诚意出售,"星河丹堤F区 , 南站新城",3室2厅,88.02平米,南,毛坯,34层 ,,板塔结合,69 万,7840 元,6,,,VR看装修 | 房本满五年 | 随时看房,https://hui.lianjia.com/ershoufang/105119931523.html
红树林公园旁，二房带精装，业主急卖,"海伦堡海伦虹 , 大亚湾中心区",2室2厅,75.74平米,南,精装,20层 ,,板塔结合,39.8 万,5255 元,1,,,VR看装修 | 房本满两年 | 随时看房,https://hui.lianjia.com/ershoufang/105121284387.html
国企盘单价4000出头 急售 中间楼层,"天健阳光花园 , 新圩",3室1厅,79.45平米,南,,低楼层(共18层) ,,板塔结合,33 万,4154 元,1,,17天以前发布,VR看装修 | 房本满五年 | 随时看房,https://hui.lianjia.com/ershoufang/105122386377.html
一线临深，标准大三房，业主红本在手，没有欠款,"锦地繁花骏园 , 西区新寮",3室2厅,98.43平米,东南,,30层 ,,板塔结合,60 万,6096 元,0,,,VR看装修 | 房本满两年 | 随时看房,https://hui.lianjia.com/ershoufang/105120112429.html
麦地成熟小区生活便利交通方便住家装修,"麦地南山庄二期 , 麦地",3室2厅,109.51平米,南,简装,中楼层(共8层) ,,板塔结合,82 万,7488 元,0,,,VR看装修 | 房本满五年 | 随时看房,https://hui.lianjia.com/ershoufang/105117210713.html
新力城一期89平毛坯三房诚意出售,"新力城一期 , 水口",3室2厅,89.22平米,东南,毛坯,低楼层(共27层) ,,板楼,57 万,6389 元,0,,,VR看装修 | 随时看房,https://hui.lianjia.com/ershoufang/105122092942.html
带前后大露台 华辉铭铸 带产权车位  四房,"华辉铭铸 , 江北",4室1厅,129.5平米,南,精装,低楼层(共17层) ,,塔楼,118 万,9112 元,0,,16天以前发布,VR房源,https://hui.lianjia.com/ershoufang/105122394479.html
精装修，好楼层，采光好，通风好，没有遮挡。,"鑫月御园 , 秋长",3室2厅,84.91平米,南,精装,23层 ,,板塔结合,52 万,6125 元,0,,25天以前发布,VR看装修 | 房本满五年 | 随时看房,https://hui.lianjia.com/ershoufang/105122312567.html
水口大社区新力花园，118平南北通大3房，视野开阔,"新力城一期 , 水口",3室2厅,117.98平米,南,毛坯,低楼层(共27层) ,,板楼,78 万,6612 元,0,,,VR看装修 | 房本满两年 | 随时看房,https://hui.lianjia.com/ershoufang/105122094156.html
新力城花园端头位，89平3方，视野好,"新力城一期 , 水口",3室2厅,89.22平米,南,毛坯,中楼层(共27层) ,,板楼,57 万,6389 元,0,,,VR看装修 | 房本满两年 | 随时看房,https://hui.lianjia.com/ershoufang/105122094211.html
鼎峰国汇山 全新毛坯 朝南 刚需三房 带花园,"鼎峰国汇山 , 江北",3室2厅,87.89平米,南,毛坯,高楼层(共32层) ,,板塔结合,88 万,10013 元,1,,,VR看装修 | 房本满五年 | 随时看房,https://hui.lianjia.com/ershoufang/105119790072.html
新力花园 小区环境舒服  房子户型好，板楼设计,"新力城一期 , 水口",3室2厅,108.9平米,东南,毛坯,中楼层(共27层) ,,板楼,78 万,7163 元,0,,,VR看装修 | 房本满五年 | 随时看房,https://hui.lianjia.com/ershoufang/105121420249.html
合生·上观国际 4室2厅 西南,"合生·上观国际 , 水口",4室2厅,178.34平米,西南,精装,中楼层(共18层) ,,塔楼,109.8 万,6157 元,0,,,VR房源 | 房本满五年,https://hui.lianjia.com/ershoufang/105121900772.html
新力城一期89平方 朝南看花园 精装修 价格可聊,"新力城一期 , 水口",3室2厅,89平米,南,精装,33层 ,,板楼,73.8 万,8293 元,0,,8天以前发布,VR房源,https://hui.lianjia.com/ershoufang/105122486487.html
新力城一期118平三房诚意出售,"新力城一期 , 水口",3室2厅,117.98平米,南 西南,毛坯,高楼层(共27层) ,,板楼,78 万,6612 元,0,,,VR看装修 | 随时看房,https://hui.lianjia.com/ershoufang/105122091069.html
启明苑，新天虹商圈，配套成熟，四房两厅，户型方正,"启明苑 , 河南岸",4室2厅,128.48平米,南,精装,9层 ,,板塔结合,85 万,6616 元,6,,,VR看装修,https://hui.lianjia.com/ershoufang/105106703089.html
合生温馨2房，朝南东边户，视野开阔看江景,"合生·上观国际 , 水口",2室2厅,83.75平米,东南 南,毛坯,高楼层(共32层) ,,塔楼,58 万,6926 元,0,,,VR看装修 | 随时看房,https://hui.lianjia.com/ershoufang/105120477694.html
碧桂园珑誉4房精装 带车位  好楼层户型方正,"碧桂园珑誉花园 , 水口",4室2厅,115.36平米,东南,,中楼层(共33层) ,,塔楼,88 万,7629 元,0,,,VR看装修 | 房本满五年 | 随时看房,https://hui.lianjia.com/ershoufang/105122145460.html
合生上观小区，精装，大社区...................,"合生·上观国际 , 水口",4室2厅,178.09平米,东南,精装,中楼层(共18层) ,,塔楼,110 万,6177 元,1,,,VR房源 | 房本满五年,https://hui.lianjia.com/ershoufang/105114138529.html
视野开阔  采光好 中高楼层 南向 精致三房,"五矿哈施塔特 , 博罗中心区",3室2厅,93.4平米,南,毛坯,33层 ,,塔楼,35 万,3748 元,0,,,VR看装修 | 房本满两年 | 随时看房,https://hui.lianjia.com/ershoufang/105121313862.html
三环内，交通便利，四房装修保养好，拎包入住,"翠湖雅苑 , 水口",5室2厅,155.27平米,南 北,精装,中楼层(共15层) ,,板塔结合,86 万,5539 元,0,,,VR看装修 | 房本满五年 | 随时看房,https://hui.lianjia.com/ershoufang/105119843398.html
视野无遮挡，中间楼层，户型方正，轻轨口物业大社区,"隆生仲恺花园3区 , 陈江",4室2厅,125.97平米,南 北,毛坯,低楼层(共32层) ,,塔楼,84.3 万,6693 元,0,,,VR看装修 | 房本满两年 | 随时看房,https://hui.lianjia.com/ershoufang/105121533630.html
此房满五唯一税费少户型好 户型方正实用 区政府旁,"江南豪苑 , 区政府",3室2厅,127平米,东南,简装,高楼层(共25层) ,,板楼,70 万,5512 元,0,,,VR看装修 | 房本满两年 | 随时看房,https://hui.lianjia.com/ershoufang/105118744164.html
房子户型方正看山景海景湖景单位原购价高无个税,"合生滨海城 , 澳头",4室2厅,182.35平米,东南,毛坯,31层 ,,板塔结合,110 万,6033 元,0,,,VR看装修 | 房本满五年 | 随时看房,https://hui.lianjia.com/ershoufang/105122183250.html
原购价格高无个税，户型方正，通风采光好，业主急售！,"合生滨海城 , 澳头",3室2厅,113平米,南 北,简装,28层 ,,板塔结合,56 万,4956 元,0,,,VR看装修 | 随时看房,https://hui.lianjia.com/ershoufang/105119198235.html
原购价格高，无个税！高品质大社区 好楼层 视野采光,"合生滨海城 , 澳头",3室2厅,137.64平米,东南 南,,31层 ,,板塔结合,60 万,4360 元,0,,27天以前发布,VR看装修 | 房本满五年 | 随时看房,https://hui.lianjia.com/ershoufang/105122300729.html
精装拎包入住楼层位置好，配套设施齐全,"当代上品湾花园 , 澳头",1室1厅,33.67平米,南,精装,37层 ,,板塔结合,13 万,3862 元,4,,,VR房源 | 房本满五年 | 随时看房,https://hui.lianjia.com/ershoufang/105117101567.html
高层视野好 精装修没住过 配套成熟 近天虹半岛公园,"清泉城市广场 , 区政府",3室2厅,93.83平米,南 北,精装,29层 ,,板塔结合,63 万,6715 元,1,,,VR看装修 | 房本满两年 | 随时看房,https://hui.lianjia.com/ershoufang/105120155032.html
壹城精装修4房，中高楼层，拎包入住,"壹城中心1区 , 陈江",4室2厅,118.38平米,南 北,精装,高楼层(共32层) ,,塔楼,112 万,9462 元,0,,,VR看装修 | 房本满两年 | 随时看房,https://hui.lianjia.com/ershoufang/105119898352.html
经典房型，实用方便，刚需改善均可，有意向欢迎实地看,"光耀荷兰小城 , 陈江",4室2厅,92.5平米,北 南,毛坯,中楼层(共33层) ,,板塔结合,49 万,5298 元,0,,25天以前发布,VR看装修 | 随时看房,https://hui.lianjia.com/ershoufang/105122312008.html
骏景花园 4室2厅 东,"骏景花园 , 区政府",4室2厅,130.25平米,东,精装,25层 ,,板塔结合,83.5 万,6411 元,0,,10天以前发布,VR房源 | 房本满五年,https://hui.lianjia.com/ershoufang/105122463324.html
临深片区，标准三房，小区环境好,"锦地繁花骏园 , 西区新寮",3室2厅,98.92平米,东南 南,毛坯,30层 ,,板塔结合,58.8 万,5945 元,2,,,VR看装修 | 房本满五年 | 随时看房,https://hui.lianjia.com/ershoufang/105120000468.html
沙田地铁站小户型两房，低总价，红本满五税少,"晶地顺苑 , 西区新寮",2室1厅,53.36平米,南,,30层 ,,板塔结合,26 万,4873 元,0,,,VR看装修 | 房本满五年 | 随时看房,https://hui.lianjia.com/ershoufang/105120979575.html
全新精装修三房，带家私电器出售，高层采光通风无暗房,"新力城二期 , 水口",3室2厅,89.88平米,南,精装,高楼层(共31层) ,,板楼,66.6 万,7410 元,0,,,VR看装修 | 房本满五年 | 随时看房,https://hui.lianjia.com/ershoufang/105119905264.html
碧桂园山河城 3室2厅 北,"碧桂园山河城 , 三和经济开发区",3室2厅,92.32平米,北,精装,18层 ,,板塔结合,32.8 万,3553 元,0,,18天以前发布,VR看装修 | 随时看房,https://hui.lianjia.com/ershoufang/105122368563.html
恒大紫荆学府棕榈岛 3室2厅 南,"恒大紫荆学府棕榈岛 , 白云新城",3室2厅,103平米,南,精装,中楼层(共32层) ,,板塔结合,75 万,7282 元,0,,,VR看装修 | 随时看房,https://hui.lianjia.com/ershoufang/105115250138.html
临深央企保利阳光城93平精装四房,"保利阳光城二期 , 白云新城",4室2厅,92.57平米,北,精装,32层 ,,板塔结合,66.8 万,7217 元,0,,,VR看装修 | 房本满五年 | 随时看房,https://hui.lianjia.com/ershoufang/105121747632.html
户型方正毛坯业主诚心出售，位置好,"和府御堡 , 西区新寮",2室2厅,67.37平米,南,,26层 ,,塔楼,35 万,5196 元,1,,8天以前发布,VR房源 | 房本满五年 | 随时看房,https://hui.lianjia.com/ershoufang/105122479925.html
鑫月御景湾精装三房 户型方正 中间楼层 采光视野好,"鑫月御景湾 , 陈江",3室2厅,86平米,东南 南,,32层 ,,塔楼,53 万,6163 元,1,,,VR看装修 | 随时看房,https://hui.lianjia.com/ershoufang/105118352484.html
合生大社区三房，视野开阔，采光好,"合生·上观国际 , 水口",3室2厅,92.04平米,西南,精装,低楼层(共32层) ,,板楼,83 万,9018 元,1,,,VR看装修 | 房本满两年 | 随时看房,https://hui.lianjia.com/ershoufang/105121951824.html
臻誉府旁、自住精装修，朝南的！采光良好,"鑫月御景湾 , 陈江",3室2厅,86.08平米,东南,精装,32层 ,,塔楼,50 万,5809 元,0,,,VR看装修 | 房本满五年,https://hui.lianjia.com/ershoufang/105121564214.html
临14号地铁沙田站 ，次新房户型方正， 业主诚心出售,"壹方天第 , 白云新城",3室2厅,112.48平米,西南,精装,34层 ,,板塔结合,73 万,6491 元,2,,,VR看装修 | 随时看房,https://hui.lianjia.com/ershoufang/105113461928.html
三远大爱城精装，宽敞明亮，户型方正，适合居家,"三远大爱城 , 吾悦广场",3室2厅,88.67平米,南,精装,32层 ,,板塔结合,57 万,6429 元,9,,,VR房源 | 房本满五年 | 随时看房,https://hui.lianjia.com/ershoufang/105112846937.html
新天虹 大润发 精装修两房 拎包入住 满五唯一,"旺东国际广场 , 开城大润发",2室2厅,74.65平米,东南,精装,30层 ,,塔楼,53 万,7100 元,0,,,VR看装修 | 房本满五年 | 随时看房,https://hui.lianjia.com/ershoufang/105119988090.html
户型方正，采光好，视野好，无遮挡,"新华联广场 , 大亚湾中心区",3室2厅,88.61平米,北,简装,32层 ,,板塔结合,50 万,5643 元,5,,,VR看装修 | 房本满五年 | 随时看房,https://hui.lianjia.com/ershoufang/105116105001.html
荷兰小城，环境优美，小区空间大，小孩读书方便,"光耀荷兰小城 , 陈江",4室2厅,112平米,南,毛坯,31层 ,,板楼,57 万,5090 元,0,,,VR看装修 | 随时看房,https://hui.lianjia.com/ershoufang/105121033126.html
鑫月城三房大社区自带游泳池轻轨物业,"鑫月御景湾 , 陈江",3室2厅,86.72平米,南,精装,32层 ,,塔楼,49 万,5651 元,0,,,VR看装修 | 房本满五年 | 随时看房,https://hui.lianjia.com/ershoufang/105118809325.html
全新未住，业主诚意出售，南北向看花园，中间楼层,"龙湖天宸原著花园 , 河南岸",4室2厅,138.01平米,南,精装,中楼层(共33层) ,,塔楼,209 万,15144 元,1,,,VR看装修 | 随时看房,https://hui.lianjia.com/ershoufang/105118908790.html
全新末住过，无抵押，业主诚心出售，价格可谈。,"群峰花园 , 南站新城",3室2厅,94.63平米,东南,,中楼层(共33层) ,,塔楼,55 万,5813 元,0,,,VR看装修 | 房本满两年 | 随时看房,https://hui.lianjia.com/ershoufang/105120939638.html
小4房，视野好，无增值税和个税,"星河丹堤S2区 , 南站新城",4室2厅,95.26平米,南,,34层 ,,板塔结合,108 万,11338 元,0,,,VR看装修 | 房本满两年 | 随时看房,https://hui.lianjia.com/ershoufang/105112696350.html
高铁站旁 天虹大润发商圈 中高层南向3加1房！,"旺东国际广场 , 开城大润发",3室2厅,111.28平米,南,毛坯,30层 ,,塔楼,70 万,6291 元,1,,,VR看装修 | 房本满五年 | 随时看房,https://hui.lianjia.com/ershoufang/105118944501.html
原值高 采光好 户型方正 精装修两房,"三远大爱城 , 吾悦广场",2室2厅,76.49平米,南,,32层 ,,板塔结合,45 万,5884 元,2,,,VR看装修 | 房本满五年,https://hui.lianjia.com/ershoufang/105119332980.html
临深入住率高，税费低，精装修，配套齐全,"尚城世家二期 , 区政府",3室1厅,113.58平米,东南,精装,26层 ,,板塔结合,118 万,10390 元,0,,,VR房源 | 房本满五年 | 随时看房,https://hui.lianjia.com/ershoufang/105121458711.html
区政府 配套齐全 业主急售...,"中港华庭 , 区政府",1室1厅,50平米,东,,26层 ,,塔楼,19.8 万,3960 元,0,,,VR看装修 | 随时看房,https://hui.lianjia.com/ershoufang/105112984971.html
精装修南北通透大4房2卫看一线江景无遮挡海伦湾,"海伦堡海伦湾 , 东平",4室2厅,131.92平米,南 北,精装,中楼层(共32层) ,,板塔结合,138 万,10461 元,0,,,VR看装修 | 房本满五年 | 随时看房,https://hui.lianjia.com/ershoufang/105120053667.html
金山湖奥园领寓 精装公寓 1房1厅 拎包入住,"奥园领寓 , 河南岸",1室1厅,29.17平米,西北,精装,32层 ,,板塔结合,17.5 万,6000 元,1,,,VR房源 | 房本满五年,https://hui.lianjia.com/ershoufang/105121645814.html
区政府天虹旁鼎盛广场精装修1房业主诚心出售,"鼎盛广场 , 区政府",1室1厅,46.25平米,南,精装,33层 ,,板塔结合,19 万,4109 元,0,,,VR看装修 | 房本满五年 | 随时看房,https://hui.lianjia.com/ershoufang/105114526967.html
业主着急卖，南北通四房，看园林，少有户型卖,"德洲中心城 , 大亚湾中心区",4室2厅,123.1平米,南,简装,28层 ,,板塔结合,66 万,5362 元,0,,,VR看装修 | 房本满五年 | 随时看房,https://hui.lianjia.com/ershoufang/105119385527.html
急卖，星河品牌，三房，好楼层，你意向不到的价格,"惠州星河盛世 , 白云新城",3室2厅,74.02平米,东南,毛坯,高楼层(共33层) ,,板塔结合,45 万,6080 元,0,,,VR看装修 | 房本满两年 | 随时看房,https://hui.lianjia.com/ershoufang/105116452393.html
装修大2房。随时看房，地铁口物业,"德洲城三、四期 , 西区新寮",2室2厅,81.13平米,南,毛坯,18层 ,,板塔结合,42.8 万,5276 元,4,,,VR看装修 | 房本满五年,https://hui.lianjia.com/ershoufang/105116368380.html
格局好 视野宽阔 采光充足 配套设施齐 业主急售,"中信新城C区 , 南站新城",4室2厅,127.9平米,东南 南,精装,34层 ,,板塔结合,86 万,6725 元,0,,,VR看装修 | 房本满五年,https://hui.lianjia.com/ershoufang/105120582652.html
临深一路之隔，一刻钟到沙田站，公交车直达到聚龙山,"富康锦绣壹号 , 西区新寮",4室1厅,112平米,南,精装,33层 ,,塔楼,112 万,10000 元,3,,,VR房源 | 房本满五年 | 随时看房,https://hui.lianjia.com/ershoufang/105120226933.html
轻轨口碧桂园盛汇广场精装公寓1房精致漂亮,"碧桂园盛汇 , 龙丰",1室0厅,38.74平米,南,精装,高楼层(共32层) ,,塔楼,18.8 万,4853 元,2,,,VR看装修 | 房本满两年 | 随时看房,https://hui.lianjia.com/ershoufang/105121427426.html
业主诚心出售，此房户型方正，采光好,"冠臣御品花园 , 新行政区",3室2厅,114.54平米,南 北,精装,28层 ,,板塔结合,68 万,5937 元,0,,,VR看装修 | 房本满两年 | 随时看房,https://hui.lianjia.com/ershoufang/105117314529.html
精装修 业主诚心出售 随时可以看房,"和畅国际 , 惠环",3室1厅,86.51平米,东南,精装,高楼层(共32层) ,,塔楼,51 万,5896 元,0,,,VR房源 | 房本满五年,https://hui.lianjia.com/ershoufang/105121837680.html
方正居家三室一卫，拎包入住，总价低，随时看房,"碧桂园十里银滩海悦湾 , 十里银滩",3室1厅,84平米,西南,精装,30层 ,,板塔结合,27.8 万,3310 元,23,,,VR看装修 | 随时看房,https://hui.lianjia.com/ershoufang/105117765705.html
南北双阳台，无欠款 ，次新小区，环境优美，户型好,"新华联广场 , 大亚湾中心区",4室2厅,113.25平米,南 北,毛坯,34层 ,,板塔结合,57.9 万,5113 元,1,,,VR看装修 | 房本满两年 | 随时看房,https://hui.lianjia.com/ershoufang/105122224094.html
隆生仲恺花园 三房两卫 中间楼层 采光通风好,"隆生仲恺花园3区 , 陈江",3室2厅,102平米,南,毛坯,中楼层(共32层) ,,板楼,66 万,6471 元,0,,,VR看装修 | 随时看房,https://hui.lianjia.com/ershoufang/105121410451.html
新力城三期《本社区有大量房源出售》,"新力城三期 , 水口",3室1厅,88.75平米,南,精装,高楼层(共31层) ,,板楼,66 万,7437 元,0,,,VR看装修 | 房本满两年 | 随时看房,https://hui.lianjia.com/ershoufang/105121695203.html
龙海一路自在城4房诚心出售，看房方便,"金地天润自在城一期 , 西区新寮",4室2厅,107.66平米,南 西,精装,33层 ,,板塔结合,75 万,6967 元,3,,,VR房源 | 房本满两年 | 随时看房,https://hui.lianjia.com/ershoufang/105120656877.html
水岸城四期 在中抽位置 带装修4房 户型合理 中间楼层,"中信水岸城四期 , 东江新城",4室2厅,130平米,南,精装,高楼层(共31层) ,,板塔结合,140 万,10770 元,0,,,VR看装修,https://hui.lianjia.com/ershoufang/105121522343.html
户型方正 业主诚心出售 采光好 通风好 房子保养好,"中天彩虹城北区 , 开城大润发",3室2厅,131.85平米,南 北,精装,30层 ,,板楼,75 万,5689 元,1,,,VR看装修 | 房本满五年 | 随时看房,https://hui.lianjia.com/ershoufang/105122209746.html
次新社区南北通宽敞舒适大四房朝南横厅设计使用高,"邦民华家园 , 惠环",4室2厅,110.09平米,南 北,毛坯,26层 ,,塔楼,58 万,5269 元,0,,,VR看装修 | 房本满五年 | 随时看房,https://hui.lianjia.com/ershoufang/105122013651.html
保华铂郡花园，三房南北通，中间楼层，看房有钥匙。,"保华铂郡 , 河南岸",3室2厅,117.9平米,西南,,23层 ,,塔楼,139 万,11790 元,1,,,VR看装修 | 随时看房,https://hui.lianjia.com/ershoufang/105121578412.html
红本在手税费低交易快，万科物业拎包入住,"晶地里程花园 , 西区新寮",4室1厅,109平米,南,简装,33层 ,,塔楼,80 万,7340 元,0,,,VR看装修 | 随时看房,https://hui.lianjia.com/ershoufang/105121687712.html
户型通透，视野开阔，采光充足，配套齐全，交通方便,"碧桂园十里银滩海悦湾 , 十里银滩",2室2厅,66.98平米,北,精装,30层 ,,板塔结合,23.75 万,3546 元,1,,,VR房源 | 随时看房,https://hui.lianjia.com/ershoufang/105121264474.html
天益城二期 4室2厅 东南,"天益城二期 , 陈江",4室2厅,107.28平米,东南,精装,高楼层(共33层) ,,塔楼,103 万,9602 元,0,,,VR看装修 | 房本满两年 | 随时看房,https://hui.lianjia.com/ershoufang/105120470844.html
标准一房一厅，满五唯一，红本在手,"历昌华庭 , 白云新城",1室1厅,57.68平米,北,毛坯,27层 ,,板塔结合,23 万,3988 元,0,,,VR房源 | 房本满五年 | 随时看房,https://hui.lianjia.com/ershoufang/105122149111.html
钱隆樽品花园 次新小区 四房南北通双阳台 采光视野好,"福晟钱隆樽品花园 , 陈江",4室2厅,101平米,南 北,,31层 ,,板塔结合,62 万,6139 元,0,,,VR看装修 | 随时看房,https://hui.lianjia.com/ershoufang/105118306468.html
鑫月城自住三房朝南看花园拎包入住业主急售,"鑫月御景湾 , 陈江",3室2厅,86.1平米,南,精装,31层 ,,塔楼,55 万,6388 元,0,,,VR看装修 | 房本满五年,https://hui.lianjia.com/ershoufang/105120802173.html
高duan大社区 税费少 户型方正 朝南 采光通风好,"恒大紫荆学府棕榈岛 , 白云新城",3室2厅,88.06平米,南,精装,低楼层(共32层) ,,板塔结合,55 万,6246 元,6,,,VR房源 | 房本满两年 | 随时看房,https://hui.lianjia.com/ershoufang/105118353050.html
大湖溪 有证商品房 家好花苑 健康步梯 精装3房2卫,"家好花苑 , 水口",3室2厅,102.51平米,东南,精装,高楼层(共7层) ,,板塔结合,35 万,3415 元,1,,,VR看装修 | 房本满五年,https://hui.lianjia.com/ershoufang/105121654113.html
万达旁1公里精装小户型，拎包入住,"西街苑一期 , 万达",1室0厅,26.78平米,南,,9层 ,,板塔结合,13.5 万,5042 元,0,,9天以前发布,VR房源 | 房本满五年,https://hui.lianjia.com/ershoufang/105122476649.html
金山湖公园旁 方直珑湖湾 毛坯3房业主急售,"方直珑湖湾 , 河南岸",3室2厅,121.29平米,南,毛坯,中楼层(共31层) ,,板塔结合,176 万,14511 元,0,,,VR看装修 | 房本满五年 | 随时看房,https://hui.lianjia.com/ershoufang/105121405588.html
江北片区丽格国际公寓 精装修一房 带独立厨房和阳台,"丽格国际公寓 , 江北",1室0厅,42平米,南,精装,30层 ,,塔楼,36 万,8572 元,0,,,VR房源 | 随时看房,https://hui.lianjia.com/ershoufang/105120225360.html
天翔中间好楼层，南北通户型好，采光好，配套齐全,"奥园天翔誉峰 , 惠环",5室2厅,115平米,南,毛坯,31层 ,,塔楼,62 万,5392 元,0,,,VR看装修 | 随时看房,https://hui.lianjia.com/ershoufang/105122218660.html
大社区，交通便捷，户型方正，使用率高，带装修,"德丰凯旋城北区 , 大亚湾中心区",2室1厅,41.68平米,北,精装,26层 ,,板塔结合,24 万,5759 元,2,,,VR看装修 | 房本满五年,https://hui.lianjia.com/ershoufang/105119099928.html
荷兰水乡片区 精装电梯3房 诚心出售 看房方便,"东珠华府 , 东平",3室2厅,109.13平米,北,精装,高楼层(共15层) ,,板塔结合,71 万,6507 元,1,,,VR看装修 | 房本满五年 | 随时看房,https://hui.lianjia.com/ershoufang/105121469004.html
户型好，楼层好，彩光好，小区环境好,"听涛雅苑 , 大亚湾中心区",2室2厅,36.25平米,南,简装,7层 ,,板塔结合,22.9 万,6318 元,0,,23天以前发布,VR房源 | 房本满五年 | 随时看房,https://hui.lianjia.com/ershoufang/105122331357.html
看湖景大阳台精装修，定制家具，采光好,"星河丹堤E区 , 南站新城",5室2厅,123.1平米,东南,精装,34层 ,,,120 万,9749 元,0,,,VR看装修,https://hui.lianjia.com/ershoufang/105121727613.html
朝南、四楼、南北通、双阳台、邻人民公园,"富景花园 , 区政府",2室2厅,76.98平米,南,,中楼层(共7层) ,,板塔结合,25 万,3248 元,0,,4天以前发布,VR房源 | 房本满两年 | 随时看房,https://hui.lianjia.com/ershoufang/105122521399.html
近深圳门口公交车3公里，旁边公立九小,"天域花园 , 白云新城",3室2厅,73.6平米,东南 南,毛坯,21层 ,,板塔结合,29 万,3941 元,1,,,VR看装修 | 房本满五年 | 随时看房,https://hui.lianjia.com/ershoufang/105116423666.html
光耀荷兰堡小区环境优美，方便出行,"光耀荷兰堡 , 小金口",3室2厅,127.67平米,南,,中楼层(共17层) ,,板塔结合,59 万,4622 元,0,,,VR看装修 | 房本满五年,https://hui.lianjia.com/ershoufang/105120043659.html
江湾一品 4室2厅 东北,"江湾一品 , 下角",4室2厅,174.89平米,东北,毛坯,高楼层(共30层) ,,板塔结合,168 万,9607 元,0,,24天以前发布,VR看装修 | 房本满五年 | 随时看房,https://hui.lianjia.com/ershoufang/105122321272.html
富康锦绣壹号三期 朝南三房 东边户 视野好 诚心出售,"富康锦绣壹号三期 , 西区新寮",3室2厅,85.24平米,南,精装,32层 ,,塔楼,96 万,11263 元,0,,8天以前发布,VR房源 | 房本满五年 | 随时看房,https://hui.lianjia.com/ershoufang/105122483423.html
吾悦广场旁业主自住，诚心卖，南北通，看花园!,"碧桂园太东公园上城 , 吾悦广场",3室2厅,109.35平米,南 北,精装,33层 ,,板塔结合,96 万,8780 元,0,,,VR看装修 | 房本满两年,https://hui.lianjia.com/ershoufang/105121101826.html
福晟钱隆樽品花园 3室2厅 南,"福晟钱隆樽品花园 , 陈江",3室2厅,90.2平米,南,简装,33层 ,,塔楼,62 万,6874 元,0,,,VR看装修 | 随时看房,https://hui.lianjia.com/ershoufang/105119282953.html
荣佳国韵 两房 税费少，高档小区，一线临深，配套齐全,"荣佳国韵二期 , 龙光城",2室2厅,74.75平米,东南 南,毛坯,26层 ,,板塔结合,46 万,6154 元,5,,,VR看装修 | 随时看房,https://hui.lianjia.com/ershoufang/105113315861.html
红本在手无欠款，开发商装修，无住过人，户型通透,"龙光城北十二期 , 龙光城",4室1厅,109.36平米,东南,精装,33层 ,,板塔结合,100 万,9145 元,0,,,VR房源 | 房本满五年 | 随时看房,https://hui.lianjia.com/ershoufang/105120668956.html
二月天花园 2室2厅 北,"二月天花园 , 大亚湾中心区",2室2厅,55.7平米,北,精装,33层 ,,塔楼,28 万,5027 元,1,,,VR看装修,https://hui.lianjia.com/ershoufang/105122102643.html
平台介绍，金地物业大亚湾第1住宅业主红本在售,"富康锦绣壹号5期 , 西区新寮",4室2厅,124.7平米,南 北,精装,32层 ,,塔楼,162 万,12992 元,2,,,VR看装修 | 随时看房,https://hui.lianjia.com/ershoufang/105118154375.html
双阳台南北通 北靠亚公顶森林公园 南看园林 和泳池,"星河丹堤C区 , 南站新城",4室2厅,135.42平米,南 北,精装,31层 ,,板塔结合,110 万,8123 元,1,,,VR看装修 | 房本满五年 | 随时看房,https://hui.lianjia.com/ershoufang/105121738871.html
楼层好，采光充足，视野开阔，大型高品质小区,"牧云溪谷二期云尚 , 新圩",3室2厅,86.12平米,东南,简装,33层 ,,塔楼,115 万,13354 元,0,,,VR看装修 | 随时看房,https://hui.lianjia.com/ershoufang/105118996598.html
东湖花园三区 边位 电梯中上层 采光通风好,"东湖花园三号小区 , 东平",3室1厅,109.21平米,北,简装,高楼层(共14层) ,,板楼,73 万,6685 元,0,,,VR房源 | 房本满五年 | 随时看房,https://hui.lianjia.com/ershoufang/105121429297.html
诚意出售东湖花园四区电梯正南 书香门第,"东湖花园四号小区 , 东平",2室1厅,88.44平米,南,精装,7层 ,,板塔结合,55 万,6219 元,1,,,VR房源 | 房本满五年 | 随时看房,https://hui.lianjia.com/ershoufang/105119168182.html
昶园满三年业主红本在手无欠款诚心出售有钥匙看房,"昶园 , 南站新城",4室2厅,141平米,南 北,毛坯,30层 ,,板塔结合,98 万,6951 元,0,,,VR看装修 | 随时看房,https://hui.lianjia.com/ershoufang/105117872347.html
水口上观国际，中间楼层，南北对流，视野好，大社区。,"合生·上观国际 , 水口",4室2厅,144.58平米,南 北,,低楼层(共29层) ,,塔楼,129 万,8923 元,0,,,VR看装修 | 随时看房,https://hui.lianjia.com/ershoufang/105119389843.html
陈江CBD双阳台4房装修全新南北通透诚心出售价格可谈,"华廷悦府 , 陈江",4室2厅,118.7平米,南 北,精装,低楼层(共31层) ,,塔楼,105 万,8846 元,0,,,VR看装修 | 房本满两年 | 随时看房,https://hui.lianjia.com/ershoufang/105115931979.html
沃尔玛旁红本在手 精装修单间 拎包入住电梯房交通便利,"当代上品湾花园 , 澳头",1室0厅,30.82平米,西,,37层 ,,板塔结合,11 万,3570 元,8,,,VR看装修 | 房本满五年,https://hui.lianjia.com/ershoufang/105120930443.html
京华中央御园 4室2厅 南,"京华中央御园 , 比亚迪商圈",4室2厅,87.61平米,南,简装,26层 ,,板塔结合,55 万,6278 元,0,,10天以前发布,VR房源 | 房本满五年 | 随时看房,https://hui.lianjia.com/ershoufang/105122465136.html
高铁站物业，花园小区，楼层靓宽，阔合格，景三房。,"玖龙台 , 潼侨沥林",3室1厅,85.53平米,南,,低楼层(共31层) ,,,39 万,4560 元,0,,26天以前发布,VR看装修 | 随时看房,https://hui.lianjia.com/ershoufang/105122302144.html
江北片区 双城国际北区 简单装修三房 看房方便有钥匙,"双城国际北区 , 江北",3室2厅,121.91平米,南,简装,中楼层(共16层) ,,塔楼,95 万,7793 元,1,,,VR房源 | 随时看房,https://hui.lianjia.com/ershoufang/105113810365.html
双城国际北区，业主说砍价就卖，花园小区，实用大三房,"双城国际北区 , 江北",4室2厅,112.49平米,北,,低楼层(共16层) ,,塔楼,78 万,6934 元,2,,,VR房源 | 房本满五年 | 随时看房,https://hui.lianjia.com/ershoufang/105112698002.html
德威花园二期 四房二厅二卫 南北通 中间楼层 看花园,"德威花园城二期 , 秋长",4室2厅,117.14平米,南 北,毛坯,中楼层(共31层) ,,塔楼,63.8 万,5447 元,0,,12天以前发布,VR房源 | 随时看房,https://hui.lianjia.com/ershoufang/105122432527.html
锦地繁花，一线临深小区，800米坪山，good！,"锦地繁花 , 西区新寮",2室1厅,76.71平米,南,毛坯,22层 ,,板塔结合,42 万,5476 元,0,,,VR看装修 | 房本满五年 | 随时看房,https://hui.lianjia.com/ershoufang/105122215303.html
房屋装修好，看房联系，采光好，看房方便,"加旺花苑 , 麦地",4室1厅,113.8平米,北,精装,中楼层(共8层) ,,板楼,69.8 万,6134 元,0,,,VR房源 | 房本满两年,https://hui.lianjia.com/ershoufang/105120604159.html
仲恺高新区陈江南站旁仲恺隆生花园,"隆生仲恺花园 , 陈江",4室2厅,130.15平米,东南,精装,低楼层(共27层) ,,板塔结合,114 万,8760 元,0,,,VR看装修 | 房本满两年,https://hui.lianjia.com/ershoufang/105120804233.html
精装修朝南大入户三房两卫  阳光假日花园,"阳光假日花园 , 东平",3室2厅,107.58平米,南,精装,9层 ,,板塔结合,83 万,7716 元,0,,,VR房源 | 房本满五年,https://hui.lianjia.com/ershoufang/105118333750.html
"产权清晰,朝南采光视野开阔，中间楼层，随时看房","卓越东部蔚蓝海岸三期 , 西区新寮",2室2厅,76.43平米,南,毛坯,33层 ,,塔楼,47 万,6150 元,0,,,VR看装修 | 房本满五年 | 随时看房,https://hui.lianjia.com/ershoufang/105120488145.html
临深，朝南，好楼层，配套完善，小区环境舒适,"美景印象 , 西区新寮",4室2厅,110.2平米,南 北,毛坯,31层 ,,板塔结合,78 万,7079 元,0,,,VR看装修 | 房本满两年 | 随时看房,https://hui.lianjia.com/ershoufang/105117299358.html
隆生仲恺花园 3房2卫 花园中间位置 看花园,"隆生仲恺花园 , 陈江",3室1厅,110.13平米,南,毛坯,32层 ,,塔楼,67 万,6084 元,0,,,VR房源 | 房本满五年 | 随时看房,https://hui.lianjia.com/ershoufang/105121561557.html
东江学府五期，带装修四房诚意出售,"东江学府五期 , 河南岸",4室2厅,114.89平米,南,精装,高楼层(共27层) ,,板塔结合,102.5 万,8922 元,1,,,VR房源 | 房本满五年,https://hui.lianjia.com/ershoufang/105121168019.html
楼层好，视野开阔，采光充足，交通便利，配套设施,"菩提园 , 万达",5室2厅,219.66平米,南 北,简装,33层 ,,塔楼,132 万,6010 元,3,,,VR看装修 | 房本满五年 | 随时看房,https://hui.lianjia.com/ershoufang/105121201525.html
大亚湾澳头2房高楼层带装修带租约红本在手,"大江新都大厦 , 澳头",2室1厅,74.14平米,东北,简装,24层 ,,板塔结合,22.5 万,3035 元,1,,,VR看装修 | 房本满五年,https://hui.lianjia.com/ershoufang/105119178220.html
中骏雍景台 花园高层3房 诚意出售 过户交契税！,"中骏雍景台 , 马安",3室2厅,95.52平米,南,毛坯,高楼层(共33层) ,,板楼,66.5 万,6962 元,0,,,VR看装修 | 随时看房,https://hui.lianjia.com/ershoufang/105121667377.html
满五唯一业主着急出三房品质物业来看,"富康锦绣壹号 , 西区新寮",3室2厅,85.38平米,南,精装,33层 ,,塔楼,83 万,9722 元,0,,,VR房源 | 房本满五年 | 随时看房,https://hui.lianjia.com/ershoufang/105122137612.html
"大平台,朝南向，一线临深，户型利用率高","美景印象 , 西区新寮",3室2厅,100.58平米,南 北,精装,31层 ,,板塔结合,99.8 万,9923 元,6,,,VR房源 | 房本满五年 | 随时看房,https://hui.lianjia.com/ershoufang/105116945608.html
星河S2区，朝南三房，中高楼层，全明格局，红本在手,"星河丹堤S2区 , 南站新城",3室2厅,78.73平米,南,毛坯,高楼层(共32层) ,,板塔结合,70 万,8892 元,4,,,VR看装修 | 房本满五年 | 随时看房,https://hui.lianjia.com/ershoufang/105119442302.html
临深大四房 双阳台诚心出售 产权清晰,"正兆千树晴山 , 西区新寮",4室2厅,127.9平米,南,毛坯,31层 ,,板楼,75 万,5864 元,0,,6天以前发布,VR房源 | 随时看房,https://hui.lianjia.com/ershoufang/105122502107.html
次新小区，房子楼层好，户型方正,"腾韵花园 , 陈江",3室2厅,98.28平米,南,毛坯,32层 ,,塔楼,56 万,5699 元,0,,,VR看装修 | 房本满两年 | 随时看房,https://hui.lianjia.com/ershoufang/105118555806.html
满五唯一 朝南 房子保养新 装修很不错 使用率高,"康怡轩 , 江北",3室1厅,92平米,南,,高楼层(共30层) ,,塔楼,69.6 万,7566 元,0,,29天以前发布,VR房源 | 房本满五年,https://hui.lianjia.com/ershoufang/105122280576.html
户型格局方正，全新未住过，楼层采光好,"卓越东部蔚蓝海岸八期 , 西区新寮",3室2厅,98平米,东,精装,中楼层(共33层) ,,板塔结合,88 万,8980 元,0,,,VR看装修 | 随时看房,https://hui.lianjia.com/ershoufang/105120028891.html
精装修全屋品牌家私家电楼下就是鹿江公园，适合居住。,"万城皇冠豪苑 , 水口",4室2厅,132.93平米,南,简装,21层 ,,板楼,155 万,11661 元,0,,,VR房源 | 房本满五年,https://hui.lianjia.com/ershoufang/105119739456.html
万达广场楼上装修四房，业主诚心出售。,"阳光圣菲 , 万达",4室1厅,114平米,北,精装,33层 ,,板塔结合,75 万,6579 元,0,,,VR房源 | 房本满两年 | 随时看房,https://hui.lianjia.com/ershoufang/105121770805.html
业主诚心出售 ，看花园 户型方正采光好,"卓越蔚蓝海岸七期 , 西区新寮",3室2厅,85.1平米,西南,简装,28层 ,,板塔结合,70 万,8226 元,1,,,VR看装修 | 房本满五年,https://hui.lianjia.com/ershoufang/105118686612.html
正规一房一厅，业主诚心出售，看房方便,"海粤名庭 , 大亚湾中心区",1室1厅,57.05平米,南,毛坯,低楼层(共19层) ,,塔楼,18 万,3156 元,3,,,VR看装修 | 房本满五年 | 随时看房,https://hui.lianjia.com/ershoufang/105121939799.html
位置佳，配套完善，交通便利！满五唯一税费少,"亲水湾 , 吾悦广场",3室2厅,83.97平米,南,毛坯,26层 ,,板塔结合,45 万,5360 元,0,,20天以前发布,VR看装修 | 房本满五年 | 随时看房,https://hui.lianjia.com/ershoufang/105122352524.html
金山湖奥园领寓 精装 保养很好 朝南 花园小区管理,"奥园领寓 , 河南岸",1室1厅,27.68平米,南,精装,31层 ,,塔楼,16 万,5781 元,0,,,VR房源 | 房本满五年 | 随时看房,https://hui.lianjia.com/ershoufang/105120085755.html
钱隆樽品 全新装修4房 南北通透 拎包入住业主急卖,"福晟钱隆樽品花园 , 陈江",4室1厅,101.07平米,南 东南 北,精装,33层 ,,塔楼,81 万,8015 元,0,,31天以前发布,VR看装修 | 房本满两年 | 随时看房,https://hui.lianjia.com/ershoufang/105122249279.html
急售！急售！急售！三个阳台少有户型汇鑫花园,"汇鑫花园 , 新行政区",3室2厅,123平米,南 北,毛坯,16层 ,,塔楼,45.8 万,3724 元,2,,,VR看装修 | 房本满五年 | 随时看房,https://hui.lianjia.com/ershoufang/105121494915.html
东江熙园四房两厅两卫 业主诚心出售,"佳兆业东江熙园 , 博罗中心区",4室2厅,118平米,南 北,毛坯,高楼层(共33层) ,,板塔结合,35 万,2967 元,1,,,VR看装修 | 随时看房,https://hui.lianjia.com/ershoufang/105120467112.html
业主诚意出售，视野好、户型靓。,"新时代花园二期 , 博罗中心区",3室2厅,125.54平米,南,毛坯,28层 ,,板塔结合,49 万,3904 元,0,,,VR看装修 | 房本满五年 | 随时看房,https://hui.lianjia.com/ershoufang/105115176136.html
户型方正，业主诚意出售，密码看房，随时可看，,"保利天汇 , 河南岸",3室2厅,87.65平米,东南,,高楼层(共32层) ,,板塔结合,90 万,10269 元,1,,,VR房源 | 房本满两年 | 随时看房,https://hui.lianjia.com/ershoufang/105118571863.html
雍和园 精装修3房3卫 采光视野佳,"蓝光雍和园 , 龙丰",3室1厅,141.75平米,西南,精装,中楼层(共19层) ,,板楼,158 万,11147 元,0,,13天以前发布,VR房源 | 房本满两年 | 随时看房,https://hui.lianjia.com/ershoufang/105122425318.html
金地柏悦府精装四房家私家电齐全拎包入住,"金地柏悦府 , 博罗石湾",4室2厅,120平米,南 北,精装,中楼层(共24层) ,,板塔结合,68.8 万,5734 元,0,,,VR看装修 | 随时看房,https://hui.lianjia.com/ershoufang/105119524052.html
河南岸天虹旁，宜居小区，配套齐全，交通便利,"威廉城邦 , 河南岸",3室1厅,77.14平米,东南,精装,高楼层(共23层) ,,塔楼,53.8 万,6975 元,1,,,VR看装修 | 房本满五年 | 随时看房,https://hui.lianjia.com/ershoufang/105121638057.html
隆生东湖四区 一楼院子慢节奏生活 惬意休闲 户型方正,"东湖花园四号小区 , 东平",3室2厅,111平米,北,,7层 ,,板塔结合,96 万,8649 元,0,,17天以前发布,VR房源,https://hui.lianjia.com/ershoufang/105122379207.html
星河丹G4区，4房南北通透，视野景观好,"星河丹堤G4区 , 南站新城",4室2厅,124.48平米,南 北,精装,33层 ,,板塔结合,158 万,12693 元,1,,,VR房源 | 房本满两年,https://hui.lianjia.com/ershoufang/105120727107.html
景观单位，看花园，业主诚意出售，楼层好户型方正！,"卓越蔚蓝海岸七期 , 西区新寮",3室2厅,97.64平米,南,精装,18层 ,,板塔结合,80 万,8194 元,0,,,VR看装修 | 房本满两年,https://hui.lianjia.com/ershoufang/105115906003.html
采光充足，通风良好交通便利，购物方便，,"光耀荷兰小城 , 陈江",4室2厅,101.88平米,南,毛坯,31层 ,,板塔结合,53 万,5203 元,0,,,VR看装修 | 随时看房,https://hui.lianjia.com/ershoufang/105121571008.html
红本在手，南 北朝向，精装修楼层好视野宽阔,"亲水湾 , 吾悦广场",3室2厅,92.82平米,南,精装,26层 ,,板塔结合,61 万,6572 元,0,,,VR看装修 | 房本满五年 | 随时看房,https://hui.lianjia.com/ershoufang/105113329027.html
业主急卖，红本在手，无抵押，交通方便，配套成熟。,"卓洲悦园 , 万达",4室2厅,105.58平米,南 北,简装,32层 ,,板塔结合,80 万,7578 元,0,,,VR看装修 | 房本满两年 | 随时看房,https://hui.lianjia.com/ershoufang/105119950577.html
楼层好 户型方正 南北通，楼层好 居住舒适,"德桂佳园一区 , 水口",4室2厅,119.21平米,东南,毛坯,中楼层(共26层) ,,塔楼,89 万,7466 元,0,,,VR房源 | 房本满两年 | 随时看房,https://hui.lianjia.com/ershoufang/105121419533.html
业主急售！南北通透格局，楼层高，可看湖，无抵押,"星河丹堤V2区 , 南站新城",4室2厅,117.65平米,南 北,毛坯,32层 ,,塔楼,120 万,10200 元,0,,,VR看装修 | 房本满两年 | 随时看房,https://hui.lianjia.com/ershoufang/105121119971.html
仲恺体育馆成熟小区，中间好楼层,"鑫月广场 , 陈江",4室2厅,117.13平米,南,毛坯,中楼层(共33层) ,,塔楼,70 万,5977 元,0,,,VR看装修 | 房本满五年 | 随时看房,https://hui.lianjia.com/ershoufang/105118390106.html
碧桂园五星社区 临深 近万达 精装大三房 业主诚心出售,"碧桂园星悦公馆 , 比亚迪商圈",3室2厅,110.4平米,南 北,精装,34层 ,,板塔结合,70 万,6341 元,1,,17天以前发布,VR房源,https://hui.lianjia.com/ershoufang/105122383610.html
万达旁精装两房，满五唯一，拎包入住。,"香榭名苑 , 万达",2室2厅,65.3平米,北,精装,18层 ,,板塔结合,37.8 万,5789 元,1,,,VR看装修 | 房本满五年 | 随时看房,https://hui.lianjia.com/ershoufang/105116671757.html
荷兰小城   成熟大社区  刚需户型  交通便捷 正南朝向,"光耀荷兰小城 , 陈江",4室2厅,124平米,南,毛坯,33层 ,,板塔结合,66 万,5323 元,0,,,VR看装修 | 房本满五年 | 随时看房,https://hui.lianjia.com/ershoufang/105119214683.html
临深大盘，视野开阔，适合居住，诚心出售，方便看房,"荣佳国韵二期 , 龙光城",3室2厅,92.57平米,南,毛坯,33层 ,,板楼,59 万,6374 元,3,,,VR看装修 | 房本满两年 | 随时看房,https://hui.lianjia.com/ershoufang/105119060878.html
东江新城五期 三房两卫 业主诚意出售,"佳兆业东江新城五期 , 博罗中心区",3室1厅,91.94平米,南,毛坯,低楼层(共34层) ,,板塔结合,35.8 万,3894 元,0,,23天以前发布,VR房源,https://hui.lianjia.com/ershoufang/105122331902.html
惠阳  东方国际  人民六路旁 大润发 新天虹,"东方国际 , 开城大润发",2室1厅,55.73平米,南 北,简装,9层 ,,板塔结合,16 万,2871 元,3,,,VR房源 | 房本满两年,https://hui.lianjia.com/ershoufang/105121856023.html
金山湖奥园领寓 精装公寓 1房1厅 拎包入住,"奥园领寓 , 河南岸",1室1厅,29.17平米,西北,精装,32层 ,,板塔结合,17.5 万,6000 元,1,,,VR房源 | 房本满五年,https://hui.lianjia.com/ershoufang/105121645814.html
万达商圈  美泰天韵  带装修2房 业主诚意出售,"美泰天韵 , 万达",2室1厅,72.04平米,南,简装,30层 ,,板塔结合,42 万,5831 元,0,,,VR房源 | 房本满五年 | 随时看房,https://hui.lianjia.com/ershoufang/105120589297.html
水岸城7期 2023年装修 保养新  户型通透 楼层好看花园,"中信水岸城7期 , 东江新城",4室2厅,130.33平米,南,精装,32层 ,,板塔结合,170 万,13044 元,0,,,VR看装修,https://hui.lianjia.com/ershoufang/105121356679.html
金山新城大盘 美丽洲 花园中间4房 南北通透双阳台,"美丽洲 , 马安",4室2厅,117.32平米,南 北,毛坯,低楼层(共26层) ,,塔楼,99 万,8439 元,0,,,VR房源 | 随时看房,https://hui.lianjia.com/ershoufang/105122237485.html
隆生西江花园，153平通透五房，全新装修，安静好楼层,"隆生西江花园 , 东江新城",4室2厅,153.49平米,南,精装,低楼层(共32层) ,,塔楼,236 万,15376 元,0,,,VR看装修,https://hui.lianjia.com/ershoufang/105122029117.html
金山湖花园三区 南北通4房 中间楼层 看花园安静不吵,"金山湖花园三区 , 河南岸",4室2厅,124.95平米,西南,精装,14层 ,,塔楼,140 万,11205 元,1,,,VR看装修 | 房本满五年 | 随时看房,https://hui.lianjia.com/ershoufang/105120678067.html
坪山河旁，视野采光好，户型方正，没有欠款,"美茵河畔花园 , 龙光城",3室2厅,101.52平米,南 北,精装,32层 ,,板塔结合,85 万,8373 元,0,,,VR看装修 | 房本满两年 | 随时看房,https://hui.lianjia.com/ershoufang/105120135018.html
户型方正，采光通风好，业主急卖,"康汇花园 , 大亚湾中心区",3室2厅,128.87平米,北 南,简装,13层 ,,板塔结合,41 万,3182 元,5,,,VR看装修 | 房本满五年 | 随时看房,https://hui.lianjia.com/ershoufang/105118071464.html
天虹大润发商圈，楼层采光好，近惠阳站，业主诚心出售,"庄士花园 , 开城大润发",2室1厅,57.57平米,南,简装,18层 ,,塔楼,19.5 万,3388 元,4,,,VR看装修 | 房本满五年 | 随时看房,https://hui.lianjia.com/ershoufang/105115587336.html
原装电梯房，户型方正，楼层好采光充足  保养不错！,"东湖花园四号小区 , 东平",3室2厅,122.77平米,北,精装,9层 ,,板塔结合,85 万,6924 元,0,,,VR看装修 | 房本满五年 | 随时看房,https://hui.lianjia.com/ershoufang/105121561968.html
隆生西江花园 3室1厅 南,"隆生西江花园 , 东江新城",3室1厅,111.26平米,南,毛坯,高楼层(共31层) ,,板塔结合,128 万,11505 元,0,,,VR看装修 | 随时看房,https://hui.lianjia.com/ershoufang/105121837551.html
惠州南站，天虹大润发旁。 通风采光很好,"庄士花园 , 开城大润发",2室1厅,58平米,南,精装,18层 ,,塔楼,21 万,3621 元,2,,,VR看装修 | 房本满五年 | 随时看房,https://hui.lianjia.com/ershoufang/105121913457.html
房子南北通透，户型方正，毛坯总价低,"长通熙园 , 开城大润发",4室1厅,124.6平米,南 北,毛坯,32层 ,,板塔结合,110 万,8829 元,0,,,VR看装修 | 随时看房,https://hui.lianjia.com/ershoufang/105117015861.html
精装修朝南无个税拎包入住百万大盘,"星河丹堤F区 , 南站新城",3室1厅,89.48平米,东南,精装,34层 ,,板塔结合,75 万,8382 元,5,,,VR房源 | 房本满五年 | 随时看房,https://hui.lianjia.com/ershoufang/105120010855.html
惠阳高铁站旁，星河丹堤大社区，交通便利，配套齐全,"星河丹堤C区 , 南站新城",3室1厅,174.06平米,南,精装,24层 ,,塔楼,152 万,8733 元,5,,,VR看装修 | 房本满五年 | 随时看房,https://hui.lianjia.com/ershoufang/105120810568.html
铂钻精装三房 楼栋视野百米楼间距 含家电管理费,"铂钻花园 , 东江新城",3室2厅,94.86平米,南,精装,中楼层(共27层) ,,板楼,105 万,11069 元,0,,18天以前发布,VR看装修 | 随时看房,https://hui.lianjia.com/ershoufang/105122365855.html
开城大道边、配套已然成熟、交通便利、总价低压力小,"建阳花园 , 开城大润发",2室2厅,64.45平米,南,,8层 ,,板塔结合,15 万,2328 元,6,,,VR看装修,https://hui.lianjia.com/ershoufang/105122138057.html
陈江品质楼盘  3+1房（108平方）密码锁，随时可看房。,"华廷悦府 , 陈江",4室2厅,108平米,南,毛坯,高楼层(共30层) ,,板楼,80 万,7408 元,0,,,VR看装修 | 房本满两年 | 随时看房,https://hui.lianjia.com/ershoufang/105117911237.html
房契税满两年，没有个税，原购价高，视野景观很不错。,"龙光城北十二期 , 龙光城",4室2厅,120平米,南,精装,33层 ,,板塔结合,109 万,9084 元,1,,,VR看装修 | 随时看房,https://hui.lianjia.com/ershoufang/105118985231.html
罗浮花园实用率至高的小区生活便利楼龄新,"罗浮花园 , 罗浮山",4室2厅,143.98平米,南,毛坯,高楼层(共18层) ,,板塔结合,82.3 万,5717 元,0,,,VR看装修 | 房本满五年 | 随时看房,https://hui.lianjia.com/ershoufang/105121129730.html
东岸丽都花园 4室2厅 南 北,"东岸丽都花园 , 大亚湾中心区",4室2厅,84平米,南 北,毛坯,32层 ,,塔楼,55 万,6548 元,0,,11天以前发布,VR房源 | 随时看房,https://hui.lianjia.com/ershoufang/105122449415.html
半山洋房，环境好，空气清新，视野开阔,"星河丹堤N区 , 南站新城",4室2厅,140.78平米,南 北,毛坯,7层 ,,板楼,170 万,12076 元,3,,,VR看装修 | 房本满五年 | 随时看房,https://hui.lianjia.com/ershoufang/105119305616.html
金山湖沃尔玛商圈  公园门口的家金山雅筑花园精装四房,"华章东郡 , 河南岸",4室2厅,116平米,南,,中楼层(共32层) ,,板塔结合,96 万,8276 元,0,,,VR房源 | 随时看房,https://hui.lianjia.com/ershoufang/105115181887.html
五月花临深圳地铁14号线沙田站,"德丰·五月花花园 , 西区新寮",3室2厅,86.19平米,北,精装,8层 ,,板塔结合,57 万,6614 元,2,,,VR看装修 | 房本满五年 | 随时看房,https://hui.lianjia.com/ershoufang/105121408307.html
万达商圈牧马湖，11层电梯房，三房一卫 带装修看风景,"泰丰牧马湖 , 万达",3室2厅,81.75平米,南,简装,11层 ,,板楼,75 万,9175 元,3,,,VR看装修 | 房本满两年 | 随时看房,https://hui.lianjia.com/ershoufang/105119429334.html
品质小区，万科物业管理，临深，采光好，带大平台,"富康锦绣壹号 , 西区新寮",3室2厅,85.32平米,南,精装,33层 ,,塔楼,92 万,10783 元,0,,,VR看装修 | 房本满两年 | 随时看房,https://hui.lianjia.com/ershoufang/105119502768.html
星河天睿北区 中高楼层 视野好  诚心出售,"太东星河丹堤天睿北区 , 吾悦广场",4室2厅,98.82平米,南,毛坯,34层 ,,板塔结合,71 万,7185 元,1,,,VR看装修 | 房本满五年 | 随时看房,https://hui.lianjia.com/ershoufang/105121117351.html
顶楼带阁楼，伴山洋房，红本在手无需赎楼业主诚心卖,"星河丹堤N区 , 南站新城",4室2厅,160.96平米,南 北,毛坯,8层 ,,塔楼,235 万,14600 元,9,,,VR看装修 | 房本满五年 | 随时看房,https://hui.lianjia.com/ershoufang/105114948390.html
阳台外绿意盎然，视野开阔，户型方正,"碧桂园十里银滩海悦湾 , 十里银滩",3室2厅,78.62平米,西,精装,30层 ,,板塔结合,33.5 万,4262 元,0,,,VR房源 | 房本满五年 | 随时看房,https://hui.lianjia.com/ershoufang/105120596818.html
房子原值高税费少方便看房 视野好 朝南没遮挡,"星河丹堤V区 , 南站新城",4室2厅,102.19平米,南,毛坯,34层 ,,板塔结合,88 万,8612 元,1,,,VR房源 | 房本满五年 | 随时看房,https://hui.lianjia.com/ershoufang/105118547289.html
天宸元著业主诚心出售，还带车位,"龙湖天宸原著花园 , 河南岸",4室2厅,116平米,南,毛坯,中楼层(共33层) ,,板楼,172 万,14828 元,0,,,VR看装修 | 随时看房,https://hui.lianjia.com/ershoufang/105121554810.html
户型方正，楼层高视野好，大阳台精装修,"太东红树湾悦府 , 大亚湾中心区",3室2厅,114.86平米,东南,,低楼层(共33层) ,,塔楼,87 万,7575 元,6,,,VR看装修 | 随时看房,https://hui.lianjia.com/ershoufang/105121065270.html
小区旁边有体育馆，有天虹购物广场 带车位,"奥园园著 , 博罗中心区",3室2厅,96.36平米,南,,高楼层(共34层) ,,板塔结合,33.8 万,3508 元,0,,,VR看装修 | 房本满两年 | 随时看房,https://hui.lianjia.com/ershoufang/105121927118.html
江北义乌公寓47朝南急售28带南坛和惠台,"义乌商城公寓 , 江北",1室1厅,47平米,南,,中楼层(共28层) ,,板楼,28 万,5958 元,0,,8天以前发布,VR房源 | 随时看房,https://hui.lianjia.com/ershoufang/105122484009.html
富川瑞园  2+1房 篮球场那么大的露台 诚心出售,"富川瑞园 , 惠环",2室1厅,73.05平米,西北,简装,低楼层(共17层) ,,板塔结合,45 万,6161 元,0,,,VR房源 | 房本满两年,https://hui.lianjia.com/ershoufang/105120233986.html
第九旁 大3房 视野开阔 价格实惠 随时看房,"福晟钱隆樽品花园 , 陈江",3室2厅,90.6平米,南,毛坯,33层 ,,塔楼,57 万,6292 元,0,,,VR看装修 | 房本满五年 | 随时看房,https://hui.lianjia.com/ershoufang/105120859985.html
南边灶 业主诚心出售  楼下就是深圳 采光好,"安罝小区 , 西区新寮",3室2厅,120.4平米,南,毛坯,32层 ,,板塔结合,65 万,5399 元,1,,,VR看装修 | 房本满两年 | 随时看房,https://hui.lianjia.com/ershoufang/105120009376.html
自住装修未出租过采光通透大四房中高楼层急卖,"碧桂园龙熹山 , 万达",4室2厅,129.48平米,南,精装,33层 ,,板塔结合,88 万,6797 元,1,,,VR看装修 | 房本满五年 | 随时看房,https://hui.lianjia.com/ershoufang/105121909308.html
临深一公里 精装四房 近地铁百万大社区 交通方便,"珠江四季悦城二期 , 西区新寮",4室2厅,129平米,北,精装,33层 ,,塔楼,82 万,6357 元,0,,,VR看装修 | 房本满两年 | 随时看房,https://hui.lianjia.com/ershoufang/105116757715.html
德威江誉城一期南北通五房两厅两卫业主诚意出售,"德威江誉城1期 , 马安",5室1厅,141.61平米,南,毛坯,中楼层(共32层) ,,塔楼,129 万,9110 元,0,,,VR房源 | 随时看房,https://hui.lianjia.com/ershoufang/105121183063.html
好楼层 重本装修 小区品质高 临深 南北通户型,"龙源华府 , 比亚迪商圈",4室2厅,114.4平米,南 北,精装,33层 ,,板塔结合,99 万,8654 元,1,,,VR看装修 | 随时看房,https://hui.lianjia.com/ershoufang/105120465645.html
富康锦绣壹号四房业主诚心出售红本在手手续快,"富康锦绣壹号三期 , 西区新寮",4室2厅,112.08平米,南,精装,32层 ,,塔楼,138 万,12313 元,0,,20天以前发布,VR看装修 | 房本满两年,https://hui.lianjia.com/ershoufang/105122352978.html
哇，还有环境那么好的房子！业主诚心出售，无欠款,"群峰花园 , 南站新城",3室2厅,84.07平米,南,,低楼层(共33层) ,,塔楼,42 万,4996 元,3,,,VR看装修 | 随时看房,https://hui.lianjia.com/ershoufang/105115873214.html
合生·上观国际 3室2厅 南,"合生·上观国际 , 水口",3室2厅,120.46平米,南,,低楼层(共32层) ,,塔楼,85 万,7057 元,0,,,VR房源 | 房本满五年 | 随时看房,https://hui.lianjia.com/ershoufang/105122183302.html
本因坊，宝家园 3室1厅 西北,"本因坊，宝家园 , 草洋新区",3室1厅,116.36平米,西北,,17层 ,,板塔结合,58 万,4985 元,0,,6天以前发布,VR房源 | 房本满五年 | 随时看房,https://hui.lianjia.com/ershoufang/105122501209.html
公园式花山水库 依山伴水 观景好,"水岸花山 , 新圩",2室2厅,79.12平米,西,毛坯,27层 ,,板塔结合,39.6 万,5006 元,1,,,VR房源 | 房本满五年 | 随时看房,https://hui.lianjia.com/ershoufang/105115211386.html
看房方便户型方正 无个税 得房率高,"九洲玉带湾 , 白云新城",5室2厅,120.19平米,南,,33层 ,,板塔结合,75 万,6241 元,1,,,VR看装修 | 随时看房,https://hui.lianjia.com/ershoufang/105120391531.html
世纪金湖次新房 可看湖景产权清晰 南北对流四房,"世纪金湖花园 , 河南岸",4室2厅,116平米,南 北,毛坯,低楼层(共31层) ,,板塔结合,102 万,8794 元,0,,,VR房源 | 随时看房,https://hui.lianjia.com/ershoufang/105114355157.html
临深2公里，公园社区，人车分流,"晶地顺苑 , 西区新寮",2室1厅,53.36平米,南,简装,30层 ,,板塔结合,26.8 万,5023 元,6,,,VR看装修 | 房本满五年 | 随时看房,https://hui.lianjia.com/ershoufang/105118276070.html
阳光新苑二期，精装修实用三房 总价低 证满五唯一物业,"阳光新苑 , 水口",3室2厅,83.02平米,北,精装,中楼层(共25层) ,,板塔结合,65 万,7830 元,0,,,VR看装修 | 房本满五年,https://hui.lianjia.com/ershoufang/105121689828.html
N67区 品质次新洋房 冬暖夏凉 近体育公园 出行方便,"星河丹堤N区 , 南站新城",4室2厅,142.65平米,南 北,,8层 ,,板塔结合,200 万,14021 元,1,,,VR房源 | 房本满两年 | 随时看房,https://hui.lianjia.com/ershoufang/105115886273.html
临深小户型，价格低，满五唯一，没有欠款，交易方便,"爱琴海 , 西区新寮",3室2厅,73.53平米,南,简装,33层 ,,塔楼,47 万,6392 元,5,,,VR看装修 | 房本满五年 | 随时看房,https://hui.lianjia.com/ershoufang/105119655050.html
好楼层采光好边位没遮挡，门正不歪,"中骏雍景湾北区 , 河南岸",4室1厅,116平米,南,,低楼层(共33层) ,,塔楼,115 万,9914 元,0,,,VR房源 | 房本满五年 | 随时看房,https://hui.lianjia.com/ershoufang/105120590005.html
三房朝南，中间楼层  有钥匙随时可以看房,"光耀荷兰小城 , 陈江",3室1厅,82.76平米,北,毛坯,中楼层(共33层) ,,板塔结合,43 万,5196 元,0,,,VR看装修 | 随时看房,https://hui.lianjia.com/ershoufang/105120681276.html
半山华庭电梯大两房  滨海公园旁 业主诚心出售,"半山华庭 , 澳头",2室2厅,73.38平米,南,毛坯,27层 ,,板塔结合,24 万,3271 元,5,,,VR看装修 | 房本满五年 | 随时看房,https://hui.lianjia.com/ershoufang/105120966653.html
中海阅江府二期电梯毛坯三房两卫 价格实惠随时看房,"中海阅江府2期 , 东江新城",3室2厅,98.77平米,南,毛坯,低楼层(共27层) ,,板楼,72 万,7290 元,1,,,VR看装修 | 房本满两年 | 随时看房,https://hui.lianjia.com/ershoufang/105121575400.html
好楼层，全新毛坯，采光视野好，50米妇幼保健院,"德明华府 , 河南岸",3室2厅,113.21平米,南,毛坯,32层 ,,板塔结合,78 万,6890 元,1,,16天以前发布,VR房源 | 房本满五年 | 随时看房,https://hui.lianjia.com/ershoufang/105122390068.html
房子装修新诚心出售，采光通风好，4房2卫,"花样年别样城五期 , 新行政区",4室2厅,94.86平米,东南,精装,32层 ,,板塔结合,73 万,7696 元,71,,,VR看装修 | 房本满五年 | 随时看房,https://hui.lianjia.com/ershoufang/105113905110.html
产权清晰，诚心出售，临深，户型方正,"壹方水榭 , 白云新城",4室2厅,110平米,南 北,毛坯,中楼层(共30层) ,,板塔结合,66 万,6000 元,1,,,VR看装修 | 房本满两年 | 随时看房,https://hui.lianjia.com/ershoufang/105118361480.html
新城四房两卫，业主急售，看中可谈,"新城·金樾江南 , 博罗中心区",4室2厅,123.63平米,南 北,毛坯,低楼层(共30层) ,,塔楼,40 万,3236 元,0,,10天以前发布,VR房源 | 房本满两年 | 随时看房,https://hui.lianjia.com/ershoufang/105122457423.html
星河盛世实用四房无欠款美女业主房子诚心出售,"惠州星河盛世 , 白云新城",4室2厅,89.92平米,南,毛坯,30层 ,,塔楼,59 万,6562 元,1,,,VR房源 | 房本满两年 | 随时看房,https://hui.lianjia.com/ershoufang/105119686564.html
阳光新苑 3室2厅 东南,"阳光新苑 , 水口",3室2厅,89.67平米,东南,精装,高楼层(共17层) ,,板塔结合,75 万,8365 元,0,,18天以前发布,VR看装修 | 房本满五年,https://hui.lianjia.com/ershoufang/105122367297.html
壹城5期大花园4房南北通，中间楼层，业主诚心卖,"壹城中心1区 , 陈江",4室2厅,113.95平米,南 北,毛坯,中楼层(共32层) ,,塔楼,87 万,7635 元,0,,,VR看装修 | 房本满两年 | 随时看房,https://hui.lianjia.com/ershoufang/105121130499.html
一期好位置 中间好楼层 户型方正实用 随时看房,"中洲河谷花园 , 新行政区",4室2厅,107.24平米,东南,毛坯,高楼层(共32层) ,,板塔结合,53.8 万,5017 元,1,,,VR看装修 | 随时看房,https://hui.lianjia.com/ershoufang/105116984479.html
60栋大社区  惠阳汽车站旁 交通方便,"花样年别样城五期 , 新行政区",5室2厅,119.74平米,东南 东北,毛坯,32层 ,,板塔结合,69.8 万,5830 元,0,,,VR看装修 | 房本满五年 | 随时看房,https://hui.lianjia.com/ershoufang/105117735950.html
此房精装修 原购价格高 无个税！看小区喷泉,"恒大依山海湾 , 澳头",4室2厅,117.68平米,南 北,精装,中楼层(共32层) ,,板塔结合,73.8 万,6272 元,2,,,VR看装修 | 房本满两年,https://hui.lianjia.com/ershoufang/105116886140.html
中间楼层景观好居住舒适适合小年轻或是长者,"龙光城南一期 , 龙光城",1室1厅,41.36平米,东南,精装,28层 ,,板塔结合,30 万,7254 元,1,,,VR房源 | 房本满五年,https://hui.lianjia.com/ershoufang/105120877523.html
地跌口的位置，格局好，采光好，人流量密集,"锦江海悦中心 , 草洋新区",5室2厅,115.42平米,南 北,毛坯,29层 ,,板塔结合,69 万,5979 元,0,,,VR看装修 | 房本满两年 | 随时看房,https://hui.lianjia.com/ershoufang/105117300728.html
临深2.5公里，深圳通勤方便，大户型适合居家,"珠江四季悦城二期 , 西区新寮",4室2厅,134.72平米,南,精装,33层 ,,塔楼,92 万,6829 元,0,,,VR看装修 | 房本满两年 | 随时看房,https://hui.lianjia.com/ershoufang/105120771555.html
汇港城旁，业主自住装修，保养好，3房2卫，朝南向。,"花伴里花园 , 惠环",3室2厅,95.96平米,南,精装,低楼层(共26层) ,,塔楼,53 万,5524 元,0,,21天以前发布,VR房源 | 房本满五年,https://hui.lianjia.com/ershoufang/105122346163.html
小区环境很好绿化优美 户型方正采光好 精装拎包入住,"海景城 , 澳头",4室2厅,120.47平米,东南,精装,33层 ,,板塔结合,85 万,7056 元,0,,,VR看装修 | 房本满五年 | 随时看房,https://hui.lianjia.com/ershoufang/105120513131.html
业主红本无欠款. 朝南看花园，楼间距宽视野好,"龙光城北八期 , 龙光城",4室2厅,97.53平米,南,精装,17层 ,,板塔结合,89.8 万,9208 元,0,,30天以前发布,VR看装修 | 房本满五年,https://hui.lianjia.com/ershoufang/105122265769.html
小区高档 绿化环境好 精装修 原购价高 少税费,"合生滨海城 , 澳头",4室2厅,161.97平米,南 北,,31层 ,,板塔结合,86 万,5310 元,0,,,VR房源 | 房本满五年 | 随时看房,https://hui.lianjia.com/ershoufang/105121675650.html
精挑细选好房隆生鹿江花园大四房正入户高层视野采光好,"隆生鹿江花园 , 马安",4室2厅,127.36平米,西南,毛坯,高楼层(共32层) ,,塔楼,137 万,10757 元,1,,,VR看装修 | 随时看房,https://hui.lianjia.com/ershoufang/105120674987.html
新城香悦澜山 楼层好视野好 业主诚意出售,"新城香悦澜山 , 博罗中心区",4室2厅,127.98平米,南 北,,中楼层(共33层) ,,板塔结合,51 万,3985 元,0,,,VR看装修 | 随时看房,https://hui.lianjia.com/ershoufang/105116997022.html
欢洋苑 3室2厅 南 北,"欢洋苑 , 开城大润发",3室2厅,79.7平米,南 北,,8层 ,,板塔结合,28 万,3514 元,0,,28天以前发布,VR看装修 | 房本满五年 | 随时看房,https://hui.lianjia.com/ershoufang/105122289859.html
壹城11期24年交楼次新小区南北通四房户型好楼层,"壹城中心11区 , 陈江",4室2厅,113平米,南 北,毛坯,中楼层(共32层) ,,塔楼,88.8 万,7859 元,0,,,VR看装修 | 随时看房,https://hui.lianjia.com/ershoufang/105121579642.html
方直东岸全湖景南北通户型 长阳台，楼层靓,"方直东岸 , 河南岸",4室2厅,125平米,南,毛坯,32层 ,,板塔结合,178 万,14240 元,0,,,VR看装修 | 房本满五年 | 随时看房,https://hui.lianjia.com/ershoufang/105121973256.html
楼层好 前看花园泳池后看河 视野开阔,"保利阳光城四期 , 白云新城",3室2厅,102.31平米,南 北,毛坯,31层 ,,板塔结合,62 万,6061 元,0,,,VR看装修 | 房本满两年 | 随时看房,https://hui.lianjia.com/ershoufang/105121948824.html
高duan大社区 税费少 户型方正 朝南 采光通风好,"恒大紫荆学府棕榈岛 , 白云新城",3室2厅,90.89平米,东南,精装,低楼层(共25层) ,,板塔结合,55 万,6052 元,3,,,VR看装修 | 房本满五年 | 随时看房,https://hui.lianjia.com/ershoufang/105120132317.html
仲恺成熟商圈龙湖一级物业，南北通双阳台大四房中高层,"华廷悦府 , 陈江",4室2厅,108.5平米,南 北,,中楼层(共31层) ,,板塔结合,85 万,7835 元,0,,,VR房源 | 随时看房,https://hui.lianjia.com/ershoufang/105114201826.html
西区五小旁边仁和美地花园、南北通四房诚心出售价可谈,"仁和美地家园 , 吾悦广场",4室2厅,115.91平米,南,毛坯,32层 ,,板塔结合,67 万,5781 元,3,,,VR看装修 | 随时看房,https://hui.lianjia.com/ershoufang/105120150136.html
精装 采光通风好 有红本 诚心出售 即买即住或出租,"德洲城一-二期 , 西区新寮",2室1厅,76.75平米,南,简装,17层 ,,板塔结合,48 万,6255 元,1,,12天以前发布,VR房源 | 房本满五年 | 随时看房,https://hui.lianjia.com/ershoufang/105122441508.html
马路对  面就是西湖  实用2房 总价低 保养好,"下角东路16号 , 下角",2室2厅,66.37平米,东,简装,中楼层(共9层) ,,板楼,26.8 万,4038 元,1,,,VR看装修 | 房本满五年 | 随时看房,https://hui.lianjia.com/ershoufang/105120683443.html
过渡 入手 经济实惠 光线良好,"湖溪新苑 , 水口",3室2厅,90.94平米,东北,简装,高楼层(共8层) ,,板塔结合,27 万,2969 元,0,,,VR看装修 | 房本满五年,https://hui.lianjia.com/ershoufang/105119578520.html
金山湖金岸花苑 电梯四房 业主重新装修,"金岸花苑 , 河南岸",4室2厅,107.17平米,东,精装,9层 ,,板楼,69.9 万,6523 元,0,,15天以前发布,VR房源 | 房本满五年,https://hui.lianjia.com/ershoufang/105122404353.html
蓝光雍和园3房2厅2卫房售价仅：107.8万,"蓝光雍和园 , 龙丰",3室2厅,129.38平米,东南,,高楼层(共31层) ,,板楼,107.8 万,8333 元,0,,,VR看装修 | 房本满两年 | 随时看房,https://hui.lianjia.com/ershoufang/105120262945.html
社区有环湖跑道，登山道，小区实行24小时保..,"星河丹堤C区 , 南站新城",4室2厅,149.8平米,南,毛坯,27层 ,,板塔结合,129.8 万,8665 元,7,,,VR看装修 | 房本满五年 | 随时看房,https://hui.lianjia.com/ershoufang/105119050267.html
临深大品牌央企大花园，成熟社区生活配套完善,"金地天润自在城一期 , 西区新寮",3室1厅,83.37平米,西南,精装,33层 ,,塔楼,67 万,8037 元,2,,,VR看装修,https://hui.lianjia.com/ershoufang/105122068665.html
好宜多旁万科文瀚花园精装修三房朝南有钥匙随时看房,"万科中天宏远文瀚花园 , 区政府",3室2厅,91.74平米,南,精装,高楼层(共33层) ,,,92 万,10029 元,1,,,VR看装修 | 随时看房,https://hui.lianjia.com/ershoufang/105122190856.html
星河丹堤新中式园林 南北通透 中高楼 看水库美景,"星河丹堤G4区 , 南站新城",4室2厅,124.48平米,南 北,毛坯,33层 ,,板塔结合,138 万,11087 元,0,,,VR看装修 | 房本满两年 | 随时看房,https://hui.lianjia.com/ershoufang/105116289042.html
隆生仲恺花园新社区视野开阔四房,"隆生仲恺花园2区 , 陈江",4室2厅,123平米,南,毛坯,中楼层(共32层) ,,,82 万,6667 元,0,,,VR看装修 | 房本满两年 | 随时看房,https://hui.lianjia.com/ershoufang/105121445049.html
百万大盘 星河物业 户型方正 拎包入住,"星河丹堤E区 , 南站新城",2室1厅,75平米,南,精装,30层 ,,,59.8 万,7974 元,7,,,VR看装修 | 房本满五年 | 随时看房,https://hui.lianjia.com/ershoufang/105118024694.html
中洲天御 免个税 实用3房 中间楼层 看花园 无遮挡,"中洲天御二期 , 河南岸",3室2厅,93平米,南,毛坯,中楼层(共28层) ,,板塔结合,78 万,8388 元,0,,,VR房源 | 房本满五年 | 随时看房,https://hui.lianjia.com/ershoufang/105117038023.html
朝南向中间楼层看花园。安静舒适。,"星河丹堤S2区 , 南站新城",4室2厅,93.43平米,东南,毛坯,33层 ,,板塔结合,118 万,12630 元,0,,,VR看装修 | 房本满两年 | 随时看房,https://hui.lianjia.com/ershoufang/105112685026.html
吾悦商圈 南北通户型 配套成熟,"海惠花园二区 , 吾悦广场",3室2厅,124.04平米,南 北,毛坯,18层 ,,塔楼,55 万,4435 元,2,,,VR房源 | 房本满五年 | 随时看房,https://hui.lianjia.com/ershoufang/105118830141.html
此房朝南无遮挡，中间楼层中间位置。业主诚心,"深荟城一期 , 白云新城",3室2厅,91.75平米,南,精装,32层 ,,板塔结合,77.8 万,8480 元,0,,8天以前发布,VR房源 | 随时看房,https://hui.lianjia.com/ershoufang/105122479577.html
仲恺政务中芯，精装修三房，拎包入住,"万燊花苑 , 惠环",3室2厅,84.12平米,南 北,,中楼层(共31层) ,,板塔结合,56 万,6658 元,0,,18天以前发布,VR房源 | 房本满五年,https://hui.lianjia.com/ershoufang/105122373972.html
华廷悦府成熟配套，精装修，朝南四房高楼层视野开阔,"华廷悦府 , 陈江",4室2厅,108.71平米,南,精装,高楼层(共31层) ,,塔楼,96 万,8831 元,0,,,VR看装修 | 房本满两年 | 随时看房,https://hui.lianjia.com/ershoufang/105119933271.html
一线临深金辉优步学府精装修3业主诚心急售,"金辉优步学府 , 白云新城",3室2厅,94.67平米,南,,32层 ,,板塔结合,59 万,6233 元,0,,,VR看装修 | 房本满两年 | 随时看房,https://hui.lianjia.com/ershoufang/105122013842.html
小区教育，交通，休闲，购物银行配套设施完善便利,"保华铂郡 , 河南岸",4室2厅,140.34平米,南 北,毛坯,30层 ,,板塔结合,176 万,12541 元,0,,,VR房源 | 房本满两年 | 随时看房,https://hui.lianjia.com/ershoufang/105114890971.html
五矿二期，一线湖景，户型方正，业主诚心出售,"五矿哈施塔特 , 博罗中心区",4室2厅,110.3平米,南,毛坯,高楼层(共33层) ,,塔楼,45 万,4080 元,1,,,VR看装修 | 房本满两年 | 随时看房,https://hui.lianjia.com/ershoufang/105120188170.html
万达精装复式，视野开阔，出行方便，急售,"永昶公寓 , 万达",3室2厅,56.71平米,东南,简装,12层 ,,板塔结合,25 万,4409 元,12,,,VR房源 | 房本满五年 | 随时看房,https://hui.lianjia.com/ershoufang/105117342156.html
花园小区，  楼间 距 视野好,"碧桂园天骄公馆 , 马安",3室2厅,94.92平米,南,精装,高楼层(共34层) ,,塔楼,71 万,7480 元,0,,,VR看装修,https://hui.lianjia.com/ershoufang/105116607402.html
万达近，通勤方便，户型好 户型方正，朝南的,"正兆千树晴山 , 西区新寮",3室2厅,96.76平米,东南,毛坯,30层 ,,板塔结合,53 万,5478 元,1,,,VR看装修 | 房本满五年 | 随时看房,https://hui.lianjia.com/ershoufang/105112682387.html
精装四房 高楼层 视野采光棒 拎包入住！,"天源花园 , 大亚湾中心区",4室2厅,100.64平米,南 北,精装,33层 ,,板塔结合,48 万,4770 元,0,,14天以前发布,VR房源 | 房本满五年,https://hui.lianjia.com/ershoufang/105122415452.html
玖悦府带车位精装修三房，安静采光通风很好,"玖悦府 , 麦地",3室2厅,94.88平米,南,精装,低楼层(共26层) ,,板塔结合,83 万,8748 元,0,,,VR看装修 | 随时看房,https://hui.lianjia.com/ershoufang/105116992218.html
户型方正，视野光线都好，成熟小区生活便利,"花样年·康城四季御峰 , 惠环",3室2厅,84.74平米,南,毛坯,32层 ,,板塔结合,51 万,6019 元,1,,,VR看装修 | 房本满两年 | 随时看房,https://hui.lianjia.com/ershoufang/105113657256.html
现代风设计大三房带车位无欠款 临深,"深荟城一期 , 白云新城",3室2厅,92.45平米,南,精装,33层 ,,板塔结合,79 万,8546 元,0,,6天以前发布,VR房源 | 房本满五年 | 随时看房,https://hui.lianjia.com/ershoufang/105122504019.html
此房户型方正，楼层好，小区楼龄新，小区规模大,"德润天峰 , 潼侨沥林",2室1厅,79.92平米,南,毛坯,18层 ,,板塔结合,40 万,5006 元,0,,,VR房源 | 房本满五年 | 随时看房,https://hui.lianjia.com/ershoufang/105116311917.html
海立方急售，带装修，户型方正，不欠款,"中御海立方 , 吾悦广场",4室2厅,72.89平米,南,简装,34层 ,,板塔结合,35 万,4802 元,1,,,VR房源 | 房本满五年 | 随时看房,https://hui.lianjia.com/ershoufang/105121782487.html
翡翠山君御 4室2厅 中间楼层 朝南,"翡翠山城君御 , 万达",4室2厅,126平米,南,精装,34层 ,,板塔结合,108 万,8572 元,3,,,VR看装修 | 房本满五年 | 随时看房,https://hui.lianjia.com/ershoufang/105116290171.html
新力城118平 品质精装三房，保养99新,"新力城一期 , 水口",3室2厅,117.73平米,南,,高楼层(共33层) ,,板楼,118 万,10023 元,0,,,VR看装修 | 房本满两年,https://hui.lianjia.com/ershoufang/105122011138.html
满五唯一税费少，红本在手 楼层好 采光充足,"秋谷阳光里 , 万达",2室2厅,60.56平米,南 东南,精装,30层 ,,塔楼,28 万,4624 元,11,,,VR看装修 | 房本满五年 | 随时看房,https://hui.lianjia.com/ershoufang/105104380577.html
雅居乐一级物业 中间好楼层 视野开阔 有钥匙随时看房,"卓悦华府 , 惠环",4室2厅,101.15平米,南,毛坯,29层 ,,板塔结合,59.6 万,5893 元,0,,,VR房源 | 房本满五年 | 随时看房,https://hui.lianjia.com/ershoufang/105122096782.html
誉山湖 南向一线湖景 安静南北通 4房大客厅大阳台,"奥园誉山湖花园 , 河南岸",4室2厅,128.74平米,南 北,毛坯,低楼层(共32层) ,,板塔结合,137 万,10642 元,1,,,VR看装修 | 随时看房,https://hui.lianjia.com/ershoufang/105122216416.html
乌石 中.心位 置 ，配 套 成 熟，中间楼层,"泰宇城市中央 , 江北",3室2厅,83平米,南,精装,中楼层(共30层) ,,板塔结合,78 万,9398 元,0,,,VR看装修 | 房本满五年 | 随时看房,https://hui.lianjia.com/ershoufang/105118864381.html
中洲半岛城邦四期106平正三房，精装修直接拎包入住,"中洲半岛城邦四期 , 博罗中心区",3室2厅,106.16平米,南,,33层 ,,板塔结合,80 万,7536 元,0,,,VR房源 | 随时看房,https://hui.lianjia.com/ershoufang/105122039100.html
126平方大三房，高楼层，配套齐全,"新时代花园二期 , 博罗中心区",3室2厅,126平米,南,毛坯,28层 ,,塔楼,46 万,3651 元,0,,,VR看装修 | 房本满五年 | 随时看房,https://hui.lianjia.com/ershoufang/105116672388.html
四季嘉园，架空式园林，主阳台很大,"华泓四季嘉园 , 博罗中心区",3室2厅,93平米,东北,毛坯,31层 ,,塔楼,38 万,4087 元,0,,18天以前发布,VR看装修 | 房本满两年 | 随时看房,https://hui.lianjia.com/ershoufang/105122366892.html
成熟小区，视野开阔，安全系数好，环境优美，一线江景,"中洲半岛城邦四期 , 博罗中心区",4室2厅,106.67平米,南,,33层 ,,板塔结合,63 万,5907 元,0,,,VR看装修 | 房本满两年 | 随时看房,https://hui.lianjia.com/ershoufang/105121257078.html
惠南 中锴华章 166.88平四房 花园中间 两梯三户双套间,"中锴·华章 , 河南岸",4室2厅,166.88平米,南,毛坯,中楼层(共31层) ,,塔楼,139 万,8330 元,8,,,VR看装修 | 房本满五年 | 随时看房,https://hui.lianjia.com/ershoufang/105108776700.html
天御二期业主诚心出售，刚需户型，明厨明卫业主诚心卖,"中洲天御二期 , 河南岸",3室2厅,93平米,南,毛坯,低楼层(共33层) ,,板塔结合,78 万,8388 元,1,,,VR房源 | 随时看房,https://hui.lianjia.com/ershoufang/105121800011.html
德威花园小区，红本在手，业主急售，大三房，户型方正,"德威花园城 , 秋长",3室2厅,100.43平米,南,毛坯,中楼层(共32层) ,,板楼,41.4 万,4123 元,1,,,VR房源 | 房本满五年 | 随时看房,https://hui.lianjia.com/ershoufang/105120838545.html
麦迪新村一房一厅急售，楼层低，首付低。,"麦迪新村 , 麦地",1室1厅,29.67平米,东南,简装,10层 ,,塔楼,19.2 万,6472 元,0,,,VR房源 | 房本满五年 | 随时看房,https://hui.lianjia.com/ershoufang/105119676098.html
润阳花园 公园就在家门口，小区内设有幼儿园,"中铭润阳 , 新圩",4室2厅,128.82平米,南,毛坯,中楼层(共12层) ,,板塔结合,59 万,4581 元,0,,17天以前发布,VR房源 | 房本满五年 | 随时看房,https://hui.lianjia.com/ershoufang/105122386959.html
稀有复式户型  楼层好  采光好,"碧桂园翠湖湾 , 新圩",4室2厅,179.06平米,东南,精装,高楼层(共17层) ,,塔楼,119 万,6646 元,0,,,VR房源 | 房本满五年,https://hui.lianjia.com/ershoufang/105120965928.html
碧桂园珑誉 四房南北通  一线湖景没遮挡,"碧桂园珑誉花园 , 水口",4室2厅,141.67平米,南 北,毛坯,中楼层(共33层) ,,塔楼,91 万,6424 元,0,,,VR看装修 | 房本满五年 | 随时看房,https://hui.lianjia.com/ershoufang/105121722974.html
万达商圈、龙光物业、潮南看花园、	户型方正,"龙光玖龙花园 , 万达",4室2厅,109.75平米,南 北,精装,32层 ,,板塔结合,70 万,6379 元,1,,,VR看装修 | 随时看房,https://hui.lianjia.com/ershoufang/105120848964.html
此房业主诚意出售，，此房采光充足，户型方正。,"小径海岸城花园 , 霞涌",3室2厅,104.4平米,南,精装,33层 ,,板塔结合,53 万,5077 元,5,,,VR看装修 | 房本满五年 | 随时看房,https://hui.lianjia.com/ershoufang/105111134858.html
临深品质三房，诚心出售！！！！,"卓越蔚蓝海岸七期 , 西区新寮",3室2厅,96平米,东南,精装,34层 ,,塔楼,78 万,8125 元,2,,,VR看装修,https://hui.lianjia.com/ershoufang/105121096588.html
业主急卖，红本在手，无抵押，交通方便，配套成熟。,"卓洲悦园 , 万达",4室2厅,105.58平米,南 北,简装,32层 ,,板塔结合,80 万,7578 元,0,,,VR看装修 | 房本满两年 | 随时看房,https://hui.lianjia.com/ershoufang/105119950577.html
楼层好 户型方正 南北通，楼层好 居住舒适,"德桂佳园一区 , 水口",4室2厅,119.21平米,东南,毛坯,中楼层(共26层) ,,塔楼,89 万,7466 元,0,,,VR房源 | 房本满两年 | 随时看房,https://hui.lianjia.com/ershoufang/105121419533.html
雍和园 精装修3房3卫 采光视野佳,"蓝光雍和园 , 龙丰",3室1厅,141.75平米,西南,精装,中楼层(共19层) ,,板楼,158 万,11147 元,0,,13天以前发布,VR房源 | 房本满两年 | 随时看房,https://hui.lianjia.com/ershoufang/105122425318.html
金地柏悦府精装四房家私家电齐全拎包入住,"金地柏悦府 , 博罗石湾",4室2厅,120平米,南 北,精装,中楼层(共24层) ,,板塔结合,68.8 万,5734 元,0,,,VR看装修 | 随时看房,https://hui.lianjia.com/ershoufang/105119524052.html
河南岸天虹旁，宜居小区，配套齐全，交通便利,"威廉城邦 , 河南岸",3室1厅,77.14平米,东南,精装,高楼层(共23层) ,,塔楼,53.8 万,6975 元,1,,,VR看装修 | 房本满五年 | 随时看房,https://hui.lianjia.com/ershoufang/105121638057.html
方直星耀国际一线湖景五房双套间大平层,"方直星耀国际 , 河南岸",5室2厅,177平米,南 北,毛坯,低楼层(共45层) ,,板塔结合,400 万,22599 元,0,,,VR看装修 | 房本满五年 | 随时看房,https://hui.lianjia.com/ershoufang/105121503741.html
金山湖湖心岛内！精装修大三房 朝南看花园！安静舒适,"方直东岸 , 河南岸",3室2厅,131.35平米,南,,32层 ,,板塔结合,136 万,10355 元,1,,,VR看装修 | 房本满五年 | 随时看房,https://hui.lianjia.com/ershoufang/105118463538.html
三和经济开发区，新力龙湾，全屋定制家私家电,"新力珑湾 , 三和经济开发区",3室2厅,89.72平米,南,,中楼层(共31层) ,,塔楼,50 万,5573 元,0,,6天以前发布,VR房源 | 随时看房,https://hui.lianjia.com/ershoufang/105122504741.html
"小区环境优美,绿化覆盖率高通透性好，适宜居住","玖龙台 , 潼侨沥林",3室2厅,88.75平米,南,,32层 ,,板塔结合,44 万,4958 元,0,,,VR看装修 | 房本满两年 | 随时看房,https://hui.lianjia.com/ershoufang/105121976855.html
横厅大四房，交通便利，配套齐全。,"龙光城北八期 , 龙光城",4室2厅,118.02平米,南 北,精装,17层 ,,板塔结合,117.1 万,9923 元,3,,,VR看装修 | 房本满五年 | 随时看房,https://hui.lianjia.com/ershoufang/105119859293.html
德润天峰中间楼层朝正南小三房诚意售出,"德润天峰 , 潼侨沥林",3室2厅,79.89平米,南,毛坯,18层 ,,板塔结合,38 万,4757 元,0,,,VR看装修 | 随时看房,https://hui.lianjia.com/ershoufang/105121373911.html
临深片区，双地铁口，3房2厅2卫出售,"安罝小区 , 西区新寮",3室2厅,120.4平米,南,毛坯,32层 ,,板塔结合,68 万,5648 元,0,,,VR看装修 | 随时看房,https://hui.lianjia.com/ershoufang/105116956729.html
小区绿化面积大，住着舒心舒服，看房方便,"金宝城市佳园 , 惠环",2室2厅,80.54平米,南 北,简装,高楼层(共18层) ,,板塔结合,38 万,4719 元,0,,,VR房源,https://hui.lianjia.com/ershoufang/105121584707.html
金城广场，朝南户型急售，方正采光好，佳兆业旁,"金城广场君华府 , 江北",3室2厅,125平米,西北,精装,高楼层(共30层) ,,板楼,68 万,5440 元,2,,,VR房源 | 房本满五年,https://hui.lianjia.com/ershoufang/105115849363.html
壹号公馆大五房，房子毛坯，欢迎带看,"壹号公馆 , 惠环",5室2厅,117.47平米,东南 南,,低楼层(共31层) ,,板塔结合,69 万,5874 元,0,,16天以前发布,VR房源 | 随时看房,https://hui.lianjia.com/ershoufang/105122388608.html
中洲半岛城邦四期 3室2厅 南,"中洲半岛城邦四期 , 博罗中心区",3室2厅,95平米,南,简装,32层 ,,板塔结合,62.8 万,6611 元,0,,,VR看装修 | 房本满五年 | 随时看房,https://hui.lianjia.com/ershoufang/105118666339.html
佳兆业一期 保养好  户型方正 交通便利,"佳兆业中心一期 , 江北",1室1厅,41平米,东 西,,29层 ,,板塔结合,29.5 万,7196 元,0,,,VR看装修 | 房本满五年,https://hui.lianjia.com/ershoufang/105118691645.html
壹城二区三房两卫朝南中高楼层视野开阔,"壹城中心2区 , 陈江",3室2厅,98.69平米,南,毛坯,高楼层(共31层) ,,塔楼,75 万,7600 元,0,,24天以前发布,VR看装修 | 房本满五年 | 随时看房,https://hui.lianjia.com/ershoufang/105122317852.html
鸿润花园东南向三房，装修保养好，中间楼层采光好,"鸿润花园 , 麦地",3室2厅,126.84平米,东南,精装,高楼层(共30层) ,,塔楼,126 万,9934 元,0,,,VR房源 | 随时看房,https://hui.lianjia.com/ershoufang/105122158814.html
证已满两年，无增值税，成本低，此价带有证车位，,"领峰花园 , 汝湖",4室2厅,114.86平米,南,,低楼层(共32层) ,,,95 万,8271 元,0,,,VR看装修 | 房本满两年 | 随时看房,https://hui.lianjia.com/ershoufang/105121688187.html
一线江景  复式三层带露台 带个车位出售,"滨江大厦 , 下埔",5室2厅,266.97平米,东北,精装,高楼层(共13层) ,,,158 万,5919 元,0,,,VR房源 | 房本满五年 | 随时看房,https://hui.lianjia.com/ershoufang/105121509654.html
江湾南岸二期七米长大阳台一线江景视野开阔可看天鹅桥,"江湾南岸二期 , 江北",4室2厅,142.38平米,东南,毛坯,高楼层(共44层) ,,板楼,173 万,12151 元,1,,,VR看装修 | 房本满两年 | 随时看房,https://hui.lianjia.com/ershoufang/105116845307.html
大中华花园中间，146平南北通透大四房，给你理想生活,"大中华幸福城 , 西区新寮",4室2厅,146.73平米,南 北,毛坯,32层 ,,板楼,111 万,7565 元,1,,,VR看装修 | 房本满两年 | 随时看房,https://hui.lianjia.com/ershoufang/105121112231.html
临深三房两卫精装修全屋定制 拎包入住 业主诚心出售,"碧桂园雅豪轩 , 龙光城",3室2厅,93.41平米,南 北,精装,29层 ,,板塔结合,68 万,7280 元,2,,,VR看装修 | 房本满两年 | 随时看房,https://hui.lianjia.com/ershoufang/105121095469.html
简装一房一厅，房子高楼层，光线视野不错，看房方便,"花样年别样城二期 , 新行政区",1室1厅,41.63平米,东,,29层 ,,板塔结合,15.3 万,3676 元,1,,,VR看装修 | 房本满五年 | 随时看房,https://hui.lianjia.com/ershoufang/105120183475.html
榕城华庭 全新精装 三房两厅 南向看花园,"榕城华庭 , 博罗中心区",3室2厅,103平米,南,精装,18层 ,,塔楼,39.8 万,3865 元,1,,,VR看装修 | 随时看房,https://hui.lianjia.com/ershoufang/105121896843.html
原生态双公园配套，户型方正 ，带装修，视野好,"伴山园 , 比亚迪商圈",3室2厅,75.21平米,东南 南,精装,17层 ,,板塔结合,31 万,4122 元,0,,,VR看装修 | 房本满五年,https://hui.lianjia.com/ershoufang/105117975010.html
龙光城南区，两室两厅带装修拎包入住！,"龙光城南二期 , 龙光城",2室2厅,62.07平米,西北,精装,32层 ,,板塔结合,56.8 万,9151 元,0,,,VR看装修 | 房本满五年 | 随时看房,https://hui.lianjia.com/ershoufang/105121929023.html
业主诚意出售，户型方正，采光靓,"星泽华府 , 水口",3室2厅,123平米,南,,高楼层(共20层) ,,板塔结合,65 万,5285 元,0,,,VR看装修 | 随时看房,https://hui.lianjia.com/ershoufang/105121907072.html
水口天虹旁南贸花园，装修三房双卫户型证在手看房方便,"南贸花园 , 水口",3室2厅,113.41平米,南 北,精装,中楼层(共17层) ,,塔楼,82 万,7231 元,1,,,VR房源 | 房本满五年,https://hui.lianjia.com/ershoufang/105121924075.html
随时可以看房，业主诚心出售，价格可以沟通,"渝景湾花园四期 , 澳头",2室2厅,66.46平米,南,,低楼层(共26层) ,,板塔结合,22 万,3311 元,0,,,VR看装修 | 房本满五年 | 随时看房,https://hui.lianjia.com/ershoufang/105122125986.html
德威摩卡小镇两房 ，有车位，精装修，看房方便，,"德威摩卡小镇 , 江北",2室2厅,88.73平米,南,精装,中楼层(共17层) ,,塔楼,65 万,7326 元,1,,,VR看装修 | 房本满五年,https://hui.lianjia.com/ershoufang/105121748676.html
楼层好，采光充足，户型好，小区环境舒适，半围合式,"承翰珀尔世家 , 潼侨沥林",3室2厅,102.03平米,东南 南,精装,32层 ,,塔楼,59.8 万,5862 元,0,,,VR看装修 | 房本满两年 | 随时看房,https://hui.lianjia.com/ershoufang/105121928780.html
皇冠旁合生上观六期 中间楼层装修拎包入住南北双阳台,"合生·上观国际 , 水口",4室2厅,169.54平米,南 北,,中楼层(共32层) ,,板塔结合,148 万,8730 元,0,,,VR看装修 | 房本满五年,https://hui.lianjia.com/ershoufang/105118903056.html
龙丰 轻轨站 大社区 泰富御山郡 全新装修4房未入住,"泰富·御山郡 , 龙丰",4室2厅,107.44平米,南,精装,17层 ,,板塔结合,72.8 万,6776 元,0,,29天以前发布,VR看装修 | 随时看房,https://hui.lianjia.com/ershoufang/105122276998.html
汇乐城 次新小区 德桂佳园 3房 生活方便配套齐全,"德桂佳园一区 , 水口",3室2厅,90.85平米,南,毛坯,低楼层(共26层) ,,塔楼,59.6 万,6561 元,0,,,VR看装修 | 随时看房,https://hui.lianjia.com/ershoufang/105120744960.html
金石花园视野宽阔 采光很好 朝南 交通便利,"金石花园 , 江北",2室1厅,62.46平米,南,简装,中楼层(共18层) ,,塔楼,38 万,6084 元,1,,,VR看装修 | 房本满五年,https://hui.lianjia.com/ershoufang/105121985872.html
龙光城精装大四房  业主诚心急售,"龙光城南四期 , 龙光城",4室1厅,108.77平米,西 北,精装,34层 ,,塔楼,105 万,9654 元,0,,,VR看装修 | 房本满五年 | 随时看房,https://hui.lianjia.com/ershoufang/105121604998.html
实用精装正两房，带入户花园，适合刚需过度，看中可谈,"华兴金盛丽景 , 水口",2室2厅,75.33平米,南,精装,中楼层(共17层) ,,板楼,56 万,7434 元,0,,,VR房源 | 房本满五年 | 随时看房,https://hui.lianjia.com/ershoufang/105119939809.html
江北新小区 高层朝南4房  视野开阔 价格实惠,"御豪庭 , 江北",4室2厅,119.09平米,南,毛坯,高楼层(共29层) ,,塔楼,78 万,6550 元,0,,,VR看装修 | 随时看房,https://hui.lianjia.com/ershoufang/105121780336.html
前排别墅急售，格局好，层高3.3米，15米阳台一线江景,"江湾南岸二期 , 江北",4室2厅,237.3平米,东南,毛坯,中楼层(共6层) ,,板楼,498 万,20987 元,1,,,VR看装修 | 随时看房,https://hui.lianjia.com/ershoufang/105118573446.html
此栋楼地理位置好，朝正南无遮挡户型好 业主诚心出售,"建曙高尔夫1号 , 区政府",4室2厅,110.03平米,西南,精装,30层 ,,塔楼,95 万,8635 元,0,,,VR看装修 | 房本满五年 | 随时看房,https://hui.lianjia.com/ershoufang/105119695556.html
惠阳高铁站，中信新城，89平4房。,"中信新城 , 南站新城",4室2厅,89.14平米,东南,精装,34层 ,,板塔结合,56 万,6283 元,0,,,VR看装修 | 房本满五年,https://hui.lianjia.com/ershoufang/105120702187.html
长通熙园 没个税 随时可以看房 不朝高铁 配套成熟,"长通熙园 , 开城大润发",4室1厅,128.8平米,南,精装,33层 ,,塔楼,105 万,8153 元,1,,,VR看装修 | 房本满两年 | 随时看房,https://hui.lianjia.com/ershoufang/105115051301.html
急卖 万达商圈 精装2房 南向 配套完善,"水墨林溪雅苑 , 吾悦广场",2室1厅,76.87平米,南 北,精装,17层 ,,塔楼,40 万,5204 元,0,,,VR看装修 | 房本满两年 | 随时看房,https://hui.lianjia.com/ershoufang/105119567278.html
天翔华利交通便利距离校园近小孩方便,"天翔华利苑 , 陈江",2室2厅,89.15平米,南,毛坯,低楼层(共27层) ,,塔楼,38.5 万,4319 元,0,,,VR看装修 | 房本满五年 | 随时看房,https://hui.lianjia.com/ershoufang/105119139493.html
佳兆业君汇上品四房中间楼层视野开阔,"佳兆业君汇上品 , 陈江",4室2厅,121.7平米,南,毛坯,34层 ,,板楼,65 万,5342 元,0,,,VR看装修 | 房本满两年 | 随时看房,https://hui.lianjia.com/ershoufang/105118386967.html
数码园南区 中交香颂 三房急售 40.88万,"中交香颂花园 , 三栋镇",3室2厅,87.89平米,南,毛坯,低楼层(共18层) ,,板塔结合,40.8 万,4643 元,0,,,VR看装修 | 房本满五年 | 随时看房,https://hui.lianjia.com/ershoufang/105122143595.html
壹城六区南北通4房，高层视野好，看房方便,"壹城中心6区 , 陈江",4室2厅,115.78平米,南 北,毛坯,高楼层(共32层) ,,板塔结合,83.8 万,7238 元,0,,,VR看装修 | 房本满两年 | 随时看房,https://hui.lianjia.com/ershoufang/105116700716.html
此房视野好，户型方正，使用率高，百万大城,"龙光城南一期 , 龙光城",4室2厅,146平米,东南,毛坯,28层 ,,板塔结合,108 万,7398 元,2,,,VR看装修 | 随时看房,https://hui.lianjia.com/ershoufang/105120843671.html
江北次新小区御豪庭精装复式3房诚意出售简约风装修新,"御豪庭 , 江北",3室2厅,150.05平米,南 北,精装,高楼层(共7层) ,,,170 万,11330 元,1,,,VR房源,https://hui.lianjia.com/ershoufang/105121242973.html
业主诚心卖，原价过高，只有契税,"大中华幸福城 , 西区新寮",4室2厅,147平米,南 北,,32层 ,,板楼,112 万,7620 元,0,,31天以前发布,VR看装修 | 房本满两年 | 随时看房,https://hui.lianjia.com/ershoufang/105122255585.html
长湖苑一期   满五年 证件齐全 卖房诚意满满,"新世界长湖苑一期 , 东平",3室2厅,100.31平米,东北,,中楼层(共9层) ,,板塔结合,56 万,5583 元,1,,,VR看装修 | 房本满五年,https://hui.lianjia.com/ershoufang/105121535682.html
区政府旁，拎包入住，好出租，交通便利,"隆基天地广场 , 区政府",1室1厅,40.6平米,南,简装,25层 ,,板塔结合,19.5 万,4803 元,2,,,VR看装修 | 房本满五年 | 随时看房,https://hui.lianjia.com/ershoufang/105121203182.html
翡翠山朝南三房，朝南看园林泳池，很哇塞的，,"翡翠山城君御 , 万达",2室1厅,82.26平米,西南,精装,26层 ,,板塔结合,63 万,7659 元,14,,,VR房源 | 随时看房,https://hui.lianjia.com/ershoufang/105120606212.html
楼层好视野好，采光好 业主诚心出售,"荣盛花语馨苑 , 大亚湾中心区",3室2厅,80.06平米,南,精装,低楼层(共31层) ,,塔楼,37 万,4622 元,3,,,VR看装修 | 房本满五年 | 随时看房,https://hui.lianjia.com/ershoufang/105120804561.html
小区优质好房，中间楼层朝南看花园，税费低看房方便,"德丰凯旋城北区 , 大亚湾中心区",3室2厅,78.91平米,南,毛坯,26层 ,,板塔结合,36 万,4563 元,0,,,VR房源 | 房本满五年 | 随时看房,https://hui.lianjia.com/ershoufang/105122214186.html
离南站近，装修拎包入住，中间楼层,"城市丽景 , 开城大润发",4室2厅,123.44平米,南,简装,21层 ,,板塔结合,68 万,5509 元,19,,,VR看装修 | 随时看房,https://hui.lianjia.com/ershoufang/105109027815.html
毛坯房，业主诚心出售，原值高无个税,"海伦堡中侨公馆 , 草洋新区",3室2厅,109.57平米,北,毛坯,高楼层(共25层) ,,塔楼,66 万,6024 元,1,,,VR看装修 | 房本满五年 | 随时看房,https://hui.lianjia.com/ershoufang/105114380006.html
国鹏满五唯一三房，阳台朝花园 采光通风好，配套齐,"国鹏润德学府 , 惠环",3室2厅,86.02平米,南,毛坯,低楼层(共29层) ,,板塔结合,46.8 万,5441 元,0,,,VR看装修 | 房本满五年 | 随时看房,https://hui.lianjia.com/ershoufang/105115509680.html
精装复式两房，生活休息区域分离，私密性高,"泰豪广场 , 麦地",2室2厅,41.9平米,北,精装,高楼层(共20层) ,,塔楼,43 万,10263 元,0,,,VR房源 | 随时看房,https://hui.lianjia.com/ershoufang/105117020434.html
隆腾盛世129舒适五房南北通业主急售,"隆腾盛世 , 新圩",5室2厅,129.55平米,南 北,毛坯,31层 ,,板塔结合,124 万,9572 元,0,,,VR看装修 | 房本满两年 | 随时看房,https://hui.lianjia.com/ershoufang/105121838854.html
大两房，户型方正，通风采光好，业主着急出售,"华茂大厦 , 开城大润发",2室2厅,99.94平米,南,简装,23层 ,,塔楼,38 万,3803 元,0,,,VR房源 | 房本满五年 | 随时看房,https://hui.lianjia.com/ershoufang/105120413821.html
业主诚心出售、没有个税、小区环境优美,"荣盛御湖观邸 , 比亚迪商圈",3室2厅,95平米,南,精装,30层 ,,板塔结合,47 万,4948 元,1,,,VR房源 | 随时看房,https://hui.lianjia.com/ershoufang/105121652498.html
拿上衣服带上手机就可以入住了   大客厅三卧室,"东江学府七期 , 河南岸",3室2厅,76平米,南,精装,19层 ,,,67 万,8816 元,0,,,VR房源 | 随时看房,https://hui.lianjia.com/ershoufang/105120566107.html
红本在手，业主诚心出售，价格可议价,"金輝新苑 , 龙丰",3室2厅,97平米,南,,中楼层(共8层) ,,板塔结合,57 万,5877 元,0,,,VR看装修,https://hui.lianjia.com/ershoufang/105118060670.html
（平台推荐）临深片区南北通三房，交通方便,"荣佳国韵二期 , 龙光城",3室2厅,107.64平米,东南 南,精装,26层 ,,板塔结合,80 万,7433 元,1,,19天以前发布,VR房源 | 房本满两年 | 随时看房,https://hui.lianjia.com/ershoufang/105122355693.html
采光充足，通风良好交通便利，购物方便，,"光耀荷兰小城 , 陈江",4室2厅,101.88平米,南,毛坯,31层 ,,板塔结合,53 万,5203 元,0,,,VR看装修 | 随时看房,https://hui.lianjia.com/ershoufang/105121571008.html
景观单位，看花园，业主诚意出售，楼层好户型方正！,"卓越蔚蓝海岸七期 , 西区新寮",3室2厅,97.64平米,南,精装,18层 ,,板塔结合,80 万,8194 元,0,,,VR看装修 | 房本满两年,https://hui.lianjia.com/ershoufang/105115906003.html
隆生东湖四区 一楼院子慢节奏生活 惬意休闲 户型方正,"东湖花园四号小区 , 东平",3室2厅,111平米,北,,7层 ,,板塔结合,96 万,8649 元,0,,17天以前发布,VR房源,https://hui.lianjia.com/ershoufang/105122379207.html
楼顶复式带平台　装修很新　视野好　小区配套齐全,"德丰凯旋城北区 , 大亚湾中心区",6室2厅,114平米,南 西南,,16层 ,,板塔结合,83 万,7281 元,1,,,VR房源 | 房本满五年 | 随时看房,https://hui.lianjia.com/ershoufang/105122178997.html
鹿江沥湿地公园水口文化广场星际,"新力城三期 , 水口",3室2厅,109平米,南,,低楼层(共32层) ,,板楼,83 万,7615 元,0,,,VR看装修 | 随时看房,https://hui.lianjia.com/ershoufang/105122147912.html
水口海伦春天 精装三房 朝南中间楼层 业主诚心出售,"海伦春天一期 , 水口",3室2厅,103平米,南,精装,31层 ,,板塔结合,69.8 万,6777 元,1,,,VR看装修 | 房本满五年,https://hui.lianjia.com/ershoufang/105119348205.html
户型方正，楼层好，朝南，临深，品质社区 视野好,"锦河湾 , 西区新寮",4室2厅,98.98平米,南 北,毛坯,34层 ,,板塔结合,62 万,6264 元,0,,,VR看装修 | 随时看房,https://hui.lianjia.com/ershoufang/105117760914.html
惠阳丽江花园 5房南北通 南北对流 市政广场,"丽江花园北区 , 区政府",5室2厅,186平米,南 北,精装,17层 ,,板楼,114 万,6130 元,0,,,VR看装修 | 房本满五年 | 随时看房,https://hui.lianjia.com/ershoufang/105116143454.html
中洲四期南北方正四房 一线江景 花园大环境好,"中洲半岛城邦四期 , 博罗中心区",4室2厅,127.18平米,南,毛坯,32层 ,,板塔结合,70 万,5505 元,0,,,VR房源 | 随时看房,https://hui.lianjia.com/ershoufang/105121498083.html
平台推 视野好，看房方便，诚心出售,"泓泰花园 , 西区新寮",4室2厅,114平米,南 北,精装,32层 ,,塔楼,105 万,9211 元,0,,,VR看装修 | 房本满两年 | 随时看房,https://hui.lianjia.com/ershoufang/105120837384.html
一线全江景采光充足，户型方正。,"新城鹿江风华 , 水口",4室2厅,123.31平米,南,毛坯,高楼层(共18层) ,,板塔结合,116 万,9408 元,0,,,VR看装修 | 房本满两年 | 随时看房,https://hui.lianjia.com/ershoufang/105122015354.html
距离深汕高铁惠东站直线800米 楼层好 朝南 环境佳,"山湖海上城 , 惠东县城",4室2厅,127.33平米,东南 南,毛坯,32层 ,,板塔结合,49.8 万,3912 元,0,,,VR看装修 | 房本满五年 | 随时看房,https://hui.lianjia.com/ershoufang/105120355692.html
惠州大亚湾西区博林腾瑞3房两厅两卫业主急卖,"博林腾瑞 , 比亚迪商圈",3室2厅,88.52平米,南,简装,33层 ,,板楼,66 万,7456 元,0,,,VR看装修 | 房本满两年 | 随时看房,https://hui.lianjia.com/ershoufang/105120994008.html
急，急，急，江北阳光谷大厦精装2室,"欧尚阳光谷 , 江北",2室1厅,53.84平米,东,简装,26层 ,,板塔结合,29.8 万,5535 元,0,,,VR看装修 | 房本满五年 | 随时看房,https://hui.lianjia.com/ershoufang/105121064573.html
次新小区 新力城大社区 大4房  看花园 大横厅读书方便,"新力城二期 , 水口",4室1厅,135.5平米,南,毛坯,低楼层(共32层) ,,板楼,92 万,6790 元,0,,,VR看装修 | 随时看房,https://hui.lianjia.com/ershoufang/105120554656.html
(左涛推荐)大江北佳兆业旁边#富民#朝南#5房#全新毛坯,"人乐居 , 江北",5室2厅,225.25平米,南 北,毛坯,中楼层(共22层) ,,板楼,150 万,6660 元,0,,,VR房源 | 房本满五年,https://hui.lianjia.com/ershoufang/105113787857.html
惠阳新政芯，临半岛滨水公园，近天虹，好宜多、沃尔玛,"冠臣御品花园 , 新行政区",4室2厅,141.2平米,南 北,精装,28层 ,,板塔结合,108 万,7649 元,0,,16天以前发布,VR房源 | 房本满两年,https://hui.lianjia.com/ershoufang/105122392789.html
皇冠花园4房  南北通透  双阳台 独门独户,"隆生皇冠花园 , 水口",4室2厅,123.36平米,南 北,毛坯,23层 ,,板楼,115 万,9323 元,0,,,VR看装修 | 房本满五年 | 随时看房,https://hui.lianjia.com/ershoufang/105122061214.html
香悦澜山方正四房 大社区 户型好 园林漂亮,"新城香悦澜山 , 博罗中心区",4室2厅,112.18平米,南,毛坯,高楼层(共33层) ,,塔楼,45 万,4012 元,0,,,VR看装修 | 房本满两年 | 随时看房,https://hui.lianjia.com/ershoufang/105120803088.html
金山新城新，中海品牌百万临江大盘，全新小区，视野好,"中海阅江府2期 , 东江新城",4室1厅,119平米,南,毛坯,中楼层(共27层) ,,塔楼,96 万,8068 元,0,,,VR房源 | 随时看房,https://hui.lianjia.com/ershoufang/105120442623.html
地铁口精装大3房，业主诚心出售，随时看房,"德洲城五期 , 西区新寮",3室2厅,111.18平米,南 北,精装,25层 ,,板楼,92.8 万,8347 元,1,,,VR看装修 | 房本满五年 | 随时看房,https://hui.lianjia.com/ershoufang/105120995279.html
合生上观国际七期 南北通双阳台 东南朝向 看花园,"合生·上观国际 , 水口",4室2厅,130.75平米,东南,,低楼层(共26层) ,,塔楼,95 万,7266 元,0,,,VR看装修 | 房本满两年 | 随时看房,https://hui.lianjia.com/ershoufang/105122063823.html
水口次新小区出售精装三房两卫，高层视野好,"新力城一期 , 水口",3室2厅,108.93平米,南,精装,33层 ,,板楼,150 万,13771 元,0,,,VR看装修 | 房本满五年 | 随时看房,https://hui.lianjia.com/ershoufang/105121313658.html
金悦华府 品质小区，房龄新，南北通，视野开阔,"金悦华府 , 东江新城",3室1厅,92平米,南 北,毛坯,高楼层(共25层) ,,塔楼,75 万,8153 元,1,,16天以前发布,VR房源 | 房本满两年 | 随时看房,https://hui.lianjia.com/ershoufang/105122388680.html
金碧花苑 3室2厅 北 南,"金碧花苑 , 河南岸",3室2厅,105平米,北 南,简装,高楼层(共18层) ,,塔楼,69.9 万,6658 元,2,,30天以前发布,VR房源 | 房本满五年,https://hui.lianjia.com/ershoufang/105122265767.html
"中骏雍景湾,金山湖，业主诚心卖，朝南三房两卫","中骏雍景湾南区 , 河南岸",3室2厅,95.67平米,南,毛坯,中楼层(共30层) ,,塔楼,89 万,9303 元,0,,,VR看装修 | 随时看房,https://hui.lianjia.com/ershoufang/105122131143.html
南北通透 满五唯一 视野开阔 可远眺大海,"华冠花园 , 大亚湾中心区",4室2厅,103.66平米,南 北,毛坯,33层 ,,板塔结合,55 万,5306 元,0,,,VR看装修 | 房本满五年 | 随时看房,https://hui.lianjia.com/ershoufang/105121672928.html
业主诚心出售，带装修，看房方便。。。.,"惠阳雅居乐花园二期 , 南站新城",2室1厅,77.11平米,南 北,精装,中楼层(共33层) ,,板塔结合,38.6 万,5006 元,1,,,VR房源 | 房本满五年 | 随时看房,https://hui.lianjia.com/ershoufang/105121985698.html
带装修带高租约家私家电齐全拎包入住,"德洲城三、四期 , 西区新寮",3室2厅,115.32平米,南 北,精装,18层 ,,塔楼,83 万,7198 元,0,,,VR看装修 | 房本满两年,https://hui.lianjia.com/ershoufang/105122214464.html
新华书店旁 宏益公馆3房2厅 好楼层诚心出售！,"宏益公馆 , 江北",3室2厅,115.37平米,北,精装,中楼层(共17层) ,,塔楼,120 万,10402 元,0,,,VR房源 | 房本满五年 | 随时看房,https://hui.lianjia.com/ershoufang/105122056889.html
大社区，入住率高，户型方正，采光好,"花样年别样城四期 , 新行政区",4室1厅,101.22平米,东南,毛坯,中楼层(共32层) ,,板塔结合,65 万,6422 元,0,,,VR房源 | 房本满五年 | 随时看房,https://hui.lianjia.com/ershoufang/105120879978.html
德丰天麓 单间 业主诚心出售 楼层好 视野好,"德丰.天麓 , 大亚湾中心区",1室0厅,28.87平米,南,简装,20层 ,,塔楼,12.3 万,4261 元,0,,,VR看装修 | 房本满五年 | 随时看房,https://hui.lianjia.com/ershoufang/105121430799.html
新力城一期 3室2厅 南 北,"新力城一期 , 水口",3室2厅,108.93平米,南 北,精装,高楼层(共33层) ,,板楼,90 万,8263 元,0,,7天以前发布,VR房源 | 房本满两年,https://hui.lianjia.com/ershoufang/105122491185.html
一线临深新小区 朝南大三房 好楼层税费少环境好配套全,"荣佳国韵二期 , 龙光城",3室2厅,123.2平米,南,毛坯,30层 ,,板塔结合,78 万,6332 元,0,,13天以前发布,VR房源 | 房本满两年 | 随时看房,https://hui.lianjia.com/ershoufang/105122429581.html
