标题,地址,户型,面积,朝向,装修情况,层数,建造时间,楼型,总价,每平米单价,关注人数,带看次数,发布时间,标签,详情链接
惠阳好地段 万科物业 业主诚意出售 随时可看房,"清泉城市广场 , 区政府",4室1厅,93.85平米,东南,精装,29层 ,,板塔结合,75 万,7992 元,2,,,VR房源 | 房本满五年 | 随时看房,https://hui.lianjia.com/ershoufang/105119170942.html
业主急售红本在手无欠款满五唯一无个税价格可谈,"御城水都 , 区政府",3室2厅,85.89平米,南,精装,32层 ,,塔楼,79 万,9198 元,1,,29天以前发布,VR看装修 | 房本满两年 | 随时看房,https://hui.lianjia.com/ershoufang/105122275645.html
润阳花园 公园就在家门口，小区内设有幼儿园,"中铭润阳 , 新圩",4室2厅,128.82平米,南,毛坯,中楼层(共12层) ,,板塔结合,59 万,4581 元,0,,17天以前发布,VR房源 | 房本满五年 | 随时看房,https://hui.lianjia.com/ershoufang/105122386959.html
全新装修，3房2卫.采光很好 优越地理位置,"中鑫悦府 , 惠环",3室1厅,86.83平米,西南,,高楼层(共32层) ,,,59.2 万,6818 元,0,,11天以前发布,VR房源 | 随时看房,https://hui.lianjia.com/ershoufang/105122453036.html
稀有复式户型  楼层好  采光好,"碧桂园翠湖湾 , 新圩",4室2厅,179.06平米,东南,精装,高楼层(共17层) ,,塔楼,119 万,6646 元,0,,,VR房源 | 房本满五年,https://hui.lianjia.com/ershoufang/105120965928.html
临深百万大盘，金地小区，近地铁次新小区，业主诚心出,"金地天润自在城二期 , 西区新寮",3室2厅,85.94平米,南,精装,33层 ,,板塔结合,73 万,8495 元,0,,,VR看装修 | 房本满两年 | 随时看房,https://hui.lianjia.com/ershoufang/105119849835.html
精装修拎包可入住，朝南户型好，首付低，有钥匙看房,"御景花园南区 , 下角",2室1厅,54.66平米,南,精装,16层 ,,板塔结合,45 万,8233 元,0,,,VR看装修 | 房本满五年 | 随时看房,https://hui.lianjia.com/ershoufang/105121351737.html
视野好，采光充足，楼层好，户型格局靓,"沣盛凤凰城 , 惠东县城",3室2厅,101.43平米,东南 南,毛坯,17层 ,,板塔结合,40.5 万,3993 元,0,,,VR看装修 | 房本满五年 | 随时看房,https://hui.lianjia.com/ershoufang/105119878490.html
惠州仲恺高新区，高铁站旁边物业！,"奥园尚雅花园二期 , 潼侨沥林",4室2厅,104.03平米,南 北,毛坯,中楼层(共32层) ,,板塔结合,43 万,4134 元,0,,,VR房源 | 房本满两年 | 随时看房,https://hui.lianjia.com/ershoufang/105121248672.html
此房满五唯一 高楼层，视野宽阔，采光充足,"亚迪二村二区 , 澳头",3室1厅,115平米,南,精装,32层 ,,塔楼,45 万,3914 元,1,,,VR房源 | 房本满五年 | 随时看房,https://hui.lianjia.com/ershoufang/105120720680.html
惠阳  东方国际  人民六路旁 大润发 新天虹,"东方国际 , 开城大润发",2室1厅,55.73平米,南 北,简装,9层 ,,板塔结合,16 万,2871 元,3,,,VR房源 | 房本满两年,https://hui.lianjia.com/ershoufang/105121856023.html
金山湖金岸花苑 电梯四房 业主重新装修,"金岸花苑 , 河南岸",4室2厅,107.17平米,东,精装,9层 ,,板楼,69.9 万,6523 元,0,,15天以前发布,VR房源 | 房本满五年,https://hui.lianjia.com/ershoufang/105122404353.html
蓝光雍和园3房2厅2卫房售价仅：107.8万,"蓝光雍和园 , 龙丰",3室2厅,129.38平米,东南,,高楼层(共31层) ,,板楼,107.8 万,8333 元,0,,,VR看装修 | 房本满两年 | 随时看房,https://hui.lianjia.com/ershoufang/105120262945.html
社区有环湖跑道，登山道，小区实行24小时保..,"星河丹堤C区 , 南站新城",4室2厅,149.8平米,南,毛坯,27层 ,,板塔结合,129.8 万,8665 元,7,,,VR看装修 | 房本满五年 | 随时看房,https://hui.lianjia.com/ershoufang/105119050267.html
全新末住过，无抵押，业主诚心出售，价格可谈。,"群峰花园 , 南站新城",3室2厅,94.63平米,东南,,中楼层(共33层) ,,塔楼,55 万,5813 元,0,,,VR看装修 | 房本满两年 | 随时看房,https://hui.lianjia.com/ershoufang/105120939638.html
小4房，视野好，无增值税和个税,"星河丹堤S2区 , 南站新城",4室2厅,95.26平米,南,,34层 ,,板塔结合,108 万,11338 元,0,,,VR看装修 | 房本满两年 | 随时看房,https://hui.lianjia.com/ershoufang/105112696350.html
高铁站旁 天虹大润发商圈 中高层南向3加1房！,"旺东国际广场 , 开城大润发",3室2厅,111.28平米,南,毛坯,30层 ,,塔楼,70 万,6291 元,1,,,VR看装修 | 房本满五年 | 随时看房,https://hui.lianjia.com/ershoufang/105118944501.html
荷兰小城，环境优美，小区空间大，小孩读书方便,"光耀荷兰小城 , 陈江",4室2厅,112平米,南,毛坯,31层 ,,板楼,57 万,5090 元,0,,,VR看装修 | 随时看房,https://hui.lianjia.com/ershoufang/105121033126.html
新天虹 大润发 精装修两房 拎包入住 满五唯一,"旺东国际广场 , 开城大润发",2室2厅,74.65平米,东南,精装,30层 ,,塔楼,53 万,7100 元,0,,,VR看装修 | 房本满五年 | 随时看房,https://hui.lianjia.com/ershoufang/105119988090.html
原值高 采光好 户型方正 精装修两房,"三远大爱城 , 吾悦广场",2室2厅,76.49平米,南,,32层 ,,板塔结合,45 万,5884 元,2,,,VR看装修 | 房本满五年,https://hui.lianjia.com/ershoufang/105119332980.html
临深入住率高，税费低，精装修，配套齐全,"尚城世家二期 , 区政府",3室1厅,113.58平米,东南,精装,26层 ,,板塔结合,118 万,10390 元,0,,,VR房源 | 房本满五年 | 随时看房,https://hui.lianjia.com/ershoufang/105121458711.html
中洲天御 免个税 实用3房 中间楼层 看花园 无遮挡,"中洲天御二期 , 河南岸",3室2厅,93平米,南,毛坯,中楼层(共28层) ,,板塔结合,78 万,8388 元,0,,,VR房源 | 房本满五年 | 随时看房,https://hui.lianjia.com/ershoufang/105117038023.html
区政府 配套齐全 业主急售...,"中港华庭 , 区政府",1室1厅,50平米,东,,26层 ,,塔楼,19.8 万,3960 元,0,,,VR看装修 | 随时看房,https://hui.lianjia.com/ershoufang/105112984971.html
朝南向中间楼层看花园。安静舒适。,"星河丹堤S2区 , 南站新城",4室2厅,93.43平米,东南,毛坯,33层 ,,板塔结合,118 万,12630 元,0,,,VR看装修 | 房本满两年 | 随时看房,https://hui.lianjia.com/ershoufang/105112685026.html
吾悦商圈 南北通户型 配套成熟,"海惠花园二区 , 吾悦广场",3室2厅,124.04平米,南 北,毛坯,18层 ,,塔楼,55 万,4435 元,2,,,VR房源 | 房本满五年 | 随时看房,https://hui.lianjia.com/ershoufang/105118830141.html
户型方正，采光好，视野好，无遮挡,"新华联广场 , 大亚湾中心区",3室2厅,88.61平米,北,简装,32层 ,,板塔结合,50 万,5643 元,5,,,VR看装修 | 房本满五年 | 随时看房,https://hui.lianjia.com/ershoufang/105116105001.html
全新未住，业主诚意出售，南北向看花园，中间楼层,"龙湖天宸原著花园 , 河南岸",4室2厅,138.01平米,南,精装,中楼层(共33层) ,,塔楼,209 万,15144 元,1,,,VR看装修 | 随时看房,https://hui.lianjia.com/ershoufang/105118908790.html
过渡 入手 经济实惠 光线良好,"湖溪新苑 , 水口",3室2厅,90.94平米,东北,简装,高楼层(共8层) ,,板塔结合,27 万,2969 元,0,,,VR看装修 | 房本满五年,https://hui.lianjia.com/ershoufang/105119578520.html
精装修南北通透大4房2卫看一线江景无遮挡海伦湾,"海伦堡海伦湾 , 东平",4室2厅,131.92平米,南 北,精装,中楼层(共32层) ,,板塔结合,138 万,10461 元,0,,,VR看装修 | 房本满五年 | 随时看房,https://hui.lianjia.com/ershoufang/105120053667.html
一线临深金辉优步学府精装修3业主诚心急售,"金辉优步学府 , 白云新城",3室2厅,94.67平米,南,,32层 ,,板塔结合,59 万,6233 元,0,,,VR看装修 | 房本满两年 | 随时看房,https://hui.lianjia.com/ershoufang/105122013842.html
好宜多旁万科文瀚花园精装修三房朝南有钥匙随时看房,"万科中天宏远文瀚花园 , 区政府",3室2厅,91.74平米,南,精装,高楼层(共33层) ,,,92 万,10029 元,1,,,VR看装修 | 随时看房,https://hui.lianjia.com/ershoufang/105122190856.html
马路对  面就是西湖  实用2房 总价低 保养好,"下角东路16号 , 下角",2室2厅,66.37平米,东,简装,中楼层(共9层) ,,板楼,26.8 万,4038 元,1,,,VR看装修 | 房本满五年 | 随时看房,https://hui.lianjia.com/ershoufang/105120683443.html
隆生仲恺花园新社区视野开阔四房,"隆生仲恺花园2区 , 陈江",4室2厅,123平米,南,毛坯,中楼层(共32层) ,,,82 万,6667 元,0,,,VR看装修 | 房本满两年 | 随时看房,https://hui.lianjia.com/ershoufang/105121445049.html
百万大盘 星河物业 户型方正 拎包入住,"星河丹堤E区 , 南站新城",2室1厅,75平米,南,精装,30层 ,,,59.8 万,7974 元,7,,,VR看装修 | 房本满五年 | 随时看房,https://hui.lianjia.com/ershoufang/105118024694.html
五矿二期，一线湖景，户型方正，业主诚心出售,"五矿哈施塔特 , 博罗中心区",4室2厅,110.3平米,南,毛坯,高楼层(共33层) ,,塔楼,45 万,4080 元,1,,,VR看装修 | 房本满两年 | 随时看房,https://hui.lianjia.com/ershoufang/105120188170.html
万达精装复式，视野开阔，出行方便，急售,"永昶公寓 , 万达",3室2厅,56.71平米,东南,简装,12层 ,,板塔结合,25 万,4409 元,12,,,VR房源 | 房本满五年 | 随时看房,https://hui.lianjia.com/ershoufang/105117342156.html
玖悦府带车位精装修三房，安静采光通风很好,"玖悦府 , 麦地",3室2厅,94.88平米,南,精装,低楼层(共26层) ,,板塔结合,83 万,8748 元,0,,,VR看装修 | 随时看房,https://hui.lianjia.com/ershoufang/105116992218.html
小区教育，交通，休闲，购物银行配套设施完善便利,"保华铂郡 , 河南岸",4室2厅,140.34平米,南 北,毛坯,30层 ,,板塔结合,176 万,12541 元,0,,,VR房源 | 房本满两年 | 随时看房,https://hui.lianjia.com/ershoufang/105114890971.html
临深大品牌央企大花园，成熟社区生活配套完善,"金地天润自在城一期 , 西区新寮",3室1厅,83.37平米,西南,精装,33层 ,,塔楼,67 万,8037 元,2,,,VR看装修,https://hui.lianjia.com/ershoufang/105122068665.html
星河丹堤新中式园林 南北通透 中高楼 看水库美景,"星河丹堤G4区 , 南站新城",4室2厅,124.48平米,南 北,毛坯,33层 ,,板塔结合,138 万,11087 元,0,,,VR看装修 | 房本满两年 | 随时看房,https://hui.lianjia.com/ershoufang/105116289042.html
此房朝南无遮挡，中间楼层中间位置。业主诚心,"深荟城一期 , 白云新城",3室2厅,91.75平米,南,精装,32层 ,,板塔结合,77.8 万,8480 元,0,,8天以前发布,VR房源 | 随时看房,https://hui.lianjia.com/ershoufang/105122479577.html
仲恺政务中芯，精装修三房，拎包入住,"万燊花苑 , 惠环",3室2厅,84.12平米,南 北,,中楼层(共31层) ,,板塔结合,56 万,6658 元,0,,18天以前发布,VR房源 | 房本满五年,https://hui.lianjia.com/ershoufang/105122373972.html
华廷悦府成熟配套，精装修，朝南四房高楼层视野开阔,"华廷悦府 , 陈江",4室2厅,108.71平米,南,精装,高楼层(共31层) ,,塔楼,96 万,8831 元,0,,,VR看装修 | 房本满两年 | 随时看房,https://hui.lianjia.com/ershoufang/105119933271.html
花园小区，  楼间 距 视野好,"碧桂园天骄公馆 , 马安",3室2厅,94.92平米,南,精装,高楼层(共34层) ,,塔楼,71 万,7480 元,0,,,VR看装修,https://hui.lianjia.com/ershoufang/105116607402.html
万达近，通勤方便，户型好 户型方正，朝南的,"正兆千树晴山 , 西区新寮",3室2厅,96.76平米,东南,毛坯,30层 ,,板塔结合,53 万,5478 元,1,,,VR看装修 | 房本满五年 | 随时看房,https://hui.lianjia.com/ershoufang/105112682387.html
此房户型方正，楼层好，小区楼龄新，小区规模大,"德润天峰 , 潼侨沥林",2室1厅,79.92平米,南,毛坯,18层 ,,板塔结合,40 万,5006 元,0,,,VR房源 | 房本满五年 | 随时看房,https://hui.lianjia.com/ershoufang/105116311917.html
碧桂园珑誉 四房横厅户型 看湖景花园视野好,"碧桂园珑誉花园 , 水口",4室1厅,116.06平米,南,精装,高楼层(共33层) ,,塔楼,84 万,7238 元,0,,,VR看装修 | 房本满两年 | 随时看房,https://hui.lianjia.com/ershoufang/105121628371.html
精装四房 高楼层 视野采光棒 拎包入住！,"天源花园 , 大亚湾中心区",4室2厅,100.64平米,南 北,精装,33层 ,,板塔结合,48 万,4770 元,0,,14天以前发布,VR房源 | 房本满五年,https://hui.lianjia.com/ershoufang/105122415452.html
户型方正，视野光线都好，成熟小区生活便利,"花样年·康城四季御峰 , 惠环",3室2厅,84.74平米,南,毛坯,32层 ,,板塔结合,51 万,6019 元,1,,,VR看装修 | 房本满两年 | 随时看房,https://hui.lianjia.com/ershoufang/105113657256.html
精装3房，朝南户型，中间楼层，安静位置，满五年,"金碧蓝湾一期 , 开城大润发",3室2厅,82.5平米,南,简装,29层 ,,板楼,55 万,6667 元,0,,,VR看装修 | 房本满五年 | 随时看房,https://hui.lianjia.com/ershoufang/105120921802.html
海立方急售，带装修，户型方正，不欠款,"中御海立方 , 吾悦广场",4室2厅,72.89平米,南,简装,34层 ,,板塔结合,35 万,4802 元,1,,,VR房源 | 房本满五年 | 随时看房,https://hui.lianjia.com/ershoufang/105121782487.html
现代风设计大三房带车位无欠款 临深,"深荟城一期 , 白云新城",3室2厅,92.45平米,南,精装,33层 ,,板塔结合,79 万,8546 元,0,,6天以前发布,VR房源 | 房本满五年 | 随时看房,https://hui.lianjia.com/ershoufang/105122504019.html
御景花园3房2厅 精装修，看房有钥匙，带个小露台，,"御景花园南区 , 下角",3室2厅,86.89平米,西北,精装,24层 ,,板塔结合,72 万,8287 元,0,,,VR房源 | 房本满五年 | 随时看房,https://hui.lianjia.com/ershoufang/105120962268.html
惠阳站，一房一厅，近天虹大润发,"百润基银座 , 开城大润发",1室1厅,46.93平米,东北,简装,20层 ,,板楼,15.5 万,3303 元,2,,,VR房源 | 房本满五年,https://hui.lianjia.com/ershoufang/105120479881.html
户型好，采光好，全新未入住过，红本在手...........,"群峰花园 , 南站新城",3室2厅,94.59平米,南,,中楼层(共33层) ,,塔楼,42 万,4441 元,5,,,VR看装修 | 房本满两年 | 随时看房,https://hui.lianjia.com/ershoufang/105119021222.html
金迪星苑中装2房出售 低楼层安静不吵 可拎包入住,"金迪星苑 , 龙丰",2室1厅,52.8平米,东南,精装,8层 ,,板楼,27.8 万,5266 元,0,,,VR看装修 | 随时看房,https://hui.lianjia.com/ershoufang/105121732376.html
中间楼层，视野开阔，看花园，业主诚意急卖，方便看房,"星河丹堤G区 , 南站新城",3室2厅,98.06平米,南,毛坯,34层 ,,塔楼,90 万,9179 元,0,,,VR房源 | 房本满五年 | 随时看房,https://hui.lianjia.com/ershoufang/105122218947.html
太东天地花园 4室2厅 南,"太东天地花园 , 大亚湾中心区",4室2厅,109.09平米,南,毛坯,33层 ,,板塔结合,48.6 万,4456 元,1,,,VR看装修 | 房本满两年 | 随时看房,https://hui.lianjia.com/ershoufang/105122060823.html
丰湖村3房2厅  简装 中间楼层 价格实惠,"丰湖村 , 下埔",3室2厅,115.77平米,南 北,简装,中楼层(共8层) ,,塔楼,31 万,2678 元,2,,,VR看装修 | 房本满两年 | 随时看房,https://hui.lianjia.com/ershoufang/105121378582.html
东江新城 水岸城四期 装修3房 满五唯一 配套齐全,"中信水岸城四期 , 东江新城",3室2厅,87平米,南,精装,低楼层(共30层) ,,板楼,76.8 万,8828 元,0,,,VR看装修 | 房本满五年 | 随时看房,https://hui.lianjia.com/ershoufang/105120579406.html
红本房，交易快捷，东南朝向，楼层高，阳台看湖景,"泰丰牧马湖 , 万达",3室2厅,89.99平米,南 东,毛坯,33层 ,,板楼,67 万,7446 元,3,,,VR看装修 | 房本满两年 | 随时看房,https://hui.lianjia.com/ershoufang/105115675240.html
侨城水岸 大社区 140平大4房 双阳台,"侨城水岸 , 惠东县城",4室2厅,140.22平米,东南,毛坯,高楼层(共24层) ,,板塔结合,133.5 万,9521 元,0,,,VR看装修 | 房本满五年 | 随时看房,https://hui.lianjia.com/ershoufang/105119849670.html
合生大社区 精装四房 中间楼层 南向看花园,"合生·上观国际 , 水口",4室2厅,159.89平米,南,精装,中楼层(共29层) ,,塔楼,120 万,7506 元,0,,,VR看装修 | 房本满五年,https://hui.lianjia.com/ershoufang/105121469309.html
大社区成熟片区，绿化环境空气好生活便利，鹿江花园,"合生·上观国际 , 水口",3室2厅,92平米,南 北,精装,中楼层(共18层) ,,塔楼,78 万,8479 元,0,,,VR看装修 | 随时看房,https://hui.lianjia.com/ershoufang/105121735972.html
惠州南站满五年星河丹堤物业成熟社区山景洋房学府相伴,"星河丹堤E区 , 南站新城",3室2厅,92.64平米,南 北,毛坯,32层 ,,,78 万,8420 元,40,,,VR看装修 | 房本满五年 | 随时看房,https://hui.lianjia.com/ershoufang/105106906261.html
想要一线海景又要价格实惠的来看房，楼下海边绿道,"合生海角一号 , 十里银滩",1室1厅,41平米,南,精装,19层 ,,板塔结合,12.8 万,3122 元,2,,,VR看装修 | 房本满五年 | 随时看房,https://hui.lianjia.com/ershoufang/105121980289.html
水岸城二三期88平3房，户型方正可看江景,"中信水岸城二三期 , 东江新城",3室2厅,88平米,东南,简装,25层 ,,板楼,78 万,8864 元,0,,,VR看装修 | 随时看房,https://hui.lianjia.com/ershoufang/105122235402.html
间层通风采光好，业主诚心出售卖，,"悦玺公馆 , 澳头",4室2厅,118.42平米,东南,,33层 ,,板塔结合,50 万,4223 元,0,,,VR看装修 | 随时看房,https://hui.lianjia.com/ershoufang/105119580171.html
东山森林公园旁边 四季嘉园，架空式园林,"华泓四季嘉园 , 博罗中心区",1室2厅,55平米,南 西南,精装,28层 ,,板塔结合,23 万,4182 元,0,,,VR房源 | 随时看房,https://hui.lianjia.com/ershoufang/105122170292.html
次新鹿江风华带露台  湿地公园鹿江旁 四房大客厅,"新城鹿江风华 , 水口",4室2厅,122平米,南 北,毛坯,低楼层(共33层) ,,板塔结合,108 万,8853 元,0,,,VR看装修 | 随时看房,https://hui.lianjia.com/ershoufang/105117219397.html
临深精装4房看河景花园2022年的新小区,"曦悦湾畔花园 , 西区新寮",4室2厅,98.28平米,西南,精装,33层 ,,板塔结合,75 万,7632 元,3,,,VR看装修 | 房本满两年 | 随时看房,https://hui.lianjia.com/ershoufang/105120246036.html
临深片区，保利阳光城精装修三房 拎包入住,"保利阳光城 , 白云新城",3室2厅,80.06平米,北,精装,33层 ,,板塔结合,56 万,6995 元,0,,,VR看装修 | 房本满五年 | 随时看房,https://hui.lianjia.com/ershoufang/105121190382.html
楼层漂亮 二期带地下室 采光好 钥匙在公司 随时可以看,"富川瑞园 , 惠环",4室2厅,122.79平米,南,精装,高楼层(共32层) ,,板塔结合,74 万,6027 元,0,,,VR看装修 | 房本满五年 | 随时看房,https://hui.lianjia.com/ershoufang/105121179147.html
业主急售，红本在手，随时可以看房,"口岸外商公寓 , 惠环",1室1厅,58.58平米,南,简装,9层 ,,板塔结合,13 万,2220 元,0,,,VR看装修 | 房本满五年 | 随时看房,https://hui.lianjia.com/ershoufang/105121593382.html
满五唯一无个税 红本在手无欠款 南北通透得房率高,"锦绣学府 , 澳头",4室2厅,107.76平米,东南 北,毛坯,30层 ,,板塔结合,66 万,6125 元,0,,,VR看装修 | 房本满五年 | 随时看房,https://hui.lianjia.com/ershoufang/105115618783.html
复式上下楼层 使用率高 业主诚心出售,"富川瑞园 , 惠环",2室2厅,46.24平米,南,毛坯,高楼层(共20层) ,,板塔结合,23 万,4975 元,0,,,VR看装修 | 房本满两年 | 随时看房,https://hui.lianjia.com/ershoufang/105122104157.html
海伦堡南北通透看花园 视野开阔 户型方正 生活便利,"海伦堡爱Me城市 , 澳头",3室2厅,102.77平米,南 北,毛坯,32层 ,,板塔结合,45 万,4379 元,4,,,VR看装修 | 房本满两年 | 随时看房,https://hui.lianjia.com/ershoufang/105112297396.html
中楼层，精装，保养很好，拎包入住，视野开阔,"星河丹堤F区 , 南站新城",3室2厅,90.91平米,东北,精装,34层 ,,板塔结合,83 万,9130 元,4,,,VR看装修 | 随时看房,https://hui.lianjia.com/ershoufang/105117206462.html
水岸城六期自住精装三房两厅一卫看花园拎包入住,"中信水岸城六期 , 东江新城",3室2厅,87.07平米,东南,精装,中楼层(共32层) ,,板楼,99 万,11371 元,1,,,VR看装修 | 房本满五年 | 随时看房,https://hui.lianjia.com/ershoufang/105121327262.html
隆生一期南北通双阳台大4房，好楼层无欠款，业主诚心,"隆生仲恺花园 , 陈江",4室2厅,127.82平米,南 北,,31层 ,,塔楼,93 万,7276 元,1,,,VR看装修 | 房本满两年 | 随时看房,https://hui.lianjia.com/ershoufang/105120813695.html
"户型方正视野开阔配套完善,诚意出售","金地天润自在城一期 , 西区新寮",4室2厅,100.12平米,南,精装,33层 ,,板塔结合,88.88 万,8878 元,0,,,VR看装修 | 房本满两年 | 随时看房,https://hui.lianjia.com/ershoufang/105121790537.html
方直城市时代2房，业主急售，随时可以看房,"城市时代 , 河南岸",2室2厅,76.77平米,西,精装,中楼层(共22层) ,,板塔结合,68 万,8858 元,0,,23天以前发布,VR房源 | 房本满五年 | 随时看房,https://hui.lianjia.com/ershoufang/105122326840.html
澳头菁华园沃尔玛门口3房朝南精装修,"菁华园 , 澳头",3室2厅,107.09平米,南,精装,中楼层(共20层) ,,板塔结合,55 万,5136 元,0,,17天以前发布,VR房源 | 随时看房,https://hui.lianjia.com/ershoufang/105122378469.html
华冠花园 2室2厅 北,"华冠花园 , 大亚湾中心区",2室2厅,42.76平米,北,精装,26层 ,,板塔结合,25 万,5847 元,0,,,VR看装修,https://hui.lianjia.com/ershoufang/105118731157.html
大湖溪山水龙城 南北通三房两卫 户型使用率高 有钥匙,"宝安山水龙城 , 水口",3室2厅,87.07平米,西北,毛坯,高楼层(共27层) ,,塔楼,60 万,6892 元,1,,,VR看装修 | 房本满五年 | 随时看房,https://hui.lianjia.com/ershoufang/105121860121.html
高榜山庄-高榜山下红花湖旁闹中取静宜居社区,"高榜山庄 , 龙丰",4室2厅,189.73平米,南 北,毛坯,高楼层(共9层) ,,,160 万,8434 元,0,,,VR看装修 | 房本满五年 | 随时看房,https://hui.lianjia.com/ershoufang/105120332283.html
雍景湾 南北通透4房 高楼层 视野好 无遮挡,"中骏雍景湾南区 , 河南岸",4室2厅,116.74平米,南 北,毛坯,高楼层(共30层) ,,板塔结合,119.8 万,10263 元,1,,,VR看装修 | 房本满两年 | 随时看房,https://hui.lianjia.com/ershoufang/105114808975.html
双城峰景精 装3房2卫 楼下商 业体 生活方便,"双城峰景 , 博罗石湾",3室2厅,96平米,南,精装,27层 ,,板塔结合,72 万,7500 元,0,,,VR看装修 | 随时看房,https://hui.lianjia.com/ershoufang/105121685821.html
益田万达双商圈，二房两厅采光好1,"东部阳光花园 , 万达",2室2厅,81.08平米,东南 南,精装,31层 ,,板塔结合,51 万,6291 元,0,,,VR看装修 | 房本满五年 | 随时看房,https://hui.lianjia.com/ershoufang/105120904000.html
儿童公园旁，精装3房 视野开阔 采光好，业主急售,"恒大悦龙台 , 万达",3室1厅,85.92平米,南,精装,32层 ,,板塔结合,63 万,7333 元,0,,,VR房源 | 房本满五年 | 随时看房,https://hui.lianjia.com/ershoufang/105121989876.html
金田花园 3室2厅 南,"金田花园 , 博罗中心区",3室2厅,117平米,南,简装,6层 ,,板塔结合,25 万,2137 元,1,,,VR看装修 | 房本满五年,https://hui.lianjia.com/ershoufang/105121016576.html
户型方正，标准4房，南北通可看江景，西南朝向看花园,"德威江誉城1期 , 马安",4室2厅,123.7平米,西南,毛坯,中楼层(共32层) ,,塔楼,106 万,8570 元,0,,,VR看装修 | 随时看房,https://hui.lianjia.com/ershoufang/105116768284.html
隆生文岭西堤品质高 毛坯 次新房 配套成熟,"文岭西堤 , 东江新城",4室2厅,126.21平米,南,毛坯,低楼层(共31层) ,,板塔结合,145 万,11489 元,1,,,VR看装修 | 房本满五年 | 随时看房,https://hui.lianjia.com/ershoufang/105114294263.html
南向看小区3房 视野开阔生活方便,"金榜山 , 龙丰",3室1厅,99平米,东,精装,中楼层(共27层) ,,板塔结合,95 万,9596 元,0,,,VR看装修 | 房本满五年,https://hui.lianjia.com/ershoufang/105121093684.html
二期 精装修 楼层漂亮 保养的很新,"富川瑞园 , 惠环",4室2厅,92.28平米,南 北,,中楼层(共18层) ,,板塔结合,55 万,5961 元,0,,25天以前发布,VR看装修 | 房本满五年 | 随时看房,https://hui.lianjia.com/ershoufang/105122312947.html
精装修南北通透四房，户型好，小区环境优美,"德威花园城 , 秋长",4室2厅,119.57平米,南 北,精装,低楼层(共29层) ,,板楼,69.6 万,5821 元,1,,,VR看装修 | 房本满五年 | 随时看房,https://hui.lianjia.com/ershoufang/105122120754.html
格林童话125平4房，毛坯，随时看房,"格林童话世界三期 , 潼侨沥林",3室1厅,124.77平米,东南,毛坯,低楼层(共11层) ,,板楼,52.8 万,4232 元,0,,,VR看装修 | 房本满五年 | 随时看房,https://hui.lianjia.com/ershoufang/105122188686.html
精装四房、朝南看花园、中间楼层采光好,"丽景湾上 , 东江新城",4室2厅,122.2平米,南,精装,32层 ,,板塔结合,119.8 万,9804 元,0,,,VR房源 | 房本满五年,https://hui.lianjia.com/ershoufang/105121389488.html
一线江景.中间楼层.视野无遮挡.,"合生·上观国际 , 水口",3室2厅,92平米,南,毛坯,中楼层(共32层) ,,塔楼,77 万,8370 元,0,,,VR看装修 | 房本满五年 | 随时看房,https://hui.lianjia.com/ershoufang/105117751040.html
水岸城三房改四房精装修空房随时可看,"中信水岸城二三期 , 东江新城",5室2厅,165.68平米,南,毛坯,32层 ,,板楼,149.8 万,9042 元,0,,,VR看装修 | 随时看房,https://hui.lianjia.com/ershoufang/105121582145.html
家华名都花园 4室2厅 南,"家华名都花园 , 陈江",4室2厅,155平米,南,精装,24层 ,,塔楼,95 万,6130 元,0,,,VR房源 | 房本满两年,https://hui.lianjia.com/ershoufang/105122055960.html
中信水岸城一期 3室1厅 南,"中信水岸城一期 , 东江新城",3室1厅,84平米,南,精装,18层 ,,板塔结合,130 万,15477 元,0,,,VR房源,https://hui.lianjia.com/ershoufang/105121793997.html
荷兰小城四房两厅两卫，业主诚意出售,"光耀荷兰小城 , 陈江",4室2厅,101平米,南,毛坯,33层 ,,板塔结合,55 万,5446 元,1,,,VR看装修 | 随时看房,https://hui.lianjia.com/ershoufang/105121381494.html
惠城区江北 精装大三房出售 采光好 户型方正,"邮电新村 , 江北",3室2厅,100平米,南,简装,高楼层(共8层) ,,板楼,65 万,6500 元,0,,,VR看装修,https://hui.lianjia.com/ershoufang/105121868065.html
惠州江北好地段，住宅性质70年产权！好出租！,"瑞嘉大厦 , 江北",1室1厅,42平米,西南,精装,26层 ,,板楼,29.6 万,7048 元,0,,,VR看装修 | 随时看房,https://hui.lianjia.com/ershoufang/105121108668.html
楼层位置很好，户型方正，业主急售,"经达御金湾 , 江北",4室2厅,118.94平米,南 北,毛坯,31层 ,,板塔结合,80 万,6727 元,0,,,VR看装修 | 房本满两年 | 随时看房,https://hui.lianjia.com/ershoufang/105121298713.html
禧临门，大社区，朝南3+1，拎包入住,"禧临门 , 博罗中心区",3室2厅,120平米,南,毛坯,低楼层(共30层) ,,板塔结合,70.8 万,5900 元,0,,,VR看装修 | 随时看房,https://hui.lianjia.com/ershoufang/105118485523.html
德威江誉城二期大社区精致一房一厅,"德威江誉城Ⅱ期 , 马安",1室1厅,42.7平米,北,精装,19层 ,,板塔结合,29 万,6792 元,2,,,VR房源 | 随时看房,https://hui.lianjia.com/ershoufang/105120770408.html
国鹏4房中间好楼层、户型方正、视野开阔、位置好,"国鹏润德学府 , 惠环",4室2厅,101.27平米,南 北,毛坯,中楼层(共29层) ,,板塔结合,65.5 万,6468 元,0,,,VR看装修 | 随时看房,https://hui.lianjia.com/ershoufang/105119588419.html
次新小区，朝南小三房，业主诚心出售,"摩卡公馆 , 比亚迪商圈",3室2厅,88.57平米,东,,17层 ,,板塔结合,48 万,5420 元,0,,,VR看装修 | 房本满五年 | 随时看房,https://hui.lianjia.com/ershoufang/105120466566.html
第九旁大4房 业主诚意急售 看上价格好谈 户型靓,"福晟钱隆樽品花园 , 陈江",4室2厅,116.89平米,南 北,毛坯,31层 ,,板塔结合,76 万,6502 元,0,,22天以前发布,VR房源 | 房本满两年 | 随时看房,https://hui.lianjia.com/ershoufang/105122334720.html
一线临深品质小区 精装三房 南向看花园,"丰谷天玺 , 龙光城",3室2厅,85.4平米,东南,精装,29层 ,,塔楼,69 万,8080 元,0,,18天以前发布,VR看装修 | 房本满两年,https://hui.lianjia.com/ershoufang/105122370489.html
西湖边上 后所街新苑 电梯三居室 精装修保养好~心动价,"后所街新苑 , 下埔",3室2厅,89.15平米,南,精装,10层 ,,板楼,56 万,6282 元,2,,,VR看装修 | 房本满五年,https://hui.lianjia.com/ershoufang/105120950284.html
楼栋好 ，好楼层，业主诚心出售，户型方正,"荣佳国韵二期 , 龙光城",3室2厅,125平米,南,简装,30层 ,,板楼,83 万,6640 元,0,,,VR看装修 | 随时看房,https://hui.lianjia.com/ershoufang/105121744845.html
业主诚心出售，看房方便，交易简单。。。,"听涛雅苑 , 大亚湾中心区",2室2厅,39.05平米,北,毛坯,7层 ,,板塔结合,16 万,4098 元,2,,,VR房源 | 房本满五年 | 随时看房,https://hui.lianjia.com/ershoufang/105121971550.html
吾悦广场旁边凯悦春天小区中间楼层三房两卫、诚心出售,"锦阳凯悦春天 , 吾悦广场",3室2厅,92.29平米,南,毛坯,29层 ,,板塔结合,48 万,5201 元,0,,,VR看装修 | 房本满五年 | 随时看房,https://hui.lianjia.com/ershoufang/105121560924.html
近灿邦  大社区  精装修  户型方正  正南朝向,"碧桂园太东公园上城 , 吾悦广场",3室2厅,110.78平米,南,精装,33层 ,,板塔结合,80 万,7222 元,1,,,VR看装修 | 房本满两年 | 随时看房,https://hui.lianjia.com/ershoufang/105112937202.html
主急售，户型方正，看房方便价位低,"美悦湾 , 大亚湾中心区",2室2厅,67.92平米,南,毛坯,中楼层(共32层) ,,板楼,26 万,3829 元,3,,30天以前发布,VR看装修 | 房本满两年 | 随时看房,https://hui.lianjia.com/ershoufang/105122263591.html
临深万达商圈 小区新 环境好 户型方正 三房双卫 朝南,"珑廷广场 , 万达",3室2厅,102.72平米,南,精装,32层 ,,塔楼,88 万,8567 元,0,,,VR看装修 | 房本满两年 | 随时看房,https://hui.lianjia.com/ershoufang/105122112098.html
门口双地铁公交线路+双商场+税费低+近万达寻找有缘人,"中铭君豪公寓 , 万达",2室2厅,67.15平米,南,简装,16层 ,,板塔结合,20 万,2979 元,3,,,VR看装修 | 房本满五年 | 随时看房,https://hui.lianjia.com/ershoufang/105120955229.html
惠阳站旁花园社区，山景两房，感受亲近自然的空气,"惠阳雅居乐花园一期 , 南站新城",2室2厅,77.29平米,东,毛坯,24层 ,,板塔结合,28.3 万,3662 元,1,,,VR看装修 | 房本满五年 | 随时看房,https://hui.lianjia.com/ershoufang/105115215472.html
临深央企保利阳光城93平精装四房,"保利阳光城二期 , 白云新城",4室2厅,92.57平米,北,精装,32层 ,,板塔结合,66.8 万,7217 元,0,,,VR看装修 | 房本满五年 | 随时看房,https://hui.lianjia.com/ershoufang/105121747632.html
鑫月御景湾精装三房 户型方正 中间楼层 采光视野好,"鑫月御景湾 , 陈江",3室2厅,86平米,东南 南,,32层 ,,塔楼,53 万,6163 元,1,,,VR看装修 | 随时看房,https://hui.lianjia.com/ershoufang/105118352484.html
合生大社区三房，视野开阔，采光好,"合生·上观国际 , 水口",3室2厅,92.04平米,西南,精装,低楼层(共32层) ,,板楼,83 万,9018 元,1,,,VR看装修 | 房本满两年 | 随时看房,https://hui.lianjia.com/ershoufang/105121951824.html
海伦堡项目房子格局好 南北通 高楼层景观好 看房方便,"海伦堡爱Me城市 , 澳头",4室2厅,124.99平米,南,毛坯,32层 ,,板塔结合,78 万,6241 元,0,,,VR看装修 | 房本满五年 | 随时看房,https://hui.lianjia.com/ershoufang/105112715863.html
隆生大社区 近天益城 朝南向 千米楼间距 视野开阔,"隆生仲恺花园3区 , 陈江",3室2厅,110.47平米,南,毛坯,中楼层(共33层) ,,塔楼,73 万,6609 元,0,,,VR看装修 | 房本满两年 | 随时看房,https://hui.lianjia.com/ershoufang/105120457163.html
全新精装修三房，带家私电器出售，高层采光通风无暗房,"新力城二期 , 水口",3室2厅,89.88平米,南,精装,高楼层(共31层) ,,板楼,66.6 万,7410 元,0,,,VR看装修 | 房本满五年 | 随时看房,https://hui.lianjia.com/ershoufang/105119905264.html
碧桂园山河城 3室2厅 北,"碧桂园山河城 , 三和经济开发区",3室2厅,92.32平米,北,精装,18层 ,,板塔结合,32.8 万,3553 元,0,,18天以前发布,VR看装修 | 随时看房,https://hui.lianjia.com/ershoufang/105122368563.html
鑫月城三房大社区自带游泳池轻轨物业,"鑫月御景湾 , 陈江",3室2厅,86.72平米,南,精装,32层 ,,塔楼,49 万,5651 元,0,,,VR看装修 | 房本满五年 | 随时看房,https://hui.lianjia.com/ershoufang/105118809325.html
三远大爱城精装，宽敞明亮，户型方正，适合居家,"三远大爱城 , 吾悦广场",3室2厅,88.67平米,南,精装,32层 ,,板塔结合,57 万,6429 元,9,,,VR房源 | 房本满五年 | 随时看房,https://hui.lianjia.com/ershoufang/105112846937.html
满五唯一采光好户型好业主诚意出售,"海伦堡爱Me城市 , 澳头",3室2厅,109.5平米,南 北,毛坯,32层 ,,板塔结合,59 万,5389 元,0,,,VR看装修 | 房本满五年 | 随时看房,https://hui.lianjia.com/ershoufang/105120190091.html
采光通风效果好，业主诚意出售，小区舒服..........,"惠州星河盛世 , 白云新城",4室2厅,115.11平米,东南 南,毛坯,33层 ,,板塔结合,78 万,6777 元,1,,,VR看装修 | 房本满两年 | 随时看房,https://hui.lianjia.com/ershoufang/105112985871.html
华基江山业主急售价格看上可聊户型方正生活方便,"华基江山 , 博罗中心区",3室2厅,80平米,南,毛坯,低楼层(共28层) ,,板塔结合,30 万,3750 元,0,,,VR看装修 | 房本满五年 | 随时看房,https://hui.lianjia.com/ershoufang/105121193420.html
恒大紫荆学府棕榈岛 3室2厅 南,"恒大紫荆学府棕榈岛 , 白云新城",3室2厅,103平米,南,精装,中楼层(共32层) ,,板塔结合,75 万,7282 元,0,,,VR看装修 | 随时看房,https://hui.lianjia.com/ershoufang/105115250138.html
臻誉府旁、自住精装修，朝南的！采光良好,"鑫月御景湾 , 陈江",3室2厅,86.08平米,东南,精装,32层 ,,塔楼,50 万,5809 元,0,,,VR看装修 | 房本满五年,https://hui.lianjia.com/ershoufang/105121564214.html
临14号地铁沙田站 ，次新房户型方正， 业主诚心出售,"壹方天第 , 白云新城",3室2厅,112.48平米,西南,精装,34层 ,,板塔结合,73 万,6491 元,2,,,VR看装修 | 随时看房,https://hui.lianjia.com/ershoufang/105113461928.html
临深地铁口，大三房，户型方正，无个税，无增值税！,"锦地繁花骏园 , 西区新寮",3室2厅,98平米,南,毛坯,30层 ,,板塔结合,61 万,6225 元,0,,,VR房源 | 随时看房,https://hui.lianjia.com/ershoufang/105120618274.html
此房全新无住过人，产权无欠款，中楼层视野开阔,"小径海岸城花园 , 霞涌",2室2厅,69.89平米,南 北 东北,简装,33层 ,,板塔结合,28.5 万,4078 元,3,,,VR看装修 | 房本满五年 | 随时看房,https://hui.lianjia.com/ershoufang/105119134000.html
高层朝南精装修采光好，看房方便,"丽格国际公寓 , 江北",1室1厅,42.5平米,南,简装,30层 ,,塔楼,32 万,7530 元,0,,,VR房源 | 随时看房,https://hui.lianjia.com/ershoufang/105120552618.html
出门即是公园，一手业主居家好，大3居室拎包入住,"名苑山庄 , 区政府",3室1厅,137.59平米,南,简装,13层 ,,塔楼,75 万,5451 元,0,,,VR房源 | 房本满五年 | 随时看房,https://hui.lianjia.com/ershoufang/105121892187.html
装修大2房。随时看房，地铁口物业,"德洲城三、四期 , 西区新寮",2室2厅,81.13平米,南,毛坯,18层 ,,板塔结合,42.8 万,5276 元,4,,,VR看装修 | 房本满五年,https://hui.lianjia.com/ershoufang/105116368380.html
急卖，星河品牌，三房，好楼层，你意向不到的价格,"惠州星河盛世 , 白云新城",3室2厅,74.02平米,东南,毛坯,高楼层(共33层) ,,板塔结合,45 万,6080 元,0,,,VR看装修 | 房本满两年 | 随时看房,https://hui.lianjia.com/ershoufang/105116452393.html
近天虹大润发，方正两房，繁华地段，配套成熟,"中梁V城市 , 开城大润发",2室2厅,67.5平米,南,毛坯,33层 ,,板塔结合,35 万,5186 元,0,,,VR看装修 | 随时看房,https://hui.lianjia.com/ershoufang/105117662821.html
大阳台大客厅！3代同堂！全新未住，视野采光通风好,"太东红树湾悦府 , 大亚湾中心区",5室2厅,288.07平米,东南,,22层 ,,板塔结合,357 万,12393 元,0,,,VR房源 | 随时看房,https://hui.lianjia.com/ershoufang/105122062254.html
麦地 华洪新村电梯朝南2房 保养好,"华洪新村 , 麦地",2室1厅,81.46平米,南,精装,高楼层(共8层) ,,板塔结合,45.5 万,5586 元,0,,12天以前发布,VR房源 | 房本满五年,https://hui.lianjia.com/ershoufang/105122435418.html
步行到惠阳站，满五年，诚心出售，格局方正,"昶园 , 南站新城",4室2厅,129.49平米,南 北,毛坯,31层 ,,板塔结合,100 万,7723 元,1,,,VR看装修 | 房本满五年 | 随时看房,https://hui.lianjia.com/ershoufang/105121184421.html
精装修  拎包入住   业主诚心出售,"旺东国际广场 , 开城大润发",2室2厅,74.67平米,东,精装,30层 ,,塔楼,49 万,6563 元,1,,,VR看装修 | 房本满五年 | 随时看房,https://hui.lianjia.com/ershoufang/105118864388.html
金茂市场 买菜方便 看房提前联系 健康步梯 诚心出,"御景华城三期可园 , 陈江",2室2厅,64平米,南,简装,7层 ,,板塔结合,27.5 万,4297 元,4,,,VR看装修 | 随时看房,https://hui.lianjia.com/ershoufang/105121066781.html
一楼复式房，价格优惠，随时可以看房,"美林雅苑 , 澳头",2室2厅,30.32平米,东南,简装,9层 ,,板塔结合,17 万,5607 元,20,,,VR房源 | 房本满五年 | 随时看房,https://hui.lianjia.com/ershoufang/105113249819.html
业主急卖，价格可谈，户型方正，视野开阔,"新力珑湾 , 三和经济开发区",3室2厅,89.66平米,南 北,毛坯,高楼层(共34层) ,,塔楼,35 万,3904 元,1,,,VR看装修 | 房本满两年 | 随时看房,https://hui.lianjia.com/ershoufang/105113891498.html
此房户型方正中间楼层南北通视野开阔，带装修拎包入住,"蓝湾半岛(大亚湾区) , 澳头",3室1厅,92平米,南,精装,20层 ,,板塔结合,42 万,4566 元,0,,,VR看装修 | 房本满五年 | 随时看房,https://hui.lianjia.com/ershoufang/105120691538.html
东江新城五期 小两房 中间楼层，视野开阔,"佳兆业东江新城五期 , 博罗中心区",2室2厅,74平米,东南,,中楼层(共34层) ,,板塔结合,28 万,3784 元,0,,,VR看装修 | 随时看房,https://hui.lianjia.com/ershoufang/105121944128.html
地铁3公里 朝南 采光好 看别墅景观 全新入住,"龙光城南四期 , 龙光城",5室2厅,114.41平米,南,,34层 ,,板塔结合,120 万,10489 元,0,,,VR看装修 | 随时看房,https://hui.lianjia.com/ershoufang/105122129456.html
惠阳高铁站旁，星河丹堤百万大社区，交通便利配套齐全,"星河丹堤F区 , 南站新城",3室2厅,104.75平米,北,精装,34层 ,,板塔结合,108 万,10311 元,2,,18天以前发布,VR房源 | 随时看房,https://hui.lianjia.com/ershoufang/105122372898.html
南向看小区园林，小区入住率高，生活方便,"龙光玖龙山 , 三和经济开发区",3室2厅,89.44平米,南,,32层 ,,板塔结合,53.8 万,6016 元,0,,,VR看装修 | 房本满两年 | 随时看房,https://hui.lianjia.com/ershoufang/105121816371.html
原购价高无个税，正南朝向，中高楼层 业主诚心出售,"恒大依山海湾 , 澳头",3室2厅,99.05平米,南,毛坯,中楼层(共32层) ,,板塔结合,46.8 万,4725 元,0,,,VR看装修 | 房本满两年 | 随时看房,https://hui.lianjia.com/ershoufang/105114522643.html
新装修，看房钥匙，朝南，采光好，带阳台,"丽格国际公寓 , 江北",1室1厅,41.83平米,东南,精装,30层 ,,塔楼,40 万,9563 元,0,,,VR看装修 | 房本满五年,https://hui.lianjia.com/ershoufang/105121887021.html
鹏达御西湖，满五唯一，税费低，正南向,"御景花园北区 , 下角",3室1厅,116.92平米,东南,精装,低楼层(共27层) ,,板塔结合,93.8 万,8023 元,1,,,VR房源 | 房本满五年 | 随时看房,https://hui.lianjia.com/ershoufang/105120553919.html
朝南采光带全屋家电+红本在手无欠款+拎包入住,"TCL康城四季 , 惠环",3室2厅,97.5平米,南 北,精装,18层 ,,塔楼,63 万,6462 元,3,,,VR看装修 | 房本满两年 | 随时看房,https://hui.lianjia.com/ershoufang/105114466272.html
红花湖海伦时光带一个车位一起出售三房二厅二卫,"海伦时光 , 龙丰",3室2厅,99.48平米,西南,,低楼层(共33层) ,,,49 万,4926 元,2,,,VR看装修 | 房本满五年 | 随时看房,https://hui.lianjia.com/ershoufang/105118061300.html
惠州南站 大两房 配套成熟 业主诚心出售 看房方便,"瑞景居 , 南站新城",2室2厅,83平米,南,精装,高楼层(共12层) ,,板塔结合,46 万,5543 元,1,,,VR看装修 | 房本满五年 | 随时看房,https://hui.lianjia.com/ershoufang/105114974129.html
推荐：带30平米露台！ 成熟社区 出行方便！标准3房！,"东湖花园一区 , 东平",3室2厅,99.3平米,南,,低楼层(共8层) ,,板塔结合,48 万,4834 元,0,,,VR房源 | 房本满五年 | 随时看房,https://hui.lianjia.com/ershoufang/105120275455.html
高尔夫球场，绿化面积大，中间楼层，视野宽阔,"恒大棕榈岛 , 白云新城",3室2厅,94.64平米,东南,毛坯,29层 ,,板塔结合,49 万,5178 元,3,,,VR看装修 | 房本满五年 | 随时看房,https://hui.lianjia.com/ershoufang/105118580283.html
中天彩虹城南区 1室1厅 东,"中天彩虹城南区 , 开城大润发",1室1厅,30.47平米,东,精装,30层 ,,塔楼,12 万,3939 元,0,,,VR看装修 | 随时看房,https://hui.lianjia.com/ershoufang/105121750517.html
业主诚心出售，价格可以聊，看房方便,"嘉鸿新城博雅府 , 惠环",4室2厅,117.65平米,南 北,毛坯,24层 ,,,63 万,5355 元,1,,,VR房源 | 房本满两年 | 随时看房,https://hui.lianjia.com/ershoufang/105120079127.html
业主诚心出售，看房方便，交易简单。。。,"听涛雅苑 , 大亚湾中心区",2室2厅,39.05平米,北,毛坯,7层 ,,板塔结合,16 万,4098 元,2,,,VR房源 | 房本满五年 | 随时看房,https://hui.lianjia.com/ershoufang/105121971550.html
吾悦广场旁边凯悦春天小区中间楼层三房两卫、诚心出售,"锦阳凯悦春天 , 吾悦广场",3室2厅,92.29平米,南,毛坯,29层 ,,板塔结合,48 万,5201 元,0,,,VR看装修 | 房本满五年 | 随时看房,https://hui.lianjia.com/ershoufang/105121560924.html
临深万达商圈 小区新 环境好 户型方正 三房双卫 朝南,"珑廷广场 , 万达",3室2厅,102.72平米,南,精装,32层 ,,塔楼,88 万,8567 元,0,,,VR看装修 | 房本满两年 | 随时看房,https://hui.lianjia.com/ershoufang/105122112098.html
滨海公园旁次新小区，精装修朝南三房两卫,"当代上品湾花园 , 澳头",3室2厅,110.21平米,西 西北,精装,34层 ,,板塔结合,53.6 万,4864 元,1,,,VR看装修 | 房本满五年 | 随时看房,https://hui.lianjia.com/ershoufang/105120529758.html
楼栋好 ，好楼层，业主诚心出售，户型方正,"荣佳国韵二期 , 龙光城",3室2厅,125平米,南,简装,30层 ,,板楼,83 万,6640 元,0,,,VR看装修 | 随时看房,https://hui.lianjia.com/ershoufang/105121744845.html
近灿邦  大社区  精装修  户型方正  正南朝向,"碧桂园太东公园上城 , 吾悦广场",3室2厅,110.78平米,南,精装,33层 ,,板塔结合,80 万,7222 元,1,,,VR看装修 | 房本满两年 | 随时看房,https://hui.lianjia.com/ershoufang/105112937202.html
主急售，户型方正，看房方便价位低,"美悦湾 , 大亚湾中心区",2室2厅,67.92平米,南,毛坯,中楼层(共32层) ,,板楼,26 万,3829 元,3,,30天以前发布,VR看装修 | 房本满两年 | 随时看房,https://hui.lianjia.com/ershoufang/105122263591.html
门口双地铁公交线路+双商场+税费低+近万达寻找有缘人,"中铭君豪公寓 , 万达",2室2厅,67.15平米,南,简装,16层 ,,板塔结合,20 万,2979 元,3,,,VR看装修 | 房本满五年 | 随时看房,https://hui.lianjia.com/ershoufang/105120955229.html
业主急售、中高楼层、户型方正通透、看花园、园林优美,"太东星河丹堤天睿花园南区 , 吾悦广场",4室2厅,88.95平米,南,,34层 ,,板塔结合,66 万,7420 元,1,,,VR看装修 | 房本满五年 | 随时看房,https://hui.lianjia.com/ershoufang/105121389109.html
双城国际南区 朝南看花园 安静不吵 带南坛,"双城国际南区 , 江北",3室2厅,86平米,南,毛坯,中楼层(共18层) ,,塔楼,79.5 万,9245 元,0,,,VR看装修 | 随时看房,https://hui.lianjia.com/ershoufang/105118836156.html
一线临深白云新城南北通宇星水悦华府4房业主诚心急售,"宇星水悦华府 , 草洋新区",4室2厅,111.67平米,南 北,毛坯,31层 ,,板塔结合,73 万,6538 元,0,,,VR看装修 | 房本满两年 | 随时看房,https://hui.lianjia.com/ershoufang/105120650085.html
城市花园低楼层精装修三房 户型好朝南,"城市花園 , 江北",2室2厅,87.5平米,南,简装,低楼层(共7层) ,,板楼,79 万,9029 元,0,,,VR看装修 | 房本满五年 | 随时看房,https://hui.lianjia.com/ershoufang/105120802842.html
临深次新小区新力睿园方正三房格局好 双阳台,"新力睿园 , 白云新城",3室2厅,111.38平米,南,毛坯,中楼层(共32层) ,,板塔结合,68 万,6106 元,0,,,VR看装修 | 房本满两年 | 随时看房,https://hui.lianjia.com/ershoufang/105120412955.html
惠阳站 百万大盘星河物业 两梯三户 景观视野好,"星河丹堤E区 , 南站新城",3室2厅,108.57平米,南,毛坯,34层 ,,,90 万,8290 元,3,,,VR看装修 | 房本满两年 | 随时看房,https://hui.lianjia.com/ershoufang/105116180372.html
彩虹城北区  带装修 一室  天虹大润发,"中天彩虹城北区 , 开城大润发",1室1厅,30平米,东南,,30层 ,,塔楼,12.8 万,4267 元,0,,,VR看装修 | 房本满五年 | 随时看房,https://hui.lianjia.com/ershoufang/105120907318.html
东山森林公园旁边 四季嘉园，架空式园林,"华泓四季嘉园 , 博罗中心区",1室2厅,55平米,南 西南,精装,28层 ,,板塔结合,23 万,4182 元,0,,,VR房源 | 随时看房,https://hui.lianjia.com/ershoufang/105122170292.html
次新鹿江风华带露台  湿地公园鹿江旁 四房大客厅,"新城鹿江风华 , 水口",4室2厅,122平米,南 北,毛坯,低楼层(共33层) ,,板塔结合,108 万,8853 元,0,,,VR看装修 | 随时看房,https://hui.lianjia.com/ershoufang/105117219397.html
业主急售，红本在手，随时可以看房,"口岸外商公寓 , 惠环",1室1厅,58.58平米,南,简装,9层 ,,板塔结合,13 万,2220 元,0,,,VR看装修 | 房本满五年 | 随时看房,https://hui.lianjia.com/ershoufang/105121593382.html
惠州南站满五年星河丹堤物业成熟社区山景洋房学府相伴,"星河丹堤E区 , 南站新城",3室2厅,92.64平米,南 北,毛坯,32层 ,,,78 万,8420 元,40,,,VR看装修 | 房本满五年 | 随时看房,https://hui.lianjia.com/ershoufang/105106906261.html
想要一线海景又要价格实惠的来看房，楼下海边绿道,"合生海角一号 , 十里银滩",1室1厅,41平米,南,精装,19层 ,,板塔结合,12.8 万,3122 元,2,,,VR看装修 | 房本满五年 | 随时看房,https://hui.lianjia.com/ershoufang/105121980289.html
水岸城二三期88平3房，户型方正可看江景,"中信水岸城二三期 , 东江新城",3室2厅,88平米,东南,简装,25层 ,,板楼,78 万,8864 元,0,,,VR看装修 | 随时看房,https://hui.lianjia.com/ershoufang/105122235402.html
大亚湾，二房二厅，精装修，业主诚心卖,"当代上品湾花园 , 澳头",2室2厅,74平米,东南,精装,34层 ,,板塔结合,35 万,4730 元,0,,,VR看装修 | 房本满五年 | 随时看房,https://hui.lianjia.com/ershoufang/105121843686.html
楼层好，视野开阔，采光好，通风好，税费少,"卓越东部蔚蓝海岸三期 , 西区新寮",3室2厅,84.97平米,南,毛坯,33层 ,,板塔结合,54 万,6356 元,0,,,VR看装修 | 房本满五年 | 随时看房,https://hui.lianjia.com/ershoufang/105121081211.html
名流印象3房，使用率高，可拎包入住的装修，随时看房,"名流印象 , 河南岸",3室2厅,88平米,东北,精装,中楼层(共23层) ,,板塔结合,63.8 万,7250 元,0,,,VR看装修 | 随时看房,https://hui.lianjia.com/ershoufang/105122155893.html
满五唯一无个税 红本在手无欠款 南北通透得房率高,"锦绣学府 , 澳头",4室2厅,107.76平米,东南 北,毛坯,30层 ,,板塔结合,66 万,6125 元,0,,,VR看装修 | 房本满五年 | 随时看房,https://hui.lianjia.com/ershoufang/105115618783.html
秋谷林海 原价高  满五唯一无个税 四房 南北通透,"秋谷·林海 , 比亚迪商圈",4室2厅,87.19平米,南 北,精装,26层 ,,板塔结合,55 万,6309 元,1,,,VR看装修 | 房本满五年 | 随时看房,https://hui.lianjia.com/ershoufang/105121959258.html
房子旁边就是天虹还有大润发楼下的商铺也全部营业,"中梁V城市 , 开城大润发",2室2厅,57平米,南,,31层 ,,板塔结合,30 万,5264 元,3,,,VR房源 | 随时看房,https://hui.lianjia.com/ershoufang/105117133859.html
复式上下楼层 使用率高 业主诚心出售,"富川瑞园 , 惠环",2室2厅,46.24平米,南,毛坯,高楼层(共20层) ,,板塔结合,23 万,4975 元,0,,,VR看装修 | 房本满两年 | 随时看房,https://hui.lianjia.com/ershoufang/105122104157.html
万达商圈金龟山大峡谷一期业主诚意出售,"御玺山大峡谷一期 , 比亚迪商圈",2室1厅,75平米,南,,32层 ,,板塔结合,32.5 万,4334 元,0,,,VR看装修 | 随时看房,https://hui.lianjia.com/ershoufang/105121758256.html
龙光城南四期 装修三房 朝南看山景 满五唯一 配套齐全,"龙光城南四期 , 龙光城",3室2厅,89平米,东南,简装,34层 ,,板塔结合,77 万,8652 元,1,,,VR看装修 | 随时看房,https://hui.lianjia.com/ershoufang/105121793746.html
海伦堡南北通透看花园 视野开阔 户型方正 生活便利,"海伦堡爱Me城市 , 澳头",3室2厅,102.77平米,南 北,毛坯,32层 ,,板塔结合,45 万,4379 元,4,,,VR看装修 | 房本满两年 | 随时看房,https://hui.lianjia.com/ershoufang/105112297396.html
中楼层，精装，保养很好，拎包入住，视野开阔,"星河丹堤F区 , 南站新城",3室2厅,90.91平米,东北,精装,34层 ,,板塔结合,83 万,9130 元,4,,,VR看装修 | 随时看房,https://hui.lianjia.com/ershoufang/105117206462.html
龙丰城轨出口旁，金辉新苑大阳台两房,"金輝新苑 , 龙丰",2室2厅,90.63平米,东,简装,低楼层(共9层) ,,板塔结合,40 万,4414 元,0,,,VR房源 | 房本满两年 | 随时看房,https://hui.lianjia.com/ershoufang/105120919732.html
此房满五年，小区安静，看房方便，业主诚心出售。,"德丰·五月花花园 , 西区新寮",1室1厅,31.14平米,南,精装,8层 ,,板塔结合,21 万,6744 元,0,,,VR看装修,https://hui.lianjia.com/ershoufang/105121320942.html
乙府标准大3房，朝南安静，附带一个200平独立大露台,"隆生西江花园 , 东江新城",3室2厅,121.76平米,南,,低楼层(共28层) ,,塔楼,148 万,12156 元,0,,27天以前发布,VR房源 | 随时看房,https://hui.lianjia.com/ershoufang/105122298718.html
梵高的花园精装2房，南向看花园，楼层好，视野开阔,"梵高的花园 , 江北",2室1厅,85.14平米,南,,高楼层(共31层) ,,板塔结合,88 万,10336 元,0,,,VR房源 | 房本满两年,https://hui.lianjia.com/ershoufang/105121725366.html
德威江誉城二期大社区精致一房一厅,"德威江誉城Ⅱ期 , 马安",1室1厅,42.7平米,北,精装,19层 ,,板塔结合,29 万,6792 元,2,,,VR房源 | 随时看房,https://hui.lianjia.com/ershoufang/105120770408.html
户型方正采光通透明亮，好楼层，东南朝向,"牧云溪谷·和悦府 , 新圩",4室2厅,115.67平米,东南,毛坯,31层 ,,板塔结合,127 万,10980 元,1,,,VR看装修 | 随时看房,https://hui.lianjia.com/ershoufang/105122081659.html
山湖海上城4房2厅1卫    环境好  交通便利,"山湖海上城 , 惠东县城",4室2厅,116平米,南,精装,32层 ,,塔楼,52.8 万,4552 元,0,,,VR看装修 | 随时看房,https://hui.lianjia.com/ershoufang/105121846423.html
梵高的花园精装2房，南向看花园，现代风,"梵高的花园 , 江北",3室1厅,85.14平米,南,,高楼层(共31层) ,,板塔结合,88 万,10336 元,0,,,VR房源 | 房本满五年,https://hui.lianjia.com/ershoufang/105121725390.html
央企华润 品牌开发商，中间楼层采光视野好,"曦江润府 , 东江新城",3室2厅,96.72平米,南,毛坯,中楼层(共33层) ,,塔楼,99 万,10236 元,3,,,VR看装修 | 随时看房,https://hui.lianjia.com/ershoufang/105118533010.html
房子是复式的，上下两层，已经做好阁楼,"龙光城南一期 , 龙光城",7室2厅,123.5平米,南,,30层 ,,板塔结合,93.8 万,7596 元,0,,,VR房源 | 随时看房,https://hui.lianjia.com/ershoufang/105120089929.html
间层通风采光好，业主诚心出售卖，,"悦玺公馆 , 澳头",4室2厅,118.42平米,东南,,33层 ,,板塔结合,50 万,4223 元,0,,,VR看装修 | 随时看房,https://hui.lianjia.com/ershoufang/105119580171.html
合生大社区 精装四房 中间楼层 南向看花园,"合生·上观国际 , 水口",4室2厅,159.89平米,南,精装,中楼层(共29层) ,,塔楼,120 万,7506 元,0,,,VR看装修 | 房本满五年,https://hui.lianjia.com/ershoufang/105121469309.html
南贸花园 88平带装修三房 钥匙看房诚心出售,"南贸花园 , 水口",3室2厅,88平米,东南,,中楼层(共17层) ,,塔楼,69 万,7841 元,0,,,VR看装修 | 随时看房,https://hui.lianjia.com/ershoufang/105122150719.html
东南向 视野好 通风佳 采光好 租客好约看房随时,"伟豪领御世家 , 江北",4室2厅,100.97平米,东南,简装,中楼层(共32层) ,,板塔结合,95 万,9409 元,0,,,VR看装修 | 房本满五年 | 随时看房,https://hui.lianjia.com/ershoufang/105120756987.html
吾悦万达商圈，高铁站旁，生活配套齐全,"碧桂园太东公园上城 , 吾悦广场",3室2厅,110.54平米,南 北,精装,32层 ,,塔楼,108 万,9771 元,0,,,VR看装修 | 房本满五年 | 随时看房,https://hui.lianjia.com/ershoufang/105120513547.html
龙湖天宸原著花园 3室1厅 南,"龙湖天宸原著花园 , 河南岸",3室1厅,94.99平米,南,毛坯,低楼层(共33层) ,,塔楼,120 万,12633 元,0,,,VR房源 | 随时看房,https://hui.lianjia.com/ershoufang/105117282995.html
采光通风视野好 ， 配套设施齐全,"润合名居 , 西区新寮",4室2厅,109.83平米,南,毛坯,25层 ,,塔楼,69 万,6283 元,2,,,VR看装修 | 房本满五年 | 随时看房,https://hui.lianjia.com/ershoufang/105120692698.html
深圳创维惠州园区 高铁站 碧桂园科学城 精装三室二卫,"碧桂园云创家园 , 潼侨沥林",4室2厅,134.71平米,南 北,简装,中楼层(共34层) ,,,80 万,5939 元,0,,,VR看装修 | 房本满两年 | 随时看房,https://hui.lianjia.com/ershoufang/105119580009.html
临深大社区，配套完善，近沙田地铁站，诚心出售！,"锦地繁花 , 西区新寮",4室2厅,127平米,南 北,毛坯,25层 ,,板塔结合,74.5 万,5867 元,2,,,VR看装修 | 随时看房,https://hui.lianjia.com/ershoufang/105120835514.html
业主诚意卖精装五房，业主钥匙全权委托给我,"七里香堤花园 , 龙光城",4室2厅,113.94平米,西南,精装,33层 ,,板塔结合,78 万,6846 元,1,,,VR房源 | 随时看房,https://hui.lianjia.com/ershoufang/105120919810.html
一线临深，次新小区，好楼层好视野,"冠华城桂香园三期 , 西区新寮",3室2厅,84.32平米,南,毛坯,33层 ,,板塔结合,66 万,7828 元,0,,5天以前发布,VR房源 | 随时看房,https://hui.lianjia.com/ershoufang/105122514072.html
配套齐全，生活便利，首付月供无压力，好出租,"金茂精英现代城一期 , 陈江",2室2厅,64.95平米,南,简装,17层 ,,板塔结合,23 万,3542 元,0,,,VR看装修 | 房本满五年 | 随时看房,https://hui.lianjia.com/ershoufang/105121859575.html
钱隆华府精装三房，业主深圳置业，诚心出售。,"世茂福晟钱隆华府 , 陈江",3室2厅,98.21平米,南,精装,中楼层(共33层) ,,板塔结合,77 万,7841 元,0,,7天以前发布,VR房源 | 房本满两年,https://hui.lianjia.com/ershoufang/105122488534.html
60栋大社区 大花园 惠阳汽车站旁 交通方便,"花样年别样城二期 , 新行政区",3室2厅,95.16平米,南 西,毛坯,33层 ,,板塔结合,52 万,5465 元,1,,,VR看装修 | 房本满五年 | 随时看房,https://hui.lianjia.com/ershoufang/105113584473.html
全新未入住南北通三房 仲恺海关旁 新力帝泊湾,"新力帝泊湾 , 新圩",3室2厅,105.8平米,南,精装,32层 ,,塔楼,58 万,5483 元,1,,,VR看装修 | 房本满两年 | 随时看房,https://hui.lianjia.com/ershoufang/105119775253.html
此房户型方正，楼层好，视野开阔，采光好。,"天安珑城 , 区政府",3室1厅,85.13平米,南,精装,29层 ,,塔楼,83 万,9750 元,1,,,VR看装修 | 房本满两年,https://hui.lianjia.com/ershoufang/105119835642.html
腾韵花园，南北通四房，中间楼层，视野景观好，朝花园,"腾韵花园 , 陈江",4室2厅,116.37平米,南 北,,32层 ,,板塔结合,78 万,6703 元,0,,,VR看装修 | 房本满两年 | 随时看房,https://hui.lianjia.com/ershoufang/105121542890.html
大社区，近学 校 ，标准住宅风格，采光好，户型方正,"光耀荷兰小城 , 陈江",4室2厅,114.19平米,北,,中楼层(共33层) ,,板塔结合,53 万,4642 元,0,,,VR看装修,https://hui.lianjia.com/ershoufang/105120141114.html
精装修，次新小区，看小区园林景观，安静舒适,"太东天地花园 , 大亚湾中心区",4室2厅,107.86平米,南 北,精装,29层 ,,板塔结合,65 万,6027 元,0,,,VR看装修 | 房本满五年 | 随时看房,https://hui.lianjia.com/ershoufang/105121975782.html
临深交界，刚需户型，配套成熟，有钥匙随时可看,"爱琴海 , 西区新寮",2室1厅,56.3平米,东南,毛坯,33层 ,,板塔结合,37 万,6572 元,6,,,VR房源 | 房本满五年 | 随时看房,https://hui.lianjia.com/ershoufang/105116061844.html
近仲恺高铁站，邻中韩产业园，中间楼层温馨三房诚心卖,"玖龙台 , 潼侨沥林",3室2厅,89平米,东南,,高楼层(共27层) ,,,43 万,4832 元,0,,,VR看装修 | 房本满两年 | 随时看房,https://hui.lianjia.com/ershoufang/105119997970.html
水岸城二期 小三房毛坯 花园楼栋 中间楼层,"中信水岸城二三期 , 东江新城",3室1厅,86.08平米,东南,,17层 ,,板塔结合,73 万,8481 元,0,,18天以前发布,VR看装修 | 房本满五年 | 随时看房,https://hui.lianjia.com/ershoufang/105122365478.html
尚城世家三期    3房带装修   业主诚心出售,"尚城世家三期 , 区政府",3室2厅,97.69平米,东,精装,高楼层(共31层) ,,板塔结合,107 万,10954 元,3,,,VR看装修 | 房本满两年,https://hui.lianjia.com/ershoufang/105113874569.html
楼层好，视野好，无抵押，户型方正，业主诚心出售,"亚迪二村一区 , 澳头",4室2厅,149平米,南,,32层 ,,板塔结合,59 万,3960 元,0,,,VR看装修 | 随时看房,https://hui.lianjia.com/ershoufang/105121563632.html
半岛公园旁 次新小区 深东新锐 大三房 诚意出售,"深东新锐 , 区政府",3室1厅,107.61平米,南,,中楼层(共28层) ,,板塔结合,75 万,6970 元,0,,,VR房源 | 房本满两年 | 随时看房,https://hui.lianjia.com/ershoufang/105117334776.html
精装修四房两厅，座北朝南，采光户型好合适一家人居住,"珠光御景湾 , 水口",4室2厅,133平米,东南 南,精装,17层 ,,板塔结合,75 万,5640 元,1,,,VR看装修,https://hui.lianjia.com/ershoufang/105119211075.html
大湖花园 装修小3房 小区有花园 有证 过渡合适,"大湖花园 , 水口",3室2厅,53平米,南,简装,高楼层(共8层) ,,板楼,18 万,3397 元,1,,,VR看装修,https://hui.lianjia.com/ershoufang/105116210945.html
户型方正，楼层好，采光视野可以,"新际首座 , 大亚湾中心区",1室1厅,54平米,西南,简装,28层 ,,板塔结合,20 万,3704 元,3,,,VR看装修 | 随时看房,https://hui.lianjia.com/ershoufang/105120391124.html
万达广场精装四房，业主要钱不要房,"龙光玖龙花园 , 万达",4室2厅,111.97平米,南,精装,32层 ,,板塔结合,75 万,6699 元,0,,,VR看装修 | 房本满两年 | 随时看房,https://hui.lianjia.com/ershoufang/105113925607.html
壹城中心11区  毛坯南北通4房 踩光好 户型方正,"壹城中心11区 , 陈江",4室2厅,124平米,南 北,毛坯,高楼层(共30层) ,,板塔结合,93 万,7500 元,0,,,VR看装修 | 随时看房,https://hui.lianjia.com/ershoufang/105121336583.html
荷兰小城中间楼层，视野开阔，户型方正，采光通风好！,"光耀荷兰小城 , 陈江",4室2厅,114.19平米,北,毛坯,高楼层(共33层) ,,板塔结合,57 万,4992 元,1,,,VR看装修 | 随时看房,https://hui.lianjia.com/ershoufang/105121494824.html
万达商旁精品复式房、视野好，位置好，新装修,"中萃花城湾 , 万达",6室2厅,120.16平米,南,精装,16层 ,,塔楼,128 万,10653 元,0,,,VR房源 | 房本满五年,https://hui.lianjia.com/ershoufang/105121565063.html
中建物业  中天彩虹城3室  业主诚心出售  看房方便,"中天彩虹城北区 , 开城大润发",3室2厅,118平米,南,精装,28层 ,,板楼,66 万,5594 元,0,,,VR房源,https://hui.lianjia.com/ershoufang/105119953551.html
此房地段好，出小区门就是市政广场跟市场，居住方便,"隆基天地广场 , 区政府",3室2厅,128.7平米,东 西南,,23层 ,,板塔结合,68.8 万,5346 元,1,,,VR房源 | 房本满五年 | 随时看房,https://hui.lianjia.com/ershoufang/105121586421.html
近深圳沙田地铁站，精装修，小区花园绿化达30%以上,"万城 , 白云新城",2室1厅,60.81平米,北,精装,25层 ,,板塔结合,38 万,6249 元,0,,,VR看装修 | 房本满五年 | 随时看房,https://hui.lianjia.com/ershoufang/105121598503.html
全屋精装拎包入住，刚装修好很新，4房2厅，楼层好,"德威江誉城Ⅱ期 , 马安",4室2厅,123.45平米,南,精装,高楼层(共32层) ,,塔楼,128 万,10369 元,0,,,VR看装修 | 房本满两年,https://hui.lianjia.com/ershoufang/105121561973.html
西湖边上 后所街新苑 电梯三居室 精装修保养好~心动价,"后所街新苑 , 下埔",3室2厅,89.15平米,南,精装,10层 ,,板楼,56 万,6282 元,2,,,VR看装修 | 房本满五年,https://hui.lianjia.com/ershoufang/105120950284.html
南向无遮挡三房，精装修，家私电器齐全，无抵押,"天安珑城 , 区政府",3室2厅,87.21平米,南,精装,29层 ,,塔楼,81 万,9288 元,1,,,VR看装修 | 房本满两年 | 随时看房,https://hui.lianjia.com/ershoufang/105119744052.html
一品阳光 业主诚意出售 看房方便 有租售比,"瑞麒一品阳光 , 陈江",2室1厅,50.87平米,东南,精装,中楼层(共15层) ,,板塔结合,26.5 万,5210 元,0,,,VR看装修 | 房本满五年 | 随时看房,https://hui.lianjia.com/ershoufang/105121470612.html
中信水岸城二三期户型方正，看江户型,"中信水岸城二三期 , 东江新城",4室2厅,136平米,南,毛坯,32层 ,,板楼,155 万,11398 元,0,,,VR看装修 | 房本满五年 | 随时看房,https://hui.lianjia.com/ershoufang/105117218627.html
天益城商圈，隆生仲恺花园1区。房子没有欠款好楼层,"隆生仲恺花园 , 陈江",4室2厅,121.8平米,南 西南,毛坯,高楼层(共30层) ,,塔楼,89 万,7308 元,0,,,VR看装修 | 随时看房,https://hui.lianjia.com/ershoufang/105119689165.html
荷兰小城4房2厅 精装修，业主诚心出售,"光耀荷兰小城 , 陈江",4室2厅,101.32平米,南,精装,33层 ,,塔楼,66 万,6515 元,0,,,VR看装修 | 房本满五年 | 随时看房,https://hui.lianjia.com/ershoufang/105118283449.html
高楼层朝南户型，采光好，户型格局方正,"碧桂园翠湖湾 , 新圩",4室2厅,128.52平米,南,毛坯,中楼层(共33层) ,,塔楼,65 万,5058 元,0,,,VR看装修 | 房本满两年 | 随时看房,https://hui.lianjia.com/ershoufang/105119151777.html
华邦中间好楼层，户型方正，采光好，业主诚意出售,"華邦·首府 , 惠环",3室2厅,93.39平米,东南,毛坯,中楼层(共22层) ,,板塔结合,51 万,5461 元,0,,,VR看装修 | 随时看房,https://hui.lianjia.com/ershoufang/105117490582.html
惠阳一中旁惠州南站好出租有钥匙看房华茂大厦,"华茂大厦 , 开城大润发",1室1厅,59.51平米,北,简装,23层 ,,塔楼,20.8 万,3496 元,0,,,VR房源 | 房本满五年 | 随时看房,https://hui.lianjia.com/ershoufang/105121799535.html
户型房子，楼层好，视野宽阔，采光充足，业主诚心售卖,"三远大爱城 , 吾悦广场",4室2厅,170平米,南,,32层 ,,板塔结合,129 万,7589 元,0,,,VR房源 | 随时看房,https://hui.lianjia.com/ershoufang/105121921442.html
吾悦商圈500强大社区业主住不上愿意早点出售视野开阔,"新华联广场 , 大亚湾中心区",4室2厅,114.78平米,南 北,毛坯,34层 ,,板塔结合,61.5 万,5359 元,0,,15天以前发布,VR房源 | 随时看房,https://hui.lianjia.com/ershoufang/105122401733.html
户型方正，采光明亮，交通便利，生活方便，花园中间,"合生·上观国际 , 水口",3室2厅,120平米,南,,中楼层(共32层) ,,塔楼,91 万,7584 元,0,,,VR看装修 | 随时看房,https://hui.lianjia.com/ershoufang/105121871176.html
户型方正，楼层好，采光通风良好，小区环境好，,"清泉城市广场 , 区政府",2室2厅,78平米,南,毛坯,29层 ,,板塔结合,45 万,5770 元,0,,13天以前发布,VR房源 | 房本满五年 | 随时看房,https://hui.lianjia.com/ershoufang/105122428833.html
河南岸  小户型  生活便利  近金山湖  自住出租都可以,"风华阁 , 河南岸",1室1厅,42.17平米,东,,高楼层(共8层) ,,塔楼,15 万,3558 元,7,,,VR看装修 | 房本满五年,https://hui.lianjia.com/ershoufang/105120767577.html
刚需必看 近华附 高楼层 东南朝向 视野采光好,"星河丹堤G区 , 南站新城",3室2厅,98.06平米,南,毛坯,34层 ,,塔楼,100 万,10198 元,0,,,VR看装修 | 随时看房,https://hui.lianjia.com/ershoufang/105122230604.html
房子采光好。大三房。大亚湾合心地段,"三远大爱城 , 吾悦广场",3室2厅,92.71平米,南,毛坯,32层 ,,板塔结合,58 万,6257 元,0,,,VR看装修 | 房本满五年 | 随时看房,https://hui.lianjia.com/ershoufang/105121844987.html
俊雅豪庭 4室1厅 北,"俊雅豪庭 , 博罗中心区",4室1厅,153平米,北,,19层 ,,板塔结合,60 万,3922 元,0,,,VR看装修 | 房本满五年 | 随时看房,https://hui.lianjia.com/ershoufang/105121891588.html
锦绣壹号旁视野采光好户型方正采光好,"锦地繁花骏园 , 西区新寮",4室2厅,128.84平米,西南,毛坯,31层 ,,板塔结合,86.5 万,6714 元,0,,20天以前发布,VR看装修 | 房本满两年 | 随时看房,https://hui.lianjia.com/ershoufang/105122349479.html
东南朝向，视野开阔，户型布局很好，三个房间都朝南,"星河丹堤F区 , 南站新城",3室2厅,88.47平米,南,毛坯,34层 ,,板塔结合,69 万,7800 元,4,,,VR看装修 | 房本满五年 | 随时看房,https://hui.lianjia.com/ershoufang/105120101281.html
花园中间 精装三房 拎包入住 满二唯一,"富盈公馆三期 , 马安",3室2厅,102.04平米,南,精装,低楼层(共11层) ,,塔楼,83.9 万,8223 元,0,,,VR看装修 | 房本满两年 | 随时看房,https://hui.lianjia.com/ershoufang/105120193740.html
临深精装四房，看花园，生活便利小区,"富康锦绣壹号 , 西区新寮",4室2厅,111.99平米,南 北,精装,33层 ,,塔楼,112 万,10001 元,0,,,VR房源 | 房本满五年 | 随时看房,https://hui.lianjia.com/ershoufang/105122068517.html
房子满两年，原值高税费低，随时可看，急售,"星河丹堤G区 , 南站新城",3室2厅,89.13平米,东南,毛坯,34层 ,,塔楼,77 万,8640 元,0,,,VR房源 | 房本满五年 | 随时看房,https://hui.lianjia.com/ershoufang/105114816147.html
大社区 户型南北通双阳台近沙田站,"万城名座花园 , 白云新城",4室2厅,132平米,南,精装,32层 ,,板塔结合,111 万,8410 元,0,,,VR看装修 | 房本满五年 | 随时看房,https://hui.lianjia.com/ershoufang/105120594296.html
房间都很宽敞 朝东南户型 采光明亮 通风性,"方圆天俊 , 惠环",4室2厅,116.7平米,南,毛坯,高楼层(共32层) ,,塔楼,68 万,5827 元,0,,,VR看装修 | 随时看房,https://hui.lianjia.com/ershoufang/105120280275.html
华裕居拎包入住两房，业主诚心出售，看房很方便,"华裕居 , 惠环",2室2厅,77.08平米,东南,简装,中楼层(共31层) ,,塔楼,36 万,4671 元,0,,,VR看装修 | 房本满五年 | 随时看房,https://hui.lianjia.com/ershoufang/105121651995.html
红本在手无欠款的 全新二次装修 楼层高视野开阔,"龙光玖龙湾 , 万达",4室2厅,114.68平米,西南,精装,30层 ,,板塔结合,83 万,7238 元,0,,,VR看装修 | 房本满两年,https://hui.lianjia.com/ershoufang/105122006361.html
滨江苑  精装四房 有钥匙看房方便,"滨江苑 , 下埔",4室2厅,116.88平米,南,简装,高楼层(共8层) ,,,52 万,4450 元,1,,,VR看装修 | 房本满五年,https://hui.lianjia.com/ershoufang/105121526962.html
原购价高无个税，正南朝向，中高楼层 业主诚心出售,"恒大依山海湾 , 澳头",3室2厅,99.05平米,南,毛坯,中楼层(共32层) ,,板塔结合,46.8 万,4725 元,0,,,VR看装修 | 房本满两年 | 随时看房,https://hui.lianjia.com/ershoufang/105114522643.html
新装修，看房钥匙，朝南，采光好，带阳台,"丽格国际公寓 , 江北",1室1厅,41.83平米,东南,精装,30层 ,,塔楼,40 万,9563 元,0,,,VR看装修 | 房本满五年,https://hui.lianjia.com/ershoufang/105121887021.html
此房户型方正中间楼层南北通视野开阔，带装修拎包入住,"蓝湾半岛(大亚湾区) , 澳头",3室1厅,92平米,南,精装,20层 ,,板塔结合,42 万,4566 元,0,,,VR看装修 | 房本满五年 | 随时看房,https://hui.lianjia.com/ershoufang/105120691538.html
地铁3公里 朝南 采光好 看别墅景观 全新入住,"龙光城南四期 , 龙光城",5室2厅,114.41平米,南,,34层 ,,板塔结合,120 万,10489 元,0,,,VR看装修 | 随时看房,https://hui.lianjia.com/ershoufang/105122129456.html
惠阳高铁站旁，星河丹堤百万大社区，交通便利配套齐全,"星河丹堤F区 , 南站新城",3室2厅,104.75平米,北,精装,34层 ,,板塔结合,108 万,10311 元,2,,18天以前发布,VR房源 | 随时看房,https://hui.lianjia.com/ershoufang/105122372898.html
南向看小区园林，小区入住率高，生活方便,"龙光玖龙山 , 三和经济开发区",3室2厅,89.44平米,南,,32层 ,,板塔结合,53.8 万,6016 元,0,,,VR看装修 | 房本满两年 | 随时看房,https://hui.lianjia.com/ershoufang/105121816371.html
惠州南站 大两房 配套成熟 业主诚心出售 看房方便,"瑞景居 , 南站新城",2室2厅,83平米,南,精装,高楼层(共12层) ,,板塔结合,46 万,5543 元,1,,,VR看装修 | 房本满五年 | 随时看房,https://hui.lianjia.com/ershoufang/105114974129.html
朝南采光带全屋家电+红本在手无欠款+拎包入住,"TCL康城四季 , 惠环",3室2厅,97.5平米,南 北,精装,18层 ,,塔楼,63 万,6462 元,3,,,VR看装修 | 房本满两年 | 随时看房,https://hui.lianjia.com/ershoufang/105114466272.html
红花湖海伦时光带一个车位一起出售三房二厅二卫,"海伦时光 , 龙丰",3室2厅,99.48平米,西南,,低楼层(共33层) ,,,49 万,4926 元,2,,,VR看装修 | 房本满五年 | 随时看房,https://hui.lianjia.com/ershoufang/105118061300.html
东江新城五期 小两房 中间楼层，视野开阔,"佳兆业东江新城五期 , 博罗中心区",2室2厅,74平米,东南,,中楼层(共34层) ,,板塔结合,28 万,3784 元,0,,,VR看装修 | 随时看房,https://hui.lianjia.com/ershoufang/105121944128.html
鹏达御西湖，满五唯一，税费低，正南向,"御景花园北区 , 下角",3室1厅,116.92平米,东南,精装,低楼层(共27层) ,,板塔结合,93.8 万,8023 元,1,,,VR房源 | 房本满五年 | 随时看房,https://hui.lianjia.com/ershoufang/105120553919.html
双城国际南区 朝南看花园 安静不吵 带南坛,"双城国际南区 , 江北",3室2厅,86平米,南,毛坯,中楼层(共18层) ,,塔楼,79.5 万,9245 元,0,,,VR看装修 | 随时看房,https://hui.lianjia.com/ershoufang/105118836156.html
户型方正，楼层好，采光通风良好，小区环境好，,"清泉城市广场 , 区政府",2室2厅,78平米,南,毛坯,29层 ,,板塔结合,45 万,5770 元,0,,13天以前发布,VR房源 | 房本满五年 | 随时看房,https://hui.lianjia.com/ershoufang/105122428833.html
吾悦商圈500强大社区业主住不上愿意早点出售视野开阔,"新华联广场 , 大亚湾中心区",4室2厅,114.78平米,南 北,毛坯,34层 ,,板塔结合,61.5 万,5359 元,0,,15天以前发布,VR房源 | 随时看房,https://hui.lianjia.com/ershoufang/105122401733.html
海伦湾刚需三房，全新毛坯首付几万即可上车，看房方便,"海伦堡海伦湾 , 东平",3室2厅,89.5平米,东,毛坯,低楼层(共32层) ,,板塔结合,66 万,7375 元,0,,,VR房源 | 房本满五年 | 随时看房,https://hui.lianjia.com/ershoufang/105115046025.html
红本在手无欠款的 全新二次装修 楼层高视野开阔,"龙光玖龙湾 , 万达",4室2厅,114.68平米,西南,精装,30层 ,,板塔结合,83 万,7238 元,0,,,VR看装修 | 房本满两年,https://hui.lianjia.com/ershoufang/105122006361.html
壹城精装修三房 业主自住保养好 可拎包入住,"壹城中心1区 , 陈江",3室2厅,88.9平米,南,精装,低楼层(共32层) ,,塔楼,75 万,8437 元,0,,,VR看装修,https://hui.lianjia.com/ershoufang/105121241501.html
无个人所得税，得房高，楼层好，带装修四房,"盛湾名居 , 澳头",4室2厅,113.09平米,南 北,简装,22层 ,,塔楼,63 万,5571 元,1,,,VR房源 | 房本满五年 | 随时看房,https://hui.lianjia.com/ershoufang/105119452174.html
"满五唯一，南北通透看花园景观,视野开阔，绿化高","星河丹堤G区 , 南站新城",3室2厅,86.71平米,南 北,毛坯,34层 ,,板塔结合,69 万,7958 元,3,,,VR房源 | 房本满五年 | 随时看房,https://hui.lianjia.com/ershoufang/105118483097.html
临深次新小区新力睿园方正三房格局好 双阳台,"新力睿园 , 白云新城",3室2厅,111.38平米,南,毛坯,中楼层(共32层) ,,板塔结合,68 万,6106 元,0,,,VR看装修 | 房本满两年 | 随时看房,https://hui.lianjia.com/ershoufang/105120412955.html
惠阳站 百万大盘星河物业 两梯三户 景观视野好,"星河丹堤E区 , 南站新城",3室2厅,108.57平米,南,毛坯,34层 ,,,90 万,8290 元,3,,,VR看装修 | 房本满两年 | 随时看房,https://hui.lianjia.com/ershoufang/105116180372.html
急 急 急 精装朝南四房 已补地价,"惠泽南苑 , 河南岸",4室2厅,130.61平米,南,精装,中楼层(共17层) ,,塔楼,75 万,5743 元,1,,,VR看装修 | 房本满五年 | 随时看房,https://hui.lianjia.com/ershoufang/105119111985.html
南向无遮挡三房，精装修，家私电器齐全，无抵押,"天安珑城 , 区政府",3室2厅,87.21平米,南,精装,29层 ,,塔楼,81 万,9288 元,1,,,VR看装修 | 房本满两年 | 随时看房,https://hui.lianjia.com/ershoufang/105119744052.html
一品阳光 业主诚意出售 看房方便 有租售比,"瑞麒一品阳光 , 陈江",2室1厅,50.87平米,东南,精装,中楼层(共15层) ,,板塔结合,26.5 万,5210 元,0,,,VR看装修 | 房本满五年 | 随时看房,https://hui.lianjia.com/ershoufang/105121470612.html
中信水岸城二三期户型方正，看江户型,"中信水岸城二三期 , 东江新城",4室2厅,136平米,南,毛坯,32层 ,,板楼,155 万,11398 元,0,,,VR看装修 | 房本满五年 | 随时看房,https://hui.lianjia.com/ershoufang/105117218627.html
东湖五区看花园四房朝南，花园中间户型适用一梯四户,"东湖花园五区 , 东平",4室2厅,160.52平米,东南,精装,12层 ,,板塔结合,153 万,9532 元,0,,,VR房源 | 房本满五年 | 随时看房,https://hui.lianjia.com/ershoufang/105121311791.html
翡翠山君御，阳台看别墅群。视野好。,"翡翠山城君御 , 万达",3室2厅,97.41平米,南,简装,34层 ,,,83 万,8521 元,1,,,VR看装修 | 房本满五年,https://hui.lianjia.com/ershoufang/105120910502.html
南北通，采光通风好，小区绿化高，中高楼层，业主急卖,"三远大爱城 , 吾悦广场",4室2厅,147.39平米,南 北,毛坯,32层 ,,板塔结合,117 万,7939 元,0,,,VR房源 | 房本满两年 | 随时看房,https://hui.lianjia.com/ershoufang/105116875951.html
满二唯一税费少，次新房，近吾悦广场,"香树丽苑 , 吾悦广场",3室1厅,91.74平米,南,,33层 ,,板塔结合,59 万,6432 元,0,,30天以前发布,VR房源 | 房本满五年 | 随时看房,https://hui.lianjia.com/ershoufang/105122259989.html
湖景房少见 新力花园一期117平方南北通透装修真材实料,"新力城一期 , 水口",3室2厅,117.67平米,南 北,精装,33层 ,,板楼,95 万,8074 元,0,,,VR看装修 | 房本满五年,https://hui.lianjia.com/ershoufang/105121806677.html
鼎峰国汇山 3室2厅 南 北,"鼎峰国汇山 , 江北",3室2厅,120平米,南 北,,低楼层(共27层) ,,板塔结合,108 万,9000 元,1,,,VR看装修 | 随时看房,https://hui.lianjia.com/ershoufang/105120685886.html
金山湖 隆生金山湖中.心旁 嘉泽园4房 诚意出售,"浩盛嘉泽园 , 河南岸",4室2厅,130.55平米,南 北,毛坯,高楼层(共31层) ,,塔楼,116 万,8886 元,0,,,VR看装修 | 房本满五年 | 随时看房,https://hui.lianjia.com/ershoufang/105119745110.html
临深精装三房，坐拥坪山河一线景观，红本在手交易快,"秋谷康城 , 龙光城",3室2厅,94.68平米,南,简装,18层 ,,板塔结合,55.8 万,5894 元,0,,,VR看装修 | 房本满两年 | 随时看房,https://hui.lianjia.com/ershoufang/105121663259.html
金山湖花园一复试7房格局方正布局合理,"金山湖花园一区 , 河南岸",7室1厅,369.35平米,南,精装,低楼层(共16层) ,,板塔结合,380 万,10289 元,0,,,VR房源 | 房本满五年 | 随时看房,https://hui.lianjia.com/ershoufang/105121817113.html
邦民华家园 四房南北通 户型方正 好楼层 价格可小谈,"邦民华家园 , 惠环",4室2厅,108.2平米,东南,毛坯,26层 ,,塔楼,55.5 万,5130 元,0,,,VR看装修 | 随时看房,https://hui.lianjia.com/ershoufang/105120520908.html
业主诚心出售，户型方正无浪费。,"隆生西江花园 , 东江新城",4室2厅,152.8平米,南,毛坯,中楼层(共28层) ,,塔楼,148 万,9686 元,0,,,VR看装修 | 随时看房,https://hui.lianjia.com/ershoufang/105121477396.html
业主诚心出售 次新小区 朝南向 采光好 户型靓,"东方铂悦府 , 新行政区",4室2厅,113.85平米,南,毛坯,32层 ,,板塔结合,95 万,8345 元,0,,17天以前发布,VR看装修 | 房本满两年 | 随时看房,https://hui.lianjia.com/ershoufang/105122376255.html
翡翠山精致两房，中高楼层看山景无遮挡，业主诚心出售,"翡翠山城君御 , 万达",2室1厅,82.07平米,东,精装,34层 ,,,69 万,8408 元,1,,,VR房源 | 房本满两年 | 随时看房,https://hui.lianjia.com/ershoufang/105121968313.html
碧桂园四房看中间花园位置，采光好，随时可看,"碧桂园翠湖湾 , 新圩",4室1厅,126.36平米,北,精装,低楼层(共31层) ,,板塔结合,80 万,6332 元,0,,,VR看装修 | 房本满五年 | 随时看房,https://hui.lianjia.com/ershoufang/105117792552.html
翡翠山大社区，环境好，一线别墅景观,"翡翠山城君御 , 万达",3室2厅,106.03平米,东南,精装,34层 ,,板塔结合,94 万,8866 元,3,,,VR看装修 | 房本满五年 | 随时看房,https://hui.lianjia.com/ershoufang/105119107311.html
安静舒适、看小区花安静舒适，面积大空间足私密！,"珠江四季悦城二期 , 西区新寮",3室2厅,109.91平米,南,简装,33层 ,,板塔结合,79 万,7188 元,0,,,VR看装修 | 房本满两年 | 随时看房,https://hui.lianjia.com/ershoufang/105120904455.html
业主诚心出售    户型面积实用，朝花园，安静,"华彩公馆 , 大亚湾中心区",3室1厅,103.5平米,南,毛坯,18层 ,,板楼,32 万,3092 元,0,,,VR房源 | 房本满五年 | 随时看房,https://hui.lianjia.com/ershoufang/105120632119.html
低密度大社区，前后双公园 户型方正 业主寄售,"御蓝湾花园 , 万达",3室1厅,81.29平米,南,精装,33层 ,,板塔结合,48 万,5905 元,0,,,VR看装修 | 房本满五年 | 随时看房,https://hui.lianjia.com/ershoufang/105118327905.html
俊雅豪庭114平大三房中间楼层，总价55万,"俊雅豪庭 , 博罗中心区",3室2厅,114平米,西,精装,17层 ,,板塔结合,52.8 万,4632 元,0,,,VR看装修 | 房本满五年,https://hui.lianjia.com/ershoufang/105121179848.html
悦龙台，近万达广场，儿童公园旁，小区自带音乐喷泉,"恒大悦龙台 , 万达",3室2厅,95平米,北,精装,32层 ,,板塔结合,70 万,7369 元,0,,,VR看装修 | 房本满两年 | 随时看房,https://hui.lianjia.com/ershoufang/105121004130.html
一线临深河景小区南北透小高层业主诚心出售,"秋谷康城 , 龙光城",4室1厅,131平米,东南,毛坯,9层 ,,板塔结合,65 万,4962 元,0,,7天以前发布,VR房源 | 随时看房,https://hui.lianjia.com/ershoufang/105122495543.html
业主诚心出售 次新小区 朝南向 采光好 户型靓,"东方铂悦府 , 新行政区",3室2厅,96.71平米,东南,精装,29层 ,,板塔结合,88 万,9100 元,2,,,VR看装修,https://hui.lianjia.com/ershoufang/105120804483.html
四楼楼梯房，楼层好，总价低，位置好方便，户型实用,"益利新村 , 开城大润发",2室1厅,55.64平米,南,,中楼层(共7层) ,,板塔结合,15 万,2696 元,3,,10天以前发布,VR房源 | 房本满五年 | 随时看房,https://hui.lianjia.com/ershoufang/105122457736.html
双阳台楼层看花园采光视野好拎包入住,"富康锦绣壹号5期 , 西区新寮",4室2厅,125.96平米,南,精装,32层 ,,塔楼,170 万,13497 元,0,,,VR看装修 | 房本满两年 | 随时看房,https://hui.lianjia.com/ershoufang/105119846731.html
精装大3房全屋定制公园品质园林山湖一体一级物业体验,"碧桂园湖光山色 , 秋长",3室2厅,119平米,东南 南,精装,28层 ,,板塔结合,77 万,6471 元,1,,,VR看装修 | 房本满两年 | 随时看房,https://hui.lianjia.com/ershoufang/105117180028.html
华章东郡带精装修三房好楼层，朝南诚意出售,"华章东郡 , 河南岸",3室2厅,91.22平米,南,精装,中楼层(共32层) ,,板塔结合,76 万,8332 元,0,,,VR看装修 | 房本满五年 | 随时看房,https://hui.lianjia.com/ershoufang/105120771217.html
临深 采光通风佳 户型方正 ，楼龄新,"壹方天第 , 白云新城",3室2厅,111.53平米,南,简装,34层 ,,板塔结合,78 万,6994 元,1,,,VR看装修 | 房本满五年 | 随时看房,https://hui.lianjia.com/ershoufang/105116719405.html
临深  花园品质社区+户型方正+南北通+业主急售,"万城 , 白云新城",3室1厅,94平米,东南,精装,25层 ,,板塔结合,59.8 万,6362 元,0,,,VR房源 | 随时看房,https://hui.lianjia.com/ershoufang/105118661136.html
隆生广场旁 电梯朝南3房 诚心出售 价格可谈,"龙湖小区 , 东平",3室2厅,88.45平米,南,简装,中楼层(共10层) ,,板塔结合,34 万,3844 元,0,,,VR看装修 | 房本满五年,https://hui.lianjia.com/ershoufang/105120469837.html
精装修   中间楼层  拎包入住,"鹏德名苑 , 开城大润发",2室1厅,54.75平米,南 北,精装,32层 ,,塔楼,29.8 万,5443 元,2,,,VR看装修 | 房本满两年 | 随时看房,https://hui.lianjia.com/ershoufang/105120030942.html
高楼层2梯三户/朝南正面看湖景/红本在手无欠款,"泰丰牧马湖 , 万达",4室2厅,122.84平米,南,毛坯,33层 ,,板塔结合,119.98 万,9768 元,0,,,VR房源 | 房本满两年 | 随时看房,https://hui.lianjia.com/ershoufang/105120015158.html
太东高地 公园里的家  精装修 大两房 看房方便,"太东高地 , 区政府",2室2厅,74.9平米,东,精装,31层 ,,板塔结合,51 万,6810 元,2,,,VR看装修,https://hui.lianjia.com/ershoufang/105118187441.html
碧桂园十里银滩朝东向两房，全新没住过,"碧桂园十里银滩海悦湾 , 十里银滩",2室1厅,73.69平米,东南,精装,30层 ,,板塔结合,26 万,3529 元,0,,17天以前发布,VR房源 | 房本满五年,https://hui.lianjia.com/ershoufang/105122381457.html
东湖花园九区东平 物业楼下即商场综合体，配套设施,"东湖花园九区 , 东平",3室2厅,118平米,东,精装,中楼层(共35层) ,,塔楼,138 万,11695 元,0,,,VR房源 | 房本满五年 | 随时看房,https://hui.lianjia.com/ershoufang/105120216957.html
半岛三期中间楼层精装双阳台视野无遮挡,"半岛1号三期 , 白云新城",3室2厅,131.58平米,东南,精装,16层 ,,板塔结合,83.8 万,6369 元,1,,,VR房源 | 房本满五年 | 随时看房,https://hui.lianjia.com/ershoufang/105121245890.html
万达旁精装两房，满五唯一，拎包入住。,"香榭名苑 , 万达",2室2厅,65.3平米,北,精装,18层 ,,板塔结合,37.8 万,5789 元,1,,,VR看装修 | 房本满五年 | 随时看房,https://hui.lianjia.com/ershoufang/105116671757.html
荷兰小城   成熟大社区  刚需户型  交通便捷 正南朝向,"光耀荷兰小城 , 陈江",4室2厅,124平米,南,毛坯,33层 ,,板塔结合,66 万,5323 元,0,,,VR看装修 | 房本满五年 | 随时看房,https://hui.lianjia.com/ershoufang/105119214683.html
东南朝向高楼层看海景观好，红本在手随时过户,"维港湾花园 , 十里银滩",3室2厅,100.81平米,南,精装,34层 ,,板塔结合,44 万,4365 元,6,,,VR看装修 | 房本满两年 | 随时看房,https://hui.lianjia.com/ershoufang/105120161675.html
香树丽苑 4室1厅 南,"香树丽苑 , 吾悦广场",4室1厅,113平米,南,简装,中楼层(共33层) ,,板塔结合,62 万,5487 元,3,,,VR房源 | 随时看房,https://hui.lianjia.com/ershoufang/105121466549.html
业主急售！南北通透格局，楼层高，可看湖，无抵押,"星河丹堤V2区 , 南站新城",4室2厅,117.65平米,南 北,毛坯,32层 ,,塔楼,120 万,10200 元,0,,,VR看装修 | 房本满两年 | 随时看房,https://hui.lianjia.com/ershoufang/105121119971.html
仲恺体育馆成熟小区，中间好楼层,"鑫月广场 , 陈江",4室2厅,117.13平米,南,毛坯,中楼层(共33层) ,,塔楼,70 万,5977 元,0,,,VR看装修 | 房本满五年 | 随时看房,https://hui.lianjia.com/ershoufang/105118390106.html
金山湖 山姆会员店旁 舒适3房 产权清晰,"中海凯旋城四期 , 河南岸",3室1厅,89.12平米,东南 南,简装,31层 ,,塔楼,78 万,8753 元,0,,,VR房源 | 房本满五年 | 随时看房,https://hui.lianjia.com/ershoufang/105121181143.html
盛世丰华 3室2厅 南,"盛世丰华 , 博罗石湾",3室2厅,98.8平米,南,毛坯,中楼层(共31层) ,,塔楼,49.8 万,5041 元,0,,19天以前发布,VR房源 | 房本满两年 | 随时看房,https://hui.lianjia.com/ershoufang/105122355562.html
禾塘街 ，中层，二楼带单车间。,"统建楼 , 下角",3室2厅,95.87平米,西南,简装,7层 ,,塔楼,29 万,3025 元,2,,,VR看装修 | 房本满五年 | 随时看房,https://hui.lianjia.com/ershoufang/105119728585.html
海伦堡十里东江 3室2厅 东南,"海伦堡十里东江 , 下角",3室2厅,93.17平米,东南,毛坯,20层 ,,板塔结合,45 万,4830 元,0,,,VR看装修 | 房本满五年 | 随时看房,https://hui.lianjia.com/ershoufang/105121846605.html
次新房小区，好楼层朝南看花园，视野开阔，无欠款,"荣佳国韵一期 , 龙光城",3室1厅,92.28平米,南,毛坯,33层 ,,板塔结合,61 万,6611 元,1,,,VR房源 | 房本满两年 | 随时看房,https://hui.lianjia.com/ershoufang/105119781751.html
泰宇城市中央 4室2厅 南,"泰宇城市中央 , 江北",4室2厅,108平米,南,精装,中楼层(共30层) ,,塔楼,107 万,9908 元,0,,11天以前发布,VR房源,https://hui.lianjia.com/ershoufang/105122450486.html
江北CBD唐宁公馆，看房店里有钥匙,"唐宁公馆 , 江北",4室1厅,170.05平米,南,毛坯,低楼层(共16层) ,,塔楼,159 万,9351 元,1,,,VR房源 | 房本满五年 | 随时看房,https://hui.lianjia.com/ershoufang/105114053540.html
春江天境花园 117.38平米 4房2厅2卫,"春江天境花园 , 东江高新区",4室2厅,117.38平米,南 北,毛坯,中楼层(共33层) ,,板塔结合,51 万,4345 元,0,,,VR看装修 | 房本满两年 | 随时看房,https://hui.lianjia.com/ershoufang/105121877937.html
河南岸公园旁 精装修大三房 诚心出售 看房方便,"尚品世家 , 河南岸",3室2厅,117平米,东南 南,精装,中楼层(共8层) ,,板楼,90 万,7693 元,2,,,VR看装修 | 随时看房,https://hui.lianjia.com/ershoufang/105116679938.html
金山湖岛内大社区中高楼层，视野开阔，俯瞰金山湖,"湖心岛1号花园 , 河南岸",3室1厅,103.06平米,南,毛坯,中楼层(共26层) ,,板塔结合,123 万,11935 元,0,,,VR看装修 | 随时看房,https://hui.lianjia.com/ershoufang/105122031270.html
半山洋房，环境好，空气清新，视野开阔,"星河丹堤N区 , 南站新城",4室2厅,140.78平米,南 北,毛坯,7层 ,,板楼,170 万,12076 元,3,,,VR看装修 | 房本满五年 | 随时看房,https://hui.lianjia.com/ershoufang/105119305616.html
金山湖奥园领寓 精装公寓 1房1厅 拎包入住,"奥园领寓 , 河南岸",1室1厅,29.17平米,西北,精装,32层 ,,板塔结合,17.5 万,6000 元,1,,,VR房源 | 房本满五年,https://hui.lianjia.com/ershoufang/105121645814.html
两梯三户，豪 华装修，满五年税费低，带车位,"海惠花园一区 , 吾悦广场",3室2厅,119.8平米,南,精装,18层 ,,塔楼,73 万,6094 元,14,,,VR看装修 | 房本满五年 | 随时看房,https://hui.lianjia.com/ershoufang/105106738040.html
业主着急卖，南北通四房，看园林，少有户型卖,"德洲中心城 , 大亚湾中心区",4室2厅,123.1平米,南,简装,28层 ,,板塔结合,66 万,5362 元,0,,,VR看装修 | 房本满五年 | 随时看房,https://hui.lianjia.com/ershoufang/105119385527.html
区政府天虹旁鼎盛广场精装修1房业主诚心出售,"鼎盛广场 , 区政府",1室1厅,46.25平米,南,精装,33层 ,,板塔结合,19 万,4109 元,0,,,VR看装修 | 房本满五年 | 随时看房,https://hui.lianjia.com/ershoufang/105114526967.html
全新装修保养很好，拎包入住，户型好,"鸿润花园 , 麦地",3室2厅,127平米,南,精装,中楼层(共30层) ,,塔楼,128 万,10079 元,0,,15天以前发布,VR房源,https://hui.lianjia.com/ershoufang/105122399556.html
市政广场天虹商场旁东御大厦三房朝南业主诚心出售,"东御大厦 , 区政府",3室2厅,95.86平米,东南,精装,26层 ,,板塔结合,59 万,6155 元,0,,,VR看装修 | 房本满五年,https://hui.lianjia.com/ershoufang/105120932606.html
翡翠山君御 4室2厅 中间楼层 朝南,"翡翠山城君御 , 万达",4室2厅,126平米,南,精装,34层 ,,板塔结合,108 万,8572 元,3,,,VR看装修 | 房本满五年 | 随时看房,https://hui.lianjia.com/ershoufang/105116290171.html
水岸城七期毛坯四房、单价低、通透中高楼层。,"中信水岸城7期 , 东江新城",4室2厅,128.46平米,南,毛坯,32层 ,,板楼,143 万,11132 元,1,,,VR看装修 | 随时看房,https://hui.lianjia.com/ershoufang/105120840403.html
此房原值高，户型方正，采光好，视野开阔,"荣盛御景澜湾 , 澳头",4室2厅,118.68平米,南,精装,33层 ,,板塔结合,53 万,4466 元,3,,,VR看装修 | 房本满两年 | 随时看房,https://hui.lianjia.com/ershoufang/105118703328.html
鑫月广场 中间楼层 业主急出 大四房户型 视野好,"鑫月广场 , 陈江",4室2厅,117平米,南,毛坯,中楼层(共33层) ,,塔楼,64 万,5471 元,0,,,VR看装修 | 房本满五年 | 随时看房,https://hui.lianjia.com/ershoufang/105121456960.html
区政府广场 ， 1房1厅 方正户型 即买即住，成熟小区,"隆基天地广场 , 区政府",1室1厅,41.33平米,东南 北,简装,25层 ,,板塔结合,18.8 万,4549 元,3,,,VR看装修 | 房本满五年 | 随时看房,https://hui.lianjia.com/ershoufang/105119726772.html
城央百万大盘，公园环伺，环境优美,"半岛1号十一期 , 白云新城",3室2厅,88.63平米,南,毛坯,21层 ,,塔楼,63.5 万,7165 元,0,,,VR房源 | 房本满五年 | 随时看房,https://hui.lianjia.com/ershoufang/105118215625.html
万达旁花城湾正规大3房，东南向安静，红本在手,"中萃花城湾 , 万达",4室2厅,121.26平米,南 北,毛坯,29层 ,,塔楼,65 万,5361 元,0,,,VR看装修 | 房本满五年 | 随时看房,https://hui.lianjia.com/ershoufang/105122236534.html
次新房小区，好楼层朝南看花园，视野开阔，无欠款,"荣佳国韵一期 , 龙光城",3室1厅,92.28平米,南,毛坯,33层 ,,板塔结合,61 万,6611 元,1,,,VR房源 | 房本满两年 | 随时看房,https://hui.lianjia.com/ershoufang/105119781751.html
盛世丰华 3室2厅 南,"盛世丰华 , 博罗石湾",3室2厅,98.8平米,南,毛坯,中楼层(共31层) ,,塔楼,49.8 万,5041 元,0,,19天以前发布,VR房源 | 房本满两年 | 随时看房,https://hui.lianjia.com/ershoufang/105122355562.html
新祺园 3室2厅 东南,"新祺园 , 新行政区",3室2厅,88.42平米,东南,毛坯,32层 ,,板塔结合,49 万,5542 元,0,,11天以前发布,VR房源 | 房本满五年 | 随时看房,https://hui.lianjia.com/ershoufang/105122453183.html
业主诚意卖精装五房，业主钥匙全权委托给我,"七里香堤花园 , 龙光城",4室2厅,113.94平米,西南,精装,33层 ,,板塔结合,78 万,6846 元,1,,,VR房源 | 随时看房,https://hui.lianjia.com/ershoufang/105120919810.html
东南向 视野好 通风佳 采光好 租客好约看房随时,"伟豪领御世家 , 江北",4室2厅,100.97平米,东南,简装,中楼层(共32层) ,,板塔结合,95 万,9409 元,0,,,VR看装修 | 房本满五年 | 随时看房,https://hui.lianjia.com/ershoufang/105120756987.html
万达商圈，吾悦广场旁，户型方正，毛坯急售,"明华花园 , 吾悦广场",4室2厅,108.01平米,东北,毛坯,16层 ,,塔楼,57 万,5278 元,1,,,VR看装修 | 房本满五年 | 随时看房,https://hui.lianjia.com/ershoufang/105118249212.html
华润小径湾精装修大一房，朝向南,"华润小径湾二期 , 霞涌",1室1厅,52平米,南,简装,32层 ,,板塔结合,21.8 万,4193 元,1,,,VR房源,https://hui.lianjia.com/ershoufang/105121284089.html
急售 一品中央  南北通 双阳台3+1房,"一品中央 , 博罗石湾",3室1厅,121.57平米,南 北,,27层 ,,板塔结合,53 万,4360 元,0,,,VR看装修 | 房本满五年 | 随时看房,https://hui.lianjia.com/ershoufang/105119801245.html
左岸春天一期 2室1厅 南,"左岸春天一期 , 开城大润发",2室1厅,54平米,南,精装,12层 ,,板塔结合,26 万,4815 元,1,,,VR看装修,https://hui.lianjia.com/ershoufang/105120959078.html
次新盘汇显泰华园、轻奢风靓装9.9成新、含子母车位,"汇显城市公园 , 汝湖",5室2厅,129.72平米,南,精装,27层 ,,板楼,119 万,9174 元,0,,,VR看装修,https://hui.lianjia.com/ershoufang/105121503987.html
万达商旁精品复式房、视野好，位置好，新装修,"中萃花城湾 , 万达",6室2厅,120.16平米,南,精装,16层 ,,塔楼,128 万,10653 元,0,,,VR房源 | 房本满五年,https://hui.lianjia.com/ershoufang/105121565063.html
精装修四房两厅，座北朝南，采光户型好合适一家人居住,"珠光御景湾 , 水口",4室2厅,133平米,东南 南,精装,17层 ,,板塔结合,75 万,5640 元,1,,,VR看装修,https://hui.lianjia.com/ershoufang/105119211075.html
水岸城二期 小三房毛坯 花园楼栋 中间楼层,"中信水岸城二三期 , 东江新城",3室1厅,86.08平米,东南,,17层 ,,板塔结合,73 万,8481 元,0,,18天以前发布,VR看装修 | 房本满五年 | 随时看房,https://hui.lianjia.com/ershoufang/105122365478.html
荷兰小城中间楼层，视野开阔，户型方正，采光通风好！,"光耀荷兰小城 , 陈江",4室2厅,114.19平米,北,毛坯,高楼层(共33层) ,,板塔结合,57 万,4992 元,1,,,VR看装修 | 随时看房,https://hui.lianjia.com/ershoufang/105121494824.html
近仲恺高铁站，邻中韩产业园，中间楼层温馨三房诚心卖,"玖龙台 , 潼侨沥林",3室2厅,89平米,东南,,高楼层(共27层) ,,,43 万,4832 元,0,,,VR看装修 | 房本满两年 | 随时看房,https://hui.lianjia.com/ershoufang/105119997970.html
大社区，近学 校 ，标准住宅风格，采光好，户型方正,"光耀荷兰小城 , 陈江",4室2厅,114.19平米,北,,中楼层(共33层) ,,板塔结合,53 万,4642 元,0,,,VR看装修,https://hui.lianjia.com/ershoufang/105120141114.html
大湖花园 装修小3房 小区有花园 有证 过渡合适,"大湖花园 , 水口",3室2厅,53平米,南,简装,高楼层(共8层) ,,板楼,18 万,3397 元,1,,,VR看装修,https://hui.lianjia.com/ershoufang/105116210945.html
碧桂园 三房两厅两卫 南北通双阳台 采光好,"碧桂园翠湖湾 , 新圩",3室2厅,113.8平米,南,,低楼层(共17层) ,,板塔结合,59 万,5185 元,0,,,VR看装修 | 房本满五年 | 随时看房,https://hui.lianjia.com/ershoufang/105120888301.html
钱隆华府精装三房，业主深圳置业，诚心出售。,"世茂福晟钱隆华府 , 陈江",3室2厅,98.21平米,南,精装,中楼层(共33层) ,,板塔结合,77 万,7841 元,0,,7天以前发布,VR房源 | 房本满两年,https://hui.lianjia.com/ershoufang/105122488534.html
深圳创维惠州园区 高铁站 碧桂园科学城 精装三室二卫,"碧桂园云创家园 , 潼侨沥林",4室2厅,134.71平米,南 北,简装,中楼层(共34层) ,,,80 万,5939 元,0,,,VR看装修 | 房本满两年 | 随时看房,https://hui.lianjia.com/ershoufang/105119580009.html
全新未入住南北通三房 仲恺海关旁 新力帝泊湾,"新力帝泊湾 , 新圩",3室2厅,105.8平米,南,精装,32层 ,,塔楼,58 万,5483 元,1,,,VR看装修 | 房本满两年 | 随时看房,https://hui.lianjia.com/ershoufang/105119775253.html
此小区次新小区 小区绿化高采 光好户型方正看园林。,"悦璟华庭 , 惠环",3室2厅,94平米,东 南,精装,高楼层(共33层) ,,板塔结合,59 万,6277 元,0,,,VR房源 | 随时看房,https://hui.lianjia.com/ershoufang/105120127383.html
此新房中高楼层，实用率高，业主诚意出售,"天润嘉园 , 西区新寮",4室2厅,94.77平米,南,毛坯,29层 ,,板塔结合,55 万,5804 元,0,,,VR看装修 | 房本满两年 | 随时看房,https://hui.lianjia.com/ershoufang/105121970096.html
装修三房 大社区 适合居住 好楼层 看花园,"海伦堡院子 , 水口",3室2厅,104.02平米,南,,高楼层(共25层) ,,板塔结合,60 万,5769 元,0,,,VR看装修 | 房本满五年,https://hui.lianjia.com/ershoufang/105118440657.html
三远大爱城 3室2厅 南,"三远大爱城 , 吾悦广场",3室2厅,88.07平米,南,毛坯,32层 ,,板塔结合,49.5 万,5621 元,2,,,VR看装修 | 房本满五年 | 随时看房,https://hui.lianjia.com/ershoufang/105119156428.html
大社区成熟片区，绿化环境空气好生活便利，鹿江公园,"隆生皇冠花园 , 水口",4室2厅,142.72平米,南,精装,32层 ,,塔楼,129 万,9039 元,0,,,VR房源,https://hui.lianjia.com/ershoufang/105121907738.html
临深次新品质小区！全新奶油风装修！拎包即可入住,"丰谷天玺 , 龙光城",3室1厅,85.53平米,南,精装,29层 ,,塔楼,73 万,8536 元,0,,,VR看装修 | 随时看房,https://hui.lianjia.com/ershoufang/105121694697.html
中海阅江二期 中高楼层 全新精装修 拎包入住 有钥匙,"中海阅江府2期 , 东江新城",4室2厅,119.52平米,东南,精装,高楼层(共27层) ,,板楼,125 万,10459 元,0,,,VR看装修 | 房本满两年 | 随时看房,https://hui.lianjia.com/ershoufang/105121202656.html
临深精装两房，品质物业，生活配套方便，业主诚售可聊,"碧桂园太东·蜜柚 , 西区新寮",2室1厅,60.12平米,南,精装,33层 ,,塔楼,40.5 万,6737 元,4,,,VR房源 | 随时看房,https://hui.lianjia.com/ershoufang/105120527501.html
水岸城六期三房两卫两厅自住精装拎包入住,"中信水岸城六期 , 东江新城",3室2厅,112.88平米,东南,简装,高楼层(共32层) ,,塔楼,115 万,10188 元,1,,,VR看装修 | 房本满五年 | 随时看房,https://hui.lianjia.com/ershoufang/105119944907.html
万达广场旁中萃花城湾小区中间楼层三房急售,"中萃花城湾 , 万达",3室2厅,90.86平米,南,精装,26层 ,,塔楼,61 万,6714 元,2,,,VR看装修 | 房本满五年 | 随时看房,https://hui.lianjia.com/ershoufang/105120908331.html
临深 次新小区  急售无欠款  首付低 月租可抵月供,"钻石公馆 , 草洋新区",1室2厅,56.15平米,南,毛坯,26层 ,,板塔结合,29 万,5165 元,0,,12天以前发布,VR房源 | 房本满五年 | 随时看房,https://hui.lianjia.com/ershoufang/105122437719.html
业主有心出售看房有钥匙采光好户型方正,"东江学府五期 , 河南岸",3室2厅,90.86平米,南,毛坯,低楼层(共22层) ,,板塔结合,79 万,8695 元,0,,17天以前发布,VR房源 | 随时看房,https://hui.lianjia.com/ershoufang/105122385783.html
卢浮公馆大户型 顶层复式 南北通透 看鹅城大桥看江景,"卢浮公馆 , 江北",7室1厅,218平米,南 北,毛坯,高楼层(共12层) ,,板塔结合,215.8 万,9900 元,0,,,VR房源,https://hui.lianjia.com/ershoufang/105120515711.html
光耀荷兰小城 3室1厅 北,"光耀荷兰小城 , 陈江",3室1厅,80.19平米,北,精装,33层 ,,板塔结合,46 万,5737 元,0,,,VR看装修 | 房本满五年 | 随时看房,https://hui.lianjia.com/ershoufang/105121084116.html
江北少有大复式，带300平私家露台，精装7房，诚意出售,"江北盛世华府 , 江北",7室2厅,305.1平米,南,精装,高楼层(共13层) ,,板楼,258 万,8457 元,3,,,VR房源 | 房本满五年,https://hui.lianjia.com/ershoufang/105118964969.html
原购价高 费用少 利用率高 生活便利,"华悦柠檬圈子 , 澳头",3室2厅,92.78平米,南,毛坯,高楼层(共17层) ,,板塔结合,32 万,3450 元,1,,,VR看装修 | 房本满两年 | 随时看房,https://hui.lianjia.com/ershoufang/105120973293.html
业主诚心出售，大社区，配套齐全，离万达近,"华冠花园 , 大亚湾中心区",2室1厅,42.76平米,北,简装,26层 ,,板塔结合,24.6 万,5754 元,1,,,VR看装修 | 房本满五年 | 随时看房,https://hui.lianjia.com/ershoufang/105115813128.html
全屋定制，西南看海景，看漂亮夕阳。,"维港湾花园 , 十里银滩",3室2厅,108.24平米,南,精装,中楼层(共34层) ,,,67.8 万,6264 元,1,,,VR看装修 | 随时看房,https://hui.lianjia.com/ershoufang/105121573856.html
新力城118平 好楼层，业主急售价格可谈,"新力城二期 , 水口",3室2厅,117.9平米,南,,高楼层(共32层) ,,板楼,77 万,6531 元,0,,,VR看装修 | 房本满两年 | 随时看房,https://hui.lianjia.com/ershoufang/105121815430.html
富华花园大三房 交通便利 配套成熟,"富华花园 , 博罗中心区",3室2厅,122平米,北 南,简装,高楼层(共7层) ,,板楼,38 万,3115 元,0,,19天以前发布,VR房源 | 房本满五年,https://hui.lianjia.com/ershoufang/105122361034.html
壹城中心二区刚需3房，楼层好，安静舒适,"壹城中心2区 , 陈江",3室2厅,88.96平米,南,毛坯,低楼层(共28层) ,,塔楼,57.8 万,6498 元,2,,,VR看装修 | 房本满五年 | 随时看房,https://hui.lianjia.com/ershoufang/105110493269.html
小区环境简介、适宜人群及设施配套,"未来花园 , 东江新城",3室2厅,91.16平米,南,,低楼层(共26层) ,,塔楼,75 万,8228 元,0,,17天以前发布,VR房源 | 房本满两年 | 随时看房,https://hui.lianjia.com/ershoufang/105122382856.html
星河丹堤 高层7米长阳台  景观视野好南北通户型,"星河丹堤E区 , 南站新城",4室2厅,104.2平米,南 北,毛坯,34层 ,,,89 万,8542 元,4,,,VR看装修 | 房本满五年 | 随时看房,https://hui.lianjia.com/ershoufang/105120894194.html
户型方正，采光佳，布局合理，宽敞明亮，改善型,"光耀荷兰小城 , 陈江",3室2厅,77.17平米,东北,简装,28层 ,,板塔结合,42 万,5443 元,0,,,VR看装修 | 房本满五年 | 随时看房,https://hui.lianjia.com/ershoufang/105117396005.html
诚心出售次新小区 高楼层三房一套,"大亚湾碧桂园城央印象 , 吾悦广场",3室2厅,105.25平米,东南,精装,33层 ,,板塔结合,89 万,8457 元,0,,,VR看装修 | 随时看房,https://hui.lianjia.com/ershoufang/105121191988.html
水悦龙湾头排毛坯5房江景户型实用，有入户茶室,"龙光·水悦龙湾 , 东平",5室2厅,144.74平米,西南,毛坯,高楼层(共29层) ,,板塔结合,175 万,12091 元,0,,,VR看装修 | 房本满五年 | 随时看房,https://hui.lianjia.com/ershoufang/105117454545.html
大亚湾凯旋城北区两房 实用率高,"德丰凯旋城北区 , 大亚湾中心区",2室1厅,42平米,北,精装,26层 ,,塔楼,26 万,6191 元,2,,,VR看装修 | 房本满五年 | 随时看房,https://hui.lianjia.com/ershoufang/105120098151.html
天虹楼上小区 陈江核 心位置 价格可谈,"壹城中心6区 , 陈江",4室2厅,116.24平米,南 北,精装,低楼层(共32层) ,,塔楼,97 万,8345 元,0,,,VR看装修 | 房本满两年 | 随时看房,https://hui.lianjia.com/ershoufang/105117288123.html
满五唯一无欠款 前有广场后有公园 业主诚意出售,"御玺山大峡谷一期 , 比亚迪商圈",2室1厅,77.67平米,东,,32层 ,,板塔结合,34 万,4378 元,0,,16天以前发布,VR房源 | 随时看房,https://hui.lianjia.com/ershoufang/105122388241.html
高档装修，家具好，楼层靓，位置 好,"瑞和园 , 博罗中心区",4室2厅,140平米,北,简装,21层 ,,板楼,66.8 万,4772 元,0,,,VR房源 | 房本满五年 | 随时看房,https://hui.lianjia.com/ershoufang/105120038387.html
诚意出售，高楼层东户南向楼下就是益田带车位,"翡翠山珑悦 , 万达",3室2厅,103平米,南,精装,33层 ,,塔楼,115 万,11166 元,1,,8天以前发布,VR房源 | 房本满五年 | 随时看房,https://hui.lianjia.com/ershoufang/105122482315.html
华泰新村 原装电梯 精装三房 价格美丽,"华泰新邨 , 麦地",3室2厅,94.26平米,南,简装,高楼层(共12层) ,,板塔结合,60 万,6366 元,0,,,VR房源,https://hui.lianjia.com/ershoufang/105121999894.html
旺东国际广场小两房，视野开阔，采光充足,"旺东国际广场 , 开城大润发",2室2厅,67.3平米,西,简装,30层 ,,塔楼,44 万,6538 元,1,,,VR看装修 | 房本满五年 | 随时看房,https://hui.lianjia.com/ershoufang/105113253033.html
近南站，此房近COCO街。视野开阔,"星河丹堤S2区 , 南站新城",3室2厅,77.6平米,西北,毛坯,34层 ,,板塔结合,78 万,10052 元,0,,,VR看装修 | 房本满五年 | 随时看房,https://hui.lianjia.com/ershoufang/105114510082.html
原值高税费少，南向东边户看园林，诚心出售,"卓越东部蔚蓝海岸五期 , 西区新寮",3室2厅,95.79平米,南,简装,33层 ,,塔楼,87 万,9083 元,0,,,VR房源 | 随时看房,https://hui.lianjia.com/ershoufang/105121925244.html
南山公馆南 北向高层视野好 安静 看房有钥匙,"南山公馆 , 麦地",3室2厅,140.81平米,南,毛坯,高楼层(共16层) ,,板塔结合,84 万,5966 元,0,,13天以前发布,VR房源 | 房本满五年 | 随时看房,https://hui.lianjia.com/ershoufang/105122419977.html
华丽大厦 佳兆业商圈 带装修 3房2卫 目前出租2000,"华丽大厦 , 江北",3室1厅,122.59平米,南 西北,简装,30层 ,,板塔结合,73 万,5955 元,0,,,VR房源 | 房本满五年,https://hui.lianjia.com/ershoufang/105121586876.html
高品质大型小区、环境好，深圳与惠州交界处,"牧云溪谷五期云锦 , 新圩",2室2厅,79平米,东南,简装,32层 ,,板塔结合,91 万,11519 元,0,,,VR看装修 | 随时看房,https://hui.lianjia.com/ershoufang/105120870917.html
一楼带院子，看房有钥匙，西湖边上 3房格局，,"六角巷 , 下埔",3室1厅,73.09平米,南,简装,低楼层(共5层) ,,,29 万,3968 元,1,,,VR看装修 | 房本满五年 | 随时看房,https://hui.lianjia.com/ershoufang/105121658653.html
户型方正，房产清晰，业主急售，小区自己的物业,"金裕星河丹堤 , 小金口",3室2厅,85.89平米,南,毛坯,低楼层(共34层) ,,塔楼,39 万,4541 元,0,,11天以前发布,VR房源 | 随时看房,https://hui.lianjia.com/ershoufang/105122451965.html
大花园社区，配.套成熟，楼层好，户型方正,"鸿威金都雅苑 , 小金口",2室2厅,81.46平米,西,毛坯,中楼层(共30层) ,,板塔结合,32 万,3929 元,0,,18天以前发布,VR房源 | 随时看房,https://hui.lianjia.com/ershoufang/105122370428.html
电梯房，户型格局方正，采光良好。,"鸿威金都雅苑 , 小金口",2室1厅,80.22平米,南,精装,低楼层(共30层) ,,板塔结合,36 万,4488 元,1,,,VR看装修 | 房本满五年 | 随时看房,https://hui.lianjia.com/ershoufang/105121429529.html
此房满五唯一 中间 户型 精装修保养好户型方正,"合生·上观国际 , 水口",4室2厅,159.89平米,南,精装,中楼层(共29层) ,,塔楼,140 万,8757 元,0,,,VR看装修 | 房本满五年,https://hui.lianjia.com/ershoufang/105122103227.html
临深白云新城 通勤便利 配套齐全 居住好 近地铁,"鹏城里 , 白云新城",4室2厅,112.1平米,南 北,毛坯,30层 ,,板塔结合,55 万,4907 元,0,,19天以前发布,VR房源 | 房本满两年 | 随时看房,https://hui.lianjia.com/ershoufang/105122358403.html
开发商装修通透四房 全新未住过人 带12平南向景观阳台,"龙光城北十一期 , 龙光城",4室2厅,118.73平米,东南 西北,精装,32层 ,,板塔结合,103 万,8676 元,0,,27天以前发布,VR看装修 | 随时看房,https://hui.lianjia.com/ershoufang/105122294537.html
大大草地 3房两卫  毛坯 高楼层 业主诚心出售,"DADA的草地 , 大亚湾中心区",3室2厅,100.74平米,南,毛坯,32层 ,,板塔结合,29 万,2879 元,24,,,VR看装修 | 房本满五年 | 随时看房,https://hui.lianjia.com/ershoufang/105115176417.html
顶楼建了铁皮从自己房子可以上去，买一得二,"吴屋园路 , 下角",3室1厅,63.09平米,东南,,高楼层(共4层) ,,,18 万,2854 元,1,,14天以前发布,VR房源 | 房本满五年 | 随时看房,https://hui.lianjia.com/ershoufang/105122414346.html
临深楼盘带装修，标准2+1房  业主诚心出售,"秋谷康城 , 龙光城",2室2厅,82.67平米,西南,精装,30层 ,,板塔结合,46 万,5565 元,6,,,VR看装修 | 房本满五年 | 随时看房,https://hui.lianjia.com/ershoufang/105113590690.html
配套齐全，生活便利，首付月供无压力，好出租,"金茂精英现代城一期 , 陈江",2室2厅,64.95平米,南,简装,17层 ,,板塔结合,23 万,3542 元,0,,,VR看装修 | 房本满五年 | 随时看房,https://hui.lianjia.com/ershoufang/105121859575.html
一线临深，次新小区，好楼层好视野,"冠华城桂香园三期 , 西区新寮",3室2厅,84.32平米,南,毛坯,33层 ,,板塔结合,66 万,7828 元,0,,5天以前发布,VR房源 | 随时看房,https://hui.lianjia.com/ershoufang/105122514072.html
半岛公园旁 次新小区 深东新锐 大三房 诚意出售,"深东新锐 , 区政府",3室1厅,107.61平米,南,,中楼层(共28层) ,,板塔结合,75 万,6970 元,0,,,VR房源 | 房本满两年 | 随时看房,https://hui.lianjia.com/ershoufang/105117334776.html
万达广场精装四房，业主要钱不要房,"龙光玖龙花园 , 万达",4室2厅,111.97平米,南,精装,32层 ,,板塔结合,75 万,6699 元,0,,,VR看装修 | 房本满两年 | 随时看房,https://hui.lianjia.com/ershoufang/105113925607.html
麦地成熟小区生活便利交通方便住家装修,"麦地南山庄二期 , 麦地",3室2厅,109.51平米,南,简装,中楼层(共8层) ,,板塔结合,82 万,7488 元,0,,,VR看装修 | 房本满五年 | 随时看房,https://hui.lianjia.com/ershoufang/105117210713.html
中建物业  中天彩虹城3室  业主诚心出售  看房方便,"中天彩虹城北区 , 开城大润发",3室2厅,118平米,南,精装,28层 ,,板楼,66 万,5594 元,0,,,VR房源,https://hui.lianjia.com/ershoufang/105119953551.html
壹城中心11区  毛坯南北通4房 踩光好 户型方正,"壹城中心11区 , 陈江",4室2厅,124平米,南 北,毛坯,高楼层(共30层) ,,板塔结合,93 万,7500 元,0,,,VR看装修 | 随时看房,https://hui.lianjia.com/ershoufang/105121336583.html
一线临深，标准大三房，业主红本在手，没有欠款,"锦地繁花骏园 , 西区新寮",3室2厅,98.43平米,东南,,30层 ,,板塔结合,60 万,6096 元,0,,,VR看装修 | 房本满两年 | 随时看房,https://hui.lianjia.com/ershoufang/105120112429.html
图书馆500强大社区户型方正视野开阔红本在手,"新华联广场 , 大亚湾中心区",2室2厅,101.39平米,南,精装,32层 ,,塔楼,39.3 万,3877 元,0,,,VR看装修 | 房本满五年 | 随时看房,https://hui.lianjia.com/ershoufang/105121320910.html
半山洋房，环境好，空气清新，视野开阔,"星河丹堤N区 , 南站新城",4室2厅,140.78平米,南 北,毛坯,7层 ,,板楼,170 万,12076 元,3,,,VR看装修 | 房本满五年 | 随时看房,https://hui.lianjia.com/ershoufang/105119305616.html
全新装修带家私电，业主诚心卖，适合居家,"DADA的草地 , 大亚湾中心区",3室1厅,106.51平米,南 北,精装,32层 ,,板塔结合,40 万,3756 元,5,,,VR看装修 | 房本满五年 | 随时看房,https://hui.lianjia.com/ershoufang/105119488219.html
华侨新苑，朝南，大三房，采光好。,"华侨新苑 , 龙丰",3室2厅,94.7平米,南,简装,8层 ,,板塔结合,36 万,3802 元,0,,,VR看装修 | 随时看房,https://hui.lianjia.com/ershoufang/105121345429.html
河麦成熟片区 电梯2房 世纪伯爵,"世纪铂爵 , 麦地",2室1厅,85.35平米,南,简装,低楼层(共30层) ,,塔楼,58 万,6796 元,0,,,VR看装修 | 房本满五年 | 随时看房,https://hui.lianjia.com/ershoufang/105119100122.html
临深百万大盘，牧云溪谷，环境优美楼层好,"牧云溪谷六期云禧 , 新圩",2室2厅,72平米,西南 西,毛坯,32层 ,,板塔结合,69 万,9584 元,0,,,VR看装修 | 随时看房,https://hui.lianjia.com/ershoufang/105121827307.html
满二 原值高少税 看花园和泳池采光通风良好 次新房,"星河丹堤V区 , 南站新城",4室2厅,101.52平米,南,毛坯,34层 ,,,95 万,9358 元,1,,,VR看装修 | 房本满五年 | 随时看房,https://hui.lianjia.com/ershoufang/105119844141.html
临深大社区 通透 楼层好 视野宽阔  配套齐全,"龙光城北二期 , 龙光城",4室1厅,127.98平米,南 北,毛坯,29层 ,,板塔结合,115 万,8986 元,2,,,VR房源 | 房本满五年 | 随时看房,https://hui.lianjia.com/ershoufang/105122041607.html
海伦堡十里东江 3室2厅 东南,"海伦堡十里东江 , 下角",3室2厅,93.17平米,东南,毛坯,20层 ,,板塔结合,45 万,4830 元,0,,,VR看装修 | 房本满五年 | 随时看房,https://hui.lianjia.com/ershoufang/105121846605.html
禾塘街 ，中层，二楼带单车间。,"统建楼 , 下角",3室2厅,95.87平米,西南,简装,7层 ,,塔楼,29 万,3025 元,2,,,VR看装修 | 房本满五年 | 随时看房,https://hui.lianjia.com/ershoufang/105119728585.html
此房户型方正，楼层好，视野开阔，采光好。,"天安珑城 , 区政府",3室1厅,85.13平米,南,精装,29层 ,,塔楼,83 万,9750 元,1,,,VR看装修 | 房本满两年,https://hui.lianjia.com/ershoufang/105119835642.html
临深大社区，配套完善，近沙田地铁站，诚心出售！,"锦地繁花 , 西区新寮",4室2厅,127平米,南 北,毛坯,25层 ,,板塔结合,74.5 万,5867 元,2,,,VR看装修 | 随时看房,https://hui.lianjia.com/ershoufang/105120835514.html
60栋大社区 大花园 惠阳汽车站旁 交通方便,"花样年别样城二期 , 新行政区",3室2厅,95.16平米,南 西,毛坯,33层 ,,板塔结合,52 万,5465 元,1,,,VR看装修 | 房本满五年 | 随时看房,https://hui.lianjia.com/ershoufang/105113584473.html
顶楼复式4房上下2层 天台种菜 种花,"碧桂园翠湖湾 , 新圩",4室3厅,181.95平米,东南,精装,高楼层(共17层) ,,塔楼,116 万,6376 元,1,,,VR房源 | 房本满两年 | 随时看房,https://hui.lianjia.com/ershoufang/105120531228.html
轻轨物业 金辉新苑精装大三房 保养好 拎包入住,"金輝新苑 , 龙丰",3室2厅,130.34平米,北,精装,中楼层(共9层) ,,板塔结合,75 万,5755 元,0,,,VR房源 | 房本满五年 | 随时看房,https://hui.lianjia.com/ershoufang/105118865051.html
中间楼层采光好 户型方正 满五唯一 税费低,"公交宿舍 , 麦地",3室2厅,78.82平米,南,,9层 ,,,29.8 万,3781 元,0,,31天以前发布,VR房源 | 房本满五年 | 随时看房,https://hui.lianjia.com/ershoufang/105122256853.html
隆生仲恺花园3区4房2厅2卫，天益城商圈，配套齐全,"隆生仲恺花园3区 , 陈江",4室2厅,127平米,南,毛坯,高楼层(共32层) ,,板楼,83 万,6536 元,0,,,VR看装修 | 随时看房,https://hui.lianjia.com/ershoufang/105117831903.html
彩虹城北区  带装修 一室  天虹大润发,"中天彩虹城北区 , 开城大润发",1室1厅,30平米,东南,,30层 ,,塔楼,12.8 万,4267 元,0,,,VR看装修 | 房本满五年 | 随时看房,https://hui.lianjia.com/ershoufang/105120907318.html
花园中间高楼层前后无遮挡视野开阔采光好,"东江学府三期 , 河南岸",3室2厅,133平米,南 北,精装,高楼层(共18层) ,,板塔结合,126 万,9474 元,0,,,VR看装修 | 随时看房,https://hui.lianjia.com/ershoufang/105121970828.html
：此房朝南，边户，采光好，小区中间位置视野开阔,"金沙世纪城 , 大亚湾中心区",3室2厅,87.08平米,南,精装,32层 ,,板塔结合,47 万,5398 元,3,,,VR看装修 | 房本满五年 | 随时看房,https://hui.lianjia.com/ershoufang/105120092263.html
居住安静舒适。户型方正。楼下有幼儿园,"恒大棕榈岛 , 白云新城",4室2厅,114.32平米,南,毛坯,32层 ,,板楼,65 万,5686 元,0,,,VR看装修 | 房本满五年 | 随时看房,https://hui.lianjia.com/ershoufang/105121437543.html
水口新力城三期109平大三房好楼层品质次新小区,"新力城三期 , 水口",3室2厅,109.45平米,南,毛坯,低楼层(共32层) ,,板楼,80 万,7310 元,0,,,VR看装修 | 随时看房,https://hui.lianjia.com/ershoufang/105121728567.html
合生上观国际  大三房  户型方正  楼层好,"合生·上观国际 , 水口",3室2厅,132.36平米,南,精装,中楼层(共18层) ,,塔楼,85 万,6422 元,0,,,VR房源 | 房本满两年,https://hui.lianjia.com/ershoufang/105118236478.html
红本在手，拧包入住，视野开阔。 大 社 区 带电梯,"半岛1号三期 , 白云新城",4室2厅,148.33平米,南 北,简装,16层 ,,板塔结合,95 万,6405 元,0,,,VR房源 | 房本满五年 | 随时看房,https://hui.lianjia.com/ershoufang/105119677530.html
富川瑞园，楼层高采光好，近仲恺大道配套齐全,"富川瑞园 , 惠环",3室2厅,82.42平米,南,毛坯,高楼层(共32层) ,,板塔结合,29 万,3519 元,1,,,VR看装修 | 房本满五年 | 随时看房,https://hui.lianjia.com/ershoufang/105121043226.html
滨江苑  精装四房 有钥匙看房方便,"滨江苑 , 下埔",4室2厅,116.88平米,南,简装,高楼层(共8层) ,,,52 万,4450 元,1,,,VR看装修 | 房本满五年,https://hui.lianjia.com/ershoufang/105121526962.html
安静不吵！宝安山水龙城 精装3房 拎包入住 装修保养好,"宝安山水龙城 , 水口",3室2厅,86.67平米,南,精装,中楼层(共27层) ,,塔楼,73 万,8423 元,0,,,VR看装修 | 房本满五年 | 随时看房,https://hui.lianjia.com/ershoufang/105122117131.html
全屋精装拎包入住，刚装修好很新，4房2厅，楼层好,"德威江誉城Ⅱ期 , 马安",4室2厅,123.45平米,南,精装,高楼层(共32层) ,,塔楼,128 万,10369 元,0,,,VR看装修 | 房本满两年,https://hui.lianjia.com/ershoufang/105121561973.html
房子采光好。大三房。大亚湾合心地段,"三远大爱城 , 吾悦广场",3室2厅,92.71平米,南,毛坯,32层 ,,板塔结合,58 万,6257 元,0,,,VR看装修 | 房本满五年 | 随时看房,https://hui.lianjia.com/ershoufang/105121844987.html
高楼层朝南户型，采光好，户型格局方正,"碧桂园翠湖湾 , 新圩",4室2厅,128.52平米,南,毛坯,中楼层(共33层) ,,塔楼,65 万,5058 元,0,,,VR看装修 | 房本满两年 | 随时看房,https://hui.lianjia.com/ershoufang/105119151777.html
天益城商圈，隆生仲恺花园1区。房子没有欠款好楼层,"隆生仲恺花园 , 陈江",4室2厅,121.8平米,南 西南,毛坯,高楼层(共30层) ,,塔楼,89 万,7308 元,0,,,VR看装修 | 随时看房,https://hui.lianjia.com/ershoufang/105119689165.html
荷兰小城4房2厅 精装修，业主诚心出售,"光耀荷兰小城 , 陈江",4室2厅,101.32平米,南,精装,33层 ,,塔楼,66 万,6515 元,0,,,VR看装修 | 房本满五年 | 随时看房,https://hui.lianjia.com/ershoufang/105118283449.html
昶园大户型大四房三卫高铁站900米 南北通透,"昶园 , 南站新城",4室2厅,161平米,南 北,毛坯,30层 ,,板塔结合,133 万,8261 元,0,,,VR房源 | 房本满五年 | 随时看房,https://hui.lianjia.com/ershoufang/105121899315.html
南北通，视野广阔，采光好楼层好，户型方正,"方直星耀国际 , 河南岸",3室2厅,93.77平米,南,毛坯,高楼层(共31层) ,,板塔结合,106 万,11305 元,1,,,VR看装修 | 房本满五年 | 随时看房,https://hui.lianjia.com/ershoufang/105120537619.html
业主急售 户型方正采光好 面积使用率高,"天源花园 , 大亚湾中心区",3室2厅,81.18平米,南 北,,27层 ,,板塔结合,43 万,5297 元,0,,,VR看装修 | 房本满五年 | 随时看房,https://hui.lianjia.com/ershoufang/105121472953.html
荣灿精装三房 视野开阔 采光好 一线江景,"荣灿惠州中心 , 江北",3室2厅,134.42平米,东北,精装,低楼层(共36层) ,,板塔结合,210 万,15623 元,0,,,VR看装修 | 房本满五年 | 随时看房,https://hui.lianjia.com/ershoufang/105115505175.html
户型方正，采光通风，楼层位置好，配套设施齐全,"亚迪二村二区 , 澳头",3室2厅,115.39平米,南,,32层 ,,板塔结合,44.8 万,3883 元,2,,,VR房源 | 房本满五年 | 随时看房,https://hui.lianjia.com/ershoufang/105120236655.html
业主诚心出售，朝南自住精装修，楼下配套齐全,"德丰凯旋城北区 , 大亚湾中心区",3室1厅,81.07平米,南,精装,27层 ,,板塔结合,56.8 万,7007 元,0,,,VR看装修,https://hui.lianjia.com/ershoufang/105122169259.html
业主诚心卖　格局方正　楼层采光效果好　红本在手,"龙光城北四期 , 龙光城",4室1厅,107.74平米,北,精装,33层 ,,板塔结合,85 万,7890 元,2,,,VR看装修 | 房本满两年 | 随时看房,https://hui.lianjia.com/ershoufang/105121191958.html
户型方正 南北通 精装 带车位,"海惠花园一区 , 吾悦广场",3室2厅,121.93平米,南 北,精装,18层 ,,塔楼,67 万,5495 元,0,,,VR看装修 | 房本满五年 | 随时看房,https://hui.lianjia.com/ershoufang/105122213194.html
低总价三房两卫 看花园 采光足通风棒 钥匙在手,"TCL康城四季 , 惠环",3室2厅,88.41平米,南,毛坯,32层 ,,塔楼,46.6 万,5271 元,1,,,VR房源 | 房本满五年 | 随时看房,https://hui.lianjia.com/ershoufang/105116617691.html
缘水岸标准户型。门口八小半岛公园，业主诚心卖。,"湖滨花园2期 , 区政府",3室2厅,108.89平米,南,毛坯,30层 ,,板塔结合,89 万,8174 元,2,,,VR看装修 | 房本满五年 | 随时看房,https://hui.lianjia.com/ershoufang/105115174435.html
临14号地铁沙田站 方正户型 业主诚心出售,"凯南莱弗城 , 西区新寮",1室1厅,49.39平米,南,精装,30层 ,,板塔结合,29 万,5872 元,1,,,VR看装修 | 房本满五年,https://hui.lianjia.com/ershoufang/105119815078.html
次新小区红本在手万科物业业主诚心出售,"晶地里程花园 , 西区新寮",4室2厅,113.58平米,南,简装,33层 ,,塔楼,71 万,6252 元,2,,,VR看装修,https://hui.lianjia.com/ershoufang/105121936844.html
五一新天地旁 荷兰小城南北户型四房业主诚心出售,"光耀荷兰小城 , 陈江",4室2厅,96.39平米,南 北,毛坯,30层 ,,板楼,46 万,4773 元,0,,,VR看装修 | 房本满两年 | 随时看房,https://hui.lianjia.com/ershoufang/105120949452.html
江湾一品 4室2厅 东北,"江湾一品 , 下角",4室2厅,174.89平米,东北,毛坯,高楼层(共30层) ,,板塔结合,168 万,9607 元,0,,24天以前发布,VR看装修 | 房本满五年 | 随时看房,https://hui.lianjia.com/ershoufang/105122321272.html
富康锦绣壹号三期 朝南三房 东边户 视野好 诚心出售,"富康锦绣壹号三期 , 西区新寮",3室2厅,85.24平米,南,精装,32层 ,,塔楼,96 万,11263 元,0,,8天以前发布,VR房源 | 房本满五年 | 随时看房,https://hui.lianjia.com/ershoufang/105122483423.html
吾悦广场旁业主自住，诚心卖，南北通，看花园!,"碧桂园太东公园上城 , 吾悦广场",3室2厅,109.35平米,南 北,精装,33层 ,,板塔结合,96 万,8780 元,0,,,VR看装修 | 房本满两年,https://hui.lianjia.com/ershoufang/105121101826.html
福晟钱隆樽品花园 3室2厅 南,"福晟钱隆樽品花园 , 陈江",3室2厅,90.2平米,南,简装,33层 ,,塔楼,62 万,6874 元,0,,,VR看装修 | 随时看房,https://hui.lianjia.com/ershoufang/105119282953.html
荣佳国韵 两房 税费少，高档小区，一线临深，配套齐全,"荣佳国韵二期 , 龙光城",2室2厅,74.75平米,东南 南,毛坯,26层 ,,板塔结合,46 万,6154 元,5,,,VR看装修 | 随时看房,https://hui.lianjia.com/ershoufang/105113315861.html
红本在手无欠款，开发商装修，无住过人，户型通透,"龙光城北十二期 , 龙光城",4室1厅,109.36平米,东南,精装,33层 ,,板塔结合,100 万,9145 元,0,,,VR房源 | 房本满五年 | 随时看房,https://hui.lianjia.com/ershoufang/105120668956.html
二月天花园 2室2厅 北,"二月天花园 , 大亚湾中心区",2室2厅,55.7平米,北,精装,33层 ,,塔楼,28 万,5027 元,1,,,VR看装修,https://hui.lianjia.com/ershoufang/105122102643.html
平台介绍，金地物业大亚湾第1住宅业主红本在售,"富康锦绣壹号5期 , 西区新寮",4室2厅,124.7平米,南 北,精装,32层 ,,塔楼,162 万,12992 元,2,,,VR看装修 | 随时看房,https://hui.lianjia.com/ershoufang/105118154375.html
双阳台南北通 北靠亚公顶森林公园 南看园林 和泳池,"星河丹堤C区 , 南站新城",4室2厅,135.42平米,南 北,精装,31层 ,,板塔结合,110 万,8123 元,1,,,VR看装修 | 房本满五年 | 随时看房,https://hui.lianjia.com/ershoufang/105121738871.html
楼层好，采光充足，视野开阔，大型高品质小区,"牧云溪谷二期云尚 , 新圩",3室2厅,86.12平米,东南,简装,33层 ,,塔楼,115 万,13354 元,0,,,VR看装修 | 随时看房,https://hui.lianjia.com/ershoufang/105118996598.html
东湖花园三区 边位 电梯中上层 采光通风好,"东湖花园三号小区 , 东平",3室1厅,109.21平米,北,简装,高楼层(共14层) ,,板楼,73 万,6685 元,0,,,VR房源 | 房本满五年 | 随时看房,https://hui.lianjia.com/ershoufang/105121429297.html
诚意出售东湖花园四区电梯正南 书香门第,"东湖花园四号小区 , 东平",2室1厅,88.44平米,南,精装,7层 ,,板塔结合,55 万,6219 元,1,,,VR房源 | 房本满五年 | 随时看房,https://hui.lianjia.com/ershoufang/105119168182.html
昶园满三年业主红本在手无欠款诚心出售有钥匙看房,"昶园 , 南站新城",4室2厅,141平米,南 北,毛坯,30层 ,,板塔结合,98 万,6951 元,0,,,VR看装修 | 随时看房,https://hui.lianjia.com/ershoufang/105117872347.html
水口上观国际，中间楼层，南北对流，视野好，大社区。,"合生·上观国际 , 水口",4室2厅,144.58平米,南 北,,低楼层(共29层) ,,塔楼,129 万,8923 元,0,,,VR看装修 | 随时看房,https://hui.lianjia.com/ershoufang/105119389843.html
陈江CBD双阳台4房装修全新南北通透诚心出售价格可谈,"华廷悦府 , 陈江",4室2厅,118.7平米,南 北,精装,低楼层(共31层) ,,塔楼,105 万,8846 元,0,,,VR看装修 | 房本满两年 | 随时看房,https://hui.lianjia.com/ershoufang/105115931979.html
沃尔玛旁红本在手 精装修单间 拎包入住电梯房交通便利,"当代上品湾花园 , 澳头",1室0厅,30.82平米,西,,37层 ,,板塔结合,11 万,3570 元,8,,,VR看装修 | 房本满五年,https://hui.lianjia.com/ershoufang/105120930443.html
京华中央御园 4室2厅 南,"京华中央御园 , 比亚迪商圈",4室2厅,87.61平米,南,简装,26层 ,,板塔结合,55 万,6278 元,0,,10天以前发布,VR房源 | 房本满五年 | 随时看房,https://hui.lianjia.com/ershoufang/105122465136.html
高铁站物业，花园小区，楼层靓宽，阔合格，景三房。,"玖龙台 , 潼侨沥林",3室1厅,85.53平米,南,,低楼层(共31层) ,,,39 万,4560 元,0,,26天以前发布,VR看装修 | 随时看房,https://hui.lianjia.com/ershoufang/105122302144.html
江北片区 双城国际北区 简单装修三房 看房方便有钥匙,"双城国际北区 , 江北",3室2厅,121.91平米,南,简装,中楼层(共16层) ,,塔楼,95 万,7793 元,1,,,VR房源 | 随时看房,https://hui.lianjia.com/ershoufang/105113810365.html
双城国际北区，业主说砍价就卖，花园小区，实用大三房,"双城国际北区 , 江北",4室2厅,112.49平米,北,,低楼层(共16层) ,,塔楼,78 万,6934 元,2,,,VR房源 | 房本满五年 | 随时看房,https://hui.lianjia.com/ershoufang/105112698002.html
德威花园二期 四房二厅二卫 南北通 中间楼层 看花园,"德威花园城二期 , 秋长",4室2厅,117.14平米,南 北,毛坯,中楼层(共31层) ,,塔楼,63.8 万,5447 元,0,,12天以前发布,VR房源 | 随时看房,https://hui.lianjia.com/ershoufang/105122432527.html
锦地繁花，一线临深小区，800米坪山，good！,"锦地繁花 , 西区新寮",2室1厅,76.71平米,南,毛坯,22层 ,,板塔结合,42 万,5476 元,0,,,VR看装修 | 房本满五年 | 随时看房,https://hui.lianjia.com/ershoufang/105122215303.html
房屋装修好，看房联系，采光好，看房方便,"加旺花苑 , 麦地",4室1厅,113.8平米,北,精装,中楼层(共8层) ,,板楼,69.8 万,6134 元,0,,,VR房源 | 房本满两年,https://hui.lianjia.com/ershoufang/105120604159.html
仲恺高新区陈江南站旁仲恺隆生花园,"隆生仲恺花园 , 陈江",4室2厅,130.15平米,东南,精装,低楼层(共27层) ,,板塔结合,114 万,8760 元,0,,,VR看装修 | 房本满两年,https://hui.lianjia.com/ershoufang/105120804233.html
精装修朝南大入户三房两卫  阳光假日花园,"阳光假日花园 , 东平",3室2厅,107.58平米,南,精装,9层 ,,板塔结合,83 万,7716 元,0,,,VR房源 | 房本满五年,https://hui.lianjia.com/ershoufang/105118333750.html
"产权清晰,朝南采光视野开阔，中间楼层，随时看房","卓越东部蔚蓝海岸三期 , 西区新寮",2室2厅,76.43平米,南,毛坯,33层 ,,塔楼,47 万,6150 元,0,,,VR看装修 | 房本满五年 | 随时看房,https://hui.lianjia.com/ershoufang/105120488145.html
临深，朝南，好楼层，配套完善，小区环境舒适,"美景印象 , 西区新寮",4室2厅,110.2平米,南 北,毛坯,31层 ,,板塔结合,78 万,7079 元,0,,,VR看装修 | 房本满两年 | 随时看房,https://hui.lianjia.com/ershoufang/105117299358.html
隆生仲恺花园 3房2卫 花园中间位置 看花园,"隆生仲恺花园 , 陈江",3室1厅,110.13平米,南,毛坯,32层 ,,塔楼,67 万,6084 元,0,,,VR房源 | 房本满五年 | 随时看房,https://hui.lianjia.com/ershoufang/105121561557.html
哇啊，翡翠山大3房大社区，益田 万达大商圈,"翡翠山城君御 , 万达",3室2厅,113.57平米,南,精装,33层 ,,板塔结合,97 万,8541 元,2,,,VR房源 | 房本满两年 | 随时看房,https://hui.lianjia.com/ershoufang/105119846523.html
精装大两房，户型方正户，采光充足，视野宽阔,"康城四季棕榈园 , 惠环",2室2厅,77.49平米,北,精装,9层 ,,塔楼,42 万,5421 元,2,,,VR看装修 | 房本满五年,https://hui.lianjia.com/ershoufang/105121893105.html
江北次新小区御豪庭精装复式3房诚意出售简约风装修新,"御豪庭 , 江北",3室2厅,150.05平米,南 北,精装,高楼层(共7层) ,,,170 万,11330 元,1,,,VR房源,https://hui.lianjia.com/ershoufang/105121242973.html
小高层2居室，近天虹商场，红本在手 税费少,"中铭豪园 , 区政府",2室2厅,75.9平米,东南,简装,12层 ,,板塔结合,43 万,5666 元,1,,,VR看装修 | 房本满五年 | 随时看房,https://hui.lianjia.com/ershoufang/105121312766.html
三和经济开发区，南北通四房，全屋定制,"龙光玖龙山 , 三和经济开发区",4室2厅,112.12平米,南 北,,32层 ,,板塔结合,70 万,6244 元,0,,29天以前发布,VR看装修 | 随时看房,https://hui.lianjia.com/ershoufang/105122272017.html
此房视野好，户型方正，使用率高，百万大城,"龙光城南一期 , 龙光城",4室2厅,146平米,东南,毛坯,28层 ,,板塔结合,108 万,7398 元,2,,,VR看装修 | 随时看房,https://hui.lianjia.com/ershoufang/105120843671.html
汇乐城旁，南贸花园三期，次新小区精装三房，拎包入住,"南贸花园三期 , 水口",3室2厅,88.08平米,东南,精装,高楼层(共22层) ,,塔楼,88 万,9991 元,0,,,VR看装修 | 房本满两年,https://hui.lianjia.com/ershoufang/105120585017.html
数码园南区 中交香颂 三房急售 40.88万,"中交香颂花园 , 三栋镇",3室2厅,87.89平米,南,毛坯,低楼层(共18层) ,,板塔结合,40.8 万,4643 元,0,,,VR看装修 | 房本满五年 | 随时看房,https://hui.lianjia.com/ershoufang/105122143595.html
壹城六区南北通4房，高层视野好，看房方便,"壹城中心6区 , 陈江",4室2厅,115.78平米,南 北,毛坯,高楼层(共32层) ,,板塔结合,83.8 万,7238 元,0,,,VR看装修 | 房本满两年 | 随时看房,https://hui.lianjia.com/ershoufang/105116700716.html
急卖 万达商圈 精装2房 南向 配套完善,"水墨林溪雅苑 , 吾悦广场",2室1厅,76.87平米,南 北,精装,17层 ,,塔楼,40 万,5204 元,0,,,VR看装修 | 房本满两年 | 随时看房,https://hui.lianjia.com/ershoufang/105119567278.html
天翔华利交通便利距离校园近小孩方便,"天翔华利苑 , 陈江",2室2厅,89.15平米,南,毛坯,低楼层(共27层) ,,塔楼,38.5 万,4319 元,0,,,VR看装修 | 房本满五年 | 随时看房,https://hui.lianjia.com/ershoufang/105119139493.html
佳兆业君汇上品四房中间楼层视野开阔,"佳兆业君汇上品 , 陈江",4室2厅,121.7平米,南,毛坯,34层 ,,板楼,65 万,5342 元,0,,,VR看装修 | 房本满两年 | 随时看房,https://hui.lianjia.com/ershoufang/105118386967.html
小区优质好房，中间楼层朝南看花园，税费低看房方便,"德丰凯旋城北区 , 大亚湾中心区",3室2厅,78.91平米,南,毛坯,26层 ,,板塔结合,36 万,4563 元,0,,,VR房源 | 房本满五年 | 随时看房,https://hui.lianjia.com/ershoufang/105122214186.html
接地气3房 视野开阔小区生活方便 近市场和巴士车站,"碧桂园十里银滩海悦湾 , 十里银滩",3室1厅,78.66平米,东 东南,精装,30层 ,,板塔结合,31.6 万,4018 元,2,,,VR看装修 | 房本满五年 | 随时看房,https://hui.lianjia.com/ershoufang/105121763238.html
隆生三期大3房，中高好楼层，业主诚心卖无欠款,"隆生仲恺花园3区 , 陈江",3室2厅,110.47平米,南,,中楼层(共33层) ,,塔楼,68 万,6156 元,0,,,VR看装修 | 随时看房,https://hui.lianjia.com/ershoufang/105121576042.html
此栋楼地理位置好，朝正南无遮挡户型好 业主诚心出售,"建曙高尔夫1号 , 区政府",4室2厅,110.03平米,西南,精装,30层 ,,塔楼,95 万,8635 元,0,,,VR看装修 | 房本满五年 | 随时看房,https://hui.lianjia.com/ershoufang/105119695556.html
惠阳2018年的小区朝南看山景三房二卫未入住的精装房,"碧桂园山河城 , 三和经济开发区",3室1厅,96.97平米,南,精装,34层 ,,板塔结合,45 万,4641 元,1,,,VR房源 | 随时看房,https://hui.lianjia.com/ershoufang/105117325339.html
水岸城六期三房两卫两厅自住精装拎包入住,"中信水岸城六期 , 东江新城",3室2厅,112.88平米,东南,简装,高楼层(共32层) ,,塔楼,115 万,10188 元,1,,,VR看装修 | 房本满五年 | 随时看房,https://hui.lianjia.com/ershoufang/105119944907.html
太东天地花园 大3房朝南 没有遮挡看山景,"太东天地花园 , 大亚湾中心区",3室2厅,88.59平米,南,精装,33层 ,,板塔结合,43 万,4854 元,2,,,VR看装修 | 房本满五年,https://hui.lianjia.com/ershoufang/105121311346.html
新力城精装三房 朝南看江 户型方正,"新力城二期 , 水口",3室2厅,89.68平米,南,精装,中楼层(共32层) ,,板塔结合,69 万,7695 元,0,,,VR看装修 | 随时看房,https://hui.lianjia.com/ershoufang/105119566161.html
金世界 4房 证在手 诚心出售 随时可看房,"金世界花园 , 江北",4室2厅,135.12平米,北,简装,16层 ,,板塔结合,75.8 万,5610 元,1,,,VR房源 | 房本满五年 | 随时看房,https://hui.lianjia.com/ershoufang/105115965457.html
长通熙园 没个税 随时可以看房 不朝高铁 配套成熟,"长通熙园 , 开城大润发",4室1厅,128.8平米,南,精装,33层 ,,塔楼,105 万,8153 元,1,,,VR看装修 | 房本满两年 | 随时看房,https://hui.lianjia.com/ershoufang/105115051301.html
全新装修房子由我专属对接业主，不买贵，看房谈价联系,"翡翠时光 , 下角",1室1厅,43.46平米,西,精装,低楼层(共9层) ,,板塔结合,23 万,5293 元,0,,,VR看装修 | 随时看房,https://hui.lianjia.com/ershoufang/105122025433.html
业主诚心出售，红本在手， 简装，看房方便.,"又一村花园十期 , 白云新城",2室2厅,72.98平米,东南,简装,高楼层(共6层) ,,板楼,13 万,1782 元,10,,,VR看装修 | 房本满五年,https://hui.lianjia.com/ershoufang/105121996102.html
华廷悦府高品质次新小区，刚需三房两卫朝南户型,"华廷悦府 , 陈江",3室2厅,97.86平米,南,毛坯,低楼层(共31层) ,,板塔结合,67 万,6847 元,0,,,VR看装修 | 随时看房,https://hui.lianjia.com/ershoufang/105119446485.html
运恒嘉园精装3房出售，满五唯一,"运恒嘉园 , 江北",3室2厅,96.93平米,南,精装,中楼层(共9层) ,,板楼,60 万,6191 元,1,,,VR看装修 | 房本满五年,https://hui.lianjia.com/ershoufang/105121185600.html
临深地铁口，房子户型房子，出租居家都适合,"枫叶雅堤 , 白云新城",2室1厅,73平米,南 北,毛坯,11层 ,,板塔结合,25 万,3425 元,1,,,VR房源 | 随时看房,https://hui.lianjia.com/ershoufang/105121961087.html
业主急售 朝南大阳台视野好 家私家电齐全精装修,"中兴佳苑 , 大亚湾中心区",1室1厅,51.4平米,南,简装,26层 ,,塔楼,23 万,4475 元,0,,21天以前发布,VR看装修 | 房本满五年 | 随时看房,https://hui.lianjia.com/ershoufang/105122344707.html
诚意出售，高楼层东户南向楼下就是益田带车位,"翡翠山珑悦 , 万达",3室2厅,103平米,南,精装,33层 ,,塔楼,115 万,11166 元,1,,8天以前发布,VR房源 | 房本满五年 | 随时看房,https://hui.lianjia.com/ershoufang/105122482315.html
江北少有大复式，带300平私家露台，精装7房，诚意出售,"江北盛世华府 , 江北",7室2厅,305.1平米,南,精装,高楼层(共13层) ,,板楼,258 万,8457 元,3,,,VR房源 | 房本满五年,https://hui.lianjia.com/ershoufang/105118964969.html
德丰凯旋城北区 1室1厅 北,"德丰凯旋城北区 , 大亚湾中心区",1室1厅,38.19平米,北,简装,26层 ,,板塔结合,20 万,5237 元,0,,,VR看装修 | 房本满五年 | 随时看房,https://hui.lianjia.com/ershoufang/105121921595.html
临深百万大盘，户型方正，业主诚心出售,"卓越蔚蓝海岸七期 , 西区新寮",3室2厅,96平米,南,精装,18层 ,,板塔结合,78 万,8125 元,1,,,VR看装修 | 随时看房,https://hui.lianjia.com/ershoufang/105122088601.html
江北鼎峰国汇山，刚需选择，朝南采光好,"鼎峰国汇山 , 江北",3室2厅,88.06平米,北,毛坯,高楼层(共32层) ,,板塔结合,82 万,9312 元,0,,,VR看装修 | 随时看房,https://hui.lianjia.com/ershoufang/105115279385.html
一线临深精装三房两卫，业主全新未入住，朝南看河景,"卓越东部蔚蓝海岸五期 , 西区新寮",3室2厅,95.83平米,南,精装,33层 ,,塔楼,81.88 万,8545 元,0,,,VR看装修 | 房本满两年 | 随时看房,https://hui.lianjia.com/ershoufang/105121487750.html
方直君御朝南3房2厅精装修 带家私电器出售,"方直君御 , 东江新城",3室2厅,91平米,南,,中楼层(共23层) ,,塔楼,128 万,14066 元,0,,,VR看装修,https://hui.lianjia.com/ershoufang/105120820807.html
红树林公园旁，精装四房，看房方便，无个税,"碧桂园太东天樾湾 , 大亚湾中心区",4室2厅,128.76平米,南 北,精装,34层 ,,板塔结合,63 万,4893 元,3,,,VR看装修 | 随时看房,https://hui.lianjia.com/ershoufang/105121702213.html
F区南向三房 视野宽阔无遮挡 采光充足 业主诚意出售,"星河丹堤F区 , 南站新城",3室2厅,88.02平米,南,毛坯,34层 ,,板塔结合,69 万,7840 元,6,,,VR看装修 | 房本满五年 | 随时看房,https://hui.lianjia.com/ershoufang/105119931523.html
红树林公园旁，二房带精装，业主急卖,"海伦堡海伦虹 , 大亚湾中心区",2室2厅,75.74平米,南,精装,20层 ,,板塔结合,39.8 万,5255 元,1,,,VR看装修 | 房本满两年 | 随时看房,https://hui.lianjia.com/ershoufang/105121284387.html
国企盘单价4000出头 急售 中间楼层,"天健阳光花园 , 新圩",3室1厅,79.45平米,南,,低楼层(共18层) ,,板塔结合,33 万,4154 元,1,,17天以前发布,VR看装修 | 房本满五年 | 随时看房,https://hui.lianjia.com/ershoufang/105122386377.html
真实房源-不吃差价-钥匙在店-看房方便-中间楼层,"海伦堡西子湾 , 下角",3室1厅,110.51平米,南,毛坯,中楼层(共40层) ,,塔楼,86 万,7783 元,0,,15天以前发布,VR房源 | 房本满两年 | 随时看房,https://hui.lianjia.com/ershoufang/105122408054.html
业主诚心出售，精装四房两卫，南北通，中间楼层,"花样年别样城五期 , 新行政区",4室2厅,101.62平米,南,精装,33层 ,,板塔结合,67 万,6594 元,0,,,VR看装修 | 房本满五年 | 随时看房,https://hui.lianjia.com/ershoufang/105121048944.html
海锦香槟小镇 4室1厅 东南,"海锦香槟小镇 , 惠环",4室1厅,96.27平米,东南,毛坯,高楼层(共26层) ,,板塔结合,45 万,4675 元,0,,31天以前发布,VR房源 | 随时看房,https://hui.lianjia.com/ershoufang/105122248945.html
业主 急 售卖 朝南2房 大社区榕城华庭,"榕城华庭 , 博罗中心区",2室2厅,74平米,西南,简装,高楼层(共26层) ,,板塔结合,33.8 万,4568 元,0,,,VR看装修 | 房本满两年,https://hui.lianjia.com/ershoufang/105122146413.html
临深大四房带装修不靠高铁没有住过人,"金地天润自在城二期 , 西区新寮",4室2厅,103.19平米,东南 南,精装,33层 ,,板塔结合,90 万,8722 元,0,,,VR房源 | 随时看房,https://hui.lianjia.com/ershoufang/105121113962.html
轻轨口 朝南3房 诚意出售 无欠款 随时看房,"華邦·首府 , 惠环",3室2厅,93.44平米,东南,简装,中楼层(共22层) ,,板塔结合,58 万,6208 元,1,,,VR看装修 | 房本满五年 | 随时看房,https://hui.lianjia.com/ershoufang/105120689260.html
临深百万大盘，业主很诚心卖，小区通勤很方便,"卓越东部蔚蓝海岸三期 , 西区新寮",2室2厅,76.53平米,南,,33层 ,,板塔结合,45 万,5881 元,0,,14天以前发布,VR房源 | 房本满五年 | 随时看房,https://hui.lianjia.com/ershoufang/105122414700.html
南站旁   星河百万大盘 125平 做五房,"星河丹堤G区 , 南站新城",5室2厅,124.63平米,南 北,精装,34层 ,,塔楼,165 万,13240 元,15,,,VR看装修,https://hui.lianjia.com/ershoufang/105110590482.html
花样年别样城101平米四房南北通 高层无遮挡视野开阔,"花样年别样城四期 , 新行政区",4室2厅,101.27平米,南 北,简装,高楼层(共32层) ,,板塔结合,70 万,6913 元,0,,,VR看装修 | 随时看房,https://hui.lianjia.com/ershoufang/105120736515.html
高新区龙湖品质三房 大横厅 随时看房,"春江天境花园 , 东江高新区",3室2厅,99.28平米,南,毛坯,中楼层(共33层) ,,塔楼,54.5 万,5490 元,0,,,VR看装修 | 房本满两年 | 随时看房,https://hui.lianjia.com/ershoufang/105121063857.html
江北新区金裕星河丹堤大楼盘单价只需要五字头,"金裕星河丹堤 , 小金口",4室2厅,121平米,南 北,毛坯,低楼层(共34层) ,,,57.8 万,4777 元,1,,,VR看装修 | 房本满两年 | 随时看房,https://hui.lianjia.com/ershoufang/105121100004.html
枕海而居，融创海湾半岛海景房，解锁滨海理想生活,"融创海湾半岛 , 十里银滩",1室1厅,52.39平米,南,精装,34层 ,,板塔结合,21.8 万,4162 元,2,,,VR房源 | 房本满五年 | 随时看房,https://hui.lianjia.com/ershoufang/105121920301.html
雅博世纪广场 配套成熟 出行方便 看房方便,"雅博世纪广场 , 开城大润发",3室1厅,123.26平米,南,,中楼层(共29层) ,,板塔结合,53 万,4300 元,0,,,VR房源 | 房本满五年 | 随时看房,https://hui.lianjia.com/ershoufang/105120339454.html
鑫月城 刚需3房 好楼层 视野无遮挡,"御湖豪庭 , 陈江",3室2厅,86.88平米,南,毛坯,27层 ,,塔楼,47.3 万,5445 元,0,,,VR看装修 | 房本满五年 | 随时看房,https://hui.lianjia.com/ershoufang/105118143981.html
嘉和丽苑精装两房出售 一公里东江边 钓鱼方便,"嘉和丽苑 , 江北",2室1厅,87.11平米,西南,,高楼层(共15层) ,,板塔结合,70 万,8036 元,0,,,VR看装修,https://hui.lianjia.com/ershoufang/105121853291.html
全新装修，诚意出售，看房便利佳兆业商圈,"嘉和盛世 , 江北",4室2厅,131平米,南 北,简装,中楼层(共30层) ,,,155 万,11833 元,0,,,VR看装修 | 房本满五年 | 随时看房,https://hui.lianjia.com/ershoufang/105120874555.html
嘉和盛世132平精装修拎包入住业主诚意卖不靠三环路,"嘉和盛世 , 江北",4室2厅,132.6平米,南 北,精装,低楼层(共31层) ,,塔楼,175 万,13198 元,0,,,VR看装修 | 房本满两年,https://hui.lianjia.com/ershoufang/105122004699.html
颐景花园 大三房 花园中间 安静 配套成熟,"颐景花园 , 东平",3室2厅,120.8平米,南 北,精装,中楼层(共18层) ,,板塔结合,90 万,7451 元,1,,,VR房源 | 房本满五年,https://hui.lianjia.com/ershoufang/105118505648.html
惠阳政芯60栋大社区，成熟品质社区，人间烟火味浓郁！,"花样年别样城三期 , 新行政区",4室2厅,87.62平米,南 北,精装,32层 ,,板塔结合,66.8 万,7624 元,0,,,VR看装修 | 房本满五年 | 随时看房,https://hui.lianjia.com/ershoufang/105118025999.html
万达 配套完善，小区物业管理妥当，方正,"香榭名苑 , 万达",2室2厅,64.97平米,东南,精装,23层 ,,塔楼,48.5 万,7465 元,1,,,VR看装修,https://hui.lianjia.com/ershoufang/105122081126.html
精装南北通4房 带品牌家私 看房方便,"雅居乐铂琅峯花园 , 惠环",4室1厅,112.87平米,南,精装,33层 ,,板塔结合,84.8 万,7514 元,1,,8天以前发布,VR房源 | 房本满两年 | 随时看房,https://hui.lianjia.com/ershoufang/105122477256.html
金盛丽景标准大三房 中间楼层 全新装修直接拎包入住,"华兴金盛丽景 , 水口",3室2厅,110.91平米,南,精装,高楼层(共17层) ,,板楼,82 万,7394 元,3,,,VR看装修 | 随时看房,https://hui.lianjia.com/ershoufang/105120075347.html
临深大型社区 中高楼层 业主诚心出售,"德丰·五月花花园 , 西区新寮",3室2厅,88平米,北,简装,17层 ,,板塔结合,55 万,6250 元,1,,,VR房源 | 随时看房,https://hui.lianjia.com/ershoufang/105119930365.html
次新小区，标准两房 户型方正 中间楼层视野好无遮挡,"奥园开城首府 , 开城大润发",3室2厅,108.8平米,南,,29层 ,,板塔结合,75 万,6894 元,0,,,VR看装修 | 随时看房,https://hui.lianjia.com/ershoufang/105118232851.html
天宸原著原木风格，业主自装花了心思,"龙湖天宸原著花园 , 河南岸",3室2厅,94.99平米,南,精装,中楼层(共33层) ,,塔楼,148 万,15581 元,0,,,VR看装修 | 随时看房,https://hui.lianjia.com/ershoufang/105121783443.html
江滨华府全新装修看湖看江三房满五年随时看房,"江滨华府(二手) , 小金口",3室2厅,89.53平米,南,精装,高楼层(共30层) ,,板塔结合,49.8 万,5563 元,0,,,VR房源 | 房本满五年 | 随时看房,https://hui.lianjia.com/ershoufang/105121976575.html
百万大盘，生活配套齐全，地段好，小区环境优美宜居,"华冠花园 , 大亚湾中心区",4室1厅,103.66平米,南,毛坯,33层 ,,板塔结合,43 万,4149 元,4,,,VR看装修 | 房本满五年 | 随时看房,https://hui.lianjia.com/ershoufang/105118920108.html
金山新城东江新城新片区  西枝江畔马安河旁  刚需三房,"德威江誉城Ⅱ期 , 马安",3室2厅,96.52平米,东南,,高楼层(共32层) ,,塔楼,79 万,8185 元,0,,,VR房源 | 房本满两年 | 随时看房,https://hui.lianjia.com/ershoufang/105115229153.html
临深 壹方水榭 低密度大社区，看河景视野好，,"壹方水榭 , 白云新城",4室2厅,119平米,北,简装,中楼层(共31层) ,,板塔结合,82 万,6891 元,1,,30天以前发布,VR看装修 | 房本满两年 | 随时看房,https://hui.lianjia.com/ershoufang/105122266780.html
朝南标准三房 高楼层 视野好 通透,"昊翔源云璞花园 , 陈江",3室2厅,97.31平米,南 北,毛坯,高楼层(共27层) ,,塔楼,75 万,7708 元,0,,,VR看装修 | 房本满两年 | 随时看房,https://hui.lianjia.com/ershoufang/105120803657.html
金山湖方直东岸精装3房2卫出售，安静不吵,"方直东岸 , 河南岸",3室2厅,101平米,南,精装,32层 ,,板塔结合,115 万,11387 元,2,,,VR看装修 | 房本满五年 | 随时看房,https://hui.lianjia.com/ershoufang/105117678874.html
保利四期南北通的户型，业主诚心卖,"保利阳光城四期 , 白云新城",3室1厅,94.63平米,南 北,毛坯,32层 ,,板塔结合,67.9 万,7176 元,0,,13天以前发布,VR房源 | 房本满两年 | 随时看房,https://hui.lianjia.com/ershoufang/105122427943.html
轻轨旁新园林社区 户型方正视野好，配套齐全交通便利,"雅居乐铂琅峯花园 , 惠环",3室2厅,95.94平米,南,毛坯,高楼层(共33层) ,,板塔结合,59 万,6150 元,0,,,VR看装修 | 房本满两年 | 随时看房,https://hui.lianjia.com/ershoufang/105121097346.html
颐景花园，朝南花园中间位，证在手，四房,"颐景花园 , 东平",3室1厅,140.61平米,东南,精装,中楼层(共11层) ,,板塔结合,125 万,8890 元,0,,,VR房源 | 随时看房,https://hui.lianjia.com/ershoufang/105121717737.html
星河丹堤G4区，朝南三房，业主诚心出售,"星河丹堤G4区 , 南站新城",3室2厅,100.26平米,南,毛坯,32层 ,,板塔结合,102 万,10174 元,0,,,VR房源 | 房本满两年 | 随时看房,https://hui.lianjia.com/ershoufang/105120717095.html
业主诚心出售，次新小区，居家舒适，高速近,"天源花园 , 大亚湾中心区",3室2厅,81.35平米,南,毛坯,26层 ,,板塔结合,29 万,3565 元,0,,17天以前发布,VR房源 | 房本满五年 | 随时看房,https://hui.lianjia.com/ershoufang/105122379998.html
龙湖华昌旁次新小区国兆嘉泓公馆 精装四房带家私家电,"国兆嘉泓公馆 , 水口",4室2厅,125.91平米,南,,低楼层(共28层) ,,板塔结合,80 万,6354 元,0,,15天以前发布,VR房源 | 房本满五年 | 随时看房,https://hui.lianjia.com/ershoufang/105122402585.html
龙光城南四期 3室2厅 南,"龙光城南四期 , 龙光城",3室2厅,71.59平米,南,简装,34层 ,,板塔结合,70 万,9778 元,1,,26天以前发布,VR房源 | 房本满五年 | 随时看房,https://hui.lianjia.com/ershoufang/105122302697.html
澳头高速出口，百万楼盘，高楼层视野采光好，随意改动,"华冠花园 , 大亚湾中心区",3室2厅,81.6平米,南,毛坯,26层 ,,板塔结合,37 万,4535 元,0,,,VR看装修 | 随时看房,https://hui.lianjia.com/ershoufang/105121960219.html
大社区花园高层视野开阔，拎包入住,"富川瑞园 , 惠环",4室2厅,97平米,南,精装,中楼层(共34层) ,,板塔结合,51 万,5258 元,0,,,VR看装修 | 随时看房,https://hui.lianjia.com/ershoufang/105119900094.html
碧桂园十里银滩爱琴海4-2-1-2 147.00m 130 万,"碧桂园十里银滩爱琴海 , 十里银滩",4室2厅,147平米,西南,精装,30层 ,,板塔结合,62.8 万,4273 元,5,,,VR房源 | 随时看房,https://hui.lianjia.com/ershoufang/105109446051.html
半岛1号五期 3室2厅 南,"半岛1号五期 , 白云新城",3室2厅,105.16平米,南,毛坯,22层 ,,板塔结合,79.5 万,7560 元,0,,,VR看装修 | 房本满五年 | 随时看房,https://hui.lianjia.com/ershoufang/105122100136.html
南湖时光小户型，精装修，不占背包出售，随时看房,"南湖时光 , 南坛",1室1厅,43平米,南,,12层 ,,,153.8 万,35768 元,0,,,VR看装修 | 随时看房,https://hui.lianjia.com/ershoufang/105122192233.html
大新城旁边璟鹏华府小区三房两厅两卫。,"璟鹏华府 , 水口",3室2厅,100.2平米,东南,简装,11层 ,,板塔结合,59.5 万,5939 元,0,,,VR看装修 | 房本满五年,https://hui.lianjia.com/ershoufang/105121038755.html
临深近地铁大单间户型方正视野宽阔配套完善交通便利,"和瑞大厦 , 西区新寮",1室0厅,28.43平米,东,精装,30层 ,,板塔结合,16.9 万,5945 元,0,,5天以前发布,VR房源 | 随时看房,https://hui.lianjia.com/ershoufang/105122516181.html
业主诚心出售 临 深社区小区有山有湖,"龙海壹号 , 万达",3室2厅,103.33平米,南,毛坯,34层 ,,板塔结合,60 万,5807 元,2,,,VR看装修 | 房本满五年 | 随时看房,https://hui.lianjia.com/ershoufang/105121877935.html
区政府 汇星名庭 精装三房 配套齐全 税费低,"汇星名庭 , 草洋新区",3室1厅,110.54平米,西南,简装,23层 ,,塔楼,53 万,4795 元,0,,30天以前发布,VR看装修 | 房本满五年 | 随时看房,https://hui.lianjia.com/ershoufang/105122267783.html
房屋保养好，红本在手，随时可签约，看房方便,"碧桂园.十里银滩.山林海二区 , 十里银滩",2室2厅,66.63平米,南,精装,29层 ,,板塔结合,21.8 万,3272 元,4,,,VR房源 | 房本满五年 | 随时看房,https://hui.lianjia.com/ershoufang/105121891325.html
产权清晰，诚心出售，临深，户型方正,"壹方水榭 , 白云新城",4室2厅,110平米,南 北,精装,高楼层(共30层) ,,板塔结合,74 万,6728 元,0,,7天以前发布,VR房源 | 房本满两年 | 随时看房,https://hui.lianjia.com/ershoufang/105122496356.html
临深河景房源，小区中间位置，看花园和坪山河,"金溪湾 , 西区新寮",3室1厅,89.35平米,南,精装,29层 ,,板塔结合,48 万,5373 元,0,,,VR看装修 | 房本满五年 | 随时看房,https://hui.lianjia.com/ershoufang/105120680636.html
大湖溪 电梯房 带装修3房 拎包入住 生活方便 配套好,"大湖星城 , 水口",3室2厅,107.6平米,北,精装,中楼层(共8层) ,,板楼,45 万,4183 元,0,,,VR看装修 | 房本满五年,https://hui.lianjia.com/ershoufang/105121901891.html
临深100米 龙光城北八 视野好 看花园游泳池,"龙光城北八期 , 龙光城",4室2厅,105.21平米,东,精装,31层 ,,板塔结合,99 万,9410 元,0,,14天以前发布,VR房源 | 房本满五年 | 随时看房,https://hui.lianjia.com/ershoufang/105122414767.html
外地发展 精装急售 儿童公园楼上 户型方正,"恒大悦龙台 , 万达",3室2厅,85平米,北,精装,32层 ,,板塔结合,61 万,7177 元,0,,,VR看装修 | 随时看房,https://hui.lianjia.com/ershoufang/105121248762.html
户型方正。采光好，视野无遮挡。,"千禧嘉园 , 万达",2室2厅,74.82平米,北,,23层 ,,板塔结合,33.8 万,4518 元,0,,,VR看装修 | 房本满两年 | 随时看房,https://hui.lianjia.com/ershoufang/105113379440.html
户型房子 通风采光很好 业主诚心出售,"盛湾名居 , 澳头",3室2厅,89平米,南,简装,33层 ,,塔楼,44 万,4944 元,1,,,VR看装修 | 房本满五年 | 随时看房,https://hui.lianjia.com/ershoufang/105121809724.html
方直星耀国际好楼层大三房两卫，安静看花园视野开阔,"方直星耀国际 , 河南岸",3室2厅,126.5平米,南,毛坯,低楼层(共31层) ,,板塔结合,156 万,12333 元,0,,,VR看装修 | 房本满五年 | 随时看房,https://hui.lianjia.com/ershoufang/105117368539.html
朝南 高楼层 户型方正 使用率高,"海伦堡爱Me城市 , 澳头",3室1厅,116平米,南,毛坯,高楼层(共31层) ,,板塔结合,49 万,4225 元,0,,,VR房源 | 房本满五年 | 随时看房,https://hui.lianjia.com/ershoufang/105114797317.html
百万别墅大盘  大社区  近高铁站,"惠阳雅居乐花园一期 , 南站新城",2室2厅,88.49平米,西,精装,24层 ,,板塔结合,43 万,4860 元,1,,,VR看装修 | 房本满五年 | 随时看房,https://hui.lianjia.com/ershoufang/105122185558.html
高尔夫1号看高尔夫球场5房，景色绝美，中高楼层,"建曙高尔夫1号 , 区政府",5室2厅,125.72平米,南,精装,30层 ,,塔楼,119 万,9466 元,0,,,VR看装修 | 房本满五年 | 随时看房,https://hui.lianjia.com/ershoufang/105118745940.html
业主急售：朝南看花园 明厨明卫 采光通风视野开阔,"实地常春藤 , 三和经济开发区",3室2厅,108平米,南 北,毛坯,33层 ,,板塔结合,40 万,3704 元,0,,,VR看装修,https://hui.lianjia.com/ershoufang/105117220883.html
江北新装修 3+1房 装修很漂亮 中间楼层,"雨花香府 , 江北",4室2厅,116.16平米,东南 南,精装,中楼层(共17层) ,,,108 万,9298 元,0,,,VR看装修 | 房本满两年,https://hui.lianjia.com/ershoufang/105122171033.html
鸿润叠韵，带装修四房，诚意出售,"鸿润·叠韵 , 河南岸",4室2厅,141.57平米,南,精装,中楼层(共32层) ,,塔楼,99.8 万,7050 元,0,,,VR看装修 | 随时看房,https://hui.lianjia.com/ershoufang/105111008246.html
房子是满二没有增值税了，中间楼层采光和通风效果好,"长通熙园 , 开城大润发",2室1厅,70.12平米,南,,32层 ,,板楼,46 万,6561 元,1,,,VR房源 | 房本满五年 | 随时看房,https://hui.lianjia.com/ershoufang/105119417374.html
带大露台 轻轨口 2023年小区南北向4房 很漂亮,"翔顺花园 , 龙丰",4室2厅,115.4平米,东南,精装,低楼层(共27层) ,,板塔结合,148 万,12825 元,0,,,VR房源 | 房本满两年 | 随时看房,https://hui.lianjia.com/ershoufang/105122093370.html
春江天境花园 117.38平米 4房2厅2卫,"春江天境花园 , 东江高新区",4室2厅,117.38平米,南 北,毛坯,中楼层(共33层) ,,板塔结合,51 万,4345 元,0,,,VR看装修 | 房本满两年 | 随时看房,https://hui.lianjia.com/ershoufang/105121877937.html
御景花园3房2厅 精装修，看房有钥匙，带个小露台，,"御景花园南区 , 下角",3室2厅,86.89平米,西北,精装,24层 ,,板塔结合,72 万,8287 元,0,,,VR房源 | 房本满五年 | 随时看房,https://hui.lianjia.com/ershoufang/105120962268.html
惠阳站，一房一厅，近天虹大润发,"百润基银座 , 开城大润发",1室1厅,46.93平米,东北,简装,20层 ,,板楼,15.5 万,3303 元,2,,,VR房源 | 房本满五年,https://hui.lianjia.com/ershoufang/105120479881.html
惠州市大亚湾西区大悦花园4房2厅两卫业主诚心出售,"大悦花园 , 比亚迪商圈",4室2厅,88.26平米,南,毛坯,27层 ,,板塔结合,36 万,4079 元,1,,,VR看装修 | 房本满五年 | 随时看房,https://hui.lianjia.com/ershoufang/105122091628.html
万达商圈满5税少南向双阳台小洋房,"熊猫国际三期 , 万达",4室2厅,149.86平米,南,毛坯,11层 ,,板楼,99 万,6607 元,1,,,VR看装修 | 房本满五年 | 随时看房,https://hui.lianjia.com/ershoufang/105113586314.html
中间楼层，视野开阔，看花园，业主诚意急卖，方便看房,"星河丹堤G区 , 南站新城",3室2厅,98.06平米,南,毛坯,34层 ,,塔楼,90 万,9179 元,0,,,VR房源 | 房本满五年 | 随时看房,https://hui.lianjia.com/ershoufang/105122218947.html
此房户型方正 景观很好采光通都可以，出租壹选,"东岸公馆 , 白云新城",2室1厅,64平米,南,毛坯,26层 ,,板塔结合,28 万,4375 元,4,,,VR看装修 | 房本满五年,https://hui.lianjia.com/ershoufang/105105751905.html
中骏雍景府小区环境优美，楼下很方便，,"中骏雍景府 , 江北",2室1厅,41平米,南,,中楼层(共22层) ,,板塔结合,16.5 万,4025 元,1,,,VR房源 | 随时看房,https://hui.lianjia.com/ershoufang/105119955338.html
海伦湾朝南看江景三房，高层全新毛坯，南北通双阳台,"海伦堡海伦湾 , 东平",4室2厅,102.43平米,南,毛坯,中楼层(共33层) ,,板塔结合,90 万,8787 元,0,,,VR看装修 | 房本满五年 | 随时看房,https://hui.lianjia.com/ershoufang/105113844502.html
江北丽日君颐花园花园中间安静3房2卫精装保养好,"丽日君颐家园 , 江北",3室1厅,94.85平米,北,简装,高楼层(共30层) ,,板塔结合,108 万,11387 元,0,,,VR看装修 | 房本满五年 | 随时看房,https://hui.lianjia.com/ershoufang/105118239579.html
泰宇城市中央 4室2厅 南,"泰宇城市中央 , 江北",4室2厅,108平米,南,精装,中楼层(共30层) ,,塔楼,107 万,9908 元,0,,11天以前发布,VR房源,https://hui.lianjia.com/ershoufang/105122450486.html
江北CBD唐宁公馆，看房店里有钥匙,"唐宁公馆 , 江北",4室1厅,170.05平米,南,毛坯,低楼层(共16层) ,,塔楼,159 万,9351 元,1,,,VR房源 | 房本满五年 | 随时看房,https://hui.lianjia.com/ershoufang/105114053540.html
牧马湖精装四房南北通透业主诚心出售,"泰丰牧马湖 , 万达",4室2厅,113.02平米,南 北,精装,11层 ,,板楼,123 万,10884 元,2,,,VR房源 | 房本满两年 | 随时看房,https://hui.lianjia.com/ershoufang/105120524561.html
临深一线好房，锦地繁花三房好户型好楼层好价格,"锦地繁花 , 西区新寮",3室2厅,88.05平米,南,毛坯,17层 ,,板塔结合,56.5 万,6417 元,0,,,VR看装修 | 房本满五年 | 随时看房,https://hui.lianjia.com/ershoufang/105119936583.html
高层朝南精装修采光好，看房方便,"丽格国际公寓 , 江北",1室1厅,42.5平米,南,简装,30层 ,,塔楼,32 万,7530 元,0,,,VR房源 | 随时看房,https://hui.lianjia.com/ershoufang/105120552618.html
龙光城南四期五房，业主诚心出售,"龙光城南四期 , 龙光城",5室2厅,114.65平米,东 北,简装,34层 ,,塔楼,106 万,9246 元,1,,,VR看装修,https://hui.lianjia.com/ershoufang/105120884341.html
大阳台大客厅！3代同堂！全新未住，视野采光通风好,"太东红树湾悦府 , 大亚湾中心区",5室2厅,288.07平米,东南,,22层 ,,板塔结合,357 万,12393 元,0,,,VR房源 | 随时看房,https://hui.lianjia.com/ershoufang/105122062254.html
采光通风效果好，业主诚意出售，小区舒服..........,"惠州星河盛世 , 白云新城",4室2厅,115.11平米,东南 南,毛坯,33层 ,,板塔结合,78 万,6777 元,1,,,VR看装修 | 房本满两年 | 随时看房,https://hui.lianjia.com/ershoufang/105112985871.html
华基江山业主急售价格看上可聊户型方正生活方便,"华基江山 , 博罗中心区",3室2厅,80平米,南,毛坯,低楼层(共28层) ,,板塔结合,30 万,3750 元,0,,,VR看装修 | 房本满五年 | 随时看房,https://hui.lianjia.com/ershoufang/105121193420.html
临深地铁口，大三房，户型方正，无个税，无增值税！,"锦地繁花骏园 , 西区新寮",3室2厅,98平米,南,毛坯,30层 ,,板塔结合,61 万,6225 元,0,,,VR房源 | 随时看房,https://hui.lianjia.com/ershoufang/105120618274.html
隆生品质小区 西江花园  大四房 高层视野开阔,"隆生西江花园 , 东江新城",5室2厅,152.29平米,南 北,毛坯,高楼层(共32层) ,,塔楼,156 万,10244 元,0,,,VR看装修 | 房本满两年 | 随时看房,https://hui.lianjia.com/ershoufang/105121821177.html
海伦堡项目房子格局好 南北通 高楼层景观好 看房方便,"海伦堡爱Me城市 , 澳头",4室2厅,124.99平米,南,毛坯,32层 ,,板塔结合,78 万,6241 元,0,,,VR看装修 | 房本满五年 | 随时看房,https://hui.lianjia.com/ershoufang/105112715863.html
隆生大社区 近天益城 朝南向 千米楼间距 视野开阔,"隆生仲恺花园3区 , 陈江",3室2厅,110.47平米,南,毛坯,中楼层(共33层) ,,塔楼,73 万,6609 元,0,,,VR看装修 | 房本满两年 | 随时看房,https://hui.lianjia.com/ershoufang/105120457163.html
全新精装修三房，带家私电器出售，高层采光通风无暗房,"新力城二期 , 水口",3室2厅,89.88平米,南,精装,高楼层(共31层) ,,板楼,66.6 万,7410 元,0,,,VR看装修 | 房本满五年 | 随时看房,https://hui.lianjia.com/ershoufang/105119905264.html
碧桂园山河城 3室2厅 北,"碧桂园山河城 , 三和经济开发区",3室2厅,92.32平米,北,精装,18层 ,,板塔结合,32.8 万,3553 元,0,,18天以前发布,VR看装修 | 随时看房,https://hui.lianjia.com/ershoufang/105122368563.html
恒大紫荆学府棕榈岛 3室2厅 南,"恒大紫荆学府棕榈岛 , 白云新城",3室2厅,103平米,南,精装,中楼层(共32层) ,,板塔结合,75 万,7282 元,0,,,VR看装修 | 随时看房,https://hui.lianjia.com/ershoufang/105115250138.html
临深央企保利阳光城93平精装四房,"保利阳光城二期 , 白云新城",4室2厅,92.57平米,北,精装,32层 ,,板塔结合,66.8 万,7217 元,0,,,VR看装修 | 房本满五年 | 随时看房,https://hui.lianjia.com/ershoufang/105121747632.html
户型方正毛坯业主诚心出售，位置好,"和府御堡 , 西区新寮",2室2厅,67.37平米,南,,26层 ,,塔楼,35 万,5196 元,1,,8天以前发布,VR房源 | 房本满五年 | 随时看房,https://hui.lianjia.com/ershoufang/105122479925.html
鑫月御景湾精装三房 户型方正 中间楼层 采光视野好,"鑫月御景湾 , 陈江",3室2厅,86平米,东南 南,,32层 ,,塔楼,53 万,6163 元,1,,,VR看装修 | 随时看房,https://hui.lianjia.com/ershoufang/105118352484.html
合生大社区三房，视野开阔，采光好,"合生·上观国际 , 水口",3室2厅,92.04平米,西南,精装,低楼层(共32层) ,,板楼,83 万,9018 元,1,,,VR看装修 | 房本满两年 | 随时看房,https://hui.lianjia.com/ershoufang/105121951824.html
臻誉府旁、自住精装修，朝南的！采光良好,"鑫月御景湾 , 陈江",3室2厅,86.08平米,东南,精装,32层 ,,塔楼,50 万,5809 元,0,,,VR看装修 | 房本满五年,https://hui.lianjia.com/ershoufang/105121564214.html
临14号地铁沙田站 ，次新房户型方正， 业主诚心出售,"壹方天第 , 白云新城",3室2厅,112.48平米,西南,精装,34层 ,,板塔结合,73 万,6491 元,2,,,VR看装修 | 随时看房,https://hui.lianjia.com/ershoufang/105113461928.html
三远大爱城精装，宽敞明亮，户型方正，适合居家,"三远大爱城 , 吾悦广场",3室2厅,88.67平米,南,精装,32层 ,,板塔结合,57 万,6429 元,9,,,VR房源 | 房本满五年 | 随时看房,https://hui.lianjia.com/ershoufang/105112846937.html
新天虹 大润发 精装修两房 拎包入住 满五唯一,"旺东国际广场 , 开城大润发",2室2厅,74.65平米,东南,精装,30层 ,,塔楼,53 万,7100 元,0,,,VR看装修 | 房本满五年 | 随时看房,https://hui.lianjia.com/ershoufang/105119988090.html
户型方正，采光好，视野好，无遮挡,"新华联广场 , 大亚湾中心区",3室2厅,88.61平米,北,简装,32层 ,,板塔结合,50 万,5643 元,5,,,VR看装修 | 房本满五年 | 随时看房,https://hui.lianjia.com/ershoufang/105116105001.html
荷兰小城，环境优美，小区空间大，小孩读书方便,"光耀荷兰小城 , 陈江",4室2厅,112平米,南,毛坯,31层 ,,板楼,57 万,5090 元,0,,,VR看装修 | 随时看房,https://hui.lianjia.com/ershoufang/105121033126.html
鑫月城三房大社区自带游泳池轻轨物业,"鑫月御景湾 , 陈江",3室2厅,86.72平米,南,精装,32层 ,,塔楼,49 万,5651 元,0,,,VR看装修 | 房本满五年 | 随时看房,https://hui.lianjia.com/ershoufang/105118809325.html
全新未住，业主诚意出售，南北向看花园，中间楼层,"龙湖天宸原著花园 , 河南岸",4室2厅,138.01平米,南,精装,中楼层(共33层) ,,塔楼,209 万,15144 元,1,,,VR看装修 | 随时看房,https://hui.lianjia.com/ershoufang/105118908790.html
全新末住过，无抵押，业主诚心出售，价格可谈。,"群峰花园 , 南站新城",3室2厅,94.63平米,东南,,中楼层(共33层) ,,塔楼,55 万,5813 元,0,,,VR看装修 | 房本满两年 | 随时看房,https://hui.lianjia.com/ershoufang/105120939638.html
小4房，视野好，无增值税和个税,"星河丹堤S2区 , 南站新城",4室2厅,95.26平米,南,,34层 ,,板塔结合,108 万,11338 元,0,,,VR看装修 | 房本满两年 | 随时看房,https://hui.lianjia.com/ershoufang/105112696350.html
高铁站旁 天虹大润发商圈 中高层南向3加1房！,"旺东国际广场 , 开城大润发",3室2厅,111.28平米,南,毛坯,30层 ,,塔楼,70 万,6291 元,1,,,VR看装修 | 房本满五年 | 随时看房,https://hui.lianjia.com/ershoufang/105118944501.html
原值高 采光好 户型方正 精装修两房,"三远大爱城 , 吾悦广场",2室2厅,76.49平米,南,,32层 ,,板塔结合,45 万,5884 元,2,,,VR看装修 | 房本满五年,https://hui.lianjia.com/ershoufang/105119332980.html
临深入住率高，税费低，精装修，配套齐全,"尚城世家二期 , 区政府",3室1厅,113.58平米,东南,精装,26层 ,,板塔结合,118 万,10390 元,0,,,VR房源 | 房本满五年 | 随时看房,https://hui.lianjia.com/ershoufang/105121458711.html
区政府 配套齐全 业主急售...,"中港华庭 , 区政府",1室1厅,50平米,东,,26层 ,,塔楼,19.8 万,3960 元,0,,,VR看装修 | 随时看房,https://hui.lianjia.com/ershoufang/105112984971.html
精装修南北通透大4房2卫看一线江景无遮挡海伦湾,"海伦堡海伦湾 , 东平",4室2厅,131.92平米,南 北,精装,中楼层(共32层) ,,板塔结合,138 万,10461 元,0,,,VR看装修 | 房本满五年 | 随时看房,https://hui.lianjia.com/ershoufang/105120053667.html
金山湖奥园领寓 精装公寓 1房1厅 拎包入住,"奥园领寓 , 河南岸",1室1厅,29.17平米,西北,精装,32层 ,,板塔结合,17.5 万,6000 元,1,,,VR房源 | 房本满五年,https://hui.lianjia.com/ershoufang/105121645814.html
区政府天虹旁鼎盛广场精装修1房业主诚心出售,"鼎盛广场 , 区政府",1室1厅,46.25平米,南,精装,33层 ,,板塔结合,19 万,4109 元,0,,,VR看装修 | 房本满五年 | 随时看房,https://hui.lianjia.com/ershoufang/105114526967.html
坪山河旁，视野采光好，户型方正，没有欠款,"美茵河畔花园 , 龙光城",3室2厅,101.52平米,南 北,精装,32层 ,,板塔结合,85 万,8373 元,0,,,VR看装修 | 房本满两年 | 随时看房,https://hui.lianjia.com/ershoufang/105120135018.html
精装修朝南无个税拎包入住百万大盘,"星河丹堤F区 , 南站新城",3室1厅,89.48平米,东南,精装,34层 ,,板塔结合,75 万,8382 元,5,,,VR房源 | 房本满五年 | 随时看房,https://hui.lianjia.com/ershoufang/105120010855.html
惠阳高铁站旁，星河丹堤大社区，交通便利，配套齐全,"星河丹堤C区 , 南站新城",3室1厅,174.06平米,南,精装,24层 ,,塔楼,152 万,8733 元,5,,,VR看装修 | 房本满五年 | 随时看房,https://hui.lianjia.com/ershoufang/105120810568.html
铂钻精装三房 楼栋视野百米楼间距 含家电管理费,"铂钻花园 , 东江新城",3室2厅,94.86平米,南,精装,中楼层(共27层) ,,板楼,105 万,11069 元,0,,18天以前发布,VR看装修 | 随时看房,https://hui.lianjia.com/ershoufang/105122365855.html
开城大道边、配套已然成熟、交通便利、总价低压力小,"建阳花园 , 开城大润发",2室2厅,64.45平米,南,,8层 ,,板塔结合,15 万,2328 元,6,,,VR看装修,https://hui.lianjia.com/ershoufang/105122138057.html
户型方正，采光通风好，业主急卖,"康汇花园 , 大亚湾中心区",3室2厅,128.87平米,北 南,简装,13层 ,,板塔结合,41 万,3182 元,5,,,VR看装修 | 房本满五年 | 随时看房,https://hui.lianjia.com/ershoufang/105118071464.html
天虹大润发商圈，楼层采光好，近惠阳站，业主诚心出售,"庄士花园 , 开城大润发",2室1厅,57.57平米,南,简装,18层 ,,塔楼,19.5 万,3388 元,4,,,VR看装修 | 房本满五年 | 随时看房,https://hui.lianjia.com/ershoufang/105115587336.html
原装电梯房，户型方正，楼层好采光充足  保养不错！,"东湖花园四号小区 , 东平",3室2厅,122.77平米,北,精装,9层 ,,板塔结合,85 万,6924 元,0,,,VR看装修 | 房本满五年 | 随时看房,https://hui.lianjia.com/ershoufang/105121561968.html
隆生西江花园 3室1厅 南,"隆生西江花园 , 东江新城",3室1厅,111.26平米,南,毛坯,高楼层(共31层) ,,板塔结合,128 万,11505 元,0,,,VR看装修 | 随时看房,https://hui.lianjia.com/ershoufang/105121837551.html
这套是离高铁比较远的那栋好楼层 南北通,"长通熙园 , 开城大润发",2室1厅,70.16平米,南 北,简装,32层 ,,塔楼,48 万,6842 元,0,,,VR房源 | 房本满五年 | 随时看房,https://hui.lianjia.com/ershoufang/105121239555.html
中骏雍景台，成熟社区，南向大4房，中楼层看花园,"中骏雍景台 , 马安",4室2厅,118平米,西南,毛坯,高楼层(共33层) ,,板塔结合,85 万,7204 元,0,,,VR房源 | 随时看房,https://hui.lianjia.com/ershoufang/105120037063.html
惠阳站旁花园社区，山景两房，感受亲近自然的空气,"惠阳雅居乐花园一期 , 南站新城",2室2厅,77.29平米,东,毛坯,24层 ,,板塔结合,28.3 万,3662 元,1,,,VR看装修 | 房本满五年 | 随时看房,https://hui.lianjia.com/ershoufang/105115215472.html
万达商圈  美泰天韵  带装修2房 业主诚意出售,"美泰天韵 , 万达",2室1厅,72.04平米,南,简装,30层 ,,板塔结合,42 万,5831 元,0,,,VR房源 | 房本满五年 | 随时看房,https://hui.lianjia.com/ershoufang/105120589297.html
水岸城7期 2023年装修 保养新  户型通透 楼层好看花园,"中信水岸城7期 , 东江新城",4室2厅,130.33平米,南,精装,32层 ,,板塔结合,170 万,13044 元,0,,,VR看装修,https://hui.lianjia.com/ershoufang/105121356679.html
金山新城大盘 美丽洲 花园中间4房 南北通透双阳台,"美丽洲 , 马安",4室2厅,117.32平米,南 北,毛坯,低楼层(共26层) ,,塔楼,99 万,8439 元,0,,,VR房源 | 随时看房,https://hui.lianjia.com/ershoufang/105122237485.html
房契税满两年，没有个税，原购价高，视野景观很不错。,"龙光城北十二期 , 龙光城",4室2厅,120平米,南,精装,33层 ,,板塔结合,109 万,9084 元,1,,,VR看装修 | 随时看房,https://hui.lianjia.com/ershoufang/105118985231.html
罗浮花园实用率至高的小区生活便利楼龄新,"罗浮花园 , 罗浮山",4室2厅,143.98平米,南,毛坯,高楼层(共18层) ,,板塔结合,82.3 万,5717 元,0,,,VR看装修 | 房本满五年 | 随时看房,https://hui.lianjia.com/ershoufang/105121129730.html
惠州南站，天虹大润发旁。 通风采光很好,"庄士花园 , 开城大润发",2室1厅,58平米,南,精装,18层 ,,塔楼,21 万,3621 元,2,,,VR看装修 | 房本满五年 | 随时看房,https://hui.lianjia.com/ershoufang/105121913457.html
户型方正，实用，采光好，税费低，适合居住。,"都市广场 , 区政府",1室0厅,40平米,西,简装,19层 ,,塔楼,13 万,3250 元,0,,,VR看装修 | 随时看房,https://hui.lianjia.com/ershoufang/105122189725.html
东南向，远看山景，近看小区园林水景，,"金地天润自在城一期 , 西区新寮",3室2厅,83.54平米,东南,简装,33层 ,,板塔结合,68 万,8140 元,3,,,VR看装修 | 房本满两年 | 随时看房,https://hui.lianjia.com/ershoufang/105118323293.html
高铁站成熟大社区，高入住率，诚心卖,"星河丹堤G区 , 南站新城",3室2厅,89平米,东南 南,精装,34层 ,,塔楼,89 万,10000 元,0,,,VR房源 | 随时看房,https://hui.lianjia.com/ershoufang/105121978994.html
精心装修，拎包入住，电梯中间楼层，采光视野好,"华润置地万象天汇 , 河南岸",3室2厅,96平米,南,精装,低楼层(共33层) ,,塔楼,129 万,13438 元,1,,,VR看装修 | 房本满两年 | 随时看房,https://hui.lianjia.com/ershoufang/105120340113.html
房子位于水口繁华区一线看江家门口鹿江沥公园 环境好,"新城鹿江风华 , 水口",4室2厅,123平米,南 北,,中楼层(共18层) ,,板塔结合,132 万,10732 元,0,,,VR看装修 | 随时看房,https://hui.lianjia.com/ershoufang/105119999941.html
陈江品质楼盘  3+1房（108平方）密码锁，随时可看房。,"华廷悦府 , 陈江",4室2厅,108平米,南,毛坯,高楼层(共30层) ,,板楼,80 万,7408 元,0,,,VR看装修 | 房本满两年 | 随时看房,https://hui.lianjia.com/ershoufang/105117911237.html
星河花园3加1南北通的电梯高层的房子,"星河花园 , 博罗中心区",3室2厅,127.21平米,南,毛坯,30层 ,,塔楼,38 万,2988 元,1,,,VR看装修 | 房本满五年 | 随时看房,https://hui.lianjia.com/ershoufang/105121178703.html
两梯三户，豪 华装修，满五年税费低，带车位,"海惠花园一区 , 吾悦广场",3室2厅,119.8平米,南,精装,18层 ,,塔楼,73 万,6094 元,14,,,VR看装修 | 房本满五年 | 随时看房,https://hui.lianjia.com/ershoufang/105106738040.html
头等舱沙发！！高档装修 坐瞰别墅景 双龍抱珠招財進寶,"半岛1号五期 , 白云新城",2室2厅,84.22平米,南,精装,22层 ,,板塔结合,59.88 万,7110 元,0,,,VR看装修 | 房本满五年 | 随时看房,https://hui.lianjia.com/ershoufang/105119687135.html
铂钻花园 一期不靠马路 中高楼层 日照充足 安静不吵,"铂钻花园 , 东江新城",3室2厅,96.95平米,南,毛坯,高楼层(共27层) ,,板楼,73 万,7530 元,0,,,VR房源 | 房本满两年 | 随时看房,https://hui.lianjia.com/ershoufang/105119715087.html
此房全新无住过人，产权无欠款，中楼层视野开阔,"小径海岸城花园 , 霞涌",2室2厅,69.89平米,南 北 东北,简装,33层 ,,板塔结合,28.5 万,4078 元,3,,,VR看装修 | 房本满五年 | 随时看房,https://hui.lianjia.com/ershoufang/105119134000.html
满五唯一采光好户型好业主诚意出售,"海伦堡爱Me城市 , 澳头",3室2厅,109.5平米,南 北,毛坯,32层 ,,板塔结合,59 万,5389 元,0,,,VR看装修 | 房本满五年 | 随时看房,https://hui.lianjia.com/ershoufang/105120190091.html
鑫月广场 3+1房 诚意出售 有钥匙 看房方便,"鑫月广场 , 陈江",4室2厅,108平米,南 北,精装,低楼层(共33层) ,,塔楼,68 万,6297 元,0,,12天以前发布,VR房源 | 随时看房,https://hui.lianjia.com/ershoufang/105122435096.html
位置好，出门是商场，户型很好，看花园,"翡翠山珑悦 , 万达",3室2厅,89.76平米,南 北,简装,34层 ,,塔楼,80 万,8913 元,1,,,VR看装修 | 房本满五年,https://hui.lianjia.com/ershoufang/105119138777.html
梵高的海优质三房，业主全新装修未入住，拎包即可入住,"小径海岸城花园 , 霞涌",3室2厅,97.79平米,南,精装,33层 ,,板塔结合,56 万,5727 元,0,,,VR看装修 | 房本满五年 | 随时看房,https://hui.lianjia.com/ershoufang/105119837252.html
金山湖山姆店！奥体中洲天御花园大社区 家门口翠竹42,"中洲天御二期 , 河南岸",3室2厅,92.77平米,南,精装,低楼层(共33层) ,,板塔结合,105 万,11319 元,0,,,VR看装修 | 房本满两年 | 随时看房,https://hui.lianjia.com/ershoufang/105120366807.html
红本在手，即买即住，对着小区花园，安静，无遮挡,"龙光城南四期 , 龙光城",4室2厅,106.18平米,南,毛坯,34层 ,,塔楼,88 万,8288 元,0,,,VR看装修 | 房本满五年 | 随时看房,https://hui.lianjia.com/ershoufang/105119576808.html
楼下鹿江公园露营底，楼层好，户型方正,"富盈公馆三期 , 马安",3室2厅,101.03平米,东南,毛坯,中楼层(共32层) ,,板塔结合,68 万,6731 元,1,,,VR看装修 | 房本满两年 | 随时看房,https://hui.lianjia.com/ershoufang/105121899770.html
金悦华府四房129平，南北通，靠花园里面不吵，高层,"金悦华府 , 东江新城",4室2厅,129.87平米,南,毛坯,高楼层(共40层) ,,板塔结合,125 万,9626 元,99,,,VR看装修 | 房本满两年 | 随时看房,https://hui.lianjia.com/ershoufang/105117493013.html
户型方正，视野采光好，业主急售！,"合生滨海城 , 澳头",4室2厅,160.87平米,南 北,毛坯,32层 ,,板塔结合,95 万,5906 元,2,,,VR看装修 | 房本满五年 | 随时看房,https://hui.lianjia.com/ershoufang/105119415110.html
三房两位满五唯一，产证在手，无欠款,"龙光·水悦龙湾 , 东平",3室2厅,97平米,南,,低楼层(共29层) ,,板塔结合,95 万,9794 元,1,,,VR看装修 | 房本满五年 | 随时看房,https://hui.lianjia.com/ershoufang/105121325035.html
户型方正 采光好，楼层视野好，税费少,"金地天润自在城一期 , 西区新寮",4室2厅,109.29平米,东 南,简装,33层 ,,板塔结合,76.5 万,7000 元,1,,,VR看装修 | 随时看房,https://hui.lianjia.com/ershoufang/105121330937.html
便宜两房、总价低值得参考、诚心出售,"阳光地带 , 开城大润发",2室2厅,59.64平米,南,,17层 ,,板塔结合,30 万,5031 元,0,,,VR房源 | 房本满五年 | 随时看房,https://hui.lianjia.com/ershoufang/105122215836.html
户型方正实用，采光好，税费低，适合居住。,"都市广场 , 区政府",1室1厅,46.99平米,西南,简装,19层 ,,板塔结合,15 万,3193 元,8,,,VR看装修 | 随时看房,https://hui.lianjia.com/ershoufang/105120300102.html
拎包即住→精装两房 朝南！视野开——阔 装修用料扎实,"万城 , 白云新城",2室2厅,68.12平米,南,精装,17层 ,,板塔结合,41.88 万,6148 元,0,,,VR看装修 | 房本满五年,https://hui.lianjia.com/ershoufang/105121467708.html
临深大社区复式2层大露台和下沉式花园看河景,"九洲玉带湾 , 白云新城",6室2厅,83.36平米,南,精装,33层 ,,板塔结合,168 万,20154 元,17,,,VR房源 | 房本满五年 | 随时看房,https://hui.lianjia.com/ershoufang/105107880697.html
品质小区   中高楼层   房子方正  采光好,"欣乐道华府 , 马安",3室1厅,88.95平米,南,毛坯,中楼层(共33层) ,,塔楼,57 万,6409 元,0,,,VR房源 | 房本满五年 | 随时看房,https://hui.lianjia.com/ershoufang/105116919665.html
朝南标准三房 高楼层 视野好 通透,"昊翔源云璞花园 , 陈江",3室2厅,97.31平米,南 北,毛坯,高楼层(共27层) ,,塔楼,75 万,7708 元,0,,,VR看装修 | 房本满两年 | 随时看房,https://hui.lianjia.com/ershoufang/105120803657.html
（平台推荐）临深片区南北通三房，交通方便,"荣佳国韵二期 , 龙光城",3室2厅,107.64平米,东南 南,精装,26层 ,,板塔结合,80 万,7433 元,1,,19天以前发布,VR房源 | 房本满两年 | 随时看房,https://hui.lianjia.com/ershoufang/105122355693.html
红本在手，业主诚心出售，价格可议价,"金輝新苑 , 龙丰",3室2厅,97平米,南,,中楼层(共8层) ,,板塔结合,57 万,5877 元,0,,,VR看装修,https://hui.lianjia.com/ershoufang/105118060670.html
盛世丰华 3室2厅 南,"盛世丰华 , 博罗石湾",3室2厅,98.8平米,南,毛坯,中楼层(共31层) ,,塔楼,49.8 万,5041 元,0,,19天以前发布,VR房源 | 房本满两年 | 随时看房,https://hui.lianjia.com/ershoufang/105122355562.html
一线河景 园林泳池景观好楼层采光充足,"保利阳光城四期 , 白云新城",4室2厅,132.39平米,东南,毛坯,32层 ,,板塔结合,103 万,7781 元,0,,,VR看装修 | 房本满两年 | 随时看房,https://hui.lianjia.com/ershoufang/105115516696.html
临深大社区 通透 楼层好 视野宽阔  配套齐全,"龙光城北二期 , 龙光城",4室1厅,127.98平米,南 北,毛坯,29层 ,,板塔结合,115 万,8986 元,2,,,VR房源 | 房本满五年 | 随时看房,https://hui.lianjia.com/ershoufang/105122041607.html
满二 原值高少税 看花园和泳池采光通风良好 次新房,"星河丹堤V区 , 南站新城",4室2厅,101.52平米,南,毛坯,34层 ,,,95 万,9358 元,1,,,VR看装修 | 房本满五年 | 随时看房,https://hui.lianjia.com/ershoufang/105119844141.html
禾塘街 ，中层，二楼带单车间。,"统建楼 , 下角",3室2厅,95.87平米,西南,简装,7层 ,,塔楼,29 万,3025 元,2,,,VR看装修 | 房本满五年 | 随时看房,https://hui.lianjia.com/ershoufang/105119728585.html
丽江花园南区 107平三房急售,"丽江花园南区 , 区政府",3室1厅,107平米,北,简装,18层 ,,板塔结合,57 万,5328 元,0,,,VR看装修 | 随时看房,https://hui.lianjia.com/ershoufang/105122116342.html
业主着急卖，南北通四房，看园林，少有户型卖,"德洲中心城 , 大亚湾中心区",4室2厅,123.1平米,南,简装,28层 ,,板塔结合,66 万,5362 元,0,,,VR看装修 | 房本满五年 | 随时看房,https://hui.lianjia.com/ershoufang/105119385527.html
金迪星苑中装2房出售 低楼层安静不吵 可拎包入住,"金迪星苑 , 龙丰",2室1厅,52.8平米,东南,精装,8层 ,,板楼,27.8 万,5266 元,0,,,VR看装修 | 随时看房,https://hui.lianjia.com/ershoufang/105121732376.html
区政府天虹旁鼎盛广场精装修1房业主诚心出售,"鼎盛广场 , 区政府",1室1厅,46.25平米,南,精装,33层 ,,板塔结合,19 万,4109 元,0,,,VR看装修 | 房本满五年 | 随时看房,https://hui.lianjia.com/ershoufang/105114526967.html
万达商圈满5税少南向双阳台小洋房,"熊猫国际三期 , 万达",4室2厅,149.86平米,南,毛坯,11层 ,,板楼,99 万,6607 元,1,,,VR看装修 | 房本满五年 | 随时看房,https://hui.lianjia.com/ershoufang/105113586314.html
中间楼层，视野开阔，看花园，业主诚意急卖，方便看房,"星河丹堤G区 , 南站新城",3室2厅,98.06平米,南,毛坯,34层 ,,塔楼,90 万,9179 元,0,,,VR房源 | 房本满五年 | 随时看房,https://hui.lianjia.com/ershoufang/105122218947.html
碧桂园物业，诚心卖，代产权车位，南北都看花园双阳台,"深荟城一期 , 白云新城",4室2厅,135.71平米,东南,精装,32层 ,,板塔结合,116 万,8548 元,5,,,VR看装修 | 房本满五年 | 随时看房,https://hui.lianjia.com/ershoufang/105116944733.html
业主着急卖，南北通四房，看园林，少有户型卖,"德洲中心城 , 大亚湾中心区",4室2厅,123.1平米,南,简装,28层 ,,板塔结合,66 万,5362 元,0,,,VR看装修 | 房本满五年 | 随时看房,https://hui.lianjia.com/ershoufang/105119385527.html
急卖，星河品牌，三房，好楼层，你意向不到的价格,"惠州星河盛世 , 白云新城",3室2厅,74.02平米,东南,毛坯,高楼层(共33层) ,,板塔结合,45 万,6080 元,0,,,VR看装修 | 房本满两年 | 随时看房,https://hui.lianjia.com/ershoufang/105116452393.html
装修大2房。随时看房，地铁口物业,"德洲城三、四期 , 西区新寮",2室2厅,81.13平米,南,毛坯,18层 ,,板塔结合,42.8 万,5276 元,4,,,VR看装修 | 房本满五年,https://hui.lianjia.com/ershoufang/105116368380.html
格局好 视野宽阔 采光充足 配套设施齐 业主急售,"中信新城C区 , 南站新城",4室2厅,127.9平米,东南 南,精装,34层 ,,板塔结合,86 万,6725 元,0,,,VR看装修 | 房本满五年,https://hui.lianjia.com/ershoufang/105120582652.html
临深一路之隔，一刻钟到沙田站，公交车直达到聚龙山,"富康锦绣壹号 , 西区新寮",4室1厅,112平米,南,精装,33层 ,,塔楼,112 万,10000 元,3,,,VR房源 | 房本满五年 | 随时看房,https://hui.lianjia.com/ershoufang/105120226933.html
轻轨口碧桂园盛汇广场精装公寓1房精致漂亮,"碧桂园盛汇 , 龙丰",1室0厅,38.74平米,南,精装,高楼层(共32层) ,,塔楼,18.8 万,4853 元,2,,,VR看装修 | 房本满两年 | 随时看房,https://hui.lianjia.com/ershoufang/105121427426.html
精装 采光通风好 有红本 诚心出售 即买即住或出租,"德洲城一-二期 , 西区新寮",2室1厅,76.75平米,南,简装,17层 ,,板塔结合,48 万,6255 元,1,,12天以前发布,VR房源 | 房本满五年 | 随时看房,https://hui.lianjia.com/ershoufang/105122441508.html
马路对  面就是西湖  实用2房 总价低 保养好,"下角东路16号 , 下角",2室2厅,66.37平米,东,简装,中楼层(共9层) ,,板楼,26.8 万,4038 元,1,,,VR看装修 | 房本满五年 | 随时看房,https://hui.lianjia.com/ershoufang/105120683443.html
过渡 入手 经济实惠 光线良好,"湖溪新苑 , 水口",3室2厅,90.94平米,东北,简装,高楼层(共8层) ,,板塔结合,27 万,2969 元,0,,,VR看装修 | 房本满五年,https://hui.lianjia.com/ershoufang/105119578520.html
金山湖金岸花苑 电梯四房 业主重新装修,"金岸花苑 , 河南岸",4室2厅,107.17平米,东,精装,9层 ,,板楼,69.9 万,6523 元,0,,15天以前发布,VR房源 | 房本满五年,https://hui.lianjia.com/ershoufang/105122404353.html
蓝光雍和园3房2厅2卫房售价仅：107.8万,"蓝光雍和园 , 龙丰",3室2厅,129.38平米,东南,,高楼层(共31层) ,,板楼,107.8 万,8333 元,0,,,VR看装修 | 房本满两年 | 随时看房,https://hui.lianjia.com/ershoufang/105120262945.html
社区有环湖跑道，登山道，小区实行24小时保..,"星河丹堤C区 , 南站新城",4室2厅,149.8平米,南,毛坯,27层 ,,板塔结合,129.8 万,8665 元,7,,,VR看装修 | 房本满五年 | 随时看房,https://hui.lianjia.com/ershoufang/105119050267.html
临深大品牌央企大花园，成熟社区生活配套完善,"金地天润自在城一期 , 西区新寮",3室1厅,83.37平米,西南,精装,33层 ,,塔楼,67 万,8037 元,2,,,VR看装修,https://hui.lianjia.com/ershoufang/105122068665.html
好宜多旁万科文瀚花园精装修三房朝南有钥匙随时看房,"万科中天宏远文瀚花园 , 区政府",3室2厅,91.74平米,南,精装,高楼层(共33层) ,,,92 万,10029 元,1,,,VR看装修 | 随时看房,https://hui.lianjia.com/ershoufang/105122190856.html
星河丹堤新中式园林 南北通透 中高楼 看水库美景,"星河丹堤G4区 , 南站新城",4室2厅,124.48平米,南 北,毛坯,33层 ,,板塔结合,138 万,11087 元,0,,,VR看装修 | 房本满两年 | 随时看房,https://hui.lianjia.com/ershoufang/105116289042.html
隆生仲恺花园新社区视野开阔四房,"隆生仲恺花园2区 , 陈江",4室2厅,123平米,南,毛坯,中楼层(共32层) ,,,82 万,6667 元,0,,,VR看装修 | 房本满两年 | 随时看房,https://hui.lianjia.com/ershoufang/105121445049.html
百万大盘 星河物业 户型方正 拎包入住,"星河丹堤E区 , 南站新城",2室1厅,75平米,南,精装,30层 ,,,59.8 万,7974 元,7,,,VR看装修 | 房本满五年 | 随时看房,https://hui.lianjia.com/ershoufang/105118024694.html
中洲天御 免个税 实用3房 中间楼层 看花园 无遮挡,"中洲天御二期 , 河南岸",3室2厅,93平米,南,毛坯,中楼层(共28层) ,,板塔结合,78 万,8388 元,0,,,VR房源 | 房本满五年 | 随时看房,https://hui.lianjia.com/ershoufang/105117038023.html
朝南向中间楼层看花园。安静舒适。,"星河丹堤S2区 , 南站新城",4室2厅,93.43平米,东南,毛坯,33层 ,,板塔结合,118 万,12630 元,0,,,VR看装修 | 房本满两年 | 随时看房,https://hui.lianjia.com/ershoufang/105112685026.html
吾悦商圈 南北通户型 配套成熟,"海惠花园二区 , 吾悦广场",3室2厅,124.04平米,南 北,毛坯,18层 ,,塔楼,55 万,4435 元,2,,,VR房源 | 房本满五年 | 随时看房,https://hui.lianjia.com/ershoufang/105118830141.html
此房朝南无遮挡，中间楼层中间位置。业主诚心,"深荟城一期 , 白云新城",3室2厅,91.75平米,南,精装,32层 ,,板塔结合,77.8 万,8480 元,0,,8天以前发布,VR房源 | 随时看房,https://hui.lianjia.com/ershoufang/105122479577.html
仲恺政务中芯，精装修三房，拎包入住,"万燊花苑 , 惠环",3室2厅,84.12平米,南 北,,中楼层(共31层) ,,板塔结合,56 万,6658 元,0,,18天以前发布,VR房源 | 房本满五年,https://hui.lianjia.com/ershoufang/105122373972.html
华廷悦府成熟配套，精装修，朝南四房高楼层视野开阔,"华廷悦府 , 陈江",4室2厅,108.71平米,南,精装,高楼层(共31层) ,,塔楼,96 万,8831 元,0,,,VR看装修 | 房本满两年 | 随时看房,https://hui.lianjia.com/ershoufang/105119933271.html
一线临深金辉优步学府精装修3业主诚心急售,"金辉优步学府 , 白云新城",3室2厅,94.67平米,南,,32层 ,,板塔结合,59 万,6233 元,0,,,VR看装修 | 房本满两年 | 随时看房,https://hui.lianjia.com/ershoufang/105122013842.html
小区教育，交通，休闲，购物银行配套设施完善便利,"保华铂郡 , 河南岸",4室2厅,140.34平米,南 北,毛坯,30层 ,,板塔结合,176 万,12541 元,0,,,VR房源 | 房本满两年 | 随时看房,https://hui.lianjia.com/ershoufang/105114890971.html
五矿二期，一线湖景，户型方正，业主诚心出售,"五矿哈施塔特 , 博罗中心区",4室2厅,110.3平米,南,毛坯,高楼层(共33层) ,,塔楼,45 万,4080 元,1,,,VR看装修 | 房本满两年 | 随时看房,https://hui.lianjia.com/ershoufang/105120188170.html
万达精装复式，视野开阔，出行方便，急售,"永昶公寓 , 万达",3室2厅,56.71平米,东南,简装,12层 ,,板塔结合,25 万,4409 元,12,,,VR房源 | 房本满五年 | 随时看房,https://hui.lianjia.com/ershoufang/105117342156.html
花园小区，  楼间 距 视野好,"碧桂园天骄公馆 , 马安",3室2厅,94.92平米,南,精装,高楼层(共34层) ,,塔楼,71 万,7480 元,0,,,VR看装修,https://hui.lianjia.com/ershoufang/105116607402.html
万达近，通勤方便，户型好 户型方正，朝南的,"正兆千树晴山 , 西区新寮",3室2厅,96.76平米,东南,毛坯,30层 ,,板塔结合,53 万,5478 元,1,,,VR看装修 | 房本满五年 | 随时看房,https://hui.lianjia.com/ershoufang/105112682387.html
精装四房 高楼层 视野采光棒 拎包入住！,"天源花园 , 大亚湾中心区",4室2厅,100.64平米,南 北,精装,33层 ,,板塔结合,48 万,4770 元,0,,14天以前发布,VR房源 | 房本满五年,https://hui.lianjia.com/ershoufang/105122415452.html
玖悦府带车位精装修三房，安静采光通风很好,"玖悦府 , 麦地",3室2厅,94.88平米,南,精装,低楼层(共26层) ,,板塔结合,83 万,8748 元,0,,,VR看装修 | 随时看房,https://hui.lianjia.com/ershoufang/105116992218.html
户型方正，视野光线都好，成熟小区生活便利,"花样年·康城四季御峰 , 惠环",3室2厅,84.74平米,南,毛坯,32层 ,,板塔结合,51 万,6019 元,1,,,VR看装修 | 房本满两年 | 随时看房,https://hui.lianjia.com/ershoufang/105113657256.html
现代风设计大三房带车位无欠款 临深,"深荟城一期 , 白云新城",3室2厅,92.45平米,南,精装,33层 ,,板塔结合,79 万,8546 元,0,,6天以前发布,VR房源 | 房本满五年 | 随时看房,https://hui.lianjia.com/ershoufang/105122504019.html
此房户型方正，楼层好，小区楼龄新，小区规模大,"德润天峰 , 潼侨沥林",2室1厅,79.92平米,南,毛坯,18层 ,,板塔结合,40 万,5006 元,0,,,VR房源 | 房本满五年 | 随时看房,https://hui.lianjia.com/ershoufang/105116311917.html
海立方急售，带装修，户型方正，不欠款,"中御海立方 , 吾悦广场",4室2厅,72.89平米,南,简装,34层 ,,板塔结合,35 万,4802 元,1,,,VR房源 | 房本满五年 | 随时看房,https://hui.lianjia.com/ershoufang/105121782487.html
翡翠山君御 4室2厅 中间楼层 朝南,"翡翠山城君御 , 万达",4室2厅,126平米,南,精装,34层 ,,板塔结合,108 万,8572 元,3,,,VR看装修 | 房本满五年 | 随时看房,https://hui.lianjia.com/ershoufang/105116290171.html
此房原值高，户型方正，采光好，视野开阔,"荣盛御景澜湾 , 澳头",4室2厅,118.68平米,南,精装,33层 ,,板塔结合,53 万,4466 元,3,,,VR看装修 | 房本满两年 | 随时看房,https://hui.lianjia.com/ershoufang/105118703328.html
鑫月广场 中间楼层 业主急出 大四房户型 视野好,"鑫月广场 , 陈江",4室2厅,117平米,南,毛坯,中楼层(共33层) ,,塔楼,64 万,5471 元,0,,,VR看装修 | 房本满五年 | 随时看房,https://hui.lianjia.com/ershoufang/105121456960.html
城央百万大盘，公园环伺，环境优美,"半岛1号十一期 , 白云新城",3室2厅,88.63平米,南,毛坯,21层 ,,塔楼,63.5 万,7165 元,0,,,VR房源 | 房本满五年 | 随时看房,https://hui.lianjia.com/ershoufang/105118215625.html
精装3房，朝南户型，中间楼层，安静位置，满五年,"金碧蓝湾一期 , 开城大润发",3室2厅,82.5平米,南,简装,29层 ,,板楼,55 万,6667 元,0,,,VR看装修 | 房本满五年 | 随时看房,https://hui.lianjia.com/ershoufang/105120921802.html
碧桂园珑誉 四房横厅户型 看湖景花园视野好,"碧桂园珑誉花园 , 水口",4室1厅,116.06平米,南,精装,高楼层(共33层) ,,塔楼,84 万,7238 元,0,,,VR看装修 | 房本满两年 | 随时看房,https://hui.lianjia.com/ershoufang/105121628371.html
全新装修保养很好，拎包入住，户型好,"鸿润花园 , 麦地",3室2厅,127平米,南,精装,中楼层(共30层) ,,塔楼,128 万,10079 元,0,,15天以前发布,VR房源,https://hui.lianjia.com/ershoufang/105122399556.html
市政广场天虹商场旁东御大厦三房朝南业主诚心出售,"东御大厦 , 区政府",3室2厅,95.86平米,东南,精装,26层 ,,板塔结合,59 万,6155 元,0,,,VR看装修 | 房本满五年,https://hui.lianjia.com/ershoufang/105120932606.html
区政府广场 ， 1房1厅 方正户型 即买即住，成熟小区,"隆基天地广场 , 区政府",1室1厅,41.33平米,东南 北,简装,25层 ,,板塔结合,18.8 万,4549 元,3,,,VR看装修 | 房本满五年 | 随时看房,https://hui.lianjia.com/ershoufang/105119726772.html
万达旁花城湾正规大3房，东南向安静，红本在手,"中萃花城湾 , 万达",4室2厅,121.26平米,南 北,毛坯,29层 ,,塔楼,65 万,5361 元,0,,,VR看装修 | 房本满五年 | 随时看房,https://hui.lianjia.com/ershoufang/105122236534.html
四星旅游区温馨3房2厅2卫朝南,"五矿哈施塔特 , 博罗中心区",3室2厅,93.4平米,南,毛坯,33层 ,,塔楼,36 万,3855 元,1,,,VR看装修 | 房本满两年 | 随时看房,https://hui.lianjia.com/ershoufang/105116418309.html
水岸城七期毛坯四房、单价低、通透中高楼层。,"中信水岸城7期 , 东江新城",4室2厅,128.46平米,南,毛坯,32层 ,,板楼,143 万,11132 元,1,,,VR看装修 | 随时看房,https://hui.lianjia.com/ershoufang/105120840403.html
朝南，电梯房，可以直接领包入住，看房有钥匙,"九三五隊地貭大院 , 下角",3室2厅,95.28平米,南,精装,中楼层(共8层) ,,,53.8 万,5647 元,1,,,VR看装修 | 房本满五年 | 随时看房,https://hui.lianjia.com/ershoufang/105121768310.html
双城国际南区 朝南 实用2房 装修很新 封窗 安静不吵,"双城国际南区 , 江北",2室1厅,54.35平米,南,精装,中楼层(共18层) ,,板塔结合,60 万,11040 元,0,,,VR看装修 | 房本满两年 | 随时看房,https://hui.lianjia.com/ershoufang/105121862016.html
雅博世纪广场，天虹大润发就在楼下，交通出行方便,"雅博世纪广场 , 开城大润发",2室2厅,82.37平米,南,毛坯,29层 ,,板塔结合,46 万,5585 元,0,,,VR房源 | 房本满五年 | 随时看房,https://hui.lianjia.com/ershoufang/105121967278.html
临深百万大盘，金地小区，近地铁次新小区，业主诚心出,"金地天润自在城二期 , 西区新寮",3室2厅,85.94平米,南,精装,33层 ,,板塔结合,73 万,8495 元,0,,,VR看装修 | 房本满两年 | 随时看房,https://hui.lianjia.com/ershoufang/105119849835.html
惠州仲恺高新区，高铁站旁边物业！,"奥园尚雅花园二期 , 潼侨沥林",4室2厅,104.03平米,南 北,毛坯,中楼层(共32层) ,,板塔结合,43 万,4134 元,0,,,VR房源 | 房本满两年 | 随时看房,https://hui.lianjia.com/ershoufang/105121248672.html
视野好，采光充足，楼层好，户型格局靓,"沣盛凤凰城 , 惠东县城",3室2厅,101.43平米,东南 南,毛坯,17层 ,,板塔结合,40.5 万,3993 元,0,,,VR看装修 | 房本满五年 | 随时看房,https://hui.lianjia.com/ershoufang/105119878490.html
精装修拎包可入住，朝南户型好，首付低，有钥匙看房,"御景花园南区 , 下角",2室1厅,54.66平米,南,精装,16层 ,,板塔结合,45 万,8233 元,0,,,VR看装修 | 房本满五年 | 随时看房,https://hui.lianjia.com/ershoufang/105121351737.html
户型好，采光好，全新未入住过，红本在手...........,"群峰花园 , 南站新城",3室2厅,94.59平米,南,,中楼层(共33层) ,,塔楼,42 万,4441 元,5,,,VR看装修 | 房本满两年 | 随时看房,https://hui.lianjia.com/ershoufang/105119021222.html
金迪星苑中装2房出售 低楼层安静不吵 可拎包入住,"金迪星苑 , 龙丰",2室1厅,52.8平米,东南,精装,8层 ,,板楼,27.8 万,5266 元,0,,,VR看装修 | 随时看房,https://hui.lianjia.com/ershoufang/105121732376.html
牧马湖一线湖景大四房，业主诚心出售,"泰丰牧马湖 , 万达",4室2厅,149.05平米,南,毛坯,33层 ,,板塔结合,145 万,9729 元,3,,27天以前发布,VR房源 | 随时看房,https://hui.lianjia.com/ershoufang/105122291890.html
牧马湖一楼朝南带花园小高层住宅，居住舒适,"泰丰牧马湖 , 万达",3室2厅,80.59平米,南,精装,11层 ,,板塔结合,100 万,12409 元,21,,,VR房源 | 房本满两年 | 随时看房,https://hui.lianjia.com/ershoufang/105112679756.html
花园社区，格局方正，带约200平方露台，自用,"海伦堡院子 , 水口",2室2厅,72平米,东北,简装,低楼层(共31层) ,,板塔结合,57 万,7917 元,0,,,VR看装修 | 随时看房,https://hui.lianjia.com/ershoufang/105120596456.html
精装修，2房，东南朝向，中间楼层，直接拎包入住,"海伦堡院子 , 水口",2室2厅,61.27平米,东南,,高楼层(共15层) ,,板塔结合,42.5 万,6937 元,0,,,VR看装修 | 房本满两年 | 随时看房,https://hui.lianjia.com/ershoufang/105122206546.html
河南岸天虹旁，宜居小区，配套齐全，交通便利,"威廉城邦 , 河南岸",3室1厅,77.14平米,东南,精装,高楼层(共23层) ,,塔楼,53.8 万,6975 元,1,,,VR看装修 | 房本满五年 | 随时看房,https://hui.lianjia.com/ershoufang/105121638057.html
方直星耀国际一线湖景五房双套间大平层,"方直星耀国际 , 河南岸",5室2厅,177平米,南 北,毛坯,低楼层(共45层) ,,板塔结合,400 万,22599 元,0,,,VR看装修 | 房本满五年 | 随时看房,https://hui.lianjia.com/ershoufang/105121503741.html
金山湖湖心岛内！精装修大三房 朝南看花园！安静舒适,"方直东岸 , 河南岸",3室2厅,131.35平米,南,,32层 ,,板塔结合,136 万,10355 元,1,,,VR看装修 | 房本满五年 | 随时看房,https://hui.lianjia.com/ershoufang/105118463538.html
三和经济开发区，新力龙湾，全屋定制家私家电,"新力珑湾 , 三和经济开发区",3室2厅,89.72平米,南,,中楼层(共31层) ,,塔楼,50 万,5573 元,0,,6天以前发布,VR房源 | 随时看房,https://hui.lianjia.com/ershoufang/105122504741.html
"小区环境优美,绿化覆盖率高通透性好，适宜居住","玖龙台 , 潼侨沥林",3室2厅,88.75平米,南,,32层 ,,板塔结合,44 万,4958 元,0,,,VR看装修 | 房本满两年 | 随时看房,https://hui.lianjia.com/ershoufang/105121976855.html
横厅大四房，交通便利，配套齐全。,"龙光城北八期 , 龙光城",4室2厅,118.02平米,南 北,精装,17层 ,,板塔结合,117.1 万,9923 元,3,,,VR看装修 | 房本满五年 | 随时看房,https://hui.lianjia.com/ershoufang/105119859293.html
德润天峰中间楼层朝正南小三房诚意售出,"德润天峰 , 潼侨沥林",3室2厅,79.89平米,南,毛坯,18层 ,,板塔结合,38 万,4757 元,0,,,VR看装修 | 随时看房,https://hui.lianjia.com/ershoufang/105121373911.html
房子格局 楼层好 视野开阔 采光充足,"碧桂园云创家园 , 潼侨沥林",2室1厅,42.64平米,东南,,20层 ,,板塔结合,22.6 万,5301 元,0,,16天以前发布,VR房源 | 房本满五年 | 随时看房,https://hui.lianjia.com/ershoufang/105122387121.html
陈江轻轨口天益城沃尔玛商圈 隆生仲恺花园3房价格实惠,"隆生仲恺花园 , 陈江",3室2厅,112.25平米,东南,毛坯,32层 ,,塔楼,70 万,6237 元,0,,,VR看装修 | 随时看房,https://hui.lianjia.com/ershoufang/105121224808.html
临深一线，视野宽阔，交通方便，业主急卖,"锦地繁花 , 西区新寮",3室2厅,92.19平米,南,简装,25层 ,,板塔结合,58 万,6292 元,0,,,VR看装修 | 房本满五年 | 随时看房,https://hui.lianjia.com/ershoufang/105120146599.html
品质小高层大平层南北通透安静看园林,"星河丹堤G4区 , 南站新城",5室2厅,172.32平米,南 北,精装,10层 ,,板塔结合,280 万,16249 元,1,,,VR看装修 | 房本满两年,https://hui.lianjia.com/ershoufang/105122209441.html
中信水岸城四期玫瑰湾央企大社区,"中信水岸城四期 , 东江新城",3室2厅,112平米,南,精装,中楼层(共30层) ,,板楼,106.8 万,9536 元,0,,,VR房源,https://hui.lianjia.com/ershoufang/105121098663.html
龙光城大三房 业主诚心卖 视野开阔 采光好,"龙光城北三期 , 龙光城",3室2厅,81.57平米,东南 南,精装,低楼层(共34层) ,,板塔结合,67 万,8214 元,27,,,VR看装修 | 房本满五年 | 随时看房,https://hui.lianjia.com/ershoufang/105109093947.html
横厅4房  业主诚心出售  有钥匙随时可以看房,"龙光城南四期 , 龙光城",4室2厅,108.72平米,东北,毛坯,34层 ,,塔楼,88 万,8095 元,0,,13天以前发布,VR房源 | 房本满五年 | 随时看房,https://hui.lianjia.com/ershoufang/105122420303.html
急售！五月花花园，深圳14号线沙田地铁口物业,"德丰·五月花花园 , 西区新寮",2室2厅,80平米,南,精装,17层 ,,塔楼,48 万,6000 元,0,,,VR看装修,https://hui.lianjia.com/ershoufang/105118401792.html
业主精致自装  一线湖景楼下即是金山湖公园 视野开阔,"泰丰·千花岛 , 河南岸",3室2厅,106.89平米,南,,33层 ,,板塔结合,159 万,14876 元,0,,,VR看装修 | 房本满五年 | 随时看房,https://hui.lianjia.com/ershoufang/105121108487.html
：金山湖湖芯岛方正三房，南向看花园，景观开阔,"湖心岛1号花园 , 河南岸",3室1厅,104.31平米,南,毛坯,低楼层(共32层) ,,板塔结合,100 万,9587 元,0,,7天以前发布,VR房源 | 房本满两年 | 随时看房,https://hui.lianjia.com/ershoufang/105122491902.html
海悦湾漂亮两房，保养好家私拎包入住,"碧桂园十里银滩海悦湾 , 十里银滩",2室1厅,67.48平米,西,精装,30层 ,,板塔结合,25.2 万,3735 元,1,,,VR看装修 | 房本满五年 | 随时看房,https://hui.lianjia.com/ershoufang/105121983502.html
位置好，采光充足，业主诚意急卖，方便看房,"星河丹堤G4区 , 南站新城",5室2厅,172.32平米,南 北,毛坯,10层 ,,板塔结合,240 万,13928 元,1,,,VR看装修 | 房本满两年 | 随时看房,https://hui.lianjia.com/ershoufang/105120272939.html
满五唯一  中间楼层  采光通风不错,"玫瑰华庭 , 草洋新区",3室1厅,93.44平米,南,,9层 ,,板楼,38.8 万,4153 元,0,,,VR看装修 | 房本满五年,https://hui.lianjia.com/ershoufang/105121247981.html
急售 灿邦商圈 南北通4房2卫3阳台 中高楼层 视野好,"十月花花园 , 大亚湾中心区",4室2厅,131.08平米,南 北,简装,33层 ,,板楼,88 万,6714 元,0,,,VR看装修 | 房本满五年 | 随时看房,https://hui.lianjia.com/ershoufang/105114199813.html
精装三房朝南看花园，业主诚心出售,"金洋嘉丽园 , 澳头",3室2厅,103平米,南,精装,28层 ,,板塔结合,60 万,5826 元,0,,,VR看装修 | 房本满五年 | 随时看房,https://hui.lianjia.com/ershoufang/105120236107.html
沃尔玛门口菁华园小区两房 中高层 户型方正 生活便利,"菁华园 , 澳头",2室2厅,75平米,南 北,简装,高楼层(共20层) ,,板塔结合,34 万,4534 元,0,,,VR看装修 | 随时看房,https://hui.lianjia.com/ershoufang/105122199130.html
家华名都花园 精装2房 户型方正 拎包入住 金茂大市场,"家华名都花园 , 陈江",2室2厅,75.75平米,西北,精装,19层 ,,塔楼,42 万,5545 元,0,,,VR房源 | 房本满五年 | 随时看房,https://hui.lianjia.com/ershoufang/105122199836.html
知本领寓   两房两厅一卫  自住装修,"知本领寓 , 陈江",2室2厅,63.96平米,东北,精装,中楼层(共16层) ,,板塔结合,32 万,5004 元,0,,,VR看装修 | 随时看房,https://hui.lianjia.com/ershoufang/105121674629.html
南北通户型，成交快，欢迎大家来带看,"深业喜悦城 , 惠环",4室2厅,128.47平米,东南,,33层 ,,板塔结合,60 万,4671 元,1,,,VR看装修 | 房本满两年 | 随时看房,https://hui.lianjia.com/ershoufang/105114187407.html
位置好，出门是商场，户型很好，看花园,"翡翠山珑悦 , 万达",3室2厅,89.76平米,南 北,简装,34层 ,,塔楼,80 万,8913 元,1,,,VR看装修 | 房本满五年,https://hui.lianjia.com/ershoufang/105119138777.html
星河丹G4区，4房南北通透，视野景观好,"星河丹堤G4区 , 南站新城",4室2厅,124.48平米,南 北,精装,33层 ,,板塔结合,158 万,12693 元,1,,,VR房源 | 房本满两年,https://hui.lianjia.com/ershoufang/105120727107.html
大亚湾红树林湿地公园旁复式三房红本无抵押随时看房,"美林雅苑 , 澳头",3室2厅,38.98平米,北,毛坯,9层 ,,板塔结合,16 万,4105 元,2,,,VR看装修 | 随时看房,https://hui.lianjia.com/ershoufang/105121784631.html
红本在手，南 北朝向，精装修楼层好视野宽阔,"亲水湾 , 吾悦广场",3室2厅,92.82平米,南,精装,26层 ,,板塔结合,61 万,6572 元,0,,,VR看装修 | 房本满五年 | 随时看房,https://hui.lianjia.com/ershoufang/105113329027.html
此房满五唯一 高楼层，视野宽阔，采光充足,"亚迪二村二区 , 澳头",3室1厅,115平米,南,精装,32层 ,,塔楼,45 万,3914 元,1,,,VR房源 | 房本满五年 | 随时看房,https://hui.lianjia.com/ershoufang/105120720680.html
惠阳  东方国际  人民六路旁 大润发 新天虹,"东方国际 , 开城大润发",2室1厅,55.73平米,南 北,简装,9层 ,,板塔结合,16 万,2871 元,3,,,VR房源 | 房本满两年,https://hui.lianjia.com/ershoufang/105121856023.html
东江新城五期 三房两卫 业主诚意出售,"佳兆业东江新城五期 , 博罗中心区",3室1厅,91.94平米,南,毛坯,低楼层(共34层) ,,板塔结合,35.8 万,3894 元,0,,23天以前发布,VR房源,https://hui.lianjia.com/ershoufang/105122331902.html
碧桂园物业，诚心卖，代产权车位，南北都看花园双阳台,"深荟城一期 , 白云新城",4室2厅,135.71平米,东南,精装,32层 ,,板塔结合,116 万,8548 元,5,,,VR看装修 | 房本满五年 | 随时看房,https://hui.lianjia.com/ershoufang/105116944733.html
出门即是公园，一手业主居家好，大3居室拎包入住,"名苑山庄 , 区政府",3室1厅,137.59平米,南,简装,13层 ,,塔楼,75 万,5451 元,0,,,VR房源 | 房本满五年 | 随时看房,https://hui.lianjia.com/ershoufang/105121892187.html
一线江景，南北通透，随时可看的,"水映山 , 博罗中心区",5室2厅,167平米,南 北,毛坯,26层 ,,板塔结合,90 万,5390 元,0,,,VR看装修 | 随时看房,https://hui.lianjia.com/ershoufang/105119747529.html
龙光城南一期 1室1厅 北,"龙光城南一期 , 龙光城",1室1厅,36.77平米,北,,28层 ,,板塔结合,28 万,7615 元,0,,15天以前发布,VR房源 | 房本满五年 | 随时看房,https://hui.lianjia.com/ershoufang/105122403671.html
此房满5不唯一，标准2房2厅户型好，采光好，户型好,"仁和卫城 , 万达",2室2厅,87.41平米,南,精装,18层 ,,塔楼,48.3 万,5526 元,1,,,VR看装修 | 房本满五年,https://hui.lianjia.com/ershoufang/105120280269.html
急售！！！105平大三房，装修保养好直接拎包入住,"半岛1号五期 , 白云新城",3室2厅,105.16平米,南,,22层 ,,板塔结合,82 万,7798 元,0,,,VR看装修 | 随时看房,https://hui.lianjia.com/ershoufang/105121127381.html
星河臻誉府 业主诚心出售 高楼层视野采光好 精致三房,"星河臻誉府 , 陈江",3室2厅,88.99平米,南,精装,高楼层(共32层) ,,塔楼,83.5 万,9384 元,1,,,VR看装修 | 随时看房,https://hui.lianjia.com/ershoufang/105120095616.html
临深大盘，视野开阔，适合居住，诚心出售，方便看房,"荣佳国韵二期 , 龙光城",3室2厅,92.57平米,南,毛坯,33层 ,,板楼,59 万,6374 元,3,,,VR看装修 | 房本满两年 | 随时看房,https://hui.lianjia.com/ershoufang/105119060878.html
碧桂园五星社区 临深 近万达 精装大三房 业主诚心出售,"碧桂园星悦公馆 , 比亚迪商圈",3室2厅,110.4平米,南 北,精装,34层 ,,板塔结合,70 万,6341 元,1,,17天以前发布,VR房源,https://hui.lianjia.com/ershoufang/105122383610.html
万达旁精装两房，满五唯一，拎包入住。,"香榭名苑 , 万达",2室2厅,65.3平米,北,精装,18层 ,,板塔结合,37.8 万,5789 元,1,,,VR看装修 | 房本满五年 | 随时看房,https://hui.lianjia.com/ershoufang/105116671757.html
荷兰小城   成熟大社区  刚需户型  交通便捷 正南朝向,"光耀荷兰小城 , 陈江",4室2厅,124平米,南,毛坯,33层 ,,板塔结合,66 万,5323 元,0,,,VR看装修 | 房本满五年 | 随时看房,https://hui.lianjia.com/ershoufang/105119214683.html
香树丽苑 4室1厅 南,"香树丽苑 , 吾悦广场",4室1厅,113平米,南,简装,中楼层(共33层) ,,板塔结合,62 万,5487 元,3,,,VR房源 | 随时看房,https://hui.lianjia.com/ershoufang/105121466549.html
房子南北通透，户型方正，毛坯总价低,"长通熙园 , 开城大润发",4室1厅,124.6平米,南 北,毛坯,32层 ,,板塔结合,110 万,8829 元,0,,,VR看装修 | 随时看房,https://hui.lianjia.com/ershoufang/105117015861.html
下角银河湾高层东南朝向3房大阳台看房方便,"银河湾 , 下角",3室2厅,99.74平米,东南 南,精装,中楼层(共22层) ,,板楼,79 万,7921 元,1,,,VR看装修 | 房本满五年,https://hui.lianjia.com/ershoufang/105118496923.html
隆生西江花园，153平通透五房，全新装修，安静好楼层,"隆生西江花园 , 东江新城",4室2厅,153.49平米,南,精装,低楼层(共32层) ,,塔楼,236 万,15376 元,0,,,VR看装修,https://hui.lianjia.com/ershoufang/105122029117.html
业主急售！南北通透格局，楼层高，可看湖，无抵押,"星河丹堤V2区 , 南站新城",4室2厅,117.65平米,南 北,毛坯,32层 ,,塔楼,120 万,10200 元,0,,,VR看装修 | 房本满两年 | 随时看房,https://hui.lianjia.com/ershoufang/105121119971.html
仲恺体育馆成熟小区，中间好楼层,"鑫月广场 , 陈江",4室2厅,117.13平米,南,毛坯,中楼层(共33层) ,,塔楼,70 万,5977 元,0,,,VR看装修 | 房本满五年 | 随时看房,https://hui.lianjia.com/ershoufang/105118390106.html
珠光御景湾4房2厅南北通透双阳台,"珠光御景湾 , 水口",3室2厅,122.75平米,南 北,精装,17层 ,,板塔结合,78 万,6355 元,0,,,VR房源 | 房本满五年 | 随时看房,https://hui.lianjia.com/ershoufang/105121619463.html
业主诚意出售，中间楼层，实用户型，面积使用率高,"花样年花郡 , 大亚湾中心区",2室1厅,70.24平米,南,毛坯,34层 ,,塔楼,22.8 万,3247 元,4,,,VR看装修 | 房本满五年 | 随时看房,https://hui.lianjia.com/ershoufang/105121863812.html
金山湖中洲天御，品质大社区，中间楼层视野好，诚心卖,"中洲天御二期 , 河南岸",3室2厅,92.88平米,南,毛坯,中楼层(共33层) ,,板塔结合,80 万,8614 元,0,,,VR看装修 | 房本满两年 | 随时看房,https://hui.lianjia.com/ershoufang/105118002183.html
新力城3期4房136平方精装修出售，全新装修未住过！,"新力城三期 , 水口",4室2厅,136平米,南,精装,高楼层(共32层) ,,板楼,133 万,9780 元,0,,,VR看装修 | 随时看房,https://hui.lianjia.com/ershoufang/105121910696.html
【一线临深精选好房】冠华城三房南北通双阳台，诚心卖,"冠华城桂香园 , 西区新寮",3室2厅,100.74平米,南 北,毛坯,31层 ,,塔楼,65 万,6453 元,1,,20天以前发布,VR看装修 | 房本满两年 | 随时看房,https://hui.lianjia.com/ershoufang/105122346801.html
东南朝向高楼层看海景观好，红本在手随时过户,"维港湾花园 , 十里银滩",3室2厅,100.81平米,南,精装,34层 ,,板塔结合,44 万,4365 元,6,,,VR看装修 | 房本满两年 | 随时看房,https://hui.lianjia.com/ershoufang/105120161675.html
交通便利，配套 成熟大社区，楼层好视野好,"花样年别样城五期 , 新行政区",2室2厅,63.28平米,南,简装,32层 ,,板塔结合,34 万,5373 元,0,,,VR看装修 | 随时看房,https://hui.lianjia.com/ershoufang/105120794941.html
惠东亚婆角长沙湾花园一线无遮挡海景单房视野开,"宏昌山海传奇 , 十里银滩",1室1厅,46.49平米,南,精装,32层 ,,塔楼,25.3 万,5443 元,0,,,VR看装修 | 随时看房,https://hui.lianjia.com/ershoufang/105118483913.html
金山湖 山姆会员店旁 舒适3房 产权清晰,"中海凯旋城四期 , 河南岸",3室1厅,89.12平米,东南 南,简装,31层 ,,塔楼,78 万,8753 元,0,,,VR房源 | 房本满五年 | 随时看房,https://hui.lianjia.com/ershoufang/105121181143.html
金山湖花园三区 南北通4房 中间楼层 看花园安静不吵,"金山湖花园三区 , 河南岸",4室2厅,124.95平米,西南,精装,14层 ,,塔楼,140 万,11205 元,1,,,VR看装修 | 房本满五年 | 随时看房,https://hui.lianjia.com/ershoufang/105120678067.html
保利天汇，近印象城，小三房，看上可面谈。,"保利天汇 , 河南岸",3室2厅,88平米,南,毛坯,中楼层(共32层) ,,板塔结合,92 万,10455 元,0,,,VR看装修 | 随时看房,https://hui.lianjia.com/ershoufang/105115446422.html
金山湖岛内大社区中高楼层，视野开阔，俯瞰金山湖,"湖心岛1号花园 , 河南岸",3室1厅,103.06平米,南,毛坯,中楼层(共26层) ,,板塔结合,123 万,11935 元,0,,,VR看装修 | 随时看房,https://hui.lianjia.com/ershoufang/105122031270.html
信利康精装修 全新未入住 红本在手，价格优惠。,"信利康乐创汇 , 河南岸",4室2厅,121.82平米,南 北,精装,高楼层(共31层) ,,,114 万,9359 元,0,,7天以前发布,VR房源 | 随时看房,https://hui.lianjia.com/ershoufang/105122491741.html
南北通双阳台三房 费用少 高楼层,"德洲城五期 , 西区新寮",3室2厅,98平米,南 北,毛坯,26层 ,,塔楼,69 万,7041 元,2,,,VR看装修 | 房本满五年 | 随时看房,https://hui.lianjia.com/ershoufang/105113576282.html
采光佳 视野好 户型方正 配套齐 交通便利,"正闳润金名苑 , 西区新寮",2室2厅,68.02平米,南,,27层 ,,塔楼,46 万,6763 元,0,,,VR看装修,https://hui.lianjia.com/ershoufang/105116859200.html
河南岸公园旁 精装修大三房 诚心出售 看房方便,"尚品世家 , 河南岸",3室2厅,117平米,东南 南,精装,中楼层(共8层) ,,板楼,90 万,7693 元,2,,,VR看装修 | 随时看房,https://hui.lianjia.com/ershoufang/105116679938.html
龙湖天宸原著花园 3室1厅 南,"龙湖天宸原著花园 , 河南岸",3室1厅,94.99平米,南,毛坯,低楼层(共33层) ,,塔楼,120 万,12633 元,0,,,VR房源 | 随时看房,https://hui.lianjia.com/ershoufang/105117282995.html
采光通风视野好 ， 配套设施齐全,"润合名居 , 西区新寮",4室2厅,109.83平米,南,毛坯,25层 ,,塔楼,69 万,6283 元,2,,,VR看装修 | 房本满五年 | 随时看房,https://hui.lianjia.com/ershoufang/105120692698.html
精装修，次新小区，看小区园林景观，安静舒适,"太东天地花园 , 大亚湾中心区",4室2厅,107.86平米,南 北,精装,29层 ,,板塔结合,65 万,6027 元,0,,,VR看装修 | 房本满五年 | 随时看房,https://hui.lianjia.com/ershoufang/105121975782.html
腾韵花园，南北通四房，中间楼层，视野景观好，朝花园,"腾韵花园 , 陈江",4室2厅,116.37平米,南 北,,32层 ,,板塔结合,78 万,6703 元,0,,,VR看装修 | 房本满两年 | 随时看房,https://hui.lianjia.com/ershoufang/105121542890.html
吾悦万达商圈，高铁站旁，生活配套齐全,"碧桂园太东公园上城 , 吾悦广场",3室2厅,110.54平米,南 北,精装,32层 ,,塔楼,108 万,9771 元,0,,,VR看装修 | 房本满五年 | 随时看房,https://hui.lianjia.com/ershoufang/105120513547.html
临深交界，刚需户型，配套成熟，有钥匙随时可看,"爱琴海 , 西区新寮",2室1厅,56.3平米,东南,毛坯,33层 ,,板塔结合,37 万,6572 元,6,,,VR房源 | 房本满五年 | 随时看房,https://hui.lianjia.com/ershoufang/105116061844.html
此房在花园中间，安静舒适。高层看江，视野开阔,"海伦堡海伦湾 , 东平",3室2厅,103平米,南,毛坯,33层 ,,板塔结合,87 万,8447 元,1,,,VR看装修 | 随时看房,https://hui.lianjia.com/ershoufang/105118618126.html
大社区居住氛围好物业管理严格服务到家让您生活放心,"碧桂园天熹花园 , 博罗中心区",3室2厅,94.26平米,南,毛坯,中楼层(共32层) ,,板塔结合,38.8 万,4117 元,0,,,VR看装修 | 房本满两年 | 随时看房,https://hui.lianjia.com/ershoufang/105118711484.html
南北通4房，楼层好，采光靓，户型方正,"瑞和园 , 博罗中心区",3室2厅,121.49平米,北,简装,25层 ,,板塔结合,59.9 万,4931 元,0,,,VR看装修 | 房本满五年 | 随时看房,https://hui.lianjia.com/ershoufang/105121198266.html
东江香域大平层，一梯一户。满五唯一。,"王府·钓鱼台 , 博罗中心区",4室1厅,217平米,南 北,毛坯,25层 ,,板塔结合,105 万,4839 元,0,,,VR看装修 | 随时看房,https://hui.lianjia.com/ershoufang/105121553236.html
精装修 江湾南岸 次新房 一线东江 江北核0心地段,"江湾南岸二期 , 江北",4室2厅,149.23平米,东南,精装,中楼层(共39层) ,,板楼,281 万,18830 元,0,,,VR房源 | 房本满五年 | 随时看房,https://hui.lianjia.com/ershoufang/105122241526.html
金山新城  南北通透 楼层好 视野好 精装修,"美丽洲 , 马安",4室2厅,113.78平米,南 北,精装,中楼层(共32层) ,,塔楼,105 万,9229 元,1,,,VR看装修 | 房本满两年,https://hui.lianjia.com/ershoufang/105120347646.html
0天地源御湾 小高层 中间楼层 精装修130万,"天地源御湾 , 水口",4室2厅,144.55平米,南,精装,7层 ,,板塔结合,130 万,8994 元,2,,,VR看装修 | 房本满五年,https://hui.lianjia.com/ershoufang/105119745209.html
汇珑湾中高楼层 南北通，坐享园林中庭，远观江景。,"富辰汇珑湾 , 河南岸",4室2厅,149.86平米,南 北,,高楼层(共31层) ,,板楼,296 万,19752 元,0,,,VR看装修 | 房本满两年 | 随时看房,https://hui.lianjia.com/ershoufang/105120776230.html
楼层好，视野好，无抵押，户型方正，业主诚心出售,"亚迪二村一区 , 澳头",4室2厅,149平米,南,,32层 ,,板塔结合,59 万,3960 元,0,,,VR看装修 | 随时看房,https://hui.lianjia.com/ershoufang/105121563632.html
尚城世家三期    3房带装修   业主诚心出售,"尚城世家三期 , 区政府",3室2厅,97.69平米,东,精装,高楼层(共31层) ,,板塔结合,107 万,10954 元,3,,,VR看装修 | 房本满两年,https://hui.lianjia.com/ershoufang/105113874569.html
户型方正，楼层好，采光视野可以,"新际首座 , 大亚湾中心区",1室1厅,54平米,西南,简装,28层 ,,板塔结合,20 万,3704 元,3,,,VR看装修 | 随时看房,https://hui.lianjia.com/ershoufang/105120391124.html
东平10小旁，南向电梯大2房，视野开阔，诚意出售,"金沙俊园 , 东平",2室2厅,80.17平米,西南,简装,高楼层(共29层) ,,板塔结合,33 万,4117 元,0,,,VR看装修 | 随时看房,https://hui.lianjia.com/ershoufang/105115891872.html
小区环境好 安静 新装修未入住,"诗林廊桥苑 , 澳头",3室2厅,94平米,南 北,简装,24层 ,,板塔结合,40 万,4256 元,1,,,VR看装修 | 随时看房,https://hui.lianjia.com/ershoufang/105121650616.html
成熟大社区 交通便利 南北通风 户型采光好 看花园,"万城 , 白云新城",3室1厅,94.4平米,南 北,精装,24层 ,,板塔结合,65 万,6886 元,0,,28天以前发布,VR房源 | 房本满五年,https://hui.lianjia.com/ershoufang/105122284429.html
万燊花园 精装修 楼层好 视野亮 南北通,"万燊花苑 , 惠环",4室2厅,108.26平米,南 北,精装,低楼层(共31层) ,,板塔结合,69.8 万,6448 元,0,,,VR看装修 | 房本满五年,https://hui.lianjia.com/ershoufang/105120563350.html
满五不唯一，红本在手，精装修拎包入住，业主诚心出售,"三远大爱城 , 吾悦广场",3室2厅,89平米,南 北,精装,32层 ,,板塔结合,52 万,5843 元,232,,,VR看装修 | 房本满五年,https://hui.lianjia.com/ershoufang/105103748134.html
帝景湾三期 一线江景大平层  业主诚意出售,"帝景湾三期 , 江北",5室2厅,371.46平米,南 北,精装,低楼层(共29层) ,,板楼,482 万,12976 元,5,,,VR房源 | 随时看房,https://hui.lianjia.com/ershoufang/105113783904.html
帝景湾花园中间 精装三房两厅 高楼层 户型方正,"合生帝景湾 , 江北",3室1厅,141.14平米,南,精装,高楼层(共18层) ,,板楼,160 万,11337 元,2,,,VR看装修 | 随时看房,https://hui.lianjia.com/ershoufang/105119939634.html
临深一公里 精装四房 近地铁百万大社区 交通方便,"珠江四季悦城二期 , 西区新寮",4室2厅,129平米,北,精装,33层 ,,塔楼,82 万,6357 元,0,,,VR看装修 | 房本满两年 | 随时看房,https://hui.lianjia.com/ershoufang/105116757715.html
德威江誉城一期南北通五房两厅两卫业主诚意出售,"德威江誉城1期 , 马安",5室1厅,141.61平米,南,毛坯,中楼层(共32层) ,,塔楼,129 万,9110 元,0,,,VR房源 | 随时看房,https://hui.lianjia.com/ershoufang/105121183063.html
好楼层 重本装修 小区品质高 临深 南北通户型,"龙源华府 , 比亚迪商圈",4室2厅,114.4平米,南 北,精装,33层 ,,板塔结合,99 万,8654 元,1,,,VR看装修 | 随时看房,https://hui.lianjia.com/ershoufang/105120465645.html
富康锦绣壹号四房业主诚心出售红本在手手续快,"富康锦绣壹号三期 , 西区新寮",4室2厅,112.08平米,南,精装,32层 ,,塔楼,138 万,12313 元,0,,20天以前发布,VR看装修 | 房本满两年,https://hui.lianjia.com/ershoufang/105122352978.html
哇，还有环境那么好的房子！业主诚心出售，无欠款,"群峰花园 , 南站新城",3室2厅,84.07平米,南,,低楼层(共33层) ,,塔楼,42 万,4996 元,3,,,VR看装修 | 随时看房,https://hui.lianjia.com/ershoufang/105115873214.html
合生·上观国际 3室2厅 南,"合生·上观国际 , 水口",3室2厅,120.46平米,南,,低楼层(共32层) ,,塔楼,85 万,7057 元,0,,,VR房源 | 房本满五年 | 随时看房,https://hui.lianjia.com/ershoufang/105122183302.html
本因坊，宝家园 3室1厅 西北,"本因坊，宝家园 , 草洋新区",3室1厅,116.36平米,西北,,17层 ,,板塔结合,58 万,4985 元,0,,6天以前发布,VR房源 | 房本满五年 | 随时看房,https://hui.lianjia.com/ershoufang/105122501209.html
公园式花山水库 依山伴水 观景好,"水岸花山 , 新圩",2室2厅,79.12平米,西,毛坯,27层 ,,板塔结合,39.6 万,5006 元,1,,,VR房源 | 房本满五年 | 随时看房,https://hui.lianjia.com/ershoufang/105115211386.html
看房方便户型方正 无个税 得房率高,"九洲玉带湾 , 白云新城",5室2厅,120.19平米,南,,33层 ,,板塔结合,75 万,6241 元,1,,,VR看装修 | 随时看房,https://hui.lianjia.com/ershoufang/105120391531.html
世纪金湖次新房 可看湖景产权清晰 南北对流四房,"世纪金湖花园 , 河南岸",4室2厅,116平米,南 北,毛坯,低楼层(共31层) ,,板塔结合,102 万,8794 元,0,,,VR房源 | 随时看房,https://hui.lianjia.com/ershoufang/105114355157.html
临深2公里，公园社区，人车分流,"晶地顺苑 , 西区新寮",2室1厅,53.36平米,南,简装,30层 ,,板塔结合,26.8 万,5023 元,6,,,VR看装修 | 房本满五年 | 随时看房,https://hui.lianjia.com/ershoufang/105118276070.html
阳光新苑二期，精装修实用三房 总价低 证满五唯一物业,"阳光新苑 , 水口",3室2厅,83.02平米,北,精装,中楼层(共25层) ,,板塔结合,65 万,7830 元,0,,,VR看装修 | 房本满五年,https://hui.lianjia.com/ershoufang/105121689828.html
N67区 品质次新洋房 冬暖夏凉 近体育公园 出行方便,"星河丹堤N区 , 南站新城",4室2厅,142.65平米,南 北,,8层 ,,板塔结合,200 万,14021 元,1,,,VR房源 | 房本满两年 | 随时看房,https://hui.lianjia.com/ershoufang/105115886273.html
临深小户型，价格低，满五唯一，没有欠款，交易方便,"爱琴海 , 西区新寮",3室2厅,73.53平米,南,简装,33层 ,,塔楼,47 万,6392 元,5,,,VR看装修 | 房本满五年 | 随时看房,https://hui.lianjia.com/ershoufang/105119655050.html
临深位置 小区规模大 花园绿化做得好 居住适宜 户型好,"冠华城桂香园 , 西区新寮",4室2厅,100.71平米,南 北,毛坯,31层 ,,塔楼,66 万,6554 元,2,,,VR看装修 | 房本满五年 | 随时看房,https://hui.lianjia.com/ershoufang/105121075618.html
米可 成熟大社区 102大4房  价格美丽,"milk花园 , 陈江",4室1厅,102平米,南 北,,18层 ,,塔楼,72 万,7059 元,0,,,VR房源 | 随时看房,https://hui.lianjia.com/ershoufang/105121956959.html
城市嘉园 4室2厅 南,"城市嘉园 , 惠东县城",4室2厅,121.21平米,南,精装,低楼层(共20层) ,,塔楼,65 万,5363 元,0,,,VR看装修 | 房本满五年 | 随时看房,https://hui.lianjia.com/ershoufang/105122052570.html
中山大学附属惠亚医院 带装修小两房随时可以看 急售,"听涛雅苑 , 大亚湾中心区",2室2厅,46.58平米,东,精装,11层 ,,板塔结合,20.6 万,4423 元,10,,,VR房源 | 随时看房,https://hui.lianjia.com/ershoufang/105117297978.html
金山湖，精装三房，带租约出售，看房提前预约！,"美地花园城 , 河南岸",3室2厅,102.43平米,南,精装,高楼层(共30层) ,,塔楼,65 万,6346 元,2,,,VR看装修 | 房本满五年,https://hui.lianjia.com/ershoufang/105118853779.html
荷兰小城好楼层，房子采光通风好，视野开阔，居住舒服,"光耀荷兰小城 , 陈江",3室1厅,97.51平米,南,毛坯,28层 ,,板塔结合,43 万,4410 元,0,,,VR房源 | 房本满五年 | 随时看房,https://hui.lianjia.com/ershoufang/105121153564.html
小区高绿化，花园中间安静，，楼栋高低搭配采光,"德丰·五月花花园 , 西区新寮",3室2厅,96平米,北,,17层 ,,板塔结合,67 万,6980 元,0,,20天以前发布,VR房源,https://hui.lianjia.com/ershoufang/105122347616.html
全新精准大2房拎包入住月供1K定金1万家门口书抱,"华龙花园 , 水口",3室1厅,60.08平米,南,,8层 ,,板塔结合,18 万,2997 元,1,,,VR看装修 | 房本满五年,https://hui.lianjia.com/ershoufang/105120840130.html
中锴华章 花园中间 标准四房 好楼层,"中锴·华章 , 河南岸",4室2厅,132平米,南 北,毛坯,低楼层(共27层) ,,塔楼,110 万,8334 元,0,,9天以前发布,VR房源 | 房本满五年,https://hui.lianjia.com/ershoufang/105122476182.html
真实出售 业主诚心出售 能让你发家致富,"鹏达丽水湾 , 下角",3室2厅,96.35平米,东南,简装,中楼层(共27层) ,,板塔结合,77 万,7992 元,0,,,VR看装修 | 房本满五年 | 随时看房,https://hui.lianjia.com/ershoufang/105122148642.html
首 付6万买套海景2房轻松上车，楼下有市场绿道，成熟,"碧桂园.十里银滩.海逸湾北区 , 十里银滩",2室2厅,66.97平米,南,精装,30层 ,,板塔结合,29.1 万,4346 元,2,,,VR房源 | 房本满五年 | 随时看房,https://hui.lianjia.com/ershoufang/105120468607.html
翡翠山东南向大三房，房本无欠款交易快，价格可谈,"翡翠山城君御 , 万达",3室2厅,95.75平米,东南 南,精装,34层 ,,板塔结合,96 万,10027 元,3,,,VR看装修 | 房本满两年 | 随时看房,https://hui.lianjia.com/ershoufang/105113472870.html
临深带大平台的精装五房，业主无欠款套现出售,"壹方天第 , 白云新城",5室2厅,132.72平米,南 北,精装,34层 ,,板塔结合,94.5 万,7121 元,0,,,VR看装修 | 房本满两年 | 随时看房,https://hui.lianjia.com/ershoufang/105117834082.html
临深大盘安静舒适精装修三房 户型通透,"卓越东部蔚蓝海岸八期 , 西区新寮",3室1厅,98平米,南,精装,中楼层(共33层) ,,板塔结合,103 万,10511 元,0,,,VR看装修 | 随时看房,https://hui.lianjia.com/ershoufang/105118770385.html
大亚湾，亚迪二村，大4房，业主诚心卖，高楼层,"亚迪二村一区 , 澳头",4室2厅,146.16平米,南,,32层 ,,板塔结合,56 万,3832 元,1,,,VR看装修 | 房本满五年 | 随时看房,https://hui.lianjia.com/ershoufang/105121014359.html
美丽洲毛坯三房 小高层采光好视野好,"美丽洲 , 马安",3室2厅,97.99平米,南 北,,高楼层(共16层) ,,塔楼,73 万,7450 元,0,,8天以前发布,VR房源 | 房本满两年 | 随时看房,https://hui.lianjia.com/ershoufang/105122482690.html
榕城华庭 全新精装 三房两厅 南向看花园,"榕城华庭 , 博罗中心区",3室2厅,103平米,南,精装,18层 ,,塔楼,39.8 万,3865 元,1,,,VR看装修 | 随时看房,https://hui.lianjia.com/ershoufang/105121896843.html
原生态双公园配套，户型方正 ，带装修，视野好,"伴山园 , 比亚迪商圈",3室2厅,75.21平米,东南 南,精装,17层 ,,板塔结合,31 万,4122 元,0,,,VR看装修 | 房本满五年,https://hui.lianjia.com/ershoufang/105117975010.html
龙光城南区，两室两厅带装修拎包入住！,"龙光城南二期 , 龙光城",2室2厅,62.07平米,西北,精装,32层 ,,板塔结合,56.8 万,9151 元,0,,,VR看装修 | 房本满五年 | 随时看房,https://hui.lianjia.com/ershoufang/105121929023.html
业主诚意出售，户型方正，采光靓,"星泽华府 , 水口",3室2厅,123平米,南,,高楼层(共20层) ,,板塔结合,65 万,5285 元,0,,,VR看装修 | 随时看房,https://hui.lianjia.com/ershoufang/105121907072.html
水口天虹旁南贸花园，装修三房双卫户型证在手看房方便,"南贸花园 , 水口",3室2厅,113.41平米,南 北,精装,中楼层(共17层) ,,塔楼,82 万,7231 元,1,,,VR房源 | 房本满五年,https://hui.lianjia.com/ershoufang/105121924075.html
随时可以看房，业主诚心出售，价格可以沟通,"渝景湾花园四期 , 澳头",2室2厅,66.46平米,南,,低楼层(共26层) ,,板塔结合,22 万,3311 元,0,,,VR看装修 | 房本满五年 | 随时看房,https://hui.lianjia.com/ershoufang/105122125986.html
德威摩卡小镇两房 ，有车位，精装修，看房方便，,"德威摩卡小镇 , 江北",2室2厅,88.73平米,南,精装,中楼层(共17层) ,,塔楼,65 万,7326 元,1,,,VR看装修 | 房本满五年,https://hui.lianjia.com/ershoufang/105121748676.html
楼层好，采光充足，户型好，小区环境舒适，半围合式,"承翰珀尔世家 , 潼侨沥林",3室2厅,102.03平米,东南 南,精装,32层 ,,塔楼,59.8 万,5862 元,0,,,VR看装修 | 房本满两年 | 随时看房,https://hui.lianjia.com/ershoufang/105121928780.html
皇冠旁合生上观六期 中间楼层装修拎包入住南北双阳台,"合生·上观国际 , 水口",4室2厅,169.54平米,南 北,,中楼层(共32层) ,,板塔结合,148 万,8730 元,0,,,VR看装修 | 房本满五年,https://hui.lianjia.com/ershoufang/105118903056.html
龙丰 轻轨站 大社区 泰富御山郡 全新装修4房未入住,"泰富·御山郡 , 龙丰",4室2厅,107.44平米,南,精装,17层 ,,板塔结合,72.8 万,6776 元,0,,29天以前发布,VR看装修 | 随时看房,https://hui.lianjia.com/ershoufang/105122276998.html
汇乐城 次新小区 德桂佳园 3房 生活方便配套齐全,"德桂佳园一区 , 水口",3室2厅,90.85平米,南,毛坯,低楼层(共26层) ,,塔楼,59.6 万,6561 元,0,,,VR看装修 | 随时看房,https://hui.lianjia.com/ershoufang/105120744960.html
金石花园视野宽阔 采光很好 朝南 交通便利,"金石花园 , 江北",2室1厅,62.46平米,南,简装,中楼层(共18层) ,,塔楼,38 万,6084 元,1,,,VR看装修 | 房本满五年,https://hui.lianjia.com/ershoufang/105121985872.html
龙光城精装大四房  业主诚心急售,"龙光城南四期 , 龙光城",4室1厅,108.77平米,西 北,精装,34层 ,,塔楼,105 万,9654 元,0,,,VR看装修 | 房本满五年 | 随时看房,https://hui.lianjia.com/ershoufang/105121604998.html
实用精装正两房，带入户花园，适合刚需过度，看中可谈,"华兴金盛丽景 , 水口",2室2厅,75.33平米,南,精装,中楼层(共17层) ,,板楼,56 万,7434 元,0,,,VR房源 | 房本满五年 | 随时看房,https://hui.lianjia.com/ershoufang/105119939809.html
江北新小区 高层朝南4房  视野开阔 价格实惠,"御豪庭 , 江北",4室2厅,119.09平米,南,毛坯,高楼层(共29层) ,,塔楼,78 万,6550 元,0,,,VR看装修 | 随时看房,https://hui.lianjia.com/ershoufang/105121780336.html
前排别墅急售，格局好，层高3.3米，15米阳台一线江景,"江湾南岸二期 , 江北",4室2厅,237.3平米,东南,毛坯,中楼层(共6层) ,,板楼,498 万,20987 元,1,,,VR看装修 | 随时看房,https://hui.lianjia.com/ershoufang/105118573446.html
鹿江沥湿地公园水口文化广场星际,"新力城三期 , 水口",3室2厅,109平米,南,,低楼层(共32层) ,,板楼,83 万,7615 元,0,,,VR看装修 | 随时看房,https://hui.lianjia.com/ershoufang/105122147912.html
水口海伦春天 精装三房 朝南中间楼层 业主诚心出售,"海伦春天一期 , 水口",3室2厅,103平米,南,精装,31层 ,,板塔结合,69.8 万,6777 元,1,,,VR看装修 | 房本满五年,https://hui.lianjia.com/ershoufang/105119348205.html
户型方正，楼层好，朝南，临深，品质社区 视野好,"锦河湾 , 西区新寮",4室2厅,98.98平米,南 北,毛坯,34层 ,,板塔结合,62 万,6264 元,0,,,VR看装修 | 随时看房,https://hui.lianjia.com/ershoufang/105117760914.html
惠阳丽江花园 5房南北通 南北对流 市政广场,"丽江花园北区 , 区政府",5室2厅,186平米,南 北,精装,17层 ,,板楼,114 万,6130 元,0,,,VR看装修 | 房本满五年 | 随时看房,https://hui.lianjia.com/ershoufang/105116143454.html
中洲四期南北方正四房 一线江景 花园大环境好,"中洲半岛城邦四期 , 博罗中心区",4室2厅,127.18平米,南,毛坯,32层 ,,板塔结合,70 万,5505 元,0,,,VR房源 | 随时看房,https://hui.lianjia.com/ershoufang/105121498083.html
平台推 视野好，看房方便，诚心出售,"泓泰花园 , 西区新寮",4室2厅,114平米,南 北,精装,32层 ,,塔楼,105 万,9211 元,0,,,VR看装修 | 房本满两年 | 随时看房,https://hui.lianjia.com/ershoufang/105120837384.html
一线全江景采光充足，户型方正。,"新城鹿江风华 , 水口",4室2厅,123.31平米,南,毛坯,高楼层(共18层) ,,板塔结合,116 万,9408 元,0,,,VR看装修 | 房本满两年 | 随时看房,https://hui.lianjia.com/ershoufang/105122015354.html
距离深汕高铁惠东站直线800米 楼层好 朝南 环境佳,"山湖海上城 , 惠东县城",4室2厅,127.33平米,东南 南,毛坯,32层 ,,板塔结合,49.8 万,3912 元,0,,,VR看装修 | 房本满五年 | 随时看房,https://hui.lianjia.com/ershoufang/105120355692.html
惠州大亚湾西区博林腾瑞3房两厅两卫业主急卖,"博林腾瑞 , 比亚迪商圈",3室2厅,88.52平米,南,简装,33层 ,,板楼,66 万,7456 元,0,,,VR看装修 | 房本满两年 | 随时看房,https://hui.lianjia.com/ershoufang/105120994008.html
急，急，急，江北阳光谷大厦精装2室,"欧尚阳光谷 , 江北",2室1厅,53.84平米,东,简装,26层 ,,板塔结合,29.8 万,5535 元,0,,,VR看装修 | 房本满五年 | 随时看房,https://hui.lianjia.com/ershoufang/105121064573.html
次新小区 新力城大社区 大4房  看花园 大横厅读书方便,"新力城二期 , 水口",4室1厅,135.5平米,南,毛坯,低楼层(共32层) ,,板楼,92 万,6790 元,0,,,VR看装修 | 随时看房,https://hui.lianjia.com/ershoufang/105120554656.html
(左涛推荐)大江北佳兆业旁边#富民#朝南#5房#全新毛坯,"人乐居 , 江北",5室2厅,225.25平米,南 北,毛坯,中楼层(共22层) ,,板楼,150 万,6660 元,0,,,VR房源 | 房本满五年,https://hui.lianjia.com/ershoufang/105113787857.html
惠阳新政芯，临半岛滨水公园，近天虹，好宜多、沃尔玛,"冠臣御品花园 , 新行政区",4室2厅,141.2平米,南 北,精装,28层 ,,板塔结合,108 万,7649 元,0,,16天以前发布,VR房源 | 房本满两年,https://hui.lianjia.com/ershoufang/105122392789.html
皇冠花园4房  南北通透  双阳台 独门独户,"隆生皇冠花园 , 水口",4室2厅,123.36平米,南 北,毛坯,23层 ,,板楼,115 万,9323 元,0,,,VR看装修 | 房本满五年 | 随时看房,https://hui.lianjia.com/ershoufang/105122061214.html
拿上衣服带上手机就可以入住了   大客厅三卧室,"东江学府七期 , 河南岸",3室2厅,76平米,南,精装,19层 ,,,67 万,8816 元,0,,,VR房源 | 随时看房,https://hui.lianjia.com/ershoufang/105120566107.html
红本在手，业主诚心出售，价格可议价,"金輝新苑 , 龙丰",3室2厅,97平米,南,,中楼层(共8层) ,,板塔结合,57 万,5877 元,0,,,VR看装修,https://hui.lianjia.com/ershoufang/105118060670.html
（平台推荐）临深片区南北通三房，交通方便,"荣佳国韵二期 , 龙光城",3室2厅,107.64平米,东南 南,精装,26层 ,,板塔结合,80 万,7433 元,1,,19天以前发布,VR房源 | 房本满两年 | 随时看房,https://hui.lianjia.com/ershoufang/105122355693.html
采光充足，通风良好交通便利，购物方便，,"光耀荷兰小城 , 陈江",4室2厅,101.88平米,南,毛坯,31层 ,,板塔结合,53 万,5203 元,0,,,VR看装修 | 随时看房,https://hui.lianjia.com/ershoufang/105121571008.html
景观单位，看花园，业主诚意出售，楼层好户型方正！,"卓越蔚蓝海岸七期 , 西区新寮",3室2厅,97.64平米,南,精装,18层 ,,板塔结合,80 万,8194 元,0,,,VR看装修 | 房本满两年,https://hui.lianjia.com/ershoufang/105115906003.html
隆生东湖四区 一楼院子慢节奏生活 惬意休闲 户型方正,"东湖花园四号小区 , 东平",3室2厅,111平米,北,,7层 ,,板塔结合,96 万,8649 元,0,,17天以前发布,VR房源,https://hui.lianjia.com/ershoufang/105122379207.html
楼顶复式带平台　装修很新　视野好　小区配套齐全,"德丰凯旋城北区 , 大亚湾中心区",6室2厅,114平米,南 西南,,16层 ,,板塔结合,83 万,7281 元,1,,,VR房源 | 房本满五年 | 随时看房,https://hui.lianjia.com/ershoufang/105122178997.html
泰宇城市中央小区环境优美户型方正,"泰宇城市中央 , 江北",3室1厅,83平米,南,精装,中楼层(共30层) ,,塔楼,72 万,8675 元,0,,,VR看装修 | 随时看房,https://hui.lianjia.com/ershoufang/105121283899.html
临深品质小区 新装修 未住人 南北通透大四房 东边户,"锦地繁花骏园 , 西区新寮",4室1厅,128.5平米,南 北 东,精装,30层 ,,板塔结合,96 万,7471 元,1,,,VR房源 | 随时看房,https://hui.lianjia.com/ershoufang/105115642930.html
小高层，朝向好，临深，户型好，业主诚心卖,"观山悦一期 , 万达",2室2厅,79.89平米,南,毛坯,9层 ,,板塔结合,22 万,2754 元,9,,,VR看装修 | 房本满五年 | 随时看房,https://hui.lianjia.com/ershoufang/105119845071.html
临万达，朝南户型方正，采光视野好。,"畔山名居 , 比亚迪商圈",3室2厅,82.35平米,南,精装,33层 ,,塔楼,45 万,5465 元,0,,,VR看装修 | 房本满五年 | 随时看房,https://hui.lianjia.com/ershoufang/105120667884.html
梵高的海优质三房，业主全新装修未入住，拎包即可入住,"小径海岸城花园 , 霞涌",3室2厅,97.79平米,南,精装,33层 ,,板塔结合,56 万,5727 元,0,,,VR看装修 | 房本满五年 | 随时看房,https://hui.lianjia.com/ershoufang/105119837252.html
碧桂园润杨溪谷洋房花园3房2厅,"群峰花园 , 南站新城",3室2厅,114平米,南,,中楼层(共33层) ,,塔楼,62 万,5439 元,3,,,VR看装修 | 随时看房,https://hui.lianjia.com/ershoufang/105116857318.html
奥园尚雅花园二期，业主急售，3房2卫,"奥园尚雅花园二期 , 潼侨沥林",3室2厅,103.59平米,东南,,高楼层(共27层) ,,,49 万,4731 元,0,,,VR看装修 | 房本满两年 | 随时看房,https://hui.lianjia.com/ershoufang/105116934279.html
全款房 没个税 帝庭国际三房二厅二卫  总价底,"帝庭国际 , 博罗石湾",3室2厅,94.07平米,南,精装,高楼层(共29层) ,,板塔结合,69 万,7335 元,0,,,VR看装修 | 房本满五年 | 随时看房,https://hui.lianjia.com/ershoufang/105121681845.html
香榭园 精装3房 满五唯一 格局方正 采光通风好,"香榭园 , 河南岸",3室2厅,88.59平米,东北,,高楼层(共28层) ,,板塔结合,72 万,8128 元,1,,,VR看装修 | 房本满五年,https://hui.lianjia.com/ershoufang/105115580440.html
美庐小区  体育馆旁   三房2卫  中间楼层,"美庐（二期） , 陈江",3室2厅,95.49平米,南,毛坯,30层 ,,板塔结合,66 万,6912 元,0,,,VR看装修 | 房本满两年 | 随时看房,https://hui.lianjia.com/ershoufang/105121815967.html
碧桂园翡翠山，精装修，看花园，视野好,"翡翠山城君御 , 万达",2室2厅,82.07平米,东,精装,34层 ,,,66 万,8042 元,4,,,VR看装修 | 房本满两年 | 随时看房,https://hui.lianjia.com/ershoufang/105113141559.html
好房源，好房源，适合一大家人居住,"荣盛花语馨苑 , 大亚湾中心区",3室2厅,80.03平米,南,简装,低楼层(共32层) ,,板楼,40 万,4999 元,1,,,VR看装修 | 房本满五年 | 随时看房,https://hui.lianjia.com/ershoufang/105121147725.html
业主诚心出售 无抵押 随时过户 产权清晰,"金润东方公寓 , 澳头",2室1厅,66.03平米,南,,28层 ,,板塔结合,17 万,2575 元,6,,,VR看装修 | 房本满五年 | 随时看房,https://hui.lianjia.com/ershoufang/105117781050.html
业主诚心出售，中间楼层，采光通风好，交通方便,"山语龙庭 , 新行政区",4室2厅,97.85平米,南,精装,27层 ,,板塔结合,94 万,9607 元,0,,,VR看装修 | 随时看房,https://hui.lianjia.com/ershoufang/105121833789.html
惠州南站2公里，业主诚心出售 三房,"文锦华府 , 吾悦广场",3室2厅,86.82平米,西,精装,26层 ,,塔楼,63 万,7257 元,0,,,VR看装修 | 房本满两年 | 随时看房,https://hui.lianjia.com/ershoufang/105120970636.html
次新大社区，大阳台，大房间，3房,"壹方水榭 , 白云新城",3室2厅,75.66平米,东南,精装,高楼层(共29层) ,,板塔结合,55 万,7270 元,0,,7天以前发布,VR房源 | 房本满五年 | 随时看房,https://hui.lianjia.com/ershoufang/105122493177.html
锦绣学府 2室2厅 南,"锦绣学府 , 澳头",2室2厅,57.06平米,南,简装,30层 ,,塔楼,28.5 万,4995 元,3,,,VR看装修 | 房本满五年 | 随时看房,https://hui.lianjia.com/ershoufang/105119235527.html
便宜两房、总价低值得参考、诚心出售,"阳光地带 , 开城大润发",2室2厅,59.64平米,南,,17层 ,,板塔结合,30 万,5031 元,0,,,VR房源 | 房本满五年 | 随时看房,https://hui.lianjia.com/ershoufang/105122215836.html
精装修，保养好，诚心出售，楼层好，视野好,"星河丹堤F区 , 南站新城",3室2厅,107.63平米,东 南 北,精装,30层 ,,板塔结合,110 万,10221 元,1,,,VR看装修 | 房本满五年 | 随时看房,https://hui.lianjia.com/ershoufang/105119690472.html
近深圳地铁沙田站 采光好 通勤深圳方便 户型方正,"金莎花园 , 白云新城",3室2厅,115.78平米,南,毛坯,18层 ,,板塔结合,50 万,4319 元,1,,,VR看装修 | 房本满五年 | 随时看房,https://hui.lianjia.com/ershoufang/105120663751.html
哇啊，翡翠山大3房大社区，益田 万达大商圈,"翡翠山城君御 , 万达",3室2厅,113.57平米,南,精装,33层 ,,板塔结合,97 万,8541 元,2,,,VR房源 | 房本满两年 | 随时看房,https://hui.lianjia.com/ershoufang/105119846523.html
小高层2居室，近天虹商场，红本在手 税费少,"中铭豪园 , 区政府",2室2厅,75.9平米,东南,简装,12层 ,,板塔结合,43 万,5666 元,1,,,VR看装修 | 房本满五年 | 随时看房,https://hui.lianjia.com/ershoufang/105121312766.html
三和经济开发区，南北通四房，全屋定制,"龙光玖龙山 , 三和经济开发区",4室2厅,112.12平米,南 北,,32层 ,,板塔结合,70 万,6244 元,0,,29天以前发布,VR看装修 | 随时看房,https://hui.lianjia.com/ershoufang/105122272017.html
雅博世纪广场，天虹大润发就在楼下，交通出行方便,"雅博世纪广场 , 开城大润发",2室2厅,82.37平米,南,毛坯,29层 ,,板塔结合,46 万,5585 元,0,,,VR房源 | 房本满五年 | 随时看房,https://hui.lianjia.com/ershoufang/105121967278.html
四星旅游区温馨3房2厅2卫朝南,"五矿哈施塔特 , 博罗中心区",3室2厅,93.4平米,南,毛坯,33层 ,,塔楼,36 万,3855 元,1,,,VR看装修 | 房本满两年 | 随时看房,https://hui.lianjia.com/ershoufang/105116418309.html
临深一路之隔，一刻钟到沙田站，公交车直达到聚龙山,"富康锦绣壹号 , 西区新寮",4室1厅,112平米,南,精装,33层 ,,塔楼,112 万,10000 元,3,,,VR房源 | 房本满五年 | 随时看房,https://hui.lianjia.com/ershoufang/105120226933.html
双城国际南区 朝南 实用2房 装修很新 封窗 安静不吵,"双城国际南区 , 江北",2室1厅,54.35平米,南,精装,中楼层(共18层) ,,板塔结合,60 万,11040 元,0,,,VR看装修 | 房本满两年 | 随时看房,https://hui.lianjia.com/ershoufang/105121862016.html
临深白云新城 通勤便利 配套齐全 居住好 近地铁,"鹏城里 , 白云新城",4室2厅,112.1平米,南 北,毛坯,30层 ,,板塔结合,55 万,4907 元,0,,19天以前发布,VR房源 | 房本满两年 | 随时看房,https://hui.lianjia.com/ershoufang/105122358403.html
临深央企保利阳光城93平精装四房,"保利阳光城二期 , 白云新城",4室2厅,92.57平米,北,精装,32层 ,,板塔结合,66.8 万,7217 元,0,,,VR看装修 | 房本满五年 | 随时看房,https://hui.lianjia.com/ershoufang/105121747632.html
临深入住率高，税费低，精装修，配套齐全,"尚城世家二期 , 区政府",3室1厅,113.58平米,东南,精装,26层 ,,板塔结合,118 万,10390 元,0,,,VR房源 | 房本满五年 | 随时看房,https://hui.lianjia.com/ershoufang/105121458711.html
区政府 配套齐全 业主急售...,"中港华庭 , 区政府",1室1厅,50平米,东,,26层 ,,塔楼,19.8 万,3960 元,0,,,VR看装修 | 随时看房,https://hui.lianjia.com/ershoufang/105112984971.html
全新未住，业主诚意出售，南北向看花园，中间楼层,"龙湖天宸原著花园 , 河南岸",4室2厅,138.01平米,南,精装,中楼层(共33层) ,,塔楼,209 万,15144 元,1,,,VR看装修 | 随时看房,https://hui.lianjia.com/ershoufang/105118908790.html
隆生大社区 近天益城 朝南向 千米楼间距 视野开阔,"隆生仲恺花园3区 , 陈江",3室2厅,110.47平米,南,毛坯,中楼层(共33层) ,,塔楼,73 万,6609 元,0,,,VR看装修 | 房本满两年 | 随时看房,https://hui.lianjia.com/ershoufang/105120457163.html
全新精装修三房，带家私电器出售，高层采光通风无暗房,"新力城二期 , 水口",3室2厅,89.88平米,南,精装,高楼层(共31层) ,,板楼,66.6 万,7410 元,0,,,VR看装修 | 房本满五年 | 随时看房,https://hui.lianjia.com/ershoufang/105119905264.html
碧桂园山河城 3室2厅 北,"碧桂园山河城 , 三和经济开发区",3室2厅,92.32平米,北,精装,18层 ,,板塔结合,32.8 万,3553 元,0,,18天以前发布,VR看装修 | 随时看房,https://hui.lianjia.com/ershoufang/105122368563.html
临14号地铁沙田站 ，次新房户型方正， 业主诚心出售,"壹方天第 , 白云新城",3室2厅,112.48平米,西南,精装,34层 ,,板塔结合,73 万,6491 元,2,,,VR看装修 | 随时看房,https://hui.lianjia.com/ershoufang/105113461928.html
三远大爱城精装，宽敞明亮，户型方正，适合居家,"三远大爱城 , 吾悦广场",3室2厅,88.67平米,南,精装,32层 ,,板塔结合,57 万,6429 元,9,,,VR房源 | 房本满五年 | 随时看房,https://hui.lianjia.com/ershoufang/105112846937.html
新天虹 大润发 精装修两房 拎包入住 满五唯一,"旺东国际广场 , 开城大润发",2室2厅,74.65平米,东南,精装,30层 ,,塔楼,53 万,7100 元,0,,,VR看装修 | 房本满五年 | 随时看房,https://hui.lianjia.com/ershoufang/105119988090.html
恒大紫荆学府棕榈岛 3室2厅 南,"恒大紫荆学府棕榈岛 , 白云新城",3室2厅,103平米,南,精装,中楼层(共32层) ,,板塔结合,75 万,7282 元,0,,,VR看装修 | 随时看房,https://hui.lianjia.com/ershoufang/105115250138.html
鑫月城三房大社区自带游泳池轻轨物业,"鑫月御景湾 , 陈江",3室2厅,86.72平米,南,精装,32层 ,,塔楼,49 万,5651 元,0,,,VR看装修 | 房本满五年 | 随时看房,https://hui.lianjia.com/ershoufang/105118809325.html
户型方正，采光好，视野好，无遮挡,"新华联广场 , 大亚湾中心区",3室2厅,88.61平米,北,简装,32层 ,,板塔结合,50 万,5643 元,5,,,VR看装修 | 房本满五年 | 随时看房,https://hui.lianjia.com/ershoufang/105116105001.html
臻誉府旁、自住精装修，朝南的！采光良好,"鑫月御景湾 , 陈江",3室2厅,86.08平米,东南,精装,32层 ,,塔楼,50 万,5809 元,0,,,VR看装修 | 房本满五年,https://hui.lianjia.com/ershoufang/105121564214.html
原值高 采光好 户型方正 精装修两房,"三远大爱城 , 吾悦广场",2室2厅,76.49平米,南,,32层 ,,板塔结合,45 万,5884 元,2,,,VR看装修 | 房本满五年,https://hui.lianjia.com/ershoufang/105119332980.html
精装3房，朝南户型，中间楼层，安静位置，满五年,"金碧蓝湾一期 , 开城大润发",3室2厅,82.5平米,南,简装,29层 ,,板楼,55 万,6667 元,0,,,VR看装修 | 房本满五年 | 随时看房,https://hui.lianjia.com/ershoufang/105120921802.html
花园小区，  楼间 距 视野好,"碧桂园天骄公馆 , 马安",3室2厅,94.92平米,南,精装,高楼层(共34层) ,,塔楼,71 万,7480 元,0,,,VR看装修,https://hui.lianjia.com/ershoufang/105116607402.html
万达近，通勤方便，户型好 户型方正，朝南的,"正兆千树晴山 , 西区新寮",3室2厅,96.76平米,东南,毛坯,30层 ,,板塔结合,53 万,5478 元,1,,,VR看装修 | 房本满五年 | 随时看房,https://hui.lianjia.com/ershoufang/105112682387.html
精装四房 高楼层 视野采光棒 拎包入住！,"天源花园 , 大亚湾中心区",4室2厅,100.64平米,南 北,精装,33层 ,,板塔结合,48 万,4770 元,0,,14天以前发布,VR房源 | 房本满五年,https://hui.lianjia.com/ershoufang/105122415452.html
户型方正，视野光线都好，成熟小区生活便利,"花样年·康城四季御峰 , 惠环",3室2厅,84.74平米,南,毛坯,32层 ,,板塔结合,51 万,6019 元,1,,,VR看装修 | 房本满两年 | 随时看房,https://hui.lianjia.com/ershoufang/105113657256.html
现代风设计大三房带车位无欠款 临深,"深荟城一期 , 白云新城",3室2厅,92.45平米,南,精装,33层 ,,板塔结合,79 万,8546 元,0,,6天以前发布,VR房源 | 房本满五年 | 随时看房,https://hui.lianjia.com/ershoufang/105122504019.html
此房户型方正，楼层好，小区楼龄新，小区规模大,"德润天峰 , 潼侨沥林",2室1厅,79.92平米,南,毛坯,18层 ,,板塔结合,40 万,5006 元,0,,,VR房源 | 房本满五年 | 随时看房,https://hui.lianjia.com/ershoufang/105116311917.html
临深南北通三房  业主诚意卖  价格有空间,"安罝小区 , 西区新寮",3室2厅,126.79平米,南,毛坯,32层 ,,板塔结合,58 万,4575 元,0,,,VR看装修 | 随时看房,https://hui.lianjia.com/ershoufang/105121456672.html
水岸城全新毛坯三房出售....,"中信水岸城六期 , 东江新城",3室2厅,88平米,东南,毛坯,中楼层(共32层) ,,板楼,88 万,10000 元,0,,,VR看装修 | 随时看房,https://hui.lianjia.com/ershoufang/105115921547.html
新天虹商圈  精装两房  装修保养好  看房提前预约,"惠泽南苑 , 河南岸",2室1厅,51.07平米,南 北,精装,中楼层(共6层) ,,板楼,38 万,7441 元,0,,,VR看装修 | 房本满五年 | 随时看房,https://hui.lianjia.com/ershoufang/105120763709.html
