标题,地址,户型,面积,朝向,装修情况,层数,建造时间,楼型,总价,每平米单价,关注人数,带看次数,发布时间,标签,详情链接
"东平  东湖苑 精装2房  单价低,诚意出售","東湖苑 , 东平",2室2厅,88.23平米,西北,简装,高楼层(共18层) ,,板塔结合,38 万,4307 元,1,,,VR看装修 | 房本满五年,https://hui.lianjia.com/ershoufang/105117614021.html
惠东平山丽江东岸，精装修，中间靓楼层,"丽江东岸 , 惠东县城",4室2厅,146.46平米,南,精装,中楼层(共32层) ,,板塔结合,108 万,7375 元,0,,,VR房源,https://hui.lianjia.com/ershoufang/105121628781.html
园景大平层2梯2户南北通视野开阔好楼层满五年,"方直君御 , 东江新城",4室2厅,190.5平米,南 北,毛坯,中楼层(共24层) ,,塔楼,276 万,14489 元,0,,,VR看装修 | 房本满五年 | 随时看房,https://hui.lianjia.com/ershoufang/105119630225.html
惠州港沃尔玛商圈，学 校成熟商圈，交通便利,"金润东方公寓 , 澳头",1室1厅,38.78平米,东,简装,28层 ,,板塔结合,13.6 万,3507 元,3,,,VR看装修 | 随时看房,https://hui.lianjia.com/ershoufang/105119828250.html
背靠板樟岭公园，视野开阔，无遮挡,"公园道花园 , 比亚迪商圈",2室2厅,72.71平米,南,精装,17层 ,,板楼,33 万,4539 元,2,,,VR看装修 | 房本满五年 | 随时看房,https://hui.lianjia.com/ershoufang/105120734145.html
中间楼层，视野开阔，采光充足，配套设施全，交通便利,"家悦龙庭 , 万达",1室2厅,48.3平米,东南,毛坯,28层 ,,塔楼,29.8 万,6170 元,0,,,VR看装修 | 房本满两年 | 随时看房,https://hui.lianjia.com/ershoufang/105114957007.html
板楼户型方正实用，109平南北通双阳台，急售可谈价,"新力城一期 , 水口",3室2厅,109.28平米,南,毛坯,低楼层(共27层) ,,板楼,70 万,6406 元,0,,,VR看装修 | 房本满两年 | 随时看房,https://hui.lianjia.com/ershoufang/105120424988.html
合生大三房户型优质 无抵押 业主急售,"合生·上观国际 , 水口",3室2厅,112平米,东南,毛坯,低楼层(共18层) ,,塔楼,82 万,7322 元,0,,,VR看装修 | 随时看房,https://hui.lianjia.com/ershoufang/105121603102.html
安居乐业，全新精装，朝南三房，业主出国急售,"南站新城 , 南站新城",3室2厅,100.27平米,南,精装,31层 ,,板塔结合,82 万,8178 元,0,,,VR看装修 | 随时看房,https://hui.lianjia.com/ershoufang/105121730795.html
视野好 看房方便 花园中间位置 诚心出售,"腾韵花园 , 陈江",2室1厅,73.22平米,南,毛坯,32层 ,,板塔结合,50 万,6829 元,0,,,VR看装修 | 房本满两年 | 随时看房,https://hui.lianjia.com/ershoufang/105122110078.html
隆生品质 三梯配套 中式园林 使用率高,"隆生西江花园 , 东江新城",4室2厅,138.9平米,南,毛坯,低楼层(共32层) ,,塔楼,158 万,11376 元,0,,,VR看装修 | 随时看房,https://hui.lianjia.com/ershoufang/105117750278.html
全新精装保养好 带家私家电 格局好 楼层好 视野好,"碧桂园天骄公馆 , 马安",3室2厅,94.9平米,东南,精装,中楼层(共34层) ,,板塔结合,82 万,8641 元,49,,,VR看装修 | 随时看房,https://hui.lianjia.com/ershoufang/105117416498.html
口岸路 精装三房   业主诚意出售,"海宇·连城国际 , 麦地",3室2厅,99.66平米,东北 北,精装,低楼层(共17层) ,,板塔结合,59.8 万,6001 元,9,,,VR看装修 | 房本满五年,https://hui.lianjia.com/ershoufang/105118371719.html
看房方便视野开阔无遮挡，看园林，安静不吵,"金悦华府 , 东江新城",4室2厅,117平米,东 东南,毛坯,低楼层(共25层) ,,塔楼,108 万,9231 元,0,,,VR看装修 | 随时看房,https://hui.lianjia.com/ershoufang/105122243574.html
壹城五期 五一天虹 体育馆 天益城,"壹城中心1区 , 陈江",4室2厅,125平米,南 北,精装,中楼层(共32层) ,,塔楼,125 万,10000 元,0,,,VR看装修 | 房本满两年,https://hui.lianjia.com/ershoufang/105121672971.html
万达商圈龙光玖龙湾花园106平米四房业主诚意出售,"龙光玖龙湾 , 万达",3室2厅,106平米,南 北,,30层 ,,板塔结合,71 万,6699 元,0,,31天以前发布,VR看装修 | 随时看房,https://hui.lianjia.com/ershoufang/105122252135.html
临深 精装4房 户型方正 业主诚心出售,"华策御水花园 , 龙光城",4室2厅,125.74平米,南 北,精装,低楼层(共30层) ,,板塔结合,77 万,6124 元,2,,,VR看装修 | 随时看房,https://hui.lianjia.com/ershoufang/105121902630.html
业主急售 户型方正采光好 面积使用率高,"康汇花园 , 大亚湾中心区",3室2厅,131.77平米,南 北,,13层 ,,板塔结合,40 万,3036 元,6,,,VR看装修 | 房本满五年 | 随时看房,https://hui.lianjia.com/ershoufang/105121190057.html
万达旁边三房，视野好，业主诚心购买新物业，诚心出售,"中萃花城湾 , 万达",3室2厅,84.14平米,北,精装,17层 ,,板塔结合,63.8 万,7583 元,0,,,VR看装修 | 房本满五年 | 随时看房,https://hui.lianjia.com/ershoufang/105121102162.html
一线临深大盘隆腾盛世五房毛坯诚意出售,"隆腾盛世 , 新圩",5室2厅,129.55平米,南,,31层 ,,板塔结合,135 万,10421 元,0,,,VR看装修 | 房本满两年 | 随时看房,https://hui.lianjia.com/ershoufang/105119576577.html
视野开阔的2房2厅，业主诚意出售,"华裕居 , 惠环",2室2厅,74.44平米,北,毛坯,高楼层(共31层) ,,塔楼,30.8 万,4138 元,0,,,VR看装修 | 随时看房,https://hui.lianjia.com/ershoufang/105121781460.html
碧桂园珑誉 大四房视野好 采光通透,"碧桂园珑誉花园 , 水口",4室2厅,128平米,南 北,毛坯,高楼层(共33层) ,,塔楼,80 万,6250 元,2,,,VR看装修 | 房本满五年 | 随时看房,https://hui.lianjia.com/ershoufang/105114105561.html
成熟花园小高层，正三房，单价五千多,"丽江花园南区 , 区政府",3室2厅,106.6平米,北,简装,18层 ,,板塔结合,60 万,5629 元,0,,16天以前发布,VR房源 | 房本满五年 | 随时看房,https://hui.lianjia.com/ershoufang/105122388049.html
10分 钟到沙田站 自住装修红本在手楼栋位置好,"凯南莱弗城 , 西区新寮",4室2厅,108.88平米,南 北,精装,30层 ,,板塔结合,88 万,8083 元,0,,28天以前发布,VR看装修 | 房本满五年,https://hui.lianjia.com/ershoufang/105122285674.html
华润曦江润府 168平一线江景 总裁大平层 远眺金山湖,"曦江润府 , 东江新城",5室2厅,168.62平米,南 北,毛坯,中楼层(共33层) ,,塔楼,230 万,13641 元,0,,,VR看装修 | 房本满两年 | 随时看房,https://hui.lianjia.com/ershoufang/105121799479.html
全新四房，看花园中间楼层，惠阳临深通勤自住改善房,"深荟城一期 , 白云新城",4室2厅,135.28平米,南 北,,32层 ,,板塔结合,117.5 万,8686 元,2,,,VR看装修 | 房本满五年 | 随时看房,https://hui.lianjia.com/ershoufang/105121343912.html
中信新城C区 四房带装修  南北通透采光号  诚心出售,"中信新城C区 , 南站新城",4室2厅,116平米,南 北,精装,34层 ,,板塔结合,85 万,7328 元,0,,,VR看装修 | 房本满五年,https://hui.lianjia.com/ershoufang/105121455972.html
价格可聊 使用率高 出门就是商场,"菩提园 , 万达",8室3厅,416.7平米,南 北,毛坯,31层 ,,塔楼,260 万,6240 元,3,,,VR房源 | 房本满五年 | 随时看房,https://hui.lianjia.com/ershoufang/105120052078.html
中高楼层看湖，楼下配套齐全，背包小区！,"星河丹堤F区 , 南站新城",3室1厅,89.49平米,北,精装,34层 ,,板塔结合,79 万,8828 元,4,,,VR房源 | 随时看房,https://hui.lianjia.com/ershoufang/105119884897.html
户型方正，楼层好，视野好，配套齐全,"龙光城北十二期 , 龙光城",4室2厅,109.4平米,南 东,精装,32层 ,,板塔结合,98 万,8958 元,0,,,VR看装修 | 房本满五年 | 随时看房,https://hui.lianjia.com/ershoufang/105117562118.html
雍景湾 南北通透4房 高楼层 视野好 无遮挡,"中骏雍景湾南区 , 河南岸",4室2厅,116.74平米,南 北,毛坯,高楼层(共30层) ,,板塔结合,119.8 万,10263 元,1,,,VR看装修 | 房本满两年 | 随时看房,https://hui.lianjia.com/ershoufang/105114808975.html
雅居乐御宾府毛坯三房业主诚意出售,"御宾府 , 龙丰",3室2厅,109平米,南 北,毛坯,高楼层(共29层) ,,塔楼,80 万,7340 元,3,,,VR看装修 | 房本满五年 | 随时看房,https://hui.lianjia.com/ershoufang/105112969723.html
水岸城六期自住精装三房两厅一卫看花园拎包入住,"中信水岸城六期 , 东江新城",3室2厅,87.07平米,东南,精装,中楼层(共32层) ,,板楼,99 万,11371 元,1,,,VR看装修 | 房本满五年 | 随时看房,https://hui.lianjia.com/ershoufang/105121327262.html
方直城市时代2房，业主急售，随时可以看房,"城市时代 , 河南岸",2室2厅,76.77平米,西,精装,中楼层(共22层) ,,板塔结合,68 万,8858 元,0,,23天以前发布,VR房源 | 房本满五年 | 随时看房,https://hui.lianjia.com/ershoufang/105122326840.html
华冠花园 2室2厅 北,"华冠花园 , 大亚湾中心区",2室2厅,42.76平米,北,精装,26层 ,,板塔结合,25 万,5847 元,0,,,VR看装修,https://hui.lianjia.com/ershoufang/105118731157.html
隆生一期南北通双阳台大4房，好楼层无欠款，业主诚心,"隆生仲恺花园 , 陈江",4室2厅,127.82平米,南 北,,31层 ,,塔楼,93 万,7276 元,1,,,VR看装修 | 房本满两年 | 随时看房,https://hui.lianjia.com/ershoufang/105120813695.html
"户型方正视野开阔配套完善,诚意出售","金地天润自在城一期 , 西区新寮",4室2厅,100.12平米,南,精装,33层 ,,板塔结合,88.88 万,8878 元,0,,,VR看装修 | 房本满两年 | 随时看房,https://hui.lianjia.com/ershoufang/105121790537.html
高榜山庄-高榜山下红花湖旁闹中取静宜居社区,"高榜山庄 , 龙丰",4室2厅,189.73平米,南 北,毛坯,高楼层(共9层) ,,,160 万,8434 元,0,,,VR看装修 | 房本满五年 | 随时看房,https://hui.lianjia.com/ershoufang/105120332283.html
百万大盘旁，临深一线河景，业主诚心售,"锦河湾 , 西区新寮",4室1厅,98.06平米,南 北,毛坯,34层 ,,板塔结合,62 万,6323 元,0,,,VR房源 | 随时看房,https://hui.lianjia.com/ershoufang/105120482603.html
业主着急出售价格可谈 全新装修未住过，户型方正,"荣盛御景澜湾 , 澳头",3室2厅,90.19平米,东南,,33层 ,,板塔结合,45 万,4990 元,0,,,VR看装修 | 房本满五年 | 随时看房,https://hui.lianjia.com/ershoufang/105122173913.html
7区次新小区，中间楼层视野漂亮，3房2个卫生间,"壹城中心7区 , 陈江",3室2厅,98.49平米,南,毛坯,中楼层(共32层) ,,塔楼,72 万,7311 元,0,,,VR看装修 | 房本满两年 | 随时看房,https://hui.lianjia.com/ershoufang/105119494850.html
难得漂亮户型！！三房南北通双阳台 视野开阔 优选楼层,"金辉风雅轩 , 秋长",3室2厅,85.12平米,南 北,毛坯,32层 ,,板塔结合,41.88 万,4921 元,0,,,VR看装修 | 房本满五年 | 随时看房,https://hui.lianjia.com/ershoufang/105120425427.html
住在公园里的房子，享受真正的大草原，湖泊。,"恒大棕榈岛 , 白云新城",4室2厅,126.81平米,南 北,毛坯,25层 ,,板楼,78 万,6151 元,0,,,VR看装修 | 房本满五年 | 随时看房,https://hui.lianjia.com/ershoufang/105119953175.html
富康锦绣壹号3房 红本在手 看房方便有钥匙 业主诚卖,"富康锦绣壹号 , 西区新寮",3室2厅,85.13平米,南,精装,33层 ,,塔楼,80 万,9398 元,2,,,VR看装修 | 房本满五年 | 随时看房,https://hui.lianjia.com/ershoufang/105121223875.html
区政府旁，万科物业，一房拎包入住。,"清泉城市广场 , 区政府",1室0厅,34.76平米,东南,,27层 ,,板塔结合,18 万,5179 元,1,,,VR看装修 | 房本满五年,https://hui.lianjia.com/ershoufang/105118726956.html
楼层位置很好，户型方正，业主急售,"经达御金湾 , 江北",4室2厅,118.94平米,南 北,毛坯,31层 ,,板塔结合,80 万,6727 元,0,,,VR看装修 | 房本满两年 | 随时看房,https://hui.lianjia.com/ershoufang/105121298713.html
禧临门，大社区，朝南3+1，拎包入住,"禧临门 , 博罗中心区",3室2厅,120平米,南,毛坯,低楼层(共30层) ,,板塔结合,70.8 万,5900 元,0,,,VR看装修 | 随时看房,https://hui.lianjia.com/ershoufang/105118485523.html
区政府天虹 南北通四房 自住装修 拎包入住,"中央国墅园 , 区政府",4室2厅,128.34平米,南 北,精装,29层 ,,板塔结合,72 万,5611 元,2,,,VR看装修 | 房本满五年 | 随时看房,https://hui.lianjia.com/ershoufang/105118507564.html
采光佳 视野好 户型方正 配套齐 交通便利,"正闳润金名苑 , 西区新寮",3室1厅,91.25平米,东南,精装,33层 ,,塔楼,76 万,8329 元,1,,,VR看装修 | 房本满两年 | 随时看房,https://hui.lianjia.com/ershoufang/105118509040.html
满五唯一带装修 业主诚意出售 前有公园后有广场,"御玺山大峡谷一期 , 比亚迪商圈",3室1厅,77.01平米,东,,32层 ,,板塔结合,40 万,5195 元,0,,22天以前发布,VR看装修,https://hui.lianjia.com/ershoufang/105122338066.html
江北东江湾精装修酒店公寓48平,"东江湾 , 江北",1室1厅,47.8平米,南,精装,高楼层(共30层) ,,板塔结合,50 万,10461 元,0,,,VR看装修 | 房本满两年 | 随时看房,https://hui.lianjia.com/ershoufang/105117675894.html
小区环境好.户型方正.业主急卖.价格好谈,"丽江花园南区 , 区政府",4室1厅,158.89平米,南,简装,11层 ,,板塔结合,90 万,5665 元,0,,27天以前发布,VR房源 | 房本满五年 | 随时看房,https://hui.lianjia.com/ershoufang/105122295061.html
山湖海上城3房2厅1卫 环境好 交通便利,"山湖海上城 , 惠东县城",3室2厅,92平米,南,精装,18层 ,,板塔结合,38.9 万,4229 元,0,,,VR看装修 | 随时看房,https://hui.lianjia.com/ershoufang/105121753697.html
正南向海景，视野开阔，户型方正，采光好，绿化高小区,"碧桂园十里银滩海悦湾 , 十里银滩",2室1厅,69.7平米,东南 南 西南,精装,30层 ,,板塔结合,29.8 万,4276 元,0,,,VR房源 | 房本满两年 | 随时看房,https://hui.lianjia.com/ershoufang/105117595023.html
户型好，价格便宜，适合居家  ，楼下有公交车站,"DADA的草地 , 大亚湾中心区",4室2厅,105.14平米,南 北,毛坯,32层 ,,板塔结合,30 万,2854 元,21,,,VR看装修 | 房本满五年 | 随时看房,https://hui.lianjia.com/ershoufang/105119491291.html
楼龄新，户型方正朝南，红本在手，业主诚心出售,"星河丹堤V2区 , 南站新城",3室2厅,100.1平米,南,毛坯,32层 ,,塔楼,100 万,9991 元,0,,,VR看装修 | 随时看房,https://hui.lianjia.com/ershoufang/105120433117.html
南北通三房两卫，采光好，安静，绿化舒适，生活便利。,"新力城二期 , 水口",3室2厅,117.86平米,东,毛坯,中楼层(共32层) ,,板楼,80 万,6788 元,0,,,VR看装修 | 房本满两年 | 随时看房,https://hui.lianjia.com/ershoufang/105121572991.html
楼层漂亮 二期带地下室 采光好 钥匙在公司 随时可以看,"富川瑞园 , 惠环",4室2厅,122.79平米,南,精装,高楼层(共32层) ,,板塔结合,74 万,6027 元,0,,,VR看装修 | 房本满五年 | 随时看房,https://hui.lianjia.com/ershoufang/105121179147.html
临深精装4房看河景花园2022年的新小区,"曦悦湾畔花园 , 西区新寮",4室2厅,98.28平米,西南,精装,33层 ,,板塔结合,75 万,7632 元,3,,,VR看装修 | 房本满两年 | 随时看房,https://hui.lianjia.com/ershoufang/105120246036.html
临深片区，保利阳光城精装修三房 拎包入住,"保利阳光城 , 白云新城",3室2厅,80.06平米,北,精装,33层 ,,板塔结合,56 万,6995 元,0,,,VR看装修 | 房本满五年 | 随时看房,https://hui.lianjia.com/ershoufang/105121190382.html
头等舱沙发！！高档装修 坐瞰别墅景 双龍抱珠招財進寶,"半岛1号五期 , 白云新城",2室2厅,84.22平米,南,精装,22层 ,,板塔结合,59.88 万,7110 元,0,,,VR看装修 | 房本满五年 | 随时看房,https://hui.lianjia.com/ershoufang/105119687135.html
铂钻花园 一期不靠马路 中高楼层 日照充足 安静不吵,"铂钻花园 , 东江新城",3室2厅,96.95平米,南,毛坯,高楼层(共27层) ,,板楼,73 万,7530 元,0,,,VR房源 | 房本满两年 | 随时看房,https://hui.lianjia.com/ershoufang/105119715087.html
万达商圈满5税少南向双阳台小洋房,"熊猫国际三期 , 万达",4室2厅,149.86平米,南,毛坯,11层 ,,板楼,99 万,6607 元,1,,,VR看装修 | 房本满五年 | 随时看房,https://hui.lianjia.com/ershoufang/105113586314.html
满二 原值高少税 看花园和泳池采光通风良好 次新房,"星河丹堤V区 , 南站新城",4室2厅,101.52平米,南,毛坯,34层 ,,,95 万,9358 元,1,,,VR看装修 | 房本满五年 | 随时看房,https://hui.lianjia.com/ershoufang/105119844141.html
东江新城五期 三房两卫 业主诚意出售,"佳兆业东江新城五期 , 博罗中心区",3室1厅,91.94平米,南,毛坯,低楼层(共34层) ,,板塔结合,35.8 万,3894 元,0,,23天以前发布,VR房源,https://hui.lianjia.com/ershoufang/105122331902.html
碧桂园物业，诚心卖，代产权车位，南北都看花园双阳台,"深荟城一期 , 白云新城",4室2厅,135.71平米,东南,精装,32层 ,,板塔结合,116 万,8548 元,5,,,VR看装修 | 房本满五年 | 随时看房,https://hui.lianjia.com/ershoufang/105116944733.html
丽江花园南区 107平三房急售,"丽江花园南区 , 区政府",3室1厅,107平米,北,简装,18层 ,,板塔结合,57 万,5328 元,0,,,VR看装修 | 随时看房,https://hui.lianjia.com/ershoufang/105122116342.html
铂钻精装三房 楼栋视野百米楼间距 含家电管理费,"铂钻花园 , 东江新城",3室2厅,94.86平米,南,精装,中楼层(共27层) ,,板楼,105 万,11069 元,0,,18天以前发布,VR看装修 | 随时看房,https://hui.lianjia.com/ershoufang/105122365855.html
开城大道边、配套已然成熟、交通便利、总价低压力小,"建阳花园 , 开城大润发",2室2厅,64.45平米,南,,8层 ,,板塔结合,15 万,2328 元,6,,,VR看装修,https://hui.lianjia.com/ershoufang/105122138057.html
房契税满两年，没有个税，原购价高，视野景观很不错。,"龙光城北十二期 , 龙光城",4室2厅,120平米,南,精装,33层 ,,板塔结合,109 万,9084 元,1,,,VR看装修 | 随时看房,https://hui.lianjia.com/ershoufang/105118985231.html
罗浮花园实用率至高的小区生活便利楼龄新,"罗浮花园 , 罗浮山",4室2厅,143.98平米,南,毛坯,高楼层(共18层) ,,板塔结合,82.3 万,5717 元,0,,,VR看装修 | 房本满五年 | 随时看房,https://hui.lianjia.com/ershoufang/105121129730.html
惠州南站，天虹大润发旁。 通风采光很好,"庄士花园 , 开城大润发",2室1厅,58平米,南,精装,18层 ,,塔楼,21 万,3621 元,2,,,VR看装修 | 房本满五年 | 随时看房,https://hui.lianjia.com/ershoufang/105121913457.html
万达商圈  美泰天韵  带装修2房 业主诚意出售,"美泰天韵 , 万达",2室1厅,72.04平米,南,简装,30层 ,,板塔结合,42 万,5831 元,0,,,VR房源 | 房本满五年 | 随时看房,https://hui.lianjia.com/ershoufang/105120589297.html
水岸城7期 2023年装修 保养新  户型通透 楼层好看花园,"中信水岸城7期 , 东江新城",4室2厅,130.33平米,南,精装,32层 ,,板塔结合,170 万,13044 元,0,,,VR看装修,https://hui.lianjia.com/ershoufang/105121356679.html
精心装修，拎包入住，电梯中间楼层，采光视野好,"华润置地万象天汇 , 河南岸",3室2厅,96平米,南,精装,低楼层(共33层) ,,塔楼,129 万,13438 元,1,,,VR看装修 | 房本满两年 | 随时看房,https://hui.lianjia.com/ershoufang/105120340113.html
房子位于水口繁华区一线看江家门口鹿江沥公园 环境好,"新城鹿江风华 , 水口",4室2厅,123平米,南 北,,中楼层(共18层) ,,板塔结合,132 万,10732 元,0,,,VR看装修 | 随时看房,https://hui.lianjia.com/ershoufang/105119999941.html
隆生品质小区 西江花园  大四房 高层视野开阔,"隆生西江花园 , 东江新城",5室2厅,152.29平米,南 北,毛坯,高楼层(共32层) ,,塔楼,156 万,10244 元,0,,,VR看装修 | 房本满两年 | 随时看房,https://hui.lianjia.com/ershoufang/105121821177.html
户型方正，采光通风好，业主急卖,"康汇花园 , 大亚湾中心区",3室2厅,128.87平米,北 南,简装,13层 ,,板塔结合,41 万,3182 元,5,,,VR看装修 | 房本满五年 | 随时看房,https://hui.lianjia.com/ershoufang/105118071464.html
天虹大润发商圈，楼层采光好，近惠阳站，业主诚心出售,"庄士花园 , 开城大润发",2室1厅,57.57平米,南,简装,18层 ,,塔楼,19.5 万,3388 元,4,,,VR看装修 | 房本满五年 | 随时看房,https://hui.lianjia.com/ershoufang/105115587336.html
原装电梯房，户型方正，楼层好采光充足  保养不错！,"东湖花园四号小区 , 东平",3室2厅,122.77平米,北,精装,9层 ,,板塔结合,85 万,6924 元,0,,,VR看装修 | 房本满五年 | 随时看房,https://hui.lianjia.com/ershoufang/105121561968.html
隆生西江花园 3室1厅 南,"隆生西江花园 , 东江新城",3室1厅,111.26平米,南,毛坯,高楼层(共31层) ,,板塔结合,128 万,11505 元,0,,,VR看装修 | 随时看房,https://hui.lianjia.com/ershoufang/105121837551.html
陈江品质楼盘  3+1房（108平方）密码锁，随时可看房。,"华廷悦府 , 陈江",4室2厅,108平米,南,毛坯,高楼层(共30层) ,,板楼,80 万,7408 元,0,,,VR看装修 | 房本满两年 | 随时看房,https://hui.lianjia.com/ershoufang/105117911237.html
户型方正毛坯业主诚心出售，位置好,"和府御堡 , 西区新寮",2室2厅,67.37平米,南,,26层 ,,塔楼,35 万,5196 元,1,,8天以前发布,VR房源 | 房本满五年 | 随时看房,https://hui.lianjia.com/ershoufang/105122479925.html
金山新城大盘 美丽洲 花园中间4房 南北通透双阳台,"美丽洲 , 马安",4室2厅,117.32平米,南 北,毛坯,低楼层(共26层) ,,塔楼,99 万,8439 元,0,,,VR房源 | 随时看房,https://hui.lianjia.com/ershoufang/105122237485.html
户型方正，实用，采光好，税费低，适合居住。,"都市广场 , 区政府",1室0厅,40平米,西,简装,19层 ,,塔楼,13 万,3250 元,0,,,VR看装修 | 随时看房,https://hui.lianjia.com/ershoufang/105122189725.html
这套是离高铁比较远的那栋好楼层 南北通,"长通熙园 , 开城大润发",2室1厅,70.16平米,南 北,简装,32层 ,,塔楼,48 万,6842 元,0,,,VR房源 | 房本满五年 | 随时看房,https://hui.lianjia.com/ershoufang/105121239555.html
东南向，远看山景，近看小区园林水景，,"金地天润自在城一期 , 西区新寮",3室2厅,83.54平米,东南,简装,33层 ,,板塔结合,68 万,8140 元,3,,,VR看装修 | 房本满两年 | 随时看房,https://hui.lianjia.com/ershoufang/105118323293.html
高铁站成熟大社区，高入住率，诚心卖,"星河丹堤G区 , 南站新城",3室2厅,89平米,东南 南,精装,34层 ,,塔楼,89 万,10000 元,0,,,VR房源 | 随时看房,https://hui.lianjia.com/ershoufang/105121978994.html
中骏雍景台，成熟社区，南向大4房，中楼层看花园,"中骏雍景台 , 马安",4室2厅,118平米,西南,毛坯,高楼层(共33层) ,,板塔结合,85 万,7204 元,0,,,VR房源 | 随时看房,https://hui.lianjia.com/ershoufang/105120037063.html
星河花园3加1南北通的电梯高层的房子,"星河花园 , 博罗中心区",3室2厅,127.21平米,南,毛坯,30层 ,,塔楼,38 万,2988 元,1,,,VR看装修 | 房本满五年 | 随时看房,https://hui.lianjia.com/ershoufang/105121178703.html
格局方正，视野开阔，朝南 近地铁低总价买到三房,"天域花园 , 白云新城",3室2厅,71.94平米,南,毛坯,17层 ,,塔楼,32.8 万,4560 元,1,,,VR看装修 | 随时看房,https://hui.lianjia.com/ershoufang/105122148602.html
业主房子诚心出售，楼层好，方便看房,"东方铂悦府 , 新行政区",3室2厅,87.34平米,南,毛坯,32层 ,,板塔结合,61 万,6985 元,1,,,VR看装修 | 房本满两年 | 随时看房,https://hui.lianjia.com/ershoufang/105117849073.html
户型方正采光好 面积使用率高 大阳台 精装修,"中兴佳苑 , 大亚湾中心区",4室2厅,108.9平米,南 北,,26层 ,,塔楼,42 万,3857 元,1,,20天以前发布,VR看装修 | 房本满五年 | 随时看房,https://hui.lianjia.com/ershoufang/105122347998.html
近佳兆业 金世界花园三房 朝南采光好 小区配套成熟,"金世界花园 , 江北",3室2厅,125.44平米,南,简装,16层 ,,板塔结合,75 万,5979 元,0,,16天以前发布,VR房源 | 随时看房,https://hui.lianjia.com/ershoufang/105122389846.html
近沙田地铁站，大社区 大阳台，淡水河,"九洲玉带湾 , 白云新城",4室2厅,112.74平米,南,毛坯,33层 ,,板塔结合,66 万,5855 元,1,,,VR看装修 | 房本满两年 | 随时看房,https://hui.lianjia.com/ershoufang/105120070647.html
业主诚心出售、无个税、没有欠款、新小区,"合生时代城 , 比亚迪商圈",2室2厅,79平米,南,,18层 ,,板塔结合,50 万,6330 元,0,,,VR看装修 | 房本满两年,https://hui.lianjia.com/ershoufang/105121422267.html
此房在二楼、装修良好、实际使用面积大于38平、,"乐华新村 , 开城大润发",2室1厅,38.1平米,南,,低楼层(共8层) ,,塔楼,13 万,3413 元,5,,,VR看装修,https://hui.lianjia.com/ershoufang/105122057929.html
南向看小区3房 视野开阔生活方便,"金榜山 , 龙丰",3室1厅,99平米,东,精装,中楼层(共27层) ,,板塔结合,95 万,9596 元,0,,,VR看装修 | 房本满五年,https://hui.lianjia.com/ershoufang/105121093684.html
金鼎雅苑全新毛坯房东诚意出售，随时可以看房,"金鼎雅苑 , 江北",3室2厅,87.47平米,南,毛坯,高楼层(共33层) ,,塔楼,85 万,9718 元,0,,,VR看装修 | 房本满五年 | 随时看房,https://hui.lianjia.com/ershoufang/105120165347.html
业主诚心出售，没有欠款，户型方正,"天域花园 , 白云新城",3室2厅,71.94平米,南,精装,17层 ,,板塔结合,42.8 万,5950 元,3,,,VR房源 | 房本满五年,https://hui.lianjia.com/ershoufang/105121178253.html
朝南向采光好，原值高税费少，万达西区一 小交通便利,"仁和卫城 , 万达",3室2厅,126.31平米,南 北,毛坯,16层 ,,板塔结合,63 万,4988 元,1,,,VR看装修 | 房本满五年 | 随时看房,https://hui.lianjia.com/ershoufang/105117169859.html
业主诚心出售，视野开阔欢迎多多转介,"晶地里程花园 , 西区新寮",3室2厅,90.63平米,南 北,精装,33层 ,,塔楼,57 万,6290 元,1,,,VR房源 | 随时看房,https://hui.lianjia.com/ershoufang/105121099133.html
江北义乌公寓47朝南急售28带南坛和惠台,"义乌商城公寓 , 江北",1室1厅,47平米,南,,中楼层(共28层) ,,板楼,28 万,5958 元,0,,8天以前发布,VR房源 | 随时看房,https://hui.lianjia.com/ershoufang/105122484026.html
毛坯三房 惠城CBD江北次新楼盘,"江湾南岸二期 , 江北",3室2厅,121平米,东南,毛坯,低楼层(共39层) ,,板塔结合,140 万,11571 元,2,,,VR看装修 | 房本满两年 | 随时看房,https://hui.lianjia.com/ershoufang/105115895461.html
壹城六期南北通大五房采光好楼龄新花园漂亮,"壹城中心6区 , 陈江",5室2厅,126.09平米,南 北,毛坯,高楼层(共32层) ,,塔楼,93 万,7376 元,0,,,VR看装修 | 房本满两年 | 随时看房,https://hui.lianjia.com/ershoufang/105119708975.html
南线轻轨口 中间楼层 无欠款视野好,"佳兆业壹号花园 , 龙丰",2室2厅,76平米,南,毛坯,中楼层(共32层) ,,板塔结合,48 万,6316 元,0,,,VR看装修 | 随时看房,https://hui.lianjia.com/ershoufang/105120232939.html
红本在手无欠款 没有出租过的 全屋定制瓷砖上墙,"国韵华府 , 吾悦广场",2室2厅,70.54平米,西北,精装,32层 ,,塔楼,50 万,7089 元,0,,,VR看装修 | 房本满两年 | 随时看房,https://hui.lianjia.com/ershoufang/105121742874.html
房子干净，业主装修用心，保养很好,"方直君御 , 东江新城",4室2厅,130.5平米,南,,低楼层(共28层) ,,塔楼,190 万,14560 元,0,,,VR看装修 | 房本满五年,https://hui.lianjia.com/ershoufang/105120443626.html
星河盛世  19年开发的新楼盘。业主诚心卖。,"惠州星河盛世 , 白云新城",3室2厅,117平米,南 北,,33层 ,,板塔结合,85 万,7265 元,0,,,VR看装修 | 随时看房,https://hui.lianjia.com/ershoufang/105115576446.html
汇显城市公园，朝南看花园，安静光线好。,"汇显城市公园 , 汝湖",3室2厅,108平米,南,毛坯,27层 ,,板楼,68 万,6297 元,1,,,VR看装修 | 房本满五年 | 随时看房,https://hui.lianjia.com/ershoufang/105118805797.html
花园中间南向大阳台看花园视野很舒服,"方直君御 , 东江新城",5室2厅,191平米,南 北,毛坯,低楼层(共24层) ,,塔楼,277 万,14503 元,0,,,VR看装修,https://hui.lianjia.com/ershoufang/105120458571.html
格林童话125平4房，毛坯，随时看房,"格林童话世界三期 , 潼侨沥林",3室1厅,124.77平米,东南,毛坯,低楼层(共11层) ,,板楼,52.8 万,4232 元,0,,,VR看装修 | 房本满五年 | 随时看房,https://hui.lianjia.com/ershoufang/105122188686.html
二期 精装修 楼层漂亮 保养的很新,"富川瑞园 , 惠环",4室2厅,92.28平米,南 北,,中楼层(共18层) ,,板塔结合,55 万,5961 元,0,,25天以前发布,VR看装修 | 房本满五年 | 随时看房,https://hui.lianjia.com/ershoufang/105122312947.html
精装修南北通透四房，户型好，小区环境优美,"德威花园城 , 秋长",4室2厅,119.57平米,南 北,精装,低楼层(共29层) ,,板楼,69.6 万,5821 元,1,,,VR看装修 | 房本满五年 | 随时看房,https://hui.lianjia.com/ershoufang/105122120754.html
金田花园 3室2厅 南,"金田花园 , 博罗中心区",3室2厅,117平米,南,简装,6层 ,,板塔结合,25 万,2137 元,1,,,VR看装修 | 房本满五年,https://hui.lianjia.com/ershoufang/105121016576.html
户型方正，标准4房，南北通可看江景，西南朝向看花园,"德威江誉城1期 , 马安",4室2厅,123.7平米,西南,毛坯,中楼层(共32层) ,,塔楼,106 万,8570 元,0,,,VR看装修 | 随时看房,https://hui.lianjia.com/ershoufang/105116768284.html
隆生文岭西堤品质高 毛坯 次新房 配套成熟,"文岭西堤 , 东江新城",4室2厅,126.21平米,南,毛坯,低楼层(共31层) ,,板塔结合,145 万,11489 元,1,,,VR看装修 | 房本满五年 | 随时看房,https://hui.lianjia.com/ershoufang/105114294263.html
星河丹提，大平层两梯三户，看丰田水库中间楼层，五房,"星河丹堤G4区 , 南站新城",5室2厅,163.29平米,南,毛坯,33层 ,,板塔结合,188 万,11514 元,1,,,VR房源 | 随时看房,https://hui.lianjia.com/ershoufang/105122014923.html
老小区已经改造好，3居室直接可入住。,"侨富花园 , 草洋新区",3室2厅,116.81平米,南,简装,8层 ,,板塔结合,17.5 万,1499 元,5,,,VR看装修 | 房本满两年 | 随时看房,https://hui.lianjia.com/ershoufang/105122035637.html
精装四房、朝南看花园、中间楼层采光好,"丽景湾上 , 东江新城",4室2厅,122.2平米,南,精装,32层 ,,板塔结合,119.8 万,9804 元,0,,,VR房源 | 房本满五年,https://hui.lianjia.com/ershoufang/105121389488.html
双城国际南区 朝南 实用2房 装修很新 封窗 安静不吵,"双城国际南区 , 江北",2室1厅,54.35平米,南,精装,中楼层(共18层) ,,板塔结合,60 万,11040 元,0,,,VR看装修 | 房本满两年 | 随时看房,https://hui.lianjia.com/ershoufang/105121862016.html
朝南，电梯房，可以直接领包入住，看房有钥匙,"九三五隊地貭大院 , 下角",3室2厅,95.28平米,南,精装,中楼层(共8层) ,,,53.8 万,5647 元,1,,,VR看装修 | 房本满五年 | 随时看房,https://hui.lianjia.com/ershoufang/105121768310.html
雅博世纪广场，天虹大润发就在楼下，交通出行方便,"雅博世纪广场 , 开城大润发",2室2厅,82.37平米,南,毛坯,29层 ,,板塔结合,46 万,5585 元,0,,,VR房源 | 房本满五年 | 随时看房,https://hui.lianjia.com/ershoufang/105121967278.html
四星旅游区温馨3房2厅2卫朝南,"五矿哈施塔特 , 博罗中心区",3室2厅,93.4平米,南,毛坯,33层 ,,塔楼,36 万,3855 元,1,,,VR看装修 | 房本满两年 | 随时看房,https://hui.lianjia.com/ershoufang/105116418309.html
轻轨口碧桂园盛汇广场精装公寓1房精致漂亮,"碧桂园盛汇 , 龙丰",1室0厅,38.74平米,南,精装,高楼层(共32层) ,,塔楼,18.8 万,4853 元,2,,,VR看装修 | 房本满两年 | 随时看房,https://hui.lianjia.com/ershoufang/105121427426.html
格局好 视野宽阔 采光充足 配套设施齐 业主急售,"中信新城C区 , 南站新城",4室2厅,127.9平米,东南 南,精装,34层 ,,板塔结合,86 万,6725 元,0,,,VR看装修 | 房本满五年,https://hui.lianjia.com/ershoufang/105120582652.html
精装 采光通风好 有红本 诚心出售 即买即住或出租,"德洲城一-二期 , 西区新寮",2室1厅,76.75平米,南,简装,17层 ,,板塔结合,48 万,6255 元,1,,12天以前发布,VR房源 | 房本满五年 | 随时看房,https://hui.lianjia.com/ershoufang/105122441508.html
临深一路之隔，一刻钟到沙田站，公交车直达到聚龙山,"富康锦绣壹号 , 西区新寮",4室1厅,112平米,南,精装,33层 ,,塔楼,112 万,10000 元,3,,,VR房源 | 房本满五年 | 随时看房,https://hui.lianjia.com/ershoufang/105120226933.html
河麦成熟片区 电梯2房 世纪伯爵,"世纪铂爵 , 麦地",2室1厅,85.35平米,南,简装,低楼层(共30层) ,,塔楼,58 万,6796 元,0,,,VR看装修 | 房本满五年 | 随时看房,https://hui.lianjia.com/ershoufang/105119100122.html
临深一线好房，锦地繁花三房好户型好楼层好价格,"锦地繁花 , 西区新寮",3室2厅,88.05平米,南,毛坯,17层 ,,板塔结合,56.5 万,6417 元,0,,,VR看装修 | 房本满五年 | 随时看房,https://hui.lianjia.com/ershoufang/105119936583.html
牧马湖一线湖景大四房，业主诚心出售,"泰丰牧马湖 , 万达",4室2厅,149.05平米,南,毛坯,33层 ,,板塔结合,145 万,9729 元,3,,27天以前发布,VR房源 | 随时看房,https://hui.lianjia.com/ershoufang/105122291890.html
社区环境配套齐全20万不到住新家,"小径海岸城花园 , 霞涌",1室1厅,46.72平米,南,简装,32层 ,,板塔结合,19 万,4067 元,0,,6天以前发布,VR房源 | 房本满五年 | 随时看房,https://hui.lianjia.com/ershoufang/105122506636.html
奥体板块中洲云悦府，4室2厅南北通透,"云悦府 , 河南岸",4室2厅,128.78平米,南 北,,中楼层(共33层) ,,板塔结合,138 万,10716 元,0,,,VR看装修 | 随时看房,https://hui.lianjia.com/ershoufang/105119128378.html
碧桂园珑尚花月。室两厅两卫，视野开阔,"碧桂园珑尚花园 , 水口",3室2厅,103平米,南,,高楼层(共34层) ,,板塔结合,66 万,6408 元,0,,,VR看装修,https://hui.lianjia.com/ershoufang/105119088579.html
临深南北通三房  业主诚意卖  价格有空间,"安罝小区 , 西区新寮",3室2厅,126.79平米,南,毛坯,32层 ,,板塔结合,58 万,4575 元,0,,,VR看装修 | 随时看房,https://hui.lianjia.com/ershoufang/105121456672.html
水岸城全新毛坯三房出售....,"中信水岸城六期 , 东江新城",3室2厅,88平米,东南,毛坯,中楼层(共32层) ,,板楼,88 万,10000 元,0,,,VR看装修 | 随时看房,https://hui.lianjia.com/ershoufang/105115921547.html
新天虹商圈  精装两房  装修保养好  看房提前预约,"惠泽南苑 , 河南岸",2室1厅,51.07平米,南 北,精装,中楼层(共6层) ,,板楼,38 万,7441 元,0,,,VR看装修 | 房本满五年 | 随时看房,https://hui.lianjia.com/ershoufang/105120763709.html
大花园社区，配.套成熟，楼层好，户型方正,"鸿威金都雅苑 , 小金口",2室2厅,81.46平米,西,毛坯,中楼层(共30层) ,,板塔结合,32 万,3929 元,0,,18天以前发布,VR房源 | 随时看房,https://hui.lianjia.com/ershoufang/105122370428.html
电梯房，户型格局方正，采光良好。,"鸿威金都雅苑 , 小金口",2室1厅,80.22平米,南,精装,低楼层(共30层) ,,板塔结合,36 万,4488 元,1,,,VR看装修 | 房本满五年 | 随时看房,https://hui.lianjia.com/ershoufang/105121429529.html
此房户型方正 景观很好采光通都可以，出租壹选,"东岸公馆 , 白云新城",2室1厅,64平米,南,毛坯,26层 ,,板塔结合,28 万,4375 元,4,,,VR看装修 | 房本满五年,https://hui.lianjia.com/ershoufang/105105751905.html
业主急售 户型方正采光好 面积使用率高,"蓝湾星宸一期 , 大亚湾中心区",3室2厅,102.44平米,南,毛坯,33层 ,,板塔结合,31 万,3027 元,2,,,VR看装修 | 房本满五年 | 随时看房,https://hui.lianjia.com/ershoufang/105120677189.html
此房满五唯一 中间 户型 精装修保养好户型方正,"合生·上观国际 , 水口",4室2厅,159.89平米,南,精装,中楼层(共29层) ,,塔楼,140 万,8757 元,0,,,VR看装修 | 房本满五年,https://hui.lianjia.com/ershoufang/105122103227.html
中骏雍景府小区环境优美，楼下很方便，,"中骏雍景府 , 江北",2室1厅,41平米,南,,中楼层(共22层) ,,板塔结合,16.5 万,4025 元,1,,,VR房源 | 随时看房,https://hui.lianjia.com/ershoufang/105119955338.html
海伦湾朝南看江景三房，高层全新毛坯，南北通双阳台,"海伦堡海伦湾 , 东平",4室2厅,102.43平米,南,毛坯,中楼层(共33层) ,,板塔结合,90 万,8787 元,0,,,VR看装修 | 房本满五年 | 随时看房,https://hui.lianjia.com/ershoufang/105113844502.html
牧马湖一楼朝南带花园小高层住宅，居住舒适,"泰丰牧马湖 , 万达",3室2厅,80.59平米,南,精装,11层 ,,板塔结合,100 万,12409 元,21,,,VR房源 | 房本满两年 | 随时看房,https://hui.lianjia.com/ershoufang/105112679756.html
临深楼盘带装修，标准2+1房  业主诚心出售,"秋谷康城 , 龙光城",2室2厅,82.67平米,西南,精装,30层 ,,板塔结合,46 万,5565 元,6,,,VR看装修 | 房本满五年 | 随时看房,https://hui.lianjia.com/ershoufang/105113590690.html
全新装修带家私电，业主诚心卖，适合居家,"DADA的草地 , 大亚湾中心区",3室1厅,106.51平米,南 北,精装,32层 ,,板塔结合,40 万,3756 元,5,,,VR看装修 | 房本满五年 | 随时看房,https://hui.lianjia.com/ershoufang/105119488219.html
碧桂园 三房两厅两卫 南北通双阳台 采光好,"碧桂园翠湖湾 , 新圩",3室2厅,113.8平米,南,,低楼层(共17层) ,,板塔结合,59 万,5185 元,0,,,VR看装修 | 房本满五年 | 随时看房,https://hui.lianjia.com/ershoufang/105120888301.html
河南岸天虹旁，宜居小区，配套齐全，交通便利,"威廉城邦 , 河南岸",3室1厅,77.14平米,东南,精装,高楼层(共23层) ,,塔楼,53.8 万,6975 元,1,,,VR看装修 | 房本满五年 | 随时看房,https://hui.lianjia.com/ershoufang/105121638057.html
雍和园 精装修3房3卫 采光视野佳,"蓝光雍和园 , 龙丰",3室1厅,141.75平米,西南,精装,中楼层(共19层) ,,板楼,158 万,11147 元,0,,13天以前发布,VR房源 | 房本满两年 | 随时看房,https://hui.lianjia.com/ershoufang/105122425318.html
花园中间高楼层前后无遮挡视野开阔采光好,"东江学府三期 , 河南岸",3室2厅,133平米,南 北,精装,高楼层(共18层) ,,板塔结合,126 万,9474 元,0,,,VR看装修 | 随时看房,https://hui.lianjia.com/ershoufang/105121970828.html
中间楼层采光好 户型方正 满五唯一 税费低,"公交宿舍 , 麦地",3室2厅,78.82平米,南,,9层 ,,,29.8 万,3781 元,0,,31天以前发布,VR房源 | 房本满五年 | 随时看房,https://hui.lianjia.com/ershoufang/105122256853.html
居住安静舒适。户型方正。楼下有幼儿园,"恒大棕榈岛 , 白云新城",4室2厅,114.32平米,南,毛坯,32层 ,,板楼,65 万,5686 元,0,,,VR看装修 | 房本满五年 | 随时看房,https://hui.lianjia.com/ershoufang/105121437543.html
合生上观国际  大三房  户型方正  楼层好,"合生·上观国际 , 水口",3室2厅,132.36平米,南,精装,中楼层(共18层) ,,塔楼,85 万,6422 元,0,,,VR房源 | 房本满两年,https://hui.lianjia.com/ershoufang/105118236478.html
水口新力城三期109平大三房好楼层品质次新小区,"新力城三期 , 水口",3室2厅,109.45平米,南,毛坯,低楼层(共32层) ,,板楼,80 万,7310 元,0,,,VR看装修 | 随时看房,https://hui.lianjia.com/ershoufang/105121728567.html
隆生仲恺花园3区4房2厅2卫，天益城商圈，配套齐全,"隆生仲恺花园3区 , 陈江",4室2厅,127平米,南,毛坯,高楼层(共32层) ,,板楼,83 万,6536 元,0,,,VR看装修 | 随时看房,https://hui.lianjia.com/ershoufang/105117831903.html
：此房朝南，边户，采光好，小区中间位置视野开阔,"金沙世纪城 , 大亚湾中心区",3室2厅,87.08平米,南,精装,32层 ,,板塔结合,47 万,5398 元,3,,,VR看装修 | 房本满五年 | 随时看房,https://hui.lianjia.com/ershoufang/105120092263.html
红本在手，拧包入住，视野开阔。 大 社 区 带电梯,"半岛1号三期 , 白云新城",4室2厅,148.33平米,南 北,简装,16层 ,,板塔结合,95 万,6405 元,0,,,VR房源 | 房本满五年 | 随时看房,https://hui.lianjia.com/ershoufang/105119677530.html
N2区新上房源简欧装修楼层好诚心卖,"星河丹堤N区 , 南站新城",4室1厅,138.84平米,南,精装,8层 ,,板楼,183 万,13181 元,5,,,VR房源 | 房本满五年,https://hui.lianjia.com/ershoufang/105122105400.html
户型方正，采光通风，楼层位置好，配套设施齐全,"亚迪二村二区 , 澳头",3室2厅,115.39平米,南,,32层 ,,板塔结合,44.8 万,3883 元,2,,,VR房源 | 房本满五年 | 随时看房,https://hui.lianjia.com/ershoufang/105120236655.html
业主诚心出售，朝南自住精装修，楼下配套齐全,"德丰凯旋城北区 , 大亚湾中心区",3室1厅,81.07平米,南,精装,27层 ,,板塔结合,56.8 万,7007 元,0,,,VR看装修,https://hui.lianjia.com/ershoufang/105122169259.html
安静不吵！宝安山水龙城 精装3房 拎包入住 装修保养好,"宝安山水龙城 , 水口",3室2厅,86.67平米,南,精装,中楼层(共27层) ,,塔楼,73 万,8423 元,0,,,VR看装修 | 房本满五年 | 随时看房,https://hui.lianjia.com/ershoufang/105122117131.html
121平三房两卫南北通透 36栋100米楼间距 采光通风好,"合生·上观国际 , 水口",3室2厅,121.39平米,南 北,毛坯,高楼层(共32层) ,,塔楼,93.6 万,7711 元,0,,,VR看装修 | 房本满两年 | 随时看房,https://hui.lianjia.com/ershoufang/105120454463.html
业主着急卖  看房方便  价格可谈,"金汇上元 , 万达",2室2厅,77.23平米,南,毛坯,31层 ,,板塔结合,43 万,5568 元,0,,,VR房源 | 随时看房,https://hui.lianjia.com/ershoufang/105120687957.html
华庭阁 1室1厅 南,"华庭阁 , 东平",1室1厅,42平米,南,,高楼层(共19层) ,,板塔结合,22.5 万,5358 元,0,,18天以前发布,VR房源 | 随时看房,https://hui.lianjia.com/ershoufang/105122365470.html
红本无抵押 南北格局 看小区园林 绿色满眼 经济三房,"星河丹堤G区 , 南站新城",3室1厅,87.09平米,北,,34层 ,,塔楼,75 万,8612 元,0,,,VR房源 | 随时看房,https://hui.lianjia.com/ershoufang/105119871320.html
朝南高楼层，适合居家，年轻人的首  选,"碧桂园中萃公园 , 大亚湾中心区",4室2厅,99.78平米,南 北,精装,17层 ,,板塔结合,63.8 万,6395 元,0,,,VR房源 | 房本满五年,https://hui.lianjia.com/ershoufang/105121206822.html
业主急售 户型方正采光好 面积使用率高,"天源花园 , 大亚湾中心区",3室2厅,81.18平米,南 北,,27层 ,,板塔结合,43 万,5297 元,0,,,VR看装修 | 房本满五年 | 随时看房,https://hui.lianjia.com/ershoufang/105121472953.html
全新精装3房2厅1卫；没入住过；全南户型好,"碧桂园珑尚花园 , 水口",3室2厅,103平米,南,精装,高楼层(共34层) ,,板塔结合,71 万,6894 元,0,,,VR看装修 | 随时看房,https://hui.lianjia.com/ershoufang/105119958650.html
仲恺高铁站边成熟大社区好楼层三房,"海伦艺境 , 潼侨沥林",3室2厅,92.76平米,南 北,毛坯,33层 ,,板塔结合,40 万,4313 元,0,,,VR看装修 | 房本满两年 | 随时看房,https://hui.lianjia.com/ershoufang/105119932527.html
自住装修拎包入住店长推荐限时秒杀价实收10抓住机会,"文华楼 , 开城大润发",1室1厅,28.75平米,南,,中楼层(共8层) ,,,10 万,3479 元,4,,,VR看装修 | 房本满五年 | 随时看房,https://hui.lianjia.com/ershoufang/105122111032.html
景区门口老小区，物业实惠，价格低廉,"华羚新厦 , 龙丰",3室2厅,110.3平米,南,简装,高楼层(共8层) ,,,30 万,2720 元,0,,,VR看装修 | 房本满五年 | 随时看房,https://hui.lianjia.com/ershoufang/105122129324.html
俯瞰别墅区园林景观 宽阔大客厅朝南采光很好 环境优美,"东方新城 , 秋长",4室2厅,146.8平米,南 东南,精装,18层 ,,板塔结合,78.88 万,5374 元,0,,,VR房源 | 房本满五年,https://hui.lianjia.com/ershoufang/105121185114.html
楼层好 采光好，视野开阔，央 企书香大盘,"保利阳光城四期 , 白云新城",3室2厅,104.91平米,南 北,毛坯,31层 ,,板塔结合,61.8 万,5891 元,1,,,VR看装修 | 随时看房,https://hui.lianjia.com/ershoufang/105119883242.html
江北低价位选择，三环内，小三房，总价低，刚需,"田家炳第一中学宿舍楼 , 江北",3室2厅,91平米,东南,精装,高楼层(共7层) ,,,44.8 万,4924 元,0,,,VR房源 | 房本满五年 | 随时看房,https://hui.lianjia.com/ershoufang/105122081819.html
龙湖物业 南北通大四房 诚意出售 好楼层,"龙湖春江名宸府 , 陈江",4室2厅,118平米,南 北,毛坯,中楼层(共26层) ,,,78 万,6611 元,0,,,VR看装修 | 随时看房,https://hui.lianjia.com/ershoufang/105121985056.html
楼层漂亮 拎包入住  采光好 随时可以看房,"艺都南国明珠 , 新圩",3室2厅,93.74平米,南,精装,高楼层(共11层) ,,板塔结合,48 万,5121 元,0,,,VR房源 | 房本满五年 | 随时看房,https://hui.lianjia.com/ershoufang/105121998999.html
滨海公园边上，160平，大4房2厅2卫，业主诚心卖,"合生滨海城 , 澳头",4室1厅,161.17平米,东南,毛坯,31层 ,,板塔结合,60 万,3723 元,3,,,VR房源 | 房本满五年 | 随时看房,https://hui.lianjia.com/ershoufang/105121382350.html
海伦湾刚需三房，全新毛坯首付几万即可上车，看房方便,"海伦堡海伦湾 , 东平",3室2厅,89.5平米,东,毛坯,低楼层(共32层) ,,板塔结合,66 万,7375 元,0,,,VR房源 | 房本满五年 | 随时看房,https://hui.lianjia.com/ershoufang/105115046025.html
尚城世家二期  邻图书馆 近体育公园 高楼层 采光好,"尚城世家二期 , 区政府",3室2厅,83.41平米,北,,26层 ,,板塔结合,63 万,7554 元,1,,,VR看装修 | 房本满五年,https://hui.lianjia.com/ershoufang/105120278102.html
万达旁精装两房，满五唯一，拎包入住。,"香榭名苑 , 万达",2室2厅,65.3平米,北,精装,18层 ,,板塔结合,37.8 万,5789 元,1,,,VR看装修 | 房本满五年 | 随时看房,https://hui.lianjia.com/ershoufang/105116671757.html
荷兰小城   成熟大社区  刚需户型  交通便捷 正南朝向,"光耀荷兰小城 , 陈江",4室2厅,124平米,南,毛坯,33层 ,,板塔结合,66 万,5323 元,0,,,VR看装修 | 房本满五年 | 随时看房,https://hui.lianjia.com/ershoufang/105119214683.html
东南朝向高楼层看海景观好，红本在手随时过户,"维港湾花园 , 十里银滩",3室2厅,100.81平米,南,精装,34层 ,,板塔结合,44 万,4365 元,6,,,VR看装修 | 房本满两年 | 随时看房,https://hui.lianjia.com/ershoufang/105120161675.html
香树丽苑 4室1厅 南,"香树丽苑 , 吾悦广场",4室1厅,113平米,南,简装,中楼层(共33层) ,,板塔结合,62 万,5487 元,3,,,VR房源 | 随时看房,https://hui.lianjia.com/ershoufang/105121466549.html
业主急售！南北通透格局，楼层高，可看湖，无抵押,"星河丹堤V2区 , 南站新城",4室2厅,117.65平米,南 北,毛坯,32层 ,,塔楼,120 万,10200 元,0,,,VR看装修 | 房本满两年 | 随时看房,https://hui.lianjia.com/ershoufang/105121119971.html
仲恺体育馆成熟小区，中间好楼层,"鑫月广场 , 陈江",4室2厅,117.13平米,南,毛坯,中楼层(共33层) ,,塔楼,70 万,5977 元,0,,,VR看装修 | 房本满五年 | 随时看房,https://hui.lianjia.com/ershoufang/105118390106.html
金山湖 山姆会员店旁 舒适3房 产权清晰,"中海凯旋城四期 , 河南岸",3室1厅,89.12平米,东南 南,简装,31层 ,,塔楼,78 万,8753 元,0,,,VR房源 | 房本满五年 | 随时看房,https://hui.lianjia.com/ershoufang/105121181143.html
盛世丰华 3室2厅 南,"盛世丰华 , 博罗石湾",3室2厅,98.8平米,南,毛坯,中楼层(共31层) ,,塔楼,49.8 万,5041 元,0,,19天以前发布,VR房源 | 房本满两年 | 随时看房,https://hui.lianjia.com/ershoufang/105122355562.html
禾塘街 ，中层，二楼带单车间。,"统建楼 , 下角",3室2厅,95.87平米,西南,简装,7层 ,,塔楼,29 万,3025 元,2,,,VR看装修 | 房本满五年 | 随时看房,https://hui.lianjia.com/ershoufang/105119728585.html
海伦堡十里东江 3室2厅 东南,"海伦堡十里东江 , 下角",3室2厅,93.17平米,东南,毛坯,20层 ,,板塔结合,45 万,4830 元,0,,,VR看装修 | 房本满五年 | 随时看房,https://hui.lianjia.com/ershoufang/105121846605.html
次新房小区，好楼层朝南看花园，视野开阔，无欠款,"荣佳国韵一期 , 龙光城",3室1厅,92.28平米,南,毛坯,33层 ,,板塔结合,61 万,6611 元,1,,,VR房源 | 房本满两年 | 随时看房,https://hui.lianjia.com/ershoufang/105119781751.html
泰宇城市中央 4室2厅 南,"泰宇城市中央 , 江北",4室2厅,108平米,南,精装,中楼层(共30层) ,,塔楼,107 万,9908 元,0,,11天以前发布,VR房源,https://hui.lianjia.com/ershoufang/105122450486.html
江北CBD唐宁公馆，看房店里有钥匙,"唐宁公馆 , 江北",4室1厅,170.05平米,南,毛坯,低楼层(共16层) ,,塔楼,159 万,9351 元,1,,,VR房源 | 房本满五年 | 随时看房,https://hui.lianjia.com/ershoufang/105114053540.html
春江天境花园 117.38平米 4房2厅2卫,"春江天境花园 , 东江高新区",4室2厅,117.38平米,南 北,毛坯,中楼层(共33层) ,,板塔结合,51 万,4345 元,0,,,VR看装修 | 房本满两年 | 随时看房,https://hui.lianjia.com/ershoufang/105121877937.html
河南岸公园旁 精装修大三房 诚心出售 看房方便,"尚品世家 , 河南岸",3室2厅,117平米,东南 南,精装,中楼层(共8层) ,,板楼,90 万,7693 元,2,,,VR看装修 | 随时看房,https://hui.lianjia.com/ershoufang/105116679938.html
金山湖岛内大社区中高楼层，视野开阔，俯瞰金山湖,"湖心岛1号花园 , 河南岸",3室1厅,103.06平米,南,毛坯,中楼层(共26层) ,,板塔结合,123 万,11935 元,0,,,VR看装修 | 随时看房,https://hui.lianjia.com/ershoufang/105122031270.html
半山洋房，环境好，空气清新，视野开阔,"星河丹堤N区 , 南站新城",4室2厅,140.78平米,南 北,毛坯,7层 ,,板楼,170 万,12076 元,3,,,VR看装修 | 房本满五年 | 随时看房,https://hui.lianjia.com/ershoufang/105119305616.html
金山湖奥园领寓 精装公寓 1房1厅 拎包入住,"奥园领寓 , 河南岸",1室1厅,29.17平米,西北,精装,32层 ,,板塔结合,17.5 万,6000 元,1,,,VR房源 | 房本满五年,https://hui.lianjia.com/ershoufang/105121645814.html
两梯三户，豪 华装修，满五年税费低，带车位,"海惠花园一区 , 吾悦广场",3室2厅,119.8平米,南,精装,18层 ,,塔楼,73 万,6094 元,14,,,VR看装修 | 房本满五年 | 随时看房,https://hui.lianjia.com/ershoufang/105106738040.html
业主着急卖，南北通四房，看园林，少有户型卖,"德洲中心城 , 大亚湾中心区",4室2厅,123.1平米,南,简装,28层 ,,板塔结合,66 万,5362 元,0,,,VR看装修 | 房本满五年 | 随时看房,https://hui.lianjia.com/ershoufang/105119385527.html
区政府天虹旁鼎盛广场精装修1房业主诚心出售,"鼎盛广场 , 区政府",1室1厅,46.25平米,南,精装,33层 ,,板塔结合,19 万,4109 元,0,,,VR看装修 | 房本满五年 | 随时看房,https://hui.lianjia.com/ershoufang/105114526967.html
全新装修保养很好，拎包入住，户型好,"鸿润花园 , 麦地",3室2厅,127平米,南,精装,中楼层(共30层) ,,塔楼,128 万,10079 元,0,,15天以前发布,VR房源,https://hui.lianjia.com/ershoufang/105122399556.html
市政广场天虹商场旁东御大厦三房朝南业主诚心出售,"东御大厦 , 区政府",3室2厅,95.86平米,东南,精装,26层 ,,板塔结合,59 万,6155 元,0,,,VR看装修 | 房本满五年,https://hui.lianjia.com/ershoufang/105120932606.html
翡翠山君御 4室2厅 中间楼层 朝南,"翡翠山城君御 , 万达",4室2厅,126平米,南,精装,34层 ,,板塔结合,108 万,8572 元,3,,,VR看装修 | 房本满五年 | 随时看房,https://hui.lianjia.com/ershoufang/105116290171.html
水岸城七期毛坯四房、单价低、通透中高楼层。,"中信水岸城7期 , 东江新城",4室2厅,128.46平米,南,毛坯,32层 ,,板楼,143 万,11132 元,1,,,VR看装修 | 随时看房,https://hui.lianjia.com/ershoufang/105120840403.html
此房原值高，户型方正，采光好，视野开阔,"荣盛御景澜湾 , 澳头",4室2厅,118.68平米,南,精装,33层 ,,板塔结合,53 万,4466 元,3,,,VR看装修 | 房本满两年 | 随时看房,https://hui.lianjia.com/ershoufang/105118703328.html
鑫月广场 中间楼层 业主急出 大四房户型 视野好,"鑫月广场 , 陈江",4室2厅,117平米,南,毛坯,中楼层(共33层) ,,塔楼,64 万,5471 元,0,,,VR看装修 | 房本满五年 | 随时看房,https://hui.lianjia.com/ershoufang/105121456960.html
区政府广场 ， 1房1厅 方正户型 即买即住，成熟小区,"隆基天地广场 , 区政府",1室1厅,41.33平米,东南 北,简装,25层 ,,板塔结合,18.8 万,4549 元,3,,,VR看装修 | 房本满五年 | 随时看房,https://hui.lianjia.com/ershoufang/105119726772.html
城央百万大盘，公园环伺，环境优美,"半岛1号十一期 , 白云新城",3室2厅,88.63平米,南,毛坯,21层 ,,塔楼,63.5 万,7165 元,0,,,VR房源 | 房本满五年 | 随时看房,https://hui.lianjia.com/ershoufang/105118215625.html
万达旁花城湾正规大3房，东南向安静，红本在手,"中萃花城湾 , 万达",4室2厅,121.26平米,南 北,毛坯,29层 ,,塔楼,65 万,5361 元,0,,,VR看装修 | 房本满五年 | 随时看房,https://hui.lianjia.com/ershoufang/105122236534.html
保利四期环境舒适，业主急售，房子没欠款，红本在手。,"保利阳光城四期 , 白云新城",3室2厅,101.66平米,东南,毛坯,30层 ,,板塔结合,56 万,5509 元,1,,,VR看装修 | 随时看房,https://hui.lianjia.com/ershoufang/105114896267.html
业主诚意出售，中间楼层，实用户型，面积使用率高,"花样年花郡 , 大亚湾中心区",2室1厅,70.24平米,南,毛坯,34层 ,,塔楼,22.8 万,3247 元,4,,,VR看装修 | 房本满五年 | 随时看房,https://hui.lianjia.com/ershoufang/105121863812.html
金山湖中洲天御，品质大社区，中间楼层视野好，诚心卖,"中洲天御二期 , 河南岸",3室2厅,92.88平米,南,毛坯,中楼层(共33层) ,,板塔结合,80 万,8614 元,0,,,VR看装修 | 房本满两年 | 随时看房,https://hui.lianjia.com/ershoufang/105118002183.html
新力城3期4房136平方精装修出售，全新装修未住过！,"新力城三期 , 水口",4室2厅,136平米,南,精装,高楼层(共32层) ,,板楼,133 万,9780 元,0,,,VR看装修 | 随时看房,https://hui.lianjia.com/ershoufang/105121910696.html
【一线临深精选好房】冠华城三房南北通双阳台，诚心卖,"冠华城桂香园 , 西区新寮",3室2厅,100.74平米,南 北,毛坯,31层 ,,塔楼,65 万,6453 元,1,,20天以前发布,VR看装修 | 房本满两年 | 随时看房,https://hui.lianjia.com/ershoufang/105122346801.html
采光好，视野开阔，央 企小区，值得拥有,"保利阳光城四期 , 白云新城",3室2厅,94.63平米,南,毛坯,32层 ,,板塔结合,59 万,6235 元,1,,,VR看装修 | 房本满两年 | 随时看房,https://hui.lianjia.com/ershoufang/105116132533.html
壹城zhong心，南北对流双阳台大户型,"壹城中心1区 , 陈江",4室2厅,138.85平米,南,,中楼层(共32层) ,,塔楼,99.5 万,7167 元,1,,,VR看装修 | 房本满两年 | 随时看房,https://hui.lianjia.com/ershoufang/105117305163.html
锦绣壹号旁，品质小区，两房两厅，业主诚心出售！,"丰谷天玺 , 龙光城",2室2厅,56.48平米,南,毛坯,31层 ,,塔楼,43 万,7614 元,2,,,VR看装修 | 房本满两年 | 随时看房,https://hui.lianjia.com/ershoufang/105114110802.html
华贸商圈 东江公园 惠安楼毛坯3房 视野好 楼龄新,"惠安楼 , 江北",3室2厅,116.3平米,东北,毛坯,中楼层(共30层) ,,板塔结合,136 万,11694 元,0,,,VR看装修 | 房本满两年 | 随时看房,https://hui.lianjia.com/ershoufang/105119857332.html
户型方正，双阳台，一南一北，通风好。,"惠阳雅居乐花园一期 , 南站新城",3室2厅,115.84平米,北,毛坯,32层 ,,板塔结合,49.8 万,4300 元,0,,,VR房源 | 随时看房,https://hui.lianjia.com/ershoufang/105122136249.html
华章装修东边户三房出售 户型方正 格局采光好 宜住家,"中锴·华章 , 河南岸",3室2厅,91.29平米,南,简装,中楼层(共27层) ,,塔楼,75 万,8216 元,2,,,VR房源 | 房本满五年,https://hui.lianjia.com/ershoufang/105118687443.html
业主急售 沃尔玛旁 中嘉领骏 精装两房,"中嘉领骏 , 澳头",2室2厅,76.2平米,南,简装,18层 ,,塔楼,33 万,4331 元,1,,,VR房源 | 房本满五年 | 随时看房,https://hui.lianjia.com/ershoufang/105116203590.html
东江学府二期毛坯三房，南北通透户型方正业主诚心出售,"东江学府二期 , 河南岸",3室2厅,137.29平米,南 北,毛坯,中楼层(共16层) ,,板塔结合,90 万,6556 元,1,,,VR看装修 | 房本满五年 | 随时看房,https://hui.lianjia.com/ershoufang/105121958806.html
龙光城南一期 1室1厅 北,"龙光城南一期 , 龙光城",1室1厅,36.77平米,北,,28层 ,,板塔结合,28 万,7615 元,0,,15天以前发布,VR房源 | 房本满五年 | 随时看房,https://hui.lianjia.com/ershoufang/105122403671.html
此房满5不唯一，标准2房2厅户型好，采光好，户型好,"仁和卫城 , 万达",2室2厅,87.41平米,南,精装,18层 ,,塔楼,48.3 万,5526 元,1,,,VR看装修 | 房本满五年,https://hui.lianjia.com/ershoufang/105120280269.html
急售！！！105平大三房，装修保养好直接拎包入住,"半岛1号五期 , 白云新城",3室2厅,105.16平米,南,,22层 ,,板塔结合,82 万,7798 元,0,,,VR看装修 | 随时看房,https://hui.lianjia.com/ershoufang/105121127381.html
星河臻誉府 业主诚心出售 高楼层视野采光好 精致三房,"星河臻誉府 , 陈江",3室2厅,88.99平米,南,精装,高楼层(共32层) ,,塔楼,83.5 万,9384 元,1,,,VR看装修 | 随时看房,https://hui.lianjia.com/ershoufang/105120095616.html
一线江景，南北通透，随时可看的,"水映山 , 博罗中心区",5室2厅,167平米,南 北,毛坯,26层 ,,板塔结合,90 万,5390 元,0,,,VR看装修 | 随时看房,https://hui.lianjia.com/ershoufang/105119747529.html
交通便利，配套 成熟大社区，楼层好视野好,"花样年别样城五期 , 新行政区",2室2厅,63.28平米,南,简装,32层 ,,板塔结合,34 万,5373 元,0,,,VR看装修 | 随时看房,https://hui.lianjia.com/ershoufang/105120794941.html
惠东亚婆角长沙湾花园一线无遮挡海景单房视野开,"宏昌山海传奇 , 十里银滩",1室1厅,46.49平米,南,精装,32层 ,,塔楼,25.3 万,5443 元,0,,,VR看装修 | 随时看房,https://hui.lianjia.com/ershoufang/105118483913.html
房子南北通透，户型方正，毛坯总价低,"长通熙园 , 开城大润发",4室1厅,124.6平米,南 北,毛坯,32层 ,,板塔结合,110 万,8829 元,0,,,VR看装修 | 随时看房,https://hui.lianjia.com/ershoufang/105117015861.html
下角银河湾高层东南朝向3房大阳台看房方便,"银河湾 , 下角",3室2厅,99.74平米,东南 南,精装,中楼层(共22层) ,,板楼,79 万,7921 元,1,,,VR看装修 | 房本满五年,https://hui.lianjia.com/ershoufang/105118496923.html
隆生西江花园，153平通透五房，全新装修，安静好楼层,"隆生西江花园 , 东江新城",4室2厅,153.49平米,南,精装,低楼层(共32层) ,,塔楼,236 万,15376 元,0,,,VR看装修,https://hui.lianjia.com/ershoufang/105122029117.html
金山湖花园三区 南北通4房 中间楼层 看花园安静不吵,"金山湖花园三区 , 河南岸",4室2厅,124.95平米,西南,精装,14层 ,,塔楼,140 万,11205 元,1,,,VR看装修 | 房本满五年 | 随时看房,https://hui.lianjia.com/ershoufang/105120678067.html
坪山河旁，视野采光好，户型方正，没有欠款,"美茵河畔花园 , 龙光城",3室2厅,101.52平米,南 北,精装,32层 ,,板塔结合,85 万,8373 元,0,,,VR看装修 | 房本满两年 | 随时看房,https://hui.lianjia.com/ershoufang/105120135018.html
精装修朝南无个税拎包入住百万大盘,"星河丹堤F区 , 南站新城",3室1厅,89.48平米,东南,精装,34层 ,,板塔结合,75 万,8382 元,5,,,VR房源 | 房本满五年 | 随时看房,https://hui.lianjia.com/ershoufang/105120010855.html
惠阳高铁站旁，星河丹堤大社区，交通便利，配套齐全,"星河丹堤C区 , 南站新城",3室1厅,174.06平米,南,精装,24层 ,,塔楼,152 万,8733 元,5,,,VR看装修 | 房本满五年 | 随时看房,https://hui.lianjia.com/ershoufang/105120810568.html
临深大盘，视野开阔，适合居住，诚心出售，方便看房,"荣佳国韵二期 , 龙光城",3室2厅,92.57平米,南,毛坯,33层 ,,板楼,59 万,6374 元,3,,,VR看装修 | 房本满两年 | 随时看房,https://hui.lianjia.com/ershoufang/105119060878.html
珠光御景湾4房2厅南北通透双阳台,"珠光御景湾 , 水口",3室2厅,122.75平米,南 北,精装,17层 ,,板塔结合,78 万,6355 元,0,,,VR房源 | 房本满五年 | 随时看房,https://hui.lianjia.com/ershoufang/105121619463.html
碧桂园五星社区 临深 近万达 精装大三房 业主诚心出售,"碧桂园星悦公馆 , 比亚迪商圈",3室2厅,110.4平米,南 北,精装,34层 ,,板塔结合,70 万,6341 元,1,,17天以前发布,VR房源,https://hui.lianjia.com/ershoufang/105122383610.html
一线临深，标准大三房，业主红本在手，没有欠款,"锦地繁花骏园 , 西区新寮",3室2厅,98.43平米,东南,,30层 ,,板塔结合,60 万,6096 元,0,,,VR看装修 | 房本满两年 | 随时看房,https://hui.lianjia.com/ershoufang/105120112429.html
麦地成熟小区生活便利交通方便住家装修,"麦地南山庄二期 , 麦地",3室2厅,109.51平米,南,简装,中楼层(共8层) ,,板塔结合,82 万,7488 元,0,,,VR看装修 | 房本满五年 | 随时看房,https://hui.lianjia.com/ershoufang/105117210713.html
新力城一期89平毛坯三房诚意出售,"新力城一期 , 水口",3室2厅,89.22平米,东南,毛坯,低楼层(共27层) ,,板楼,57 万,6389 元,0,,,VR看装修 | 随时看房,https://hui.lianjia.com/ershoufang/105122092942.html
带前后大露台 华辉铭铸 带产权车位  四房,"华辉铭铸 , 江北",4室1厅,129.5平米,南,精装,低楼层(共17层) ,,塔楼,118 万,9112 元,0,,16天以前发布,VR房源,https://hui.lianjia.com/ershoufang/105122394479.html
精装修，好楼层，采光好，通风好，没有遮挡。,"鑫月御园 , 秋长",3室2厅,84.91平米,南,精装,23层 ,,板塔结合,52 万,6125 元,0,,25天以前发布,VR看装修 | 房本满五年 | 随时看房,https://hui.lianjia.com/ershoufang/105122312567.html
水口大社区新力花园，118平南北通大3房，视野开阔,"新力城一期 , 水口",3室2厅,117.98平米,南,毛坯,低楼层(共27层) ,,板楼,78 万,6612 元,0,,,VR看装修 | 房本满两年 | 随时看房,https://hui.lianjia.com/ershoufang/105122094156.html
新力城花园端头位，89平3方，视野好,"新力城一期 , 水口",3室2厅,89.22平米,南,毛坯,中楼层(共27层) ,,板楼,57 万,6389 元,0,,,VR看装修 | 房本满两年 | 随时看房,https://hui.lianjia.com/ershoufang/105122094211.html
鼎峰国汇山 全新毛坯 朝南 刚需三房 带花园,"鼎峰国汇山 , 江北",3室2厅,87.89平米,南,毛坯,高楼层(共32层) ,,板塔结合,88 万,10013 元,1,,,VR看装修 | 房本满五年 | 随时看房,https://hui.lianjia.com/ershoufang/105119790072.html
新力花园 小区环境舒服  房子户型好，板楼设计,"新力城一期 , 水口",3室2厅,108.9平米,东南,毛坯,中楼层(共27层) ,,板楼,78 万,7163 元,0,,,VR看装修 | 房本满五年 | 随时看房,https://hui.lianjia.com/ershoufang/105121420249.html
合生·上观国际 4室2厅 西南,"合生·上观国际 , 水口",4室2厅,178.34平米,西南,精装,中楼层(共18层) ,,塔楼,109.8 万,6157 元,0,,,VR房源 | 房本满五年,https://hui.lianjia.com/ershoufang/105121900772.html
新力城一期89平方 朝南看花园 精装修 价格可聊,"新力城一期 , 水口",3室2厅,89平米,南,精装,33层 ,,板楼,73.8 万,8293 元,0,,8天以前发布,VR房源,https://hui.lianjia.com/ershoufang/105122486487.html
新力城一期118平三房诚意出售,"新力城一期 , 水口",3室2厅,117.98平米,南 西南,毛坯,高楼层(共27层) ,,板楼,78 万,6612 元,0,,,VR看装修 | 随时看房,https://hui.lianjia.com/ershoufang/105122091069.html
启明苑，新天虹商圈，配套成熟，四房两厅，户型方正,"启明苑 , 河南岸",4室2厅,128.48平米,南,精装,9层 ,,板塔结合,85 万,6616 元,6,,,VR看装修,https://hui.lianjia.com/ershoufang/105106703089.html
合生温馨2房，朝南东边户，视野开阔看江景,"合生·上观国际 , 水口",2室2厅,83.75平米,东南 南,毛坯,高楼层(共32层) ,,塔楼,58 万,6926 元,0,,,VR看装修 | 随时看房,https://hui.lianjia.com/ershoufang/105120477694.html
碧桂园珑誉4房精装 带车位  好楼层户型方正,"碧桂园珑誉花园 , 水口",4室2厅,115.36平米,东南,,中楼层(共33层) ,,塔楼,88 万,7629 元,0,,,VR看装修 | 房本满五年 | 随时看房,https://hui.lianjia.com/ershoufang/105122145460.html
合生上观小区，精装，大社区...................,"合生·上观国际 , 水口",4室2厅,178.09平米,东南,精装,中楼层(共18层) ,,塔楼,110 万,6177 元,1,,,VR房源 | 房本满五年,https://hui.lianjia.com/ershoufang/105114138529.html
视野开阔  采光好 中高楼层 南向 精致三房,"五矿哈施塔特 , 博罗中心区",3室2厅,93.4平米,南,毛坯,33层 ,,塔楼,35 万,3748 元,0,,,VR看装修 | 房本满两年 | 随时看房,https://hui.lianjia.com/ershoufang/105121313862.html
三环内，交通便利，四房装修保养好，拎包入住,"翠湖雅苑 , 水口",5室2厅,155.27平米,南 北,精装,中楼层(共15层) ,,板塔结合,86 万,5539 元,0,,,VR看装修 | 房本满五年 | 随时看房,https://hui.lianjia.com/ershoufang/105119843398.html
视野无遮挡，中间楼层，户型方正，轻轨口物业大社区,"隆生仲恺花园3区 , 陈江",4室2厅,125.97平米,南 北,毛坯,低楼层(共32层) ,,塔楼,84.3 万,6693 元,0,,,VR看装修 | 房本满两年 | 随时看房,https://hui.lianjia.com/ershoufang/105121533630.html
此房满五唯一税费少户型好 户型方正实用 区政府旁,"江南豪苑 , 区政府",3室2厅,127平米,东南,简装,高楼层(共25层) ,,板楼,70 万,5512 元,0,,,VR看装修 | 房本满两年 | 随时看房,https://hui.lianjia.com/ershoufang/105118744164.html
房子户型方正看山景海景湖景单位原购价高无个税,"合生滨海城 , 澳头",4室2厅,182.35平米,东南,毛坯,31层 ,,板塔结合,110 万,6033 元,0,,,VR看装修 | 房本满五年 | 随时看房,https://hui.lianjia.com/ershoufang/105122183250.html
原购价格高无个税，户型方正，通风采光好，业主急售！,"合生滨海城 , 澳头",3室2厅,113平米,南 北,简装,28层 ,,板塔结合,56 万,4956 元,0,,,VR看装修 | 随时看房,https://hui.lianjia.com/ershoufang/105119198235.html
原购价格高，无个税！高品质大社区 好楼层 视野采光,"合生滨海城 , 澳头",3室2厅,137.64平米,东南 南,,31层 ,,板塔结合,60 万,4360 元,0,,26天以前发布,VR看装修 | 房本满五年 | 随时看房,https://hui.lianjia.com/ershoufang/105122300729.html
精装拎包入住楼层位置好，配套设施齐全,"当代上品湾花园 , 澳头",1室1厅,33.67平米,南,精装,37层 ,,板塔结合,13 万,3862 元,4,,,VR房源 | 房本满五年 | 随时看房,https://hui.lianjia.com/ershoufang/105117101567.html
高层视野好 精装修没住过 配套成熟 近天虹半岛公园,"清泉城市广场 , 区政府",3室2厅,93.83平米,南 北,精装,29层 ,,板塔结合,63 万,6715 元,1,,,VR看装修 | 房本满两年 | 随时看房,https://hui.lianjia.com/ershoufang/105120155032.html
壹城精装修4房，中高楼层，拎包入住,"壹城中心1区 , 陈江",4室2厅,118.38平米,南 北,精装,高楼层(共32层) ,,塔楼,112 万,9462 元,0,,,VR看装修 | 房本满两年 | 随时看房,https://hui.lianjia.com/ershoufang/105119898352.html
经典房型，实用方便，刚需改善均可，有意向欢迎实地看,"光耀荷兰小城 , 陈江",4室2厅,92.5平米,北 南,毛坯,中楼层(共33层) ,,板塔结合,49 万,5298 元,0,,25天以前发布,VR看装修 | 随时看房,https://hui.lianjia.com/ershoufang/105122312008.html
骏景花园 4室2厅 东,"骏景花园 , 区政府",4室2厅,130.25平米,东,精装,25层 ,,板塔结合,83.5 万,6411 元,0,,10天以前发布,VR房源 | 房本满五年,https://hui.lianjia.com/ershoufang/105122463324.html
临深片区，标准三房，小区环境好,"锦地繁花骏园 , 西区新寮",3室2厅,98.92平米,东南 南,毛坯,30层 ,,板塔结合,58.8 万,5945 元,2,,,VR看装修 | 房本满五年 | 随时看房,https://hui.lianjia.com/ershoufang/105120000468.html
沙田地铁站小户型两房，低总价，红本满五税少,"晶地顺苑 , 西区新寮",2室1厅,53.36平米,南,,30层 ,,板塔结合,26 万,4873 元,0,,,VR看装修 | 房本满五年 | 随时看房,https://hui.lianjia.com/ershoufang/105120979575.html
华润小径湾品质楼盘，出门有沙滩，商街。,"华润小径湾一期 , 霞涌",1室1厅,52.83平米,西南,简装,31层 ,,板塔结合,34.8 万,6588 元,4,,,VR看装修 | 房本满五年 | 随时看房,https://hui.lianjia.com/ershoufang/105116272825.html
落地窗 高楼层 采光视野好 佳兆业一期 业主诚心出售,"佳兆业中心一期 , 江北",1室1厅,42.62平米,东,精装,29层 ,,板塔结合,28.5 万,6688 元,0,,30天以前发布,VR看装修 | 房本满五年 | 随时看房,https://hui.lianjia.com/ershoufang/105122268072.html
博罗新城区 电梯两房 阳台朝南 中间楼层 下楼就是操场,"佳兆业东江新城十期 , 博罗中心区",2室2厅,74平米,南,,34层 ,,板塔结合,27 万,3649 元,0,,,VR看装修 | 随时看房,https://hui.lianjia.com/ershoufang/105122101098.html
地段好，建材城小高层，无欠款，近万达-益田-吾悦广场,"华南国际 , 吾悦广场",4室2厅,110.05平米,南,精装,中楼层(共5层) ,,板楼,46 万,4180 元,0,,,VR看装修 | 房本满五年,https://hui.lianjia.com/ershoufang/105121873184.html
中间楼层采光好，小区内好，配套成熟，,"长汀花园 , 吾悦广场",2室1厅,60.38平米,南,毛坯,17层 ,,板塔结合,26 万,4307 元,2,,,VR看装修 | 房本满五年 | 随时看房,https://hui.lianjia.com/ershoufang/105111781793.html
下角丽水湾精装3房 业主诚意出售 看房方便,"鹏达丽水湾 , 下角",3室2厅,103.44平米,西 北,简装,低楼层(共27层) ,,板塔结合,83 万,8024 元,0,,,VR看装修 | 房本满五年,https://hui.lianjia.com/ershoufang/105121010753.html
诚心出售，南北向双阳台的户型，采光充足,"秋谷跃府 , 西区新寮",4室2厅,99.65平米,南,精装,27层 ,,板塔结合,64 万,6423 元,1,,,VR房源 | 房本满五年 | 随时看房,https://hui.lianjia.com/ershoufang/105118719721.html
惠州南站，优质地段，北向两房，业主诚心出售。,"长汀花园 , 吾悦广场",2室2厅,60.73平米,西北,毛坯,18层 ,,板塔结合,26 万,4282 元,1,,,VR看装修 | 随时看房,https://hui.lianjia.com/ershoufang/105113963869.html
南北通四房 采光通风好。天虹旁，高楼层,"中央国墅园 , 区政府",4室2厅,108.76平米,南 北,毛坯,29层 ,,板塔结合,48.5 万,4460 元,0,,7天以前发布,VR房源 | 随时看房,https://hui.lianjia.com/ershoufang/105122489041.html
户型方正采光好，业主城心出售交通方便，,"东信新天华府 , 江北",3室2厅,116.77平米,南,,24层 ,,板塔结合,70 万,5995 元,0,,,VR看装修 | 随时看房,https://hui.lianjia.com/ershoufang/105117528502.html
精装修 家私家电全齐 拎包入住 东江湾,"东江湾 , 江北",1室1厅,48平米,西,精装,中楼层(共30层) ,,板塔结合,35 万,7292 元,0,,,VR看装修 | 房本满两年,https://hui.lianjia.com/ershoufang/105120867292.html
碧桂园珑尚花园 户型方正 实用性强，视野开阔,"碧桂园珑尚花园 , 水口",4室2厅,108.49平米,南,毛坯,高楼层(共34层) ,,板塔结合,68 万,6268 元,0,,,VR看装修 | 房本满两年 | 随时看房,https://hui.lianjia.com/ershoufang/105117941657.html
梵高的花园4房2阳台，毛坯137平，户型方正，随时可看,"梵高的花园 , 江北",4室2厅,137平米,南,毛坯,33层 ,,板塔结合,123 万,8979 元,0,,,VR看装修 | 房本满两年 | 随时看房,https://hui.lianjia.com/ershoufang/105114007576.html
新力三期开阔4房中高楼层看花园,"新力城三期 , 水口",4室2厅,136平米,南,毛坯,高楼层(共32层) ,,板塔结合,103 万,7574 元,0,,,VR看装修 | 随时看房,https://hui.lianjia.com/ershoufang/105120592177.html
满五唯一，小户型，装修好没住过，靠红树林,"栖境园 , 大亚湾中心区",1室0厅,34.24平米,北,简装,12层 ,,板塔结合,18.8 万,5491 元,0,,12天以前发布,VR房源 | 房本满五年 | 随时看房,https://hui.lianjia.com/ershoufang/105122436852.html
陈江繁华成熟地段，高品质小区，百万方成熟社区,"华廷悦府 , 陈江",4室2厅,128.22平米,南,毛坯,高楼层(共32层) ,,塔楼,112 万,8735 元,0,,,VR房源 | 随时看房,https://hui.lianjia.com/ershoufang/105119453417.html
户型方正，东向，价格可以沟通。,"惠阳雅居乐花园一期 , 南站新城",2室2厅,75.91平米,东南,,24层 ,,板塔结合,29.9 万,3939 元,0,,,VR看装修 | 随时看房,https://hui.lianjia.com/ershoufang/105121476048.html
复式洋房、中间楼层、80万精装、人车分流、仅契税,"星河丹堤N区 , 南站新城",5室2厅,177.61平米,南 北,精装,低楼层(共17层) ,,塔楼,285 万,16047 元,3,,,VR房源 | 房本满两年 | 随时看房,https://hui.lianjia.com/ershoufang/105119174504.html
此房满五，，采光楼层好，业主诚心出售,"DADA的草地 , 大亚湾中心区",2室1厅,58.59平米,南,毛坯,32层 ,,板塔结合,13.8 万,2356 元,5,,,VR看装修 | 房本满五年 | 随时看房,https://hui.lianjia.com/ershoufang/105114819331.html
江北中 心 精装4房 163平保养很好 繁华地段配套齐全,"佳兆业中心二期 , 江北",4室2厅,163.59平米,南,精装,41层 ,,板塔结合,139 万,8497 元,1,,,VR房源 | 房本满两年 | 随时看房,https://hui.lianjia.com/ershoufang/105121776847.html
搬砖半年5千收入安家仲恺康城四季花园三房无欠款,"TCL康城四季 , 惠环",3室1厅,89.5平米,南,毛坯,32层 ,,塔楼,50 万,5587 元,0,,16天以前发布,VR房源 | 随时看房,https://hui.lianjia.com/ershoufang/105122389627.html
区政府旁 标准三房  房子保养很好 户型方正,"中港华庭 , 区政府",3室2厅,103.33平米,南 北,精装,26层 ,,塔楼,66 万,6388 元,0,,,VR看装修 | 房本满五年,https://hui.lianjia.com/ershoufang/105119632378.html
听涛复式二房精装修诚心出售随时可以看房,"听涛雅苑 , 大亚湾中心区",2室1厅,33.14平米,北,精装,7层 ,,板塔结合,20.8 万,6277 元,0,,,VR房源 | 房本满两年 | 随时看房,https://hui.lianjia.com/ershoufang/105122090920.html
（平台推荐）临深精装修三房，好出租，税费少,"慧湾中心 , 西区新寮",3室2厅,95.86平米,南,精装,33层 ,,板塔结合,79.8 万,8325 元,0,,26天以前发布,VR看装修,https://hui.lianjia.com/ershoufang/105122300583.html
业主自住 精装 看花园 保养好,"星河丹堤G区 , 南站新城",3室2厅,98.07平米,南,精装,34层 ,,塔楼,105 万,10707 元,0,,,VR看装修 | 房本满五年 | 随时看房,https://hui.lianjia.com/ershoufang/105120388520.html
天益城轻轨站500米朝南四房诚意出售,"milk花园 , 陈江",4室2厅,91.32平米,南,毛坯,32层 ,,塔楼,43 万,4709 元,0,,,VR看装修 | 房本满两年 | 随时看房,https://hui.lianjia.com/ershoufang/105113568873.html
朝南大两房，视野开阔，价格好谈,"诗林廊桥苑 , 澳头",2室2厅,83.36平米,南,,24层 ,,板塔结合,28 万,3359 元,0,,,VR看装修 | 房本满五年 | 随时看房,https://hui.lianjia.com/ershoufang/105121859940.html
恒大悦龙台精装三房，业主急售！！！,"恒大悦龙台 , 万达",3室2厅,85平米,北,精装,32层 ,,板塔结合,59 万,6942 元,0,,15天以前发布,VR房源 | 房本满两年 | 随时看房,https://hui.lianjia.com/ershoufang/105122404613.html
恒宇新苑 大三房 南北通3房 户型正采光好,"恒宇新苑 , 河南岸",3室2厅,120.16平米,南,精装,中楼层(共7层) ,,板楼,79 万,6575 元,0,,18天以前发布,VR看装修 | 房本满五年,https://hui.lianjia.com/ershoufang/105122370979.html
壹城精装修大户型，保养很新，业主诚售。,"壹城中心2区 , 陈江",4室1厅,138.7平米,南 北,,中楼层(共32层) ,,塔楼,115 万,8292 元,0,,,VR看装修 | 随时看房,https://hui.lianjia.com/ershoufang/105121991775.html
长通熙园二期（贝壳平台） 品质社区商圈朝南三房,"长通熙园 , 开城大润发",3室2厅,89.51平米,西,毛坯,33层 ,,板楼,60 万,6704 元,0,,,VR看装修 | 房本满两年 | 随时看房,https://hui.lianjia.com/ershoufang/105116524798.html
户型好 采光好 格局楼层好 视野宽阔 带精装,"龙光城南一期 , 龙光城",3室2厅,116.26平米,北 东北,精装,27层 ,,板塔结合,79.8 万,6864 元,1,,,VR房源 | 房本满五年 | 随时看房,https://hui.lianjia.com/ershoufang/105121090776.html
锦绣壹号旁视野采光好户型方正采光好,"锦地繁花骏园 , 西区新寮",4室2厅,128.84平米,西南,毛坯,31层 ,,板塔结合,86.5 万,6714 元,0,,20天以前发布,VR看装修 | 房本满两年 | 随时看房,https://hui.lianjia.com/ershoufang/105122349479.html
临深精装四房，看花园，生活便利小区,"富康锦绣壹号 , 西区新寮",4室2厅,111.99平米,南 北,精装,33层 ,,塔楼,112 万,10001 元,0,,,VR房源 | 房本满五年 | 随时看房,https://hui.lianjia.com/ershoufang/105122068517.html
佳兆业中心一期  精装三房 可上富民,"佳兆业中心一期 , 江北",3室2厅,117.84平米,南,精装,29层 ,,板塔结合,76 万,6450 元,0,,,VR看装修,https://hui.lianjia.com/ershoufang/105121832132.html
临深，近沙田地铁站，大社区 大阳台,"九洲玉带湾 , 白云新城",4室2厅,107.36平米,东南,毛坯,33层 ,,板塔结合,58 万,5403 元,4,,,VR看装修 | 房本满五年 | 随时看房,https://hui.lianjia.com/ershoufang/105115393072.html
惠阳一中旁惠州南站好出租有钥匙看房华茂大厦,"华茂大厦 , 开城大润发",1室1厅,59.51平米,北,简装,23层 ,,塔楼,20.8 万,3496 元,0,,,VR房源 | 房本满五年 | 随时看房,https://hui.lianjia.com/ershoufang/105121799535.html
户型房子，楼层好，视野宽阔，采光充足，业主诚心售卖,"三远大爱城 , 吾悦广场",4室2厅,170平米,南,,32层 ,,板塔结合,129 万,7589 元,0,,,VR房源 | 随时看房,https://hui.lianjia.com/ershoufang/105121921442.html
刚需必看 近华附 高楼层 东南朝向 视野采光好,"星河丹堤G区 , 南站新城",3室2厅,98.06平米,南,毛坯,34层 ,,塔楼,100 万,10198 元,0,,,VR看装修 | 随时看房,https://hui.lianjia.com/ershoufang/105122230604.html
户型方正，采光明亮，交通便利，生活方便，花园中间,"合生·上观国际 , 水口",3室2厅,120平米,南,,中楼层(共32层) ,,塔楼,91 万,7584 元,0,,,VR看装修 | 随时看房,https://hui.lianjia.com/ershoufang/105121871176.html
华邦中间好楼层，户型方正，采光好，业主诚意出售,"華邦·首府 , 惠环",3室2厅,93.39平米,东南,毛坯,中楼层(共22层) ,,板塔结合,51 万,5461 元,0,,,VR看装修 | 随时看房,https://hui.lianjia.com/ershoufang/105117490582.html
：景观房看整个花园，，朝南，视野宽阔，采光好,"水岸花山 , 新圩",4室2厅,135.41平米,南,,低楼层(共32层) ,,板塔结合,84 万,6204 元,1,,,VR看装修 | 房本满五年 | 随时看房,https://hui.lianjia.com/ershoufang/105120366903.html
河南岸  小户型  生活便利  近金山湖  自住出租都可以,"风华阁 , 河南岸",1室1厅,42.17平米,东,,高楼层(共8层) ,,塔楼,15 万,3558 元,7,,,VR看装修 | 房本满五年,https://hui.lianjia.com/ershoufang/105120767577.html
俊雅豪庭 4室1厅 北,"俊雅豪庭 , 博罗中心区",4室1厅,153平米,北,,19层 ,,板塔结合,60 万,3922 元,0,,,VR看装修 | 房本满五年 | 随时看房,https://hui.lianjia.com/ershoufang/105121891588.html
房子满两年，原值高税费低，随时可看，急售,"星河丹堤G区 , 南站新城",3室2厅,89.13平米,东南,毛坯,34层 ,,塔楼,77 万,8640 元,0,,,VR房源 | 房本满五年 | 随时看房,https://hui.lianjia.com/ershoufang/105114816147.html
房子格局 楼层好 视野开阔 采光充足,"奥园尚雅花园二期 , 潼侨沥林",3室2厅,104.03平米,南,,低楼层(共32层) ,,板塔结合,42 万,4038 元,0,,,VR看装修 | 随时看房,https://hui.lianjia.com/ershoufang/105122198505.html
大中华幸福城大社区朝向南通透大三房诚心出售,"大中华幸福城 , 西区新寮",3室2厅,125.25平米,南,,32层 ,,板楼,90 万,7186 元,0,,8天以前发布,VR房源 | 随时看房,https://hui.lianjia.com/ershoufang/105122481642.html
方直君御 4室2厅 南,"方直君御 , 东江新城",4室2厅,183平米,南,,高楼层(共31层) ,,塔楼,268 万,14645 元,0,,,VR看装修,https://hui.lianjia.com/ershoufang/105122038860.html
临深沙田地铁站，户型方正适用，使用率高,"惠州星河盛世 , 白云新城",4室2厅,92.58平米,北,精装,33层 ,,塔楼,71 万,7670 元,0,,,VR看装修 | 房本满两年 | 随时看房,https://hui.lianjia.com/ershoufang/105120191332.html
"泰富御山郡两房,朝南采光好,出行便利","泰富·御山郡 , 龙丰",2室1厅,51平米,东南 南,简装,19层 ,,板塔结合,30 万,5883 元,0,,,VR看装修 | 随时看房,https://hui.lianjia.com/ershoufang/105119668943.html
德丰·五月花花园 2室1厅 南,"德丰·五月花花园 , 西区新寮",2室1厅,79.57平米,南,毛坯,17层 ,,塔楼,41.5 万,5216 元,0,,,VR看装修 | 随时看房,https://hui.lianjia.com/ershoufang/105120254891.html
央企保利有保障 户型靓 诚心出售,"保利山水城 , 博罗中心区",2室1厅,58.42平米,东南,简装,10层 ,,板塔结合,21.8 万,3732 元,2,,,VR房源 | 房本满五年,https://hui.lianjia.com/ershoufang/105116681443.html
近江北 华昌旁龙福新苑南向3+1房 中间楼层 总价低,"龙福新苑 , 水口",3室2厅,110.35平米,南 北,,8层 ,,板塔结合,42 万,3807 元,0,,,VR看装修 | 房本满五年,https://hui.lianjia.com/ershoufang/105121395994.html
下角江边路 文星公园旁 低楼层 精装三房 业主诚意出售,"惠华纸业包装总公司住宅生活区 , 下角",3室2厅,87.6平米,南,精装,低楼层(共8层) ,,塔楼,43.9 万,5012 元,1,,,VR看装修,https://hui.lianjia.com/ershoufang/105115553905.html
桥胜雅苑 1室1厅 南,"桥胜雅苑 , 区政府",1室1厅,48.93平米,南,简装,12层 ,,板塔结合,12.9 万,2637 元,2,,,VR房源 | 房本满五年,https://hui.lianjia.com/ershoufang/105122090450.html
安家！让我们扎根在这个为之奋斗的城市里。业主急售,"中信新城 , 南站新城",4室2厅,89.3平米,南,精装,34层 ,,板塔结合,57 万,6383 元,0,,18天以前发布,VR房源 | 房本满五年 | 随时看房,https://hui.lianjia.com/ershoufang/105122370377.html
急卖 星河丹堤G4区  南北通四房 看山景 公园,"星河丹堤G4区 , 南站新城",4室2厅,124.47平米,南 北,毛坯,33层 ,,板塔结合,130 万,10445 元,0,,,VR看装修 | 房本满两年 | 随时看房,https://hui.lianjia.com/ershoufang/105120494540.html
业主急售 户型方正采光好 面积使用率高,"蓝湾星宸一期 , 大亚湾中心区",3室2厅,102.44平米,南,毛坯,33层 ,,板塔结合,31 万,3027 元,2,,,VR看装修 | 房本满五年 | 随时看房,https://hui.lianjia.com/ershoufang/105120677189.html
东岸丽都花园 4室2厅 南 北,"东岸丽都花园 , 大亚湾中心区",4室2厅,84平米,南 北,毛坯,32层 ,,塔楼,55 万,6548 元,0,,11天以前发布,VR房源 | 随时看房,https://hui.lianjia.com/ershoufang/105122449415.html
户型方正，房产清晰，业主急售，小区自己的物业,"金裕星河丹堤 , 小金口",3室2厅,85.89平米,南,毛坯,低楼层(共34层) ,,塔楼,39 万,4541 元,0,,11天以前发布,VR房源 | 随时看房,https://hui.lianjia.com/ershoufang/105122451965.html
好宜多旁万科文瀚花园精装修三房朝南有钥匙随时看房,"万科中天宏远文瀚花园 , 区政府",3室2厅,91.74平米,南,精装,高楼层(共33层) ,,,92 万,10029 元,1,,,VR看装修 | 随时看房,https://hui.lianjia.com/ershoufang/105122190856.html
马路对  面就是西湖  实用2房 总价低 保养好,"下角东路16号 , 下角",2室2厅,66.37平米,东,简装,中楼层(共9层) ,,板楼,26.8 万,4038 元,1,,,VR看装修 | 房本满五年 | 随时看房,https://hui.lianjia.com/ershoufang/105120683443.html
隆生仲恺花园新社区视野开阔四房,"隆生仲恺花园2区 , 陈江",4室2厅,123平米,南,毛坯,中楼层(共32层) ,,,82 万,6667 元,0,,,VR看装修 | 房本满两年 | 随时看房,https://hui.lianjia.com/ershoufang/105121445049.html
百万大盘 星河物业 户型方正 拎包入住,"星河丹堤E区 , 南站新城",2室1厅,75平米,南,精装,30层 ,,,59.8 万,7974 元,7,,,VR看装修 | 房本满五年 | 随时看房,https://hui.lianjia.com/ershoufang/105118024694.html
五矿二期，一线湖景，户型方正，业主诚心出售,"五矿哈施塔特 , 博罗中心区",4室2厅,110.3平米,南,毛坯,高楼层(共33层) ,,塔楼,45 万,4080 元,1,,,VR看装修 | 房本满两年 | 随时看房,https://hui.lianjia.com/ershoufang/105120188170.html
万达精装复式，视野开阔，出行方便，急售,"永昶公寓 , 万达",3室2厅,56.71平米,东南,简装,12层 ,,板塔结合,25 万,4409 元,12,,,VR房源 | 房本满五年 | 随时看房,https://hui.lianjia.com/ershoufang/105117342156.html
玖悦府带车位精装修三房，安静采光通风很好,"玖悦府 , 麦地",3室2厅,94.88平米,南,精装,低楼层(共26层) ,,板塔结合,83 万,8748 元,0,,,VR看装修 | 随时看房,https://hui.lianjia.com/ershoufang/105116992218.html
小区教育，交通，休闲，购物银行配套设施完善便利,"保华铂郡 , 河南岸",4室2厅,140.34平米,南 北,毛坯,30层 ,,板塔结合,176 万,12541 元,0,,,VR房源 | 房本满两年 | 随时看房,https://hui.lianjia.com/ershoufang/105114890971.html
临深大品牌央企大花园，成熟社区生活配套完善,"金地天润自在城一期 , 西区新寮",3室1厅,83.37平米,西南,精装,33层 ,,塔楼,67 万,8037 元,2,,,VR看装修,https://hui.lianjia.com/ershoufang/105122068665.html
星河丹堤新中式园林 南北通透 中高楼 看水库美景,"星河丹堤G4区 , 南站新城",4室2厅,124.48平米,南 北,毛坯,33层 ,,板塔结合,138 万,11087 元,0,,,VR看装修 | 房本满两年 | 随时看房,https://hui.lianjia.com/ershoufang/105116289042.html
此房朝南无遮挡，中间楼层中间位置。业主诚心,"深荟城一期 , 白云新城",3室2厅,91.75平米,南,精装,32层 ,,板塔结合,77.8 万,8480 元,0,,8天以前发布,VR房源 | 随时看房,https://hui.lianjia.com/ershoufang/105122479577.html
仲恺政务中芯，精装修三房，拎包入住,"万燊花苑 , 惠环",3室2厅,84.12平米,南 北,,中楼层(共31层) ,,板塔结合,56 万,6658 元,0,,18天以前发布,VR房源 | 房本满五年,https://hui.lianjia.com/ershoufang/105122373972.html
华廷悦府成熟配套，精装修，朝南四房高楼层视野开阔,"华廷悦府 , 陈江",4室2厅,108.71平米,南,精装,高楼层(共31层) ,,塔楼,96 万,8831 元,0,,,VR看装修 | 房本满两年 | 随时看房,https://hui.lianjia.com/ershoufang/105119933271.html
花园小区，  楼间 距 视野好,"碧桂园天骄公馆 , 马安",3室2厅,94.92平米,南,精装,高楼层(共34层) ,,塔楼,71 万,7480 元,0,,,VR看装修,https://hui.lianjia.com/ershoufang/105116607402.html
万达近，通勤方便，户型好 户型方正，朝南的,"正兆千树晴山 , 西区新寮",3室2厅,96.76平米,东南,毛坯,30层 ,,板塔结合,53 万,5478 元,1,,,VR看装修 | 房本满五年 | 随时看房,https://hui.lianjia.com/ershoufang/105112682387.html
此房户型方正，楼层好，小区楼龄新，小区规模大,"德润天峰 , 潼侨沥林",2室1厅,79.92平米,南,毛坯,18层 ,,板塔结合,40 万,5006 元,0,,,VR房源 | 房本满五年 | 随时看房,https://hui.lianjia.com/ershoufang/105116311917.html
碧桂园珑誉 四房横厅户型 看湖景花园视野好,"碧桂园珑誉花园 , 水口",4室1厅,116.06平米,南,精装,高楼层(共33层) ,,塔楼,84 万,7238 元,0,,,VR看装修 | 房本满两年 | 随时看房,https://hui.lianjia.com/ershoufang/105121628371.html
精装四房 高楼层 视野采光棒 拎包入住！,"天源花园 , 大亚湾中心区",4室2厅,100.64平米,南 北,精装,33层 ,,板塔结合,48 万,4770 元,0,,14天以前发布,VR房源 | 房本满五年,https://hui.lianjia.com/ershoufang/105122415452.html
户型方正，视野光线都好，成熟小区生活便利,"花样年·康城四季御峰 , 惠环",3室2厅,84.74平米,南,毛坯,32层 ,,板塔结合,51 万,6019 元,1,,,VR看装修 | 房本满两年 | 随时看房,https://hui.lianjia.com/ershoufang/105113657256.html
精装3房，朝南户型，中间楼层，安静位置，满五年,"金碧蓝湾一期 , 开城大润发",3室2厅,82.5平米,南,简装,29层 ,,板楼,55 万,6667 元,0,,,VR看装修 | 房本满五年 | 随时看房,https://hui.lianjia.com/ershoufang/105120921802.html
海立方急售，带装修，户型方正，不欠款,"中御海立方 , 吾悦广场",4室2厅,72.89平米,南,简装,34层 ,,板塔结合,35 万,4802 元,1,,,VR房源 | 房本满五年 | 随时看房,https://hui.lianjia.com/ershoufang/105121782487.html
现代风设计大三房带车位无欠款 临深,"深荟城一期 , 白云新城",3室2厅,92.45平米,南,精装,33层 ,,板塔结合,79 万,8546 元,0,,6天以前发布,VR房源 | 房本满五年 | 随时看房,https://hui.lianjia.com/ershoufang/105122504019.html
御景花园3房2厅 精装修，看房有钥匙，带个小露台，,"御景花园南区 , 下角",3室2厅,86.89平米,西北,精装,24层 ,,板塔结合,72 万,8287 元,0,,,VR房源 | 房本满五年 | 随时看房,https://hui.lianjia.com/ershoufang/105120962268.html
惠阳站，一房一厅，近天虹大润发,"百润基银座 , 开城大润发",1室1厅,46.93平米,东北,简装,20层 ,,板楼,15.5 万,3303 元,2,,,VR房源 | 房本满五年,https://hui.lianjia.com/ershoufang/105120479881.html
户型好，采光好，全新未入住过，红本在手...........,"群峰花园 , 南站新城",3室2厅,94.59平米,南,,中楼层(共33层) ,,塔楼,42 万,4441 元,5,,,VR看装修 | 房本满两年 | 随时看房,https://hui.lianjia.com/ershoufang/105119021222.html
金迪星苑中装2房出售 低楼层安静不吵 可拎包入住,"金迪星苑 , 龙丰",2室1厅,52.8平米,东南,精装,8层 ,,板楼,27.8 万,5266 元,0,,,VR看装修 | 随时看房,https://hui.lianjia.com/ershoufang/105121732376.html
中间楼层，视野开阔，看花园，业主诚意急卖，方便看房,"星河丹堤G区 , 南站新城",3室2厅,98.06平米,南,毛坯,34层 ,,塔楼,90 万,9179 元,0,,,VR房源 | 房本满五年 | 随时看房,https://hui.lianjia.com/ershoufang/105122218947.html
太东天地花园 4室2厅 南,"太东天地花园 , 大亚湾中心区",4室2厅,109.09平米,南,毛坯,33层 ,,板塔结合,48.6 万,4456 元,1,,,VR看装修 | 房本满两年 | 随时看房,https://hui.lianjia.com/ershoufang/105122060823.html
丰湖村3房2厅  简装 中间楼层 价格实惠,"丰湖村 , 下埔",3室2厅,115.77平米,南 北,简装,中楼层(共8层) ,,塔楼,31 万,2678 元,2,,,VR看装修 | 房本满两年 | 随时看房,https://hui.lianjia.com/ershoufang/105121378582.html
东江新城 水岸城四期 装修3房 满五唯一 配套齐全,"中信水岸城四期 , 东江新城",3室2厅,87平米,南,精装,低楼层(共30层) ,,板楼,76.8 万,8828 元,0,,,VR看装修 | 房本满五年 | 随时看房,https://hui.lianjia.com/ershoufang/105120579406.html
满五唯一  中间楼层  采光通风不错,"玫瑰华庭 , 草洋新区",3室1厅,93.44平米,南,,9层 ,,板楼,38.8 万,4153 元,0,,,VR看装修 | 房本满五年,https://hui.lianjia.com/ershoufang/105121247981.html
精装三房朝南看花园，业主诚心出售,"金洋嘉丽园 , 澳头",3室2厅,103平米,南,精装,28层 ,,板塔结合,60 万,5826 元,0,,,VR看装修 | 房本满五年 | 随时看房,https://hui.lianjia.com/ershoufang/105120236107.html
126平方大三房，高楼层，配套齐全,"新时代花园二期 , 博罗中心区",3室2厅,126平米,南,毛坯,28层 ,,塔楼,46 万,3651 元,0,,,VR看装修 | 房本满五年 | 随时看房,https://hui.lianjia.com/ershoufang/105116672388.html
四季嘉园，架空式园林，主阳台很大,"华泓四季嘉园 , 博罗中心区",3室2厅,93平米,东北,毛坯,31层 ,,塔楼,38 万,4087 元,0,,18天以前发布,VR看装修 | 房本满两年 | 随时看房,https://hui.lianjia.com/ershoufang/105122366892.html
四房两卫，南北通双阳台，是个建面约59万㎡的生活大城,"碧桂园天熹花园 , 博罗中心区",4室2厅,115平米,南,毛坯,32层 ,,板塔结合,50 万,4348 元,0,,,VR看装修 | 随时看房,https://hui.lianjia.com/ershoufang/105119183526.html
惠南 中锴华章 166.88平四房 花园中间 两梯三户双套间,"中锴·华章 , 河南岸",4室2厅,166.88平米,南,毛坯,中楼层(共31层) ,,塔楼,139 万,8330 元,8,,,VR看装修 | 房本满五年 | 随时看房,https://hui.lianjia.com/ershoufang/105108776700.html
中洲半岛城邦四期106平正三房，精装修直接拎包入住,"中洲半岛城邦四期 , 博罗中心区",3室2厅,106.16平米,南,,33层 ,,板塔结合,80 万,7536 元,0,,,VR房源 | 随时看房,https://hui.lianjia.com/ershoufang/105122039100.html
成熟小区，视野开阔，安全系数好，环境优美，一线江景,"中洲半岛城邦四期 , 博罗中心区",4室2厅,106.67平米,南,,33层 ,,板塔结合,63 万,5907 元,0,,,VR看装修 | 房本满两年 | 随时看房,https://hui.lianjia.com/ershoufang/105121257078.html
品质小高层大平层南北通透安静看园林,"星河丹堤G4区 , 南站新城",5室2厅,172.32平米,南 北,精装,10层 ,,板塔结合,280 万,16249 元,1,,,VR看装修 | 房本满两年,https://hui.lianjia.com/ershoufang/105122209441.html
急售！五月花花园，深圳14号线沙田地铁口物业,"德丰·五月花花园 , 西区新寮",2室2厅,80平米,南,精装,17层 ,,塔楼,48 万,6000 元,0,,,VR看装修,https://hui.lianjia.com/ershoufang/105118401792.html
大小 区环境好 楼层好 视野宽阔，交通便利,"新华联广场 , 大亚湾中心区",2室2厅,101.39平米,南,毛坯,32层 ,,板塔结合,40 万,3946 元,1,,,VR看装修 | 房本满五年 | 随时看房,https://hui.lianjia.com/ershoufang/105118009167.html
金山湖东部德威朗琴湾，生活配套齐全！,"德威朗琴湾 , 东江新城",3室2厅,103.52平米,南,精装,低楼层(共18层) ,,板塔结合,109.8 万,10607 元,0,,,VR看装修 | 房本满五年 | 随时看房,https://hui.lianjia.com/ershoufang/105122092213.html
房子精装修户型方正全屋木地板满五税费少,"亚迪二村二区 , 澳头",4室2厅,131.56平米,东南,精装,32层 ,,板塔结合,60 万,4561 元,0,,13天以前发布,VR房源 | 房本满五年 | 随时看房,https://hui.lianjia.com/ershoufang/105122422514.html
海棠花郡精装3房2厅 位置好 首付低,"海棠花郡 , 水口",3室2厅,96.19平米,南,精装,17层 ,,板塔结合,76 万,7902 元,0,,,VR看装修 | 房本满五年,https://hui.lianjia.com/ershoufang/105119369148.html
澳头，精装修，2房2厅，业主诚心卖,"渝景湾花园四期 , 澳头",2室2厅,66平米,南,简装,低楼层(共26层) ,,板塔结合,21 万,3182 元,1,,,VR看装修 | 随时看房,https://hui.lianjia.com/ershoufang/105121945585.html
壹城6期次新小区，142平五房南北通双阳台，中间好楼层,"壹城中心6区 , 陈江",5室2厅,142.41平米,南 北,毛坯,中楼层(共32层) ,,塔楼,116 万,8146 元,1,,,VR看装修 | 房本满两年 | 随时看房,https://hui.lianjia.com/ershoufang/105116778934.html
临深一线，视野宽阔，交通方便，业主急卖,"锦地繁花 , 西区新寮",3室2厅,92.19平米,南,简装,25层 ,,板塔结合,58 万,6292 元,0,,,VR看装修 | 房本满五年 | 随时看房,https://hui.lianjia.com/ershoufang/105120146599.html
麦迪新村一房一厅急售，楼层低，首付低。,"麦迪新村 , 麦地",1室1厅,29.67平米,东南,简装,10层 ,,塔楼,19.2 万,6472 元,0,,,VR房源 | 房本满五年 | 随时看房,https://hui.lianjia.com/ershoufang/105119676098.html
一线河景 园林泳池景观好楼层采光充足,"保利阳光城四期 , 白云新城",4室2厅,132.39平米,东南,毛坯,32层 ,,板塔结合,103 万,7781 元,0,,,VR看装修 | 房本满两年 | 随时看房,https://hui.lianjia.com/ershoufang/105115516696.html
红本在手，采光通风好，视野开阔，配套齐全,"银海花园 , 澳头",3室2厅,69平米,东南 南,简装,8层 ,,板塔结合,20 万,2899 元,4,,,VR看装修 | 房本满五年 | 随时看房,https://hui.lianjia.com/ershoufang/105112049064.html
精装修。标准三房。拎包入住，全新。,"惠阳雅居乐花园四期 , 南站新城",3室2厅,86平米,南 北,精装,32层 ,,板塔结合,47.5 万,5524 元,0,,,VR看装修 | 随时看房,https://hui.lianjia.com/ershoufang/105120183024.html
龙光城北十一期 4室2厅 南,"龙光城北十一期 , 龙光城",4室2厅,89.88平米,南,,33层 ,,板塔结合,78 万,8679 元,1,,,VR看装修 | 房本满五年 | 随时看房,https://hui.lianjia.com/ershoufang/105122121935.html
帝景湾花园中间 精装三房两厅 高楼层 户型方正,"合生帝景湾 , 江北",3室1厅,141.14平米,南,精装,高楼层(共18层) ,,板楼,160 万,11337 元,2,,,VR看装修 | 随时看房,https://hui.lianjia.com/ershoufang/105119939634.html
帝景湾三期 一线江景大平层  业主诚意出售,"帝景湾三期 , 江北",5室2厅,371.46平米,南 北,精装,低楼层(共29层) ,,板楼,482 万,12976 元,5,,,VR房源 | 随时看房,https://hui.lianjia.com/ershoufang/105113783904.html
金山新城  南北通透 楼层好 视野好 精装修,"美丽洲 , 马安",4室2厅,113.78平米,南 北,精装,中楼层(共32层) ,,塔楼,105 万,9229 元,1,,,VR看装修 | 房本满两年,https://hui.lianjia.com/ershoufang/105120347646.html
汇珑湾中高楼层 南北通，坐享园林中庭，远观江景。,"富辰汇珑湾 , 河南岸",4室2厅,149.86平米,南 北,,高楼层(共31层) ,,板楼,296 万,19752 元,0,,,VR看装修 | 房本满两年 | 随时看房,https://hui.lianjia.com/ershoufang/105120776230.html
满五不唯一，红本在手，精装修拎包入住，业主诚心出售,"三远大爱城 , 吾悦广场",3室2厅,89平米,南 北,精装,32层 ,,板塔结合,52 万,5843 元,232,,,VR看装修 | 房本满五年,https://hui.lianjia.com/ershoufang/105103748134.html
成熟大社区 交通便利 南北通风 户型采光好 看花园,"万城 , 白云新城",3室1厅,94.4平米,南 北,精装,24层 ,,板塔结合,65 万,6886 元,0,,28天以前发布,VR房源 | 房本满五年,https://hui.lianjia.com/ershoufang/105122284429.html
万燊花园 精装修 楼层好 视野亮 南北通,"万燊花苑 , 惠环",4室2厅,108.26平米,南 北,精装,低楼层(共31层) ,,板塔结合,69.8 万,6448 元,0,,,VR看装修 | 房本满五年,https://hui.lianjia.com/ershoufang/105120563350.html
此房在花园中间，安静舒适。高层看江，视野开阔,"海伦堡海伦湾 , 东平",3室2厅,103平米,南,毛坯,33层 ,,板塔结合,87 万,8447 元,1,,,VR看装修 | 随时看房,https://hui.lianjia.com/ershoufang/105118618126.html
金山湖花园2区精装3房拎包入住 业主自住房保养很好,"金山湖花园二区 , 河南岸",3室2厅,118.35平米,东南,精装,低楼层(共21层) ,,塔楼,112 万,9464 元,1,,,VR看装修 | 房本满五年,https://hui.lianjia.com/ershoufang/105121234109.html
"打造优质生活品质城市,天然氧吧社区","缤纷TOWN一期 , 比亚迪商圈",2室1厅,69.06平米,南,毛坯,29层 ,,板塔结合,30 万,4345 元,0,,,VR房源 | 房本满五年 | 随时看房,https://hui.lianjia.com/ershoufang/105122036168.html
德威江誉城1期 4室1厅 南,"德威江誉城1期 , 马安",4室1厅,111平米,南,毛坯,低楼层(共32层) ,,板塔结合,115 万,10361 元,0,,27天以前发布,VR房源 | 随时看房,https://hui.lianjia.com/ershoufang/105122293190.html
美因河畔花园 好楼层 景观好 生活方便,"美茵河畔花园 , 龙光城",4室2厅,121.58平米,南,精装,32层 ,,板塔结合,98 万,8061 元,0,,,VR看装修 | 房本满五年,https://hui.lianjia.com/ershoufang/105122137905.html
房子户型方正，采光好。。。。。。。,"格林童话世界四期 , 潼侨沥林",2室2厅,74.76平米,南,毛坯,高楼层(共18层) ,,板塔结合,36 万,4816 元,8,,,VR看装修 | 房本满五年 | 随时看房,https://hui.lianjia.com/ershoufang/105106118825.html
菱湖花园，小区安静，楼下即是丽日广场，生活便利。,"菱湖花园 , 下角",3室2厅,80.63平米,南,简装,低楼层(共9层) ,,板塔结合,35 万,4341 元,1,,,VR看装修 | 房本满五年 | 随时看房,https://hui.lianjia.com/ershoufang/105121463415.html
户型方正 视野 开阔 离公园近,"东江豪门 , 博罗中心区",5室2厅,231平米,南 北,精装,低楼层(共27层) ,,板塔结合,180 万,7793 元,0,,,VR看装修,https://hui.lianjia.com/ershoufang/105119181712.html
一线临深花园，朝南看花园，河景,"曦悦湾畔花园 , 西区新寮",3室2厅,86.04平米,南,精装,33层 ,,板塔结合,68 万,7904 元,0,,,VR看装修 | 房本满两年 | 随时看房,https://hui.lianjia.com/ershoufang/105116369851.html
临深大社区三房两卫，楼层通风采光佳视野开阔，价格笋,"卓越东部蔚蓝海岸三期 , 西区新寮",3室2厅,103.67平米,东南,毛坯,33层 ,,板塔结合,69 万,6656 元,0,,31天以前发布,VR看装修 | 房本满五年 | 随时看房,https://hui.lianjia.com/ershoufang/105122246848.html
德威江誉城Ⅱ期 4室2厅 南,"德威江誉城Ⅱ期 , 马安",4室2厅,113.26平米,南,毛坯,中楼层(共32层) ,,塔楼,96.8 万,8547 元,0,,,VR看装修 | 房本满两年 | 随时看房,https://hui.lianjia.com/ershoufang/105120732010.html
沃尔玛 港惠新天地北区  租客稳定保养好 产权清晰急售,"港惠新天地北区 , 河南岸",2室2厅,74.36平米,南,精装,低楼层(共28层) ,,塔楼,53 万,7128 元,3,,,VR看装修 | 房本满五年,https://hui.lianjia.com/ershoufang/105120711682.html
花园中间，朝南三房，精装修保养小区天花板,"新世界长湖苑一期 , 东平",3室2厅,91.49平米,南,精装,中楼层(共9层) ,,板塔结合,48.7 万,5323 元,1,,,VR房源,https://hui.lianjia.com/ershoufang/105121957064.html
不仅打5折，还S装修，不仅 s装修还S全屋家私，地段好,"龙宸梧桐郡府 , 陈江",1室1厅,43.28平米,南,精装,28层 ,,塔楼,17.5 万,4044 元,4,,,VR看装修 | 随时看房,https://hui.lianjia.com/ershoufang/105118808885.html
临深三房 ， 业主诚心出售户型方正采光好,"秋谷康城 , 龙光城",3室2厅,97.65平米,南,毛坯,21层 ,,板塔结合,50 万,5121 元,2,,,VR看装修 | 房本满五年 | 随时看房,https://hui.lianjia.com/ershoufang/105121684932.html
美泰天韵绿化社区精装三房 中间楼层透风效果好,"美泰天韵 , 万达",3室2厅,95平米,南,精装,30层 ,,板塔结合,63 万,6632 元,2,,,VR看装修 | 房本满五年 | 随时看房,https://hui.lianjia.com/ershoufang/105118166846.html
富盈公馆一期精装修3房，中间楼层，视野好,"富盈公馆一期 , 马安",3室2厅,91.37平米,南,精装,20层 ,,塔楼,70 万,7662 元,0,,,VR看装修 | 房本满五年 | 随时看房,https://hui.lianjia.com/ershoufang/105118964369.html
德佑透明收佣，不做包单，阳台正南朝向，看花园小区,"海伦堡西子湾 , 下角",3室2厅,106.74平米,南,毛坯,低楼层(共31层) ,,板塔结合,75 万,7027 元,0,,,VR看装修 | 随时看房,https://hui.lianjia.com/ershoufang/105119836033.html
横厅大四房，交通便利，配套齐全。,"龙光城北八期 , 龙光城",4室2厅,118.02平米,南 北,精装,17层 ,,板塔结合,117.1 万,9923 元,3,,,VR看装修 | 房本满五年 | 随时看房,https://hui.lianjia.com/ershoufang/105119859293.html
德威花园小区，红本在手，业主急售，大三房，户型方正,"德威花园城 , 秋长",3室2厅,100.43平米,南,毛坯,中楼层(共32层) ,,板楼,41.4 万,4123 元,1,,,VR房源 | 房本满五年 | 随时看房,https://hui.lianjia.com/ershoufang/105120838545.html
龙光城大三房 业主诚心卖 视野开阔 采光好,"龙光城北三期 , 龙光城",3室2厅,81.57平米,东南 南,精装,低楼层(共34层) ,,板塔结合,67 万,8214 元,27,,,VR看装修 | 房本满五年 | 随时看房,https://hui.lianjia.com/ershoufang/105109093947.html
横厅4房  业主诚心出售  有钥匙随时可以看房,"龙光城南四期 , 龙光城",4室2厅,108.72平米,东北,毛坯,34层 ,,塔楼,88 万,8095 元,0,,13天以前发布,VR房源 | 房本满五年 | 随时看房,https://hui.lianjia.com/ershoufang/105122420303.html
房子格局 楼层好 视野开阔 采光充足,"碧桂园云创家园 , 潼侨沥林",2室1厅,42.64平米,东南,,20层 ,,板塔结合,22.6 万,5301 元,0,,17天以前发布,VR房源 | 房本满五年 | 随时看房,https://hui.lianjia.com/ershoufang/105122387121.html
"小区环境优美,绿化覆盖率高通透性好，适宜居住","玖龙台 , 潼侨沥林",3室2厅,88.75平米,南,,32层 ,,板塔结合,44 万,4958 元,0,,,VR看装修 | 房本满两年 | 随时看房,https://hui.lianjia.com/ershoufang/105121976855.html
德润天峰中间楼层朝正南小三房诚意售出,"德润天峰 , 潼侨沥林",3室2厅,79.89平米,南,毛坯,18层 ,,板塔结合,38 万,4757 元,0,,,VR看装修 | 随时看房,https://hui.lianjia.com/ershoufang/105121373911.html
急售 灿邦商圈 南北通4房2卫3阳台 中高楼层 视野好,"十月花花园 , 大亚湾中心区",4室2厅,131.08平米,南 北,简装,33层 ,,板楼,88 万,6714 元,0,,,VR看装修 | 房本满五年 | 随时看房,https://hui.lianjia.com/ershoufang/105114199813.html
位置好，采光充足，业主诚意急卖，方便看房,"星河丹堤G4区 , 南站新城",5室2厅,172.32平米,南 北,毛坯,10层 ,,板塔结合,240 万,13928 元,1,,,VR看装修 | 房本满两年 | 随时看房,https://hui.lianjia.com/ershoufang/105120272939.html
三和经济开发区，新力龙湾，全屋定制家私家电,"新力珑湾 , 三和经济开发区",3室2厅,89.72平米,南,,中楼层(共31层) ,,塔楼,50 万,5573 元,0,,6天以前发布,VR房源 | 随时看房,https://hui.lianjia.com/ershoufang/105122504741.html
中信水岸城四期玫瑰湾央企大社区,"中信水岸城四期 , 东江新城",3室2厅,112平米,南,精装,中楼层(共30层) ,,板楼,106.8 万,9536 元,0,,,VR房源,https://hui.lianjia.com/ershoufang/105121098663.html
天御二期业主诚心出售，刚需户型，明厨明卫业主诚心卖,"中洲天御二期 , 河南岸",3室2厅,93平米,南,毛坯,低楼层(共33层) ,,板塔结合,78 万,8388 元,1,,,VR房源 | 随时看房,https://hui.lianjia.com/ershoufang/105121800011.html
陈江轻轨口天益城沃尔玛商圈 隆生仲恺花园3房价格实惠,"隆生仲恺花园 , 陈江",3室2厅,112.25平米,东南,毛坯,32层 ,,塔楼,70 万,6237 元,0,,,VR看装修 | 随时看房,https://hui.lianjia.com/ershoufang/105121224808.html
富川瑞园，楼层高采光好，近仲恺大道配套齐全,"富川瑞园 , 惠环",3室2厅,82.42平米,南,毛坯,高楼层(共32层) ,,板塔结合,29 万,3519 元,1,,,VR看装修 | 房本满五年 | 随时看房,https://hui.lianjia.com/ershoufang/105121043226.html
急 急 急 精装朝南四房 已补地价,"惠泽南苑 , 河南岸",4室2厅,130.61平米,南,精装,中楼层(共17层) ,,塔楼,75 万,5743 元,1,,,VR看装修 | 房本满五年 | 随时看房,https://hui.lianjia.com/ershoufang/105119111985.html
房子满五不唯一，格局通透 精装修 4房,"南泽裕园 , 下角",4室2厅,125.93平米,西南,精装,中楼层(共21层) ,,板塔结合,108 万,8577 元,0,,,VR看装修 | 房本满五年,https://hui.lianjia.com/ershoufang/105121835448.html
93平南北通3房   视野开阔  中层看一线江景,"金悦华府 , 东江新城",3室2厅,93平米,南,毛坯,中楼层(共32层) ,,塔楼,86 万,9248 元,0,,,VR看装修 | 随时看房,https://hui.lianjia.com/ershoufang/105117026753.html
壹城14期旁边96平3+1房中间楼层 配套完善,"光耀荷兰小城 , 陈江",4室2厅,96.31平米,东南,,30层 ,,板楼,50 万,5192 元,0,,,VR看装修 | 房本满两年 | 随时看房,https://hui.lianjia.com/ershoufang/105120954520.html
隆生大社区 精装修四房 业主急卖,"隆生仲恺花园 , 陈江",4室1厅,122.29平米,南 北,精装,32层 ,,塔楼,93 万,7605 元,1,,,VR房源 | 房本满五年,https://hui.lianjia.com/ershoufang/105121124407.html
急售吾悦广场旁海惠花园业主自住房装修保养好家私电全,"海惠花园一区 , 吾悦广场",4室2厅,122.15平米,东南 南,,18层 ,,塔楼,72 万,5895 元,0,,,VR看装修 | 房本满五年,https://hui.lianjia.com/ershoufang/105122003825.html
【贝壳精选好房】一线临深大社区配套完善，近沙田站！,"冠华城桂香园 , 西区新寮",3室1厅,94.43平米,南,毛坯,20层 ,,板塔结合,56.2 万,5952 元,4,,,VR房源 | 房本满五年 | 随时看房,https://hui.lianjia.com/ershoufang/105120074232.html
户型方正，采光视野好，中间位置，配套全。,"恒福上居 , 惠环",2室2厅,66.49平米,东南,精装,高楼层(共29层) ,,塔楼,33 万,4964 元,0,,,VR看装修 | 房本满五年 | 随时看房,https://hui.lianjia.com/ershoufang/105120307201.html
皇龙湾毛坯两房，价格可小刀，中高楼层，业主急售,"皇龙湾 , 博罗石湾",2室1厅,73.07平米,东,,32层 ,,塔楼,36 万,4927 元,1,,,VR看装修 | 房本满两年 | 随时看房,https://hui.lianjia.com/ershoufang/105120053610.html
惠州高铁北站金裕星河丹堤精装三房一卫,"金裕星河丹堤 , 小金口",3室2厅,84.28平米,南,精装,低楼层(共32层) ,,,50 万,5933 元,0,,17天以前发布,VR看装修 | 随时看房,https://hui.lianjia.com/ershoufang/105122385592.html
月供少，户型方正，价格实惠，人车分流,"碧桂园翠湖湾 , 新圩",3室2厅,89.86平米,南,,高楼层(共35层) ,,板塔结合,47.88 万,5329 元,0,,15天以前发布,VR房源 | 房本满五年 | 随时看房,https://hui.lianjia.com/ershoufang/105122409387.html
带车位出售 红本在手 随时可看房 丽日君颐家园,"丽日君颐家园 , 江北",3室2厅,116.56平米,南,毛坯,低楼层(共31层) ,,塔楼,118 万,10124 元,0,,29天以前发布,VR房源 | 房本满五年 | 随时看房,https://hui.lianjia.com/ershoufang/105122273194.html
雅居乐物业 中间楼层 视野开阔 朝南 随时看房,"卓悦华府 , 惠环",3室2厅,85.03平米,南,毛坯,31层 ,,板塔结合,37.9 万,4458 元,0,,19天以前发布,VR房源 | 房本满五年 | 随时看房,https://hui.lianjia.com/ershoufang/105122360314.html
万达商圈大峡谷一期看金龟山业主诚意出售,"御玺山大峡谷一期 , 比亚迪商圈",2室1厅,75平米,南,,32层 ,,板塔结合,32 万,4267 元,0,,,VR看装修 | 随时看房,https://hui.lianjia.com/ershoufang/105121759123.html
水口新力城一期品质次新小区109平毛坯出售视野开阔,"新力城一期 , 水口",3室2厅,108.93平米,南 北,毛坯,高楼层(共33层) ,,板楼,78 万,7161 元,0,,,VR看装修 | 房本满两年 | 随时看房,https://hui.lianjia.com/ershoufang/105121357014.html
新城香悦澜山精装修 业主一天没住过 拎包就可以入住,"新城香悦澜山 , 博罗中心区",3室2厅,96.93平米,东南,精装,中楼层(共33层) ,,塔楼,58.8 万,6067 元,0,,23天以前发布,VR房源 | 随时看房,https://hui.lianjia.com/ershoufang/105122332498.html
新力城二期 高层视野好 可看江景,"新力城二期 , 水口",3室2厅,108.16平米,南,毛坯,高楼层(共31层) ,,板楼,75 万,6935 元,0,,,VR看装修 | 房本满两年 | 随时看房,https://hui.lianjia.com/ershoufang/105121391877.html
单间号出租，金地物业为你的房子保驾护航,"丰谷天玺 , 龙光城",1室1厅,37.57平米,东南,,31层 ,,塔楼,27 万,7187 元,0,,,VR看装修 | 房本满两年 | 随时看房,https://hui.lianjia.com/ershoufang/105113674550.html
楼层好，视野靓，户型方正，业主诚心出售,"星河丹堤F区 , 南站新城",3室2厅,89.64平米,南 北,精装,34层 ,,板塔结合,81 万,9037 元,1,,,VR看装修 | 房本满五年,https://hui.lianjia.com/ershoufang/105117514937.html
带装修次新小区 户型方正实用 新力物业,"胜源香山居 , 大亚湾中心区",5室2厅,107.6平米,南,精装,29层 ,,板塔结合,59 万,5484 元,4,,,VR看装修 | 房本满五年 | 随时看房,https://hui.lianjia.com/ershoufang/105120448989.html
临深好房，精装修，视野开阔，采光通风好,"天域花园 , 白云新城",3室2厅,77.53平米,南,精装,26层 ,,板塔结合,48 万,6192 元,2,,,VR看装修 | 房本满两年 | 随时看房,https://hui.lianjia.com/ershoufang/105112626021.html
房子方正，地段很好，有钥匙随时看房，诚心出售,"江河御龙世家 , 开城大润发",4室2厅,136平米,南,毛坯,中楼层(共19层) ,,板塔结合,99 万,7280 元,0,,,VR看装修 | 房本满五年 | 随时看房,https://hui.lianjia.com/ershoufang/105113351491.html
接地气看绿化，空气好，负离子含量高。,"星河丹堤G区 , 南站新城",5室2厅,124.63平米,南 北,精装,34层 ,,塔楼,145 万,11635 元,0,,,VR看装修 | 房本满两年 | 随时看房,https://hui.lianjia.com/ershoufang/105121696537.html
中区华府三期 2室2厅 北,"中区华府三期 , 区政府",2室2厅,75平米,北,精装,18层 ,,板塔结合,36 万,4800 元,0,,,VR看装修 | 随时看房,https://hui.lianjia.com/ershoufang/105121349899.html
次新小区   大3房 带装修 拎包入住  随时看房,"奥园德明华庭 , 新行政区",3室2厅,109.92平米,南,精装,32层 ,,塔楼,75 万,6824 元,1,,,VR看装修 | 房本满五年 | 随时看房,https://hui.lianjia.com/ershoufang/105118565963.html
东湖花园一区 3室2厅 南,"东湖花园一区 , 东平",3室2厅,99.3平米,南,简装,高楼层(共9层) ,,板塔结合,39 万,3928 元,0,,29天以前发布,VR房源 | 房本满五年 | 随时看房,https://hui.lianjia.com/ershoufang/105122276816.html
东奥苑（精装修)3加1房，看花园，楼层佳，户型实用。,"东奥苑 , 江北",4室2厅,108.41平米,南,精装,31层 ,,塔楼,88 万,8118 元,0,,,VR看装修,https://hui.lianjia.com/ershoufang/105121211305.html
税费低 价格可谈 户型好 小区人车分流,"恒福山语海 , 博罗中心区",3室2厅,106.51平米,北,简装,26层 ,,板塔结合,48 万,4507 元,2,,,VR看装修 | 房本满两年 | 随时看房,https://hui.lianjia.com/ershoufang/105120592544.html
南北通，视野广阔，采光好楼层好，户型方正,"方直星耀国际 , 河南岸",3室2厅,93.77平米,南,毛坯,高楼层(共31层) ,,板塔结合,106 万,11305 元,1,,,VR看装修 | 房本满五年 | 随时看房,https://hui.lianjia.com/ershoufang/105120537619.html
临深 次新小区  急售无欠款  首付低 月租可抵月供,"钻石公馆 , 草洋新区",1室2厅,56.15平米,南,毛坯,26层 ,,板塔结合,29 万,5165 元,0,,12天以前发布,VR房源 | 房本满五年 | 随时看房,https://hui.lianjia.com/ershoufang/105122437719.html
业主有心出售看房有钥匙采光好户型方正,"东江学府五期 , 河南岸",3室2厅,90.86平米,南,毛坯,低楼层(共22层) ,,板塔结合,79 万,8695 元,0,,17天以前发布,VR房源 | 随时看房,https://hui.lianjia.com/ershoufang/105122385783.html
卢浮公馆大户型 顶层复式 南北通透 看鹅城大桥看江景,"卢浮公馆 , 江北",7室1厅,218平米,南 北,毛坯,高楼层(共12层) ,,板塔结合,215.8 万,9900 元,0,,,VR房源,https://hui.lianjia.com/ershoufang/105120515711.html
光耀荷兰小城 3室1厅 北,"光耀荷兰小城 , 陈江",3室1厅,80.19平米,北,精装,33层 ,,板塔结合,46 万,5737 元,0,,,VR看装修 | 房本满五年 | 随时看房,https://hui.lianjia.com/ershoufang/105121084116.html
江北少有大复式，带300平私家露台，精装7房，诚意出售,"江北盛世华府 , 江北",7室2厅,305.1平米,南,精装,高楼层(共13层) ,,板楼,258 万,8457 元,3,,,VR房源 | 房本满五年,https://hui.lianjia.com/ershoufang/105118964969.html
原购价高 费用少 利用率高 生活便利,"华悦柠檬圈子 , 澳头",3室2厅,92.78平米,南,毛坯,高楼层(共17层) ,,板塔结合,32 万,3450 元,1,,,VR看装修 | 房本满两年 | 随时看房,https://hui.lianjia.com/ershoufang/105120973293.html
业主诚心出售，大社区，配套齐全，离万达近,"华冠花园 , 大亚湾中心区",2室1厅,42.76平米,北,简装,26层 ,,板塔结合,24.6 万,5754 元,1,,,VR看装修 | 房本满五年 | 随时看房,https://hui.lianjia.com/ershoufang/105115813128.html
全屋定制，西南看海景，看漂亮夕阳。,"维港湾花园 , 十里银滩",3室2厅,108.24平米,南,精装,中楼层(共34层) ,,,67.8 万,6264 元,1,,,VR看装修 | 随时看房,https://hui.lianjia.com/ershoufang/105121573856.html
新力城118平 好楼层，业主急售价格可谈,"新力城二期 , 水口",3室2厅,117.9平米,南,,高楼层(共32层) ,,板楼,77 万,6531 元,0,,,VR看装修 | 房本满两年 | 随时看房,https://hui.lianjia.com/ershoufang/105121815430.html
富华花园大三房 交通便利 配套成熟,"富华花园 , 博罗中心区",3室2厅,122平米,北 南,简装,高楼层(共7层) ,,板楼,38 万,3115 元,0,,19天以前发布,VR房源 | 房本满五年,https://hui.lianjia.com/ershoufang/105122361034.html
壹城中心二区刚需3房，楼层好，安静舒适,"壹城中心2区 , 陈江",3室2厅,88.96平米,南,毛坯,低楼层(共28层) ,,塔楼,57.8 万,6498 元,2,,,VR看装修 | 房本满五年 | 随时看房,https://hui.lianjia.com/ershoufang/105110493269.html
小区环境简介、适宜人群及设施配套,"未来花园 , 东江新城",3室2厅,91.16平米,南,,低楼层(共26层) ,,塔楼,75 万,8228 元,0,,17天以前发布,VR房源 | 房本满两年 | 随时看房,https://hui.lianjia.com/ershoufang/105122382856.html
星河丹堤 高层7米长阳台  景观视野好南北通户型,"星河丹堤E区 , 南站新城",4室2厅,104.2平米,南 北,毛坯,34层 ,,,89 万,8542 元,4,,,VR看装修 | 房本满五年 | 随时看房,https://hui.lianjia.com/ershoufang/105120894194.html
户型方正，采光佳，布局合理，宽敞明亮，改善型,"光耀荷兰小城 , 陈江",3室2厅,77.17平米,东北,简装,28层 ,,板塔结合,42 万,5443 元,0,,,VR看装修 | 房本满五年 | 随时看房,https://hui.lianjia.com/ershoufang/105117396005.html
诚心出售次新小区 高楼层三房一套,"大亚湾碧桂园城央印象 , 吾悦广场",3室2厅,105.25平米,东南,精装,33层 ,,板塔结合,89 万,8457 元,0,,,VR看装修 | 随时看房,https://hui.lianjia.com/ershoufang/105121191988.html
水悦龙湾头排毛坯5房江景户型实用，有入户茶室,"龙光·水悦龙湾 , 东平",5室2厅,144.74平米,西南,毛坯,高楼层(共29层) ,,板塔结合,175 万,12091 元,0,,,VR看装修 | 房本满五年 | 随时看房,https://hui.lianjia.com/ershoufang/105117454545.html
大亚湾凯旋城北区两房 实用率高,"德丰凯旋城北区 , 大亚湾中心区",2室1厅,42平米,北,精装,26层 ,,塔楼,26 万,6191 元,2,,,VR看装修 | 房本满五年 | 随时看房,https://hui.lianjia.com/ershoufang/105120098151.html
天虹楼上小区 陈江核 心位置 价格可谈,"壹城中心6区 , 陈江",4室2厅,116.24平米,南 北,精装,低楼层(共32层) ,,塔楼,97 万,8345 元,0,,,VR看装修 | 房本满两年 | 随时看房,https://hui.lianjia.com/ershoufang/105117288123.html
满五唯一无欠款 前有广场后有公园 业主诚意出售,"御玺山大峡谷一期 , 比亚迪商圈",2室1厅,77.67平米,东,,32层 ,,板塔结合,34 万,4378 元,0,,16天以前发布,VR房源 | 随时看房,https://hui.lianjia.com/ershoufang/105122388241.html
高档装修，家具好，楼层靓，位置 好,"瑞和园 , 博罗中心区",4室2厅,140平米,北,简装,21层 ,,板楼,66.8 万,4772 元,0,,,VR房源 | 房本满五年 | 随时看房,https://hui.lianjia.com/ershoufang/105120038387.html
诚意出售，高楼层东户南向楼下就是益田带车位,"翡翠山珑悦 , 万达",3室2厅,103平米,南,精装,33层 ,,塔楼,115 万,11166 元,1,,8天以前发布,VR房源 | 房本满五年 | 随时看房,https://hui.lianjia.com/ershoufang/105122482315.html
华泰新村 原装电梯 精装三房 价格美丽,"华泰新邨 , 麦地",3室2厅,94.26平米,南,简装,高楼层(共12层) ,,板塔结合,60 万,6366 元,0,,,VR房源,https://hui.lianjia.com/ershoufang/105121999894.html
旺东国际广场小两房，视野开阔，采光充足,"旺东国际广场 , 开城大润发",2室2厅,67.3平米,西,简装,30层 ,,塔楼,44 万,6538 元,1,,,VR看装修 | 房本满五年 | 随时看房,https://hui.lianjia.com/ershoufang/105113253033.html
近南站，此房近COCO街。视野开阔,"星河丹堤S2区 , 南站新城",3室2厅,77.6平米,西北,毛坯,34层 ,,板塔结合,78 万,10052 元,0,,,VR看装修 | 房本满五年 | 随时看房,https://hui.lianjia.com/ershoufang/105114510082.html
原值高税费少，南向东边户看园林，诚心出售,"卓越东部蔚蓝海岸五期 , 西区新寮",3室2厅,95.79平米,南,简装,33层 ,,塔楼,87 万,9083 元,0,,,VR房源 | 随时看房,https://hui.lianjia.com/ershoufang/105121925244.html
南山公馆南 北向高层视野好 安静 看房有钥匙,"南山公馆 , 麦地",3室2厅,140.81平米,南,毛坯,高楼层(共16层) ,,板塔结合,84 万,5966 元,0,,13天以前发布,VR房源 | 房本满五年 | 随时看房,https://hui.lianjia.com/ershoufang/105122419977.html
华丽大厦 佳兆业商圈 带装修 3房2卫 目前出租2000,"华丽大厦 , 江北",3室1厅,122.59平米,南 西北,简装,30层 ,,板塔结合,73 万,5955 元,0,,,VR房源 | 房本满五年,https://hui.lianjia.com/ershoufang/105121586876.html
高品质大型小区、环境好，深圳与惠州交界处,"牧云溪谷五期云锦 , 新圩",2室2厅,79平米,东南,简装,32层 ,,板塔结合,91 万,11519 元,0,,,VR看装修 | 随时看房,https://hui.lianjia.com/ershoufang/105120870917.html
一楼带院子，看房有钥匙，西湖边上 3房格局，,"六角巷 , 下埔",3室1厅,73.09平米,南,简装,低楼层(共5层) ,,,29 万,3968 元,1,,,VR看装修 | 房本满五年 | 随时看房,https://hui.lianjia.com/ershoufang/105121658653.html
铂钻花园花园中间位置，性价格高，看花园,"铂钻花园 , 东江新城",3室2厅,96平米,南,毛坯,低楼层(共27层) ,,塔楼,75 万,7813 元,0,,,VR看装修 | 房本满两年 | 随时看房,https://hui.lianjia.com/ershoufang/105120678955.html
业主诚心出售 朝南看花园 腰斩价急售,"恒大依山海湾 , 澳头",3室2厅,99.72平米,南,毛坯,低楼层(共32层) ,,板塔结合,45 万,4513 元,0,,,VR看装修 | 房本满五年 | 随时看房,https://hui.lianjia.com/ershoufang/105119399905.html
满五唯一 红本在手 配套成熟，业主诚意出售,"左岸春天二期 , 开城大润发",2室1厅,54.19平米,东南 南,简装,15层 ,,,21.2 万,3913 元,10,,,VR看装修,https://hui.lianjia.com/ershoufang/105118186911.html
鑫月广场 3+1房 诚意出售 有钥匙 看房方便,"鑫月广场 , 陈江",4室2厅,108平米,南 北,精装,低楼层(共33层) ,,塔楼,68 万,6297 元,0,,12天以前发布,VR房源 | 随时看房,https://hui.lianjia.com/ershoufang/105122435096.html
天益城旁  精装3房   业主诚意出售    好楼层,"东日锦鸿名苑 , 陈江",3室2厅,107.43平米,东南,,低楼层(共28层) ,,板塔结合,55 万,5120 元,0,,,VR看装修 | 房本满两年,https://hui.lianjia.com/ershoufang/105121167648.html
60栋大社区 惠阳汽车站旁 交通方便房子精装修 朝南向,"花样年别样城二期 , 新行政区",1室1厅,41.48平米,东南 南,,32层 ,,塔楼,20 万,4822 元,1,,,VR看装修 | 房本满两年 | 随时看房,https://hui.lianjia.com/ershoufang/105121616065.html
深业喜悦城 楼尊单元 四房两厅两卫楼间距视野好,"深业喜悦城 , 惠环",4室2厅,128.48平米,南,毛坯,低楼层(共33层) ,,板塔结合,75.8 万,5900 元,2,,,VR看装修 | 房本满五年 | 随时看房,https://hui.lianjia.com/ershoufang/105113461831.html
临深大社区复式2层大露台和下沉式花园看河景,"九洲玉带湾 , 白云新城",6室2厅,83.36平米,南,精装,33层 ,,板塔结合,168 万,20154 元,17,,,VR房源 | 房本满五年 | 随时看房,https://hui.lianjia.com/ershoufang/105107880697.html
三房两位满五唯一，产证在手，无欠款,"龙光·水悦龙湾 , 东平",3室2厅,97平米,南,,低楼层(共29层) ,,板塔结合,95 万,9794 元,1,,,VR看装修 | 房本满五年 | 随时看房,https://hui.lianjia.com/ershoufang/105121325035.html
品质小区   中高楼层   房子方正  采光好,"欣乐道华府 , 马安",3室1厅,88.95平米,南,毛坯,中楼层(共33层) ,,塔楼,57 万,6409 元,0,,,VR房源 | 房本满五年 | 随时看房,https://hui.lianjia.com/ershoufang/105116919665.html
地段好 临街 价格低 业主诚心卖，出行便利， 购物方便,"港湾新村 , 澳头",3室1厅,97.73平米,东南,简装,9层 ,,,17.2 万,1760 元,1,,,VR看装修 | 房本满五年 | 随时看房,https://hui.lianjia.com/ershoufang/105122170067.html
户型方正 采光好，楼层视野好，税费少,"金地天润自在城一期 , 西区新寮",4室2厅,109.29平米,东 南,简装,33层 ,,板塔结合,76.5 万,7000 元,1,,,VR看装修 | 随时看房,https://hui.lianjia.com/ershoufang/105121330937.html
户型方正实用，采光好，税费低，适合居住。,"都市广场 , 区政府",1室1厅,46.99平米,西南,简装,19层 ,,板塔结合,15 万,3193 元,8,,,VR看装修 | 随时看房,https://hui.lianjia.com/ershoufang/105120300102.html
房子是2018年新建 区域小户型 适合老人居住,"来富大楼 , 下角",1室1厅,27.81平米,东南,毛坯,16层 ,,板楼,17.5 万,6293 元,0,,,VR房源 | 房本满五年 | 随时看房,https://hui.lianjia.com/ershoufang/105121538905.html
低楼层，看花园，户型方正，南北通,"德威江誉城Ⅱ期 , 马安",4室2厅,123.45平米,南,毛坯,低楼层(共32层) ,,塔楼,99.8 万,8085 元,0,,,VR看装修 | 随时看房,https://hui.lianjia.com/ershoufang/105120088147.html
业主急售 不朝高铁 精装修三房 价格优惠,"长通熙园 , 开城大润发",3室2厅,96.26平米,南,精装,33层 ,,塔楼,93 万,9662 元,1,,,VR看装修 | 房本满两年 | 随时看房,https://hui.lianjia.com/ershoufang/105121213506.html
户型方正，视野采光好，业主急售！,"合生滨海城 , 澳头",4室2厅,160.87平米,南 北,毛坯,32层 ,,板塔结合,95 万,5906 元,2,,,VR看装修 | 房本满五年 | 随时看房,https://hui.lianjia.com/ershoufang/105119415110.html
隆生三期大3房，中高好楼层，业主诚心卖无欠款,"隆生仲恺花园3区 , 陈江",3室2厅,110.47平米,南,,中楼层(共33层) ,,塔楼,68 万,6156 元,0,,,VR看装修 | 随时看房,https://hui.lianjia.com/ershoufang/105121576042.html
全新装修房子由我专属对接业主，不买贵，看房谈价联系,"翡翠时光 , 下角",1室1厅,43.46平米,西,精装,低楼层(共9层) ,,板塔结合,23 万,5293 元,0,,,VR看装修 | 随时看房,https://hui.lianjia.com/ershoufang/105122025433.html
业主诚心出售，红本在手， 简装，看房方便.,"又一村花园十期 , 白云新城",2室2厅,72.98平米,东南,简装,高楼层(共6层) ,,板楼,13 万,1782 元,10,,,VR看装修 | 房本满五年,https://hui.lianjia.com/ershoufang/105121996102.html
临深地铁口，房子户型房子，出租居家都适合,"枫叶雅堤 , 白云新城",2室1厅,73平米,南 北,毛坯,11层 ,,板塔结合,25 万,3425 元,1,,,VR房源 | 随时看房,https://hui.lianjia.com/ershoufang/105121961087.html
华廷悦府高品质次新小区，刚需三房两卫朝南户型,"华廷悦府 , 陈江",3室2厅,97.86平米,南,毛坯,低楼层(共31层) ,,板塔结合,67 万,6847 元,0,,,VR看装修 | 随时看房,https://hui.lianjia.com/ershoufang/105119446485.html
运恒嘉园精装3房出售，满五唯一,"运恒嘉园 , 江北",3室2厅,96.93平米,南,精装,中楼层(共9层) ,,板楼,60 万,6191 元,1,,,VR看装修 | 房本满五年,https://hui.lianjia.com/ershoufang/105121185600.html
龙湖春江天境花园 86.65平米 3房2厅1卫 带装修,"春江天境花园 , 东江高新区",3室2厅,86.65平米,东南,精装,高楼层(共33层) ,,板楼,49.8 万,5748 元,0,,,VR看装修 | 房本满两年 | 随时看房,https://hui.lianjia.com/ershoufang/105121804442.html
"德佑透明收佣，不做包单，红军楼，看西湖,大露台","红军楼 , 下角",1室2厅,68.67平米,南,简装,8层 ,,板楼,34.5 万,5025 元,6,,,VR房源 | 房本满五年,https://hui.lianjia.com/ershoufang/105117057280.html
顶楼采光好视野好，诚心出售，欢迎看房,"太东明月湾 , 澳头",2室2厅,83.63平米,西南,,28层 ,,板塔结合,37.5 万,4485 元,1,,,VR看装修 | 房本满五年 | 随时看房,https://hui.lianjia.com/ershoufang/105120922643.html
高楼层 户型通透，空气流通，视野广阔，满五,"双城国际南区 , 江北",3室1厅,113.22平米,南,毛坯,中楼层(共26层) ,,板塔结合,106 万,9363 元,0,,,VR房源 | 房本满五年 | 随时看房,https://hui.lianjia.com/ershoufang/105122097906.html
看湖景南北通大4房，高层视野无遮挡，月供3K拎包入住,"碧桂园珑誉花园 , 水口",4室2厅,141.72平米,东南,精装,高楼层(共31层) ,,塔楼,103 万,7268 元,0,,,VR看装修 | 房本满五年 | 随时看房,https://hui.lianjia.com/ershoufang/105121426060.html
近华附 装修五房 南北通双阳台 看花园景观 无个税,"星河丹堤G区 , 南站新城",5室2厅,124.61平米,南 北,简装,34层 ,,塔楼,145 万,11637 元,1,,,VR房源 | 房本满五年,https://hui.lianjia.com/ershoufang/105122077963.html
业主诚心出售，红本在手，看房方便，有钥匙,"DADA的草地 , 大亚湾中心区",3室1厅,100.74平米,南,精装,32层 ,,板塔结合,29 万,2879 元,1,,,VR看装修 | 房本满五年 | 随时看房,https://hui.lianjia.com/ershoufang/105122105568.html
金盛丽景标准大三房 中间楼层 全新装修直接拎包入住,"华兴金盛丽景 , 水口",3室2厅,110.91平米,南,精装,高楼层(共17层) ,,板楼,82 万,7394 元,3,,,VR看装修 | 随时看房,https://hui.lianjia.com/ershoufang/105120075347.html
诚心出售次新小区 高楼层三房一套,"大亚湾碧桂园城央印象 , 吾悦广场",3室2厅,105.25平米,东南,精装,33层 ,,板塔结合,89 万,8457 元,0,,,VR看装修 | 随时看房,https://hui.lianjia.com/ershoufang/105121191988.html
原购价高 费用少 利用率高 生活便利,"华悦柠檬圈子 , 澳头",3室2厅,92.78平米,南,毛坯,高楼层(共17层) ,,板塔结合,32 万,3450 元,1,,,VR看装修 | 房本满两年 | 随时看房,https://hui.lianjia.com/ershoufang/105120973293.html
全屋定制，西南看海景，看漂亮夕阳。,"维港湾花园 , 十里银滩",3室2厅,108.24平米,南,精装,中楼层(共34层) ,,,67.8 万,6264 元,1,,,VR看装修 | 随时看房,https://hui.lianjia.com/ershoufang/105121573856.html
房子满五年，产权清晰，业主外地发展打算出售,"冠华城桂香园 , 西区新寮",4室2厅,101.4平米,南 北,毛坯,20层 ,,板塔结合,69 万,6805 元,1,,,VR房源 | 随时看房,https://hui.lianjia.com/ershoufang/105120461189.html
环境好    安静舒适   配套完善,"宝安山水龙城 , 水口",3室2厅,104平米,南,,高楼层(共27层) ,,塔楼,80 万,7693 元,0,,,VR看装修 | 随时看房,https://hui.lianjia.com/ershoufang/105114254389.html
海惠花园二区中间楼层看花园，交通便利，配套齐全,"海惠花园二区 , 吾悦广场",3室2厅,109.64平米,南,精装,18层 ,,塔楼,61 万,5564 元,2,,,VR看装修 | 房本满五年 | 随时看房,https://hui.lianjia.com/ershoufang/105121141102.html
富华花园大三房 交通便利 配套成熟,"富华花园 , 博罗中心区",3室2厅,122平米,北 南,简装,高楼层(共7层) ,,板楼,38 万,3115 元,0,,19天以前发布,VR房源 | 房本满五年,https://hui.lianjia.com/ershoufang/105122361034.html
壹城中心二区刚需3房，楼层好，安静舒适,"壹城中心2区 , 陈江",3室2厅,88.96平米,南,毛坯,低楼层(共28层) ,,塔楼,57.8 万,6498 元,2,,,VR看装修 | 房本满五年 | 随时看房,https://hui.lianjia.com/ershoufang/105110493269.html
水悦龙湾头排毛坯5房江景户型实用，有入户茶室,"龙光·水悦龙湾 , 东平",5室2厅,144.74平米,西南,毛坯,高楼层(共29层) ,,板塔结合,175 万,12091 元,0,,,VR看装修 | 房本满五年 | 随时看房,https://hui.lianjia.com/ershoufang/105117454545.html
天啊 没有看过这么好的房子   快来呀,"东湖花园九区 , 东平",3室1厅,133平米,西,精装,中楼层(共35层) ,,板塔结合,156 万,11730 元,0,,,VR房源 | 随时看房,https://hui.lianjia.com/ershoufang/105119319312.html
"德佑透明收佣，不做包单，红军楼，看西湖,大露台","红军楼 , 下角",1室2厅,68.67平米,南,简装,8层 ,,板楼,34.5 万,5025 元,6,,,VR房源 | 房本满五年,https://hui.lianjia.com/ershoufang/105117057280.html
惠阳高铁站，中信新城，89平4房。,"中信新城 , 南站新城",4室2厅,89.14平米,东南,精装,34层 ,,板塔结合,56 万,6283 元,0,,,VR看装修 | 房本满五年,https://hui.lianjia.com/ershoufang/105120702187.html
华侨城 喜洲 双阳台 大社区 中芯  江景房,"喜洲一期 , 惠东县城",4室2厅,136平米,西南,毛坯,17层 ,,板塔结合,95 万,6986 元,0,,,VR看装修 | 房本满两年 | 随时看房,https://hui.lianjia.com/ershoufang/105120161893.html
高楼层，视野开阔采光好，诚心出售.,"汇显城市公园 , 汝湖",3室2厅,85.49平米,南,毛坯,27层 ,,板楼,55 万,6434 元,0,,,VR看装修 | 房本满两年 | 随时看房,https://hui.lianjia.com/ershoufang/105122095304.html
次新小区 碧桂园揽月居 精装4房2卫 南北通户型,"碧桂园揽月居 , 水口",4室2厅,115.05平米,南,精装,低楼层(共25层) ,,板塔结合,72 万,6259 元,0,,,VR看装修 | 随时看房,https://hui.lianjia.com/ershoufang/105121111768.html
富盈公馆，精装修2房，业主保养的很好,"富盈公馆一期 , 马安",2室1厅,66.56平米,南,精装,20层 ,,板楼,54.8 万,8234 元,0,,,VR看装修 | 房本满五年,https://hui.lianjia.com/ershoufang/105121709352.html
精装修，三房两卫，中间楼层，户型方正，保养好,"金宝创业家园 , 惠环",3室2厅,106.95平米,北,精装,中楼层(共8层) ,,板楼,36.8 万,3441 元,1,,22天以前发布,VR看装修 | 房本满五年 | 随时看房,https://hui.lianjia.com/ershoufang/105122335193.html
环境优美，配套齐全，适合居住    百万别墅大盘,"半岛1号五期 , 白云新城",3室2厅,106.91平米,南,毛坯,24层 ,,板塔结合,75 万,7016 元,0,,,VR看装修 | 房本满五年 | 随时看房,https://hui.lianjia.com/ershoufang/105120204579.html
梵高的海 46平一室 单边位 明窗 居住舒适,"小径海岸城花园 , 霞涌",1室1厅,47.95平米,西南,简装,30层 ,,板楼,19.8 万,4130 元,1,,,VR房源 | 房本满两年 | 随时看房,https://hui.lianjia.com/ershoufang/105120789474.html
东江学府一期，大4房南北通，花园中间安静不吵,"东江学府一期 , 河南岸",4室2厅,159平米,南,精装,中楼层(共6层) ,,板楼,99 万,6227 元,0,,,VR房源 | 随时看房,https://hui.lianjia.com/ershoufang/105122118536.html
全新装修南北通透双阳台，满五唯一，户型方正视野宽阔,"康城四季棕榈园 , 惠环",3室2厅,84.47平米,南 北,精装,18层 ,,塔楼,55 万,6512 元,0,,,VR看装修 | 房本满五年,https://hui.lianjia.com/ershoufang/105122004580.html
百万大盘万达益田城市综合体精装三房价格可谈,"翡翠山城君御 , 万达",3室2厅,104.61平米,南,精装,34层 ,,板塔结合,87 万,8317 元,0,,,VR看装修 | 房本满五年 | 随时看房,https://hui.lianjia.com/ershoufang/105116448118.html
新力城的房子户型好，光线好，住家很舒服。,"新力城三期 , 水口",3室2厅,89.77平米,东南 南,,中楼层(共32层) ,,板楼,60 万,6684 元,1,,,VR看装修 | 随时看房,https://hui.lianjia.com/ershoufang/105119084073.html
近华附 装修五房 南北通双阳台 看花园景观 无个税,"星河丹堤G区 , 南站新城",5室2厅,124.61平米,南 北,简装,34层 ,,塔楼,145 万,11637 元,1,,,VR房源 | 房本满五年,https://hui.lianjia.com/ershoufang/105122077963.html
次新小区，标准两房 户型方正 中间楼层视野好无遮挡,"奥园开城首府 , 开城大润发",3室2厅,108.8平米,南,,29层 ,,板塔结合,75 万,6894 元,0,,,VR看装修 | 随时看房,https://hui.lianjia.com/ershoufang/105118232851.html
天宸原著原木风格，业主自装花了心思,"龙湖天宸原著花园 , 河南岸",3室2厅,94.99平米,南,精装,中楼层(共33层) ,,塔楼,148 万,15581 元,0,,,VR看装修 | 随时看房,https://hui.lianjia.com/ershoufang/105121783443.html
万丽苑精装3房采光好使用率高.,"万丽苑 , 水口",3室2厅,99.31平米,南,精装,中楼层(共21层) ,,板塔结合,70 万,7049 元,0,,29天以前发布,VR看装修 | 房本满两年,https://hui.lianjia.com/ershoufang/105122276281.html
万达吾悦益田商场为邻  南 北 通 透  视野好,"金汇上元 , 万达",4室2厅,111.3平米,南 北,毛坯,26层 ,,塔楼,62 万,5571 元,2,,,VR房源 | 随时看房,https://hui.lianjia.com/ershoufang/105116895935.html
临深 壹方水榭 低密度大社区，看河景视野好，,"壹方水榭 , 白云新城",4室2厅,119平米,北,简装,中楼层(共31层) ,,板塔结合,82 万,6891 元,1,,30天以前发布,VR看装修 | 房本满两年 | 随时看房,https://hui.lianjia.com/ershoufang/105122266780.html
碧桂园盛汇3房   生活配套 交通便利 装修好,"碧桂园盛汇 , 龙丰",3室2厅,96.06平米,东南,精装,高楼层(共33层) ,,塔楼,73.8 万,7683 元,0,,,VR看装修 | 房本满五年 | 随时看房,https://hui.lianjia.com/ershoufang/105118226515.html
次新小区红本在手万科物业业主诚心出售,"晶地里程花园 , 西区新寮",4室2厅,113.58平米,南,简装,33层 ,,塔楼,71 万,6252 元,2,,,VR看装修,https://hui.lianjia.com/ershoufang/105121936844.html
五一新天地旁 荷兰小城南北户型四房业主诚心出售,"光耀荷兰小城 , 陈江",4室2厅,96.39平米,南 北,毛坯,30层 ,,板楼,46 万,4773 元,0,,,VR看装修 | 房本满两年 | 随时看房,https://hui.lianjia.com/ershoufang/105120949452.html
江湾一品 4室2厅 东北,"江湾一品 , 下角",4室2厅,174.89平米,东北,毛坯,高楼层(共30层) ,,板塔结合,168 万,9607 元,0,,24天以前发布,VR看装修 | 房本满五年 | 随时看房,https://hui.lianjia.com/ershoufang/105122321272.html
富康锦绣壹号三期 朝南三房 东边户 视野好 诚心出售,"富康锦绣壹号三期 , 西区新寮",3室2厅,85.24平米,南,精装,32层 ,,塔楼,96 万,11263 元,0,,8天以前发布,VR房源 | 房本满五年 | 随时看房,https://hui.lianjia.com/ershoufang/105122483423.html
吾悦广场旁业主自住，诚心卖，南北通，看花园!,"碧桂园太东公园上城 , 吾悦广场",3室2厅,109.35平米,南 北,精装,33层 ,,板塔结合,96 万,8780 元,0,,,VR看装修 | 房本满两年,https://hui.lianjia.com/ershoufang/105121101826.html
福晟钱隆樽品花园 3室2厅 南,"福晟钱隆樽品花园 , 陈江",3室2厅,90.2平米,南,简装,33层 ,,塔楼,62 万,6874 元,0,,,VR看装修 | 随时看房,https://hui.lianjia.com/ershoufang/105119282953.html
荣佳国韵 两房 税费少，高档小区，一线临深，配套齐全,"荣佳国韵二期 , 龙光城",2室2厅,74.75平米,东南 南,毛坯,26层 ,,板塔结合,46 万,6154 元,5,,,VR看装修 | 随时看房,https://hui.lianjia.com/ershoufang/105113315861.html
红本在手无欠款，开发商装修，无住过人，户型通透,"龙光城北十二期 , 龙光城",4室1厅,109.36平米,东南,精装,33层 ,,板塔结合,100 万,9145 元,0,,,VR房源 | 房本满五年 | 随时看房,https://hui.lianjia.com/ershoufang/105120668956.html
二月天花园 2室2厅 北,"二月天花园 , 大亚湾中心区",2室2厅,55.7平米,北,精装,33层 ,,塔楼,28 万,5027 元,1,,,VR看装修,https://hui.lianjia.com/ershoufang/105122102643.html
平台介绍，金地物业大亚湾第1住宅业主红本在售,"富康锦绣壹号5期 , 西区新寮",4室2厅,124.7平米,南 北,精装,32层 ,,塔楼,162 万,12992 元,2,,,VR看装修 | 随时看房,https://hui.lianjia.com/ershoufang/105118154375.html
双阳台南北通 北靠亚公顶森林公园 南看园林 和泳池,"星河丹堤C区 , 南站新城",4室2厅,135.42平米,南 北,精装,31层 ,,板塔结合,110 万,8123 元,1,,,VR看装修 | 房本满五年 | 随时看房,https://hui.lianjia.com/ershoufang/105121738871.html
楼层好，采光充足，视野开阔，大型高品质小区,"牧云溪谷二期云尚 , 新圩",3室2厅,86.12平米,东南,简装,33层 ,,塔楼,115 万,13354 元,0,,,VR看装修 | 随时看房,https://hui.lianjia.com/ershoufang/105118996598.html
东湖花园三区 边位 电梯中上层 采光通风好,"东湖花园三号小区 , 东平",3室1厅,109.21平米,北,简装,高楼层(共14层) ,,板楼,73 万,6685 元,0,,,VR房源 | 房本满五年 | 随时看房,https://hui.lianjia.com/ershoufang/105121429297.html
诚意出售东湖花园四区电梯正南 书香门第,"东湖花园四号小区 , 东平",2室1厅,88.44平米,南,精装,7层 ,,板塔结合,55 万,6219 元,1,,,VR房源 | 房本满五年 | 随时看房,https://hui.lianjia.com/ershoufang/105119168182.html
昶园满三年业主红本在手无欠款诚心出售有钥匙看房,"昶园 , 南站新城",4室2厅,141平米,南 北,毛坯,30层 ,,板塔结合,98 万,6951 元,0,,,VR看装修 | 随时看房,https://hui.lianjia.com/ershoufang/105117872347.html
水口上观国际，中间楼层，南北对流，视野好，大社区。,"合生·上观国际 , 水口",4室2厅,144.58平米,南 北,,低楼层(共29层) ,,塔楼,129 万,8923 元,0,,,VR看装修 | 随时看房,https://hui.lianjia.com/ershoufang/105119389843.html
陈江CBD双阳台4房装修全新南北通透诚心出售价格可谈,"华廷悦府 , 陈江",4室2厅,118.7平米,南 北,精装,低楼层(共31层) ,,塔楼,105 万,8846 元,0,,,VR看装修 | 房本满两年 | 随时看房,https://hui.lianjia.com/ershoufang/105115931979.html
沃尔玛旁红本在手 精装修单间 拎包入住电梯房交通便利,"当代上品湾花园 , 澳头",1室0厅,30.82平米,西,,37层 ,,板塔结合,11 万,3570 元,8,,,VR看装修 | 房本满五年,https://hui.lianjia.com/ershoufang/105120930443.html
京华中央御园 4室2厅 南,"京华中央御园 , 比亚迪商圈",4室2厅,87.61平米,南,简装,26层 ,,板塔结合,55 万,6278 元,0,,10天以前发布,VR房源 | 房本满五年 | 随时看房,https://hui.lianjia.com/ershoufang/105122465136.html
高铁站物业，花园小区，楼层靓宽，阔合格，景三房。,"玖龙台 , 潼侨沥林",3室1厅,85.53平米,南,,低楼层(共31层) ,,,39 万,4560 元,0,,26天以前发布,VR看装修 | 随时看房,https://hui.lianjia.com/ershoufang/105122302144.html
江北片区 双城国际北区 简单装修三房 看房方便有钥匙,"双城国际北区 , 江北",3室2厅,121.91平米,南,简装,中楼层(共16层) ,,塔楼,95 万,7793 元,1,,,VR房源 | 随时看房,https://hui.lianjia.com/ershoufang/105113810365.html
双城国际北区，业主说砍价就卖，花园小区，实用大三房,"双城国际北区 , 江北",4室2厅,112.49平米,北,,低楼层(共16层) ,,塔楼,78 万,6934 元,2,,,VR房源 | 房本满五年 | 随时看房,https://hui.lianjia.com/ershoufang/105112698002.html
德威花园二期 四房二厅二卫 南北通 中间楼层 看花园,"德威花园城二期 , 秋长",4室2厅,117.14平米,南 北,毛坯,中楼层(共31层) ,,塔楼,63.8 万,5447 元,0,,12天以前发布,VR房源 | 随时看房,https://hui.lianjia.com/ershoufang/105122432527.html
锦地繁花，一线临深小区，800米坪山，good！,"锦地繁花 , 西区新寮",2室1厅,76.71平米,南,毛坯,22层 ,,板塔结合,42 万,5476 元,0,,,VR看装修 | 房本满五年 | 随时看房,https://hui.lianjia.com/ershoufang/105122215303.html
房屋装修好，看房联系，采光好，看房方便,"加旺花苑 , 麦地",4室1厅,113.8平米,北,精装,中楼层(共8层) ,,板楼,69.8 万,6134 元,0,,,VR房源 | 房本满两年,https://hui.lianjia.com/ershoufang/105120604159.html
仲恺高新区陈江南站旁仲恺隆生花园,"隆生仲恺花园 , 陈江",4室2厅,130.15平米,东南,精装,低楼层(共27层) ,,板塔结合,114 万,8760 元,0,,,VR看装修 | 房本满两年,https://hui.lianjia.com/ershoufang/105120804233.html
精装修朝南大入户三房两卫  阳光假日花园,"阳光假日花园 , 东平",3室2厅,107.58平米,南,精装,9层 ,,板塔结合,83 万,7716 元,0,,,VR房源 | 房本满五年,https://hui.lianjia.com/ershoufang/105118333750.html
"产权清晰,朝南采光视野开阔，中间楼层，随时看房","卓越东部蔚蓝海岸三期 , 西区新寮",2室2厅,76.43平米,南,毛坯,33层 ,,塔楼,47 万,6150 元,0,,,VR看装修 | 房本满五年 | 随时看房,https://hui.lianjia.com/ershoufang/105120488145.html
临深，朝南，好楼层，配套完善，小区环境舒适,"美景印象 , 西区新寮",4室2厅,110.2平米,南 北,毛坯,31层 ,,板塔结合,78 万,7079 元,0,,,VR看装修 | 房本满两年 | 随时看房,https://hui.lianjia.com/ershoufang/105117299358.html
隆生仲恺花园 3房2卫 花园中间位置 看花园,"隆生仲恺花园 , 陈江",3室1厅,110.13平米,南,毛坯,32层 ,,塔楼,67 万,6084 元,0,,,VR房源 | 房本满五年 | 随时看房,https://hui.lianjia.com/ershoufang/105121561557.html
外地发展 精装急售 儿童公园楼上 户型方正,"恒大悦龙台 , 万达",3室2厅,85平米,北,精装,32层 ,,板塔结合,61 万,7177 元,0,,,VR看装修 | 随时看房,https://hui.lianjia.com/ershoufang/105121248762.html
户型方正。采光好，视野无遮挡。,"千禧嘉园 , 万达",2室2厅,74.82平米,北,,23层 ,,板塔结合,33.8 万,4518 元,0,,,VR看装修 | 房本满两年 | 随时看房,https://hui.lianjia.com/ershoufang/105113379440.html
户型房子 通风采光很好 业主诚心出售,"盛湾名居 , 澳头",3室2厅,89平米,南,简装,33层 ,,塔楼,44 万,4944 元,1,,,VR看装修 | 房本满五年 | 随时看房,https://hui.lianjia.com/ershoufang/105121809724.html
方直星耀国际好楼层大三房两卫，安静看花园视野开阔,"方直星耀国际 , 河南岸",3室2厅,126.5平米,南,毛坯,低楼层(共31层) ,,板塔结合,156 万,12333 元,0,,,VR看装修 | 房本满五年 | 随时看房,https://hui.lianjia.com/ershoufang/105117368539.html
朝南 高楼层 户型方正 使用率高,"海伦堡爱Me城市 , 澳头",3室1厅,116平米,南,毛坯,高楼层(共31层) ,,板塔结合,49 万,4225 元,0,,,VR房源 | 房本满五年 | 随时看房,https://hui.lianjia.com/ershoufang/105114797317.html
百万别墅大盘  大社区  近高铁站,"惠阳雅居乐花园一期 , 南站新城",2室2厅,88.49平米,西,精装,24层 ,,板塔结合,43 万,4860 元,1,,,VR看装修 | 房本满五年 | 随时看房,https://hui.lianjia.com/ershoufang/105122185558.html
高尔夫1号看高尔夫球场5房，景色绝美，中高楼层,"建曙高尔夫1号 , 区政府",5室2厅,125.72平米,南,精装,30层 ,,塔楼,119 万,9466 元,0,,,VR看装修 | 房本满五年 | 随时看房,https://hui.lianjia.com/ershoufang/105118745940.html
业主急售：朝南看花园 明厨明卫 采光通风视野开阔,"实地常春藤 , 三和经济开发区",3室2厅,108平米,南 北,毛坯,33层 ,,板塔结合,40 万,3704 元,0,,,VR看装修,https://hui.lianjia.com/ershoufang/105117220883.html
江北新装修 3+1房 装修很漂亮 中间楼层,"雨花香府 , 江北",4室2厅,116.16平米,东南 南,精装,中楼层(共17层) ,,,108 万,9298 元,0,,,VR看装修 | 房本满两年,https://hui.lianjia.com/ershoufang/105122171033.html
鸿润叠韵，带装修四房，诚意出售,"鸿润·叠韵 , 河南岸",4室2厅,141.57平米,南,精装,中楼层(共32层) ,,塔楼,99.8 万,7050 元,0,,,VR看装修 | 随时看房,https://hui.lianjia.com/ershoufang/105111008246.html
房子是满二没有增值税了，中间楼层采光和通风效果好,"长通熙园 , 开城大润发",2室1厅,70.12平米,南,,32层 ,,板楼,46 万,6561 元,1,,,VR房源 | 房本满五年 | 随时看房,https://hui.lianjia.com/ershoufang/105119417374.html
带大露台 轻轨口 2023年小区南北向4房 很漂亮,"翔顺花园 , 龙丰",4室2厅,115.4平米,东南,精装,低楼层(共27层) ,,板塔结合,148 万,12825 元,0,,,VR房源 | 房本满两年 | 随时看房,https://hui.lianjia.com/ershoufang/105122093370.html
春江天境花园 117.38平米 4房2厅2卫,"春江天境花园 , 东江高新区",4室2厅,117.38平米,南 北,毛坯,中楼层(共33层) ,,板塔结合,51 万,4345 元,0,,,VR看装修 | 房本满两年 | 随时看房,https://hui.lianjia.com/ershoufang/105121877937.html
御景花园3房2厅 精装修，看房有钥匙，带个小露台，,"御景花园南区 , 下角",3室2厅,86.89平米,西北,精装,24层 ,,板塔结合,72 万,8287 元,0,,,VR房源 | 房本满五年 | 随时看房,https://hui.lianjia.com/ershoufang/105120962268.html
惠阳站，一房一厅，近天虹大润发,"百润基银座 , 开城大润发",1室1厅,46.93平米,东北,简装,20层 ,,板楼,15.5 万,3303 元,2,,,VR房源 | 房本满五年,https://hui.lianjia.com/ershoufang/105120479881.html
惠州市大亚湾西区大悦花园4房2厅两卫业主诚心出售,"大悦花园 , 比亚迪商圈",4室2厅,88.26平米,南,毛坯,27层 ,,板塔结合,36 万,4079 元,1,,,VR看装修 | 房本满五年 | 随时看房,https://hui.lianjia.com/ershoufang/105122091628.html
万达商圈满5税少南向双阳台小洋房,"熊猫国际三期 , 万达",4室2厅,149.86平米,南,毛坯,11层 ,,板楼,99 万,6607 元,1,,,VR看装修 | 房本满五年 | 随时看房,https://hui.lianjia.com/ershoufang/105113586314.html
中间楼层，视野开阔，看花园，业主诚意急卖，方便看房,"星河丹堤G区 , 南站新城",3室2厅,98.06平米,南,毛坯,34层 ,,塔楼,90 万,9179 元,0,,,VR房源 | 房本满五年 | 随时看房,https://hui.lianjia.com/ershoufang/105122218947.html
此房户型方正 景观很好采光通都可以，出租壹选,"东岸公馆 , 白云新城",2室1厅,64平米,南,毛坯,26层 ,,板塔结合,28 万,4375 元,4,,,VR看装修 | 房本满五年,https://hui.lianjia.com/ershoufang/105105751905.html
中骏雍景府小区环境优美，楼下很方便，,"中骏雍景府 , 江北",2室1厅,41平米,南,,中楼层(共22层) ,,板塔结合,16.5 万,4025 元,1,,,VR房源 | 随时看房,https://hui.lianjia.com/ershoufang/105119955338.html
海伦湾朝南看江景三房，高层全新毛坯，南北通双阳台,"海伦堡海伦湾 , 东平",4室2厅,102.43平米,南,毛坯,中楼层(共33层) ,,板塔结合,90 万,8787 元,0,,,VR看装修 | 房本满五年 | 随时看房,https://hui.lianjia.com/ershoufang/105113844502.html
江北丽日君颐花园花园中间安静3房2卫精装保养好,"丽日君颐家园 , 江北",3室1厅,94.85平米,北,简装,高楼层(共30层) ,,板塔结合,108 万,11387 元,0,,,VR看装修 | 房本满五年 | 随时看房,https://hui.lianjia.com/ershoufang/105118239579.html
泰宇城市中央 4室2厅 南,"泰宇城市中央 , 江北",4室2厅,108平米,南,精装,中楼层(共30层) ,,塔楼,107 万,9908 元,0,,11天以前发布,VR房源,https://hui.lianjia.com/ershoufang/105122450486.html
江北CBD唐宁公馆，看房店里有钥匙,"唐宁公馆 , 江北",4室1厅,170.05平米,南,毛坯,低楼层(共16层) ,,塔楼,159 万,9351 元,1,,,VR房源 | 房本满五年 | 随时看房,https://hui.lianjia.com/ershoufang/105114053540.html
牧马湖精装四房南北通透业主诚心出售,"泰丰牧马湖 , 万达",4室2厅,113.02平米,南 北,精装,11层 ,,板楼,123 万,10884 元,2,,,VR房源 | 房本满两年 | 随时看房,https://hui.lianjia.com/ershoufang/105120524561.html
临深一线好房，锦地繁花三房好户型好楼层好价格,"锦地繁花 , 西区新寮",3室2厅,88.05平米,南,毛坯,17层 ,,板塔结合,56.5 万,6417 元,0,,,VR看装修 | 房本满五年 | 随时看房,https://hui.lianjia.com/ershoufang/105119936583.html
高层朝南精装修采光好，看房方便,"丽格国际公寓 , 江北",1室1厅,42.5平米,南,简装,30层 ,,塔楼,32 万,7530 元,0,,,VR房源 | 随时看房,https://hui.lianjia.com/ershoufang/105120552618.html
龙光城南四期五房，业主诚心出售,"龙光城南四期 , 龙光城",5室2厅,114.65平米,东 北,简装,34层 ,,塔楼,106 万,9246 元,1,,,VR看装修,https://hui.lianjia.com/ershoufang/105120884341.html
大阳台大客厅！3代同堂！全新未住，视野采光通风好,"太东红树湾悦府 , 大亚湾中心区",5室2厅,288.07平米,东南,,22层 ,,板塔结合,357 万,12393 元,0,,,VR房源 | 随时看房,https://hui.lianjia.com/ershoufang/105122062254.html
保利四期环境舒适，业主急售，房子没欠款，红本在手。,"保利阳光城四期 , 白云新城",3室2厅,101.66平米,东南,毛坯,30层 ,,板塔结合,56 万,5509 元,1,,,VR看装修 | 随时看房,https://hui.lianjia.com/ershoufang/105114896267.html
麦地 华洪新村电梯朝南2房 保养好,"华洪新村 , 麦地",2室1厅,81.46平米,南,精装,高楼层(共8层) ,,板塔结合,45.5 万,5586 元,0,,12天以前发布,VR房源 | 房本满五年,https://hui.lianjia.com/ershoufang/105122435418.html
金叶华府朝南3房看花园，中间楼层，可看房,"金叶华府 , 博罗石湾",3室2厅,109平米,南,,30层 ,,板塔结合,55 万,5046 元,1,,,VR看装修 | 房本满两年 | 随时看房,https://hui.lianjia.com/ershoufang/105120609317.html
高铁站2.5公里，万达天虹大润发三大购物商圈。,"恒鑫御园 , 万达",2室1厅,62.17平米,东南,精装,26层 ,,板塔结合,39 万,6274 元,4,,,VR房源 | 随时看房,https://hui.lianjia.com/ershoufang/105121295038.html
仲恺次新小区，成熟商圈，中间楼层4房，视野无遮挡,"腾韵花园 , 陈江",4室2厅,116.49平米,南,毛坯,32层 ,,板塔结合,78 万,6696 元,0,,,VR看装修 | 房本满两年 | 随时看房,https://hui.lianjia.com/ershoufang/105117469175.html
国鹏实用3房，好楼层， 采光通风好，配套齐全,"国鹏润德学府 , 惠环",3室2厅,85平米,南,毛坯,中楼层(共29层) ,,板塔结合,45.8 万,5389 元,0,,,VR看装修 | 随时看房,https://hui.lianjia.com/ershoufang/105118145453.html
两梯三户大平层，坐拥一线半岛公园河景，南北通朝南,"半岛1号十一期 , 白云新城",4室2厅,112.85平米,东南,精装,24层 ,,塔楼,98 万,8685 元,1,,,VR看装修 | 房本满五年 | 随时看房,https://hui.lianjia.com/ershoufang/105118628845.html
临深大社区，南北通带装修三房，无抵押，价格可以谈,"万城名座花园 , 白云新城",3室2厅,100.2平米,南 北,精装,29层 ,,板塔结合,98 万,9781 元,0,,,VR房源 | 房本满两年 | 随时看房,https://hui.lianjia.com/ershoufang/105120864711.html
房子户型方正采光好，中高楼层。,"华彩公馆 , 大亚湾中心区",4室2厅,107.36平米,南,毛坯,24层 ,,板塔结合,35 万,3261 元,0,,,VR看装修 | 房本满五年 | 随时看房,https://hui.lianjia.com/ershoufang/105120507591.html
"佳兆业壹号花园全新装修没有住过,高层看花园","佳兆业壹号花园 , 龙丰",3室2厅,103.6平米,南 北,精装,高楼层(共34层) ,,板塔结合,82 万,7916 元,1,,,VR房源 | 随时看房,https://hui.lianjia.com/ershoufang/105113881299.html
金茂市场 买菜方便 看房提前联系 健康步梯 诚心出,"御景华城三期可园 , 陈江",2室2厅,64平米,南,简装,7层 ,,板塔结合,27.5 万,4297 元,4,,,VR看装修 | 随时看房,https://hui.lianjia.com/ershoufang/105121066781.html
一楼复式房，价格优惠，随时可以看房,"美林雅苑 , 澳头",2室2厅,30.32平米,东南,简装,9层 ,,板塔结合,17 万,5607 元,20,,,VR房源 | 房本满五年 | 随时看房,https://hui.lianjia.com/ershoufang/105113249819.html
业主急卖，价格可谈，户型方正，视野开阔,"新力珑湾 , 三和经济开发区",3室2厅,89.66平米,南 北,毛坯,高楼层(共34层) ,,塔楼,35 万,3904 元,1,,,VR看装修 | 房本满两年 | 随时看房,https://hui.lianjia.com/ershoufang/105113891498.html
步行到惠阳站，满五年，诚心出售，格局方正,"昶园 , 南站新城",4室2厅,129.49平米,南 北,毛坯,31层 ,,板塔结合,100 万,7723 元,1,,,VR看装修 | 房本满五年 | 随时看房,https://hui.lianjia.com/ershoufang/105121184421.html
精装修  拎包入住   业主诚心出售,"旺东国际广场 , 开城大润发",2室2厅,74.67平米,东,精装,30层 ,,塔楼,49 万,6563 元,1,,,VR看装修 | 房本满五年 | 随时看房,https://hui.lianjia.com/ershoufang/105118864388.html
东江学府二期毛坯三房，南北通透户型方正业主诚心出售,"东江学府二期 , 河南岸",3室2厅,137.29平米,南 北,毛坯,中楼层(共16层) ,,板塔结合,90 万,6556 元,1,,,VR看装修 | 房本满五年 | 随时看房,https://hui.lianjia.com/ershoufang/105121958806.html
户型方正，双阳台，一南一北，通风好。,"惠阳雅居乐花园一期 , 南站新城",3室2厅,115.84平米,北,毛坯,32层 ,,板塔结合,49.8 万,4300 元,0,,,VR房源 | 随时看房,https://hui.lianjia.com/ershoufang/105122136249.html
华章装修东边户三房出售 户型方正 格局采光好 宜住家,"中锴·华章 , 河南岸",3室2厅,91.29平米,南,简装,中楼层(共27层) ,,塔楼,75 万,8216 元,2,,,VR房源 | 房本满五年,https://hui.lianjia.com/ershoufang/105118687443.html
壹城zhong心，南北对流双阳台大户型,"壹城中心1区 , 陈江",4室2厅,138.85平米,南,,中楼层(共32层) ,,塔楼,99.5 万,7167 元,1,,,VR看装修 | 房本满两年 | 随时看房,https://hui.lianjia.com/ershoufang/105117305163.html
锦绣壹号旁，品质小区，两房两厅，业主诚心出售！,"丰谷天玺 , 龙光城",2室2厅,56.48平米,南,毛坯,31层 ,,塔楼,43 万,7614 元,2,,,VR看装修 | 房本满两年 | 随时看房,https://hui.lianjia.com/ershoufang/105114110802.html
采光好，视野开阔，央 企小区，值得拥有,"保利阳光城四期 , 白云新城",3室2厅,94.63平米,南,毛坯,32层 ,,板塔结合,59 万,6235 元,1,,,VR看装修 | 房本满两年 | 随时看房,https://hui.lianjia.com/ershoufang/105116132533.html
近天虹大润发，方正两房，繁华地段，配套成熟,"中梁V城市 , 开城大润发",2室2厅,67.5平米,南,毛坯,33层 ,,板塔结合,35 万,5186 元,0,,,VR看装修 | 随时看房,https://hui.lianjia.com/ershoufang/105117662821.html
华贸商圈 东江公园 惠安楼毛坯3房 视野好 楼龄新,"惠安楼 , 江北",3室2厅,116.3平米,东北,毛坯,中楼层(共30层) ,,板塔结合,136 万,11694 元,0,,,VR看装修 | 房本满两年 | 随时看房,https://hui.lianjia.com/ershoufang/105119857332.html
业主急售 沃尔玛旁 中嘉领骏 精装两房,"中嘉领骏 , 澳头",2室2厅,76.2平米,南,简装,18层 ,,塔楼,33 万,4331 元,1,,,VR房源 | 房本满五年 | 随时看房,https://hui.lianjia.com/ershoufang/105116203590.html
临深南北通三房  业主诚意卖  价格有空间,"安罝小区 , 西区新寮",3室2厅,126.79平米,南,毛坯,32层 ,,板塔结合,58 万,4575 元,0,,,VR看装修 | 随时看房,https://hui.lianjia.com/ershoufang/105121456672.html
碧桂园珑尚花月。室两厅两卫，视野开阔,"碧桂园珑尚花园 , 水口",3室2厅,103平米,南,,高楼层(共34层) ,,板塔结合,66 万,6408 元,0,,,VR看装修,https://hui.lianjia.com/ershoufang/105119088579.html
奥体板块中洲云悦府，4室2厅南北通透,"云悦府 , 河南岸",4室2厅,128.78平米,南 北,,中楼层(共33层) ,,板塔结合,138 万,10716 元,0,,,VR看装修 | 随时看房,https://hui.lianjia.com/ershoufang/105119128378.html
社区环境配套齐全20万不到住新家,"小径海岸城花园 , 霞涌",1室1厅,46.72平米,南,简装,32层 ,,板塔结合,19 万,4067 元,0,,6天以前发布,VR房源 | 房本满五年 | 随时看房,https://hui.lianjia.com/ershoufang/105122506636.html
水岸城全新毛坯三房出售....,"中信水岸城六期 , 东江新城",3室2厅,88平米,东南,毛坯,中楼层(共32层) ,,板楼,88 万,10000 元,0,,,VR看装修 | 随时看房,https://hui.lianjia.com/ershoufang/105115921547.html
新天虹商圈  精装两房  装修保养好  看房提前预约,"惠泽南苑 , 河南岸",2室1厅,51.07平米,南 北,精装,中楼层(共6层) ,,板楼,38 万,7441 元,0,,,VR看装修 | 房本满五年 | 随时看房,https://hui.lianjia.com/ershoufang/105120763709.html
此房满五唯一 高楼层，视野宽阔，采光充足,"亚迪二村二区 , 澳头",3室1厅,115平米,南,精装,32层 ,,塔楼,45 万,3914 元,1,,,VR房源 | 房本满五年 | 随时看房,https://hui.lianjia.com/ershoufang/105120720680.html
可园五期南北通双阳台看花园楼距宽近轻轨红花湖,"佳兆业时代·可园 , 龙丰",4室2厅,127.39平米,南 北,,低楼层(共33层) ,,塔楼,75.9 万,5959 元,0,,,VR房源 | 随时看房,https://hui.lianjia.com/ershoufang/105118691567.html
DADA的草地使用率高全屋精装修高配置大阳台看小区景观,"DADA的草地 , 大亚湾中心区",4室2厅,81.31平米,南,精装,32层 ,,板楼,32.8 万,4034 元,0,,,VR看装修 | 房本满五年,https://hui.lianjia.com/ershoufang/105117625421.html
万达旁大三房，好楼层，好视野 业主诚意出售,"东部阳光花园 , 万达",4室2厅,115.16平米,南,简装,16层 ,,板塔结合,79 万,6861 元,0,,17天以前发布,VR看装修 | 房本满五年 | 随时看房,https://hui.lianjia.com/ershoufang/105122376672.html
公园旁大三房业主诚售价格  便宜,"海伦堡·海伦璟园 , 比亚迪商圈",3室2厅,100平米,南,毛坯,33层 ,,板塔结合,55 万,5500 元,0,,,VR房源 | 房本满两年 | 随时看房,https://hui.lianjia.com/ershoufang/105118817532.html
此房采光充足，户型方正，利用率高，宜出租自住。,"东岸公馆 , 白云新城",2室2厅,63.56平米,南,毛坯,26层 ,,板塔结合,25 万,3934 元,5,,,VR看装修 | 随时看房,https://hui.lianjia.com/ershoufang/105105976794.html
金悦华府2期安静不吵 中间楼层 随时可以看房,"金悦华府 , 东江新城",4室2厅,129平米,东南 南 北,毛坯,中楼层(共32层) ,,板塔结合,120 万,9303 元,0,,,VR看装修 | 随时看房,https://hui.lianjia.com/ershoufang/105119942037.html
惠阳站星河丹堤标杆社区，次新房，南向大4房，中间层,"星河丹堤G4区 , 南站新城",4室1厅,136.74平米,南,,33层 ,,板塔结合,168 万,12287 元,0,,,VR看装修 | 房本满两年,https://hui.lianjia.com/ershoufang/105121823696.html
天虹大润发商圈、近高铁站、交通方便,"中梁V城市 , 开城大润发",3室2厅,77.08平米,南,简装,31层 ,,板塔结合,42 万,5449 元,1,,,VR房源,https://hui.lianjia.com/ershoufang/105121251249.html
真新鲜 八期房源 靓房呈现 单边位采光好,"卓越东部蔚蓝海岸八期 , 西区新寮",3室2厅,98.25平米,南 北,精装,高楼层(共28层) ,,板塔结合,103 万,10484 元,1,,,VR看装修 | 房本满两年 | 随时看房,https://hui.lianjia.com/ershoufang/105116494509.html
业主诚心出售，此房户型方正，采光好,"冠臣御品花园 , 新行政区",3室2厅,114.54平米,南 北,精装,28层 ,,板塔结合,68 万,5937 元,0,,,VR看装修 | 房本满两年 | 随时看房,https://hui.lianjia.com/ershoufang/105117314529.html
精装修 业主诚心出售 随时可以看房,"和畅国际 , 惠环",3室1厅,86.51平米,东南,精装,高楼层(共32层) ,,塔楼,51 万,5896 元,0,,,VR房源 | 房本满五年,https://hui.lianjia.com/ershoufang/105121837680.html
方正居家三室一卫，拎包入住，总价低，随时看房,"碧桂园十里银滩海悦湾 , 十里银滩",3室1厅,84平米,西南,精装,30层 ,,板塔结合,27.8 万,3310 元,23,,,VR看装修 | 随时看房,https://hui.lianjia.com/ershoufang/105117765705.html
南北双阳台，无欠款 ，次新小区，环境优美，户型好,"新华联广场 , 大亚湾中心区",4室2厅,113.25平米,南 北,毛坯,34层 ,,板塔结合,57.9 万,5113 元,1,,,VR看装修 | 房本满两年 | 随时看房,https://hui.lianjia.com/ershoufang/105122224094.html
隆生仲恺花园 三房两卫 中间楼层 采光通风好,"隆生仲恺花园3区 , 陈江",3室2厅,102平米,南,毛坯,中楼层(共32层) ,,板楼,66 万,6471 元,0,,,VR看装修 | 随时看房,https://hui.lianjia.com/ershoufang/105121410451.html
新力城三期《本社区有大量房源出售》,"新力城三期 , 水口",3室1厅,88.75平米,南,精装,高楼层(共31层) ,,板楼,66 万,7437 元,0,,,VR看装修 | 房本满两年 | 随时看房,https://hui.lianjia.com/ershoufang/105121695203.html
龙海一路自在城4房诚心出售，看房方便,"金地天润自在城一期 , 西区新寮",4室2厅,107.66平米,南 西,精装,33层 ,,板塔结合,75 万,6967 元,3,,,VR房源 | 房本满两年 | 随时看房,https://hui.lianjia.com/ershoufang/105120656877.html
水岸城四期 在中抽位置 带装修4房 户型合理 中间楼层,"中信水岸城四期 , 东江新城",4室2厅,130平米,南,精装,高楼层(共31层) ,,板塔结合,140 万,10770 元,0,,,VR看装修,https://hui.lianjia.com/ershoufang/105121522343.html
户型方正 业主诚心出售 采光好 通风好 房子保养好,"中天彩虹城北区 , 开城大润发",3室2厅,131.85平米,南 北,精装,30层 ,,板楼,75 万,5689 元,1,,,VR看装修 | 房本满五年 | 随时看房,https://hui.lianjia.com/ershoufang/105122209746.html
次新社区南北通宽敞舒适大四房朝南横厅设计使用高,"邦民华家园 , 惠环",4室2厅,110.09平米,南 北,毛坯,26层 ,,塔楼,58 万,5269 元,0,,,VR看装修 | 房本满五年 | 随时看房,https://hui.lianjia.com/ershoufang/105122013651.html
保华铂郡花园，三房南北通，中间楼层，看房有钥匙。,"保华铂郡 , 河南岸",3室2厅,117.9平米,西南,,23层 ,,塔楼,139 万,11790 元,1,,,VR看装修 | 随时看房,https://hui.lianjia.com/ershoufang/105121578412.html
红本在手税费低交易快，万科物业拎包入住,"晶地里程花园 , 西区新寮",4室1厅,109平米,南,简装,33层 ,,塔楼,80 万,7340 元,0,,,VR看装修 | 随时看房,https://hui.lianjia.com/ershoufang/105121687712.html
户型通透，视野开阔，采光充足，配套齐全，交通方便,"碧桂园十里银滩海悦湾 , 十里银滩",2室2厅,66.98平米,北,精装,30层 ,,板塔结合,23.75 万,3546 元,1,,,VR房源 | 随时看房,https://hui.lianjia.com/ershoufang/105121264474.html
天益城二期 4室2厅 东南,"天益城二期 , 陈江",4室2厅,107.28平米,东南,精装,高楼层(共33层) ,,塔楼,103 万,9602 元,0,,,VR看装修 | 房本满两年 | 随时看房,https://hui.lianjia.com/ershoufang/105120470844.html
标准一房一厅，满五唯一，红本在手,"历昌华庭 , 白云新城",1室1厅,57.68平米,北,毛坯,27层 ,,板塔结合,23 万,3988 元,0,,,VR房源 | 房本满五年 | 随时看房,https://hui.lianjia.com/ershoufang/105122149111.html
钱隆樽品花园 次新小区 四房南北通双阳台 采光视野好,"福晟钱隆樽品花园 , 陈江",4室2厅,101平米,南 北,,31层 ,,板塔结合,62 万,6139 元,0,,,VR看装修 | 随时看房,https://hui.lianjia.com/ershoufang/105118306468.html
鑫月城自住三房朝南看花园拎包入住业主急售,"鑫月御景湾 , 陈江",3室2厅,86.1平米,南,精装,31层 ,,塔楼,55 万,6388 元,0,,,VR看装修 | 房本满五年,https://hui.lianjia.com/ershoufang/105120802173.html
高duan大社区 税费少 户型方正 朝南 采光通风好,"恒大紫荆学府棕榈岛 , 白云新城",3室2厅,88.06平米,南,精装,低楼层(共32层) ,,板塔结合,55 万,6246 元,6,,,VR房源 | 房本满两年 | 随时看房,https://hui.lianjia.com/ershoufang/105118353050.html
大湖溪 有证商品房 家好花苑 健康步梯 精装3房2卫,"家好花苑 , 水口",3室2厅,102.51平米,东南,精装,高楼层(共7层) ,,板塔结合,35 万,3415 元,1,,,VR看装修 | 房本满五年,https://hui.lianjia.com/ershoufang/105121654113.html
万达旁1公里精装小户型，拎包入住,"西街苑一期 , 万达",1室0厅,26.78平米,南,,9层 ,,板塔结合,13.5 万,5042 元,0,,9天以前发布,VR房源 | 房本满五年,https://hui.lianjia.com/ershoufang/105122476649.html
金山湖公园旁 方直珑湖湾 毛坯3房业主急售,"方直珑湖湾 , 河南岸",3室2厅,121.29平米,南,毛坯,中楼层(共31层) ,,板塔结合,176 万,14511 元,0,,,VR看装修 | 房本满五年 | 随时看房,https://hui.lianjia.com/ershoufang/105121405588.html
急卖，星河品牌，三房，好楼层，你意向不到的价格,"惠州星河盛世 , 白云新城",3室2厅,74.02平米,东南,毛坯,高楼层(共33层) ,,板塔结合,45 万,6080 元,0,,,VR看装修 | 房本满两年 | 随时看房,https://hui.lianjia.com/ershoufang/105116452393.html
装修大2房。随时看房，地铁口物业,"德洲城三、四期 , 西区新寮",2室2厅,81.13平米,南,毛坯,18层 ,,板塔结合,42.8 万,5276 元,4,,,VR看装修 | 房本满五年,https://hui.lianjia.com/ershoufang/105116368380.html
格局好 视野宽阔 采光充足 配套设施齐 业主急售,"中信新城C区 , 南站新城",4室2厅,127.9平米,东南 南,精装,34层 ,,板塔结合,86 万,6725 元,0,,,VR看装修 | 房本满五年,https://hui.lianjia.com/ershoufang/105120582652.html
临深一路之隔，一刻钟到沙田站，公交车直达到聚龙山,"富康锦绣壹号 , 西区新寮",4室1厅,112平米,南,精装,33层 ,,塔楼,112 万,10000 元,3,,,VR房源 | 房本满五年 | 随时看房,https://hui.lianjia.com/ershoufang/105120226933.html
轻轨口碧桂园盛汇广场精装公寓1房精致漂亮,"碧桂园盛汇 , 龙丰",1室0厅,38.74平米,南,精装,高楼层(共32层) ,,塔楼,18.8 万,4853 元,2,,,VR看装修 | 房本满两年 | 随时看房,https://hui.lianjia.com/ershoufang/105121427426.html
精装 采光通风好 有红本 诚心出售 即买即住或出租,"德洲城一-二期 , 西区新寮",2室1厅,76.75平米,南,简装,17层 ,,板塔结合,48 万,6255 元,1,,12天以前发布,VR房源 | 房本满五年 | 随时看房,https://hui.lianjia.com/ershoufang/105122441508.html
马路对  面就是西湖  实用2房 总价低 保养好,"下角东路16号 , 下角",2室2厅,66.37平米,东,简装,中楼层(共9层) ,,板楼,26.8 万,4038 元,1,,,VR看装修 | 房本满五年 | 随时看房,https://hui.lianjia.com/ershoufang/105120683443.html
过渡 入手 经济实惠 光线良好,"湖溪新苑 , 水口",3室2厅,90.94平米,东北,简装,高楼层(共8层) ,,板塔结合,27 万,2969 元,0,,,VR看装修 | 房本满五年,https://hui.lianjia.com/ershoufang/105119578520.html
金山湖金岸花苑 电梯四房 业主重新装修,"金岸花苑 , 河南岸",4室2厅,107.17平米,东,精装,9层 ,,板楼,69.9 万,6523 元,0,,15天以前发布,VR房源 | 房本满五年,https://hui.lianjia.com/ershoufang/105122404353.html
蓝光雍和园3房2厅2卫房售价仅：107.8万,"蓝光雍和园 , 龙丰",3室2厅,129.38平米,东南,,高楼层(共31层) ,,板楼,107.8 万,8333 元,0,,,VR看装修 | 房本满两年 | 随时看房,https://hui.lianjia.com/ershoufang/105120262945.html
社区有环湖跑道，登山道，小区实行24小时保..,"星河丹堤C区 , 南站新城",4室2厅,149.8平米,南,毛坯,27层 ,,板塔结合,129.8 万,8665 元,7,,,VR看装修 | 房本满五年 | 随时看房,https://hui.lianjia.com/ershoufang/105119050267.html
临深大品牌央企大花园，成熟社区生活配套完善,"金地天润自在城一期 , 西区新寮",3室1厅,83.37平米,西南,精装,33层 ,,塔楼,67 万,8037 元,2,,,VR看装修,https://hui.lianjia.com/ershoufang/105122068665.html
好宜多旁万科文瀚花园精装修三房朝南有钥匙随时看房,"万科中天宏远文瀚花园 , 区政府",3室2厅,91.74平米,南,精装,高楼层(共33层) ,,,92 万,10029 元,1,,,VR看装修 | 随时看房,https://hui.lianjia.com/ershoufang/105122190856.html
星河丹堤新中式园林 南北通透 中高楼 看水库美景,"星河丹堤G4区 , 南站新城",4室2厅,124.48平米,南 北,毛坯,33层 ,,板塔结合,138 万,11087 元,0,,,VR看装修 | 房本满两年 | 随时看房,https://hui.lianjia.com/ershoufang/105116289042.html
隆生仲恺花园新社区视野开阔四房,"隆生仲恺花园2区 , 陈江",4室2厅,123平米,南,毛坯,中楼层(共32层) ,,,82 万,6667 元,0,,,VR看装修 | 房本满两年 | 随时看房,https://hui.lianjia.com/ershoufang/105121445049.html
百万大盘 星河物业 户型方正 拎包入住,"星河丹堤E区 , 南站新城",2室1厅,75平米,南,精装,30层 ,,,59.8 万,7974 元,7,,,VR看装修 | 房本满五年 | 随时看房,https://hui.lianjia.com/ershoufang/105118024694.html
中洲天御 免个税 实用3房 中间楼层 看花园 无遮挡,"中洲天御二期 , 河南岸",3室2厅,93平米,南,毛坯,中楼层(共28层) ,,板塔结合,78 万,8388 元,0,,,VR房源 | 房本满五年 | 随时看房,https://hui.lianjia.com/ershoufang/105117038023.html
朝南向中间楼层看花园。安静舒适。,"星河丹堤S2区 , 南站新城",4室2厅,93.43平米,东南,毛坯,33层 ,,板塔结合,118 万,12630 元,0,,,VR看装修 | 房本满两年 | 随时看房,https://hui.lianjia.com/ershoufang/105112685026.html
吾悦商圈 南北通户型 配套成熟,"海惠花园二区 , 吾悦广场",3室2厅,124.04平米,南 北,毛坯,18层 ,,塔楼,55 万,4435 元,2,,,VR房源 | 房本满五年 | 随时看房,https://hui.lianjia.com/ershoufang/105118830141.html
此房朝南无遮挡，中间楼层中间位置。业主诚心,"深荟城一期 , 白云新城",3室2厅,91.75平米,南,精装,32层 ,,板塔结合,77.8 万,8480 元,0,,8天以前发布,VR房源 | 随时看房,https://hui.lianjia.com/ershoufang/105122479577.html
仲恺政务中芯，精装修三房，拎包入住,"万燊花苑 , 惠环",3室2厅,84.12平米,南 北,,中楼层(共31层) ,,板塔结合,56 万,6658 元,0,,18天以前发布,VR房源 | 房本满五年,https://hui.lianjia.com/ershoufang/105122373972.html
华廷悦府成熟配套，精装修，朝南四房高楼层视野开阔,"华廷悦府 , 陈江",4室2厅,108.71平米,南,精装,高楼层(共31层) ,,塔楼,96 万,8831 元,0,,,VR看装修 | 房本满两年 | 随时看房,https://hui.lianjia.com/ershoufang/105119933271.html
一线临深金辉优步学府精装修3业主诚心急售,"金辉优步学府 , 白云新城",3室2厅,94.67平米,南,,32层 ,,板塔结合,59 万,6233 元,0,,,VR看装修 | 房本满两年 | 随时看房,https://hui.lianjia.com/ershoufang/105122013842.html
小区教育，交通，休闲，购物银行配套设施完善便利,"保华铂郡 , 河南岸",4室2厅,140.34平米,南 北,毛坯,30层 ,,板塔结合,176 万,12541 元,0,,,VR房源 | 房本满两年 | 随时看房,https://hui.lianjia.com/ershoufang/105114890971.html
五矿二期，一线湖景，户型方正，业主诚心出售,"五矿哈施塔特 , 博罗中心区",4室2厅,110.3平米,南,毛坯,高楼层(共33层) ,,塔楼,45 万,4080 元,1,,,VR看装修 | 房本满两年 | 随时看房,https://hui.lianjia.com/ershoufang/105120188170.html
万达精装复式，视野开阔，出行方便，急售,"永昶公寓 , 万达",3室2厅,56.71平米,东南,简装,12层 ,,板塔结合,25 万,4409 元,12,,,VR房源 | 房本满五年 | 随时看房,https://hui.lianjia.com/ershoufang/105117342156.html
花园小区，  楼间 距 视野好,"碧桂园天骄公馆 , 马安",3室2厅,94.92平米,南,精装,高楼层(共34层) ,,塔楼,71 万,7480 元,0,,,VR看装修,https://hui.lianjia.com/ershoufang/105116607402.html
万达近，通勤方便，户型好 户型方正，朝南的,"正兆千树晴山 , 西区新寮",3室2厅,96.76平米,东南,毛坯,30层 ,,板塔结合,53 万,5478 元,1,,,VR看装修 | 房本满五年 | 随时看房,https://hui.lianjia.com/ershoufang/105112682387.html
精装四房 高楼层 视野采光棒 拎包入住！,"天源花园 , 大亚湾中心区",4室2厅,100.64平米,南 北,精装,33层 ,,板塔结合,48 万,4770 元,0,,14天以前发布,VR房源 | 房本满五年,https://hui.lianjia.com/ershoufang/105122415452.html
玖悦府带车位精装修三房，安静采光通风很好,"玖悦府 , 麦地",3室2厅,94.88平米,南,精装,低楼层(共26层) ,,板塔结合,83 万,8748 元,0,,,VR看装修 | 随时看房,https://hui.lianjia.com/ershoufang/105116992218.html
华基江山业主急售价格看上可聊户型方正生活方便,"华基江山 , 博罗中心区",3室2厅,80平米,南,毛坯,低楼层(共28层) ,,板塔结合,30 万,3750 元,0,,,VR看装修 | 房本满五年 | 随时看房,https://hui.lianjia.com/ershoufang/105121193420.html
临深地铁口，大三房，户型方正，无个税，无增值税！,"锦地繁花骏园 , 西区新寮",3室2厅,98平米,南,毛坯,30层 ,,板塔结合,61 万,6225 元,0,,,VR房源 | 随时看房,https://hui.lianjia.com/ershoufang/105120618274.html
隆生品质小区 西江花园  大四房 高层视野开阔,"隆生西江花园 , 东江新城",5室2厅,152.29平米,南 北,毛坯,高楼层(共32层) ,,塔楼,156 万,10244 元,0,,,VR看装修 | 房本满两年 | 随时看房,https://hui.lianjia.com/ershoufang/105121821177.html
海伦堡项目房子格局好 南北通 高楼层景观好 看房方便,"海伦堡爱Me城市 , 澳头",4室2厅,124.99平米,南,毛坯,32层 ,,板塔结合,78 万,6241 元,0,,,VR看装修 | 房本满五年 | 随时看房,https://hui.lianjia.com/ershoufang/105112715863.html
隆生大社区 近天益城 朝南向 千米楼间距 视野开阔,"隆生仲恺花园3区 , 陈江",3室2厅,110.47平米,南,毛坯,中楼层(共33层) ,,塔楼,73 万,6609 元,0,,,VR看装修 | 房本满两年 | 随时看房,https://hui.lianjia.com/ershoufang/105120457163.html
全新精装修三房，带家私电器出售，高层采光通风无暗房,"新力城二期 , 水口",3室2厅,89.88平米,南,精装,高楼层(共31层) ,,板楼,66.6 万,7410 元,0,,,VR看装修 | 房本满五年 | 随时看房,https://hui.lianjia.com/ershoufang/105119905264.html
碧桂园山河城 3室2厅 北,"碧桂园山河城 , 三和经济开发区",3室2厅,92.32平米,北,精装,18层 ,,板塔结合,32.8 万,3553 元,0,,18天以前发布,VR看装修 | 随时看房,https://hui.lianjia.com/ershoufang/105122368563.html
恒大紫荆学府棕榈岛 3室2厅 南,"恒大紫荆学府棕榈岛 , 白云新城",3室2厅,103平米,南,精装,中楼层(共32层) ,,板塔结合,75 万,7282 元,0,,,VR看装修 | 随时看房,https://hui.lianjia.com/ershoufang/105115250138.html
临深央企保利阳光城93平精装四房,"保利阳光城二期 , 白云新城",4室2厅,92.57平米,北,精装,32层 ,,板塔结合,66.8 万,7217 元,0,,,VR看装修 | 房本满五年 | 随时看房,https://hui.lianjia.com/ershoufang/105121747632.html
户型方正毛坯业主诚心出售，位置好,"和府御堡 , 西区新寮",2室2厅,67.37平米,南,,26层 ,,塔楼,35 万,5196 元,1,,8天以前发布,VR房源 | 房本满五年 | 随时看房,https://hui.lianjia.com/ershoufang/105122479925.html
鑫月御景湾精装三房 户型方正 中间楼层 采光视野好,"鑫月御景湾 , 陈江",3室2厅,86平米,东南 南,,32层 ,,塔楼,53 万,6163 元,1,,,VR看装修 | 随时看房,https://hui.lianjia.com/ershoufang/105118352484.html
合生大社区三房，视野开阔，采光好,"合生·上观国际 , 水口",3室2厅,92.04平米,西南,精装,低楼层(共32层) ,,板楼,83 万,9018 元,1,,,VR看装修 | 房本满两年 | 随时看房,https://hui.lianjia.com/ershoufang/105121951824.html
臻誉府旁、自住精装修，朝南的！采光良好,"鑫月御景湾 , 陈江",3室2厅,86.08平米,东南,精装,32层 ,,塔楼,50 万,5809 元,0,,,VR看装修 | 房本满五年,https://hui.lianjia.com/ershoufang/105121564214.html
临14号地铁沙田站 ，次新房户型方正， 业主诚心出售,"壹方天第 , 白云新城",3室2厅,112.48平米,西南,精装,34层 ,,板塔结合,73 万,6491 元,2,,,VR看装修 | 随时看房,https://hui.lianjia.com/ershoufang/105113461928.html
三远大爱城精装，宽敞明亮，户型方正，适合居家,"三远大爱城 , 吾悦广场",3室2厅,88.67平米,南,精装,32层 ,,板塔结合,57 万,6429 元,9,,,VR房源 | 房本满五年 | 随时看房,https://hui.lianjia.com/ershoufang/105112846937.html
新天虹 大润发 精装修两房 拎包入住 满五唯一,"旺东国际广场 , 开城大润发",2室2厅,74.65平米,东南,精装,30层 ,,塔楼,53 万,7100 元,0,,,VR看装修 | 房本满五年 | 随时看房,https://hui.lianjia.com/ershoufang/105119988090.html
户型方正，采光好，视野好，无遮挡,"新华联广场 , 大亚湾中心区",3室2厅,88.61平米,北,简装,32层 ,,板塔结合,50 万,5643 元,5,,,VR看装修 | 房本满五年 | 随时看房,https://hui.lianjia.com/ershoufang/105116105001.html
荷兰小城，环境优美，小区空间大，小孩读书方便,"光耀荷兰小城 , 陈江",4室2厅,112平米,南,毛坯,31层 ,,板楼,57 万,5090 元,0,,,VR看装修 | 随时看房,https://hui.lianjia.com/ershoufang/105121033126.html
鑫月城三房大社区自带游泳池轻轨物业,"鑫月御景湾 , 陈江",3室2厅,86.72平米,南,精装,32层 ,,塔楼,49 万,5651 元,0,,,VR看装修 | 房本满五年 | 随时看房,https://hui.lianjia.com/ershoufang/105118809325.html
全新未住，业主诚意出售，南北向看花园，中间楼层,"龙湖天宸原著花园 , 河南岸",4室2厅,138.01平米,南,精装,中楼层(共33层) ,,塔楼,209 万,15144 元,1,,,VR看装修 | 随时看房,https://hui.lianjia.com/ershoufang/105118908790.html
全新末住过，无抵押，业主诚心出售，价格可谈。,"群峰花园 , 南站新城",3室2厅,94.63平米,东南,,中楼层(共33层) ,,塔楼,55 万,5813 元,0,,,VR看装修 | 房本满两年 | 随时看房,https://hui.lianjia.com/ershoufang/105120939638.html
小4房，视野好，无增值税和个税,"星河丹堤S2区 , 南站新城",4室2厅,95.26平米,南,,34层 ,,板塔结合,108 万,11338 元,0,,,VR看装修 | 房本满两年 | 随时看房,https://hui.lianjia.com/ershoufang/105112696350.html
高铁站旁 天虹大润发商圈 中高层南向3加1房！,"旺东国际广场 , 开城大润发",3室2厅,111.28平米,南,毛坯,30层 ,,塔楼,70 万,6291 元,1,,,VR看装修 | 房本满五年 | 随时看房,https://hui.lianjia.com/ershoufang/105118944501.html
原值高 采光好 户型方正 精装修两房,"三远大爱城 , 吾悦广场",2室2厅,76.49平米,南,,32层 ,,板塔结合,45 万,5884 元,2,,,VR看装修 | 房本满五年,https://hui.lianjia.com/ershoufang/105119332980.html
临深入住率高，税费低，精装修，配套齐全,"尚城世家二期 , 区政府",3室1厅,113.58平米,东南,精装,26层 ,,板塔结合,118 万,10390 元,0,,,VR房源 | 房本满五年 | 随时看房,https://hui.lianjia.com/ershoufang/105121458711.html
区政府 配套齐全 业主急售...,"中港华庭 , 区政府",1室1厅,50平米,东,,26层 ,,塔楼,19.8 万,3960 元,0,,,VR看装修 | 随时看房,https://hui.lianjia.com/ershoufang/105112984971.html
精装修南北通透大4房2卫看一线江景无遮挡海伦湾,"海伦堡海伦湾 , 东平",4室2厅,131.92平米,南 北,精装,中楼层(共32层) ,,板塔结合,138 万,10461 元,0,,,VR看装修 | 房本满五年 | 随时看房,https://hui.lianjia.com/ershoufang/105120053667.html
金山湖奥园领寓 精装公寓 1房1厅 拎包入住,"奥园领寓 , 河南岸",1室1厅,29.17平米,西北,精装,32层 ,,板塔结合,17.5 万,6000 元,1,,,VR房源 | 房本满五年,https://hui.lianjia.com/ershoufang/105121645814.html
区政府天虹旁鼎盛广场精装修1房业主诚心出售,"鼎盛广场 , 区政府",1室1厅,46.25平米,南,精装,33层 ,,板塔结合,19 万,4109 元,0,,,VR看装修 | 房本满五年 | 随时看房,https://hui.lianjia.com/ershoufang/105114526967.html
业主着急卖，南北通四房，看园林，少有户型卖,"德洲中心城 , 大亚湾中心区",4室2厅,123.1平米,南,简装,28层 ,,板塔结合,66 万,5362 元,0,,,VR看装修 | 房本满五年 | 随时看房,https://hui.lianjia.com/ershoufang/105119385527.html
映日兰庭 3室2厅 南 北,"映日兰庭 , 秋长",3室2厅,103.47平米,南 北,精装,25层 ,,板楼,65 万,6283 元,0,,14天以前发布,VR房源 | 房本满五年,https://hui.lianjia.com/ershoufang/105122411652.html
金山湖一线湖景靓房 视野开阔无遮挡 看上价格可谈,"奥园誉山湖花园 , 河南岸",4室2厅,109.02平米,南,毛坯,低楼层(共42层) ,,板塔结合,128 万,11741 元,0,,,VR看装修 | 房本满两年 | 随时看房,https://hui.lianjia.com/ershoufang/105119085139.html
临海视野好，户型方正使用率高，大社区 滨海公园旁,"海景城 , 澳头",3室2厅,85.94平米,南,,33层 ,,板塔结合,50 万,5819 元,0,,,VR看装修 | 房本满五年 | 随时看房,https://hui.lianjia.com/ershoufang/105121344650.html
红花湖丽苑电梯小高层精装三房两卫出售126平米,"紅花湖麗苑 , 龙丰",3室2厅,126.4平米,南 北,精装,6层 ,,板塔结合,96 万,7595 元,0,,,VR房源 | 房本满五年 | 随时看房,https://hui.lianjia.com/ershoufang/105121920098.html
朝东两房看园景，采光好，通风好，诚意出售,"碧桂园.十里银滩.山林海二区 , 十里银滩",2室2厅,69.4平米,东,精装,30层 ,,板塔结合,19.8 万,2854 元,19,,,VR房源 | 房本满五年 | 随时看房,https://hui.lianjia.com/ershoufang/105120397359.html
佳兆业壹号花园 125㎡四房毛坯 南北通采光佳,"佳兆业壹号花园 , 龙丰",4室2厅,125平米,南 北,毛坯,中楼层(共31层) ,,板塔结合,99.8 万,7984 元,0,,,VR看装修 | 房本满五年 | 随时看房,https://hui.lianjia.com/ershoufang/105121956646.html
陈江天花板，壹城次新小区，南北通四房。,"壹城中心7区 , 陈江",4室2厅,110.89平米,南 北,毛坯,中楼层(共32层) ,,板塔结合,88 万,7936 元,0,,,VR看装修 | 房本满两年 | 随时看房,https://hui.lianjia.com/ershoufang/105122195383.html
精装大四房，楼层好，采光视野好，拎衣入住,"奥园华府 , 比亚迪商圈",3室2厅,95平米,南,精装,32层 ,,塔楼,60 万,6316 元,0,,20天以前发布,VR看装修 | 随时看房,https://hui.lianjia.com/ershoufang/105122352560.html
锦绣壹号5期，92平园林景观3房，诚心出售,"富康锦绣壹号5期 , 西区新寮",3室2厅,91.22平米,南,精装,33层 ,,塔楼,119 万,13046 元,0,,5天以前发布,VR房源 | 房本满两年,https://hui.lianjia.com/ershoufang/105122510020.html
本小区的地理优势所在，楼下 就是市政府广场,"中铭豪园 , 区政府",2室2厅,78.65平米,北,,23层 ,,板塔结合,36 万,4578 元,0,,,VR房源 | 房本满五年 | 随时看房,https://hui.lianjia.com/ershoufang/105116169118.html
大社区 高楼层 看江景 南北通 采光好 看房方便,"德威江誉城Ⅱ期 , 马安",4室2厅,113平米,南,毛坯,高楼层(共32层) ,,塔楼,100 万,8850 元,0,,,VR看装修 | 随时看房,https://hui.lianjia.com/ershoufang/105120383286.html
东江新城五期精壮装2房， 装修新净，可以拎包入住,"佳兆业东江新城五期 , 博罗中心区",2室2厅,73平米,南,精装,34层 ,,塔楼,36 万,4932 元,0,,25天以前发布,VR看装修 | 房本满五年 | 随时看房,https://hui.lianjia.com/ershoufang/105122309355.html
户型方正实用，楼龄较新，南向，采光佳，原价高税少,"龙光城北八期 , 龙光城",3室2厅,89.11平米,南,精装,31层 ,,塔楼,70 万,7856 元,7,,,VR房源 | 随时看房,https://hui.lianjia.com/ershoufang/105116185930.html
此房满五唯一，中高楼层视野宽阔 近山空气环境好,"星河丹堤E区 , 南站新城",2室2厅,74.32平米,南,,30层 ,,,60 万,8074 元,0,,,VR看装修 | 随时看房,https://hui.lianjia.com/ershoufang/105121011861.html
业主急售：朝南看花园 户型方正采光通风视野开阔,"花样年别样城二期 , 新行政区",3室1厅,93.37平米,南,精装,33层 ,,板塔结合,57.3 万,6137 元,2,,,VR房源 | 房本满五年 | 随时看房,https://hui.lianjia.com/ershoufang/105111181456.html
诚心出售，光线好，视野佳，价格优惠,"听涛雅苑 , 大亚湾中心区",2室2厅,39.1平米,西,毛坯,7层 ,,板塔结合,15.8 万,4041 元,0,,,VR看装修 | 房本满五年 | 随时看房,https://hui.lianjia.com/ershoufang/105118820161.html
品质次新房，看丰田水库，双套间，红本在手，近华府,"星河丹堤G4区 , 南站新城",5室2厅,163.29平米,南 北,毛坯,33层 ,,板塔结合,179 万,10963 元,1,,,VR看装修 | 房本满两年 | 随时看房,https://hui.lianjia.com/ershoufang/105114262325.html
[平台推荐]全新未入住 无个税 四房 南北通,"富康锦绣壹号三期 , 西区新寮",4室2厅,112.26平米,南 北,,26层 ,,塔楼,136 万,12115 元,0,,,VR看装修 | 房本满五年 | 随时看房,https://hui.lianjia.com/ershoufang/105121834894.html
惠州一忠惠环轻轨口，3年内次新楼盘南北通视野好,"友诚荷悦台 , 惠环",4室2厅,110平米,南,,低楼层(共31层) ,,板塔结合,70 万,6364 元,0,,,VR房源 | 随时看房,https://hui.lianjia.com/ershoufang/105121562248.html
万达旁次新房南北通大户型！别墅区无遮挡,"翡翠山城君御 , 万达",4室2厅,130.97平米,南,精装,34层 ,,,135 万,10308 元,0,,,VR看装修 | 房本满五年,https://hui.lianjia.com/ershoufang/105121966739.html
万达 吾悦双商圈社区 精装三房业主急售,"三远大爱城 , 吾悦广场",3室2厅,83平米,南,简装,33层 ,,板塔结合,60 万,7229 元,0,,,VR看装修 | 随时看房,https://hui.lianjia.com/ershoufang/105117381136.html
原值高，无个税，精装修，拎包入住， 红本在手交易快,"海德尚园 , 吾悦广场",4室2厅,113.2平米,南 北,精装,低楼层(共34层) ,,板塔结合,91 万,8039 元,0,,,VR看装修,https://hui.lianjia.com/ershoufang/105120451309.html
江北大社区，万科品牌物业，商体配套齐全交通购物便利,"宏益公馆 , 江北",3室2厅,115.37平米,南,精装,中楼层(共17层) ,,塔楼,120 万,10402 元,0,,,VR看装修 | 房本满五年,https://hui.lianjia.com/ershoufang/105121910226.html
临深碧桂园物业，爱琴海花园，阳台朝南，采光通风好。,"爱琴海 , 西区新寮",2室2厅,73.53平米,南,简装,33层 ,,塔楼,41.5 万,5644 元,5,,,VR看装修 | 房本满五年,https://hui.lianjia.com/ershoufang/105120947536.html
南北通透 高层视野好 通风效果棒,"中海凯旋城五六期 , 河南岸",4室2厅,139.37平米,南 北,精装,32层 ,,板塔结合,137 万,9830 元,0,,25天以前发布,VR看装修 | 房本满五年 | 随时看房,https://hui.lianjia.com/ershoufang/105122311226.html
东江学府七期复式，次新小区实用率高，业主诚意出售,"东江学府七期 , 河南岸",3室2厅,76.52平米,南,毛坯,19层 ,,,43 万,5620 元,0,,13天以前发布,VR房源 | 随时看房,https://hui.lianjia.com/ershoufang/105122420088.html
户型方正 视野开阔 原购价高 税费少,"新华联广场 , 大亚湾中心区",2室2厅,80.5平米,南,精装,28层 ,,塔楼,38 万,4721 元,0,,,VR看装修 | 房本满五年 | 随时看房,https://hui.lianjia.com/ershoufang/105121520155.html
"大亚湾临深万达旁住家装修3房,安静绿化好合格","碧桂园龙熹山 , 万达",3室2厅,94.78平米,东南,精装,34层 ,,塔楼,66 万,6964 元,0,,,VR看装修 | 房本满五年 | 随时看房,https://hui.lianjia.com/ershoufang/105118670080.html
金玉豪庭 3室2厅 南,"金玉豪庭 , 白云新城",3室2厅,83.5平米,南,精装,18层 ,,板塔结合,46 万,5509 元,1,,,VR看装修,https://hui.lianjia.com/ershoufang/105121882449.html
未来花园 4室2厅 南,"未来花园 , 东江新城",4室2厅,130.4平米,南,毛坯,低楼层(共26层) ,,塔楼,99 万,7593 元,0,,,VR看装修 | 随时看房,https://hui.lianjia.com/ershoufang/105121727322.html
星河丹G4区，4房南北通透，视野景观好,"星河丹堤G4区 , 南站新城",4室2厅,124.48平米,南 北,精装,33层 ,,板塔结合,158 万,12693 元,1,,,VR房源 | 房本满两年,https://hui.lianjia.com/ershoufang/105120727107.html
景观单位，看花园，业主诚意出售，楼层好户型方正！,"卓越蔚蓝海岸七期 , 西区新寮",3室2厅,97.64平米,南,精装,18层 ,,板塔结合,80 万,8194 元,0,,,VR看装修 | 房本满两年,https://hui.lianjia.com/ershoufang/105115906003.html
采光充足，通风良好交通便利，购物方便，,"光耀荷兰小城 , 陈江",4室2厅,101.88平米,南,毛坯,31层 ,,板塔结合,53 万,5203 元,0,,,VR看装修 | 随时看房,https://hui.lianjia.com/ershoufang/105121571008.html
红本在手，南 北朝向，精装修楼层好视野宽阔,"亲水湾 , 吾悦广场",3室2厅,92.82平米,南,精装,26层 ,,板塔结合,61 万,6572 元,0,,,VR看装修 | 房本满五年 | 随时看房,https://hui.lianjia.com/ershoufang/105113329027.html
业主急卖，红本在手，无抵押，交通方便，配套成熟。,"卓洲悦园 , 万达",4室2厅,105.58平米,南 北,简装,32层 ,,板塔结合,80 万,7578 元,0,,,VR看装修 | 房本满两年 | 随时看房,https://hui.lianjia.com/ershoufang/105119950577.html
楼层好 户型方正 南北通，楼层好 居住舒适,"德桂佳园一区 , 水口",4室2厅,119.21平米,东南,毛坯,中楼层(共26层) ,,塔楼,89 万,7466 元,0,,,VR房源 | 房本满两年 | 随时看房,https://hui.lianjia.com/ershoufang/105121419533.html
万达商圈、龙光物业、潮南看花园、	户型方正,"龙光玖龙花园 , 万达",4室2厅,109.75平米,南 北,精装,32层 ,,板塔结合,70 万,6379 元,1,,,VR看装修 | 随时看房,https://hui.lianjia.com/ershoufang/105120848964.html
此房业主诚意出售，，此房采光充足，户型方正。,"小径海岸城花园 , 霞涌",3室2厅,104.4平米,南,精装,33层 ,,板塔结合,53 万,5077 元,5,,,VR看装修 | 房本满五年 | 随时看房,https://hui.lianjia.com/ershoufang/105111134858.html
方直星耀国际一线湖景五房双套间大平层,"方直星耀国际 , 河南岸",5室2厅,177平米,南 北,毛坯,低楼层(共45层) ,,板塔结合,400 万,22599 元,0,,,VR看装修 | 房本满五年 | 随时看房,https://hui.lianjia.com/ershoufang/105121503741.html
金山湖湖心岛内！精装修大三房 朝南看花园！安静舒适,"方直东岸 , 河南岸",3室2厅,131.35平米,南,,32层 ,,板塔结合,136 万,10355 元,1,,,VR看装修 | 房本满五年 | 随时看房,https://hui.lianjia.com/ershoufang/105118463538.html
：金山湖湖芯岛方正三房，南向看花园，景观开阔,"湖心岛1号花园 , 河南岸",3室1厅,104.31平米,南,毛坯,低楼层(共32层) ,,板塔结合,100 万,9587 元,0,,7天以前发布,VR房源 | 房本满两年 | 随时看房,https://hui.lianjia.com/ershoufang/105122491902.html
业主精致自装  一线湖景楼下即是金山湖公园 视野开阔,"泰丰·千花岛 , 河南岸",3室2厅,106.89平米,南,,33层 ,,板塔结合,159 万,14876 元,0,,,VR看装修 | 房本满五年 | 随时看房,https://hui.lianjia.com/ershoufang/105121108487.html
临深品质三房，诚心出售！！！！,"卓越蔚蓝海岸七期 , 西区新寮",3室2厅,96平米,东南,精装,34层 ,,塔楼,78 万,8125 元,2,,,VR看装修,https://hui.lianjia.com/ershoufang/105121096588.html
海悦湾漂亮两房，保养好家私拎包入住,"碧桂园十里银滩海悦湾 , 十里银滩",2室1厅,67.48平米,西,精装,30层 ,,板塔结合,25.2 万,3735 元,1,,,VR看装修 | 房本满五年 | 随时看房,https://hui.lianjia.com/ershoufang/105121983502.html
碧桂园珑誉 四房南北通  一线湖景没遮挡,"碧桂园珑誉花园 , 水口",4室2厅,141.67平米,南 北,毛坯,中楼层(共33层) ,,塔楼,91 万,6424 元,0,,,VR看装修 | 房本满五年 | 随时看房,https://hui.lianjia.com/ershoufang/105121722974.html
澳头，精装修，2房2厅，业主诚心卖,"渝景湾花园四期 , 澳头",2室2厅,66平米,南,简装,低楼层(共26层) ,,板塔结合,21 万,3182 元,1,,,VR看装修 | 随时看房,https://hui.lianjia.com/ershoufang/105121945585.html
海棠花郡精装3房2厅 位置好 首付低,"海棠花郡 , 水口",3室2厅,96.19平米,南,精装,17层 ,,板塔结合,76 万,7902 元,0,,,VR看装修 | 房本满五年,https://hui.lianjia.com/ershoufang/105119369148.html
惠南 中锴华章 166.88平四房 花园中间 两梯三户双套间,"中锴·华章 , 河南岸",4室2厅,166.88平米,南,毛坯,中楼层(共31层) ,,塔楼,139 万,8330 元,8,,,VR看装修 | 房本满五年 | 随时看房,https://hui.lianjia.com/ershoufang/105108776700.html
次新房小区，好楼层朝南看花园，视野开阔，无欠款,"荣佳国韵一期 , 龙光城",3室1厅,92.28平米,南,毛坯,33层 ,,板塔结合,61 万,6611 元,1,,,VR房源 | 房本满两年 | 随时看房,https://hui.lianjia.com/ershoufang/105119781751.html
临深百万大盘，牧云溪谷，环境优美楼层好,"牧云溪谷六期云禧 , 新圩",2室2厅,72平米,西南 西,毛坯,32层 ,,板塔结合,69 万,9584 元,0,,,VR看装修 | 随时看房,https://hui.lianjia.com/ershoufang/105121827307.html
海伦堡十里东江 3室2厅 东南,"海伦堡十里东江 , 下角",3室2厅,93.17平米,东南,毛坯,20层 ,,板塔结合,45 万,4830 元,0,,,VR看装修 | 房本满五年 | 随时看房,https://hui.lianjia.com/ershoufang/105121846605.html
临深一线，视野宽阔，交通方便，业主急卖,"锦地繁花 , 西区新寮",3室2厅,92.19平米,南,简装,25层 ,,板塔结合,58 万,6292 元,0,,,VR看装修 | 房本满五年 | 随时看房,https://hui.lianjia.com/ershoufang/105120146599.html
品质小高层大平层南北通透安静看园林,"星河丹堤G4区 , 南站新城",5室2厅,172.32平米,南 北,精装,10层 ,,板塔结合,280 万,16249 元,1,,,VR看装修 | 房本满两年,https://hui.lianjia.com/ershoufang/105122209441.html
红本在手，采光通风好，视野开阔，配套齐全,"银海花园 , 澳头",3室2厅,69平米,东南 南,简装,8层 ,,板塔结合,20 万,2899 元,4,,,VR看装修 | 房本满五年 | 随时看房,https://hui.lianjia.com/ershoufang/105112049064.html
精装修。标准三房。拎包入住，全新。,"惠阳雅居乐花园四期 , 南站新城",3室2厅,86平米,南 北,精装,32层 ,,板塔结合,47.5 万,5524 元,0,,,VR看装修 | 随时看房,https://hui.lianjia.com/ershoufang/105120183024.html
壹城6期次新小区，142平五房南北通双阳台，中间好楼层,"壹城中心6区 , 陈江",5室2厅,142.41平米,南 北,毛坯,中楼层(共32层) ,,塔楼,116 万,8146 元,1,,,VR看装修 | 房本满两年 | 随时看房,https://hui.lianjia.com/ershoufang/105116778934.html
过渡 入手 经济实惠 光线良好,"湖溪新苑 , 水口",3室2厅,90.94平米,东北,简装,高楼层(共8层) ,,板塔结合,27 万,2969 元,0,,,VR看装修 | 房本满五年,https://hui.lianjia.com/ershoufang/105119578520.html
小4房，视野好，无增值税和个税,"星河丹堤S2区 , 南站新城",4室2厅,95.26平米,南,,34层 ,,板塔结合,108 万,11338 元,0,,,VR看装修 | 房本满两年 | 随时看房,https://hui.lianjia.com/ershoufang/105112696350.html
高铁站旁 天虹大润发商圈 中高层南向3加1房！,"旺东国际广场 , 开城大润发",3室2厅,111.28平米,南,毛坯,30层 ,,塔楼,70 万,6291 元,1,,,VR看装修 | 房本满五年 | 随时看房,https://hui.lianjia.com/ershoufang/105118944501.html
荷兰小城，环境优美，小区空间大，小孩读书方便,"光耀荷兰小城 , 陈江",4室2厅,112平米,南,毛坯,31层 ,,板楼,57 万,5090 元,0,,,VR看装修 | 随时看房,https://hui.lianjia.com/ershoufang/105121033126.html
满五唯一 朝南 房子保养新 装修很不错 使用率高,"康怡轩 , 江北",3室1厅,92平米,南,,高楼层(共30层) ,,塔楼,69.6 万,7566 元,0,,29天以前发布,VR房源 | 房本满五年,https://hui.lianjia.com/ershoufang/105122280576.html
临深大四房 双阳台诚心出售 产权清晰,"正兆千树晴山 , 西区新寮",4室2厅,127.9平米,南,毛坯,31层 ,,板楼,75 万,5864 元,0,,6天以前发布,VR房源 | 随时看房,https://hui.lianjia.com/ershoufang/105122502107.html
中骏雍景台 花园高层3房 诚意出售 过户交契税！,"中骏雍景台 , 马安",3室2厅,95.52平米,南,毛坯,高楼层(共33层) ,,板楼,66.5 万,6962 元,0,,,VR看装修 | 随时看房,https://hui.lianjia.com/ershoufang/105121667377.html
星河S2区，朝南三房，中高楼层，全明格局，红本在手,"星河丹堤S2区 , 南站新城",3室2厅,78.73平米,南,毛坯,高楼层(共32层) ,,板塔结合,70 万,8892 元,4,,,VR看装修 | 房本满五年 | 随时看房,https://hui.lianjia.com/ershoufang/105119442302.html
金山湖奥园领寓 精装 保养很好 朝南 花园小区管理,"奥园领寓 , 河南岸",1室1厅,27.68平米,南,精装,31层 ,,塔楼,16 万,5781 元,0,,,VR房源 | 房本满五年 | 随时看房,https://hui.lianjia.com/ershoufang/105120085755.html
深圳业主 急售 中洲天御三期4房 看鸟巢  有钥匙,"中洲天御3期 , 河南岸",4室2厅,127.64平米,南 北,毛坯,中楼层(共32层) ,,板塔结合,135 万,10577 元,0,,,VR看装修 | 随时看房,https://hui.lianjia.com/ershoufang/105120617056.html
房子次新小区，环境好，户型方正实用,"新力东园 , 大亚湾中心区",3室2厅,91.22平米,南,毛坯,32层 ,,板楼,38.5 万,4221 元,2,,,VR看装修 | 房本满两年 | 随时看房,https://hui.lianjia.com/ershoufang/105121008530.html
业主诚意出售，视野好、户型靓。,"新时代花园二期 , 博罗中心区",3室2厅,125.54平米,南,毛坯,28层 ,,板塔结合,49 万,3904 元,0,,,VR看装修 | 房本满五年 | 随时看房,https://hui.lianjia.com/ershoufang/105115176136.html
东江熙园四房两厅两卫 业主诚心出售,"佳兆业东江熙园 , 博罗中心区",4室2厅,118平米,南 北,毛坯,高楼层(共33层) ,,板塔结合,35 万,2967 元,1,,,VR看装修 | 随时看房,https://hui.lianjia.com/ershoufang/105120467112.html
次新小区，房子楼层好，户型方正,"腾韵花园 , 陈江",3室2厅,98.28平米,南,毛坯,32层 ,,塔楼,56 万,5699 元,0,,,VR看装修 | 房本满两年 | 随时看房,https://hui.lianjia.com/ershoufang/105118555806.html
此房业主很少住中高楼层 新中式精装修保养好拎包入住,"合生·上观国际 , 水口",4室2厅,140.59平米,南 北,精装,中楼层(共18层) ,,塔楼,128 万,9105 元,0,,16天以前发布,VR房源,https://hui.lianjia.com/ershoufang/105122392020.html
业主诚心出售 ，看花园 户型方正采光好,"卓越蔚蓝海岸七期 , 西区新寮",3室2厅,85.1平米,西南,简装,28层 ,,板塔结合,70 万,8226 元,1,,,VR看装修 | 房本满五年,https://hui.lianjia.com/ershoufang/105118686612.html
富川瑞园二期3+1 好楼层，好价格 配套成熟,"富川瑞园 , 惠环",4室2厅,94.12平米,东南,毛坯,高楼层(共18层) ,,板塔结合,43 万,4569 元,0,,,VR房源 | 房本满两年 | 随时看房,https://hui.lianjia.com/ershoufang/105120776676.html
位置佳，配套完善，交通便利！满五唯一税费少,"亲水湾 , 吾悦广场",3室2厅,83.97平米,南,毛坯,26层 ,,板塔结合,45 万,5360 元,0,,20天以前发布,VR看装修 | 房本满五年 | 随时看房,https://hui.lianjia.com/ershoufang/105122352524.html
楼栋好，不临街，高楼层，南北通户型,"君跃荃新时代 , 大亚湾中心区",3室2厅,96.92平米,南,毛坯,33层 ,,板塔结合,47.9 万,4943 元,0,,,VR看装修 | 随时看房,https://hui.lianjia.com/ershoufang/105120433658.html
精装修 安静 看花园  户型方正,"海伦堡海伦香洲 , 陈江",3室1厅,83.43平米,南,,低楼层(共32层) ,,板楼,49 万,5874 元,0,,25天以前发布,VR房源 | 房本满五年 | 随时看房,https://hui.lianjia.com/ershoufang/105122313933.html
临深大盘，配套完善南北通户型，诚意出售。,"龙光城龙公馆 , 龙光城",4室2厅,143.29平米,南,精装,4层 ,,板楼,199 万,13888 元,2,,,VR房源 | 随时看房,https://hui.lianjia.com/ershoufang/105120677736.html
万达广场楼上装修四房，业主诚心出售。,"阳光圣菲 , 万达",4室1厅,114平米,北,精装,33层 ,,板塔结合,75 万,6579 元,0,,,VR房源 | 房本满两年 | 随时看房,https://hui.lianjia.com/ershoufang/105121770805.html
精装修全屋品牌家私家电楼下就是鹿江公园，适合居住。,"万城皇冠豪苑 , 水口",4室2厅,132.93平米,南,简装,21层 ,,板楼,155 万,11661 元,0,,,VR房源 | 房本满五年,https://hui.lianjia.com/ershoufang/105119739456.html
丽江花园南区 107平三房急售,"丽江花园南区 , 区政府",3室1厅,107平米,北,简装,18层 ,,板塔结合,57 万,5328 元,0,,,VR看装修 | 随时看房,https://hui.lianjia.com/ershoufang/105122116342.html
太东天地花园 4室2厅 南,"太东天地花园 , 大亚湾中心区",4室2厅,109.09平米,南,毛坯,33层 ,,板塔结合,48.6 万,4456 元,1,,,VR看装修 | 房本满两年 | 随时看房,https://hui.lianjia.com/ershoufang/105122060823.html
丰湖村3房2厅  简装 中间楼层 价格实惠,"丰湖村 , 下埔",3室2厅,115.77平米,南 北,简装,中楼层(共8层) ,,塔楼,31 万,2678 元,2,,,VR看装修 | 房本满两年 | 随时看房,https://hui.lianjia.com/ershoufang/105121378582.html
东江新城 水岸城四期 装修3房 满五唯一 配套齐全,"中信水岸城四期 , 东江新城",3室2厅,87平米,南,精装,低楼层(共30层) ,,板楼,76.8 万,8828 元,0,,,VR看装修 | 房本满五年 | 随时看房,https://hui.lianjia.com/ershoufang/105120579406.html
香悦澜山方正四房 大社区 户型好 园林漂亮，,"新城香悦澜山 , 博罗中心区",4室2厅,122.28平米,南,毛坯,中楼层(共33层) ,,塔楼,49.6 万,4057 元,0,,14天以前发布,VR房源 | 房本满五年 | 随时看房,https://hui.lianjia.com/ershoufang/105122419058.html
南站规划高铁新城区中位，交通便利，社区生活配套齐全,"中信新城 , 南站新城",4室2厅,104.65平米,东南,精装,34层 ,,板塔结合,78 万,7454 元,0,,,VR看装修 | 房本满五年,https://hui.lianjia.com/ershoufang/105121304473.html
雅颂居一房一厅41平米业主诚心比较急出售,"雅颂居 , 大亚湾中心区",1室1厅,41平米,北,毛坯,25层 ,,塔楼,16 万,3903 元,3,,,VR看装修 | 随时看房,https://hui.lianjia.com/ershoufang/105113480977.html
碧桂园山河城 6室2厅 南 北,"碧桂园山河城 , 三和经济开发区",6室2厅,191.12平米,南 北,精装,18层 ,,板塔结合,85 万,4448 元,3,,11天以前发布,VR房源 | 房本满两年,https://hui.lianjia.com/ershoufang/105122443597.html
次新小区，格局靓，采光好，视野开阔无遮挡,"金辉风雅轩 , 秋长",2室2厅,66平米,南,毛坯,32层 ,,板塔结合,28 万,4243 元,0,,,VR看装修 | 房本满两年 | 随时看房,https://hui.lianjia.com/ershoufang/105117730234.html
临深100米 龙光城北八 视野好 看花园游泳池,"龙光城北八期 , 龙光城",4室2厅,105.21平米,东,精装,31层 ,,板塔结合,99 万,9410 元,0,,14天以前发布,VR房源 | 房本满五年 | 随时看房,https://hui.lianjia.com/ershoufang/105122414767.html
外地发展 精装急售 儿童公园楼上 户型方正,"恒大悦龙台 , 万达",3室2厅,85平米,北,精装,32层 ,,板塔结合,61 万,7177 元,0,,,VR看装修 | 随时看房,https://hui.lianjia.com/ershoufang/105121248762.html
东江新城五期 三房两卫 业主诚意出售,"佳兆业东江新城五期 , 博罗中心区",3室1厅,91.94平米,南,毛坯,低楼层(共34层) ,,板塔结合,35.8 万,3894 元,0,,23天以前发布,VR房源,https://hui.lianjia.com/ershoufang/105122331902.html
碧桂园物业，诚心卖，代产权车位，南北都看花园双阳台,"深荟城一期 , 白云新城",4室2厅,135.71平米,东南,精装,32层 ,,板塔结合,116 万,8548 元,5,,,VR看装修 | 房本满五年 | 随时看房,https://hui.lianjia.com/ershoufang/105116944733.html
出门即是公园，一手业主居家好，大3居室拎包入住,"名苑山庄 , 区政府",3室1厅,137.59平米,南,简装,13层 ,,塔楼,75 万,5451 元,0,,,VR房源 | 房本满五年 | 随时看房,https://hui.lianjia.com/ershoufang/105121892187.html
一线江景，南北通透，随时可看的,"水映山 , 博罗中心区",5室2厅,167平米,南 北,毛坯,26层 ,,板塔结合,90 万,5390 元,0,,,VR看装修 | 随时看房,https://hui.lianjia.com/ershoufang/105119747529.html
龙光城南一期 1室1厅 北,"龙光城南一期 , 龙光城",1室1厅,36.77平米,北,,28层 ,,板塔结合,28 万,7615 元,0,,15天以前发布,VR房源 | 房本满五年 | 随时看房,https://hui.lianjia.com/ershoufang/105122403671.html
此房满5不唯一，标准2房2厅户型好，采光好，户型好,"仁和卫城 , 万达",2室2厅,87.41平米,南,精装,18层 ,,塔楼,48.3 万,5526 元,1,,,VR看装修 | 房本满五年,https://hui.lianjia.com/ershoufang/105120280269.html
急售！！！105平大三房，装修保养好直接拎包入住,"半岛1号五期 , 白云新城",3室2厅,105.16平米,南,,22层 ,,板塔结合,82 万,7798 元,0,,,VR看装修 | 随时看房,https://hui.lianjia.com/ershoufang/105121127381.html
星河臻誉府 业主诚心出售 高楼层视野采光好 精致三房,"星河臻誉府 , 陈江",3室2厅,88.99平米,南,精装,高楼层(共32层) ,,塔楼,83.5 万,9384 元,1,,,VR看装修 | 随时看房,https://hui.lianjia.com/ershoufang/105120095616.html
临深大盘，视野开阔，适合居住，诚心出售，方便看房,"荣佳国韵二期 , 龙光城",3室2厅,92.57平米,南,毛坯,33层 ,,板楼,59 万,6374 元,3,,,VR看装修 | 房本满两年 | 随时看房,https://hui.lianjia.com/ershoufang/105119060878.html
碧桂园五星社区 临深 近万达 精装大三房 业主诚心出售,"碧桂园星悦公馆 , 比亚迪商圈",3室2厅,110.4平米,南 北,精装,34层 ,,板塔结合,70 万,6341 元,1,,17天以前发布,VR房源,https://hui.lianjia.com/ershoufang/105122383610.html
万达旁精装两房，满五唯一，拎包入住。,"香榭名苑 , 万达",2室2厅,65.3平米,北,精装,18层 ,,板塔结合,37.8 万,5789 元,1,,,VR看装修 | 房本满五年 | 随时看房,https://hui.lianjia.com/ershoufang/105116671757.html
荷兰小城   成熟大社区  刚需户型  交通便捷 正南朝向,"光耀荷兰小城 , 陈江",4室2厅,124平米,南,毛坯,33层 ,,板塔结合,66 万,5323 元,0,,,VR看装修 | 房本满五年 | 随时看房,https://hui.lianjia.com/ershoufang/105119214683.html
香树丽苑 4室1厅 南,"香树丽苑 , 吾悦广场",4室1厅,113平米,南,简装,中楼层(共33层) ,,板塔结合,62 万,5487 元,3,,,VR房源 | 随时看房,https://hui.lianjia.com/ershoufang/105121466549.html
房子南北通透，户型方正，毛坯总价低,"长通熙园 , 开城大润发",4室1厅,124.6平米,南 北,毛坯,32层 ,,板塔结合,110 万,8829 元,0,,,VR看装修 | 随时看房,https://hui.lianjia.com/ershoufang/105117015861.html
下角银河湾高层东南朝向3房大阳台看房方便,"银河湾 , 下角",3室2厅,99.74平米,东南 南,精装,中楼层(共22层) ,,板楼,79 万,7921 元,1,,,VR看装修 | 房本满五年,https://hui.lianjia.com/ershoufang/105118496923.html
隆生西江花园，153平通透五房，全新装修，安静好楼层,"隆生西江花园 , 东江新城",4室2厅,153.49平米,南,精装,低楼层(共32层) ,,塔楼,236 万,15376 元,0,,,VR看装修,https://hui.lianjia.com/ershoufang/105122029117.html
业主急售！南北通透格局，楼层高，可看湖，无抵押,"星河丹堤V2区 , 南站新城",4室2厅,117.65平米,南 北,毛坯,32层 ,,塔楼,120 万,10200 元,0,,,VR看装修 | 房本满两年 | 随时看房,https://hui.lianjia.com/ershoufang/105121119971.html
仲恺体育馆成熟小区，中间好楼层,"鑫月广场 , 陈江",4室2厅,117.13平米,南,毛坯,中楼层(共33层) ,,塔楼,70 万,5977 元,0,,,VR看装修 | 房本满五年 | 随时看房,https://hui.lianjia.com/ershoufang/105118390106.html
珠光御景湾4房2厅南北通透双阳台,"珠光御景湾 , 水口",3室2厅,122.75平米,南 北,精装,17层 ,,板塔结合,78 万,6355 元,0,,,VR房源 | 房本满五年 | 随时看房,https://hui.lianjia.com/ershoufang/105121619463.html
业主诚意出售，中间楼层，实用户型，面积使用率高,"花样年花郡 , 大亚湾中心区",2室1厅,70.24平米,南,毛坯,34层 ,,塔楼,22.8 万,3247 元,4,,,VR看装修 | 房本满五年 | 随时看房,https://hui.lianjia.com/ershoufang/105121863812.html
金山湖中洲天御，品质大社区，中间楼层视野好，诚心卖,"中洲天御二期 , 河南岸",3室2厅,92.88平米,南,毛坯,中楼层(共33层) ,,板塔结合,80 万,8614 元,0,,,VR看装修 | 房本满两年 | 随时看房,https://hui.lianjia.com/ershoufang/105118002183.html
新力城3期4房136平方精装修出售，全新装修未住过！,"新力城三期 , 水口",4室2厅,136平米,南,精装,高楼层(共32层) ,,板楼,133 万,9780 元,0,,,VR看装修 | 随时看房,https://hui.lianjia.com/ershoufang/105121910696.html
【一线临深精选好房】冠华城三房南北通双阳台，诚心卖,"冠华城桂香园 , 西区新寮",3室2厅,100.74平米,南 北,毛坯,31层 ,,塔楼,65 万,6453 元,1,,20天以前发布,VR看装修 | 房本满两年 | 随时看房,https://hui.lianjia.com/ershoufang/105122346801.html
东南朝向高楼层看海景观好，红本在手随时过户,"维港湾花园 , 十里银滩",3室2厅,100.81平米,南,精装,34层 ,,板塔结合,44 万,4365 元,6,,,VR看装修 | 房本满两年 | 随时看房,https://hui.lianjia.com/ershoufang/105120161675.html
交通便利，配套 成熟大社区，楼层好视野好,"花样年别样城五期 , 新行政区",2室2厅,63.28平米,南,简装,32层 ,,板塔结合,34 万,5373 元,0,,,VR看装修 | 随时看房,https://hui.lianjia.com/ershoufang/105120794941.html
惠东亚婆角长沙湾花园一线无遮挡海景单房视野开,"宏昌山海传奇 , 十里银滩",1室1厅,46.49平米,南,精装,32层 ,,塔楼,25.3 万,5443 元,0,,,VR看装修 | 随时看房,https://hui.lianjia.com/ershoufang/105118483913.html
金山湖 山姆会员店旁 舒适3房 产权清晰,"中海凯旋城四期 , 河南岸",3室1厅,89.12平米,东南 南,简装,31层 ,,塔楼,78 万,8753 元,0,,,VR房源 | 房本满五年 | 随时看房,https://hui.lianjia.com/ershoufang/105121181143.html
金山湖花园三区 南北通4房 中间楼层 看花园安静不吵,"金山湖花园三区 , 河南岸",4室2厅,124.95平米,西南,精装,14层 ,,塔楼,140 万,11205 元,1,,,VR看装修 | 房本满五年 | 随时看房,https://hui.lianjia.com/ershoufang/105120678067.html
坪山河旁，视野采光好，户型方正，没有欠款,"美茵河畔花园 , 龙光城",3室2厅,101.52平米,南 北,精装,32层 ,,板塔结合,85 万,8373 元,0,,,VR看装修 | 房本满两年 | 随时看房,https://hui.lianjia.com/ershoufang/105120135018.html
精装修朝南无个税拎包入住百万大盘,"星河丹堤F区 , 南站新城",3室1厅,89.48平米,东南,精装,34层 ,,板塔结合,75 万,8382 元,5,,,VR房源 | 房本满五年 | 随时看房,https://hui.lianjia.com/ershoufang/105120010855.html
这套是离高铁比较远的那栋好楼层 南北通,"长通熙园 , 开城大润发",2室1厅,70.16平米,南 北,简装,32层 ,,塔楼,48 万,6842 元,0,,,VR房源 | 房本满五年 | 随时看房,https://hui.lianjia.com/ershoufang/105121239555.html
东南向，远看山景，近看小区园林水景，,"金地天润自在城一期 , 西区新寮",3室2厅,83.54平米,东南,简装,33层 ,,板塔结合,68 万,8140 元,3,,,VR看装修 | 房本满两年 | 随时看房,https://hui.lianjia.com/ershoufang/105118323293.html
精心装修，拎包入住，电梯中间楼层，采光视野好,"华润置地万象天汇 , 河南岸",3室2厅,96平米,南,精装,低楼层(共33层) ,,塔楼,129 万,13438 元,1,,,VR看装修 | 房本满两年 | 随时看房,https://hui.lianjia.com/ershoufang/105120340113.html
房子位于水口繁华区一线看江家门口鹿江沥公园 环境好,"新城鹿江风华 , 水口",4室2厅,123平米,南 北,,中楼层(共18层) ,,板塔结合,132 万,10732 元,0,,,VR看装修 | 随时看房,https://hui.lianjia.com/ershoufang/105119999941.html
金山湖金岸花苑 电梯四房 业主重新装修,"金岸花苑 , 河南岸",4室2厅,107.17平米,东,精装,9层 ,,板楼,69.9 万,6523 元,0,,15天以前发布,VR房源 | 房本满五年,https://hui.lianjia.com/ershoufang/105122404353.html
蓝光雍和园3房2厅2卫房售价仅：107.8万,"蓝光雍和园 , 龙丰",3室2厅,129.38平米,东南,,高楼层(共31层) ,,板楼,107.8 万,8333 元,0,,,VR看装修 | 房本满两年 | 随时看房,https://hui.lianjia.com/ershoufang/105120262945.html
社区有环湖跑道，登山道，小区实行24小时保..,"星河丹堤C区 , 南站新城",4室2厅,149.8平米,南,毛坯,27层 ,,板塔结合,129.8 万,8665 元,7,,,VR看装修 | 房本满五年 | 随时看房,https://hui.lianjia.com/ershoufang/105119050267.html
全新末住过，无抵押，业主诚心出售，价格可谈。,"群峰花园 , 南站新城",3室2厅,94.63平米,东南,,中楼层(共33层) ,,塔楼,55 万,5813 元,0,,,VR看装修 | 房本满两年 | 随时看房,https://hui.lianjia.com/ershoufang/105120939638.html
精装修南北通透大4房2卫看一线江景无遮挡海伦湾,"海伦堡海伦湾 , 东平",4室2厅,131.92平米,南 北,精装,中楼层(共32层) ,,板塔结合,138 万,10461 元,0,,,VR看装修 | 房本满五年 | 随时看房,https://hui.lianjia.com/ershoufang/105120053667.html
马路对  面就是西湖  实用2房 总价低 保养好,"下角东路16号 , 下角",2室2厅,66.37平米,东,简装,中楼层(共9层) ,,板楼,26.8 万,4038 元,1,,,VR看装修 | 房本满五年 | 随时看房,https://hui.lianjia.com/ershoufang/105120683443.html
隆生仲恺花园新社区视野开阔四房,"隆生仲恺花园2区 , 陈江",4室2厅,123平米,南,毛坯,中楼层(共32层) ,,,82 万,6667 元,0,,,VR看装修 | 房本满两年 | 随时看房,https://hui.lianjia.com/ershoufang/105121445049.html
中洲天御 免个税 实用3房 中间楼层 看花园 无遮挡,"中洲天御二期 , 河南岸",3室2厅,93平米,南,毛坯,中楼层(共28层) ,,板塔结合,78 万,8388 元,0,,,VR房源 | 房本满五年 | 随时看房,https://hui.lianjia.com/ershoufang/105117038023.html
朝南向中间楼层看花园。安静舒适。,"星河丹堤S2区 , 南站新城",4室2厅,93.43平米,东南,毛坯,33层 ,,板塔结合,118 万,12630 元,0,,,VR看装修 | 房本满两年 | 随时看房,https://hui.lianjia.com/ershoufang/105112685026.html
吾悦商圈 南北通户型 配套成熟,"海惠花园二区 , 吾悦广场",3室2厅,124.04平米,南 北,毛坯,18层 ,,塔楼,55 万,4435 元,2,,,VR房源 | 房本满五年 | 随时看房,https://hui.lianjia.com/ershoufang/105118830141.html
临深大品牌央企大花园，成熟社区生活配套完善,"金地天润自在城一期 , 西区新寮",3室1厅,83.37平米,西南,精装,33层 ,,塔楼,67 万,8037 元,2,,,VR看装修,https://hui.lianjia.com/ershoufang/105122068665.html
星河丹堤新中式园林 南北通透 中高楼 看水库美景,"星河丹堤G4区 , 南站新城",4室2厅,124.48平米,南 北,毛坯,33层 ,,板塔结合,138 万,11087 元,0,,,VR看装修 | 房本满两年 | 随时看房,https://hui.lianjia.com/ershoufang/105116289042.html
百万大盘 星河物业 户型方正 拎包入住,"星河丹堤E区 , 南站新城",2室1厅,75平米,南,精装,30层 ,,,59.8 万,7974 元,7,,,VR看装修 | 房本满五年 | 随时看房,https://hui.lianjia.com/ershoufang/105118024694.html
仲恺政务中芯，精装修三房，拎包入住,"万燊花苑 , 惠环",3室2厅,84.12平米,南 北,,中楼层(共31层) ,,板塔结合,56 万,6658 元,0,,18天以前发布,VR房源 | 房本满五年,https://hui.lianjia.com/ershoufang/105122373972.html
一线临深金辉优步学府精装修3业主诚心急售,"金辉优步学府 , 白云新城",3室2厅,94.67平米,南,,32层 ,,板塔结合,59 万,6233 元,0,,,VR看装修 | 房本满两年 | 随时看房,https://hui.lianjia.com/ershoufang/105122013842.html
小区教育，交通，休闲，购物银行配套设施完善便利,"保华铂郡 , 河南岸",4室2厅,140.34平米,南 北,毛坯,30层 ,,板塔结合,176 万,12541 元,0,,,VR房源 | 房本满两年 | 随时看房,https://hui.lianjia.com/ershoufang/105114890971.html
五矿二期，一线湖景，户型方正，业主诚心出售,"五矿哈施塔特 , 博罗中心区",4室2厅,110.3平米,南,毛坯,高楼层(共33层) ,,塔楼,45 万,4080 元,1,,,VR看装修 | 房本满两年 | 随时看房,https://hui.lianjia.com/ershoufang/105120188170.html
万达精装复式，视野开阔，出行方便，急售,"永昶公寓 , 万达",3室2厅,56.71平米,东南,简装,12层 ,,板塔结合,25 万,4409 元,12,,,VR房源 | 房本满五年 | 随时看房,https://hui.lianjia.com/ershoufang/105117342156.html
玖悦府带车位精装修三房，安静采光通风很好,"玖悦府 , 麦地",3室2厅,94.88平米,南,精装,低楼层(共26层) ,,板塔结合,83 万,8748 元,0,,,VR看装修 | 随时看房,https://hui.lianjia.com/ershoufang/105116992218.html
此房朝南无遮挡，中间楼层中间位置。业主诚心,"深荟城一期 , 白云新城",3室2厅,91.75平米,南,精装,32层 ,,板塔结合,77.8 万,8480 元,0,,8天以前发布,VR房源 | 随时看房,https://hui.lianjia.com/ershoufang/105122479577.html
好宜多旁万科文瀚花园精装修三房朝南有钥匙随时看房,"万科中天宏远文瀚花园 , 区政府",3室2厅,91.74平米,南,精装,高楼层(共33层) ,,,92 万,10029 元,1,,,VR看装修 | 随时看房,https://hui.lianjia.com/ershoufang/105122190856.html
华廷悦府成熟配套，精装修，朝南四房高楼层视野开阔,"华廷悦府 , 陈江",4室2厅,108.71平米,南,精装,高楼层(共31层) ,,塔楼,96 万,8831 元,0,,,VR看装修 | 房本满两年 | 随时看房,https://hui.lianjia.com/ershoufang/105119933271.html
格局好 视野宽阔 采光充足 配套设施齐 业主急售,"中信新城C区 , 南站新城",4室2厅,127.9平米,东南 南,精装,34层 ,,板塔结合,86 万,6725 元,0,,,VR看装修 | 房本满五年,https://hui.lianjia.com/ershoufang/105120582652.html
轻轨口碧桂园盛汇广场精装公寓1房精致漂亮,"碧桂园盛汇 , 龙丰",1室0厅,38.74平米,南,精装,高楼层(共32层) ,,塔楼,18.8 万,4853 元,2,,,VR看装修 | 房本满两年 | 随时看房,https://hui.lianjia.com/ershoufang/105121427426.html
精装 采光通风好 有红本 诚心出售 即买即住或出租,"德洲城一-二期 , 西区新寮",2室1厅,76.75平米,南,简装,17层 ,,板塔结合,48 万,6255 元,1,,12天以前发布,VR房源 | 房本满五年 | 随时看房,https://hui.lianjia.com/ershoufang/105122441508.html
中骏雍景府小区环境优美，楼下很方便，,"中骏雍景府 , 江北",2室1厅,41平米,南,,中楼层(共22层) ,,板塔结合,16.5 万,4025 元,1,,,VR房源 | 随时看房,https://hui.lianjia.com/ershoufang/105119955338.html
临深精装两房，品质物业，生活配套方便，业主诚售可聊,"碧桂园太东·蜜柚 , 西区新寮",2室1厅,60.12平米,南,精装,33层 ,,塔楼,40.5 万,6737 元,4,,,VR房源 | 随时看房,https://hui.lianjia.com/ershoufang/105120527501.html
临深次新品质小区！全新奶油风装修！拎包即可入住,"丰谷天玺 , 龙光城",3室1厅,85.53平米,南,精装,29层 ,,塔楼,73 万,8536 元,0,,,VR看装修 | 随时看房,https://hui.lianjia.com/ershoufang/105121694697.html
大社区成熟片区，绿化环境空气好生活便利，鹿江公园,"隆生皇冠花园 , 水口",4室2厅,142.72平米,南,精装,32层 ,,塔楼,129 万,9039 元,0,,,VR房源,https://hui.lianjia.com/ershoufang/105121907738.html
装修三房 大社区 适合居住 好楼层 看花园,"海伦堡院子 , 水口",3室2厅,104.02平米,南,,高楼层(共25层) ,,板塔结合,60 万,5769 元,0,,,VR看装修 | 房本满五年,https://hui.lianjia.com/ershoufang/105118440657.html
中海阅江二期 中高楼层 全新精装修 拎包入住 有钥匙,"中海阅江府2期 , 东江新城",4室2厅,119.52平米,东南,精装,高楼层(共27层) ,,板楼,125 万,10459 元,0,,,VR看装修 | 房本满两年 | 随时看房,https://hui.lianjia.com/ershoufang/105121202656.html
中建物业  中天彩虹城3室  业主诚心出售  看房方便,"中天彩虹城北区 , 开城大润发",3室2厅,118平米,南,精装,28层 ,,板楼,66 万,5594 元,0,,,VR房源,https://hui.lianjia.com/ershoufang/105119953551.html
户型方正，楼层好，采光视野可以,"新际首座 , 大亚湾中心区",1室1厅,54平米,西南,简装,28层 ,,板塔结合,20 万,3704 元,3,,,VR看装修 | 随时看房,https://hui.lianjia.com/ershoufang/105120391124.html
半岛公园旁 次新小区 深东新锐 大三房 诚意出售,"深东新锐 , 区政府",3室1厅,107.61平米,南,,中楼层(共28层) ,,板塔结合,75 万,6970 元,0,,,VR房源 | 房本满两年 | 随时看房,https://hui.lianjia.com/ershoufang/105117334776.html
尚城世家三期    3房带装修   业主诚心出售,"尚城世家三期 , 区政府",3室2厅,97.69平米,东,精装,高楼层(共31层) ,,板塔结合,107 万,10954 元,3,,,VR看装修 | 房本满两年,https://hui.lianjia.com/ershoufang/105113874569.html
楼层好，视野好，无抵押，户型方正，业主诚心出售,"亚迪二村一区 , 澳头",4室2厅,149平米,南,,32层 ,,板塔结合,59 万,3960 元,0,,,VR看装修 | 随时看房,https://hui.lianjia.com/ershoufang/105121563632.html
壹城中心11区  毛坯南北通4房 踩光好 户型方正,"壹城中心11区 , 陈江",4室2厅,124平米,南 北,毛坯,高楼层(共30层) ,,板塔结合,93 万,7500 元,0,,,VR看装修 | 随时看房,https://hui.lianjia.com/ershoufang/105121336583.html
一线临深，标准大三房，业主红本在手，没有欠款,"锦地繁花骏园 , 西区新寮",3室2厅,98.43平米,东南,,30层 ,,板塔结合,60 万,6096 元,0,,,VR看装修 | 房本满两年 | 随时看房,https://hui.lianjia.com/ershoufang/105120112429.html
麦地成熟小区生活便利交通方便住家装修,"麦地南山庄二期 , 麦地",3室2厅,109.51平米,南,简装,中楼层(共8层) ,,板塔结合,82 万,7488 元,0,,,VR看装修 | 房本满五年 | 随时看房,https://hui.lianjia.com/ershoufang/105117210713.html
新力城118平 品质精装三房，保养99新,"新力城一期 , 水口",3室2厅,117.73平米,南,,高楼层(共33层) ,,板楼,118 万,10023 元,0,,,VR看装修 | 房本满两年,https://hui.lianjia.com/ershoufang/105122011138.html
精装修，次新小区，看小区园林景观，安静舒适,"太东天地花园 , 大亚湾中心区",4室2厅,107.86平米,南 北,精装,29层 ,,板塔结合,65 万,6027 元,0,,,VR看装修 | 房本满五年 | 随时看房,https://hui.lianjia.com/ershoufang/105121975782.html
腾韵花园，南北通四房，中间楼层，视野景观好，朝花园,"腾韵花园 , 陈江",4室2厅,116.37平米,南 北,,32层 ,,板塔结合,78 万,6703 元,0,,,VR看装修 | 房本满两年 | 随时看房,https://hui.lianjia.com/ershoufang/105121542890.html
吾悦万达商圈，高铁站旁，生活配套齐全,"碧桂园太东公园上城 , 吾悦广场",3室2厅,110.54平米,南 北,精装,32层 ,,塔楼,108 万,9771 元,0,,,VR看装修 | 房本满五年 | 随时看房,https://hui.lianjia.com/ershoufang/105120513547.html
华润小径湾精装修大一房，朝向南,"华润小径湾二期 , 霞涌",1室1厅,52平米,南,简装,32层 ,,板塔结合,21.8 万,4193 元,1,,,VR房源,https://hui.lianjia.com/ershoufang/105121284089.html
深圳创维惠州园区 高铁站 碧桂园科学城 精装三室二卫,"碧桂园云创家园 , 潼侨沥林",4室2厅,134.71平米,南 北,简装,中楼层(共34层) ,,,80 万,5939 元,0,,,VR看装修 | 房本满两年 | 随时看房,https://hui.lianjia.com/ershoufang/105119580009.html
临深交界，刚需户型，配套成熟，有钥匙随时可看,"爱琴海 , 西区新寮",2室1厅,56.3平米,东南,毛坯,33层 ,,板塔结合,37 万,6572 元,6,,,VR房源 | 房本满五年 | 随时看房,https://hui.lianjia.com/ershoufang/105116061844.html
大社区，近学 校 ，标准住宅风格，采光好，户型方正,"光耀荷兰小城 , 陈江",4室2厅,114.19平米,北,,中楼层(共33层) ,,板塔结合,53 万,4642 元,0,,,VR看装修,https://hui.lianjia.com/ershoufang/105120141114.html
万达广场精装四房，业主要钱不要房,"龙光玖龙花园 , 万达",4室2厅,111.97平米,南,精装,32层 ,,板塔结合,75 万,6699 元,0,,,VR看装修 | 房本满两年 | 随时看房,https://hui.lianjia.com/ershoufang/105113925607.html
无遮挡 视野好 精装保养好 拎包入住,"保华铂郡 , 河南岸",4室2厅,140.34平米,北 南,精装,30层 ,,板塔结合,198 万,14109 元,1,,,VR房源 | 房本满两年,https://hui.lianjia.com/ershoufang/105119287836.html
急售 一品中央  南北通 双阳台3+1房,"一品中央 , 博罗石湾",3室1厅,121.57平米,南 北,,27层 ,,板塔结合,53 万,4360 元,0,,,VR看装修 | 房本满五年 | 随时看房,https://hui.lianjia.com/ershoufang/105119801245.html
水岸城二期 小三房毛坯 花园楼栋 中间楼层,"中信水岸城二三期 , 东江新城",3室1厅,86.08平米,东南,,17层 ,,板塔结合,73 万,8481 元,0,,18天以前发布,VR看装修 | 房本满五年 | 随时看房,https://hui.lianjia.com/ershoufang/105122365478.html
荷兰小城中间楼层，视野开阔，户型方正，采光通风好！,"光耀荷兰小城 , 陈江",4室2厅,114.19平米,北,毛坯,高楼层(共33层) ,,板塔结合,57 万,4992 元,1,,,VR看装修 | 随时看房,https://hui.lianjia.com/ershoufang/105121494824.html
近仲恺高铁站，邻中韩产业园，中间楼层温馨三房诚心卖,"玖龙台 , 潼侨沥林",3室2厅,89平米,东南,,高楼层(共27层) ,,,43 万,4832 元,0,,,VR看装修 | 房本满两年 | 随时看房,https://hui.lianjia.com/ershoufang/105119997970.html
万达商旁精品复式房、视野好，位置好，新装修,"中萃花城湾 , 万达",6室2厅,120.16平米,南,精装,16层 ,,塔楼,128 万,10653 元,0,,,VR房源 | 房本满五年,https://hui.lianjia.com/ershoufang/105121565063.html
大湖花园 装修小3房 小区有花园 有证 过渡合适,"大湖花园 , 水口",3室2厅,53平米,南,简装,高楼层(共8层) ,,板楼,18 万,3397 元,1,,,VR看装修,https://hui.lianjia.com/ershoufang/105116210945.html
精装修四房两厅，座北朝南，采光户型好合适一家人居住,"珠光御景湾 , 水口",4室2厅,133平米,东南 南,精装,17层 ,,板塔结合,75 万,5640 元,1,,,VR看装修,https://hui.lianjia.com/ershoufang/105119211075.html
金山湖湖心岛内！精装修大三房 朝南看花园！安静舒适,"方直东岸 , 河南岸",3室2厅,131.35平米,南,,32层 ,,板塔结合,136 万,10355 元,1,,,VR看装修 | 房本满五年 | 随时看房,https://hui.lianjia.com/ershoufang/105118463538.html
三和经济开发区，新力龙湾，全屋定制家私家电,"新力珑湾 , 三和经济开发区",3室2厅,89.72平米,南,,中楼层(共31层) ,,塔楼,50 万,5573 元,0,,6天以前发布,VR房源 | 随时看房,https://hui.lianjia.com/ershoufang/105122504741.html
"小区环境优美,绿化覆盖率高通透性好，适宜居住","玖龙台 , 潼侨沥林",3室2厅,88.75平米,南,,32层 ,,板塔结合,44 万,4958 元,0,,,VR看装修 | 房本满两年 | 随时看房,https://hui.lianjia.com/ershoufang/105121976855.html
横厅大四房，交通便利，配套齐全。,"龙光城北八期 , 龙光城",4室2厅,118.02平米,南 北,精装,17层 ,,板塔结合,117.1 万,9923 元,3,,,VR看装修 | 房本满五年 | 随时看房,https://hui.lianjia.com/ershoufang/105119859293.html
德润天峰中间楼层朝正南小三房诚意售出,"德润天峰 , 潼侨沥林",3室2厅,79.89平米,南,毛坯,18层 ,,板塔结合,38 万,4757 元,0,,,VR看装修 | 随时看房,https://hui.lianjia.com/ershoufang/105121373911.html
房子格局 楼层好 视野开阔 采光充足,"碧桂园云创家园 , 潼侨沥林",2室1厅,42.64平米,东南,,20层 ,,板塔结合,22.6 万,5301 元,0,,17天以前发布,VR房源 | 房本满五年 | 随时看房,https://hui.lianjia.com/ershoufang/105122387121.html
陈江轻轨口天益城沃尔玛商圈 隆生仲恺花园3房价格实惠,"隆生仲恺花园 , 陈江",3室2厅,112.25平米,东南,毛坯,32层 ,,塔楼,70 万,6237 元,0,,,VR看装修 | 随时看房,https://hui.lianjia.com/ershoufang/105121224808.html
临深一线，视野宽阔，交通方便，业主急卖,"锦地繁花 , 西区新寮",3室2厅,92.19平米,南,简装,25层 ,,板塔结合,58 万,6292 元,0,,,VR看装修 | 房本满五年 | 随时看房,https://hui.lianjia.com/ershoufang/105120146599.html
品质小高层大平层南北通透安静看园林,"星河丹堤G4区 , 南站新城",5室2厅,172.32平米,南 北,精装,10层 ,,板塔结合,280 万,16249 元,1,,,VR看装修 | 房本满两年,https://hui.lianjia.com/ershoufang/105122209441.html
中信水岸城四期玫瑰湾央企大社区,"中信水岸城四期 , 东江新城",3室2厅,112平米,南,精装,中楼层(共30层) ,,板楼,106.8 万,9536 元,0,,,VR房源,https://hui.lianjia.com/ershoufang/105121098663.html
龙光城大三房 业主诚心卖 视野开阔 采光好,"龙光城北三期 , 龙光城",3室2厅,81.57平米,东南 南,精装,低楼层(共34层) ,,板塔结合,67 万,8214 元,27,,,VR看装修 | 房本满五年 | 随时看房,https://hui.lianjia.com/ershoufang/105109093947.html
横厅4房  业主诚心出售  有钥匙随时可以看房,"龙光城南四期 , 龙光城",4室2厅,108.72平米,东北,毛坯,34层 ,,塔楼,88 万,8095 元,0,,13天以前发布,VR房源 | 房本满五年 | 随时看房,https://hui.lianjia.com/ershoufang/105122420303.html
急售！五月花花园，深圳14号线沙田地铁口物业,"德丰·五月花花园 , 西区新寮",2室2厅,80平米,南,精装,17层 ,,塔楼,48 万,6000 元,0,,,VR看装修,https://hui.lianjia.com/ershoufang/105118401792.html
业主精致自装  一线湖景楼下即是金山湖公园 视野开阔,"泰丰·千花岛 , 河南岸",3室2厅,106.89平米,南,,33层 ,,板塔结合,159 万,14876 元,0,,,VR看装修 | 房本满五年 | 随时看房,https://hui.lianjia.com/ershoufang/105121108487.html
：金山湖湖芯岛方正三房，南向看花园，景观开阔,"湖心岛1号花园 , 河南岸",3室1厅,104.31平米,南,毛坯,低楼层(共32层) ,,板塔结合,100 万,9587 元,0,,7天以前发布,VR房源 | 房本满两年 | 随时看房,https://hui.lianjia.com/ershoufang/105122491902.html
海悦湾漂亮两房，保养好家私拎包入住,"碧桂园十里银滩海悦湾 , 十里银滩",2室1厅,67.48平米,西,精装,30层 ,,板塔结合,25.2 万,3735 元,1,,,VR看装修 | 房本满五年 | 随时看房,https://hui.lianjia.com/ershoufang/105121983502.html
位置好，采光充足，业主诚意急卖，方便看房,"星河丹堤G4区 , 南站新城",5室2厅,172.32平米,南 北,毛坯,10层 ,,板塔结合,240 万,13928 元,1,,,VR看装修 | 房本满两年 | 随时看房,https://hui.lianjia.com/ershoufang/105120272939.html
满五唯一  中间楼层  采光通风不错,"玫瑰华庭 , 草洋新区",3室1厅,93.44平米,南,,9层 ,,板楼,38.8 万,4153 元,0,,,VR看装修 | 房本满五年,https://hui.lianjia.com/ershoufang/105121247981.html
急售 灿邦商圈 南北通4房2卫3阳台 中高楼层 视野好,"十月花花园 , 大亚湾中心区",4室2厅,131.08平米,南 北,简装,33层 ,,板楼,88 万,6714 元,0,,,VR看装修 | 房本满五年 | 随时看房,https://hui.lianjia.com/ershoufang/105114199813.html
精装三房朝南看花园，业主诚心出售,"金洋嘉丽园 , 澳头",3室2厅,103平米,南,精装,28层 ,,板塔结合,60 万,5826 元,0,,,VR看装修 | 房本满五年 | 随时看房,https://hui.lianjia.com/ershoufang/105120236107.html
沃尔玛门口菁华园小区两房 中高层 户型方正 生活便利,"菁华园 , 澳头",2室2厅,75平米,南 北,简装,高楼层(共20层) ,,板塔结合,34 万,4534 元,0,,,VR看装修 | 随时看房,https://hui.lianjia.com/ershoufang/105122199130.html
家华名都花园 精装2房 户型方正 拎包入住 金茂大市场,"家华名都花园 , 陈江",2室2厅,75.75平米,西北,精装,19层 ,,塔楼,42 万,5545 元,0,,,VR房源 | 房本满五年 | 随时看房,https://hui.lianjia.com/ershoufang/105122199836.html
知本领寓   两房两厅一卫  自住装修,"知本领寓 , 陈江",2室2厅,63.96平米,东北,精装,中楼层(共16层) ,,板塔结合,32 万,5004 元,0,,,VR看装修 | 随时看房,https://hui.lianjia.com/ershoufang/105121674629.html
南北通户型，成交快，欢迎大家来带看,"深业喜悦城 , 惠环",4室2厅,128.47平米,东南,,33层 ,,板塔结合,60 万,4671 元,1,,,VR看装修 | 房本满两年 | 随时看房,https://hui.lianjia.com/ershoufang/105114187407.html
位置好，出门是商场，户型很好，看花园,"翡翠山珑悦 , 万达",3室2厅,89.76平米,南 北,简装,34层 ,,塔楼,80 万,8913 元,1,,,VR看装修 | 房本满五年,https://hui.lianjia.com/ershoufang/105119138777.html
星河丹G4区，4房南北通透，视野景观好,"星河丹堤G4区 , 南站新城",4室2厅,124.48平米,南 北,精装,33层 ,,板塔结合,158 万,12693 元,1,,,VR房源 | 房本满两年,https://hui.lianjia.com/ershoufang/105120727107.html
大亚湾红树林湿地公园旁复式三房红本无抵押随时看房,"美林雅苑 , 澳头",3室2厅,38.98平米,北,毛坯,9层 ,,板塔结合,16 万,4105 元,2,,,VR看装修 | 随时看房,https://hui.lianjia.com/ershoufang/105121784631.html
红本在手，南 北朝向，精装修楼层好视野宽阔,"亲水湾 , 吾悦广场",3室2厅,92.82平米,南,精装,26层 ,,板塔结合,61 万,6572 元,0,,,VR看装修 | 房本满五年 | 随时看房,https://hui.lianjia.com/ershoufang/105113329027.html
中骏雍景湾三房，楼层好，户型方正光线好，朝南向,"中骏雍景湾南区 , 河南岸",3室2厅,95.84平米,南,,低楼层(共30层) ,,板塔结合,89 万,9287 元,0,,,VR看装修 | 房本满两年 | 随时看房,https://hui.lianjia.com/ershoufang/105121274358.html
惠阳2018年的小区朝南看山景三房二卫未入住的精装房,"碧桂园山河城 , 三和经济开发区",3室1厅,96.97平米,南,精装,34层 ,,板塔结合,45 万,4641 元,1,,,VR房源 | 随时看房,https://hui.lianjia.com/ershoufang/105117325339.html
临深一路之隔，一刻钟到沙田站，公交车直达到聚龙山,"富康锦绣壹号 , 西区新寮",4室1厅,112平米,南,精装,33层 ,,塔楼,112 万,10000 元,3,,,VR房源 | 房本满五年 | 随时看房,https://hui.lianjia.com/ershoufang/105120226933.html
双城国际南区 朝南 实用2房 装修很新 封窗 安静不吵,"双城国际南区 , 江北",2室1厅,54.35平米,南,精装,中楼层(共18层) ,,板塔结合,60 万,11040 元,0,,,VR看装修 | 房本满两年 | 随时看房,https://hui.lianjia.com/ershoufang/105121862016.html
临深白云新城 通勤便利 配套齐全 居住好 近地铁,"鹏城里 , 白云新城",4室2厅,112.1平米,南 北,毛坯,30层 ,,板塔结合,55 万,4907 元,0,,19天以前发布,VR房源 | 房本满两年 | 随时看房,https://hui.lianjia.com/ershoufang/105122358403.html
临深央企保利阳光城93平精装四房,"保利阳光城二期 , 白云新城",4室2厅,92.57平米,北,精装,32层 ,,板塔结合,66.8 万,7217 元,0,,,VR看装修 | 房本满五年 | 随时看房,https://hui.lianjia.com/ershoufang/105121747632.html
临深入住率高，税费低，精装修，配套齐全,"尚城世家二期 , 区政府",3室1厅,113.58平米,东南,精装,26层 ,,板塔结合,118 万,10390 元,0,,,VR房源 | 房本满五年 | 随时看房,https://hui.lianjia.com/ershoufang/105121458711.html
区政府 配套齐全 业主急售...,"中港华庭 , 区政府",1室1厅,50平米,东,,26层 ,,塔楼,19.8 万,3960 元,0,,,VR看装修 | 随时看房,https://hui.lianjia.com/ershoufang/105112984971.html
全新未住，业主诚意出售，南北向看花园，中间楼层,"龙湖天宸原著花园 , 河南岸",4室2厅,138.01平米,南,精装,中楼层(共33层) ,,塔楼,209 万,15144 元,1,,,VR看装修 | 随时看房,https://hui.lianjia.com/ershoufang/105118908790.html
隆生大社区 近天益城 朝南向 千米楼间距 视野开阔,"隆生仲恺花园3区 , 陈江",3室2厅,110.47平米,南,毛坯,中楼层(共33层) ,,塔楼,73 万,6609 元,0,,,VR看装修 | 房本满两年 | 随时看房,https://hui.lianjia.com/ershoufang/105120457163.html
全新精装修三房，带家私电器出售，高层采光通风无暗房,"新力城二期 , 水口",3室2厅,89.88平米,南,精装,高楼层(共31层) ,,板楼,66.6 万,7410 元,0,,,VR看装修 | 房本满五年 | 随时看房,https://hui.lianjia.com/ershoufang/105119905264.html
碧桂园山河城 3室2厅 北,"碧桂园山河城 , 三和经济开发区",3室2厅,92.32平米,北,精装,18层 ,,板塔结合,32.8 万,3553 元,0,,18天以前发布,VR看装修 | 随时看房,https://hui.lianjia.com/ershoufang/105122368563.html
临14号地铁沙田站 ，次新房户型方正， 业主诚心出售,"壹方天第 , 白云新城",3室2厅,112.48平米,西南,精装,34层 ,,板塔结合,73 万,6491 元,2,,,VR看装修 | 随时看房,https://hui.lianjia.com/ershoufang/105113461928.html
三远大爱城精装，宽敞明亮，户型方正，适合居家,"三远大爱城 , 吾悦广场",3室2厅,88.67平米,南,精装,32层 ,,板塔结合,57 万,6429 元,9,,,VR房源 | 房本满五年 | 随时看房,https://hui.lianjia.com/ershoufang/105112846937.html
新天虹 大润发 精装修两房 拎包入住 满五唯一,"旺东国际广场 , 开城大润发",2室2厅,74.65平米,东南,精装,30层 ,,塔楼,53 万,7100 元,0,,,VR看装修 | 房本满五年 | 随时看房,https://hui.lianjia.com/ershoufang/105119988090.html
恒大紫荆学府棕榈岛 3室2厅 南,"恒大紫荆学府棕榈岛 , 白云新城",3室2厅,103平米,南,精装,中楼层(共32层) ,,板塔结合,75 万,7282 元,0,,,VR看装修 | 随时看房,https://hui.lianjia.com/ershoufang/105115250138.html
鑫月城三房大社区自带游泳池轻轨物业,"鑫月御景湾 , 陈江",3室2厅,86.72平米,南,精装,32层 ,,塔楼,49 万,5651 元,0,,,VR看装修 | 房本满五年 | 随时看房,https://hui.lianjia.com/ershoufang/105118809325.html
户型方正，采光好，视野好，无遮挡,"新华联广场 , 大亚湾中心区",3室2厅,88.61平米,北,简装,32层 ,,板塔结合,50 万,5643 元,5,,,VR看装修 | 房本满五年 | 随时看房,https://hui.lianjia.com/ershoufang/105116105001.html
臻誉府旁、自住精装修，朝南的！采光良好,"鑫月御景湾 , 陈江",3室2厅,86.08平米,东南,精装,32层 ,,塔楼,50 万,5809 元,0,,,VR看装修 | 房本满五年,https://hui.lianjia.com/ershoufang/105121564214.html
原值高 采光好 户型方正 精装修两房,"三远大爱城 , 吾悦广场",2室2厅,76.49平米,南,,32层 ,,板塔结合,45 万,5884 元,2,,,VR看装修 | 房本满五年,https://hui.lianjia.com/ershoufang/105119332980.html
精装3房，朝南户型，中间楼层，安静位置，满五年,"金碧蓝湾一期 , 开城大润发",3室2厅,82.5平米,南,简装,29层 ,,板楼,55 万,6667 元,0,,,VR看装修 | 房本满五年 | 随时看房,https://hui.lianjia.com/ershoufang/105120921802.html
花园小区，  楼间 距 视野好,"碧桂园天骄公馆 , 马安",3室2厅,94.92平米,南,精装,高楼层(共34层) ,,塔楼,71 万,7480 元,0,,,VR看装修,https://hui.lianjia.com/ershoufang/105116607402.html
万达近，通勤方便，户型好 户型方正，朝南的,"正兆千树晴山 , 西区新寮",3室2厅,96.76平米,东南,毛坯,30层 ,,板塔结合,53 万,5478 元,1,,,VR看装修 | 房本满五年 | 随时看房,https://hui.lianjia.com/ershoufang/105112682387.html
精装四房 高楼层 视野采光棒 拎包入住！,"天源花园 , 大亚湾中心区",4室2厅,100.64平米,南 北,精装,33层 ,,板塔结合,48 万,4770 元,0,,14天以前发布,VR房源 | 房本满五年,https://hui.lianjia.com/ershoufang/105122415452.html
户型方正，视野光线都好，成熟小区生活便利,"花样年·康城四季御峰 , 惠环",3室2厅,84.74平米,南,毛坯,32层 ,,板塔结合,51 万,6019 元,1,,,VR看装修 | 房本满两年 | 随时看房,https://hui.lianjia.com/ershoufang/105113657256.html
现代风设计大三房带车位无欠款 临深,"深荟城一期 , 白云新城",3室2厅,92.45平米,南,精装,33层 ,,板塔结合,79 万,8546 元,0,,6天以前发布,VR房源 | 房本满五年 | 随时看房,https://hui.lianjia.com/ershoufang/105122504019.html
此房户型方正，楼层好，小区楼龄新，小区规模大,"德润天峰 , 潼侨沥林",2室1厅,79.92平米,南,毛坯,18层 ,,板塔结合,40 万,5006 元,0,,,VR房源 | 房本满五年 | 随时看房,https://hui.lianjia.com/ershoufang/105116311917.html
临深南北通三房  业主诚意卖  价格有空间,"安罝小区 , 西区新寮",3室2厅,126.79平米,南,毛坯,32层 ,,板塔结合,58 万,4575 元,0,,,VR看装修 | 随时看房,https://hui.lianjia.com/ershoufang/105121456672.html
水岸城全新毛坯三房出售....,"中信水岸城六期 , 东江新城",3室2厅,88平米,东南,毛坯,中楼层(共32层) ,,板楼,88 万,10000 元,0,,,VR看装修 | 随时看房,https://hui.lianjia.com/ershoufang/105115921547.html
新天虹商圈  精装两房  装修保养好  看房提前预约,"惠泽南苑 , 河南岸",2室1厅,51.07平米,南 北,精装,中楼层(共6层) ,,板楼,38 万,7441 元,0,,,VR看装修 | 房本满五年 | 随时看房,https://hui.lianjia.com/ershoufang/105120763709.html
奥体板块中洲云悦府，4室2厅南北通透,"云悦府 , 河南岸",4室2厅,128.78平米,南 北,,中楼层(共33层) ,,板塔结合,138 万,10716 元,0,,,VR看装修 | 随时看房,https://hui.lianjia.com/ershoufang/105119128378.html
碧桂园珑尚花月。室两厅两卫，视野开阔,"碧桂园珑尚花园 , 水口",3室2厅,103平米,南,,高楼层(共34层) ,,板塔结合,66 万,6408 元,0,,,VR看装修,https://hui.lianjia.com/ershoufang/105119088579.html
（平台推荐）临深片区南北通三房，交通方便,"荣佳国韵二期 , 龙光城",3室2厅,107.64平米,东南 南,精装,26层 ,,板塔结合,80 万,7433 元,1,,19天以前发布,VR房源 | 房本满两年 | 随时看房,https://hui.lianjia.com/ershoufang/105122355693.html
采光充足，通风良好交通便利，购物方便，,"光耀荷兰小城 , 陈江",4室2厅,101.88平米,南,毛坯,31层 ,,板塔结合,53 万,5203 元,0,,,VR看装修 | 随时看房,https://hui.lianjia.com/ershoufang/105121571008.html
景观单位，看花园，业主诚意出售，楼层好户型方正！,"卓越蔚蓝海岸七期 , 西区新寮",3室2厅,97.64平米,南,精装,18层 ,,板塔结合,80 万,8194 元,0,,,VR看装修 | 房本满两年,https://hui.lianjia.com/ershoufang/105115906003.html
隆生东湖四区 一楼院子慢节奏生活 惬意休闲 户型方正,"东湖花园四号小区 , 东平",3室2厅,111平米,北,,7层 ,,板塔结合,96 万,8649 元,0,,17天以前发布,VR房源,https://hui.lianjia.com/ershoufang/105122379207.html
楼顶复式带平台　装修很新　视野好　小区配套齐全,"德丰凯旋城北区 , 大亚湾中心区",6室2厅,114平米,南 西南,,16层 ,,板塔结合,83 万,7281 元,1,,,VR房源 | 房本满五年 | 随时看房,https://hui.lianjia.com/ershoufang/105122178997.html
泰宇城市中央小区环境优美户型方正,"泰宇城市中央 , 江北",3室1厅,83平米,南,精装,中楼层(共30层) ,,塔楼,72 万,8675 元,0,,,VR看装修 | 随时看房,https://hui.lianjia.com/ershoufang/105121283899.html
临深品质小区 新装修 未住人 南北通透大四房 东边户,"锦地繁花骏园 , 西区新寮",4室1厅,128.5平米,南 北 东,精装,30层 ,,板塔结合,96 万,7471 元,1,,,VR房源 | 随时看房,https://hui.lianjia.com/ershoufang/105115642930.html
小高层，朝向好，临深，户型好，业主诚心卖,"观山悦一期 , 万达",2室2厅,79.89平米,南,毛坯,9层 ,,板塔结合,22 万,2754 元,9,,,VR看装修 | 房本满五年 | 随时看房,https://hui.lianjia.com/ershoufang/105119845071.html
临万达，朝南户型方正，采光视野好。,"畔山名居 , 比亚迪商圈",3室2厅,82.35平米,南,精装,33层 ,,塔楼,45 万,5465 元,0,,,VR看装修 | 房本满五年 | 随时看房,https://hui.lianjia.com/ershoufang/105120667884.html
梵高的海优质三房，业主全新装修未入住，拎包即可入住,"小径海岸城花园 , 霞涌",3室2厅,97.79平米,南,精装,33层 ,,板塔结合,56 万,5727 元,0,,,VR看装修 | 房本满五年 | 随时看房,https://hui.lianjia.com/ershoufang/105119837252.html
碧桂园润杨溪谷洋房花园3房2厅,"群峰花园 , 南站新城",3室2厅,114平米,南,,中楼层(共33层) ,,塔楼,62 万,5439 元,3,,,VR看装修 | 随时看房,https://hui.lianjia.com/ershoufang/105116857318.html
奥园尚雅花园二期，业主急售，3房2卫,"奥园尚雅花园二期 , 潼侨沥林",3室2厅,103.59平米,东南,,高楼层(共27层) ,,,49 万,4731 元,0,,,VR看装修 | 房本满两年 | 随时看房,https://hui.lianjia.com/ershoufang/105116934279.html
全款房 没个税 帝庭国际三房二厅二卫  总价底,"帝庭国际 , 博罗石湾",3室2厅,94.07平米,南,精装,高楼层(共29层) ,,板塔结合,69 万,7335 元,0,,,VR看装修 | 房本满五年 | 随时看房,https://hui.lianjia.com/ershoufang/105121681845.html
香榭园 精装3房 满五唯一 格局方正 采光通风好,"香榭园 , 河南岸",3室2厅,88.59平米,东北,,高楼层(共28层) ,,板塔结合,72 万,8128 元,1,,,VR看装修 | 房本满五年,https://hui.lianjia.com/ershoufang/105115580440.html
美庐小区  体育馆旁   三房2卫  中间楼层,"美庐（二期） , 陈江",3室2厅,95.49平米,南,毛坯,30层 ,,板塔结合,66 万,6912 元,0,,,VR看装修 | 房本满两年 | 随时看房,https://hui.lianjia.com/ershoufang/105121815967.html
碧桂园翡翠山，精装修，看花园，视野好,"翡翠山城君御 , 万达",2室2厅,82.07平米,东,精装,34层 ,,,66 万,8042 元,4,,,VR看装修 | 房本满两年 | 随时看房,https://hui.lianjia.com/ershoufang/105113141559.html
好房源，好房源，适合一大家人居住,"荣盛花语馨苑 , 大亚湾中心区",3室2厅,80.03平米,南,简装,低楼层(共32层) ,,板楼,40 万,4999 元,1,,,VR看装修 | 房本满五年 | 随时看房,https://hui.lianjia.com/ershoufang/105121147725.html
业主诚心出售 无抵押 随时过户 产权清晰,"金润东方公寓 , 澳头",2室1厅,66.03平米,南,,28层 ,,板塔结合,17 万,2575 元,6,,,VR看装修 | 房本满五年 | 随时看房,https://hui.lianjia.com/ershoufang/105117781050.html
业主诚心出售，中间楼层，采光通风好，交通方便,"山语龙庭 , 新行政区",4室2厅,97.85平米,南,精装,27层 ,,板塔结合,94 万,9607 元,0,,,VR看装修 | 随时看房,https://hui.lianjia.com/ershoufang/105121833789.html
惠州南站2公里，业主诚心出售 三房,"文锦华府 , 吾悦广场",3室2厅,86.82平米,西,精装,26层 ,,塔楼,63 万,7257 元,0,,,VR看装修 | 房本满两年 | 随时看房,https://hui.lianjia.com/ershoufang/105120970636.html
次新大社区，大阳台，大房间，3房,"壹方水榭 , 白云新城",3室2厅,75.66平米,东南,精装,高楼层(共29层) ,,板塔结合,55 万,7270 元,0,,7天以前发布,VR房源 | 房本满五年 | 随时看房,https://hui.lianjia.com/ershoufang/105122493177.html
锦绣学府 2室2厅 南,"锦绣学府 , 澳头",2室2厅,57.06平米,南,简装,30层 ,,塔楼,28.5 万,4995 元,3,,,VR看装修 | 房本满五年 | 随时看房,https://hui.lianjia.com/ershoufang/105119235527.html
便宜两房、总价低值得参考、诚心出售,"阳光地带 , 开城大润发",2室2厅,59.64平米,南,,17层 ,,板塔结合,30 万,5031 元,0,,,VR房源 | 房本满五年 | 随时看房,https://hui.lianjia.com/ershoufang/105122215836.html
精装修，保养好，诚心出售，楼层好，视野好,"星河丹堤F区 , 南站新城",3室2厅,107.63平米,东 南 北,精装,30层 ,,板塔结合,110 万,10221 元,1,,,VR看装修 | 房本满五年 | 随时看房,https://hui.lianjia.com/ershoufang/105119690472.html
近深圳地铁沙田站 采光好 通勤深圳方便 户型方正,"金莎花园 , 白云新城",3室2厅,115.78平米,南,毛坯,18层 ,,板塔结合,50 万,4319 元,1,,,VR看装修 | 房本满五年 | 随时看房,https://hui.lianjia.com/ershoufang/105120663751.html
哇啊，翡翠山大3房大社区，益田 万达大商圈,"翡翠山城君御 , 万达",3室2厅,113.57平米,南,精装,33层 ,,板塔结合,97 万,8541 元,2,,,VR房源 | 房本满两年 | 随时看房,https://hui.lianjia.com/ershoufang/105119846523.html
小高层2居室，近天虹商场，红本在手 税费少,"中铭豪园 , 区政府",2室2厅,75.9平米,东南,简装,12层 ,,板塔结合,43 万,5666 元,1,,,VR看装修 | 房本满五年 | 随时看房,https://hui.lianjia.com/ershoufang/105121312766.html
三和经济开发区，南北通四房，全屋定制,"龙光玖龙山 , 三和经济开发区",4室2厅,112.12平米,南 北,,32层 ,,板塔结合,70 万,6244 元,0,,29天以前发布,VR看装修 | 随时看房,https://hui.lianjia.com/ershoufang/105122272017.html
精装大两房，户型方正户，采光充足，视野宽阔,"康城四季棕榈园 , 惠环",2室2厅,77.49平米,北,精装,9层 ,,塔楼,42 万,5421 元,2,,,VR看装修 | 房本满五年,https://hui.lianjia.com/ershoufang/105121893105.html
澳头海日大厦，   户型方正，毛坯房，好装修,"海日大厦 , 澳头",2室2厅,93.9平米,南,毛坯,25层 ,,板塔结合,22 万,2343 元,1,,,VR看装修 | 房本满五年 | 随时看房,https://hui.lianjia.com/ershoufang/105120546458.html
