标题,地址,户型,面积,朝向,装修情况,层数,建造时间,楼型,总价,每平米单价,关注人数,带看次数,发布时间,标签,详情链接
小区人车分流/采光好 /安静/公立学府四房南北通透,"锦绣学府 , 澳头",4室2厅,107.76平米,南 北,毛坯,30层 ,,板塔结合,63 万,5847 元,1,,,VR看装修 | 房本满五年 | 随时看房,https://hui.lianjia.com/ershoufang/105117932494.html
此房精装修，花园中间，高楼层，位置安静。视野好,"万科金域华庭二期 , 江北",3室1厅,79.17平米,南,精装,高楼层(共33层) ,,板塔结合,74.5 万,9411 元,2,,,VR房源 | 房本满五年 | 随时看房,https://hui.lianjia.com/ershoufang/105118234741.html
临深锦河湾朝南三房，中间楼层，无欠款交易方便,"锦河湾 , 西区新寮",3室1厅,83.6平米,南,毛坯,33层 ,,板塔结合,48 万,5742 元,2,,,VR看装修 | 房本满五年 | 随时看房,https://hui.lianjia.com/ershoufang/105120634052.html
荷兰小城户型方正，采光佳，布局合理，宽敞明亮,"光耀荷兰小城 , 陈江",4室2厅,112平米,南,精装,28层 ,,板塔结合,73 万,6518 元,0,,,VR看装修 | 房本满两年,https://hui.lianjia.com/ershoufang/105121958747.html
"通风采光好 家旁边就是虎头山公园 ,河滩公园","碧桂园中萃公园 , 大亚湾中心区",3室2厅,136.55平米,南 北,毛坯,17层 ,,板塔结合,101 万,7397 元,3,,,VR看装修 | 房本满五年 | 随时看房,https://hui.lianjia.com/ershoufang/105105910742.html
透明收佣，不做包单+江湾一品+三房+西南朝向,"江湾一品 , 下角",3室2厅,70.97平米,西南,精装,高楼层(共29层) ,,塔楼,69.8 万,9836 元,0,,,VR房源 | 房本满五年 | 随时看房,https://hui.lianjia.com/ershoufang/105119811710.html
临深大社区，朝南4房，业主诚心出售,"天域花园 , 白云新城",4室2厅,89.03平米,南,毛坯,21层 ,,板塔结合,48 万,5392 元,0,,,VR看装修 | 房本满五年 | 随时看房,https://hui.lianjia.com/ershoufang/105121594639.html
区政府天虹 南北通四房 自住装修 拎包入住,"中央国墅园 , 区政府",4室2厅,128.34平米,南 北,精装,29层 ,,板塔结合,72 万,5611 元,2,,,VR看装修 | 房本满五年 | 随时看房,https://hui.lianjia.com/ershoufang/105118507564.html
秋谷林海 原价高  满五唯一无个税 四房 南北通透,"秋谷·林海 , 比亚迪商圈",4室2厅,87.19平米,南 北,精装,26层 ,,板塔结合,55 万,6309 元,1,,,VR看装修 | 房本满五年 | 随时看房,https://hui.lianjia.com/ershoufang/105121959258.html
房子旁边就是天虹还有大润发楼下的商铺也全部营业,"中梁V城市 , 开城大润发",2室2厅,57平米,南,,31层 ,,板塔结合,30 万,5264 元,3,,,VR房源 | 随时看房,https://hui.lianjia.com/ershoufang/105117133859.html
龙丰城轨出口旁，金辉新苑大阳台两房,"金輝新苑 , 龙丰",2室2厅,90.63平米,东,简装,低楼层(共9层) ,,板塔结合,40 万,4414 元,0,,,VR房源 | 房本满两年 | 随时看房,https://hui.lianjia.com/ershoufang/105120919732.html
万达商圈金龟山大峡谷一期业主诚意出售,"御玺山大峡谷一期 , 比亚迪商圈",2室1厅,75平米,南,,32层 ,,板塔结合,32.5 万,4334 元,0,,,VR看装修 | 随时看房,https://hui.lianjia.com/ershoufang/105121758256.html
龙光城南四期 装修三房 朝南看山景 满五唯一 配套齐全,"龙光城南四期 , 龙光城",3室2厅,89平米,东南,简装,34层 ,,板塔结合,77 万,8652 元,1,,,VR看装修 | 随时看房,https://hui.lianjia.com/ershoufang/105121793746.html
小区环境好.户型方正.业主急卖.价格好谈,"丽江花园南区 , 区政府",4室1厅,158.89平米,南,简装,11层 ,,板塔结合,90 万,5665 元,0,,27天以前发布,VR房源 | 房本满五年 | 随时看房,https://hui.lianjia.com/ershoufang/105122295061.html
山湖海上城3房2厅1卫 环境好 交通便利,"山湖海上城 , 惠东县城",3室2厅,92平米,南,精装,18层 ,,板塔结合,38.9 万,4229 元,0,,,VR看装修 | 随时看房,https://hui.lianjia.com/ershoufang/105121753697.html
江北东江湾精装修酒店公寓48平,"东江湾 , 江北",1室1厅,47.8平米,南,精装,高楼层(共30层) ,,板塔结合,50 万,10461 元,0,,,VR看装修 | 房本满两年 | 随时看房,https://hui.lianjia.com/ershoufang/105117675894.html
百万大盘旁，临深一线河景，业主诚心售,"锦河湾 , 西区新寮",4室1厅,98.06平米,南 北,毛坯,34层 ,,板塔结合,62 万,6323 元,0,,,VR房源 | 随时看房,https://hui.lianjia.com/ershoufang/105120482603.html
满五唯一带装修 业主诚意出售 前有公园后有广场,"御玺山大峡谷一期 , 比亚迪商圈",3室1厅,77.01平米,东,,32层 ,,板塔结合,40 万,5195 元,0,,22天以前发布,VR看装修,https://hui.lianjia.com/ershoufang/105122338066.html
住在公园里的房子，享受真正的大草原，湖泊。,"恒大棕榈岛 , 白云新城",4室2厅,126.81平米,南 北,毛坯,25层 ,,板楼,78 万,6151 元,0,,,VR看装修 | 房本满五年 | 随时看房,https://hui.lianjia.com/ershoufang/105119953175.html
采光佳 视野好 户型方正 配套齐 交通便利,"正闳润金名苑 , 西区新寮",3室1厅,91.25平米,东南,精装,33层 ,,塔楼,76 万,8329 元,1,,,VR看装修 | 房本满两年 | 随时看房,https://hui.lianjia.com/ershoufang/105118509040.html
南向品字型4房中间好楼层看园景视野开阔满五年,"方直君御 , 东江新城",4室2厅,125平米,南,毛坯,中楼层(共31层) ,,塔楼,184 万,14720 元,0,,,VR看装修 | 房本满五年 | 随时看房,https://hui.lianjia.com/ershoufang/105121711471.html
央企华润 品牌开发商，中间楼层采光视野好,"曦江润府 , 东江新城",3室2厅,96.72平米,南,毛坯,中楼层(共33层) ,,塔楼,99 万,10236 元,3,,,VR看装修 | 随时看房,https://hui.lianjia.com/ershoufang/105118533010.html
中间楼层，已经交了电梯钱，户型方正采光好，2个卫生,"金阁苑 , 下角",3室2厅,102平米,南,精装,中楼层(共7层) ,,板塔结合,65 万,6373 元,0,,,VR看装修 | 房本满五年,https://hui.lianjia.com/ershoufang/105121519511.html
吾悦广场旁 3加1 朝南 看淡澳河,"亲水湾 , 吾悦广场",3室2厅,87.06平米,南,毛坯,22层 ,,塔楼,45 万,5169 元,2,,,VR房源 | 随时看房,https://hui.lianjia.com/ershoufang/105117987188.html
梵高的花园精装2房，南向看花园，现代风,"梵高的花园 , 江北",3室1厅,85.14平米,南,,高楼层(共31层) ,,板塔结合,88 万,10336 元,0,,,VR房源 | 房本满五年,https://hui.lianjia.com/ershoufang/105121725390.html
区政府旁，万科物业，一房拎包入住。,"清泉城市广场 , 区政府",1室0厅,34.76平米,东南,,27层 ,,板塔结合,18 万,5179 元,1,,,VR看装修 | 房本满五年,https://hui.lianjia.com/ershoufang/105118726956.html
富康锦绣壹号3房 红本在手 看房方便有钥匙 业主诚卖,"富康锦绣壹号 , 西区新寮",3室2厅,85.13平米,南,精装,33层 ,,塔楼,80 万,9398 元,2,,,VR看装修 | 房本满五年 | 随时看房,https://hui.lianjia.com/ershoufang/105121223875.html
业主着急出售价格可谈 全新装修未住过，户型方正,"荣盛御景澜湾 , 澳头",3室2厅,90.19平米,东南,,33层 ,,板塔结合,45 万,4990 元,0,,,VR看装修 | 房本满五年 | 随时看房,https://hui.lianjia.com/ershoufang/105122173913.html
7区次新小区，中间楼层视野漂亮，3房2个卫生间,"壹城中心7区 , 陈江",3室2厅,98.49平米,南,毛坯,中楼层(共32层) ,,塔楼,72 万,7311 元,0,,,VR看装修 | 房本满两年 | 随时看房,https://hui.lianjia.com/ershoufang/105119494850.html
难得漂亮户型！！三房南北通双阳台 视野开阔 优选楼层,"金辉风雅轩 , 秋长",3室2厅,85.12平米,南 北,毛坯,32层 ,,板塔结合,41.88 万,4921 元,0,,,VR看装修 | 房本满五年 | 随时看房,https://hui.lianjia.com/ershoufang/105120425427.html
好宜多旁万科文瀚花园精装修三房朝南有钥匙随时看房,"万科中天宏远文瀚花园 , 区政府",3室2厅,91.74平米,南,精装,高楼层(共33层) ,,,92 万,10029 元,1,,,VR看装修 | 随时看房,https://hui.lianjia.com/ershoufang/105122190856.html
马路对  面就是西湖  实用2房 总价低 保养好,"下角东路16号 , 下角",2室2厅,66.37平米,东,简装,中楼层(共9层) ,,板楼,26.8 万,4038 元,1,,,VR看装修 | 房本满五年 | 随时看房,https://hui.lianjia.com/ershoufang/105120683443.html
隆生仲恺花园新社区视野开阔四房,"隆生仲恺花园2区 , 陈江",4室2厅,123平米,南,毛坯,中楼层(共32层) ,,,82 万,6667 元,0,,,VR看装修 | 房本满两年 | 随时看房,https://hui.lianjia.com/ershoufang/105121445049.html
百万大盘 星河物业 户型方正 拎包入住,"星河丹堤E区 , 南站新城",2室1厅,75平米,南,精装,30层 ,,,59.8 万,7974 元,7,,,VR看装修 | 房本满五年 | 随时看房,https://hui.lianjia.com/ershoufang/105118024694.html
五矿二期，一线湖景，户型方正，业主诚心出售,"五矿哈施塔特 , 博罗中心区",4室2厅,110.3平米,南,毛坯,高楼层(共33层) ,,塔楼,45 万,4080 元,1,,,VR看装修 | 房本满两年 | 随时看房,https://hui.lianjia.com/ershoufang/105120188170.html
万达精装复式，视野开阔，出行方便，急售,"永昶公寓 , 万达",3室2厅,56.71平米,东南,简装,12层 ,,板塔结合,25 万,4409 元,12,,,VR房源 | 房本满五年 | 随时看房,https://hui.lianjia.com/ershoufang/105117342156.html
玖悦府带车位精装修三房，安静采光通风很好,"玖悦府 , 麦地",3室2厅,94.88平米,南,精装,低楼层(共26层) ,,板塔结合,83 万,8748 元,0,,,VR看装修 | 随时看房,https://hui.lianjia.com/ershoufang/105116992218.html
小区教育，交通，休闲，购物银行配套设施完善便利,"保华铂郡 , 河南岸",4室2厅,140.34平米,南 北,毛坯,30层 ,,板塔结合,176 万,12541 元,0,,,VR房源 | 房本满两年 | 随时看房,https://hui.lianjia.com/ershoufang/105114890971.html
临深大品牌央企大花园，成熟社区生活配套完善,"金地天润自在城一期 , 西区新寮",3室1厅,83.37平米,西南,精装,33层 ,,塔楼,67 万,8037 元,2,,,VR看装修,https://hui.lianjia.com/ershoufang/105122068665.html
星河丹堤新中式园林 南北通透 中高楼 看水库美景,"星河丹堤G4区 , 南站新城",4室2厅,124.48平米,南 北,毛坯,33层 ,,板塔结合,138 万,11087 元,0,,,VR看装修 | 房本满两年 | 随时看房,https://hui.lianjia.com/ershoufang/105116289042.html
此房朝南无遮挡，中间楼层中间位置。业主诚心,"深荟城一期 , 白云新城",3室2厅,91.75平米,南,精装,32层 ,,板塔结合,77.8 万,8480 元,0,,8天以前发布,VR房源 | 随时看房,https://hui.lianjia.com/ershoufang/105122479577.html
仲恺政务中芯，精装修三房，拎包入住,"万燊花苑 , 惠环",3室2厅,84.12平米,南 北,,中楼层(共31层) ,,板塔结合,56 万,6658 元,0,,18天以前发布,VR房源 | 房本满五年,https://hui.lianjia.com/ershoufang/105122373972.html
华廷悦府成熟配套，精装修，朝南四房高楼层视野开阔,"华廷悦府 , 陈江",4室2厅,108.71平米,南,精装,高楼层(共31层) ,,塔楼,96 万,8831 元,0,,,VR看装修 | 房本满两年 | 随时看房,https://hui.lianjia.com/ershoufang/105119933271.html
花园小区，  楼间 距 视野好,"碧桂园天骄公馆 , 马安",3室2厅,94.92平米,南,精装,高楼层(共34层) ,,塔楼,71 万,7480 元,0,,,VR看装修,https://hui.lianjia.com/ershoufang/105116607402.html
万达近，通勤方便，户型好 户型方正，朝南的,"正兆千树晴山 , 西区新寮",3室2厅,96.76平米,东南,毛坯,30层 ,,板塔结合,53 万,5478 元,1,,,VR看装修 | 房本满五年 | 随时看房,https://hui.lianjia.com/ershoufang/105112682387.html
此房户型方正，楼层好，小区楼龄新，小区规模大,"德润天峰 , 潼侨沥林",2室1厅,79.92平米,南,毛坯,18层 ,,板塔结合,40 万,5006 元,0,,,VR房源 | 房本满五年 | 随时看房,https://hui.lianjia.com/ershoufang/105116311917.html
碧桂园珑誉 四房横厅户型 看湖景花园视野好,"碧桂园珑誉花园 , 水口",4室1厅,116.06平米,南,精装,高楼层(共33层) ,,塔楼,84 万,7238 元,0,,,VR看装修 | 房本满两年 | 随时看房,https://hui.lianjia.com/ershoufang/105121628371.html
精装四房 高楼层 视野采光棒 拎包入住！,"天源花园 , 大亚湾中心区",4室2厅,100.64平米,南 北,精装,33层 ,,板塔结合,48 万,4770 元,0,,14天以前发布,VR房源 | 房本满五年,https://hui.lianjia.com/ershoufang/105122415452.html
户型方正，视野光线都好，成熟小区生活便利,"花样年·康城四季御峰 , 惠环",3室2厅,84.74平米,南,毛坯,32层 ,,板塔结合,51 万,6019 元,1,,,VR看装修 | 房本满两年 | 随时看房,https://hui.lianjia.com/ershoufang/105113657256.html
精装3房，朝南户型，中间楼层，安静位置，满五年,"金碧蓝湾一期 , 开城大润发",3室2厅,82.5平米,南,简装,29层 ,,板楼,55 万,6667 元,0,,,VR看装修 | 房本满五年 | 随时看房,https://hui.lianjia.com/ershoufang/105120921802.html
海立方急售，带装修，户型方正，不欠款,"中御海立方 , 吾悦广场",4室2厅,72.89平米,南,简装,34层 ,,板塔结合,35 万,4802 元,1,,,VR房源 | 房本满五年 | 随时看房,https://hui.lianjia.com/ershoufang/105121782487.html
现代风设计大三房带车位无欠款 临深,"深荟城一期 , 白云新城",3室2厅,92.45平米,南,精装,33层 ,,板塔结合,79 万,8546 元,0,,6天以前发布,VR房源 | 房本满五年 | 随时看房,https://hui.lianjia.com/ershoufang/105122504019.html
御景花园3房2厅 精装修，看房有钥匙，带个小露台，,"御景花园南区 , 下角",3室2厅,86.89平米,西北,精装,24层 ,,板塔结合,72 万,8287 元,0,,,VR房源 | 房本满五年 | 随时看房,https://hui.lianjia.com/ershoufang/105120962268.html
惠阳站，一房一厅，近天虹大润发,"百润基银座 , 开城大润发",1室1厅,46.93平米,东北,简装,20层 ,,板楼,15.5 万,3303 元,2,,,VR房源 | 房本满五年,https://hui.lianjia.com/ershoufang/105120479881.html
户型好，采光好，全新未入住过，红本在手...........,"群峰花园 , 南站新城",3室2厅,94.59平米,南,,中楼层(共33层) ,,塔楼,42 万,4441 元,5,,,VR看装修 | 房本满两年 | 随时看房,https://hui.lianjia.com/ershoufang/105119021222.html
金迪星苑中装2房出售 低楼层安静不吵 可拎包入住,"金迪星苑 , 龙丰",2室1厅,52.8平米,东南,精装,8层 ,,板楼,27.8 万,5266 元,0,,,VR看装修 | 随时看房,https://hui.lianjia.com/ershoufang/105121732376.html
中间楼层，视野开阔，看花园，业主诚意急卖，方便看房,"星河丹堤G区 , 南站新城",3室2厅,98.06平米,南,毛坯,34层 ,,塔楼,90 万,9179 元,0,,,VR房源 | 房本满五年 | 随时看房,https://hui.lianjia.com/ershoufang/105122218947.html
太东天地花园 4室2厅 南,"太东天地花园 , 大亚湾中心区",4室2厅,109.09平米,南,毛坯,33层 ,,板塔结合,48.6 万,4456 元,1,,,VR看装修 | 房本满两年 | 随时看房,https://hui.lianjia.com/ershoufang/105122060823.html
丰湖村3房2厅  简装 中间楼层 价格实惠,"丰湖村 , 下埔",3室2厅,115.77平米,南 北,简装,中楼层(共8层) ,,塔楼,31 万,2678 元,2,,,VR看装修 | 房本满两年 | 随时看房,https://hui.lianjia.com/ershoufang/105121378582.html
东江新城 水岸城四期 装修3房 满五唯一 配套齐全,"中信水岸城四期 , 东江新城",3室2厅,87平米,南,精装,低楼层(共30层) ,,板楼,76.8 万,8828 元,0,,,VR看装修 | 房本满五年 | 随时看房,https://hui.lianjia.com/ershoufang/105120579406.html
东山森林公园旁边 四季嘉园，架空式园林,"华泓四季嘉园 , 博罗中心区",1室2厅,55平米,南 西南,精装,28层 ,,板塔结合,23 万,4182 元,0,,,VR房源 | 随时看房,https://hui.lianjia.com/ershoufang/105122170292.html
次新鹿江风华带露台  湿地公园鹿江旁 四房大客厅,"新城鹿江风华 , 水口",4室2厅,122平米,南 北,毛坯,低楼层(共33层) ,,板塔结合,108 万,8853 元,0,,,VR看装修 | 随时看房,https://hui.lianjia.com/ershoufang/105117219397.html
业主急售，红本在手，随时可以看房,"口岸外商公寓 , 惠环",1室1厅,58.58平米,南,简装,9层 ,,板塔结合,13 万,2220 元,0,,,VR看装修 | 房本满五年 | 随时看房,https://hui.lianjia.com/ershoufang/105121593382.html
惠州南站满五年星河丹堤物业成熟社区山景洋房学府相伴,"星河丹堤E区 , 南站新城",3室2厅,92.64平米,南 北,毛坯,32层 ,,,78 万,8420 元,40,,,VR看装修 | 房本满五年 | 随时看房,https://hui.lianjia.com/ershoufang/105106906261.html
想要一线海景又要价格实惠的来看房，楼下海边绿道,"合生海角一号 , 十里银滩",1室1厅,41平米,南,精装,19层 ,,板塔结合,12.8 万,3122 元,2,,,VR看装修 | 房本满五年 | 随时看房,https://hui.lianjia.com/ershoufang/105121980289.html
水岸城二三期88平3房，户型方正可看江景,"中信水岸城二三期 , 东江新城",3室2厅,88平米,东南,简装,25层 ,,板楼,78 万,8864 元,0,,,VR看装修 | 随时看房,https://hui.lianjia.com/ershoufang/105122235402.html
大亚湾，二房二厅，精装修，业主诚心卖,"当代上品湾花园 , 澳头",2室2厅,74平米,东南,精装,34层 ,,板塔结合,35 万,4730 元,0,,,VR看装修 | 房本满五年 | 随时看房,https://hui.lianjia.com/ershoufang/105121843686.html
楼层好，视野开阔，采光好，通风好，税费少,"卓越东部蔚蓝海岸三期 , 西区新寮",3室2厅,84.97平米,南,毛坯,33层 ,,板塔结合,54 万,6356 元,0,,,VR看装修 | 房本满五年 | 随时看房,https://hui.lianjia.com/ershoufang/105121081211.html
名流印象3房，使用率高，可拎包入住的装修，随时看房,"名流印象 , 河南岸",3室2厅,88平米,东北,精装,中楼层(共23层) ,,板塔结合,63.8 万,7250 元,0,,,VR看装修 | 随时看房,https://hui.lianjia.com/ershoufang/105122155893.html
满五唯一无个税 红本在手无欠款 南北通透得房率高,"锦绣学府 , 澳头",4室2厅,107.76平米,东南 北,毛坯,30层 ,,板塔结合,66 万,6125 元,0,,,VR看装修 | 房本满五年 | 随时看房,https://hui.lianjia.com/ershoufang/105115618783.html
秋谷林海 原价高  满五唯一无个税 四房 南北通透,"秋谷·林海 , 比亚迪商圈",4室2厅,87.19平米,南 北,精装,26层 ,,板塔结合,55 万,6309 元,1,,,VR看装修 | 房本满五年 | 随时看房,https://hui.lianjia.com/ershoufang/105121959258.html
房子旁边就是天虹还有大润发楼下的商铺也全部营业,"中梁V城市 , 开城大润发",2室2厅,57平米,南,,31层 ,,板塔结合,30 万,5264 元,3,,,VR房源 | 随时看房,https://hui.lianjia.com/ershoufang/105117133859.html
复式上下楼层 使用率高 业主诚心出售,"富川瑞园 , 惠环",2室2厅,46.24平米,南,毛坯,高楼层(共20层) ,,板塔结合,23 万,4975 元,0,,,VR看装修 | 房本满两年 | 随时看房,https://hui.lianjia.com/ershoufang/105122104157.html
万达商圈金龟山大峡谷一期业主诚意出售,"御玺山大峡谷一期 , 比亚迪商圈",2室1厅,75平米,南,,32层 ,,板塔结合,32.5 万,4334 元,0,,,VR看装修 | 随时看房,https://hui.lianjia.com/ershoufang/105121758256.html
龙光城南四期 装修三房 朝南看山景 满五唯一 配套齐全,"龙光城南四期 , 龙光城",3室2厅,89平米,东南,简装,34层 ,,板塔结合,77 万,8652 元,1,,,VR看装修 | 随时看房,https://hui.lianjia.com/ershoufang/105121793746.html
海伦堡南北通透看花园 视野开阔 户型方正 生活便利,"海伦堡爱Me城市 , 澳头",3室2厅,102.77平米,南 北,毛坯,32层 ,,板塔结合,45 万,4379 元,4,,,VR看装修 | 房本满两年 | 随时看房,https://hui.lianjia.com/ershoufang/105112297396.html
中楼层，精装，保养很好，拎包入住，视野开阔,"星河丹堤F区 , 南站新城",3室2厅,90.91平米,东北,精装,34层 ,,板塔结合,83 万,9130 元,4,,,VR看装修 | 随时看房,https://hui.lianjia.com/ershoufang/105117206462.html
龙丰城轨出口旁，金辉新苑大阳台两房,"金輝新苑 , 龙丰",2室2厅,90.63平米,东,简装,低楼层(共9层) ,,板塔结合,40 万,4414 元,0,,,VR房源 | 房本满两年 | 随时看房,https://hui.lianjia.com/ershoufang/105120919732.html
此房满五年，小区安静，看房方便，业主诚心出售。,"德丰·五月花花园 , 西区新寮",1室1厅,31.14平米,南,精装,8层 ,,板塔结合,21 万,6744 元,0,,,VR看装修,https://hui.lianjia.com/ershoufang/105121320942.html
乙府标准大3房，朝南安静，附带一个200平独立大露台,"隆生西江花园 , 东江新城",3室2厅,121.76平米,南,,低楼层(共28层) ,,塔楼,148 万,12156 元,0,,27天以前发布,VR房源 | 随时看房,https://hui.lianjia.com/ershoufang/105122298718.html
梵高的花园精装2房，南向看花园，楼层好，视野开阔,"梵高的花园 , 江北",2室1厅,85.14平米,南,,高楼层(共31层) ,,板塔结合,88 万,10336 元,0,,,VR房源 | 房本满两年,https://hui.lianjia.com/ershoufang/105121725366.html
德威江誉城二期大社区精致一房一厅,"德威江誉城Ⅱ期 , 马安",1室1厅,42.7平米,北,精装,19层 ,,板塔结合,29 万,6792 元,2,,,VR房源 | 随时看房,https://hui.lianjia.com/ershoufang/105120770408.html
户型方正采光通透明亮，好楼层，东南朝向,"牧云溪谷·和悦府 , 新圩",4室2厅,115.67平米,东南,毛坯,31层 ,,板塔结合,127 万,10980 元,1,,,VR看装修 | 随时看房,https://hui.lianjia.com/ershoufang/105122081659.html
山湖海上城4房2厅1卫    环境好  交通便利,"山湖海上城 , 惠东县城",4室2厅,116平米,南,精装,32层 ,,塔楼,52.8 万,4552 元,0,,,VR看装修 | 随时看房,https://hui.lianjia.com/ershoufang/105121846423.html
梵高的花园精装2房，南向看花园，现代风,"梵高的花园 , 江北",3室1厅,85.14平米,南,,高楼层(共31层) ,,板塔结合,88 万,10336 元,0,,,VR房源 | 房本满五年,https://hui.lianjia.com/ershoufang/105121725390.html
央企华润 品牌开发商，中间楼层采光视野好,"曦江润府 , 东江新城",3室2厅,96.72平米,南,毛坯,中楼层(共33层) ,,塔楼,99 万,10236 元,3,,,VR看装修 | 随时看房,https://hui.lianjia.com/ershoufang/105118533010.html
房子是复式的，上下两层，已经做好阁楼,"龙光城南一期 , 龙光城",7室2厅,123.5平米,南,,30层 ,,板塔结合,93.8 万,7596 元,0,,,VR房源 | 随时看房,https://hui.lianjia.com/ershoufang/105120089929.html
间层通风采光好，业主诚心出售卖，,"悦玺公馆 , 澳头",4室2厅,118.42平米,东南,,33层 ,,板塔结合,50 万,4223 元,0,,,VR看装修 | 随时看房,https://hui.lianjia.com/ershoufang/105119580171.html
合生大社区 精装四房 中间楼层 南向看花园,"合生·上观国际 , 水口",4室2厅,159.89平米,南,精装,中楼层(共29层) ,,塔楼,120 万,7506 元,0,,,VR看装修 | 房本满五年,https://hui.lianjia.com/ershoufang/105121469309.html
南贸花园 88平带装修三房 钥匙看房诚心出售,"南贸花园 , 水口",3室2厅,88平米,东南,,中楼层(共17层) ,,塔楼,69 万,7841 元,0,,,VR看装修 | 随时看房,https://hui.lianjia.com/ershoufang/105122150719.html
星河丹提，大平层两梯三户，看丰田水库中间楼层，五房,"星河丹堤G4区 , 南站新城",5室2厅,163.29平米,南,毛坯,33层 ,,板塔结合,188 万,11514 元,1,,,VR房源 | 随时看房,https://hui.lianjia.com/ershoufang/105122014923.html
江北义乌公寓47朝南急售28带南坛和惠台,"义乌商城公寓 , 江北",1室1厅,47平米,南,,中楼层(共28层) ,,板楼,28 万,5958 元,0,,8天以前发布,VR房源 | 随时看房,https://hui.lianjia.com/ershoufang/105122484026.html
壹城六期南北通大五房采光好楼龄新花园漂亮,"壹城中心6区 , 陈江",5室2厅,126.09平米,南 北,毛坯,高楼层(共32层) ,,塔楼,93 万,7376 元,0,,,VR看装修 | 房本满两年 | 随时看房,https://hui.lianjia.com/ershoufang/105119708975.html
南线轻轨口 中间楼层 无欠款视野好,"佳兆业壹号花园 , 龙丰",2室2厅,76平米,南,毛坯,中楼层(共32层) ,,板塔结合,48 万,6316 元,0,,,VR看装修 | 随时看房,https://hui.lianjia.com/ershoufang/105120232939.html
红本在手无欠款 没有出租过的 全屋定制瓷砖上墙,"国韵华府 , 吾悦广场",2室2厅,70.54平米,西北,精装,32层 ,,塔楼,50 万,7089 元,0,,,VR看装修 | 房本满两年 | 随时看房,https://hui.lianjia.com/ershoufang/105121742874.html
毛坯三房 惠城CBD江北次新楼盘,"江湾南岸二期 , 江北",3室2厅,121平米,东南,毛坯,低楼层(共39层) ,,板塔结合,140 万,11571 元,2,,,VR看装修 | 房本满两年 | 随时看房,https://hui.lianjia.com/ershoufang/105115895461.html
惠州港沃尔玛商圈，学 校成熟商圈，交通便利,"金润东方公寓 , 澳头",1室1厅,38.78平米,东,简装,28层 ,,板塔结合,13.6 万,3507 元,3,,,VR看装修 | 随时看房,https://hui.lianjia.com/ershoufang/105119828250.html
合生大三房户型优质 无抵押 业主急售,"合生·上观国际 , 水口",3室2厅,112平米,东南,毛坯,低楼层(共18层) ,,塔楼,82 万,7322 元,0,,,VR看装修 | 随时看房,https://hui.lianjia.com/ershoufang/105121603102.html
背靠板樟岭公园，视野开阔，无遮挡,"公园道花园 , 比亚迪商圈",2室2厅,72.71平米,南,精装,17层 ,,板楼,33 万,4539 元,2,,,VR看装修 | 房本满五年 | 随时看房,https://hui.lianjia.com/ershoufang/105120734145.html
碧桂园珑誉 大四房视野好 采光通透,"碧桂园珑誉花园 , 水口",4室2厅,128平米,南 北,毛坯,高楼层(共33层) ,,塔楼,80 万,6250 元,2,,,VR看装修 | 房本满五年 | 随时看房,https://hui.lianjia.com/ershoufang/105114105561.html
中信新城C区 四房带装修  南北通透采光号  诚心出售,"中信新城C区 , 南站新城",4室2厅,116平米,南 北,精装,34层 ,,板塔结合,85 万,7328 元,0,,,VR看装修 | 房本满五年,https://hui.lianjia.com/ershoufang/105121455972.html
视野开阔的2房2厅，业主诚意出售,"华裕居 , 惠环",2室2厅,74.44平米,北,毛坯,高楼层(共31层) ,,塔楼,30.8 万,4138 元,0,,,VR看装修 | 随时看房,https://hui.lianjia.com/ershoufang/105121781460.html
10分 钟到沙田站 自住装修红本在手楼栋位置好,"凯南莱弗城 , 西区新寮",4室2厅,108.88平米,南 北,精装,30层 ,,板塔结合,88 万,8083 元,0,,28天以前发布,VR看装修 | 房本满五年,https://hui.lianjia.com/ershoufang/105122285674.html
华润曦江润府 168平一线江景 总裁大平层 远眺金山湖,"曦江润府 , 东江新城",5室2厅,168.62平米,南 北,毛坯,中楼层(共33层) ,,塔楼,230 万,13641 元,0,,,VR看装修 | 房本满两年 | 随时看房,https://hui.lianjia.com/ershoufang/105121799479.html
成熟花园小高层，正三房，单价五千多,"丽江花园南区 , 区政府",3室2厅,106.6平米,北,简装,18层 ,,板塔结合,60 万,5629 元,0,,16天以前发布,VR房源 | 房本满五年 | 随时看房,https://hui.lianjia.com/ershoufang/105122388049.html
全新四房，看花园中间楼层，惠阳临深通勤自住改善房,"深荟城一期 , 白云新城",4室2厅,135.28平米,南 北,,32层 ,,板塔结合,117.5 万,8686 元,2,,,VR看装修 | 房本满五年 | 随时看房,https://hui.lianjia.com/ershoufang/105121343912.html
价格可聊 使用率高 出门就是商场,"菩提园 , 万达",8室3厅,416.7平米,南 北,毛坯,31层 ,,塔楼,260 万,6240 元,3,,,VR房源 | 房本满五年 | 随时看房,https://hui.lianjia.com/ershoufang/105120052078.html
花园中间南向大阳台看花园视野很舒服,"方直君御 , 东江新城",5室2厅,191平米,南 北,毛坯,低楼层(共24层) ,,塔楼,277 万,14503 元,0,,,VR看装修,https://hui.lianjia.com/ershoufang/105120458571.html
此房满五唯一，视野采光好，业主诚意出售,"龙富花园 , 大亚湾中心区",3室1厅,118.04平米,南,毛坯,22层 ,,塔楼,36 万,3050 元,5,,,VR看装修,https://hui.lianjia.com/ershoufang/105115132671.html
安居乐业，全新精装，朝南三房，业主出国急售,"南站新城 , 南站新城",3室2厅,100.27平米,南,精装,31层 ,,板塔结合,82 万,8178 元,0,,,VR看装修 | 随时看房,https://hui.lianjia.com/ershoufang/105121730795.html
视野好 看房方便 花园中间位置 诚心出售,"腾韵花园 , 陈江",2室1厅,73.22平米,南,毛坯,32层 ,,板塔结合,50 万,6829 元,0,,,VR看装修 | 房本满两年 | 随时看房,https://hui.lianjia.com/ershoufang/105122110078.html
隆生品质 三梯配套 中式园林 使用率高,"隆生西江花园 , 东江新城",4室2厅,138.9平米,南,毛坯,低楼层(共32层) ,,塔楼,158 万,11376 元,0,,,VR看装修 | 随时看房,https://hui.lianjia.com/ershoufang/105117750278.html
全新精装保养好 带家私家电 格局好 楼层好 视野好,"碧桂园天骄公馆 , 马安",3室2厅,94.9平米,东南,精装,中楼层(共34层) ,,板塔结合,82 万,8641 元,49,,,VR看装修 | 随时看房,https://hui.lianjia.com/ershoufang/105117416498.html
房子干净，业主装修用心，保养很好,"方直君御 , 东江新城",4室2厅,130.5平米,南,,低楼层(共28层) ,,塔楼,190 万,14560 元,0,,,VR看装修 | 房本满五年,https://hui.lianjia.com/ershoufang/105120443626.html
星河盛世  19年开发的新楼盘。业主诚心卖。,"惠州星河盛世 , 白云新城",3室2厅,117平米,南 北,,33层 ,,板塔结合,85 万,7265 元,0,,,VR看装修 | 随时看房,https://hui.lianjia.com/ershoufang/105115576446.html
惠东平山丽江东岸，精装修，中间靓楼层,"丽江东岸 , 惠东县城",4室2厅,146.46平米,南,精装,中楼层(共32层) ,,板塔结合,108 万,7375 元,0,,,VR房源,https://hui.lianjia.com/ershoufang/105121628781.html
园景大平层2梯2户南北通视野开阔好楼层满五年,"方直君御 , 东江新城",4室2厅,190.5平米,南 北,毛坯,中楼层(共24层) ,,塔楼,276 万,14489 元,0,,,VR看装修 | 房本满五年 | 随时看房,https://hui.lianjia.com/ershoufang/105119630225.html
万科金域华庭 4房2卫 安静不吵 近惠台和南坛 诚心售！,"万科金域华庭 , 江北",4室2厅,171.04平米,西,毛坯,中楼层(共30层) ,,板塔结合,171 万,9998 元,0,,,VR看装修 | 房本满五年 | 随时看房,https://hui.lianjia.com/ershoufang/105121943274.html
业主诚心卖、中间楼层、带装修、近山体、安静闲适,"星河丹堤C区 , 南站新城",4室2厅,135.34平米,南 北,精装,31层 ,,板塔结合,115 万,8498 元,5,,,VR看装修 | 房本满五年 | 随时看房,https://hui.lianjia.com/ershoufang/105117445882.html
户型方正  业主诚意出售  光线好,"隆生西江花园 , 东江新城",4室2厅,140平米,南 北,,低楼层(共32层) ,,塔楼,137 万,9786 元,0,,,VR看装修 | 随时看房,https://hui.lianjia.com/ershoufang/105119250443.html
雍景湾 南北通透4房 高楼层 视野好 无遮挡,"中骏雍景湾南区 , 河南岸",4室2厅,116.74平米,南 北,毛坯,高楼层(共30层) ,,板塔结合,119.8 万,10263 元,1,,,VR看装修 | 房本满两年 | 随时看房,https://hui.lianjia.com/ershoufang/105114808975.html
雅居乐御宾府毛坯三房业主诚意出售,"御宾府 , 龙丰",3室2厅,109平米,南 北,毛坯,高楼层(共29层) ,,塔楼,80 万,7340 元,3,,,VR看装修 | 房本满五年 | 随时看房,https://hui.lianjia.com/ershoufang/105112969723.html
水岸城六期自住精装三房两厅一卫看花园拎包入住,"中信水岸城六期 , 东江新城",3室2厅,87.07平米,东南,精装,中楼层(共32层) ,,板楼,99 万,11371 元,1,,,VR看装修 | 房本满五年 | 随时看房,https://hui.lianjia.com/ershoufang/105121327262.html
方直城市时代2房，业主急售，随时可以看房,"城市时代 , 河南岸",2室2厅,76.77平米,西,精装,中楼层(共22层) ,,板塔结合,68 万,8858 元,0,,23天以前发布,VR房源 | 房本满五年 | 随时看房,https://hui.lianjia.com/ershoufang/105122326840.html
华冠花园 2室2厅 北,"华冠花园 , 大亚湾中心区",2室2厅,42.76平米,北,精装,26层 ,,板塔结合,25 万,5847 元,0,,,VR看装修,https://hui.lianjia.com/ershoufang/105118731157.html
隆生一期南北通双阳台大4房，好楼层无欠款，业主诚心,"隆生仲恺花园 , 陈江",4室2厅,127.82平米,南 北,,31层 ,,塔楼,93 万,7276 元,1,,,VR看装修 | 房本满两年 | 随时看房,https://hui.lianjia.com/ershoufang/105120813695.html
"户型方正视野开阔配套完善,诚意出售","金地天润自在城一期 , 西区新寮",4室2厅,100.12平米,南,精装,33层 ,,板塔结合,88.88 万,8878 元,0,,,VR看装修 | 房本满两年 | 随时看房,https://hui.lianjia.com/ershoufang/105121790537.html
高榜山庄-高榜山下红花湖旁闹中取静宜居社区,"高榜山庄 , 龙丰",4室2厅,189.73平米,南 北,毛坯,高楼层(共9层) ,,,160 万,8434 元,0,,,VR看装修 | 房本满五年 | 随时看房,https://hui.lianjia.com/ershoufang/105120332283.html
百万大盘旁，临深一线河景，业主诚心售,"锦河湾 , 西区新寮",4室1厅,98.06平米,南 北,毛坯,34层 ,,板塔结合,62 万,6323 元,0,,,VR房源 | 随时看房,https://hui.lianjia.com/ershoufang/105120482603.html
业主着急出售价格可谈 全新装修未住过，户型方正,"荣盛御景澜湾 , 澳头",3室2厅,90.19平米,东南,,33层 ,,板塔结合,45 万,4990 元,0,,,VR看装修 | 房本满五年 | 随时看房,https://hui.lianjia.com/ershoufang/105122173913.html
7区次新小区，中间楼层视野漂亮，3房2个卫生间,"壹城中心7区 , 陈江",3室2厅,98.49平米,南,毛坯,中楼层(共32层) ,,塔楼,72 万,7311 元,0,,,VR看装修 | 房本满两年 | 随时看房,https://hui.lianjia.com/ershoufang/105119494850.html
难得漂亮户型！！三房南北通双阳台 视野开阔 优选楼层,"金辉风雅轩 , 秋长",3室2厅,85.12平米,南 北,毛坯,32层 ,,板塔结合,41.88 万,4921 元,0,,,VR看装修 | 房本满五年 | 随时看房,https://hui.lianjia.com/ershoufang/105120425427.html
住在公园里的房子，享受真正的大草原，湖泊。,"恒大棕榈岛 , 白云新城",4室2厅,126.81平米,南 北,毛坯,25层 ,,板楼,78 万,6151 元,0,,,VR看装修 | 房本满五年 | 随时看房,https://hui.lianjia.com/ershoufang/105119953175.html
富康锦绣壹号3房 红本在手 看房方便有钥匙 业主诚卖,"富康锦绣壹号 , 西区新寮",3室2厅,85.13平米,南,精装,33层 ,,塔楼,80 万,9398 元,2,,,VR看装修 | 房本满五年 | 随时看房,https://hui.lianjia.com/ershoufang/105121223875.html
区政府旁，万科物业，一房拎包入住。,"清泉城市广场 , 区政府",1室0厅,34.76平米,东南,,27层 ,,板塔结合,18 万,5179 元,1,,,VR看装修 | 房本满五年,https://hui.lianjia.com/ershoufang/105118726956.html
楼层位置很好，户型方正，业主急售,"经达御金湾 , 江北",4室2厅,118.94平米,南 北,毛坯,31层 ,,板塔结合,80 万,6727 元,0,,,VR看装修 | 房本满两年 | 随时看房,https://hui.lianjia.com/ershoufang/105121298713.html
禧临门，大社区，朝南3+1，拎包入住,"禧临门 , 博罗中心区",3室2厅,120平米,南,毛坯,低楼层(共30层) ,,板塔结合,70.8 万,5900 元,0,,,VR看装修 | 随时看房,https://hui.lianjia.com/ershoufang/105118485523.html
区政府天虹 南北通四房 自住装修 拎包入住,"中央国墅园 , 区政府",4室2厅,128.34平米,南 北,精装,29层 ,,板塔结合,72 万,5611 元,2,,,VR看装修 | 房本满五年 | 随时看房,https://hui.lianjia.com/ershoufang/105118507564.html
采光佳 视野好 户型方正 配套齐 交通便利,"正闳润金名苑 , 西区新寮",3室1厅,91.25平米,东南,精装,33层 ,,塔楼,76 万,8329 元,1,,,VR看装修 | 房本满两年 | 随时看房,https://hui.lianjia.com/ershoufang/105118509040.html
满五唯一带装修 业主诚意出售 前有公园后有广场,"御玺山大峡谷一期 , 比亚迪商圈",3室1厅,77.01平米,东,,32层 ,,板塔结合,40 万,5195 元,0,,22天以前发布,VR看装修,https://hui.lianjia.com/ershoufang/105122338066.html
江北东江湾精装修酒店公寓48平,"东江湾 , 江北",1室1厅,47.8平米,南,精装,高楼层(共30层) ,,板塔结合,50 万,10461 元,0,,,VR看装修 | 房本满两年 | 随时看房,https://hui.lianjia.com/ershoufang/105117675894.html
小区环境好.户型方正.业主急卖.价格好谈,"丽江花园南区 , 区政府",4室1厅,158.89平米,南,简装,11层 ,,板塔结合,90 万,5665 元,0,,27天以前发布,VR房源 | 房本满五年 | 随时看房,https://hui.lianjia.com/ershoufang/105122295061.html
山湖海上城3房2厅1卫 环境好 交通便利,"山湖海上城 , 惠东县城",3室2厅,92平米,南,精装,18层 ,,板塔结合,38.9 万,4229 元,0,,,VR看装修 | 随时看房,https://hui.lianjia.com/ershoufang/105121753697.html
正南向海景，视野开阔，户型方正，采光好，绿化高小区,"碧桂园十里银滩海悦湾 , 十里银滩",2室1厅,69.7平米,东南 南 西南,精装,30层 ,,板塔结合,29.8 万,4276 元,0,,,VR房源 | 房本满两年 | 随时看房,https://hui.lianjia.com/ershoufang/105117595023.html
户型好，价格便宜，适合居家  ，楼下有公交车站,"DADA的草地 , 大亚湾中心区",4室2厅,105.14平米,南 北,毛坯,32层 ,,板塔结合,30 万,2854 元,21,,,VR看装修 | 房本满五年 | 随时看房,https://hui.lianjia.com/ershoufang/105119491291.html
楼龄新，户型方正朝南，红本在手，业主诚心出售,"星河丹堤V2区 , 南站新城",3室2厅,100.1平米,南,毛坯,32层 ,,塔楼,100 万,9991 元,0,,,VR看装修 | 随时看房,https://hui.lianjia.com/ershoufang/105120433117.html
南北通三房两卫，采光好，安静，绿化舒适，生活便利。,"新力城二期 , 水口",3室2厅,117.86平米,东,毛坯,中楼层(共32层) ,,板楼,80 万,6788 元,0,,,VR看装修 | 房本满两年 | 随时看房,https://hui.lianjia.com/ershoufang/105121572991.html
楼层漂亮 二期带地下室 采光好 钥匙在公司 随时可以看,"富川瑞园 , 惠环",4室2厅,122.79平米,南,精装,高楼层(共32层) ,,板塔结合,74 万,6027 元,0,,,VR看装修 | 房本满五年 | 随时看房,https://hui.lianjia.com/ershoufang/105121179147.html
临深精装4房看河景花园2022年的新小区,"曦悦湾畔花园 , 西区新寮",4室2厅,98.28平米,西南,精装,33层 ,,板塔结合,75 万,7632 元,3,,,VR看装修 | 房本满两年 | 随时看房,https://hui.lianjia.com/ershoufang/105120246036.html
临深片区，保利阳光城精装修三房 拎包入住,"保利阳光城 , 白云新城",3室2厅,80.06平米,北,精装,33层 ,,板塔结合,56 万,6995 元,0,,,VR看装修 | 房本满五年 | 随时看房,https://hui.lianjia.com/ershoufang/105121190382.html
金田花园 3室2厅 南,"金田花园 , 博罗中心区",3室2厅,117平米,南,简装,6层 ,,板塔结合,25 万,2137 元,1,,,VR看装修 | 房本满五年,https://hui.lianjia.com/ershoufang/105121016576.html
户型方正，标准4房，南北通可看江景，西南朝向看花园,"德威江誉城1期 , 马安",4室2厅,123.7平米,西南,毛坯,中楼层(共32层) ,,塔楼,106 万,8570 元,0,,,VR看装修 | 随时看房,https://hui.lianjia.com/ershoufang/105116768284.html
隆生文岭西堤品质高 毛坯 次新房 配套成熟,"文岭西堤 , 东江新城",4室2厅,126.21平米,南,毛坯,低楼层(共31层) ,,板塔结合,145 万,11489 元,1,,,VR看装修 | 房本满五年 | 随时看房,https://hui.lianjia.com/ershoufang/105114294263.html
南向看小区3房 视野开阔生活方便,"金榜山 , 龙丰",3室1厅,99平米,东,精装,中楼层(共27层) ,,板塔结合,95 万,9596 元,0,,,VR看装修 | 房本满五年,https://hui.lianjia.com/ershoufang/105121093684.html
二期 精装修 楼层漂亮 保养的很新,"富川瑞园 , 惠环",4室2厅,92.28平米,南 北,,中楼层(共18层) ,,板塔结合,55 万,5961 元,0,,25天以前发布,VR看装修 | 房本满五年 | 随时看房,https://hui.lianjia.com/ershoufang/105122312947.html
精装修南北通透四房，户型好，小区环境优美,"德威花园城 , 秋长",4室2厅,119.57平米,南 北,精装,低楼层(共29层) ,,板楼,69.6 万,5821 元,1,,,VR看装修 | 房本满五年 | 随时看房,https://hui.lianjia.com/ershoufang/105122120754.html
格林童话125平4房，毛坯，随时看房,"格林童话世界三期 , 潼侨沥林",3室1厅,124.77平米,东南,毛坯,低楼层(共11层) ,,板楼,52.8 万,4232 元,0,,,VR看装修 | 房本满五年 | 随时看房,https://hui.lianjia.com/ershoufang/105122188686.html
精装四房、朝南看花园、中间楼层采光好,"丽景湾上 , 东江新城",4室2厅,122.2平米,南,精装,32层 ,,板塔结合,119.8 万,9804 元,0,,,VR房源 | 房本满五年,https://hui.lianjia.com/ershoufang/105121389488.html
一线江景.中间楼层.视野无遮挡.,"合生·上观国际 , 水口",3室2厅,92平米,南,毛坯,中楼层(共32层) ,,塔楼,77 万,8370 元,0,,,VR看装修 | 房本满五年 | 随时看房,https://hui.lianjia.com/ershoufang/105117751040.html
水岸城三房改四房精装修空房随时可看,"中信水岸城二三期 , 东江新城",5室2厅,165.68平米,南,毛坯,32层 ,,板楼,149.8 万,9042 元,0,,,VR看装修 | 随时看房,https://hui.lianjia.com/ershoufang/105121582145.html
家华名都花园 4室2厅 南,"家华名都花园 , 陈江",4室2厅,155平米,南,精装,24层 ,,塔楼,95 万,6130 元,0,,,VR房源 | 房本满两年,https://hui.lianjia.com/ershoufang/105122055960.html
中信水岸城一期 3室1厅 南,"中信水岸城一期 , 东江新城",3室1厅,84平米,南,精装,18层 ,,板塔结合,130 万,15477 元,0,,,VR房源,https://hui.lianjia.com/ershoufang/105121793997.html
荷兰小城四房两厅两卫，业主诚意出售,"光耀荷兰小城 , 陈江",4室2厅,101平米,南,毛坯,33层 ,,板塔结合,55 万,5446 元,1,,,VR看装修 | 随时看房,https://hui.lianjia.com/ershoufang/105121381494.html
惠城区江北 精装大三房出售 采光好 户型方正,"邮电新村 , 江北",3室2厅,100平米,南,简装,高楼层(共8层) ,,板楼,65 万,6500 元,0,,,VR看装修,https://hui.lianjia.com/ershoufang/105121868065.html
惠州江北好地段，住宅性质70年产权！好出租！,"瑞嘉大厦 , 江北",1室1厅,42平米,西南,精装,26层 ,,板楼,29.6 万,7048 元,0,,,VR看装修 | 随时看房,https://hui.lianjia.com/ershoufang/105121108668.html
楼层位置很好，户型方正，业主急售,"经达御金湾 , 江北",4室2厅,118.94平米,南 北,毛坯,31层 ,,板塔结合,80 万,6727 元,0,,,VR看装修 | 房本满两年 | 随时看房,https://hui.lianjia.com/ershoufang/105121298713.html
禧临门，大社区，朝南3+1，拎包入住,"禧临门 , 博罗中心区",3室2厅,120平米,南,毛坯,低楼层(共30层) ,,板塔结合,70.8 万,5900 元,0,,,VR看装修 | 随时看房,https://hui.lianjia.com/ershoufang/105118485523.html
德威江誉城二期大社区精致一房一厅,"德威江誉城Ⅱ期 , 马安",1室1厅,42.7平米,北,精装,19层 ,,板塔结合,29 万,6792 元,2,,,VR房源 | 随时看房,https://hui.lianjia.com/ershoufang/105120770408.html
国鹏4房中间好楼层、户型方正、视野开阔、位置好,"国鹏润德学府 , 惠环",4室2厅,101.27平米,南 北,毛坯,中楼层(共29层) ,,板塔结合,65.5 万,6468 元,0,,,VR看装修 | 随时看房,https://hui.lianjia.com/ershoufang/105119588419.html
次新小区，朝南小三房，业主诚心出售,"摩卡公馆 , 比亚迪商圈",3室2厅,88.57平米,东,,17层 ,,板塔结合,48 万,5420 元,0,,,VR看装修 | 房本满五年 | 随时看房,https://hui.lianjia.com/ershoufang/105120466566.html
第九旁大4房 业主诚意急售 看上价格好谈 户型靓,"福晟钱隆樽品花园 , 陈江",4室2厅,116.89平米,南 北,毛坯,31层 ,,板塔结合,76 万,6502 元,0,,22天以前发布,VR房源 | 房本满两年 | 随时看房,https://hui.lianjia.com/ershoufang/105122334720.html
一线临深品质小区 精装三房 南向看花园,"丰谷天玺 , 龙光城",3室2厅,85.4平米,东南,精装,29层 ,,塔楼,69 万,8080 元,0,,18天以前发布,VR看装修 | 房本满两年,https://hui.lianjia.com/ershoufang/105122370489.html
西湖边上 后所街新苑 电梯三居室 精装修保养好~心动价,"后所街新苑 , 下埔",3室2厅,89.15平米,南,精装,10层 ,,板楼,56 万,6282 元,2,,,VR看装修 | 房本满五年,https://hui.lianjia.com/ershoufang/105120950284.html
楼栋好 ，好楼层，业主诚心出售，户型方正,"荣佳国韵二期 , 龙光城",3室2厅,125平米,南,简装,30层 ,,板楼,83 万,6640 元,0,,,VR看装修 | 随时看房,https://hui.lianjia.com/ershoufang/105121744845.html
业主诚心出售，看房方便，交易简单。。。,"听涛雅苑 , 大亚湾中心区",2室2厅,39.05平米,北,毛坯,7层 ,,板塔结合,16 万,4098 元,2,,,VR房源 | 房本满五年 | 随时看房,https://hui.lianjia.com/ershoufang/105121971550.html
吾悦广场旁边凯悦春天小区中间楼层三房两卫、诚心出售,"锦阳凯悦春天 , 吾悦广场",3室2厅,92.29平米,南,毛坯,29层 ,,板塔结合,48 万,5201 元,0,,,VR看装修 | 房本满五年 | 随时看房,https://hui.lianjia.com/ershoufang/105121560924.html
近灿邦  大社区  精装修  户型方正  正南朝向,"碧桂园太东公园上城 , 吾悦广场",3室2厅,110.78平米,南,精装,33层 ,,板塔结合,80 万,7222 元,1,,,VR看装修 | 房本满两年 | 随时看房,https://hui.lianjia.com/ershoufang/105112937202.html
主急售，户型方正，看房方便价位低,"美悦湾 , 大亚湾中心区",2室2厅,67.92平米,南,毛坯,中楼层(共32层) ,,板楼,26 万,3829 元,3,,30天以前发布,VR看装修 | 房本满两年 | 随时看房,https://hui.lianjia.com/ershoufang/105122263591.html
临深万达商圈 小区新 环境好 户型方正 三房双卫 朝南,"珑廷广场 , 万达",3室2厅,102.72平米,南,精装,32层 ,,塔楼,88 万,8567 元,0,,,VR看装修 | 房本满两年 | 随时看房,https://hui.lianjia.com/ershoufang/105122112098.html
门口双地铁公交线路+双商场+税费低+近万达寻找有缘人,"中铭君豪公寓 , 万达",2室2厅,67.15平米,南,简装,16层 ,,板塔结合,20 万,2979 元,3,,,VR看装修 | 房本满五年 | 随时看房,https://hui.lianjia.com/ershoufang/105120955229.html
恒大悦龙台精装三房，业主急售！！！,"恒大悦龙台 , 万达",3室2厅,85平米,北,精装,32层 ,,板塔结合,59 万,6942 元,0,,15天以前发布,VR房源 | 房本满两年 | 随时看房,https://hui.lianjia.com/ershoufang/105122404613.html
德洲中心城 3室2厅 南,"德洲中心城 , 大亚湾中心区",3室2厅,94.86平米,南,毛坯,32层 ,,板塔结合,38 万,4006 元,1,,,VR看装修 | 房本满五年 | 随时看房,https://hui.lianjia.com/ershoufang/105121906317.html
凯旋城 3房  南向光照好，通风效果好！,"中海凯旋城五六期 , 河南岸",3室2厅,87.43平米,东南,毛坯,32层 ,,板塔结合,72 万,8236 元,0,,,VR看装修 | 房本满五年 | 随时看房,https://hui.lianjia.com/ershoufang/105122092279.html
万达，11层洋房，红本在手不欠款，交易简单,"熊猫国际三期 , 万达",3室2厅,125.32平米,南 北,简装,11层 ,,塔楼,83 万,6624 元,1,,,VR看装修 | 房本满五年 | 随时看房,https://hui.lianjia.com/ershoufang/105120874250.html
乐基大厦小区属于惠阳淡水2017年的房子 近高速,"乐基大厦 , 区政府",4室2厅,87.92平米,南,毛坯,29层 ,,板塔结合,48 万,5460 元,0,,,VR看装修 | 房本满五年 | 随时看房,https://hui.lianjia.com/ershoufang/105119252071.html
尚城世家，全屋智能装修，拎包入住,"尚城世家二期 , 区政府",2室2厅,81.37平米,西,,26层 ,,板塔结合,68 万,8357 元,0,,,VR看装修 | 房本满五年 | 随时看房,https://hui.lianjia.com/ershoufang/105121326180.html
区政府天虹商场旁边，交通方便  精装两房，拎包入住,"鼎盛广场 , 区政府",2室2厅,66.5平米,东南,精装,33层 ,,板塔结合,26 万,3910 元,5,,,VR房源 | 随时看房,https://hui.lianjia.com/ershoufang/105113096279.html
万科金枫花园94平方 精装修三房 诚心出售,"万科中交金枫花园 , 马安",3室2厅,93.32平米,南,精装,中楼层(共27层) ,,塔楼,95 万,10181 元,0,,,VR看装修 | 房本满两年 | 随时看房,https://hui.lianjia.com/ershoufang/105116883358.html
临深白云新城，带装修三房，近沙田地铁口,"鹏城里 , 白云新城",3室2厅,93.44平米,东北,简装,28层 ,,板塔结合,47.8 万,5116 元,0,,25天以前发布,VR看装修 | 房本满五年 | 随时看房,https://hui.lianjia.com/ershoufang/105122309811.html
业主诚心出售 随时可以看房 高楼层,"天健书香名邸 , 新圩",4室2厅,122.97平米,南 北,毛坯,32层 ,,塔楼,55 万,4473 元,1,,,VR看装修 | 房本满两年 | 随时看房,https://hui.lianjia.com/ershoufang/105121771626.html
满五唯一  实用朝南两房 通风采光好,"锦地繁花 , 西区新寮",2室2厅,77.21平米,南,毛坯,21层 ,,板塔结合,42 万,5440 元,0,,27天以前发布,VR房源 | 随时看房,https://hui.lianjia.com/ershoufang/105122297731.html
马安金山新城铂钻4房 采光视野好 业主诚心出售,"铂钻花园 , 东江新城",4室2厅,114.93平米,南,毛坯,27层 ,,板塔结合,95 万,8266 元,0,,,VR看装修 | 房本满两年 | 随时看房,https://hui.lianjia.com/ershoufang/105119580655.html
美丽洲 4室1厅 东南,"美丽洲 , 马安",4室1厅,138.7平米,东南,,高楼层(共32层) ,,塔楼,110 万,7931 元,0,,,VR看装修 | 房本满两年 | 随时看房,https://hui.lianjia.com/ershoufang/105121596327.html
海景城大社区 户型方正 高层视野开阔,"海景城 , 澳头",4室2厅,120.47平米,南 北,毛坯,33层 ,,板塔结合,60 万,4981 元,1,,,VR看装修 | 房本满五年 | 随时看房,https://hui.lianjia.com/ershoufang/105117589812.html
全新精装，南北双阳台双卫，楼层视野佳，红本，税费低,"美悦湾 , 大亚湾中心区",3室2厅,91.41平米,南 北,精装,中楼层(共33层) ,,板楼,57 万,6236 元,2,,29天以前发布,VR看装修 | 随时看房,https://hui.lianjia.com/ershoufang/105122273567.html
隆生物业  高 品质住宅区精装5房,"隆生西江花园 , 东江新城",5室2厅,153.95平米,南,,高楼层(共32层) ,,板塔结合,249 万,16175 元,0,,13天以前发布,VR房源 | 房本满两年,https://hui.lianjia.com/ershoufang/105122422885.html
小区地理位置优越，楼层采光好，花园绿化好，,"鑫月御园 , 秋长",3室2厅,93.22平米,东南,毛坯,31层 ,,板塔结合,43 万,4613 元,0,,,VR看装修 | 房本满两年 | 随时看房,https://hui.lianjia.com/ershoufang/105112698232.html
皇冠豪苑 147平 4加1房 一线看江  两梯两户纯板式楼,"万城皇冠豪苑 , 水口",5室2厅,147.81平米,南,毛坯,22层 ,,板楼,142 万,9607 元,0,,,VR看装修 | 房本满两年 | 随时看房,https://hui.lianjia.com/ershoufang/105121315130.html
一线江景，红本在手，7米大阳台，凤凰楼层，拎包入住,"中信水岸城二三期 , 东江新城",3室2厅,167.83平米,东南,精装,32层 ,,板楼,175 万,10428 元,0,,,VR房源 | 房本满两年 | 随时看房,https://hui.lianjia.com/ershoufang/105122092084.html
户型布局合理  儿童老人活动区域热闹  生活舒适惬意,"渝景湾花园四期 , 澳头",3室2厅,96.48平米,南,简装,低楼层(共26层) ,,板塔结合,27 万,2799 元,7,,,VR房源 | 房本满五年 | 随时看房,https://hui.lianjia.com/ershoufang/105113037142.html
壹城精装修三房 业主自住保养好 可拎包入住,"壹城中心1区 , 陈江",3室2厅,88.9平米,南,精装,低楼层(共32层) ,,塔楼,75 万,8437 元,0,,,VR看装修,https://hui.lianjia.com/ershoufang/105121241501.html
无个人所得税，得房高，楼层好，带装修四房,"盛湾名居 , 澳头",4室2厅,113.09平米,南 北,简装,22层 ,,塔楼,63 万,5571 元,1,,,VR房源 | 房本满五年 | 随时看房,https://hui.lianjia.com/ershoufang/105119452174.html
"满五唯一，南北通透看花园景观,视野开阔，绿化高","星河丹堤G区 , 南站新城",3室2厅,86.71平米,南 北,毛坯,34层 ,,板塔结合,69 万,7958 元,3,,,VR房源 | 房本满五年 | 随时看房,https://hui.lianjia.com/ershoufang/105118483097.html
边位三房两卫，南向采光充足，视野开阔,"小径海岸城花园 , 霞涌",3室1厅,104平米,南,精装,33层 ,,板塔结合,48.8 万,4693 元,1,,,VR房源 | 随时看房,https://hui.lianjia.com/ershoufang/105120922894.html
采光通风效果好，业主诚意出售，小区舒服.,"惠州星河盛世 , 白云新城",4室2厅,89.26平米,西南,,33层 ,,板塔结合,56 万,6274 元,0,,,VR看装修 | 随时看房,https://hui.lianjia.com/ershoufang/105116641404.html
科技园旁，次新小区，实用四房。,"仁和美地家园 , 吾悦广场",4室2厅,114.97平米,南 北,毛坯,32层 ,,塔楼,66.9 万,5819 元,1,,,VR看装修 | 房本满两年 | 随时看房,https://hui.lianjia.com/ershoufang/105120905598.html
轻轨物业 金辉新苑精装大三房 保养好 拎包入住,"金輝新苑 , 龙丰",3室2厅,130.34平米,北,精装,中楼层(共9层) ,,板塔结合,75 万,5755 元,0,,,VR房源 | 房本满五年 | 随时看房,https://hui.lianjia.com/ershoufang/105118865051.html
顶楼复式4房上下2层 天台种菜 种花,"碧桂园翠湖湾 , 新圩",4室3厅,181.95平米,东南,精装,高楼层(共17层) ,,塔楼,116 万,6376 元,1,,,VR房源 | 房本满两年 | 随时看房,https://hui.lianjia.com/ershoufang/105120531228.html
满二唯一税费少，次新房，近吾悦广场,"香树丽苑 , 吾悦广场",3室1厅,91.74平米,南,,33层 ,,板塔结合,59 万,6432 元,0,,30天以前发布,VR房源 | 房本满五年 | 随时看房,https://hui.lianjia.com/ershoufang/105122259989.html
湖景房少见 新力花园一期117平方南北通透装修真材实料,"新力城一期 , 水口",3室2厅,117.67平米,南 北,精装,33层 ,,板楼,95 万,8074 元,0,,,VR看装修 | 房本满五年,https://hui.lianjia.com/ershoufang/105121806677.html
金地柏悦府精装四房家私家电齐全拎包入住,"金地柏悦府 , 博罗石湾",4室2厅,120平米,南 北,精装,中楼层(共24层) ,,板塔结合,68.8 万,5734 元,0,,,VR看装修 | 随时看房,https://hui.lianjia.com/ershoufang/105119524052.html
方直星耀国际一线湖景五房双套间大平层,"方直星耀国际 , 河南岸",5室2厅,177平米,南 北,毛坯,低楼层(共45层) ,,板塔结合,400 万,22599 元,0,,,VR看装修 | 房本满五年 | 随时看房,https://hui.lianjia.com/ershoufang/105121503741.html
金山湖湖心岛内！精装修大三房 朝南看花园！安静舒适,"方直东岸 , 河南岸",3室2厅,131.35平米,南,,32层 ,,板塔结合,136 万,10355 元,1,,,VR看装修 | 房本满五年 | 随时看房,https://hui.lianjia.com/ershoufang/105118463538.html
楼层好 户型方正 南北通，楼层好 居住舒适,"德桂佳园一区 , 水口",4室2厅,119.21平米,东南,毛坯,中楼层(共26层) ,,塔楼,89 万,7466 元,0,,,VR房源 | 房本满两年 | 随时看房,https://hui.lianjia.com/ershoufang/105121419533.html
业主急卖，红本在手，无抵押，交通方便，配套成熟。,"卓洲悦园 , 万达",4室2厅,105.58平米,南 北,简装,32层 ,,板塔结合,80 万,7578 元,0,,,VR看装修 | 房本满两年 | 随时看房,https://hui.lianjia.com/ershoufang/105119950577.html
临深大盘，配套完善南北通户型，诚意出售。,"龙光城龙公馆 , 龙光城",4室2厅,143.29平米,南,精装,4层 ,,板楼,199 万,13888 元,2,,,VR房源 | 随时看房,https://hui.lianjia.com/ershoufang/105120677736.html
万达广场楼上装修四房，业主诚心出售。,"阳光圣菲 , 万达",4室1厅,114平米,北,精装,33层 ,,板塔结合,75 万,6579 元,0,,,VR房源 | 房本满两年 | 随时看房,https://hui.lianjia.com/ershoufang/105121770805.html
精装修全屋品牌家私家电楼下就是鹿江公园，适合居住。,"万城皇冠豪苑 , 水口",4室2厅,132.93平米,南,简装,21层 ,,板楼,155 万,11661 元,0,,,VR房源 | 房本满五年,https://hui.lianjia.com/ershoufang/105119739456.html
户型格局方正，全新未住过，楼层采光好,"卓越东部蔚蓝海岸八期 , 西区新寮",3室2厅,98平米,东,精装,中楼层(共33层) ,,板塔结合,88 万,8980 元,0,,,VR看装修 | 随时看房,https://hui.lianjia.com/ershoufang/105120028891.html
户型方正，业主诚意出售，密码看房，随时可看，,"保利天汇 , 河南岸",3室2厅,87.65平米,东南,,高楼层(共32层) ,,板塔结合,90 万,10269 元,1,,,VR房源 | 房本满两年 | 随时看房,https://hui.lianjia.com/ershoufang/105118571863.html
房子次新小区，环境好，户型方正实用,"新力东园 , 大亚湾中心区",3室2厅,91.22平米,南,毛坯,32层 ,,板楼,38.5 万,4221 元,2,,,VR看装修 | 房本满两年 | 随时看房,https://hui.lianjia.com/ershoufang/105121008530.html
富川瑞园二期3+1 好楼层，好价格 配套成熟,"富川瑞园 , 惠环",4室2厅,94.12平米,东南,毛坯,高楼层(共18层) ,,板塔结合,43 万,4569 元,0,,,VR房源 | 房本满两年 | 随时看房,https://hui.lianjia.com/ershoufang/105120776676.html
深圳业主 急售 中洲天御三期4房 看鸟巢  有钥匙,"中洲天御3期 , 河南岸",4室2厅,127.64平米,南 北,毛坯,中楼层(共32层) ,,板塔结合,135 万,10577 元,0,,,VR看装修 | 随时看房,https://hui.lianjia.com/ershoufang/105120617056.html
东江熙园四房两厅两卫 业主诚心出售,"佳兆业东江熙园 , 博罗中心区",4室2厅,118平米,南 北,毛坯,高楼层(共33层) ,,板塔结合,35 万,2967 元,1,,,VR看装修 | 随时看房,https://hui.lianjia.com/ershoufang/105120467112.html
业主诚意出售，视野好、户型靓。,"新时代花园二期 , 博罗中心区",3室2厅,125.54平米,南,毛坯,28层 ,,板塔结合,49 万,3904 元,0,,,VR看装修 | 房本满五年 | 随时看房,https://hui.lianjia.com/ershoufang/105115176136.html
急售！急售！急售！三个阳台少有户型汇鑫花园,"汇鑫花园 , 新行政区",3室2厅,123平米,南 北,毛坯,16层 ,,塔楼,45.8 万,3724 元,2,,,VR看装修 | 房本满五年 | 随时看房,https://hui.lianjia.com/ershoufang/105121494915.html
此房业主诚意出售，，此房采光充足，户型方正。,"小径海岸城花园 , 霞涌",3室2厅,104.4平米,南,精装,33层 ,,板塔结合,53 万,5077 元,5,,,VR看装修 | 房本满五年 | 随时看房,https://hui.lianjia.com/ershoufang/105111134858.html
：金山湖湖芯岛方正三房，南向看花园，景观开阔,"湖心岛1号花园 , 河南岸",3室1厅,104.31平米,南,毛坯,低楼层(共32层) ,,板塔结合,100 万,9587 元,0,,7天以前发布,VR房源 | 房本满两年 | 随时看房,https://hui.lianjia.com/ershoufang/105122491902.html
业主精致自装  一线湖景楼下即是金山湖公园 视野开阔,"泰丰·千花岛 , 河南岸",3室2厅,106.89平米,南,,33层 ,,板塔结合,159 万,14876 元,0,,,VR看装修 | 房本满五年 | 随时看房,https://hui.lianjia.com/ershoufang/105121108487.html
万达商圈、龙光物业、潮南看花园、	户型方正,"龙光玖龙花园 , 万达",4室2厅,109.75平米,南 北,精装,32层 ,,板塔结合,70 万,6379 元,1,,,VR看装修 | 随时看房,https://hui.lianjia.com/ershoufang/105120848964.html
碧桂园珑誉 四房南北通  一线湖景没遮挡,"碧桂园珑誉花园 , 水口",4室2厅,141.67平米,南 北,毛坯,中楼层(共33层) ,,塔楼,91 万,6424 元,0,,,VR看装修 | 房本满五年 | 随时看房,https://hui.lianjia.com/ershoufang/105121722974.html
临深品质三房，诚心出售！！！！,"卓越蔚蓝海岸七期 , 西区新寮",3室2厅,96平米,东南,精装,34层 ,,塔楼,78 万,8125 元,2,,,VR看装修,https://hui.lianjia.com/ershoufang/105121096588.html
海悦湾漂亮两房，保养好家私拎包入住,"碧桂园十里银滩海悦湾 , 十里银滩",2室1厅,67.48平米,西,精装,30层 ,,板塔结合,25.2 万,3735 元,1,,,VR看装修 | 房本满五年 | 随时看房,https://hui.lianjia.com/ershoufang/105121983502.html
房子带精装修家私家电全齐满五税费少,"亚迪二村二区 , 澳头",3室2厅,115.34平米,南 北,精装,32层 ,,板塔结合,38 万,3295 元,0,,,VR看装修 | 房本满五年 | 随时看房,https://hui.lianjia.com/ershoufang/105121340535.html
近澳头沃尔玛，生活配套齐全，中间楼层，简单装修,"德丰雅苑 , 澳头",2室2厅,79.01平米,东南,简装,中楼层(共17层) ,,板塔结合,23 万,2912 元,1,,,VR看装修 | 房本满五年,https://hui.lianjia.com/ershoufang/105121869796.html
业主诚心出售，楼层好，视野好，采光好，楼下海鲜市场,"龙海豪苑 , 澳头",2室2厅,86.76平米,南,,高楼层(共25层) ,,塔楼,50 万,5764 元,2,,,VR看装修 | 房本满五年 | 随时看房,https://hui.lianjia.com/ershoufang/105121251861.html
"大平台,朝南向，一线临深，户型利用率高","美景印象 , 西区新寮",3室2厅,100.58平米,南 北,精装,31层 ,,板塔结合,99.8 万,9923 元,6,,,VR房源 | 房本满五年 | 随时看房,https://hui.lianjia.com/ershoufang/105116945608.html
次新小区，房子楼层好，户型方正,"腾韵花园 , 陈江",3室2厅,98.28平米,南,毛坯,32层 ,,塔楼,56 万,5699 元,0,,,VR看装修 | 房本满两年 | 随时看房,https://hui.lianjia.com/ershoufang/105118555806.html
金山湖奥园领寓 精装 保养很好 朝南 花园小区管理,"奥园领寓 , 河南岸",1室1厅,27.68平米,南,精装,31层 ,,塔楼,16 万,5781 元,0,,,VR房源 | 房本满五年 | 随时看房,https://hui.lianjia.com/ershoufang/105120085755.html
星河S2区，朝南三房，中高楼层，全明格局，红本在手,"星河丹堤S2区 , 南站新城",3室2厅,78.73平米,南,毛坯,高楼层(共32层) ,,板塔结合,70 万,8892 元,4,,,VR看装修 | 房本满五年 | 随时看房,https://hui.lianjia.com/ershoufang/105119442302.html
双城国际南区 朝南 实用2房 装修很新 封窗 安静不吵,"双城国际南区 , 江北",2室1厅,54.35平米,南,精装,中楼层(共18层) ,,板塔结合,60 万,11040 元,0,,,VR看装修 | 房本满两年 | 随时看房,https://hui.lianjia.com/ershoufang/105121862016.html
朝南，电梯房，可以直接领包入住，看房有钥匙,"九三五隊地貭大院 , 下角",3室2厅,95.28平米,南,精装,中楼层(共8层) ,,,53.8 万,5647 元,1,,,VR看装修 | 房本满五年 | 随时看房,https://hui.lianjia.com/ershoufang/105121768310.html
雅博世纪广场，天虹大润发就在楼下，交通出行方便,"雅博世纪广场 , 开城大润发",2室2厅,82.37平米,南,毛坯,29层 ,,板塔结合,46 万,5585 元,0,,,VR房源 | 房本满五年 | 随时看房,https://hui.lianjia.com/ershoufang/105121967278.html
四星旅游区温馨3房2厅2卫朝南,"五矿哈施塔特 , 博罗中心区",3室2厅,93.4平米,南,毛坯,33层 ,,塔楼,36 万,3855 元,1,,,VR看装修 | 房本满两年 | 随时看房,https://hui.lianjia.com/ershoufang/105116418309.html
轻轨口碧桂园盛汇广场精装公寓1房精致漂亮,"碧桂园盛汇 , 龙丰",1室0厅,38.74平米,南,精装,高楼层(共32层) ,,塔楼,18.8 万,4853 元,2,,,VR看装修 | 房本满两年 | 随时看房,https://hui.lianjia.com/ershoufang/105121427426.html
格局好 视野宽阔 采光充足 配套设施齐 业主急售,"中信新城C区 , 南站新城",4室2厅,127.9平米,东南 南,精装,34层 ,,板塔结合,86 万,6725 元,0,,,VR看装修 | 房本满五年,https://hui.lianjia.com/ershoufang/105120582652.html
精装 采光通风好 有红本 诚心出售 即买即住或出租,"德洲城一-二期 , 西区新寮",2室1厅,76.75平米,南,简装,17层 ,,板塔结合,48 万,6255 元,1,,12天以前发布,VR房源 | 房本满五年 | 随时看房,https://hui.lianjia.com/ershoufang/105122441508.html
临深一路之隔，一刻钟到沙田站，公交车直达到聚龙山,"富康锦绣壹号 , 西区新寮",4室1厅,112平米,南,精装,33层 ,,塔楼,112 万,10000 元,3,,,VR房源 | 房本满五年 | 随时看房,https://hui.lianjia.com/ershoufang/105120226933.html
河麦成熟片区 电梯2房 世纪伯爵,"世纪铂爵 , 麦地",2室1厅,85.35平米,南,简装,低楼层(共30层) ,,塔楼,58 万,6796 元,0,,,VR看装修 | 房本满五年 | 随时看房,https://hui.lianjia.com/ershoufang/105119100122.html
临深一线好房，锦地繁花三房好户型好楼层好价格,"锦地繁花 , 西区新寮",3室2厅,88.05平米,南,毛坯,17层 ,,板塔结合,56.5 万,6417 元,0,,,VR看装修 | 房本满五年 | 随时看房,https://hui.lianjia.com/ershoufang/105119936583.html
牧马湖一线湖景大四房，业主诚心出售,"泰丰牧马湖 , 万达",4室2厅,149.05平米,南,毛坯,33层 ,,板塔结合,145 万,9729 元,3,,27天以前发布,VR房源 | 随时看房,https://hui.lianjia.com/ershoufang/105122291890.html
社区环境配套齐全20万不到住新家,"小径海岸城花园 , 霞涌",1室1厅,46.72平米,南,简装,32层 ,,板塔结合,19 万,4067 元,0,,6天以前发布,VR房源 | 房本满五年 | 随时看房,https://hui.lianjia.com/ershoufang/105122506636.html
奥体板块中洲云悦府，4室2厅南北通透,"云悦府 , 河南岸",4室2厅,128.78平米,南 北,,中楼层(共33层) ,,板塔结合,138 万,10716 元,0,,,VR看装修 | 随时看房,https://hui.lianjia.com/ershoufang/105119128378.html
碧桂园珑尚花月。室两厅两卫，视野开阔,"碧桂园珑尚花园 , 水口",3室2厅,103平米,南,,高楼层(共34层) ,,板塔结合,66 万,6408 元,0,,,VR看装修,https://hui.lianjia.com/ershoufang/105119088579.html
临深南北通三房  业主诚意卖  价格有空间,"安罝小区 , 西区新寮",3室2厅,126.79平米,南,毛坯,32层 ,,板塔结合,58 万,4575 元,0,,,VR看装修 | 随时看房,https://hui.lianjia.com/ershoufang/105121456672.html
水岸城全新毛坯三房出售....,"中信水岸城六期 , 东江新城",3室2厅,88平米,东南,毛坯,中楼层(共32层) ,,板楼,88 万,10000 元,0,,,VR看装修 | 随时看房,https://hui.lianjia.com/ershoufang/105115921547.html
新天虹商圈  精装两房  装修保养好  看房提前预约,"惠泽南苑 , 河南岸",2室1厅,51.07平米,南 北,精装,中楼层(共6层) ,,板楼,38 万,7441 元,0,,,VR看装修 | 房本满五年 | 随时看房,https://hui.lianjia.com/ershoufang/105120763709.html
大花园社区，配.套成熟，楼层好，户型方正,"鸿威金都雅苑 , 小金口",2室2厅,81.46平米,西,毛坯,中楼层(共30层) ,,板塔结合,32 万,3929 元,0,,18天以前发布,VR房源 | 随时看房,https://hui.lianjia.com/ershoufang/105122370428.html
电梯房，户型格局方正，采光良好。,"鸿威金都雅苑 , 小金口",2室1厅,80.22平米,南,精装,低楼层(共30层) ,,板塔结合,36 万,4488 元,1,,,VR看装修 | 房本满五年 | 随时看房,https://hui.lianjia.com/ershoufang/105121429529.html
此房户型方正 景观很好采光通都可以，出租壹选,"东岸公馆 , 白云新城",2室1厅,64平米,南,毛坯,26层 ,,板塔结合,28 万,4375 元,4,,,VR看装修 | 房本满五年,https://hui.lianjia.com/ershoufang/105105751905.html
业主急售 户型方正采光好 面积使用率高,"蓝湾星宸一期 , 大亚湾中心区",3室2厅,102.44平米,南,毛坯,33层 ,,板塔结合,31 万,3027 元,2,,,VR看装修 | 房本满五年 | 随时看房,https://hui.lianjia.com/ershoufang/105120677189.html
此房满五唯一 中间 户型 精装修保养好户型方正,"合生·上观国际 , 水口",4室2厅,159.89平米,南,精装,中楼层(共29层) ,,塔楼,140 万,8757 元,0,,,VR看装修 | 房本满五年,https://hui.lianjia.com/ershoufang/105122103227.html
中骏雍景府小区环境优美，楼下很方便，,"中骏雍景府 , 江北",2室1厅,41平米,南,,中楼层(共22层) ,,板塔结合,16.5 万,4025 元,1,,,VR房源 | 随时看房,https://hui.lianjia.com/ershoufang/105119955338.html
海伦湾朝南看江景三房，高层全新毛坯，南北通双阳台,"海伦堡海伦湾 , 东平",4室2厅,102.43平米,南,毛坯,中楼层(共33层) ,,板塔结合,90 万,8787 元,0,,,VR看装修 | 房本满五年 | 随时看房,https://hui.lianjia.com/ershoufang/105113844502.html
牧马湖一楼朝南带花园小高层住宅，居住舒适,"泰丰牧马湖 , 万达",3室2厅,80.59平米,南,精装,11层 ,,板塔结合,100 万,12409 元,21,,,VR房源 | 房本满两年 | 随时看房,https://hui.lianjia.com/ershoufang/105112679756.html
临深楼盘带装修，标准2+1房  业主诚心出售,"秋谷康城 , 龙光城",2室2厅,82.67平米,西南,精装,30层 ,,板塔结合,46 万,5565 元,6,,,VR看装修 | 房本满五年 | 随时看房,https://hui.lianjia.com/ershoufang/105113590690.html
全新装修带家私电，业主诚心卖，适合居家,"DADA的草地 , 大亚湾中心区",3室1厅,106.51平米,南 北,精装,32层 ,,板塔结合,40 万,3756 元,5,,,VR看装修 | 房本满五年 | 随时看房,https://hui.lianjia.com/ershoufang/105119488219.html
碧桂园 三房两厅两卫 南北通双阳台 采光好,"碧桂园翠湖湾 , 新圩",3室2厅,113.8平米,南,,低楼层(共17层) ,,板塔结合,59 万,5185 元,0,,,VR看装修 | 房本满五年 | 随时看房,https://hui.lianjia.com/ershoufang/105120888301.html
河南岸天虹旁，宜居小区，配套齐全，交通便利,"威廉城邦 , 河南岸",3室1厅,77.14平米,东南,精装,高楼层(共23层) ,,塔楼,53.8 万,6975 元,1,,,VR看装修 | 房本满五年 | 随时看房,https://hui.lianjia.com/ershoufang/105121638057.html
雍和园 精装修3房3卫 采光视野佳,"蓝光雍和园 , 龙丰",3室1厅,141.75平米,西南,精装,中楼层(共19层) ,,板楼,158 万,11147 元,0,,13天以前发布,VR房源 | 房本满两年 | 随时看房,https://hui.lianjia.com/ershoufang/105122425318.html
鼎峰国汇山 3室2厅 南 北,"鼎峰国汇山 , 江北",3室2厅,120平米,南 北,,低楼层(共27层) ,,板塔结合,108 万,9000 元,1,,,VR看装修 | 随时看房,https://hui.lianjia.com/ershoufang/105120685886.html
金山湖 隆生金山湖中.心旁 嘉泽园4房 诚意出售,"浩盛嘉泽园 , 河南岸",4室2厅,130.55平米,南 北,毛坯,高楼层(共31层) ,,塔楼,116 万,8886 元,0,,,VR看装修 | 房本满五年 | 随时看房,https://hui.lianjia.com/ershoufang/105119745110.html
临深精装三房，坐拥坪山河一线景观，红本在手交易快,"秋谷康城 , 龙光城",3室2厅,94.68平米,南,简装,18层 ,,板塔结合,55.8 万,5894 元,0,,,VR看装修 | 房本满两年 | 随时看房,https://hui.lianjia.com/ershoufang/105121663259.html
金山湖花园一复试7房格局方正布局合理,"金山湖花园一区 , 河南岸",7室1厅,369.35平米,南,精装,低楼层(共16层) ,,板塔结合,380 万,10289 元,0,,,VR房源 | 房本满五年 | 随时看房,https://hui.lianjia.com/ershoufang/105121817113.html
邦民华家园 四房南北通 户型方正 好楼层 价格可小谈,"邦民华家园 , 惠环",4室2厅,108.2平米,东南,毛坯,26层 ,,塔楼,55.5 万,5130 元,0,,,VR看装修 | 随时看房,https://hui.lianjia.com/ershoufang/105120520908.html
业主诚心出售，户型方正无浪费。,"隆生西江花园 , 东江新城",4室2厅,152.8平米,南,毛坯,中楼层(共28层) ,,塔楼,148 万,9686 元,0,,,VR看装修 | 随时看房,https://hui.lianjia.com/ershoufang/105121477396.html
业主诚心出售 次新小区 朝南向 采光好 户型靓,"东方铂悦府 , 新行政区",4室2厅,113.85平米,南,毛坯,32层 ,,板塔结合,95 万,8345 元,0,,17天以前发布,VR看装修 | 房本满两年 | 随时看房,https://hui.lianjia.com/ershoufang/105122376255.html
翡翠山精致两房，中高楼层看山景无遮挡，业主诚心出售,"翡翠山城君御 , 万达",2室1厅,82.07平米,东,精装,34层 ,,,69 万,8408 元,1,,,VR房源 | 房本满两年 | 随时看房,https://hui.lianjia.com/ershoufang/105121968313.html
碧桂园四房看中间花园位置，采光好，随时可看,"碧桂园翠湖湾 , 新圩",4室1厅,126.36平米,北,精装,低楼层(共31层) ,,板塔结合,80 万,6332 元,0,,,VR看装修 | 房本满五年 | 随时看房,https://hui.lianjia.com/ershoufang/105117792552.html
翡翠山大社区，环境好，一线别墅景观,"翡翠山城君御 , 万达",3室2厅,106.03平米,东南,精装,34层 ,,板塔结合,94 万,8866 元,3,,,VR看装修 | 房本满五年 | 随时看房,https://hui.lianjia.com/ershoufang/105119107311.html
安静舒适、看小区花安静舒适，面积大空间足私密！,"珠江四季悦城二期 , 西区新寮",3室2厅,109.91平米,南,简装,33层 ,,板塔结合,79 万,7188 元,0,,,VR看装修 | 房本满两年 | 随时看房,https://hui.lianjia.com/ershoufang/105120904455.html
业主诚心出售    户型面积实用，朝花园，安静,"华彩公馆 , 大亚湾中心区",3室1厅,103.5平米,南,毛坯,18层 ,,板楼,32 万,3092 元,0,,,VR房源 | 房本满五年 | 随时看房,https://hui.lianjia.com/ershoufang/105120632119.html
低密度大社区，前后双公园 户型方正 业主寄售,"御蓝湾花园 , 万达",3室1厅,81.29平米,南,精装,33层 ,,板塔结合,48 万,5905 元,0,,,VR看装修 | 房本满五年 | 随时看房,https://hui.lianjia.com/ershoufang/105118327905.html
俊雅豪庭114平大三房中间楼层，总价55万,"俊雅豪庭 , 博罗中心区",3室2厅,114平米,西,精装,17层 ,,板塔结合,52.8 万,4632 元,0,,,VR看装修 | 房本满五年,https://hui.lianjia.com/ershoufang/105121179848.html
悦龙台，近万达广场，儿童公园旁，小区自带音乐喷泉,"恒大悦龙台 , 万达",3室2厅,95平米,北,精装,32层 ,,板塔结合,70 万,7369 元,0,,,VR看装修 | 房本满两年 | 随时看房,https://hui.lianjia.com/ershoufang/105121004130.html
一线临深河景小区南北透小高层业主诚心出售,"秋谷康城 , 龙光城",4室1厅,131平米,东南,毛坯,9层 ,,板塔结合,65 万,4962 元,0,,7天以前发布,VR房源 | 随时看房,https://hui.lianjia.com/ershoufang/105122495543.html
业主诚心出售 次新小区 朝南向 采光好 户型靓,"东方铂悦府 , 新行政区",3室2厅,96.71平米,东南,精装,29层 ,,板塔结合,88 万,9100 元,2,,,VR看装修,https://hui.lianjia.com/ershoufang/105120804483.html
四楼楼梯房，楼层好，总价低，位置好方便，户型实用,"益利新村 , 开城大润发",2室1厅,55.64平米,南,,中楼层(共7层) ,,板塔结合,15 万,2696 元,3,,10天以前发布,VR房源 | 房本满五年 | 随时看房,https://hui.lianjia.com/ershoufang/105122457736.html
双阳台楼层看花园采光视野好拎包入住,"富康锦绣壹号5期 , 西区新寮",4室2厅,125.96平米,南,精装,32层 ,,塔楼,170 万,13497 元,0,,,VR看装修 | 房本满两年 | 随时看房,https://hui.lianjia.com/ershoufang/105119846731.html
精装大3房全屋定制公园品质园林山湖一体一级物业体验,"碧桂园湖光山色 , 秋长",3室2厅,119平米,东南 南,精装,28层 ,,板塔结合,77 万,6471 元,1,,,VR看装修 | 房本满两年 | 随时看房,https://hui.lianjia.com/ershoufang/105117180028.html
华章东郡带精装修三房好楼层，朝南诚意出售,"华章东郡 , 河南岸",3室2厅,91.22平米,南,精装,中楼层(共32层) ,,板塔结合,76 万,8332 元,0,,,VR看装修 | 房本满五年 | 随时看房,https://hui.lianjia.com/ershoufang/105120771217.html
临深 采光通风佳 户型方正 ，楼龄新,"壹方天第 , 白云新城",3室2厅,111.53平米,南,简装,34层 ,,板塔结合,78 万,6994 元,1,,,VR看装修 | 房本满五年 | 随时看房,https://hui.lianjia.com/ershoufang/105116719405.html
临深  花园品质社区+户型方正+南北通+业主急售,"万城 , 白云新城",3室1厅,94平米,东南,精装,25层 ,,板塔结合,59.8 万,6362 元,0,,,VR房源 | 随时看房,https://hui.lianjia.com/ershoufang/105118661136.html
隆生广场旁 电梯朝南3房 诚心出售 价格可谈,"龙湖小区 , 东平",3室2厅,88.45平米,南,简装,中楼层(共10层) ,,板塔结合,34 万,3844 元,0,,,VR看装修 | 房本满五年,https://hui.lianjia.com/ershoufang/105120469837.html
精装修   中间楼层  拎包入住,"鹏德名苑 , 开城大润发",2室1厅,54.75平米,南 北,精装,32层 ,,塔楼,29.8 万,5443 元,2,,,VR看装修 | 房本满两年 | 随时看房,https://hui.lianjia.com/ershoufang/105120030942.html
高楼层2梯三户/朝南正面看湖景/红本在手无欠款,"泰丰牧马湖 , 万达",4室2厅,122.84平米,南,毛坯,33层 ,,板塔结合,119.98 万,9768 元,0,,,VR房源 | 房本满两年 | 随时看房,https://hui.lianjia.com/ershoufang/105120015158.html
太东高地 公园里的家  精装修 大两房 看房方便,"太东高地 , 区政府",2室2厅,74.9平米,东,精装,31层 ,,板塔结合,51 万,6810 元,2,,,VR看装修,https://hui.lianjia.com/ershoufang/105118187441.html
碧桂园十里银滩朝东向两房，全新没住过,"碧桂园十里银滩海悦湾 , 十里银滩",2室1厅,73.69平米,东南,精装,30层 ,,板塔结合,26 万,3529 元,0,,17天以前发布,VR房源 | 房本满五年,https://hui.lianjia.com/ershoufang/105122381457.html
东湖花园九区东平 物业楼下即商场综合体，配套设施,"东湖花园九区 , 东平",3室2厅,118平米,东,精装,中楼层(共35层) ,,塔楼,138 万,11695 元,0,,,VR房源 | 房本满五年 | 随时看房,https://hui.lianjia.com/ershoufang/105120216957.html
半岛三期中间楼层精装双阳台视野无遮挡,"半岛1号三期 , 白云新城",3室2厅,131.58平米,东南,精装,16层 ,,板塔结合,83.8 万,6369 元,1,,,VR房源 | 房本满五年 | 随时看房,https://hui.lianjia.com/ershoufang/105121245890.html
落地窗 高楼层 采光视野好 佳兆业一期 业主诚心出售,"佳兆业中心一期 , 江北",1室1厅,42.62平米,东,精装,29层 ,,板塔结合,28.5 万,6688 元,0,,30天以前发布,VR看装修 | 房本满五年 | 随时看房,https://hui.lianjia.com/ershoufang/105122268072.html
博罗新城区 电梯两房 阳台朝南 中间楼层 下楼就是操场,"佳兆业东江新城十期 , 博罗中心区",2室2厅,74平米,南,,34层 ,,板塔结合,27 万,3649 元,0,,,VR看装修 | 随时看房,https://hui.lianjia.com/ershoufang/105122101098.html
地段好，建材城小高层，无欠款，近万达-益田-吾悦广场,"华南国际 , 吾悦广场",4室2厅,110.05平米,南,精装,中楼层(共5层) ,,板楼,46 万,4180 元,0,,,VR看装修 | 房本满五年,https://hui.lianjia.com/ershoufang/105121873184.html
中间楼层采光好，小区内好，配套成熟，,"长汀花园 , 吾悦广场",2室1厅,60.38平米,南,毛坯,17层 ,,板塔结合,26 万,4307 元,2,,,VR看装修 | 房本满五年 | 随时看房,https://hui.lianjia.com/ershoufang/105111781793.html
下角丽水湾精装3房 业主诚意出售 看房方便,"鹏达丽水湾 , 下角",3室2厅,103.44平米,西 北,简装,低楼层(共27层) ,,板塔结合,83 万,8024 元,0,,,VR看装修 | 房本满五年,https://hui.lianjia.com/ershoufang/105121010753.html
诚心出售，南北向双阳台的户型，采光充足,"秋谷跃府 , 西区新寮",4室2厅,99.65平米,南,精装,27层 ,,板塔结合,64 万,6423 元,1,,,VR房源 | 房本满五年 | 随时看房,https://hui.lianjia.com/ershoufang/105118719721.html
惠州南站，优质地段，北向两房，业主诚心出售。,"长汀花园 , 吾悦广场",2室2厅,60.73平米,西北,毛坯,18层 ,,板塔结合,26 万,4282 元,1,,,VR看装修 | 随时看房,https://hui.lianjia.com/ershoufang/105113963869.html
南北通四房 采光通风好。天虹旁，高楼层,"中央国墅园 , 区政府",4室2厅,108.76平米,南 北,毛坯,29层 ,,板塔结合,48.5 万,4460 元,0,,7天以前发布,VR房源 | 随时看房,https://hui.lianjia.com/ershoufang/105122489041.html
户型方正采光好，业主城心出售交通方便，,"东信新天华府 , 江北",3室2厅,116.77平米,南,,24层 ,,板塔结合,70 万,5995 元,0,,,VR看装修 | 随时看房,https://hui.lianjia.com/ershoufang/105117528502.html
精装修 家私家电全齐 拎包入住 东江湾,"东江湾 , 江北",1室1厅,48平米,西,精装,中楼层(共30层) ,,板塔结合,35 万,7292 元,0,,,VR看装修 | 房本满两年,https://hui.lianjia.com/ershoufang/105120867292.html
碧桂园珑尚花园 户型方正 实用性强，视野开阔,"碧桂园珑尚花园 , 水口",4室2厅,108.49平米,南,毛坯,高楼层(共34层) ,,板塔结合,68 万,6268 元,0,,,VR看装修 | 房本满两年 | 随时看房,https://hui.lianjia.com/ershoufang/105117941657.html
梵高的花园4房2阳台，毛坯137平，户型方正，随时可看,"梵高的花园 , 江北",4室2厅,137平米,南,毛坯,33层 ,,板塔结合,123 万,8979 元,0,,,VR看装修 | 房本满两年 | 随时看房,https://hui.lianjia.com/ershoufang/105114007576.html
新力三期开阔4房中高楼层看花园,"新力城三期 , 水口",4室2厅,136平米,南,毛坯,高楼层(共32层) ,,板塔结合,103 万,7574 元,0,,,VR看装修 | 随时看房,https://hui.lianjia.com/ershoufang/105120592177.html
满五唯一，小户型，装修好没住过，靠红树林,"栖境园 , 大亚湾中心区",1室0厅,34.24平米,北,简装,12层 ,,板塔结合,18.8 万,5491 元,0,,12天以前发布,VR房源 | 房本满五年 | 随时看房,https://hui.lianjia.com/ershoufang/105122436852.html
陈江繁华成熟地段，高品质小区，百万方成熟社区,"华廷悦府 , 陈江",4室2厅,128.22平米,南,毛坯,高楼层(共32层) ,,塔楼,112 万,8735 元,0,,,VR房源 | 随时看房,https://hui.lianjia.com/ershoufang/105119453417.html
户型方正，东向，价格可以沟通。,"惠阳雅居乐花园一期 , 南站新城",2室2厅,75.91平米,东南,,24层 ,,板塔结合,29.9 万,3939 元,0,,,VR看装修 | 随时看房,https://hui.lianjia.com/ershoufang/105121476048.html
复式洋房、中间楼层、80万精装、人车分流、仅契税,"星河丹堤N区 , 南站新城",5室2厅,177.61平米,南 北,精装,低楼层(共17层) ,,塔楼,285 万,16047 元,3,,,VR房源 | 房本满两年 | 随时看房,https://hui.lianjia.com/ershoufang/105119174504.html
此房满五，，采光楼层好，业主诚心出售,"DADA的草地 , 大亚湾中心区",2室1厅,58.59平米,南,毛坯,32层 ,,板塔结合,13.8 万,2356 元,5,,,VR看装修 | 房本满五年 | 随时看房,https://hui.lianjia.com/ershoufang/105114819331.html
江北中 心 精装4房 163平保养很好 繁华地段配套齐全,"佳兆业中心二期 , 江北",4室2厅,163.59平米,南,精装,41层 ,,板塔结合,139 万,8497 元,1,,,VR房源 | 房本满两年 | 随时看房,https://hui.lianjia.com/ershoufang/105121776847.html
搬砖半年5千收入安家仲恺康城四季花园三房无欠款,"TCL康城四季 , 惠环",3室1厅,89.5平米,南,毛坯,32层 ,,塔楼,50 万,5587 元,0,,16天以前发布,VR房源 | 随时看房,https://hui.lianjia.com/ershoufang/105122389627.html
区政府旁 标准三房  房子保养很好 户型方正,"中港华庭 , 区政府",3室2厅,103.33平米,南 北,精装,26层 ,,塔楼,66 万,6388 元,0,,,VR看装修 | 房本满五年,https://hui.lianjia.com/ershoufang/105119632378.html
听涛复式二房精装修诚心出售随时可以看房,"听涛雅苑 , 大亚湾中心区",2室1厅,33.14平米,北,精装,7层 ,,板塔结合,20.8 万,6277 元,0,,,VR房源 | 房本满两年 | 随时看房,https://hui.lianjia.com/ershoufang/105122090920.html
（平台推荐）临深精装修三房，好出租，税费少,"慧湾中心 , 西区新寮",3室2厅,95.86平米,南,精装,33层 ,,板塔结合,79.8 万,8325 元,0,,26天以前发布,VR看装修,https://hui.lianjia.com/ershoufang/105122300583.html
业主自住 精装 看花园 保养好,"星河丹堤G区 , 南站新城",3室2厅,98.07平米,南,精装,34层 ,,塔楼,105 万,10707 元,0,,,VR看装修 | 房本满五年 | 随时看房,https://hui.lianjia.com/ershoufang/105120388520.html
天益城轻轨站500米朝南四房诚意出售,"milk花园 , 陈江",4室2厅,91.32平米,南,毛坯,32层 ,,塔楼,43 万,4709 元,0,,,VR看装修 | 房本满两年 | 随时看房,https://hui.lianjia.com/ershoufang/105113568873.html
朝南大两房，视野开阔，价格好谈,"诗林廊桥苑 , 澳头",2室2厅,83.36平米,南,,24层 ,,板塔结合,28 万,3359 元,0,,,VR看装修 | 房本满五年 | 随时看房,https://hui.lianjia.com/ershoufang/105121859940.html
恒大悦龙台精装三房，业主急售！！！,"恒大悦龙台 , 万达",3室2厅,85平米,北,精装,32层 ,,板塔结合,59 万,6942 元,0,,15天以前发布,VR房源 | 房本满两年 | 随时看房,https://hui.lianjia.com/ershoufang/105122404613.html
恒宇新苑 大三房 南北通3房 户型正采光好,"恒宇新苑 , 河南岸",3室2厅,120.16平米,南,精装,中楼层(共7层) ,,板楼,79 万,6575 元,0,,18天以前发布,VR看装修 | 房本满五年,https://hui.lianjia.com/ershoufang/105122370979.html
壹城精装修大户型，保养很新，业主诚售。,"壹城中心2区 , 陈江",4室1厅,138.7平米,南 北,,中楼层(共32层) ,,塔楼,115 万,8292 元,0,,,VR看装修 | 随时看房,https://hui.lianjia.com/ershoufang/105121991775.html
东湖花园六号小区 南向三房两厅 有钥匙看房,"东湖花园六号小区 , 东平",3室2厅,102.78平米,南,简装,低楼层(共9层) ,,板楼,79 万,7687 元,0,,,VR房源 | 房本满五年 | 随时看房,https://hui.lianjia.com/ershoufang/105119500509.html
一线临深，标准大三房，业主红本在手，没有欠款,"锦地繁花骏园 , 西区新寮",3室2厅,98.43平米,东南,,30层 ,,板塔结合,60 万,6096 元,0,,,VR看装修 | 房本满两年 | 随时看房,https://hui.lianjia.com/ershoufang/105120112429.html
麦地成熟小区生活便利交通方便住家装修,"麦地南山庄二期 , 麦地",3室2厅,109.51平米,南,简装,中楼层(共8层) ,,板塔结合,82 万,7488 元,0,,,VR看装修 | 房本满五年 | 随时看房,https://hui.lianjia.com/ershoufang/105117210713.html
新力城一期89平毛坯三房诚意出售,"新力城一期 , 水口",3室2厅,89.22平米,东南,毛坯,低楼层(共27层) ,,板楼,57 万,6389 元,0,,,VR看装修 | 随时看房,https://hui.lianjia.com/ershoufang/105122092942.html
带前后大露台 华辉铭铸 带产权车位  四房,"华辉铭铸 , 江北",4室1厅,129.5平米,南,精装,低楼层(共17层) ,,塔楼,118 万,9112 元,0,,16天以前发布,VR房源,https://hui.lianjia.com/ershoufang/105122394479.html
精装修，好楼层，采光好，通风好，没有遮挡。,"鑫月御园 , 秋长",3室2厅,84.91平米,南,精装,23层 ,,板塔结合,52 万,6125 元,0,,25天以前发布,VR看装修 | 房本满五年 | 随时看房,https://hui.lianjia.com/ershoufang/105122312567.html
水口大社区新力花园，118平南北通大3房，视野开阔,"新力城一期 , 水口",3室2厅,117.98平米,南,毛坯,低楼层(共27层) ,,板楼,78 万,6612 元,0,,,VR看装修 | 房本满两年 | 随时看房,https://hui.lianjia.com/ershoufang/105122094156.html
新力城花园端头位，89平3方，视野好,"新力城一期 , 水口",3室2厅,89.22平米,南,毛坯,中楼层(共27层) ,,板楼,57 万,6389 元,0,,,VR看装修 | 房本满两年 | 随时看房,https://hui.lianjia.com/ershoufang/105122094211.html
鼎峰国汇山 全新毛坯 朝南 刚需三房 带花园,"鼎峰国汇山 , 江北",3室2厅,87.89平米,南,毛坯,高楼层(共32层) ,,板塔结合,88 万,10013 元,1,,,VR看装修 | 房本满五年 | 随时看房,https://hui.lianjia.com/ershoufang/105119790072.html
新力花园 小区环境舒服  房子户型好，板楼设计,"新力城一期 , 水口",3室2厅,108.9平米,东南,毛坯,中楼层(共27层) ,,板楼,78 万,7163 元,0,,,VR看装修 | 房本满五年 | 随时看房,https://hui.lianjia.com/ershoufang/105121420249.html
合生·上观国际 4室2厅 西南,"合生·上观国际 , 水口",4室2厅,178.34平米,西南,精装,中楼层(共18层) ,,塔楼,109.8 万,6157 元,0,,,VR房源 | 房本满五年,https://hui.lianjia.com/ershoufang/105121900772.html
新力城一期89平方 朝南看花园 精装修 价格可聊,"新力城一期 , 水口",3室2厅,89平米,南,精装,33层 ,,板楼,73.8 万,8293 元,0,,8天以前发布,VR房源,https://hui.lianjia.com/ershoufang/105122486487.html
新力城一期118平三房诚意出售,"新力城一期 , 水口",3室2厅,117.98平米,南 西南,毛坯,高楼层(共27层) ,,板楼,78 万,6612 元,0,,,VR看装修 | 随时看房,https://hui.lianjia.com/ershoufang/105122091069.html
启明苑，新天虹商圈，配套成熟，四房两厅，户型方正,"启明苑 , 河南岸",4室2厅,128.48平米,南,精装,9层 ,,板塔结合,85 万,6616 元,6,,,VR看装修,https://hui.lianjia.com/ershoufang/105106703089.html
合生温馨2房，朝南东边户，视野开阔看江景,"合生·上观国际 , 水口",2室2厅,83.75平米,东南 南,毛坯,高楼层(共32层) ,,塔楼,58 万,6926 元,0,,,VR看装修 | 随时看房,https://hui.lianjia.com/ershoufang/105120477694.html
碧桂园珑誉4房精装 带车位  好楼层户型方正,"碧桂园珑誉花园 , 水口",4室2厅,115.36平米,东南,,中楼层(共33层) ,,塔楼,88 万,7629 元,0,,,VR看装修 | 房本满五年 | 随时看房,https://hui.lianjia.com/ershoufang/105122145460.html
合生上观小区，精装，大社区...................,"合生·上观国际 , 水口",4室2厅,178.09平米,东南,精装,中楼层(共18层) ,,塔楼,110 万,6177 元,1,,,VR房源 | 房本满五年,https://hui.lianjia.com/ershoufang/105114138529.html
视野开阔  采光好 中高楼层 南向 精致三房,"五矿哈施塔特 , 博罗中心区",3室2厅,93.4平米,南,毛坯,33层 ,,塔楼,35 万,3748 元,0,,,VR看装修 | 房本满两年 | 随时看房,https://hui.lianjia.com/ershoufang/105121313862.html
三环内，交通便利，四房装修保养好，拎包入住,"翠湖雅苑 , 水口",5室2厅,155.27平米,南 北,精装,中楼层(共15层) ,,板塔结合,86 万,5539 元,0,,,VR看装修 | 房本满五年 | 随时看房,https://hui.lianjia.com/ershoufang/105119843398.html
视野无遮挡，中间楼层，户型方正，轻轨口物业大社区,"隆生仲恺花园3区 , 陈江",4室2厅,125.97平米,南 北,毛坯,低楼层(共32层) ,,塔楼,84.3 万,6693 元,0,,,VR看装修 | 房本满两年 | 随时看房,https://hui.lianjia.com/ershoufang/105121533630.html
此房满五唯一税费少户型好 户型方正实用 区政府旁,"江南豪苑 , 区政府",3室2厅,127平米,东南,简装,高楼层(共25层) ,,板楼,70 万,5512 元,0,,,VR看装修 | 房本满两年 | 随时看房,https://hui.lianjia.com/ershoufang/105118744164.html
房子户型方正看山景海景湖景单位原购价高无个税,"合生滨海城 , 澳头",4室2厅,182.35平米,东南,毛坯,31层 ,,板塔结合,110 万,6033 元,0,,,VR看装修 | 房本满五年 | 随时看房,https://hui.lianjia.com/ershoufang/105122183250.html
原购价格高无个税，户型方正，通风采光好，业主急售！,"合生滨海城 , 澳头",3室2厅,113平米,南 北,简装,28层 ,,板塔结合,56 万,4956 元,0,,,VR看装修 | 随时看房,https://hui.lianjia.com/ershoufang/105119198235.html
原购价格高，无个税！高品质大社区 好楼层 视野采光,"合生滨海城 , 澳头",3室2厅,137.64平米,东南 南,,31层 ,,板塔结合,60 万,4360 元,0,,26天以前发布,VR看装修 | 房本满五年 | 随时看房,https://hui.lianjia.com/ershoufang/105122300729.html
精装拎包入住楼层位置好，配套设施齐全,"当代上品湾花园 , 澳头",1室1厅,33.67平米,南,精装,37层 ,,板塔结合,13 万,3862 元,4,,,VR房源 | 房本满五年 | 随时看房,https://hui.lianjia.com/ershoufang/105117101567.html
高层视野好 精装修没住过 配套成熟 近天虹半岛公园,"清泉城市广场 , 区政府",3室2厅,93.83平米,南 北,精装,29层 ,,板塔结合,63 万,6715 元,1,,,VR看装修 | 房本满两年 | 随时看房,https://hui.lianjia.com/ershoufang/105120155032.html
壹城精装修4房，中高楼层，拎包入住,"壹城中心1区 , 陈江",4室2厅,118.38平米,南 北,精装,高楼层(共32层) ,,塔楼,112 万,9462 元,0,,,VR看装修 | 房本满两年 | 随时看房,https://hui.lianjia.com/ershoufang/105119898352.html
经典房型，实用方便，刚需改善均可，有意向欢迎实地看,"光耀荷兰小城 , 陈江",4室2厅,92.5平米,北 南,毛坯,中楼层(共33层) ,,板塔结合,49 万,5298 元,0,,25天以前发布,VR看装修 | 随时看房,https://hui.lianjia.com/ershoufang/105122312008.html
骏景花园 4室2厅 东,"骏景花园 , 区政府",4室2厅,130.25平米,东,精装,25层 ,,板塔结合,83.5 万,6411 元,0,,10天以前发布,VR房源 | 房本满五年,https://hui.lianjia.com/ershoufang/105122463324.html
临深片区，标准三房，小区环境好,"锦地繁花骏园 , 西区新寮",3室2厅,98.92平米,东南 南,毛坯,30层 ,,板塔结合,58.8 万,5945 元,2,,,VR看装修 | 房本满五年 | 随时看房,https://hui.lianjia.com/ershoufang/105120000468.html
沙田地铁站小户型两房，低总价，红本满五税少,"晶地顺苑 , 西区新寮",2室1厅,53.36平米,南,,30层 ,,板塔结合,26 万,4873 元,0,,,VR看装修 | 房本满五年 | 随时看房,https://hui.lianjia.com/ershoufang/105120979575.html
东南向 视野好 通风佳 采光好 租客好约看房随时,"伟豪领御世家 , 江北",4室2厅,100.97平米,东南,简装,中楼层(共32层) ,,板塔结合,95 万,9409 元,0,,,VR看装修 | 房本满五年 | 随时看房,https://hui.lianjia.com/ershoufang/105120756987.html
吾悦万达商圈，高铁站旁，生活配套齐全,"碧桂园太东公园上城 , 吾悦广场",3室2厅,110.54平米,南 北,精装,32层 ,,塔楼,108 万,9771 元,0,,,VR看装修 | 房本满五年 | 随时看房,https://hui.lianjia.com/ershoufang/105120513547.html
龙湖天宸原著花园 3室1厅 南,"龙湖天宸原著花园 , 河南岸",3室1厅,94.99平米,南,毛坯,低楼层(共33层) ,,塔楼,120 万,12633 元,0,,,VR房源 | 随时看房,https://hui.lianjia.com/ershoufang/105117282995.html
采光通风视野好 ， 配套设施齐全,"润合名居 , 西区新寮",4室2厅,109.83平米,南,毛坯,25层 ,,塔楼,69 万,6283 元,2,,,VR看装修 | 房本满五年 | 随时看房,https://hui.lianjia.com/ershoufang/105120692698.html
深圳创维惠州园区 高铁站 碧桂园科学城 精装三室二卫,"碧桂园云创家园 , 潼侨沥林",4室2厅,134.71平米,南 北,简装,中楼层(共34层) ,,,80 万,5939 元,0,,,VR看装修 | 房本满两年 | 随时看房,https://hui.lianjia.com/ershoufang/105119580009.html
临深大社区，配套完善，近沙田地铁站，诚心出售！,"锦地繁花 , 西区新寮",4室2厅,127平米,南 北,毛坯,25层 ,,板塔结合,74.5 万,5867 元,2,,,VR看装修 | 随时看房,https://hui.lianjia.com/ershoufang/105120835514.html
业主诚意卖精装五房，业主钥匙全权委托给我,"七里香堤花园 , 龙光城",4室2厅,113.94平米,西南,精装,33层 ,,板塔结合,78 万,6846 元,1,,,VR房源 | 随时看房,https://hui.lianjia.com/ershoufang/105120919810.html
一线临深，次新小区，好楼层好视野,"冠华城桂香园三期 , 西区新寮",3室2厅,84.32平米,南,毛坯,33层 ,,板塔结合,66 万,7828 元,0,,5天以前发布,VR房源 | 随时看房,https://hui.lianjia.com/ershoufang/105122514072.html
配套齐全，生活便利，首付月供无压力，好出租,"金茂精英现代城一期 , 陈江",2室2厅,64.95平米,南,简装,17层 ,,板塔结合,23 万,3542 元,0,,,VR看装修 | 房本满五年 | 随时看房,https://hui.lianjia.com/ershoufang/105121859575.html
钱隆华府精装三房，业主深圳置业，诚心出售。,"世茂福晟钱隆华府 , 陈江",3室2厅,98.21平米,南,精装,中楼层(共33层) ,,板塔结合,77 万,7841 元,0,,7天以前发布,VR房源 | 房本满两年,https://hui.lianjia.com/ershoufang/105122488534.html
60栋大社区 大花园 惠阳汽车站旁 交通方便,"花样年别样城二期 , 新行政区",3室2厅,95.16平米,南 西,毛坯,33层 ,,板塔结合,52 万,5465 元,1,,,VR看装修 | 房本满五年 | 随时看房,https://hui.lianjia.com/ershoufang/105113584473.html
全新未入住南北通三房 仲恺海关旁 新力帝泊湾,"新力帝泊湾 , 新圩",3室2厅,105.8平米,南,精装,32层 ,,塔楼,58 万,5483 元,1,,,VR看装修 | 房本满两年 | 随时看房,https://hui.lianjia.com/ershoufang/105119775253.html
此房户型方正，楼层好，视野开阔，采光好。,"天安珑城 , 区政府",3室1厅,85.13平米,南,精装,29层 ,,塔楼,83 万,9750 元,1,,,VR看装修 | 房本满两年,https://hui.lianjia.com/ershoufang/105119835642.html
腾韵花园，南北通四房，中间楼层，视野景观好，朝花园,"腾韵花园 , 陈江",4室2厅,116.37平米,南 北,,32层 ,,板塔结合,78 万,6703 元,0,,,VR看装修 | 房本满两年 | 随时看房,https://hui.lianjia.com/ershoufang/105121542890.html
大社区，近学 校 ，标准住宅风格，采光好，户型方正,"光耀荷兰小城 , 陈江",4室2厅,114.19平米,北,,中楼层(共33层) ,,板塔结合,53 万,4642 元,0,,,VR看装修,https://hui.lianjia.com/ershoufang/105120141114.html
精装修，次新小区，看小区园林景观，安静舒适,"太东天地花园 , 大亚湾中心区",4室2厅,107.86平米,南 北,精装,29层 ,,板塔结合,65 万,6027 元,0,,,VR看装修 | 房本满五年 | 随时看房,https://hui.lianjia.com/ershoufang/105121975782.html
临深交界，刚需户型，配套成熟，有钥匙随时可看,"爱琴海 , 西区新寮",2室1厅,56.3平米,东南,毛坯,33层 ,,板塔结合,37 万,6572 元,6,,,VR房源 | 房本满五年 | 随时看房,https://hui.lianjia.com/ershoufang/105116061844.html
近仲恺高铁站，邻中韩产业园，中间楼层温馨三房诚心卖,"玖龙台 , 潼侨沥林",3室2厅,89平米,东南,,高楼层(共27层) ,,,43 万,4832 元,0,,,VR看装修 | 房本满两年 | 随时看房,https://hui.lianjia.com/ershoufang/105119997970.html
水岸城二期 小三房毛坯 花园楼栋 中间楼层,"中信水岸城二三期 , 东江新城",3室1厅,86.08平米,东南,,17层 ,,板塔结合,73 万,8481 元,0,,18天以前发布,VR看装修 | 房本满五年 | 随时看房,https://hui.lianjia.com/ershoufang/105122365478.html
尚城世家三期    3房带装修   业主诚心出售,"尚城世家三期 , 区政府",3室2厅,97.69平米,东,精装,高楼层(共31层) ,,板塔结合,107 万,10954 元,3,,,VR看装修 | 房本满两年,https://hui.lianjia.com/ershoufang/105113874569.html
楼层好，视野好，无抵押，户型方正，业主诚心出售,"亚迪二村一区 , 澳头",4室2厅,149平米,南,,32层 ,,板塔结合,59 万,3960 元,0,,,VR看装修 | 随时看房,https://hui.lianjia.com/ershoufang/105121563632.html
半岛公园旁 次新小区 深东新锐 大三房 诚意出售,"深东新锐 , 区政府",3室1厅,107.61平米,南,,中楼层(共28层) ,,板塔结合,75 万,6970 元,0,,,VR房源 | 房本满两年 | 随时看房,https://hui.lianjia.com/ershoufang/105117334776.html
精装修四房两厅，座北朝南，采光户型好合适一家人居住,"珠光御景湾 , 水口",4室2厅,133平米,东南 南,精装,17层 ,,板塔结合,75 万,5640 元,1,,,VR看装修,https://hui.lianjia.com/ershoufang/105119211075.html
大湖花园 装修小3房 小区有花园 有证 过渡合适,"大湖花园 , 水口",3室2厅,53平米,南,简装,高楼层(共8层) ,,板楼,18 万,3397 元,1,,,VR看装修,https://hui.lianjia.com/ershoufang/105116210945.html
户型方正，楼层好，采光视野可以,"新际首座 , 大亚湾中心区",1室1厅,54平米,西南,简装,28层 ,,板塔结合,20 万,3704 元,3,,,VR看装修 | 随时看房,https://hui.lianjia.com/ershoufang/105120391124.html
万达广场精装四房，业主要钱不要房,"龙光玖龙花园 , 万达",4室2厅,111.97平米,南,精装,32层 ,,板塔结合,75 万,6699 元,0,,,VR看装修 | 房本满两年 | 随时看房,https://hui.lianjia.com/ershoufang/105113925607.html
壹城中心11区  毛坯南北通4房 踩光好 户型方正,"壹城中心11区 , 陈江",4室2厅,124平米,南 北,毛坯,高楼层(共30层) ,,板塔结合,93 万,7500 元,0,,,VR看装修 | 随时看房,https://hui.lianjia.com/ershoufang/105121336583.html
荷兰小城中间楼层，视野开阔，户型方正，采光通风好！,"光耀荷兰小城 , 陈江",4室2厅,114.19平米,北,毛坯,高楼层(共33层) ,,板塔结合,57 万,4992 元,1,,,VR看装修 | 随时看房,https://hui.lianjia.com/ershoufang/105121494824.html
万达商旁精品复式房、视野好，位置好，新装修,"中萃花城湾 , 万达",6室2厅,120.16平米,南,精装,16层 ,,塔楼,128 万,10653 元,0,,,VR房源 | 房本满五年,https://hui.lianjia.com/ershoufang/105121565063.html
中建物业  中天彩虹城3室  业主诚心出售  看房方便,"中天彩虹城北区 , 开城大润发",3室2厅,118平米,南,精装,28层 ,,板楼,66 万,5594 元,0,,,VR房源,https://hui.lianjia.com/ershoufang/105119953551.html
此房满五唯一 中间 户型 精装修保养好户型方正,"合生·上观国际 , 水口",4室2厅,159.89平米,南,精装,中楼层(共29层) ,,塔楼,140 万,8757 元,0,,,VR看装修 | 房本满五年,https://hui.lianjia.com/ershoufang/105122103227.html
临深白云新城 通勤便利 配套齐全 居住好 近地铁,"鹏城里 , 白云新城",4室2厅,112.1平米,南 北,毛坯,30层 ,,板塔结合,55 万,4907 元,0,,19天以前发布,VR房源 | 房本满两年 | 随时看房,https://hui.lianjia.com/ershoufang/105122358403.html
开发商装修通透四房 全新未住过人 带12平南向景观阳台,"龙光城北十一期 , 龙光城",4室2厅,118.73平米,东南 西北,精装,32层 ,,板塔结合,103 万,8676 元,0,,27天以前发布,VR看装修 | 随时看房,https://hui.lianjia.com/ershoufang/105122294537.html
大大草地 3房两卫  毛坯 高楼层 业主诚心出售,"DADA的草地 , 大亚湾中心区",3室2厅,100.74平米,南,毛坯,32层 ,,板塔结合,29 万,2879 元,24,,,VR看装修 | 房本满五年 | 随时看房,https://hui.lianjia.com/ershoufang/105115176417.html
顶楼建了铁皮从自己房子可以上去，买一得二,"吴屋园路 , 下角",3室1厅,63.09平米,东南,,高楼层(共4层) ,,,18 万,2854 元,1,,14天以前发布,VR房源 | 房本满五年 | 随时看房,https://hui.lianjia.com/ershoufang/105122414346.html
临深楼盘带装修，标准2+1房  业主诚心出售,"秋谷康城 , 龙光城",2室2厅,82.67平米,西南,精装,30层 ,,板塔结合,46 万,5565 元,6,,,VR看装修 | 房本满五年 | 随时看房,https://hui.lianjia.com/ershoufang/105113590690.html
配套齐全，生活便利，首付月供无压力，好出租,"金茂精英现代城一期 , 陈江",2室2厅,64.95平米,南,简装,17层 ,,板塔结合,23 万,3542 元,0,,,VR看装修 | 房本满五年 | 随时看房,https://hui.lianjia.com/ershoufang/105121859575.html
一线临深，次新小区，好楼层好视野,"冠华城桂香园三期 , 西区新寮",3室2厅,84.32平米,南,毛坯,33层 ,,板塔结合,66 万,7828 元,0,,5天以前发布,VR房源 | 随时看房,https://hui.lianjia.com/ershoufang/105122514072.html
半岛公园旁 次新小区 深东新锐 大三房 诚意出售,"深东新锐 , 区政府",3室1厅,107.61平米,南,,中楼层(共28层) ,,板塔结合,75 万,6970 元,0,,,VR房源 | 房本满两年 | 随时看房,https://hui.lianjia.com/ershoufang/105117334776.html
万达广场精装四房，业主要钱不要房,"龙光玖龙花园 , 万达",4室2厅,111.97平米,南,精装,32层 ,,板塔结合,75 万,6699 元,0,,,VR看装修 | 房本满两年 | 随时看房,https://hui.lianjia.com/ershoufang/105113925607.html
麦地成熟小区生活便利交通方便住家装修,"麦地南山庄二期 , 麦地",3室2厅,109.51平米,南,简装,中楼层(共8层) ,,板塔结合,82 万,7488 元,0,,,VR看装修 | 房本满五年 | 随时看房,https://hui.lianjia.com/ershoufang/105117210713.html
中建物业  中天彩虹城3室  业主诚心出售  看房方便,"中天彩虹城北区 , 开城大润发",3室2厅,118平米,南,精装,28层 ,,板楼,66 万,5594 元,0,,,VR房源,https://hui.lianjia.com/ershoufang/105119953551.html
壹城中心11区  毛坯南北通4房 踩光好 户型方正,"壹城中心11区 , 陈江",4室2厅,124平米,南 北,毛坯,高楼层(共30层) ,,板塔结合,93 万,7500 元,0,,,VR看装修 | 随时看房,https://hui.lianjia.com/ershoufang/105121336583.html
一线临深，标准大三房，业主红本在手，没有欠款,"锦地繁花骏园 , 西区新寮",3室2厅,98.43平米,东南,,30层 ,,板塔结合,60 万,6096 元,0,,,VR看装修 | 房本满两年 | 随时看房,https://hui.lianjia.com/ershoufang/105120112429.html
图书馆500强大社区户型方正视野开阔红本在手,"新华联广场 , 大亚湾中心区",2室2厅,101.39平米,南,精装,32层 ,,塔楼,39.3 万,3877 元,0,,,VR看装修 | 房本满五年 | 随时看房,https://hui.lianjia.com/ershoufang/105121320910.html
半山洋房，环境好，空气清新，视野开阔,"星河丹堤N区 , 南站新城",4室2厅,140.78平米,南 北,毛坯,7层 ,,板楼,170 万,12076 元,3,,,VR看装修 | 房本满五年 | 随时看房,https://hui.lianjia.com/ershoufang/105119305616.html
全新装修带家私电，业主诚心卖，适合居家,"DADA的草地 , 大亚湾中心区",3室1厅,106.51平米,南 北,精装,32层 ,,板塔结合,40 万,3756 元,5,,,VR看装修 | 房本满五年 | 随时看房,https://hui.lianjia.com/ershoufang/105119488219.html
华侨新苑，朝南，大三房，采光好。,"华侨新苑 , 龙丰",3室2厅,94.7平米,南,简装,8层 ,,板塔结合,36 万,3802 元,0,,,VR看装修 | 随时看房,https://hui.lianjia.com/ershoufang/105121345429.html
河麦成熟片区 电梯2房 世纪伯爵,"世纪铂爵 , 麦地",2室1厅,85.35平米,南,简装,低楼层(共30层) ,,塔楼,58 万,6796 元,0,,,VR看装修 | 房本满五年 | 随时看房,https://hui.lianjia.com/ershoufang/105119100122.html
临深百万大盘，牧云溪谷，环境优美楼层好,"牧云溪谷六期云禧 , 新圩",2室2厅,72平米,西南 西,毛坯,32层 ,,板塔结合,69 万,9584 元,0,,,VR看装修 | 随时看房,https://hui.lianjia.com/ershoufang/105121827307.html
满二 原值高少税 看花园和泳池采光通风良好 次新房,"星河丹堤V区 , 南站新城",4室2厅,101.52平米,南,毛坯,34层 ,,,95 万,9358 元,1,,,VR看装修 | 房本满五年 | 随时看房,https://hui.lianjia.com/ershoufang/105119844141.html
临深大社区 通透 楼层好 视野宽阔  配套齐全,"龙光城北二期 , 龙光城",4室1厅,127.98平米,南 北,毛坯,29层 ,,板塔结合,115 万,8986 元,2,,,VR房源 | 房本满五年 | 随时看房,https://hui.lianjia.com/ershoufang/105122041607.html
海伦堡十里东江 3室2厅 东南,"海伦堡十里东江 , 下角",3室2厅,93.17平米,东南,毛坯,20层 ,,板塔结合,45 万,4830 元,0,,,VR看装修 | 房本满五年 | 随时看房,https://hui.lianjia.com/ershoufang/105121846605.html
禾塘街 ，中层，二楼带单车间。,"统建楼 , 下角",3室2厅,95.87平米,西南,简装,7层 ,,塔楼,29 万,3025 元,2,,,VR看装修 | 房本满五年 | 随时看房,https://hui.lianjia.com/ershoufang/105119728585.html
此房户型方正，楼层好，视野开阔，采光好。,"天安珑城 , 区政府",3室1厅,85.13平米,南,精装,29层 ,,塔楼,83 万,9750 元,1,,,VR看装修 | 房本满两年,https://hui.lianjia.com/ershoufang/105119835642.html
临深大社区，配套完善，近沙田地铁站，诚心出售！,"锦地繁花 , 西区新寮",4室2厅,127平米,南 北,毛坯,25层 ,,板塔结合,74.5 万,5867 元,2,,,VR看装修 | 随时看房,https://hui.lianjia.com/ershoufang/105120835514.html
60栋大社区 大花园 惠阳汽车站旁 交通方便,"花样年别样城二期 , 新行政区",3室2厅,95.16平米,南 西,毛坯,33层 ,,板塔结合,52 万,5465 元,1,,,VR看装修 | 房本满五年 | 随时看房,https://hui.lianjia.com/ershoufang/105113584473.html
次新房小区，好楼层朝南看花园，视野开阔，无欠款,"荣佳国韵一期 , 龙光城",3室1厅,92.28平米,南,毛坯,33层 ,,板塔结合,61 万,6611 元,1,,,VR房源 | 房本满两年 | 随时看房,https://hui.lianjia.com/ershoufang/105119781751.html
盛世丰华 3室2厅 南,"盛世丰华 , 博罗石湾",3室2厅,98.8平米,南,毛坯,中楼层(共31层) ,,塔楼,49.8 万,5041 元,0,,19天以前发布,VR房源 | 房本满两年 | 随时看房,https://hui.lianjia.com/ershoufang/105122355562.html
新祺园 3室2厅 东南,"新祺园 , 新行政区",3室2厅,88.42平米,东南,毛坯,32层 ,,板塔结合,49 万,5542 元,0,,11天以前发布,VR房源 | 房本满五年 | 随时看房,https://hui.lianjia.com/ershoufang/105122453183.html
帝景湾二期 安静不靠桥 通车库 看江景 诚意卖,"合生帝景湾 , 江北",5室2厅,210平米,东南,精装,高楼层(共11层) ,,板楼,238 万,11334 元,1,,,VR房源,https://hui.lianjia.com/ershoufang/105122137958.html
急售轻轨园林社区精装自住2房，视野好，户型方正实用,"光耀城市山谷 , 惠环",2室2厅,67平米,南,精装,26层 ,,塔楼,37 万,5523 元,0,,,VR看装修 | 随时看房,https://hui.lianjia.com/ershoufang/105118699491.html
南站、交通方便，配套成熟，宜居小区,"阳光地带 , 开城大润发",1室1厅,43.64平米,北,,17层 ,,板塔结合,15 万,3438 元,6,,,VR看装修 | 随时看房,https://hui.lianjia.com/ershoufang/105113857201.html
天益城旁 恒裕世纪广场 全新精装三房 中层视野开阔,"恒裕世纪广场 , 陈江",3室2厅,95.8平米,南,精装,中楼层(共32层) ,,塔楼,83 万,8664 元,0,,,VR看装修 | 房本满两年,https://hui.lianjia.com/ershoufang/105122015275.html
一线江景，中间楼层，业主诚意出售。,"曦江润府 , 东江新城",4室2厅,135.25平米,东南,毛坯,中楼层(共33层) ,,塔楼,158 万,11683 元,1,,,VR看装修 | 随时看房,https://hui.lianjia.com/ershoufang/105121950579.html
户型方正南北通透双阳台户型好，花园中间安静舒适,"天地源御湾 , 水口",4室2厅,156.9平米,南 北,毛坯,7层 ,,板塔结合,109 万,6948 元,2,,,VR看装修 | 房本满五年 | 随时看房,https://hui.lianjia.com/ershoufang/105114617478.html
星河V区 前排看湖 长阳台 一线湖景 视野开阔,"星河丹堤V区 , 南站新城",5室2厅,140.91平米,南,精装,30层 ,,板楼,200 万,14194 元,1,,,VR房源 | 房本满五年,https://hui.lianjia.com/ershoufang/105121580440.html
惠南旁，成熟商圈，房子业主保养新，小区入住率高,"香榭园 , 河南岸",3室2厅,147平米,南,,中楼层(共18层) ,,板塔结合,99.8 万,6790 元,0,,,VR看装修 | 房本满五年 | 随时看房,https://hui.lianjia.com/ershoufang/105122157111.html
中洲天御二期 6室1厅 南,"中洲天御二期 , 河南岸",6室1厅,170.14平米,南,毛坯,高楼层(共33层) ,,板塔结合,205 万,12049 元,0,,10天以前发布,VR房源 | 房本满五年 | 随时看房,https://hui.lianjia.com/ershoufang/105122458680.html
奥体山姆店！中洲天御花园！南北通！阳台视野无遮挡,"中洲天御二期 , 河南岸",4室2厅,122.24平米,南,毛坯,低楼层(共33层) ,,板塔结合,130 万,10635 元,0,,10天以前发布,VR房源 | 房本满五年 | 随时看房,https://hui.lianjia.com/ershoufang/105122461332.html
长通熙园二期 天虹大润发旁次新小区,"长通熙园 , 开城大润发",3室2厅,96.5平米,南,,32层 ,,板塔结合,83.5 万,8653 元,0,,28天以前发布,VR看装修 | 房本满两年 | 随时看房,https://hui.lianjia.com/ershoufang/105122286644.html
此房看花园小区生活便利出门有公交车站,"西街苑二期 , 万达",2室2厅,77.94平米,北,精装,低楼层(共18层) ,,板塔结合,30 万,3850 元,2,,,VR房源 | 房本满五年 | 随时看房,https://hui.lianjia.com/ershoufang/105120126675.html
此房位置好，临深距离近，生活方便，生活配套齐全,"铂金广场 , 区政府",3室2厅,107.89平米,南 西南,毛坯,29层 ,,板塔结合,68 万,6303 元,0,,18天以前发布,VR房源 | 房本满五年 | 随时看房,https://hui.lianjia.com/ershoufang/105122367378.html
楼层好 户型方正 安静看花园适合居住,"德桂佳园一区 , 水口",3室2厅,99平米,南,毛坯,高楼层(共26层) ,,塔楼,68.8 万,6950 元,1,,,VR看装修 | 房本满两年 | 随时看房,https://hui.lianjia.com/ershoufang/105119864849.html
小高层 精装修三房 看小区花园位置 没有欠款,"龙光城北十二期 , 龙光城",3室2厅,89.72平米,南,精装,18层 ,,板塔结合,98.3 万,10957 元,0,,8天以前发布,VR房源 | 房本满五年 | 随时看房,https://hui.lianjia.com/ershoufang/105122481719.html
美地三期朝南 业主急售 价格可谈,"美地花园城 , 河南岸",3室2厅,102.43平米,南,精装,中楼层(共30层) ,,塔楼,68 万,6639 元,2,,,VR看装修 | 房本满两年 | 随时看房,https://hui.lianjia.com/ershoufang/105119236284.html
陈江御湖豪庭 精装修4房南北通户型 踩光好 户型方正,"御湖豪庭 , 陈江",4室2厅,109.74平米,南 北,精装,27层 ,,塔楼,73 万,6653 元,0,,,VR房源 | 房本满五年,https://hui.lianjia.com/ershoufang/105121206918.html
德洲物业，全新精装修，满五唯一，南北通双阳台，急卖,"德洲中心城 , 大亚湾中心区",3室1厅,114.87平米,南 北,精装,30层 ,,板塔结合,68 万,5920 元,0,,,VR看装修 | 房本满五年 | 随时看房,https://hui.lianjia.com/ershoufang/105114566402.html
龙丰轻轨站旁简装三房，朝南看花园，交通便利,"一城峯景 , 麦地",3室1厅,93.32平米,南,精装,17层 ,,塔楼,53 万,5680 元,0,,,VR看装修 | 房本满五年 | 随时看房,https://hui.lianjia.com/ershoufang/105121980593.html
荣佳国韵二期 2室2厅 西南,"荣佳国韵二期 , 龙光城",2室2厅,58.89平米,西南,精装,33层 ,,板楼,54 万,9170 元,0,,,VR看装修 | 房本满两年 | 随时看房,https://hui.lianjia.com/ershoufang/105122168239.html
小区地理位置好，南北通，中间楼层，采光好，价格便宜,"夏日南庭 , 比亚迪商圈",4室2厅,91.34平米,南 北,毛坯,17层 ,,塔楼,48 万,5256 元,2,,,VR看装修 | 房本满五年 | 随时看房,https://hui.lianjia.com/ershoufang/105121856129.html
这套房在花园中间位置，楼层好，业主诚心出售，惊喜价,"深业喜悦城 , 惠环",3室1厅,100.47平米,南,毛坯,中楼层(共33层) ,,板塔结合,59.8 万,5953 元,1,,,VR看装修 | 房本满五年 | 随时看房,https://hui.lianjia.com/ershoufang/105118611765.html
（诚意金可谈）江北国汇山89平，标准3房，看花园,"鼎峰国汇山 , 江北",3室2厅,89.18平米,南,毛坯,低楼层(共32层) ,,板塔结合,97 万,10877 元,0,,,VR看装修 | 房本满五年 | 随时看房,https://hui.lianjia.com/ershoufang/105121799311.html
鼎峰国汇山精装3房 品牌家私电器 朝南,"鼎峰国汇山 , 江北",3室2厅,89.56平米,南,精装,低楼层(共27层) ,,板塔结合,113 万,12618 元,0,,,VR看装修 | 房本满两年 | 随时看房,https://hui.lianjia.com/ershoufang/105120009940.html
新装修，看房随时可看，一公里内配套齐全,"加旺花苑 , 麦地",3室2厅,118平米,南,精装,中楼层(共8层) ,,板楼,79.8 万,6763 元,0,,,VR看装修 | 房本满两年 | 随时看房,https://hui.lianjia.com/ershoufang/105119981940.html
区政府天虹旁清泉广场3房业主诚心急售,"清泉城市广场 , 区政府",3室2厅,92.25平米,东南,毛坯,29层 ,,板塔结合,56 万,6071 元,0,,,VR看装修 | 房本满五年 | 随时看房,https://hui.lianjia.com/ershoufang/105109512112.html
新华联广场W1 精装修全拎包去住视野开阔红本在手,"新华联广场 , 大亚湾中心区",4室2厅,128.66平米,南 北,精装,32层 ,,塔楼,81 万,6296 元,1,,7天以前发布,VR房源 | 房本满五年 | 随时看房,https://hui.lianjia.com/ershoufang/105122494622.html
好精精选 中高楼层 视野好 采光佳 价格可少 好房急售,"珠江四季悦城二期 , 西区新寮",4室2厅,134.69平米,南 北,,33层 ,,塔楼,89 万,6608 元,0,,19天以前发布,VR房源 | 房本满两年 | 随时看房,https://hui.lianjia.com/ershoufang/105122357650.html
精装三房两卫，全新没住过，诚心卖，看房方便,"龙光玖龙湾 , 万达",3室1厅,95平米,南,,30层 ,,板塔结合,59.9 万,6306 元,0,,19天以前发布,VR房源 | 随时看房,https://hui.lianjia.com/ershoufang/105122363020.html
惠阳站 百万大盘 星河物业两梯四户 景观视野好,"星河丹堤E区 , 南站新城",2室1厅,74平米,东南,,32层 ,,,59.8 万,8082 元,13,,,VR看装修 | 房本满五年,https://hui.lianjia.com/ershoufang/105120406760.html
小区环境好 安静 新装修未入住,"诗林廊桥苑 , 澳头",3室2厅,94平米,南 北,简装,24层 ,,板塔结合,40 万,4256 元,1,,,VR看装修 | 随时看房,https://hui.lianjia.com/ershoufang/105121650616.html
房子方正采光充足，地段好，配套齐全,"中天彩虹城北区 , 开城大润发",1室1厅,41.66平米,南,,30层 ,,塔楼,18 万,4321 元,0,,,VR房源 | 随时看房,https://hui.lianjia.com/ershoufang/105114557043.html
新小区，户型方正，好楼层，视野开阔,"冠华城桂香园三期 , 西区新寮",3室2厅,93.92平米,南,毛坯,33层 ,,塔楼,65 万,6921 元,1,,,VR看装修 | 随时看房,https://hui.lianjia.com/ershoufang/105119281700.html
山水龙城毛坯三房，业主诚意出售,"宝安山水龙城 , 水口",3室2厅,84.38平米,南,,高楼层(共27层) ,,塔楼,58 万,6874 元,1,,,VR房源,https://hui.lianjia.com/ershoufang/105115584105.html
位置好，采光充足，业主诚意急卖，方便看房,"星河丹堤G区 , 南站新城",5室2厅,124.65平米,南 北,精装,34层 ,,塔楼,169 万,13558 元,1,,23天以前发布,VR房源 | 随时看房,https://hui.lianjia.com/ershoufang/105122332865.html
桥东片区海伦堡海伦湾 带装修高层三房两卫 轻松置业,"海伦堡海伦湾 , 东平",3室2厅,110.21平米,南 北,精装,31层 ,,板塔结合,95 万,8620 元,1,,,VR看装修 | 随时看房,https://hui.lianjia.com/ershoufang/105121747029.html
壹城好房，精装三房！拎包入住，贴瓷砖中楼层，诚心卖,"壹城中心1区 , 陈江",3室2厅,105.8平米,南,精装,高楼层(共32层) ,,塔楼,85 万,8035 元,0,,,VR房源 | 房本满五年 | 随时看房,https://hui.lianjia.com/ershoufang/105121492995.html
此房，业主诚意出售，精装修，朝南3房视野开阔。,"泰丰牧马湖 , 万达",3室2厅,81.17平米,南,精装,11层 ,,板塔结合,76 万,9364 元,8,,,VR看装修 | 房本满五年 | 随时看房,https://hui.lianjia.com/ershoufang/105118059501.html
临深位置 采光通风好 配套成熟 看房方便 业主诚心卖,"德洲城一-二期 , 西区新寮",2室2厅,77.07平米,南,简装,18层 ,,板塔结合,46 万,5969 元,1,,,VR看装修 | 房本满五年 | 随时看房,https://hui.lianjia.com/ershoufang/105120786604.html
港惠旁精装三房96平业主诚意出售,"石湖苑 , 河南岸",3室2厅,95.67平米,西,简装,中楼层(共20层) ,,板楼,50 万,5227 元,1,,,VR看装修 | 房本满两年,https://hui.lianjia.com/ershoufang/105121561585.html
乌石 中.心位 置 ，配 套 成 熟，中间楼层,"泰宇城市中央 , 江北",3室2厅,83平米,南,精装,中楼层(共30层) ,,板塔结合,78 万,9398 元,0,,,VR看装修 | 房本满五年 | 随时看房,https://hui.lianjia.com/ershoufang/105118864381.html
刚需型必看！水岸城八期，128平4房，好楼层，价格美丽,"中信水岸城八期 , 东江新城",4室2厅,128.5平米,南,毛坯,中楼层(共33层) ,,板塔结合,138 万,10740 元,0,,28天以前发布,VR看装修 | 房本满五年 | 随时看房,https://hui.lianjia.com/ershoufang/105122287599.html
水岸城4期两个卫生间的 毛坯3房,"中信水岸城四期 , 东江新城",3室2厅,112平米,东南,毛坯,低楼层(共30层) ,,板楼,89.8 万,8018 元,0,,,VR房源 | 随时看房,https://hui.lianjia.com/ershoufang/105122092108.html
钱隆华府精装修四房，带家私家电拎包入住，配套成熟。,"世茂福晟钱隆华府 , 陈江",3室2厅,100.69平米,南,精装,高楼层(共33层) ,,塔楼,75 万,7449 元,0,,,VR看装修 | 房本满两年 | 随时看房,https://hui.lianjia.com/ershoufang/105121485884.html
钱隆华府 南北通透大四房 教育资源完善 配套齐全,"世茂福晟钱隆华府 , 陈江",4室2厅,114.26平米,南 北,毛坯,低楼层(共33层) ,,板塔结合,73 万,6389 元,0,,,VR看装修 | 房本满两年 | 随时看房,https://hui.lianjia.com/ershoufang/105118350172.html
临深白云新城星河盛世毛坯4房，业主诚心出售,"惠州星河盛世 , 白云新城",4室2厅,88.27平米,东南,毛坯,33层 ,,板塔结合,54 万,6118 元,1,,,VR看装修 | 房本满两年 | 随时看房,https://hui.lianjia.com/ershoufang/105114807034.html
业主急售，看房方便，有钥匙，楼层好,"金湾花园 , 大亚湾中心区",3室2厅,109.3平米,南,毛坯,中楼层(共18层) ,,塔楼,39 万,3569 元,0,,,VR看装修 | 房本满五年 | 随时看房,https://hui.lianjia.com/ershoufang/105121365192.html
4房，交通便利，配套齐全，户型方正实用，使用率高,"龙光城北八期 , 龙光城",4室2厅,96.83平米,南 北,简装,31层 ,,塔楼,88 万,9089 元,2,,,VR看装修 | 房本满五年 | 随时看房,https://hui.lianjia.com/ershoufang/105121876643.html
惠州北站新城 中州集团开发 半岛城邦 江景房,"中洲半岛城邦四期 , 博罗中心区",4室2厅,125.32平米,南,毛坯,32层 ,,板塔结合,72 万,5746 元,0,,,VR房源 | 随时看房,https://hui.lianjia.com/ershoufang/105114377524.html
看海景，商 业配套齐，拧包入住。,"华润小径湾一期 , 霞涌",1室0厅,52.83平米,西南,简装,31层 ,,板塔结合,34 万,6436 元,2,,,VR看装修 | 房本满五年 | 随时看房,https://hui.lianjia.com/ershoufang/105122005935.html
此房满五、税费低、适合刚需人群过渡、价格优越,"光辉国际 , 河南岸",1室1厅,35平米,东南,简装,高楼层(共28层) ,,板塔结合,16 万,4572 元,3,,,VR看装修,https://hui.lianjia.com/ershoufang/105119566777.html
临深14号线品质花园社区 诚心售卖,"万城名座花园 , 白云新城",3室2厅,109.61平米,南,毛坯,32层 ,,板塔结合,68 万,6204 元,0,,,VR看装修 | 房本满五年 | 随时看房,https://hui.lianjia.com/ershoufang/105119786930.html
江北鼎峰国汇山 南北通透  中间楼层 看房有钥匙,"鼎峰国汇山 , 江北",3室2厅,119平米,南 北,,低楼层(共27层) ,,板塔结合,100 万,8404 元,1,,,VR看装修 | 随时看房,https://hui.lianjia.com/ershoufang/105122000471.html
南站规划高铁新城区中位，交通便利，社区生活配套齐全,"中信新城C区 , 南站新城",3室2厅,88平米,南,精装,34层 ,,板塔结合,54 万,6137 元,1,,,VR房源 | 房本满五年 | 随时看房,https://hui.lianjia.com/ershoufang/105121301675.html
金石花园 电梯精装2房  业主急售，可直接入住。,"金石花园 , 江北",2室2厅,62平米,南,精装,高楼层(共18层) ,,塔楼,45 万,7259 元,1,,,VR看装修 | 房本满五年,https://hui.lianjia.com/ershoufang/105112471334.html
业主诚心出售  一线临深   采光好 楼层好 户型方正,"凯南莱弗城 , 西区新寮",3室2厅,87平米,南,毛坯,30层 ,,板塔结合,58 万,6667 元,0,,,VR看装修,https://hui.lianjia.com/ershoufang/105115740928.html
惠湾花园 2室2厅 东南 南,"惠湾花园 , 吾悦广场",2室2厅,58.97平米,东南 南,精装,19层 ,,板塔结合,28.3 万,4800 元,0,,,VR看装修 | 房本满五年 | 随时看房,https://hui.lianjia.com/ershoufang/105122103737.html
华润央企，看江看公园，视野无遮挡,"曦江润府 , 东江新城",3室2厅,97.38平米,南,,高楼层(共46层) ,,塔楼,112 万,11502 元,0,,,VR看装修 | 随时看房,https://hui.lianjia.com/ershoufang/105121571220.html
江北丽格国际公寓 精装修一房 朝南向带阳台 有匙即看,"丽格国际公寓 , 江北",1室0厅,51.53平米,南,简装,30层 ,,塔楼,45 万,8733 元,0,,25天以前发布,VR看装修 | 房本满五年 | 随时看房,https://hui.lianjia.com/ershoufang/105122314894.html
万达三房两卫，高楼层，业主诚心急售,"东部阳光花园 , 万达",3室1厅,114平米,南,简装,31层 ,,板楼,75 万,6579 元,1,,,VR房源 | 房本满五年,https://hui.lianjia.com/ershoufang/105116343537.html
双阳台小三房，户型方正，业主诚心出售,"半岛1号三期 , 白云新城",3室2厅,88.82平米,南,精装,17层 ,,板塔结合,58 万,6531 元,6,,,VR房源 | 房本满五年,https://hui.lianjia.com/ershoufang/105118323468.html
房屋保养好，红本在手，随时可签约，看房方便,"碧桂园.十里银滩.山林海二区 , 十里银滩",2室2厅,66.63平米,南,精装,29层 ,,板塔结合,21.8 万,3272 元,4,,,VR房源 | 房本满五年 | 随时看房,https://hui.lianjia.com/ershoufang/105121891325.html
金山湖方直东岸精装3房2卫出售，安静不吵,"方直东岸 , 河南岸",3室2厅,101平米,南,精装,32层 ,,板塔结合,115 万,11387 元,2,,,VR看装修 | 房本满五年 | 随时看房,https://hui.lianjia.com/ershoufang/105117678874.html
轻轨旁新园林社区 户型方正视野好，配套齐全交通便利,"雅居乐铂琅峯花园 , 惠环",3室2厅,95.94平米,南,毛坯,高楼层(共33层) ,,板塔结合,59 万,6150 元,0,,,VR看装修 | 房本满两年 | 随时看房,https://hui.lianjia.com/ershoufang/105121097346.html
澳头高速出口，百万楼盘，高楼层视野采光好，随意改动,"华冠花园 , 大亚湾中心区",3室2厅,81.6平米,南,毛坯,26层 ,,板塔结合,37 万,4535 元,0,,,VR看装修 | 随时看房,https://hui.lianjia.com/ershoufang/105121960219.html
大社区花园高层视野开阔，拎包入住,"富川瑞园 , 惠环",4室2厅,97平米,南,精装,中楼层(共34层) ,,板塔结合,51 万,5258 元,0,,,VR看装修 | 随时看房,https://hui.lianjia.com/ershoufang/105119900094.html
碧桂园十里银滩爱琴海4-2-1-2 147.00m 130 万,"碧桂园十里银滩爱琴海 , 十里银滩",4室2厅,147平米,西南,精装,30层 ,,板塔结合,62.8 万,4273 元,5,,,VR房源 | 随时看房,https://hui.lianjia.com/ershoufang/105109446051.html
半岛1号五期 3室2厅 南,"半岛1号五期 , 白云新城",3室2厅,105.16平米,南,毛坯,22层 ,,板塔结合,79.5 万,7560 元,0,,,VR看装修 | 房本满五年 | 随时看房,https://hui.lianjia.com/ershoufang/105122100136.html
业主诚心出售，次新小区，居家舒适，高速近,"天源花园 , 大亚湾中心区",3室2厅,81.35平米,南,毛坯,26层 ,,板塔结合,29 万,3565 元,0,,17天以前发布,VR房源 | 房本满五年 | 随时看房,https://hui.lianjia.com/ershoufang/105122379998.html
龙湖华昌旁次新小区国兆嘉泓公馆 精装四房带家私家电,"国兆嘉泓公馆 , 水口",4室2厅,125.91平米,南,,低楼层(共28层) ,,板塔结合,80 万,6354 元,0,,15天以前发布,VR房源 | 房本满五年 | 随时看房,https://hui.lianjia.com/ershoufang/105122402585.html
大新城旁边璟鹏华府小区三房两厅两卫。,"璟鹏华府 , 水口",3室2厅,100.2平米,东南,简装,11层 ,,板塔结合,59.5 万,5939 元,0,,,VR看装修 | 房本满五年,https://hui.lianjia.com/ershoufang/105121038755.html
业主诚心出售 临 深社区小区有山有湖,"龙海壹号 , 万达",3室2厅,103.33平米,南,毛坯,34层 ,,板塔结合,60 万,5807 元,2,,,VR看装修 | 房本满五年 | 随时看房,https://hui.lianjia.com/ershoufang/105121877935.html
区政府 汇星名庭 精装三房 配套齐全 税费低,"汇星名庭 , 草洋新区",3室1厅,110.54平米,西南,简装,23层 ,,塔楼,53 万,4795 元,0,,30天以前发布,VR看装修 | 房本满五年 | 随时看房,https://hui.lianjia.com/ershoufang/105122267783.html
星河丹堤G4区，朝南三房，业主诚心出售,"星河丹堤G4区 , 南站新城",3室2厅,100.26平米,南,毛坯,32层 ,,板塔结合,102 万,10174 元,0,,,VR房源 | 房本满两年 | 随时看房,https://hui.lianjia.com/ershoufang/105120717095.html
临深近地铁大单间户型方正视野宽阔配套完善交通便利,"和瑞大厦 , 西区新寮",1室0厅,28.43平米,东,精装,30层 ,,板塔结合,16.9 万,5945 元,0,,5天以前发布,VR房源 | 随时看房,https://hui.lianjia.com/ershoufang/105122516181.html
龙光城南四期 3室2厅 南,"龙光城南四期 , 龙光城",3室2厅,71.59平米,南,简装,34层 ,,板塔结合,70 万,9778 元,1,,26天以前发布,VR房源 | 房本满五年 | 随时看房,https://hui.lianjia.com/ershoufang/105122302697.html
保利四期南北通的户型，业主诚心卖,"保利阳光城四期 , 白云新城",3室1厅,94.63平米,南 北,毛坯,32层 ,,板塔结合,67.9 万,7176 元,0,,13天以前发布,VR房源 | 房本满两年 | 随时看房,https://hui.lianjia.com/ershoufang/105122427943.html
颐景花园，朝南花园中间位，证在手，四房,"颐景花园 , 东平",3室1厅,140.61平米,东南,精装,中楼层(共11层) ,,板塔结合,125 万,8890 元,0,,,VR房源 | 随时看房,https://hui.lianjia.com/ershoufang/105121717737.html
南湖时光小户型，精装修，不占背包出售，随时看房,"南湖时光 , 南坛",1室1厅,43平米,南,,12层 ,,,153.8 万,35768 元,0,,,VR看装修 | 随时看房,https://hui.lianjia.com/ershoufang/105122192233.html
玫瑰园 业主自住房 装修保养好 诚心出售,"中海阳光玫瑰园 , 马安",3室2厅,95.96平米,南,精装,低楼层(共33层) ,,板楼,83 万,8650 元,0,,,VR看装修 | 房本满两年,https://hui.lianjia.com/ershoufang/105122092264.html
翠湖雅苑刚需户型方正 采光充足，看花园,"翠湖雅苑 , 水口",3室2厅,120.25平米,南,精装,中楼层(共15层) ,,塔楼,73 万,6071 元,0,,,VR房源 | 房本满五年 | 随时看房,https://hui.lianjia.com/ershoufang/105121619055.html
保利央企 温馨 3房2厅2卫 近公园 近商圈 交通便利,"保利鹿江来 , 水口",3室2厅,95.73平米,东南,毛坯,中楼层(共27层) ,,板塔结合,78 万,8148 元,1,,,VR看装修 | 房本满两年 | 随时看房,https://hui.lianjia.com/ershoufang/105116258439.html
恒安绿园二房诚心卖，户型方正，满五唯一,"恒安绿园 , 吾悦广场",2室1厅,80.64平米,南,简装,18层 ,,板塔结合,38 万,4713 元,2,,,VR看装修 | 房本满五年 | 随时看房,https://hui.lianjia.com/ershoufang/105118380325.html
鑫月城三房东西通精装旁边就是体育馆轻轨物业,"鑫月御景湾 , 陈江",3室2厅,88平米,东 西,精装,28层 ,,塔楼,55 万,6250 元,1,,,VR房源 | 房本满五年 | 随时看房,https://hui.lianjia.com/ershoufang/105118144003.html
金悦华府安静不吵3房2卫全新装修，户型方正诚意出售,"金悦华府 , 东江新城",3室1厅,93平米,南,精装,低楼层(共32层) ,,塔楼,110 万,11828 元,1,,,VR看装修 | 房本满两年 | 随时看房,https://hui.lianjia.com/ershoufang/105121577546.html
江誉城一期 江景4房 无可挑剔的视野 高层钟爱,"德威江誉城1期 , 马安",4室1厅,123平米,南,毛坯,高楼层(共32层) ,,塔楼,101 万,8212 元,0,,,VR房源 | 房本满五年 | 随时看房,https://hui.lianjia.com/ershoufang/105121789265.html
不欠款，视野好，小区安静舒适，看龙尾山水库,"荣盛御湖观邸 , 比亚迪商圈",4室2厅,115.52平米,东南,精装,32层 ,,板楼,55 万,4762 元,0,,,VR看装修 | 房本满五年 | 随时看房,https://hui.lianjia.com/ershoufang/105121006425.html
曦江润府一期 江景毛坯四房  大阳台 视野开阔,"曦江润府 , 东江新城",4室2厅,135.25平米,西南,毛坯,低楼层(共33层) ,,塔楼,155 万,11461 元,0,,,VR看装修 | 房本满两年 | 随时看房,https://hui.lianjia.com/ershoufang/105120490515.html
星河荣域 3室1厅 南,"星河荣域 , 南站新城",3室1厅,98.32平米,南,毛坯,33层 ,,板塔结合,70 万,7120 元,0,,,VR房源 | 房本满两年 | 随时看房,https://hui.lianjia.com/ershoufang/105120643524.html
精装修，保养好，诚心出售，楼层好，视野好,"星河丹堤F区 , 南站新城",3室2厅,107.63平米,东 南 北,精装,30层 ,,板塔结合,110 万,10221 元,1,,,VR看装修 | 房本满五年 | 随时看房,https://hui.lianjia.com/ershoufang/105119690472.html
入则宁静，出则繁华的小区，看高尔夫景观,"恒大棕榈岛 , 白云新城",3室2厅,94.25平米,东,毛坯,32层 ,,板楼,53 万,5624 元,1,,,VR看装修 | 房本满两年 | 随时看房,https://hui.lianjia.com/ershoufang/105115052009.html
物业24小时轮值，安保好人车分流·,"碧桂园翠湖湾 , 新圩",3室2厅,105.61平米,南 北,精装,17层 ,,板塔结合,67 万,6345 元,0,,,VR看装修 | 房本满五年 | 随时看房,https://hui.lianjia.com/ershoufang/105118777784.html
花了30多万的全新装修，没住过，闲置割爱出售,"富盈公馆三期 , 马安",3室2厅,101.1平米,南 北,精装,中楼层(共32层) ,,塔楼,95 万,9397 元,0,,,VR看装修 | 房本满两年 | 随时看房,https://hui.lianjia.com/ershoufang/105120514179.html
户型使用率高，中间楼层，复式三房,"听涛雅苑 , 大亚湾中心区",2室1厅,35.89平米,西,,6层 ,,板塔结合,16 万,4459 元,0,,,VR房源,https://hui.lianjia.com/ershoufang/105122139526.html
邻深万成名座花园大社区，舒适大三房,"万城名座花园 , 白云新城",3室2厅,122.09平米,南 北,毛坯,32层 ,,塔楼,85 万,6963 元,0,,,VR看装修 | 房本满五年 | 随时看房,https://hui.lianjia.com/ershoufang/105120220237.html
仲恺十小旁 钱隆次新小区 三房 朝南 户型方正 楼层好,"福晟钱隆樽品花园 , 陈江",3室2厅,80.45平米,南,,18层 ,,塔楼,49 万,6091 元,0,,,VR看装修 | 随时看房,https://hui.lianjia.com/ershoufang/105116152294.html
万达广场旁边 装修四房，业主急售,"阳光圣菲 , 万达",4室2厅,114.7平米,南,精装,33层 ,,塔楼,78 万,6801 元,1,,,VR房源 | 房本满五年 | 随时看房,https://hui.lianjia.com/ershoufang/105120127107.html
南北通 户型方正 大五房 随时可看 业主诚心卖,"锦地繁花骏园 , 西区新寮",5室1厅,141.88平米,南 北,精装,30层 ,,板塔结合,100 万,7049 元,0,,,VR房源 | 随时看房,https://hui.lianjia.com/ershoufang/105115695250.html
临深新上房源，满五唯一，高楼层视野好，东边户,"龙光城北三期 , 龙光城",3室2厅,80.15平米,南,毛坯,高楼层(共34层) ,,板塔结合,58 万,7237 元,16,,,VR看装修 | 随时看房,https://hui.lianjia.com/ershoufang/105110502771.html
一线临深  精装大三房  全景看叠墅  好楼层视野好,"龙光城北四期 , 龙光城",3室2厅,91.25平米,南 北,精装,33层 ,,板塔结合,83.8 万,9184 元,1,,,VR看装修 | 房本满五年 | 随时看房,https://hui.lianjia.com/ershoufang/105117865843.html
自带暖阳看花园，视野采光充足，环境优美，户型通透,"龙光城北四期 , 龙光城",4室2厅,107.46平米,北,毛坯,33层 ,,板塔结合,87 万,8097 元,0,,,VR看装修 | 房本满五年 | 随时看房,https://hui.lianjia.com/ershoufang/105122026584.html
满五不唯一，精装修3房，拎包入住，中间楼层看花园,"龙光城北三期 , 龙光城",3室2厅,88.68平米,南,精装,中楼层(共34层) ,,板塔结合,81 万,9134 元,0,,,VR看装修 | 房本满五年 | 随时看房,https://hui.lianjia.com/ershoufang/105122150480.html
户型方正 红本在手 业主诚意出售,"卓越东部蔚蓝海岸四期 , 西区新寮",2室1厅,73.24平米,西南,,26层 ,,板塔结合,48 万,6554 元,0,,,VR看装修 | 房本满五年 | 随时看房,https://hui.lianjia.com/ershoufang/105121650714.html
南向视野好，装修保养佳，拎包入住,"德洲中心城 , 大亚湾中心区",3室2厅,84.76平米,南,精装,32层 ,,板塔结合,39 万,4602 元,2,,,VR房源 | 房本满五年 | 随时看房,https://hui.lianjia.com/ershoufang/105121018427.html
宏益公馆花园中间，两梯两户，安静舒适，双阳台！,"宏益公馆 , 江北",3室2厅,129.35平米,南,,低楼层(共18层) ,,塔楼,145 万,11210 元,0,,8天以前发布,VR房源 | 房本满五年 | 随时看房,https://hui.lianjia.com/ershoufang/105122480241.html
业主诚心出售，户型方正使用率高,"二月天花园 , 大亚湾中心区",4室2厅,90平米,南 北,精装,26层 ,,板塔结合,48 万,5334 元,1,,,VR看装修,https://hui.lianjia.com/ershoufang/105119555099.html
金湾花园，满五唯一，小区配套齐，,"金湾花园 , 大亚湾中心区",4室2厅,127平米,南,毛坯,低楼层(共32层) ,,塔楼,55 万,4331 元,2,,,VR房源 | 随时看房,https://hui.lianjia.com/ershoufang/105114214792.html
鼎浩城75平方 精装修2房出售 配了全屋家电 拎包入住,"鼎浩城 , 马安",2室1厅,75.33平米,东南,精装,19层 ,,塔楼,45 万,5974 元,0,,,VR看装修 | 房本满五年 | 随时看房,https://hui.lianjia.com/ershoufang/105119302163.html
丽格公寓精装一房一厅装修保养好,"丽格国际公寓 , 江北",1室1厅,41.5平米,北,,30层 ,,塔楼,32 万,7711 元,0,,,VR房源,https://hui.lianjia.com/ershoufang/105121769650.html
楼层好，视野好，采光通风好，无遮挡视野,"佳兆业拾光道花园 , 马安",3室1厅,94.07平米,南,毛坯,高楼层(共27层) ,,塔楼,66 万,7017 元,0,,24天以前发布,VR房源 | 随时看房,https://hui.lianjia.com/ershoufang/105122317117.html
红花湖南门，德和苑   两梯两户，南北通,"德和苑 , 龙丰",3室2厅,140.14平米,南,毛坯,高楼层(共18层) ,,板楼,90 万,6423 元,0,,,VR看装修 | 房本满两年 | 随时看房,https://hui.lianjia.com/ershoufang/105122216544.html
诚心出售，全新未住过，随时可以看房,"花样年别样城二期 , 新行政区",1室1厅,42平米,北,精装,32层 ,,塔楼,15.9 万,3786 元,0,,,VR房源 | 房本满五年 | 随时看房,https://hui.lianjia.com/ershoufang/105121953113.html
业主急售，红本在手，精装修朝南三房,"龙光玖龙湾 , 万达",3室2厅,87平米,南,精装,31层 ,,板塔结合,54 万,6207 元,5,,,VR看装修,https://hui.lianjia.com/ershoufang/105117747032.html
楼层好，户型佳，楼下天虹商场大润发商场，西区菜市场,"旺东国际广场 , 开城大润发",4室2厅,112平米,东南 南,精装,30层 ,,塔楼,85 万,7590 元,0,,,VR看装修,https://hui.lianjia.com/ershoufang/105118854190.html
精装，坐北朝南，采光好，视野开阔,"山语龙庭 , 新行政区",4室2厅,101.37平米,南 北,精装,27层 ,,板塔结合,69 万,6807 元,0,,,VR看装修 | 房本满五年 | 随时看房,https://hui.lianjia.com/ershoufang/105118781414.html
临深舒适型大三房好楼层近沙田地铁,"万祥豪苑 , 白云新城",3室2厅,107.82平米,北,毛坯,30层 ,,板塔结合,49.6 万,4601 元,0,,10天以前发布,VR房源 | 房本满五年 | 随时看房,https://hui.lianjia.com/ershoufang/105122460386.html
配套成熟·出行方便，拎包入住，价格能聊,"花样年·康城四季御峰 , 惠环",3室2厅,110平米,南 北,,中楼层(共31层) ,,板塔结合,86 万,7819 元,1,,,VR看装修,https://hui.lianjia.com/ershoufang/105122150078.html
南向两房，采光好，业主诚心出售,"碧桂园.十里银滩.海逸湾北区 , 十里银滩",2室1厅,66.97平米,南,精装,30层 ,,板塔结合,21 万,3136 元,26,,,VR看装修 | 房本满五年 | 随时看房,https://hui.lianjia.com/ershoufang/105113260445.html
天御三期高楼层前看江景后有公园楼间距宽敞视野开阔,"中洲天御3期 , 河南岸",4室1厅,127平米,南 北,,高楼层(共32层) ,,板塔结合,116 万,9134 元,0,,20天以前发布,VR房源 | 随时看房,https://hui.lianjia.com/ershoufang/105122351991.html
德丰凯旋城北区 1室1厅 北,"德丰凯旋城北区 , 大亚湾中心区",1室1厅,38.19平米,北,简装,26层 ,,板塔结合,20 万,5237 元,0,,,VR看装修 | 房本满五年 | 随时看房,https://hui.lianjia.com/ershoufang/105121921595.html
次新小区红本在手万科物业业主诚心出售,"晶地里程花园 , 西区新寮",4室2厅,113.58平米,南,简装,33层 ,,塔楼,71 万,6252 元,2,,,VR看装修,https://hui.lianjia.com/ershoufang/105121936844.html
五一新天地旁 荷兰小城南北户型四房业主诚心出售,"光耀荷兰小城 , 陈江",4室2厅,96.39平米,南 北,毛坯,30层 ,,板楼,46 万,4773 元,0,,,VR看装修 | 房本满两年 | 随时看房,https://hui.lianjia.com/ershoufang/105120949452.html
江湾一品 4室2厅 东北,"江湾一品 , 下角",4室2厅,174.89平米,东北,毛坯,高楼层(共30层) ,,板塔结合,168 万,9607 元,0,,24天以前发布,VR看装修 | 房本满五年 | 随时看房,https://hui.lianjia.com/ershoufang/105122321272.html
富康锦绣壹号三期 朝南三房 东边户 视野好 诚心出售,"富康锦绣壹号三期 , 西区新寮",3室2厅,85.24平米,南,精装,32层 ,,塔楼,96 万,11263 元,0,,8天以前发布,VR房源 | 房本满五年 | 随时看房,https://hui.lianjia.com/ershoufang/105122483423.html
吾悦广场旁业主自住，诚心卖，南北通，看花园!,"碧桂园太东公园上城 , 吾悦广场",3室2厅,109.35平米,南 北,精装,33层 ,,板塔结合,96 万,8780 元,0,,,VR看装修 | 房本满两年,https://hui.lianjia.com/ershoufang/105121101826.html
福晟钱隆樽品花园 3室2厅 南,"福晟钱隆樽品花园 , 陈江",3室2厅,90.2平米,南,简装,33层 ,,塔楼,62 万,6874 元,0,,,VR看装修 | 随时看房,https://hui.lianjia.com/ershoufang/105119282953.html
荣佳国韵 两房 税费少，高档小区，一线临深，配套齐全,"荣佳国韵二期 , 龙光城",2室2厅,74.75平米,东南 南,毛坯,26层 ,,板塔结合,46 万,6154 元,5,,,VR看装修 | 随时看房,https://hui.lianjia.com/ershoufang/105113315861.html
红本在手无欠款，开发商装修，无住过人，户型通透,"龙光城北十二期 , 龙光城",4室1厅,109.36平米,东南,精装,33层 ,,板塔结合,100 万,9145 元,0,,,VR房源 | 房本满五年 | 随时看房,https://hui.lianjia.com/ershoufang/105120668956.html
二月天花园 2室2厅 北,"二月天花园 , 大亚湾中心区",2室2厅,55.7平米,北,精装,33层 ,,塔楼,28 万,5027 元,1,,,VR看装修,https://hui.lianjia.com/ershoufang/105122102643.html
平台介绍，金地物业大亚湾第1住宅业主红本在售,"富康锦绣壹号5期 , 西区新寮",4室2厅,124.7平米,南 北,精装,32层 ,,塔楼,162 万,12992 元,2,,,VR看装修 | 随时看房,https://hui.lianjia.com/ershoufang/105118154375.html
双阳台南北通 北靠亚公顶森林公园 南看园林 和泳池,"星河丹堤C区 , 南站新城",4室2厅,135.42平米,南 北,精装,31层 ,,板塔结合,110 万,8123 元,1,,,VR看装修 | 房本满五年 | 随时看房,https://hui.lianjia.com/ershoufang/105121738871.html
楼层好，采光充足，视野开阔，大型高品质小区,"牧云溪谷二期云尚 , 新圩",3室2厅,86.12平米,东南,简装,33层 ,,塔楼,115 万,13354 元,0,,,VR看装修 | 随时看房,https://hui.lianjia.com/ershoufang/105118996598.html
东湖花园三区 边位 电梯中上层 采光通风好,"东湖花园三号小区 , 东平",3室1厅,109.21平米,北,简装,高楼层(共14层) ,,板楼,73 万,6685 元,0,,,VR房源 | 房本满五年 | 随时看房,https://hui.lianjia.com/ershoufang/105121429297.html
诚意出售东湖花园四区电梯正南 书香门第,"东湖花园四号小区 , 东平",2室1厅,88.44平米,南,精装,7层 ,,板塔结合,55 万,6219 元,1,,,VR房源 | 房本满五年 | 随时看房,https://hui.lianjia.com/ershoufang/105119168182.html
昶园满三年业主红本在手无欠款诚心出售有钥匙看房,"昶园 , 南站新城",4室2厅,141平米,南 北,毛坯,30层 ,,板塔结合,98 万,6951 元,0,,,VR看装修 | 随时看房,https://hui.lianjia.com/ershoufang/105117872347.html
水口上观国际，中间楼层，南北对流，视野好，大社区。,"合生·上观国际 , 水口",4室2厅,144.58平米,南 北,,低楼层(共29层) ,,塔楼,129 万,8923 元,0,,,VR看装修 | 随时看房,https://hui.lianjia.com/ershoufang/105119389843.html
陈江CBD双阳台4房装修全新南北通透诚心出售价格可谈,"华廷悦府 , 陈江",4室2厅,118.7平米,南 北,精装,低楼层(共31层) ,,塔楼,105 万,8846 元,0,,,VR看装修 | 房本满两年 | 随时看房,https://hui.lianjia.com/ershoufang/105115931979.html
沃尔玛旁红本在手 精装修单间 拎包入住电梯房交通便利,"当代上品湾花园 , 澳头",1室0厅,30.82平米,西,,37层 ,,板塔结合,11 万,3570 元,8,,,VR看装修 | 房本满五年,https://hui.lianjia.com/ershoufang/105120930443.html
京华中央御园 4室2厅 南,"京华中央御园 , 比亚迪商圈",4室2厅,87.61平米,南,简装,26层 ,,板塔结合,55 万,6278 元,0,,10天以前发布,VR房源 | 房本满五年 | 随时看房,https://hui.lianjia.com/ershoufang/105122465136.html
高铁站物业，花园小区，楼层靓宽，阔合格，景三房。,"玖龙台 , 潼侨沥林",3室1厅,85.53平米,南,,低楼层(共31层) ,,,39 万,4560 元,0,,26天以前发布,VR看装修 | 随时看房,https://hui.lianjia.com/ershoufang/105122302144.html
江北片区 双城国际北区 简单装修三房 看房方便有钥匙,"双城国际北区 , 江北",3室2厅,121.91平米,南,简装,中楼层(共16层) ,,塔楼,95 万,7793 元,1,,,VR房源 | 随时看房,https://hui.lianjia.com/ershoufang/105113810365.html
双城国际北区，业主说砍价就卖，花园小区，实用大三房,"双城国际北区 , 江北",4室2厅,112.49平米,北,,低楼层(共16层) ,,塔楼,78 万,6934 元,2,,,VR房源 | 房本满五年 | 随时看房,https://hui.lianjia.com/ershoufang/105112698002.html
德威花园二期 四房二厅二卫 南北通 中间楼层 看花园,"德威花园城二期 , 秋长",4室2厅,117.14平米,南 北,毛坯,中楼层(共31层) ,,塔楼,63.8 万,5447 元,0,,12天以前发布,VR房源 | 随时看房,https://hui.lianjia.com/ershoufang/105122432527.html
锦地繁花，一线临深小区，800米坪山，good！,"锦地繁花 , 西区新寮",2室1厅,76.71平米,南,毛坯,22层 ,,板塔结合,42 万,5476 元,0,,,VR看装修 | 房本满五年 | 随时看房,https://hui.lianjia.com/ershoufang/105122215303.html
房屋装修好，看房联系，采光好，看房方便,"加旺花苑 , 麦地",4室1厅,113.8平米,北,精装,中楼层(共8层) ,,板楼,69.8 万,6134 元,0,,,VR房源 | 房本满两年,https://hui.lianjia.com/ershoufang/105120604159.html
仲恺高新区陈江南站旁仲恺隆生花园,"隆生仲恺花园 , 陈江",4室2厅,130.15平米,东南,精装,低楼层(共27层) ,,板塔结合,114 万,8760 元,0,,,VR看装修 | 房本满两年,https://hui.lianjia.com/ershoufang/105120804233.html
精装修朝南大入户三房两卫  阳光假日花园,"阳光假日花园 , 东平",3室2厅,107.58平米,南,精装,9层 ,,板塔结合,83 万,7716 元,0,,,VR房源 | 房本满五年,https://hui.lianjia.com/ershoufang/105118333750.html
"产权清晰,朝南采光视野开阔，中间楼层，随时看房","卓越东部蔚蓝海岸三期 , 西区新寮",2室2厅,76.43平米,南,毛坯,33层 ,,塔楼,47 万,6150 元,0,,,VR看装修 | 房本满五年 | 随时看房,https://hui.lianjia.com/ershoufang/105120488145.html
临深，朝南，好楼层，配套完善，小区环境舒适,"美景印象 , 西区新寮",4室2厅,110.2平米,南 北,毛坯,31层 ,,板塔结合,78 万,7079 元,0,,,VR看装修 | 房本满两年 | 随时看房,https://hui.lianjia.com/ershoufang/105117299358.html
隆生仲恺花园 3房2卫 花园中间位置 看花园,"隆生仲恺花园 , 陈江",3室1厅,110.13平米,南,毛坯,32层 ,,塔楼,67 万,6084 元,0,,,VR房源 | 房本满五年 | 随时看房,https://hui.lianjia.com/ershoufang/105121561557.html
星河S2区，朝南三房，中高楼层，全明格局，红本在手,"星河丹堤S2区 , 南站新城",3室2厅,78.73平米,南,毛坯,高楼层(共32层) ,,板塔结合,70 万,8892 元,4,,,VR看装修 | 房本满五年 | 随时看房,https://hui.lianjia.com/ershoufang/105119442302.html
金山湖奥园领寓 精装 保养很好 朝南 花园小区管理,"奥园领寓 , 河南岸",1室1厅,27.68平米,南,精装,31层 ,,塔楼,16 万,5781 元,0,,,VR房源 | 房本满五年 | 随时看房,https://hui.lianjia.com/ershoufang/105120085755.html
深圳业主 急售 中洲天御三期4房 看鸟巢  有钥匙,"中洲天御3期 , 河南岸",4室2厅,127.64平米,南 北,毛坯,中楼层(共32层) ,,板塔结合,135 万,10577 元,0,,,VR看装修 | 随时看房,https://hui.lianjia.com/ershoufang/105120617056.html
房子次新小区，环境好，户型方正实用,"新力东园 , 大亚湾中心区",3室2厅,91.22平米,南,毛坯,32层 ,,板楼,38.5 万,4221 元,2,,,VR看装修 | 房本满两年 | 随时看房,https://hui.lianjia.com/ershoufang/105121008530.html
业主诚意出售，视野好、户型靓。,"新时代花园二期 , 博罗中心区",3室2厅,125.54平米,南,毛坯,28层 ,,板塔结合,49 万,3904 元,0,,,VR看装修 | 房本满五年 | 随时看房,https://hui.lianjia.com/ershoufang/105115176136.html
东江熙园四房两厅两卫 业主诚心出售,"佳兆业东江熙园 , 博罗中心区",4室2厅,118平米,南 北,毛坯,高楼层(共33层) ,,板塔结合,35 万,2967 元,1,,,VR看装修 | 随时看房,https://hui.lianjia.com/ershoufang/105120467112.html
次新小区，房子楼层好，户型方正,"腾韵花园 , 陈江",3室2厅,98.28平米,南,毛坯,32层 ,,塔楼,56 万,5699 元,0,,,VR看装修 | 房本满两年 | 随时看房,https://hui.lianjia.com/ershoufang/105118555806.html
此房业主很少住中高楼层 新中式精装修保养好拎包入住,"合生·上观国际 , 水口",4室2厅,140.59平米,南 北,精装,中楼层(共18层) ,,塔楼,128 万,9105 元,0,,16天以前发布,VR房源,https://hui.lianjia.com/ershoufang/105122392020.html
业主诚心出售 ，看花园 户型方正采光好,"卓越蔚蓝海岸七期 , 西区新寮",3室2厅,85.1平米,西南,简装,28层 ,,板塔结合,70 万,8226 元,1,,,VR看装修 | 房本满五年,https://hui.lianjia.com/ershoufang/105118686612.html
富川瑞园二期3+1 好楼层，好价格 配套成熟,"富川瑞园 , 惠环",4室2厅,94.12平米,东南,毛坯,高楼层(共18层) ,,板塔结合,43 万,4569 元,0,,,VR房源 | 房本满两年 | 随时看房,https://hui.lianjia.com/ershoufang/105120776676.html
位置佳，配套完善，交通便利！满五唯一税费少,"亲水湾 , 吾悦广场",3室2厅,83.97平米,南,毛坯,26层 ,,板塔结合,45 万,5360 元,0,,20天以前发布,VR看装修 | 房本满五年 | 随时看房,https://hui.lianjia.com/ershoufang/105122352524.html
楼栋好，不临街，高楼层，南北通户型,"君跃荃新时代 , 大亚湾中心区",3室2厅,96.92平米,南,毛坯,33层 ,,板塔结合,47.9 万,4943 元,0,,,VR看装修 | 随时看房,https://hui.lianjia.com/ershoufang/105120433658.html
精装修 安静 看花园  户型方正,"海伦堡海伦香洲 , 陈江",3室1厅,83.43平米,南,,低楼层(共32层) ,,板楼,49 万,5874 元,0,,25天以前发布,VR房源 | 房本满五年 | 随时看房,https://hui.lianjia.com/ershoufang/105122313933.html
临深大盘，配套完善南北通户型，诚意出售。,"龙光城龙公馆 , 龙光城",4室2厅,143.29平米,南,精装,4层 ,,板楼,199 万,13888 元,2,,,VR房源 | 随时看房,https://hui.lianjia.com/ershoufang/105120677736.html
万达广场楼上装修四房，业主诚心出售。,"阳光圣菲 , 万达",4室1厅,114平米,北,精装,33层 ,,板塔结合,75 万,6579 元,0,,,VR房源 | 房本满两年 | 随时看房,https://hui.lianjia.com/ershoufang/105121770805.html
精装修全屋品牌家私家电楼下就是鹿江公园，适合居住。,"万城皇冠豪苑 , 水口",4室2厅,132.93平米,南,简装,21层 ,,板楼,155 万,11661 元,0,,,VR房源 | 房本满五年,https://hui.lianjia.com/ershoufang/105119739456.html
丽江花园南区 107平三房急售,"丽江花园南区 , 区政府",3室1厅,107平米,北,简装,18层 ,,板塔结合,57 万,5328 元,0,,,VR看装修 | 随时看房,https://hui.lianjia.com/ershoufang/105122116342.html
太东天地花园 4室2厅 南,"太东天地花园 , 大亚湾中心区",4室2厅,109.09平米,南,毛坯,33层 ,,板塔结合,48.6 万,4456 元,1,,,VR看装修 | 房本满两年 | 随时看房,https://hui.lianjia.com/ershoufang/105122060823.html
丰湖村3房2厅  简装 中间楼层 价格实惠,"丰湖村 , 下埔",3室2厅,115.77平米,南 北,简装,中楼层(共8层) ,,塔楼,31 万,2678 元,2,,,VR看装修 | 房本满两年 | 随时看房,https://hui.lianjia.com/ershoufang/105121378582.html
东江新城 水岸城四期 装修3房 满五唯一 配套齐全,"中信水岸城四期 , 东江新城",3室2厅,87平米,南,精装,低楼层(共30层) ,,板楼,76.8 万,8828 元,0,,,VR看装修 | 房本满五年 | 随时看房,https://hui.lianjia.com/ershoufang/105120579406.html
香悦澜山方正四房 大社区 户型好 园林漂亮，,"新城香悦澜山 , 博罗中心区",4室2厅,122.28平米,南,毛坯,中楼层(共33层) ,,塔楼,49.6 万,4057 元,0,,14天以前发布,VR房源 | 房本满五年 | 随时看房,https://hui.lianjia.com/ershoufang/105122419058.html
南站规划高铁新城区中位，交通便利，社区生活配套齐全,"中信新城 , 南站新城",4室2厅,104.65平米,东南,精装,34层 ,,板塔结合,78 万,7454 元,0,,,VR看装修 | 房本满五年,https://hui.lianjia.com/ershoufang/105121304473.html
雅颂居一房一厅41平米业主诚心比较急出售,"雅颂居 , 大亚湾中心区",1室1厅,41平米,北,毛坯,25层 ,,塔楼,16 万,3903 元,3,,,VR看装修 | 随时看房,https://hui.lianjia.com/ershoufang/105113480977.html
碧桂园山河城 6室2厅 南 北,"碧桂园山河城 , 三和经济开发区",6室2厅,191.12平米,南 北,精装,18层 ,,板塔结合,85 万,4448 元,3,,11天以前发布,VR房源 | 房本满两年,https://hui.lianjia.com/ershoufang/105122443597.html
次新小区，格局靓，采光好，视野开阔无遮挡,"金辉风雅轩 , 秋长",2室2厅,66平米,南,毛坯,32层 ,,板塔结合,28 万,4243 元,0,,,VR看装修 | 房本满两年 | 随时看房,https://hui.lianjia.com/ershoufang/105117730234.html
临深100米 龙光城北八 视野好 看花园游泳池,"龙光城北八期 , 龙光城",4室2厅,105.21平米,东,精装,31层 ,,板塔结合,99 万,9410 元,0,,14天以前发布,VR房源 | 房本满五年 | 随时看房,https://hui.lianjia.com/ershoufang/105122414767.html
外地发展 精装急售 儿童公园楼上 户型方正,"恒大悦龙台 , 万达",3室2厅,85平米,北,精装,32层 ,,板塔结合,61 万,7177 元,0,,,VR看装修 | 随时看房,https://hui.lianjia.com/ershoufang/105121248762.html
户型方正。采光好，视野无遮挡。,"千禧嘉园 , 万达",2室2厅,74.82平米,北,,23层 ,,板塔结合,33.8 万,4518 元,0,,,VR看装修 | 房本满两年 | 随时看房,https://hui.lianjia.com/ershoufang/105113379440.html
户型房子 通风采光很好 业主诚心出售,"盛湾名居 , 澳头",3室2厅,89平米,南,简装,33层 ,,塔楼,44 万,4944 元,1,,,VR看装修 | 房本满五年 | 随时看房,https://hui.lianjia.com/ershoufang/105121809724.html
方直星耀国际好楼层大三房两卫，安静看花园视野开阔,"方直星耀国际 , 河南岸",3室2厅,126.5平米,南,毛坯,低楼层(共31层) ,,板塔结合,156 万,12333 元,0,,,VR看装修 | 房本满五年 | 随时看房,https://hui.lianjia.com/ershoufang/105117368539.html
临深百万大盘，户型方正，业主诚心出售,"卓越蔚蓝海岸七期 , 西区新寮",3室2厅,96平米,南,精装,18层 ,,板塔结合,78 万,8125 元,1,,,VR看装修 | 随时看房,https://hui.lianjia.com/ershoufang/105122088601.html
江北鼎峰国汇山，刚需选择，朝南采光好,"鼎峰国汇山 , 江北",3室2厅,88.06平米,北,毛坯,高楼层(共32层) ,,板塔结合,82 万,9312 元,0,,,VR看装修 | 随时看房,https://hui.lianjia.com/ershoufang/105115279385.html
一线临深精装三房两卫，业主全新未入住，朝南看河景,"卓越东部蔚蓝海岸五期 , 西区新寮",3室2厅,95.83平米,南,精装,33层 ,,塔楼,81.88 万,8545 元,0,,,VR看装修 | 房本满两年 | 随时看房,https://hui.lianjia.com/ershoufang/105121487750.html
方直君御朝南3房2厅精装修 带家私电器出售,"方直君御 , 东江新城",3室2厅,91平米,南,,中楼层(共23层) ,,塔楼,128 万,14066 元,0,,,VR看装修,https://hui.lianjia.com/ershoufang/105120820807.html
红树林公园旁，精装四房，看房方便，无个税,"碧桂园太东天樾湾 , 大亚湾中心区",4室2厅,128.76平米,南 北,精装,34层 ,,板塔结合,63 万,4893 元,3,,,VR看装修 | 随时看房,https://hui.lianjia.com/ershoufang/105121702213.html
F区南向三房 视野宽阔无遮挡 采光充足 业主诚意出售,"星河丹堤F区 , 南站新城",3室2厅,88.02平米,南,毛坯,34层 ,,板塔结合,69 万,7840 元,6,,,VR看装修 | 房本满五年 | 随时看房,https://hui.lianjia.com/ershoufang/105119931523.html
红树林公园旁，二房带精装，业主急卖,"海伦堡海伦虹 , 大亚湾中心区",2室2厅,75.74平米,南,精装,20层 ,,板塔结合,39.8 万,5255 元,1,,,VR看装修 | 房本满两年 | 随时看房,https://hui.lianjia.com/ershoufang/105121284387.html
国企盘单价4000出头 急售 中间楼层,"天健阳光花园 , 新圩",3室1厅,79.45平米,南,,低楼层(共18层) ,,板塔结合,33 万,4154 元,1,,17天以前发布,VR看装修 | 房本满五年 | 随时看房,https://hui.lianjia.com/ershoufang/105122386377.html
真实房源-不吃差价-钥匙在店-看房方便-中间楼层,"海伦堡西子湾 , 下角",3室1厅,110.51平米,南,毛坯,中楼层(共40层) ,,塔楼,86 万,7783 元,0,,15天以前发布,VR房源 | 房本满两年 | 随时看房,https://hui.lianjia.com/ershoufang/105122408054.html
业主诚心出售，精装四房两卫，南北通，中间楼层,"花样年别样城五期 , 新行政区",4室2厅,101.62平米,南,精装,33层 ,,板塔结合,67 万,6594 元,0,,,VR看装修 | 房本满五年 | 随时看房,https://hui.lianjia.com/ershoufang/105121048944.html
海锦香槟小镇 4室1厅 东南,"海锦香槟小镇 , 惠环",4室1厅,96.27平米,东南,毛坯,高楼层(共26层) ,,板塔结合,45 万,4675 元,0,,31天以前发布,VR房源 | 随时看房,https://hui.lianjia.com/ershoufang/105122248945.html
业主 急 售卖 朝南2房 大社区榕城华庭,"榕城华庭 , 博罗中心区",2室2厅,74平米,西南,简装,高楼层(共26层) ,,板塔结合,33.8 万,4568 元,0,,,VR看装修 | 房本满两年,https://hui.lianjia.com/ershoufang/105122146413.html
临深大四房带装修不靠高铁没有住过人,"金地天润自在城二期 , 西区新寮",4室2厅,103.19平米,东南 南,精装,33层 ,,板塔结合,90 万,8722 元,0,,,VR房源 | 随时看房,https://hui.lianjia.com/ershoufang/105121113962.html
轻轨口 朝南3房 诚意出售 无欠款 随时看房,"華邦·首府 , 惠环",3室2厅,93.44平米,东南,简装,中楼层(共22层) ,,板塔结合,58 万,6208 元,1,,,VR看装修 | 房本满五年 | 随时看房,https://hui.lianjia.com/ershoufang/105120689260.html
临深百万大盘，业主很诚心卖，小区通勤很方便,"卓越东部蔚蓝海岸三期 , 西区新寮",2室2厅,76.53平米,南,,33层 ,,板塔结合,45 万,5881 元,0,,14天以前发布,VR房源 | 房本满五年 | 随时看房,https://hui.lianjia.com/ershoufang/105122414700.html
南站旁   星河百万大盘 125平 做五房,"星河丹堤G区 , 南站新城",5室2厅,124.63平米,南 北,精装,34层 ,,塔楼,165 万,13240 元,15,,,VR看装修,https://hui.lianjia.com/ershoufang/105110590482.html
花样年别样城101平米四房南北通 高层无遮挡视野开阔,"花样年别样城四期 , 新行政区",4室2厅,101.27平米,南 北,简装,高楼层(共32层) ,,板塔结合,70 万,6913 元,0,,,VR看装修 | 随时看房,https://hui.lianjia.com/ershoufang/105120736515.html
高新区龙湖品质三房 大横厅 随时看房,"春江天境花园 , 东江高新区",3室2厅,99.28平米,南,毛坯,中楼层(共33层) ,,塔楼,54.5 万,5490 元,0,,,VR看装修 | 房本满两年 | 随时看房,https://hui.lianjia.com/ershoufang/105121063857.html
江北新区金裕星河丹堤大楼盘单价只需要五字头,"金裕星河丹堤 , 小金口",4室2厅,121平米,南 北,毛坯,低楼层(共34层) ,,,57.8 万,4777 元,1,,,VR看装修 | 房本满两年 | 随时看房,https://hui.lianjia.com/ershoufang/105121100004.html
枕海而居，融创海湾半岛海景房，解锁滨海理想生活,"融创海湾半岛 , 十里银滩",1室1厅,52.39平米,南,精装,34层 ,,板塔结合,21.8 万,4162 元,2,,,VR房源 | 房本满五年 | 随时看房,https://hui.lianjia.com/ershoufang/105121920301.html
雅博世纪广场 配套成熟 出行方便 看房方便,"雅博世纪广场 , 开城大润发",3室1厅,123.26平米,南,,中楼层(共29层) ,,板塔结合,53 万,4300 元,0,,,VR房源 | 房本满五年 | 随时看房,https://hui.lianjia.com/ershoufang/105120339454.html
鑫月城 刚需3房 好楼层 视野无遮挡,"御湖豪庭 , 陈江",3室2厅,86.88平米,南,毛坯,27层 ,,塔楼,47.3 万,5445 元,0,,,VR看装修 | 房本满五年 | 随时看房,https://hui.lianjia.com/ershoufang/105118143981.html
嘉和丽苑精装两房出售 一公里东江边 钓鱼方便,"嘉和丽苑 , 江北",2室1厅,87.11平米,西南,,高楼层(共15层) ,,板塔结合,70 万,8036 元,0,,,VR看装修,https://hui.lianjia.com/ershoufang/105121853291.html
全新装修，诚意出售，看房便利佳兆业商圈,"嘉和盛世 , 江北",4室2厅,131平米,南 北,简装,中楼层(共30层) ,,,155 万,11833 元,0,,,VR看装修 | 房本满五年 | 随时看房,https://hui.lianjia.com/ershoufang/105120874555.html
嘉和盛世132平精装修拎包入住业主诚意卖不靠三环路,"嘉和盛世 , 江北",4室2厅,132.6平米,南 北,精装,低楼层(共31层) ,,塔楼,175 万,13198 元,0,,,VR看装修 | 房本满两年,https://hui.lianjia.com/ershoufang/105122004699.html
颐景花园 大三房 花园中间 安静 配套成熟,"颐景花园 , 东平",3室2厅,120.8平米,南 北,精装,中楼层(共18层) ,,板塔结合,90 万,7451 元,1,,,VR房源 | 房本满五年,https://hui.lianjia.com/ershoufang/105118505648.html
惠阳政芯60栋大社区，成熟品质社区，人间烟火味浓郁！,"花样年别样城三期 , 新行政区",4室2厅,87.62平米,南 北,精装,32层 ,,板塔结合,66.8 万,7624 元,0,,,VR看装修 | 房本满五年 | 随时看房,https://hui.lianjia.com/ershoufang/105118025999.html
万达 配套完善，小区物业管理妥当，方正,"香榭名苑 , 万达",2室2厅,64.97平米,东南,精装,23层 ,,塔楼,48.5 万,7465 元,1,,,VR看装修,https://hui.lianjia.com/ershoufang/105122081126.html
精装南北通4房 带品牌家私 看房方便,"雅居乐铂琅峯花园 , 惠环",4室1厅,112.87平米,南,精装,33层 ,,板塔结合,84.8 万,7514 元,1,,9天以前发布,VR房源 | 房本满两年 | 随时看房,https://hui.lianjia.com/ershoufang/105122477256.html
临深，近滨水公园，人民路边上成熟次新社区精装好房,"东方铂悦府 , 新行政区",4室2厅,119.46平米,南 北,精装,中楼层(共32层) ,,,109 万,9125 元,0,,,VR看装修,https://hui.lianjia.com/ershoufang/105121857069.html
香树丽苑 4室1厅 南,"香树丽苑 , 吾悦广场",4室1厅,113平米,南,简装,中楼层(共33层) ,,板塔结合,62 万,5487 元,3,,,VR房源 | 随时看房,https://hui.lianjia.com/ershoufang/105121466549.html
金山湖 山姆会员店旁 舒适3房 产权清晰,"中海凯旋城四期 , 河南岸",3室1厅,89.12平米,东南 南,简装,31层 ,,塔楼,78 万,8753 元,0,,,VR房源 | 房本满五年 | 随时看房,https://hui.lianjia.com/ershoufang/105121181143.html
业主急售！南北通透格局，楼层高，可看湖，无抵押,"星河丹堤V2区 , 南站新城",4室2厅,117.65平米,南 北,毛坯,32层 ,,塔楼,120 万,10200 元,0,,,VR看装修 | 房本满两年 | 随时看房,https://hui.lianjia.com/ershoufang/105121119971.html
仲恺体育馆成熟小区，中间好楼层,"鑫月广场 , 陈江",4室2厅,117.13平米,南,毛坯,中楼层(共33层) ,,塔楼,70 万,5977 元,0,,,VR看装修 | 房本满五年 | 随时看房,https://hui.lianjia.com/ershoufang/105118390106.html
碧桂园五星社区 临深 近万达 精装大三房 业主诚心出售,"碧桂园星悦公馆 , 比亚迪商圈",3室2厅,110.4平米,南 北,精装,34层 ,,板塔结合,70 万,6341 元,1,,17天以前发布,VR房源,https://hui.lianjia.com/ershoufang/105122383610.html
万达旁精装两房，满五唯一，拎包入住。,"香榭名苑 , 万达",2室2厅,65.3平米,北,精装,18层 ,,板塔结合,37.8 万,5789 元,1,,,VR看装修 | 房本满五年 | 随时看房,https://hui.lianjia.com/ershoufang/105116671757.html
荷兰小城   成熟大社区  刚需户型  交通便捷 正南朝向,"光耀荷兰小城 , 陈江",4室2厅,124平米,南,毛坯,33层 ,,板塔结合,66 万,5323 元,0,,,VR看装修 | 房本满五年 | 随时看房,https://hui.lianjia.com/ershoufang/105119214683.html
临深大盘，视野开阔，适合居住，诚心出售，方便看房,"荣佳国韵二期 , 龙光城",3室2厅,92.57平米,南,毛坯,33层 ,,板楼,59 万,6374 元,3,,,VR看装修 | 房本满两年 | 随时看房,https://hui.lianjia.com/ershoufang/105119060878.html
东江新城五期 三房两卫 业主诚意出售,"佳兆业东江新城五期 , 博罗中心区",3室1厅,91.94平米,南,毛坯,低楼层(共34层) ,,板塔结合,35.8 万,3894 元,0,,23天以前发布,VR房源,https://hui.lianjia.com/ershoufang/105122331902.html
惠阳  东方国际  人民六路旁 大润发 新天虹,"东方国际 , 开城大润发",2室1厅,55.73平米,南 北,简装,9层 ,,板塔结合,16 万,2871 元,3,,,VR房源 | 房本满两年,https://hui.lianjia.com/ershoufang/105121856023.html
金山湖奥园领寓 精装公寓 1房1厅 拎包入住,"奥园领寓 , 河南岸",1室1厅,29.17平米,西北,精装,32层 ,,板塔结合,17.5 万,6000 元,1,,,VR房源 | 房本满五年,https://hui.lianjia.com/ershoufang/105121645814.html
万达商圈  美泰天韵  带装修2房 业主诚意出售,"美泰天韵 , 万达",2室1厅,72.04平米,南,简装,30层 ,,板塔结合,42 万,5831 元,0,,,VR房源 | 房本满五年 | 随时看房,https://hui.lianjia.com/ershoufang/105120589297.html
水岸城7期 2023年装修 保养新  户型通透 楼层好看花园,"中信水岸城7期 , 东江新城",4室2厅,130.33平米,南,精装,32层 ,,板塔结合,170 万,13044 元,0,,,VR看装修,https://hui.lianjia.com/ershoufang/105121356679.html
金山新城大盘 美丽洲 花园中间4房 南北通透双阳台,"美丽洲 , 马安",4室2厅,117.32平米,南 北,毛坯,低楼层(共26层) ,,塔楼,99 万,8439 元,0,,,VR房源 | 随时看房,https://hui.lianjia.com/ershoufang/105122237485.html
隆生西江花园，153平通透五房，全新装修，安静好楼层,"隆生西江花园 , 东江新城",4室2厅,153.49平米,南,精装,低楼层(共32层) ,,塔楼,236 万,15376 元,0,,,VR看装修,https://hui.lianjia.com/ershoufang/105122029117.html
金山湖花园三区 南北通4房 中间楼层 看花园安静不吵,"金山湖花园三区 , 河南岸",4室2厅,124.95平米,西南,精装,14层 ,,塔楼,140 万,11205 元,1,,,VR看装修 | 房本满五年 | 随时看房,https://hui.lianjia.com/ershoufang/105120678067.html
坪山河旁，视野采光好，户型方正，没有欠款,"美茵河畔花园 , 龙光城",3室2厅,101.52平米,南 北,精装,32层 ,,板塔结合,85 万,8373 元,0,,,VR看装修 | 房本满两年 | 随时看房,https://hui.lianjia.com/ershoufang/105120135018.html
户型方正，采光通风好，业主急卖,"康汇花园 , 大亚湾中心区",3室2厅,128.87平米,北 南,简装,13层 ,,板塔结合,41 万,3182 元,5,,,VR看装修 | 房本满五年 | 随时看房,https://hui.lianjia.com/ershoufang/105118071464.html
天虹大润发商圈，楼层采光好，近惠阳站，业主诚心出售,"庄士花园 , 开城大润发",2室1厅,57.57平米,南,简装,18层 ,,塔楼,19.5 万,3388 元,4,,,VR看装修 | 房本满五年 | 随时看房,https://hui.lianjia.com/ershoufang/105115587336.html
原装电梯房，户型方正，楼层好采光充足  保养不错！,"东湖花园四号小区 , 东平",3室2厅,122.77平米,北,精装,9层 ,,板塔结合,85 万,6924 元,0,,,VR看装修 | 房本满五年 | 随时看房,https://hui.lianjia.com/ershoufang/105121561968.html
隆生西江花园 3室1厅 南,"隆生西江花园 , 东江新城",3室1厅,111.26平米,南,毛坯,高楼层(共31层) ,,板塔结合,128 万,11505 元,0,,,VR看装修 | 随时看房,https://hui.lianjia.com/ershoufang/105121837551.html
惠州南站，天虹大润发旁。 通风采光很好,"庄士花园 , 开城大润发",2室1厅,58平米,南,精装,18层 ,,塔楼,21 万,3621 元,2,,,VR看装修 | 房本满五年 | 随时看房,https://hui.lianjia.com/ershoufang/105121913457.html
房子南北通透，户型方正，毛坯总价低,"长通熙园 , 开城大润发",4室1厅,124.6平米,南 北,毛坯,32层 ,,板塔结合,110 万,8829 元,0,,,VR看装修 | 随时看房,https://hui.lianjia.com/ershoufang/105117015861.html
精装修朝南无个税拎包入住百万大盘,"星河丹堤F区 , 南站新城",3室1厅,89.48平米,东南,精装,34层 ,,板塔结合,75 万,8382 元,5,,,VR房源 | 房本满五年 | 随时看房,https://hui.lianjia.com/ershoufang/105120010855.html
惠阳高铁站旁，星河丹堤大社区，交通便利，配套齐全,"星河丹堤C区 , 南站新城",3室1厅,174.06平米,南,精装,24层 ,,塔楼,152 万,8733 元,5,,,VR看装修 | 房本满五年 | 随时看房,https://hui.lianjia.com/ershoufang/105120810568.html
铂钻精装三房 楼栋视野百米楼间距 含家电管理费,"铂钻花园 , 东江新城",3室2厅,94.86平米,南,精装,中楼层(共27层) ,,板楼,105 万,11069 元,0,,18天以前发布,VR看装修 | 随时看房,https://hui.lianjia.com/ershoufang/105122365855.html
开城大道边、配套已然成熟、交通便利、总价低压力小,"建阳花园 , 开城大润发",2室2厅,64.45平米,南,,8层 ,,板塔结合,15 万,2328 元,6,,,VR看装修,https://hui.lianjia.com/ershoufang/105122138057.html
陈江品质楼盘  3+1房（108平方）密码锁，随时可看房。,"华廷悦府 , 陈江",4室2厅,108平米,南,毛坯,高楼层(共30层) ,,板楼,80 万,7408 元,0,,,VR看装修 | 房本满两年 | 随时看房,https://hui.lianjia.com/ershoufang/105117911237.html
房契税满两年，没有个税，原购价高，视野景观很不错。,"龙光城北十二期 , 龙光城",4室2厅,120平米,南,精装,33层 ,,板塔结合,109 万,9084 元,1,,,VR看装修 | 随时看房,https://hui.lianjia.com/ershoufang/105118985231.html
罗浮花园实用率至高的小区生活便利楼龄新,"罗浮花园 , 罗浮山",4室2厅,143.98平米,南,毛坯,高楼层(共18层) ,,板塔结合,82.3 万,5717 元,0,,,VR看装修 | 房本满五年 | 随时看房,https://hui.lianjia.com/ershoufang/105121129730.html
轻轨口碧桂园盛汇广场精装公寓1房精致漂亮,"碧桂园盛汇 , 龙丰",1室0厅,38.74平米,南,精装,高楼层(共32层) ,,塔楼,18.8 万,4853 元,2,,,VR看装修 | 房本满两年 | 随时看房,https://hui.lianjia.com/ershoufang/105121427426.html
精装 采光通风好 有红本 诚心出售 即买即住或出租,"德洲城一-二期 , 西区新寮",2室1厅,76.75平米,南,简装,17层 ,,板塔结合,48 万,6255 元,1,,12天以前发布,VR房源 | 房本满五年 | 随时看房,https://hui.lianjia.com/ershoufang/105122441508.html
马路对  面就是西湖  实用2房 总价低 保养好,"下角东路16号 , 下角",2室2厅,66.37平米,东,简装,中楼层(共9层) ,,板楼,26.8 万,4038 元,1,,,VR看装修 | 房本满五年 | 随时看房,https://hui.lianjia.com/ershoufang/105120683443.html
过渡 入手 经济实惠 光线良好,"湖溪新苑 , 水口",3室2厅,90.94平米,东北,简装,高楼层(共8层) ,,板塔结合,27 万,2969 元,0,,,VR看装修 | 房本满五年,https://hui.lianjia.com/ershoufang/105119578520.html
金山湖金岸花苑 电梯四房 业主重新装修,"金岸花苑 , 河南岸",4室2厅,107.17平米,东,精装,9层 ,,板楼,69.9 万,6523 元,0,,15天以前发布,VR房源 | 房本满五年,https://hui.lianjia.com/ershoufang/105122404353.html
蓝光雍和园3房2厅2卫房售价仅：107.8万,"蓝光雍和园 , 龙丰",3室2厅,129.38平米,东南,,高楼层(共31层) ,,板楼,107.8 万,8333 元,0,,,VR看装修 | 房本满两年 | 随时看房,https://hui.lianjia.com/ershoufang/105120262945.html
社区有环湖跑道，登山道，小区实行24小时保..,"星河丹堤C区 , 南站新城",4室2厅,149.8平米,南,毛坯,27层 ,,板塔结合,129.8 万,8665 元,7,,,VR看装修 | 房本满五年 | 随时看房,https://hui.lianjia.com/ershoufang/105119050267.html
临深大品牌央企大花园，成熟社区生活配套完善,"金地天润自在城一期 , 西区新寮",3室1厅,83.37平米,西南,精装,33层 ,,塔楼,67 万,8037 元,2,,,VR看装修,https://hui.lianjia.com/ershoufang/105122068665.html
好宜多旁万科文瀚花园精装修三房朝南有钥匙随时看房,"万科中天宏远文瀚花园 , 区政府",3室2厅,91.74平米,南,精装,高楼层(共33层) ,,,92 万,10029 元,1,,,VR看装修 | 随时看房,https://hui.lianjia.com/ershoufang/105122190856.html
星河丹堤新中式园林 南北通透 中高楼 看水库美景,"星河丹堤G4区 , 南站新城",4室2厅,124.48平米,南 北,毛坯,33层 ,,板塔结合,138 万,11087 元,0,,,VR看装修 | 房本满两年 | 随时看房,https://hui.lianjia.com/ershoufang/105116289042.html
隆生仲恺花园新社区视野开阔四房,"隆生仲恺花园2区 , 陈江",4室2厅,123平米,南,毛坯,中楼层(共32层) ,,,82 万,6667 元,0,,,VR看装修 | 房本满两年 | 随时看房,https://hui.lianjia.com/ershoufang/105121445049.html
百万大盘 星河物业 户型方正 拎包入住,"星河丹堤E区 , 南站新城",2室1厅,75平米,南,精装,30层 ,,,59.8 万,7974 元,7,,,VR看装修 | 房本满五年 | 随时看房,https://hui.lianjia.com/ershoufang/105118024694.html
中洲天御 免个税 实用3房 中间楼层 看花园 无遮挡,"中洲天御二期 , 河南岸",3室2厅,93平米,南,毛坯,中楼层(共28层) ,,板塔结合,78 万,8388 元,0,,,VR房源 | 房本满五年 | 随时看房,https://hui.lianjia.com/ershoufang/105117038023.html
朝南向中间楼层看花园。安静舒适。,"星河丹堤S2区 , 南站新城",4室2厅,93.43平米,东南,毛坯,33层 ,,板塔结合,118 万,12630 元,0,,,VR看装修 | 房本满两年 | 随时看房,https://hui.lianjia.com/ershoufang/105112685026.html
吾悦商圈 南北通户型 配套成熟,"海惠花园二区 , 吾悦广场",3室2厅,124.04平米,南 北,毛坯,18层 ,,塔楼,55 万,4435 元,2,,,VR房源 | 房本满五年 | 随时看房,https://hui.lianjia.com/ershoufang/105118830141.html
此房朝南无遮挡，中间楼层中间位置。业主诚心,"深荟城一期 , 白云新城",3室2厅,91.75平米,南,精装,32层 ,,板塔结合,77.8 万,8480 元,0,,8天以前发布,VR房源 | 随时看房,https://hui.lianjia.com/ershoufang/105122479577.html
仲恺政务中芯，精装修三房，拎包入住,"万燊花苑 , 惠环",3室2厅,84.12平米,南 北,,中楼层(共31层) ,,板塔结合,56 万,6658 元,0,,18天以前发布,VR房源 | 房本满五年,https://hui.lianjia.com/ershoufang/105122373972.html
华廷悦府成熟配套，精装修，朝南四房高楼层视野开阔,"华廷悦府 , 陈江",4室2厅,108.71平米,南,精装,高楼层(共31层) ,,塔楼,96 万,8831 元,0,,,VR看装修 | 房本满两年 | 随时看房,https://hui.lianjia.com/ershoufang/105119933271.html
一线临深金辉优步学府精装修3业主诚心急售,"金辉优步学府 , 白云新城",3室2厅,94.67平米,南,,32层 ,,板塔结合,59 万,6233 元,0,,,VR看装修 | 房本满两年 | 随时看房,https://hui.lianjia.com/ershoufang/105122013842.html
小区教育，交通，休闲，购物银行配套设施完善便利,"保华铂郡 , 河南岸",4室2厅,140.34平米,南 北,毛坯,30层 ,,板塔结合,176 万,12541 元,0,,,VR房源 | 房本满两年 | 随时看房,https://hui.lianjia.com/ershoufang/105114890971.html
五矿二期，一线湖景，户型方正，业主诚心出售,"五矿哈施塔特 , 博罗中心区",4室2厅,110.3平米,南,毛坯,高楼层(共33层) ,,塔楼,45 万,4080 元,1,,,VR看装修 | 房本满两年 | 随时看房,https://hui.lianjia.com/ershoufang/105120188170.html
万达精装复式，视野开阔，出行方便，急售,"永昶公寓 , 万达",3室2厅,56.71平米,东南,简装,12层 ,,板塔结合,25 万,4409 元,12,,,VR房源 | 房本满五年 | 随时看房,https://hui.lianjia.com/ershoufang/105117342156.html
花园小区，  楼间 距 视野好,"碧桂园天骄公馆 , 马安",3室2厅,94.92平米,南,精装,高楼层(共34层) ,,塔楼,71 万,7480 元,0,,,VR看装修,https://hui.lianjia.com/ershoufang/105116607402.html
万达近，通勤方便，户型好 户型方正，朝南的,"正兆千树晴山 , 西区新寮",3室2厅,96.76平米,东南,毛坯,30层 ,,板塔结合,53 万,5478 元,1,,,VR看装修 | 房本满五年 | 随时看房,https://hui.lianjia.com/ershoufang/105112682387.html
精装四房 高楼层 视野采光棒 拎包入住！,"天源花园 , 大亚湾中心区",4室2厅,100.64平米,南 北,精装,33层 ,,板塔结合,48 万,4770 元,0,,14天以前发布,VR房源 | 房本满五年,https://hui.lianjia.com/ershoufang/105122415452.html
玖悦府带车位精装修三房，安静采光通风很好,"玖悦府 , 麦地",3室2厅,94.88平米,南,精装,低楼层(共26层) ,,板塔结合,83 万,8748 元,0,,,VR看装修 | 随时看房,https://hui.lianjia.com/ershoufang/105116992218.html
户型方正，视野光线都好，成熟小区生活便利,"花样年·康城四季御峰 , 惠环",3室2厅,84.74平米,南,毛坯,32层 ,,板塔结合,51 万,6019 元,1,,,VR看装修 | 房本满两年 | 随时看房,https://hui.lianjia.com/ershoufang/105113657256.html
现代风设计大三房带车位无欠款 临深,"深荟城一期 , 白云新城",3室2厅,92.45平米,南,精装,33层 ,,板塔结合,79 万,8546 元,0,,6天以前发布,VR房源 | 房本满五年 | 随时看房,https://hui.lianjia.com/ershoufang/105122504019.html
此房户型方正，楼层好，小区楼龄新，小区规模大,"德润天峰 , 潼侨沥林",2室1厅,79.92平米,南,毛坯,18层 ,,板塔结合,40 万,5006 元,0,,,VR房源 | 房本满五年 | 随时看房,https://hui.lianjia.com/ershoufang/105116311917.html
海立方急售，带装修，户型方正，不欠款,"中御海立方 , 吾悦广场",4室2厅,72.89平米,南,简装,34层 ,,板塔结合,35 万,4802 元,1,,,VR房源 | 房本满五年 | 随时看房,https://hui.lianjia.com/ershoufang/105121782487.html
金山湖一线湖景靓房 视野开阔无遮挡 看上价格可谈,"奥园誉山湖花园 , 河南岸",4室2厅,109.02平米,南,毛坯,低楼层(共42层) ,,板塔结合,128 万,11741 元,0,,,VR看装修 | 房本满两年 | 随时看房,https://hui.lianjia.com/ershoufang/105119085139.html
临海视野好，户型方正使用率高，大社区 滨海公园旁,"海景城 , 澳头",3室2厅,85.94平米,南,,33层 ,,板塔结合,50 万,5819 元,0,,,VR看装修 | 房本满五年 | 随时看房,https://hui.lianjia.com/ershoufang/105121344650.html
红花湖丽苑电梯小高层精装三房两卫出售126平米,"紅花湖麗苑 , 龙丰",3室2厅,126.4平米,南 北,精装,6层 ,,板塔结合,96 万,7595 元,0,,,VR房源 | 房本满五年 | 随时看房,https://hui.lianjia.com/ershoufang/105121920098.html
朝东两房看园景，采光好，通风好，诚意出售,"碧桂园.十里银滩.山林海二区 , 十里银滩",2室2厅,69.4平米,东,精装,30层 ,,板塔结合,19.8 万,2854 元,19,,,VR房源 | 房本满五年 | 随时看房,https://hui.lianjia.com/ershoufang/105120397359.html
佳兆业壹号花园 125㎡四房毛坯 南北通采光佳,"佳兆业壹号花园 , 龙丰",4室2厅,125平米,南 北,毛坯,中楼层(共31层) ,,板塔结合,99.8 万,7984 元,0,,,VR看装修 | 房本满五年 | 随时看房,https://hui.lianjia.com/ershoufang/105121956646.html
陈江天花板，壹城次新小区，南北通四房。,"壹城中心7区 , 陈江",4室2厅,110.89平米,南 北,毛坯,中楼层(共32层) ,,板塔结合,88 万,7936 元,0,,,VR看装修 | 房本满两年 | 随时看房,https://hui.lianjia.com/ershoufang/105122195383.html
精装大四房，楼层好，采光视野好，拎衣入住,"奥园华府 , 比亚迪商圈",3室2厅,95平米,南,精装,32层 ,,塔楼,60 万,6316 元,0,,20天以前发布,VR看装修 | 随时看房,https://hui.lianjia.com/ershoufang/105122352560.html
锦绣壹号5期，92平园林景观3房，诚心出售,"富康锦绣壹号5期 , 西区新寮",3室2厅,91.22平米,南,精装,33层 ,,塔楼,119 万,13046 元,0,,5天以前发布,VR房源 | 房本满两年,https://hui.lianjia.com/ershoufang/105122510020.html
本小区的地理优势所在，楼下 就是市政府广场,"中铭豪园 , 区政府",2室2厅,78.65平米,北,,23层 ,,板塔结合,36 万,4578 元,0,,,VR房源 | 房本满五年 | 随时看房,https://hui.lianjia.com/ershoufang/105116169118.html
大社区 高楼层 看江景 南北通 采光好 看房方便,"德威江誉城Ⅱ期 , 马安",4室2厅,113平米,南,毛坯,高楼层(共32层) ,,塔楼,100 万,8850 元,0,,,VR看装修 | 随时看房,https://hui.lianjia.com/ershoufang/105120383286.html
东江新城五期精壮装2房， 装修新净，可以拎包入住,"佳兆业东江新城五期 , 博罗中心区",2室2厅,73平米,南,精装,34层 ,,塔楼,36 万,4932 元,0,,25天以前发布,VR看装修 | 房本满五年 | 随时看房,https://hui.lianjia.com/ershoufang/105122309355.html
户型方正实用，楼龄较新，南向，采光佳，原价高税少,"龙光城北八期 , 龙光城",3室2厅,89.11平米,南,精装,31层 ,,塔楼,70 万,7856 元,7,,,VR房源 | 随时看房,https://hui.lianjia.com/ershoufang/105116185930.html
此房满五唯一，中高楼层视野宽阔 近山空气环境好,"星河丹堤E区 , 南站新城",2室2厅,74.32平米,南,,30层 ,,,60 万,8074 元,0,,,VR看装修 | 随时看房,https://hui.lianjia.com/ershoufang/105121011861.html
业主急售：朝南看花园 户型方正采光通风视野开阔,"花样年别样城二期 , 新行政区",3室1厅,93.37平米,南,精装,33层 ,,板塔结合,57.3 万,6137 元,2,,,VR房源 | 房本满五年 | 随时看房,https://hui.lianjia.com/ershoufang/105111181456.html
诚心出售，光线好，视野佳，价格优惠,"听涛雅苑 , 大亚湾中心区",2室2厅,39.1平米,西,毛坯,7层 ,,板塔结合,15.8 万,4041 元,0,,,VR看装修 | 房本满五年 | 随时看房,https://hui.lianjia.com/ershoufang/105118820161.html
品质次新房，看丰田水库，双套间，红本在手，近华府,"星河丹堤G4区 , 南站新城",5室2厅,163.29平米,南 北,毛坯,33层 ,,板塔结合,179 万,10963 元,1,,,VR看装修 | 房本满两年 | 随时看房,https://hui.lianjia.com/ershoufang/105114262325.html
[平台推荐]全新未入住 无个税 四房 南北通,"富康锦绣壹号三期 , 西区新寮",4室2厅,112.26平米,南 北,,26层 ,,塔楼,136 万,12115 元,0,,,VR看装修 | 房本满五年 | 随时看房,https://hui.lianjia.com/ershoufang/105121834894.html
惠州一忠惠环轻轨口，3年内次新楼盘南北通视野好,"友诚荷悦台 , 惠环",4室2厅,110平米,南,,低楼层(共31层) ,,板塔结合,70 万,6364 元,0,,,VR房源 | 随时看房,https://hui.lianjia.com/ershoufang/105121562248.html
万达旁次新房南北通大户型！别墅区无遮挡,"翡翠山城君御 , 万达",4室2厅,130.97平米,南,精装,34层 ,,,135 万,10308 元,0,,,VR看装修 | 房本满五年,https://hui.lianjia.com/ershoufang/105121966739.html
万达 吾悦双商圈社区 精装三房业主急售,"三远大爱城 , 吾悦广场",3室2厅,83平米,南,简装,33层 ,,板塔结合,60 万,7229 元,0,,,VR看装修 | 随时看房,https://hui.lianjia.com/ershoufang/105117381136.html
原值高，无个税，精装修，拎包入住， 红本在手交易快,"海德尚园 , 吾悦广场",4室2厅,113.2平米,南 北,精装,低楼层(共34层) ,,板塔结合,91 万,8039 元,0,,,VR看装修,https://hui.lianjia.com/ershoufang/105120451309.html
江北大社区，万科品牌物业，商体配套齐全交通购物便利,"宏益公馆 , 江北",3室2厅,115.37平米,南,精装,中楼层(共17层) ,,塔楼,120 万,10402 元,0,,,VR看装修 | 房本满五年,https://hui.lianjia.com/ershoufang/105121910226.html
临深碧桂园物业，爱琴海花园，阳台朝南，采光通风好。,"爱琴海 , 西区新寮",2室2厅,73.53平米,南,简装,33层 ,,塔楼,41.5 万,5644 元,5,,,VR看装修 | 房本满五年,https://hui.lianjia.com/ershoufang/105120947536.html
南北通透 高层视野好 通风效果棒,"中海凯旋城五六期 , 河南岸",4室2厅,139.37平米,南 北,精装,32层 ,,板塔结合,137 万,9830 元,0,,25天以前发布,VR看装修 | 房本满五年 | 随时看房,https://hui.lianjia.com/ershoufang/105122311226.html
东江学府七期复式，次新小区实用率高，业主诚意出售,"东江学府七期 , 河南岸",3室2厅,76.52平米,南,毛坯,19层 ,,,43 万,5620 元,0,,13天以前发布,VR房源 | 随时看房,https://hui.lianjia.com/ershoufang/105122420088.html
户型方正 视野开阔 原购价高 税费少,"新华联广场 , 大亚湾中心区",2室2厅,80.5平米,南,精装,28层 ,,塔楼,38 万,4721 元,0,,,VR看装修 | 房本满五年 | 随时看房,https://hui.lianjia.com/ershoufang/105121520155.html
"大亚湾临深万达旁住家装修3房,安静绿化好合格","碧桂园龙熹山 , 万达",3室2厅,94.78平米,东南,精装,34层 ,,塔楼,66 万,6964 元,0,,,VR看装修 | 房本满五年 | 随时看房,https://hui.lianjia.com/ershoufang/105118670080.html
金玉豪庭 3室2厅 南,"金玉豪庭 , 白云新城",3室2厅,83.5平米,南,精装,18层 ,,板塔结合,46 万,5509 元,1,,,VR看装修,https://hui.lianjia.com/ershoufang/105121882449.html
未来花园 4室2厅 南,"未来花园 , 东江新城",4室2厅,130.4平米,南,毛坯,低楼层(共26层) ,,塔楼,99 万,7593 元,0,,,VR看装修 | 随时看房,https://hui.lianjia.com/ershoufang/105121727322.html
户型方正，楼层好，视野好，配套齐全,"龙光城北十一期 , 龙光城",3室2厅,97平米,南,,33层 ,,板塔结合,87 万,8970 元,1,,,VR看装修 | 房本满五年 | 随时看房,https://hui.lianjia.com/ershoufang/105115051531.html
东岸丽都花园 4室2厅 南 北,"东岸丽都花园 , 大亚湾中心区",4室2厅,84平米,南 北,毛坯,32层 ,,塔楼,55 万,6548 元,0,,11天以前发布,VR房源 | 随时看房,https://hui.lianjia.com/ershoufang/105122449415.html
半山洋房，环境好，空气清新，视野开阔,"星河丹堤N区 , 南站新城",4室2厅,140.78平米,南 北,毛坯,7层 ,,板楼,170 万,12076 元,3,,,VR看装修 | 房本满五年 | 随时看房,https://hui.lianjia.com/ershoufang/105119305616.html
南北通双阳台三房 费用少 高楼层,"德洲城五期 , 西区新寮",3室2厅,98平米,南 北,毛坯,26层 ,,塔楼,69 万,7041 元,2,,,VR看装修 | 房本满五年 | 随时看房,https://hui.lianjia.com/ershoufang/105113576282.html
信利康精装修 全新未入住 红本在手，价格优惠。,"信利康乐创汇 , 河南岸",4室2厅,121.82平米,南 北,精装,高楼层(共31层) ,,,114 万,9359 元,0,,7天以前发布,VR房源 | 随时看房,https://hui.lianjia.com/ershoufang/105122491741.html
河麦成熟片区 电梯2房 世纪伯爵,"世纪铂爵 , 麦地",2室1厅,85.35平米,南,简装,低楼层(共30层) ,,塔楼,58 万,6796 元,0,,,VR看装修 | 房本满五年 | 随时看房,https://hui.lianjia.com/ershoufang/105119100122.html
全新装修带家私电，业主诚心卖，适合居家,"DADA的草地 , 大亚湾中心区",3室1厅,106.51平米,南 北,精装,32层 ,,板塔结合,40 万,3756 元,5,,,VR看装修 | 房本满五年 | 随时看房,https://hui.lianjia.com/ershoufang/105119488219.html
图书馆500强大社区户型方正视野开阔红本在手,"新华联广场 , 大亚湾中心区",2室2厅,101.39平米,南,精装,32层 ,,塔楼,39.3 万,3877 元,0,,,VR看装修 | 房本满五年 | 随时看房,https://hui.lianjia.com/ershoufang/105121320910.html
华侨新苑，朝南，大三房，采光好。,"华侨新苑 , 龙丰",3室2厅,94.7平米,南,简装,8层 ,,板塔结合,36 万,3802 元,0,,,VR看装修 | 随时看房,https://hui.lianjia.com/ershoufang/105121345429.html
一线临深，次新小区，好楼层好视野,"冠华城桂香园三期 , 西区新寮",3室2厅,84.32平米,南,毛坯,33层 ,,板塔结合,66 万,7828 元,0,,5天以前发布,VR房源 | 随时看房,https://hui.lianjia.com/ershoufang/105122514072.html
新祺园 3室2厅 东南,"新祺园 , 新行政区",3室2厅,88.42平米,东南,毛坯,32层 ,,板塔结合,49 万,5542 元,0,,11天以前发布,VR房源 | 房本满五年 | 随时看房,https://hui.lianjia.com/ershoufang/105122453183.html
金山湖岛内大社区中高楼层，视野开阔，俯瞰金山湖,"湖心岛1号花园 , 河南岸",3室1厅,103.06平米,南,毛坯,中楼层(共26层) ,,板塔结合,123 万,11935 元,0,,,VR看装修 | 随时看房,https://hui.lianjia.com/ershoufang/105122031270.html
大花园社区，配.套成熟，楼层好，户型方正,"鸿威金都雅苑 , 小金口",2室2厅,81.46平米,西,毛坯,中楼层(共30层) ,,板塔结合,32 万,3929 元,0,,18天以前发布,VR房源 | 随时看房,https://hui.lianjia.com/ershoufang/105122370428.html
电梯房，户型格局方正，采光良好。,"鸿威金都雅苑 , 小金口",2室1厅,80.22平米,南,精装,低楼层(共30层) ,,板塔结合,36 万,4488 元,1,,,VR看装修 | 房本满五年 | 随时看房,https://hui.lianjia.com/ershoufang/105121429529.html
牧马湖一线湖景大四房，业主诚心出售,"泰丰牧马湖 , 万达",4室2厅,149.05平米,南,毛坯,33层 ,,板塔结合,145 万,9729 元,3,,27天以前发布,VR房源 | 随时看房,https://hui.lianjia.com/ershoufang/105122291890.html
采光佳 视野好 户型方正 配套齐 交通便利,"正闳润金名苑 , 西区新寮",2室2厅,68.02平米,南,,27层 ,,塔楼,46 万,6763 元,0,,,VR看装修,https://hui.lianjia.com/ershoufang/105116859200.html
牧马湖一楼朝南带花园小高层住宅，居住舒适,"泰丰牧马湖 , 万达",3室2厅,80.59平米,南,精装,11层 ,,板塔结合,100 万,12409 元,21,,,VR房源 | 房本满两年 | 随时看房,https://hui.lianjia.com/ershoufang/105112679756.html
江北丽日君颐花园花园中间安静3房2卫精装保养好,"丽日君颐家园 , 江北",3室1厅,94.85平米,北,简装,高楼层(共30层) ,,板塔结合,108 万,11387 元,0,,,VR看装修 | 房本满五年 | 随时看房,https://hui.lianjia.com/ershoufang/105118239579.html
泰宇城市中央 4室2厅 南,"泰宇城市中央 , 江北",4室2厅,108平米,南,精装,中楼层(共30层) ,,塔楼,107 万,9908 元,0,,11天以前发布,VR房源,https://hui.lianjia.com/ershoufang/105122450486.html
江北CBD唐宁公馆，看房店里有钥匙,"唐宁公馆 , 江北",4室1厅,170.05平米,南,毛坯,低楼层(共16层) ,,塔楼,159 万,9351 元,1,,,VR房源 | 房本满五年 | 随时看房,https://hui.lianjia.com/ershoufang/105114053540.html
河南岸公园旁 精装修大三房 诚心出售 看房方便,"尚品世家 , 河南岸",3室2厅,117平米,东南 南,精装,中楼层(共8层) ,,板楼,90 万,7693 元,2,,,VR看装修 | 随时看房,https://hui.lianjia.com/ershoufang/105116679938.html
保利天汇，近印象城，小三房，看上可面谈。,"保利天汇 , 河南岸",3室2厅,88平米,南,毛坯,中楼层(共32层) ,,板塔结合,92 万,10455 元,0,,,VR看装修 | 随时看房,https://hui.lianjia.com/ershoufang/105115446422.html
牧马湖精装四房南北通透业主诚心出售,"泰丰牧马湖 , 万达",4室2厅,113.02平米,南 北,精装,11层 ,,板楼,123 万,10884 元,2,,,VR房源 | 房本满两年 | 随时看房,https://hui.lianjia.com/ershoufang/105120524561.html
花园社区，格局方正，带约200平方露台，自用,"海伦堡院子 , 水口",2室2厅,72平米,东北,简装,低楼层(共31层) ,,板塔结合,57 万,7917 元,0,,,VR看装修 | 随时看房,https://hui.lianjia.com/ershoufang/105120596456.html
精装修，2房，东南朝向，中间楼层，直接拎包入住,"海伦堡院子 , 水口",2室2厅,61.27平米,东南,,高楼层(共15层) ,,板塔结合,42.5 万,6937 元,0,,,VR看装修 | 房本满两年 | 随时看房,https://hui.lianjia.com/ershoufang/105122206546.html
海伦湾朝南看江景三房，高层全新毛坯，南北通双阳台,"海伦堡海伦湾 , 东平",4室2厅,102.43平米,南,毛坯,中楼层(共33层) ,,板塔结合,90 万,8787 元,0,,,VR看装修 | 房本满五年 | 随时看房,https://hui.lianjia.com/ershoufang/105113844502.html
临深一线好房，锦地繁花三房好户型好楼层好价格,"锦地繁花 , 西区新寮",3室2厅,88.05平米,南,毛坯,17层 ,,板塔结合,56.5 万,6417 元,0,,,VR看装修 | 房本满五年 | 随时看房,https://hui.lianjia.com/ershoufang/105119936583.html
春江天境花园 117.38平米 4房2厅2卫,"春江天境花园 , 东江高新区",4室2厅,117.38平米,南 北,毛坯,中楼层(共33层) ,,板塔结合,51 万,4345 元,0,,,VR看装修 | 房本满两年 | 随时看房,https://hui.lianjia.com/ershoufang/105121877937.html
户型方正，房产清晰，业主急售，小区自己的物业,"金裕星河丹堤 , 小金口",3室2厅,85.89平米,南,毛坯,低楼层(共34层) ,,塔楼,39 万,4541 元,0,,11天以前发布,VR房源 | 随时看房,https://hui.lianjia.com/ershoufang/105122451965.html
配套齐全，生活便利，首付月供无压力，好出租,"金茂精英现代城一期 , 陈江",2室2厅,64.95平米,南,简装,17层 ,,板塔结合,23 万,3542 元,0,,,VR看装修 | 房本满五年 | 随时看房,https://hui.lianjia.com/ershoufang/105121859575.html
碧桂园 三房两厅两卫 南北通双阳台 采光好,"碧桂园翠湖湾 , 新圩",3室2厅,113.8平米,南,,低楼层(共17层) ,,板塔结合,59 万,5185 元,0,,,VR看装修 | 房本满五年 | 随时看房,https://hui.lianjia.com/ershoufang/105120888301.html
新力城118平 好楼层，业主急售价格可谈,"新力城二期 , 水口",3室2厅,117.9平米,南,,高楼层(共32层) ,,板楼,77 万,6531 元,0,,,VR看装修 | 房本满两年 | 随时看房,https://hui.lianjia.com/ershoufang/105121815430.html
原值高税费少，南向东边户看园林，诚心出售,"卓越东部蔚蓝海岸五期 , 西区新寮",3室2厅,95.79平米,南,简装,33层 ,,塔楼,87 万,9083 元,0,,,VR房源 | 随时看房,https://hui.lianjia.com/ershoufang/105121925244.html
华丽大厦 佳兆业商圈 带装修 3房2卫 目前出租2000,"华丽大厦 , 江北",3室1厅,122.59平米,南 西北,简装,30层 ,,板塔结合,73 万,5955 元,0,,,VR房源 | 房本满五年,https://hui.lianjia.com/ershoufang/105121586876.html
南山公馆南 北向高层视野好 安静 看房有钥匙,"南山公馆 , 麦地",3室2厅,140.81平米,南,毛坯,高楼层(共16层) ,,板塔结合,84 万,5966 元,0,,14天以前发布,VR房源 | 房本满五年 | 随时看房,https://hui.lianjia.com/ershoufang/105122419977.html
高档装修，家具好，楼层靓，位置 好,"瑞和园 , 博罗中心区",4室2厅,140平米,北,简装,21层 ,,板楼,66.8 万,4772 元,0,,,VR房源 | 房本满五年 | 随时看房,https://hui.lianjia.com/ershoufang/105120038387.html
业主诚心出售，大社区，配套齐全，离万达近,"华冠花园 , 大亚湾中心区",2室1厅,42.76平米,北,简装,26层 ,,板塔结合,24.6 万,5754 元,1,,,VR看装修 | 房本满五年 | 随时看房,https://hui.lianjia.com/ershoufang/105115813128.html
高品质大型小区、环境好，深圳与惠州交界处,"牧云溪谷五期云锦 , 新圩",2室2厅,79平米,东南,简装,32层 ,,板塔结合,91 万,11519 元,0,,,VR看装修 | 随时看房,https://hui.lianjia.com/ershoufang/105120870917.html
小区环境简介、适宜人群及设施配套,"未来花园 , 东江新城",3室2厅,91.16平米,南,,低楼层(共26层) ,,塔楼,75 万,8228 元,0,,17天以前发布,VR房源 | 房本满两年 | 随时看房,https://hui.lianjia.com/ershoufang/105122382856.html
星河丹堤 高层7米长阳台  景观视野好南北通户型,"星河丹堤E区 , 南站新城",4室2厅,104.2平米,南 北,毛坯,34层 ,,,89 万,8542 元,4,,,VR看装修 | 房本满五年 | 随时看房,https://hui.lianjia.com/ershoufang/105120894194.html
大亚湾凯旋城北区两房 实用率高,"德丰凯旋城北区 , 大亚湾中心区",2室1厅,42平米,北,精装,26层 ,,塔楼,26 万,6191 元,2,,,VR看装修 | 房本满五年 | 随时看房,https://hui.lianjia.com/ershoufang/105120098151.html
天虹楼上小区 陈江核 心位置 价格可谈,"壹城中心6区 , 陈江",4室2厅,116.24平米,南 北,精装,低楼层(共32层) ,,塔楼,97 万,8345 元,0,,,VR看装修 | 房本满两年 | 随时看房,https://hui.lianjia.com/ershoufang/105117288123.html
卢浮公馆大户型 顶层复式 南北通透 看鹅城大桥看江景,"卢浮公馆 , 江北",7室1厅,218平米,南 北,毛坯,高楼层(共12层) ,,板塔结合,215.8 万,9900 元,0,,,VR房源,https://hui.lianjia.com/ershoufang/105120515711.html
满五唯一无欠款 前有广场后有公园 业主诚意出售,"御玺山大峡谷一期 , 比亚迪商圈",2室1厅,77.67平米,东,,32层 ,,板塔结合,34 万,4378 元,0,,16天以前发布,VR房源 | 随时看房,https://hui.lianjia.com/ershoufang/105122388241.html
万达广场旁中萃花城湾小区中间楼层三房急售,"中萃花城湾 , 万达",3室2厅,90.86平米,南,精装,26层 ,,塔楼,61 万,6714 元,2,,,VR看装修 | 房本满五年 | 随时看房,https://hui.lianjia.com/ershoufang/105120908331.html
临深 次新小区  急售无欠款  首付低 月租可抵月供,"钻石公馆 , 草洋新区",1室2厅,56.15平米,南,毛坯,26层 ,,板塔结合,29 万,5165 元,0,,12天以前发布,VR房源 | 房本满五年 | 随时看房,https://hui.lianjia.com/ershoufang/105122437719.html
业主有心出售看房有钥匙采光好户型方正,"东江学府五期 , 河南岸",3室2厅,90.86平米,南,毛坯,低楼层(共22层) ,,板塔结合,79 万,8695 元,0,,17天以前发布,VR房源 | 随时看房,https://hui.lianjia.com/ershoufang/105122385783.html
光耀荷兰小城 3室1厅 北,"光耀荷兰小城 , 陈江",3室1厅,80.19平米,北,精装,33层 ,,板塔结合,46 万,5737 元,0,,,VR看装修 | 房本满五年 | 随时看房,https://hui.lianjia.com/ershoufang/105121084116.html
近南站，此房近COCO街。视野开阔,"星河丹堤S2区 , 南站新城",3室2厅,77.6平米,西北,毛坯,34层 ,,板塔结合,78 万,10052 元,0,,,VR看装修 | 房本满五年 | 随时看房,https://hui.lianjia.com/ershoufang/105114510082.html
华泰新村 原装电梯 精装三房 价格美丽,"华泰新邨 , 麦地",3室2厅,94.26平米,南,简装,高楼层(共12层) ,,板塔结合,60 万,6366 元,0,,,VR房源,https://hui.lianjia.com/ershoufang/105121999894.html
澳头海日大厦，   户型方正，毛坯房，好装修,"海日大厦 , 澳头",2室2厅,93.9平米,南,毛坯,25层 ,,板塔结合,22 万,2343 元,1,,,VR看装修 | 房本满五年 | 随时看房,https://hui.lianjia.com/ershoufang/105120546458.html
一楼带院子，看房有钥匙，西湖边上 3房格局，,"六角巷 , 下埔",3室1厅,73.09平米,南,简装,低楼层(共5层) ,,,29 万,3968 元,1,,,VR看装修 | 房本满五年 | 随时看房,https://hui.lianjia.com/ershoufang/105121658653.html
铂钻花园花园中间位置，性价格高，看花园,"铂钻花园 , 东江新城",3室2厅,96平米,南,毛坯,低楼层(共27层) ,,塔楼,75 万,7813 元,0,,,VR看装修 | 房本满两年 | 随时看房,https://hui.lianjia.com/ershoufang/105120678955.html
恒大高品质小区，朝南阳光充足，在3栋安静视野开阔！,"恒大紫荆学府棕榈岛 , 白云新城",3室2厅,111.22平米,南,精装,高楼层(共32层) ,,板塔结合,75 万,6744 元,0,,,VR看装修 | 房本满两年 | 随时看房,https://hui.lianjia.com/ershoufang/105119429563.html
旺东国际广场小两房，视野开阔，采光充足,"旺东国际广场 , 开城大润发",2室2厅,67.3平米,西,简装,30层 ,,塔楼,44 万,6538 元,1,,,VR看装修 | 房本满五年 | 随时看房,https://hui.lianjia.com/ershoufang/105113253033.html
国家一级物业管理、中间好楼层、业主诚意急售,"龙光·玖榕府 , 惠环",3室2厅,89.15平米,南,精装,低楼层(共17层) ,,,52 万,5833 元,1,,,VR看装修 | 房本满五年 | 随时看房,https://hui.lianjia.com/ershoufang/105119874911.html
业主诚心出售 朝南看花园 腰斩价急售,"恒大依山海湾 , 澳头",3室2厅,99.72平米,南,毛坯,低楼层(共32层) ,,板塔结合,45 万,4513 元,0,,,VR看装修 | 房本满五年 | 随时看房,https://hui.lianjia.com/ershoufang/105119399905.html
近深圳地铁沙田站 采光好 通勤深圳方便 户型方正,"金莎花园 , 白云新城",3室2厅,115.78平米,南,毛坯,18层 ,,板塔结合,50 万,4319 元,1,,,VR看装修 | 房本满五年 | 随时看房,https://hui.lianjia.com/ershoufang/105120663751.html
哇啊，翡翠山大3房大社区，益田 万达大商圈,"翡翠山城君御 , 万达",3室2厅,113.57平米,南,精装,33层 ,,板塔结合,97 万,8541 元,2,,,VR房源 | 房本满两年 | 随时看房,https://hui.lianjia.com/ershoufang/105119846523.html
精装大两房，户型方正户，采光充足，视野宽阔,"康城四季棕榈园 , 惠环",2室2厅,77.49平米,北,精装,9层 ,,塔楼,42 万,5421 元,2,,,VR看装修 | 房本满五年,https://hui.lianjia.com/ershoufang/105121893105.html
江北次新小区御豪庭精装复式3房诚意出售简约风装修新,"御豪庭 , 江北",3室2厅,150.05平米,南 北,精装,高楼层(共7层) ,,,170 万,11330 元,1,,,VR房源,https://hui.lianjia.com/ershoufang/105121242973.html
合生·上观国际 3室2厅 南,"合生·上观国际 , 水口",3室2厅,120.46平米,南,,低楼层(共32层) ,,塔楼,85 万,7057 元,0,,,VR房源 | 房本满五年 | 随时看房,https://hui.lianjia.com/ershoufang/105122183302.html
本因坊，宝家园 3室1厅 西北,"本因坊，宝家园 , 草洋新区",3室1厅,116.36平米,西北,,17层 ,,板塔结合,58 万,4985 元,0,,6天以前发布,VR房源 | 房本满五年 | 随时看房,https://hui.lianjia.com/ershoufang/105122501209.html
公园式花山水库 依山伴水 观景好,"水岸花山 , 新圩",2室2厅,79.12平米,西,毛坯,27层 ,,板塔结合,39.6 万,5006 元,1,,,VR房源 | 房本满五年 | 随时看房,https://hui.lianjia.com/ershoufang/105115211386.html
看房方便户型方正 无个税 得房率高,"九洲玉带湾 , 白云新城",5室2厅,120.19平米,南,,33层 ,,板塔结合,75 万,6241 元,1,,,VR看装修 | 随时看房,https://hui.lianjia.com/ershoufang/105120391531.html
世纪金湖次新房 可看湖景产权清晰 南北对流四房,"世纪金湖花园 , 河南岸",4室2厅,116平米,南 北,毛坯,低楼层(共31层) ,,板塔结合,102 万,8794 元,0,,,VR房源 | 随时看房,https://hui.lianjia.com/ershoufang/105114355157.html
临深2公里，公园社区，人车分流,"晶地顺苑 , 西区新寮",2室1厅,53.36平米,南,简装,30层 ,,板塔结合,26.8 万,5023 元,6,,,VR看装修 | 房本满五年 | 随时看房,https://hui.lianjia.com/ershoufang/105118276070.html
阳光新苑二期，精装修实用三房 总价低 证满五唯一物业,"阳光新苑 , 水口",3室2厅,83.02平米,北,精装,中楼层(共25层) ,,板塔结合,65 万,7830 元,0,,,VR看装修 | 房本满五年,https://hui.lianjia.com/ershoufang/105121689828.html
N67区 品质次新洋房 冬暖夏凉 近体育公园 出行方便,"星河丹堤N区 , 南站新城",4室2厅,142.65平米,南 北,,8层 ,,板塔结合,200 万,14021 元,1,,,VR房源 | 房本满两年 | 随时看房,https://hui.lianjia.com/ershoufang/105115886273.html
临深小户型，价格低，满五唯一，没有欠款，交易方便,"爱琴海 , 西区新寮",3室2厅,73.53平米,南,简装,33层 ,,塔楼,47 万,6392 元,5,,,VR看装修 | 房本满五年 | 随时看房,https://hui.lianjia.com/ershoufang/105119655050.html
临深位置 小区规模大 花园绿化做得好 居住适宜 户型好,"冠华城桂香园 , 西区新寮",4室2厅,100.71平米,南 北,毛坯,31层 ,,塔楼,66 万,6554 元,2,,,VR看装修 | 房本满五年 | 随时看房,https://hui.lianjia.com/ershoufang/105121075618.html
米可 成熟大社区 102大4房  价格美丽,"milk花园 , 陈江",4室1厅,102平米,南 北,,18层 ,,塔楼,72 万,7059 元,0,,,VR房源 | 随时看房,https://hui.lianjia.com/ershoufang/105121956959.html
城市嘉园 4室2厅 南,"城市嘉园 , 惠东县城",4室2厅,121.21平米,南,精装,低楼层(共20层) ,,塔楼,65 万,5363 元,0,,,VR看装修 | 房本满五年 | 随时看房,https://hui.lianjia.com/ershoufang/105122052570.html
中山大学附属惠亚医院 带装修小两房随时可以看 急售,"听涛雅苑 , 大亚湾中心区",2室2厅,46.58平米,东,精装,11层 ,,板塔结合,20.6 万,4423 元,10,,,VR房源 | 随时看房,https://hui.lianjia.com/ershoufang/105117297978.html
金山湖，精装三房，带租约出售，看房提前预约！,"美地花园城 , 河南岸",3室2厅,102.43平米,南,精装,高楼层(共30层) ,,塔楼,65 万,6346 元,2,,,VR看装修 | 房本满五年,https://hui.lianjia.com/ershoufang/105118853779.html
荷兰小城好楼层，房子采光通风好，视野开阔，居住舒服,"光耀荷兰小城 , 陈江",3室1厅,97.51平米,南,毛坯,28层 ,,板塔结合,43 万,4410 元,0,,,VR房源 | 房本满五年 | 随时看房,https://hui.lianjia.com/ershoufang/105121153564.html
小区高绿化，花园中间安静，，楼栋高低搭配采光,"德丰·五月花花园 , 西区新寮",3室2厅,96平米,北,,17层 ,,板塔结合,67 万,6980 元,0,,20天以前发布,VR房源,https://hui.lianjia.com/ershoufang/105122347616.html
全新精准大2房拎包入住月供1K定金1万家门口书抱,"华龙花园 , 水口",3室1厅,60.08平米,南,,8层 ,,板塔结合,18 万,2997 元,1,,,VR看装修 | 房本满五年,https://hui.lianjia.com/ershoufang/105120840130.html
中锴华章 花园中间 标准四房 好楼层,"中锴·华章 , 河南岸",4室2厅,132平米,南 北,毛坯,低楼层(共27层) ,,塔楼,110 万,8334 元,0,,9天以前发布,VR房源 | 房本满五年,https://hui.lianjia.com/ershoufang/105122476182.html
真实出售 业主诚心出售 能让你发家致富,"鹏达丽水湾 , 下角",3室2厅,96.35平米,东南,简装,中楼层(共27层) ,,板塔结合,77 万,7992 元,0,,,VR看装修 | 房本满五年 | 随时看房,https://hui.lianjia.com/ershoufang/105122148642.html
首 付6万买套海景2房轻松上车，楼下有市场绿道，成熟,"碧桂园.十里银滩.海逸湾北区 , 十里银滩",2室2厅,66.97平米,南,精装,30层 ,,板塔结合,29.1 万,4346 元,2,,,VR房源 | 房本满五年 | 随时看房,https://hui.lianjia.com/ershoufang/105120468607.html
翡翠山东南向大三房，房本无欠款交易快，价格可谈,"翡翠山城君御 , 万达",3室2厅,95.75平米,东南 南,精装,34层 ,,板塔结合,96 万,10027 元,3,,,VR看装修 | 房本满两年 | 随时看房,https://hui.lianjia.com/ershoufang/105113472870.html
临深带大平台的精装五房，业主无欠款套现出售,"壹方天第 , 白云新城",5室2厅,132.72平米,南 北,精装,34层 ,,板塔结合,94.5 万,7121 元,0,,,VR看装修 | 房本满两年 | 随时看房,https://hui.lianjia.com/ershoufang/105117834082.html
临深大盘安静舒适精装修三房 户型通透,"卓越东部蔚蓝海岸八期 , 西区新寮",3室1厅,98平米,南,精装,中楼层(共33层) ,,板塔结合,103 万,10511 元,0,,,VR看装修 | 随时看房,https://hui.lianjia.com/ershoufang/105118770385.html
大亚湾，亚迪二村，大4房，业主诚心卖，高楼层,"亚迪二村一区 , 澳头",4室2厅,146.16平米,南,,32层 ,,板塔结合,56 万,3832 元,1,,,VR看装修 | 房本满五年 | 随时看房,https://hui.lianjia.com/ershoufang/105121014359.html
美丽洲毛坯三房 小高层采光好视野好,"美丽洲 , 马安",3室2厅,97.99平米,南 北,,高楼层(共16层) ,,塔楼,73 万,7450 元,0,,8天以前发布,VR房源 | 房本满两年 | 随时看房,https://hui.lianjia.com/ershoufang/105122482690.html
朝南看花园，无欠款 ，次新小区，环境优美，户型好,"新华联广场 , 大亚湾中心区",3室2厅,95.84平米,南,毛坯,34层 ,,板塔结合,49.9 万,5207 元,1,,,VR看装修 | 房本满两年 | 随时看房,https://hui.lianjia.com/ershoufang/105121272933.html
急售次新房大社区环境好安静视野开阔户型方正,"新华联广场 , 大亚湾中心区",3室2厅,95.6平米,南,毛坯,34层 ,,板塔结合,49 万,5126 元,1,,,VR看装修 | 房本满两年 | 随时看房,https://hui.lianjia.com/ershoufang/105121704028.html
万达益田商圈大四房业主诚心急卖,"恒鑫御园 , 万达",4室2厅,129.08平米,东南 南,毛坯,32层 ,,塔楼,76 万,5888 元,0,,,VR看装修 | 房本满五年 | 随时看房,https://hui.lianjia.com/ershoufang/105121989066.html
保华铂郡毛坯四房，南北朝向双阳台，看房有钥匙。,"保华铂郡 , 河南岸",4室2厅,132.07平米,东南,毛坯,23层 ,,塔楼,165 万,12494 元,0,,,VR看装修 | 随时看房,https://hui.lianjia.com/ershoufang/105121708218.html
房子南北通透，视野好，业主自住装修，保养好，,"太东星河丹堤天睿北区 , 吾悦广场",5室1厅,127平米,南 北,,34层 ,,板塔结合,112 万,8819 元,3,,,VR房源 | 房本满五年,https://hui.lianjia.com/ershoufang/105121909717.html
惠亚医院旁听涛雅苑大单间业主诚心出售,"听涛雅苑 , 大亚湾中心区",1室1厅,41.8平米,西,简装,6层 ,,板塔结合,11.6 万,2776 元,6,,,VR看装修 | 房本满两年 | 随时看房,https://hui.lianjia.com/ershoufang/105112687547.html
惠阳市政广场旁，精装修三房，满五唯一,"太东高地 , 区政府",3室2厅,121.73平米,南,精装,31层 ,,板塔结合,86 万,7065 元,0,,,VR看装修,https://hui.lianjia.com/ershoufang/105118662131.html
全新小区铂钻花园一期中间楼层采光好安静不吵诚意出售,"铂钻花园 , 东江新城",4室2厅,115.09平米,南,毛坯,高楼层(共27层) ,,板楼,94 万,8168 元,0,,,VR看装修 | 随时看房,https://hui.lianjia.com/ershoufang/105119783285.html
少有的城市绿兴装修新的房子，看看,"城市绿兴 , 江北",3室2厅,105.58平米,东南,,中楼层(共17层) ,,板塔结合,82 万,7767 元,0,,,VR看装修 | 房本满五年 | 随时看房,https://hui.lianjia.com/ershoufang/105120656881.html
业主自住 自带一个阳台  空间很大,"润福苑 , 区政府",2室2厅,72.39平米,东南,精装,18层 ,,板塔结合,31 万,4283 元,2,,,VR看装修 | 房本满五年 | 随时看房,https://hui.lianjia.com/ershoufang/105120877267.html
好楼层朝南向看湖景别墅，，金地物业， 园林绿化好,"泰丰牧马湖 , 万达",3室2厅,89.99平米,南,毛坯,33层 ,,板楼,66 万,7335 元,2,,,VR看装修 | 房本满两年 | 随时看房,https://hui.lianjia.com/ershoufang/105119704186.html
雅居乐花园大社区近高铁站环境好天然氧吧,"惠阳雅居乐花园一期 , 南站新城",3室1厅,103.68平米,西南,,24层 ,,板塔结合,47.5 万,4582 元,0,,,VR看装修 | 随时看房,https://hui.lianjia.com/ershoufang/105122215863.html
德润天禧 精装四室二卫 新社区新装修温馨四居室,"德润花园(二期) , 潼侨沥林",4室2厅,126.56平米,东南,简装,高楼层(共17层) ,,,83 万,6559 元,0,,17天以前发布,VR房源 | 随时看房,https://hui.lianjia.com/ershoufang/105122379442.html
南北向，无入住次新 房，园林绿化好,"碧桂园太东公园上城 , 吾悦广场",3室2厅,110.27平米,南,精装,32层 ,,塔楼,86 万,7800 元,0,,,VR房源 | 房本满两年 | 随时看房,https://hui.lianjia.com/ershoufang/105119300889.html
金山湖沃尔玛商圈  公园门口的家金山雅筑花园精装四房,"华章东郡 , 河南岸",4室2厅,116平米,南,,中楼层(共32层) ,,板塔结合,96 万,8276 元,0,,,VR房源 | 随时看房,https://hui.lianjia.com/ershoufang/105115181887.html
五月花临深圳地铁14号线沙田站,"德丰·五月花花园 , 西区新寮",3室2厅,86.19平米,北,精装,8层 ,,板塔结合,57 万,6614 元,2,,,VR看装修 | 房本满五年 | 随时看房,https://hui.lianjia.com/ershoufang/105121408307.html
万达商圈牧马湖，11层电梯房，三房一卫 带装修看风景,"泰丰牧马湖 , 万达",3室2厅,81.75平米,南,简装,11层 ,,板楼,75 万,9175 元,3,,,VR看装修 | 房本满两年 | 随时看房,https://hui.lianjia.com/ershoufang/105119429334.html
品质小区，万科物业管理，临深，采光好，带大平台,"富康锦绣壹号 , 西区新寮",3室2厅,85.32平米,南,精装,33层 ,,塔楼,92 万,10783 元,0,,,VR看装修 | 房本满两年 | 随时看房,https://hui.lianjia.com/ershoufang/105119502768.html
星河天睿北区 中高楼层 视野好  诚心出售,"太东星河丹堤天睿北区 , 吾悦广场",4室2厅,98.82平米,南,毛坯,34层 ,,板塔结合,71 万,7185 元,1,,,VR看装修 | 房本满五年 | 随时看房,https://hui.lianjia.com/ershoufang/105121117351.html
顶楼带阁楼，伴山洋房，红本在手无需赎楼业主诚心卖,"星河丹堤N区 , 南站新城",4室2厅,160.96平米,南 北,毛坯,8层 ,,塔楼,235 万,14600 元,9,,,VR看装修 | 房本满五年 | 随时看房,https://hui.lianjia.com/ershoufang/105114948390.html
阳台外绿意盎然，视野开阔，户型方正,"碧桂园十里银滩海悦湾 , 十里银滩",3室2厅,78.62平米,西,精装,30层 ,,板塔结合,33.5 万,4262 元,0,,,VR房源 | 房本满五年 | 随时看房,https://hui.lianjia.com/ershoufang/105120596818.html
房子原值高税费少方便看房 视野好 朝南没遮挡,"星河丹堤V区 , 南站新城",4室2厅,102.19平米,南,毛坯,34层 ,,板塔结合,88 万,8612 元,1,,,VR房源 | 房本满五年 | 随时看房,https://hui.lianjia.com/ershoufang/105118547289.html
天宸元著业主诚心出售，还带车位,"龙湖天宸原著花园 , 河南岸",4室2厅,116平米,南,毛坯,中楼层(共33层) ,,板楼,172 万,14828 元,0,,,VR看装修 | 随时看房,https://hui.lianjia.com/ershoufang/105121554810.html
户型方正，楼层高视野好，大阳台精装修,"太东红树湾悦府 , 大亚湾中心区",3室2厅,114.86平米,东南,,低楼层(共33层) ,,塔楼,87 万,7575 元,6,,,VR看装修 | 随时看房,https://hui.lianjia.com/ershoufang/105121065270.html
小区旁边有体育馆，有天虹购物广场 带车位,"奥园园著 , 博罗中心区",3室2厅,96.36平米,南,,高楼层(共34层) ,,板塔结合,33.8 万,3508 元,0,,,VR看装修 | 房本满两年 | 随时看房,https://hui.lianjia.com/ershoufang/105121927118.html
江北义乌公寓47朝南急售28带南坛和惠台,"义乌商城公寓 , 江北",1室1厅,47平米,南,,中楼层(共28层) ,,板楼,28 万,5958 元,0,,8天以前发布,VR房源 | 随时看房,https://hui.lianjia.com/ershoufang/105122484009.html
富川瑞园  2+1房 篮球场那么大的露台 诚心出售,"富川瑞园 , 惠环",2室1厅,73.05平米,西北,简装,低楼层(共17层) ,,板塔结合,45 万,6161 元,0,,,VR房源 | 房本满两年,https://hui.lianjia.com/ershoufang/105120233986.html
第九旁 大3房 视野开阔 价格实惠 随时看房,"福晟钱隆樽品花园 , 陈江",3室2厅,90.6平米,南,毛坯,33层 ,,塔楼,57 万,6292 元,0,,,VR看装修 | 房本满五年 | 随时看房,https://hui.lianjia.com/ershoufang/105120859985.html
南边灶 业主诚心出售  楼下就是深圳 采光好,"安罝小区 , 西区新寮",3室2厅,120.4平米,南,毛坯,32层 ,,板塔结合,65 万,5399 元,1,,,VR看装修 | 房本满两年 | 随时看房,https://hui.lianjia.com/ershoufang/105120009376.html
自住装修未出租过采光通透大四房中高楼层急卖,"碧桂园龙熹山 , 万达",4室2厅,129.48平米,南,精装,33层 ,,板塔结合,88 万,6797 元,1,,,VR看装修 | 房本满五年 | 随时看房,https://hui.lianjia.com/ershoufang/105121909308.html
临深一公里 精装四房 近地铁百万大社区 交通方便,"珠江四季悦城二期 , 西区新寮",4室2厅,129平米,北,精装,33层 ,,塔楼,82 万,6357 元,0,,,VR看装修 | 房本满两年 | 随时看房,https://hui.lianjia.com/ershoufang/105116757715.html
德威江誉城一期南北通五房两厅两卫业主诚意出售,"德威江誉城1期 , 马安",5室1厅,141.61平米,南,毛坯,中楼层(共32层) ,,塔楼,129 万,9110 元,0,,,VR房源 | 随时看房,https://hui.lianjia.com/ershoufang/105121183063.html
好楼层 重本装修 小区品质高 临深 南北通户型,"龙源华府 , 比亚迪商圈",4室2厅,114.4平米,南 北,精装,33层 ,,板塔结合,99 万,8654 元,1,,,VR看装修 | 随时看房,https://hui.lianjia.com/ershoufang/105120465645.html
富康锦绣壹号四房业主诚心出售红本在手手续快,"富康锦绣壹号三期 , 西区新寮",4室2厅,112.08平米,南,精装,32层 ,,塔楼,138 万,12313 元,0,,20天以前发布,VR看装修 | 房本满两年,https://hui.lianjia.com/ershoufang/105122352978.html
哇，还有环境那么好的房子！业主诚心出售，无欠款,"群峰花园 , 南站新城",3室2厅,84.07平米,南,,低楼层(共33层) ,,塔楼,42 万,4996 元,3,,,VR看装修 | 随时看房,https://hui.lianjia.com/ershoufang/105115873214.html
横厅大四房，交通便利，配套齐全。,"龙光城北八期 , 龙光城",4室2厅,118.02平米,南 北,精装,17层 ,,板塔结合,117.1 万,9923 元,3,,,VR看装修 | 房本满五年 | 随时看房,https://hui.lianjia.com/ershoufang/105119859293.html
德润天峰中间楼层朝正南小三房诚意售出,"德润天峰 , 潼侨沥林",3室2厅,79.89平米,南,毛坯,18层 ,,板塔结合,38 万,4757 元,0,,,VR看装修 | 随时看房,https://hui.lianjia.com/ershoufang/105121373911.html
房子格局 楼层好 视野开阔 采光充足,"碧桂园云创家园 , 潼侨沥林",2室1厅,42.64平米,东南,,20层 ,,板塔结合,22.6 万,5301 元,0,,17天以前发布,VR房源 | 房本满五年 | 随时看房,https://hui.lianjia.com/ershoufang/105122387121.html
陈江轻轨口天益城沃尔玛商圈 隆生仲恺花园3房价格实惠,"隆生仲恺花园 , 陈江",3室2厅,112.25平米,东南,毛坯,32层 ,,塔楼,70 万,6237 元,0,,,VR看装修 | 随时看房,https://hui.lianjia.com/ershoufang/105121224808.html
临深一线，视野宽阔，交通方便，业主急卖,"锦地繁花 , 西区新寮",3室2厅,92.19平米,南,简装,25层 ,,板塔结合,58 万,6292 元,0,,,VR看装修 | 房本满五年 | 随时看房,https://hui.lianjia.com/ershoufang/105120146599.html
品质小高层大平层南北通透安静看园林,"星河丹堤G4区 , 南站新城",5室2厅,172.32平米,南 北,精装,10层 ,,板塔结合,280 万,16249 元,1,,,VR看装修 | 房本满两年,https://hui.lianjia.com/ershoufang/105122209441.html
中信水岸城四期玫瑰湾央企大社区,"中信水岸城四期 , 东江新城",3室2厅,112平米,南,精装,中楼层(共30层) ,,板楼,106.8 万,9536 元,0,,,VR房源,https://hui.lianjia.com/ershoufang/105121098663.html
龙光城大三房 业主诚心卖 视野开阔 采光好,"龙光城北三期 , 龙光城",3室2厅,81.57平米,东南 南,精装,低楼层(共34层) ,,板塔结合,67 万,8214 元,27,,,VR看装修 | 房本满五年 | 随时看房,https://hui.lianjia.com/ershoufang/105109093947.html
横厅4房  业主诚心出售  有钥匙随时可以看房,"龙光城南四期 , 龙光城",4室2厅,108.72平米,东北,毛坯,34层 ,,塔楼,88 万,8095 元,0,,13天以前发布,VR房源 | 房本满五年 | 随时看房,https://hui.lianjia.com/ershoufang/105122420303.html
急售！五月花花园，深圳14号线沙田地铁口物业,"德丰·五月花花园 , 西区新寮",2室2厅,80平米,南,精装,17层 ,,塔楼,48 万,6000 元,0,,,VR看装修,https://hui.lianjia.com/ershoufang/105118401792.html
业主精致自装  一线湖景楼下即是金山湖公园 视野开阔,"泰丰·千花岛 , 河南岸",3室2厅,106.89平米,南,,33层 ,,板塔结合,159 万,14876 元,0,,,VR看装修 | 房本满五年 | 随时看房,https://hui.lianjia.com/ershoufang/105121108487.html
：金山湖湖芯岛方正三房，南向看花园，景观开阔,"湖心岛1号花园 , 河南岸",3室1厅,104.31平米,南,毛坯,低楼层(共32层) ,,板塔结合,100 万,9587 元,0,,7天以前发布,VR房源 | 房本满两年 | 随时看房,https://hui.lianjia.com/ershoufang/105122491902.html
海悦湾漂亮两房，保养好家私拎包入住,"碧桂园十里银滩海悦湾 , 十里银滩",2室1厅,67.48平米,西,精装,30层 ,,板塔结合,25.2 万,3735 元,1,,,VR看装修 | 房本满五年 | 随时看房,https://hui.lianjia.com/ershoufang/105121983502.html
位置好，采光充足，业主诚意急卖，方便看房,"星河丹堤G4区 , 南站新城",5室2厅,172.32平米,南 北,毛坯,10层 ,,板塔结合,240 万,13928 元,1,,,VR看装修 | 房本满两年 | 随时看房,https://hui.lianjia.com/ershoufang/105120272939.html
满五唯一  中间楼层  采光通风不错,"玫瑰华庭 , 草洋新区",3室1厅,93.44平米,南,,9层 ,,板楼,38.8 万,4153 元,0,,,VR看装修 | 房本满五年,https://hui.lianjia.com/ershoufang/105121247981.html
急售 灿邦商圈 南北通4房2卫3阳台 中高楼层 视野好,"十月花花园 , 大亚湾中心区",4室2厅,131.08平米,南 北,简装,33层 ,,板楼,88 万,6714 元,0,,,VR看装修 | 房本满五年 | 随时看房,https://hui.lianjia.com/ershoufang/105114199813.html
精装三房朝南看花园，业主诚心出售,"金洋嘉丽园 , 澳头",3室2厅,103平米,南,精装,28层 ,,板塔结合,60 万,5826 元,0,,,VR看装修 | 房本满五年 | 随时看房,https://hui.lianjia.com/ershoufang/105120236107.html
沃尔玛门口菁华园小区两房 中高层 户型方正 生活便利,"菁华园 , 澳头",2室2厅,75平米,南 北,简装,高楼层(共20层) ,,板塔结合,34 万,4534 元,0,,,VR看装修 | 随时看房,https://hui.lianjia.com/ershoufang/105122199130.html
家华名都花园 精装2房 户型方正 拎包入住 金茂大市场,"家华名都花园 , 陈江",2室2厅,75.75平米,西北,精装,19层 ,,塔楼,42 万,5545 元,0,,,VR房源 | 房本满五年 | 随时看房,https://hui.lianjia.com/ershoufang/105122199836.html
知本领寓   两房两厅一卫  自住装修,"知本领寓 , 陈江",2室2厅,63.96平米,东北,精装,中楼层(共16层) ,,板塔结合,32 万,5004 元,0,,,VR看装修 | 随时看房,https://hui.lianjia.com/ershoufang/105121674629.html
南北通户型，成交快，欢迎大家来带看,"深业喜悦城 , 惠环",4室2厅,128.47平米,东南,,33层 ,,板塔结合,60 万,4671 元,1,,,VR看装修 | 房本满两年 | 随时看房,https://hui.lianjia.com/ershoufang/105114187407.html
位置好，出门是商场，户型很好，看花园,"翡翠山珑悦 , 万达",3室2厅,89.76平米,南 北,简装,34层 ,,塔楼,80 万,8913 元,1,,,VR看装修 | 房本满五年,https://hui.lianjia.com/ershoufang/105119138777.html
星河丹G4区，4房南北通透，视野景观好,"星河丹堤G4区 , 南站新城",4室2厅,124.48平米,南 北,精装,33层 ,,板塔结合,158 万,12693 元,1,,,VR房源 | 房本满两年,https://hui.lianjia.com/ershoufang/105120727107.html
大亚湾红树林湿地公园旁复式三房红本无抵押随时看房,"美林雅苑 , 澳头",3室2厅,38.98平米,北,毛坯,9层 ,,板塔结合,16 万,4105 元,2,,,VR看装修 | 随时看房,https://hui.lianjia.com/ershoufang/105121784631.html
红本在手，南 北朝向，精装修楼层好视野宽阔,"亲水湾 , 吾悦广场",3室2厅,92.82平米,南,精装,26层 ,,板塔结合,61 万,6572 元,0,,,VR看装修 | 房本满五年 | 随时看房,https://hui.lianjia.com/ershoufang/105113329027.html
中骏雍景湾三房，楼层好，户型方正光线好，朝南向,"中骏雍景湾南区 , 河南岸",3室2厅,95.84平米,南,,低楼层(共30层) ,,板塔结合,89 万,9287 元,0,,,VR看装修 | 房本满两年 | 随时看房,https://hui.lianjia.com/ershoufang/105121274358.html
惠阳2018年的小区朝南看山景三房二卫未入住的精装房,"碧桂园山河城 , 三和经济开发区",3室1厅,96.97平米,南,精装,34层 ,,板塔结合,45 万,4641 元,1,,,VR房源 | 随时看房,https://hui.lianjia.com/ershoufang/105117325339.html
荷兰小城  标准三房  朝南户型  急出 急出,"光耀荷兰小城 , 陈江",3室1厅,90.5平米,南,毛坯,33层 ,,板楼,48 万,5304 元,0,,15天以前发布,VR房源 | 房本满五年 | 随时看房,https://hui.lianjia.com/ershoufang/105122409020.html
翠湖雅苑刚需户型方正 采光充足，看花园,"翠湖雅苑 , 水口",3室2厅,120.25平米,南,精装,中楼层(共15层) ,,塔楼,73 万,6071 元,0,,,VR房源 | 房本满五年 | 随时看房,https://hui.lianjia.com/ershoufang/105121619055.html
玫瑰园 业主自住房 装修保养好 诚心出售,"中海阳光玫瑰园 , 马安",3室2厅,95.96平米,南,精装,低楼层(共33层) ,,板楼,83 万,8650 元,0,,,VR看装修 | 房本满两年,https://hui.lianjia.com/ershoufang/105122092264.html
隆生大社区 近天益城 朝南向 千米楼间距 视野开阔,"隆生仲恺花园3区 , 陈江",3室2厅,110.47平米,南,毛坯,中楼层(共33层) ,,塔楼,73 万,6609 元,0,,,VR看装修 | 房本满两年 | 随时看房,https://hui.lianjia.com/ershoufang/105120457163.html
全新精装修三房，带家私电器出售，高层采光通风无暗房,"新力城二期 , 水口",3室2厅,89.88平米,南,精装,高楼层(共31层) ,,板楼,66.6 万,7410 元,0,,,VR看装修 | 房本满五年 | 随时看房,https://hui.lianjia.com/ershoufang/105119905264.html
碧桂园山河城 3室2厅 北,"碧桂园山河城 , 三和经济开发区",3室2厅,92.32平米,北,精装,18层 ,,板塔结合,32.8 万,3553 元,0,,18天以前发布,VR看装修 | 随时看房,https://hui.lianjia.com/ershoufang/105122368563.html
恒大紫荆学府棕榈岛 3室2厅 南,"恒大紫荆学府棕榈岛 , 白云新城",3室2厅,103平米,南,精装,中楼层(共32层) ,,板塔结合,75 万,7282 元,0,,,VR看装修 | 随时看房,https://hui.lianjia.com/ershoufang/105115250138.html
临深央企保利阳光城93平精装四房,"保利阳光城二期 , 白云新城",4室2厅,92.57平米,北,精装,32层 ,,板塔结合,66.8 万,7217 元,0,,,VR看装修 | 房本满五年 | 随时看房,https://hui.lianjia.com/ershoufang/105121747632.html
户型方正毛坯业主诚心出售，位置好,"和府御堡 , 西区新寮",2室2厅,67.37平米,南,,26层 ,,塔楼,35 万,5196 元,1,,8天以前发布,VR房源 | 房本满五年 | 随时看房,https://hui.lianjia.com/ershoufang/105122479925.html
鑫月御景湾精装三房 户型方正 中间楼层 采光视野好,"鑫月御景湾 , 陈江",3室2厅,86平米,东南 南,,32层 ,,塔楼,53 万,6163 元,1,,,VR看装修 | 随时看房,https://hui.lianjia.com/ershoufang/105118352484.html
合生大社区三房，视野开阔，采光好,"合生·上观国际 , 水口",3室2厅,92.04平米,西南,精装,低楼层(共32层) ,,板楼,83 万,9018 元,1,,,VR看装修 | 房本满两年 | 随时看房,https://hui.lianjia.com/ershoufang/105121951824.html
臻誉府旁、自住精装修，朝南的！采光良好,"鑫月御景湾 , 陈江",3室2厅,86.08平米,东南,精装,32层 ,,塔楼,50 万,5809 元,0,,,VR看装修 | 房本满五年,https://hui.lianjia.com/ershoufang/105121564214.html
临14号地铁沙田站 ，次新房户型方正， 业主诚心出售,"壹方天第 , 白云新城",3室2厅,112.48平米,西南,精装,34层 ,,板塔结合,73 万,6491 元,2,,,VR看装修 | 随时看房,https://hui.lianjia.com/ershoufang/105113461928.html
三远大爱城精装，宽敞明亮，户型方正，适合居家,"三远大爱城 , 吾悦广场",3室2厅,88.67平米,南,精装,32层 ,,板塔结合,57 万,6429 元,9,,,VR房源 | 房本满五年 | 随时看房,https://hui.lianjia.com/ershoufang/105112846937.html
新天虹 大润发 精装修两房 拎包入住 满五唯一,"旺东国际广场 , 开城大润发",2室2厅,74.65平米,东南,精装,30层 ,,塔楼,53 万,7100 元,0,,,VR看装修 | 房本满五年 | 随时看房,https://hui.lianjia.com/ershoufang/105119988090.html
户型方正，采光好，视野好，无遮挡,"新华联广场 , 大亚湾中心区",3室2厅,88.61平米,北,简装,32层 ,,板塔结合,50 万,5643 元,5,,,VR看装修 | 房本满五年 | 随时看房,https://hui.lianjia.com/ershoufang/105116105001.html
荷兰小城，环境优美，小区空间大，小孩读书方便,"光耀荷兰小城 , 陈江",4室2厅,112平米,南,毛坯,31层 ,,板楼,57 万,5090 元,0,,,VR看装修 | 随时看房,https://hui.lianjia.com/ershoufang/105121033126.html
鑫月城三房大社区自带游泳池轻轨物业,"鑫月御景湾 , 陈江",3室2厅,86.72平米,南,精装,32层 ,,塔楼,49 万,5651 元,0,,,VR看装修 | 房本满五年 | 随时看房,https://hui.lianjia.com/ershoufang/105118809325.html
全新未住，业主诚意出售，南北向看花园，中间楼层,"龙湖天宸原著花园 , 河南岸",4室2厅,138.01平米,南,精装,中楼层(共33层) ,,塔楼,209 万,15144 元,1,,,VR看装修 | 随时看房,https://hui.lianjia.com/ershoufang/105118908790.html
全新末住过，无抵押，业主诚心出售，价格可谈。,"群峰花园 , 南站新城",3室2厅,94.63平米,东南,,中楼层(共33层) ,,塔楼,55 万,5813 元,0,,,VR看装修 | 房本满两年 | 随时看房,https://hui.lianjia.com/ershoufang/105120939638.html
小4房，视野好，无增值税和个税,"星河丹堤S2区 , 南站新城",4室2厅,95.26平米,南,,34层 ,,板塔结合,108 万,11338 元,0,,,VR看装修 | 房本满两年 | 随时看房,https://hui.lianjia.com/ershoufang/105112696350.html
高铁站旁 天虹大润发商圈 中高层南向3加1房！,"旺东国际广场 , 开城大润发",3室2厅,111.28平米,南,毛坯,30层 ,,塔楼,70 万,6291 元,1,,,VR看装修 | 房本满五年 | 随时看房,https://hui.lianjia.com/ershoufang/105118944501.html
原值高 采光好 户型方正 精装修两房,"三远大爱城 , 吾悦广场",2室2厅,76.49平米,南,,32层 ,,板塔结合,45 万,5884 元,2,,,VR看装修 | 房本满五年,https://hui.lianjia.com/ershoufang/105119332980.html
临深入住率高，税费低，精装修，配套齐全,"尚城世家二期 , 区政府",3室1厅,113.58平米,东南,精装,26层 ,,板塔结合,118 万,10390 元,0,,,VR房源 | 房本满五年 | 随时看房,https://hui.lianjia.com/ershoufang/105121458711.html
区政府 配套齐全 业主急售...,"中港华庭 , 区政府",1室1厅,50平米,东,,26层 ,,塔楼,19.8 万,3960 元,0,,,VR看装修 | 随时看房,https://hui.lianjia.com/ershoufang/105112984971.html
精装修南北通透大4房2卫看一线江景无遮挡海伦湾,"海伦堡海伦湾 , 东平",4室2厅,131.92平米,南 北,精装,中楼层(共32层) ,,板塔结合,138 万,10461 元,0,,,VR看装修 | 房本满五年 | 随时看房,https://hui.lianjia.com/ershoufang/105120053667.html
金山湖奥园领寓 精装公寓 1房1厅 拎包入住,"奥园领寓 , 河南岸",1室1厅,29.17平米,西北,精装,32层 ,,板塔结合,17.5 万,6000 元,1,,,VR房源 | 房本满五年,https://hui.lianjia.com/ershoufang/105121645814.html
区政府天虹旁鼎盛广场精装修1房业主诚心出售,"鼎盛广场 , 区政府",1室1厅,46.25平米,南,精装,33层 ,,板塔结合,19 万,4109 元,0,,,VR看装修 | 房本满五年 | 随时看房,https://hui.lianjia.com/ershoufang/105114526967.html
业主着急卖，南北通四房，看园林，少有户型卖,"德洲中心城 , 大亚湾中心区",4室2厅,123.1平米,南,简装,28层 ,,板塔结合,66 万,5362 元,0,,,VR看装修 | 房本满五年 | 随时看房,https://hui.lianjia.com/ershoufang/105119385527.html
急卖，星河品牌，三房，好楼层，你意向不到的价格,"惠州星河盛世 , 白云新城",3室2厅,74.02平米,东南,毛坯,高楼层(共33层) ,,板塔结合,45 万,6080 元,0,,,VR看装修 | 房本满两年 | 随时看房,https://hui.lianjia.com/ershoufang/105116452393.html
装修大2房。随时看房，地铁口物业,"德洲城三、四期 , 西区新寮",2室2厅,81.13平米,南,毛坯,18层 ,,板塔结合,42.8 万,5276 元,4,,,VR看装修 | 房本满五年,https://hui.lianjia.com/ershoufang/105116368380.html
格局好 视野宽阔 采光充足 配套设施齐 业主急售,"中信新城C区 , 南站新城",4室2厅,127.9平米,东南 南,精装,34层 ,,板塔结合,86 万,6725 元,0,,,VR看装修 | 房本满五年,https://hui.lianjia.com/ershoufang/105120582652.html
临深一路之隔，一刻钟到沙田站，公交车直达到聚龙山,"富康锦绣壹号 , 西区新寮",4室1厅,112平米,南,精装,33层 ,,塔楼,112 万,10000 元,3,,,VR房源 | 房本满五年 | 随时看房,https://hui.lianjia.com/ershoufang/105120226933.html
太东天地花园 大3房朝南 没有遮挡看山景,"太东天地花园 , 大亚湾中心区",3室2厅,88.59平米,南,精装,33层 ,,板塔结合,43 万,4854 元,2,,,VR看装修 | 房本满五年,https://hui.lianjia.com/ershoufang/105121311346.html
金世界 4房 证在手 诚心出售 随时可看房,"金世界花园 , 江北",4室2厅,135.12平米,北,简装,16层 ,,板塔结合,75.8 万,5610 元,1,,,VR房源 | 房本满五年 | 随时看房,https://hui.lianjia.com/ershoufang/105115965457.html
接地气3房 视野开阔小区生活方便 近市场和巴士车站,"碧桂园十里银滩海悦湾 , 十里银滩",3室1厅,78.66平米,东 东南,精装,30层 ,,板塔结合,31.6 万,4018 元,2,,,VR看装修 | 房本满五年 | 随时看房,https://hui.lianjia.com/ershoufang/105121763238.html
大中华精装大三房，拎包入住，视野很好,"大中华幸福城 , 西区新寮",3室1厅,113.02平米,南,精装,32层 ,,板楼,105 万,9291 元,0,,,VR房源 | 房本满两年 | 随时看房,https://hui.lianjia.com/ershoufang/105122111672.html
满五唯一，视野宽阔，采光充足，配套齐全，交通便利,"江湾南岸二期 , 江北",4室2厅,149.33平米,南,毛坯,低楼层(共39层) ,,板塔结合,175 万,11720 元,0,,,VR看装修 | 随时看房,https://hui.lianjia.com/ershoufang/105116717682.html
万达商圈次新房，业主诚心出售，精品小两房,"瑞禧园 , 万达",2室2厅,52.63平米,东,毛坯,低楼层(共33层) ,,板塔结合,45 万,8551 元,8,,,VR看装修 | 随时看房,https://hui.lianjia.com/ershoufang/105120500625.html
鑫月城三房东西通精装旁边就是体育馆轻轨物业,"鑫月御景湾 , 陈江",3室2厅,88平米,东 西,精装,28层 ,,塔楼,55 万,6250 元,1,,,VR房源 | 房本满五年 | 随时看房,https://hui.lianjia.com/ershoufang/105118144003.html
恒安绿园二房诚心卖，户型方正，满五唯一,"恒安绿园 , 吾悦广场",2室1厅,80.64平米,南,简装,18层 ,,板塔结合,38 万,4713 元,2,,,VR看装修 | 房本满五年 | 随时看房,https://hui.lianjia.com/ershoufang/105118380325.html
保利央企 温馨 3房2厅2卫 近公园 近商圈 交通便利,"保利鹿江来 , 水口",3室2厅,95.73平米,东南,毛坯,中楼层(共27层) ,,板塔结合,78 万,8148 元,1,,,VR看装修 | 房本满两年 | 随时看房,https://hui.lianjia.com/ershoufang/105116258439.html
梵高的海 46平一室 单边位 明窗 居住舒适,"小径海岸城花园 , 霞涌",1室1厅,47.95平米,西南,简装,30层 ,,板楼,19.8 万,4130 元,1,,,VR房源 | 房本满两年 | 随时看房,https://hui.lianjia.com/ershoufang/105120789474.html
东江学府一期，大4房南北通，花园中间安静不吵,"东江学府一期 , 河南岸",4室2厅,159平米,南,精装,中楼层(共6层) ,,板楼,99 万,6227 元,0,,,VR房源 | 随时看房,https://hui.lianjia.com/ershoufang/105122118536.html
次新小区 碧桂园揽月居 精装4房2卫 南北通户型,"碧桂园揽月居 , 水口",4室2厅,115.05平米,南,精装,低楼层(共25层) ,,板塔结合,72 万,6259 元,0,,,VR看装修 | 随时看房,https://hui.lianjia.com/ershoufang/105121111768.html
全新装修南北通透双阳台，满五唯一，户型方正视野宽阔,"康城四季棕榈园 , 惠环",3室2厅,84.47平米,南 北,精装,18层 ,,塔楼,55 万,6512 元,0,,,VR看装修 | 房本满五年,https://hui.lianjia.com/ershoufang/105122004580.html
百万大盘万达益田城市综合体精装三房价格可谈,"翡翠山城君御 , 万达",3室2厅,104.61平米,南,精装,34层 ,,板塔结合,87 万,8317 元,0,,,VR看装修 | 房本满五年 | 随时看房,https://hui.lianjia.com/ershoufang/105116448118.html
富盈公馆，精装修2房，业主保养的很好,"富盈公馆一期 , 马安",2室1厅,66.56平米,南,精装,20层 ,,板楼,54.8 万,8234 元,0,,,VR看装修 | 房本满五年,https://hui.lianjia.com/ershoufang/105121709352.html
天啊 没有看过这么好的房子   快来呀,"东湖花园九区 , 东平",3室1厅,133平米,西,精装,中楼层(共35层) ,,板塔结合,156 万,11730 元,0,,,VR房源 | 随时看房,https://hui.lianjia.com/ershoufang/105119319312.html
碧桂园盛汇3房   生活配套 交通便利 装修好,"碧桂园盛汇 , 龙丰",3室2厅,96.06平米,东南,精装,高楼层(共33层) ,,塔楼,73.8 万,7683 元,0,,,VR看装修 | 房本满五年 | 随时看房,https://hui.lianjia.com/ershoufang/105118226515.html
西江花园安静不吵东南向3房业主,"隆生西江花园 , 东江新城",3室2厅,119.33平米,东南,毛坯,低楼层(共32层) ,,塔楼,126 万,10559 元,0,,,VR看装修 | 房本满两年 | 随时看房,https://hui.lianjia.com/ershoufang/105122092225.html
华侨城 喜洲 双阳台 大社区 中芯  江景房,"喜洲一期 , 惠东县城",4室2厅,136平米,西南,毛坯,17层 ,,板塔结合,95 万,6986 元,0,,,VR看装修 | 房本满两年 | 随时看房,https://hui.lianjia.com/ershoufang/105120161893.html
环境优美，配套齐全，适合居住    百万别墅大盘,"半岛1号五期 , 白云新城",3室2厅,106.91平米,南,毛坯,24层 ,,板塔结合,75 万,7016 元,0,,,VR看装修 | 房本满五年 | 随时看房,https://hui.lianjia.com/ershoufang/105120204579.html
房子满五年，产权清晰，业主外地发展打算出售,"冠华城桂香园 , 西区新寮",4室2厅,101.4平米,南 北,毛坯,20层 ,,板塔结合,69 万,6805 元,1,,,VR房源 | 随时看房,https://hui.lianjia.com/ershoufang/105120461189.html
环境好    安静舒适   配套完善,"宝安山水龙城 , 水口",3室2厅,104平米,南,,高楼层(共27层) ,,塔楼,80 万,7693 元,0,,,VR看装修 | 随时看房,https://hui.lianjia.com/ershoufang/105114254389.html
海惠花园二区中间楼层看花园，交通便利，配套齐全,"海惠花园二区 , 吾悦广场",3室2厅,109.64平米,南,精装,18层 ,,塔楼,61 万,5564 元,2,,,VR看装修 | 房本满五年 | 随时看房,https://hui.lianjia.com/ershoufang/105121141102.html
业主急售 朝南大阳台视野好 家私家电齐全精装修,"中兴佳苑 , 大亚湾中心区",1室1厅,51.4平米,南,简装,26层 ,,塔楼,23 万,4475 元,0,,21天以前发布,VR看装修 | 房本满五年 | 随时看房,https://hui.lianjia.com/ershoufang/105122344707.html
万丽苑精装3房采光好使用率高.,"万丽苑 , 水口",3室2厅,99.31平米,南,精装,中楼层(共21层) ,,板塔结合,70 万,7049 元,0,,29天以前发布,VR看装修 | 房本满两年,https://hui.lianjia.com/ershoufang/105122276281.html
万达吾悦益田商场为邻  南 北 通 透  视野好,"金汇上元 , 万达",4室2厅,111.3平米,南 北,毛坯,26层 ,,塔楼,62 万,5571 元,2,,,VR房源 | 随时看房,https://hui.lianjia.com/ershoufang/105116895935.html
高楼层，视野开阔采光好，诚心出售.,"汇显城市公园 , 汝湖",3室2厅,85.49平米,南,毛坯,27层 ,,板楼,55 万,6434 元,0,,,VR看装修 | 房本满两年 | 随时看房,https://hui.lianjia.com/ershoufang/105122095304.html
新力城的房子户型好，光线好，住家很舒服。,"新力城三期 , 水口",3室2厅,89.77平米,东南 南,,中楼层(共32层) ,,板楼,60 万,6684 元,1,,,VR看装修 | 随时看房,https://hui.lianjia.com/ershoufang/105119084073.html
精装修，三房两卫，中间楼层，户型方正，保养好,"金宝创业家园 , 惠环",3室2厅,106.95平米,北,精装,中楼层(共8层) ,,板楼,36.8 万,3441 元,1,,22天以前发布,VR看装修 | 房本满五年 | 随时看房,https://hui.lianjia.com/ershoufang/105122335193.html
金悦华府安静不吵3房2卫全新装修，户型方正诚意出售,"金悦华府 , 东江新城",3室1厅,93平米,南,精装,低楼层(共32层) ,,塔楼,110 万,11828 元,1,,,VR看装修 | 房本满两年 | 随时看房,https://hui.lianjia.com/ershoufang/105121577546.html
隆生东湖四区 一楼院子慢节奏生活 惬意休闲 户型方正,"东湖花园四号小区 , 东平",3室2厅,111平米,北,,7层 ,,板塔结合,96 万,8649 元,0,,17天以前发布,VR房源,https://hui.lianjia.com/ershoufang/105122379207.html
楼顶复式带平台　装修很新　视野好　小区配套齐全,"德丰凯旋城北区 , 大亚湾中心区",6室2厅,114平米,南 西南,,16层 ,,板塔结合,83 万,7281 元,1,,,VR房源 | 房本满五年 | 随时看房,https://hui.lianjia.com/ershoufang/105122178997.html
泰宇城市中央小区环境优美户型方正,"泰宇城市中央 , 江北",3室1厅,83平米,南,精装,中楼层(共30层) ,,塔楼,72 万,8675 元,0,,,VR看装修 | 随时看房,https://hui.lianjia.com/ershoufang/105121283899.html
临深品质小区 新装修 未住人 南北通透大四房 东边户,"锦地繁花骏园 , 西区新寮",4室1厅,128.5平米,南 北 东,精装,30层 ,,板塔结合,96 万,7471 元,1,,,VR房源 | 随时看房,https://hui.lianjia.com/ershoufang/105115642930.html
小高层，朝向好，临深，户型好，业主诚心卖,"观山悦一期 , 万达",2室2厅,79.89平米,南,毛坯,9层 ,,板塔结合,22 万,2754 元,9,,,VR看装修 | 房本满五年 | 随时看房,https://hui.lianjia.com/ershoufang/105119845071.html
临万达，朝南户型方正，采光视野好。,"畔山名居 , 比亚迪商圈",3室2厅,82.35平米,南,精装,33层 ,,塔楼,45 万,5465 元,0,,,VR看装修 | 房本满五年 | 随时看房,https://hui.lianjia.com/ershoufang/105120667884.html
梵高的海优质三房，业主全新装修未入住，拎包即可入住,"小径海岸城花园 , 霞涌",3室2厅,97.79平米,南,精装,33层 ,,板塔结合,56 万,5727 元,0,,,VR看装修 | 房本满五年 | 随时看房,https://hui.lianjia.com/ershoufang/105119837252.html
碧桂园润杨溪谷洋房花园3房2厅,"群峰花园 , 南站新城",3室2厅,114平米,南,,中楼层(共33层) ,,塔楼,62 万,5439 元,3,,,VR看装修 | 随时看房,https://hui.lianjia.com/ershoufang/105116857318.html
奥园尚雅花园二期，业主急售，3房2卫,"奥园尚雅花园二期 , 潼侨沥林",3室2厅,103.59平米,东南,,高楼层(共27层) ,,,49 万,4731 元,0,,,VR看装修 | 房本满两年 | 随时看房,https://hui.lianjia.com/ershoufang/105116934279.html
全款房 没个税 帝庭国际三房二厅二卫  总价底,"帝庭国际 , 博罗石湾",3室2厅,94.07平米,南,精装,高楼层(共29层) ,,板塔结合,69 万,7335 元,0,,,VR看装修 | 房本满五年 | 随时看房,https://hui.lianjia.com/ershoufang/105121681845.html
香榭园 精装3房 满五唯一 格局方正 采光通风好,"香榭园 , 河南岸",3室2厅,88.59平米,东北,,高楼层(共28层) ,,板塔结合,72 万,8128 元,1,,,VR看装修 | 房本满五年,https://hui.lianjia.com/ershoufang/105115580440.html
美庐小区  体育馆旁   三房2卫  中间楼层,"美庐（二期） , 陈江",3室2厅,95.49平米,南,毛坯,30层 ,,板塔结合,66 万,6912 元,0,,,VR看装修 | 房本满两年 | 随时看房,https://hui.lianjia.com/ershoufang/105121815967.html
碧桂园翡翠山，精装修，看花园，视野好,"翡翠山城君御 , 万达",2室2厅,82.07平米,东,精装,34层 ,,,66 万,8042 元,4,,,VR看装修 | 房本满两年 | 随时看房,https://hui.lianjia.com/ershoufang/105113141559.html
好房源，好房源，适合一大家人居住,"荣盛花语馨苑 , 大亚湾中心区",3室2厅,80.03平米,南,简装,低楼层(共32层) ,,板楼,40 万,4999 元,1,,,VR看装修 | 房本满五年 | 随时看房,https://hui.lianjia.com/ershoufang/105121147725.html
业主诚心出售 无抵押 随时过户 产权清晰,"金润东方公寓 , 澳头",2室1厅,66.03平米,南,,28层 ,,板塔结合,17 万,2575 元,6,,,VR看装修 | 房本满五年 | 随时看房,https://hui.lianjia.com/ershoufang/105117781050.html
业主诚心出售，中间楼层，采光通风好，交通方便,"山语龙庭 , 新行政区",4室2厅,97.85平米,南,精装,27层 ,,板塔结合,94 万,9607 元,0,,,VR看装修 | 随时看房,https://hui.lianjia.com/ershoufang/105121833789.html
惠州南站2公里，业主诚心出售 三房,"文锦华府 , 吾悦广场",3室2厅,86.82平米,西,精装,26层 ,,塔楼,63 万,7257 元,0,,,VR看装修 | 房本满两年 | 随时看房,https://hui.lianjia.com/ershoufang/105120970636.html
次新大社区，大阳台，大房间，3房,"壹方水榭 , 白云新城",3室2厅,75.66平米,东南,精装,高楼层(共29层) ,,板塔结合,55 万,7270 元,0,,7天以前发布,VR房源 | 房本满五年 | 随时看房,https://hui.lianjia.com/ershoufang/105122493177.html
锦绣学府 2室2厅 南,"锦绣学府 , 澳头",2室2厅,57.06平米,南,简装,30层 ,,塔楼,28.5 万,4995 元,3,,,VR看装修 | 房本满五年 | 随时看房,https://hui.lianjia.com/ershoufang/105119235527.html
便宜两房、总价低值得参考、诚心出售,"阳光地带 , 开城大润发",2室2厅,59.64平米,南,,17层 ,,板塔结合,30 万,5031 元,0,,,VR房源 | 房本满五年 | 随时看房,https://hui.lianjia.com/ershoufang/105122215836.html
精装修，保养好，诚心出售，楼层好，视野好,"星河丹堤F区 , 南站新城",3室2厅,107.63平米,东 南 北,精装,30层 ,,板塔结合,110 万,10221 元,1,,,VR看装修 | 房本满五年 | 随时看房,https://hui.lianjia.com/ershoufang/105119690472.html
近深圳地铁沙田站 采光好 通勤深圳方便 户型方正,"金莎花园 , 白云新城",3室2厅,115.78平米,南,毛坯,18层 ,,板塔结合,50 万,4319 元,1,,,VR看装修 | 房本满五年 | 随时看房,https://hui.lianjia.com/ershoufang/105120663751.html
哇啊，翡翠山大3房大社区，益田 万达大商圈,"翡翠山城君御 , 万达",3室2厅,113.57平米,南,精装,33层 ,,板塔结合,97 万,8541 元,2,,,VR房源 | 房本满两年 | 随时看房,https://hui.lianjia.com/ershoufang/105119846523.html
小高层2居室，近天虹商场，红本在手 税费少,"中铭豪园 , 区政府",2室2厅,75.9平米,东南,简装,12层 ,,板塔结合,43 万,5666 元,1,,,VR看装修 | 房本满五年 | 随时看房,https://hui.lianjia.com/ershoufang/105121312766.html
三和经济开发区，南北通四房，全屋定制,"龙光玖龙山 , 三和经济开发区",4室2厅,112.12平米,南 北,,32层 ,,板塔结合,70 万,6244 元,0,,29天以前发布,VR看装修 | 随时看房,https://hui.lianjia.com/ershoufang/105122272017.html
精装大两房，户型方正户，采光充足，视野宽阔,"康城四季棕榈园 , 惠环",2室2厅,77.49平米,北,精装,9层 ,,塔楼,42 万,5421 元,2,,,VR看装修 | 房本满五年,https://hui.lianjia.com/ershoufang/105121893105.html
澳头海日大厦，   户型方正，毛坯房，好装修,"海日大厦 , 澳头",2室2厅,93.9平米,南,毛坯,25层 ,,板塔结合,22 万,2343 元,1,,,VR看装修 | 房本满五年 | 随时看房,https://hui.lianjia.com/ershoufang/105120546458.html
国家一级物业管理、中间好楼层、业主诚意急售,"龙光·玖榕府 , 惠环",3室2厅,89.15平米,南,精装,低楼层(共17层) ,,,52 万,5833 元,1,,,VR看装修 | 房本满五年 | 随时看房,https://hui.lianjia.com/ershoufang/105119874911.html
汇乐城旁，南贸花园三期，次新小区精装三房，拎包入住,"南贸花园三期 , 水口",3室2厅,88.08平米,东南,精装,高楼层(共22层) ,,塔楼,88 万,9991 元,0,,,VR看装修 | 房本满两年,https://hui.lianjia.com/ershoufang/105120585017.html
恒大高品质小区，朝南阳光充足，在3栋安静视野开阔！,"恒大紫荆学府棕榈岛 , 白云新城",3室2厅,111.22平米,南,精装,高楼层(共32层) ,,板塔结合,75 万,6744 元,0,,,VR看装修 | 房本满两年 | 随时看房,https://hui.lianjia.com/ershoufang/105119429563.html
一城悦府四房两厅两卫看花园视野采光好,"一城悦府 , 水口",4室2厅,112平米,南,毛坯,27层 ,,塔楼,70 万,6250 元,0,,,VR看装修 | 随时看房,https://hui.lianjia.com/ershoufang/105120412661.html
新力城精装三房 朝南看江 户型方正,"新力城二期 , 水口",3室2厅,89.68平米,南,精装,中楼层(共32层) ,,板塔结合,69 万,7695 元,0,,,VR看装修 | 随时看房,https://hui.lianjia.com/ershoufang/105119566161.html
此栋楼地理位置好，朝正南无遮挡户型好 业主诚心出售,"建曙高尔夫1号 , 区政府",4室2厅,110.03平米,西南,精装,30层 ,,塔楼,95 万,8635 元,0,,,VR看装修 | 房本满五年 | 随时看房,https://hui.lianjia.com/ershoufang/105119695556.html
惠阳高铁站，中信新城，89平4房。,"中信新城 , 南站新城",4室2厅,89.14平米,东南,精装,34层 ,,板塔结合,56 万,6283 元,0,,,VR看装修 | 房本满五年,https://hui.lianjia.com/ershoufang/105120702187.html
长通熙园 没个税 随时可以看房 不朝高铁 配套成熟,"长通熙园 , 开城大润发",4室1厅,128.8平米,南,精装,33层 ,,塔楼,105 万,8153 元,1,,,VR看装修 | 房本满两年 | 随时看房,https://hui.lianjia.com/ershoufang/105115051301.html
急卖 万达商圈 精装2房 南向 配套完善,"水墨林溪雅苑 , 吾悦广场",2室1厅,76.87平米,南 北,精装,17层 ,,塔楼,40 万,5204 元,0,,,VR看装修 | 房本满两年 | 随时看房,https://hui.lianjia.com/ershoufang/105119567278.html
天翔华利交通便利距离校园近小孩方便,"天翔华利苑 , 陈江",2室2厅,89.15平米,南,毛坯,低楼层(共27层) ,,塔楼,38.5 万,4319 元,0,,,VR看装修 | 房本满五年 | 随时看房,https://hui.lianjia.com/ershoufang/105119139493.html
佳兆业君汇上品四房中间楼层视野开阔,"佳兆业君汇上品 , 陈江",4室2厅,121.7平米,南,毛坯,34层 ,,板楼,65 万,5342 元,0,,,VR看装修 | 房本满两年 | 随时看房,https://hui.lianjia.com/ershoufang/105118386967.html
数码园南区 中交香颂 三房急售 40.88万,"中交香颂花园 , 三栋镇",3室2厅,87.89平米,南,毛坯,低楼层(共18层) ,,板塔结合,40.8 万,4643 元,0,,,VR看装修 | 房本满五年 | 随时看房,https://hui.lianjia.com/ershoufang/105122143595.html
壹城六区南北通4房，高层视野好，看房方便,"壹城中心6区 , 陈江",4室2厅,115.78平米,南 北,毛坯,高楼层(共32层) ,,板塔结合,83.8 万,7238 元,0,,,VR看装修 | 房本满两年 | 随时看房,https://hui.lianjia.com/ershoufang/105116700716.html
此房视野好，户型方正，使用率高，百万大城,"龙光城南一期 , 龙光城",4室2厅,146平米,东南,毛坯,28层 ,,板塔结合,108 万,7398 元,2,,,VR看装修 | 随时看房,https://hui.lianjia.com/ershoufang/105120843671.html
江北次新小区御豪庭精装复式3房诚意出售简约风装修新,"御豪庭 , 江北",3室2厅,150.05平米,南 北,精装,高楼层(共7层) ,,,170 万,11330 元,1,,,VR房源,https://hui.lianjia.com/ershoufang/105121242973.html
业主诚心卖，原价过高，只有契税,"大中华幸福城 , 西区新寮",4室2厅,147平米,南 北,,32层 ,,板楼,112 万,7620 元,0,,31天以前发布,VR看装修 | 房本满两年 | 随时看房,https://hui.lianjia.com/ershoufang/105122255585.html
长湖苑一期   满五年 证件齐全 卖房诚意满满,"新世界长湖苑一期 , 东平",3室2厅,100.31平米,东北,,中楼层(共9层) ,,板塔结合,56 万,5583 元,1,,,VR看装修 | 房本满五年,https://hui.lianjia.com/ershoufang/105121535682.html
区政府旁，拎包入住，好出租，交通便利,"隆基天地广场 , 区政府",1室1厅,40.6平米,南,简装,25层 ,,板塔结合,19.5 万,4803 元,2,,,VR看装修 | 房本满五年 | 随时看房,https://hui.lianjia.com/ershoufang/105121203182.html
翡翠山朝南三房，朝南看园林泳池，很哇塞的，,"翡翠山城君御 , 万达",2室1厅,82.26平米,西南,精装,26层 ,,板塔结合,63 万,7659 元,14,,,VR房源 | 随时看房,https://hui.lianjia.com/ershoufang/105120606212.html
楼层好视野好，采光好 业主诚心出售,"荣盛花语馨苑 , 大亚湾中心区",3室2厅,80.06平米,南,精装,低楼层(共31层) ,,塔楼,37 万,4622 元,3,,,VR看装修 | 房本满五年 | 随时看房,https://hui.lianjia.com/ershoufang/105120804561.html
小区优质好房，中间楼层朝南看花园，税费低看房方便,"德丰凯旋城北区 , 大亚湾中心区",3室2厅,78.91平米,南,毛坯,26层 ,,板塔结合,36 万,4563 元,0,,,VR房源 | 房本满五年 | 随时看房,https://hui.lianjia.com/ershoufang/105122214186.html
离南站近，装修拎包入住，中间楼层,"城市丽景 , 开城大润发",4室2厅,123.44平米,南,简装,21层 ,,板塔结合,68 万,5509 元,19,,,VR看装修 | 随时看房,https://hui.lianjia.com/ershoufang/105109027815.html
毛坯房，业主诚心出售，原值高无个税,"海伦堡中侨公馆 , 草洋新区",3室2厅,109.57平米,北,毛坯,高楼层(共25层) ,,塔楼,66 万,6024 元,1,,,VR看装修 | 房本满五年 | 随时看房,https://hui.lianjia.com/ershoufang/105114380006.html
国鹏满五唯一三房，阳台朝花园 采光通风好，配套齐,"国鹏润德学府 , 惠环",3室2厅,86.02平米,南,毛坯,低楼层(共29层) ,,板塔结合,46.8 万,5441 元,0,,,VR看装修 | 房本满五年 | 随时看房,https://hui.lianjia.com/ershoufang/105115509680.html
精装复式两房，生活休息区域分离，私密性高,"泰豪广场 , 麦地",2室2厅,41.9平米,北,精装,高楼层(共20层) ,,塔楼,43 万,10263 元,0,,,VR房源 | 随时看房,https://hui.lianjia.com/ershoufang/105117020434.html
隆腾盛世129舒适五房南北通业主急售,"隆腾盛世 , 新圩",5室2厅,129.55平米,南 北,毛坯,31层 ,,板塔结合,124 万,9572 元,0,,,VR看装修 | 房本满两年 | 随时看房,https://hui.lianjia.com/ershoufang/105121838854.html
大两房，户型方正，通风采光好，业主着急出售,"华茂大厦 , 开城大润发",2室2厅,99.94平米,南,简装,23层 ,,塔楼,38 万,3803 元,0,,,VR房源 | 房本满五年 | 随时看房,https://hui.lianjia.com/ershoufang/105120413821.html
业主诚心出售、没有个税、小区环境优美,"荣盛御湖观邸 , 比亚迪商圈",3室2厅,95平米,南,精装,30层 ,,板塔结合,47 万,4948 元,1,,,VR房源 | 随时看房,https://hui.lianjia.com/ershoufang/105121652498.html
拿上衣服带上手机就可以入住了   大客厅三卧室,"东江学府七期 , 河南岸",3室2厅,76平米,南,精装,19层 ,,,67 万,8816 元,0,,,VR房源 | 随时看房,https://hui.lianjia.com/ershoufang/105120566107.html
红本在手，业主诚心出售，价格可议价,"金輝新苑 , 龙丰",3室2厅,97平米,南,,中楼层(共8层) ,,板塔结合,57 万,5877 元,0,,,VR看装修,https://hui.lianjia.com/ershoufang/105118060670.html
（平台推荐）临深片区南北通三房，交通方便,"荣佳国韵二期 , 龙光城",3室2厅,107.64平米,东南 南,精装,26层 ,,板塔结合,80 万,7433 元,1,,19天以前发布,VR房源 | 房本满两年 | 随时看房,https://hui.lianjia.com/ershoufang/105122355693.html
采光充足，通风良好交通便利，购物方便，,"光耀荷兰小城 , 陈江",4室2厅,101.88平米,南,毛坯,31层 ,,板塔结合,53 万,5203 元,0,,,VR看装修 | 随时看房,https://hui.lianjia.com/ershoufang/105121571008.html
景观单位，看花园，业主诚意出售，楼层好户型方正！,"卓越蔚蓝海岸七期 , 西区新寮",3室2厅,97.64平米,南,精装,18层 ,,板塔结合,80 万,8194 元,0,,,VR看装修 | 房本满两年,https://hui.lianjia.com/ershoufang/105115906003.html
