标题,地址,户型,面积,朝向,装修情况,层数,建造时间,楼型,总价,每平米单价,关注人数,带看次数,发布时间,标签,详情链接
新天美地，精装三房，正望泳池，附带花园，少有放盘,"新天美地花园 , 常平镇",3室2厅,107.48平米,北,精装,中楼层(共21层) ,,板塔结合,90 万,8374 元,0,,,VR看装修 | 房本满五年,https://dg.lianjia.com/ershoufang/105116346968.html
皇马大四房，带入户花园，南向看小区园林，业主诚售,"万科皇马郦宫 , 火炼树",4室2厅,189.69平米,南,毛坯,中楼层(共26层) ,,塔楼,488 万,25727 元,6,,,VR房源 | 随时看房,https://dg.lianjia.com/ershoufang/105116326902.html
业主诚心出售 小区配套完善，林园绿化好,"大运城邦悦城 , 凤岗镇",4室2厅,124.21平米,南,精装,21层 ,,板塔结合,260 万,20933 元,0,,,VR看装修 | 房本满五年 | 随时看房,https://dg.lianjia.com/ershoufang/105120846525.html
看中价格可以谈 横沥碧桂园中高层的电梯3房 出售,"横沥碧桂园 , 横沥镇",3室2厅,91.75平米,东南,简装,19层 ,,板塔结合,110 万,11990 元,3,,,VR房源 | 房本满五年 | 随时看房,https://dg.lianjia.com/ershoufang/105120252501.html
此房业主诚心出售，价格好聊，上车易，一步到位,"周屋围街 , 运河东",3室1厅,82平米,南,精装,8层 ,,,35.8 万,4366 元,6,,,VR看装修 | 房本满五年 | 随时看房,https://dg.lianjia.com/ershoufang/105118810007.html
家汇生活广场 1室1厅 南,"家汇生活广场 , 客运总站",1室1厅,47.01平米,南,精装,30层 ,,板塔结合,26 万,5531 元,0,,7天以前发布,房本满两年 | 随时看房,https://dg.lianjia.com/ershoufang/105122490306.html
家和时代次新楼 星河城万达商圈 中高楼层98.8平精装修,"家和时代 , 寮步",3室2厅,98.81平米,东南,,中楼层(共28层) ,,板塔结合,189 万,19128 元,0,,,VR看装修 | 房本满五年 | 随时看房,https://dg.lianjia.com/ershoufang/105120853503.html
塘厦御城花园 高层毛坯 三房 诚售,"御城花园 , 塘厦镇",3室2厅,96.78平米,南,毛坯,31层 ,,板塔结合,137 万,14156 元,1,,,VR看装修 | 房本满五年 | 随时看房,https://dg.lianjia.com/ershoufang/105118810720.html
房子在花园街广场旁边，地理优越，楼下就可以购物,"花园中心 , 塘厦镇",2室2厅,79平米,东 北,简装,高楼层(共23层) ,,塔楼,58 万,7342 元,0,,23天以前发布,VR房源 | 随时看房,https://dg.lianjia.com/ershoufang/105122330857.html
业主低价出售电梯高层方正三房满五唯一带大平台100平,"丽景花园 , 常平镇",3室2厅,91.5平米,西北,精装,高楼层(共12层) ,,塔楼,60 万,6558 元,3,,,VR房源 | 房本满五年,https://dg.lianjia.com/ershoufang/105121209930.html
虎门印象 2室2厅 东南,"虎门印象 , 万达",2室2厅,77.27平米,东南,精装,中楼层(共31层) ,,塔楼,106.8 万,13822 元,0,,,VR房源 | 房本满五年 | 随时看房,https://dg.lianjia.com/ershoufang/105120290914.html
地铁口物业 新丰大厦 业主诚心出售,"新丰大厦 , 太平广场",3室2厅,100.89平米,南,精装,9层 ,,塔楼,62 万,6146 元,0,,,VR房源 | 房本满五年,https://dg.lianjia.com/ershoufang/105121906222.html
黄河时装城旁边大小区 配套齐 交通便利,"永业楼 , 黄河中心",3室2厅,92.61平米,南 北,简装,中楼层(共8层) ,,板塔结合,48.8 万,5270 元,1,,,VR房源 | 房本满五年 | 随时看房,https://dg.lianjia.com/ershoufang/105118255177.html
锦绣花园167房四房两两卫金装,"锦绣城市花园 , 塘厦镇",4室2厅,167.68平米,南,简装,11层 ,,板塔结合,260 万,15506 元,1,,,VR看装修 | 房本满五年,https://dg.lianjia.com/ershoufang/105118429958.html
三正半山豪苑棕榈园 118平三房两厅两卫 高楼层出售,"三正半山豪苑棕榈园 , 塘厦镇",3室2厅,118.67平米,北,简装,高楼层(共10层) ,,塔楼,156 万,13146 元,0,,,VR看装修,https://dg.lianjia.com/ershoufang/105122166718.html
临深， 满五唯一，地铁口800米，精装修,"大运城邦曦城 , 凤岗镇",3室2厅,92.22平米,北,,30层 ,,塔楼,155 万,16808 元,7,,,VR看装修 | 房本满五年,https://dg.lianjia.com/ershoufang/105120955239.html
天虹地铁口精装2房，满五唯一，高楼层 看房方便,"地标大厦 , 地标",2室1厅,87.61平米,南,精装,高楼层(共25层) ,,塔楼,116 万,13241 元,1,,,VR看装修 | 房本满五年 | 随时看房,https://dg.lianjia.com/ershoufang/105114956169.html
长安城市花园精装3房，业主急售！,"长安城市花园 , 增田",3室2厅,123.93平米,南,简装,中楼层(共16层) ,,,170 万,13718 元,2,,,VR看装修 | 房本满五年,https://dg.lianjia.com/ershoufang/105111132071.html
新世纪星城 3房 高层南向 通风采光好,"新世纪星城(一二)期 , 温塘",3室2厅,102.01平米,南,,高楼层(共17层) ,,板塔结合,186 万,18234 元,0,,,VR房源 | 随时看房,https://dg.lianjia.com/ershoufang/105121828330.html
碧琴湾花园地铁口旁边中高楼层视野采光好,"钜隆碧琴湾 , 道滘镇",4室2厅,112.02平米,南,毛坯,20层 ,,板楼,145 万,12945 元,0,,18天以前发布,VR房源 | 房本满五年 | 随时看房,https://dg.lianjia.com/ershoufang/105122374853.html
御城花园 次新房 横厅大3房 业主计划1个月内售卖,"御城花园 , 塘厦镇",3室2厅,107平米,南,毛坯,31层 ,,板塔结合,149 万,13926 元,0,,15天以前发布,VR房源 | 随时看房,https://dg.lianjia.com/ershoufang/105122406540.html
R1线地铁口 南北对流四房二厅 业主自住诚意出售,"理想0769 , 客运总站",4室2厅,142平米,南,精装,中楼层(共11层) ,,板楼,258 万,18170 元,1,,,VR看装修 | 房本满五年,https://dg.lianjia.com/ershoufang/105114047473.html
融创清溪壹号 精装一房一厅 急售,"融创清溪壹号 , 清溪镇",1室1厅,41平米,东南 东 南,精装,高楼层(共20层) ,,板塔结合,31 万,7561 元,1,,,房本满五年,https://dg.lianjia.com/ershoufang/105119842117.html
4楼带花园，带租约出售，业主诚心卖,"东泰花园风云汇 , 东泰",1室0厅,46.13平米,东北,精装,低楼层(共13层) ,,板塔结合,65 万,14091 元,1,,,VR房源 | 房本满五年,https://dg.lianjia.com/ershoufang/105120384779.html
塘盛大厦 3房2卫 满五年 红本在手 配套成熟 出行便利,"塘盛大厦 , 塘厦镇",3室2厅,112.54平米,北,简装,6层 ,,塔楼,75 万,6665 元,1,,,VR看装修 | 房本满五年,https://dg.lianjia.com/ershoufang/105121486221.html
祥利花园 3室2厅 南,"祥利花园 , 凤岗镇",3室2厅,88.38平米,南,精装,25层 ,,板塔结合,129 万,14597 元,0,,,VR房源 | 房本满五年 | 随时看房,https://dg.lianjia.com/ershoufang/105119687769.html
此房全南朝向，全新精装2房，中楼层 安静,"景泰花园 , 凤岗镇",3室1厅,97.05平米,东南,精装,11层 ,,板塔结合,105 万,10820 元,0,,,VR看装修 | 房本满五年,https://dg.lianjia.com/ershoufang/105119722882.html
霞晖花园高层电梯二房仅售37万 业主诚心出售,"霞晖花园 , 常平镇",2室2厅,77.88平米,南,简装,11层 ,,板塔结合,37 万,4751 元,0,,,VR房源 | 房本满两年,https://dg.lianjia.com/ershoufang/105112699308.html
万达广场  三房  300万  高层  随时可看,"万达公馆 , 宵边",3室2厅,91.11平米,北,精装,29层 ,,板塔结合,170 万,18659 元,0,,,VR看装修 | 房本满五年 | 随时看房,https://dg.lianjia.com/ershoufang/105114320362.html
毛坯可自由装修 中间楼层南北对流 户型好业主诚心卖,"圣河西E号 , 白马",3室2厅,89.64平米,南 北,毛坯,中楼层(共22层) ,,塔楼,185 万,20639 元,1,,,VR看装修 | 房本满五年 | 随时看房,https://dg.lianjia.com/ershoufang/105120695259.html
山景房，南。北对流，带精装，高楼层视野开阔,"名流印象花园二期 , 凤岗镇",3室2厅,88平米,东南,精装,33层 ,,板塔结合,140 万,15910 元,1,,,VR看装修 | 随时看房,https://dg.lianjia.com/ershoufang/105118580627.html
欧景城 精装三房 南北对流 满5唯一 拎包可入住,"深业欧景城 , 宏远北",3室1厅,95.9平米,南,精装,高楼层(共14层) ,,板塔结合,142 万,14808 元,0,,,VR房源 | 房本满五年 | 随时看房,https://dg.lianjia.com/ershoufang/105120430907.html
虎门天虹楼上朝南三房两卫出售小区大环境好商配集中,"地标广场 , 地标",3室2厅,106.84平米,南,精装,28层 ,,板塔结合,225 万,21060 元,0,,,VR看装修 | 房本满五年,https://dg.lianjia.com/ershoufang/105121692204.html
卓越弥敦道御府 2室1厅 北,"卓越弥敦道御府 , 石碣镇",2室1厅,29.46平米,北,精装,低楼层(共21层) ,,塔楼,21 万,7129 元,0,,,随时看房,https://dg.lianjia.com/ershoufang/105116413353.html
此房位于花园中间位，高层朝南 满五唯一 通风采光良好,"光大景湖春晓 , 西平",3室2厅,102.6平米,南,精装,18层 ,,板楼,215 万,20956 元,3,,,VR看装修 | 房本满五年,https://dg.lianjia.com/ershoufang/105112305061.html
此房是满五唯一，房子是精装房，，户型方正，视野开阔,"金地城南艺境 , 道滘镇",3室2厅,97.02平米,南,精装,33层 ,,塔楼,118 万,12163 元,6,,,VR看装修 | 房本满五年 | 随时看房,https://dg.lianjia.com/ershoufang/105118622062.html
随时看房满五唯一；拎包入住很新；业主诚意出售,"万科金色悦府 , 宵边",3室2厅,97.61平米,南,精装,25层 ,,板塔结合,246 万,25203 元,0,,,VR看装修 | 房本满五年,https://dg.lianjia.com/ershoufang/105120883823.html
一手业主满5年唯一看房有钥匙，，,"香堤绿茵温莎堡 , 樟木头镇",4室2厅,137.43平米,南,毛坯,低楼层(共18层) ,,板塔结合,129 万,9387 元,0,,,VR房源 | 房本满五年 | 随时看房,https://dg.lianjia.com/ershoufang/105113577948.html
国际公馆91平精致小三房拎包入住,"石排世纪城国际公馆 , 石排镇",3室2厅,91.35平米,北,精装,中楼层(共15层) ,,塔楼,100 万,10947 元,0,,,VR看装修 | 房本满五年 | 随时看房,https://dg.lianjia.com/ershoufang/105118346798.html
时代荟江景三房  家私电器齐全 拎包入住,"时代荟 , 茶山镇",3室2厅,101.79平米,南,精装,低楼层(共32层) ,,塔楼,138 万,13558 元,0,,15天以前发布,VR房源 | 房本满两年 | 随时看房,https://dg.lianjia.com/ershoufang/105122401675.html
大社区 商圈配套成熟 中高楼层3房 户型方正,"佳兆业中央豪门御府 , 石龙镇",3室1厅,88.17平米,东南,简装,高楼层(共32层) ,,板塔结合,98 万,11115 元,0,,,VR看装修 | 房本满五年 | 随时看房,https://dg.lianjia.com/ershoufang/105119141953.html
东莞大岭山新世纪领居，优质房源，不容错过,"新世纪领居B区 , 大岭山镇",5室2厅,193.75平米,东南,,低楼层(共18层) ,,板塔结合,288 万,14865 元,0,,,VR房源 | 房本满五年,https://dg.lianjia.com/ershoufang/105122146357.html
高楼层朝南 装修保养好 业主诚意出售,"中央财津 , 三元里",2室1厅,63.41平米,南,精装,26层 ,,板塔结合,76 万,11986 元,0,,,VR看装修 | 房本满五年 | 随时看房,https://dg.lianjia.com/ershoufang/105121474774.html
翡翠山湖大社区大花园大三房二厅诚心出售128万,"翡翠山湖 , 凤岗镇",3室2厅,120.82平米,东,简装,11层 ,,塔楼,120 万,9933 元,2,,,VR看装修 | 房本满五年 | 随时看房,https://dg.lianjia.com/ershoufang/105121145941.html
虎门印象毛坯大三房 中间楼层  南北朝向 看房随时方便,"虎门印象 , 万达",3室2厅,114.77平米,南 北,,中楼层(共30层) ,,板塔结合,176 万,15336 元,0,,,VR看装修 | 房本满五年 | 随时看房,https://dg.lianjia.com/ershoufang/105119770034.html
翡翠东望新出高层东南向四房 保养好 方便看房,"万科首铸翡翠东望 , 鸿福路口",3室2厅,93.03平米,东南,精装,高楼层(共31层) ,,塔楼,249 万,26766 元,0,,,VR房源 | 房本满两年 | 随时看房,https://dg.lianjia.com/ershoufang/105121696125.html
华润公元九里高品质小区，业主诚心出售,"华润公元九里 , 企石镇",3室2厅,96.35平米,南,简装,中楼层(共29层) ,,塔楼,130 万,13493 元,1,,,VR看装修 | 房本满两年 | 随时看房,https://dg.lianjia.com/ershoufang/105118316806.html
亨达百货楼上，三正世纪新城 3房2厅 诚意出售,"三正世纪新城 , 塘厦镇",3室2厅,111.74平米,南,简装,7层 ,,板塔结合,74.5 万,6668 元,2,,,VR看装修 | 房本满五年 | 随时看房,https://dg.lianjia.com/ershoufang/105107727862.html
诚心急售 高楼层视野开阔 采光通透 随时看房不拖沓,"鸿荣源熙园山院 , 凤岗镇",3室2厅,93.62平米,南,毛坯,25层 ,,板塔结合,153 万,16343 元,1,,,VR看装修 | 随时看房,https://dg.lianjia.com/ershoufang/105122214809.html
单边位 大两房 南北对流  宜居家,"佳兆业中央豪门 , 石龙镇",2室2厅,88.3平米,东 南,精装,中楼层(共31层) ,,板塔结合,92 万,10420 元,0,,,VR看装修 | 房本满两年 | 随时看房,https://dg.lianjia.com/ershoufang/105122039628.html
碧桂园 朝南 自住4房 满五 唯一,"沙田碧桂园滨江豪园 , 沙田镇",4室2厅,114平米,南,精装,29层 ,,塔楼,158 万,13860 元,0,,,VR看装修 | 房本满五年,https://dg.lianjia.com/ershoufang/105121606426.html
宝翠花園 1室1厅 西南,"宝翠花園 , 横沥镇",1室1厅,53.89平米,西南,精装,中楼层(共4层) ,,板楼,32 万,5939 元,0,,,VR看装修 | 房本满五年,https://dg.lianjia.com/ershoufang/105120906757.html
丰华珑远翠珑湾精装复式、有阳台通燃气,"丰华珑远翠珑湾 , 东平街",2室1厅,64.31平米,北,精装,中楼层(共19层) ,,板塔结合,80 万,12440 元,1,,,近地铁 | 房本满两年 | 随时看房,https://dg.lianjia.com/ershoufang/105122149149.html
天虹商圈，精装三房出售，满五唯一省个税业主诚意出售,"地标大厦 , 地标",3室2厅,87.31平米,南 北,精装,低楼层(共25层) ,,塔楼,110 万,12599 元,12,,,VR看装修 | 房本满五年,https://dg.lianjia.com/ershoufang/105117308429.html
精装大三房，属于建设的，业主诚意出售的,"金域名苑 , 东莞行政中心区",3室2厅,158.39平米,南 北,精装,低楼层(共18层) ,,板塔结合,197 万,12438 元,2,,,VR看装修 | 房本满五年,https://dg.lianjia.com/ershoufang/105118708102.html
全新未入住空房朝南通透双阳台三面采光无遮挡,"招商雍华府 , 麻涌镇",4室2厅,117.09平米,南,精装,32层 ,,,120 万,10249 元,1,,,VR看装修 | 房本满两年 | 随时看房,https://dg.lianjia.com/ershoufang/105121742129.html
颐龙湾四期，双阳台户型，南北对流三房两卫，采光好！,"新世纪颐龙湾 , 高埗镇",3室2厅,102.98平米,北,,高楼层(共17层) ,,板塔结合,142 万,13790 元,0,,,VR看装修 | 房本满五年 | 随时看房,https://dg.lianjia.com/ershoufang/105121191640.html
盛世华庭 2室1厅 西南,"盛世华庭 , 横沥镇",2室1厅,76.4平米,西南,,中楼层(共9层) ,,板塔结合,56 万,7330 元,1,,,VR房源 | 房本满五年 | 随时看房,https://dg.lianjia.com/ershoufang/105122056940.html
飞机户型3房，高楼层，房子保养好！,"虎门印象 , 万达",3室2厅,116.82平米,南,,中楼层(共30层) ,,塔楼,198 万,16950 元,0,,,VR看装修 | 房本满两年 | 随时看房,https://dg.lianjia.com/ershoufang/105120297722.html
虎门万达商圈地铁口精装三房 2015年小区精装修出售,"虎门客天下 , 万达",3室2厅,92平米,南,,中楼层(共27层) ,,板楼,133 万,14457 元,1,,,VR看装修 | 房本满五年 | 随时看房,https://dg.lianjia.com/ershoufang/105114896009.html
虎门天虹楼上朝南三房两卫出售小区大环境好商配集中,"地标广场 , 地标",3室2厅,106.84平米,南,精装,28层 ,,板塔结合,225 万,21060 元,0,,,VR看装修 | 房本满五年,https://dg.lianjia.com/ershoufang/105121692204.html
卓越弥敦道御府 2室1厅 北,"卓越弥敦道御府 , 石碣镇",2室1厅,29.46平米,北,精装,低楼层(共21层) ,,塔楼,21 万,7129 元,0,,,随时看房,https://dg.lianjia.com/ershoufang/105116413353.html
山景房，南。北对流，带精装，高楼层视野开阔,"名流印象花园二期 , 凤岗镇",3室2厅,88平米,东南,精装,33层 ,,板塔结合,140 万,15910 元,1,,,VR看装修 | 随时看房,https://dg.lianjia.com/ershoufang/105118580627.html
汇景四期精装三房 中高楼层 满五年无欠款 看房方便,"汇景豪庭 , 厚街镇",3室2厅,101.71平米,东南,精装,22层 ,,板楼,125 万,12290 元,2,,,VR看装修 | 房本满五年,https://dg.lianjia.com/ershoufang/105121619558.html
中信新天地 精装两房 双阳台户型 满五唯一免双税,"中信新天地 , 石竹",2室1厅,69.16平米,西北,,低楼层(共19层) ,,板塔结合,105 万,15183 元,1,,,VR看装修 | 房本满五年 | 随时看房,https://dg.lianjia.com/ershoufang/105121304558.html
香港街三房 装修新 面向小区花园 景观好 看房方便,"香港街 , 八达路",3室2厅,110.03平米,西北,精装,17层 ,,板塔结合,198 万,17996 元,0,,,VR房源 | 房本满五年 | 随时看房,https://dg.lianjia.com/ershoufang/105122172940.html
精装大三房，属于建设的，业主诚意出售的,"金域名苑 , 东莞行政中心区",3室2厅,158.39平米,南 北,精装,低楼层(共18层) ,,板塔结合,197 万,12438 元,2,,,VR看装修 | 房本满五年,https://dg.lianjia.com/ershoufang/105118708102.html
盛世华庭 2室1厅 西南,"盛世华庭 , 横沥镇",2室1厅,76.4平米,西南,,中楼层(共9层) ,,板塔结合,56 万,7330 元,1,,,VR房源 | 房本满五年 | 随时看房,https://dg.lianjia.com/ershoufang/105122056940.html
虎门万达商圈地铁口精装三房 2015年小区精装修出售,"虎门客天下 , 万达",3室2厅,92平米,南,,中楼层(共27层) ,,板楼,133 万,14457 元,1,,,VR看装修 | 房本满五年 | 随时看房,https://dg.lianjia.com/ershoufang/105114896009.html
帝豪花园，二手房中的温馨小窝，一楼88平方带前后花园,"帝豪花園 , 樟木头镇",3室1厅,88平米,南,简装,低楼层(共7层) ,,塔楼,88 万,10000 元,2,,,VR房源 | 随时看房,https://dg.lianjia.com/ershoufang/105119072902.html
蜂汇广场大单间 高楼层采光好  业主诚心出售,"G1蜂汇 , 南城车站",1室0厅,40.19平米,南,简装,高楼层(共27层) ,,板楼,29 万,7216 元,0,,,近地铁 | 房本满五年,https://dg.lianjia.com/ershoufang/105119813147.html
蔚蓝星湖大社区 户型方正 直通地下车库 采光好,"蔚蓝星湖 , 上下桥",3室1厅,110.48平米,北,简装,中楼层(共11层) ,,塔楼,135 万,12220 元,0,,,VR房源 | 房本满五年 | 随时看房,https://dg.lianjia.com/ershoufang/105121091144.html
万科物业小区，大社区，好楼层。,"香树丽舍 , 南城车站",2室2厅,68.92平米,西北,,高楼层(共18层) ,,塔楼,98 万,14220 元,2,,,VR看装修 | 房本满五年 | 随时看房,https://dg.lianjia.com/ershoufang/105121486148.html
业主诚心急卖，租客稳定在住，可住可租,"光大景湖春晓 , 西平",1室0厅,27.35平米,北,精装,11层 ,,板楼,33 万,12066 元,4,,,VR看装修 | 房本满五年 | 随时看房,https://dg.lianjia.com/ershoufang/105110998460.html
全新未入住空房朝南通透双阳台三面采光无遮挡,"招商雍华府 , 麻涌镇",4室2厅,117.09平米,南,精装,32层 ,,,120 万,10249 元,1,,,VR看装修 | 房本满两年 | 随时看房,https://dg.lianjia.com/ershoufang/105121742129.html
全新毛坯4房，钥匙在手，小区旁有山空气好价格实惠。,"振江凤凰台 , 凤岗镇",4室2厅,140.11平米,东南,毛坯,28层 ,,板塔结合,175 万,12491 元,0,,,VR房源 | 房本满五年 | 随时看房,https://dg.lianjia.com/ershoufang/105116367899.html
楼层好，满五唯一，省税费，业主自住，带精装,"华南花园 , 石龙镇",3室2厅,110.75平米,西南 西,精装,28层 ,,板塔结合,51 万,4605 元,1,,,VR看装修 | 房本满五年 | 随时看房,https://dg.lianjia.com/ershoufang/105120936748.html
丰华珑远翠珑湾精装复式、有阳台通燃气,"丰华珑远翠珑湾 , 东平街",2室1厅,64.31平米,北,精装,中楼层(共19层) ,,板塔结合,80 万,12440 元,1,,,近地铁 | 房本满两年 | 随时看房,https://dg.lianjia.com/ershoufang/105122149149.html
天虹商圈，精装三房出售，满五唯一省个税业主诚意出售,"地标大厦 , 地标",3室2厅,87.31平米,南 北,精装,低楼层(共25层) ,,塔楼,110 万,12599 元,12,,,VR看装修 | 房本满五年,https://dg.lianjia.com/ershoufang/105117308429.html
中信新天地 自住精装一房一厅 满五唯一,"中信新天地 , 石竹",1室1厅,55.05平米,东南,精装,中楼层(共19层) ,,板塔结合,85 万,15441 元,3,,,VR房源 | 房本满五年,https://dg.lianjia.com/ershoufang/105118240451.html
飞机户型3房，高楼层，房子保养好！,"虎门印象 , 万达",3室2厅,116.82平米,南,,中楼层(共30层) ,,塔楼,198 万,16950 元,0,,,VR看装修 | 房本满两年 | 随时看房,https://dg.lianjia.com/ershoufang/105120297722.html
沿江高速口南栅富民花园96平方三房带天台花园诚心出售,"富民花园 , 太平广场",3室2厅,96平米,北,简装,高楼层(共7层) ,,板塔结合,61 万,6355 元,10,,,VR看装修 | 房本满五年 | 随时看房,https://dg.lianjia.com/ershoufang/105110581030.html
采光通风好，视野好 碧桂园物业大四房  看小区花园..,"松湖碧桂园·天钻 , 大岭山镇",4室2厅,125.05平米,南,精装,低楼层(共32层) ,,板塔结合,230 万,18393 元,1,,,VR看装修 | 房本满两年,https://dg.lianjia.com/ershoufang/105112976990.html
位置好！生活配套齐全，交通方便。,"万荟时代 , 大朗镇",2室2厅,84.96平米,东南,,低楼层(共24层) ,,塔楼,95 万,11182 元,1,,,VR看装修 | 房本满五年,https://dg.lianjia.com/ershoufang/105121754511.html
沙田庄士8号 双阳台 大3房 装修很好 保养很新,"沙田碧桂园滨江豪园 , 沙田镇",3室1厅,118.77平米,南,精装,27层 ,,塔楼,126 万,10609 元,2,,,VR看装修 | 房本满两年 | 随时看房,https://dg.lianjia.com/ershoufang/105117427533.html
正丰精装大三房低价出售，业主诚意出售,"正丰豪苑 , 桥头镇",3室2厅,106.95平米,东 东南,简装,6层 ,,板塔结合,70 万,6546 元,0,,7天以前发布,VR房源 | 房本满五年,https://dg.lianjia.com/ershoufang/105122490097.html
星光小区 2室1厅 南,"星光小区 , 清溪镇",2室1厅,85.39平米,南,精装,高楼层(共5层) ,,板楼,47.7 万,5587 元,0,,,VR看装修 | 房本满五年 | 随时看房,https://dg.lianjia.com/ershoufang/105121714341.html
碧桂园时代城大2房，重新装修户型方正，业主诚心出售,"碧桂园时代城 , 塘厦镇",2室2厅,83.31平米,南,精装,25层 ,,板塔结合,80 万,9603 元,2,,,VR看装修 | 房本满五年 | 随时看房,https://dg.lianjia.com/ershoufang/105121608463.html
长安花园精装两房，朝南视野好，业主诚心出售,"长安花园 , 长安新区",2室1厅,78.26平米,南,精装,11层 ,,塔楼,120 万,15334 元,2,,,VR房源 | 房本满五年 | 随时看房,https://dg.lianjia.com/ershoufang/105121414883.html
沙田东港城二期，2房2厅，看花园，一手业主。,"沙田东港城 , 沙田镇",2室2厅,92.37平米,东南,精装,低楼层(共11层) ,,塔楼,70 万,7579 元,2,,,VR看装修 | 房本满五年 | 随时看房,https://dg.lianjia.com/ershoufang/105119914958.html
舒适大横厅 品牌定制衣柜 改善四房,"卓越弥敦道 , 石碣镇",4室2厅,112.67平米,西南,,低楼层(共32层) ,,板楼,135 万,11982 元,0,,,VR看装修 | 房本满两年 | 随时看房,https://dg.lianjia.com/ershoufang/105120312350.html
花小旁富雅花园电梯2房精装修 通风采光好,"富雅花园 , 花园新村",2室1厅,61.8平米,西南,,12层 ,,塔楼,68 万,11004 元,0,,18天以前发布,VR房源 | 房本满两年,https://dg.lianjia.com/ershoufang/105122370224.html
新天地两房业主诚意出售  双阳台看花园,"中信新天地 , 石竹",2室1厅,64.81平米,西北,,19层 ,,板塔结合,98 万,15122 元,0,,8天以前发布,VR房源 | 房本满五年,https://dg.lianjia.com/ershoufang/105122483220.html
中惠松湖城精装三房 高楼层 湖景房,"中惠松湖城二期 , 寮步",3室2厅,94.07平米,西南,,高楼层(共25层) ,,板塔结合,139 万,14777 元,0,,,VR看装修 | 房本满五年 | 随时看房,https://dg.lianjia.com/ershoufang/105121107676.html
上车神盘 总价低 看房方便钥匙在手 随时可看,"富丽苑 , 花园新村",2室2厅,54.63平米,西北,,高楼层(共8层) ,,塔楼,28 万,5126 元,1,,,VR看装修 | 房本满五年 | 随时看房,https://dg.lianjia.com/ershoufang/105120489945.html
华南花园 3室2厅 南,"华南花园 , 石龙镇",3室2厅,106.99平米,南,简装,28层 ,,板塔结合,50 万,4674 元,0,,,VR看装修 | 随时看房,https://dg.lianjia.com/ershoufang/105122146708.html
石竹新花园 精装修三房 家门口北部,"石竹新花园 , 石竹",3室2厅,105.4平米,西北,精装,高楼层(共16层) ,,板塔结合,199 万,18881 元,1,,,近地铁 | VR看装修 | 房本满五年 | 随时看房,https://dg.lianjia.com/ershoufang/105122055975.html
急出售，价格优惠，拎包入住，个楼层保养好,"万科松湖传奇 , 寮步",2室1厅,65.15平米,南,精装,中楼层(共21层) ,,板塔结合,82 万,12587 元,0,,,VR看装修 | 房本满五年 | 随时看房,https://dg.lianjia.com/ershoufang/105122067850.html
新世纪颐和居 满五唯一体育公园旁 万达地铁口。,"新世纪颐和居 , 厚街镇",4室2厅,96.98平米,北,精装,23层 ,,塔楼,130 万,13405 元,6,,,近地铁 | VR房源 | 房本满五年,https://dg.lianjia.com/ershoufang/105116301988.html
盛和雅颂3房2卫，户型方正，小区安静，业主诚心出售。,"盛和雅颂花园 , 横沥镇",3室1厅,118.55平米,东南,毛坯,28层 ,,塔楼,113 万,9532 元,1,,,VR看装修 | 房本满两年 | 随时看房,https://dg.lianjia.com/ershoufang/105120128775.html
二区三房，东南看小区，楼层好，位置好,"南部湾万科城 , 大宁",3室2厅,94.5平米,东南,,34层 ,,塔楼,170 万,17990 元,0,,,VR看装修 | 房本满五年,https://dg.lianjia.com/ershoufang/105119243942.html
金地毛坯三房  业主诚心出售 满五唯一  随时可看！,"金地城南艺境 , 道滘镇",3室2厅,102.21平米,东北,毛坯,27层 ,,塔楼,108 万,10567 元,0,,,VR房源 | 房本满五年 | 随时看房,https://dg.lianjia.com/ershoufang/105121692921.html
松湖北区东坑TOD大润发楼上。标准大四房业主急售,"和昌拾里松湖 , 东坑镇",4室2厅,125.85平米,西南,精装,高楼层(共29层) ,,板塔结合,170 万,13509 元,0,,,VR看装修 | 房本满两年,https://dg.lianjia.com/ershoufang/105121908844.html
精装三房 保养好 价格美丽 稀有满五唯一,"松湖碧桂园一期 , 大岭山镇",3室2厅,91.69平米,北,精装,32层 ,,板塔结合,135 万,14724 元,2,,,VR看装修 | 房本满五年 | 随时看房,https://dg.lianjia.com/ershoufang/105112693878.html
君汇华庭精装4+1房出售 满五不欠款 中高楼层 看房方便,"君汇华庭 , 厚街镇",5室2厅,142.16平米,东南,精装,高楼层(共31层) ,,塔楼,190 万,13366 元,0,,,VR看装修 | 房本满五年 | 随时看房,https://dg.lianjia.com/ershoufang/105122177233.html
御河湾花园 3室2厅 东南,"御河湾花园 , 横沥镇",3室2厅,93.06平米,东南,精装,中楼层(共32层) ,,塔楼,107 万,11498 元,0,,,VR看装修 | 房本满五年 | 随时看房,https://dg.lianjia.com/ershoufang/105118873654.html
湖景朝南 两房户型方正诚心出售随时看房,"大运城邦曦城 , 凤岗镇",2室2厅,77.71平米,南,精装,33层 ,,板塔结合,108 万,13898 元,1,,,VR看装修 | 房本满五年 | 随时看房,https://dg.lianjia.com/ershoufang/105122025019.html
中惠三期高层85平三房，采光好，无遮挡,"中惠松湖城三期 , 寮步",3室1厅,85.92平米,北,精装,26层 ,,塔楼,115 万,13385 元,0,,,VR房源 | 房本满五年 | 随时看房,https://dg.lianjia.com/ershoufang/105121541035.html
莞城电梯四房 采光通风良好 视野开阔无遮挡 近地铁口,"旭洋楼 , 上下桥",4室2厅,159.3平米,西南,简装,高楼层(共8层) ,,板塔结合,100 万,6278 元,2,,,近地铁 | VR看装修 | 随时看房,https://dg.lianjia.com/ershoufang/105120523500.html
房子之前业主自己住，装修保养好，中高楼层,"万科花园 , 虎门公园",4室2厅,111.19平米,南,,高楼层(共34层) ,,板塔结合,202 万,18168 元,0,,,VR看装修 | 房本满五年 | 随时看房,https://dg.lianjia.com/ershoufang/105121888517.html
精装江景房，全新没住过，业主诚心出售,"碧桂园松湖明珠 , 横沥镇",4室1厅,107.31平米,东南,,中楼层(共26层) ,,塔楼,183 万,17054 元,0,,,VR房源 | 随时看房,https://dg.lianjia.com/ershoufang/105121566542.html
地铁口小区 交通方便  精装修,"龙湖·金地天曜城 , 石龙镇",3室2厅,98.58平米,南,精装,中楼层(共28层) ,,塔楼,148 万,15014 元,1,,,近地铁 | VR看装修 | 房本满两年 | 随时看房,https://dg.lianjia.com/ershoufang/105118382778.html
曼克顿复式一房带精装诚意出售，钥匙看房,"曼克顿酒店公寓 , 常平镇",1室1厅,42.41平米,东,精装,低楼层(共23层) ,,板塔结合,17 万,4009 元,2,,,VR房源 | 房本满两年 | 随时看房,https://dg.lianjia.com/ershoufang/105121824166.html
此房满五不唯一 户型方正 阳台方正,"清华居 , 水濂山",4室2厅,160.44平米,东南,,中楼层(共10层) ,,板楼,360 万,22439 元,0,,,VR看装修 | 随时看房,https://dg.lianjia.com/ershoufang/105121783118.html
此房满五唯一税费低，楼层好业主急售，随时看房,"汇龙湾 , 宏远北",2室1厅,83.74平米,东南,简装,高楼层(共32层) ,,塔楼,108 万,12898 元,1,,,VR看装修 | 房本满五年 | 随时看房,https://dg.lianjia.com/ershoufang/105121913908.html
产权清晰，高楼层采光视野好，配套完善,"美好名流印象花园三期 , 凤岗镇",3室2厅,88.97平米,南,简装,29层 ,,板塔结合,125 万,14050 元,1,,,VR房源 | 房本满五年 | 随时看房,https://dg.lianjia.com/ershoufang/105121398058.html
金地大三房  诚意出售 看房方便,"金地格林上院 , 大岭山镇",4室2厅,115.96平米,南,简装,中楼层(共11层) ,,塔楼,150 万,12936 元,1,,26天以前发布,VR房源 | 房本满五年,https://dg.lianjia.com/ershoufang/105122302533.html
碧桂园天麓山，大开发商，大3房2厅2卫。,"碧桂园天麓山一期 , 塘厦镇",3室2厅,97.41平米,南 北,精装,24层 ,,板塔结合,108 万,11088 元,2,,,VR看装修 | 房本满五年 | 随时看房,https://dg.lianjia.com/ershoufang/105119839695.html
石竹新 单价不到1.6万 业主想近期卖掉 保养好 看房方,"石竹新花园 , 石竹",3室1厅,101.96平米,西北,精装,低楼层(共12层) ,,板塔结合,157 万,15399 元,2,,,近地铁 | VR房源 | 房本满五年 | 随时看房,https://dg.lianjia.com/ershoufang/105120537053.html
地铁口，高层二房二厅双阳台，东南朝向,"方中元美广场 , 鸿福路口",2室2厅,74.49平米,南,精装,高楼层(共20层) ,,板楼,78 万,10472 元,0,,,VR看装修 | 房本满五年,https://dg.lianjia.com/ershoufang/105120209013.html
人民公园旁 东湖花园 三房两厅双阳台 采光通风好,"东湖花园 , 罗沙",3室2厅,115平米,南,简装,33层 ,,板塔结合,120 万,10435 元,2,,,VR房源 | 房本满五年 | 随时看房,https://dg.lianjia.com/ershoufang/105119558976.html
95平方三房，总价低，装修保养好，楼层好位置安静,"保利红珊瑚花园 , 松山湖",3室1厅,95.02平米,东,,高楼层(共25层) ,,塔楼,283 万,29784 元,1,,29天以前发布,VR房源 | 房本满五年 | 随时看房,https://dg.lianjia.com/ershoufang/105122276067.html
丰泰华园山庄 高层看湖 精装3房 户型实用 采光通风好,"丰泰华园山庄 , 新联",3室1厅,118.02平米,东南,精装,中楼层(共12层) ,,塔楼,120 万,10168 元,6,,,VR房源 | 房本满五年 | 随时看房,https://dg.lianjia.com/ershoufang/105112411579.html
华园大平层，换房可选，目前在卖的很好的四房。,"丰泰华园山庄 , 新联",4室3厅,256.98平米,东南,简装,低楼层(共12层) ,,板塔结合,380 万,14788 元,2,,,VR房源 | 房本满两年 | 随时看房,https://dg.lianjia.com/ershoufang/105110456988.html
满五唯一 方正户型 一梯两户南北对流,"光大景湖花园 , 东泰",3室2厅,116.5平米,东南,简装,中楼层(共5层) ,,板楼,160 万,13734 元,0,,,VR房源 | 随时看房,https://dg.lianjia.com/ershoufang/105120385034.html
城市风景  精装2房1厅1卫 真诚心出售,"城市风景 , 石竹",2室1厅,66.69平米,东南,精装,15层 ,,板楼,87.9 万,13181 元,0,,,VR看装修 | 房本满五年 | 随时看房,https://dg.lianjia.com/ershoufang/105122097348.html
翠珑湾五期   公寓  带精装修   业主诚心卖,"星城翠珑湾五期 , 寮步",2室2厅,61.82平米,南,精装,中楼层(共21层) ,,板塔结合,65 万,10515 元,1,,,房本满五年,https://dg.lianjia.com/ershoufang/105103901927.html
万科高尔夫花园大三房，随时可看房,"万科城市高尔夫花园 , 寮步",3室2厅,125.95平米,南,简装,24层 ,,板塔结合,170 万,13498 元,1,,,VR看装修 | 房本满五年 | 随时看房,https://dg.lianjia.com/ershoufang/105121500151.html
朝花园，通风采光好 ，业主自住保养好,"东湖花园 , 罗沙",2室2厅,88平米,南,精装,33层 ,,板塔结合,99 万,11250 元,0,,,VR房源 | 房本满五年 | 随时看房,https://dg.lianjia.com/ershoufang/105116668766.html
光大花园，金碧苑精装三房，保养好中间层，诚意卖可谈,"光大花园金碧苑 , 火炼树",3室2厅,86平米,北,精装,中楼层(共8层) ,,塔楼,88 万,10233 元,1,,,VR看装修 | 房本满五年 | 随时看房,https://dg.lianjia.com/ershoufang/105118374073.html
清溪公园旁，国际公馆3房2厅2卫，诚心出售,"清溪国际公馆 , 清溪镇",3室2厅,104平米,东南,精装,高楼层(共20层) ,,板楼,85 万,8174 元,1,,,房本满两年,https://dg.lianjia.com/ershoufang/105121171950.html
莞城 人民公园旁 和阳大厦 精装电梯大4房 带车位,"和阳大厦 , 莞城",3室2厅,147.26平米,西南,精装,中楼层(共8层) ,,塔楼,163 万,11069 元,1,,,VR看装修 | 房本满两年 | 随时看房,https://dg.lianjia.com/ershoufang/105120878595.html
帝豪花园二期三房两厅两卫南北通透带前后院子,"帝豪花園 , 樟木头镇",4室2厅,111.3平米,南 北,简装,6层 ,,板塔结合,136 万,12220 元,3,,,VR房源 | 房本满五年 | 随时看房,https://dg.lianjia.com/ershoufang/105117814830.html
万象汇350米翠珑湾四期复式2房2卫,"星城翠珑湾四期 , 寮步",2室2厅,54.65平米,西,,中楼层(共20层) ,,板塔结合,58 万,10613 元,2,,,房本满五年,https://dg.lianjia.com/ershoufang/105119582088.html
满五不唯一 不欠款 装修保养好 业主诚心出售,"合正上东国际 , 下坝",3室2厅,104平米,南,精装,高楼层(共26层) ,,板塔结合,199 万,19135 元,3,,,VR看装修 | 房本满五年 | 随时看房,https://dg.lianjia.com/ershoufang/105119009918.html
房子装修保养好 中高楼层 诚心出售,"万科花园 , 虎门公园",4室2厅,111.19平米,东南,精装,中楼层(共34层) ,,板塔结合,200 万,17988 元,0,,,VR看装修 | 房本满五年 | 随时看房,https://dg.lianjia.com/ershoufang/105116676357.html
中高楼层 阳台朝花园 采光通风好 地铁口 交通便利,"万科金悦香树 , 南城车站",3室2厅,95.66平米,西北,简装,高楼层(共24层) ,,塔楼,180 万,18817 元,0,,,VR看装修 | 房本满五年 | 随时看房,https://dg.lianjia.com/ershoufang/105116730839.html
翠珑湾南北通透大三房 业主诚心出售,"星城翠珑湾三期 , 寮步",3室2厅,115.86平米,南 北,精装,高楼层(共29层) ,,塔楼,238 万,20543 元,0,,,VR看装修 | 房本满五年,https://dg.lianjia.com/ershoufang/105115902412.html
利通花园 采光好 朝南 安静宜居 停车方便,"利通花园 , 花园新村",3室2厅,113.41平米,南,精装,低楼层(共18层) ,,板楼,118 万,10405 元,0,,,VR看装修,https://dg.lianjia.com/ershoufang/105120120412.html
方正3房 地铁口物业 业主诚心出售,"东城中心 , 黄旗山",3室2厅,120平米,南,简装,低楼层(共8层) ,,塔楼,120 万,10000 元,2,,,近地铁 | VR房源 | 随时看房,https://dg.lianjia.com/ershoufang/105121297088.html
二期低楼层看游泳池看大花园精装修,"东城中心 , 黄旗山",2室2厅,109平米,东南,精装,低楼层(共8层) ,,塔楼,116 万,10643 元,1,,25天以前发布,近地铁 | VR看装修 | 房本满五年 | 随时看房,https://dg.lianjia.com/ershoufang/105122311693.html
中惠华庭大三房 步梯房高层采光通风好,"中惠华庭 , 黄旗山",3室2厅,117平米,东南,简装,高楼层(共7层) ,,板塔结合,73 万,6240 元,3,,,近地铁 | VR房源 | 房本满五年 | 随时看房,https://dg.lianjia.com/ershoufang/105120802865.html
雁田步行街楼上 低层实用大三房，采光好诚心出售,"丰田新村 , 凤岗镇",3室2厅,106.1平米,北,简装,低楼层(共7层) ,,板塔结合,114 万,10745 元,0,,14天以前发布,VR房源 | 房本满五年 | 随时看房,https://dg.lianjia.com/ershoufang/105122420809.html
东南向看花园跃式户型高档装修诚意出手,"雍华庭 , 东平街",3室2厅,139.7平米,东南,,中楼层(共11层) ,,塔楼,230 万,16464 元,0,,,近地铁 | VR房源 | 随时看房,https://dg.lianjia.com/ershoufang/105121203088.html
金泽花园三房，高层，带租约出售,"金泽花园 , 东平街",3室1厅,120.05平米,南,精装,19层 ,,塔楼,150 万,12495 元,4,,,近地铁 | VR看装修 | 房本满两年 | 随时看房,https://dg.lianjia.com/ershoufang/105112541014.html
金域名苑  电梯三房 朝南 户型方正,"金域名苑 , 东莞行政中心区",3室2厅,137.26平米,南,简装,低楼层(共20层) ,,塔楼,160 万,11657 元,0,,,VR房源 | 房本满五年 | 随时看房,https://dg.lianjia.com/ershoufang/105119380643.html
大型社区，环境好，小区安静，无嘈杂,"御景花园 , 樟木头镇",3室2厅,73平米,西南,,低楼层(共7层) ,,板塔结合,68 万,9316 元,0,,,VR房源 | 随时看房,https://dg.lianjia.com/ershoufang/105121823808.html
业主急卖 带精装 没欠款 过户快！,"天麟时代广场 , 大朗镇",3室1厅,98.13平米,东南 南,精装,低楼层(共28层) ,,塔楼,110 万,11210 元,5,,,VR看装修 | 房本满两年 | 随时看房,https://dg.lianjia.com/ershoufang/105120372668.html
汇景城市中心一房 业主诚意出售中,"汇景城市中心 , 樟木头镇",1室0厅,45.8平米,北,简装,中楼层(共18层) ,,板楼,38 万,8297 元,0,,19天以前发布,随时看房,https://dg.lianjia.com/ershoufang/105122357979.html
金莎雅苑中高楼层两房，业主诚意出售，只卖49万,"金莎雅苑 , 大朗镇",2室1厅,38.16平米,西北,精装,高楼层(共15层) ,,塔楼,44 万,11531 元,3,,,VR看装修 | 房本满五年 | 随时看房,https://dg.lianjia.com/ershoufang/105111251784.html
城区 繁华地段 优选小户型 轻松置业无压力,"富洋楼 , 花园新村",1室1厅,42.41平米,东北,简装,8层 ,,板塔结合,18 万,4245 元,2,,,VR看装修 | 房本满五年 | 随时看房,https://dg.lianjia.com/ershoufang/105121649776.html
万科朗润园  70年产权 84平总价52万,"万科朗润园一期 , 塘厦镇",2室1厅,84.23平米,东南,精装,23层 ,,塔楼,46 万,5462 元,2,,,房本满五年 | 随时看房,https://dg.lianjia.com/ershoufang/105118219194.html
此房位于花园中间位，高层朝南 满五唯一 通风采光良好,"光大景湖春晓 , 西平",3室2厅,102.6平米,南,精装,18层 ,,板楼,215 万,20956 元,3,,,VR看装修 | 房本满五年,https://dg.lianjia.com/ershoufang/105112305061.html
万科紫台190平方精装4房2厅3卫出售,"万科紫台 , 地标",4室2厅,190平米,西,精装,中楼层(共26层) ,,板塔结合,315 万,16579 元,4,,,VR看装修 | 房本满五年 | 随时看房,https://dg.lianjia.com/ershoufang/105120992113.html
4A隐贤山庄旁 山水雅居2011年毛坯房给您更多发挥空间,"山水雅居 , 常平镇",3室1厅,117.05平米,东南,毛坯,11层 ,,板塔结合,95 万,8117 元,1,,,VR房源 | 房本满五年 | 随时看房,https://dg.lianjia.com/ershoufang/105119264650.html
此房是满五唯一，房子是精装房，，户型方正，视野开阔,"金地城南艺境 , 道滘镇",3室2厅,97.02平米,南,精装,33层 ,,塔楼,118 万,12163 元,6,,,VR看装修 | 房本满五年 | 随时看房,https://dg.lianjia.com/ershoufang/105118622062.html
第一国际 105平两房 高楼层 地铁口房源 满五,"第一国际 , 东莞图书馆",2室1厅,105.35平米,东北,精装,高楼层(共22层) ,,塔楼,230 万,21832 元,1,,,VR看装修 | 房本满五年 | 随时看房,https://dg.lianjia.com/ershoufang/105120416324.html
春晓单间 采光好 高楼层 看黄旗山灯笼 国贸夜景,"光大景湖春晓 , 西平",1室0厅,35.04平米,北,精装,11层 ,,板楼,40 万,11416 元,3,,,VR看装修 | 房本满五年,https://dg.lianjia.com/ershoufang/105116003294.html
电梯中高层  可复式可平层毛坯次新房 近人民医院,"瀚柏·青柠时代 , 客运总站",1室1厅,32.26平米,南,毛坯,高楼层(共16层) ,,塔楼,13.86 万,4297 元,2,,,房本满两年 | 随时看房,https://dg.lianjia.com/ershoufang/105120472387.html
道滘精品复式小户型两房，实用面积60平方，空间实用。,"时代香海彼岸4期 , 道滘镇",2室2厅,40.74平米,北,毛坯,高楼层(共20层) ,,板塔结合,18 万,4419 元,0,,,房本满两年 | 随时看房,https://dg.lianjia.com/ershoufang/105119102695.html
南部湾高楼层全新未入住4房，诚售,"南部湾万科城 , 大宁",4室1厅,118.87平米,东南,简装,高楼层(共34层) ,,板塔结合,232 万,19518 元,1,,,VR房源 | 房本满五年 | 随时看房,https://dg.lianjia.com/ershoufang/105122005355.html
业主诚心出售 看房方便 价格可谈,"虎门万科云城 , 万达",3室2厅,90.54平米,南,精装,高楼层(共35层) ,,板塔结合,170 万,18777 元,0,,,VR看装修 | 房本满两年 | 随时看房,https://dg.lianjia.com/ershoufang/105115380495.html
中央盛景精装两房/地铁1号线/体育馆,"中央盛景 , 大朗镇",2室1厅,78.28平米,西南,精装,高楼层(共28层) ,,塔楼,88 万,11242 元,1,,,VR房源 | 房本满五年 | 随时看房,https://dg.lianjia.com/ershoufang/105121894955.html
神洲大厦电梯大户型四房出售，采光通风好,"神洲大厦 , 虎门公园",4室2厅,146.98平米,东南,精装,中楼层(共12层) ,,塔楼,125 万,8505 元,1,,,VR看装修 | 房本满五年 | 随时看房,https://dg.lianjia.com/ershoufang/105120955371.html
出门左转500米鸿福地铁站，精装四房诚意出售,"联佳大厦 , 东莞行政中心区",4室2厅,146.85平米,南,精装,中楼层(共23层) ,,塔楼,240 万,16344 元,1,,,近地铁 | VR看装修 | 随时看房,https://dg.lianjia.com/ershoufang/105117801161.html
水岸山城 精装大三房 三面采光 满五唯一,"水岸山城 , 凤岗镇",3室2厅,119.56平米,东南,简装,15层 ,,板塔结合,141.5 万,11836 元,0,,,VR看装修 | 房本满五年 | 随时看房,https://dg.lianjia.com/ershoufang/105121963300.html
高层朝东采光好  毛坯清水房  满五唯一没欠款,"联佳大厦 , 东莞行政中心区",2室2厅,95.85平米,东,毛坯,高楼层(共23层) ,,塔楼,150 万,15650 元,2,,,近地铁 | VR看装修 | 随时看房,https://dg.lianjia.com/ershoufang/105120854259.html
嘉誉中高层，看花园的，大四房，安静宜居。,"碧桂园信鸿嘉誉2期 , 麻涌镇",4室2厅,140.55平米,北 南,,17层 ,,塔楼,160 万,11384 元,0,,,VR看装修 | 房本满五年 | 随时看房,https://dg.lianjia.com/ershoufang/105120051438.html
花小旁富雅花园电梯2房精装修 通风采光好,"富雅花园 , 花园新村",2室1厅,61.8平米,西南,,12层 ,,塔楼,68 万,11004 元,0,,18天以前发布,VR房源 | 房本满两年,https://dg.lianjia.com/ershoufang/105122370224.html
产权清晰，高楼层采光视野好，配套完善,"美好名流印象花园三期 , 凤岗镇",3室2厅,88.97平米,南,简装,29层 ,,板塔结合,125 万,14050 元,1,,,VR房源 | 房本满五年 | 随时看房,https://dg.lianjia.com/ershoufang/105121398058.html
中惠松湖城精装三房 高楼层 湖景房,"中惠松湖城二期 , 寮步",3室2厅,94.07平米,西南,,高楼层(共25层) ,,板塔结合,139 万,14777 元,0,,,VR看装修 | 房本满五年 | 随时看房,https://dg.lianjia.com/ershoufang/105121107676.html
新天地两房业主诚意出售  双阳台看花园,"中信新天地 , 石竹",2室1厅,64.81平米,西北,,19层 ,,板塔结合,98 万,15122 元,0,,8天以前发布,VR房源 | 房本满五年,https://dg.lianjia.com/ershoufang/105122483220.html
此房满五不唯一 户型方正 阳台方正,"清华居 , 水濂山",4室2厅,160.44平米,东南,,中楼层(共10层) ,,板楼,360 万,22439 元,0,,,VR看装修 | 随时看房,https://dg.lianjia.com/ershoufang/105121783118.html
舒适大横厅 品牌定制衣柜 改善四房,"卓越弥敦道 , 石碣镇",4室2厅,112.67平米,西南,,低楼层(共32层) ,,板楼,135 万,11982 元,0,,,VR看装修 | 房本满两年 | 随时看房,https://dg.lianjia.com/ershoufang/105120312350.html
国贸商圈板块，生活便利，配套齐全，通风采光良好，,"东泰花园风云汇 , 东泰",2室1厅,74.44平米,南,简装,中楼层(共13层) ,,板塔结合,82 万,11016 元,0,,,VR看装修 | 房本满两年 | 随时看房,https://dg.lianjia.com/ershoufang/105122188051.html
旗峰地铁口 万科精装1房 业主诚心急售 高层朝南采光好,"万科中心 , 黄旗山",1室1厅,31.31平米,东南,精装,中楼层(共28层) ,,板楼,25 万,7985 元,0,,,近地铁 | 房本满五年 | 随时看房,https://dg.lianjia.com/ershoufang/105121788841.html
二区三房，东南看小区，楼层好，位置好,"南部湾万科城 , 大宁",3室2厅,94.5平米,东南,,34层 ,,塔楼,170 万,17990 元,0,,,VR看装修 | 房本满五年,https://dg.lianjia.com/ershoufang/105119243942.html
海珠大厦大三房出售 诚心卖 视野好,"德盛海珠大厦 , 太平广场",3室2厅,145平米,南,简装,低楼层(共22层) ,,塔楼,108 万,7449 元,2,,,VR看装修 | 房本满五年,https://dg.lianjia.com/ershoufang/105117974842.html
满五唯一免双税 南向三房 带一个公共200多平大平台,"光大景湖湾畔 , 宏远南",3室2厅,103.26平米,南,精装,低楼层(共11层) ,,板塔结合,180 万,17432 元,3,,,VR看装修 | 房本满五年 | 随时看房,https://dg.lianjia.com/ershoufang/105119575178.html
临深小区汉邦雍景居98平4房2卫毛坯，业主诚意出售！,"汉邦雍景居 , 凤岗镇",4室2厅,98.02平米,南,毛坯,18层 ,,板塔结合,137 万,13977 元,1,,,VR看装修 | 房本满五年 | 随时看房,https://dg.lianjia.com/ershoufang/105120499923.html
东莞大岭山新世纪领居，优质房源，不容错过,"新世纪领居B区 , 大岭山镇",5室2厅,193.75平米,东南,,低楼层(共18层) ,,板塔结合,288 万,14865 元,0,,,VR房源 | 房本满五年,https://dg.lianjia.com/ershoufang/105122146357.html
凤岗中惠岭秀，住家三房两厅，高层朝南视野好,"中惠岭秀 , 凤岗镇",3室2厅,93平米,东 东南,精装,29层 ,,板塔结合,128 万,13764 元,2,,,VR看装修 | 房本满五年 | 随时看房,https://dg.lianjia.com/ershoufang/105121061456.html
名门世家精装两房，业主诚心出售，看上价格可以沟通,"名门世家 , 三元里",2室1厅,60.68平米,北,精装,17层 ,,板塔结合,72.8 万,11998 元,2,,,VR看装修 | 房本满五年 | 随时看房,https://dg.lianjia.com/ershoufang/105115549786.html
金地湖山大境毛坯3房 业主诚心出售 高层景观好,"金地湖山大境 , 黄江镇",3室2厅,128.31平米,南,毛坯,25层 ,,板塔结合,150 万,11691 元,0,,,VR看装修 | 随时看房,https://dg.lianjia.com/ershoufang/105120722440.html
汇景凯伦湾花园满五唯一四房高层急售,"汇景凯伦湾花园 , 沙田镇",4室1厅,122.5平米,南,毛坯,中楼层(共32层) ,,塔楼,129.8 万,10596 元,0,,,VR房源 | 房本满五年 | 随时看房,https://dg.lianjia.com/ershoufang/105121995244.html
2021年次新毛坯 方正实用 不欠款产权清晰,"碧桂园·玫瑰臻园 , 常平镇",3室2厅,81.44平米,西南,,中楼层(共32层) ,,塔楼,98 万,12034 元,0,,17天以前发布,VR房源 | 房本满两年 | 随时看房,https://dg.lianjia.com/ershoufang/105122386217.html
凯景高楼层满五唯一精装修三房出售视野开阔采光好,"居益凯景左岸 , 中堂镇",3室1厅,88.24平米,东南,,高楼层(共23层) ,,塔楼,63 万,7140 元,0,,,VR看装修 | 房本满五年 | 随时看房,https://dg.lianjia.com/ershoufang/105121507037.html
天虹地铁口精装2房，满五唯一，高楼层 看房方便,"地标大厦 , 地标",2室1厅,87.61平米,南,精装,高楼层(共25层) ,,塔楼,116 万,13241 元,1,,,VR看装修 | 房本满五年 | 随时看房,https://dg.lianjia.com/ershoufang/105114956169.html
家汇生活广场 1室1厅 南,"家汇生活广场 , 客运总站",1室1厅,47.01平米,南,精装,30层 ,,板塔结合,26 万,5531 元,0,,7天以前发布,房本满两年 | 随时看房,https://dg.lianjia.com/ershoufang/105122490306.html
此房业主诚心出售，价格好聊，上车易，一步到位,"周屋围街 , 运河东",3室1厅,82平米,南,精装,8层 ,,,35.8 万,4366 元,6,,,VR看装修 | 房本满五年 | 随时看房,https://dg.lianjia.com/ershoufang/105118810007.html
临深， 满五唯一，地铁口800米，精装修,"大运城邦曦城 , 凤岗镇",3室2厅,92.22平米,北,,30层 ,,塔楼,155 万,16808 元,7,,,VR看装修 | 房本满五年,https://dg.lianjia.com/ershoufang/105120955239.html
锦龙湾畔二期，满五唯一，精装修3房，朝南向采光好,"锦龙湾畔二期 , 凤岗镇",3室2厅,82.96平米,南 北,精装,25层 ,,板塔结合,140 万,16876 元,0,,,VR看装修 | 房本满五年 | 随时看房,https://dg.lianjia.com/ershoufang/105121397150.html
看中价格可以谈 横沥碧桂园中高层的电梯3房 出售,"横沥碧桂园 , 横沥镇",3室2厅,91.75平米,东南,简装,19层 ,,板塔结合,110 万,11990 元,3,,,VR房源 | 房本满五年 | 随时看房,https://dg.lianjia.com/ershoufang/105120252501.html
地铁口物业，塞纳嘉园温馨3房诚意出售,"塞纳城市嘉园 , 鸿福路口",3室1厅,88.1平米,东北,精装,高楼层(共30层) ,,板楼,120 万,13621 元,2,,,VR看装修 | 房本满五年 | 随时看房,https://dg.lianjia.com/ershoufang/105120556699.html
莞城富通旗峰公馆 2019年次新小区 业主自住保养好,"富通旗峰公馆 , 东平街",3室2厅,92.52平米,东南,,高楼层(共27层) ,,板塔结合,198 万,21401 元,0,,29天以前发布,VR房源 | 房本满五年,https://dg.lianjia.com/ershoufang/105122282190.html
人民公园旁全新精装房低楼层诚意出售,"东城岗贝市场 , 莞城",3室1厅,72.71平米,南,精装,中楼层(共7层) ,,塔楼,55 万,7565 元,5,,,VR看装修 | 房本满五年 | 随时看房,https://dg.lianjia.com/ershoufang/105118919260.html
业主诚心出售 小区配套完善，林园绿化好,"大运城邦悦城 , 凤岗镇",4室2厅,124.21平米,南,精装,21层 ,,板塔结合,260 万,20933 元,0,,,VR看装修 | 房本满五年 | 随时看房,https://dg.lianjia.com/ershoufang/105120846525.html
丽景花园方正户型两房，朝南，无遮挡，诚意出售,"丽景花园 , 常平镇",2室2厅,66.38平米,南,,高楼层(共12层) ,,塔楼,48 万,7232 元,1,,,VR看装修 | 房本满五年 | 随时看房,https://dg.lianjia.com/ershoufang/105121895959.html
碧桂园物业，朝西北，户型方正，中低楼层，通风..,"碧桂园东江月 , 运河东",1室1厅,20.57平米,南,精装,低楼层(共15层) ,,板塔结合,20.5 万,9966 元,2,,,房本满五年,https://dg.lianjia.com/ershoufang/105121788409.html
滨海湾威远岛 千亿配套与湾区大学为邻 诚心出售,"虎门滨江花园 , 威远",3室2厅,124.35平米,南,简装,11层 ,,塔楼,180 万,14476 元,0,,,VR房源 | 房本满五年 | 随时看房,https://dg.lianjia.com/ershoufang/105120362614.html
塘厦御城花园 高层毛坯 三房 诚售,"御城花园 , 塘厦镇",3室2厅,96.78平米,南,毛坯,31层 ,,板塔结合,137 万,14156 元,1,,,VR看装修 | 房本满五年 | 随时看房,https://dg.lianjia.com/ershoufang/105118810720.html
家和时代次新楼 星河城万达商圈 中高楼层98.8平精装修,"家和时代 , 寮步",3室2厅,98.81平米,东南,,中楼层(共28层) ,,板塔结合,189 万,19128 元,0,,,VR看装修 | 房本满五年 | 随时看房,https://dg.lianjia.com/ershoufang/105120853503.html
虎门印象 2室2厅 东南,"虎门印象 , 万达",2室2厅,77.27平米,东南,精装,中楼层(共31层) ,,塔楼,106.8 万,13822 元,0,,,VR房源 | 房本满五年 | 随时看房,https://dg.lianjia.com/ershoufang/105120290914.html
皇马大四房，带入户花园，南向看小区园林，业主诚售,"万科皇马郦宫 , 火炼树",4室2厅,189.69平米,南,毛坯,中楼层(共26层) ,,塔楼,488 万,25727 元,6,,,VR房源 | 随时看房,https://dg.lianjia.com/ershoufang/105116326902.html
三正半山豪苑棕榈园 118平三房两厅两卫 高楼层出售,"三正半山豪苑棕榈园 , 塘厦镇",3室2厅,118.67平米,北,简装,高楼层(共10层) ,,塔楼,156 万,13146 元,0,,,VR看装修,https://dg.lianjia.com/ershoufang/105122166718.html
横沥碧桂园，精装高楼层双阳台，全屋定制，拎包入住,"横沥碧桂园 , 横沥镇",3室2厅,122平米,南 北,精装,28层 ,,板塔结合,156 万,12787 元,0,,18天以前发布,VR房源,https://dg.lianjia.com/ershoufang/105122368152.html
房子在花园街广场旁边，地理优越，楼下就可以购物,"花园中心 , 塘厦镇",2室2厅,79平米,东 北,简装,高楼层(共23层) ,,塔楼,58 万,7342 元,0,,23天以前发布,VR房源 | 随时看房,https://dg.lianjia.com/ershoufang/105122330857.html
新天美地，精装三房，正望泳池，附带花园，少有放盘,"新天美地花园 , 常平镇",3室2厅,107.48平米,北,精装,中楼层(共21层) ,,板塔结合,90 万,8374 元,0,,,VR看装修 | 房本满五年,https://dg.lianjia.com/ershoufang/105116346968.html
地铁口物业 新丰大厦 业主诚心出售,"新丰大厦 , 太平广场",3室2厅,100.89平米,南,精装,9层 ,,塔楼,62 万,6146 元,0,,,VR房源 | 房本满五年,https://dg.lianjia.com/ershoufang/105121906222.html
业主低价出售电梯高层方正三房满五唯一带大平台100平,"丽景花园 , 常平镇",3室2厅,91.5平米,西北,精装,高楼层(共12层) ,,塔楼,60 万,6558 元,3,,,VR房源 | 房本满五年,https://dg.lianjia.com/ershoufang/105121209930.html
光大花园，金碧苑精装三房，保养好中间层，诚意卖可谈,"光大花园金碧苑 , 火炼树",3室2厅,86平米,北,精装,中楼层(共8层) ,,塔楼,88 万,10233 元,1,,,VR看装修 | 房本满五年 | 随时看房,https://dg.lianjia.com/ershoufang/105118374073.html
95平方三房，总价低，装修保养好，楼层好位置安静,"保利红珊瑚花园 , 松山湖",3室1厅,95.02平米,东,,高楼层(共25层) ,,塔楼,283 万,29784 元,1,,29天以前发布,VR房源 | 房本满五年 | 随时看房,https://dg.lianjia.com/ershoufang/105122276067.html
莞城 人民公园旁 和阳大厦 精装电梯大4房 带车位,"和阳大厦 , 莞城",3室2厅,147.26平米,西南,精装,中楼层(共8层) ,,塔楼,163 万,11069 元,1,,,VR看装修 | 房本满两年 | 随时看房,https://dg.lianjia.com/ershoufang/105120878595.html
此房朝东南向，户型方正，采光好，业主诚意出售,"宏远时代广场 , 运河东",2室2厅,140.3平米,东南,简装,中楼层(共20层) ,,塔楼,115 万,8197 元,0,,,VR房源 | 随时看房,https://dg.lianjia.com/ershoufang/105120959998.html
万科高尔夫花园大三房，随时可看房,"万科城市高尔夫花园 , 寮步",3室2厅,125.95平米,南,简装,24层 ,,板塔结合,170 万,13498 元,1,,,VR看装修 | 房本满五年 | 随时看房,https://dg.lianjia.com/ershoufang/105121500151.html
华园大平层，换房可选，目前在卖的很好的四房。,"丰泰华园山庄 , 新联",4室3厅,256.98平米,东南,简装,低楼层(共12层) ,,板塔结合,380 万,14788 元,2,,,VR房源 | 房本满两年 | 随时看房,https://dg.lianjia.com/ershoufang/105110456988.html
丰泰华园山庄 高层看湖 精装3房 户型实用 采光通风好,"丰泰华园山庄 , 新联",3室1厅,118.02平米,东南,精装,中楼层(共12层) ,,塔楼,120 万,10168 元,6,,,VR房源 | 房本满五年 | 随时看房,https://dg.lianjia.com/ershoufang/105112411579.html
满五唯一 方正户型 一梯两户南北对流,"光大景湖花园 , 东泰",3室2厅,116.5平米,东南,简装,中楼层(共5层) ,,板楼,160 万,13734 元,0,,,VR房源 | 随时看房,https://dg.lianjia.com/ershoufang/105120385034.html
城市风景  精装2房1厅1卫 真诚心出售,"城市风景 , 石竹",2室1厅,66.69平米,东南,精装,15层 ,,板楼,87.9 万,13181 元,0,,,VR看装修 | 房本满五年 | 随时看房,https://dg.lianjia.com/ershoufang/105122097348.html
业主诚心出售万科南向两，无欠款,"万科金域国际 , 厚街镇",3室2厅,96平米,东北,,中楼层(共32层) ,,板塔结合,129 万,13438 元,3,,,VR看装修,https://dg.lianjia.com/ershoufang/105119735313.html
万象汇350米翠珑湾四期复式2房2卫,"星城翠珑湾四期 , 寮步",2室2厅,54.65平米,西,,中楼层(共20层) ,,板塔结合,58 万,10613 元,2,,,房本满五年,https://dg.lianjia.com/ershoufang/105119582088.html
房子装修保养好 中高楼层 诚心出售,"万科花园 , 虎门公园",4室2厅,111.19平米,东南,精装,中楼层(共34层) ,,板塔结合,200 万,17988 元,0,,,VR看装修 | 房本满五年 | 随时看房,https://dg.lianjia.com/ershoufang/105116676357.html
朝花园，通风采光好 ，业主自住保养好,"东湖花园 , 罗沙",2室2厅,88平米,南,精装,33层 ,,板塔结合,99 万,11250 元,0,,,VR房源 | 房本满五年 | 随时看房,https://dg.lianjia.com/ershoufang/105116668766.html
翠珑湾五期   公寓  带精装修   业主诚心卖,"星城翠珑湾五期 , 寮步",2室2厅,61.82平米,南,精装,中楼层(共21层) ,,板塔结合,65 万,10515 元,1,,,房本满五年,https://dg.lianjia.com/ershoufang/105103901927.html
海德全新三房，朝南看小区看鱼池，有钥匙随时看房,"海德骏园 , 望牛墩镇",3室2厅,96.56平米,东南,精装,低楼层(共23层) ,,塔楼,98 万,10150 元,0,,,VR看装修 | 房本满五年 | 随时看房,https://dg.lianjia.com/ershoufang/105121962882.html
光大景湖湾畔 2室1厅 北,"光大景湖湾畔 , 宏远南",2室1厅,71.06平米,北,,中楼层(共11层) ,,板塔结合,96 万,13510 元,0,,6天以前发布,VR房源 | 房本满五年,https://dg.lianjia.com/ershoufang/105122509875.html
此房是方正三房，业主家保养很好。,"金丰商业街 , 宏远北",3室2厅,96.08平米,南,简装,低楼层(共7层) ,,塔楼,83 万,8639 元,3,,,VR看装修 | 房本满五年,https://dg.lianjia.com/ershoufang/105111524253.html
万科城中间楼层四房出售 诚心卖 产权清晰,"南部湾万科城 , 大宁",4室2厅,118.92平米,西南,,中楼层(共34层) ,,塔楼,235 万,19762 元,0,,,VR看装修,https://dg.lianjia.com/ershoufang/105121758430.html
虎门龙泉广场 旁边实惠3房 有红本可过户,"虎门人民路169号 , 黄河中心",3室1厅,84.1平米,东南,简装,高楼层(共6层) ,,板楼,30.8 万,3663 元,4,,,VR房源 | 房本满五年,https://dg.lianjia.com/ershoufang/105121383038.html
莞城龙光君御旗峰豪园，大隐于市的圈层社交大宅,"君御旗峰豪园 , 东莞行政中心区",5室2厅,311.47平米,南,精装,低楼层(共34层) ,,塔楼,898 万,28832 元,0,,31天以前发布,近地铁 | VR房源 | 随时看房,https://dg.lianjia.com/ershoufang/105122252189.html
奶油风格高层精装修三房两厅两卫，南北对流,"中熙玖颂江湾 , 石碣镇",3室2厅,96.87平米,南 北,精装,中楼层(共31层) ,,塔楼,135 万,13937 元,1,,,VR看装修 | 房本满五年 | 随时看房,https://dg.lianjia.com/ershoufang/105121827372.html
虎门g有土地，新老莞人可买，70平上下三层，有露台,"东方中上一巷 , 黄河中心",2室2厅,70.32平米,南,精装,低楼层(共3层) ,,,36 万,5120 元,5,,,VR房源 | 房本满两年 | 随时看房,https://dg.lianjia.com/ershoufang/105120574489.html
沃多夫单间精装修，中间楼层，看莲花山，采光视野好,"沃多夫风临公馆 , 咸西",1室0厅,44.39平米,北,,33层 ,,塔楼,58 万,13067 元,1,,,VR房源 | 房本满五年 | 随时看房,https://dg.lianjia.com/ershoufang/105120129781.html
天虹旁东港城精装2房，南向，无欠款，产权清晰,"东港城(塘厦) , 塘厦镇",2室2厅,78.24平米,南,精装,29层 ,,板塔结合,62 万,7925 元,2,,,VR看装修 | 房本满五年 | 随时看房,https://dg.lianjia.com/ershoufang/105120554929.html
东城富怡物业电梯3房2厅 通风采光好 看房方便,"富怡物业 , 花园新村",3室2厅,126平米,东南,简装,高楼层(共9层) ,,塔楼,68 万,5397 元,1,,,VR看装修 | 房本满五年,https://dg.lianjia.com/ershoufang/105120208770.html
都市华府 三房两卫带一个大平台 南北通户型,"都市华府 , 常平镇",3室2厅,86.55平米,南,,25层 ,,塔楼,128 万,14790 元,1,,,VR看装修 | 房本满五年,https://dg.lianjia.com/ershoufang/105118361439.html
小区小高层三房，景观好，采光好。,"利澳花园 , 沙田镇",3室2厅,95.39平米,西南,简装,高楼层(共6层) ,,板塔结合,52 万,5452 元,4,,,VR看装修 | 房本满五年 | 随时看房,https://dg.lianjia.com/ershoufang/105119154840.html
东城万达旁 天宝站边上 碧桂园物业 精装方正3居室,"碧桂园ParkRoyal公馆 , 学院路",3室2厅,97.08平米,北,精装,中楼层(共30层) ,,塔楼,85 万,8756 元,4,,,近地铁 | 随时看房,https://dg.lianjia.com/ershoufang/105121419317.html
时富城东世家，小三房，朝东南，急卖,"时富花园 , 寮步",3室2厅,84.08平米,南,精装,高楼层(共11层) ,,板塔结合,106 万,12608 元,2,,,VR看装修 | 房本满五年 | 随时看房,https://dg.lianjia.com/ershoufang/105118216637.html
松山湖北寮步万科松湖传奇南向温馨2房安静看花园急卖,"万科松湖传奇 , 寮步",2室2厅,64.89平米,南,精装,低楼层(共34层) ,,板塔结合,76 万,11713 元,4,,,VR房源 | 房本满五年 | 随时看房,https://dg.lianjia.com/ershoufang/105116624550.html
石竹新花园 精装修三房 家门口北部,"石竹新花园 , 石竹",3室2厅,105.4平米,西北,精装,高楼层(共16层) ,,板塔结合,199 万,18881 元,1,,,近地铁 | VR看装修 | 房本满五年 | 随时看房,https://dg.lianjia.com/ershoufang/105122055975.html
华南花园 3室2厅 南,"华南花园 , 石龙镇",3室2厅,106.99平米,南,简装,28层 ,,板塔结合,50 万,4674 元,0,,,VR看装修 | 随时看房,https://dg.lianjia.com/ershoufang/105122146708.html
新世纪领居B区  双阳台对流  舒适户型,"新世纪领居B区 , 大岭山镇",4室2厅,157.61平米,东南,,高楼层(共18层) ,,板塔结合,248 万,15736 元,0,,,VR房源 | 房本满五年,https://dg.lianjia.com/ershoufang/105121850944.html
CBD石竹新花园四房、业主诚意出售！,"石竹新花园 , 石竹",4室1厅,139平米,东南,精装,中楼层(共16层) ,,板塔结合,300 万,21583 元,0,,,近地铁 | VR房源 | 房本满两年,https://dg.lianjia.com/ershoufang/105121974339.html
新园中区，2房格局方正 ，业主急售，价格可刀,"新园中区 , 太平广场",2室1厅,61.36平米,南,简装,中楼层(共6层) ,,板楼,52 万,8475 元,1,,,VR看装修 | 房本满五年,https://dg.lianjia.com/ershoufang/105117942524.html
地铁江景房，全屋窗景看江 楼层景观好,"海伦湾 , 石龙镇",3室2厅,97.28平米,北,毛坯,高楼层(共28层) ,,板塔结合,105 万,10794 元,0,,,VR看装修 | 房本满两年 | 随时看房,https://dg.lianjia.com/ershoufang/105114817789.html
星河传说 南北对流大3房 采光好 位置安静,"星河传说聚星岛A区 , 石井",3室2厅,150.59平米,东,精装,中楼层(共12层) ,,塔楼,335 万,22246 元,1,,,VR房源 | 房本满五年,https://dg.lianjia.com/ershoufang/105119826094.html
朝花园，通风采光好 ，业主自住保养好,"东湖花园 , 罗沙",2室2厅,88平米,南,精装,33层 ,,板塔结合,99 万,11250 元,0,,,VR房源 | 房本满五年 | 随时看房,https://dg.lianjia.com/ershoufang/105116668766.html
万科高尔夫花园大三房，随时可看房,"万科城市高尔夫花园 , 寮步",3室2厅,125.95平米,南,简装,24层 ,,板塔结合,170 万,13498 元,1,,,VR看装修 | 房本满五年 | 随时看房,https://dg.lianjia.com/ershoufang/105121500151.html
翠珑湾五期   公寓  带精装修   业主诚心卖,"星城翠珑湾五期 , 寮步",2室2厅,61.82平米,南,精装,中楼层(共21层) ,,板塔结合,65 万,10515 元,1,,,房本满五年,https://dg.lianjia.com/ershoufang/105103901927.html
此房朝东南向，户型方正，采光好，业主诚意出售,"宏远时代广场 , 运河东",2室2厅,140.3平米,东南,简装,中楼层(共20层) ,,塔楼,115 万,8197 元,0,,,VR房源 | 随时看房,https://dg.lianjia.com/ershoufang/105120959998.html
视野开阔无遮挡，精装修三房，中高楼层的，业主急售。,"南部湾万科城 , 大宁",3室2厅,93.48平米,东南,精装,高楼层(共29层) ,,板楼,155 万,16582 元,0,,,VR看装修 | 房本满五年,https://dg.lianjia.com/ershoufang/105120480375.html
朝小区带阳台单间，商品住宅性质电梯房,"时尚岛蓝钻 , 鸿福路口",1室0厅,30.19平米,西南,精装,中楼层(共24层) ,,板楼,39.9 万,13217 元,0,,6天以前发布,VR房源 | 房本满五年 | 随时看房,https://dg.lianjia.com/ershoufang/105122504580.html
新世纪星城明星3房户型，朝南向，中高楼层,"新世纪星城(一二)期 , 温塘",3室2厅,103平米,南,精装,中楼层(共17层) ,,板塔结合,181 万,17573 元,0,,,VR看装修 | 随时看房,https://dg.lianjia.com/ershoufang/105121521615.html
丰泰华园山庄 高层看湖 精装3房 户型实用 采光通风好,"丰泰华园山庄 , 新联",3室1厅,118.02平米,东南,精装,中楼层(共12层) ,,塔楼,120 万,10168 元,6,,,VR房源 | 房本满五年 | 随时看房,https://dg.lianjia.com/ershoufang/105112411579.html
华园大平层，换房可选，目前在卖的很好的四房。,"丰泰华园山庄 , 新联",4室3厅,256.98平米,东南,简装,低楼层(共12层) ,,板塔结合,380 万,14788 元,2,,,VR房源 | 房本满两年 | 随时看房,https://dg.lianjia.com/ershoufang/105110456988.html
金龙花园 4室2厅 南 北,"金龙花园 , 横沥镇",4室2厅,103.81平米,南 北,,中楼层(共5层) ,,板楼,85 万,8189 元,0,,8天以前发布,VR房源 | 房本满五年,https://dg.lianjia.com/ershoufang/105122480424.html
满五唯一，朝南看别墅区，视野无遮挡,"御河湾花园 , 横沥镇",3室1厅,95.7平米,东南,毛坯,中楼层(共32层) ,,板塔结合,85 万,8882 元,0,,,VR房源 | 房本满五年 | 随时看房,https://dg.lianjia.com/ershoufang/105119215892.html
看房方便，中间楼层，精装交付标准，带产权车位,"招商雍景湾 , 横沥镇",4室2厅,117.93平米,东南,精装,25层 ,,板塔结合,180 万,15264 元,0,,25天以前发布,VR房源 | 房本满两年 | 随时看房,https://dg.lianjia.com/ershoufang/105122313370.html
满五唯一 方正户型 一梯两户南北对流,"光大景湖花园 , 东泰",3室2厅,116.5平米,东南,简装,中楼层(共5层) ,,板楼,160 万,13734 元,0,,,VR房源 | 随时看房,https://dg.lianjia.com/ershoufang/105120385034.html
城市风景  精装2房1厅1卫 真诚心出售,"城市风景 , 石竹",2室1厅,66.69平米,东南,精装,15层 ,,板楼,87.9 万,13181 元,0,,,VR看装修 | 房本满五年 | 随时看房,https://dg.lianjia.com/ershoufang/105122097348.html
全屋定制精装修带家私电器，好楼层，舒适大三房,"旭辉江山墅 , 石排镇",3室2厅,115.78平米,东南 南,精装,高楼层(共33层) ,,塔楼,188 万,16238 元,0,,,VR看装修 | 房本满两年 | 随时看房,https://dg.lianjia.com/ershoufang/105122237035.html
鲁能公馆 刚需小三居 正南朝向 拎包入住,"鲁能公馆 , 茶山镇",3室2厅,78.44平米,西南,,32层 ,,板塔结合,105 万,13387 元,0,,13天以前发布,近地铁 | VR房源 | 随时看房,https://dg.lianjia.com/ershoufang/105122422598.html
精装大三房，带地下室车位，银行无欠款！,"中惠沁林山庄 , 大岭山镇",3室2厅,117.17平米,南 北,精装,高楼层(共25层) ,,板楼,138 万,11778 元,0,,,VR房源 | 房本满两年,https://dg.lianjia.com/ershoufang/105115465505.html
使用率高 双层复式 整体装修保养不错，视野好采光好,"保利珑远国际广场 , 石竹",1室1厅,40.9平米,南,精装,低楼层(共17层) ,,塔楼,38 万,9291 元,0,,,房本满五年 | 随时看房,https://dg.lianjia.com/ershoufang/105121541349.html
南城次新万科小区，全新未入住，保养好，满五唯一,"万科·金色城品 , 宏远南",3室2厅,91.48平米,东南,精装,26层 ,,塔楼,185 万,20223 元,4,,,VR看装修 | 房本满两年 | 随时看房,https://dg.lianjia.com/ershoufang/105121258406.html
人民公园旁 东湖花园 三房两厅双阳台 采光通风好,"东湖花园 , 罗沙",3室2厅,115平米,南,简装,33层 ,,板塔结合,120 万,10435 元,2,,,VR房源 | 房本满五年 | 随时看房,https://dg.lianjia.com/ershoufang/105119558976.html
95平方三房，总价低，装修保养好，楼层好位置安静,"保利红珊瑚花园 , 松山湖",3室1厅,95.02平米,东,,高楼层(共25层) ,,塔楼,283 万,29784 元,1,,29天以前发布,VR房源 | 房本满五年 | 随时看房,https://dg.lianjia.com/ershoufang/105122276067.html
石竹新花园  门口北部 两房少有平层格局 安静中间层,"石竹新花园 , 石竹",2室2厅,91.98平米,南,精装,中楼层(共11层) ,,板塔结合,145 万,15765 元,0,,24天以前发布,近地铁 | VR房源 | 房本满五年 | 随时看房,https://dg.lianjia.com/ershoufang/105122319310.html
华毅花园朝南两房业主诚意出售楼层好,"华毅花园 , 石龙镇",2室2厅,73.87平米,南,简装,低楼层(共6层) ,,板塔结合,40 万,5415 元,0,,18天以前发布,VR房源 | 房本满五年,https://dg.lianjia.com/ershoufang/105122371001.html
南向大3房，带30平大露台，9成新装修，总价低,"世纪城国际公馆三期仁里 , 西平",3室2厅,125.93平米,西南,精装,低楼层(共16层) ,,塔楼,305 万,24220 元,1,,,VR房源 | 房本满五年,https://dg.lianjia.com/ershoufang/105120869052.html
高层 精装两房 省个税 诚意出售,"世纪城国际公馆四期香榭里 , 西平",3室2厅,89.63平米,东南,精装,中楼层(共18层) ,,板塔结合,190 万,21199 元,1,,,VR看装修 | 房本满五年 | 随时看房,https://dg.lianjia.com/ershoufang/105121580531.html
天利新上高层四房，装修保养好，拎包即可入住,"天利中央花园 , 西平",4室2厅,128.51平米,东南,,中楼层(共30层) ,,板塔结合,368 万,28636 元,2,,20天以前发布,近地铁 | VR看装修 | 随时看房,https://dg.lianjia.com/ershoufang/105122353428.html
大平层，使用率高。朝南看别墅区,"世纪城国际公馆四期香榭里 , 西平",5室1厅,191平米,东南,毛坯,中楼层(共16层) ,,板塔结合,530 万,27749 元,1,,,VR房源 | 房本满五年 | 随时看房,https://dg.lianjia.com/ershoufang/105120737369.html
朝向好阳光充足较为安静配套设施较为齐全,"地标大厦 , 地标",3室2厅,100.81平米,西南,精装,低楼层(共25层) ,,塔楼,120 万,11904 元,0,,,VR看装修 | 房本满五年 | 随时看房,https://dg.lianjia.com/ershoufang/105112545778.html
香茶郡4房！高层安静朝南！无欠款保养新！价格可谈！,"香茶郡 , 茶山镇",4室2厅,96.79平米,南,精装,18层 ,,板塔结合,115 万,11882 元,1,,,VR看装修 | 房本满五年 | 随时看房,https://dg.lianjia.com/ershoufang/105122243846.html
全新交付未入住 高层看花园景观视野舒适,"珑远翠珑湾 , 寮步",3室2厅,97.95平米,东南,精装,高楼层(共30层) ,,塔楼,222 万,22665 元,1,,,VR看装修 | 房本满两年 | 随时看房,https://dg.lianjia.com/ershoufang/105118522950.html
新城区沃尔玛旁边小三房 正南向 户型方正实用率高,"卓越大厦 , 石龙镇",3室2厅,94.17平米,南,精装,高楼层(共25层) ,,板塔结合,83 万,8814 元,1,,,VR看装修 | 房本满五年 | 随时看房,https://dg.lianjia.com/ershoufang/105117056159.html
飞机户型四房 使用面积180平米 大阳台朝南正对泳池,"滨江公馆 , 万江中心",4室1厅,140.6平米,南,精装,中楼层(共18层) ,,板楼,225 万,16003 元,4,,,VR看装修 | 房本满五年,https://dg.lianjia.com/ershoufang/105110531984.html
碧桂园精装三房朝花园，大客厅视野好,"碧桂园天麓山一期 , 塘厦镇",3室2厅,96.83平米,南,精装,24层 ,,板塔结合,90 万,9295 元,0,,,VR看装修 | 房本满五年 | 随时看房,https://dg.lianjia.com/ershoufang/105117739317.html
桥头鸿华尚城三房二厅二卫低价出售户型光线好,"鸿华I尚城 , 企石镇",3室1厅,89.32平米,西北,毛坯,低楼层(共23层) ,,板塔结合,68 万,7614 元,1,,,VR看装修 | 房本满五年 | 随时看房,https://dg.lianjia.com/ershoufang/105117873162.html
满五不唯一，东南朝向看花园小区，位置安静。,"南部湾万科城 , 大宁",3室2厅,96.56平米,东南,精装,34层 ,,塔楼,138.8 万,14375 元,2,,12天以前发布,VR房源 | 房本满五年 | 随时看房,https://dg.lianjia.com/ershoufang/105122441299.html
精装3房业主急售价格合适就可以出,"松湖溪岸 , 东坑镇",3室2厅,100.75平米,南,精装,高楼层(共30层) ,,板塔结合,103 万,10224 元,1,,,VR看装修 | 随时看房,https://dg.lianjia.com/ershoufang/105120500788.html
星河传说 精装三房户型 采光好 户型方正 诚意出售,"星河传说聚星岛A区 , 石井",3室2厅,128.53平米,西,精装,低楼层(共12层) ,,塔楼,285 万,22174 元,5,,,VR房源 | 房本满五年,https://dg.lianjia.com/ershoufang/105118333894.html
装修保养好，可以拎包即住，看房随时方便,"丰泰裕田花园 , 大宁",3室2厅,102.67平米,南 北,精装,中楼层(共12层) ,,板塔结合,125 万,12175 元,1,,,VR看装修 | 房本满五年,https://dg.lianjia.com/ershoufang/105114908204.html
金地湖山大境三期四房两厅两卫视野好,"金地湖山大境三期 , 黄江镇",4室1厅,145.66平米,南,毛坯,25层 ,,塔楼,192 万,13182 元,0,,,VR看装修 | 房本满五年 | 随时看房,https://dg.lianjia.com/ershoufang/105121529478.html
莞城城市花园 绿肺中-心 黄旗脚下 交通四通八达,"莞城城市花园 , 东平街",3室2厅,95.86平米,南,精装,中楼层(共8层) ,,板楼,140 万,14605 元,2,,,近地铁 | VR看装修 | 房本满两年,https://dg.lianjia.com/ershoufang/105118583552.html
总价低 电梯三房 入则宁静出则繁华,"兰苑大厦 , 黄河中心",3室2厅,93.52平米,南,简装,低楼层(共17层) ,,板塔结合,54.5 万,5828 元,4,,,VR看装修 | 房本满五年,https://dg.lianjia.com/ershoufang/105115802292.html
金域华府二期两房朝东南采光好无欠款,"万科金域华府二期 , 石竹",2室1厅,75.48平米,东南,精装,低楼层(共18层) ,,板楼,123 万,16296 元,5,,,VR看装修 | 房本满五年 | 随时看房,https://dg.lianjia.com/ershoufang/105120465399.html
天虹楼上全屋定制大四房出售，地铁口物业，可带车位,"地标广场 , 地标",4室2厅,136.58平米,东南,精装,33层 ,,板塔结合,258 万,18891 元,2,,,VR房源 | 房本满五年,https://dg.lianjia.com/ershoufang/105118742115.html
清新精致充满艺术气息实用率高二房，广阔市府广场景观,"尚书银座 , 东莞图书馆",2室1厅,42.98平米,西北,精装,中楼层(共23层) ,,塔楼,96 万,22336 元,0,,18天以前发布,近地铁 | VR房源 | 房本满五年 | 随时看房,https://dg.lianjia.com/ershoufang/105122373492.html
万科幸福城 精装修未住过3房2卫 随时可以看,"万科幸福城 , 上下桥",3室2厅,95.36平米,南 北,,中楼层(共18层) ,,塔楼,168 万,17618 元,4,,,VR房源 | 房本满五年 | 随时看房,https://dg.lianjia.com/ershoufang/105120998416.html
万科金色悦府高楼层精装3房诚意出售,"万科金色悦府 , 宵边",3室2厅,95平米,南,精装,32层 ,,板塔结合,210 万,22106 元,0,,,VR看装修,https://dg.lianjia.com/ershoufang/105122063429.html
此房朝向好 楼层佳 视野开阔 业主诚心出售,"南部湾万科城 , 大宁",3室2厅,94.48平米,南,精装,高楼层(共18层) ,,塔楼,153 万,16194 元,0,,,VR看装修 | 房本满五年,https://dg.lianjia.com/ershoufang/105120310195.html
此房视野好，满五唯一，业主诚心出售,"华艺海滨花园 , 黄河中心",3室2厅,84.37平米,西北,简装,中楼层(共23层) ,,塔楼,68 万,8060 元,0,,,VR房源 | 房本满五年 | 随时看房,https://dg.lianjia.com/ershoufang/105121594577.html
情景美墅大三房，南北通透，小区中间，满五唯一无欠款,"江南第一城 , 宏远北",3室2厅,106.72平米,南 北,精装,中楼层(共5层) ,,板塔结合,150 万,14056 元,7,,,VR房源 | 房本满五年,https://dg.lianjia.com/ershoufang/105122129754.html
振业松湖雅苑 3室2厅 东南,"振业松湖雅苑 , 寮步",3室2厅,89.42平米,东南,,低楼层(共11层) ,,塔楼,108 万,12078 元,0,,,VR房源 | 房本满五年,https://dg.lianjia.com/ershoufang/105122069833.html
虎门一号毛坯  4房南北通 看房方便,"虎门一号 , 地标",4室2厅,169.6平米,南,毛坯,中楼层(共18层) ,,塔楼,236 万,13916 元,2,,,VR看装修 | 房本满五年 | 随时看房,https://dg.lianjia.com/ershoufang/105110912217.html
世纪康城电梯中高层3房2厅2卫，视野开阔，业主诚意售,"世纪康城 , 常平镇",3室2厅,101平米,南,精装,中楼层(共20层) ,,板塔结合,96 万,9505 元,3,,,VR看装修 | 房本满五年,https://dg.lianjia.com/ershoufang/105112138778.html
新世纪颐龙湾3房2厅2卫精装   房子无欠款，交易便捷,"新世纪颐龙湾 , 高埗镇",3室2厅,105.67平米,北,精装,中楼层(共26层) ,,板塔结合,126.8 万,12000 元,1,,,VR看装修 | 随时看房,https://dg.lianjia.com/ershoufang/105121288474.html
恒大御湖通车库两房 中楼层，装修好，诚意卖房,"百悦尚城三期恒大御湖 , 南城车站",2室1厅,87.45平米,西南,精装,中楼层(共18层) ,,板塔结合,150 万,17153 元,0,,,VR房源 | 房本满五年,https://dg.lianjia.com/ershoufang/105122068992.html
南部湾精装四房，业主诚心出售，高层朝南安静,"南部湾万科城 , 大宁",4室2厅,118.87平米,西南,精装,中楼层(共34层) ,,塔楼,230 万,19349 元,2,,,VR看装修 | 房本满五年 | 随时看房,https://dg.lianjia.com/ershoufang/105111080697.html
东鸿大厦3房1厅出售，朝东，采光好，通风，鸿福路地段,"东鸿大厦 , 鸿福路口",3室1厅,92.3平米,东南,简装,中楼层(共8层) ,,,90 万,9751 元,0,,,VR看装修 | 房本满两年 | 随时看房,https://dg.lianjia.com/ershoufang/105122080406.html
小区环境好，配套齐全，户型通透，通风效果好,"万达华府 , 万达",1室1厅,52平米,东南,精装,低楼层(共28层) ,,板塔结合,33 万,6347 元,6,,,随时看房,https://dg.lianjia.com/ershoufang/105113210968.html
旭辉江山墅116平大三房，室内光线充足，保养好,"旭辉江山墅 , 石排镇",3室2厅,115.78平米,南,,高楼层(共33层) ,,塔楼,179 万,15461 元,0,,,VR看装修,https://dg.lianjia.com/ershoufang/105120953315.html
公务员小区 管理很安全 小区环境配套好,"石碣新洲路61号 , 石碣镇",3室2厅,97.68平米,南,,中楼层(共7层) ,,,68 万,6962 元,0,,,VR看装修 | 房本满五年 | 随时看房,https://dg.lianjia.com/ershoufang/105122192602.html
86平3房，总价26万，低价上车好房源,"帝都花园一期 , 樟木头镇",3室2厅,88平米,南,精装,高楼层(共7层) ,,塔楼,22.8 万,2591 元,7,,,VR房源 | 房本满五年,https://dg.lianjia.com/ershoufang/105120468105.html
东海城堡内比较少的一楼带花园的复式房，三房做6房,"丰泰东海城堡 , 新联",6室2厅,102.08平米,东南 南,精装,低楼层(共15层) ,,板塔结合,230 万,22532 元,2,,,VR房源 | 房本满五年,https://dg.lianjia.com/ershoufang/105115587237.html
联华花园城98平三房 格局装修保养好业主诚意出售,"联华花园城 , 上下桥",3室1厅,98.93平米,北,精装,中楼层(共17层) ,,板塔结合,130 万,13141 元,0,,7天以前发布,VR房源,https://dg.lianjia.com/ershoufang/105122492349.html
滨海湾新区，天虹商圈，精装2房2厅诚意出售。,"地标广场 , 地标",2室1厅,78.44平米,南,精装,28层 ,,板塔结合,140 万,17849 元,3,,,VR看装修 | 房本满五年 | 随时看房,https://dg.lianjia.com/ershoufang/105110495246.html
横沥新小区，五星园林景，高楼层全新未入住！,"碧桂园松湖明珠 , 横沥镇",3室1厅,92.15平米,东南,简装,高楼层(共26层) ,,,125 万,13565 元,0,,,VR房源 | 房本满两年 | 随时看房,https://dg.lianjia.com/ershoufang/105121730089.html
新世纪颐和居 四房满五不唯一 拎包入住 。,"新世纪颐和居 , 厚街镇",2室2厅,85.79平米,东南,,17层 ,,板塔结合,95 万,11074 元,0,,,近地铁 | VR看装修 | 房本满五年,https://dg.lianjia.com/ershoufang/105122198499.html
住宅性质，小区，入户首先，看房方便，户型通透,"聚豪名轩 , 石龙镇",1室1厅,43.71平米,南,简装,低楼层(共30层) ,,板塔结合,35 万,8008 元,0,,24天以前发布,VR看装修 | 房本满两年 | 随时看房,https://dg.lianjia.com/ershoufang/105122324212.html
翡翠山湖 2室1厅 北,"翡翠山湖 , 凤岗镇",2室1厅,87.2平米,北,精装,17层 ,,塔楼,92 万,10551 元,0,,14天以前发布,VR房源 | 房本满五年 | 随时看房,https://dg.lianjia.com/ershoufang/105122412554.html
天钻新上好房！全新三房急售随时可看,"松湖碧桂园·天钻 , 大岭山镇",3室2厅,97.51平米,南,,高楼层(共31层) ,,塔楼,159 万,16307 元,0,,,VR看装修 | 随时看房,https://dg.lianjia.com/ershoufang/105121704971.html
镇府旁小区 配套完善 交通便利 新装修 拎包入住,"兰苑大厦 , 黄河中心",2室1厅,96.33平米,南,精装,高楼层(共17层) ,,板塔结合,78 万,8098 元,2,,,VR房源 | 房本满五年 | 随时看房,https://dg.lianjia.com/ershoufang/105120586586.html
价格便宜，室内重新装修过 保养挺不错,"虎门一号 , 地标",1室1厅,36.36平米,南,精装,低楼层(共11层) ,,塔楼,26 万,7151 元,0,,12天以前发布,VR房源 | 随时看房,https://dg.lianjia.com/ershoufang/105122435073.html
瓷砖到顶大三房两卫，无抵押，税费低，价格可谈,"长裕棕榈园 , 横沥镇",3室2厅,122.03平米,北,简装,16层 ,,塔楼,110 万,9015 元,1,,,VR看装修 | 房本满五年,https://dg.lianjia.com/ershoufang/105117644283.html
湖山大境3期墅景电梯洋房，业主诚心卖，价格可谈,"金地湖山大境三期 , 黄江镇",3室2厅,102.82平米,南,毛坯,12层 ,,塔楼,125 万,12158 元,1,,25天以前发布,VR看装修 | 房本满五年 | 随时看房,https://dg.lianjia.com/ershoufang/105122316133.html
名流印象花园一期 3室2厅 南,"名流印象花园一期 , 凤岗镇",3室2厅,88.6平米,南,毛坯,31层 ,,板塔结合,108 万,12190 元,0,,,VR房源 | 房本满五年 | 随时看房,https://dg.lianjia.com/ershoufang/105122064160.html
一线江景房，精装修 业主自己住保养好，采光好,"保利锦城二期 , 茶山镇",3室1厅,103.8平米,南,精装,中楼层(共32层) ,,塔楼,133 万,12814 元,0,,,VR房源 | 房本满五年,https://dg.lianjia.com/ershoufang/105122044447.html
带露台的电梯大四房，业主诚意出售,"飞龙山庄 , 黄河中心",4室2厅,145.98平米,东南,精装,中楼层(共9层) ,,塔楼,165 万,11303 元,2,,,VR房源 | 房本满两年 | 随时看房,https://dg.lianjia.com/ershoufang/105115085769.html
户型方正，通风好，采光佳，业主诚心卖,"金地博登湖三期澜庭 , 塘厦镇",3室2厅,101平米,南,,29层 ,,板塔结合,145 万,14357 元,0,,,VR房源 | 房本满五年,https://dg.lianjia.com/ershoufang/105119838643.html
虎门天虹楼上二期三房 保养好诚意出售,"地标广场 , 地标",3室2厅,90.98平米,南,精装,16层 ,,板塔结合,178 万,19565 元,0,,,VR看装修 | 房本满五年 | 随时看房,https://dg.lianjia.com/ershoufang/105121708820.html
横沥镇时代倾城复式两房精装修朝南,"时代倾城 , 横沥镇",3室1厅,50.16平米,南,简装,19层 ,,塔楼,35 万,6978 元,3,,,房本满五年,https://dg.lianjia.com/ershoufang/105117419410.html
沙田信鸿蔚蓝海岸大四房满五唯一急售,"信鸿蔚蓝海岸 , 沙田镇",4室2厅,123.44平米,南,毛坯,高楼层(共32层) ,,板塔结合,145 万,11747 元,1,,,VR看装修 | 房本满五年 | 随时看房,https://dg.lianjia.com/ershoufang/105117410404.html
满五唯一无欠款，采光充足东南朝向,"东方银座中心城 , 大朗镇",1室1厅,39.36平米,东南,,中楼层(共22层) ,,板塔结合,15 万,3811 元,0,,7天以前发布,房本满五年 | 随时看房,https://dg.lianjia.com/ershoufang/105122489719.html
海伦国际  装修别墅  业主自住，保养干净,"海伦国际 , 寮步",6室2厅,165.92平米,东南,,4层 ,,板塔结合,375 万,22602 元,0,,,VR房源 | 房本满五年 | 随时看房,https://dg.lianjia.com/ershoufang/105120900520.html
松山湖旁，中惠松湖城三期大四房，业主自住标准保养好,"中惠松湖城三期 , 寮步",4室1厅,121.65平米,南,精装,26层 ,,塔楼,198 万,16277 元,0,,,VR看装修 | 房本满五年 | 随时看房,https://dg.lianjia.com/ershoufang/105121792813.html
安娜花园复式两房，视野开阔，楼上楼下动静分明！,"安娜花园 , 横沥镇",2室1厅,105平米,西南,简装,高楼层(共6层) ,,塔楼,49 万,4667 元,0,,,VR房源 | 房本满五年 | 随时看房,https://dg.lianjia.com/ershoufang/105122019472.html
翠珑湾南北通透大三房 业主诚心出售,"星城翠珑湾三期 , 寮步",3室2厅,115.86平米,南 北,精装,高楼层(共29层) ,,塔楼,238 万,20543 元,0,,,VR看装修 | 房本满五年,https://dg.lianjia.com/ershoufang/105115902412.html
利通花园 采光好 朝南 安静宜居 停车方便,"利通花园 , 花园新村",3室2厅,113.41平米,南,精装,低楼层(共18层) ,,板楼,118 万,10405 元,0,,,VR看装修,https://dg.lianjia.com/ershoufang/105120120412.html
名流印象花园一期 3室2厅 南,"名流印象花园一期 , 凤岗镇",3室2厅,88.6平米,南,毛坯,31层 ,,板塔结合,108 万,12190 元,0,,,VR房源 | 房本满五年 | 随时看房,https://dg.lianjia.com/ershoufang/105122064160.html
金泽花园三房，高层，带租约出售,"金泽花园 , 东平街",3室1厅,120.05平米,南,精装,19层 ,,塔楼,150 万,12495 元,4,,,近地铁 | VR看装修 | 房本满两年 | 随时看房,https://dg.lianjia.com/ershoufang/105112541014.html
二期低楼层看游泳池看大花园精装修,"东城中心 , 黄旗山",2室2厅,109平米,东南,精装,低楼层(共8层) ,,塔楼,116 万,10643 元,1,,25天以前发布,近地铁 | VR看装修 | 房本满五年 | 随时看房,https://dg.lianjia.com/ershoufang/105122311693.html
方正3房 地铁口物业 业主诚心出售,"东城中心 , 黄旗山",3室2厅,120平米,南,简装,低楼层(共8层) ,,塔楼,120 万,10000 元,2,,,近地铁 | VR房源 | 随时看房,https://dg.lianjia.com/ershoufang/105121297088.html
东南向看花园跃式户型高档装修诚意出手,"雍华庭 , 东平街",3室2厅,139.7平米,东南,,中楼层(共11层) ,,塔楼,230 万,16464 元,0,,,近地铁 | VR房源 | 随时看房,https://dg.lianjia.com/ershoufang/105121203088.html
雁田步行街楼上 低层实用大三房，采光好诚心出售,"丰田新村 , 凤岗镇",3室2厅,106.1平米,北,简装,低楼层(共7层) ,,板塔结合,114 万,10745 元,0,,14天以前发布,VR房源 | 房本满五年 | 随时看房,https://dg.lianjia.com/ershoufang/105122420809.html
中惠华庭大三房 步梯房高层采光通风好,"中惠华庭 , 黄旗山",3室2厅,117平米,东南,简装,高楼层(共7层) ,,板塔结合,73 万,6240 元,3,,,近地铁 | VR房源 | 房本满五年 | 随时看房,https://dg.lianjia.com/ershoufang/105120802865.html
金丰花园精装三房 好楼层低价位  拎包入住,"金丰花园天景居 , 宏远北",3室2厅,85.3平米,西北,精装,中楼层(共7层) ,,板塔结合,89 万,10434 元,0,,,VR看装修 | 房本满五年 | 随时看房,https://dg.lianjia.com/ershoufang/105121497948.html
南城综艺曼哈顿业主诚意出售两房,"综艺曼哈顿时代 , 鸿福路口",2室1厅,79.48平米,南,精装,高楼层(共25层) ,,板塔结合,99 万,12456 元,0,,,VR房源 | 房本满五年 | 随时看房,https://dg.lianjia.com/ershoufang/105121100280.html
高楼层 视野很好 房子全屋定制保养好,"南部湾万科城 , 大宁",4室2厅,118.95平米,西南,,高楼层(共29层) ,,塔楼,245 万,20597 元,0,,,VR房源 | 房本满五年,https://dg.lianjia.com/ershoufang/105119590479.html
三房两卫，户型方正，位置安静，看房方便.价格可议,"金丰花园天景居 , 宏远北",4室2厅,139.08平米,西北,简装,中楼层(共6层) ,,板塔结合,190 万,13662 元,0,,,VR房源 | 房本满五年 | 随时看房,https://dg.lianjia.com/ershoufang/105117770752.html
安静舒适，中间楼层看花园，视野开阔，采光通风佳,"江南雅筑 , 宏远北",2室1厅,52.27平米,东南,简装,中楼层(共11层) ,,板塔结合,68 万,13010 元,4,,,VR房源 | 房本满五年,https://dg.lianjia.com/ershoufang/105118124282.html
业主自住房 全屋定制 朝南向，采光通风好 随时可看,"中信观澜凯旋城 , 塘厦镇",3室2厅,100.48平米,南,精装,31层 ,,板塔结合,156 万,15526 元,1,,,VR看装修 | 房本满五年 | 随时看房,https://dg.lianjia.com/ershoufang/105119615956.html
莞城英文就在楼下 满五为一大4房 不欠款,"聚福豪苑 , 东平街",4室2厅,162.74平米,北,简装,21层 ,,板塔结合,185 万,11368 元,1,,30天以前发布,VR房源 | 房本满两年,https://dg.lianjia.com/ershoufang/105122264355.html
横沥新小区，五星园林景，高楼层全新未入住！,"碧桂园松湖明珠 , 横沥镇",3室1厅,92.15平米,东南,简装,高楼层(共26层) ,,,125 万,13565 元,0,,,VR房源 | 房本满两年 | 随时看房,https://dg.lianjia.com/ershoufang/105121730089.html
伟隆国际二期三房二厅二卫 阳台外边有一大平台,"伟隆国际澜郡 , 茶山镇",3室1厅,102.19平米,南,简装,低楼层(共17层) ,,塔楼,127 万,12428 元,2,,,VR房源 | 房本满五年,https://dg.lianjia.com/ershoufang/105120240182.html
横沥镇时代倾城复式两房精装修朝南,"时代倾城 , 横沥镇",3室1厅,50.16平米,南,简装,19层 ,,塔楼,35 万,6978 元,3,,,房本满五年,https://dg.lianjia.com/ershoufang/105117419410.html
新世纪颐和居 四房满五不唯一 拎包入住 。,"新世纪颐和居 , 厚街镇",2室2厅,85.79平米,东南,,17层 ,,板塔结合,95 万,11074 元,0,,,近地铁 | VR看装修 | 房本满五年,https://dg.lianjia.com/ershoufang/105122198499.html
翡翠山湖 2室1厅 北,"翡翠山湖 , 凤岗镇",2室1厅,87.2平米,北,精装,17层 ,,塔楼,92 万,10551 元,0,,14天以前发布,VR房源 | 房本满五年 | 随时看房,https://dg.lianjia.com/ershoufang/105122412554.html
中惠悦峰 3室2厅 南,"中惠悦峰 , 新联",3室2厅,99.28平米,南,,高楼层(共11层) ,,塔楼,120 万,12088 元,0,,,VR看装修 | 房本满两年 | 随时看房,https://dg.lianjia.com/ershoufang/105121749855.html
公务员小区 管理很安全 小区环境配套好,"石碣新洲路61号 , 石碣镇",3室2厅,97.68平米,南,,中楼层(共7层) ,,,68 万,6962 元,0,,,VR看装修 | 房本满五年 | 随时看房,https://dg.lianjia.com/ershoufang/105122192602.html
旭辉江山墅116平大三房，室内光线充足，保养好,"旭辉江山墅 , 石排镇",3室2厅,115.78平米,南,,高楼层(共33层) ,,塔楼,179 万,15461 元,0,,,VR看装修,https://dg.lianjia.com/ershoufang/105120953315.html
沙田碧桂园 125平  全新江景 四房两卫 诚售,"沙田碧桂园滨江豪园 , 沙田镇",4室2厅,125.06平米,南 北,精装,29层 ,,塔楼,175 万,13994 元,0,,,VR看装修 | 房本满两年 | 随时看房,https://dg.lianjia.com/ershoufang/105117605462.html
86平3房，总价26万，低价上车好房源,"帝都花园一期 , 樟木头镇",3室2厅,88平米,南,精装,高楼层(共7层) ,,塔楼,22.8 万,2591 元,7,,,VR房源 | 房本满五年,https://dg.lianjia.com/ershoufang/105120468105.html
东鸿大厦3房1厅出售，朝东，采光好，通风，鸿福路地段,"东鸿大厦 , 鸿福路口",3室1厅,92.3平米,东南,简装,中楼层(共8层) ,,,90 万,9751 元,0,,,VR看装修 | 房本满两年 | 随时看房,https://dg.lianjia.com/ershoufang/105122080406.html
带露台的电梯大四房，业主诚意出售,"飞龙山庄 , 黄河中心",4室2厅,145.98平米,东南,精装,中楼层(共9层) ,,塔楼,165 万,11303 元,2,,,VR房源 | 房本满两年 | 随时看房,https://dg.lianjia.com/ershoufang/105115085769.html
海伦国际  装修别墅  业主自住，保养干净,"海伦国际 , 寮步",6室2厅,165.92平米,东南,,4层 ,,板塔结合,375 万,22602 元,0,,,VR房源 | 房本满五年 | 随时看房,https://dg.lianjia.com/ershoufang/105120900520.html
沙田信鸿蔚蓝海岸大四房满五唯一急售,"信鸿蔚蓝海岸 , 沙田镇",4室2厅,123.44平米,南,毛坯,高楼层(共32层) ,,板塔结合,145 万,11747 元,1,,,VR看装修 | 房本满五年 | 随时看房,https://dg.lianjia.com/ershoufang/105117410404.html
金域名苑  电梯三房 朝南 户型方正,"金域名苑 , 东莞行政中心区",3室2厅,137.26平米,南,简装,低楼层(共20层) ,,塔楼,160 万,11657 元,0,,,VR房源 | 房本满五年 | 随时看房,https://dg.lianjia.com/ershoufang/105119380643.html
大型社区，环境好，小区安静，无嘈杂,"御景花园 , 樟木头镇",3室2厅,73平米,西南,,低楼层(共7层) ,,板塔结合,68 万,9316 元,0,,,VR房源 | 随时看房,https://dg.lianjia.com/ershoufang/105121823808.html
全湖景 朝南 方正户型  高楼层 视野宽阔采光充,"丰泰华园山庄 , 新联",3室1厅,109.98平米,南,简装,高楼层(共12层) ,,板塔结合,148 万,13457 元,2,,,VR房源 | 房本满五年 | 随时看房,https://dg.lianjia.com/ershoufang/105114463362.html
业主急卖 带精装 没欠款 过户快！,"天麟时代广场 , 大朗镇",3室1厅,98.13平米,东南 南,精装,低楼层(共28层) ,,塔楼,110 万,11210 元,5,,,VR看装修 | 房本满两年 | 随时看房,https://dg.lianjia.com/ershoufang/105120372668.html
物资大厦 3室2厅 东南,"物资大厦 , 横沥镇",3室2厅,82.2平米,东南,,5层 ,,板塔结合,35 万,4258 元,0,,12天以前发布,VR房源 | 房本满五年 | 随时看房,https://dg.lianjia.com/ershoufang/105122435647.html
满五唯一 小区中间位置安静舒适 配套齐全,"南部湾万科城 , 大宁",3室2厅,97平米,西,,34层 ,,塔楼,155 万,15980 元,0,,28天以前发布,VR看装修,https://dg.lianjia.com/ershoufang/105122285793.html
三期高层四房 视野景观好 看小区园林 双阳台  安静,"江南第一城 , 宏远北",4室2厅,105.81平米,东,精装,高楼层(共18层) ,,板塔结合,190 万,17957 元,0,,,VR看装修 | 房本满五年 | 随时看房,https://dg.lianjia.com/ershoufang/105122092594.html
业主自住精装，保养好，户型通透，采光不错，诚意出售,"海德琥珀台 , 火炼树",4室2厅,130.21平米,东南,精装,高楼层(共27层) ,,塔楼,350 万,26880 元,0,,,VR房源 | 房本满两年,https://dg.lianjia.com/ershoufang/105120462200.html
业主诚心出售，看房方便，满五不唯一。,"江南雅筑 , 宏远北",4室2厅,137平米,南,精装,高楼层(共17层) ,,板塔结合,220 万,16059 元,0,,,VR看装修 | 随时看房,https://dg.lianjia.com/ershoufang/105121916276.html
精装修，采光通风效果好，居住安静，价格美丽,"阳光海岸 , 客运总站",3室2厅,94平米,东北,,低楼层(共16层) ,,塔楼,119 万,12660 元,3,,,VR看装修 | 房本满五年 | 随时看房,https://dg.lianjia.com/ershoufang/105119453235.html
海德琥珀台 4室1厅 西南,"海德琥珀台 , 火炼树",4室1厅,131.2平米,西南,,低楼层(共32层) ,,板楼,340 万,25915 元,0,,,VR看装修 | 房本满两年,https://dg.lianjia.com/ershoufang/105121909604.html
近东城万科成熟小区，看高尔夫球场，产权清晰没有欠款,"万科城市高尔夫花园 , 寮步",3室2厅,119平米,南 北,精装,18层 ,,板塔结合,160 万,13446 元,1,,,VR看装修,https://dg.lianjia.com/ershoufang/105117225367.html
利丰中央公园1期120平双阳台四房,"利丰中央公园1期 , 石排镇",4室2厅,119.29平米,南 北,毛坯,低楼层(共31层) ,,板塔结合,140 万,11737 元,1,,,VR看装修 | 房本满五年 | 随时看房,https://dg.lianjia.com/ershoufang/105114910621.html
此房满五唯一 没有个税 中高楼屋 拎包入住,"南部湾万科城 , 大宁",4室2厅,141.65平米,南 北,精装,11层 ,,塔楼,335 万,23650 元,0,,,VR看装修 | 房本满五年 | 随时看房,https://dg.lianjia.com/ershoufang/105122120988.html
中高楼层南向通透户型带车位出售,"中惠松湖城一期 , 寮步",3室2厅,84.1平米,东南,精装,23层 ,,塔楼,120 万,14269 元,1,,,VR看装修 | 房本满五年 | 随时看房,https://dg.lianjia.com/ershoufang/105118562436.html
好房朝南 满五唯一 装修保养好 看房方便,"金地城南艺境 , 道滘镇",3室2厅,96.25平米,南,精装,33层 ,,塔楼,138 万,14338 元,0,,,VR看装修 | 房本满五年,https://dg.lianjia.com/ershoufang/105120464478.html
方正少有98平方正朝南户型，看游泳池。,"丰泰东海城堡 , 新联",3室2厅,97.75平米,南,精装,低楼层(共15层) ,,板塔结合,125 万,12788 元,1,,19天以前发布,VR房源 | 房本满五年,https://dg.lianjia.com/ershoufang/105122356557.html
别墅小区 朝南复式 户型方正实用 可塑性强,"杏花村 , 谢岗镇",4室2厅,196.15平米,南,毛坯,5层 ,,板楼,135 万,6883 元,0,,,VR房源 | 房本满五年 | 随时看房,https://dg.lianjia.com/ershoufang/105118754286.html
翔龙天地精装一房一厅诚意出售，,"翔龙天地 , 常平镇",1室1厅,45.7平米,南,精装,30层 ,,塔楼,58 万,12692 元,0,,21天以前发布,VR房源 | 随时看房,https://dg.lianjia.com/ershoufang/105122343341.html
金莎雅苑中高楼层两房，业主诚意出售，只卖49万,"金莎雅苑 , 大朗镇",2室1厅,38.16平米,西北,精装,高楼层(共15层) ,,塔楼,44 万,11531 元,3,,,VR看装修 | 房本满五年 | 随时看房,https://dg.lianjia.com/ershoufang/105111251784.html
荔景山庄 电梯顶楼大复式两层169平，带平台价格可谈,"荔景山庄 , 樟木头镇",4室2厅,169.64平米,北,简装,12层 ,,板塔结合,95 万,5601 元,4,,,VR房源 | 房本满两年 | 随时看房,https://dg.lianjia.com/ershoufang/105113993441.html
汇景城市中心一房 业主诚意出售中,"汇景城市中心 , 樟木头镇",1室0厅,45.8平米,北,简装,中楼层(共18层) ,,板楼,38 万,8297 元,0,,19天以前发布,随时看房,https://dg.lianjia.com/ershoufang/105122357979.html
双阳台、朝南、光照好、无抵押、急卖,"富怡花园 , 花园新村",3室2厅,123.88平米,东南,简装,高楼层(共8层) ,,板塔结合,98 万,7911 元,0,,12天以前发布,VR房源 | 房本满五年,https://dg.lianjia.com/ershoufang/105122444300.html
力通花园、莞城次新房22年批地、证过两年、高层无遮挡,"利通花园 , 花园新村",3室2厅,96.35平米,西北,精装,高楼层(共18层) ,,板楼,128 万,13285 元,0,,,VR看装修 | 房本满两年 | 随时看房,https://dg.lianjia.com/ershoufang/105116370989.html
德基广场 在售单价 醉低一套 随时看楼,"德基广场天悦 , 虎门公园",2室1厅,55.31平米,东,精装,中楼层(共22层) ,,板塔结合,55 万,9944 元,0,,5天以前发布,随时看房,https://dg.lianjia.com/ershoufang/105122511692.html
虎门万科城小高层大四房出售，位置特好,"南部湾万科城五期 , 大宁",4室2厅,143.02平米,东南,,高楼层(共16层) ,,板楼,310 万,21676 元,0,,,VR看装修 | 随时看房,https://dg.lianjia.com/ershoufang/105120946481.html
温馨小三房，给你一个家，不需要太大地方。,"广贸大厦 , 黄河中心",3室2厅,82.68平米,西,简装,19层 ,,板塔结合,55 万,6653 元,0,,,VR房源 | 房本满五年 | 随时看房,https://dg.lianjia.com/ershoufang/105111075234.html
位置交通便利 现在全新没住过 位置优越,"南部湾万科城五期 , 大宁",3室2厅,88.12平米,东南,,中楼层(共21层) ,,板塔结合,188 万,21335 元,0,,18天以前发布,VR房源 | 随时看房,https://dg.lianjia.com/ershoufang/105122370083.html
松山湖一路之隔 双阳台 中间楼层 带车位,"松湖碧桂园二期 , 大岭山镇",3室2厅,124.04平米,南,精装,31层 ,,塔楼,205 万,16527 元,6,,,VR看装修 | 房本满五年 | 随时看房,https://dg.lianjia.com/ershoufang/105119055659.html
业主诚意出售，配套齐全，交通便利,"盛和雅颂花园 , 横沥镇",3室2厅,95.3平米,南,精装,28层 ,,板塔结合,100 万,10494 元,0,,,VR看装修 | 房本满五年,https://dg.lianjia.com/ershoufang/105116600756.html
人民公园旁 东湖花园 三房两厅双阳台 采光通风好,"东湖花园 , 罗沙",3室2厅,115平米,南,简装,33层 ,,板塔结合,120 万,10435 元,2,,,VR房源 | 房本满五年 | 随时看房,https://dg.lianjia.com/ershoufang/105119558976.html
使用率高 双层复式 整体装修保养不错，视野好采光好,"保利珑远国际广场 , 石竹",1室1厅,40.9平米,南,精装,低楼层(共17层) ,,塔楼,38 万,9291 元,0,,,房本满五年 | 随时看房,https://dg.lianjia.com/ershoufang/105121541349.html
满五唯一，朝南看别墅区，视野无遮挡,"御河湾花园 , 横沥镇",3室1厅,95.7平米,东南,毛坯,中楼层(共32层) ,,板塔结合,85 万,8882 元,0,,,VR房源 | 房本满五年 | 随时看房,https://dg.lianjia.com/ershoufang/105119215892.html
看房方便，中间楼层，精装交付标准，带产权车位,"招商雍景湾 , 横沥镇",4室2厅,117.93平米,东南,精装,25层 ,,板塔结合,180 万,15264 元,0,,25天以前发布,VR房源 | 房本满两年 | 随时看房,https://dg.lianjia.com/ershoufang/105122313370.html
金龙花园 4室2厅 南 北,"金龙花园 , 横沥镇",4室2厅,103.81平米,南 北,,中楼层(共5层) ,,板楼,85 万,8189 元,0,,8天以前发布,VR房源 | 房本满五年,https://dg.lianjia.com/ershoufang/105122480424.html
鲁能公馆 刚需小三居 正南朝向 拎包入住,"鲁能公馆 , 茶山镇",3室2厅,78.44平米,西南,,32层 ,,板塔结合,105 万,13387 元,0,,13天以前发布,近地铁 | VR房源 | 随时看房,https://dg.lianjia.com/ershoufang/105122422598.html
全屋定制精装修带家私电器，好楼层，舒适大三房,"旭辉江山墅 , 石排镇",3室2厅,115.78平米,东南 南,精装,高楼层(共33层) ,,塔楼,188 万,16238 元,0,,,VR看装修 | 房本满两年 | 随时看房,https://dg.lianjia.com/ershoufang/105122237035.html
南城次新万科小区，全新未入住，保养好，满五唯一,"万科·金色城品 , 宏远南",3室2厅,91.48平米,东南,精装,26层 ,,塔楼,185 万,20223 元,4,,,VR看装修 | 房本满两年 | 随时看房,https://dg.lianjia.com/ershoufang/105121258406.html
精装大三房，带地下室车位，银行无欠款！,"中惠沁林山庄 , 大岭山镇",3室2厅,117.17平米,南 北,精装,高楼层(共25层) ,,板楼,138 万,11778 元,0,,,VR房源 | 房本满两年,https://dg.lianjia.com/ershoufang/105115465505.html
精装修花园小区，两房诚意出售，看房方便.,"万科城市之光 , 虎门公园",2室1厅,40.4平米,南 北,精装,高楼层(共31层) ,,塔楼,60 万,14852 元,0,,,房本满五年,https://dg.lianjia.com/ershoufang/105119204278.html
新天美地花园高层南北对流三房出售,"新天美地花园 , 常平镇",3室2厅,92.8平米,西北,精装,高楼层(共21层) ,,板塔结合,86 万,9268 元,1,,,VR看装修 | 房本满五年 | 随时看房,https://dg.lianjia.com/ershoufang/105113398653.html
"房子视野景观好视野开阔，户型采光好,房子全新没住过","保利心语花园 , 寮步",3室2厅,80.08平米,北,,中楼层(共28层) ,,塔楼,115 万,14361 元,0,,,VR看装修 | 房本满五年 | 随时看房,https://dg.lianjia.com/ershoufang/105121557168.html
时代天境横厅四房 全新未入住 看花园中间 采光充足,"时代天境 , 石排镇",4室2厅,127平米,南,精装,低楼层(共17层) ,,塔楼,190 万,14961 元,0,,,VR房源 | 随时看房,https://dg.lianjia.com/ershoufang/105121909652.html
佳兆业东江豪门三房出售精装修中高楼层视野旷阔,"佳兆业东江豪门 , 企石镇",3室2厅,89.36平米,南,,中楼层(共22层) ,,塔楼,79 万,8841 元,0,,,VR看装修 | 房本满五年 | 随时看房,https://dg.lianjia.com/ershoufang/105121285582.html
长安虎门买房看柏龙湾 次新房 户型好,"柏龙湾 , 大宁",4室2厅,127.49平米,南,,中楼层(共17层) ,,塔楼,218 万,17100 元,0,,,VR看装修 | 随时看房,https://dg.lianjia.com/ershoufang/105122192259.html
御江1号 3室2厅 南,"御江1号 , 横沥镇",3室2厅,91.31平米,南,精装,低楼层(共24层) ,,塔楼,118 万,12924 元,0,,,VR看装修 | 房本满五年,https://dg.lianjia.com/ershoufang/105121937053.html
中间楼层，视野采光好，横厅长阳台,"时代香海彼岸2期 , 道滘镇",4室2厅,121.27平米,东南 南,,中楼层(共23层) ,,板楼,176 万,14514 元,1,,,VR看装修 | 房本满两年 | 随时看房,https://dg.lianjia.com/ershoufang/105112789195.html
万科精装修三房两卫   视野开阔采光好    诚心出售,"万科大中江南院子 , 沙田镇",3室2厅,92.81平米,东南,精装,中楼层(共30层) ,,塔楼,115 万,12391 元,1,,,VR看装修 | 房本满两年 | 随时看房,https://dg.lianjia.com/ershoufang/105116278032.html
金美花园楼楼的2房格局好，实用面积大，价格还美丽,"金美花园 , 常平镇",2室2厅,73平米,东北,简装,6层 ,,板楼,49 万,6713 元,0,,,VR看装修 | 房本满五年,https://dg.lianjia.com/ershoufang/105119752824.html
业主刚需置换大别墅出售香樟绿洲电梯高层大三房,"中惠香樟绿洲 , 樟木头镇",3室2厅,97.98平米,北,精装,30层 ,,板楼,90 万,9186 元,2,,,VR看装修 | 房本满五年,https://dg.lianjia.com/ershoufang/105118542471.html
时代香海彼岸 好楼层 大3房 业主想尽快出手,"时代香海彼岸1期 , 道滘镇",3室1厅,96.91平米,南,精装,高楼层(共24层) ,,板楼,138 万,14241 元,0,,,VR看装修 | 房本满五年 | 随时看房,https://dg.lianjia.com/ershoufang/105117575206.html
满五唯一 无个税 不欠款 过户快 。正规两居 格局合理,"庄士新都 , 沙田镇",2室2厅,73.17平米,南,精装,7层 ,,塔楼,42 万,5741 元,1,,,VR看装修 | 房本满五年 | 随时看房,https://dg.lianjia.com/ershoufang/105120841185.html
石竹山水园八期满五唯一无欠款毛坯两房低价出售,"石竹山水园望景台 , 桥头镇",2室1厅,84.19平米,东南,毛坯,高楼层(共23层) ,,塔楼,56 万,6652 元,1,,,VR看装修 | 随时看房,https://dg.lianjia.com/ershoufang/105111864040.html
保利东岸大四房，双阳台南北通透，拎包入住,"保利锦城二期 , 茶山镇",4室2厅,130.92平米,南 北,,低楼层(共32层) ,,板塔结合,167 万,12756 元,1,,,VR看装修 | 房本满五年 | 随时看房,https://dg.lianjia.com/ershoufang/105121663702.html
虎门滨海城 4室1厅 东南,"虎门滨海城 , 新联",4室1厅,123.88平米,东南,简装,18层 ,,塔楼,235 万,18970 元,0,,,VR房源 | 房本满两年 | 随时看房,https://dg.lianjia.com/ershoufang/105121522524.html
急售礼顿127平四房二卫小区中间位置楼层好宜居,"礼顿金御海湾 , 沙田镇",4室2厅,128.89平米,南,毛坯,中楼层(共17层) ,,板塔结合,99 万,7681 元,2,,,VR看装修 | 房本满五年 | 随时看房,https://dg.lianjia.com/ershoufang/105119090997.html
户型好，采光好，产权清晰，价格不贵,"清溪碧桂园翡翠湾2期 , 清溪镇",3室1厅,106平米,东南,精装,低楼层(共31层) ,,塔楼,168 万,15850 元,0,,,VR房源,https://dg.lianjia.com/ershoufang/105120621347.html
清溪公园旁，国际公馆3房2厅2卫，诚心出售,"清溪国际公馆 , 清溪镇",3室2厅,104平米,东南,精装,高楼层(共20层) ,,板楼,85 万,8174 元,1,,,房本满两年,https://dg.lianjia.com/ershoufang/105121171950.html
帝豪花园二期三房两厅两卫南北通透带前后院子,"帝豪花園 , 樟木头镇",4室2厅,111.3平米,南 北,简装,6层 ,,板塔结合,136 万,12220 元,3,,,VR房源 | 房本满五年 | 随时看房,https://dg.lianjia.com/ershoufang/105117814830.html
满五不唯一 不欠款 装修保养好 业主诚心出售,"合正上东国际 , 下坝",3室2厅,104平米,南,精装,高楼层(共26层) ,,板塔结合,199 万,19135 元,3,,,VR看装修 | 房本满五年 | 随时看房,https://dg.lianjia.com/ershoufang/105119009918.html
东城万达旁 天宝站边上 碧桂园物业 精装方正3居室,"碧桂园ParkRoyal公馆 , 学院路",3室2厅,97.08平米,北,精装,中楼层(共30层) ,,塔楼,85 万,8756 元,4,,,近地铁 | 随时看房,https://dg.lianjia.com/ershoufang/105121419317.html
时富城东世家，小三房，朝东南，急卖,"时富花园 , 寮步",3室2厅,84.08平米,南,精装,高楼层(共11层) ,,板塔结合,106 万,12608 元,2,,,VR看装修 | 房本满五年 | 随时看房,https://dg.lianjia.com/ershoufang/105118216637.html
茶山保利锦城二期，配套齐全小区，交通方便,"保利锦城二期 , 茶山镇",4室2厅,130平米,南 北,简装,高楼层(共32层) ,,板塔结合,150 万,11539 元,0,,,VR看装修 | 房本满两年 | 随时看房,https://dg.lianjia.com/ershoufang/105116836781.html
卓越中寰地铁口物业。复式一房一厅。视野广采光好诚售,"卓越中寰 , 学院路",1室1厅,29.12平米,南,精装,18层 ,,板楼,30 万,10303 元,1,,,近地铁 | 房本满两年 | 随时看房,https://dg.lianjia.com/ershoufang/105120626690.html
大运城邦一期湖景三房；诚心出售；随时可以看房,"大运城邦曦城 , 凤岗镇",3室1厅,90.2平米,南 北,精装,33层 ,,板塔结合,130 万,14413 元,9,,,VR房源 | 随时看房,https://dg.lianjia.com/ershoufang/105120191301.html
万科城市高尔夫花园高楼层三房两卫（非顶层),"万科城市高尔夫花园 , 寮步",3室2厅,114.5平米,西南,精装,18层 ,,板塔结合,140 万,12228 元,3,,,VR看装修 | 随时看房,https://dg.lianjia.com/ershoufang/105119784892.html
房子一手业主诚意出售格局楼层好视野宽阔采光好,"万科首铸东江之星 , 宏远北",4室2厅,143.23平米,东南,精装,高楼层(共50层) ,,板楼,408 万,28486 元,0,,,VR看装修 | 房本满五年 | 随时看房,https://dg.lianjia.com/ershoufang/105120835603.html
精装电梯三房 朝东南 采光好 双阳台,"富怡花园 , 花园新村",3室2厅,129平米,南 北,精装,中楼层(共8层) ,,板塔结合,125 万,9690 元,2,,,VR看装修 | 房本满五年 | 随时看房,https://dg.lianjia.com/ershoufang/105115216569.html
3房2卫户型方正实用，配套齐全,"御城花园 , 塘厦镇",3室2厅,96.59平米,西南,毛坯,32层 ,,板塔结合,134 万,13874 元,2,,,VR看装修 | 房本满两年 | 随时看房,https://dg.lianjia.com/ershoufang/105117376927.html
虎门g有土地，新老莞人可买，70平上下三层，有露台,"东方中上一巷 , 黄河中心",2室2厅,70.32平米,南,精装,低楼层(共3层) ,,,36 万,5120 元,5,,,VR房源 | 房本满两年 | 随时看房,https://dg.lianjia.com/ershoufang/105120574489.html
保利3房中高楼层看花园 采光好 满五唯一 红本在手,"保利百合花园 , 凤岗镇",3室2厅,91平米,西北,简装,27层 ,,塔楼,133 万,14616 元,1,,,VR看装修 | 房本满五年 | 随时看房,https://dg.lianjia.com/ershoufang/105121831164.html
东正新河北路 3室1厅 东北,"东正新河北路 , 花园新村",3室1厅,81.32平米,东北,,6层 ,,,70 万,8608 元,0,,,VR看装修 | 房本满五年 | 随时看房,https://dg.lianjia.com/ershoufang/105122130369.html
长裕棕榈园精装三房，小区为数不多的南向房源,"长裕棕榈园 , 横沥镇",3室2厅,80.9平米,南 西南,精装,中楼层(共16层) ,,塔楼,79 万,9766 元,1,,,VR看装修 | 房本满两年 | 随时看房,https://dg.lianjia.com/ershoufang/105120780729.html
虎门公园旁精装小两房出售 金色家园业主诚心出售,"金色家园 , 虎门公园",2室1厅,77.2平米,北,精装,高楼层(共30层) ,,塔楼,73 万,9456 元,1,,,VR房源 | 房本满五年,https://dg.lianjia.com/ershoufang/105120371499.html
莞城次新小户型单间，校门就在家门口,"正德名居商住楼 , 罗沙",1室0厅,28.83平米,西,,中楼层(共10层) ,,板楼,68 万,23587 元,0,,8天以前发布,VR房源 | 房本满五年,https://dg.lianjia.com/ershoufang/105122482021.html
翻新自住，保养新，高层视眼开阔,"飞龙山庄 , 黄河中心",3室2厅,129.66平米,东南,精装,高楼层(共16层) ,,塔楼,146 万,11261 元,1,,31天以前发布,VR房源 | 房本满两年 | 随时看房,https://dg.lianjia.com/ershoufang/105122254068.html
天虹旁东港城精装2房，南向，无欠款，产权清晰,"东港城(塘厦) , 塘厦镇",2室2厅,78.24平米,南,精装,29层 ,,板塔结合,62 万,7925 元,2,,,VR看装修 | 房本满五年 | 随时看房,https://dg.lianjia.com/ershoufang/105120554929.html
东城富怡物业电梯3房2厅 通风采光好 看房方便,"富怡物业 , 花园新村",3室2厅,126平米,东南,简装,高楼层(共9层) ,,塔楼,68 万,5397 元,1,,,VR看装修 | 房本满五年,https://dg.lianjia.com/ershoufang/105120208770.html
都市华府 三房两卫带一个大平台 南北通户型,"都市华府 , 常平镇",3室2厅,86.55平米,南,,25层 ,,塔楼,128 万,14790 元,1,,,VR看装修 | 房本满五年,https://dg.lianjia.com/ershoufang/105118361439.html
万科翡丽山这套94㎡三房是典型的‘满五唯一’，税费省,"万科翡丽山 , 水濂山",3室2厅,94.62平米,东南,,中楼层(共27层) ,,塔楼,135 万,14268 元,1,,,VR看装修 | 房本满五年 | 随时看房,https://dg.lianjia.com/ershoufang/105121178603.html
小区开发商是金地集团 建筑质量有保障，物业为金地物,"金地·艺境水岸 , 石美",2室1厅,49.62平米,东,,高楼层(共30层) ,,塔楼,34 万,6853 元,1,,,随时看房,https://dg.lianjia.com/ershoufang/105121765261.html
莞城建设2房总价低满五唯一不欠款随时看房,"万科运河东1号 , 运河东",2室1厅,68.15平米,北,精装,中楼层(共24层) ,,塔楼,125 万,18342 元,1,,,VR看装修 | 房本满五年,https://dg.lianjia.com/ershoufang/105120383597.html
莞城金峰堡  143平四房两厅  采光好  中楼层  朝南,"金峰堡大厦 , 东平街",4室2厅,142.87平米,南,,中楼层(共16层) ,,塔楼,145 万,10150 元,1,,,VR看装修 | 随时看房,https://dg.lianjia.com/ershoufang/105120968591.html
丽景花园复式三房出售98万，精装修，,"丽景花园 , 常平镇",3室2厅,132.08平米,东南,,中楼层(共19层) ,,塔楼,98 万,7420 元,1,,,VR房源 | 房本满五年 | 随时看房,https://dg.lianjia.com/ershoufang/105120693180.html
时代香海彼岸 好楼层 大3房 业主想尽快出手,"时代香海彼岸1期 , 道滘镇",3室1厅,96.91平米,南,精装,高楼层(共24层) ,,板楼,138 万,14241 元,0,,,VR看装修 | 房本满五年 | 随时看房,https://dg.lianjia.com/ershoufang/105117575206.html
精装修花园小区，两房诚意出售，看房方便.,"万科城市之光 , 虎门公园",2室1厅,40.4平米,南 北,精装,高楼层(共31层) ,,塔楼,60 万,14852 元,0,,,房本满五年,https://dg.lianjia.com/ershoufang/105119204278.html
长安虎门买房看柏龙湾 次新房 户型好,"柏龙湾 , 大宁",4室2厅,127.49平米,南,,中楼层(共17层) ,,塔楼,218 万,17100 元,0,,,VR看装修 | 随时看房,https://dg.lianjia.com/ershoufang/105122192259.html
佳兆业东江豪门三房出售精装修中高楼层视野旷阔,"佳兆业东江豪门 , 企石镇",3室2厅,89.36平米,南,,中楼层(共22层) ,,塔楼,79 万,8841 元,0,,,VR看装修 | 房本满五年 | 随时看房,https://dg.lianjia.com/ershoufang/105121285582.html
户型好，采光好，产权清晰，价格不贵,"清溪碧桂园翡翠湾2期 , 清溪镇",3室1厅,106平米,东南,精装,低楼层(共31层) ,,塔楼,168 万,15850 元,0,,,VR房源,https://dg.lianjia.com/ershoufang/105120621347.html
万科城中间楼层四房出售 诚心卖 产权清晰,"南部湾万科城 , 大宁",4室2厅,118.92平米,西南,,中楼层(共34层) ,,塔楼,235 万,19762 元,0,,,VR看装修,https://dg.lianjia.com/ershoufang/105121758430.html
精装修中间楼层业主自住保养好户型好,"卓越弥敦道御府 , 石碣镇",3室2厅,93.23平米,南,,中楼层(共32层) ,,板塔结合,115 万,12336 元,1,,,VR看装修 | 房本满两年,https://dg.lianjia.com/ershoufang/105117445819.html
香樟1号 3室1厅 东北,"香樟1号 , 樟木头镇",3室1厅,104.27平米,东北,精装,中楼层(共22层) ,,板塔结合,138 万,13235 元,0,,,VR房源 | 房本满五年 | 随时看房,https://dg.lianjia.com/ershoufang/105120604502.html
大运城邦南北通透大四房 业主诚心出售 随时看房,"大运城邦曦城 , 凤岗镇",4室2厅,140.13平米,南 北,简装,32层 ,,板塔结合,208 万,14844 元,3,,,VR看装修 | 房本满五年,https://dg.lianjia.com/ershoufang/105122023319.html
中央豪庭 精装修三房 高楼层 安静 视野好 位置好,"中央豪庭 , 凤岗镇",3室2厅,83平米,南,精装,16层 ,,板塔结合,100 万,12049 元,5,,,VR看装修 | 房本满五年,https://dg.lianjia.com/ershoufang/105111257976.html
精装修三房 采光好 全新未入住,"万科汉邦松湖半岛 , 松山湖",3室2厅,75.47平米,东南,精装,18层 ,,板塔结合,128 万,16961 元,12,,,VR看装修 | 随时看房,https://dg.lianjia.com/ershoufang/105119479260.html
朝南看花园 满5年税少 中高楼层采光通风好,"大运城邦曦城 , 凤岗镇",2室2厅,65.43平米,南,精装,33层 ,,板塔结合,90 万,13756 元,1,,,VR看装修 | 房本满五年 | 随时看房,https://dg.lianjia.com/ershoufang/105119733373.html
大朗阳光城3房诚意出售，钥匙在手随时可看,"阳光城湖山悦 , 大朗镇",3室2厅,97.73平米,东南,精装,低楼层(共26层) ,,板塔结合,198 万,20260 元,0,,,VR看装修 | 随时看房,https://dg.lianjia.com/ershoufang/105119964410.html
万达商圈金地琥悦绿化高的花园小区方正精装三房,"金地琥悦 , 万达",3室2厅,99.57平米,东南 南,精装,低楼层(共15层) ,,板塔结合,165 万,16572 元,0,,,VR看装修 | 房本满五年,https://dg.lianjia.com/ershoufang/105121332466.html
尚书悦府  精装修 保养好 户型好南北通透 可怜包入住,"尚书悦府 , 宏远北",3室2厅,90.05平米,南 北,精装,高楼层(共17层) ,,板塔结合,168 万,18657 元,1,,,VR看装修 | 房本满五年 | 随时看房,https://dg.lianjia.com/ershoufang/105120633935.html
旭辉江山墅116平大三房，室内光线充足，保养好,"旭辉江山墅 , 石排镇",3室2厅,115.78平米,南,,高楼层(共33层) ,,塔楼,179 万,15461 元,0,,,VR看装修,https://dg.lianjia.com/ershoufang/105120953315.html
此房精装修，采光通风十足，朝向好户型好,"金地格林上院 , 大岭山镇",3室2厅,81.96平米,西,精装,高楼层(共11层) ,,塔楼,85 万,10371 元,25,,,VR看装修 | 房本满五年,https://dg.lianjia.com/ershoufang/105107527901.html
房子通透性好视野开阔装修保养九成新可直接拎包入住,"松湖春天 , 大岭山镇",3室2厅,97.16平米,北,精装,22层 ,,板塔结合,155 万,15954 元,0,,,VR看装修 | 房本满五年 | 随时看房,https://dg.lianjia.com/ershoufang/105121487266.html
业主自住保养好 南北对流看花园 中间楼层安静不吵~,"碧桂园珑远紫宸府 , 石碣镇",3室2厅,94.08平米,北,,22层 ,,板塔结合,98 万,10417 元,0,,,VR看装修 | 房本满五年,https://dg.lianjia.com/ershoufang/105118249825.html
沙田碧桂园，房子户型好，楼层好，采光通透性,"沙田碧桂园滨江豪园 , 沙田镇",4室2厅,138平米,南 北,,29层 ,,塔楼,179 万,12972 元,0,,,VR看装修,https://dg.lianjia.com/ershoufang/105117654191.html
莞城步步高竹苑 少有三房 诚意出售 楼层好 户型方正,"步步高小区 , 罗沙",3室2厅,79.53平米,南,简装,中楼层(共5层) ,,,82 万,10311 元,0,,,VR房源 | 房本满五年,https://dg.lianjia.com/ershoufang/105110250325.html
恒盈豪庭  2房高楼层  南北对流  诚意出售,"恒盈豪庭 , 清溪镇",2室2厅,81.52平米,北 南,简装,高楼层(共15层) ,,板塔结合,68 万,8342 元,0,,,VR看装修 | 房本满五年,https://dg.lianjia.com/ershoufang/105118005384.html
卓 越中寰 平层一房一厅 朝南,"卓越中寰 , 学院路",1室1厅,57.83平米,南,精装,21层 ,,塔楼,40 万,6917 元,1,,,近地铁 | 房本满五年 | 随时看房,https://dg.lianjia.com/ershoufang/105119182166.html
汇景城市中心精装大两房拧包入住,"汇景城市中心 , 樟木头镇",2室1厅,80.08平米,南,精装,低楼层(共23层) ,,板塔结合,86 万,10740 元,0,,,VR看装修 | 房本满两年 | 随时看房,https://dg.lianjia.com/ershoufang/105117133287.html
新天美地花园带平台的房子，业主诚意出手,"新天美地花园 , 常平镇",3室2厅,101.02平米,西北,简装,高楼层(共21层) ,,板塔结合,93 万,9207 元,0,,,VR房源 | 房本满五年 | 随时看房,https://dg.lianjia.com/ershoufang/105121172306.html
业主诚意出售，高楼层视野好，格局方正，小区管理好,"万科运河东1号 , 运河东",3室2厅,129.31平米,东南,精装,高楼层(共19层) ,,塔楼,199 万,15390 元,0,,,VR看装修 | 房本满两年,https://dg.lianjia.com/ershoufang/105117262072.html
海德全新三房，朝南看小区看鱼池，有钥匙随时看房,"海德骏园 , 望牛墩镇",3室2厅,96.56平米,东南,精装,低楼层(共23层) ,,塔楼,98 万,10150 元,0,,,VR看装修 | 房本满五年 | 随时看房,https://dg.lianjia.com/ershoufang/105121962882.html
此房楼层高，视野开阔，是毛坯的，可装成自己的风格,"盛和雅颂花园 , 横沥镇",4室2厅,128平米,南 北,毛坯,29层 ,,板塔结合,130 万,10157 元,1,,,VR看装修 | 随时看房,https://dg.lianjia.com/ershoufang/105118533153.html
南城区 万科翡丽山 高楼层 精装修 看房方便,"万科翡丽山 , 水濂山",3室2厅,96.87平米,东南,精装,高楼层(共27层) ,,板楼,129 万,13317 元,2,,,VR看装修 | 房本满五年 | 随时看房,https://dg.lianjia.com/ershoufang/105119992208.html
次新楼盘 江景洋房 楼层舒适 视野开阔,"保利首铸天际 , 胜利路",4室2厅,117.75平米,西南,,中楼层(共48层) ,,板楼,305 万,25903 元,0,,,VR房源 | 房本满两年 | 随时看房,https://dg.lianjia.com/ershoufang/105121448954.html
里悦里旁  精装三房两卫诚意出售 朝南 高楼层,"碧桂园·万象松湖 , 大朗镇",3室2厅,106平米,南,精装,32层 ,,塔楼,86 万,8114 元,5,,,随时看房,https://dg.lianjia.com/ershoufang/105121326121.html
名流印象精装两房，朝南，视野开阔,"名流印象花园二期 , 凤岗镇",2室2厅,79.84平米,南,精装,33层 ,,板塔结合,118.5 万,14843 元,0,,,VR看装修 | 房本满五年 | 随时看房,https://dg.lianjia.com/ershoufang/105121817884.html
3房2厅2卫诚意出售  朝南看花园 中高楼层 采光好,"新世纪颐龙湾 , 高埗镇",3室2厅,113.49平米,南,毛坯,中楼层(共23层) ,,板塔结合,145 万,12777 元,1,,,VR看装修 | 房本满两年 | 随时看房,https://dg.lianjia.com/ershoufang/105120176302.html
中天城市之门  4房诚意出售 通风保养好,"中天城市之门 , 白马",4室2厅,76.85平米,南 北,精装,低楼层(共24层) ,,塔楼,120 万,15615 元,0,,,VR看装修 | 房本满五年 | 随时看房,https://dg.lianjia.com/ershoufang/105122213738.html
新世纪豪园一期 128㎡精品三房 缺少户型 即买即住,"新世纪豪园一期 , 火炼树",3室2厅,127.87平米,东,精装,中楼层(共9层) ,,板塔结合,226 万,17675 元,1,,,VR房源 | 房本满五年 | 随时看房,https://dg.lianjia.com/ershoufang/105121386057.html
新世纪颐龙湾 精装修三房两卫 保养好 视野开阔,"新世纪颐龙湾 , 高埗镇",3室2厅,103.06平米,北,精装,高楼层(共25层) ,,板塔结合,142 万,13779 元,0,,,VR看装修 | 房本满五年,https://dg.lianjia.com/ershoufang/105119276766.html
沙田碧桂园，房子户型好，楼层好，采光通透性,"沙田碧桂园滨江豪园 , 沙田镇",4室2厅,138平米,南 北,,29层 ,,塔楼,179 万,12972 元,0,,,VR看装修,https://dg.lianjia.com/ershoufang/105117654191.html
朝南 安静不吵 精装三房 业主急售 十万火急,"光大山湖城 , 大岭山镇",3室2厅,101.45平米,南,,高楼层(共33层) ,,塔楼,135 万,13308 元,0,,,VR看装修 | 房本满两年 | 随时看房,https://dg.lianjia.com/ershoufang/105120393196.html
新天美地花园带平台的房子，业主诚意出手,"新天美地花园 , 常平镇",3室2厅,101.02平米,西北,简装,高楼层(共21层) ,,板塔结合,93 万,9207 元,0,,,VR房源 | 房本满五年 | 随时看房,https://dg.lianjia.com/ershoufang/105121172306.html
此房楼层高，视野开阔，是毛坯的，可装成自己的风格,"盛和雅颂花园 , 横沥镇",4室2厅,128平米,南 北,毛坯,29层 ,,板塔结合,130 万,10157 元,1,,,VR看装修 | 随时看房,https://dg.lianjia.com/ershoufang/105118533153.html
名流印象精装两房，朝南，视野开阔,"名流印象花园二期 , 凤岗镇",2室2厅,79.84平米,南,精装,33层 ,,板塔结合,118.5 万,14843 元,0,,,VR看装修 | 房本满五年 | 随时看房,https://dg.lianjia.com/ershoufang/105121817884.html
此房精装修，采光通风十足，朝向好户型好,"金地格林上院 , 大岭山镇",3室2厅,81.96平米,西,精装,高楼层(共11层) ,,塔楼,85 万,10371 元,25,,,VR看装修 | 房本满五年,https://dg.lianjia.com/ershoufang/105107527901.html
房子通透性好视野开阔装修保养九成新可直接拎包入住,"松湖春天 , 大岭山镇",3室2厅,97.16平米,北,精装,22层 ,,板塔结合,155 万,15954 元,0,,,VR看装修 | 房本满五年 | 随时看房,https://dg.lianjia.com/ershoufang/105121487266.html
业主自住保养好 南北对流看花园 中间楼层安静不吵~,"碧桂园珑远紫宸府 , 石碣镇",3室2厅,94.08平米,北,,22层 ,,板塔结合,98 万,10417 元,0,,,VR看装修 | 房本满五年,https://dg.lianjia.com/ershoufang/105118249825.html
小区小高层三房，景观好，采光好。,"利澳花园 , 沙田镇",3室2厅,95.39平米,西南,简装,高楼层(共6层) ,,板塔结合,52 万,5452 元,4,,,VR看装修 | 房本满五年 | 随时看房,https://dg.lianjia.com/ershoufang/105119154840.html
一线湖景房，高楼层，采光好，拎包入住，急售,"万科松湖传奇二期左岸 , 寮步",3室2厅,86.52平米,东南 南,简装,高楼层(共19层) ,,塔楼,108 万,12483 元,3,,,VR看装修 | 房本满五年 | 随时看房,https://dg.lianjia.com/ershoufang/105119697077.html
新天美地花园 2室1厅 西南,"新天美地花园 , 常平镇",2室1厅,77平米,西南,,低楼层(共21层) ,,板塔结合,55 万,7143 元,0,,,VR看装修 | 随时看房,https://dg.lianjia.com/ershoufang/105122138623.html
沃多夫单间精装修，中间楼层，看莲花山，采光视野好,"沃多夫风临公馆 , 咸西",1室0厅,44.39平米,北,,33层 ,,塔楼,58 万,13067 元,1,,,VR房源 | 房本满五年 | 随时看房,https://dg.lianjia.com/ershoufang/105120129781.html
奶油风格高层精装修三房两厅两卫，南北对流,"中熙玖颂江湾 , 石碣镇",3室2厅,96.87平米,南 北,精装,中楼层(共31层) ,,塔楼,135 万,13937 元,1,,,VR看装修 | 房本满五年 | 随时看房,https://dg.lianjia.com/ershoufang/105121827372.html
天一城大润发一路之隔，交通方便，环境好，朝南，,"长虹百荟 , 樟木头镇",3室2厅,91.87平米,南,精装,18层 ,,板塔结合,86 万,9362 元,1,,,VR看装修 | 房本满五年 | 随时看房,https://dg.lianjia.com/ershoufang/105113222872.html
莞城次新小户型单间，校门就在家门口,"正德名居商住楼 , 罗沙",1室0厅,28.83平米,西,,中楼层(共10层) ,,板楼,68 万,23587 元,0,,8天以前发布,VR房源 | 房本满五年,https://dg.lianjia.com/ershoufang/105122482021.html
虎门g有土地，新老莞人可买，70平上下三层，有露台,"东方中上一巷 , 黄河中心",2室2厅,70.32平米,南,精装,低楼层(共3层) ,,,36 万,5120 元,5,,,VR房源 | 房本满两年 | 随时看房,https://dg.lianjia.com/ershoufang/105120574489.html
万科城市高尔夫花园高楼层三房两卫（非顶层),"万科城市高尔夫花园 , 寮步",3室2厅,114.5平米,西南,精装,18层 ,,板塔结合,140 万,12228 元,3,,,VR看装修 | 随时看房,https://dg.lianjia.com/ershoufang/105119784892.html
房子一手业主诚意出售格局楼层好视野宽阔采光好,"万科首铸东江之星 , 宏远北",4室2厅,143.23平米,东南,精装,高楼层(共50层) ,,板楼,408 万,28486 元,0,,,VR看装修 | 房本满五年 | 随时看房,https://dg.lianjia.com/ershoufang/105120835603.html
精装电梯三房 朝东南 采光好 双阳台,"富怡花园 , 花园新村",3室2厅,129平米,南 北,精装,中楼层(共8层) ,,板塔结合,125 万,9690 元,2,,,VR看装修 | 房本满五年 | 随时看房,https://dg.lianjia.com/ershoufang/105115216569.html
莞城教育合和大厦电梯房，三房两厅 业主诚意出售。,"合和大厦 , 运河东",3室2厅,108平米,东北,,低楼层(共26层) ,,板塔结合,110 万,10186 元,0,,,VR看装修,https://dg.lianjia.com/ershoufang/105121820994.html
长裕棕榈园精装三房，小区为数不多的南向房源,"长裕棕榈园 , 横沥镇",3室2厅,80.9平米,南 西南,精装,中楼层(共16层) ,,塔楼,79 万,9766 元,1,,,VR看装修 | 房本满两年 | 随时看房,https://dg.lianjia.com/ershoufang/105120780729.html
碧桂园复式精装公寓，可住人可办公，采光好,"碧桂园水岸星城 , 横沥镇",2室1厅,40.62平米,东南,精装,中楼层(共12层) ,,板塔结合,35 万,8617 元,1,,,房本满五年,https://dg.lianjia.com/ershoufang/105119431329.html
保利3房中高楼层看花园 采光好 满五唯一 红本在手,"保利百合花园 , 凤岗镇",3室2厅,91平米,西北,简装,27层 ,,塔楼,133 万,14616 元,1,,,VR看装修 | 房本满五年 | 随时看房,https://dg.lianjia.com/ershoufang/105121831164.html
东正新河北路 3室1厅 东北,"东正新河北路 , 花园新村",3室1厅,81.32平米,东北,,6层 ,,,70 万,8608 元,0,,,VR看装修 | 房本满五年 | 随时看房,https://dg.lianjia.com/ershoufang/105122130369.html
东城万达旁 天宝站边上 碧桂园物业 精装方正3居室,"碧桂园ParkRoyal公馆 , 学院路",3室2厅,97.08平米,北,精装,中楼层(共30层) ,,塔楼,85 万,8756 元,4,,,近地铁 | 随时看房,https://dg.lianjia.com/ershoufang/105121419317.html
时富城东世家，小三房，朝东南，急卖,"时富花园 , 寮步",3室2厅,84.08平米,南,精装,高楼层(共11层) ,,板塔结合,106 万,12608 元,2,,,VR看装修 | 房本满五年 | 随时看房,https://dg.lianjia.com/ershoufang/105118216637.html
松山湖北寮步万科松湖传奇南向温馨2房安静看花园急卖,"万科松湖传奇 , 寮步",2室2厅,64.89平米,南,精装,低楼层(共34层) ,,板塔结合,76 万,11713 元,4,,,VR房源 | 房本满五年 | 随时看房,https://dg.lianjia.com/ershoufang/105116624550.html
卓越中寰地铁口物业。复式一房一厅。视野广采光好诚售,"卓越中寰 , 学院路",1室1厅,29.12平米,南,精装,18层 ,,板楼,30 万,10303 元,1,,,近地铁 | 房本满两年 | 随时看房,https://dg.lianjia.com/ershoufang/105120626690.html
茶山保利锦城二期，配套齐全小区，交通方便,"保利锦城二期 , 茶山镇",4室2厅,130平米,南 北,简装,高楼层(共32层) ,,板塔结合,150 万,11539 元,0,,,VR看装修 | 房本满两年 | 随时看房,https://dg.lianjia.com/ershoufang/105116836781.html
"诚意出售，看中可谈，户型好，,采光不影响，","招商雍景湾 , 横沥镇",4室2厅,117.79平米,东南 北,精装,29层 ,,板塔结合,169 万,14348 元,0,,,VR看装修 | 房本满两年 | 随时看房,https://dg.lianjia.com/ershoufang/105121885656.html
松湖明珠小三房，中间楼层，装修漂亮,"碧桂园松湖明珠 , 横沥镇",3室2厅,78.92平米,南,精装,中楼层(共26层) ,,塔楼,109 万,13812 元,0,,31天以前发布,VR看装修 | 房本满两年,https://dg.lianjia.com/ershoufang/105122251754.html
房子装修保养好，采光通风好，出行方便,"凤安大厦 , 凤岗镇",2室2厅,82.95平米,南,简装,16层 ,,塔楼,69 万,8319 元,0,,,VR看装修 | 房本满五年,https://dg.lianjia.com/ershoufang/105117186751.html
店长推荐  沙田碧桂园安静笋三房 低楼层,"沙田碧桂园滨江豪园 , 沙田镇",3室2厅,86.79平米,北,精装,25层 ,,板楼,85.8 万,9886 元,1,,30天以前发布,VR看装修 | 随时看房,https://dg.lianjia.com/ershoufang/105122268190.html
未来世界高楼层南向标准三房 免个税 诚意出售看房方便,"未来世界花园 , 西平",3室2厅,51.61平米,东北,精装,高楼层(共17层) ,,板塔结合,105 万,20345 元,0,,,近地铁 | VR房源 | 房本满五年 | 随时看房,https://dg.lianjia.com/ershoufang/105119045422.html
城区 刚需户型 保养好可直接拎包住,"天鹅花园 , 花园新村",2室2厅,95平米,东南,简装,中楼层(共7层) ,,塔楼,45 万,4737 元,0,,,VR看装修 | 房本满五年,https://dg.lianjia.com/ershoufang/105121862400.html
达鑫精装两房，看房方便，看花园朝南向,"达鑫江滨新城 , 石碣镇",2室1厅,83.11平米,南,精装,中楼层(共24层) ,,板楼,90 万,10830 元,1,,,VR看装修 | 随时看房,https://dg.lianjia.com/ershoufang/105121226117.html
富民花园  朝南两房  诚意出售,"富民花园 , 太平广场",2室2厅,75.02平米,南,简装,中楼层(共7层) ,,板塔结合,55 万,7332 元,1,,,VR看装修 | 房本满五年 | 随时看房,https://dg.lianjia.com/ershoufang/105121518085.html
全新交付未入住 高层看花园景观视野舒适,"珑远翠珑湾 , 寮步",3室2厅,97.95平米,东南,精装,高楼层(共30层) ,,塔楼,222 万,22665 元,1,,,VR看装修 | 房本满两年 | 随时看房,https://dg.lianjia.com/ershoufang/105118522950.html
保利2栋 东南朝向 全新装修4房 无人住过 随时看房,"保利首铸天际 , 胜利路",4室1厅,123.85平米,东南,精装,中楼层(共45层) ,,塔楼,330 万,26646 元,0,,19天以前发布,VR房源 | 房本满两年 | 随时看房,https://dg.lianjia.com/ershoufang/105122364899.html
幸福派，刚需南向大3房2卫，带入户花园。,"幸福派 , 茶山镇",3室2厅,97.97平米,南 北,毛坯,低楼层(共11层) ,,塔楼,75 万,7656 元,1,,,VR看装修 | 房本满两年 | 随时看房,https://dg.lianjia.com/ershoufang/105121005758.html
万科装修三房 中间楼层看园林 看房方便 不欠款过户快,"南部湾万科城 , 大宁",3室2厅,94.81平米,西南,,34层 ,,塔楼,160 万,16876 元,1,,,VR看装修 | 房本满五年 | 随时看房,https://dg.lianjia.com/ershoufang/105121710289.html
此房业主是花30万装修的，可拎包入住。楼层好无遮挡,"凯晟景园 , 石井",3室2厅,107平米,南,精装,低楼层(共26层) ,,板塔结合,255 万,23832 元,0,,,VR房源 | 房本满五年 | 随时看房,https://dg.lianjia.com/ershoufang/105120316924.html
香蜜松湖二期三房两卫 松山湖刚需上车小区 低密度社区,"安华香蜜松湖 , 大朗镇",3室2厅,99.41平米,东南,毛坯,18层 ,,板塔结合,150 万,15090 元,2,,,VR看装修 | 房本满五年 | 随时看房,https://dg.lianjia.com/ershoufang/105121092634.html
新世纪颐龙轩 南北对流 高层看江景,"新世纪颐龙轩 , 高埗镇",4室2厅,143.29平米,东南,毛坯,高楼层(共30层) ,,板楼,239 万,16680 元,0,,,VR看装修 | 随时看房,https://dg.lianjia.com/ershoufang/105120345227.html
全新高楼层朝南2房，无欠款，业主诚心出售！,"南部湾万科城 , 大宁",2室1厅,62平米,南,简装,9层 ,,塔楼,95 万,15323 元,0,,,VR看装修 | 随时看房,https://dg.lianjia.com/ershoufang/105120468705.html
诚信大厦4房出售 两套打通户型格局好 价格实惠,"诚信大厦 , 黄河中心",4室2厅,145平米,东南,简装,17层 ,,板楼,109 万,7518 元,0,,,VR看装修 | 房本满五年,https://dg.lianjia.com/ershoufang/105121025038.html
万科幸福城 精装修未住过3房2卫 随时可以看,"万科幸福城 , 上下桥",3室2厅,95.36平米,南 北,,中楼层(共18层) ,,塔楼,168 万,17618 元,4,,,VR房源 | 房本满五年 | 随时看房,https://dg.lianjia.com/ershoufang/105120998416.html
万科金色悦府高楼层精装3房诚意出售,"万科金色悦府 , 宵边",3室2厅,95平米,南,精装,32层 ,,板塔结合,210 万,22106 元,0,,,VR看装修,https://dg.lianjia.com/ershoufang/105122063429.html
新城区沃尔玛旁边小三房 正南向 户型方正实用率高,"卓越大厦 , 石龙镇",3室2厅,94.17平米,南,精装,高楼层(共25层) ,,板塔结合,83 万,8814 元,1,,,VR看装修 | 房本满五年 | 随时看房,https://dg.lianjia.com/ershoufang/105117056159.html
飞机户型四房 使用面积180平米 大阳台朝南正对泳池,"滨江公馆 , 万江中心",4室1厅,140.6平米,南,精装,中楼层(共18层) ,,板楼,225 万,16003 元,4,,,VR看装修 | 房本满五年,https://dg.lianjia.com/ershoufang/105110531984.html
柏龙湾次新3房  中楼层采光好  视野开阔,"柏龙湾 , 大宁",3室2厅,93.25平米,东南,,高楼层(共17层) ,,塔楼,148 万,15872 元,0,,,VR看装修 | 随时看房,https://dg.lianjia.com/ershoufang/105120314450.html
全新未入住过3房交楼标准精装业主诚心出售,"世纪城凯旋湾花园 , 石排镇",3室2厅,109.72平米,南,,低楼层(共17层) ,,板塔结合,108 万,9844 元,0,,,VR看装修 | 房本满两年 | 随时看房,https://dg.lianjia.com/ershoufang/105121286600.html
网红小区 二期朝南看花园 通风采光好 楼层巴适 便宜卖,"碧桂园苹果 , 上下桥",2室1厅,29.15平米,南,精装,高楼层(共12层) ,,塔楼,27 万,9263 元,0,,20天以前发布,随时看房,https://dg.lianjia.com/ershoufang/105122355336.html
虎门一号毛坯  4房南北通 看房方便,"虎门一号 , 地标",4室2厅,169.6平米,南,毛坯,中楼层(共18层) ,,塔楼,236 万,13916 元,2,,,VR看装修 | 房本满五年 | 随时看房,https://dg.lianjia.com/ershoufang/105110912217.html
业主诚心出售城轨口旁山姆会员旁,"保利卓越中环广场 , 寮步",2室1厅,30平米,南,精装,低楼层(共32层) ,,板塔结合,29.9 万,9967 元,4,,,随时看房,https://dg.lianjia.com/ershoufang/105119380240.html
精装中楼层，视野开阔，通风采光好,"达鑫江滨新城 , 石碣镇",3室2厅,95.43平米,北,精装,低楼层(共24层) ,,板楼,118 万,12366 元,0,,,VR看装修 | 房本满五年 | 随时看房,https://dg.lianjia.com/ershoufang/105121848105.html
万科中 央公园98平三房 免个税 全新交楼标准,"万科中央公园一期 , 大朗镇",3室2厅,98.77平米,西南,精装,高楼层(共30层) ,,板塔结合,200 万,20250 元,1,,,VR看装修 | 房本满五年 | 随时看房,https://dg.lianjia.com/ershoufang/105119734661.html
松湖朗悦 3室2厅 西南,"松湖朗悦 , 大朗镇",3室2厅,90.72平米,西南,毛坯,高楼层(共23层) ,,塔楼,113 万,12456 元,0,,11天以前发布,VR房源 | 房本满五年 | 随时看房,https://dg.lianjia.com/ershoufang/105122452299.html
急售中楼层.可装电梯 装修好.朝东南.户型方正.采光好,"文华花园 , 花园新村",2室2厅,85.2平米,东南,精装,中楼层(共9层) ,,板塔结合,54.8 万,6432 元,1,,,VR看装修 | 房本满两年 | 随时看房,https://dg.lianjia.com/ershoufang/105120679955.html
星河传说 精装三房户型 采光好 户型方正 诚意出售,"星河传说聚星岛A区 , 石井",3室2厅,128.53平米,西,精装,低楼层(共12层) ,,塔楼,285 万,22174 元,5,,,VR房源 | 房本满五年,https://dg.lianjia.com/ershoufang/105118333894.html
满五唯一 精装修可拎包入住 高楼层景观好 业主急售,"金地·艺境水岸 , 石美",3室2厅,94.95平米,西南,精装,高楼层(共33层) ,,板塔结合,160 万,16851 元,0,,,VR看装修 | 房本满五年 | 随时看房,https://dg.lianjia.com/ershoufang/105121780685.html
实用两房，看小区花园，楼距宽，视野好，安静,"长城世家 , 松山湖",2室2厅,82.42平米,西北,精装,7层 ,,板塔结合,236 万,28634 元,0,,,VR看装修 | 房本满五年,https://dg.lianjia.com/ershoufang/105120139930.html
丰华苑全新装修三房 采光通风好 诚意出售 随时看房,"东泰花园丰华苑 , 东泰",3室2厅,113.5平米,南,精装,高楼层(共7层) ,,塔楼,109.8 万,9675 元,2,,,VR房源 | 房本满五年 | 随时看房,https://dg.lianjia.com/ershoufang/105122202933.html
新时代家园 2房2厅 仅需75万 价格优惠,"新时代家园 , 凤岗镇",2室2厅,43平米,西南,,18层 ,,板塔结合,60 万,13954 元,1,,,VR看装修 | 房本满五年,https://dg.lianjia.com/ershoufang/105119595051.html
石井旁 毛坯小四房 业主 诚售！,"怡丰君逸名轩 , 石井",4室2厅,93平米,北,精装,高楼层(共18层) ,,塔楼,150 万,16130 元,0,,28天以前发布,VR看装修 | 房本满五年 | 随时看房,https://dg.lianjia.com/ershoufang/105122288283.html
虎门公园地段满五年钥匙在手说走就走,"万科金色里程 , 虎门公园",2室1厅,70.16平米,东,精装,高楼层(共29层) ,,板塔结合,128 万,18245 元,0,,,VR看装修 | 房本满五年 | 随时看房,https://dg.lianjia.com/ershoufang/105115685070.html
CBD大社区园林三房看花园，安静采光好，满五唯一,"石竹新花园 , 石竹",3室2厅,108平米,西北,精装,高楼层(共16层) ,,板塔结合,175 万,16204 元,0,,,近地铁 | VR看装修 | 房本满五年,https://dg.lianjia.com/ershoufang/105121618865.html
新世纪颐龙湾 四期精装三房 业主自住保养好 诚意出售,"新世纪颐龙湾 , 高埗镇",3室2厅,96.69平米,南,精装,高楼层(共18层) ,,板塔结合,140 万,14480 元,1,,,VR看装修 | 房本满五年,https://dg.lianjia.com/ershoufang/105119748123.html
火车站香樟国际花园 全新装修一房2厅 电梯好楼层,"香樟国际 , 樟木头镇",1室2厅,43.42平米,南,精装,高楼层(共22层) ,,塔楼,39 万,8983 元,0,,,VR看装修 | 房本满五年 | 随时看房,https://dg.lianjia.com/ershoufang/105121065302.html
格林小城3房带露台，露台已搭好棚,"金地格林小城 , 西平",3室2厅,113.2平米,西南,,高楼层(共11层) ,,板塔结合,218 万,19258 元,1,,26天以前发布,近地铁 | VR房源 | 房本满五年,https://dg.lianjia.com/ershoufang/105122309176.html
精装三房，满五唯一！看房方便！,"中惠沁林山庄 , 大岭山镇",3室2厅,104.63平米,南,精装,低楼层(共25层) ,,板楼,125 万,11947 元,2,,,VR看装修 | 房本满五年,https://dg.lianjia.com/ershoufang/105110507482.html
新时代花园精装两房 朝南 出售,"新时代家园 , 凤岗镇",2室1厅,46.41平米,南,简装,18层 ,,板塔结合,68 万,14653 元,1,,,VR看装修 | 房本满五年,https://dg.lianjia.com/ershoufang/105119416702.html
汇景城市精装三房，南北对流，双阳台，过五唯一,"汇景城市中心 , 樟木头镇",3室2厅,106.79平米,东南,精装,低楼层(共22层) ,,塔楼,134.8 万,12623 元,0,,,VR看装修 | 房本满五年,https://dg.lianjia.com/ershoufang/105118080706.html
常平大道，湾区地铁口旁，交通便利，配套齐全 ，,"置富广场 , 常平镇",3室2厅,89.81平米,北,,高楼层(共13层) ,,塔楼,48 万,5345 元,0,,,VR看装修 | 房本满五年 | 随时看房,https://dg.lianjia.com/ershoufang/105122058005.html
理想沁园三房，厅出阳台，朝南看小区花园，诚心出售,"理想沁园 , 客运总站",3室2厅,92.89平米,南,精装,低楼层(共18层) ,,板塔结合,115 万,12381 元,0,,,VR看装修 | 房本满五年,https://dg.lianjia.com/ershoufang/105116952984.html
家和时代毛坯三房 楼层好 视野开阔,"家和时代 , 寮步",3室2厅,98.65平米,南,毛坯,高楼层(共32层) ,,板塔结合,170 万,17233 元,0,,,VR看装修 | 房本满五年 | 随时看房,https://dg.lianjia.com/ershoufang/105122010196.html
南北通风，自住房，保养好，全属定制，拎包可以入住,"万科首铸翡翠东望 , 鸿福路口",3室2厅,92.99平米,南,精装,中楼层(共33层) ,,板楼,245 万,26347 元,0,,,VR看装修 | 房本满五年,https://dg.lianjia.com/ershoufang/105118129447.html
松湖春天精装三房  户型朝南位置安静 可拎包入住,"松湖春天 , 大岭山镇",3室2厅,99.29平米,东南,精装,22层 ,,板塔结合,158 万,15913 元,2,,,VR看装修 | 房本满五年,https://dg.lianjia.com/ershoufang/105113955563.html
碧海云天四期 4房中高层 户型好 业主诚意急卖,"碧海云天 , 沙田镇",4室2厅,137平米,东南,,中楼层(共32层) ,,塔楼,155 万,11314 元,0,,,VR看装修 | 随时看房,https://dg.lianjia.com/ershoufang/105121777409.html
旗峰花园3房2厅 满五唯一刚需上车必看  看房方便,"旗峰花园 , 黄旗山",3室1厅,109.12平米,西南,精装,中楼层(共21层) ,,塔楼,150 万,13747 元,0,,2天以前发布,近地铁 | VR房源 | 房本满五年 | 随时看房,https://dg.lianjia.com/ershoufang/105122544609.html
封闭式小区，人车分流；小区绿化可达55%，环境优美,"中堂东港城 , 中堂镇",3室2厅,93.98平米,东南,精装,中楼层(共11层) ,,板塔结合,73 万,7768 元,0,,,VR看装修 | 房本满五年 | 随时看房,https://dg.lianjia.com/ershoufang/105116960897.html
东成花园 3室2厅 东南,"东成花园 , 横沥镇",3室2厅,97.07平米,东南,精装,17层 ,,板塔结合,110 万,11333 元,0,,8天以前发布,VR房源 | 房本满五年,https://dg.lianjia.com/ershoufang/105122486372.html
宜家花园 2室1厅 东南,"宜家花园 , 太平广场",2室1厅,77平米,东南,精装,中楼层(共16层) ,,塔楼,39 万,5065 元,1,,,VR房源 | 房本满五年 | 随时看房,https://dg.lianjia.com/ershoufang/105121797713.html
没有个税 没有个税 位置安静 小区环境好 物业严谨,"南部湾万科城 , 大宁",3室2厅,96.76平米,西南,精装,41层 ,,塔楼,169 万,17466 元,0,,,VR看装修 | 房本满两年,https://dg.lianjia.com/ershoufang/105121745018.html
稀 少 户型带大平台  过五年唯一  装修比图片更好,"保利林语花园 , 樟木头镇",3室2厅,125.94平米,南 北,精装,27层 ,,板塔结合,127 万,10085 元,4,,,VR看装修 | 房本满五年,https://dg.lianjia.com/ershoufang/105110174822.html
常平大道物业 户型方正 交通方便,"置富广场 , 常平镇",2室2厅,69.6平米,东南 东北,,高楼层(共13层) ,,塔楼,42 万,6035 元,0,,15天以前发布,VR房源 | 房本满五年 | 随时看房,https://dg.lianjia.com/ershoufang/105122403814.html
大客厅，中间好楼层， 阳台正南视野无遮挡,"御河湾花园 , 横沥镇",3室1厅,95.7平米,东南,毛坯,中楼层(共32层) ,,板塔结合,84 万,8778 元,0,,,VR房源 | 房本满五年 | 随时看房,https://dg.lianjia.com/ershoufang/105122213802.html
御河湾全新二房出售，中高楼层，户型方正，刚需,"御河湾花园 , 横沥镇",2室2厅,67.16平米,北,精装,26层 ,,板塔结合,65 万,9679 元,1,,,VR看装修 | 随时看房,https://dg.lianjia.com/ershoufang/105122219003.html
次新小区 房子户型通透朝南采光好 视野无遮挡，带装修,"海德琥珀台 , 火炼树",3室2厅,98.74平米,南,精装,低楼层(共31层) ,,塔楼,255 万,25826 元,2,,,VR看装修 | 房本满两年 | 随时看房,https://dg.lianjia.com/ershoufang/105119767296.html
此房满五唯一，视野开阔，装修保养好，品牌开发商,"碧桂园城央壹品 , 上下桥",3室2厅,106.29平米,东南,精装,低楼层(共28层) ,,板楼,220 万,20699 元,0,,,近地铁 | VR看装修 | 房本满五年,https://dg.lianjia.com/ershoufang/105112221047.html
翠欣苑3房2厅2卫 朝南方正户型,"翠欣苑 , 华南摩尔",3室2厅,119.56平米,东南,精装,中楼层(共11层) ,,塔楼,145 万,12128 元,0,,,VR看装修 | 房本满五年 | 随时看房,https://dg.lianjia.com/ershoufang/105116179766.html
新世纪颐龙湾五期 南北通透双阳台 通风效果好,"新世纪颐龙湾 , 高埗镇",3室2厅,107.74平米,南 北,毛坯,低楼层(共21层) ,,板塔结合,115 万,10674 元,0,,,VR看装修 | 房本满两年 | 随时看房,https://dg.lianjia.com/ershoufang/105121260055.html
东莞沙田天琴湾花园 精装修 高楼层 户型好 业主急售,"天琴湾花园 , 沙田镇",3室2厅,104.43平米,东 北,精装,29层 ,,板塔结合,88 万,8427 元,2,,,VR看装修 | 房本满两年,https://dg.lianjia.com/ershoufang/105119642720.html
中高楼层 生活便利 自住房保养好 南北对流,"东城万达广场 , 世博广场",4室2厅,179.12平米,南,精装,低楼层(共30层) ,,板塔结合,420 万,23448 元,0,,,近地铁 | VR房源 | 房本满五年 | 随时看房,https://dg.lianjia.com/ershoufang/105118277089.html
健逸天地简装三房 装修随便改 置换优选,"健逸天地 , 增田",3室2厅,115平米,西,,低楼层(共18层) ,,塔楼,155 万,13479 元,1,,,VR看装修 | 随时看房,https://dg.lianjia.com/ershoufang/105121952609.html
新兴大厦 3室1厅 南,"新兴大厦 , 黄河中心",3室1厅,107平米,南,精装,中楼层(共13层) ,,塔楼,90 万,8412 元,1,,,VR房源 | 房本满五年 | 随时看房,https://dg.lianjia.com/ershoufang/105122049058.html
时代城二梯二户，业主自住，中式装修四房,"光大景湖时代城 , 西平",4室2厅,172.03平米,东南,精装,32层 ,,板塔结合,500 万,29065 元,1,,,近地铁 | VR看装修 | 房本满五年 | 随时看房,https://dg.lianjia.com/ershoufang/105117921456.html
碧海云天高层看海景三房，居住舒服！,"碧海云天 , 沙田镇",3室1厅,103.87平米,西南,精装,高楼层(共32层) ,,塔楼,122 万,11746 元,0,,,VR看装修 | 随时看房,https://dg.lianjia.com/ershoufang/105122081386.html
东海山庄2房，高楼层，采光好，面朝操场！,"丰泰东海山庄 , 新联",2室2厅,87.73平米,东北,简装,高楼层(共11层) ,,塔楼,95 万,10829 元,2,,,VR看装修 | 房本满五年 | 随时看房,https://dg.lianjia.com/ershoufang/105118613970.html
龙湾金地外滩3房2卫 装修新即买即住 高层俯瞰园景江景,"金地外滩8号 , 胜利路",3室2厅,92.78平米,西北,精装,中楼层(共22层) ,,板楼,178 万,19186 元,1,,,VR看装修 | 房本满五年 | 随时看房,https://dg.lianjia.com/ershoufang/105122081276.html
西平高 端小区景湖时代城3房，南向看花园，随时看房,"光大景湖时代城 , 西平",3室2厅,99.92平米,南,精装,16层 ,,板塔结合,260 万,26021 元,3,,,近地铁 | VR看装修 | 房本满五年 | 随时看房,https://dg.lianjia.com/ershoufang/105119830059.html
风临花语岸，实用性很高5房南北对流,"风临花语岸 , 寮步",5室2厅,98.9平米,南,精装,高楼层(共17层) ,,塔楼,133 万,13448 元,1,,,VR看装修 | 房本满五年,https://dg.lianjia.com/ershoufang/105122065733.html
地铁大三房，厅大房大，加大不加价，一梯两户中间楼层,"宏远活力康城 , 宏远北",3室2厅,146.36平米,东南,简装,中楼层(共12层) ,,板塔结合,169 万,11547 元,2,,,VR房源,https://dg.lianjia.com/ershoufang/105120606609.html
大运六期，精装三房 南北通透  看山景,"大运城邦璟城 , 凤岗镇",3室2厅,95.73平米,北 南,精装,21层 ,,塔楼,179 万,18699 元,0,,,VR看装修 | 房本满五年,https://dg.lianjia.com/ershoufang/105121613810.html
业主诚心出售，看中价格还能谈，,"金美花园 , 常平镇",2室1厅,73平米,东北,,11层 ,,板楼,53.8 万,7370 元,0,,,VR房源 | 房本满五年,https://dg.lianjia.com/ershoufang/105120909056.html
南部湾万科城 97平南北通户型 中间楼层 还带产权车位,"南部湾万科城 , 大宁",3室2厅,98.42平米,东南,精装,41层 ,,塔楼,168 万,17070 元,0,,,VR看装修 | 房本满五年 | 随时看房,https://dg.lianjia.com/ershoufang/105120385620.html
业主诚意出售，中高楼层视野开阔采光好，小区环境好,"茶山碧桂园 , 茶山镇",2室2厅,75平米,南,精装,中楼层(共19层) ,,板塔结合,65 万,8667 元,0,,,随时看房,https://dg.lianjia.com/ershoufang/105121893237.html
香市一号精装大三房装修好高楼层安静,"海悦香郡花园 , 寮步",3室2厅,124平米,南 北,精装,高楼层(共23层) ,,塔楼,218 万,17581 元,0,,,VR看装修 | 房本满五年 | 随时看房,https://dg.lianjia.com/ershoufang/105121809129.html
阔绰复式五房，刚需住家的理想选择,"安娜花园 , 横沥镇",5室2厅,252平米,西南,精装,低楼层(共6层) ,,板塔结合,169.9 万,6743 元,0,,,VR房源 | 房本满五年 | 随时看房,https://dg.lianjia.com/ershoufang/105121592702.html
保利中环广场全新大三房视野开阔,"保利卓越中环广场 , 寮步",3室2厅,111.21平米,南,精装,中楼层(共32层) ,,板塔结合,110 万,9892 元,0,,5天以前发布,随时看房,https://dg.lianjia.com/ershoufang/105122513306.html
铭可达小2房 户型方正 仅售89万,"铭可达商住中心 , 八达路",2室1厅,64.57平米,东南,精装,低楼层(共29层) ,,板楼,75 万,11616 元,0,,,VR看装修 | 房本满五年 | 随时看房,https://dg.lianjia.com/ershoufang/105120487732.html
寮步翠珑湾三房两卫 朝南视野开阔 带车位业主诚心出,"珑远翠珑湾 , 寮步",3室2厅,96.21平米,南,简装,中楼层(共30层) ,,塔楼,244 万,25362 元,0,,,VR看装修 | 房本满两年 | 随时看房,https://dg.lianjia.com/ershoufang/105121950534.html
卓越中寰 2室1厅 东,"卓越中寰 , 学院路",2室1厅,35.25平米,东,精装,22层 ,,塔楼,39.5 万,11206 元,0,,,近地铁 | 随时看房,https://dg.lianjia.com/ershoufang/105122207804.html
万科城中高层3房，满五唯一不欠款，带车位,"南部湾万科城 , 大宁",3室2厅,94.84平米,东南,精装,中楼层(共32层) ,,塔楼,163 万,17187 元,1,,,VR看装修 | 房本满五年 | 随时看房,https://dg.lianjia.com/ershoufang/105121109313.html
三房两厅 满五唯一税费少，低楼层方便进出,"美景楼（沿江路） , 太平广场",3室1厅,79.12平米,南,精装,中楼层(共8层) ,,板楼,47.8 万,6042 元,0,,,VR看装修 | 房本满五年,https://dg.lianjia.com/ershoufang/105121901151.html
整栋私宅出售，240平方售158万,"金牛横路 , 八达路",8室3厅,226.94平米,西南,,低楼层(共3层) ,,,158 万,6963 元,1,,,VR看装修 | 房本满五年 | 随时看房,https://dg.lianjia.com/ershoufang/105122054400.html
翡翠山湖 朝南两房 格局方正实用 诚心出售,"翡翠山湖 , 凤岗镇",2室2厅,87.76平米,南,简装,11层 ,,塔楼,88 万,10028 元,0,,9天以前发布,VR房源 | 房本满五年,https://dg.lianjia.com/ershoufang/105122478342.html
嘉辉豪庭 115平 精装大两房 满五唯一无欠款 急售102万,"嘉辉豪庭 , 凤岗镇",2室2厅,114.76平米,东 南,,23层 ,,板塔结合,98 万,8540 元,3,,,VR看装修 | 房本满五年 | 随时看房,https://dg.lianjia.com/ershoufang/105121042400.html
花园正中间 南向4房  视野好 即买即入住,"大运城邦璟城 , 凤岗镇",4室2厅,120平米,南,精装,21层 ,,板塔结合,255 万,21250 元,0,,8天以前发布,VR房源,https://dg.lianjia.com/ershoufang/105122487390.html
保利中央公馆94平三房出售 中高楼层 朝南看河边,"保利中央公馆 , 清溪镇",3室2厅,94.68平米,东南,,高楼层(共27层) ,,板塔结合,131 万,13837 元,0,,,VR看装修 | 房本满五年 | 随时看房,https://dg.lianjia.com/ershoufang/105121384557.html
金域名苑  电梯三房 朝南 户型方正,"金域名苑 , 东莞行政中心区",3室2厅,137.26平米,南,简装,低楼层(共20层) ,,塔楼,160 万,11657 元,0,,,VR房源 | 房本满五年 | 随时看房,https://dg.lianjia.com/ershoufang/105119380643.html
汇景城市中心一房 业主诚意出售中,"汇景城市中心 , 樟木头镇",1室0厅,45.8平米,北,简装,中楼层(共18层) ,,板楼,38 万,8297 元,0,,19天以前发布,随时看房,https://dg.lianjia.com/ershoufang/105122357979.html
莞城英文就在楼下 满五为一大4房 不欠款,"聚福豪苑 , 东平街",4室2厅,162.74平米,北,简装,21层 ,,板塔结合,185 万,11368 元,1,,30天以前发布,VR房源 | 房本满两年,https://dg.lianjia.com/ershoufang/105122264355.html
大平层，使用率高。朝南看别墅区,"世纪城国际公馆四期香榭里 , 西平",5室1厅,191平米,东南,毛坯,中楼层(共16层) ,,板塔结合,530 万,27749 元,1,,,VR房源 | 房本满五年 | 随时看房,https://dg.lianjia.com/ershoufang/105120737369.html
天利新上高层四房，装修保养好，拎包即可入住,"天利中央花园 , 西平",4室2厅,128.51平米,东南,,中楼层(共30层) ,,板塔结合,368 万,28636 元,2,,20天以前发布,近地铁 | VR看装修 | 随时看房,https://dg.lianjia.com/ershoufang/105122353428.html
房子装修保养好，采光通风好，出行方便,"凤安大厦 , 凤岗镇",2室2厅,82.95平米,南,简装,16层 ,,塔楼,69 万,8319 元,0,,,VR看装修 | 房本满五年,https://dg.lianjia.com/ershoufang/105117186751.html
松湖明珠小三房，中间楼层，装修漂亮,"碧桂园松湖明珠 , 横沥镇",3室2厅,78.92平米,南,精装,中楼层(共26层) ,,塔楼,109 万,13812 元,0,,31天以前发布,VR看装修 | 房本满两年,https://dg.lianjia.com/ershoufang/105122251754.html
佳兆业碧海云天 一线海景 户型方正 高楼层 无欠款急售,"碧海云天 , 沙田镇",4室2厅,138.92平米,南,毛坯,中楼层(共33层) ,,塔楼,130 万,9358 元,0,,,VR看装修 | 房本满五年 | 随时看房,https://dg.lianjia.com/ershoufang/105116978963.html
江滨花园四期，户型方正，采光好，适合宜居。,"江滨花园四期 , 华南摩尔",3室2厅,85.5平米,东北,精装,中楼层(共8层) ,,塔楼,68.8 万,8047 元,5,,,VR房源 | 房本满五年,https://dg.lianjia.com/ershoufang/105118653079.html
江滨花园五期，方正户型，东南朝向，看花园,"江滨花园五期 , 华南摩尔",3室2厅,89.51平米,东南,简装,中楼层(共8层) ,,塔楼,88.8 万,9921 元,2,,,VR看装修 | 房本满五年 | 随时看房,https://dg.lianjia.com/ershoufang/105120827528.html
楼层好，采光好，视野开阔，保养漂亮，业主诚心卖,"万科金域松湖花园二期 , 松山湖",3室2厅,98.08平米,东南,,中楼层(共20层) ,,塔楼,256 万,26102 元,0,,,VR看装修 | 房本满五年 | 随时看房,https://dg.lianjia.com/ershoufang/105122011927.html
星城翠珑湾一期 70年产权公寓 3房业主诚心卖,"星城翠珑湾一期 , 松山湖",3室2厅,77.45平米,南,毛坯,25层 ,,塔楼,75 万,9684 元,61,,,房本满五年 | 随时看房,https://dg.lianjia.com/ershoufang/105104712799.html
新天地华庭3房2卫，精装修，加装电梯了，业主急售。,"新天地华庭 , 寮步",3室1厅,80.35平米,北,精装,7层 ,,板楼,88 万,10953 元,4,,,VR房源 | 房本满两年 | 随时看房,https://dg.lianjia.com/ershoufang/105120456621.html
万科第五城全屋定制柜子，未入住过，楼层好,"万科第五城 , 高埗镇",3室2厅,92.8平米,西南,精装,34层 ,,板楼,139 万,14979 元,1,,,VR看装修 | 房本满两年 | 随时看房,https://dg.lianjia.com/ershoufang/105121193768.html
滨海湾 沙田虎门港 恒大御景半岛 2房2厅高楼层海景房,"恒大御景半岛 , 沙田镇",2室2厅,84.55平米,西南,精装,高楼层(共29层) ,,塔楼,68 万,8043 元,1,,,VR看装修 | 房本满五年 | 随时看房,https://dg.lianjia.com/ershoufang/105111893379.html
三元里大厦两房一厅出售，出行购物方便。,"三元大厦 , 三元里",2室1厅,72.9平米,东南,简装,低楼层(共14层) ,,塔楼,55 万,7545 元,0,,,VR看装修 | 房本满五年 | 随时看房,https://dg.lianjia.com/ershoufang/105119701262.html
业主诚心出售 凯东精装三房 朝花园 安静舒适,"凯东新城 , 大岭山镇",3室2厅,113平米,西北,简装,18层 ,,板塔结合,129 万,11416 元,1,,,VR看装修 | 房本满五年 | 随时看房,https://dg.lianjia.com/ershoufang/105121821574.html
湖景大三房.南北通透.无欠款.诚心出售,"金地博登湖三期澜庭 , 塘厦镇",3室2厅,117.59平米,南 北,精装,29层 ,,塔楼,173 万,14713 元,0,,,VR看装修 | 随时看房,https://dg.lianjia.com/ershoufang/105120326756.html
嘉宏锦园2018次新房高楼南北通户型方正业主诚意卖,"嘉宏锦园 , 上下桥",4室1厅,118.25平米,南,毛坯,高楼层(共32层) ,,塔楼,207 万,17506 元,3,,,VR房源 | 房本满五年 | 随时看房,https://dg.lianjia.com/ershoufang/105116438202.html
总价低 电梯三房 入则宁静出则繁华,"兰苑大厦 , 黄河中心",3室2厅,93.52平米,南,简装,低楼层(共17层) ,,板塔结合,54.5 万,5828 元,4,,,VR看装修 | 房本满五年,https://dg.lianjia.com/ershoufang/105115802292.html
运河路103平精装三房 莞城户口 前后大阳台,"沿河路水利局宿舍 , 运河东",3室2厅,103平米,南,精装,中楼层(共6层) ,,,80 万,7767 元,5,,,VR看装修 | 房本满五年 | 随时看房,https://dg.lianjia.com/ershoufang/105121118656.html
700米城轨口物业，63万平滨江大型小区，配套齐全,"沙田碧桂园滨江豪园 , 沙田镇",4室2厅,125.27平米,北 南,精装,29层 ,,塔楼,190 万,15168 元,1,,,VR看装修 | 房本满五年 | 随时看房,https://dg.lianjia.com/ershoufang/105113948833.html
全新装修的带露台南北对流 随时可以看 华师,"光大景湖春天 , 火炼树",3室2厅,112.21平米,南,,中楼层(共5层) ,,塔楼,190 万,16933 元,1,,12天以前发布,VR房源 | 房本满五年,https://dg.lianjia.com/ershoufang/105122434126.html
佳兆业碧海云天 四期 精装修 一线海景 双阳台业主急售,"碧海云天 , 沙田镇",4室2厅,136.62平米,南,精装,中楼层(共32层) ,,,150 万,10980 元,1,,,VR看装修 | 房本满两年 | 随时看房,https://dg.lianjia.com/ershoufang/105118618786.html
业主诚意出售  高楼层景观好 新装修环保材料,"鼎峰尚境北园 , 寮步",4室2厅,137.42平米,南,精装,高楼层(共31层) ,,塔楼,330 万,24014 元,0,,,VR看装修 | 房本满五年,https://dg.lianjia.com/ershoufang/105119494592.html
虎门一号 天虹旁单间笋盘 业主急卖,"虎门一号 , 地标",1室0厅,36.36平米,东,精装,中楼层(共11层) ,,塔楼,30 万,8251 元,3,,,VR看装修 | 房本满五年,https://dg.lianjia.com/ershoufang/105116836156.html
春晓 高楼层 精装修三房 拎包入住看房方便,"光大景湖春晓 , 西平",3室2厅,100.71平米,西北,精装,18层 ,,板楼,195 万,19363 元,3,,,VR看装修 | 房本满五年 | 随时看房,https://dg.lianjia.com/ershoufang/105119660066.html
次新小区 房子户型通透朝南采光好 视野无遮挡，带装修,"海德琥珀台 , 火炼树",3室2厅,98.74平米,南,精装,低楼层(共31层) ,,塔楼,255 万,25826 元,2,,,VR看装修 | 房本满两年 | 随时看房,https://dg.lianjia.com/ershoufang/105119767296.html
此房满五唯一，视野开阔，装修保养好，品牌开发商,"碧桂园城央壹品 , 上下桥",3室2厅,106.29平米,东南,精装,低楼层(共28层) ,,板楼,220 万,20699 元,0,,,近地铁 | VR看装修 | 房本满五年,https://dg.lianjia.com/ershoufang/105112221047.html
满五唯一 ！业主诚心出售！自住 看房方便！,"希尔顿广场 , 鸿福路口",2室1厅,84.59平米,西南,,中楼层(共14层) ,,塔楼,115 万,13595 元,0,,,VR看装修 | 房本满五年 | 随时看房,https://dg.lianjia.com/ershoufang/105122084329.html
精装3房业主急售价格合适就可以出,"松湖溪岸 , 东坑镇",3室2厅,100.75平米,南,精装,高楼层(共30层) ,,板塔结合,103 万,10224 元,1,,,VR看装修 | 随时看房,https://dg.lianjia.com/ershoufang/105120500788.html
南向大3房，带30平大露台，9成新装修，总价低,"世纪城国际公馆三期仁里 , 西平",3室2厅,125.93平米,西南,精装,低楼层(共16层) ,,塔楼,305 万,24220 元,1,,,VR房源 | 房本满五年,https://dg.lianjia.com/ershoufang/105120869052.html
朝向好阳光充足较为安静配套设施较为齐全,"地标大厦 , 地标",3室2厅,100.81平米,西南,精装,低楼层(共25层) ,,塔楼,120 万,11904 元,0,,,VR看装修 | 房本满五年 | 随时看房,https://dg.lianjia.com/ershoufang/105112545778.html
三元里大厦两房一厅出售，出行购物方便。,"三元大厦 , 三元里",2室1厅,72.9平米,东南,简装,低楼层(共14层) ,,塔楼,55 万,7545 元,0,,,VR看装修 | 房本满五年 | 随时看房,https://dg.lianjia.com/ershoufang/105119701262.html
湖景大三房.南北通透.无欠款.诚心出售,"金地博登湖三期澜庭 , 塘厦镇",3室2厅,117.59平米,南 北,精装,29层 ,,塔楼,173 万,14713 元,0,,,VR看装修 | 随时看房,https://dg.lianjia.com/ershoufang/105120326756.html
嘉宏锦园2018次新房高楼南北通户型方正业主诚意卖,"嘉宏锦园 , 上下桥",4室1厅,118.25平米,南,毛坯,高楼层(共32层) ,,塔楼,207 万,17506 元,3,,,VR房源 | 房本满五年 | 随时看房,https://dg.lianjia.com/ershoufang/105116438202.html
业主诚心出售 凯东精装三房 朝花园 安静舒适,"凯东新城 , 大岭山镇",3室2厅,113平米,西北,简装,18层 ,,板塔结合,129 万,11416 元,1,,,VR看装修 | 房本满五年 | 随时看房,https://dg.lianjia.com/ershoufang/105121821574.html
新世纪可居精装大三房 双阳台 全湖景,"新世纪可居 , 塘厦镇",3室2厅,191.06平米,南 北,精装,中楼层(共17层) ,,板塔结合,258 万,13504 元,0,,,VR看装修 | 房本满五年 | 随时看房,https://dg.lianjia.com/ershoufang/105121912450.html
中天悦府，精装平层两房，带租约出售,"中天悦府 , 万达",2室1厅,45.38平米,东北,精装,高楼层(共14层) ,,塔楼,28 万,6171 元,1,,,房本满五年,https://dg.lianjia.com/ershoufang/105115217881.html
地铁口物业三房两卫，看花园位置安静满五不唯一不欠款,"金地格林小城 , 西平",3室2厅,118.13平米,西北,简装,18层 ,,板塔结合,190 万,16084 元,1,,,近地铁 | VR看装修 | 房本满五年 | 随时看房,https://dg.lianjia.com/ershoufang/105121890335.html
景湖花园 别墅小区 保养好 诚意出售,"光大景湖花园 , 东泰",3室2厅,138.5平米,西,精装,中楼层(共5层) ,,板楼,238 万,17185 元,4,,,VR房源 | 房本满五年 | 随时看房,https://dg.lianjia.com/ershoufang/105113972143.html
正看湖景   高楼层3房2卫  业主诚意卖,"百悦尚城三期恒大御湖 , 南城车站",3室2厅,117.71平米,东南,精装,高楼层(共18层) ,,板塔结合,264 万,22429 元,1,,,近地铁 | VR看装修 | 房本满五年 | 随时看房,https://dg.lianjia.com/ershoufang/105119142240.html
阳光粤港三期三房 户型方正 采光通风好 好楼层,"阳光粤港 , 横沥镇",3室2厅,98.63平米,东南,简装,高楼层(共22层) ,,板塔结合,110 万,11153 元,0,,,VR看装修 | 房本满两年 | 随时看房,https://dg.lianjia.com/ershoufang/105120252488.html
精装修方正三房，业主诚心卖，满五无欠款,"鸿财大厦 , 太平广场",3室2厅,79.45平米,西南,精装,中楼层(共7层) ,,塔楼,48 万,6042 元,1,,,VR看装修 | 房本满五年 | 随时看房,https://dg.lianjia.com/ershoufang/105116824178.html
步梯方正3房 ，满5唯一，税费少，业主换房急卖,"东江花园(樟木头镇) , 樟木头镇",3室2厅,68平米,南,简装,8层 ,,板楼,14 万,2059 元,16,,,VR房源,https://dg.lianjia.com/ershoufang/105121476326.html
清新精致充满艺术气息实用率高二房，广阔市府广场景观,"尚书银座 , 东莞图书馆",2室1厅,42.98平米,西北,精装,中楼层(共23层) ,,塔楼,96 万,22336 元,0,,18天以前发布,近地铁 | VR房源 | 房本满五年 | 随时看房,https://dg.lianjia.com/ershoufang/105122373492.html
振业松湖雅苑 3室2厅 东南,"振业松湖雅苑 , 寮步",3室2厅,89.42平米,东南,,低楼层(共11层) ,,塔楼,108 万,12078 元,0,,,VR房源 | 房本满五年,https://dg.lianjia.com/ershoufang/105122069833.html
未来世界花园二期小三房 稀有带阳台且朝南户型,"未来世界花园 , 西平",3室2厅,67.02平米,东南,精装,低楼层(共17层) ,,板楼,126 万,18801 元,1,,,近地铁 | VR房源 | 房本满五年 | 随时看房,https://dg.lianjia.com/ershoufang/105121993359.html
新世界花园 新装修2房 采光通风好 业主诚意出售,"新世界花园 , 黄旗山",2室1厅,60.2平米,南,精装,高楼层(共6层) ,,塔楼,75 万,12459 元,5,,,VR看装修 | 房本满五年,https://dg.lianjia.com/ershoufang/105120280803.html
碧桂园三房 户型方正 朝南 免个税,"碧桂园天麓山三期 , 塘厦镇",3室2厅,89.66平米,南,精装,18层 ,,板塔结合,112 万,12492 元,1,,,VR房源 | 房本满五年 | 随时看房,https://dg.lianjia.com/ershoufang/105121021683.html
道滘时代香海一期全新三房诚意出售,"时代香海彼岸1期 , 道滘镇",3室2厅,96.79平米,北,,中楼层(共24层) ,,板楼,133 万,13742 元,1,,,VR看装修 | 随时看房,https://dg.lianjia.com/ershoufang/105121344895.html
纳帕溪谷花园3房2厅2卫 有钥匙方便看房,"广源纳帕溪谷 , 茶山镇",3室2厅,114.92平米,东南,毛坯,26层 ,,塔楼,115 万,10007 元,2,,,VR看装修 | 随时看房,https://dg.lianjia.com/ershoufang/105120691082.html
南城精装四房 朝南向看花园 业主诚心出售,"汇龙湾 , 宏远北",4室2厅,110.27平米,西南,精装,中楼层(共32层) ,,塔楼,215 万,19498 元,0,,,VR看装修 | 房本满五年 | 随时看房,https://dg.lianjia.com/ershoufang/105121275424.html
寮步轻轨旁，保利次新小区，全新3房,"保利卓越中环广场 , 寮步",3室2厅,95.93平米,西南,精装,低楼层(共33层) ,,塔楼,195 万,20328 元,3,,,VR看装修 | 房本满两年 | 随时看房,https://dg.lianjia.com/ershoufang/105119818026.html
万科金域国际两房，不欠款诚意出售,"万科金域国际 , 厚街镇",2室1厅,75.83平米,南,精装,低楼层(共9层) ,,板塔结合,59.9 万,7900 元,5,,,近地铁 | 房本满五年,https://dg.lianjia.com/ershoufang/105121305781.html
央企物业 中间楼层 看小区安静住家温馨 业主诚心急售,"华侨城云麓台 , 新联",3室1厅,89.35平米,南,精装,高楼层(共17层) ,,塔楼,142 万,15893 元,1,,,VR看装修 | 房本满两年 | 随时看房,https://dg.lianjia.com/ershoufang/105121589160.html
店长推荐 沙田东港城两房带院子,"沙田东港城 , 沙田镇",2室2厅,69.27平米,南 北,精装,低楼层(共17层) ,,塔楼,88 万,12704 元,0,,17天以前发布,VR房源 | 房本满五年 | 随时看房,https://dg.lianjia.com/ershoufang/105122380900.html
春晓 高楼层 精装修三房 拎包入住看房方便,"光大景湖春晓 , 西平",3室2厅,100.71平米,西北,精装,18层 ,,板楼,195 万,19363 元,3,,,VR看装修 | 房本满五年 | 随时看房,https://dg.lianjia.com/ershoufang/105119660066.html
次新小区 房子户型通透朝南采光好 视野无遮挡，带装修,"海德琥珀台 , 火炼树",3室2厅,98.74平米,南,精装,低楼层(共31层) ,,塔楼,255 万,25826 元,2,,,VR看装修 | 房本满两年 | 随时看房,https://dg.lianjia.com/ershoufang/105119767296.html
御河湾全新二房出售，中高楼层，户型方正，刚需,"御河湾花园 , 横沥镇",2室2厅,67.16平米,北,精装,26层 ,,板塔结合,65 万,9679 元,1,,,VR看装修 | 随时看房,https://dg.lianjia.com/ershoufang/105122219003.html
爱都花园电梯两房，刚需住房，衣食住行方便,"爱都花园 , 樟木头镇",2室2厅,63.71平米,东南,精装,低楼层(共32层) ,,塔楼,25.8 万,4050 元,0,,18天以前发布,VR房源 | 随时看房,https://dg.lianjia.com/ershoufang/105122373965.html
厚街万科金域国际三房满五无欠款诚意出售,"万科金域国际 , 厚街镇",3室2厅,95.89平米,东北,精装,中楼层(共32层) ,,板塔结合,125 万,13036 元,0,,6天以前发布,VR房源 | 房本满五年,https://dg.lianjia.com/ershoufang/105122505115.html
房子低楼层无欠款 交易简单 业主诚心出售,"东方新城 , 寮步",3室2厅,89.73平米,东南,简装,中楼层(共8层) ,,塔楼,66 万,7356 元,0,,5天以前发布,VR房源 | 房本满五年 | 随时看房,https://dg.lianjia.com/ershoufang/105122513872.html
万科物业城东世家中楼层安静东向看花园3房诚意出售,"时富花园 , 寮步",3室1厅,87.13平米,东,精装,中楼层(共11层) ,,板塔结合,115 万,13199 元,0,,,VR看装修 | 房本满五年 | 随时看房,https://dg.lianjia.com/ershoufang/105121176067.html
近东城万达丰泰黄琪观邸高楼层精装2房诚意卖,"丰泰黄旗观邸 , 寮步",2室2厅,60.51平米,东,精装,高楼层(共24层) ,,塔楼,73 万,12065 元,0,,,VR看装修 | 房本满五年,https://dg.lianjia.com/ershoufang/105119155639.html
此房过五年 电梯3房 装修好的 看花园景观 居住舒适。,"中惠香樟绿洲 , 樟木头镇",3室2厅,97.9平米,南,简装,30层 ,,板楼,86 万,8785 元,0,,18天以前发布,VR房源 | 房本满五年 | 随时看房,https://dg.lianjia.com/ershoufang/105122368941.html
此房户型方正采光楼层视野好 正南 领包入住 可看房,"春风格拉斯 , 东坑镇",3室2厅,99.86平米,东南,精装,低楼层(共26层) ,,塔楼,116 万,11617 元,0,,,VR房源 | 房本满五年 | 随时看房,https://dg.lianjia.com/ershoufang/105121085996.html
此房满五唯一，楼层好，采光充足，视野宽阔，三房二卫,"卓越蔚蓝城邦 , 常平镇",3室2厅,97.68平米,东南,精装,33层 ,,板塔结合,92 万,9419 元,1,,,VR看装修 | 房本满五年,https://dg.lianjia.com/ershoufang/105112955358.html
世纪城国际公馆四期香榭里  全新装修 诚意出售,"世纪城国际公馆四期香榭里 , 西平",4室2厅,112.58平米,南,精装,低楼层(共17层) ,,板塔结合,268 万,23806 元,4,,17天以前发布,VR看装修 | 房本满两年 | 随时看房,https://dg.lianjia.com/ershoufang/105122380650.html
高层东南向大四房，通风采光佳，自住保养好，无按揭,"万科首铸翡翠东望 , 鸿福路口",4室2厅,115.95平米,南 北,精装,高楼层(共33层) ,,板楼,325 万,28030 元,0,,,VR看装修 | 房本满两年,https://dg.lianjia.com/ershoufang/105122093918.html
富通自在城 98平大三房 业主自住保养很好 看房方便,"富通自在城 , 运河东",3室2厅,97.53平米,南,精装,32层 ,,板塔结合,190 万,19482 元,1,,,VR看装修 | 房本满五年,https://dg.lianjia.com/ershoufang/105117068659.html
精装三房 楼层高 采光好 满五无抵押,"瑞康花园 , 横沥镇",3室1厅,111.22平米,南,简装,高楼层(共16层) ,,塔楼,82 万,7373 元,0,,,VR看装修 | 房本满五年,https://dg.lianjia.com/ershoufang/105114191556.html
珠江观澜御景 137平4房 一线高尔夫湖景 位置安静,"珠江观澜御景 , 塘厦镇",4室2厅,136.96平米,南,精装,33层 ,,板塔结合,223 万,16283 元,1,,,VR看装修 | 房本满五年 | 随时看房,https://dg.lianjia.com/ershoufang/105119954504.html
佳兆业碧海云天 一线海景 户型方正 高楼层 无欠款急售,"碧海云天 , 沙田镇",4室2厅,138.92平米,南,毛坯,中楼层(共33层) ,,塔楼,130 万,9358 元,0,,,VR看装修 | 房本满五年 | 随时看房,https://dg.lianjia.com/ershoufang/105116978963.html
春晓 高楼层 精装修三房 拎包入住看房方便,"光大景湖春晓 , 西平",3室2厅,100.71平米,西北,精装,18层 ,,板楼,195 万,19363 元,3,,,VR看装修 | 房本满五年 | 随时看房,https://dg.lianjia.com/ershoufang/105119660066.html
万科金域东精装3房 YI小 香中 业主诚意出售,"万科金域东方 , 寮步",3室2厅,79.69平米,西南,精装,高楼层(共33层) ,,塔楼,155 万,19451 元,0,,,VR房源 | 房本满两年,https://dg.lianjia.com/ershoufang/105120339967.html
虎门国际公馆，看小区原林 温馨2房 交通便利,"虎门国际公馆 , 新联",2室2厅,83.13平米,南,简装,中楼层(共18层) ,,塔楼,99 万,11910 元,0,,,VR看装修 | 随时看房,https://dg.lianjia.com/ershoufang/105121642719.html
此房格局方正，好楼层，视野开阔景观好，采光充足。,"卓越蔚蓝城邦 , 常平镇",3室2厅,99.14平米,南,精装,33层 ,,板塔结合,95 万,9583 元,0,,12天以前发布,VR房源 | 房本满五年,https://dg.lianjia.com/ershoufang/105122438957.html
中间楼层.采光充足.看房方便；居住舒服,"翠明珠山庄 , 石碣镇",2室1厅,43.13平米,西,简装,中楼层(共7层) ,,板塔结合,19.5 万,4522 元,2,,,VR看装修 | 随时看房,https://dg.lianjia.com/ershoufang/105121420393.html
虎门一号 天虹旁单间笋盘 业主急卖,"虎门一号 , 地标",1室0厅,36.36平米,东,精装,中楼层(共11层) ,,塔楼,30 万,8251 元,3,,,VR看装修 | 房本满五年,https://dg.lianjia.com/ershoufang/105116836156.html
桃李花园繁华位置朝南采光好，业主诚意出售，,"桃李花园 , 增田",2室2厅,84.34平米,南,简装,高楼层(共7层) ,,板塔结合,80 万,9486 元,0,,,VR看装修,https://dg.lianjia.com/ershoufang/105121714969.html
金地湖山大境二期高层三房 诚心出售,"金地湖山大境二期 , 黄江镇",3室1厅,102.49平米,南,毛坯,26层 ,,板塔结合,126 万,12294 元,2,,,VR看装修 | 房本满五年 | 随时看房,https://dg.lianjia.com/ershoufang/105115454766.html
金地湖山大境二期大四房 靠山看湖景,"金地湖山大境二期 , 黄江镇",4室2厅,152.84平米,南,毛坯,20层 ,,板塔结合,169 万,11058 元,2,,,VR看装修 | 房本满五年 | 随时看房,https://dg.lianjia.com/ershoufang/105117915157.html
紫荆花园二期，低楼层，诚心出售，,"紫荆花园二期 , 常平镇",3室2厅,84.1平米,南,简装,低楼层(共6层) ,,塔楼,53 万,6303 元,1,,,VR看装修 | 房本满五年,https://dg.lianjia.com/ershoufang/105119125294.html
东成花园 3室2厅 西北,"东成花园 , 横沥镇",3室2厅,101.25平米,西北,,10层 ,,板塔结合,95 万,9383 元,0,,,VR看装修 | 房本满五年,https://dg.lianjia.com/ershoufang/105121825443.html
此房满五唯一，业主诚心卖，价格可谈看房方便,"紫荆花园二期 , 常平镇",3室2厅,79平米,东南,简装,中楼层(共6层) ,,塔楼,52 万,6583 元,1,,,VR看装修 | 房本满五年 | 随时看房,https://dg.lianjia.com/ershoufang/105120651007.html
紫荆花园二期中间楼层南向阳台无遮挡采光好,"紫荆花园二期 , 常平镇",2室2厅,62.6平米,南,,中楼层(共6层) ,,塔楼,35 万,5592 元,0,,29天以前发布,VR房源 | 随时看房,https://dg.lianjia.com/ershoufang/105122277853.html
金地湖山大境二期三房 靠山看湖景,"金地湖山大境二期 , 黄江镇",3室2厅,103.19平米,南,精装,25层 ,,板塔结合,141 万,13665 元,0,,,VR看装修 | 房本满两年 | 随时看房,https://dg.lianjia.com/ershoufang/105119274449.html
紫台三房 可合单证！看房有钥匙 诚意卖,"万科紫台 , 地标",3室2厅,140平米,北,简装,中楼层(共26层) ,,板塔结合,220 万,15715 元,4,,,VR看装修 | 房本满五年 | 随时看房,https://dg.lianjia.com/ershoufang/105108353009.html
三正瑞士半山，业主自住新装修，满五唯一，红本在手,"三正瑞士半山 , 凤岗镇",3室2厅,83.02平米,南,精装,27层 ,,板塔结合,108 万,13009 元,3,,,VR看装修 | 房本满五年,https://dg.lianjia.com/ershoufang/105121585672.html
业主诚售 南北双阳台 大社区 配套齐全 交通便利,"中信凯旋城 , 东泰",3室2厅,140.9平米,南 北,精装,11层 ,,板塔结合,280.6 万,19915 元,2,,,VR房源 | 房本满五年,https://dg.lianjia.com/ershoufang/105120590381.html
两梯两户 南北对流双阳台 视野好 看房方便,"中信阳光澳园 , 东泰",3室2厅,134.05平米,南,,中楼层(共16层) ,,板楼,260 万,19396 元,0,,,VR房源 | 房本满五年 | 随时看房,https://dg.lianjia.com/ershoufang/105122090596.html
东骏大三房 方正户型 看花园 采光好无遮挡 价格好商量,"东骏豪苑 , 西平",3室2厅,115.36平米,南,简装,高楼层(共18层) ,,板塔结合,245 万,21238 元,1,,,VR看装修 | 房本满五年,https://dg.lianjia.com/ershoufang/105118473132.html
虎门一号中间楼层朝南安静大三房诚意出售,"虎门一号 , 地标",3室2厅,154平米,南,简装,中楼层(共18层) ,,塔楼,226 万,14676 元,0,,,VR看装修 | 房本满五年,https://dg.lianjia.com/ershoufang/105121764463.html
东城石井商圈102平双阳台全新精装3+1急售,"怡丰君逸名轩 , 石井",4室1厅,102.55平米,南,精装,高楼层(共18层) ,,塔楼,229 万,22331 元,1,,,VR看装修 | 房本满五年 | 随时看房,https://dg.lianjia.com/ershoufang/105121572079.html
沃多夫温馨一房 精装 拎包入住 看房方便,"沃多夫风临公馆 , 咸西",1室1厅,59.04平米,南,精装,33层 ,,塔楼,98 万,16599 元,0,,,VR房源 | 房本满两年,https://dg.lianjia.com/ershoufang/105116920075.html
卓越维港3房  中间楼层 视野宽阔 采光充足,"卓越维港 , 厚街镇",3室2厅,98.22平米,南,精装,中楼层(共29层) ,,塔楼,178 万,18123 元,3,,,近地铁 | VR看装修 | 房本满两年 | 随时看房,https://dg.lianjia.com/ershoufang/105120341083.html
已通燃气，自带内阳台，南向看花园，好楼层通风采光好,"美的招商东樾花园 , 石碣镇",2室1厅,36.5平米,南,,高楼层(共21层) ,,塔楼,26 万,7124 元,0,,16天以前发布,,https://dg.lianjia.com/ershoufang/105122397309.html
丽水佳园 全新毛坯三房 楼层好 景观好 无欠款 交易快,"沿海丽水佳园 , 道滘镇",3室2厅,93.37平米,北,毛坯,中楼层(共24层) ,,,85 万,9104 元,1,,,VR看装修 | 房本满两年 | 随时看房,https://dg.lianjia.com/ershoufang/105122134684.html
新世界花园精装三房 黄旗山脚下   满五唯一,"新世界花园 , 黄旗山",3室2厅,111.48平米,东南,精装,低楼层(共19层) ,,塔楼,188 万,16865 元,2,,,近地铁 | VR房源 | 房本满五年,https://dg.lianjia.com/ershoufang/105121266647.html
东田大三房 朝南采光通风好 户型方正 看房方便,"东田丽园 , 常平镇",3室1厅,124.44平米,南,,18层 ,,板楼,119 万,9563 元,2,,,VR房源 | 房本满五年 | 随时看房,https://dg.lianjia.com/ershoufang/105114438190.html
红荔侨苑精装3房仅售39万 拎包入住 无须装修,"红荔侨苑 , 常平镇",3室1厅,73.88平米,东南,精装,中楼层(共7层) ,,板楼,39 万,5279 元,0,,,VR看装修 | 房本满五年 | 随时看房,https://dg.lianjia.com/ershoufang/105122034903.html
满五唯一，全新未入住，带车位一起255，价格可以谈。,"松湖碧桂园二期 , 大岭山镇",3室1厅,122.8平米,南,精装,32层 ,,塔楼,210 万,17101 元,4,,,VR看装修 | 房本满两年 | 随时看房,https://dg.lianjia.com/ershoufang/105116987005.html
万科运河东精装小户型买房 看房方便,"万科运河东1号 , 运河东",1室0厅,36.73平米,南,精装,中楼层(共9层) ,,塔楼,81 万,22053 元,0,,,VR看装修 | 随时看房,https://dg.lianjia.com/ershoufang/105121906692.html
君珆花园 正南向三房两卫 南北对流 红本在手无欠款,"君珆花园 , 西平",3室1厅,110.35平米,南,精装,高楼层(共23层) ,,板楼,235 万,21296 元,5,,,近地铁 | VR房源 | 房本满五年 | 随时看房,https://dg.lianjia.com/ershoufang/105115945364.html
恒大江湾 大三房 位置安静 中间楼层 急售,"恒大江湾 , 望牛墩镇",3室2厅,118.35平米,南,精装,中楼层(共7层) ,,塔楼,85 万,7183 元,1,,,VR房源 | 房本满两年 | 随时看房,https://dg.lianjia.com/ershoufang/105120758506.html
碧湖湾，95平精装三房两卫，装修保养新，业主急卖,"碧湖湾 , 凤岗镇",3室2厅,94.81平米,东北,精装,22层 ,,塔楼,108 万,11392 元,0,,,VR看装修 | 房本满五年 | 随时看房,https://dg.lianjia.com/ershoufang/105117296224.html
黄江碧桂园二期装修三房带租约！,"碧桂园翡翠山二期 , 黄江镇",3室2厅,94.01平米,西,简装,低楼层(共34层) ,,板塔结合,100 万,10638 元,0,,,VR看装修 | 房本满五年 | 随时看房,https://dg.lianjia.com/ershoufang/105115094411.html
位置安静 视野好 户型方正 满五唯一 全屋定制,"光大山湖城 , 大岭山镇",3室2厅,99.1平米,北,精装,低楼层(共33层) ,,塔楼,118 万,11908 元,0,,,VR房源 | 房本满五年,https://dg.lianjia.com/ershoufang/105122143305.html
御江1号全屋定制四房 满五唯一 无个税 看房方便,"御江1号 , 横沥镇",4室2厅,142.19平米,南,精装,中楼层(共29层) ,,塔楼,220 万,15473 元,1,,,VR看装修,https://dg.lianjia.com/ershoufang/105120395388.html
恒大二期，中高楼层，视野好，双阳台户型可看房,"恒大江湾 , 望牛墩镇",3室2厅,120.53平米,南 北,,高楼层(共16层) ,,塔楼,90 万,7468 元,0,,,VR看装修,https://dg.lianjia.com/ershoufang/105119029077.html
房子户型方正，南北对流，中高楼层,"保利心语花园 , 寮步",3室2厅,105.56平米,南 北,,中楼层(共28层) ,,塔楼,165 万,15631 元,0,,,VR看装修 | 房本满五年 | 随时看房,https://dg.lianjia.com/ershoufang/105121824065.html
户型方正光线明亮业主诚心卖看房方便,"保利心语花园 , 寮步",3室1厅,99.68平米,南,,低楼层(共27层) ,,板塔结合,152 万,15249 元,0,,6天以前发布,VR房源 | 房本满两年 | 随时看房,https://dg.lianjia.com/ershoufang/105122501724.html
厚街万科金域国际精装三房满五唯一业主诚意出售,"万科金域国际 , 厚街镇",3室2厅,97.3平米,东北,精装,高楼层(共32层) ,,板塔结合,132 万,13567 元,2,,,VR看装修 | 房本满五年 | 随时看房,https://dg.lianjia.com/ershoufang/105122086982.html
盛和新都会精装两房出售，房子装修保养很好，看房方便,"盛和新都会 , 清溪镇",2室2厅,76.71平米,南,精装,16层 ,,板塔结合,80 万,10429 元,7,,,VR看装修 | 随时看房,https://dg.lianjia.com/ershoufang/105107832009.html
天虹商圈 万科物业 精装大4房，地铁口、朝向、楼层好,"万科紫台 , 地标",4室2厅,189.52平米,东,精装,低楼层(共26层) ,,塔楼,320 万,16885 元,2,,,VR房源 | 房本满两年 | 随时看房,https://dg.lianjia.com/ershoufang/105119826347.html
中间楼层，视野比较好。业主诚意出售,"嘉宏圆梦雅居 , 松山湖",3室2厅,79.89平米,北,精装,中楼层(共19层) ,,塔楼,78 万,9764 元,1,,,随时看房,https://dg.lianjia.com/ershoufang/105119896484.html
适居四房 双阳台 户型方正 安静不吵,"海德琥珀台 , 火炼树",4室2厅,126.07平米,东南,精装,高楼层(共34层) ,,板楼,320 万,25383 元,1,,,VR看装修 | 房本满两年 | 随时看房,https://dg.lianjia.com/ershoufang/105121754564.html
新天美地花园 2室2厅 东,"新天美地花园 , 常平镇",2室2厅,68平米,东,简装,高楼层(共21层) ,,板塔结合,55 万,8089 元,0,,15天以前发布,VR看装修 | 房本满五年 | 随时看房,https://dg.lianjia.com/ershoufang/105122405215.html
成熟大社区 东南单边位大三房 单证交易方面,"佳兆业中央豪门 , 石龙镇",3室2厅,124.9平米,南,精装,低楼层(共30层) ,,板塔结合,139 万,11129 元,0,,,VR看装修 | 房本满五年 | 随时看房,https://dg.lianjia.com/ershoufang/105121719925.html
松湖朗悦 3室2厅 西南,"松湖朗悦 , 大朗镇",3室2厅,90.72平米,西南,毛坯,高楼层(共23层) ,,塔楼,113 万,12456 元,0,,11天以前发布,VR房源 | 房本满五年 | 随时看房,https://dg.lianjia.com/ershoufang/105122452299.html
全新交付未入住 高层看花园景观视野舒适,"珑远翠珑湾 , 寮步",3室2厅,97.95平米,东南,精装,高楼层(共30层) ,,塔楼,222 万,22665 元,1,,,VR看装修 | 房本满两年 | 随时看房,https://dg.lianjia.com/ershoufang/105118522950.html
店长推荐 沙田东港城两房带院子,"沙田东港城 , 沙田镇",2室2厅,69.27平米,南 北,精装,低楼层(共17层) ,,塔楼,88 万,12704 元,0,,17天以前发布,VR房源 | 房本满五年 | 随时看房,https://dg.lianjia.com/ershoufang/105122380900.html
碧桂园三房 户型方正 朝南 免个税,"碧桂园天麓山三期 , 塘厦镇",3室2厅,89.66平米,南,精装,18层 ,,板塔结合,112 万,12492 元,1,,,VR房源 | 房本满五年 | 随时看房,https://dg.lianjia.com/ershoufang/105121021683.html
飞机户型四房 使用面积180平米 大阳台朝南正对泳池,"滨江公馆 , 万江中心",4室1厅,140.6平米,南,精装,中楼层(共18层) ,,板楼,225 万,16003 元,4,,,VR看装修 | 房本满五年,https://dg.lianjia.com/ershoufang/105110531984.html
新城区沃尔玛旁边小三房 正南向 户型方正实用率高,"卓越大厦 , 石龙镇",3室2厅,94.17平米,南,精装,高楼层(共25层) ,,板塔结合,83 万,8814 元,1,,,VR看装修 | 房本满五年 | 随时看房,https://dg.lianjia.com/ershoufang/105117056159.html
满五不唯一，东南朝向看花园小区，位置安静。,"南部湾万科城 , 大宁",3室2厅,96.56平米,东南,精装,34层 ,,塔楼,138.8 万,14375 元,2,,12天以前发布,VR房源 | 房本满五年 | 随时看房,https://dg.lianjia.com/ershoufang/105122441299.html
未来世界高楼层南向标准三房 免个税 诚意出售看房方便,"未来世界花园 , 西平",3室2厅,51.61平米,东北,精装,高楼层(共17层) ,,板塔结合,105 万,20345 元,0,,,近地铁 | VR房源 | 房本满五年 | 随时看房,https://dg.lianjia.com/ershoufang/105119045422.html
幸福派，刚需南向大3房2卫，带入户花园。,"幸福派 , 茶山镇",3室2厅,97.97平米,南 北,毛坯,低楼层(共11层) ,,塔楼,75 万,7656 元,1,,,VR看装修 | 房本满两年 | 随时看房,https://dg.lianjia.com/ershoufang/105121005758.html
全新高楼层朝南2房，无欠款，业主诚心出售！,"南部湾万科城 , 大宁",2室1厅,62平米,南,简装,9层 ,,塔楼,95 万,15323 元,0,,,VR看装修 | 随时看房,https://dg.lianjia.com/ershoufang/105120468705.html
诚信大厦4房出售 两套打通户型格局好 价格实惠,"诚信大厦 , 黄河中心",4室2厅,145平米,东南,简装,17层 ,,板楼,109 万,7518 元,0,,,VR看装修 | 房本满五年,https://dg.lianjia.com/ershoufang/105121025038.html
中惠松湖城二期精装看湖景三房诚意出售,"中惠松湖城二期 , 寮步",3室2厅,81.28平米,南,精装,高楼层(共25层) ,,塔楼,119 万,14641 元,0,,19天以前发布,VR房源 | 房本满五年 | 随时看房,https://dg.lianjia.com/ershoufang/105122362526.html
东城电梯房 精装修四房两卫 保养好 不欠款 诚意出售,"大金鼓广场 , 花园新村",4室2厅,171.06平米,西南,精装,中楼层(共17层) ,,塔楼,198 万,11575 元,0,,,VR房源 | 房本满两年,https://dg.lianjia.com/ershoufang/105120588826.html
新世界花园 新装修2房 采光通风好 业主诚意出售,"新世界花园 , 黄旗山",2室1厅,60.2平米,南,精装,高楼层(共6层) ,,塔楼,75 万,12459 元,5,,,VR看装修 | 房本满五年,https://dg.lianjia.com/ershoufang/105120280803.html
精装3房业主急售价格合适就可以出,"松湖溪岸 , 东坑镇",3室2厅,100.75平米,南,精装,高楼层(共30层) ,,板塔结合,103 万,10224 元,1,,,VR看装修 | 随时看房,https://dg.lianjia.com/ershoufang/105120500788.html
高层 精装两房 省个税 诚意出售,"世纪城国际公馆四期香榭里 , 西平",3室2厅,89.63平米,东南,精装,中楼层(共18层) ,,板塔结合,190 万,21199 元,1,,,VR看装修 | 房本满五年 | 随时看房,https://dg.lianjia.com/ershoufang/105121580531.html
颐龙湾四期双阳台 南北对流三房两卫 通风好,"新世纪颐龙湾 , 高埗镇",3室2厅,102.98平米,南 北,精装,高楼层(共17层) ,,板塔结合,156 万,15149 元,0,,,VR看装修 | 房本满五年 | 随时看房,https://dg.lianjia.com/ershoufang/105121706883.html
精装修方正三房，业主诚心卖，满五无欠款,"鸿财大厦 , 太平广场",3室2厅,79.45平米,西南,精装,中楼层(共7层) ,,塔楼,48 万,6042 元,1,,,VR看装修 | 房本满五年 | 随时看房,https://dg.lianjia.com/ershoufang/105116824178.html
步梯方正3房 ，满5唯一，税费少，业主换房急卖,"东江花园(樟木头镇) , 樟木头镇",3室2厅,68平米,南,简装,8层 ,,板楼,14 万,2059 元,16,,,VR房源,https://dg.lianjia.com/ershoufang/105121476326.html
户型方正 带租约出售   东向景观好看,"星河传说迪纳公寓 , 石井",1室1厅,40.22平米,东,精装,中楼层(共29层) ,,板塔结合,60 万,14918 元,0,,,VR房源 | 房本满五年 | 随时看房,https://dg.lianjia.com/ershoufang/105119872845.html
南部湾万科城 3室2厅 西南,"南部湾万科城 , 大宁",3室2厅,94.84平米,西南,简装,34层 ,,塔楼,165 万,17398 元,1,,,VR看装修 | 房本满五年 | 随时看房,https://dg.lianjia.com/ershoufang/105120664649.html
全开见朝南看花园  中间楼层拎包入住,"金地格林上院 , 大岭山镇",4室2厅,173平米,南,精装,高楼层(共18层) ,,塔楼,229 万,13237 元,3,,,VR房源 | 房本满五年 | 随时看房,https://dg.lianjia.com/ershoufang/105118283780.html
寮步轻轨旁，保利次新小区，全新3房,"保利卓越中环广场 , 寮步",3室2厅,95.93平米,西南,精装,低楼层(共33层) ,,塔楼,195 万,20328 元,3,,,VR看装修 | 房本满两年 | 随时看房,https://dg.lianjia.com/ershoufang/105119818026.html
融创中间楼层精装四房 前后阳台看花园,"融创松湖澜园 , 大岭山镇",4室2厅,114.04平米,南,简装,18层 ,,板塔结合,138 万,12102 元,0,,,VR房源 | 房本满五年 | 随时看房,https://dg.lianjia.com/ershoufang/105121695821.html
满五唯一，达鑫精装两房，业主急售,"达鑫江滨新城 , 石碣镇",2室1厅,85.95平米,南,简装,高楼层(共15层) ,,板楼,86 万,10006 元,1,,,VR看装修 | 房本满五年 | 随时看房,https://dg.lianjia.com/ershoufang/105120573060.html
阳光粤港三期三房 户型方正 采光通风好 好楼层,"阳光粤港 , 横沥镇",3室2厅,98.63平米,东南,简装,高楼层(共22层) ,,板塔结合,110 万,11153 元,0,,,VR看装修 | 房本满两年 | 随时看房,https://dg.lianjia.com/ershoufang/105120252488.html
"天虹地铁口毛坯一房，交通便利，中楼层,通风采光好","地标大厦 , 地标",1室1厅,58.31平米,东南,毛坯,中楼层(共24层) ,,塔楼,38 万,6517 元,0,,,VR看装修,https://dg.lianjia.com/ershoufang/105116538326.html
太平广场旁 户型方正三房 总价低 地段好,"中银楼 , 太平广场",3室1厅,90.62平米,北,精装,中楼层(共8层) ,,板塔结合,60 万,6622 元,0,,,VR看装修 | 房本满五年 | 随时看房,https://dg.lianjia.com/ershoufang/105120192107.html
御景花园104.7平朝园林三房两卫业主诚意出售,"御景花园 , 樟木头镇",3室1厅,104.7平米,东 北,简装,中楼层(共7层) ,,板塔结合,68 万,6495 元,1,,,VR看装修 | 房本满五年 | 随时看房,https://dg.lianjia.com/ershoufang/105121757805.html
汇景中高楼层两房出售，景观好，视野开阔,"汇景凯伦湾花园 , 沙田镇",2室2厅,81.04平米,南,精装,中楼层(共32层) ,,塔楼,69 万,8515 元,0,,,VR看装修 | 房本满五年 | 随时看房,https://dg.lianjia.com/ershoufang/105121454404.html
松湖明珠四房，业主诚心出售，装修爱护好,"碧桂园松湖明珠 , 横沥镇",4室2厅,107.29平米,东南,精装,低楼层(共26层) ,,塔楼,169.9 万,15836 元,0,,,VR看装修 | 房本满两年 | 随时看房,https://dg.lianjia.com/ershoufang/105118481272.html
万科金色悦府 3室2厅 南,"万科金色悦府 , 宵边",3室2厅,97.42平米,南,,32层 ,,板塔结合,218 万,22378 元,0,,,VR看装修 | 房本满五年 | 随时看房,https://dg.lianjia.com/ershoufang/105120142069.html
君悦东方 精装四房 诚心出售 保养新,"虎门·君悦东方 , 太平广场",4室2厅,126.75平米,东南,,中楼层(共23层) ,,塔楼,320 万,25247 元,0,,,VR看装修 | 房本满两年 | 随时看房,https://dg.lianjia.com/ershoufang/105121512618.html
新世纪颐龙湾南北对流中高楼层看花园业主自住保养好,"新世纪颐龙湾 , 高埗镇",4室2厅,107.09平米,南 北,精装,高楼层(共29层) ,,板塔结合,172 万,16062 元,0,,,VR看装修 | 房本满五年,https://dg.lianjia.com/ershoufang/105116628100.html
礼顿金御海湾精装四房，南北对流,"礼顿金御海湾 , 沙田镇",4室2厅,129.59平米,南,精装,低楼层(共17层) ,,板塔结合,109 万,8412 元,0,,,VR看装修 | 房本满五年 | 随时看房,https://dg.lianjia.com/ershoufang/105120224427.html
天虹商圈 住宅单间 70年产权 15%首付,"地标大厦 , 地标",1室1厅,58.51平米,东,简装,低楼层(共24层) ,,塔楼,38 万,6495 元,0,,,VR看装修 | 房本满五年,https://dg.lianjia.com/ershoufang/105117953843.html
房子户型方正，南北对流，中高楼层,"保利心语花园 , 寮步",3室2厅,105.56平米,南 北,,中楼层(共28层) ,,塔楼,165 万,15631 元,0,,,VR看装修 | 房本满五年 | 随时看房,https://dg.lianjia.com/ershoufang/105121824065.html
户型方正光线明亮业主诚心卖看房方便,"保利心语花园 , 寮步",3室1厅,99.68平米,南,,低楼层(共27层) ,,板塔结合,152 万,15249 元,0,,6天以前发布,VR房源 | 房本满两年 | 随时看房,https://dg.lianjia.com/ershoufang/105122501724.html
厚街万科金域国际精装三房满五唯一业主诚意出售,"万科金域国际 , 厚街镇",3室2厅,97.3平米,东北,精装,高楼层(共32层) ,,板塔结合,132 万,13567 元,2,,,VR看装修 | 房本满五年 | 随时看房,https://dg.lianjia.com/ershoufang/105122086982.html
近西平地铁方正舒适3房，户型方正，业主诚意售房,"金地格林小城 , 西平",3室2厅,98.34平米,北,精装,6层 ,,塔楼,140 万,14237 元,1,,,VR看装修 | 房本满五年 | 随时看房,https://dg.lianjia.com/ershoufang/105122118369.html
周  边配套设施齐，全环境优美。。,"蓝月湾 , 常平镇",3室1厅,97.27平米,西南,简装,中楼层(共11层) ,,板楼,78 万,8019 元,0,,,VR房源 | 房本满五年 | 随时看房,https://dg.lianjia.com/ershoufang/105118773691.html
弥珍道 2房 无欠款 随时可过户,"中熙弥珍道 , 西平",2室2厅,61.99平米,南,精装,中楼层(共25层) ,,塔楼,55 万,8873 元,1,,,近地铁 | 房本满五年 | 随时看房,https://dg.lianjia.com/ershoufang/105122024015.html
东城石井商圈102平双阳台全新精装3+1急售,"怡丰君逸名轩 , 石井",4室1厅,102.55平米,南,精装,高楼层(共18层) ,,塔楼,229 万,22331 元,1,,,VR看装修 | 房本满五年 | 随时看房,https://dg.lianjia.com/ershoufang/105121572079.html
楼梯房，公摊小，刚需户型，崇焕路旁边，有小区管理,"民興阁 , 石碣镇",2室2厅,62.67平米,西南,简装,中楼层(共7层) ,,塔楼,25 万,3990 元,5,,,VR看装修 | 房本满五年,https://dg.lianjia.com/ershoufang/105117058277.html
隐贤山庄旁边 丽都花园格局方正三房  税费少,"丽都花园 , 常平镇",3室1厅,80.36平米,南 北,简装,高楼层(共7层) ,,板塔结合,26 万,3236 元,12,,,VR看装修 | 房本满五年,https://dg.lianjia.com/ershoufang/105117412001.html
汉唐蜜园 高楼层南向2房 住宅 诚意出,"汉唐蜜园 , 南城车站",2室1厅,33.52平米,南,精装,高楼层(共15层) ,,板楼,55 万,16409 元,0,,25天以前发布,VR看装修 | 房本满五年 | 随时看房,https://dg.lianjia.com/ershoufang/105122316075.html
房子过5不欠款了，随时可以交易,"中惠香樟绿洲 , 樟木头镇",3室2厅,116.49平米,南,精装,17层 ,,塔楼,130 万,11160 元,1,,,VR看装修 | 房本满五年 | 随时看房,https://dg.lianjia.com/ershoufang/105120348972.html
此房在小区中间位置，视野开阔，小区环境好，出行方便,"中熙玖颂江湾 , 石碣镇",4室2厅,115.07平米,南,,高楼层(共32层) ,,塔楼,155 万,13471 元,1,,,VR看装修 | 房本满两年 | 随时看房,https://dg.lianjia.com/ershoufang/105114948270.html
阳光粤港 户型方正采光好 带大院子配套完善,"阳光粤港 , 横沥镇",2室1厅,62.76平米,东南,简装,11层 ,,板塔结合,62 万,9879 元,0,,17天以前发布,VR房源 | 房本满五年,https://dg.lianjia.com/ershoufang/105122378321.html
未来世界二期 复式1房，简约风格全新装修可拎包入住,"未来世界花园 , 西平",1室1厅,52.63平米,东南,精装,中楼层(共17层) ,,板楼,81.8 万,15543 元,3,,,近地铁 | VR房源 | 房本满五年 | 随时看房,https://dg.lianjia.com/ershoufang/105112923903.html
花园中间，朝南，安静，中高楼层，采光好。,"丰泰东海城堡 , 新联",3室2厅,97.95平米,南,精装,高楼层(共15层) ,,板塔结合,123 万,12558 元,1,,,VR看装修 | 房本满两年 | 随时看房,https://dg.lianjia.com/ershoufang/105122180998.html
美丽湾畔二期 158平大四房 精装 带一个车位,"美丽湾畔花园 , 茶山镇",4室2厅,158.13平米,南,精装,15层 ,,板塔结合,180 万,11384 元,0,,,VR看装修 | 房本满五年 | 随时看房,https://dg.lianjia.com/ershoufang/105121514057.html
此房满五，楼层好，采光好，视野好，朝南向。,"南部湾万科城 , 大宁",2室1厅,61.93平米,东南,精装,8层 ,,板楼,97 万,15663 元,0,,26天以前发布,VR房源 | 房本满五年 | 随时看房,https://dg.lianjia.com/ershoufang/105122306211.html
翠珑湾全新未住99三房看黄旗山,"丰华珑远翠珑湾 , 东平街",3室2厅,99.39平米,南,精装,中楼层(共32层) ,,板塔结合,279 万,28072 元,0,,11天以前发布,VR房源 | 房本满两年 | 随时看房,https://dg.lianjia.com/ershoufang/105122455652.html
临天虹沃尔玛 深圳后花园 电梯三房,"中泰峰境 , 黄江镇",3室2厅,96.94平米,南,,27层 ,,塔楼,110 万,11348 元,0,,,VR看装修 | 房本满两年 | 随时看房,https://dg.lianjia.com/ershoufang/105121603000.html
小区居住环境安静，舒适，配套完善,"御景花园 , 樟木头镇",3室1厅,73平米,南,简装,低楼层(共7层) ,,板塔结合,52 万,7124 元,0,,,VR看装修,https://dg.lianjia.com/ershoufang/105122029169.html
松山湖片区 大三房 拎包入住 近地铁,"松湖春天 , 大岭山镇",3室2厅,129平米,西南,精装,18层 ,,板塔结合,190 万,14729 元,2,,,VR看装修 | 房本满五年 | 随时看房,https://dg.lianjia.com/ershoufang/105104556968.html
莞城市桥路74.4平2房 业主诚心出售,"市桥路 , 莞城",2室2厅,74.4平米,北,精装,低楼层(共7层) ,,,91 万,12232 元,0,,,VR看装修 | 随时看房,https://dg.lianjia.com/ershoufang/105121064284.html
东城地铁口，近万达.世博商圈，户型方正，装修保养好,"东城中心 , 黄旗山",4室1厅,195.82平米,南,精装,高楼层(共17层) ,,塔楼,290 万,14810 元,0,,6天以前发布,近地铁 | VR房源 | 房本满五年 | 随时看房,https://dg.lianjia.com/ershoufang/105122509965.html
精装三房，楼层好，安静舒适，配套成熟，业主诚心卖,"东城中心 , 黄旗山",3室2厅,137平米,东南,精装,中楼层(共8层) ,,塔楼,148 万,10803 元,3,,,近地铁 | VR房源 | 房本满五年,https://dg.lianjia.com/ershoufang/105117928227.html
南向三房 位置安静 业主自住保养新 楼层好,"万科第五城 , 高埗镇",3室1厅,93平米,西南,精装,34层 ,,板楼,125 万,13441 元,1,,,VR房源,https://dg.lianjia.com/ershoufang/105120263351.html
颐龙湾 五期 三房两厅一卫 毛坯,"新世纪颐龙湾 , 高埗镇",3室2厅,86平米,北,毛坯,低楼层(共21层) ,,板塔结合,98 万,11396 元,3,,,VR看装修 | 随时看房,https://dg.lianjia.com/ershoufang/105114116194.html
鸿福路总价低单房，近地铁口，近广场,"鸿福广场 , 鸿福路口",1室0厅,31.23平米,东北,精装,低楼层(共20层) ,,板楼,34.8 万,11144 元,0,,,VR看装修 | 房本满五年,https://dg.lianjia.com/ershoufang/105121430969.html
81平三房 户型方正，全屋精装修，没个税。,"维多利花园 , 樟木头镇",3室2厅,81.31平米,东,精装,高楼层(共7层) ,,塔楼,29.8 万,3665 元,10,,,VR房源 | 随时看房,https://dg.lianjia.com/ershoufang/105118968166.html
此房精装修，家私电器都齐全，可以拎包入住的。,"御河湾花园 , 横沥镇",3室2厅,97.67平米,南,精装,中楼层(共32层) ,,板塔结合,102 万,10444 元,0,,,VR看装修 | 房本满两年,https://dg.lianjia.com/ershoufang/105118664296.html
此房电梯三房，格局方正，采光好,"东盛大厦 , 运河东",3室2厅,109平米,南,,25层 ,,板塔结合,79 万,7248 元,0,,,VR看装修,https://dg.lianjia.com/ershoufang/105119286030.html
全新未入住，不欠款交易方便，城轨口三房,"万科城市之光 , 虎门公园",3室2厅,91.32平米,南 北,精装,低楼层(共48层) ,,塔楼,150 万,16426 元,1,,,VR房源 | 房本满五年 | 随时看房,https://dg.lianjia.com/ershoufang/105120205722.html
隐贤山庄旁边 丽都花园格局方正三房  税费少,"丽都花园 , 常平镇",3室1厅,80.36平米,南 北,简装,高楼层(共7层) ,,板塔结合,26 万,3236 元,12,,,VR看装修 | 房本满五年,https://dg.lianjia.com/ershoufang/105117412001.html
汉唐蜜园 高楼层南向2房 住宅 诚意出,"汉唐蜜园 , 南城车站",2室1厅,33.52平米,南,精装,高楼层(共15层) ,,板楼,55 万,16409 元,0,,25天以前发布,VR看装修 | 房本满五年 | 随时看房,https://dg.lianjia.com/ershoufang/105122316075.html
房子过5不欠款了，随时可以交易,"中惠香樟绿洲 , 樟木头镇",3室2厅,116.49平米,南,精装,17层 ,,塔楼,130 万,11160 元,1,,,VR看装修 | 房本满五年 | 随时看房,https://dg.lianjia.com/ershoufang/105120348972.html
楼梯房，公摊小，刚需户型，崇焕路旁边，有小区管理,"民興阁 , 石碣镇",2室2厅,62.67平米,西南,简装,中楼层(共7层) ,,塔楼,25 万,3990 元,5,,,VR看装修 | 房本满五年,https://dg.lianjia.com/ershoufang/105117058277.html
塘厦御城花园 123平大4房 高层 诚售 看房方便,"御城花园 , 塘厦镇",4室2厅,122.95平米,东南,毛坯,33层 ,,塔楼,178 万,14478 元,0,,,VR看装修 | 房本满两年 | 随时看房,https://dg.lianjia.com/ershoufang/105118876559.html
保利悦湖公馆 96平三房两厅两卫 业主诚心卖,"保利悦湖公馆 , 石排镇",3室2厅,96.57平米,南,毛坯,低楼层(共26层) ,,塔楼,120 万,12427 元,0,,,VR看装修 | 房本满两年 | 随时看房,https://dg.lianjia.com/ershoufang/105118408405.html
临天虹沃尔玛 深圳后花园 电梯三房,"中泰峰境 , 黄江镇",3室2厅,96.94平米,南,,27层 ,,塔楼,110 万,11348 元,0,,,VR看装修 | 房本满两年 | 随时看房,https://dg.lianjia.com/ershoufang/105121603000.html
小区居住环境安静，舒适，配套完善,"御景花园 , 樟木头镇",3室1厅,73平米,南,简装,低楼层(共7层) ,,板塔结合,52 万,7124 元,0,,,VR看装修,https://dg.lianjia.com/ershoufang/105122029169.html
松山湖片区 大三房 拎包入住 近地铁,"松湖春天 , 大岭山镇",3室2厅,129平米,西南,精装,18层 ,,板塔结合,190 万,14729 元,2,,,VR看装修 | 房本满五年 | 随时看房,https://dg.lianjia.com/ershoufang/105104556968.html
房子是标准的三房，朝南的，户型好，大三房每个房间,"世纪城国际公馆三期仁里 , 西平",3室1厅,125.19平米,西南,精装,低楼层(共16层) ,,塔楼,260 万,20769 元,1,,,近地铁 | VR房源 | 房本满五年 | 随时看房,https://dg.lianjia.com/ershoufang/105122070874.html
誉轩大3房，安静不吵闹，业主诚心出售，看房方便,"誉轩 , 石碣镇",3室2厅,118平米,南,精装,16层 ,,板塔结合,88 万,7458 元,1,,,VR房源 | 房本满五年 | 随时看房,https://dg.lianjia.com/ershoufang/105116558074.html
石竹四期很好的大三房户型出售，阳台朝南,"石竹山水园 , 桥头镇",3室2厅,119平米,南,简装,12层 ,,板楼,90 万,7564 元,0,,15天以前发布,VR房源,https://dg.lianjia.com/ershoufang/105122403861.html
横沥碧桂园142平，全新精装未入住过大四房,"横沥碧桂园 , 横沥镇",4室2厅,136.87平米,南 北,精装,32层 ,,板塔结合,165 万,12056 元,0,,,VR看装修 | 房本满五年 | 随时看房,https://dg.lianjia.com/ershoufang/105121820775.html
此房满五唯一，不欠款，顶层带平台的，2019年装修的,"金地格林小城 , 西平",4室2厅,122.11平米,北,精装,18层 ,,板塔结合,229 万,18754 元,0,,,近地铁 | VR房源 | 房本满五年,https://dg.lianjia.com/ershoufang/105121588156.html
店长推荐 中高楼层南向全新三房,"万科大中江南院子 , 沙田镇",3室2厅,92.79平米,西南,简装,中楼层(共31层) ,,塔楼,113 万,12179 元,0,,,VR房源 | 房本满两年 | 随时看房,https://dg.lianjia.com/ershoufang/105121152619.html
香樟绿洲标准4房 南北对流户型方正。少有户型。很划算,"中惠香樟绿洲 , 樟木头镇",4室2厅,113.47平米,南,简装,18层 ,,板楼,120 万,10576 元,7,,,VR看装修 | 房本满五年,https://dg.lianjia.com/ershoufang/105111232018.html
达鑫江滨新城朝南3房，户型方正，采光佳,"达鑫江滨新城 , 石碣镇",3室2厅,89.31平米,南,毛坯,低楼层(共31层) ,,板楼,110 万,12317 元,0,,,VR看装修 | 房本满五年 | 随时看房,https://dg.lianjia.com/ershoufang/105121307140.html
复式三房，楼层高采光好，格局方正，急卖房,"卓越中寰 , 学院路",3室1厅,57.01平米,东,精装,12层 ,,板塔结合,53 万,9297 元,4,,,近地铁 | 房本满两年 | 随时看房,https://dg.lianjia.com/ershoufang/105117570372.html
此房证满二年免增值税，通风采光好，实用十足！,"新世界花园 , 黄旗山",3室2厅,104.09平米,南,,中楼层(共6层) ,,塔楼,130 万,12490 元,0,,,VR看装修 | 房本满五年,https://dg.lianjia.com/ershoufang/105119173205.html
景湖春天高层朝南向，中间位置安静，业主诚意卖,"光大景湖春天 , 火炼树",3室2厅,112.42平米,东南,精装,高楼层(共10层) ,,塔楼,188 万,16724 元,3,,,VR房源 | 房本满五年 | 随时看房,https://dg.lianjia.com/ershoufang/105121433428.html
东城六小旁 入户上车必选 采光好钥匙在手随时可看,"富洋楼 , 花园新村",1室1厅,37.89平米,南,简装,8层 ,,板塔结合,16 万,4223 元,2,,,VR看装修 | 随时看房,https://dg.lianjia.com/ershoufang/105121650271.html
朝南 中高楼层 采光视野好 总价低，无个税,"卓越蔚蓝松湖 , 东坑镇",3室2厅,93.98平米,南 北,毛坯,高楼层(共19层) ,,塔楼,75 万,7981 元,3,,,VR看装修 | 房本满两年 | 随时看房,https://dg.lianjia.com/ershoufang/105120821416.html
松湖明珠四房，业主诚心出售，装修爱护好,"碧桂园松湖明珠 , 横沥镇",4室2厅,107.29平米,东南,精装,低楼层(共26层) ,,塔楼,169.9 万,15836 元,0,,,VR看装修 | 房本满两年 | 随时看房,https://dg.lianjia.com/ershoufang/105118481272.html
中高层四房 无欠款 随时过户 看房方便  视野开阔 靓宅,"万科首铸翡翠东望 , 鸿福路口",4室2厅,115.95平米,南,精装,低楼层(共33层) ,,板楼,325 万,28030 元,1,,,VR看装修 | 房本满两年 | 随时看房,https://dg.lianjia.com/ershoufang/105116599616.html
朝向好阳光充足较为安静配套设施较为齐全,"地标大厦 , 地标",3室2厅,100.81平米,西南,精装,低楼层(共25层) ,,塔楼,120 万,11904 元,0,,,VR看装修 | 房本满五年 | 随时看房,https://dg.lianjia.com/ershoufang/105112545778.html
急售中楼层.可装电梯 装修好.朝东南.户型方正.采光好,"文华花园 , 花园新村",2室2厅,85.2平米,东南,精装,中楼层(共9层) ,,板塔结合,54.8 万,6432 元,1,,,VR看装修 | 房本满两年 | 随时看房,https://dg.lianjia.com/ershoufang/105120679955.html
万科金色悦府高楼层精装3房诚意出售,"万科金色悦府 , 宵边",3室2厅,95平米,南,精装,32层 ,,板塔结合,210 万,22106 元,0,,,VR看装修,https://dg.lianjia.com/ershoufang/105122063429.html
万科幸福城 精装修未住过3房2卫 随时可以看,"万科幸福城 , 上下桥",3室2厅,95.36平米,南 北,,中楼层(共18层) ,,塔楼,168 万,17618 元,4,,,VR房源 | 房本满五年 | 随时看房,https://dg.lianjia.com/ershoufang/105120998416.html
新世纪颐龙轩 南北对流 高层看江景,"新世纪颐龙轩 , 高埗镇",4室2厅,143.29平米,东南,毛坯,高楼层(共30层) ,,板楼,239 万,16680 元,0,,,VR看装修 | 随时看房,https://dg.lianjia.com/ershoufang/105120345227.html
柏龙湾次新3房  中楼层采光好  视野开阔,"柏龙湾 , 大宁",3室2厅,93.25平米,东南,,高楼层(共17层) ,,塔楼,148 万,15872 元,0,,,VR看装修 | 随时看房,https://dg.lianjia.com/ershoufang/105120314450.html
全新未入住过3房交楼标准精装业主诚心出售,"世纪城凯旋湾花园 , 石排镇",3室2厅,109.72平米,南,,低楼层(共17层) ,,板塔结合,108 万,9844 元,0,,,VR看装修 | 房本满两年 | 随时看房,https://dg.lianjia.com/ershoufang/105121286600.html
达鑫精装两房，看房方便，看花园朝南向,"达鑫江滨新城 , 石碣镇",2室1厅,83.11平米,南,精装,中楼层(共24层) ,,板楼,90 万,10830 元,1,,,VR看装修 | 随时看房,https://dg.lianjia.com/ershoufang/105121226117.html
富民花园  朝南两房  诚意出售,"富民花园 , 太平广场",2室2厅,75.02平米,南,简装,中楼层(共7层) ,,板塔结合,55 万,7332 元,1,,,VR看装修 | 房本满五年 | 随时看房,https://dg.lianjia.com/ershoufang/105121518085.html
万科中 央公园98平三房 免个税 全新交楼标准,"万科中央公园一期 , 大朗镇",3室2厅,98.77平米,西南,精装,高楼层(共30层) ,,板塔结合,200 万,20250 元,1,,,VR看装修 | 房本满五年 | 随时看房,https://dg.lianjia.com/ershoufang/105119734661.html
新世纪豪园一期 128㎡精品三房 缺少户型 即买即住,"新世纪豪园一期 , 火炼树",3室2厅,127.87平米,东,精装,中楼层(共9层) ,,板塔结合,226 万,17675 元,1,,,VR房源 | 房本满五年 | 随时看房,https://dg.lianjia.com/ershoufang/105121386057.html
卓越中寰 3室1厅 南,"卓越中寰 , 学院路",3室1厅,57.83平米,南,简装,21层 ,,塔楼,55 万,9511 元,0,,13天以前发布,近地铁 | 房本满两年,https://dg.lianjia.com/ershoufang/105122423156.html
3房2厅2卫诚意出售  朝南看花园 中高楼层 采光好,"新世纪颐龙湾 , 高埗镇",3室2厅,113.49平米,南,毛坯,中楼层(共23层) ,,板塔结合,145 万,12777 元,1,,,VR看装修 | 房本满两年 | 随时看房,https://dg.lianjia.com/ershoufang/105120176302.html
宝翠花园电梯三房两卫，业主诚意出售！,"宝翠花園 , 横沥镇",3室2厅,89.77平米,东北,精装,中楼层(共9层) ,,塔楼,75 万,8355 元,0,,,VR看装修 | 房本满五年,https://dg.lianjia.com/ershoufang/105117309111.html
新世纪颐龙湾 精装修三房两卫 保养好 视野开阔,"新世纪颐龙湾 , 高埗镇",3室2厅,103.06平米,北,精装,高楼层(共25层) ,,板塔结合,142 万,13779 元,0,,,VR看装修 | 房本满五年,https://dg.lianjia.com/ershoufang/105119276766.html
二期电梯四房，满五唯一!位置好！,"中惠沁林山庄 , 大岭山镇",4室2厅,119.46平米,南 北,精装,低楼层(共25层) ,,板楼,110 万,9209 元,2,,,VR房源 | 房本满五年,https://dg.lianjia.com/ershoufang/105120877384.html
精装四房保养好 视野无遮挡 楼层好 交通便利,"万科第五城 , 高埗镇",4室2厅,115.6平米,东南,精装,34层 ,,板楼,173 万,14966 元,0,,,VR看装修 | 房本满两年 | 随时看房,https://dg.lianjia.com/ershoufang/105118499339.html
此房是一楼南向 带前后花园 精装大三房 可拎包入住,"光大景湖时代城 , 西平",3室2厅,92.23平米,西南,精装,32层 ,,板塔结合,280 万,30359 元,5,,,VR房源 | 房本满两年 | 随时看房,https://dg.lianjia.com/ershoufang/105113183664.html
此房三房两厅两卫 格局方正 过五唯一 采光好,"新城市广场 , 樟木头镇",3室2厅,99平米,东北,精装,高楼层(共7层) ,,板塔结合,30.6 万,3091 元,9,,,VR看装修 | 随时看房,https://dg.lianjia.com/ershoufang/105120865711.html
新世纪颐龙湾 四期精装三房 业主自住保养好 诚意出售,"新世纪颐龙湾 , 高埗镇",3室2厅,96.69平米,南,精装,高楼层(共18层) ,,板塔结合,140 万,14480 元,1,,,VR看装修 | 房本满五年,https://dg.lianjia.com/ershoufang/105119748123.html
紫荆花园二期中间楼层南向阳台无遮挡采光好,"紫荆花园二期 , 常平镇",2室2厅,62.6平米,南,,中楼层(共6层) ,,塔楼,35 万,5592 元,0,,29天以前发布,VR房源 | 随时看房,https://dg.lianjia.com/ershoufang/105122277853.html
高层东南向大四房，通风采光佳，自住保养好，无按揭,"万科首铸翡翠东望 , 鸿福路口",4室2厅,115.95平米,南 北,精装,高楼层(共33层) ,,板楼,325 万,28030 元,0,,,VR看装修 | 房本满两年,https://dg.lianjia.com/ershoufang/105122093918.html
紫荆花园二期，低楼层，诚心出售，,"紫荆花园二期 , 常平镇",3室2厅,84.1平米,南,简装,低楼层(共6层) ,,塔楼,53 万,6303 元,1,,,VR看装修 | 房本满五年,https://dg.lianjia.com/ershoufang/105119125294.html
精装三房 楼层高 采光好 满五无抵押,"瑞康花园 , 横沥镇",3室1厅,111.22平米,南,简装,高楼层(共16层) ,,塔楼,82 万,7373 元,0,,,VR看装修 | 房本满五年,https://dg.lianjia.com/ershoufang/105114191556.html
此房满五唯一，业主诚心卖，价格可谈看房方便,"紫荆花园二期 , 常平镇",3室2厅,79平米,东南,简装,中楼层(共6层) ,,塔楼,52 万,6583 元,1,,,VR看装修 | 房本满五年 | 随时看房,https://dg.lianjia.com/ershoufang/105120651007.html
CBD大社区园林三房看花园，安静采光好，满五唯一,"石竹新花园 , 石竹",3室2厅,108平米,西北,精装,高楼层(共16层) ,,板塔结合,175 万,16204 元,0,,,近地铁 | VR看装修 | 房本满五年,https://dg.lianjia.com/ershoufang/105121618865.html
石井旁 毛坯小四房 业主 诚售！,"怡丰君逸名轩 , 石井",4室2厅,93平米,北,精装,高楼层(共18层) ,,塔楼,150 万,16130 元,0,,28天以前发布,VR看装修 | 房本满五年 | 随时看房,https://dg.lianjia.com/ershoufang/105122288283.html
满五唯一 精装修可拎包入住 高楼层景观好 业主急售,"金地·艺境水岸 , 石美",3室2厅,94.95平米,西南,精装,高楼层(共33层) ,,板塔结合,160 万,16851 元,0,,,VR看装修 | 房本满五年 | 随时看房,https://dg.lianjia.com/ershoufang/105121780685.html
新世纪颐龙湾五期 南北通透双阳台 通风效果好,"新世纪颐龙湾 , 高埗镇",3室2厅,107.74平米,南 北,毛坯,低楼层(共21层) ,,板塔结合,115 万,10674 元,0,,,VR看装修 | 房本满两年 | 随时看房,https://dg.lianjia.com/ershoufang/105121260055.html
家和时代毛坯三房 楼层好 视野开阔,"家和时代 , 寮步",3室2厅,98.65平米,南,毛坯,高楼层(共32层) ,,板塔结合,170 万,17233 元,0,,,VR看装修 | 房本满五年 | 随时看房,https://dg.lianjia.com/ershoufang/105122010196.html
碧海云天四期 4房中高层 户型好 业主诚意急卖,"碧海云天 , 沙田镇",4室2厅,137平米,东南,,中楼层(共32层) ,,塔楼,155 万,11314 元,0,,,VR看装修 | 随时看房,https://dg.lianjia.com/ershoufang/105121777409.html
松湖春天精装三房  户型朝南位置安静 可拎包入住,"松湖春天 , 大岭山镇",3室2厅,99.29平米,东南,精装,22层 ,,板塔结合,158 万,15913 元,2,,,VR看装修 | 房本满五年,https://dg.lianjia.com/ershoufang/105113955563.html
常平大道物业 户型方正 交通方便,"置富广场 , 常平镇",2室2厅,69.6平米,东南 东北,,高楼层(共13层) ,,塔楼,42 万,6035 元,0,,15天以前发布,VR房源 | 房本满五年 | 随时看房,https://dg.lianjia.com/ershoufang/105122403814.html
南北通风，自住房，保养好，全属定制，拎包可以入住,"万科首铸翡翠东望 , 鸿福路口",3室2厅,92.99平米,南,精装,中楼层(共33层) ,,板楼,245 万,26347 元,0,,,VR看装修 | 房本满五年,https://dg.lianjia.com/ershoufang/105118129447.html
理想沁园三房，厅出阳台，朝南看小区花园，诚心出售,"理想沁园 , 客运总站",3室2厅,92.89平米,南,精装,低楼层(共18层) ,,板塔结合,115 万,12381 元,0,,,VR看装修 | 房本满五年,https://dg.lianjia.com/ershoufang/105116952984.html
世纪城国际公馆四期香榭里  全新装修 诚意出售,"世纪城国际公馆四期香榭里 , 西平",4室2厅,112.58平米,南,精装,低楼层(共17层) ,,板塔结合,268 万,23806 元,4,,17天以前发布,VR看装修 | 房本满两年 | 随时看房,https://dg.lianjia.com/ershoufang/105122380650.html
大客厅，中间好楼层， 阳台正南视野无遮挡,"御河湾花园 , 横沥镇",3室1厅,95.7平米,东南,毛坯,中楼层(共32层) ,,板塔结合,84 万,8778 元,0,,,VR房源 | 房本满五年 | 随时看房,https://dg.lianjia.com/ershoufang/105122213802.html
御河湾全新二房出售，中高楼层，户型方正，刚需,"御河湾花园 , 横沥镇",2室2厅,67.16平米,北,精装,26层 ,,板塔结合,65 万,9679 元,1,,,VR看装修 | 随时看房,https://dg.lianjia.com/ershoufang/105122219003.html
宜家花园 2室1厅 东南,"宜家花园 , 太平广场",2室1厅,77平米,东南,精装,中楼层(共16层) ,,塔楼,39 万,5065 元,1,,,VR房源 | 房本满五年 | 随时看房,https://dg.lianjia.com/ershoufang/105121797713.html
旗峰花园3房2厅 满五唯一刚需上车必看  看房方便,"旗峰花园 , 黄旗山",3室1厅,109.12平米,西南,精装,中楼层(共21层) ,,塔楼,150 万,13747 元,0,,2天以前发布,近地铁 | VR房源 | 房本满五年 | 随时看房,https://dg.lianjia.com/ershoufang/105122544609.html
封闭式小区，人车分流；小区绿化可达55%，环境优美,"中堂东港城 , 中堂镇",3室2厅,93.98平米,东南,精装,中楼层(共11层) ,,板塔结合,73 万,7768 元,0,,,VR看装修 | 房本满五年 | 随时看房,https://dg.lianjia.com/ershoufang/105116960897.html
健逸天地简装三房 装修随便改 置换优选,"健逸天地 , 增田",3室2厅,115平米,西,,低楼层(共18层) ,,塔楼,155 万,13479 元,1,,,VR看装修 | 随时看房,https://dg.lianjia.com/ershoufang/105121952609.html
时代城二梯二户，业主自住，中式装修四房,"光大景湖时代城 , 西平",4室2厅,172.03平米,东南,精装,32层 ,,板塔结合,500 万,29065 元,1,,,近地铁 | VR看装修 | 房本满五年 | 随时看房,https://dg.lianjia.com/ershoufang/105117921456.html
香市一号精装大三房装修好高楼层安静,"海悦香郡花园 , 寮步",3室2厅,124平米,南 北,精装,高楼层(共23层) ,,塔楼,218 万,17581 元,0,,,VR看装修 | 房本满五年 | 随时看房,https://dg.lianjia.com/ershoufang/105121809129.html
业主诚意出售，中高楼层视野开阔采光好，小区环境好,"茶山碧桂园 , 茶山镇",2室2厅,75平米,南,精装,中楼层(共19层) ,,板塔结合,65 万,8667 元,0,,,随时看房,https://dg.lianjia.com/ershoufang/105121893237.html
中高楼层 生活便利 自住房保养好 南北对流,"东城万达广场 , 世博广场",4室2厅,179.12平米,南,精装,低楼层(共30层) ,,板塔结合,420 万,23448 元,0,,,近地铁 | VR房源 | 房本满五年 | 随时看房,https://dg.lianjia.com/ershoufang/105118277089.html
新兴大厦 3室1厅 南,"新兴大厦 , 黄河中心",3室1厅,107平米,南,精装,中楼层(共13层) ,,塔楼,90 万,8412 元,1,,,VR房源 | 房本满五年 | 随时看房,https://dg.lianjia.com/ershoufang/105122049058.html
西平高 端小区景湖时代城3房，南向看花园，随时看房,"光大景湖时代城 , 西平",3室2厅,99.92平米,南,精装,16层 ,,板塔结合,260 万,26021 元,3,,,近地铁 | VR看装修 | 房本满五年 | 随时看房,https://dg.lianjia.com/ershoufang/105119830059.html
龙湾金地外滩3房2卫 装修新即买即住 高层俯瞰园景江景,"金地外滩8号 , 胜利路",3室2厅,92.78平米,西北,精装,中楼层(共22层) ,,板楼,178 万,19186 元,1,,,VR看装修 | 房本满五年 | 随时看房,https://dg.lianjia.com/ershoufang/105122081276.html
东海山庄2房，高楼层，采光好，面朝操场！,"丰泰东海山庄 , 新联",2室2厅,87.73平米,东北,简装,高楼层(共11层) ,,塔楼,95 万,10829 元,2,,,VR看装修 | 房本满五年 | 随时看房,https://dg.lianjia.com/ershoufang/105118613970.html
东莞沙田天琴湾花园 精装修 高楼层 户型好 业主急售,"天琴湾花园 , 沙田镇",3室2厅,104.43平米,东 北,精装,29层 ,,板塔结合,88 万,8427 元,2,,,VR看装修 | 房本满两年,https://dg.lianjia.com/ershoufang/105119642720.html
三正瑞士半山，业主自住新装修，满五唯一，红本在手,"三正瑞士半山 , 凤岗镇",3室2厅,83.02平米,南,精装,27层 ,,板塔结合,108 万,13009 元,3,,,VR看装修 | 房本满五年,https://dg.lianjia.com/ershoufang/105121585672.html
新时代家园 2房2厅 仅需75万 价格优惠,"新时代家园 , 凤岗镇",2室2厅,43平米,西南,,18层 ,,板塔结合,60 万,13954 元,1,,,VR看装修 | 房本满五年,https://dg.lianjia.com/ershoufang/105119595051.html
丰华苑全新装修三房 采光通风好 诚意出售 随时看房,"东泰花园丰华苑 , 东泰",3室2厅,113.5平米,南,精装,高楼层(共7层) ,,塔楼,109.8 万,9675 元,2,,,VR房源 | 房本满五年 | 随时看房,https://dg.lianjia.com/ershoufang/105122202933.html
碧海云天高层看海景三房，居住舒服！,"碧海云天 , 沙田镇",3室1厅,103.87平米,西南,精装,高楼层(共32层) ,,塔楼,122 万,11746 元,0,,,VR看装修 | 随时看房,https://dg.lianjia.com/ershoufang/105122081386.html
大运六期，精装三房 南北通透  看山景,"大运城邦璟城 , 凤岗镇",3室2厅,95.73平米,北 南,精装,21层 ,,塔楼,179 万,18699 元,0,,,VR看装修 | 房本满五年,https://dg.lianjia.com/ershoufang/105121613810.html
弥敦道御府3房全新未入住，看花园,"卓越弥敦道御府 , 石碣镇",3室2厅,92平米,东南,简装,高楼层(共32层) ,,板塔结合,106 万,11522 元,2,,,VR看装修 | 随时看房,https://dg.lianjia.com/ershoufang/105119921307.html
御景花园 低楼层3房 采光充足 免费停车,"御景花园 , 樟木头镇",3室2厅,72.28平米,西北,简装,中楼层(共7层) ,,板塔结合,47.8 万,6614 元,1,,,VR看装修 | 房本满五年 | 随时看房,https://dg.lianjia.com/ershoufang/105111410806.html
保利林语花园 靓装修三房 业主诚意出售,"保利林语花园 , 樟木头镇",3室1厅,98平米,南,,29层 ,,板塔结合,99 万,10103 元,1,,,VR房源 | 随时看房,https://dg.lianjia.com/ershoufang/105119808366.html
常平8号广场一房一厅出售，理财收租绝绝子,"广裕中心商贸大楼 , 常平镇",1室1厅,44.82平米,东南,简装,27层 ,,板塔结合,17.5 万,3905 元,0,,,VR看装修 | 随时看房,https://dg.lianjia.com/ershoufang/105121842428.html
成熟次新小区，小区大，环境好，精装修，未入住,"金融街·金悦府 , 茶山镇",3室2厅,102.59平米,东南,精装,中楼层(共31层) ,,塔楼,160 万,15597 元,0,,,VR看装修 | 房本满两年 | 随时看房,https://dg.lianjia.com/ershoufang/105119490783.html
虎门太平广场花园 满五唯一 无欠款 看房方便,"太平广场花园 , 太平广场",2室2厅,83平米,东南,精装,中楼层(共32层) ,,塔楼,68 万,8193 元,1,,,VR看装修 | 房本满五年 | 随时看房,https://dg.lianjia.com/ershoufang/105121624458.html
保利卓越中环广场复式房，业主诚心出售，看房方便,"保利卓越中环广场 , 寮步",2室2厅,32平米,南,精装,低楼层(共22层) ,,塔楼,36.9 万,11532 元,1,,,,https://dg.lianjia.com/ershoufang/105121517824.html
万科金域精装一房电梯口位置诚意出售,"万科金域国际 , 厚街镇",1室1厅,44.44平米,西北,精装,高楼层(共9层) ,,板塔结合,24 万,5401 元,0,,,近地铁 | 随时看房,https://dg.lianjia.com/ershoufang/105121802211.html
地铁口物业，精装一房，全新装修，业主诚心出售,"卓越中寰 , 学院路",1室1厅,37.45平米,北,精装,10层 ,,板楼,35 万,9346 元,3,,,近地铁 | 房本满两年,https://dg.lianjia.com/ershoufang/105110762224.html
南向中高层 业主诚意出售 看房方便 价格可谈,"碧桂园信鸿铜雀台 , 麻涌镇",3室2厅,98.51平米,东南,精装,33层 ,,塔楼,95 万,9644 元,0,,,VR看装修 | 房本满五年 | 随时看房,https://dg.lianjia.com/ershoufang/105116380934.html
大运城邦八期 金地艺境三房诚心出售 价格可议,"大运城邦益田金地艺境花园 , 凤岗镇",3室2厅,96.91平米,南,,35层 ,,塔楼,165 万,17027 元,0,,,VR看装修 | 房本满五年,https://dg.lianjia.com/ershoufang/105117819127.html
碧桂园高层南北对流三房 视野无遮挡,"大朗碧桂园 , 大朗镇",3室2厅,89.11平米,西北,,23层 ,,板塔结合,108 万,12120 元,0,,,VR看装修 | 房本满五年 | 随时看房,https://dg.lianjia.com/ershoufang/105117625855.html
东实旗云花园3房1卫户型朝南采光充足,"东实旗云花园 , 石龙镇",3室1厅,82.83平米,南,精装,高楼层(共30层) ,,板楼,110 万,13281 元,0,,,近地铁 | VR房源 | 房本满两年,https://dg.lianjia.com/ershoufang/105120183927.html
采光足，视野好，户型方正，业主带车位出售。,"碧桂园珑远紫宸府 , 石碣镇",3室2厅,124.27平米,南,精装,25层 ,,板塔结合,190 万,15290 元,0,,,VR看装修 | 房本满五年 | 随时看房,https://dg.lianjia.com/ershoufang/105113629791.html
楼层好，光线充足，看花园，业主诚心出售,"丰华珑远翠珑湾 , 东平街",4室2厅,139.7平米,南,精装,高楼层(共31层) ,,塔楼,485 万,34718 元,0,,,VR看装修 | 房本满两年 | 随时看房,https://dg.lianjia.com/ershoufang/105115729767.html
城轨口 空中 边位 小别墅 急售,"保利卓越中环广场 , 寮步",3室2厅,71.53平米,东南,精装,低楼层(共32层) ,,板塔结合,78 万,10905 元,0,,,房本满两年 | 随时看房,https://dg.lianjia.com/ershoufang/105119650492.html
：房屋通透，采光好，小区人气旺，地理位置好,"香缤城市花园 , 寮步",3室2厅,88.18平米,南,精装,高楼层(共18层) ,,塔楼,112 万,12702 元,2,,,VR看装修 | 房本满五年,https://dg.lianjia.com/ershoufang/105113635973.html
金美花园电梯大二房现便宜出售，朝南,"金美花园 , 常平镇",2室2厅,89平米,南,,11层 ,,板楼,59 万,6630 元,0,,,VR房源,https://dg.lianjia.com/ershoufang/105122145096.html
莞城小户型、电梯中高层、带大阳台 总价低 无欠款,"西城楼大街 , 西城楼",1室0厅,40.83平米,北,精装,中楼层(共26层) ,,板楼,85 万,20819 元,0,,,VR看装修 | 房本满五年 | 随时看房,https://dg.lianjia.com/ershoufang/105122145873.html
珑远翠珑湾 全新未入住3房2卫 好楼层 价格可谈,"珑远翠珑湾 , 寮步",3室2厅,96平米,南,精装,中楼层(共30层) ,,塔楼,230 万,23959 元,0,,,VR看装修 | 随时看房,https://dg.lianjia.com/ershoufang/105121776784.html
金地湖山大境毛坯3房 业主诚心出售 高层景观好,"金地湖山大境 , 黄江镇",3室2厅,128.31平米,南,毛坯,25层 ,,板塔结合,150 万,11691 元,0,,,VR看装修 | 随时看房,https://dg.lianjia.com/ershoufang/105120722440.html
2021年次新毛坯 方正实用 不欠款产权清晰,"碧桂园·玫瑰臻园 , 常平镇",3室2厅,81.44平米,西南,,中楼层(共32层) ,,塔楼,98 万,12034 元,0,,17天以前发布,VR房源 | 房本满两年 | 随时看房,https://dg.lianjia.com/ershoufang/105122386217.html
寮步城轨800米，紧挨松山湖、寮步，坐落东莞繁华地段,"大道松山湖 , 寮步",3室2厅,93.56平米,西南,,高楼层(共25层) ,,板塔结合,125 万,13361 元,2,,,VR看装修 | 房本满五年 | 随时看房,https://dg.lianjia.com/ershoufang/105107597586.html
全新未入住，金融街高层江景房，精装三房,"金融街·金悦府 , 茶山镇",3室2厅,102.62平米,南,,高楼层(共28层) ,,板塔结合,140 万,13643 元,2,,,VR看装修 | 随时看房,https://dg.lianjia.com/ershoufang/105118889880.html
碧桂园大平层5房3卫出售。1梯1户正南朝向，业主出售,"横沥碧桂园 , 横沥镇",3室2厅,220.7平米,南 北,,23层 ,,板塔结合,300 万,13594 元,0,,,VR房源 | 房本满五年 | 随时看房,https://dg.lianjia.com/ershoufang/105120115952.html
临深小区，满五唯一，看房提前预约。,"东江花园(凤岗镇) , 凤岗镇",4室2厅,130.44平米,南,简装,6层 ,,塔楼,110 万,8433 元,2,,,VR看装修 | 房本满五年 | 随时看房,https://dg.lianjia.com/ershoufang/105120514644.html
精装修朝南两房，景观好，交通便利，出行购物方便,"维多利花园 , 樟木头镇",2室2厅,68平米,南,,中楼层(共8层) ,,塔楼,28 万,4118 元,7,,,VR房源 | 房本满五年 | 随时看房,https://dg.lianjia.com/ershoufang/105118561288.html
金凤豪苑 精装2房 高层  位置安静 看房随时,"金凤豪苑 , 凤岗镇",2室1厅,80.33平米,东南,精装,21层 ,,板塔结合,113 万,14067 元,0,,,VR看装修 | 房本满两年 | 随时看房,https://dg.lianjia.com/ershoufang/105120815880.html
热门小区，精装三房两厅两卫，业主诚意出售,"佳兆业中央豪门御府 , 石龙镇",3室2厅,129.95平米,南,精装,低楼层(共32层) ,,板塔结合,168 万,12929 元,0,,,VR看装修 | 房本满五年,https://dg.lianjia.com/ershoufang/105121090067.html
凤岗中惠岭秀，住家三房两厅，高层朝南视野好,"中惠岭秀 , 凤岗镇",3室2厅,93平米,东 东南,精装,29层 ,,板塔结合,128 万,13764 元,2,,,VR看装修 | 房本满五年 | 随时看房,https://dg.lianjia.com/ershoufang/105121061456.html
名门世家精装两房，业主诚心出售，看上价格可以沟通,"名门世家 , 三元里",2室1厅,60.68平米,北,精装,17层 ,,板塔结合,72.8 万,11998 元,2,,,VR看装修 | 房本满五年 | 随时看房,https://dg.lianjia.com/ershoufang/105115549786.html
汇景凯伦湾花园满五唯一四房高层急售,"汇景凯伦湾花园 , 沙田镇",4室1厅,122.5平米,南,毛坯,中楼层(共32层) ,,塔楼,129.8 万,10596 元,0,,,VR房源 | 房本满五年 | 随时看房,https://dg.lianjia.com/ershoufang/105121995244.html
横沥碧桂园，精装高楼层双阳台，全屋定制，拎包入住,"横沥碧桂园 , 横沥镇",3室2厅,122平米,南 北,精装,28层 ,,板塔结合,156 万,12787 元,0,,18天以前发布,VR房源,https://dg.lianjia.com/ershoufang/105122368152.html
世纪时尚豪园，103平精装3房2卫，南北通透双阳台,"永泰世纪时尚豪园 , 凤岗镇",3室2厅,103.66平米,南 北,精装,16层 ,,板塔结合,133 万,12831 元,0,,,VR房源 | 房本满两年,https://dg.lianjia.com/ershoufang/105121735921.html
景湖时代城中间位置 中高层 朝南 2梯2户 双阳台诚意出,"光大景湖时代城 , 西平",3室2厅,131.05平米,南,精装,32层 ,,板塔结合,358 万,27318 元,1,,,近地铁 | VR房源,https://dg.lianjia.com/ershoufang/105121653282.html
近西平地铁方正舒适3房，户型方正，业主诚意售房,"金地格林小城 , 西平",3室2厅,98.34平米,北,精装,6层 ,,塔楼,140 万,14237 元,1,,,VR看装修 | 房本满五年 | 随时看房,https://dg.lianjia.com/ershoufang/105122118369.html
稻花村三房朝南高层无遮挡视野开阔,"稻花村 , 东莞图书馆",3室2厅,102.28平米,南,,高楼层(共9层) ,,塔楼,150 万,14666 元,3,,,VR看装修 | 房本满五年 | 随时看房,https://dg.lianjia.com/ershoufang/105118370586.html
中惠悦峰朝南户型业主换房急售！,"中惠悦峰 , 新联",3室2厅,87.06平米,东南,精装,中楼层(共18层) ,,塔楼,96 万,11027 元,0,,,VR看装修 | 房本满五年 | 随时看房,https://dg.lianjia.com/ershoufang/105121083900.html
弥珍道精装3房，满五不唯一，装修保养不错,"中熙弥珍道 , 西平",3室1厅,78.71平米,西南,精装,高楼层(共17层) ,,塔楼,175 万,22234 元,0,,,VR看装修 | 房本满五年 | 随时看房,https://dg.lianjia.com/ershoufang/105122203581.html
周  边配套设施齐，全环境优美。。,"蓝月湾 , 常平镇",3室1厅,97.27平米,西南,简装,中楼层(共11层) ,,板楼,78 万,8019 元,0,,,VR房源 | 房本满五年 | 随时看房,https://dg.lianjia.com/ershoufang/105118773691.html
翠珑湾好房 高楼层 正南向 看黄旗山国贸一无遮挡！,"丰华珑远翠珑湾 , 东平街",3室2厅,99.38平米,南,精装,中楼层(共31层) ,,板塔结合,273 万,27471 元,2,,,VR看装修 | 房本满两年 | 随时看房,https://dg.lianjia.com/ershoufang/105119200936.html
全新装修，没有居住痕迹，南北通透四房，业主诚意出售,"新世纪颐龙湾 , 高埗镇",4室2厅,123.77平米,南 北,精装,中楼层(共24层) ,,塔楼,230 万,18583 元,0,,,VR看装修 | 房本满两年 | 随时看房,https://dg.lianjia.com/ershoufang/105122029660.html
景湖春晓 一梯两户 满五唯一 通风采光好 价格可以谈,"光大景湖春晓 , 西平",3室2厅,107.03平米,东南,精装,5层 ,,板塔结合,152 万,14202 元,8,,,VR看装修 | 房本满五年 | 随时看房,https://dg.lianjia.com/ershoufang/105122075799.html
富盈花园、三房两厅、业主急售、看房方便,"富盈花园 , 石碣镇",3室2厅,128平米,南,简装,高楼层(共16层) ,,板楼,103 万,8047 元,0,,,VR看装修 | 房本满五年 | 随时看房,https://dg.lianjia.com/ershoufang/105121510197.html
蔚蓝城邦毛坯大两房91平，可以根据自己喜欢的风格装修,"卓越蔚蓝城邦 , 常平镇",2室2厅,91.16平米,东南,毛坯,33层 ,,板塔结合,69 万,7570 元,0,,,VR看装修 | 房本满五年 | 随时看房,https://dg.lianjia.com/ershoufang/105121371670.html
万润广场  复式两房  看房方便,"万润广场 , 寮步",2室2厅,48.7平米,东南,精装,中楼层(共17层) ,,板塔结合,30 万,6161 元,2,,,房本满五年,https://dg.lianjia.com/ershoufang/105120521700.html
近地铁 香缤时代精装复式3房 高层采光好 边位通透方正,"香缤时代园 , 世博广场",3室2厅,49.74平米,北,精装,中楼层(共13层) ,,板塔结合,75 万,15079 元,2,,,近地铁 | VR房源 | 房本满五年 | 随时看房,https://dg.lianjia.com/ershoufang/105119990703.html
皇家公馆一期 2室2厅 东南,"皇家公馆一期 , 东坑镇",2室2厅,86.84平米,东南,简装,中楼层(共15层) ,,塔楼,73 万,8407 元,2,,,VR看装修 | 房本满五年 | 随时看房,https://dg.lianjia.com/ershoufang/105121074124.html
虎门·君悦东方 3室2厅 西南,"虎门·君悦东方 , 太平广场",3室2厅,111.27平米,西南,,中楼层(共29层) ,,塔楼,260 万,23367 元,1,,,VR看装修 | 房本满两年,https://dg.lianjia.com/ershoufang/105120037963.html
业主诚意出售，无欠款，阳台看园林,"万科金域蓝湾 , 大朗镇",4室2厅,98.76平米,南,,低楼层(共18层) ,,塔楼,195 万,19745 元,0,,,VR看装修 | 房本满五年 | 随时看房,https://dg.lianjia.com/ershoufang/105122079844.html
时代香海彼岸4期 2室1厅 南,"时代香海彼岸4期 , 道滘镇",2室1厅,41.07平米,南,,中楼层(共20层) ,,板塔结合,19 万,4627 元,0,,,房本满两年 | 随时看房,https://dg.lianjia.com/ershoufang/105122207369.html
横沥时代花园 复室2房 出售。。。。,"时代倾城 , 横沥镇",2室1厅,30平米,北,精装,19层 ,,塔楼,19 万,6334 元,1,,,随时看房,https://dg.lianjia.com/ershoufang/105121663549.html
东田丽园 3室1厅 南 西南,"东田丽园 , 常平镇",3室1厅,108平米,南 西南,精装,16层 ,,板楼,110 万,10186 元,0,,22天以前发布,VR房源 | 随时看房,https://dg.lianjia.com/ershoufang/105122337047.html
房子是中楼层，装修好，采光通风好，拎包即可入住,"利通花园 , 花园新村",1室1厅,35.32平米,东南,精装,低楼层(共17层) ,,板楼,63 万,17837 元,0,,,VR看装修 | 随时看房,https://dg.lianjia.com/ershoufang/105117467735.html
朝南3房 业主诚心卖 保养好 安静舒适,"中信凯旋城 , 东泰",3室1厅,137.59平米,南,精装,11层 ,,板塔结合,260 万,18897 元,8,,,VR房源 | 房本满五年 | 随时看房,https://dg.lianjia.com/ershoufang/105116933939.html
健逸天地精装三房，正南朝小区看泳池，业主诚意卖,"健逸天地 , 增田",3室2厅,114.57平米,南,精装,中楼层(共18层) ,,塔楼,188 万,16410 元,1,,30天以前发布,VR房源 | 房本满五年 | 随时看房,https://dg.lianjia.com/ershoufang/105122263272.html
松湖悦龙台 4室2厅 南 北,"松湖悦龙台 , 企石镇",4室2厅,134.83平米,南 北,,中楼层(共26层) ,,板楼,178 万,13202 元,0,,,VR看装修 | 随时看房,https://dg.lianjia.com/ershoufang/105120915334.html
碧河四期水云天公馆 2室2厅 南,"碧河四期水云天公馆 , 樟木头镇",2室2厅,53.26平米,南,简装,15层 ,,板塔结合,27 万,5070 元,0,,,房本满五年 | 随时看房,https://dg.lianjia.com/ershoufang/105122141696.html
精装三房 高层看花园 视野开阔 拎包入住,"精英名都 , 南城车站",3室2厅,100.24平米,东北,精装,高楼层(共16层) ,,板塔结合,142 万,14167 元,1,,,VR看装修 | 房本满五年 | 随时看房,https://dg.lianjia.com/ershoufang/105121803523.html
星城翠珑湾四期  四开间朝南飞机户型,"星城翠珑湾四期 , 寮步",3室2厅,113.97平米,南,精装,中楼层(共30层) ,,板塔结合,249 万,21848 元,2,,,VR看装修 | 房本满两年 | 随时看房,https://dg.lianjia.com/ershoufang/105118639857.html
电梯房户型方正实用好用，朝花园，保养好拎包可入住。,"东城中心 , 黄旗山",4室2厅,178.75平米,东北,精装,高楼层(共17层) ,,塔楼,250 万,13987 元,2,,,近地铁 | VR看装修 | 房本满五年,https://dg.lianjia.com/ershoufang/105119181568.html
海德琥珀台次新楼盘 南向 房子已装修 拎包入住,"海德琥珀台 , 火炼树",3室2厅,83.77平米,南,精装,低楼层(共34层) ,,板楼,208 万,24830 元,4,,,VR看装修 | 房本满五年 | 随时看房,https://dg.lianjia.com/ershoufang/105120526018.html
万科花园 全新装修原木风四房 中高楼层位置安静,"万科花园 , 虎门公园",4室2厅,111.18平米,东南,精装,中楼层(共34层) ,,塔楼,218 万,19608 元,0,,,VR看装修,https://dg.lianjia.com/ershoufang/105121277352.html
阳光粤港 户型方正采光好 带大院子配套完善,"阳光粤港 , 横沥镇",2室1厅,62.76平米,东南,简装,11层 ,,板塔结合,62 万,9879 元,0,,17天以前发布,VR房源 | 房本满五年,https://dg.lianjia.com/ershoufang/105122378321.html
未来世界二期 复式1房，简约风格全新装修可拎包入住,"未来世界花园 , 西平",1室1厅,52.63平米,东南,精装,中楼层(共17层) ,,板楼,81.8 万,15543 元,3,,,近地铁 | VR房源 | 房本满五年 | 随时看房,https://dg.lianjia.com/ershoufang/105112923903.html
此房在小区中间位置，视野开阔，小区环境好，出行方便,"中熙玖颂江湾 , 石碣镇",4室2厅,115.07平米,南,,高楼层(共32层) ,,塔楼,155 万,13471 元,1,,,VR看装修 | 房本满两年 | 随时看房,https://dg.lianjia.com/ershoufang/105114948270.html
此房满五，楼层好，采光好，视野好，朝南向。,"南部湾万科城 , 大宁",2室1厅,61.93平米,东南,精装,8层 ,,板楼,97 万,15663 元,0,,26天以前发布,VR房源 | 房本满五年 | 随时看房,https://dg.lianjia.com/ershoufang/105122306211.html
碧桂园4房出售 开发商装修标准 中高层视野好,"茶山碧桂园 , 茶山镇",4室2厅,134.46平米,南 北,精装,中楼层(共29层) ,,塔楼,155 万,11528 元,0,,,VR看装修 | 房本满五年 | 随时看房,https://dg.lianjia.com/ershoufang/105119411115.html
虎门万科城 横厅06户型 全屋定制 ，满五年，正看小区,"南部湾万科城 , 大宁",3室2厅,96.72平米,东南,精装,高楼层(共26层) ,,塔楼,168 万,17370 元,0,,,VR房源 | 随时看房,https://dg.lianjia.com/ershoufang/105121954918.html
价格实惠，精装两房，美女一手房,"卓越弥敦道 , 石碣镇",2室1厅,34.47平米,南,精装,高楼层(共18层) ,,塔楼,29 万,8414 元,1,,,,https://dg.lianjia.com/ershoufang/105118963244.html
锦绣半山业主诚心出售双阳台3＋1户型,"锦绣半山 , 黄河中心",3室2厅,121.03平米,东,,中楼层(共17层) ,,塔楼,138 万,11403 元,0,,,VR房源 | 房本满五年,https://dg.lianjia.com/ershoufang/105121810324.html
房子户型方正，边位户，采光通风效果好，安静舒适..,"虎门国际公馆 , 新联",3室2厅,135平米,东南,,高楼层(共17层) ,,塔楼,195 万,14445 元,2,,,VR看装修 | 房本满五年 | 随时看房,https://dg.lianjia.com/ershoufang/105114569607.html
连升豪庭 中高楼层 装修漂亮 诚意出售,"连升豪庭 , 万达",2室1厅,75.46平米,南,简装,中楼层(共22层) ,,塔楼,115 万,15240 元,0,,,VR看装修 | 房本满五年,https://dg.lianjia.com/ershoufang/105119704875.html
天骄峰景 毛坯复式四房 东南向采光通风好安静 急售！,"天骄峰景B区 , 石井",4室2厅,78.63平米,东南,毛坯,低楼层(共17层) ,,板塔结合,260 万,33067 元,3,,,VR房源 | 房本满五年 | 随时看房,https://dg.lianjia.com/ershoufang/105110682451.html
保利红珊瑚花园 2房1卫  精装 保养好,"保利红珊瑚花园 , 松山湖",2室1厅,79.66平米,北,简装,低楼层(共16层) ,,塔楼,230 万,28873 元,0,,,VR看装修 | 房本满五年 | 随时看房,https://dg.lianjia.com/ershoufang/105117739971.html
镇 中 心 精 装 三 房 免 增 值 税，随 时 看 房,"爱都花园 , 樟木头镇",3室1厅,65平米,南,精装,高楼层(共32层) ,,塔楼,32.8 万,5047 元,34,,,VR看装修 | 房本满五年 | 随时看房,https://dg.lianjia.com/ershoufang/105107110062.html
4房精装修 全新未入住  可观海景  格局未动 产权清晰,"碧海云天 , 沙田镇",4室2厅,136.62平米,南,精装,中楼层(共32层) ,,,140 万,10248 元,0,,,VR看装修 | 房本满两年 | 随时看房,https://dg.lianjia.com/ershoufang/105120070569.html
天虹商圈 住宅单间 70年产权 15%首付,"地标大厦 , 地标",1室1厅,58.51平米,东,简装,低楼层(共24层) ,,塔楼,38 万,6495 元,0,,,VR看装修 | 房本满五年,https://dg.lianjia.com/ershoufang/105117953843.html
横厅三房二卫精装修大大阳台三个卧室都可观海产权清晰,"碧海云天 , 沙田镇",3室2厅,119.56平米,南,精装,高楼层(共32层) ,,塔楼,130 万,10874 元,1,,,VR看装修 | 房本满两年 | 随时看房,https://dg.lianjia.com/ershoufang/105119931152.html
城区 繁华地段 优选小户型 轻松置业无压力,"富洋楼 , 花园新村",1室1厅,41.17平米,东,简装,8层 ,,板塔结合,19 万,4616 元,2,,,VR看装修 | 房本满五年 | 随时看房,https://dg.lianjia.com/ershoufang/105121650186.html
御河湾花园 3室2厅 东 西,"御河湾花园 , 横沥镇",3室2厅,93.68平米,东 西,精装,高楼层(共32层) ,,板塔结合,118 万,12597 元,0,,,VR看装修 | 房本满五年 | 随时看房,https://dg.lianjia.com/ershoufang/105119805881.html
东南朝向 户型方正，楼层好，随时可看房,"盛和雅颂花园 , 横沥镇",3室2厅,96平米,南,毛坯,31层 ,,板塔结合,103 万,10730 元,0,,,VR看装修 | 房本满五年 | 随时看房,https://dg.lianjia.com/ershoufang/105119038844.html
看别墅，全新未入住好房，视野好无遮挡,"万科东新翡翠松湖 , 寮步",3室2厅,93.54平米,西南,精装,高楼层(共32层) ,,塔楼,169 万,18068 元,1,,,VR看装修 | 房本满两年 | 随时看房,https://dg.lianjia.com/ershoufang/105121903577.html
万科金色悦府 3室2厅 南,"万科金色悦府 , 宵边",3室2厅,97.42平米,南,,32层 ,,板塔结合,218 万,22378 元,0,,,VR看装修 | 房本满五年 | 随时看房,https://dg.lianjia.com/ershoufang/105120142069.html
富民花园 2室1厅 南,"富民花园 , 太平广场",2室1厅,81.77平米,南,,高楼层(共13层) ,,板塔结合,68 万,8317 元,0,,8天以前发布,VR房源 | 房本满五年 | 随时看房,https://dg.lianjia.com/ershoufang/105122486838.html
丰泰裕田花园2房 满五唯一 看房方便,"丰泰裕田花园 , 大宁",2室1厅,84.27平米,北,精装,中楼层(共18层) ,,板塔结合,82 万,9731 元,2,,,VR看装修 | 房本满五年,https://dg.lianjia.com/ershoufang/105119993317.html
南城鸿福路口地铁口两房 业主诚意出售,"天诚康桥华苑 , 鸿福路口",2室1厅,64.11平米,南,简装,低楼层(共19层) ,,板楼,67 万,10451 元,2,,,VR房源 | 房本满五年 | 随时看房,https://dg.lianjia.com/ershoufang/105118522531.html
望景台三房二厅二卫精装出售业主自住保养好,"石竹山水园望景台 , 桥头镇",3室2厅,91.28平米,南,精装,高楼层(共17层) ,,塔楼,110 万,12051 元,2,,,VR看装修 | 房本满五年 | 随时看房,https://dg.lianjia.com/ershoufang/105119127168.html
高层朝南房子保养好 带采光充足交通便利.无个税。,"嘉盈名苑 , 东坑镇",2室2厅,63.11平米,南,简装,中楼层(共25层) ,,板塔结合,55 万,8715 元,1,,,VR看装修 | 房本满五年 | 随时看房,https://dg.lianjia.com/ershoufang/105120486088.html
"此房满五唯一 有地下停车位户型方正采光通透,配套齐全","怡安豪庭 , 樟木头镇",3室2厅,101.36平米,南,精装,高楼层(共13层) ,,塔楼,68 万,6709 元,0,,,VR看装修 | 房本满五年 | 随时看房,https://dg.lianjia.com/ershoufang/105118955935.html
万科金色城市 电梯房 好楼层 商品房 朝南向 采光好,"万科金色城市 , 塘厦镇",3室2厅,96.54平米,南,精装,32层 ,,板塔结合,167 万,17299 元,0,,,VR看装修 | 房本满五年 | 随时看房,https://dg.lianjia.com/ershoufang/105120983080.html
楼龄新户型方正精装修配套齐出行方便,"正德名居商住楼 , 罗沙",1室0厅,28.83平米,东,精装,高楼层(共10层) ,,板楼,70 万,24281 元,0,,,VR房源 | 房本满两年,https://dg.lianjia.com/ershoufang/105119491719.html
欧景城高层2房，采光好，业主 急售价格可谈,"深业欧景城 , 宏远北",2室2厅,90.02平米,东南,精装,高楼层(共17层) ,,板塔结合,128 万,14220 元,0,,,VR看装修 | 房本满五年,https://dg.lianjia.com/ershoufang/105122171632.html
爱都花园香港业主，一楼带平台二房，有匙看楼,"爱都花园 , 樟木头镇",2室2厅,58平米,南,,低楼层(共7层) ,,塔楼,20 万,3449 元,2,,,VR房源 | 房本满五年 | 随时看房,https://dg.lianjia.com/ershoufang/105121495790.html
佳兆业水岸山城 高层 东南朝向 3房2卫 出售,"水岸山城 , 凤岗镇",3室2厅,135.81平米,东南,精装,15层 ,,板塔结合,158 万,11634 元,0,,,VR看装修 | 房本满两年,https://dg.lianjia.com/ershoufang/105120463097.html
皇马郦宫精装复式2房，装修保养好，高层采光通风佳,"万科皇马郦宫 , 火炼树",2室2厅,48.89平米,东南,精装,高楼层(共12层) ,,,66 万,13500 元,1,,,房本满两年,https://dg.lianjia.com/ershoufang/105122008368.html
中信三房两厅两卫通透采光佳看房方便,"中信红树山 , 黄江镇",3室2厅,101.24平米,南,精装,高楼层(共34层) ,,塔楼,120 万,11854 元,0,,,VR房源 | 房本满五年 | 随时看房,https://dg.lianjia.com/ershoufang/105121071181.html
美式别墅，百万装修，户型方正使用率高,"松湖春天 , 大岭山镇",4室2厅,162.32平米,南,精装,6层 ,,板塔结合,499 万,30742 元,0,,,VR看装修 | 房本满五年,https://dg.lianjia.com/ershoufang/105117311573.html
观澜碧桂园2房 中高楼层 大阳台,"观澜碧桂园 , 塘厦镇",2室2厅,82.2平米,东南,简装,30层 ,,板塔结合,85 万,10341 元,2,,,VR看装修 | 房本满五年 | 随时看房,https://dg.lianjia.com/ershoufang/105117762790.html
颐龙湾毛坯三房，中高层，带车位出售，双阳台视野开阔,"新世纪颐龙湾 , 高埗镇",3室2厅,103.98平米,北,毛坯,高楼层(共24层) ,,塔楼,119 万,11445 元,7,,,VR看装修 | 房本满五年 | 随时看房,https://dg.lianjia.com/ershoufang/105117175177.html
国贸旁 新世纪豪园三期小户型 业主诚心出售,"新世纪豪园碧水蓝天 , 火炼树",3室2厅,131.35平米,东南,精装,低楼层(共17层) ,,板楼,238 万,18120 元,1,,,近地铁 | VR房源 | 房本满五年 | 随时看房,https://dg.lianjia.com/ershoufang/105118627670.html
业主诚心出售，户型采光通风很好，距离出入口近,"中惠香樟绿洲 , 樟木头镇",2室2厅,80.27平米,南,精装,25层 ,,板塔结合,59.8 万,7450 元,3,,,VR看装修 | 房本满五年,https://dg.lianjia.com/ershoufang/105119009153.html
万科花园75平三房，满五唯一少个税，采光通风好,"万科花园 , 虎门公园",3室2厅,75.61平米,西南,简装,低楼层(共34层) ,,板塔结合,116 万,15342 元,1,,,VR看装修 | 房本满五年 | 随时看房,https://dg.lianjia.com/ershoufang/105121166605.html
满五唯一  万科精装3房 中楼层采光好,"万科花园 , 虎门公园",3室1厅,75.61平米,西南,,中楼层(共34层) ,,板塔结合,118 万,15607 元,0,,,VR看装修 | 房本满五年 | 随时看房,https://dg.lianjia.com/ershoufang/105109096514.html
业主诚心卖 采光通风好 价格可以聊,"鼎峰品筑 , 寮步",2室2厅,61.84平米,北,精装,中楼层(共11层) ,,塔楼,65 万,10511 元,1,,,VR看装修 | 房本满五年 | 随时看房,https://dg.lianjia.com/ershoufang/105119831318.html
万象汇旁星城翠珑湾四期 满五唯一飞机户型三房,"星城翠珑湾四期 , 寮步",3室2厅,96.93平米,南,精装,低楼层(共26层) ,,板塔结合,196 万,20221 元,2,,,VR房源 | 房本满五年 | 随时看房,https://dg.lianjia.com/ershoufang/105121205770.html
金海怡景 满五中间楼层 自己住精装修,"金海怡景花园 , 塘厦镇",3室2厅,87平米,东,精装,7层 ,,塔楼,87 万,10000 元,1,,,VR看装修 | 房本满五年,https://dg.lianjia.com/ershoufang/105117052836.html
次新房，房子景观好，视野宽阔。,"保利林语花园 , 樟木头镇",3室2厅,97.4平米,西南,简装,29层 ,,板塔结合,102 万,10473 元,0,,6天以前发布,VR房源 | 房本满五年 | 随时看房,https://dg.lianjia.com/ershoufang/105122502527.html
东莞东站，蔚蓝城邦精装三房南北对流户型，总价低,"卓越蔚蓝城邦 , 常平镇",3室2厅,97.2平米,东南,精装,28层 ,,板塔结合,80 万,8231 元,0,,10天以前发布,VR房源 | 房本满两年 | 随时看房,https://dg.lianjia.com/ershoufang/105122459690.html
香樟绿洲精装大四房。有钥匙随时可看房。,"中惠香樟绿洲 , 樟木头镇",4室2厅,132.45平米,东南,精装,18层 ,,板塔结合,216 万,16309 元,0,,,VR房源 | 房本满五年 | 随时看房,https://dg.lianjia.com/ershoufang/105120646353.html
御景花园  朝南中三房  满五唯一 无个税,"御景花园 , 樟木头镇",3室2厅,83.88平米,南,精装,高楼层(共7层) ,,板塔结合,46 万,5485 元,1,,,VR看装修 | 房本满五年,https://dg.lianjia.com/ershoufang/105113326655.html
虎门万科花园 精装修三房两厅 诚心出售,"万科花园 , 虎门公园",3室1厅,75.63平米,东南,精装,低楼层(共34层) ,,板塔结合,118 万,15603 元,0,,,VR看装修 | 房本满两年 | 随时看房,https://dg.lianjia.com/ershoufang/105119712794.html
大型社区一楼带私家花园，业主诚心卖,"御景花园 , 樟木头镇",2室1厅,55.94平米,北,简装,低楼层(共6层) ,,塔楼,46 万,8224 元,2,,,VR房源 | 房本满五年 | 随时看房,https://dg.lianjia.com/ershoufang/105122042446.html
房子远看山景和别墅，阳光充裕，业主诚意出售。,"卓越蔚蓝城邦 , 常平镇",3室2厅,97平米,东南,精装,33层 ,,板塔结合,89 万,9176 元,0,,,VR看装修 | 随时看房,https://dg.lianjia.com/ershoufang/105120298007.html
南城总部基地 恒大御湖 88平 户型方正 近地铁 诚意卖,"百悦尚城三期恒大御湖 , 南城车站",2室2厅,87.67平米,东南,精装,低楼层(共18层) ,,板塔结合,146 万,16654 元,3,,,近地铁 | VR房源 | 房本满五年 | 随时看房,https://dg.lianjia.com/ershoufang/105121046347.html
金地博登湖  精装 3房2卫 满五年 朝南 高楼层,"金地博登湖 , 塘厦镇",3室2厅,101.29平米,南,精装,中楼层(共29层) ,,板塔结合,144 万,14217 元,2,,,VR房源 | 房本满五年 | 随时看房,https://dg.lianjia.com/ershoufang/105116107345.html
碧桂园一期大三房两厅两卫高层 看花园,"虎门碧桂园一期 , 万达",3室2厅,122.38平米,南 北,精装,高楼层(共25层) ,,板塔结合,190 万,15526 元,1,,,VR看装修 | 随时看房,https://dg.lianjia.com/ershoufang/105121256064.html
满五唯一业主自住保养好 中间楼层 视野开阔 诚意出售,"尚品居 , 白马",3室2厅,91.33平米,西南,精装,中楼层(共26层) ,,板塔结合,135 万,14782 元,15,,,VR看装修 | 房本满五年,https://dg.lianjia.com/ershoufang/105106756276.html
看中可以谈  地铁口电梯单间急卖,"方中元美广场 , 鸿福路口",1室0厅,32.85平米,西,,中楼层(共20层) ,,板楼,34 万,10351 元,0,,,VR看装修 | 房本满五年 | 随时看房,https://dg.lianjia.com/ershoufang/105113893502.html
楼栋在花园中 看小区花园 安静 采光好 通风佳,"虎门碧桂园一期 , 万达",3室2厅,94.7平米,北,精装,低楼层(共25层) ,,板塔结合,148 万,15629 元,1630,,,VR看装修 | 房本满五年 | 随时看房,https://dg.lianjia.com/ershoufang/105112025581.html
近莞城实小带租约即买即收租保养好有花园,"铭可达商住中心 , 八达路",1室0厅,27平米,北,简装,低楼层(共29层) ,,塔楼,60 万,22223 元,0,,,VR看装修 | 房本满两年,https://dg.lianjia.com/ershoufang/105119123698.html
推窗见景 躺望落霞 两梯两户 新中式风格 品牌次新！,"光大江与城 , 高埗镇",4室2厅,136.67平米,南,精装,低楼层(共30层) ,,板塔结合,175 万,12805 元,3,,,VR房源 | 房本满五年 | 随时看房,https://dg.lianjia.com/ershoufang/105116914955.html
松山湖翠珑湾一期四房双阳台带两个车位,"星城翠珑湾一期 , 松山湖",4室2厅,123.89平米,南,,27层 ,,塔楼,418 万,33740 元,0,,19天以前发布,VR看装修 | 房本满五年 | 随时看房,https://dg.lianjia.com/ershoufang/105122358393.html
