标题,地址,户型,面积,朝向,装修情况,层数,建造时间,楼型,总价,每平米单价,关注人数,带看次数,发布时间,标签,详情链接
新天美地，精装三房，正望泳池，附带花园，少有放盘,"新天美地花园 , 常平镇",3室2厅,107.48平米,北,精装,中楼层(共21层) ,,板塔结合,90 万,8374 元,0,,,VR看装修 | 房本满五年,https://dg.lianjia.com/ershoufang/105116346968.html
皇马大四房，带入户花园，南向看小区园林，业主诚售,"万科皇马郦宫 , 火炼树",4室2厅,189.69平米,南,毛坯,中楼层(共26层) ,,塔楼,488 万,25727 元,6,,,VR房源 | 随时看房,https://dg.lianjia.com/ershoufang/105116326902.html
业主诚心出售 小区配套完善，林园绿化好,"大运城邦悦城 , 凤岗镇",4室2厅,124.21平米,南,精装,21层 ,,板塔结合,260 万,20933 元,0,,,VR看装修 | 房本满五年 | 随时看房,https://dg.lianjia.com/ershoufang/105120846525.html
看中价格可以谈 横沥碧桂园中高层的电梯3房 出售,"横沥碧桂园 , 横沥镇",3室2厅,91.75平米,东南,简装,19层 ,,板塔结合,110 万,11990 元,3,,,VR房源 | 房本满五年 | 随时看房,https://dg.lianjia.com/ershoufang/105120252501.html
此房业主诚心出售，价格好聊，上车易，一步到位,"周屋围街 , 运河东",3室1厅,82平米,南,精装,8层 ,,,35.8 万,4366 元,6,,,VR看装修 | 房本满五年 | 随时看房,https://dg.lianjia.com/ershoufang/105118810007.html
家汇生活广场 1室1厅 南,"家汇生活广场 , 客运总站",1室1厅,47.01平米,南,精装,30层 ,,板塔结合,26 万,5531 元,0,,7天以前发布,房本满两年 | 随时看房,https://dg.lianjia.com/ershoufang/105122490306.html
家和时代次新楼 星河城万达商圈 中高楼层98.8平精装修,"家和时代 , 寮步",3室2厅,98.81平米,东南,,中楼层(共28层) ,,板塔结合,189 万,19128 元,0,,,VR看装修 | 房本满五年 | 随时看房,https://dg.lianjia.com/ershoufang/105120853503.html
塘厦御城花园 高层毛坯 三房 诚售,"御城花园 , 塘厦镇",3室2厅,96.78平米,南,毛坯,31层 ,,板塔结合,137 万,14156 元,1,,,VR看装修 | 房本满五年 | 随时看房,https://dg.lianjia.com/ershoufang/105118810720.html
房子在花园街广场旁边，地理优越，楼下就可以购物,"花园中心 , 塘厦镇",2室2厅,79平米,东 北,简装,高楼层(共23层) ,,塔楼,58 万,7342 元,0,,23天以前发布,VR房源 | 随时看房,https://dg.lianjia.com/ershoufang/105122330857.html
业主低价出售电梯高层方正三房满五唯一带大平台100平,"丽景花园 , 常平镇",3室2厅,91.5平米,西北,精装,高楼层(共12层) ,,塔楼,60 万,6558 元,3,,,VR房源 | 房本满五年,https://dg.lianjia.com/ershoufang/105121209930.html
虎门印象 2室2厅 东南,"虎门印象 , 万达",2室2厅,77.27平米,东南,精装,中楼层(共31层) ,,塔楼,106.8 万,13822 元,0,,,VR房源 | 房本满五年 | 随时看房,https://dg.lianjia.com/ershoufang/105120290914.html
地铁口物业 新丰大厦 业主诚心出售,"新丰大厦 , 太平广场",3室2厅,100.89平米,南,精装,9层 ,,塔楼,62 万,6146 元,0,,,VR房源 | 房本满五年,https://dg.lianjia.com/ershoufang/105121906222.html
虎门万科城01户型东南向，高层视野开阔 装修好,"南部湾万科城 , 大宁",3室2厅,93.46平米,东南,,高楼层(共34层) ,,塔楼,170 万,18190 元,0,,,VR房源 | 房本满五年 | 随时看房,https://dg.lianjia.com/ershoufang/105122192619.html
黄河时装城旁边大小区 配套齐 交通便利,"永业楼 , 黄河中心",3室2厅,92.61平米,南 北,简装,中楼层(共8层) ,,板塔结合,48.8 万,5270 元,1,,,VR房源 | 房本满五年 | 随时看房,https://dg.lianjia.com/ershoufang/105118255177.html
锦绣花园167房四房两两卫金装,"锦绣城市花园 , 塘厦镇",4室2厅,167.68平米,南,简装,11层 ,,板塔结合,260 万,15506 元,1,,,VR看装修 | 房本满五年,https://dg.lianjia.com/ershoufang/105118429958.html
三正半山豪苑棕榈园 118平三房两厅两卫 高楼层出售,"三正半山豪苑棕榈园 , 塘厦镇",3室2厅,118.67平米,北,简装,高楼层(共10层) ,,塔楼,156 万,13146 元,0,,,VR看装修,https://dg.lianjia.com/ershoufang/105122166718.html
临深， 满五唯一，地铁口800米，精装修,"大运城邦曦城 , 凤岗镇",3室2厅,92.22平米,北,,30层 ,,塔楼,155 万,16808 元,7,,,VR看装修 | 房本满五年,https://dg.lianjia.com/ershoufang/105120955239.html
天虹地铁口精装2房，满五唯一，高楼层 看房方便,"地标大厦 , 地标",2室1厅,87.61平米,南,精装,高楼层(共25层) ,,塔楼,116 万,13241 元,1,,,VR看装修 | 房本满五年 | 随时看房,https://dg.lianjia.com/ershoufang/105114956169.html
长安城市花园精装3房，业主急售！,"长安城市花园 , 增田",3室2厅,123.93平米,南,简装,中楼层(共16层) ,,,170 万,13718 元,2,,,VR看装修 | 房本满五年,https://dg.lianjia.com/ershoufang/105111132071.html
新世纪星城 3房 高层南向 通风采光好,"新世纪星城(一二)期 , 温塘",3室2厅,102.01平米,南,,高楼层(共17层) ,,板塔结合,186 万,18234 元,0,,,VR房源 | 随时看房,https://dg.lianjia.com/ershoufang/105121828330.html
碧琴湾花园地铁口旁边中高楼层视野采光好,"钜隆碧琴湾 , 道滘镇",4室2厅,112.02平米,南,毛坯,20层 ,,板楼,145 万,12945 元,0,,18天以前发布,VR房源 | 房本满五年 | 随时看房,https://dg.lianjia.com/ershoufang/105122374853.html
御城花园 次新房 横厅大3房 业主计划1个月内售卖,"御城花园 , 塘厦镇",3室2厅,107平米,南,毛坯,31层 ,,板塔结合,149 万,13926 元,0,,15天以前发布,VR房源 | 随时看房,https://dg.lianjia.com/ershoufang/105122406540.html
R1线地铁口 南北对流四房二厅 业主自住诚意出售,"理想0769 , 客运总站",4室2厅,142平米,南,精装,中楼层(共11层) ,,板楼,258 万,18170 元,1,,,VR看装修 | 房本满五年,https://dg.lianjia.com/ershoufang/105114047473.html
融创清溪壹号 精装一房一厅 急售,"融创清溪壹号 , 清溪镇",1室1厅,41平米,东南 东 南,精装,高楼层(共20层) ,,板塔结合,31 万,7561 元,1,,,房本满五年,https://dg.lianjia.com/ershoufang/105119842117.html
4楼带花园，带租约出售，业主诚心卖,"东泰花园风云汇 , 东泰",1室0厅,46.13平米,东北,精装,低楼层(共13层) ,,板塔结合,65 万,14091 元,1,,,VR房源 | 房本满五年,https://dg.lianjia.com/ershoufang/105120384779.html
塘盛大厦 3房2卫 满五年 红本在手 配套成熟 出行便利,"塘盛大厦 , 塘厦镇",3室2厅,112.54平米,北,简装,6层 ,,塔楼,75 万,6665 元,1,,,VR看装修 | 房本满五年,https://dg.lianjia.com/ershoufang/105121486221.html
祥利花园 3室2厅 南,"祥利花园 , 凤岗镇",3室2厅,88.38平米,南,精装,25层 ,,板塔结合,129 万,14597 元,0,,,VR房源 | 房本满五年 | 随时看房,https://dg.lianjia.com/ershoufang/105119687769.html
此房全南朝向，全新精装2房，中楼层 安静,"景泰花园 , 凤岗镇",3室1厅,97.05平米,东南,精装,11层 ,,板塔结合,105 万,10820 元,0,,,VR看装修 | 房本满五年,https://dg.lianjia.com/ershoufang/105119722882.html
霞晖花园高层电梯二房仅售37万 业主诚心出售,"霞晖花园 , 常平镇",2室2厅,77.88平米,南,简装,11层 ,,板塔结合,37 万,4751 元,0,,,VR房源 | 房本满两年,https://dg.lianjia.com/ershoufang/105112699308.html
万达广场  三房  300万  高层  随时可看,"万达公馆 , 宵边",3室2厅,91.11平米,北,精装,29层 ,,板塔结合,170 万,18659 元,0,,,VR看装修 | 房本满五年 | 随时看房,https://dg.lianjia.com/ershoufang/105114320362.html
毛坯可自由装修 中间楼层南北对流 户型好业主诚心卖,"圣河西E号 , 白马",3室2厅,89.64平米,南 北,毛坯,中楼层(共22层) ,,塔楼,185 万,20639 元,1,,,VR看装修 | 房本满五年 | 随时看房,https://dg.lianjia.com/ershoufang/105120695259.html
山景房，南。北对流，带精装，高楼层视野开阔,"名流印象花园二期 , 凤岗镇",3室2厅,88平米,东南,精装,33层 ,,板塔结合,140 万,15910 元,1,,,VR看装修 | 随时看房,https://dg.lianjia.com/ershoufang/105118580627.html
欧景城 精装三房 南北对流 满5唯一 拎包可入住,"深业欧景城 , 宏远北",3室1厅,95.9平米,南,精装,高楼层(共14层) ,,板塔结合,142 万,14808 元,0,,,VR房源 | 房本满五年 | 随时看房,https://dg.lianjia.com/ershoufang/105120430907.html
虎门天虹楼上朝南三房两卫出售小区大环境好商配集中,"地标广场 , 地标",3室2厅,106.84平米,南,精装,28层 ,,板塔结合,225 万,21060 元,0,,,VR看装修 | 房本满五年,https://dg.lianjia.com/ershoufang/105121692204.html
卓越弥敦道御府 2室1厅 北,"卓越弥敦道御府 , 石碣镇",2室1厅,29.46平米,北,精装,低楼层(共21层) ,,塔楼,21 万,7129 元,0,,,随时看房,https://dg.lianjia.com/ershoufang/105116413353.html
此房位于花园中间位，高层朝南 满五唯一 通风采光良好,"光大景湖春晓 , 西平",3室2厅,102.6平米,南,精装,18层 ,,板楼,215 万,20956 元,3,,,VR看装修 | 房本满五年,https://dg.lianjia.com/ershoufang/105112305061.html
此房是满五唯一，房子是精装房，，户型方正，视野开阔,"金地城南艺境 , 道滘镇",3室2厅,97.02平米,南,精装,33层 ,,塔楼,118 万,12163 元,6,,,VR看装修 | 房本满五年 | 随时看房,https://dg.lianjia.com/ershoufang/105118622062.html
随时看房满五唯一；拎包入住很新；业主诚意出售,"万科金色悦府 , 宵边",3室2厅,97.61平米,南,精装,25层 ,,板塔结合,246 万,25203 元,0,,,VR看装修 | 房本满五年,https://dg.lianjia.com/ershoufang/105120883823.html
一手业主满5年唯一看房有钥匙，，,"香堤绿茵温莎堡 , 樟木头镇",4室2厅,137.43平米,南,毛坯,低楼层(共18层) ,,板塔结合,129 万,9387 元,0,,,VR房源 | 房本满五年 | 随时看房,https://dg.lianjia.com/ershoufang/105113577948.html
国际公馆91平精致小三房拎包入住,"石排世纪城国际公馆 , 石排镇",3室2厅,91.35平米,北,精装,中楼层(共15层) ,,塔楼,100 万,10947 元,0,,,VR看装修 | 房本满五年 | 随时看房,https://dg.lianjia.com/ershoufang/105118346798.html
时代荟江景三房  家私电器齐全 拎包入住,"时代荟 , 茶山镇",3室2厅,101.79平米,南,精装,低楼层(共32层) ,,塔楼,138 万,13558 元,0,,15天以前发布,VR房源 | 房本满两年 | 随时看房,https://dg.lianjia.com/ershoufang/105122401675.html
大社区 商圈配套成熟 中高楼层3房 户型方正,"佳兆业中央豪门御府 , 石龙镇",3室1厅,88.17平米,东南,简装,高楼层(共32层) ,,板塔结合,98 万,11115 元,0,,,VR看装修 | 房本满五年 | 随时看房,https://dg.lianjia.com/ershoufang/105119141953.html
东莞大岭山新世纪领居，优质房源，不容错过,"新世纪领居B区 , 大岭山镇",5室2厅,193.75平米,东南,,低楼层(共18层) ,,板塔结合,288 万,14865 元,0,,,VR房源 | 房本满五年,https://dg.lianjia.com/ershoufang/105122146357.html
高楼层朝南 装修保养好 业主诚意出售,"中央财津 , 三元里",2室1厅,63.41平米,南,精装,26层 ,,板塔结合,76 万,11986 元,0,,,VR看装修 | 房本满五年 | 随时看房,https://dg.lianjia.com/ershoufang/105121474774.html
翡翠山湖大社区大花园大三房二厅诚心出售128万,"翡翠山湖 , 凤岗镇",3室2厅,120.82平米,东,简装,11层 ,,塔楼,120 万,9933 元,2,,,VR看装修 | 房本满五年 | 随时看房,https://dg.lianjia.com/ershoufang/105121145941.html
虎门印象毛坯大三房 中间楼层  南北朝向 看房随时方便,"虎门印象 , 万达",3室2厅,114.77平米,南 北,,中楼层(共30层) ,,板塔结合,176 万,15336 元,0,,,VR看装修 | 房本满五年 | 随时看房,https://dg.lianjia.com/ershoufang/105119770034.html
翡翠东望新出高层东南向四房 保养好 方便看房,"万科首铸翡翠东望 , 鸿福路口",3室2厅,93.03平米,东南,精装,高楼层(共31层) ,,塔楼,249 万,26766 元,0,,,VR房源 | 房本满两年 | 随时看房,https://dg.lianjia.com/ershoufang/105121696125.html
华润公元九里高品质小区，业主诚心出售,"华润公元九里 , 企石镇",3室2厅,96.35平米,南,简装,中楼层(共29层) ,,塔楼,130 万,13493 元,1,,,VR看装修 | 房本满两年 | 随时看房,https://dg.lianjia.com/ershoufang/105118316806.html
亨达百货楼上，三正世纪新城 3房2厅 诚意出售,"三正世纪新城 , 塘厦镇",3室2厅,111.74平米,南,简装,7层 ,,板塔结合,74.5 万,6668 元,2,,,VR看装修 | 房本满五年 | 随时看房,https://dg.lianjia.com/ershoufang/105107727862.html
诚心急售 高楼层视野开阔 采光通透 随时看房不拖沓,"鸿荣源熙园山院 , 凤岗镇",3室2厅,93.62平米,南,毛坯,25层 ,,板塔结合,153 万,16343 元,1,,,VR看装修 | 随时看房,https://dg.lianjia.com/ershoufang/105122214809.html
单边位 大两房 南北对流  宜居家,"佳兆业中央豪门 , 石龙镇",2室2厅,88.3平米,东 南,精装,中楼层(共31层) ,,板塔结合,92 万,10420 元,0,,,VR看装修 | 房本满两年 | 随时看房,https://dg.lianjia.com/ershoufang/105122039628.html
碧桂园 朝南 自住4房 满五 唯一,"沙田碧桂园滨江豪园 , 沙田镇",4室2厅,114平米,南,精装,29层 ,,塔楼,158 万,13860 元,0,,,VR看装修 | 房本满五年,https://dg.lianjia.com/ershoufang/105121606426.html
宝翠花園 1室1厅 西南,"宝翠花園 , 横沥镇",1室1厅,53.89平米,西南,精装,中楼层(共4层) ,,板楼,32 万,5939 元,0,,,VR看装修 | 房本满五年,https://dg.lianjia.com/ershoufang/105120906757.html
丰华珑远翠珑湾精装复式、有阳台通燃气,"丰华珑远翠珑湾 , 东平街",2室1厅,64.31平米,北,精装,中楼层(共19层) ,,板塔结合,80 万,12440 元,1,,,近地铁 | 房本满两年 | 随时看房,https://dg.lianjia.com/ershoufang/105122149149.html
天虹商圈，精装三房出售，满五唯一省个税业主诚意出售,"地标大厦 , 地标",3室2厅,87.31平米,南 北,精装,低楼层(共25层) ,,塔楼,110 万,12599 元,12,,,VR看装修 | 房本满五年,https://dg.lianjia.com/ershoufang/105117308429.html
精装大三房，属于建设的，业主诚意出售的,"金域名苑 , 东莞行政中心区",3室2厅,158.39平米,南 北,精装,低楼层(共18层) ,,板塔结合,197 万,12438 元,2,,,VR看装修 | 房本满五年,https://dg.lianjia.com/ershoufang/105118708102.html
全新未入住空房朝南通透双阳台三面采光无遮挡,"招商雍华府 , 麻涌镇",4室2厅,117.09平米,南,精装,32层 ,,,120 万,10249 元,1,,,VR看装修 | 房本满两年 | 随时看房,https://dg.lianjia.com/ershoufang/105121742129.html
颐龙湾四期，双阳台户型，南北对流三房两卫，采光好！,"新世纪颐龙湾 , 高埗镇",3室2厅,102.98平米,北,,高楼层(共17层) ,,板塔结合,142 万,13790 元,0,,,VR看装修 | 房本满五年 | 随时看房,https://dg.lianjia.com/ershoufang/105121191640.html
盛世华庭 2室1厅 西南,"盛世华庭 , 横沥镇",2室1厅,76.4平米,西南,,中楼层(共9层) ,,板塔结合,56 万,7330 元,1,,,VR房源 | 房本满五年 | 随时看房,https://dg.lianjia.com/ershoufang/105122056940.html
飞机户型3房，高楼层，房子保养好！,"虎门印象 , 万达",3室2厅,116.82平米,南,,中楼层(共30层) ,,塔楼,198 万,16950 元,0,,,VR看装修 | 房本满两年 | 随时看房,https://dg.lianjia.com/ershoufang/105120297722.html
高层朝东采光好  毛坯清水房  满五唯一没欠款,"联佳大厦 , 东莞行政中心区",2室2厅,95.85平米,东,毛坯,高楼层(共23层) ,,塔楼,150 万,15650 元,2,,,近地铁 | VR看装修 | 随时看房,https://dg.lianjia.com/ershoufang/105120854259.html
电梯中高层  可复式可平层毛坯次新房 近人民医院,"瀚柏·青柠时代 , 客运总站",1室1厅,32.26平米,南,毛坯,高楼层(共16层) ,,塔楼,13.86 万,4297 元,2,,,房本满两年 | 随时看房,https://dg.lianjia.com/ershoufang/105120472387.html
道滘精品复式小户型两房，实用面积60平方，空间实用。,"时代香海彼岸4期 , 道滘镇",2室2厅,40.74平米,北,毛坯,高楼层(共20层) ,,板塔结合,18 万,4419 元,0,,,房本满两年 | 随时看房,https://dg.lianjia.com/ershoufang/105119102695.html
舒适大横厅 品牌定制衣柜 改善四房,"卓越弥敦道 , 石碣镇",4室2厅,112.67平米,西南,,低楼层(共32层) ,,板楼,135 万,11982 元,0,,,VR看装修 | 房本满两年 | 随时看房,https://dg.lianjia.com/ershoufang/105120312350.html
嘉誉中高层，看花园的，大四房，安静宜居。,"碧桂园信鸿嘉誉2期 , 麻涌镇",4室2厅,140.55平米,北 南,,17层 ,,塔楼,160 万,11384 元,0,,,VR看装修 | 房本满五年 | 随时看房,https://dg.lianjia.com/ershoufang/105120051438.html
此房满五不唯一 户型方正 阳台方正,"清华居 , 水濂山",4室2厅,160.44平米,东南,,中楼层(共10层) ,,板楼,360 万,22439 元,0,,,VR看装修 | 随时看房,https://dg.lianjia.com/ershoufang/105121783118.html
户型方正  成熟小区 交通方便 南北对流户型,"中惠悦湾 , 石碣镇",3室2厅,105.62平米,南,精装,高楼层(共26层) ,,塔楼,98 万,9279 元,2,,,VR看装修 | 房本满两年,https://dg.lianjia.com/ershoufang/105111688341.html
华讯大宅，朝南两房，业主诚意出售,"华讯大宅 , 石龙镇",2室2厅,76.79平米,南,毛坯,低楼层(共19层) ,,,70 万,9116 元,0,,19天以前发布,VR看装修 | 随时看房,https://dg.lianjia.com/ershoufang/105122357099.html
中惠松湖城精装三房 高楼层 湖景房,"中惠松湖城二期 , 寮步",3室2厅,94.07平米,西南,,高楼层(共25层) ,,板塔结合,139 万,14777 元,0,,,VR看装修 | 房本满五年 | 随时看房,https://dg.lianjia.com/ershoufang/105121107676.html
产权清晰，高楼层采光视野好，配套完善,"美好名流印象花园三期 , 凤岗镇",3室2厅,88.97平米,南,简装,29层 ,,板塔结合,125 万,14050 元,1,,,VR房源 | 房本满五年 | 随时看房,https://dg.lianjia.com/ershoufang/105121398058.html
南部湾高楼层全新未入住4房，诚售,"南部湾万科城 , 大宁",4室1厅,118.87平米,东南,简装,高楼层(共34层) ,,板塔结合,232 万,19518 元,1,,,VR房源 | 房本满五年 | 随时看房,https://dg.lianjia.com/ershoufang/105122005355.html
碧桂园  业主自住四房    装修好,"碧桂园松湖珑悦 , 寮步",4室2厅,124.35平米,东南,精装,中楼层(共23层) ,,塔楼,238 万,19140 元,0,,,VR看装修 | 房本满五年,https://dg.lianjia.com/ershoufang/105120900600.html
南部湾万科云城优质房源，诚意出售,"南部湾万科城 , 大宁",3室2厅,94.92平米,东 西,精装,低楼层(共18层) ,,塔楼,148.5 万,15645 元,1,,,VR看装修 | 房本满五年 | 随时看房,https://dg.lianjia.com/ershoufang/105119195501.html
春晓单间 采光好 高楼层 看黄旗山灯笼 国贸夜景,"光大景湖春晓 , 西平",1室0厅,35.04平米,北,精装,11层 ,,板楼,40 万,11416 元,3,,,VR看装修 | 房本满五年,https://dg.lianjia.com/ershoufang/105116003294.html
二区三房，东南看小区，楼层好，位置好,"南部湾万科城 , 大宁",3室2厅,94.5平米,东南,,34层 ,,塔楼,170 万,17990 元,0,,,VR看装修 | 房本满五年,https://dg.lianjia.com/ershoufang/105119243942.html
花小旁富雅花园电梯2房精装修 通风采光好,"富雅花园 , 花园新村",2室1厅,61.8平米,西南,,12层 ,,塔楼,68 万,11004 元,0,,18天以前发布,VR房源 | 房本满两年,https://dg.lianjia.com/ershoufang/105122370224.html
新天地两房业主诚意出售  双阳台看花园,"中信新天地 , 石竹",2室1厅,64.81平米,西北,,19层 ,,板塔结合,98 万,15122 元,0,,8天以前发布,VR房源 | 房本满五年,https://dg.lianjia.com/ershoufang/105122483220.html
旗峰地铁口 万科精装1房 业主诚心急售 高层朝南采光好,"万科中心 , 黄旗山",1室1厅,31.31平米,东南,精装,中楼层(共28层) ,,板楼,25 万,7985 元,0,,,近地铁 | 房本满五年 | 随时看房,https://dg.lianjia.com/ershoufang/105121788841.html
全新装修 一房一厅户型 高楼层 地铁口 朝西南,"第一国际 , 东莞图书馆",1室1厅,75.24平米,西南,,中楼层(共28层) ,,塔楼,98 万,13025 元,0,,,VR看装修 | 房本满五年,https://dg.lianjia.com/ershoufang/105115942670.html
滨海湾新区 金湾花园 业主急售，价格好谈，中间楼层,"金湾花园 , 太平广场",3室1厅,100.65平米,西北,毛坯,16层 ,,塔楼,68 万,6757 元,1,,12天以前发布,VR房源 | 随时看房,https://dg.lianjia.com/ershoufang/105122433048.html
莞城教育 合和大厦电梯房 精装修 有楼盘生,"合和大厦 , 运河东",3室1厅,109.37平米,西南,精装,高楼层(共26层) ,,板塔结合,118 万,10790 元,0,,,VR房源 | 房本满五年,https://dg.lianjia.com/ershoufang/105117271994.html
东南朝向 花园安静的位置 随时看房,"万科汉邦松湖半岛 , 松山湖",3室2厅,90平米,东南,精装,20层 ,,板塔结合,170 万,18889 元,1,,,VR看装修 | 随时看房,https://dg.lianjia.com/ershoufang/105118841112.html
鼎峰品筑 无欠款 交易快 大4房  方便看房,"鼎峰品筑 , 寮步",4室2厅,124平米,南 北,精装,高楼层(共18层) ,,塔楼,148 万,11936 元,1,,,VR房源 | 房本满五年 | 随时看房,https://dg.lianjia.com/ershoufang/105121146979.html
此房满五唯一税费低，楼层好业主急售，随时看房,"汇龙湾 , 宏远北",2室1厅,83.74平米,东南,简装,高楼层(共32层) ,,塔楼,108 万,12898 元,1,,,VR看装修 | 房本满五年 | 随时看房,https://dg.lianjia.com/ershoufang/105121913908.html
香港街港岛 有小区花园电梯三房 装修保养好,"香港街 , 八达路",3室2厅,124.02平米,西,精装,19层 ,,板塔结合,189 万,15240 元,2,,,VR房源 | 房本满五年 | 随时看房,https://dg.lianjia.com/ershoufang/105115866556.html
中间楼层  朝南向 精装修 诚心出售,"天悦中央广场 , 塘厦镇",3室2厅,98.72平米,南,精装,28层 ,,板塔结合,152 万,15398 元,0,,,VR看装修 | 房本满两年 | 随时看房,https://dg.lianjia.com/ershoufang/105121285093.html
高层精装2房 业主诚意出售 看房方便,"龙城国际 , 石龙镇",2室2厅,90平米,北,精装,高楼层(共30层) ,,,70 万,7778 元,2,,,VR看装修 | 房本满五年 | 随时看房,https://dg.lianjia.com/ershoufang/105118356117.html
横沥碧桂园108平三房两位业主诚意出售有钥匙,"横沥碧桂园 , 横沥镇",3室2厅,107.59平米,南,简装,32层 ,,板塔结合,120 万,11154 元,2,,,VR看装修 | 房本满五年,https://dg.lianjia.com/ershoufang/105122084617.html
横沥城市家园飞机户型，三房两卫带车位出售,"城市家园 , 横沥镇",3室2厅,103.38平米,东南,,高楼层(共10层) ,,塔楼,82 万,7932 元,0,,,VR看装修 | 房本满两年 | 随时看房,https://dg.lianjia.com/ershoufang/105121769589.html
房子满五唯一，税费少，采光充足，楼层装修保养好。,"兴贸广场 , 凤岗镇",3室2厅,117平米,东南,简装,9层 ,,板塔结合,85 万,7265 元,4,,,VR看装修 | 房本满五年,https://dg.lianjia.com/ershoufang/105121746346.html
东莞大岭山新世纪领居，优质房源，不容错过,"新世纪领居B区 , 大岭山镇",5室2厅,193.75平米,东南,,低楼层(共18层) ,,板塔结合,288 万,14865 元,0,,,VR房源 | 房本满五年,https://dg.lianjia.com/ershoufang/105122146357.html
凤岗中惠岭秀，住家三房两厅，高层朝南视野好,"中惠岭秀 , 凤岗镇",3室2厅,93平米,东 东南,精装,29层 ,,板塔结合,128 万,13764 元,2,,,VR看装修 | 房本满五年 | 随时看房,https://dg.lianjia.com/ershoufang/105121061456.html
名门世家精装两房，业主诚心出售，看上价格可以沟通,"名门世家 , 三元里",2室1厅,60.68平米,北,精装,17层 ,,板塔结合,72.8 万,11998 元,2,,,VR看装修 | 房本满五年 | 随时看房,https://dg.lianjia.com/ershoufang/105115549786.html
金地湖山大境毛坯3房 业主诚心出售 高层景观好,"金地湖山大境 , 黄江镇",3室2厅,128.31平米,南,毛坯,25层 ,,板塔结合,150 万,11691 元,0,,,VR看装修 | 随时看房,https://dg.lianjia.com/ershoufang/105120722440.html
汇景凯伦湾花园满五唯一四房高层急售,"汇景凯伦湾花园 , 沙田镇",4室1厅,122.5平米,南,毛坯,中楼层(共32层) ,,塔楼,129.8 万,10596 元,0,,,VR房源 | 房本满五年 | 随时看房,https://dg.lianjia.com/ershoufang/105121995244.html
2021年次新毛坯 方正实用 不欠款产权清晰,"碧桂园·玫瑰臻园 , 常平镇",3室2厅,81.44平米,西南,,中楼层(共32层) ,,塔楼,98 万,12034 元,0,,17天以前发布,VR房源 | 房本满两年 | 随时看房,https://dg.lianjia.com/ershoufang/105122386217.html
凯景高楼层满五唯一精装修三房出售视野开阔采光好,"居益凯景左岸 , 中堂镇",3室1厅,88.24平米,东南,,高楼层(共23层) ,,塔楼,63 万,7140 元,0,,,VR看装修 | 房本满五年 | 随时看房,https://dg.lianjia.com/ershoufang/105121507037.html
天虹地铁口精装2房，满五唯一，高楼层 看房方便,"地标大厦 , 地标",2室1厅,87.61平米,南,精装,高楼层(共25层) ,,塔楼,116 万,13241 元,1,,,VR看装修 | 房本满五年 | 随时看房,https://dg.lianjia.com/ershoufang/105114956169.html
家汇生活广场 1室1厅 南,"家汇生活广场 , 客运总站",1室1厅,47.01平米,南,精装,30层 ,,板塔结合,26 万,5531 元,0,,7天以前发布,房本满两年 | 随时看房,https://dg.lianjia.com/ershoufang/105122490306.html
此房业主诚心出售，价格好聊，上车易，一步到位,"周屋围街 , 运河东",3室1厅,82平米,南,精装,8层 ,,,35.8 万,4366 元,6,,,VR看装修 | 房本满五年 | 随时看房,https://dg.lianjia.com/ershoufang/105118810007.html
临深， 满五唯一，地铁口800米，精装修,"大运城邦曦城 , 凤岗镇",3室2厅,92.22平米,北,,30层 ,,塔楼,155 万,16808 元,7,,,VR看装修 | 房本满五年,https://dg.lianjia.com/ershoufang/105120955239.html
锦龙湾畔二期，满五唯一，精装修3房，朝南向采光好,"锦龙湾畔二期 , 凤岗镇",3室2厅,82.96平米,南 北,精装,25层 ,,板塔结合,140 万,16876 元,0,,,VR看装修 | 房本满五年 | 随时看房,https://dg.lianjia.com/ershoufang/105121397150.html
看中价格可以谈 横沥碧桂园中高层的电梯3房 出售,"横沥碧桂园 , 横沥镇",3室2厅,91.75平米,东南,简装,19层 ,,板塔结合,110 万,11990 元,3,,,VR房源 | 房本满五年 | 随时看房,https://dg.lianjia.com/ershoufang/105120252501.html
地铁口物业，塞纳嘉园温馨3房诚意出售,"塞纳城市嘉园 , 鸿福路口",3室1厅,88.1平米,东北,精装,高楼层(共30层) ,,板楼,120 万,13621 元,2,,,VR看装修 | 房本满五年 | 随时看房,https://dg.lianjia.com/ershoufang/105120556699.html
莞城富通旗峰公馆 2019年次新小区 业主自住保养好,"富通旗峰公馆 , 东平街",3室2厅,92.52平米,东南,,高楼层(共27层) ,,板塔结合,198 万,21401 元,0,,28天以前发布,VR房源 | 房本满五年,https://dg.lianjia.com/ershoufang/105122282190.html
人民公园旁全新精装房低楼层诚意出售,"东城岗贝市场 , 莞城",3室1厅,72.71平米,南,精装,中楼层(共7层) ,,塔楼,55 万,7565 元,5,,,VR看装修 | 房本满五年 | 随时看房,https://dg.lianjia.com/ershoufang/105118919260.html
业主诚心出售 小区配套完善，林园绿化好,"大运城邦悦城 , 凤岗镇",4室2厅,124.21平米,南,精装,21层 ,,板塔结合,260 万,20933 元,0,,,VR看装修 | 房本满五年 | 随时看房,https://dg.lianjia.com/ershoufang/105120846525.html
丽景花园方正户型两房，朝南，无遮挡，诚意出售,"丽景花园 , 常平镇",2室2厅,66.38平米,南,,高楼层(共12层) ,,塔楼,48 万,7232 元,1,,,VR看装修 | 房本满五年 | 随时看房,https://dg.lianjia.com/ershoufang/105121895959.html
碧桂园物业，朝西北，户型方正，中低楼层，通风..,"碧桂园东江月 , 运河东",1室1厅,20.57平米,南,精装,低楼层(共15层) ,,板塔结合,20.5 万,9966 元,2,,,房本满五年,https://dg.lianjia.com/ershoufang/105121788409.html
滨海湾威远岛 千亿配套与湾区大学为邻 诚心出售,"虎门滨江花园 , 威远",3室2厅,124.35平米,南,简装,11层 ,,塔楼,180 万,14476 元,0,,,VR房源 | 房本满五年 | 随时看房,https://dg.lianjia.com/ershoufang/105120362614.html
塘厦御城花园 高层毛坯 三房 诚售,"御城花园 , 塘厦镇",3室2厅,96.78平米,南,毛坯,31层 ,,板塔结合,137 万,14156 元,1,,,VR看装修 | 房本满五年 | 随时看房,https://dg.lianjia.com/ershoufang/105118810720.html
家和时代次新楼 星河城万达商圈 中高楼层98.8平精装修,"家和时代 , 寮步",3室2厅,98.81平米,东南,,中楼层(共28层) ,,板塔结合,189 万,19128 元,0,,,VR看装修 | 房本满五年 | 随时看房,https://dg.lianjia.com/ershoufang/105120853503.html
虎门印象 2室2厅 东南,"虎门印象 , 万达",2室2厅,77.27平米,东南,精装,中楼层(共31层) ,,塔楼,106.8 万,13822 元,0,,,VR房源 | 房本满五年 | 随时看房,https://dg.lianjia.com/ershoufang/105120290914.html
皇马大四房，带入户花园，南向看小区园林，业主诚售,"万科皇马郦宫 , 火炼树",4室2厅,189.69平米,南,毛坯,中楼层(共26层) ,,塔楼,488 万,25727 元,6,,,VR房源 | 随时看房,https://dg.lianjia.com/ershoufang/105116326902.html
三正半山豪苑棕榈园 118平三房两厅两卫 高楼层出售,"三正半山豪苑棕榈园 , 塘厦镇",3室2厅,118.67平米,北,简装,高楼层(共10层) ,,塔楼,156 万,13146 元,0,,,VR看装修,https://dg.lianjia.com/ershoufang/105122166718.html
横沥碧桂园，精装高楼层双阳台，全屋定制，拎包入住,"横沥碧桂园 , 横沥镇",3室2厅,122平米,南 北,精装,28层 ,,板塔结合,156 万,12787 元,0,,18天以前发布,VR房源,https://dg.lianjia.com/ershoufang/105122368152.html
房子在花园街广场旁边，地理优越，楼下就可以购物,"花园中心 , 塘厦镇",2室2厅,79平米,东 北,简装,高楼层(共23层) ,,塔楼,58 万,7342 元,0,,23天以前发布,VR房源 | 随时看房,https://dg.lianjia.com/ershoufang/105122330857.html
新天美地，精装三房，正望泳池，附带花园，少有放盘,"新天美地花园 , 常平镇",3室2厅,107.48平米,北,精装,中楼层(共21层) ,,板塔结合,90 万,8374 元,0,,,VR看装修 | 房本满五年,https://dg.lianjia.com/ershoufang/105116346968.html
地铁口物业 新丰大厦 业主诚心出售,"新丰大厦 , 太平广场",3室2厅,100.89平米,南,精装,9层 ,,塔楼,62 万,6146 元,0,,,VR房源 | 房本满五年,https://dg.lianjia.com/ershoufang/105121906222.html
业主低价出售电梯高层方正三房满五唯一带大平台100平,"丽景花园 , 常平镇",3室2厅,91.5平米,西北,精装,高楼层(共12层) ,,塔楼,60 万,6558 元,3,,,VR房源 | 房本满五年,https://dg.lianjia.com/ershoufang/105121209930.html
金龙花园 4室2厅 南 北,"金龙花园 , 横沥镇",4室2厅,103.81平米,南 北,,中楼层(共5层) ,,板楼,85 万,8189 元,0,,8天以前发布,VR房源 | 房本满五年,https://dg.lianjia.com/ershoufang/105122480424.html
南城次新万科小区，全新未入住，保养好，满五唯一,"万科·金色城品 , 宏远南",3室2厅,91.48平米,东南,精装,26层 ,,塔楼,185 万,20223 元,4,,,VR看装修 | 房本满两年 | 随时看房,https://dg.lianjia.com/ershoufang/105121258406.html
人民公园旁 东湖花园 三房两厅双阳台 采光通风好,"东湖花园 , 罗沙",3室2厅,115平米,南,简装,33层 ,,板塔结合,120 万,10435 元,2,,,VR房源 | 房本满五年 | 随时看房,https://dg.lianjia.com/ershoufang/105119558976.html
95平方三房，总价低，装修保养好，楼层好位置安静,"保利红珊瑚花园 , 松山湖",3室1厅,95.02平米,东,,高楼层(共25层) ,,塔楼,283 万,29784 元,1,,29天以前发布,VR房源 | 房本满五年 | 随时看房,https://dg.lianjia.com/ershoufang/105122276067.html
丰泰华园山庄 高层看湖 精装3房 户型实用 采光通风好,"丰泰华园山庄 , 新联",3室1厅,118.02平米,东南,精装,中楼层(共12层) ,,塔楼,120 万,10168 元,6,,,VR房源 | 房本满五年 | 随时看房,https://dg.lianjia.com/ershoufang/105112411579.html
华园大平层，换房可选，目前在卖的很好的四房。,"丰泰华园山庄 , 新联",4室3厅,256.98平米,东南,简装,低楼层(共12层) ,,板塔结合,380 万,14788 元,2,,,VR房源 | 房本满两年 | 随时看房,https://dg.lianjia.com/ershoufang/105110456988.html
满五唯一 方正户型 一梯两户南北对流,"光大景湖花园 , 东泰",3室2厅,116.5平米,东南,简装,中楼层(共5层) ,,板楼,160 万,13734 元,0,,,VR房源 | 随时看房,https://dg.lianjia.com/ershoufang/105120385034.html
城市风景  精装2房1厅1卫 真诚心出售,"城市风景 , 石竹",2室1厅,66.69平米,东南,精装,15层 ,,板楼,87.9 万,13181 元,0,,,VR看装修 | 房本满五年 | 随时看房,https://dg.lianjia.com/ershoufang/105122097348.html
翠珑湾五期   公寓  带精装修   业主诚心卖,"星城翠珑湾五期 , 寮步",2室2厅,61.82平米,南,精装,中楼层(共21层) ,,板塔结合,65 万,10515 元,1,,,房本满五年,https://dg.lianjia.com/ershoufang/105103901927.html
万科高尔夫花园大三房，随时可看房,"万科城市高尔夫花园 , 寮步",3室2厅,125.95平米,南,简装,24层 ,,板塔结合,170 万,13498 元,1,,,VR看装修 | 房本满五年 | 随时看房,https://dg.lianjia.com/ershoufang/105121500151.html
朝花园，通风采光好 ，业主自住保养好,"东湖花园 , 罗沙",2室2厅,88平米,南,精装,33层 ,,板塔结合,99 万,11250 元,0,,,VR房源 | 房本满五年 | 随时看房,https://dg.lianjia.com/ershoufang/105116668766.html
光大花园，金碧苑精装三房，保养好中间层，诚意卖可谈,"光大花园金碧苑 , 火炼树",3室2厅,86平米,北,精装,中楼层(共8层) ,,塔楼,88 万,10233 元,1,,,VR看装修 | 房本满五年 | 随时看房,https://dg.lianjia.com/ershoufang/105118374073.html
清溪公园旁，国际公馆3房2厅2卫，诚心出售,"清溪国际公馆 , 清溪镇",3室2厅,104平米,东南,精装,高楼层(共20层) ,,板楼,85 万,8174 元,1,,,房本满两年,https://dg.lianjia.com/ershoufang/105121171950.html
莞城 人民公园旁 和阳大厦 精装电梯大4房 带车位,"和阳大厦 , 莞城",3室2厅,147.26平米,西南,精装,中楼层(共8层) ,,塔楼,163 万,11069 元,1,,,VR看装修 | 房本满两年 | 随时看房,https://dg.lianjia.com/ershoufang/105120878595.html
帝豪花园二期三房两厅两卫南北通透带前后院子,"帝豪花園 , 樟木头镇",4室2厅,111.3平米,南 北,简装,6层 ,,板塔结合,136 万,12220 元,3,,,VR房源 | 房本满五年 | 随时看房,https://dg.lianjia.com/ershoufang/105117814830.html
万象汇350米翠珑湾四期复式2房2卫,"星城翠珑湾四期 , 寮步",2室2厅,54.65平米,西,,中楼层(共20层) ,,板塔结合,58 万,10613 元,2,,,房本满五年,https://dg.lianjia.com/ershoufang/105119582088.html
满五不唯一 不欠款 装修保养好 业主诚心出售,"合正上东国际 , 下坝",3室2厅,104平米,南,精装,高楼层(共26层) ,,板塔结合,199 万,19135 元,3,,,VR看装修 | 房本满五年 | 随时看房,https://dg.lianjia.com/ershoufang/105119009918.html
房子装修保养好 中高楼层 诚心出售,"万科花园 , 虎门公园",4室2厅,111.19平米,东南,精装,中楼层(共34层) ,,板塔结合,200 万,17988 元,0,,,VR看装修 | 房本满五年 | 随时看房,https://dg.lianjia.com/ershoufang/105116676357.html
中高楼层 阳台朝花园 采光通风好 地铁口 交通便利,"万科金悦香树 , 南城车站",3室2厅,95.66平米,西北,简装,高楼层(共24层) ,,塔楼,180 万,18817 元,0,,,VR看装修 | 房本满五年 | 随时看房,https://dg.lianjia.com/ershoufang/105116730839.html
翠珑湾南北通透大三房 业主诚心出售,"星城翠珑湾三期 , 寮步",3室2厅,115.86平米,南 北,精装,高楼层(共29层) ,,塔楼,238 万,20543 元,0,,,VR看装修 | 房本满五年,https://dg.lianjia.com/ershoufang/105115902412.html
利通花园 采光好 朝南 安静宜居 停车方便,"利通花园 , 花园新村",3室2厅,113.41平米,南,精装,低楼层(共18层) ,,板楼,118 万,10405 元,0,,,VR看装修,https://dg.lianjia.com/ershoufang/105120120412.html
方正3房 地铁口物业 业主诚心出售,"东城中心 , 黄旗山",3室2厅,120平米,南,简装,低楼层(共8层) ,,塔楼,120 万,10000 元,2,,,近地铁 | VR房源 | 随时看房,https://dg.lianjia.com/ershoufang/105121297088.html
二期低楼层看游泳池看大花园精装修,"东城中心 , 黄旗山",2室2厅,109平米,东南,精装,低楼层(共8层) ,,塔楼,116 万,10643 元,1,,25天以前发布,近地铁 | VR看装修 | 房本满五年 | 随时看房,https://dg.lianjia.com/ershoufang/105122311693.html
中惠华庭大三房 步梯房高层采光通风好,"中惠华庭 , 黄旗山",3室2厅,117平米,东南,简装,高楼层(共7层) ,,板塔结合,73 万,6240 元,3,,,近地铁 | VR房源 | 房本满五年 | 随时看房,https://dg.lianjia.com/ershoufang/105120802865.html
雁田步行街楼上 低层实用大三房，采光好诚心出售,"丰田新村 , 凤岗镇",3室2厅,106.1平米,北,简装,低楼层(共7层) ,,板塔结合,114 万,10745 元,0,,13天以前发布,VR房源 | 房本满五年 | 随时看房,https://dg.lianjia.com/ershoufang/105122420809.html
东南向看花园跃式户型高档装修诚意出手,"雍华庭 , 东平街",3室2厅,139.7平米,东南,,中楼层(共11层) ,,塔楼,230 万,16464 元,0,,,近地铁 | VR房源 | 随时看房,https://dg.lianjia.com/ershoufang/105121203088.html
金泽花园三房，高层，带租约出售,"金泽花园 , 东平街",3室1厅,120.05平米,南,精装,19层 ,,塔楼,150 万,12495 元,4,,,近地铁 | VR看装修 | 房本满两年 | 随时看房,https://dg.lianjia.com/ershoufang/105112541014.html
金域名苑  电梯三房 朝南 户型方正,"金域名苑 , 东莞行政中心区",3室2厅,137.26平米,南,简装,低楼层(共20层) ,,塔楼,160 万,11657 元,0,,,VR房源 | 房本满五年 | 随时看房,https://dg.lianjia.com/ershoufang/105119380643.html
大型社区，环境好，小区安静，无嘈杂,"御景花园 , 樟木头镇",3室2厅,73平米,西南,,低楼层(共7层) ,,板塔结合,68 万,9316 元,0,,,VR房源 | 随时看房,https://dg.lianjia.com/ershoufang/105121823808.html
业主急卖 带精装 没欠款 过户快！,"天麟时代广场 , 大朗镇",3室1厅,98.13平米,东南 南,精装,低楼层(共28层) ,,塔楼,110 万,11210 元,5,,,VR看装修 | 房本满两年 | 随时看房,https://dg.lianjia.com/ershoufang/105120372668.html
沙田东港城二期，2房2厅，看花园，一手业主。,"沙田东港城 , 沙田镇",2室2厅,92.37平米,东南,精装,低楼层(共11层) ,,塔楼,70 万,7579 元,2,,,VR看装修 | 房本满五年 | 随时看房,https://dg.lianjia.com/ershoufang/105119914958.html
城区 繁华地段 优选小户型 轻松置业无压力,"富洋楼 , 花园新村",1室1厅,42.41平米,东北,简装,8层 ,,板塔结合,18 万,4245 元,2,,,VR看装修 | 房本满五年 | 随时看房,https://dg.lianjia.com/ershoufang/105121649776.html
万科朗润园  70年产权 84平总价52万,"万科朗润园一期 , 塘厦镇",2室1厅,84.23平米,东南,精装,23层 ,,塔楼,46 万,5462 元,2,,,房本满五年 | 随时看房,https://dg.lianjia.com/ershoufang/105118219194.html
此房位于花园中间位，高层朝南 满五唯一 通风采光良好,"光大景湖春晓 , 西平",3室2厅,102.6平米,南,精装,18层 ,,板楼,215 万,20956 元,3,,,VR看装修 | 房本满五年,https://dg.lianjia.com/ershoufang/105112305061.html
万科紫台190平方精装4房2厅3卫出售,"万科紫台 , 地标",4室2厅,190平米,西,精装,中楼层(共26层) ,,板塔结合,315 万,16579 元,4,,,VR看装修 | 房本满五年 | 随时看房,https://dg.lianjia.com/ershoufang/105120992113.html
4A隐贤山庄旁 山水雅居2011年毛坯房给您更多发挥空间,"山水雅居 , 常平镇",3室1厅,117.05平米,东南,毛坯,11层 ,,板塔结合,95 万,8117 元,1,,,VR房源 | 房本满五年 | 随时看房,https://dg.lianjia.com/ershoufang/105119264650.html
此房是满五唯一，房子是精装房，，户型方正，视野开阔,"金地城南艺境 , 道滘镇",3室2厅,97.02平米,南,精装,33层 ,,塔楼,118 万,12163 元,6,,,VR看装修 | 房本满五年 | 随时看房,https://dg.lianjia.com/ershoufang/105118622062.html
第一国际 105平两房 高楼层 地铁口房源 满五,"第一国际 , 东莞图书馆",2室1厅,105.35平米,东北,精装,高楼层(共22层) ,,塔楼,230 万,21832 元,1,,,VR看装修 | 房本满五年 | 随时看房,https://dg.lianjia.com/ershoufang/105120416324.html
春晓单间 采光好 高楼层 看黄旗山灯笼 国贸夜景,"光大景湖春晓 , 西平",1室0厅,35.04平米,北,精装,11层 ,,板楼,40 万,11416 元,3,,,VR看装修 | 房本满五年,https://dg.lianjia.com/ershoufang/105116003294.html
电梯中高层  可复式可平层毛坯次新房 近人民医院,"瀚柏·青柠时代 , 客运总站",1室1厅,32.26平米,南,毛坯,高楼层(共16层) ,,塔楼,13.86 万,4297 元,2,,,房本满两年 | 随时看房,https://dg.lianjia.com/ershoufang/105120472387.html
道滘精品复式小户型两房，实用面积60平方，空间实用。,"时代香海彼岸4期 , 道滘镇",2室2厅,40.74平米,北,毛坯,高楼层(共20层) ,,板塔结合,18 万,4419 元,0,,,房本满两年 | 随时看房,https://dg.lianjia.com/ershoufang/105119102695.html
南部湾高楼层全新未入住4房，诚售,"南部湾万科城 , 大宁",4室1厅,118.87平米,东南,简装,高楼层(共34层) ,,板塔结合,232 万,19518 元,1,,,VR房源 | 房本满五年 | 随时看房,https://dg.lianjia.com/ershoufang/105122005355.html
业主诚心出售 看房方便 价格可谈,"虎门万科云城 , 万达",3室2厅,90.54平米,南,精装,高楼层(共35层) ,,板塔结合,170 万,18777 元,0,,,VR看装修 | 房本满两年 | 随时看房,https://dg.lianjia.com/ershoufang/105115380495.html
中央盛景精装两房/地铁1号线/体育馆,"中央盛景 , 大朗镇",2室1厅,78.28平米,西南,精装,高楼层(共28层) ,,塔楼,88 万,11242 元,1,,,VR房源 | 房本满五年 | 随时看房,https://dg.lianjia.com/ershoufang/105121894955.html
神洲大厦电梯大户型四房出售，采光通风好,"神洲大厦 , 虎门公园",4室2厅,146.98平米,东南,精装,中楼层(共12层) ,,塔楼,125 万,8505 元,1,,,VR看装修 | 房本满五年 | 随时看房,https://dg.lianjia.com/ershoufang/105120955371.html
出门左转500米鸿福地铁站，精装四房诚意出售,"联佳大厦 , 东莞行政中心区",4室2厅,146.85平米,南,精装,中楼层(共23层) ,,塔楼,240 万,16344 元,1,,,近地铁 | VR看装修 | 随时看房,https://dg.lianjia.com/ershoufang/105117801161.html
水岸山城 精装大三房 三面采光 满五唯一,"水岸山城 , 凤岗镇",3室2厅,119.56平米,东南,简装,15层 ,,板塔结合,141.5 万,11836 元,0,,,VR看装修 | 房本满五年 | 随时看房,https://dg.lianjia.com/ershoufang/105121963300.html
高层朝东采光好  毛坯清水房  满五唯一没欠款,"联佳大厦 , 东莞行政中心区",2室2厅,95.85平米,东,毛坯,高楼层(共23层) ,,塔楼,150 万,15650 元,2,,,近地铁 | VR看装修 | 随时看房,https://dg.lianjia.com/ershoufang/105120854259.html
嘉誉中高层，看花园的，大四房，安静宜居。,"碧桂园信鸿嘉誉2期 , 麻涌镇",4室2厅,140.55平米,北 南,,17层 ,,塔楼,160 万,11384 元,0,,,VR看装修 | 房本满五年 | 随时看房,https://dg.lianjia.com/ershoufang/105120051438.html
花小旁富雅花园电梯2房精装修 通风采光好,"富雅花园 , 花园新村",2室1厅,61.8平米,西南,,12层 ,,塔楼,68 万,11004 元,0,,18天以前发布,VR房源 | 房本满两年,https://dg.lianjia.com/ershoufang/105122370224.html
产权清晰，高楼层采光视野好，配套完善,"美好名流印象花园三期 , 凤岗镇",3室2厅,88.97平米,南,简装,29层 ,,板塔结合,125 万,14050 元,1,,,VR房源 | 房本满五年 | 随时看房,https://dg.lianjia.com/ershoufang/105121398058.html
中惠松湖城精装三房 高楼层 湖景房,"中惠松湖城二期 , 寮步",3室2厅,94.07平米,西南,,高楼层(共25层) ,,板塔结合,139 万,14777 元,0,,,VR看装修 | 房本满五年 | 随时看房,https://dg.lianjia.com/ershoufang/105121107676.html
新天地两房业主诚意出售  双阳台看花园,"中信新天地 , 石竹",2室1厅,64.81平米,西北,,19层 ,,板塔结合,98 万,15122 元,0,,8天以前发布,VR房源 | 房本满五年,https://dg.lianjia.com/ershoufang/105122483220.html
此房满五不唯一 户型方正 阳台方正,"清华居 , 水濂山",4室2厅,160.44平米,东南,,中楼层(共10层) ,,板楼,360 万,22439 元,0,,,VR看装修 | 随时看房,https://dg.lianjia.com/ershoufang/105121783118.html
舒适大横厅 品牌定制衣柜 改善四房,"卓越弥敦道 , 石碣镇",4室2厅,112.67平米,西南,,低楼层(共32层) ,,板楼,135 万,11982 元,0,,,VR看装修 | 房本满两年 | 随时看房,https://dg.lianjia.com/ershoufang/105120312350.html
国贸商圈板块，生活便利，配套齐全，通风采光良好，,"东泰花园风云汇 , 东泰",2室1厅,74.44平米,南,简装,中楼层(共13层) ,,板塔结合,82 万,11016 元,0,,,VR看装修 | 房本满两年 | 随时看房,https://dg.lianjia.com/ershoufang/105122188051.html
旗峰地铁口 万科精装1房 业主诚心急售 高层朝南采光好,"万科中心 , 黄旗山",1室1厅,31.31平米,东南,精装,中楼层(共28层) ,,板楼,25 万,7985 元,0,,,近地铁 | 房本满五年 | 随时看房,https://dg.lianjia.com/ershoufang/105121788841.html
二区三房，东南看小区，楼层好，位置好,"南部湾万科城 , 大宁",3室2厅,94.5平米,东南,,34层 ,,塔楼,170 万,17990 元,0,,,VR看装修 | 房本满五年,https://dg.lianjia.com/ershoufang/105119243942.html
海珠大厦大三房出售 诚心卖 视野好,"德盛海珠大厦 , 太平广场",3室2厅,145平米,南,简装,低楼层(共22层) ,,塔楼,108 万,7449 元,2,,,VR看装修 | 房本满五年,https://dg.lianjia.com/ershoufang/105117974842.html
满五唯一免双税 南向三房 带一个公共200多平大平台,"光大景湖湾畔 , 宏远南",3室2厅,103.26平米,南,精装,低楼层(共11层) ,,板塔结合,180 万,17432 元,3,,,VR看装修 | 房本满五年 | 随时看房,https://dg.lianjia.com/ershoufang/105119575178.html
汇景城市中心一房 业主诚意出售中,"汇景城市中心 , 樟木头镇",1室0厅,45.8平米,北,简装,中楼层(共18层) ,,板楼,38 万,8297 元,0,,19天以前发布,随时看房,https://dg.lianjia.com/ershoufang/105122357979.html
金莎雅苑中高楼层两房，业主诚意出售，只卖49万,"金莎雅苑 , 大朗镇",2室1厅,38.16平米,西北,精装,高楼层(共15层) ,,塔楼,44 万,11531 元,3,,,VR看装修 | 房本满五年 | 随时看房,https://dg.lianjia.com/ershoufang/105111251784.html
荔景山庄 电梯顶楼大复式两层169平，带平台价格可谈,"荔景山庄 , 樟木头镇",4室2厅,169.64平米,北,简装,12层 ,,板塔结合,95 万,5601 元,4,,,VR房源 | 房本满两年 | 随时看房,https://dg.lianjia.com/ershoufang/105113993441.html
双阳台、朝南、光照好、无抵押、急卖,"富怡花园 , 花园新村",3室2厅,123.88平米,东南,简装,高楼层(共8层) ,,板塔结合,98 万,7911 元,0,,11天以前发布,VR房源 | 房本满五年,https://dg.lianjia.com/ershoufang/105122444300.html
物资大厦 3室2厅 东南,"物资大厦 , 横沥镇",3室2厅,82.2平米,东南,,5层 ,,板塔结合,35 万,4258 元,0,,12天以前发布,VR房源 | 房本满五年 | 随时看房,https://dg.lianjia.com/ershoufang/105122435647.html
翔龙天地精装一房一厅诚意出售，,"翔龙天地 , 常平镇",1室1厅,45.7平米,南,精装,30层 ,,塔楼,58 万,12692 元,0,,21天以前发布,VR房源 | 随时看房,https://dg.lianjia.com/ershoufang/105122343341.html
温馨小三房，给你一个家，不需要太大地方。,"广贸大厦 , 黄河中心",3室2厅,82.68平米,西,简装,19层 ,,板塔结合,55 万,6653 元,0,,,VR房源 | 房本满五年 | 随时看房,https://dg.lianjia.com/ershoufang/105111075234.html
力通花园、莞城次新房22年批地、证过两年、高层无遮挡,"利通花园 , 花园新村",3室2厅,96.35平米,西北,精装,高楼层(共18层) ,,板楼,128 万,13285 元,0,,,VR看装修 | 房本满两年 | 随时看房,https://dg.lianjia.com/ershoufang/105116370989.html
德基广场 在售单价 醉低一套 随时看楼,"德基广场天悦 , 虎门公园",2室1厅,55.31平米,东,精装,中楼层(共22层) ,,板塔结合,55 万,9944 元,0,,5天以前发布,随时看房,https://dg.lianjia.com/ershoufang/105122511692.html
横沥镇时代倾城复式两房精装修朝南,"时代倾城 , 横沥镇",3室1厅,50.16平米,南,简装,19层 ,,塔楼,35 万,6978 元,3,,,房本满五年,https://dg.lianjia.com/ershoufang/105117419410.html
虎门天虹楼上二期三房 保养好诚意出售,"地标广场 , 地标",3室2厅,90.98平米,南,精装,16层 ,,板塔结合,178 万,19565 元,0,,,VR看装修 | 房本满五年 | 随时看房,https://dg.lianjia.com/ershoufang/105121708820.html
满五唯一无欠款，采光充足东南朝向,"东方银座中心城 , 大朗镇",1室1厅,39.36平米,东南,,中楼层(共22层) ,,板塔结合,15 万,3811 元,0,,7天以前发布,房本满五年 | 随时看房,https://dg.lianjia.com/ershoufang/105122489719.html
镇府旁小区 配套完善 交通便利 新装修 拎包入住,"兰苑大厦 , 黄河中心",2室1厅,96.33平米,南,精装,高楼层(共17层) ,,板塔结合,78 万,8098 元,2,,,VR房源 | 房本满五年 | 随时看房,https://dg.lianjia.com/ershoufang/105120586586.html
带露台的电梯大四房，业主诚意出售,"飞龙山庄 , 黄河中心",4室2厅,145.98平米,东南,精装,中楼层(共9层) ,,塔楼,165 万,11303 元,2,,,VR房源 | 房本满两年 | 随时看房,https://dg.lianjia.com/ershoufang/105115085769.html
住宅性质，小区，入户首先，看房方便，户型通透,"聚豪名轩 , 石龙镇",1室1厅,43.71平米,南,简装,低楼层(共30层) ,,板塔结合,35 万,8008 元,0,,24天以前发布,VR看装修 | 房本满两年 | 随时看房,https://dg.lianjia.com/ershoufang/105122324212.html
翡翠山湖 2室1厅 北,"翡翠山湖 , 凤岗镇",2室1厅,87.2平米,北,精装,17层 ,,塔楼,92 万,10551 元,0,,14天以前发布,VR房源 | 房本满五年 | 随时看房,https://dg.lianjia.com/ershoufang/105122412554.html
横沥新小区，五星园林景，高楼层全新未入住！,"碧桂园松湖明珠 , 横沥镇",3室1厅,92.15平米,东南,简装,高楼层(共26层) ,,,125 万,13565 元,0,,,VR房源 | 房本满两年 | 随时看房,https://dg.lianjia.com/ershoufang/105121730089.html
新世纪颐和居 四房满五不唯一 拎包入住 。,"新世纪颐和居 , 厚街镇",2室2厅,85.79平米,东南,,17层 ,,板塔结合,95 万,11074 元,0,,,近地铁 | VR看装修 | 房本满五年,https://dg.lianjia.com/ershoufang/105122198499.html
新城市花园 两房带花园 全新装修 可种菜 养鱼,"新城市花园一期 , 常平镇",2室1厅,72.5平米,东南,精装,低楼层(共7层) ,,板塔结合,60 万,8276 元,0,,,VR房源 | 随时看房,https://dg.lianjia.com/ershoufang/105121637141.html
南部湾精装四房，业主诚心出售，高层朝南安静,"南部湾万科城 , 大宁",4室2厅,118.87平米,西南,精装,中楼层(共34层) ,,塔楼,230 万,19349 元,2,,,VR看装修 | 房本满五年 | 随时看房,https://dg.lianjia.com/ershoufang/105111080697.html
恒大御湖通车库两房 中楼层，装修好，诚意卖房,"百悦尚城三期恒大御湖 , 南城车站",2室1厅,87.45平米,西南,精装,中楼层(共18层) ,,板塔结合,150 万,17153 元,0,,,VR房源 | 房本满五年,https://dg.lianjia.com/ershoufang/105122068992.html
东鸿大厦3房1厅出售，朝东，采光好，通风，鸿福路地段,"东鸿大厦 , 鸿福路口",3室1厅,92.3平米,东南,简装,中楼层(共8层) ,,,90 万,9751 元,0,,,VR看装修 | 房本满两年 | 随时看房,https://dg.lianjia.com/ershoufang/105122080406.html
天钻新上好房！全新三房急售随时可看,"松湖碧桂园·天钻 , 大岭山镇",3室2厅,97.51平米,南,,高楼层(共31层) ,,塔楼,159 万,16307 元,0,,,VR看装修 | 随时看房,https://dg.lianjia.com/ershoufang/105121704971.html
价格便宜，室内重新装修过 保养挺不错,"虎门一号 , 地标",1室1厅,36.36平米,南,精装,低楼层(共11层) ,,塔楼,26 万,7151 元,0,,12天以前发布,VR房源 | 随时看房,https://dg.lianjia.com/ershoufang/105122435073.html
沙田碧桂园 125平  全新江景 四房两卫 诚售,"沙田碧桂园滨江豪园 , 沙田镇",4室2厅,125.06平米,南 北,精装,29层 ,,塔楼,175 万,13994 元,0,,,VR看装修 | 房本满两年 | 随时看房,https://dg.lianjia.com/ershoufang/105117605462.html
海伦国际  装修别墅  业主自住，保养干净,"海伦国际 , 寮步",6室2厅,165.92平米,东南,,4层 ,,板塔结合,375 万,22602 元,0,,,VR房源 | 房本满五年 | 随时看房,https://dg.lianjia.com/ershoufang/105120900520.html
户型方正，通风好，采光佳，业主诚心卖,"金地博登湖三期澜庭 , 塘厦镇",3室2厅,101平米,南,,29层 ,,板塔结合,145 万,14357 元,0,,,VR房源 | 房本满五年,https://dg.lianjia.com/ershoufang/105119838643.html
沙田信鸿蔚蓝海岸大四房满五唯一急售,"信鸿蔚蓝海岸 , 沙田镇",4室2厅,123.44平米,南,毛坯,高楼层(共32层) ,,板塔结合,145 万,11747 元,1,,,VR看装修 | 房本满五年 | 随时看房,https://dg.lianjia.com/ershoufang/105117410404.html
伟隆国际二期三房二厅二卫 阳台外边有一大平台,"伟隆国际澜郡 , 茶山镇",3室1厅,102.19平米,南,简装,低楼层(共17层) ,,塔楼,127 万,12428 元,2,,,VR房源 | 房本满五年,https://dg.lianjia.com/ershoufang/105120240182.html
湖山大境3期墅景电梯洋房，业主诚心卖，价格可谈,"金地湖山大境三期 , 黄江镇",3室2厅,102.82平米,南,毛坯,12层 ,,塔楼,125 万,12158 元,1,,25天以前发布,VR看装修 | 房本满五年 | 随时看房,https://dg.lianjia.com/ershoufang/105122316133.html
帝豪花园二期三房两厅两卫南北通透带前后院子,"帝豪花園 , 樟木头镇",4室2厅,111.3平米,南 北,简装,6层 ,,板塔结合,136 万,12220 元,3,,,VR房源 | 房本满五年 | 随时看房,https://dg.lianjia.com/ershoufang/105117814830.html
满五不唯一 不欠款 装修保养好 业主诚心出售,"合正上东国际 , 下坝",3室2厅,104平米,南,精装,高楼层(共26层) ,,板塔结合,199 万,19135 元,3,,,VR看装修 | 房本满五年 | 随时看房,https://dg.lianjia.com/ershoufang/105119009918.html
光大花园，金碧苑精装三房，保养好中间层，诚意卖可谈,"光大花园金碧苑 , 火炼树",3室2厅,86平米,北,精装,中楼层(共8层) ,,塔楼,88 万,10233 元,1,,,VR看装修 | 房本满五年 | 随时看房,https://dg.lianjia.com/ershoufang/105118374073.html
95平方三房，总价低，装修保养好，楼层好位置安静,"保利红珊瑚花园 , 松山湖",3室1厅,95.02平米,东,,高楼层(共25层) ,,塔楼,283 万,29784 元,1,,29天以前发布,VR房源 | 房本满五年 | 随时看房,https://dg.lianjia.com/ershoufang/105122276067.html
莞城 人民公园旁 和阳大厦 精装电梯大4房 带车位,"和阳大厦 , 莞城",3室2厅,147.26平米,西南,精装,中楼层(共8层) ,,塔楼,163 万,11069 元,1,,,VR看装修 | 房本满两年 | 随时看房,https://dg.lianjia.com/ershoufang/105120878595.html
此房朝东南向，户型方正，采光好，业主诚意出售,"宏远时代广场 , 运河东",2室2厅,140.3平米,东南,简装,中楼层(共20层) ,,塔楼,115 万,8197 元,0,,,VR房源 | 随时看房,https://dg.lianjia.com/ershoufang/105120959998.html
万科高尔夫花园大三房，随时可看房,"万科城市高尔夫花园 , 寮步",3室2厅,125.95平米,南,简装,24层 ,,板塔结合,170 万,13498 元,1,,,VR看装修 | 房本满五年 | 随时看房,https://dg.lianjia.com/ershoufang/105121500151.html
华园大平层，换房可选，目前在卖的很好的四房。,"丰泰华园山庄 , 新联",4室3厅,256.98平米,东南,简装,低楼层(共12层) ,,板塔结合,380 万,14788 元,2,,,VR房源 | 房本满两年 | 随时看房,https://dg.lianjia.com/ershoufang/105110456988.html
丰泰华园山庄 高层看湖 精装3房 户型实用 采光通风好,"丰泰华园山庄 , 新联",3室1厅,118.02平米,东南,精装,中楼层(共12层) ,,塔楼,120 万,10168 元,6,,,VR房源 | 房本满五年 | 随时看房,https://dg.lianjia.com/ershoufang/105112411579.html
满五唯一 方正户型 一梯两户南北对流,"光大景湖花园 , 东泰",3室2厅,116.5平米,东南,简装,中楼层(共5层) ,,板楼,160 万,13734 元,0,,,VR房源 | 随时看房,https://dg.lianjia.com/ershoufang/105120385034.html
城市风景  精装2房1厅1卫 真诚心出售,"城市风景 , 石竹",2室1厅,66.69平米,东南,精装,15层 ,,板楼,87.9 万,13181 元,0,,,VR看装修 | 房本满五年 | 随时看房,https://dg.lianjia.com/ershoufang/105122097348.html
业主诚心出售万科南向两，无欠款,"万科金域国际 , 厚街镇",3室2厅,96平米,东北,,中楼层(共32层) ,,板塔结合,129 万,13438 元,3,,,VR看装修,https://dg.lianjia.com/ershoufang/105119735313.html
万象汇350米翠珑湾四期复式2房2卫,"星城翠珑湾四期 , 寮步",2室2厅,54.65平米,西,,中楼层(共20层) ,,板塔结合,58 万,10613 元,2,,,房本满五年,https://dg.lianjia.com/ershoufang/105119582088.html
房子装修保养好 中高楼层 诚心出售,"万科花园 , 虎门公园",4室2厅,111.19平米,东南,精装,中楼层(共34层) ,,板塔结合,200 万,17988 元,0,,,VR看装修 | 房本满五年 | 随时看房,https://dg.lianjia.com/ershoufang/105116676357.html
朝花园，通风采光好 ，业主自住保养好,"东湖花园 , 罗沙",2室2厅,88平米,南,精装,33层 ,,板塔结合,99 万,11250 元,0,,,VR房源 | 房本满五年 | 随时看房,https://dg.lianjia.com/ershoufang/105116668766.html
翠珑湾五期   公寓  带精装修   业主诚心卖,"星城翠珑湾五期 , 寮步",2室2厅,61.82平米,南,精装,中楼层(共21层) ,,板塔结合,65 万,10515 元,1,,,房本满五年,https://dg.lianjia.com/ershoufang/105103901927.html
海德全新三房，朝南看小区看鱼池，有钥匙随时看房,"海德骏园 , 望牛墩镇",3室2厅,96.56平米,东南,精装,低楼层(共23层) ,,塔楼,98 万,10150 元,0,,,VR看装修 | 房本满五年 | 随时看房,https://dg.lianjia.com/ershoufang/105121962882.html
光大景湖湾畔 2室1厅 北,"光大景湖湾畔 , 宏远南",2室1厅,71.06平米,北,,中楼层(共11层) ,,板塔结合,96 万,13510 元,0,,5天以前发布,VR房源 | 房本满五年,https://dg.lianjia.com/ershoufang/105122509875.html
此房是方正三房，业主家保养很好。,"金丰商业街 , 宏远北",3室2厅,96.08平米,南,简装,低楼层(共7层) ,,塔楼,83 万,8639 元,3,,,VR看装修 | 房本满五年,https://dg.lianjia.com/ershoufang/105111524253.html
万科城中间楼层四房出售 诚心卖 产权清晰,"南部湾万科城 , 大宁",4室2厅,118.92平米,西南,,中楼层(共34层) ,,塔楼,235 万,19762 元,0,,,VR看装修,https://dg.lianjia.com/ershoufang/105121758430.html
虎门龙泉广场 旁边实惠3房 有红本可过户,"虎门人民路169号 , 黄河中心",3室1厅,84.1平米,东南,简装,高楼层(共6层) ,,板楼,30.8 万,3663 元,4,,,VR房源 | 房本满五年,https://dg.lianjia.com/ershoufang/105121383038.html
莞城龙光君御旗峰豪园，大隐于市的圈层社交大宅,"君御旗峰豪园 , 东莞行政中心区",5室2厅,311.47平米,南,精装,低楼层(共34层) ,,塔楼,898 万,28832 元,0,,31天以前发布,近地铁 | VR房源 | 随时看房,https://dg.lianjia.com/ershoufang/105122252189.html
奶油风格高层精装修三房两厅两卫，南北对流,"中熙玖颂江湾 , 石碣镇",3室2厅,96.87平米,南 北,精装,中楼层(共31层) ,,塔楼,135 万,13937 元,1,,,VR看装修 | 房本满五年 | 随时看房,https://dg.lianjia.com/ershoufang/105121827372.html
虎门g有土地，新老莞人可买，70平上下三层，有露台,"东方中上一巷 , 黄河中心",2室2厅,70.32平米,南,精装,低楼层(共3层) ,,,36 万,5120 元,5,,,VR房源 | 房本满两年 | 随时看房,https://dg.lianjia.com/ershoufang/105120574489.html
沃多夫单间精装修，中间楼层，看莲花山，采光视野好,"沃多夫风临公馆 , 咸西",1室0厅,44.39平米,北,,33层 ,,塔楼,58 万,13067 元,1,,,VR房源 | 房本满五年 | 随时看房,https://dg.lianjia.com/ershoufang/105120129781.html
天虹旁东港城精装2房，南向，无欠款，产权清晰,"东港城(塘厦) , 塘厦镇",2室2厅,78.24平米,南,精装,29层 ,,板塔结合,62 万,7925 元,2,,,VR看装修 | 房本满五年 | 随时看房,https://dg.lianjia.com/ershoufang/105120554929.html
东城富怡物业电梯3房2厅 通风采光好 看房方便,"富怡物业 , 花园新村",3室2厅,126平米,东南,简装,高楼层(共9层) ,,塔楼,68 万,5397 元,1,,,VR看装修 | 房本满五年,https://dg.lianjia.com/ershoufang/105120208770.html
都市华府 三房两卫带一个大平台 南北通户型,"都市华府 , 常平镇",3室2厅,86.55平米,南,,25层 ,,塔楼,128 万,14790 元,1,,,VR看装修 | 房本满五年,https://dg.lianjia.com/ershoufang/105118361439.html
小区小高层三房，景观好，采光好。,"利澳花园 , 沙田镇",3室2厅,95.39平米,西南,简装,高楼层(共6层) ,,板塔结合,52 万,5452 元,4,,,VR看装修 | 房本满五年 | 随时看房,https://dg.lianjia.com/ershoufang/105119154840.html
东城万达旁 天宝站边上 碧桂园物业 精装方正3居室,"碧桂园ParkRoyal公馆 , 学院路",3室2厅,97.08平米,北,精装,中楼层(共30层) ,,塔楼,85 万,8756 元,4,,,近地铁 | 随时看房,https://dg.lianjia.com/ershoufang/105121419317.html
地铁口，高层二房二厅双阳台，东南朝向,"方中元美广场 , 鸿福路口",2室2厅,74.49平米,南,精装,高楼层(共20层) ,,板楼,78 万,10472 元,0,,,VR看装修 | 房本满五年,https://dg.lianjia.com/ershoufang/105120209013.html
锦江城两房，满五唯一无欠款诚意出售！,"锦江城 , 黄河中心",2室1厅,42.9平米,北,简装,高楼层(共9层) ,,板塔结合,25 万,5828 元,0,,,VR房源 | 房本满五年 | 随时看房,https://dg.lianjia.com/ershoufang/105122016005.html
上东国际三房 户型方正 通透户型 朝南向 视野开阔,"合正上东国际 , 下坝",3室2厅,108.78平米,南,简装,高楼层(共28层) ,,板塔结合,195 万,17927 元,0,,,VR看装修 | 房本满五年 | 随时看房,https://dg.lianjia.com/ershoufang/105121827668.html
南部湾高楼层全新未入住4房，诚售,"南部湾万科城 , 大宁",4室1厅,118.87平米,东南,简装,高楼层(共34层) ,,板塔结合,232 万,19518 元,1,,,VR房源 | 房本满五年 | 随时看房,https://dg.lianjia.com/ershoufang/105122005355.html
春晓单间 采光好 高楼层 看黄旗山灯笼 国贸夜景,"光大景湖春晓 , 西平",1室0厅,35.04平米,北,精装,11层 ,,板楼,40 万,11416 元,3,,,VR看装修 | 房本满五年,https://dg.lianjia.com/ershoufang/105116003294.html
碧桂园  业主自住四房    装修好,"碧桂园松湖珑悦 , 寮步",4室2厅,124.35平米,东南,精装,中楼层(共23层) ,,塔楼,238 万,19140 元,0,,,VR看装修 | 房本满五年,https://dg.lianjia.com/ershoufang/105120900600.html
南部湾万科云城优质房源，诚意出售,"南部湾万科城 , 大宁",3室2厅,94.92平米,东 西,精装,低楼层(共18层) ,,塔楼,148.5 万,15645 元,1,,,VR看装修 | 房本满五年 | 随时看房,https://dg.lianjia.com/ershoufang/105119195501.html
华讯大宅，朝南两房，业主诚意出售,"华讯大宅 , 石龙镇",2室2厅,76.79平米,南,毛坯,低楼层(共19层) ,,,70 万,9116 元,0,,19天以前发布,VR看装修 | 随时看房,https://dg.lianjia.com/ershoufang/105122357099.html
临深小区汉邦雍景居98平4房2卫毛坯，业主诚意出售！,"汉邦雍景居 , 凤岗镇",4室2厅,98.02平米,南,毛坯,18层 ,,板塔结合,137 万,13977 元,1,,,VR看装修 | 房本满五年 | 随时看房,https://dg.lianjia.com/ershoufang/105120499923.html
满五唯一免双税 南向三房 带一个公共200多平大平台,"光大景湖湾畔 , 宏远南",3室2厅,103.26平米,南,精装,低楼层(共11层) ,,板塔结合,180 万,17432 元,3,,,VR看装修 | 房本满五年 | 随时看房,https://dg.lianjia.com/ershoufang/105119575178.html
海珠大厦大三房出售 诚心卖 视野好,"德盛海珠大厦 , 太平广场",3室2厅,145平米,南,简装,低楼层(共22层) ,,塔楼,108 万,7449 元,2,,,VR看装修 | 房本满五年,https://dg.lianjia.com/ershoufang/105117974842.html
国贸商圈板块，生活便利，配套齐全，通风采光良好，,"东泰花园风云汇 , 东泰",2室1厅,74.44平米,南,简装,中楼层(共13层) ,,板塔结合,82 万,11016 元,0,,,VR看装修 | 房本满两年 | 随时看房,https://dg.lianjia.com/ershoufang/105122188051.html
新天地华庭 3室2厅 西南 西,"新天地华庭 , 寮步",3室2厅,100.88平米,西南 西,精装,12层 ,,板楼,120 万,11896 元,0,,,VR房源 | 房本满两年,https://dg.lianjia.com/ershoufang/105122124890.html
中间楼层  朝南向 精装修 诚心出售,"天悦中央广场 , 塘厦镇",3室2厅,98.72平米,南,精装,28层 ,,板塔结合,152 万,15398 元,0,,,VR看装修 | 房本满两年 | 随时看房,https://dg.lianjia.com/ershoufang/105121285093.html
阳光城大三房，带6米大阳台 中高楼层 全新未住过,"阳光城·愉景湾 , 石碣镇",3室2厅,99.3平米,南,精装,中楼层(共32层) ,,塔楼,120 万,12085 元,4,,,VR看装修 | 房本满五年 | 随时看房,https://dg.lianjia.com/ershoufang/105115722265.html
楼龄比较新业主精装修交付的 ，整体都比较新,"天悦中央广场 , 塘厦镇",3室2厅,95.26平米,南,精装,28层 ,,板塔结合,145 万,15222 元,0,,,VR看装修 | 房本满五年,https://dg.lianjia.com/ershoufang/105113945591.html
毛坯2房少有在卖，朝南通风，采光很好,"金域中央四期 , 南城车站",2室2厅,93.49平米,南,毛坯,中楼层(共26层) ,,板塔结合,145 万,15510 元,1,,,VR看装修 | 房本满五年 | 随时看房,https://dg.lianjia.com/ershoufang/105117383736.html
高层精装2房 业主诚意出售 看房方便,"龙城国际 , 石龙镇",2室2厅,90平米,北,精装,高楼层(共30层) ,,,70 万,7778 元,2,,,VR看装修 | 房本满五年 | 随时看房,https://dg.lianjia.com/ershoufang/105118356117.html
阳光粤港全新两房 拎包入住 户型方正 配套完善,"阳光粤港 , 横沥镇",2室2厅,77.44平米,南,精装,11层 ,,板塔结合,59.8 万,7723 元,0,,,VR看装修 | 房本满五年 | 随时看房,https://dg.lianjia.com/ershoufang/105122111796.html
横沥碧桂园108平三房两位业主诚意出售有钥匙,"横沥碧桂园 , 横沥镇",3室2厅,107.59平米,南,简装,32层 ,,板塔结合,120 万,11154 元,2,,,VR看装修 | 房本满五年,https://dg.lianjia.com/ershoufang/105122084617.html
房子满五唯一，税费少，采光充足，楼层装修保养好。,"兴贸广场 , 凤岗镇",3室2厅,117平米,东南,简装,9层 ,,板塔结合,85 万,7265 元,4,,,VR看装修 | 房本满五年,https://dg.lianjia.com/ershoufang/105121746346.html
碧桂园物业，南向，中间楼屋，业主诚售,"碧桂园柏丽湾 , 沙田镇",3室2厅,96.02平米,南,精装,中楼层(共17层) ,,塔楼,88 万,9165 元,5,,,VR看装修 | 房本满五年 | 随时看房,https://dg.lianjia.com/ershoufang/105111420119.html
安全管理，刷卡出入，精装拎包入住，无欠款手续快,"阳光城·愉景湾 , 石碣镇",3室2厅,95.79平米,南,精装,高楼层(共27层) ,,塔楼,120 万,12528 元,1,,,VR看装修 | 房本满两年,https://dg.lianjia.com/ershoufang/105121255599.html
永和新村 自住三房  精装出售,"永和新村 , 石龙镇",3室2厅,93.65平米,北,精装,中楼层(共8层) ,,板塔结合,56 万,5980 元,1,,,VR看装修 | 房本满五年 | 随时看房,https://dg.lianjia.com/ershoufang/105119124651.html
万科中 央公园四房两卫全新未入住  中高楼层无欠款,"万科中央公园二期 , 大朗镇",4室2厅,120.48平米,东南,精装,34层 ,,板塔结合,255 万,21166 元,0,,,VR看装修 | 房本满五年 | 随时看房,https://dg.lianjia.com/ershoufang/105120678486.html
新世纪领居B区  双阳台对流  舒适户型,"新世纪领居B区 , 大岭山镇",4室2厅,157.61平米,东南,,高楼层(共18层) ,,板塔结合,248 万,15736 元,0,,,VR房源 | 房本满五年,https://dg.lianjia.com/ershoufang/105121850944.html
江南大境 精装4房 双阳台户型 高层  朝南,"龙光江南大境 , 长安新区",4室2厅,115.24平米,南,简装,25层 ,,塔楼,328 万,28463 元,0,,,VR看装修 | 房本满两年 | 随时看房,https://dg.lianjia.com/ershoufang/105119519253.html
石竹新花园  门口北部 两房少有平层格局 安静中间层,"石竹新花园 , 石竹",2室2厅,91.98平米,南,精装,中楼层(共11层) ,,板塔结合,145 万,15765 元,0,,24天以前发布,近地铁 | VR房源 | 房本满五年 | 随时看房,https://dg.lianjia.com/ershoufang/105122319310.html
新上碧桂园天钻电梯四房楼层位置好随时看房,"松湖碧桂园·天钻 , 大岭山镇",4室2厅,116平米,西南,精装,中楼层(共32层) ,,塔楼,218 万,18794 元,0,,,VR看装修 | 随时看房,https://dg.lianjia.com/ershoufang/105121933611.html
华毅花园朝南两房业主诚意出售楼层好,"华毅花园 , 石龙镇",2室2厅,73.87平米,南,简装,低楼层(共6层) ,,板塔结合,40 万,5415 元,0,,18天以前发布,VR房源 | 房本满五年,https://dg.lianjia.com/ershoufang/105122371001.html
嘉宏锦园2018次新房高楼南北通户型方正业主诚意卖,"嘉宏锦园 , 上下桥",4室1厅,118.25平米,南,毛坯,高楼层(共32层) ,,塔楼,207 万,17506 元,3,,,VR房源 | 房本满五年 | 随时看房,https://dg.lianjia.com/ershoufang/105116438202.html
地铁口物业三房两卫，看花园位置安静满五不唯一不欠款,"金地格林小城 , 西平",3室2厅,118.13平米,西北,简装,18层 ,,板塔结合,190 万,16084 元,2,,,近地铁 | VR看装修 | 房本满五年 | 随时看房,https://dg.lianjia.com/ershoufang/105121890335.html
金色华庭精装南向三房 边位户型 满五业主诚意出售,"新中银·金色华庭 , 西平",3室2厅,89.33平米,东南,精装,高楼层(共17层) ,,塔楼,255 万,28546 元,1,,,近地铁 | VR看装修 | 房本满五年 | 随时看房,https://dg.lianjia.com/ershoufang/105110177747.html
南向大3房，带30平大露台，9成新装修，总价低,"世纪城国际公馆三期仁里 , 西平",3室2厅,125.93平米,西南,精装,低楼层(共16层) ,,塔楼,305 万,24220 元,1,,,VR房源 | 房本满五年,https://dg.lianjia.com/ershoufang/105120869052.html
高层 精装两房 省个税 诚意出售,"世纪城国际公馆四期香榭里 , 西平",3室2厅,89.63平米,东南,精装,中楼层(共18层) ,,板塔结合,190 万,21199 元,1,,,VR看装修 | 房本满五年 | 随时看房,https://dg.lianjia.com/ershoufang/105121580531.html
天利新上高层四房，装修保养好，拎包即可入住,"天利中央花园 , 西平",4室2厅,128.51平米,东南,,中楼层(共30层) ,,板塔结合,368 万,28636 元,2,,20天以前发布,近地铁 | VR看装修 | 随时看房,https://dg.lianjia.com/ershoufang/105122353428.html
大平层，使用率高。朝南看别墅区,"世纪城国际公馆四期香榭里 , 西平",5室1厅,191平米,东南,毛坯,中楼层(共16层) ,,板塔结合,530 万,27749 元,1,,,VR房源 | 房本满五年 | 随时看房,https://dg.lianjia.com/ershoufang/105120737369.html
朝向好阳光充足较为安静配套设施较为齐全,"地标大厦 , 地标",3室2厅,100.81平米,西南,精装,低楼层(共25层) ,,塔楼,120 万,11904 元,0,,,VR看装修 | 房本满五年 | 随时看房,https://dg.lianjia.com/ershoufang/105112545778.html
香茶郡4房！高层安静朝南！无欠款保养新！价格可谈！,"香茶郡 , 茶山镇",4室2厅,96.79平米,南,精装,18层 ,,板塔结合,115 万,11882 元,1,,,VR看装修 | 房本满五年 | 随时看房,https://dg.lianjia.com/ershoufang/105122243846.html
全新交付未入住 高层看花园景观视野舒适,"珑远翠珑湾 , 寮步",3室2厅,97.95平米,东南,精装,高楼层(共30层) ,,塔楼,222 万,22665 元,1,,,VR看装修 | 房本满两年 | 随时看房,https://dg.lianjia.com/ershoufang/105118522950.html
新城区沃尔玛旁边小三房 正南向 户型方正实用率高,"卓越大厦 , 石龙镇",3室2厅,94.17平米,南,精装,高楼层(共25层) ,,板塔结合,83 万,8814 元,1,,,VR看装修 | 房本满五年 | 随时看房,https://dg.lianjia.com/ershoufang/105117056159.html
飞机户型四房 使用面积180平米 大阳台朝南正对泳池,"滨江公馆 , 万江中心",4室1厅,140.6平米,南,精装,中楼层(共18层) ,,板楼,225 万,16003 元,4,,,VR看装修 | 房本满五年,https://dg.lianjia.com/ershoufang/105110531984.html
碧桂园精装三房朝花园，大客厅视野好,"碧桂园天麓山一期 , 塘厦镇",3室2厅,96.83平米,南,精装,24层 ,,板塔结合,90 万,9295 元,0,,,VR看装修 | 房本满五年 | 随时看房,https://dg.lianjia.com/ershoufang/105117739317.html
桥头鸿华尚城三房二厅二卫低价出售户型光线好,"鸿华I尚城 , 企石镇",3室1厅,89.32平米,西北,毛坯,低楼层(共23层) ,,板塔结合,68 万,7614 元,1,,,VR看装修 | 房本满五年 | 随时看房,https://dg.lianjia.com/ershoufang/105117873162.html
满五不唯一，东南朝向看花园小区，位置安静。,"南部湾万科城 , 大宁",3室2厅,96.56平米,东南,精装,34层 ,,塔楼,138.8 万,14375 元,2,,12天以前发布,VR房源 | 房本满五年 | 随时看房,https://dg.lianjia.com/ershoufang/105122441299.html
精装3房业主急售价格合适就可以出,"松湖溪岸 , 东坑镇",3室2厅,100.75平米,南,精装,高楼层(共30层) ,,板塔结合,103 万,10224 元,1,,,VR看装修 | 随时看房,https://dg.lianjia.com/ershoufang/105120500788.html
星河传说 精装三房户型 采光好 户型方正 诚意出售,"星河传说聚星岛A区 , 石井",3室2厅,128.53平米,西,精装,低楼层(共12层) ,,塔楼,285 万,22174 元,5,,,VR房源 | 房本满五年,https://dg.lianjia.com/ershoufang/105118333894.html
装修保养好，可以拎包即住，看房随时方便,"丰泰裕田花园 , 大宁",3室2厅,102.67平米,南 北,精装,中楼层(共12层) ,,板塔结合,125 万,12175 元,1,,,VR看装修 | 房本满五年,https://dg.lianjia.com/ershoufang/105114908204.html
金地湖山大境三期四房两厅两卫视野好,"金地湖山大境三期 , 黄江镇",4室1厅,145.66平米,南,毛坯,25层 ,,塔楼,192 万,13182 元,0,,,VR看装修 | 房本满五年 | 随时看房,https://dg.lianjia.com/ershoufang/105121529478.html
莞城城市花园 绿肺中-心 黄旗脚下 交通四通八达,"莞城城市花园 , 东平街",3室2厅,95.86平米,南,精装,中楼层(共8层) ,,板楼,140 万,14605 元,2,,,近地铁 | VR看装修 | 房本满两年,https://dg.lianjia.com/ershoufang/105118583552.html
总价低 电梯三房 入则宁静出则繁华,"兰苑大厦 , 黄河中心",3室2厅,93.52平米,南,简装,低楼层(共17层) ,,板塔结合,54.5 万,5828 元,4,,,VR看装修 | 房本满五年,https://dg.lianjia.com/ershoufang/105115802292.html
金域华府二期两房朝东南采光好无欠款,"万科金域华府二期 , 石竹",2室1厅,75.48平米,东南,精装,低楼层(共18层) ,,板楼,123 万,16296 元,5,,,VR看装修 | 房本满五年 | 随时看房,https://dg.lianjia.com/ershoufang/105120465399.html
天虹楼上全屋定制大四房出售，地铁口物业，可带车位,"地标广场 , 地标",4室2厅,136.58平米,东南,精装,33层 ,,板塔结合,258 万,18891 元,2,,,VR房源 | 房本满五年,https://dg.lianjia.com/ershoufang/105118742115.html
清新精致充满艺术气息实用率高二房，广阔市府广场景观,"尚书银座 , 东莞图书馆",2室1厅,42.98平米,西北,精装,中楼层(共23层) ,,塔楼,96 万,22336 元,0,,18天以前发布,近地铁 | VR房源 | 房本满五年 | 随时看房,https://dg.lianjia.com/ershoufang/105122373492.html
万科幸福城 精装修未住过3房2卫 随时可以看,"万科幸福城 , 上下桥",3室2厅,95.36平米,南 北,,中楼层(共18层) ,,塔楼,168 万,17618 元,4,,,VR房源 | 房本满五年 | 随时看房,https://dg.lianjia.com/ershoufang/105120998416.html
万科金色悦府高楼层精装3房诚意出售,"万科金色悦府 , 宵边",3室2厅,95平米,南,精装,32层 ,,板塔结合,210 万,22106 元,0,,,VR看装修,https://dg.lianjia.com/ershoufang/105122063429.html
此房朝向好 楼层佳 视野开阔 业主诚心出售,"南部湾万科城 , 大宁",3室2厅,94.48平米,南,精装,高楼层(共18层) ,,塔楼,153 万,16194 元,0,,,VR看装修 | 房本满五年,https://dg.lianjia.com/ershoufang/105120310195.html
此房视野好，满五唯一，业主诚心出售,"华艺海滨花园 , 黄河中心",3室2厅,84.37平米,西北,简装,中楼层(共23层) ,,塔楼,68 万,8060 元,0,,,VR房源 | 房本满五年 | 随时看房,https://dg.lianjia.com/ershoufang/105121594577.html
情景美墅大三房，南北通透，小区中间，满五唯一无欠款,"江南第一城 , 宏远北",3室2厅,106.72平米,南 北,精装,中楼层(共5层) ,,板塔结合,150 万,14056 元,7,,,VR房源 | 房本满五年,https://dg.lianjia.com/ershoufang/105122129754.html
振业松湖雅苑 3室2厅 东南,"振业松湖雅苑 , 寮步",3室2厅,89.42平米,东南,,低楼层(共11层) ,,塔楼,108 万,12078 元,0,,,VR房源 | 房本满五年,https://dg.lianjia.com/ershoufang/105122069833.html
临深小区汉邦雍景居98平4房2卫毛坯，业主诚意出售！,"汉邦雍景居 , 凤岗镇",4室2厅,98.02平米,南,毛坯,18层 ,,板塔结合,137 万,13977 元,1,,,VR看装修 | 房本满五年 | 随时看房,https://dg.lianjia.com/ershoufang/105120499923.html
石竹新花园 精装修三房 家门口北部,"石竹新花园 , 石竹",3室2厅,105.4平米,西北,精装,高楼层(共16层) ,,板塔结合,199 万,18881 元,0,,,近地铁 | VR看装修 | 房本满五年 | 随时看房,https://dg.lianjia.com/ershoufang/105122055975.html
华南花园 3室2厅 南,"华南花园 , 石龙镇",3室2厅,106.99平米,南,简装,28层 ,,板塔结合,50 万,4674 元,0,,,VR看装修 | 随时看房,https://dg.lianjia.com/ershoufang/105122146708.html
新世纪领居B区  双阳台对流  舒适户型,"新世纪领居B区 , 大岭山镇",4室2厅,157.61平米,东南,,高楼层(共18层) ,,板塔结合,248 万,15736 元,0,,,VR房源 | 房本满五年,https://dg.lianjia.com/ershoufang/105121850944.html
CBD石竹新花园四房、业主诚意出售！,"石竹新花园 , 石竹",4室1厅,139平米,东南,精装,中楼层(共16层) ,,板塔结合,300 万,21583 元,0,,,近地铁 | VR房源 | 房本满两年,https://dg.lianjia.com/ershoufang/105121974339.html
新园中区，2房格局方正 ，业主急售，价格可刀,"新园中区 , 太平广场",2室1厅,61.36平米,南,简装,中楼层(共6层) ,,板楼,52 万,8475 元,1,,,VR看装修 | 房本满五年,https://dg.lianjia.com/ershoufang/105117942524.html
地铁江景房，全屋窗景看江 楼层景观好,"海伦湾 , 石龙镇",3室2厅,97.28平米,北,毛坯,高楼层(共28层) ,,板塔结合,105 万,10794 元,0,,,VR看装修 | 房本满两年 | 随时看房,https://dg.lianjia.com/ershoufang/105114817789.html
星河传说 南北对流大3房 采光好 位置安静,"星河传说聚星岛A区 , 石井",3室2厅,150.59平米,东,精装,中楼层(共12层) ,,塔楼,335 万,22246 元,1,,,VR房源 | 房本满五年,https://dg.lianjia.com/ershoufang/105119826094.html
朝花园，通风采光好 ，业主自住保养好,"东湖花园 , 罗沙",2室2厅,88平米,南,精装,33层 ,,板塔结合,99 万,11250 元,0,,,VR房源 | 房本满五年 | 随时看房,https://dg.lianjia.com/ershoufang/105116668766.html
万科高尔夫花园大三房，随时可看房,"万科城市高尔夫花园 , 寮步",3室2厅,125.95平米,南,简装,24层 ,,板塔结合,170 万,13498 元,1,,,VR看装修 | 房本满五年 | 随时看房,https://dg.lianjia.com/ershoufang/105121500151.html
翠珑湾五期   公寓  带精装修   业主诚心卖,"星城翠珑湾五期 , 寮步",2室2厅,61.82平米,南,精装,中楼层(共21层) ,,板塔结合,65 万,10515 元,1,,,房本满五年,https://dg.lianjia.com/ershoufang/105103901927.html
此房朝东南向，户型方正，采光好，业主诚意出售,"宏远时代广场 , 运河东",2室2厅,140.3平米,东南,简装,中楼层(共20层) ,,塔楼,115 万,8197 元,0,,,VR房源 | 随时看房,https://dg.lianjia.com/ershoufang/105120959998.html
视野开阔无遮挡，精装修三房，中高楼层的，业主急售。,"南部湾万科城 , 大宁",3室2厅,93.48平米,东南,精装,高楼层(共29层) ,,板楼,155 万,16582 元,0,,,VR看装修 | 房本满五年,https://dg.lianjia.com/ershoufang/105120480375.html
朝小区带阳台单间，商品住宅性质电梯房,"时尚岛蓝钻 , 鸿福路口",1室0厅,30.19平米,西南,精装,中楼层(共24层) ,,板楼,39.9 万,13217 元,0,,6天以前发布,VR房源 | 房本满五年 | 随时看房,https://dg.lianjia.com/ershoufang/105122504580.html
新世纪星城明星3房户型，朝南向，中高楼层,"新世纪星城(一二)期 , 温塘",3室2厅,103平米,南,精装,中楼层(共17层) ,,板塔结合,181 万,17573 元,0,,,VR看装修 | 随时看房,https://dg.lianjia.com/ershoufang/105121521615.html
丰泰华园山庄 高层看湖 精装3房 户型实用 采光通风好,"丰泰华园山庄 , 新联",3室1厅,118.02平米,东南,精装,中楼层(共12层) ,,塔楼,120 万,10168 元,6,,,VR房源 | 房本满五年 | 随时看房,https://dg.lianjia.com/ershoufang/105112411579.html
华园大平层，换房可选，目前在卖的很好的四房。,"丰泰华园山庄 , 新联",4室3厅,256.98平米,东南,简装,低楼层(共12层) ,,板塔结合,380 万,14788 元,2,,,VR房源 | 房本满两年 | 随时看房,https://dg.lianjia.com/ershoufang/105110456988.html
金龙花园 4室2厅 南 北,"金龙花园 , 横沥镇",4室2厅,103.81平米,南 北,,中楼层(共5层) ,,板楼,85 万,8189 元,0,,8天以前发布,VR房源 | 房本满五年,https://dg.lianjia.com/ershoufang/105122480424.html
满五唯一，朝南看别墅区，视野无遮挡,"御河湾花园 , 横沥镇",3室1厅,95.7平米,东南,毛坯,中楼层(共32层) ,,板塔结合,85 万,8882 元,0,,,VR房源 | 房本满五年 | 随时看房,https://dg.lianjia.com/ershoufang/105119215892.html
看房方便，中间楼层，精装交付标准，带产权车位,"招商雍景湾 , 横沥镇",4室2厅,117.93平米,东南,精装,25层 ,,板塔结合,180 万,15264 元,0,,25天以前发布,VR房源 | 房本满两年 | 随时看房,https://dg.lianjia.com/ershoufang/105122313370.html
满五唯一 方正户型 一梯两户南北对流,"光大景湖花园 , 东泰",3室2厅,116.5平米,东南,简装,中楼层(共5层) ,,板楼,160 万,13734 元,0,,,VR房源 | 随时看房,https://dg.lianjia.com/ershoufang/105120385034.html
城市风景  精装2房1厅1卫 真诚心出售,"城市风景 , 石竹",2室1厅,66.69平米,东南,精装,15层 ,,板楼,87.9 万,13181 元,0,,,VR看装修 | 房本满五年 | 随时看房,https://dg.lianjia.com/ershoufang/105122097348.html
全屋定制精装修带家私电器，好楼层，舒适大三房,"旭辉江山墅 , 石排镇",3室2厅,115.78平米,东南 南,精装,高楼层(共33层) ,,塔楼,188 万,16238 元,0,,,VR看装修 | 房本满两年 | 随时看房,https://dg.lianjia.com/ershoufang/105122237035.html
鲁能公馆 刚需小三居 正南朝向 拎包入住,"鲁能公馆 , 茶山镇",3室2厅,78.44平米,西南,,32层 ,,板塔结合,105 万,13387 元,0,,13天以前发布,近地铁 | VR房源 | 随时看房,https://dg.lianjia.com/ershoufang/105122422598.html
精装大三房，带地下室车位，银行无欠款！,"中惠沁林山庄 , 大岭山镇",3室2厅,117.17平米,南 北,精装,高楼层(共25层) ,,板楼,138 万,11778 元,0,,,VR房源 | 房本满两年,https://dg.lianjia.com/ershoufang/105115465505.html
使用率高 双层复式 整体装修保养不错，视野好采光好,"保利珑远国际广场 , 石竹",1室1厅,40.9平米,南,精装,低楼层(共17层) ,,塔楼,38 万,9291 元,0,,,房本满五年 | 随时看房,https://dg.lianjia.com/ershoufang/105121541349.html
南城次新万科小区，全新未入住，保养好，满五唯一,"万科·金色城品 , 宏远南",3室2厅,91.48平米,东南,精装,26层 ,,塔楼,185 万,20223 元,4,,,VR看装修 | 房本满两年 | 随时看房,https://dg.lianjia.com/ershoufang/105121258406.html
人民公园旁 东湖花园 三房两厅双阳台 采光通风好,"东湖花园 , 罗沙",3室2厅,115平米,南,简装,33层 ,,板塔结合,120 万,10435 元,2,,,VR房源 | 房本满五年 | 随时看房,https://dg.lianjia.com/ershoufang/105119558976.html
95平方三房，总价低，装修保养好，楼层好位置安静,"保利红珊瑚花园 , 松山湖",3室1厅,95.02平米,东,,高楼层(共25层) ,,塔楼,283 万,29784 元,1,,29天以前发布,VR房源 | 房本满五年 | 随时看房,https://dg.lianjia.com/ershoufang/105122276067.html
石竹新花园  门口北部 两房少有平层格局 安静中间层,"石竹新花园 , 石竹",2室2厅,91.98平米,南,精装,中楼层(共11层) ,,板塔结合,145 万,15765 元,0,,24天以前发布,近地铁 | VR房源 | 房本满五年 | 随时看房,https://dg.lianjia.com/ershoufang/105122319310.html
带露台的电梯大四房，业主诚意出售,"飞龙山庄 , 黄河中心",4室2厅,145.98平米,东南,精装,中楼层(共9层) ,,塔楼,165 万,11303 元,2,,,VR房源 | 房本满两年 | 随时看房,https://dg.lianjia.com/ershoufang/105115085769.html
海伦国际  装修别墅  业主自住，保养干净,"海伦国际 , 寮步",6室2厅,165.92平米,东南,,4层 ,,板塔结合,375 万,22602 元,0,,,VR房源 | 房本满五年 | 随时看房,https://dg.lianjia.com/ershoufang/105120900520.html
沙田信鸿蔚蓝海岸大四房满五唯一急售,"信鸿蔚蓝海岸 , 沙田镇",4室2厅,123.44平米,南,毛坯,高楼层(共32层) ,,板塔结合,145 万,11747 元,1,,,VR看装修 | 房本满五年 | 随时看房,https://dg.lianjia.com/ershoufang/105117410404.html
金域名苑  电梯三房 朝南 户型方正,"金域名苑 , 东莞行政中心区",3室2厅,137.26平米,南,简装,低楼层(共20层) ,,塔楼,160 万,11657 元,0,,,VR房源 | 房本满五年 | 随时看房,https://dg.lianjia.com/ershoufang/105119380643.html
大型社区，环境好，小区安静，无嘈杂,"御景花园 , 樟木头镇",3室2厅,73平米,西南,,低楼层(共7层) ,,板塔结合,68 万,9316 元,0,,,VR房源 | 随时看房,https://dg.lianjia.com/ershoufang/105121823808.html
全湖景 朝南 方正户型  高楼层 视野宽阔采光充,"丰泰华园山庄 , 新联",3室1厅,109.98平米,南,简装,高楼层(共12层) ,,板塔结合,148 万,13457 元,2,,,VR房源 | 房本满五年 | 随时看房,https://dg.lianjia.com/ershoufang/105114463362.html
业主急卖 带精装 没欠款 过户快！,"天麟时代广场 , 大朗镇",3室1厅,98.13平米,东南 南,精装,低楼层(共28层) ,,塔楼,110 万,11210 元,5,,,VR看装修 | 房本满两年 | 随时看房,https://dg.lianjia.com/ershoufang/105120372668.html
物资大厦 3室2厅 东南,"物资大厦 , 横沥镇",3室2厅,82.2平米,东南,,5层 ,,板塔结合,35 万,4258 元,0,,12天以前发布,VR房源 | 房本满五年 | 随时看房,https://dg.lianjia.com/ershoufang/105122435647.html
满五唯一 小区中间位置安静舒适 配套齐全,"南部湾万科城 , 大宁",3室2厅,97平米,西,,34层 ,,塔楼,155 万,15980 元,0,,28天以前发布,VR看装修,https://dg.lianjia.com/ershoufang/105122285793.html
三期高层四房 视野景观好 看小区园林 双阳台  安静,"江南第一城 , 宏远北",4室2厅,105.81平米,东,精装,高楼层(共18层) ,,板塔结合,190 万,17957 元,0,,,VR看装修 | 房本满五年 | 随时看房,https://dg.lianjia.com/ershoufang/105122092594.html
业主自住精装，保养好，户型通透，采光不错，诚意出售,"海德琥珀台 , 火炼树",4室2厅,130.21平米,东南,精装,高楼层(共27层) ,,塔楼,350 万,26880 元,0,,,VR房源 | 房本满两年,https://dg.lianjia.com/ershoufang/105120462200.html
业主诚心出售，看房方便，满五不唯一。,"江南雅筑 , 宏远北",4室2厅,137平米,南,精装,高楼层(共17层) ,,板塔结合,220 万,16059 元,0,,,VR看装修 | 随时看房,https://dg.lianjia.com/ershoufang/105121916276.html
精装修，采光通风效果好，居住安静，价格美丽,"阳光海岸 , 客运总站",3室2厅,94平米,东北,,低楼层(共16层) ,,塔楼,119 万,12660 元,3,,,VR看装修 | 房本满五年 | 随时看房,https://dg.lianjia.com/ershoufang/105119453235.html
海德琥珀台 4室1厅 西南,"海德琥珀台 , 火炼树",4室1厅,131.2平米,西南,,低楼层(共32层) ,,板楼,340 万,25915 元,0,,,VR看装修 | 房本满两年,https://dg.lianjia.com/ershoufang/105121909604.html
近东城万科成熟小区，看高尔夫球场，产权清晰没有欠款,"万科城市高尔夫花园 , 寮步",3室2厅,119平米,南 北,精装,18层 ,,板塔结合,160 万,13446 元,1,,,VR看装修,https://dg.lianjia.com/ershoufang/105117225367.html
利丰中央公园1期120平双阳台四房,"利丰中央公园1期 , 石排镇",4室2厅,119.29平米,南 北,毛坯,低楼层(共31层) ,,板塔结合,140 万,11737 元,1,,,VR看装修 | 房本满五年 | 随时看房,https://dg.lianjia.com/ershoufang/105114910621.html
此房满五唯一 没有个税 中高楼屋 拎包入住,"南部湾万科城 , 大宁",4室2厅,141.65平米,南 北,精装,11层 ,,塔楼,335 万,23650 元,0,,,VR看装修 | 房本满五年 | 随时看房,https://dg.lianjia.com/ershoufang/105122120988.html
中高楼层南向通透户型带车位出售,"中惠松湖城一期 , 寮步",3室2厅,84.1平米,东南,精装,23层 ,,塔楼,120 万,14269 元,1,,,VR看装修 | 房本满五年 | 随时看房,https://dg.lianjia.com/ershoufang/105118562436.html
好房朝南 满五唯一 装修保养好 看房方便,"金地城南艺境 , 道滘镇",3室2厅,96.25平米,南,精装,33层 ,,塔楼,138 万,14338 元,0,,,VR看装修 | 房本满五年,https://dg.lianjia.com/ershoufang/105120464478.html
方正少有98平方正朝南户型，看游泳池。,"丰泰东海城堡 , 新联",3室2厅,97.75平米,南,精装,低楼层(共15层) ,,板塔结合,125 万,12788 元,1,,19天以前发布,VR房源 | 房本满五年,https://dg.lianjia.com/ershoufang/105122356557.html
别墅小区 朝南复式 户型方正实用 可塑性强,"杏花村 , 谢岗镇",4室2厅,196.15平米,南,毛坯,5层 ,,板楼,135 万,6883 元,0,,,VR房源 | 房本满五年 | 随时看房,https://dg.lianjia.com/ershoufang/105118754286.html
翔龙天地精装一房一厅诚意出售，,"翔龙天地 , 常平镇",1室1厅,45.7平米,南,精装,30层 ,,塔楼,58 万,12692 元,0,,21天以前发布,VR房源 | 随时看房,https://dg.lianjia.com/ershoufang/105122343341.html
金莎雅苑中高楼层两房，业主诚意出售，只卖49万,"金莎雅苑 , 大朗镇",2室1厅,38.16平米,西北,精装,高楼层(共15层) ,,塔楼,44 万,11531 元,3,,,VR看装修 | 房本满五年 | 随时看房,https://dg.lianjia.com/ershoufang/105111251784.html
荔景山庄 电梯顶楼大复式两层169平，带平台价格可谈,"荔景山庄 , 樟木头镇",4室2厅,169.64平米,北,简装,12层 ,,板塔结合,95 万,5601 元,4,,,VR房源 | 房本满两年 | 随时看房,https://dg.lianjia.com/ershoufang/105113993441.html
汇景城市中心一房 业主诚意出售中,"汇景城市中心 , 樟木头镇",1室0厅,45.8平米,北,简装,中楼层(共18层) ,,板楼,38 万,8297 元,0,,19天以前发布,随时看房,https://dg.lianjia.com/ershoufang/105122357979.html
双阳台、朝南、光照好、无抵押、急卖,"富怡花园 , 花园新村",3室2厅,123.88平米,东南,简装,高楼层(共8层) ,,板塔结合,98 万,7911 元,0,,11天以前发布,VR房源 | 房本满五年,https://dg.lianjia.com/ershoufang/105122444300.html
力通花园、莞城次新房22年批地、证过两年、高层无遮挡,"利通花园 , 花园新村",3室2厅,96.35平米,西北,精装,高楼层(共18层) ,,板楼,128 万,13285 元,0,,,VR看装修 | 房本满两年 | 随时看房,https://dg.lianjia.com/ershoufang/105116370989.html
德基广场 在售单价 醉低一套 随时看楼,"德基广场天悦 , 虎门公园",2室1厅,55.31平米,东,精装,中楼层(共22层) ,,板塔结合,55 万,9944 元,0,,5天以前发布,随时看房,https://dg.lianjia.com/ershoufang/105122511692.html
虎门万科城小高层大四房出售，位置特好,"南部湾万科城五期 , 大宁",4室2厅,143.02平米,东南,,高楼层(共16层) ,,板楼,310 万,21676 元,0,,,VR看装修 | 随时看房,https://dg.lianjia.com/ershoufang/105120946481.html
温馨小三房，给你一个家，不需要太大地方。,"广贸大厦 , 黄河中心",3室2厅,82.68平米,西,简装,19层 ,,板塔结合,55 万,6653 元,0,,,VR房源 | 房本满五年 | 随时看房,https://dg.lianjia.com/ershoufang/105111075234.html
伟隆国际二期三房二厅二卫 阳台外边有一大平台,"伟隆国际澜郡 , 茶山镇",3室1厅,102.19平米,南,简装,低楼层(共17层) ,,塔楼,127 万,12428 元,2,,,VR房源 | 房本满五年,https://dg.lianjia.com/ershoufang/105120240182.html
沙田碧桂园 125平  全新江景 四房两卫 诚售,"沙田碧桂园滨江豪园 , 沙田镇",4室2厅,125.06平米,南 北,精装,29层 ,,塔楼,175 万,13994 元,0,,,VR看装修 | 房本满两年 | 随时看房,https://dg.lianjia.com/ershoufang/105117605462.html
新城市花园 两房带花园 全新装修 可种菜 养鱼,"新城市花园一期 , 常平镇",2室1厅,72.5平米,东南,精装,低楼层(共7层) ,,板塔结合,60 万,8276 元,0,,,VR房源 | 随时看房,https://dg.lianjia.com/ershoufang/105121637141.html
恒大御湖通车库两房 中楼层，装修好，诚意卖房,"百悦尚城三期恒大御湖 , 南城车站",2室1厅,87.45平米,西南,精装,中楼层(共18层) ,,板塔结合,150 万,17153 元,0,,,VR房源 | 房本满五年,https://dg.lianjia.com/ershoufang/105122068992.html
南部湾精装四房，业主诚心出售，高层朝南安静,"南部湾万科城 , 大宁",4室2厅,118.87平米,西南,精装,中楼层(共34层) ,,塔楼,230 万,19349 元,2,,,VR看装修 | 房本满五年 | 随时看房,https://dg.lianjia.com/ershoufang/105111080697.html
东鸿大厦3房1厅出售，朝东，采光好，通风，鸿福路地段,"东鸿大厦 , 鸿福路口",3室1厅,92.3平米,东南,简装,中楼层(共8层) ,,,90 万,9751 元,0,,,VR看装修 | 房本满两年 | 随时看房,https://dg.lianjia.com/ershoufang/105122080406.html
小区环境好，配套齐全，户型通透，通风效果好,"万达华府 , 万达",1室1厅,52平米,东南,精装,低楼层(共28层) ,,板塔结合,33 万,6347 元,6,,,随时看房,https://dg.lianjia.com/ershoufang/105113210968.html
旭辉江山墅116平大三房，室内光线充足，保养好,"旭辉江山墅 , 石排镇",3室2厅,115.78平米,南,,高楼层(共33层) ,,塔楼,179 万,15461 元,0,,,VR看装修,https://dg.lianjia.com/ershoufang/105120953315.html
公务员小区 管理很安全 小区环境配套好,"石碣新洲路61号 , 石碣镇",3室2厅,97.68平米,南,,中楼层(共7层) ,,,68 万,6962 元,0,,,VR看装修 | 房本满五年 | 随时看房,https://dg.lianjia.com/ershoufang/105122192602.html
86平3房，总价26万，低价上车好房源,"帝都花园一期 , 樟木头镇",3室2厅,88平米,南,精装,高楼层(共7层) ,,塔楼,22.8 万,2591 元,7,,,VR房源 | 房本满五年,https://dg.lianjia.com/ershoufang/105120468105.html
东海城堡内比较少的一楼带花园的复式房，三房做6房,"丰泰东海城堡 , 新联",6室2厅,102.08平米,东南 南,精装,低楼层(共15层) ,,板塔结合,230 万,22532 元,2,,,VR房源 | 房本满五年,https://dg.lianjia.com/ershoufang/105115587237.html
联华花园城98平三房 格局装修保养好业主诚意出售,"联华花园城 , 上下桥",3室1厅,98.93平米,北,精装,中楼层(共17层) ,,板塔结合,130 万,13141 元,0,,7天以前发布,VR房源,https://dg.lianjia.com/ershoufang/105122492349.html
滨海湾新区，天虹商圈，精装2房2厅诚意出售。,"地标广场 , 地标",2室1厅,78.44平米,南,精装,28层 ,,板塔结合,140 万,17849 元,3,,,VR看装修 | 房本满五年 | 随时看房,https://dg.lianjia.com/ershoufang/105110495246.html
横沥新小区，五星园林景，高楼层全新未入住！,"碧桂园松湖明珠 , 横沥镇",3室1厅,92.15平米,东南,简装,高楼层(共26层) ,,,125 万,13565 元,0,,,VR房源 | 房本满两年 | 随时看房,https://dg.lianjia.com/ershoufang/105121730089.html
新世纪颐和居 四房满五不唯一 拎包入住 。,"新世纪颐和居 , 厚街镇",2室2厅,85.79平米,东南,,17层 ,,板塔结合,95 万,11074 元,0,,,近地铁 | VR看装修 | 房本满五年,https://dg.lianjia.com/ershoufang/105122198499.html
住宅性质，小区，入户首先，看房方便，户型通透,"聚豪名轩 , 石龙镇",1室1厅,43.71平米,南,简装,低楼层(共30层) ,,板塔结合,35 万,8008 元,0,,24天以前发布,VR看装修 | 房本满两年 | 随时看房,https://dg.lianjia.com/ershoufang/105122324212.html
翡翠山湖 2室1厅 北,"翡翠山湖 , 凤岗镇",2室1厅,87.2平米,北,精装,17层 ,,塔楼,92 万,10551 元,0,,14天以前发布,VR房源 | 房本满五年 | 随时看房,https://dg.lianjia.com/ershoufang/105122412554.html
天钻新上好房！全新三房急售随时可看,"松湖碧桂园·天钻 , 大岭山镇",3室2厅,97.51平米,南,,高楼层(共31层) ,,塔楼,159 万,16307 元,0,,,VR看装修 | 随时看房,https://dg.lianjia.com/ershoufang/105121704971.html
镇府旁小区 配套完善 交通便利 新装修 拎包入住,"兰苑大厦 , 黄河中心",2室1厅,96.33平米,南,精装,高楼层(共17层) ,,板塔结合,78 万,8098 元,2,,,VR房源 | 房本满五年 | 随时看房,https://dg.lianjia.com/ershoufang/105120586586.html
价格便宜，室内重新装修过 保养挺不错,"虎门一号 , 地标",1室1厅,36.36平米,南,精装,低楼层(共11层) ,,塔楼,26 万,7151 元,0,,12天以前发布,VR房源 | 随时看房,https://dg.lianjia.com/ershoufang/105122435073.html
瓷砖到顶大三房两卫，无抵押，税费低，价格可谈,"长裕棕榈园 , 横沥镇",3室2厅,122.03平米,北,简装,16层 ,,塔楼,110 万,9015 元,1,,,VR看装修 | 房本满五年,https://dg.lianjia.com/ershoufang/105117644283.html
湖山大境3期墅景电梯洋房，业主诚心卖，价格可谈,"金地湖山大境三期 , 黄江镇",3室2厅,102.82平米,南,毛坯,12层 ,,塔楼,125 万,12158 元,1,,25天以前发布,VR看装修 | 房本满五年 | 随时看房,https://dg.lianjia.com/ershoufang/105122316133.html
名流印象花园一期 3室2厅 南,"名流印象花园一期 , 凤岗镇",3室2厅,88.6平米,南,毛坯,31层 ,,板塔结合,108 万,12190 元,0,,,VR房源 | 房本满五年 | 随时看房,https://dg.lianjia.com/ershoufang/105122064160.html
一线江景房，精装修 业主自己住保养好，采光好,"保利锦城二期 , 茶山镇",3室1厅,103.8平米,南,精装,中楼层(共32层) ,,塔楼,133 万,12814 元,0,,,VR房源 | 房本满五年,https://dg.lianjia.com/ershoufang/105122044447.html
带露台的电梯大四房，业主诚意出售,"飞龙山庄 , 黄河中心",4室2厅,145.98平米,东南,精装,中楼层(共9层) ,,塔楼,165 万,11303 元,2,,,VR房源 | 房本满两年 | 随时看房,https://dg.lianjia.com/ershoufang/105115085769.html
户型方正，通风好，采光佳，业主诚心卖,"金地博登湖三期澜庭 , 塘厦镇",3室2厅,101平米,南,,29层 ,,板塔结合,145 万,14357 元,0,,,VR房源 | 房本满五年,https://dg.lianjia.com/ershoufang/105119838643.html
虎门天虹楼上二期三房 保养好诚意出售,"地标广场 , 地标",3室2厅,90.98平米,南,精装,16层 ,,板塔结合,178 万,19565 元,0,,,VR看装修 | 房本满五年 | 随时看房,https://dg.lianjia.com/ershoufang/105121708820.html
横沥镇时代倾城复式两房精装修朝南,"时代倾城 , 横沥镇",3室1厅,50.16平米,南,简装,19层 ,,塔楼,35 万,6978 元,3,,,房本满五年,https://dg.lianjia.com/ershoufang/105117419410.html
沙田信鸿蔚蓝海岸大四房满五唯一急售,"信鸿蔚蓝海岸 , 沙田镇",4室2厅,123.44平米,南,毛坯,高楼层(共32层) ,,板塔结合,145 万,11747 元,1,,,VR看装修 | 房本满五年 | 随时看房,https://dg.lianjia.com/ershoufang/105117410404.html
满五唯一无欠款，采光充足东南朝向,"东方银座中心城 , 大朗镇",1室1厅,39.36平米,东南,,中楼层(共22层) ,,板塔结合,15 万,3811 元,0,,7天以前发布,房本满五年 | 随时看房,https://dg.lianjia.com/ershoufang/105122489719.html
茶山保利锦城二期，配套齐全小区，交通方便,"保利锦城二期 , 茶山镇",4室2厅,130平米,南 北,简装,高楼层(共32层) ,,板塔结合,150 万,11539 元,0,,,VR看装修 | 房本满两年 | 随时看房,https://dg.lianjia.com/ershoufang/105116836781.html
卓越中寰地铁口物业。复式一房一厅。视野广采光好诚售,"卓越中寰 , 学院路",1室1厅,29.12平米,南,精装,18层 ,,板楼,30 万,10303 元,1,,,近地铁 | 房本满两年 | 随时看房,https://dg.lianjia.com/ershoufang/105120626690.html
大运城邦一期湖景三房；诚心出售；随时可以看房,"大运城邦曦城 , 凤岗镇",3室1厅,90.2平米,南 北,精装,33层 ,,板塔结合,130 万,14413 元,9,,,VR房源 | 随时看房,https://dg.lianjia.com/ershoufang/105120191301.html
东海城堡方正三房位置安静出行方便,"丰泰东海城堡 , 新联",3室2厅,98.16平米,东南 西北,简装,中楼层(共13层) ,,板塔结合,135 万,13754 元,1,,,VR看装修 | 房本满五年 | 随时看房,https://dg.lianjia.com/ershoufang/105121993414.html
精装修三房 采光好 全新未入住,"万科汉邦松湖半岛 , 松山湖",3室2厅,75.47平米,东南,精装,18层 ,,板塔结合,128 万,16961 元,12,,,VR看装修 | 随时看房,https://dg.lianjia.com/ershoufang/105119479260.html
此房楼层高，视野开阔，是毛坯的，可装成自己的风格,"盛和雅颂花园 , 横沥镇",4室2厅,128平米,南 北,毛坯,29层 ,,板塔结合,130 万,10157 元,1,,,VR看装修 | 随时看房,https://dg.lianjia.com/ershoufang/105118533153.html
恒盈豪庭  2房高楼层  南北对流  诚意出售,"恒盈豪庭 , 清溪镇",2室2厅,81.52平米,北 南,简装,高楼层(共15层) ,,板塔结合,68 万,8342 元,0,,,VR看装修 | 房本满五年,https://dg.lianjia.com/ershoufang/105118005384.html
莞城步步高竹苑 少有三房 诚意出售 楼层好 户型方正,"步步高小区 , 罗沙",3室2厅,79.53平米,南,简装,中楼层(共5层) ,,,82 万,10311 元,0,,,VR房源 | 房本满五年,https://dg.lianjia.com/ershoufang/105110250325.html
名流印象精装两房，朝南，视野开阔,"名流印象花园二期 , 凤岗镇",2室2厅,79.84平米,南,精装,33层 ,,板塔结合,118.5 万,14843 元,0,,,VR看装修 | 房本满五年 | 随时看房,https://dg.lianjia.com/ershoufang/105121817884.html
万科翡丽山这套94㎡三房是典型的‘满五唯一’，税费省,"万科翡丽山 , 水濂山",3室2厅,94.62平米,东南,,中楼层(共27层) ,,塔楼,135 万,14268 元,1,,,VR看装修 | 房本满五年 | 随时看房,https://dg.lianjia.com/ershoufang/105121178603.html
精装修三房 满五唯一免双税  南北对流,"名巨中央花园 , 横沥镇",3室2厅,93.12平米,西北,,28层 ,,塔楼,99.8 万,10718 元,0,,,VR看装修 | 房本满五年 | 随时看房,https://dg.lianjia.com/ershoufang/105113522651.html
莞城金峰堡  143平四房两厅  采光好  中楼层  朝南,"金峰堡大厦 , 东平街",4室2厅,142.87平米,南,,中楼层(共16层) ,,塔楼,145 万,10150 元,1,,,VR看装修 | 随时看房,https://dg.lianjia.com/ershoufang/105120968591.html
业主诚意出售，高楼层视野好，格局方正，小区管理好,"万科运河东1号 , 运河东",3室2厅,129.31平米,东南,精装,高楼层(共19层) ,,塔楼,199 万,15390 元,0,,,VR看装修 | 房本满两年,https://dg.lianjia.com/ershoufang/105117262072.html
卓 越中寰 平层一房一厅 朝南,"卓越中寰 , 学院路",1室1厅,57.83平米,南,精装,21层 ,,塔楼,40 万,6917 元,1,,,近地铁 | 房本满五年 | 随时看房,https://dg.lianjia.com/ershoufang/105119182166.html
翻新自住，保养新，高层视眼开阔,"飞龙山庄 , 黄河中心",3室2厅,129.66平米,东南,精装,高楼层(共16层) ,,塔楼,146 万,11261 元,1,,31天以前发布,VR房源 | 房本满两年 | 随时看房,https://dg.lianjia.com/ershoufang/105122254068.html
里悦里旁  精装三房两卫诚意出售 朝南 高楼层,"碧桂园·万象松湖 , 大朗镇",3室2厅,106平米,南,精装,32层 ,,塔楼,86 万,8114 元,5,,,随时看房,https://dg.lianjia.com/ershoufang/105121326121.html
地铁口旁 菊香苑 精装2房产权清晰户型方正,"菊香苑 , 东莞图书馆",2室1厅,77.91平米,东北,简装,中楼层(共9层) ,,塔楼,108 万,13863 元,1,,,VR看装修 | 房本满五年 | 随时看房,https://dg.lianjia.com/ershoufang/105118239837.html
精装修中间楼层业主自住保养好户型好,"卓越弥敦道御府 , 石碣镇",3室2厅,93.23平米,南,,中楼层(共32层) ,,板塔结合,115 万,12336 元,1,,,VR看装修 | 房本满两年,https://dg.lianjia.com/ershoufang/105117445819.html
次新楼盘 江景洋房 楼层舒适 视野开阔,"保利首铸天际 , 胜利路",4室2厅,117.75平米,西南,,中楼层(共48层) ,,板楼,305 万,25903 元,0,,,VR房源 | 房本满两年 | 随时看房,https://dg.lianjia.com/ershoufang/105121448954.html
新天美地花园带平台的房子，业主诚意出手,"新天美地花园 , 常平镇",3室2厅,101.02平米,西北,简装,高楼层(共21层) ,,板塔结合,93 万,9207 元,0,,,VR房源 | 房本满五年 | 随时看房,https://dg.lianjia.com/ershoufang/105121172306.html
汇景城市中心精装大两房拧包入住,"汇景城市中心 , 樟木头镇",2室1厅,80.08平米,南,精装,低楼层(共23层) ,,板塔结合,86 万,10740 元,0,,,VR看装修 | 房本满两年 | 随时看房,https://dg.lianjia.com/ershoufang/105117133287.html
南城区 万科翡丽山 高楼层 精装修 看房方便,"万科翡丽山 , 水濂山",3室2厅,96.87平米,东南,精装,高楼层(共27层) ,,板楼,129 万,13317 元,2,,,VR看装修 | 房本满五年 | 随时看房,https://dg.lianjia.com/ershoufang/105119992208.html
沙田碧桂园，房子户型好，楼层好，采光通透性,"沙田碧桂园滨江豪园 , 沙田镇",4室2厅,138平米,南 北,,29层 ,,塔楼,179 万,12972 元,0,,,VR看装修,https://dg.lianjia.com/ershoufang/105117654191.html
朝南 安静不吵 精装三房 业主急售 十万火急,"光大山湖城 , 大岭山镇",3室2厅,101.45平米,南,,高楼层(共33层) ,,塔楼,135 万,13308 元,0,,,VR看装修 | 房本满两年 | 随时看房,https://dg.lianjia.com/ershoufang/105120393196.html
香樟1号 3室1厅 东北,"香樟1号 , 樟木头镇",3室1厅,104.27平米,东北,精装,中楼层(共22层) ,,板塔结合,138 万,13235 元,0,,,VR房源 | 房本满五年 | 随时看房,https://dg.lianjia.com/ershoufang/105120604502.html
尚书悦府  精装修 保养好 户型好南北通透 可怜包入住,"尚书悦府 , 宏远北",3室2厅,90.05平米,南 北,精装,高楼层(共17层) ,,板塔结合,168 万,18657 元,1,,,VR看装修 | 房本满五年 | 随时看房,https://dg.lianjia.com/ershoufang/105120633935.html
大朗阳光城3房诚意出售，钥匙在手随时可看,"阳光城湖山悦 , 大朗镇",3室2厅,97.73平米,东南,精装,低楼层(共26层) ,,板塔结合,198 万,20260 元,0,,,VR看装修 | 随时看房,https://dg.lianjia.com/ershoufang/105119964410.html
万达商圈金地琥悦绿化高的花园小区方正精装三房,"金地琥悦 , 万达",3室2厅,99.57平米,东南 南,精装,低楼层(共15层) ,,板塔结合,165 万,16572 元,0,,,VR看装修 | 房本满五年,https://dg.lianjia.com/ershoufang/105121332466.html
不怕比价，急售 急售  南北通4房,"罗马景苑逸景湾 , 横沥镇",4室1厅,131.01平米,南,精装,中楼层(共20层) ,,塔楼,96 万,7328 元,1,,,VR房源 | 房本满五年,https://dg.lianjia.com/ershoufang/105121245236.html
大运城邦南北通透大四房 业主诚心出售 随时看房,"大运城邦曦城 , 凤岗镇",4室2厅,140.13平米,南 北,简装,32层 ,,板塔结合,208 万,14844 元,3,,,VR看装修 | 房本满五年,https://dg.lianjia.com/ershoufang/105122023319.html
精装修花园小区，两房诚意出售，看房方便.,"万科城市之光 , 虎门公园",2室1厅,40.4平米,南 北,精装,高楼层(共31层) ,,塔楼,60 万,14852 元,0,,,房本满五年,https://dg.lianjia.com/ershoufang/105119204278.html
长安虎门买房看柏龙湾 次新房 户型好,"柏龙湾 , 大宁",4室2厅,127.49平米,南,,中楼层(共17层) ,,塔楼,218 万,17100 元,0,,,VR看装修 | 随时看房,https://dg.lianjia.com/ershoufang/105122192259.html
佳兆业东江豪门三房出售精装修中高楼层视野旷阔,"佳兆业东江豪门 , 企石镇",3室2厅,89.36平米,南,,中楼层(共22层) ,,塔楼,79 万,8841 元,0,,,VR看装修 | 房本满五年 | 随时看房,https://dg.lianjia.com/ershoufang/105121285582.html
户型好，采光好，产权清晰，价格不贵,"清溪碧桂园翡翠湾2期 , 清溪镇",3室1厅,106平米,东南,精装,低楼层(共31层) ,,塔楼,168 万,15850 元,0,,,VR房源,https://dg.lianjia.com/ershoufang/105120621347.html
万科城中间楼层四房出售 诚心卖 产权清晰,"南部湾万科城 , 大宁",4室2厅,118.92平米,西南,,中楼层(共34层) ,,塔楼,235 万,19762 元,0,,,VR看装修,https://dg.lianjia.com/ershoufang/105121758430.html
虎门滨海城 4室1厅 东南,"虎门滨海城 , 新联",4室1厅,123.88平米,东南,简装,18层 ,,塔楼,235 万,18970 元,0,,,VR房源 | 房本满两年 | 随时看房,https://dg.lianjia.com/ershoufang/105121522524.html
满五唯一 无个税 不欠款 过户快 。正规两居 格局合理,"庄士新都 , 沙田镇",2室2厅,73.17平米,南,精装,7层 ,,塔楼,42 万,5741 元,1,,,VR看装修 | 房本满五年 | 随时看房,https://dg.lianjia.com/ershoufang/105120841185.html
金美花园楼楼的2房格局好，实用面积大，价格还美丽,"金美花园 , 常平镇",2室2厅,73平米,东北,简装,6层 ,,板楼,49 万,6713 元,0,,,VR看装修 | 房本满五年,https://dg.lianjia.com/ershoufang/105119752824.html
新天美地花园高层南北对流三房出售,"新天美地花园 , 常平镇",3室2厅,92.8平米,西北,精装,高楼层(共21层) ,,板塔结合,86 万,9268 元,1,,,VR看装修 | 房本满五年 | 随时看房,https://dg.lianjia.com/ershoufang/105113398653.html
急售礼顿127平四房二卫小区中间位置楼层好宜居,"礼顿金御海湾 , 沙田镇",4室2厅,128.89平米,南,毛坯,中楼层(共17层) ,,板塔结合,99 万,7681 元,2,,,VR看装修 | 房本满五年 | 随时看房,https://dg.lianjia.com/ershoufang/105119090997.html
保利东岸大四房，双阳台南北通透，拎包入住,"保利锦城二期 , 茶山镇",4室2厅,130.92平米,南 北,,低楼层(共32层) ,,板塔结合,167 万,12756 元,1,,,VR看装修 | 房本满五年 | 随时看房,https://dg.lianjia.com/ershoufang/105121663702.html
"房子视野景观好视野开阔，户型采光好,房子全新没住过","保利心语花园 , 寮步",3室2厅,80.08平米,北,,中楼层(共28层) ,,塔楼,115 万,14361 元,0,,,VR看装修 | 房本满五年 | 随时看房,https://dg.lianjia.com/ershoufang/105121557168.html
御江1号 3室2厅 南,"御江1号 , 横沥镇",3室2厅,91.31平米,南,精装,低楼层(共24层) ,,塔楼,118 万,12924 元,0,,,VR看装修 | 房本满五年,https://dg.lianjia.com/ershoufang/105121937053.html
中间楼层，视野采光好，横厅长阳台,"时代香海彼岸2期 , 道滘镇",4室2厅,121.27平米,东南 南,,中楼层(共23层) ,,板楼,176 万,14514 元,1,,,VR看装修 | 房本满两年 | 随时看房,https://dg.lianjia.com/ershoufang/105112789195.html
石竹山水园八期满五唯一无欠款毛坯两房低价出售,"石竹山水园望景台 , 桥头镇",2室1厅,84.19平米,东南,毛坯,高楼层(共23层) ,,塔楼,56 万,6652 元,1,,,VR看装修 | 随时看房,https://dg.lianjia.com/ershoufang/105111864040.html
业主刚需置换大别墅出售香樟绿洲电梯高层大三房,"中惠香樟绿洲 , 樟木头镇",3室2厅,97.98平米,北,精装,30层 ,,板楼,90 万,9186 元,2,,,VR看装修 | 房本满五年,https://dg.lianjia.com/ershoufang/105118542471.html
此房是方正三房，业主家保养很好。,"金丰商业街 , 宏远北",3室2厅,96.08平米,南,简装,低楼层(共7层) ,,塔楼,83 万,8639 元,3,,,VR看装修 | 房本满五年,https://dg.lianjia.com/ershoufang/105111524253.html
光大景湖湾畔 2室1厅 北,"光大景湖湾畔 , 宏远南",2室1厅,71.06平米,北,,中楼层(共11层) ,,板塔结合,96 万,13510 元,0,,5天以前发布,VR房源 | 房本满五年,https://dg.lianjia.com/ershoufang/105122509875.html
万科精装修三房两卫   视野开阔采光好    诚心出售,"万科大中江南院子 , 沙田镇",3室2厅,92.81平米,东南,精装,中楼层(共30层) ,,塔楼,115 万,12391 元,1,,,VR看装修 | 房本满两年 | 随时看房,https://dg.lianjia.com/ershoufang/105116278032.html
时代天境横厅四房 全新未入住 看花园中间 采光充足,"时代天境 , 石排镇",4室2厅,127平米,南,精装,低楼层(共17层) ,,塔楼,190 万,14961 元,0,,,VR房源 | 随时看房,https://dg.lianjia.com/ershoufang/105121909652.html
虎门龙泉广场 旁边实惠3房 有红本可过户,"虎门人民路169号 , 黄河中心",3室1厅,84.1平米,东南,简装,高楼层(共6层) ,,板楼,30.8 万,3663 元,4,,,VR房源 | 房本满五年,https://dg.lianjia.com/ershoufang/105121383038.html
业主诚心出售万科南向两，无欠款,"万科金域国际 , 厚街镇",3室2厅,96平米,东北,,中楼层(共32层) ,,板塔结合,129 万,13438 元,3,,,VR看装修,https://dg.lianjia.com/ershoufang/105119735313.html
八达路96平大三房 上中英文 业主急售,"八达路商住楼 , 东莞行政中心区",3室2厅,96.24平米,南,,中楼层(共8层) ,,板楼,65 万,6754 元,1,,,VR看装修 | 房本满两年 | 随时看房,https://dg.lianjia.com/ershoufang/105119844142.html
莞城龙光君御旗峰豪园，大隐于市的圈层社交大宅,"君御旗峰豪园 , 东莞行政中心区",5室2厅,311.47平米,南,精装,低楼层(共34层) ,,塔楼,898 万,28832 元,0,,31天以前发布,近地铁 | VR房源 | 随时看房,https://dg.lianjia.com/ershoufang/105122252189.html
实力开发商，三房两卫业主自住装修保养新。满五年,"卓越蔚蓝城邦 , 常平镇",3室2厅,98平米,南,精装,33层 ,,板塔结合,95 万,9694 元,0,,,VR看装修 | 房本满五年,https://dg.lianjia.com/ershoufang/105115476826.html
中惠悦峰 3室2厅 南,"中惠悦峰 , 新联",3室2厅,99.28平米,南,,高楼层(共11层) ,,塔楼,120 万,12088 元,0,,,VR看装修 | 房本满两年 | 随时看房,https://dg.lianjia.com/ershoufang/105121749855.html
不怕比价，急售 急售  南北通4房,"罗马景苑逸景湾 , 横沥镇",4室1厅,131.01平米,南,精装,中楼层(共20层) ,,塔楼,96 万,7328 元,1,,,VR房源 | 房本满五年,https://dg.lianjia.com/ershoufang/105121245236.html
联华花园城98平三房 格局装修保养好业主诚意出售,"联华花园城 , 上下桥",3室1厅,98.93平米,北,精装,中楼层(共17层) ,,板塔结合,130 万,13141 元,0,,7天以前发布,VR房源,https://dg.lianjia.com/ershoufang/105122492349.html
小区环境好，配套齐全，户型通透，通风效果好,"万达华府 , 万达",1室1厅,52平米,东南,精装,低楼层(共28层) ,,板塔结合,33 万,6347 元,6,,,随时看房,https://dg.lianjia.com/ershoufang/105113210968.html
滨海湾新区，天虹商圈，精装2房2厅诚意出售。,"地标广场 , 地标",2室1厅,78.44平米,南,精装,28层 ,,板塔结合,140 万,17849 元,3,,,VR看装修 | 房本满五年 | 随时看房,https://dg.lianjia.com/ershoufang/105110495246.html
融创中间楼层精装四房 前后阳台看花园,"融创松湖澜园 , 大岭山镇",4室2厅,114.04平米,南,简装,18层 ,,板塔结合,138 万,12102 元,0,,,VR房源 | 房本满五年 | 随时看房,https://dg.lianjia.com/ershoufang/105121695821.html
带入户花园中间楼层 位置安静  户型通透 低税费,"长安花园 , 长安新区",2室1厅,76.05平米,北,简装,11层 ,,塔楼,108 万,14202 元,0,,,VR看装修 | 房本满五年,https://dg.lianjia.com/ershoufang/105120326966.html
万科金域国际两房，不欠款诚意出售,"万科金域国际 , 厚街镇",2室1厅,75.83平米,南,精装,低楼层(共9层) ,,板塔结合,59.9 万,7900 元,5,,,近地铁 | 房本满五年,https://dg.lianjia.com/ershoufang/105121305781.html
纳帕溪谷花园3房2厅2卫 有钥匙方便看房,"广源纳帕溪谷 , 茶山镇",3室2厅,114.92平米,东南,毛坯,26层 ,,塔楼,115 万,10007 元,1,,,VR看装修 | 随时看房,https://dg.lianjia.com/ershoufang/105120691082.html
南城精装四房 朝南向看花园 业主诚心出售,"汇龙湾 , 宏远北",4室2厅,110.27平米,西南,精装,中楼层(共32层) ,,塔楼,215 万,19498 元,0,,,VR看装修 | 房本满五年 | 随时看房,https://dg.lianjia.com/ershoufang/105121275424.html
正看湖景   高楼层3房2卫  业主诚意卖,"百悦尚城三期恒大御湖 , 南城车站",3室2厅,117.71平米,东南,精装,高楼层(共18层) ,,板塔结合,264 万,22429 元,1,,,近地铁 | VR看装修 | 房本满五年 | 随时看房,https://dg.lianjia.com/ershoufang/105119142240.html
南部湾万科城 3室2厅 西南,"南部湾万科城 , 大宁",3室2厅,94.84平米,西南,简装,34层 ,,塔楼,165 万,17398 元,1,,,VR看装修 | 房本满五年 | 随时看房,https://dg.lianjia.com/ershoufang/105120664649.html
"天虹地铁口毛坯一房，交通便利，中楼层,通风采光好","地标大厦 , 地标",1室1厅,58.31平米,东南,毛坯,中楼层(共24层) ,,塔楼,38 万,6517 元,0,,,VR看装修,https://dg.lianjia.com/ershoufang/105116538326.html
太平广场旁 户型方正三房 总价低 地段好,"中银楼 , 太平广场",3室1厅,90.62平米,北,精装,中楼层(共8层) ,,板塔结合,60 万,6622 元,0,,,VR看装修 | 房本满五年 | 随时看房,https://dg.lianjia.com/ershoufang/105120192107.html
汇景中高楼层两房出售，景观好，视野开阔,"汇景凯伦湾花园 , 沙田镇",2室2厅,81.04平米,南,精装,中楼层(共32层) ,,塔楼,69 万,8515 元,0,,,VR看装修 | 房本满五年 | 随时看房,https://dg.lianjia.com/ershoufang/105121454404.html
艺境松山湖，中高楼层直通地下室，东南向，门口网红桥,"艺境松山湖 , 石排镇",3室1厅,100.63平米,东南,简装,低楼层(共31层) ,,塔楼,139 万,13813 元,0,,,VR房源 | 房本满两年 | 随时看房,https://dg.lianjia.com/ershoufang/105121237184.html
御景花园104.7平朝园林三房两卫业主诚意出售,"御景花园 , 樟木头镇",3室1厅,104.7平米,东 北,简装,中楼层(共7层) ,,板塔结合,68 万,6495 元,1,,,VR看装修 | 房本满五年 | 随时看房,https://dg.lianjia.com/ershoufang/105121757805.html
寮步轻轨旁，保利次新小区，全新3房,"保利卓越中环广场 , 寮步",3室2厅,95.93平米,西南,精装,低楼层(共33层) ,,塔楼,195 万,20328 元,3,,,VR看装修 | 房本满两年 | 随时看房,https://dg.lianjia.com/ershoufang/105119818026.html
满五唯一，达鑫精装两房，业主急售,"达鑫江滨新城 , 石碣镇",2室1厅,85.95平米,南,简装,高楼层(共15层) ,,板楼,86 万,10006 元,1,,,VR看装修 | 房本满五年 | 随时看房,https://dg.lianjia.com/ershoufang/105120573060.html
精装修方正三房，业主诚心卖，满五无欠款,"鸿财大厦 , 太平广场",3室2厅,79.45平米,西南,精装,中楼层(共7层) ,,塔楼,48 万,6042 元,1,,,VR看装修 | 房本满五年 | 随时看房,https://dg.lianjia.com/ershoufang/105116824178.html
步梯方正3房 ，满5唯一，税费少，业主换房急卖,"东江花园(樟木头镇) , 樟木头镇",3室2厅,68平米,南,简装,8层 ,,板楼,14 万,2059 元,16,,,VR房源,https://dg.lianjia.com/ershoufang/105121476326.html
此房户型方正，朝向楼层好，采光充足，视野宽阔！,"利丰时代 , 东坑镇",3室2厅,56.88平米,东南,,低楼层(共10层) ,,塔楼,30 万,5275 元,4,,,房本满五年 | 随时看房,https://dg.lianjia.com/ershoufang/105113371690.html
碧桂园精装修3房2厅 双阳台 南北对流,"碧桂园狮子洋 , 沙田镇",3室2厅,106.33平米,南 北,精装,中楼层(共17层) ,,塔楼,108 万,10158 元,2,,,VR看装修 | 房本满两年,https://dg.lianjia.com/ershoufang/105113139877.html
大朗富盈世界汇精装大套房，诚意出售,"富盈世界汇 , 大朗镇",1室1厅,56.92平米,西北,,中楼层(共24层) ,,板塔结合,21 万,3690 元,2,,,房本满五年,https://dg.lianjia.com/ershoufang/105119303243.html
天虹旁精装两房，业主自住。保养好。,"碧桂园时代城 , 塘厦镇",2室2厅,83.94平米,北,精装,25层 ,,板塔结合,78 万,9293 元,2,,,VR房源 | 房本满五年,https://dg.lianjia.com/ershoufang/105118637156.html
户型方正，采光好，小区设施配套齐全,"中惠悦湾 , 石碣镇",3室2厅,97.67平米,东南,精装,低楼层(共25层) ,,塔楼,95 万,9727 元,0,,,VR房源 | 房本满五年,https://dg.lianjia.com/ershoufang/105114938449.html
南北对流双阳台！高楼层！采光通风靓！碧桂园大三房！,"碧桂园珑远紫宸府 , 石碣镇",3室2厅,121.23平米,南 北,精装,25层 ,,板塔结合,136 万,11219 元,0,,,VR看装修 | 房本满五年 | 随时看房,https://dg.lianjia.com/ershoufang/105115712562.html
温馨三房家园南北通透 户型方正采光好没有入住过,"天悦家园 , 塘厦镇",3室2厅,115.35平米,南 北,精装,低楼层(共28层) ,,塔楼,165 万,14305 元,0,,,VR看装修 | 房本满两年 | 随时看房,https://dg.lianjia.com/ershoufang/105116389086.html
丰泰华园山庄  湖景房 东南朝向 通透舒适,"丰泰华园山庄 , 新联",3室2厅,102.85平米,东南,简装,19层 ,,板塔结合,115 万,11182 元,5,,,VR看装修 | 房本满五年,https://dg.lianjia.com/ershoufang/105116100143.html
翡翠山湖朝南大两房看湖景 业主换房急卖,"翡翠山湖 , 凤岗镇",2室2厅,87.76平米,南,,11层 ,,塔楼,87 万,9914 元,0,,11天以前发布,VR房源 | 房本满五年,https://dg.lianjia.com/ershoufang/105122448654.html
天虹精装四房 使用率92%  两个套房 高楼层,"地标广场 , 地标",4室2厅,177.95平米,南 北,精装,29层 ,,板塔结合,350 万,19669 元,0,,,VR看装修 | 随时看房,https://dg.lianjia.com/ershoufang/105121994848.html
好房朝南 满五唯一 装修保养好 看房方便,"金地城南艺境 , 道滘镇",3室2厅,96.25平米,南,精装,33层 ,,塔楼,138 万,14338 元,0,,,VR看装修 | 房本满五年,https://dg.lianjia.com/ershoufang/105120464478.html
方正少有98平方正朝南户型，看游泳池。,"丰泰东海城堡 , 新联",3室2厅,97.75平米,南,精装,低楼层(共15层) ,,板塔结合,125 万,12788 元,1,,19天以前发布,VR房源 | 房本满五年,https://dg.lianjia.com/ershoufang/105122356557.html
环境美丽 地下一楼 进出方便 住家很温馨如意,"雍景花园 , 樟木头镇",地下室(共6层) ,59.56平米,南,简装,地下室(共6层) ,,塔楼,29.8 万,5004 元,0,,,VR房源 | 房本满五年 | 随时看房,https://dg.lianjia.com/ershoufang/105121923281.html
招商雍景湾四房两卫双阳台，业主诚意出售！,"招商雍景湾 , 横沥镇",4室2厅,117.54平米,西北,,低楼层(共27层) ,,板塔结合,185 万,15740 元,0,,,VR看装修 | 房本满两年,https://dg.lianjia.com/ershoufang/105122036829.html
满五唯一，达鑫精装两房，业主急售,"达鑫江滨新城 , 石碣镇",2室1厅,85.95平米,南,简装,高楼层(共15层) ,,板楼,86 万,10006 元,1,,,VR看装修 | 房本满五年 | 随时看房,https://dg.lianjia.com/ershoufang/105120573060.html
全开见朝南看花园  中间楼层拎包入住,"金地格林上院 , 大岭山镇",4室2厅,173平米,南,精装,高楼层(共18层) ,,塔楼,229 万,13237 元,3,,,VR房源 | 房本满五年 | 随时看房,https://dg.lianjia.com/ershoufang/105118283780.html
户型方正 带租约出售   东向景观好看,"星河传说迪纳公寓 , 石井",1室1厅,40.22平米,东,精装,中楼层(共29层) ,,板塔结合,60 万,14918 元,0,,,VR房源 | 房本满五年 | 随时看房,https://dg.lianjia.com/ershoufang/105119872845.html
万科第五城中高层朝南三房二卫，全新未入住过,"万科第五城 , 高埗镇",3室2厅,92.84平米,西南,精装,32层 ,,板楼,130 万,14003 元,0,,28天以前发布,VR看装修 | 房本满两年 | 随时看房,https://dg.lianjia.com/ershoufang/105122288838.html
新里城一期 南北对流三房两卫 通风采光好 价可议,"新里城西城道 , 道滘镇",3室2厅,85.98平米,南,简装,26层 ,,板楼,80 万,9305 元,0,,,VR看装修 | 房本满五年,https://dg.lianjia.com/ershoufang/105120645178.html
精装四房保养好 视野无遮挡 楼层好 交通便利,"万科第五城 , 高埗镇",4室2厅,115.6平米,东南,精装,34层 ,,板楼,173 万,14966 元,0,,,VR看装修 | 房本满两年 | 随时看房,https://dg.lianjia.com/ershoufang/105118499339.html
此房三房两厅两卫 格局方正 过五唯一 采光好,"新城市广场 , 樟木头镇",3室2厅,99平米,东北,精装,高楼层(共7层) ,,板塔结合,30.6 万,3091 元,9,,,VR看装修 | 随时看房,https://dg.lianjia.com/ershoufang/105120865711.html
御景花园104.7平朝园林三房两卫业主诚意出售,"御景花园 , 樟木头镇",3室1厅,104.7平米,东 北,简装,中楼层(共7层) ,,板塔结合,68 万,6495 元,1,,,VR看装修 | 房本满五年 | 随时看房,https://dg.lianjia.com/ershoufang/105121757805.html
地铁口物业，精装修拎包入住，次新小区，配套齐全,"东实旗云花园 , 石龙镇",3室2厅,98.12平米,南,精装,高楼层(共30层) ,,板楼,130 万,13250 元,0,,,近地铁 | VR看装修 | 房本满两年 | 随时看房,https://dg.lianjia.com/ershoufang/105116103287.html
御城花园108平方毛坯3房2卫诚心出售,"御城花园 , 塘厦镇",3室2厅,107.7平米,东南,毛坯,33层 ,,板塔结合,155 万,14392 元,0,,,VR看装修 | 房本满两年 | 随时看房,https://dg.lianjia.com/ershoufang/105120764980.html
虎门大道上万科次新小区精装三房,"万科金色里程 , 虎门公园",3室2厅,97.62平米,南,精装,低楼层(共33层) ,,板塔结合,152 万,15571 元,2,,,VR看装修 | 房本满五年 | 随时看房,https://dg.lianjia.com/ershoufang/105119659040.html
格局好，楼层好，交通配套好 旁边就是雁田市场,"锦龙湾畔二期 , 凤岗镇",3室2厅,90.12平米,南 北,毛坯,21层 ,,板塔结合,136 万,15091 元,0,,,VR房源 | 房本满两年 | 随时看房,https://dg.lianjia.com/ershoufang/105119781243.html
太平广场旁 户型方正三房 总价低 地段好,"中银楼 , 太平广场",3室1厅,90.62平米,北,精装,中楼层(共8层) ,,板塔结合,60 万,6622 元,0,,,VR看装修 | 房本满五年 | 随时看房,https://dg.lianjia.com/ershoufang/105120192107.html
汇景中高楼层两房出售，景观好，视野开阔,"汇景凯伦湾花园 , 沙田镇",2室2厅,81.04平米,南,精装,中楼层(共32层) ,,塔楼,69 万,8515 元,0,,,VR看装修 | 房本满五年 | 随时看房,https://dg.lianjia.com/ershoufang/105121454404.html
"天虹地铁口毛坯一房，交通便利，中楼层,通风采光好","地标大厦 , 地标",1室1厅,58.31平米,东南,毛坯,中楼层(共24层) ,,塔楼,38 万,6517 元,0,,,VR看装修,https://dg.lianjia.com/ershoufang/105116538326.html
大岭山金地格林上院地铁口阔绰大两房楼下地铁口,"金地格林上院 , 大岭山镇",2室2厅,77.14平米,东 北,精装,中楼层(共18层) ,,塔楼,88 万,11408 元,0,,,VR看装修 | 房本满五年,https://dg.lianjia.com/ershoufang/105122066224.html
艺境松山湖，中高楼层直通地下室，东南向，门口网红桥,"艺境松山湖 , 石排镇",3室1厅,100.63平米,东南,简装,低楼层(共31层) ,,塔楼,139 万,13813 元,0,,,VR房源 | 房本满两年 | 随时看房,https://dg.lianjia.com/ershoufang/105121237184.html
融创中间楼层精装四房 前后阳台看花园,"融创松湖澜园 , 大岭山镇",4室2厅,114.04平米,南,简装,18层 ,,板塔结合,138 万,12102 元,0,,,VR房源 | 房本满五年 | 随时看房,https://dg.lianjia.com/ershoufang/105121695821.html
新天地华庭3房2卫，精装修，加装电梯了，业主急售。,"新天地华庭 , 寮步",3室1厅,80.35平米,北,精装,7层 ,,板楼,88 万,10953 元,4,,,VR房源 | 房本满两年 | 随时看房,https://dg.lianjia.com/ershoufang/105120456621.html
带入户花园中间楼层 位置安静  户型通透 低税费,"长安花园 , 长安新区",2室1厅,76.05平米,北,简装,11层 ,,塔楼,108 万,14202 元,0,,,VR看装修 | 房本满五年,https://dg.lianjia.com/ershoufang/105120326966.html
星城翠珑湾一期 70年产权公寓 3房业主诚心卖,"星城翠珑湾一期 , 松山湖",3室2厅,77.45平米,南,毛坯,25层 ,,塔楼,75 万,9684 元,61,,,房本满五年 | 随时看房,https://dg.lianjia.com/ershoufang/105104712799.html
翠珑湾一期毛坯出售~，高楼层。,"星城翠珑湾一期 , 松山湖",3室1厅,95.24平米,东,毛坯,26层 ,,塔楼,90 万,9450 元,4,,,房本满五年 | 随时看房,https://dg.lianjia.com/ershoufang/105118265148.html
江滨花园四期，户型方正，采光好，适合宜居。,"江滨花园四期 , 华南摩尔",3室2厅,85.5平米,东北,精装,中楼层(共8层) ,,塔楼,68.8 万,8047 元,5,,,VR房源 | 房本满五年,https://dg.lianjia.com/ershoufang/105118653079.html
顶楼带大露台3房，业主自住，诚心出售,"金地格林小城 , 西平",3室2厅,103.7平米,西南,精装,高楼层(共11层) ,,板塔结合,193 万,18612 元,5,,,VR房源 | 房本满五年,https://dg.lianjia.com/ershoufang/105119250553.html
电梯三房，带露台花园，户型方正,"江滨花园一期 , 华南摩尔",3室2厅,97平米,西南,,中楼层(共7层) ,,塔楼,86 万,8866 元,0,,,VR房源,https://dg.lianjia.com/ershoufang/105122181642.html
江滨花园五期，方正户型，东南朝向，看花园,"江滨花园五期 , 华南摩尔",3室2厅,89.51平米,东南,简装,中楼层(共8层) ,,塔楼,88.8 万,9921 元,2,,,VR看装修 | 房本满五年 | 随时看房,https://dg.lianjia.com/ershoufang/105120827528.html
楼层好，采光好，视野开阔，保养漂亮，业主诚心卖,"万科金域松湖花园二期 , 松山湖",3室2厅,98.08平米,东南,,中楼层(共20层) ,,塔楼,256 万,26102 元,0,,,VR看装修 | 房本满五年 | 随时看房,https://dg.lianjia.com/ershoufang/105122011927.html
精英名都三房靓丽整洁喜欢pick美时光小王,"精英名都 , 南城车站",3室1厅,91.25平米,东南,,低楼层(共16层) ,,板塔结合,130 万,14247 元,1,,,VR看装修 | 房本满五年,https://dg.lianjia.com/ershoufang/105116459618.html
此房满五 南向对花园 彩光通风好 业主急售,"江滨花园一期 , 华南摩尔",3室2厅,100.5平米,西南,简装,高楼层(共8层) ,,塔楼,79 万,7861 元,1,,,VR看装修 | 房本满两年 | 随时看房,https://dg.lianjia.com/ershoufang/105113707296.html
厚街万达精致一房诚心出售，有钥匙，随时可以看房1,"万达御湖公馆 , 厚街镇",1室0厅,36平米,西北,精装,27层 ,,板塔结合,20 万,5556 元,0,,8天以前发布,近地铁 | 随时看房,https://dg.lianjia.com/ershoufang/105122480601.html
此房满五 南向对花园 彩光通风好 业主急售,"江滨花园一期 , 华南摩尔",3室2厅,100.5平米,西南,简装,高楼层(共8层) ,,塔楼,79 万,7861 元,1,,,VR看装修 | 房本满两年 | 随时看房,https://dg.lianjia.com/ershoufang/105113707296.html
江滨花园五期，方正户型，东南朝向，看花园,"江滨花园五期 , 华南摩尔",3室2厅,89.51平米,东南,简装,中楼层(共8层) ,,塔楼,88.8 万,9921 元,2,,,VR看装修 | 房本满五年 | 随时看房,https://dg.lianjia.com/ershoufang/105120827528.html
恒大绿洲精装3房带车位诚心出售,"恒大绿洲 , 凤岗镇",3室2厅,89平米,北,,27层 ,,塔楼,135 万,15169 元,0,,,VR看装修 | 随时看房,https://dg.lianjia.com/ershoufang/105122187721.html
万江北大资源御湾  高层三房 看江景 业主诚心出售,"北大资源御湾 , 华南摩尔",3室1厅,90.27平米,东北,,高楼层(共32层) ,,塔楼,139.8 万,15487 元,2,,,VR看装修 | 房本满五年,https://dg.lianjia.com/ershoufang/105112841286.html
万江CBD毛坯三房，可塑性强，价格美丽。,"北大资源御湾 , 华南摩尔",3室2厅,97.87平米,南,精装,低楼层(共33层) ,,塔楼,168 万,17166 元,2,,,VR看装修 | 随时看房,https://dg.lianjia.com/ershoufang/105111304052.html
翠珑湾一期毛坯出售~，高楼层。,"星城翠珑湾一期 , 松山湖",3室1厅,95.24平米,东,毛坯,26层 ,,塔楼,90 万,9450 元,4,,,房本满五年 | 随时看房,https://dg.lianjia.com/ershoufang/105118265148.html
精英名都三房靓丽整洁喜欢pick美时光小王,"精英名都 , 南城车站",3室1厅,91.25平米,东南,,低楼层(共16层) ,,板塔结合,130 万,14247 元,1,,,VR看装修 | 房本满五年,https://dg.lianjia.com/ershoufang/105116459618.html
江滨花园四期，户型方正，采光好，适合宜居。,"江滨花园四期 , 华南摩尔",3室2厅,85.5平米,东北,精装,中楼层(共8层) ,,塔楼,68.8 万,8047 元,5,,,VR房源 | 房本满五年,https://dg.lianjia.com/ershoufang/105118653079.html
星城翠珑湾一期 70年产权公寓 3房业主诚心卖,"星城翠珑湾一期 , 松山湖",3室2厅,77.45平米,南,毛坯,25层 ,,塔楼,75 万,9684 元,61,,,房本满五年 | 随时看房,https://dg.lianjia.com/ershoufang/105104712799.html
房子装修保养好，采光通风好，出行方便,"凤安大厦 , 凤岗镇",2室2厅,82.95平米,南,简装,16层 ,,塔楼,69 万,8319 元,0,,,VR看装修 | 房本满五年,https://dg.lianjia.com/ershoufang/105117186751.html
松湖明珠小三房，中间楼层，装修漂亮,"碧桂园松湖明珠 , 横沥镇",3室2厅,78.92平米,南,精装,中楼层(共26层) ,,塔楼,109 万,13812 元,0,,31天以前发布,VR看装修 | 房本满两年,https://dg.lianjia.com/ershoufang/105122251754.html
全新装修的带露台南北对流 随时可以看 华师,"光大景湖春天 , 火炼树",3室2厅,112.21平米,南,,中楼层(共5层) ,,塔楼,190 万,16933 元,1,,12天以前发布,VR房源 | 房本满五年,https://dg.lianjia.com/ershoufang/105122434126.html
宜家花园2房1厅1卫业主诚意出售,"宜家花园 , 太平广场",2室1厅,60.6平米,东南,,低楼层(共16层) ,,塔楼,32.5 万,5364 元,1,,26天以前发布,VR房源 | 房本满五年 | 随时看房,https://dg.lianjia.com/ershoufang/105122304291.html
业主诚意出售  高楼层景观好 新装修环保材料,"鼎峰尚境北园 , 寮步",4室2厅,137.42平米,南,精装,高楼层(共31层) ,,塔楼,330 万,24014 元,0,,,VR看装修 | 房本满五年,https://dg.lianjia.com/ershoufang/105119494592.html
佳兆业碧海云天 四期 精装修 一线海景 双阳台业主急售,"碧海云天 , 沙田镇",4室2厅,136.62平米,南,精装,中楼层(共32层) ,,,150 万,10980 元,1,,,VR看装修 | 房本满两年 | 随时看房,https://dg.lianjia.com/ershoufang/105118618786.html
电梯高层 视野无遮挡 通风效果好 随时看房,"中信阳光澳园 , 东泰",3室2厅,111.81平米,东北,简装,中楼层(共15层) ,,板塔结合,159 万,14221 元,1,,,VR房源 | 房本满五年,https://dg.lianjia.com/ershoufang/105121237421.html
满五唯一，房东诚心出售，看房方便；宽敞明亮。,"新世纪花园 , 石碣镇",3室2厅,97.47平米,南,精装,中楼层(共10层) ,,塔楼,82 万,8413 元,3,,,VR看装修 | 房本满五年,https://dg.lianjia.com/ershoufang/105111420429.html
宏丰楼 改善三房 红本在手 随时腾房,"宏丰楼 , 凤岗镇",3室2厅,106.13平米,南,简装,13层 ,,塔楼,75 万,7067 元,1,,,VR房源 | 随时看房,https://dg.lianjia.com/ershoufang/105118597623.html
万象府全新二房东南朝向非顶楼视野开阔看公园无遮挡,"万象府 , 石竹",2室1厅,82平米,东南,精装,低楼层(共30层) ,,板塔结合,230 万,28049 元,1,,,VR看装修,https://dg.lianjia.com/ershoufang/105121584540.html
虎门国际公馆小区4房  精装高层  采光通风好 诚意卖,"虎门国际公馆 , 新联",4室1厅,134.85平米,西北,,中楼层(共17层) ,,塔楼,160 万,11866 元,2,,,VR房源 | 房本满五年 | 随时看房,https://dg.lianjia.com/ershoufang/105119018241.html
保养好，户型方正，位置安静，采光通透,"珠江骏景高尔夫花园 , 塘厦镇",3室2厅,154.43平米,南,简装,9层 ,,塔楼,168 万,10879 元,1,,,VR看装修 | 房本满五年 | 随时看房,https://dg.lianjia.com/ershoufang/105120380374.html
寮步横坑万科时富金色家园精装修四房,"万科时富金色家园 , 寮步",4室2厅,98平米,东北,精装,低楼层(共18层) ,,塔楼,195 万,19898 元,0,,24天以前发布,VR房源 | 房本满五年 | 随时看房,https://dg.lianjia.com/ershoufang/105122318647.html
电梯三房，带露台花园，户型方正,"江滨花园一期 , 华南摩尔",3室2厅,97平米,西南,,中楼层(共7层) ,,塔楼,86 万,8866 元,0,,,VR房源,https://dg.lianjia.com/ershoufang/105122181642.html
楼层好，采光好，视野开阔，保养漂亮，业主诚心卖,"万科金域松湖花园二期 , 松山湖",3室2厅,98.08平米,东南,,中楼层(共20层) ,,塔楼,256 万,26102 元,0,,,VR看装修 | 房本满五年 | 随时看房,https://dg.lianjia.com/ershoufang/105122011927.html
三屯富怡名居 4室1厅 东南,"三屯富怡名居 , 厚街镇",4室1厅,152.88平米,东南,简装,9层 ,,板塔结合,148 万,9681 元,0,,,VR房源 | 房本满两年,https://dg.lianjia.com/ershoufang/105121165492.html
高埗安联尚璟南北通双阳台四房，未入住过,"安联尚璟 , 高埗镇",4室2厅,125.66平米,东南,精装,中楼层(共26层) ,,板楼,165 万,13131 元,0,,,VR房源 | 房本满两年 | 随时看房,https://dg.lianjia.com/ershoufang/105121688291.html
花香十二院 精装三房 带255平米大平台出售,"君丽花园 , 厚街镇",3室2厅,86.86平米,北,,低楼层(共17层) ,,板塔结合,133 万,15312 元,2,,,VR看装修 | 房本满五年,https://dg.lianjia.com/ershoufang/105118488923.html
通风好。交通便利，业主诚心出售。,"珑远翠珑湾 , 寮步",4室2厅,138.17平米,东南 北,精装,中楼层(共32层) ,,塔楼,345 万,24970 元,1,,,VR看装修 | 房本满两年 | 随时看房,https://dg.lianjia.com/ershoufang/105118366332.html
海月居三房两厅两卫 满五唯一，户型宽敞明亮,"海月居 , 沙田镇",3室2厅,96.32平米,东,毛坯,17层 ,,塔楼,72 万,7476 元,2,,,VR看装修 | 房本满五年 | 随时看房,https://dg.lianjia.com/ershoufang/105121662705.html
板楼，板楼，不是您选房，而是要懂房,"合正上东国际 , 下坝",3室2厅,134平米,南,简装,高楼层(共18层) ,,板塔结合,238 万,17762 元,0,,,VR看装修 | 房本满五年 | 随时看房,https://dg.lianjia.com/ershoufang/105122064854.html
爱都花园电梯两房，刚需住房，衣食住行方便,"爱都花园 , 樟木头镇",2室2厅,63.71平米,东南,精装,低楼层(共32层) ,,塔楼,25.8 万,4050 元,0,,18天以前发布,VR房源 | 随时看房,https://dg.lianjia.com/ershoufang/105122373965.html
君逸名轩102平2梯3户 通透户型 急售看房方便,"怡丰君逸名轩 , 石井",4室2厅,102.97平米,南,精装,低楼层(共18层) ,,塔楼,166 万,16122 元,2,,,VR房源 | 房本满五年,https://dg.lianjia.com/ershoufang/105120688909.html
次新小区毛坯三房出售 有钥匙随时可以看房,"中天悦府 , 万达",3室2厅,87.98平米,南 北,毛坯,高楼层(共26层) ,,板塔结合,108 万,12276 元,0,,,VR看装修 | 房本满五年 | 随时看房,https://dg.lianjia.com/ershoufang/105121819861.html
运河边次新小区小三房 自主保养好,"田禾卢浮公馆 , 运河东",3室2厅,79.41平米,南,精装,高楼层(共32层) ,,板楼,170 万,21408 元,0,,,VR看装修 | 房本满五年,https://dg.lianjia.com/ershoufang/105121376986.html
东城地铁口香缤时代精装3房 高层采光好无遮挡 带租约,"香缤时代园 , 世博广场",3室2厅,49.74平米,北,精装,高楼层(共13层) ,,板塔结合,78 万,15682 元,0,,,近地铁 | VR房源 | 房本满五年 | 随时看房,https://dg.lianjia.com/ershoufang/105121487578.html
保利中央公馆94平三房出售 中高楼层 朝南看河边,"保利中央公馆 , 清溪镇",3室2厅,94.68平米,东南,,高楼层(共27层) ,,板塔结合,131 万,13837 元,0,,,VR看装修 | 房本满五年 | 随时看房,https://dg.lianjia.com/ershoufang/105121384557.html
嘉辉豪庭 115平 精装大两房 满五唯一无欠款 急售102万,"嘉辉豪庭 , 凤岗镇",2室2厅,114.76平米,东 南,,23层 ,,板塔结合,98 万,8540 元,3,,,VR看装修 | 房本满五年 | 随时看房,https://dg.lianjia.com/ershoufang/105121042400.html
新世纪明上居大阳台户型、满五唯一、高楼层、朝南向。,"新世纪明上居 , 大朗镇",3室2厅,127.14平米,南,精装,17层 ,,板塔结合,180 万,14158 元,3,,,VR看装修 | 房本满五年 | 随时看房,https://dg.lianjia.com/ershoufang/105120617213.html
电梯实用大3房 业主诚意出售 通风采光 地段好,"华景商厦 , 花园新村",3室2厅,118.31平米,东北,简装,中楼层(共9层) ,,板塔结合,103.8 万,8774 元,2,,,VR看装修 | 房本满五年,https://dg.lianjia.com/ershoufang/105109556926.html
出门就是金碧花园公交站，可直达常平黄江镇区；,"哈啰小城 , 常平镇",3室2厅,93.2平米,东南,简装,11层 ,,板塔结合,98.8 万,10601 元,0,,,VR看装修 | 房本满五年,https://dg.lianjia.com/ershoufang/105115149891.html
东城优质电梯房新装修自住三房总价只要90个,"高峰楼 , 主山",3室2厅,86.73平米,东,精装,高楼层(共11层) ,,,90 万,10378 元,1,,28天以前发布,近地铁 | VR房源 | 房本满五年 | 随时看房,https://dg.lianjia.com/ershoufang/105122286433.html
现代简约风格，次新小区四房，业主诚意出售，随时看房,"世纪城玫瑰公馆 , 西平",4室2厅,94.01平米,西北,精装,中楼层(共17层) ,,塔楼,220 万,23402 元,4,,,VR看装修 | 房本满五年 | 随时看房,https://dg.lianjia.com/ershoufang/105120945457.html
大平台、大露台、大花园、宽敞2房私密空间强户型方正,"联华花园城 , 上下桥",2室1厅,87平米,东北,精装,低楼层(共11层) ,,板塔结合,108 万,12414 元,2,,,VR房源,https://dg.lianjia.com/ershoufang/105122102771.html
安娜花园三房出售，无欠款，业主诚意出售,"安娜花园 , 横沥镇",3室2厅,65平米,东南,简装,高楼层(共7层) ,,塔楼,33.8 万,5200 元,0,,,VR房源 | 随时看房,https://dg.lianjia.com/ershoufang/105121594783.html
四房二厅二卫，通透格局，采光充足，小区环境优美,"阳光海岸 , 客运总站",4室2厅,97.48平米,北,精装,中楼层(共11层) ,,板楼,159 万,16312 元,0,,8天以前发布,VR房源 | 房本满五年 | 随时看房,https://dg.lianjia.com/ershoufang/105122484825.html
户型方正，安静看湖景观，高楼层视野采光好,"中惠松湖城一期 , 寮步",3室2厅,83.68平米,西北,精装,23层 ,,塔楼,92.6 万,11066 元,6,,,VR看装修 | 房本满五年,https://dg.lianjia.com/ershoufang/105110962364.html
南部湾三区中高层 景观看别墅园林 三梯 保养很新,"南部湾万科城 , 大宁",3室2厅,96.78平米,南,精装,41层 ,,塔楼,175 万,18083 元,0,,15天以前发布,VR房源 | 房本满五年 | 随时看房,https://dg.lianjia.com/ershoufang/105122401213.html
碧桂园常平首府两房出售88万！,"碧桂园常平首府 , 常平镇",2室1厅,66.81平米,东南,精装,11层 ,,板塔结合,69 万,10328 元,0,,,VR房源 | 房本满五年,https://dg.lianjia.com/ershoufang/105121752117.html
海逸豪庭尚都精装2房 自住保养好 无欠款,"海逸豪庭尚都2区 , 厚街镇",2室2厅,69.69平米,北,精装,低楼层(共21层) ,,板楼,80 万,11480 元,4,,,VR看装修 | 房本满五年,https://dg.lianjia.com/ershoufang/105119371893.html
景湖春天《东南向 满五唯一华师附国贸旁 大社区》急售,"光大景湖春天 , 火炼树",3室2厅,104.1平米,东南,精装,高楼层(共11层) ,,塔楼,210 万,20173 元,2,,,VR看装修 | 房本满五年,https://dg.lianjia.com/ershoufang/105122088788.html
三屯富怡名居 4室1厅 东南,"三屯富怡名居 , 厚街镇",4室1厅,152.88平米,东南,简装,9层 ,,板塔结合,148 万,9681 元,0,,,VR房源 | 房本满两年,https://dg.lianjia.com/ershoufang/105121165492.html
高埗安联尚璟南北通双阳台四房，未入住过,"安联尚璟 , 高埗镇",4室2厅,125.66平米,东南,精装,中楼层(共26层) ,,板楼,165 万,13131 元,0,,,VR房源 | 房本满两年 | 随时看房,https://dg.lianjia.com/ershoufang/105121688291.html
花香十二院 精装三房 带255平米大平台出售,"君丽花园 , 厚街镇",3室2厅,86.86平米,北,,低楼层(共17层) ,,板塔结合,133 万,15312 元,2,,,VR看装修 | 房本满五年,https://dg.lianjia.com/ershoufang/105118488923.html
CBD实用好房，安静舒适，满五唯一。,"中信新天地 , 石竹",3室2厅,104.81平米,西北,精装,低楼层(共19层) ,,板塔结合,149 万,14217 元,7,,,VR看装修 | 房本满五年 | 随时看房,https://dg.lianjia.com/ershoufang/105115302642.html
通风好。交通便利，业主诚心出售。,"珑远翠珑湾 , 寮步",4室2厅,138.17平米,东南 北,精装,中楼层(共32层) ,,塔楼,345 万,24970 元,1,,,VR看装修 | 房本满两年 | 随时看房,https://dg.lianjia.com/ershoufang/105118366332.html
莞初旁 大小区高楼层 视野好诚意出售,"经贸中心 , 莞城",4室2厅,119.8平米,东南,简装,中楼层(共23层) ,,塔楼,138 万,11520 元,1,,,VR看装修 | 房本满五年 | 随时看房,https://dg.lianjia.com/ershoufang/105111183658.html
花园正中间 南向4房  视野好 即买即入住,"大运城邦璟城 , 凤岗镇",4室2厅,120平米,南,精装,21层 ,,板塔结合,255 万,21250 元,0,,8天以前发布,VR房源,https://dg.lianjia.com/ershoufang/105122487390.html
翡翠山湖 朝南两房 格局方正实用 诚心出售,"翡翠山湖 , 凤岗镇",2室2厅,87.76平米,南,简装,11层 ,,塔楼,88 万,10028 元,0,,9天以前发布,VR房源 | 房本满五年,https://dg.lianjia.com/ershoufang/105122478342.html
房子低楼层无欠款 交易简单 业主诚心出售,"东方新城 , 寮步",3室2厅,89.73平米,东南,简装,中楼层(共8层) ,,塔楼,66 万,7356 元,0,,5天以前发布,VR房源 | 房本满五年 | 随时看房,https://dg.lianjia.com/ershoufang/105122513872.html
厚街万科金域国际三房满五无欠款诚意出售,"万科金域国际 , 厚街镇",3室2厅,95.89平米,东北,精装,中楼层(共32层) ,,板塔结合,125 万,13036 元,0,,6天以前发布,VR房源 | 房本满五年,https://dg.lianjia.com/ershoufang/105122505115.html
温馨三房家园南北通透 户型方正采光好没有入住过,"天悦家园 , 塘厦镇",3室2厅,115.35平米,南 北,精装,低楼层(共28层) ,,塔楼,165 万,14305 元,0,,,VR看装修 | 房本满两年 | 随时看房,https://dg.lianjia.com/ershoufang/105116389086.html
沁林山庄美墅一楼 上下两层带私家花园和车库 户型方正,"中惠沁林山庄 , 大岭山镇",3室2厅,142.11平米,南,精装,低楼层(共4层) ,,板楼,280 万,19704 元,0,,,VR看装修 | 房本满五年,https://dg.lianjia.com/ershoufang/105118974390.html
翡翠山湖朝南大两房看湖景 业主换房急卖,"翡翠山湖 , 凤岗镇",2室2厅,87.76平米,南,,11层 ,,塔楼,87 万,9914 元,0,,11天以前发布,VR房源 | 房本满五年,https://dg.lianjia.com/ershoufang/105122448654.html
金色华庭精装南向三房 边位户型 满五业主诚意出售,"新中银·金色华庭 , 西平",3室2厅,89.33平米,东南,精装,高楼层(共17层) ,,塔楼,255 万,28546 元,1,,,近地铁 | VR看装修 | 房本满五年 | 随时看房,https://dg.lianjia.com/ershoufang/105110177747.html
地铁口物业三房两卫，看花园位置安静满五不唯一不欠款,"金地格林小城 , 西平",3室2厅,118.13平米,西北,简装,18层 ,,板塔结合,190 万,16084 元,2,,,近地铁 | VR看装修 | 房本满五年 | 随时看房,https://dg.lianjia.com/ershoufang/105121890335.html
海德琥珀台 4室1厅 西南,"海德琥珀台 , 火炼树",4室1厅,131.2平米,西南,,低楼层(共32层) ,,板楼,340 万,25915 元,0,,,VR看装修 | 房本满两年,https://dg.lianjia.com/ershoufang/105121909604.html
招商雍景湾四房两卫双阳台，业主诚意出售！,"招商雍景湾 , 横沥镇",4室2厅,117.54平米,西北,,低楼层(共27层) ,,板塔结合,185 万,15740 元,0,,,VR看装修 | 房本满两年,https://dg.lianjia.com/ershoufang/105122036829.html
中天悦府，精装平层两房，带租约出售,"中天悦府 , 万达",2室1厅,45.38平米,东北,精装,高楼层(共14层) ,,塔楼,28 万,6171 元,1,,,房本满五年,https://dg.lianjia.com/ershoufang/105115217881.html
丰泰华园山庄 3室2厅 东南,"丰泰华园山庄 , 新联",3室2厅,100.26平米,东南,精装,19层 ,,板塔结合,115 万,11471 元,1,,,VR看装修 | 房本满五年,https://dg.lianjia.com/ershoufang/105122133347.html
莞城2房2厅  生活配套完善  业主诚心售卖,"泰景花园 , 运河东",2室1厅,70.4平米,西南,,11层 ,,塔楼,86 万,12216 元,0,,,VR房源 | 房本满两年,https://dg.lianjia.com/ershoufang/105122144529.html
万科精装三房， 朝南看花园，户型方正，采光通风好,"万科金域缇香 , 大岭山镇",3室2厅,93.09平米,南,精装,28层 ,,板楼,152 万,16329 元,2,,,VR看装修 | 房本满五年 | 随时看房,https://dg.lianjia.com/ershoufang/105111471234.html
一楼带前后花园  对小区广场  正南向,"中信森林湖兰溪谷 , 水濂山",4室2厅,145.92平米,南,毛坯,低楼层(共30层) ,,塔楼,420 万,28783 元,2,,,VR房源 | 房本满五年,https://dg.lianjia.com/ershoufang/105120894337.html
此房户型方正，朝向楼层好，采光充足，视野宽阔！,"利丰时代 , 东坑镇",3室2厅,56.88平米,东南,,低楼层(共10层) ,,塔楼,30 万,5275 元,4,,,房本满五年 | 随时看房,https://dg.lianjia.com/ershoufang/105113371690.html
碧桂园精装修3房2厅 双阳台 南北对流,"碧桂园狮子洋 , 沙田镇",3室2厅,106.33平米,南 北,精装,中楼层(共17层) ,,塔楼,108 万,10158 元,2,,,VR看装修 | 房本满两年,https://dg.lianjia.com/ershoufang/105113139877.html
大朗富盈世界汇精装大套房，诚意出售,"富盈世界汇 , 大朗镇",1室1厅,56.92平米,西北,,中楼层(共24层) ,,板塔结合,21 万,3690 元,2,,,房本满五年,https://dg.lianjia.com/ershoufang/105119303243.html
天虹精装四房 使用率92%  两个套房 高楼层,"地标广场 , 地标",4室2厅,177.95平米,南 北,精装,29层 ,,板塔结合,350 万,19669 元,0,,,VR看装修 | 随时看房,https://dg.lianjia.com/ershoufang/105121994848.html
中楼层 户型方正 精装修三房 读书方便近。,"新世纪星城(一二)期 , 温塘",2室2厅,95.44平米,北,精装,中楼层(共17层) ,,板塔结合,140 万,14669 元,1,,,VR看装修 | 房本满五年 | 随时看房,https://dg.lianjia.com/ershoufang/105112051736.html
沙田碧桂园 中层两房 诚售 看房约,"沙田碧桂园滨江豪园 , 沙田镇",2室2厅,81.29平米,西南,,27层 ,,板塔结合,76 万,9350 元,2,,,VR看装修 | 房本满五年,https://dg.lianjia.com/ershoufang/105118513020.html
此房楼层好 近公园 三甲医院 诚意急售,"能源华庄 , 黄河中心",6室2厅,230平米,西北 北,简装,高楼层(共21层) ,,板塔结合,230 万,10000 元,1,,,VR房源 | 随时看房,https://dg.lianjia.com/ershoufang/105113764404.html
水岸水星城复式两房，装修之后，一样的温馨美丽！,"碧桂园水岸星城 , 横沥镇",2室1厅,27.38平米,南,,低楼层(共12层) ,,板塔结合,22 万,8036 元,0,,,房本满五年 | 随时看房,https://dg.lianjia.com/ershoufang/105121925440.html
佳嘉豪园精装大3房 业主自住 诚心出售,"佳嘉豪园 , 凤岗镇",3室2厅,92.53平米,南,简装,24层 ,,板塔结合,110 万,11889 元,1,,,VR看装修 | 房本满五年 | 随时看房,https://dg.lianjia.com/ershoufang/105119405744.html
新世纪可居精装大三房 双阳台 全湖景,"新世纪可居 , 塘厦镇",3室2厅,191.06平米,南 北,精装,中楼层(共17层) ,,板塔结合,258 万,13504 元,0,,,VR看装修 | 房本满五年 | 随时看房,https://dg.lianjia.com/ershoufang/105121912450.html
满五唯一 小区中间位置安静舒适 配套齐全,"南部湾万科城 , 大宁",3室2厅,97平米,西,,34层 ,,塔楼,155 万,15980 元,0,,28天以前发布,VR看装修,https://dg.lianjia.com/ershoufang/105122285793.html
近东城万科成熟小区，看高尔夫球场，产权清晰没有欠款,"万科城市高尔夫花园 , 寮步",3室2厅,119平米,南 北,精装,18层 ,,板塔结合,160 万,13446 元,1,,,VR看装修,https://dg.lianjia.com/ershoufang/105117225367.html
利丰中央公园1期120平双阳台四房,"利丰中央公园1期 , 石排镇",4室2厅,119.29平米,南 北,毛坯,低楼层(共31层) ,,板塔结合,140 万,11737 元,1,,,VR看装修 | 房本满五年 | 随时看房,https://dg.lianjia.com/ershoufang/105114910621.html
此房满五唯一 没有个税 中高楼屋 拎包入住,"南部湾万科城 , 大宁",4室2厅,141.65平米,南 北,精装,11层 ,,塔楼,335 万,23650 元,0,,,VR看装修 | 房本满五年 | 随时看房,https://dg.lianjia.com/ershoufang/105122120988.html
中高楼层南向通透户型带车位出售,"中惠松湖城一期 , 寮步",3室2厅,84.1平米,东南,精装,23层 ,,塔楼,120 万,14269 元,1,,,VR看装修 | 房本满五年 | 随时看房,https://dg.lianjia.com/ershoufang/105118562436.html
好房朝南 满五唯一 装修保养好 看房方便,"金地城南艺境 , 道滘镇",3室2厅,96.25平米,南,精装,33层 ,,塔楼,138 万,14338 元,0,,,VR看装修 | 房本满五年,https://dg.lianjia.com/ershoufang/105120464478.html
方正少有98平方正朝南户型，看游泳池。,"丰泰东海城堡 , 新联",3室2厅,97.75平米,南,精装,低楼层(共15层) ,,板塔结合,125 万,12788 元,1,,19天以前发布,VR房源 | 房本满五年,https://dg.lianjia.com/ershoufang/105122356557.html
环境美丽 地下一楼 进出方便 住家很温馨如意,"雍景花园 , 樟木头镇",地下室(共6层) ,59.56平米,南,简装,地下室(共6层) ,,塔楼,29.8 万,5004 元,0,,,VR房源 | 房本满五年 | 随时看房,https://dg.lianjia.com/ershoufang/105121923281.html
满五唯一，全新未入住，带车位一起255，价格可以谈。,"松湖碧桂园二期 , 大岭山镇",3室1厅,122.8平米,南,精装,32层 ,,塔楼,210 万,17101 元,4,,,VR看装修 | 房本满两年 | 随时看房,https://dg.lianjia.com/ershoufang/105116987005.html
红荔侨苑精装3房仅售39万 拎包入住 无须装修,"红荔侨苑 , 常平镇",3室1厅,73.88平米,东南,精装,中楼层(共7层) ,,板楼,39 万,5279 元,0,,,VR看装修 | 房本满五年 | 随时看房,https://dg.lianjia.com/ershoufang/105122034903.html
碧湖湾，95平精装三房两卫，装修保养新，业主急卖,"碧湖湾 , 凤岗镇",3室2厅,94.81平米,东北,精装,22层 ,,塔楼,108 万,11392 元,0,,,VR看装修 | 房本满五年 | 随时看房,https://dg.lianjia.com/ershoufang/105117296224.html
黄江碧桂园二期装修三房带租约！,"碧桂园翡翠山二期 , 黄江镇",3室2厅,94.01平米,西,简装,低楼层(共34层) ,,板塔结合,100 万,10638 元,0,,,VR看装修 | 房本满五年 | 随时看房,https://dg.lianjia.com/ershoufang/105115094411.html
位置安静 视野好 户型方正 满五唯一 全屋定制,"光大山湖城 , 大岭山镇",3室2厅,99.1平米,北,精装,低楼层(共33层) ,,塔楼,118 万,11908 元,0,,,VR房源 | 房本满五年,https://dg.lianjia.com/ershoufang/105122143305.html
御江1号全屋定制四房 满五唯一 无个税 看房方便,"御江1号 , 横沥镇",4室2厅,142.19平米,南,精装,中楼层(共29层) ,,塔楼,220 万,15473 元,1,,,VR看装修,https://dg.lianjia.com/ershoufang/105120395388.html
保利悦湖公馆 96平三房两厅两卫 业主诚心卖,"保利悦湖公馆 , 石排镇",3室2厅,96.57平米,南,毛坯,低楼层(共26层) ,,塔楼,120 万,12427 元,0,,,VR看装修 | 房本满两年 | 随时看房,https://dg.lianjia.com/ershoufang/105118408405.html
恒大二期，中高楼层，视野好，双阳台户型可看房,"恒大江湾 , 望牛墩镇",3室2厅,120.53平米,南 北,,高楼层(共16层) ,,塔楼,90 万,7468 元,0,,,VR看装修,https://dg.lianjia.com/ershoufang/105119029077.html
锦绣半山业主诚心出售双阳台3＋1户型,"锦绣半山 , 黄河中心",3室2厅,121.03平米,东,,中楼层(共17层) ,,塔楼,138 万,11403 元,0,,,VR房源 | 房本满五年,https://dg.lianjia.com/ershoufang/105121810324.html
汇商花苑，天然氧吧，四房两卫，精装中高楼层急卖,"汇商花苑 , 凤岗镇",4室2厅,106.24平米,西南,精装,18层 ,,塔楼,139.8 万,13159 元,0,,,VR房源 | 房本满五年 | 随时看房,https://dg.lianjia.com/ershoufang/105117296243.html
满五 没有欠款 格局方正 户型好楼层好 采光无遮挡,"嘉辉豪庭 , 凤岗镇",2室2厅,79.11平米,北,简装,29层 ,,板塔结合,90 万,11377 元,4,,,VR看装修 | 房本满五年,https://dg.lianjia.com/ershoufang/105115726537.html
幸福派3房2厅2卫，户型方正，朝向好，视野不错,"幸福派 , 茶山镇",3室2厅,97.97平米,东南,,中楼层(共11层) ,,塔楼,75 万,7656 元,0,,17天以前发布,VR房源 | 房本满两年 | 随时看房,https://dg.lianjia.com/ershoufang/105122380468.html
新世界花园带50平米私家花园的2房 看山景视野好,"新世界花园 , 黄旗山",2室2厅,98.63平米,东南,精装,中楼层(共7层) ,,板楼,178 万,18048 元,0,,10天以前发布,VR房源 | 房本满五年 | 随时看房,https://dg.lianjia.com/ershoufang/105122456549.html
虎门万科城 横厅06户型 全屋定制 ，满五年，正看小区,"南部湾万科城 , 大宁",3室2厅,96.72平米,东南,精装,高楼层(共26层) ,,塔楼,168 万,17370 元,0,,,VR房源 | 随时看房,https://dg.lianjia.com/ershoufang/105121954918.html
东田大三房 朝南采光通风好 户型方正 看房方便,"东田丽园 , 常平镇",3室1厅,124.44平米,南,,18层 ,,板楼,119 万,9563 元,2,,,VR房源 | 房本满五年 | 随时看房,https://dg.lianjia.com/ershoufang/105114438190.html
新世界花园精装三房 黄旗山脚下   满五唯一,"新世界花园 , 黄旗山",3室2厅,111.48平米,东南,精装,低楼层(共19层) ,,塔楼,188 万,16865 元,2,,,近地铁 | VR房源 | 房本满五年,https://dg.lianjia.com/ershoufang/105121266647.html
盛和新都会精装两房出售，房子装修保养很好，看房方便,"盛和新都会 , 清溪镇",2室2厅,76.71平米,南,精装,16层 ,,板塔结合,80 万,10429 元,7,,,VR看装修 | 随时看房,https://dg.lianjia.com/ershoufang/105107832009.html
房子是标准的三房，朝南的，户型好，大三房每个房间,"世纪城国际公馆三期仁里 , 西平",3室1厅,125.19平米,西南,精装,低楼层(共16层) ,,塔楼,260 万,20769 元,1,,,近地铁 | VR房源 | 房本满五年 | 随时看房,https://dg.lianjia.com/ershoufang/105122070874.html
誉轩大3房，安静不吵闹，业主诚心出售，看房方便,"誉轩 , 石碣镇",3室2厅,118平米,南,精装,16层 ,,板塔结合,88 万,7458 元,1,,,VR房源 | 房本满五年 | 随时看房,https://dg.lianjia.com/ershoufang/105116558074.html
莞初旁莞城步步高 近地铁口 采光通风好,"温南新区 , 学院路",4室1厅,143平米,南 北,简装,高楼层(共8层) ,,板楼,72 万,5035 元,0,,,近地铁 | VR看装修 | 房本满两年 | 随时看房,https://dg.lianjia.com/ershoufang/105122089390.html
横沥碧桂园142平，全新精装未入住过大四房,"横沥碧桂园 , 横沥镇",4室2厅,136.87平米,南 北,精装,32层 ,,板塔结合,165 万,12056 元,0,,,VR看装修 | 房本满五年 | 随时看房,https://dg.lianjia.com/ershoufang/105121820775.html
此房满五唯一，不欠款，顶层带平台的，2019年装修的,"金地格林小城 , 西平",4室2厅,122.11平米,北,精装,18层 ,,板塔结合,229 万,18754 元,0,,,近地铁 | VR房源 | 房本满五年,https://dg.lianjia.com/ershoufang/105121588156.html
店长推荐 中高楼层南向全新三房,"万科大中江南院子 , 沙田镇",3室2厅,92.79平米,西南,简装,中楼层(共31层) ,,塔楼,113 万,12179 元,0,,,VR房源 | 房本满两年 | 随时看房,https://dg.lianjia.com/ershoufang/105121152619.html
香樟绿洲标准4房 南北对流户型方正。少有户型。很划算,"中惠香樟绿洲 , 樟木头镇",4室2厅,113.47平米,南,简装,18层 ,,板楼,120 万,10576 元,7,,,VR看装修 | 房本满五年,https://dg.lianjia.com/ershoufang/105111232018.html
景湖春天高层朝南向，中间位置安静，业主诚意卖,"光大景湖春天 , 火炼树",3室2厅,112.42平米,东南,精装,高楼层(共10层) ,,塔楼,188 万,16724 元,3,,,VR房源 | 房本满五年 | 随时看房,https://dg.lianjia.com/ershoufang/105121433428.html
东城六小旁 入户上车必选 采光好钥匙在手随时可看,"富洋楼 , 花园新村",1室1厅,37.89平米,南,简装,8层 ,,板塔结合,16 万,4223 元,2,,,VR看装修 | 随时看房,https://dg.lianjia.com/ershoufang/105121650271.html
复式三房，楼层高采光好，格局方正，急卖房,"卓越中寰 , 学院路",3室1厅,57.01平米,东,精装,12层 ,,板塔结合,53 万,9297 元,4,,,近地铁 | 房本满两年 | 随时看房,https://dg.lianjia.com/ershoufang/105117570372.html
此房证满二年免增值税，通风采光好，实用十足！,"新世界花园 , 黄旗山",3室2厅,104.09平米,南,,中楼层(共6层) ,,塔楼,130 万,12490 元,0,,,VR看装修 | 房本满五年,https://dg.lianjia.com/ershoufang/105119173205.html
塘厦御城花园 123平大4房 高层 诚售 看房方便,"御城花园 , 塘厦镇",4室2厅,122.95平米,东南,毛坯,33层 ,,塔楼,178 万,14478 元,0,,,VR看装修 | 房本满两年 | 随时看房,https://dg.lianjia.com/ershoufang/105118876559.html
石竹四期很好的大三房户型出售，阳台朝南,"石竹山水园 , 桥头镇",3室2厅,119平米,南,简装,12层 ,,板楼,90 万,7564 元,0,,15天以前发布,VR房源,https://dg.lianjia.com/ershoufang/105122403861.html
宏丰楼 改善三房 红本在手 随时腾房,"宏丰楼 , 凤岗镇",3室2厅,106.13平米,南,简装,13层 ,,塔楼,75 万,7067 元,1,,,VR房源 | 随时看房,https://dg.lianjia.com/ershoufang/105118597623.html
虎门国际公馆小区4房  精装高层  采光通风好 诚意卖,"虎门国际公馆 , 新联",4室1厅,134.85平米,西北,,中楼层(共17层) ,,塔楼,160 万,11866 元,2,,,VR房源 | 房本满五年 | 随时看房,https://dg.lianjia.com/ershoufang/105119018241.html
虎门国际公馆，看小区原林 温馨2房 交通便利,"虎门国际公馆 , 新联",2室2厅,83.13平米,南,简装,中楼层(共18层) ,,塔楼,99 万,11910 元,0,,,VR看装修 | 随时看房,https://dg.lianjia.com/ershoufang/105121642719.html
宜家花园2房1厅1卫业主诚意出售,"宜家花园 , 太平广场",2室1厅,60.6平米,东南,,低楼层(共16层) ,,塔楼,32.5 万,5364 元,1,,26天以前发布,VR房源 | 房本满五年 | 随时看房,https://dg.lianjia.com/ershoufang/105122304291.html
保养好，户型方正，位置安静，采光通透,"珠江骏景高尔夫花园 , 塘厦镇",3室2厅,154.43平米,南,简装,9层 ,,塔楼,168 万,10879 元,1,,,VR看装修 | 房本满五年 | 随时看房,https://dg.lianjia.com/ershoufang/105120380374.html
满五唯一，房东诚心出售，看房方便；宽敞明亮。,"新世纪花园 , 石碣镇",3室2厅,97.47平米,南,精装,中楼层(共10层) ,,塔楼,82 万,8413 元,3,,,VR看装修 | 房本满五年,https://dg.lianjia.com/ershoufang/105111420429.html
此房视野好，满五唯一，业主诚心出售,"华艺海滨花园 , 黄河中心",3室2厅,84.37平米,西北,简装,中楼层(共23层) ,,塔楼,68 万,8060 元,0,,,VR房源 | 房本满五年 | 随时看房,https://dg.lianjia.com/ershoufang/105121594577.html
此房朝向好 楼层佳 视野开阔 业主诚心出售,"南部湾万科城 , 大宁",3室2厅,94.48平米,南,精装,高楼层(共18层) ,,塔楼,153 万,16194 元,0,,,VR看装修 | 房本满五年,https://dg.lianjia.com/ershoufang/105120310195.html
恒大精装交付 户型方正 东南朝向 通风采光好,"百悦尚城二期恒大雅苑 , 南城车站",2室1厅,70.39平米,东南,简装,高楼层(共8层) ,,,108 万,15344 元,2,,,近地铁 | VR看装修 | 房本满五年,https://dg.lianjia.com/ershoufang/105120881551.html
滨海湾 沙田虎门港 恒大御景半岛 2房2厅高楼层海景房,"恒大御景半岛 , 沙田镇",2室2厅,84.55平米,西南,精装,高楼层(共29层) ,,塔楼,68 万,8043 元,1,,,VR看装修 | 房本满五年 | 随时看房,https://dg.lianjia.com/ershoufang/105111893379.html
运河路103平精装三房 莞城户口 前后大阳台,"沿河路水利局宿舍 , 运河东",3室2厅,103平米,南,精装,中楼层(共6层) ,,,80 万,7767 元,5,,,VR看装修 | 房本满五年 | 随时看房,https://dg.lianjia.com/ershoufang/105121118656.html
总价低 电梯三房 入则宁静出则繁华,"兰苑大厦 , 黄河中心",3室2厅,93.52平米,南,简装,低楼层(共17层) ,,板塔结合,54.5 万,5828 元,4,,,VR看装修 | 房本满五年,https://dg.lianjia.com/ershoufang/105115802292.html
中高层四房 无欠款 随时过户 看房方便  视野开阔 靓宅,"万科首铸翡翠东望 , 鸿福路口",4室2厅,115.95平米,南,精装,低楼层(共33层) ,,板楼,325 万,28030 元,1,,,VR看装修 | 房本满两年 | 随时看房,https://dg.lianjia.com/ershoufang/105116599616.html
龙升豪苑 3室2厅 东北,"龙升豪苑 , 石龙镇",3室2厅,99.44平米,东北,简装,中楼层(共5层) ,,板塔结合,65 万,6537 元,1,,,VR看装修 | 随时看房,https://dg.lianjia.com/ershoufang/105120304949.html
成熟小区 精装2房 保养新 拎包入住,"华讯大宅 , 石龙镇",2室2厅,76.35平米,西北,精装,低楼层(共20层) ,,板塔结合,78.8 万,10321 元,0,,,VR看装修 | 房本满五年,https://dg.lianjia.com/ershoufang/105119056414.html
小区环境好，交通方便，设施完善，价格优惠,"中熙玖颂江湾 , 石碣镇",3室2厅,98.33平米,南 北,毛坯,高楼层(共31层) ,,塔楼,102 万,10374 元,0,,,VR看装修 | 房本满五年 | 随时看房,https://dg.lianjia.com/ershoufang/105116538678.html
高层好房 看房方便有钥匙 住宅性质的,"地标大厦 , 地标",1室1厅,56.66平米,南,简装,高楼层(共24层) ,,塔楼,44 万,7766 元,0,,,VR看装修 | 房本满五年 | 随时看房,https://dg.lianjia.com/ershoufang/105122142906.html
名巨中央南北对流3房，看花园景观,"名巨中央花园 , 横沥镇",3室2厅,92.2平米,南 北,精装,32层 ,,塔楼,92 万,9979 元,0,,,VR房源 | 房本满五年 | 随时看房,https://dg.lianjia.com/ershoufang/105122013936.html
颐龙湾四期双阳台 南北对流三房两卫 通风好,"新世纪颐龙湾 , 高埗镇",3室2厅,102.98平米,南 北,精装,高楼层(共17层) ,,板塔结合,156 万,15149 元,0,,,VR看装修 | 房本满五年 | 随时看房,https://dg.lianjia.com/ershoufang/105121706883.html
香茶郡4房！高层安静朝南！无欠款保养新！价格可谈！,"香茶郡 , 茶山镇",4室2厅,96.79平米,南,精装,18层 ,,板塔结合,115 万,11882 元,1,,,VR看装修 | 房本满五年 | 随时看房,https://dg.lianjia.com/ershoufang/105122243846.html
碧桂园帕克诺雅 高层朝南 近地铁口 近东城万达广场,"碧桂园ParkRoyal公馆 , 学院路",1室1厅,53.02平米,南,精装,高楼层(共31层) ,,塔楼,44 万,8299 元,1,,,近地铁 | 房本满五年 | 随时看房,https://dg.lianjia.com/ershoufang/105121102586.html
满五唯一  房型方正安静 距离松山湖2公里 三房诚,"振业松湖雅苑 , 寮步",3室2厅,98.28平米,南,精装,中楼层(共7层) ,,板楼,125 万,12719 元,2,,,VR看装修 | 房本满五年 | 随时看房,https://dg.lianjia.com/ershoufang/105120751885.html
情景美墅大三房，南北通透，小区中间，满五唯一无欠款,"江南第一城 , 宏远北",3室2厅,106.72平米,南 北,精装,中楼层(共5层) ,,板塔结合,150 万,14056 元,7,,,VR房源 | 房本满五年,https://dg.lianjia.com/ershoufang/105122129754.html
新世纪颐龙湾 精装修三房两卫 保养好 视野开阔,"新世纪颐龙湾 , 高埗镇",3室2厅,103.06平米,北,精装,高楼层(共25层) ,,板塔结合,142 万,13779 元,0,,,VR看装修 | 房本满五年,https://dg.lianjia.com/ershoufang/105119276766.html
二期电梯四房，满五唯一!位置好！,"中惠沁林山庄 , 大岭山镇",4室2厅,119.46平米,南 北,精装,低楼层(共25层) ,,板楼,110 万,9209 元,2,,,VR房源 | 房本满五年,https://dg.lianjia.com/ershoufang/105120877384.html
满五唯一 ！业主诚心出售！自住 看房方便！,"希尔顿广场 , 鸿福路口",2室1厅,84.59平米,西南,,中楼层(共14层) ,,塔楼,115 万,13595 元,0,,,VR看装修 | 房本满五年 | 随时看房,https://dg.lianjia.com/ershoufang/105122084329.html
南部湾万科城 3室2厅 西南,"南部湾万科城 , 大宁",3室2厅,94.84平米,西南,简装,34层 ,,塔楼,165 万,17398 元,1,,,VR看装修 | 房本满五年 | 随时看房,https://dg.lianjia.com/ershoufang/105120664649.html
此房是一楼南向 带前后花园 精装大三房 可拎包入住,"光大景湖时代城 , 西平",3室2厅,92.23平米,西南,精装,32层 ,,板塔结合,280 万,30359 元,5,,,VR房源 | 房本满两年 | 随时看房,https://dg.lianjia.com/ershoufang/105113183664.html
卓越中寰 3室1厅 南,"卓越中寰 , 学院路",3室1厅,57.83平米,南,简装,21层 ,,塔楼,55 万,9511 元,0,,13天以前发布,近地铁 | 房本满两年,https://dg.lianjia.com/ershoufang/105122423156.html
万江北大资源御湾  高层三房 看江景 业主诚心出售,"北大资源御湾 , 华南摩尔",3室1厅,90.27平米,东北,,高楼层(共32层) ,,塔楼,139.8 万,15487 元,2,,,VR看装修 | 房本满五年,https://dg.lianjia.com/ershoufang/105112841286.html
大客厅，中间好楼层， 阳台正南视野无遮挡,"御河湾花园 , 横沥镇",3室1厅,95.7平米,东南,毛坯,中楼层(共32层) ,,板塔结合,84 万,8778 元,0,,,VR房源 | 房本满五年 | 随时看房,https://dg.lianjia.com/ershoufang/105122213802.html
御河湾全新二房出售，中高楼层，户型方正，刚需,"御河湾花园 , 横沥镇",2室2厅,67.16平米,北,精装,26层 ,,板塔结合,65 万,9679 元,1,,,VR看装修 | 随时看房,https://dg.lianjia.com/ershoufang/105122219003.html
次新小区 房子户型通透朝南采光好 视野无遮挡，带装修,"海德琥珀台 , 火炼树",3室2厅,98.74平米,南,精装,低楼层(共31层) ,,塔楼,255 万,25826 元,2,,,VR看装修 | 房本满两年 | 随时看房,https://dg.lianjia.com/ershoufang/105119767296.html
此房满五唯一，视野开阔，装修保养好，品牌开发商,"碧桂园城央壹品 , 上下桥",3室2厅,106.29平米,东南,精装,低楼层(共28层) ,,板楼,220 万,20699 元,0,,,近地铁 | VR看装修 | 房本满五年,https://dg.lianjia.com/ershoufang/105112221047.html
翠欣苑3房2厅2卫 朝南方正户型,"翠欣苑 , 华南摩尔",3室2厅,119.56平米,东南,精装,中楼层(共11层) ,,塔楼,145 万,12128 元,0,,,VR看装修 | 房本满五年 | 随时看房,https://dg.lianjia.com/ershoufang/105116179766.html
新世纪颐龙湾五期 南北通透双阳台 通风效果好,"新世纪颐龙湾 , 高埗镇",3室2厅,107.74平米,南 北,毛坯,低楼层(共21层) ,,板塔结合,115 万,10674 元,0,,,VR看装修 | 房本满两年 | 随时看房,https://dg.lianjia.com/ershoufang/105121260055.html
东莞沙田天琴湾花园 精装修 高楼层 户型好 业主急售,"天琴湾花园 , 沙田镇",3室2厅,104.43平米,东 北,精装,29层 ,,板塔结合,88 万,8427 元,2,,,VR看装修 | 房本满两年,https://dg.lianjia.com/ershoufang/105119642720.html
中高楼层 生活便利 自住房保养好 南北对流,"东城万达广场 , 世博广场",4室2厅,179.12平米,南,精装,低楼层(共30层) ,,板塔结合,420 万,23448 元,0,,,近地铁 | VR房源 | 房本满五年 | 随时看房,https://dg.lianjia.com/ershoufang/105118277089.html
健逸天地简装三房 装修随便改 置换优选,"健逸天地 , 增田",3室2厅,115平米,西,,低楼层(共18层) ,,塔楼,155 万,13479 元,1,,,VR看装修 | 随时看房,https://dg.lianjia.com/ershoufang/105121952609.html
新兴大厦 3室1厅 南,"新兴大厦 , 黄河中心",3室1厅,107平米,南,精装,中楼层(共13层) ,,塔楼,90 万,8412 元,1,,,VR房源 | 房本满五年 | 随时看房,https://dg.lianjia.com/ershoufang/105122049058.html
时代城二梯二户，业主自住，中式装修四房,"光大景湖时代城 , 西平",4室2厅,172.03平米,东南,精装,32层 ,,板塔结合,500 万,29065 元,1,,,近地铁 | VR看装修 | 房本满五年 | 随时看房,https://dg.lianjia.com/ershoufang/105117921456.html
碧海云天高层看海景三房，居住舒服！,"碧海云天 , 沙田镇",3室1厅,103.87平米,西南,精装,高楼层(共32层) ,,塔楼,122 万,11746 元,0,,,VR看装修 | 随时看房,https://dg.lianjia.com/ershoufang/105122081386.html
东海山庄2房，高楼层，采光好，面朝操场！,"丰泰东海山庄 , 新联",2室2厅,87.73平米,东北,简装,高楼层(共11层) ,,塔楼,95 万,10829 元,2,,,VR看装修 | 房本满五年 | 随时看房,https://dg.lianjia.com/ershoufang/105118613970.html
龙湾金地外滩3房2卫 装修新即买即住 高层俯瞰园景江景,"金地外滩8号 , 胜利路",3室2厅,92.78平米,西北,精装,中楼层(共22层) ,,板楼,178 万,19186 元,1,,,VR看装修 | 房本满五年 | 随时看房,https://dg.lianjia.com/ershoufang/105122081276.html
西平高 端小区景湖时代城3房，南向看花园，随时看房,"光大景湖时代城 , 西平",3室2厅,99.92平米,南,精装,16层 ,,板塔结合,260 万,26021 元,3,,,近地铁 | VR看装修 | 房本满五年 | 随时看房,https://dg.lianjia.com/ershoufang/105119830059.html
风临花语岸，实用性很高5房南北对流,"风临花语岸 , 寮步",5室2厅,98.9平米,南,精装,高楼层(共17层) ,,塔楼,133 万,13448 元,1,,,VR看装修 | 房本满五年,https://dg.lianjia.com/ershoufang/105122065733.html
地铁大三房，厅大房大，加大不加价，一梯两户中间楼层,"宏远活力康城 , 宏远北",3室2厅,146.36平米,东南,简装,中楼层(共12层) ,,板塔结合,169 万,11547 元,2,,,VR房源,https://dg.lianjia.com/ershoufang/105120606609.html
大运六期，精装三房 南北通透  看山景,"大运城邦璟城 , 凤岗镇",3室2厅,95.73平米,北 南,精装,21层 ,,塔楼,179 万,18699 元,0,,,VR看装修 | 房本满五年,https://dg.lianjia.com/ershoufang/105121613810.html
业主诚心出售，看中价格还能谈，,"金美花园 , 常平镇",2室1厅,73平米,东北,,11层 ,,板楼,53.8 万,7370 元,0,,,VR房源 | 房本满五年,https://dg.lianjia.com/ershoufang/105120909056.html
南部湾万科城 97平南北通户型 中间楼层 还带产权车位,"南部湾万科城 , 大宁",3室2厅,98.42平米,东南,精装,41层 ,,塔楼,168 万,17070 元,0,,,VR看装修 | 房本满五年 | 随时看房,https://dg.lianjia.com/ershoufang/105120385620.html
业主诚意出售，中高楼层视野开阔采光好，小区环境好,"茶山碧桂园 , 茶山镇",2室2厅,75平米,南,精装,中楼层(共19层) ,,板塔结合,65 万,8667 元,0,,,随时看房,https://dg.lianjia.com/ershoufang/105121893237.html
香市一号精装大三房装修好高楼层安静,"海悦香郡花园 , 寮步",3室2厅,124平米,南 北,精装,高楼层(共23层) ,,塔楼,218 万,17581 元,0,,,VR看装修 | 房本满五年 | 随时看房,https://dg.lianjia.com/ershoufang/105121809129.html
阔绰复式五房，刚需住家的理想选择,"安娜花园 , 横沥镇",5室2厅,252平米,西南,精装,低楼层(共6层) ,,板塔结合,169.9 万,6743 元,0,,,VR房源 | 房本满五年 | 随时看房,https://dg.lianjia.com/ershoufang/105121592702.html
保利中环广场全新大三房视野开阔,"保利卓越中环广场 , 寮步",3室2厅,111.21平米,南,精装,中楼层(共32层) ,,板塔结合,110 万,9892 元,0,,5天以前发布,随时看房,https://dg.lianjia.com/ershoufang/105122513306.html
铭可达小2房 户型方正 仅售89万,"铭可达商住中心 , 八达路",2室1厅,64.57平米,东南,精装,低楼层(共29层) ,,板楼,75 万,11616 元,0,,,VR看装修 | 房本满五年 | 随时看房,https://dg.lianjia.com/ershoufang/105120487732.html
寮步翠珑湾三房两卫 朝南视野开阔 带车位业主诚心出,"珑远翠珑湾 , 寮步",3室2厅,96.21平米,南,简装,中楼层(共30层) ,,塔楼,244 万,25362 元,0,,,VR看装修 | 房本满两年 | 随时看房,https://dg.lianjia.com/ershoufang/105121950534.html
卓越中寰 2室1厅 东,"卓越中寰 , 学院路",2室1厅,35.25平米,东,精装,22层 ,,塔楼,39.5 万,11206 元,0,,,近地铁 | 随时看房,https://dg.lianjia.com/ershoufang/105122207804.html
万科城中高层3房，满五唯一不欠款，带车位,"南部湾万科城 , 大宁",3室2厅,94.84平米,东南,精装,中楼层(共32层) ,,塔楼,163 万,17187 元,1,,,VR看装修 | 房本满五年 | 随时看房,https://dg.lianjia.com/ershoufang/105121109313.html
三房两厅 满五唯一税费少，低楼层方便进出,"美景楼（沿江路） , 太平广场",3室1厅,79.12平米,南,精装,中楼层(共8层) ,,板楼,47.8 万,6042 元,0,,,VR看装修 | 房本满五年,https://dg.lianjia.com/ershoufang/105121901151.html
整栋私宅出售，240平方售158万,"金牛横路 , 八达路",8室3厅,226.94平米,西南,,低楼层(共3层) ,,,158 万,6963 元,1,,,VR看装修 | 房本满五年 | 随时看房,https://dg.lianjia.com/ershoufang/105122054400.html
封闭式小区，人车分流；小区绿化可达55%，环境优美,"中堂东港城 , 中堂镇",3室2厅,93.98平米,东南,精装,中楼层(共11层) ,,板塔结合,73 万,7768 元,0,,,VR看装修 | 房本满五年 | 随时看房,https://dg.lianjia.com/ershoufang/105116960897.html
东成花园 3室2厅 东南,"东成花园 , 横沥镇",3室2厅,97.07平米,东南,精装,17层 ,,板塔结合,110 万,11333 元,0,,8天以前发布,VR房源 | 房本满五年,https://dg.lianjia.com/ershoufang/105122486372.html
旗峰花园3房2厅 满五唯一刚需上车必看  看房方便,"旗峰花园 , 黄旗山",3室1厅,109.12平米,西南,精装,中楼层(共21层) ,,塔楼,150 万,13747 元,0,,2天以前发布,近地铁 | VR房源 | 房本满五年 | 随时看房,https://dg.lianjia.com/ershoufang/105122544609.html
大客厅，中间好楼层， 阳台正南视野无遮挡,"御河湾花园 , 横沥镇",3室1厅,95.7平米,东南,毛坯,中楼层(共32层) ,,板塔结合,84 万,8778 元,0,,,VR房源 | 房本满五年 | 随时看房,https://dg.lianjia.com/ershoufang/105122213802.html
家和时代毛坯三房 楼层好 视野开阔,"家和时代 , 寮步",3室2厅,98.65平米,南,毛坯,高楼层(共32层) ,,板塔结合,170 万,17233 元,0,,,VR看装修 | 房本满五年 | 随时看房,https://dg.lianjia.com/ershoufang/105122010196.html
常平大道，湾区地铁口旁，交通便利，配套齐全 ，,"置富广场 , 常平镇",3室2厅,89.81平米,北,,高楼层(共13层) ,,塔楼,48 万,5345 元,0,,,VR看装修 | 房本满五年 | 随时看房,https://dg.lianjia.com/ershoufang/105122058005.html
常平大道物业 户型方正 交通方便,"置富广场 , 常平镇",2室2厅,69.6平米,东南 东北,,高楼层(共13层) ,,塔楼,42 万,6035 元,0,,15天以前发布,VR房源 | 房本满五年 | 随时看房,https://dg.lianjia.com/ershoufang/105122403814.html
宜家花园 2室1厅 东南,"宜家花园 , 太平广场",2室1厅,77平米,东南,精装,中楼层(共16层) ,,塔楼,39 万,5065 元,1,,,VR房源 | 房本满五年 | 随时看房,https://dg.lianjia.com/ershoufang/105121797713.html
南北通风，自住房，保养好，全属定制，拎包可以入住,"万科首铸翡翠东望 , 鸿福路口",3室2厅,92.99平米,南,精装,中楼层(共33层) ,,板楼,245 万,26347 元,0,,,VR看装修 | 房本满五年,https://dg.lianjia.com/ershoufang/105118129447.html
紫荆花园二期中间楼层南向阳台无遮挡采光好,"紫荆花园二期 , 常平镇",2室2厅,62.6平米,南,,中楼层(共6层) ,,塔楼,35 万,5592 元,0,,29天以前发布,VR房源 | 随时看房,https://dg.lianjia.com/ershoufang/105122277853.html
碧海云天四期 4房中高层 户型好 业主诚意急卖,"碧海云天 , 沙田镇",4室2厅,137平米,东南,,中楼层(共32层) ,,塔楼,155 万,11314 元,0,,,VR看装修 | 随时看房,https://dg.lianjia.com/ershoufang/105121777409.html
稀 少 户型带大平台  过五年唯一  装修比图片更好,"保利林语花园 , 樟木头镇",3室2厅,125.94平米,南 北,精装,27层 ,,板塔结合,127 万,10085 元,4,,,VR看装修 | 房本满五年,https://dg.lianjia.com/ershoufang/105110174822.html
松湖春天精装三房  户型朝南位置安静 可拎包入住,"松湖春天 , 大岭山镇",3室2厅,99.29平米,东南,精装,22层 ,,板塔结合,158 万,15913 元,2,,,VR看装修 | 房本满五年,https://dg.lianjia.com/ershoufang/105113955563.html
理想沁园三房，厅出阳台，朝南看小区花园，诚心出售,"理想沁园 , 客运总站",3室2厅,92.89平米,南,精装,低楼层(共18层) ,,板塔结合,115 万,12381 元,0,,,VR看装修 | 房本满五年,https://dg.lianjia.com/ershoufang/105116952984.html
没有个税 没有个税 位置安静 小区环境好 物业严谨,"南部湾万科城 , 大宁",3室2厅,96.76平米,西南,精装,41层 ,,塔楼,169 万,17466 元,0,,,VR看装修 | 房本满两年,https://dg.lianjia.com/ershoufang/105121745018.html
高层东南向大四房，通风采光佳，自住保养好，无按揭,"万科首铸翡翠东望 , 鸿福路口",4室2厅,115.95平米,南 北,精装,高楼层(共33层) ,,板楼,325 万,28030 元,0,,,VR看装修 | 房本满两年,https://dg.lianjia.com/ershoufang/105122093918.html
东成花园 3室2厅 西北,"东成花园 , 横沥镇",3室2厅,101.25平米,西北,,10层 ,,板塔结合,95 万,9383 元,0,,,VR看装修 | 房本满五年,https://dg.lianjia.com/ershoufang/105121825443.html
世纪城国际公馆四期香榭里  全新装修 诚意出售,"世纪城国际公馆四期香榭里 , 西平",4室2厅,112.58平米,南,精装,低楼层(共17层) ,,板塔结合,268 万,23806 元,4,,17天以前发布,VR看装修 | 房本满两年 | 随时看房,https://dg.lianjia.com/ershoufang/105122380650.html
精装三房 楼层高 采光好 满五无抵押,"瑞康花园 , 横沥镇",3室1厅,111.22平米,南,简装,高楼层(共16层) ,,塔楼,82 万,7373 元,0,,,VR看装修 | 房本满五年,https://dg.lianjia.com/ershoufang/105114191556.html
富通自在城 98平大三房 业主自住保养很好 看房方便,"富通自在城 , 运河东",3室2厅,97.53平米,南,精装,32层 ,,板塔结合,190 万,19482 元,1,,,VR看装修 | 房本满五年,https://dg.lianjia.com/ershoufang/105117068659.html
此房满五唯一，业主诚心卖，价格可谈看房方便,"紫荆花园二期 , 常平镇",3室2厅,79平米,东南,简装,中楼层(共6层) ,,塔楼,52 万,6583 元,1,,,VR看装修 | 房本满五年 | 随时看房,https://dg.lianjia.com/ershoufang/105120651007.html
紫荆花园二期，低楼层，诚心出售，,"紫荆花园二期 , 常平镇",3室2厅,84.1平米,南,简装,低楼层(共6层) ,,塔楼,53 万,6303 元,1,,,VR看装修 | 房本满五年,https://dg.lianjia.com/ershoufang/105119125294.html
新时代花园精装两房 朝南 出售,"新时代家园 , 凤岗镇",2室1厅,46.41平米,南,简装,18层 ,,板塔结合,68 万,14653 元,1,,,VR看装修 | 房本满五年,https://dg.lianjia.com/ershoufang/105119416702.html
精装三房，满五唯一！看房方便！,"中惠沁林山庄 , 大岭山镇",3室2厅,104.63平米,南,精装,低楼层(共25层) ,,板楼,125 万,11947 元,2,,,VR看装修 | 房本满五年,https://dg.lianjia.com/ershoufang/105110507482.html
虎门公园地段满五年钥匙在手说走就走,"万科金色里程 , 虎门公园",2室1厅,70.16平米,东,精装,高楼层(共29层) ,,板塔结合,128 万,18245 元,0,,,VR看装修 | 房本满五年 | 随时看房,https://dg.lianjia.com/ershoufang/105115685070.html
健逸天地简装三房 装修随便改 置换优选,"健逸天地 , 增田",3室2厅,115平米,西,,低楼层(共18层) ,,塔楼,155 万,13479 元,1,,,VR看装修 | 随时看房,https://dg.lianjia.com/ershoufang/105121952609.html
新兴大厦 3室1厅 南,"新兴大厦 , 黄河中心",3室1厅,107平米,南,精装,中楼层(共13层) ,,塔楼,90 万,8412 元,1,,,VR房源 | 房本满五年 | 随时看房,https://dg.lianjia.com/ershoufang/105122049058.html
保利中环广场全新大三房视野开阔,"保利卓越中环广场 , 寮步",3室2厅,111.21平米,南,精装,中楼层(共32层) ,,板塔结合,110 万,9892 元,0,,5天以前发布,随时看房,https://dg.lianjia.com/ershoufang/105122513306.html
龙湾金地外滩3房2卫 装修新即买即住 高层俯瞰园景江景,"金地外滩8号 , 胜利路",3室2厅,92.78平米,西北,精装,中楼层(共22层) ,,板楼,178 万,19186 元,1,,,VR看装修 | 房本满五年 | 随时看房,https://dg.lianjia.com/ershoufang/105122081276.html
东海山庄2房，高楼层，采光好，面朝操场！,"丰泰东海山庄 , 新联",2室2厅,87.73平米,东北,简装,高楼层(共11层) ,,塔楼,95 万,10829 元,2,,,VR看装修 | 房本满五年 | 随时看房,https://dg.lianjia.com/ershoufang/105118613970.html
中间楼层，视野比较好。业主诚意出售,"嘉宏圆梦雅居 , 松山湖",3室2厅,79.89平米,北,精装,中楼层(共19层) ,,塔楼,78 万,9764 元,1,,,随时看房,https://dg.lianjia.com/ershoufang/105119896484.html
适居四房 双阳台 户型方正 安静不吵,"海德琥珀台 , 火炼树",4室2厅,126.07平米,东南,精装,高楼层(共34层) ,,板楼,320 万,25383 元,1,,,VR看装修 | 房本满两年 | 随时看房,https://dg.lianjia.com/ershoufang/105121754564.html
新天美地花园 2室2厅 东,"新天美地花园 , 常平镇",2室2厅,68平米,东,简装,高楼层(共21层) ,,板塔结合,55 万,8089 元,0,,15天以前发布,VR看装修 | 房本满五年 | 随时看房,https://dg.lianjia.com/ershoufang/105122405215.html
成熟大社区 东南单边位大三房 单证交易方面,"佳兆业中央豪门 , 石龙镇",3室2厅,124.9平米,南,精装,低楼层(共30层) ,,板塔结合,139 万,11129 元,0,,,VR看装修 | 房本满五年 | 随时看房,https://dg.lianjia.com/ershoufang/105121719925.html
南向三房 位置安静 业主自住保养新 楼层好,"万科第五城 , 高埗镇",3室1厅,93平米,西南,精装,34层 ,,板楼,125 万,13441 元,1,,,VR房源,https://dg.lianjia.com/ershoufang/105120263351.html
颐龙湾 五期 三房两厅一卫 毛坯,"新世纪颐龙湾 , 高埗镇",3室2厅,86平米,北,毛坯,低楼层(共21层) ,,板塔结合,98 万,11396 元,3,,,VR看装修 | 随时看房,https://dg.lianjia.com/ershoufang/105114116194.html
鸿福路总价低单房，近地铁口，近广场,"鸿福广场 , 鸿福路口",1室0厅,31.23平米,东北,精装,低楼层(共20层) ,,板楼,34.8 万,11144 元,0,,,VR看装修 | 房本满五年,https://dg.lianjia.com/ershoufang/105121430969.html
81平三房 户型方正，全屋精装修，没个税。,"维多利花园 , 樟木头镇",3室2厅,81.31平米,东,精装,高楼层(共7层) ,,塔楼,29.8 万,3665 元,9,,,VR房源 | 随时看房,https://dg.lianjia.com/ershoufang/105118968166.html
此房精装修，家私电器都齐全，可以拎包入住的。,"御河湾花园 , 横沥镇",3室2厅,97.67平米,南,精装,中楼层(共32层) ,,板塔结合,102 万,10444 元,0,,,VR看装修 | 房本满两年,https://dg.lianjia.com/ershoufang/105118664296.html
此房电梯三房，格局方正，采光好,"东盛大厦 , 运河东",3室2厅,109平米,南,,25层 ,,板塔结合,79 万,7248 元,0,,,VR看装修,https://dg.lianjia.com/ershoufang/105119286030.html
全新未入住，不欠款交易方便，城轨口三房,"万科城市之光 , 虎门公园",3室2厅,91.32平米,南 北,精装,低楼层(共48层) ,,塔楼,150 万,16426 元,1,,,VR房源 | 房本满五年 | 随时看房,https://dg.lianjia.com/ershoufang/105120205722.html
隐贤山庄旁边 丽都花园格局方正三房  税费少,"丽都花园 , 常平镇",3室1厅,80.36平米,南 北,简装,高楼层(共7层) ,,板塔结合,26 万,3236 元,12,,,VR看装修 | 房本满五年,https://dg.lianjia.com/ershoufang/105117412001.html
汉唐蜜园 高楼层南向2房 住宅 诚意出,"汉唐蜜园 , 南城车站",2室1厅,33.52平米,南,精装,高楼层(共15层) ,,板楼,55 万,16409 元,0,,25天以前发布,VR看装修 | 房本满五年 | 随时看房,https://dg.lianjia.com/ershoufang/105122316075.html
房子过5不欠款了，随时可以交易,"中惠香樟绿洲 , 樟木头镇",3室2厅,116.49平米,南,精装,17层 ,,塔楼,130 万,11160 元,1,,,VR看装修 | 房本满五年 | 随时看房,https://dg.lianjia.com/ershoufang/105120348972.html
楼梯房，公摊小，刚需户型，崇焕路旁边，有小区管理,"民興阁 , 石碣镇",2室2厅,62.67平米,西南,简装,中楼层(共7层) ,,塔楼,25 万,3990 元,5,,,VR看装修 | 房本满五年,https://dg.lianjia.com/ershoufang/105117058277.html
塘厦御城花园 123平大4房 高层 诚售 看房方便,"御城花园 , 塘厦镇",4室2厅,122.95平米,东南,毛坯,33层 ,,塔楼,178 万,14478 元,0,,,VR看装修 | 房本满两年 | 随时看房,https://dg.lianjia.com/ershoufang/105118876559.html
保利悦湖公馆 96平三房两厅两卫 业主诚心卖,"保利悦湖公馆 , 石排镇",3室2厅,96.57平米,南,毛坯,低楼层(共26层) ,,塔楼,120 万,12427 元,0,,,VR看装修 | 房本满两年 | 随时看房,https://dg.lianjia.com/ershoufang/105118408405.html
临天虹沃尔玛 深圳后花园 电梯三房,"中泰峰境 , 黄江镇",3室2厅,96.94平米,南,,27层 ,,塔楼,110 万,11348 元,0,,,VR看装修 | 房本满两年 | 随时看房,https://dg.lianjia.com/ershoufang/105121603000.html
小区居住环境安静，舒适，配套完善,"御景花园 , 樟木头镇",3室1厅,73平米,南,简装,低楼层(共7层) ,,板塔结合,52 万,7124 元,0,,,VR看装修,https://dg.lianjia.com/ershoufang/105122029169.html
松山湖片区 大三房 拎包入住 近地铁,"松湖春天 , 大岭山镇",3室2厅,129平米,西南,精装,18层 ,,板塔结合,190 万,14729 元,2,,,VR看装修 | 房本满五年 | 随时看房,https://dg.lianjia.com/ershoufang/105104556968.html
房子是标准的三房，朝南的，户型好，大三房每个房间,"世纪城国际公馆三期仁里 , 西平",3室1厅,125.19平米,西南,精装,低楼层(共16层) ,,塔楼,260 万,20769 元,1,,,近地铁 | VR房源 | 房本满五年 | 随时看房,https://dg.lianjia.com/ershoufang/105122070874.html
誉轩大3房，安静不吵闹，业主诚心出售，看房方便,"誉轩 , 石碣镇",3室2厅,118平米,南,精装,16层 ,,板塔结合,88 万,7458 元,1,,,VR房源 | 房本满五年 | 随时看房,https://dg.lianjia.com/ershoufang/105116558074.html
石竹四期很好的大三房户型出售，阳台朝南,"石竹山水园 , 桥头镇",3室2厅,119平米,南,简装,12层 ,,板楼,90 万,7564 元,0,,15天以前发布,VR房源,https://dg.lianjia.com/ershoufang/105122403861.html
横沥碧桂园142平，全新精装未入住过大四房,"横沥碧桂园 , 横沥镇",4室2厅,136.87平米,南 北,精装,32层 ,,板塔结合,165 万,12056 元,0,,,VR看装修 | 房本满五年 | 随时看房,https://dg.lianjia.com/ershoufang/105121820775.html
此房满五唯一，不欠款，顶层带平台的，2019年装修的,"金地格林小城 , 西平",4室2厅,122.11平米,北,精装,18层 ,,板塔结合,229 万,18754 元,0,,,近地铁 | VR房源 | 房本满五年,https://dg.lianjia.com/ershoufang/105121588156.html
店长推荐 中高楼层南向全新三房,"万科大中江南院子 , 沙田镇",3室2厅,92.79平米,西南,简装,中楼层(共31层) ,,塔楼,113 万,12179 元,0,,,VR房源 | 房本满两年 | 随时看房,https://dg.lianjia.com/ershoufang/105121152619.html
香樟绿洲标准4房 南北对流户型方正。少有户型。很划算,"中惠香樟绿洲 , 樟木头镇",4室2厅,113.47平米,南,简装,18层 ,,板楼,120 万,10576 元,7,,,VR看装修 | 房本满五年,https://dg.lianjia.com/ershoufang/105111232018.html
达鑫江滨新城朝南3房，户型方正，采光佳,"达鑫江滨新城 , 石碣镇",3室2厅,89.31平米,南,毛坯,低楼层(共31层) ,,板楼,110 万,12317 元,0,,,VR看装修 | 房本满五年 | 随时看房,https://dg.lianjia.com/ershoufang/105121307140.html
复式三房，楼层高采光好，格局方正，急卖房,"卓越中寰 , 学院路",3室1厅,57.01平米,东,精装,12层 ,,板塔结合,53 万,9297 元,4,,,近地铁 | 房本满两年 | 随时看房,https://dg.lianjia.com/ershoufang/105117570372.html
此房证满二年免增值税，通风采光好，实用十足！,"新世界花园 , 黄旗山",3室2厅,104.09平米,南,,中楼层(共6层) ,,塔楼,130 万,12490 元,0,,,VR看装修 | 房本满五年,https://dg.lianjia.com/ershoufang/105119173205.html
店长推荐 沙田东港城两房带院子,"沙田东港城 , 沙田镇",2室2厅,69.27平米,南 北,精装,低楼层(共17层) ,,塔楼,88 万,12704 元,0,,17天以前发布,VR房源 | 房本满五年 | 随时看房,https://dg.lianjia.com/ershoufang/105122380900.html
春晓 高楼层 精装修三房 拎包入住看房方便,"光大景湖春晓 , 西平",3室2厅,100.71平米,西北,精装,18层 ,,板楼,195 万,19363 元,3,,,VR看装修 | 房本满五年 | 随时看房,https://dg.lianjia.com/ershoufang/105119660066.html
次新小区 房子户型通透朝南采光好 视野无遮挡，带装修,"海德琥珀台 , 火炼树",3室2厅,98.74平米,南,精装,低楼层(共31层) ,,塔楼,255 万,25826 元,2,,,VR看装修 | 房本满两年 | 随时看房,https://dg.lianjia.com/ershoufang/105119767296.html
御河湾全新二房出售，中高楼层，户型方正，刚需,"御河湾花园 , 横沥镇",2室2厅,67.16平米,北,精装,26层 ,,板塔结合,65 万,9679 元,1,,,VR看装修 | 随时看房,https://dg.lianjia.com/ershoufang/105122219003.html
新世纪颐龙湾五期 南北通透双阳台 通风效果好,"新世纪颐龙湾 , 高埗镇",3室2厅,107.74平米,南 北,毛坯,低楼层(共21层) ,,板塔结合,115 万,10674 元,0,,,VR看装修 | 房本满两年 | 随时看房,https://dg.lianjia.com/ershoufang/105121260055.html
格林小城3房带露台，露台已搭好棚,"金地格林小城 , 西平",3室2厅,113.2平米,西南,,高楼层(共11层) ,,板塔结合,218 万,19258 元,1,,26天以前发布,近地铁 | VR房源 | 房本满五年,https://dg.lianjia.com/ershoufang/105122309176.html
东莞沙田天琴湾花园 精装修 高楼层 户型好 业主急售,"天琴湾花园 , 沙田镇",3室2厅,104.43平米,东 北,精装,29层 ,,板塔结合,88 万,8427 元,2,,,VR看装修 | 房本满两年,https://dg.lianjia.com/ershoufang/105119642720.html
金地湖山大境二期高层三房 诚心出售,"金地湖山大境二期 , 黄江镇",3室1厅,102.49平米,南,毛坯,26层 ,,板塔结合,126 万,12294 元,2,,,VR看装修 | 房本满五年 | 随时看房,https://dg.lianjia.com/ershoufang/105115454766.html
石井旁 毛坯小四房 业主 诚售！,"怡丰君逸名轩 , 石井",4室2厅,93平米,北,精装,高楼层(共18层) ,,塔楼,150 万,16130 元,0,,28天以前发布,VR看装修 | 房本满五年 | 随时看房,https://dg.lianjia.com/ershoufang/105122288283.html
阔绰复式五房，刚需住家的理想选择,"安娜花园 , 横沥镇",5室2厅,252平米,西南,精装,低楼层(共6层) ,,板塔结合,169.9 万,6743 元,0,,,VR房源 | 房本满五年 | 随时看房,https://dg.lianjia.com/ershoufang/105121592702.html
金地湖山大境二期三房 靠山看湖景,"金地湖山大境二期 , 黄江镇",3室2厅,103.19平米,南,精装,25层 ,,板塔结合,141 万,13665 元,0,,,VR看装修 | 房本满两年 | 随时看房,https://dg.lianjia.com/ershoufang/105119274449.html
火车站香樟国际花园 全新装修一房2厅 电梯好楼层,"香樟国际 , 樟木头镇",1室2厅,43.42平米,南,精装,高楼层(共22层) ,,塔楼,39 万,8983 元,0,,,VR看装修 | 房本满五年 | 随时看房,https://dg.lianjia.com/ershoufang/105121065302.html
紫台三房 可合单证！看房有钥匙 诚意卖,"万科紫台 , 地标",3室2厅,140平米,北,简装,中楼层(共26层) ,,板塔结合,220 万,15715 元,4,,,VR看装修 | 房本满五年 | 随时看房,https://dg.lianjia.com/ershoufang/105108353009.html
翠欣苑3房2厅2卫 朝南方正户型,"翠欣苑 , 华南摩尔",3室2厅,119.56平米,东南,精装,中楼层(共11层) ,,塔楼,145 万,12128 元,0,,,VR看装修 | 房本满五年 | 随时看房,https://dg.lianjia.com/ershoufang/105116179766.html
新世纪颐龙湾 四期精装三房 业主自住保养好 诚意出售,"新世纪颐龙湾 , 高埗镇",3室2厅,96.69平米,南,精装,高楼层(共18层) ,,板塔结合,140 万,14480 元,1,,,VR看装修 | 房本满五年,https://dg.lianjia.com/ershoufang/105119748123.html
实用两房，看小区花园，楼距宽，视野好，安静,"长城世家 , 松山湖",2室2厅,82.42平米,西北,精装,7层 ,,板塔结合,236 万,28634 元,0,,,VR看装修 | 房本满五年,https://dg.lianjia.com/ershoufang/105120139930.html
金地湖山大境二期大四房 靠山看湖景,"金地湖山大境二期 , 黄江镇",4室2厅,152.84平米,南,毛坯,20层 ,,板塔结合,169 万,11058 元,2,,,VR看装修 | 房本满五年 | 随时看房,https://dg.lianjia.com/ershoufang/105117915157.html
时代城二梯二户，业主自住，中式装修四房,"光大景湖时代城 , 西平",4室2厅,172.03平米,东南,精装,32层 ,,板塔结合,500 万,29065 元,1,,,近地铁 | VR看装修 | 房本满五年 | 随时看房,https://dg.lianjia.com/ershoufang/105117921456.html
满五唯一 精装修可拎包入住 高楼层景观好 业主急售,"金地·艺境水岸 , 石美",3室2厅,94.95平米,西南,精装,高楼层(共33层) ,,板塔结合,160 万,16851 元,0,,,VR看装修 | 房本满五年 | 随时看房,https://dg.lianjia.com/ershoufang/105121780685.html
CBD大社区园林三房看花园，安静采光好，满五唯一,"石竹新花园 , 石竹",3室2厅,108平米,西北,精装,高楼层(共16层) ,,板塔结合,175 万,16204 元,0,,,近地铁 | VR看装修 | 房本满五年,https://dg.lianjia.com/ershoufang/105121618865.html
新时代家园 2房2厅 仅需75万 价格优惠,"新时代家园 , 凤岗镇",2室2厅,43平米,西南,,18层 ,,板塔结合,60 万,13954 元,1,,,VR看装修 | 房本满五年,https://dg.lianjia.com/ershoufang/105119595051.html
丰华苑全新装修三房 采光通风好 诚意出售 随时看房,"东泰花园丰华苑 , 东泰",3室2厅,113.5平米,南,精装,高楼层(共7层) ,,塔楼,109.8 万,9675 元,2,,,VR房源 | 房本满五年 | 随时看房,https://dg.lianjia.com/ershoufang/105122202933.html
三正瑞士半山，业主自住新装修，满五唯一，红本在手,"三正瑞士半山 , 凤岗镇",3室2厅,83.02平米,南,精装,27层 ,,板塔结合,108 万,13009 元,3,,,VR看装修 | 房本满五年,https://dg.lianjia.com/ershoufang/105121585672.html
中高楼层 生活便利 自住房保养好 南北对流,"东城万达广场 , 世博广场",4室2厅,179.12平米,南,精装,低楼层(共30层) ,,板塔结合,420 万,23448 元,0,,,近地铁 | VR房源 | 房本满五年 | 随时看房,https://dg.lianjia.com/ershoufang/105118277089.html
西平高 端小区景湖时代城3房，南向看花园，随时看房,"光大景湖时代城 , 西平",3室2厅,99.92平米,南,精装,16层 ,,板塔结合,260 万,26021 元,3,,,近地铁 | VR看装修 | 房本满五年 | 随时看房,https://dg.lianjia.com/ershoufang/105119830059.html
汇景城市精装三房，南北对流，双阳台，过五唯一,"汇景城市中心 , 樟木头镇",3室2厅,106.79平米,东南,精装,低楼层(共22层) ,,塔楼,134.8 万,12623 元,0,,,VR看装修 | 房本满五年,https://dg.lianjia.com/ershoufang/105118080706.html
香市一号精装大三房装修好高楼层安静,"海悦香郡花园 , 寮步",3室2厅,124平米,南 北,精装,高楼层(共23层) ,,塔楼,218 万,17581 元,0,,,VR看装修 | 房本满五年 | 随时看房,https://dg.lianjia.com/ershoufang/105121809129.html
业主诚意出售，中高楼层视野开阔采光好，小区环境好,"茶山碧桂园 , 茶山镇",2室2厅,75平米,南,精装,中楼层(共19层) ,,板塔结合,65 万,8667 元,0,,,随时看房,https://dg.lianjia.com/ershoufang/105121893237.html
碧海云天高层看海景三房，居住舒服！,"碧海云天 , 沙田镇",3室1厅,103.87平米,西南,精装,高楼层(共32层) ,,塔楼,122 万,11746 元,0,,,VR看装修 | 随时看房,https://dg.lianjia.com/ershoufang/105122081386.html
大运六期，精装三房 南北通透  看山景,"大运城邦璟城 , 凤岗镇",3室2厅,95.73平米,北 南,精装,21层 ,,塔楼,179 万,18699 元,0,,,VR看装修 | 房本满五年,https://dg.lianjia.com/ershoufang/105121613810.html
86平3房，总价26万，低价上车好房源,"帝都花园一期 , 樟木头镇",3室2厅,88平米,南,精装,高楼层(共7层) ,,塔楼,22.8 万,2591 元,7,,,VR房源 | 房本满五年,https://dg.lianjia.com/ershoufang/105120468105.html
东海城堡内比较少的一楼带花园的复式房，三房做6房,"丰泰东海城堡 , 新联",6室2厅,102.08平米,东南 南,精装,低楼层(共15层) ,,板塔结合,230 万,22532 元,2,,,VR房源 | 房本满五年,https://dg.lianjia.com/ershoufang/105115587237.html
朝南 安静不吵 精装三房 业主急售 十万火急,"光大山湖城 , 大岭山镇",3室2厅,101.45平米,南,,高楼层(共33层) ,,塔楼,135 万,13308 元,0,,,VR看装修 | 房本满两年 | 随时看房,https://dg.lianjia.com/ershoufang/105120393196.html
地铁口旁 菊香苑 精装2房产权清晰户型方正,"菊香苑 , 东莞图书馆",2室1厅,77.91平米,东北,简装,中楼层(共9层) ,,塔楼,108 万,13863 元,1,,,VR看装修 | 房本满五年 | 随时看房,https://dg.lianjia.com/ershoufang/105118239837.html
精装修中间楼层业主自住保养好户型好,"卓越弥敦道御府 , 石碣镇",3室2厅,93.23平米,南,,中楼层(共32层) ,,板塔结合,115 万,12336 元,1,,,VR看装修 | 房本满两年,https://dg.lianjia.com/ershoufang/105117445819.html
香樟1号 3室1厅 东北,"香樟1号 , 樟木头镇",3室1厅,104.27平米,东北,精装,中楼层(共22层) ,,板塔结合,138 万,13235 元,0,,,VR房源 | 房本满五年 | 随时看房,https://dg.lianjia.com/ershoufang/105120604502.html
大运城邦南北通透大四房 业主诚心出售 随时看房,"大运城邦曦城 , 凤岗镇",4室2厅,140.13平米,南 北,简装,32层 ,,板塔结合,208 万,14844 元,3,,,VR看装修 | 房本满五年,https://dg.lianjia.com/ershoufang/105122023319.html
中央豪庭 精装修三房 高楼层 安静 视野好 位置好,"中央豪庭 , 凤岗镇",3室2厅,83平米,南,精装,16层 ,,板塔结合,100 万,12049 元,5,,,VR看装修 | 房本满五年,https://dg.lianjia.com/ershoufang/105111257976.html
精装修三房 采光好 全新未入住,"万科汉邦松湖半岛 , 松山湖",3室2厅,75.47平米,东南,精装,18层 ,,板塔结合,128 万,16961 元,12,,,VR看装修 | 随时看房,https://dg.lianjia.com/ershoufang/105119479260.html
朝南看花园 满5年税少 中高楼层采光通风好,"大运城邦曦城 , 凤岗镇",2室2厅,65.43平米,南,精装,33层 ,,板塔结合,90 万,13756 元,1,,,VR看装修 | 房本满五年 | 随时看房,https://dg.lianjia.com/ershoufang/105119733373.html
大朗阳光城3房诚意出售，钥匙在手随时可看,"阳光城湖山悦 , 大朗镇",3室2厅,97.73平米,东南,精装,低楼层(共26层) ,,板塔结合,198 万,20260 元,0,,,VR看装修 | 随时看房,https://dg.lianjia.com/ershoufang/105119964410.html
万达商圈金地琥悦绿化高的花园小区方正精装三房,"金地琥悦 , 万达",3室2厅,99.57平米,东南 南,精装,低楼层(共15层) ,,板塔结合,165 万,16572 元,0,,,VR看装修 | 房本满五年,https://dg.lianjia.com/ershoufang/105121332466.html
尚书悦府  精装修 保养好 户型好南北通透 可怜包入住,"尚书悦府 , 宏远北",3室2厅,90.05平米,南 北,精装,高楼层(共17层) ,,板塔结合,168 万,18657 元,1,,,VR看装修 | 房本满五年 | 随时看房,https://dg.lianjia.com/ershoufang/105120633935.html
旭辉江山墅116平大三房，室内光线充足，保养好,"旭辉江山墅 , 石排镇",3室2厅,115.78平米,南,,高楼层(共33层) ,,塔楼,179 万,15461 元,0,,,VR看装修,https://dg.lianjia.com/ershoufang/105120953315.html
此房精装修，采光通风十足，朝向好户型好,"金地格林上院 , 大岭山镇",3室2厅,81.96平米,西,精装,高楼层(共11层) ,,塔楼,85 万,10371 元,25,,,VR看装修 | 房本满五年,https://dg.lianjia.com/ershoufang/105107527901.html
房子通透性好视野开阔装修保养九成新可直接拎包入住,"松湖春天 , 大岭山镇",3室2厅,97.16平米,北,精装,22层 ,,板塔结合,155 万,15954 元,0,,,VR看装修 | 房本满五年 | 随时看房,https://dg.lianjia.com/ershoufang/105121487266.html
业主自住保养好 南北对流看花园 中间楼层安静不吵~,"碧桂园珑远紫宸府 , 石碣镇",3室2厅,94.08平米,北,,22层 ,,板塔结合,98 万,10417 元,0,,,VR看装修 | 房本满五年,https://dg.lianjia.com/ershoufang/105118249825.html
沙田碧桂园，房子户型好，楼层好，采光通透性,"沙田碧桂园滨江豪园 , 沙田镇",4室2厅,138平米,南 北,,29层 ,,塔楼,179 万,12972 元,0,,,VR看装修,https://dg.lianjia.com/ershoufang/105117654191.html
莞城步步高竹苑 少有三房 诚意出售 楼层好 户型方正,"步步高小区 , 罗沙",3室2厅,79.53平米,南,简装,中楼层(共5层) ,,,82 万,10311 元,0,,,VR房源 | 房本满五年,https://dg.lianjia.com/ershoufang/105110250325.html
恒盈豪庭  2房高楼层  南北对流  诚意出售,"恒盈豪庭 , 清溪镇",2室2厅,81.52平米,北 南,简装,高楼层(共15层) ,,板塔结合,68 万,8342 元,0,,,VR看装修 | 房本满五年,https://dg.lianjia.com/ershoufang/105118005384.html
卓 越中寰 平层一房一厅 朝南,"卓越中寰 , 学院路",1室1厅,57.83平米,南,精装,21层 ,,塔楼,40 万,6917 元,1,,,近地铁 | 房本满五年 | 随时看房,https://dg.lianjia.com/ershoufang/105119182166.html
汇景城市中心精装大两房拧包入住,"汇景城市中心 , 樟木头镇",2室1厅,80.08平米,南,精装,低楼层(共23层) ,,板塔结合,86 万,10740 元,0,,,VR看装修 | 房本满两年 | 随时看房,https://dg.lianjia.com/ershoufang/105117133287.html
新天美地花园带平台的房子，业主诚意出手,"新天美地花园 , 常平镇",3室2厅,101.02平米,西北,简装,高楼层(共21层) ,,板塔结合,93 万,9207 元,0,,,VR房源 | 房本满五年 | 随时看房,https://dg.lianjia.com/ershoufang/105121172306.html
业主诚意出售，高楼层视野好，格局方正，小区管理好,"万科运河东1号 , 运河东",3室2厅,129.31平米,东南,精装,高楼层(共19层) ,,塔楼,199 万,15390 元,0,,,VR看装修 | 房本满两年,https://dg.lianjia.com/ershoufang/105117262072.html
海德全新三房，朝南看小区看鱼池，有钥匙随时看房,"海德骏园 , 望牛墩镇",3室2厅,96.56平米,东南,精装,低楼层(共23层) ,,塔楼,98 万,10150 元,0,,,VR看装修 | 房本满五年 | 随时看房,https://dg.lianjia.com/ershoufang/105121962882.html
此房楼层高，视野开阔，是毛坯的，可装成自己的风格,"盛和雅颂花园 , 横沥镇",4室2厅,128平米,南 北,毛坯,29层 ,,板塔结合,130 万,10157 元,1,,,VR看装修 | 随时看房,https://dg.lianjia.com/ershoufang/105118533153.html
南城区 万科翡丽山 高楼层 精装修 看房方便,"万科翡丽山 , 水濂山",3室2厅,96.87平米,东南,精装,高楼层(共27层) ,,板楼,129 万,13317 元,2,,,VR看装修 | 房本满五年 | 随时看房,https://dg.lianjia.com/ershoufang/105119992208.html
次新楼盘 江景洋房 楼层舒适 视野开阔,"保利首铸天际 , 胜利路",4室2厅,117.75平米,西南,,中楼层(共48层) ,,板楼,305 万,25903 元,0,,,VR房源 | 房本满两年 | 随时看房,https://dg.lianjia.com/ershoufang/105121448954.html
里悦里旁  精装三房两卫诚意出售 朝南 高楼层,"碧桂园·万象松湖 , 大朗镇",3室2厅,106平米,南,精装,32层 ,,塔楼,86 万,8114 元,5,,,随时看房,https://dg.lianjia.com/ershoufang/105121326121.html
名流印象精装两房，朝南，视野开阔,"名流印象花园二期 , 凤岗镇",2室2厅,79.84平米,南,精装,33层 ,,板塔结合,118.5 万,14843 元,0,,,VR看装修 | 房本满五年 | 随时看房,https://dg.lianjia.com/ershoufang/105121817884.html
"此房满五唯一 有地下停车位户型方正采光通透,配套齐全","怡安豪庭 , 樟木头镇",3室2厅,101.36平米,南,精装,高楼层(共13层) ,,塔楼,68 万,6709 元,0,,,VR看装修 | 房本满五年 | 随时看房,https://dg.lianjia.com/ershoufang/105118955935.html
万科金色城市 电梯房 好楼层 商品房 朝南向 采光好,"万科金色城市 , 塘厦镇",3室2厅,96.54平米,南,精装,32层 ,,板塔结合,167 万,17299 元,0,,,VR看装修 | 房本满五年 | 随时看房,https://dg.lianjia.com/ershoufang/105120983080.html
楼龄新户型方正精装修配套齐出行方便,"正德名居商住楼 , 罗沙",1室0厅,28.83平米,东,精装,高楼层(共10层) ,,板楼,70 万,24281 元,0,,,VR房源 | 房本满两年,https://dg.lianjia.com/ershoufang/105119491719.html
欧景城高层2房，采光好，业主 急售价格可谈,"深业欧景城 , 宏远北",2室2厅,90.02平米,东南,精装,高楼层(共17层) ,,板塔结合,128 万,14220 元,0,,,VR看装修 | 房本满五年,https://dg.lianjia.com/ershoufang/105122171632.html
城区万科 次新小区 大客厅4房双卫 好楼层视野无遮挡,"万科第五城 , 高埗镇",4室2厅,115.6平米,西南,精装,低楼层(共34层) ,,塔楼,159 万,13755 元,1,,,VR看装修 | 房本满两年 | 随时看房,https://dg.lianjia.com/ershoufang/105118379406.html
次新小区 高楼层景观好 配套成熟 业主急售,"天健阅江来 , 胜利路",3室2厅,95.33平米,南,毛坯,高楼层(共31层) ,,板塔结合,185 万,19407 元,2,,,VR看装修 | 随时看房,https://dg.lianjia.com/ershoufang/105118730028.html
新天地华庭  横厅三房两卫 户型方正 公摊小 朝东南,"新天地华庭 , 寮步",3室2厅,101.82平米,东南,简装,7层 ,,板楼,75 万,7366 元,0,,25天以前发布,VR房源 | 房本满五年,https://dg.lianjia.com/ershoufang/105122314874.html
山景房，南。北对流，看山景带大平台,"名流印象花园二期 , 凤岗镇",4室2厅,128.52平米,南 北,毛坯,20层 ,,板塔结合,220 万,17118 元,0,,9天以前发布,VR房源 | 房本满五年 | 随时看房,https://dg.lianjia.com/ershoufang/105122467950.html
中惠卡丽兰95平复式三房，业主诚意出售,"中惠卡丽兰 , 寮步",3室2厅,95.15平米,南,精装,低楼层(共7层) ,,板塔结合,155 万,16291 元,1,,,VR房源 | 房本满五年 | 随时看房,https://dg.lianjia.com/ershoufang/105118224929.html
大运城邦二期大三房居家高楼层，采光好，看花园,"大运城邦卫城 , 凤岗镇",3室2厅,135.75平米,南 北,精装,25层 ,,板塔结合,238 万,17533 元,1,,,VR看装修 | 房本满五年 | 随时看房,https://dg.lianjia.com/ershoufang/105117434062.html
融创南北对流双阳台四房，视野采光好，装修保养好,"融创松湖澜园 , 大岭山镇",4室2厅,115.35平米,南 北,,25层 ,,板塔结合,128 万,11097 元,0,,,VR房源 | 房本满五年,https://dg.lianjia.com/ershoufang/105121819735.html
楼层低安静不吵、精装房拎包入住、南北对流三房两卫,"中熙玖颂江湾 , 石碣镇",3室2厅,97.72平米,南 北,精装,低楼层(共31层) ,,塔楼,119 万,12178 元,1,,,VR看装修 | 房本满五年 | 随时看房,https://dg.lianjia.com/ershoufang/105117319331.html
御景大三房朝南朝园景  业主诚意出售,"御景花园 , 樟木头镇",3室2厅,104.7平米,南,精装,中楼层(共7层) ,,塔楼,76 万,7259 元,1,,,VR看装修 | 随时看房,https://dg.lianjia.com/ershoufang/105120192017.html
万科珠江东岸98平，全新未入住过，交楼标准,"万科珠江东岸五期 , 麻涌镇",3室2厅,98.45平米,东南,,高楼层(共18层) ,,板塔结合,89 万,9041 元,0,,,VR看装修 | 房本满五年 | 随时看房,https://dg.lianjia.com/ershoufang/105121213604.html
次新小区，南向三房，格局好，户型方正，小区设备完善,"华讯大宅 , 石龙镇",3室2厅,94.83平米,南,毛坯,中楼层(共24层) ,,板塔结合,129 万,13604 元,0,,,VR看装修,https://dg.lianjia.com/ershoufang/105117182672.html
产权满五，无欠款，中高楼层，通风采光好，朝南，精装,"理想0769 , 客运总站",3室2厅,96.29平米,南,精装,高楼层(共9层) ,,塔楼,116 万,12047 元,2,,,VR看装修 | 房本满五年 | 随时看房,https://dg.lianjia.com/ershoufang/105120895126.html
莞初旁莞城步步高 近地铁口 采光通风好,"温南新区 , 学院路",4室1厅,143平米,南 北,简装,高楼层(共8层) ,,板楼,72 万,5035 元,0,,,近地铁 | VR看装修 | 房本满两年 | 随时看房,https://dg.lianjia.com/ershoufang/105122089390.html
丰盛名 业主诚心出售  房子户型方正 采光通风好,"丰盛名苑 , 南城车站",3室2厅,91.43平米,东南,精装,中楼层(共16层) ,,塔楼,125 万,13672 元,3,,,VR看装修 | 房本满五年 | 随时看房,https://dg.lianjia.com/ershoufang/105110503140.html
精装三房，楼层好，安静舒适，配套成熟，业主诚心卖,"东城中心 , 黄旗山",3室2厅,137平米,东南,精装,中楼层(共8层) ,,塔楼,148 万,10803 元,3,,,近地铁 | VR房源 | 房本满五年,https://dg.lianjia.com/ershoufang/105117928227.html
鹿港小镇带阳台的一房一厅商品房,"鹿港小镇 , 厚街镇",1室1厅,50.13平米,西南,精装,低楼层(共27层) ,,板楼,38 万,7581 元,0,,,VR房源 | 房本满五年 | 随时看房,https://dg.lianjia.com/ershoufang/105121519276.html
证过5年，带租约出售，高层单位,"世纪康城 , 常平镇",2室2厅,74.1平米,西南,精装,高楼层(共10层) ,,塔楼,57 万,7693 元,0,,,VR房源 | 房本满五年,https://dg.lianjia.com/ershoufang/105120051332.html
寮厦地铁口，两房改的小三房，不欠款，诚意出售,"鼎盛中环银苑 , 厚街镇",3室1厅,91.45平米,南 北,精装,高楼层(共25层) ,,板塔结合,105 万,11482 元,0,,,近地铁 | VR看装修 | 房本满五年,https://dg.lianjia.com/ershoufang/105121388136.html
业主诚意出售，看房方便，次新房没有住过人,"碧桂园珑远紫宸府 , 石碣镇",3室2厅,99.53平米,南,精装,21层 ,,板楼,97 万,9746 元,0,,,VR看装修 | 房本满五年 | 随时看房,https://dg.lianjia.com/ershoufang/105114319113.html
四房毛坯 户型方正  地铁物业 采光通透 两梯两户,"合正上东国际 , 下坝",4室2厅,166平米,南,毛坯,高楼层(共18层) ,,板塔结合,400 万,24097 元,1,,,VR看装修 | 随时看房,https://dg.lianjia.com/ershoufang/105119088123.html
此房满五不欠款 产权清晰  楼层好 通风对流 户型方正,"侨苑山庄裕泽园 , 花园新村",3室2厅,116.26平米,南,简装,高楼层(共8层) ,,,49 万,4215 元,1,,,近地铁 | VR房源 | 房本满五年 | 随时看房,https://dg.lianjia.com/ershoufang/105114762826.html
中信凯旋城南向居家三房，5年新装拎包入住，满五唯一,"中信凯旋城 , 东泰",3室2厅,116.88平米,南,精装,11层 ,,板塔结合,228 万,19508 元,2,,,VR看装修 | 房本满五年 | 随时看房,https://dg.lianjia.com/ershoufang/105121621203.html
弥珍道 2房 无欠款 随时可过户,"中熙弥珍道 , 西平",2室2厅,61.99平米,南,精装,中楼层(共25层) ,,塔楼,55 万,8873 元,1,,,近地铁 | 房本满五年 | 随时看房,https://dg.lianjia.com/ershoufang/105122024015.html
信义一号  124平3房2厅业主只要260万,"信义怡翠豪园 , 咸西",3室1厅,124.25平米,北,精装,19层 ,,塔楼,260 万,20926 元,0,,31天以前发布,VR房源 | 房本满五年,https://dg.lianjia.com/ershoufang/105122259556.html
融创松湖澜园精装3房，看小区花园，诚心出售,"融创松湖澜园 , 大岭山镇",3室2厅,88.49平米,东南,简装,18层 ,,板塔结合,99 万,11188 元,6,,,VR房源 | 随时看房,https://dg.lianjia.com/ershoufang/105113811253.html
全屋定制，标准大4房，业主诚心出售可谈！,"保利首铸天际 , 胜利路",4室2厅,136.3平米,东南,精装,低楼层(共45层) ,,板塔结合,338 万,24799 元,0,,,VR看装修 | 房本满两年 | 随时看房,https://dg.lianjia.com/ershoufang/105120861806.html
央企通透3房，满五年唯一住房免个税，住家温馨,"虎门印象 , 万达",3室2厅,114.81平米,南 北,精装,高楼层(共30层) ,,塔楼,185 万,16114 元,1,,,VR看装修 | 房本满五年 | 随时看房,https://dg.lianjia.com/ershoufang/105115573804.html
高层好房 看房方便有钥匙 住宅性质的,"地标大厦 , 地标",1室1厅,56.66平米,南,简装,高楼层(共24层) ,,塔楼,44 万,7766 元,0,,,VR看装修 | 房本满五年 | 随时看房,https://dg.lianjia.com/ershoufang/105122142906.html
小区环境好，交通方便，设施完善，价格优惠,"中熙玖颂江湾 , 石碣镇",3室2厅,98.33平米,南 北,毛坯,高楼层(共31层) ,,塔楼,102 万,10374 元,0,,,VR看装修 | 房本满五年 | 随时看房,https://dg.lianjia.com/ershoufang/105116538678.html
名巨中央南北对流3房，看花园景观,"名巨中央花园 , 横沥镇",3室2厅,92.2平米,南 北,精装,32层 ,,塔楼,92 万,9979 元,0,,,VR房源 | 房本满五年 | 随时看房,https://dg.lianjia.com/ershoufang/105122013936.html
中高层四房 无欠款 随时过户 看房方便  视野开阔 靓宅,"万科首铸翡翠东望 , 鸿福路口",4室2厅,115.95平米,南,精装,低楼层(共33层) ,,板楼,325 万,28030 元,1,,,VR看装修 | 房本满两年 | 随时看房,https://dg.lianjia.com/ershoufang/105116599616.html
朝向好阳光充足较为安静配套设施较为齐全,"地标大厦 , 地标",3室2厅,100.81平米,西南,精装,低楼层(共25层) ,,塔楼,120 万,11904 元,0,,,VR看装修 | 房本满五年 | 随时看房,https://dg.lianjia.com/ershoufang/105112545778.html
急售中楼层.可装电梯 装修好.朝东南.户型方正.采光好,"文华花园 , 花园新村",2室2厅,85.2平米,东南,精装,中楼层(共9层) ,,板塔结合,54.8 万,6432 元,1,,,VR看装修 | 房本满两年 | 随时看房,https://dg.lianjia.com/ershoufang/105120679955.html
万科金色悦府高楼层精装3房诚意出售,"万科金色悦府 , 宵边",3室2厅,95平米,南,精装,32层 ,,板塔结合,210 万,22106 元,0,,,VR看装修,https://dg.lianjia.com/ershoufang/105122063429.html
万科幸福城 精装修未住过3房2卫 随时可以看,"万科幸福城 , 上下桥",3室2厅,95.36平米,南 北,,中楼层(共18层) ,,塔楼,168 万,17618 元,4,,,VR房源 | 房本满五年 | 随时看房,https://dg.lianjia.com/ershoufang/105120998416.html
新世纪颐龙轩 南北对流 高层看江景,"新世纪颐龙轩 , 高埗镇",4室2厅,143.29平米,东南,毛坯,高楼层(共30层) ,,板楼,239 万,16680 元,0,,,VR看装修 | 随时看房,https://dg.lianjia.com/ershoufang/105120345227.html
柏龙湾次新3房  中楼层采光好  视野开阔,"柏龙湾 , 大宁",3室2厅,93.25平米,东南,,高楼层(共17层) ,,塔楼,148 万,15872 元,0,,,VR看装修 | 随时看房,https://dg.lianjia.com/ershoufang/105120314450.html
全新未入住过3房交楼标准精装业主诚心出售,"世纪城凯旋湾花园 , 石排镇",3室2厅,109.72平米,南,,低楼层(共17层) ,,板塔结合,108 万,9844 元,0,,,VR看装修 | 房本满两年 | 随时看房,https://dg.lianjia.com/ershoufang/105121286600.html
达鑫精装两房，看房方便，看花园朝南向,"达鑫江滨新城 , 石碣镇",2室1厅,83.11平米,南,精装,中楼层(共24层) ,,板楼,90 万,10830 元,1,,,VR看装修 | 随时看房,https://dg.lianjia.com/ershoufang/105121226117.html
富民花园  朝南两房  诚意出售,"富民花园 , 太平广场",2室2厅,75.02平米,南,简装,中楼层(共7层) ,,板塔结合,55 万,7332 元,1,,,VR看装修 | 房本满五年 | 随时看房,https://dg.lianjia.com/ershoufang/105121518085.html
万科中 央公园98平三房 免个税 全新交楼标准,"万科中央公园一期 , 大朗镇",3室2厅,98.77平米,西南,精装,高楼层(共30层) ,,板塔结合,200 万,20250 元,1,,,VR看装修 | 房本满五年 | 随时看房,https://dg.lianjia.com/ershoufang/105119734661.html
新世纪豪园一期 128㎡精品三房 缺少户型 即买即住,"新世纪豪园一期 , 火炼树",3室2厅,127.87平米,东,精装,中楼层(共9层) ,,板塔结合,226 万,17675 元,1,,,VR房源 | 房本满五年 | 随时看房,https://dg.lianjia.com/ershoufang/105121386057.html
卓越中寰 3室1厅 南,"卓越中寰 , 学院路",3室1厅,57.83平米,南,简装,21层 ,,塔楼,55 万,9511 元,0,,13天以前发布,近地铁 | 房本满两年,https://dg.lianjia.com/ershoufang/105122423156.html
3房2厅2卫诚意出售  朝南看花园 中高楼层 采光好,"新世纪颐龙湾 , 高埗镇",3室2厅,113.49平米,南,毛坯,中楼层(共23层) ,,板塔结合,145 万,12777 元,1,,,VR看装修 | 房本满两年 | 随时看房,https://dg.lianjia.com/ershoufang/105120176302.html
宝翠花园电梯三房两卫，业主诚意出售！,"宝翠花園 , 横沥镇",3室2厅,89.77平米,东北,精装,中楼层(共9层) ,,塔楼,75 万,8355 元,0,,,VR看装修 | 房本满五年,https://dg.lianjia.com/ershoufang/105117309111.html
新世纪颐龙湾 精装修三房两卫 保养好 视野开阔,"新世纪颐龙湾 , 高埗镇",3室2厅,103.06平米,北,精装,高楼层(共25层) ,,板塔结合,142 万,13779 元,0,,,VR看装修 | 房本满五年,https://dg.lianjia.com/ershoufang/105119276766.html
二期电梯四房，满五唯一!位置好！,"中惠沁林山庄 , 大岭山镇",4室2厅,119.46平米,南 北,精装,低楼层(共25层) ,,板楼,110 万,9209 元,2,,,VR房源 | 房本满五年,https://dg.lianjia.com/ershoufang/105120877384.html
精装四房保养好 视野无遮挡 楼层好 交通便利,"万科第五城 , 高埗镇",4室2厅,115.6平米,东南,精装,34层 ,,板楼,173 万,14966 元,0,,,VR看装修 | 房本满两年 | 随时看房,https://dg.lianjia.com/ershoufang/105118499339.html
此房是一楼南向 带前后花园 精装大三房 可拎包入住,"光大景湖时代城 , 西平",3室2厅,92.23平米,西南,精装,32层 ,,板塔结合,280 万,30359 元,5,,,VR房源 | 房本满两年 | 随时看房,https://dg.lianjia.com/ershoufang/105113183664.html
此房三房两厅两卫 格局方正 过五唯一 采光好,"新城市广场 , 樟木头镇",3室2厅,99平米,东北,精装,高楼层(共7层) ,,板塔结合,30.6 万,3091 元,9,,,VR看装修 | 随时看房,https://dg.lianjia.com/ershoufang/105120865711.html
新世纪颐龙湾 四期精装三房 业主自住保养好 诚意出售,"新世纪颐龙湾 , 高埗镇",3室2厅,96.69平米,南,精装,高楼层(共18层) ,,板塔结合,140 万,14480 元,1,,,VR看装修 | 房本满五年,https://dg.lianjia.com/ershoufang/105119748123.html
紫荆花园二期中间楼层南向阳台无遮挡采光好,"紫荆花园二期 , 常平镇",2室2厅,62.6平米,南,,中楼层(共6层) ,,塔楼,35 万,5592 元,0,,29天以前发布,VR房源 | 随时看房,https://dg.lianjia.com/ershoufang/105122277853.html
高层东南向大四房，通风采光佳，自住保养好，无按揭,"万科首铸翡翠东望 , 鸿福路口",4室2厅,115.95平米,南 北,精装,高楼层(共33层) ,,板楼,325 万,28030 元,0,,,VR看装修 | 房本满两年,https://dg.lianjia.com/ershoufang/105122093918.html
紫荆花园二期，低楼层，诚心出售，,"紫荆花园二期 , 常平镇",3室2厅,84.1平米,南,简装,低楼层(共6层) ,,塔楼,53 万,6303 元,1,,,VR看装修 | 房本满五年,https://dg.lianjia.com/ershoufang/105119125294.html
精装三房 楼层高 采光好 满五无抵押,"瑞康花园 , 横沥镇",3室1厅,111.22平米,南,简装,高楼层(共16层) ,,塔楼,82 万,7373 元,0,,,VR看装修 | 房本满五年,https://dg.lianjia.com/ershoufang/105114191556.html
此房满五唯一，业主诚心卖，价格可谈看房方便,"紫荆花园二期 , 常平镇",3室2厅,79平米,东南,简装,中楼层(共6层) ,,塔楼,52 万,6583 元,1,,,VR看装修 | 房本满五年 | 随时看房,https://dg.lianjia.com/ershoufang/105120651007.html
两梯两户 南北对流双阳台 视野好 看房方便,"中信阳光澳园 , 东泰",3室2厅,134.05平米,南,,中楼层(共16层) ,,板楼,260 万,19396 元,0,,,VR房源 | 房本满五年 | 随时看房,https://dg.lianjia.com/ershoufang/105122090596.html
东骏大三房 方正户型 看花园 采光好无遮挡 价格好商量,"东骏豪苑 , 西平",3室2厅,115.36平米,南,简装,高楼层(共18层) ,,板塔结合,245 万,21238 元,1,,,VR看装修 | 房本满五年,https://dg.lianjia.com/ershoufang/105118473132.html
业主诚售 南北双阳台 大社区 配套齐全 交通便利,"中信凯旋城 , 东泰",3室2厅,140.9平米,南 北,精装,11层 ,,板塔结合,280.6 万,19915 元,2,,,VR房源 | 房本满五年,https://dg.lianjia.com/ershoufang/105120590381.html
菊香苑     3房2厅       朝东,"菊香苑 , 东莞图书馆",3室2厅,103.99平米,东,简装,中楼层(共9层) ,,塔楼,128 万,12309 元,4,,,近地铁 | VR房源 | 房本满五年 | 随时看房,https://dg.lianjia.com/ershoufang/105121088815.html
业主诚意出售，看房方便，次新房没有住过人,"碧桂园珑远紫宸府 , 石碣镇",3室2厅,99.53平米,南,精装,21层 ,,板楼,97 万,9746 元,0,,,VR看装修 | 房本满五年 | 随时看房,https://dg.lianjia.com/ershoufang/105114319113.html
保利红珊瑚精装三房位置安静环境好业主诚心出售,"保利红珊瑚花园 , 松山湖",3室2厅,106.79平米,东北,精装,15层 ,,塔楼,310 万,29029 元,3,,,VR看装修 | 房本满五年,https://dg.lianjia.com/ershoufang/105116188267.html
三房两厅，此户型方正实用，地铁口小区，视野开阔,"宏远江南世家 , 宏远北",3室2厅,113.16平米,东,简装,高楼层(共12层) ,,板塔结合,159 万,14051 元,1,,,VR看装修 | 房本满五年 | 随时看房,https://dg.lianjia.com/ershoufang/105121493957.html
二期的 住家装修 保养好 户型佳 采光好,"中惠香樟绿洲 , 樟木头镇",3室2厅,109.88平米,南,精装,18层 ,,塔楼,129 万,11741 元,0,,,VR房源 | 房本满五年,https://dg.lianjia.com/ershoufang/105122141999.html
全新装修大两房 直接领包入住 业主急售,"东骏豪苑 , 西平",2室2厅,91平米,南,精装,高楼层(共15层) ,,板塔结合,190 万,20880 元,2,,,VR看装修 | 房本满五年,https://dg.lianjia.com/ershoufang/105120768250.html
中惠悦湾3房 楼层好 视野开阔 业主诚意 出售,"中惠悦湾 , 石碣镇",3室1厅,97.38平米,东南,精装,高楼层(共26层) ,,塔楼,88 万,9037 元,4,,,VR看装修 | 房本满五年 | 随时看房,https://dg.lianjia.com/ershoufang/105117904442.html
观澜碧桂园2房 中高楼层 大阳台,"观澜碧桂园 , 塘厦镇",2室2厅,82.2平米,东南,简装,30层 ,,板塔结合,85 万,10341 元,2,,,VR看装修 | 房本满五年 | 随时看房,https://dg.lianjia.com/ershoufang/105117762790.html
颐龙湾毛坯三房，中高层，带车位出售，双阳台视野开阔,"新世纪颐龙湾 , 高埗镇",3室2厅,103.98平米,北,毛坯,高楼层(共24层) ,,塔楼,119 万,11445 元,7,,,VR看装修 | 房本满五年 | 随时看房,https://dg.lianjia.com/ershoufang/105117175177.html
此房满五 唯 一税费少业主自住保养不错户型方正,"外贸大厦 , 清溪镇",3室2厅,84.97平米,东 东南 南,简装,高楼层(共8层) ,,,37 万,4355 元,2,,,VR看装修 | 随时看房,https://dg.lianjia.com/ershoufang/105120920784.html
首付10万，月供2300轻松上车南城！,"金升国际 , 运河东",2室2厅,54.4平米,东南,精装,低楼层(共22层) ,,板楼,66 万,12133 元,1,,,VR房源 | 房本满五年,https://dg.lianjia.com/ershoufang/105120516036.html
大型社区一楼带私家花园，业主诚心卖,"御景花园 , 樟木头镇",2室1厅,55.94平米,北,简装,低楼层(共6层) ,,塔楼,46 万,8224 元,2,,,VR房源 | 房本满五年 | 随时看房,https://dg.lianjia.com/ershoufang/105122042446.html
"急售,低楼层,没欠款,户型方正，朝向采光好，近地铁站","嘉富大厦 , 花园新村",3室2厅,106.3平米,东南,精装,中楼层(共6层) ,,板楼,57 万,5363 元,4,,,VR房源 | 随时看房,https://dg.lianjia.com/ershoufang/105118513714.html
中惠香樟半岛花园 4室2厅 东南,"中惠香樟半岛花园 , 樟木头镇",4室2厅,97.96平米,东南,简装,高楼层(共22层) ,,塔楼,88 万,8984 元,0,,,VR看装修 | 房本满五年 | 随时看房,https://dg.lianjia.com/ershoufang/105121118733.html
经典朝南户型 3房2卫 小区环境优美 价格划算位置安静,"新世纪星城(一二)期 , 温塘",3室2厅,102.1平米,南,精装,低楼层(共17层) ,,板塔结合,168 万,16455 元,4,,,VR看装修 | 房本满五年 | 随时看房,https://dg.lianjia.com/ershoufang/105121417092.html
未来世界少有带外阳台户型  配套实施齐全 交通便利,"未来世界花园 , 西平",3室2厅,70.78平米,南,简装,低楼层(共13层) ,,板塔结合,108 万,15259 元,2,,,近地铁 | VR房源 | 房本满五年,https://dg.lianjia.com/ershoufang/105121344460.html
上东国际四房  通透户型 朝南向 大社区，交通方便,"合正上东国际 , 下坝",4室2厅,160.73平米,南,简装,低楼层(共18层) ,,板塔结合,275 万,17110 元,5,,,VR看装修 | 房本满五年 | 随时看房,https://dg.lianjia.com/ershoufang/105118885333.html
龙城花园，景装三房，业主诚售，可拧包入住,"龙城花园 , 樟木头镇",3室1厅,71.4平米,南,精装,高楼层(共9层) ,,塔楼,20 万,2802 元,4,,,VR房源 | 房本满五年 | 随时看房,https://dg.lianjia.com/ershoufang/105122088088.html
全新装修没住过 中楼层 位置安静,"金地琥悦 , 万达",3室2厅,100.12平米,南,简装,中楼层(共12层) ,,塔楼,150 万,14983 元,1,,,VR看装修 | 房本满五年 | 随时看房,https://dg.lianjia.com/ershoufang/105121409272.html
鸿福路，近地铁口，业主精装修自住诚售,"塞纳城市嘉园 , 鸿福路口",2室1厅,81.16平米,东北,精装,低楼层(共30层) ,,板楼,108 万,13308 元,3,,,VR房源 | 房本满五年,https://dg.lianjia.com/ershoufang/105118799319.html
东城地铁口蔚蓝星湖大社区格局方正大3房朝南向诚意卖,"蔚蓝星湖 , 上下桥",3室2厅,107.56平米,南,简装,中楼层(共11层) ,,塔楼,143 万,13295 元,3,,,VR房源 | 房本满五年 | 随时看房,https://dg.lianjia.com/ershoufang/105120954604.html
国贸旁 新世纪豪园三期小户型 业主诚心出售,"新世纪豪园碧水蓝天 , 火炼树",3室2厅,131.35平米,东南,精装,低楼层(共17层) ,,板楼,238 万,18120 元,1,,,近地铁 | VR房源 | 房本满五年 | 随时看房,https://dg.lianjia.com/ershoufang/105118627670.html
成熟封闭小区，配套完善，户型方正，交通便利,"瑞康花园 , 横沥镇",3室2厅,81.7平米,南,,高楼层(共7层) ,,塔楼,51 万,6243 元,1,,,VR看装修 | 房本满五年 | 随时看房,https://dg.lianjia.com/ershoufang/105116806540.html
业主诚心出售，户型采光通风很好，距离出入口近,"中惠香樟绿洲 , 樟木头镇",2室2厅,80.27平米,南,精装,25层 ,,板塔结合,59.8 万,7450 元,3,,,VR看装修 | 房本满五年,https://dg.lianjia.com/ershoufang/105119009153.html
御景花园  朝南中三房  满五唯一 无个税,"御景花园 , 樟木头镇",3室2厅,83.88平米,南,精装,高楼层(共7层) ,,板塔结合,46 万,5485 元,1,,,VR看装修 | 房本满五年,https://dg.lianjia.com/ershoufang/105113326655.html
香樟绿洲精装大四房。有钥匙随时可看房。,"中惠香樟绿洲 , 樟木头镇",4室2厅,132.45平米,东南,精装,18层 ,,板塔结合,216 万,16309 元,0,,,VR房源 | 房本满五年 | 随时看房,https://dg.lianjia.com/ershoufang/105120646353.html
中信三房两厅两卫通透采光佳看房方便,"中信红树山 , 黄江镇",3室2厅,101.24平米,南,精装,高楼层(共34层) ,,塔楼,120 万,11854 元,0,,,VR房源 | 房本满五年 | 随时看房,https://dg.lianjia.com/ershoufang/105121071181.html
地铁大三房，厅大房大，加大不加价，一梯两户中间楼层,"宏远活力康城 , 宏远北",3室2厅,146.36平米,东南,简装,中楼层(共12层) ,,板塔结合,169 万,11547 元,2,,,VR房源,https://dg.lianjia.com/ershoufang/105120606609.html
铭可达小2房 户型方正 仅售89万,"铭可达商住中心 , 八达路",2室1厅,64.57平米,东南,精装,低楼层(共29层) ,,板楼,75 万,11616 元,0,,,VR看装修 | 房本满五年 | 随时看房,https://dg.lianjia.com/ershoufang/105120487732.html
业主诚心出售，看中价格还能谈，,"金美花园 , 常平镇",2室1厅,73平米,东北,,11层 ,,板楼,53.8 万,7370 元,0,,,VR房源 | 房本满五年,https://dg.lianjia.com/ershoufang/105120909056.html
风临花语岸，实用性很高5房南北对流,"风临花语岸 , 寮步",5室2厅,98.9平米,南,精装,高楼层(共17层) ,,塔楼,133 万,13448 元,1,,,VR看装修 | 房本满五年,https://dg.lianjia.com/ershoufang/105122065733.html
业主诚售 南北双阳台 大社区 配套齐全 交通便利,"中信凯旋城 , 东泰",3室2厅,140.9平米,南 北,精装,11层 ,,板塔结合,280.6 万,19915 元,2,,,VR房源 | 房本满五年,https://dg.lianjia.com/ershoufang/105120590381.html
两梯两户 南北对流双阳台 视野好 看房方便,"中信阳光澳园 , 东泰",3室2厅,134.05平米,南,,中楼层(共16层) ,,板楼,260 万,19396 元,0,,,VR房源 | 房本满五年 | 随时看房,https://dg.lianjia.com/ershoufang/105122090596.html
东骏大三房 方正户型 看花园 采光好无遮挡 价格好商量,"东骏豪苑 , 西平",3室2厅,115.36平米,南,简装,高楼层(共18层) ,,板塔结合,245 万,21238 元,1,,,VR看装修 | 房本满五年,https://dg.lianjia.com/ershoufang/105118473132.html
虎门一号中间楼层朝南安静大三房诚意出售,"虎门一号 , 地标",3室2厅,154平米,南,简装,中楼层(共18层) ,,塔楼,226 万,14676 元,0,,,VR看装修 | 房本满五年,https://dg.lianjia.com/ershoufang/105121764463.html
东城石井商圈102平双阳台全新精装3+1急售,"怡丰君逸名轩 , 石井",4室1厅,102.55平米,南,精装,高楼层(共18层) ,,塔楼,229 万,22331 元,1,,,VR看装修 | 房本满五年 | 随时看房,https://dg.lianjia.com/ershoufang/105121572079.html
沃多夫温馨一房 精装 拎包入住 看房方便,"沃多夫风临公馆 , 咸西",1室1厅,59.04平米,南,精装,33层 ,,塔楼,98 万,16599 元,0,,,VR房源 | 房本满两年,https://dg.lianjia.com/ershoufang/105116920075.html
卓越维港3房  中间楼层 视野宽阔 采光充足,"卓越维港 , 厚街镇",3室2厅,98.22平米,南,精装,中楼层(共29层) ,,塔楼,178 万,18123 元,3,,,近地铁 | VR看装修 | 房本满两年 | 随时看房,https://dg.lianjia.com/ershoufang/105120341083.html
已通燃气，自带内阳台，南向看花园，好楼层通风采光好,"美的招商东樾花园 , 石碣镇",2室1厅,36.5平米,南,,高楼层(共21层) ,,塔楼,26 万,7124 元,0,,16天以前发布,,https://dg.lianjia.com/ershoufang/105122397309.html
丽水佳园 全新毛坯三房 楼层好 景观好 无欠款 交易快,"沿海丽水佳园 , 道滘镇",3室2厅,93.37平米,北,毛坯,中楼层(共24层) ,,,85 万,9104 元,1,,,VR看装修 | 房本满两年 | 随时看房,https://dg.lianjia.com/ershoufang/105122134684.html
新世界花园精装三房 黄旗山脚下   满五唯一,"新世界花园 , 黄旗山",3室2厅,111.48平米,东南,精装,低楼层(共19层) ,,塔楼,188 万,16865 元,2,,,近地铁 | VR房源 | 房本满五年,https://dg.lianjia.com/ershoufang/105121266647.html
东田大三房 朝南采光通风好 户型方正 看房方便,"东田丽园 , 常平镇",3室1厅,124.44平米,南,,18层 ,,板楼,119 万,9563 元,2,,,VR房源 | 房本满五年 | 随时看房,https://dg.lianjia.com/ershoufang/105114438190.html
红荔侨苑精装3房仅售39万 拎包入住 无须装修,"红荔侨苑 , 常平镇",3室1厅,73.88平米,东南,精装,中楼层(共7层) ,,板楼,39 万,5279 元,0,,,VR看装修 | 房本满五年 | 随时看房,https://dg.lianjia.com/ershoufang/105122034903.html
满五唯一，全新未入住，带车位一起255，价格可以谈。,"松湖碧桂园二期 , 大岭山镇",3室1厅,122.8平米,南,精装,32层 ,,塔楼,210 万,17101 元,4,,,VR看装修 | 房本满两年 | 随时看房,https://dg.lianjia.com/ershoufang/105116987005.html
万科运河东精装小户型买房 看房方便,"万科运河东1号 , 运河东",1室0厅,36.73平米,南,精装,中楼层(共9层) ,,塔楼,81 万,22053 元,0,,,VR看装修 | 随时看房,https://dg.lianjia.com/ershoufang/105121906692.html
君珆花园 正南向三房两卫 南北对流 红本在手无欠款,"君珆花园 , 西平",3室1厅,110.35平米,南,精装,高楼层(共23层) ,,板楼,235 万,21296 元,5,,,近地铁 | VR房源 | 房本满五年 | 随时看房,https://dg.lianjia.com/ershoufang/105115945364.html
恒大江湾 大三房 位置安静 中间楼层 急售,"恒大江湾 , 望牛墩镇",3室2厅,118.35平米,南,精装,中楼层(共7层) ,,塔楼,85 万,7183 元,1,,,VR房源 | 房本满两年 | 随时看房,https://dg.lianjia.com/ershoufang/105120758506.html
碧湖湾，95平精装三房两卫，装修保养新，业主急卖,"碧湖湾 , 凤岗镇",3室2厅,94.81平米,东北,精装,22层 ,,塔楼,108 万,11392 元,0,,,VR看装修 | 房本满五年 | 随时看房,https://dg.lianjia.com/ershoufang/105117296224.html
黄江碧桂园二期装修三房带租约！,"碧桂园翡翠山二期 , 黄江镇",3室2厅,94.01平米,西,简装,低楼层(共34层) ,,板塔结合,100 万,10638 元,0,,,VR看装修 | 房本满五年 | 随时看房,https://dg.lianjia.com/ershoufang/105115094411.html
位置安静 视野好 户型方正 满五唯一 全屋定制,"光大山湖城 , 大岭山镇",3室2厅,99.1平米,北,精装,低楼层(共33层) ,,塔楼,118 万,11908 元,0,,,VR房源 | 房本满五年,https://dg.lianjia.com/ershoufang/105122143305.html
御江1号全屋定制四房 满五唯一 无个税 看房方便,"御江1号 , 横沥镇",4室2厅,142.19平米,南,精装,中楼层(共29层) ,,塔楼,220 万,15473 元,1,,,VR看装修,https://dg.lianjia.com/ershoufang/105120395388.html
恒大二期，中高楼层，视野好，双阳台户型可看房,"恒大江湾 , 望牛墩镇",3室2厅,120.53平米,南 北,,高楼层(共16层) ,,塔楼,90 万,7468 元,0,,,VR看装修,https://dg.lianjia.com/ershoufang/105119029077.html
房子户型方正，南北对流，中高楼层,"保利心语花园 , 寮步",3室2厅,105.56平米,南 北,,中楼层(共28层) ,,塔楼,165 万,15631 元,0,,,VR看装修 | 房本满五年 | 随时看房,https://dg.lianjia.com/ershoufang/105121824065.html
户型方正光线明亮业主诚心卖看房方便,"保利心语花园 , 寮步",3室1厅,99.68平米,南,,低楼层(共27层) ,,板塔结合,152 万,15249 元,0,,6天以前发布,VR房源 | 房本满两年 | 随时看房,https://dg.lianjia.com/ershoufang/105122501724.html
厚街万科金域国际精装三房满五唯一业主诚意出售,"万科金域国际 , 厚街镇",3室2厅,97.3平米,东北,精装,高楼层(共32层) ,,板塔结合,132 万,13567 元,2,,,VR看装修 | 房本满五年 | 随时看房,https://dg.lianjia.com/ershoufang/105122086982.html
盛和新都会精装两房出售，房子装修保养很好，看房方便,"盛和新都会 , 清溪镇",2室2厅,76.71平米,南,精装,16层 ,,板塔结合,80 万,10429 元,7,,,VR看装修 | 随时看房,https://dg.lianjia.com/ershoufang/105107832009.html
天虹商圈 万科物业 精装大4房，地铁口、朝向、楼层好,"万科紫台 , 地标",4室2厅,189.52平米,东,精装,低楼层(共26层) ,,塔楼,320 万,16885 元,2,,,VR房源 | 房本满两年 | 随时看房,https://dg.lianjia.com/ershoufang/105119826347.html
房子保养好采光充足视野宽阔高楼层,"南部湾万科城 , 大宁",3室2厅,96.81平米,南 西南,精装,41层 ,,塔楼,155 万,16011 元,0,,,VR看装修 | 房本满五年 | 随时看房,https://dg.lianjia.com/ershoufang/105118541012.html
花样年华高层无欠款大单间诚意出售 通风采光明亮,"花样年华 , 主山",1室0厅,39.44平米,北,简装,中楼层(共22层) ,,板塔结合,32 万,8114 元,2,,,近地铁 | VR看装修 | 房本满五年,https://dg.lianjia.com/ershoufang/105113964023.html
祥利上城二期标准大三房看花园红本在手不欠钱,"祥利花园 , 凤岗镇",3室2厅,88.38平米,南,,25层 ,,板塔结合,120 万,13578 元,0,,14天以前发布,VR房源 | 房本满五年,https://dg.lianjia.com/ershoufang/105122416769.html
凯旋城南北通透三房，高层，视野开阔，位置安静，诚售,"中信凯旋城 , 东泰",3室2厅,123.3平米,南 北,简装,11层 ,,板塔结合,270 万,21898 元,1,,,VR看装修 | 房本满五年 | 随时看房,https://dg.lianjia.com/ershoufang/105119314385.html
阳光粤港 户型方正采光好 带大院子配套完善,"阳光粤港 , 横沥镇",2室1厅,62.76平米,东南,简装,11层 ,,板塔结合,62 万,9879 元,0,,17天以前发布,VR房源 | 房本满五年,https://dg.lianjia.com/ershoufang/105122378321.html
未来世界二期 复式1房，简约风格全新装修可拎包入住,"未来世界花园 , 西平",1室1厅,52.63平米,东南,精装,中楼层(共17层) ,,板楼,81.8 万,15543 元,3,,,近地铁 | VR房源 | 房本满五年 | 随时看房,https://dg.lianjia.com/ershoufang/105112923903.html
此房在小区中间位置，视野开阔，小区环境好，出行方便,"中熙玖颂江湾 , 石碣镇",4室2厅,115.07平米,南,,高楼层(共32层) ,,塔楼,155 万,13471 元,1,,,VR看装修 | 房本满两年 | 随时看房,https://dg.lianjia.com/ershoufang/105114948270.html
此房满五，楼层好，采光好，视野好，朝南向。,"南部湾万科城 , 大宁",2室1厅,61.93平米,东南,精装,8层 ,,板楼,97 万,15663 元,0,,26天以前发布,VR房源 | 房本满五年 | 随时看房,https://dg.lianjia.com/ershoufang/105122306211.html
碧桂园4房出售 开发商装修标准 中高层视野好,"茶山碧桂园 , 茶山镇",4室2厅,134.46平米,南 北,精装,中楼层(共29层) ,,塔楼,155 万,11528 元,0,,,VR看装修 | 房本满五年 | 随时看房,https://dg.lianjia.com/ershoufang/105119411115.html
虎门万科城 横厅06户型 全屋定制 ，满五年，正看小区,"南部湾万科城 , 大宁",3室2厅,96.72平米,东南,精装,高楼层(共26层) ,,塔楼,168 万,17370 元,0,,,VR房源 | 随时看房,https://dg.lianjia.com/ershoufang/105121954918.html
价格实惠，精装两房，美女一手房,"卓越弥敦道 , 石碣镇",2室1厅,34.47平米,南,精装,高楼层(共18层) ,,塔楼,29 万,8414 元,1,,,,https://dg.lianjia.com/ershoufang/105118963244.html
锦绣半山业主诚心出售双阳台3＋1户型,"锦绣半山 , 黄河中心",3室2厅,121.03平米,东,,中楼层(共17层) ,,塔楼,138 万,11403 元,0,,,VR房源 | 房本满五年,https://dg.lianjia.com/ershoufang/105121810324.html
房子户型方正，边位户，采光通风效果好，安静舒适..,"虎门国际公馆 , 新联",3室2厅,135平米,东南,,高楼层(共17层) ,,塔楼,195 万,14445 元,2,,,VR看装修 | 房本满五年 | 随时看房,https://dg.lianjia.com/ershoufang/105114569607.html
连升豪庭 中高楼层 装修漂亮 诚意出售,"连升豪庭 , 万达",2室1厅,75.46平米,南,简装,中楼层(共22层) ,,塔楼,115 万,15240 元,0,,,VR看装修 | 房本满五年,https://dg.lianjia.com/ershoufang/105119704875.html
天骄峰景 毛坯复式四房 东南向采光通风好安静 急售！,"天骄峰景B区 , 石井",4室2厅,78.63平米,东南,毛坯,低楼层(共17层) ,,板塔结合,260 万,33067 元,3,,,VR房源 | 房本满五年 | 随时看房,https://dg.lianjia.com/ershoufang/105110682451.html
保利红珊瑚花园 2房1卫  精装 保养好,"保利红珊瑚花园 , 松山湖",2室1厅,79.66平米,北,简装,低楼层(共16层) ,,塔楼,230 万,28873 元,0,,,VR看装修 | 房本满五年 | 随时看房,https://dg.lianjia.com/ershoufang/105117739971.html
镇 中 心 精 装 三 房 免 增 值 税，随 时 看 房,"爱都花园 , 樟木头镇",3室1厅,65平米,南,精装,高楼层(共32层) ,,塔楼,32.8 万,5047 元,33,,,VR看装修 | 房本满五年 | 随时看房,https://dg.lianjia.com/ershoufang/105107110062.html
4房精装修 全新未入住  可观海景  格局未动 产权清晰,"碧海云天 , 沙田镇",4室2厅,136.62平米,南,精装,中楼层(共32层) ,,,140 万,10248 元,0,,,VR看装修 | 房本满两年 | 随时看房,https://dg.lianjia.com/ershoufang/105120070569.html
天虹商圈 住宅单间 70年产权 15%首付,"地标大厦 , 地标",1室1厅,58.51平米,东,简装,低楼层(共24层) ,,塔楼,38 万,6495 元,0,,,VR看装修 | 房本满五年,https://dg.lianjia.com/ershoufang/105117953843.html
横厅三房二卫精装修大大阳台三个卧室都可观海产权清晰,"碧海云天 , 沙田镇",3室2厅,119.56平米,南,精装,高楼层(共32层) ,,塔楼,130 万,10874 元,1,,,VR看装修 | 房本满两年 | 随时看房,https://dg.lianjia.com/ershoufang/105119931152.html
城区 繁华地段 优选小户型 轻松置业无压力,"富洋楼 , 花园新村",1室1厅,41.17平米,东,简装,8层 ,,板塔结合,19 万,4616 元,2,,,VR看装修 | 房本满五年 | 随时看房,https://dg.lianjia.com/ershoufang/105121650186.html
御河湾花园 3室2厅 东 西,"御河湾花园 , 横沥镇",3室2厅,93.68平米,东 西,精装,高楼层(共32层) ,,板塔结合,118 万,12597 元,0,,,VR看装修 | 房本满五年 | 随时看房,https://dg.lianjia.com/ershoufang/105119805881.html
东南朝向 户型方正，楼层好，随时可看房,"盛和雅颂花园 , 横沥镇",3室2厅,96平米,南,毛坯,31层 ,,板塔结合,103 万,10730 元,0,,,VR看装修 | 房本满五年 | 随时看房,https://dg.lianjia.com/ershoufang/105119038844.html
看别墅，全新未入住好房，视野好无遮挡,"万科东新翡翠松湖 , 寮步",3室2厅,93.54平米,西南,精装,高楼层(共32层) ,,塔楼,169 万,18068 元,1,,,VR看装修 | 房本满两年 | 随时看房,https://dg.lianjia.com/ershoufang/105121903577.html
万科金色悦府 3室2厅 南,"万科金色悦府 , 宵边",3室2厅,97.42平米,南,,32层 ,,板塔结合,218 万,22378 元,0,,,VR看装修 | 房本满五年 | 随时看房,https://dg.lianjia.com/ershoufang/105120142069.html
富民花园 2室1厅 南,"富民花园 , 太平广场",2室1厅,81.77平米,南,,高楼层(共13层) ,,板塔结合,68 万,8317 元,0,,8天以前发布,VR房源 | 房本满五年 | 随时看房,https://dg.lianjia.com/ershoufang/105122486838.html
丰泰裕田花园2房 满五唯一 看房方便,"丰泰裕田花园 , 大宁",2室1厅,84.27平米,北,精装,中楼层(共18层) ,,板塔结合,82 万,9731 元,2,,,VR看装修 | 房本满五年,https://dg.lianjia.com/ershoufang/105119993317.html
南城鸿福路口地铁口两房 业主诚意出售,"天诚康桥华苑 , 鸿福路口",2室1厅,64.11平米,南,简装,低楼层(共19层) ,,板楼,67 万,10451 元,2,,,VR房源 | 房本满五年 | 随时看房,https://dg.lianjia.com/ershoufang/105118522531.html
望景台三房二厅二卫精装出售业主自住保养好,"石竹山水园望景台 , 桥头镇",3室2厅,91.28平米,南,精装,高楼层(共17层) ,,塔楼,110 万,12051 元,2,,,VR看装修 | 房本满五年 | 随时看房,https://dg.lianjia.com/ershoufang/105119127168.html
高层朝南房子保养好 带采光充足交通便利.无个税。,"嘉盈名苑 , 东坑镇",2室2厅,63.11平米,南,简装,中楼层(共25层) ,,板塔结合,55 万,8715 元,1,,,VR看装修 | 房本满五年 | 随时看房,https://dg.lianjia.com/ershoufang/105120486088.html
石龙新城区龙城国际两房业主诚意出售,"龙城国际 , 石龙镇",2室2厅,81.04平米,东南,精装,中楼层(共30层) ,,板塔结合,68 万,8391 元,1,,,VR看装修 | 房本满五年 | 随时看房,https://dg.lianjia.com/ershoufang/105117954514.html
业主诚意出售，户型方正，带装修三房,"嘉湖山庄 , 寮步",3室2厅,92平米,南,简装,中楼层(共7层) ,,塔楼,50 万,5435 元,3,,,VR看装修 | 房本满五年 | 随时看房,https://dg.lianjia.com/ershoufang/105111694813.html
金地湖山大境二期 中高楼层 大四房 坐北朝南 看湖景,"金地湖山大境二期 , 黄江镇",4室2厅,152.84平米,南,精装,20层 ,,板塔结合,198 万,12955 元,0,,,VR看装修 | 房本满五年,https://dg.lianjia.com/ershoufang/105116829405.html
中信阳光澳园朝南户型 业主诚意出售,"中信阳光澳园 , 东泰",3室2厅,133.12平米,南,,中楼层(共11层) ,,板塔结合,205 万,15400 元,0,,,VR房源 | 房本满五年,https://dg.lianjia.com/ershoufang/105120718416.html
纳帕溪谷一期四房出售 中间楼层 业主诚意,"广源纳帕溪谷 , 茶山镇",4室2厅,129.93平米,东南,,26层 ,,塔楼,165 万,12700 元,1,,,VR看装修 | 房本满五年 | 随时看房,https://dg.lianjia.com/ershoufang/105121763131.html
百悦尚城4房 通地库 中楼层 满五唯一 业主诚意出售,"百悦尚城一期 , 南城车站",4室2厅,136.78平米,南,精装,中楼层(共10层) ,,板塔结合,250 万,18278 元,0,,,近地铁 | VR看装修 | 房本满五年,https://dg.lianjia.com/ershoufang/105122110683.html
楼层采光和通风好，居住舒适 诚心出售,"明珠广场 , 中心",4室2厅,137.82平米,北,精装,低楼层(共29层) ,,塔楼,218 万,15818 元,3,,,VR看装修 | 房本满五年 | 随时看房,https://dg.lianjia.com/ershoufang/105121365553.html
高层单位看园景 满五年无欠款 精装修拎包入住,"世纪城玫瑰公馆 , 西平",3室2厅,80.7平米,东南,精装,高楼层(共17层) ,,塔楼,165 万,20447 元,0,,,VR看装修 | 房本满五年,https://dg.lianjia.com/ershoufang/105120967903.html
保利二期 3房2厅2卫 满五唯一,"保利生态城褐石小镇 , 樟木头镇",3室2厅,119.2平米,东,精装,低楼层(共11层) ,,板塔结合,125 万,10487 元,0,,,VR看装修 | 房本满五年 | 随时看房,https://dg.lianjia.com/ershoufang/105121412759.html
新世纪颐龙湾四期  朝南三房两卫  高层看花园,"新世纪颐龙湾 , 高埗镇",3室2厅,108.82平米,南,毛坯,高楼层(共18层) ,,板塔结合,135 万,12406 元,4,,,VR看装修 | 房本满五年 | 随时看房,https://dg.lianjia.com/ershoufang/105110687418.html
万科精装4房 户型实用 方正 南向高楼层 满五唯一,"万科金域华府一期 , 石竹",4室2厅,102.33平米,东,精装,26层 ,,板塔结合,315 万,30783 元,0,,29天以前发布,VR房源 | 房本满五年 | 随时看房,https://dg.lianjia.com/ershoufang/105122274783.html
莞城户口！老城区位置好！采光好！楼层低！看房方便的,"市桥路 , 莞城",3室2厅,100平米,东南,简装,中楼层(共7层) ,,,98 万,9800 元,0,,,VR看装修 | 房本满五年 | 随时看房,https://dg.lianjia.com/ershoufang/105120980137.html
格林小城通车库3房 朝南双阳台对流通风好,"金地格林小城 , 西平",3室1厅,117.11平米,西南,简装,中楼层(共11层) ,,板塔结合,208 万,17762 元,0,,,VR看装修 | 房本满五年 | 随时看房,https://dg.lianjia.com/ershoufang/105121747784.html
大岭山地铁口50米精装朝南三房诚心出售,"金地格林上院 , 大岭山镇",3室2厅,94.47平米,南,精装,低楼层(共18层) ,,塔楼,118 万,12491 元,4,,,VR房源 | 房本满两年 | 随时看房,https://dg.lianjia.com/ershoufang/105121320243.html
虎门锦绣花园 大三房  高层视野采光好,"锦绣半山 , 黄河中心",3室2厅,126.66平米,东南,精装,高楼层(共17层) ,,塔楼,140 万,11054 元,8,,,VR看装修 | 房本满五年 | 随时看房,https://dg.lianjia.com/ershoufang/105112001551.html
户型方正，东南朝向，视野无遮挡，光线好,"江滨花园五期 , 华南摩尔",2室2厅,71.85平米,东南,精装,中楼层(共8层) ,,塔楼,63 万,8769 元,0,,,VR房源 | 房本满五年 | 随时看房,https://dg.lianjia.com/ershoufang/105122009880.html
君汇半岛一线江景四房诚意出售带大弧形阳台,"君汇半岛 , 道滘镇",4室2厅,107.62平米,东北,毛坯,28层 ,,板楼,109 万,10129 元,0,,,VR看装修 | 房本满五年 | 随时看房,https://dg.lianjia.com/ershoufang/105120414114.html
小区在万达商圈内，楼层适中，阳台朝南，诚心出售,"美景花园 , 万达",4室2厅,161.73平米,东南,简装,中楼层(共12层) ,,板塔结合,137 万,8471 元,0,,,VR房源 | 随时看房,https://dg.lianjia.com/ershoufang/105122192845.html
7米长大阳台，还是朝南向，采光视野好，欢迎来砍价,"江南第一城 , 宏远北",4室2厅,113.21平米,南 北,精装,高楼层(共27层) ,,板塔结合,238 万,21023 元,0,,,VR看装修 | 房本满五年 | 随时看房,https://dg.lianjia.com/ershoufang/105118939979.html
水系景观优美  3+1 大户型 视野好 单证,"东田翠湖湾 , 常平镇",4室1厅,223.17平米,东南,简装,中楼层(共16层) ,,板塔结合,250 万,11203 元,3,,,VR房源 | 房本满五年 | 随时看房,https://dg.lianjia.com/ershoufang/105112880892.html
达鑫江滨新城精装大三房，朝南看花园，视野开阔,"达鑫江滨新城 , 石碣镇",3室2厅,123.14平米,南,精装,中楼层(共33层) ,,板楼,158 万,12831 元,3,,,VR看装修 | 房本满五年 | 随时看房,https://dg.lianjia.com/ershoufang/105119470195.html
"全新装修,没欠款,户型方正，朝向采光好","嘉富大厦 , 花园新村",2室2厅,65.35平米,南,精装,高楼层(共6层) ,,,34 万,5203 元,1,,,VR看装修 | 房本满两年 | 随时看房,https://dg.lianjia.com/ershoufang/105120112130.html
步行街广场花园，正南三房，视野景观好，诚意出售,"太平广场花园 , 太平广场",3室2厅,95平米,南,简装,中楼层(共32层) ,,塔楼,69 万,7264 元,0,,,VR房源 | 房本满五年 | 随时看房,https://dg.lianjia.com/ershoufang/105117551051.html
东城新世纪河畔广场电梯一房 精装修 看房方便,"新世纪河畔广场 , 花园新村",1室1厅,55.72平米,西北,精装,低楼层(共17层) ,,板楼,43 万,7718 元,0,,23天以前发布,VR房源 | 房本满五年 | 随时看房,https://dg.lianjia.com/ershoufang/105122330552.html
业主诚意出售 带自住装修 客厅出阳台 看花园，无欠款,"祥利花园 , 凤岗镇",3室2厅,82.56平米,南,精装,17层 ,,板塔结合,98 万,11871 元,5,,,VR房源 | 房本满两年,https://dg.lianjia.com/ershoufang/105121759873.html
户型方正，楼层好，正南朝向，小区密度低，绿化高,"碧桂园天麓山二期 , 塘厦镇",3室1厅,89.88平米,东北,简装,28层 ,,板塔结合,92 万,10236 元,2,,,VR房源 | 房本满五年 | 随时看房,https://dg.lianjia.com/ershoufang/105118912542.html
凯旋湾花园，精装大三房，可拎包入住，中高楼层,"世纪城凯旋湾花园 , 石排镇",3室2厅,108.83平米,东南,精装,中楼层(共17层) ,,板塔结合,108 万,9924 元,0,,,VR看装修 | 房本满五年,https://dg.lianjia.com/ershoufang/105118749077.html
松湖精装3房 中间楼层 业主诚心出售,"松湖时代 , 大朗镇",3室2厅,87.55平米,南,精装,17层 ,,塔楼,110 万,12565 元,0,,,VR看装修 | 房本满两年 | 随时看房,https://dg.lianjia.com/ershoufang/105120581697.html
中惠沁林山庄  电梯高层毛坯三房  中间楼层采光通透,"中惠沁林山庄 , 大岭山镇",3室2厅,126.76平米,东南,毛坯,中楼层(共25层) ,,板楼,110 万,8678 元,0,,,VR看装修 | 房本满五年 | 随时看房,https://dg.lianjia.com/ershoufang/105117846172.html
东坑次新小区 楼下大润发 精装3房2卫 业主自住视野好,"和昌拾里松湖 , 东坑镇",3室2厅,94.78平米,东南,精装,中楼层(共29层) ,,板塔结合,135 万,14244 元,0,,,VR看装修 | 房本满两年 | 随时看房,https://dg.lianjia.com/ershoufang/105115012251.html
